NaN,NaN,NaN,NaN,NaN,NaN,NaN,NaN,NaN,NaN,NaN,NaN,NaN,NaN,NaN,NaN,NaN,NaN,NaN,NaN,NaN,NaN,NaN,NaN,NaN,NaN,NaN,NaN,NaN,NaN,NaN,NaN,NaN,NaN,NaN,NaN,NaN,NaN,NaN,NaN,NaN,NaN,NaN,NaN,NaN,NaN,NaN,NaN,NaN,NaN,NaN,NaN,NaN,NaN,NaN,NaN,NaN,NaN,NaN,NaN,NaN,NaN,NaN,NaN,NaN,NaN,NaN,NaN,NaN,NaN,NaN,NaN,NaN,NaN,NaN,NaN,NaN,NaN,NaN,NaN,NaN,NaN,0.0015302234821634,0.00153290433342961,0.0015308233288599,0.00152971660025412,0.00152455023659846,0.00151824463469378,0.0015114843268845,0.00150666454645472,0.00150279703329918,0.00149886107996635,0.00149299501751668,0.00148642651065608,0.00148283617209255,0.00147930490063982,0.0014759607014051,0.00147082275114738,0.00146502091600457,0.0014587699316115,0.00145317595394655,0.00144735110999249,0.00144193552139721,0.00143673812304311,0.00143231764631091,0.00143124404468477,0.0014300336569713,0.00142756251404993,0.00142489820246395,0.00142114765698508,0.00141899547968078,0.00141763521344434,0.00141590764221257,0.00141514499439546,0.0014186457334244,0.00142203736124216,0.00142385846911924,0.00142009210521117,0.00141444827297336,0.00141349722085095,0.00141486128413208,0.00141538888296988,0.00141437112516802,0.00141213934447504,0.00141111278776524,0.0014096638256214,0.00140782436739535,0.00140326062737239,0.00139603387774426,0.0013886704709598,0.00138248248737303,0.00137453767581269,0.00136438109270787,0.00135599774271917,0.00135045396540744,0.00134560421643554,0.00134034951093713,0.00133548751345599,0.00132944220983489,0.00132390201578714,0.0013201594569755,0.00131661239628777,0.00131418163997171,0.00131232298800562,0.00130968830648368,0.00130612000736545,0.00130224687559866,0.00129722325128938,0.00129077180049474,0.00128450036421122,0.0012789042123252,0.00127482738404212,0.00127176073061405,0.00126823334832538,0.00126221187881931,0.00125496316753608,0.00124819943637706,0.00124112298168593,0.00123377500392993,0.00122618752753538,0.0012187356757882,0.00121150103983393,0.00120490556810002,0.00119905831050068,0.0011945349639084,0.00119222183807226,0.0011917928130104,0.00119092796688875,0.00118953180323301,0.00118906013358304,0.00119031133604489,0.00119227418581125,0.00119446022876296,0.00119582345417265,0.00119609143992666,0.00119492263130961,0.00119197419072152,0.00118750248463151,0.00118295043204596,0.00117893628527324,0.00117553504496133,0.00117284789661602,0.0011699762603205,0.00116664961094255,0.00116370495794013,0.00116215621027991,0.00116173649294464,0.001160536018809,0.00115956652348005,0.00115851127764926,0.0011569988362294,0.00115572881258557,0.0011546208235262,0.00115396771165128,0.00115380409880277,0.00115467734979278,0.0011558598974904,0.00115656941656894,0.00115642908097543,0.00115577719277159,0.0011548155817113,0.00115400244709258,0.00115318889211215,0.00115260650362862,0.00115225066346591,0.00115198000487611,0.00115191200791058,0.00115209816697811,0.00115279487533778,0.00115400172763954,0.00115505661598932,0.00115594134493788,0.00115680524908546,0.0011575415829867,0.00115824267594045,0.00115913316589109,0.00116007172589863,0.0011611605242789,0.00116242648758121,0.00116374262062486,0.00116503758107747,0.00116641002215253,0.00116792910617099,0.00116964977533733,0.00117095697600621,0.00117176827506287,0.00117205553553449,0.0011722680578305,0.00117297878995903,0.00117385101736224,0.00117496618014397,0.00117658243620332,0.00117789548142685,0.00117891234553857,0.00117986394736469,0.00118107388450761,0.0011819020810402,0.00118218418671164,0.00118253017152449,0.00118288321506776,0.00118367538453392,0.00118523691103717,0.00118636350365799,0.00118583723177845,0.00118584186198079
NaN,NaN,NaN,NaN,NaN,NaN,NaN,NaN,NaN,NaN,NaN,NaN,NaN,NaN,NaN,NaN,NaN,NaN,NaN,NaN,NaN,NaN,NaN,NaN,NaN,NaN,NaN,NaN,NaN,NaN,NaN,NaN,NaN,NaN,NaN,NaN,NaN,NaN,NaN,NaN,NaN,NaN,NaN,NaN,NaN,NaN,NaN,NaN,NaN,NaN,NaN,NaN,NaN,NaN,NaN,NaN,NaN,NaN,NaN,NaN,NaN,NaN,NaN,NaN,NaN,NaN,NaN,NaN,NaN,NaN,NaN,NaN,NaN,NaN,NaN,NaN,NaN,NaN,NaN,NaN,NaN,NaN,0.00152831301438941,0.00153099382974053,0.00152886682064045,0.00152772971375844,0.00152254953927995,0.00151626213160376,0.00150949412690238,0.00150469834129933,0.00150082399125744,0.0014968654969221,0.00149096540249813,0.00148436924966725,0.0014807785543381,0.00147726645412444,0.00147392416209077,0.00146877133140348,0.00146295728891746,0.00145671333748689,0.00145112536103217,0.00144529027774869,0.00143985104175062,0.00143465229409493,0.00143025241845746,0.0014291765184664,0.00142794950126475,0.00142545400808846,0.00142275172496201,0.00141899904117959,0.00141687105613628,0.00141550193334801,0.00141376581708275,0.00141297804336828,0.0014164751496894,0.0014198255668561,0.00142160903691235,0.00141779569254324,0.00141213329432066,0.00141117695746036,0.00141256387183626,0.00141310318798105,0.00141208001788967,0.00140982592286591,0.00140873827504826,0.0014072217194352,0.00140533396973895,0.00140074548381145,0.00139349817577924,0.00138611792760435,0.00137990090357441,0.00137189970122282,0.00136171216399348,0.00135331407835104,0.00134777524659584,0.00134295405478485,0.00133769865589049,0.0013328085718926,0.00132672471638435,0.00132115124029791,0.00131738828164382,0.00131382593314516,0.00131139018732462,0.00130950925463282,0.00130685113581504,0.00130327575908494,0.00129937853342868,0.00129431902692201,0.00128784665456103,0.00128156694255367,0.0012759600935544,0.001271871386637,0.0012687917200245,0.00126523478995672,0.00125917688067644,0.00125189936642878,0.00124511531977213,0.00123800045264616,0.00123061605152344,0.00122300122153322,0.0012155224862262,0.00120825837636743,0.00120163870987877,0.00119577894436629,0.00119124672489635,0.00118892115515147,0.00118847144349361,0.00118757735950964,0.00118617473114895,0.00118570443062489,0.00118695619707427,0.00118891943466122,0.00119110736653427,0.00119246664648625,0.00119273147429804,0.00119156338447252,0.00118861613726784,0.00118415001300143,0.00117959217587232,0.00117556687981994,0.0011721817669747,0.00116952877152943,0.00116668399160599,0.0011633672904923,0.00116042250610803,0.00115886482857324,0.00115844086060261,0.00115724198306093,0.00115627830627272,0.00115523167800556,0.00115371347271848,0.00115243477583641,0.00115131425215711,0.00115064428495486,0.00115046666029193,0.00115133512227186,0.00115252417692974,0.00115323997541929,0.0011531011092589,0.00115244661414336,0.00115147957302351,0.00115066550672008,0.0011498601406953,0.00114929573562284,0.00114896850798267,0.00114870779246934,0.00114864314991258,0.00114883919289384,0.00114955460175214,0.00115078523884327,0.00115185393901787,0.00115274637377797,0.00115362135752018,0.00115437330914941,0.00115508579080294,0.00115599418707538,0.00115695702728408,0.00115807196814908,0.00115936640210245,0.00116071323024958,0.00116203569931911,0.00116343003837771,0.00116496459679511,0.00116670100176631,0.00116802726216992,0.00116886045219357,0.00116916047789858,0.00116938572205705,0.00117011859935067,0.00117100715392369,0.00117213457445867,0.00117376042765666,0.00117508451392712,0.00117612067778764,0.00117710499629613,0.00117834714332725,0.00117919496270587,0.00117948893100862,0.00117983850546861,0.00118019479135056,0.00118098420296283,0.00118254876700941,0.00118364496236042,0.0011831278207167,0.00118584650464108
NaN,NaN,NaN,NaN,NaN,NaN,NaN,NaN,NaN,NaN,NaN,NaN,NaN,NaN,NaN,NaN,NaN,NaN,NaN,NaN,NaN,NaN,NaN,NaN,NaN,NaN,NaN,NaN,NaN,NaN,NaN,NaN,NaN,NaN,NaN,NaN,NaN,NaN,NaN,NaN,NaN,NaN,NaN,NaN,NaN,NaN,NaN,NaN,NaN,NaN,NaN,NaN,NaN,NaN,NaN,NaN,NaN,NaN,NaN,NaN,NaN,NaN,NaN,NaN,NaN,NaN,NaN,NaN,NaN,NaN,NaN,NaN,NaN,NaN,NaN,NaN,NaN,NaN,NaN,NaN,NaN,NaN,0.00152278583123053,0.00152358335520431,0.00152565829631231,0.00152359317428783,0.00151708192452524,0.00150998185643842,0.00150285921072344,0.00149677366907197,0.00149357150036619,0.00149064867883106,0.00148541862529868,0.00147926851760532,0.00147609588434006,0.00147394292664092,0.00147009945586238,0.00146499669532921,0.00146005570863841,0.00145421969670045,0.00144844116943476,0.00144378144529911,0.00143877654810269,0.00143387506964106,0.00142884162555221,0.00142601540344412,0.00142487757620772,0.00142344574051903,0.00142097616954662,0.00141797903665534,0.00141669689928084,0.00141514053296216,0.00141416401078409,0.00141358683614047,0.00141502723954563,0.00141704882012778,0.00141693417683655,0.00141150666429283,0.0014060704143025,0.00140369586729911,0.00140398185250195,0.00140401972829273,0.00140345743243604,0.00140373765321758,0.00140346344415376,0.00140205970322567,0.00139938968843257,0.00139413936060917,0.00138684458196824,0.00137947907072369,0.00137264242515395,0.001364989442201,0.00135643418335655,0.00134901045851199,0.00134327968624586,0.00133909091632013,0.00133485743980604,0.00132971289960986,0.0013241494547791,0.00131987639610844,0.00131605314252864,0.00131224957060015,0.00130917720633856,0.001306715142447,0.00130371555141889,0.00129985671311109,0.00129579156891363,0.00129112867620468,0.00128606177814672,0.00128016671089803,0.00127415652987157,0.00126916998367559,0.00126507419362498,0.00126017346326504,0.00125349299006104,0.00124577537805505,0.00123848005082705,0.00123230839033854,0.00122619257041908,0.00122058166310607,0.00121506009630712,0.00120895549672598,0.00120295024199829,0.0011976898506864,0.0011933981634073,0.00119084659602113,0.00118964738038342,0.00118895468744634,0.00118829342484454,0.00118706812164003,0.00118597511192288,0.00118547469395802,0.00118555121982755,0.00118541972828217,0.00118471465083242,0.00118323171532484,0.00118044432295877,0.00117686834256721,0.00117288278130531,0.00116916112411783,0.00116635577658147,0.0011639696243857,0.00116253461068477,0.00116191731902245,0.00116061933535962,0.00115891491559275,0.00115796547058196,0.00115756610321554,0.00115744708414149,0.00115730966168741,0.00115692991942809,0.00115609641484266,0.00115470370575233,0.00115320134395288,0.00115191651957749,0.00115150847220042,0.00115185973772319,0.00115275700877591,0.00115317375130969,0.00115291397139038,0.00115244200355807,0.00115181019747571,0.00115096125412955,0.00115014559085979,0.00114994143708697,0.00115013838894962,0.00115020984028869,0.0011500821673298,0.00114991298296549,0.00115027113991652,0.00115107597262161,0.00115181136032017,0.00115237330931631,0.00115281103228826,0.0011535546708519,0.00115442632005912,0.00115539400751149,0.0011566288387895,0.00115793514733202,0.00115926586576065,0.00116052666654464,0.00116194801256618,0.00116345300183751,0.00116494807963959,0.00116613038312953,0.00116680958136544,0.00116709203941799,0.00116739784157545,0.00116789829641999,0.0011686558223793,0.00116957655072031,0.00117067268056926,0.00117218374114369,0.00117361773469482,0.00117504050516034,0.00117656009141841,0.00117777327086688,0.00117851161788285,0.00117890961507314,0.00117920667711587,0.00117957342299713,0.00118041393648888,0.00118060383482372,0.00117886778358428,0.00118154649227772
NaN,NaN,NaN,NaN,NaN,NaN,NaN,NaN,NaN,NaN,NaN,NaN,NaN,NaN,NaN,NaN,NaN,NaN,NaN,NaN,NaN,NaN,NaN,NaN,NaN,NaN,NaN,NaN,NaN,NaN,NaN,NaN,NaN,NaN,NaN,NaN,NaN,NaN,NaN,NaN,NaN,NaN,NaN,NaN,NaN,NaN,NaN,NaN,NaN,NaN,NaN,NaN,NaN,NaN,NaN,NaN,NaN,NaN,NaN,NaN,NaN,NaN,NaN,NaN,NaN,NaN,NaN,NaN,NaN,NaN,NaN,NaN,NaN,NaN,NaN,NaN,NaN,NaN,NaN,NaN,NaN,NaN,0.00151966052076905,0.00151694288404307,0.00151900303276994,0.00151758670756164,0.00151210108165505,0.00150747747986307,0.00150040695544599,0.0014947770450372,0.00149197994754837,0.00148951042151965,0.00148434835935209,0.00147936384346045,0.00147720378339433,0.00147499315517214,0.00147121328592443,0.00146741418299227,0.00146289388905274,0.00145666665610869,0.00145201145192492,0.00144730748589691,0.00144161243619053,0.00143688924720748,0.00143247820162273,0.00142691853448787,0.00142353873853663,0.00142182170605753,0.00142064138504239,0.00141996128510504,0.0014196580754449,0.00141656862824809,0.00141271274795205,0.00141012060637577,0.00141116817215141,0.0014139957577106,0.00141326864170538,0.0014079038393689,0.00140279532407373,0.00139853270376874,0.00139660627681193,0.00139678434784729,0.0013984991880064,0.0013996159903457,0.00139789290766335,0.00139536858458066,0.00139264308604901,0.0013881071849979,0.00138116028292569,0.00137279100451372,0.00136446245631342,0.00135574391646564,0.00134752159233795,0.00134087368090959,0.00133563261264738,0.00133143698916141,0.00132682063965777,0.00132140938506743,0.00131605913632281,0.00131102889761119,0.00130604134745142,0.00130118876101993,0.00129630896463063,0.00129160467121522,0.0012871104164458,0.00128265026250435,0.0012784295670663,0.0012740880789738,0.00126870570785035,0.00126295271686628,0.00125755766512149,0.00125260458862264,0.00124801367160279,0.00124393051950187,0.00123963672788018,0.00123522814454789,0.0012302781804629,0.00122436409801378,0.00121822614517017,0.00121140348790017,0.00120587116914225,0.00120164083368005,0.00119854194376696,0.00119602278564702,0.00119352608582191,0.00119127704945161,0.00118868458671498,0.00118628678072362,0.00118451291631867,0.00118288772767713,0.00118100887886418,0.00117898885962222,0.00117777001001814,0.00117672339239755,0.00117442261367061,0.00117169589018077,0.00116966191631169,0.00116794961380014,0.00116609664985225,0.00116339900556863,0.00116008478188423,0.00115753631248891,0.00115591509588076,0.0011548115047478,0.00115487429694946,0.00115474663935423,0.00115433900808058,0.00115390487424022,0.00115364396506173,0.00115362083737853,0.00115327843054236,0.00115238016653303,0.00115081651218848,0.00114924546251879,0.00114784207017798,0.00114726494078188,0.00114741102648153,0.0011482738072202,0.00114955081970718,0.00115030949646339,0.00115041565228838,0.00114971165448063,0.00114855280590573,0.00114745574503754,0.00114694646012904,0.00114709420004355,0.00114736926339146,0.0011473420634913,0.00114729123131321,0.00114733547664921,0.00114760522078416,0.00114816143102672,0.00114864739464425,0.00114882759443408,0.00114901375763438,0.00114953648140123,0.00115008804907703,0.00115122427148154,0.00115284847850633,0.0011546946631556,0.00115641890596026,0.00115793371575287,0.00115957980506132,0.00116122582838463,0.00116252794040998,0.0011632142593603,0.00116371658535909,0.00116415356301684,0.00116464584347404,0.00116523842414507,0.00116602053227202,0.00116708737084404,0.00116837144606785,0.00116969588071347,0.00117119136895692,0.00117320171483572,0.00117516553810516,0.00117647622924197,0.00117729307982462,0.00117793649719734,0.00117865149095034,0.00117949266478054,0.00117921667915107,0.00117761296757148,0.00118028987684473
NaN,NaN,NaN,NaN,NaN,NaN,NaN,NaN,NaN,NaN,NaN,NaN,NaN,NaN,NaN,NaN,NaN,NaN,NaN,NaN,NaN,NaN,NaN,NaN,NaN,NaN,NaN,NaN,NaN,NaN,NaN,NaN,NaN,NaN,NaN,NaN,NaN,NaN,NaN,NaN,NaN,NaN,NaN,NaN,NaN,NaN,NaN,NaN,NaN,NaN,NaN,NaN,NaN,NaN,NaN,NaN,NaN,NaN,NaN,NaN,NaN,NaN,NaN,NaN,NaN,NaN,NaN,NaN,NaN,NaN,NaN,NaN,NaN,NaN,NaN,NaN,NaN,NaN,NaN,NaN,NaN,NaN,0.00151491904489679,0.00151226445064594,0.00151379237088394,0.00151316826149635,0.00150967121492948,0.00150560988202862,0.00150106171690117,0.00149701459776233,0.00149352493082167,0.00149103984190089,0.0014862571567825,0.0014824177854692,0.00147902321396051,0.00147614753145313,0.00147259855247011,0.00146977434988107,0.00146468535368858,0.00145899739176069,0.00145584534011702,0.00145065098784316,0.00144383103723709,0.00143878799161656,0.00143459870360388,0.00142792415627674,0.00142104523572798,0.00141887935039265,0.00141931282618386,0.00141881881983425,0.00141839664958778,0.00141454482427856,0.00140946438139,0.00140671120324449,0.00140752632915648,0.00140982087995726,0.00140804908847358,0.00140297201828867,0.00139893826919484,0.00139458959283284,0.00139164086595486,0.00139180718269818,0.00139270599936737,0.00139217415619092,0.00139002888134056,0.00138738797295003,0.00138472852826994,0.0013807675186636,0.00137504965327655,0.00136653392383151,0.00135666028432385,0.00134681126213107,0.00133834497102324,0.00133128730385371,0.00132550344374581,0.00132043142604743,0.00131574812467161,0.00131084315508646,0.00130546653994512,0.00130046655895262,0.00129578348388711,0.00129021489919472,0.00128436392761422,0.00127898486192225,0.00127387955651549,0.00126897994327,0.00126469999088191,0.00126063145024211,0.00125564729375886,0.00125018192099476,0.00124468780303729,0.00123904847572647,0.0012340128455301,0.00122930813231713,0.00122545186622731,0.00122233751034605,0.00121904338345406,0.00121499577476953,0.00120977793479148,0.00120442112393815,0.00119907504776251,0.00119437938501934,0.00119143983276241,0.00119008430212279,0.00118913484573914,0.00118802425272343,0.0011863627764519,0.00118339952842915,0.00118000536173313,0.00117717021723805,0.00117495213143966,0.00117232447514639,0.00116952179792102,0.00116706311521402,0.00116457755467597,0.00116219142388278,0.00115963200171005,0.00115789243708547,0.00115710084356538,0.00115565961292295,0.00115357315162135,0.00115147351294832,0.00115050760338676,0.00114973828905293,0.00114891658450328,0.0011487847128282,0.00114834229774962,0.00114783303899145,0.00114795962855289,0.00114848725879011,0.00114868008956989,0.00114840998295003,0.00114745210063093,0.00114640732053445,0.00114560655508853,0.00114478314610003,0.00114424751848833,0.00114439118430554,0.00114478890931902,0.00114504188610429,0.00114505386229028,0.00114465904709815,0.00114385477586026,0.00114282171619073,0.00114202802873784,0.00114182384610884,0.00114213440689747,0.00114276243302625,0.0011435071510438,0.00114427552141089,0.00114492933100574,0.00114533747982815,0.00114558043234297,0.00114568418932631,0.00114549717867625,0.00114539515156891,0.00114580228999987,0.00114689486964774,0.00114823787005337,0.00114980059434171,0.00115144722861192,0.00115296919838186,0.0011545476986408,0.00115607852439447,0.00115751304555039,0.00115881455595578,0.00116009342284584,0.00116122772132488,0.00116203019754601,0.00116244518615926,0.00116291005680876,0.00116374984624476,0.00116464033107684,0.00116589039084099,0.0011677093264017,0.00116946106439654,0.00117152401617119,0.00117360554686484,0.0011754274964463,0.00117695125164939,0.00117790365075622,0.00117852552291796,0.00117872639802078,0.00117811952880385,0.00118081242715095
NaN,NaN,NaN,NaN,NaN,NaN,NaN,NaN,NaN,NaN,NaN,NaN,NaN,NaN,NaN,NaN,NaN,NaN,NaN,NaN,NaN,NaN,NaN,NaN,NaN,NaN,NaN,NaN,NaN,NaN,NaN,NaN,NaN,NaN,NaN,NaN,NaN,NaN,NaN,NaN,NaN,NaN,NaN,NaN,NaN,NaN,NaN,NaN,NaN,NaN,NaN,NaN,NaN,NaN,NaN,NaN,NaN,NaN,NaN,NaN,NaN,NaN,NaN,NaN,NaN,NaN,NaN,NaN,NaN,NaN,NaN,NaN,NaN,NaN,NaN,NaN,NaN,NaN,NaN,NaN,NaN,NaN,0.00151130032468516,0.00151067842698889,0.00151265221582094,0.00151136921941832,0.00150844264675403,0.00150439135877709,0.00150262115070449,0.00149809357181741,0.00149532837626469,0.00149238012524229,0.00148752074743967,0.0014837339950529,0.00147937469231155,0.00147650904156533,0.00147335468981441,0.00147041725419223,0.00146561549295706,0.0014613737863135,0.0014576494420899,0.00145182738215496,0.00144490895134272,0.00143966437330873,0.0014348070032737,0.00142764178644347,0.00141912048369436,0.00141559351656573,0.00141561119470041,0.00141467769797406,0.00141373522119467,0.00141089590466912,0.0014072517289356,0.00140449626313616,0.00140428612272936,0.00140528732442109,0.00140304509933966,0.00139936772852403,0.00139643699906703,0.00139178425858443,0.00138800946410599,0.00138778737107369,0.00138817445196303,0.00138624905140778,0.00138265995935533,0.00137925586596539,0.00137698606411349,0.00137392322671363,0.00136784114688501,0.00135901814228998,0.00134884248129485,0.00133843181480172,0.00132929154406482,0.0013213918467303,0.00131518481621784,0.00131016753041256,0.00130521319477213,0.0013000869094074,0.0012950136537524,0.00129050465961646,0.00128524940702076,0.00127873134263121,0.00127233162546777,0.00126630037146669,0.00126093086532503,0.00125612275797159,0.00125176483320964,0.00124754190006643,0.00124342330210492,0.00123828510071022,0.00123235331379136,0.00122635836668159,0.00122076972293775,0.00121626295380479,0.00121262360418575,0.00120925566147462,0.00120592468446869,0.00120263371332587,0.00119890034851213,0.00119447495760432,0.00119011984743683,0.00118695155394455,0.00118387164874497,0.00118157456931647,0.00118043094346978,0.00117977653105176,0.00117793108629003,0.00117563048174152,0.00117296026651621,0.00116970548111235,0.00116629409804647,0.00116345877330946,0.00116023550656009,0.00115653385543543,0.00115371604737079,0.00115161937022973,0.00115015925977163,0.00114830401225719,0.00114590171422898,0.00114410665132125,0.00114287168171071,0.0011415948104615,0.00114088610777763,0.00114069547196452,0.00114041292150334,0.00114000660830542,0.00113993955883257,0.00113997534503894,0.00114017210931026,0.00114055737739032,0.00114075828643082,0.00114118233238339,0.00114148649219261,0.00114140473539458,0.00114055776700562,0.0011399355979746,0.00113981434217454,0.00113991079333343,0.00114009196523276,0.00114034758574012,0.00114076481678724,0.0011407761686194,0.00114032940432399,0.00113955027413148,0.00113880618103174,0.00113823995827489,0.00113803649548919,0.00113844205208571,0.00113916823180882,0.00113999054557445,0.00114082088454437,0.00114152948437954,0.00114201590481167,0.00114234331150486,0.00114239492700598,0.00114220440782046,0.00114221047856578,0.00114297482528158,0.00114440042236958,0.00114581607896602,0.00114725466849325,0.00114880934188983,0.00115002120255289,0.00115107697144266,0.00115267650545589,0.00115423060323505,0.00115590091238125,0.00115738943541532,0.00115847069022054,0.00115909191936298,0.00115961063073663,0.0011602914137579,0.00116155507805362,0.00116328030154152,0.00116507131617651,0.00116684264229228,0.00116850394507939,0.00117026297344945,0.00117247688454445,0.00117441457729692,0.00117587231101972,0.00117689956240915,0.00117718626751638,0.00117691407659259,0.00117962707878738
NaN,NaN,NaN,NaN,NaN,NaN,NaN,NaN,NaN,NaN,NaN,NaN,NaN,NaN,NaN,NaN,NaN,NaN,NaN,NaN,NaN,NaN,NaN,NaN,NaN,NaN,NaN,NaN,NaN,NaN,NaN,NaN,NaN,NaN,NaN,NaN,NaN,NaN,NaN,NaN,NaN,NaN,NaN,NaN,NaN,NaN,NaN,NaN,NaN,NaN,NaN,NaN,NaN,NaN,NaN,NaN,NaN,NaN,NaN,NaN,NaN,NaN,NaN,NaN,NaN,NaN,NaN,NaN,NaN,NaN,NaN,NaN,NaN,NaN,NaN,NaN,NaN,NaN,NaN,NaN,NaN,NaN,0.00150962679268901,0.00150841611163445,0.00151215980491596,0.00150993818412779,0.00150704955938439,0.00150268439490194,0.00150167071551793,0.00149800896036114,0.00149494110297027,0.00149191876987157,0.00148889265731778,0.00148421692100141,0.00147914300257681,0.0014757784410384,0.00147320472996386,0.00147021196743309,0.00146593269704227,0.00146289790915976,0.00145793399874029,0.00145176214254384,0.00144571093009534,0.00143969345308151,0.00143396107474218,0.00142693705214923,0.00141897975481689,0.00141433083826569,0.00141256599355732,0.00141075823517104,0.00140982225623003,0.00140912446839849,0.00140640644398542,0.00140320852442255,0.00140142712393505,0.00140194650340947,0.00140070393990484,0.00139893701354241,0.00139608382176783,0.00139109562289213,0.0013871910519663,0.0013857795576757,0.00138546605517456,0.00138261089043179,0.00137754655327818,0.00137314897663116,0.00137096615876999,0.00136780314248811,0.00136122572679298,0.00135207197812526,0.00134128416420521,0.00133034867266656,0.00132078909256777,0.00131289744978118,0.00130660314597141,0.00130162942258542,0.00129639239402707,0.001290962073906,0.00128624685566867,0.00128185395997701,0.00127584365131394,0.00126901344575587,0.00126285108553892,0.00125688486948067,0.00125127603272684,0.00124605198926531,0.00124108493767649,0.00123662650694153,0.00123226710992705,0.00122726112780216,0.00122071853172975,0.00121358841718712,0.00120727938216473,0.00120258276859079,0.00119860893580615,0.00119504024114483,0.00119229541355868,0.00118932874299929,0.00118613787827482,0.00118260327279286,0.00117825469245227,0.00117439119828015,0.00117116940284412,0.00116857560252135,0.00116681429566276,0.00116580619271382,0.00116532928259933,0.0011633979344044,0.00116100838872798,0.00115869461560419,0.00115581725221475,0.00115285128412627,0.00115056036047148,0.00114786919984418,0.00114480806081108,0.00114167077879423,0.00113925967091446,0.00113728136344506,0.00113483073884392,0.0011326735798377,0.00113170078541831,0.00113166340548548,0.00113160613751013,0.00113142905936248,0.0011312019399451,0.00113067885732599,0.00113024314006454,0.00113072256336977,0.00113156611414765,0.0011320990899235,0.00113228557469059,0.00113198176618141,0.00113199547486389,0.00113255461222425,0.00113331597903103,0.00113361528491442,0.0011336131792902,0.00113388825885064,0.00113499323980625,0.00113577620203967,0.00113583927924731,0.001135750059961,0.00113572586843582,0.0011357732775617,0.00113580017082356,0.00113549827848782,0.00113481111684895,0.0011342776723966,0.00113404133198237,0.00113398484881599,0.00113426788212739,0.00113487509289758,0.00113569557958498,0.00113688439952695,0.00113808017028308,0.00113868319013122,0.00113891298251969,0.00113922805775707,0.00114018421492509,0.00114127233418451,0.00114245513699031,0.00114384008037222,0.001145328147946,0.00114698580100056,0.00114874629625437,0.00115047598477491,0.00115187033116821,0.00115316709501423,0.0011543409872375,0.00115537604043713,0.00115607512405179,0.00115663647038656,0.00115771220100547,0.00115974855126776,0.00116213138554467,0.00116404613002332,0.00116549233481873,0.00116710264001492,0.00116912375869859,0.00117143187520372,0.00117354130703919,0.0011748316783525,0.00117492054688274,0.00117464791911663,0.00117737795384546
NaN,NaN,NaN,NaN,NaN,NaN,NaN,NaN,NaN,NaN,NaN,NaN,NaN,NaN,NaN,NaN,NaN,NaN,NaN,NaN,NaN,NaN,NaN,NaN,NaN,NaN,NaN,NaN,NaN,NaN,NaN,NaN,NaN,NaN,NaN,NaN,NaN,NaN,NaN,NaN,NaN,NaN,NaN,NaN,NaN,NaN,NaN,NaN,NaN,NaN,NaN,NaN,NaN,NaN,NaN,NaN,NaN,NaN,NaN,NaN,NaN,NaN,NaN,NaN,NaN,NaN,NaN,NaN,NaN,NaN,NaN,NaN,NaN,NaN,NaN,NaN,NaN,NaN,NaN,NaN,NaN,NaN,0.00150981322444773,0.00150776262794668,0.00150968139311086,0.00150782288313023,0.00150484210427544,0.00150249943559855,0.00150073910688933,0.0014981117900943,0.00149502216906245,0.0014921214901612,0.00148887187648187,0.00148370308381984,0.0014790550166182,0.00147619760564534,0.00147283944529974,0.00146978525394628,0.00146597242592739,0.00146272486567614,0.00145789084864922,0.00145147162821971,0.00144575514820161,0.00143985155911239,0.00143397493112227,0.00142636636651546,0.00141926420859895,0.00141474080476305,0.00141165262213905,0.00140924565990011,0.00140836648616941,0.00140849130113249,0.00140619907840592,0.00140199423347436,0.00139937779426595,0.00140034199031677,0.00140027740302222,0.00139923732845536,0.0013965302627829,0.00139136366479467,0.00138751544885455,0.00138608681520098,0.00138497668399534,0.00138123457113492,0.00137525388607018,0.00137062157428405,0.00136774038991654,0.0013632379514926,0.00135638681132301,0.00134662578341209,0.00133525258747475,0.00132441910216446,0.00131517997889333,0.00130739786218038,0.00130111751920825,0.00129522830425493,0.00128945813108488,0.00128409771089597,0.00127893332326874,0.00127369952034762,0.0012665054576511,0.00125899673297101,0.00125210493931671,0.00124593682531879,0.00123991646799086,0.00123378573374579,0.00122881464729451,0.00122450568720693,0.00121996651198081,0.00121422240752599,0.00120712022265887,0.00119947139946259,0.0011924848805962,0.00118701315583641,0.00118311866408648,0.00117973397693194,0.0011764604867448,0.00117329157434135,0.00117040557157846,0.00116652673172806,0.00116187844864795,0.00115813347771936,0.00115552656448274,0.00115328911339752,0.00115073993742293,0.00114931712452685,0.00114921378961393,0.00114936647150394,0.00114838605163214,0.00114581970215105,0.00114291222327013,0.00114059365840401,0.00113798598349809,0.0011362682983705,0.00113497399489304,0.00113250977726641,0.00112971803586668,0.00112651054513612,0.00112400750584754,0.00112167302907077,0.00112031633614919,0.00112069719273357,0.00112180567360997,0.00112250580811872,0.00112246069919929,0.0011216126649218,0.00112021264484043,0.00111998746595254,0.00112097050421278,0.00112214170646115,0.00112287998464908,0.0011230871047149,0.00112236815926509,0.00112218147939465,0.0011227564408083,0.00112411957963676,0.00112556666146658,0.00112674011876934,0.00112784497970896,0.00112902614953753,0.00112992054996192,0.00113032797100482,0.00113053373346141,0.00113085828169332,0.00113119224006662,0.00113132384535883,0.00113069716171083,0.00112961160384186,0.00112851079153102,0.00112763510393723,0.00112726788236893,0.00112739592518796,0.00112813581279772,0.0011292496956122,0.00113065860372742,0.00113168698427801,0.0011326927085362,0.00113352205423603,0.00113472720021159,0.0011364074077577,0.00113769587665447,0.00113890615878912,0.0011402790610674,0.00114224543954595,0.00114449697215587,0.00114653202653792,0.00114790326082981,0.00114911072208144,0.00115047916049808,0.00115164711334365,0.00115255528192585,0.0011532190703716,0.00115393002104993,0.00115559446839956,0.00115781364793796,0.00116005458335938,0.00116194613030851,0.00116409426291242,0.00116644938643188,0.00116851350923652,0.00117049054323279,0.0011720088012751,0.00117224911141478,0.00117208186976439,0.00117483136322374
NaN,NaN,NaN,NaN,NaN,NaN,NaN,NaN,NaN,NaN,NaN,NaN,NaN,NaN,NaN,NaN,NaN,NaN,NaN,NaN,NaN,NaN,NaN,NaN,NaN,NaN,NaN,NaN,NaN,NaN,NaN,NaN,NaN,NaN,NaN,NaN,NaN,NaN,NaN,NaN,NaN,NaN,NaN,NaN,NaN,NaN,NaN,NaN,NaN,NaN,NaN,NaN,NaN,NaN,NaN,NaN,NaN,NaN,NaN,NaN,NaN,NaN,NaN,NaN,NaN,NaN,NaN,NaN,NaN,NaN,NaN,NaN,NaN,NaN,NaN,NaN,NaN,NaN,NaN,NaN,NaN,NaN,0.00150846214563381,0.00150591282399774,0.00150772481382597,0.0015064842081816,0.00150383326713422,0.00150233824095819,0.0015002138699002,0.00149795064458352,0.00149499098447684,0.0014917106722786,0.00148779494831035,0.00148320466179148,0.00147813248410815,0.00147616169743597,0.00147302763037407,0.00147005406467082,0.00146586407903024,0.00146149135269405,0.00145763211904826,0.00145123733525173,0.00144551982400525,0.00144056706208377,0.00143429226582797,0.00142650303949787,0.00142038119805149,0.00141566234141046,0.00141180266196646,0.00140917372266453,0.00140802969125261,0.00140727828238044,0.00140471666098975,0.0014005079594149,0.00139834001931447,0.00139938355935695,0.00139984311653632,0.00139911370649407,0.00139665209446926,0.00139279312294176,0.00138910530048893,0.00138765757047275,0.00138503010299151,0.0013805292479194,0.0013750363411416,0.00137012918784868,0.00136588265331653,0.00136018933065644,0.00135288277754644,0.00134306808846366,0.00133196994827052,0.00132102499213952,0.00131109734254377,0.00130272169048392,0.00129621482486887,0.00129021766227547,0.00128443047972783,0.00127812774972091,0.00127178616361058,0.00126501705758551,0.00125742180423179,0.00125037907158054,0.00124243139332666,0.00123407507947499,0.00122651941746886,0.0012201910661995,0.0012149446307937,0.00121058514784973,0.00120562383015292,0.00119938934901731,0.00119218192471777,0.0011848741734144,0.00117817119430001,0.00117294271254653,0.00116907184301198,0.00116553133272127,0.00116218339014029,0.00115870762685328,0.00115489786997142,0.00115047229989592,0.0011461864900571,0.00114253137608319,0.00113951749834136,0.00113707869157925,0.00113528076599347,0.00113385133799729,0.00113320966292294,0.00113260990013575,0.00113199667333698,0.00113093295642575,0.00112891326033829,0.00112630083728891,0.00112450157604811,0.00112327726456269,0.00112251506054636,0.00112125619628421,0.00111875290027311,0.0011152684616943,0.00111233800200905,0.00111024521986325,0.00110900175529809,0.00110799072105397,0.00110826941405575,0.00110944580678107,0.00111032236914657,0.0011110614924652,0.00111082999358572,0.00110990971065172,0.00110985611064329,0.00111010645692781,0.00111091942162834,0.00111197862971223,0.00111255065878701,0.00111227530846595,0.0011124869358455,0.00111315655656646,0.00111456876461427,0.00111659951892402,0.00111882755167646,0.00112098245602865,0.00112223597136435,0.00112295635107912,0.001123919982431,0.00112465687730949,0.00112499860198151,0.00112480237211086,0.00112409216570994,0.00112322635292896,0.00112239567611313,0.00112143121582989,0.00112057201683851,0.00112040106989823,0.0011206581500019,0.00112145495910409,0.0011228362639785,0.00112398705252549,0.00112467517417032,0.00112609213996109,0.00112842291394417,0.00113089329007748,0.00113277017736638,0.00113420676042653,0.00113570288053419,0.0011378050374077,0.0011401171788804,0.00114216698200469,0.00114390360597749,0.00114559689126111,0.00114727584530755,0.00114861437506376,0.00114952043079127,0.00115036201955088,0.00115135566853064,0.00115243003898307,0.00115381225244449,0.00115569594748399,0.0011581079986527,0.00116106174504311,0.00116359112364819,0.00116535658963316,0.00116723540011288,0.00116899775351876,0.00116954104447424,0.00116897531554435,0.0011717552127938
NaN,NaN,NaN,NaN,NaN,NaN,NaN,NaN,NaN,NaN,NaN,NaN,NaN,NaN,NaN,NaN,NaN,NaN,NaN,NaN,NaN,NaN,NaN,NaN,NaN,NaN,NaN,NaN,NaN,NaN,NaN,NaN,NaN,NaN,NaN,NaN,NaN,NaN,NaN,NaN,NaN,NaN,NaN,NaN,NaN,NaN,NaN,NaN,NaN,NaN,NaN,NaN,NaN,NaN,NaN,NaN,NaN,NaN,NaN,NaN,NaN,NaN,NaN,NaN,NaN,NaN,NaN,NaN,NaN,NaN,NaN,NaN,NaN,NaN,NaN,NaN,NaN,NaN,NaN,NaN,NaN,NaN,0.00150665398710447,0.00150412228394272,0.00150558663222381,0.0015043531626816,0.00150152311766888,0.00149987597599079,0.00149902830580419,0.0014980077431529,0.00149415971181551,0.00149010341701339,0.00148623959149349,0.00148321476822075,0.00147927576441827,0.00147541578010717,0.00147388100840884,0.00147171785022166,0.0014667598219924,0.00146159438627996,0.00145710283004963,0.00145211781481804,0.00144668345618666,0.00144139845785575,0.00143497467511489,0.00142751350363174,0.00142172511622644,0.00141703464653464,0.00141243048548324,0.00140981831037958,0.00140867549069618,0.00140646237218832,0.0014029992393942,0.00139948164881787,0.00139780246869859,0.00139881156374079,0.00139845469308412,0.00139768939848973,0.00139581219873945,0.00139356819663757,0.00139065151135511,0.00138922197624912,0.00138638797555189,0.00138120528337393,0.00137619503087286,0.00137122913960191,0.00136539715590404,0.00135902759092463,0.00135208850653306,0.00134206633784917,0.00133077262708973,0.00131960075776139,0.00130797525589826,0.00129781969287873,0.00129108197302677,0.00128557672066446,0.00127930049823479,0.00127181778533065,0.00126371645476026,0.00125614322321971,0.00124991390600034,0.00124302392419695,0.0012340195758325,0.00122444855642749,0.00121596546809709,0.00120948533633692,0.00120351591560534,0.00119747986215118,0.00119151325111065,0.00118533862464595,0.00117816835743344,0.0011712485928496,0.00116609493435248,0.00116204524434821,0.0011579983317798,0.00115414113068581,0.00114993937336592,0.00114597987170667,0.00114106320019898,0.0011356202433002,0.00113129298181216,0.00112813404053926,0.00112526764764289,0.00112240417077621,0.00111996767514155,0.00111830744284185,0.00111641444904673,0.00111463536970136,0.0011134912248022,0.00111200029480937,0.00111011320874149,0.00110907702346228,0.00110784621878469,0.00110700280683917,0.00110616989690627,0.0011044710213293,0.00110341257705377,0.00110222979794635,0.00110015028694302,0.00109793851484987,0.00109619648569789,0.0010944706510355,0.00109366866047574,0.00109344860856521,0.00109426131790127,0.00109594023419052,0.00109766644229823,0.00109882835852426,0.00109907582273966,0.00109943926179481,0.00109955682590038,0.00109966502094355,0.00110007059987481,0.00110081665393521,0.00110103053557338,0.00110171048923613,0.00110324746383685,0.00110570551186956,0.00110803639779102,0.00111020603872653,0.00111257446578668,0.00111396679214746,0.00111443377506052,0.00111464301071705,0.00111546141660611,0.00111615763753323,0.00111579979665085,0.00111514241037029,0.0011144422414642,0.00111404749200054,0.00111395523513624,0.00111378147935194,0.00111354444398057,0.00111389716405109,0.00111536224731223,0.00111711318812304,0.00111765371957514,0.00111885640235563,0.00112124608439863,0.00112390793619666,0.00112632411899122,0.00112840666289907,0.00113054323876904,0.00113276168372042,0.00113515510115188,0.00113755883526207,0.0011398281590255,0.00114214855578368,0.00114413876576991,0.00114546539908954,0.00114619140723557,0.00114716394778452,0.00114846744368864,0.0011495331852995,0.00115071838018936,0.0011524394075157,0.00115468842999614,0.00115766661727525,0.00116043761815089,0.00116229281396496,0.00116385001325998,0.00116585807448579,0.0011666938981667,0.00116549502262566,0.0011682864811612
NaN,NaN,NaN,NaN,NaN,NaN,NaN,NaN,NaN,NaN,NaN,NaN,NaN,NaN,NaN,NaN,NaN,NaN,NaN,NaN,NaN,NaN,NaN,NaN,NaN,NaN,NaN,NaN,NaN,NaN,NaN,NaN,NaN,NaN,NaN,NaN,NaN,NaN,NaN,NaN,NaN,NaN,NaN,NaN,NaN,NaN,NaN,NaN,NaN,NaN,NaN,NaN,NaN,NaN,NaN,NaN,NaN,NaN,NaN,NaN,NaN,NaN,NaN,NaN,NaN,NaN,NaN,NaN,NaN,NaN,NaN,NaN,NaN,NaN,NaN,NaN,NaN,NaN,NaN,NaN,NaN,NaN,0.00150662648270539,0.00150303031979562,0.00150198073968295,0.00150036819075428,0.00149754297660142,0.00149717751816625,0.00149666816559141,0.0014969574622074,0.00149305348836298,0.00148794178942284,0.00148472013390628,0.00148206922181393,0.00147969659927762,0.00147576931964017,0.00147406721516388,0.00147237386069787,0.00146900192444295,0.0014629899768728,0.00145731846578177,0.0014529594270604,0.00144854247085145,0.00144265729686284,0.00143642873342834,0.00142875877925341,0.00142327134355026,0.00141828265828643,0.00141402366251764,0.00141125624047576,0.00140844147655476,0.00140460355921843,0.00140183402478566,0.00139907653982401,0.00139689787458119,0.00139663314974303,0.00139614156225842,0.0013953714355551,0.00139378443701087,0.00139273653117944,0.00139120388705296,0.00139007724321066,0.00138824117190173,0.00138362503003381,0.00137837396394319,0.00137209229398272,0.00136533372299592,0.00135971159390131,0.0013527644129442,0.00134256807441409,0.00133058109942441,0.00131790535067668,0.00130452866167741,0.00129375162338348,0.00128660236167574,0.00128084362804589,0.00127462621527121,0.00126665671378691,0.00125747050361584,0.00124886320486166,0.00124325168612455,0.00123611701307142,0.00122743933418799,0.00121837853336154,0.0012101921531942,0.00120283832471981,0.00119532967049623,0.00118764316185718,0.00118061232668587,0.00117409628607015,0.00116709360838473,0.00116027955000574,0.00115577508465122,0.00115219731388398,0.00114841149750124,0.00114437490423966,0.00114017239856419,0.00113565389441035,0.00113032059827956,0.00112382351725203,0.00111850568670177,0.00111501874432507,0.00111204629253856,0.00110877735698708,0.00110538155400238,0.00110270077157692,0.00110095312017449,0.00109899385536745,0.00109728668351116,0.00109427589363241,0.00109142363615903,0.00109004036936365,0.00109016476735475,0.00109014956079805,0.00108879461869185,0.0010868852458274,0.00108570678841803,0.00108580873194102,0.00108553534916422,0.00108369183660662,0.00108131486959159,0.00107967865548815,0.00107944850257136,0.00107911068091139,0.00107863747819254,0.0010792264081203,0.00108144472250613,0.00108363568065534,0.00108600315081307,0.00108813031456088,0.0010891601597505,0.00108954175495095,0.00108942075421703,0.00108891725944425,0.00108924450593328,0.00108935927115601,0.00108957495387413,0.00109158220103356,0.00109477416402934,0.00109767450470252,0.0011009951670186,0.0011035523531652,0.00110473908526671,0.0011045048971041,0.00110403802658386,0.00110482277506047,0.00110571201035714,0.00110602607350841,0.00110597819270199,0.0011059008939151,0.00110603007123165,0.00110631794346927,0.001106663436905,0.00110685207419159,0.00110783411495721,0.00110979087065129,0.00111097709524958,0.00111171134219969,0.00111339559584911,0.00111627539069847,0.00111912425592217,0.00112133675082775,0.00112350431639589,0.00112600079609745,0.00112865328745743,0.00113138593330979,0.00113443311292305,0.00113771508586929,0.00114063950505349,0.00114240435380458,0.00114343164981393,0.00114432505757743,0.0011453932777187,0.00114644434100395,0.00114755863764195,0.00114928905414957,0.00115140409160797,0.00115412640494804,0.00115682716122644,0.00115880910660721,0.00116031843024539,0.00116235750299225,0.00116319596818982,0.00116170607854576,0.00116449068043034
NaN,NaN,NaN,NaN,NaN,NaN,NaN,NaN,NaN,NaN,NaN,NaN,NaN,NaN,NaN,NaN,NaN,NaN,NaN,NaN,NaN,NaN,NaN,NaN,NaN,NaN,NaN,NaN,NaN,NaN,NaN,NaN,NaN,NaN,NaN,NaN,NaN,NaN,NaN,NaN,NaN,NaN,NaN,NaN,NaN,NaN,NaN,NaN,NaN,NaN,NaN,NaN,NaN,NaN,NaN,NaN,NaN,NaN,NaN,NaN,NaN,NaN,NaN,NaN,NaN,NaN,NaN,NaN,NaN,NaN,NaN,NaN,NaN,NaN,NaN,NaN,NaN,NaN,NaN,NaN,NaN,NaN,0.00150644478760879,0.00150228762801231,0.00149944884757282,0.00149619544450026,0.00149444224862051,0.00149419063818748,0.00149392043965511,0.00149489578903655,0.00149246472778282,0.00148757515617039,0.00148339607921014,0.00148065551584176,0.00147813811015595,0.00147625326052502,0.00147485470676303,0.00147298935960844,0.00147078033542791,0.00146521265353711,0.0014581551591219,0.00145353655939752,0.00144924989384015,0.00144372665311818,0.00143735613136792,0.00142918482315631,0.00142400861340409,0.00141937129937529,0.00141630304763909,0.00141343044744529,0.00140841899619213,0.0014034616870979,0.00140049179298653,0.00139754116339557,0.00139465381131028,0.0013936389473848,0.00139309626230615,0.00139299803229194,0.00139258755636899,0.00139230909393262,0.00139197075937033,0.0013911541535193,0.00139018195543747,0.00138723664091417,0.0013810930151636,0.00137196373498699,0.00136387839104218,0.00135869603442748,0.00135166281490942,0.00134186861297045,0.00132948160337016,0.00131575392452995,0.00130225088156094,0.00129159042909067,0.00128381685906607,0.00127769752043948,0.00127169039593939,0.00126275630035879,0.00125220098046545,0.00124464927757972,0.001239273829033,0.001231058955829,0.00122161046965579,0.00121288304299362,0.00120524886460797,0.00119780400151302,0.00118979537074889,0.00118150263634426,0.00117345877197389,0.00116567223159847,0.00115722636294201,0.00114972683317487,0.00114517690876355,0.00114139348766249,0.00113725240502436,0.0011331208096115,0.00112908586999821,0.00112489129509964,0.00111920888979196,0.00111313199068863,0.00110729148630412,0.00110312530119113,0.00109845330909299,0.00109423206836762,0.00109120098961112,0.00108861168768977,0.00108681834991803,0.00108445747440143,0.00108060249380325,0.00107680814329483,0.00107430064178164,0.00107244802082694,0.00107163092685117,0.00107225716374859,0.00107177310555596,0.00106962289482576,0.00106868831052871,0.00106945846653083,0.00106977024506874,0.00106801376529642,0.00106452186142736,0.00106225121128689,0.00106184035314539,0.00106212861944121,0.00106323133042656,0.00106456547399552,0.00106644930335866,0.00106849037487844,0.0010708577576156,0.00107315975487964,0.00107587429572427,0.00107746890299635,0.00107807991822885,0.00107779165440777,0.00107664117827261,0.0010772789800247,0.00107725323639903,0.00107737543542863,0.00107918844840582,0.00108162473993648,0.00108482499795437,0.00108899493719669,0.00109204674139348,0.0010932361953315,0.00109340582194342,0.00109379471671711,0.00109519870338453,0.0010960526750031,0.00109636260838964,0.00109680932537486,0.00109761940997825,0.0010982907509971,0.00109888366723214,0.00109933322920808,0.00110015478816014,0.0011014504645083,0.00110301851848326,0.00110400111935899,0.00110509358358513,0.00110765567507604,0.00111080228710201,0.00111347396496219,0.00111605325182551,0.00111859847297198,0.00112123907278499,0.00112413414817573,0.0011276164101157,0.00113202498826564,0.00113649501911908,0.00113962426268393,0.0011411387472931,0.00114207262926909,0.00114278179700945,0.00114368339103986,0.00114467107752114,0.00114606875807091,0.00114801287213512,0.00115045527913467,0.00115261571554339,0.00115443710278504,0.0011563699298495,0.0011581602287444,0.00115870559788535,0.00115728522584706,0.00116007107113869
NaN,NaN,NaN,NaN,NaN,NaN,NaN,NaN,NaN,NaN,NaN,NaN,NaN,NaN,NaN,NaN,NaN,NaN,NaN,NaN,NaN,NaN,NaN,NaN,NaN,NaN,NaN,NaN,NaN,NaN,NaN,NaN,NaN,NaN,NaN,NaN,NaN,NaN,NaN,NaN,NaN,NaN,NaN,NaN,NaN,NaN,NaN,NaN,NaN,NaN,NaN,NaN,NaN,NaN,NaN,NaN,NaN,NaN,NaN,NaN,NaN,NaN,NaN,NaN,NaN,NaN,NaN,NaN,NaN,NaN,NaN,NaN,NaN,NaN,NaN,NaN,NaN,NaN,NaN,NaN,NaN,NaN,0.00150758040698962,0.00150081758687392,0.00149731142505686,0.00149179888787676,0.00149088657621805,0.00149071804876597,0.00149051844554038,0.00149172996912019,0.00149081902230458,0.00148676055049925,0.0014829897514993,0.00148008734367696,0.00147762369637443,0.00147627636946162,0.00147563379464595,0.00147400264431896,0.0014710304469856,0.00146694869239557,0.00146052169054811,0.00145467774505783,0.00144962790647973,0.00144423204380277,0.00143926609057334,0.00143153635606127,0.00142508818329742,0.00142039746696253,0.00141836172190501,0.00141731233197316,0.00141135986911861,0.00140453263950044,0.00139961610366793,0.00139612483862587,0.00139387526562815,0.00139193046786369,0.00139038887045528,0.00139149516369408,0.00139379938531661,0.00139404770340829,0.00139288190587081,0.00139266603406054,0.00139294689427992,0.00139128165826896,0.00138454920164174,0.0013722451786962,0.0013632739065989,0.00135772120086402,0.00135026604034995,0.00134047022822216,0.00132891506421056,0.00131555054975963,0.00130150291343259,0.00128955327742797,0.00128115963663824,0.00127515176890571,0.00126897342431486,0.00125936367785523,0.00124900737989715,0.00124411716236313,0.00123780358216259,0.00122802366448998,0.00121725122654925,0.001207973539816,0.00120034726895096,0.00119297208318075,0.00118503991689364,0.00117635055334039,0.00116772275335287,0.00115746835701989,0.0011462239672925,0.00113850490049881,0.00113473154023521,0.00113116892999606,0.00112751792468525,0.00112384115182501,0.00111947408621685,0.00111553388426916,0.00110979359727437,0.00110321230868277,0.00109687544758771,0.00109147397383252,0.00108615932710706,0.00108116006469728,0.00107732104802253,0.00107438340908413,0.00107279893385911,0.00107069678139501,0.00106474604734962,0.00105934651586992,0.00105623583304245,0.00105378307058966,0.00105180297665145,0.00105090270405395,0.00104995352416731,0.00104993623514622,0.00105091904470691,0.00105292018519976,0.00105448888180847,0.00105183876230855,0.00104821429909547,0.00104582191952025,0.00104404533621486,0.00104314449555556,0.00104343146761144,0.00104677825552676,0.00105046980327941,0.00105363162521678,0.00105651810229872,0.00105910472336948,0.00106130451857017,0.00106308267090097,0.00106426336592331,0.00106550065171981,0.00106530971723962,0.00106480209370088,0.00106495861659291,0.00106542990476801,0.00106685529437923,0.00106840188677696,0.00106955739371097,0.00107165696898929,0.0010756461662244,0.00107891285507055,0.00108091492913061,0.00108226165192769,0.00108369381665085,0.00108564191537124,0.00108703740750402,0.0010876177723106,0.00108875031066585,0.00109061535524801,0.00109164090654579,0.00109188127078719,0.00109245255650494,0.00109342578817677,0.00109407878952049,0.00109479224995859,0.00109621486751117,0.00109894042754095,0.00110214219423741,0.00110516969237394,0.00110787941320481,0.00111067071203861,0.001113515441159,0.00111637741780868,0.00112048834465833,0.00112589120241673,0.0011315825410664,0.00113580581315863,0.00113826108499226,0.00113980531377878,0.00114020208861713,0.00114054752605249,0.00114151597113576,0.00114285621319504,0.00114437326837584,0.00114633262661823,0.0011482932885652,0.00115010633786989,0.00115182016970461,0.00115341163546237,0.00115358457029208,0.00115210785664804,0.00115490736801023
NaN,NaN,NaN,NaN,NaN,NaN,NaN,NaN,NaN,NaN,NaN,NaN,NaN,NaN,NaN,NaN,NaN,NaN,NaN,NaN,NaN,NaN,NaN,NaN,NaN,NaN,NaN,NaN,NaN,NaN,NaN,NaN,NaN,NaN,NaN,NaN,NaN,NaN,NaN,NaN,NaN,NaN,NaN,NaN,NaN,NaN,NaN,NaN,NaN,NaN,NaN,NaN,NaN,NaN,NaN,NaN,NaN,NaN,NaN,NaN,NaN,NaN,NaN,NaN,NaN,NaN,NaN,NaN,NaN,NaN,NaN,NaN,NaN,NaN,NaN,NaN,NaN,NaN,NaN,NaN,NaN,NaN,0.00150855496578421,0.00150072947577965,0.00149511734186078,0.0014895526655087,0.00148793068695352,0.00148770031273912,0.00148787610568036,0.00148881237007736,0.00148880927287283,0.00148516361606086,0.00148220504737386,0.0014796087882078,0.00147744717335513,0.00147706813843133,0.0014759347234463,0.00147550783263692,0.00147186910775868,0.00146655517334215,0.00146155419875871,0.00145568084762006,0.00144957373893645,0.00144414675246466,0.00143973291881608,0.00143287621049014,0.00142586471526957,0.00142198349119914,0.00141998382451024,0.00142100907941256,0.00141517976321832,0.00140682938383241,0.00140014671956855,0.0013961143739436,0.00139343730274281,0.00139061731267949,0.00138869577628509,0.00139126139143911,0.00139477140233735,0.00139522978069713,0.0013936982350305,0.00139322640911945,0.00139538414262022,0.00139503417407752,0.00138680014915199,0.00137400963131287,0.00136519229787705,0.00135887860100058,0.00135122141835337,0.00134144652083075,0.00133012632220395,0.00131736238706631,0.00130228924375238,0.00128804420588561,0.00127781456905576,0.00127149922371391,0.00126528433411095,0.00125673062970653,0.00124997966544857,0.00124447657639037,0.00123662212740905,0.00122568259869738,0.00121428409764273,0.00120488356355463,0.00119672735276583,0.00118885713691385,0.00118032767638584,0.00117140080145599,0.00116125422355869,0.00114796271992921,0.00113597720228137,0.00112878960823438,0.00112644075588691,0.0011232016568424,0.00111884712383321,0.00111448953872899,0.00110957102417495,0.00110493068038364,0.00109946066148145,0.00109202468825681,0.00108531555653339,0.0010797345181727,0.00107332389864978,0.00106733435394199,0.00106233059293046,0.00105873740544358,0.00105822414800554,0.00105773803664044,0.001051283385402,0.00104436069444787,0.00103902721496263,0.00103597031377217,0.00103460538831235,0.00103248677299224,0.00102976269312808,0.00102969888983265,0.00103369456132198,0.00103674507420675,0.00103809636098585,0.00103665287159568,0.00103350333762016,0.00103087107506752,0.00102861259857248,0.00102534185938071,0.00102280107065177,0.00102449265207377,0.00102899387467208,0.00103410913580428,0.00103804433475932,0.00104128621190285,0.00104442950971613,0.00104675763195455,0.00104861664625112,0.00105072078933288,0.00105260984737305,0.00105353601628008,0.00105383698066879,0.00105360625560013,0.00105400521795508,0.00105569281157116,0.00105798686660477,0.00105958471929527,0.0010610098248961,0.00106354829735929,0.00106622352745586,0.00106865765489413,0.00107097489595698,0.00107335230485896,0.0010759798087341,0.00107826218896639,0.00107990579499365,0.00108203813858568,0.00108383239709664,0.00108448347781535,0.00108398348626616,0.00108486095595234,0.00108542271432619,0.00108529322438594,0.00108670742293284,0.00108941386429851,0.00109313211851381,0.00109674633270857,0.0010994067708504,0.0011025276479841,0.00110559774218001,0.00110879150074507,0.00111293705320752,0.00111834636980958,0.00112465186785883,0.00112944473666697,0.00113267414111629,0.00113496178698306,0.00113656937901277,0.00113714487120703,0.00113791005873905,0.0011389548421611,0.00114036058791638,0.00114228082703047,0.00114383798511025,0.00114554844755959,0.00114698247904234,0.00114838581717039,0.00114818406658913,0.00114667412765723,0.00114949074405187
NaN,NaN,NaN,NaN,NaN,NaN,NaN,NaN,NaN,NaN,NaN,NaN,NaN,NaN,NaN,NaN,NaN,NaN,NaN,NaN,NaN,NaN,NaN,NaN,NaN,NaN,NaN,NaN,NaN,NaN,NaN,NaN,NaN,NaN,NaN,NaN,NaN,NaN,NaN,NaN,NaN,NaN,NaN,NaN,NaN,NaN,NaN,NaN,NaN,NaN,NaN,NaN,NaN,NaN,NaN,NaN,NaN,NaN,NaN,NaN,NaN,NaN,NaN,NaN,NaN,NaN,NaN,NaN,NaN,NaN,NaN,NaN,NaN,NaN,NaN,NaN,NaN,NaN,NaN,NaN,NaN,NaN,0.00150820316051174,0.00149972198215477,0.00149363430148808,0.00148922145405314,0.00148650703772305,0.00148653841537234,0.00148669829661689,0.00148693501277783,0.00148643710946193,0.00148374967712355,0.00148101882649306,0.00147864682829679,0.00147658150170177,0.00147644055440367,0.00147611046170925,0.00147506805613469,0.00147207534998068,0.00146618482786544,0.00146148422590642,0.001456711468844,0.00144916595120571,0.00144336421496886,0.00143967870889513,0.00143304049264902,0.00142602822937993,0.00142268252782577,0.00142180413313757,0.00142101328506677,0.00141727194167169,0.0014098727779383,0.00140193420457944,0.00139675535822625,0.00139290859391624,0.00138993963582691,0.00138846167186495,0.0013900243068671,0.00139274997462543,0.0013943182412307,0.00139383997965364,0.001393457011729,0.00139632685751546,0.00139568809160894,0.00138696360453394,0.00137573389418902,0.00136843556637676,0.00136167182334836,0.00135287151245844,0.00134293517809192,0.00133226319735126,0.00131937752637001,0.00130366028474211,0.00128699613520695,0.00127502896026228,0.00126806463394116,0.0012624859484542,0.00125683502225614,0.00125140868582052,0.0012439719167741,0.00123492200272088,0.00122508694201705,0.00121486769772427,0.00120483320804632,0.00119504189916677,0.00118553725339517,0.00117598631230699,0.00116639280883149,0.00115560125411444,0.00114105161121381,0.00112818378792692,0.00112250028857349,0.00112032590159895,0.00111565821276973,0.00111020320683788,0.00110539342136982,0.00109952637250836,0.00109411250703767,0.00108681677372319,0.00107904008784894,0.00107239736875503,0.00106576663243099,0.00105917948222569,0.00105294138553153,0.00104769371913137,0.00104447167937172,0.00104477709788818,0.00104432122823749,0.00103891366918751,0.00103236099866254,0.00102593713151131,0.00102190626852061,0.00101979676151939,0.00101618025347718,0.00101235157491486,0.00101461304123954,0.0010206030832985,0.00102457189460841,0.00102375250684888,0.00102200405794982,0.00102043331867412,0.00101877411133708,0.0010160953182952,0.00101114332832939,0.00100514778180893,0.00100459946064183,0.00100920444429449,0.00101407909131197,0.00101824269718473,0.00102190576460553,0.00102506086049822,0.00102800824348067,0.00103079219267468,0.00103307245736176,0.0010356274213371,0.00103877529642904,0.00104117582595358,0.00104151317850487,0.00104100157195608,0.00104194376385894,0.00104501562853541,0.00104879576279548,0.00105100876571568,0.00105243708096179,0.0010541635772851,0.00105582552872957,0.00105784965082497,0.00106023646684004,0.00106311683100117,0.00106614815720415,0.00106975563674254,0.00107238077371837,0.00107377292012421,0.00107503897648564,0.00107541625380682,0.00107549802958784,0.00107597894814449,0.00107526976325103,0.00107581744267007,0.00107898361763672,0.00108304230102096,0.00108778103001703,0.00109076425771985,0.00109420680370737,0.00109754234651777,0.00110097782174642,0.00110498963955944,0.00110901080607155,0.00111465074808302,0.00112063854508267,0.00112507409253976,0.00112784180202562,0.0011299477331741,0.00113172433041591,0.00113281770049431,0.00113439588954576,0.00113631258860283,0.00113794340498831,0.00113952664351294,0.00114121552395449,0.00114236163669408,0.00114325074383071,0.00114294272249398,0.00114192500131095,0.00114476319834923
NaN,NaN,NaN,NaN,NaN,NaN,NaN,NaN,NaN,NaN,NaN,NaN,NaN,NaN,NaN,NaN,NaN,NaN,NaN,NaN,NaN,NaN,NaN,NaN,NaN,NaN,NaN,NaN,NaN,NaN,NaN,NaN,NaN,NaN,NaN,NaN,NaN,NaN,NaN,NaN,NaN,NaN,NaN,NaN,NaN,NaN,NaN,NaN,NaN,NaN,NaN,NaN,NaN,NaN,NaN,NaN,NaN,NaN,NaN,NaN,NaN,NaN,NaN,NaN,NaN,NaN,NaN,NaN,NaN,NaN,NaN,NaN,NaN,NaN,NaN,NaN,NaN,NaN,NaN,NaN,NaN,NaN,0.00150746680181702,0.001498037314849,0.00149369440828952,0.00149015160741923,0.00148722015142781,0.00148691103348357,0.00148705976320911,0.00148632066161515,0.00148395070707957,0.00148165285295219,0.0014792447457299,0.00147684047412166,0.00147547553862692,0.00147503999711995,0.00147540223403412,0.00147350937949342,0.00147172662234316,0.00146629316272119,0.00146241887452518,0.00145819291325904,0.00145048355843618,0.00144362314632572,0.00143942127482391,0.00143403715204742,0.00142755930773086,0.00142353930847228,0.00142263751035967,0.00141936922737567,0.00141595931837937,0.00141092699285778,0.00140447664127232,0.0013989324827986,0.00139393452635546,0.00139043275476071,0.00138806310550327,0.00138819462315603,0.00138957820371176,0.00139157542228738,0.00139248753414811,0.00139306815424008,0.00139564033796291,0.00139289375734738,0.00138397978034178,0.00137607058098491,0.00137091317133238,0.00136395878762037,0.00135371807494046,0.00134368859792039,0.00133374720493235,0.00132079699295475,0.00130423520781802,0.00128590924074412,0.0012730646741408,0.00126615835832582,0.00126198938001946,0.00125735864057046,0.00125040560066877,0.00124165061173831,0.00123300169444746,0.00122466035173899,0.00121599015415658,0.00120606404948536,0.00119534540240883,0.00118484506487539,0.00117451094069934,0.00116342527738554,0.001150972741125,0.00113667888980727,0.00112479248405906,0.00111936216128185,0.00111622164258154,0.00110992754269648,0.0011036376283665,0.0010983001600067,0.00109231176534825,0.00108531039301879,0.00107526282257759,0.00106689500181702,0.00106018681367424,0.00105373379786318,0.00104738642082752,0.00104157614726193,0.00103580398698946,0.00103241525627407,0.00103188887714661,0.00103130678263354,0.00102688193053284,0.00102014701454811,0.00101407442974907,0.00101054583842934,0.00100747568294582,0.00100237269610156,0.000999602442696923,0.00100257123770647,0.00100885700267791,0.00101304652636724,0.00101384014626825,0.00101075422612318,0.00100952321266603,0.00100878025040165,0.00100597120913512,0.000999871278958193,0.00099307052546956,0.000990340739487496,0.000993096766177942,0.000998904755804952,0.00100279785890633,0.00100624100559091,0.001008085077444,0.00100972375579155,0.00101233803904255,0.00101698539736686,0.00102019397460356,0.00102159058475204,0.00102497977598621,0.00102872031352562,0.00102829191899999,0.00102823972297283,0.00103061329017862,0.00103594218337504,0.00104082310195014,0.00104337346715683,0.00104453807616018,0.00104527129127866,0.00104650626803104,0.00104781680458741,0.00104967092942825,0.00105344480727452,0.00105788630063075,0.00106073048227769,0.00106188258658335,0.00106299791244755,0.00106473961675499,0.00106605707321026,0.00106604065255711,0.00106550142493565,0.00106591370355121,0.00106869891177375,0.00107245345309219,0.00107683375146733,0.00108220121659004,0.00108668260088284,0.00109003787341783,0.00109307753657295,0.00109649755279403,0.0011000044676921,0.00110449014851522,0.00111088215532971,0.00111623152456795,0.00112031593205348,0.00112320177706043,0.00112533361727095,0.0011270346192471,0.00112846829291776,0.00113060926173011,0.00113288784823522,0.00113514759063238,0.00113706709112082,0.00113837180170362,0.00113899940779685,0.00113798766155457,0.00113688194547261,0.00113974025313364
NaN,NaN,NaN,NaN,NaN,NaN,NaN,NaN,NaN,NaN,NaN,NaN,NaN,NaN,NaN,NaN,NaN,NaN,NaN,NaN,NaN,NaN,NaN,NaN,NaN,NaN,NaN,NaN,NaN,NaN,NaN,NaN,NaN,NaN,NaN,NaN,NaN,NaN,NaN,NaN,NaN,NaN,NaN,NaN,NaN,NaN,NaN,NaN,NaN,NaN,NaN,NaN,NaN,NaN,NaN,NaN,NaN,NaN,NaN,NaN,NaN,NaN,NaN,NaN,NaN,NaN,NaN,NaN,NaN,NaN,NaN,NaN,NaN,NaN,NaN,NaN,NaN,NaN,NaN,NaN,NaN,NaN,0.00150733020345585,0.00149858524817245,0.00149525113069399,0.00149188326385658,0.00148915075887636,0.00148805810626066,0.00148644053436103,0.00148485251925785,0.0014836913739737,0.00148157211844913,0.00147759298413547,0.00147513811107245,0.00147479103794903,0.00147452843259637,0.00147487576835224,0.00147362764883264,0.00147151097282718,0.00146739019222542,0.00146305752048602,0.00145899063040786,0.00145316997247982,0.0014458314837416,0.00144025049583243,0.00143525874520557,0.00142953876548169,0.00142430616489954,0.00142333230847113,0.00141968402921449,0.00141489336053302,0.00141242230800853,0.00140724146876303,0.00140109792157559,0.00139659329012152,0.00139298856283397,0.00138958090466368,0.00138780941359462,0.00138814245174672,0.00138930888748075,0.00139093256798847,0.00139163895475787,0.00139277117387388,0.00138892039112425,0.00138020728875943,0.00137485590787689,0.00137145301072082,0.00136460520506077,0.00135445253153247,0.00134487499814441,0.00133497699159815,0.0013214696774041,0.00130382221188987,0.00128545111825417,0.00127241169296747,0.00126735137949896,0.0012625278506293,0.00125669098920342,0.00124795423088877,0.00123881231107658,0.00123153774734943,0.00122475678449734,0.00121667658821341,0.00120698376370514,0.00119662159886712,0.00118602801528683,0.00117399650516425,0.0011612338487209,0.00114819587715331,0.00113267564674062,0.00112104363177268,0.001116667403445,0.00111216789315684,0.00110488592332342,0.00109803541837408,0.0010921257305124,0.00108630553644917,0.00107763405495484,0.00106678662802389,0.00105802563292246,0.00105055282442067,0.00104543047213424,0.00103974047473928,0.00103367400221779,0.00102838581398174,0.0010243774240704,0.00102140365813634,0.00101905156677773,0.00101503144079011,0.00101029814655558,0.00100635467450846,0.00100286975578004,0.000997103178139248,0.000989959107015395,0.000989175127574945,0.000993732730575354,0.00099896505649522,0.0010010263135235,0.00100154387148942,0.00100100672616805,0.00100086112693347,0.00100067982097069,0.00099787683524703,0.000991504418473483,0.000984516494675717,0.000981621949117599,0.000982550323687597,0.000987914270056691,0.000991596794143245,0.000994385828132778,0.000995520744100805,0.000994399001388114,0.000994931145548043,0.00100014172076959,0.00100679570179931,0.00100880349928931,0.001009845882779,0.00101474434422294,0.00101724936868636,0.00101611946923746,0.0010160714837027,0.00101980183815953,0.00102666788480163,0.00103264894278954,0.00103528471507502,0.00103607296895921,0.00103634303516134,0.00103695367441373,0.00103790451929985,0.00104116488735085,0.00104521791898583,0.00104747256541582,0.0010499610475423,0.00105133696409373,0.00105287182420963,0.00105492239387446,0.00105598060149158,0.00105594615274673,0.0010569017248456,0.00105937877705327,0.00106251705625993,0.00106612389042354,0.00107157457381018,0.00107804388348142,0.0010825012801271,0.00108540093825977,0.00108855069876978,0.00109258489946007,0.00109690089598701,0.00110286979282281,0.00110883310657073,0.0011135340052361,0.00111716487587086,0.00111958724598969,0.00112104276059521,0.00112251991881558,0.00112470275615377,0.00112753152264278,0.00113010233226105,0.00113237303617283,0.00113403533273891,0.00113443795610287,0.00113285603890137,0.00113117215665357,0.00113404083494965
NaN,NaN,NaN,NaN,NaN,NaN,NaN,NaN,NaN,NaN,NaN,NaN,NaN,NaN,NaN,NaN,NaN,NaN,NaN,NaN,NaN,NaN,NaN,NaN,NaN,NaN,NaN,NaN,NaN,NaN,NaN,NaN,NaN,NaN,NaN,NaN,NaN,NaN,NaN,NaN,NaN,NaN,NaN,NaN,NaN,NaN,NaN,NaN,NaN,NaN,NaN,NaN,NaN,NaN,NaN,NaN,NaN,NaN,NaN,NaN,NaN,NaN,NaN,NaN,NaN,NaN,NaN,NaN,NaN,NaN,NaN,NaN,NaN,NaN,NaN,NaN,NaN,NaN,NaN,NaN,NaN,NaN,0.00150828894908939,0.00150009551693737,0.00149728068108541,0.00149462744535893,0.00149147173236103,0.00148834759519014,0.00148579036215313,0.00148333321705764,0.0014815325589113,0.00147930169781919,0.00147624432220728,0.00147411372289853,0.00147438538777264,0.00147356259038006,0.00147331368854747,0.00147286005776777,0.00147103756989585,0.001466489854851,0.00146283195216215,0.00145930295629575,0.001453818244463,0.00144861602642488,0.00144202549755297,0.00143631110006921,0.00143217289269713,0.00142732459758528,0.00142329181142495,0.00141949001229805,0.00141481818648735,0.00141335097525731,0.00140857207176968,0.00140426085467199,0.0014007342911465,0.00139735656108257,0.0013930726509616,0.00138824546056282,0.00138736508289019,0.00138805445000645,0.00138917169370399,0.00139005308626306,0.00138875717596852,0.00138400239384404,0.00137824050080504,0.00137435625572427,0.00137039795648581,0.00136392060446012,0.00135510778566938,0.00134547571233016,0.00133549564688837,0.00132275486365458,0.00130512349581933,0.00128572423974728,0.00127245963573127,0.00126870152472241,0.00126308712475972,0.00125453325327988,0.00124577217601108,0.00123957773780027,0.00123289221344287,0.00122544593039674,0.0012164078178492,0.00120655148304907,0.00119672569477299,0.00118516146418157,0.0011728826446003,0.00116098072282778,0.00114740779058057,0.00112897478696927,0.00111611710896337,0.00111258688837277,0.00110786841855524,0.00110129365102555,0.00109424882645873,0.00108676229314436,0.00107827504174651,0.00106784116782433,0.00105799761713476,0.00104917028765437,0.00104239563539583,0.00103927995135361,0.00103423345356146,0.0010264982336292,0.0010198477507876,0.00101542834681456,0.00101170032884702,0.001009595283184,0.00100765915233282,0.00100447061612178,0.0010015310250586,0.000995946666886048,0.000986782672927733,0.000980074705320277,0.000982893869290562,0.000988941300979817,0.000991732143831407,0.000990042838880193,0.00098855136110843,0.000988811243424199,0.000990264747600032,0.000989993591368948,0.000987626195326483,0.000983799625157489,0.000979969973981676,0.000975816647331275,0.000973656165948963,0.000977671668271232,0.000982203410028048,0.000985974656770111,0.000985934016017423,0.000983513155344824,0.000982603177577018,0.000984994807530046,0.000990105020880422,0.000995343390020779,0.000998278265309098,0.00100205558480595,0.0010068412182368,0.0010072732515987,0.00100535132301052,0.00100582749885645,0.00100990928405717,0.00101759003104307,0.00102379142068334,0.00102676092334998,0.00102823907308107,0.00102892012459256,0.00102895060886182,0.00103033147359132,0.00103471529337352,0.00103665583429247,0.00103765901187844,0.00103894555102084,0.00104085476897482,0.00104323374655268,0.00104530919232404,0.00104594066306155,0.00104698058928723,0.00104981321723302,0.00105276960671697,0.00105643466664076,0.00106239369770153,0.00106967718040669,0.00107546553636737,0.00107868169299709,0.0010809441757806,0.00108515034620323,0.00109122917186352,0.00109635839812005,0.00110233167254681,0.00110702400999118,0.00111067893249965,0.00111313529388535,0.00111480894836358,0.00111672586836527,0.00111952365787537,0.00112226997372268,0.00112484921839012,0.00112715396499026,0.00112890105357728,0.00112962770995347,0.00112813983798299,0.00112585237474253,0.00112873313690295
NaN,NaN,NaN,NaN,NaN,NaN,NaN,NaN,NaN,NaN,NaN,NaN,NaN,NaN,NaN,NaN,NaN,NaN,NaN,NaN,NaN,NaN,NaN,NaN,NaN,NaN,NaN,NaN,NaN,NaN,NaN,NaN,NaN,NaN,NaN,NaN,NaN,NaN,NaN,NaN,NaN,NaN,NaN,NaN,NaN,NaN,NaN,NaN,NaN,NaN,NaN,NaN,NaN,NaN,NaN,NaN,NaN,NaN,NaN,NaN,NaN,NaN,NaN,NaN,NaN,NaN,NaN,NaN,NaN,NaN,NaN,NaN,NaN,NaN,NaN,NaN,NaN,NaN,NaN,NaN,NaN,NaN,0.00150566294307003,0.00150106886092082,0.00149776239394123,0.00149522835224448,0.00149350401864891,0.00148921307091189,0.00148623013295979,0.00148331146596689,0.00148032240661861,0.00147729384667769,0.00147449668540511,0.00147257189455693,0.00147224015091857,0.00147285512736622,0.00147148661898922,0.00147046253511217,0.00146986947110301,0.00146591199561608,0.00146176777350803,0.00145985649386433,0.00145412322638538,0.00145018677642053,0.00144588654959575,0.0014390107606761,0.00143365353129798,0.0014295297090326,0.00142395719481885,0.00141911939224975,0.00141664897514577,0.00141431064874131,0.0014105972022871,0.00140701405108234,0.00140482485160487,0.00140101134753938,0.00139679007644193,0.00139123229832872,0.00138825235373425,0.00138746183853888,0.00138844057584724,0.00138849430177485,0.00138345184019606,0.00138005477554281,0.00137944857602907,0.00137579039091437,0.00136935039088419,0.00136240350899559,0.00135480892803741,0.00134541286316193,0.00133520110495838,0.00132444206963323,0.00130885923394253,0.00128680871951688,0.00127384783630491,0.00127026200576518,0.00126393065247194,0.00125440051042967,0.00124813316841173,0.00124090491053043,0.00123301771744636,0.00122591590719328,0.00121723049872858,0.00120703556466774,0.00119629323329776,0.00118383910133013,0.00117121119072666,0.00116072694431951,0.00114618385410452,0.00112694764467861,0.00111654224286407,0.00111497475742452,0.00110937739017584,0.00110172512943206,0.00109220586736368,0.00108076604151136,0.00106965083007178,0.0010601665256839,0.00105207755826636,0.00104389078792613,0.00103843151096805,0.00103373512075616,0.00102590920084239,0.00101812438971839,0.0010126316549193,0.00100867656459061,0.00100570439282941,0.00100477391800334,0.00100417484516742,0.00100076494420287,0.000993994653744372,0.000986120468333721,0.000975504074723533,0.000973767929753029,0.000980842978922771,0.000987644790466697,0.000986570467166753,0.000983136721541158,0.000981281473364381,0.000979805012484563,0.000979239810677823,0.000977509028588987,0.000976015508338063,0.00097645046421054,0.000976404143530535,0.000971724700764933,0.000964968356706009,0.000966550175474867,0.000970518988412495,0.000976422361991576,0.000980211860079383,0.000978462646952072,0.000974792502607995,0.000974274022942439,0.00097616668844458,0.000979874602505282,0.000983589402961262,0.000988220018147926,0.000994649724441242,0.000997777151595388,0.000997560500924323,0.000996950423427951,0.000998126110582642,0.00100271793275088,0.00100942264431192,0.00101371346364604,0.00101775414225864,0.00102138030305661,0.00102384324584707,0.00102460536747373,0.00102570294535307,0.00102830186654168,0.00102849084677985,0.00102845320753881,0.00102932765190616,0.00103108480337726,0.00103414461120448,0.00103706840032342,0.00103889762118896,0.00104102916596544,0.00104367052095487,0.00104761382722784,0.00105362749902738,0.00106080900327749,0.00106764656902437,0.00107128637947912,0.0010739710838296,0.00107791661431731,0.00108422895607853,0.00108945230415104,0.00109507509336081,0.00110012434149944,0.00110345916574317,0.00110630434224801,0.00110873938905181,0.00111111731078967,0.00111402690812,0.0011170543695912,0.00111943229448863,0.001121572061674,0.00112355199951197,0.00112462388632874,0.00112347105513337,0.00112181313085336,0.00112471621711315
NaN,NaN,NaN,NaN,NaN,NaN,NaN,NaN,NaN,NaN,NaN,NaN,NaN,NaN,NaN,NaN,NaN,NaN,NaN,NaN,NaN,NaN,NaN,NaN,NaN,NaN,NaN,NaN,NaN,NaN,NaN,NaN,NaN,NaN,NaN,NaN,NaN,NaN,NaN,NaN,NaN,NaN,NaN,NaN,NaN,NaN,NaN,NaN,NaN,NaN,NaN,NaN,NaN,NaN,NaN,NaN,NaN,NaN,NaN,NaN,NaN,NaN,NaN,NaN,NaN,NaN,NaN,NaN,NaN,NaN,NaN,NaN,NaN,NaN,NaN,NaN,NaN,NaN,NaN,NaN,NaN,NaN,0.00150359544917276,0.00150204791905216,0.00149928325986834,0.00149646083811864,0.00149577756484875,0.00149074774241003,0.00148754747860524,0.00148385562543015,0.00148062317790155,0.0014764288491166,0.00147318781188489,0.00147207765189049,0.00147127797699881,0.0014707067687145,0.00146996989737452,0.00146802902776455,0.00146752717890459,0.00146541258030886,0.00146110385506717,0.00145833774803427,0.00145441210181319,0.00145090893663902,0.00144685483424371,0.00144042981092753,0.00143432064211275,0.00142936570315155,0.0014251699071703,0.0014215409010651,0.00141857545628511,0.00141586053038981,0.00141335792602059,0.00140912980087022,0.00140539794223121,0.00140165825879801,0.00139824709150806,0.00139393201337634,0.00138891532481838,0.00138504872617973,0.0013855118018757,0.00138194786321563,0.00137662955469304,0.00137835072915467,0.0013804898012741,0.00137651514589136,0.00136983302949366,0.00136248417320191,0.00135416479352391,0.00134510285665757,0.00133571930446193,0.00132562088701074,0.00131070049701305,0.00128869497882285,0.00127724528186675,0.00127302638357702,0.00126541062761726,0.00125566213723047,0.00124903977114242,0.00124108059264085,0.00123313673841446,0.00122605866485384,0.00121737418874301,0.00120719756434184,0.0011970034936756,0.00118379973579112,0.00117028918091788,0.00115971689315199,0.00114371575176935,0.00112627281727269,0.00112052839858485,0.00112025373758795,0.00111383699884288,0.00110201337159365,0.00108910570411132,0.00107605289118112,0.0010648380606759,0.00105651156474046,0.00105054192652055,0.00104429234062002,0.00103753040344658,0.00103005455825324,0.00102177772339143,0.00101499821588338,0.00101029478630547,0.00100705712428965,0.00100441817206186,0.00100266459111974,0.00100063370730906,0.000995276730216207,0.000988685300408867,0.000979506493130868,0.000967111985742538,0.000969924262989363,0.000979053997377896,0.000984721200028508,0.000983341503881608,0.000981383069004804,0.000979043844904788,0.000977506662461957,0.000975932201200214,0.000970330555055197,0.000966020075509944,0.000968488234837561,0.000970465405805607,0.000968550793021233,0.000963059547271265,0.000959349795062817,0.000959539850057512,0.000964358702802797,0.000972118064518894,0.000974718260916349,0.000972244005106766,0.000968928708844224,0.000968181718266656,0.000968581620363289,0.000969300596319077,0.000972695844444701,0.000979064256094919,0.00098519158434445,0.000987212059929313,0.000988183329397511,0.000989836379208414,0.000991941088639849,0.000995966475188694,0.00100050892832004,0.00100481144299911,0.00100980801118664,0.00101536242753806,0.00101962709420422,0.00102089208544471,0.00102156370828426,0.00102106132727913,0.00102024916447084,0.00101949796907188,0.00101971560961277,0.00102333521380057,0.00102725929045533,0.00103011342447598,0.00103227964800167,0.0010354057086952,0.00103914145963421,0.00104451855768511,0.00105112506853169,0.00105777015444726,0.00106307912059671,0.00106720779916815,0.00107114731398071,0.001077169342521,0.00108298330527738,0.00108700787337202,0.00109266476797308,0.00109699258429055,0.00110020485899201,0.00110319942569848,0.00110595595823664,0.00110872872582302,0.00111168822525148,0.0011141446922286,0.00111648978446988,0.00111837372889701,0.00111941715293695,0.00111883596508224,0.00111823593098677,0.00112116703662546
NaN,NaN,NaN,NaN,NaN,NaN,NaN,NaN,NaN,NaN,NaN,NaN,NaN,NaN,NaN,NaN,NaN,NaN,NaN,NaN,NaN,NaN,NaN,NaN,NaN,NaN,NaN,NaN,NaN,NaN,NaN,NaN,NaN,NaN,NaN,NaN,NaN,NaN,NaN,NaN,NaN,NaN,NaN,NaN,NaN,NaN,NaN,NaN,NaN,NaN,NaN,NaN,NaN,NaN,NaN,NaN,NaN,NaN,NaN,NaN,NaN,NaN,NaN,NaN,NaN,NaN,NaN,NaN,NaN,NaN,NaN,NaN,NaN,NaN,NaN,NaN,NaN,NaN,NaN,NaN,NaN,NaN,NaN,NaN,NaN,NaN,0.00150251238371381,0.00149332225897472,0.00148955109124218,0.00148481895999077,0.00148090906048782,0.00147704244051408,0.0014731402871046,0.00147187646132597,0.00147134529301988,0.00147037939522267,0.00146886002490065,0.00146672316485606,0.0014652360593681,0.00146454123241585,0.00146235473087019,0.00145831184740482,0.00145356957986581,0.00145054712863691,0.00144592756591755,0.00144036285191995,0.0014340406813823,0.00142696727711432,0.00142434316042052,0.00142288783215827,0.00142034294502099,0.00141651285467271,0.00141502644308758,0.00141027459545476,0.00140518179214755,0.00140168688972218,0.00139910322826909,0.00139463268402961,0.00138948585989228,0.00138327363473691,0.00138121808912806,0.00137636652701818,0.00137266176688717,0.00137605964340112,0.001377280186644,0.00137418258632574,0.0013692200236072,0.00136177297012635,0.00135227561857039,0.00134229107924617,0.00133446906597309,0.00132548621101424,0.00130447100563881,0.00128899012755096,0.00128281287195421,0.00127488437293923,0.00126486211477337,0.00125706928078068,0.00124958247782395,0.00124164198734571,0.00123309058167391,0.00122605099618045,0.00121713668906851,0.00120734416325372,0.00119693734871315,0.00118514424815029,0.00117138942783784,0.00115835126138706,0.00114270259922485,0.00112887958250142,0.0011247680372851,0.0011271731535203,0.00111766267844239,0.00110135880210785,0.00108710221860657,0.00107445293806389,0.00106390846905273,0.00105702140558876,0.00105397943372602,0.00104959303536459,0.00104245423990954,0.00103322748820303,0.00102475710142661,0.00101786716279512,0.00101230066279807,0.00100818483914834,0.00100448642510749,0.00100152626664905,0.000998711118056911,0.000993278489207472,0.00098686340990204,0.000976031090538692,0.000965964801165853,0.000969130264710713,0.000976747990452489,0.000982494423501303,0.000983733054975622,0.000983792020342892,0.000981531193303347,0.000980255295469663,0.000975761275658682,0.000967175499224427,0.000962489161911484,0.000964974256133476,0.000967649705214445,0.000967550477273482,0.000963967879929982,0.000958152980882526,0.000954750048059172,0.000957282747156631,0.00096328229741901,0.000967296106749857,0.000967088084528846,0.000964497109901072,0.000962395430209447,0.000962096762770609,0.000962238229853546,0.000962745439735346,0.000965514752413122,0.000971560131606364,0.000975946893275154,0.000978117580668013,0.000979882900844242,0.000981001593925348,0.000983056961484193,0.0009875223660559,0.000992460970689427,0.000997616397660152,0.0010035937345954,0.00101003526365409,0.00101481430288915,0.00101768154963411,0.00101660900041867,0.0010141108190072,0.00101278543326583,0.00101064494422854,0.0010125826781401,0.00101709106640746,0.00101965468303318,0.00102346571428779,0.00102627758295685,0.00103004703928689,0.00103482397629094,0.00104162055361645,0.00104957880201279,0.00105554480915724,0.0010601651005745,0.00106490955072942,0.00107016396837627,0.00107518961282306,0.00107983119767276,0.00108570332685197,0.00109079611948775,0.00109464849148346,0.00109798625136904,0.00110097763246253,0.00110357056765905,0.00110650601125389,0.00110920997620217,0.00111173012008615,0.00111333500822536,0.00111427429112504,0.00111417479908763,0.00111391092120063,0.00111686977167972
NaN,NaN,NaN,NaN,NaN,NaN,NaN,NaN,NaN,NaN,NaN,NaN,NaN,NaN,NaN,NaN,NaN,NaN,NaN,NaN,NaN,NaN,NaN,NaN,NaN,NaN,NaN,NaN,NaN,NaN,NaN,NaN,NaN,NaN,NaN,NaN,NaN,NaN,NaN,NaN,NaN,NaN,NaN,NaN,NaN,NaN,NaN,NaN,NaN,NaN,NaN,NaN,NaN,NaN,NaN,NaN,NaN,NaN,NaN,NaN,NaN,NaN,NaN,NaN,NaN,NaN,NaN,NaN,NaN,NaN,NaN,NaN,NaN,NaN,NaN,NaN,NaN,NaN,NaN,NaN,NaN,NaN,NaN,NaN,NaN,NaN,NaN,NaN,0.00149388498753851,0.00148752621751367,0.00148357294595025,0.00147946686677572,0.00147571564694855,0.00147253176042785,0.00147053314513941,0.00146929719684205,0.00146804002836276,0.00146611257317218,0.00146259462908084,0.00146042151769546,0.00145939343472608,0.00145744894862297,0.00145261557839865,0.00144808800159288,0.00144439180868826,0.00143843491255287,0.00143174845094369,0.00142400209499844,0.0014231160583017,0.00142253642550863,0.00142066666071237,0.00141871230394035,0.00141571617397873,0.00141101112427794,0.00140588233393505,0.00140191178633971,0.00139917107189368,0.00139545078915981,0.00138976152587782,0.00138420924256057,0.00138166604661427,0.00137628175874873,0.00137316585232712,0.00137503729366594,0.00137435185575423,0.00137174387366992,0.00136786102225061,0.00136062209279693,0.00134979788993606,0.00133790081592875,0.0013277836704791,0.00131686521637977,0.00129862670469498,0.00128894953387826,0.00128251034902752,0.00127361559860275,0.001265674562037,0.001258382116767,0.00124990119965749,0.00124142842912091,0.00123294890713303,0.00122395175459264,0.00121399896682017,0.00120534833916248,0.00119598259564346,0.00118385809728948,0.00116981078180144,0.00115524630223401,0.0011414065324331,0.00112964838465834,0.00113154925723458,0.0011348119528799,0.00112199192311129,0.0011030905093112,0.00108867145922996,0.00107611598631508,0.00106600414510928,0.00106030505916579,0.00105864411636673,0.00105684373486057,0.00105057708223071,0.00104104850309852,0.00103181389749039,0.00102337473709923,0.00101679139940172,0.00101091209403282,0.00100467825158086,0.00100036879731769,0.000998272195289029,0.00099473256038035,0.000985869481584673,0.000974670895510671,0.0009724364485315,0.000974974952548749,0.000981444378730219,0.000986256650904993,0.000988878827233759,0.000991027723249072,0.000990187509251605,0.000985908498140587,0.000977560343305539,0.000968695937111907,0.000966545851451859,0.000969784636593252,0.000971512118357895,0.000970694463303774,0.000967978069289932,0.000963372670589768,0.000957722882044917,0.000955280280503148,0.000956660450159408,0.000960419940567538,0.000960642155603901,0.000958141133421953,0.000956448037102038,0.000957052243056362,0.00095686490138061,0.000956144437253891,0.000956180021767249,0.00095873220326275,0.000963852582070002,0.000967857081936363,0.00096978013519818,0.000970234034540606,0.000971699548300248,0.000975683991017866,0.000981481538384263,0.000987003661146573,0.000991988720486276,0.000999016518847817,0.00100716020298497,0.00101181377941059,0.00101250092386484,0.00100892066874171,0.001006335053146,0.00100457460267893,0.00100437744587546,0.00100656689242489,0.00100964706267419,0.00101295574768089,0.00101652909471421,0.00102050554610859,0.00102537036223117,0.00103186654074272,0.00104108000017163,0.00104857908448563,0.00105381940853629,0.00105883678565579,0.00106328967121772,0.00106780635579816,0.0010728372565169,0.0010788361003939,0.00108447050996728,0.00108913619401678,0.00109283100975172,0.00109558333489952,0.00109811180784092,0.00110108221413419,0.00110406034160343,0.00110661018503462,0.00110826815922086,0.00110914705555426,0.00110959568128585,0.00110882145376555,0.00111179886469172
NaN,NaN,NaN,NaN,NaN,NaN,NaN,NaN,NaN,NaN,NaN,NaN,NaN,NaN,NaN,NaN,NaN,NaN,NaN,NaN,NaN,NaN,NaN,NaN,NaN,NaN,NaN,NaN,NaN,NaN,NaN,NaN,NaN,NaN,NaN,NaN,NaN,NaN,NaN,NaN,NaN,NaN,NaN,NaN,NaN,NaN,NaN,NaN,NaN,NaN,NaN,NaN,NaN,NaN,NaN,NaN,NaN,NaN,NaN,NaN,NaN,NaN,NaN,NaN,NaN,NaN,NaN,NaN,NaN,NaN,NaN,NaN,NaN,NaN,NaN,NaN,NaN,NaN,NaN,NaN,NaN,NaN,NaN,NaN,NaN,NaN,NaN,NaN,NaN,0.00149016799483912,0.00148621114148268,0.00148210919253799,0.00147817114444695,0.00147383014085622,0.00147041199390221,0.0014694333710474,0.00146780660414141,0.00146546585068624,0.00146145400356836,0.00145726554869612,0.00145597962529831,0.0014552363064886,NaN,NaN,0.00143993594258592,0.00143425562037762,0.00142806450862113,0.00142279821976338,0.00142199263487364,0.00142144101330709,0.00141940899301221,0.00141840463699245,0.00141579907365582,0.00141148610026814,0.00140749434142311,0.00140372242098469,0.00139858037409008,0.00139333255025137,0.00138888452744045,0.00138550662993443,0.0013843815744351,0.00137828566581567,0.00137602367225032,0.00137483427267829,0.00137289801438696,0.00137012779567819,0.00136502180631163,0.00135832453356785,0.00134637706350785,0.00133340725249431,0.00132312569068287,0.00130763735926376,0.00129570882019339,0.00129032574533584,0.00128108062547611,0.00127103337228056,0.00126635896195213,0.00125905939010842,0.00124750087500208,0.00123869673769871,0.00123135152575222,0.00122075934921109,0.00121107172436521,0.00120241683199487,0.00119272769392789,0.00117945939102218,0.00116361546992695,0.00115072362113243,0.00113955809398097,0.00113169969947352,0.00113612699678991,0.00113050431417695,0.00111536984085561,0.00110276360532106,0.00108891281978894,0.00107716545252424,0.00106989110869072,0.00106564725446596,0.00106272353118328,0.00106514711010923,0.00106126045185479,0.001048423489182,0.00103870709970244,0.00102783713033763,0.00102231366722528,0.00101513965915546,0.00100688765772325,0.00100199178201105,0.00100055701184783,0.000996403223541331,0.000989367119388326,0.000984348268912573,0.000982777650139317,0.000985679162143383,0.000989768965015096,0.000992831852812989,0.000997219915137037,0.00100136632265412,0.0010009800067183,0.000994308812959207,0.000984524991194646,0.000976257981359165,0.000976410550195573,0.000979034730290978,0.000980593634845883,0.00097942152581966,0.000976269367874742,0.000972622258568043,0.000967519210863736,0.000961631017316114,0.000956356948527497,0.000956938183406864,0.000957318618588943,0.000954956654123903,0.00095232974413727,0.000952193112486626,0.000952146967768642,0.000951456429001172,0.000951278138135002,0.000951772504189488,0.000953863799590872,0.000957850731279679,0.00096053705347004,0.000961267695634911,0.000962179218856613,0.000966044896742402,0.00097225020787627,0.00097869841693593,0.000982778861691723,0.000988547557833086,0.000997325017763851,0.00100179774650382,0.00100353539473555,0.00100221804231155,0.000999438138218095,0.000997451073964095,0.00099579923702555,0.000996259610482035,0.000999238219992421,0.00100291171985692,0.0010077778849237,0.00101268376670714,0.00101725044317913,0.00102254581702722,0.00103025336670938,0.0010400509692392,0.00104725932094257,0.00105296938341587,0.00105756566687383,0.00106109399449306,0.00106597864917981,0.00107214425465597,0.00107796951059997,0.0010832277615338,0.00108728028140769,0.00109010357473515,0.0010927023581872,0.00109536368049525,0.00109839928599272,0.00110113155297275,0.0011031445276346,0.00110441985261258,0.00110508382423558,0.00110396790968479,0.00110695528972666
NaN,NaN,NaN,NaN,NaN,NaN,NaN,NaN,NaN,NaN,NaN,NaN,NaN,NaN,NaN,NaN,NaN,NaN,NaN,NaN,NaN,NaN,NaN,NaN,NaN,NaN,NaN,NaN,NaN,NaN,NaN,NaN,NaN,NaN,NaN,NaN,NaN,NaN,NaN,NaN,NaN,NaN,NaN,NaN,NaN,NaN,NaN,NaN,NaN,NaN,NaN,NaN,NaN,NaN,NaN,NaN,NaN,NaN,NaN,NaN,NaN,NaN,NaN,NaN,NaN,NaN,NaN,NaN,NaN,NaN,NaN,NaN,NaN,NaN,NaN,NaN,NaN,NaN,NaN,NaN,NaN,NaN,NaN,NaN,NaN,NaN,NaN,NaN,NaN,NaN,NaN,0.00148415690780011,0.00147990506952738,0.00147557091655048,0.00147232942126681,0.00146982835248907,0.0014671458849496,0.00146445168550437,0.00146152886882906,0.00145746044245145,0.00145514273539031,NaN,NaN,NaN,NaN,0.0014293421431067,0.00142461903092726,0.00142175485564522,0.00142064359710861,0.0014205422605209,0.00141733704400217,0.00141361571507431,0.0014123039505988,0.00141082620675208,0.00140740587258065,0.00140371420489086,0.0013974059133153,0.00138979087298897,0.0013876147709887,0.00138657473636549,0.0013849710265197,0.00137928326700226,0.00137681790044873,0.00137598789264844,0.00137362242425231,0.00136999310029176,0.00136414838709217,0.00135674330422704,0.00134537731604227,0.00133138891017717,0.00131955990350279,0.00130460740890558,0.00129536578179303,0.00129130772078053,0.00128186443831812,0.00127121444670703,0.00126536473426365,0.00125650166834685,0.0012464311361193,0.00123791810823073,0.00123034216428992,0.0012202301444963,0.0012095336121042,0.00119779480933565,0.00118528742819806,0.00117115459808158,0.00115676065555858,0.00114734002643917,0.00113892058554476,0.00113452668167867,0.00113586696017997,0.00112512636909366,0.00111105590203664,0.00109703076155653,0.00108620579448377,0.00107726357992161,0.00107273391787666,0.00106940085700813,0.00106803916065392,0.00107482864317438,0.00107098005236143,0.00105510976593723,0.00104388948029087,0.00103520423856585,0.00102907672660148,0.00101977427882367,0.00101189593684556,0.00100659253795851,0.00100212085740926,0.000999905686948566,0.000999551794415251,0.000998350491522082,0.000997593919304429,0.000998756599176746,0.00100084312916246,0.00100496713265974,0.00101034755927621,0.00101180932401616,0.0010089146530289,0.00100391452463213,0.000996759877873177,0.000992116904320641,0.000992969787140525,0.000994086142941213,0.000992670462758298,0.000990394008930114,0.000987251610240387,0.000983942866173074,0.000981298183720176,0.000975677825878135,0.000965289005868397,0.000961603051404569,0.000960177857777134,0.000957869501854982,0.000954232693183582,0.00095218945982542,0.000951039914419706,0.00094852412621037,0.000947943763074537,0.000947622313649522,0.000948030028829409,0.000949554828924792,0.00095167835651698,0.000952971083554824,0.000953063238603552,0.000955688753148505,0.000961690731387762,0.000969945290981973,0.000978154692348655,0.000983935218743627,0.000986067268889264,0.000988183234758281,0.000991116885237687,0.000993264226516216,0.000991192008996662,0.000988197616581017,0.000986308661969066,0.000986329996554111,0.000989666505557113,0.000994608918924918,0.00100045869082505,0.00100601241039751,0.00101030037869921,0.00101478590782753,0.00102188986057961,0.0010309762976001,0.00103895743240212,0.00104631952814847,0.00105189111478756,0.00105585443976935,0.00106061858605516,0.00106642876622008,0.00107202411107487,0.00107695823614376,0.00108092002389599,0.00108388587997402,0.00108742596527233,0.00109064968554976,0.00109331921067937,0.00109596895721011,0.00109824999108195,0.00109976249540126,0.00110071431450348,0.00109904063464876,0.00110204297938258
NaN,NaN,NaN,NaN,NaN,NaN,NaN,NaN,NaN,NaN,NaN,NaN,NaN,NaN,NaN,NaN,NaN,NaN,NaN,NaN,NaN,NaN,NaN,NaN,NaN,NaN,NaN,NaN,NaN,NaN,NaN,NaN,NaN,NaN,NaN,NaN,NaN,NaN,NaN,NaN,NaN,NaN,NaN,NaN,NaN,NaN,NaN,NaN,NaN,NaN,NaN,NaN,NaN,NaN,NaN,NaN,NaN,NaN,NaN,NaN,NaN,NaN,NaN,NaN,NaN,NaN,NaN,NaN,NaN,NaN,NaN,NaN,NaN,NaN,NaN,NaN,NaN,NaN,NaN,NaN,NaN,NaN,NaN,NaN,NaN,NaN,NaN,NaN,NaN,NaN,NaN,NaN,NaN,NaN,0.0014736001657521,0.00147184441167893,0.00146873964938299,0.00146389396409969,0.00146194231124891,0.00145918341476495,0.00135818244267161,NaN,NaN,NaN,NaN,0.00141560689202363,0.00142234266773009,0.00141955329523705,0.00141767585065603,0.00141499167958576,0.00141250989119486,0.00140887369502156,0.00140739400066109,0.00140630318527328,0.00140470427774997,0.00140154214091368,0.00139286501282034,0.00138926447983595,0.00139097022881831,0.00139050422186417,0.00138524788444663,0.00138053027474816,0.00137728323347063,0.00137570583073085,0.00137539030689124,0.00137175520806349,0.00136447665692671,0.00135612568672148,0.00134546748074828,0.00132904847808766,0.00131324155754837,0.00130352166839165,0.00129725011188193,0.00129113018464661,0.00127968147746872,0.00126919085216259,0.0012623609575604,0.00125360855017288,0.0012452183837541,0.00123624781504539,0.00122695730590477,0.00121597321080179,0.00120213463401673,0.00119024881884846,0.00117740893762178,0.00116322472251368,0.00115267443364337,0.00114797074775269,0.00114037320671047,0.00113781204639266,0.00113457008167907,0.00111893334691692,0.00110426840289033,0.0010929203636811,0.00108536754537802,0.001075210514103,0.00107174324721965,0.0010744584659994,0.00107905616332811,0.00108863458494833,0.00108360563030422,0.0010664631303664,0.00105241612709428,0.00104632953136477,0.00103896190136846,0.0010272497378282,0.00101569811556623,0.0010055780210235,0.00100381067073322,0.00100726918312702,0.00100932013299704,0.00100900008544377,0.00101160888663446,0.0010124849499769,0.00101498913709301,0.00101935950855717,0.00102161494571561,0.00102230031350877,0.0010210193472034,0.00101536086475406,0.00101251467582963,0.00101261447890481,0.00101341178828809,0.00101266519424278,0.00101003000922208,0.00100647810922818,0.00100179026811137,0.000997492084500903,0.00099509725737823,0.000990995519812287,0.000981424727453699,0.000974692076006333,0.000970271314369164,0.000966051410003575,0.000961489653010768,0.000958077533802892,0.000955138636972779,0.000950856233391475,0.000947643856698809,0.000946967588993713,0.000945904580006512,0.000945050278540321,0.000943800745329609,0.000944072288684865,0.000945233077529043,0.000947478333950612,0.000952717269735972,0.000959411266838424,0.000970579507095226,0.000978729157010548,0.000978475108441744,0.000977914269226922,0.000980051263989967,0.000983344444018033,0.000983071309165997,0.00097963498864776,0.000977039324688967,0.000976979576099199,0.000981052804116372,0.000988326492843794,0.00099464408740403,0.000999385638571265,0.00100222099004636,0.00100626660124618,0.00101470736406538,0.00102416367480171,0.00103175583985497,0.00103806311933327,0.00104412100507729,0.00104996569194997,0.00105580758221024,0.00106174548544036,0.00106716432391704,0.00107144877217977,0.00107474018704348,0.00107774008709817,0.00108162405262553,0.0010859104032685,0.00108916554395728,0.0010915182455753,0.00109342437401056,0.00109513646671792,0.00109617758625319,0.00109347773274877,0.00109650058941891
NaN,NaN,NaN,NaN,NaN,NaN,NaN,NaN,NaN,NaN,NaN,NaN,NaN,NaN,NaN,NaN,NaN,NaN,NaN,NaN,NaN,NaN,NaN,NaN,NaN,NaN,NaN,NaN,NaN,NaN,NaN,NaN,NaN,NaN,NaN,NaN,NaN,NaN,NaN,NaN,NaN,NaN,NaN,NaN,NaN,NaN,NaN,NaN,NaN,NaN,NaN,NaN,NaN,NaN,NaN,NaN,NaN,NaN,NaN,NaN,NaN,NaN,NaN,NaN,NaN,NaN,NaN,NaN,NaN,NaN,NaN,NaN,NaN,NaN,NaN,NaN,NaN,NaN,NaN,NaN,NaN,NaN,NaN,NaN,NaN,NaN,NaN,NaN,NaN,NaN,NaN,NaN,NaN,NaN,NaN,NaN,NaN,0.00138177603683288,0.00146273267396048,NaN,NaN,NaN,NaN,NaN,NaN,NaN,0.00141111314214637,0.00141767973717022,0.00141458817841786,0.00141108963175423,0.00140623697748817,0.00140120998790006,0.00140020577089299,0.00140127650276486,0.00140217561165261,0.00139946297064797,0.00139270505142665,0.00139237636461428,0.0013942990880694,0.00139216836757426,0.00138686408674489,0.00138247808990968,0.00137924142415386,0.00137662979834351,0.00137569829837679,0.00137231710401831,0.00136557603571202,0.00135733526205204,0.00134601417823047,0.00133022787136294,0.00131153459062022,0.00130072937441674,0.00129340528784991,0.00128656805842527,0.00127749758999153,0.00126807887969289,0.00126078876770835,0.00125119534498697,0.00123978364940924,0.0012301144639813,0.00122095664990822,0.00121108783004122,0.00120193190190256,0.00118793212506953,0.0011696159735923,0.00115623532639648,0.00115087522926664,0.00114647584608512,0.00114140242262167,0.00113894458608653,0.00112787478829345,0.00111047569809434,0.0010993024345843,0.0010928535974364,0.00108491547702241,0.00107609900164912,0.00107442604438475,0.00108057240085749,0.0010867418456652,0.00108755014781091,0.00108542892699471,0.00106767961049636,0.0010564943250894,0.00105243980500141,0.00104322635516975,0.00102664821839318,0.00100974360702033,0.0010033918271824,0.00100952157065329,0.00101807352608542,0.00101849728350316,0.00101905620091493,0.00102258297060657,0.0010221735354289,0.00102592455192655,0.00102875827865373,0.00103143965039173,0.00103484973927756,0.00103517544527288,0.00103238203141365,0.00103221175196261,0.00103344606427292,0.00103278123156217,0.00103261987648381,0.00103027061589793,0.00102587286681642,0.00102071897052982,0.00101545431124798,0.00101149638857401,0.00100628673719056,0.000997628458364363,0.000990645718900408,0.000985050220072091,0.000979293914173861,0.000973311267393829,0.000967917827636394,0.000963120431340597,0.000958443570316313,0.000952882455346892,0.000950105477088256,0.000948268337232383,0.000944293283199726,0.000940086718903633,0.000937542251190751,0.000937933012930268,0.000941134521334485,0.000946603532905589,0.000952039913326763,0.000960389770825767,0.000970292443453267,0.000972921874696387,0.000970301443541155,0.000970691940109313,0.000974823139989909,0.000978030096317383,0.000973384340146608,0.000968994225310724,0.000969341798675196,0.00097370445960182,0.000981991631804791,0.000988940219690745,0.000992348822471759,0.000994356860616262,0.000999182088289597,0.00100773062043745,0.00101601606511956,0.00102370247635902,0.00102980501913396,0.00103611158121752,0.00104285282629938,0.00104993171552118,0.00105650589462686,0.0010622039014464,0.00106615010114533,0.00106900843698821,0.00107237184795982,0.00107705922915124,0.00108179994782493,0.00108502408709358,0.00108732607601993,0.00108899024628716,0.00109066581128144,0.00109158697072966,0.00108772525825951,0.00109077415704963
NaN,NaN,NaN,NaN,NaN,NaN,NaN,NaN,NaN,NaN,NaN,NaN,NaN,NaN,NaN,NaN,NaN,NaN,NaN,NaN,NaN,NaN,NaN,NaN,NaN,NaN,NaN,NaN,NaN,NaN,NaN,NaN,NaN,NaN,NaN,NaN,NaN,NaN,NaN,NaN,NaN,NaN,NaN,NaN,NaN,NaN,NaN,NaN,NaN,NaN,NaN,NaN,NaN,NaN,NaN,NaN,NaN,NaN,NaN,NaN,NaN,NaN,NaN,NaN,NaN,NaN,NaN,NaN,NaN,NaN,NaN,NaN,NaN,NaN,NaN,NaN,NaN,NaN,NaN,NaN,NaN,NaN,NaN,NaN,NaN,NaN,NaN,NaN,NaN,NaN,NaN,NaN,NaN,NaN,NaN,NaN,NaN,NaN,NaN,NaN,NaN,NaN,NaN,NaN,NaN,NaN,NaN,NaN,NaN,NaN,0.00118243252520628,0.00139276104515108,0.00138964619667046,0.00139536003472046,0.00139977641148121,0.00139732175157051,0.00139252509362847,0.00139353955056654,0.00139324094003177,0.00139095069696563,0.00138829690393852,0.0013837921507933,0.0013794952533378,0.00137685794655246,0.00137460462758725,0.00137018345959866,0.00136509919591221,0.00135797925639106,0.00134596753385652,0.00132981292018227,0.00131080482213084,0.00129432423071818,0.00128704036272996,0.001280427900694,0.00127327633423425,0.00126617908871857,0.00126033747294193,0.00125147084705509,0.00124090895268822,0.00123129968539103,0.00122156301421328,0.00121344620216962,0.00119970369636804,0.00118049220664968,0.00116394191950772,0.00115467466403544,0.00115022709933362,0.00114245976579408,0.00113764136607936,0.00113275787742174,0.00111689786062176,0.00110638543159853,0.00110325670490347,0.0010960018848451,0.00108853427760709,0.00108360790180109,0.00108243431401704,0.00109099162698568,0.00109831369070189,0.00109244792988623,0.00107336276844286,0.00105662696418311,0.00105313831236461,0.00104615202724278,0.00102901157698034,0.00101224558804696,0.00100305990675775,0.00101000767227626,0.00102305025037027,0.00102717486201365,0.0010237646115632,0.00102949355022302,0.00103302633935799,0.00103305338148576,0.00103603867671487,0.00103963047887011,0.00104343456073163,0.0010480960647552,0.00105044183099066,0.00105204245115126,0.00105353770932496,0.00105483402547213,0.00105401814500994,0.00105243425293061,0.00104938082436611,0.00104475507810842,0.00104084873415674,0.00103667173705609,0.00103143673060305,0.00102401603501877,0.00101408885753244,0.00100557699348458,0.000998902934877144,0.000992554719838587,0.000986217025970642,0.000979253537773177,0.000972719388081915,0.000967390546273037,0.000962686352033339,0.000959065303221873,0.00095601406063187,0.000951323760566271,0.00094448070781843,0.000938445209892807,0.000936489963798907,0.000938179230455439,0.000943640426539159,0.000950484059128516,0.000954628167003644,0.000960535825653373,0.000964009538982106,0.000964627329823234,0.000963405139570147,0.000964602957372889,0.000969452479435778,0.000967347933895539,0.00096436795386393,0.000963904443253671,0.000968300865634492,0.000975850704066782,0.000982520368020837,0.000985914022812008,0.000986307485693952,0.000992052705613839,0.00100233989448416,0.00100921174569795,0.00101420583397844,0.00102084727810101,0.0010280999543402,0.00103563891080756,0.00104286066619245,0.0010495056315709,0.00105495622792855,0.00105910956080268,0.00106290197571254,0.00106728317667009,0.001072753596504,0.00107746885326723,0.00108100906793975,0.00108352644816115,0.0010850948852466,0.00108674899123452,0.00108713756509149,0.00108320494712099,0.00108627716250144
NaN,NaN,NaN,NaN,NaN,NaN,NaN,NaN,NaN,NaN,NaN,NaN,NaN,NaN,NaN,NaN,NaN,NaN,NaN,NaN,NaN,NaN,NaN,NaN,NaN,NaN,NaN,NaN,NaN,NaN,NaN,NaN,NaN,NaN,NaN,NaN,NaN,NaN,NaN,NaN,NaN,NaN,NaN,NaN,NaN,NaN,NaN,NaN,NaN,NaN,NaN,NaN,NaN,NaN,NaN,NaN,NaN,NaN,NaN,NaN,NaN,NaN,NaN,NaN,NaN,NaN,NaN,NaN,NaN,NaN,NaN,NaN,NaN,NaN,NaN,NaN,NaN,NaN,NaN,NaN,NaN,NaN,NaN,NaN,NaN,NaN,NaN,NaN,NaN,NaN,NaN,NaN,NaN,NaN,NaN,NaN,NaN,NaN,NaN,NaN,NaN,NaN,NaN,NaN,NaN,NaN,NaN,NaN,NaN,NaN,NaN,0.00105858299674988,0.00137603310690689,0.00138818639425207,0.00139380780048727,0.0013729510382341,0.00138271563470313,0.00139618088671176,0.0013930168201115,0.00138899970588012,0.00138679920105427,0.00138294001976863,0.00137830909124076,0.00137300043894643,0.00136932499155835,0.00136595230175815,0.00136033203902287,0.00135122611935346,0.00133693635512722,0.00131836805249976,0.00129549363872139,0.00128216692375103,0.00128596447357948,0.00128589262038235,0.00127870534075915,0.00127247788447262,0.00126492018014485,0.00125085335555782,0.00123952177799211,0.00123052769459931,0.00122369921840947,0.00121206493621589,0.00119338818001279,0.00117476916817966,0.00116163900704966,0.00115500320151148,0.00114734477698558,0.00113888395103284,0.00113397331811728,0.00112607909268079,0.00111689844004088,0.00111445875086677,0.00110901025950297,0.00109813398363839,0.00109152684624337,0.00109176158695387,0.00109261194603594,0.00109924244850736,0.00109795703013282,0.00107626552715035,0.00106920462858297,0.00106390502920835,0.00105629650541417,0.00103616683984886,0.00102110934626177,0.00101351075723599,0.00101391278566255,0.0010264777107335,0.00103486267780443,0.00103033055091901,0.00103277534087982,0.00104252150954446,0.00104366842835899,0.00104367578933421,0.00104879486292908,0.0010529708975102,0.00105606922477103,0.00105973144153029,0.00106357959756237,0.00106787335970126,0.00107113214559062,0.00107335457804781,0.00107386068672898,0.00107228885613508,0.00106832678154748,0.00106306705571235,0.00105884617523385,0.00105638566986167,0.00105235625086869,0.00104335836643227,0.00103216404690767,0.00102222014808539,0.00101395691316063,0.00100660704617704,0.000999394295826136,0.000992048656586875,0.000984348946903476,0.000977261272811989,0.000970899780064431,0.00096716432285393,0.000964701653789424,0.000960380022163801,0.000953486857796337,0.000945708677059891,0.000942392586017693,0.000943194889319953,0.000945207126555697,0.000947862866665206,0.00094981385357988,0.000951648311933045,0.000955479089337233,0.000959227432060699,0.00095805225669951,0.000954549231186319,0.000957845699792956,0.000959746475438343,0.000957921358600139,0.000959038104644675,0.000962650192265135,0.000968844987861396,0.000976832432117982,0.00098111068926582,0.000982586508073659,0.000986360518757223,0.000995165535239534,0.00100348721668507,0.00100651896704163,0.0010099001603084,0.00101787611550728,0.00102758786851085,0.00103505550356943,0.00104171345222618,0.00104740333169706,0.00105209569949269,0.00105687657518078,0.00106203550715969,0.00106760058670621,0.00107249909331597,0.00107671185301566,0.00107983467867322,0.00108216451045305,0.00108353365490241,0.00108320888649834,0.00107959859589572,0.00108268787860882
NaN,NaN,NaN,NaN,NaN,NaN,NaN,NaN,NaN,NaN,NaN,NaN,NaN,NaN,NaN,NaN,NaN,NaN,NaN,NaN,NaN,NaN,NaN,NaN,NaN,NaN,NaN,NaN,NaN,NaN,NaN,NaN,NaN,NaN,NaN,NaN,NaN,NaN,NaN,NaN,NaN,NaN,NaN,NaN,NaN,NaN,NaN,NaN,NaN,NaN,NaN,NaN,NaN,NaN,NaN,NaN,NaN,NaN,NaN,NaN,NaN,NaN,NaN,NaN,NaN,NaN,NaN,NaN,NaN,NaN,NaN,NaN,NaN,NaN,NaN,NaN,NaN,NaN,NaN,NaN,NaN,NaN,NaN,NaN,NaN,NaN,NaN,NaN,NaN,NaN,NaN,NaN,NaN,NaN,NaN,NaN,NaN,NaN,NaN,NaN,NaN,NaN,NaN,NaN,NaN,NaN,NaN,NaN,NaN,NaN,0.000746323372277202,0.0013830092038902,0.0013808875465956,0.00138062638020002,0.00100977621498563,NaN,0.00124339864879066,0.00139782514825802,0.00139220770732403,0.00138681210706984,0.0013829567345817,0.00137841008439761,0.00137370735404074,0.00136872628103041,0.00136330501656837,0.00135777766333782,0.00135086878488327,0.00133939509012393,0.00132229750807226,0.00130089222198165,0.00128331243987138,0.00128299402026204,0.0012887459455844,0.00128747420812044,0.00128313208728637,0.00127520921475305,0.00126144670020605,0.00124841673046644,0.0012409694045298,0.0012329023244309,0.00121927008550335,0.00120257882166687,0.00118641834670709,0.00117140796296371,0.00116180861995351,0.00115591439107591,0.00114764028284536,0.00113709984797401,0.00112855419607336,0.00112286701906337,0.00111977612589667,0.0011162438224355,0.00110354268784349,0.00109181805093259,0.00109127742847259,0.00108707049701967,0.00109310505680016,0.00109783988552683,0.00108527929421622,0.00107193939001177,0.0010726464734991,0.00107240071473547,0.00106391509265274,0.00105446846050196,0.00104331151495283,0.0010378645903651,0.00103971488361866,0.00104528295609514,0.00104690381638198,0.00104607835419621,0.00105133151589956,0.00105360805385029,0.0010494097546745,0.00105219520718109,0.00106096271349737,0.00106619835147388,0.00106987518469515,0.00107198829118142,0.00107544260176173,0.00108059028357168,0.00108532957122299,0.0010893323560919,0.00109136860783515,0.00109147817782609,0.00108902756077958,0.00108506927458428,0.0010797635379674,0.00107560888196661,0.00107148516835344,0.00106400484465348,0.00105259233776801,0.00104063367871382,0.00103031539452871,0.00102209945405004,0.00101443581246061,0.00100642144742149,0.000997635597164019,0.000988770772514071,0.000980720561138181,0.000974064704527482,0.000968911624342539,0.000964216025170495,0.00095923265383191,0.000952731393226158,0.000949300687082248,0.000948685362802016,0.000948411961293199,0.000946797739168614,0.000944469279416375,0.000943401488687313,0.000947072462764702,0.000950488945060388,0.000951880051764324,0.000947992800496289,0.000947876683380589,0.000949877856597349,0.000950299622794647,0.000952725129253519,0.000956601072392918,0.000960604351164796,0.000967116623657861,0.000974849488754979,0.000980618920688117,0.000985483623308833,0.000990987299559959,0.000995988541972943,0.000999652446520449,0.00100135844732107,0.00100656742236815,0.00101721987696591,0.00102621144854878,0.00103349669058107,0.00104023637652706,0.00104562099461398,0.00105096543017946,0.00105701695956109,0.00106235504607647,0.00106711930259118,0.00107206759829996,0.00107616271458854,0.00107927511694195,0.00108069572610971,0.00107959647626494,0.0010766149319487,0.00107972529362477
NaN,NaN,NaN,NaN,NaN,NaN,NaN,NaN,NaN,NaN,NaN,NaN,NaN,NaN,NaN,NaN,NaN,NaN,NaN,NaN,NaN,NaN,NaN,NaN,NaN,NaN,NaN,NaN,NaN,NaN,NaN,NaN,NaN,NaN,NaN,NaN,NaN,NaN,NaN,NaN,NaN,NaN,NaN,NaN,NaN,NaN,NaN,NaN,NaN,NaN,NaN,NaN,NaN,NaN,NaN,NaN,NaN,NaN,NaN,NaN,NaN,NaN,NaN,NaN,NaN,NaN,NaN,NaN,NaN,NaN,NaN,NaN,NaN,NaN,NaN,NaN,NaN,NaN,NaN,NaN,NaN,NaN,NaN,NaN,NaN,NaN,NaN,NaN,NaN,NaN,NaN,NaN,NaN,NaN,NaN,NaN,NaN,NaN,NaN,NaN,NaN,NaN,NaN,NaN,NaN,NaN,NaN,NaN,NaN,-0.000415961158341409,0.00138682673145557,0.00138908295365812,0.00138665327715787,0.0013825780488353,NaN,NaN,0.000653235598285118,0.00139468324501088,0.00138900623957009,0.0013834090290135,0.00137811619061251,0.00137326810784918,0.00136759813681631,0.00136315937204314,0.00135805185223842,0.00135209084277075,0.00134396170307389,0.00133210012693635,0.00131521204270746,0.00129492104467654,0.00128285970380617,0.0012816867413416,0.00128547706101039,0.00128246624766634,0.00127690601106553,0.00126541858132179,0.00125379227615294,0.00124596829655239,0.00123845277285421,0.00122789752879474,0.0012138943238263,0.00119947383817537,0.00118521313956506,0.00117145632446327,0.00116189958423892,0.00115605260835933,0.00114549247000761,0.0011330953414369,0.0011246888136039,0.00112066711414276,0.00111847182213249,0.0011099347951958,0.00109743902151764,0.00109425200913701,0.00109207585453843,0.00108984181226739,0.00109788207867656,0.00109471753782969,0.00108386281733483,0.00107717692237166,0.00108050111688197,0.00107973650934696,0.00107522877192182,0.00106804812154448,0.0010635547124293,0.00106520107428536,0.00106914187795113,0.00107287547422876,0.00106863033265557,0.00106343060558821,0.00106427630378419,0.00106160152470558,0.00105764909187171,0.00106450784473174,0.00107292821763439,0.00107937908492084,0.00108356594232283,0.0010856475494667,0.00108897395259051,0.00109303459514472,0.00109900195709267,0.00110534802888946,0.00110964607483393,0.00111104891784501,0.00111045325370087,0.00110697369591084,0.00110153761660397,0.00109497457349226,0.00108963907292851,0.00108206585368694,0.00107378321053499,0.00106104188619327,0.00104810007085134,0.00103753304796991,0.0010282509951373,0.00101950807347923,0.00101056887323513,0.00100108477360531,0.000991250862830305,0.000982255046114478,0.000974986053118259,0.000967672633612632,0.00096099288558897,0.000954944678925848,0.000952548868719158,0.000952563394894291,0.000952250429734937,0.000949304740110013,0.000944555541338495,0.000939785529575878,0.000938467708875471,0.000940364072623988,0.00094209508887901,0.000940347872988469,0.000939736665971806,0.000940366989267705,0.000941822266830319,0.000944663310993743,0.000948719040336288,0.000952839372297854,0.000957786548410565,0.000967300580595916,0.000979757943822556,0.000985956187121344,0.00098788856708514,0.000988827081394417,0.000990908800221074,0.000994141872133431,0.000999441584593882,0.0010076606658575,0.00101658494441742,0.00102435912049417,0.00103223763833442,0.00103976534041871,0.00104601555866035,0.00105189930525656,0.00105759559114815,0.00106229792803086,0.00106701557908067,0.00107174113127458,0.00107565577873034,0.00107715139453632,0.00107630746281223,0.00107379006877438,0.00107692975877906
NaN,NaN,NaN,NaN,NaN,NaN,NaN,NaN,NaN,NaN,NaN,NaN,NaN,NaN,NaN,NaN,NaN,NaN,NaN,NaN,NaN,NaN,NaN,NaN,NaN,NaN,NaN,NaN,NaN,NaN,NaN,NaN,NaN,NaN,NaN,NaN,NaN,NaN,NaN,NaN,NaN,NaN,NaN,NaN,NaN,NaN,NaN,NaN,NaN,NaN,NaN,NaN,NaN,NaN,NaN,NaN,NaN,NaN,NaN,NaN,NaN,NaN,NaN,NaN,NaN,NaN,NaN,NaN,NaN,NaN,NaN,NaN,NaN,NaN,NaN,NaN,NaN,NaN,NaN,NaN,NaN,NaN,NaN,NaN,NaN,NaN,NaN,NaN,NaN,NaN,NaN,NaN,NaN,NaN,NaN,NaN,NaN,NaN,NaN,NaN,NaN,NaN,NaN,NaN,NaN,NaN,NaN,NaN,NaN,-0.0001636688094369,0.00138526662658433,0.0013895444004115,0.00138793405940018,0.00138366270963143,NaN,NaN,-0.00911894666935209,0.00134599452274146,0.00138372422770571,0.00137800040816442,0.00137289168766839,0.00136751258816116,0.00136185590240326,0.00135774064207856,0.0013525884184551,0.00134685645474114,0.00134000882263969,0.00132990801225046,0.00131253675308109,0.00129478703595004,0.00128203751391137,0.00127816694092842,0.00127949147105639,0.0012751431719756,0.00126945783413066,0.00126290200106578,0.00125547747407201,0.00124605648869612,0.00123580037574856,0.00122547277907867,0.00121412016907037,0.00119993479697663,0.00118491372821261,0.00117191822333373,0.00116092493125422,0.00115284342703032,0.00114154939556976,0.00113177527940642,0.0011236755547193,0.00112040414996123,0.00111145019011007,0.00109857555424436,0.00109094205299461,0.00108764662723364,0.0010901207278012,0.00109294766806722,0.00110112871534602,0.00109532531242235,0.00108671734669996,0.00108543156289782,0.00108888201499794,0.00108924648537421,0.00108822953264509,0.00108736056629494,0.00108956985734723,0.00109361733250911,0.00109734432615364,0.00109118189407464,0.00108043862968235,0.00107933752267513,0.00108058455064336,0.00107525528285754,0.00107305858616589,0.00107886369050929,0.00108484458251021,0.00109019052532877,0.00109591338177422,0.00110033162703879,0.00110467074473702,0.00110757456827286,0.00111296432002446,0.00112016087733806,0.00112605269077396,0.00113073895863904,0.00113194997407168,0.00112998366012024,0.00112508615910589,0.00111624292765692,0.0011070880746955,0.00109933903823479,0.00109143846963966,0.00108031225498217,0.00106820279419909,0.00105601044462109,0.00104405106959132,0.00103185019250891,0.00102156052521359,0.00101300513960653,0.00100350431764892,0.000993099679516151,0.000982948681447019,0.000973563537064456,0.000963098395234542,0.000955315249649527,0.00095328100322707,0.000953892021439982,0.000953894180681248,0.000951840542054998,0.000947255829910401,0.000941739004743493,0.000933887375661521,0.000931938668106867,0.000932818230046115,0.000931513073162306,0.000931367277798356,0.000932718475481823,0.000933951621527526,0.000936376619758524,0.000940019156347635,0.000945252811730871,0.000950958235874216,0.000962932939361437,0.00097807804902142,0.000983132815281149,0.00098383892463226,0.00098181312575601,0.000981016426972214,0.000984800773798719,0.000992524133178074,0.00100185266056722,0.00101011250060741,0.00101704625395373,0.00102457371164516,0.00103325513763514,0.00104109891183639,0.00104719972500818,0.00105285739334216,0.00105786126320042,0.00106256455038728,0.00106687983414216,0.00107105869839564,0.00107325874719853,0.00107307286856371,0.00107042045174737,0.00107358804550789
NaN,NaN,NaN,NaN,NaN,NaN,NaN,NaN,NaN,NaN,NaN,NaN,NaN,NaN,NaN,NaN,NaN,NaN,NaN,NaN,NaN,NaN,NaN,NaN,NaN,NaN,NaN,NaN,NaN,NaN,NaN,NaN,NaN,NaN,NaN,NaN,NaN,NaN,NaN,NaN,NaN,NaN,NaN,NaN,NaN,NaN,NaN,NaN,NaN,NaN,NaN,NaN,NaN,NaN,NaN,NaN,NaN,NaN,NaN,NaN,NaN,NaN,NaN,NaN,NaN,NaN,NaN,NaN,NaN,NaN,NaN,NaN,NaN,NaN,NaN,NaN,NaN,NaN,NaN,NaN,NaN,NaN,NaN,NaN,NaN,NaN,NaN,NaN,NaN,NaN,NaN,NaN,NaN,NaN,NaN,NaN,NaN,NaN,NaN,NaN,NaN,NaN,NaN,NaN,NaN,NaN,NaN,NaN,NaN,0.000433672838610399,0.00138184767186735,0.00138511719565134,0.00138676970536841,NaN,NaN,NaN,-0.0381228664064069,-0.00618890504344554,0.00136776611133873,0.00137214642750555,0.00136745313205511,0.00136227247125105,0.0013563246641562,0.00135151578003289,0.0013469480229037,0.00134294167340738,0.00133675107862443,0.00132864135674727,0.00131420284543684,0.00129816598041013,0.00128491814859795,0.00127924235315972,0.00127716861481653,0.00127380954867321,0.00127102825976704,0.00126570337386461,0.00125877010407559,0.00124776541213074,0.00123648473311891,0.00122663415111409,0.00121580437166709,0.00120116767361239,0.0011846701615091,0.00117110989154,0.00116009794154781,0.00114903763327066,0.00113812565517618,0.00112988840266468,0.00112193742508105,0.00111221682505765,0.00109963609167663,0.00109105710282067,0.00108685833784254,0.00108532492188883,0.00108790102380919,0.00109485470767681,0.00109644492336081,0.00109959536248166,0.00109633831997464,0.00109860420992294,0.00110260182515798,0.00110541092941121,0.00110616129190183,0.00110804604534882,0.00111037210056843,0.00111280055628987,0.00111011955062596,0.00110177543082399,0.00110047657104436,0.00110444296709017,0.00109939860916509,0.00109229198429522,0.00108967885741704,0.00109098045249427,0.00109367511053992,0.00109912725093177,0.00110669796403493,0.00111396031733777,0.00112027218618334,0.0011244872353123,0.00112992317140126,0.00113285147881459,0.00113954060385945,0.00114619360339961,0.00115048056792453,0.00115033507396309,0.00114551160527705,0.00113677072070736,0.00112541221224294,0.00111522127989401,0.0011057120094525,0.00109605789605088,0.00108652999129528,0.00107527869609192,0.0010620849330838,0.00104691156680914,0.00103346941929026,0.0010224771339148,0.00101196340558588,0.00100151501546215,0.000990375106971531,0.000978890455610875,0.000967095654684668,0.000958682794873641,0.000954185630375294,0.000951891067024362,0.000951101179006175,0.000951695712738133,0.000951454459429184,0.000946234984260964,0.000935812431313132,0.000928819286098059,0.000927038979689141,0.000925831482969933,0.000923200750349214,0.000923614625377922,0.000925213567582997,0.000926830016861276,0.000931735670747732,0.000938421668032591,0.00094807511035111,0.000961413575961261,0.000972728776818732,0.000974691725309499,0.000976041753929795,0.000974806176296417,0.000971879420273462,0.000974930124082467,0.000983620537931376,0.000995022439822968,0.00100475341000563,0.00101160989329915,0.00101849353332228,0.00102692718520236,0.00103538278168677,0.00104253207974192,0.00104881141995089,0.0010538790530512,0.00105828630448915,0.00106245445488736,0.00106637690318961,0.00106953368241801,0.00106972471992395,0.00106697181670138,0.00107015863821357
NaN,NaN,NaN,NaN,NaN,NaN,NaN,NaN,NaN,NaN,NaN,NaN,NaN,NaN,NaN,NaN,NaN,NaN,NaN,NaN,NaN,NaN,NaN,NaN,NaN,NaN,NaN,NaN,NaN,NaN,NaN,NaN,NaN,NaN,NaN,NaN,NaN,NaN,NaN,NaN,NaN,NaN,NaN,NaN,NaN,NaN,NaN,NaN,NaN,NaN,NaN,NaN,NaN,NaN,NaN,NaN,NaN,NaN,NaN,NaN,NaN,NaN,NaN,NaN,NaN,NaN,NaN,NaN,NaN,NaN,NaN,NaN,NaN,NaN,NaN,NaN,NaN,NaN,NaN,NaN,NaN,NaN,NaN,NaN,NaN,NaN,NaN,NaN,NaN,NaN,NaN,NaN,NaN,NaN,NaN,NaN,NaN,NaN,NaN,NaN,NaN,NaN,NaN,NaN,NaN,NaN,NaN,NaN,NaN,0.00138042876427674,0.00138094258996677,0.00138097223072708,-0.00299238248698364,NaN,NaN,NaN,NaN,-0.0379352873138571,-0.00599723893687905,0.00136079950662015,0.00136248301566711,0.00135848018431873,0.00135263370760627,0.00134701042997146,0.00134281974978953,0.00133929185765481,0.00133344613019156,0.00132655169760851,0.00131615161140992,0.00130245572873521,0.00128924491546784,0.00128092980539725,0.0012741578940703,0.00127552894524703,0.00127374445640106,0.00126833367354774,0.0012618616420948,0.00125266065890857,0.00123999099588627,0.00122847325987089,0.00121664732916426,0.00120006209906185,0.00118223776327575,0.00116961362374564,0.00115916733251825,0.00114713112276848,0.00113497764705717,0.00112589442148768,0.00111582682298721,0.00110417773961642,0.00109123205231841,0.0010844829477404,0.00108422877766358,0.00108660159862042,0.00109359156425159,0.001100587530084,0.00110759576839826,0.00110842554525696,0.00110959835067506,0.00111319013172985,0.00111869185299574,0.00112334617236319,0.0011235524877755,0.00112284014646802,0.00112477279600678,0.00112735610260747,0.00112469671147958,0.00112392343425102,0.00112958716726703,0.0011279897488566,0.00111662719611549,0.00110782420488236,0.00110480992846249,0.00110326424644293,0.00110472259763794,0.00111040331779775,0.00111579631019411,0.00112225536492437,0.00113108907591291,0.00113810308379951,0.00114409573499164,0.00114814669823801,0.00115371917352151,0.00115899627746741,0.00116352646664786,0.00116571536500418,0.00116289196193896,0.00115534560331254,0.00114375708999808,0.001131868377981,0.00111996548548067,0.00110928129035939,0.00109917737753706,0.00109021379321618,0.00107774784034687,0.00106252670493091,0.00104550062053449,0.00102979828273608,0.00101613086147511,0.00100585839037648,0.000994161838576973,0.000983244291683041,0.000971693124660772,0.000962800093866558,0.000957814526937188,0.000952136063141798,0.000948149144661002,0.000948094415247533,0.000951148017377161,0.000948896513350482,0.000939144177350146,0.000931080328143008,0.000925859878984979,0.000921736813469194,0.000919145669141747,0.000917113921023116,0.000917983944552569,0.000919199154187912,0.00092516908567412,0.00093405987920274,0.000946649491797226,0.000959844347713346,0.000966344822632709,0.000964305124729251,0.000964536217465889,0.000965933840298638,0.000964979149811843,0.000967516392137657,0.000975250088800173,0.000986976885095798,0.00099810661234645,0.00100635892414422,0.00101370163092384,0.00102168705447641,0.00102991395906707,0.00103759080791733,0.00104430898456135,0.00104965399598515,0.0010540172077953,0.00105787805066816,0.00106212519804403,0.00106592981227233,0.0010670720406789,0.00106386424916199,0.00106706926871107
NaN,NaN,NaN,NaN,NaN,NaN,NaN,NaN,NaN,NaN,NaN,NaN,NaN,NaN,NaN,NaN,NaN,NaN,NaN,NaN,NaN,NaN,NaN,NaN,NaN,NaN,NaN,NaN,NaN,NaN,NaN,NaN,NaN,NaN,NaN,NaN,NaN,NaN,NaN,NaN,NaN,NaN,NaN,NaN,NaN,NaN,NaN,NaN,NaN,NaN,NaN,NaN,NaN,NaN,NaN,NaN,NaN,NaN,NaN,NaN,NaN,NaN,NaN,NaN,NaN,NaN,NaN,NaN,NaN,NaN,NaN,NaN,NaN,NaN,NaN,NaN,NaN,NaN,NaN,NaN,NaN,NaN,NaN,NaN,NaN,NaN,NaN,NaN,NaN,NaN,NaN,NaN,NaN,NaN,NaN,NaN,NaN,NaN,NaN,NaN,NaN,NaN,NaN,NaN,NaN,NaN,NaN,NaN,NaN,NaN,0.00138030586062892,-0.00343030581761434,-0.034044661130555,-0.0457765550035489,NaN,NaN,NaN,NaN,-0.0362698457920268,-0.00449886873470489,0.00135507313900896,0.00135404443221207,0.00134963603245006,0.00134477834590214,0.00134070662966632,0.00133708115962252,0.00133193964957319,0.00132482629256768,0.0013167524110508,0.00130704405171792,0.00129211607690089,0.00127424269445526,0.00127712784434721,0.00127978324598081,0.00127598863231233,0.00127127499186219,0.00126624314557342,0.00125661260821563,0.00124228785324065,0.0012280984442466,0.00121462747954332,0.00119790058708553,0.00118126492899962,0.00116971056973678,0.00115888566668201,0.00114664446835415,0.0011329392972029,0.0011202560886799,0.00110882497673075,0.00109738347718813,0.00108646945777699,0.00108281721485534,0.00108608688258727,0.0010929391007848,0.00110036786892193,0.00110761534278657,0.00111531365466831,0.00111815155784679,0.00112071149271784,0.00112720164923269,0.00113573943314724,0.00113991034169458,0.00113686849242082,0.00113278082287302,0.00113235545408918,0.00113622743176941,0.00113892149240423,0.00114479372449052,0.00114969793023969,0.0011405495282689,0.00113051956980895,0.00112592855715511,0.00112218880480386,0.00112089497672072,0.00112085069754353,0.00112075050516543,0.0011222178625849,0.00113077531045398,0.00114221773808678,0.00115077587337748,0.00115642499147042,0.0011621643046421,0.00116602414980904,0.00116938585937888,0.00117348132768467,0.0011763269964421,0.00117547060312539,0.00116880770816268,0.00115845453691245,0.00114470161088398,0.00113087778375679,0.00111919121147233,0.00110861324439574,0.00109926452077786,0.00108835142484085,0.00107480653953067,0.0010589399192693,0.00104179441951447,0.00102298635557803,0.00100665873435428,0.000993261833127341,0.000983375488860385,0.000973727509878459,0.000965740495178835,0.000960287121336129,0.000954906493342123,0.000948466245264759,0.000944794852514054,0.000947291183982802,0.000948980293010349,0.000942799268591355,0.000936198877550189,0.000928983379194557,0.00091961946443106,0.000915007441733106,0.000912200665917684,0.000912768776803796,0.000916426948764748,0.000923132514968616,0.000933451811921858,0.000945593059115583,0.00095689047219509,0.000958167260581713,0.000954450069483581,0.000954633371884817,0.000956840972346967,0.000958161204712038,0.000961501915923509,0.000969518316188966,0.00098030467010995,0.000990874164236914,0.000999951583536246,0.00100867067661048,0.00101708022425204,0.00102458940162464,0.00103225509189788,0.00103924141018135,0.00104493563241155,0.00104952864110823,0.00105375971676873,0.00105813077993223,0.00106281777670615,0.00106510224650087,0.00106066814368949,0.00106388121088699
NaN,NaN,NaN,NaN,NaN,NaN,NaN,NaN,NaN,NaN,NaN,NaN,NaN,NaN,NaN,NaN,NaN,NaN,NaN,NaN,NaN,NaN,NaN,NaN,NaN,NaN,NaN,NaN,NaN,NaN,NaN,NaN,NaN,NaN,NaN,NaN,NaN,NaN,NaN,NaN,NaN,NaN,NaN,NaN,NaN,NaN,NaN,NaN,NaN,NaN,NaN,NaN,NaN,NaN,NaN,NaN,NaN,NaN,NaN,NaN,NaN,NaN,NaN,NaN,NaN,NaN,NaN,NaN,NaN,NaN,NaN,NaN,NaN,NaN,NaN,NaN,NaN,NaN,NaN,NaN,NaN,NaN,NaN,NaN,NaN,NaN,NaN,NaN,NaN,NaN,NaN,NaN,NaN,NaN,NaN,NaN,NaN,NaN,NaN,NaN,NaN,NaN,NaN,NaN,NaN,NaN,NaN,NaN,NaN,NaN,NaN,NaN,-0.0457799996105748,-0.0458946774192975,NaN,NaN,NaN,NaN,NaN,NaN,-0.00451011007420377,0.000549642780981491,0.00131918846758996,0.00134077141724103,0.00133921085962791,0.00133505766480767,0.00132826336868669,0.00132151853020805,0.000695431134788871,-0.00456086141276855,-0.00277876743577565,0.000843756522725143,0.00128108609171042,0.00128134278892733,0.00127716108256069,0.00127217244303013,0.00126749880658883,0.00125790394329958,0.00124386945318732,0.00123056753308212,0.00121503290838409,0.00119938482115897,0.00118456206014406,0.00117133437602207,0.00115925696600907,0.00114595251765437,0.00113245661944248,0.00111783997587513,0.00110470172937174,0.00109265352188224,0.00108462539972819,0.00108338171084847,0.00108675264505588,0.00109518934490576,0.00110481442970798,0.00111245819751132,0.00111951648887646,0.00112408389199574,0.00112943951543212,0.00113905462298183,0.00114926351711581,0.00115231283707539,0.00114907523128309,0.00113694075248605,0.00113440452431971,0.00114022425621405,0.00114671420000489,0.00115457455180947,0.00115670893882819,0.00115297862505354,0.00114937004833039,0.0011462970326044,0.0011410352414347,0.00112881943353913,0.00112128329033567,0.00112440057251363,0.00113127184595628,0.00114319323523979,0.00115245683878809,0.00116185288971227,0.00117055697610409,0.00117538460606427,0.00117672116193351,0.00117756418057635,0.00118035276849785,0.00118373059893666,0.00118390371164765,0.00117926419411977,0.00116948854338131,0.00115520188132073,0.00113993693448179,0.00112433784825545,0.00111213735172741,0.0011022536099248,0.00109362362361892,0.00108136763015576,0.00106740204410621,0.00105102113976261,0.00103092994850652,0.00101059627817195,0.000993620676721776,0.000981108176916857,0.00097037072144268,0.000961491180946267,0.000956369539275796,0.000954393679574765,0.000952700768002168,0.000947863233228176,0.000942358320322369,0.000942477861979096,0.000941503177902237,0.000937016322110301,0.000932989006428178,0.000922586534305607,0.000912421750066201,0.000907268630638919,0.000907464919763388,0.000912619452815846,0.000921572357642789,0.000936143356614498,0.000947788969536666,0.000952660714417252,0.000949563177930076,0.000943799155911309,0.000945284093667053,0.000948746884936168,0.000952069080565576,0.000956474041358766,0.000964450953574086,0.000974870694296521,0.000984628282481848,0.000993408247520977,0.00100315097094162,0.0010119350407064,0.00101918899897827,0.00102682273621311,0.00103420885909566,0.00104050922650852,0.00104559194220318,0.00105040228315606,0.0010550350908011,0.00105997502819088,0.00106259501921194,0.0010580982749326,0.00106131349072067
NaN,NaN,NaN,NaN,NaN,NaN,NaN,NaN,NaN,NaN,NaN,NaN,NaN,NaN,NaN,NaN,NaN,NaN,NaN,NaN,NaN,NaN,NaN,NaN,NaN,NaN,NaN,NaN,NaN,NaN,NaN,NaN,NaN,NaN,NaN,NaN,NaN,NaN,NaN,NaN,NaN,NaN,NaN,NaN,NaN,NaN,NaN,NaN,NaN,NaN,NaN,NaN,NaN,NaN,NaN,NaN,NaN,NaN,NaN,NaN,NaN,NaN,NaN,NaN,NaN,NaN,NaN,NaN,NaN,NaN,NaN,NaN,NaN,NaN,NaN,NaN,NaN,NaN,NaN,NaN,NaN,NaN,NaN,NaN,NaN,NaN,NaN,NaN,NaN,NaN,NaN,NaN,NaN,NaN,NaN,NaN,NaN,NaN,NaN,NaN,NaN,NaN,NaN,NaN,NaN,NaN,NaN,NaN,NaN,NaN,NaN,NaN,NaN,NaN,NaN,NaN,NaN,NaN,NaN,NaN,NaN,-0.0218836393399467,-0.00776063970179177,-0.0024910208524778,-0.000311240480333363,0.000755519600616646,-0.000181641148091693,-0.00529627708081248,-0.0205021079255259,NaN,NaN,NaN,0.000867274267491058,0.00128245316096446,0.00127487110408322,0.00126907768641127,0.00126648749624139,0.00125680954771445,0.00124469236358287,0.00123360131891717,0.00121916962197186,0.00120324358989978,0.00118902399708452,0.00117426562457211,0.0011590447708267,0.0011464257816747,0.00113269083025448,0.00111787865795818,0.0011039605566157,0.00109353720402102,0.00108517939501944,0.00108255449806283,0.00108654263833064,0.00109496935690232,0.00110589222587784,0.00111425324345814,0.00112064134129821,0.00112906686425524,0.00113773469729617,0.00114683193531118,0.00115762036914953,0.00116225429285139,0.00115045841620992,0.00113605400320839,0.00113427009338671,0.00114044513552675,0.00115030832922404,0.00115859922203846,0.00116448755787024,0.00116497956927674,0.00116370054100605,0.00116032694377238,0.00113665464920904,0.00111036865777076,0.00111982340923167,0.00113477280069618,0.00114412625946576,0.00114930675917879,0.00115642715673448,0.00116915163203651,0.001178614927882,0.001182503730645,0.00118387483044017,0.00118229384567228,0.00118161816245875,0.00118260520373321,0.00118377247731603,0.00118086962255137,0.00117276902668973,0.00116112965840717,0.00114502215777776,0.00112794604910465,0.00111179751596625,0.00109981959698536,0.0010915901512916,0.00108051861244994,0.00106572436183527,0.00104974889469419,0.00103030076460885,0.00101148631684894,0.000997173434478753,0.000982985932061917,0.000969684426293261,0.000955070580334851,0.000946733761911138,0.000943254184273632,0.000946663481807083,0.000945910400905026,0.000940102676803475,0.000939123737372655,0.000939832348863801,0.000934684652936189,0.000928183213608006,0.000921574975484559,0.000912997508937474,0.000907195482310732,0.00090558688794665,0.000910655636623688,0.000922065299301084,0.00093662498378146,0.00094275379727623,0.000945033100824212,0.000941778738884969,0.000936148464814324,0.000936633852246494,0.000941620540993149,0.000946909316394512,0.000952330160081684,0.000959856368897727,0.000970396896041323,0.00097968134351874,0.00098792503388464,0.000997822731634849,0.00100677768712232,0.0010140247344783,0.00102147838119337,0.0010291620307384,0.00103605741276453,0.0010418299512424,0.00104730284689789,0.0010525418270072,0.00105712061508491,0.00106018981731947,0.00105621331354364,0.00105943854658706
NaN,NaN,NaN,NaN,NaN,NaN,NaN,NaN,NaN,NaN,NaN,NaN,NaN,NaN,NaN,NaN,NaN,NaN,NaN,NaN,NaN,NaN,NaN,NaN,NaN,NaN,NaN,NaN,NaN,NaN,NaN,NaN,NaN,NaN,NaN,NaN,NaN,NaN,NaN,NaN,NaN,NaN,NaN,NaN,NaN,NaN,NaN,NaN,NaN,NaN,NaN,NaN,NaN,NaN,NaN,NaN,NaN,NaN,NaN,NaN,NaN,NaN,NaN,NaN,NaN,NaN,NaN,NaN,NaN,NaN,NaN,NaN,NaN,NaN,NaN,NaN,NaN,NaN,NaN,NaN,NaN,NaN,NaN,NaN,NaN,NaN,NaN,NaN,NaN,NaN,NaN,NaN,NaN,NaN,NaN,NaN,NaN,NaN,NaN,NaN,NaN,NaN,NaN,NaN,NaN,NaN,NaN,NaN,NaN,NaN,NaN,NaN,NaN,NaN,NaN,NaN,NaN,NaN,NaN,NaN,NaN,NaN,NaN,NaN,NaN,-0.0201083929313359,-0.0259812437171933,NaN,NaN,NaN,NaN,NaN,NaN,0.000859964496492338,0.00127271926309108,0.0012649072290305,0.00126540831301016,0.0012552178177564,0.00124472705510979,0.0012344825724246,0.00122127339380018,0.00120747698159098,0.00119177420152422,0.00117669576497326,0.00116148409058255,0.00114807467845212,0.00113427650109988,0.00112002110286888,0.00110574218891726,0.00109393211215504,0.0010861625629475,0.00108178225915743,0.00108406677388967,0.00109184819918223,0.0011024041627182,0.00111304736727939,0.00112005495516203,0.00112947081149697,0.00113975894253795,0.00115047770014421,0.00116093517853304,0.00116605826429506,0.00115665249277574,0.0011346907409037,0.0011257088642584,0.00113814405011202,0.00114921082306985,0.00115729463371739,0.00116367110898663,0.00116748635465319,0.00117019259113854,0.00114834841703529,0.00110390986965975,0.0011086092674626,0.00113396023861091,0.00113801817586645,0.00113753700523443,0.00114100053240163,0.0011560568980001,0.00117054605551026,0.0011785599596798,0.00118221166143125,0.00118288621380517,0.00117921262766747,0.00117371442984665,0.00117176398946551,0.0011722306821344,0.00117060114751719,0.00116551442541874,0.00115757445435895,0.00114339466820738,0.00112723106454932,0.00111037286234799,0.00109468148399081,0.00108301751790534,0.00107346864596258,0.00105921909163376,0.00104133641973392,0.00101992019529268,0.0010022317211127,0.000988558059736248,0.000978758080164233,0.000966063519019594,0.000952620670002117,0.000942147574787399,0.0009342953265569,0.000932185555233611,0.000932828407971947,0.000931676465309565,0.000932013532569937,0.000932339224381331,0.00092848294841698,0.000923324786357598,0.000917854952928487,0.0009132202248488,0.000908139171335228,0.00090527402719727,0.000909995746526474,0.000922441862845024,0.000933186935881181,0.000935496768051784,0.000935696328065384,0.000930900241647813,0.000928406727095513,0.000932440169264775,0.000938074577670182,0.000942931458733153,0.000949348807134989,0.000956881449634763,0.000965624751480022,0.000974957916095555,0.000983215132128038,0.000992183972324292,0.00100126436778022,0.00100913604900643,0.0010170713074299,0.00102454011287978,0.00103151719460499,0.00103782223313277,0.00104422008480565,0.00105004380671339,0.00105460788099139,0.00105823968259467,0.00105467897864431,0.00105792535439975
NaN,NaN,NaN,NaN,NaN,NaN,NaN,NaN,NaN,NaN,NaN,NaN,NaN,NaN,NaN,NaN,NaN,NaN,NaN,NaN,NaN,NaN,NaN,NaN,NaN,NaN,NaN,NaN,NaN,NaN,NaN,NaN,NaN,NaN,NaN,NaN,NaN,NaN,NaN,NaN,NaN,NaN,NaN,NaN,NaN,NaN,NaN,NaN,NaN,NaN,NaN,NaN,NaN,NaN,NaN,NaN,NaN,NaN,NaN,NaN,NaN,NaN,NaN,NaN,NaN,NaN,NaN,NaN,NaN,NaN,NaN,NaN,NaN,NaN,NaN,NaN,NaN,NaN,NaN,NaN,NaN,NaN,NaN,NaN,NaN,NaN,NaN,NaN,NaN,NaN,NaN,NaN,NaN,NaN,NaN,NaN,NaN,NaN,NaN,NaN,NaN,NaN,NaN,NaN,NaN,NaN,NaN,NaN,NaN,NaN,NaN,NaN,NaN,NaN,NaN,NaN,NaN,NaN,NaN,NaN,NaN,NaN,NaN,NaN,NaN,NaN,NaN,NaN,NaN,NaN,NaN,NaN,NaN,NaN,NaN,NaN,0.00126234659240797,0.00125270677768378,0.00124321900799342,0.00123151520877542,0.00122009860863131,0.00120824848712711,0.00119487999454273,0.00117950254328024,0.00116524445442456,0.00115140324691492,0.00113782642923244,0.00112385512813961,0.00110856833856453,0.00109515925367434,0.00108590943336327,0.00108173649262662,0.0010813520826193,0.00108664367460282,0.00109605565496729,0.00110873868260806,0.00111960877321247,0.00113152061491979,0.00114447242691431,0.00115662739770135,0.00116374100623459,0.00116721289768383,0.00115780613918755,0.00113485732804476,0.00113784489789216,0.00113934319807046,0.00114618076884222,0.00115315876216079,0.00116033240988673,0.00116901424405034,0.00116102929587103,0.00110500570103598,0.00108816942138796,0.00112339399585976,0.00112818582102242,0.0011194758699086,0.00111413187221222,0.00112683680060835,0.00115027651934295,0.00116580923730345,0.00117455817506941,0.00117768469644205,0.0011755176034432,0.00116895944344698,0.00116092881387223,0.00115485295910179,0.00115158147956397,0.00114989024628061,0.00114490708387627,0.00114031332436382,0.00113052260459168,0.00111741725675935,0.00110275482461999,0.00108659448207392,0.00107138652435742,0.00105900185846714,0.00105086035304507,0.00103643379501344,0.00101221810756412,0.000992351546247724,0.000975554802923469,0.000965147124777396,0.000954699086443904,0.000944631165157146,0.00093696257389849,0.000927757298602778,0.000919396343771181,0.00091822782743467,0.000919279266972212,0.000921045072688324,0.000920300272294774,0.000916962342596805,0.000913740502821232,0.000912040156186819,0.000910160460983608,0.000906334568708203,0.000902537129943136,0.000908051419017778,0.000920739498087575,0.000926147663619675,0.000926870126164014,0.000924808536705906,0.000921376437133417,0.000922398374019495,0.000927948621086894,0.000933811498008141,0.000939014576823323,0.000945282440051822,0.00095321582349329,0.000962114829486791,0.000970819172492518,0.000978981855005792,0.000987379211675239,0.000996021878066349,0.0010039197819936,0.00101156035121677,0.00101960335907563,0.0010271530096366,0.00103377278920441,0.00104079534998378,0.0010473065354674,0.00105237194401019,0.00105646274833112,0.00105365437637593,0.00105691138367898
NaN,NaN,NaN,NaN,NaN,NaN,NaN,NaN,NaN,NaN,NaN,NaN,NaN,NaN,NaN,NaN,NaN,NaN,NaN,NaN,NaN,NaN,NaN,NaN,NaN,NaN,NaN,NaN,NaN,NaN,NaN,NaN,NaN,NaN,NaN,NaN,NaN,NaN,NaN,NaN,NaN,NaN,NaN,NaN,NaN,NaN,NaN,NaN,NaN,NaN,NaN,NaN,NaN,NaN,NaN,NaN,NaN,NaN,NaN,NaN,NaN,NaN,NaN,NaN,NaN,NaN,NaN,NaN,NaN,NaN,NaN,NaN,NaN,NaN,NaN,NaN,NaN,NaN,NaN,NaN,NaN,NaN,NaN,NaN,NaN,NaN,NaN,NaN,NaN,NaN,NaN,NaN,NaN,NaN,NaN,NaN,NaN,NaN,NaN,NaN,NaN,NaN,NaN,NaN,NaN,NaN,NaN,NaN,NaN,NaN,NaN,NaN,NaN,NaN,NaN,NaN,NaN,NaN,NaN,NaN,NaN,NaN,NaN,NaN,NaN,NaN,NaN,NaN,NaN,NaN,NaN,NaN,NaN,NaN,NaN,NaN,-0.00107436019505962,-0.000624188466123721,0.00123634925884077,0.00122702329787339,0.00121617333534235,0.00120600800361984,0.00119624806777634,0.00118411725144063,0.0011706095979285,0.00115656410300428,0.00114368421015212,0.00112866402017851,0.00111414212978507,0.00109877618480676,0.00108699688451824,0.00107996303882802,0.00108137368232254,0.00108490566488357,0.0010913196051637,0.00110284124559042,0.00111860977632976,0.00113389682261277,0.00114696827933427,0.00115546924573492,0.00116389660626736,0.00116901763052568,0.00116165274669593,0.00115488070176078,0.00114709689238436,0.00113884831811288,0.00114299574593268,0.00115053251290936,0.00115787086197421,0.00116297495158658,0.0011207560957751,0.00107774259228733,0.0011053977681732,0.00111363347378345,0.00110048838188342,0.00108622066225748,0.00109268933954121,0.00112261772958438,0.00114468859080453,0.00115521798697544,0.0011601425594833,0.00116470310062956,0.0011633890152225,0.00115421527092283,0.00114238765324951,0.00113379829892571,0.00112681413240451,0.00112358688392888,0.00112110370784194,0.0011164036618359,0.00111085720731628,0.00109901941708499,0.00108462830082408,0.00106907134315882,0.00105327876181055,0.00103869618165822,0.00103027440291652,0.00102255719326035,0.00100297948799167,0.000981791561014069,0.000963482451628786,0.000950579751233878,0.000940241378320272,0.00093166616226429,0.000924519008297104,0.000916208141829133,0.00090936641009395,0.000906712128835021,0.000907686885203439,0.000906472531644506,0.000905835471369249,0.000902705110422366,0.000898964811326675,0.000899465253359283,0.000901755757889342,0.000903374526119219,0.000903737574440535,0.000907137874550446,0.00091402211162676,0.000914659039358445,0.000913425205536092,0.000913897020720761,0.000915868707658858,0.000920192601519977,0.000923356200097255,0.000927493105755168,0.000934039047690273,0.000940392214639947,0.000947621452607566,0.000957813348714265,0.000966617589370339,0.00097468034081613,0.000982864890883013,0.000990807342801603,0.00099804933206712,0.00100577291085335,0.00101445230471303,0.00102282051550564,0.00103033031893449,0.00103776224352079,0.00104503695126006,0.00105024366754656,0.00105438680792913,0.00105280907297076,0.00105607403168574
NaN,NaN,NaN,NaN,NaN,NaN,NaN,NaN,NaN,NaN,NaN,NaN,NaN,NaN,NaN,NaN,NaN,NaN,NaN,NaN,NaN,NaN,NaN,NaN,NaN,NaN,NaN,NaN,NaN,NaN,NaN,NaN,NaN,NaN,NaN,NaN,NaN,NaN,NaN,NaN,NaN,NaN,NaN,NaN,NaN,NaN,NaN,NaN,NaN,NaN,NaN,NaN,NaN,NaN,NaN,NaN,NaN,NaN,NaN,NaN,NaN,NaN,NaN,NaN,NaN,NaN,NaN,NaN,NaN,NaN,NaN,NaN,NaN,NaN,NaN,NaN,NaN,NaN,NaN,NaN,NaN,NaN,NaN,NaN,NaN,NaN,NaN,NaN,NaN,NaN,NaN,NaN,NaN,NaN,NaN,NaN,NaN,NaN,NaN,NaN,NaN,NaN,NaN,NaN,NaN,NaN,NaN,NaN,NaN,NaN,NaN,NaN,NaN,NaN,NaN,NaN,NaN,NaN,NaN,NaN,NaN,NaN,NaN,NaN,NaN,NaN,NaN,NaN,NaN,NaN,NaN,NaN,NaN,NaN,NaN,NaN,NaN,-0.0275357875865807,-0.00064824440231037,0.000439315780793996,0.00121199915547049,0.00120565232481606,0.0011969181090887,0.00118686229826779,0.00117568178380456,0.0011641476194473,0.00115076332795058,0.00113648826789786,0.00112087360554847,0.00110552735898409,0.00109238371449583,0.00108214121455378,0.00108147676570176,0.00108369378520146,0.00108869383098484,0.00109736232542107,0.00111409976349793,0.00113195147446699,0.00114274539304038,0.00115311508224893,0.00116440698885613,0.00117094520977077,0.00117038081083355,0.00115919575144008,0.00114178346985556,0.00113138579994023,0.00114780667089188,0.00115323320084783,0.00115055346582187,0.00112807425939572,0.00108443036389431,0.00108529911228405,0.00109357198554744,0.00107791745862812,0.00107075107453187,0.00107062239592755,0.00109269763637088,0.00112428070777538,0.00113691019241835,0.00114043017265863,0.00114274243833452,0.00114667479710362,0.00114383369977999,0.00113298576365699,0.00111763451209156,0.00110517494705565,0.00109657970721218,0.0010898234814215,0.00108995169140205,0.00108687571060098,0.00108247711781984,0.00107456514991659,0.00106246820934241,0.00104710073870561,0.00102817624838043,0.00100759094350889,0.00099548704742187,0.000995072866999367,0.000983112662032715,0.000965689402049642,0.000948839412873976,0.00093573023359929,0.00092506077526855,0.000915296774491618,0.000909935944592793,0.000904207917199029,0.000896891391221906,0.000894185253636694,0.000893210945583791,0.000890662973622443,0.000889052869546091,0.000886924533610845,0.000882492887085482,0.000885011516718055,0.000894276712718448,0.000898399949376445,0.00089701639807644,0.000899871564021293,0.000901789472017647,0.000901187434150373,0.000902770343531055,0.0009077486927431,0.000913381729247581,0.000917343635852191,0.000919748049968212,0.00092366213432922,0.000929523883635052,0.00093620194347994,0.000943839940026026,0.000952986822836163,0.000961791048189585,0.000970011684900333,0.000977997311516919,0.000985354746933844,0.000992257147649334,0.00100002875141227,0.00100927816017554,0.00101837973609739,0.00102700287130489,0.00103526944166346,0.00104292893440693,0.00104792626534788,0.00105156302117552,0.00105029203167357,0.00105356423232442
NaN,NaN,NaN,NaN,NaN,NaN,NaN,NaN,NaN,NaN,NaN,NaN,NaN,NaN,NaN,NaN,NaN,NaN,NaN,NaN,NaN,NaN,NaN,NaN,NaN,NaN,NaN,NaN,NaN,NaN,NaN,NaN,NaN,NaN,NaN,NaN,NaN,NaN,NaN,NaN,NaN,NaN,NaN,NaN,NaN,NaN,NaN,NaN,NaN,NaN,NaN,NaN,NaN,NaN,NaN,NaN,NaN,NaN,NaN,NaN,NaN,NaN,NaN,NaN,NaN,NaN,NaN,NaN,NaN,NaN,NaN,NaN,NaN,NaN,NaN,NaN,NaN,NaN,NaN,NaN,NaN,NaN,NaN,NaN,NaN,NaN,NaN,NaN,NaN,NaN,NaN,NaN,NaN,NaN,NaN,NaN,NaN,NaN,NaN,NaN,NaN,NaN,NaN,NaN,NaN,NaN,NaN,NaN,NaN,NaN,NaN,NaN,NaN,NaN,NaN,NaN,NaN,NaN,NaN,NaN,NaN,NaN,NaN,NaN,NaN,NaN,NaN,NaN,NaN,NaN,NaN,NaN,NaN,NaN,NaN,NaN,NaN,NaN,-0.0275516481831173,-0.00690866510828401,-0.00207838677302389,0.00120209142748835,0.00119745168952975,0.00118913617511609,0.00118030234747462,0.00117147847917664,0.00115857018042442,0.00114429630187803,0.00112883751591641,0.00111262966273333,0.00109934807619758,0.00108861344904526,0.00108554177181149,0.00108462507624469,0.00108760324204332,0.00109480749222078,0.00110714425072453,0.00112049989149901,0.00113232446331091,0.00113946582026303,0.00115298180072717,0.00116307861510911,0.00115256327232361,0.00113444524658559,0.00112754512459648,0.00114013235319316,0.0011497765549004,0.0011236341069738,0.0010894169000097,0.00107649913500986,0.00108044683715281,0.00108289271773254,0.00106283021244624,0.00105332073778124,0.00104561880325952,0.00106375415437909,0.0010935272314242,0.00111640548295118,0.00112350769258521,0.00112553740051546,0.00113213398236121,0.00112986684361832,0.0011190089125224,0.00110440686370783,0.001085612625132,0.00106818689840887,0.00105718759111946,0.0010487913780407,0.00104194106772292,0.00104628782015937,0.00104546156930369,0.00104055587152406,0.00103204811611723,0.00102201542433269,0.00100708309066239,0.000981974769436982,0.000958047916284739,0.000950280243230418,0.000948846018563234,0.000938322007023244,0.000925902411430752,0.000913664592020191,0.000901638328593168,0.000894990059100741,0.000892484261007018,0.00088758031614443,0.000883162385725397,0.000879896441902901,0.00087718411730176,0.000872705716781544,0.000869529030130212,0.000869977499389996,0.000871965021922884,0.000879967118356584,0.000887942705818931,0.000885225550978229,0.00088507306734531,0.000888158925064273,0.00088812659044197,0.000887829349226784,0.000893563270396323,0.000902629806206926,0.000910471358351092,0.000914945425645186,0.000917692211051203,0.000922490797433528,0.00092871190662749,0.000934008820589449,0.000940579784309721,0.000948833280215688,0.000957329416734908,0.000965494608476933,0.000972770055450983,0.000979880728761993,0.000987065989998495,0.000995324999484583,0.00100463546791224,0.00101411753325306,0.00102325661750147,0.00103216134024259,0.0010401031618496,0.00104533903458051,0.00104835348133179,0.00104678363797579,0.00105005706901544
NaN,NaN,NaN,NaN,NaN,NaN,NaN,NaN,NaN,NaN,NaN,NaN,NaN,NaN,NaN,NaN,NaN,NaN,NaN,NaN,NaN,NaN,NaN,NaN,NaN,NaN,NaN,NaN,NaN,NaN,NaN,NaN,NaN,NaN,NaN,NaN,NaN,NaN,NaN,NaN,NaN,NaN,NaN,NaN,NaN,NaN,NaN,NaN,NaN,NaN,NaN,NaN,NaN,NaN,NaN,NaN,NaN,NaN,NaN,NaN,NaN,NaN,NaN,NaN,NaN,NaN,NaN,NaN,NaN,NaN,NaN,NaN,NaN,NaN,NaN,NaN,NaN,NaN,NaN,NaN,NaN,NaN,NaN,NaN,NaN,NaN,NaN,NaN,NaN,NaN,NaN,NaN,NaN,NaN,NaN,NaN,NaN,NaN,NaN,NaN,NaN,NaN,NaN,NaN,NaN,NaN,NaN,NaN,NaN,NaN,NaN,NaN,NaN,NaN,NaN,NaN,NaN,NaN,NaN,NaN,NaN,NaN,NaN,NaN,NaN,NaN,NaN,NaN,NaN,NaN,NaN,NaN,NaN,NaN,NaN,NaN,NaN,NaN,NaN,-0.0357563939311678,-0.00428464589104588,-0.000164342037275393,0.00119529158401427,0.0011911282057001,0.00118595884753841,0.00117689706235225,0.00116262922061046,0.00114873364741573,0.00113391935568813,0.00111889734591637,0.00110378286268108,0.00109736772552774,0.00109306434668815,0.00109062123647892,0.00108797544484995,0.00109142993735471,0.001099761519475,0.00110607355775704,0.00111452821437406,0.00112038926683736,0.00113122350323928,0.00113019547089271,0.00111109375578522,0.00111235141510902,0.00112128548665686,0.00111584671070939,0.00108998014513964,0.00105685716200326,0.00104377404542177,0.0010681752892096,0.00107584974802921,0.00105690703321191,0.00103272390840904,0.00101734235991976,0.00102397719681833,0.00104498926675821,0.00107830258119626,0.0010949390445426,0.00110364492799402,0.00111005989020459,0.00111649192305973,0.00110558728181663,0.00108757999480633,0.00106989851936974,0.00104814102904922,0.001023697377181,0.00100566079178462,0.000995103658248513,0.00098490275579148,0.000982936540249924,0.000987448738087172,0.000987393958002001,0.000984496006362029,0.000981359292025662,0.000978430793563482,0.000963508723939024,0.000937644332037769,0.000915494021667181,0.000908341716317025,0.000904200610506102,0.000895575389563653,0.000884535360205294,0.000873571242821863,0.000869552962318887,0.000869694979401961,0.000865745954712275,0.000862574481893565,0.000863282561505252,0.000859523766160401,0.000851721511571366,0.000849728288450096,0.000854004460403382,0.000862050209198955,0.000872412503582284,0.000875965272790949,0.00086858984824011,0.000867957920643142,0.000871032875866901,0.000873717229972559,0.000877828874719655,0.000886216955890022,0.000898137436936342,0.000907286996724832,0.000912564263872174,0.000917633343825728,0.000922518831253812,0.000927216741740358,0.000931955275281744,0.000937890502319072,0.000945551389730831,0.000953434244733501,0.000960894212607352,0.000967624596108613,0.000974717681255191,0.00098232765414142,0.000990542529420416,0.000999736284462975,0.00100955044065111,0.00101938237612439,0.00102836980637249,0.00103689974431328,0.00104285010208234,0.00104558053209826,0.00104388368610034,0.00104716182842596
NaN,NaN,NaN,NaN,NaN,NaN,NaN,NaN,NaN,NaN,NaN,NaN,NaN,NaN,NaN,NaN,NaN,NaN,NaN,NaN,NaN,NaN,NaN,NaN,NaN,NaN,NaN,NaN,NaN,NaN,NaN,NaN,NaN,NaN,NaN,NaN,NaN,NaN,NaN,NaN,NaN,NaN,NaN,NaN,NaN,NaN,NaN,NaN,NaN,NaN,NaN,NaN,NaN,NaN,NaN,NaN,NaN,NaN,NaN,NaN,NaN,NaN,NaN,NaN,NaN,NaN,NaN,NaN,NaN,NaN,NaN,NaN,NaN,NaN,NaN,NaN,NaN,NaN,NaN,NaN,NaN,NaN,NaN,NaN,NaN,NaN,NaN,NaN,NaN,NaN,NaN,NaN,NaN,NaN,NaN,NaN,NaN,NaN,NaN,NaN,NaN,NaN,NaN,NaN,NaN,NaN,NaN,NaN,NaN,NaN,NaN,NaN,NaN,NaN,NaN,NaN,NaN,NaN,NaN,NaN,NaN,NaN,NaN,NaN,NaN,NaN,NaN,NaN,NaN,NaN,NaN,NaN,NaN,NaN,NaN,NaN,NaN,NaN,NaN,NaN,-0.0357689200440379,-0.0242328188054072,-0.00167313481645041,0.00118960743814363,0.00118483057440211,0.00117745682559721,0.00116626754820449,0.00115354934477636,0.00114029404324696,0.00112615314570311,0.00110972390037675,0.00110273092450727,0.00110284741392576,0.00109717129330304,0.00109133033364219,0.00109107852515263,0.0010956540751505,0.0011004792898899,0.00110301803080717,0.00110167990921744,0.00109964855563461,0.00109033422205571,0.00108678913645527,0.00109523318447794,0.00108777879443342,0.00106569457615435,0.00103390101335387,0.00103021964790522,0.00104782810185369,0.00106699060400212,0.0010539906101479,0.00101373415245197,0.00101073724751012,0.00101079461461564,0.00102028060207448,0.00102744708003394,0.0010477991244145,0.00106346209725703,0.00107605421028449,0.00108600354010733,0.00108892056384882,0.00107372830735536,0.00104912047391826,0.00102395354780923,0.000999535302080076,0.000972027327279389,0.000945222580384909,0.000929482202102045,0.000920569191788815,0.000912623082407133,0.0009105803136876,0.000913183812618623,0.000912147704567764,0.00091368205904006,0.000919631510258876,0.000922754404812711,0.00090985672616943,0.000890034052056431,0.000870663232688949,0.000861982437063813,0.000854762543999845,0.000847894053202847,0.000844422022217563,0.000842905972891435,0.000842038273941201,0.000840174418986298,0.000840181313475035,0.000841952825718231,0.000840335959817775,0.000833337057646711,0.000830466474371488,0.000834268090660665,0.000843058822559306,0.000852887401156785,0.000858658499889523,0.00085716764540381,0.000850480888543954,0.000851205098226757,0.000859201643984854,0.000868999470006206,0.000881353161682227,0.000894853364105499,0.000903947634872725,0.000909731698263904,0.000917512360872884,0.000921705043663606,0.00092515189515174,0.000928980688640597,0.000934785164068322,0.000942122724287086,0.000949615754008407,0.000956417042272451,0.000963021624742132,0.000969907027570516,0.000977866615903521,0.000986480128957079,0.000995205205157248,0.00100510061731997,0.00101553926700809,0.00102471310479542,0.00103371899924281,0.00104054674017174,0.00104392828219493,0.00104229628735304,0.0010455644146458
NaN,NaN,NaN,NaN,NaN,NaN,NaN,NaN,NaN,NaN,NaN,NaN,NaN,NaN,NaN,NaN,NaN,NaN,NaN,NaN,NaN,NaN,NaN,NaN,NaN,NaN,NaN,NaN,NaN,NaN,NaN,NaN,NaN,NaN,NaN,NaN,NaN,NaN,NaN,NaN,NaN,NaN,NaN,NaN,NaN,NaN,NaN,NaN,NaN,NaN,NaN,NaN,NaN,NaN,NaN,NaN,NaN,NaN,NaN,NaN,NaN,NaN,NaN,NaN,NaN,NaN,NaN,NaN,NaN,NaN,NaN,NaN,NaN,NaN,NaN,NaN,NaN,NaN,NaN,NaN,NaN,NaN,NaN,NaN,NaN,NaN,NaN,NaN,NaN,NaN,NaN,NaN,NaN,NaN,NaN,NaN,NaN,NaN,NaN,NaN,NaN,NaN,NaN,NaN,NaN,NaN,NaN,NaN,NaN,NaN,NaN,NaN,NaN,NaN,NaN,NaN,NaN,NaN,NaN,NaN,NaN,NaN,NaN,NaN,NaN,NaN,NaN,NaN,NaN,NaN,NaN,NaN,NaN,NaN,NaN,NaN,NaN,NaN,NaN,NaN,NaN,NaN,-0.0310048990913513,-0.00433497038937898,0.00109381956221267,0.00117324405058351,0.00116414506478741,0.00115405372549666,0.0011434270689646,0.00113186374344529,0.00111783620966984,0.00111034292904536,0.00111873038599606,0.00110407497729383,0.00109069202494524,0.00109111367417344,0.00109256012972691,0.00109263319172763,0.00109585887036952,0.00109219896691487,0.00108102441508522,0.00107123313054688,0.00107308889488052,0.00106568808395352,0.00104710611160508,0.00103086187625445,0.00101985402049577,0.00103224064024152,0.00104239929532983,0.00103080710865494,0.0010126724235835,0.00101047019287903,0.00101124079900238,0.00100860724660287,0.000992697429369476,0.0009970474997668,0.00101433056080702,0.00103173395711825,0.00104235905608126,0.00105327941269573,0.00105807343179365,0.00103384484867311,0.00100372877523365,0.000974335661553302,0.000942675544523956,0.000912726007766595,0.000881828114779624,0.000858772782940362,0.000848636027792516,0.000837907324290149,0.000830180707629001,0.000828043642635011,0.000823733751467336,0.000817503902698748,0.000824839500365797,0.000839025264738612,0.000846384825344631,0.000843492821787934,0.000834074137029806,0.00082209795795486,0.000812678721184295,0.000810099512088469,0.00081337319810607,0.000816124349838902,0.000816319794064062,0.000814526724346565,0.000818151070721242,0.000817628059281823,0.000816088487168631,0.000815224335931168,0.000812752370788806,0.000814245800125386,0.000824340310593515,0.000834088422018956,0.000835245846042665,0.000835739562944515,0.000836349375949948,0.000838444819092036,0.00084733184442487,0.000862754383790275,0.000882020567689205,0.000894800257554691,0.000901633294892797,0.00090752287506159,0.000915683596542123,0.000919525103429258,0.00092267041232818,0.000926562881587249,0.000932296084635513,0.000938928529764682,0.000945743898401164,0.000952276552396089,0.00095880810724661,0.000965951551029649,0.00097370298194377,0.0009826141227872,0.00099183287771137,0.00100154559711485,0.00101206547838101,0.00102165076536894,0.00103014409933034,0.00103782916658784,0.00104224659359871,0.00104122607718819,0.0010444902979695
NaN,NaN,NaN,NaN,NaN,NaN,NaN,NaN,NaN,NaN,NaN,NaN,NaN,NaN,NaN,NaN,NaN,NaN,NaN,NaN,NaN,NaN,NaN,NaN,NaN,NaN,NaN,NaN,NaN,NaN,NaN,NaN,NaN,NaN,NaN,NaN,NaN,NaN,NaN,NaN,NaN,NaN,NaN,NaN,NaN,NaN,NaN,NaN,NaN,NaN,NaN,NaN,NaN,NaN,NaN,NaN,NaN,NaN,NaN,NaN,NaN,NaN,NaN,NaN,NaN,NaN,NaN,NaN,NaN,NaN,NaN,NaN,NaN,NaN,NaN,NaN,NaN,NaN,NaN,NaN,NaN,NaN,NaN,NaN,NaN,NaN,NaN,NaN,NaN,NaN,NaN,NaN,NaN,NaN,NaN,NaN,NaN,NaN,NaN,NaN,NaN,NaN,NaN,NaN,NaN,NaN,NaN,NaN,NaN,NaN,NaN,NaN,NaN,NaN,NaN,NaN,NaN,NaN,NaN,NaN,NaN,NaN,NaN,NaN,NaN,NaN,NaN,NaN,NaN,NaN,NaN,NaN,NaN,NaN,NaN,NaN,NaN,NaN,NaN,NaN,NaN,NaN,NaN,-0.0358717057079678,-0.0122811832437459,-0.00048758667513511,0.00115492035366785,0.00115042392315118,0.00114042864903426,0.00113101650297694,0.00111717013912049,0.00033656251014808,0.000277239556492365,0.00111124667611433,0.00109366276704582,0.00108969857265195,0.00108536261408245,0.00108143134938243,0.00109010479792805,0.0011012024754695,0.00107499475623479,0.0010506988570892,0.00104256684293352,0.00102943043736884,0.00102191034875502,0.00101857951819544,0.00100580091110421,0.000999873057695754,0.000985700791499906,0.00097311013510778,0.000974913816552792,0.00100159376040335,0.000998894676520536,0.000981873443941319,0.00095950457388198,0.000968348641146978,0.000989740856371515,0.00100092740547664,0.00100500343652866,0.00101789588505612,0.00100880367819715,0.000990595812847823,0.000962041779983209,0.000921004065532211,0.000883190597254838,0.00084858653908078,0.00081496072684453,0.0007837218958849,0.000768225641344112,0.000758463034311768,0.000749543166574671,0.000739628764222788,0.000729659124895602,0.000715160871787912,0.00071639312739147,0.000730528476833974,0.000751079708635627,0.000767676453176075,0.000778478966073808,0.000776760764909746,0.000769550561298904,0.000771354597331752,0.000780162727377859,0.000785570952585246,0.00079113166745776,0.000794230444173899,0.000794133872680328,0.000790594071478382,0.000790219257013697,0.000795068844787784,0.000794355160365251,0.000793665512149017,0.000802584507228729,0.000811988725528666,0.000813958728855841,0.000816046994905895,0.000822179149435047,0.000830719270241486,0.000843023881125125,0.000859734740615022,0.000878099882655953,0.000892644482949569,0.000902280786920773,0.000908240425169057,0.000910860264353527,0.000916121142976345,0.000920680770750928,0.00092514314428312,0.000929628463499125,0.000935134396509163,0.000941805723448375,0.000948459594383388,0.000955279229084133,0.000962560976114213,0.000969934648509245,0.000978881623002525,0.000988642161762781,0.000998624721294678,0.0010091047309047,0.00101842323688099,0.00102672219951617,0.00103444290331334,0.00103988686607248,0.00103894042901165,0.00104219748429876
NaN,NaN,NaN,NaN,NaN,NaN,NaN,NaN,NaN,NaN,NaN,NaN,NaN,NaN,NaN,NaN,NaN,NaN,NaN,NaN,NaN,NaN,NaN,NaN,NaN,NaN,NaN,NaN,NaN,NaN,NaN,NaN,NaN,NaN,NaN,NaN,NaN,NaN,NaN,NaN,NaN,NaN,NaN,NaN,NaN,NaN,NaN,NaN,NaN,NaN,NaN,NaN,NaN,NaN,NaN,NaN,NaN,NaN,NaN,NaN,NaN,NaN,NaN,NaN,NaN,NaN,NaN,NaN,NaN,NaN,NaN,NaN,NaN,NaN,NaN,NaN,NaN,NaN,NaN,NaN,NaN,NaN,NaN,NaN,NaN,NaN,NaN,NaN,NaN,NaN,NaN,NaN,NaN,NaN,NaN,NaN,NaN,NaN,NaN,NaN,NaN,NaN,NaN,NaN,NaN,NaN,NaN,NaN,NaN,NaN,NaN,NaN,NaN,NaN,NaN,NaN,NaN,NaN,NaN,NaN,NaN,NaN,NaN,NaN,NaN,NaN,NaN,NaN,NaN,NaN,NaN,NaN,NaN,NaN,NaN,NaN,NaN,NaN,NaN,NaN,NaN,NaN,NaN,NaN,NaN,-0.0267331290713923,-0.00608109627232846,1.33170530556822e-06,0.000850648529128195,0.00103642791584722,-0.00594302590027618,NaN,NaN,NaN,0.00108706942565805,0.00108500605319769,0.00108453555058787,0.00107863022997522,0.00106896737119627,0.00111028305137794,0.00106541582715851,0.0010369990198672,0.0010249013810532,0.00102141080794062,0.00102193096912885,0.00100162113260917,0.00097692059689424,0.000959655306963049,0.000932869143716278,0.000930645700972537,0.000948321633859717,0.000975755648146455,0.000981261372226998,0.000952913920067818,0.000933445135978543,0.000938526067113515,0.00095844898857631,0.000965544108203811,0.000970749423023958,0.000976058382206911,0.000967174714530021,0.000945662689429971,0.000914070707532039,0.000868590817376946,0.000828956971747065,0.000785960012250456,0.000746516382139765,0.000710788410898771,0.000685415040368745,0.000670728883981773,0.000660249770409719,0.000648646654971481,0.000638005430197942,0.000621183142782386,0.000607380695659084,0.000626039687050761,0.000656299061376653,0.00067429993398328,0.000689482851442595,0.000706061335319284,0.000710771800926047,0.000721859783733514,0.000735781952774565,0.000745965425947266,0.000756182547911191,0.00076825295398703,0.000774702163559618,0.00077561416957647,0.000772861251301847,0.000769510058467951,0.000770436548429454,0.000772659641754103,0.000782473906826955,0.000793566941624696,0.000797310170094226,0.000801444113995912,0.00081040592553918,0.000821782178744112,0.000838683836975433,0.000857236899552992,0.000872436477995329,0.000885713533092969,0.000897690996706542,0.000906556575231421,0.000908356082906116,0.000910709385345505,0.000916311401928373,0.00092162759221398,0.000925768965542089,0.000930902560124966,0.000937492117518317,0.000944697887196843,0.000951973497096081,0.000959790478258724,0.000966869242917234,0.00097559300210813,0.000985632794891313,0.000995899142141154,0.00100632437669535,0.00101581575260231,0.00102359388110376,0.00103103700726022,0.00103696653850122,0.00103701429420313,0.00104025375912314
NaN,NaN,NaN,NaN,NaN,NaN,NaN,NaN,NaN,NaN,NaN,NaN,NaN,NaN,NaN,NaN,NaN,NaN,NaN,NaN,NaN,NaN,NaN,NaN,NaN,NaN,NaN,NaN,NaN,NaN,NaN,NaN,NaN,NaN,NaN,NaN,NaN,NaN,NaN,NaN,NaN,NaN,NaN,NaN,NaN,NaN,NaN,NaN,NaN,NaN,NaN,NaN,NaN,NaN,NaN,NaN,NaN,NaN,NaN,NaN,NaN,NaN,NaN,NaN,NaN,NaN,NaN,NaN,NaN,NaN,NaN,NaN,NaN,NaN,NaN,NaN,NaN,NaN,NaN,NaN,NaN,NaN,NaN,NaN,NaN,NaN,NaN,NaN,NaN,NaN,NaN,NaN,NaN,NaN,NaN,NaN,NaN,NaN,NaN,NaN,NaN,NaN,NaN,NaN,NaN,NaN,NaN,NaN,NaN,NaN,NaN,NaN,NaN,NaN,NaN,NaN,NaN,NaN,NaN,NaN,NaN,NaN,NaN,NaN,NaN,NaN,NaN,NaN,NaN,NaN,NaN,NaN,NaN,NaN,NaN,NaN,NaN,NaN,NaN,NaN,NaN,NaN,NaN,NaN,NaN,NaN,NaN,NaN,NaN,NaN,NaN,NaN,NaN,NaN,NaN,NaN,0.00108480038002803,0.00107795809852906,NaN,NaN,0.00100904319545945,0.00102553756042229,0.00101129031538484,0.0010337476313218,0.0010195804417746,0.00098210633884291,0.000948658941899778,0.00091887569976109,0.000888988396871793,0.000882542353337232,0.000915250107948119,0.000941243730255563,0.000957069029464606,0.000908227492487534,0.000885195623057634,0.000910914421273112,0.000942457103268291,0.000946030108606551,0.000943100884023769,0.00094441181322015,0.000928438625236283,0.000901861581251155,0.000861308848458458,0.000819232597601995,0.000776903748272304,0.000730479012548655,0.000682696688087504,0.000640263655836101,0.00060706335945693,0.0005824256531439,0.000562413723778659,0.000549680668293917,0.000538190125558363,0.00052436817667742,0.000505374030521025,0.000519631921740198,0.000555279011825827,0.000583008881647361,0.000598911456132697,0.000614149699599572,0.000631872156116153,0.000651790793879714,0.000675771551728382,0.000691623619225064,0.000699876678976595,0.000718884802648868,0.000742515446980823,0.000754513926670366,0.000757189348300011,0.000754258894497213,0.000750021900451609,0.000749740281074107,0.000761069502118591,0.000777937477423862,0.000786221102302364,0.000790822665524872,0.000800322567785013,0.000814738664919601,0.000834240097477224,0.000851990615704843,0.000867817960140191,0.000878585073898251,0.000887720624636605,0.000896222030650765,0.000903970655013035,0.00090798957772755,0.000911742079431378,0.000916517190022776,0.000921262464417188,0.000927025819205923,0.000933315467839966,0.000940708472155366,0.000949041573513276,0.000957690435826442,0.000965069472613252,0.000973352265964955,0.00098318443817011,0.000993562342659183,0.00100354714830581,0.00101292089108345,0.00102114784931262,0.0010281364143125,0.00103374902265069,0.00103568106171006,0.00103891154776329
NaN,NaN,NaN,NaN,NaN,NaN,NaN,NaN,NaN,NaN,NaN,NaN,NaN,NaN,NaN,NaN,NaN,NaN,NaN,NaN,NaN,NaN,NaN,NaN,NaN,NaN,NaN,NaN,NaN,NaN,NaN,NaN,NaN,NaN,NaN,NaN,NaN,NaN,NaN,NaN,NaN,NaN,NaN,NaN,NaN,NaN,NaN,NaN,NaN,NaN,NaN,NaN,NaN,NaN,NaN,NaN,NaN,NaN,NaN,NaN,NaN,NaN,NaN,NaN,NaN,NaN,NaN,NaN,NaN,NaN,NaN,NaN,NaN,NaN,NaN,NaN,NaN,NaN,NaN,NaN,NaN,NaN,NaN,NaN,NaN,NaN,NaN,NaN,NaN,NaN,NaN,NaN,NaN,NaN,NaN,NaN,NaN,NaN,NaN,NaN,NaN,NaN,NaN,NaN,NaN,NaN,NaN,NaN,NaN,NaN,NaN,NaN,NaN,NaN,NaN,NaN,NaN,NaN,NaN,NaN,NaN,NaN,NaN,NaN,NaN,NaN,NaN,NaN,NaN,NaN,NaN,NaN,NaN,NaN,NaN,NaN,NaN,NaN,NaN,NaN,NaN,NaN,NaN,NaN,NaN,NaN,NaN,NaN,NaN,NaN,NaN,NaN,NaN,NaN,NaN,NaN,NaN,NaN,NaN,NaN,NaN,0.000985156297786371,-9.06375151805669e-05,-0.000717331124129058,0.00100066992776321,0.000959456266884234,0.000921694579661584,0.000886029606571035,0.000852616490849072,0.00084268281088887,0.000852301326808679,0.00090207220245035,0.000902403585024053,0.00086188279179985,0.000849758030678218,0.00088404402278756,0.000913300393899047,0.000915385139590942,0.000932179423382203,0.000929786184949044,0.000905626501514244,0.000867037048934866,0.000817148034639136,0.000772800227835223,0.000729501357421067,0.000683308469072622,0.000630339511492002,0.000579764389470341,0.000536551502056417,0.000499828756380272,0.000466722513037024,0.000443924676202023,0.000427412708403518,0.000418871584472165,0.000404151608543224,0.000414975527111242,0.000447829211832352,0.000482194912397828,0.000500792767383198,0.000518070510770422,0.000546457666387617,0.000576407555343357,0.000599253608056377,0.000618651562833556,0.000637979749805944,0.000660394570266121,0.000687109083881605,0.000707803650177118,0.000725090253754283,0.000739297947867867,0.000743596503490227,0.000740902068575772,0.000743582268931097,0.000758701642167965,0.000771619863319714,0.000784366580113294,0.000797702505157808,0.000811701199480564,0.000826106179571155,0.000840978122502223,0.000857286751488273,0.000869395407452749,0.000879907446432477,0.000889419026690055,0.000900203061613342,0.000905875520251086,0.000908477283032064,0.000912146834962948,0.000917234785104574,0.000923508012464147,0.000929786319159694,0.000936904772687338,0.000945144724515256,0.00095474469394206,0.000963535178598993,0.000972088206558072,0.000981426132087296,0.000990773468177275,0.00100043078154929,0.00101016049199953,0.00101892719387158,0.00102528211697321,0.00103098728085867,0.00103521508053632,0.00103843263126635
NaN,NaN,NaN,NaN,NaN,NaN,NaN,NaN,NaN,NaN,NaN,NaN,NaN,NaN,NaN,NaN,NaN,NaN,NaN,NaN,NaN,NaN,NaN,NaN,NaN,NaN,NaN,NaN,NaN,NaN,NaN,NaN,NaN,NaN,NaN,NaN,NaN,NaN,NaN,NaN,NaN,NaN,NaN,NaN,NaN,NaN,NaN,NaN,NaN,NaN,NaN,NaN,NaN,NaN,NaN,NaN,NaN,NaN,NaN,NaN,NaN,NaN,NaN,NaN,NaN,NaN,NaN,NaN,NaN,NaN,NaN,NaN,NaN,NaN,NaN,NaN,NaN,NaN,NaN,NaN,NaN,NaN,NaN,NaN,NaN,NaN,NaN,NaN,NaN,NaN,NaN,NaN,NaN,NaN,NaN,NaN,NaN,NaN,NaN,NaN,NaN,NaN,NaN,NaN,NaN,NaN,NaN,NaN,NaN,NaN,NaN,NaN,NaN,NaN,NaN,NaN,NaN,NaN,NaN,NaN,NaN,NaN,NaN,NaN,NaN,NaN,NaN,NaN,NaN,NaN,NaN,NaN,NaN,NaN,NaN,NaN,NaN,NaN,NaN,NaN,NaN,NaN,NaN,NaN,NaN,NaN,NaN,NaN,NaN,NaN,NaN,NaN,NaN,NaN,NaN,NaN,NaN,NaN,NaN,NaN,NaN,NaN,-0.0241725186600676,-0.0263653340859911,-0.00074643275661032,0.000939009581959665,0.000904841946611476,0.000861305970331189,0.000822586594415696,0.000802122054627397,0.000812754357902874,0.000853760366967882,0.000850784343640287,0.000845443933826573,0.00085847284743128,0.000872108636608653,0.000883474112661666,0.000892001300112779,0.000896377643209489,0.000880535005563671,0.000884971885737227,0.000846625437948625,0.000800243886733156,0.000750397792749112,0.000698108383481838,0.000644194422528999,0.000592428494035756,0.000537355663585027,0.000479898700009345,0.000428867406730171,0.000385693650243102,0.00035066054755818,0.000320273464443901,0.000283621175675813,0.000294460428931941,0.000314476148929016,0.000338568451268166,0.000378710319723322,0.00040689556081314,0.000428297058669573,0.00046211159231635,0.000494267532483814,0.000525049987692272,0.000549121341946986,0.000574770590051898,0.000600620646820067,0.000625215815348641,0.000649308541219031,0.000673250411116877,0.000701903713184349,0.000727901204164321,0.000742214339248481,0.000745219920751055,0.000750931048199845,0.00076072536245393,0.000777436244639945,0.000796685603854835,0.000807970600884932,0.000817601624594168,0.00083069656763834,0.000846779371845688,0.000861466599055605,0.00087424498714736,0.000887458191623462,0.000897513253728249,0.000903845994746666,0.00090652638457415,0.000909737823217712,0.000913640438578011,0.000918707072453175,0.000925200247801737,0.000933065517090482,0.000941442151563998,0.000951375474465689,0.000961298051047106,0.000970622398672794,0.000979528884755986,0.000988432920474722,0.000997830055603665,0.0010076082135818,0.00101611676039053,0.00102307032148123,0.00102867561583509,0.00103467707696173,0.00103787305175009
NaN,NaN,NaN,NaN,NaN,NaN,NaN,NaN,NaN,NaN,NaN,NaN,NaN,NaN,NaN,NaN,NaN,NaN,NaN,NaN,NaN,NaN,NaN,NaN,NaN,NaN,NaN,NaN,NaN,NaN,NaN,NaN,NaN,NaN,NaN,NaN,NaN,NaN,NaN,NaN,NaN,NaN,NaN,NaN,NaN,NaN,NaN,NaN,NaN,NaN,NaN,NaN,NaN,NaN,NaN,NaN,NaN,NaN,NaN,NaN,NaN,NaN,NaN,NaN,NaN,NaN,NaN,NaN,NaN,NaN,NaN,NaN,NaN,NaN,NaN,NaN,NaN,NaN,NaN,NaN,NaN,NaN,NaN,NaN,NaN,NaN,NaN,NaN,NaN,NaN,NaN,NaN,NaN,NaN,NaN,NaN,NaN,NaN,NaN,NaN,NaN,NaN,NaN,NaN,NaN,NaN,NaN,NaN,NaN,NaN,NaN,NaN,NaN,NaN,NaN,NaN,NaN,NaN,NaN,NaN,NaN,NaN,NaN,NaN,NaN,NaN,NaN,NaN,NaN,NaN,NaN,NaN,NaN,NaN,NaN,NaN,NaN,NaN,NaN,NaN,NaN,NaN,NaN,NaN,NaN,NaN,NaN,NaN,NaN,NaN,NaN,NaN,NaN,NaN,NaN,NaN,NaN,NaN,NaN,NaN,NaN,NaN,NaN,NaN,NaN,-0.000831297245272633,0.000874584761434725,0.000833492846743906,0.000799155380945138,0.000783038233016421,0.000788454731273093,0.000818972104334755,0.000833597765800919,0.000853934411783732,0.000900319865034233,0.00089115630233696,0.000882379390926726,0.000888996564903488,0.000865332965655274,0.000851051417231481,0.00084243492944247,0.000817662228793647,0.000786936380908438,0.000736135231841621,0.000677777101119162,0.000618529169654607,0.000561958404198324,0.000504273990919507,0.000437620507146053,0.000367800593824222,0.000313352921619825,0.000269370145737549,0.000244514125912869,0.00021212762673714,0.000210356442213989,0.000227291592485111,0.000250423011066417,0.000286347270800925,0.000327342435361831,0.0003535767660362,0.000390295685090684,0.000423153667970571,0.000449466036139439,0.000480959040975054,0.000515623202849813,0.000542442922963075,0.000564726469164717,0.000590302511710517,0.000619632404811264,0.000652751329152204,0.00069055037344995,0.000720602344882568,0.000739240526483298,0.000750935150379051,0.000764328400392624,0.000779314790613818,0.000795086527251495,0.00080083565441471,0.000809550445675681,0.00082496974333219,0.000841623582261445,0.000854174027376033,0.000864368823273684,0.000879868697995885,0.000897429437815016,0.000905803574716359,0.000906691893280984,0.000907427797966238,0.000908987479298635,0.000913278310346249,0.000920051695530597,0.000929106825759305,0.000938798964987763,0.000948271499900248,0.000957963448505093,0.000968048914468209,0.000977338991220356,0.000986543736409597,0.000995660112736659,0.00100510617622743,0.0010137248958842,0.00102099653503995,0.00102658038071344,0.00103380337658055,0.00103697458344934
NaN,NaN,NaN,NaN,NaN,NaN,NaN,NaN,NaN,NaN,NaN,NaN,NaN,NaN,NaN,NaN,NaN,NaN,NaN,NaN,NaN,NaN,NaN,NaN,NaN,NaN,NaN,NaN,NaN,NaN,NaN,NaN,NaN,NaN,NaN,NaN,NaN,NaN,NaN,NaN,NaN,NaN,NaN,NaN,NaN,NaN,NaN,NaN,NaN,NaN,NaN,NaN,NaN,NaN,NaN,NaN,NaN,NaN,NaN,NaN,NaN,NaN,NaN,NaN,NaN,NaN,NaN,NaN,NaN,NaN,NaN,NaN,NaN,NaN,NaN,NaN,NaN,NaN,NaN,NaN,NaN,NaN,NaN,NaN,NaN,NaN,NaN,NaN,NaN,NaN,NaN,NaN,NaN,NaN,NaN,NaN,NaN,NaN,NaN,NaN,NaN,NaN,NaN,NaN,NaN,NaN,NaN,NaN,NaN,NaN,NaN,NaN,NaN,NaN,NaN,NaN,NaN,NaN,NaN,NaN,NaN,NaN,NaN,NaN,NaN,NaN,NaN,NaN,NaN,NaN,NaN,NaN,NaN,NaN,NaN,NaN,NaN,NaN,NaN,NaN,NaN,NaN,NaN,NaN,NaN,NaN,NaN,NaN,NaN,NaN,NaN,NaN,NaN,NaN,NaN,NaN,NaN,NaN,NaN,NaN,NaN,NaN,NaN,NaN,NaN,NaN,-0.00236856401455122,0.000811331984901203,0.000788254316024806,0.000775943246274891,0.000786725104650814,0.000807083966957734,0.00080910383414647,0.000870071409469344,0.000934772896467058,0.000917326931231042,0.000883356015676033,0.000850348339580245,0.000827430018443764,0.000823760566418086,0.000810899147769278,0.000782403190011264,0.000752925901958643,0.000707934004893551,0.000651476992303395,0.000599028044947744,0.000544927413570192,0.000478187038776957,0.000396773511538878,0.000313870793164446,0.000243540900212126,0.00018755363624615,0.000158480180854243,0.000150040634209161,0.00012321350986689,0.000146070446354633,0.000200319980918213,0.000232471027571789,0.000264173509326263,0.00030275644954398,0.000332316877304537,0.000361106506495067,0.000387649298650503,0.000416867163890185,0.000451274987908475,0.000483935098728984,0.000512967478216852,0.000547050370352076,0.000580061763445751,0.000613131964001157,0.000647466810485908,0.000683181001826072,0.000715906499841284,0.000742682173184115,0.000757974513062683,0.000771012286843272,0.000790843614466192,0.000798937937548865,0.000806989710004499,0.000823747236533105,0.000839029920350256,0.000848237089367543,0.000857493128277257,0.000876466935966468,0.000899554770862954,0.00090810663767465,0.000907734219066881,0.000904412558365433,0.000904376100605519,0.00090877967579625,0.000916112790466994,0.000925573327286506,0.000935734508105817,0.000945534564438374,0.000954726118462515,0.000964339692269272,0.000974557096403241,0.000984542472746091,0.000993666275770521,0.00100261493904126,0.00101162742084025,0.00101913315958452,0.00102504204833143,0.00103250677212952,0.00103565044232846
NaN,NaN,NaN,NaN,NaN,NaN,NaN,NaN,NaN,NaN,NaN,NaN,NaN,NaN,NaN,NaN,NaN,NaN,NaN,NaN,NaN,NaN,NaN,NaN,NaN,NaN,NaN,NaN,NaN,NaN,NaN,NaN,NaN,NaN,NaN,NaN,NaN,NaN,NaN,NaN,NaN,NaN,NaN,NaN,NaN,NaN,NaN,NaN,NaN,NaN,NaN,NaN,NaN,NaN,NaN,NaN,NaN,NaN,NaN,NaN,NaN,NaN,NaN,NaN,NaN,NaN,NaN,NaN,NaN,NaN,NaN,NaN,NaN,NaN,NaN,NaN,NaN,NaN,NaN,NaN,NaN,NaN,NaN,NaN,NaN,NaN,NaN,NaN,NaN,NaN,NaN,NaN,NaN,NaN,NaN,NaN,NaN,NaN,NaN,NaN,NaN,NaN,NaN,NaN,NaN,NaN,NaN,NaN,NaN,NaN,NaN,NaN,NaN,NaN,NaN,NaN,NaN,NaN,NaN,NaN,NaN,NaN,NaN,NaN,NaN,NaN,NaN,NaN,NaN,NaN,NaN,NaN,NaN,NaN,NaN,NaN,NaN,NaN,NaN,NaN,NaN,NaN,NaN,NaN,NaN,NaN,NaN,NaN,NaN,NaN,NaN,NaN,NaN,NaN,NaN,NaN,NaN,NaN,NaN,NaN,NaN,NaN,NaN,NaN,NaN,NaN,NaN,-0.00241408297899342,0.000783284901281716,0.000780372060686485,0.000793869500047127,0.000802707076009012,0.000811880582132524,0.000889229859021619,0.000946774252361893,0.000928661093282681,0.000876003240075121,0.000820294313786416,0.000787538125782008,0.000792840591352873,0.000780631838312294,0.000759970324294455,0.000714927043913807,0.000663436966346276,0.000621869480237271,0.000577777939176722,0.000525305863046333,0.000445528727042514,0.000353270177099372,0.000271899276238346,0.000199998850524238,0.000138990928213272,6.80579532473092e-05,4.49051426298919e-05,2.9369742734507e-05,4.44110323908716e-05,0.000118336549478029,0.000176899661250655,0.00021570014478585,0.0002517606464081,0.000284378018656297,0.000308720488195337,0.000335831374242341,0.000365472599802733,0.000402846789208234,0.000440290528217824,0.000472029038899446,0.000509191902007378,0.000549843035380881,0.00058350141061478,0.000614837975499999,0.000649154308874522,0.000685228593093042,0.000713936718669965,0.000739758877797118,0.000761366820105279,0.000780601019933542,0.000794129401914243,0.000805792514585551,0.000822703496980653,0.000839503535975901,0.000851541391347017,0.000862452099443976,0.000877636219433383,0.000898608376661698,0.000909833373352408,0.00090692927870476,0.000901603693544165,0.000900598200054306,0.000905946912024964,0.000914474793662935,0.000923610774317059,0.000933653954150293,0.000943630885604839,0.000953147447972242,0.00096179219259948,0.00097192905838658,0.00098236992989882,0.000991467483760013,0.00100027403067946,0.00100971320515987,0.0010177585532133,0.00102319160132654,0.00103106634085425,0.00103418583657741
NaN,NaN,NaN,NaN,NaN,NaN,NaN,NaN,NaN,NaN,NaN,NaN,NaN,NaN,NaN,NaN,NaN,NaN,NaN,NaN,NaN,NaN,NaN,NaN,NaN,NaN,NaN,NaN,NaN,NaN,NaN,NaN,NaN,NaN,NaN,NaN,NaN,NaN,NaN,NaN,NaN,NaN,NaN,NaN,NaN,NaN,NaN,NaN,NaN,NaN,NaN,NaN,NaN,NaN,NaN,NaN,NaN,NaN,NaN,NaN,NaN,NaN,NaN,NaN,NaN,NaN,NaN,NaN,NaN,NaN,NaN,NaN,NaN,NaN,NaN,NaN,NaN,NaN,NaN,NaN,NaN,NaN,NaN,NaN,NaN,NaN,NaN,NaN,NaN,NaN,NaN,NaN,NaN,NaN,NaN,NaN,NaN,NaN,NaN,NaN,NaN,NaN,NaN,NaN,NaN,NaN,NaN,NaN,NaN,NaN,NaN,NaN,NaN,NaN,NaN,NaN,NaN,NaN,NaN,NaN,NaN,NaN,NaN,NaN,NaN,NaN,NaN,NaN,NaN,NaN,NaN,NaN,NaN,NaN,NaN,NaN,NaN,NaN,NaN,NaN,NaN,NaN,NaN,NaN,NaN,NaN,NaN,NaN,NaN,NaN,NaN,NaN,NaN,NaN,NaN,NaN,NaN,NaN,NaN,NaN,NaN,NaN,NaN,NaN,NaN,NaN,NaN,NaN,-0.00242897150592991,0.000688566898834006,0.000721954923073831,0.000529933515246994,0.000862162192280703,0.000915840173346282,0.000947791348936737,0.000944084685970546,0.00089730314446574,0.000837064776476886,0.000800112088431253,0.000783750276418582,0.000756133844619802,0.00072881411447847,0.000675978172034682,0.000624479766898191,0.000594710524078938,0.000547013823370782,0.000478159875090493,0.000403548869762199,0.000320988487286834,0.000246051093280826,0.000187572225592756,0.000146568901729017,9.39669472736708e-05,3.76131804288304e-05,2.7898392231486e-05,7.24658100003265e-06,3.3075904343733e-05,7.99842842115721e-05,0.000135072568819672,0.000191979956240714,0.000240328210082133,0.000276842505760727,0.00030703180918208,0.000356799489571359,0.000401382429328012,0.000416608350540586,0.000439662293345976,0.000480974790809497,0.000522359232323473,0.000555560306195086,0.000584991857179369,0.000622293652617345,0.000661275699487041,0.000693214851456254,0.000717811601186934,0.000746705335343675,0.000771607742564598,0.000784541918700951,0.000798667250458949,0.000817085111984306,0.00083873866297743,0.000858345189898024,0.000871858327765738,0.000882017848910677,0.000895199585975788,0.000906803736023976,0.000906369713194058,0.000900437156458097,0.000898039641268777,0.000903738158455091,0.000913968562635442,0.00092385713296677,0.000933247509635526,0.000942851784134911,0.000951821811432829,0.000960499910486978,0.000970140114517889,0.000980388044686903,0.000990080451542072,0.000998866130652934,0.00100810216721005,0.0010162701863744,0.00102119205287374,0.00102943065603271,0.00103253237449957
NaN,NaN,NaN,NaN,NaN,NaN,NaN,NaN,NaN,NaN,NaN,NaN,NaN,NaN,NaN,NaN,NaN,NaN,NaN,NaN,NaN,NaN,NaN,NaN,NaN,NaN,NaN,NaN,NaN,NaN,NaN,NaN,NaN,NaN,NaN,NaN,NaN,NaN,NaN,NaN,NaN,NaN,NaN,NaN,NaN,NaN,NaN,NaN,NaN,NaN,NaN,NaN,NaN,NaN,NaN,NaN,NaN,NaN,NaN,NaN,NaN,NaN,NaN,NaN,NaN,NaN,NaN,NaN,NaN,NaN,NaN,NaN,NaN,NaN,NaN,NaN,NaN,NaN,NaN,NaN,NaN,NaN,NaN,NaN,NaN,NaN,NaN,NaN,NaN,NaN,NaN,NaN,NaN,NaN,NaN,NaN,NaN,NaN,NaN,NaN,NaN,NaN,NaN,NaN,NaN,NaN,NaN,NaN,NaN,NaN,NaN,NaN,NaN,NaN,NaN,NaN,NaN,NaN,NaN,NaN,NaN,NaN,NaN,NaN,NaN,NaN,NaN,NaN,NaN,NaN,NaN,NaN,NaN,NaN,NaN,NaN,NaN,NaN,NaN,NaN,NaN,NaN,NaN,NaN,NaN,NaN,NaN,NaN,NaN,NaN,NaN,NaN,NaN,NaN,NaN,NaN,NaN,NaN,NaN,NaN,NaN,NaN,NaN,NaN,NaN,NaN,NaN,NaN,NaN,NaN,NaN,NaN,0.000875866441662903,0.000937680903412047,0.00095466075511146,0.000944429631039204,0.000897671239530322,0.000832512317737449,0.000781469891897437,0.000746237568727025,0.000736876742946143,0.000716553533521116,0.00065683916705792,0.000603594097990281,0.000585832145854371,0.000531992299001675,0.000455973101759443,0.000376034598946813,0.00030535322291803,0.00023594685600605,0.000180641218841298,0.000135587011103222,9.43857794990496e-05,3.22647095783919e-05,-6.10206228096174e-06,-2.7563625721554e-05,-4.78288348936089e-05,-5.23256752926748e-06,5.90513651540752e-05,0.000136150936702992,0.000208590797886156,0.000255559769335746,0.000310283198340731,0.000384154961264962,0.000426149488937986,0.000417154455531755,0.000421050874303443,0.000454444983444086,0.00049634032615084,0.000531594254823222,0.000561663695741564,0.000600814608424577,0.00063863747165675,0.000669852582932817,0.000695092310181795,0.000733369741153789,0.000755043451715592,0.000769553695461133,0.000788714499718735,0.000808628690764661,0.000832867317558015,0.000857791932790617,0.000873917142390768,0.000885245333388129,0.000894441071504675,0.00090073271884105,0.00090176416890447,0.000898369831045226,0.00089732609294125,0.000903954868596768,0.000914530630024524,0.000924344411193797,0.000933464465211967,0.000943102014312705,0.000951425988522593,0.00096011024933186,0.000969519136646224,0.000979585424668348,0.000989338269617732,0.000998026798257478,0.0010063612295178,0.00101431029262178,0.00101927952766809,0.00102826544849154,0.00103134384935843
NaN,NaN,NaN,NaN,NaN,NaN,NaN,NaN,NaN,NaN,NaN,NaN,NaN,NaN,NaN,NaN,NaN,NaN,NaN,NaN,NaN,NaN,NaN,NaN,NaN,NaN,NaN,NaN,NaN,NaN,NaN,NaN,NaN,NaN,NaN,NaN,NaN,NaN,NaN,NaN,NaN,NaN,NaN,NaN,NaN,NaN,NaN,NaN,NaN,NaN,NaN,NaN,NaN,NaN,NaN,NaN,NaN,NaN,NaN,NaN,NaN,NaN,NaN,NaN,NaN,NaN,NaN,NaN,NaN,NaN,NaN,NaN,NaN,NaN,NaN,NaN,NaN,NaN,NaN,NaN,NaN,NaN,NaN,NaN,NaN,NaN,NaN,NaN,NaN,NaN,NaN,NaN,NaN,NaN,NaN,NaN,NaN,NaN,NaN,NaN,NaN,NaN,NaN,NaN,NaN,NaN,NaN,NaN,NaN,NaN,NaN,NaN,NaN,NaN,NaN,NaN,NaN,NaN,NaN,NaN,NaN,NaN,NaN,NaN,NaN,NaN,NaN,NaN,NaN,NaN,NaN,NaN,NaN,NaN,NaN,NaN,NaN,NaN,NaN,NaN,NaN,NaN,NaN,NaN,NaN,NaN,NaN,NaN,NaN,NaN,NaN,NaN,NaN,NaN,NaN,NaN,NaN,NaN,NaN,NaN,NaN,NaN,NaN,NaN,NaN,NaN,NaN,NaN,NaN,NaN,NaN,NaN,NaN,0.000967254332120365,0.0009577562138951,0.000933102872130161,0.000869115943957437,0.000789582093841172,0.000734851150562821,0.000701462603525065,0.000705680128355747,0.000678168008551431,0.000638615938074852,0.0006011891612,0.000569675159379604,0.000512725117318768,0.000446122983178689,0.000371127298029923,0.000301252585605423,0.000233198911152157,0.000163915626755582,9.5955572222273e-05,3.26984070833152e-05,-4.44986591067176e-05,-8.90325181385819e-05,-9.1769072550929e-05,-0.000113086984294113,-7.93740330656981e-05,1.87255844912922e-06,8.55496268438172e-05,0.000160616607488451,0.000236592363982955,0.000309976761241559,0.000397255285569268,0.000442426676255004,0.000422449274985477,0.000415520104768591,0.000434165441652307,0.000472527354211123,0.000513562121327193,0.00054894963723457,0.000581892683807211,0.000619715667224856,0.000650405734929416,0.00068163078717968,0.000712164849640339,0.000732270666485058,0.000751802034748322,0.000776522971751279,0.000798698018888963,0.000820755718925483,0.000846081153456339,0.000867548433283072,0.000883618009755211,0.000893375031176646,0.000896285417948244,0.000895284273660258,0.000893132099236098,0.000897509048477142,0.00090681823442524,0.000916688573671157,0.000926331457474761,0.000935464398810511,0.000944736386113913,0.000953043199310832,0.000960971869623433,0.000969943124657901,0.000979292173169553,0.000988552931183606,0.000997140432110092,0.00100495674675169,0.0010125513085909,0.00101763129833409,0.00102703836765415,0.0010300861749971
NaN,NaN,NaN,NaN,NaN,NaN,NaN,NaN,NaN,NaN,NaN,NaN,NaN,NaN,NaN,NaN,NaN,NaN,NaN,NaN,NaN,NaN,NaN,NaN,NaN,NaN,NaN,NaN,NaN,NaN,NaN,NaN,NaN,NaN,NaN,NaN,NaN,NaN,NaN,NaN,NaN,NaN,NaN,NaN,NaN,NaN,NaN,NaN,NaN,NaN,NaN,NaN,NaN,NaN,NaN,NaN,NaN,NaN,NaN,NaN,NaN,NaN,NaN,NaN,NaN,NaN,NaN,NaN,NaN,NaN,NaN,NaN,NaN,NaN,NaN,NaN,NaN,NaN,NaN,NaN,NaN,NaN,NaN,NaN,NaN,NaN,NaN,NaN,NaN,NaN,NaN,NaN,NaN,NaN,NaN,NaN,NaN,NaN,NaN,NaN,NaN,NaN,NaN,NaN,NaN,NaN,NaN,NaN,NaN,NaN,NaN,NaN,NaN,NaN,NaN,NaN,NaN,NaN,NaN,NaN,NaN,NaN,NaN,NaN,NaN,NaN,NaN,NaN,NaN,NaN,NaN,NaN,NaN,NaN,NaN,NaN,NaN,NaN,NaN,NaN,NaN,NaN,NaN,NaN,NaN,NaN,NaN,NaN,NaN,NaN,NaN,NaN,NaN,NaN,NaN,NaN,NaN,NaN,NaN,NaN,NaN,NaN,NaN,NaN,NaN,NaN,NaN,NaN,NaN,NaN,NaN,NaN,NaN,0.000986519876509964,0.000961602418275955,0.000924311361041413,0.000851714933395958,0.000761996750817276,0.000689554860073435,0.000656670247657974,0.000665583551283074,0.000644697676860008,0.000616197194274359,0.000598189853142556,0.000541575680469601,0.000494863505723866,0.000440188117375229,0.000373139992091544,0.00031200561959785,0.000236464450553142,0.000141169662943933,5.01613744794405e-05,-2.68343073545326e-05,-0.000116553010447995,-0.000164976830803745,-0.000161165855760905,-0.000142091400829158,-0.000108028813247812,-2.82864561872203e-05,7.20411239901684e-05,0.00015023949268817,0.000216640943780821,0.000290367267334074,0.000372432620777511,0.000424592780804295,0.000426794287604112,0.000429765138932114,0.000440159439913372,0.000465078406889801,0.00050479313961058,0.000543154869564688,0.000577922350392941,0.000606849553120299,0.000636166562363542,0.000669569944750864,0.000700619090968548,0.000722354790318498,0.000739267438181569,0.000757761078467346,0.000784510252068095,0.000810662342874313,0.000833031501871838,0.000857328036538874,0.000876963611844081,0.000888670132159652,0.000890731511476465,0.000888195801191821,0.000890716841546962,0.000898975117390381,0.000909777725135771,0.000919745055170769,0.000929598529972626,0.000938988439895478,0.000947619784782347,0.000955230409804108,0.000962460688929673,0.000970815724164039,0.000979828882427708,0.000988266429166019,0.000997044471289113,0.00100433128855504,0.00101114840341178,0.00101613575481913,0.00102585781660952,0.00102888800149797
NaN,NaN,NaN,NaN,NaN,NaN,NaN,NaN,NaN,NaN,NaN,NaN,NaN,NaN,NaN,NaN,NaN,NaN,NaN,NaN,NaN,NaN,NaN,NaN,NaN,NaN,NaN,NaN,NaN,NaN,NaN,NaN,NaN,NaN,NaN,NaN,NaN,NaN,NaN,NaN,NaN,NaN,NaN,NaN,NaN,NaN,NaN,NaN,NaN,NaN,NaN,NaN,NaN,NaN,NaN,NaN,NaN,NaN,NaN,NaN,NaN,NaN,NaN,NaN,NaN,NaN,NaN,NaN,NaN,NaN,NaN,NaN,NaN,NaN,NaN,NaN,NaN,NaN,NaN,NaN,NaN,NaN,NaN,NaN,NaN,NaN,NaN,NaN,NaN,NaN,NaN,NaN,NaN,NaN,NaN,NaN,NaN,NaN,NaN,NaN,NaN,NaN,NaN,NaN,NaN,NaN,NaN,NaN,NaN,NaN,NaN,NaN,NaN,NaN,NaN,NaN,NaN,NaN,NaN,NaN,NaN,NaN,NaN,NaN,NaN,NaN,NaN,NaN,NaN,NaN,NaN,NaN,NaN,NaN,NaN,NaN,NaN,NaN,NaN,NaN,NaN,NaN,NaN,NaN,NaN,NaN,NaN,NaN,NaN,NaN,NaN,NaN,NaN,NaN,NaN,NaN,NaN,NaN,NaN,NaN,NaN,NaN,NaN,NaN,NaN,NaN,NaN,NaN,NaN,NaN,NaN,NaN,NaN,0.000999794752548335,0.000966501329924028,0.000916660176387156,0.000836111186438432,0.00074085080930963,0.000660744764190811,0.000638890802648267,0.000638339052480108,0.00062814350480045,0.000598753381889361,0.000574954546618175,0.000527578084322624,0.000485499833859379,0.000415635039620494,0.000348000054817678,0.000297289279622653,0.000235310160680623,0.000132315405857897,1.94319974018532e-05,-7.5007743415085e-05,-0.000152944569514535,-0.000199305739134138,-0.000191101896788769,-0.000149525555102281,-0.000115320154523036,-4.99098593219378e-05,4.75745220151994e-05,0.000133226450137874,0.00019571294334141,0.000283543854414465,0.00036537095409673,0.000404778400316938,0.000417929806703302,0.000445163838487031,0.000471899740357434,0.000486970726859622,0.000513376234029207,0.000542894584491452,0.000573840179375134,0.000600809467384128,0.000629635195958097,0.000661827347500621,0.000694374941815123,0.000719822080866105,0.000737519949128779,0.000754612375839012,0.000781971606059327,0.000807781235463226,0.000828908414917924,0.000847947002848071,0.000866418213129222,0.00087767839372013,0.00088208610018284,0.000883876673605152,0.000890777234519587,0.000901103340480334,0.000912663594712775,0.000922848498041664,0.000932712951182964,0.00094205980454003,0.000950901164037413,0.000957865040902016,0.000964194704250341,0.000971953224207422,0.000980927936186701,0.000989423632602852,0.000997761942122113,0.00100439742699611,0.00101057550900582,0.00101569389010002,0.00102545740475024,0.00102847149830736
NaN,NaN,NaN,NaN,NaN,NaN,NaN,NaN,NaN,NaN,NaN,NaN,NaN,NaN,NaN,NaN,NaN,NaN,NaN,NaN,NaN,NaN,NaN,NaN,NaN,NaN,NaN,NaN,NaN,NaN,NaN,NaN,NaN,NaN,NaN,NaN,NaN,NaN,NaN,NaN,NaN,NaN,NaN,NaN,NaN,NaN,NaN,NaN,NaN,NaN,NaN,NaN,NaN,NaN,NaN,NaN,NaN,NaN,NaN,NaN,NaN,NaN,NaN,NaN,NaN,NaN,NaN,NaN,NaN,NaN,NaN,NaN,NaN,NaN,NaN,NaN,NaN,NaN,NaN,NaN,NaN,NaN,NaN,NaN,NaN,NaN,NaN,NaN,NaN,NaN,NaN,NaN,NaN,NaN,NaN,NaN,NaN,NaN,NaN,NaN,NaN,NaN,NaN,NaN,NaN,NaN,NaN,NaN,NaN,NaN,NaN,NaN,NaN,NaN,NaN,NaN,NaN,NaN,NaN,NaN,NaN,NaN,NaN,NaN,NaN,NaN,NaN,NaN,NaN,NaN,NaN,NaN,NaN,NaN,NaN,NaN,NaN,NaN,NaN,NaN,NaN,NaN,NaN,NaN,NaN,NaN,NaN,NaN,NaN,NaN,NaN,NaN,NaN,NaN,NaN,NaN,NaN,NaN,NaN,NaN,NaN,NaN,NaN,NaN,NaN,NaN,NaN,NaN,NaN,NaN,NaN,NaN,NaN,0.000969161658383239,0.000946330199148775,0.000893090153902673,0.000813581229498166,0.00072614032554348,0.000647870940367145,0.000624490815932209,0.000637782256818881,0.000627876871292843,0.000589005075582177,0.000545549590083746,0.000514880838882073,0.00046728396956874,0.000384954449526113,0.000313481964086704,0.000257850156466034,0.000208950209726488,0.000131473611847403,1.31877404809347e-05,-9.00976323211012e-05,-0.0001610671137857,-0.000196457708930195,-0.000196079970189449,-0.000159020901482083,-0.000104874316684597,-5.36894005555136e-05,2.33891948203668e-05,9.87653826293803e-05,0.000178213737743537,0.000285885385579016,0.000384599031046151,0.000410723756343667,0.000423139805926555,0.000452448910229694,0.000494194999137579,0.0005236161949236,0.000540089944583877,0.000558469492740835,0.000574514247565976,0.000595416054585145,0.000624595389946098,0.000658358740483878,0.000691104063358275,0.000719596988490307,0.000746957119255319,0.000766492741822672,0.000785415481933735,0.000809482782217136,0.000837167496452129,0.000853618226613723,0.000872004287663763,0.000876641748458023,0.000876141915602827,0.000882817541870501,0.000893572660945942,0.000904316140247684,0.000916174891001056,0.000925977673897571,0.000935035208667831,0.000944486919850328,0.000953195380715921,0.000960349165516368,0.000966719807328519,0.000974098165248256,0.000982421353288442,0.000990942026005039,0.000998613060468814,0.00100521729426433,0.00101083689633547,0.00101572938628003,0.00102530100907005,0.00102829407872884
NaN,NaN,NaN,NaN,NaN,NaN,NaN,NaN,NaN,NaN,NaN,NaN,NaN,NaN,NaN,NaN,NaN,NaN,NaN,NaN,NaN,NaN,NaN,NaN,NaN,NaN,NaN,NaN,NaN,NaN,NaN,NaN,NaN,NaN,NaN,NaN,NaN,NaN,NaN,NaN,NaN,NaN,NaN,NaN,NaN,NaN,NaN,NaN,NaN,NaN,NaN,NaN,NaN,NaN,NaN,NaN,NaN,NaN,NaN,NaN,NaN,NaN,NaN,NaN,NaN,NaN,NaN,NaN,NaN,NaN,NaN,NaN,NaN,NaN,NaN,NaN,NaN,NaN,NaN,NaN,NaN,NaN,NaN,NaN,NaN,NaN,NaN,NaN,NaN,NaN,NaN,NaN,NaN,NaN,NaN,NaN,NaN,NaN,NaN,NaN,NaN,NaN,NaN,NaN,NaN,NaN,NaN,NaN,NaN,NaN,NaN,NaN,NaN,NaN,NaN,NaN,NaN,NaN,NaN,NaN,NaN,NaN,NaN,NaN,NaN,NaN,NaN,NaN,NaN,NaN,NaN,NaN,NaN,NaN,NaN,NaN,NaN,NaN,NaN,NaN,NaN,NaN,NaN,NaN,NaN,NaN,NaN,NaN,NaN,NaN,NaN,NaN,NaN,NaN,NaN,NaN,NaN,NaN,NaN,NaN,NaN,NaN,NaN,NaN,NaN,NaN,NaN,NaN,NaN,NaN,NaN,NaN,0.000854780766594954,0.000896239396908117,0.000883003255216268,0.000844350368867965,0.000783544731913874,0.000712006721520546,0.000636288787603529,0.0006100399195621,0.000627998315387455,0.000627882212577195,0.000581306563858723,0.000519643664018299,0.000495817938578507,0.000442368195174096,0.000360068818330803,0.000280113542626338,0.000210911812751791,0.000156779035227788,0.000103232608563623,2.16593802712742e-05,-6.31672596717126e-05,-0.000141540150871709,-0.000164025870524326,-0.000143940007473666,-0.00014378111322694,-0.000104480026411058,-4.26791301767568e-05,2.94055445305696e-05,0.000102379564275945,0.000181045077431419,0.000285772315612887,0.000400253481373357,0.000433645610479114,0.000454498522480942,0.000490021500020908,0.000530721534387608,0.000560684611424812,0.000575918743851635,0.000579029488370886,0.000578777257601913,0.00059735286952526,0.000629395220020053,0.000665626888032267,0.000699031838429407,0.000728986324299101,0.000761019555268986,0.000779815563326192,0.000788224949667772,0.000811227413748768,0.000838013181041226,0.000859439874088319,0.000886765981227953,0.000888701751219245,0.000875349771109102,0.000880504272817413,0.000892906166883566,0.000905716099841317,0.000918210278537557,0.00092804022658082,0.000937234128230424,0.000947550115695827,0.000956173987796771,0.000963054164736364,0.000969460961515295,0.000976999798234346,0.000985044100569474,0.000993285427340165,0.00100007850179125,0.00100590720517967,0.00101137701907013,0.00101566369081281,0.00102507456126837,0.00102804467189415
NaN,NaN,NaN,NaN,NaN,NaN,NaN,NaN,NaN,NaN,NaN,NaN,NaN,NaN,NaN,NaN,NaN,NaN,NaN,NaN,NaN,NaN,NaN,NaN,NaN,NaN,NaN,NaN,NaN,NaN,NaN,NaN,NaN,NaN,NaN,NaN,NaN,NaN,NaN,NaN,NaN,NaN,NaN,NaN,NaN,NaN,NaN,NaN,NaN,NaN,NaN,NaN,NaN,NaN,NaN,NaN,NaN,NaN,NaN,NaN,NaN,NaN,NaN,NaN,NaN,NaN,NaN,NaN,NaN,NaN,NaN,NaN,NaN,NaN,NaN,NaN,NaN,NaN,NaN,NaN,NaN,NaN,NaN,NaN,NaN,NaN,NaN,NaN,NaN,NaN,NaN,NaN,NaN,NaN,NaN,NaN,NaN,NaN,NaN,NaN,NaN,NaN,NaN,NaN,NaN,NaN,NaN,NaN,NaN,NaN,NaN,NaN,NaN,NaN,NaN,NaN,NaN,NaN,NaN,NaN,NaN,NaN,NaN,NaN,NaN,NaN,NaN,NaN,NaN,NaN,NaN,NaN,NaN,NaN,NaN,NaN,NaN,NaN,NaN,NaN,NaN,NaN,NaN,NaN,NaN,NaN,NaN,NaN,NaN,NaN,NaN,NaN,NaN,NaN,NaN,NaN,NaN,NaN,NaN,NaN,NaN,NaN,NaN,NaN,NaN,NaN,NaN,NaN,NaN,NaN,NaN,NaN,0.000813504084779155,0.000838576228336829,0.000828793102781022,0.000810673889957427,0.000774922245322129,0.000707781290468786,0.000622123997398559,0.000593374433161183,0.00060198976655419,0.000618818140651025,0.000572272564793974,0.000499173626503512,0.000469175714493927,0.000428363737801387,0.00035100450399611,0.000266822045933061,0.000189171427354376,0.000121034158460764,7.40116915752564e-05,3.46065765403141e-05,-3.36696598225872e-05,-9.89430366837557e-05,-0.000120603192261517,-7.10937630502362e-05,-3.98200260892356e-05,-5.6675894087414e-05,-4.85404137388982e-06,5.82606488448989e-05,0.000120111121516386,0.000186381155275645,0.000276291172448198,0.000391218083001872,0.000452526007675338,0.000490915099373693,0.000541015378836718,0.000588878042171448,0.000599650964760778,0.00061402798081324,0.000595369990226811,0.000591271099134977,0.00060485453879705,0.000631121621670033,0.000669177815268605,0.000707029866200472,0.000740252350443062,0.000778410793843542,NaN,NaN,NaN,NaN,NaN,NaN,0.00089593081352956,0.000878799916743871,0.000879163282273895,0.000891102761230027,0.000908251867456479,0.000921280586949643,0.000931423491186273,0.000941394687891882,0.000951203276629319,0.000959586197494633,0.00096661145046565,0.000972481071502386,0.000979568777816252,0.000987453414678652,0.000995099755054103,0.00100116122509876,0.00100648635981567,0.00101211183519092,0.00101626173176257,0.00102520780410125,0.00102815727344696
NaN,NaN,NaN,NaN,NaN,NaN,NaN,NaN,NaN,NaN,NaN,NaN,NaN,NaN,NaN,NaN,NaN,NaN,NaN,NaN,NaN,NaN,NaN,NaN,NaN,NaN,NaN,NaN,NaN,NaN,NaN,NaN,NaN,NaN,NaN,NaN,NaN,NaN,NaN,NaN,NaN,NaN,NaN,NaN,NaN,NaN,NaN,NaN,NaN,NaN,NaN,NaN,NaN,NaN,NaN,NaN,NaN,NaN,NaN,NaN,NaN,NaN,NaN,NaN,NaN,NaN,NaN,NaN,NaN,NaN,NaN,NaN,NaN,NaN,NaN,NaN,NaN,NaN,NaN,NaN,NaN,NaN,NaN,NaN,NaN,NaN,NaN,NaN,NaN,NaN,NaN,NaN,NaN,NaN,NaN,NaN,NaN,NaN,NaN,NaN,NaN,NaN,NaN,NaN,NaN,NaN,NaN,NaN,NaN,NaN,NaN,NaN,NaN,NaN,NaN,NaN,NaN,NaN,NaN,NaN,NaN,NaN,NaN,NaN,NaN,NaN,NaN,NaN,NaN,NaN,NaN,NaN,NaN,NaN,NaN,NaN,NaN,NaN,NaN,NaN,NaN,NaN,NaN,NaN,NaN,NaN,NaN,NaN,NaN,NaN,NaN,NaN,NaN,NaN,NaN,NaN,NaN,NaN,NaN,NaN,NaN,NaN,NaN,NaN,NaN,NaN,NaN,NaN,NaN,NaN,NaN,NaN,0.000783681465522229,0.000804343629921762,0.000792895560213956,0.00078668661936021,0.000755934421420635,0.000677999733915466,0.000610965891575806,0.000579873885825189,0.000573467510404895,0.0005966546684073,0.000561789410393878,0.000482652591708876,0.000453514897729714,0.000419868968626419,0.00035371629261128,0.000276691452490113,0.000202933310880523,0.00012285191046456,6.87858566168764e-05,2.00944688702656e-05,-2.85535524606577e-05,-7.36506172825884e-05,-0.000107284777471953,-1.04023232515468e-05,0.000156182782049012,0.000200404843673972,0.00011464872092367,0.000112349958363643,0.00016083368932352,0.000217252116900635,0.000294456928038009,0.000393433183237536,0.000473372008909916,0.000529037818071312,0.000599765025005468,0.000657958552847622,-0.000198043082640271,0.00061268742139986,0.000610202296648081,0.000603410969573306,0.000608101976264689,0.000621597249442889,0.000648251557374622,0.000372092148577632,0.000643921355649646,NaN,NaN,NaN,NaN,NaN,NaN,NaN,0.000896660708761302,0.000892764403237011,0.000889772989225056,0.00089945186089474,0.000913234820841306,0.000924781168630112,0.000934928617316699,0.000945108927633546,0.000955169442721393,0.000963307010804334,0.000970150083511389,0.000975670894169448,0.000981769016987526,0.000989351313808017,0.000996869187307783,0.00100225357278991,0.00100738770286431,0.00101268903202966,0.00101713502954021,0.00102584145833693,0.00102877549770889
NaN,NaN,NaN,NaN,NaN,NaN,NaN,NaN,NaN,NaN,NaN,NaN,NaN,NaN,NaN,NaN,NaN,NaN,NaN,NaN,NaN,NaN,NaN,NaN,NaN,NaN,NaN,NaN,NaN,NaN,NaN,NaN,NaN,NaN,NaN,NaN,NaN,NaN,NaN,NaN,NaN,NaN,NaN,NaN,NaN,NaN,NaN,NaN,NaN,NaN,NaN,NaN,NaN,NaN,NaN,NaN,NaN,NaN,NaN,NaN,NaN,NaN,NaN,NaN,NaN,NaN,NaN,NaN,NaN,NaN,NaN,NaN,NaN,NaN,NaN,NaN,NaN,NaN,NaN,NaN,NaN,NaN,NaN,NaN,NaN,NaN,NaN,NaN,NaN,NaN,NaN,NaN,NaN,NaN,NaN,NaN,NaN,NaN,NaN,NaN,NaN,NaN,NaN,NaN,NaN,NaN,NaN,NaN,NaN,NaN,NaN,NaN,NaN,NaN,NaN,NaN,NaN,NaN,NaN,NaN,NaN,NaN,NaN,NaN,NaN,NaN,NaN,NaN,NaN,NaN,NaN,NaN,NaN,NaN,NaN,NaN,NaN,NaN,NaN,NaN,NaN,NaN,NaN,NaN,NaN,NaN,NaN,NaN,NaN,NaN,NaN,NaN,NaN,NaN,NaN,NaN,NaN,NaN,NaN,NaN,NaN,NaN,NaN,NaN,NaN,NaN,NaN,NaN,NaN,NaN,NaN,NaN,-0.00848900748331149,0.000748419308648187,0.000766542057106398,0.000743254123935989,0.000691856493540397,0.000626902829518844,0.000591577499363288,0.000574656895852502,0.000554115911920394,0.000564153698651976,0.000549482870396098,0.000482279210883823,0.000449335776367325,0.000421295951155609,0.000367661125181241,0.000305062495319652,0.000244987294747303,0.00015697526464975,8.42298059703267e-05,2.09647360834442e-05,-3.33020142734286e-05,-9.68888987321589e-05,-9.58974055989409e-05,5.37684437249024e-05,0.000207761151239882,0.000346486171691125,0.000331226265245879,0.000229177572012358,0.00024659840822819,0.000310612704247667,0.000388917620699576,0.000457700189743667,0.000518919099613452,0.000576013790176685,0.000682208108703474,-0.000952245670635875,-0.0231469253511876,-0.0092302012071368,0.000588601755573351,0.00061730973361254,0.00061944870679156,0.000620857826834422,0.00062197674281176,-0.00712032954399064,-0.0115142850258779,NaN,NaN,NaN,NaN,NaN,NaN,NaN,0.000907870286705984,0.000905915957096238,0.000904135861347026,0.00091150904029379,0.000920623483785489,0.000930068703219724,0.000940004924313076,0.000949822003021643,0.000959314732097235,0.000967374836626896,0.000973659696366447,0.000978939524085806,0.000983959696822538,0.000991367728398251,0.000998825403928463,0.00100401513351554,0.0010089345908246,0.00101408396087928,0.00101843434264359,0.001026245615016,0.00102916258640162
NaN,NaN,NaN,NaN,NaN,NaN,NaN,NaN,NaN,NaN,NaN,NaN,NaN,NaN,NaN,NaN,NaN,NaN,NaN,NaN,NaN,NaN,NaN,NaN,NaN,NaN,NaN,NaN,NaN,NaN,NaN,NaN,NaN,NaN,NaN,NaN,NaN,NaN,NaN,NaN,NaN,NaN,NaN,NaN,NaN,NaN,NaN,NaN,NaN,NaN,NaN,NaN,NaN,NaN,NaN,NaN,NaN,NaN,NaN,NaN,NaN,NaN,NaN,NaN,NaN,NaN,NaN,NaN,NaN,NaN,NaN,NaN,NaN,NaN,NaN,NaN,NaN,NaN,NaN,NaN,NaN,NaN,NaN,NaN,NaN,NaN,NaN,NaN,NaN,NaN,NaN,NaN,NaN,NaN,NaN,NaN,NaN,NaN,NaN,NaN,NaN,NaN,NaN,NaN,NaN,NaN,NaN,NaN,NaN,NaN,NaN,NaN,NaN,NaN,NaN,NaN,NaN,NaN,NaN,NaN,NaN,NaN,NaN,NaN,NaN,NaN,NaN,NaN,NaN,NaN,NaN,NaN,NaN,NaN,NaN,NaN,NaN,NaN,NaN,NaN,NaN,NaN,NaN,NaN,NaN,NaN,NaN,NaN,NaN,NaN,NaN,NaN,NaN,NaN,NaN,NaN,NaN,NaN,NaN,NaN,NaN,NaN,NaN,NaN,NaN,NaN,NaN,NaN,NaN,NaN,NaN,NaN,NaN,0.000285826879667526,0.000702189321046557,0.000678474634157002,0.000625131980483114,0.00058717484609383,0.000571098500011121,0.000554118015207452,0.000544588289609745,0.000535245988409213,0.000567403967888163,0.00051748589961807,0.000460514717277784,0.000432977799129887,0.000397933813874775,0.000342816659700262,0.000279709928700904,0.000217407576063911,0.000146745858218519,8.6984000986963e-05,2.68122639341606e-05,-2.68035705622996e-05,-1.07659041025387e-05,8.22344799172785e-05,0.000177926494090119,0.000300532207471222,0.000429155824045862,0.000359480045836641,0.000351876408916431,0.000446182298050823,0.00052612689801392,0.000574149665481696,0.000597585253421101,0.000616372543008503,0.000665529833210231,NaN,NaN,NaN,NaN,NaN,NaN,NaN,NaN,NaN,NaN,NaN,NaN,NaN,NaN,NaN,NaN,NaN,0.000920306142565214,0.000917635217999399,0.000917330143743605,0.000922203694504761,0.000928630599455011,0.000936541369608149,0.000945322638397156,0.000954465486604124,0.000963062477788385,0.000971221014028888,0.000976909799704805,0.000981135185869362,0.000986169137157229,0.000993460477676256,0.00100113410946186,0.00100619173653776,0.00101058215699085,0.0010156897097314,0.0010195798114007,0.00102645617845759,0.00102934301844688
NaN,NaN,NaN,NaN,NaN,NaN,NaN,NaN,NaN,NaN,NaN,NaN,NaN,NaN,NaN,NaN,NaN,NaN,NaN,NaN,NaN,NaN,NaN,NaN,NaN,NaN,NaN,NaN,NaN,NaN,NaN,NaN,NaN,NaN,NaN,NaN,NaN,NaN,NaN,NaN,NaN,NaN,NaN,NaN,NaN,NaN,NaN,NaN,NaN,NaN,NaN,NaN,NaN,NaN,NaN,NaN,NaN,NaN,NaN,NaN,NaN,NaN,NaN,NaN,NaN,NaN,NaN,NaN,NaN,NaN,NaN,NaN,NaN,NaN,NaN,NaN,NaN,NaN,NaN,NaN,NaN,NaN,NaN,NaN,NaN,NaN,NaN,NaN,NaN,NaN,NaN,NaN,NaN,NaN,NaN,NaN,NaN,NaN,NaN,NaN,NaN,NaN,NaN,NaN,NaN,NaN,NaN,NaN,NaN,NaN,NaN,NaN,NaN,NaN,NaN,NaN,NaN,NaN,NaN,NaN,NaN,NaN,NaN,NaN,NaN,NaN,NaN,NaN,NaN,NaN,NaN,NaN,NaN,NaN,NaN,NaN,NaN,NaN,NaN,NaN,NaN,NaN,NaN,NaN,NaN,NaN,NaN,NaN,NaN,NaN,NaN,NaN,NaN,NaN,NaN,NaN,NaN,NaN,NaN,NaN,NaN,0.0209684059499301,0.0185304984732872,0.0146133779268668,0.0181900327519542,0.0206093914053328,0.0221603195275754,NaN,NaN,NaN,NaN,NaN,NaN,NaN,0.00020508939494895,0.000606902288552143,0.000567355067790191,0.000548175567871834,0.000541873189419011,0.000556519784974002,0.000570055196243165,0.000547592729083996,0.000583995979217195,0.00055729800332005,0.000497796134378222,0.000455069865539496,0.000422689704801905,0.000378492141223282,0.000319130836135529,0.0002833822935355,0.000247124222977383,0.000202715550668455,0.000171918773559175,0.000168422546739211,0.000186255691434908,0.000218324809805729,0.000244746599485195,0.000260390100126295,0.000400754608792731,0.000491097757697026,0.00049100341578599,0.000586883603348556,0.000671212044062258,0.000716255019302388,0.000714674519826049,0.000667760440275062,-0.00131393841811946,NaN,NaN,NaN,NaN,NaN,NaN,NaN,NaN,NaN,NaN,NaN,NaN,NaN,NaN,NaN,NaN,NaN,0.000931624249670828,0.000929642083489703,0.000928581279198649,0.000931634395454763,0.000936872855071363,0.000943038783348378,0.000950031766758777,0.000958466438339514,0.000966973616292667,0.000974697954616799,0.000980023755962664,0.000983037234680494,0.000988002329643377,0.000995551366609952,0.00100330924895109,0.00100818218136534,0.00101224290879403,0.00101703094341726,0.00102088183274549,0.00102744746232739,0.0010303123539344
NaN,NaN,NaN,NaN,NaN,NaN,NaN,NaN,NaN,NaN,NaN,NaN,NaN,NaN,NaN,NaN,NaN,NaN,NaN,NaN,NaN,NaN,NaN,NaN,NaN,NaN,NaN,NaN,NaN,NaN,NaN,NaN,NaN,NaN,NaN,NaN,NaN,NaN,NaN,NaN,NaN,NaN,NaN,NaN,NaN,NaN,NaN,NaN,NaN,NaN,NaN,NaN,NaN,NaN,NaN,NaN,NaN,NaN,NaN,NaN,NaN,NaN,NaN,NaN,NaN,NaN,NaN,NaN,NaN,NaN,NaN,NaN,NaN,NaN,NaN,NaN,NaN,NaN,NaN,NaN,NaN,NaN,NaN,NaN,NaN,NaN,NaN,NaN,NaN,NaN,NaN,NaN,NaN,NaN,NaN,NaN,NaN,NaN,NaN,NaN,NaN,NaN,NaN,NaN,NaN,NaN,NaN,NaN,NaN,NaN,NaN,NaN,NaN,NaN,NaN,NaN,NaN,NaN,NaN,NaN,NaN,NaN,NaN,NaN,NaN,NaN,NaN,NaN,NaN,NaN,NaN,NaN,NaN,NaN,NaN,NaN,NaN,NaN,NaN,NaN,NaN,NaN,NaN,NaN,NaN,NaN,NaN,NaN,NaN,NaN,NaN,NaN,NaN,NaN,NaN,NaN,NaN,NaN,NaN,NaN,NaN,0.0187895355815623,0.0149699388356616,0.00832208493311603,0.0142284510671658,0.0182089244101381,0.0206649262064961,NaN,NaN,NaN,NaN,NaN,NaN,NaN,-0.00175569074172103,0.000484153429769339,0.000505511287784482,0.000518952596241274,0.000519450276057333,0.000542770221471302,0.000567560834273699,0.000572822612493584,0.000580124682944971,0.000596219518641959,0.000558685134486895,0.000494130608090184,0.000445797530538417,0.000409150735255333,0.000365968067372824,0.000328627876960086,0.000328087695713829,0.000327872875253019,0.000332018796381117,0.00036045460937571,0.000396507257913643,0.000341558874180303,0.000231954812689609,0.000114556816598978,0.000571776785046905,0.000907793600118834,0.000835215589266501,0.000817562159185019,0.000869015899340709,0.000752176952066811,-0.000576141323492574,-0.0102730976007436,NaN,NaN,NaN,NaN,NaN,NaN,NaN,NaN,NaN,NaN,NaN,NaN,NaN,NaN,NaN,NaN,NaN,NaN,0.000941859638223947,0.000940965607439616,0.000939674776751845,0.000941593562423665,0.000945505640638096,0.000949810900582855,0.000955101936650188,0.000962767351120228,0.000971012731577958,0.000978420841155558,0.000983308296389306,0.000985578389142357,0.000989745087290928,0.000997121088770937,0.00100515823636826,0.0010106506442877,0.00101418353948518,0.00101879487843837,0.00102303247451144,0.00102915671750879,0.00103200137375285
NaN,NaN,NaN,NaN,NaN,NaN,NaN,NaN,NaN,NaN,NaN,NaN,NaN,NaN,NaN,NaN,NaN,NaN,NaN,NaN,NaN,NaN,NaN,NaN,NaN,NaN,NaN,NaN,NaN,NaN,NaN,NaN,NaN,NaN,NaN,NaN,NaN,NaN,NaN,NaN,NaN,NaN,NaN,NaN,NaN,NaN,NaN,NaN,NaN,NaN,NaN,NaN,NaN,NaN,NaN,NaN,NaN,NaN,NaN,NaN,NaN,NaN,NaN,NaN,NaN,NaN,NaN,NaN,NaN,NaN,NaN,NaN,NaN,NaN,NaN,NaN,NaN,NaN,NaN,NaN,NaN,NaN,NaN,NaN,NaN,NaN,NaN,NaN,NaN,NaN,NaN,NaN,NaN,NaN,NaN,NaN,NaN,NaN,NaN,NaN,NaN,NaN,NaN,NaN,NaN,NaN,NaN,NaN,NaN,NaN,NaN,NaN,NaN,NaN,NaN,NaN,NaN,NaN,NaN,NaN,NaN,NaN,NaN,NaN,NaN,NaN,NaN,NaN,NaN,NaN,NaN,NaN,NaN,NaN,NaN,NaN,NaN,NaN,NaN,NaN,NaN,NaN,NaN,NaN,NaN,NaN,NaN,NaN,NaN,NaN,NaN,NaN,NaN,NaN,NaN,NaN,NaN,NaN,NaN,NaN,NaN,NaN,NaN,-0.00217485327697486,0.00751728642509608,0.014408582685346,0.0183494581422491,NaN,NaN,NaN,NaN,NaN,NaN,NaN,-0.00064180954948756,0.000473671943233935,0.000504843751324658,0.000521148213183299,0.00052604126268436,0.000526671736434556,0.000516441558665127,0.00054836956779575,0.00058249773829797,0.000612208380785739,0.000618166181208246,0.000546106401006934,0.000485973187783761,0.000443764699089966,0.000407822865376449,0.000378981957039263,0.000383366173928028,0.000406803179075279,0.000431820292354355,0.000493257865549871,0.000529844348934956,0.000510102916985611,0.000426277959931056,0.000586292263888621,0.00107851712676467,0.00137710985927462,0.00131712201479181,0.00113301897339658,0.00104925390755632,-0.00205788286266432,-0.00305176407956296,-0.03414770048429,NaN,NaN,NaN,NaN,NaN,NaN,NaN,NaN,NaN,NaN,NaN,NaN,NaN,NaN,NaN,NaN,NaN,NaN,0.000951520066584439,0.000951140589601492,0.000949849924192228,0.000950734165282554,0.000953614794437789,0.000957153941150264,0.00096156676915729,0.000967576145832427,0.00097489914984185,0.000981998799439994,0.000986966146222382,0.000988684560874475,0.000991520326210744,0.00099819704659806,0.00100626849208038,0.00101300175299003,0.00101651053937958,0.00102059051626934,0.00102497383954298,0.00103079982226344,0.00103362061063374
NaN,NaN,NaN,NaN,NaN,NaN,NaN,NaN,NaN,NaN,NaN,NaN,NaN,NaN,NaN,NaN,NaN,NaN,NaN,NaN,NaN,NaN,NaN,NaN,NaN,NaN,NaN,NaN,NaN,NaN,NaN,NaN,NaN,NaN,NaN,NaN,NaN,NaN,NaN,NaN,NaN,NaN,NaN,NaN,NaN,NaN,NaN,NaN,NaN,NaN,NaN,NaN,NaN,NaN,NaN,NaN,NaN,NaN,NaN,NaN,NaN,NaN,NaN,NaN,NaN,NaN,NaN,NaN,NaN,NaN,NaN,NaN,NaN,NaN,NaN,NaN,NaN,NaN,NaN,NaN,NaN,NaN,NaN,NaN,NaN,NaN,NaN,NaN,NaN,NaN,NaN,NaN,NaN,NaN,NaN,NaN,NaN,NaN,NaN,NaN,NaN,NaN,NaN,NaN,NaN,NaN,NaN,NaN,NaN,NaN,NaN,NaN,NaN,NaN,NaN,NaN,NaN,NaN,NaN,NaN,NaN,NaN,NaN,NaN,NaN,NaN,NaN,NaN,NaN,NaN,NaN,NaN,NaN,NaN,NaN,NaN,NaN,NaN,NaN,NaN,NaN,NaN,NaN,NaN,NaN,NaN,NaN,NaN,NaN,NaN,NaN,NaN,NaN,NaN,NaN,NaN,NaN,NaN,NaN,NaN,NaN,NaN,NaN,-0.0159624734266466,-0.00311159609689378,NaN,NaN,NaN,NaN,NaN,NaN,NaN,NaN,NaN,-0.0019346253386443,0.000568067735499115,0.000557851622603522,0.000540794445988054,0.000526703541800837,0.000502639606241316,0.000481416910984533,0.000479747527321738,0.000562491911758964,0.000625561965797977,0.000727019151056392,0.00062204127367186,0.000562859699975402,0.000514543159834335,0.000465276244107985,0.000437036341124082,0.000443267292092893,0.000466747544094759,0.000492171465836019,0.00053787712841,0.000586477584874659,0.000646859979617637,0.000633328988139434,0.000931502136037871,0.00139233808368101,0.00158446003115219,0.00159734043139104,0.00135437250107988,0.00118728195271201,0.00100458886897008,-0.00860500361808147,NaN,NaN,NaN,NaN,NaN,NaN,NaN,NaN,NaN,NaN,NaN,NaN,NaN,NaN,NaN,NaN,NaN,NaN,NaN,0.000961684143052421,0.000960817859982771,0.00095946477193711,0.000959563165522325,0.000960814109993052,0.00096394290865228,0.000967800537176848,0.000972330883021475,0.000978508380734884,0.000985349213987013,0.000990386244589136,0.000992279772686092,0.000993855989777089,0.000999292294467718,0.00100668104303317,0.00101428911083848,0.00101835357046308,0.00102241335101803,0.00102607817591291,0.00103161411534255,0.00103441351937494
NaN,NaN,NaN,NaN,NaN,NaN,NaN,NaN,NaN,NaN,NaN,NaN,NaN,NaN,NaN,NaN,NaN,NaN,NaN,NaN,NaN,NaN,NaN,NaN,NaN,NaN,NaN,NaN,NaN,NaN,NaN,NaN,NaN,NaN,NaN,NaN,NaN,NaN,NaN,NaN,NaN,NaN,NaN,NaN,NaN,NaN,NaN,NaN,NaN,NaN,NaN,NaN,NaN,NaN,NaN,NaN,NaN,NaN,NaN,NaN,NaN,NaN,NaN,NaN,NaN,NaN,NaN,NaN,NaN,NaN,NaN,NaN,NaN,NaN,NaN,NaN,NaN,NaN,NaN,NaN,NaN,NaN,NaN,NaN,NaN,NaN,NaN,NaN,NaN,NaN,NaN,NaN,NaN,NaN,NaN,NaN,NaN,NaN,NaN,NaN,NaN,NaN,NaN,NaN,NaN,NaN,NaN,NaN,NaN,NaN,NaN,NaN,NaN,NaN,NaN,NaN,NaN,NaN,NaN,NaN,NaN,NaN,NaN,NaN,NaN,NaN,NaN,NaN,NaN,NaN,NaN,NaN,NaN,NaN,NaN,NaN,NaN,NaN,NaN,NaN,NaN,NaN,NaN,NaN,NaN,NaN,NaN,NaN,NaN,NaN,NaN,NaN,NaN,NaN,NaN,NaN,NaN,NaN,NaN,NaN,NaN,NaN,NaN,-0.0297012574311194,-0.0168517283366545,NaN,NaN,NaN,NaN,NaN,NaN,NaN,NaN,NaN,NaN,0.000685332610180157,0.000631644900905326,0.000560703117469066,0.000554805050581746,0.000547834241779708,0.000528039074876758,0.000496975873814874,NaN,NaN,0.000930364759823887,0.000739776372215901,0.000672349684413778,0.000629317656059742,0.000567635188193348,0.000530975357480379,0.000527192109335138,0.000522147965339865,0.000533767255207722,0.00055406995117274,0.000585451199443976,0.000641141400757137,0.000765897594698004,0.00109015670475662,0.00149102423435453,0.00163152850996722,0.00164942320539488,0.001515653235955,0.00126296060929656,0.00107355677459847,-0.010918900581344,NaN,NaN,NaN,NaN,NaN,NaN,NaN,NaN,NaN,NaN,NaN,NaN,NaN,NaN,NaN,NaN,NaN,NaN,NaN,0.000970682488515498,0.000970153277009833,0.000968389239803835,0.000967691763320824,0.000967789743755364,0.000970425584225013,0.000973975231217117,0.000977653652749211,0.00098286009051123,0.000988498763600138,0.000992715313586884,0.000995153666969625,0.000996873739701002,0.00100071954723004,0.00100734328420666,0.00101464439762651,0.00101977760565683,0.00102395826533008,0.00102784882570184,0.00103281934775105,0.00103560346870397
NaN,NaN,NaN,NaN,NaN,NaN,NaN,NaN,NaN,NaN,NaN,NaN,NaN,NaN,NaN,NaN,NaN,NaN,NaN,NaN,NaN,NaN,NaN,NaN,NaN,NaN,NaN,NaN,NaN,NaN,NaN,NaN,NaN,NaN,NaN,NaN,NaN,NaN,NaN,NaN,NaN,NaN,NaN,NaN,NaN,NaN,NaN,NaN,NaN,NaN,NaN,NaN,NaN,NaN,NaN,NaN,NaN,NaN,NaN,NaN,NaN,NaN,NaN,NaN,NaN,NaN,NaN,NaN,NaN,NaN,NaN,NaN,NaN,NaN,NaN,NaN,NaN,NaN,NaN,NaN,NaN,NaN,NaN,NaN,NaN,NaN,NaN,NaN,NaN,NaN,NaN,NaN,NaN,NaN,NaN,NaN,NaN,NaN,NaN,NaN,NaN,NaN,NaN,NaN,NaN,NaN,NaN,NaN,NaN,NaN,NaN,NaN,NaN,NaN,NaN,NaN,NaN,NaN,NaN,NaN,NaN,NaN,NaN,NaN,NaN,NaN,NaN,NaN,NaN,NaN,NaN,NaN,NaN,NaN,NaN,NaN,NaN,NaN,NaN,NaN,NaN,NaN,NaN,NaN,NaN,NaN,NaN,NaN,NaN,NaN,NaN,NaN,NaN,NaN,NaN,NaN,NaN,NaN,NaN,NaN,NaN,NaN,NaN,-0.0285826794427414,-0.0304169455770489,NaN,NaN,NaN,NaN,NaN,-0.036208875223846,-0.0354170360403184,-0.00705505383028868,-0.00541422772824921,-0.00192065922222569,0.00142266606908983,0.000949107384091563,0.000690552660226947,0.000716712391232972,0.000673131386621077,0.000645521489268497,0.000617176463236986,NaN,NaN,0.000889967514284257,0.00081197218916218,0.000779572571067894,0.000748933752510194,0.000698224690573987,0.00064519008574259,0.000594244305535479,0.000561547744298684,0.00055438949645909,0.00056425330816448,0.000598591061242963,0.000679143119783767,0.00086419908285625,0.00114324370409139,0.00139226220191565,0.00150606511842421,0.00152509089591598,0.00148874991772693,0.00134626454613609,0.00121445805539871,-0.00175652488555888,-0.0297759762317318,NaN,NaN,NaN,NaN,NaN,NaN,NaN,NaN,NaN,NaN,NaN,NaN,NaN,NaN,NaN,NaN,NaN,NaN,0.000978640104956381,0.000978872936421449,0.000976258470851156,0.000975162884019332,0.000974899204609198,0.000976499736578945,0.000979730937514681,0.000983048957393318,0.000987365875335602,0.000991643643936148,0.000994991230800186,0.000997594804745025,0.000999516599172732,0.00100241733421755,0.00100869227813319,0.00101537730958336,0.00102101745567268,0.001025440984906,0.00102977114893033,0.00103454623381255,0.00103731332464022
NaN,NaN,NaN,NaN,NaN,NaN,NaN,NaN,NaN,NaN,NaN,NaN,NaN,NaN,NaN,NaN,NaN,NaN,NaN,NaN,NaN,NaN,NaN,NaN,NaN,NaN,NaN,NaN,NaN,NaN,NaN,NaN,NaN,NaN,NaN,NaN,NaN,NaN,NaN,NaN,NaN,NaN,NaN,NaN,NaN,NaN,NaN,NaN,NaN,NaN,NaN,NaN,NaN,NaN,NaN,NaN,NaN,NaN,NaN,NaN,NaN,NaN,NaN,NaN,NaN,NaN,NaN,NaN,NaN,NaN,NaN,NaN,NaN,NaN,NaN,NaN,NaN,NaN,NaN,NaN,NaN,NaN,NaN,NaN,NaN,NaN,NaN,NaN,NaN,NaN,NaN,NaN,NaN,NaN,NaN,NaN,NaN,NaN,NaN,NaN,NaN,NaN,NaN,NaN,NaN,NaN,NaN,NaN,NaN,NaN,NaN,NaN,NaN,NaN,NaN,NaN,NaN,NaN,NaN,NaN,NaN,NaN,NaN,NaN,NaN,NaN,NaN,NaN,NaN,NaN,NaN,NaN,NaN,NaN,NaN,NaN,NaN,NaN,NaN,NaN,NaN,NaN,NaN,NaN,NaN,NaN,NaN,NaN,NaN,NaN,NaN,NaN,NaN,NaN,NaN,NaN,NaN,NaN,NaN,NaN,-0.0294210347071438,-0.028902786678279,-0.0291390659186063,-0.00955222020163879,-0.0291284341505011,NaN,-0.0336882860763249,-0.0334440580984282,-0.0345002693307711,-0.00783157836384772,-0.00798693160078919,-0.00606149368707157,-0.00174661028921216,0.00185308740731604,0.00234673808293159,0.00174543197454199,0.00134520162588331,0.00103403636653264,0.000905706989392296,0.00084281048243096,0.00077752085878446,-0.00186458637372429,NaN,NaN,0.000826403890841632,0.000800290875084866,0.000780380035064088,0.000758545682466805,0.000740248077147632,0.000716009929387259,0.000673496047315492,0.000616887786768217,0.000579314033724471,0.000582838426218578,0.000620083117246084,0.000730396151380033,0.000909163095141526,0.00105597919211445,0.00116343379112612,0.00125686436161543,0.00125640859581543,0.00128955837327049,0.00129339510284956,0.00117541426545517,0.00111651977916568,-0.00172617265250508,NaN,NaN,NaN,NaN,NaN,NaN,NaN,NaN,NaN,NaN,NaN,NaN,NaN,NaN,NaN,NaN,NaN,NaN,0.000985457410863146,0.000985769162502505,0.000982997272340285,0.000981611372484502,0.000980951973450806,0.000981887333237265,0.000985053848455299,0.000987907467971188,0.000991585448098298,0.00099506903848162,0.000997790697820743,0.00100026229285726,0.00100238607683998,0.00100456137342594,0.00100999197993484,0.00101662026368743,0.00102188706881055,0.00102635548913402,0.00103013472252901,0.00103529485647474,0.00103803939059818
NaN,NaN,NaN,NaN,NaN,NaN,NaN,NaN,NaN,NaN,NaN,NaN,NaN,NaN,NaN,NaN,NaN,NaN,NaN,NaN,NaN,NaN,NaN,NaN,NaN,NaN,NaN,NaN,NaN,NaN,NaN,NaN,NaN,NaN,NaN,NaN,NaN,NaN,NaN,NaN,NaN,NaN,NaN,NaN,NaN,NaN,NaN,NaN,NaN,NaN,NaN,NaN,NaN,NaN,NaN,NaN,NaN,NaN,NaN,NaN,NaN,NaN,NaN,NaN,NaN,NaN,NaN,NaN,NaN,NaN,NaN,NaN,NaN,NaN,NaN,NaN,NaN,NaN,NaN,NaN,NaN,NaN,NaN,NaN,NaN,NaN,NaN,NaN,NaN,NaN,NaN,NaN,NaN,NaN,NaN,NaN,NaN,NaN,NaN,NaN,NaN,NaN,NaN,NaN,NaN,NaN,NaN,NaN,NaN,NaN,NaN,NaN,NaN,NaN,NaN,NaN,NaN,NaN,NaN,NaN,NaN,NaN,NaN,NaN,NaN,NaN,NaN,NaN,NaN,NaN,NaN,NaN,NaN,NaN,NaN,NaN,NaN,NaN,NaN,NaN,NaN,NaN,NaN,NaN,NaN,NaN,NaN,NaN,NaN,NaN,NaN,NaN,NaN,NaN,NaN,NaN,NaN,NaN,NaN,NaN,-0.0290044606087099,-0.0295085083258438,-0.029294636429243,-0.00973886969190704,-0.010028134162521,-0.0313438652638726,-0.00809469166546728,-0.00710563139166736,-0.00767957945021317,-0.00776228616852633,-0.00607137660306159,-0.00107113272597848,0.00306469293926355,0.00304795923905873,0.00255500787513029,0.00205582610144142,0.00160558181434465,0.00134469489729432,0.00113051885590127,0.00103000792629611,-0.00167143028035372,-0.0303706489541739,NaN,NaN,0.000714998900400319,0.000719760914170281,0.000742476354171795,0.000761021650331741,0.000777826629117535,0.000802535126872173,0.00074633929689555,0.000649836452972508,0.000587870165233648,0.000586693467139132,0.000612918629601694,0.000677812006409489,0.000771026886223906,0.000832516751600044,0.000926350170836742,0.000971707057176419,0.000983782075954581,0.00105100708711741,0.00116547907829293,0.00110367922533814,0.00104449075767302,0.00103213773845798,NaN,NaN,NaN,NaN,NaN,NaN,NaN,NaN,NaN,NaN,NaN,NaN,NaN,NaN,NaN,NaN,NaN,NaN,0.000991282291613345,0.000991554091263266,0.000988933720296603,0.000986787624848088,0.000986062362523269,0.000986820756908514,0.000989470502565997,0.000992176250838181,0.000994974762655356,0.000997789168847217,0.00100041707543188,0.00100244733329963,0.00100468772990459,0.00100633990014869,0.00101100823913056,0.00101741928149976,0.00102251236489113,0.00102653230731521,0.00102989196351247,0.00103521520534006,0.00103793685417164
NaN,NaN,NaN,NaN,NaN,NaN,NaN,NaN,NaN,NaN,NaN,NaN,NaN,NaN,NaN,NaN,NaN,NaN,NaN,NaN,NaN,NaN,NaN,NaN,NaN,NaN,NaN,NaN,NaN,NaN,NaN,NaN,NaN,NaN,NaN,NaN,NaN,NaN,NaN,NaN,NaN,NaN,NaN,NaN,NaN,NaN,NaN,NaN,NaN,NaN,NaN,NaN,NaN,NaN,NaN,NaN,NaN,NaN,NaN,NaN,NaN,NaN,NaN,NaN,NaN,NaN,NaN,NaN,NaN,NaN,NaN,NaN,NaN,NaN,NaN,NaN,NaN,NaN,NaN,NaN,NaN,NaN,NaN,NaN,NaN,NaN,NaN,NaN,NaN,NaN,NaN,NaN,NaN,NaN,NaN,NaN,NaN,NaN,NaN,NaN,NaN,NaN,NaN,NaN,NaN,NaN,NaN,NaN,NaN,NaN,NaN,NaN,NaN,NaN,NaN,NaN,NaN,NaN,NaN,NaN,NaN,NaN,NaN,NaN,NaN,NaN,NaN,NaN,NaN,NaN,NaN,NaN,NaN,NaN,NaN,NaN,NaN,NaN,NaN,NaN,NaN,NaN,NaN,NaN,NaN,NaN,NaN,NaN,NaN,NaN,NaN,NaN,NaN,NaN,NaN,NaN,NaN,NaN,NaN,NaN,-0.0290122610158224,-0.0291809264932297,-0.00968060148628058,-0.00975143117928796,-0.00983661202891568,-0.00936927997153151,-0.00762261752976437,-0.00402930927628914,-0.00525909635331657,-0.00764199107185881,-0.00291993476716503,0.00361694721067889,0.0037140944864531,0.00329874989954462,0.00274421952425984,0.002253023081021,0.00196551981458602,0.00159859550415589,0.00138436990235155,-0.00136564874412552,-0.0120255155453128,NaN,NaN,NaN,-0.00305426867491455,0.000693504694254407,0.00074792270630985,0.000789296519409897,0.000798566411017352,0.000790930925434096,0.000760039337037446,0.00066632177369208,0.000573646405123474,0.000552781710858378,0.000551998049427197,0.000601018289210733,0.000677983954533401,0.00077448677442165,0.000803419435398961,0.000829664110248708,0.000866397371126879,0.000921693023335002,0.00105906758255002,0.00105543599078209,0.00099299691259134,0.000939221954866075,NaN,NaN,NaN,NaN,NaN,NaN,NaN,NaN,NaN,NaN,NaN,NaN,NaN,NaN,NaN,NaN,NaN,NaN,0.000995409919124466,0.000996580589908418,0.000994015890109246,0.00099127524619392,0.000990002259767825,0.00099108137071001,0.000993418510495438,0.000995091510504042,0.000997604087688344,0.00100054257945263,0.001002687440322,0.00100447174657825,0.0010059607665513,0.00100780593420535,0.00101212736351624,0.00101785568233493,0.00102254926199215,0.00102671519088684,0.00102958280306844,0.00103475149874377,0.0010374505906779
NaN,NaN,NaN,NaN,NaN,NaN,NaN,NaN,NaN,NaN,NaN,NaN,NaN,NaN,NaN,NaN,NaN,NaN,NaN,NaN,NaN,NaN,NaN,NaN,NaN,NaN,NaN,NaN,NaN,NaN,NaN,NaN,NaN,NaN,NaN,NaN,NaN,NaN,NaN,NaN,NaN,NaN,NaN,NaN,NaN,NaN,NaN,NaN,NaN,NaN,NaN,NaN,NaN,NaN,NaN,NaN,NaN,NaN,NaN,NaN,NaN,NaN,NaN,NaN,NaN,NaN,NaN,NaN,NaN,NaN,NaN,NaN,NaN,NaN,NaN,NaN,NaN,NaN,NaN,NaN,NaN,NaN,NaN,NaN,NaN,NaN,NaN,NaN,NaN,NaN,NaN,NaN,NaN,NaN,NaN,NaN,NaN,NaN,NaN,NaN,NaN,NaN,NaN,NaN,NaN,NaN,NaN,NaN,NaN,NaN,NaN,NaN,NaN,NaN,NaN,NaN,NaN,NaN,NaN,NaN,NaN,NaN,NaN,NaN,NaN,NaN,NaN,NaN,NaN,NaN,NaN,NaN,NaN,NaN,NaN,NaN,NaN,NaN,NaN,NaN,NaN,NaN,NaN,NaN,NaN,NaN,NaN,NaN,NaN,NaN,NaN,NaN,NaN,NaN,NaN,NaN,NaN,NaN,NaN,-0.030511179692007,-0.0290613720465945,-0.0321068158123803,-0.0141618378547148,-0.0296406687174556,-0.0269924986674639,-0.0321589352191981,-0.0299626677774982,-0.00316594088418457,0.00274309408340284,-0.00197483863395307,0.00282092131262406,0.0042713280043799,0.00396062093354846,0.00350904498481766,0.00307020806523502,0.00257246070354775,0.0021896422204811,0.00179703530743109,-0.000988297030355413,-0.0296003920858937,-0.0415472750088772,NaN,NaN,NaN,NaN,-0.00299080027008188,0.000233331737638904,0.000760560078462507,0.000748820688577004,0.000749822349148332,0.000751331665619157,0.000687675390396866,0.000610747692651908,0.000572872366950293,0.00056809438406755,0.000626159503413544,0.000704944821799632,0.000778053065905555,0.000745923243928653,0.000794555736920887,0.000797632628416445,0.000817082024185975,0.000922507861592289,0.000970045361113356,0.000949282628266623,0.000883633538781818,0.000838971934591781,NaN,NaN,NaN,NaN,NaN,NaN,NaN,NaN,NaN,NaN,NaN,NaN,NaN,NaN,NaN,NaN,NaN,0.000998836675028404,0.00100073580415154,0.000998105619780661,0.000995237674246898,0.000993752735149302,0.000994559615215294,0.000996338610422845,0.000997653751225822,0.000999862497045867,0.00100247054999208,0.00100416007084685,0.00100596671591475,0.00100720030646741,0.00100926239540026,0.00101353198239747,0.00101847096515967,0.00102289650422886,0.00102695253384206,0.00102915169881237,0.00103445127906582,0.00103713933411737
NaN,NaN,NaN,NaN,NaN,NaN,NaN,NaN,NaN,NaN,NaN,NaN,NaN,NaN,NaN,NaN,NaN,NaN,NaN,NaN,NaN,NaN,NaN,NaN,NaN,NaN,NaN,NaN,NaN,NaN,NaN,NaN,NaN,NaN,NaN,NaN,NaN,NaN,NaN,NaN,NaN,NaN,NaN,NaN,NaN,NaN,NaN,NaN,NaN,NaN,NaN,NaN,NaN,NaN,NaN,NaN,NaN,NaN,NaN,NaN,NaN,NaN,NaN,NaN,NaN,NaN,NaN,NaN,NaN,NaN,NaN,NaN,NaN,NaN,NaN,NaN,NaN,NaN,NaN,NaN,NaN,NaN,NaN,NaN,NaN,NaN,NaN,NaN,NaN,NaN,NaN,NaN,NaN,NaN,NaN,NaN,NaN,NaN,NaN,NaN,NaN,NaN,NaN,NaN,NaN,NaN,NaN,NaN,NaN,NaN,NaN,NaN,NaN,NaN,NaN,NaN,NaN,NaN,NaN,NaN,NaN,NaN,NaN,NaN,NaN,NaN,NaN,NaN,NaN,NaN,NaN,NaN,NaN,NaN,NaN,NaN,NaN,NaN,NaN,NaN,NaN,NaN,NaN,NaN,NaN,NaN,NaN,NaN,NaN,NaN,NaN,NaN,NaN,NaN,NaN,NaN,NaN,NaN,-0.00436446838452788,-0.0175721086334744,-0.0305854860489369,-0.0278812547753306,-0.0322393699276547,-0.0310650512269005,NaN,NaN,NaN,-0.0208506817501705,0.0028925760201129,0.00374605670518156,0.00459801939647151,0.00451321135915935,0.00427172781852089,0.00391652034713852,0.00341346970394178,0.00171297301677204,0.00159840969358995,-0.0106162806034582,-0.0290980311121995,-0.0450794451195751,NaN,NaN,NaN,NaN,NaN,NaN,-0.00487288436705971,0.000717966085546462,0.000705287763574561,0.000700139117032095,0.000693901170033131,0.000679736666200124,0.000626845160119816,0.000568524313089188,0.0005620227618443,0.000605175453737166,0.000635040804018843,0.000650715361010079,0.000661043943367007,0.000644315231376232,0.000644404762216945,0.000670521947579772,0.000726610112288248,0.000833213051809385,0.000888119254220388,0.000883245600303774,0.00081384968257706,NaN,NaN,NaN,NaN,NaN,NaN,NaN,NaN,NaN,NaN,NaN,NaN,NaN,NaN,NaN,NaN,NaN,0.00100242948724292,0.00100408941954946,0.00100173445004492,0.000998762275361928,0.000997639984612719,0.000998065052289986,0.000999516151319435,0.00100050486642808,0.00100187618925179,0.00100370564882897,0.00100514996084801,0.00100724243300098,0.00100867664973875,0.00101085139689758,0.0010150804570094,0.00101942285750877,0.00102328364251997,0.00102682501110591,0.00102826106906406,0.00103505088247091,0.00103772470581054
NaN,NaN,NaN,NaN,NaN,NaN,NaN,NaN,NaN,NaN,NaN,NaN,NaN,NaN,NaN,NaN,NaN,NaN,NaN,NaN,NaN,NaN,NaN,NaN,NaN,NaN,NaN,NaN,NaN,NaN,NaN,NaN,NaN,NaN,NaN,NaN,NaN,NaN,NaN,NaN,NaN,NaN,NaN,NaN,NaN,NaN,NaN,NaN,NaN,NaN,NaN,NaN,NaN,NaN,NaN,NaN,NaN,NaN,NaN,NaN,NaN,NaN,NaN,NaN,NaN,NaN,NaN,NaN,NaN,NaN,NaN,NaN,NaN,NaN,NaN,NaN,NaN,NaN,NaN,NaN,NaN,NaN,NaN,NaN,NaN,NaN,NaN,NaN,NaN,NaN,NaN,NaN,NaN,NaN,NaN,NaN,NaN,NaN,NaN,NaN,NaN,NaN,NaN,NaN,NaN,NaN,NaN,NaN,NaN,NaN,NaN,NaN,NaN,NaN,NaN,NaN,NaN,NaN,NaN,NaN,NaN,NaN,NaN,NaN,NaN,NaN,NaN,NaN,NaN,NaN,NaN,NaN,NaN,NaN,NaN,NaN,NaN,NaN,NaN,NaN,NaN,NaN,NaN,NaN,NaN,NaN,NaN,NaN,NaN,NaN,NaN,NaN,NaN,NaN,NaN,NaN,NaN,NaN,0.00514911501867259,-0.00435805279558916,NaN,NaN,NaN,NaN,NaN,NaN,-0.0345111821437596,-0.00680058578742831,-0.00400671732862461,0.00479243615415781,0.00482456678421184,0.00475274987185836,0.00460897003716366,0.00438607876682446,0.00329706278959516,-0.0166469922810724,-0.0203971428779559,NaN,NaN,NaN,NaN,NaN,NaN,NaN,NaN,NaN,NaN,NaN,0.000677034513475195,0.000643668347936118,0.000640518040196825,0.000639578768514731,0.000614726330975168,0.00057613727469973,0.000580812442851707,0.000581660991081971,0.000591121111362511,0.000598934074497515,0.000592471915920997,0.000543930222108061,0.00052563258541862,0.000564224396074547,0.000636731325118925,0.000755694325177617,0.000846214260602733,0.000873204164024065,0.000818890329698523,0.00073948826751169,NaN,NaN,NaN,NaN,NaN,NaN,NaN,NaN,NaN,NaN,NaN,NaN,NaN,NaN,NaN,NaN,0.00100501452355173,0.0010063055496724,0.00100442304286217,0.0010024098636054,0.00100102951850626,0.0010012349412324,0.00100209371796525,0.00100280381643864,0.00100390670635154,0.00100494864585112,0.00100662537290749,0.00100880017002279,0.00101048090505394,0.00101320061749035,0.00101702821693845,0.00102064692166546,0.00102353606549697,0.00102630432443995,0.00102719099497557,0.00103569695349508,0.00103835448582928
NaN,NaN,NaN,NaN,NaN,NaN,NaN,NaN,NaN,NaN,NaN,NaN,NaN,NaN,NaN,NaN,NaN,NaN,NaN,NaN,NaN,NaN,NaN,NaN,NaN,NaN,NaN,NaN,NaN,NaN,NaN,NaN,NaN,NaN,NaN,NaN,NaN,NaN,NaN,NaN,NaN,NaN,NaN,NaN,NaN,NaN,NaN,NaN,NaN,NaN,NaN,NaN,NaN,NaN,NaN,NaN,NaN,NaN,NaN,NaN,NaN,NaN,NaN,NaN,NaN,NaN,NaN,NaN,NaN,NaN,NaN,NaN,NaN,NaN,NaN,NaN,NaN,NaN,NaN,NaN,NaN,NaN,NaN,NaN,NaN,NaN,NaN,NaN,NaN,NaN,NaN,NaN,NaN,NaN,NaN,NaN,NaN,NaN,NaN,NaN,NaN,NaN,NaN,NaN,NaN,NaN,NaN,NaN,NaN,NaN,NaN,NaN,NaN,NaN,NaN,NaN,NaN,NaN,NaN,NaN,NaN,NaN,NaN,NaN,NaN,NaN,NaN,NaN,NaN,NaN,NaN,NaN,NaN,NaN,NaN,NaN,NaN,NaN,NaN,NaN,NaN,NaN,NaN,NaN,NaN,NaN,NaN,NaN,NaN,NaN,NaN,NaN,NaN,NaN,NaN,NaN,NaN,NaN,NaN,NaN,NaN,NaN,NaN,NaN,NaN,NaN,-0.0348317847457457,-0.00724120330900566,0.00490759780587578,0.00491496980525674,0.00486908970127676,0.00484287847302145,0.00477063026582015,0.00466400736977287,0.00435552623619223,NaN,NaN,NaN,NaN,NaN,NaN,NaN,NaN,NaN,NaN,NaN,NaN,NaN,NaN,0.000611749617071101,0.000613869158291401,0.000622703057966617,0.000639336543309689,0.000650537396579111,0.000612949525047141,0.000541796146781138,0.000510423357294626,0.000526780839649428,0.000550105822883146,0.000508699038029723,0.000502139694303598,0.000545072472557128,0.000581917646911676,0.000669381914565196,0.000783307861881082,0.000818829830788379,0.000810645038171627,0.000794308346724199,-0.000461779748105426,-0.0235564561682381,-0.0366014714921292,NaN,NaN,NaN,NaN,NaN,NaN,NaN,NaN,NaN,NaN,NaN,NaN,NaN,0.00100568177222404,0.00100692143869785,0.00100607480560373,0.00100466185623756,0.00100311390447572,0.00100341848603112,0.00100367107621224,0.0010045594371026,0.00100570527403297,0.00100673991220338,0.00100852583918483,0.00101030015748298,0.0010125437872856,0.00101535542360464,0.00101907492957489,0.0010219654158575,0.0010239648103581,0.00102553950973562,0.00102595009267026,0.00103502953110152,0.00103767907733269
NaN,NaN,NaN,NaN,NaN,NaN,NaN,NaN,NaN,NaN,NaN,NaN,NaN,NaN,NaN,NaN,NaN,NaN,NaN,NaN,NaN,NaN,NaN,NaN,NaN,NaN,NaN,NaN,NaN,NaN,NaN,NaN,NaN,NaN,NaN,NaN,NaN,NaN,NaN,NaN,NaN,NaN,NaN,NaN,NaN,NaN,NaN,NaN,NaN,NaN,NaN,NaN,NaN,NaN,NaN,NaN,NaN,NaN,NaN,NaN,NaN,NaN,NaN,NaN,NaN,NaN,NaN,NaN,NaN,NaN,NaN,NaN,NaN,NaN,NaN,NaN,NaN,NaN,NaN,NaN,NaN,NaN,NaN,NaN,NaN,NaN,NaN,NaN,NaN,NaN,NaN,NaN,NaN,NaN,NaN,NaN,NaN,NaN,NaN,NaN,NaN,NaN,NaN,NaN,NaN,NaN,NaN,NaN,NaN,NaN,NaN,NaN,NaN,NaN,NaN,NaN,NaN,NaN,NaN,NaN,NaN,NaN,NaN,NaN,NaN,NaN,NaN,NaN,NaN,NaN,NaN,NaN,NaN,NaN,NaN,NaN,NaN,NaN,NaN,NaN,NaN,NaN,NaN,NaN,NaN,NaN,NaN,NaN,NaN,NaN,NaN,NaN,NaN,NaN,NaN,NaN,NaN,NaN,NaN,NaN,NaN,NaN,NaN,NaN,NaN,NaN,NaN,-0.0337621106995958,-0.00545640349732257,0.00489522192224671,0.00489876447928094,0.00485998593638877,0.00481186550011935,0.00470670901848233,NaN,NaN,NaN,NaN,NaN,NaN,NaN,NaN,NaN,NaN,NaN,NaN,NaN,NaN,NaN,0.000169880208477714,0.000554322450393379,0.000566138238670727,0.000567511015731453,0.00051305157049262,0.000444816180221748,0.000393438159590143,0.000379905783184599,0.000424781783127439,0.000503371087716887,0.000491130175801914,0.000479518639910083,0.000496323168061908,0.000521369879878719,0.000637760768613029,0.000726868014308536,0.000775573262392555,0.000784118533456613,0.000778507817459224,0.000694422442377662,-0.00870730571189386,-0.00811634048952703,-0.0351718481101069,-0.0331747978173761,NaN,NaN,NaN,NaN,NaN,NaN,NaN,NaN,NaN,NaN,NaN,0.00100511352228019,0.00100668582541807,0.00100635140741778,0.00100547202216089,0.00100412548244408,0.0010047667216998,0.00100522923187645,0.00100617412708741,0.00100718961348567,0.00100839515322523,0.00101012054249156,0.00101170612741986,0.00101397332514416,0.00101695868133449,0.00102109270391332,0.0010234232166303,0.0010243443118565,0.00102458231479549,0.00102491511177467,0.00103363471498285,0.00103627440589536
NaN,NaN,NaN,NaN,NaN,NaN,NaN,NaN,NaN,NaN,NaN,NaN,NaN,NaN,NaN,NaN,NaN,NaN,NaN,NaN,NaN,NaN,NaN,NaN,NaN,NaN,NaN,NaN,NaN,NaN,NaN,NaN,NaN,NaN,NaN,NaN,NaN,NaN,NaN,NaN,NaN,NaN,NaN,NaN,NaN,NaN,NaN,NaN,NaN,NaN,NaN,NaN,NaN,NaN,NaN,NaN,NaN,NaN,NaN,NaN,NaN,NaN,NaN,NaN,NaN,NaN,NaN,NaN,NaN,NaN,NaN,NaN,NaN,NaN,NaN,NaN,NaN,NaN,NaN,NaN,NaN,NaN,NaN,NaN,NaN,NaN,NaN,NaN,NaN,NaN,NaN,NaN,NaN,NaN,NaN,NaN,NaN,NaN,NaN,NaN,NaN,NaN,NaN,NaN,NaN,NaN,NaN,NaN,NaN,NaN,NaN,NaN,NaN,NaN,NaN,NaN,NaN,NaN,NaN,NaN,NaN,NaN,NaN,NaN,NaN,NaN,NaN,NaN,NaN,NaN,NaN,NaN,NaN,NaN,NaN,NaN,NaN,NaN,NaN,NaN,NaN,NaN,NaN,NaN,NaN,NaN,NaN,NaN,NaN,NaN,NaN,NaN,NaN,NaN,NaN,NaN,NaN,NaN,NaN,NaN,NaN,NaN,NaN,NaN,NaN,NaN,NaN,NaN,-0.0160067647973883,0.00411455928368372,0.00496924428706315,0.00495774792662046,0.00492212108854284,0.00391786244921433,NaN,NaN,NaN,NaN,NaN,NaN,NaN,NaN,NaN,NaN,NaN,NaN,NaN,NaN,NaN,-0.000962242064972923,0.000434358947762636,0.000431362968548279,0.000401090303865055,0.000336812824721778,0.000306457033058642,0.000282778313050278,0.000257585624000231,0.000316882780363107,0.000461404393435435,0.000513067105353766,0.000500815966052642,0.000545061234852404,0.000649881048701045,0.000654284813294646,0.000722780085144037,0.000784025637059204,0.00077645869097317,0.000759105631142651,0.000449788989241778,-0.00876992072672087,-0.0082832422498174,-0.00778482022311388,-0.00722007914671995,-0.0304034455807235,NaN,NaN,NaN,NaN,NaN,NaN,NaN,NaN,NaN,NaN,0.00100482029540219,0.00100615458158235,0.00100547635461139,0.00100576879272872,0.00100500572452922,0.00100546648802223,0.00100664683212504,0.00100745572973483,0.00100862624914211,0.00100982439768803,0.00101146904886834,0.00101287378058534,0.00101569562876805,0.00101897762135472,0.00102259378825982,0.00102444170990996,0.00102456194677817,0.00102486371905685,0.00102426563036984,0.00103161232121944,0.00103423571374343
NaN,NaN,NaN,NaN,NaN,NaN,NaN,NaN,NaN,NaN,NaN,NaN,NaN,NaN,NaN,NaN,NaN,NaN,NaN,NaN,NaN,NaN,NaN,NaN,NaN,NaN,NaN,NaN,NaN,NaN,NaN,NaN,NaN,NaN,NaN,NaN,NaN,NaN,NaN,NaN,NaN,NaN,NaN,NaN,NaN,NaN,NaN,NaN,NaN,NaN,NaN,NaN,NaN,NaN,NaN,NaN,NaN,NaN,NaN,NaN,NaN,NaN,NaN,NaN,NaN,NaN,NaN,NaN,NaN,NaN,NaN,NaN,NaN,NaN,NaN,NaN,NaN,NaN,NaN,NaN,NaN,NaN,NaN,NaN,NaN,NaN,NaN,NaN,NaN,NaN,NaN,NaN,NaN,NaN,NaN,NaN,NaN,NaN,NaN,NaN,NaN,NaN,NaN,NaN,NaN,NaN,NaN,NaN,NaN,NaN,NaN,NaN,NaN,NaN,NaN,NaN,NaN,NaN,NaN,NaN,NaN,NaN,NaN,NaN,NaN,NaN,NaN,NaN,NaN,NaN,NaN,NaN,NaN,NaN,NaN,NaN,NaN,NaN,NaN,NaN,NaN,NaN,NaN,NaN,NaN,NaN,NaN,NaN,NaN,NaN,NaN,NaN,NaN,NaN,NaN,NaN,NaN,NaN,NaN,NaN,NaN,NaN,NaN,NaN,NaN,NaN,NaN,NaN,-6.36990341104371e-05,NaN,0.00462487113763247,0.00522163132057063,0.00443459341745108,NaN,NaN,NaN,NaN,NaN,NaN,NaN,NaN,NaN,NaN,NaN,NaN,NaN,NaN,NaN,NaN,NaN,0.000387070463241295,0.000364918663647673,0.000328259916719476,0.000250146315485099,0.000186401514653842,0.00010994909470563,7.54498628020572e-05,0.000206507496989611,0.000409847912978518,0.000517450807869863,0.000558449584703223,0.000616707782663069,0.000681229242774031,0.000649642460341732,0.00068543188490437,0.000743223390772247,0.000737185821402356,0.000704742624403204,0.000664928344089535,-0.00361279443358409,-0.00822276513241882,-0.00778330353605445,-0.00723119377422783,-0.00708593536671093,NaN,NaN,NaN,NaN,NaN,NaN,NaN,NaN,NaN,NaN,0.00100524831332007,0.00100599543594941,0.00100530832070591,0.00100626674990515,0.0010062412639154,0.00100623277255004,0.00100794811066146,0.00100898816683337,0.00100991867420473,0.00101051013093266,0.00101203981811908,0.00101349046714866,0.00101675483146432,0.00102024411285255,0.00102305112056206,0.00102524247112038,0.0010252489941673,0.00102568870086005,0.00102373249713293,0.00102938970338997,0.00103200149990258
NaN,NaN,NaN,NaN,NaN,NaN,NaN,NaN,NaN,NaN,NaN,NaN,NaN,NaN,NaN,NaN,NaN,NaN,NaN,NaN,NaN,NaN,NaN,NaN,NaN,NaN,NaN,NaN,NaN,NaN,NaN,NaN,NaN,NaN,NaN,NaN,NaN,NaN,NaN,NaN,NaN,NaN,NaN,NaN,NaN,NaN,NaN,NaN,NaN,NaN,NaN,NaN,NaN,NaN,NaN,NaN,NaN,NaN,NaN,NaN,NaN,NaN,NaN,NaN,NaN,NaN,NaN,NaN,NaN,NaN,NaN,NaN,NaN,NaN,NaN,NaN,NaN,NaN,NaN,NaN,NaN,NaN,NaN,NaN,NaN,NaN,NaN,NaN,NaN,NaN,NaN,NaN,NaN,NaN,NaN,NaN,NaN,NaN,NaN,NaN,NaN,NaN,NaN,NaN,NaN,NaN,NaN,NaN,NaN,NaN,NaN,NaN,NaN,NaN,NaN,NaN,NaN,NaN,NaN,NaN,NaN,NaN,NaN,NaN,NaN,NaN,NaN,NaN,NaN,NaN,NaN,NaN,NaN,NaN,NaN,NaN,NaN,NaN,NaN,NaN,NaN,NaN,NaN,NaN,NaN,NaN,NaN,NaN,NaN,NaN,NaN,NaN,NaN,NaN,NaN,NaN,NaN,NaN,NaN,NaN,NaN,NaN,NaN,NaN,NaN,NaN,-0.0241409352776874,0.0011548449974046,0.00542001813507945,0.00540187152112754,0.00585046127247516,0.00566131810110709,0.0050670499529391,NaN,NaN,NaN,NaN,NaN,NaN,NaN,NaN,NaN,NaN,NaN,NaN,NaN,NaN,NaN,NaN,NaN,NaN,0.000339587847961644,0.000303593451039148,0.000222574406994075,2.43777092958641e-05,-0.000122724755261982,-7.98736490156007e-05,0.0001616067003438,0.0003947049724096,0.000543777702356065,0.000595237079836453,0.00061501800405896,0.000598480073250118,0.000580640983918523,0.000592434248269674,0.000636158509127416,0.000649901820104913,0.000615249644147872,0.000576500906677139,0.000152640871390359,-0.00805492454622327,-0.00775933917950201,-0.0072250226759269,-0.00706522380965249,NaN,NaN,NaN,NaN,NaN,NaN,NaN,NaN,NaN,NaN,0.00100668004025567,0.00100674493280845,0.00100632559685681,0.00100639010122068,0.00100663636788456,0.00100710012480995,0.00100879367977843,0.00101000326255455,0.00101060203361115,0.00101096492181184,0.00101231496532209,0.00101360986011087,0.00101638219612215,0.00101991083720472,0.00102294664506254,0.00102577936921606,0.00102539673705104,0.0010253630041667,0.00102316473320829,0.0010283012808872,0.00103090092812147
NaN,NaN,NaN,NaN,NaN,NaN,NaN,NaN,NaN,NaN,NaN,NaN,NaN,NaN,NaN,NaN,NaN,NaN,NaN,NaN,NaN,NaN,NaN,NaN,NaN,NaN,NaN,NaN,NaN,NaN,NaN,NaN,NaN,NaN,NaN,NaN,NaN,NaN,NaN,NaN,NaN,NaN,NaN,NaN,NaN,NaN,NaN,NaN,NaN,NaN,NaN,NaN,NaN,NaN,NaN,NaN,NaN,NaN,NaN,NaN,NaN,NaN,NaN,NaN,NaN,NaN,NaN,NaN,NaN,NaN,NaN,NaN,NaN,NaN,NaN,NaN,NaN,NaN,NaN,NaN,NaN,NaN,NaN,NaN,NaN,NaN,NaN,NaN,NaN,NaN,NaN,NaN,NaN,NaN,NaN,NaN,NaN,NaN,NaN,NaN,NaN,NaN,NaN,NaN,NaN,NaN,NaN,NaN,NaN,NaN,NaN,NaN,NaN,NaN,NaN,NaN,NaN,NaN,NaN,NaN,NaN,NaN,NaN,NaN,NaN,NaN,NaN,NaN,NaN,NaN,NaN,NaN,NaN,NaN,NaN,NaN,NaN,NaN,NaN,NaN,NaN,NaN,NaN,NaN,NaN,NaN,NaN,NaN,NaN,NaN,NaN,NaN,NaN,NaN,NaN,NaN,NaN,NaN,NaN,NaN,NaN,NaN,NaN,NaN,NaN,-0.0178160749840723,-0.013903310646338,NaN,NaN,0.00610742998813004,0.0060064878750769,0.00571797306922274,0.00553951260061017,NaN,-0.02009423614395,-0.0316302195325606,-0.0323630473475168,NaN,NaN,NaN,NaN,NaN,NaN,NaN,NaN,NaN,NaN,NaN,NaN,NaN,NaN,NaN,0.000273935272030013,0.000235577298508649,-0.000140584575179099,-0.000276272659581722,-0.000148564701757904,8.51340748383445e-05,0.000350811644680135,0.000569777648132486,0.00061863084275306,0.000640854144030516,0.000592282736814342,0.000549499778938183,0.000529018148756143,0.000540875682133457,0.000558072465588033,0.000530244444155192,0.000493110320357343,0.000359133594301605,-0.00620089834821324,-0.0074387143748519,-0.00718008494371552,-0.0070377763921698,-0.0269015212790904,-0.0329075703887623,-0.0421228446123866,NaN,NaN,NaN,NaN,NaN,NaN,NaN,0.0010087626638644,0.00100802087704036,0.00100727358522097,0.00100598189774039,0.00100591561118482,0.00100660108085904,0.00100820207919943,0.00101001379811736,0.00101109707432813,0.00101214509749494,0.00101331870623937,0.00101405508478976,0.0010161019946194,0.00101962814439282,0.00102256908856015,0.00102581454060618,0.0010253205741011,0.00102440003741561,0.00102311218283681,0.00102816165586611,0.00103076146291677
NaN,NaN,NaN,NaN,NaN,NaN,NaN,NaN,NaN,NaN,NaN,NaN,NaN,NaN,NaN,NaN,NaN,NaN,NaN,NaN,NaN,NaN,NaN,NaN,NaN,NaN,NaN,NaN,NaN,NaN,NaN,NaN,NaN,NaN,NaN,NaN,NaN,NaN,NaN,NaN,NaN,NaN,NaN,NaN,NaN,NaN,NaN,NaN,NaN,NaN,NaN,NaN,NaN,NaN,NaN,NaN,NaN,NaN,NaN,NaN,NaN,NaN,NaN,NaN,NaN,NaN,NaN,NaN,NaN,NaN,NaN,NaN,NaN,NaN,NaN,NaN,NaN,NaN,NaN,NaN,NaN,NaN,NaN,NaN,NaN,NaN,NaN,NaN,NaN,NaN,NaN,NaN,NaN,NaN,NaN,NaN,NaN,NaN,NaN,NaN,NaN,NaN,NaN,NaN,NaN,NaN,NaN,NaN,NaN,NaN,NaN,NaN,NaN,NaN,NaN,NaN,NaN,NaN,NaN,NaN,NaN,NaN,NaN,NaN,NaN,NaN,NaN,NaN,NaN,NaN,NaN,NaN,NaN,NaN,NaN,NaN,NaN,NaN,NaN,NaN,NaN,NaN,NaN,NaN,NaN,NaN,NaN,NaN,NaN,NaN,NaN,NaN,NaN,NaN,NaN,NaN,NaN,-0.00599521661853375,-0.00623195895412043,-0.00645276510379719,NaN,NaN,0.00553152881638221,-0.00115130479521012,0.00679782738534629,0.00492739490624753,0.00377552894788469,0.00188487881738727,0.00714247520979933,0.00666551550856285,0.00625704009388158,NaN,NaN,NaN,-0.0317240856052705,-0.0304930235595726,-0.0291473639024932,NaN,NaN,NaN,NaN,NaN,NaN,NaN,NaN,NaN,NaN,NaN,NaN,NaN,NaN,NaN,NaN,NaN,-0.000547185925718577,-0.000414051766908188,-0.000173807339222128,0.00010003468267278,0.000347447322779064,0.000575100027883115,0.000652873946241107,0.00065485625440665,0.000607796668303993,0.000546064031506217,0.000485126843856801,0.000473054345778823,0.000490735328368325,0.000467500248507611,0.000422152652649601,-0.000628914867257209,-0.00135462065021265,-0.00568749591249707,-0.00660511431962794,-0.00713150950018687,-0.00745295912872676,-0.00784493701306743,-0.0328998889946975,NaN,NaN,NaN,NaN,NaN,NaN,NaN,0.00100989395238063,0.00100862413801877,0.0010074477637416,0.00100507005103325,0.00100411528995465,0.00100446035936787,0.00100638977732095,0.00100876010820838,0.00101052582213368,0.00101205055979145,0.00101285937888157,0.00101388390945732,0.00101610905765655,0.00101924144474727,0.0010222714943979,0.00102527733012675,0.00102599661264899,0.0010257183614572,0.00102450729253897,0.00102970400510738,0.00103227366343237
NaN,NaN,NaN,NaN,NaN,NaN,NaN,NaN,NaN,NaN,NaN,NaN,NaN,NaN,NaN,NaN,NaN,NaN,NaN,NaN,NaN,NaN,NaN,NaN,NaN,NaN,NaN,NaN,NaN,NaN,NaN,NaN,NaN,NaN,NaN,NaN,NaN,NaN,NaN,NaN,NaN,NaN,NaN,NaN,NaN,NaN,NaN,NaN,NaN,NaN,NaN,NaN,NaN,NaN,NaN,NaN,NaN,NaN,NaN,NaN,NaN,NaN,NaN,NaN,NaN,NaN,NaN,NaN,NaN,NaN,NaN,NaN,NaN,NaN,NaN,NaN,NaN,NaN,NaN,NaN,NaN,NaN,NaN,NaN,NaN,NaN,NaN,NaN,NaN,NaN,NaN,NaN,NaN,NaN,NaN,NaN,NaN,NaN,NaN,NaN,NaN,NaN,NaN,NaN,NaN,NaN,NaN,NaN,NaN,NaN,NaN,NaN,NaN,NaN,NaN,NaN,NaN,NaN,NaN,NaN,NaN,NaN,NaN,NaN,NaN,NaN,NaN,NaN,NaN,NaN,NaN,NaN,NaN,NaN,NaN,NaN,NaN,NaN,NaN,NaN,NaN,NaN,NaN,NaN,NaN,NaN,NaN,NaN,NaN,NaN,NaN,NaN,NaN,NaN,NaN,NaN,-0.00449279088554356,-0.00564322916517335,-0.00629914874820814,-0.00687909479438057,-0.00834751650652808,-0.00927773713183366,0.00833319740152072,0.0086205345583905,0.00802209493423549,0.00758299993420162,0.00729289189083473,0.00730178267559644,0.00723742207120761,0.00712733202584658,0.006812821197301,-0.0025311811627341,-0.00238007539283587,NaN,-0.0305726705990141,-0.0117923578584844,-0.010674523489305,-0.0292552054676735,NaN,NaN,NaN,NaN,NaN,NaN,NaN,NaN,NaN,NaN,NaN,NaN,NaN,NaN,NaN,NaN,-0.000290329130278039,-0.000246533535705111,-0.000114007587554144,9.48035433968651e-05,0.000407065581597865,0.000616174240101954,0.000700682689169063,0.00065688302791098,0.00058985805036726,0.000514635538883247,0.000416027389585659,0.000389541867654161,0.000417886926908667,0.000408182665415705,0.000364001424220934,-0.000283628327388059,-0.0138434164038514,-0.00623087188238439,-0.00658207891635915,-0.00917555414850204,-0.0124240042281077,-0.00862517647714794,-0.0188765524702434,NaN,NaN,NaN,NaN,NaN,NaN,NaN,NaN,NaN,NaN,NaN,NaN,NaN,NaN,NaN,NaN,NaN,NaN,NaN,NaN,NaN,NaN,NaN,NaN,NaN,NaN,NaN,NaN
NaN,NaN,NaN,NaN,NaN,NaN,NaN,NaN,NaN,NaN,NaN,NaN,NaN,NaN,NaN,NaN,NaN,NaN,NaN,NaN,NaN,NaN,NaN,NaN,NaN,NaN,NaN,NaN,NaN,NaN,NaN,NaN,NaN,NaN,NaN,NaN,NaN,NaN,NaN,NaN,NaN,NaN,NaN,NaN,NaN,NaN,NaN,NaN,NaN,NaN,NaN,NaN,NaN,NaN,NaN,NaN,NaN,NaN,NaN,NaN,NaN,NaN,NaN,NaN,NaN,NaN,NaN,NaN,NaN,NaN,NaN,NaN,NaN,NaN,NaN,NaN,NaN,NaN,NaN,NaN,NaN,NaN,NaN,NaN,NaN,NaN,NaN,NaN,NaN,NaN,NaN,NaN,NaN,NaN,NaN,NaN,NaN,NaN,NaN,NaN,NaN,NaN,NaN,NaN,NaN,NaN,NaN,NaN,NaN,NaN,NaN,NaN,NaN,NaN,NaN,NaN,NaN,NaN,NaN,NaN,NaN,NaN,NaN,NaN,NaN,NaN,NaN,NaN,NaN,NaN,NaN,NaN,NaN,NaN,NaN,NaN,NaN,NaN,NaN,NaN,NaN,NaN,NaN,NaN,NaN,NaN,NaN,NaN,NaN,NaN,NaN,NaN,NaN,NaN,NaN,NaN,-0.0038295717671241,-0.00533806815261173,-0.00623702000048553,-0.0070563547697604,-0.00896700937531616,-0.023031191562217,-0.0094352826320345,0.00525963338220072,0.00669822644164705,0.00497196955221846,0.00374698241469527,0.0072179936245971,0.00718650436415224,0.00708947354326208,0.00215813207198778,-0.00187603150697374,-0.00344297434958742,-0.00413086265012555,-0.0293754948920491,-0.010807971007727,-0.0105313200951206,-0.0294060196705144,-0.0294092844287674,-0.0293786483885547,NaN,NaN,NaN,NaN,NaN,NaN,NaN,NaN,NaN,NaN,NaN,NaN,NaN,-0.000649331184572447,-0.000332176138197892,-0.000120720036601618,-2.12052594859399e-05,8.55022571435438e-05,0.00041423881196336,0.000659200771479039,0.000728895699542389,0.000627562039889673,0.000536225389114336,0.000435606933745877,0.000305752869391612,0.000274161131141839,0.000335262086822166,0.000342836574185858,0.000291550150685134,0.000185542171396894,-1.67709139931027e-06,-0.0141102393985073,-0.00719063265756685,-0.00756882626441741,-0.00778135047178243,-0.00791296880694758,-0.00795243321147289,-0.0188972205298405,NaN,NaN,NaN,NaN,NaN,NaN,NaN,NaN,NaN,NaN,NaN,NaN,NaN,NaN,NaN,NaN,NaN,NaN,NaN,NaN,NaN,NaN,NaN,NaN,NaN,NaN,NaN
NaN,NaN,NaN,NaN,NaN,NaN,NaN,NaN,NaN,NaN,NaN,NaN,NaN,NaN,NaN,NaN,NaN,NaN,NaN,NaN,NaN,NaN,NaN,NaN,NaN,NaN,NaN,NaN,NaN,NaN,NaN,NaN,NaN,NaN,NaN,NaN,NaN,NaN,NaN,NaN,NaN,NaN,NaN,NaN,NaN,NaN,NaN,NaN,NaN,NaN,NaN,NaN,NaN,NaN,NaN,NaN,NaN,NaN,NaN,NaN,NaN,NaN,NaN,NaN,NaN,NaN,NaN,NaN,NaN,NaN,NaN,NaN,NaN,NaN,NaN,NaN,NaN,NaN,NaN,NaN,NaN,NaN,NaN,NaN,NaN,NaN,NaN,NaN,NaN,NaN,NaN,NaN,NaN,NaN,NaN,NaN,NaN,NaN,NaN,NaN,NaN,NaN,NaN,NaN,NaN,NaN,NaN,NaN,NaN,NaN,NaN,NaN,NaN,NaN,NaN,NaN,NaN,NaN,NaN,NaN,NaN,NaN,NaN,NaN,NaN,NaN,NaN,NaN,NaN,NaN,NaN,NaN,NaN,NaN,NaN,NaN,NaN,NaN,NaN,NaN,NaN,NaN,NaN,NaN,NaN,NaN,NaN,0.0109502724547988,0.0134407594822741,NaN,NaN,NaN,NaN,NaN,NaN,0.00122471906489218,-0.000401377827718865,NaN,NaN,NaN,NaN,NaN,NaN,NaN,-0.0124382825328294,-0.015794497859677,0.00526064857367496,0.00702054896298621,0.00587631936592528,NaN,-0.023604452737946,-0.02732526942982,-0.00614028446007585,-0.0287002019761096,NaN,-0.0295886516136415,-0.00961974534575627,-0.00853819207144064,-0.00788421305345921,-0.00760075230142025,NaN,NaN,NaN,NaN,NaN,NaN,NaN,NaN,NaN,NaN,NaN,NaN,NaN,-0.000580235034518237,-0.000281967974864156,-1.96073137859084e-05,8.35731503902086e-06,0.000131855594267949,0.000416209323566831,0.000649635439436119,0.000693326238690177,0.000577758264791006,0.000440078779810325,0.000307816196919755,0.000184083176775299,0.000158592229094377,0.000221110892353755,0.000234100248694151,0.000191848068798556,0.000155952823168106,-5.40493016132348e-06,NaN,-0.00843423845306349,-0.00761857058439013,-0.00847192944400976,-0.0262521726970718,-0.0189416097691884,-0.0271443188416388,NaN,NaN,NaN,NaN,NaN,NaN,NaN,NaN,NaN,NaN,NaN,NaN,NaN,NaN,NaN,NaN,NaN,NaN,NaN,NaN,NaN,NaN,NaN,NaN,NaN,NaN,NaN
NaN,NaN,NaN,NaN,NaN,NaN,NaN,NaN,NaN,NaN,NaN,NaN,NaN,NaN,NaN,NaN,NaN,NaN,NaN,NaN,NaN,NaN,NaN,NaN,NaN,NaN,NaN,NaN,NaN,NaN,NaN,NaN,NaN,NaN,NaN,NaN,NaN,NaN,NaN,NaN,NaN,NaN,NaN,NaN,NaN,NaN,NaN,NaN,NaN,NaN,NaN,NaN,NaN,NaN,NaN,NaN,NaN,NaN,NaN,NaN,NaN,NaN,NaN,NaN,NaN,NaN,NaN,NaN,NaN,NaN,NaN,NaN,NaN,NaN,NaN,NaN,NaN,NaN,NaN,NaN,NaN,NaN,NaN,NaN,NaN,NaN,NaN,NaN,NaN,NaN,NaN,NaN,NaN,NaN,NaN,NaN,NaN,NaN,NaN,NaN,NaN,NaN,NaN,NaN,NaN,NaN,NaN,NaN,NaN,NaN,NaN,NaN,NaN,NaN,NaN,NaN,NaN,NaN,NaN,NaN,NaN,NaN,NaN,NaN,NaN,NaN,NaN,NaN,NaN,NaN,NaN,NaN,NaN,NaN,NaN,NaN,NaN,NaN,NaN,NaN,NaN,NaN,NaN,NaN,NaN,NaN,NaN,0.0136965180787695,0.0131806264859965,0.0119764809514855,0.0082284150691227,0.00582089103857164,0.00414283469877966,0.00256967552939602,0.00278000710270683,0.00167381964384169,0.000517088197560438,NaN,NaN,NaN,NaN,NaN,NaN,NaN,NaN,NaN,-0.0163945206919492,0.00419298572456961,0.00426602556303279,-0.00725879129570883,-0.0297871238471141,-0.0321103372764685,NaN,NaN,NaN,-0.0327175959884609,-0.0140345849924604,-0.00784523277668532,-0.00679408800328168,-0.00689000107604792,NaN,NaN,NaN,NaN,NaN,NaN,NaN,NaN,NaN,NaN,NaN,NaN,NaN,-0.000752537651780258,-0.000462731339857459,-0.000229760246492888,-0.000105483958892567,7.54408311307635e-05,0.000374173781329377,0.000576396803073531,0.000619542424911511,0.000500572677323263,0.000316796475608411,0.000168751327661231,7.16503210105285e-05,8.11282273470062e-05,0.000110715523927662,0.000103332634212482,7.8489788428269e-05,7.20182089336303e-05,6.78351627937964e-05,-0.00863720235183404,NaN,-0.0273463818393271,NaN,NaN,-0.0412373496591037,-0.0425997712252436,NaN,NaN,NaN,NaN,NaN,NaN,NaN,NaN,NaN,NaN,NaN,NaN,NaN,NaN,NaN,NaN,NaN,NaN,NaN,NaN,NaN,NaN,NaN,NaN,NaN,NaN,NaN
NaN,NaN,NaN,NaN,NaN,NaN,NaN,NaN,NaN,NaN,NaN,NaN,NaN,NaN,NaN,NaN,NaN,NaN,NaN,NaN,NaN,NaN,NaN,NaN,NaN,NaN,NaN,NaN,NaN,NaN,NaN,NaN,NaN,NaN,NaN,NaN,NaN,NaN,NaN,NaN,NaN,NaN,NaN,NaN,NaN,NaN,NaN,NaN,NaN,NaN,NaN,NaN,NaN,NaN,NaN,NaN,NaN,NaN,NaN,NaN,NaN,NaN,NaN,NaN,NaN,NaN,NaN,NaN,NaN,NaN,NaN,NaN,NaN,NaN,NaN,NaN,NaN,NaN,NaN,NaN,NaN,NaN,NaN,NaN,NaN,NaN,NaN,NaN,NaN,NaN,NaN,NaN,NaN,NaN,NaN,NaN,NaN,NaN,NaN,NaN,NaN,NaN,NaN,NaN,NaN,NaN,NaN,NaN,NaN,NaN,NaN,NaN,NaN,NaN,NaN,NaN,NaN,NaN,NaN,NaN,NaN,NaN,NaN,NaN,NaN,NaN,NaN,NaN,NaN,NaN,NaN,NaN,NaN,NaN,NaN,NaN,NaN,NaN,NaN,NaN,NaN,NaN,NaN,NaN,NaN,NaN,0.0160292316602588,0.0146941922570603,0.0135074783207154,0.0131396892325425,NaN,1.88707625126583e-06,0.00361889132758564,0.00384881301028309,0.00302007869031987,0.0025356104414973,NaN,NaN,NaN,NaN,NaN,NaN,NaN,NaN,NaN,NaN,NaN,0.00387122937356771,0.00331117898361807,0.00327594486239845,-0.00739097558048816,NaN,NaN,NaN,NaN,-0.0254237371696099,-0.0289128120040206,-0.0068587934149454,-0.00367495106973973,-0.00087510201359269,-0.00196152032980213,-0.0241065818834054,NaN,NaN,NaN,NaN,NaN,NaN,NaN,NaN,NaN,NaN,NaN,-0.00105108260008679,-0.000763506372858015,-0.000504862276240867,-0.000250211259471396,6.56744081467542e-06,0.000301280955771255,0.000481960129923562,0.000508190979826696,0.000393448458159283,0.000215709784079254,7.87699677950617e-05,7.30454720855405e-06,3.75374120450852e-05,2.66523283158834e-05,-1.93175313561193e-05,-2.69871688369332e-05,1.72999747593475e-05,-2.23488626314975e-05,-0.0118829070950608,-0.0393840066342737,-0.0429102772273231,NaN,NaN,NaN,NaN,NaN,NaN,NaN,NaN,NaN,NaN,NaN,NaN,NaN,NaN,NaN,NaN,NaN,NaN,NaN,NaN,NaN,NaN,NaN,NaN,NaN,NaN,NaN,NaN,NaN,NaN,NaN
NaN,NaN,NaN,NaN,NaN,NaN,NaN,NaN,NaN,NaN,NaN,NaN,NaN,NaN,NaN,NaN,NaN,NaN,NaN,NaN,NaN,NaN,NaN,NaN,NaN,NaN,NaN,NaN,NaN,NaN,NaN,NaN,NaN,NaN,NaN,NaN,NaN,NaN,NaN,NaN,NaN,NaN,NaN,NaN,NaN,NaN,NaN,NaN,NaN,NaN,NaN,NaN,NaN,NaN,NaN,NaN,NaN,NaN,NaN,NaN,NaN,NaN,NaN,NaN,NaN,NaN,NaN,NaN,NaN,NaN,NaN,NaN,NaN,NaN,NaN,NaN,NaN,NaN,NaN,NaN,NaN,NaN,NaN,NaN,NaN,NaN,NaN,NaN,NaN,NaN,NaN,NaN,NaN,NaN,NaN,NaN,NaN,NaN,NaN,NaN,NaN,NaN,NaN,NaN,NaN,NaN,NaN,NaN,NaN,NaN,NaN,NaN,NaN,NaN,NaN,NaN,NaN,NaN,NaN,NaN,NaN,NaN,NaN,NaN,NaN,NaN,NaN,NaN,NaN,NaN,NaN,NaN,NaN,NaN,NaN,NaN,NaN,NaN,NaN,NaN,NaN,NaN,0.0207417935748892,0.0195960877510667,NaN,0.0176085396561135,0.0169041465629595,0.0160004356938342,NaN,NaN,NaN,NaN,NaN,NaN,NaN,NaN,NaN,NaN,NaN,NaN,NaN,NaN,NaN,NaN,NaN,NaN,NaN,NaN,0.00235773084430324,0.00250353569282056,NaN,NaN,NaN,NaN,-0.0256164563818602,-0.00722104263207585,-0.0223049739421278,NaN,-0.00329828311227853,0.000725614944402306,0.000880278559454717,-0.00188648406387814,NaN,NaN,NaN,NaN,-0.000741384866403349,-0.000736443387597461,-0.000661432110782797,NaN,-0.0005028183980757,-0.000318470462207012,-0.000295826347988561,-0.000696838261863655,-0.000699916296019301,-0.000504320685829618,-0.000262303291245727,1.79778198690464e-05,0.000244135485995932,0.0003664257974642,0.000343211645623898,0.000244804705987232,7.99702106869491e-05,-3.94525024645098e-05,-5.35981309832781e-05,-7.30152608902386e-05,-9.69569023785361e-05,-0.000126011837619688,-0.00010447841220235,5.84399277210482e-06,-0.000332303494466181,-0.0179926253315937,NaN,NaN,NaN,NaN,NaN,NaN,NaN,NaN,NaN,NaN,NaN,NaN,NaN,NaN,NaN,NaN,NaN,NaN,NaN,NaN,NaN,NaN,NaN,NaN,NaN,NaN,NaN,NaN,NaN,NaN,NaN,NaN,NaN
NaN,NaN,NaN,NaN,NaN,NaN,NaN,NaN,NaN,NaN,NaN,NaN,NaN,NaN,NaN,NaN,NaN,NaN,NaN,NaN,NaN,NaN,NaN,NaN,NaN,NaN,NaN,NaN,NaN,NaN,NaN,NaN,NaN,NaN,NaN,NaN,NaN,NaN,NaN,NaN,NaN,NaN,NaN,NaN,NaN,NaN,NaN,NaN,NaN,NaN,NaN,NaN,NaN,NaN,NaN,NaN,NaN,NaN,NaN,NaN,NaN,NaN,NaN,NaN,NaN,NaN,NaN,NaN,NaN,NaN,NaN,NaN,NaN,NaN,NaN,NaN,NaN,NaN,NaN,NaN,NaN,NaN,NaN,NaN,NaN,NaN,NaN,NaN,NaN,NaN,NaN,NaN,NaN,NaN,NaN,NaN,NaN,NaN,NaN,NaN,NaN,NaN,NaN,NaN,NaN,NaN,NaN,NaN,NaN,NaN,NaN,NaN,NaN,NaN,NaN,NaN,NaN,NaN,NaN,NaN,NaN,NaN,NaN,NaN,NaN,NaN,NaN,NaN,NaN,NaN,NaN,NaN,NaN,NaN,NaN,NaN,NaN,NaN,NaN,NaN,0.0248736168345343,0.0219865690963958,0.0200029520921659,0.0222245619104468,0.0213393392331975,0.0186799703187704,0.0176752211621563,NaN,NaN,NaN,NaN,NaN,NaN,NaN,NaN,NaN,NaN,NaN,NaN,NaN,NaN,NaN,NaN,NaN,NaN,NaN,NaN,-0.00408772762750312,0.0017927368307606,0.000783475295586977,NaN,NaN,NaN,-0.00828559327894149,-0.0203280379297428,-0.00733524924839747,NaN,NaN,-0.0022517909675937,0.000795010335124981,0.000850594515148739,NaN,NaN,NaN,NaN,NaN,-0.000788369732248239,-0.000699358356564726,-0.000539257685894966,-0.000369886597299973,-0.000464983290049181,-0.000481152685663153,-0.000551425432454099,-0.000603014651183481,-0.000512002991042398,-0.000332136501766611,-0.000113874311011399,7.38429757896064e-05,0.000249345532137081,0.000237226331595952,7.96069766463581e-05,4.4115424988986e-05,-9.11050382146146e-05,-0.000185758768266099,-0.00020249471945791,-0.000240638078493104,-0.00023289012203186,-0.000209882259079777,-0.000185459720665649,NaN,NaN,NaN,NaN,NaN,NaN,NaN,NaN,NaN,NaN,NaN,NaN,NaN,NaN,NaN,NaN,NaN,NaN,NaN,NaN,NaN,NaN,NaN,NaN,NaN,NaN,NaN,NaN,NaN,NaN,NaN,NaN,NaN,NaN,NaN,NaN
NaN,NaN,NaN,NaN,NaN,NaN,NaN,NaN,NaN,NaN,NaN,NaN,NaN,NaN,NaN,NaN,NaN,NaN,NaN,NaN,NaN,NaN,NaN,NaN,NaN,NaN,NaN,NaN,NaN,NaN,NaN,NaN,NaN,NaN,NaN,NaN,NaN,NaN,NaN,NaN,NaN,NaN,NaN,NaN,NaN,NaN,NaN,NaN,NaN,NaN,NaN,NaN,NaN,NaN,NaN,NaN,NaN,NaN,NaN,NaN,NaN,NaN,NaN,NaN,NaN,NaN,NaN,NaN,NaN,NaN,NaN,NaN,NaN,NaN,NaN,NaN,NaN,NaN,NaN,NaN,NaN,NaN,NaN,NaN,NaN,NaN,NaN,NaN,NaN,NaN,NaN,NaN,NaN,NaN,NaN,NaN,NaN,NaN,NaN,NaN,NaN,NaN,NaN,NaN,NaN,NaN,NaN,NaN,NaN,NaN,NaN,NaN,NaN,NaN,NaN,NaN,NaN,NaN,NaN,NaN,NaN,NaN,NaN,NaN,NaN,NaN,NaN,NaN,NaN,NaN,NaN,NaN,NaN,NaN,NaN,NaN,NaN,0.0313692246968447,0.0308161045425631,0.0295349783526959,0.0271514142227209,0.0245003542174108,0.0212150040824923,0.0194639496052342,0.0217463796757617,NaN,NaN,NaN,NaN,NaN,NaN,NaN,NaN,NaN,NaN,NaN,NaN,NaN,NaN,NaN,NaN,NaN,NaN,NaN,NaN,NaN,NaN,-0.00694778812521477,-0.00233902648178713,9.32530543804044e-06,-0.00632936541177609,-0.0101444847342601,-0.00633346431154897,-0.00457921254664944,-0.00213894571386107,-0.00118948341154125,NaN,-0.00205389839027822,0.000374032671216017,0.00082314601359386,0.000808455795846301,NaN,NaN,NaN,NaN,NaN,-0.000856667456299309,-0.000681823952935935,-0.000546884648364276,-0.000493859128762986,-0.000556425708702309,-0.000608840191267695,-0.000623873298998357,-0.000572425480679511,-0.000406744023437873,-0.000173895403348448,1.52930902597106e-05,0.000180818599845163,0.000300224398343986,0.000121445212224014,-0.000248397201297856,-0.000258554512115983,-0.000300479858476921,-0.000328283062977346,-0.000350868979543755,-0.000350059142910642,-0.000305250161240522,-0.000219209202357735,-0.000180111749207094,NaN,NaN,NaN,NaN,NaN,NaN,NaN,NaN,NaN,NaN,NaN,NaN,NaN,NaN,NaN,NaN,NaN,NaN,NaN,NaN,NaN,NaN,NaN,NaN,NaN,NaN,NaN,NaN,NaN,NaN,NaN,NaN,NaN,NaN,NaN,NaN
NaN,NaN,NaN,NaN,NaN,NaN,NaN,NaN,NaN,NaN,NaN,NaN,NaN,NaN,NaN,NaN,NaN,NaN,NaN,NaN,NaN,NaN,NaN,NaN,NaN,NaN,NaN,NaN,NaN,NaN,NaN,NaN,NaN,NaN,NaN,NaN,NaN,NaN,NaN,NaN,NaN,NaN,NaN,NaN,NaN,NaN,NaN,NaN,NaN,NaN,NaN,NaN,NaN,NaN,NaN,NaN,NaN,NaN,NaN,NaN,NaN,NaN,NaN,NaN,NaN,NaN,NaN,NaN,NaN,NaN,NaN,NaN,NaN,NaN,NaN,NaN,NaN,NaN,NaN,NaN,NaN,NaN,NaN,NaN,NaN,NaN,NaN,NaN,NaN,NaN,NaN,NaN,NaN,NaN,NaN,NaN,NaN,NaN,NaN,NaN,NaN,NaN,NaN,NaN,NaN,NaN,NaN,NaN,NaN,NaN,NaN,NaN,NaN,NaN,NaN,NaN,NaN,NaN,NaN,NaN,NaN,NaN,NaN,NaN,NaN,NaN,NaN,NaN,NaN,NaN,NaN,NaN,NaN,NaN,NaN,NaN,NaN,0.0315530097846399,0.0311524748521882,0.0302498416429173,0.028812744268707,0.0268236715063562,0.0237758951578764,0.0207349420986806,0.0193797522781768,NaN,NaN,NaN,NaN,NaN,NaN,NaN,NaN,NaN,NaN,NaN,NaN,NaN,NaN,NaN,NaN,NaN,NaN,NaN,NaN,NaN,-0.0299870007573952,-0.00722543530706838,-0.000237849279390756,-0.00021731892057729,-0.000353384570865967,-0.000431004868575019,-0.00313405495741948,-0.00224117115046704,-0.000488652655493416,-4.84377418377785e-05,-1.33798477859482e-05,0.000317332639710617,0.000666730694921652,0.000842263156211624,0.000845965618968081,NaN,NaN,NaN,NaN,NaN,-0.000985986236442013,-0.000680993925306977,-0.000567899380455662,-0.000588196359785572,-0.000617850701873904,-0.000692614531061074,-0.000683399176631627,-0.000491421992253501,-0.000253249421832822,-5.92209931909978e-05,7.79668471281117e-05,0.000355946049954084,0.000592217823429787,4.27419168466634e-05,-0.000505780754049596,-0.000462540456589138,-0.000467351953220454,-0.000513388528694526,-0.000419928216282701,-0.000372816844473845,-0.000342593653005078,NaN,NaN,NaN,NaN,NaN,NaN,NaN,NaN,NaN,NaN,NaN,NaN,NaN,NaN,NaN,NaN,NaN,NaN,NaN,NaN,NaN,NaN,NaN,NaN,NaN,NaN,NaN,NaN,NaN,NaN,NaN,NaN,NaN,NaN,NaN,NaN,NaN,NaN
NaN,NaN,NaN,NaN,NaN,NaN,NaN,NaN,NaN,NaN,NaN,NaN,NaN,NaN,NaN,NaN,NaN,NaN,NaN,NaN,NaN,NaN,NaN,NaN,NaN,NaN,NaN,NaN,NaN,NaN,NaN,NaN,NaN,NaN,NaN,NaN,NaN,NaN,NaN,NaN,NaN,NaN,NaN,NaN,NaN,NaN,NaN,NaN,NaN,NaN,NaN,NaN,NaN,NaN,NaN,NaN,NaN,NaN,NaN,NaN,NaN,NaN,NaN,NaN,NaN,NaN,NaN,NaN,NaN,NaN,NaN,NaN,NaN,NaN,NaN,NaN,NaN,NaN,NaN,NaN,NaN,NaN,NaN,NaN,NaN,NaN,NaN,NaN,NaN,NaN,NaN,NaN,NaN,NaN,NaN,NaN,NaN,NaN,NaN,NaN,NaN,NaN,NaN,NaN,NaN,NaN,NaN,NaN,NaN,NaN,NaN,NaN,NaN,NaN,NaN,NaN,NaN,NaN,NaN,NaN,NaN,NaN,NaN,NaN,NaN,NaN,NaN,NaN,NaN,NaN,NaN,NaN,NaN,NaN,NaN,NaN,NaN,0.0318293134009976,0.0315479965397041,0.0309548929054567,0.0301465729555577,0.0293228703550055,NaN,NaN,NaN,NaN,NaN,NaN,NaN,NaN,NaN,NaN,NaN,NaN,NaN,NaN,NaN,NaN,NaN,NaN,NaN,NaN,NaN,NaN,-0.0327899715716901,-0.0131744546459399,-0.00758478242546571,-0.00745208621135294,-0.00637063700906471,-0.000328136570471251,-0.000401308397287546,-0.000385987249702857,-0.000351266282853955,-0.000265643684055672,-0.000167006013926591,-5.29309606630796e-05,9.53936480404662e-06,9.61675182086679e-05,0.000495248636645495,0.000867272936391307,0.000896907906574567,NaN,NaN,NaN,NaN,-0.00106875376348522,-0.000960295545617659,-0.00066255458289159,-0.000613828623655825,-0.000679288507179488,-0.000755459388973503,-0.000775609570983667,-0.000671100700872441,-0.000396077650596007,-0.000174827389349529,-1.88675178544668e-05,0.000190853629753684,0.00050618285624953,0.00100527472698551,NaN,NaN,NaN,-0.000503725209872338,-0.00053086376441285,NaN,NaN,NaN,NaN,NaN,NaN,NaN,NaN,NaN,NaN,NaN,NaN,NaN,NaN,NaN,NaN,NaN,NaN,NaN,NaN,NaN,NaN,NaN,NaN,NaN,NaN,NaN,NaN,NaN,NaN,NaN,NaN,NaN,NaN,NaN,NaN,NaN,NaN,NaN,NaN,NaN
NaN,NaN,NaN,NaN,NaN,NaN,NaN,NaN,NaN,NaN,NaN,NaN,NaN,NaN,NaN,NaN,NaN,NaN,NaN,NaN,NaN,NaN,NaN,NaN,NaN,NaN,NaN,NaN,NaN,NaN,NaN,NaN,NaN,NaN,NaN,NaN,NaN,NaN,NaN,NaN,NaN,NaN,NaN,NaN,NaN,NaN,NaN,NaN,NaN,NaN,NaN,NaN,NaN,NaN,NaN,NaN,NaN,NaN,NaN,NaN,NaN,NaN,NaN,NaN,NaN,NaN,NaN,NaN,NaN,NaN,NaN,NaN,NaN,NaN,NaN,NaN,NaN,NaN,NaN,NaN,NaN,NaN,NaN,NaN,NaN,NaN,NaN,NaN,NaN,NaN,NaN,NaN,NaN,NaN,NaN,NaN,NaN,NaN,NaN,NaN,NaN,NaN,NaN,NaN,NaN,NaN,NaN,NaN,NaN,NaN,NaN,NaN,NaN,NaN,NaN,NaN,NaN,NaN,NaN,NaN,NaN,NaN,NaN,NaN,NaN,NaN,NaN,NaN,NaN,NaN,NaN,NaN,NaN,NaN,NaN,NaN,NaN,0.0320809399973703,0.0318913396876396,0.0313865810363567,0.0309404702342058,0.030565290660061,NaN,NaN,NaN,NaN,NaN,NaN,NaN,NaN,NaN,NaN,NaN,NaN,NaN,NaN,NaN,NaN,NaN,NaN,NaN,NaN,NaN,NaN,-0.0308807122360712,-0.0328351980889926,-0.0187549381086775,-0.00742041277823427,-0.0072245256223061,-0.000750350666409843,-0.000405178416115619,-0.000399871082491148,-0.000377337622953244,-0.000309415752623554,-0.000191173356305425,-6.04464960462031e-05,4.20177115654347e-06,7.46363872782337e-05,0.00032413404988336,0.000687825103212572,0.000830878734136819,0.000434926710054655,NaN,NaN,-0.00131358955704843,-0.00107321825187757,-0.000855686580551207,-0.000603161008194922,-0.000654529945816148,-0.000796913780891607,-0.000847280739147693,-0.000910145232856767,-0.00060437535956339,-0.00040953189244891,-0.000220777277497281,-4.94217487541952e-06,0.000261038206792817,0.000619418560119373,0.000877867225183106,NaN,NaN,NaN,NaN,NaN,NaN,NaN,NaN,NaN,NaN,NaN,NaN,NaN,NaN,NaN,NaN,NaN,NaN,NaN,NaN,NaN,NaN,NaN,NaN,NaN,NaN,NaN,NaN,NaN,NaN,NaN,NaN,NaN,NaN,NaN,NaN,NaN,NaN,NaN,NaN,NaN,NaN,NaN,NaN,NaN,NaN
NaN,NaN,NaN,NaN,NaN,NaN,NaN,NaN,NaN,NaN,NaN,NaN,NaN,NaN,NaN,NaN,NaN,NaN,NaN,NaN,NaN,NaN,NaN,NaN,NaN,NaN,NaN,NaN,NaN,NaN,NaN,NaN,NaN,NaN,NaN,NaN,NaN,NaN,NaN,NaN,NaN,NaN,NaN,NaN,NaN,NaN,NaN,NaN,NaN,NaN,NaN,NaN,NaN,NaN,NaN,NaN,NaN,NaN,NaN,NaN,NaN,NaN,NaN,NaN,NaN,NaN,NaN,NaN,NaN,NaN,NaN,NaN,NaN,NaN,NaN,NaN,NaN,NaN,NaN,NaN,NaN,NaN,NaN,NaN,NaN,NaN,NaN,NaN,NaN,NaN,NaN,NaN,NaN,NaN,NaN,NaN,NaN,NaN,NaN,NaN,NaN,NaN,NaN,NaN,NaN,NaN,NaN,NaN,NaN,NaN,NaN,NaN,NaN,NaN,NaN,NaN,NaN,NaN,NaN,NaN,NaN,NaN,NaN,NaN,NaN,NaN,NaN,NaN,NaN,NaN,NaN,NaN,NaN,NaN,NaN,NaN,NaN,0.0322130904635165,0.0322152548503875,NaN,0.0311866562592978,0.0310801831128023,NaN,NaN,NaN,NaN,NaN,NaN,NaN,NaN,NaN,NaN,NaN,NaN,NaN,NaN,NaN,NaN,NaN,NaN,NaN,NaN,NaN,-0.0150733447825442,-0.027552652103627,-0.0342409659783879,-0.0195818913563685,-0.00698981302820238,-0.00535910481792825,-0.00178882800897948,-0.000394108619366091,-0.000401981596347451,-0.0003723209905351,-0.00031537450866105,-0.000203940289052847,-0.000102255588111042,-1.98719202533625e-05,1.93337599345904e-05,0.000136393065098374,0.000584052103384636,0.00054803167812592,-0.000267541075401528,-0.00104250265861166,-0.00067967568356472,-0.000993084481764301,-0.000907206511952053,-0.000752056118643475,-0.000533148326282129,-0.000497885929984787,-0.000999433987226086,-0.000658925497509157,-0.00078555233650206,-0.000767393946907776,-0.000480085272491335,-0.00024937100935382,5.54710511333489e-05,0.000385315913215031,0.000641917877547304,0.000662899165082316,NaN,NaN,NaN,NaN,NaN,NaN,NaN,NaN,NaN,0.0245567505941056,0.0250625048784196,0.0253945627589817,NaN,NaN,NaN,NaN,NaN,NaN,NaN,NaN,NaN,NaN,NaN,NaN,NaN,NaN,NaN,NaN,NaN,NaN,NaN,NaN,NaN,NaN,NaN,NaN,NaN,NaN,NaN,NaN,NaN,NaN,NaN,NaN,NaN,NaN
NaN,NaN,NaN,NaN,NaN,NaN,NaN,NaN,NaN,NaN,NaN,NaN,NaN,NaN,NaN,NaN,NaN,NaN,NaN,NaN,NaN,NaN,NaN,NaN,NaN,NaN,NaN,NaN,NaN,NaN,NaN,NaN,NaN,NaN,NaN,NaN,NaN,NaN,NaN,NaN,NaN,NaN,NaN,NaN,NaN,NaN,NaN,NaN,NaN,NaN,NaN,NaN,NaN,NaN,NaN,NaN,NaN,NaN,NaN,NaN,NaN,NaN,NaN,NaN,NaN,NaN,NaN,NaN,NaN,NaN,NaN,NaN,NaN,NaN,NaN,NaN,NaN,NaN,NaN,NaN,NaN,NaN,NaN,NaN,NaN,NaN,NaN,NaN,NaN,NaN,NaN,NaN,NaN,NaN,NaN,NaN,NaN,NaN,NaN,NaN,NaN,NaN,NaN,NaN,NaN,NaN,NaN,NaN,NaN,NaN,NaN,NaN,NaN,NaN,NaN,NaN,NaN,NaN,NaN,NaN,NaN,NaN,NaN,NaN,NaN,NaN,NaN,NaN,NaN,NaN,NaN,NaN,NaN,NaN,NaN,NaN,NaN,NaN,NaN,NaN,NaN,NaN,NaN,NaN,NaN,NaN,NaN,NaN,NaN,NaN,NaN,NaN,NaN,NaN,NaN,NaN,NaN,NaN,NaN,NaN,NaN,NaN,NaN,-0.0268960636814229,-0.033522685014663,-0.0192578642696035,-0.00464326799942059,-0.00493080385229102,-0.000583822113767425,-0.000330809032089485,-0.000357334805982062,-0.000356939727541673,-0.00034884638758574,-0.000339373251192709,-0.000234389679494255,-0.000244935713290837,-0.000233632208233041,-6.99322595645313e-05,0.000131061313175025,0.000306527299868294,9.12314790547375e-05,-0.00039888119316478,-0.00079696785263291,-0.000799286720822478,-0.000911742868181285,-0.000908396878208252,-0.000690378865108105,-0.000379268517687834,-0.000100745134132725,NaN,-0.000919210293726287,-0.000952178855282642,-0.000903565838125498,-0.000582348280835121,-0.000200858996792048,0.000227695724352953,0.000498388659604105,0.000427702435706305,0.00049934595197162,NaN,NaN,NaN,NaN,NaN,NaN,NaN,NaN,0.0220138032927613,0.023536371725318,0.0245589437554557,0.0251162647120986,NaN,NaN,NaN,NaN,NaN,NaN,NaN,NaN,NaN,NaN,NaN,NaN,NaN,NaN,NaN,NaN,NaN,NaN,NaN,NaN,NaN,NaN,NaN,NaN,NaN,NaN,NaN,NaN,NaN,NaN,NaN,NaN,NaN,NaN
NaN,NaN,NaN,NaN,NaN,NaN,NaN,NaN,NaN,NaN,NaN,NaN,NaN,NaN,NaN,NaN,NaN,NaN,NaN,NaN,NaN,NaN,NaN,NaN,NaN,NaN,NaN,NaN,NaN,NaN,NaN,NaN,NaN,NaN,NaN,NaN,NaN,NaN,NaN,NaN,NaN,NaN,NaN,NaN,NaN,NaN,NaN,NaN,NaN,NaN,NaN,NaN,NaN,NaN,NaN,NaN,NaN,NaN,NaN,NaN,NaN,NaN,NaN,NaN,NaN,NaN,NaN,NaN,NaN,NaN,NaN,NaN,NaN,NaN,NaN,NaN,NaN,NaN,NaN,NaN,NaN,NaN,NaN,NaN,NaN,NaN,NaN,NaN,NaN,NaN,NaN,NaN,NaN,NaN,NaN,NaN,NaN,NaN,NaN,NaN,NaN,NaN,NaN,NaN,NaN,NaN,NaN,NaN,NaN,NaN,NaN,NaN,NaN,NaN,NaN,NaN,NaN,NaN,NaN,NaN,NaN,NaN,NaN,NaN,NaN,NaN,NaN,NaN,NaN,NaN,NaN,NaN,NaN,NaN,NaN,NaN,NaN,NaN,NaN,NaN,NaN,NaN,NaN,NaN,NaN,NaN,NaN,NaN,NaN,NaN,NaN,NaN,NaN,NaN,NaN,NaN,NaN,NaN,NaN,0.00567662155235592,-0.000145836366516094,-0.00935001776129431,-0.0219040774602308,-0.0325435806082933,-0.0333280039915225,-0.0334556588160163,-0.0210520847831842,-0.00154461117731026,-0.000163627523183087,-0.000273347119856336,-0.000327505493086165,-0.000330039150390622,-0.000288469390135516,-0.000220377994130616,-0.000117273841491961,-0.00014486451075779,-0.000281097404585373,-0.000147446297805954,3.53613787119109e-05,-0.000141776278483747,-0.000389696470631974,-0.000710318042955516,-0.000995572811383519,-0.000966844047298188,-0.000973189311296429,-0.000934757580013498,-0.000666577363498166,-0.000483987759173975,-0.000357401760681545,-0.000537306903041597,-0.000799339505806932,-0.000849782270695126,-0.000882817306503315,-0.000704897876295325,-0.000343244018892466,-5.42680629328965e-06,0.00025318915026781,9.47048707586884e-05,NaN,NaN,NaN,NaN,NaN,-0.0174803086080279,-0.0045094111574453,0.00650354603594132,0.0137997005609986,0.0192381454298947,0.0221446823695498,0.0238318867530472,0.024717186711228,NaN,NaN,NaN,NaN,NaN,NaN,NaN,NaN,NaN,NaN,NaN,NaN,NaN,NaN,NaN,NaN,NaN,NaN,NaN,NaN,NaN,NaN,NaN,NaN,NaN,NaN,NaN,NaN,NaN,NaN,NaN,NaN,NaN,NaN
NaN,NaN,NaN,NaN,NaN,NaN,NaN,NaN,NaN,NaN,NaN,NaN,NaN,NaN,NaN,NaN,NaN,NaN,NaN,NaN,NaN,NaN,NaN,NaN,NaN,NaN,NaN,NaN,NaN,NaN,NaN,NaN,NaN,NaN,NaN,NaN,NaN,NaN,NaN,NaN,NaN,NaN,NaN,NaN,NaN,NaN,NaN,NaN,NaN,NaN,NaN,NaN,NaN,NaN,NaN,NaN,NaN,NaN,NaN,NaN,NaN,NaN,NaN,NaN,NaN,NaN,NaN,NaN,NaN,NaN,NaN,NaN,NaN,NaN,NaN,NaN,NaN,NaN,NaN,NaN,NaN,NaN,NaN,NaN,NaN,NaN,NaN,NaN,NaN,NaN,NaN,NaN,NaN,NaN,NaN,NaN,NaN,NaN,NaN,NaN,NaN,NaN,NaN,NaN,NaN,NaN,NaN,NaN,NaN,NaN,NaN,NaN,NaN,NaN,NaN,NaN,NaN,NaN,NaN,NaN,NaN,NaN,NaN,NaN,NaN,NaN,NaN,NaN,NaN,NaN,NaN,NaN,NaN,NaN,NaN,NaN,NaN,NaN,NaN,NaN,NaN,NaN,NaN,NaN,NaN,NaN,NaN,NaN,NaN,NaN,NaN,NaN,NaN,NaN,NaN,NaN,NaN,NaN,NaN,0.00636653619564532,0.000930432363112445,-0.00729134451572458,NaN,NaN,NaN,-0.0281971705149174,-0.0291665467722191,-0.00757485455191947,-0.000124066129642673,-0.000224717880006104,-0.000362859717287931,-0.000302392465254384,-0.000148701512291776,0.000113597329139046,0.000215778361101743,0.000164926143693876,0.000199442127492289,0.000275193268163498,0.000127391997752348,-0.000548315025123487,-0.000803979420711865,-0.000895707430162011,-0.00131731479103858,-0.00104039285773806,-0.000894080976396804,-0.000738225743663501,-0.00063249805376997,-0.000509473165291373,-0.000499585976646224,-0.000602212069204855,-0.000615419764091235,-0.000640301723106696,-0.000711685747790276,-0.000720684840756903,-0.000423920138732533,-0.000184693366323613,2.00165413390336e-05,1.15443185883312e-05,-5.47801759608981e-05,NaN,NaN,NaN,-0.0337207867743254,-0.0316373296682793,-0.0174557633461632,NaN,NaN,NaN,NaN,NaN,NaN,NaN,NaN,NaN,NaN,NaN,NaN,NaN,NaN,NaN,NaN,NaN,NaN,NaN,NaN,NaN,NaN,NaN,NaN,NaN,NaN,NaN,NaN,NaN,NaN,NaN,NaN,NaN,NaN,NaN,NaN,NaN,NaN,NaN,NaN
NaN,NaN,NaN,NaN,NaN,NaN,NaN,NaN,NaN,NaN,NaN,NaN,NaN,NaN,NaN,NaN,NaN,NaN,NaN,NaN,NaN,NaN,NaN,NaN,NaN,NaN,NaN,NaN,NaN,NaN,NaN,NaN,NaN,NaN,NaN,NaN,NaN,NaN,NaN,NaN,NaN,NaN,NaN,NaN,NaN,NaN,NaN,NaN,NaN,NaN,NaN,NaN,NaN,NaN,NaN,NaN,NaN,NaN,NaN,NaN,NaN,NaN,NaN,NaN,NaN,NaN,NaN,NaN,NaN,NaN,NaN,NaN,NaN,NaN,NaN,NaN,NaN,NaN,NaN,NaN,NaN,NaN,NaN,NaN,NaN,NaN,NaN,NaN,NaN,NaN,NaN,NaN,NaN,NaN,NaN,NaN,NaN,NaN,NaN,NaN,NaN,NaN,NaN,NaN,NaN,NaN,NaN,NaN,NaN,NaN,NaN,NaN,NaN,NaN,NaN,NaN,NaN,NaN,NaN,NaN,NaN,NaN,NaN,NaN,NaN,NaN,NaN,NaN,NaN,NaN,NaN,NaN,NaN,NaN,NaN,NaN,NaN,NaN,NaN,NaN,NaN,NaN,NaN,NaN,NaN,NaN,NaN,NaN,NaN,NaN,NaN,NaN,NaN,NaN,NaN,NaN,NaN,NaN,NaN,NaN,-0.00702510847711584,-0.017710911720793,-0.0275993886184903,-0.0250911043857346,-0.025513228696076,-0.0267355094215932,-0.027617605273144,NaN,NaN,-0.0010342030631505,-0.00101611991532564,NaN,NaN,0.000153849079947726,0.000218880648995908,0.000466211399752013,0.000634967429486988,0.000438084267513126,-0.000199991415221564,-0.00132582490325341,-0.00123495282222766,-0.000470807350186523,NaN,NaN,NaN,NaN,-0.000495778691262809,-0.000543649899839184,-0.000659593301977989,-0.000636975502305413,-0.000574639475420752,-0.000586068939954104,-0.000722019855753018,-0.000762766549276018,-0.000559680675763389,-0.000416686050363983,-0.000140208056384761,-5.55711256504016e-05,-0.000155744320825475,-0.000309774054905843,NaN,NaN,-0.0106136896308146,-0.0338239911480861,NaN,NaN,NaN,NaN,NaN,NaN,NaN,NaN,NaN,NaN,NaN,NaN,NaN,NaN,NaN,NaN,NaN,NaN,NaN,NaN,NaN,NaN,NaN,NaN,NaN,NaN,NaN,NaN,NaN,NaN,NaN,NaN,NaN,NaN,NaN,NaN,NaN,NaN,NaN,NaN,NaN
NaN,NaN,NaN,NaN,NaN,NaN,NaN,NaN,NaN,NaN,NaN,NaN,NaN,NaN,NaN,NaN,NaN,NaN,NaN,NaN,NaN,NaN,NaN,NaN,NaN,NaN,NaN,NaN,NaN,NaN,NaN,NaN,NaN,NaN,NaN,NaN,NaN,NaN,NaN,NaN,NaN,NaN,NaN,NaN,NaN,NaN,NaN,NaN,NaN,NaN,NaN,NaN,NaN,NaN,NaN,NaN,NaN,NaN,NaN,NaN,NaN,NaN,NaN,NaN,NaN,NaN,NaN,NaN,NaN,NaN,NaN,NaN,NaN,NaN,NaN,NaN,NaN,NaN,NaN,NaN,NaN,NaN,NaN,NaN,NaN,NaN,NaN,NaN,NaN,NaN,NaN,NaN,NaN,NaN,NaN,NaN,NaN,NaN,NaN,NaN,NaN,NaN,NaN,NaN,NaN,NaN,NaN,NaN,NaN,NaN,NaN,NaN,NaN,NaN,NaN,NaN,NaN,NaN,NaN,NaN,NaN,NaN,NaN,NaN,NaN,NaN,NaN,NaN,NaN,NaN,NaN,NaN,NaN,NaN,NaN,NaN,NaN,NaN,NaN,NaN,NaN,NaN,NaN,NaN,NaN,NaN,NaN,NaN,NaN,NaN,NaN,NaN,NaN,NaN,NaN,NaN,NaN,NaN,0.00131219843171547,-0.00669944202679173,-0.017395435677166,-0.0273005899830614,-0.0248396764753281,-0.0250232119082815,-0.0252118649360968,-0.0255392355872439,NaN,NaN,NaN,-0.00138969017029687,-0.000361827686304661,-0.00026539261364418,NaN,-0.000548325543149173,-0.000218630628567874,0.000280423885118682,0.000194419285780379,-0.000266545353034378,-0.00103542396233128,-0.00211983202502741,-0.0019649170556036,NaN,NaN,NaN,NaN,NaN,NaN,-0.000768942504634579,-0.000778233522209944,-0.000718214346197964,-0.000641830778732938,NaN,NaN,-0.000935984899926574,-0.000802344546144414,-0.000627133116450502,-0.000306785676437525,-0.000239828767077118,-0.000147746514547158,0.000296745336781146,0.00221107765443639,0.00380078744221357,0.00277971752356069,-0.0195649463507521,NaN,NaN,NaN,NaN,NaN,NaN,NaN,NaN,NaN,NaN,NaN,NaN,NaN,NaN,NaN,NaN,NaN,NaN,NaN,NaN,NaN,NaN,NaN,NaN,NaN,NaN,NaN,NaN,NaN,NaN,NaN,NaN,NaN,NaN,NaN,NaN,NaN,NaN,NaN,NaN,NaN
NaN,NaN,NaN,NaN,NaN,NaN,NaN,NaN,NaN,NaN,NaN,NaN,NaN,NaN,NaN,NaN,NaN,NaN,NaN,NaN,NaN,NaN,NaN,NaN,NaN,NaN,NaN,NaN,NaN,NaN,NaN,NaN,NaN,NaN,NaN,NaN,NaN,NaN,NaN,NaN,NaN,NaN,NaN,NaN,NaN,NaN,NaN,NaN,NaN,NaN,NaN,NaN,NaN,NaN,NaN,NaN,NaN,NaN,NaN,NaN,NaN,NaN,NaN,NaN,NaN,NaN,NaN,NaN,NaN,NaN,NaN,NaN,NaN,NaN,NaN,NaN,NaN,NaN,NaN,NaN,NaN,NaN,NaN,NaN,NaN,NaN,NaN,NaN,NaN,NaN,NaN,NaN,NaN,NaN,NaN,NaN,NaN,NaN,NaN,NaN,NaN,NaN,NaN,NaN,NaN,NaN,NaN,NaN,NaN,NaN,NaN,NaN,NaN,NaN,NaN,NaN,NaN,NaN,NaN,NaN,NaN,NaN,NaN,NaN,NaN,NaN,NaN,NaN,NaN,NaN,NaN,NaN,NaN,NaN,NaN,NaN,NaN,NaN,NaN,NaN,NaN,NaN,NaN,NaN,NaN,NaN,NaN,NaN,NaN,NaN,NaN,NaN,NaN,NaN,NaN,NaN,NaN,NaN,-0.00263831105998574,-0.012219885232765,-0.0234882173561985,-0.0278916119509648,-0.0248277095375752,-0.0249783663078679,-0.0250979866215619,-0.0251689836665375,NaN,NaN,NaN,-0.0014430281090448,-0.00068381992612358,-0.000776522321598674,-0.000999069244811073,-0.000888191252206214,-0.000652488517069352,-0.000399208698712914,-0.000479939595133024,-0.000707806401528122,-0.00128519207947747,NaN,NaN,NaN,NaN,NaN,NaN,NaN,NaN,NaN,NaN,NaN,NaN,NaN,NaN,-0.00100580157170756,-0.000955783863698226,NaN,-0.000197894529352936,-0.000429512503978005,8.1807513347188e-05,0.00135712816701982,0.0032530159737364,0.00433721530491221,0.00434419481788915,NaN,NaN,NaN,NaN,NaN,NaN,NaN,NaN,NaN,NaN,NaN,NaN,NaN,NaN,NaN,NaN,NaN,NaN,NaN,NaN,NaN,NaN,NaN,NaN,NaN,NaN,NaN,NaN,NaN,NaN,NaN,NaN,NaN,NaN,NaN,NaN,NaN,NaN,NaN,NaN,NaN,NaN
NaN,NaN,NaN,NaN,NaN,NaN,NaN,NaN,NaN,NaN,NaN,NaN,NaN,NaN,NaN,NaN,NaN,NaN,NaN,NaN,NaN,NaN,NaN,NaN,NaN,NaN,NaN,NaN,NaN,NaN,NaN,NaN,NaN,NaN,NaN,NaN,NaN,NaN,NaN,NaN,NaN,NaN,NaN,NaN,NaN,NaN,NaN,NaN,NaN,NaN,NaN,NaN,NaN,NaN,NaN,NaN,NaN,NaN,NaN,NaN,NaN,NaN,NaN,NaN,NaN,NaN,NaN,NaN,NaN,NaN,NaN,NaN,NaN,NaN,NaN,NaN,NaN,NaN,NaN,NaN,NaN,NaN,NaN,NaN,NaN,NaN,NaN,NaN,NaN,NaN,NaN,NaN,NaN,NaN,NaN,NaN,NaN,NaN,NaN,NaN,NaN,NaN,NaN,NaN,NaN,NaN,NaN,NaN,NaN,NaN,NaN,NaN,NaN,NaN,NaN,NaN,NaN,NaN,NaN,NaN,NaN,NaN,NaN,NaN,NaN,NaN,NaN,NaN,NaN,NaN,NaN,NaN,NaN,NaN,NaN,NaN,NaN,NaN,NaN,NaN,NaN,NaN,NaN,NaN,NaN,NaN,NaN,NaN,NaN,NaN,NaN,NaN,NaN,NaN,NaN,NaN,NaN,NaN,NaN,NaN,NaN,NaN,-0.0282040057019651,-0.0267566483505679,-0.0250689453182518,-0.0251202923047795,NaN,NaN,NaN,-0.00102024612676766,-0.000851890545258899,-0.00105931179936635,-0.00112477120330888,NaN,NaN,-0.000642850507210788,-0.000454944930822096,-0.000562809438368479,-0.000921730204715114,NaN,NaN,NaN,NaN,NaN,NaN,NaN,NaN,NaN,NaN,NaN,NaN,NaN,-0.000941583790027424,-0.000976579549962823,-0.000917168034392667,NaN,NaN,NaN,NaN,0.00348062966093792,0.00493014814543043,0.00522438567068823,0.00510019310081388,NaN,NaN,NaN,NaN,NaN,NaN,NaN,NaN,NaN,NaN,NaN,NaN,NaN,NaN,NaN,NaN,NaN,NaN,NaN,NaN,NaN,NaN,NaN,NaN,NaN,NaN,NaN,NaN,NaN,NaN,NaN,NaN,NaN,NaN,NaN,NaN,NaN,NaN,NaN,NaN,NaN,NaN
NaN,NaN,NaN,NaN,NaN,NaN,NaN,NaN,NaN,NaN,NaN,NaN,NaN,NaN,NaN,NaN,NaN,NaN,NaN,NaN,NaN,NaN,NaN,NaN,NaN,NaN,NaN,NaN,NaN,NaN,NaN,NaN,NaN,NaN,NaN,NaN,NaN,NaN,NaN,NaN,NaN,NaN,NaN,NaN,NaN,NaN,NaN,NaN,NaN,NaN,NaN,NaN,NaN,NaN,NaN,NaN,NaN,NaN,NaN,NaN,NaN,NaN,NaN,NaN,NaN,NaN,NaN,NaN,NaN,NaN,NaN,NaN,NaN,NaN,NaN,NaN,NaN,NaN,NaN,NaN,NaN,NaN,NaN,NaN,NaN,NaN,NaN,NaN,NaN,NaN,NaN,NaN,NaN,NaN,NaN,NaN,NaN,NaN,NaN,NaN,NaN,NaN,NaN,NaN,NaN,NaN,NaN,NaN,NaN,NaN,NaN,NaN,NaN,NaN,NaN,NaN,NaN,NaN,NaN,NaN,NaN,NaN,NaN,NaN,NaN,NaN,NaN,NaN,NaN,NaN,NaN,NaN,NaN,NaN,NaN,NaN,NaN,NaN,NaN,NaN,NaN,NaN,NaN,NaN,NaN,NaN,NaN,NaN,NaN,NaN,NaN,NaN,NaN,NaN,NaN,NaN,NaN,NaN,NaN,NaN,NaN,NaN,NaN,NaN,NaN,NaN,NaN,-0.0286198051515776,-0.00630562717215872,-0.00218919196015867,-0.000541243669316731,-0.00101099815798071,NaN,NaN,NaN,-0.000629904503490325,-0.000462931707279235,-0.000480974666057191,-0.000603111490305552,NaN,NaN,NaN,NaN,NaN,NaN,NaN,NaN,NaN,NaN,NaN,NaN,-0.000935529027097174,-0.000923920792184897,-0.000921480353391238,-0.000884284676783481,-0.000761815600675851,NaN,NaN,NaN,NaN,0.00650218388574658,0.00626347939852809,0.0062858110334572,NaN,NaN,NaN,NaN,NaN,NaN,NaN,NaN,NaN,NaN,NaN,NaN,NaN,NaN,NaN,NaN,NaN,NaN,NaN,NaN,NaN,NaN,NaN,NaN,NaN,NaN,NaN,NaN,NaN,NaN,NaN,NaN,NaN,NaN,NaN,NaN,NaN,NaN,NaN,NaN,NaN,NaN
NaN,NaN,NaN,NaN,NaN,NaN,NaN,NaN,NaN,NaN,NaN,NaN,NaN,NaN,NaN,NaN,NaN,NaN,NaN,NaN,NaN,NaN,NaN,NaN,NaN,NaN,NaN,NaN,NaN,NaN,NaN,NaN,NaN,NaN,NaN,NaN,NaN,NaN,NaN,NaN,NaN,NaN,NaN,NaN,NaN,NaN,NaN,NaN,NaN,NaN,NaN,NaN,NaN,NaN,NaN,NaN,NaN,NaN,NaN,NaN,NaN,NaN,NaN,NaN,NaN,NaN,NaN,NaN,NaN,NaN,NaN,NaN,NaN,NaN,NaN,NaN,NaN,NaN,NaN,NaN,NaN,NaN,NaN,NaN,NaN,NaN,NaN,NaN,NaN,NaN,NaN,NaN,NaN,NaN,NaN,NaN,NaN,NaN,NaN,NaN,NaN,NaN,NaN,NaN,NaN,NaN,NaN,NaN,NaN,NaN,NaN,NaN,NaN,NaN,NaN,NaN,NaN,NaN,NaN,NaN,NaN,NaN,NaN,NaN,NaN,NaN,NaN,NaN,NaN,NaN,NaN,NaN,NaN,NaN,NaN,NaN,NaN,NaN,NaN,NaN,NaN,NaN,NaN,NaN,NaN,NaN,NaN,NaN,NaN,NaN,NaN,NaN,NaN,NaN,NaN,NaN,NaN,NaN,NaN,NaN,NaN,NaN,NaN,NaN,NaN,NaN,NaN,-0.00669713477774936,-0.00512003767771546,-0.0039901233893227,-0.00178560148028225,-0.00288342455245148,-0.0247106376414521,NaN,NaN,-0.000889009278865222,-0.000676924370753955,-0.000625072281436444,-0.000701772311648407,NaN,NaN,NaN,NaN,NaN,NaN,NaN,NaN,NaN,NaN,NaN,NaN,-0.00101747964789784,-0.000972987571869392,-0.00096838845005192,-0.000988880878140308,-0.000855787165311699,NaN,NaN,NaN,NaN,0.00732856284212793,0.00734626792011083,0.00787149489304324,0.00886135275563196,0.00890960297454566,-0.00459197245212072,NaN,NaN,NaN,NaN,NaN,NaN,NaN,NaN,NaN,NaN,NaN,NaN,NaN,NaN,NaN,NaN,NaN,NaN,NaN,NaN,NaN,NaN,NaN,NaN,NaN,NaN,NaN,NaN,NaN,NaN,NaN,NaN,NaN,NaN,NaN,NaN,NaN,NaN,NaN
NaN,NaN,NaN,NaN,NaN,NaN,NaN,NaN,NaN,NaN,NaN,NaN,NaN,NaN,NaN,NaN,NaN,NaN,NaN,NaN,NaN,NaN,NaN,NaN,NaN,NaN,NaN,NaN,NaN,NaN,NaN,NaN,NaN,NaN,NaN,NaN,NaN,NaN,NaN,NaN,NaN,NaN,NaN,NaN,NaN,NaN,NaN,NaN,NaN,NaN,NaN,NaN,NaN,NaN,NaN,NaN,NaN,NaN,NaN,NaN,NaN,NaN,NaN,NaN,NaN,NaN,NaN,NaN,NaN,NaN,NaN,NaN,NaN,NaN,NaN,NaN,NaN,NaN,NaN,NaN,NaN,NaN,NaN,NaN,NaN,NaN,NaN,NaN,NaN,NaN,NaN,NaN,NaN,NaN,NaN,NaN,NaN,NaN,NaN,NaN,NaN,NaN,NaN,NaN,NaN,NaN,NaN,NaN,NaN,NaN,NaN,NaN,NaN,NaN,NaN,NaN,NaN,NaN,NaN,NaN,NaN,NaN,NaN,NaN,NaN,NaN,NaN,NaN,NaN,NaN,NaN,NaN,NaN,NaN,NaN,NaN,NaN,NaN,NaN,NaN,NaN,NaN,NaN,NaN,NaN,NaN,NaN,NaN,NaN,NaN,NaN,NaN,NaN,NaN,NaN,NaN,NaN,NaN,NaN,NaN,NaN,NaN,NaN,NaN,NaN,NaN,NaN,-0.00604872628514902,-0.0026158920863205,-0.00274341670661126,-0.00278736638555904,-0.0236450648850353,-0.0348652519653763,NaN,-0.000864459186074586,-0.000940469137732171,-0.000766045479591512,-0.000560577665707163,-0.000474286603221466,-0.000371632041681752,NaN,NaN,NaN,NaN,NaN,NaN,NaN,NaN,NaN,NaN,-0.00110281157657719,-0.00107067082851805,-0.00105691439612271,-0.00106812842384299,-0.00116858399715186,NaN,NaN,NaN,NaN,NaN,0.00779184279058311,0.0079972750515168,0.00824362093517164,0.0088381392533769,0.00913523148491615,0.00829002669187784,-0.00133297222668105,-0.00475214377440659,0.00131661864939625,-8.05841321055599e-05,NaN,NaN,NaN,NaN,NaN,NaN,NaN,NaN,NaN,NaN,NaN,NaN,NaN,NaN,NaN,NaN,NaN,NaN,NaN,NaN,NaN,NaN,NaN,NaN,NaN,NaN,NaN,NaN,NaN,NaN,NaN,NaN,NaN,NaN,NaN
NaN,NaN,NaN,NaN,NaN,NaN,NaN,NaN,NaN,NaN,NaN,NaN,NaN,NaN,NaN,NaN,NaN,NaN,NaN,NaN,NaN,NaN,NaN,NaN,NaN,NaN,NaN,NaN,NaN,NaN,NaN,NaN,NaN,NaN,NaN,NaN,NaN,NaN,NaN,NaN,NaN,NaN,NaN,NaN,NaN,NaN,NaN,NaN,NaN,NaN,NaN,NaN,NaN,NaN,NaN,NaN,NaN,NaN,NaN,NaN,NaN,NaN,NaN,NaN,NaN,NaN,NaN,NaN,NaN,NaN,NaN,NaN,NaN,NaN,NaN,NaN,NaN,NaN,NaN,NaN,NaN,NaN,NaN,NaN,NaN,NaN,NaN,NaN,NaN,NaN,NaN,NaN,NaN,NaN,NaN,NaN,NaN,NaN,NaN,NaN,NaN,NaN,NaN,NaN,NaN,NaN,NaN,NaN,NaN,NaN,NaN,NaN,NaN,NaN,NaN,NaN,NaN,NaN,NaN,NaN,NaN,NaN,NaN,NaN,NaN,NaN,NaN,NaN,NaN,NaN,NaN,NaN,NaN,NaN,NaN,NaN,NaN,NaN,NaN,NaN,NaN,NaN,NaN,NaN,NaN,NaN,NaN,NaN,NaN,NaN,NaN,NaN,NaN,NaN,NaN,NaN,NaN,NaN,NaN,NaN,NaN,NaN,NaN,NaN,NaN,NaN,NaN,-0.0169675938875117,-0.00244874299722768,-0.00263378631930349,-0.00370549213341561,NaN,NaN,-0.00112501799515743,-0.000955500711006918,-0.000982960091354394,-0.000873953456937053,-0.000683026821735141,-0.000541077891099752,-0.000525498606980479,NaN,NaN,NaN,NaN,NaN,NaN,NaN,NaN,-0.000990774256657001,-0.00101533434379622,-0.0011032326331749,-0.00110435622814562,-0.00106539070736695,-0.000985600018181005,NaN,NaN,NaN,NaN,NaN,NaN,0.0037572742495231,0.00841771052333045,0.00859936624494922,0.00897470611644014,0.00923829697722778,0.00952502889924989,0.00966523155664399,0.00787918189577953,0.00270254885719484,4.30246810359738e-05,-0.0219744539026502,NaN,NaN,NaN,NaN,NaN,NaN,NaN,NaN,NaN,NaN,NaN,NaN,NaN,NaN,NaN,NaN,NaN,NaN,NaN,NaN,NaN,NaN,NaN,NaN,NaN,NaN,NaN,NaN,NaN,NaN,NaN,NaN,NaN,NaN
NaN,NaN,NaN,NaN,NaN,NaN,NaN,NaN,NaN,NaN,NaN,NaN,NaN,NaN,NaN,NaN,NaN,NaN,NaN,NaN,NaN,NaN,NaN,NaN,NaN,NaN,NaN,NaN,NaN,NaN,NaN,NaN,NaN,NaN,NaN,NaN,NaN,NaN,NaN,NaN,NaN,NaN,NaN,NaN,NaN,NaN,NaN,NaN,NaN,NaN,NaN,NaN,NaN,NaN,NaN,NaN,NaN,NaN,NaN,NaN,NaN,NaN,NaN,NaN,NaN,NaN,NaN,NaN,NaN,NaN,NaN,NaN,NaN,NaN,NaN,NaN,NaN,NaN,NaN,NaN,NaN,NaN,NaN,NaN,NaN,NaN,NaN,NaN,NaN,NaN,NaN,NaN,NaN,NaN,NaN,NaN,NaN,NaN,NaN,NaN,NaN,NaN,NaN,NaN,NaN,NaN,NaN,NaN,NaN,NaN,NaN,NaN,NaN,NaN,NaN,NaN,NaN,NaN,NaN,NaN,NaN,NaN,NaN,NaN,NaN,NaN,NaN,NaN,NaN,NaN,NaN,NaN,NaN,NaN,NaN,NaN,NaN,NaN,NaN,NaN,NaN,NaN,NaN,NaN,NaN,NaN,NaN,NaN,NaN,NaN,NaN,NaN,NaN,NaN,NaN,NaN,NaN,NaN,NaN,NaN,NaN,NaN,NaN,NaN,NaN,NaN,NaN,-0.0292387277979462,-0.00762851754175417,-0.00361215573091318,NaN,NaN,-0.00126182621942075,-0.00123887599713977,-0.00119891729717584,-0.0010838920047099,-0.000918246480578919,-0.000769020721080663,-0.000676326731394264,-0.000645566028714844,NaN,NaN,NaN,NaN,NaN,NaN,NaN,-0.000888740492477669,-0.0010249769493755,-0.00113105820231728,-0.00117886381930942,-0.00116042745408631,-0.00112143124200481,-0.00107419216971379,NaN,NaN,NaN,NaN,NaN,-0.0269064464317428,-0.00686306573519807,0.00593496281528927,0.00891017926421294,0.00915507656048927,0.00940585678921743,0.00965657703741185,0.00985576257971579,0.00987644839166563,0.00346263908397756,0.000245938888842279,-0.000340218377020232,NaN,NaN,NaN,NaN,NaN,NaN,NaN,NaN,NaN,NaN,NaN,NaN,NaN,NaN,NaN,NaN,NaN,NaN,NaN,NaN,NaN,NaN,NaN,NaN,NaN,NaN,NaN,NaN,NaN,NaN,NaN,NaN,NaN,NaN
NaN,NaN,NaN,NaN,NaN,NaN,NaN,NaN,NaN,NaN,NaN,NaN,NaN,NaN,NaN,NaN,NaN,NaN,NaN,NaN,NaN,NaN,NaN,NaN,NaN,NaN,NaN,NaN,NaN,NaN,NaN,NaN,NaN,NaN,NaN,NaN,NaN,NaN,NaN,NaN,NaN,NaN,NaN,NaN,NaN,NaN,NaN,NaN,NaN,NaN,NaN,NaN,NaN,NaN,NaN,NaN,NaN,NaN,NaN,NaN,NaN,NaN,NaN,NaN,NaN,NaN,NaN,NaN,NaN,NaN,NaN,NaN,NaN,NaN,NaN,NaN,NaN,NaN,NaN,NaN,NaN,NaN,NaN,NaN,NaN,NaN,NaN,NaN,NaN,NaN,NaN,NaN,NaN,NaN,NaN,NaN,NaN,NaN,NaN,NaN,NaN,NaN,NaN,NaN,NaN,NaN,NaN,NaN,NaN,NaN,NaN,NaN,NaN,NaN,NaN,NaN,NaN,NaN,NaN,NaN,NaN,NaN,NaN,NaN,NaN,NaN,NaN,NaN,NaN,NaN,NaN,NaN,NaN,NaN,NaN,NaN,NaN,NaN,NaN,NaN,NaN,NaN,NaN,NaN,NaN,NaN,NaN,NaN,NaN,NaN,NaN,NaN,NaN,NaN,NaN,NaN,NaN,NaN,NaN,NaN,NaN,NaN,NaN,NaN,NaN,NaN,NaN,NaN,-0.0074222781429729,-0.0180260549166864,-0.00197957239310728,-0.00110619696474773,-0.001069953998189,-0.00115882003861947,-0.00126961512862186,-0.0010873284810289,-0.000909730268065863,-0.000766322491561416,-0.00071298191263669,-0.000781901598656965,NaN,NaN,NaN,NaN,NaN,NaN,NaN,-0.0010590916454245,-0.00117303931604557,-0.00127709543175606,-0.00129288686634676,-0.00124816718264016,-0.00117866611043618,NaN,NaN,NaN,NaN,NaN,NaN,-0.0244639194092191,-0.0268161002805608,-0.0167358454505471,0.00641095803216503,0.00940454763228736,0.00959289807154696,0.0097807727544542,0.00994914081450812,0.0100771222043459,0.00883824512244709,0.000406189716661191,-0.0218795876574426,NaN,NaN,NaN,NaN,NaN,NaN,NaN,NaN,NaN,NaN,NaN,NaN,NaN,NaN,NaN,NaN,NaN,NaN,NaN,NaN,NaN,NaN,NaN,NaN,NaN,NaN,NaN,NaN,NaN,NaN,NaN,NaN,NaN,NaN
NaN,NaN,NaN,NaN,NaN,NaN,NaN,NaN,NaN,NaN,NaN,NaN,NaN,NaN,NaN,NaN,NaN,NaN,NaN,NaN,NaN,NaN,NaN,NaN,NaN,NaN,NaN,NaN,NaN,NaN,NaN,NaN,NaN,NaN,NaN,NaN,NaN,NaN,NaN,NaN,NaN,NaN,NaN,NaN,NaN,NaN,NaN,NaN,NaN,NaN,NaN,NaN,NaN,NaN,NaN,NaN,NaN,NaN,NaN,NaN,NaN,NaN,NaN,NaN,NaN,NaN,NaN,NaN,NaN,NaN,NaN,NaN,NaN,NaN,NaN,NaN,NaN,NaN,NaN,NaN,NaN,NaN,NaN,NaN,NaN,NaN,NaN,NaN,NaN,NaN,NaN,NaN,NaN,NaN,NaN,NaN,NaN,NaN,NaN,NaN,NaN,NaN,NaN,NaN,NaN,NaN,NaN,NaN,NaN,NaN,NaN,NaN,NaN,NaN,NaN,NaN,NaN,NaN,NaN,NaN,NaN,NaN,NaN,NaN,NaN,NaN,NaN,NaN,NaN,NaN,NaN,NaN,NaN,NaN,NaN,NaN,NaN,NaN,NaN,NaN,NaN,NaN,NaN,NaN,NaN,NaN,NaN,NaN,NaN,NaN,NaN,NaN,NaN,NaN,NaN,NaN,NaN,NaN,NaN,NaN,NaN,NaN,NaN,NaN,NaN,NaN,NaN,NaN,-0.025695751523006,-0.0124831331350202,-0.00177875052181102,-0.00122286478007063,-0.00117488578147749,-0.00113876715729854,-0.00116144983385397,-0.00109927025559515,-0.00103730479948073,-0.000912040818489945,-0.000831338164371834,NaN,NaN,NaN,NaN,NaN,NaN,NaN,NaN,-0.00135289273295543,-0.00137833263835954,-0.00136899040319036,-0.00130121159232442,NaN,NaN,NaN,NaN,NaN,NaN,0.00747306353542587,-0.000251313038157493,-0.0114237941504677,NaN,-0.022703451530412,0.000455161325949789,0.00689519173994618,0.00981383762479598,0.00995181034323915,0.0100720370142083,0.0101775246458921,0.0101991642141468,0.00266704691686426,-0.0203947267529134,NaN,NaN,NaN,NaN,NaN,NaN,NaN,NaN,NaN,NaN,NaN,NaN,NaN,NaN,NaN,NaN,NaN,NaN,NaN,NaN,NaN,NaN,NaN,NaN,NaN,NaN,NaN,NaN,NaN,NaN,NaN,NaN,NaN,NaN
NaN,NaN,NaN,NaN,NaN,NaN,NaN,NaN,NaN,NaN,NaN,NaN,NaN,NaN,NaN,NaN,NaN,NaN,NaN,NaN,NaN,NaN,NaN,NaN,NaN,NaN,NaN,NaN,NaN,NaN,NaN,NaN,NaN,NaN,NaN,NaN,NaN,NaN,NaN,NaN,NaN,NaN,NaN,NaN,NaN,NaN,NaN,NaN,NaN,NaN,NaN,NaN,NaN,NaN,NaN,NaN,NaN,NaN,NaN,NaN,NaN,NaN,NaN,NaN,NaN,NaN,NaN,NaN,NaN,NaN,NaN,NaN,NaN,NaN,NaN,NaN,NaN,NaN,NaN,NaN,NaN,NaN,NaN,NaN,NaN,NaN,NaN,NaN,NaN,NaN,NaN,NaN,NaN,NaN,NaN,NaN,NaN,NaN,NaN,NaN,NaN,NaN,NaN,NaN,NaN,NaN,NaN,NaN,NaN,NaN,NaN,NaN,NaN,NaN,NaN,NaN,NaN,NaN,NaN,NaN,NaN,NaN,NaN,NaN,NaN,NaN,NaN,NaN,NaN,NaN,NaN,NaN,NaN,NaN,NaN,NaN,NaN,NaN,NaN,NaN,NaN,NaN,NaN,NaN,NaN,NaN,NaN,NaN,NaN,NaN,NaN,NaN,NaN,NaN,NaN,NaN,NaN,NaN,NaN,NaN,NaN,NaN,NaN,NaN,NaN,NaN,NaN,NaN,-0.0121098034463497,-0.0026798861631698,-0.00248209876404915,NaN,-0.00168937869386505,-0.00139636217294616,-0.00132848520927361,-0.00135519694565555,-0.00125902118549091,-0.00116378930192932,-0.0011011291902338,NaN,NaN,NaN,NaN,NaN,NaN,NaN,NaN,-0.00162962502393813,-0.0015211349791926,-0.00140921711482457,NaN,NaN,NaN,NaN,NaN,NaN,NaN,0.00620158943333649,-0.00216090152097794,-0.0135228486135611,-0.0245446241334649,-0.0224269235081687,0.000203008209424754,0.000675163074999579,0.00916181960825109,0.0101745626703287,0.0102257388231126,0.0103159673324014,0.0103461913930184,0.00938976296266752,NaN,NaN,NaN,NaN,NaN,NaN,NaN,NaN,NaN,NaN,NaN,NaN,NaN,NaN,NaN,NaN,NaN,NaN,NaN,NaN,NaN,NaN,NaN,NaN,NaN,NaN,NaN,NaN,NaN,NaN,NaN,NaN,NaN,NaN,NaN
NaN,NaN,NaN,NaN,NaN,NaN,NaN,NaN,NaN,NaN,NaN,NaN,NaN,NaN,NaN,NaN,NaN,NaN,NaN,NaN,NaN,NaN,NaN,NaN,NaN,NaN,NaN,NaN,NaN,NaN,NaN,NaN,NaN,NaN,NaN,NaN,NaN,NaN,NaN,NaN,NaN,NaN,NaN,NaN,NaN,NaN,NaN,NaN,NaN,NaN,NaN,NaN,NaN,NaN,NaN,NaN,NaN,NaN,NaN,NaN,NaN,NaN,NaN,NaN,NaN,NaN,NaN,NaN,NaN,NaN,NaN,NaN,NaN,NaN,NaN,NaN,NaN,NaN,NaN,NaN,NaN,NaN,NaN,NaN,NaN,NaN,NaN,NaN,NaN,NaN,NaN,NaN,NaN,NaN,NaN,NaN,NaN,NaN,NaN,NaN,NaN,NaN,NaN,NaN,NaN,NaN,NaN,NaN,NaN,NaN,NaN,NaN,NaN,NaN,NaN,NaN,NaN,NaN,NaN,NaN,NaN,NaN,NaN,NaN,NaN,NaN,NaN,NaN,NaN,NaN,NaN,NaN,NaN,NaN,NaN,NaN,NaN,NaN,NaN,NaN,NaN,NaN,NaN,NaN,NaN,NaN,NaN,NaN,NaN,NaN,NaN,NaN,NaN,NaN,NaN,NaN,NaN,NaN,NaN,NaN,NaN,NaN,NaN,NaN,NaN,NaN,NaN,NaN,NaN,-0.00250697197609607,-0.00223618330845566,-0.00168283394499773,-0.00173399341011768,-0.00158252286269738,-0.00153507188745176,-0.00158027522512869,-0.00156273405424263,-0.00143462548590589,-0.00136350544331867,NaN,NaN,NaN,NaN,NaN,NaN,NaN,NaN,-0.0021051260201358,-0.00183515688838174,NaN,NaN,NaN,NaN,NaN,NaN,NaN,NaN,0.0115014863928773,0.00602057328559628,-0.00243953294179538,-0.0136707635432971,-0.0246607912013465,NaN,-0.0173356772209741,0.00564096707572075,0.0104454325445455,0.0104609430563875,0.0105095237140722,0.0105698112191618,NaN,NaN,NaN,NaN,NaN,NaN,NaN,NaN,NaN,NaN,NaN,NaN,NaN,NaN,NaN,NaN,NaN,NaN,NaN,NaN,NaN,NaN,NaN,NaN,NaN,NaN,NaN,NaN,NaN,NaN,NaN,NaN,NaN,NaN,NaN,NaN
NaN,NaN,NaN,NaN,NaN,NaN,NaN,NaN,NaN,NaN,NaN,NaN,NaN,NaN,NaN,NaN,NaN,NaN,NaN,NaN,NaN,NaN,NaN,NaN,NaN,NaN,NaN,NaN,NaN,NaN,NaN,NaN,NaN,NaN,NaN,NaN,NaN,NaN,NaN,NaN,NaN,NaN,NaN,NaN,NaN,NaN,NaN,NaN,NaN,NaN,NaN,NaN,NaN,NaN,NaN,NaN,NaN,NaN,NaN,NaN,NaN,NaN,NaN,NaN,NaN,NaN,NaN,NaN,NaN,NaN,NaN,NaN,NaN,NaN,NaN,NaN,NaN,NaN,NaN,NaN,NaN,NaN,NaN,NaN,NaN,NaN,NaN,NaN,NaN,NaN,NaN,NaN,NaN,NaN,NaN,NaN,NaN,NaN,NaN,NaN,NaN,NaN,NaN,NaN,NaN,NaN,NaN,NaN,NaN,NaN,NaN,NaN,NaN,NaN,NaN,NaN,NaN,NaN,NaN,NaN,NaN,NaN,NaN,NaN,NaN,NaN,NaN,NaN,NaN,NaN,NaN,NaN,NaN,NaN,NaN,NaN,NaN,NaN,NaN,NaN,NaN,NaN,NaN,NaN,NaN,NaN,NaN,NaN,NaN,NaN,NaN,NaN,NaN,NaN,NaN,NaN,NaN,NaN,NaN,NaN,NaN,NaN,NaN,NaN,NaN,NaN,NaN,NaN,NaN,-0.00269765599204291,-0.00249171186573301,-0.00205244371858471,-0.00185113505851105,-0.00169871378521602,-0.00168485652576277,-0.00182920368921,-0.00179561706125014,-0.0016779936771253,-0.00151566597321881,NaN,NaN,NaN,NaN,NaN,NaN,-0.00143005832943456,-0.00131249087072914,-0.00132213468905644,NaN,NaN,NaN,NaN,NaN,NaN,NaN,NaN,NaN,NaN,NaN,NaN,NaN,NaN,NaN,-0.00348826575868889,0.00196153680331512,0.0105980665553894,0.0107457161285569,0.010786576611853,0.0108860302786214,0.00690476876908739,NaN,NaN,NaN,NaN,NaN,NaN,NaN,NaN,NaN,NaN,NaN,NaN,NaN,NaN,NaN,NaN,NaN,NaN,NaN,NaN,NaN,NaN,NaN,NaN,NaN,NaN,NaN,NaN,NaN,NaN,NaN,NaN,NaN,NaN,NaN
NaN,NaN,NaN,NaN,NaN,NaN,NaN,NaN,NaN,NaN,NaN,NaN,NaN,NaN,NaN,NaN,NaN,NaN,NaN,NaN,NaN,NaN,NaN,NaN,NaN,NaN,NaN,NaN,NaN,NaN,NaN,NaN,NaN,NaN,NaN,NaN,NaN,NaN,NaN,NaN,NaN,NaN,NaN,NaN,NaN,NaN,NaN,NaN,NaN,NaN,NaN,NaN,NaN,NaN,NaN,NaN,NaN,NaN,NaN,NaN,NaN,NaN,NaN,NaN,NaN,NaN,NaN,NaN,NaN,NaN,NaN,NaN,NaN,NaN,NaN,NaN,NaN,NaN,NaN,NaN,NaN,NaN,NaN,NaN,NaN,NaN,NaN,NaN,NaN,NaN,NaN,NaN,NaN,NaN,NaN,NaN,NaN,NaN,NaN,NaN,NaN,NaN,NaN,NaN,NaN,NaN,NaN,NaN,NaN,NaN,NaN,NaN,NaN,NaN,NaN,NaN,NaN,NaN,NaN,NaN,NaN,NaN,NaN,NaN,NaN,NaN,NaN,NaN,NaN,NaN,NaN,NaN,NaN,NaN,NaN,NaN,NaN,NaN,NaN,NaN,NaN,NaN,NaN,NaN,NaN,NaN,NaN,NaN,NaN,NaN,NaN,NaN,NaN,NaN,NaN,NaN,NaN,NaN,NaN,NaN,NaN,NaN,NaN,NaN,NaN,NaN,NaN,NaN,NaN,-0.00301739929795397,-0.00282789788966831,-0.00238608509640995,-0.00213576281159657,-0.00188535959160993,-0.00190587025136236,-0.00203300708288729,-0.00195130376827998,-0.00199059654565732,NaN,NaN,NaN,NaN,NaN,NaN,-0.00152167641049094,-0.00160084527002322,-0.00145259796516032,-0.00116176119675608,NaN,NaN,NaN,NaN,NaN,NaN,NaN,NaN,NaN,NaN,NaN,NaN,NaN,NaN,NaN,-0.0202996223686855,0.00162559733433771,0.0109695177193869,0.0110303424906227,0.0110209794466178,0.0110757100940126,0.00924710156647718,-0.0109641270880904,-0.0109237055307771,-0.0109077509413362,-0.0201071821200712,NaN,NaN,NaN,NaN,NaN,NaN,NaN,NaN,NaN,NaN,NaN,NaN,NaN,NaN,NaN,NaN,NaN,NaN,NaN,NaN,NaN,NaN,NaN,NaN,NaN,NaN,NaN,NaN,NaN,NaN,NaN
NaN,NaN,NaN,NaN,NaN,NaN,NaN,NaN,NaN,NaN,NaN,NaN,NaN,NaN,NaN,NaN,NaN,NaN,NaN,NaN,NaN,NaN,NaN,NaN,NaN,NaN,NaN,NaN,NaN,NaN,NaN,NaN,NaN,NaN,NaN,NaN,NaN,NaN,NaN,NaN,NaN,NaN,NaN,NaN,NaN,NaN,NaN,NaN,NaN,NaN,NaN,NaN,NaN,NaN,NaN,NaN,NaN,NaN,NaN,NaN,NaN,NaN,NaN,NaN,NaN,NaN,NaN,NaN,NaN,NaN,NaN,NaN,NaN,NaN,NaN,NaN,NaN,NaN,NaN,NaN,NaN,NaN,NaN,NaN,NaN,NaN,NaN,NaN,NaN,NaN,NaN,NaN,NaN,NaN,NaN,NaN,NaN,NaN,NaN,NaN,NaN,NaN,NaN,NaN,NaN,NaN,NaN,NaN,NaN,NaN,NaN,NaN,NaN,NaN,NaN,NaN,NaN,NaN,NaN,NaN,NaN,NaN,NaN,NaN,NaN,NaN,NaN,NaN,NaN,NaN,NaN,NaN,NaN,NaN,NaN,NaN,NaN,NaN,NaN,NaN,NaN,NaN,NaN,NaN,NaN,NaN,NaN,NaN,NaN,NaN,NaN,NaN,NaN,NaN,NaN,NaN,NaN,NaN,NaN,NaN,NaN,NaN,NaN,NaN,NaN,NaN,NaN,NaN,NaN,-0.00326463933471845,-0.0031015021010266,-0.00271928649589256,-0.00230419049943579,-0.001988357115752,-0.00220093776582957,-0.00240578754062105,-0.00221992870379586,-0.00210670188750778,-0.00209885127397147,-0.00205284497290304,-0.00195439527602821,-0.00188097484433052,-0.00184485826334037,-0.00178238679986316,-0.00170277956381442,-0.00165910350227185,NaN,NaN,NaN,NaN,NaN,NaN,NaN,NaN,NaN,NaN,NaN,NaN,NaN,NaN,NaN,NaN,NaN,NaN,0.00863751877910897,0.0112960230900598,0.0112320997115584,0.0111811553817465,0.0112140887631399,0.00884619709517641,0.00158820246305739,-0.0123249000959424,-0.0109138654577184,-0.0200966898327454,NaN,NaN,NaN,NaN,NaN,NaN,NaN,NaN,NaN,NaN,NaN,NaN,NaN,NaN,NaN,NaN,NaN,NaN,NaN,NaN,NaN,NaN,NaN,NaN,NaN,NaN,NaN,NaN,NaN,NaN,NaN
NaN,NaN,NaN,NaN,NaN,NaN,NaN,NaN,NaN,NaN,NaN,NaN,NaN,NaN,NaN,NaN,NaN,NaN,NaN,NaN,NaN,NaN,NaN,NaN,NaN,NaN,NaN,NaN,NaN,NaN,NaN,NaN,NaN,NaN,NaN,NaN,NaN,NaN,NaN,NaN,NaN,NaN,NaN,NaN,NaN,NaN,NaN,NaN,NaN,NaN,NaN,NaN,NaN,NaN,NaN,NaN,NaN,NaN,NaN,NaN,NaN,NaN,NaN,NaN,NaN,NaN,NaN,NaN,NaN,NaN,NaN,NaN,NaN,NaN,NaN,NaN,NaN,NaN,NaN,NaN,NaN,NaN,NaN,NaN,NaN,NaN,NaN,NaN,NaN,NaN,NaN,NaN,NaN,NaN,NaN,NaN,NaN,NaN,NaN,NaN,NaN,NaN,NaN,NaN,NaN,NaN,NaN,NaN,NaN,NaN,NaN,NaN,NaN,NaN,NaN,NaN,NaN,NaN,NaN,NaN,NaN,NaN,NaN,NaN,NaN,NaN,NaN,NaN,NaN,NaN,NaN,NaN,NaN,NaN,NaN,NaN,NaN,NaN,NaN,NaN,NaN,NaN,NaN,NaN,NaN,NaN,NaN,NaN,NaN,NaN,NaN,NaN,NaN,NaN,NaN,NaN,NaN,NaN,NaN,NaN,NaN,NaN,NaN,NaN,NaN,NaN,NaN,NaN,NaN,-0.00417895481185193,-0.00345797619217575,-0.00300316041984302,-0.00237166626737975,-0.00195515277127883,-0.002231763616227,-0.00233861157773518,-0.00218098669052531,-0.00204415601721284,-0.00213193625986518,-0.00204981059505474,-0.00200143457598268,-0.00198945597920967,-0.00199826650666538,-0.00160359443605632,-0.00145170527597966,NaN,NaN,NaN,NaN,NaN,NaN,NaN,NaN,NaN,NaN,NaN,NaN,NaN,NaN,NaN,NaN,NaN,NaN,NaN,0.0112060996988993,0.011497575824121,0.011409101999403,0.0113498140577499,0.010276616847692,0.00437471995676368,-0.00749940417614192,-0.0230125601954568,NaN,NaN,NaN,NaN,NaN,NaN,NaN,NaN,NaN,NaN,NaN,NaN,NaN,NaN,NaN,NaN,NaN,NaN,NaN,NaN,NaN,NaN,NaN,NaN,NaN,NaN,NaN,NaN,NaN,NaN,NaN,NaN,NaN
NaN,NaN,NaN,NaN,NaN,NaN,NaN,NaN,NaN,NaN,NaN,NaN,NaN,NaN,NaN,NaN,NaN,NaN,NaN,NaN,NaN,NaN,NaN,NaN,NaN,NaN,NaN,NaN,NaN,NaN,NaN,NaN,NaN,NaN,NaN,NaN,NaN,NaN,NaN,NaN,NaN,NaN,NaN,NaN,NaN,NaN,NaN,NaN,NaN,NaN,NaN,NaN,NaN,NaN,NaN,NaN,NaN,NaN,NaN,NaN,NaN,NaN,NaN,NaN,NaN,NaN,NaN,NaN,NaN,NaN,NaN,NaN,NaN,NaN,NaN,NaN,NaN,NaN,NaN,NaN,NaN,NaN,NaN,NaN,NaN,NaN,NaN,NaN,NaN,NaN,NaN,NaN,NaN,NaN,NaN,NaN,NaN,NaN,NaN,NaN,NaN,NaN,NaN,NaN,NaN,NaN,NaN,NaN,NaN,NaN,NaN,NaN,NaN,NaN,NaN,NaN,NaN,NaN,NaN,NaN,NaN,NaN,NaN,NaN,NaN,NaN,NaN,NaN,NaN,NaN,NaN,NaN,NaN,NaN,NaN,NaN,NaN,NaN,NaN,NaN,NaN,NaN,NaN,NaN,NaN,NaN,NaN,NaN,NaN,NaN,NaN,NaN,NaN,NaN,NaN,NaN,NaN,NaN,NaN,NaN,NaN,NaN,NaN,NaN,NaN,NaN,NaN,-0.00221961112374114,-0.00259931631080678,-0.00376915384604175,-0.00382512779387688,-0.00350677039692008,-0.0025568056035641,-0.00211105597250361,-0.00237983986699059,-0.00250103181232246,-0.00238778114005601,-0.0022236357680969,-0.00218538598381862,-0.00213042015592317,-0.00218014694663866,NaN,NaN,-0.00138122612335113,-0.00237674843782835,NaN,NaN,NaN,NaN,NaN,NaN,NaN,NaN,NaN,NaN,NaN,NaN,NaN,NaN,NaN,NaN,NaN,NaN,NaN,0.0118061708313646,0.011713532530346,0.0115803705528226,0.0114995426954827,0.00901476165937998,-0.011964518551925,-0.0229754986730697,-0.018751712825118,NaN,NaN,NaN,NaN,NaN,NaN,NaN,NaN,NaN,NaN,NaN,NaN,NaN,NaN,NaN,NaN,NaN,NaN,NaN,NaN,NaN,NaN,NaN,NaN,NaN,NaN,NaN,NaN,NaN,NaN,NaN,NaN,NaN
NaN,NaN,NaN,NaN,NaN,NaN,NaN,NaN,NaN,NaN,NaN,NaN,NaN,NaN,NaN,NaN,NaN,NaN,NaN,NaN,NaN,NaN,NaN,NaN,NaN,NaN,NaN,NaN,NaN,NaN,NaN,NaN,NaN,NaN,NaN,NaN,NaN,NaN,NaN,NaN,NaN,NaN,NaN,NaN,NaN,NaN,NaN,NaN,NaN,NaN,NaN,NaN,NaN,NaN,NaN,NaN,NaN,NaN,NaN,NaN,NaN,NaN,NaN,NaN,NaN,NaN,NaN,NaN,NaN,NaN,NaN,NaN,NaN,NaN,NaN,NaN,NaN,NaN,NaN,NaN,NaN,NaN,NaN,NaN,NaN,NaN,NaN,NaN,NaN,NaN,NaN,NaN,NaN,NaN,NaN,NaN,NaN,NaN,NaN,NaN,NaN,NaN,NaN,NaN,NaN,NaN,NaN,NaN,NaN,NaN,NaN,NaN,NaN,NaN,NaN,NaN,NaN,NaN,NaN,NaN,NaN,NaN,NaN,NaN,NaN,NaN,NaN,NaN,NaN,NaN,NaN,NaN,NaN,NaN,NaN,NaN,NaN,NaN,NaN,NaN,NaN,NaN,NaN,NaN,NaN,NaN,NaN,NaN,NaN,NaN,NaN,NaN,NaN,NaN,NaN,NaN,NaN,NaN,NaN,NaN,NaN,NaN,NaN,NaN,NaN,NaN,-0.00306763631874371,-0.00259993809411124,-0.0029550065490158,-0.00393751754560984,-0.00431148732670115,-0.00408458179297922,NaN,NaN,NaN,-0.00264089764166112,-0.002550186992074,-0.0023882918248691,-0.00227688862014652,NaN,NaN,NaN,NaN,NaN,NaN,NaN,NaN,NaN,NaN,NaN,NaN,NaN,NaN,NaN,NaN,NaN,NaN,NaN,NaN,NaN,NaN,NaN,NaN,0.0120833971901898,0.011995701176933,0.011888891442589,0.0117567557511527,0.0111422268427004,-0.00256737669776262,NaN,NaN,NaN,NaN,NaN,NaN,NaN,NaN,NaN,NaN,NaN,NaN,NaN,NaN,NaN,NaN,NaN,NaN,NaN,NaN,NaN,NaN,NaN,NaN,NaN,NaN,NaN,NaN,NaN,NaN,NaN,NaN,NaN,NaN,NaN,NaN
NaN,NaN,NaN,NaN,NaN,NaN,NaN,NaN,NaN,NaN,NaN,NaN,NaN,NaN,NaN,NaN,NaN,NaN,NaN,NaN,NaN,NaN,NaN,NaN,NaN,NaN,NaN,NaN,NaN,NaN,NaN,NaN,NaN,NaN,NaN,NaN,NaN,NaN,NaN,NaN,NaN,NaN,NaN,NaN,NaN,NaN,NaN,NaN,NaN,NaN,NaN,NaN,NaN,NaN,NaN,NaN,NaN,NaN,NaN,NaN,NaN,NaN,NaN,NaN,NaN,NaN,NaN,NaN,NaN,NaN,NaN,NaN,NaN,NaN,NaN,NaN,NaN,NaN,NaN,NaN,NaN,NaN,NaN,NaN,NaN,NaN,NaN,NaN,NaN,NaN,NaN,NaN,NaN,NaN,NaN,NaN,NaN,NaN,NaN,NaN,NaN,NaN,NaN,NaN,NaN,NaN,NaN,NaN,NaN,NaN,NaN,NaN,NaN,NaN,NaN,NaN,NaN,NaN,NaN,NaN,NaN,NaN,NaN,NaN,NaN,NaN,NaN,NaN,NaN,NaN,NaN,NaN,NaN,NaN,NaN,NaN,NaN,NaN,NaN,NaN,NaN,NaN,NaN,NaN,NaN,NaN,NaN,NaN,NaN,NaN,NaN,NaN,NaN,NaN,NaN,NaN,NaN,NaN,NaN,NaN,NaN,NaN,NaN,NaN,NaN,NaN,-0.00309729100171187,-0.00295074972932804,-0.00357209760361494,-0.00461950325234764,-0.00479421274900591,NaN,NaN,NaN,-0.00223692867305133,-0.00265217100800934,-0.00229674830262971,NaN,NaN,NaN,NaN,NaN,NaN,NaN,NaN,NaN,NaN,NaN,NaN,NaN,NaN,NaN,NaN,NaN,NaN,NaN,NaN,NaN,NaN,NaN,NaN,NaN,NaN,0.0120995048697725,0.0120652094882333,0.0120358871184163,0.0118868874463729,0.00496953207039318,-0.0165916390910301,NaN,NaN,NaN,NaN,NaN,NaN,NaN,NaN,NaN,NaN,NaN,NaN,NaN,NaN,NaN,NaN,NaN,NaN,NaN,NaN,NaN,NaN,NaN,NaN,NaN,NaN,NaN,NaN,NaN,NaN,NaN,NaN,NaN,NaN,NaN,NaN
NaN,NaN,NaN,NaN,NaN,NaN,NaN,NaN,NaN,NaN,NaN,NaN,NaN,NaN,NaN,NaN,NaN,NaN,NaN,NaN,NaN,NaN,NaN,NaN,NaN,NaN,NaN,NaN,NaN,NaN,NaN,NaN,NaN,NaN,NaN,NaN,NaN,NaN,NaN,NaN,NaN,NaN,NaN,NaN,NaN,NaN,NaN,NaN,NaN,NaN,NaN,NaN,NaN,NaN,NaN,NaN,NaN,NaN,NaN,NaN,NaN,NaN,NaN,NaN,NaN,NaN,NaN,NaN,NaN,NaN,NaN,NaN,NaN,NaN,NaN,NaN,NaN,NaN,NaN,NaN,NaN,NaN,NaN,NaN,NaN,NaN,NaN,NaN,NaN,NaN,NaN,NaN,NaN,NaN,NaN,NaN,NaN,NaN,NaN,NaN,NaN,NaN,NaN,NaN,NaN,NaN,NaN,NaN,NaN,NaN,NaN,NaN,NaN,NaN,NaN,NaN,NaN,NaN,NaN,NaN,NaN,NaN,NaN,NaN,NaN,NaN,NaN,NaN,NaN,NaN,NaN,NaN,NaN,NaN,NaN,NaN,NaN,NaN,NaN,NaN,NaN,NaN,NaN,NaN,NaN,NaN,NaN,NaN,NaN,NaN,NaN,NaN,NaN,NaN,NaN,NaN,NaN,NaN,NaN,NaN,NaN,NaN,NaN,NaN,NaN,NaN,-0.0031256091140648,-0.00323119367090056,-0.00406676303396665,-0.00536051700198781,NaN,NaN,-0.00297297961111247,-0.0032185996355934,-0.00264966969414391,NaN,NaN,NaN,NaN,NaN,NaN,NaN,NaN,NaN,NaN,NaN,NaN,NaN,NaN,NaN,NaN,NaN,NaN,NaN,NaN,NaN,NaN,NaN,NaN,NaN,NaN,NaN,0.012198838620928,0.012177764389978,0.0121730230027375,0.0121651360386155,0.012095509627322,0.00779956675087403,-0.0136953169433139,NaN,NaN,NaN,NaN,NaN,NaN,NaN,NaN,NaN,NaN,NaN,NaN,NaN,NaN,NaN,NaN,NaN,NaN,NaN,NaN,NaN,NaN,NaN,NaN,NaN,NaN,NaN,NaN,NaN,NaN,NaN,NaN,NaN,NaN,NaN,NaN
NaN,NaN,NaN,NaN,NaN,NaN,NaN,NaN,NaN,NaN,NaN,NaN,NaN,NaN,NaN,NaN,NaN,NaN,NaN,NaN,NaN,NaN,NaN,NaN,NaN,NaN,NaN,NaN,NaN,NaN,NaN,NaN,NaN,NaN,NaN,NaN,NaN,NaN,NaN,NaN,NaN,NaN,NaN,NaN,NaN,NaN,NaN,NaN,NaN,NaN,NaN,NaN,NaN,NaN,NaN,NaN,NaN,NaN,NaN,NaN,NaN,NaN,NaN,NaN,NaN,NaN,NaN,NaN,NaN,NaN,NaN,NaN,NaN,NaN,NaN,NaN,NaN,NaN,NaN,NaN,NaN,NaN,NaN,NaN,NaN,NaN,NaN,NaN,NaN,NaN,NaN,NaN,NaN,NaN,NaN,NaN,NaN,NaN,NaN,NaN,NaN,NaN,NaN,NaN,NaN,NaN,NaN,NaN,NaN,NaN,NaN,NaN,NaN,NaN,NaN,NaN,NaN,NaN,NaN,NaN,NaN,NaN,NaN,NaN,NaN,NaN,NaN,NaN,NaN,NaN,NaN,NaN,NaN,NaN,NaN,NaN,NaN,NaN,NaN,NaN,NaN,NaN,NaN,NaN,NaN,NaN,NaN,NaN,NaN,NaN,NaN,NaN,0.00765047887135561,0.00713061648221478,0.0062038303150473,0.00478507826454476,0.00260429319490857,-0.000676564791272124,NaN,NaN,NaN,NaN,NaN,NaN,NaN,NaN,-0.00327478666903866,-0.00341281648556918,-0.00400464816558996,-0.00530214253968301,NaN,NaN,-0.00346019640410343,-0.00357427673978669,NaN,NaN,NaN,NaN,NaN,NaN,NaN,NaN,NaN,NaN,NaN,NaN,NaN,NaN,NaN,NaN,NaN,NaN,NaN,NaN,NaN,NaN,NaN,NaN,NaN,NaN,NaN,NaN,0.011115035120853,0.0122358537930655,0.0122733406176437,0.0122899046474476,0.0121376971841103,0.00159234300140476,NaN,NaN,NaN,NaN,NaN,NaN,NaN,NaN,NaN,NaN,NaN,NaN,NaN,NaN,NaN,NaN,NaN,NaN,NaN,NaN,NaN,NaN,NaN,NaN,NaN,NaN,NaN,NaN,NaN,NaN,NaN,NaN,NaN,NaN,NaN,NaN,NaN
NaN,NaN,NaN,NaN,NaN,NaN,NaN,NaN,NaN,NaN,NaN,NaN,NaN,NaN,NaN,NaN,NaN,NaN,NaN,NaN,NaN,NaN,NaN,NaN,NaN,NaN,NaN,NaN,NaN,NaN,NaN,NaN,NaN,NaN,NaN,NaN,NaN,NaN,NaN,NaN,NaN,NaN,NaN,NaN,NaN,NaN,NaN,NaN,NaN,NaN,NaN,NaN,NaN,NaN,NaN,NaN,NaN,NaN,NaN,NaN,NaN,NaN,NaN,NaN,NaN,NaN,NaN,NaN,NaN,NaN,NaN,NaN,NaN,NaN,NaN,NaN,NaN,NaN,NaN,NaN,NaN,NaN,NaN,NaN,NaN,NaN,NaN,NaN,NaN,NaN,NaN,NaN,NaN,NaN,NaN,NaN,NaN,NaN,NaN,NaN,NaN,NaN,NaN,NaN,NaN,NaN,NaN,NaN,NaN,NaN,NaN,NaN,NaN,NaN,NaN,NaN,NaN,NaN,NaN,NaN,NaN,NaN,NaN,NaN,NaN,NaN,NaN,NaN,NaN,NaN,NaN,NaN,NaN,NaN,NaN,NaN,NaN,NaN,NaN,NaN,NaN,NaN,NaN,NaN,NaN,NaN,NaN,NaN,NaN,NaN,NaN,NaN,0.00734992583439483,0.00654136886997354,0.00526653263914903,0.00310941831071658,-0.000517729982017218,-0.0060095242622344,-0.0128470577339222,-0.0165387351810063,-0.0105153395436001,NaN,NaN,NaN,NaN,NaN,-0.00341741951779473,-0.00356587300336703,-0.0036658280085217,-0.00413853137604391,-0.0032023675117987,-0.00354383330467434,-0.00365947808879941,-0.00357255516886063,NaN,NaN,NaN,NaN,NaN,NaN,NaN,NaN,NaN,NaN,NaN,NaN,NaN,NaN,NaN,NaN,NaN,NaN,NaN,NaN,NaN,NaN,NaN,NaN,NaN,NaN,NaN,-0.016164996898883,0.00411830177802372,0.012051830383602,0.012496154059721,0.0122354120156705,0.0115113174806764,NaN,NaN,NaN,NaN,NaN,NaN,NaN,NaN,NaN,NaN,NaN,NaN,NaN,NaN,NaN,NaN,NaN,NaN,NaN,NaN,NaN,NaN,NaN,NaN,NaN,NaN,NaN,NaN,NaN,NaN,NaN,NaN,NaN,NaN,NaN,NaN,NaN,NaN
NaN,NaN,NaN,NaN,NaN,NaN,NaN,NaN,NaN,NaN,NaN,NaN,NaN,NaN,NaN,NaN,NaN,NaN,NaN,NaN,NaN,NaN,NaN,NaN,NaN,NaN,NaN,NaN,NaN,NaN,NaN,NaN,NaN,NaN,NaN,NaN,NaN,NaN,NaN,NaN,NaN,NaN,NaN,NaN,NaN,NaN,NaN,NaN,NaN,NaN,NaN,NaN,NaN,NaN,NaN,NaN,NaN,NaN,NaN,NaN,NaN,NaN,NaN,NaN,NaN,NaN,NaN,NaN,NaN,NaN,NaN,NaN,NaN,NaN,NaN,NaN,NaN,NaN,NaN,NaN,NaN,NaN,NaN,NaN,NaN,NaN,NaN,NaN,NaN,NaN,NaN,NaN,NaN,NaN,NaN,NaN,NaN,NaN,NaN,NaN,NaN,NaN,NaN,NaN,NaN,NaN,NaN,NaN,NaN,NaN,NaN,NaN,NaN,NaN,NaN,NaN,NaN,NaN,NaN,NaN,NaN,NaN,NaN,NaN,NaN,NaN,NaN,NaN,NaN,NaN,NaN,NaN,NaN,NaN,NaN,NaN,NaN,NaN,NaN,NaN,NaN,NaN,NaN,NaN,NaN,NaN,NaN,NaN,NaN,NaN,NaN,NaN,NaN,0.0055974815135666,0.00374112834408912,0.000209846443612985,-0.00522883658898399,-0.0119701362685362,-0.0161470354344078,-0.0105441063917385,-0.0105722811821223,NaN,NaN,-0.00346281097723831,-0.00352425611323811,-0.00367026239284096,-0.00344605196261194,-0.00367575574858514,-0.00359593187970539,-0.0039121625306016,-0.0035229188730624,-0.00387182787061291,-0.0039093053670175,NaN,NaN,NaN,NaN,NaN,NaN,NaN,NaN,NaN,NaN,NaN,NaN,NaN,NaN,NaN,NaN,NaN,NaN,NaN,NaN,NaN,NaN,NaN,NaN,NaN,NaN,-0.0160775586506997,0.00338239180113747,0.00352101944215636,0.00420279929130097,0.0111566112895729,0.0127567921644296,0.0115728967083095,-0.00521848402267301,NaN,NaN,NaN,NaN,NaN,NaN,NaN,NaN,NaN,NaN,NaN,NaN,NaN,NaN,NaN,NaN,NaN,NaN,NaN,NaN,NaN,NaN,NaN,NaN,NaN,NaN,NaN,NaN,NaN,NaN,NaN,NaN,NaN,NaN,NaN,NaN,NaN,NaN
NaN,NaN,NaN,NaN,NaN,NaN,NaN,NaN,NaN,NaN,NaN,NaN,NaN,NaN,NaN,NaN,NaN,NaN,NaN,NaN,NaN,NaN,NaN,NaN,NaN,NaN,NaN,NaN,NaN,NaN,NaN,NaN,NaN,NaN,NaN,NaN,NaN,NaN,NaN,NaN,NaN,NaN,NaN,NaN,NaN,NaN,NaN,NaN,NaN,NaN,NaN,NaN,NaN,NaN,NaN,NaN,NaN,NaN,NaN,NaN,NaN,NaN,NaN,NaN,NaN,NaN,NaN,NaN,NaN,NaN,NaN,NaN,NaN,NaN,NaN,NaN,NaN,NaN,NaN,NaN,NaN,NaN,NaN,NaN,NaN,NaN,NaN,NaN,NaN,NaN,NaN,NaN,NaN,NaN,NaN,NaN,NaN,NaN,NaN,NaN,NaN,NaN,NaN,NaN,NaN,NaN,NaN,NaN,NaN,NaN,NaN,NaN,NaN,NaN,NaN,NaN,NaN,NaN,NaN,NaN,NaN,NaN,NaN,NaN,NaN,NaN,NaN,NaN,NaN,NaN,NaN,NaN,NaN,NaN,NaN,NaN,NaN,NaN,NaN,NaN,NaN,NaN,NaN,NaN,NaN,NaN,NaN,NaN,NaN,NaN,NaN,NaN,NaN,NaN,NaN,NaN,NaN,NaN,-0.0133104342980755,-0.0169532157376515,-0.0112347233030084,-0.0118961667631995,-0.00353362642231402,-0.00348326092228862,-0.00364262761644859,NaN,-0.00381588199105482,-0.00374114720679002,-0.00374307990190446,-0.00405898968618957,-0.00404878055685687,-0.00411843673878109,-0.00424587518559616,NaN,NaN,NaN,NaN,NaN,NaN,NaN,NaN,NaN,NaN,NaN,NaN,NaN,NaN,NaN,NaN,NaN,NaN,NaN,NaN,NaN,NaN,NaN,NaN,NaN,NaN,-0.0191034933520654,-0.016113615933703,-0.0161291713891481,-0.015929624700255,-0.00683782262569835,0.0119032802314706,0.00581612686820517,0.00232118351050915,-0.0105908803967223,NaN,NaN,NaN,NaN,NaN,NaN,NaN,NaN,NaN,NaN,NaN,NaN,NaN,NaN,NaN,NaN,NaN,NaN,NaN,NaN,NaN,NaN,NaN,NaN,NaN,NaN,NaN,NaN,NaN,NaN,NaN,NaN,NaN,NaN,NaN,NaN,NaN
NaN,NaN,NaN,NaN,NaN,NaN,NaN,NaN,NaN,NaN,NaN,NaN,NaN,NaN,NaN,NaN,NaN,NaN,NaN,NaN,NaN,NaN,NaN,NaN,NaN,NaN,NaN,NaN,NaN,NaN,NaN,NaN,NaN,NaN,NaN,NaN,NaN,NaN,NaN,NaN,NaN,NaN,NaN,NaN,NaN,NaN,NaN,NaN,NaN,NaN,NaN,NaN,NaN,NaN,NaN,NaN,NaN,NaN,NaN,NaN,NaN,NaN,NaN,NaN,NaN,NaN,NaN,NaN,NaN,NaN,NaN,NaN,NaN,NaN,NaN,NaN,NaN,NaN,NaN,NaN,NaN,NaN,NaN,NaN,NaN,NaN,NaN,NaN,NaN,NaN,NaN,NaN,NaN,NaN,NaN,NaN,NaN,NaN,NaN,NaN,NaN,NaN,NaN,NaN,NaN,NaN,NaN,NaN,NaN,NaN,NaN,NaN,NaN,NaN,NaN,NaN,NaN,NaN,NaN,NaN,NaN,NaN,NaN,NaN,NaN,NaN,NaN,NaN,NaN,NaN,NaN,NaN,NaN,NaN,NaN,NaN,NaN,NaN,NaN,NaN,NaN,NaN,NaN,NaN,NaN,NaN,NaN,NaN,NaN,NaN,NaN,NaN,NaN,NaN,NaN,NaN,NaN,NaN,NaN,NaN,NaN,-0.00343141204401656,-0.00314099919177337,-0.00331678340737251,NaN,NaN,NaN,-0.00378779868025411,-0.00399682543386303,-0.00416038258066044,-0.00431568256679313,-0.00451699784754947,-0.00463208588202544,NaN,NaN,NaN,NaN,NaN,NaN,NaN,NaN,NaN,NaN,NaN,NaN,NaN,NaN,NaN,NaN,NaN,NaN,NaN,NaN,NaN,NaN,NaN,NaN,NaN,NaN,NaN,NaN,NaN,NaN,NaN,-0.00426063214419439,0.00148825077081816,-0.000418624264062917,-0.00218922921517976,NaN,NaN,NaN,NaN,NaN,NaN,NaN,NaN,NaN,NaN,NaN,NaN,NaN,NaN,NaN,NaN,NaN,NaN,NaN,NaN,NaN,NaN,NaN,NaN,NaN,NaN,NaN,NaN,NaN,NaN,NaN,NaN,NaN,NaN,NaN,NaN,NaN
NaN,NaN,NaN,NaN,NaN,NaN,NaN,NaN,NaN,NaN,NaN,NaN,NaN,NaN,NaN,NaN,NaN,NaN,NaN,NaN,NaN,NaN,NaN,NaN,NaN,NaN,NaN,NaN,NaN,NaN,NaN,NaN,NaN,NaN,NaN,NaN,NaN,NaN,NaN,NaN,NaN,NaN,NaN,NaN,NaN,NaN,NaN,NaN,NaN,NaN,NaN,NaN,NaN,NaN,NaN,NaN,NaN,NaN,NaN,NaN,NaN,NaN,NaN,NaN,NaN,NaN,NaN,NaN,NaN,NaN,NaN,NaN,NaN,NaN,NaN,NaN,NaN,NaN,NaN,NaN,NaN,NaN,NaN,NaN,NaN,NaN,NaN,NaN,NaN,NaN,NaN,NaN,NaN,NaN,NaN,NaN,NaN,NaN,NaN,NaN,NaN,NaN,NaN,NaN,NaN,NaN,NaN,NaN,NaN,NaN,NaN,NaN,NaN,NaN,NaN,NaN,NaN,NaN,NaN,NaN,NaN,NaN,NaN,NaN,NaN,NaN,NaN,NaN,NaN,NaN,NaN,NaN,NaN,NaN,NaN,NaN,NaN,NaN,NaN,NaN,NaN,NaN,NaN,NaN,NaN,NaN,NaN,NaN,NaN,NaN,NaN,NaN,NaN,NaN,NaN,NaN,NaN,NaN,NaN,NaN,NaN,-0.00615576915405429,-0.00330911531665601,-0.00363333944208781,-0.00492945204005316,-0.0045575674211615,NaN,-0.0040287662453641,-0.00420345507406072,-0.00429867607485261,-0.00446836536493469,-0.00469158000920973,-0.00461750487147142,NaN,NaN,NaN,NaN,NaN,NaN,NaN,NaN,NaN,NaN,NaN,NaN,NaN,NaN,NaN,NaN,NaN,NaN,NaN,NaN,NaN,NaN,NaN,NaN,NaN,NaN,NaN,NaN,NaN,NaN,NaN,-0.00114012925514326,-0.00076181809124386,-0.00181904405556358,-0.00247739418052328,NaN,NaN,NaN,NaN,NaN,NaN,NaN,NaN,NaN,NaN,NaN,NaN,NaN,NaN,NaN,NaN,NaN,NaN,NaN,NaN,NaN,NaN,NaN,NaN,NaN,NaN,NaN,NaN,NaN,NaN,NaN,NaN,NaN,NaN,NaN,NaN,NaN
NaN,NaN,NaN,NaN,NaN,NaN,NaN,NaN,NaN,NaN,NaN,NaN,NaN,NaN,NaN,NaN,NaN,NaN,NaN,NaN,NaN,NaN,NaN,NaN,NaN,NaN,NaN,NaN,NaN,NaN,NaN,NaN,NaN,NaN,NaN,NaN,NaN,NaN,NaN,NaN,NaN,NaN,NaN,NaN,NaN,NaN,NaN,NaN,NaN,NaN,NaN,NaN,NaN,NaN,NaN,NaN,NaN,NaN,NaN,NaN,NaN,NaN,NaN,NaN,NaN,NaN,NaN,NaN,NaN,NaN,NaN,NaN,NaN,NaN,NaN,NaN,NaN,NaN,NaN,NaN,NaN,NaN,NaN,NaN,NaN,NaN,NaN,NaN,NaN,NaN,NaN,NaN,NaN,NaN,NaN,NaN,NaN,NaN,NaN,NaN,NaN,NaN,NaN,NaN,NaN,NaN,NaN,NaN,NaN,NaN,NaN,NaN,NaN,NaN,NaN,NaN,NaN,NaN,NaN,NaN,NaN,NaN,NaN,NaN,NaN,NaN,NaN,NaN,NaN,NaN,NaN,NaN,NaN,NaN,NaN,NaN,NaN,NaN,NaN,NaN,NaN,NaN,NaN,NaN,NaN,NaN,NaN,NaN,NaN,NaN,NaN,NaN,NaN,NaN,NaN,NaN,NaN,NaN,NaN,NaN,NaN,NaN,NaN,NaN,-0.00496254540902931,-0.00481483712063293,NaN,-0.00426350496700045,-0.00443053271435169,-0.00453257794524869,-0.00472596847971956,-0.00469398913471958,-0.00456896905486597,NaN,NaN,NaN,NaN,NaN,NaN,NaN,NaN,NaN,NaN,NaN,NaN,NaN,NaN,NaN,NaN,NaN,NaN,NaN,NaN,NaN,NaN,NaN,NaN,NaN,NaN,NaN,NaN,NaN,NaN,NaN,-0.00952246710159686,-0.00128523087785326,-0.00259033791371488,-0.00259980029501164,-0.00320995144171472,-0.00765710494494305,NaN,NaN,NaN,NaN,NaN,NaN,NaN,NaN,NaN,NaN,NaN,NaN,NaN,NaN,NaN,NaN,NaN,NaN,NaN,NaN,NaN,NaN,NaN,NaN,NaN,NaN,NaN,NaN,NaN,NaN,NaN,NaN,NaN,NaN,NaN
NaN,NaN,NaN,NaN,NaN,NaN,NaN,NaN,NaN,NaN,NaN,NaN,NaN,NaN,NaN,NaN,NaN,NaN,NaN,NaN,NaN,NaN,NaN,NaN,NaN,NaN,NaN,NaN,NaN,NaN,NaN,NaN,NaN,NaN,NaN,NaN,NaN,NaN,NaN,NaN,NaN,NaN,NaN,NaN,NaN,NaN,NaN,NaN,NaN,NaN,NaN,NaN,NaN,NaN,NaN,NaN,NaN,NaN,NaN,NaN,NaN,NaN,NaN,NaN,NaN,NaN,NaN,NaN,NaN,NaN,NaN,NaN,NaN,NaN,NaN,NaN,NaN,NaN,NaN,NaN,NaN,NaN,NaN,NaN,NaN,NaN,NaN,NaN,NaN,NaN,NaN,NaN,NaN,NaN,NaN,NaN,NaN,NaN,NaN,NaN,NaN,NaN,NaN,NaN,NaN,NaN,NaN,NaN,NaN,NaN,NaN,NaN,NaN,NaN,NaN,NaN,NaN,NaN,NaN,NaN,NaN,NaN,NaN,NaN,NaN,NaN,NaN,NaN,NaN,NaN,NaN,NaN,NaN,NaN,NaN,NaN,NaN,NaN,NaN,NaN,NaN,NaN,NaN,NaN,NaN,NaN,NaN,NaN,NaN,NaN,NaN,NaN,NaN,NaN,NaN,NaN,NaN,NaN,NaN,NaN,NaN,NaN,NaN,NaN,-0.00491911691847292,-0.0049364012217515,-0.00484746739270695,-0.00466847628321783,-0.00473396927595124,-0.00482905649582086,-0.0048967592041175,-0.00476985363244601,-0.00457748337064606,NaN,NaN,NaN,NaN,NaN,NaN,NaN,NaN,NaN,NaN,NaN,NaN,NaN,NaN,NaN,NaN,NaN,NaN,NaN,NaN,NaN,NaN,NaN,NaN,NaN,NaN,NaN,NaN,NaN,NaN,NaN,NaN,-0.00603331420278836,-0.00392007496278379,-0.00505872368751347,-0.00656162896639956,-0.00226475359980094,NaN,NaN,NaN,NaN,NaN,NaN,NaN,NaN,NaN,NaN,NaN,NaN,NaN,NaN,NaN,NaN,NaN,NaN,NaN,NaN,NaN,NaN,NaN,NaN,NaN,NaN,NaN,NaN,NaN,NaN,NaN,NaN,NaN,NaN,NaN
NaN,NaN,NaN,NaN,NaN,NaN,NaN,NaN,NaN,NaN,NaN,NaN,NaN,NaN,NaN,NaN,NaN,NaN,NaN,NaN,NaN,NaN,NaN,NaN,NaN,NaN,NaN,NaN,NaN,NaN,NaN,NaN,NaN,NaN,NaN,NaN,NaN,NaN,NaN,NaN,NaN,NaN,NaN,NaN,NaN,NaN,NaN,NaN,NaN,NaN,NaN,NaN,NaN,NaN,NaN,NaN,NaN,NaN,NaN,NaN,NaN,NaN,NaN,NaN,NaN,NaN,NaN,NaN,NaN,NaN,NaN,NaN,NaN,NaN,NaN,NaN,NaN,NaN,NaN,NaN,NaN,NaN,NaN,NaN,NaN,NaN,NaN,NaN,NaN,NaN,NaN,NaN,NaN,NaN,NaN,NaN,NaN,NaN,NaN,NaN,NaN,NaN,NaN,NaN,NaN,NaN,NaN,NaN,NaN,NaN,NaN,NaN,NaN,NaN,NaN,NaN,NaN,NaN,NaN,NaN,NaN,NaN,NaN,NaN,NaN,NaN,NaN,NaN,NaN,NaN,NaN,NaN,NaN,NaN,NaN,NaN,NaN,NaN,NaN,NaN,NaN,NaN,NaN,NaN,NaN,NaN,NaN,NaN,NaN,NaN,NaN,NaN,NaN,NaN,NaN,NaN,NaN,NaN,NaN,NaN,NaN,-1.96577549378303e-18,NaN,NaN,-0.00495908498464708,-0.00487511854434539,-0.00491912637866962,-0.00486937670521126,-0.00510719720035209,-0.00520193377814176,-0.00520748755215727,-0.00515799273785713,NaN,NaN,NaN,NaN,NaN,NaN,NaN,NaN,NaN,NaN,NaN,NaN,NaN,NaN,NaN,NaN,NaN,NaN,NaN,NaN,NaN,NaN,NaN,NaN,NaN,NaN,NaN,NaN,NaN,NaN,NaN,NaN,NaN,-0.0022826058197616,-0.00123613385503803,-0.00606049455320851,-0.00744755841173184,-0.00839618433657308,NaN,NaN,NaN,NaN,NaN,NaN,NaN,NaN,NaN,NaN,NaN,NaN,NaN,NaN,NaN,NaN,NaN,NaN,NaN,NaN,NaN,NaN,NaN,NaN,NaN,NaN,NaN,NaN,NaN,NaN,NaN,NaN,NaN,NaN,NaN
NaN,NaN,NaN,NaN,NaN,NaN,NaN,NaN,NaN,NaN,NaN,NaN,NaN,NaN,NaN,NaN,NaN,NaN,NaN,NaN,NaN,NaN,NaN,NaN,NaN,NaN,NaN,NaN,NaN,NaN,NaN,NaN,NaN,NaN,NaN,NaN,NaN,NaN,NaN,NaN,NaN,NaN,NaN,NaN,NaN,NaN,NaN,NaN,NaN,NaN,NaN,NaN,NaN,NaN,NaN,NaN,NaN,NaN,NaN,NaN,NaN,NaN,NaN,NaN,NaN,NaN,NaN,NaN,NaN,NaN,NaN,NaN,NaN,NaN,NaN,NaN,NaN,NaN,NaN,NaN,NaN,NaN,NaN,NaN,NaN,NaN,NaN,NaN,NaN,NaN,NaN,NaN,NaN,NaN,NaN,NaN,NaN,NaN,NaN,NaN,NaN,NaN,NaN,NaN,NaN,NaN,NaN,NaN,NaN,NaN,NaN,NaN,NaN,NaN,NaN,NaN,NaN,NaN,NaN,NaN,NaN,NaN,NaN,NaN,NaN,NaN,NaN,NaN,NaN,NaN,NaN,NaN,NaN,NaN,NaN,NaN,NaN,NaN,NaN,NaN,NaN,NaN,NaN,NaN,NaN,NaN,NaN,NaN,NaN,NaN,NaN,NaN,NaN,NaN,NaN,NaN,NaN,NaN,NaN,NaN,NaN,NaN,NaN,-0.00509965930412772,-0.0051013238237096,NaN,-0.00520530694775374,-0.00513964727271818,-0.00544325327517413,-0.00555128755503189,-0.00559445960958037,-0.00551627158211797,NaN,NaN,NaN,NaN,NaN,NaN,NaN,NaN,NaN,NaN,NaN,NaN,NaN,NaN,NaN,NaN,NaN,NaN,NaN,NaN,NaN,NaN,NaN,NaN,NaN,NaN,NaN,NaN,NaN,NaN,NaN,NaN,NaN,NaN,-0.00410770626698021,-0.00235143854286658,-0.00801716628578552,-0.00847279047625574,-0.000796092087459047,-0.000378263710006778,NaN,NaN,NaN,NaN,NaN,NaN,NaN,NaN,NaN,NaN,NaN,NaN,NaN,NaN,NaN,NaN,NaN,NaN,NaN,NaN,NaN,NaN,NaN,NaN,NaN,NaN,NaN,NaN,NaN,NaN,NaN,NaN,NaN
NaN,NaN,NaN,NaN,NaN,NaN,NaN,NaN,NaN,NaN,NaN,NaN,NaN,NaN,NaN,NaN,NaN,NaN,NaN,NaN,NaN,NaN,NaN,NaN,NaN,NaN,NaN,NaN,NaN,NaN,NaN,NaN,NaN,NaN,NaN,NaN,NaN,NaN,NaN,NaN,NaN,NaN,NaN,NaN,NaN,NaN,NaN,NaN,NaN,NaN,NaN,NaN,NaN,NaN,NaN,NaN,NaN,NaN,NaN,NaN,NaN,NaN,NaN,NaN,NaN,NaN,NaN,NaN,NaN,NaN,NaN,NaN,NaN,NaN,NaN,NaN,NaN,NaN,NaN,NaN,NaN,NaN,NaN,NaN,NaN,NaN,NaN,NaN,NaN,NaN,NaN,NaN,NaN,NaN,NaN,NaN,NaN,NaN,NaN,NaN,NaN,NaN,NaN,NaN,NaN,NaN,NaN,NaN,NaN,NaN,NaN,NaN,NaN,NaN,NaN,NaN,NaN,NaN,NaN,NaN,NaN,NaN,NaN,NaN,NaN,NaN,NaN,NaN,NaN,NaN,NaN,NaN,NaN,NaN,NaN,NaN,NaN,NaN,NaN,NaN,NaN,NaN,NaN,NaN,NaN,NaN,NaN,NaN,NaN,NaN,NaN,NaN,NaN,NaN,NaN,NaN,NaN,NaN,NaN,NaN,NaN,NaN,NaN,-0.0051308461566971,-0.0050359616771536,-0.00500185402014565,-0.00505083152637521,-0.00538613542604376,-0.00584469932131327,-0.00586864023284124,-0.00583936816171675,-0.00579515382365871,-0.0056745786410922,NaN,NaN,NaN,NaN,NaN,NaN,NaN,NaN,NaN,NaN,NaN,NaN,NaN,NaN,NaN,NaN,NaN,NaN,NaN,NaN,NaN,NaN,NaN,NaN,NaN,NaN,NaN,NaN,NaN,NaN,NaN,NaN,NaN,-0.00138132403706348,-0.0013991647088693,-0.00938861121014984,-0.00964329279702686,-5.03490156098518e-05,0.000113537027739502,NaN,NaN,NaN,NaN,NaN,NaN,NaN,NaN,NaN,NaN,NaN,NaN,NaN,NaN,NaN,NaN,NaN,NaN,NaN,NaN,NaN,NaN,NaN,NaN,NaN,NaN,NaN,NaN,NaN,NaN,NaN,NaN,NaN
NaN,NaN,NaN,NaN,NaN,NaN,NaN,NaN,NaN,NaN,NaN,NaN,NaN,NaN,NaN,NaN,NaN,NaN,NaN,NaN,NaN,NaN,NaN,NaN,NaN,NaN,NaN,NaN,NaN,NaN,NaN,NaN,NaN,NaN,NaN,NaN,NaN,NaN,NaN,NaN,NaN,NaN,NaN,NaN,NaN,NaN,NaN,NaN,NaN,NaN,NaN,NaN,NaN,NaN,NaN,NaN,NaN,NaN,NaN,NaN,NaN,NaN,NaN,NaN,NaN,NaN,NaN,NaN,NaN,NaN,NaN,NaN,NaN,NaN,NaN,NaN,NaN,NaN,NaN,NaN,NaN,NaN,NaN,NaN,NaN,NaN,NaN,NaN,NaN,NaN,NaN,NaN,NaN,NaN,NaN,NaN,NaN,NaN,NaN,NaN,NaN,NaN,NaN,NaN,NaN,NaN,NaN,NaN,NaN,NaN,NaN,NaN,NaN,NaN,NaN,NaN,NaN,NaN,NaN,NaN,NaN,NaN,NaN,NaN,NaN,NaN,NaN,NaN,NaN,NaN,NaN,NaN,NaN,NaN,NaN,NaN,NaN,NaN,NaN,NaN,NaN,NaN,NaN,NaN,NaN,NaN,NaN,NaN,NaN,NaN,NaN,NaN,NaN,NaN,NaN,NaN,NaN,NaN,NaN,NaN,NaN,NaN,NaN,NaN,-0.00503853108222093,-0.00491839465979347,NaN,NaN,-0.00635912422409723,-0.00623080303077327,-0.00609487261303503,-0.00605839948449009,-0.0063076966932124,-0.00658475898032867,-0.00649046081288301,NaN,NaN,NaN,NaN,NaN,NaN,NaN,NaN,NaN,NaN,NaN,NaN,NaN,NaN,NaN,NaN,NaN,NaN,NaN,NaN,NaN,NaN,NaN,NaN,NaN,NaN,NaN,NaN,NaN,NaN,-0.000625276417917498,-0.0114982791515466,-0.0113302980514237,-0.0104576631517692,-0.0108020339637215,-0.0116773618677909,-0.0118574275969127,NaN,NaN,NaN,NaN,NaN,NaN,NaN,NaN,NaN,NaN,NaN,NaN,NaN,NaN,NaN,NaN,NaN,NaN,NaN,NaN,NaN,NaN,NaN,NaN,NaN,NaN,NaN,NaN,NaN,NaN,NaN,NaN,NaN
NaN,NaN,NaN,NaN,NaN,NaN,NaN,NaN,NaN,NaN,NaN,NaN,NaN,NaN,NaN,NaN,NaN,NaN,NaN,NaN,NaN,NaN,NaN,NaN,NaN,NaN,NaN,NaN,NaN,NaN,NaN,NaN,NaN,NaN,NaN,NaN,NaN,NaN,NaN,NaN,NaN,NaN,NaN,NaN,NaN,NaN,NaN,NaN,NaN,NaN,NaN,NaN,NaN,NaN,NaN,NaN,NaN,NaN,NaN,NaN,NaN,NaN,NaN,NaN,NaN,NaN,NaN,NaN,NaN,NaN,NaN,NaN,NaN,NaN,NaN,NaN,NaN,NaN,NaN,NaN,NaN,NaN,NaN,NaN,NaN,NaN,NaN,NaN,NaN,NaN,NaN,NaN,NaN,NaN,NaN,NaN,NaN,NaN,NaN,NaN,NaN,NaN,NaN,NaN,NaN,NaN,NaN,NaN,NaN,NaN,NaN,NaN,NaN,NaN,NaN,NaN,NaN,NaN,NaN,NaN,NaN,NaN,NaN,NaN,NaN,NaN,NaN,NaN,NaN,NaN,NaN,NaN,NaN,NaN,NaN,NaN,NaN,NaN,NaN,NaN,NaN,NaN,NaN,NaN,NaN,NaN,NaN,NaN,NaN,NaN,NaN,NaN,NaN,NaN,NaN,NaN,NaN,NaN,NaN,NaN,NaN,NaN,NaN,NaN,NaN,NaN,NaN,NaN,-0.00652388159506005,-0.00653536084491662,-0.00644049791497085,-0.00640925090973479,-0.00662993737715964,-0.00671349887663859,-0.00650247597353082,NaN,NaN,NaN,NaN,NaN,NaN,NaN,NaN,NaN,NaN,NaN,NaN,NaN,NaN,NaN,NaN,NaN,NaN,NaN,NaN,NaN,NaN,NaN,NaN,NaN,NaN,NaN,NaN,NaN,NaN,-0.000598802109185791,-0.0113920611916293,-0.011253252310688,-0.000999230512212956,-0.00579404512805469,-0.0118102710991169,-0.0118660958553823,NaN,NaN,NaN,NaN,NaN,NaN,NaN,NaN,NaN,NaN,NaN,NaN,NaN,NaN,NaN,NaN,NaN,NaN,NaN,NaN,NaN,NaN,NaN,NaN,NaN,NaN,NaN,NaN,NaN,NaN,NaN,NaN,NaN
NaN,NaN,NaN,NaN,NaN,NaN,NaN,NaN,NaN,NaN,NaN,NaN,NaN,NaN,NaN,NaN,NaN,NaN,NaN,NaN,NaN,NaN,NaN,NaN,NaN,NaN,NaN,NaN,NaN,NaN,NaN,NaN,NaN,NaN,NaN,NaN,NaN,NaN,NaN,NaN,NaN,NaN,NaN,NaN,NaN,NaN,NaN,NaN,NaN,NaN,NaN,NaN,NaN,NaN,NaN,NaN,NaN,NaN,NaN,NaN,NaN,NaN,NaN,NaN,NaN,NaN,NaN,NaN,NaN,NaN,NaN,NaN,NaN,NaN,NaN,NaN,NaN,-0.0140984431505325,-0.00960522611792572,-0.0136057117158087,NaN,NaN,NaN,NaN,NaN,NaN,NaN,NaN,NaN,NaN,NaN,NaN,NaN,NaN,NaN,NaN,NaN,NaN,NaN,NaN,NaN,NaN,NaN,NaN,NaN,NaN,NaN,NaN,NaN,NaN,NaN,NaN,NaN,NaN,NaN,NaN,NaN,NaN,NaN,NaN,NaN,NaN,NaN,NaN,NaN,NaN,NaN,NaN,NaN,NaN,NaN,NaN,NaN,NaN,NaN,NaN,NaN,NaN,NaN,NaN,NaN,NaN,NaN,NaN,NaN,NaN,NaN,NaN,NaN,NaN,NaN,NaN,NaN,NaN,NaN,NaN,NaN,NaN,NaN,NaN,NaN,NaN,NaN,NaN,NaN,NaN,NaN,NaN,-0.00678823339435847,-0.00695171422569334,-0.00676580933276686,-0.00666722089174997,-0.0068239577700913,-0.00690055383622891,NaN,NaN,NaN,NaN,NaN,NaN,NaN,NaN,NaN,NaN,NaN,NaN,NaN,NaN,NaN,NaN,NaN,NaN,NaN,NaN,NaN,NaN,NaN,NaN,NaN,NaN,NaN,NaN,NaN,NaN,NaN,-0.00403295265356174,-0.000511807930608843,-0.00056560555036233,NaN,-8.5518968841847e-05,-0.0112044658353997,-0.0117347997832511,NaN,NaN,NaN,NaN,NaN,NaN,NaN,NaN,NaN,NaN,NaN,NaN,NaN,NaN,NaN,NaN,NaN,NaN,NaN,NaN,NaN,NaN,NaN,NaN,NaN,NaN,NaN,NaN,NaN,NaN,NaN,NaN,NaN
NaN,NaN,NaN,NaN,NaN,NaN,NaN,NaN,NaN,NaN,NaN,NaN,NaN,NaN,NaN,NaN,NaN,NaN,NaN,NaN,NaN,NaN,NaN,NaN,NaN,NaN,NaN,NaN,NaN,NaN,NaN,NaN,NaN,NaN,NaN,NaN,NaN,NaN,NaN,NaN,NaN,NaN,NaN,NaN,NaN,NaN,NaN,NaN,NaN,NaN,NaN,NaN,NaN,NaN,NaN,NaN,NaN,NaN,NaN,NaN,NaN,NaN,NaN,NaN,NaN,NaN,NaN,NaN,NaN,NaN,NaN,NaN,NaN,NaN,NaN,NaN,-0.0140057837091519,-0.00966317228639931,-0.0096401655525822,-0.00960667320586307,NaN,NaN,NaN,NaN,NaN,NaN,NaN,NaN,NaN,NaN,NaN,NaN,NaN,NaN,NaN,NaN,NaN,NaN,NaN,NaN,NaN,NaN,NaN,NaN,NaN,NaN,NaN,NaN,NaN,NaN,NaN,NaN,NaN,NaN,NaN,NaN,NaN,NaN,NaN,NaN,NaN,NaN,NaN,NaN,NaN,NaN,NaN,NaN,NaN,NaN,NaN,NaN,NaN,NaN,NaN,NaN,NaN,NaN,NaN,NaN,NaN,NaN,NaN,NaN,NaN,NaN,NaN,NaN,NaN,NaN,NaN,NaN,NaN,NaN,NaN,NaN,NaN,NaN,NaN,NaN,NaN,NaN,NaN,NaN,NaN,NaN,NaN,NaN,NaN,-0.00763696149588034,-0.00716763969122641,-0.00695755580278399,-0.00685364562796969,-0.00685651912951396,NaN,NaN,NaN,NaN,NaN,NaN,NaN,NaN,NaN,NaN,NaN,NaN,NaN,NaN,NaN,NaN,NaN,NaN,NaN,NaN,NaN,NaN,NaN,NaN,NaN,NaN,NaN,NaN,NaN,NaN,NaN,NaN,-0.00369399458658542,-0.00384157292852849,NaN,8.6420130137961e-05,-0.0110470609344193,2.51630650584081e-05,NaN,NaN,NaN,NaN,NaN,NaN,NaN,NaN,NaN,NaN,NaN,NaN,NaN,NaN,NaN,NaN,NaN,NaN,NaN,NaN,NaN,NaN,NaN,NaN,NaN,NaN,NaN,NaN,NaN,NaN,NaN,NaN,NaN
NaN,NaN,NaN,NaN,NaN,NaN,NaN,NaN,NaN,NaN,NaN,NaN,NaN,NaN,NaN,NaN,NaN,NaN,NaN,NaN,NaN,NaN,NaN,NaN,NaN,NaN,NaN,NaN,NaN,NaN,NaN,NaN,NaN,NaN,NaN,NaN,NaN,NaN,NaN,NaN,NaN,NaN,NaN,NaN,NaN,NaN,NaN,NaN,NaN,NaN,NaN,NaN,NaN,NaN,NaN,NaN,NaN,NaN,NaN,NaN,NaN,NaN,NaN,NaN,NaN,NaN,NaN,NaN,NaN,NaN,NaN,NaN,NaN,NaN,NaN,-0.0140011946264428,-0.0097258982094339,-0.0097137354602406,-0.00964713994632405,NaN,NaN,NaN,NaN,NaN,NaN,NaN,-0.0109369156185113,-0.0124304280720995,NaN,NaN,NaN,NaN,NaN,NaN,NaN,NaN,NaN,NaN,NaN,NaN,NaN,NaN,NaN,NaN,NaN,NaN,NaN,NaN,NaN,NaN,NaN,NaN,NaN,NaN,NaN,NaN,NaN,NaN,NaN,NaN,NaN,NaN,NaN,NaN,NaN,NaN,NaN,NaN,NaN,NaN,NaN,NaN,NaN,NaN,NaN,NaN,NaN,NaN,NaN,NaN,NaN,NaN,NaN,NaN,NaN,NaN,NaN,NaN,NaN,NaN,NaN,NaN,NaN,NaN,NaN,NaN,NaN,NaN,NaN,NaN,NaN,NaN,NaN,NaN,NaN,NaN,NaN,NaN,NaN,-0.00794926602748261,-0.00761176832885261,-0.00737059434217397,NaN,NaN,NaN,NaN,NaN,NaN,NaN,NaN,NaN,NaN,NaN,NaN,NaN,NaN,NaN,NaN,NaN,NaN,NaN,NaN,NaN,NaN,NaN,NaN,NaN,NaN,NaN,NaN,NaN,NaN,NaN,NaN,NaN,0.00830913950012237,0.00132226631579263,NaN,NaN,NaN,0.000588006120507821,-0.000249122635961398,-0.000508655897789418,NaN,NaN,NaN,NaN,NaN,NaN,NaN,NaN,NaN,NaN,NaN,NaN,NaN,NaN,NaN,NaN,NaN,NaN,NaN,NaN,NaN,NaN,NaN,NaN,NaN,NaN,NaN,NaN,NaN,NaN,NaN,NaN
NaN,NaN,NaN,NaN,NaN,NaN,NaN,NaN,NaN,NaN,NaN,NaN,NaN,NaN,NaN,NaN,NaN,NaN,NaN,NaN,NaN,NaN,NaN,NaN,NaN,NaN,NaN,NaN,NaN,NaN,NaN,NaN,NaN,NaN,NaN,NaN,NaN,NaN,NaN,NaN,NaN,NaN,NaN,NaN,NaN,NaN,NaN,NaN,NaN,NaN,NaN,NaN,NaN,NaN,NaN,NaN,NaN,NaN,NaN,NaN,NaN,NaN,NaN,NaN,NaN,NaN,NaN,NaN,NaN,NaN,NaN,NaN,NaN,NaN,NaN,-0.0100389369021398,-0.00977442117356084,-0.00973624541436511,-0.00971451961867422,NaN,NaN,NaN,NaN,NaN,NaN,NaN,-0.0124321012369622,-0.0124464666817953,-0.0124671666155945,-0.0109232837032879,NaN,NaN,NaN,NaN,NaN,NaN,NaN,NaN,NaN,NaN,NaN,NaN,NaN,NaN,NaN,NaN,NaN,NaN,NaN,NaN,NaN,NaN,NaN,NaN,NaN,NaN,NaN,NaN,NaN,NaN,NaN,NaN,NaN,NaN,NaN,NaN,NaN,NaN,NaN,NaN,NaN,NaN,NaN,NaN,NaN,NaN,NaN,NaN,NaN,NaN,NaN,NaN,NaN,NaN,NaN,NaN,NaN,NaN,NaN,NaN,NaN,NaN,NaN,NaN,NaN,NaN,NaN,NaN,NaN,NaN,NaN,NaN,NaN,NaN,NaN,NaN,NaN,NaN,NaN,-0.00839432952486508,-0.00788322297191935,-0.0074517721422571,NaN,NaN,NaN,NaN,NaN,NaN,NaN,NaN,NaN,NaN,NaN,NaN,NaN,NaN,NaN,NaN,NaN,NaN,NaN,NaN,NaN,NaN,NaN,NaN,NaN,NaN,NaN,NaN,NaN,NaN,NaN,NaN,NaN,0.0134554279127211,0.00825327023510637,NaN,NaN,NaN,0.000638336135327521,-0.000179279913402358,0.000702612744861528,NaN,NaN,NaN,NaN,NaN,NaN,NaN,NaN,NaN,NaN,NaN,NaN,NaN,NaN,NaN,NaN,NaN,NaN,NaN,NaN,NaN,NaN,NaN,NaN,NaN,NaN,NaN,NaN,NaN,NaN,NaN,NaN
NaN,NaN,NaN,NaN,NaN,NaN,NaN,NaN,NaN,NaN,NaN,NaN,NaN,NaN,NaN,NaN,NaN,NaN,NaN,NaN,NaN,NaN,NaN,NaN,NaN,NaN,NaN,NaN,NaN,NaN,NaN,NaN,NaN,NaN,NaN,NaN,NaN,NaN,NaN,NaN,NaN,NaN,NaN,NaN,NaN,NaN,NaN,NaN,NaN,NaN,NaN,NaN,NaN,NaN,NaN,NaN,NaN,NaN,NaN,NaN,NaN,NaN,NaN,NaN,NaN,NaN,NaN,NaN,NaN,NaN,NaN,NaN,NaN,NaN,-0.0111291806535204,-0.0105426618003546,-0.00998164952350323,-0.00974533789221292,-0.00969180250176137,NaN,NaN,NaN,NaN,NaN,NaN,-0.0124037737930549,-0.012429545143762,-0.0124654540340559,-0.0125426115597399,-0.0126412801750794,NaN,NaN,NaN,NaN,NaN,NaN,NaN,NaN,NaN,NaN,NaN,NaN,NaN,NaN,NaN,NaN,NaN,NaN,NaN,NaN,NaN,NaN,NaN,NaN,NaN,NaN,NaN,NaN,NaN,NaN,NaN,NaN,NaN,NaN,NaN,NaN,NaN,NaN,NaN,NaN,NaN,NaN,NaN,NaN,NaN,NaN,NaN,NaN,NaN,NaN,NaN,NaN,NaN,NaN,NaN,NaN,NaN,NaN,NaN,NaN,NaN,NaN,NaN,NaN,NaN,NaN,NaN,NaN,NaN,NaN,NaN,NaN,NaN,NaN,NaN,NaN,NaN,NaN,NaN,-0.00922328553929564,-0.00819012554281136,-0.0075029683964863,NaN,NaN,NaN,NaN,NaN,NaN,NaN,NaN,NaN,NaN,NaN,NaN,NaN,NaN,NaN,NaN,NaN,NaN,NaN,NaN,NaN,NaN,NaN,NaN,NaN,NaN,NaN,NaN,NaN,NaN,NaN,NaN,NaN,NaN,NaN,NaN,NaN,NaN,-0.00274614101951771,0.00116549535133284,-0.00272899847291287,NaN,NaN,NaN,NaN,NaN,NaN,NaN,NaN,NaN,NaN,NaN,NaN,NaN,NaN,NaN,NaN,NaN,NaN,NaN,NaN,NaN,NaN,NaN,NaN,NaN,NaN,NaN,NaN,NaN,NaN,NaN,NaN
NaN,NaN,NaN,NaN,NaN,NaN,NaN,NaN,NaN,NaN,NaN,NaN,NaN,NaN,NaN,NaN,NaN,NaN,NaN,NaN,NaN,NaN,NaN,NaN,NaN,NaN,NaN,NaN,NaN,NaN,NaN,NaN,NaN,NaN,NaN,NaN,NaN,NaN,NaN,NaN,NaN,NaN,NaN,NaN,NaN,NaN,NaN,NaN,NaN,NaN,NaN,NaN,NaN,NaN,NaN,NaN,NaN,NaN,NaN,NaN,NaN,NaN,NaN,NaN,NaN,NaN,NaN,NaN,NaN,NaN,NaN,NaN,NaN,-0.0119467758394524,-0.00991476735639609,-0.0111435132189014,-0.0142428349504722,-0.00987776536951421,-0.0139639828921273,NaN,NaN,-0.0155786264835659,-0.0167842337129857,-0.0162894318238292,NaN,-0.0135059842319096,-0.0124123659270085,-0.012490470167285,-0.0126490361464374,-0.0127922313247788,-0.0129291055162053,NaN,NaN,NaN,NaN,NaN,NaN,NaN,NaN,NaN,NaN,NaN,NaN,NaN,NaN,NaN,NaN,NaN,NaN,NaN,NaN,NaN,NaN,NaN,NaN,NaN,NaN,NaN,NaN,NaN,NaN,NaN,NaN,NaN,NaN,NaN,NaN,NaN,NaN,NaN,NaN,NaN,NaN,NaN,NaN,NaN,NaN,NaN,NaN,NaN,NaN,NaN,NaN,NaN,NaN,NaN,NaN,NaN,NaN,NaN,NaN,NaN,NaN,NaN,NaN,NaN,NaN,NaN,NaN,NaN,NaN,NaN,NaN,NaN,NaN,NaN,NaN,NaN,-0.0092408238413817,-0.00908014125408252,-0.00828040865677201,-0.00771820403099639,NaN,NaN,NaN,NaN,NaN,NaN,NaN,NaN,NaN,NaN,NaN,NaN,NaN,NaN,NaN,NaN,NaN,NaN,NaN,NaN,NaN,NaN,NaN,NaN,NaN,NaN,NaN,NaN,NaN,NaN,NaN,NaN,NaN,NaN,NaN,NaN,NaN,NaN,NaN,NaN,NaN,NaN,NaN,NaN,NaN,NaN,NaN,NaN,NaN,NaN,NaN,NaN,NaN,NaN,NaN,NaN,NaN,NaN,NaN,NaN,NaN,NaN,NaN,NaN,NaN,NaN,NaN,NaN,NaN,NaN,NaN,NaN,NaN
NaN,NaN,NaN,NaN,NaN,NaN,NaN,NaN,NaN,NaN,NaN,NaN,NaN,NaN,NaN,NaN,NaN,NaN,NaN,NaN,NaN,NaN,NaN,NaN,NaN,NaN,NaN,NaN,NaN,NaN,NaN,NaN,NaN,NaN,NaN,NaN,NaN,NaN,NaN,NaN,NaN,NaN,NaN,NaN,NaN,NaN,NaN,NaN,NaN,NaN,NaN,NaN,NaN,NaN,NaN,NaN,NaN,NaN,NaN,NaN,NaN,NaN,NaN,NaN,NaN,NaN,NaN,NaN,NaN,NaN,NaN,NaN,NaN,-0.0111385690319209,-0.0104777354611755,-0.0144526533674477,-0.0101987881246304,-0.0101172151890929,-0.0131732298990104,NaN,-0.0155349606094364,-0.0169155791942583,-0.0168783193793775,-0.0168868809526347,-0.0169004585715677,-0.0133372091440306,-0.0135262067579527,-0.0131876116104775,-0.0127915838715295,-0.0129751544691616,-0.0131526967696729,NaN,NaN,NaN,NaN,NaN,NaN,NaN,NaN,NaN,NaN,NaN,NaN,NaN,NaN,NaN,NaN,NaN,NaN,NaN,NaN,NaN,NaN,NaN,NaN,NaN,NaN,NaN,NaN,NaN,NaN,NaN,NaN,NaN,NaN,NaN,NaN,NaN,NaN,NaN,NaN,NaN,NaN,NaN,NaN,NaN,NaN,NaN,NaN,NaN,NaN,NaN,NaN,NaN,NaN,NaN,NaN,NaN,NaN,NaN,NaN,NaN,NaN,NaN,NaN,NaN,NaN,NaN,NaN,NaN,NaN,NaN,NaN,NaN,NaN,NaN,NaN,-0.00987918411857751,-0.00941636568794232,-0.00903177005822757,-0.00867549016467254,-0.00876430082986131,-0.00887440824546869,NaN,NaN,NaN,NaN,NaN,NaN,NaN,NaN,NaN,NaN,NaN,NaN,NaN,NaN,NaN,NaN,NaN,NaN,NaN,NaN,NaN,NaN,NaN,NaN,NaN,NaN,NaN,NaN,NaN,NaN,NaN,NaN,NaN,NaN,NaN,NaN,NaN,NaN,NaN,NaN,NaN,NaN,NaN,NaN,NaN,NaN,NaN,NaN,NaN,NaN,NaN,NaN,NaN,NaN,NaN,NaN,NaN,NaN,NaN,NaN,NaN,NaN,NaN,NaN,NaN,NaN,NaN,NaN,NaN,NaN,NaN,NaN
NaN,NaN,NaN,NaN,NaN,NaN,NaN,NaN,NaN,NaN,NaN,NaN,NaN,NaN,NaN,NaN,NaN,NaN,NaN,NaN,NaN,NaN,NaN,NaN,NaN,NaN,NaN,NaN,NaN,NaN,NaN,NaN,NaN,NaN,NaN,NaN,NaN,NaN,NaN,NaN,NaN,NaN,NaN,NaN,NaN,NaN,NaN,NaN,NaN,NaN,NaN,NaN,NaN,NaN,NaN,NaN,NaN,NaN,NaN,NaN,NaN,NaN,NaN,NaN,NaN,NaN,NaN,NaN,NaN,NaN,NaN,NaN,-0.0137348841955507,-0.0113537159667509,-0.013343878263638,-0.0134967305267389,-0.014530993127382,-0.0142644977743272,-0.0101456311223382,NaN,-0.0148907383313217,-0.0170206340563982,-0.0168407204125873,-0.0167715142603689,-0.0170981238145554,-0.0164140125339956,-0.0170585030131031,-0.0152301445015045,-0.0149477684980814,-0.0132711631114302,-0.0135170228793949,-0.0138336834977893,-0.0139316123542389,NaN,NaN,NaN,NaN,NaN,NaN,NaN,NaN,NaN,NaN,NaN,NaN,NaN,NaN,NaN,NaN,NaN,NaN,NaN,NaN,NaN,NaN,NaN,NaN,NaN,NaN,NaN,NaN,NaN,NaN,NaN,NaN,NaN,NaN,NaN,NaN,NaN,NaN,NaN,NaN,NaN,NaN,NaN,NaN,NaN,NaN,NaN,NaN,NaN,NaN,NaN,NaN,NaN,NaN,NaN,NaN,NaN,NaN,NaN,NaN,NaN,NaN,NaN,NaN,NaN,NaN,NaN,NaN,NaN,NaN,NaN,NaN,NaN,NaN,-0.00990954940151933,-0.00961553250913186,-0.00916489012862744,-0.00920484486731104,-0.00945141811281128,-0.00921976634332137,-0.00923025486914267,NaN,NaN,NaN,NaN,NaN,NaN,NaN,NaN,NaN,NaN,NaN,NaN,NaN,NaN,NaN,NaN,NaN,NaN,NaN,NaN,NaN,NaN,NaN,NaN,NaN,NaN,NaN,NaN,NaN,NaN,NaN,NaN,NaN,NaN,NaN,NaN,NaN,NaN,NaN,NaN,NaN,NaN,NaN,NaN,NaN,NaN,NaN,NaN,NaN,NaN,NaN,NaN,NaN,NaN,NaN,NaN,NaN,NaN,NaN,NaN,NaN,NaN,NaN,NaN,NaN,NaN,NaN,NaN,NaN,NaN,NaN
NaN,NaN,NaN,NaN,NaN,NaN,NaN,NaN,NaN,NaN,NaN,NaN,NaN,NaN,NaN,NaN,NaN,NaN,NaN,NaN,NaN,NaN,NaN,NaN,NaN,NaN,NaN,NaN,NaN,NaN,NaN,NaN,NaN,NaN,NaN,NaN,NaN,NaN,NaN,NaN,NaN,NaN,NaN,NaN,NaN,NaN,NaN,NaN,NaN,NaN,NaN,NaN,NaN,NaN,NaN,NaN,NaN,NaN,NaN,NaN,NaN,NaN,NaN,NaN,NaN,NaN,NaN,NaN,NaN,NaN,NaN,NaN,-0.0140262302582971,-0.011902057963524,-0.0142484476150671,-0.0154340763199643,-0.0156353079717321,-0.0158581001103528,-0.0157889960357073,NaN,-0.0100807073441895,-0.0175205825214025,-0.0180127066282409,-0.0180344149886905,-0.0180323066882655,-0.0179420204104282,-0.0175622545975835,-0.0171643507607333,-0.0167250756598709,-0.0153996995266168,-0.0139156807387799,-0.0139766135486457,-0.0140205202371229,-0.0141049314540484,NaN,NaN,NaN,NaN,NaN,NaN,NaN,NaN,NaN,NaN,NaN,NaN,NaN,NaN,NaN,NaN,NaN,NaN,NaN,NaN,NaN,NaN,NaN,NaN,NaN,NaN,NaN,NaN,NaN,NaN,NaN,NaN,NaN,NaN,NaN,NaN,NaN,NaN,NaN,NaN,NaN,NaN,NaN,NaN,NaN,NaN,NaN,NaN,NaN,NaN,NaN,NaN,NaN,NaN,NaN,NaN,NaN,NaN,NaN,NaN,NaN,NaN,NaN,NaN,NaN,NaN,NaN,NaN,NaN,NaN,NaN,NaN,NaN,-0.0109048966435726,-0.00991721292494141,-0.00924540608508492,-0.009264180337553,-0.00926613575783096,-0.00912239230082561,-0.00917299809478482,NaN,NaN,NaN,NaN,NaN,NaN,NaN,NaN,NaN,NaN,NaN,NaN,NaN,NaN,NaN,NaN,NaN,NaN,NaN,NaN,NaN,NaN,NaN,NaN,NaN,NaN,NaN,NaN,NaN,NaN,NaN,NaN,NaN,NaN,NaN,NaN,NaN,NaN,NaN,NaN,NaN,NaN,NaN,NaN,NaN,NaN,NaN,NaN,NaN,NaN,NaN,NaN,NaN,NaN,NaN,NaN,NaN,NaN,NaN,NaN,NaN,NaN,NaN,NaN,NaN,NaN,NaN,NaN,NaN,NaN,NaN
NaN,NaN,NaN,NaN,NaN,NaN,NaN,NaN,NaN,NaN,NaN,NaN,NaN,NaN,NaN,NaN,NaN,NaN,NaN,NaN,NaN,NaN,NaN,NaN,NaN,NaN,NaN,NaN,NaN,NaN,NaN,NaN,NaN,NaN,NaN,NaN,NaN,NaN,NaN,NaN,NaN,NaN,NaN,NaN,NaN,NaN,NaN,NaN,NaN,NaN,NaN,NaN,NaN,NaN,NaN,NaN,NaN,NaN,NaN,NaN,NaN,NaN,NaN,NaN,NaN,NaN,NaN,NaN,NaN,NaN,NaN,NaN,NaN,-0.0129120045251642,-0.0157646675668434,-0.0136176845679158,-0.0165634806932051,-0.0170678513013481,-0.0177474739896352,-0.018010497516459,-0.0180633860032177,-0.0181404860370599,-0.0181907295731802,-0.0182418622389366,-0.0181794043421157,-0.0181843400667552,-0.0181378353734604,-0.0177795812260369,-0.0172551537738114,-0.0165773184678214,-0.0153642573105145,-0.0142179890903724,-0.0141661404801879,-0.0142052485350461,-0.0141997413062655,NaN,NaN,NaN,NaN,NaN,NaN,NaN,NaN,NaN,NaN,NaN,NaN,NaN,NaN,NaN,NaN,NaN,NaN,NaN,NaN,NaN,NaN,NaN,NaN,NaN,NaN,NaN,NaN,NaN,NaN,NaN,NaN,NaN,NaN,NaN,NaN,NaN,NaN,NaN,NaN,NaN,NaN,NaN,NaN,NaN,NaN,NaN,NaN,NaN,NaN,NaN,NaN,NaN,NaN,NaN,NaN,NaN,NaN,NaN,NaN,NaN,NaN,NaN,NaN,NaN,NaN,NaN,NaN,NaN,NaN,NaN,-0.0114354301976947,-0.0109176399876847,-0.00979193271203931,-0.00917233255796184,NaN,NaN,NaN,NaN,NaN,NaN,NaN,NaN,NaN,NaN,NaN,NaN,NaN,NaN,NaN,NaN,NaN,NaN,NaN,NaN,NaN,NaN,NaN,NaN,NaN,NaN,NaN,NaN,NaN,NaN,NaN,NaN,NaN,NaN,NaN,NaN,NaN,NaN,NaN,NaN,NaN,NaN,NaN,NaN,NaN,NaN,NaN,NaN,NaN,NaN,NaN,NaN,NaN,NaN,NaN,NaN,NaN,NaN,NaN,NaN,NaN,NaN,NaN,NaN,NaN,NaN,NaN,NaN,NaN,NaN,NaN,NaN,NaN,NaN,NaN
NaN,NaN,NaN,NaN,NaN,NaN,NaN,NaN,NaN,NaN,NaN,NaN,NaN,NaN,NaN,NaN,NaN,NaN,NaN,NaN,NaN,NaN,NaN,NaN,NaN,NaN,NaN,NaN,NaN,NaN,NaN,NaN,NaN,NaN,NaN,NaN,NaN,NaN,NaN,NaN,NaN,NaN,NaN,NaN,NaN,NaN,NaN,NaN,NaN,NaN,NaN,NaN,NaN,NaN,NaN,NaN,NaN,NaN,NaN,NaN,NaN,NaN,NaN,NaN,NaN,NaN,NaN,NaN,NaN,NaN,NaN,NaN,-0.0149486145412813,-0.0141526072880356,-0.0163972351485418,-0.0140741794710346,-0.0164715504786268,-0.01720683365518,-0.0172541544173093,-0.0182874249600731,-0.0181928777595875,-0.0181961759820666,-0.0181827282563237,-0.0180822935175572,-0.0180657817819633,-0.018626544991676,-0.0184978794959697,-0.0182154496126357,-0.0179143657682529,-0.0174996794331782,-0.0168112417957437,-0.0158757500434594,-0.014359917514143,-0.0143208387450363,-0.0142463971304713,NaN,NaN,NaN,NaN,NaN,NaN,NaN,NaN,NaN,NaN,NaN,NaN,NaN,NaN,NaN,NaN,NaN,NaN,NaN,NaN,NaN,NaN,NaN,NaN,NaN,NaN,NaN,NaN,NaN,NaN,NaN,NaN,NaN,NaN,NaN,NaN,NaN,NaN,NaN,NaN,NaN,NaN,NaN,NaN,NaN,NaN,NaN,NaN,NaN,NaN,NaN,NaN,NaN,NaN,NaN,NaN,NaN,NaN,NaN,NaN,NaN,NaN,NaN,NaN,NaN,NaN,NaN,NaN,NaN,NaN,-0.0112878022869962,-0.0113992475935873,-0.0106099275088293,-0.00982904900480099,-0.00924487814999271,NaN,NaN,NaN,NaN,NaN,NaN,NaN,NaN,NaN,NaN,NaN,NaN,NaN,NaN,NaN,NaN,NaN,NaN,NaN,NaN,NaN,NaN,NaN,NaN,NaN,NaN,NaN,NaN,NaN,NaN,NaN,NaN,NaN,NaN,NaN,NaN,NaN,NaN,NaN,NaN,NaN,NaN,NaN,NaN,NaN,NaN,NaN,NaN,NaN,NaN,NaN,NaN,NaN,NaN,NaN,NaN,NaN,NaN,NaN,NaN,NaN,NaN,NaN,NaN,NaN,NaN,NaN,NaN,NaN,NaN,NaN,NaN,NaN,NaN,NaN
NaN,NaN,NaN,NaN,NaN,NaN,NaN,NaN,NaN,NaN,NaN,NaN,NaN,NaN,NaN,NaN,NaN,NaN,NaN,NaN,NaN,NaN,NaN,NaN,NaN,NaN,NaN,NaN,NaN,NaN,NaN,NaN,NaN,NaN,NaN,NaN,NaN,NaN,NaN,NaN,NaN,NaN,NaN,NaN,NaN,NaN,NaN,NaN,NaN,NaN,NaN,NaN,NaN,NaN,NaN,NaN,NaN,NaN,NaN,NaN,NaN,NaN,NaN,NaN,NaN,NaN,NaN,NaN,NaN,NaN,NaN,NaN,-0.0167736677323774,-0.0152017208336562,-0.0164908154953385,-0.0147964124358348,-0.0158890777021978,-0.0168548136175671,-0.0170867506727374,-0.0173128854179995,-0.0173122586681813,-0.0182499281320554,-0.0186590970315221,-0.0188644311103371,-0.0188223768274703,-0.0186513610373674,-0.0189176248089932,-0.0183596442553808,-0.0184207520612848,-0.0184206483429242,-0.0182460142773619,-0.0175400349149442,-0.0160363679157774,-0.0145883193985088,NaN,NaN,NaN,NaN,NaN,NaN,NaN,NaN,NaN,NaN,NaN,NaN,NaN,NaN,NaN,NaN,NaN,NaN,NaN,NaN,NaN,NaN,NaN,NaN,NaN,NaN,NaN,NaN,NaN,NaN,NaN,NaN,NaN,NaN,NaN,NaN,NaN,NaN,NaN,NaN,NaN,NaN,NaN,NaN,NaN,NaN,NaN,NaN,NaN,NaN,NaN,NaN,NaN,NaN,NaN,NaN,NaN,NaN,NaN,NaN,NaN,NaN,NaN,NaN,NaN,NaN,NaN,NaN,NaN,NaN,-0.0104595521693891,-0.0116372167778962,-0.0121158997024316,-0.010916323890539,-0.0101495008069458,NaN,NaN,NaN,NaN,NaN,NaN,NaN,NaN,NaN,NaN,NaN,NaN,NaN,NaN,NaN,NaN,NaN,NaN,NaN,NaN,NaN,NaN,NaN,NaN,NaN,NaN,NaN,NaN,NaN,NaN,NaN,NaN,NaN,NaN,NaN,NaN,NaN,NaN,NaN,NaN,NaN,NaN,NaN,NaN,NaN,NaN,NaN,NaN,NaN,NaN,NaN,NaN,NaN,NaN,NaN,NaN,NaN,NaN,NaN,NaN,NaN,NaN,NaN,NaN,NaN,NaN,NaN,NaN,NaN,NaN,NaN,NaN,NaN,NaN,NaN,NaN
NaN,NaN,NaN,NaN,NaN,NaN,NaN,NaN,NaN,NaN,NaN,NaN,NaN,NaN,NaN,NaN,NaN,NaN,NaN,NaN,NaN,NaN,NaN,NaN,NaN,NaN,NaN,NaN,NaN,NaN,NaN,NaN,NaN,NaN,NaN,NaN,NaN,NaN,NaN,NaN,NaN,NaN,NaN,NaN,NaN,NaN,NaN,NaN,NaN,NaN,NaN,NaN,NaN,NaN,NaN,NaN,NaN,NaN,NaN,NaN,NaN,NaN,NaN,NaN,NaN,NaN,NaN,NaN,NaN,NaN,NaN,NaN,-0.0158844165757107,-0.0159968157902614,-0.0174622050385449,-0.0158529584024615,-0.0164523069179644,-0.0165901352495344,-0.0168877613348663,-0.0168960756585478,-0.0171333215989023,-0.0195559011006351,-0.0209908309061468,-0.0205185765145504,-0.0198229883942271,-0.0200242857769584,-0.0200555065507229,-0.0178145619899016,-0.0195012104428586,-0.0196355531329353,-0.0193400065636546,-0.0186276728962202,-0.0179607663975371,-0.0163742810792236,-0.0178162997235969,NaN,NaN,NaN,NaN,NaN,NaN,NaN,NaN,NaN,NaN,NaN,NaN,NaN,NaN,NaN,NaN,NaN,NaN,NaN,NaN,NaN,NaN,NaN,NaN,NaN,NaN,NaN,NaN,NaN,NaN,NaN,NaN,NaN,NaN,NaN,NaN,NaN,NaN,NaN,NaN,NaN,NaN,NaN,NaN,NaN,NaN,NaN,NaN,NaN,NaN,NaN,NaN,NaN,NaN,NaN,NaN,NaN,NaN,NaN,NaN,NaN,NaN,NaN,NaN,NaN,NaN,NaN,NaN,-0.0104644335655313,-0.0112415881858977,-0.0124804735309175,-0.013296276255656,NaN,NaN,NaN,NaN,NaN,NaN,NaN,NaN,NaN,NaN,NaN,NaN,NaN,NaN,NaN,NaN,NaN,NaN,NaN,NaN,NaN,NaN,NaN,NaN,NaN,NaN,NaN,NaN,NaN,NaN,NaN,NaN,NaN,NaN,NaN,NaN,NaN,NaN,NaN,NaN,NaN,NaN,NaN,NaN,NaN,NaN,NaN,NaN,NaN,NaN,NaN,NaN,NaN,NaN,NaN,NaN,NaN,NaN,NaN,NaN,NaN,NaN,NaN,NaN,NaN,NaN,NaN,NaN,NaN,NaN,NaN,NaN,NaN,NaN,NaN,NaN,NaN,NaN
NaN,NaN,NaN,NaN,NaN,NaN,NaN,NaN,NaN,NaN,NaN,NaN,NaN,NaN,NaN,NaN,NaN,NaN,NaN,NaN,NaN,NaN,NaN,NaN,NaN,NaN,NaN,NaN,NaN,NaN,NaN,NaN,NaN,NaN,NaN,NaN,NaN,NaN,NaN,NaN,NaN,NaN,NaN,NaN,NaN,NaN,NaN,NaN,NaN,NaN,NaN,NaN,NaN,NaN,NaN,NaN,NaN,NaN,NaN,NaN,NaN,NaN,NaN,NaN,NaN,NaN,NaN,NaN,NaN,NaN,-0.00745061490615523,-0.0143908236249415,-0.0167831949401953,-0.0179119106617887,-0.0183938900619681,-0.0171307330073823,-0.0166664286275241,-0.0178997041971878,-0.0177396454978849,-0.0199278024263804,-0.0205755169723423,-0.0231812003766134,-0.022836845278961,-0.0224139919950876,-0.0216418169965537,-0.0205860349315875,-0.0214354640969849,-0.0210706162423201,-0.0210376982713689,-0.0207764522235887,-0.0204340205309403,-0.0201118572346271,-0.0194079936950745,-0.0179492998321301,-0.0179167590500077,-0.0179555733707357,NaN,NaN,NaN,NaN,NaN,NaN,NaN,NaN,NaN,NaN,NaN,NaN,NaN,NaN,NaN,NaN,NaN,NaN,NaN,NaN,NaN,NaN,NaN,NaN,NaN,NaN,NaN,NaN,NaN,NaN,NaN,NaN,NaN,NaN,NaN,NaN,NaN,NaN,NaN,NaN,NaN,NaN,NaN,NaN,NaN,NaN,NaN,NaN,NaN,NaN,NaN,NaN,NaN,NaN,NaN,NaN,NaN,NaN,NaN,NaN,NaN,NaN,NaN,NaN,NaN,-0.00997943179974481,-0.0100763093852581,-0.0105526020177049,-0.0113836709905523,-0.0124684837042118,NaN,NaN,NaN,NaN,NaN,NaN,NaN,NaN,NaN,NaN,NaN,NaN,NaN,NaN,NaN,NaN,NaN,NaN,NaN,NaN,NaN,NaN,NaN,NaN,NaN,NaN,NaN,NaN,NaN,NaN,NaN,NaN,NaN,NaN,NaN,NaN,NaN,NaN,NaN,NaN,NaN,NaN,NaN,NaN,NaN,NaN,NaN,NaN,NaN,NaN,NaN,NaN,NaN,NaN,NaN,NaN,NaN,NaN,NaN,NaN,NaN,NaN,NaN,NaN,NaN,NaN,NaN,NaN,NaN,NaN,NaN,NaN,NaN,NaN,NaN,NaN,NaN,NaN,NaN
NaN,NaN,NaN,NaN,NaN,NaN,NaN,NaN,NaN,NaN,NaN,NaN,NaN,NaN,NaN,NaN,NaN,NaN,NaN,NaN,NaN,NaN,NaN,NaN,NaN,NaN,NaN,NaN,NaN,NaN,NaN,NaN,NaN,NaN,NaN,NaN,NaN,NaN,NaN,NaN,NaN,NaN,NaN,NaN,NaN,NaN,NaN,NaN,NaN,NaN,NaN,NaN,NaN,NaN,NaN,NaN,NaN,NaN,NaN,NaN,NaN,NaN,NaN,NaN,NaN,NaN,NaN,NaN,NaN,NaN,-0.014309946534015,-0.0147253500656998,-0.014767648154172,-0.0195809518874053,-0.0198584641109427,-0.0187576718630984,-0.0174166500808313,-0.0180781814883034,-0.0195260251674368,-0.0228459311367726,-0.0238764453136876,-0.0239779284806133,-0.0236939385390071,-0.0235999531525354,-0.023511594994432,-0.0232671212279947,-0.0227165382841595,-0.0225363690756893,-0.0221179268909401,-0.0215933103415366,-0.0212362780279225,-0.0209527526017385,-0.0205200955236076,-0.0181288603918368,-0.01798353191312,-0.0179907570514791,NaN,NaN,NaN,NaN,NaN,NaN,NaN,NaN,NaN,NaN,NaN,NaN,NaN,NaN,NaN,NaN,NaN,NaN,NaN,NaN,NaN,NaN,NaN,NaN,NaN,NaN,NaN,NaN,NaN,NaN,NaN,NaN,NaN,NaN,NaN,NaN,NaN,NaN,NaN,NaN,NaN,NaN,NaN,NaN,NaN,NaN,NaN,NaN,NaN,NaN,NaN,NaN,NaN,NaN,NaN,NaN,NaN,NaN,NaN,NaN,NaN,NaN,NaN,NaN,NaN,-0.0102789340390352,-0.0104135775041871,-0.0106970423056417,-0.0118113854727211,-0.0126213760601254,NaN,NaN,NaN,NaN,NaN,NaN,NaN,NaN,NaN,NaN,NaN,NaN,NaN,NaN,NaN,NaN,NaN,NaN,NaN,NaN,NaN,NaN,NaN,NaN,NaN,NaN,NaN,NaN,NaN,NaN,NaN,NaN,NaN,NaN,NaN,NaN,NaN,NaN,NaN,NaN,NaN,NaN,NaN,NaN,NaN,NaN,NaN,NaN,NaN,NaN,NaN,NaN,NaN,NaN,NaN,NaN,NaN,NaN,NaN,NaN,NaN,NaN,NaN,NaN,NaN,NaN,NaN,NaN,NaN,NaN,NaN,NaN,NaN,NaN,NaN,NaN,NaN,NaN,NaN
NaN,NaN,NaN,NaN,NaN,NaN,NaN,NaN,NaN,NaN,NaN,NaN,NaN,NaN,NaN,NaN,NaN,NaN,NaN,NaN,NaN,NaN,NaN,NaN,NaN,NaN,NaN,NaN,NaN,NaN,NaN,NaN,NaN,NaN,NaN,NaN,NaN,NaN,NaN,NaN,NaN,NaN,NaN,NaN,NaN,NaN,NaN,NaN,NaN,NaN,NaN,NaN,NaN,NaN,NaN,NaN,NaN,NaN,NaN,NaN,NaN,NaN,NaN,NaN,NaN,NaN,NaN,NaN,NaN,NaN,-0.00724259949685365,-0.0141511240864337,-0.0146380687248094,-0.0211251702630479,-0.0218837814065578,-0.0214740305211187,-0.0202665112247445,-0.0184630265940519,-0.0204407162357134,-0.0247137206459006,-0.0250603583869659,-0.0250196905225418,-0.0247892182327055,-0.0246672415496295,-0.0245254063427215,-0.0238968929753934,-0.0235842018238311,-0.0232581484879338,-0.0227922287567027,-0.0222960858454154,-0.0218866751714958,-0.0215478362948018,-0.0212060846205081,-0.0196002957007558,-0.0176337644424442,-0.018076623909706,-0.017482812116479,NaN,NaN,NaN,NaN,NaN,NaN,NaN,NaN,NaN,NaN,NaN,NaN,NaN,NaN,NaN,NaN,NaN,NaN,NaN,NaN,NaN,NaN,NaN,NaN,NaN,NaN,NaN,NaN,NaN,NaN,NaN,NaN,NaN,NaN,NaN,NaN,NaN,NaN,NaN,NaN,NaN,NaN,NaN,NaN,NaN,NaN,NaN,NaN,NaN,NaN,NaN,NaN,NaN,NaN,NaN,NaN,NaN,NaN,NaN,NaN,NaN,NaN,NaN,NaN,-0.0104453911742882,-0.0105511163105495,-0.0109737749826318,-0.012050293521524,NaN,NaN,NaN,NaN,NaN,NaN,NaN,NaN,NaN,NaN,NaN,NaN,NaN,NaN,NaN,NaN,NaN,NaN,NaN,NaN,NaN,NaN,NaN,NaN,NaN,NaN,NaN,NaN,NaN,NaN,NaN,NaN,NaN,NaN,NaN,NaN,NaN,NaN,NaN,NaN,NaN,NaN,NaN,NaN,NaN,NaN,NaN,NaN,NaN,NaN,NaN,NaN,NaN,NaN,NaN,NaN,NaN,NaN,NaN,NaN,NaN,NaN,NaN,NaN,NaN,NaN,NaN,NaN,NaN,NaN,NaN,NaN,NaN,NaN,NaN,NaN,NaN,NaN,NaN,NaN
NaN,NaN,NaN,NaN,NaN,NaN,NaN,NaN,NaN,NaN,NaN,NaN,NaN,NaN,NaN,NaN,NaN,NaN,NaN,NaN,NaN,NaN,NaN,NaN,NaN,NaN,NaN,NaN,NaN,NaN,NaN,NaN,NaN,NaN,NaN,NaN,NaN,NaN,NaN,NaN,NaN,NaN,NaN,NaN,NaN,NaN,NaN,NaN,NaN,NaN,NaN,NaN,NaN,NaN,NaN,NaN,NaN,NaN,NaN,NaN,NaN,NaN,NaN,NaN,NaN,NaN,NaN,NaN,NaN,NaN,-0.0104812661762232,-0.00674335045182413,-0.0185349976609713,-0.0236331228840802,-0.0234319816917831,-0.02459869740973,-0.0218936334596803,-0.0206954442981322,-0.0268452296591228,-0.0262938571808205,-0.0261514935927993,-0.0259965678829828,-0.0258554137619378,-0.0255460240283794,-0.0253259393416252,-0.0247935356457051,-0.0243909476504432,-0.0239763436324288,-0.0235470868866801,-0.0229921052431612,-0.0225016435631683,-0.0221291672396673,-0.0217766028360405,-0.0207728118675659,-0.0188006932697547,-0.0184266234924805,-0.0104459726211474,NaN,NaN,NaN,NaN,NaN,NaN,NaN,NaN,NaN,NaN,NaN,NaN,NaN,NaN,NaN,NaN,NaN,NaN,NaN,NaN,NaN,NaN,NaN,NaN,NaN,NaN,NaN,NaN,NaN,NaN,NaN,NaN,NaN,NaN,NaN,NaN,NaN,NaN,NaN,NaN,NaN,NaN,NaN,NaN,NaN,NaN,NaN,NaN,NaN,NaN,NaN,NaN,NaN,NaN,NaN,NaN,NaN,NaN,NaN,NaN,NaN,NaN,NaN,NaN,-0.0106875383145078,-0.0107552558838347,-0.0112329074970978,-0.0116437331798083,NaN,NaN,NaN,NaN,NaN,NaN,NaN,NaN,NaN,NaN,NaN,NaN,NaN,NaN,NaN,NaN,NaN,NaN,NaN,NaN,NaN,NaN,NaN,NaN,NaN,NaN,NaN,NaN,NaN,NaN,NaN,NaN,NaN,NaN,NaN,NaN,NaN,NaN,NaN,NaN,NaN,NaN,NaN,NaN,NaN,NaN,NaN,NaN,NaN,NaN,NaN,NaN,NaN,NaN,NaN,NaN,NaN,NaN,NaN,NaN,NaN,NaN,NaN,NaN,NaN,NaN,NaN,NaN,NaN,NaN,NaN,NaN,NaN,NaN,NaN,NaN,NaN,NaN,NaN,NaN
NaN,NaN,NaN,NaN,NaN,NaN,NaN,NaN,NaN,NaN,NaN,NaN,NaN,NaN,NaN,NaN,NaN,NaN,NaN,NaN,NaN,NaN,NaN,NaN,NaN,NaN,NaN,NaN,NaN,NaN,NaN,NaN,NaN,NaN,NaN,NaN,NaN,NaN,NaN,NaN,NaN,NaN,NaN,NaN,NaN,NaN,NaN,NaN,NaN,NaN,NaN,NaN,NaN,NaN,NaN,NaN,NaN,NaN,NaN,NaN,NaN,NaN,NaN,NaN,NaN,NaN,NaN,NaN,NaN,NaN,NaN,-0.00628980872081195,-0.0196019833662779,-0.0252806632864899,-0.0226772196156127,-0.027425187484633,-0.0278907845450577,-0.0229217394429929,-0.0274725242535489,-0.027334607391767,-0.0270433047112085,-0.0267880307076532,-0.026524418256161,-0.0262156564326884,-0.0259115626391799,-0.0255905839338389,-0.0251288882500155,-0.0246430679891444,-0.0241768553189416,-0.0236569504926018,-0.0230993233488565,-0.0226069825620663,-0.022252504716943,-0.0215426841592899,-0.0199460411971287,-0.0190425887321239,NaN,NaN,NaN,NaN,NaN,NaN,NaN,NaN,NaN,NaN,NaN,NaN,NaN,NaN,NaN,NaN,NaN,NaN,NaN,NaN,NaN,NaN,NaN,NaN,NaN,NaN,NaN,NaN,NaN,NaN,NaN,NaN,NaN,NaN,NaN,NaN,NaN,NaN,NaN,NaN,NaN,NaN,NaN,NaN,NaN,NaN,NaN,NaN,NaN,NaN,NaN,NaN,NaN,NaN,NaN,NaN,NaN,NaN,NaN,NaN,NaN,NaN,NaN,NaN,NaN,-0.0109183058291474,-0.0110128638146867,-0.0114481784145798,-0.0116294679028454,NaN,NaN,NaN,NaN,NaN,NaN,NaN,NaN,NaN,NaN,NaN,NaN,NaN,NaN,NaN,NaN,NaN,NaN,NaN,NaN,NaN,NaN,NaN,NaN,NaN,NaN,NaN,NaN,NaN,NaN,NaN,NaN,NaN,NaN,NaN,NaN,NaN,NaN,NaN,NaN,NaN,NaN,NaN,NaN,NaN,NaN,NaN,NaN,NaN,NaN,NaN,NaN,NaN,NaN,NaN,NaN,NaN,NaN,NaN,NaN,NaN,NaN,NaN,NaN,NaN,NaN,NaN,NaN,NaN,NaN,NaN,NaN,NaN,NaN,NaN,NaN,NaN,NaN,NaN,NaN
NaN,NaN,NaN,NaN,NaN,NaN,NaN,NaN,NaN,NaN,NaN,NaN,NaN,NaN,NaN,NaN,NaN,NaN,NaN,NaN,NaN,NaN,NaN,NaN,NaN,NaN,NaN,NaN,NaN,NaN,NaN,NaN,NaN,NaN,NaN,NaN,NaN,NaN,NaN,NaN,NaN,NaN,NaN,NaN,NaN,NaN,NaN,NaN,NaN,NaN,NaN,NaN,NaN,NaN,NaN,NaN,NaN,NaN,NaN,NaN,NaN,NaN,NaN,NaN,NaN,NaN,NaN,NaN,NaN,NaN,NaN,NaN,-0.0267235757434709,-0.0267859542688506,-0.0268486839561998,-0.0292231914772488,-0.0291532705508144,-0.028054550925776,-0.0282225403106278,-0.0279861918431548,-0.0277384131607485,-0.027479563336802,-0.0271797224578455,-0.0268428796218206,-0.0264837136102724,-0.0260781929532771,-0.025635047331218,-0.0251743513901907,-0.0246998297609558,-0.0242196639991562,-0.0236051827442881,-0.0230968837459774,-0.0227091273426114,-0.0222488929296778,-0.0208183058296856,-0.0185176959843807,-0.0192308003704839,-0.0191857837256774,NaN,NaN,NaN,NaN,NaN,NaN,NaN,NaN,NaN,NaN,NaN,NaN,NaN,NaN,NaN,NaN,NaN,NaN,NaN,NaN,NaN,NaN,NaN,NaN,NaN,NaN,NaN,NaN,NaN,NaN,NaN,NaN,NaN,NaN,NaN,NaN,NaN,NaN,NaN,NaN,NaN,NaN,NaN,NaN,NaN,NaN,NaN,NaN,NaN,NaN,NaN,NaN,NaN,NaN,NaN,NaN,NaN,NaN,NaN,NaN,NaN,NaN,NaN,-0.011230519514679,-0.0115429193609107,-0.0117124675884705,-0.0116510243144996,NaN,NaN,NaN,NaN,NaN,NaN,NaN,NaN,NaN,NaN,NaN,NaN,NaN,NaN,NaN,NaN,NaN,NaN,NaN,NaN,NaN,NaN,NaN,NaN,NaN,NaN,NaN,NaN,NaN,NaN,NaN,NaN,NaN,NaN,NaN,NaN,NaN,NaN,NaN,NaN,NaN,NaN,NaN,NaN,NaN,NaN,NaN,NaN,NaN,NaN,NaN,NaN,NaN,NaN,NaN,NaN,NaN,NaN,NaN,NaN,NaN,NaN,NaN,NaN,NaN,NaN,NaN,NaN,NaN,NaN,NaN,NaN,NaN,NaN,NaN,NaN,NaN,NaN,NaN,NaN
NaN,NaN,NaN,NaN,NaN,NaN,NaN,NaN,NaN,NaN,NaN,NaN,NaN,NaN,NaN,NaN,NaN,NaN,NaN,NaN,NaN,NaN,NaN,NaN,NaN,NaN,NaN,NaN,NaN,NaN,NaN,NaN,NaN,NaN,NaN,NaN,NaN,NaN,NaN,NaN,NaN,NaN,NaN,NaN,NaN,NaN,NaN,NaN,NaN,NaN,NaN,NaN,NaN,NaN,NaN,NaN,NaN,NaN,NaN,NaN,NaN,NaN,NaN,NaN,NaN,NaN,NaN,NaN,NaN,NaN,NaN,NaN,-0.017555975123848,-0.0292034048621819,-0.029974233746775,-0.0299856582465947,-0.0298255396783074,-0.0276913256149307,-0.0288363518284463,-0.0286280486991933,-0.0283926872076636,-0.0281101505395308,-0.027802668100428,-0.0274313534084398,-0.0270202157285772,-0.0265545233057183,-0.0260733046470073,-0.0256105258260933,-0.0251205114801867,-0.0246474589331548,-0.0240769821781647,-0.0235529455270004,-0.0230694157514149,-0.0226706114263377,-0.0206124637076505,-0.0185756537465007,-0.0193326892738247,-0.0147218616215606,NaN,NaN,NaN,NaN,NaN,NaN,NaN,NaN,NaN,NaN,NaN,NaN,NaN,NaN,NaN,NaN,NaN,NaN,NaN,NaN,NaN,NaN,NaN,NaN,NaN,NaN,NaN,NaN,NaN,NaN,NaN,NaN,NaN,NaN,NaN,NaN,NaN,NaN,NaN,NaN,NaN,NaN,NaN,NaN,NaN,NaN,NaN,NaN,NaN,NaN,NaN,NaN,NaN,NaN,NaN,NaN,NaN,NaN,NaN,NaN,NaN,NaN,NaN,NaN,-0.0126129245309655,-0.0120284794836552,-0.0122453053387422,NaN,NaN,NaN,NaN,NaN,NaN,NaN,NaN,NaN,NaN,NaN,NaN,NaN,NaN,NaN,NaN,NaN,NaN,NaN,NaN,NaN,NaN,NaN,NaN,NaN,NaN,NaN,NaN,NaN,NaN,NaN,NaN,NaN,NaN,NaN,NaN,NaN,NaN,NaN,NaN,NaN,NaN,NaN,NaN,NaN,NaN,NaN,NaN,NaN,NaN,NaN,NaN,NaN,NaN,NaN,NaN,NaN,NaN,NaN,NaN,NaN,NaN,NaN,NaN,NaN,NaN,NaN,NaN,NaN,NaN,NaN,NaN,NaN,NaN,NaN,NaN,NaN,NaN,NaN,NaN
NaN,NaN,NaN,NaN,NaN,NaN,NaN,NaN,NaN,NaN,NaN,NaN,NaN,NaN,NaN,NaN,NaN,NaN,NaN,NaN,NaN,NaN,NaN,NaN,NaN,NaN,NaN,NaN,NaN,NaN,NaN,NaN,NaN,NaN,NaN,NaN,NaN,NaN,NaN,NaN,NaN,NaN,NaN,NaN,NaN,NaN,NaN,NaN,NaN,NaN,NaN,NaN,NaN,NaN,NaN,NaN,NaN,NaN,NaN,NaN,NaN,NaN,NaN,NaN,NaN,NaN,NaN,NaN,NaN,NaN,-0.00538710898647163,-0.00285326499363225,-0.0208266123772211,-0.029893070918966,-0.0306382501636917,-0.0306807532030577,-0.0305320113068088,-0.0288224471345515,-0.0295836247097355,-0.0292990902030149,-0.029009794144384,-0.0287007212791169,-0.0283622018774489,-0.0279740692043055,-0.0275119407911622,-0.0270225626562027,-0.0264937490382887,-0.0259869149647707,-0.0254825710179928,-0.0249921336281111,-0.0244611760725766,-0.0239001851351286,-0.0233844053695035,-0.0229965210037873,-0.0208409391902366,-0.0197445460652164,-0.0194778056013947,NaN,NaN,NaN,NaN,NaN,NaN,NaN,NaN,NaN,NaN,NaN,NaN,NaN,NaN,NaN,NaN,NaN,NaN,NaN,NaN,NaN,NaN,NaN,NaN,NaN,NaN,NaN,NaN,NaN,NaN,NaN,NaN,NaN,NaN,NaN,NaN,NaN,NaN,NaN,NaN,NaN,NaN,NaN,NaN,NaN,NaN,NaN,NaN,NaN,NaN,NaN,NaN,NaN,NaN,NaN,NaN,NaN,NaN,NaN,NaN,NaN,NaN,NaN,NaN,-0.0109081667861314,-0.0117563103950412,-0.0115556652380765,-0.0114685095159444,-0.0101254832487732,NaN,NaN,NaN,NaN,NaN,NaN,NaN,NaN,NaN,NaN,NaN,NaN,NaN,NaN,NaN,NaN,NaN,NaN,NaN,NaN,NaN,NaN,NaN,NaN,NaN,NaN,NaN,NaN,NaN,NaN,NaN,NaN,NaN,NaN,NaN,NaN,NaN,NaN,NaN,NaN,NaN,NaN,NaN,NaN,NaN,NaN,NaN,NaN,NaN,NaN,NaN,NaN,NaN,NaN,NaN,NaN,NaN,NaN,NaN,NaN,NaN,NaN,NaN,NaN,NaN,NaN,NaN,NaN,NaN,NaN,NaN,NaN,NaN,NaN,NaN,NaN,NaN,NaN,NaN
NaN,NaN,NaN,NaN,NaN,NaN,NaN,NaN,NaN,NaN,NaN,NaN,NaN,NaN,NaN,NaN,NaN,NaN,NaN,NaN,NaN,NaN,NaN,NaN,NaN,NaN,NaN,NaN,NaN,NaN,NaN,NaN,NaN,NaN,NaN,NaN,NaN,NaN,NaN,NaN,NaN,NaN,NaN,NaN,NaN,NaN,NaN,NaN,NaN,NaN,NaN,NaN,NaN,NaN,NaN,NaN,NaN,NaN,NaN,NaN,NaN,NaN,NaN,NaN,NaN,NaN,NaN,NaN,NaN,NaN,-0.001703396656621,-0.0112597234534157,-0.0291098251765111,-0.0313628936278877,-0.0314554181323622,-0.031218471007939,-0.0309797181953247,-0.0307789686975057,-0.0303341048312065,-0.0299742911442841,-0.0296379826265636,-0.0292811558469714,-0.0288422678693102,-0.0284258535632529,-0.0279673797426616,-0.0274603433096334,-0.0269149265160624,-0.0263623300136694,-0.0258107654497636,-0.0252478726682913,-0.0247110046713813,-0.0241801433839185,-0.0236838180283336,-0.0233534778102544,-0.0192923989138955,-0.0146452313925419,-0.0188457727876171,NaN,NaN,NaN,NaN,NaN,NaN,NaN,NaN,NaN,NaN,NaN,NaN,NaN,NaN,NaN,NaN,NaN,NaN,NaN,NaN,NaN,NaN,NaN,NaN,NaN,NaN,NaN,NaN,NaN,NaN,NaN,NaN,NaN,NaN,NaN,NaN,NaN,NaN,NaN,NaN,NaN,NaN,NaN,NaN,NaN,NaN,NaN,NaN,NaN,NaN,NaN,NaN,NaN,NaN,NaN,NaN,NaN,NaN,NaN,NaN,NaN,NaN,NaN,NaN,-0.0114346487496951,-0.011622177606507,-0.0114830430156867,-0.0113262862431426,-0.0106074716970307,-0.00991004165578293,NaN,NaN,NaN,NaN,NaN,NaN,NaN,NaN,NaN,NaN,NaN,NaN,NaN,NaN,NaN,NaN,NaN,NaN,NaN,NaN,NaN,NaN,NaN,NaN,NaN,NaN,NaN,NaN,NaN,NaN,NaN,NaN,NaN,NaN,NaN,NaN,NaN,NaN,NaN,NaN,NaN,NaN,NaN,NaN,NaN,NaN,NaN,NaN,NaN,NaN,NaN,NaN,NaN,NaN,NaN,NaN,NaN,NaN,NaN,NaN,NaN,NaN,NaN,NaN,NaN,NaN,NaN,NaN,NaN,NaN,NaN,NaN,NaN,NaN,NaN,NaN,NaN,NaN
NaN,NaN,NaN,NaN,NaN,NaN,NaN,NaN,NaN,NaN,NaN,NaN,NaN,NaN,NaN,NaN,NaN,NaN,NaN,NaN,NaN,NaN,NaN,NaN,NaN,NaN,NaN,NaN,NaN,NaN,NaN,NaN,NaN,NaN,NaN,NaN,NaN,NaN,NaN,NaN,NaN,NaN,NaN,NaN,NaN,NaN,NaN,NaN,NaN,NaN,NaN,NaN,NaN,NaN,NaN,NaN,NaN,NaN,NaN,NaN,NaN,NaN,NaN,NaN,NaN,NaN,NaN,NaN,NaN,NaN,-0.0013536370704394,-0.0124886236037176,-0.0313425704074476,-0.0321839671127889,-0.0319519137406881,-0.0317181084423238,-0.0313915146025615,-0.0312212095229985,-0.030872503190994,-0.03051107326673,-0.0301956533961623,-0.0298305749267259,-0.0293596987071493,-0.0288529956244828,-0.0283657330496782,-0.0278461512500249,-0.0273102664258727,-0.0267155494919907,-0.0261081918658575,-0.0254790679653382,-0.0248967298341295,-0.024364010790692,-0.0239727435632995,-0.0224826237881791,-0.010049080602781,NaN,NaN,NaN,NaN,NaN,NaN,NaN,NaN,NaN,NaN,NaN,NaN,NaN,NaN,NaN,NaN,NaN,NaN,NaN,NaN,NaN,NaN,NaN,NaN,NaN,NaN,NaN,NaN,NaN,NaN,NaN,NaN,NaN,NaN,NaN,NaN,NaN,NaN,NaN,NaN,NaN,NaN,NaN,NaN,NaN,NaN,NaN,NaN,NaN,NaN,NaN,NaN,NaN,NaN,NaN,NaN,NaN,NaN,NaN,NaN,NaN,NaN,NaN,NaN,NaN,-0.0113919789454104,-0.0115846624926175,-0.0115886738908767,-0.0114808699421781,-0.0113760182590319,-0.0110033046484595,-0.0105975488903885,NaN,NaN,NaN,NaN,NaN,NaN,NaN,NaN,NaN,NaN,NaN,NaN,NaN,NaN,NaN,NaN,NaN,NaN,NaN,NaN,NaN,NaN,NaN,NaN,NaN,NaN,NaN,NaN,NaN,NaN,NaN,NaN,NaN,NaN,NaN,NaN,NaN,NaN,NaN,NaN,NaN,NaN,NaN,NaN,NaN,NaN,NaN,NaN,NaN,NaN,NaN,NaN,NaN,NaN,NaN,NaN,NaN,NaN,NaN,NaN,NaN,NaN,NaN,NaN,NaN,NaN,NaN,NaN,NaN,NaN,NaN,NaN,NaN,NaN,NaN,NaN,NaN,NaN
NaN,NaN,NaN,NaN,NaN,NaN,NaN,NaN,NaN,NaN,NaN,NaN,NaN,NaN,NaN,NaN,NaN,NaN,NaN,NaN,NaN,NaN,NaN,NaN,NaN,NaN,NaN,NaN,NaN,NaN,NaN,NaN,NaN,NaN,NaN,NaN,NaN,NaN,NaN,NaN,NaN,NaN,NaN,NaN,NaN,NaN,NaN,NaN,NaN,NaN,NaN,NaN,NaN,NaN,NaN,NaN,NaN,NaN,NaN,NaN,NaN,NaN,NaN,NaN,NaN,NaN,NaN,NaN,NaN,NaN,NaN,-0.0206616021710718,-0.0327810966283811,-0.032708820468686,-0.0324088219850501,-0.0322299438426095,-0.0318961487252967,-0.0317209116105517,-0.0313995539332322,-0.0310178528565764,-0.0306188107735397,-0.0302854494992977,-0.0298404045268855,-0.0293092940738283,-0.0287821265188459,-0.0282323369734487,-0.0276595631947323,-0.0270549264859273,-0.0264021810057336,-0.0256862904972878,-0.0250100061363692,-0.0245493095926329,-0.0202725600162292,NaN,NaN,NaN,NaN,NaN,NaN,NaN,NaN,NaN,NaN,NaN,NaN,NaN,NaN,NaN,NaN,NaN,NaN,NaN,NaN,NaN,NaN,NaN,NaN,NaN,NaN,NaN,NaN,NaN,NaN,NaN,NaN,NaN,NaN,NaN,NaN,NaN,NaN,NaN,NaN,NaN,NaN,NaN,NaN,NaN,NaN,NaN,NaN,NaN,NaN,NaN,NaN,NaN,NaN,NaN,NaN,NaN,NaN,NaN,NaN,NaN,NaN,NaN,NaN,NaN,NaN,-0.0116813620596707,-0.0116233857382626,-0.0116717774135145,-0.0117039187495023,-0.0116124778274913,-0.0114731970208264,-0.0113277087918336,-0.0111373279044777,NaN,NaN,NaN,NaN,NaN,NaN,NaN,NaN,NaN,NaN,NaN,NaN,NaN,NaN,NaN,NaN,NaN,NaN,NaN,NaN,NaN,NaN,NaN,NaN,NaN,NaN,NaN,NaN,NaN,NaN,NaN,NaN,NaN,NaN,NaN,NaN,NaN,NaN,NaN,NaN,NaN,NaN,NaN,NaN,NaN,NaN,NaN,NaN,NaN,NaN,NaN,NaN,NaN,NaN,NaN,NaN,NaN,NaN,NaN,NaN,NaN,NaN,NaN,NaN,NaN,NaN,NaN,NaN,NaN,NaN,NaN,NaN,NaN,NaN,NaN,NaN,NaN,NaN
NaN,NaN,NaN,NaN,NaN,NaN,NaN,NaN,NaN,NaN,NaN,NaN,NaN,NaN,NaN,NaN,NaN,NaN,NaN,NaN,NaN,NaN,NaN,NaN,NaN,NaN,NaN,NaN,NaN,NaN,NaN,NaN,NaN,NaN,NaN,NaN,NaN,NaN,NaN,NaN,NaN,NaN,NaN,NaN,NaN,NaN,NaN,NaN,NaN,NaN,NaN,NaN,NaN,NaN,NaN,NaN,NaN,NaN,NaN,NaN,NaN,NaN,NaN,NaN,NaN,NaN,NaN,NaN,NaN,NaN,NaN,-0.0308779773967831,-0.0334397433307851,-0.0331603234336483,-0.0328225785277472,-0.032730411168699,-0.0325993093444306,-0.0322675272975886,-0.0319523024701524,-0.0316212566645947,-0.0311136652120865,-0.0306754369876394,-0.0302235411621112,-0.029710895196549,-0.0291924955152099,-0.0286411580225236,-0.0280020253198477,-0.0273547501733923,-0.0266707184757334,-0.0256265834883506,-0.0248473834290828,-0.0244698488624635,-0.0200508391467141,NaN,NaN,NaN,NaN,NaN,NaN,NaN,NaN,NaN,NaN,NaN,NaN,NaN,NaN,NaN,NaN,NaN,NaN,NaN,NaN,NaN,NaN,NaN,NaN,NaN,NaN,NaN,NaN,NaN,NaN,NaN,NaN,NaN,NaN,NaN,NaN,NaN,NaN,NaN,NaN,NaN,NaN,NaN,NaN,NaN,NaN,NaN,NaN,NaN,NaN,NaN,NaN,NaN,NaN,NaN,NaN,NaN,NaN,NaN,NaN,NaN,NaN,NaN,NaN,NaN,NaN,-0.0118562558629926,-0.0118245155118817,-0.0118681046884551,-0.0119000908035661,-0.0118036224663864,-0.0116214152165629,-0.0115181865105545,-0.0115074535654393,NaN,NaN,NaN,NaN,NaN,NaN,NaN,NaN,NaN,NaN,NaN,NaN,NaN,NaN,NaN,NaN,NaN,NaN,NaN,NaN,NaN,NaN,NaN,NaN,NaN,NaN,NaN,NaN,NaN,NaN,NaN,NaN,NaN,NaN,NaN,NaN,NaN,NaN,NaN,NaN,NaN,NaN,NaN,NaN,NaN,NaN,NaN,NaN,NaN,NaN,NaN,NaN,NaN,NaN,NaN,NaN,NaN,NaN,NaN,NaN,NaN,NaN,NaN,NaN,NaN,NaN,NaN,NaN,NaN,NaN,NaN,NaN,NaN,NaN,NaN,NaN,NaN,NaN
NaN,NaN,NaN,NaN,NaN,NaN,NaN,NaN,NaN,NaN,NaN,NaN,NaN,NaN,NaN,NaN,NaN,NaN,NaN,NaN,NaN,NaN,NaN,NaN,NaN,NaN,NaN,NaN,NaN,NaN,NaN,NaN,NaN,NaN,NaN,NaN,NaN,NaN,NaN,NaN,NaN,NaN,NaN,NaN,NaN,NaN,NaN,NaN,NaN,NaN,NaN,NaN,NaN,NaN,NaN,NaN,NaN,NaN,NaN,NaN,NaN,NaN,NaN,NaN,NaN,NaN,NaN,NaN,NaN,NaN,-0.0291862411460653,-0.0340798818765255,-0.0337894445763848,-0.0335366850557835,-0.0331587321721636,-0.0332564962744001,-0.0329960545565954,-0.032731644096059,-0.0324195845835137,-0.0320575759852088,-0.0316576979624609,-0.0311469527595566,-0.0306402637838677,-0.0301080458423122,-0.0295785417416647,-0.0290662377552576,-0.0284078928850861,-0.0276314188158925,-0.0266597660952087,-0.0256801115943371,-0.0247522873435497,-0.0242184312687078,-0.02026813485872,NaN,NaN,NaN,NaN,NaN,NaN,NaN,NaN,NaN,NaN,NaN,NaN,NaN,NaN,NaN,NaN,NaN,NaN,NaN,NaN,NaN,NaN,NaN,NaN,NaN,NaN,NaN,NaN,NaN,NaN,NaN,NaN,NaN,NaN,NaN,NaN,NaN,NaN,NaN,NaN,NaN,NaN,NaN,NaN,NaN,NaN,NaN,NaN,NaN,NaN,NaN,NaN,NaN,NaN,NaN,NaN,NaN,NaN,NaN,NaN,NaN,NaN,NaN,NaN,NaN,NaN,-0.0120316429791519,-0.0119942639009987,-0.0120777055166437,-0.0120772934506609,-0.0119605847780601,-0.0117547850918241,-0.0117022271956754,-0.0118586502457807,NaN,NaN,NaN,NaN,NaN,NaN,NaN,NaN,NaN,NaN,NaN,NaN,NaN,NaN,NaN,NaN,NaN,NaN,NaN,NaN,NaN,NaN,NaN,NaN,NaN,NaN,NaN,NaN,NaN,NaN,NaN,NaN,NaN,NaN,NaN,NaN,NaN,NaN,NaN,NaN,NaN,NaN,NaN,NaN,NaN,NaN,NaN,NaN,NaN,NaN,NaN,NaN,NaN,NaN,NaN,NaN,NaN,NaN,NaN,NaN,NaN,NaN,NaN,NaN,NaN,NaN,NaN,NaN,NaN,NaN,NaN,NaN,NaN,NaN,NaN,NaN,NaN,NaN
NaN,NaN,NaN,NaN,NaN,NaN,NaN,NaN,NaN,NaN,NaN,NaN,NaN,NaN,NaN,NaN,NaN,NaN,NaN,NaN,NaN,NaN,NaN,NaN,NaN,NaN,NaN,NaN,NaN,NaN,NaN,NaN,NaN,NaN,NaN,NaN,NaN,NaN,NaN,NaN,NaN,NaN,NaN,NaN,NaN,NaN,NaN,NaN,NaN,NaN,NaN,NaN,NaN,NaN,NaN,NaN,NaN,NaN,NaN,NaN,NaN,NaN,NaN,NaN,NaN,NaN,NaN,NaN,NaN,-0.0343477739413735,-0.0342845392834319,-0.0342998037859599,-0.0341407494530517,-0.0339736960737753,-0.0339263085389054,-0.033691412417871,-0.0334257299820171,-0.0332104428919625,-0.0328932757359186,-0.0324746185612981,-0.0320236388277363,-0.0315526405325115,-0.0310454984312092,-0.0305194173028776,-0.029967806877233,-0.0294207435418436,-0.0287924770404494,-0.0280376471795673,-0.0270150234546631,-0.0258090389514433,-0.0246569705659153,-0.0236904528968,-0.0229837166527516,-0.019736199621567,-0.0192398458948906,-0.0190073234061064,-0.0189215027926616,NaN,NaN,NaN,NaN,NaN,NaN,NaN,NaN,NaN,NaN,NaN,NaN,NaN,NaN,NaN,NaN,NaN,NaN,NaN,NaN,NaN,NaN,NaN,NaN,NaN,NaN,NaN,NaN,NaN,NaN,NaN,NaN,NaN,NaN,NaN,NaN,NaN,NaN,NaN,NaN,NaN,NaN,NaN,NaN,NaN,NaN,NaN,NaN,NaN,NaN,NaN,NaN,NaN,NaN,NaN,NaN,NaN,NaN,NaN,NaN,NaN,NaN,-0.0122455255684482,-0.0121661564258689,-0.012237320889919,-0.0122276272886245,-0.0121239391526342,-0.0119342056487331,-0.0118666777133941,-0.0121094586244759,NaN,NaN,NaN,NaN,NaN,NaN,NaN,NaN,NaN,NaN,NaN,NaN,NaN,NaN,NaN,NaN,NaN,NaN,NaN,NaN,NaN,NaN,NaN,NaN,NaN,NaN,NaN,NaN,NaN,NaN,NaN,NaN,NaN,NaN,NaN,NaN,NaN,NaN,NaN,NaN,NaN,NaN,NaN,NaN,NaN,NaN,NaN,NaN,NaN,NaN,NaN,NaN,NaN,NaN,NaN,NaN,NaN,NaN,NaN,NaN,NaN,NaN,NaN,NaN,NaN,NaN,NaN,NaN,NaN,NaN,NaN,NaN,NaN,NaN,NaN,NaN,NaN,NaN
NaN,NaN,NaN,NaN,NaN,NaN,NaN,NaN,NaN,NaN,NaN,NaN,NaN,NaN,NaN,NaN,NaN,NaN,NaN,NaN,NaN,NaN,NaN,NaN,NaN,NaN,NaN,NaN,NaN,NaN,NaN,NaN,NaN,NaN,NaN,NaN,NaN,NaN,NaN,NaN,NaN,NaN,NaN,NaN,NaN,NaN,NaN,NaN,NaN,NaN,NaN,NaN,NaN,NaN,NaN,NaN,NaN,NaN,NaN,NaN,NaN,NaN,NaN,NaN,NaN,NaN,NaN,NaN,NaN,-0.0344952922959395,-0.0338987286164708,-0.0346361590519263,-0.0345276828456133,-0.0344801872696387,-0.0343049890868714,-0.0340159160756882,-0.0337792457531455,-0.0335860681419313,-0.0332768887091771,-0.0329375070326541,-0.0324725865297448,-0.0319890981580483,-0.0314818560300582,-0.0309332366403488,-0.0303990094521343,-0.0298507108383899,-0.0291655490215853,-0.0282885118178577,-0.0273035703989055,-0.0261042377789441,-0.0248080175746771,-0.0235527251144585,-0.022356616493507,-0.0209152923876818,-0.0195545734430092,-0.0184838545079223,-0.0179495366518827,-0.0188805050749674,NaN,NaN,NaN,NaN,NaN,NaN,NaN,NaN,NaN,NaN,NaN,NaN,NaN,NaN,NaN,NaN,NaN,NaN,NaN,NaN,NaN,NaN,NaN,NaN,NaN,NaN,NaN,NaN,NaN,NaN,NaN,NaN,NaN,NaN,NaN,NaN,NaN,NaN,NaN,NaN,NaN,NaN,NaN,NaN,NaN,NaN,NaN,NaN,NaN,NaN,NaN,NaN,NaN,NaN,NaN,NaN,NaN,NaN,NaN,NaN,-0.0123589635837196,-0.0123445478838819,-0.0122884508512573,-0.0123816849769546,-0.0123779788701912,-0.0123185118723147,-0.012128349902377,-0.0119199336962769,NaN,NaN,NaN,NaN,NaN,NaN,NaN,NaN,NaN,NaN,NaN,NaN,NaN,NaN,NaN,NaN,NaN,NaN,NaN,NaN,NaN,NaN,NaN,NaN,NaN,NaN,NaN,NaN,NaN,NaN,NaN,NaN,NaN,NaN,NaN,NaN,NaN,NaN,NaN,NaN,NaN,NaN,NaN,NaN,NaN,NaN,NaN,NaN,NaN,NaN,NaN,NaN,NaN,NaN,NaN,NaN,NaN,NaN,NaN,NaN,NaN,NaN,NaN,NaN,NaN,NaN,NaN,NaN,NaN,NaN,NaN,NaN,NaN,NaN,NaN,NaN,NaN,NaN,NaN
NaN,NaN,NaN,NaN,NaN,NaN,NaN,NaN,NaN,NaN,NaN,NaN,NaN,NaN,NaN,NaN,NaN,NaN,NaN,NaN,NaN,NaN,NaN,NaN,NaN,NaN,NaN,NaN,NaN,NaN,NaN,NaN,NaN,NaN,NaN,NaN,NaN,NaN,NaN,NaN,NaN,NaN,NaN,NaN,NaN,NaN,NaN,NaN,NaN,NaN,NaN,NaN,NaN,NaN,NaN,NaN,NaN,NaN,NaN,NaN,NaN,NaN,NaN,NaN,NaN,NaN,0.00352441255687678,-0.0186612609117442,-0.0345194292238861,-0.0341027550911641,-0.0350831624937101,-0.034964202588733,-0.0349166466304255,-0.034828827041831,-0.0346532651919085,-0.034393033402987,-0.0341679730041663,-0.033889184532934,-0.0336476752245964,-0.0333138901240208,-0.0329421535779465,-0.0324782332985941,-0.0319612643452063,-0.0313878903263172,-0.0308444328320677,-0.0304012695977103,-0.0295568687118771,-0.0285779449610619,-0.0275527608655002,-0.0266003999277172,-0.0250941182378988,-0.0237548701719894,-0.0229098668067599,-0.0218390543837428,-0.0206764345180668,-0.0184951430218251,-0.0174804845286935,-0.018834738845458,NaN,NaN,NaN,NaN,NaN,NaN,NaN,NaN,NaN,NaN,NaN,NaN,NaN,NaN,NaN,NaN,NaN,NaN,NaN,NaN,NaN,NaN,NaN,NaN,NaN,NaN,NaN,NaN,NaN,NaN,NaN,NaN,NaN,NaN,NaN,NaN,NaN,NaN,NaN,NaN,NaN,NaN,NaN,NaN,NaN,NaN,NaN,NaN,NaN,NaN,NaN,NaN,NaN,NaN,NaN,NaN,NaN,NaN,NaN,NaN,-0.0124409375797019,-0.0124352522796062,-0.0124715486596548,-0.0125569377425272,-0.0125422135685647,-0.0125312905359929,-0.0124143640124464,-0.0121475287354986,NaN,NaN,NaN,NaN,NaN,NaN,NaN,NaN,NaN,NaN,NaN,NaN,NaN,NaN,NaN,NaN,NaN,NaN,NaN,NaN,NaN,NaN,NaN,NaN,NaN,NaN,NaN,NaN,NaN,NaN,NaN,NaN,NaN,NaN,NaN,NaN,NaN,NaN,NaN,NaN,NaN,NaN,NaN,NaN,NaN,NaN,NaN,NaN,NaN,NaN,NaN,NaN,NaN,NaN,NaN,NaN,NaN,NaN,NaN,NaN,NaN,NaN,NaN,NaN,NaN,NaN,NaN,NaN,NaN,NaN,NaN,NaN,NaN,NaN,NaN,NaN,NaN,NaN,NaN
NaN,NaN,NaN,NaN,NaN,NaN,NaN,NaN,NaN,NaN,NaN,NaN,NaN,NaN,NaN,NaN,NaN,NaN,NaN,NaN,NaN,NaN,NaN,NaN,NaN,NaN,NaN,NaN,NaN,NaN,NaN,NaN,NaN,NaN,NaN,NaN,NaN,NaN,NaN,NaN,NaN,NaN,NaN,NaN,NaN,NaN,NaN,NaN,NaN,NaN,NaN,NaN,NaN,NaN,NaN,NaN,NaN,NaN,NaN,NaN,NaN,NaN,NaN,NaN,NaN,NaN,-0.0146970972324884,-0.0335845089883144,-0.0347071943538364,-0.0353607499240799,-0.0353055702570537,-0.0352689207135399,-0.0352603376570629,-0.0351441763903535,-0.0349487336200058,-0.0347671450870035,-0.0345673824048352,-0.0342533548528983,-0.0340718614218976,-0.0337575495414666,-0.0334253162448598,-0.0330851654451451,-0.0325553994570959,-0.0318949409396943,-0.0312289853935998,-0.0307385618726634,-0.0301420908660848,-0.0290570101557589,-0.0280428655728937,-0.0269424411307427,-0.0254548368099185,-0.0240311639117787,-0.0231690134274053,-0.0218939495209594,-0.0202630970580677,-0.0188494369015699,-0.0166452428167863,-0.0171739487043265,NaN,NaN,NaN,NaN,NaN,NaN,NaN,NaN,NaN,NaN,NaN,NaN,NaN,NaN,NaN,NaN,NaN,NaN,NaN,NaN,NaN,NaN,NaN,NaN,NaN,NaN,NaN,NaN,NaN,NaN,NaN,NaN,NaN,NaN,NaN,NaN,NaN,NaN,NaN,NaN,NaN,NaN,NaN,NaN,NaN,NaN,NaN,NaN,NaN,NaN,NaN,NaN,NaN,NaN,NaN,NaN,NaN,NaN,NaN,NaN,-0.0125986211897322,-0.0125956248174868,-0.0126642504803272,-0.0127338002510063,-0.0127333985542447,-0.0127215975555476,-0.0126851454537941,-0.012451698240459,NaN,NaN,NaN,NaN,NaN,NaN,NaN,NaN,NaN,NaN,NaN,NaN,NaN,NaN,NaN,NaN,NaN,NaN,NaN,NaN,NaN,NaN,NaN,NaN,NaN,NaN,NaN,NaN,NaN,NaN,NaN,NaN,NaN,NaN,NaN,NaN,NaN,NaN,NaN,NaN,NaN,NaN,NaN,NaN,NaN,NaN,NaN,NaN,NaN,NaN,NaN,NaN,NaN,NaN,NaN,NaN,NaN,NaN,NaN,NaN,NaN,NaN,NaN,NaN,NaN,NaN,NaN,NaN,NaN,NaN,NaN,NaN,NaN,NaN,NaN,NaN,NaN,NaN,NaN
NaN,NaN,NaN,NaN,NaN,NaN,NaN,NaN,NaN,NaN,NaN,NaN,NaN,NaN,NaN,NaN,NaN,NaN,NaN,NaN,NaN,NaN,NaN,NaN,NaN,NaN,NaN,NaN,NaN,NaN,NaN,NaN,NaN,NaN,NaN,NaN,NaN,NaN,NaN,NaN,NaN,NaN,NaN,NaN,NaN,NaN,NaN,NaN,NaN,NaN,NaN,NaN,NaN,NaN,NaN,NaN,NaN,NaN,NaN,NaN,NaN,NaN,NaN,NaN,NaN,NaN,-0.018475490137971,-0.0344980394861662,-0.0355740838534988,-0.0355531616351224,-0.035551035965414,-0.0356274251357901,-0.0356164322562863,-0.0354632255343482,-0.0353211696713985,-0.0351930036612766,-0.0349662898987242,-0.0347251159793747,-0.0345298383475517,-0.0342825903799631,-0.0339726302879719,-0.0336676779002714,-0.0332148959099228,-0.0324827505050999,-0.0316528207490415,-0.0310201211022956,-0.0304045286646193,-0.0295852288613098,-0.0283043495719731,-0.0270261855860568,-0.0252113309473566,-0.0240754274897137,-0.0230641954399675,-0.0213894498344507,-0.0187175150430528,-0.0193948489430136,-0.0162106971020088,-0.0162437527531461,NaN,NaN,NaN,NaN,NaN,NaN,NaN,NaN,NaN,NaN,NaN,NaN,NaN,NaN,NaN,NaN,NaN,NaN,NaN,NaN,NaN,NaN,NaN,NaN,NaN,NaN,NaN,NaN,NaN,NaN,NaN,NaN,NaN,NaN,NaN,NaN,NaN,NaN,NaN,NaN,NaN,NaN,NaN,NaN,NaN,NaN,NaN,NaN,NaN,NaN,NaN,NaN,NaN,NaN,NaN,NaN,NaN,NaN,NaN,NaN,-0.0127913576711896,-0.0127956474353013,-0.0128831594819539,-0.012898024059562,-0.0129366319050161,-0.0129156728912827,-0.0129070034739637,-0.0127725387399117,NaN,NaN,NaN,NaN,NaN,NaN,NaN,NaN,NaN,NaN,NaN,NaN,NaN,NaN,NaN,NaN,NaN,NaN,NaN,NaN,NaN,NaN,NaN,NaN,NaN,NaN,NaN,NaN,NaN,NaN,NaN,NaN,NaN,NaN,NaN,NaN,NaN,NaN,NaN,NaN,NaN,NaN,NaN,NaN,NaN,NaN,NaN,NaN,NaN,NaN,NaN,NaN,NaN,NaN,NaN,NaN,NaN,NaN,NaN,NaN,NaN,NaN,NaN,NaN,NaN,NaN,NaN,NaN,NaN,NaN,NaN,NaN,NaN,NaN,NaN,NaN,NaN,NaN,NaN
NaN,NaN,NaN,NaN,NaN,NaN,NaN,NaN,NaN,NaN,NaN,NaN,NaN,NaN,NaN,NaN,NaN,NaN,NaN,NaN,NaN,NaN,NaN,NaN,NaN,NaN,NaN,NaN,NaN,NaN,NaN,NaN,NaN,NaN,NaN,NaN,NaN,NaN,NaN,NaN,NaN,NaN,NaN,NaN,NaN,NaN,NaN,NaN,NaN,NaN,NaN,NaN,NaN,NaN,NaN,NaN,NaN,NaN,NaN,NaN,NaN,NaN,NaN,NaN,NaN,-0.0181339973144395,-0.0354295930712165,-0.0356339550071406,-0.0357567517924792,-0.0357595600027265,-0.0358299181833238,-0.0359990509960964,-0.0359431824726739,-0.0358765691617542,-0.0357670676396652,-0.0356519002580873,-0.0354401834720609,-0.0352892817019252,-0.0350596099462582,-0.0348720823213101,-0.0345352419655711,-0.03413665888737,-0.0337294286524735,-0.0331371986178454,-0.0321697269780689,-0.0313356541294868,-0.0305479433173331,-0.0296198752570883,-0.0277707869143268,-0.0266096270796103,-0.0256805741165481,-0.0244292022932632,-0.0226750074625199,-0.020008825600029,-0.0168139770743001,-0.0157491972807711,-0.015860348413415,-0.0187643074230899,NaN,NaN,NaN,NaN,NaN,NaN,NaN,NaN,NaN,NaN,NaN,NaN,NaN,NaN,NaN,NaN,NaN,NaN,NaN,NaN,NaN,NaN,NaN,NaN,NaN,NaN,NaN,NaN,NaN,NaN,NaN,NaN,NaN,NaN,NaN,NaN,NaN,NaN,NaN,NaN,NaN,NaN,NaN,NaN,NaN,NaN,NaN,NaN,NaN,NaN,NaN,NaN,NaN,NaN,NaN,NaN,NaN,NaN,NaN,NaN,-0.0129776935744793,-0.0130473085010399,-0.0131055939213781,-0.013064358993088,-0.013140910050322,-0.0131258778173506,-0.0131073531362328,-0.0131054102751663,NaN,NaN,NaN,NaN,NaN,NaN,NaN,NaN,NaN,NaN,NaN,NaN,NaN,NaN,NaN,NaN,NaN,NaN,NaN,NaN,NaN,NaN,NaN,NaN,NaN,NaN,NaN,NaN,NaN,NaN,NaN,NaN,NaN,NaN,NaN,NaN,NaN,NaN,NaN,NaN,NaN,NaN,NaN,NaN,NaN,NaN,NaN,NaN,NaN,NaN,NaN,NaN,NaN,NaN,NaN,NaN,NaN,NaN,NaN,NaN,NaN,NaN,NaN,NaN,NaN,NaN,NaN,NaN,NaN,NaN,NaN,NaN,NaN,NaN,NaN,NaN,NaN,NaN,NaN
NaN,NaN,NaN,NaN,NaN,NaN,NaN,NaN,NaN,NaN,NaN,NaN,NaN,NaN,NaN,NaN,NaN,NaN,NaN,NaN,NaN,NaN,NaN,NaN,NaN,NaN,NaN,NaN,NaN,NaN,NaN,NaN,NaN,NaN,NaN,NaN,NaN,NaN,NaN,NaN,NaN,NaN,NaN,NaN,NaN,NaN,NaN,NaN,NaN,NaN,NaN,NaN,NaN,NaN,NaN,NaN,NaN,NaN,NaN,NaN,NaN,-0.0201703158093234,-0.0271571226109524,-0.0295955018932929,-0.0324320939975339,-0.0353806967573964,-0.0354991792820141,-0.0358556574786363,-0.0358680796148153,-0.0359346483623374,-0.0361815956976482,-0.0363053422552002,-0.036285663118609,-0.0362823349935786,-0.0362490049908021,-0.0360619296173104,-0.0359086412136523,-0.0357681891389626,-0.0355451035227532,-0.0352850771126795,-0.0349010958626197,-0.0345053307516836,-0.0341081513279155,-0.033599369255681,-0.0326102277352337,-0.0314840101015475,-0.0306762829577612,-0.0282552011990703,-0.0252059536756702,-0.0265351391067185,-0.0258485150752365,-0.0234996663883137,-0.022847120733123,-0.0189019698946907,-0.0157325732563534,-0.0157226701277464,-0.01575405595632,-0.0187487378744606,-0.00631954018758105,NaN,NaN,NaN,NaN,NaN,NaN,NaN,NaN,NaN,NaN,NaN,NaN,NaN,NaN,NaN,NaN,NaN,NaN,NaN,NaN,NaN,NaN,NaN,NaN,NaN,NaN,NaN,NaN,NaN,NaN,NaN,NaN,NaN,NaN,NaN,NaN,NaN,NaN,NaN,NaN,NaN,NaN,NaN,NaN,NaN,NaN,NaN,NaN,NaN,NaN,NaN,NaN,NaN,NaN,NaN,NaN,NaN,NaN,-0.0131801043373544,-0.0131841601610969,-0.0132658243261688,-0.0133229003718378,-0.0132486815379644,-0.0133087340644468,-0.01336099070462,-0.0132778470504208,-0.013293132164761,NaN,NaN,NaN,NaN,NaN,NaN,NaN,NaN,NaN,NaN,NaN,NaN,NaN,NaN,NaN,NaN,NaN,NaN,NaN,NaN,NaN,NaN,NaN,NaN,NaN,NaN,NaN,NaN,NaN,NaN,NaN,NaN,NaN,NaN,NaN,NaN,NaN,NaN,NaN,NaN,NaN,NaN,NaN,NaN,NaN,NaN,NaN,NaN,NaN,NaN,NaN,NaN,NaN,NaN,NaN,NaN,NaN,NaN,NaN,NaN,NaN,NaN,NaN,NaN,NaN,NaN,NaN,NaN,NaN,NaN,NaN,NaN,NaN,NaN,NaN,NaN,NaN,NaN,NaN
NaN,NaN,NaN,NaN,NaN,NaN,NaN,NaN,NaN,NaN,NaN,NaN,NaN,NaN,NaN,NaN,NaN,NaN,NaN,NaN,NaN,NaN,NaN,NaN,NaN,NaN,NaN,NaN,NaN,NaN,NaN,NaN,NaN,NaN,NaN,NaN,NaN,NaN,NaN,NaN,NaN,NaN,NaN,NaN,NaN,NaN,NaN,NaN,NaN,NaN,NaN,NaN,NaN,NaN,NaN,NaN,NaN,NaN,NaN,NaN,-0.0201370958495462,-0.0353188645637963,-0.0355938196782976,-0.0356951654455391,-0.0357899314228423,-0.0358312877028535,-0.0358634696253273,-0.0359043527880247,-0.0359645754569233,-0.0359375890844656,-0.0365695603511546,-0.0367311376745317,-0.036723804417085,-0.0367056334697532,-0.0367096988982086,-0.0365603937765366,-0.0364055500759222,-0.0362207017099119,-0.035889070356706,-0.0356279554699329,-0.0352679534259319,-0.0347961825699266,-0.0343743821018807,-0.0339228548475498,-0.0325651858898686,-0.0313405653411696,-0.0305210132049523,-0.0278341657041699,-0.0244642681377832,-0.0266069557494599,-0.0264731535320587,-0.0207201834461027,-0.0148956425885192,-0.00576242934739348,-0.0185295912679468,-0.0187118985955133,-0.0187226480927503,-0.00627257432347665,-0.00763360457783953,NaN,NaN,NaN,NaN,NaN,NaN,NaN,NaN,NaN,NaN,NaN,NaN,NaN,NaN,NaN,NaN,NaN,NaN,NaN,NaN,NaN,NaN,NaN,NaN,NaN,NaN,NaN,NaN,NaN,NaN,NaN,NaN,NaN,NaN,NaN,NaN,NaN,NaN,NaN,NaN,NaN,NaN,NaN,NaN,NaN,NaN,NaN,NaN,NaN,NaN,NaN,NaN,NaN,NaN,NaN,NaN,NaN,-0.0138481416948941,-0.0137546307430079,-0.0135085750337169,-0.0134522507333478,-0.0135064400658881,-0.0134644034668661,-0.0134893712333806,-0.0136248948483685,-0.0135459187869483,NaN,NaN,NaN,NaN,NaN,NaN,NaN,NaN,NaN,NaN,NaN,NaN,NaN,NaN,NaN,NaN,NaN,NaN,NaN,NaN,NaN,NaN,NaN,NaN,NaN,NaN,NaN,NaN,NaN,NaN,NaN,NaN,NaN,NaN,NaN,NaN,NaN,NaN,NaN,NaN,NaN,NaN,NaN,NaN,NaN,NaN,NaN,NaN,NaN,NaN,NaN,NaN,NaN,NaN,NaN,NaN,NaN,NaN,NaN,NaN,NaN,NaN,NaN,NaN,NaN,NaN,NaN,NaN,NaN,NaN,NaN,NaN,NaN,NaN,NaN,NaN,NaN,NaN,NaN,NaN
NaN,NaN,NaN,NaN,NaN,NaN,NaN,NaN,NaN,NaN,NaN,NaN,NaN,NaN,NaN,NaN,NaN,NaN,NaN,NaN,NaN,NaN,NaN,NaN,NaN,NaN,NaN,NaN,NaN,NaN,NaN,NaN,NaN,NaN,NaN,NaN,NaN,NaN,NaN,NaN,NaN,NaN,NaN,NaN,NaN,NaN,NaN,NaN,NaN,NaN,NaN,NaN,NaN,NaN,NaN,NaN,NaN,NaN,NaN,NaN,-0.0352146977381956,-0.0354858820599404,-0.035617147882656,-0.0357091234608044,-0.0357948646848213,-0.0358566807866698,-0.0359264420659361,-0.0360014558156572,-0.0361054039412423,-0.035549508127338,-0.037239817367233,-0.0373492780649957,-0.0373174338287759,-0.0372336796119532,-0.0371939131034551,-0.0371873013202408,-0.0371152359913258,-0.03696753058564,-0.036496360809678,-0.0360990171229659,-0.0358035308436619,-0.0352909126945273,-0.034705070094642,-0.0339641144395669,-0.0331459989216594,-0.0321233330892166,-0.0313829630675818,-0.0286650549752447,-0.0272718759270491,-0.0267619663268162,-0.0265666436646859,-0.0208193679305787,NaN,NaN,NaN,NaN,NaN,NaN,NaN,NaN,NaN,NaN,NaN,NaN,NaN,NaN,NaN,NaN,NaN,NaN,NaN,NaN,NaN,NaN,NaN,NaN,NaN,NaN,NaN,NaN,NaN,NaN,NaN,NaN,NaN,NaN,NaN,NaN,NaN,NaN,NaN,NaN,NaN,NaN,NaN,NaN,NaN,NaN,NaN,NaN,NaN,NaN,NaN,NaN,NaN,NaN,NaN,NaN,NaN,NaN,NaN,NaN,NaN,NaN,NaN,NaN,-0.0138898699537479,-0.0139429886807982,-0.0138134338047645,-0.0136675236298208,-0.0136629631136022,-0.0136810948745049,-0.0137124837938722,-0.0138452965609589,-0.0138796205073877,NaN,NaN,NaN,NaN,NaN,NaN,NaN,NaN,NaN,NaN,NaN,NaN,NaN,NaN,NaN,NaN,NaN,NaN,NaN,NaN,NaN,NaN,NaN,NaN,NaN,NaN,NaN,NaN,NaN,NaN,NaN,NaN,NaN,NaN,NaN,NaN,NaN,NaN,NaN,NaN,NaN,NaN,NaN,NaN,NaN,NaN,NaN,NaN,NaN,NaN,NaN,NaN,NaN,NaN,NaN,NaN,NaN,NaN,NaN,NaN,NaN,NaN,NaN,NaN,NaN,NaN,NaN,NaN,NaN,NaN,NaN,NaN,NaN,NaN,NaN,NaN,NaN,NaN,NaN,NaN
NaN,NaN,NaN,NaN,NaN,NaN,NaN,NaN,NaN,NaN,NaN,NaN,NaN,NaN,NaN,NaN,NaN,NaN,NaN,NaN,NaN,NaN,NaN,NaN,NaN,NaN,NaN,NaN,NaN,NaN,NaN,NaN,NaN,NaN,NaN,NaN,NaN,NaN,NaN,NaN,NaN,NaN,NaN,NaN,NaN,NaN,NaN,NaN,NaN,NaN,NaN,NaN,NaN,NaN,NaN,NaN,NaN,-0.00472334358553644,-0.020050700790298,NaN,-0.035214924730444,-0.0355045934978256,-0.0356137605541943,-0.0357193034858784,-0.0358270999009325,-0.0359439457375714,-0.0360611195908095,-0.0361891205748374,-0.0363340717968856,-0.0367423953926383,-0.0375642277856975,-0.0377142287747464,-0.0378491701193935,-0.0377528600643652,-0.0377828702581605,-0.0378964129997488,-0.0379642295866866,-0.0378667796134898,-0.0374977685008458,-0.03701289781221,-0.0367271324379404,-0.0362532263822269,-0.0356209566668141,-0.0336497918414601,NaN,NaN,-0.0218717651990415,-0.0116054450308628,-0.0265589360730174,-0.0208441725863105,-0.0207572875657221,NaN,NaN,NaN,NaN,NaN,NaN,NaN,NaN,NaN,NaN,NaN,NaN,NaN,NaN,NaN,NaN,NaN,NaN,NaN,NaN,NaN,NaN,NaN,NaN,NaN,NaN,NaN,NaN,NaN,NaN,NaN,NaN,NaN,NaN,NaN,NaN,NaN,NaN,NaN,NaN,NaN,NaN,NaN,NaN,NaN,NaN,NaN,NaN,NaN,NaN,NaN,NaN,NaN,NaN,NaN,NaN,NaN,NaN,NaN,NaN,NaN,NaN,NaN,NaN,NaN,NaN,-0.0140147268287499,-0.014011909560688,-0.0138785975752023,-0.0138579902194726,-0.0139072239140596,-0.0139633167304998,-0.0140064437755526,-0.0141192796960632,NaN,NaN,NaN,NaN,NaN,NaN,NaN,NaN,NaN,NaN,NaN,NaN,NaN,NaN,NaN,NaN,NaN,NaN,NaN,NaN,NaN,NaN,NaN,NaN,NaN,NaN,NaN,NaN,NaN,NaN,NaN,NaN,NaN,NaN,NaN,NaN,NaN,NaN,NaN,NaN,NaN,NaN,NaN,NaN,NaN,NaN,NaN,NaN,NaN,NaN,NaN,NaN,NaN,NaN,NaN,NaN,NaN,NaN,NaN,NaN,NaN,NaN,NaN,NaN,NaN,NaN,NaN,NaN,NaN,NaN,NaN,NaN,NaN,NaN,NaN,NaN,NaN,NaN,NaN,NaN
NaN,NaN,NaN,NaN,NaN,NaN,NaN,NaN,NaN,NaN,NaN,NaN,NaN,NaN,NaN,NaN,NaN,NaN,NaN,NaN,NaN,NaN,NaN,NaN,NaN,NaN,NaN,NaN,NaN,NaN,NaN,NaN,NaN,NaN,NaN,NaN,NaN,NaN,NaN,NaN,NaN,NaN,NaN,NaN,NaN,NaN,NaN,NaN,NaN,NaN,NaN,NaN,NaN,NaN,NaN,0.00453682129712899,-0.00475649064615791,-0.0314068963501667,-0.0340263142940013,-0.0295459342855167,-0.035292185794947,-0.0354679387576058,-0.0356101399552522,-0.0357494835165839,-0.0359033998450165,-0.0360779316377932,-0.0362511240612575,-0.0364476496448443,-0.036720824225275,-0.0371564394465754,-0.0377324987906281,-0.0379884520591238,-0.0380816341768987,-0.038154871308958,-0.0382369517730193,-0.0384051904716298,-0.0385266659696278,-0.0383842373712581,-0.0381487996657827,-0.0378878725205601,-0.0374533629032147,-0.0371635763705175,-0.0367097506345451,-0.0196923895679224,NaN,NaN,NaN,-0.00286321750464014,-0.0099344515394412,NaN,NaN,NaN,NaN,NaN,NaN,NaN,NaN,NaN,NaN,NaN,NaN,NaN,NaN,NaN,NaN,NaN,NaN,NaN,NaN,NaN,NaN,NaN,NaN,NaN,NaN,NaN,NaN,NaN,NaN,NaN,NaN,NaN,NaN,NaN,NaN,NaN,NaN,NaN,NaN,NaN,NaN,NaN,NaN,NaN,NaN,NaN,NaN,NaN,NaN,NaN,NaN,NaN,NaN,NaN,NaN,NaN,NaN,NaN,NaN,NaN,NaN,NaN,NaN,NaN,NaN,NaN,NaN,-0.0142668298228764,-0.0142092783091802,-0.0141750097649231,-0.0141152543793384,-0.0141640366938229,-0.0142261051896986,-0.0142171735672575,NaN,NaN,NaN,NaN,NaN,NaN,NaN,NaN,NaN,NaN,NaN,NaN,NaN,NaN,NaN,NaN,NaN,NaN,NaN,NaN,NaN,NaN,NaN,NaN,NaN,NaN,NaN,NaN,NaN,NaN,NaN,NaN,NaN,NaN,NaN,NaN,NaN,NaN,NaN,NaN,NaN,NaN,NaN,NaN,NaN,NaN,NaN,NaN,NaN,NaN,NaN,NaN,NaN,NaN,NaN,NaN,NaN,NaN,NaN,NaN,NaN,NaN,NaN,NaN,NaN,NaN,NaN,NaN,NaN,NaN,NaN,NaN,NaN,NaN,NaN,NaN,NaN,NaN,NaN,NaN,NaN
NaN,NaN,NaN,NaN,NaN,NaN,NaN,NaN,NaN,NaN,NaN,NaN,NaN,NaN,NaN,NaN,NaN,NaN,NaN,NaN,NaN,NaN,NaN,NaN,NaN,NaN,NaN,NaN,NaN,NaN,NaN,NaN,NaN,NaN,NaN,NaN,NaN,NaN,NaN,NaN,NaN,NaN,NaN,NaN,NaN,NaN,NaN,NaN,NaN,-0.0152666231918445,-0.027679450285729,-0.0234451723929323,-0.0192047106352033,NaN,NaN,0.00344942138314945,-0.0196466029601466,-0.033817115961277,-0.0340778227282322,-0.0347190410678112,-0.0351119978054164,-0.0353930581545993,-0.0356179661075307,-0.0358113245200687,-0.0360057886665383,-0.0362134138004082,-0.0364269551496061,-0.0366432632161559,-0.0369289156537725,-0.0373426537956394,-0.0378951297450704,-0.0381558245583904,-0.0381736932922697,-0.0383000621985727,-0.0384371051473092,-0.0385863438736715,-0.0386509899232672,-0.0385871359478366,-0.0384663585607263,-0.038316022789735,-0.0381846034732063,-0.0379069375330049,-0.0376812571920856,NaN,NaN,NaN,NaN,NaN,NaN,NaN,NaN,NaN,NaN,NaN,NaN,NaN,NaN,NaN,NaN,NaN,NaN,NaN,NaN,NaN,NaN,NaN,NaN,NaN,NaN,NaN,NaN,NaN,NaN,NaN,NaN,NaN,NaN,NaN,NaN,NaN,NaN,NaN,NaN,NaN,NaN,NaN,NaN,NaN,NaN,NaN,NaN,NaN,NaN,NaN,NaN,NaN,NaN,NaN,NaN,NaN,NaN,NaN,NaN,NaN,NaN,NaN,NaN,NaN,NaN,NaN,NaN,NaN,NaN,NaN,NaN,NaN,-0.0147163331804129,-0.0146532844080933,-0.0145194207515708,-0.0144465899522119,-0.0144368420967995,-0.0144238061492489,-0.0144667686183559,-0.0145496204485895,NaN,NaN,NaN,NaN,NaN,NaN,NaN,NaN,NaN,NaN,NaN,NaN,NaN,NaN,NaN,NaN,NaN,NaN,NaN,NaN,NaN,NaN,NaN,NaN,NaN,NaN,NaN,NaN,NaN,NaN,NaN,NaN,NaN,NaN,NaN,NaN,NaN,NaN,NaN,NaN,NaN,NaN,NaN,NaN,NaN,NaN,NaN,NaN,NaN,NaN,NaN,NaN,NaN,NaN,NaN,NaN,NaN,NaN,NaN,NaN,NaN,NaN,NaN,NaN,NaN,NaN,NaN,NaN,NaN,NaN,NaN,NaN,NaN,NaN,NaN,NaN,NaN,NaN,NaN,NaN,NaN
NaN,NaN,NaN,NaN,NaN,NaN,NaN,NaN,NaN,NaN,NaN,NaN,NaN,NaN,NaN,NaN,NaN,NaN,NaN,NaN,NaN,NaN,NaN,NaN,NaN,NaN,NaN,NaN,NaN,NaN,NaN,NaN,NaN,NaN,NaN,NaN,NaN,NaN,NaN,NaN,NaN,NaN,NaN,NaN,NaN,NaN,-0.0251168650751964,-0.011520236409943,-0.0152279077647742,-0.0280097703300555,-0.0283917420494509,-0.0290538150388487,-0.0294315856485617,-0.0282032418486792,-0.0202440382470435,NaN,-0.0320718646507876,-0.0337305831407812,-0.0341852906494389,-0.0346132215156449,-0.0350224048441734,-0.0353806514074176,-0.0356638389840863,-0.0358881817431966,-0.0361133570314803,-0.0363455003264813,-0.0365800458199098,-0.0368016421382397,-0.0370595699175382,-0.0373948362979786,-0.0378601026889476,-0.0382153756925513,-0.0383111850240053,-0.038383435221306,-0.0385245073178763,-0.0386407435959482,-0.0386432838287428,-0.0386900275804778,-0.0386708009230828,-0.0385256400927568,-0.0384335642796946,-0.0383559742946948,-0.038080484879495,-0.0368538207087156,-0.0355133317192063,-0.0233514554365836,NaN,NaN,NaN,NaN,NaN,NaN,NaN,NaN,NaN,NaN,NaN,NaN,NaN,NaN,NaN,NaN,NaN,NaN,NaN,NaN,NaN,NaN,NaN,NaN,NaN,NaN,NaN,NaN,NaN,NaN,NaN,NaN,NaN,NaN,NaN,NaN,NaN,NaN,NaN,NaN,NaN,NaN,NaN,NaN,NaN,NaN,NaN,NaN,NaN,NaN,NaN,NaN,NaN,NaN,NaN,NaN,NaN,NaN,NaN,NaN,NaN,NaN,NaN,NaN,NaN,NaN,NaN,NaN,NaN,NaN,-0.0148986439932928,-0.0148807476455121,-0.0148113326287619,-0.0147368152331758,-0.0147679043857127,-0.0147443384567287,-0.014732171176124,NaN,NaN,NaN,NaN,NaN,NaN,NaN,NaN,NaN,NaN,NaN,NaN,NaN,NaN,NaN,NaN,NaN,NaN,NaN,NaN,NaN,NaN,NaN,NaN,NaN,NaN,NaN,NaN,NaN,NaN,NaN,NaN,NaN,NaN,NaN,NaN,NaN,NaN,NaN,NaN,NaN,NaN,NaN,NaN,NaN,NaN,NaN,NaN,NaN,NaN,NaN,NaN,NaN,NaN,NaN,NaN,NaN,NaN,NaN,NaN,NaN,NaN,NaN,NaN,NaN,NaN,NaN,NaN,NaN,NaN,NaN,NaN,NaN,NaN,NaN,NaN,NaN,NaN,NaN,NaN,NaN,NaN
NaN,NaN,NaN,NaN,NaN,NaN,NaN,NaN,NaN,NaN,NaN,NaN,NaN,NaN,NaN,NaN,NaN,NaN,NaN,NaN,NaN,NaN,NaN,NaN,NaN,NaN,NaN,NaN,NaN,NaN,NaN,NaN,NaN,NaN,NaN,NaN,NaN,NaN,NaN,NaN,NaN,NaN,NaN,NaN,NaN,-0.0174569453526374,-0.0252866291051816,-0.0255730294876638,-0.0261839238507729,-0.0265528954396528,-0.0270187781867297,-0.0292645103747966,-0.0297787960627135,-0.0304559430430479,-0.0313626213794286,-0.0321034649264668,-0.0328971527577573,-0.0335361790998793,-0.0340592566427571,-0.034550198856071,-0.0349911587906349,-0.0354183804333499,-0.0357501836913992,-0.0359928737702472,-0.0362389382406713,-0.0365005048458636,-0.0367636305354722,-0.0369883621329782,-0.0372330840512508,-0.03758367375807,-0.037978451057651,-0.0381877318062734,-0.0384233500093502,-0.0385200835340101,-0.0386193138116748,-0.0386470133010726,-0.0386174151201153,-0.0386915416270339,-0.0387372465378194,-0.0386467318032838,-0.038526504728952,-0.0384450618974478,-0.0383420168612109,-0.0382238129602673,-0.0380123872722714,-0.0379554860416123,-0.0376700532822598,-0.0375733158739439,NaN,NaN,NaN,NaN,NaN,NaN,NaN,NaN,NaN,NaN,NaN,NaN,NaN,NaN,NaN,NaN,NaN,NaN,NaN,NaN,NaN,NaN,NaN,NaN,NaN,NaN,NaN,NaN,NaN,NaN,NaN,NaN,NaN,NaN,NaN,NaN,NaN,NaN,NaN,NaN,NaN,NaN,NaN,NaN,NaN,NaN,NaN,NaN,NaN,NaN,NaN,NaN,NaN,NaN,NaN,NaN,NaN,NaN,NaN,NaN,NaN,NaN,NaN,NaN,NaN,NaN,NaN,NaN,NaN,-0.0153397527206967,-0.0151607834700294,-0.0150682922028272,-0.0151106909331265,-0.015098921505578,-0.015041781776542,NaN,NaN,NaN,NaN,NaN,NaN,NaN,NaN,NaN,NaN,NaN,NaN,NaN,NaN,NaN,NaN,NaN,NaN,NaN,NaN,NaN,NaN,NaN,NaN,NaN,NaN,NaN,NaN,NaN,NaN,NaN,NaN,NaN,NaN,NaN,NaN,NaN,NaN,NaN,NaN,NaN,NaN,NaN,NaN,NaN,NaN,NaN,NaN,NaN,NaN,NaN,NaN,NaN,NaN,NaN,NaN,NaN,NaN,NaN,NaN,NaN,NaN,NaN,NaN,NaN,NaN,NaN,NaN,NaN,NaN,NaN,NaN,NaN,NaN,NaN,NaN,NaN,NaN,NaN,NaN,NaN,NaN
NaN,NaN,NaN,NaN,NaN,NaN,NaN,NaN,NaN,NaN,NaN,NaN,NaN,NaN,-0.0117782823256414,-0.0104762785592231,-0.00936487905433056,-0.0100456399766899,-0.00971320209972073,-0.009859514100447,-0.00992426459471208,-0.0144233127464262,-0.00720950677816458,NaN,NaN,NaN,NaN,NaN,NaN,NaN,NaN,NaN,NaN,NaN,NaN,NaN,NaN,NaN,NaN,NaN,NaN,NaN,NaN,NaN,NaN,-0.0203911222222511,-0.025176626059158,-0.0256878314376731,-0.0263507286738748,-0.0273049601706366,-0.0285290401026686,-0.0293992587373266,-0.0300923742573541,-0.03081209539728,-0.0315098329404629,-0.0321197294987404,-0.0327570352885712,-0.033404201446142,-0.0340006133361925,-0.0345330725529861,-0.0350203845845036,-0.0355147482149235,-0.0358906534964073,-0.0361826778492572,-0.0364656605530886,-0.0366357995089989,-0.0370442827763357,-0.0372749586339298,-0.0375527855470112,-0.0379222887617403,-0.0382254896954119,-0.0384104993206478,-0.0385554556515704,-0.0386971371741966,-0.0387211881907189,-0.0386771474844074,-0.0386084591807072,-0.0386476665451684,-0.0386955638180108,-0.0386848088897165,-0.0385822869424946,-0.0384712687119895,-0.0383516611021846,-0.0382275856837794,-0.0381545788729828,-0.0381004782070153,-0.0380160790276664,-0.0376333142415385,NaN,NaN,NaN,NaN,NaN,NaN,NaN,NaN,NaN,NaN,NaN,NaN,NaN,NaN,NaN,NaN,NaN,NaN,NaN,NaN,NaN,NaN,NaN,NaN,NaN,NaN,NaN,NaN,NaN,NaN,NaN,NaN,NaN,NaN,NaN,NaN,NaN,NaN,NaN,NaN,NaN,NaN,NaN,NaN,NaN,NaN,NaN,NaN,NaN,NaN,NaN,NaN,NaN,NaN,NaN,NaN,NaN,NaN,NaN,NaN,NaN,NaN,NaN,NaN,NaN,NaN,NaN,NaN,NaN,-0.0159294939295819,-0.0155773570588543,-0.0154163651218706,-0.0154867255506196,-0.0155579258860121,NaN,NaN,NaN,NaN,NaN,NaN,NaN,NaN,NaN,NaN,NaN,NaN,NaN,NaN,NaN,NaN,NaN,NaN,NaN,NaN,NaN,NaN,NaN,NaN,NaN,NaN,NaN,NaN,NaN,NaN,NaN,NaN,NaN,NaN,NaN,NaN,NaN,NaN,NaN,NaN,NaN,NaN,NaN,NaN,NaN,NaN,NaN,NaN,NaN,NaN,NaN,NaN,NaN,NaN,NaN,NaN,NaN,NaN,NaN,NaN,NaN,NaN,NaN,NaN,NaN,NaN,NaN,NaN,NaN,NaN,NaN,NaN,NaN,NaN,NaN,NaN,NaN,NaN,NaN,NaN,NaN,NaN,NaN
NaN,NaN,NaN,NaN,NaN,NaN,NaN,NaN,NaN,NaN,NaN,NaN,NaN,NaN,-0.00931909254418421,-0.00933438108696449,-0.00936984543052707,-0.00939497817092963,-0.00970286943047585,-0.00990953794892871,-0.00997691712637584,-0.010119980167593,-0.0145413866205272,-0.00710196194831278,NaN,NaN,NaN,NaN,NaN,NaN,NaN,NaN,NaN,NaN,NaN,NaN,NaN,NaN,NaN,NaN,NaN,NaN,NaN,-0.0138103129337987,-0.024051759237556,-0.0242544533373852,-0.0249175090634559,-0.0256613180430016,-0.026559866763254,-0.0276052015223468,-0.0286080804381548,-0.0294154410583503,-0.0301651821049194,-0.0308595345011977,-0.0315347050866099,-0.0321616492026249,-0.0327887390156771,-0.0334143603162712,-0.0339964174003369,-0.0345407445629708,-0.0351318645648396,-0.0357261141499139,-0.0361510357284753,-0.0365185285045871,-0.0368812476283497,-0.0372002013207429,-0.0373838066521472,-0.0376314912170824,-0.0379211948838536,-0.0382157519010596,-0.0384567198479383,-0.0386130285957875,-0.0387693521746118,-0.038825690270877,-0.0387918969737292,-0.0386968600717006,-0.0386234720122338,-0.0385847665158946,-0.0386213764889098,-0.038660438059803,-0.0386017534194845,-0.0384786607530371,-0.0383655282429673,-0.0382526880314594,-0.0381588437078716,-0.0380949391938054,-0.0380380661454023,-0.03771878697706,NaN,NaN,NaN,NaN,NaN,NaN,NaN,NaN,NaN,NaN,NaN,NaN,NaN,NaN,NaN,NaN,NaN,NaN,NaN,NaN,NaN,NaN,NaN,NaN,NaN,NaN,NaN,NaN,NaN,NaN,NaN,NaN,NaN,NaN,NaN,NaN,NaN,NaN,NaN,NaN,NaN,NaN,NaN,NaN,NaN,NaN,NaN,NaN,NaN,NaN,NaN,NaN,NaN,NaN,NaN,NaN,NaN,NaN,NaN,NaN,NaN,NaN,NaN,NaN,NaN,NaN,NaN,NaN,NaN,-0.0168653232416159,-0.0160066460452332,-0.015731964206972,-0.0157870173059768,-0.0158743483520277,NaN,NaN,NaN,NaN,NaN,NaN,NaN,NaN,NaN,NaN,NaN,NaN,NaN,NaN,NaN,NaN,NaN,NaN,NaN,NaN,NaN,NaN,NaN,NaN,NaN,NaN,NaN,NaN,NaN,NaN,NaN,NaN,NaN,NaN,NaN,NaN,NaN,NaN,NaN,NaN,NaN,NaN,NaN,NaN,NaN,NaN,NaN,NaN,NaN,NaN,NaN,NaN,NaN,NaN,NaN,NaN,NaN,NaN,NaN,NaN,NaN,NaN,NaN,NaN,NaN,NaN,NaN,NaN,NaN,NaN,NaN,NaN,NaN,NaN,NaN,NaN,NaN,NaN,NaN,NaN,NaN,NaN,NaN
NaN,NaN,NaN,NaN,NaN,NaN,NaN,NaN,NaN,NaN,NaN,NaN,NaN,-0.00930857171900489,-0.00932408854198123,-0.00933501622245478,-0.00933067047532576,-0.010073175605794,-0.0123518707696148,-0.00995406548339572,-0.0101742456854052,-0.010394305846343,-0.0105496682562462,-0.0148042515050619,-0.00843784711425855,-0.00774248338270085,NaN,NaN,NaN,NaN,NaN,NaN,NaN,NaN,NaN,NaN,NaN,NaN,NaN,NaN,NaN,NaN,NaN,-0.00915600653723136,-0.0238427345423129,-0.0242012608238024,-0.0248604364718831,-0.0256784826109101,-0.0266951179679232,-0.0274784414381562,-0.0285986335966894,-0.0294421257029958,-0.0302259781734988,-0.0309271086761983,-0.0316220861679933,-0.0322751275877837,-0.0328974616606632,-0.0335019755535466,-0.0340412692933625,-0.0343826028058134,-0.0350970561102195,-0.0361522600970736,-0.0365537987392836,-0.0369174112347943,-0.0373373411852035,-0.037548601579628,-0.0377290637213511,-0.0379619265006605,-0.0382249121263006,-0.0384857420521653,-0.0386297587138742,-0.0387289178716338,-0.0388089344446468,-0.0388541412650532,-0.0388514134222031,-0.038762691932283,-0.0386566721839366,-0.0385367233574691,-0.0385354171492435,-0.0385719198712764,-0.038573992358586,-0.0384967121058867,-0.0383701998571426,-0.0382602980075292,-0.0381717900143987,-0.0381093337099672,-0.0380562392551834,-0.0378798216215827,NaN,NaN,NaN,NaN,NaN,NaN,NaN,NaN,NaN,NaN,NaN,NaN,NaN,NaN,NaN,NaN,NaN,NaN,NaN,NaN,NaN,NaN,NaN,NaN,NaN,NaN,NaN,NaN,NaN,NaN,NaN,NaN,NaN,NaN,NaN,NaN,NaN,NaN,NaN,NaN,NaN,NaN,NaN,NaN,NaN,NaN,NaN,NaN,NaN,NaN,NaN,NaN,NaN,NaN,NaN,NaN,NaN,NaN,NaN,NaN,NaN,NaN,NaN,NaN,NaN,NaN,NaN,-0.015516306715416,-0.0157373210918426,-0.0164651229554567,-0.0161001807951098,-0.0160623757445438,-0.0162331468651531,-0.0162059606886941,NaN,NaN,NaN,NaN,NaN,NaN,NaN,NaN,NaN,NaN,NaN,NaN,NaN,NaN,NaN,NaN,NaN,NaN,NaN,NaN,NaN,NaN,NaN,NaN,NaN,NaN,NaN,NaN,NaN,NaN,NaN,NaN,NaN,NaN,NaN,NaN,NaN,NaN,NaN,NaN,NaN,NaN,NaN,NaN,NaN,NaN,NaN,NaN,NaN,NaN,NaN,NaN,NaN,NaN,NaN,NaN,NaN,NaN,NaN,NaN,NaN,NaN,NaN,NaN,NaN,NaN,NaN,NaN,NaN,NaN,NaN,NaN,NaN,NaN,NaN,NaN,NaN,NaN,NaN,NaN,NaN,NaN,NaN
NaN,NaN,NaN,NaN,NaN,NaN,NaN,NaN,NaN,NaN,NaN,NaN,NaN,-0.00931078966014138,-0.00931265437154824,NaN,NaN,NaN,NaN,NaN,-0.0104780871615255,-0.0105382812195119,-0.0107278879642038,-0.0110169426824155,-0.0142449674575421,-0.0149614558571997,NaN,NaN,NaN,NaN,NaN,NaN,NaN,NaN,NaN,NaN,NaN,NaN,NaN,NaN,NaN,-0.0101069304224151,-0.0217616943358671,-0.0220291705271209,-0.0233317639887095,-0.0240707785811674,-0.0247112859429813,-0.0256134462639847,-0.0265902686398665,-0.0272521040691543,-0.0275759899556437,-0.0294665696592099,-0.0302826352024988,-0.0310114752907216,-0.0316865943003008,-0.0323617117563595,-0.0330191184116245,-0.0336876963611118,-0.0343627557560678,-0.0348429265144279,-0.0360284979531738,-0.0364929886788445,-0.0368578919083878,-0.0372953622106408,-0.0375956916381708,-0.0377234237199033,-0.0378920891973694,-0.0381637170797887,-0.0383724249307229,-0.0385556448060235,-0.0386537364763695,-0.0387247637138894,-0.0387985256881255,-0.0388674351529702,-0.0388837295573886,-0.0388206132773123,-0.0386831009620575,-0.0385461238919133,-0.0384750654846382,-0.0384802409914184,-0.0384982365663895,-0.0384758667598802,-0.0383908269001421,-0.0382751512655953,-0.0381855342052187,-0.0381201626480774,-0.0380617161713846,-0.037994524307747,-0.034759463841339,NaN,NaN,NaN,NaN,NaN,NaN,NaN,NaN,NaN,NaN,NaN,NaN,NaN,NaN,NaN,NaN,NaN,NaN,NaN,NaN,NaN,NaN,NaN,NaN,NaN,NaN,NaN,NaN,NaN,NaN,NaN,NaN,NaN,NaN,NaN,NaN,NaN,NaN,NaN,NaN,NaN,NaN,NaN,NaN,NaN,NaN,NaN,NaN,NaN,NaN,NaN,NaN,NaN,NaN,NaN,NaN,NaN,NaN,NaN,NaN,NaN,NaN,NaN,NaN,NaN,-0.0157918802797724,-0.0157172379580396,-0.0159011724481518,-0.0162059016414461,-0.0161475290210162,-0.0163850821386727,-0.0170497437258013,NaN,NaN,NaN,NaN,NaN,NaN,NaN,NaN,NaN,NaN,NaN,NaN,NaN,NaN,NaN,NaN,NaN,NaN,NaN,NaN,NaN,NaN,NaN,NaN,NaN,NaN,NaN,NaN,NaN,NaN,NaN,NaN,NaN,NaN,NaN,NaN,NaN,NaN,NaN,NaN,NaN,NaN,NaN,NaN,NaN,NaN,NaN,NaN,NaN,NaN,NaN,NaN,NaN,NaN,NaN,NaN,NaN,NaN,NaN,NaN,NaN,NaN,NaN,NaN,NaN,NaN,NaN,NaN,NaN,NaN,NaN,NaN,NaN,NaN,NaN,NaN,NaN,NaN,NaN,NaN,NaN,NaN,NaN,NaN
NaN,NaN,NaN,NaN,NaN,NaN,NaN,NaN,NaN,NaN,NaN,NaN,NaN,NaN,NaN,NaN,NaN,NaN,NaN,NaN,NaN,-0.0107162588829512,-0.0109584226702073,-0.0112340836369208,-0.0117408757244441,-0.0122846121118324,-0.0126066879104092,-0.0128115092787193,-0.0131522563890014,-0.0131088100592818,-0.0143220058385242,NaN,NaN,NaN,NaN,NaN,NaN,NaN,NaN,NaN,-0.0136467946590101,-0.0211011581559685,-0.0215493036840886,-0.0220956058625552,-0.0230152494882309,-0.0239341651141402,-0.0246762744098025,-0.0254390062719559,-0.0264185173117612,-0.0273751745125252,-0.0282820204771052,-0.0292485431501333,-0.0301278053192327,-0.0310751872814911,-0.0317755022310073,-0.0325624490187933,-0.0333398472897826,-0.0341835801048679,-0.0348307122385813,-0.0354626748323342,-0.0361311454850129,-0.0366457027707244,-0.0369941504248456,-0.037402890154604,-0.0376976661669294,-0.0377810933057021,-0.0379337857796088,-0.0382360640335073,-0.0384221754296911,-0.0385558458791217,-0.0386056112157446,-0.0386381257182344,-0.0387122720852226,-0.0387937442012092,-0.0388625781480628,-0.0388618116086473,-0.0387192360952441,-0.0385501172663278,-0.0384613398099507,-0.0384263343296899,-0.0384162030752077,-0.0384098235131418,-0.03836924447827,-0.0382895614072136,-0.0382064375469378,-0.0381333233196318,-0.0380623443893701,-0.0379710769942682,-0.0378263598796925,-0.0258673343423229,NaN,NaN,NaN,NaN,NaN,NaN,NaN,NaN,NaN,NaN,NaN,NaN,NaN,NaN,NaN,NaN,NaN,NaN,NaN,NaN,NaN,NaN,NaN,NaN,NaN,NaN,NaN,NaN,NaN,NaN,NaN,NaN,NaN,NaN,NaN,NaN,NaN,NaN,NaN,NaN,NaN,NaN,NaN,NaN,NaN,NaN,NaN,NaN,NaN,NaN,NaN,NaN,NaN,NaN,NaN,NaN,NaN,NaN,NaN,NaN,NaN,NaN,NaN,-0.0160996936161081,-0.0160471193420522,-0.0160526061931852,-0.016171333754501,-0.0161946993591615,-0.0161526791050837,-0.0163479678795706,-0.0168051031436599,-0.0165564536514621,NaN,NaN,NaN,NaN,NaN,NaN,NaN,NaN,NaN,NaN,NaN,NaN,NaN,NaN,NaN,NaN,NaN,NaN,NaN,NaN,NaN,NaN,NaN,NaN,NaN,NaN,NaN,NaN,NaN,NaN,NaN,NaN,NaN,NaN,NaN,NaN,NaN,NaN,NaN,NaN,NaN,NaN,NaN,NaN,NaN,NaN,NaN,NaN,NaN,NaN,NaN,NaN,NaN,NaN,NaN,NaN,NaN,NaN,NaN,NaN,NaN,NaN,NaN,NaN,NaN,NaN,NaN,NaN,NaN,NaN,NaN,NaN,NaN,NaN,NaN,NaN,NaN,NaN,NaN,NaN,NaN,NaN,NaN
NaN,NaN,NaN,NaN,NaN,NaN,NaN,NaN,NaN,NaN,NaN,NaN,NaN,NaN,NaN,NaN,NaN,NaN,NaN,NaN,NaN,NaN,-0.0113594550218968,-0.0115872524470272,-0.0120458492211678,-0.0123360187675804,-0.0126383257783085,-0.0128555532749625,-0.0129686636362823,-0.0129929428422063,-0.0131064327077336,NaN,NaN,NaN,NaN,NaN,NaN,NaN,NaN,-0.0136506002921437,-0.020234739828428,-0.0204747419832992,-0.0214667395750464,-0.0221136210280449,-0.0228995716031891,-0.0237356695471573,-0.0245633027160022,-0.0254156524549664,-0.0263333968966215,-0.0272477322597387,-0.0280539386743919,-0.0287577510795037,-0.0302819905550229,-0.0311639439645448,-0.0319856821449199,-0.0328615268915369,-0.0335875391955124,-0.0343639440291931,-0.0348967342790707,-0.0353726290545081,-0.0360361010600799,-0.0365432922232942,-0.0369141015809421,-0.0373078475657039,-0.037628556739883,-0.0378017020909594,-0.0380058552776567,-0.038231698073532,-0.0383868931909957,-0.0384910643607351,-0.0385269584481532,-0.0384943796239153,-0.0385841300943685,-0.0386675307105045,-0.0387352080058623,-0.0387943906758609,-0.0387835414014021,-0.0386277609338424,-0.0384716133349014,-0.0384041171331732,-0.0383687663842962,-0.0383405840857574,-0.0383045593733332,-0.0382580581651639,-0.0382300966013378,-0.0381646552916352,-0.0380770371486739,-0.0379934553706406,-0.0379207952344241,-0.0337298510524362,NaN,NaN,NaN,NaN,NaN,NaN,NaN,NaN,NaN,NaN,NaN,NaN,NaN,NaN,NaN,NaN,NaN,NaN,NaN,NaN,NaN,NaN,NaN,NaN,NaN,NaN,NaN,NaN,NaN,NaN,NaN,NaN,NaN,NaN,NaN,NaN,NaN,NaN,NaN,NaN,NaN,NaN,NaN,NaN,NaN,NaN,NaN,NaN,NaN,NaN,NaN,NaN,NaN,NaN,NaN,NaN,NaN,NaN,NaN,NaN,NaN,NaN,NaN,-0.0163266790737763,-0.0163689715794092,-0.0163452298472129,-0.0163063028890637,-0.016234794348362,-0.0162131362308503,-0.0163612897241516,-0.0166337046718252,-0.0165406160658442,-0.0165092114846113,-0.0163777109964819,NaN,NaN,NaN,NaN,NaN,NaN,NaN,NaN,NaN,NaN,NaN,NaN,NaN,NaN,NaN,NaN,NaN,NaN,NaN,NaN,NaN,NaN,NaN,NaN,NaN,NaN,NaN,NaN,NaN,NaN,NaN,NaN,NaN,NaN,NaN,NaN,NaN,NaN,NaN,NaN,NaN,NaN,NaN,NaN,NaN,NaN,NaN,NaN,NaN,NaN,NaN,NaN,NaN,NaN,NaN,NaN,NaN,NaN,NaN,NaN,NaN,NaN,NaN,NaN,NaN,NaN,NaN,NaN,NaN,NaN,NaN,NaN,NaN,NaN,NaN,NaN,NaN,NaN,NaN,NaN,NaN
NaN,NaN,NaN,NaN,NaN,NaN,NaN,NaN,NaN,NaN,NaN,NaN,NaN,NaN,NaN,NaN,NaN,NaN,NaN,NaN,NaN,NaN,NaN,-0.0148392452393039,-0.0121289983712091,-0.0124496044959207,-0.0127872569115213,-0.0129375743420249,-0.013001882487514,-0.0129963859948449,-0.0129893007172897,-0.0130766986358109,-0.0130324472013893,-0.015600134880139,-0.0148530154857954,-0.0150683540150542,-0.0156821604072022,-0.0167297164485039,-0.0167364221022955,-0.0133296216833858,-0.0199511387571217,-0.0203665085144311,-0.0213233548988933,-0.0219763881029106,-0.0227652406126623,-0.0236528765535472,-0.0245848767366715,-0.0253539812628094,-0.0262724677544998,-0.0271662272904247,-0.0281491504326804,-0.0290780835739396,-0.0301204549358675,-0.0312240782719415,-0.0321790793681096,-0.0330402191733462,-0.0335436733073045,-0.0342302813159259,-0.034804713676884,-0.0351890321661062,-0.0357818017644979,-0.0363784298341341,-0.0367588383924826,-0.0372428846805685,-0.0376002456104222,-0.0378124932053902,-0.0380218160056863,-0.0381801955451028,-0.0383497601669646,-0.0384705342305136,-0.0384670411930988,-0.0384679113167853,-0.038513913712088,-0.0385245337041637,-0.0385700166005472,-0.0386186126055345,-0.038667047290542,-0.0386698226472784,-0.0385598046643769,-0.0384247208242475,-0.0383453225802239,-0.0383048440329004,-0.0382630496610818,-0.0382257638512807,-0.038220887980584,-0.038160369228564,-0.0380879298650526,-0.0380222125689686,-0.0379477115136967,-0.0377185355837601,NaN,NaN,NaN,NaN,NaN,NaN,NaN,NaN,NaN,NaN,NaN,NaN,NaN,NaN,NaN,NaN,NaN,NaN,NaN,NaN,NaN,NaN,NaN,NaN,NaN,NaN,NaN,NaN,NaN,NaN,NaN,NaN,NaN,NaN,NaN,NaN,NaN,NaN,NaN,NaN,NaN,NaN,NaN,NaN,NaN,NaN,NaN,NaN,NaN,NaN,NaN,NaN,NaN,NaN,NaN,NaN,NaN,NaN,NaN,NaN,NaN,NaN,NaN,-0.0165668163560873,-0.0166067808840352,-0.0165478684878705,-0.0164150135147087,-0.0163437199424649,-0.0163087849495804,-0.0163953213317369,-0.0166222117123595,-0.0166981709171844,-0.0166115232843665,-0.0165411680480865,-0.0162365125080524,0.0013410329937838,NaN,NaN,NaN,NaN,NaN,NaN,NaN,NaN,NaN,NaN,NaN,NaN,NaN,NaN,NaN,NaN,NaN,NaN,NaN,NaN,NaN,NaN,NaN,NaN,NaN,NaN,NaN,NaN,NaN,NaN,NaN,NaN,NaN,NaN,NaN,NaN,NaN,NaN,NaN,NaN,NaN,NaN,NaN,NaN,NaN,NaN,NaN,NaN,NaN,NaN,NaN,NaN,NaN,NaN,NaN,NaN,NaN,NaN,NaN,NaN,NaN,NaN,NaN,NaN,NaN,NaN,NaN,NaN,NaN,NaN,NaN,NaN,NaN,NaN,NaN,NaN,NaN,NaN,NaN
NaN,NaN,NaN,NaN,NaN,NaN,NaN,NaN,NaN,NaN,NaN,NaN,NaN,NaN,NaN,NaN,NaN,NaN,NaN,NaN,NaN,NaN,NaN,NaN,NaN,NaN,-0.0129165851342601,-0.0129983837501712,-0.0130188699446707,-0.0130109060739302,-0.012985061066247,-0.0129436190126371,-0.0130341308793313,-0.0141854661632894,-0.0153297969329272,-0.00907511792566554,-0.0113896664923724,-0.0167737875017624,-0.0170974104884596,-0.0181962843826602,-0.0195486691749234,-0.0208254208628569,-0.0215214155454969,-0.0221669483692688,-0.0227757556186944,-0.0236184765408504,-0.0245509795586699,-0.0253064925607868,-0.0260956891886626,-0.027197492319691,-0.0280287774693082,-0.0290001474200103,-0.0299181623195387,-0.0311551305946255,-0.0322217044994877,-0.032943896126072,-0.0334447598117169,-0.0338803018912974,-0.0344857696623822,-0.0349996283010938,-0.0356237386647396,-0.0363030244143931,-0.0368547037183387,-0.037368048999329,-0.0375895113247938,-0.0377630365222593,-0.0380088858315257,-0.0382523463204088,-0.0384110035075696,-0.0384585453482716,-0.0384613730712849,-0.0384859933834823,-0.038525707155409,-0.0385104435015993,-0.0385286362260881,-0.0385475439878069,-0.0385568251660335,-0.0385750617602707,-0.0385645311267957,-0.0384795103496591,-0.0383662673014653,-0.038283860652448,-0.0382432915511954,-0.0382244931096518,-0.0382019574964601,-0.0381469248913973,-0.0380817491429874,-0.0379947907931256,-0.0378825528614939,-0.0378014437544689,-0.0377271868665105,NaN,NaN,NaN,NaN,NaN,NaN,NaN,NaN,NaN,NaN,NaN,NaN,NaN,NaN,NaN,NaN,NaN,NaN,NaN,NaN,NaN,NaN,NaN,NaN,NaN,NaN,NaN,NaN,NaN,NaN,NaN,NaN,NaN,NaN,NaN,NaN,NaN,NaN,NaN,NaN,NaN,NaN,NaN,NaN,NaN,NaN,NaN,NaN,NaN,NaN,NaN,NaN,NaN,NaN,NaN,NaN,NaN,NaN,NaN,NaN,NaN,NaN,-0.0167606144065966,-0.016794523403999,-0.0167339776308869,-0.0166761197326875,-0.0165986385213346,-0.0164380610020337,-0.0164877537734845,-0.016627574537953,-0.0167037281765288,-0.0166903676248444,-0.0166521507621286,-0.0156833646899401,0.00203171869165194,NaN,NaN,NaN,NaN,NaN,NaN,NaN,NaN,NaN,NaN,NaN,NaN,NaN,NaN,NaN,NaN,NaN,NaN,NaN,NaN,NaN,NaN,NaN,NaN,NaN,NaN,NaN,NaN,NaN,NaN,NaN,NaN,NaN,NaN,NaN,NaN,NaN,NaN,NaN,NaN,NaN,NaN,NaN,NaN,NaN,NaN,NaN,NaN,NaN,NaN,NaN,NaN,NaN,NaN,NaN,NaN,NaN,NaN,NaN,NaN,NaN,NaN,NaN,NaN,NaN,NaN,NaN,NaN,NaN,NaN,NaN,NaN,NaN,NaN,NaN,NaN,NaN,NaN,NaN
NaN,NaN,NaN,NaN,NaN,NaN,NaN,NaN,NaN,NaN,NaN,NaN,NaN,NaN,NaN,NaN,NaN,NaN,NaN,NaN,NaN,NaN,NaN,NaN,NaN,NaN,-0.0151904514180331,-0.0139998071467061,-0.0130456478850986,-0.0130256510084339,-0.0130153944121591,-0.0130774436548649,-0.0132614383815628,-0.0133536896773443,-0.0147000401053309,-0.0148236744964443,-0.0151168046312189,-0.0167576119819165,-0.0174461118049963,-0.0183192623544109,-0.0193677749166838,-0.0210295948544519,-0.0218431603665956,-0.022387702477921,-0.0215233495901099,-0.0206080162470559,-0.0242909382143497,-0.0251397194883093,-0.0259864274881073,-0.0270469048326197,-0.0279896462237926,-0.0289965395046598,-0.030055235334634,-0.0311816133646637,-0.0318849873500263,-0.0324908642196401,-0.0331184596406606,-0.0336955265098277,-0.0342807333501976,-0.0347933807114805,-0.035425035294997,-0.0362957419521799,-0.0369206671291512,-0.0372612686624899,-0.0375123657331011,-0.0377382955673802,-0.0379961999712952,-0.0382937784368247,-0.038444308568112,-0.0384546385470434,-0.0384549564999758,-0.0384945234875096,-0.0385355062057065,-0.0385303285192708,-0.0385974412366282,-0.0385973576873123,-0.0385432895215169,-0.0385131831130265,-0.0385082833516051,-0.0384694168272888,-0.0383898054652071,-0.0382892235380655,-0.0382269519675684,-0.0382044784684177,-0.0381871701504314,-0.0381502164704077,-0.0380820138811789,-0.0379918129657981,-0.0378712235876289,-0.0377418949040351,-0.0376484349341135,-0.0375755709268655,NaN,NaN,NaN,NaN,NaN,NaN,NaN,NaN,NaN,NaN,NaN,NaN,NaN,NaN,NaN,NaN,NaN,NaN,NaN,NaN,NaN,NaN,NaN,NaN,NaN,NaN,NaN,NaN,NaN,NaN,NaN,NaN,NaN,NaN,NaN,NaN,NaN,NaN,NaN,NaN,NaN,NaN,NaN,NaN,NaN,NaN,NaN,NaN,NaN,NaN,NaN,NaN,NaN,NaN,NaN,NaN,NaN,NaN,NaN,NaN,NaN,-0.0169063670514156,-0.0169508915608864,-0.0169072380667879,-0.0168848905002887,-0.0167998712277918,-0.0165667314328799,-0.0165652968583646,-0.0166600064458248,-0.0167078501905208,-0.016751444925076,-0.0167696341748495,-0.015918032128694,-0.0160753537134895,NaN,NaN,NaN,NaN,NaN,NaN,NaN,NaN,NaN,NaN,NaN,NaN,NaN,NaN,NaN,NaN,NaN,NaN,NaN,NaN,NaN,NaN,NaN,NaN,NaN,NaN,NaN,NaN,NaN,NaN,NaN,NaN,NaN,NaN,NaN,NaN,NaN,NaN,NaN,NaN,NaN,NaN,NaN,NaN,NaN,NaN,NaN,NaN,NaN,NaN,NaN,NaN,NaN,NaN,NaN,NaN,NaN,NaN,NaN,NaN,NaN,NaN,NaN,NaN,NaN,NaN,NaN,NaN,NaN,NaN,NaN,NaN,NaN,NaN,NaN,NaN,NaN,NaN,NaN
NaN,NaN,NaN,NaN,NaN,NaN,NaN,NaN,NaN,NaN,NaN,NaN,NaN,NaN,NaN,NaN,NaN,NaN,NaN,NaN,NaN,NaN,NaN,NaN,NaN,NaN,NaN,-0.0154483615673597,-0.0130574116595916,-0.0130814318997801,-0.0132088813590748,-0.0134926346657517,-0.0136410902515706,-0.0144191860103427,-0.015737328877867,-0.0160781300794219,-0.0150549892350421,-0.0168337019875382,-0.0173962117041223,-0.01850517104072,-0.020242854769602,-0.0210744174570964,-0.0221791931866427,-0.0229050666416112,-0.0229946010970636,-0.0238156619602219,-0.0244220861690492,-0.0252348371588452,-0.0260247004082464,-0.0268196092291516,-0.0280884649979862,-0.0290598827117747,-0.0298952807431096,-0.0308094565381927,-0.0315193613916563,-0.0320444520380641,-0.0326721537036837,-0.0333375078924986,-0.0339698951375456,-0.0346342694312451,-0.0353088387658213,-0.0360323004617271,-0.0366765080312001,-0.0371172059670797,-0.0373947128081225,-0.0376379240425994,-0.0379079795560907,-0.0381741787885754,-0.0383745405082864,-0.0384024722212046,-0.0384017013750331,-0.0384051699332507,-0.0384514271684376,-0.0384637746228822,-0.0385802839734141,-0.0386001760579506,-0.0385896622476386,-0.0385391085295462,-0.0384811762087627,-0.0384206736062644,-0.038332891557973,-0.038268128583986,-0.0382006997636902,-0.0381556039474146,-0.0381321512672454,-0.038120080773041,-0.0380700666963658,-0.0380000289932483,-0.0378875861354045,-0.0377575179536529,-0.03763474237231,-0.0375393561757867,-0.0375137467468096,NaN,NaN,NaN,NaN,NaN,NaN,NaN,NaN,NaN,NaN,NaN,NaN,NaN,NaN,NaN,NaN,NaN,NaN,NaN,NaN,NaN,NaN,NaN,NaN,NaN,NaN,NaN,NaN,NaN,NaN,NaN,NaN,NaN,NaN,NaN,NaN,NaN,NaN,NaN,NaN,NaN,NaN,NaN,NaN,NaN,NaN,NaN,NaN,NaN,NaN,NaN,NaN,NaN,NaN,NaN,NaN,NaN,NaN,NaN,NaN,-0.0170287597985717,-0.0170718795728028,-0.017045019803174,-0.0170502727380155,-0.0169497824788723,-0.0167082824024538,-0.0166516826108748,-0.0167252090234519,-0.016750784937055,-0.0168199152113794,-0.0168477337057779,-0.0160529194235734,-0.0161267941634579,NaN,NaN,NaN,NaN,NaN,NaN,NaN,NaN,NaN,NaN,NaN,NaN,NaN,NaN,NaN,NaN,NaN,NaN,NaN,NaN,NaN,NaN,NaN,NaN,NaN,NaN,NaN,NaN,NaN,NaN,NaN,NaN,NaN,NaN,NaN,NaN,NaN,NaN,NaN,NaN,NaN,NaN,NaN,NaN,NaN,NaN,NaN,NaN,NaN,NaN,NaN,NaN,NaN,NaN,NaN,NaN,NaN,NaN,NaN,NaN,NaN,NaN,NaN,NaN,NaN,NaN,NaN,NaN,NaN,NaN,NaN,NaN,NaN,NaN,NaN,NaN,NaN,NaN,NaN
NaN,NaN,NaN,NaN,NaN,NaN,NaN,NaN,NaN,NaN,NaN,NaN,NaN,NaN,NaN,NaN,NaN,NaN,NaN,NaN,NaN,NaN,NaN,NaN,NaN,NaN,NaN,NaN,-0.0154501204851731,-0.013377949063769,-0.0136947133368704,-0.013871806681285,-0.0143034918965944,-0.0147659266719987,-0.0163492064639058,-0.0162627538951002,-0.0166714632532086,-0.016946279795725,-0.0172188052110935,-0.0185999737990356,-0.0205474834237507,-0.0215500720819681,-0.0223874556370621,-0.0232283757720197,-0.0234686696761451,-0.023933565982049,-0.0245025637453528,-0.0252768845660059,-0.0259794998631054,-0.0268195724034995,-0.0278697912055135,-0.0288548085141498,-0.0296675071089968,-0.0303628803492961,-0.0311448027770113,-0.0316700376305278,-0.032251985755892,-0.03292740211922,-0.0336854519430056,-0.0347193741329272,-0.0352457271114336,-0.0357561374370458,-0.0364420176177137,-0.0367648694201184,-0.0367040084819119,-0.0363987701628741,-0.0369461972170049,-0.0374858875366071,-0.0378600394097253,-0.0378910415361019,-0.0380214066804535,-0.0376559237134035,-0.0381738169817632,-0.0381127216870647,-0.0382258245335454,-0.038520853159104,-0.038575903196942,-0.0385712684049984,-0.0385194173472052,-0.0384282719584173,-0.0383048783988784,-0.038215813379249,-0.0381490920315789,-0.0381018047286915,-0.0380538865356409,-0.0380634055589977,-0.0380241014782837,-0.0379507743539767,-0.0378717426850031,-0.0377637429446172,-0.0376388721145783,-0.0375213099189498,-0.0374886888598928,NaN,NaN,NaN,NaN,NaN,NaN,NaN,NaN,NaN,NaN,NaN,NaN,NaN,NaN,NaN,NaN,NaN,NaN,NaN,NaN,NaN,NaN,NaN,NaN,NaN,NaN,NaN,NaN,NaN,NaN,NaN,NaN,NaN,NaN,NaN,NaN,NaN,NaN,NaN,NaN,NaN,NaN,NaN,NaN,NaN,NaN,NaN,NaN,NaN,NaN,NaN,NaN,NaN,NaN,NaN,NaN,NaN,NaN,NaN,NaN,-0.0172299181394469,-0.0172456597373779,-0.0172350582258791,-0.0172562665471959,-0.0171275457222037,-0.0168811563494039,-0.0168322781665603,-0.0168290842472418,-0.0168262707635086,-0.0168979821969678,-0.0169302488278351,-0.0105175464156013,-0.0127046715016619,NaN,NaN,NaN,NaN,NaN,NaN,NaN,NaN,NaN,NaN,NaN,NaN,NaN,NaN,NaN,NaN,NaN,NaN,NaN,NaN,NaN,NaN,NaN,NaN,NaN,NaN,NaN,NaN,NaN,NaN,NaN,NaN,NaN,NaN,NaN,NaN,NaN,NaN,NaN,NaN,NaN,NaN,NaN,NaN,NaN,NaN,NaN,NaN,NaN,NaN,NaN,NaN,NaN,NaN,NaN,NaN,NaN,NaN,NaN,NaN,NaN,NaN,NaN,NaN,NaN,NaN,NaN,NaN,NaN,NaN,NaN,NaN,NaN,NaN,NaN,NaN,NaN,NaN,NaN
NaN,NaN,NaN,NaN,NaN,NaN,NaN,NaN,NaN,NaN,NaN,NaN,NaN,NaN,NaN,NaN,NaN,NaN,NaN,NaN,NaN,NaN,NaN,NaN,NaN,NaN,NaN,NaN,NaN,-0.0155887060944336,-0.01425890608918,-0.0145014021469088,-0.0148484337857408,-0.0150733377681621,-0.0155234705942546,-0.0167223210048492,-0.016735729447609,-0.0172499782376225,-0.0175591139056797,-0.0187399138963619,-0.0207272095475979,-0.0223792893351201,-0.0232389983072139,-0.0234651259885083,-0.0236659332402525,-0.0240672461857604,-0.0246972782404898,-0.0252921689349835,-0.0258589236939753,-0.0265854881665009,-0.0274310155274352,-0.0282765141233545,-0.0292201931074338,-0.0300849321478443,-0.0307695441046683,-0.0313255770906614,-0.031868709148793,-0.0324628301163959,-0.0319377271124589,-0.0320437065362661,-0.0351506337061941,-0.0331568185727125,-0.0349072439380869,-0.0358515226318277,-0.0364009145162876,-0.0368146381781824,-0.0371717792210526,-0.0374417918172864,-0.0375827923410545,-0.0377116224343362,-0.0378513844303817,-0.0378857722684344,-0.0379811074457877,-0.0380350366271193,-0.0380932820348882,-0.038134611983061,-0.0383387398741026,-0.0385413335346874,-0.038527093158076,-0.038461557090142,-0.0383531675375809,-0.0382559995323998,-0.0381782934747884,-0.0380711669335019,-0.0380036412717216,-0.0380100312981643,-0.0379479305805897,-0.0378816005459965,-0.037831311005044,-0.0377342172179026,-0.0376198327567146,-0.0375282032883854,-0.0374972965510734,-0.0373828190223113,-0.0372088704490364,NaN,NaN,NaN,NaN,NaN,NaN,NaN,NaN,NaN,NaN,NaN,NaN,NaN,NaN,NaN,NaN,NaN,NaN,NaN,NaN,NaN,NaN,NaN,NaN,NaN,NaN,NaN,NaN,NaN,NaN,NaN,NaN,NaN,NaN,NaN,NaN,NaN,NaN,NaN,NaN,NaN,NaN,NaN,NaN,NaN,NaN,NaN,NaN,NaN,NaN,NaN,NaN,NaN,NaN,NaN,NaN,NaN,NaN,-0.0175137308931298,-0.0175726967272784,-0.0175894655295392,-0.0176024131316701,-0.0173975352305514,-0.017130104696482,-0.0170621344374178,-0.0169675390408078,-0.0169474626885685,-0.0169990972525103,-0.0170435189707077,-0.00862021674135399,NaN,NaN,NaN,NaN,NaN,NaN,NaN,NaN,NaN,NaN,NaN,NaN,NaN,NaN,NaN,NaN,NaN,NaN,NaN,NaN,NaN,NaN,NaN,NaN,NaN,NaN,NaN,NaN,NaN,NaN,NaN,NaN,NaN,NaN,NaN,NaN,NaN,NaN,NaN,NaN,NaN,NaN,NaN,NaN,NaN,NaN,NaN,NaN,NaN,NaN,NaN,NaN,NaN,NaN,NaN,NaN,NaN,NaN,NaN,NaN,NaN,NaN,NaN,NaN,NaN,NaN,NaN,NaN,NaN,NaN,NaN,NaN,NaN,NaN,NaN,NaN,NaN,NaN,NaN,NaN
NaN,NaN,NaN,NaN,NaN,NaN,NaN,NaN,NaN,NaN,NaN,NaN,NaN,NaN,NaN,NaN,NaN,NaN,NaN,NaN,NaN,NaN,NaN,NaN,NaN,NaN,NaN,NaN,NaN,-0.0153569930892472,-0.0147697462792313,-0.0150540712013324,-0.0152010807201969,-0.015649499956173,-0.0160092366202235,-0.0164085343021469,-0.0145027163719062,-0.0184575834721561,-0.0177351311581025,-0.0202612788267316,-0.0216272576923298,-0.0228532025789828,-0.0233769602648795,-0.0235440542237008,-0.0237006449853794,-0.0240921589605014,-0.0247310791494035,-0.0252350407477424,-0.0256671915115755,-0.0262969941937746,-0.0270997233657303,-0.0280075451740774,-0.0287809374020098,-0.0295479047219848,-0.0302846570259885,-0.0309231365874269,-0.0314140793140492,-0.0296715298126391,-0.0258048302888798,-0.0266478115448613,-0.031245685752706,-0.0322515690181497,-0.0341111833298064,-0.0343278117167199,-0.0355044377585126,-0.0366922912422677,-0.0369696073089871,-0.037286815133622,-0.0374574159715457,-0.0376055543450496,-0.0377861184527763,-0.0378361609029291,-0.0378049361107283,-0.0379940126878428,-0.0380990573717539,-0.0380119302564767,-0.0381923531688328,-0.038119366821041,-0.0383981837092881,-0.038408665128196,-0.0383507489117655,-0.0382512932704509,-0.0381650817036432,-0.0380842514152946,-0.0380296755438825,-0.0379605912847933,-0.0378776955759209,-0.0378566238354941,-0.0378135553085443,-0.0376987810183746,-0.0375792293826197,-0.0374977962196439,-0.0374051134374506,-0.0373039035795673,-0.037204638314425,-0.0371393187647332,-0.0370541803147058,-0.0369522331122277,-0.0359642706798277,NaN,NaN,NaN,NaN,NaN,NaN,NaN,NaN,NaN,NaN,NaN,NaN,NaN,NaN,NaN,NaN,NaN,NaN,NaN,NaN,NaN,NaN,NaN,NaN,NaN,NaN,NaN,NaN,NaN,NaN,NaN,NaN,NaN,NaN,NaN,NaN,NaN,NaN,NaN,NaN,NaN,NaN,NaN,NaN,NaN,NaN,NaN,NaN,NaN,NaN,NaN,NaN,NaN,NaN,-0.0177558823091257,-0.0179275969861698,-0.0179673641142802,-0.0179468105779415,-0.0177271830025777,-0.0174661689228183,-0.0173056089487037,-0.0171437913851157,-0.0171001073288306,-0.0170904257839989,-0.0171191186623468,NaN,NaN,NaN,NaN,NaN,NaN,NaN,NaN,NaN,NaN,NaN,NaN,NaN,NaN,NaN,NaN,NaN,NaN,NaN,NaN,NaN,NaN,NaN,NaN,NaN,NaN,NaN,NaN,NaN,NaN,NaN,NaN,NaN,NaN,NaN,NaN,NaN,NaN,NaN,NaN,NaN,NaN,NaN,NaN,NaN,NaN,NaN,NaN,NaN,NaN,NaN,NaN,NaN,NaN,NaN,NaN,NaN,NaN,NaN,NaN,NaN,NaN,NaN,NaN,NaN,NaN,NaN,NaN,NaN,NaN,NaN,NaN,NaN,NaN,NaN,NaN,NaN,NaN,NaN,NaN,NaN
NaN,NaN,NaN,NaN,NaN,NaN,NaN,NaN,NaN,NaN,NaN,NaN,NaN,NaN,NaN,NaN,NaN,NaN,NaN,NaN,NaN,NaN,NaN,NaN,NaN,NaN,NaN,NaN,NaN,NaN,NaN,-0.0154851973685618,-0.0157882233782194,-0.0160726503590717,-0.0163445133366679,-0.0166002391412669,-0.0173745424870793,-0.0186929363724523,-0.0197417506527597,-0.0207103063096927,-0.0216301864249644,-0.0226858903534834,-0.0234311257227845,-0.0236345315926673,-0.0236806362235518,-0.0241037595989964,-0.0248109257654272,-0.0251064454974624,-0.025499575034232,-0.026168565476933,-0.026828884641543,-0.0275627285581743,-0.0284780333193804,-0.0292136602166538,-0.0297894198924237,-0.0299456896061484,-0.027245922579032,-0.0273207640694168,-0.0269200327523585,-0.0300659695956737,-0.0319478848677279,-0.0328938855320869,-0.0346126901990046,-0.0355529583088746,-0.0362436552210201,-0.0364302381976831,-0.0366525380917698,-0.0369908044791913,-0.0373102104481174,-0.037591616649163,-0.0377549231036507,-0.0378346836493151,-0.0379115832367244,-0.0379966303993762,-0.0381328437468141,-0.0381552458602429,-0.0381372081641223,-0.0382331239115104,-0.0381995838701207,-0.0382115295161197,-0.0382461751894664,-0.0382255048855631,-0.038163769721701,-0.0380776609230526,-0.0379906180077174,-0.0379125403440257,-0.0378561505021603,-0.0378165317895117,-0.0377581094560847,-0.0376877373232235,-0.037598597550928,-0.0375138128129265,-0.0373982684846712,-0.0373174954546202,-0.0372348228805898,-0.037093514622216,-0.0369985472446269,-0.0369192797618722,-0.036896975184856,NaN,NaN,NaN,NaN,NaN,NaN,NaN,NaN,NaN,NaN,NaN,NaN,NaN,NaN,NaN,NaN,NaN,NaN,NaN,NaN,NaN,NaN,NaN,NaN,NaN,NaN,NaN,NaN,NaN,NaN,NaN,NaN,NaN,NaN,NaN,NaN,NaN,NaN,NaN,NaN,NaN,NaN,NaN,NaN,NaN,NaN,NaN,NaN,NaN,NaN,NaN,NaN,NaN,NaN,NaN,-0.0184450204586824,-0.0183395095526482,-0.0182380747168002,-0.0180360486705987,-0.0177741788199288,-0.0175140814643526,-0.0173313143154455,-0.0172561295715457,-0.0171875076094707,-0.0171259115838848,NaN,NaN,NaN,NaN,NaN,NaN,NaN,NaN,NaN,NaN,NaN,NaN,NaN,NaN,NaN,NaN,NaN,NaN,NaN,NaN,NaN,NaN,NaN,NaN,NaN,NaN,NaN,NaN,NaN,NaN,NaN,NaN,NaN,NaN,NaN,NaN,NaN,NaN,NaN,NaN,NaN,NaN,NaN,NaN,NaN,NaN,NaN,NaN,NaN,NaN,NaN,NaN,NaN,NaN,NaN,NaN,NaN,NaN,NaN,NaN,NaN,NaN,NaN,NaN,NaN,NaN,NaN,NaN,NaN,NaN,NaN,NaN,NaN,NaN,NaN,NaN,NaN,NaN,NaN,NaN,NaN
NaN,NaN,NaN,NaN,NaN,NaN,NaN,NaN,NaN,NaN,NaN,NaN,NaN,NaN,NaN,NaN,NaN,NaN,NaN,NaN,NaN,NaN,NaN,NaN,NaN,NaN,NaN,NaN,NaN,NaN,NaN,NaN,-0.0161857861929875,-0.0162650634035181,-0.0164927765766072,-0.0166625780605244,-0.0176448467468632,-0.0189689337253159,-0.0197907902601065,-0.0206170925543489,-0.0214764955340102,-0.0222611732000567,-0.0230914967670748,-0.0235452806796266,-0.023625379544674,-0.0240697466475998,-0.0247457972438838,-0.0250578233940177,-0.0254752849237437,-0.0259137817799282,-0.0265128848331009,-0.0272436335863823,-0.0280376428947934,-0.0283396851520414,-0.029336441490437,-0.0274714594068092,-0.0278993251442537,-0.0289370698906632,-0.0307675314399017,-0.0311025617927528,-0.0322965613324233,-0.0336565120386155,-0.0347309337330202,-0.0351031363675937,-0.035803072808851,-0.0361537774782064,-0.0363643892743752,-0.0367414239039482,-0.0370714925434271,-0.0374770589141233,-0.0377133794108981,-0.037886667208423,-0.0379642366105181,-0.0380642978686405,-0.0382035184475714,-0.0381890730330297,-0.0381942643786015,-0.0382106869879775,-0.0381575577754345,-0.0381205784866504,-0.0381393031361952,-0.038155905629356,-0.0381344289634965,-0.0380740420775924,-0.0379970281714569,-0.0379392658660065,-0.0378678444895651,-0.0377747622004724,-0.037726013249447,-0.0376866044571553,-0.0376019782290576,-0.0375755712403607,-0.0375013898943001,-0.0374084328089494,-0.0372726734392198,-0.0370927832842315,-0.0370081246094572,-0.0369777540305995,NaN,NaN,NaN,NaN,NaN,NaN,NaN,-0.0125524584489218,-0.0200285028711124,-0.0125928132300937,NaN,NaN,NaN,NaN,NaN,NaN,NaN,NaN,NaN,NaN,NaN,NaN,NaN,NaN,NaN,NaN,NaN,NaN,NaN,NaN,NaN,NaN,NaN,NaN,NaN,NaN,NaN,NaN,NaN,NaN,NaN,NaN,NaN,NaN,NaN,NaN,NaN,NaN,NaN,NaN,NaN,NaN,NaN,NaN,NaN,NaN,-0.0187394663081691,-0.0186366061837595,-0.0185009642785845,-0.0183097437988552,-0.0180334039590644,-0.0177150580418556,-0.0175275301857983,-0.017425163690586,-0.0173075477345752,-0.0171982901060562,NaN,NaN,NaN,NaN,NaN,NaN,NaN,NaN,NaN,NaN,NaN,NaN,NaN,NaN,NaN,NaN,NaN,NaN,NaN,NaN,NaN,NaN,NaN,NaN,NaN,NaN,NaN,NaN,NaN,NaN,NaN,NaN,NaN,NaN,NaN,NaN,NaN,NaN,NaN,NaN,NaN,NaN,NaN,NaN,NaN,NaN,NaN,NaN,NaN,NaN,NaN,NaN,NaN,NaN,NaN,NaN,NaN,NaN,NaN,NaN,NaN,NaN,NaN,NaN,NaN,NaN,NaN,NaN,NaN,NaN,NaN,NaN,NaN,NaN,NaN,NaN,NaN,NaN,NaN,NaN,NaN
NaN,NaN,NaN,NaN,NaN,NaN,NaN,NaN,NaN,NaN,NaN,NaN,NaN,NaN,NaN,NaN,NaN,NaN,NaN,NaN,NaN,NaN,NaN,NaN,NaN,NaN,NaN,NaN,NaN,NaN,NaN,NaN,NaN,NaN,-0.0166388323048221,-0.0168801260569758,-0.0184718045634991,-0.0192655585240828,-0.0197247602724055,-0.0202702632231441,-0.0211310885278568,-0.0220735174252091,-0.022772812063174,-0.0231296894618197,-0.0234448129187713,-0.0236299775059482,-0.0244570319154017,-0.0249260408851359,-0.0253814422894471,-0.0257080957318065,-0.0260025981452412,-0.0252372166883746,-0.0256875793473094,-0.0251302167541125,-0.0269647688445345,-0.027253672535091,-0.0282936141124278,-0.0286266896583988,-0.0307481543864508,-0.0315974615028861,-0.0325392322661949,-0.0333313447645447,-0.0343355353617318,-0.0349241743970428,-0.0352227329974283,-0.0357350319241152,-0.0360585555211997,-0.0364006618129244,-0.036724812786762,-0.0368957149776045,-0.0376296234242723,-0.0378380178278699,-0.037972949672351,-0.038194418939094,-0.0382642826806933,-0.0382285268309969,-0.0382363590473573,-0.0382405619752345,-0.038191701999945,-0.0381355120796611,-0.0381215722407154,-0.0381677389037188,-0.0381388242139266,-0.0380706233820956,-0.0379942002941502,-0.0379569615385453,-0.0378867735606114,-0.0378024995180299,-0.0377428692120744,-0.0376714449728622,-0.0375922116402982,-0.0375376331737978,-0.0375461420311574,-0.0374940358167901,-0.0372355338774952,-0.0370595499414521,-0.036976270543062,-0.0368953239830901,-0.0368507242461749,NaN,NaN,NaN,NaN,NaN,NaN,-0.00521509158902607,-0.0197999440315724,-0.0331547243537465,NaN,NaN,NaN,NaN,NaN,NaN,NaN,NaN,NaN,NaN,NaN,NaN,NaN,NaN,NaN,NaN,NaN,NaN,NaN,NaN,NaN,NaN,NaN,NaN,NaN,NaN,NaN,NaN,NaN,NaN,NaN,NaN,NaN,NaN,NaN,NaN,NaN,NaN,NaN,NaN,NaN,NaN,NaN,NaN,NaN,NaN,-0.0191813311650505,-0.0189137626677024,-0.0187367515355603,-0.0185610840702445,-0.018274560011307,-0.0179291934933466,-0.0177268527400693,-0.0176175130873556,-0.0174837836078962,-0.0173782769862166,NaN,NaN,NaN,NaN,NaN,NaN,NaN,NaN,NaN,NaN,NaN,NaN,NaN,NaN,NaN,NaN,NaN,NaN,NaN,NaN,NaN,NaN,NaN,NaN,NaN,NaN,NaN,NaN,NaN,NaN,NaN,NaN,NaN,NaN,NaN,NaN,NaN,NaN,NaN,NaN,NaN,NaN,NaN,NaN,NaN,NaN,NaN,NaN,NaN,NaN,NaN,NaN,NaN,NaN,NaN,NaN,NaN,NaN,NaN,NaN,NaN,NaN,NaN,NaN,NaN,NaN,NaN,NaN,NaN,NaN,NaN,NaN,NaN,NaN,NaN,NaN,NaN,NaN,NaN,NaN,NaN
NaN,NaN,NaN,NaN,NaN,NaN,NaN,NaN,NaN,NaN,NaN,NaN,NaN,NaN,NaN,NaN,NaN,NaN,NaN,NaN,NaN,NaN,NaN,NaN,NaN,NaN,NaN,NaN,NaN,NaN,NaN,NaN,NaN,NaN,NaN,NaN,-0.0191105151953747,-0.0193842393787769,-0.019751264422513,-0.0202437693073975,-0.021073011288172,-0.0221952250538453,-0.0226752501451959,-0.0228293611891499,-0.0231959536725658,-0.0236769896379026,-0.0238436420002389,-0.0235888919052384,-0.0246248331896204,-0.0253367466054045,-0.024795405974846,-0.0245568161803915,-0.0242645132908664,-0.0250201915519304,-0.0255991756151624,-0.0276531002643796,-0.0281278146035478,-0.0292600982313313,-0.0314821338018452,-0.0321169322358777,-0.0327134319010995,-0.0330677522213506,-0.0339366630223164,-0.0345752566200004,-0.0348809346065448,-0.0352002636791042,-0.035795889646375,-0.0361730495943329,-0.0364931620284006,-0.036430392318262,-0.0375709424438431,-0.0377920992818348,-0.0379143656024214,-0.0381084525213151,-0.0382660906194728,-0.0382978778672783,-0.0383101564396221,-0.0382963002864383,-0.0382463543872223,-0.0381782139217903,-0.0381510860125277,-0.0382025474092317,-0.0381715348479651,-0.0380954222698492,-0.0380182302331832,-0.0379942584947215,-0.0379321139548517,-0.0378405547778445,-0.0377616775332328,-0.0376928250351991,-0.0375997019097995,-0.0374809819045163,-0.0375009287940458,-0.0375114826952388,-0.0372423650387512,-0.0370024512313959,-0.0368732183515601,-0.0368164657680903,-0.0366518122156742,-0.0363067330727787,-0.0360802360467652,NaN,NaN,-0.0347369758448911,-0.0239029044166263,-0.0333312254444534,-0.0321271222591225,-0.0332037697497715,NaN,NaN,NaN,NaN,NaN,NaN,NaN,NaN,NaN,NaN,NaN,NaN,NaN,NaN,NaN,NaN,NaN,NaN,NaN,NaN,NaN,NaN,NaN,NaN,NaN,NaN,NaN,NaN,NaN,NaN,NaN,NaN,NaN,NaN,NaN,NaN,NaN,NaN,NaN,NaN,NaN,NaN,NaN,NaN,-0.0198554638517045,-0.019909748075801,-0.0195176509710022,-0.0191367664222639,-0.0189163398145419,-0.0187948144765876,-0.0185370655923099,-0.0181925433226532,-0.017965024542105,-0.0178088684883185,-0.017681722721173,-0.0175736776731262,NaN,NaN,NaN,NaN,NaN,NaN,NaN,NaN,NaN,NaN,NaN,NaN,NaN,NaN,NaN,NaN,NaN,NaN,NaN,NaN,NaN,NaN,NaN,NaN,NaN,NaN,NaN,NaN,NaN,NaN,NaN,NaN,NaN,NaN,NaN,NaN,NaN,NaN,NaN,NaN,NaN,NaN,NaN,NaN,NaN,NaN,NaN,NaN,NaN,NaN,NaN,NaN,NaN,NaN,NaN,NaN,NaN,NaN,NaN,NaN,NaN,NaN,NaN,NaN,NaN,NaN,NaN,NaN,NaN,NaN,NaN,NaN,NaN,NaN,NaN,NaN,NaN,NaN,NaN,NaN,NaN
NaN,NaN,NaN,NaN,NaN,NaN,NaN,NaN,NaN,NaN,NaN,NaN,NaN,NaN,NaN,NaN,NaN,NaN,NaN,NaN,NaN,NaN,NaN,NaN,NaN,NaN,NaN,NaN,NaN,NaN,NaN,NaN,NaN,NaN,NaN,NaN,NaN,-0.0194570874226563,-0.0197987198608796,-0.0200753003250941,-0.0207060271746816,-0.0220425441627919,-0.0225151392908652,-0.0227741251880393,-0.0228819815480994,-0.0238119297745437,-0.0238629953645984,-0.0240233866993253,-0.0245120662392906,-0.0247564383712731,-0.0239301929895439,-0.0241749424288249,-0.0241671687216283,-0.0227206379923818,-0.0238558289522556,-0.0267008440232875,-0.0286182019069356,-0.0293626607624572,-0.0319819850173122,-0.0324244784336304,-0.0326725281689386,-0.0331404057280757,-0.0338132056770031,-0.0341370760434454,-0.0343785945617551,-0.0347877936125447,-0.0355100913097021,-0.0360563166260072,-0.0363540983664218,-0.0365888154908661,-0.0369753266818999,-0.0376570579969471,-0.0378637804779371,-0.0381310952555864,-0.0382707783135088,-0.0382720482864185,-0.0382883146152801,-0.0383159906052385,-0.038265480509724,-0.0381897203960976,-0.0381663766494748,-0.0382180504054919,-0.0381901017138678,-0.0381334223662389,-0.0380574057650361,-0.0379916448517659,-0.0379297024684189,-0.0378448545827271,-0.0377546296032219,-0.0376728401612147,-0.0375828996400113,-0.0374697812773165,-0.0374375483958065,-0.0375053289084197,-0.0373472787377198,-0.0370103366393305,-0.0367765239386533,-0.0366916662533086,-0.0364479064734077,-0.0361263477287176,-0.0358733599453304,-0.0355806004955327,-0.0353112657339826,-0.0350295320686189,-0.0347768834745856,-0.0343859717418494,-0.0337532041791131,-0.0332291803305803,NaN,NaN,NaN,NaN,NaN,NaN,NaN,NaN,NaN,NaN,NaN,NaN,NaN,NaN,NaN,NaN,NaN,NaN,NaN,NaN,NaN,NaN,NaN,NaN,NaN,NaN,NaN,NaN,NaN,NaN,NaN,NaN,NaN,NaN,NaN,NaN,NaN,NaN,NaN,NaN,NaN,NaN,NaN,NaN,-0.0197882098560925,-0.019726020518677,-0.019502004419855,-0.0192511884671736,-0.0190892291805024,-0.0190279846826195,-0.0188305875538103,-0.0184920085968289,-0.0182314621490843,-0.018035121658406,-0.0179028395219893,NaN,NaN,NaN,NaN,NaN,NaN,NaN,NaN,NaN,NaN,NaN,NaN,NaN,NaN,NaN,NaN,NaN,NaN,NaN,NaN,NaN,NaN,NaN,NaN,NaN,NaN,NaN,NaN,NaN,NaN,NaN,NaN,NaN,NaN,NaN,NaN,NaN,NaN,NaN,NaN,NaN,NaN,NaN,NaN,NaN,NaN,NaN,NaN,NaN,NaN,NaN,NaN,NaN,NaN,NaN,NaN,NaN,NaN,NaN,NaN,NaN,NaN,NaN,NaN,NaN,NaN,NaN,NaN,NaN,NaN,NaN,NaN,NaN,NaN,NaN,NaN,NaN,NaN,NaN,NaN,NaN,NaN
NaN,NaN,NaN,NaN,NaN,NaN,NaN,NaN,NaN,NaN,NaN,NaN,NaN,NaN,NaN,NaN,NaN,NaN,NaN,NaN,NaN,NaN,NaN,NaN,NaN,NaN,NaN,NaN,NaN,NaN,NaN,NaN,NaN,NaN,NaN,NaN,NaN,NaN,-0.019923612402048,-0.0198920698032951,-0.0199805732319616,-0.0209613270553248,-0.0222423803525343,-0.0223720158776248,-0.02298159262072,-0.0236841396087826,-0.0237947079804417,-0.0236080602950816,-0.0242144783830517,-0.0237413901804369,-0.023757076863331,-0.0235977791655013,-0.0236640500861132,-0.0222184494624219,-0.0235487342441624,-0.0244950099214707,-0.0278577338646296,-0.0292877888690991,-0.0311395252325273,-0.03226858856793,-0.03243312659,-0.0309482214207439,-0.0330822040213379,-0.0337158496774463,-0.0340086944919365,-0.0339878934701789,-0.0337709270583629,-0.0346861680627865,-0.0364041425930657,-0.0364822911192734,-0.0366435178583909,-0.0370849653067702,-0.037566058420015,-0.0375321403493778,-0.038226558375728,-0.0382428094478743,-0.0382189760963874,-0.0382534014711846,-0.0382272251695693,-0.0381526275963288,-0.0375267253672371,-0.0377934763707046,-0.037814857738128,-0.0380950157949007,-0.0380428126835738,-0.0379561098695915,-0.0377377605834474,-0.0378163952475102,-0.0377371013103763,-0.0376350842230863,-0.03753847539595,-0.0374350286085762,-0.0373786355106572,-0.0374854755958251,-0.0375226184100716,-0.0370690012263558,-0.0367591845521589,-0.0364932178792398,-0.0362568752126858,-0.0360155207110369,-0.0357775319186743,-0.0355591500735539,-0.0352817670845152,-0.0350002447666626,-0.0347825957380811,-0.0346281889222479,-0.0344027701218509,-0.0199886054060647,NaN,NaN,NaN,NaN,NaN,NaN,NaN,NaN,NaN,NaN,NaN,NaN,NaN,NaN,NaN,NaN,NaN,NaN,NaN,NaN,NaN,NaN,NaN,NaN,NaN,NaN,NaN,NaN,NaN,NaN,NaN,NaN,NaN,0.0245354878292592,-0.0139044758920355,NaN,NaN,NaN,NaN,NaN,NaN,NaN,-0.0214824937095912,-0.0211406157426279,-0.0203270454596151,-0.0199709481603937,-0.0195822053691269,-0.0193734331158395,-0.0193422099409717,-0.0192360370894976,-0.0190369334796878,-0.0188116975648771,-0.0186277423189074,-0.0185212008983121,NaN,NaN,NaN,NaN,NaN,NaN,NaN,NaN,NaN,NaN,NaN,NaN,NaN,NaN,NaN,NaN,NaN,NaN,NaN,NaN,NaN,NaN,NaN,NaN,NaN,NaN,NaN,NaN,NaN,NaN,NaN,NaN,NaN,NaN,NaN,NaN,NaN,NaN,NaN,NaN,NaN,NaN,NaN,NaN,NaN,NaN,NaN,NaN,NaN,NaN,NaN,NaN,NaN,NaN,NaN,NaN,NaN,NaN,NaN,NaN,NaN,NaN,NaN,NaN,NaN,NaN,NaN,NaN,NaN,NaN,NaN,NaN,NaN,NaN,NaN,NaN,NaN,NaN,NaN,NaN,NaN,NaN,NaN
NaN,NaN,NaN,NaN,NaN,NaN,NaN,NaN,NaN,NaN,NaN,NaN,NaN,NaN,NaN,NaN,NaN,NaN,NaN,NaN,NaN,NaN,NaN,NaN,NaN,NaN,NaN,NaN,NaN,NaN,NaN,NaN,NaN,NaN,NaN,NaN,NaN,-0.0202580730171414,-0.0200522159934584,-0.020019713976077,-0.0200318545906751,-0.0201212274432841,-0.0198104649884201,-0.0221502262338805,NaN,-0.0176522859229853,-0.0237005933089686,-0.0175554804843729,-0.0138602197272264,-0.0187339500848482,-0.0214319408519128,-0.0216268666186792,-0.0219807344049289,-0.0236233231727499,-0.0231142805343145,-0.024200238992351,-0.0266252188502632,-0.0292437854616261,-0.028574980582973,-0.0293525349658053,-0.030753717134774,-0.0310330236882446,-0.0320445763555285,-0.0331153547878501,-0.0336311282542198,-0.0334352555111199,-0.0292229023688597,-0.0349578636756585,-0.0362159638943931,-0.0363409197238117,-0.0357849516096069,-0.0369296459180758,-0.0369270444116161,-0.0351334635924335,-0.0371786737136812,-0.0372090731353845,-0.0378600505222222,-0.0369089678737779,-0.0375978731794124,-0.0375396473336139,-0.03742724067745,-0.0370111261878521,-0.0369046181265365,-0.0373137095258039,-0.0371918394465325,-0.0369203468924982,-0.0222304414958385,-0.0371965869149142,-0.0372484086004871,-0.037393094396216,-0.0374356264146526,-0.0373787690546182,-0.0372686405045941,NaN,NaN,-0.0368551574874312,-0.0365780953740482,-0.0363490362277549,-0.0361067477276498,-0.0359235634928128,-0.0357776016184494,-0.0355719992558986,-0.0353162723196895,-0.0349731121174151,-0.0347098773764422,-0.0345581573095999,-0.0344538360681845,-0.0338052740340118,NaN,NaN,NaN,NaN,NaN,NaN,NaN,NaN,NaN,NaN,NaN,NaN,NaN,NaN,NaN,NaN,NaN,NaN,NaN,NaN,NaN,NaN,NaN,NaN,NaN,NaN,NaN,NaN,NaN,NaN,NaN,NaN,NaN,-0.0138186274736004,-0.0220650431089794,-0.0220604964313449,NaN,NaN,NaN,NaN,NaN,-0.0216803822721148,-0.0217448818197857,-0.0214974718759668,-0.0208166565283165,-0.0203259007450453,-0.0199525746965615,-0.0196882796977523,-0.0195459418710438,-0.0193879833774995,-0.0192346442685848,-0.0191202406958037,-0.0189618146117072,-0.0188277426525816,NaN,NaN,NaN,NaN,NaN,NaN,NaN,NaN,NaN,NaN,NaN,NaN,NaN,NaN,NaN,NaN,NaN,NaN,NaN,NaN,NaN,NaN,NaN,NaN,NaN,NaN,NaN,NaN,NaN,NaN,NaN,NaN,NaN,NaN,NaN,NaN,NaN,NaN,NaN,NaN,NaN,NaN,NaN,NaN,NaN,NaN,NaN,NaN,NaN,NaN,NaN,NaN,NaN,NaN,NaN,NaN,NaN,NaN,NaN,NaN,NaN,NaN,NaN,NaN,NaN,NaN,NaN,NaN,NaN,NaN,NaN,NaN,NaN,NaN,NaN,NaN,NaN,NaN,NaN,NaN,NaN,NaN,NaN
NaN,NaN,NaN,NaN,NaN,NaN,NaN,NaN,NaN,NaN,NaN,NaN,NaN,NaN,NaN,NaN,NaN,NaN,NaN,NaN,NaN,NaN,NaN,NaN,NaN,NaN,NaN,NaN,NaN,NaN,NaN,NaN,NaN,NaN,NaN,NaN,-0.0202423533832702,-0.0200589891744387,-0.0200246489846738,-0.0200446360935444,-0.0201322589263533,-0.0200668538515421,-0.0138532196270054,-0.0217689132393088,NaN,NaN,-0.0175172570228845,-0.000834604255656187,-0.0121615722216914,-0.016380345635214,-0.0202667105260431,-0.019904458733314,-0.0213406935246965,-0.023540246872364,-0.0242663389527278,-0.0251772170668309,-0.0258590479737669,-0.0290993303554454,-0.0295172431313003,-0.0301382144795721,-0.0315128601191917,-0.0315838958077024,-0.0319651020745983,-0.0327455085577344,-0.0331580338908982,-0.0331799412066014,-0.0322491966363052,-0.0324097831375105,-0.0350995906979063,-0.0358241704395686,-0.0338202320968261,-0.0333952296973305,-0.0362081994670294,-0.0366454730107279,-0.0368566493805209,-0.0370000920704999,-0.0373760790345033,-0.0372718620745306,-0.0370149992482451,-0.0359224865523006,-0.0369814686309009,-0.0361449196531427,-0.0363078341069397,-0.03627355733753,-0.0357439776909932,-0.035731334345513,-0.00800016610580794,-0.0359072487792172,-0.0370380770564594,-0.0370167741941658,-0.0372971033217832,-0.0365305845220828,NaN,NaN,NaN,-0.0366728547483843,-0.0364068013089993,-0.0361799146743867,-0.0359876912197552,-0.0358446877084488,-0.0357213388077367,-0.0355213586594085,-0.0353490448628794,-0.0350032191002302,-0.0346886498530015,-0.0344928570019349,-0.0343652063522771,-0.0343122940931567,NaN,NaN,NaN,NaN,NaN,NaN,NaN,NaN,NaN,NaN,NaN,NaN,NaN,NaN,NaN,NaN,NaN,NaN,NaN,NaN,NaN,NaN,NaN,NaN,NaN,NaN,NaN,NaN,NaN,NaN,NaN,NaN,NaN,NaN,-0.0220238372555572,-0.0219934182983464,-0.0218470277410552,NaN,NaN,NaN,NaN,-0.0217052123502939,-0.0219047036903867,-0.0218562076844889,-0.021155914334089,-0.020581728513418,-0.0202424419342203,-0.0199591131191332,-0.0196901831094513,-0.0195685277257127,-0.0194449394282946,-0.0193500700045463,-0.019211344620588,NaN,NaN,NaN,NaN,NaN,NaN,NaN,NaN,NaN,NaN,NaN,NaN,NaN,NaN,NaN,NaN,NaN,NaN,NaN,NaN,NaN,NaN,NaN,NaN,NaN,NaN,NaN,NaN,NaN,NaN,NaN,NaN,NaN,NaN,NaN,NaN,NaN,NaN,NaN,NaN,NaN,NaN,NaN,NaN,NaN,NaN,NaN,NaN,NaN,NaN,NaN,NaN,NaN,NaN,NaN,NaN,NaN,NaN,NaN,NaN,NaN,NaN,NaN,NaN,NaN,NaN,NaN,NaN,NaN,NaN,NaN,NaN,NaN,NaN,NaN,NaN,NaN,NaN,NaN,NaN,NaN,NaN,NaN,NaN
NaN,NaN,NaN,NaN,NaN,NaN,NaN,NaN,NaN,NaN,NaN,NaN,NaN,NaN,NaN,NaN,NaN,NaN,NaN,NaN,NaN,NaN,NaN,NaN,NaN,NaN,NaN,NaN,NaN,NaN,NaN,NaN,NaN,NaN,NaN,-0.0203013993538069,-0.0200941281823924,-0.0200915591669692,-0.0200316769932218,-0.0201738184298702,-0.0141529858696522,-0.0139160197975769,NaN,NaN,NaN,NaN,NaN,-0.0121152279871962,-0.0134244274552676,-0.0120536394929014,-0.0155183040199995,-0.0158058457515248,-0.0178080096951421,-0.0194756542901991,-0.0229202066794176,-0.0252407705161889,-0.0259339206053593,-0.0269397553776096,-0.0292590379667739,-0.0298489846612525,-0.0315409915876028,-0.0319936044063782,-0.0322257352582858,-0.0324307809036298,-0.0322596173116053,-0.0328102908108288,-0.0310380008021536,-0.0325931406758142,-0.0335913386060838,-0.0350180740667643,-0.0337664692019004,-0.0343362707585161,-0.0362863840006156,-0.0366099206334899,-0.0368414788174329,-0.0368783806576962,-0.0368073734302894,-0.0371670741506753,-0.0370763600619833,-0.0349557661758387,-0.0369143882585561,-0.0364533869888708,-0.0359224350618165,-0.0348187720171484,-0.0349466401556935,-0.0354476880764809,-0.035054249358124,-0.0354602215531675,-0.0361808061886099,-0.0365995459155877,-0.0369576259069046,-0.0219603692184177,NaN,NaN,NaN,NaN,-0.0361112288148687,-0.0359462939721672,-0.0357661487377043,-0.0356772737758932,-0.0355567610590435,-0.0354275536631781,-0.0352897685362943,-0.0349891201284517,-0.0346691004265029,-0.0344304815319019,-0.0342747951518403,-0.0341440697033123,-0.0339999654188679,NaN,NaN,NaN,NaN,NaN,NaN,NaN,NaN,NaN,NaN,NaN,NaN,NaN,NaN,NaN,NaN,NaN,NaN,NaN,NaN,NaN,NaN,NaN,NaN,NaN,NaN,NaN,NaN,NaN,NaN,NaN,NaN,NaN,-0.0222038714320503,-0.0220316138248026,-0.0215461737793207,NaN,-0.0216307576423041,-0.0213393174316035,-0.0212002812934764,NaN,-0.0221993551674956,-0.0219554004350391,-0.021244154544925,-0.0207225243515154,-0.0204080709021245,-0.020080683293556,-0.0198374826813091,-0.019734821735535,-0.0196482206162649,-0.0195787958178563,NaN,NaN,NaN,NaN,NaN,NaN,NaN,NaN,NaN,NaN,NaN,NaN,NaN,NaN,NaN,NaN,NaN,NaN,NaN,NaN,NaN,NaN,NaN,NaN,NaN,NaN,NaN,NaN,NaN,NaN,NaN,NaN,NaN,NaN,NaN,NaN,NaN,NaN,NaN,NaN,NaN,NaN,NaN,NaN,NaN,NaN,NaN,NaN,NaN,NaN,NaN,NaN,NaN,NaN,NaN,NaN,NaN,NaN,NaN,NaN,NaN,NaN,NaN,NaN,NaN,NaN,NaN,NaN,NaN,NaN,NaN,NaN,NaN,NaN,NaN,NaN,NaN,NaN,NaN,NaN,NaN,NaN,NaN,NaN,NaN
NaN,NaN,NaN,NaN,NaN,NaN,NaN,NaN,NaN,NaN,NaN,NaN,NaN,NaN,NaN,NaN,NaN,NaN,NaN,NaN,NaN,NaN,NaN,NaN,NaN,NaN,NaN,NaN,NaN,NaN,NaN,NaN,NaN,NaN,-0.0181247854343924,-0.0201501727749552,-0.0201917829095701,-0.0201224409472656,-0.0202121252436645,-0.00792531452574363,NaN,NaN,NaN,NaN,NaN,NaN,NaN,NaN,-0.0133963730848122,-0.0133797409809806,-0.0127848909723267,-0.0166868491950123,-0.0167275602842397,-0.0168250207618947,-0.0204231351632238,-0.0135647957871701,-0.0232392553665538,-0.0246219829085075,-0.0275068257000831,-0.0272378621715046,-0.0288137599288411,-0.0303453029661421,-0.0315316681929894,-0.0312445618879831,-0.0315313963250045,-0.0314875866756747,-0.0325261995294995,-0.0331910297352046,-0.0337754170435842,-0.0344279469098006,-0.0345431023855256,-0.0346644529577173,-0.0287111822713771,-0.0176824455873859,NaN,-0.0201617288319835,-0.0346378519754672,-0.0161298629566017,NaN,NaN,NaN,-0.0333195752414398,-0.0351215167916999,-0.0342252258333872,-0.0338556531528906,-0.0346798314435635,-0.0336855696339446,-0.0338375356561845,-0.0351433611885164,-0.0362926406828796,-0.0364408760376734,NaN,NaN,NaN,NaN,NaN,-0.0359109383426046,-0.0357795976551983,-0.0355781965736317,-0.0354662769811542,-0.0353490878419915,-0.0352697590221607,-0.035150379010646,-0.034884072410158,-0.0345998772551938,-0.0343566010537493,-0.0341725348971656,-0.0340147970242726,-0.0338202446455574,-0.0335850599250291,-0.0332185870074916,-0.0163159214997198,0.0161692138808343,NaN,NaN,NaN,NaN,NaN,NaN,NaN,NaN,NaN,NaN,NaN,NaN,NaN,NaN,NaN,NaN,NaN,NaN,NaN,NaN,NaN,NaN,NaN,NaN,NaN,NaN,NaN,NaN,-0.0223876604762999,-0.0222093052731089,-0.0220355536622454,-0.0216218740800014,-0.0212647994226561,-0.0215271832813233,-0.0215286392206566,-0.0216625807440557,-0.022477988332025,-0.0221121648187212,-0.021623035260177,-0.0211676395682852,-0.020814669781623,-0.0205478462990965,-0.0201993385522731,-0.0199716005102265,-0.0199300010152805,-0.0199561289786391,NaN,NaN,NaN,NaN,NaN,NaN,NaN,NaN,NaN,NaN,NaN,NaN,NaN,NaN,NaN,NaN,NaN,NaN,NaN,NaN,NaN,NaN,NaN,NaN,NaN,NaN,NaN,NaN,NaN,NaN,NaN,NaN,NaN,NaN,NaN,NaN,NaN,NaN,NaN,NaN,NaN,NaN,NaN,NaN,NaN,NaN,NaN,NaN,NaN,NaN,NaN,NaN,NaN,NaN,NaN,NaN,NaN,NaN,NaN,NaN,NaN,NaN,NaN,NaN,NaN,NaN,NaN,NaN,NaN,NaN,NaN,NaN,NaN,NaN,NaN,NaN,NaN,NaN,NaN,NaN,NaN,NaN,NaN,NaN,NaN,NaN
NaN,NaN,NaN,NaN,NaN,NaN,NaN,NaN,NaN,NaN,NaN,NaN,NaN,NaN,NaN,NaN,NaN,NaN,NaN,NaN,NaN,NaN,NaN,NaN,NaN,NaN,NaN,NaN,NaN,NaN,NaN,NaN,NaN,NaN,-0.0189651217243413,-0.020146403521612,-0.0201501303741484,-0.0200991907295334,NaN,NaN,NaN,NaN,NaN,NaN,NaN,NaN,NaN,NaN,-0.0133915503168425,-0.0134375398766893,-0.0197889326932591,-0.019809486467104,-0.0198395668127325,-0.0199151755497544,-0.0200151854436611,NaN,-0.000893812241766519,-0.010969796676244,-0.0276267883976012,-0.027583926486503,-0.0269827870148207,-0.0274060205944332,-0.0283795028848461,-0.028026030184222,-0.0268597719770436,-0.0267373681743009,-0.0324121407348751,-0.0329277544495879,-0.0321334313290921,-0.03132469957318,-0.0339200681439962,-0.0346398188020183,NaN,NaN,NaN,NaN,-0.00327678002751926,0.00962242262277781,NaN,NaN,NaN,-0.000341930691944389,-0.0253909760541729,-0.0302008726441409,-0.0327974311995845,-0.0321172764318376,-0.0336949240332203,-0.0348564409867104,-0.0348644506261901,-0.0359870799994966,-0.0234662569894678,NaN,NaN,NaN,NaN,NaN,-0.035718236989518,-0.0356231634486182,-0.0354668532379716,-0.0353223652194877,-0.0351780782716574,-0.0350925925577902,-0.0349709893377744,-0.0347248675021279,-0.0344868046716689,-0.0342636080399365,-0.0340654290761759,-0.0338816326543406,-0.0337035289304947,-0.0335072858472892,-0.0333253226847046,-0.0324539446052873,-0.0117518413414632,NaN,NaN,NaN,NaN,NaN,NaN,NaN,NaN,NaN,NaN,NaN,NaN,NaN,NaN,NaN,NaN,NaN,NaN,NaN,NaN,NaN,NaN,NaN,NaN,NaN,NaN,NaN,NaN,-0.0223514072380203,-0.0223088075108064,-0.0221737417471423,-0.0219456476016563,-0.0218470885962627,-0.0218872433521994,-0.0219386557291741,-0.0220025956531768,-0.0220969030466261,-0.0218626187717653,-0.0214323732364595,-0.0211994101934039,-0.0210237591978444,-0.0207179505431177,-0.020284596647406,-0.020081764281758,-0.0200219206431162,NaN,NaN,NaN,NaN,NaN,NaN,NaN,NaN,NaN,NaN,NaN,NaN,NaN,NaN,NaN,NaN,NaN,NaN,NaN,NaN,NaN,NaN,NaN,NaN,NaN,NaN,NaN,NaN,NaN,NaN,NaN,NaN,NaN,NaN,NaN,NaN,NaN,NaN,NaN,NaN,NaN,NaN,NaN,NaN,NaN,NaN,NaN,NaN,NaN,NaN,NaN,NaN,NaN,NaN,NaN,NaN,NaN,NaN,NaN,NaN,NaN,NaN,NaN,NaN,NaN,NaN,NaN,NaN,NaN,NaN,NaN,NaN,NaN,NaN,NaN,NaN,NaN,NaN,NaN,NaN,NaN,NaN,NaN,NaN,NaN,NaN,NaN
NaN,NaN,NaN,NaN,NaN,NaN,NaN,NaN,NaN,NaN,NaN,NaN,NaN,NaN,NaN,NaN,NaN,NaN,NaN,NaN,NaN,NaN,NaN,NaN,NaN,NaN,NaN,NaN,NaN,NaN,NaN,NaN,NaN,NaN,-0.00833797294910096,-0.0203536520483216,-0.0201800054027572,NaN,NaN,NaN,NaN,NaN,NaN,NaN,NaN,NaN,NaN,NaN,-4.08107009964981e-05,0.000241587644906014,-0.00498481998788276,-0.0166886472870652,-0.0166449163013777,-0.0166461145696599,-0.0166367379481031,0.00044281984591067,0.000737083729043631,0.00236119295295397,-0.0180037196102209,-0.0276069150801683,-0.0245452644455179,-0.0267405780690239,-0.0268587566138131,-0.0279271441044059,-0.02751236269541,-0.0266481272471002,-0.0300792665322683,-0.0233020693921944,-0.00657883692006537,-0.00276347182836731,-0.00970322256504078,-0.018270763749665,NaN,NaN,NaN,NaN,NaN,NaN,NaN,NaN,NaN,0.0118542722974135,0.00747744106309358,-0.00854104746727792,-0.0240878219575611,-0.0275300405362019,-0.0294912729875597,-0.0346581579617336,-0.0345597312249781,-0.0313098677079339,NaN,NaN,NaN,NaN,NaN,NaN,-0.0350253633851414,-0.0354837240967158,-0.0353628970216712,-0.0352320136326612,-0.0350735277385562,-0.0349448990847177,-0.0347649998827273,-0.0345668950959382,-0.0343722474219635,-0.0341681811219244,-0.0339253283914824,-0.0337169532575642,-0.0335228303293657,-0.0333525977661004,-0.0331915266202044,-0.0329911035985212,-0.0325639091386545,NaN,NaN,NaN,NaN,NaN,NaN,NaN,NaN,NaN,NaN,NaN,NaN,NaN,NaN,NaN,NaN,NaN,NaN,NaN,NaN,NaN,NaN,NaN,NaN,NaN,-0.023069421967315,-0.0228372892584622,-0.0225444121780513,-0.0223381824237638,-0.0224303282143689,-0.0224347198291595,-0.0222346487264607,-0.0221065049385519,-0.022051478828496,-0.0220513736214882,-0.0220542272803702,-0.0219750159343917,-0.0218215164083883,-0.0215298358681511,-0.0213152620233094,-0.021101203373035,-0.0207778325346602,-0.0204694394305435,-0.0203610491943013,-0.0200952698204059,NaN,NaN,NaN,NaN,NaN,NaN,NaN,NaN,NaN,NaN,NaN,NaN,NaN,NaN,NaN,NaN,NaN,NaN,NaN,NaN,NaN,NaN,NaN,NaN,NaN,NaN,NaN,NaN,NaN,NaN,NaN,NaN,NaN,NaN,NaN,NaN,NaN,NaN,NaN,NaN,NaN,NaN,NaN,NaN,NaN,NaN,NaN,NaN,NaN,NaN,NaN,NaN,NaN,NaN,NaN,NaN,NaN,NaN,NaN,NaN,NaN,NaN,NaN,NaN,NaN,NaN,NaN,NaN,NaN,NaN,NaN,NaN,NaN,NaN,NaN,NaN,NaN,NaN,NaN,NaN,NaN,NaN,NaN,NaN,NaN,NaN,NaN
NaN,NaN,NaN,NaN,NaN,NaN,NaN,NaN,NaN,NaN,NaN,NaN,NaN,NaN,NaN,NaN,NaN,NaN,NaN,NaN,NaN,NaN,NaN,NaN,NaN,NaN,NaN,NaN,NaN,NaN,NaN,NaN,NaN,NaN,NaN,-0.0206963498433916,-0.0192850607444964,NaN,NaN,NaN,NaN,NaN,NaN,NaN,NaN,NaN,NaN,NaN,-0.00457053728321279,-0.00516349802414594,-0.000643657945558802,NaN,NaN,9.67101209900403e-05,0.000110235283258994,NaN,NaN,NaN,NaN,NaN,-0.0274710834546973,-0.0275246996258908,-0.0276089027346614,-0.0276721212865596,-0.0260913421033539,-0.027849161443682,-0.0289231274952667,NaN,-0.00706630719342246,0.0064576591505074,NaN,NaN,NaN,NaN,NaN,NaN,NaN,NaN,NaN,NaN,NaN,NaN,NaN,0.0119063473188988,0.00801767913505039,-0.012302153712885,-0.0190084353865984,-0.0231677090872356,-0.0298538706930622,-0.0305520576888167,-0.0302515439705769,-0.0151533980554061,0.00957346193756915,0.00941464360645866,NaN,NaN,-0.0327810805966174,-0.034833494097023,-0.0352505083634271,-0.0351345217505428,-0.034991209063689,-0.0348064317699474,-0.0346072112461618,-0.0344235317032759,-0.0342533081216295,-0.0340428834126091,-0.0337983238368766,-0.0335532858110572,-0.0333412988439798,-0.0331706497702881,-0.0330209765661716,-0.0329011737975174,-0.0325471612750453,NaN,NaN,NaN,NaN,NaN,NaN,NaN,NaN,NaN,NaN,NaN,NaN,NaN,NaN,NaN,NaN,NaN,NaN,NaN,NaN,NaN,NaN,NaN,NaN,NaN,-0.0232012854836362,-0.0230914048256418,-0.022965611535807,-0.0227812082340537,-0.022761177878288,-0.0227022676245253,-0.0224670825819667,-0.022257785206286,-0.0220251225711981,-0.0218770528647984,-0.0218946262742317,-0.021760346145428,-0.0215935155440324,-0.0213492815289744,-0.0211761442146893,-0.0210062840634602,-0.0207594564284712,-0.0206449708971203,-0.0206304288078416,NaN,NaN,NaN,NaN,NaN,NaN,NaN,NaN,NaN,NaN,NaN,NaN,NaN,NaN,NaN,NaN,NaN,NaN,NaN,NaN,NaN,NaN,NaN,NaN,NaN,NaN,NaN,NaN,NaN,NaN,NaN,NaN,NaN,NaN,NaN,NaN,NaN,NaN,NaN,NaN,NaN,NaN,NaN,NaN,NaN,NaN,NaN,NaN,NaN,NaN,NaN,NaN,NaN,NaN,NaN,NaN,NaN,NaN,NaN,NaN,NaN,NaN,NaN,NaN,NaN,NaN,NaN,NaN,NaN,NaN,NaN,NaN,NaN,NaN,NaN,NaN,NaN,NaN,NaN,NaN,NaN,NaN,NaN,NaN,NaN,NaN,NaN,NaN
NaN,NaN,NaN,NaN,NaN,NaN,NaN,NaN,NaN,NaN,NaN,NaN,NaN,NaN,NaN,NaN,NaN,NaN,NaN,NaN,NaN,NaN,NaN,NaN,NaN,NaN,NaN,NaN,NaN,NaN,NaN,NaN,NaN,NaN,NaN,-0.022107793044282,NaN,NaN,NaN,NaN,NaN,NaN,NaN,NaN,NaN,NaN,NaN,-0.0239089833851941,-0.0151355409161978,-0.0156449335138991,-0.00978764772154545,NaN,NaN,NaN,NaN,NaN,NaN,NaN,NaN,NaN,-0.0181830994338677,-0.0275414280128764,-0.027586396982305,-0.0276891904599543,-0.0278783205172718,-0.0281860892513835,-0.028491519817777,-0.0166722569331795,0.0048279125771925,NaN,NaN,NaN,NaN,NaN,NaN,NaN,NaN,NaN,NaN,NaN,NaN,NaN,NaN,NaN,NaN,0.0112661751595649,0.00954763605206853,-0.0149736786557962,-0.0216127898243813,-0.0265786360544696,-0.0277145253152032,-0.0129190519600114,-0.0117958033566453,-0.0114871458724261,NaN,NaN,0.000638010080025527,-0.0230862932446376,-0.0346218848161259,-0.0350408931247314,-0.0349129036719832,-0.0347192819246532,-0.0344982255101036,-0.0342889727809508,-0.0341076623631867,-0.0338979489102607,-0.0336569615531596,-0.0334079829512773,-0.0331852373732101,-0.0329944149559903,-0.0328453939991075,-0.0327395911525382,-0.0327608068052606,NaN,NaN,NaN,NaN,NaN,NaN,NaN,NaN,NaN,NaN,NaN,NaN,NaN,NaN,NaN,NaN,NaN,NaN,NaN,NaN,NaN,NaN,NaN,NaN,NaN,-0.023663499892016,-0.0235295975123174,-0.0234945012463763,-0.0233765992716571,-0.0234620774110607,-0.0236912004972929,-0.0233706541966934,-0.0229205681014927,-0.0222924753625273,-0.0218251648424211,-0.0216945635215238,-0.0214604218663805,-0.0213163901926423,-0.0213073129338477,-0.0212371934968837,-0.0209917258900661,-0.0208824790700554,-0.0208753915739423,-0.0208190521352816,NaN,NaN,NaN,NaN,NaN,NaN,NaN,NaN,NaN,NaN,NaN,NaN,NaN,NaN,NaN,NaN,NaN,NaN,NaN,NaN,NaN,NaN,NaN,NaN,NaN,NaN,NaN,NaN,NaN,NaN,NaN,NaN,NaN,NaN,NaN,NaN,NaN,NaN,NaN,NaN,NaN,NaN,NaN,NaN,NaN,NaN,NaN,NaN,NaN,NaN,NaN,NaN,NaN,NaN,NaN,NaN,NaN,NaN,NaN,NaN,NaN,NaN,NaN,NaN,NaN,NaN,NaN,NaN,NaN,NaN,NaN,NaN,NaN,NaN,NaN,NaN,NaN,NaN,NaN,NaN,NaN,NaN,NaN,NaN,NaN,NaN,NaN,NaN
NaN,NaN,NaN,NaN,NaN,NaN,NaN,NaN,NaN,NaN,NaN,NaN,NaN,NaN,NaN,NaN,NaN,NaN,NaN,NaN,NaN,NaN,NaN,NaN,NaN,NaN,NaN,NaN,NaN,NaN,NaN,NaN,NaN,NaN,NaN,-0.0236170217543697,-0.0150515326648165,NaN,NaN,NaN,NaN,NaN,NaN,NaN,NaN,NaN,NaN,-0.0295995368811406,-0.0238997862217325,NaN,NaN,NaN,NaN,NaN,NaN,NaN,NaN,NaN,NaN,NaN,0.00345379213632252,-0.0148902077564238,-0.0181564401214451,-0.0181801607021233,-0.0278424555247807,NaN,NaN,NaN,NaN,NaN,NaN,NaN,NaN,NaN,NaN,NaN,NaN,NaN,NaN,NaN,NaN,NaN,NaN,NaN,NaN,NaN,0.0112795053407899,-0.00814159890628738,-0.0101276769512153,-0.022845457406225,-0.018866192929174,-0.0100458772494765,-0.011480900004158,-0.0114704342866167,NaN,NaN,0.0171498649434438,0.0122419156136863,-0.0228850500662416,-0.0344188882536055,-0.0347998459230955,-0.034620757731649,-0.0344040229729022,-0.0341796443081274,-0.0339685176220374,-0.0337621376694446,-0.0335290310591701,-0.0332745825551563,-0.0330392833368096,-0.0328313181874951,-0.0326563565903767,-0.0325461745147551,-0.0325167463018942,-0.0324296272445259,NaN,NaN,NaN,NaN,NaN,NaN,NaN,NaN,NaN,NaN,NaN,NaN,NaN,NaN,NaN,NaN,NaN,NaN,NaN,NaN,NaN,NaN,-0.024411481576888,-0.0246483179332729,-0.0243069545883803,-0.024183847882519,-0.0242269109933091,-0.0241409986301691,-0.0244665916157501,-0.0250355740507358,-0.0245268367363226,-0.0240447811310512,-0.0222186462792877,-0.0217785446144725,-0.0214544578080867,-0.0214011019319676,-0.021508470223132,-0.0215094360717724,-0.0213673767477679,-0.0211824631798351,-0.0211458328318968,-0.0211346089639378,-0.0210189130862666,NaN,NaN,NaN,NaN,NaN,NaN,NaN,NaN,NaN,NaN,NaN,NaN,NaN,NaN,NaN,NaN,NaN,NaN,NaN,NaN,NaN,NaN,NaN,NaN,NaN,NaN,NaN,NaN,NaN,NaN,NaN,NaN,NaN,NaN,NaN,NaN,NaN,NaN,NaN,NaN,NaN,NaN,NaN,NaN,NaN,NaN,NaN,NaN,NaN,NaN,NaN,NaN,NaN,NaN,NaN,NaN,NaN,NaN,NaN,NaN,NaN,NaN,NaN,NaN,NaN,NaN,NaN,NaN,NaN,NaN,NaN,NaN,NaN,NaN,NaN,NaN,NaN,NaN,NaN,NaN,NaN,NaN,NaN,NaN,NaN,NaN,NaN,NaN
NaN,NaN,NaN,NaN,NaN,NaN,NaN,NaN,NaN,NaN,NaN,NaN,NaN,NaN,NaN,NaN,NaN,NaN,NaN,NaN,NaN,NaN,NaN,NaN,NaN,NaN,NaN,NaN,NaN,NaN,NaN,NaN,NaN,NaN,NaN,-0.0152312286067906,-0.0154086839748534,NaN,NaN,NaN,NaN,NaN,NaN,NaN,NaN,NaN,NaN,NaN,NaN,NaN,NaN,NaN,NaN,NaN,NaN,NaN,NaN,NaN,NaN,NaN,NaN,NaN,NaN,NaN,NaN,NaN,NaN,NaN,NaN,NaN,NaN,NaN,NaN,NaN,NaN,NaN,NaN,NaN,NaN,NaN,NaN,NaN,NaN,NaN,NaN,NaN,NaN,NaN,-0.0116017808976583,-0.0106875384217025,-0.00903897411396508,-0.0114428159680443,-0.0114468848433316,-0.0114547483203804,NaN,-0.00662744960813731,0.00727955830788188,0.0148177938819514,0.0123504793782948,-0.0119346240911865,-0.0337507517996533,-0.0344731589789337,-0.0342936421081171,-0.0340927592169435,-0.0338721029531698,-0.0336542031395232,-0.0334163957986245,-0.033164595165638,-0.0329278777774905,-0.032706342424893,-0.0325099522507554,-0.0323430939956841,-0.032256507351835,-0.0322052157214935,-0.0321057772690037,NaN,NaN,NaN,NaN,NaN,NaN,NaN,NaN,NaN,NaN,NaN,NaN,NaN,NaN,0.0166985493200198,-0.00144908349837392,-0.0192656043243545,-0.0253319535518418,-0.0250890023678784,-0.0248971351240837,-0.0247502049153459,-0.0246223489233299,-0.0245701838799956,-0.0246584432721327,-0.0248103141704723,-0.0248975974941372,-0.0250213856989536,-0.0254483946577774,-0.0259695997635734,NaN,NaN,-0.0217548087887927,-0.0214422812359413,-0.0213310310948615,-0.0215172218998195,-0.0216737387231767,-0.021715239973242,-0.0215896535391183,-0.021378589501481,-0.0213534297420424,-0.0213474644680384,-0.0200864563529812,NaN,NaN,NaN,NaN,NaN,NaN,NaN,NaN,NaN,NaN,NaN,NaN,NaN,NaN,NaN,NaN,NaN,NaN,NaN,NaN,NaN,NaN,NaN,NaN,NaN,NaN,NaN,NaN,NaN,NaN,NaN,NaN,NaN,NaN,NaN,NaN,NaN,NaN,NaN,NaN,NaN,NaN,NaN,NaN,NaN,NaN,NaN,NaN,NaN,NaN,NaN,NaN,NaN,NaN,NaN,NaN,NaN,NaN,NaN,NaN,NaN,NaN,NaN,NaN,NaN,NaN,NaN,NaN,NaN,NaN,NaN,NaN,NaN,NaN,NaN,NaN,NaN,NaN,NaN,NaN,NaN,NaN,NaN,NaN,NaN,NaN,NaN,NaN
NaN,NaN,NaN,NaN,NaN,NaN,NaN,NaN,NaN,NaN,NaN,NaN,NaN,NaN,NaN,NaN,NaN,NaN,NaN,NaN,NaN,NaN,NaN,NaN,NaN,NaN,NaN,NaN,NaN,NaN,NaN,NaN,NaN,NaN,NaN,-0.0159736865044443,-0.0137794430482258,NaN,NaN,NaN,NaN,NaN,NaN,NaN,NaN,NaN,NaN,NaN,NaN,NaN,NaN,NaN,NaN,NaN,NaN,NaN,NaN,NaN,NaN,NaN,NaN,NaN,NaN,NaN,NaN,NaN,NaN,NaN,NaN,NaN,NaN,NaN,NaN,NaN,NaN,NaN,NaN,NaN,NaN,NaN,NaN,NaN,NaN,NaN,NaN,NaN,NaN,NaN,-0.0114879247271418,-0.00325365633770034,-0.0113758718469723,-0.011396395709852,-0.0114259304466648,NaN,NaN,-0.0172583964477578,-0.00668504611737297,NaN,NaN,0.00996003003707004,-0.0261951853769171,-0.0342563322337621,-0.0341388148356523,-0.0339882472167456,-0.0337887012740572,-0.03356987693475,-0.0333398490535732,-0.0330890709557835,-0.0328338525930227,-0.0325976020398052,-0.0323944384268794,-0.0321923905914379,-0.0320257171562288,-0.0319678163464915,-0.0319464556331382,-0.0317948565619211,NaN,NaN,NaN,NaN,NaN,NaN,NaN,NaN,NaN,NaN,NaN,-0.023846353202055,-0.0238346764907401,-0.0206548998610556,-0.0252868998400865,-0.0255404206484511,-0.0254075645617091,-0.025188352166866,-0.0250688395962425,-0.0250333919882448,-0.0251335070962047,-0.0248511689307233,-0.0247499993833115,-0.0249920230913195,-0.0252106906600263,-0.0250820850654538,-0.0252896656297067,NaN,NaN,NaN,NaN,-0.0213161868673758,-0.0213621092737416,-0.0216209961401949,-0.0218401832346002,-0.0218497199912694,-0.021701295706694,-0.0215582116983672,-0.021529267299728,-0.0214336659156072,-0.00468717836149814,NaN,NaN,NaN,NaN,NaN,NaN,NaN,NaN,NaN,NaN,NaN,NaN,NaN,NaN,NaN,NaN,NaN,NaN,NaN,NaN,NaN,NaN,NaN,NaN,NaN,NaN,NaN,NaN,NaN,NaN,NaN,NaN,NaN,NaN,NaN,NaN,NaN,NaN,NaN,NaN,NaN,NaN,NaN,NaN,NaN,NaN,NaN,NaN,NaN,NaN,NaN,NaN,NaN,NaN,NaN,NaN,NaN,NaN,NaN,NaN,NaN,NaN,NaN,NaN,NaN,NaN,NaN,NaN,NaN,NaN,NaN,NaN,NaN,NaN,NaN,NaN,NaN,NaN,NaN,NaN,NaN,NaN,NaN,NaN,NaN,NaN,NaN,NaN
NaN,NaN,NaN,NaN,NaN,NaN,NaN,NaN,NaN,NaN,NaN,NaN,NaN,NaN,NaN,NaN,NaN,NaN,NaN,NaN,NaN,NaN,NaN,NaN,NaN,NaN,NaN,NaN,NaN,NaN,NaN,NaN,NaN,NaN,NaN,-0.016614464245055,NaN,NaN,NaN,NaN,NaN,NaN,NaN,NaN,NaN,NaN,NaN,NaN,NaN,NaN,NaN,NaN,NaN,NaN,NaN,NaN,NaN,NaN,NaN,NaN,NaN,NaN,NaN,NaN,NaN,NaN,NaN,NaN,NaN,NaN,NaN,NaN,NaN,NaN,NaN,NaN,NaN,NaN,NaN,NaN,NaN,NaN,NaN,NaN,NaN,NaN,NaN,NaN,-0.0114667278620261,-0.011394692721584,-0.0113725496083337,NaN,NaN,NaN,NaN,-0.0244570194700955,-0.0173232735943321,NaN,NaN,NaN,0.00327961474405139,-0.0308549892976636,-0.0334904140725093,-0.0338406306894617,-0.0336883471076097,-0.0334893595747635,-0.0332631525147325,-0.0330123376466021,-0.032750078798533,-0.0325153110028819,-0.0322891304935185,-0.0320736601300634,-0.0318607959997117,-0.0317969931658545,-0.0317900350489524,-0.0316514294789946,NaN,NaN,NaN,NaN,NaN,NaN,NaN,NaN,NaN,NaN,NaN,-0.00391328624591946,-0.0238560517052313,-0.0240417618880739,-0.0255381744792432,-0.0257037942777591,-0.0255224114451504,-0.0253252918045836,-0.0252515025582196,-0.0252960038198643,-0.0257361041458278,-0.025546920876191,-0.0251961767079773,-0.0250052694818595,-0.0251937023023011,-0.0252961637390546,-0.0253094191228377,NaN,NaN,NaN,NaN,-0.0213544383892948,-0.0214533326304012,-0.0216560275942263,-0.0218250027775997,-0.0218203018346632,-0.0218013243149988,-0.0217562483046038,-0.021762472218642,-0.0213003991434115,-0.0211881183596704,NaN,NaN,NaN,NaN,NaN,NaN,NaN,NaN,NaN,NaN,NaN,NaN,NaN,NaN,NaN,NaN,NaN,NaN,NaN,NaN,NaN,NaN,NaN,NaN,NaN,NaN,NaN,NaN,NaN,NaN,NaN,NaN,NaN,NaN,NaN,NaN,NaN,NaN,NaN,NaN,NaN,NaN,NaN,NaN,NaN,NaN,NaN,NaN,NaN,NaN,NaN,NaN,NaN,NaN,NaN,NaN,NaN,NaN,NaN,NaN,NaN,NaN,NaN,NaN,NaN,NaN,NaN,NaN,NaN,NaN,NaN,NaN,NaN,NaN,NaN,NaN,NaN,NaN,NaN,NaN,NaN,NaN,NaN,NaN,NaN,NaN,NaN,NaN
NaN,NaN,NaN,NaN,NaN,NaN,NaN,NaN,NaN,NaN,NaN,NaN,NaN,NaN,NaN,NaN,NaN,NaN,NaN,NaN,NaN,NaN,NaN,NaN,NaN,NaN,NaN,NaN,NaN,NaN,NaN,NaN,NaN,NaN,NaN,-0.0167626197189617,NaN,NaN,NaN,NaN,NaN,NaN,NaN,NaN,NaN,NaN,NaN,NaN,NaN,NaN,NaN,NaN,NaN,NaN,NaN,NaN,NaN,NaN,NaN,NaN,NaN,NaN,NaN,NaN,NaN,NaN,NaN,NaN,NaN,NaN,NaN,NaN,NaN,NaN,NaN,NaN,NaN,NaN,NaN,NaN,NaN,NaN,NaN,NaN,NaN,NaN,NaN,NaN,0.00352735354193104,NaN,NaN,NaN,NaN,NaN,NaN,NaN,NaN,NaN,NaN,NaN,0.0159971339345875,-0.0161891564311798,-0.0325385027203987,-0.0323325535359391,-0.0335354174037208,-0.033381914478019,-0.0331850072211593,-0.0329574334094836,-0.0327037317128476,-0.0324364055549789,-0.0322100638440331,-0.0319866270204748,-0.0317751912400068,-0.0316843074392707,-0.0316494821208375,-0.0315279947556488,-0.0314062485431813,NaN,NaN,NaN,NaN,NaN,NaN,NaN,NaN,NaN,NaN,0.0176387047981686,-0.0200607451601508,-0.0252354895612836,-0.0259867424636555,-0.02584048541168,-0.0256664754749329,-0.02552842999921,-0.0254704634586417,-0.0255040179016793,-0.0258754952798302,-0.0259868645435344,-0.0256902517682169,-0.0255761719185691,-0.0253242841660647,-0.025324666446681,-0.0252660937250462,NaN,NaN,NaN,NaN,-0.0213436812348742,-0.0215296188101622,-0.0217377438238129,-0.0218593641068249,-0.0218937246461629,-0.0218627461603987,-0.0219261114542574,-0.0219581589186755,-0.0214833006290427,-0.0196184684028092,NaN,NaN,NaN,NaN,NaN,NaN,NaN,NaN,NaN,NaN,NaN,NaN,NaN,NaN,NaN,NaN,NaN,NaN,NaN,NaN,NaN,NaN,NaN,NaN,NaN,NaN,NaN,NaN,NaN,NaN,NaN,NaN,NaN,NaN,NaN,NaN,NaN,NaN,NaN,NaN,NaN,NaN,NaN,NaN,NaN,NaN,NaN,NaN,NaN,NaN,NaN,NaN,NaN,NaN,NaN,NaN,NaN,NaN,NaN,NaN,NaN,NaN,NaN,NaN,NaN,NaN,NaN,NaN,NaN,NaN,NaN,NaN,NaN,NaN,NaN,NaN,NaN,NaN,NaN,NaN,NaN,NaN,NaN,NaN,NaN,NaN,NaN,NaN
NaN,NaN,NaN,NaN,NaN,NaN,NaN,NaN,NaN,NaN,NaN,NaN,NaN,NaN,NaN,NaN,NaN,NaN,NaN,NaN,NaN,NaN,NaN,NaN,NaN,NaN,NaN,NaN,NaN,NaN,NaN,NaN,NaN,NaN,-0.0172113803628174,-0.0168890270400832,NaN,NaN,NaN,NaN,NaN,NaN,NaN,NaN,NaN,NaN,NaN,NaN,NaN,NaN,NaN,NaN,NaN,NaN,NaN,NaN,NaN,NaN,NaN,NaN,NaN,NaN,NaN,NaN,NaN,NaN,NaN,NaN,NaN,NaN,NaN,NaN,NaN,NaN,NaN,NaN,NaN,NaN,NaN,NaN,NaN,NaN,NaN,NaN,NaN,NaN,NaN,NaN,0.00922382222427134,NaN,NaN,NaN,NaN,NaN,NaN,NaN,NaN,NaN,NaN,NaN,0.0121626033929838,-0.0240268416919907,-0.028974667083859,-0.0304115790237279,-0.0312978657491865,-0.0332239432236946,-0.0330768742903355,-0.0328791519664943,-0.0326438916015728,-0.0323849419285932,-0.0321443931433568,-0.0319095737702261,-0.0317022752885526,-0.0315853455332059,-0.0314980966806338,-0.0313745050199763,-0.0312607864183812,-0.0311321088111144,NaN,NaN,NaN,NaN,NaN,NaN,NaN,NaN,NaN,0.0103860492102505,-0.0238748724184929,-0.026215773821671,-0.0261154828581297,-0.0259986214591271,-0.0258892140660399,-0.0257998882877483,-0.0257370870760209,-0.0257439770822412,-0.0257632202220933,-0.0256771667933907,-0.0255556435761328,-0.0254664552548764,-0.0254997361826486,-0.0254449082110961,-0.0253479324088621,NaN,NaN,NaN,NaN,-0.0215147575714428,-0.0216869920612674,-0.0218865754366015,-0.0220002015372354,-0.0220015911340976,-0.0219038106933307,-0.0219671723657186,-0.0218799324302604,-0.0214746484861364,0.00440354458442585,NaN,NaN,NaN,NaN,NaN,NaN,NaN,NaN,NaN,NaN,NaN,NaN,NaN,NaN,NaN,NaN,NaN,NaN,NaN,NaN,NaN,NaN,NaN,NaN,NaN,NaN,NaN,NaN,NaN,NaN,NaN,NaN,NaN,NaN,NaN,NaN,NaN,NaN,NaN,NaN,NaN,NaN,NaN,NaN,NaN,NaN,NaN,NaN,NaN,NaN,NaN,NaN,NaN,NaN,NaN,NaN,NaN,NaN,NaN,NaN,NaN,NaN,NaN,NaN,NaN,NaN,NaN,NaN,NaN,NaN,NaN,NaN,NaN,NaN,NaN,NaN,NaN,NaN,NaN,NaN,NaN,NaN,NaN,NaN,NaN,NaN,NaN,NaN
NaN,NaN,NaN,NaN,NaN,NaN,NaN,NaN,NaN,NaN,NaN,NaN,NaN,NaN,NaN,NaN,NaN,NaN,NaN,NaN,NaN,NaN,NaN,NaN,NaN,NaN,NaN,NaN,NaN,NaN,NaN,NaN,NaN,NaN,-0.0173776926830353,-0.0171226309978037,NaN,NaN,NaN,NaN,NaN,NaN,NaN,NaN,NaN,NaN,NaN,NaN,NaN,NaN,NaN,NaN,NaN,NaN,NaN,NaN,NaN,NaN,NaN,NaN,NaN,NaN,NaN,NaN,NaN,NaN,NaN,NaN,NaN,NaN,NaN,NaN,NaN,NaN,NaN,NaN,NaN,NaN,NaN,NaN,NaN,NaN,NaN,NaN,NaN,NaN,NaN,-0.014214598464267,-0.00201510993164661,NaN,NaN,NaN,NaN,NaN,NaN,NaN,NaN,NaN,NaN,NaN,0.0173070475772747,0.0122796203976164,-0.0239632281338154,-0.0275601841578088,-0.0295912353633658,-0.0326400210040087,-0.0329174302593622,-0.032764789769517,-0.0325631854197781,-0.0323207159857878,-0.0320733566440205,-0.0318331305421101,-0.0316074673793975,-0.0314798601257726,-0.0313644110966323,-0.0312476044507171,-0.0311405991180697,-0.0309970367605832,-0.030832411442903,NaN,NaN,NaN,NaN,NaN,NaN,NaN,NaN,-0.0209428185197264,-0.0263185997338377,-0.0263162052096254,-0.0262382065654378,-0.0261919391352201,-0.0261494813957022,-0.026061212218351,-0.026070190878742,-0.0259882247644763,-0.0259774823035143,-0.0257998215009351,-0.0256508558951926,-0.025661787936373,-0.025685793755842,-0.0255652767178001,-0.0254862822553023,NaN,NaN,NaN,NaN,-0.0217708786352266,-0.0218556183708124,-0.0219851159943189,-0.0220765476829456,-0.0220745183598573,-0.0219800107805064,-0.0219940839839248,-0.0220019117128084,-0.0215842887961167,-0.0216576926238294,0.00459185988139299,NaN,NaN,NaN,NaN,NaN,NaN,NaN,NaN,NaN,NaN,NaN,NaN,NaN,NaN,NaN,NaN,NaN,NaN,NaN,NaN,NaN,NaN,NaN,NaN,NaN,NaN,NaN,NaN,NaN,NaN,NaN,NaN,NaN,NaN,NaN,NaN,NaN,NaN,NaN,NaN,NaN,NaN,NaN,NaN,NaN,NaN,NaN,NaN,NaN,NaN,NaN,NaN,NaN,NaN,NaN,NaN,NaN,NaN,NaN,NaN,NaN,NaN,NaN,NaN,NaN,NaN,NaN,NaN,NaN,NaN,NaN,NaN,NaN,NaN,NaN,NaN,NaN,NaN,NaN,NaN,NaN,NaN,NaN,NaN,NaN,NaN,NaN
NaN,NaN,NaN,NaN,NaN,NaN,NaN,NaN,NaN,NaN,NaN,NaN,NaN,NaN,NaN,NaN,NaN,NaN,NaN,NaN,NaN,NaN,NaN,NaN,NaN,NaN,NaN,NaN,NaN,NaN,NaN,NaN,NaN,NaN,-0.0175120513531341,NaN,NaN,NaN,NaN,NaN,NaN,NaN,NaN,NaN,NaN,NaN,NaN,NaN,NaN,NaN,NaN,NaN,NaN,NaN,NaN,NaN,NaN,NaN,NaN,NaN,NaN,NaN,NaN,NaN,NaN,NaN,NaN,NaN,NaN,NaN,NaN,NaN,NaN,NaN,NaN,NaN,NaN,NaN,NaN,NaN,NaN,NaN,NaN,NaN,NaN,NaN,NaN,-0.0233252263788128,NaN,NaN,NaN,NaN,NaN,NaN,NaN,NaN,NaN,NaN,NaN,NaN,NaN,0.0127873959241414,-0.0235049828532502,-0.0270501238606026,-0.0309860016317877,-0.0309299675893773,-0.032692755420627,-0.0326048552937352,-0.0324500978856425,-0.0322378945432227,-0.0319942582228741,-0.0317518206728898,-0.0315473654447205,-0.031384394858364,-0.0312551579056755,-0.0311207058401143,-0.0310320715176276,-0.0309090071392889,-0.0306987859051439,-0.0305398704815285,NaN,NaN,NaN,NaN,NaN,NaN,NaN,-0.0263295842153539,-0.0263703205871877,-0.0263685234698658,-0.0263461061551787,-0.0263720340089239,-0.0263503495458482,-0.0262825165814597,-0.0263944817143445,-0.0262895833095358,-0.0260628952238934,-0.0259064726532484,-0.0258373088794256,-0.0259042603040779,-0.0258619731297869,-0.0257289505120436,-0.0256463610325672,NaN,NaN,NaN,-0.0214071250285158,-0.0219354860913735,-0.0219579915792934,-0.0220472086037639,-0.0221114907354993,-0.0221445786618837,-0.0221436462530302,-0.0221729330130611,-0.0222616513477122,-0.0217795126730952,-0.0218687380360529,-0.0194523317618061,NaN,NaN,NaN,NaN,NaN,NaN,NaN,NaN,NaN,NaN,NaN,NaN,NaN,NaN,NaN,NaN,NaN,NaN,NaN,NaN,NaN,NaN,NaN,NaN,NaN,NaN,NaN,NaN,NaN,NaN,NaN,NaN,NaN,NaN,NaN,NaN,NaN,NaN,NaN,NaN,NaN,NaN,NaN,NaN,NaN,NaN,NaN,NaN,NaN,NaN,NaN,NaN,NaN,NaN,NaN,NaN,NaN,NaN,NaN,NaN,NaN,NaN,NaN,NaN,NaN,NaN,NaN,NaN,NaN,NaN,NaN,NaN,NaN,NaN,NaN,NaN,NaN,NaN,NaN,NaN,NaN,NaN,NaN,NaN,NaN,NaN,NaN
NaN,NaN,NaN,NaN,NaN,NaN,NaN,NaN,NaN,NaN,NaN,NaN,NaN,NaN,NaN,NaN,NaN,NaN,NaN,NaN,NaN,NaN,NaN,NaN,NaN,NaN,NaN,NaN,NaN,NaN,NaN,NaN,NaN,NaN,-0.0176499466159057,NaN,NaN,NaN,NaN,NaN,NaN,NaN,NaN,NaN,NaN,NaN,NaN,NaN,NaN,NaN,NaN,NaN,NaN,NaN,NaN,NaN,NaN,NaN,NaN,NaN,NaN,NaN,NaN,NaN,NaN,NaN,NaN,NaN,NaN,NaN,NaN,NaN,NaN,NaN,NaN,NaN,NaN,NaN,NaN,NaN,NaN,NaN,NaN,NaN,NaN,NaN,-0.0326491784513537,-0.0290313885879043,NaN,NaN,NaN,NaN,NaN,NaN,NaN,NaN,NaN,NaN,NaN,NaN,NaN,0.0175762268212418,-0.0139821248009785,-0.0252402047003519,-0.0292304770143057,-0.0300223452628452,-0.0308872752276265,-0.03240684816963,-0.032286743868291,-0.0321219218966071,-0.0319068573428745,-0.0316696379516411,-0.0314596579979083,-0.0313114561453137,-0.0311977815752943,-0.0310249731152797,-0.0309101412234952,-0.0308461596202082,-0.0306105806558654,-0.0304226784229302,-0.0303213169092179,NaN,NaN,NaN,NaN,NaN,NaN,NaN,-0.0263644961676302,-0.0263704886697601,-0.0263876256291684,-0.0263778777854342,-0.0264011065350432,-0.0264821399922892,-0.0265967014718055,-0.0266182101869539,-0.026135259378257,-0.0260513805596587,-0.0261133789536079,-0.0261084405948129,-0.0260494486899615,-0.025945375103896,NaN,NaN,NaN,NaN,-0.0164623515819969,-0.0220391605317496,-0.0220483523708848,-0.0221254617892571,-0.0222085140293774,-0.0222686679710742,-0.0223090438403661,-0.0223288295409328,-0.0224474166433571,-0.0220069017728,-0.0220657730904834,-0.0221602936592172,0.00420060519191198,NaN,NaN,NaN,NaN,NaN,NaN,NaN,NaN,NaN,NaN,NaN,NaN,NaN,NaN,NaN,NaN,NaN,NaN,NaN,NaN,NaN,NaN,NaN,NaN,NaN,NaN,NaN,NaN,NaN,NaN,NaN,NaN,NaN,NaN,NaN,NaN,NaN,NaN,NaN,NaN,NaN,NaN,NaN,NaN,NaN,NaN,NaN,NaN,NaN,NaN,NaN,NaN,NaN,NaN,NaN,NaN,NaN,NaN,NaN,NaN,NaN,NaN,NaN,NaN,NaN,NaN,NaN,NaN,NaN,NaN,NaN,NaN,NaN,NaN,NaN,NaN,NaN,NaN,NaN,NaN,NaN,NaN,NaN,NaN,NaN,NaN
NaN,NaN,NaN,NaN,NaN,NaN,NaN,NaN,NaN,NaN,NaN,NaN,NaN,NaN,NaN,NaN,NaN,NaN,NaN,NaN,NaN,NaN,NaN,NaN,NaN,NaN,NaN,NaN,NaN,NaN,NaN,NaN,NaN,NaN,-0.0177478230554943,NaN,NaN,NaN,NaN,NaN,NaN,NaN,NaN,NaN,NaN,NaN,NaN,NaN,NaN,NaN,NaN,NaN,NaN,NaN,NaN,NaN,NaN,NaN,NaN,NaN,NaN,NaN,NaN,NaN,NaN,NaN,NaN,NaN,NaN,NaN,NaN,NaN,NaN,NaN,NaN,NaN,NaN,NaN,NaN,NaN,NaN,NaN,NaN,NaN,NaN,NaN,-0.0348055490988223,-0.0326094618522512,NaN,NaN,NaN,NaN,NaN,NaN,NaN,NaN,NaN,NaN,NaN,NaN,NaN,0.0192196749019762,0.00934824303101955,-0.0269220890524555,-0.0298741252098146,-0.0303499865775992,-0.030913289435721,-0.0314760730047539,-0.0320780660124766,-0.0319475084556455,-0.0317774786323655,-0.0315707483365798,-0.0313540875362213,-0.0312013887763929,-0.031137409129364,-0.0310329728529954,-0.0308062209728261,-0.0307261115776306,-0.0305576586178423,-0.0303990661975653,-0.0302136250463237,-0.0300661185467064,NaN,NaN,NaN,NaN,NaN,NaN,NaN,-0.0264964914769318,-0.0264773318760239,-0.0263946803044005,-0.0263785030432263,-0.0264809969820612,-0.0266127406597568,-0.0265872215373216,-0.0262787194553754,-0.0261619940319972,-0.026237958114578,-0.0262617424430832,-0.0262053431802462,-0.0261153972239572,NaN,NaN,NaN,0.00465276486577539,-0.0216320599465561,-0.0221368393347419,-0.0221862095962075,-0.0222431631285843,-0.0223407243298461,-0.0223841759602626,-0.0224523976107091,-0.0224686765913586,-0.0225968644629761,-0.0224382395168353,-0.0222453024670478,-0.0223453338856582,0.00411410406012939,NaN,NaN,NaN,NaN,NaN,NaN,NaN,NaN,NaN,NaN,NaN,NaN,NaN,NaN,NaN,NaN,NaN,NaN,NaN,NaN,NaN,NaN,NaN,NaN,NaN,NaN,NaN,NaN,NaN,NaN,NaN,NaN,NaN,NaN,NaN,NaN,NaN,NaN,NaN,NaN,NaN,NaN,NaN,NaN,NaN,NaN,NaN,NaN,NaN,NaN,NaN,NaN,NaN,NaN,NaN,NaN,NaN,NaN,NaN,NaN,NaN,NaN,NaN,NaN,NaN,NaN,NaN,NaN,NaN,NaN,NaN,NaN,NaN,NaN,NaN,NaN,NaN,NaN,NaN,NaN,NaN,NaN,NaN,NaN,NaN,NaN
NaN,NaN,NaN,NaN,NaN,NaN,NaN,NaN,NaN,NaN,NaN,NaN,NaN,NaN,NaN,NaN,NaN,NaN,NaN,NaN,NaN,NaN,NaN,NaN,NaN,NaN,NaN,NaN,NaN,NaN,NaN,NaN,NaN,NaN,-0.0178466067027585,NaN,NaN,NaN,NaN,NaN,NaN,NaN,NaN,NaN,NaN,NaN,NaN,NaN,NaN,NaN,NaN,NaN,NaN,NaN,NaN,NaN,NaN,NaN,NaN,NaN,NaN,NaN,NaN,NaN,NaN,NaN,NaN,NaN,NaN,NaN,NaN,NaN,NaN,NaN,NaN,NaN,NaN,NaN,NaN,NaN,NaN,NaN,NaN,NaN,NaN,NaN,NaN,NaN,NaN,NaN,NaN,NaN,NaN,NaN,NaN,NaN,NaN,NaN,NaN,NaN,NaN,NaN,0.00641333341063419,-0.0284891169748609,-0.0301806225944341,-0.0307354187448615,-0.0309901670043329,-0.0314595924139254,-0.031629105907487,-0.0317298944508859,-0.031595554794197,-0.0314374542709661,-0.0312559110359256,-0.031104247636813,-0.0310211854146834,-0.0309880933671039,-0.0308163326340293,-0.0306123778807097,-0.0305204530700177,-0.0304294914333237,-0.030144816081196,-0.0299115192867514,-0.0298249527073424,-0.0296684146609868,NaN,NaN,NaN,NaN,NaN,-0.02674466841457,-0.0266166635114937,-0.0265342180271572,-0.0265324866766152,-0.0265073153238818,-0.0266692870129305,-0.0266087646193679,-0.026346148936728,-0.0262764978671453,-0.0263544875395339,-0.02636429021038,-0.0263206942896904,-0.0262760532845429,NaN,NaN,0.00464115673373186,-0.0218311452273927,-0.0217898492453204,-0.0222754279463492,-0.0223653253489439,-0.0223820969897863,-0.0224392450191219,-0.0225231831377445,-0.0226262780239728,-0.0226382140685071,-0.0227544001872506,-0.0228371527250407,-0.0224270067941156,-0.0225344227447081,0.00396890245180333,NaN,NaN,NaN,NaN,NaN,NaN,NaN,NaN,NaN,NaN,NaN,NaN,NaN,NaN,NaN,NaN,NaN,NaN,NaN,NaN,NaN,NaN,NaN,NaN,NaN,NaN,NaN,NaN,NaN,NaN,NaN,NaN,NaN,NaN,NaN,NaN,NaN,NaN,NaN,NaN,NaN,NaN,NaN,NaN,NaN,NaN,NaN,NaN,NaN,NaN,NaN,NaN,NaN,NaN,NaN,NaN,NaN,NaN,NaN,NaN,NaN,NaN,NaN,NaN,NaN,NaN,NaN,NaN,NaN,NaN,NaN,NaN,NaN,NaN,NaN,NaN,NaN,NaN,NaN,NaN,NaN,NaN,NaN,NaN,NaN,NaN
NaN,NaN,NaN,NaN,NaN,NaN,NaN,NaN,NaN,NaN,NaN,NaN,NaN,NaN,NaN,NaN,NaN,NaN,NaN,NaN,NaN,NaN,NaN,NaN,NaN,NaN,NaN,NaN,NaN,NaN,NaN,NaN,NaN,NaN,-0.0181197757187155,-0.0162443622656242,NaN,NaN,NaN,NaN,NaN,NaN,NaN,NaN,NaN,NaN,NaN,NaN,NaN,NaN,NaN,NaN,NaN,NaN,NaN,NaN,NaN,NaN,NaN,NaN,NaN,NaN,NaN,NaN,NaN,NaN,NaN,NaN,NaN,NaN,NaN,NaN,NaN,NaN,NaN,NaN,NaN,NaN,NaN,NaN,NaN,NaN,NaN,NaN,NaN,NaN,NaN,NaN,NaN,NaN,NaN,NaN,NaN,NaN,NaN,NaN,NaN,NaN,NaN,NaN,NaN,NaN,NaN,0.00334522160173719,-0.0295073459685293,-0.0304737610517916,-0.0312655887535818,-0.0314484590030409,-0.0312459662089387,-0.0314455570056871,-0.0313887606688796,-0.0312751306425563,-0.0311132031644638,-0.0309478107124831,-0.0308280741639181,-0.0306743599239668,-0.0307180965963133,-0.0305896199925255,-0.0305577797591007,-0.0304163106164591,-0.0300528953095855,-0.0297610642756748,-0.0296306009838941,-0.0295588572070525,-0.0294569727889923,NaN,NaN,NaN,NaN,-0.026734613249587,-0.0266278167248025,-0.0265623090064912,-0.0266958044885963,-0.0267490636984506,-0.026709378035214,-0.0265542851338631,-0.0264297655874569,-0.026441598961236,-0.0264670450444767,-0.0264657026542129,-0.0264422186238526,-0.0244269805744343,NaN,NaN,0.0288013979767063,0.00461430572190383,-0.0171865135331574,-0.0225516449642001,-0.0225481827534904,-0.0225214804535461,-0.0226035113229854,-0.0227233046643361,-0.0228026481000585,-0.0228806572805083,-0.0229688126701613,-0.0230896806594514,-0.0226590911518842,-0.02276860962307,0.00380597330656479,NaN,NaN,NaN,NaN,NaN,NaN,NaN,NaN,NaN,NaN,NaN,NaN,NaN,NaN,NaN,NaN,NaN,NaN,NaN,NaN,NaN,NaN,NaN,NaN,NaN,NaN,NaN,NaN,NaN,NaN,NaN,NaN,NaN,NaN,NaN,NaN,NaN,NaN,NaN,NaN,NaN,NaN,NaN,NaN,NaN,NaN,NaN,NaN,NaN,NaN,NaN,NaN,NaN,NaN,NaN,NaN,NaN,NaN,NaN,NaN,NaN,NaN,NaN,NaN,NaN,NaN,NaN,NaN,NaN,NaN,NaN,NaN,NaN,NaN,NaN,NaN,NaN,NaN,NaN,NaN,NaN,NaN,NaN,NaN,NaN,NaN
NaN,NaN,NaN,NaN,NaN,NaN,NaN,NaN,NaN,NaN,NaN,NaN,NaN,NaN,NaN,NaN,NaN,NaN,NaN,NaN,NaN,NaN,NaN,NaN,NaN,NaN,NaN,NaN,NaN,NaN,NaN,NaN,NaN,NaN,NaN,-0.0166685484165824,NaN,NaN,NaN,NaN,NaN,NaN,NaN,NaN,NaN,NaN,NaN,NaN,NaN,NaN,NaN,NaN,NaN,NaN,NaN,NaN,NaN,NaN,NaN,NaN,NaN,NaN,NaN,NaN,NaN,NaN,NaN,NaN,NaN,NaN,NaN,NaN,NaN,NaN,NaN,NaN,NaN,NaN,NaN,NaN,NaN,NaN,NaN,NaN,NaN,NaN,NaN,NaN,NaN,NaN,NaN,NaN,NaN,NaN,NaN,NaN,NaN,NaN,NaN,NaN,NaN,NaN,NaN,0.0181567916621565,-0.0146186226249351,-0.0307276571556633,-0.0311921381771573,-0.0313815101453079,-0.0313084819988063,-0.0312490176256932,-0.0312029953765056,-0.031086718309455,-0.0309353364026931,-0.0307701791946278,-0.0306654199539971,-0.0305806916025275,-0.030513920808467,-0.030507952814935,-0.0304645883029204,-0.0303110206672801,-0.0299549562679152,-0.0295662831535479,-0.0293713546784322,-0.029363290692652,-0.0293615682653735,NaN,NaN,NaN,-0.0267646817757737,-0.0267976887463026,-0.0267368373398361,-0.026678550019241,-0.0267080564882031,-0.0268416294560527,-0.026756856415381,-0.0264831443910741,-0.026504467359495,-0.0265527939034252,-0.0265672070641876,-0.0265667134274587,-0.0265360535534011,-0.0177745547611911,NaN,NaN,NaN,NaN,NaN,-0.0174551749119625,-0.0226735782332568,-0.0226860856645424,-0.0228085892018975,-0.0229578845251915,-0.0230328726749727,-0.0231537844883373,-0.0232250387040718,-0.0233476475003954,-0.0234712938523589,-0.0230427478554544,-0.0231554490583789,-0.0229961378368226,NaN,NaN,NaN,NaN,NaN,NaN,NaN,NaN,NaN,NaN,NaN,NaN,NaN,NaN,NaN,NaN,NaN,NaN,NaN,NaN,NaN,NaN,NaN,NaN,NaN,NaN,NaN,NaN,NaN,NaN,NaN,NaN,NaN,NaN,NaN,NaN,NaN,NaN,NaN,NaN,NaN,NaN,NaN,NaN,NaN,NaN,NaN,NaN,NaN,NaN,NaN,NaN,NaN,NaN,NaN,NaN,NaN,NaN,NaN,NaN,NaN,NaN,NaN,NaN,NaN,NaN,NaN,NaN,NaN,NaN,NaN,NaN,NaN,NaN,NaN,NaN,NaN,NaN,NaN,NaN,NaN,NaN,NaN,NaN,NaN
NaN,NaN,NaN,NaN,NaN,NaN,NaN,NaN,NaN,NaN,NaN,NaN,NaN,NaN,NaN,NaN,NaN,NaN,NaN,NaN,NaN,NaN,NaN,NaN,NaN,NaN,NaN,NaN,NaN,NaN,NaN,NaN,NaN,NaN,-0.0183383885554429,-0.0176405776210998,NaN,NaN,NaN,NaN,NaN,NaN,NaN,NaN,NaN,NaN,NaN,NaN,NaN,NaN,NaN,NaN,NaN,NaN,NaN,NaN,NaN,NaN,NaN,NaN,NaN,NaN,NaN,NaN,NaN,NaN,NaN,NaN,NaN,NaN,NaN,NaN,NaN,NaN,NaN,NaN,NaN,NaN,NaN,NaN,NaN,NaN,NaN,NaN,NaN,NaN,NaN,NaN,NaN,NaN,NaN,NaN,NaN,NaN,NaN,NaN,NaN,NaN,NaN,NaN,NaN,NaN,NaN,NaN,-0.0307425367625755,-0.0306910795036722,-0.0264669444908572,-0.0312783821991682,-0.0311711430583628,-0.0310588291850626,-0.03100887846804,-0.0309135315105491,-0.0307817441503072,-0.0306395667374275,-0.0305076149071718,-0.0304988142952595,-0.0304414068223494,-0.0304316216586737,-0.0303118564145148,-0.030157468470661,-0.029844876550281,-0.0294474692442038,-0.0292088940336022,-0.0291845187215209,-0.0292151869167024,NaN,NaN,NaN,-0.0269969000345536,-0.0269372990035994,-0.0267822501092815,-0.0267735578166598,-0.0267963777213932,-0.0268382517903565,-0.0267577828382629,-0.0265523748140863,-0.0265801907635923,-0.0266064700053452,-0.0266265808771094,-0.0266324252224394,-0.0265226217711127,-0.0101793057526061,NaN,NaN,NaN,NaN,NaN,NaN,-0.0228124891380595,-0.0228880825497725,-0.0229967330738094,-0.0231601777846763,-0.0232569411292431,-0.0233312581195136,-0.0234042604400915,-0.0235323885143862,-0.0236959063920182,-0.0232460407899523,-0.0233568872901575,-0.0233631471563388,NaN,NaN,NaN,NaN,NaN,NaN,NaN,NaN,NaN,NaN,NaN,NaN,NaN,NaN,NaN,NaN,NaN,NaN,NaN,NaN,NaN,NaN,NaN,NaN,NaN,NaN,NaN,NaN,NaN,NaN,NaN,NaN,NaN,NaN,NaN,NaN,NaN,NaN,NaN,NaN,NaN,NaN,NaN,NaN,NaN,NaN,NaN,NaN,NaN,NaN,NaN,NaN,NaN,NaN,NaN,NaN,NaN,NaN,NaN,NaN,NaN,NaN,NaN,NaN,NaN,NaN,NaN,NaN,NaN,NaN,NaN,NaN,NaN,NaN,NaN,NaN,NaN,NaN,NaN,NaN,NaN,NaN,NaN,NaN,NaN
NaN,NaN,NaN,NaN,NaN,NaN,NaN,NaN,NaN,NaN,NaN,NaN,NaN,NaN,NaN,NaN,NaN,NaN,NaN,NaN,NaN,NaN,NaN,NaN,NaN,NaN,NaN,NaN,NaN,NaN,NaN,NaN,-0.0187657098475041,-0.0187750144610043,-0.0187166070655075,NaN,NaN,NaN,NaN,NaN,NaN,NaN,NaN,NaN,NaN,NaN,NaN,NaN,NaN,NaN,NaN,NaN,NaN,NaN,NaN,NaN,NaN,NaN,NaN,NaN,NaN,NaN,NaN,NaN,NaN,NaN,NaN,NaN,NaN,NaN,NaN,NaN,NaN,NaN,NaN,NaN,NaN,NaN,NaN,NaN,NaN,NaN,NaN,NaN,NaN,NaN,NaN,NaN,NaN,NaN,NaN,NaN,NaN,NaN,NaN,NaN,NaN,NaN,NaN,NaN,NaN,NaN,NaN,NaN,NaN,NaN,-0.00126547598333253,-0.0299785325940023,-0.0310306922165519,-0.0309347304344801,-0.0308433277350814,-0.0307213714862684,-0.03058164561217,-0.0304150922825419,-0.030270143846826,-0.0302768593919148,-0.0303470631807014,-0.0302967398979641,-0.0301417123609675,-0.0300056776362103,-0.0297503769290821,-0.0294209735132311,-0.0291729428396341,-0.0290895155445208,-0.0291266371083163,NaN,-0.0275410861441413,-0.0274524683274237,-0.0272763916244605,-0.027114545702106,-0.0268775278133042,-0.0268045025755875,-0.0268767227020112,-0.0269444261333013,-0.0268820622404057,-0.0266206972615835,-0.0266139568553485,-0.0266193363117262,-0.0266369357777847,-0.0266560575013861,-0.0265457662708962,NaN,NaN,NaN,NaN,NaN,NaN,NaN,-0.0228154557207734,-0.0230493160778751,-0.0231729141631142,-0.0233321086837465,-0.0234129237765579,-0.0234416443349955,-0.0234757011585504,-0.0236095643072358,-0.023795338697609,-0.0234698514348705,-0.0235955685823439,-0.0236343426705893,-0.0183259959280778,NaN,NaN,NaN,NaN,NaN,NaN,NaN,NaN,NaN,NaN,NaN,NaN,NaN,NaN,NaN,NaN,NaN,NaN,NaN,NaN,NaN,NaN,NaN,NaN,NaN,NaN,NaN,NaN,NaN,NaN,NaN,NaN,NaN,NaN,NaN,NaN,NaN,NaN,NaN,NaN,NaN,NaN,NaN,NaN,NaN,NaN,NaN,NaN,NaN,NaN,NaN,NaN,NaN,NaN,NaN,NaN,NaN,NaN,NaN,NaN,NaN,NaN,NaN,NaN,NaN,NaN,NaN,NaN,NaN,NaN,NaN,NaN,NaN,NaN,NaN,NaN,NaN,NaN,NaN,NaN,NaN,NaN,NaN,NaN
NaN,NaN,NaN,NaN,NaN,NaN,NaN,NaN,NaN,NaN,NaN,NaN,NaN,NaN,NaN,NaN,NaN,NaN,NaN,NaN,NaN,NaN,NaN,NaN,NaN,NaN,NaN,NaN,NaN,NaN,NaN,NaN,-0.0187630711207066,-0.0187592794441097,NaN,NaN,NaN,NaN,NaN,NaN,NaN,NaN,NaN,NaN,NaN,NaN,NaN,NaN,NaN,NaN,NaN,NaN,NaN,NaN,NaN,NaN,NaN,NaN,NaN,NaN,NaN,NaN,NaN,NaN,NaN,NaN,NaN,NaN,NaN,NaN,NaN,NaN,NaN,NaN,NaN,NaN,NaN,NaN,NaN,NaN,NaN,NaN,NaN,NaN,NaN,NaN,NaN,NaN,NaN,NaN,NaN,NaN,NaN,NaN,NaN,NaN,NaN,NaN,NaN,NaN,NaN,NaN,NaN,NaN,NaN,NaN,0.0198874176484431,-0.0124191824933484,-0.0307313250367564,-0.0308553555984629,-0.0307515182153745,-0.0306101203904255,-0.0304216970083188,-0.0302393616967425,-0.0301126254114734,-0.0301383657253264,-0.0302549766899707,-0.030019252330668,-0.029965201031686,-0.0298512634861838,-0.0296487417440856,-0.0294133819813656,-0.0292511024573792,-0.0290341473011347,NaN,NaN,-0.0276133912028283,-0.0275423458142645,-0.0274776301207602,-0.0273340491450575,-0.0271348642123654,-0.0270337502400498,-0.0270090197617174,-0.0270150467768329,-0.0268994712583603,-0.0266731678859344,-0.0266331080332214,-0.0266156398375624,-0.0266310830894116,-0.0265806791648834,-0.0264644199582177,NaN,NaN,NaN,NaN,NaN,NaN,NaN,NaN,-0.0232202986340318,-0.0233248660325492,-0.0234650040096428,-0.0235637023377541,-0.0235675313332238,-0.0235694087382933,-0.0236512655305233,-0.0238522350260027,-0.0238000081584629,-0.00134011779650585,0.00307622347233935,0.0103483727620977,NaN,NaN,NaN,NaN,NaN,NaN,NaN,NaN,NaN,NaN,NaN,NaN,NaN,NaN,NaN,NaN,NaN,NaN,NaN,NaN,NaN,NaN,NaN,NaN,NaN,NaN,NaN,NaN,NaN,NaN,NaN,NaN,NaN,NaN,NaN,NaN,NaN,NaN,NaN,NaN,NaN,NaN,NaN,NaN,NaN,NaN,NaN,NaN,NaN,NaN,NaN,NaN,NaN,NaN,NaN,NaN,NaN,NaN,NaN,NaN,NaN,NaN,NaN,NaN,NaN,NaN,NaN,NaN,NaN,NaN,NaN,NaN,NaN,NaN,NaN,NaN,NaN,NaN,NaN,NaN,NaN,NaN,NaN,NaN
NaN,NaN,NaN,NaN,NaN,NaN,NaN,NaN,NaN,NaN,NaN,NaN,NaN,NaN,NaN,NaN,NaN,NaN,NaN,NaN,NaN,NaN,NaN,NaN,NaN,NaN,NaN,NaN,NaN,NaN,NaN,NaN,NaN,NaN,NaN,NaN,NaN,NaN,NaN,NaN,NaN,NaN,NaN,NaN,NaN,NaN,NaN,NaN,NaN,NaN,NaN,NaN,NaN,NaN,NaN,NaN,NaN,NaN,NaN,NaN,NaN,NaN,NaN,NaN,NaN,NaN,NaN,NaN,NaN,NaN,NaN,NaN,NaN,NaN,NaN,NaN,NaN,NaN,NaN,NaN,NaN,NaN,NaN,NaN,NaN,NaN,NaN,NaN,NaN,NaN,NaN,NaN,NaN,NaN,NaN,NaN,NaN,NaN,NaN,NaN,NaN,NaN,NaN,NaN,NaN,NaN,NaN,NaN,-0.0122045205574033,-0.0305793448428264,-0.030731301541166,-0.0306038827386147,-0.0303860068936905,-0.0302002467604673,-0.0301137200775829,-0.0301612688488033,-0.0301203201191074,-0.0299227954522063,-0.0298450537846851,-0.0297457553944267,-0.0295340866503146,-0.0293883412885814,-0.0294168249005858,NaN,NaN,-0.0280974133382253,-0.0278985967870484,-0.0278058712818348,-0.0276385736224674,-0.0275084951526278,-0.0272315840027406,-0.0271380374384236,-0.0271398431436671,-0.0271165934914388,-0.0268900260029988,-0.0266994263056158,-0.0266295474996653,-0.0266037775732284,-0.0266311445341881,-0.0264965336126322,-0.0263949632041676,NaN,NaN,NaN,NaN,NaN,NaN,NaN,NaN,-0.0221115761694482,-0.0234576277906765,-0.0236076326292129,-0.0236728928706034,-0.0236474745972313,-0.023686327373602,-0.0237837546266968,-0.0240124065317622,-0.0241566227035622,-0.0227660251748991,0.00250148973644671,NaN,NaN,NaN,NaN,NaN,NaN,NaN,NaN,NaN,NaN,NaN,NaN,NaN,NaN,NaN,NaN,NaN,NaN,NaN,NaN,NaN,NaN,NaN,NaN,NaN,NaN,NaN,NaN,NaN,NaN,NaN,NaN,NaN,NaN,NaN,NaN,NaN,NaN,NaN,NaN,NaN,NaN,NaN,NaN,NaN,NaN,NaN,NaN,NaN,NaN,NaN,NaN,NaN,NaN,NaN,NaN,NaN,NaN,NaN,NaN,NaN,NaN,NaN,NaN,NaN,NaN,NaN,NaN,NaN,NaN,NaN,NaN,NaN,NaN,NaN,NaN,NaN,NaN,NaN,NaN,NaN,NaN,NaN,NaN,NaN
NaN,NaN,NaN,NaN,NaN,NaN,NaN,NaN,NaN,NaN,NaN,NaN,NaN,NaN,NaN,NaN,NaN,NaN,NaN,NaN,NaN,NaN,NaN,NaN,NaN,NaN,NaN,NaN,NaN,NaN,NaN,NaN,NaN,NaN,NaN,NaN,NaN,NaN,NaN,NaN,NaN,NaN,NaN,NaN,NaN,NaN,NaN,NaN,NaN,NaN,NaN,NaN,NaN,NaN,NaN,NaN,NaN,NaN,NaN,NaN,NaN,NaN,NaN,NaN,NaN,NaN,NaN,NaN,NaN,NaN,NaN,NaN,NaN,NaN,NaN,NaN,NaN,NaN,NaN,NaN,NaN,NaN,NaN,NaN,NaN,NaN,NaN,NaN,NaN,NaN,NaN,NaN,NaN,NaN,NaN,NaN,NaN,NaN,NaN,NaN,NaN,NaN,NaN,NaN,NaN,NaN,NaN,NaN,NaN,NaN,-0.0305036765815487,-0.0305274700426263,-0.0302890990258584,-0.0301375427649569,-0.030096522688184,-0.0300347020169249,-0.0298406162747117,-0.0297836155761703,-0.0297977589674441,-0.0296768529594712,-0.0294426589445758,-0.0293050576566509,-0.0293475701006435,NaN,NaN,-0.0281943362404898,-0.0280996249886419,-0.027999869878206,-0.027791789654881,-0.0275527565487297,-0.0272264624319948,-0.027094990473024,-0.0271766605152787,-0.0271449123738288,-0.0269693620115328,-0.0267581455906231,-0.0266353177657698,-0.0266113060345438,-0.0266887219610167,-0.0263047076702106,NaN,NaN,NaN,NaN,NaN,NaN,NaN,NaN,NaN,NaN,-0.0223753176956796,-0.0237225854974556,-0.0237528994668825,-0.0237442439824055,-0.0238265237696099,-0.0240303972439126,-0.0242860106098461,-0.0244410854285412,-0.0244576639819942,-0.023994871916009,NaN,NaN,NaN,NaN,NaN,NaN,NaN,NaN,NaN,NaN,NaN,NaN,NaN,NaN,NaN,NaN,NaN,NaN,NaN,NaN,NaN,NaN,NaN,NaN,NaN,NaN,NaN,NaN,NaN,NaN,NaN,NaN,NaN,NaN,NaN,NaN,NaN,NaN,NaN,NaN,NaN,NaN,NaN,NaN,NaN,NaN,NaN,NaN,NaN,NaN,NaN,NaN,NaN,NaN,NaN,NaN,NaN,NaN,NaN,NaN,NaN,NaN,NaN,NaN,NaN,NaN,NaN,NaN,NaN,NaN,NaN,NaN,NaN,NaN,NaN,NaN,NaN,NaN,NaN,NaN,NaN,NaN,NaN,NaN,NaN
NaN,NaN,NaN,NaN,NaN,NaN,NaN,NaN,NaN,NaN,NaN,NaN,NaN,NaN,NaN,NaN,NaN,NaN,NaN,NaN,NaN,NaN,NaN,NaN,NaN,NaN,NaN,NaN,NaN,NaN,NaN,NaN,NaN,NaN,NaN,NaN,NaN,NaN,NaN,NaN,NaN,NaN,NaN,NaN,NaN,NaN,NaN,NaN,NaN,NaN,NaN,NaN,NaN,NaN,NaN,NaN,NaN,NaN,NaN,NaN,NaN,NaN,NaN,NaN,NaN,NaN,NaN,NaN,NaN,NaN,NaN,NaN,NaN,NaN,NaN,NaN,NaN,NaN,NaN,NaN,NaN,NaN,NaN,NaN,NaN,NaN,NaN,NaN,NaN,NaN,NaN,NaN,NaN,NaN,NaN,NaN,NaN,NaN,NaN,NaN,NaN,NaN,NaN,NaN,NaN,NaN,NaN,NaN,NaN,NaN,NaN,-0.0299031938687334,-0.0300135908395171,-0.0299291990605111,-0.0298833128563004,-0.029752651064959,-0.0295585905376504,-0.0295865234950462,-0.0296166077509049,-0.029531684231985,-0.0294275106779881,-0.0293566591398606,-0.0294472745372445,NaN,NaN,-0.0284857618032745,-0.0283552380877498,-0.0281416856352311,-0.027911316390436,-0.0276414538774407,-0.0273177856870868,-0.0271553003108913,-0.0272687812590057,-0.0272090043656389,-0.0269736978086162,-0.0268152353215377,-0.0267105551841471,-0.0267006149982609,-0.026823749078109,NaN,NaN,NaN,NaN,NaN,NaN,NaN,NaN,NaN,NaN,NaN,NaN,-0.0226210597131653,-0.0238816271015833,-0.0238880436280506,-0.0240183682553973,-0.0242451412451365,-0.0245005684744446,-0.0246927471669067,-0.0247147273887609,-0.0247225613530181,-0.0180935552105461,NaN,NaN,NaN,NaN,NaN,NaN,NaN,NaN,NaN,NaN,NaN,NaN,NaN,NaN,NaN,NaN,NaN,NaN,NaN,NaN,NaN,NaN,NaN,NaN,NaN,NaN,NaN,NaN,NaN,NaN,NaN,NaN,NaN,NaN,NaN,NaN,NaN,NaN,NaN,NaN,NaN,NaN,NaN,NaN,NaN,NaN,NaN,NaN,NaN,NaN,NaN,NaN,NaN,NaN,NaN,NaN,NaN,NaN,NaN,NaN,NaN,NaN,NaN,NaN,NaN,NaN,NaN,NaN,NaN,NaN,NaN,NaN,NaN,NaN,NaN,NaN,NaN,NaN,NaN,NaN,NaN,NaN,NaN,NaN
NaN,NaN,NaN,NaN,NaN,NaN,NaN,NaN,NaN,NaN,NaN,NaN,NaN,NaN,NaN,NaN,NaN,NaN,NaN,NaN,NaN,NaN,NaN,NaN,NaN,NaN,NaN,NaN,NaN,NaN,NaN,NaN,NaN,NaN,NaN,NaN,NaN,NaN,NaN,NaN,NaN,NaN,NaN,NaN,NaN,NaN,NaN,NaN,NaN,NaN,NaN,NaN,NaN,NaN,NaN,NaN,NaN,NaN,NaN,NaN,NaN,NaN,NaN,NaN,NaN,NaN,NaN,NaN,NaN,NaN,NaN,NaN,NaN,NaN,NaN,NaN,NaN,NaN,NaN,NaN,NaN,NaN,NaN,NaN,NaN,NaN,NaN,NaN,NaN,NaN,NaN,NaN,NaN,NaN,NaN,NaN,NaN,NaN,NaN,NaN,NaN,NaN,NaN,NaN,NaN,NaN,NaN,NaN,NaN,NaN,NaN,-0.0298206942466297,-0.0297735051204755,-0.029700542322823,-0.0296122290898295,-0.0295521856408502,-0.0294166047119016,-0.0294990948751065,-0.0294613033554253,-0.0294094978585859,-0.0294384363360793,-0.0293881892082634,-0.0294512202932915,-0.0293728389448684,-0.0293114884370271,-0.0288374559296367,-0.0285609582627763,-0.0283073995697005,-0.0279841519039954,-0.0276840681614892,-0.0274647359672166,-0.0273931168213573,-0.0274617536361063,-0.0272673411475782,-0.0269749338556793,-0.0268343652495079,-0.0267617455751873,-0.0267687986514103,-0.0268574846904002,-0.0265779696207915,NaN,NaN,NaN,NaN,NaN,NaN,NaN,NaN,NaN,NaN,NaN,NaN,-0.0228178542573236,-0.0240327117957031,-0.0242470773086195,-0.0244316969672628,-0.0246789735294167,-0.0248542445813895,-0.0249081120491259,-0.0249094708604235,-0.0247003825112382,NaN,NaN,NaN,NaN,NaN,NaN,NaN,NaN,NaN,NaN,NaN,NaN,NaN,NaN,NaN,NaN,NaN,NaN,NaN,NaN,NaN,NaN,NaN,NaN,NaN,NaN,NaN,NaN,NaN,NaN,NaN,NaN,NaN,NaN,NaN,NaN,NaN,NaN,NaN,NaN,NaN,NaN,NaN,NaN,NaN,NaN,NaN,NaN,NaN,NaN,NaN,NaN,NaN,NaN,NaN,NaN,NaN,NaN,NaN,NaN,NaN,NaN,NaN,NaN,NaN,NaN,NaN,NaN,NaN,NaN,NaN,NaN,NaN,NaN,NaN,NaN,NaN,NaN,NaN,NaN,NaN,NaN,NaN,NaN
NaN,NaN,NaN,NaN,NaN,NaN,NaN,NaN,NaN,NaN,NaN,NaN,NaN,NaN,NaN,NaN,NaN,NaN,NaN,NaN,NaN,NaN,NaN,NaN,NaN,NaN,NaN,NaN,NaN,NaN,NaN,NaN,NaN,NaN,NaN,NaN,NaN,NaN,NaN,NaN,NaN,NaN,NaN,NaN,NaN,NaN,NaN,NaN,NaN,NaN,NaN,NaN,NaN,NaN,NaN,NaN,NaN,NaN,NaN,NaN,NaN,NaN,NaN,NaN,NaN,NaN,NaN,NaN,NaN,NaN,NaN,NaN,NaN,NaN,NaN,NaN,NaN,NaN,NaN,NaN,NaN,NaN,NaN,NaN,NaN,NaN,NaN,NaN,NaN,NaN,NaN,NaN,NaN,NaN,NaN,NaN,NaN,NaN,NaN,NaN,NaN,NaN,NaN,NaN,NaN,NaN,NaN,NaN,NaN,NaN,NaN,-0.0296580017683122,-0.0295798631648819,-0.0295123158166437,-0.0294121627442941,-0.0293459631720739,-0.029352651810977,-0.0293743480121696,-0.0293534418569418,-0.0292578345515197,-0.029218472332074,-0.029138606434823,-0.0290669258853487,-0.0290922298344515,-0.029061111142697,-0.0287990493358587,-0.0285918878558841,-0.0283264683099808,-0.0281111546239508,-0.0277934383324825,-0.027585926461939,-0.0275160936629115,-0.0275326218585927,-0.0273103630497368,-0.0270476651349211,-0.0268043930781499,-0.0267252268913215,-0.026771225640924,-0.0268788738260471,-0.0227561089644659,0.0140356688455509,NaN,NaN,NaN,NaN,NaN,NaN,NaN,NaN,NaN,NaN,NaN,NaN,NaN,-0.0245859091498268,-0.0246688017428588,-0.0248181751959578,-0.0249678066642013,-0.0250639194610226,-0.0250952559204496,-0.0250409126408649,NaN,NaN,NaN,NaN,NaN,NaN,NaN,NaN,NaN,NaN,NaN,NaN,NaN,NaN,NaN,NaN,NaN,NaN,NaN,NaN,NaN,NaN,NaN,NaN,NaN,NaN,NaN,NaN,NaN,NaN,NaN,NaN,NaN,NaN,NaN,NaN,NaN,NaN,NaN,NaN,NaN,NaN,NaN,NaN,NaN,NaN,NaN,NaN,NaN,NaN,NaN,NaN,NaN,NaN,NaN,NaN,NaN,NaN,NaN,NaN,NaN,NaN,NaN,NaN,NaN,NaN,NaN,NaN,NaN,NaN,NaN,NaN,NaN,NaN,NaN,NaN,NaN,NaN,NaN,NaN,NaN,NaN,NaN,NaN
NaN,NaN,NaN,NaN,NaN,NaN,NaN,NaN,NaN,NaN,NaN,NaN,NaN,NaN,NaN,NaN,NaN,NaN,NaN,NaN,NaN,NaN,NaN,NaN,NaN,NaN,NaN,NaN,NaN,NaN,NaN,NaN,NaN,NaN,NaN,NaN,NaN,NaN,NaN,NaN,NaN,NaN,NaN,NaN,NaN,NaN,NaN,NaN,NaN,NaN,NaN,NaN,NaN,NaN,NaN,NaN,NaN,NaN,NaN,NaN,NaN,NaN,NaN,NaN,NaN,NaN,NaN,NaN,NaN,NaN,NaN,NaN,NaN,NaN,NaN,NaN,NaN,NaN,NaN,NaN,NaN,NaN,NaN,NaN,NaN,NaN,NaN,NaN,NaN,NaN,NaN,NaN,NaN,NaN,NaN,NaN,NaN,NaN,NaN,NaN,NaN,NaN,NaN,NaN,NaN,NaN,NaN,NaN,NaN,NaN,NaN,-0.0295872711674856,-0.029526833220753,-0.0294275248861932,-0.0292828665679319,-0.0291487921547326,-0.0291582657197153,-0.0291457477695046,-0.0292115099669709,-0.0292405251906451,-0.0290432928948721,-0.0289216696142317,-0.0288480476471155,-0.0289328706938251,-0.0289019710009366,-0.0287324441072098,-0.0285095563000639,-0.0283102553855038,-0.0280602790644484,-0.0278860498699277,-0.0278047622541506,-0.0275997821284092,-0.0275202557446052,-0.0273539178547174,-0.0270553292613532,-0.0268049178658216,-0.0267439747852461,-0.026818675699398,-0.0269344909658643,-0.0261143892046621,0.00120985320365283,NaN,NaN,NaN,NaN,NaN,NaN,NaN,NaN,NaN,NaN,NaN,NaN,NaN,NaN,-0.0248749893434567,-0.0249517561369725,-0.0250685469612088,-0.0252116558286824,-0.0252344639995707,-0.0252420798389866,NaN,NaN,NaN,NaN,NaN,NaN,NaN,NaN,NaN,NaN,NaN,NaN,NaN,NaN,NaN,NaN,NaN,NaN,NaN,NaN,NaN,NaN,NaN,NaN,NaN,NaN,NaN,NaN,NaN,NaN,NaN,NaN,NaN,NaN,NaN,NaN,NaN,NaN,NaN,NaN,NaN,NaN,NaN,NaN,NaN,NaN,NaN,NaN,NaN,NaN,NaN,NaN,NaN,NaN,NaN,NaN,NaN,NaN,NaN,NaN,NaN,NaN,NaN,NaN,NaN,NaN,NaN,NaN,NaN,NaN,NaN,NaN,NaN,NaN,NaN,NaN,NaN,NaN,NaN,NaN,NaN,NaN,NaN,NaN
NaN,NaN,NaN,NaN,NaN,NaN,NaN,NaN,NaN,NaN,NaN,NaN,NaN,NaN,NaN,NaN,NaN,NaN,NaN,NaN,NaN,NaN,NaN,NaN,NaN,NaN,NaN,NaN,NaN,NaN,NaN,NaN,NaN,NaN,NaN,NaN,NaN,NaN,NaN,NaN,NaN,NaN,NaN,NaN,NaN,NaN,NaN,NaN,NaN,NaN,NaN,NaN,NaN,NaN,NaN,NaN,NaN,NaN,NaN,NaN,NaN,NaN,NaN,NaN,NaN,NaN,NaN,NaN,NaN,NaN,NaN,NaN,NaN,NaN,NaN,NaN,NaN,NaN,NaN,NaN,NaN,NaN,NaN,NaN,NaN,NaN,NaN,NaN,NaN,NaN,NaN,NaN,NaN,NaN,NaN,NaN,NaN,NaN,NaN,NaN,NaN,NaN,NaN,NaN,NaN,NaN,NaN,NaN,NaN,NaN,NaN,NaN,NaN,-0.0294229221216743,-0.0292231659171276,-0.029069063758536,-0.0290499510950196,-0.028992891913912,-0.0290407744218713,-0.0291582181954104,-0.0289693969566506,-0.0288954470070354,-0.0288738216311817,-0.0288368694778891,-0.0287800348383385,-0.0286696860309319,-0.0285218116030674,-0.0283096732721101,-0.0279867664822934,-0.0277810100137634,-0.027708654350032,-0.0275975422648151,-0.0274626786345878,-0.0273604950197002,-0.0270402315527607,-0.0268405618749451,-0.026783951080298,-0.0268765689927313,-0.0269740392397296,-0.0267316955876706,NaN,NaN,NaN,NaN,NaN,NaN,NaN,NaN,NaN,NaN,NaN,NaN,NaN,NaN,NaN,-0.0250241761792593,-0.0251212260805392,-0.0251849410162507,-0.0253388196789142,-0.0253631894629561,-0.0254649969217561,NaN,NaN,NaN,NaN,NaN,NaN,NaN,NaN,NaN,NaN,NaN,NaN,NaN,NaN,NaN,NaN,NaN,NaN,NaN,NaN,NaN,NaN,NaN,NaN,NaN,NaN,NaN,NaN,NaN,NaN,NaN,NaN,NaN,NaN,NaN,NaN,NaN,NaN,NaN,NaN,NaN,NaN,NaN,NaN,NaN,NaN,NaN,NaN,NaN,NaN,NaN,NaN,NaN,NaN,NaN,NaN,NaN,NaN,NaN,NaN,NaN,NaN,NaN,NaN,NaN,NaN,NaN,NaN,NaN,NaN,NaN,NaN,NaN,NaN,NaN,NaN,NaN,NaN,NaN,NaN,NaN,NaN,NaN,NaN
NaN,NaN,NaN,NaN,NaN,NaN,NaN,NaN,NaN,NaN,NaN,NaN,NaN,NaN,NaN,NaN,NaN,NaN,NaN,NaN,NaN,NaN,NaN,NaN,NaN,NaN,NaN,NaN,NaN,NaN,NaN,NaN,NaN,NaN,NaN,NaN,NaN,NaN,NaN,NaN,NaN,NaN,NaN,NaN,NaN,NaN,NaN,NaN,NaN,NaN,NaN,NaN,NaN,NaN,NaN,NaN,NaN,NaN,NaN,NaN,NaN,NaN,NaN,NaN,NaN,NaN,NaN,NaN,NaN,NaN,NaN,NaN,NaN,NaN,NaN,NaN,NaN,NaN,NaN,NaN,NaN,NaN,NaN,NaN,NaN,NaN,NaN,NaN,NaN,NaN,NaN,NaN,NaN,NaN,NaN,NaN,NaN,NaN,NaN,NaN,NaN,NaN,NaN,NaN,NaN,NaN,NaN,NaN,NaN,NaN,NaN,NaN,NaN,NaN,-0.0291047701286159,-0.0290440668543687,-0.0290093248923933,-0.0289809672537713,-0.0290503592034538,-0.0290242593077838,-0.0288797767388005,-0.0287093973483344,-0.028670216234403,-0.0286243830336804,-0.0285947025513585,-0.0285490588116805,-0.0283762844949414,-0.0281230215734114,-0.027821712033069,-0.0276836633455286,-0.0276643163745714,-0.0276976972292022,-0.027504492661597,-0.0273019590990692,-0.027049891715682,-0.0268695323736348,-0.026801197494276,-0.0269106094400808,-0.0270197142567534,-0.0270330901800855,-0.0252854540534307,NaN,NaN,NaN,NaN,NaN,NaN,NaN,NaN,NaN,NaN,NaN,NaN,NaN,NaN,NaN,-0.0253569799557079,-0.0253962128610975,-0.0254628563988701,-0.0255108358256533,-0.025638796112379,NaN,NaN,NaN,NaN,NaN,NaN,NaN,NaN,NaN,NaN,NaN,NaN,NaN,NaN,NaN,NaN,NaN,NaN,NaN,NaN,NaN,NaN,NaN,NaN,NaN,NaN,NaN,NaN,NaN,NaN,NaN,NaN,NaN,NaN,NaN,NaN,NaN,NaN,NaN,NaN,NaN,NaN,NaN,NaN,NaN,NaN,NaN,NaN,NaN,NaN,NaN,NaN,NaN,NaN,NaN,NaN,NaN,NaN,NaN,NaN,NaN,NaN,NaN,NaN,NaN,NaN,NaN,NaN,NaN,NaN,NaN,NaN,NaN,NaN,NaN,NaN,NaN,NaN,NaN,NaN,NaN,NaN,NaN,NaN
NaN,NaN,NaN,NaN,NaN,NaN,NaN,NaN,NaN,NaN,NaN,NaN,NaN,NaN,NaN,NaN,NaN,NaN,NaN,NaN,NaN,NaN,NaN,NaN,NaN,NaN,NaN,NaN,NaN,NaN,NaN,NaN,NaN,NaN,NaN,NaN,NaN,NaN,NaN,NaN,NaN,NaN,NaN,NaN,NaN,NaN,NaN,NaN,NaN,NaN,NaN,NaN,NaN,NaN,NaN,NaN,NaN,NaN,NaN,NaN,NaN,NaN,NaN,NaN,NaN,NaN,NaN,NaN,NaN,NaN,NaN,NaN,NaN,NaN,NaN,NaN,NaN,NaN,NaN,NaN,NaN,NaN,NaN,NaN,NaN,NaN,NaN,NaN,NaN,NaN,NaN,NaN,NaN,NaN,NaN,NaN,NaN,NaN,NaN,NaN,NaN,NaN,NaN,NaN,NaN,NaN,NaN,NaN,NaN,NaN,NaN,NaN,NaN,NaN,-0.0289948397621506,-0.0289896063227649,-0.0288987623176973,-0.028908801099514,-0.0289165231411184,-0.0288082784078247,-0.0286639253403115,-0.0285477422407078,-0.0285361561644465,-0.0284455860365315,-0.0283882630572761,-0.028273473706577,-0.0280770299837736,-0.0277963473815935,-0.0276111601204729,-0.0276683985716826,-0.0278055715644993,-0.0277778132376908,-0.0275650214145034,-0.0273214404005854,-0.0271246143569605,-0.0269125108787617,-0.0268275561522905,-0.0269402956328662,-0.0270307582556147,-0.0270019340749815,-0.0269210778461357,-0.0269317879446162,-0.0269822451247384,-0.0270576938511037,NaN,NaN,NaN,NaN,NaN,NaN,NaN,NaN,NaN,NaN,NaN,NaN,NaN,-0.0256018423199827,-0.0255889388140992,-0.0256808417423784,-0.0257670816879939,NaN,NaN,NaN,NaN,NaN,NaN,NaN,NaN,NaN,NaN,NaN,NaN,NaN,NaN,NaN,NaN,NaN,NaN,NaN,NaN,NaN,NaN,NaN,NaN,NaN,NaN,NaN,NaN,NaN,NaN,NaN,NaN,NaN,NaN,NaN,NaN,NaN,NaN,NaN,NaN,NaN,NaN,NaN,NaN,NaN,NaN,NaN,NaN,NaN,NaN,NaN,NaN,NaN,NaN,NaN,NaN,NaN,NaN,NaN,NaN,NaN,NaN,NaN,NaN,NaN,NaN,NaN,NaN,NaN,NaN,NaN,NaN,NaN,NaN,NaN,NaN,NaN,NaN,NaN,NaN,NaN,NaN,NaN,NaN
NaN,NaN,NaN,NaN,NaN,NaN,NaN,NaN,NaN,NaN,NaN,NaN,NaN,NaN,NaN,NaN,NaN,NaN,NaN,NaN,NaN,NaN,NaN,NaN,NaN,NaN,NaN,NaN,NaN,NaN,NaN,NaN,NaN,NaN,NaN,NaN,NaN,NaN,NaN,NaN,NaN,NaN,NaN,NaN,NaN,NaN,NaN,NaN,NaN,NaN,NaN,NaN,NaN,NaN,NaN,NaN,NaN,NaN,NaN,NaN,NaN,NaN,NaN,NaN,NaN,NaN,NaN,NaN,NaN,NaN,NaN,NaN,NaN,NaN,NaN,NaN,NaN,NaN,NaN,NaN,NaN,NaN,NaN,NaN,NaN,NaN,NaN,NaN,NaN,NaN,NaN,NaN,NaN,NaN,NaN,NaN,NaN,NaN,NaN,NaN,NaN,NaN,NaN,NaN,NaN,NaN,NaN,NaN,NaN,NaN,NaN,NaN,NaN,NaN,-0.0289335093623177,-0.0288801304485895,-0.0287793049031018,-0.0287079945428646,-0.028682741551019,-0.02861534958518,-0.0285024312984486,-0.0284440724492835,-0.0283545523429295,-0.0282157749923808,-0.0281487821050605,-0.0280045007822208,-0.0279069493111992,-0.0278457169935634,-0.0278365107369654,-0.0279711828535923,-0.027932032796011,-0.0277323287724616,-0.0276214066360608,NaN,NaN,-0.0269263273058106,-0.0269159008454644,-0.0269448782724329,-0.026978310712152,-0.0269232658019378,-0.0268923474599046,-0.0269370091028896,-0.0269952654585749,-0.027063213645967,-0.0271294840202997,-0.0271859488682489,-0.0256217628325009,NaN,NaN,NaN,NaN,NaN,NaN,NaN,NaN,NaN,NaN,-0.0256979889752509,-0.0257320908046358,-0.0258573523533623,-0.0259142864083773,NaN,NaN,NaN,NaN,NaN,NaN,NaN,NaN,NaN,NaN,NaN,NaN,NaN,NaN,NaN,NaN,NaN,NaN,NaN,NaN,NaN,NaN,NaN,NaN,NaN,NaN,NaN,NaN,NaN,NaN,NaN,NaN,NaN,NaN,NaN,NaN,NaN,NaN,NaN,NaN,NaN,NaN,NaN,NaN,NaN,NaN,NaN,NaN,NaN,NaN,NaN,NaN,NaN,NaN,NaN,NaN,NaN,NaN,NaN,NaN,NaN,NaN,NaN,NaN,NaN,NaN,NaN,NaN,NaN,NaN,NaN,NaN,NaN,NaN,NaN,NaN,NaN,NaN,NaN,NaN,NaN,NaN,NaN,NaN
NaN,NaN,NaN,NaN,NaN,NaN,NaN,NaN,NaN,NaN,NaN,NaN,NaN,NaN,NaN,NaN,NaN,NaN,NaN,NaN,NaN,NaN,NaN,NaN,NaN,NaN,NaN,NaN,NaN,NaN,NaN,NaN,NaN,NaN,NaN,NaN,NaN,NaN,NaN,NaN,NaN,NaN,NaN,NaN,NaN,NaN,NaN,NaN,NaN,NaN,NaN,NaN,NaN,NaN,NaN,NaN,NaN,NaN,NaN,NaN,NaN,NaN,NaN,NaN,NaN,NaN,NaN,NaN,NaN,NaN,NaN,NaN,NaN,NaN,NaN,NaN,NaN,NaN,NaN,NaN,NaN,NaN,NaN,NaN,NaN,NaN,NaN,NaN,NaN,NaN,NaN,NaN,NaN,NaN,NaN,NaN,NaN,NaN,NaN,NaN,NaN,NaN,NaN,NaN,NaN,NaN,NaN,NaN,NaN,NaN,NaN,NaN,NaN,NaN,-0.028886156924172,-0.0288070906258133,-0.028721034877414,-0.0286019905882834,-0.0285805142430054,-0.0284973569763965,-0.0283878247422729,-0.0283641324777939,-0.0282661746477371,-0.0281426158193472,-0.0280463488625318,-0.0279408508188004,-0.0277901336259367,-0.0276781543340866,-0.02771303468795,NaN,NaN,NaN,NaN,NaN,-0.0266361756546268,-0.0270332883874845,-0.0269840850496089,-0.0269189629629619,-0.0269108634911681,-0.0269155437002421,-0.0269404816453022,-0.0269705267974472,-0.026997996924785,-0.027053342112306,-0.0270991787516356,-0.0271280193015808,-0.0271463869456249,NaN,NaN,NaN,NaN,NaN,NaN,NaN,NaN,NaN,NaN,-0.0259066742250369,-0.0260473057583588,-0.0261133715801354,-0.0261882173402113,NaN,NaN,NaN,NaN,NaN,NaN,NaN,NaN,NaN,NaN,NaN,NaN,NaN,NaN,NaN,NaN,NaN,NaN,NaN,NaN,NaN,NaN,NaN,NaN,NaN,NaN,NaN,NaN,NaN,NaN,NaN,NaN,NaN,NaN,NaN,NaN,NaN,NaN,NaN,NaN,NaN,NaN,NaN,NaN,NaN,NaN,NaN,NaN,NaN,NaN,NaN,NaN,NaN,NaN,NaN,NaN,NaN,NaN,NaN,NaN,NaN,NaN,NaN,NaN,NaN,NaN,NaN,NaN,NaN,NaN,NaN,NaN,NaN,NaN,NaN,NaN,NaN,NaN,NaN,NaN,NaN,NaN,NaN,NaN
NaN,NaN,NaN,NaN,NaN,NaN,NaN,NaN,NaN,NaN,NaN,NaN,NaN,NaN,NaN,NaN,NaN,NaN,NaN,NaN,NaN,NaN,NaN,NaN,NaN,NaN,NaN,NaN,NaN,NaN,NaN,NaN,NaN,NaN,NaN,NaN,NaN,NaN,NaN,NaN,NaN,NaN,NaN,NaN,NaN,NaN,NaN,NaN,NaN,NaN,NaN,NaN,NaN,NaN,NaN,NaN,NaN,NaN,NaN,NaN,NaN,NaN,NaN,NaN,NaN,NaN,NaN,NaN,NaN,NaN,NaN,NaN,NaN,NaN,NaN,NaN,NaN,NaN,NaN,NaN,NaN,NaN,NaN,NaN,NaN,NaN,NaN,NaN,NaN,NaN,NaN,NaN,NaN,NaN,NaN,NaN,NaN,NaN,NaN,NaN,NaN,NaN,NaN,NaN,NaN,NaN,NaN,NaN,NaN,NaN,NaN,NaN,NaN,NaN,-0.0288555026595058,-0.0287745704567915,-0.0287041880027347,-0.0286243447733681,-0.0286385789735077,-0.0285024473160649,-0.0283811611116931,-0.0283001405817411,-0.0281957999656359,-0.0281128189700839,-0.0279982713282663,-0.0279090779794085,-0.027838821668178,-0.027739360309153,-0.0276321429087181,NaN,NaN,NaN,NaN,-0.00521000904176492,-0.0267604132756584,-0.0270808794873876,-0.0270367577076603,-0.026984644404688,-0.0269817411656257,-0.0269905908028803,-0.026985449449163,-0.0269790551946927,-0.0269388422973601,-0.0269388167371489,-0.0269600409182135,-0.0270504819417628,-0.0271197143915749,-0.0271970218514303,NaN,NaN,NaN,NaN,NaN,NaN,NaN,NaN,NaN,NaN,-0.0264107895503293,-0.0264556486458382,-0.0267383154279686,NaN,NaN,NaN,NaN,NaN,NaN,NaN,NaN,NaN,NaN,NaN,NaN,NaN,NaN,NaN,NaN,NaN,NaN,NaN,NaN,NaN,NaN,NaN,NaN,NaN,NaN,NaN,NaN,NaN,NaN,NaN,NaN,NaN,NaN,NaN,NaN,NaN,NaN,NaN,NaN,NaN,NaN,NaN,NaN,NaN,NaN,NaN,NaN,NaN,NaN,NaN,NaN,NaN,NaN,NaN,NaN,NaN,NaN,NaN,NaN,NaN,NaN,NaN,NaN,NaN,NaN,NaN,NaN,NaN,NaN,NaN,NaN,NaN,NaN,NaN,NaN,NaN,NaN,NaN,NaN,NaN,NaN,NaN,NaN
NaN,NaN,NaN,NaN,NaN,NaN,NaN,NaN,NaN,NaN,NaN,NaN,NaN,NaN,NaN,NaN,NaN,NaN,NaN,NaN,NaN,NaN,NaN,NaN,NaN,NaN,NaN,NaN,NaN,NaN,NaN,NaN,NaN,NaN,NaN,NaN,NaN,NaN,NaN,NaN,NaN,NaN,NaN,NaN,NaN,NaN,NaN,NaN,NaN,NaN,NaN,NaN,NaN,NaN,NaN,NaN,NaN,NaN,NaN,NaN,NaN,NaN,NaN,NaN,NaN,NaN,NaN,NaN,NaN,NaN,NaN,NaN,NaN,NaN,NaN,NaN,NaN,NaN,NaN,NaN,NaN,NaN,NaN,NaN,NaN,NaN,NaN,NaN,NaN,NaN,NaN,NaN,NaN,NaN,NaN,NaN,NaN,NaN,NaN,NaN,NaN,NaN,NaN,NaN,NaN,NaN,NaN,NaN,NaN,NaN,NaN,-0.0284907373221489,-0.0285732588096685,NaN,-0.0287204901374188,-0.0287110233863837,-0.0286646533328329,-0.0286399968641247,-0.0287063828587857,-0.0285516917820214,-0.0284103176263284,-0.0282770472084114,-0.0281693546951927,-0.0280371192344775,-0.0279825104203334,-0.0279274994038392,-0.0278009642277248,-0.0276507218171218,-0.0275909110059471,NaN,NaN,NaN,NaN,-0.0220515487711116,-0.0267627087178428,-0.0271139855464444,-0.027105388016393,-0.0270862194389441,-0.0270900256119024,-0.0271208564703378,-0.0270999833569612,-0.0270236370921269,-0.0269217334771541,-0.0269302636634824,-0.0269398247006934,-0.0269794765893425,-0.0270779047237268,-0.0271525297363525,NaN,NaN,NaN,NaN,NaN,NaN,NaN,NaN,NaN,NaN,-0.0266297545912216,-0.0268774392966709,-0.0271690948085037,-0.027608236327289,NaN,NaN,NaN,NaN,NaN,NaN,NaN,NaN,NaN,NaN,NaN,NaN,NaN,NaN,NaN,NaN,NaN,NaN,NaN,NaN,NaN,NaN,NaN,NaN,NaN,NaN,NaN,NaN,NaN,NaN,NaN,NaN,NaN,NaN,NaN,NaN,NaN,NaN,NaN,NaN,NaN,NaN,NaN,NaN,NaN,NaN,NaN,NaN,NaN,NaN,NaN,NaN,NaN,NaN,NaN,NaN,NaN,NaN,NaN,NaN,NaN,NaN,NaN,NaN,NaN,NaN,NaN,NaN,NaN,NaN,NaN,NaN,NaN,NaN,NaN,NaN,NaN,NaN,NaN,NaN,NaN,NaN,NaN
NaN,NaN,NaN,NaN,NaN,NaN,NaN,NaN,NaN,NaN,NaN,NaN,NaN,NaN,NaN,NaN,NaN,NaN,NaN,NaN,NaN,NaN,NaN,NaN,NaN,NaN,NaN,NaN,NaN,NaN,NaN,NaN,NaN,NaN,NaN,NaN,NaN,NaN,NaN,NaN,NaN,NaN,NaN,NaN,NaN,NaN,NaN,NaN,NaN,NaN,NaN,NaN,NaN,NaN,NaN,NaN,NaN,NaN,NaN,NaN,NaN,NaN,NaN,NaN,NaN,NaN,NaN,NaN,NaN,NaN,NaN,NaN,NaN,NaN,NaN,NaN,NaN,NaN,NaN,NaN,NaN,NaN,NaN,NaN,NaN,NaN,NaN,NaN,NaN,NaN,NaN,NaN,NaN,NaN,NaN,NaN,NaN,NaN,NaN,NaN,NaN,NaN,NaN,NaN,NaN,NaN,NaN,NaN,NaN,NaN,-0.0283368137504443,-0.0285012523097595,-0.0286068359695067,-0.0286731509769095,-0.0286606124395802,-0.0286624466711323,-0.0286528613729021,-0.0286667844077165,NaN,-0.0285915196407889,-0.0284532339800069,-0.0282904868058127,-0.0281152925190144,-0.0280077311754189,-0.0280508755752534,-0.0280445810352006,-0.0278616228754443,-0.0276813427463766,-0.0276862030349975,NaN,NaN,0.0049075501042572,-0.0255856117961599,-0.0266835639615188,-0.0267239449333209,-0.0267831699684837,-0.0271162153370495,-0.0271434464802847,-0.027192035863257,-0.0272392399182757,-0.0272300545206806,-0.0269839699335937,-0.0202353624221848,NaN,-0.0266722541861387,-0.0269803117579526,-0.0270453458360118,-0.0269893663572667,NaN,NaN,NaN,NaN,NaN,NaN,NaN,NaN,NaN,NaN,NaN,-0.0274457164190911,-0.0275927974897752,-0.0277756485047415,NaN,NaN,NaN,NaN,NaN,NaN,NaN,NaN,NaN,NaN,NaN,NaN,NaN,NaN,NaN,NaN,NaN,NaN,NaN,NaN,NaN,NaN,NaN,NaN,NaN,NaN,NaN,NaN,NaN,NaN,NaN,NaN,NaN,NaN,NaN,NaN,NaN,NaN,NaN,NaN,NaN,NaN,NaN,NaN,NaN,NaN,NaN,NaN,NaN,NaN,NaN,NaN,NaN,NaN,NaN,NaN,NaN,NaN,NaN,NaN,NaN,NaN,NaN,NaN,NaN,NaN,NaN,NaN,NaN,NaN,NaN,NaN,NaN,NaN,NaN,NaN,NaN,NaN,NaN,NaN,NaN,NaN,NaN
NaN,NaN,NaN,NaN,NaN,NaN,NaN,NaN,NaN,NaN,NaN,NaN,NaN,NaN,NaN,NaN,NaN,NaN,NaN,NaN,NaN,NaN,NaN,NaN,NaN,NaN,NaN,NaN,NaN,NaN,NaN,NaN,NaN,NaN,NaN,NaN,NaN,NaN,NaN,NaN,NaN,NaN,NaN,NaN,NaN,NaN,NaN,NaN,NaN,NaN,NaN,NaN,NaN,NaN,NaN,NaN,NaN,NaN,NaN,NaN,NaN,NaN,NaN,NaN,NaN,NaN,NaN,NaN,NaN,NaN,NaN,NaN,NaN,NaN,NaN,NaN,NaN,NaN,NaN,NaN,NaN,NaN,NaN,NaN,NaN,NaN,NaN,NaN,NaN,NaN,NaN,NaN,NaN,NaN,NaN,NaN,NaN,NaN,NaN,NaN,NaN,NaN,NaN,NaN,NaN,NaN,NaN,NaN,NaN,NaN,-0.0281265531482671,-0.0283424183271429,-0.0285612295095172,-0.0286889126360423,-0.0286943074928055,-0.0287004779025151,-0.0287117224887632,-0.0287775205493841,NaN,NaN,NaN,NaN,NaN,NaN,-0.0281435037646462,-0.0281482429926759,-0.0280013320492512,-0.0278415876455749,NaN,NaN,NaN,-0.00327307181246743,-0.0265519982765248,-0.0266833268994304,-0.0267019743534603,-0.0267459834273119,-0.0268292827067042,-0.0271727271401861,-0.0272413704320487,-0.0272901480228391,-0.0271775516638476,-0.0115366469342815,NaN,NaN,NaN,-0.0268218106100363,-0.0269379638402573,-0.0268651707237652,-0.0267914873965612,NaN,NaN,NaN,NaN,NaN,NaN,NaN,NaN,NaN,NaN,NaN,-0.0279464195985016,-0.0279802712309168,-0.0281781946071687,-0.0284053514082453,NaN,NaN,NaN,NaN,NaN,NaN,NaN,NaN,NaN,NaN,NaN,NaN,NaN,NaN,NaN,NaN,NaN,NaN,NaN,NaN,NaN,NaN,NaN,NaN,NaN,NaN,NaN,NaN,NaN,NaN,NaN,NaN,NaN,NaN,NaN,NaN,NaN,NaN,NaN,NaN,NaN,NaN,NaN,NaN,NaN,NaN,NaN,NaN,NaN,NaN,NaN,NaN,NaN,NaN,NaN,NaN,NaN,NaN,NaN,NaN,NaN,NaN,NaN,NaN,NaN,NaN,NaN,NaN,NaN,NaN,NaN,NaN,NaN,NaN,NaN,NaN,NaN,NaN,NaN,NaN,NaN
NaN,NaN,NaN,NaN,NaN,NaN,NaN,NaN,NaN,NaN,NaN,NaN,NaN,NaN,NaN,NaN,NaN,NaN,NaN,NaN,NaN,NaN,NaN,NaN,NaN,NaN,NaN,NaN,NaN,NaN,NaN,NaN,NaN,NaN,NaN,NaN,NaN,NaN,NaN,NaN,NaN,NaN,NaN,NaN,NaN,NaN,NaN,NaN,NaN,NaN,NaN,NaN,NaN,NaN,NaN,NaN,NaN,NaN,NaN,NaN,NaN,NaN,NaN,NaN,NaN,NaN,NaN,NaN,NaN,NaN,NaN,NaN,NaN,NaN,NaN,NaN,NaN,NaN,NaN,NaN,NaN,NaN,NaN,NaN,NaN,NaN,NaN,NaN,NaN,NaN,NaN,NaN,NaN,NaN,NaN,NaN,NaN,NaN,NaN,NaN,NaN,NaN,NaN,NaN,NaN,NaN,NaN,NaN,NaN,NaN,-0.0279271539952995,-0.0280209751271362,-0.0283114183444234,-0.0286098968344599,-0.0287219392443256,-0.0287546866553075,-0.0285395492998847,-0.0288401945112146,NaN,NaN,NaN,NaN,NaN,NaN,NaN,NaN,NaN,NaN,NaN,NaN,NaN,NaN,-0.00324975436665563,-0.00510673979351742,-0.00500763844291077,-0.00515082325239884,-0.00602700191394725,-0.0261109706788065,-0.0272684672303547,-0.025013750342158,-0.0115350087172693,NaN,NaN,NaN,NaN,-0.0262628223301113,-0.0268102771412727,-0.0267639448237185,-0.0266891091413379,-0.0260379285250989,NaN,NaN,NaN,NaN,NaN,NaN,NaN,NaN,NaN,NaN,-0.0276949243090603,-0.0278421832186518,-0.0280839268278375,-0.0283415283306384,NaN,NaN,NaN,NaN,NaN,NaN,NaN,NaN,NaN,NaN,NaN,NaN,-0.0247169200062994,-0.0299637980123279,NaN,NaN,NaN,NaN,NaN,NaN,NaN,NaN,NaN,NaN,NaN,NaN,NaN,NaN,NaN,NaN,NaN,NaN,NaN,NaN,NaN,NaN,NaN,NaN,NaN,NaN,NaN,NaN,NaN,NaN,NaN,NaN,NaN,NaN,NaN,NaN,NaN,NaN,NaN,NaN,NaN,NaN,NaN,NaN,NaN,NaN,NaN,NaN,NaN,NaN,NaN,NaN,NaN,NaN,NaN,NaN,NaN,NaN,NaN,NaN,NaN,NaN,NaN,NaN,NaN,NaN,NaN
NaN,NaN,NaN,NaN,NaN,NaN,NaN,NaN,NaN,NaN,NaN,NaN,NaN,NaN,NaN,NaN,NaN,NaN,NaN,NaN,NaN,NaN,NaN,NaN,NaN,NaN,NaN,NaN,NaN,NaN,NaN,NaN,NaN,NaN,NaN,NaN,NaN,NaN,NaN,NaN,NaN,NaN,NaN,NaN,NaN,NaN,NaN,NaN,NaN,NaN,NaN,NaN,NaN,NaN,NaN,NaN,NaN,NaN,NaN,NaN,NaN,NaN,NaN,NaN,NaN,NaN,NaN,NaN,NaN,NaN,NaN,NaN,NaN,NaN,NaN,NaN,NaN,NaN,NaN,NaN,NaN,NaN,NaN,NaN,NaN,NaN,NaN,NaN,NaN,NaN,NaN,NaN,NaN,NaN,NaN,NaN,NaN,NaN,NaN,NaN,NaN,NaN,NaN,NaN,NaN,NaN,NaN,NaN,NaN,NaN,-0.0277558991492308,-0.027755004405497,-0.0279565961783846,-0.0283838038367395,NaN,NaN,NaN,NaN,NaN,NaN,NaN,NaN,NaN,NaN,NaN,NaN,NaN,NaN,NaN,NaN,NaN,NaN,0.0257683022067539,0.0253601811113828,NaN,NaN,NaN,NaN,NaN,NaN,NaN,NaN,NaN,NaN,NaN,-0.00740566020399843,-0.0261138093467261,-0.0265896713861085,-0.0264692391374408,-0.0263938214013954,NaN,NaN,NaN,NaN,NaN,NaN,NaN,NaN,NaN,NaN,-0.0275546902580696,-0.0277386752036557,-0.0280500508274855,-0.0283560575844583,-0.0286320487663502,NaN,NaN,NaN,NaN,NaN,NaN,NaN,NaN,NaN,NaN,-0.0042515224795749,-0.0164754698382616,-0.0247308287175911,NaN,NaN,NaN,NaN,NaN,NaN,NaN,NaN,NaN,NaN,NaN,NaN,NaN,NaN,NaN,NaN,NaN,NaN,NaN,NaN,NaN,NaN,NaN,NaN,NaN,NaN,NaN,NaN,NaN,NaN,NaN,NaN,NaN,NaN,NaN,NaN,NaN,NaN,NaN,NaN,NaN,NaN,NaN,NaN,NaN,NaN,NaN,NaN,NaN,NaN,NaN,NaN,NaN,NaN,NaN,NaN,NaN,NaN,NaN,NaN,NaN,NaN,NaN,NaN,NaN,NaN,NaN
NaN,NaN,NaN,NaN,NaN,NaN,NaN,NaN,NaN,NaN,NaN,NaN,NaN,NaN,NaN,NaN,NaN,NaN,NaN,NaN,NaN,NaN,NaN,NaN,NaN,NaN,NaN,NaN,NaN,NaN,NaN,NaN,NaN,NaN,NaN,NaN,NaN,NaN,NaN,NaN,NaN,NaN,NaN,NaN,NaN,NaN,NaN,NaN,NaN,NaN,NaN,NaN,NaN,NaN,NaN,NaN,NaN,NaN,NaN,NaN,NaN,NaN,NaN,NaN,NaN,NaN,NaN,NaN,NaN,NaN,NaN,NaN,NaN,NaN,NaN,NaN,NaN,NaN,NaN,NaN,NaN,NaN,NaN,NaN,NaN,NaN,NaN,NaN,NaN,NaN,NaN,NaN,NaN,NaN,NaN,NaN,NaN,NaN,NaN,NaN,NaN,NaN,NaN,NaN,NaN,NaN,NaN,NaN,NaN,-0.0274222387640888,-0.0275319677953998,-0.0275396004156987,-0.0276130493775171,-0.0269240714132362,NaN,NaN,NaN,NaN,NaN,NaN,NaN,NaN,NaN,NaN,NaN,NaN,NaN,NaN,NaN,NaN,NaN,NaN,NaN,NaN,NaN,NaN,NaN,NaN,NaN,NaN,NaN,NaN,NaN,NaN,NaN,NaN,-0.0195990960668124,-0.0263201119961987,-0.026268861898477,-0.0261909381024869,-0.0260817467253068,NaN,NaN,NaN,NaN,NaN,NaN,NaN,NaN,NaN,NaN,-0.0277750711049426,-0.0281236656609621,-0.0284043824627187,-0.028652865740655,-0.028917123250728,-0.029038098536116,-0.0291660269084656,-0.0265102816898108,NaN,NaN,NaN,NaN,-0.000412225532761754,0.0211635758535727,0.0114126763583779,-0.00418629366445655,NaN,NaN,NaN,NaN,NaN,NaN,NaN,NaN,NaN,NaN,NaN,NaN,NaN,NaN,NaN,NaN,NaN,NaN,NaN,NaN,NaN,NaN,NaN,NaN,NaN,NaN,NaN,NaN,NaN,NaN,NaN,NaN,NaN,NaN,NaN,NaN,NaN,NaN,NaN,NaN,NaN,NaN,NaN,NaN,NaN,NaN,NaN,NaN,NaN,NaN,NaN,NaN,NaN,NaN,NaN,NaN,NaN,NaN,NaN,NaN,NaN,NaN,NaN,NaN,NaN,NaN,NaN,NaN
NaN,NaN,NaN,NaN,NaN,NaN,NaN,NaN,NaN,NaN,NaN,NaN,NaN,NaN,NaN,NaN,NaN,NaN,NaN,NaN,NaN,NaN,NaN,NaN,NaN,NaN,NaN,NaN,NaN,NaN,NaN,NaN,NaN,NaN,NaN,NaN,NaN,NaN,NaN,NaN,NaN,NaN,NaN,NaN,NaN,NaN,NaN,NaN,NaN,NaN,NaN,NaN,NaN,NaN,NaN,NaN,NaN,NaN,NaN,NaN,NaN,NaN,NaN,NaN,NaN,NaN,NaN,NaN,NaN,NaN,NaN,NaN,NaN,NaN,NaN,NaN,NaN,NaN,NaN,NaN,NaN,NaN,NaN,NaN,NaN,NaN,NaN,NaN,NaN,NaN,NaN,NaN,NaN,NaN,NaN,NaN,NaN,NaN,NaN,NaN,NaN,NaN,NaN,NaN,NaN,NaN,NaN,NaN,-0.0248306157334276,-0.0273013679610888,-0.0272969493666425,-0.0272930361016181,-0.027300319849265,-0.025479216235243,NaN,NaN,NaN,NaN,NaN,NaN,NaN,NaN,NaN,NaN,NaN,NaN,NaN,NaN,NaN,NaN,NaN,NaN,NaN,NaN,NaN,NaN,NaN,NaN,NaN,NaN,NaN,NaN,NaN,NaN,NaN,NaN,-0.00683499093467476,-0.0258299734184928,-0.0259905647324346,-0.0259437573678392,-0.0258986320437064,NaN,NaN,NaN,NaN,NaN,NaN,NaN,NaN,NaN,NaN,NaN,-0.0283315488790829,-0.0285188872188984,-0.0286994747989748,-0.028870785611516,-0.0290193380100904,-0.0291059827509663,-0.0291422149277404,-0.0163125305881088,NaN,NaN,-0.0109759701659522,-0.0270044443407966,-0.000513199664981923,NaN,NaN,NaN,NaN,NaN,NaN,NaN,NaN,NaN,NaN,NaN,NaN,NaN,NaN,NaN,NaN,NaN,NaN,NaN,NaN,NaN,NaN,NaN,NaN,NaN,NaN,NaN,NaN,NaN,NaN,NaN,NaN,NaN,NaN,NaN,NaN,NaN,NaN,NaN,NaN,NaN,NaN,NaN,NaN,NaN,NaN,NaN,NaN,NaN,NaN,NaN,NaN,NaN,NaN,NaN,NaN,NaN,NaN,NaN,NaN,NaN,NaN,NaN,NaN,NaN,NaN,NaN,NaN,NaN,NaN
NaN,NaN,NaN,NaN,NaN,NaN,NaN,NaN,NaN,NaN,NaN,NaN,NaN,NaN,NaN,NaN,NaN,NaN,NaN,NaN,NaN,NaN,NaN,NaN,NaN,NaN,NaN,NaN,NaN,NaN,NaN,NaN,NaN,NaN,NaN,NaN,NaN,NaN,NaN,NaN,NaN,NaN,NaN,NaN,NaN,NaN,NaN,NaN,NaN,NaN,NaN,NaN,NaN,NaN,NaN,NaN,NaN,NaN,NaN,NaN,NaN,NaN,NaN,NaN,NaN,NaN,NaN,NaN,NaN,NaN,NaN,NaN,NaN,NaN,NaN,NaN,NaN,NaN,NaN,NaN,NaN,NaN,NaN,NaN,NaN,NaN,NaN,NaN,NaN,NaN,NaN,NaN,NaN,NaN,NaN,NaN,NaN,NaN,NaN,NaN,NaN,NaN,NaN,NaN,NaN,NaN,NaN,NaN,-0.024695772776538,-0.0270714741912404,-0.0270502006021155,-0.0270174752278533,-0.0269896685493524,-0.0268148777966879,NaN,NaN,NaN,NaN,NaN,NaN,NaN,NaN,NaN,NaN,NaN,NaN,NaN,NaN,NaN,NaN,NaN,NaN,NaN,NaN,NaN,NaN,NaN,NaN,NaN,NaN,NaN,NaN,NaN,NaN,NaN,NaN,NaN,-0.0241290246433743,-0.0258154881763568,-0.0257871602546687,-0.0256868243815138,-0.0240684584933357,NaN,NaN,NaN,NaN,NaN,NaN,NaN,NaN,NaN,NaN,NaN,-0.0285998478162878,-0.0287319096781476,-0.0288318942904326,-0.0289268131434461,-0.0289801155487219,-0.0289775524214459,-0.027633118177787,NaN,NaN,-0.0274374421549825,-0.0274482136194707,-0.00994103137417614,NaN,NaN,NaN,NaN,NaN,NaN,NaN,NaN,NaN,NaN,NaN,NaN,NaN,NaN,NaN,NaN,NaN,NaN,NaN,NaN,NaN,NaN,NaN,NaN,NaN,NaN,NaN,NaN,NaN,NaN,NaN,NaN,NaN,NaN,NaN,NaN,NaN,NaN,NaN,NaN,NaN,NaN,NaN,NaN,NaN,NaN,NaN,NaN,NaN,NaN,NaN,NaN,NaN,NaN,NaN,NaN,NaN,NaN,NaN,NaN,NaN,NaN,NaN,NaN,NaN,NaN,NaN,NaN,NaN,NaN
NaN,NaN,NaN,NaN,NaN,NaN,NaN,NaN,NaN,NaN,NaN,NaN,NaN,NaN,NaN,NaN,NaN,NaN,NaN,NaN,NaN,NaN,NaN,NaN,NaN,NaN,NaN,NaN,NaN,NaN,NaN,NaN,NaN,NaN,NaN,NaN,NaN,NaN,NaN,NaN,NaN,NaN,NaN,NaN,NaN,NaN,NaN,NaN,NaN,NaN,NaN,NaN,NaN,NaN,NaN,NaN,NaN,NaN,NaN,NaN,NaN,NaN,NaN,NaN,NaN,NaN,NaN,NaN,NaN,NaN,NaN,NaN,NaN,NaN,NaN,NaN,NaN,NaN,NaN,NaN,NaN,NaN,NaN,NaN,NaN,NaN,NaN,NaN,NaN,NaN,NaN,NaN,NaN,NaN,NaN,NaN,NaN,NaN,NaN,NaN,NaN,NaN,NaN,NaN,NaN,NaN,NaN,NaN,-0.0187004651705398,-0.0267314769591073,-0.026741719736043,-0.0267240975524631,-0.0267196877386686,-0.0266101162169991,-0.0137091471359726,NaN,NaN,NaN,NaN,NaN,NaN,NaN,NaN,NaN,NaN,NaN,NaN,NaN,NaN,NaN,NaN,NaN,NaN,NaN,NaN,NaN,NaN,NaN,NaN,NaN,NaN,NaN,NaN,NaN,NaN,NaN,NaN,NaN,-0.0244931446505367,-0.025623348507225,-0.0253677778426136,-0.0251013363686141,NaN,NaN,NaN,NaN,NaN,NaN,NaN,NaN,NaN,NaN,NaN,NaN,-0.0287552864793783,-0.0288734804617344,-0.028924479372178,-0.0288851753082576,-0.028665966462658,-0.0283379884927988,-0.0280813051800481,-0.0276101427399175,-0.0275561804742903,-0.027425735495862,NaN,NaN,NaN,NaN,NaN,NaN,NaN,NaN,NaN,NaN,NaN,NaN,NaN,NaN,NaN,NaN,NaN,NaN,NaN,NaN,NaN,NaN,NaN,NaN,NaN,NaN,NaN,NaN,NaN,NaN,NaN,NaN,NaN,NaN,NaN,NaN,NaN,NaN,NaN,NaN,NaN,NaN,NaN,NaN,NaN,NaN,NaN,NaN,NaN,NaN,NaN,NaN,NaN,NaN,NaN,NaN,NaN,NaN,NaN,NaN,NaN,NaN,NaN,NaN,NaN,NaN,NaN,NaN,NaN,NaN,NaN
NaN,NaN,NaN,NaN,NaN,NaN,NaN,NaN,NaN,NaN,NaN,NaN,NaN,NaN,NaN,NaN,NaN,NaN,NaN,NaN,NaN,NaN,NaN,NaN,NaN,NaN,NaN,NaN,NaN,NaN,NaN,NaN,NaN,NaN,NaN,NaN,NaN,NaN,NaN,NaN,NaN,NaN,NaN,NaN,NaN,NaN,NaN,NaN,NaN,NaN,NaN,NaN,NaN,NaN,NaN,NaN,NaN,NaN,NaN,NaN,NaN,NaN,NaN,NaN,NaN,NaN,NaN,NaN,NaN,NaN,NaN,NaN,NaN,NaN,NaN,NaN,NaN,NaN,NaN,NaN,NaN,NaN,NaN,NaN,NaN,NaN,NaN,NaN,NaN,NaN,NaN,NaN,NaN,NaN,NaN,NaN,NaN,NaN,NaN,NaN,NaN,NaN,NaN,NaN,NaN,NaN,NaN,NaN,NaN,-0.026392877253809,-0.0263893705368878,-0.0263650412502272,-0.0263445862288341,-0.0262588255297735,-0.026208960254956,NaN,NaN,NaN,NaN,NaN,NaN,NaN,NaN,NaN,NaN,NaN,NaN,NaN,NaN,NaN,NaN,NaN,NaN,NaN,NaN,NaN,NaN,NaN,NaN,NaN,NaN,NaN,NaN,NaN,NaN,NaN,NaN,NaN,-0.0253734517354865,-0.0253461610428685,-0.0251200059977794,-0.0248944438552024,-0.0242873620004092,-0.0215351513567141,NaN,NaN,NaN,NaN,NaN,NaN,NaN,NaN,NaN,NaN,NaN,-0.0288446591823778,-0.0288665086542086,-0.0286651860493993,-0.028389846722385,-0.0281462092295171,-0.0278850061790274,-0.027709104040151,-0.0275688857332456,-0.027445604100499,NaN,NaN,NaN,NaN,NaN,NaN,NaN,NaN,NaN,NaN,NaN,NaN,NaN,NaN,NaN,NaN,NaN,NaN,NaN,NaN,NaN,NaN,NaN,NaN,NaN,NaN,NaN,NaN,NaN,NaN,NaN,NaN,NaN,NaN,NaN,NaN,NaN,NaN,NaN,NaN,NaN,NaN,NaN,NaN,NaN,NaN,NaN,NaN,NaN,NaN,NaN,NaN,NaN,NaN,NaN,NaN,NaN,NaN,NaN,NaN,NaN,NaN,NaN,NaN,NaN,NaN,NaN,NaN,NaN,NaN,NaN
NaN,NaN,NaN,NaN,NaN,NaN,NaN,NaN,NaN,NaN,NaN,NaN,NaN,NaN,NaN,NaN,NaN,NaN,NaN,NaN,NaN,NaN,NaN,NaN,NaN,NaN,NaN,NaN,NaN,NaN,NaN,NaN,NaN,NaN,NaN,NaN,NaN,NaN,NaN,NaN,NaN,NaN,NaN,NaN,NaN,NaN,NaN,NaN,NaN,NaN,NaN,NaN,NaN,NaN,NaN,NaN,NaN,NaN,NaN,NaN,NaN,NaN,NaN,NaN,NaN,NaN,NaN,NaN,NaN,NaN,NaN,NaN,NaN,NaN,NaN,NaN,NaN,NaN,NaN,NaN,NaN,NaN,NaN,NaN,NaN,NaN,NaN,NaN,NaN,NaN,NaN,NaN,NaN,NaN,NaN,NaN,NaN,NaN,NaN,NaN,NaN,NaN,NaN,NaN,NaN,NaN,NaN,NaN,NaN,-0.0261659267874765,-0.0261165463843702,-0.0260073558971356,-0.025930854976453,-0.0258787681285625,-0.0143275018394066,NaN,NaN,NaN,NaN,NaN,NaN,NaN,NaN,NaN,NaN,NaN,NaN,NaN,NaN,NaN,NaN,NaN,NaN,NaN,NaN,NaN,NaN,NaN,NaN,NaN,NaN,NaN,NaN,NaN,NaN,NaN,NaN,NaN,-0.00790395389637617,-0.024212557382071,-0.0248945769864255,-0.0246211011539723,-0.0242880651459497,-0.0240547560189594,-0.0212624610528396,NaN,NaN,NaN,NaN,NaN,NaN,NaN,NaN,NaN,NaN,NaN,-0.0286982715041971,-0.0285154858278284,-0.0282050672635015,-0.0278960526448935,-0.0277782880873436,-0.0276475947519194,-0.0275406476232395,-0.0274061022921372,-0.0271583093480787,-0.026988265256869,NaN,NaN,NaN,NaN,NaN,NaN,NaN,NaN,NaN,NaN,NaN,NaN,NaN,NaN,NaN,NaN,NaN,NaN,NaN,NaN,NaN,NaN,NaN,NaN,NaN,NaN,NaN,NaN,NaN,NaN,NaN,NaN,NaN,NaN,NaN,NaN,NaN,NaN,NaN,NaN,NaN,NaN,NaN,NaN,NaN,NaN,NaN,NaN,NaN,NaN,NaN,NaN,NaN,NaN,NaN,NaN,NaN,NaN,NaN,NaN,NaN,NaN,NaN,NaN,NaN,NaN,NaN,NaN,NaN
NaN,NaN,NaN,NaN,NaN,NaN,NaN,NaN,NaN,NaN,NaN,NaN,NaN,NaN,NaN,NaN,NaN,NaN,NaN,NaN,NaN,NaN,NaN,NaN,NaN,NaN,NaN,NaN,NaN,NaN,NaN,NaN,NaN,NaN,NaN,NaN,NaN,NaN,NaN,NaN,NaN,NaN,NaN,NaN,NaN,NaN,NaN,NaN,NaN,NaN,NaN,NaN,NaN,NaN,NaN,NaN,NaN,NaN,NaN,NaN,NaN,NaN,NaN,NaN,NaN,NaN,NaN,NaN,NaN,NaN,NaN,NaN,NaN,NaN,NaN,NaN,NaN,NaN,NaN,NaN,NaN,NaN,NaN,NaN,NaN,NaN,NaN,NaN,NaN,NaN,NaN,NaN,NaN,NaN,NaN,NaN,NaN,NaN,NaN,NaN,NaN,NaN,NaN,NaN,NaN,NaN,NaN,NaN,NaN,-0.0247817227920833,-0.0258108264002133,-0.0257409710503641,-0.0256768807202794,-0.0256196942741782,-0.0207851633066867,NaN,NaN,NaN,NaN,NaN,NaN,NaN,NaN,NaN,NaN,NaN,NaN,NaN,NaN,NaN,NaN,NaN,NaN,NaN,NaN,NaN,NaN,NaN,NaN,NaN,NaN,NaN,NaN,NaN,NaN,NaN,NaN,NaN,0.0202658424354077,0.00100502057033605,-0.0237295970233199,-0.0241853890785804,-0.0239764904330705,-0.0239057247366207,-0.0236428057563203,NaN,NaN,NaN,NaN,NaN,NaN,NaN,NaN,NaN,NaN,NaN,NaN,NaN,-0.0281091868155057,-0.027823242582188,-0.0277342828351429,-0.0276186011808579,-0.0275648314196536,-0.027458837106223,-0.02724329216154,-0.0269696586225848,-0.026742048466649,-0.026650693382961,NaN,NaN,NaN,NaN,NaN,NaN,NaN,NaN,NaN,NaN,NaN,NaN,NaN,NaN,NaN,NaN,NaN,NaN,NaN,NaN,NaN,NaN,NaN,NaN,NaN,NaN,NaN,NaN,NaN,NaN,NaN,NaN,NaN,NaN,NaN,NaN,NaN,NaN,NaN,NaN,NaN,NaN,NaN,NaN,NaN,NaN,NaN,NaN,NaN,NaN,NaN,NaN,NaN,NaN,NaN,NaN,NaN,NaN,NaN,NaN,NaN,NaN,NaN,NaN,NaN,NaN,NaN
NaN,NaN,NaN,NaN,NaN,NaN,NaN,NaN,NaN,NaN,NaN,NaN,NaN,NaN,NaN,NaN,NaN,NaN,NaN,NaN,NaN,NaN,NaN,NaN,NaN,NaN,NaN,NaN,NaN,NaN,NaN,NaN,NaN,NaN,NaN,NaN,NaN,NaN,NaN,NaN,NaN,NaN,NaN,NaN,NaN,NaN,NaN,NaN,NaN,NaN,NaN,NaN,NaN,NaN,NaN,NaN,NaN,NaN,NaN,NaN,NaN,NaN,NaN,NaN,NaN,NaN,NaN,NaN,NaN,NaN,NaN,NaN,NaN,NaN,NaN,NaN,NaN,NaN,NaN,NaN,NaN,NaN,NaN,NaN,NaN,NaN,NaN,NaN,NaN,NaN,NaN,NaN,NaN,NaN,NaN,NaN,NaN,NaN,NaN,NaN,NaN,NaN,NaN,NaN,NaN,NaN,NaN,NaN,NaN,NaN,-0.0255470325921993,-0.0255785634687261,-0.0256281900403733,-0.0255810169581754,-0.0250060622058917,NaN,NaN,NaN,NaN,NaN,NaN,NaN,NaN,NaN,NaN,NaN,NaN,NaN,NaN,NaN,NaN,NaN,NaN,NaN,NaN,NaN,NaN,NaN,NaN,NaN,NaN,NaN,NaN,NaN,NaN,NaN,NaN,NaN,0.0183596674434058,0.0184002318188662,-0.0123573727288748,-0.0238422176339327,-0.0238045472742037,-0.0237936692837291,-0.0236711591103059,NaN,NaN,NaN,NaN,NaN,NaN,NaN,NaN,NaN,NaN,NaN,NaN,NaN,NaN,-0.0277322911800212,-0.0277000766058135,-0.0276113927510261,-0.0275309519309842,-0.0274644802556014,-0.0272848791605104,-0.0270250565699421,-0.0268133126398912,-0.0266495532865068,-0.0264602509498828,-0.0208948876006743,NaN,NaN,NaN,NaN,NaN,NaN,NaN,NaN,NaN,NaN,NaN,NaN,NaN,NaN,NaN,NaN,NaN,NaN,NaN,NaN,NaN,NaN,NaN,NaN,NaN,NaN,NaN,NaN,NaN,NaN,NaN,NaN,NaN,NaN,NaN,NaN,NaN,NaN,NaN,NaN,NaN,NaN,NaN,NaN,NaN,NaN,NaN,NaN,NaN,NaN,NaN,NaN,NaN,NaN,NaN,NaN,NaN,NaN,NaN,NaN,NaN,NaN,NaN,NaN,NaN
NaN,NaN,NaN,NaN,NaN,NaN,NaN,NaN,NaN,NaN,NaN,NaN,NaN,NaN,NaN,NaN,NaN,NaN,NaN,NaN,NaN,NaN,NaN,NaN,NaN,NaN,NaN,NaN,NaN,NaN,NaN,NaN,NaN,NaN,NaN,NaN,NaN,NaN,NaN,NaN,NaN,NaN,NaN,NaN,NaN,NaN,NaN,NaN,NaN,NaN,NaN,NaN,NaN,NaN,NaN,NaN,NaN,NaN,NaN,NaN,NaN,NaN,NaN,NaN,NaN,NaN,NaN,NaN,NaN,NaN,NaN,NaN,NaN,NaN,NaN,NaN,NaN,NaN,NaN,NaN,NaN,NaN,NaN,NaN,NaN,NaN,NaN,NaN,NaN,NaN,NaN,NaN,NaN,NaN,NaN,NaN,NaN,NaN,NaN,NaN,NaN,NaN,NaN,NaN,NaN,NaN,NaN,NaN,NaN,NaN,-0.0253397581194768,-0.0254112330898205,-0.0256235141476549,NaN,NaN,NaN,NaN,NaN,NaN,NaN,NaN,NaN,NaN,NaN,NaN,NaN,NaN,NaN,NaN,NaN,NaN,NaN,NaN,NaN,NaN,NaN,NaN,NaN,NaN,NaN,NaN,NaN,NaN,NaN,NaN,NaN,NaN,NaN,0.00467943331716024,0.018278866994563,0.0184226867649606,NaN,-0.0237653793193288,-0.0237817270050126,-0.0236887263391347,NaN,NaN,NaN,NaN,NaN,NaN,NaN,NaN,NaN,NaN,NaN,NaN,NaN,NaN,-0.0275788488022393,-0.0275432504122978,-0.0275363553694959,-0.0275119740342429,-0.0273526647114701,-0.0271033398816397,-0.0269113966953595,-0.0268851706902737,-0.0267288247380435,-0.026383462660485,-0.0259541908920903,NaN,NaN,NaN,NaN,NaN,NaN,NaN,NaN,NaN,NaN,NaN,NaN,NaN,NaN,NaN,NaN,NaN,NaN,NaN,NaN,NaN,NaN,NaN,NaN,NaN,NaN,NaN,NaN,NaN,NaN,NaN,NaN,NaN,NaN,NaN,NaN,NaN,NaN,NaN,NaN,NaN,NaN,NaN,NaN,NaN,NaN,NaN,NaN,NaN,NaN,NaN,NaN,NaN,NaN,NaN,NaN,NaN,NaN,NaN,NaN,NaN,NaN,NaN,NaN,NaN
NaN,NaN,NaN,NaN,NaN,NaN,NaN,NaN,NaN,NaN,NaN,NaN,NaN,NaN,NaN,NaN,NaN,NaN,NaN,NaN,NaN,NaN,NaN,NaN,NaN,NaN,NaN,NaN,NaN,NaN,NaN,NaN,NaN,NaN,NaN,NaN,NaN,NaN,NaN,NaN,NaN,NaN,NaN,NaN,NaN,NaN,NaN,NaN,NaN,NaN,NaN,NaN,NaN,NaN,NaN,NaN,NaN,NaN,NaN,NaN,NaN,NaN,NaN,NaN,NaN,NaN,NaN,NaN,NaN,NaN,NaN,NaN,NaN,NaN,NaN,NaN,NaN,NaN,NaN,NaN,NaN,NaN,NaN,NaN,NaN,NaN,NaN,NaN,NaN,NaN,NaN,NaN,NaN,NaN,NaN,NaN,NaN,NaN,NaN,NaN,NaN,NaN,NaN,NaN,NaN,NaN,NaN,NaN,NaN,NaN,-0.0250498128320918,-0.025136283033245,NaN,NaN,NaN,NaN,NaN,NaN,NaN,NaN,NaN,NaN,NaN,NaN,NaN,NaN,NaN,NaN,NaN,NaN,NaN,NaN,NaN,NaN,NaN,NaN,NaN,NaN,NaN,NaN,NaN,NaN,NaN,NaN,NaN,NaN,NaN,NaN,NaN,NaN,NaN,NaN,-0.0236937371262762,-0.0237572058909208,-0.0237566145595271,-0.0236757843470328,NaN,NaN,NaN,NaN,NaN,NaN,NaN,NaN,NaN,NaN,NaN,NaN,NaN,NaN,NaN,-0.0275698249370525,-0.0274910299453792,-0.0272730255912273,-0.0270356304094068,-0.026841939270971,-0.026738229830753,-0.0265758509528082,-0.0262052903315091,-0.0260014677616094,-0.0259690061864307,NaN,NaN,NaN,NaN,NaN,NaN,NaN,NaN,NaN,NaN,NaN,NaN,NaN,NaN,NaN,NaN,NaN,NaN,NaN,NaN,NaN,NaN,NaN,NaN,NaN,NaN,NaN,NaN,NaN,NaN,NaN,NaN,NaN,NaN,NaN,NaN,NaN,NaN,NaN,NaN,NaN,NaN,NaN,NaN,NaN,NaN,NaN,NaN,NaN,NaN,NaN,NaN,NaN,NaN,NaN,NaN,NaN,NaN,NaN,NaN,NaN,NaN,NaN,NaN
NaN,NaN,NaN,NaN,NaN,NaN,NaN,NaN,NaN,NaN,NaN,NaN,NaN,NaN,NaN,NaN,NaN,NaN,NaN,NaN,NaN,NaN,NaN,NaN,NaN,NaN,NaN,NaN,NaN,NaN,NaN,NaN,NaN,NaN,NaN,NaN,NaN,NaN,NaN,NaN,NaN,NaN,NaN,NaN,NaN,NaN,NaN,NaN,NaN,NaN,NaN,NaN,NaN,NaN,NaN,NaN,NaN,NaN,NaN,NaN,NaN,NaN,NaN,NaN,NaN,NaN,NaN,NaN,NaN,NaN,NaN,NaN,NaN,NaN,NaN,NaN,NaN,NaN,NaN,NaN,NaN,NaN,NaN,NaN,NaN,NaN,NaN,NaN,NaN,NaN,NaN,NaN,NaN,NaN,NaN,NaN,NaN,NaN,NaN,NaN,NaN,NaN,NaN,NaN,NaN,NaN,NaN,NaN,NaN,NaN,-0.0245284894016058,-0.0245343123741774,-0.0242633148756349,NaN,NaN,NaN,NaN,NaN,NaN,NaN,NaN,NaN,NaN,NaN,NaN,NaN,NaN,NaN,NaN,NaN,NaN,NaN,NaN,NaN,NaN,NaN,NaN,NaN,NaN,NaN,NaN,NaN,NaN,NaN,NaN,NaN,NaN,NaN,NaN,NaN,NaN,NaN,-0.0144860766080816,-0.0236897867125916,-0.0238296131616998,-0.0237479769714266,NaN,NaN,NaN,NaN,NaN,NaN,NaN,NaN,NaN,NaN,NaN,NaN,NaN,NaN,NaN,NaN,-0.0265482366866601,-0.0267231306661832,-0.0268497853315705,-0.0267382425295473,-0.0266027320624104,-0.0263841061953108,-0.0262099591089605,-0.026166548469328,-0.0260693268858739,-0.0260931935016957,NaN,NaN,NaN,NaN,NaN,NaN,NaN,NaN,NaN,NaN,NaN,NaN,NaN,NaN,NaN,NaN,NaN,NaN,NaN,NaN,NaN,NaN,NaN,NaN,NaN,NaN,NaN,NaN,NaN,NaN,NaN,NaN,NaN,NaN,NaN,NaN,NaN,NaN,NaN,NaN,NaN,NaN,NaN,NaN,NaN,NaN,NaN,NaN,NaN,NaN,NaN,NaN,NaN,NaN,NaN,NaN,NaN,NaN,NaN,NaN,NaN,NaN,NaN
NaN,NaN,NaN,NaN,NaN,NaN,NaN,NaN,NaN,NaN,NaN,NaN,NaN,NaN,NaN,NaN,NaN,NaN,NaN,NaN,NaN,NaN,NaN,NaN,NaN,NaN,NaN,NaN,NaN,NaN,NaN,NaN,NaN,NaN,NaN,NaN,NaN,NaN,NaN,NaN,NaN,NaN,NaN,NaN,NaN,NaN,NaN,NaN,NaN,NaN,NaN,NaN,NaN,NaN,NaN,NaN,NaN,NaN,NaN,NaN,NaN,NaN,NaN,NaN,NaN,NaN,NaN,NaN,NaN,NaN,NaN,NaN,NaN,NaN,NaN,NaN,NaN,NaN,NaN,NaN,NaN,NaN,NaN,NaN,NaN,NaN,NaN,NaN,NaN,NaN,NaN,NaN,NaN,NaN,NaN,NaN,NaN,NaN,NaN,NaN,NaN,NaN,NaN,NaN,NaN,NaN,NaN,NaN,NaN,NaN,-0.0241896704306932,-0.0241674460232749,-0.0240707623532406,NaN,NaN,NaN,NaN,NaN,NaN,NaN,NaN,NaN,NaN,NaN,NaN,NaN,NaN,NaN,NaN,NaN,NaN,NaN,NaN,NaN,NaN,NaN,NaN,NaN,NaN,NaN,NaN,NaN,NaN,NaN,NaN,NaN,NaN,NaN,NaN,NaN,NaN,NaN,NaN,-0.0235025006353995,-0.023734223138265,-0.0231869130456952,NaN,NaN,NaN,NaN,NaN,NaN,NaN,NaN,NaN,NaN,NaN,NaN,NaN,NaN,NaN,NaN,NaN,NaN,-0.0267540609510456,-0.0267363593748383,-0.0263698668790091,-0.0261741395525447,-0.0261581313472706,-0.0261854597876939,-0.0261458515970713,-0.0260657382865824,NaN,NaN,NaN,NaN,NaN,NaN,NaN,NaN,NaN,NaN,NaN,NaN,NaN,NaN,NaN,NaN,NaN,NaN,NaN,NaN,NaN,NaN,NaN,NaN,NaN,NaN,NaN,NaN,NaN,NaN,NaN,NaN,NaN,NaN,NaN,NaN,NaN,NaN,NaN,NaN,NaN,NaN,NaN,NaN,NaN,NaN,NaN,NaN,NaN,NaN,NaN,NaN,NaN,NaN,NaN,NaN,NaN,NaN,NaN,NaN,NaN,NaN,NaN
NaN,NaN,NaN,NaN,NaN,NaN,NaN,NaN,NaN,NaN,NaN,NaN,NaN,NaN,NaN,NaN,NaN,NaN,NaN,NaN,NaN,NaN,NaN,NaN,NaN,NaN,NaN,NaN,NaN,NaN,NaN,NaN,NaN,NaN,NaN,NaN,NaN,NaN,NaN,NaN,NaN,NaN,NaN,NaN,NaN,NaN,NaN,NaN,NaN,NaN,NaN,NaN,NaN,NaN,NaN,NaN,NaN,NaN,NaN,NaN,NaN,NaN,NaN,NaN,NaN,NaN,NaN,NaN,NaN,NaN,NaN,NaN,NaN,NaN,NaN,NaN,NaN,NaN,NaN,NaN,NaN,NaN,NaN,NaN,NaN,NaN,NaN,NaN,NaN,NaN,NaN,NaN,NaN,NaN,NaN,NaN,NaN,NaN,NaN,NaN,NaN,NaN,NaN,NaN,NaN,NaN,NaN,NaN,NaN,NaN,-0.0239240957130138,-0.0239208526264196,-0.0239090984833136,NaN,NaN,NaN,NaN,NaN,NaN,NaN,NaN,NaN,NaN,NaN,NaN,NaN,NaN,NaN,NaN,NaN,NaN,NaN,NaN,NaN,NaN,NaN,NaN,NaN,NaN,NaN,NaN,NaN,NaN,NaN,NaN,NaN,NaN,NaN,NaN,NaN,NaN,NaN,NaN,NaN,-0.0233340308937475,-0.0233512501620082,-0.0231971441325687,NaN,NaN,NaN,NaN,NaN,NaN,NaN,NaN,NaN,NaN,NaN,NaN,NaN,NaN,NaN,NaN,NaN,NaN,-0.011343039396066,-0.0260248055862825,-0.0259747215774199,-0.0260678337711246,-0.0261688041375586,-0.026119123466369,-0.0259741848513267,NaN,NaN,NaN,NaN,NaN,NaN,NaN,NaN,NaN,NaN,NaN,NaN,NaN,NaN,NaN,NaN,NaN,NaN,NaN,NaN,NaN,NaN,NaN,NaN,NaN,NaN,NaN,NaN,NaN,NaN,NaN,NaN,NaN,NaN,NaN,NaN,NaN,NaN,NaN,NaN,NaN,NaN,NaN,NaN,NaN,NaN,NaN,NaN,NaN,NaN,NaN,NaN,NaN,NaN,NaN,NaN,NaN,NaN,NaN,NaN,NaN,NaN,NaN
NaN,NaN,NaN,NaN,NaN,NaN,NaN,NaN,NaN,NaN,NaN,NaN,NaN,NaN,NaN,NaN,NaN,NaN,NaN,NaN,NaN,NaN,NaN,NaN,NaN,NaN,NaN,NaN,NaN,NaN,NaN,NaN,NaN,NaN,NaN,NaN,NaN,NaN,NaN,NaN,NaN,NaN,NaN,NaN,NaN,NaN,NaN,NaN,NaN,NaN,NaN,NaN,NaN,NaN,NaN,NaN,NaN,NaN,NaN,NaN,NaN,NaN,NaN,NaN,NaN,NaN,NaN,NaN,NaN,NaN,NaN,NaN,NaN,NaN,NaN,NaN,NaN,NaN,NaN,NaN,NaN,NaN,NaN,NaN,NaN,NaN,NaN,NaN,NaN,NaN,NaN,NaN,NaN,NaN,NaN,NaN,NaN,NaN,NaN,NaN,NaN,NaN,NaN,NaN,0.00881430468890311,-0.00852318500507963,NaN,NaN,-0.0200236599575349,-0.0170368182835559,-0.0232821414932047,-0.0235236554443844,-0.0233547951440933,NaN,NaN,NaN,NaN,NaN,NaN,NaN,NaN,NaN,NaN,NaN,NaN,NaN,NaN,NaN,NaN,NaN,NaN,NaN,NaN,NaN,NaN,NaN,NaN,NaN,NaN,NaN,NaN,NaN,NaN,NaN,NaN,NaN,NaN,NaN,NaN,NaN,NaN,NaN,NaN,-0.0215854330536267,-0.0232884698448353,-0.0233015795685632,-0.0232807846917492,NaN,NaN,NaN,NaN,NaN,NaN,NaN,NaN,NaN,NaN,NaN,NaN,NaN,NaN,NaN,NaN,NaN,NaN,NaN,-0.0125103090729633,-0.0256772800158478,-0.0258909053266578,-0.0261266506525423,-0.0261823618869612,-0.0262423112559555,-0.0263931030151729,-0.0260330508741914,NaN,NaN,NaN,NaN,NaN,NaN,NaN,NaN,NaN,NaN,NaN,NaN,NaN,NaN,NaN,NaN,NaN,NaN,NaN,NaN,NaN,NaN,NaN,NaN,NaN,NaN,NaN,NaN,NaN,NaN,NaN,NaN,NaN,NaN,NaN,NaN,NaN,NaN,NaN,NaN,NaN,NaN,NaN,NaN,NaN,NaN,NaN,NaN,NaN,NaN,NaN,NaN,NaN,NaN,NaN,NaN,NaN,NaN,NaN,NaN,NaN
NaN,NaN,NaN,NaN,NaN,NaN,NaN,NaN,NaN,NaN,NaN,NaN,NaN,NaN,NaN,NaN,NaN,NaN,NaN,NaN,NaN,NaN,NaN,NaN,NaN,NaN,NaN,NaN,NaN,NaN,NaN,NaN,NaN,NaN,NaN,NaN,NaN,NaN,NaN,NaN,NaN,NaN,NaN,NaN,NaN,NaN,NaN,NaN,NaN,NaN,NaN,NaN,NaN,NaN,NaN,NaN,NaN,NaN,NaN,NaN,NaN,NaN,NaN,NaN,NaN,NaN,NaN,NaN,NaN,NaN,NaN,NaN,NaN,NaN,NaN,NaN,NaN,NaN,NaN,NaN,NaN,NaN,NaN,NaN,NaN,NaN,NaN,NaN,NaN,NaN,NaN,NaN,NaN,NaN,NaN,NaN,NaN,NaN,NaN,NaN,NaN,NaN,NaN,NaN,-0.0135536308171841,-0.0168370171080933,NaN,-0.0191826006922089,-0.0200308847076587,-0.0206007115272312,-0.0215691541942555,-0.0223458651876781,-0.0213021059862684,NaN,NaN,NaN,NaN,NaN,NaN,NaN,NaN,NaN,NaN,NaN,NaN,NaN,NaN,NaN,NaN,NaN,NaN,NaN,NaN,NaN,NaN,NaN,NaN,NaN,NaN,NaN,NaN,NaN,NaN,NaN,NaN,NaN,NaN,NaN,NaN,NaN,NaN,NaN,NaN,-0.0232782745933225,-0.0233780194096002,-0.0233423954047598,-0.0208223840835412,NaN,NaN,NaN,NaN,NaN,NaN,NaN,NaN,NaN,NaN,NaN,NaN,NaN,NaN,NaN,NaN,NaN,NaN,NaN,NaN,NaN,-0.0259347923208115,-0.0260359087637736,-0.0261846170131327,-0.0263031499744987,-0.0263899041539202,-0.0262584952222122,NaN,NaN,NaN,NaN,NaN,NaN,NaN,NaN,NaN,NaN,NaN,NaN,NaN,NaN,NaN,NaN,NaN,NaN,NaN,NaN,NaN,NaN,NaN,NaN,NaN,NaN,NaN,NaN,NaN,NaN,NaN,NaN,NaN,NaN,NaN,NaN,NaN,NaN,NaN,NaN,NaN,NaN,NaN,NaN,NaN,NaN,NaN,NaN,NaN,NaN,NaN,NaN,NaN,NaN,NaN,NaN,NaN,NaN,NaN,NaN,NaN
NaN,NaN,NaN,NaN,NaN,NaN,NaN,NaN,NaN,NaN,NaN,NaN,NaN,NaN,NaN,NaN,NaN,NaN,NaN,NaN,NaN,NaN,NaN,NaN,NaN,NaN,NaN,NaN,NaN,NaN,NaN,NaN,NaN,NaN,NaN,NaN,NaN,NaN,NaN,NaN,NaN,NaN,NaN,NaN,NaN,NaN,NaN,NaN,NaN,NaN,NaN,NaN,NaN,NaN,NaN,NaN,NaN,NaN,NaN,NaN,NaN,NaN,NaN,NaN,NaN,NaN,NaN,NaN,NaN,NaN,NaN,NaN,NaN,NaN,NaN,NaN,NaN,NaN,NaN,NaN,NaN,NaN,NaN,NaN,NaN,NaN,NaN,NaN,NaN,NaN,NaN,NaN,NaN,NaN,NaN,NaN,NaN,NaN,NaN,NaN,NaN,NaN,NaN,NaN,-0.0165307725117538,-0.0169649593101924,-0.0177741271903745,-0.0191854056635222,-0.0198706424067086,-0.0204235281685171,-0.020909099858571,-0.0214664796746576,-0.0215840061726108,NaN,NaN,NaN,NaN,NaN,NaN,NaN,NaN,NaN,NaN,NaN,NaN,NaN,NaN,NaN,NaN,NaN,NaN,NaN,NaN,NaN,NaN,NaN,NaN,NaN,NaN,NaN,NaN,NaN,NaN,NaN,NaN,NaN,NaN,NaN,NaN,NaN,NaN,NaN,NaN,-0.0209866006918634,-0.0232745511477536,-0.0211410139617214,NaN,NaN,NaN,NaN,NaN,NaN,NaN,NaN,NaN,NaN,NaN,NaN,NaN,NaN,NaN,NaN,NaN,NaN,NaN,NaN,NaN,NaN,NaN,-0.0261181202494658,-0.0261113134621645,-0.0261221936758544,-0.0263382338719784,-0.0262586657121303,NaN,NaN,NaN,NaN,NaN,NaN,NaN,NaN,NaN,NaN,NaN,NaN,NaN,NaN,NaN,NaN,NaN,NaN,NaN,NaN,NaN,NaN,NaN,NaN,NaN,NaN,NaN,NaN,NaN,NaN,NaN,NaN,NaN,NaN,NaN,NaN,NaN,NaN,NaN,NaN,NaN,NaN,NaN,NaN,NaN,NaN,NaN,NaN,NaN,NaN,NaN,NaN,NaN,NaN,NaN,NaN,NaN,NaN,NaN,NaN,NaN
NaN,NaN,NaN,NaN,NaN,NaN,NaN,NaN,NaN,NaN,NaN,NaN,NaN,NaN,NaN,NaN,NaN,NaN,NaN,NaN,NaN,NaN,NaN,NaN,NaN,NaN,NaN,NaN,NaN,NaN,NaN,NaN,NaN,NaN,NaN,NaN,NaN,NaN,NaN,NaN,NaN,NaN,NaN,NaN,NaN,NaN,NaN,NaN,NaN,NaN,NaN,NaN,NaN,NaN,NaN,NaN,NaN,NaN,NaN,NaN,NaN,NaN,NaN,NaN,NaN,NaN,NaN,NaN,NaN,NaN,NaN,NaN,NaN,NaN,NaN,NaN,NaN,NaN,NaN,NaN,NaN,NaN,NaN,NaN,NaN,NaN,NaN,NaN,NaN,NaN,NaN,NaN,NaN,NaN,NaN,NaN,NaN,NaN,NaN,NaN,NaN,NaN,NaN,-0.0135875822935435,-0.0161106182422236,-0.0169316761740575,-0.0175698962213644,-0.0185022067004251,-0.019972579852735,-0.0202294164644503,-0.0205067256995862,-0.0168538570964385,-0.0209500875853986,NaN,NaN,NaN,NaN,NaN,NaN,NaN,NaN,NaN,NaN,NaN,NaN,NaN,NaN,NaN,NaN,NaN,NaN,NaN,NaN,NaN,NaN,NaN,NaN,NaN,NaN,NaN,NaN,NaN,NaN,NaN,NaN,NaN,NaN,NaN,NaN,NaN,NaN,NaN,NaN,-0.0205270075460564,-0.0229970544687272,-0.0224915522973898,NaN,NaN,NaN,NaN,NaN,NaN,NaN,NaN,NaN,NaN,NaN,NaN,NaN,NaN,NaN,NaN,NaN,NaN,NaN,NaN,NaN,NaN,NaN,NaN,-0.0262151414869845,-0.0260737606930377,-0.0262567254082406,-0.0262895819290556,NaN,NaN,NaN,NaN,NaN,NaN,NaN,NaN,NaN,NaN,NaN,NaN,NaN,NaN,NaN,NaN,NaN,NaN,NaN,NaN,NaN,NaN,NaN,NaN,NaN,NaN,NaN,NaN,NaN,NaN,NaN,NaN,NaN,NaN,NaN,NaN,NaN,NaN,NaN,NaN,NaN,NaN,NaN,NaN,NaN,NaN,NaN,NaN,NaN,NaN,NaN,NaN,NaN,NaN,NaN,NaN,NaN,NaN,NaN,NaN,NaN
NaN,NaN,NaN,NaN,NaN,NaN,NaN,NaN,NaN,NaN,NaN,NaN,NaN,NaN,NaN,NaN,NaN,NaN,NaN,NaN,NaN,NaN,NaN,NaN,NaN,NaN,NaN,NaN,NaN,NaN,NaN,NaN,NaN,NaN,NaN,NaN,NaN,NaN,NaN,NaN,NaN,NaN,NaN,NaN,NaN,NaN,NaN,NaN,NaN,NaN,NaN,NaN,NaN,NaN,NaN,NaN,NaN,NaN,NaN,NaN,NaN,NaN,NaN,NaN,NaN,NaN,NaN,NaN,NaN,NaN,NaN,NaN,NaN,NaN,NaN,NaN,NaN,NaN,NaN,NaN,NaN,NaN,NaN,NaN,NaN,NaN,NaN,NaN,NaN,NaN,NaN,NaN,NaN,NaN,NaN,NaN,NaN,NaN,NaN,NaN,NaN,NaN,NaN,-0.0138196664926554,-0.0144999276355496,-0.0155598315967612,NaN,NaN,NaN,-0.0198811107957589,-0.0195849339619352,NaN,NaN,NaN,NaN,NaN,NaN,NaN,NaN,NaN,NaN,NaN,NaN,NaN,NaN,NaN,NaN,NaN,NaN,NaN,NaN,NaN,NaN,NaN,NaN,NaN,NaN,NaN,NaN,NaN,NaN,NaN,NaN,NaN,NaN,NaN,NaN,NaN,NaN,NaN,NaN,NaN,NaN,-0.0224542819204803,-0.0229499134196216,-0.0228624791329894,NaN,NaN,NaN,NaN,NaN,NaN,NaN,NaN,NaN,NaN,NaN,NaN,NaN,NaN,NaN,NaN,NaN,NaN,NaN,NaN,NaN,NaN,NaN,NaN,NaN,-0.0257262662077232,-0.0260013987770765,-0.0261864768960117,-0.0263760660735187,NaN,NaN,NaN,NaN,NaN,NaN,NaN,NaN,NaN,NaN,NaN,NaN,NaN,NaN,NaN,NaN,NaN,NaN,NaN,NaN,NaN,NaN,NaN,NaN,NaN,NaN,NaN,NaN,NaN,NaN,NaN,NaN,NaN,NaN,NaN,NaN,NaN,NaN,NaN,NaN,NaN,NaN,NaN,NaN,NaN,NaN,NaN,NaN,NaN,NaN,NaN,NaN,NaN,NaN,NaN,NaN,NaN,NaN,NaN,NaN
NaN,NaN,NaN,NaN,NaN,NaN,NaN,NaN,NaN,NaN,NaN,NaN,NaN,NaN,NaN,NaN,NaN,NaN,NaN,NaN,NaN,NaN,NaN,NaN,NaN,NaN,NaN,NaN,NaN,NaN,NaN,NaN,NaN,NaN,NaN,NaN,NaN,NaN,NaN,NaN,NaN,NaN,NaN,NaN,NaN,NaN,NaN,NaN,NaN,NaN,NaN,NaN,NaN,NaN,NaN,NaN,NaN,NaN,NaN,NaN,NaN,NaN,NaN,NaN,NaN,NaN,NaN,NaN,NaN,NaN,NaN,NaN,NaN,NaN,NaN,NaN,NaN,NaN,NaN,NaN,NaN,NaN,NaN,NaN,NaN,NaN,NaN,NaN,NaN,NaN,NaN,NaN,NaN,NaN,NaN,NaN,NaN,NaN,NaN,NaN,NaN,NaN,NaN,-0.0132485982015797,-0.0136770494804992,-0.0140702414939383,NaN,NaN,NaN,NaN,NaN,NaN,NaN,NaN,NaN,NaN,NaN,NaN,NaN,NaN,NaN,NaN,NaN,NaN,NaN,NaN,NaN,NaN,NaN,NaN,NaN,NaN,NaN,NaN,NaN,NaN,NaN,NaN,NaN,NaN,NaN,NaN,NaN,NaN,NaN,NaN,NaN,NaN,NaN,NaN,NaN,NaN,NaN,-0.0230972384696759,-0.0231740330655875,NaN,NaN,NaN,NaN,NaN,NaN,NaN,NaN,NaN,NaN,NaN,NaN,NaN,NaN,NaN,NaN,NaN,NaN,NaN,NaN,NaN,NaN,NaN,NaN,NaN,NaN,-0.0252573070735229,-0.0255894272642679,-0.0257328176354919,-0.0259112812373816,-0.0258446875157101,-0.0258209853386204,NaN,NaN,NaN,NaN,NaN,NaN,NaN,NaN,NaN,NaN,NaN,NaN,NaN,NaN,NaN,NaN,NaN,NaN,NaN,NaN,NaN,NaN,NaN,NaN,NaN,NaN,NaN,NaN,NaN,NaN,NaN,NaN,NaN,NaN,NaN,NaN,NaN,NaN,NaN,NaN,NaN,NaN,NaN,NaN,NaN,NaN,NaN,NaN,NaN,NaN,NaN,NaN,NaN,NaN,NaN,NaN,NaN,NaN
NaN,NaN,NaN,NaN,NaN,NaN,NaN,NaN,NaN,NaN,NaN,NaN,NaN,NaN,NaN,NaN,NaN,NaN,NaN,NaN,NaN,NaN,NaN,NaN,NaN,NaN,NaN,NaN,NaN,NaN,NaN,NaN,NaN,NaN,NaN,NaN,NaN,NaN,NaN,NaN,NaN,NaN,NaN,NaN,NaN,NaN,NaN,NaN,NaN,NaN,NaN,NaN,NaN,NaN,NaN,NaN,NaN,NaN,NaN,NaN,NaN,NaN,NaN,NaN,NaN,NaN,NaN,NaN,NaN,NaN,NaN,NaN,NaN,NaN,NaN,NaN,NaN,NaN,NaN,NaN,NaN,NaN,NaN,NaN,NaN,NaN,NaN,NaN,NaN,NaN,NaN,NaN,NaN,NaN,NaN,NaN,NaN,NaN,NaN,NaN,NaN,-0.00850835676528118,-0.0103510022572438,-0.0117697190908258,-0.0130026888143893,-0.00494563617995569,NaN,NaN,NaN,NaN,NaN,NaN,NaN,NaN,NaN,NaN,NaN,NaN,NaN,NaN,NaN,NaN,NaN,NaN,NaN,NaN,NaN,NaN,NaN,NaN,NaN,NaN,NaN,NaN,NaN,NaN,NaN,NaN,NaN,NaN,NaN,NaN,NaN,NaN,NaN,NaN,NaN,NaN,NaN,NaN,NaN,NaN,NaN,-0.0232858165475346,-0.0235881586369185,-0.0229783622901987,NaN,NaN,NaN,NaN,NaN,NaN,NaN,NaN,NaN,NaN,NaN,NaN,NaN,NaN,NaN,NaN,NaN,NaN,NaN,NaN,NaN,NaN,NaN,NaN,NaN,NaN,-0.0254342456260496,-0.0255277535255034,-0.025602017540535,-0.0255894722406797,-0.0255091327398339,-0.025537480954894,-0.0256481389914821,-0.0256640008611452,-0.0257716245838505,-0.0259624047062721,-0.0179697890605236,NaN,NaN,NaN,NaN,NaN,NaN,NaN,NaN,NaN,NaN,NaN,NaN,NaN,NaN,NaN,NaN,NaN,NaN,NaN,NaN,NaN,NaN,NaN,NaN,NaN,NaN,NaN,NaN,NaN,NaN,NaN,NaN,NaN,NaN,NaN,NaN,NaN,NaN,NaN,NaN,NaN,NaN,NaN,NaN,NaN,NaN,NaN,NaN,NaN,NaN,NaN,NaN
NaN,NaN,NaN,NaN,NaN,NaN,NaN,NaN,NaN,NaN,NaN,NaN,NaN,NaN,NaN,NaN,NaN,NaN,NaN,NaN,NaN,NaN,NaN,NaN,NaN,NaN,NaN,NaN,NaN,NaN,NaN,NaN,NaN,NaN,NaN,NaN,NaN,NaN,NaN,NaN,NaN,NaN,NaN,NaN,NaN,NaN,NaN,NaN,NaN,NaN,NaN,NaN,NaN,NaN,NaN,NaN,NaN,NaN,NaN,NaN,NaN,NaN,NaN,NaN,NaN,NaN,NaN,NaN,NaN,NaN,NaN,NaN,NaN,NaN,NaN,NaN,NaN,NaN,NaN,NaN,NaN,NaN,NaN,NaN,NaN,NaN,NaN,NaN,NaN,NaN,NaN,NaN,NaN,NaN,NaN,NaN,NaN,NaN,NaN,NaN,NaN,-0.00734636655600665,-0.00834133507485401,-0.0099195594383086,-0.00965831027023735,NaN,NaN,NaN,NaN,NaN,NaN,NaN,NaN,NaN,NaN,NaN,NaN,NaN,NaN,NaN,NaN,NaN,NaN,NaN,NaN,NaN,NaN,NaN,NaN,NaN,NaN,NaN,NaN,NaN,NaN,NaN,NaN,NaN,NaN,NaN,NaN,NaN,NaN,NaN,NaN,NaN,NaN,NaN,NaN,NaN,NaN,NaN,NaN,NaN,-0.0231189028144053,0.00228669126503784,NaN,NaN,NaN,NaN,NaN,NaN,NaN,NaN,NaN,NaN,NaN,NaN,NaN,NaN,NaN,NaN,NaN,NaN,NaN,NaN,NaN,NaN,NaN,NaN,NaN,NaN,NaN,-0.0254011991285985,-0.0252739325143341,-0.025312683832288,-0.0255548295082758,-0.0258625538742068,-0.0260367184569596,-0.0260289283788677,-0.0260745417761294,-0.0261258810691749,-0.0260890430500838,NaN,NaN,NaN,NaN,NaN,NaN,NaN,NaN,NaN,NaN,NaN,NaN,NaN,NaN,NaN,NaN,NaN,NaN,NaN,NaN,NaN,NaN,NaN,NaN,NaN,NaN,NaN,NaN,NaN,NaN,NaN,NaN,NaN,NaN,NaN,NaN,NaN,NaN,NaN,NaN,NaN,NaN,NaN,NaN,NaN,NaN,NaN,NaN,NaN,NaN,NaN,NaN
NaN,NaN,NaN,NaN,NaN,NaN,NaN,NaN,NaN,NaN,NaN,NaN,NaN,NaN,NaN,NaN,NaN,NaN,NaN,NaN,NaN,NaN,NaN,NaN,NaN,NaN,NaN,NaN,NaN,NaN,NaN,NaN,NaN,NaN,NaN,NaN,NaN,NaN,NaN,NaN,NaN,NaN,NaN,NaN,NaN,NaN,NaN,NaN,NaN,NaN,NaN,NaN,NaN,NaN,NaN,NaN,NaN,NaN,NaN,NaN,NaN,NaN,NaN,NaN,NaN,NaN,NaN,NaN,NaN,NaN,NaN,NaN,NaN,NaN,NaN,NaN,NaN,NaN,NaN,NaN,NaN,NaN,NaN,NaN,NaN,NaN,NaN,NaN,NaN,NaN,NaN,NaN,NaN,NaN,NaN,NaN,NaN,NaN,NaN,NaN,-0.00637465197707128,-0.00682064754569074,-0.00743402761331655,NaN,NaN,NaN,NaN,NaN,NaN,NaN,NaN,NaN,NaN,NaN,NaN,NaN,NaN,NaN,NaN,NaN,NaN,NaN,NaN,NaN,NaN,NaN,NaN,NaN,NaN,NaN,NaN,NaN,NaN,NaN,NaN,NaN,NaN,NaN,NaN,NaN,NaN,NaN,NaN,NaN,NaN,NaN,NaN,NaN,NaN,NaN,NaN,NaN,NaN,NaN,0.00157255511066432,0.00138530775497245,0.000687981234018646,0.000259075618558096,NaN,NaN,NaN,NaN,NaN,NaN,NaN,NaN,NaN,NaN,NaN,NaN,NaN,NaN,NaN,NaN,NaN,NaN,NaN,NaN,NaN,NaN,NaN,NaN,NaN,NaN,-0.0252576934116504,-0.0252776239122188,-0.0255182115625265,-0.0258903867517583,-0.0263012225442546,-0.0263523913738599,-0.0263166338846325,-0.0262919158272304,-0.0263175674130259,-0.0263710496679995,NaN,NaN,NaN,NaN,NaN,NaN,NaN,NaN,NaN,NaN,NaN,NaN,NaN,NaN,NaN,NaN,NaN,NaN,NaN,NaN,NaN,NaN,NaN,NaN,NaN,NaN,NaN,NaN,NaN,NaN,NaN,NaN,NaN,NaN,NaN,NaN,NaN,NaN,NaN,NaN,NaN,NaN,NaN,NaN,NaN,NaN,NaN,NaN,NaN,NaN,NaN
NaN,NaN,NaN,NaN,NaN,NaN,NaN,NaN,NaN,NaN,NaN,NaN,NaN,NaN,NaN,NaN,NaN,NaN,NaN,NaN,NaN,NaN,NaN,NaN,NaN,NaN,NaN,NaN,NaN,NaN,NaN,NaN,NaN,NaN,NaN,NaN,NaN,NaN,NaN,NaN,NaN,NaN,NaN,NaN,NaN,NaN,NaN,NaN,NaN,NaN,NaN,NaN,NaN,NaN,NaN,NaN,NaN,NaN,NaN,NaN,NaN,NaN,NaN,NaN,NaN,NaN,NaN,NaN,NaN,NaN,NaN,NaN,NaN,NaN,NaN,NaN,NaN,NaN,NaN,NaN,NaN,NaN,NaN,NaN,NaN,NaN,NaN,NaN,NaN,NaN,NaN,NaN,NaN,NaN,NaN,NaN,NaN,NaN,NaN,-0.0071821945271679,-0.00574009885220288,-0.00630997417803343,-0.00778875358874914,NaN,NaN,NaN,NaN,NaN,NaN,NaN,NaN,NaN,NaN,NaN,NaN,NaN,NaN,NaN,NaN,NaN,NaN,NaN,NaN,NaN,NaN,NaN,NaN,NaN,NaN,NaN,NaN,NaN,NaN,NaN,NaN,NaN,NaN,NaN,NaN,NaN,NaN,NaN,NaN,NaN,NaN,NaN,NaN,NaN,NaN,NaN,NaN,NaN,NaN,NaN,0.0117428682765816,0.00104212491721841,0.00056647507942895,-4.89700752754513e-06,-0.000184954934829281,NaN,NaN,NaN,NaN,NaN,NaN,NaN,NaN,NaN,NaN,NaN,NaN,NaN,NaN,NaN,NaN,NaN,NaN,NaN,NaN,NaN,NaN,NaN,NaN,NaN,NaN,NaN,NaN,NaN,NaN,-0.0266562015462443,-0.0265571560716862,-0.026497355997365,-0.02644916213711,-0.0264432295652145,NaN,NaN,NaN,NaN,NaN,NaN,NaN,NaN,NaN,NaN,NaN,NaN,NaN,NaN,NaN,NaN,NaN,NaN,NaN,NaN,NaN,NaN,NaN,NaN,NaN,NaN,NaN,NaN,NaN,NaN,NaN,NaN,NaN,NaN,NaN,NaN,NaN,NaN,NaN,NaN,NaN,NaN,NaN,NaN,NaN,NaN,NaN,NaN,NaN,NaN,NaN
NaN,NaN,NaN,NaN,NaN,NaN,NaN,NaN,NaN,NaN,NaN,NaN,NaN,NaN,NaN,NaN,NaN,NaN,NaN,NaN,NaN,NaN,NaN,NaN,NaN,NaN,NaN,NaN,NaN,NaN,NaN,NaN,NaN,NaN,NaN,NaN,NaN,NaN,NaN,NaN,NaN,NaN,NaN,NaN,NaN,NaN,NaN,NaN,NaN,NaN,NaN,NaN,NaN,NaN,NaN,NaN,NaN,NaN,NaN,NaN,NaN,NaN,NaN,NaN,NaN,NaN,NaN,NaN,NaN,NaN,NaN,NaN,NaN,NaN,NaN,NaN,NaN,NaN,NaN,NaN,NaN,NaN,NaN,NaN,NaN,NaN,NaN,NaN,NaN,NaN,NaN,NaN,NaN,NaN,NaN,NaN,NaN,NaN,NaN,-0.00452779728174435,-0.0048384750349296,-0.00618606809567573,NaN,NaN,NaN,NaN,NaN,NaN,NaN,NaN,NaN,NaN,NaN,NaN,NaN,NaN,NaN,NaN,NaN,NaN,NaN,NaN,NaN,NaN,NaN,NaN,NaN,NaN,NaN,NaN,NaN,NaN,NaN,NaN,NaN,NaN,NaN,NaN,NaN,NaN,NaN,NaN,NaN,NaN,NaN,NaN,NaN,NaN,NaN,NaN,NaN,NaN,NaN,NaN,NaN,NaN,NaN,-0.0005174693765463,-0.000446912573929812,NaN,NaN,NaN,NaN,NaN,NaN,NaN,NaN,NaN,NaN,NaN,NaN,NaN,NaN,NaN,NaN,NaN,NaN,NaN,NaN,NaN,NaN,NaN,NaN,NaN,NaN,NaN,NaN,NaN,NaN,-0.02667544990687,-0.0265665467768086,-0.0265413835734797,-0.0265631778350507,-0.0265653958437896,NaN,NaN,NaN,NaN,NaN,NaN,NaN,NaN,NaN,NaN,NaN,NaN,NaN,NaN,NaN,NaN,NaN,NaN,NaN,NaN,NaN,NaN,NaN,NaN,NaN,NaN,NaN,NaN,NaN,NaN,NaN,NaN,NaN,NaN,NaN,NaN,NaN,NaN,NaN,NaN,NaN,NaN,NaN,NaN,NaN,NaN,NaN,NaN,NaN,NaN,NaN
NaN,NaN,NaN,NaN,NaN,NaN,NaN,NaN,NaN,NaN,NaN,NaN,NaN,NaN,NaN,NaN,NaN,NaN,NaN,NaN,NaN,NaN,NaN,NaN,NaN,NaN,NaN,NaN,NaN,NaN,NaN,NaN,NaN,NaN,NaN,NaN,NaN,NaN,NaN,NaN,NaN,NaN,NaN,NaN,NaN,NaN,NaN,NaN,NaN,NaN,NaN,NaN,NaN,NaN,NaN,NaN,NaN,NaN,NaN,NaN,NaN,NaN,NaN,NaN,NaN,NaN,NaN,NaN,NaN,NaN,NaN,NaN,NaN,NaN,NaN,NaN,NaN,NaN,NaN,NaN,NaN,NaN,NaN,NaN,NaN,NaN,NaN,NaN,NaN,NaN,NaN,NaN,NaN,NaN,NaN,NaN,NaN,-0.00264616064774345,-0.00293624966822905,-0.00347531289347309,-0.0044063075792442,NaN,NaN,NaN,NaN,NaN,NaN,NaN,NaN,NaN,NaN,NaN,NaN,NaN,NaN,NaN,NaN,NaN,NaN,NaN,NaN,NaN,NaN,NaN,NaN,NaN,NaN,NaN,NaN,NaN,NaN,NaN,NaN,NaN,NaN,NaN,NaN,NaN,NaN,NaN,NaN,NaN,NaN,NaN,NaN,NaN,NaN,NaN,NaN,NaN,NaN,NaN,NaN,NaN,NaN,NaN,NaN,-0.000676747902369193,-0.000628359648898692,NaN,NaN,NaN,NaN,NaN,NaN,NaN,NaN,NaN,NaN,NaN,NaN,NaN,NaN,NaN,NaN,NaN,NaN,NaN,NaN,NaN,NaN,NaN,NaN,NaN,NaN,NaN,NaN,NaN,NaN,NaN,-0.0266052886250468,-0.0265981985046833,-0.0267374512214132,-0.0267730447080674,-0.0268189083329339,NaN,NaN,NaN,NaN,NaN,NaN,NaN,NaN,NaN,NaN,NaN,NaN,NaN,NaN,NaN,NaN,NaN,NaN,NaN,NaN,NaN,NaN,NaN,NaN,NaN,NaN,NaN,NaN,NaN,NaN,NaN,NaN,NaN,NaN,NaN,NaN,NaN,NaN,NaN,NaN,NaN,NaN,NaN,NaN,NaN,NaN,NaN,NaN,NaN,NaN
NaN,NaN,NaN,NaN,NaN,NaN,NaN,NaN,NaN,NaN,NaN,NaN,NaN,NaN,NaN,NaN,NaN,NaN,NaN,NaN,NaN,NaN,NaN,NaN,NaN,NaN,NaN,NaN,NaN,NaN,NaN,NaN,NaN,NaN,NaN,NaN,NaN,NaN,NaN,NaN,NaN,NaN,NaN,NaN,NaN,NaN,NaN,NaN,NaN,NaN,NaN,NaN,NaN,NaN,NaN,NaN,NaN,NaN,NaN,NaN,NaN,NaN,NaN,NaN,NaN,NaN,NaN,NaN,NaN,NaN,NaN,NaN,NaN,NaN,NaN,NaN,NaN,NaN,NaN,NaN,NaN,NaN,NaN,NaN,NaN,NaN,NaN,NaN,NaN,NaN,NaN,NaN,NaN,NaN,NaN,NaN,NaN,-0.00257516908681767,-0.00266667673736786,-0.00295257805064717,-0.00332684328765926,NaN,NaN,NaN,NaN,NaN,NaN,NaN,NaN,NaN,NaN,NaN,NaN,NaN,NaN,NaN,NaN,NaN,NaN,NaN,NaN,NaN,NaN,NaN,NaN,NaN,NaN,NaN,NaN,NaN,NaN,NaN,NaN,NaN,NaN,NaN,NaN,NaN,NaN,NaN,NaN,NaN,NaN,NaN,NaN,NaN,NaN,NaN,NaN,NaN,NaN,NaN,NaN,NaN,NaN,NaN,NaN,-0.000828430719993357,-0.000823302767063754,NaN,NaN,NaN,NaN,NaN,NaN,NaN,NaN,NaN,NaN,NaN,NaN,NaN,NaN,NaN,NaN,NaN,NaN,NaN,NaN,NaN,NaN,NaN,NaN,NaN,NaN,NaN,NaN,NaN,NaN,NaN,-0.0267370651453163,-0.0267307399184022,-0.0268679844732198,-0.0270199156461236,-0.0269956827221436,-0.0272050239937874,NaN,NaN,NaN,NaN,NaN,NaN,NaN,NaN,NaN,NaN,NaN,NaN,NaN,NaN,NaN,NaN,NaN,NaN,NaN,NaN,NaN,NaN,NaN,NaN,NaN,NaN,NaN,NaN,NaN,NaN,NaN,NaN,NaN,NaN,NaN,NaN,NaN,NaN,NaN,NaN,NaN,NaN,NaN,NaN,NaN,NaN,NaN,NaN,NaN
NaN,NaN,NaN,NaN,NaN,NaN,NaN,NaN,NaN,NaN,NaN,NaN,NaN,NaN,NaN,NaN,NaN,NaN,NaN,NaN,NaN,NaN,NaN,NaN,NaN,NaN,NaN,NaN,NaN,NaN,NaN,NaN,NaN,NaN,NaN,NaN,NaN,NaN,NaN,NaN,NaN,NaN,NaN,NaN,NaN,NaN,NaN,NaN,NaN,NaN,NaN,NaN,NaN,NaN,NaN,NaN,NaN,NaN,NaN,NaN,NaN,NaN,NaN,NaN,NaN,NaN,NaN,NaN,NaN,NaN,NaN,NaN,NaN,NaN,NaN,NaN,NaN,NaN,NaN,NaN,NaN,NaN,NaN,NaN,NaN,NaN,NaN,NaN,NaN,NaN,NaN,NaN,NaN,NaN,NaN,NaN,NaN,-0.00221251294544158,-0.00234249661664737,-0.00248858370654252,NaN,NaN,NaN,NaN,NaN,NaN,NaN,NaN,NaN,NaN,NaN,NaN,NaN,NaN,NaN,NaN,NaN,NaN,NaN,NaN,NaN,NaN,NaN,NaN,NaN,NaN,NaN,NaN,NaN,NaN,NaN,NaN,NaN,NaN,NaN,NaN,NaN,NaN,NaN,NaN,NaN,NaN,NaN,NaN,NaN,NaN,NaN,NaN,NaN,NaN,NaN,NaN,NaN,NaN,NaN,NaN,NaN,-0.000933695403598178,-0.00105664785429804,NaN,NaN,NaN,NaN,NaN,NaN,NaN,NaN,NaN,NaN,NaN,NaN,NaN,NaN,NaN,NaN,NaN,NaN,NaN,NaN,NaN,NaN,NaN,NaN,NaN,NaN,NaN,NaN,NaN,NaN,NaN,-0.0269661105572267,-0.0268982455927289,-0.0270126730921938,-0.0271374719681267,-0.0270904585564715,-0.0272592527222615,NaN,NaN,NaN,NaN,NaN,NaN,NaN,NaN,NaN,NaN,NaN,NaN,NaN,NaN,NaN,NaN,NaN,NaN,NaN,NaN,NaN,NaN,NaN,NaN,NaN,NaN,NaN,NaN,NaN,NaN,NaN,NaN,NaN,NaN,NaN,NaN,NaN,NaN,NaN,NaN,NaN,NaN,NaN,NaN,NaN,NaN,NaN,NaN,NaN
NaN,NaN,NaN,NaN,NaN,NaN,NaN,NaN,NaN,NaN,NaN,NaN,NaN,NaN,NaN,NaN,NaN,NaN,NaN,NaN,NaN,NaN,NaN,NaN,NaN,NaN,NaN,NaN,NaN,NaN,NaN,NaN,NaN,NaN,NaN,NaN,NaN,NaN,NaN,NaN,NaN,NaN,NaN,NaN,NaN,NaN,NaN,NaN,NaN,NaN,NaN,NaN,NaN,NaN,NaN,NaN,NaN,NaN,NaN,NaN,NaN,NaN,NaN,NaN,NaN,NaN,NaN,NaN,NaN,NaN,NaN,NaN,NaN,NaN,NaN,NaN,NaN,NaN,NaN,NaN,NaN,NaN,NaN,NaN,NaN,NaN,NaN,NaN,NaN,NaN,NaN,NaN,NaN,NaN,NaN,NaN,-0.0019579361555253,-0.00194821422857824,-0.00217985724002416,-0.00217232423248243,NaN,NaN,NaN,NaN,NaN,NaN,NaN,NaN,NaN,NaN,NaN,NaN,NaN,NaN,NaN,NaN,NaN,NaN,NaN,NaN,NaN,NaN,NaN,NaN,NaN,NaN,NaN,NaN,NaN,NaN,NaN,NaN,NaN,NaN,NaN,NaN,NaN,NaN,NaN,NaN,NaN,NaN,NaN,NaN,NaN,NaN,NaN,NaN,NaN,NaN,NaN,NaN,NaN,NaN,NaN,NaN,NaN,-0.000721413712577514,0.00587693274042873,NaN,NaN,NaN,NaN,NaN,NaN,NaN,NaN,NaN,NaN,NaN,NaN,NaN,NaN,NaN,NaN,NaN,NaN,NaN,NaN,NaN,NaN,NaN,NaN,NaN,NaN,NaN,NaN,NaN,NaN,NaN,-0.0271268345237982,-0.027043753436653,-0.0269762790577306,-0.0270818695708945,-0.027087749254833,-0.0271786714400989,-0.0272300213881504,-0.0272872811468384,-0.0139418621886039,-0.00143792864916441,NaN,NaN,NaN,NaN,NaN,NaN,NaN,NaN,NaN,NaN,NaN,NaN,NaN,NaN,NaN,NaN,NaN,NaN,NaN,NaN,NaN,NaN,NaN,NaN,NaN,NaN,NaN,NaN,NaN,NaN,NaN,NaN,NaN,NaN,NaN,NaN,NaN,NaN,NaN,NaN,NaN,NaN,NaN,NaN,NaN
NaN,NaN,NaN,NaN,NaN,NaN,NaN,NaN,NaN,NaN,NaN,NaN,NaN,NaN,NaN,NaN,NaN,NaN,NaN,NaN,NaN,NaN,NaN,NaN,NaN,NaN,NaN,NaN,NaN,NaN,NaN,NaN,NaN,NaN,NaN,NaN,NaN,NaN,NaN,NaN,NaN,NaN,NaN,NaN,NaN,NaN,NaN,NaN,NaN,NaN,NaN,NaN,NaN,NaN,NaN,NaN,NaN,NaN,NaN,NaN,NaN,NaN,NaN,NaN,NaN,NaN,NaN,NaN,NaN,NaN,NaN,NaN,NaN,NaN,NaN,NaN,NaN,NaN,NaN,NaN,NaN,NaN,NaN,NaN,NaN,NaN,NaN,NaN,NaN,NaN,NaN,NaN,NaN,NaN,-0.000384586676334362,-0.000545151340076685,-0.000871795144142543,-0.00128822026789251,NaN,NaN,NaN,NaN,NaN,NaN,NaN,NaN,NaN,NaN,NaN,NaN,NaN,NaN,NaN,NaN,NaN,NaN,NaN,NaN,NaN,NaN,NaN,NaN,NaN,NaN,NaN,NaN,NaN,NaN,NaN,NaN,NaN,NaN,NaN,NaN,NaN,NaN,NaN,NaN,NaN,NaN,NaN,NaN,NaN,NaN,NaN,NaN,NaN,NaN,NaN,NaN,NaN,NaN,NaN,NaN,NaN,NaN,NaN,-0.000855089602911925,-0.000632782516258355,NaN,NaN,NaN,NaN,NaN,NaN,NaN,NaN,NaN,NaN,NaN,NaN,NaN,NaN,NaN,NaN,NaN,NaN,NaN,NaN,NaN,NaN,NaN,NaN,NaN,NaN,NaN,NaN,NaN,NaN,NaN,-0.0267338969903379,-0.0268937489359911,-0.0268637360544473,-0.0270615116025726,-0.0270784361688424,-0.0270534568492123,-0.0270614561697858,-0.0264233064841601,-0.00764166117397282,-0.00288489541609635,-0.0147516629162583,-0.0271773949613924,NaN,NaN,NaN,NaN,NaN,NaN,NaN,NaN,NaN,NaN,NaN,NaN,NaN,NaN,NaN,NaN,NaN,NaN,NaN,NaN,NaN,NaN,NaN,NaN,NaN,NaN,NaN,NaN,NaN,NaN,NaN,NaN,NaN,NaN,NaN,NaN,NaN,NaN,NaN,NaN,NaN,NaN,NaN
NaN,NaN,NaN,NaN,NaN,NaN,NaN,NaN,NaN,NaN,NaN,NaN,NaN,NaN,NaN,NaN,NaN,NaN,NaN,NaN,NaN,NaN,NaN,NaN,NaN,NaN,NaN,NaN,NaN,NaN,NaN,NaN,NaN,NaN,NaN,NaN,NaN,NaN,NaN,NaN,NaN,NaN,NaN,NaN,NaN,NaN,NaN,NaN,NaN,NaN,NaN,NaN,NaN,NaN,NaN,NaN,NaN,NaN,NaN,NaN,NaN,NaN,NaN,NaN,NaN,NaN,NaN,NaN,NaN,NaN,NaN,NaN,NaN,NaN,NaN,NaN,NaN,NaN,NaN,NaN,NaN,NaN,NaN,NaN,NaN,NaN,NaN,NaN,NaN,NaN,-0.00170569685234338,-0.000149114906445389,-0.000221809994278392,-0.000357197938329781,-0.000381740852798462,-0.00045138519439882,-0.000692024494566235,-0.000906267967549006,NaN,NaN,NaN,NaN,NaN,NaN,NaN,NaN,NaN,NaN,NaN,NaN,NaN,NaN,NaN,NaN,NaN,NaN,NaN,NaN,NaN,NaN,NaN,NaN,NaN,NaN,NaN,NaN,NaN,NaN,NaN,NaN,NaN,NaN,NaN,NaN,NaN,NaN,NaN,NaN,NaN,NaN,NaN,NaN,NaN,NaN,NaN,NaN,NaN,NaN,NaN,NaN,NaN,NaN,NaN,NaN,NaN,NaN,NaN,-0.00123143661195958,NaN,NaN,NaN,NaN,NaN,NaN,NaN,NaN,NaN,NaN,NaN,NaN,NaN,NaN,NaN,NaN,NaN,NaN,NaN,NaN,NaN,NaN,NaN,NaN,NaN,NaN,NaN,NaN,NaN,NaN,NaN,NaN,-0.0264368052078241,-0.0267385117831611,NaN,-0.0270649636476262,-0.0269118938350209,-0.0266919677440237,-0.0265430107733822,-0.0261900835350887,-0.0221502076230453,-0.002776494239132,-0.0064204337639601,-0.019434497550316,NaN,NaN,NaN,NaN,NaN,NaN,NaN,NaN,NaN,NaN,NaN,NaN,NaN,NaN,NaN,NaN,NaN,NaN,NaN,NaN,NaN,NaN,NaN,NaN,NaN,NaN,NaN,NaN,NaN,NaN,NaN,NaN,NaN,NaN,NaN,NaN,NaN,NaN,NaN,NaN,NaN,NaN,NaN
NaN,NaN,NaN,NaN,NaN,NaN,NaN,NaN,NaN,NaN,NaN,NaN,NaN,NaN,NaN,NaN,NaN,NaN,NaN,NaN,NaN,NaN,NaN,NaN,NaN,NaN,NaN,NaN,NaN,NaN,NaN,NaN,NaN,NaN,NaN,NaN,NaN,NaN,NaN,NaN,NaN,NaN,NaN,NaN,NaN,NaN,NaN,NaN,NaN,NaN,NaN,NaN,NaN,NaN,NaN,NaN,NaN,NaN,NaN,NaN,NaN,NaN,NaN,NaN,NaN,NaN,NaN,NaN,NaN,NaN,NaN,NaN,NaN,NaN,NaN,NaN,NaN,NaN,NaN,NaN,NaN,NaN,NaN,NaN,NaN,NaN,NaN,-0.00169394845554543,-0.00171479852121114,-0.00176674355110544,-0.00284833622493674,-0.00015967659007364,-0.00024036887002772,-0.000312106571821608,-0.000340960419315636,-0.000338435314436768,-0.00439134155374804,NaN,NaN,NaN,NaN,NaN,NaN,NaN,NaN,NaN,NaN,NaN,NaN,NaN,NaN,NaN,NaN,NaN,NaN,NaN,NaN,NaN,NaN,NaN,NaN,NaN,NaN,NaN,NaN,NaN,NaN,NaN,NaN,NaN,NaN,NaN,NaN,NaN,NaN,NaN,NaN,NaN,NaN,NaN,NaN,NaN,NaN,NaN,NaN,NaN,NaN,NaN,NaN,NaN,NaN,NaN,NaN,NaN,NaN,NaN,-0.001636044219769,-0.00146696533964215,NaN,NaN,NaN,NaN,NaN,NaN,NaN,NaN,NaN,NaN,NaN,NaN,NaN,NaN,NaN,NaN,NaN,NaN,NaN,NaN,NaN,NaN,NaN,NaN,NaN,NaN,NaN,NaN,NaN,NaN,NaN,NaN,-0.0263054101962825,-0.0264046172368474,NaN,NaN,-0.0263587112651435,-0.0260494447777667,-0.0258268669637395,-0.0256001302426755,-0.0219989249055623,NaN,NaN,NaN,NaN,NaN,NaN,NaN,NaN,NaN,NaN,NaN,NaN,NaN,NaN,NaN,NaN,NaN,NaN,NaN,NaN,NaN,NaN,NaN,NaN,NaN,NaN,NaN,NaN,NaN,NaN,NaN,NaN,NaN,NaN,NaN,NaN,NaN,NaN,NaN,NaN,NaN,NaN,NaN,NaN,NaN,NaN
NaN,NaN,NaN,NaN,NaN,NaN,NaN,NaN,NaN,NaN,NaN,NaN,NaN,NaN,NaN,NaN,NaN,NaN,NaN,NaN,NaN,NaN,NaN,NaN,NaN,NaN,NaN,NaN,NaN,NaN,NaN,NaN,NaN,NaN,NaN,NaN,NaN,NaN,NaN,NaN,NaN,NaN,NaN,NaN,NaN,NaN,NaN,NaN,NaN,NaN,NaN,NaN,NaN,NaN,NaN,NaN,NaN,NaN,NaN,NaN,NaN,NaN,NaN,NaN,NaN,NaN,NaN,NaN,NaN,NaN,NaN,NaN,NaN,NaN,NaN,NaN,NaN,NaN,NaN,NaN,NaN,NaN,NaN,NaN,NaN,NaN,NaN,-0.00168522873864753,-0.00170203681641935,-0.00171422094165113,-0.00483606095485394,NaN,-0.000212183775574041,-0.000275493098531716,-0.000303111291878145,NaN,NaN,NaN,NaN,NaN,NaN,NaN,NaN,NaN,NaN,NaN,NaN,NaN,NaN,NaN,NaN,NaN,NaN,NaN,NaN,NaN,NaN,NaN,NaN,NaN,NaN,NaN,NaN,NaN,NaN,NaN,NaN,NaN,NaN,NaN,NaN,NaN,NaN,NaN,NaN,NaN,NaN,NaN,NaN,NaN,NaN,NaN,NaN,NaN,NaN,NaN,NaN,NaN,NaN,NaN,NaN,NaN,NaN,NaN,NaN,NaN,-0.00180053984838587,-0.00161356384728327,NaN,NaN,NaN,NaN,NaN,NaN,NaN,NaN,NaN,NaN,NaN,NaN,NaN,NaN,NaN,NaN,NaN,NaN,NaN,NaN,NaN,NaN,NaN,NaN,NaN,NaN,NaN,NaN,NaN,NaN,NaN,NaN,-0.0263313639061648,-0.0264419351658842,NaN,NaN,-0.02543153503082,-0.0249603050683141,-0.0248999874259598,-0.0248449064617726,-0.0217358729271294,NaN,NaN,NaN,NaN,NaN,NaN,NaN,NaN,NaN,NaN,NaN,NaN,NaN,NaN,NaN,NaN,NaN,NaN,NaN,NaN,NaN,NaN,NaN,NaN,NaN,NaN,NaN,NaN,NaN,NaN,NaN,NaN,NaN,NaN,NaN,NaN,NaN,NaN,NaN,NaN,NaN,NaN,NaN,NaN,NaN,NaN
NaN,NaN,NaN,NaN,NaN,NaN,NaN,NaN,NaN,NaN,NaN,NaN,NaN,NaN,NaN,NaN,NaN,NaN,NaN,NaN,NaN,NaN,NaN,NaN,NaN,NaN,NaN,NaN,NaN,NaN,NaN,NaN,NaN,NaN,NaN,NaN,NaN,NaN,NaN,NaN,NaN,NaN,NaN,NaN,NaN,NaN,NaN,NaN,NaN,NaN,NaN,NaN,NaN,NaN,NaN,NaN,NaN,NaN,NaN,NaN,NaN,NaN,NaN,NaN,NaN,NaN,NaN,NaN,NaN,NaN,NaN,NaN,NaN,NaN,NaN,NaN,NaN,NaN,NaN,NaN,NaN,NaN,NaN,NaN,NaN,NaN,NaN,NaN,NaN,NaN,NaN,NaN,-0.00634698525440205,-0.00621794910687246,NaN,NaN,NaN,NaN,NaN,NaN,NaN,NaN,NaN,NaN,NaN,NaN,NaN,NaN,NaN,NaN,NaN,NaN,NaN,NaN,NaN,NaN,NaN,NaN,NaN,NaN,NaN,NaN,NaN,NaN,NaN,NaN,NaN,NaN,NaN,NaN,NaN,NaN,NaN,NaN,NaN,NaN,NaN,NaN,NaN,NaN,NaN,NaN,NaN,NaN,NaN,NaN,NaN,NaN,NaN,NaN,NaN,NaN,NaN,NaN,NaN,0.000917182651051536,-0.00212114789220193,NaN,NaN,NaN,NaN,NaN,NaN,NaN,NaN,NaN,NaN,NaN,NaN,NaN,NaN,NaN,NaN,NaN,NaN,NaN,NaN,NaN,NaN,NaN,NaN,NaN,NaN,NaN,NaN,NaN,NaN,NaN,NaN,NaN,-0.0264679116853391,-0.0267175431769311,-0.0271091859883364,NaN,-0.0242188116340045,-0.0241298668946093,-0.0241769992195001,-0.0241257811100208,-0.0213313521388059,NaN,NaN,NaN,NaN,NaN,NaN,NaN,NaN,NaN,NaN,NaN,NaN,NaN,NaN,NaN,NaN,NaN,NaN,NaN,NaN,NaN,NaN,NaN,NaN,NaN,NaN,NaN,NaN,NaN,NaN,NaN,NaN,NaN,NaN,NaN,NaN,NaN,NaN,NaN,NaN,NaN,NaN,NaN,NaN,NaN,NaN
NaN,NaN,NaN,NaN,NaN,NaN,NaN,NaN,NaN,NaN,NaN,NaN,NaN,NaN,NaN,NaN,NaN,NaN,NaN,NaN,NaN,NaN,NaN,NaN,NaN,NaN,NaN,NaN,NaN,NaN,NaN,NaN,NaN,NaN,NaN,NaN,NaN,NaN,NaN,NaN,NaN,NaN,NaN,NaN,NaN,NaN,NaN,NaN,NaN,NaN,NaN,NaN,NaN,NaN,NaN,NaN,NaN,NaN,NaN,NaN,NaN,NaN,NaN,NaN,NaN,NaN,NaN,NaN,NaN,NaN,NaN,NaN,NaN,NaN,NaN,NaN,NaN,NaN,NaN,NaN,NaN,NaN,NaN,NaN,NaN,NaN,NaN,NaN,NaN,NaN,NaN,NaN,NaN,NaN,NaN,NaN,NaN,NaN,NaN,NaN,NaN,NaN,NaN,NaN,NaN,NaN,NaN,NaN,NaN,NaN,NaN,NaN,NaN,NaN,NaN,NaN,NaN,NaN,NaN,NaN,NaN,NaN,NaN,NaN,NaN,NaN,NaN,NaN,NaN,NaN,NaN,NaN,NaN,NaN,NaN,NaN,NaN,NaN,NaN,NaN,NaN,NaN,NaN,NaN,NaN,NaN,NaN,NaN,NaN,NaN,NaN,NaN,NaN,NaN,NaN,-0.00214179736261754,-0.00219862399916965,NaN,NaN,NaN,NaN,NaN,NaN,NaN,NaN,NaN,NaN,NaN,NaN,NaN,NaN,NaN,NaN,NaN,NaN,NaN,NaN,NaN,NaN,NaN,NaN,NaN,NaN,NaN,NaN,NaN,NaN,NaN,NaN,NaN,NaN,-0.0268111963622402,-0.0254750816078908,NaN,-0.0233435723049842,-0.0235257925738794,-0.0234879004484266,-0.0235061152145285,-0.0234337182824463,NaN,NaN,NaN,NaN,NaN,NaN,NaN,NaN,NaN,NaN,NaN,NaN,NaN,NaN,NaN,NaN,NaN,NaN,NaN,NaN,NaN,NaN,NaN,NaN,NaN,NaN,NaN,NaN,NaN,NaN,NaN,NaN,NaN,NaN,NaN,NaN,NaN,NaN,NaN,NaN,NaN,NaN,NaN,NaN,NaN,NaN
NaN,NaN,NaN,NaN,NaN,NaN,NaN,NaN,NaN,NaN,NaN,NaN,NaN,NaN,NaN,NaN,NaN,NaN,NaN,NaN,NaN,NaN,NaN,NaN,NaN,NaN,NaN,NaN,NaN,NaN,NaN,NaN,NaN,NaN,NaN,NaN,NaN,NaN,NaN,NaN,NaN,NaN,NaN,NaN,NaN,NaN,NaN,NaN,NaN,NaN,NaN,NaN,NaN,NaN,NaN,NaN,NaN,NaN,NaN,NaN,NaN,NaN,NaN,NaN,NaN,NaN,NaN,NaN,NaN,NaN,NaN,NaN,NaN,NaN,NaN,NaN,NaN,NaN,NaN,NaN,NaN,NaN,NaN,NaN,NaN,NaN,NaN,NaN,NaN,NaN,NaN,NaN,NaN,NaN,NaN,NaN,NaN,NaN,NaN,NaN,NaN,NaN,NaN,NaN,NaN,NaN,NaN,NaN,NaN,NaN,NaN,NaN,NaN,NaN,NaN,NaN,NaN,NaN,NaN,NaN,NaN,NaN,NaN,NaN,NaN,NaN,NaN,NaN,NaN,NaN,NaN,NaN,NaN,NaN,NaN,NaN,NaN,NaN,NaN,NaN,NaN,NaN,NaN,NaN,NaN,NaN,NaN,NaN,NaN,NaN,NaN,NaN,NaN,NaN,NaN,NaN,-0.00223190896520308,-0.00234922172733952,NaN,NaN,NaN,NaN,NaN,NaN,NaN,NaN,NaN,NaN,NaN,NaN,NaN,NaN,NaN,NaN,NaN,NaN,NaN,NaN,NaN,NaN,NaN,NaN,NaN,NaN,NaN,NaN,NaN,NaN,NaN,NaN,NaN,-0.0255987402041075,-0.0252351364409786,NaN,-0.0231144076053575,-0.0232052873212549,-0.0232838228979757,-0.0233816972708179,-0.0234724693134832,-0.0214238557202802,NaN,NaN,NaN,NaN,NaN,NaN,NaN,NaN,NaN,NaN,NaN,NaN,NaN,NaN,NaN,NaN,NaN,NaN,NaN,NaN,NaN,NaN,NaN,NaN,NaN,NaN,NaN,NaN,NaN,NaN,NaN,NaN,NaN,NaN,NaN,NaN,NaN,NaN,NaN,NaN,NaN,NaN,NaN,NaN,NaN
NaN,NaN,NaN,NaN,NaN,NaN,NaN,NaN,NaN,NaN,NaN,NaN,NaN,NaN,NaN,NaN,NaN,NaN,NaN,NaN,NaN,NaN,NaN,NaN,NaN,NaN,NaN,NaN,NaN,NaN,NaN,NaN,NaN,NaN,NaN,NaN,NaN,NaN,NaN,NaN,NaN,NaN,NaN,NaN,NaN,NaN,NaN,NaN,NaN,NaN,NaN,NaN,NaN,NaN,NaN,NaN,NaN,NaN,NaN,NaN,NaN,NaN,NaN,NaN,NaN,NaN,NaN,NaN,NaN,NaN,NaN,NaN,NaN,NaN,NaN,NaN,NaN,NaN,NaN,NaN,NaN,NaN,NaN,NaN,NaN,NaN,NaN,NaN,NaN,NaN,NaN,NaN,NaN,NaN,NaN,NaN,NaN,NaN,NaN,NaN,NaN,NaN,NaN,NaN,NaN,NaN,NaN,NaN,NaN,NaN,NaN,NaN,NaN,NaN,NaN,NaN,NaN,NaN,NaN,NaN,NaN,NaN,NaN,NaN,NaN,NaN,NaN,NaN,NaN,NaN,NaN,NaN,NaN,NaN,NaN,NaN,NaN,NaN,NaN,NaN,NaN,NaN,NaN,NaN,NaN,NaN,NaN,NaN,NaN,NaN,NaN,NaN,NaN,NaN,NaN,NaN,NaN,-0.0026199536711057,NaN,NaN,NaN,NaN,NaN,NaN,NaN,NaN,NaN,NaN,NaN,NaN,NaN,NaN,NaN,NaN,NaN,NaN,NaN,NaN,NaN,NaN,NaN,NaN,NaN,NaN,NaN,NaN,NaN,NaN,NaN,NaN,-0.0253034781964546,-0.0252445975013944,-0.0249963234931424,NaN,-0.0231687181052955,-0.0231802484219313,-0.0233362594919421,-0.0234155718205486,-0.0234459688119494,-0.0234575248663165,-0.0185251498204901,NaN,NaN,NaN,NaN,NaN,NaN,NaN,NaN,NaN,NaN,NaN,NaN,NaN,NaN,NaN,NaN,NaN,NaN,NaN,NaN,NaN,NaN,NaN,NaN,NaN,NaN,NaN,NaN,NaN,NaN,NaN,NaN,NaN,NaN,NaN,NaN,NaN,NaN,NaN,NaN,NaN,NaN,NaN,NaN
NaN,NaN,NaN,NaN,NaN,NaN,NaN,NaN,NaN,NaN,NaN,NaN,NaN,NaN,NaN,NaN,NaN,NaN,NaN,NaN,NaN,NaN,NaN,NaN,NaN,NaN,NaN,NaN,NaN,NaN,NaN,NaN,NaN,NaN,NaN,NaN,NaN,NaN,NaN,NaN,NaN,NaN,NaN,NaN,NaN,NaN,NaN,NaN,NaN,NaN,NaN,NaN,NaN,NaN,NaN,NaN,NaN,NaN,NaN,NaN,NaN,NaN,NaN,NaN,NaN,NaN,NaN,NaN,NaN,NaN,NaN,NaN,NaN,NaN,NaN,NaN,NaN,NaN,NaN,NaN,NaN,NaN,NaN,NaN,NaN,NaN,NaN,NaN,NaN,NaN,NaN,NaN,NaN,NaN,NaN,NaN,NaN,NaN,NaN,NaN,NaN,NaN,NaN,NaN,NaN,NaN,NaN,NaN,NaN,NaN,NaN,NaN,NaN,NaN,NaN,NaN,NaN,NaN,NaN,NaN,NaN,NaN,NaN,NaN,NaN,NaN,NaN,NaN,NaN,NaN,NaN,NaN,NaN,NaN,NaN,NaN,NaN,NaN,NaN,NaN,NaN,NaN,NaN,NaN,NaN,NaN,NaN,NaN,NaN,NaN,NaN,NaN,NaN,NaN,NaN,NaN,NaN,0.00424807803527827,0.000193761354653044,NaN,NaN,NaN,NaN,NaN,NaN,NaN,NaN,NaN,NaN,NaN,NaN,NaN,NaN,NaN,NaN,NaN,NaN,NaN,NaN,NaN,NaN,NaN,NaN,NaN,NaN,NaN,NaN,NaN,NaN,NaN,-0.0253324905088569,-0.0251811028781349,-0.024993187859805,NaN,NaN,-0.0231884095322419,-0.0233707848291991,-0.0234148804787588,-0.0234748141875882,-0.0235181399612878,-0.0169945495440567,NaN,NaN,NaN,NaN,-0.0235140937967225,-0.0235292834325753,-0.0235595625710731,-0.0235863297912179,-0.0235912851612159,-0.0235874528153462,NaN,NaN,NaN,NaN,NaN,NaN,NaN,NaN,NaN,NaN,NaN,NaN,NaN,NaN,NaN,NaN,NaN,NaN,NaN,NaN,NaN,NaN,NaN,NaN,NaN,NaN,NaN,NaN,NaN,NaN,NaN,NaN,NaN,NaN
NaN,NaN,NaN,NaN,NaN,NaN,NaN,NaN,NaN,NaN,NaN,NaN,NaN,NaN,NaN,NaN,NaN,NaN,NaN,NaN,NaN,NaN,NaN,NaN,NaN,NaN,NaN,NaN,NaN,NaN,NaN,NaN,NaN,NaN,NaN,NaN,NaN,NaN,NaN,NaN,NaN,NaN,NaN,NaN,NaN,NaN,NaN,NaN,NaN,NaN,NaN,NaN,NaN,NaN,NaN,NaN,NaN,NaN,NaN,NaN,NaN,NaN,NaN,NaN,NaN,NaN,NaN,NaN,NaN,NaN,NaN,NaN,NaN,NaN,NaN,NaN,NaN,NaN,NaN,NaN,NaN,NaN,NaN,NaN,NaN,NaN,NaN,NaN,NaN,NaN,NaN,NaN,NaN,NaN,NaN,NaN,NaN,NaN,NaN,NaN,NaN,NaN,NaN,NaN,NaN,NaN,NaN,NaN,NaN,NaN,NaN,NaN,NaN,NaN,NaN,NaN,NaN,NaN,NaN,NaN,NaN,NaN,NaN,NaN,NaN,NaN,NaN,NaN,NaN,NaN,NaN,NaN,NaN,NaN,NaN,NaN,NaN,NaN,NaN,NaN,NaN,NaN,NaN,NaN,NaN,NaN,NaN,NaN,NaN,NaN,NaN,NaN,NaN,NaN,NaN,NaN,NaN,5.40312259822237e-05,-0.00567786051825964,NaN,NaN,NaN,NaN,NaN,NaN,NaN,NaN,NaN,NaN,NaN,NaN,NaN,NaN,NaN,NaN,NaN,NaN,NaN,NaN,NaN,NaN,NaN,NaN,NaN,NaN,NaN,NaN,NaN,NaN,-0.0251840435882515,-0.0253425063440183,-0.0256041324525735,NaN,NaN,NaN,-0.0232777893090053,-0.0233303833692224,-0.0234401003638413,-0.0235417995233255,-0.0236195159196727,NaN,NaN,NaN,NaN,-0.0235501215081906,-0.023536235544647,-0.0235593802987304,-0.0235955482768936,-0.0236172331362297,-0.0236210835308916,-0.0235966450974168,NaN,NaN,NaN,NaN,NaN,NaN,NaN,NaN,NaN,NaN,NaN,NaN,NaN,NaN,NaN,NaN,NaN,NaN,NaN,NaN,NaN,NaN,NaN,NaN,NaN,NaN,NaN,NaN,NaN,NaN,NaN,NaN,NaN,NaN
NaN,NaN,NaN,NaN,NaN,NaN,NaN,NaN,NaN,NaN,NaN,NaN,NaN,NaN,NaN,NaN,NaN,NaN,NaN,NaN,NaN,NaN,NaN,NaN,NaN,NaN,NaN,NaN,NaN,NaN,NaN,NaN,NaN,NaN,NaN,NaN,NaN,NaN,NaN,NaN,NaN,NaN,NaN,NaN,NaN,NaN,NaN,NaN,NaN,NaN,NaN,NaN,NaN,NaN,NaN,NaN,NaN,NaN,NaN,NaN,NaN,NaN,NaN,NaN,NaN,NaN,NaN,NaN,NaN,NaN,NaN,NaN,NaN,NaN,NaN,NaN,NaN,NaN,NaN,NaN,NaN,NaN,NaN,NaN,NaN,NaN,NaN,NaN,NaN,NaN,NaN,NaN,NaN,NaN,NaN,NaN,NaN,NaN,NaN,NaN,NaN,NaN,NaN,NaN,NaN,NaN,NaN,NaN,NaN,NaN,NaN,NaN,NaN,NaN,NaN,NaN,NaN,NaN,NaN,NaN,NaN,NaN,NaN,NaN,NaN,NaN,NaN,NaN,NaN,NaN,NaN,NaN,NaN,NaN,NaN,NaN,NaN,NaN,NaN,NaN,NaN,NaN,NaN,NaN,NaN,NaN,NaN,NaN,NaN,NaN,NaN,NaN,NaN,NaN,NaN,NaN,NaN,-0.00593467239959706,-0.00570486859819653,NaN,NaN,NaN,NaN,NaN,NaN,NaN,NaN,NaN,NaN,NaN,NaN,NaN,NaN,NaN,NaN,NaN,NaN,NaN,NaN,NaN,NaN,NaN,NaN,NaN,NaN,NaN,NaN,NaN,-0.0243290495326958,-0.0249116889238834,-0.0252167086250263,-0.0221901121138219,NaN,NaN,NaN,NaN,-0.0233652202588063,-0.0234245717150632,-0.023508009587611,-0.0236076483851676,-0.0236735541692065,-0.0236577064511006,-0.0236164982860999,-0.0235867861904763,-0.0235524648785702,-0.0235788988236337,-0.02359010055257,-0.0236370619029747,-0.0236583499842627,-0.0236674741252599,-0.0236682242647765,-0.0236520186208659,-0.023800698111737,NaN,NaN,NaN,NaN,NaN,NaN,NaN,NaN,NaN,NaN,NaN,NaN,NaN,NaN,NaN,NaN,NaN,NaN,NaN,NaN,NaN,NaN,NaN,NaN,NaN,NaN,NaN,NaN,NaN,NaN,NaN,NaN
NaN,NaN,NaN,NaN,NaN,NaN,NaN,NaN,NaN,NaN,NaN,NaN,NaN,NaN,NaN,NaN,NaN,NaN,NaN,NaN,NaN,NaN,NaN,NaN,NaN,NaN,NaN,NaN,NaN,NaN,NaN,NaN,NaN,NaN,NaN,NaN,NaN,NaN,NaN,NaN,NaN,NaN,NaN,NaN,NaN,NaN,NaN,NaN,NaN,NaN,NaN,NaN,NaN,NaN,NaN,NaN,NaN,NaN,NaN,NaN,NaN,NaN,NaN,NaN,NaN,NaN,NaN,NaN,NaN,NaN,NaN,NaN,NaN,NaN,NaN,NaN,NaN,NaN,NaN,NaN,NaN,NaN,NaN,NaN,NaN,NaN,NaN,NaN,NaN,NaN,NaN,NaN,NaN,NaN,NaN,NaN,NaN,NaN,NaN,NaN,NaN,NaN,NaN,NaN,NaN,NaN,NaN,NaN,NaN,NaN,NaN,NaN,NaN,NaN,NaN,NaN,NaN,NaN,NaN,NaN,NaN,NaN,NaN,NaN,NaN,NaN,NaN,NaN,NaN,NaN,NaN,NaN,NaN,NaN,NaN,NaN,NaN,NaN,NaN,NaN,NaN,NaN,NaN,NaN,NaN,NaN,NaN,NaN,NaN,NaN,NaN,NaN,NaN,NaN,NaN,NaN,NaN,-0.00572109214492566,-0.00572122451898754,NaN,NaN,NaN,NaN,NaN,NaN,NaN,NaN,NaN,NaN,NaN,NaN,NaN,NaN,NaN,NaN,NaN,NaN,NaN,NaN,NaN,NaN,NaN,NaN,NaN,NaN,NaN,NaN,-0.0242069720042768,-0.0243269202999968,-0.0243179413180424,-0.0254333531586413,-0.0156135915360951,NaN,NaN,NaN,NaN,NaN,-0.0232935436088136,-0.0234312618912898,-0.0235244048040871,-0.023582849920565,-0.0235977478854227,-0.0235815290422694,-0.023527532885891,-0.0235090663614059,-0.0235713561209876,-0.0235551244172901,-0.0235986746471605,-0.0236282957712308,-0.0236454441269873,-0.0236603706040659,-0.0236451564873686,-0.0236290553204768,NaN,NaN,NaN,NaN,NaN,NaN,NaN,NaN,NaN,NaN,NaN,NaN,NaN,NaN,NaN,NaN,NaN,NaN,NaN,NaN,NaN,NaN,NaN,NaN,NaN,NaN,NaN,NaN,NaN,NaN,NaN,NaN
NaN,NaN,NaN,NaN,NaN,NaN,NaN,NaN,NaN,NaN,NaN,NaN,NaN,NaN,NaN,NaN,NaN,NaN,NaN,NaN,NaN,NaN,NaN,NaN,NaN,NaN,NaN,NaN,NaN,NaN,NaN,NaN,NaN,NaN,NaN,NaN,NaN,NaN,NaN,NaN,NaN,NaN,NaN,NaN,NaN,NaN,NaN,NaN,NaN,NaN,NaN,NaN,NaN,NaN,NaN,NaN,NaN,NaN,NaN,NaN,NaN,NaN,NaN,NaN,NaN,NaN,NaN,NaN,NaN,NaN,NaN,NaN,NaN,NaN,NaN,NaN,NaN,NaN,NaN,NaN,NaN,NaN,NaN,NaN,NaN,NaN,NaN,NaN,NaN,NaN,NaN,NaN,NaN,NaN,NaN,NaN,NaN,NaN,NaN,NaN,NaN,NaN,NaN,NaN,NaN,NaN,NaN,NaN,NaN,NaN,NaN,NaN,NaN,NaN,NaN,NaN,NaN,NaN,NaN,NaN,NaN,NaN,NaN,NaN,NaN,NaN,NaN,NaN,NaN,NaN,NaN,NaN,NaN,NaN,NaN,NaN,NaN,NaN,NaN,NaN,NaN,NaN,NaN,NaN,NaN,NaN,NaN,NaN,NaN,NaN,NaN,NaN,NaN,NaN,NaN,NaN,NaN,NaN,NaN,NaN,NaN,NaN,NaN,NaN,NaN,NaN,NaN,NaN,NaN,NaN,NaN,NaN,NaN,NaN,NaN,NaN,NaN,NaN,NaN,NaN,NaN,NaN,NaN,NaN,NaN,NaN,NaN,-0.024363151119329,-0.0245082292507619,-0.0243549267644684,-0.0249219514491711,-0.0172777695002893,NaN,NaN,NaN,NaN,NaN,-0.0232315320057244,-0.0233573025351488,-0.023457327762768,-0.0235218655935641,-0.0235555184425312,-0.0235297202643033,-0.023521225311761,-0.0234670142236517,-0.0238322144472982,-0.0236742902480601,NaN,NaN,-0.0236474782654465,-0.0236507335953934,-0.023642312259092,-0.0236343055158244,-0.0237780755971634,NaN,NaN,NaN,NaN,NaN,NaN,NaN,NaN,NaN,NaN,NaN,NaN,NaN,NaN,NaN,NaN,NaN,NaN,NaN,NaN,NaN,NaN,NaN,NaN,NaN,NaN,NaN,NaN,NaN,NaN,NaN
NaN,NaN,NaN,NaN,NaN,NaN,NaN,NaN,NaN,NaN,NaN,NaN,NaN,NaN,NaN,NaN,NaN,NaN,NaN,NaN,NaN,NaN,NaN,NaN,NaN,NaN,NaN,NaN,NaN,NaN,NaN,NaN,NaN,NaN,NaN,NaN,NaN,NaN,NaN,NaN,NaN,NaN,NaN,NaN,NaN,NaN,NaN,NaN,NaN,NaN,NaN,NaN,NaN,NaN,NaN,NaN,NaN,NaN,NaN,NaN,NaN,NaN,NaN,NaN,NaN,NaN,NaN,NaN,NaN,NaN,NaN,NaN,NaN,NaN,NaN,NaN,NaN,NaN,NaN,NaN,NaN,NaN,NaN,NaN,NaN,NaN,NaN,NaN,NaN,NaN,NaN,NaN,NaN,NaN,NaN,NaN,NaN,NaN,NaN,NaN,NaN,NaN,NaN,NaN,NaN,NaN,NaN,NaN,NaN,NaN,NaN,NaN,NaN,NaN,NaN,NaN,NaN,NaN,NaN,NaN,NaN,NaN,NaN,NaN,NaN,NaN,NaN,NaN,NaN,NaN,NaN,NaN,NaN,NaN,NaN,NaN,NaN,NaN,NaN,NaN,NaN,NaN,NaN,NaN,NaN,NaN,NaN,NaN,NaN,NaN,NaN,NaN,NaN,NaN,NaN,NaN,NaN,NaN,NaN,NaN,NaN,NaN,NaN,NaN,NaN,NaN,NaN,NaN,NaN,NaN,NaN,NaN,NaN,NaN,NaN,NaN,NaN,NaN,NaN,NaN,NaN,NaN,NaN,NaN,NaN,NaN,NaN,-0.0245332034554218,-0.0248383692154505,NaN,NaN,NaN,NaN,NaN,NaN,NaN,NaN,NaN,NaN,NaN,NaN,NaN,-0.0234880232931296,-0.0214722979324455,-0.0237211571572537,NaN,NaN,NaN,NaN,-0.0236459776381444,-0.0236353998376467,-0.0236354298892999,-0.0236311450930331,-0.0236328503826475,NaN,NaN,NaN,NaN,NaN,NaN,NaN,NaN,NaN,NaN,NaN,NaN,NaN,NaN,NaN,NaN,NaN,NaN,NaN,NaN,NaN,NaN,NaN,NaN,NaN,NaN,NaN,NaN,NaN,NaN,NaN
NaN,NaN,NaN,NaN,NaN,NaN,NaN,NaN,NaN,NaN,NaN,NaN,NaN,NaN,NaN,NaN,NaN,NaN,NaN,NaN,NaN,NaN,NaN,NaN,NaN,NaN,NaN,NaN,NaN,NaN,NaN,NaN,NaN,NaN,NaN,NaN,NaN,NaN,NaN,NaN,NaN,NaN,NaN,NaN,NaN,NaN,NaN,NaN,NaN,NaN,NaN,NaN,NaN,NaN,NaN,NaN,NaN,NaN,NaN,NaN,NaN,NaN,NaN,NaN,NaN,NaN,NaN,NaN,NaN,NaN,NaN,NaN,NaN,NaN,NaN,NaN,NaN,NaN,NaN,NaN,NaN,NaN,NaN,NaN,NaN,NaN,NaN,NaN,NaN,NaN,NaN,NaN,NaN,NaN,NaN,NaN,NaN,NaN,NaN,NaN,NaN,NaN,NaN,NaN,NaN,NaN,NaN,NaN,NaN,NaN,NaN,NaN,NaN,NaN,NaN,NaN,NaN,NaN,NaN,NaN,NaN,NaN,NaN,NaN,NaN,NaN,NaN,NaN,NaN,NaN,NaN,NaN,NaN,NaN,NaN,NaN,NaN,NaN,NaN,NaN,NaN,NaN,NaN,NaN,NaN,NaN,NaN,NaN,NaN,NaN,NaN,NaN,NaN,NaN,NaN,NaN,NaN,NaN,NaN,NaN,NaN,NaN,NaN,NaN,NaN,NaN,NaN,NaN,NaN,NaN,NaN,NaN,NaN,NaN,NaN,NaN,NaN,NaN,NaN,NaN,NaN,NaN,NaN,NaN,NaN,NaN,NaN,-0.0246057952070332,-0.0248607708774267,-0.0248634919671666,NaN,NaN,NaN,NaN,NaN,NaN,NaN,NaN,NaN,NaN,NaN,NaN,NaN,NaN,NaN,NaN,NaN,NaN,NaN,NaN,-0.023639587771477,-0.0236341402851086,-0.0236286895861074,-0.0236186356689617,NaN,NaN,NaN,NaN,NaN,NaN,NaN,NaN,NaN,NaN,NaN,NaN,NaN,NaN,NaN,NaN,NaN,NaN,NaN,NaN,NaN,NaN,NaN,NaN,NaN,NaN,NaN,NaN,NaN,NaN,NaN
NaN,NaN,NaN,NaN,NaN,NaN,NaN,NaN,NaN,NaN,NaN,NaN,NaN,NaN,NaN,NaN,NaN,NaN,NaN,NaN,NaN,NaN,NaN,NaN,NaN,NaN,NaN,NaN,NaN,NaN,NaN,NaN,NaN,NaN,NaN,NaN,NaN,NaN,NaN,NaN,NaN,NaN,NaN,NaN,NaN,NaN,NaN,NaN,NaN,NaN,NaN,NaN,NaN,NaN,NaN,NaN,NaN,NaN,NaN,NaN,NaN,NaN,NaN,NaN,NaN,NaN,NaN,NaN,NaN,NaN,NaN,NaN,NaN,NaN,NaN,NaN,NaN,NaN,NaN,NaN,NaN,NaN,NaN,NaN,NaN,NaN,NaN,NaN,NaN,NaN,NaN,NaN,NaN,NaN,NaN,NaN,NaN,NaN,NaN,NaN,NaN,NaN,NaN,NaN,NaN,NaN,NaN,NaN,NaN,NaN,NaN,NaN,NaN,NaN,NaN,NaN,NaN,NaN,NaN,NaN,NaN,NaN,NaN,NaN,NaN,NaN,NaN,NaN,NaN,NaN,NaN,NaN,NaN,NaN,NaN,NaN,NaN,NaN,NaN,NaN,NaN,NaN,NaN,NaN,NaN,NaN,NaN,NaN,NaN,NaN,NaN,NaN,NaN,NaN,NaN,NaN,NaN,NaN,NaN,NaN,NaN,NaN,NaN,NaN,NaN,NaN,NaN,NaN,NaN,NaN,NaN,NaN,NaN,NaN,NaN,NaN,NaN,NaN,NaN,NaN,NaN,NaN,NaN,NaN,NaN,NaN,NaN,NaN,-0.025155417348091,-0.0255582302619975,NaN,NaN,NaN,NaN,NaN,NaN,NaN,NaN,NaN,NaN,NaN,NaN,NaN,NaN,NaN,NaN,NaN,NaN,NaN,NaN,-0.0236335553157194,-0.0236298655812299,-0.0236334571821659,-0.023629083608801,NaN,NaN,NaN,NaN,NaN,NaN,NaN,NaN,NaN,NaN,NaN,NaN,NaN,NaN,NaN,NaN,NaN,NaN,NaN,NaN,NaN,NaN,NaN,NaN,NaN,NaN,NaN,NaN,NaN,NaN,NaN
NaN,NaN,NaN,NaN,NaN,NaN,NaN,NaN,NaN,NaN,NaN,NaN,NaN,NaN,NaN,NaN,NaN,NaN,NaN,NaN,NaN,NaN,NaN,NaN,NaN,NaN,NaN,NaN,NaN,NaN,NaN,NaN,NaN,NaN,NaN,NaN,NaN,NaN,NaN,NaN,NaN,NaN,NaN,NaN,NaN,NaN,NaN,NaN,NaN,NaN,NaN,NaN,NaN,NaN,NaN,NaN,NaN,NaN,NaN,NaN,NaN,NaN,NaN,NaN,NaN,NaN,NaN,NaN,NaN,NaN,NaN,NaN,NaN,NaN,NaN,NaN,NaN,NaN,NaN,NaN,NaN,NaN,NaN,NaN,NaN,NaN,NaN,NaN,NaN,NaN,NaN,NaN,NaN,NaN,NaN,NaN,NaN,NaN,NaN,NaN,NaN,NaN,NaN,NaN,NaN,NaN,NaN,NaN,NaN,NaN,NaN,NaN,NaN,NaN,NaN,NaN,NaN,NaN,NaN,NaN,NaN,NaN,NaN,NaN,NaN,NaN,NaN,NaN,NaN,NaN,NaN,NaN,NaN,NaN,NaN,NaN,NaN,NaN,NaN,NaN,NaN,NaN,NaN,NaN,NaN,NaN,NaN,NaN,NaN,NaN,NaN,NaN,NaN,NaN,NaN,NaN,NaN,NaN,NaN,NaN,NaN,NaN,NaN,NaN,NaN,NaN,NaN,NaN,NaN,NaN,NaN,NaN,NaN,NaN,NaN,NaN,NaN,NaN,NaN,NaN,NaN,NaN,NaN,NaN,NaN,NaN,NaN,NaN,-0.0245078168227391,-0.0254098062893939,NaN,NaN,NaN,NaN,NaN,NaN,NaN,NaN,NaN,NaN,NaN,NaN,NaN,NaN,NaN,NaN,NaN,NaN,NaN,NaN,-0.0236223887838862,-0.0236248133366282,-0.0236322672196912,-0.0236333805312085,NaN,NaN,NaN,NaN,NaN,NaN,NaN,NaN,NaN,NaN,NaN,NaN,NaN,NaN,NaN,NaN,NaN,NaN,NaN,NaN,NaN,NaN,NaN,NaN,NaN,NaN,NaN,NaN,NaN,NaN,NaN
NaN,NaN,NaN,NaN,NaN,NaN,NaN,NaN,NaN,NaN,NaN,NaN,NaN,NaN,NaN,NaN,NaN,NaN,NaN,NaN,NaN,NaN,NaN,NaN,NaN,NaN,NaN,NaN,NaN,NaN,NaN,NaN,NaN,NaN,NaN,NaN,NaN,NaN,NaN,NaN,NaN,NaN,NaN,NaN,NaN,NaN,NaN,NaN,NaN,NaN,NaN,NaN,NaN,NaN,NaN,NaN,NaN,NaN,NaN,NaN,NaN,NaN,NaN,NaN,NaN,NaN,NaN,NaN,NaN,NaN,NaN,NaN,NaN,NaN,NaN,NaN,NaN,NaN,NaN,NaN,NaN,NaN,NaN,NaN,NaN,NaN,NaN,NaN,NaN,NaN,NaN,NaN,NaN,NaN,NaN,NaN,NaN,NaN,NaN,NaN,NaN,NaN,NaN,NaN,NaN,NaN,NaN,NaN,NaN,NaN,NaN,NaN,NaN,NaN,NaN,NaN,NaN,NaN,NaN,NaN,NaN,NaN,NaN,NaN,NaN,NaN,NaN,NaN,NaN,NaN,NaN,NaN,NaN,NaN,NaN,NaN,NaN,NaN,NaN,NaN,NaN,NaN,NaN,NaN,NaN,NaN,NaN,NaN,NaN,NaN,NaN,NaN,NaN,NaN,NaN,NaN,NaN,NaN,NaN,NaN,NaN,NaN,NaN,NaN,NaN,NaN,NaN,NaN,NaN,NaN,NaN,NaN,NaN,NaN,NaN,NaN,NaN,NaN,NaN,NaN,NaN,NaN,NaN,NaN,NaN,NaN,NaN,NaN,-0.024209440275388,-0.0239319044401054,NaN,NaN,NaN,NaN,NaN,NaN,NaN,NaN,NaN,NaN,NaN,NaN,NaN,NaN,NaN,NaN,NaN,NaN,NaN,NaN,-0.0237274845932413,-0.0236267313998462,-0.0236291298668739,-0.023627425310822,-0.0236394101330685,NaN,NaN,NaN,NaN,NaN,NaN,NaN,NaN,NaN,NaN,NaN,NaN,NaN,NaN,NaN,NaN,NaN,NaN,NaN,NaN,NaN,NaN,NaN,NaN,NaN,NaN,NaN,NaN,NaN,NaN
NaN,NaN,NaN,NaN,NaN,NaN,NaN,NaN,NaN,NaN,NaN,NaN,NaN,NaN,NaN,NaN,NaN,NaN,NaN,NaN,NaN,NaN,NaN,NaN,NaN,NaN,NaN,NaN,NaN,NaN,NaN,NaN,NaN,NaN,NaN,NaN,NaN,NaN,NaN,NaN,NaN,NaN,NaN,NaN,NaN,NaN,NaN,NaN,NaN,NaN,NaN,NaN,NaN,NaN,NaN,NaN,NaN,NaN,NaN,NaN,NaN,NaN,NaN,NaN,NaN,NaN,NaN,NaN,NaN,NaN,NaN,NaN,NaN,NaN,NaN,NaN,NaN,NaN,NaN,NaN,NaN,NaN,NaN,NaN,NaN,NaN,NaN,NaN,NaN,NaN,NaN,NaN,NaN,NaN,NaN,NaN,NaN,NaN,NaN,NaN,NaN,NaN,NaN,NaN,NaN,NaN,NaN,NaN,NaN,NaN,NaN,NaN,NaN,NaN,NaN,NaN,NaN,NaN,NaN,NaN,NaN,NaN,NaN,NaN,NaN,NaN,NaN,NaN,NaN,NaN,NaN,NaN,NaN,NaN,NaN,NaN,NaN,NaN,NaN,NaN,NaN,NaN,NaN,NaN,NaN,NaN,NaN,NaN,NaN,NaN,NaN,NaN,NaN,NaN,NaN,NaN,NaN,NaN,NaN,NaN,NaN,NaN,NaN,NaN,NaN,NaN,NaN,NaN,NaN,NaN,NaN,NaN,NaN,NaN,NaN,NaN,NaN,NaN,NaN,NaN,NaN,NaN,NaN,NaN,NaN,NaN,NaN,NaN,-0.024909917632775,NaN,NaN,NaN,NaN,NaN,NaN,NaN,NaN,NaN,NaN,NaN,NaN,NaN,NaN,NaN,NaN,NaN,NaN,NaN,NaN,NaN,NaN,-0.0237359199944171,-0.0236345773380125,-0.0236370981188062,-0.0236443872857501,NaN,NaN,NaN,NaN,NaN,NaN,NaN,NaN,NaN,NaN,NaN,NaN,NaN,NaN,NaN,NaN,NaN,NaN,NaN,NaN,NaN,NaN,NaN,NaN,NaN,NaN,NaN,NaN,NaN,NaN
NaN,NaN,NaN,NaN,NaN,NaN,NaN,NaN,NaN,NaN,NaN,NaN,NaN,NaN,NaN,NaN,NaN,NaN,NaN,NaN,NaN,NaN,NaN,NaN,NaN,NaN,NaN,NaN,NaN,NaN,NaN,NaN,NaN,NaN,NaN,NaN,NaN,NaN,NaN,NaN,NaN,NaN,NaN,NaN,NaN,NaN,NaN,NaN,NaN,NaN,NaN,NaN,NaN,NaN,NaN,NaN,NaN,NaN,NaN,NaN,NaN,NaN,NaN,NaN,NaN,NaN,NaN,NaN,NaN,NaN,NaN,NaN,NaN,NaN,NaN,NaN,NaN,NaN,NaN,NaN,NaN,NaN,NaN,NaN,NaN,NaN,NaN,NaN,NaN,NaN,NaN,NaN,NaN,NaN,NaN,NaN,NaN,NaN,NaN,NaN,NaN,NaN,NaN,NaN,NaN,NaN,NaN,NaN,NaN,NaN,NaN,NaN,NaN,NaN,NaN,NaN,NaN,NaN,NaN,NaN,NaN,NaN,NaN,NaN,NaN,NaN,NaN,NaN,NaN,NaN,NaN,NaN,NaN,NaN,NaN,NaN,NaN,NaN,NaN,NaN,NaN,NaN,NaN,NaN,NaN,NaN,NaN,NaN,NaN,NaN,NaN,NaN,NaN,NaN,NaN,NaN,NaN,NaN,NaN,NaN,NaN,NaN,NaN,NaN,NaN,NaN,NaN,NaN,NaN,NaN,NaN,NaN,NaN,NaN,NaN,NaN,NaN,NaN,NaN,NaN,NaN,NaN,NaN,NaN,NaN,NaN,NaN,NaN,-0.0252594235728056,-0.0268665184106727,NaN,NaN,NaN,NaN,-4.02795340788755e-20,-1.29860997219866e-19,NaN,NaN,NaN,NaN,NaN,NaN,NaN,NaN,NaN,NaN,NaN,NaN,NaN,NaN,NaN,NaN,-0.0237449865640175,-0.0236436472806149,-0.0236507181986378,NaN,NaN,NaN,NaN,NaN,NaN,NaN,NaN,NaN,NaN,NaN,NaN,NaN,NaN,NaN,NaN,NaN,NaN,NaN,NaN,NaN,NaN,NaN,NaN,NaN,NaN,NaN,NaN,NaN,NaN
NaN,NaN,NaN,NaN,NaN,NaN,NaN,NaN,NaN,NaN,NaN,NaN,NaN,NaN,NaN,NaN,NaN,NaN,NaN,NaN,NaN,NaN,NaN,NaN,NaN,NaN,NaN,NaN,NaN,NaN,NaN,NaN,NaN,NaN,NaN,NaN,NaN,NaN,NaN,NaN,NaN,NaN,NaN,NaN,NaN,NaN,NaN,NaN,NaN,NaN,NaN,NaN,NaN,NaN,NaN,NaN,NaN,NaN,NaN,NaN,NaN,NaN,NaN,NaN,NaN,NaN,NaN,NaN,NaN,NaN,NaN,NaN,NaN,NaN,NaN,NaN,NaN,NaN,NaN,NaN,NaN,NaN,NaN,NaN,NaN,NaN,NaN,NaN,NaN,NaN,NaN,NaN,NaN,NaN,NaN,NaN,NaN,NaN,NaN,NaN,NaN,NaN,NaN,NaN,NaN,NaN,NaN,NaN,NaN,NaN,NaN,NaN,NaN,NaN,NaN,NaN,NaN,NaN,NaN,NaN,NaN,NaN,NaN,NaN,NaN,NaN,NaN,NaN,NaN,NaN,NaN,NaN,NaN,NaN,NaN,NaN,NaN,NaN,NaN,NaN,NaN,NaN,NaN,NaN,NaN,NaN,NaN,NaN,NaN,NaN,NaN,NaN,NaN,NaN,NaN,NaN,NaN,NaN,NaN,NaN,NaN,NaN,NaN,NaN,NaN,NaN,NaN,NaN,NaN,NaN,NaN,NaN,NaN,NaN,NaN,NaN,NaN,NaN,NaN,NaN,NaN,NaN,NaN,NaN,NaN,NaN,NaN,NaN,-0.0254827470069877,-0.0253124870442437,NaN,NaN,NaN,NaN,-3.12432321215873e-20,-1.94663101889095e-19,NaN,NaN,NaN,NaN,NaN,NaN,NaN,NaN,NaN,NaN,NaN,NaN,NaN,NaN,NaN,NaN,NaN,NaN,NaN,NaN,NaN,NaN,NaN,NaN,NaN,NaN,NaN,NaN,NaN,NaN,NaN,NaN,NaN,NaN,NaN,NaN,NaN,NaN,NaN,NaN,NaN,NaN,NaN,NaN,NaN,NaN,NaN,NaN,NaN
NaN,NaN,NaN,NaN,NaN,NaN,NaN,NaN,NaN,NaN,NaN,NaN,NaN,NaN,NaN,NaN,NaN,NaN,NaN,NaN,NaN,NaN,NaN,NaN,NaN,NaN,NaN,NaN,NaN,NaN,NaN,NaN,NaN,NaN,NaN,NaN,NaN,NaN,NaN,NaN,NaN,NaN,NaN,NaN,NaN,NaN,NaN,NaN,NaN,NaN,NaN,NaN,NaN,NaN,NaN,NaN,NaN,NaN,NaN,NaN,NaN,NaN,NaN,NaN,NaN,NaN,NaN,NaN,NaN,NaN,NaN,NaN,NaN,NaN,NaN,NaN,NaN,NaN,NaN,NaN,NaN,NaN,NaN,NaN,NaN,NaN,NaN,NaN,NaN,NaN,NaN,NaN,NaN,NaN,NaN,NaN,NaN,NaN,NaN,NaN,NaN,NaN,NaN,NaN,NaN,NaN,NaN,NaN,NaN,NaN,NaN,NaN,NaN,NaN,NaN,NaN,NaN,NaN,NaN,NaN,NaN,NaN,NaN,NaN,NaN,NaN,NaN,NaN,NaN,NaN,NaN,NaN,NaN,NaN,NaN,NaN,NaN,NaN,NaN,NaN,NaN,NaN,NaN,NaN,NaN,NaN,NaN,NaN,NaN,NaN,NaN,NaN,NaN,NaN,NaN,NaN,NaN,NaN,NaN,NaN,NaN,NaN,NaN,NaN,NaN,NaN,NaN,NaN,NaN,NaN,NaN,NaN,NaN,NaN,NaN,NaN,NaN,NaN,NaN,NaN,NaN,NaN,NaN,NaN,NaN,NaN,-0.0261575356678034,-0.0262909193887323,-0.0256682407023184,-0.0270856507748323,NaN,NaN,NaN,NaN,NaN,NaN,NaN,NaN,NaN,NaN,NaN,NaN,NaN,NaN,NaN,NaN,NaN,NaN,NaN,NaN,NaN,NaN,NaN,NaN,NaN,NaN,NaN,NaN,NaN,NaN,NaN,NaN,NaN,NaN,NaN,NaN,NaN,NaN,NaN,NaN,NaN,NaN,NaN,NaN,NaN,NaN,NaN,NaN,NaN,NaN,NaN,NaN,NaN,NaN,NaN
NaN,NaN,NaN,NaN,NaN,NaN,NaN,NaN,NaN,NaN,NaN,NaN,NaN,NaN,NaN,NaN,NaN,NaN,NaN,NaN,NaN,NaN,NaN,NaN,NaN,NaN,NaN,NaN,NaN,NaN,NaN,NaN,NaN,NaN,NaN,NaN,NaN,NaN,NaN,NaN,NaN,NaN,NaN,NaN,NaN,NaN,NaN,NaN,NaN,NaN,NaN,NaN,NaN,NaN,NaN,NaN,NaN,NaN,NaN,NaN,NaN,NaN,NaN,NaN,NaN,NaN,NaN,NaN,NaN,NaN,NaN,NaN,NaN,NaN,NaN,NaN,NaN,NaN,NaN,NaN,NaN,NaN,NaN,NaN,NaN,NaN,NaN,NaN,NaN,NaN,NaN,NaN,NaN,NaN,NaN,NaN,NaN,NaN,NaN,NaN,NaN,NaN,NaN,NaN,NaN,NaN,NaN,NaN,NaN,NaN,NaN,NaN,NaN,NaN,NaN,NaN,NaN,NaN,NaN,NaN,NaN,NaN,NaN,NaN,NaN,NaN,NaN,NaN,NaN,NaN,NaN,NaN,NaN,NaN,NaN,NaN,NaN,NaN,NaN,NaN,NaN,NaN,NaN,NaN,NaN,NaN,NaN,NaN,NaN,NaN,NaN,NaN,NaN,NaN,NaN,NaN,NaN,NaN,NaN,NaN,NaN,NaN,NaN,NaN,NaN,NaN,NaN,NaN,NaN,NaN,NaN,NaN,NaN,NaN,NaN,NaN,NaN,NaN,NaN,NaN,NaN,NaN,NaN,NaN,NaN,NaN,-0.0262010085379137,-0.0262122661346856,NaN,NaN,NaN,NaN,NaN,NaN,NaN,NaN,NaN,NaN,NaN,NaN,NaN,NaN,NaN,NaN,NaN,NaN,NaN,NaN,NaN,NaN,NaN,NaN,NaN,NaN,NaN,NaN,NaN,NaN,NaN,NaN,NaN,NaN,NaN,NaN,NaN,NaN,NaN,NaN,NaN,NaN,NaN,NaN,NaN,NaN,NaN,NaN,NaN,NaN,NaN,NaN,NaN,NaN,NaN,NaN,NaN
NaN,NaN,NaN,NaN,NaN,NaN,NaN,NaN,NaN,NaN,NaN,NaN,NaN,NaN,NaN,NaN,NaN,NaN,NaN,NaN,NaN,NaN,NaN,NaN,NaN,NaN,NaN,NaN,NaN,NaN,NaN,NaN,NaN,NaN,NaN,NaN,NaN,NaN,NaN,NaN,NaN,NaN,NaN,NaN,NaN,NaN,NaN,NaN,NaN,NaN,NaN,NaN,NaN,NaN,NaN,NaN,NaN,NaN,NaN,NaN,NaN,NaN,NaN,NaN,NaN,NaN,NaN,NaN,NaN,NaN,NaN,NaN,NaN,NaN,NaN,NaN,NaN,NaN,NaN,NaN,NaN,NaN,NaN,NaN,NaN,NaN,NaN,NaN,NaN,NaN,NaN,NaN,NaN,NaN,NaN,NaN,NaN,NaN,NaN,NaN,NaN,NaN,NaN,NaN,NaN,NaN,NaN,NaN,NaN,NaN,NaN,NaN,NaN,NaN,NaN,NaN,NaN,NaN,NaN,NaN,NaN,NaN,NaN,NaN,NaN,NaN,NaN,NaN,NaN,NaN,NaN,NaN,NaN,NaN,NaN,NaN,NaN,NaN,NaN,NaN,NaN,NaN,NaN,NaN,NaN,NaN,NaN,NaN,NaN,NaN,NaN,NaN,NaN,NaN,NaN,NaN,NaN,NaN,NaN,NaN,NaN,NaN,NaN,NaN,NaN,NaN,NaN,NaN,NaN,NaN,NaN,NaN,NaN,NaN,NaN,NaN,NaN,NaN,NaN,NaN,NaN,NaN,NaN,NaN,NaN,NaN,-0.0262149155764565,-0.0262165557764642,NaN,NaN,NaN,NaN,NaN,NaN,NaN,NaN,NaN,NaN,NaN,NaN,NaN,NaN,NaN,NaN,NaN,NaN,NaN,NaN,NaN,NaN,NaN,NaN,NaN,NaN,NaN,NaN,NaN,NaN,NaN,NaN,NaN,NaN,NaN,NaN,NaN,NaN,NaN,NaN,NaN,NaN,NaN,NaN,NaN,NaN,NaN,NaN,NaN,NaN,NaN,NaN,NaN,NaN,NaN,NaN,NaN
NaN,NaN,NaN,NaN,NaN,NaN,NaN,NaN,NaN,NaN,NaN,NaN,NaN,NaN,NaN,NaN,NaN,NaN,NaN,NaN,NaN,NaN,NaN,NaN,NaN,NaN,NaN,NaN,NaN,NaN,NaN,NaN,NaN,NaN,NaN,NaN,NaN,NaN,NaN,NaN,NaN,NaN,NaN,NaN,NaN,NaN,NaN,NaN,NaN,NaN,NaN,NaN,NaN,NaN,NaN,NaN,NaN,NaN,NaN,NaN,NaN,NaN,NaN,NaN,NaN,NaN,NaN,NaN,NaN,NaN,NaN,NaN,NaN,NaN,NaN,NaN,NaN,NaN,NaN,NaN,NaN,NaN,NaN,NaN,NaN,NaN,NaN,NaN,NaN,NaN,NaN,NaN,NaN,NaN,NaN,NaN,NaN,NaN,NaN,NaN,NaN,NaN,NaN,NaN,NaN,NaN,NaN,NaN,NaN,NaN,NaN,NaN,NaN,NaN,NaN,NaN,NaN,NaN,NaN,NaN,NaN,NaN,NaN,NaN,NaN,NaN,NaN,NaN,NaN,NaN,NaN,NaN,NaN,NaN,NaN,NaN,NaN,NaN,NaN,NaN,NaN,NaN,NaN,NaN,NaN,NaN,NaN,NaN,NaN,NaN,NaN,NaN,NaN,NaN,NaN,NaN,NaN,NaN,NaN,NaN,NaN,NaN,NaN,NaN,NaN,NaN,NaN,NaN,NaN,NaN,NaN,NaN,NaN,NaN,NaN,NaN,NaN,NaN,NaN,NaN,NaN,NaN,NaN,NaN,NaN,NaN,-0.0264072152669842,NaN,NaN,NaN,NaN,NaN,NaN,NaN,NaN,NaN,NaN,NaN,NaN,NaN,NaN,NaN,NaN,NaN,NaN,NaN,NaN,NaN,NaN,NaN,NaN,NaN,NaN,NaN,NaN,NaN,NaN,NaN,NaN,NaN,NaN,NaN,NaN,NaN,NaN,NaN,NaN,NaN,NaN,NaN,NaN,NaN,NaN,NaN,NaN,NaN,NaN,NaN,NaN,NaN,NaN,NaN,NaN,NaN,NaN
NaN,NaN,NaN,NaN,NaN,NaN,NaN,NaN,NaN,NaN,NaN,NaN,NaN,NaN,NaN,NaN,NaN,NaN,NaN,NaN,NaN,NaN,NaN,NaN,NaN,NaN,NaN,NaN,NaN,NaN,NaN,NaN,NaN,NaN,NaN,NaN,NaN,NaN,NaN,NaN,NaN,NaN,NaN,NaN,NaN,NaN,NaN,NaN,NaN,NaN,NaN,NaN,NaN,NaN,NaN,NaN,NaN,NaN,NaN,NaN,NaN,NaN,NaN,NaN,NaN,NaN,NaN,NaN,NaN,NaN,NaN,NaN,NaN,NaN,NaN,NaN,NaN,NaN,NaN,NaN,NaN,NaN,NaN,NaN,NaN,NaN,NaN,NaN,NaN,NaN,NaN,NaN,NaN,NaN,NaN,NaN,NaN,NaN,NaN,NaN,NaN,NaN,NaN,NaN,NaN,NaN,NaN,NaN,NaN,NaN,NaN,NaN,NaN,NaN,NaN,NaN,NaN,NaN,NaN,NaN,NaN,NaN,NaN,NaN,NaN,NaN,NaN,NaN,NaN,NaN,NaN,NaN,NaN,NaN,NaN,NaN,NaN,NaN,NaN,NaN,NaN,NaN,NaN,NaN,NaN,NaN,NaN,NaN,NaN,NaN,NaN,NaN,NaN,NaN,NaN,NaN,NaN,NaN,NaN,NaN,NaN,NaN,NaN,NaN,NaN,NaN,NaN,NaN,NaN,NaN,NaN,NaN,NaN,NaN,NaN,NaN,NaN,NaN,NaN,NaN,NaN,NaN,NaN,NaN,NaN,-0.029858538281317,-0.0269879072719691,NaN,NaN,NaN,NaN,NaN,NaN,NaN,NaN,NaN,NaN,NaN,NaN,NaN,NaN,NaN,NaN,NaN,NaN,NaN,NaN,NaN,NaN,NaN,NaN,NaN,NaN,NaN,NaN,NaN,NaN,NaN,NaN,NaN,NaN,NaN,NaN,NaN,NaN,NaN,NaN,NaN,NaN,NaN,NaN,NaN,NaN,NaN,NaN,NaN,NaN,NaN,NaN,NaN,NaN,NaN,NaN,NaN,NaN
NaN,NaN,NaN,NaN,NaN,NaN,NaN,NaN,NaN,NaN,NaN,NaN,NaN,NaN,NaN,NaN,NaN,NaN,NaN,NaN,NaN,NaN,NaN,NaN,NaN,NaN,NaN,NaN,NaN,NaN,NaN,NaN,NaN,NaN,NaN,NaN,NaN,NaN,NaN,NaN,NaN,NaN,NaN,NaN,NaN,NaN,NaN,NaN,NaN,NaN,NaN,NaN,NaN,NaN,NaN,NaN,NaN,NaN,NaN,NaN,NaN,NaN,NaN,NaN,NaN,NaN,NaN,NaN,NaN,NaN,NaN,NaN,NaN,NaN,NaN,NaN,NaN,NaN,NaN,NaN,NaN,NaN,NaN,NaN,NaN,NaN,NaN,NaN,NaN,NaN,NaN,NaN,NaN,NaN,NaN,NaN,NaN,NaN,NaN,NaN,NaN,NaN,NaN,NaN,NaN,NaN,NaN,NaN,NaN,NaN,NaN,NaN,NaN,NaN,NaN,NaN,NaN,NaN,NaN,NaN,NaN,NaN,NaN,NaN,NaN,NaN,NaN,NaN,NaN,NaN,NaN,NaN,NaN,NaN,NaN,NaN,NaN,NaN,NaN,NaN,NaN,NaN,NaN,NaN,NaN,NaN,NaN,NaN,NaN,NaN,NaN,NaN,NaN,NaN,NaN,NaN,NaN,NaN,NaN,NaN,NaN,NaN,NaN,NaN,NaN,NaN,NaN,NaN,NaN,NaN,NaN,NaN,NaN,NaN,NaN,NaN,NaN,NaN,NaN,NaN,NaN,NaN,NaN,NaN,-0.0304118742307962,-0.0314059397281315,NaN,NaN,NaN,NaN,NaN,NaN,NaN,NaN,NaN,NaN,NaN,NaN,NaN,NaN,NaN,NaN,NaN,NaN,NaN,NaN,NaN,NaN,NaN,NaN,NaN,NaN,NaN,NaN,NaN,NaN,NaN,NaN,NaN,NaN,NaN,NaN,NaN,NaN,NaN,NaN,NaN,NaN,NaN,NaN,NaN,NaN,NaN,NaN,NaN,NaN,NaN,NaN,NaN,NaN,NaN,NaN,NaN,NaN,NaN
NaN,NaN,NaN,NaN,NaN,NaN,NaN,NaN,NaN,NaN,NaN,NaN,NaN,NaN,NaN,NaN,NaN,NaN,NaN,NaN,NaN,NaN,NaN,NaN,NaN,NaN,NaN,NaN,NaN,NaN,NaN,NaN,NaN,NaN,NaN,NaN,NaN,NaN,NaN,NaN,NaN,NaN,NaN,NaN,NaN,NaN,NaN,NaN,NaN,NaN,NaN,NaN,NaN,NaN,NaN,NaN,NaN,NaN,NaN,NaN,NaN,NaN,NaN,NaN,NaN,NaN,NaN,NaN,NaN,NaN,NaN,NaN,NaN,NaN,NaN,NaN,NaN,NaN,NaN,NaN,NaN,NaN,NaN,NaN,NaN,NaN,NaN,NaN,NaN,NaN,NaN,NaN,NaN,NaN,NaN,NaN,NaN,NaN,NaN,NaN,NaN,NaN,NaN,NaN,NaN,NaN,NaN,NaN,NaN,NaN,NaN,NaN,NaN,NaN,NaN,NaN,NaN,NaN,NaN,NaN,NaN,NaN,NaN,NaN,NaN,NaN,NaN,NaN,NaN,NaN,NaN,NaN,NaN,NaN,NaN,NaN,NaN,NaN,NaN,NaN,NaN,NaN,NaN,NaN,NaN,NaN,NaN,NaN,NaN,NaN,NaN,NaN,NaN,NaN,NaN,NaN,NaN,NaN,NaN,NaN,NaN,NaN,NaN,NaN,NaN,NaN,NaN,NaN,NaN,NaN,NaN,NaN,NaN,NaN,NaN,NaN,NaN,NaN,NaN,NaN,NaN,NaN,NaN,-0.0307346485988246,-0.0318843185715891,-0.0314673753995284,NaN,NaN,NaN,NaN,NaN,NaN,NaN,NaN,NaN,NaN,NaN,NaN,NaN,NaN,NaN,NaN,NaN,NaN,NaN,NaN,NaN,NaN,NaN,NaN,NaN,NaN,NaN,NaN,NaN,NaN,NaN,NaN,NaN,NaN,NaN,NaN,NaN,NaN,NaN,NaN,NaN,NaN,NaN,NaN,NaN,NaN,NaN,NaN,NaN,NaN,NaN,NaN,NaN,NaN,NaN,NaN,NaN,NaN,NaN
NaN,NaN,NaN,NaN,NaN,NaN,NaN,NaN,NaN,NaN,NaN,NaN,NaN,NaN,NaN,NaN,NaN,NaN,NaN,NaN,NaN,NaN,NaN,NaN,NaN,NaN,NaN,NaN,NaN,NaN,NaN,NaN,NaN,NaN,NaN,NaN,NaN,NaN,NaN,NaN,NaN,NaN,NaN,NaN,NaN,NaN,NaN,NaN,NaN,NaN,NaN,NaN,NaN,NaN,NaN,NaN,NaN,NaN,NaN,NaN,NaN,NaN,NaN,NaN,NaN,NaN,NaN,NaN,NaN,NaN,NaN,NaN,NaN,NaN,NaN,NaN,NaN,NaN,NaN,NaN,NaN,NaN,NaN,NaN,NaN,NaN,NaN,NaN,NaN,NaN,NaN,NaN,NaN,NaN,NaN,NaN,NaN,NaN,NaN,NaN,NaN,NaN,NaN,NaN,NaN,NaN,NaN,NaN,NaN,NaN,NaN,NaN,NaN,NaN,NaN,NaN,NaN,NaN,NaN,NaN,NaN,NaN,NaN,NaN,NaN,NaN,NaN,NaN,NaN,NaN,NaN,NaN,NaN,NaN,NaN,NaN,NaN,NaN,NaN,NaN,NaN,NaN,NaN,NaN,NaN,NaN,NaN,NaN,NaN,NaN,NaN,NaN,NaN,NaN,NaN,NaN,NaN,NaN,NaN,NaN,NaN,NaN,NaN,NaN,NaN,NaN,NaN,NaN,NaN,NaN,NaN,NaN,NaN,NaN,NaN,NaN,NaN,NaN,NaN,NaN,NaN,NaN,NaN,-0.0322074876633671,-0.032236550317313,NaN,NaN,NaN,NaN,NaN,NaN,NaN,NaN,NaN,NaN,NaN,NaN,NaN,NaN,NaN,NaN,NaN,NaN,NaN,NaN,NaN,NaN,NaN,NaN,NaN,NaN,NaN,NaN,NaN,NaN,NaN,NaN,NaN,NaN,NaN,NaN,NaN,NaN,NaN,NaN,NaN,NaN,NaN,NaN,NaN,NaN,NaN,NaN,NaN,NaN,NaN,NaN,NaN,NaN,NaN,NaN,NaN,NaN,NaN,NaN
NaN,NaN,NaN,NaN,NaN,NaN,NaN,NaN,NaN,NaN,NaN,NaN,NaN,NaN,NaN,NaN,NaN,NaN,NaN,NaN,NaN,NaN,NaN,NaN,NaN,NaN,NaN,NaN,NaN,NaN,NaN,NaN,NaN,NaN,NaN,NaN,NaN,NaN,NaN,NaN,NaN,NaN,NaN,NaN,NaN,NaN,NaN,NaN,NaN,NaN,NaN,NaN,NaN,NaN,NaN,NaN,NaN,NaN,NaN,NaN,NaN,NaN,NaN,NaN,NaN,NaN,NaN,NaN,NaN,NaN,NaN,NaN,NaN,NaN,NaN,NaN,NaN,NaN,NaN,NaN,NaN,NaN,NaN,NaN,NaN,NaN,NaN,NaN,NaN,NaN,NaN,NaN,NaN,NaN,NaN,NaN,NaN,NaN,NaN,NaN,NaN,NaN,NaN,NaN,NaN,NaN,NaN,NaN,NaN,NaN,NaN,NaN,NaN,NaN,NaN,NaN,NaN,NaN,NaN,NaN,NaN,NaN,NaN,NaN,NaN,NaN,NaN,NaN,NaN,NaN,NaN,NaN,NaN,NaN,NaN,NaN,NaN,NaN,NaN,NaN,NaN,NaN,NaN,NaN,NaN,NaN,NaN,NaN,NaN,NaN,NaN,NaN,NaN,NaN,NaN,NaN,NaN,NaN,NaN,NaN,NaN,NaN,NaN,NaN,NaN,NaN,NaN,NaN,NaN,NaN,NaN,NaN,NaN,NaN,NaN,NaN,NaN,NaN,NaN,NaN,NaN,NaN,NaN,-0.0321239257601895,-0.0323486622929655,NaN,NaN,NaN,NaN,NaN,NaN,NaN,NaN,NaN,NaN,NaN,NaN,NaN,NaN,NaN,NaN,NaN,NaN,NaN,NaN,NaN,NaN,NaN,NaN,NaN,NaN,NaN,NaN,NaN,NaN,NaN,NaN,NaN,NaN,NaN,NaN,NaN,NaN,NaN,NaN,NaN,NaN,NaN,NaN,NaN,NaN,NaN,NaN,NaN,NaN,NaN,NaN,NaN,NaN,NaN,NaN,NaN,NaN,NaN,NaN
NaN,NaN,NaN,NaN,NaN,NaN,NaN,NaN,NaN,NaN,NaN,NaN,NaN,NaN,NaN,NaN,NaN,NaN,NaN,NaN,NaN,NaN,NaN,NaN,NaN,NaN,NaN,NaN,NaN,NaN,NaN,NaN,NaN,NaN,NaN,NaN,NaN,NaN,NaN,NaN,NaN,NaN,NaN,NaN,NaN,NaN,NaN,NaN,NaN,NaN,NaN,NaN,NaN,NaN,NaN,NaN,NaN,NaN,NaN,NaN,NaN,NaN,NaN,NaN,NaN,NaN,NaN,NaN,NaN,NaN,NaN,NaN,NaN,NaN,NaN,NaN,NaN,NaN,NaN,NaN,NaN,NaN,NaN,NaN,NaN,NaN,NaN,NaN,NaN,NaN,NaN,NaN,NaN,NaN,NaN,NaN,NaN,NaN,NaN,NaN,NaN,NaN,NaN,NaN,NaN,NaN,NaN,NaN,NaN,NaN,NaN,NaN,NaN,NaN,NaN,NaN,NaN,NaN,NaN,NaN,NaN,NaN,NaN,NaN,NaN,NaN,NaN,NaN,NaN,NaN,NaN,NaN,NaN,NaN,NaN,NaN,NaN,NaN,NaN,NaN,NaN,NaN,NaN,NaN,NaN,NaN,NaN,NaN,NaN,NaN,NaN,NaN,NaN,NaN,NaN,NaN,NaN,NaN,NaN,NaN,NaN,NaN,NaN,NaN,NaN,NaN,NaN,NaN,NaN,NaN,NaN,NaN,NaN,NaN,NaN,NaN,NaN,NaN,NaN,NaN,NaN,NaN,NaN,-0.0284596391138868,-0.0323422448060793,NaN,NaN,NaN,NaN,NaN,NaN,NaN,NaN,NaN,NaN,NaN,NaN,NaN,NaN,NaN,NaN,NaN,NaN,NaN,NaN,NaN,NaN,NaN,NaN,NaN,NaN,NaN,NaN,NaN,NaN,NaN,NaN,NaN,NaN,NaN,NaN,NaN,NaN,NaN,NaN,NaN,NaN,NaN,NaN,NaN,NaN,NaN,NaN,NaN,NaN,NaN,NaN,NaN,NaN,NaN,NaN,NaN,NaN,NaN,NaN
NaN,NaN,NaN,NaN,NaN,NaN,NaN,NaN,NaN,NaN,NaN,NaN,NaN,NaN,NaN,NaN,NaN,NaN,NaN,NaN,NaN,NaN,NaN,NaN,NaN,NaN,NaN,NaN,NaN,NaN,NaN,NaN,NaN,NaN,NaN,NaN,NaN,NaN,NaN,NaN,NaN,NaN,NaN,NaN,NaN,NaN,NaN,NaN,NaN,NaN,NaN,NaN,NaN,NaN,NaN,NaN,NaN,NaN,NaN,NaN,NaN,NaN,NaN,NaN,NaN,NaN,NaN,NaN,NaN,NaN,NaN,NaN,NaN,NaN,NaN,NaN,NaN,NaN,NaN,NaN,NaN,NaN,NaN,NaN,NaN,NaN,NaN,NaN,NaN,NaN,NaN,NaN,NaN,NaN,NaN,NaN,NaN,NaN,NaN,NaN,NaN,NaN,NaN,NaN,NaN,NaN,NaN,NaN,NaN,NaN,NaN,NaN,NaN,NaN,NaN,NaN,NaN,NaN,NaN,NaN,NaN,NaN,NaN,NaN,NaN,NaN,NaN,NaN,NaN,NaN,NaN,NaN,NaN,NaN,NaN,NaN,NaN,NaN,NaN,NaN,NaN,NaN,NaN,NaN,NaN,NaN,NaN,NaN,NaN,NaN,NaN,NaN,NaN,NaN,NaN,NaN,NaN,NaN,NaN,NaN,NaN,NaN,NaN,NaN,NaN,NaN,NaN,NaN,NaN,NaN,NaN,NaN,NaN,NaN,NaN,NaN,NaN,NaN,NaN,NaN,NaN,NaN,-0.0290802478084375,-0.0289732436620632,-0.028649334406984,NaN,NaN,NaN,NaN,NaN,NaN,NaN,NaN,NaN,NaN,NaN,NaN,NaN,NaN,NaN,NaN,NaN,NaN,NaN,NaN,NaN,NaN,NaN,NaN,NaN,NaN,NaN,NaN,NaN,NaN,NaN,NaN,NaN,NaN,NaN,NaN,NaN,NaN,NaN,NaN,NaN,NaN,NaN,NaN,NaN,NaN,NaN,NaN,NaN,NaN,NaN,NaN,NaN,NaN,NaN,NaN,NaN,NaN,NaN,NaN
NaN,NaN,NaN,NaN,NaN,NaN,NaN,NaN,NaN,NaN,NaN,NaN,NaN,NaN,NaN,NaN,NaN,NaN,NaN,NaN,NaN,NaN,NaN,NaN,NaN,NaN,NaN,NaN,NaN,NaN,NaN,NaN,NaN,NaN,NaN,NaN,NaN,NaN,NaN,NaN,NaN,NaN,NaN,NaN,NaN,NaN,NaN,NaN,NaN,NaN,NaN,NaN,NaN,NaN,NaN,NaN,NaN,NaN,NaN,NaN,NaN,NaN,NaN,NaN,NaN,NaN,NaN,NaN,NaN,NaN,NaN,NaN,NaN,NaN,NaN,NaN,NaN,NaN,NaN,NaN,NaN,NaN,NaN,NaN,NaN,NaN,NaN,NaN,NaN,NaN,NaN,NaN,NaN,NaN,NaN,NaN,NaN,NaN,NaN,NaN,NaN,NaN,NaN,NaN,NaN,NaN,NaN,NaN,NaN,NaN,NaN,NaN,NaN,NaN,NaN,NaN,NaN,NaN,NaN,NaN,NaN,NaN,NaN,NaN,NaN,NaN,NaN,NaN,NaN,NaN,NaN,NaN,NaN,NaN,NaN,NaN,NaN,NaN,NaN,NaN,NaN,NaN,NaN,NaN,NaN,NaN,NaN,NaN,NaN,NaN,NaN,NaN,NaN,NaN,NaN,NaN,NaN,NaN,NaN,NaN,NaN,NaN,NaN,NaN,NaN,NaN,NaN,NaN,NaN,NaN,NaN,NaN,NaN,NaN,NaN,NaN,NaN,NaN,NaN,NaN,NaN,NaN,-0.0291065201185688,-0.0290855446483203,NaN,NaN,NaN,NaN,NaN,NaN,NaN,NaN,NaN,NaN,NaN,NaN,NaN,NaN,NaN,NaN,NaN,NaN,NaN,NaN,NaN,NaN,NaN,NaN,NaN,NaN,NaN,NaN,NaN,NaN,NaN,NaN,NaN,NaN,NaN,NaN,NaN,NaN,NaN,NaN,NaN,NaN,NaN,NaN,NaN,NaN,NaN,NaN,NaN,NaN,NaN,NaN,NaN,NaN,NaN,NaN,NaN,NaN,NaN,NaN,NaN
NaN,NaN,NaN,NaN,NaN,NaN,NaN,NaN,NaN,NaN,NaN,NaN,NaN,NaN,NaN,NaN,NaN,NaN,NaN,NaN,NaN,NaN,NaN,NaN,NaN,NaN,NaN,NaN,NaN,NaN,NaN,NaN,NaN,NaN,NaN,NaN,NaN,NaN,NaN,NaN,NaN,NaN,NaN,NaN,NaN,NaN,NaN,NaN,NaN,NaN,NaN,NaN,NaN,NaN,NaN,NaN,NaN,NaN,NaN,NaN,NaN,NaN,NaN,NaN,NaN,NaN,NaN,NaN,NaN,NaN,NaN,NaN,NaN,NaN,NaN,NaN,NaN,NaN,NaN,NaN,NaN,NaN,NaN,NaN,NaN,NaN,NaN,NaN,NaN,NaN,NaN,NaN,NaN,NaN,NaN,NaN,NaN,NaN,NaN,NaN,NaN,NaN,NaN,NaN,NaN,NaN,NaN,NaN,NaN,NaN,NaN,NaN,NaN,NaN,NaN,NaN,NaN,NaN,NaN,NaN,NaN,NaN,NaN,NaN,NaN,NaN,NaN,NaN,NaN,NaN,NaN,NaN,NaN,NaN,NaN,NaN,NaN,NaN,NaN,NaN,NaN,NaN,NaN,NaN,NaN,NaN,NaN,NaN,NaN,NaN,NaN,NaN,NaN,NaN,NaN,NaN,NaN,NaN,NaN,NaN,NaN,NaN,NaN,NaN,NaN,NaN,NaN,NaN,NaN,NaN,NaN,NaN,NaN,NaN,NaN,NaN,NaN,NaN,NaN,NaN,NaN,NaN,-0.0290923662643846,-0.0291050990270216,NaN,NaN,NaN,NaN,NaN,NaN,NaN,NaN,NaN,NaN,NaN,NaN,NaN,NaN,NaN,NaN,NaN,NaN,NaN,NaN,NaN,NaN,NaN,NaN,NaN,NaN,NaN,NaN,NaN,NaN,NaN,NaN,NaN,NaN,NaN,NaN,NaN,NaN,NaN,NaN,NaN,NaN,NaN,NaN,NaN,NaN,NaN,NaN,NaN,NaN,NaN,NaN,NaN,NaN,NaN,NaN,NaN,NaN,NaN,NaN,NaN
NaN,NaN,NaN,NaN,NaN,NaN,NaN,NaN,NaN,NaN,NaN,NaN,NaN,NaN,NaN,NaN,NaN,NaN,NaN,NaN,NaN,NaN,NaN,NaN,NaN,NaN,NaN,NaN,NaN,NaN,NaN,NaN,NaN,NaN,NaN,NaN,NaN,NaN,NaN,NaN,NaN,NaN,NaN,NaN,NaN,NaN,NaN,NaN,NaN,NaN,NaN,NaN,NaN,NaN,NaN,NaN,NaN,NaN,NaN,NaN,NaN,NaN,NaN,NaN,NaN,NaN,NaN,NaN,NaN,NaN,NaN,NaN,NaN,NaN,NaN,NaN,NaN,NaN,NaN,NaN,NaN,NaN,NaN,NaN,NaN,NaN,NaN,NaN,NaN,NaN,NaN,NaN,NaN,NaN,NaN,NaN,NaN,NaN,NaN,NaN,NaN,NaN,NaN,NaN,NaN,NaN,NaN,NaN,NaN,NaN,NaN,NaN,NaN,NaN,NaN,NaN,NaN,NaN,NaN,NaN,NaN,NaN,NaN,NaN,NaN,NaN,NaN,NaN,NaN,NaN,NaN,NaN,NaN,NaN,NaN,NaN,NaN,NaN,NaN,NaN,NaN,NaN,NaN,NaN,NaN,NaN,NaN,NaN,NaN,NaN,NaN,NaN,NaN,NaN,NaN,NaN,NaN,NaN,NaN,NaN,NaN,NaN,NaN,NaN,NaN,NaN,NaN,NaN,NaN,NaN,NaN,NaN,NaN,NaN,NaN,NaN,NaN,NaN,NaN,NaN,NaN,NaN,NaN,NaN,NaN,NaN,NaN,NaN,NaN,NaN,NaN,NaN,NaN,NaN,NaN,NaN,NaN,NaN,NaN,NaN,NaN,NaN,NaN,NaN,NaN,NaN,NaN,NaN,NaN,NaN,NaN,NaN,NaN,NaN,NaN,NaN,NaN,NaN,NaN,NaN,NaN,NaN,NaN,NaN,NaN,NaN,NaN,NaN,NaN,NaN,NaN,NaN,NaN,NaN,NaN,NaN,NaN,NaN,NaN,NaN,NaN,NaN,NaN,NaN,NaN
NaN,NaN,NaN,NaN,NaN,NaN,NaN,NaN,NaN,NaN,NaN,NaN,NaN,NaN,NaN,NaN,NaN,NaN,NaN,NaN,NaN,NaN,NaN,NaN,NaN,NaN,NaN,NaN,NaN,NaN,NaN,NaN,NaN,NaN,NaN,NaN,NaN,NaN,NaN,NaN,NaN,NaN,NaN,NaN,NaN,NaN,NaN,NaN,NaN,NaN,NaN,NaN,NaN,NaN,NaN,NaN,NaN,NaN,NaN,NaN,NaN,NaN,NaN,NaN,NaN,NaN,NaN,NaN,NaN,NaN,NaN,NaN,NaN,NaN,NaN,NaN,NaN,NaN,NaN,NaN,NaN,NaN,NaN,NaN,NaN,NaN,NaN,NaN,NaN,NaN,NaN,NaN,NaN,NaN,NaN,NaN,NaN,NaN,NaN,NaN,NaN,NaN,NaN,NaN,NaN,NaN,NaN,NaN,NaN,NaN,NaN,NaN,NaN,NaN,NaN,NaN,NaN,NaN,NaN,NaN,NaN,NaN,NaN,NaN,NaN,NaN,NaN,NaN,NaN,NaN,NaN,NaN,NaN,NaN,NaN,NaN,NaN,NaN,NaN,NaN,NaN,NaN,NaN,NaN,NaN,NaN,NaN,NaN,NaN,NaN,NaN,NaN,NaN,NaN,NaN,NaN,NaN,NaN,NaN,NaN,NaN,NaN,NaN,NaN,NaN,NaN,NaN,NaN,NaN,NaN,NaN,NaN,NaN,NaN,NaN,NaN,NaN,NaN,NaN,NaN,NaN,NaN,NaN,NaN,NaN,NaN,NaN,NaN,NaN,NaN,NaN,NaN,NaN,NaN,NaN,NaN,NaN,NaN,NaN,NaN,NaN,NaN,NaN,NaN,NaN,NaN,NaN,NaN,NaN,NaN,NaN,NaN,NaN,NaN,NaN,NaN,NaN,NaN,NaN,NaN,NaN,NaN,NaN,NaN,NaN,NaN,NaN,NaN,NaN,NaN,NaN,NaN,NaN,NaN,NaN,NaN,NaN,NaN,NaN,NaN,NaN,NaN,NaN,NaN,NaN
NaN,NaN,NaN,NaN,NaN,NaN,NaN,NaN,NaN,NaN,NaN,NaN,NaN,NaN,NaN,NaN,NaN,NaN,NaN,NaN,NaN,NaN,NaN,NaN,NaN,NaN,NaN,NaN,NaN,NaN,NaN,NaN,NaN,NaN,NaN,NaN,NaN,NaN,NaN,NaN,NaN,NaN,NaN,NaN,NaN,NaN,NaN,NaN,NaN,NaN,NaN,NaN,NaN,NaN,NaN,NaN,NaN,NaN,NaN,NaN,NaN,NaN,NaN,NaN,NaN,NaN,NaN,NaN,NaN,NaN,NaN,NaN,NaN,NaN,NaN,NaN,NaN,NaN,NaN,NaN,NaN,NaN,NaN,NaN,NaN,NaN,NaN,NaN,NaN,NaN,NaN,NaN,NaN,NaN,NaN,NaN,NaN,NaN,NaN,NaN,NaN,NaN,NaN,NaN,NaN,NaN,NaN,NaN,NaN,NaN,NaN,NaN,NaN,NaN,NaN,NaN,NaN,NaN,NaN,NaN,NaN,NaN,NaN,NaN,NaN,NaN,NaN,NaN,NaN,NaN,NaN,NaN,NaN,NaN,NaN,NaN,NaN,NaN,NaN,NaN,NaN,NaN,NaN,NaN,NaN,NaN,NaN,NaN,NaN,NaN,NaN,NaN,NaN,NaN,NaN,NaN,NaN,NaN,NaN,NaN,NaN,NaN,NaN,NaN,NaN,NaN,NaN,NaN,NaN,NaN,NaN,NaN,NaN,NaN,NaN,NaN,NaN,NaN,NaN,NaN,NaN,NaN,NaN,NaN,NaN,NaN,NaN,NaN,NaN,NaN,NaN,NaN,NaN,NaN,NaN,NaN,NaN,NaN,NaN,NaN,NaN,NaN,NaN,NaN,NaN,NaN,NaN,NaN,NaN,NaN,NaN,NaN,NaN,NaN,NaN,NaN,NaN,NaN,NaN,NaN,NaN,NaN,NaN,NaN,NaN,NaN,NaN,NaN,NaN,NaN,NaN,NaN,NaN,NaN,NaN,NaN,NaN,NaN,NaN,NaN,NaN,NaN,NaN,NaN,NaN
NaN,NaN,NaN,NaN,NaN,NaN,NaN,NaN,NaN,NaN,NaN,NaN,NaN,NaN,NaN,NaN,NaN,NaN,NaN,NaN,NaN,NaN,NaN,NaN,NaN,NaN,NaN,NaN,NaN,NaN,NaN,NaN,NaN,NaN,NaN,NaN,NaN,NaN,NaN,NaN,NaN,NaN,NaN,NaN,NaN,NaN,NaN,NaN,NaN,NaN,NaN,NaN,NaN,NaN,NaN,NaN,NaN,NaN,NaN,NaN,NaN,NaN,NaN,NaN,NaN,NaN,NaN,NaN,NaN,NaN,NaN,NaN,NaN,NaN,NaN,NaN,NaN,NaN,NaN,NaN,NaN,NaN,NaN,NaN,NaN,NaN,NaN,NaN,NaN,NaN,NaN,NaN,NaN,NaN,NaN,NaN,NaN,NaN,NaN,NaN,NaN,NaN,NaN,NaN,NaN,NaN,NaN,NaN,NaN,NaN,NaN,NaN,NaN,NaN,NaN,NaN,NaN,NaN,NaN,NaN,NaN,NaN,NaN,NaN,NaN,NaN,NaN,NaN,NaN,NaN,NaN,NaN,NaN,NaN,NaN,NaN,NaN,NaN,NaN,NaN,NaN,NaN,NaN,NaN,NaN,NaN,NaN,NaN,NaN,NaN,NaN,NaN,NaN,NaN,NaN,NaN,NaN,NaN,NaN,NaN,NaN,NaN,NaN,NaN,NaN,NaN,NaN,NaN,NaN,NaN,NaN,NaN,NaN,NaN,NaN,NaN,NaN,NaN,NaN,NaN,NaN,NaN,NaN,NaN,NaN,NaN,NaN,NaN,NaN,NaN,NaN,NaN,NaN,NaN,NaN,NaN,NaN,NaN,NaN,NaN,NaN,NaN,NaN,NaN,NaN,NaN,NaN,NaN,NaN,NaN,NaN,NaN,NaN,NaN,NaN,NaN,NaN,NaN,NaN,NaN,NaN,NaN,NaN,NaN,NaN,NaN,NaN,NaN,NaN,NaN,NaN,NaN,NaN,NaN,NaN,NaN,NaN,NaN,NaN,NaN,NaN,NaN,NaN,NaN,NaN
NaN,NaN,NaN,NaN,NaN,NaN,NaN,NaN,NaN,NaN,NaN,NaN,NaN,NaN,NaN,NaN,NaN,NaN,NaN,NaN,NaN,NaN,NaN,NaN,NaN,NaN,NaN,NaN,NaN,NaN,NaN,NaN,NaN,NaN,NaN,NaN,NaN,NaN,NaN,NaN,NaN,NaN,NaN,NaN,NaN,NaN,NaN,NaN,NaN,NaN,NaN,NaN,NaN,NaN,NaN,NaN,NaN,NaN,NaN,NaN,NaN,NaN,NaN,NaN,NaN,NaN,NaN,NaN,NaN,NaN,NaN,NaN,NaN,NaN,NaN,NaN,NaN,NaN,NaN,NaN,NaN,NaN,NaN,NaN,NaN,NaN,NaN,NaN,NaN,NaN,NaN,NaN,NaN,NaN,NaN,NaN,NaN,NaN,NaN,NaN,NaN,NaN,NaN,NaN,NaN,NaN,NaN,NaN,NaN,NaN,NaN,NaN,NaN,NaN,NaN,NaN,NaN,NaN,NaN,NaN,NaN,NaN,NaN,NaN,NaN,NaN,NaN,NaN,NaN,NaN,NaN,NaN,NaN,NaN,NaN,NaN,NaN,NaN,NaN,NaN,NaN,NaN,NaN,NaN,NaN,NaN,NaN,NaN,NaN,NaN,NaN,NaN,NaN,NaN,NaN,NaN,NaN,NaN,NaN,NaN,NaN,NaN,NaN,NaN,NaN,NaN,NaN,NaN,NaN,NaN,NaN,NaN,NaN,NaN,NaN,NaN,NaN,NaN,NaN,NaN,NaN,NaN,NaN,NaN,NaN,NaN,NaN,NaN,NaN,NaN,NaN,NaN,NaN,NaN,NaN,NaN,NaN,NaN,NaN,NaN,NaN,NaN,NaN,NaN,NaN,NaN,NaN,NaN,NaN,NaN,NaN,NaN,NaN,NaN,NaN,NaN,NaN,NaN,NaN,NaN,NaN,NaN,NaN,NaN,NaN,NaN,NaN,NaN,NaN,NaN,NaN,NaN,NaN,NaN,NaN,NaN,NaN,NaN,NaN,NaN,NaN,NaN,NaN,NaN,NaN
NaN,NaN,NaN,NaN,NaN,NaN,NaN,NaN,NaN,NaN,NaN,NaN,NaN,NaN,NaN,NaN,NaN,NaN,NaN,NaN,NaN,NaN,NaN,NaN,NaN,NaN,NaN,NaN,NaN,NaN,NaN,NaN,NaN,NaN,NaN,NaN,NaN,NaN,NaN,NaN,NaN,NaN,NaN,NaN,NaN,NaN,NaN,NaN,NaN,NaN,NaN,NaN,NaN,NaN,NaN,NaN,NaN,NaN,NaN,NaN,NaN,NaN,NaN,NaN,NaN,NaN,NaN,NaN,NaN,NaN,NaN,NaN,NaN,NaN,NaN,NaN,NaN,NaN,NaN,NaN,NaN,NaN,NaN,NaN,NaN,NaN,NaN,NaN,NaN,NaN,NaN,NaN,NaN,NaN,NaN,NaN,NaN,NaN,NaN,NaN,NaN,NaN,NaN,NaN,NaN,NaN,NaN,NaN,NaN,NaN,NaN,NaN,NaN,NaN,NaN,NaN,NaN,NaN,NaN,NaN,NaN,NaN,NaN,NaN,NaN,NaN,NaN,NaN,NaN,NaN,NaN,NaN,NaN,NaN,NaN,NaN,NaN,NaN,NaN,NaN,NaN,NaN,NaN,NaN,NaN,NaN,NaN,NaN,NaN,NaN,NaN,NaN,NaN,NaN,NaN,NaN,NaN,NaN,NaN,NaN,NaN,NaN,NaN,NaN,NaN,NaN,NaN,NaN,NaN,NaN,NaN,NaN,NaN,NaN,NaN,NaN,NaN,NaN,NaN,NaN,NaN,NaN,NaN,NaN,NaN,NaN,NaN,NaN,NaN,NaN,NaN,NaN,NaN,NaN,NaN,NaN,NaN,NaN,NaN,NaN,NaN,NaN,NaN,NaN,NaN,NaN,NaN,NaN,NaN,NaN,NaN,NaN,NaN,NaN,NaN,NaN,NaN,NaN,NaN,NaN,NaN,NaN,NaN,NaN,NaN,NaN,NaN,NaN,NaN,NaN,NaN,NaN,NaN,NaN,NaN,NaN,NaN,NaN,NaN,NaN,NaN,NaN,NaN,NaN,NaN
NaN,NaN,NaN,NaN,NaN,NaN,NaN,NaN,NaN,NaN,NaN,NaN,NaN,NaN,NaN,NaN,NaN,NaN,NaN,NaN,NaN,NaN,NaN,NaN,NaN,NaN,NaN,NaN,NaN,NaN,NaN,NaN,NaN,NaN,NaN,NaN,NaN,NaN,NaN,NaN,NaN,NaN,NaN,NaN,NaN,NaN,NaN,NaN,NaN,NaN,NaN,NaN,NaN,NaN,NaN,NaN,NaN,NaN,NaN,NaN,NaN,NaN,NaN,NaN,NaN,NaN,NaN,NaN,NaN,NaN,NaN,NaN,NaN,NaN,NaN,NaN,NaN,NaN,NaN,NaN,NaN,NaN,NaN,NaN,NaN,NaN,NaN,NaN,NaN,NaN,NaN,NaN,NaN,NaN,NaN,NaN,NaN,NaN,NaN,NaN,NaN,NaN,NaN,NaN,NaN,NaN,NaN,NaN,NaN,NaN,NaN,NaN,NaN,NaN,NaN,NaN,NaN,NaN,NaN,NaN,NaN,NaN,NaN,NaN,NaN,NaN,NaN,NaN,NaN,NaN,NaN,NaN,NaN,NaN,NaN,NaN,NaN,NaN,NaN,NaN,NaN,NaN,NaN,NaN,NaN,NaN,NaN,NaN,NaN,NaN,NaN,NaN,NaN,NaN,NaN,NaN,NaN,NaN,NaN,NaN,NaN,NaN,NaN,NaN,NaN,NaN,NaN,NaN,NaN,NaN,NaN,NaN,NaN,NaN,NaN,NaN,NaN,NaN,NaN,NaN,NaN,NaN,NaN,NaN,NaN,NaN,NaN,NaN,NaN,NaN,NaN,NaN,NaN,NaN,NaN,NaN,NaN,NaN,NaN,NaN,NaN,NaN,NaN,NaN,NaN,NaN,NaN,NaN,NaN,NaN,NaN,NaN,NaN,NaN,NaN,NaN,NaN,NaN,NaN,NaN,NaN,NaN,NaN,NaN,NaN,NaN,NaN,NaN,NaN,NaN,NaN,NaN,NaN,NaN,NaN,NaN,NaN,NaN,NaN,NaN,NaN,NaN,NaN,NaN,NaN
NaN,NaN,NaN,NaN,NaN,NaN,NaN,NaN,NaN,NaN,NaN,NaN,NaN,NaN,NaN,NaN,NaN,NaN,NaN,NaN,NaN,NaN,NaN,NaN,NaN,NaN,NaN,NaN,NaN,NaN,NaN,NaN,NaN,NaN,NaN,NaN,NaN,NaN,NaN,NaN,NaN,NaN,NaN,NaN,NaN,NaN,NaN,NaN,NaN,NaN,NaN,NaN,NaN,NaN,NaN,NaN,NaN,NaN,NaN,NaN,NaN,NaN,NaN,NaN,NaN,NaN,NaN,NaN,NaN,NaN,NaN,NaN,NaN,NaN,NaN,NaN,NaN,NaN,NaN,NaN,NaN,NaN,NaN,NaN,NaN,NaN,NaN,NaN,NaN,NaN,NaN,NaN,NaN,NaN,NaN,NaN,NaN,NaN,NaN,NaN,NaN,NaN,NaN,NaN,NaN,NaN,NaN,NaN,NaN,NaN,NaN,NaN,NaN,NaN,NaN,NaN,NaN,NaN,NaN,NaN,NaN,NaN,NaN,NaN,NaN,NaN,NaN,NaN,NaN,NaN,NaN,NaN,NaN,NaN,NaN,NaN,NaN,NaN,NaN,NaN,NaN,NaN,NaN,NaN,NaN,NaN,NaN,NaN,NaN,NaN,NaN,NaN,NaN,NaN,NaN,NaN,NaN,NaN,NaN,NaN,NaN,NaN,NaN,NaN,NaN,NaN,NaN,NaN,NaN,NaN,NaN,NaN,NaN,NaN,NaN,NaN,NaN,NaN,NaN,NaN,NaN,NaN,NaN,NaN,NaN,NaN,NaN,NaN,NaN,NaN,NaN,NaN,NaN,NaN,NaN,NaN,NaN,NaN,NaN,NaN,NaN,NaN,NaN,NaN,NaN,NaN,NaN,NaN,NaN,NaN,NaN,NaN,NaN,NaN,NaN,NaN,NaN,NaN,NaN,NaN,NaN,NaN,NaN,NaN,NaN,NaN,NaN,NaN,NaN,NaN,NaN,NaN,NaN,NaN,NaN,NaN,NaN,NaN,NaN,NaN,NaN,NaN,NaN,NaN,NaN
NaN,NaN,NaN,NaN,NaN,NaN,NaN,NaN,NaN,NaN,NaN,NaN,NaN,NaN,NaN,NaN,NaN,NaN,NaN,NaN,NaN,NaN,NaN,NaN,NaN,NaN,NaN,NaN,NaN,NaN,NaN,NaN,NaN,NaN,NaN,NaN,NaN,NaN,NaN,NaN,NaN,NaN,NaN,NaN,NaN,NaN,NaN,NaN,NaN,NaN,NaN,NaN,NaN,NaN,NaN,NaN,NaN,NaN,NaN,NaN,NaN,NaN,NaN,NaN,NaN,NaN,NaN,NaN,NaN,NaN,NaN,NaN,NaN,NaN,NaN,NaN,NaN,NaN,NaN,NaN,NaN,NaN,NaN,NaN,NaN,NaN,NaN,NaN,NaN,NaN,NaN,NaN,NaN,NaN,NaN,NaN,NaN,NaN,NaN,NaN,NaN,NaN,NaN,NaN,NaN,NaN,NaN,NaN,NaN,NaN,NaN,NaN,NaN,NaN,NaN,NaN,NaN,NaN,NaN,NaN,NaN,NaN,NaN,NaN,NaN,NaN,NaN,NaN,NaN,NaN,NaN,NaN,NaN,NaN,NaN,NaN,NaN,NaN,NaN,NaN,NaN,NaN,NaN,NaN,NaN,NaN,NaN,NaN,NaN,NaN,NaN,NaN,NaN,NaN,NaN,NaN,NaN,NaN,NaN,NaN,NaN,NaN,NaN,NaN,NaN,NaN,NaN,NaN,NaN,NaN,NaN,NaN,NaN,NaN,NaN,NaN,NaN,NaN,NaN,NaN,NaN,NaN,NaN,NaN,NaN,NaN,NaN,NaN,NaN,NaN,NaN,NaN,NaN,NaN,NaN,NaN,NaN,NaN,NaN,NaN,NaN,NaN,NaN,NaN,NaN,NaN,NaN,NaN,NaN,NaN,NaN,NaN,NaN,NaN,NaN,NaN,NaN,NaN,NaN,NaN,NaN,NaN,NaN,NaN,NaN,NaN,NaN,NaN,NaN,NaN,NaN,NaN,NaN,NaN,NaN,NaN,NaN,NaN,NaN,NaN,NaN,NaN,NaN,NaN,NaN
NaN,NaN,NaN,NaN,NaN,NaN,NaN,NaN,NaN,NaN,NaN,NaN,NaN,NaN,NaN,NaN,NaN,NaN,NaN,NaN,NaN,NaN,NaN,NaN,NaN,NaN,NaN,NaN,NaN,NaN,NaN,NaN,NaN,NaN,NaN,NaN,NaN,NaN,NaN,NaN,NaN,NaN,NaN,NaN,NaN,NaN,NaN,NaN,NaN,NaN,NaN,NaN,NaN,NaN,NaN,NaN,NaN,NaN,NaN,NaN,NaN,NaN,NaN,NaN,NaN,NaN,NaN,NaN,NaN,NaN,NaN,NaN,NaN,NaN,NaN,NaN,NaN,NaN,NaN,NaN,NaN,NaN,NaN,NaN,NaN,NaN,NaN,NaN,NaN,NaN,NaN,NaN,NaN,NaN,NaN,NaN,NaN,NaN,NaN,NaN,NaN,NaN,NaN,NaN,NaN,NaN,NaN,NaN,NaN,NaN,NaN,NaN,NaN,NaN,NaN,NaN,NaN,NaN,NaN,NaN,NaN,NaN,NaN,NaN,NaN,NaN,NaN,NaN,NaN,NaN,NaN,NaN,NaN,NaN,NaN,NaN,NaN,NaN,NaN,NaN,NaN,NaN,NaN,NaN,NaN,NaN,NaN,NaN,NaN,NaN,NaN,NaN,NaN,NaN,NaN,NaN,NaN,NaN,NaN,NaN,NaN,NaN,NaN,NaN,NaN,NaN,NaN,NaN,NaN,NaN,NaN,NaN,NaN,NaN,NaN,NaN,NaN,NaN,NaN,NaN,NaN,NaN,NaN,NaN,NaN,NaN,NaN,NaN,NaN,NaN,NaN,NaN,NaN,NaN,NaN,NaN,NaN,NaN,NaN,NaN,NaN,NaN,NaN,NaN,NaN,NaN,NaN,NaN,NaN,NaN,NaN,NaN,NaN,NaN,NaN,NaN,NaN,NaN,NaN,NaN,NaN,NaN,NaN,NaN,NaN,NaN,NaN,NaN,NaN,NaN,NaN,NaN,NaN,NaN,NaN,NaN,NaN,NaN,NaN,NaN,NaN,NaN,NaN,NaN,NaN
NaN,NaN,NaN,NaN,NaN,NaN,NaN,NaN,NaN,NaN,NaN,NaN,NaN,NaN,NaN,NaN,NaN,NaN,NaN,NaN,NaN,NaN,NaN,NaN,NaN,NaN,NaN,NaN,NaN,NaN,NaN,NaN,NaN,NaN,NaN,NaN,NaN,NaN,NaN,NaN,NaN,NaN,NaN,NaN,NaN,NaN,NaN,NaN,NaN,NaN,NaN,NaN,NaN,NaN,NaN,NaN,NaN,NaN,NaN,NaN,NaN,NaN,NaN,NaN,NaN,NaN,NaN,NaN,NaN,NaN,NaN,NaN,NaN,NaN,NaN,NaN,NaN,NaN,NaN,NaN,NaN,NaN,NaN,NaN,NaN,NaN,NaN,NaN,NaN,NaN,NaN,NaN,NaN,NaN,NaN,NaN,NaN,NaN,NaN,NaN,NaN,NaN,NaN,NaN,NaN,NaN,NaN,NaN,NaN,NaN,NaN,NaN,NaN,NaN,NaN,NaN,NaN,NaN,NaN,NaN,NaN,NaN,NaN,NaN,NaN,NaN,NaN,NaN,NaN,NaN,NaN,NaN,NaN,NaN,NaN,NaN,NaN,NaN,NaN,NaN,NaN,NaN,NaN,NaN,NaN,NaN,NaN,NaN,NaN,NaN,NaN,NaN,NaN,NaN,NaN,NaN,NaN,NaN,NaN,NaN,NaN,NaN,NaN,NaN,NaN,NaN,NaN,NaN,NaN,NaN,NaN,NaN,NaN,NaN,NaN,NaN,NaN,NaN,NaN,NaN,NaN,NaN,NaN,NaN,NaN,NaN,NaN,NaN,NaN,NaN,NaN,NaN,NaN,NaN,NaN,NaN,NaN,NaN,NaN,NaN,NaN,NaN,NaN,NaN,NaN,NaN,NaN,NaN,NaN,NaN,NaN,NaN,NaN,NaN,NaN,NaN,NaN,NaN,NaN,NaN,NaN,NaN,NaN,NaN,NaN,NaN,NaN,NaN,NaN,NaN,NaN,NaN,NaN,NaN,NaN,NaN,NaN,NaN,NaN,NaN,NaN,NaN,NaN,NaN,NaN
NaN,NaN,NaN,NaN,NaN,NaN,NaN,NaN,NaN,NaN,NaN,NaN,NaN,NaN,NaN,NaN,NaN,NaN,NaN,NaN,NaN,NaN,NaN,NaN,NaN,NaN,NaN,NaN,NaN,NaN,NaN,NaN,NaN,NaN,NaN,NaN,NaN,NaN,NaN,NaN,NaN,NaN,NaN,NaN,NaN,NaN,NaN,NaN,NaN,NaN,NaN,NaN,NaN,NaN,NaN,NaN,NaN,NaN,NaN,NaN,NaN,NaN,NaN,NaN,NaN,NaN,NaN,NaN,NaN,NaN,NaN,NaN,NaN,NaN,NaN,NaN,NaN,NaN,NaN,NaN,NaN,NaN,NaN,NaN,NaN,NaN,NaN,NaN,NaN,NaN,NaN,NaN,NaN,NaN,NaN,NaN,NaN,NaN,NaN,NaN,NaN,NaN,NaN,NaN,NaN,NaN,NaN,NaN,NaN,NaN,NaN,NaN,NaN,NaN,NaN,NaN,NaN,NaN,NaN,NaN,NaN,NaN,NaN,NaN,NaN,NaN,NaN,NaN,NaN,NaN,NaN,NaN,NaN,NaN,NaN,NaN,NaN,NaN,NaN,NaN,NaN,NaN,NaN,NaN,NaN,NaN,NaN,NaN,NaN,NaN,NaN,NaN,NaN,NaN,NaN,NaN,NaN,NaN,NaN,NaN,NaN,NaN,NaN,NaN,NaN,NaN,NaN,NaN,NaN,NaN,NaN,NaN,NaN,NaN,NaN,NaN,NaN,NaN,NaN,NaN,NaN,NaN,NaN,NaN,NaN,NaN,NaN,NaN,NaN,NaN,NaN,NaN,NaN,NaN,NaN,NaN,NaN,NaN,NaN,NaN,NaN,NaN,NaN,NaN,NaN,NaN,NaN,NaN,NaN,NaN,NaN,NaN,NaN,NaN,NaN,NaN,NaN,NaN,NaN,NaN,NaN,NaN,NaN,NaN,NaN,NaN,NaN,NaN,NaN,NaN,NaN,NaN,NaN,NaN,NaN,NaN,NaN,NaN,NaN,NaN,NaN,NaN,NaN,NaN,NaN
NaN,NaN,NaN,NaN,NaN,NaN,NaN,NaN,NaN,NaN,NaN,NaN,NaN,NaN,NaN,NaN,NaN,NaN,NaN,NaN,NaN,NaN,NaN,NaN,NaN,NaN,NaN,NaN,NaN,NaN,NaN,NaN,NaN,NaN,NaN,NaN,NaN,NaN,NaN,NaN,NaN,NaN,NaN,NaN,NaN,NaN,NaN,NaN,NaN,NaN,NaN,NaN,NaN,NaN,NaN,NaN,NaN,NaN,NaN,NaN,NaN,NaN,NaN,NaN,NaN,NaN,NaN,NaN,NaN,NaN,NaN,NaN,NaN,NaN,NaN,NaN,NaN,NaN,NaN,NaN,NaN,NaN,NaN,NaN,NaN,NaN,NaN,NaN,NaN,NaN,NaN,NaN,NaN,NaN,NaN,NaN,NaN,NaN,NaN,NaN,NaN,NaN,NaN,NaN,NaN,NaN,NaN,NaN,NaN,NaN,NaN,NaN,NaN,NaN,NaN,NaN,NaN,NaN,NaN,NaN,NaN,NaN,NaN,NaN,NaN,NaN,NaN,NaN,NaN,NaN,NaN,NaN,NaN,NaN,NaN,NaN,NaN,NaN,NaN,NaN,NaN,NaN,NaN,NaN,NaN,NaN,NaN,NaN,NaN,NaN,NaN,NaN,NaN,NaN,NaN,NaN,NaN,NaN,NaN,NaN,NaN,NaN,NaN,NaN,NaN,NaN,NaN,NaN,NaN,NaN,NaN,NaN,NaN,NaN,NaN,NaN,NaN,NaN,NaN,NaN,NaN,NaN,NaN,NaN,NaN,NaN,NaN,NaN,NaN,NaN,NaN,NaN,NaN,NaN,NaN,NaN,NaN,NaN,NaN,NaN,NaN,NaN,NaN,NaN,NaN,NaN,NaN,NaN,NaN,NaN,NaN,NaN,NaN,NaN,NaN,NaN,NaN,NaN,NaN,NaN,NaN,NaN,NaN,NaN,NaN,NaN,NaN,NaN,NaN,NaN,NaN,NaN,NaN,NaN,NaN,NaN,NaN,NaN,NaN,NaN,NaN,NaN,NaN,NaN,NaN
NaN,NaN,NaN,NaN,NaN,NaN,NaN,NaN,NaN,NaN,NaN,NaN,NaN,NaN,NaN,NaN,NaN,NaN,NaN,NaN,NaN,NaN,NaN,NaN,NaN,NaN,NaN,NaN,NaN,NaN,NaN,NaN,NaN,NaN,NaN,NaN,NaN,NaN,NaN,NaN,NaN,NaN,NaN,NaN,NaN,NaN,NaN,NaN,NaN,NaN,NaN,NaN,NaN,NaN,NaN,NaN,NaN,NaN,NaN,NaN,NaN,NaN,NaN,NaN,NaN,NaN,NaN,NaN,NaN,NaN,NaN,NaN,NaN,NaN,NaN,NaN,NaN,NaN,NaN,NaN,NaN,NaN,NaN,NaN,NaN,NaN,NaN,NaN,NaN,NaN,NaN,NaN,NaN,NaN,NaN,NaN,NaN,NaN,NaN,NaN,NaN,NaN,NaN,NaN,NaN,NaN,NaN,NaN,NaN,NaN,NaN,NaN,NaN,NaN,NaN,NaN,NaN,NaN,NaN,NaN,NaN,NaN,NaN,NaN,NaN,NaN,NaN,NaN,NaN,NaN,NaN,NaN,NaN,NaN,NaN,NaN,NaN,NaN,NaN,NaN,NaN,NaN,NaN,NaN,NaN,NaN,NaN,NaN,NaN,NaN,NaN,NaN,NaN,NaN,NaN,NaN,NaN,NaN,NaN,NaN,NaN,NaN,NaN,NaN,NaN,NaN,NaN,NaN,NaN,NaN,NaN,NaN,NaN,NaN,NaN,NaN,NaN,NaN,NaN,NaN,NaN,NaN,NaN,NaN,NaN,NaN,NaN,NaN,NaN,NaN,NaN,NaN,NaN,NaN,NaN,NaN,NaN,NaN,NaN,NaN,NaN,NaN,NaN,NaN,NaN,NaN,NaN,NaN,NaN,NaN,NaN,NaN,NaN,NaN,NaN,NaN,NaN,NaN,NaN,NaN,NaN,NaN,NaN,NaN,NaN,NaN,NaN,NaN,NaN,NaN,NaN,NaN,NaN,NaN,NaN,NaN,NaN,NaN,NaN,NaN,NaN,NaN,NaN,NaN,NaN
NaN,NaN,NaN,NaN,NaN,NaN,NaN,NaN,NaN,NaN,NaN,NaN,NaN,NaN,NaN,NaN,NaN,NaN,NaN,NaN,NaN,NaN,NaN,NaN,NaN,NaN,NaN,NaN,NaN,NaN,NaN,NaN,NaN,NaN,NaN,NaN,NaN,NaN,NaN,NaN,NaN,NaN,NaN,NaN,NaN,NaN,NaN,NaN,NaN,NaN,NaN,NaN,NaN,NaN,NaN,NaN,NaN,NaN,NaN,NaN,NaN,NaN,NaN,NaN,NaN,NaN,NaN,NaN,NaN,NaN,NaN,NaN,NaN,NaN,NaN,NaN,NaN,NaN,NaN,NaN,NaN,NaN,NaN,NaN,NaN,NaN,NaN,NaN,NaN,NaN,NaN,NaN,NaN,NaN,NaN,NaN,NaN,NaN,NaN,NaN,NaN,NaN,NaN,NaN,NaN,NaN,NaN,NaN,NaN,NaN,NaN,NaN,NaN,NaN,NaN,NaN,NaN,NaN,NaN,NaN,NaN,NaN,NaN,NaN,NaN,NaN,NaN,NaN,NaN,NaN,NaN,NaN,NaN,NaN,NaN,NaN,NaN,NaN,NaN,NaN,NaN,NaN,NaN,NaN,NaN,NaN,NaN,NaN,NaN,NaN,NaN,NaN,NaN,NaN,NaN,NaN,NaN,NaN,NaN,NaN,NaN,NaN,NaN,NaN,NaN,NaN,NaN,NaN,NaN,NaN,NaN,NaN,NaN,NaN,NaN,NaN,NaN,NaN,NaN,NaN,NaN,NaN,NaN,NaN,NaN,NaN,NaN,NaN,NaN,NaN,NaN,NaN,NaN,NaN,NaN,NaN,NaN,NaN,NaN,NaN,NaN,NaN,NaN,NaN,NaN,NaN,NaN,NaN,NaN,NaN,NaN,NaN,NaN,NaN,NaN,NaN,NaN,NaN,NaN,NaN,NaN,NaN,NaN,NaN,NaN,NaN,NaN,NaN,NaN,NaN,NaN,NaN,NaN,NaN,NaN,NaN,NaN,NaN,NaN,NaN,NaN,NaN,NaN,NaN,NaN
NaN,NaN,NaN,NaN,NaN,NaN,NaN,NaN,NaN,NaN,NaN,NaN,NaN,NaN,NaN,NaN,NaN,NaN,NaN,NaN,NaN,NaN,NaN,NaN,NaN,NaN,NaN,NaN,NaN,NaN,NaN,NaN,NaN,NaN,NaN,NaN,NaN,NaN,NaN,NaN,NaN,NaN,NaN,NaN,NaN,NaN,NaN,NaN,NaN,NaN,NaN,NaN,NaN,NaN,NaN,NaN,NaN,NaN,NaN,NaN,NaN,NaN,NaN,NaN,NaN,NaN,NaN,NaN,NaN,NaN,NaN,NaN,NaN,NaN,NaN,NaN,NaN,NaN,NaN,NaN,NaN,NaN,NaN,NaN,NaN,NaN,NaN,NaN,NaN,NaN,NaN,NaN,NaN,NaN,NaN,NaN,NaN,NaN,NaN,NaN,NaN,NaN,NaN,NaN,NaN,NaN,NaN,NaN,NaN,NaN,NaN,NaN,NaN,NaN,NaN,NaN,NaN,NaN,NaN,NaN,NaN,NaN,NaN,NaN,NaN,NaN,NaN,NaN,NaN,NaN,NaN,NaN,NaN,NaN,NaN,NaN,NaN,NaN,NaN,NaN,NaN,NaN,NaN,NaN,NaN,NaN,NaN,NaN,NaN,NaN,NaN,NaN,NaN,NaN,NaN,NaN,NaN,NaN,NaN,NaN,NaN,NaN,NaN,NaN,NaN,NaN,NaN,NaN,NaN,NaN,NaN,NaN,NaN,NaN,NaN,NaN,NaN,NaN,NaN,NaN,NaN,NaN,NaN,NaN,NaN,NaN,NaN,NaN,NaN,NaN,NaN,NaN,NaN,NaN,NaN,NaN,NaN,NaN,NaN,NaN,NaN,NaN,NaN,NaN,NaN,NaN,NaN,NaN,NaN,NaN,NaN,NaN,NaN,NaN,NaN,NaN,NaN,NaN,NaN,NaN,NaN,NaN,NaN,NaN,NaN,NaN,NaN,NaN,NaN,NaN,NaN,NaN,NaN,NaN,NaN,NaN,NaN,NaN,NaN,NaN,NaN,NaN,NaN,NaN,NaN
NaN,NaN,NaN,NaN,NaN,NaN,NaN,NaN,NaN,NaN,NaN,NaN,NaN,NaN,NaN,NaN,NaN,NaN,NaN,NaN,NaN,NaN,NaN,NaN,NaN,NaN,NaN,NaN,NaN,NaN,NaN,NaN,NaN,NaN,NaN,NaN,NaN,NaN,NaN,NaN,NaN,NaN,NaN,NaN,NaN,NaN,NaN,NaN,NaN,NaN,NaN,NaN,NaN,NaN,NaN,NaN,NaN,NaN,NaN,NaN,NaN,NaN,NaN,NaN,NaN,NaN,NaN,NaN,NaN,NaN,NaN,NaN,NaN,NaN,NaN,NaN,NaN,NaN,NaN,NaN,NaN,NaN,NaN,NaN,NaN,NaN,NaN,NaN,NaN,NaN,NaN,NaN,NaN,NaN,NaN,NaN,NaN,NaN,NaN,NaN,NaN,NaN,NaN,NaN,NaN,NaN,NaN,NaN,NaN,NaN,NaN,NaN,NaN,NaN,NaN,NaN,NaN,NaN,NaN,NaN,NaN,NaN,NaN,NaN,NaN,NaN,NaN,NaN,NaN,NaN,NaN,NaN,NaN,NaN,NaN,NaN,NaN,NaN,NaN,NaN,NaN,NaN,NaN,NaN,NaN,NaN,NaN,NaN,NaN,NaN,NaN,NaN,NaN,NaN,NaN,NaN,NaN,NaN,NaN,NaN,NaN,NaN,NaN,NaN,NaN,NaN,NaN,NaN,NaN,NaN,NaN,NaN,NaN,NaN,NaN,NaN,NaN,NaN,NaN,NaN,NaN,NaN,NaN,NaN,NaN,NaN,NaN,NaN,NaN,NaN,NaN,NaN,NaN,NaN,NaN,NaN,NaN,NaN,NaN,NaN,NaN,NaN,NaN,NaN,NaN,NaN,NaN,NaN,NaN,NaN,NaN,NaN,NaN,NaN,NaN,NaN,NaN,NaN,NaN,NaN,NaN,NaN,NaN,NaN,NaN,NaN,NaN,NaN,NaN,NaN,NaN,NaN,NaN,NaN,NaN,NaN,NaN,NaN,NaN,NaN,NaN,NaN,NaN,NaN,NaN
NaN,NaN,NaN,NaN,NaN,NaN,NaN,NaN,NaN,NaN,NaN,NaN,NaN,NaN,NaN,NaN,NaN,NaN,NaN,NaN,NaN,NaN,NaN,NaN,NaN,NaN,NaN,NaN,NaN,NaN,NaN,NaN,NaN,NaN,NaN,NaN,NaN,NaN,NaN,NaN,NaN,NaN,NaN,NaN,NaN,NaN,NaN,NaN,NaN,NaN,NaN,NaN,NaN,NaN,NaN,NaN,NaN,NaN,NaN,NaN,NaN,NaN,NaN,NaN,NaN,NaN,NaN,NaN,NaN,NaN,NaN,NaN,NaN,NaN,NaN,NaN,NaN,NaN,NaN,NaN,NaN,NaN,NaN,NaN,NaN,NaN,NaN,NaN,NaN,NaN,NaN,NaN,NaN,NaN,NaN,NaN,NaN,NaN,NaN,NaN,NaN,NaN,NaN,NaN,NaN,NaN,NaN,NaN,NaN,NaN,NaN,NaN,NaN,NaN,NaN,NaN,NaN,NaN,NaN,NaN,NaN,NaN,NaN,NaN,NaN,NaN,NaN,NaN,NaN,NaN,NaN,NaN,NaN,NaN,NaN,NaN,NaN,NaN,NaN,NaN,NaN,NaN,NaN,NaN,NaN,NaN,NaN,NaN,NaN,NaN,NaN,NaN,NaN,NaN,NaN,NaN,NaN,NaN,NaN,NaN,NaN,NaN,NaN,NaN,NaN,NaN,NaN,NaN,NaN,NaN,NaN,NaN,NaN,NaN,NaN,NaN,NaN,NaN,NaN,NaN,NaN,NaN,NaN,NaN,NaN,NaN,NaN,NaN,NaN,NaN,NaN,NaN,NaN,NaN,NaN,NaN,NaN,NaN,NaN,NaN,NaN,NaN,NaN,NaN,NaN,NaN,NaN,NaN,NaN,NaN,NaN,NaN,NaN,NaN,NaN,NaN,NaN,NaN,NaN,NaN,NaN,NaN,NaN,NaN,NaN,NaN,NaN,NaN,NaN,NaN,NaN,NaN,NaN,NaN,NaN,NaN,NaN,NaN,NaN,NaN,NaN,NaN,NaN,NaN,NaN
NaN,NaN,NaN,NaN,NaN,NaN,NaN,NaN,NaN,NaN,NaN,NaN,NaN,NaN,NaN,NaN,NaN,NaN,NaN,NaN,NaN,NaN,NaN,NaN,NaN,NaN,NaN,NaN,NaN,NaN,NaN,NaN,NaN,NaN,NaN,NaN,NaN,NaN,NaN,NaN,NaN,NaN,NaN,NaN,NaN,NaN,NaN,NaN,NaN,NaN,NaN,NaN,NaN,NaN,NaN,NaN,NaN,NaN,NaN,NaN,NaN,NaN,NaN,NaN,NaN,NaN,NaN,NaN,NaN,NaN,NaN,NaN,NaN,NaN,NaN,NaN,NaN,NaN,NaN,NaN,NaN,NaN,NaN,NaN,NaN,NaN,NaN,NaN,NaN,NaN,NaN,NaN,NaN,NaN,NaN,NaN,NaN,NaN,NaN,NaN,NaN,NaN,NaN,NaN,NaN,NaN,NaN,NaN,NaN,NaN,NaN,NaN,NaN,NaN,NaN,NaN,NaN,NaN,NaN,NaN,NaN,NaN,NaN,NaN,NaN,NaN,NaN,NaN,NaN,NaN,NaN,NaN,NaN,NaN,NaN,NaN,NaN,NaN,NaN,NaN,NaN,NaN,NaN,NaN,NaN,NaN,NaN,NaN,NaN,NaN,NaN,NaN,NaN,NaN,NaN,NaN,NaN,NaN,NaN,NaN,NaN,NaN,NaN,NaN,NaN,NaN,NaN,NaN,NaN,NaN,NaN,NaN,NaN,NaN,NaN,NaN,NaN,NaN,NaN,NaN,NaN,NaN,NaN,NaN,NaN,NaN,NaN,NaN,NaN,NaN,NaN,NaN,NaN,NaN,NaN,NaN,NaN,NaN,NaN,NaN,NaN,NaN,NaN,NaN,NaN,NaN,NaN,NaN,NaN,NaN,NaN,NaN,NaN,NaN,NaN,NaN,NaN,NaN,NaN,NaN,NaN,NaN,NaN,NaN,NaN,NaN,NaN,NaN,NaN,NaN,NaN,NaN,NaN,NaN,NaN,NaN,NaN,NaN,NaN,NaN,NaN,NaN,NaN,NaN,NaN
NaN,NaN,NaN,NaN,NaN,NaN,NaN,NaN,NaN,NaN,NaN,NaN,NaN,NaN,NaN,NaN,NaN,NaN,NaN,NaN,NaN,NaN,NaN,NaN,NaN,NaN,NaN,NaN,NaN,NaN,NaN,NaN,NaN,NaN,NaN,NaN,NaN,NaN,NaN,NaN,NaN,NaN,NaN,NaN,NaN,NaN,NaN,NaN,NaN,NaN,NaN,NaN,NaN,NaN,NaN,NaN,NaN,NaN,NaN,NaN,NaN,NaN,NaN,NaN,NaN,NaN,NaN,NaN,NaN,NaN,NaN,NaN,NaN,NaN,NaN,NaN,NaN,NaN,NaN,NaN,NaN,NaN,NaN,NaN,NaN,NaN,NaN,NaN,NaN,NaN,NaN,NaN,NaN,NaN,NaN,NaN,NaN,NaN,NaN,NaN,NaN,NaN,NaN,NaN,NaN,NaN,NaN,NaN,NaN,NaN,NaN,NaN,NaN,NaN,NaN,NaN,NaN,NaN,NaN,NaN,NaN,NaN,NaN,NaN,NaN,NaN,NaN,NaN,NaN,NaN,NaN,NaN,NaN,NaN,NaN,NaN,NaN,NaN,NaN,NaN,NaN,NaN,NaN,NaN,NaN,NaN,NaN,NaN,NaN,NaN,NaN,NaN,NaN,NaN,NaN,NaN,NaN,NaN,NaN,NaN,NaN,NaN,NaN,NaN,NaN,NaN,NaN,NaN,NaN,NaN,NaN,NaN,NaN,NaN,NaN,NaN,NaN,NaN,NaN,NaN,NaN,NaN,NaN,NaN,NaN,NaN,NaN,NaN,NaN,NaN,NaN,NaN,NaN,NaN,NaN,NaN,NaN,NaN,NaN,NaN,NaN,NaN,NaN,NaN,NaN,NaN,NaN,NaN,NaN,NaN,NaN,NaN,NaN,NaN,NaN,NaN,NaN,NaN,NaN,NaN,NaN,NaN,NaN,NaN,NaN,NaN,NaN,NaN,NaN,NaN,NaN,NaN,NaN,NaN,NaN,NaN,NaN,NaN,NaN,NaN,NaN,NaN,NaN,NaN,NaN
NaN,NaN,NaN,NaN,NaN,NaN,NaN,NaN,NaN,NaN,NaN,NaN,NaN,NaN,NaN,NaN,NaN,NaN,NaN,NaN,NaN,NaN,NaN,NaN,NaN,NaN,NaN,NaN,NaN,NaN,NaN,NaN,NaN,NaN,NaN,NaN,NaN,NaN,NaN,NaN,NaN,NaN,NaN,NaN,NaN,NaN,NaN,NaN,NaN,NaN,NaN,NaN,NaN,NaN,NaN,NaN,NaN,NaN,NaN,NaN,NaN,NaN,NaN,NaN,NaN,NaN,NaN,NaN,NaN,NaN,NaN,NaN,NaN,NaN,NaN,NaN,NaN,NaN,NaN,NaN,NaN,NaN,NaN,NaN,NaN,NaN,NaN,NaN,NaN,NaN,NaN,NaN,NaN,NaN,NaN,NaN,NaN,NaN,NaN,NaN,NaN,NaN,NaN,NaN,NaN,NaN,NaN,NaN,NaN,NaN,NaN,NaN,NaN,NaN,NaN,NaN,NaN,NaN,NaN,NaN,NaN,NaN,NaN,NaN,NaN,NaN,NaN,NaN,NaN,NaN,NaN,NaN,NaN,NaN,NaN,NaN,NaN,NaN,NaN,NaN,NaN,NaN,NaN,NaN,NaN,NaN,NaN,NaN,NaN,NaN,NaN,NaN,NaN,NaN,NaN,NaN,NaN,NaN,NaN,NaN,NaN,NaN,NaN,NaN,NaN,NaN,NaN,NaN,NaN,NaN,NaN,NaN,NaN,NaN,NaN,NaN,NaN,NaN,NaN,NaN,NaN,NaN,NaN,NaN,NaN,NaN,NaN,NaN,NaN,NaN,NaN,NaN,NaN,NaN,NaN,NaN,NaN,NaN,NaN,NaN,NaN,NaN,NaN,NaN,NaN,NaN,NaN,NaN,NaN,NaN,NaN,NaN,NaN,NaN,NaN,NaN,NaN,NaN,NaN,NaN,NaN,NaN,NaN,NaN,NaN,NaN,NaN,NaN,NaN,NaN,NaN,NaN,NaN,NaN,NaN,NaN,NaN,NaN,NaN,NaN,NaN,NaN,NaN,NaN,NaN
NaN,NaN,NaN,NaN,NaN,NaN,NaN,NaN,NaN,NaN,NaN,NaN,NaN,NaN,NaN,NaN,NaN,NaN,NaN,NaN,NaN,NaN,NaN,NaN,NaN,NaN,NaN,NaN,NaN,NaN,NaN,NaN,NaN,NaN,NaN,NaN,NaN,NaN,NaN,NaN,NaN,NaN,NaN,NaN,NaN,NaN,NaN,NaN,NaN,NaN,NaN,NaN,NaN,NaN,NaN,NaN,NaN,NaN,NaN,NaN,NaN,NaN,NaN,NaN,NaN,NaN,NaN,NaN,NaN,NaN,NaN,NaN,NaN,NaN,NaN,NaN,NaN,NaN,NaN,NaN,NaN,NaN,NaN,NaN,NaN,NaN,NaN,NaN,NaN,NaN,NaN,NaN,NaN,NaN,NaN,NaN,NaN,NaN,NaN,NaN,NaN,NaN,NaN,NaN,NaN,NaN,NaN,NaN,NaN,NaN,NaN,NaN,NaN,NaN,NaN,NaN,NaN,NaN,NaN,NaN,NaN,NaN,NaN,NaN,NaN,NaN,NaN,NaN,NaN,NaN,NaN,NaN,NaN,NaN,NaN,NaN,NaN,NaN,NaN,NaN,NaN,NaN,NaN,NaN,NaN,NaN,NaN,NaN,NaN,NaN,NaN,NaN,NaN,NaN,NaN,NaN,NaN,NaN,NaN,NaN,NaN,NaN,NaN,NaN,NaN,NaN,NaN,NaN,NaN,NaN,NaN,NaN,NaN,NaN,NaN,NaN,NaN,NaN,NaN,NaN,NaN,NaN,NaN,NaN,NaN,NaN,NaN,NaN,NaN,NaN,NaN,NaN,NaN,NaN,NaN,NaN,NaN,NaN,NaN,NaN,NaN,NaN,NaN,NaN,NaN,NaN,NaN,NaN,NaN,NaN,NaN,NaN,NaN,NaN,NaN,NaN,NaN,NaN,NaN,NaN,NaN,NaN,NaN,NaN,NaN,NaN,NaN,NaN,NaN,NaN,NaN,NaN,NaN,NaN,NaN,NaN,NaN,NaN,NaN,NaN,NaN,NaN,NaN,NaN,NaN
NaN,NaN,NaN,NaN,NaN,NaN,NaN,NaN,NaN,NaN,NaN,NaN,NaN,NaN,NaN,NaN,NaN,NaN,NaN,NaN,NaN,NaN,NaN,NaN,NaN,NaN,NaN,NaN,NaN,NaN,NaN,NaN,NaN,NaN,NaN,NaN,NaN,NaN,NaN,NaN,NaN,NaN,NaN,NaN,NaN,NaN,NaN,NaN,NaN,NaN,NaN,NaN,NaN,NaN,NaN,NaN,NaN,NaN,NaN,NaN,NaN,NaN,NaN,NaN,NaN,NaN,NaN,NaN,NaN,NaN,NaN,NaN,NaN,NaN,NaN,NaN,NaN,NaN,NaN,NaN,NaN,NaN,NaN,NaN,NaN,NaN,NaN,NaN,NaN,NaN,NaN,NaN,NaN,NaN,NaN,NaN,NaN,NaN,NaN,NaN,NaN,NaN,NaN,NaN,NaN,NaN,NaN,NaN,NaN,NaN,NaN,NaN,NaN,NaN,NaN,NaN,NaN,NaN,NaN,NaN,NaN,NaN,NaN,NaN,NaN,NaN,NaN,NaN,NaN,NaN,NaN,NaN,NaN,NaN,NaN,NaN,NaN,NaN,NaN,NaN,NaN,NaN,NaN,NaN,NaN,NaN,NaN,NaN,NaN,NaN,NaN,NaN,NaN,NaN,NaN,NaN,NaN,NaN,NaN,NaN,NaN,NaN,NaN,NaN,NaN,NaN,NaN,NaN,NaN,NaN,NaN,NaN,NaN,NaN,NaN,NaN,NaN,NaN,NaN,NaN,NaN,NaN,NaN,NaN,NaN,NaN,NaN,NaN,NaN,NaN,NaN,NaN,NaN,NaN,NaN,NaN,NaN,NaN,NaN,NaN,NaN,NaN,NaN,NaN,NaN,NaN,NaN,NaN,NaN,NaN,NaN,NaN,NaN,NaN,NaN,NaN,NaN,NaN,NaN,NaN,NaN,NaN,NaN,NaN,NaN,NaN,NaN,NaN,NaN,NaN,NaN,NaN,NaN,NaN,NaN,NaN,NaN,NaN,NaN,NaN,NaN,NaN,NaN,NaN,NaN
NaN,NaN,NaN,NaN,NaN,NaN,NaN,NaN,NaN,NaN,NaN,NaN,NaN,NaN,NaN,NaN,NaN,NaN,NaN,NaN,NaN,NaN,NaN,NaN,NaN,NaN,NaN,NaN,NaN,NaN,NaN,NaN,NaN,NaN,NaN,NaN,NaN,NaN,NaN,NaN,NaN,NaN,NaN,NaN,NaN,NaN,NaN,NaN,NaN,NaN,NaN,NaN,NaN,NaN,NaN,NaN,NaN,NaN,NaN,NaN,NaN,NaN,NaN,NaN,NaN,NaN,NaN,NaN,NaN,NaN,NaN,NaN,NaN,NaN,NaN,NaN,NaN,NaN,NaN,NaN,NaN,NaN,NaN,NaN,NaN,NaN,NaN,NaN,NaN,NaN,NaN,NaN,NaN,NaN,NaN,NaN,NaN,NaN,NaN,NaN,NaN,NaN,NaN,NaN,NaN,NaN,NaN,NaN,NaN,NaN,NaN,NaN,NaN,NaN,NaN,NaN,NaN,NaN,NaN,NaN,NaN,NaN,NaN,NaN,NaN,NaN,NaN,NaN,NaN,NaN,NaN,NaN,NaN,NaN,NaN,NaN,NaN,NaN,NaN,NaN,NaN,NaN,NaN,NaN,NaN,NaN,NaN,NaN,NaN,NaN,NaN,NaN,NaN,NaN,NaN,NaN,NaN,NaN,NaN,NaN,NaN,NaN,NaN,NaN,NaN,NaN,NaN,NaN,NaN,NaN,NaN,NaN,NaN,NaN,NaN,NaN,NaN,NaN,NaN,NaN,NaN,NaN,NaN,NaN,NaN,NaN,NaN,NaN,NaN,NaN,NaN,NaN,NaN,NaN,NaN,NaN,NaN,NaN,NaN,NaN,NaN,NaN,NaN,NaN,NaN,NaN,NaN,NaN,NaN,NaN,NaN,NaN,NaN,NaN,NaN,NaN,NaN,NaN,NaN,NaN,NaN,NaN,NaN,NaN,NaN,NaN,NaN,NaN,NaN,NaN,NaN,NaN,NaN,NaN,NaN,NaN,NaN,NaN,NaN,NaN,NaN,NaN,NaN,NaN,NaN
NaN,NaN,NaN,NaN,NaN,NaN,NaN,NaN,NaN,NaN,NaN,NaN,NaN,NaN,NaN,NaN,NaN,NaN,NaN,NaN,NaN,NaN,NaN,NaN,NaN,NaN,NaN,NaN,NaN,NaN,NaN,NaN,NaN,NaN,NaN,NaN,NaN,NaN,NaN,NaN,NaN,NaN,NaN,NaN,NaN,NaN,NaN,NaN,NaN,NaN,NaN,NaN,NaN,NaN,NaN,NaN,NaN,NaN,NaN,NaN,NaN,NaN,NaN,NaN,NaN,NaN,NaN,NaN,NaN,NaN,NaN,NaN,NaN,NaN,NaN,NaN,NaN,NaN,NaN,NaN,NaN,NaN,NaN,NaN,NaN,NaN,NaN,NaN,NaN,NaN,NaN,NaN,NaN,NaN,NaN,NaN,NaN,NaN,NaN,NaN,NaN,NaN,NaN,NaN,NaN,NaN,NaN,NaN,NaN,NaN,NaN,NaN,NaN,NaN,NaN,NaN,NaN,NaN,NaN,NaN,NaN,NaN,NaN,NaN,NaN,NaN,NaN,NaN,NaN,NaN,NaN,NaN,NaN,NaN,NaN,NaN,NaN,NaN,NaN,NaN,NaN,NaN,NaN,NaN,NaN,NaN,NaN,NaN,NaN,NaN,NaN,NaN,NaN,NaN,NaN,NaN,NaN,NaN,NaN,NaN,NaN,NaN,NaN,NaN,NaN,NaN,NaN,NaN,NaN,NaN,NaN,NaN,NaN,NaN,NaN,NaN,NaN,NaN,NaN,NaN,NaN,NaN,NaN,NaN,NaN,NaN,NaN,NaN,NaN,NaN,NaN,NaN,NaN,NaN,NaN,NaN,NaN,NaN,NaN,NaN,NaN,NaN,NaN,NaN,NaN,NaN,NaN,NaN,NaN,NaN,NaN,NaN,NaN,NaN,NaN,NaN,NaN,NaN,NaN,NaN,NaN,NaN,NaN,NaN,NaN,NaN,NaN,NaN,NaN,NaN,NaN,NaN,NaN,NaN,NaN,NaN,NaN,NaN,NaN,NaN,NaN,NaN,NaN,NaN,NaN
NaN,NaN,NaN,NaN,NaN,NaN,NaN,NaN,NaN,NaN,NaN,NaN,NaN,NaN,NaN,NaN,NaN,NaN,NaN,NaN,NaN,NaN,NaN,NaN,NaN,NaN,NaN,NaN,NaN,NaN,NaN,NaN,NaN,NaN,NaN,NaN,NaN,NaN,NaN,NaN,NaN,NaN,NaN,NaN,NaN,NaN,NaN,NaN,NaN,NaN,NaN,NaN,NaN,NaN,NaN,NaN,NaN,NaN,NaN,NaN,NaN,NaN,NaN,NaN,NaN,NaN,NaN,NaN,NaN,NaN,NaN,NaN,NaN,NaN,NaN,NaN,NaN,NaN,NaN,NaN,NaN,NaN,NaN,NaN,NaN,NaN,NaN,NaN,NaN,NaN,NaN,NaN,NaN,NaN,NaN,NaN,NaN,NaN,NaN,NaN,NaN,NaN,NaN,NaN,NaN,NaN,NaN,NaN,NaN,NaN,NaN,NaN,NaN,NaN,NaN,NaN,NaN,NaN,NaN,NaN,NaN,NaN,NaN,NaN,NaN,NaN,NaN,NaN,NaN,NaN,NaN,NaN,NaN,NaN,NaN,NaN,NaN,NaN,NaN,NaN,NaN,NaN,NaN,NaN,NaN,NaN,NaN,NaN,NaN,NaN,NaN,NaN,NaN,NaN,NaN,NaN,NaN,NaN,NaN,NaN,NaN,NaN,NaN,NaN,NaN,NaN,NaN,NaN,NaN,NaN,NaN,NaN,NaN,NaN,NaN,NaN,NaN,NaN,NaN,NaN,NaN,NaN,NaN,NaN,NaN,NaN,NaN,NaN,NaN,NaN,NaN,NaN,NaN,NaN,NaN,NaN,NaN,NaN,NaN,NaN,NaN,NaN,NaN,NaN,NaN,NaN,NaN,NaN,NaN,NaN,NaN,NaN,NaN,NaN,NaN,NaN,NaN,NaN,NaN,NaN,NaN,NaN,NaN,NaN,NaN,NaN,NaN,NaN,NaN,NaN,NaN,NaN,NaN,NaN,NaN,NaN,NaN,NaN,NaN,NaN,NaN,NaN,NaN,NaN,NaN
NaN,NaN,NaN,NaN,NaN,NaN,NaN,NaN,NaN,NaN,NaN,NaN,NaN,NaN,NaN,NaN,NaN,NaN,NaN,NaN,NaN,NaN,NaN,NaN,NaN,NaN,NaN,NaN,NaN,NaN,NaN,NaN,NaN,NaN,NaN,NaN,NaN,NaN,NaN,NaN,NaN,NaN,NaN,NaN,NaN,NaN,NaN,NaN,NaN,NaN,NaN,NaN,NaN,NaN,NaN,NaN,NaN,NaN,NaN,NaN,NaN,NaN,NaN,NaN,NaN,NaN,NaN,NaN,NaN,NaN,NaN,NaN,NaN,NaN,NaN,NaN,NaN,NaN,NaN,NaN,NaN,NaN,NaN,NaN,NaN,NaN,NaN,NaN,NaN,NaN,NaN,NaN,NaN,NaN,NaN,NaN,NaN,NaN,NaN,NaN,NaN,NaN,NaN,NaN,NaN,NaN,NaN,NaN,NaN,NaN,NaN,NaN,NaN,NaN,NaN,NaN,NaN,NaN,NaN,NaN,NaN,NaN,NaN,NaN,NaN,NaN,NaN,NaN,NaN,NaN,NaN,NaN,NaN,NaN,NaN,NaN,NaN,NaN,NaN,NaN,NaN,NaN,NaN,NaN,NaN,NaN,NaN,NaN,NaN,NaN,NaN,NaN,NaN,NaN,NaN,NaN,NaN,NaN,NaN,NaN,NaN,NaN,NaN,NaN,NaN,NaN,NaN,NaN,NaN,NaN,NaN,NaN,NaN,NaN,NaN,NaN,NaN,NaN,NaN,NaN,NaN,NaN,NaN,NaN,NaN,NaN,NaN,NaN,NaN,NaN,NaN,NaN,NaN,NaN,NaN,NaN,NaN,NaN,NaN,NaN,NaN,NaN,NaN,NaN,NaN,NaN,NaN,NaN,NaN,NaN,NaN,NaN,NaN,NaN,NaN,NaN,NaN,NaN,NaN,NaN,NaN,NaN,NaN,NaN,NaN,NaN,NaN,NaN,NaN,NaN,NaN,NaN,NaN,NaN,NaN,NaN,NaN,NaN,NaN,NaN,NaN,NaN,NaN,NaN,NaN
NaN,NaN,NaN,NaN,NaN,NaN,NaN,NaN,NaN,NaN,NaN,NaN,NaN,NaN,NaN,NaN,NaN,NaN,NaN,NaN,NaN,NaN,NaN,NaN,NaN,NaN,NaN,NaN,NaN,NaN,NaN,NaN,NaN,NaN,NaN,NaN,NaN,NaN,NaN,NaN,NaN,NaN,NaN,NaN,NaN,NaN,NaN,NaN,NaN,NaN,NaN,NaN,NaN,NaN,NaN,NaN,NaN,NaN,NaN,NaN,NaN,NaN,NaN,NaN,NaN,NaN,NaN,NaN,NaN,NaN,NaN,NaN,NaN,NaN,NaN,NaN,NaN,NaN,NaN,NaN,NaN,NaN,NaN,NaN,NaN,NaN,NaN,NaN,NaN,NaN,NaN,NaN,NaN,NaN,NaN,NaN,NaN,NaN,NaN,NaN,NaN,NaN,NaN,NaN,NaN,NaN,NaN,NaN,NaN,NaN,NaN,NaN,NaN,NaN,NaN,NaN,NaN,NaN,NaN,NaN,NaN,NaN,NaN,NaN,NaN,NaN,NaN,NaN,NaN,NaN,NaN,NaN,NaN,NaN,NaN,NaN,NaN,NaN,NaN,NaN,NaN,NaN,NaN,NaN,NaN,NaN,NaN,NaN,NaN,NaN,NaN,NaN,NaN,NaN,NaN,NaN,NaN,NaN,NaN,NaN,NaN,NaN,NaN,NaN,NaN,NaN,NaN,NaN,NaN,NaN,NaN,NaN,NaN,NaN,NaN,NaN,NaN,NaN,NaN,NaN,NaN,NaN,NaN,NaN,NaN,NaN,NaN,NaN,NaN,NaN,NaN,NaN,NaN,NaN,NaN,NaN,NaN,NaN,NaN,NaN,NaN,NaN,NaN,NaN,NaN,NaN,NaN,NaN,NaN,NaN,NaN,NaN,NaN,NaN,NaN,NaN,NaN,NaN,NaN,NaN,NaN,NaN,NaN,NaN,NaN,NaN,NaN,NaN,NaN,NaN,NaN,NaN,NaN,NaN,NaN,NaN,NaN,NaN,NaN,NaN,NaN,NaN,NaN,NaN,NaN
NaN,NaN,NaN,NaN,NaN,NaN,NaN,NaN,NaN,NaN,NaN,NaN,NaN,NaN,NaN,NaN,NaN,NaN,NaN,NaN,NaN,NaN,NaN,NaN,NaN,NaN,NaN,NaN,NaN,NaN,NaN,NaN,NaN,NaN,NaN,NaN,NaN,NaN,NaN,NaN,NaN,NaN,NaN,NaN,NaN,NaN,NaN,NaN,NaN,NaN,NaN,NaN,NaN,NaN,NaN,NaN,NaN,NaN,NaN,NaN,NaN,NaN,NaN,NaN,NaN,NaN,NaN,NaN,NaN,NaN,NaN,NaN,NaN,NaN,NaN,NaN,NaN,NaN,NaN,NaN,NaN,NaN,NaN,NaN,NaN,NaN,NaN,NaN,NaN,NaN,NaN,NaN,NaN,NaN,NaN,NaN,NaN,NaN,NaN,NaN,NaN,NaN,NaN,NaN,NaN,NaN,NaN,NaN,NaN,NaN,NaN,NaN,NaN,NaN,NaN,NaN,NaN,NaN,NaN,NaN,NaN,NaN,NaN,NaN,NaN,NaN,NaN,NaN,NaN,NaN,NaN,NaN,NaN,NaN,NaN,NaN,NaN,NaN,NaN,NaN,NaN,NaN,NaN,NaN,NaN,NaN,NaN,NaN,NaN,NaN,NaN,NaN,NaN,NaN,NaN,NaN,NaN,NaN,NaN,NaN,NaN,NaN,NaN,NaN,NaN,NaN,NaN,NaN,NaN,NaN,NaN,NaN,NaN,NaN,NaN,NaN,NaN,NaN,NaN,NaN,NaN,NaN,NaN,NaN,NaN,NaN,NaN,NaN,NaN,NaN,NaN,NaN,NaN,NaN,NaN,NaN,NaN,NaN,NaN,NaN,NaN,NaN,NaN,NaN,NaN,NaN,NaN,NaN,NaN,NaN,NaN,NaN,NaN,NaN,NaN,NaN,NaN,NaN,NaN,NaN,NaN,NaN,NaN,NaN,NaN,NaN,NaN,NaN,NaN,NaN,NaN,NaN,NaN,NaN,NaN,NaN,NaN,NaN,NaN,NaN,NaN,NaN,NaN,NaN,NaN
NaN,NaN,NaN,NaN,NaN,NaN,NaN,NaN,NaN,NaN,NaN,NaN,NaN,NaN,NaN,NaN,NaN,NaN,NaN,NaN,NaN,NaN,NaN,NaN,NaN,NaN,NaN,NaN,NaN,NaN,NaN,NaN,NaN,NaN,NaN,NaN,NaN,NaN,NaN,NaN,NaN,NaN,NaN,NaN,NaN,NaN,NaN,NaN,NaN,NaN,NaN,NaN,NaN,NaN,NaN,NaN,NaN,NaN,NaN,NaN,NaN,NaN,NaN,NaN,NaN,NaN,NaN,NaN,NaN,NaN,NaN,NaN,NaN,NaN,NaN,NaN,NaN,NaN,NaN,NaN,NaN,NaN,NaN,NaN,NaN,NaN,NaN,NaN,NaN,NaN,NaN,NaN,NaN,NaN,NaN,NaN,NaN,NaN,NaN,NaN,NaN,NaN,NaN,NaN,NaN,NaN,NaN,NaN,NaN,NaN,NaN,NaN,NaN,NaN,NaN,NaN,NaN,NaN,NaN,NaN,NaN,NaN,NaN,NaN,NaN,NaN,NaN,NaN,NaN,NaN,NaN,NaN,NaN,NaN,NaN,NaN,NaN,NaN,NaN,NaN,NaN,NaN,NaN,NaN,NaN,NaN,NaN,NaN,NaN,NaN,NaN,NaN,NaN,NaN,NaN,NaN,NaN,NaN,NaN,NaN,NaN,NaN,NaN,NaN,NaN,NaN,NaN,NaN,NaN,NaN,NaN,NaN,NaN,NaN,NaN,NaN,NaN,NaN,NaN,NaN,NaN,NaN,NaN,NaN,NaN,NaN,NaN,NaN,NaN,NaN,NaN,NaN,NaN,NaN,NaN,NaN,NaN,NaN,NaN,NaN,NaN,NaN,NaN,NaN,NaN,NaN,NaN,NaN,NaN,NaN,NaN,NaN,NaN,NaN,NaN,NaN,NaN,NaN,NaN,NaN,NaN,NaN,NaN,NaN,NaN,NaN,NaN,NaN,NaN,NaN,NaN,NaN,NaN,NaN,NaN,NaN,NaN,NaN,NaN,NaN,NaN,NaN,NaN,NaN,NaN
NaN,NaN,NaN,NaN,NaN,NaN,NaN,NaN,NaN,NaN,NaN,NaN,NaN,NaN,NaN,NaN,NaN,NaN,NaN,NaN,NaN,NaN,NaN,NaN,NaN,NaN,NaN,NaN,NaN,NaN,NaN,NaN,NaN,NaN,NaN,NaN,NaN,NaN,NaN,NaN,NaN,NaN,NaN,NaN,NaN,NaN,NaN,NaN,NaN,NaN,NaN,NaN,NaN,NaN,NaN,NaN,NaN,NaN,NaN,NaN,NaN,NaN,NaN,NaN,NaN,NaN,NaN,NaN,NaN,NaN,NaN,NaN,NaN,NaN,NaN,NaN,NaN,NaN,NaN,NaN,NaN,NaN,NaN,NaN,NaN,NaN,NaN,NaN,NaN,NaN,NaN,NaN,NaN,NaN,NaN,NaN,NaN,NaN,NaN,NaN,NaN,NaN,NaN,NaN,NaN,NaN,NaN,NaN,NaN,NaN,NaN,NaN,NaN,NaN,NaN,NaN,NaN,NaN,NaN,NaN,NaN,NaN,NaN,NaN,NaN,NaN,NaN,NaN,NaN,NaN,NaN,NaN,NaN,NaN,NaN,NaN,NaN,NaN,NaN,NaN,NaN,NaN,NaN,NaN,NaN,NaN,NaN,NaN,NaN,NaN,NaN,NaN,NaN,NaN,NaN,NaN,NaN,NaN,NaN,NaN,NaN,NaN,NaN,NaN,NaN,NaN,NaN,NaN,NaN,NaN,NaN,NaN,NaN,NaN,NaN,NaN,NaN,NaN,NaN,NaN,NaN,NaN,NaN,NaN,NaN,NaN,NaN,NaN,NaN,NaN,NaN,NaN,NaN,NaN,NaN,NaN,NaN,NaN,NaN,NaN,NaN,NaN,NaN,NaN,NaN,NaN,NaN,NaN,NaN,NaN,NaN,NaN,NaN,NaN,NaN,NaN,NaN,NaN,NaN,NaN,NaN,NaN,NaN,NaN,NaN,NaN,NaN,NaN,NaN,NaN,NaN,NaN,NaN,NaN,NaN,NaN,NaN,NaN,NaN,NaN,NaN,NaN,NaN,NaN,NaN
NaN,NaN,NaN,NaN,NaN,NaN,NaN,NaN,NaN,NaN,NaN,NaN,NaN,NaN,NaN,NaN,NaN,NaN,NaN,NaN,NaN,NaN,NaN,NaN,NaN,NaN,NaN,NaN,NaN,NaN,NaN,NaN,NaN,NaN,NaN,NaN,NaN,NaN,NaN,NaN,NaN,NaN,NaN,NaN,NaN,NaN,NaN,NaN,NaN,NaN,NaN,NaN,NaN,NaN,NaN,NaN,NaN,NaN,NaN,NaN,NaN,NaN,NaN,NaN,NaN,NaN,NaN,NaN,NaN,NaN,NaN,NaN,NaN,NaN,NaN,NaN,NaN,NaN,NaN,NaN,NaN,NaN,NaN,NaN,NaN,NaN,NaN,NaN,NaN,NaN,NaN,NaN,NaN,NaN,NaN,NaN,NaN,NaN,NaN,NaN,NaN,NaN,NaN,NaN,NaN,NaN,NaN,NaN,NaN,NaN,NaN,NaN,NaN,NaN,NaN,NaN,NaN,NaN,NaN,NaN,NaN,NaN,NaN,NaN,NaN,NaN,NaN,NaN,NaN,NaN,NaN,NaN,NaN,NaN,NaN,NaN,NaN,NaN,NaN,NaN,NaN,NaN,NaN,NaN,NaN,NaN,NaN,NaN,NaN,NaN,NaN,NaN,NaN,NaN,NaN,NaN,NaN,NaN,NaN,NaN,NaN,NaN,NaN,NaN,NaN,NaN,NaN,NaN,NaN,NaN,NaN,NaN,NaN,NaN,NaN,NaN,NaN,NaN,NaN,NaN,NaN,NaN,NaN,NaN,NaN,NaN,NaN,NaN,NaN,NaN,NaN,NaN,NaN,NaN,NaN,NaN,NaN,NaN,NaN,NaN,NaN,NaN,NaN,NaN,NaN,NaN,NaN,NaN,NaN,NaN,NaN,NaN,NaN,NaN,NaN,NaN,NaN,NaN,NaN,NaN,NaN,NaN,NaN,NaN,NaN,NaN,NaN,NaN,NaN,NaN,NaN,NaN,NaN,NaN,NaN,NaN,NaN,NaN,NaN,NaN,NaN,NaN,NaN,NaN,NaN
NaN,NaN,NaN,NaN,NaN,NaN,NaN,NaN,NaN,NaN,NaN,NaN,NaN,NaN,NaN,NaN,NaN,NaN,NaN,NaN,NaN,NaN,NaN,NaN,NaN,NaN,NaN,NaN,NaN,NaN,NaN,NaN,NaN,NaN,NaN,NaN,NaN,NaN,NaN,NaN,NaN,NaN,NaN,NaN,NaN,NaN,NaN,NaN,NaN,NaN,NaN,NaN,NaN,NaN,NaN,NaN,NaN,NaN,NaN,NaN,NaN,NaN,NaN,NaN,NaN,NaN,NaN,NaN,NaN,NaN,NaN,NaN,NaN,NaN,NaN,NaN,NaN,NaN,NaN,NaN,NaN,NaN,NaN,NaN,NaN,NaN,NaN,NaN,NaN,NaN,NaN,NaN,NaN,NaN,NaN,NaN,NaN,NaN,NaN,NaN,NaN,NaN,NaN,NaN,NaN,NaN,NaN,NaN,NaN,NaN,NaN,NaN,NaN,NaN,NaN,NaN,NaN,NaN,NaN,NaN,NaN,NaN,NaN,NaN,NaN,NaN,NaN,NaN,NaN,NaN,NaN,NaN,NaN,NaN,NaN,NaN,NaN,NaN,NaN,NaN,NaN,NaN,NaN,NaN,NaN,NaN,NaN,NaN,NaN,NaN,NaN,NaN,NaN,NaN,NaN,NaN,NaN,NaN,NaN,NaN,NaN,NaN,NaN,NaN,NaN,NaN,NaN,NaN,NaN,NaN,NaN,NaN,NaN,NaN,NaN,NaN,NaN,NaN,NaN,NaN,NaN,NaN,NaN,NaN,NaN,NaN,NaN,NaN,NaN,NaN,NaN,NaN,NaN,NaN,NaN,NaN,NaN,NaN,NaN,NaN,NaN,NaN,NaN,NaN,NaN,NaN,NaN,NaN,NaN,NaN,NaN,NaN,NaN,NaN,NaN,NaN,NaN,NaN,NaN,NaN,NaN,NaN,NaN,NaN,NaN,NaN,NaN,NaN,NaN,NaN,NaN,NaN,NaN,NaN,NaN,NaN,NaN,NaN,NaN,NaN,NaN,NaN,NaN,NaN,NaN
