NaN,NaN,NaN,NaN,NaN,NaN,NaN,NaN,NaN,NaN,NaN,NaN,NaN,NaN,NaN,NaN,NaN,NaN,NaN,NaN,NaN,NaN,NaN,NaN,NaN,NaN,NaN,NaN,NaN,NaN,NaN,NaN,NaN,NaN,NaN,NaN,NaN,NaN,NaN,NaN,NaN,NaN,NaN,NaN,NaN,NaN,NaN,NaN,NaN,NaN,NaN,NaN,NaN,NaN,NaN,NaN,NaN,NaN,NaN,NaN,NaN,NaN,NaN,NaN,NaN,NaN,NaN,NaN,NaN,NaN,NaN,NaN,NaN,NaN,NaN,NaN,NaN,NaN,NaN,NaN,NaN,NaN,0.26286632335211,0.26285691777557,0.262852854015595,0.262846025285281,0.262836534682996,0.262824939630561,0.262810137953247,0.262795811475688,0.262784363537337,0.262774721797936,0.262768556009038,0.262764890017012,0.262762356451324,0.262761240571202,0.262761755980549,0.2627615974633,0.262760511647625,0.262758246576487,0.262757410180355,0.262762008793301,0.26276734972938,0.262770769773043,0.262772944527995,0.262775951506874,0.262778179852444,0.262780058558634,0.262782614931815,0.262788826338546,0.262795508308128,0.262802314380433,0.26280967214594,0.262821529470733,0.262834932704937,0.262850179537386,0.262864151145166,0.26287116507154,0.26287252205116,0.262871395219944,0.262869628786864,0.262866268027512,0.262861877639847,0.262856988321749,0.262854316463433,0.262850575033246,0.262845489653443,0.262840299844526,0.262833860479648,0.262823807097345,0.262811328113915,0.262799230382053,0.262787184337672,0.262775127713427,0.262764329893796,0.26275280583645,0.262739794883819,0.262726237122184,0.262713488252833,0.262702069778645,0.262690573146637,0.26267803664762,0.262664687077465,0.262650659649648,0.26263677101239,0.262622702825474,0.262607777702968,0.262590109362492,0.262569948582816,0.262547574207295,0.26252476722427,0.262504155448579,0.262486099612182,0.2624703746032,0.262455998208199,0.262443757653667,0.262433750510053,0.262426257931796,0.262421694747823,0.2624198484179,0.262420180403318,0.262422210668196,0.262425822865537,0.262430957854065,0.262437924798082,0.262445961980898,0.26245398744162,0.262461886033875,0.262470193239565,0.262478320988767,0.262486462413791,0.262494583692169,0.262503073273733,0.262510977031054,0.262518273581405,0.262524991793207,0.262531628650424,0.262538721124881,0.262545576055766,0.262551709462647,0.262557103784265,0.26256130942597,0.262563934069089,0.262565456177206,0.262566210561743,0.262564684758042,0.262560883293756,0.262556413262873,0.262552643630764,0.262548753355475,0.262543745728262,0.262538934163036,0.262534672221599,0.262530523191538,0.262525154907966,0.262518579187551,0.262511802528849,0.26250465952294,0.262496518890747,0.262487453661824,0.262477478651613,0.262466632320127,0.262455420393334,0.262443567256346,0.262429959886269,0.262416551426855,0.262403491914075,0.262390654064281,0.262377527235174,0.262364056148352,0.26235038566294,0.262336162656806,0.262320658027955,0.262304230284352,0.262287743253549,0.262270878259324,0.262253585999374,0.262235508517549,0.262216580517475,0.262197454195763,0.262178729258697,0.262159662093485,0.262140144505901,0.262120567145693,0.262100756294376,0.262080372675425,0.262059013503959,0.262036951124133,0.26201494947297,0.261993044148098,0.261970801312296,0.261948157598222,0.261925283830255,0.261902710217379,0.261880267972462,0.261857314112194,0.261834024290101,0.261810891526921,0.261787584686027,0.261763579083677,0.261739304361456,0.26171519766602,0.261690622929255,0.261672438857445,0.261672523428181
NaN,NaN,NaN,NaN,NaN,NaN,NaN,NaN,NaN,NaN,NaN,NaN,NaN,NaN,NaN,NaN,NaN,NaN,NaN,NaN,NaN,NaN,NaN,NaN,NaN,NaN,NaN,NaN,NaN,NaN,NaN,NaN,NaN,NaN,NaN,NaN,NaN,NaN,NaN,NaN,NaN,NaN,NaN,NaN,NaN,NaN,NaN,NaN,NaN,NaN,NaN,NaN,NaN,NaN,NaN,NaN,NaN,NaN,NaN,NaN,NaN,NaN,NaN,NaN,NaN,NaN,NaN,NaN,NaN,NaN,NaN,NaN,NaN,NaN,NaN,NaN,NaN,NaN,NaN,NaN,NaN,NaN,0.262794606772226,0.262785313115325,0.262781504613148,0.262774869841931,0.262765586435688,0.262754195356406,0.262739565538902,0.262725472595833,0.262714280700931,0.262704893344682,0.26269894930543,0.262695484202291,0.262693154368753,0.262692212542324,0.262692899489998,0.262692960266377,0.262692046326406,0.262689952872664,0.262689327952878,0.262694161098539,0.262699698917241,0.262703304329423,0.262705682039822,0.262708911965959,0.262711336533334,0.262713408354505,0.262716194847081,0.262722618510989,0.262729493028322,0.262736499981796,0.262744049376954,0.262756099172684,0.262769735990222,0.262785190794733,0.262799352464299,0.262806518772363,0.262808050949027,0.262807107379326,0.262805533034508,0.262802370535949,0.262798148280796,0.262793274568602,0.262790591931142,0.262786848487277,0.262781788819999,0.262776618552068,0.26277022263971,0.262760216990153,0.26274778243149,0.262735743820354,0.262723736328827,0.262711711213758,0.262700951227654,0.262689450375157,0.262676460564672,0.262662924712688,0.262650201553521,0.262638807242221,0.262627316958814,0.262614803518334,0.262601498557639,0.26258750821899,0.262573651070008,0.262559613648436,0.262544709171578,0.262527075834542,0.262506944574674,0.262484622756093,0.262461866489615,0.262441285966536,0.262423260157058,0.262407558045013,0.262393199456359,0.26238098895422,0.262371010864145,0.262363527574022,0.262358974926188,0.262357152138886,0.262357515685051,0.262359593029917,0.262363257760503,0.262368444462773,0.262375463074172,0.262383558569432,0.262391638739531,0.262399577705697,0.262407924977848,0.262416082562902,0.262424262291646,0.262432428927287,0.262440970064298,0.262448916030411,0.262456253470049,0.262463014036788,0.262469688683541,0.262476814996593,0.262483710466582,0.262489887640329,0.262495295375112,0.262499505992841,0.262502154720103,0.262503715222184,0.262504511259388,0.262503025397152,0.262499258041988,0.262494824590582,0.262491097857623,0.262487257526128,0.262482298947479,0.262477538830056,0.262473317251877,0.26246920662701,0.262463887592983,0.262457357697507,0.262450607497674,0.262443491880179,0.262435391074792,0.262426374606983,0.262416444550603,0.262405626058467,0.262394425821938,0.262382573094423,0.262369235654792,0.262356112656342,0.262343338513652,0.262330782637557,0.262317930578335,0.262304730055326,0.262291331196472,0.262277381897737,0.26226214743343,0.262245983310761,0.26222976363906,0.262213165109827,0.262196133009823,0.262178313009939,0.262159645274421,0.262140780411842,0.262122306848325,0.262103486587096,0.262084211903429,0.262064876148013,0.26204530474564,0.262025165800275,0.262004051350449,0.261982237089186,0.261960483267317,0.261938826806369,0.2619168273917,0.261894422738968,0.261871793995327,0.26184947201627,0.261827279110391,0.261804574130632,0.261781531960517,0.261758652628597,0.261735589547549,0.261711815136255,0.261687791272458,0.261663743508048,0.261639449776858,0.261638124381528,0.261672606952809
NaN,NaN,NaN,NaN,NaN,NaN,NaN,NaN,NaN,NaN,NaN,NaN,NaN,NaN,NaN,NaN,NaN,NaN,NaN,NaN,NaN,NaN,NaN,NaN,NaN,NaN,NaN,NaN,NaN,NaN,NaN,NaN,NaN,NaN,NaN,NaN,NaN,NaN,NaN,NaN,NaN,NaN,NaN,NaN,NaN,NaN,NaN,NaN,NaN,NaN,NaN,NaN,NaN,NaN,NaN,NaN,NaN,NaN,NaN,NaN,NaN,NaN,NaN,NaN,NaN,NaN,NaN,NaN,NaN,NaN,NaN,NaN,NaN,NaN,NaN,NaN,NaN,NaN,NaN,NaN,NaN,NaN,0.262807560574744,0.26279699866457,0.26279217452641,0.262785313470876,0.26277336349557,0.262759010763246,0.262742921023253,0.262726932374978,0.262713240498682,0.262703117811537,0.262695050367438,0.262690134586554,0.262685092011263,0.262682363731881,0.262680840711645,0.262679317443634,0.262677992009096,0.262675204302277,0.262673544162237,0.262673815617046,0.262676377481444,0.262680698516376,0.262683301922883,0.262686513361585,0.262690162595996,0.262693600826139,0.262697633667713,0.262704031650164,0.262710282041663,0.262717263424321,0.26272700411944,0.262740385030136,0.262753340633899,0.262766720020228,0.262775385681418,0.262776347247691,0.262772670919229,0.262770104153849,0.262765966141539,0.262760656087438,0.26275626767053,0.262753585922807,0.262751652058738,0.262748555289421,0.262744953511509,0.262742006917836,0.262738137990196,0.262731629563664,0.262722785840562,0.262713136076905,0.26270300982855,0.262693051922569,0.262683520086425,0.262673555703832,0.262662363895088,0.262650401061905,0.262638440869062,0.262627082793475,0.262616407880382,0.262606380655227,0.262595824557609,0.26258400335719,0.262571854080183,0.262559952097417,0.26254769018844,0.26253419725115,0.262519025628961,0.262501963413189,0.262484359246205,0.262467235061294,0.26245184308725,0.262438551204984,0.262427304480527,0.262417813414644,0.262409642687717,0.262403843569908,0.262399998338515,0.262397734666745,0.262397795513193,0.262400760897318,0.262405040335986,0.262408764031424,0.262412253601235,0.262416811973158,0.262422634673381,0.26242932028078,0.2624355607317,0.262440801218589,0.262445353716051,0.262449531161168,0.262454594198432,0.262461502595746,0.262469140663329,0.262475944896977,0.26248127055618,0.262485893265209,0.262491008641149,0.262496293723706,0.262500249906486,0.262501573951617,0.262501584949301,0.262500612095936,0.26249847895269,0.26249614376625,0.262492499321306,0.262487501291312,0.262482048712716,0.262475937510863,0.262470400088486,0.262465805018161,0.262461594964465,0.262457052049581,0.262451571731317,0.262445556368095,0.2624384658131,0.262430055626141,0.262420912936863,0.262411400393043,0.262401625244003,0.262391112331379,0.26237969341597,0.262367434129057,0.262354260407898,0.262341040310315,0.262327742137438,0.262314743339414,0.262301663777343,0.262288207428059,0.262274429619979,0.262260192862431,0.262245342728324,0.262229874344056,0.262214013759088,0.262197925127905,0.262181729266101,0.262165051457202,0.262147307704029,0.262128972411045,0.262110685000996,0.262092159506027,0.262073363028671,0.262054347989874,0.262034733059042,0.262014404187129,0.261993120849725,0.261971168369591,0.261949117463431,0.261927214201803,0.26190537193663,0.26188362788782,0.26186211599757,0.261840682882479,0.261818854709682,0.261796653919987,0.26177400578277,0.261751498612753,0.261729264118952,0.261706468089988,0.261683093460036,0.261658999748985,0.261632515299102,0.26164221288663,0.261692669204274
NaN,NaN,NaN,NaN,NaN,NaN,NaN,NaN,NaN,NaN,NaN,NaN,NaN,NaN,NaN,NaN,NaN,NaN,NaN,NaN,NaN,NaN,NaN,NaN,NaN,NaN,NaN,NaN,NaN,NaN,NaN,NaN,NaN,NaN,NaN,NaN,NaN,NaN,NaN,NaN,NaN,NaN,NaN,NaN,NaN,NaN,NaN,NaN,NaN,NaN,NaN,NaN,NaN,NaN,NaN,NaN,NaN,NaN,NaN,NaN,NaN,NaN,NaN,NaN,NaN,NaN,NaN,NaN,NaN,NaN,NaN,NaN,NaN,NaN,NaN,NaN,NaN,NaN,NaN,NaN,NaN,NaN,0.262819213234315,0.262809509847149,0.262802044608672,0.262793587764214,0.262781584933161,0.262764048035234,0.262748062112634,0.262732948396984,0.26272025526962,0.262710543628321,0.262701610456605,0.262696088910611,0.262691350581561,0.262688165806797,0.262686672528799,0.262683566682915,0.262680600105988,0.262677642531157,0.262675223774952,0.262676384799522,0.262680051451796,0.262685317702508,0.262688702310898,0.26269226737986,0.262696471076755,0.262700089425593,0.262703533298075,0.262708700745901,0.262713500880689,0.262719108205066,0.262727092361314,0.262736644957616,0.262745908973422,0.262755959316485,0.262760303509797,0.262758703698221,0.262754370004179,0.262751066157634,0.262747331635129,0.262742159774154,0.262738602207491,0.262736746262243,0.262734866553855,0.262732166842006,0.262730505775672,0.262729280325269,0.262727095357181,0.262722950427156,0.262715438274217,0.262705640976039,0.26269598929596,0.262688026119838,0.262680503135776,0.262672367104748,0.262662305438918,0.262651146529006,0.262640196405912,0.26262979969752,0.262620820861602,0.262612224995236,0.262602845063617,0.262591939263251,0.262580493667237,0.262569934606613,0.262559548438689,0.262548152367149,0.262535341680262,0.2625210550542,0.262505766431008,0.262490425554762,0.262476694469121,0.26246563090554,0.262456086377313,0.262446225604464,0.262437400674426,0.262430929942929,0.262426376853507,0.262422767666883,0.262421015806002,0.262421514366205,0.262423652237426,0.262426776128737,0.26242954875771,0.262431927889607,0.262434748926079,0.262438962051993,0.262444177588175,0.262448537395069,0.262452456728817,0.26245641549776,0.262460849859827,0.262465782961917,0.262472033394145,0.262478590870591,0.262484155532006,0.262488633998389,0.262492967024524,0.262497247378454,0.262501256795337,0.262504186847309,0.262505696024196,0.262506203655816,0.262504539389616,0.262501060266233,0.262497393135391,0.262493647962695,0.262489246796709,0.26248413249877,0.262478116104834,0.26247203165764,0.262467138634356,0.262463383558914,0.26245914707599,0.262453772185784,0.262446941534855,0.262439059627268,0.262429858595291,0.262419505036663,0.262408725044168,0.26239759422631,0.262386149813298,0.262374192215837,0.262361398258987,0.262348468996399,0.262335422455981,0.262322298664854,0.262308978566499,0.262295222236638,0.262281428191742,0.262267500216153,0.262253257133069,0.262238523649896,0.262223092658256,0.262207166330901,0.26219107682346,0.262174577063226,0.26215756848204,0.262140380696977,0.262122900317296,0.262104644153337,0.262085972548289,0.262066988806402,0.262047729944784,0.262027999317537,0.262007488541004,0.261986428432133,0.26196476505583,0.261942765418589,0.261920982475671,0.261899731846476,0.261878436469539,0.261857223698978,0.261836111274146,0.261814456235648,0.261792328628092,0.261770189260824,0.261747880786473,0.261724858145654,0.261701645121048,0.261678032767824,0.261653073016998,0.26166038989961,0.26171134844619
NaN,NaN,NaN,NaN,NaN,NaN,NaN,NaN,NaN,NaN,NaN,NaN,NaN,NaN,NaN,NaN,NaN,NaN,NaN,NaN,NaN,NaN,NaN,NaN,NaN,NaN,NaN,NaN,NaN,NaN,NaN,NaN,NaN,NaN,NaN,NaN,NaN,NaN,NaN,NaN,NaN,NaN,NaN,NaN,NaN,NaN,NaN,NaN,NaN,NaN,NaN,NaN,NaN,NaN,NaN,NaN,NaN,NaN,NaN,NaN,NaN,NaN,NaN,NaN,NaN,NaN,NaN,NaN,NaN,NaN,NaN,NaN,NaN,NaN,NaN,NaN,NaN,NaN,NaN,NaN,NaN,NaN,0.26283039834779,0.262820791601616,0.262812634369619,0.262801276445256,0.262788488049509,0.262772736585769,0.262758150010943,0.262744278716839,0.262731647277789,0.262718889454806,0.262710046587353,0.262704309230384,0.26269987741654,0.262695935270676,0.262692548330734,0.262688541308878,0.262685356163862,0.262680468512008,0.262677731693193,0.262679400700028,0.262682467445612,0.262687657458243,0.262692491552965,0.262696436884766,0.262699989227397,0.262703651036723,0.262707925417974,0.262712434308003,0.262714694741415,0.262718182262038,0.26272464918418,0.262732317205306,0.262740169414174,0.262747225767743,0.262750998998548,0.2627519581261,0.262749887797793,0.262747276884065,0.262743244419126,0.262737953579935,0.262734603662641,0.26273325160772,0.262731312884551,0.262729174361665,0.262728397314556,0.262727208895965,0.262724700213179,0.262720914875493,0.262714195596055,0.262704909877421,0.26269599291965,0.262689119711155,0.262682764877079,0.262675492997603,0.262667188787096,0.262657003828757,0.262646419649185,0.2626362535067,0.262627533686009,0.262620346264115,0.262613400102833,0.262605011935878,0.262595425741052,0.262586301742558,0.262577244298709,0.262568169058339,0.262558034018076,0.262546302474786,0.26253297776464,0.262519429150172,0.262507172040602,0.262497075163446,0.262487589923823,0.262478198684835,0.262469204055366,0.262461696602283,0.262456225459909,0.262452703448921,0.262450693269732,0.262449788137262,0.262449902243804,0.262450865156991,0.26245282118179,0.262455321784843,0.262457472601969,0.26245920981819,0.262461777138112,0.262465475657444,0.262468973458142,0.262472072526694,0.262475613802261,0.26247910243645,0.262483168714953,0.262488159983151,0.262493428748834,0.262497760809652,0.262500866054709,0.26250310236253,0.262504890421082,0.262506383211152,0.262507077554093,0.262507261509492,0.262507738078845,0.262506263768624,0.262502994321195,0.262498951407786,0.262494952635928,0.262490267771042,0.262485305454449,0.26247962462845,0.262472905978848,0.262466596328773,0.262461267554018,0.262456292905753,0.262450829713788,0.262444423878868,0.26243659548122,0.262427055915691,0.262416159509905,0.262404267085619,0.262392007095176,0.262379684589674,0.262367265238258,0.262354564412437,0.262341765596245,0.26232871364739,0.262315261580962,0.262301646874075,0.26228804438577,0.262274398995451,0.262260308830728,0.262245448263213,0.262229853609738,0.262214023479406,0.262198153410055,0.262181961889094,0.262165357189071,0.262148518224559,0.262131401638938,0.26211377726629,0.262095381313441,0.262076719606334,0.262057919014263,0.262038521701524,0.262018801104873,0.261998579369759,0.261977812476284,0.261956277350333,0.261934442868031,0.261912810366789,0.261891536258572,0.261870866290526,0.261850344184892,0.261829156747829,0.261807442148933,0.261785191834278,0.261762307013024,0.261738948501501,0.261716110357531,0.26169343701801,0.261670051351895,0.261678064739372,0.261729223297067
NaN,NaN,NaN,NaN,NaN,NaN,NaN,NaN,NaN,NaN,NaN,NaN,NaN,NaN,NaN,NaN,NaN,NaN,NaN,NaN,NaN,NaN,NaN,NaN,NaN,NaN,NaN,NaN,NaN,NaN,NaN,NaN,NaN,NaN,NaN,NaN,NaN,NaN,NaN,NaN,NaN,NaN,NaN,NaN,NaN,NaN,NaN,NaN,NaN,NaN,NaN,NaN,NaN,NaN,NaN,NaN,NaN,NaN,NaN,NaN,NaN,NaN,NaN,NaN,NaN,NaN,NaN,NaN,NaN,NaN,NaN,NaN,NaN,NaN,NaN,NaN,NaN,NaN,NaN,NaN,NaN,NaN,0.262837101867301,0.262830603854774,0.262821565737835,0.262808986881555,0.26279575788572,0.26278277963664,0.262769280841729,0.26275590003165,0.262743184112377,0.262729964101514,0.262720421740658,0.26271366518853,0.262709516362756,0.262704595394755,0.262699733282811,0.262695384307347,0.26268993637214,0.262684127512865,0.26268207164018,0.262684133846125,0.262686651766263,0.262691201519501,0.262696112939544,0.262700371778162,0.262703723275956,0.262707299937166,0.262712563964749,0.262716630555483,0.262717712854098,0.262719315811082,0.262724403645422,0.262731999406262,0.262739072703416,0.262745378325911,0.262749244778314,0.262751131944651,0.262751776054303,0.26274994008069,0.262744476960809,0.262738971148063,0.262736611628861,0.26273550518505,0.262733310314563,0.262731019097598,0.262730313149815,0.262728967576124,0.262726662390992,0.262722678016455,0.262716366474846,0.262708414751522,0.262700806635437,0.26269403180819,0.262687909094578,0.26268134642864,0.262673551816804,0.262665019745279,0.262655169580228,0.262644313119886,0.262635283363643,0.262628563290857,0.262623503087667,0.262618053177624,0.262609806205096,0.262600043834499,0.262591079291493,0.262583135926903,0.262575058731207,0.262565974081461,0.262555168933048,0.262542671466231,0.262530248515844,0.262519298859667,0.262509821268062,0.262500840020754,0.262491822711885,0.262483844162388,0.262477312231955,0.262473153805256,0.262470464971603,0.262468791198438,0.262468055288107,0.262467566087752,0.262467742672966,0.262468922138983,0.262470550356828,0.262471841407523,0.262472694148544,0.262474019996271,0.26247706786891,0.262479742232639,0.262481716397173,0.262483782727505,0.262486290818771,0.262489327178157,0.262492513116518,0.262496081705556,0.262500180800272,0.262503793371818,0.262506743207583,0.26250853386739,0.262509206879319,0.262509424577792,0.262509315581267,0.26250864226292,0.262506776016563,0.262503858863843,0.262500368876758,0.262495824469995,0.262490152221557,0.26248404186816,0.262477644240867,0.262471108390469,0.262464918330945,0.262459023510943,0.262453021922052,0.26244655673152,0.262439416746804,0.262431236955183,0.262421770979369,0.262411168244501,0.262399457521008,0.262386802547916,0.26237399658277,0.262361276528035,0.2623485957637,0.262335686760198,0.262322404834962,0.262309020195923,0.262295804172787,0.262282432416349,0.262268676722967,0.262254063539007,0.262238531309153,0.262222449476994,0.262206460281421,0.262190544814107,0.262174614306641,0.262157995035383,0.262140764334071,0.262123321523677,0.262105456269429,0.262086880995824,0.262067924334536,0.262048885369575,0.262029438413624,0.262009958404106,0.261989945735125,0.261969260081704,0.261948205817334,0.261926770892156,0.261905346228093,0.261884140153132,0.261863550058834,0.261842836517279,0.261821302447849,0.261799158225511,0.261776589296917,0.261753677968564,0.261731216557369,0.261709190359405,0.261686535699577,0.261695638339635,0.261747224739121
NaN,NaN,NaN,NaN,NaN,NaN,NaN,NaN,NaN,NaN,NaN,NaN,NaN,NaN,NaN,NaN,NaN,NaN,NaN,NaN,NaN,NaN,NaN,NaN,NaN,NaN,NaN,NaN,NaN,NaN,NaN,NaN,NaN,NaN,NaN,NaN,NaN,NaN,NaN,NaN,NaN,NaN,NaN,NaN,NaN,NaN,NaN,NaN,NaN,NaN,NaN,NaN,NaN,NaN,NaN,NaN,NaN,NaN,NaN,NaN,NaN,NaN,NaN,NaN,NaN,NaN,NaN,NaN,NaN,NaN,NaN,NaN,NaN,NaN,NaN,NaN,NaN,NaN,NaN,NaN,NaN,NaN,0.262842210534761,0.262836769090355,0.262829097780366,0.26281666697765,0.262804369441031,0.262792148114474,0.26277931887369,0.2627663344618,0.262753849805295,0.262742543980378,0.262731326588842,0.26272356771908,0.262718718274531,0.262713279910485,0.262706668396333,0.262700070506724,0.262694862602609,0.262689840383356,0.262687560116577,0.262688984476635,0.262690928871983,0.262694825831131,0.262699096224004,0.262703533418192,0.262707207158395,0.262711271515678,0.262717380982155,0.262721484703424,0.262722119071211,0.262722243244948,0.262726516550801,0.262733387567206,0.262739529941394,0.262745923509806,0.262750219008098,0.262753418718013,0.262756379909698,0.262756427527363,0.262751833405266,0.262746268603985,0.262743816974479,0.262742044135647,0.262738646864064,0.26273528998182,0.262733560176194,0.262732808252469,0.262731920194886,0.262729240263689,0.262723795472862,0.262717070075464,0.262710229295326,0.262703437633994,0.262696971794657,0.262690451201446,0.262683989861365,0.262676711473122,0.262667847042228,0.262657799306324,0.262649040431742,0.26264301397676,0.262639417042405,0.262634729005859,0.26262688262668,0.262617946872934,0.262609882193505,0.262602643547461,0.262595267809023,0.262587493795733,0.262577973298901,0.2625661694262,0.262553888701493,0.2625425772304,0.262532917779986,0.262523525897391,0.262514552022352,0.262506235462908,0.262498935712417,0.262493573219783,0.262489819087869,0.262486945191274,0.262484573317648,0.262482770032034,0.262481591113342,0.262480852862262,0.26248035362907,0.262480529639691,0.262480923049546,0.262481208286868,0.262481427868465,0.262482547938877,0.262484168857827,0.262485981984949,0.262487932967353,0.262489982742668,0.26249266874355,0.262495771554967,0.262499356093233,0.262503389588757,0.262506937520424,0.262510019649111,0.262511921049338,0.262512881541606,0.262513279659668,0.262512815156972,0.262510965996937,0.262508202738897,0.262504946256559,0.262500777685349,0.262495908492288,0.262489571526738,0.26248294346767,0.262476672803669,0.262470800518447,0.2624649952831,0.262458555902314,0.262451461521954,0.262444246976722,0.26243651036946,0.262427629822413,0.262417525648908,0.262406512873931,0.26239463445151,0.262382180001181,0.262369567561131,0.262356533735657,0.262343448424911,0.262330490199472,0.2623177178738,0.262304580977041,0.262290815500469,0.262276831389631,0.262262546093276,0.262247470486536,0.262231770663142,0.262216125804924,0.26220023517935,0.262184593993959,0.262168543221251,0.262151700204577,0.262134438692596,0.262116722943831,0.262098692594897,0.262080271695658,0.262061111195097,0.262041602110701,0.262022060072426,0.262002309429172,0.261982201200475,0.261961598145216,0.261940593981164,0.261919052999431,0.261897596363593,0.261876619541795,0.261855996544492,0.261834457916152,0.26181273067027,0.261791125744244,0.261769131841547,0.261747829630832,0.261726204218188,0.261703837742546,0.26171358180063,0.261765591354154
NaN,NaN,NaN,NaN,NaN,NaN,NaN,NaN,NaN,NaN,NaN,NaN,NaN,NaN,NaN,NaN,NaN,NaN,NaN,NaN,NaN,NaN,NaN,NaN,NaN,NaN,NaN,NaN,NaN,NaN,NaN,NaN,NaN,NaN,NaN,NaN,NaN,NaN,NaN,NaN,NaN,NaN,NaN,NaN,NaN,NaN,NaN,NaN,NaN,NaN,NaN,NaN,NaN,NaN,NaN,NaN,NaN,NaN,NaN,NaN,NaN,NaN,NaN,NaN,NaN,NaN,NaN,NaN,NaN,NaN,NaN,NaN,NaN,NaN,NaN,NaN,NaN,NaN,NaN,NaN,NaN,NaN,0.262844059296621,0.262840367297528,0.262833312972757,0.26282355755785,0.262811758285452,0.262799722206447,0.262787058161297,0.262774287727228,0.262762692313345,0.262753779181826,0.262742066724909,0.26273302960172,0.262727235634436,0.262721440221248,0.262713695904336,0.262706534830568,0.262701570770506,0.262697893615455,0.262695591909926,0.262693841092185,0.262694442845745,0.262698573594241,0.262702768475169,0.262707683660885,0.262711465783346,0.262715162372684,0.262721710544895,0.262726928920686,0.262728024171379,0.262728045684609,0.262731793378589,0.262737927435903,0.262743859620884,0.262749504491945,0.262754550229807,0.262759390144143,0.262764345928065,0.262766001877385,0.262761735879691,0.262757000334037,0.262754243827877,0.262751962479998,0.262747203335934,0.262742875926215,0.262740909769986,0.262740181028102,0.262740119928573,0.262738968918151,0.262735572609694,0.262730013364111,0.262722952732195,0.262715340947769,0.262708152339477,0.262702125141395,0.262697092128951,0.262691148550808,0.262683432958646,0.262673883580228,0.262665884734557,0.26266083909645,0.262657581573439,0.262653448360018,0.26264714483653,0.262639910987391,0.262633284428028,0.262626652640014,0.262619762808986,0.262612437183412,0.262602943657619,0.262591175866898,0.262579193639274,0.262568435725622,0.262558553281815,0.262549670921203,0.262540976725561,0.262531871747031,0.262523147461615,0.262514980569711,0.262508790067738,0.262504606317809,0.262501317253237,0.262498514197737,0.262496343714393,0.262493911777884,0.262491182372678,0.262489241297883,0.262488563087499,0.262489037486825,0.262489479679112,0.262489541033353,0.262489915957316,0.262490994306345,0.262492444337845,0.262493591172514,0.262495527238789,0.262498597417608,0.262502430464418,0.262505810789385,0.262509311384789,0.262511904775362,0.262512590090298,0.262512957397613,0.262513932255741,0.262514510586249,0.262514790154746,0.262513379744289,0.262510309534971,0.262505919340404,0.262500773368406,0.262495175956897,0.262489162640014,0.262482499087146,0.262475960667415,0.262469524472,0.262462905267493,0.262456318478421,0.262449726465361,0.262442314849232,0.262433874835868,0.262424103053971,0.26241302879349,0.26240132760937,0.262389064532727,0.262376859877631,0.262364204451575,0.262351459022604,0.262339074279328,0.262326638314006,0.26231355614981,0.262299797483194,0.262285688413929,0.262271160757598,0.262255969523512,0.262240686009669,0.262225336657203,0.262209589950909,0.262193826815403,0.262178153578722,0.262161944141088,0.262145182806783,0.262128149219819,0.262110600738067,0.262092545188956,0.262074174354242,0.262055270428402,0.262035630726659,0.262015683282273,0.261995346853355,0.261974415319196,0.261953348123092,0.26193225805446,0.261911161074336,0.26189036345942,0.261869669805391,0.261848218329057,0.261826725754046,0.26180555098475,0.261784759917268,0.261764763545837,0.261743854265481,0.261721922347897,0.261731777133868,0.261784223196919
NaN,NaN,NaN,NaN,NaN,NaN,NaN,NaN,NaN,NaN,NaN,NaN,NaN,NaN,NaN,NaN,NaN,NaN,NaN,NaN,NaN,NaN,NaN,NaN,NaN,NaN,NaN,NaN,NaN,NaN,NaN,NaN,NaN,NaN,NaN,NaN,NaN,NaN,NaN,NaN,NaN,NaN,NaN,NaN,NaN,NaN,NaN,NaN,NaN,NaN,NaN,NaN,NaN,NaN,NaN,NaN,NaN,NaN,NaN,NaN,NaN,NaN,NaN,NaN,NaN,NaN,NaN,NaN,NaN,NaN,NaN,NaN,NaN,NaN,NaN,NaN,NaN,NaN,NaN,NaN,NaN,NaN,0.262845002829417,0.262841878542405,0.262835338507318,0.262827591582481,0.262817512825874,0.262806621832799,0.262794467108415,0.262781346844038,0.262771066726422,0.262763235059411,0.262751570044521,0.26274210428941,0.262735643290256,0.26272981607912,0.262722517370259,0.262715132259902,0.262709356569333,0.26270595123943,0.262704303605183,0.262699840866053,0.262698473352834,0.26270304923801,0.262708257495524,0.262713518946423,0.262717235207647,0.262720541887842,0.262726959986581,0.262732850709725,0.262735031851902,0.262736053583428,0.262738997639856,0.26274475915472,0.262750112560773,0.262755007743729,0.262760268252234,0.262765857473841,0.262772566207947,0.262775998185069,0.262772659658599,0.262768211909933,0.262766008624185,0.26276405848325,0.262759788287282,0.262755136020729,0.262752856645786,0.262751771232019,0.262751494632143,0.26275092831897,0.262748153884364,0.262743156039883,0.262735735227053,0.262727641972961,0.262720180431558,0.262714907243162,0.262711248403768,0.26270617856384,0.262698803628127,0.262689618591302,0.262681917356103,0.262677921201475,0.262675290936237,0.262671392954891,0.262666224974347,0.262660404733681,0.262655522724231,0.26265088849384,0.262645304802856,0.262638821614731,0.262629914888132,0.262617483820578,0.262604585255304,0.262593767773634,0.262584570160473,0.262575723099159,0.262566802067218,0.262557009495099,0.262546438023061,0.262535974498075,0.26252755568377,0.262521660956313,0.262516955015254,0.262513566842282,0.262510812444501,0.262507961149847,0.262504054284208,0.262500891846758,0.262498265924182,0.262496808173761,0.262496503129026,0.262496885335638,0.262497135972714,0.262497442045995,0.262497918929318,0.262498540860715,0.262499476096717,0.262501406215285,0.262504330377665,0.26250821211531,0.2625113421003,0.262513729546487,0.262514020006858,0.262512917707933,0.262512838762864,0.262513025898566,0.262514071561754,0.262515953343232,0.262515684612263,0.262513046772034,0.262508601152884,0.26250297926047,0.262496590655914,0.26248999707326,0.262482930061081,0.262474986344117,0.262467258200441,0.262459987195619,0.262452874988813,0.262446267347596,0.262438948108503,0.262429995706341,0.262419491344885,0.262407826223555,0.262395806667097,0.262383605053899,0.262371095472013,0.262358793541922,0.262346874458305,0.262334927879863,0.262322471201561,0.262309306201478,0.26229532669471,0.262280626410608,0.262265539236155,0.262250094908358,0.262233797187405,0.262218165634976,0.262202076618891,0.262186546134466,0.262170861048696,0.262154637337369,0.262138178746822,0.262121133570838,0.262103438269028,0.262085430153136,0.262066871612281,0.262047849521452,0.262028283972083,0.262008046172808,0.26198730317408,0.261966282045847,0.261945221342244,0.261924918241874,0.261904722360272,0.261884246647026,0.261863126989475,0.261841408177837,0.261820669030605,0.261800709889934,0.261781408797452,0.261761485233695,0.261740211112881,0.261750092647034,0.261802993558687
NaN,NaN,NaN,NaN,NaN,NaN,NaN,NaN,NaN,NaN,NaN,NaN,NaN,NaN,NaN,NaN,NaN,NaN,NaN,NaN,NaN,NaN,NaN,NaN,NaN,NaN,NaN,NaN,NaN,NaN,NaN,NaN,NaN,NaN,NaN,NaN,NaN,NaN,NaN,NaN,NaN,NaN,NaN,NaN,NaN,NaN,NaN,NaN,NaN,NaN,NaN,NaN,NaN,NaN,NaN,NaN,NaN,NaN,NaN,NaN,NaN,NaN,NaN,NaN,NaN,NaN,NaN,NaN,NaN,NaN,NaN,NaN,NaN,NaN,NaN,NaN,NaN,NaN,NaN,NaN,NaN,NaN,0.262846401880689,0.262842621956333,0.262837522936729,0.262830278431743,0.262821611603837,0.262812711642315,0.262801469377138,0.2627887093355,0.262778217115533,0.262770810806183,0.262761849424331,0.262751812435915,0.262744236497589,0.262738141512637,0.262731245608486,0.262724290475536,0.262717743573189,0.26271402022992,0.262711238093928,0.262706706554357,0.262704821953895,0.262708429170636,0.26271382141931,0.262719117375617,0.26272343550038,0.262727389225242,0.262733167919166,0.26273837184256,0.262741613928446,0.262743564590122,0.26274649218668,0.262752305708136,0.262757132569085,0.262761139591409,0.262765634439363,0.262771691539798,0.262779005372458,0.262783456126932,0.262782156376919,0.262779352396524,0.262778891035717,0.262778643838425,0.262774858202003,0.262770053731337,0.262766600318659,0.262764556508965,0.262763787152633,0.262763078464374,0.262760981348435,0.262756156793602,0.262748751314657,0.262740903061001,0.262733639261227,0.262728632024964,0.262724993025667,0.262720050081462,0.262712082728598,0.262704445458502,0.262697084447888,0.262693892165763,0.262691739222387,0.262688226643804,0.262683021991442,0.262677465083465,0.262674018565448,0.262671424996354,0.262667595364227,0.26266217519778,0.262653742937056,0.262640528354223,0.262627083580867,0.262615633410179,0.2626065384146,0.262598175512836,0.262588915631823,0.262578157270804,0.262565932581594,0.262554235201197,0.262545278286464,0.262537792282043,0.262531648764608,0.262526587850713,0.262522481220442,0.262518884598512,0.262514847123714,0.262511005703828,0.262507539635091,0.262504795810903,0.262502614457334,0.262501276520693,0.262501582827925,0.262502263729613,0.262503168319516,0.262503525030041,0.262504952165048,0.262507030649419,0.262509256261628,0.262512147318356,0.262514448306625,0.262515628802859,0.262516017955914,0.262515747184648,0.262514413808558,0.262514162817942,0.262514832794503,0.262516726100868,0.262518545269404,0.262518232028398,0.262515731016152,0.26251149282135,0.262506117081584,0.262499689641494,0.262492577479028,0.262483343191562,0.262473495103937,0.262465010841619,0.262457297428859,0.26245007962551,0.262442602925113,0.2624346708122,0.262425377230071,0.262414711329879,0.26240334737099,0.262391510070211,0.262379139019214,0.262366623538196,0.262354576932486,0.262342746794654,0.262330689760754,0.262318105662574,0.262304721792002,0.26229033321505,0.262275610769813,0.262260481934397,0.262243672378466,0.262226591093061,0.2622103384213,0.262194407745315,0.262178127982708,0.26216173131535,0.262145794235166,0.262129381645468,0.262112465143076,0.262094809895912,0.262076527566584,0.262058056247653,0.262039394435186,0.26202013052359,0.262000367634034,0.26198009291006,0.261959338629946,0.261938690244522,0.261918509277847,0.261898152402514,0.261877530668307,0.261856557753647,0.261836337743601,0.261816431543736,0.261797393801044,0.261778325754505,0.261757521451572,0.261766951183655,0.261820318635055
NaN,NaN,NaN,NaN,NaN,NaN,NaN,NaN,NaN,NaN,NaN,NaN,NaN,NaN,NaN,NaN,NaN,NaN,NaN,NaN,NaN,NaN,NaN,NaN,NaN,NaN,NaN,NaN,NaN,NaN,NaN,NaN,NaN,NaN,NaN,NaN,NaN,NaN,NaN,NaN,NaN,NaN,NaN,NaN,NaN,NaN,NaN,NaN,NaN,NaN,NaN,NaN,NaN,NaN,NaN,NaN,NaN,NaN,NaN,NaN,NaN,NaN,NaN,NaN,NaN,NaN,NaN,NaN,NaN,NaN,NaN,NaN,NaN,NaN,NaN,NaN,NaN,NaN,NaN,NaN,NaN,NaN,0.262847470889285,0.262843916212009,0.262839505437688,0.262833071959403,0.262824177468243,0.262817535781551,0.262808070812054,0.262796337306997,0.26278550408813,0.262777832477089,0.262771077523692,0.262762011947984,0.262753146096585,0.262745704442346,0.262739455633806,0.262732795574397,0.262726911824071,0.262722589926511,0.262718574158195,0.262714845474212,0.262713415725257,0.262714915363993,0.262718307716388,0.26272282775228,0.262728169655276,0.262734456056564,0.262739550435713,0.2627435515679,0.26274695254785,0.262750397786759,0.26275373982052,0.262760249276914,0.262764564408513,0.262767762899082,0.2627719923426,0.26277810526121,0.262784492506862,0.262789584074479,0.262791235657387,0.262791025807898,0.262790988645144,0.262791996237941,0.262789509218834,0.262785809656855,0.262781671025958,0.262777999823881,0.262776374521713,0.262775289392012,0.262773271684517,0.262769037685941,0.262762541982028,0.262754701337606,0.262747209457377,0.262741669914524,0.262737677742358,0.262732961608545,0.262725327018174,0.262719522438627,0.262713615124453,0.262710901741712,0.262708633820252,0.262705047390539,0.262700089991248,0.262695587070394,0.262692647143241,0.262690482219258,0.262687206837283,0.262682369710074,0.262675712069782,0.262663363108347,0.262647395931981,0.262634399046828,0.262624438194732,0.262615859903673,0.2626076555652,0.262597269915997,0.262584432553616,0.262572477057017,0.262562787138796,0.262553434224591,0.26254427111265,0.262538274138576,0.26253268219033,0.262527725473597,0.26252455680742,0.262521134364284,0.262516212653728,0.262512214686913,0.262510717118099,0.262508482148262,0.262507225612261,0.262507654418076,0.262508508951584,0.262508748914695,0.26250994522499,0.262512806228918,0.262516289399376,0.26251853590749,0.262519939195812,0.262521210550325,0.262520641529023,0.262519974004157,0.26251991352487,0.2625191420552,0.262520071428731,0.262521599555377,0.262522908536549,0.262522029688422,0.262519725555366,0.262516575024709,0.26251292568396,0.262508539821779,0.262503572172564,0.26249497023694,0.262484340792659,0.262473906122344,0.262464614044592,0.262456544850312,0.262449115075328,0.26244100822645,0.262432171215929,0.262421762027327,0.262410716809016,0.262399354573107,0.262387338377648,0.262374909185948,0.262362579897364,0.262350538995481,0.26233849945062,0.262326245530616,0.262313441036776,0.262299372465576,0.26228463129289,0.262270034049883,0.262253830113511,0.262236126318498,0.262218970643851,0.262202616736122,0.262186068948777,0.262169034918155,0.26215227936944,0.262136006206431,0.262119650337669,0.262102937466838,0.262085691121644,0.262067914757592,0.262050030816612,0.2620320243148,0.26201355646782,0.261994058232523,0.261973891211147,0.261953170547548,0.261931931761766,0.261911350831375,0.261891179380264,0.261871221972168,0.26185170879775,0.261832030364558,0.261812862804571,0.261793779419099,0.261773317733455,0.261782507484034,0.261836339744648
NaN,NaN,NaN,NaN,NaN,NaN,NaN,NaN,NaN,NaN,NaN,NaN,NaN,NaN,NaN,NaN,NaN,NaN,NaN,NaN,NaN,NaN,NaN,NaN,NaN,NaN,NaN,NaN,NaN,NaN,NaN,NaN,NaN,NaN,NaN,NaN,NaN,NaN,NaN,NaN,NaN,NaN,NaN,NaN,NaN,NaN,NaN,NaN,NaN,NaN,NaN,NaN,NaN,NaN,NaN,NaN,NaN,NaN,NaN,NaN,NaN,NaN,NaN,NaN,NaN,NaN,NaN,NaN,NaN,NaN,NaN,NaN,NaN,NaN,NaN,NaN,NaN,NaN,NaN,NaN,NaN,NaN,0.262846772990041,0.262844159304257,0.26284091551354,0.26283589456538,0.262827349531865,0.262821241763163,0.262814408825735,0.262803700335994,0.262793366642456,0.262785321494221,0.262778372491037,0.262770543273665,0.262762604492709,0.262755024720851,0.262748475333871,0.262742503032747,0.262736648547386,0.262732170858869,0.262728919242863,0.262724874972166,0.26272249600762,0.262721720117941,0.262723233050765,0.262726827020898,0.26273253500711,0.262739411839933,0.262745189611245,0.26274927464994,0.262752967010228,0.262757052342515,0.262761373180952,0.262767417099061,0.262772008913169,0.262774785140589,0.262779067688275,0.262785036435229,0.262790749371864,0.262796739198746,0.262800533824211,0.262802340163961,0.262802796119599,0.262804038488092,0.262803320673115,0.262800782591487,0.262796921906478,0.262792738427078,0.262789843419122,0.262788109722553,0.26278634624227,0.262783257607855,0.262776866337939,0.262768369924705,0.26276045033049,0.262754228841422,0.262749672894323,0.262744753198718,0.262739449314679,0.262734958528992,0.262730164086534,0.262726853210932,0.262724840316026,0.262721138151883,0.262716640367722,0.262712346351907,0.262709272114836,0.262707414669401,0.262704964207078,0.262701344032402,0.262696346756158,0.262684433607601,0.262665796874692,0.262651134745448,0.262640931802208,0.262631655804931,0.262624974882152,0.262614835057822,0.262601610356803,0.262591736323764,0.26258019807587,0.262567834798767,0.262559022887903,0.262551113219505,0.262543971435818,0.262539721714994,0.262536653532934,0.262533153262915,0.262526789564747,0.262521492695632,0.262519917981192,0.262517769268725,0.262515696631381,0.262514778981552,0.262513485074139,0.262513977780922,0.262516279806081,0.262519045608488,0.262522190410877,0.262523898757049,0.262524416253369,0.262526070042104,0.262526363746069,0.262524935904493,0.2625242758512,0.262525935330986,0.262527129353668,0.262527937166922,0.262528529813262,0.26252803635377,0.262525033425633,0.262521839968702,0.262518921206609,0.262515424892749,0.262511475269095,0.262505417482823,0.262497022471515,0.262486616995156,0.262475810857491,0.262465809447344,0.262457207500476,0.262449279550503,0.26243992372591,0.262429572641359,0.262417819743143,0.262405868097526,0.262394386193239,0.262382716142644,0.262370571322166,0.262358228063692,0.262346206910663,0.262333699988268,0.262320942005321,0.262307487915912,0.26229303829196,0.262277792727358,0.262262203350923,0.262245342928761,0.262227492268365,0.262210948620995,0.262194327962423,0.262177548452986,0.262160695362115,0.262144308691554,0.262127626059672,0.262110351974483,0.262093359988968,0.26207682006647,0.262060599774029,0.262044336113023,0.262026944751535,0.262007895497672,0.261987946758669,0.261967726369167,0.261946509697307,0.261925705573875,0.261905272871965,0.261885761248112,0.261866805869977,0.261847410257087,0.261828196218869,0.261808646356867,0.261788233613448,0.261797804996553,0.261852105959166
NaN,NaN,NaN,NaN,NaN,NaN,NaN,NaN,NaN,NaN,NaN,NaN,NaN,NaN,NaN,NaN,NaN,NaN,NaN,NaN,NaN,NaN,NaN,NaN,NaN,NaN,NaN,NaN,NaN,NaN,NaN,NaN,NaN,NaN,NaN,NaN,NaN,NaN,NaN,NaN,NaN,NaN,NaN,NaN,NaN,NaN,NaN,NaN,NaN,NaN,NaN,NaN,NaN,NaN,NaN,NaN,NaN,NaN,NaN,NaN,NaN,NaN,NaN,NaN,NaN,NaN,NaN,NaN,NaN,NaN,NaN,NaN,NaN,NaN,NaN,NaN,NaN,NaN,NaN,NaN,NaN,NaN,0.262846409696715,0.262844280673311,0.262842609939343,0.262838289502904,0.262830658648894,0.262825321287233,0.262819520713188,0.262810312845244,0.262800521974504,0.262792795078372,0.262786431886339,0.262778663407768,0.26277148098461,0.26276488549685,0.262758918667814,0.262752444497256,0.262747069360248,0.26274269835098,0.262739604064009,0.262735952273491,0.262732128003745,0.262730218339161,0.262729778273487,0.262732365615134,0.262738043980952,0.262743988181791,0.262750326191612,0.262755388959732,0.262760304696292,0.262764330361541,0.262769696548468,0.262775057874225,0.262779603642725,0.262783229184625,0.262788134730889,0.262794064384578,0.262799466978717,0.262804906087564,0.262809634882401,0.262813444177675,0.262814519728481,0.262815431396736,0.26281638673045,0.262813658596353,0.262809672503563,0.262806511888023,0.262803531461462,0.262801585251481,0.262799607205324,0.26279728468161,0.262791817175973,0.262783128142811,0.262773676820327,0.26276557534571,0.262760001652856,0.26275609064784,0.262754635385364,0.262750346153959,0.262745440640997,0.26274205415783,0.262740244931719,0.262736809699423,0.262732396720083,0.262728041027268,0.262724502027155,0.262722750498058,0.262720815685848,0.26271841847593,0.262715597061335,0.262703049487366,0.262682204805564,0.262665737590205,0.262656059146987,0.262646874870421,0.262641237383982,0.262632000467176,0.26261979199567,0.262608341639772,0.262596970923002,0.262583848963777,0.262574659497504,0.262565671102421,0.262558314804519,0.262552529960981,0.262548853951727,0.262545897049363,0.262539626810127,0.262533764632651,0.262529780264062,0.2625272419951,0.262526165071428,0.262523562134501,0.262519344611529,0.262517083174462,0.262521429539751,0.262526232409029,0.26252954228284,0.262529838375537,0.262529583520251,0.262530890555482,0.262530007329225,0.262527235863293,0.262525524450204,0.262527680937406,0.262533638192661,0.262536313595175,0.262536210369996,0.262535009073385,0.262533014392911,0.2625301220309,0.262528228521355,0.262525506588285,0.262520738108652,0.262514263411207,0.262506529344366,0.262497606737336,0.262487496681839,0.262477527589073,0.262467918119393,0.26245867668465,0.262448940115663,0.262437604394913,0.262425825185354,0.2624133221766,0.262400809398146,0.262388764791919,0.262377181671499,0.262365317077827,0.262353294401187,0.262341429152362,0.262328583081135,0.262315116953256,0.262301248771193,0.262286942011347,0.262271079509323,0.262253812725865,0.262236750873785,0.262219887259772,0.262204094901396,0.262188234512076,0.262171551027271,0.262155673325626,0.262139023867106,0.262121062848905,0.262102877509519,0.262085763130781,0.262070481529028,0.262055888442455,0.262039971918407,0.262022452637991,0.262002521593673,0.261981810738584,0.261961295584739,0.261940791640684,0.261920454449258,0.261900781443255,0.261881649012477,0.261862002745738,0.261842906626071,0.26182336043886,0.261803155321212,0.261812438305753,0.261867228166439
NaN,NaN,NaN,NaN,NaN,NaN,NaN,NaN,NaN,NaN,NaN,NaN,NaN,NaN,NaN,NaN,NaN,NaN,NaN,NaN,NaN,NaN,NaN,NaN,NaN,NaN,NaN,NaN,NaN,NaN,NaN,NaN,NaN,NaN,NaN,NaN,NaN,NaN,NaN,NaN,NaN,NaN,NaN,NaN,NaN,NaN,NaN,NaN,NaN,NaN,NaN,NaN,NaN,NaN,NaN,NaN,NaN,NaN,NaN,NaN,NaN,NaN,NaN,NaN,NaN,NaN,NaN,NaN,NaN,NaN,NaN,NaN,NaN,NaN,NaN,NaN,NaN,NaN,NaN,NaN,NaN,NaN,0.262846263548406,0.262845113474906,0.262844571140756,0.26284002992524,0.262834251174208,0.262829345240755,0.262823823689631,0.262816643125308,0.26280854125899,0.262800855809545,0.262794713230916,0.262787859880411,0.262781513141356,0.262774287637296,0.262768148916679,0.262762597215567,0.262757721986318,0.262752346427606,0.262748496300275,0.262745747722358,0.262741529027468,0.26273903381027,0.262738345215514,0.262739981090555,0.26274482941327,0.262750488900458,0.262756472342797,0.262763012340156,0.262767948327206,0.262771241488383,0.262775849218033,0.262782030526504,0.262787042809612,0.262792683780217,0.262798575407332,0.262804151347812,0.262808526768333,0.262813374995547,0.262818482627144,0.262823582369288,0.262825192133428,0.262827853867336,0.262829453799936,0.262825426992111,0.26282144998286,0.262819745268075,0.2628175750802,0.262814302828917,0.262811633215028,0.262809483873334,0.262805134623985,0.262796827624072,0.262786040125629,0.26277635682005,0.262770829939149,0.262769405177906,0.262768453836662,0.262766124742074,0.262761342978589,0.262757588353575,0.262755212069619,0.262752471173343,0.262748871481711,0.262744957493473,0.262741456882525,0.262737546460958,0.262734726910883,0.262733888587152,0.262735060249587,0.262721183488347,0.262699129233294,0.262682450649217,0.26267264829533,0.262663743135907,0.262656505296816,0.262649822408655,0.262637839394233,0.262625949784238,0.262614637282561,0.262599420435345,0.262588256633949,0.262579472560569,0.262571915272743,0.262565810334451,0.262561338648143,0.262554962075488,0.262549031981885,0.262545106280196,0.26254035554023,0.26253579091196,0.262532387421752,0.262529199032358,0.26252575188241,0.26252336180564,0.262524853306093,0.262531345511477,0.262536015980664,0.262536358247512,0.262536905007929,0.262538088006986,0.262536773514644,0.262530444564486,0.26252669062518,0.262528938768552,0.262536231147009,0.262542920202624,0.262544269470526,0.262543571388039,0.262541590711824,0.262539641619905,0.262538116566513,0.262537254755928,0.262533290753884,0.262526418528795,0.262518643237369,0.262509185415877,0.262497991714866,0.262487249002106,0.262478918870216,0.262470565563493,0.26246021185492,0.262448781646977,0.262436346189856,0.262423483692836,0.262409842713721,0.262396651333229,0.26238425145255,0.262372937841916,0.262362054887408,0.262350523743756,0.262338043346643,0.262324820573389,0.262310606791632,0.26229692455613,0.262281493888106,0.262264022939425,0.262246646234905,0.262230173170736,0.262215134363059,0.262199250215692,0.26218312598436,0.262167954074421,0.26215114168345,0.262134262232736,0.262115881381341,0.262097566835355,0.262081443979346,0.262066943117856,0.262052781873648,0.262036073723165,0.262017939214519,0.261997042404362,0.261976574588,0.261956399313138,0.261936088859858,0.26191571321005,0.261895993210953,0.261876334500127,0.261857356597673,0.261837715857188,0.26181774894593,0.261826511515583,0.261881793798195
NaN,NaN,NaN,NaN,NaN,NaN,NaN,NaN,NaN,NaN,NaN,NaN,NaN,NaN,NaN,NaN,NaN,NaN,NaN,NaN,NaN,NaN,NaN,NaN,NaN,NaN,NaN,NaN,NaN,NaN,NaN,NaN,NaN,NaN,NaN,NaN,NaN,NaN,NaN,NaN,NaN,NaN,NaN,NaN,NaN,NaN,NaN,NaN,NaN,NaN,NaN,NaN,NaN,NaN,NaN,NaN,NaN,NaN,NaN,NaN,NaN,NaN,NaN,NaN,NaN,NaN,NaN,NaN,NaN,NaN,NaN,NaN,NaN,NaN,NaN,NaN,NaN,NaN,NaN,NaN,NaN,NaN,0.262850197351067,0.262847787706801,0.262846729522075,0.262843185572952,0.262837799548738,0.262833278769588,0.262828225541352,0.262823362594173,0.262816467047238,0.262807991477358,0.262802000209672,0.26279676812971,0.262790595868187,0.262783969516692,0.262777802409966,0.262771817642713,0.262766549287371,0.262761741887083,0.262757116838301,0.26275407860023,0.262750512132146,0.262747625749828,0.262748188727481,0.262749365783876,0.26275269399416,0.262757636975531,0.262763398328375,0.262769709090189,0.26277480161067,0.262778741293275,0.262781847154596,0.262787502141339,0.262794322716496,0.262801738761866,0.262807156299763,0.262813157184317,0.262817708113515,0.262821745720284,0.262826989282921,0.262832440883356,0.262834966502316,0.262838997339847,0.262841086458355,0.262837844896437,0.262834684710575,0.262833898945976,0.262832137411729,0.262828435417961,0.262824049719144,0.262821279424582,0.262818389780653,0.262810798165536,0.262799224735952,0.262788915084103,0.262783735801315,0.262783185845071,0.262782560360808,0.262779889970194,0.262776142439513,0.262772913552736,0.262770219831411,0.262767853315481,0.262765304465396,0.262762351964288,0.262758202952293,0.26275320909339,0.26274965515789,0.262750107886237,0.262753442719825,0.262739902894085,0.262718658971058,0.26270368455973,0.262694246692144,0.262683866566875,0.262675590247674,0.262668706620484,0.262657424966662,0.262647534621188,0.262633724247773,0.262615960023653,0.262602260179726,0.262593328240509,0.262584243327677,0.262577797875791,0.262568659686883,0.262562172994591,0.26255622086962,0.26255422573374,0.262549483855282,0.262544965342779,0.262540250054343,0.262534541190096,0.262530552409493,0.262529671449682,0.26253108689911,0.262534514321665,0.262539866099908,0.26254228525292,0.262544419400793,0.262546704092731,0.262544857454854,0.262536305382397,0.26253163223628,0.262534586860184,0.262543172093426,0.262549117154288,0.262552965201903,0.26255188337625,0.262548215036544,0.262547499750029,0.262548034728811,0.2625479178066,0.262544841031807,0.262539264586041,0.262532566257522,0.262523487259446,0.262511450598091,0.262499808801503,0.262490502860751,0.262482137152248,0.262473186600116,0.262462002122436,0.262449451295124,0.262436010398039,0.262422506416011,0.262407853155208,0.2623933008278,0.262381117826621,0.262371254646702,0.262360462108834,0.262348187576381,0.262335307447944,0.26232220158955,0.262307657480678,0.262292593476951,0.262275479340503,0.262257750568768,0.262241865848217,0.262225984775849,0.262211062394508,0.262194685618997,0.262179280408374,0.262164133636125,0.262148422744716,0.262130149591341,0.262110627721703,0.262093474229233,0.262078381171939,0.262064828805798,0.262049022715076,0.262031383909568,0.262013154515515,0.261993085779134,0.261972293875519,0.261951530113588,0.261930872998209,0.261910719638496,0.261890804353613,0.261871529331581,0.261851674146262,0.261831929957074,0.261840626282402,0.261896394223622
NaN,NaN,NaN,NaN,NaN,NaN,NaN,NaN,NaN,NaN,NaN,NaN,NaN,NaN,NaN,NaN,NaN,NaN,NaN,NaN,NaN,NaN,NaN,NaN,NaN,NaN,NaN,NaN,NaN,NaN,NaN,NaN,NaN,NaN,NaN,NaN,NaN,NaN,NaN,NaN,NaN,NaN,NaN,NaN,NaN,NaN,NaN,NaN,NaN,NaN,NaN,NaN,NaN,NaN,NaN,NaN,NaN,NaN,NaN,NaN,NaN,NaN,NaN,NaN,NaN,NaN,NaN,NaN,NaN,NaN,NaN,NaN,NaN,NaN,NaN,NaN,NaN,NaN,NaN,NaN,NaN,NaN,0.262855614048167,0.262850927068965,0.262848973542597,0.262846257034968,0.262841551548786,0.262836619910044,0.262832643397466,0.262828901244297,0.262823581324115,0.262817009310437,0.262810954297536,0.262805996567176,0.262799493190021,0.262792843355061,0.262786442923854,0.262780289449709,0.262774991107178,0.262771526372729,0.262766367569945,0.262763816151959,0.262760843831015,0.262756556029677,0.26275700862387,0.262758893212408,0.262760644701689,0.262764779519149,0.262771260727254,0.262776573038413,0.26278090484715,0.262784978307967,0.262789131112201,0.262793558001891,0.262800219376211,0.262809881169828,0.262815581864622,0.262821953407997,0.262826989737674,0.262829982837738,0.262836029600198,0.262841336350309,0.262844064349876,0.262848269340961,0.262850311654049,0.262848808830576,0.262848346572405,0.262849071579852,0.262847236721584,0.262842870030524,0.262837832982559,0.262834909964998,0.262832250291801,0.262825814380651,0.262813533592559,0.262803540518172,0.262798252253759,0.262796113938963,0.262793881935976,0.262790441999064,0.262787867051469,0.262785480491271,0.262782983042154,0.262780897070282,0.2627792244811,0.262777148921126,0.262773745168945,0.262768875903564,0.262765082550339,0.262766921973108,0.262768147121061,0.262754646670417,0.262736972277493,0.262723482764541,0.262714941587781,0.262704726983339,0.262697259383828,0.262688602248159,0.262677560590542,0.26267078677286,0.262654284593533,0.262634234847687,0.262618527039263,0.262608224691255,0.262598575627834,0.262587915273459,0.262578508024637,0.262571618908545,0.262565037301951,0.262562638261895,0.262560852597017,0.262556939301716,0.262549203674788,0.26254253236068,0.262537914749107,0.26253733487304,0.262539581410538,0.262538818744216,0.262542132141656,0.262546111398534,0.262550462421371,0.262553392832911,0.262550906384481,0.26254268784916,0.262539909383367,0.262542549640205,0.262550692188041,0.262557135342635,0.2625607674061,0.262561134130423,0.262555518203449,0.26255351248079,0.262556480950778,0.262558053888508,0.262556052983427,0.262551320506527,0.262545907902139,0.262539223775012,0.262527949805367,0.262516239200404,0.26250594755462,0.262496084530815,0.262486543914764,0.262476032925393,0.262464535183459,0.26245168142445,0.262437428765598,0.262422391878234,0.262406425659524,0.262392153811749,0.262380568014208,0.262370043045729,0.262358330896855,0.262345311972099,0.262332368227413,0.262319050154281,0.262304251598957,0.262287543652902,0.262270254009588,0.26225446058783,0.262238862386798,0.262222618098378,0.262207246073162,0.262191065676139,0.262176225916231,0.262160852132511,0.262143198238789,0.262122482992098,0.262106646287862,0.262091299827103,0.262077081659835,0.262062577892646,0.262045769014637,0.262027723216074,0.262008281412514,0.261988044455788,0.261967234595497,0.26194656465408,0.26192632767323,0.261906109080541,0.261885868622515,0.261865651325878,0.261845891190292,0.261854730424772,0.261910982714855
NaN,NaN,NaN,NaN,NaN,NaN,NaN,NaN,NaN,NaN,NaN,NaN,NaN,NaN,NaN,NaN,NaN,NaN,NaN,NaN,NaN,NaN,NaN,NaN,NaN,NaN,NaN,NaN,NaN,NaN,NaN,NaN,NaN,NaN,NaN,NaN,NaN,NaN,NaN,NaN,NaN,NaN,NaN,NaN,NaN,NaN,NaN,NaN,NaN,NaN,NaN,NaN,NaN,NaN,NaN,NaN,NaN,NaN,NaN,NaN,NaN,NaN,NaN,NaN,NaN,NaN,NaN,NaN,NaN,NaN,NaN,NaN,NaN,NaN,NaN,NaN,NaN,NaN,NaN,NaN,NaN,NaN,0.262861413118934,0.262856075263426,0.262852900128039,0.262849494631564,0.26284485545324,0.262839479023478,0.262835646929379,0.262832798309219,0.262828974003397,0.262824735070901,0.262819446422492,0.262815330922957,0.262808478039981,0.262800932965538,0.262795308509745,0.262789133416563,0.262784898131032,0.262781905385524,0.262777623147652,0.262773481654378,0.262770333042794,0.262767613342049,0.262765011151072,0.262767086353987,0.262769153120585,0.262771147819723,0.262778617484755,0.262783631060837,0.262787129042955,0.262791316882877,0.262796290663414,0.262800732660727,0.262807247700309,0.26281776332357,0.262825364091998,0.262831329743692,0.262835736065082,0.262839406362927,0.262845232056233,0.262850412257779,0.262853696876146,0.26285734069652,0.262858574556999,0.262858587586505,0.262861104732531,0.262863819298602,0.262862226449341,0.262857555474226,0.262852528842715,0.262849263241405,0.262846804537657,0.262840164944002,0.262827745509364,0.262816112148755,0.262810254800905,0.262806055557646,0.262802489893357,0.262799687015869,0.262799777993757,0.262799016388575,0.262797380963176,0.26279497722508,0.262793368791015,0.262791873314489,0.26278899501878,0.262787462522679,0.262783880442472,0.26278065148779,0.262781532194404,0.262767076116536,0.262751112832635,0.262740905578999,0.262732296446975,0.262724447195657,0.262716850444315,0.262707956694027,0.262701070499396,0.262691506733518,0.262672179449157,0.262652546334793,0.262637085376775,0.262624601978028,0.262612467237678,0.262598824074818,0.262588690902574,0.262583567261267,0.26257746869803,0.262573100646441,0.262571275976857,0.262567360468862,0.262558645881883,0.262551618127701,0.262547277830094,0.262548500243386,0.262549290729893,0.262548218938943,0.262548060905379,0.262552069313371,0.262557742350943,0.262559955901484,0.262555624174793,0.262548461573489,0.262547201647331,0.262552665257456,0.262558828055004,0.262567921472342,0.262570985517774,0.262570849747042,0.262566859148781,0.26256281273158,0.262564194476089,0.262566414656977,0.262567179668018,0.262563485868042,0.262557727651459,0.262552592261766,0.262544443948789,0.262534001953109,0.262522868098794,0.262511729505516,0.262501132397437,0.262490413007127,0.262479001319093,0.262466989116018,0.262453102441326,0.262437832540572,0.262421981294991,0.262406802008549,0.262393401987835,0.262381173614449,0.262368727251101,0.262355692439412,0.26234301657061,0.262330640342141,0.262316999593777,0.262300694746401,0.262283896903967,0.262268081331563,0.262252631162825,0.262236254646504,0.262220120164532,0.262204626680768,0.26218908316655,0.262173111968586,0.262154632872275,0.262133863102917,0.262118521768436,0.262105764354685,0.262091601141658,0.262076276901876,0.262059191908568,0.262040958082344,0.262022318794576,0.262003183045292,0.261982771652559,0.261962217367461,0.261942228208074,0.261921583143972,0.261900715150744,0.261880140112582,0.261860202543974,0.261868782427867,0.261925527243206
NaN,NaN,NaN,NaN,NaN,NaN,NaN,NaN,NaN,NaN,NaN,NaN,NaN,NaN,NaN,NaN,NaN,NaN,NaN,NaN,NaN,NaN,NaN,NaN,NaN,NaN,NaN,NaN,NaN,NaN,NaN,NaN,NaN,NaN,NaN,NaN,NaN,NaN,NaN,NaN,NaN,NaN,NaN,NaN,NaN,NaN,NaN,NaN,NaN,NaN,NaN,NaN,NaN,NaN,NaN,NaN,NaN,NaN,NaN,NaN,NaN,NaN,NaN,NaN,NaN,NaN,NaN,NaN,NaN,NaN,NaN,NaN,NaN,NaN,NaN,NaN,NaN,NaN,NaN,NaN,NaN,NaN,0.26286620708634,0.262861333289285,0.262856966494141,0.262851007445748,0.262848029830838,0.262842721108613,0.262838296244033,0.262835609633573,0.262832917798797,0.262829918157398,0.262826179326542,0.262823089197557,0.262816906479376,0.262810173146239,0.262804882124246,0.262799927283497,0.262795194316316,0.262793120551679,0.26279045473617,0.262784993946513,0.262780749893281,0.262778584728929,0.262777303507392,0.262775818203087,0.262778065256408,0.262780949284883,0.262784991433673,0.262790250601271,0.262794637500871,0.262799382185702,0.262803644183723,0.262809009342304,0.262816444302065,0.262825873529849,0.262832949809897,0.26283912796527,0.262843917503438,0.262849222227173,0.262854802737447,0.262858777506275,0.262861980513494,0.262864686385645,0.26286767444852,0.262870048154344,0.262873697134424,0.2628769267747,0.262876090003615,0.262871498160206,0.262866979475419,0.262862835314591,0.262859800922243,0.262852151733093,0.262836962719016,0.262823127301847,0.26281720091366,0.262812799730323,0.262813954842466,0.262814406318392,0.262814543607108,0.262814757472922,0.262814289415617,0.262812060489507,0.262809424256841,0.262807850085874,0.262806156747172,0.262803911857825,0.262802688950681,0.262797280379524,0.262789161728464,0.262774748277567,0.262765426918469,0.262758255899541,0.262750288399532,0.262742771999013,0.26273694777651,0.262729539306166,0.26272446251699,0.262711566456675,0.262693556208287,0.262672104119279,0.262654936249949,0.262640181007075,0.262628806236954,0.262613124442214,0.262601720478525,0.262596012776743,0.262590535093276,0.262587831962583,0.262583108819038,0.262573561855337,0.262567444460076,0.262559455384797,0.262558080913343,0.26256009762791,0.262560530893316,0.262560968006289,0.262560141651167,0.262561598151147,0.262565501317681,0.262567874270537,0.262561134262146,0.262556370405397,0.262558137809098,0.262565138628491,0.262570637776297,0.262580007331093,0.262583826280439,0.262583093238253,0.262579539097311,0.262576821854156,0.262576617137483,0.262577162940244,0.262576358068413,0.262573597850032,0.262568207803995,0.262563259683734,0.262557289525682,0.262548667280506,0.262538518298051,0.262527725068974,0.262515838886418,0.262504604287917,0.262492979440008,0.262481168861286,0.262468638874039,0.262454021364288,0.262438469810918,0.26242252184372,0.262408661160748,0.262395482212819,0.262381539677483,0.262367508487134,0.262354597889818,0.262342679717564,0.262330707743403,0.262314773014122,0.26229761390065,0.262281859949858,0.262266017406505,0.262249622429967,0.262233336200751,0.262217718620526,0.262202317055758,0.262185908102639,0.262167195416217,0.262146026978613,0.262129805366384,0.262118073467438,0.262104931739117,0.262089619826602,0.262072235756512,0.26205469885671,0.262036556308505,0.262017495060146,0.261997861589118,0.261977500936766,0.261957169146997,0.261936681082789,0.261915951321373,0.261895581094181,0.261875999827354,0.261884227822821,0.261941476237896
NaN,NaN,NaN,NaN,NaN,NaN,NaN,NaN,NaN,NaN,NaN,NaN,NaN,NaN,NaN,NaN,NaN,NaN,NaN,NaN,NaN,NaN,NaN,NaN,NaN,NaN,NaN,NaN,NaN,NaN,NaN,NaN,NaN,NaN,NaN,NaN,NaN,NaN,NaN,NaN,NaN,NaN,NaN,NaN,NaN,NaN,NaN,NaN,NaN,NaN,NaN,NaN,NaN,NaN,NaN,NaN,NaN,NaN,NaN,NaN,NaN,NaN,NaN,NaN,NaN,NaN,NaN,NaN,NaN,NaN,NaN,NaN,NaN,NaN,NaN,NaN,NaN,NaN,NaN,NaN,NaN,NaN,0.262869192013913,0.262863955006254,0.26286013517419,0.262854422026463,0.262850414444507,0.262846558507048,0.262842323287823,0.262838769385474,0.262835922483932,0.262833569220686,0.262830949294104,0.262827367307267,0.262823055893574,0.262818491907445,0.262814210495501,0.262810058121069,0.26280538219474,0.262803492558629,0.262802751577249,0.262798929431069,0.262794245379147,0.262790781010887,0.262789004164038,0.262787152868123,0.26278839207355,0.26279087546422,0.262794517288277,0.262797654586968,0.262802585815309,0.262807389822004,0.262811310611474,0.262817237515063,0.262824612057221,0.262833409900496,0.262838370419382,0.262844083988781,0.262851515551822,0.262857973203496,0.262862839392372,0.262864950744298,0.262868134886781,0.262872336549565,0.262877181294448,0.262881904326265,0.262885438794179,0.262888082164652,0.262888567662503,0.262885932476085,0.262881341565113,0.262877339010302,0.262873448483702,0.262862346952363,0.262842767912217,0.262830555439872,0.262828022315878,0.262827212842299,0.262828897486943,0.262831336557476,0.262831388904755,0.262831614963571,0.262831755399646,0.262829821120977,0.26282741572665,0.262825395777204,0.262823891408977,0.262820220965978,0.262818532422173,0.262813571115543,0.262797490441992,0.262779749821525,0.262777500484183,0.26277859099336,0.262771613213684,0.262766935050473,0.262761911686669,0.262754927249795,0.262747154079176,0.262734458766501,0.262712440599991,0.262690385223514,0.262671586913614,0.262661397144878,0.262647029186118,0.262626415806116,0.2626201556615,0.262608838291244,0.262603821963205,0.262600651779434,0.26259603340155,0.262585317820684,0.262571012507287,0.26256454058623,0.262567278898923,0.26257062073266,0.262572790419041,0.262575551077687,0.262574546180905,0.262577709404634,0.262579169316336,0.262576042858661,0.262569062903729,0.262566939204809,0.262572747403011,0.262577161435518,0.262581494915513,0.262590152486966,0.262593151819135,0.262594320383524,0.262594969047569,0.262593202298926,0.262592129443681,0.262592366469248,0.262590504340249,0.262586547666066,0.262580445540257,0.262575557402814,0.262568735076491,0.262559984793084,0.262550961315894,0.262540764151836,0.262529520756708,0.262518652616471,0.26250707810228,0.262494895559697,0.262482853864989,0.262469832010661,0.262455592910422,0.26243972108073,0.262424201613781,0.262410293013661,0.262396208766197,0.262382048601005,0.262367760658808,0.262354759185547,0.262342485373814,0.262328170416856,0.26231152590334,0.262295460384426,0.262279384047096,0.262263094278607,0.262245993155024,0.262230038323331,0.26221499663682,0.262198773939963,0.262181140104464,0.262160906299797,0.262142877674387,0.262129034065766,0.262116869591906,0.262102284278627,0.262086576390762,0.262069526818138,0.262051611894365,0.262032493889352,0.262012460772797,0.261992203292882,0.261971715339533,0.261951014190672,0.261930687744161,0.261911126529811,0.261891918639883,0.261900414913011,0.261958187371921
NaN,NaN,NaN,NaN,NaN,NaN,NaN,NaN,NaN,NaN,NaN,NaN,NaN,NaN,NaN,NaN,NaN,NaN,NaN,NaN,NaN,NaN,NaN,NaN,NaN,NaN,NaN,NaN,NaN,NaN,NaN,NaN,NaN,NaN,NaN,NaN,NaN,NaN,NaN,NaN,NaN,NaN,NaN,NaN,NaN,NaN,NaN,NaN,NaN,NaN,NaN,NaN,NaN,NaN,NaN,NaN,NaN,NaN,NaN,NaN,NaN,NaN,NaN,NaN,NaN,NaN,NaN,NaN,NaN,NaN,NaN,NaN,NaN,NaN,NaN,NaN,NaN,NaN,NaN,NaN,NaN,NaN,0.262867643078481,0.262864667828114,0.262860479496154,0.262854049554542,0.262851018230058,0.262848684654242,0.262845823969192,0.262842757883482,0.262838950121335,0.262835962458863,0.262834610609527,0.262831641750269,0.262827627044867,0.262824883103058,0.262822249932808,0.262819323138667,0.262815830126715,0.262814217696773,0.262814678703459,0.262811025994488,0.262806166383418,0.262803204211154,0.262800140289561,0.262796700329013,0.262797462511557,0.262799874152748,0.262803768266374,0.262807458777084,0.26281089129191,0.262814964925395,0.262819590010415,0.262825259994213,0.262831967164585,0.262839743582827,0.262845898467361,0.26285138104246,0.262858926192282,0.262865178786269,0.262868250481811,0.262871621834312,0.262875406436964,0.2628808065201,0.262887245663784,0.262892319101652,0.262896610616658,0.262898749046711,0.262900291218827,0.262900412046383,0.262898237010437,0.262896539451999,0.262890914041871,0.262872072224453,0.262851210773934,0.262843917164765,0.262842798317743,0.262845457331852,0.262847412495895,0.262847165569854,0.262845824660285,0.262846788538333,0.262847366890099,0.262845607592052,0.262844258383353,0.262841943975344,0.262841505317899,0.262838503164364,0.262833455536492,0.262827747907839,0.262806966700031,0.262792078112808,0.26279280656752,0.262796190929429,0.262795524599886,0.262795598890428,0.262792078205151,0.262783246945106,0.262771894731966,0.262757894437225,0.262733769201724,0.262709273734774,0.262692432386971,0.262678682864969,0.262661122773172,0.262645347420756,0.262631360404772,0.262623265033256,0.262619241677596,0.26261309926081,0.262608980789927,0.262594104863825,0.262579597364709,0.262574318625534,0.262577735283652,0.262581415292613,0.262583208476515,0.262584779954558,0.262586915863142,0.262590724821825,0.262591572500483,0.262586035191304,0.262578583439411,0.262580981256679,0.262587305213825,0.262591684176778,0.262594935167602,0.262601375388537,0.262600961730364,0.262603798704253,0.262609904023854,0.26261046130522,0.262609996030701,0.262609487508967,0.262607013453268,0.262600721906395,0.262593278711009,0.262587276764313,0.262581416171912,0.262573066319257,0.26256344190198,0.262553358464986,0.26254318292618,0.262532569297186,0.262520863579208,0.262509105770709,0.262496276208743,0.262482834089334,0.262469156694258,0.262454885654793,0.262440642362485,0.262427003573082,0.262412851260762,0.26239860528861,0.262382961379256,0.262367593838906,0.262354569037454,0.262342013799671,0.262326928915259,0.262310130185635,0.262293052019856,0.26227618530494,0.262259465572062,0.262243337371415,0.262228475465126,0.262213505540628,0.262196407408724,0.262176803982728,0.262157606908617,0.262142415863181,0.26212918310872,0.262116057111029,0.262100677016062,0.262084669988348,0.262066909040218,0.262047598240366,0.262027329701384,0.262006861698676,0.261986257555925,0.261965572649461,0.261945804328081,0.261926533992276,0.261907634156824,0.26191660365713,0.261974920081816
NaN,NaN,NaN,NaN,NaN,NaN,NaN,NaN,NaN,NaN,NaN,NaN,NaN,NaN,NaN,NaN,NaN,NaN,NaN,NaN,NaN,NaN,NaN,NaN,NaN,NaN,NaN,NaN,NaN,NaN,NaN,NaN,NaN,NaN,NaN,NaN,NaN,NaN,NaN,NaN,NaN,NaN,NaN,NaN,NaN,NaN,NaN,NaN,NaN,NaN,NaN,NaN,NaN,NaN,NaN,NaN,NaN,NaN,NaN,NaN,NaN,NaN,NaN,NaN,NaN,NaN,NaN,NaN,NaN,NaN,NaN,NaN,NaN,NaN,NaN,NaN,NaN,NaN,NaN,NaN,NaN,NaN,NaN,NaN,NaN,NaN,0.262838373875805,0.262842357811275,0.262844945482063,0.262843638120133,0.262841793740867,0.262838634275222,0.262836085351848,0.262834789954782,0.262833366804901,0.262831089490992,0.262828981445279,0.262827360438655,0.26282561402499,0.2628237562279,0.262823834828818,0.262820224609983,0.262813196176356,0.26281099913564,0.262808481956466,0.26280627920777,0.262806416924655,0.262809399062124,0.262813373948719,0.262816164873108,0.262818417581467,0.262822420837882,0.262827975609686,0.262834725008449,0.262840275590454,0.262847494270558,0.262854730892486,0.262861012247039,0.262865887230777,0.262870411376287,0.262874775553558,0.262880588020142,0.262885763012914,0.262891333124763,0.262896660731744,0.262901585685969,0.262907836200553,0.262910687591176,0.262912219139405,0.262913613291457,0.262915836940419,0.262915507718367,0.262906992966486,0.262877611272282,0.262863808593842,0.262860907636502,0.262860937780575,0.262863161527434,0.262861621559935,0.262859371555128,0.262858629036914,0.262860011938079,0.262862575241247,0.262858663657153,0.262858954630161,0.262858428882529,0.262857596742153,0.262855261527946,0.262850183279153,0.262837347018413,0.262816746945311,0.26280761940796,0.262812948005681,0.26281690045921,0.26281746863779,0.262821890080492,0.262820336621104,0.262809309735183,0.262793494149806,0.262780502273279,0.262756011260887,0.262728278863925,0.262710435786674,0.262695402084253,0.262681512312654,0.262666490001619,0.262646960579677,0.262640848672501,0.262632888157702,0.262632384006411,0.262620654073266,0.262605335739518,0.262595236690955,0.262590570989152,0.262593868990167,0.262593835555204,0.262596702020237,0.262595201609183,0.26259983745572,0.262603566926868,0.262600334949712,0.262595667819441,0.262587528671754,0.262590883066589,0.262598808325724,0.262605109320999,0.262609622719266,0.262611079911243,0.262610278160973,0.262616653621086,0.262622765927381,0.26262493047486,0.262625456476273,0.262624829200879,0.262621422561211,0.262615345043396,0.26260779439977,0.262600613945252,0.262593581909273,0.262587323208956,0.262579001839454,0.262569193594308,0.262558014246091,0.262546343954305,0.262534720042022,0.262523053773025,0.262510579036913,0.262496961306008,0.262481937962588,0.262467274281664,0.262454943934481,0.262443759890874,0.26243095408003,0.262416530640651,0.262400559461614,0.262383535233285,0.2623683689739,0.262356546976657,0.262342527030664,0.262326139858065,0.262308125568126,0.26229108337618,0.262274014520633,0.262257808436237,0.262243191589277,0.262227842798897,0.262210316553869,0.262191587419771,0.262172745697428,0.262156266337416,0.262142236060933,0.262129391858643,0.262115505532029,0.262099538619633,0.262082088273885,0.262062755239558,0.262042335727711,0.262021721222267,0.26200117818547,0.261981017824312,0.261961378092789,0.261941732332706,0.261923227980838,0.261933393218162,0.261992254557863
NaN,NaN,NaN,NaN,NaN,NaN,NaN,NaN,NaN,NaN,NaN,NaN,NaN,NaN,NaN,NaN,NaN,NaN,NaN,NaN,NaN,NaN,NaN,NaN,NaN,NaN,NaN,NaN,NaN,NaN,NaN,NaN,NaN,NaN,NaN,NaN,NaN,NaN,NaN,NaN,NaN,NaN,NaN,NaN,NaN,NaN,NaN,NaN,NaN,NaN,NaN,NaN,NaN,NaN,NaN,NaN,NaN,NaN,NaN,NaN,NaN,NaN,NaN,NaN,NaN,NaN,NaN,NaN,NaN,NaN,NaN,NaN,NaN,NaN,NaN,NaN,NaN,NaN,NaN,NaN,NaN,NaN,NaN,NaN,NaN,NaN,NaN,NaN,0.262839725121072,0.262842342807835,0.262842971194436,0.262843062260696,0.262839564725826,0.262838309075174,0.262837250220385,0.26283677472115,0.262834913504883,0.262833927247284,0.262833050044147,0.262831973056374,0.262830944208602,0.262827286290619,0.262813724476247,0.262814268110198,0.262816317763994,0.262815824987222,0.262814973052765,0.262818108169811,0.262823399474854,0.262825696159416,0.26282572649159,0.262829108281673,0.262835723077433,0.262842497781522,0.262848557196511,0.262855063405623,0.262862078779874,0.262868289989283,0.262871860127293,0.262875265074979,0.262881193808192,0.262887694727267,0.262893508573285,0.262899543185655,0.262904926840464,0.262910320209502,0.262917344165237,0.262921884262906,0.26292499142117,0.26292860756346,0.262932403164451,0.262928487035199,0.262911374028196,0.262886216777899,0.262879626478095,0.262876805830567,0.262879153898223,0.262878200852541,0.26287327665319,0.262870387946453,0.262872026096459,0.262873648480558,0.262876494423661,0.262873382420002,0.26287482939125,0.262879329485791,0.262877361292984,0.262872108374456,0.262863433149391,0.262848914350865,0.262829547863873,0.262829419576358,0.262837235113565,0.262838772743381,0.262838864104186,0.26284041481632,0.262845422342359,0.262833085205753,0.262819600568994,0.262807915718738,0.262781035063439,0.262748772536259,0.262733967960792,0.262720230286047,0.262705135253817,0.262685903699672,0.262669668575669,0.262658841956303,0.262651783421362,0.26264896885136,0.262636928828029,0.262626424727453,0.262612637112445,0.262613415129954,0.262611083218653,0.262608898436457,0.262609489681914,0.262609613915002,0.262611030207814,0.262613420020356,0.262612207912971,0.262601796072778,0.262597343732775,0.262601446718436,0.262609870222189,0.262618128896917,0.262624242312444,0.262622164048602,0.262622060728068,0.262631482440034,0.26263767682839,0.262639513292519,0.262638708577111,0.262636727862226,0.262633118028242,0.262627599248871,0.262621118848221,0.262614142924415,0.262606700977364,0.262600286898707,0.262593535960346,0.262585443208012,0.262574969958782,0.262562453176527,0.262549405152037,0.26253712603699,0.262525532405655,0.262512742072064,0.262496859524797,0.262481968437017,0.262471677561216,0.262460374198337,0.262448422084114,0.262435668033092,0.262419670758032,0.262402131578696,0.262384629474141,0.262370011060991,0.262355787743969,0.26233992270491,0.262323647522464,0.262306686912288,0.262289383026178,0.26227192307255,0.262255733579808,0.262240503957506,0.262223986851768,0.262206849072704,0.26218929162314,0.262172562509568,0.26215677149899,0.262143685951092,0.262129767099058,0.262114766748153,0.262097341040248,0.26207775960118,0.262057269860356,0.262036582672208,0.262016237506553,0.261996681785438,0.261977121374679,0.261957013091289,0.261938695742869,0.261949671907855,0.262009079083869
NaN,NaN,NaN,NaN,NaN,NaN,NaN,NaN,NaN,NaN,NaN,NaN,NaN,NaN,NaN,NaN,NaN,NaN,NaN,NaN,NaN,NaN,NaN,NaN,NaN,NaN,NaN,NaN,NaN,NaN,NaN,NaN,NaN,NaN,NaN,NaN,NaN,NaN,NaN,NaN,NaN,NaN,NaN,NaN,NaN,NaN,NaN,NaN,NaN,NaN,NaN,NaN,NaN,NaN,NaN,NaN,NaN,NaN,NaN,NaN,NaN,NaN,NaN,NaN,NaN,NaN,NaN,NaN,NaN,NaN,NaN,NaN,NaN,NaN,NaN,NaN,NaN,NaN,NaN,NaN,NaN,NaN,NaN,NaN,NaN,NaN,NaN,NaN,NaN,0.262846687607612,0.262845237915311,0.262847008210927,0.262843792667738,0.262842852340371,0.262842192647107,0.262841439578315,0.262840273465974,0.262839022824967,0.262838139682805,0.262838067707271,0.262837532303766,0.262836012654859,NaN,NaN,0.262825353749493,0.262828058340434,0.262827064803212,0.262830574568924,0.262834353788691,0.262836949477891,0.262837112150073,0.262837643072233,0.262843341888392,0.262851087310841,0.262856822744317,0.262861650827337,0.262866230385462,0.262870526942846,0.262874887126985,0.26287940814192,0.262886371424522,0.26289334979235,0.262900183138893,0.262907314229152,0.262913871796484,0.262920733701951,0.26292713694604,0.262933363164633,0.262937619262176,0.262942576102693,0.262941347168575,0.262934340961563,0.262910643190228,0.262895431781306,0.262892969966027,0.262891724307785,0.262892452023744,0.26289002801094,0.262887280853778,0.262884539404039,0.26288436496905,0.262884144366954,0.262884881168256,0.262889551354683,0.262897209016141,0.262901224368777,0.262897303548874,0.262889118610532,0.262876033353025,0.262863356772563,0.262851876746886,0.26285704142194,0.262866554839819,0.262864692041666,0.262861966547531,0.26286136374717,0.262869035204757,0.262858579826461,0.262846498318749,0.262841366483593,0.262802821021557,0.262765882442859,0.262753627804672,0.26274182725026,0.262734704875996,0.262708516246602,0.26268943888053,0.26267726122699,0.262672509309371,0.262664031815185,0.262655151255493,0.262643366235303,0.262634908414439,0.262631032657892,0.262628416869369,0.262627375303943,0.262624873050975,0.262623938659055,0.262620563816978,0.26262038032867,0.262619057935188,0.26261092682919,0.262609070378532,0.262614734114004,0.262623061696013,0.262631671498357,0.262638524679845,0.262637217252912,0.262636727526497,0.262643142111473,0.262653073374597,0.262654176798313,0.2626549299739,0.262651165596614,0.262645712794175,0.262639404631206,0.26263376034463,0.262627842085185,0.262621046571353,0.26261356687881,0.262605943598655,0.262598538314337,0.26258936406784,0.262578688651667,0.26256537387377,0.262552352172453,0.262540681440186,0.262528721433974,0.262513206082658,0.262498704904027,0.262492233829039,0.26247844156461,0.262466178203831,0.262453536852035,0.262437167805006,0.262419738402392,0.262402418999129,0.262386097770727,0.262369950642819,0.262353628035755,0.262337834750812,0.262321999793717,0.262305026111527,0.262286723348144,0.262267882608599,0.262252012254633,0.262236590522078,0.262221868754401,0.262205967560054,0.262187941030183,0.262171875151306,0.262158433419552,0.262144278888794,0.262128901958221,0.262111458711902,0.262092341312867,0.262072107560855,0.262051371130087,0.262031538421855,0.262011996042945,0.26199254422737,0.26197253066111,0.261954664385567,0.261965809655618,0.262025766842574
NaN,NaN,NaN,NaN,NaN,NaN,NaN,NaN,NaN,NaN,NaN,NaN,NaN,NaN,NaN,NaN,NaN,NaN,NaN,NaN,NaN,NaN,NaN,NaN,NaN,NaN,NaN,NaN,NaN,NaN,NaN,NaN,NaN,NaN,NaN,NaN,NaN,NaN,NaN,NaN,NaN,NaN,NaN,NaN,NaN,NaN,NaN,NaN,NaN,NaN,NaN,NaN,NaN,NaN,NaN,NaN,NaN,NaN,NaN,NaN,NaN,NaN,NaN,NaN,NaN,NaN,NaN,NaN,NaN,NaN,NaN,NaN,NaN,NaN,NaN,NaN,NaN,NaN,NaN,NaN,NaN,NaN,NaN,NaN,NaN,NaN,NaN,NaN,NaN,NaN,NaN,0.262853348503857,0.262851013009813,0.262848555772165,0.262846152720314,0.262844315578311,0.262844635611092,0.262844580914029,0.262843538991799,0.262843590585144,0.262846297837311,NaN,NaN,NaN,NaN,0.262841410688803,0.262839527870453,0.262842156180966,0.262845837916535,0.262848015110986,0.262848619541582,0.26284976754367,0.262853408118807,0.2628607044234,0.26286684459594,0.262870245912638,0.262869613544467,0.262871494975765,0.26287904278826,0.262887536726277,0.262893481608479,0.262898874322582,0.262906565082376,0.262916255019795,0.262925082952944,0.262932631393256,0.262939182062409,0.262945605435882,0.262950002577336,0.262953717223793,0.262945951484133,0.262936210464571,0.262917811920201,0.262906641011182,0.262904095420654,0.262905949971309,0.26290508019314,0.262902110350284,0.262901491303189,0.262898863194259,0.262896921232421,0.262896580209551,0.262899592107552,0.262909669881258,0.26291949671372,0.262920932609776,0.262912283417062,0.262902250350572,0.262889373295692,0.262879971444511,0.262876687037156,0.262886625844627,0.262891823024781,0.262890976532835,0.262886465733639,0.262883270811889,0.262888376913426,0.262881258836064,0.262880447788434,0.262875919890227,0.262824422924183,0.262788021919346,0.262775197609198,0.262765365087394,0.262756015404913,0.262730012370198,0.262710409470368,0.262697122860066,0.262688677897143,0.262689361440514,0.262679241808653,0.26266693146649,0.262659041766605,0.262652986635862,0.262650915802207,0.262645241418703,0.262644173422961,0.262645778983465,0.262644461393553,0.262633167830634,0.262626326969846,0.262622004790844,0.262622474229802,0.262628944581471,0.262637067743907,0.262646011896521,0.262652711353642,0.262652943334829,0.262653200255638,0.262657246726839,0.262665212099217,0.26266779217708,0.262669836419791,0.262668020700807,0.262661882210798,0.26265463561396,0.26264724268963,0.262641279139947,0.262634058747663,0.26262554043923,0.262617392021942,0.262611169377204,0.262601660233807,0.262592053845947,0.262579901132346,0.262566755339231,0.262554520427731,0.262543032626948,0.262531523567249,0.262519679927715,0.262510113693875,0.262497980226738,0.262484363313258,0.262470655223984,0.262453790491939,0.262436278915266,0.262420351181169,0.262403210713994,0.262386120780326,0.262368885722458,0.262352703357703,0.262336747324186,0.262319025731776,0.26229869512214,0.262278958708896,0.262262625692448,0.262249142358941,0.262236285603588,0.262221471497912,0.262204780122664,0.262188806471991,0.262174128250311,0.262159871542439,0.262143500556904,0.262125292506359,0.262106240246692,0.26208688812012,0.262066741046153,0.262047094349612,0.262027179125064,0.262007846045899,0.261988039525047,0.261970629180034,0.261982054557805,0.262042558354282
NaN,NaN,NaN,NaN,NaN,NaN,NaN,NaN,NaN,NaN,NaN,NaN,NaN,NaN,NaN,NaN,NaN,NaN,NaN,NaN,NaN,NaN,NaN,NaN,NaN,NaN,NaN,NaN,NaN,NaN,NaN,NaN,NaN,NaN,NaN,NaN,NaN,NaN,NaN,NaN,NaN,NaN,NaN,NaN,NaN,NaN,NaN,NaN,NaN,NaN,NaN,NaN,NaN,NaN,NaN,NaN,NaN,NaN,NaN,NaN,NaN,NaN,NaN,NaN,NaN,NaN,NaN,NaN,NaN,NaN,NaN,NaN,NaN,NaN,NaN,NaN,NaN,NaN,NaN,NaN,NaN,NaN,NaN,NaN,NaN,NaN,NaN,NaN,NaN,NaN,NaN,NaN,NaN,NaN,0.262851383390522,0.262850492839722,0.262851607763194,0.262850814713545,0.262850746478707,0.262852335314495,0.262727920972726,NaN,NaN,NaN,NaN,0.26284110270526,0.262849961453401,0.262851050544438,0.262854746836646,0.262859373259242,0.262863708545416,0.262864570631894,0.262866496006387,0.262871402938666,0.262877963708277,0.262879266205035,0.262878054197703,0.262880758716476,0.262889161560402,0.262898087401425,0.262901495084785,0.262907088920509,0.262915441353461,0.262925469213653,0.262935063561519,0.262942662879493,0.26295107572442,0.262957955807878,0.262963315725423,0.26296334473161,0.262954315533221,0.262941419482097,0.262927293943265,0.262917510400042,0.26291767379555,0.262919645600089,0.262916368652314,0.262914138175609,0.262912867681256,0.262911793896413,0.262912693545611,0.262914813959197,0.26291842403564,0.262927663870328,0.26293803003788,0.262937180293683,0.262924775494276,0.262916841064583,0.262905407751232,0.262899492556276,0.26290249907287,0.262913442643944,0.262915123728763,0.262913214887765,0.262910725329105,0.262906153883479,0.262907807062455,0.262902951533335,0.26290689827937,0.26288721253367,0.26283765568135,0.262803401382909,0.262794703883261,0.26278702195041,0.262772202810976,0.262746155538914,0.262726550001464,0.262711815012647,0.262713164890208,0.262700191021876,0.262702612756238,0.262695901824282,0.262683013152799,0.262674558132822,0.262669662702632,0.262661557416477,0.262662163224884,0.26266366589709,0.262658244997132,0.262650697238623,0.262641813755948,0.262638091461815,0.262637405623676,0.262643910209076,0.262651753612121,0.262660098574024,0.262666500309757,0.262667463775662,0.262668034338933,0.262672049881103,0.262677585298516,0.262679771350438,0.262681433560514,0.262680974764642,0.262678443689314,0.262671888192916,0.262663471423022,0.262655695001031,0.262648537294496,0.262639571820438,0.262630091939301,0.262623036736688,0.26261599153392,0.2626058328834,0.262592544709213,0.262580465460803,0.26256796294277,0.262555499819794,0.262546486967406,0.262538301820657,0.262529270036006,0.2625169717011,0.262501291893651,0.262486095003162,0.26247102467163,0.262453947632419,0.262437575712222,0.262420390373975,0.262402107174194,0.262384788069297,0.262368326439269,0.262350940428763,0.262330673994396,0.262309301601551,0.262289974952385,0.262275295202626,0.262263310638536,0.262250925069635,0.262237238745312,0.262221737312966,0.262206154869209,0.262191512909828,0.262175684810778,0.262158342664113,0.262139782389991,0.262120568684936,0.26210068514427,0.262081179288739,0.262062109494103,0.262042323083939,0.262022999672774,0.262003462582364,0.261986394748452,0.261997749136186,0.262058791392866
NaN,NaN,NaN,NaN,NaN,NaN,NaN,NaN,NaN,NaN,NaN,NaN,NaN,NaN,NaN,NaN,NaN,NaN,NaN,NaN,NaN,NaN,NaN,NaN,NaN,NaN,NaN,NaN,NaN,NaN,NaN,NaN,NaN,NaN,NaN,NaN,NaN,NaN,NaN,NaN,NaN,NaN,NaN,NaN,NaN,NaN,NaN,NaN,NaN,NaN,NaN,NaN,NaN,NaN,NaN,NaN,NaN,NaN,NaN,NaN,NaN,NaN,NaN,NaN,NaN,NaN,NaN,NaN,NaN,NaN,NaN,NaN,NaN,NaN,NaN,NaN,NaN,NaN,NaN,NaN,NaN,NaN,NaN,NaN,NaN,NaN,NaN,NaN,NaN,NaN,NaN,NaN,NaN,NaN,NaN,NaN,NaN,0.262749269677928,0.26285865669211,NaN,NaN,NaN,NaN,NaN,NaN,NaN,0.262851889816613,0.262860548567725,0.262864381672349,0.262870889698316,0.26288288057596,0.262883175974755,0.26288309119256,0.262884711502184,0.262890273105956,0.262890615179118,0.262892176250364,0.262899039856526,0.262905903582222,0.26290837328621,0.262910615384369,0.262916349216783,0.262924709922523,0.262934601872903,0.26294283181937,0.262951441398342,0.262959899826692,0.262967774180954,0.262975484036837,0.26297424872514,0.262965890180676,0.262952695008552,0.262936713231363,0.262926425361468,0.262926584137639,0.262924191541346,0.262921762376416,0.262922157968706,0.262921879451442,0.26292217801134,0.262925837975909,0.262929235741221,0.262934993657567,0.262948351357081,0.262956396535426,0.262950195223539,0.262937911620787,0.262933577370703,0.262926754294941,0.262925018252905,0.262931556484439,0.262932666885945,0.262930174859902,0.262933053969382,0.262938184219804,0.26293260979851,0.262926434504742,0.262924616459592,0.262934236115501,0.262908737028862,0.262868354701555,0.262834039573653,0.262815878935244,0.26280423272479,0.262784727338149,0.262761645834953,0.262739751738699,0.262723498331967,0.262730986704287,0.262730311498827,0.262730847501749,0.262722103688427,0.262708300266826,0.262706686483623,0.262692431551519,0.26268505881591,0.262679936936946,0.262675461333333,0.262670204344197,0.262664150304296,0.262658995113513,0.262657428880236,0.262656371832498,0.262659406880325,0.262666640348159,0.262673729824818,0.262679249726569,0.262682686622199,0.262684493245455,0.262688471621811,0.262691791860589,0.262691976082988,0.262691990754874,0.262691257704152,0.262688921156562,0.262685934482866,0.262679525595231,0.2626718758474,0.262664045209614,0.262654821248938,0.262644132509022,0.262635507752857,0.262626357918019,0.262614087064545,0.262600640862885,0.262590357816596,0.262579743556566,0.262566741497225,0.262558267638328,0.262554042944825,0.262545087245484,0.262532035298825,0.262516881968273,0.262501428287613,0.262487673193455,0.262472007434993,0.262455017468071,0.262436356280239,0.262416470097465,0.262399017431759,0.262381536041075,0.26236261044685,0.262341369914524,0.262320239418044,0.262303619371655,0.262289354861324,0.262276478002342,0.262265977281796,0.262253529730722,0.262237645386851,0.262221641858298,0.262205407895286,0.262189385865524,0.262172879834736,0.262153707531482,0.262133996285198,0.262114576517667,0.262094917650332,0.262075853190829,0.26205681305548,0.262037852888078,0.262018836740277,0.262002266061405,0.262013670846011,0.26207526849719
NaN,NaN,NaN,NaN,NaN,NaN,NaN,NaN,NaN,NaN,NaN,NaN,NaN,NaN,NaN,NaN,NaN,NaN,NaN,NaN,NaN,NaN,NaN,NaN,NaN,NaN,NaN,NaN,NaN,NaN,NaN,NaN,NaN,NaN,NaN,NaN,NaN,NaN,NaN,NaN,NaN,NaN,NaN,NaN,NaN,NaN,NaN,NaN,NaN,NaN,NaN,NaN,NaN,NaN,NaN,NaN,NaN,NaN,NaN,NaN,NaN,NaN,NaN,NaN,NaN,NaN,NaN,NaN,NaN,NaN,NaN,NaN,NaN,NaN,NaN,NaN,NaN,NaN,NaN,NaN,NaN,NaN,NaN,NaN,NaN,NaN,NaN,NaN,NaN,NaN,NaN,NaN,NaN,NaN,NaN,NaN,NaN,NaN,NaN,NaN,NaN,NaN,NaN,NaN,NaN,NaN,NaN,NaN,NaN,NaN,0.26261178453394,0.262909189837499,0.262907250335844,0.26289992202743,0.262900305720311,0.262901903673807,0.262911834959425,0.262917811437233,0.262923186104484,0.262923536625268,0.26292466872041,0.262926876232317,0.262933131407579,0.262941101104947,0.262950492378806,0.262958800527999,0.262967885644029,0.262976422695999,0.262984282761004,0.262986806422161,0.262974505508655,0.262953965753122,0.262935607346155,0.262930156417548,0.262930797032272,0.262929000258758,0.262926582770305,0.262923157453268,0.262923831150291,0.26292982245769,0.262937591052967,0.262949112752188,0.262964144081111,0.262972465995144,0.26296694586121,0.262955411592942,0.262952223478572,0.262950561571614,0.262949997745001,0.262954371233653,0.262957920608452,0.262952646854734,0.262947312104453,0.262954010196746,0.262959439266051,0.262953160268679,0.262943816308556,0.262941877998332,0.262936897274672,0.26291166571957,0.262872350052243,0.262852102547002,0.262852462452383,0.262846219969555,0.262826823400424,0.262790662729659,0.262763245557914,0.262760333586015,0.262763332524999,0.262756473485245,0.262770800660787,0.262744460518394,0.26273471872114,0.262725954652821,0.262713061008506,0.262706206194616,0.262700003521728,0.26269155905809,0.262684737466627,0.262677853523294,0.262673548848364,0.26267135397613,0.262671907348769,0.262674936517111,0.262681663327132,0.262688379598748,0.262694412351106,0.262698930380698,0.262704343069046,0.262709832840594,0.26271139671925,0.262708825107238,0.262706091251468,0.262702601424639,0.262698171096436,0.262696114034197,0.262692347254286,0.262686686927991,0.262679161305027,0.262669671508805,0.262659236408004,0.262648611370497,0.262637724864605,0.262624566808619,0.262608131795048,0.262595116553813,0.262589548243519,0.262578227156679,0.262571303014164,0.262565394961766,0.262556616374551,0.262546008721987,0.262533085261941,0.262517244233752,0.262502632365855,0.262488214226513,0.262471066823307,0.262450442198848,0.262430565199667,0.262410961854982,0.262392576151017,0.262373062211106,0.262351764526858,0.262332851061366,0.262317986786242,0.262304418764281,0.262289952970792,0.262278058437832,0.26226601966945,0.262252178036029,0.262235523702837,0.262218761082725,0.262202009440421,0.262184660116093,0.262166184863676,0.262147073746033,0.26212789229427,0.262108227966548,0.262088864884043,0.262070438711434,0.262052381406667,0.262033880165616,0.262018088244669,0.262029963681796,0.262092130824634
NaN,NaN,NaN,NaN,NaN,NaN,NaN,NaN,NaN,NaN,NaN,NaN,NaN,NaN,NaN,NaN,NaN,NaN,NaN,NaN,NaN,NaN,NaN,NaN,NaN,NaN,NaN,NaN,NaN,NaN,NaN,NaN,NaN,NaN,NaN,NaN,NaN,NaN,NaN,NaN,NaN,NaN,NaN,NaN,NaN,NaN,NaN,NaN,NaN,NaN,NaN,NaN,NaN,NaN,NaN,NaN,NaN,NaN,NaN,NaN,NaN,NaN,NaN,NaN,NaN,NaN,NaN,NaN,NaN,NaN,NaN,NaN,NaN,NaN,NaN,NaN,NaN,NaN,NaN,NaN,NaN,NaN,NaN,NaN,NaN,NaN,NaN,NaN,NaN,NaN,NaN,NaN,NaN,NaN,NaN,NaN,NaN,NaN,NaN,NaN,NaN,NaN,NaN,NaN,NaN,NaN,NaN,NaN,NaN,NaN,NaN,0.262516906450688,0.262937157091155,0.262918277926158,0.262909247664572,0.262877896045229,0.262912325756255,0.262937655709464,0.262941236983599,0.262939738367453,0.26293868543107,0.262939635250472,0.262943171322461,0.262949377971014,0.262958321141594,0.262965719047033,0.262974284928161,0.262982938129758,0.262991409006018,0.262989857044265,0.262967568038953,0.262950279246241,0.262936264617162,0.262936157452612,0.262935555749292,0.262931563945001,0.262926423337495,0.262924118657035,0.262932713092516,0.262945226011477,0.262961099332873,0.262981199713586,0.262991352549803,0.262984195791673,0.262970420190763,0.262965209618844,0.262968253850818,0.262970179858606,0.262974319747957,0.262980677295766,0.26298186523234,0.262977227224066,0.26297463977291,0.26297552441837,0.262975954103827,0.262969467108938,0.26295727495986,0.262953510871442,0.262929877813106,0.262916983493693,0.262876027289617,0.26287034312073,0.262867145786133,0.262860736591364,0.262841875473079,0.262816446302906,0.262805645969887,0.26281284430549,0.262804956176047,0.26281730705919,0.262786183054295,0.262760097740662,0.262755339390515,0.262749059628274,0.262734120325202,0.262725893916726,0.262719466000857,0.262710923437443,0.262701453926884,0.262693910373241,0.262689439278098,0.262687290934619,0.26268784707042,0.262691171687587,0.262697423552565,0.262704110101525,0.262710720106615,0.262717076509158,0.262724445009765,0.262731664268069,0.262734265153402,0.262731744205056,0.262726482975326,0.262719731240359,0.262712734187153,0.262707869841007,0.26270485958507,0.262700784934933,0.262693834202727,0.262684487799874,0.262673970207737,0.2626634336526,0.262651693405876,0.26263723943065,0.262619743685914,0.262604572357505,0.262593738667149,0.262584714626485,0.262580926501311,0.262572212889639,0.262567064862196,0.2625617583849,0.262547517195012,0.262532581928606,0.262517977863096,0.262502339382714,0.262483335191707,0.262462788025669,0.262442216660349,0.262421071941691,0.262401734599752,0.262383837313943,0.26236633915173,0.262347489607373,0.262330934470816,0.262318138618322,0.262304517054184,0.262288392516045,0.262275246372429,0.262264568299801,0.262248936630715,0.262231861218075,0.262215081230062,0.262196519140429,0.262177753433453,0.262159365321209,0.262140946352794,0.262121526914148,0.262102139123693,0.262084136924675,0.262066706421564,0.262048921642083,0.262033880456871,0.262045980173676,0.262108728454412
NaN,NaN,NaN,NaN,NaN,NaN,NaN,NaN,NaN,NaN,NaN,NaN,NaN,NaN,NaN,NaN,NaN,NaN,NaN,NaN,NaN,NaN,NaN,NaN,NaN,NaN,NaN,NaN,NaN,NaN,NaN,NaN,NaN,NaN,NaN,NaN,NaN,NaN,NaN,NaN,NaN,NaN,NaN,NaN,NaN,NaN,NaN,NaN,NaN,NaN,NaN,NaN,NaN,NaN,NaN,NaN,NaN,NaN,NaN,NaN,NaN,NaN,NaN,NaN,NaN,NaN,NaN,NaN,NaN,NaN,NaN,NaN,NaN,NaN,NaN,NaN,NaN,NaN,NaN,NaN,NaN,NaN,NaN,NaN,NaN,NaN,NaN,NaN,NaN,NaN,NaN,NaN,NaN,NaN,NaN,NaN,NaN,NaN,NaN,NaN,NaN,NaN,NaN,NaN,NaN,NaN,NaN,NaN,NaN,NaN,0.262082216714253,0.262967347782411,0.262955688365483,0.262940396052427,0.26241821969139,NaN,0.262744547635102,0.26295732850614,0.262956015930656,0.262953580304701,0.262952084392619,0.262953379283582,0.262954795159919,0.262958588403689,0.262966582957227,0.262972971929235,0.262982396074321,0.262992239458634,0.262995966793966,0.262984484992222,0.262963459678613,0.262947719886857,0.26294139275224,0.26294731479918,0.262942299621109,0.262934164018947,0.262925193455283,0.26293620439783,0.262951009696984,0.262968064123749,0.262991677487983,0.263002820717969,0.262998531687207,0.26298729475801,0.262979786076938,0.262981479765261,0.262988884793842,0.262994657712632,0.262999575448848,0.263004965405078,0.263009857949246,0.26301190046792,0.263005295006119,0.262995895222782,0.26298646898676,0.262982579759004,0.262969931600314,0.262955470968582,0.26294077765523,0.262923105905275,0.262901861383577,0.262893832855202,0.26289022477901,0.262876121438018,0.262861339716635,0.262851400753369,0.262848288102009,0.262850492839828,0.262844374083922,0.262840195683429,0.262814927294395,0.262801134944289,0.262787508417147,0.262772102548761,0.262757035810109,0.26274779301723,0.262738553141105,0.262730301787515,0.262722005429596,0.262713275344031,0.262707543304949,0.262705465478416,0.262706547011678,0.262708908210147,0.262713622542252,0.262720789413163,0.2627280111659,0.262735638704172,0.262742425905987,0.262748859502196,0.26275224630018,0.262752712586639,0.262748820273976,0.262741606538789,0.262733634364842,0.262727011205787,0.262720830505137,0.262715346345203,0.262708026603803,0.262698459289537,0.262688149967323,0.26267812307203,0.262666102162521,0.262651715153523,0.262634307127991,0.262617173107034,0.262604089552275,0.262593271879563,0.262585434466416,0.262578005497105,0.26257697830286,0.262572841301742,0.262562213475097,0.262549455863543,0.262532332092429,0.262513733038668,0.26249405854169,0.262473119340183,0.26245231121988,0.262430907466234,0.262410785930339,0.262394885996084,0.26238042037282,0.262363494235168,0.262347051798159,0.262331863072971,0.262318736860087,0.26230285300046,0.262285894666966,0.262273423281323,0.262259891517767,0.262244158275848,0.262227202602881,0.262208896342494,0.262189901659137,0.262171570080215,0.262153247351985,0.262134410173934,0.262115713299805,0.262098299359422,0.262081028945805,0.26206363163696,0.262049635281384,0.26206124077806,0.262124582349599
NaN,NaN,NaN,NaN,NaN,NaN,NaN,NaN,NaN,NaN,NaN,NaN,NaN,NaN,NaN,NaN,NaN,NaN,NaN,NaN,NaN,NaN,NaN,NaN,NaN,NaN,NaN,NaN,NaN,NaN,NaN,NaN,NaN,NaN,NaN,NaN,NaN,NaN,NaN,NaN,NaN,NaN,NaN,NaN,NaN,NaN,NaN,NaN,NaN,NaN,NaN,NaN,NaN,NaN,NaN,NaN,NaN,NaN,NaN,NaN,NaN,NaN,NaN,NaN,NaN,NaN,NaN,NaN,NaN,NaN,NaN,NaN,NaN,NaN,NaN,NaN,NaN,NaN,NaN,NaN,NaN,NaN,NaN,NaN,NaN,NaN,NaN,NaN,NaN,NaN,NaN,NaN,NaN,NaN,NaN,NaN,NaN,NaN,NaN,NaN,NaN,NaN,NaN,NaN,NaN,NaN,NaN,NaN,NaN,0.260124434429848,0.262978910212816,0.262974349577519,0.262963717542658,0.26295991551871,NaN,NaN,0.261912156669252,0.262971650659531,0.262967678638238,0.262965798574641,0.262964876193816,0.262965227988005,0.262965795260933,0.262969001013279,0.262973699568362,0.262979601974312,0.262988656328229,0.262998777308187,0.262999003388323,0.262983665142665,0.262971023467715,0.262953466065024,0.26294798584255,0.262948324942048,0.26294329655577,0.262933058829946,0.262947822948777,0.262970851503496,0.262983965316207,0.262998216876966,0.263009650782281,0.263009100173419,0.263004009858827,0.262998219376174,0.262996735117524,0.26300414338221,0.263013141505433,0.263017704466759,0.26302149481522,0.263028973747633,0.263038237085679,0.263037121167387,0.263020493148166,0.263003161429953,0.262993515421849,0.262988896066187,0.262975507166016,0.262967550392722,0.26295339293068,0.262941375876501,0.262933101772424,0.262928212962776,0.262921577216875,0.262908690295905,0.262899680618513,0.262891291613963,0.262889137798917,0.262883669435599,0.262873822152631,0.262863442753612,0.262846997047401,0.262826145515743,0.26281833429629,0.262794781001921,0.262782886690965,0.262772488279928,0.262761333791264,0.26275083376963,0.262742205746576,0.26273540492531,0.262727560827753,0.262723636740733,0.262724576673554,0.262728153586467,0.262732522338937,0.262738877669776,0.262747089704947,0.262755417988188,0.262761694375731,0.262765108801521,0.262765684456912,0.262768999690766,0.262767524781354,0.262762942079456,0.262756325234164,0.262748620925095,0.262739266680629,0.262730909469012,0.262722550893981,0.262712244779915,0.262703053061833,0.262693819185704,0.262681958403647,0.262666959571973,0.26264886517207,0.262631686812424,0.262616615084484,0.262604778360706,0.26259230862543,0.262584858485447,0.262584618912291,0.262581207326844,0.262573896122697,0.262563437232918,0.262544628977362,0.262524138213889,0.262503681176963,0.262482849679891,0.262461236114688,0.26243995307877,0.262421254113773,0.262406664729218,0.262395508772507,0.26237902763848,0.262361096589165,0.26234704263357,0.262331150109572,0.262315012787631,0.262299448318943,0.262285324629155,0.262271349514268,0.262255753184047,0.262239083054286,0.262221957887187,0.262203232199186,0.262183405341104,0.262164667073274,0.262146359391219,0.262128594185997,0.262111721815114,0.262094562559711,0.262077782186305,0.262064453112954,0.262075961690305,0.262139889701021
NaN,NaN,NaN,NaN,NaN,NaN,NaN,NaN,NaN,NaN,NaN,NaN,NaN,NaN,NaN,NaN,NaN,NaN,NaN,NaN,NaN,NaN,NaN,NaN,NaN,NaN,NaN,NaN,NaN,NaN,NaN,NaN,NaN,NaN,NaN,NaN,NaN,NaN,NaN,NaN,NaN,NaN,NaN,NaN,NaN,NaN,NaN,NaN,NaN,NaN,NaN,NaN,NaN,NaN,NaN,NaN,NaN,NaN,NaN,NaN,NaN,NaN,NaN,NaN,NaN,NaN,NaN,NaN,NaN,NaN,NaN,NaN,NaN,NaN,NaN,NaN,NaN,NaN,NaN,NaN,NaN,NaN,NaN,NaN,NaN,NaN,NaN,NaN,NaN,NaN,NaN,NaN,NaN,NaN,NaN,NaN,NaN,NaN,NaN,NaN,NaN,NaN,NaN,NaN,NaN,NaN,NaN,NaN,NaN,0.260569624418467,0.262989890687272,0.262984131696665,0.262975723604581,0.262971777735683,NaN,NaN,0.246455480363294,0.2629301914447,0.262978954054219,0.262976638240582,0.262976368053348,0.262976690812082,0.262977082263897,0.262979231683847,0.262982728153113,0.26298788009282,0.262994954599463,0.263002936218318,0.263000336794273,0.262987883368963,0.262980019464277,0.262956586492639,0.262952641976095,0.262955588022061,0.262954848000133,0.262967616682055,0.262989307282502,0.263000885305472,0.263008139944854,0.26301410877284,0.263017042596783,0.263021179283633,0.263019581476216,0.263014784144846,0.263016850338622,0.263026213584494,0.263034334131544,0.263037920633858,0.263041412171865,0.263050463353533,0.263056445107968,0.263049849623726,0.263031226005314,0.263017186346448,0.263005703680083,0.262998837549344,0.262989899437999,0.262981645398902,0.262971691173853,0.26296532513254,0.262962340926365,0.262958070515964,0.262949511527118,0.262939685173534,0.262933285330686,0.262929886118637,0.26292693062579,0.262918889171201,0.262910339883111,0.262888148346807,0.262871902343533,0.262856027204524,0.262840354262413,0.26282320599873,0.262811147163917,0.262799334125013,0.262787558979119,0.26277514059101,0.262764299934077,0.262757007771235,0.262749570836793,0.262741222009954,0.262740649619613,0.262742601624166,0.262749075070873,0.262756572045896,0.262764720855416,0.262773835113988,0.262780777229066,0.262785782035397,0.262783035047011,0.26278445631238,0.262784023218973,0.262781760771473,0.262777647187902,0.262769530759487,0.262759341995483,0.262748187331984,0.262737521599615,0.262726634833317,0.262718691487459,0.262709115591608,0.26269655583651,0.262681479438784,0.26266408783767,0.262647214903572,0.262631407305998,0.262618621166488,0.262605086024748,0.262592234405752,0.262589955476037,0.262588503117495,0.262583943682279,0.26257287625132,0.262553417281563,0.2625328511391,0.262511169747506,0.262489158145298,0.262468357433408,0.26244968275777,0.26243342992787,0.262420398221574,0.262409847939227,0.262393353390176,0.262376909745354,0.262360036771932,0.262343296746163,0.262326839307693,0.262312603172399,0.262299640258317,0.262285310262157,0.262269058987017,0.262251380734347,0.262233640780519,0.262215102082665,0.262195575257848,0.262175906986283,0.262157776799043,0.262141119723144,0.262124070286874,0.262107145124257,0.262090814647864,0.262078714801092,0.262090392569505,0.262154916558522
NaN,NaN,NaN,NaN,NaN,NaN,NaN,NaN,NaN,NaN,NaN,NaN,NaN,NaN,NaN,NaN,NaN,NaN,NaN,NaN,NaN,NaN,NaN,NaN,NaN,NaN,NaN,NaN,NaN,NaN,NaN,NaN,NaN,NaN,NaN,NaN,NaN,NaN,NaN,NaN,NaN,NaN,NaN,NaN,NaN,NaN,NaN,NaN,NaN,NaN,NaN,NaN,NaN,NaN,NaN,NaN,NaN,NaN,NaN,NaN,NaN,NaN,NaN,NaN,NaN,NaN,NaN,NaN,NaN,NaN,NaN,NaN,NaN,NaN,NaN,NaN,NaN,NaN,NaN,NaN,NaN,NaN,NaN,NaN,NaN,NaN,NaN,NaN,NaN,NaN,NaN,NaN,NaN,NaN,NaN,NaN,NaN,NaN,NaN,NaN,NaN,NaN,NaN,NaN,NaN,NaN,NaN,NaN,NaN,0.261626399086461,0.26300562983514,0.262998682640901,0.262995159866349,NaN,NaN,NaN,0.202732335441102,0.250889104615703,0.262983950164748,0.262987887070273,0.262987043391601,0.262987456888784,0.262987201084106,0.262989165482616,0.262991575307641,0.262995106345985,0.263001387047913,0.263006290155302,0.263002691006273,0.262994507490907,0.262985412126425,0.262965806308897,0.26296420006152,0.262969028039264,0.262985017674837,0.263001871607726,0.263011330521588,0.263017024009322,0.263021787528835,0.263027473228951,0.263034372449633,0.263037506752441,0.263034190518068,0.263033682099548,0.263038258685834,0.263045728410142,0.263052903338513,0.263057316609536,0.263063081728318,0.263070106721206,0.263068610160511,0.263057043957545,0.263041932262663,0.263031168294262,0.263023136151876,0.263015358027957,0.263011761702441,0.263000900370356,0.262993474131274,0.262987804327314,0.262985292290007,0.262982302426887,0.262975250767807,0.262967292084898,0.262962833525393,0.262961385526125,0.262958067873552,0.262949346409196,0.262935382474504,0.26291866222767,0.262903347926266,0.262883510260101,0.262865168250947,0.26284814637791,0.262834173157962,0.262822215126352,0.262811112589991,0.262799136394777,0.262788996538463,0.262781592499909,0.262775468765128,0.26277142058322,0.262764996534858,0.262763543820789,0.262767246367122,0.262774491092096,0.26278267237181,0.262790282191452,0.26279492375124,0.262799400395589,0.262800647911818,0.262798488169798,0.262798610679394,0.26279709098057,0.262793978172665,0.262787559480609,0.262778515532702,0.262767896402963,0.262756862542459,0.262744204177981,0.262732926796801,0.262722803141797,0.26271006992115,0.262694983316323,0.262677790052403,0.262662133777357,0.262648068102834,0.262635760206661,0.262621754437928,0.262607561415298,0.262598979979745,0.262595236864094,0.262593182813166,0.262580675569717,0.262561391979877,0.262540611473725,0.262517838601187,0.262494638040741,0.262473490114326,0.262458039082484,0.262443928816391,0.262433824011557,0.262424085342002,0.26240842334452,0.262391095730086,0.26237338110591,0.262355011399711,0.262338382265799,0.262324157473363,0.262310309237331,0.262297536705261,0.262282235156905,0.26226422077966,0.26224540669487,0.262226050176471,0.262206834592942,0.262187683775333,0.262169505889396,0.262152792288284,0.262136252596323,0.262119265743683,0.262103919896185,0.262092652771984,0.262104359729273,0.262169496691517
NaN,NaN,NaN,NaN,NaN,NaN,NaN,NaN,NaN,NaN,NaN,NaN,NaN,NaN,NaN,NaN,NaN,NaN,NaN,NaN,NaN,NaN,NaN,NaN,NaN,NaN,NaN,NaN,NaN,NaN,NaN,NaN,NaN,NaN,NaN,NaN,NaN,NaN,NaN,NaN,NaN,NaN,NaN,NaN,NaN,NaN,NaN,NaN,NaN,NaN,NaN,NaN,NaN,NaN,NaN,NaN,NaN,NaN,NaN,NaN,NaN,NaN,NaN,NaN,NaN,NaN,NaN,NaN,NaN,NaN,NaN,NaN,NaN,NaN,NaN,NaN,NaN,NaN,NaN,NaN,NaN,NaN,NaN,NaN,NaN,NaN,NaN,NaN,NaN,NaN,NaN,NaN,NaN,NaN,NaN,NaN,NaN,NaN,NaN,NaN,NaN,NaN,NaN,NaN,NaN,NaN,NaN,NaN,NaN,0.263024357197089,0.263018893462301,0.263013708835522,0.25574439159425,NaN,NaN,NaN,NaN,0.203064364568071,0.251198713489945,0.262997129376001,0.262998621620842,0.262997965345618,0.26299740101395,0.262997817740001,0.26299979755225,0.263003060793609,0.263007387212277,0.263010184819395,0.263008495712852,0.263002301519029,0.262989031502612,0.262978869780677,0.262969488252768,0.262984114049196,0.263008320337716,0.26301679306797,0.263028445259118,0.263034931907884,0.263038843403152,0.263045906933787,0.263051964282136,0.263051903121192,0.263049160111337,0.263050869415687,0.263056284335454,0.263063660266573,0.263070234101196,0.263076120536472,0.263080935461032,0.26308232333728,0.263076846171708,0.263065917625684,0.26305401298374,0.263045283172982,0.263039561487731,0.26303435592997,0.263029192917792,0.263022625862163,0.263013340061517,0.263007236146132,0.263004692787884,0.263002425941799,0.262996521569883,0.262988847916392,0.262984126047452,0.262982822629135,0.262980604362724,0.262975466634829,0.26296486584365,0.262949863976448,0.262934656237534,0.262918197392375,0.262897934938258,0.262879010177988,0.262861891522595,0.262847652641182,0.262836092415118,0.262823085361068,0.262812934493631,0.262806068425181,0.262799682711544,0.262796730462985,0.262791543890109,0.262787839786627,0.262788001670375,0.262794582132463,0.262802253322916,0.262808031009712,0.262811022200326,0.262813308066306,0.262816073987673,0.262814856115859,0.262812518817073,0.26280934992674,0.262804760497903,0.262798760601972,0.262790374039049,0.262782720028282,0.2627773481534,0.262764241036963,0.262750787148132,0.262738548567638,0.262725328264251,0.262710079904581,0.262689814796299,0.262675696115872,0.262663932465634,0.262652475774995,0.262640622859535,0.262626982918155,0.262615386390648,0.26260712333951,0.262602715177899,0.262585701049137,0.262567841175221,0.262547800849168,0.262524929250502,0.262503209610909,0.262484248968636,0.262467814878048,0.26244937829508,0.262441540023737,0.262436711774734,0.262422680111735,0.262405448694373,0.262387218361281,0.262368345638259,0.262350236650911,0.262334610224953,0.262320582061752,0.262307536942714,0.262293140198993,0.262276593074568,0.262257713236127,0.262238240632649,0.262218671299772,0.262199672512773,0.262181566465145,0.262164777012493,0.262148834883669,0.262131978422025,0.262117321651105,0.262106354246018,0.262117329264895,0.262183102224347
NaN,NaN,NaN,NaN,NaN,NaN,NaN,NaN,NaN,NaN,NaN,NaN,NaN,NaN,NaN,NaN,NaN,NaN,NaN,NaN,NaN,NaN,NaN,NaN,NaN,NaN,NaN,NaN,NaN,NaN,NaN,NaN,NaN,NaN,NaN,NaN,NaN,NaN,NaN,NaN,NaN,NaN,NaN,NaN,NaN,NaN,NaN,NaN,NaN,NaN,NaN,NaN,NaN,NaN,NaN,NaN,NaN,NaN,NaN,NaN,NaN,NaN,NaN,NaN,NaN,NaN,NaN,NaN,NaN,NaN,NaN,NaN,NaN,NaN,NaN,NaN,NaN,NaN,NaN,NaN,NaN,NaN,NaN,NaN,NaN,NaN,NaN,NaN,NaN,NaN,NaN,NaN,NaN,NaN,NaN,NaN,NaN,NaN,NaN,NaN,NaN,NaN,NaN,NaN,NaN,NaN,NaN,NaN,NaN,NaN,0.263031753216934,0.255082440902397,0.209079814171266,0.177101270327043,NaN,NaN,NaN,NaN,0.205715731738534,0.253460566097867,0.263011550823549,0.263010618367062,0.263009053410324,0.263009481884995,0.263009786746202,0.26301140616031,0.263014433235872,0.26301693522046,0.263018808185417,0.263016540969098,0.262998863685707,0.262966916047294,0.262978960762716,0.263006044697032,0.263020619635969,0.263036219472048,0.263048842746401,0.263054522786389,0.263057501675374,0.263060414371785,0.263061081499991,0.263061122948417,0.263061717960379,0.263067631187362,0.263073635179428,0.263080033984511,0.263086216235604,0.263091391859924,0.263093261513918,0.263092766647312,0.263086956898484,0.263076317887063,0.263068000470625,0.263060985591641,0.263055649423795,0.263052060044445,0.263048490323848,0.263041321087861,0.263030464233312,0.263023246836962,0.26302204509532,0.263020376796358,0.263014531555528,0.263005827916636,0.263001564292683,0.263001445502503,0.263002403858623,0.263002682528029,0.262995525597392,0.262986780126274,0.262974394033252,0.262952758955867,0.262930704456774,0.262904208695142,0.262881950920472,0.262868255387954,0.262859391440035,0.262848135869184,0.262836164841661,0.262828480701251,0.262823679259972,0.262818871399968,0.262815826886738,0.262812566326511,0.262810967944803,0.26281326889246,0.26282091169551,0.26282774268531,0.262830897298117,0.262832430906876,0.262833208526782,0.262831977878129,0.262828234993191,0.262822856791325,0.262817428186332,0.262809989287012,0.262801267257461,0.262794389012736,0.262790652261568,0.262781234716326,0.262765877011748,0.262750376654882,0.262737347541944,0.262723719789579,0.26270309390619,0.262689482905166,0.262675807198652,0.262664307341493,0.262655621232548,0.262640926238571,0.26263296046675,0.262627517700183,0.26261472542043,0.262594067197715,0.262574156342402,0.262554130672368,0.262532165868633,0.262511317063699,0.262494282815279,0.262478432196511,0.262462831739219,0.262451728926208,0.262444650430865,0.262432715545019,0.262417873295339,0.262400489888883,0.262382571803702,0.26236312982146,0.262346267371107,0.262332300181062,0.262318105168463,0.262304084574688,0.262288117829845,0.262269534324596,0.26224979365577,0.262230793334059,0.26221203640639,0.26219416251926,0.262177560130784,0.262161375262001,0.262145341846544,0.262130991927379,0.262119833891252,0.262129596346779,0.262196005164065
NaN,NaN,NaN,NaN,NaN,NaN,NaN,NaN,NaN,NaN,NaN,NaN,NaN,NaN,NaN,NaN,NaN,NaN,NaN,NaN,NaN,NaN,NaN,NaN,NaN,NaN,NaN,NaN,NaN,NaN,NaN,NaN,NaN,NaN,NaN,NaN,NaN,NaN,NaN,NaN,NaN,NaN,NaN,NaN,NaN,NaN,NaN,NaN,NaN,NaN,NaN,NaN,NaN,NaN,NaN,NaN,NaN,NaN,NaN,NaN,NaN,NaN,NaN,NaN,NaN,NaN,NaN,NaN,NaN,NaN,NaN,NaN,NaN,NaN,NaN,NaN,NaN,NaN,NaN,NaN,NaN,NaN,NaN,NaN,NaN,NaN,NaN,NaN,NaN,NaN,NaN,NaN,NaN,NaN,NaN,NaN,NaN,NaN,NaN,NaN,NaN,NaN,NaN,NaN,NaN,NaN,NaN,NaN,NaN,NaN,NaN,NaN,0.177118658510253,0.177783780456913,NaN,NaN,NaN,NaN,NaN,NaN,0.253467902826807,0.261875984321018,0.262988280698605,0.263023680137166,0.263023975770583,0.263024537637708,0.263026020219442,0.263029225431035,0.26217650276476,0.253456972628057,0.256238145751442,0.26238122164458,0.262996110757712,0.263021072214434,0.263036137905748,0.263052117775115,0.263062255792435,0.263065272008029,0.263066749068718,0.263071760953909,0.263073201467365,0.263073061608647,0.263078360893027,0.263086254368843,0.263089530218779,0.263093396957793,0.263098543512875,0.263102132488149,0.263103661223337,0.263102089826458,0.263098422365975,0.263091504111132,0.263085066899573,0.263079728786856,0.263073880850852,0.263069649447282,0.263064249410502,0.263056366517619,0.263046283686464,0.263039638340388,0.263040121465744,0.263039217481923,0.26302850037943,0.263018732588853,0.263016188155203,0.263018244454698,0.263022697885597,0.263024591252444,0.263021510825915,0.263013275564971,0.263001576608102,0.262981745955519,0.262952592866318,0.262925167884574,0.262908573580962,0.262898976201964,0.262885145910038,0.262870842829821,0.262861544930036,0.262852027720923,0.262843755859066,0.262839338344537,0.262837640694521,0.262835481493842,0.262832468363561,0.262831919181575,0.262836846428187,0.262844390294974,0.262849525732991,0.262851231750414,0.262851082491726,0.262850894438328,0.262847840147514,0.262840724982042,0.262832040004356,0.262822809465584,0.262814204733606,0.26280840727715,0.262802862019151,0.262792526263061,0.262774795307838,0.262755797929974,0.262746804491392,0.262732124339706,0.262713095174926,0.262702623442094,0.262690931773133,0.26267841144511,0.262665613504746,0.262654064115383,0.262646358480474,0.262638729833675,0.262625805217544,0.262608912877186,0.262585137659216,0.262562328605287,0.262540709854706,0.262519115088934,0.262500992203059,0.262488757836563,0.262477192076028,0.262464040376695,0.262455326800095,0.26244346110973,0.262427738089825,0.262413244039758,0.26239605230937,0.262376416985508,0.262358805988992,0.262344239949548,0.262329261224701,0.262314289082282,0.262298592005333,0.262280269151961,0.262261229613955,0.262242759546394,0.26222473385735,0.262207096854304,0.262190406296074,0.262174859981679,0.262159048545054,0.262144528578977,0.262132617639657,0.262141980415402,0.262209034164722
NaN,NaN,NaN,NaN,NaN,NaN,NaN,NaN,NaN,NaN,NaN,NaN,NaN,NaN,NaN,NaN,NaN,NaN,NaN,NaN,NaN,NaN,NaN,NaN,NaN,NaN,NaN,NaN,NaN,NaN,NaN,NaN,NaN,NaN,NaN,NaN,NaN,NaN,NaN,NaN,NaN,NaN,NaN,NaN,NaN,NaN,NaN,NaN,NaN,NaN,NaN,NaN,NaN,NaN,NaN,NaN,NaN,NaN,NaN,NaN,NaN,NaN,NaN,NaN,NaN,NaN,NaN,NaN,NaN,NaN,NaN,NaN,NaN,NaN,NaN,NaN,NaN,NaN,NaN,NaN,NaN,NaN,NaN,NaN,NaN,NaN,NaN,NaN,NaN,NaN,NaN,NaN,NaN,NaN,NaN,NaN,NaN,NaN,NaN,NaN,NaN,NaN,NaN,NaN,NaN,NaN,NaN,NaN,NaN,NaN,NaN,NaN,NaN,NaN,NaN,NaN,NaN,NaN,NaN,NaN,NaN,0.228132966821819,0.248588590858736,0.256677891522484,0.260453743967131,0.262257679503988,0.26069655102676,0.252349277036679,0.230302249947339,NaN,NaN,NaN,0.262464386203424,0.26303870556456,0.263044981384319,0.263054684551808,0.263066817841574,0.263069253581167,0.263078955937704,0.263087986430106,0.263088720361751,0.263091250618201,0.263095191219835,0.26310038966858,0.263103253136077,0.263105313755968,0.263108442795445,0.263111721694608,0.263113588709529,0.26311359908507,0.263111303068477,0.263106789791844,0.263101393184554,0.263096910166965,0.263091318353215,0.263084502556158,0.263078804545523,0.263071407826518,0.263061612739219,0.263056070359369,0.263057921938735,0.263057535542538,0.263047913065557,0.263034900307314,0.263030112765939,0.263034129782168,0.263040928662596,0.263045210427073,0.263043957507231,0.263038676485925,0.263027780259801,0.263000993487094,0.262964491695143,0.262946967775361,0.262929714064351,0.262920054669734,0.262908678650172,0.262897402188208,0.262886049926423,0.26287555893696,0.262866174361896,0.262861160320227,0.262858024937954,0.262856013394279,0.262853060319817,0.26285187634686,0.262852762147854,0.262857355257985,0.262864074480637,0.26286646980281,0.262866936371826,0.262866734339473,0.262865076744063,0.262859743122484,0.262848706133179,0.262837122093852,0.262829405753374,0.262823423119208,0.262816743765261,0.262806535228095,0.262789857705237,0.262770482292363,0.262753320082363,0.26273611337656,0.262719928795603,0.262714478309063,0.262704268477816,0.262687772147556,0.262675626059451,0.262667245165332,0.262659777435673,0.262651105593888,0.262635863286766,0.262617119018796,0.262595671270327,0.262574694797936,0.262553397880337,0.262531857192799,0.262515749576859,0.26250313364856,0.262485420331132,0.26247394953673,0.262470836933056,0.262457572202914,0.262440881079861,0.262426897594221,0.262407797641955,0.262388817590849,0.262370592092494,0.262354668782904,0.26233944809623,0.262324308639988,0.262308567677513,0.262290836455439,0.262272190543124,0.262254595883723,0.262237063118279,0.262219875156821,0.262203008186105,0.26218761388006,0.262172218245491,0.262157195118563,0.262145162161347,0.26215457986038,0.262222296600032
NaN,NaN,NaN,NaN,NaN,NaN,NaN,NaN,NaN,NaN,NaN,NaN,NaN,NaN,NaN,NaN,NaN,NaN,NaN,NaN,NaN,NaN,NaN,NaN,NaN,NaN,NaN,NaN,NaN,NaN,NaN,NaN,NaN,NaN,NaN,NaN,NaN,NaN,NaN,NaN,NaN,NaN,NaN,NaN,NaN,NaN,NaN,NaN,NaN,NaN,NaN,NaN,NaN,NaN,NaN,NaN,NaN,NaN,NaN,NaN,NaN,NaN,NaN,NaN,NaN,NaN,NaN,NaN,NaN,NaN,NaN,NaN,NaN,NaN,NaN,NaN,NaN,NaN,NaN,NaN,NaN,NaN,NaN,NaN,NaN,NaN,NaN,NaN,NaN,NaN,NaN,NaN,NaN,NaN,NaN,NaN,NaN,NaN,NaN,NaN,NaN,NaN,NaN,NaN,NaN,NaN,NaN,NaN,NaN,NaN,NaN,NaN,NaN,NaN,NaN,NaN,NaN,NaN,NaN,NaN,NaN,NaN,NaN,NaN,NaN,0.2309073132614,0.221714418937428,NaN,NaN,NaN,NaN,NaN,NaN,0.262480098975621,0.263048239296781,0.263046235473813,0.263070608911214,0.263082690915064,0.263095190560414,0.263100654296315,0.263102587013056,0.263105631928633,0.263111979117815,0.263115065565663,0.263115880015104,0.263116516025245,0.263119058508607,0.263121505908414,0.263124052227281,0.263124826764381,0.263122943262106,0.263120274896574,0.263116632119093,0.263112608985304,0.263106626823026,0.263098352206452,0.263092785575719,0.263087151781532,0.263078556628429,0.26307205449129,0.263071970080917,0.263073327426686,0.263061396985301,0.263046826015173,0.263048021508075,0.26304939418546,0.263058529647986,0.263064449209096,0.263065793253989,0.263061489599486,0.263044092274565,0.262998814963557,0.262982928371875,0.262962391099745,0.262953037984851,0.262943807677377,0.262932995903212,0.26292315132126,0.262910812289937,0.262900533936941,0.262892481435029,0.262886760343179,0.262881047179225,0.262876162985354,0.262872707869538,0.26287171446233,0.262870869883201,0.262871315794323,0.262875415539133,0.262878980938056,0.262882348258292,0.262882308316496,0.262881473647008,0.262878517057805,0.262869302178282,0.262853989172933,0.262843556828218,0.262838710503384,0.262834410913816,0.262821465290091,0.262806933584781,0.262786891918376,0.262768443525805,0.262747761048277,0.262727076933272,0.262720526749779,0.262713094577911,0.262695839872556,0.262684274107158,0.262679551006918,0.262672410759301,0.262662143644406,0.262644878922353,0.262624151471297,0.26260497043878,0.262586067188531,0.262564691092303,0.262545157067513,0.262531037377402,0.262519409397575,0.262501097403638,0.262488718302641,0.262480335813928,0.26246585826329,0.262454459354239,0.262440139196111,0.262420060103056,0.262401345200196,0.262383232185704,0.262365371024242,0.262349572754251,0.262335044551395,0.262318926056429,0.262301875755959,0.262284128906947,0.262266684103427,0.262249506662954,0.262231936751389,0.262215537159053,0.262200066915762,0.262184584512346,0.262169750861682,0.262158320335043,0.262166900124655,0.262235288170787
NaN,NaN,NaN,NaN,NaN,NaN,NaN,NaN,NaN,NaN,NaN,NaN,NaN,NaN,NaN,NaN,NaN,NaN,NaN,NaN,NaN,NaN,NaN,NaN,NaN,NaN,NaN,NaN,NaN,NaN,NaN,NaN,NaN,NaN,NaN,NaN,NaN,NaN,NaN,NaN,NaN,NaN,NaN,NaN,NaN,NaN,NaN,NaN,NaN,NaN,NaN,NaN,NaN,NaN,NaN,NaN,NaN,NaN,NaN,NaN,NaN,NaN,NaN,NaN,NaN,NaN,NaN,NaN,NaN,NaN,NaN,NaN,NaN,NaN,NaN,NaN,NaN,NaN,NaN,NaN,NaN,NaN,NaN,NaN,NaN,NaN,NaN,NaN,NaN,NaN,NaN,NaN,NaN,NaN,NaN,NaN,NaN,NaN,NaN,NaN,NaN,NaN,NaN,NaN,NaN,NaN,NaN,NaN,NaN,NaN,NaN,NaN,NaN,NaN,NaN,NaN,NaN,NaN,NaN,NaN,NaN,NaN,NaN,NaN,NaN,NaN,NaN,NaN,NaN,NaN,NaN,NaN,NaN,NaN,NaN,NaN,0.263104574281056,0.26310752576326,0.263109447674486,0.263110947239745,0.263115637886708,0.263121696418548,0.263127141313662,0.263130675544391,0.263130980118257,0.263129459480702,0.263130807048253,0.263132465472687,0.263134244141442,0.263134168996647,0.263132458386804,0.263130299885888,0.26312902320373,0.26312447437378,0.263118846583604,0.263110960763836,0.26310537183174,0.263101582278604,0.263095649767069,0.26308676661845,0.263083440836305,0.263083327217332,0.263068700236079,0.263058130295579,0.263054581148733,0.263063471139814,0.263073054831437,0.263082913757349,0.263084681301634,0.263074593072307,0.263035816341032,0.263014835634011,0.262995212812008,0.26298063579414,0.26297879651983,0.262969654231286,0.262955826289913,0.262943452011553,0.262934884659974,0.262925865774325,0.262916937201214,0.262909532174172,0.262903551549408,0.262897325506412,0.262892531066853,0.262890504216838,0.262889397725743,0.262889489945727,0.262893111053246,0.26289544775044,0.262896426914836,0.262899143929335,0.26289964701502,0.262897847955523,0.262890515164749,0.262877916483352,0.262859645880521,0.262849873082789,0.26284767611248,0.262833843006531,0.262819303092262,0.262801489386057,0.262785864220003,0.262766673127925,0.262740839252405,0.262730045751063,0.262722890620011,0.262702572875204,0.262690627401523,0.262694714913589,0.262682858437415,0.262668206633399,0.2626500722118,0.262627373519834,0.262609767583487,0.26259352803344,0.262576711414177,0.262559420904323,0.262545706637399,0.262534073089511,0.262517342802949,0.262504487001197,0.26249024169248,0.2624787381799,0.262465908078256,0.262449529089291,0.26243244413743,0.262413658033597,0.262395229770673,0.262378176454654,0.262361478189164,0.26234634207008,0.262330530714312,0.262313066617032,0.262295783351989,0.262278470545559,0.26226191772368,0.262244548251296,0.262227634866693,0.262211980917857,0.262196890224149,0.262182658189363,0.26217147332908,0.262178597730181,0.262247671850964
NaN,NaN,NaN,NaN,NaN,NaN,NaN,NaN,NaN,NaN,NaN,NaN,NaN,NaN,NaN,NaN,NaN,NaN,NaN,NaN,NaN,NaN,NaN,NaN,NaN,NaN,NaN,NaN,NaN,NaN,NaN,NaN,NaN,NaN,NaN,NaN,NaN,NaN,NaN,NaN,NaN,NaN,NaN,NaN,NaN,NaN,NaN,NaN,NaN,NaN,NaN,NaN,NaN,NaN,NaN,NaN,NaN,NaN,NaN,NaN,NaN,NaN,NaN,NaN,NaN,NaN,NaN,NaN,NaN,NaN,NaN,NaN,NaN,NaN,NaN,NaN,NaN,NaN,NaN,NaN,NaN,NaN,NaN,NaN,NaN,NaN,NaN,NaN,NaN,NaN,NaN,NaN,NaN,NaN,NaN,NaN,NaN,NaN,NaN,NaN,NaN,NaN,NaN,NaN,NaN,NaN,NaN,NaN,NaN,NaN,NaN,NaN,NaN,NaN,NaN,NaN,NaN,NaN,NaN,NaN,NaN,NaN,NaN,NaN,NaN,NaN,NaN,NaN,NaN,NaN,NaN,NaN,NaN,NaN,NaN,NaN,0.259357119312583,0.260160178797432,0.263126344199466,0.263128731409791,0.263133690140262,0.2631384049212,0.263143149428653,0.263145075984131,0.263146076142915,0.263143049557201,0.263141547231683,0.263142454430295,0.263143760324619,0.26314296638413,0.263140178936216,0.263137347879896,0.263137728880237,0.263134893218895,0.263128722529361,0.263122563066071,0.263119303000246,0.263117954172878,0.263112393109753,0.263101709141449,0.26309700149027,0.263091920416105,0.263078513469439,0.263069052010171,0.263068739648225,0.263075046235668,0.263084761741716,0.26309371581814,0.263095812430338,0.263077082818956,0.263046642426603,0.263035576472177,0.263009095999848,0.263013814569057,0.263019333461033,0.263008364641548,0.26298077263879,0.262961849992756,0.262954855950493,0.262946609702656,0.262938196895908,0.262927916992979,0.262919684782645,0.262916120008573,0.26291269031303,0.262910237674675,0.262910212317853,0.262909637149016,0.262911359236385,0.262914789584256,0.262915471266099,0.262917036694697,0.262917876009303,0.262916087037687,0.262908886995894,0.262899569871538,0.262881511585911,0.262863901585637,0.262859758612526,0.262847653177342,0.26283018793152,0.262813746760443,0.262799364659481,0.262780949878908,0.262758426223694,0.262743944331527,0.262731661125217,0.262715660125065,0.262706375939082,0.262699536677252,0.262682181902091,0.262671721739935,0.262652484829115,0.262625014133323,0.262612752498274,0.262606473996764,0.262593998740981,0.262577108033657,0.262561700941003,0.262549564265819,0.262532131222121,0.262517166317228,0.262504721461728,0.262492490245034,0.262479336455203,0.262461027347799,0.262444121232687,0.262425576059759,0.262407177955468,0.262390264110276,0.262373915127915,0.262358814869774,0.262343104450928,0.262325226171066,0.262307404381994,0.262290749068822,0.262274246135484,0.262256887709002,0.262239995489612,0.262224432525399,0.262209845049616,0.262196188094214,0.262184557960807,0.262190773371829,0.262260550212181
NaN,NaN,NaN,NaN,NaN,NaN,NaN,NaN,NaN,NaN,NaN,NaN,NaN,NaN,NaN,NaN,NaN,NaN,NaN,NaN,NaN,NaN,NaN,NaN,NaN,NaN,NaN,NaN,NaN,NaN,NaN,NaN,NaN,NaN,NaN,NaN,NaN,NaN,NaN,NaN,NaN,NaN,NaN,NaN,NaN,NaN,NaN,NaN,NaN,NaN,NaN,NaN,NaN,NaN,NaN,NaN,NaN,NaN,NaN,NaN,NaN,NaN,NaN,NaN,NaN,NaN,NaN,NaN,NaN,NaN,NaN,NaN,NaN,NaN,NaN,NaN,NaN,NaN,NaN,NaN,NaN,NaN,NaN,NaN,NaN,NaN,NaN,NaN,NaN,NaN,NaN,NaN,NaN,NaN,NaN,NaN,NaN,NaN,NaN,NaN,NaN,NaN,NaN,NaN,NaN,NaN,NaN,NaN,NaN,NaN,NaN,NaN,NaN,NaN,NaN,NaN,NaN,NaN,NaN,NaN,NaN,NaN,NaN,NaN,NaN,NaN,NaN,NaN,NaN,NaN,NaN,NaN,NaN,NaN,NaN,NaN,NaN,0.219382846741154,0.260178497197833,0.262038617848942,0.263156960007549,0.263158534605896,0.263159149764704,0.263159237723338,0.263158938459362,0.263155534482,0.26315230610285,0.263151314245852,0.263150727874319,0.263150428243046,0.263148410672608,0.263144560885974,0.26314653912324,0.263144276965521,0.263137750854212,0.263132849629658,0.263135307602524,0.263136051315971,0.263126572085023,0.263118001743649,0.263112769757535,0.263106813396972,0.263095626128876,0.263086198478832,0.263083337091583,0.263088964669744,0.26309409088449,0.263101357303768,0.263104134850328,0.263090005320741,0.263083278503191,0.263050664473316,0.263038544769399,0.263049547443108,0.26304874256015,0.263020456208808,0.262997313087848,0.262983965557166,0.262973440393724,0.262964700505226,0.262956532441123,0.262944806201698,0.262936080661912,0.262932840006703,0.262931673644609,0.262928438851293,0.262929534706554,0.262933005862635,0.262932177934639,0.262934892618525,0.262938118883778,0.26293921958702,0.262937418156431,0.262932823095662,0.262929270514482,0.262916600175152,0.262902117661297,0.26287796447719,0.262872424287662,0.262862563666395,0.262843743894811,0.262827319128395,0.262814247173894,0.262790555922533,0.262773626339976,0.262760187711449,0.262747970376475,0.262731283616499,0.2627168316649,0.262704653597265,0.26268907565433,0.26267365998216,0.262649955166067,0.262625341062713,0.262619984347524,0.262623763419742,0.262607004878092,0.26259072236901,0.262577482845907,0.262561617738736,0.262540221119757,0.262527232127208,0.262517770567357,0.262504874768847,0.262490951807744,0.26247411701763,0.26245576251737,0.26243748444505,0.262419936299217,0.262403011285882,0.262386982724629,0.262371816247065,0.262355505022463,0.26233769398771,0.262319812674449,0.262302846314003,0.262286255046969,0.262268944628486,0.262252372992447,0.262237263808079,0.262223482518062,0.262209552963243,0.262197424560957,0.262203362850369,0.262273864105307
NaN,NaN,NaN,NaN,NaN,NaN,NaN,NaN,NaN,NaN,NaN,NaN,NaN,NaN,NaN,NaN,NaN,NaN,NaN,NaN,NaN,NaN,NaN,NaN,NaN,NaN,NaN,NaN,NaN,NaN,NaN,NaN,NaN,NaN,NaN,NaN,NaN,NaN,NaN,NaN,NaN,NaN,NaN,NaN,NaN,NaN,NaN,NaN,NaN,NaN,NaN,NaN,NaN,NaN,NaN,NaN,NaN,NaN,NaN,NaN,NaN,NaN,NaN,NaN,NaN,NaN,NaN,NaN,NaN,NaN,NaN,NaN,NaN,NaN,NaN,NaN,NaN,NaN,NaN,NaN,NaN,NaN,NaN,NaN,NaN,NaN,NaN,NaN,NaN,NaN,NaN,NaN,NaN,NaN,NaN,NaN,NaN,NaN,NaN,NaN,NaN,NaN,NaN,NaN,NaN,NaN,NaN,NaN,NaN,NaN,NaN,NaN,NaN,NaN,NaN,NaN,NaN,NaN,NaN,NaN,NaN,NaN,NaN,NaN,NaN,NaN,NaN,NaN,NaN,NaN,NaN,NaN,NaN,NaN,NaN,NaN,NaN,NaN,0.219399262405181,0.250214418031664,0.257701232882147,0.263176412007629,0.263175951098565,0.263173633231175,0.263169816409117,0.263165686733103,0.263162379148065,0.263158833674202,0.263157090135796,0.263156145003209,0.263154261895171,0.263150896907279,0.263151526939495,0.263151573692825,0.263145362174953,0.26314418404635,0.263151717963537,0.263153869845806,0.263144642431429,0.263133980753976,0.263129177869174,0.263126656614106,0.263110788501488,0.263097683460001,0.263095434650336,0.263099368615,0.263105313459929,0.263119851119315,0.263132444925095,0.263121384594954,0.263101817678254,0.263069703583325,0.263071174068522,0.263087115158023,0.263061394393295,0.263030777545881,0.263014417204501,0.263005730742559,0.262992735051455,0.262980940744121,0.2629685586069,0.26296006883059,0.262953441612136,0.262948692787835,0.26294788600356,0.262947156801401,0.262946330673596,0.262953169207857,0.262959084930832,0.26295818363354,0.262962606868083,0.26296543273186,0.262964382870481,0.262956638273375,0.262945273033325,0.262934326896478,0.262924667063375,0.262899203527623,0.262882758455606,0.262874440015665,0.262858027370844,0.262842494990493,0.262822260942714,0.26280217613303,0.262791238912249,0.262776983280173,0.262756678582626,0.262741132469218,0.262730176984483,0.262715074180344,0.262694600998209,0.262674950343869,0.262652335872579,0.26262820156903,0.262628064140767,0.262630768230965,0.2626136568862,0.262603003455585,0.262588045114297,0.262565960157115,0.262545480093108,0.262537432829253,0.262529745165683,0.262517439251648,0.26250187778508,0.262485850437227,0.262467557311101,0.262449908517768,0.262433960716239,0.262418655100497,0.262402888462087,0.262386236516771,0.262368732851604,0.262350411162578,0.262332820576159,0.262315351975682,0.262298603349946,0.262281536331203,0.262264731281795,0.262249919158469,0.262236305425495,0.262222267350031,0.262209772561786,0.262216000578231,0.262287249467098
NaN,NaN,NaN,NaN,NaN,NaN,NaN,NaN,NaN,NaN,NaN,NaN,NaN,NaN,NaN,NaN,NaN,NaN,NaN,NaN,NaN,NaN,NaN,NaN,NaN,NaN,NaN,NaN,NaN,NaN,NaN,NaN,NaN,NaN,NaN,NaN,NaN,NaN,NaN,NaN,NaN,NaN,NaN,NaN,NaN,NaN,NaN,NaN,NaN,NaN,NaN,NaN,NaN,NaN,NaN,NaN,NaN,NaN,NaN,NaN,NaN,NaN,NaN,NaN,NaN,NaN,NaN,NaN,NaN,NaN,NaN,NaN,NaN,NaN,NaN,NaN,NaN,NaN,NaN,NaN,NaN,NaN,NaN,NaN,NaN,NaN,NaN,NaN,NaN,NaN,NaN,NaN,NaN,NaN,NaN,NaN,NaN,NaN,NaN,NaN,NaN,NaN,NaN,NaN,NaN,NaN,NaN,NaN,NaN,NaN,NaN,NaN,NaN,NaN,NaN,NaN,NaN,NaN,NaN,NaN,NaN,NaN,NaN,NaN,NaN,NaN,NaN,NaN,NaN,NaN,NaN,NaN,NaN,NaN,NaN,NaN,NaN,NaN,NaN,0.206678762539429,0.254229117391286,0.261080947355935,0.263189785500948,0.263187431866128,0.263182709222973,0.263175895411636,0.263168683107292,0.263163886253799,0.263161902797567,0.263161050354771,0.263160866588244,0.263162763308883,0.263159148667471,0.263160398198069,0.263155615494266,0.263158503725846,0.263166815374016,0.263165695216491,0.263157785875063,0.263145861919712,0.263143741558901,0.263135974908446,0.263115924868104,0.263107807948322,0.263114645255402,0.263120694008383,0.263124823690912,0.263133961280875,0.263138855129171,0.263130824283376,0.263117408615927,0.263097155990784,0.2631041982873,0.26308720550861,0.26305157820975,0.263039370709032,0.26303136171472,0.263022604139161,0.263010011685315,0.262996885877939,0.262986399094862,0.262977518943288,0.262967228183071,0.262961577322562,0.262963070385915,0.262966083705004,0.262966455427721,0.262973536228121,0.26298382885579,0.26298892710894,0.26299211918308,0.262993993819495,0.262992433809345,0.262987437095719,0.262974380265974,0.262952434763245,0.262939290321819,0.262925709442476,0.262903454959423,0.262887242657117,0.262873883458188,0.262853164202331,0.262829463136006,0.262812553713723,0.262802267219401,0.262791508370503,0.262769248182785,0.262749561502292,0.262738350255778,0.262723172988604,0.262697750230667,0.262674013880305,0.262654057500565,0.262642582919822,0.262637031042923,0.2626237519657,0.262621422468537,0.26261072749322,0.262590407159835,0.262570692287205,0.262552441613366,0.262544671596492,0.262539724001127,0.262525973979233,0.26251286236172,0.262499792790547,0.262480998986284,0.262462889610735,0.262448344873003,0.262434465835561,0.262418521512909,0.262400146783449,0.262381087932494,0.262363427322734,0.262346302651676,0.262328466866002,0.262311182437822,0.262294180339104,0.262277348429257,0.262261963848023,0.262247871858292,0.262233842140076,0.262221459730898,0.262228356346704,0.262300368429078
NaN,NaN,NaN,NaN,NaN,NaN,NaN,NaN,NaN,NaN,NaN,NaN,NaN,NaN,NaN,NaN,NaN,NaN,NaN,NaN,NaN,NaN,NaN,NaN,NaN,NaN,NaN,NaN,NaN,NaN,NaN,NaN,NaN,NaN,NaN,NaN,NaN,NaN,NaN,NaN,NaN,NaN,NaN,NaN,NaN,NaN,NaN,NaN,NaN,NaN,NaN,NaN,NaN,NaN,NaN,NaN,NaN,NaN,NaN,NaN,NaN,NaN,NaN,NaN,NaN,NaN,NaN,NaN,NaN,NaN,NaN,NaN,NaN,NaN,NaN,NaN,NaN,NaN,NaN,NaN,NaN,NaN,NaN,NaN,NaN,NaN,NaN,NaN,NaN,NaN,NaN,NaN,NaN,NaN,NaN,NaN,NaN,NaN,NaN,NaN,NaN,NaN,NaN,NaN,NaN,NaN,NaN,NaN,NaN,NaN,NaN,NaN,NaN,NaN,NaN,NaN,NaN,NaN,NaN,NaN,NaN,NaN,NaN,NaN,NaN,NaN,NaN,NaN,NaN,NaN,NaN,NaN,NaN,NaN,NaN,NaN,NaN,NaN,NaN,NaN,0.206680831441926,0.224699300838528,0.25844433930805,0.263198561995671,0.263193102650272,0.263187834417346,0.263179969861152,0.263173170205111,0.263166789558279,0.263163557636506,0.26315970244541,0.263169424351586,0.263172509364586,0.263170318911549,0.26317031287029,0.263170385012201,0.263172901097555,0.263172643926539,0.263162247690067,0.263153280148365,0.263149042881038,0.263141171895289,0.263131331143347,0.263128298031443,0.263134414049522,0.263135154950842,0.263133704520799,0.263135535256199,0.263138131398557,0.263135581268827,0.263128215256471,0.263122718198905,0.263102726532183,0.263068441861882,0.263058159898709,0.263054119975652,0.263050319397346,0.263036317727686,0.263023939638389,0.263011463601323,0.263001056824825,0.262989464055855,0.262978731254106,0.262973439605906,0.262976214253413,0.262981224242937,0.26298894430416,0.262994501648856,0.263005072181226,0.263013023125929,0.263018699141632,0.263023986382038,0.263023067803076,0.263019764650608,0.26300675144386,0.26298513276085,0.262967873677343,0.262948336730322,0.262926317730707,0.262908891660104,0.262894013244259,0.262867919121702,0.2628411009936,0.262821689367434,0.262813195948614,0.262797573669157,0.262774956604888,0.262756963860035,0.262743751909013,0.262730494125258,0.262702775888826,0.262676551899934,0.262659721486899,0.262651040881551,0.262647520991235,0.262638731972644,0.262627554062694,0.262611100885159,0.262594557139353,0.26257431913455,0.262559703980243,0.262552747249127,0.262547176529084,0.262532662877645,0.262524930202968,0.262514918904763,0.262495832511907,0.262477831324517,0.262464591563849,0.262450869805993,0.26243360394727,0.262413802064078,0.262394389589431,0.262377145528648,0.262360578991074,0.262342251709458,0.262323744858618,0.26230629005719,0.262289889968407,0.262273854101131,0.262258451362593,0.262243368900079,0.262229859764126,0.262235192220739,0.262307661381757
NaN,NaN,NaN,NaN,NaN,NaN,NaN,NaN,NaN,NaN,NaN,NaN,NaN,NaN,NaN,NaN,NaN,NaN,NaN,NaN,NaN,NaN,NaN,NaN,NaN,NaN,NaN,NaN,NaN,NaN,NaN,NaN,NaN,NaN,NaN,NaN,NaN,NaN,NaN,NaN,NaN,NaN,NaN,NaN,NaN,NaN,NaN,NaN,NaN,NaN,NaN,NaN,NaN,NaN,NaN,NaN,NaN,NaN,NaN,NaN,NaN,NaN,NaN,NaN,NaN,NaN,NaN,NaN,NaN,NaN,NaN,NaN,NaN,NaN,NaN,NaN,NaN,NaN,NaN,NaN,NaN,NaN,NaN,NaN,NaN,NaN,NaN,NaN,NaN,NaN,NaN,NaN,NaN,NaN,NaN,NaN,NaN,NaN,NaN,NaN,NaN,NaN,NaN,NaN,NaN,NaN,NaN,NaN,NaN,NaN,NaN,NaN,NaN,NaN,NaN,NaN,NaN,NaN,NaN,NaN,NaN,NaN,NaN,NaN,NaN,NaN,NaN,NaN,NaN,NaN,NaN,NaN,NaN,NaN,NaN,NaN,NaN,NaN,NaN,NaN,NaN,NaN,0.214162394261006,0.254165081153929,0.263089637649286,0.263198507728633,0.263191337259052,0.263184339842356,0.263175913576404,0.263169512559115,0.263164207933794,0.263174090015216,0.263181284815231,0.263180429392158,0.263183233013232,0.263180458430627,0.26317615819443,0.263170497647619,0.263165454992659,0.263163419041452,0.263160194627254,0.263155566615978,0.263153002223861,0.263148501669478,0.263147489525815,0.26314541804219,0.26314205207306,0.263144296644325,0.263150005965083,0.2631503375534,0.263146877980288,0.263129607366021,0.263104437887847,0.26307979251369,0.263075575075789,0.263067044147498,0.26305747642953,0.263047814413272,0.263035947724808,0.263022250615339,0.26300716660132,0.262995809127497,0.262987628958169,0.262985354625409,0.262990343152686,0.262996769558381,0.263008536112333,0.263015895755016,0.263024024564494,0.263031688294081,0.263036496963003,0.263040977573979,0.263042127243633,0.263040448226996,0.26302835117587,0.26301022004188,0.263005736804316,0.262986971933455,0.262954978393614,0.262933849351992,0.262921404923195,0.262889409211854,0.262860634929522,0.262837809266466,0.262825154114522,0.262804058489922,0.262779573075021,0.262764317510716,0.262750227041273,0.262734680275055,0.262714571082914,0.262686445450603,0.262663663513692,0.26265654412217,0.262657008452404,0.262642971236651,0.262625652186525,0.262615105536351,0.26259651817957,0.262579616122972,0.262570631284257,0.262560195659954,0.262550775431947,0.262541581968779,0.262537511008183,0.262527181033113,0.262509509555947,0.262494741971125,0.262481534892552,0.262466156517574,0.262447339030497,0.262426443417383,0.262407542721242,0.262390475640363,0.26237378783199,0.262355492486726,0.262336722092055,0.262318372991966,0.262301746091826,0.262285145859995,0.26226888454808,0.262252698019147,0.262238057249669,0.262241583857366,0.262314493894158
NaN,NaN,NaN,NaN,NaN,NaN,NaN,NaN,NaN,NaN,NaN,NaN,NaN,NaN,NaN,NaN,NaN,NaN,NaN,NaN,NaN,NaN,NaN,NaN,NaN,NaN,NaN,NaN,NaN,NaN,NaN,NaN,NaN,NaN,NaN,NaN,NaN,NaN,NaN,NaN,NaN,NaN,NaN,NaN,NaN,NaN,NaN,NaN,NaN,NaN,NaN,NaN,NaN,NaN,NaN,NaN,NaN,NaN,NaN,NaN,NaN,NaN,NaN,NaN,NaN,NaN,NaN,NaN,NaN,NaN,NaN,NaN,NaN,NaN,NaN,NaN,NaN,NaN,NaN,NaN,NaN,NaN,NaN,NaN,NaN,NaN,NaN,NaN,NaN,NaN,NaN,NaN,NaN,NaN,NaN,NaN,NaN,NaN,NaN,NaN,NaN,NaN,NaN,NaN,NaN,NaN,NaN,NaN,NaN,NaN,NaN,NaN,NaN,NaN,NaN,NaN,NaN,NaN,NaN,NaN,NaN,NaN,NaN,NaN,NaN,NaN,NaN,NaN,NaN,NaN,NaN,NaN,NaN,NaN,NaN,NaN,NaN,NaN,NaN,NaN,NaN,NaN,NaN,0.206575541568087,0.242370482401942,0.260602823162494,0.263198977125714,0.263194168144208,0.263184669376101,0.263177813980655,0.263176009130944,0.262078533806523,0.261966847484922,0.263193222899625,0.263195108389852,0.263188867507228,0.263183787205826,0.263175869627499,0.263170495752205,0.263173462029051,0.263184055528408,0.263187206514101,0.263177148468197,0.263165022262783,0.263155343389162,0.263156788251369,0.263161126425398,0.263166528500568,0.26317472620263,0.263181573596871,0.26317735585463,0.263150921490374,0.263119781318976,0.263091198395115,0.263073602399262,0.2630650881444,0.2630550347464,0.263051060201282,0.263040638030615,0.263028492745793,0.2630171167788,0.262999730732359,0.26299322603983,0.262996396977659,0.263001071779806,0.263011921435213,0.263024167304353,0.263032741385791,0.263040109785019,0.263047531898708,0.263049932728748,0.263051160771117,0.263051369151491,0.263048486121853,0.263039792008178,0.263025338575043,0.263021832042604,0.263021048496938,0.262999044906501,0.26296738438723,0.262944078053231,0.262917624723889,0.262888854369015,0.26286199778618,0.26284157128706,0.262808371501336,0.26278727894331,0.262775232670176,0.262756039404669,0.262737220964827,0.262730971275752,0.262697184709166,0.262669677651502,0.262661688356163,0.262656528738619,0.262640696910368,0.262624778089619,0.262613689473469,0.262597404294327,0.262589022144192,0.262578762815396,0.262568912092534,0.262558183069314,0.262552840766444,0.262547944429133,0.262535091340956,0.262521661793652,0.262509375091749,0.262495446680191,0.262478609795469,0.262459253904821,0.262439531392829,0.262421357098005,0.262403816435642,0.262385878615746,0.262367293557725,0.262348993254332,0.2623307905698,0.262313809465593,0.262296604863436,0.262279884371902,0.26226241167008,0.262246444380922,0.262247414962963,0.262320784696694
NaN,NaN,NaN,NaN,NaN,NaN,NaN,NaN,NaN,NaN,NaN,NaN,NaN,NaN,NaN,NaN,NaN,NaN,NaN,NaN,NaN,NaN,NaN,NaN,NaN,NaN,NaN,NaN,NaN,NaN,NaN,NaN,NaN,NaN,NaN,NaN,NaN,NaN,NaN,NaN,NaN,NaN,NaN,NaN,NaN,NaN,NaN,NaN,NaN,NaN,NaN,NaN,NaN,NaN,NaN,NaN,NaN,NaN,NaN,NaN,NaN,NaN,NaN,NaN,NaN,NaN,NaN,NaN,NaN,NaN,NaN,NaN,NaN,NaN,NaN,NaN,NaN,NaN,NaN,NaN,NaN,NaN,NaN,NaN,NaN,NaN,NaN,NaN,NaN,NaN,NaN,NaN,NaN,NaN,NaN,NaN,NaN,NaN,NaN,NaN,NaN,NaN,NaN,NaN,NaN,NaN,NaN,NaN,NaN,NaN,NaN,NaN,NaN,NaN,NaN,NaN,NaN,NaN,NaN,NaN,NaN,NaN,NaN,NaN,NaN,NaN,NaN,NaN,NaN,NaN,NaN,NaN,NaN,NaN,NaN,NaN,NaN,NaN,NaN,NaN,NaN,NaN,NaN,NaN,NaN,0.220814669971193,0.251571712753366,0.261473753071045,0.262803691509055,0.263071354931868,0.25179672874659,NaN,NaN,NaN,0.263208667626119,0.263200921600224,0.263193817812545,0.263187217240394,0.263169648026276,0.263178772018987,0.263205389308967,0.263210625365426,0.263193989978171,0.263181638726398,0.263164930804059,0.263169707685964,0.263180137230882,0.263185744307583,0.263194276485212,0.263201166392098,0.263195651116234,0.263172007396681,0.263132329993369,0.263095649318969,0.263073096361873,0.2630617641949,0.263056444165609,0.263050005500927,0.263037761838112,0.263025425873844,0.263015996590304,0.263003347769828,0.262999706359004,0.263005040297859,0.263014101905425,0.263026793054258,0.263039464084158,0.263048464882183,0.263054787059501,0.263059606681828,0.263062832651693,0.263062265185632,0.263060910442061,0.263055491384926,0.263043808997357,0.263032663862555,0.263028326942315,0.263023743824949,0.263022555417708,0.263000447242456,0.262968081023303,0.262944181641348,0.262915595425036,0.26288369943214,0.262863156807853,0.262837634720669,0.262807932052542,0.262784438378322,0.262769139723945,0.262746672200031,0.262733101931122,0.262705211865245,0.262677870370402,0.26266622188969,0.262656661998611,0.26264184431885,0.262624922858083,0.262606773519263,0.262598304078314,0.262595910599244,0.262586723724096,0.262578478119078,0.262574774994516,0.262569257312758,0.262558688593403,0.262543595442085,0.262530955124731,0.262519380067507,0.262505983883759,0.262489555564313,0.262470342433637,0.26245221118484,0.262434711104365,0.262416254068644,0.262397509961686,0.262378818590789,0.262360319145993,0.262342491997254,0.262325451467305,0.262308100419495,0.26229107008308,0.262272806561753,0.262255814594164,0.262252812470359,0.262326650859528
NaN,NaN,NaN,NaN,NaN,NaN,NaN,NaN,NaN,NaN,NaN,NaN,NaN,NaN,NaN,NaN,NaN,NaN,NaN,NaN,NaN,NaN,NaN,NaN,NaN,NaN,NaN,NaN,NaN,NaN,NaN,NaN,NaN,NaN,NaN,NaN,NaN,NaN,NaN,NaN,NaN,NaN,NaN,NaN,NaN,NaN,NaN,NaN,NaN,NaN,NaN,NaN,NaN,NaN,NaN,NaN,NaN,NaN,NaN,NaN,NaN,NaN,NaN,NaN,NaN,NaN,NaN,NaN,NaN,NaN,NaN,NaN,NaN,NaN,NaN,NaN,NaN,NaN,NaN,NaN,NaN,NaN,NaN,NaN,NaN,NaN,NaN,NaN,NaN,NaN,NaN,NaN,NaN,NaN,NaN,NaN,NaN,NaN,NaN,NaN,NaN,NaN,NaN,NaN,NaN,NaN,NaN,NaN,NaN,NaN,NaN,NaN,NaN,NaN,NaN,NaN,NaN,NaN,NaN,NaN,NaN,NaN,NaN,NaN,NaN,NaN,NaN,NaN,NaN,NaN,NaN,NaN,NaN,NaN,NaN,NaN,NaN,NaN,NaN,NaN,NaN,NaN,NaN,NaN,NaN,NaN,NaN,NaN,NaN,NaN,NaN,NaN,NaN,NaN,NaN,NaN,0.263203741341445,0.26318270250333,NaN,NaN,0.263197354085002,0.263236094776638,0.263217346204209,0.263191501476159,0.263179018021362,0.263189420530412,0.2631970795825,0.263203385879288,0.263209529629702,0.263219779146334,0.263212693852633,0.2631900945973,0.263141136908113,0.26310379598265,0.263076838200967,0.263062119238568,0.26306645321629,0.263056798395823,0.263037103789408,0.263020061945603,0.263009292971285,0.263004596959663,0.263008994309415,0.263015220970611,0.263028568706732,0.263041814958683,0.263054658724691,0.263064808807669,0.263068816633817,0.263072086458139,0.2630732710694,0.263073297384252,0.26307045761198,0.263063419835034,0.263050083572352,0.263039770517085,0.263030620168997,0.263019503438649,0.263025276805448,0.263019348995171,0.262991034939503,0.262960404093729,0.262936315343849,0.262910128443817,0.262879506478591,0.262857250645323,0.262836804940437,0.262812544660935,0.262793379110904,0.262764863792693,0.26273615609155,0.262710621189865,0.262683397682827,0.262672422278915,0.262663234760523,0.262649949267156,0.262615387924254,0.262595059806917,0.262602103575393,0.262607669352819,0.262599878763951,0.262591810805936,0.262587305220204,0.262579704463881,0.262572866039814,0.262557013157243,0.262541077129189,0.262527769060124,0.262513568856615,0.262497713379529,0.262479467883693,0.262463161702046,0.2624469868778,0.262428500569509,0.262409141827448,0.262390205221187,0.262371566823035,0.262353470415849,0.262336588512177,0.262319233656564,0.262302061906213,0.262283381980617,0.262265239315756,0.262258483482607,0.262332784920788
NaN,NaN,NaN,NaN,NaN,NaN,NaN,NaN,NaN,NaN,NaN,NaN,NaN,NaN,NaN,NaN,NaN,NaN,NaN,NaN,NaN,NaN,NaN,NaN,NaN,NaN,NaN,NaN,NaN,NaN,NaN,NaN,NaN,NaN,NaN,NaN,NaN,NaN,NaN,NaN,NaN,NaN,NaN,NaN,NaN,NaN,NaN,NaN,NaN,NaN,NaN,NaN,NaN,NaN,NaN,NaN,NaN,NaN,NaN,NaN,NaN,NaN,NaN,NaN,NaN,NaN,NaN,NaN,NaN,NaN,NaN,NaN,NaN,NaN,NaN,NaN,NaN,NaN,NaN,NaN,NaN,NaN,NaN,NaN,NaN,NaN,NaN,NaN,NaN,NaN,NaN,NaN,NaN,NaN,NaN,NaN,NaN,NaN,NaN,NaN,NaN,NaN,NaN,NaN,NaN,NaN,NaN,NaN,NaN,NaN,NaN,NaN,NaN,NaN,NaN,NaN,NaN,NaN,NaN,NaN,NaN,NaN,NaN,NaN,NaN,NaN,NaN,NaN,NaN,NaN,NaN,NaN,NaN,NaN,NaN,NaN,NaN,NaN,NaN,NaN,NaN,NaN,NaN,NaN,NaN,NaN,NaN,NaN,NaN,NaN,NaN,NaN,NaN,NaN,NaN,NaN,NaN,NaN,NaN,NaN,NaN,0.263221956307336,0.261630660531255,0.260475763833643,0.263203226713475,0.263212838664234,0.263213444922816,0.263215167144907,0.263226291869534,0.26323514697738,0.263233925341924,0.263200718311034,0.263150418972686,0.263114587882677,0.263088148338847,0.263077739314578,0.263082941300798,0.26306664346479,0.26304564070519,0.263024302051414,0.263002749498903,0.263002128810464,0.263012415768258,0.263028065471528,0.263041933035058,0.263052728861374,0.263067014443328,0.263079080745964,0.263084812808821,0.263086930480281,0.263080931312609,0.263077749540017,0.263074564568917,0.263070763508364,0.263054251270238,0.263043874531361,0.263031743000914,0.263023376120729,0.263021107532575,0.26302282828724,0.26300623640353,0.262981192307859,0.262948606287614,0.262921384487002,0.262893999593255,0.262870908404602,0.26285528397448,0.262836779776133,0.262819868777595,0.262797686318924,0.262756913276706,0.262711273274684,0.262680628504967,0.262684596883805,0.262678553225794,0.262646349249823,0.262596075541558,0.262590790025005,0.262609457078579,0.262616582446983,0.262610812793781,0.262605588268087,0.262597204410485,0.262589864532153,0.262580871172062,0.262563426630126,0.262550225539897,0.262537148453728,0.26252140552881,0.262504131135763,0.262486625347685,0.262471779438431,0.262456865944494,0.262439559625173,0.262420738166809,0.262401801335261,0.262382636627417,0.262364126655834,0.262346792977034,0.262330003065785,0.262312288633394,0.26229295874533,0.262273707882556,0.262264493451829,0.262339260108121
NaN,NaN,NaN,NaN,NaN,NaN,NaN,NaN,NaN,NaN,NaN,NaN,NaN,NaN,NaN,NaN,NaN,NaN,NaN,NaN,NaN,NaN,NaN,NaN,NaN,NaN,NaN,NaN,NaN,NaN,NaN,NaN,NaN,NaN,NaN,NaN,NaN,NaN,NaN,NaN,NaN,NaN,NaN,NaN,NaN,NaN,NaN,NaN,NaN,NaN,NaN,NaN,NaN,NaN,NaN,NaN,NaN,NaN,NaN,NaN,NaN,NaN,NaN,NaN,NaN,NaN,NaN,NaN,NaN,NaN,NaN,NaN,NaN,NaN,NaN,NaN,NaN,NaN,NaN,NaN,NaN,NaN,NaN,NaN,NaN,NaN,NaN,NaN,NaN,NaN,NaN,NaN,NaN,NaN,NaN,NaN,NaN,NaN,NaN,NaN,NaN,NaN,NaN,NaN,NaN,NaN,NaN,NaN,NaN,NaN,NaN,NaN,NaN,NaN,NaN,NaN,NaN,NaN,NaN,NaN,NaN,NaN,NaN,NaN,NaN,NaN,NaN,NaN,NaN,NaN,NaN,NaN,NaN,NaN,NaN,NaN,NaN,NaN,NaN,NaN,NaN,NaN,NaN,NaN,NaN,NaN,NaN,NaN,NaN,NaN,NaN,NaN,NaN,NaN,NaN,NaN,NaN,NaN,NaN,NaN,NaN,NaN,0.225386358801844,0.221863115115435,0.260470007036426,0.263230726364902,0.26322724288166,0.263229786413617,0.263243918774777,0.263254992100648,0.263245065415404,0.263209770042095,0.263166092890773,0.263135196555043,0.26310172348592,0.263085995713649,0.263082137378383,0.263067792262594,0.263056836556783,0.263026933101226,0.26299952236225,0.262993752427243,0.263007735454381,0.263037632069605,0.263053844700294,0.263062165522122,0.26307622769382,0.263090043831773,0.263101107653725,0.263105366828724,0.263096643242448,0.263087226511405,0.263085372108906,0.263070905778022,0.263063441839298,0.263057241387926,0.263043057692935,0.263033212052397,0.263026254220304,0.263018307063525,0.263007820471389,0.262985360486394,0.26296527923468,0.262932083190702,0.262900706360526,0.262881441270759,0.262865263073641,0.262849114082064,0.262835612635441,0.262825240818029,0.262791667493624,0.262731226977081,0.262689846067369,0.262689073306925,0.26267782855201,0.262633886461672,0.262591075829111,0.262598595746958,0.262616697672696,0.26262200570833,0.262621721002511,0.262616598841159,0.262608053716784,0.262600219164406,0.262585343142111,0.262571860268198,0.262559224029398,0.26254400200459,0.262526411154812,0.262508533080777,0.262492378452295,0.262478476643708,0.262464812050362,0.26244911246681,0.26243158508908,0.262413065623031,0.262393959284853,0.262374979958669,0.262356854166621,0.262339782567552,0.262322236039269,0.262302044408526,0.262282418089485,0.262270892420999,0.2623461288715
NaN,NaN,NaN,NaN,NaN,NaN,NaN,NaN,NaN,NaN,NaN,NaN,NaN,NaN,NaN,NaN,NaN,NaN,NaN,NaN,NaN,NaN,NaN,NaN,NaN,NaN,NaN,NaN,NaN,NaN,NaN,NaN,NaN,NaN,NaN,NaN,NaN,NaN,NaN,NaN,NaN,NaN,NaN,NaN,NaN,NaN,NaN,NaN,NaN,NaN,NaN,NaN,NaN,NaN,NaN,NaN,NaN,NaN,NaN,NaN,NaN,NaN,NaN,NaN,NaN,NaN,NaN,NaN,NaN,NaN,NaN,NaN,NaN,NaN,NaN,NaN,NaN,NaN,NaN,NaN,NaN,NaN,NaN,NaN,NaN,NaN,NaN,NaN,NaN,NaN,NaN,NaN,NaN,NaN,NaN,NaN,NaN,NaN,NaN,NaN,NaN,NaN,NaN,NaN,NaN,NaN,NaN,NaN,NaN,NaN,NaN,NaN,NaN,NaN,NaN,NaN,NaN,NaN,NaN,NaN,NaN,NaN,NaN,NaN,NaN,NaN,NaN,NaN,NaN,NaN,NaN,NaN,NaN,NaN,NaN,NaN,NaN,NaN,NaN,NaN,NaN,NaN,NaN,NaN,NaN,NaN,NaN,NaN,NaN,NaN,NaN,NaN,NaN,NaN,NaN,NaN,NaN,NaN,NaN,NaN,NaN,NaN,NaN,NaN,NaN,0.260515223907589,0.263251273390666,0.263254428766135,0.263263263727838,0.263266896090251,0.263255547457717,0.263225633558986,0.263192501327897,0.263161526513313,0.263108442089163,0.26308243415471,0.263080177740687,0.263072221913202,0.263048196741925,0.263024924377247,0.263005829275099,0.262995614727427,0.263012716115538,0.263042365211467,0.263059164066993,0.263069806100181,0.263082173757822,0.263097428155406,0.263114310665216,0.263121727053217,0.263119491985351,0.263108778183924,0.263118133473425,0.263104532318923,0.263093296753409,0.263084579970954,0.263065018461151,0.263042632120675,0.26303351763342,0.263016121753308,0.263004924448686,0.262984094771265,0.262963150004726,0.262934047934542,0.262910053031616,0.26289128847485,0.262872084032903,0.262855655963492,0.262841651862669,0.262832184677117,0.262810377145608,0.262756374655479,0.262707018330542,0.262695493768963,0.262688982851851,0.262637729699165,0.262594423982482,0.262605786258922,0.262623298426541,0.262632378678497,0.26263443293517,0.262625234559556,0.262615139650158,0.262609251781362,0.262600945766894,0.262585858358729,0.262565795194251,0.262545938278246,0.262528680412444,0.262513412897988,0.262498511202924,0.262485034198754,0.262471980311047,0.262457167641169,0.262441343640064,0.262423567453305,0.262405212261376,0.262385935106397,0.262366791110047,0.262349369024933,0.262331832258287,0.262311398148123,0.262291663442056,0.262278055765648,0.262353781319382
NaN,NaN,NaN,NaN,NaN,NaN,NaN,NaN,NaN,NaN,NaN,NaN,NaN,NaN,NaN,NaN,NaN,NaN,NaN,NaN,NaN,NaN,NaN,NaN,NaN,NaN,NaN,NaN,NaN,NaN,NaN,NaN,NaN,NaN,NaN,NaN,NaN,NaN,NaN,NaN,NaN,NaN,NaN,NaN,NaN,NaN,NaN,NaN,NaN,NaN,NaN,NaN,NaN,NaN,NaN,NaN,NaN,NaN,NaN,NaN,NaN,NaN,NaN,NaN,NaN,NaN,NaN,NaN,NaN,NaN,NaN,NaN,NaN,NaN,NaN,NaN,NaN,NaN,NaN,NaN,NaN,NaN,NaN,NaN,NaN,NaN,NaN,NaN,NaN,NaN,NaN,NaN,NaN,NaN,NaN,NaN,NaN,NaN,NaN,NaN,NaN,NaN,NaN,NaN,NaN,NaN,NaN,NaN,NaN,NaN,NaN,NaN,NaN,NaN,NaN,NaN,NaN,NaN,NaN,NaN,NaN,NaN,NaN,NaN,NaN,NaN,NaN,NaN,NaN,NaN,NaN,NaN,NaN,NaN,NaN,NaN,NaN,NaN,NaN,NaN,NaN,NaN,NaN,NaN,NaN,NaN,NaN,NaN,NaN,NaN,NaN,NaN,NaN,NaN,NaN,NaN,NaN,NaN,NaN,NaN,NaN,NaN,NaN,NaN,NaN,NaN,0.257969265318873,0.263277489067251,0.263278798742227,0.263276637664794,0.263265546694687,0.263237761433002,0.263214888971079,0.263161517560114,0.263096652738283,0.263072454587611,0.263072222893699,0.263067361548043,0.263041215413581,0.26302272478938,0.263008429724328,0.263004698821927,0.263022958734138,0.263035589464272,0.263047756818766,0.263065773457185,0.263086554225749,0.263109420809751,0.263129973259367,0.263136851648551,0.263136422229908,0.263122850085079,0.263122188739818,0.263121534601311,0.263110534533163,0.263106817738641,0.263095843186251,0.263061969914036,0.263044302761643,0.263030217651835,0.262999592674631,0.262972953928531,0.262951191242158,0.262930909527611,0.262918193632728,0.262902257577171,0.26287743297445,0.262857615186124,0.262843911437185,0.262830152885852,0.262808349722388,0.2627693779503,0.262733216995633,0.262717372265707,0.262687358135372,0.262641721492493,0.262613631182075,0.26261521348166,0.262626443763012,0.262640147589655,0.26264230427386,0.26263454970111,0.262624563618153,0.262619745234208,0.262612482854374,0.262588930685844,0.262565302793922,0.26254607873266,0.262531773287484,0.262517762373584,0.262504665728464,0.262491656892405,0.262478664736974,0.262464616659664,0.262449595383898,0.262432957462484,0.262415287074417,0.262396894234826,0.262377576095628,0.262359462615944,0.262341206052166,0.262320552311585,0.262300600704587,0.262284067825424,0.262360291173559
NaN,NaN,NaN,NaN,NaN,NaN,NaN,NaN,NaN,NaN,NaN,NaN,NaN,NaN,NaN,NaN,NaN,NaN,NaN,NaN,NaN,NaN,NaN,NaN,NaN,NaN,NaN,NaN,NaN,NaN,NaN,NaN,NaN,NaN,NaN,NaN,NaN,NaN,NaN,NaN,NaN,NaN,NaN,NaN,NaN,NaN,NaN,NaN,NaN,NaN,NaN,NaN,NaN,NaN,NaN,NaN,NaN,NaN,NaN,NaN,NaN,NaN,NaN,NaN,NaN,NaN,NaN,NaN,NaN,NaN,NaN,NaN,NaN,NaN,NaN,NaN,NaN,NaN,NaN,NaN,NaN,NaN,NaN,NaN,NaN,NaN,NaN,NaN,NaN,NaN,NaN,NaN,NaN,NaN,NaN,NaN,NaN,NaN,NaN,NaN,NaN,NaN,NaN,NaN,NaN,NaN,NaN,NaN,NaN,NaN,NaN,NaN,NaN,NaN,NaN,NaN,NaN,NaN,NaN,NaN,NaN,NaN,NaN,NaN,NaN,NaN,NaN,NaN,NaN,NaN,NaN,NaN,NaN,NaN,NaN,NaN,NaN,NaN,NaN,NaN,NaN,NaN,NaN,NaN,NaN,NaN,NaN,NaN,NaN,NaN,NaN,NaN,NaN,NaN,NaN,NaN,NaN,NaN,NaN,NaN,NaN,NaN,NaN,NaN,NaN,NaN,NaN,0.257990800518517,0.263297989863043,0.263288272192269,0.263275761267181,0.263250829809445,0.263203061279081,0.263127073773299,0.26307497796,0.263047665049018,0.263041247487544,0.263041682100014,0.2630285368848,0.263024033333492,0.263015379584729,0.26301227548681,0.263027111955465,0.263023897472812,0.263030077139008,0.263061326963739,0.263102949829943,0.263130272655842,0.263147535509584,0.263156327444106,0.263155702533059,0.263144732235965,0.263123793480203,0.263120603793365,0.263116412935392,0.263114470535026,0.263106449783681,0.263096224554277,0.263074674768382,0.263042804278077,0.263008565475412,0.262978626556887,0.26295778724143,0.262934883956313,0.26291958151729,0.262903389481828,0.262879984602464,0.262861914670725,0.262843311776939,0.26282520095498,0.262807360206948,0.262775400883092,0.262742647355925,0.262722618190882,0.262693116552801,0.262655640515699,0.262637043562793,0.262633026840645,0.262635107443379,0.26264189263678,0.262642744021071,0.262639804643123,0.262631999392087,0.262625245674879,0.262609484125733,0.262587774595924,0.262565432847239,0.262546872218149,0.262534049327901,0.262521798731875,0.262511008911471,0.262498511399192,0.262484974629401,0.262471343745454,0.262456790627073,0.262441377660033,0.262424916135465,0.262407418183733,0.26238866367994,0.262370041362887,0.262350572914123,0.262329199735295,0.262308787082917,0.262289658705003,0.262366387388575
NaN,NaN,NaN,NaN,NaN,NaN,NaN,NaN,NaN,NaN,NaN,NaN,NaN,NaN,NaN,NaN,NaN,NaN,NaN,NaN,NaN,NaN,NaN,NaN,NaN,NaN,NaN,NaN,NaN,NaN,NaN,NaN,NaN,NaN,NaN,NaN,NaN,NaN,NaN,NaN,NaN,NaN,NaN,NaN,NaN,NaN,NaN,NaN,NaN,NaN,NaN,NaN,NaN,NaN,NaN,NaN,NaN,NaN,NaN,NaN,NaN,NaN,NaN,NaN,NaN,NaN,NaN,NaN,NaN,NaN,NaN,NaN,NaN,NaN,NaN,NaN,NaN,NaN,NaN,NaN,NaN,NaN,NaN,NaN,NaN,NaN,NaN,NaN,NaN,NaN,NaN,NaN,NaN,NaN,NaN,NaN,NaN,NaN,NaN,NaN,NaN,NaN,NaN,NaN,NaN,NaN,NaN,NaN,NaN,NaN,NaN,NaN,NaN,NaN,NaN,NaN,NaN,NaN,NaN,NaN,NaN,NaN,NaN,NaN,NaN,NaN,NaN,NaN,NaN,NaN,NaN,NaN,NaN,NaN,NaN,NaN,NaN,NaN,NaN,NaN,NaN,NaN,NaN,NaN,NaN,NaN,NaN,NaN,NaN,NaN,NaN,NaN,NaN,NaN,NaN,NaN,NaN,NaN,NaN,NaN,NaN,NaN,NaN,NaN,NaN,NaN,NaN,NaN,0.258008171919071,0.26318839769451,0.263191718740768,0.262856060350983,0.263118431268286,0.263056222608869,0.263016265181751,0.262989234600198,0.263007218447379,0.263028029783126,0.263032436444954,0.263042327266369,0.263023858145949,0.263012405765532,0.263016569257061,0.263019107994843,0.263043170861973,0.263092757820053,0.26313081329489,0.263144971385176,0.263161223453633,0.263180593974599,0.263191092298198,0.263193723284072,0.263186495162882,0.263153527785486,0.263155302485523,0.263140958441831,0.263127861772625,0.263113854936845,0.263091925977142,0.263057773901474,0.263031721225123,0.263006496271487,0.262971908817303,0.262945305930222,0.262918890570376,0.262890908798007,0.262873708822954,0.262856909579582,0.262836011785718,0.262816635970214,0.262798492326148,0.262776021635298,0.262753579711874,0.262736746254026,0.262707890354796,0.262666456299235,0.262658738785208,0.26265104574472,0.262638958341464,0.262637100786112,0.262637963590124,0.262636871026346,0.262631896716411,0.26262354434699,0.262605449698312,0.262586319013719,0.262564886268494,0.262548432944476,0.262537005795131,0.262527222046409,0.262517638806708,0.262505184416023,0.262491712544955,0.262478334985906,0.262464274353657,0.262449607529391,0.262433898067259,0.262417069935498,0.262398855443521,0.262380173918796,0.262360154987937,0.262337862703246,0.262316578980315,0.262295347969709,0.262372590594913
NaN,NaN,NaN,NaN,NaN,NaN,NaN,NaN,NaN,NaN,NaN,NaN,NaN,NaN,NaN,NaN,NaN,NaN,NaN,NaN,NaN,NaN,NaN,NaN,NaN,NaN,NaN,NaN,NaN,NaN,NaN,NaN,NaN,NaN,NaN,NaN,NaN,NaN,NaN,NaN,NaN,NaN,NaN,NaN,NaN,NaN,NaN,NaN,NaN,NaN,NaN,NaN,NaN,NaN,NaN,NaN,NaN,NaN,NaN,NaN,NaN,NaN,NaN,NaN,NaN,NaN,NaN,NaN,NaN,NaN,NaN,NaN,NaN,NaN,NaN,NaN,NaN,NaN,NaN,NaN,NaN,NaN,NaN,NaN,NaN,NaN,NaN,NaN,NaN,NaN,NaN,NaN,NaN,NaN,NaN,NaN,NaN,NaN,NaN,NaN,NaN,NaN,NaN,NaN,NaN,NaN,NaN,NaN,NaN,NaN,NaN,NaN,NaN,NaN,NaN,NaN,NaN,NaN,NaN,NaN,NaN,NaN,NaN,NaN,NaN,NaN,NaN,NaN,NaN,NaN,NaN,NaN,NaN,NaN,NaN,NaN,NaN,NaN,NaN,NaN,NaN,NaN,NaN,NaN,NaN,NaN,NaN,NaN,NaN,NaN,NaN,NaN,NaN,NaN,NaN,NaN,NaN,NaN,NaN,NaN,NaN,NaN,NaN,NaN,NaN,NaN,NaN,NaN,NaN,NaN,NaN,NaN,0.263011087340798,0.262955741744352,0.262917846414097,0.26292086080222,0.262974248260724,0.263005631180061,0.263024502467502,0.263027204186953,0.263016148065217,0.263022404505848,0.263025304909901,0.263022366844316,0.263065689809206,0.263121664054034,0.263147984767087,0.263166507560035,0.263185704344288,0.263211875911755,0.263231732615191,0.26324096073848,0.263243076418379,0.263205727143803,0.263194812504541,0.263175651258845,0.263152467928709,0.263134617105209,0.263107701016503,0.263080708553848,0.26305376999698,0.263023291399393,0.262999026104052,0.262968129104148,0.262913015005656,0.26286655900265,0.262856538015121,0.262846291324624,0.262829350323242,0.262813221958664,0.262796776337752,0.262777846030124,0.262757821823512,0.262741353244627,0.262708192298927,0.262686416734456,0.262676299301446,0.262656646302658,0.26263773434366,0.262630923226455,0.262629464106334,0.262628533422914,0.262624302305845,0.262617449926146,0.262604773376034,0.262584494442267,0.262565377422956,0.262551144879376,0.262541692001067,0.262532553759937,0.262523104836045,0.262511626739806,0.262499172226694,0.262485628268096,0.262471698922058,0.262457019504588,0.26244178715382,0.262425475926306,0.262407832034675,0.262389664448237,0.262369686545454,0.262346688694158,0.262324661170729,0.262301198759694,0.262378963727288
NaN,NaN,NaN,NaN,NaN,NaN,NaN,NaN,NaN,NaN,NaN,NaN,NaN,NaN,NaN,NaN,NaN,NaN,NaN,NaN,NaN,NaN,NaN,NaN,NaN,NaN,NaN,NaN,NaN,NaN,NaN,NaN,NaN,NaN,NaN,NaN,NaN,NaN,NaN,NaN,NaN,NaN,NaN,NaN,NaN,NaN,NaN,NaN,NaN,NaN,NaN,NaN,NaN,NaN,NaN,NaN,NaN,NaN,NaN,NaN,NaN,NaN,NaN,NaN,NaN,NaN,NaN,NaN,NaN,NaN,NaN,NaN,NaN,NaN,NaN,NaN,NaN,NaN,NaN,NaN,NaN,NaN,NaN,NaN,NaN,NaN,NaN,NaN,NaN,NaN,NaN,NaN,NaN,NaN,NaN,NaN,NaN,NaN,NaN,NaN,NaN,NaN,NaN,NaN,NaN,NaN,NaN,NaN,NaN,NaN,NaN,NaN,NaN,NaN,NaN,NaN,NaN,NaN,NaN,NaN,NaN,NaN,NaN,NaN,NaN,NaN,NaN,NaN,NaN,NaN,NaN,NaN,NaN,NaN,NaN,NaN,NaN,NaN,NaN,NaN,NaN,NaN,NaN,NaN,NaN,NaN,NaN,NaN,NaN,NaN,NaN,NaN,NaN,NaN,NaN,NaN,NaN,NaN,NaN,NaN,NaN,NaN,NaN,NaN,NaN,NaN,NaN,NaN,NaN,NaN,NaN,NaN,NaN,0.262878047489601,0.262848865292249,0.262866062059922,0.262912390538396,0.262947996396666,0.262975576423285,0.262996159305617,0.263010838010633,0.263027668566675,0.263017378326878,0.263024791835651,0.263089389651535,0.263128835266567,0.263154951331823,0.26318864498996,0.263213229159959,0.26323936339983,0.263260273511991,0.263263949901005,0.263259359086094,0.263224756326423,0.263208071728983,0.263196974532956,0.263162366024874,0.263142599224346,0.263109766170582,0.263080912598655,0.263068879361075,0.263054460270946,0.263030271670424,0.262991460433366,0.262883870877145,0.262838539729042,0.262840767896055,0.262843607126933,0.262831418595952,0.262808711122381,0.262793069939757,0.262775097610125,0.262754674429443,0.262737724862376,0.262714273015506,0.262698037686995,0.26267906845885,0.262659783605143,0.262637749903138,0.262618973461724,0.262615554224458,0.262615918120506,0.262614250121987,0.262610824445373,0.262598571370666,0.262580913015503,0.26256495584359,0.262552725994952,0.262545773171015,0.262539739589728,0.262531594759706,0.262519607992878,0.262506848446116,0.26249306160497,0.262478885342478,0.262463965126222,0.262449222733348,0.26243381356815,0.262417209328867,0.262398950247401,0.262378646749265,0.26235599003466,0.262333784439977,0.262306982185216,0.262385277162221
NaN,NaN,NaN,NaN,NaN,NaN,NaN,NaN,NaN,NaN,NaN,NaN,NaN,NaN,NaN,NaN,NaN,NaN,NaN,NaN,NaN,NaN,NaN,NaN,NaN,NaN,NaN,NaN,NaN,NaN,NaN,NaN,NaN,NaN,NaN,NaN,NaN,NaN,NaN,NaN,NaN,NaN,NaN,NaN,NaN,NaN,NaN,NaN,NaN,NaN,NaN,NaN,NaN,NaN,NaN,NaN,NaN,NaN,NaN,NaN,NaN,NaN,NaN,NaN,NaN,NaN,NaN,NaN,NaN,NaN,NaN,NaN,NaN,NaN,NaN,NaN,NaN,NaN,NaN,NaN,NaN,NaN,NaN,NaN,NaN,NaN,NaN,NaN,NaN,NaN,NaN,NaN,NaN,NaN,NaN,NaN,NaN,NaN,NaN,NaN,NaN,NaN,NaN,NaN,NaN,NaN,NaN,NaN,NaN,NaN,NaN,NaN,NaN,NaN,NaN,NaN,NaN,NaN,NaN,NaN,NaN,NaN,NaN,NaN,NaN,NaN,NaN,NaN,NaN,NaN,NaN,NaN,NaN,NaN,NaN,NaN,NaN,NaN,NaN,NaN,NaN,NaN,NaN,NaN,NaN,NaN,NaN,NaN,NaN,NaN,NaN,NaN,NaN,NaN,NaN,NaN,NaN,NaN,NaN,NaN,NaN,NaN,NaN,NaN,NaN,NaN,NaN,NaN,NaN,NaN,NaN,NaN,NaN,0.262823593029276,0.262799913872404,0.262817399411909,0.262858071627891,0.262908219897213,0.262946516799212,0.262970178032123,0.263002313031112,0.263007002930388,0.262993134030722,0.263028086616296,0.263080846410344,0.263112394702268,0.263164733593794,0.263200929968528,0.263228401355829,0.263256225286461,0.263273396450041,0.26327346031868,0.263266371859979,0.263230670305036,0.26321018492864,0.26320339308012,0.263168717645535,0.263137895837515,0.263105185608353,0.263076094436205,0.263068578604976,0.263064166861564,0.26304403160088,0.262992166138146,0.262855934382693,0.262824557714715,0.262824042727295,0.262831800034438,0.262829815036617,0.262809808301708,0.262787597851932,0.262773284645337,0.262758514222554,0.262740724341686,0.262720732559464,0.262699744204575,0.262677269026684,0.262655474441448,0.262634858297039,0.262613028821275,0.262600589489146,0.262593095412887,0.262590458743428,0.262596072386007,0.262592784325989,0.262577244968533,0.262566100530503,0.26256017793144,0.262555370313507,0.262549969116249,0.262540610582957,0.262527336870907,0.262513931187244,0.262499815117666,0.262485409550939,0.262470842950509,0.262456980914986,0.26244256065755,0.26242628311801,0.262407935734065,0.262387828429469,0.262365325644916,0.262343229720745,0.262313228314617,0.262392051117722
NaN,NaN,NaN,NaN,NaN,NaN,NaN,NaN,NaN,NaN,NaN,NaN,NaN,NaN,NaN,NaN,NaN,NaN,NaN,NaN,NaN,NaN,NaN,NaN,NaN,NaN,NaN,NaN,NaN,NaN,NaN,NaN,NaN,NaN,NaN,NaN,NaN,NaN,NaN,NaN,NaN,NaN,NaN,NaN,NaN,NaN,NaN,NaN,NaN,NaN,NaN,NaN,NaN,NaN,NaN,NaN,NaN,NaN,NaN,NaN,NaN,NaN,NaN,NaN,NaN,NaN,NaN,NaN,NaN,NaN,NaN,NaN,NaN,NaN,NaN,NaN,NaN,NaN,NaN,NaN,NaN,NaN,NaN,NaN,NaN,NaN,NaN,NaN,NaN,NaN,NaN,NaN,NaN,NaN,NaN,NaN,NaN,NaN,NaN,NaN,NaN,NaN,NaN,NaN,NaN,NaN,NaN,NaN,NaN,NaN,NaN,NaN,NaN,NaN,NaN,NaN,NaN,NaN,NaN,NaN,NaN,NaN,NaN,NaN,NaN,NaN,NaN,NaN,NaN,NaN,NaN,NaN,NaN,NaN,NaN,NaN,NaN,NaN,NaN,NaN,NaN,NaN,NaN,NaN,NaN,NaN,NaN,NaN,NaN,NaN,NaN,NaN,NaN,NaN,NaN,NaN,NaN,NaN,NaN,NaN,NaN,NaN,NaN,NaN,NaN,NaN,NaN,NaN,NaN,NaN,NaN,NaN,NaN,0.262746154574627,0.262740799219852,0.262766072172832,0.262819509652626,0.262878470020807,0.26291854333858,0.262956765301346,0.262999495939607,0.263002989735394,0.262992650709787,0.263030016961714,0.263064847805265,0.263115398941939,0.263173865419972,0.263189922194489,0.263219861575215,0.263255334072625,0.263274423599567,0.263278309628751,0.263263367129346,0.263236931114903,0.263215214123724,0.263209252622522,0.263175655774386,0.263136736752118,0.263105366471953,0.263077813394184,0.263063136250178,0.263059654545728,0.263042785570022,0.262929702204331,0.262851386373328,0.262832116219429,0.262822651621125,0.262817994935312,0.2628168994933,0.262807216831795,0.262789147965115,0.262774023655328,0.262760120964179,0.262743368883525,0.262724619510927,0.262702208778835,0.262679240955104,0.262656328848011,0.262630896959017,0.262605379647066,0.262582960599097,0.262566383833754,0.262556631039492,0.262562734430616,0.26257598574797,0.262576449657022,0.262575306586266,0.262571902510441,0.262565988118523,0.262558301437674,0.262547227263189,0.262534142588952,0.262520517722801,0.26250672546622,0.262492693984281,0.262478275941646,0.262464539424541,0.262450262108333,0.262434481593923,0.26241689342559,0.262397456914953,0.262374769558439,0.262352985756048,0.262320068967671,0.262399423003622
NaN,NaN,NaN,NaN,NaN,NaN,NaN,NaN,NaN,NaN,NaN,NaN,NaN,NaN,NaN,NaN,NaN,NaN,NaN,NaN,NaN,NaN,NaN,NaN,NaN,NaN,NaN,NaN,NaN,NaN,NaN,NaN,NaN,NaN,NaN,NaN,NaN,NaN,NaN,NaN,NaN,NaN,NaN,NaN,NaN,NaN,NaN,NaN,NaN,NaN,NaN,NaN,NaN,NaN,NaN,NaN,NaN,NaN,NaN,NaN,NaN,NaN,NaN,NaN,NaN,NaN,NaN,NaN,NaN,NaN,NaN,NaN,NaN,NaN,NaN,NaN,NaN,NaN,NaN,NaN,NaN,NaN,NaN,NaN,NaN,NaN,NaN,NaN,NaN,NaN,NaN,NaN,NaN,NaN,NaN,NaN,NaN,NaN,NaN,NaN,NaN,NaN,NaN,NaN,NaN,NaN,NaN,NaN,NaN,NaN,NaN,NaN,NaN,NaN,NaN,NaN,NaN,NaN,NaN,NaN,NaN,NaN,NaN,NaN,NaN,NaN,NaN,NaN,NaN,NaN,NaN,NaN,NaN,NaN,NaN,NaN,NaN,NaN,NaN,NaN,NaN,NaN,NaN,NaN,NaN,NaN,NaN,NaN,NaN,NaN,NaN,NaN,NaN,NaN,NaN,NaN,NaN,NaN,NaN,NaN,NaN,NaN,NaN,NaN,NaN,NaN,NaN,NaN,NaN,NaN,NaN,NaN,NaN,0.26268848584173,0.262700602757808,0.262737823890701,0.262796462547219,0.262858676730501,0.262906190892283,0.262959243806659,0.263012989391782,0.263021926633522,0.263013659688446,0.263040246407846,0.263070228672642,0.26312177540987,0.263146845791709,0.263161696702887,0.263202067407842,0.263236640122836,0.263264516003749,0.263274411995348,0.263261848558804,0.26323779866798,0.263221930870188,0.263214106122259,0.263189052835172,0.263140084728326,0.263100502610883,0.26307335206725,0.263067817802309,0.263062262647126,0.263016295174474,0.262922271617479,0.262863065332178,0.262841487215714,0.262833615635211,0.262826346750708,0.262819365744347,0.262809159999734,0.262794673069402,0.262778176474008,0.262763439361845,0.262747936334182,0.262729973941699,0.262707584970131,0.262684853617584,0.26266074568687,0.262628288501279,0.262597393232721,0.262574113992877,0.262555514391579,0.262537532704659,0.262546786967179,0.262570157256435,0.262585570512688,0.262587294588529,0.26258353279094,0.26257554682348,0.262566155041195,0.262555335253872,0.262541505630374,0.262527788014102,0.262514141756712,0.262500437400844,0.262486183827472,0.262471509323376,0.262456964686798,0.262441896709662,0.262425461753794,0.262406738179385,0.2623844772348,0.262362927993406,0.262327300017922,0.262407203090665
NaN,NaN,NaN,NaN,NaN,NaN,NaN,NaN,NaN,NaN,NaN,NaN,NaN,NaN,NaN,NaN,NaN,NaN,NaN,NaN,NaN,NaN,NaN,NaN,NaN,NaN,NaN,NaN,NaN,NaN,NaN,NaN,NaN,NaN,NaN,NaN,NaN,NaN,NaN,NaN,NaN,NaN,NaN,NaN,NaN,NaN,NaN,NaN,NaN,NaN,NaN,NaN,NaN,NaN,NaN,NaN,NaN,NaN,NaN,NaN,NaN,NaN,NaN,NaN,NaN,NaN,NaN,NaN,NaN,NaN,NaN,NaN,NaN,NaN,NaN,NaN,NaN,NaN,NaN,NaN,NaN,NaN,NaN,NaN,NaN,NaN,NaN,NaN,NaN,NaN,NaN,NaN,NaN,NaN,NaN,NaN,NaN,NaN,NaN,NaN,NaN,NaN,NaN,NaN,NaN,NaN,NaN,NaN,NaN,NaN,NaN,NaN,NaN,NaN,NaN,NaN,NaN,NaN,NaN,NaN,NaN,NaN,NaN,NaN,NaN,NaN,NaN,NaN,NaN,NaN,NaN,NaN,NaN,NaN,NaN,NaN,NaN,NaN,NaN,NaN,NaN,NaN,NaN,NaN,NaN,NaN,NaN,NaN,NaN,NaN,NaN,NaN,NaN,NaN,NaN,NaN,NaN,NaN,NaN,NaN,NaN,NaN,NaN,NaN,NaN,NaN,NaN,NaN,NaN,NaN,NaN,NaN,0.262733067215875,0.262725993892004,0.262726224309313,0.262753103617926,0.26279438652401,0.262850670572014,0.262905125690811,0.262964202777317,0.263023251505025,0.263044517450137,0.263038397662069,0.263049070231853,0.263077542941882,0.263109148538955,0.263113305821739,0.263139237485869,0.263178681586659,0.263218501841394,0.26324829346087,0.263264304585619,0.263260306178804,0.263239833095776,0.263229340010606,0.263218591250584,0.26319413400204,0.263146560212494,0.263099062175325,0.263079908073252,0.263084637288316,0.263077710357861,0.263027888538245,0.262949324922676,0.262884214753814,0.262858563801514,0.262850473514533,0.262846796378123,0.262838820769127,0.262820789062986,0.262795536241944,0.262779731251891,0.262772741009679,0.262756932169837,0.26273767636464,0.262714920239952,0.262692639584455,0.262666644112183,0.262623667243315,0.262595506297641,0.262574963504004,0.262560283800449,0.262549682373182,0.262562320515206,0.262584257898507,0.262594632200138,0.262596871892766,0.262593543828643,0.262585029011889,0.262575035418063,0.262563417967766,0.262548924257585,0.262534984163971,0.262520884383539,0.262507048102907,0.262493022081613,0.262478470390385,0.26246383727922,0.262449309899231,0.26243322949066,0.262415217974662,0.262394105112076,0.262372509273988,0.262334494493002,0.262414962900181
NaN,NaN,NaN,NaN,NaN,NaN,NaN,NaN,NaN,NaN,NaN,NaN,NaN,NaN,NaN,NaN,NaN,NaN,NaN,NaN,NaN,NaN,NaN,NaN,NaN,NaN,NaN,NaN,NaN,NaN,NaN,NaN,NaN,NaN,NaN,NaN,NaN,NaN,NaN,NaN,NaN,NaN,NaN,NaN,NaN,NaN,NaN,NaN,NaN,NaN,NaN,NaN,NaN,NaN,NaN,NaN,NaN,NaN,NaN,NaN,NaN,NaN,NaN,NaN,NaN,NaN,NaN,NaN,NaN,NaN,NaN,NaN,NaN,NaN,NaN,NaN,NaN,NaN,NaN,NaN,NaN,NaN,NaN,NaN,NaN,NaN,NaN,NaN,NaN,NaN,NaN,NaN,NaN,NaN,NaN,NaN,NaN,NaN,NaN,NaN,NaN,NaN,NaN,NaN,NaN,NaN,NaN,NaN,NaN,NaN,NaN,NaN,NaN,NaN,NaN,NaN,NaN,NaN,NaN,NaN,NaN,NaN,NaN,NaN,NaN,NaN,NaN,NaN,NaN,NaN,NaN,NaN,NaN,NaN,NaN,NaN,NaN,NaN,NaN,NaN,NaN,NaN,NaN,NaN,NaN,NaN,NaN,NaN,NaN,NaN,NaN,NaN,NaN,NaN,NaN,NaN,NaN,NaN,NaN,NaN,NaN,NaN,NaN,NaN,NaN,NaN,NaN,NaN,NaN,NaN,NaN,NaN,0.262737979409712,0.262756677143561,0.26275913327187,0.262777293503191,0.262799429812562,0.262852329707118,0.262913183114576,0.262965911140079,0.263022419830469,0.26306243984818,0.263057512849639,0.263061455343972,0.263081458445362,0.26309505218954,0.263092729150903,0.263117458964068,0.263160780408249,0.263207224371273,0.263235661341782,0.263253607120268,0.263251280788163,0.263235743124907,0.263221784995278,0.263207408420229,0.263172484455869,0.263136249948049,0.26310669648856,0.263091624297275,0.263102480909959,0.263095334592143,0.26304256809531,0.262972089162133,0.262911007420167,0.262884698001613,0.26287826224601,0.26287177220256,0.262831890688808,0.262811814725391,0.26279795560005,0.262791461736376,0.262784225440373,0.262771447125511,0.262754140331912,0.262727720842382,0.262708929226426,0.26269247516545,NaN,NaN,NaN,NaN,NaN,NaN,0.262597345520185,0.262602801421653,0.262604881242713,0.262600917424743,0.262595052024446,0.262582992904574,0.262569456035064,0.262555994002961,0.262542680302945,0.262528318733732,0.262513489806077,0.262499492645666,0.262485685521186,0.26247071122434,0.26245582519299,0.262440480452919,0.262423170661568,0.262402773326184,0.262381322053511,0.262342102323115,0.262423144059129
NaN,NaN,NaN,NaN,NaN,NaN,NaN,NaN,NaN,NaN,NaN,NaN,NaN,NaN,NaN,NaN,NaN,NaN,NaN,NaN,NaN,NaN,NaN,NaN,NaN,NaN,NaN,NaN,NaN,NaN,NaN,NaN,NaN,NaN,NaN,NaN,NaN,NaN,NaN,NaN,NaN,NaN,NaN,NaN,NaN,NaN,NaN,NaN,NaN,NaN,NaN,NaN,NaN,NaN,NaN,NaN,NaN,NaN,NaN,NaN,NaN,NaN,NaN,NaN,NaN,NaN,NaN,NaN,NaN,NaN,NaN,NaN,NaN,NaN,NaN,NaN,NaN,NaN,NaN,NaN,NaN,NaN,NaN,NaN,NaN,NaN,NaN,NaN,NaN,NaN,NaN,NaN,NaN,NaN,NaN,NaN,NaN,NaN,NaN,NaN,NaN,NaN,NaN,NaN,NaN,NaN,NaN,NaN,NaN,NaN,NaN,NaN,NaN,NaN,NaN,NaN,NaN,NaN,NaN,NaN,NaN,NaN,NaN,NaN,NaN,NaN,NaN,NaN,NaN,NaN,NaN,NaN,NaN,NaN,NaN,NaN,NaN,NaN,NaN,NaN,NaN,NaN,NaN,NaN,NaN,NaN,NaN,NaN,NaN,NaN,NaN,NaN,NaN,NaN,NaN,NaN,NaN,NaN,NaN,NaN,NaN,NaN,NaN,NaN,NaN,NaN,NaN,NaN,NaN,NaN,NaN,NaN,0.262758352744987,0.262781719863462,0.262784284956423,0.262796696726834,0.262825505088813,0.262884175893942,0.262939205149075,0.262978499499711,0.263026762043029,0.263078095279888,0.263081264383631,0.263078410840255,0.263084486379853,0.263077970847484,0.263072335562341,0.263094833201399,0.263138289396566,0.263184591142537,0.26321250216223,0.263249190875521,0.263257013735922,0.263240518635311,0.26321337498144,0.263197775730638,0.263169619837529,0.263128541953172,0.263103501898892,0.26310075248491,0.263109092793461,0.263098357033123,0.263047808997573,0.262983690118045,0.262925773654199,0.26289953355359,0.262894784512844,0.262889571507775,0.261619319450703,0.262768859124977,0.262805600568641,0.262800425550345,0.262791644428858,0.262784612755524,0.262775868336944,0.262328989212431,0.262658666616126,NaN,NaN,NaN,NaN,NaN,NaN,NaN,0.262608806471249,0.262608200006415,0.262607241639249,0.262603141104986,0.262596520471332,0.262586563151006,0.262574665498117,0.262562425923211,0.262549576333991,0.262535246333601,0.262519681374669,0.262505529274815,0.262492035085768,0.262477776060628,0.262462734438145,0.262447455179762,0.262430755134019,0.262410780124718,0.26238911255723,0.262349611267851,0.262431231353438
NaN,NaN,NaN,NaN,NaN,NaN,NaN,NaN,NaN,NaN,NaN,NaN,NaN,NaN,NaN,NaN,NaN,NaN,NaN,NaN,NaN,NaN,NaN,NaN,NaN,NaN,NaN,NaN,NaN,NaN,NaN,NaN,NaN,NaN,NaN,NaN,NaN,NaN,NaN,NaN,NaN,NaN,NaN,NaN,NaN,NaN,NaN,NaN,NaN,NaN,NaN,NaN,NaN,NaN,NaN,NaN,NaN,NaN,NaN,NaN,NaN,NaN,NaN,NaN,NaN,NaN,NaN,NaN,NaN,NaN,NaN,NaN,NaN,NaN,NaN,NaN,NaN,NaN,NaN,NaN,NaN,NaN,NaN,NaN,NaN,NaN,NaN,NaN,NaN,NaN,NaN,NaN,NaN,NaN,NaN,NaN,NaN,NaN,NaN,NaN,NaN,NaN,NaN,NaN,NaN,NaN,NaN,NaN,NaN,NaN,NaN,NaN,NaN,NaN,NaN,NaN,NaN,NaN,NaN,NaN,NaN,NaN,NaN,NaN,NaN,NaN,NaN,NaN,NaN,NaN,NaN,NaN,NaN,NaN,NaN,NaN,NaN,NaN,NaN,NaN,NaN,NaN,NaN,NaN,NaN,NaN,NaN,NaN,NaN,NaN,NaN,NaN,NaN,NaN,NaN,NaN,NaN,NaN,NaN,NaN,NaN,NaN,NaN,NaN,NaN,NaN,NaN,NaN,NaN,NaN,NaN,NaN,0.248091148710876,0.262771484029334,0.262811737574552,0.262832858936024,0.262873731172558,0.262924726432938,0.262968972250396,0.263001849094742,0.263044390128328,0.263092837852859,0.263106541447423,0.263100727183622,0.263087074291855,0.263063508535304,0.263053608064732,0.263091992355253,0.263114954250569,0.263135317180259,0.263177927629989,0.263233907721918,0.263260950239507,0.263249875521805,0.263234207165589,0.263233906541903,0.263223720951878,0.263194131190686,0.263127911175182,0.263106610924494,0.263105550081582,0.26308632121378,0.263038191308844,0.262987230313409,0.262940383791187,0.262908825208734,0.262881909558787,0.260157972304236,0.227302908771541,0.247334494656931,0.262774028656902,0.2628160056697,0.262804587532796,0.262798255277382,0.262779488727584,0.250516090383976,0.244071040931932,NaN,NaN,NaN,NaN,NaN,NaN,NaN,0.262609414560353,0.262605446948482,0.262603235806101,0.262599152463302,0.26259194660063,0.262585012457018,0.262576499658206,0.262565926559694,0.262554001034319,0.26254084092025,0.262525627582619,0.262510773432349,0.262498006423356,0.262485170375774,0.262470489428299,0.262454508851552,0.262437383963582,0.262417877806397,0.262396488805646,0.262355913027029,0.262438103389829
NaN,NaN,NaN,NaN,NaN,NaN,NaN,NaN,NaN,NaN,NaN,NaN,NaN,NaN,NaN,NaN,NaN,NaN,NaN,NaN,NaN,NaN,NaN,NaN,NaN,NaN,NaN,NaN,NaN,NaN,NaN,NaN,NaN,NaN,NaN,NaN,NaN,NaN,NaN,NaN,NaN,NaN,NaN,NaN,NaN,NaN,NaN,NaN,NaN,NaN,NaN,NaN,NaN,NaN,NaN,NaN,NaN,NaN,NaN,NaN,NaN,NaN,NaN,NaN,NaN,NaN,NaN,NaN,NaN,NaN,NaN,NaN,NaN,NaN,NaN,NaN,NaN,NaN,NaN,NaN,NaN,NaN,NaN,NaN,NaN,NaN,NaN,NaN,NaN,NaN,NaN,NaN,NaN,NaN,NaN,NaN,NaN,NaN,NaN,NaN,NaN,NaN,NaN,NaN,NaN,NaN,NaN,NaN,NaN,NaN,NaN,NaN,NaN,NaN,NaN,NaN,NaN,NaN,NaN,NaN,NaN,NaN,NaN,NaN,NaN,NaN,NaN,NaN,NaN,NaN,NaN,NaN,NaN,NaN,NaN,NaN,NaN,NaN,NaN,NaN,NaN,NaN,NaN,NaN,NaN,NaN,NaN,NaN,NaN,NaN,NaN,NaN,NaN,NaN,NaN,NaN,NaN,NaN,NaN,NaN,NaN,NaN,NaN,NaN,NaN,NaN,NaN,NaN,NaN,NaN,NaN,NaN,NaN,0.262273104070967,0.262858187540582,0.262868659033745,0.262903359611265,0.262952153155147,0.263002614143296,0.26304687800014,0.263074936301954,0.263100015443738,0.263134018321465,0.263123203347546,0.263088333030614,0.263057360484237,0.263056840411719,0.263070108498167,0.263070829743222,0.263080071643955,0.263142671371563,0.263212997886472,0.263251212013708,0.263255903045208,0.263260322115855,0.263269711657903,0.263266505131755,0.263237140406595,0.263161672904531,0.263108270032738,0.26309118764041,0.263060049800797,0.263026169771986,0.262993252158442,0.262957871765912,0.262924903931351,0.262888343794577,NaN,NaN,NaN,NaN,NaN,NaN,NaN,NaN,NaN,NaN,NaN,NaN,NaN,NaN,NaN,NaN,NaN,0.262610801260637,0.262604500957714,0.262600013319162,0.262594438102599,0.262589112761783,0.26258323926176,0.262576444766307,0.262567918239381,0.262557752531538,0.26254523631212,0.262530850512601,0.262516056677135,0.262503081266909,0.262491066921608,0.262477663491497,0.262461404612937,0.262443656636865,0.262424260917155,0.262402878780508,0.262361445997089,0.262444211993904
NaN,NaN,NaN,NaN,NaN,NaN,NaN,NaN,NaN,NaN,NaN,NaN,NaN,NaN,NaN,NaN,NaN,NaN,NaN,NaN,NaN,NaN,NaN,NaN,NaN,NaN,NaN,NaN,NaN,NaN,NaN,NaN,NaN,NaN,NaN,NaN,NaN,NaN,NaN,NaN,NaN,NaN,NaN,NaN,NaN,NaN,NaN,NaN,NaN,NaN,NaN,NaN,NaN,NaN,NaN,NaN,NaN,NaN,NaN,NaN,NaN,NaN,NaN,NaN,NaN,NaN,NaN,NaN,NaN,NaN,NaN,NaN,NaN,NaN,NaN,NaN,NaN,NaN,NaN,NaN,NaN,NaN,NaN,NaN,NaN,NaN,NaN,NaN,NaN,NaN,NaN,NaN,NaN,NaN,NaN,NaN,NaN,NaN,NaN,NaN,NaN,NaN,NaN,NaN,NaN,NaN,NaN,NaN,NaN,NaN,NaN,NaN,NaN,NaN,NaN,NaN,NaN,NaN,NaN,NaN,NaN,NaN,NaN,NaN,NaN,NaN,NaN,NaN,NaN,NaN,NaN,NaN,NaN,NaN,NaN,NaN,NaN,NaN,NaN,NaN,NaN,NaN,NaN,NaN,NaN,NaN,NaN,NaN,NaN,NaN,NaN,NaN,NaN,NaN,NaN,NaN,NaN,NaN,NaN,NaN,NaN,0.128962554688356,0.131119701834722,0.134356540736348,0.131063505904839,0.128874838747937,0.127400103118319,NaN,NaN,NaN,NaN,NaN,NaN,NaN,0.262319574779763,0.262913494031694,0.262939739688039,0.262985065659648,0.263045591813956,0.263095478045691,0.263112421873658,0.263113142699173,0.263143710015522,0.263130181032587,0.263090934534572,0.263055493397415,0.263043975364342,0.263027131955835,0.263022349730155,0.263045902638812,0.263111676217345,0.263174151575158,0.263218292900397,0.263243373239263,0.263254381437267,0.263265978177496,0.263261311771515,0.263251143800365,0.263182470975745,0.263074596661524,0.26304712244715,0.263013068455447,0.262993298112718,0.26298841824979,0.262949506633891,0.262887024250044,0.259826435782201,NaN,NaN,NaN,NaN,NaN,NaN,NaN,NaN,NaN,NaN,NaN,NaN,NaN,NaN,NaN,NaN,NaN,0.262612555590144,0.262605303183442,0.262599233743693,0.262593271833974,0.262588399808261,0.262582814089832,0.262576243402347,0.262568659833881,0.26255938258995,0.262548439260045,0.26253459152025,0.262520520250308,0.262507199315935,0.262495513385814,0.262482525465868,0.262466951433309,0.262449423295301,0.262430228142742,0.262409266136177,0.262367023785612,0.262450377203298
NaN,NaN,NaN,NaN,NaN,NaN,NaN,NaN,NaN,NaN,NaN,NaN,NaN,NaN,NaN,NaN,NaN,NaN,NaN,NaN,NaN,NaN,NaN,NaN,NaN,NaN,NaN,NaN,NaN,NaN,NaN,NaN,NaN,NaN,NaN,NaN,NaN,NaN,NaN,NaN,NaN,NaN,NaN,NaN,NaN,NaN,NaN,NaN,NaN,NaN,NaN,NaN,NaN,NaN,NaN,NaN,NaN,NaN,NaN,NaN,NaN,NaN,NaN,NaN,NaN,NaN,NaN,NaN,NaN,NaN,NaN,NaN,NaN,NaN,NaN,NaN,NaN,NaN,NaN,NaN,NaN,NaN,NaN,NaN,NaN,NaN,NaN,NaN,NaN,NaN,NaN,NaN,NaN,NaN,NaN,NaN,NaN,NaN,NaN,NaN,NaN,NaN,NaN,NaN,NaN,NaN,NaN,NaN,NaN,NaN,NaN,NaN,NaN,NaN,NaN,NaN,NaN,NaN,NaN,NaN,NaN,NaN,NaN,NaN,NaN,NaN,NaN,NaN,NaN,NaN,NaN,NaN,NaN,NaN,NaN,NaN,NaN,NaN,NaN,NaN,NaN,NaN,NaN,NaN,NaN,NaN,NaN,NaN,NaN,NaN,NaN,NaN,NaN,NaN,NaN,NaN,NaN,NaN,NaN,NaN,NaN,0.13119306296318,0.134412399835856,0.139136354413433,0.134329823776506,0.131056693264408,0.128880573083341,NaN,NaN,NaN,NaN,NaN,NaN,NaN,0.259345151329165,0.263009301692265,0.263009568883205,0.263033051434085,0.263078126425226,0.263123578450483,0.263141910127247,0.263137845008339,0.263139307874377,0.263133133758591,0.263084815191632,0.263039487799082,0.263019727069832,0.263004354819961,0.262993601139106,0.263024147080545,0.26307752438408,0.263120713200855,0.263138354815505,0.263174972115934,0.263194819942762,0.263216195269282,0.263257324536266,0.263297728862665,0.262808610392046,0.262639854132204,0.262855046201376,0.262870716409652,0.26288785254763,0.262636046389493,0.260485554797648,0.245411551345837,NaN,NaN,NaN,NaN,NaN,NaN,NaN,NaN,NaN,NaN,NaN,NaN,NaN,NaN,NaN,NaN,NaN,NaN,0.262614281263713,0.262605882965248,0.262599300956214,0.26259250944559,0.262587622336018,0.262582257851469,0.262575948906079,0.262568044642279,0.262559110905818,0.26254926050923,0.262536864489413,0.2625234128613,0.262509928822979,0.262498739169581,0.262486282097036,0.262470654702344,0.262454001422831,0.262435690887271,0.26241529984778,0.262372840726135,0.262456781139078
NaN,NaN,NaN,NaN,NaN,NaN,NaN,NaN,NaN,NaN,NaN,NaN,NaN,NaN,NaN,NaN,NaN,NaN,NaN,NaN,NaN,NaN,NaN,NaN,NaN,NaN,NaN,NaN,NaN,NaN,NaN,NaN,NaN,NaN,NaN,NaN,NaN,NaN,NaN,NaN,NaN,NaN,NaN,NaN,NaN,NaN,NaN,NaN,NaN,NaN,NaN,NaN,NaN,NaN,NaN,NaN,NaN,NaN,NaN,NaN,NaN,NaN,NaN,NaN,NaN,NaN,NaN,NaN,NaN,NaN,NaN,NaN,NaN,NaN,NaN,NaN,NaN,NaN,NaN,NaN,NaN,NaN,NaN,NaN,NaN,NaN,NaN,NaN,NaN,NaN,NaN,NaN,NaN,NaN,NaN,NaN,NaN,NaN,NaN,NaN,NaN,NaN,NaN,NaN,NaN,NaN,NaN,NaN,NaN,NaN,NaN,NaN,NaN,NaN,NaN,NaN,NaN,NaN,NaN,NaN,NaN,NaN,NaN,NaN,NaN,NaN,NaN,NaN,NaN,NaN,NaN,NaN,NaN,NaN,NaN,NaN,NaN,NaN,NaN,NaN,NaN,NaN,NaN,NaN,NaN,NaN,NaN,NaN,NaN,NaN,NaN,NaN,NaN,NaN,NaN,NaN,NaN,NaN,NaN,NaN,NaN,NaN,NaN,0.145902114500086,0.139003039271746,0.134330879181369,0.131076839077701,NaN,NaN,NaN,NaN,NaN,NaN,NaN,0.261397386790832,0.263058677779476,0.263056778184899,0.263074596835136,0.263097377930486,0.263129376411088,0.263155806475655,0.263174138436347,0.263151601687797,0.263123114194059,0.263068377221985,0.263027917894148,0.263010920022025,0.262999843252885,0.262995071603824,0.263014827666583,0.263046812422288,0.263055825537199,0.263061517785093,0.263068180541498,0.263113829134182,0.263187025757459,0.26331564047348,0.262834664056313,0.262105335112292,0.261993469461167,0.262241025911379,0.262423645603938,0.262394678906016,0.257227696206389,0.255686585296266,0.209048175848228,NaN,NaN,NaN,NaN,NaN,NaN,NaN,NaN,NaN,NaN,NaN,NaN,NaN,NaN,NaN,NaN,NaN,NaN,0.262614731588071,0.262605766337592,0.262599541061071,0.262592127868906,0.262586804554094,0.262581235250719,0.26257460174827,0.262566675087956,0.262557992317985,0.262548191858228,0.262537131536442,0.262524428799749,0.262511435077599,0.262500427516607,0.262488848247816,0.262474081918818,0.262457832050553,0.262440215315056,0.2624207383953,0.262378215599417,0.262462755888699
NaN,NaN,NaN,NaN,NaN,NaN,NaN,NaN,NaN,NaN,NaN,NaN,NaN,NaN,NaN,NaN,NaN,NaN,NaN,NaN,NaN,NaN,NaN,NaN,NaN,NaN,NaN,NaN,NaN,NaN,NaN,NaN,NaN,NaN,NaN,NaN,NaN,NaN,NaN,NaN,NaN,NaN,NaN,NaN,NaN,NaN,NaN,NaN,NaN,NaN,NaN,NaN,NaN,NaN,NaN,NaN,NaN,NaN,NaN,NaN,NaN,NaN,NaN,NaN,NaN,NaN,NaN,NaN,NaN,NaN,NaN,NaN,NaN,NaN,NaN,NaN,NaN,NaN,NaN,NaN,NaN,NaN,NaN,NaN,NaN,NaN,NaN,NaN,NaN,NaN,NaN,NaN,NaN,NaN,NaN,NaN,NaN,NaN,NaN,NaN,NaN,NaN,NaN,NaN,NaN,NaN,NaN,NaN,NaN,NaN,NaN,NaN,NaN,NaN,NaN,NaN,NaN,NaN,NaN,NaN,NaN,NaN,NaN,NaN,NaN,NaN,NaN,NaN,NaN,NaN,NaN,NaN,NaN,NaN,NaN,NaN,NaN,NaN,NaN,NaN,NaN,NaN,NaN,NaN,NaN,NaN,NaN,NaN,NaN,NaN,NaN,NaN,NaN,NaN,NaN,NaN,NaN,NaN,NaN,NaN,NaN,NaN,NaN,0.156412256561232,0.145734182002224,NaN,NaN,NaN,NaN,NaN,NaN,NaN,NaN,NaN,0.259073625615877,0.263107580625692,0.263097460848003,0.263110445724176,0.263123749138703,0.263150752055178,0.263190103742812,0.26322728358591,0.263194562803383,0.263129826583627,0.263037118416485,0.263021786174294,0.263016797902176,0.263010758117714,0.263003392137272,0.263015297131842,0.263028720451277,0.263017093762793,0.26300000553687,0.26299641259263,0.263031387154694,0.263105992844868,0.2632315829032,0.262550550724492,0.261968846704257,0.261874309676177,0.261908676252731,0.262043761363009,0.262083472144159,0.262000453862669,0.246378935092304,NaN,NaN,NaN,NaN,NaN,NaN,NaN,NaN,NaN,NaN,NaN,NaN,NaN,NaN,NaN,NaN,NaN,NaN,NaN,0.262613568129762,0.262604668302355,0.262598962615137,0.262591480012806,0.262585760597026,0.262579796475747,0.262573075845739,0.262565076113293,0.262556168821307,0.262546585271757,0.262535801058177,0.262524055762855,0.262511460660797,0.262500959137434,0.262490518970668,0.26247765874808,0.262461389780956,0.262444290595559,0.262425298291152,0.262382815645957,0.262467964653717
NaN,NaN,NaN,NaN,NaN,NaN,NaN,NaN,NaN,NaN,NaN,NaN,NaN,NaN,NaN,NaN,NaN,NaN,NaN,NaN,NaN,NaN,NaN,NaN,NaN,NaN,NaN,NaN,NaN,NaN,NaN,NaN,NaN,NaN,NaN,NaN,NaN,NaN,NaN,NaN,NaN,NaN,NaN,NaN,NaN,NaN,NaN,NaN,NaN,NaN,NaN,NaN,NaN,NaN,NaN,NaN,NaN,NaN,NaN,NaN,NaN,NaN,NaN,NaN,NaN,NaN,NaN,NaN,NaN,NaN,NaN,NaN,NaN,NaN,NaN,NaN,NaN,NaN,NaN,NaN,NaN,NaN,NaN,NaN,NaN,NaN,NaN,NaN,NaN,NaN,NaN,NaN,NaN,NaN,NaN,NaN,NaN,NaN,NaN,NaN,NaN,NaN,NaN,NaN,NaN,NaN,NaN,NaN,NaN,NaN,NaN,NaN,NaN,NaN,NaN,NaN,NaN,NaN,NaN,NaN,NaN,NaN,NaN,NaN,NaN,NaN,NaN,NaN,NaN,NaN,NaN,NaN,NaN,NaN,NaN,NaN,NaN,NaN,NaN,NaN,NaN,NaN,NaN,NaN,NaN,NaN,NaN,NaN,NaN,NaN,NaN,NaN,NaN,NaN,NaN,NaN,NaN,NaN,NaN,NaN,NaN,NaN,NaN,0.172388069826842,0.156251494241734,NaN,NaN,NaN,NaN,NaN,NaN,NaN,NaN,NaN,NaN,0.262987581880766,0.263168871232129,0.263175862802831,0.263197687181958,0.263217275793511,0.263256916107283,0.263320978227111,NaN,NaN,0.262894640737856,0.262975925750591,0.262995806904013,0.263001821364342,0.263007121350819,0.263007560449512,0.262994174113368,0.262971116113541,0.262953284898503,0.262953136214412,0.262997199382778,0.263137644540539,0.263114603120999,0.262390590182614,0.261965950568723,0.261898835510101,0.261908103622017,0.261957621311757,0.262032422915242,0.261931531843904,0.242508210636819,NaN,NaN,NaN,NaN,NaN,NaN,NaN,NaN,NaN,NaN,NaN,NaN,NaN,NaN,NaN,NaN,NaN,NaN,NaN,0.262611197359782,0.262602772130231,0.262597536218314,0.262590714810595,0.262584224225053,0.262578080109015,0.262570886006495,0.262562598214725,0.262553550307183,0.262544129300669,0.26253431443328,0.262523163261321,0.262510511463391,0.262500064637383,0.262491093786963,0.2624797815572,0.262464507236613,0.262447528363699,0.262428653799822,0.26238700578938,0.262472765976771
NaN,NaN,NaN,NaN,NaN,NaN,NaN,NaN,NaN,NaN,NaN,NaN,NaN,NaN,NaN,NaN,NaN,NaN,NaN,NaN,NaN,NaN,NaN,NaN,NaN,NaN,NaN,NaN,NaN,NaN,NaN,NaN,NaN,NaN,NaN,NaN,NaN,NaN,NaN,NaN,NaN,NaN,NaN,NaN,NaN,NaN,NaN,NaN,NaN,NaN,NaN,NaN,NaN,NaN,NaN,NaN,NaN,NaN,NaN,NaN,NaN,NaN,NaN,NaN,NaN,NaN,NaN,NaN,NaN,NaN,NaN,NaN,NaN,NaN,NaN,NaN,NaN,NaN,NaN,NaN,NaN,NaN,NaN,NaN,NaN,NaN,NaN,NaN,NaN,NaN,NaN,NaN,NaN,NaN,NaN,NaN,NaN,NaN,NaN,NaN,NaN,NaN,NaN,NaN,NaN,NaN,NaN,NaN,NaN,NaN,NaN,NaN,NaN,NaN,NaN,NaN,NaN,NaN,NaN,NaN,NaN,NaN,NaN,NaN,NaN,NaN,NaN,NaN,NaN,NaN,NaN,NaN,NaN,NaN,NaN,NaN,NaN,NaN,NaN,NaN,NaN,NaN,NaN,NaN,NaN,NaN,NaN,NaN,NaN,NaN,NaN,NaN,NaN,NaN,NaN,NaN,NaN,NaN,NaN,NaN,NaN,NaN,NaN,0.19840595173512,0.172250103231942,NaN,NaN,NaN,NaN,NaN,0.197288224026476,0.200064699690451,0.24695629087375,0.250242054596712,0.25649644597641,0.263434844134566,0.263359189028845,0.263305091187313,0.263301965656413,0.263301465935213,0.263329163958292,0.263358521340738,NaN,NaN,0.262928029365739,0.262948276472641,0.262951963794957,0.262949490472388,0.262956065291868,0.262956746564416,0.262946693919201,0.262926227891963,0.262908019702225,0.262924104916315,0.262993869540907,0.263091842972882,0.26294826290173,0.262338209585613,0.262035040754479,0.261987385744789,0.262001855815128,0.26203134493918,0.262072842233127,0.262080112408165,0.256987329563842,0.212695663410812,NaN,NaN,NaN,NaN,NaN,NaN,NaN,NaN,NaN,NaN,NaN,NaN,NaN,NaN,NaN,NaN,NaN,NaN,0.262608371654126,0.262600217914119,0.262595551801443,0.262589054550905,0.262582185243422,0.262575848631998,0.262568443346636,0.262560038084853,0.262550406220857,0.262540949170715,0.262531494538393,0.262520866803732,0.262508799724997,0.262498724868794,0.262490638232681,0.262480550384574,0.26246616929781,0.262449457024516,0.262430523310476,0.262389887913391,0.262476259569366
NaN,NaN,NaN,NaN,NaN,NaN,NaN,NaN,NaN,NaN,NaN,NaN,NaN,NaN,NaN,NaN,NaN,NaN,NaN,NaN,NaN,NaN,NaN,NaN,NaN,NaN,NaN,NaN,NaN,NaN,NaN,NaN,NaN,NaN,NaN,NaN,NaN,NaN,NaN,NaN,NaN,NaN,NaN,NaN,NaN,NaN,NaN,NaN,NaN,NaN,NaN,NaN,NaN,NaN,NaN,NaN,NaN,NaN,NaN,NaN,NaN,NaN,NaN,NaN,NaN,NaN,NaN,NaN,NaN,NaN,NaN,NaN,NaN,NaN,NaN,NaN,NaN,NaN,NaN,NaN,NaN,NaN,NaN,NaN,NaN,NaN,NaN,NaN,NaN,NaN,NaN,NaN,NaN,NaN,NaN,NaN,NaN,NaN,NaN,NaN,NaN,NaN,NaN,NaN,NaN,NaN,NaN,NaN,NaN,NaN,NaN,NaN,NaN,NaN,NaN,NaN,NaN,NaN,NaN,NaN,NaN,NaN,NaN,NaN,NaN,NaN,NaN,NaN,NaN,NaN,NaN,NaN,NaN,NaN,NaN,NaN,NaN,NaN,NaN,NaN,NaN,NaN,NaN,NaN,NaN,NaN,NaN,NaN,NaN,NaN,NaN,NaN,NaN,NaN,NaN,NaN,NaN,NaN,NaN,NaN,0.197455769625318,0.198978271148396,0.198354080556699,0.243979912763934,0.198281614708329,NaN,0.196459495287981,0.197855665951552,0.197279122516256,0.243933883053175,0.244396186366323,0.247916404040247,0.255241867845531,0.262311431505501,0.263762195028327,0.263602004433139,0.263509687903268,0.263439950056869,0.263393978587183,0.263385428817233,0.263401597774503,0.259056026400223,NaN,NaN,0.262927750442158,0.262911892657943,0.262906379452875,0.262907083121997,0.262913220793807,0.26292084489738,0.262904526495906,0.262876254276202,0.262860045637455,0.262877360321854,0.262943908617916,0.262955104694567,0.262720306588805,0.262353139009926,0.262146084615851,0.262118989614979,0.262163713796153,0.262136509030613,0.262131570371224,0.262135545882278,0.2621444089951,0.257095553973905,NaN,NaN,NaN,NaN,NaN,NaN,NaN,NaN,NaN,NaN,NaN,NaN,NaN,NaN,NaN,NaN,NaN,NaN,0.262605411558131,0.262597139813482,0.262593032062017,0.262587105600963,0.262579865511853,0.262572976905147,0.262565669843527,0.262557053878008,0.26254695589164,0.262537349313612,0.262527942111331,0.262517750801563,0.26250618636336,0.262496880712323,0.262490013320705,0.262480534753724,0.262466873769883,0.262450783434183,0.262431917500808,0.262390831520043,0.26247782173353
NaN,NaN,NaN,NaN,NaN,NaN,NaN,NaN,NaN,NaN,NaN,NaN,NaN,NaN,NaN,NaN,NaN,NaN,NaN,NaN,NaN,NaN,NaN,NaN,NaN,NaN,NaN,NaN,NaN,NaN,NaN,NaN,NaN,NaN,NaN,NaN,NaN,NaN,NaN,NaN,NaN,NaN,NaN,NaN,NaN,NaN,NaN,NaN,NaN,NaN,NaN,NaN,NaN,NaN,NaN,NaN,NaN,NaN,NaN,NaN,NaN,NaN,NaN,NaN,NaN,NaN,NaN,NaN,NaN,NaN,NaN,NaN,NaN,NaN,NaN,NaN,NaN,NaN,NaN,NaN,NaN,NaN,NaN,NaN,NaN,NaN,NaN,NaN,NaN,NaN,NaN,NaN,NaN,NaN,NaN,NaN,NaN,NaN,NaN,NaN,NaN,NaN,NaN,NaN,NaN,NaN,NaN,NaN,NaN,NaN,NaN,NaN,NaN,NaN,NaN,NaN,NaN,NaN,NaN,NaN,NaN,NaN,NaN,NaN,NaN,NaN,NaN,NaN,NaN,NaN,NaN,NaN,NaN,NaN,NaN,NaN,NaN,NaN,NaN,NaN,NaN,NaN,NaN,NaN,NaN,NaN,NaN,NaN,NaN,NaN,NaN,NaN,NaN,NaN,NaN,NaN,NaN,NaN,NaN,NaN,0.198790193624939,0.197446830391638,0.198322119658342,0.243938648435747,0.243831289800679,0.197831892385345,0.243040926846175,0.244860187241393,0.244096580837274,0.244111295591208,0.24713014623526,0.255557697843274,0.263522400782264,0.264002800185652,0.26384252306252,0.263707931909625,0.263601391812295,0.263534291849741,0.263487355902156,0.26348075157953,0.25909558292119,0.215511683206715,NaN,NaN,0.262953032818576,0.262950048483497,0.262939354289106,0.262901390658322,0.262875696202355,0.262854874108598,0.262865184455419,0.262857839227991,0.262832600983531,0.262822180496654,0.262821903500867,0.262799471666467,0.262662914302835,0.262478637746383,0.262327104854838,0.262322017662371,0.262335963399707,0.262229680923888,0.262182928595044,0.26217937689276,0.262178005456262,0.262180975328552,NaN,NaN,NaN,NaN,NaN,NaN,NaN,NaN,NaN,NaN,NaN,NaN,NaN,NaN,NaN,NaN,NaN,NaN,0.26260290759331,0.262594556577423,0.262590772567879,0.262585026724487,0.262577549300752,0.262569952146168,0.262562390413393,0.262553858520093,0.262543752625876,0.262533552735742,0.262523911180225,0.262514479599511,0.262503666147669,0.262495106618005,0.262488829695771,0.262480108583227,0.262467005540981,0.262451175448064,0.262432314214088,0.262391140008297,0.262478752477184
NaN,NaN,NaN,NaN,NaN,NaN,NaN,NaN,NaN,NaN,NaN,NaN,NaN,NaN,NaN,NaN,NaN,NaN,NaN,NaN,NaN,NaN,NaN,NaN,NaN,NaN,NaN,NaN,NaN,NaN,NaN,NaN,NaN,NaN,NaN,NaN,NaN,NaN,NaN,NaN,NaN,NaN,NaN,NaN,NaN,NaN,NaN,NaN,NaN,NaN,NaN,NaN,NaN,NaN,NaN,NaN,NaN,NaN,NaN,NaN,NaN,NaN,NaN,NaN,NaN,NaN,NaN,NaN,NaN,NaN,NaN,NaN,NaN,NaN,NaN,NaN,NaN,NaN,NaN,NaN,NaN,NaN,NaN,NaN,NaN,NaN,NaN,NaN,NaN,NaN,NaN,NaN,NaN,NaN,NaN,NaN,NaN,NaN,NaN,NaN,NaN,NaN,NaN,NaN,NaN,NaN,NaN,NaN,NaN,NaN,NaN,NaN,NaN,NaN,NaN,NaN,NaN,NaN,NaN,NaN,NaN,NaN,NaN,NaN,NaN,NaN,NaN,NaN,NaN,NaN,NaN,NaN,NaN,NaN,NaN,NaN,NaN,NaN,NaN,NaN,NaN,NaN,NaN,NaN,NaN,NaN,NaN,NaN,NaN,NaN,NaN,NaN,NaN,NaN,NaN,NaN,NaN,NaN,NaN,NaN,0.198805716020222,0.198349874074501,0.244047046121913,0.24393846860004,0.243764714634748,0.243468124117254,0.244868241751405,0.250285850466527,0.247877945785354,0.244048862404242,0.251792527344965,0.263679057761279,0.264209379080009,0.264087771729771,0.263935641960705,0.26377930493147,0.263694261462257,0.263634246414489,0.263592407170884,0.25918425211671,0.242901833970341,NaN,NaN,NaN,0.256683876621838,0.262985158418931,0.262935095502259,0.2628580933092,0.262800076104714,0.262802095121782,0.262851348944639,0.262867090723217,0.262835246399428,0.26279669045833,0.262779270604402,0.262750835672195,0.262708269512245,0.262572767173653,0.262467765408417,0.262453395625782,0.262347900944083,0.262204377003987,0.262187452140001,0.262210204998585,0.262209698424777,0.262190535168496,NaN,NaN,NaN,NaN,NaN,NaN,NaN,NaN,NaN,NaN,NaN,NaN,NaN,NaN,NaN,NaN,NaN,NaN,0.26260071569561,0.262592405717554,0.262588582334689,0.262582821674437,0.262575279923065,0.262566993367745,0.262559006137171,0.262550620980349,0.262540503432785,0.262529799852899,0.262519604474012,0.262510587882081,0.262501110883535,0.262492993466742,0.262487368192985,0.262479177572018,0.262466524243253,0.262451702200694,0.262432360440082,0.262391288873856,0.262479544194927
NaN,NaN,NaN,NaN,NaN,NaN,NaN,NaN,NaN,NaN,NaN,NaN,NaN,NaN,NaN,NaN,NaN,NaN,NaN,NaN,NaN,NaN,NaN,NaN,NaN,NaN,NaN,NaN,NaN,NaN,NaN,NaN,NaN,NaN,NaN,NaN,NaN,NaN,NaN,NaN,NaN,NaN,NaN,NaN,NaN,NaN,NaN,NaN,NaN,NaN,NaN,NaN,NaN,NaN,NaN,NaN,NaN,NaN,NaN,NaN,NaN,NaN,NaN,NaN,NaN,NaN,NaN,NaN,NaN,NaN,NaN,NaN,NaN,NaN,NaN,NaN,NaN,NaN,NaN,NaN,NaN,NaN,NaN,NaN,NaN,NaN,NaN,NaN,NaN,NaN,NaN,NaN,NaN,NaN,NaN,NaN,NaN,NaN,NaN,NaN,NaN,NaN,NaN,NaN,NaN,NaN,NaN,NaN,NaN,NaN,NaN,NaN,NaN,NaN,NaN,NaN,NaN,NaN,NaN,NaN,NaN,NaN,NaN,NaN,NaN,NaN,NaN,NaN,NaN,NaN,NaN,NaN,NaN,NaN,NaN,NaN,NaN,NaN,NaN,NaN,NaN,NaN,NaN,NaN,NaN,NaN,NaN,NaN,NaN,NaN,NaN,NaN,NaN,NaN,NaN,NaN,NaN,NaN,NaN,0.172305515288197,0.198370397712619,0.189826967940455,0.231783042626939,0.198246613997193,0.205181944888289,0.196666540099005,0.203449390976694,0.251065603609531,0.261712848151337,0.252919609502586,0.261636455289659,0.264346553340383,0.264266091319801,0.264146897435934,0.264032971617654,0.263931620481684,0.263797136692012,0.263636308691521,0.25931572306614,0.215716673790741,0.196158936995869,NaN,NaN,NaN,NaN,0.256707038750822,0.262169517802417,0.262798095116085,0.262739599499171,0.262759145492745,0.262816265845728,0.262860945851983,0.262827718094304,0.262784371149203,0.262759170100611,0.262728389672791,0.262679875574737,0.262577805767062,0.262512308132393,0.262433649035482,0.262323389721716,0.262209203013517,0.262210811264291,0.262244622249662,0.262244007791619,0.262227120908024,0.262244653450546,NaN,NaN,NaN,NaN,NaN,NaN,NaN,NaN,NaN,NaN,NaN,NaN,NaN,NaN,NaN,NaN,NaN,0.262598397942879,0.262589646053886,0.262586104066368,0.262580338212145,0.262572910440058,0.26256418447264,0.262555288494231,0.262546779289659,0.262537011677887,0.262525873721814,0.262515432309549,0.262506403785117,0.262497460826795,0.262489929084075,0.262485048173498,0.262477783460666,0.262465668162063,0.262451896750141,0.262432635030407,0.26239154241446,0.262480440373797
NaN,NaN,NaN,NaN,NaN,NaN,NaN,NaN,NaN,NaN,NaN,NaN,NaN,NaN,NaN,NaN,NaN,NaN,NaN,NaN,NaN,NaN,NaN,NaN,NaN,NaN,NaN,NaN,NaN,NaN,NaN,NaN,NaN,NaN,NaN,NaN,NaN,NaN,NaN,NaN,NaN,NaN,NaN,NaN,NaN,NaN,NaN,NaN,NaN,NaN,NaN,NaN,NaN,NaN,NaN,NaN,NaN,NaN,NaN,NaN,NaN,NaN,NaN,NaN,NaN,NaN,NaN,NaN,NaN,NaN,NaN,NaN,NaN,NaN,NaN,NaN,NaN,NaN,NaN,NaN,NaN,NaN,NaN,NaN,NaN,NaN,NaN,NaN,NaN,NaN,NaN,NaN,NaN,NaN,NaN,NaN,NaN,NaN,NaN,NaN,NaN,NaN,NaN,NaN,NaN,NaN,NaN,NaN,NaN,NaN,NaN,NaN,NaN,NaN,NaN,NaN,NaN,NaN,NaN,NaN,NaN,NaN,NaN,NaN,NaN,NaN,NaN,NaN,NaN,NaN,NaN,NaN,NaN,NaN,NaN,NaN,NaN,NaN,NaN,NaN,NaN,NaN,NaN,NaN,NaN,NaN,NaN,NaN,NaN,NaN,NaN,NaN,NaN,NaN,NaN,NaN,NaN,NaN,0.145619278826117,0.156190544808819,0.17228885732289,0.167167806093233,0.189816312905911,0.172199159275785,NaN,NaN,NaN,0.22159251380233,0.261615452826805,0.262953412254271,0.264305113692452,0.264340770693545,0.264276074913534,0.264238812463873,0.264160809473455,0.262073242468483,0.262432367060905,0.2437172187623,0.215853485185529,0.180994465216112,NaN,NaN,NaN,NaN,NaN,NaN,0.253485634481469,0.262766413847337,0.262693079942324,0.262715499463743,0.262787658077286,0.262833986418023,0.262819130546972,0.262790581394136,0.262759266310904,0.262721200469644,0.262670576051719,0.262612011465493,0.262522311050866,0.262431681694125,0.26235565512096,0.26231350622211,0.262365840864696,0.262343448774161,0.262289469949605,0.262251773952016,0.262221150408483,NaN,NaN,NaN,NaN,NaN,NaN,NaN,NaN,NaN,NaN,NaN,NaN,NaN,NaN,NaN,NaN,NaN,0.262596037242067,0.262586543850527,0.262583131456091,0.26257737902147,0.262570294543014,0.262561325477763,0.262551611330779,0.262542745705595,0.262533394915896,0.262522722325016,0.262512524866678,0.262503065638976,0.262494427489532,0.262487130034408,0.262482488271325,0.262476211039754,0.262465123735456,0.262452024154329,0.262433234709467,0.262390938251846,0.262480484197841
NaN,NaN,NaN,NaN,NaN,NaN,NaN,NaN,NaN,NaN,NaN,NaN,NaN,NaN,NaN,NaN,NaN,NaN,NaN,NaN,NaN,NaN,NaN,NaN,NaN,NaN,NaN,NaN,NaN,NaN,NaN,NaN,NaN,NaN,NaN,NaN,NaN,NaN,NaN,NaN,NaN,NaN,NaN,NaN,NaN,NaN,NaN,NaN,NaN,NaN,NaN,NaN,NaN,NaN,NaN,NaN,NaN,NaN,NaN,NaN,NaN,NaN,NaN,NaN,NaN,NaN,NaN,NaN,NaN,NaN,NaN,NaN,NaN,NaN,NaN,NaN,NaN,NaN,NaN,NaN,NaN,NaN,NaN,NaN,NaN,NaN,NaN,NaN,NaN,NaN,NaN,NaN,NaN,NaN,NaN,NaN,NaN,NaN,NaN,NaN,NaN,NaN,NaN,NaN,NaN,NaN,NaN,NaN,NaN,NaN,NaN,NaN,NaN,NaN,NaN,NaN,NaN,NaN,NaN,NaN,NaN,NaN,NaN,NaN,NaN,NaN,NaN,NaN,NaN,NaN,NaN,NaN,NaN,NaN,NaN,NaN,NaN,NaN,NaN,NaN,NaN,NaN,NaN,NaN,NaN,NaN,NaN,NaN,NaN,NaN,NaN,NaN,NaN,NaN,NaN,NaN,NaN,NaN,0.138699596270618,0.145618054001016,NaN,NaN,NaN,NaN,NaN,NaN,0.19771459627895,0.244602422814353,0.249041067738097,0.264375709201702,0.264436760924378,0.264366820059577,0.26430903284754,0.264253242419412,0.263410341894803,0.232884389114137,0.227332114118559,NaN,NaN,NaN,NaN,NaN,NaN,NaN,NaN,NaN,NaN,NaN,0.26264152120976,0.262697148521173,0.26277211233645,0.262803169541973,0.26280501766311,0.262776638263499,0.262726227504462,0.262701545001955,0.262667606938393,0.262609848870553,0.262533357137406,0.262451618631166,0.262428103600934,0.262451321198032,0.262406464402211,0.26229779848667,0.262253699976543,0.262234863975672,0.262205471974567,0.262098775999472,NaN,NaN,NaN,NaN,NaN,NaN,NaN,NaN,NaN,NaN,NaN,NaN,NaN,NaN,NaN,NaN,0.262593441453476,0.262583441476461,0.262579265448786,0.262573802459661,0.262567107995468,0.26255773691702,0.262547553070855,0.26253814179287,0.262529315422939,0.262519735392252,0.262510052887453,0.262500331708304,0.262491595121945,0.262483953374552,0.262479991814918,0.26247459199281,0.262464919070348,0.262452352160624,0.262433845567851,0.262390923941461,0.262481138519761
NaN,NaN,NaN,NaN,NaN,NaN,NaN,NaN,NaN,NaN,NaN,NaN,NaN,NaN,NaN,NaN,NaN,NaN,NaN,NaN,NaN,NaN,NaN,NaN,NaN,NaN,NaN,NaN,NaN,NaN,NaN,NaN,NaN,NaN,NaN,NaN,NaN,NaN,NaN,NaN,NaN,NaN,NaN,NaN,NaN,NaN,NaN,NaN,NaN,NaN,NaN,NaN,NaN,NaN,NaN,NaN,NaN,NaN,NaN,NaN,NaN,NaN,NaN,NaN,NaN,NaN,NaN,NaN,NaN,NaN,NaN,NaN,NaN,NaN,NaN,NaN,NaN,NaN,NaN,NaN,NaN,NaN,NaN,NaN,NaN,NaN,NaN,NaN,NaN,NaN,NaN,NaN,NaN,NaN,NaN,NaN,NaN,NaN,NaN,NaN,NaN,NaN,NaN,NaN,NaN,NaN,NaN,NaN,NaN,NaN,NaN,NaN,NaN,NaN,NaN,NaN,NaN,NaN,NaN,NaN,NaN,NaN,NaN,NaN,NaN,NaN,NaN,NaN,NaN,NaN,NaN,NaN,NaN,NaN,NaN,NaN,NaN,NaN,NaN,NaN,NaN,NaN,NaN,NaN,NaN,NaN,NaN,NaN,NaN,NaN,NaN,NaN,NaN,NaN,NaN,NaN,NaN,NaN,NaN,NaN,NaN,NaN,NaN,NaN,NaN,NaN,0.197102472380832,0.243726820043247,0.264392516478032,0.26448128057875,0.264434740967344,0.264390129223925,0.26435296947107,0.264287017689599,0.264077300092959,NaN,NaN,NaN,NaN,NaN,NaN,NaN,NaN,NaN,NaN,NaN,NaN,NaN,NaN,0.26269488608274,0.262756665033362,0.262772600379297,0.262756218159186,0.262707553340388,0.262684761057756,0.262698180413584,0.262687617155472,0.262623421411832,0.262539575368906,0.262475433553706,0.262464647360132,0.262443015807921,0.262375483256424,0.262315493248252,0.262230392898195,0.26222094713724,0.262231768402379,0.262262599940247,0.260224847077839,0.222585390999278,0.200548795410576,NaN,NaN,NaN,NaN,NaN,NaN,NaN,NaN,NaN,NaN,NaN,NaN,NaN,0.262591064855522,0.262581207150874,0.262575655314667,0.262569966892543,0.262563211604087,0.262553653817849,0.262543129671422,0.262533697344974,0.262524891409082,0.262515970788182,0.262506320220137,0.262497027103845,0.262488413755361,0.262480691824852,0.262476832011736,0.262471821469938,0.262463559578238,0.262452317084693,0.262434452693388,0.262391220490409,0.262482101862152
NaN,NaN,NaN,NaN,NaN,NaN,NaN,NaN,NaN,NaN,NaN,NaN,NaN,NaN,NaN,NaN,NaN,NaN,NaN,NaN,NaN,NaN,NaN,NaN,NaN,NaN,NaN,NaN,NaN,NaN,NaN,NaN,NaN,NaN,NaN,NaN,NaN,NaN,NaN,NaN,NaN,NaN,NaN,NaN,NaN,NaN,NaN,NaN,NaN,NaN,NaN,NaN,NaN,NaN,NaN,NaN,NaN,NaN,NaN,NaN,NaN,NaN,NaN,NaN,NaN,NaN,NaN,NaN,NaN,NaN,NaN,NaN,NaN,NaN,NaN,NaN,NaN,NaN,NaN,NaN,NaN,NaN,NaN,NaN,NaN,NaN,NaN,NaN,NaN,NaN,NaN,NaN,NaN,NaN,NaN,NaN,NaN,NaN,NaN,NaN,NaN,NaN,NaN,NaN,NaN,NaN,NaN,NaN,NaN,NaN,NaN,NaN,NaN,NaN,NaN,NaN,NaN,NaN,NaN,NaN,NaN,NaN,NaN,NaN,NaN,NaN,NaN,NaN,NaN,NaN,NaN,NaN,NaN,NaN,NaN,NaN,NaN,NaN,NaN,NaN,NaN,NaN,NaN,NaN,NaN,NaN,NaN,NaN,NaN,NaN,NaN,NaN,NaN,NaN,NaN,NaN,NaN,NaN,NaN,NaN,NaN,NaN,NaN,NaN,NaN,NaN,NaN,0.199141872848677,0.246428854879549,0.264376543080497,0.264406856482839,0.264386635598189,0.264367472239752,0.264247285246765,NaN,NaN,NaN,NaN,NaN,NaN,NaN,NaN,NaN,NaN,NaN,NaN,NaN,NaN,NaN,0.262238177783721,0.262773363116157,0.262769640445603,0.262761829087283,0.262770311074911,0.262793922520999,0.26279759568567,0.262745483606109,0.2626456044896,0.262541847983777,0.262485730773116,0.262482597363755,0.262478216976214,0.262496703420535,0.262398054866528,0.262279588658138,0.262252626102342,0.262259264591633,0.262283627339283,0.262205547739835,0.24634036132599,0.248143002029174,0.202947013857024,0.206375801303537,NaN,NaN,NaN,NaN,NaN,NaN,NaN,NaN,NaN,NaN,NaN,0.262587809306684,0.262578445306229,0.26257261842496,0.26256646321587,0.262559009419574,0.262549094334153,0.262538531335594,0.262529231547915,0.262519951170397,0.262510920497363,0.262501637829468,0.262492829855682,0.262484766084708,0.26247743040884,0.262473946167148,0.262468851362166,0.26246118417128,0.262451211175831,0.262434576425698,0.262391025505668,0.262482582607485
NaN,NaN,NaN,NaN,NaN,NaN,NaN,NaN,NaN,NaN,NaN,NaN,NaN,NaN,NaN,NaN,NaN,NaN,NaN,NaN,NaN,NaN,NaN,NaN,NaN,NaN,NaN,NaN,NaN,NaN,NaN,NaN,NaN,NaN,NaN,NaN,NaN,NaN,NaN,NaN,NaN,NaN,NaN,NaN,NaN,NaN,NaN,NaN,NaN,NaN,NaN,NaN,NaN,NaN,NaN,NaN,NaN,NaN,NaN,NaN,NaN,NaN,NaN,NaN,NaN,NaN,NaN,NaN,NaN,NaN,NaN,NaN,NaN,NaN,NaN,NaN,NaN,NaN,NaN,NaN,NaN,NaN,NaN,NaN,NaN,NaN,NaN,NaN,NaN,NaN,NaN,NaN,NaN,NaN,NaN,NaN,NaN,NaN,NaN,NaN,NaN,NaN,NaN,NaN,NaN,NaN,NaN,NaN,NaN,NaN,NaN,NaN,NaN,NaN,NaN,NaN,NaN,NaN,NaN,NaN,NaN,NaN,NaN,NaN,NaN,NaN,NaN,NaN,NaN,NaN,NaN,NaN,NaN,NaN,NaN,NaN,NaN,NaN,NaN,NaN,NaN,NaN,NaN,NaN,NaN,NaN,NaN,NaN,NaN,NaN,NaN,NaN,NaN,NaN,NaN,NaN,NaN,NaN,NaN,NaN,NaN,NaN,NaN,NaN,NaN,NaN,NaN,NaN,0.228876588096032,0.263058221872629,0.264356636098441,0.264351872576759,0.264353907910983,0.262986413356246,NaN,NaN,NaN,NaN,NaN,NaN,NaN,NaN,NaN,NaN,NaN,NaN,NaN,NaN,NaN,0.260622724497225,0.262854191843026,0.262849007376731,0.262871612366215,0.262890138970106,0.262864593911427,0.262838117759702,0.262767578954434,0.262645030379238,0.262532284090705,0.262473383729239,0.262482086291393,0.262529875557177,0.262506162701001,0.262370250099758,0.262273367801044,0.262221146703752,0.262202452027659,0.262216735347339,0.261833806875472,0.246330660653372,0.248205382979678,0.250632369060416,0.253369600860254,0.210970611438464,NaN,NaN,NaN,NaN,NaN,NaN,NaN,NaN,NaN,NaN,0.262583726447367,0.262574803169843,0.262569711714811,0.262563029203718,0.262555232789587,0.262545310037155,0.262534397146214,0.262524423586061,0.262515219308203,0.26250640596468,0.262497035031803,0.262488544052797,0.262481296560878,0.262474201975609,0.262470849443228,0.26246635795751,0.262458257909169,0.262449386266961,0.262433911546158,0.262390858185156,0.262483110226056
NaN,NaN,NaN,NaN,NaN,NaN,NaN,NaN,NaN,NaN,NaN,NaN,NaN,NaN,NaN,NaN,NaN,NaN,NaN,NaN,NaN,NaN,NaN,NaN,NaN,NaN,NaN,NaN,NaN,NaN,NaN,NaN,NaN,NaN,NaN,NaN,NaN,NaN,NaN,NaN,NaN,NaN,NaN,NaN,NaN,NaN,NaN,NaN,NaN,NaN,NaN,NaN,NaN,NaN,NaN,NaN,NaN,NaN,NaN,NaN,NaN,NaN,NaN,NaN,NaN,NaN,NaN,NaN,NaN,NaN,NaN,NaN,NaN,NaN,NaN,NaN,NaN,NaN,NaN,NaN,NaN,NaN,NaN,NaN,NaN,NaN,NaN,NaN,NaN,NaN,NaN,NaN,NaN,NaN,NaN,NaN,NaN,NaN,NaN,NaN,NaN,NaN,NaN,NaN,NaN,NaN,NaN,NaN,NaN,NaN,NaN,NaN,NaN,NaN,NaN,NaN,NaN,NaN,NaN,NaN,NaN,NaN,NaN,NaN,NaN,NaN,NaN,NaN,NaN,NaN,NaN,NaN,NaN,NaN,NaN,NaN,NaN,NaN,NaN,NaN,NaN,NaN,NaN,NaN,NaN,NaN,NaN,NaN,NaN,NaN,NaN,NaN,NaN,NaN,NaN,NaN,NaN,NaN,NaN,NaN,NaN,NaN,NaN,NaN,NaN,NaN,NaN,NaN,0.253580114390643,NaN,0.263265896446359,0.264294184546003,0.262997387235002,NaN,NaN,NaN,NaN,NaN,NaN,NaN,NaN,NaN,NaN,NaN,NaN,NaN,NaN,NaN,NaN,NaN,0.262916189324843,0.262916435895498,0.262918572866919,0.262903049876957,0.262837557490023,0.2627830558097,0.2626985915788,0.262589588876404,0.262504044004793,0.262463658934627,0.262416462970779,0.262449189430158,0.262413716766528,0.262300984854233,0.262184756974542,0.262104409851446,0.262088401918235,0.262107409677439,0.262147123004053,0.254734040781144,0.248197124231463,0.250586063148321,0.253372639862496,0.254720981456415,NaN,NaN,NaN,NaN,NaN,NaN,NaN,NaN,NaN,NaN,0.26257913634108,0.262571028304128,0.262566512386967,0.26255978873681,0.26255176808158,0.262541551082118,0.262530428738822,0.262520870163165,0.262511700743712,0.262501651298293,0.262492379304054,0.26248417665595,0.262476900162957,0.262470527744306,0.262466760942931,0.262461609469983,0.262454092828629,0.262446223955505,0.262431853059773,0.262389981471369,0.262482934584538
NaN,NaN,NaN,NaN,NaN,NaN,NaN,NaN,NaN,NaN,NaN,NaN,NaN,NaN,NaN,NaN,NaN,NaN,NaN,NaN,NaN,NaN,NaN,NaN,NaN,NaN,NaN,NaN,NaN,NaN,NaN,NaN,NaN,NaN,NaN,NaN,NaN,NaN,NaN,NaN,NaN,NaN,NaN,NaN,NaN,NaN,NaN,NaN,NaN,NaN,NaN,NaN,NaN,NaN,NaN,NaN,NaN,NaN,NaN,NaN,NaN,NaN,NaN,NaN,NaN,NaN,NaN,NaN,NaN,NaN,NaN,NaN,NaN,NaN,NaN,NaN,NaN,NaN,NaN,NaN,NaN,NaN,NaN,NaN,NaN,NaN,NaN,NaN,NaN,NaN,NaN,NaN,NaN,NaN,NaN,NaN,NaN,NaN,NaN,NaN,NaN,NaN,NaN,NaN,NaN,NaN,NaN,NaN,NaN,NaN,NaN,NaN,NaN,NaN,NaN,NaN,NaN,NaN,NaN,NaN,NaN,NaN,NaN,NaN,NaN,NaN,NaN,NaN,NaN,NaN,NaN,NaN,NaN,NaN,NaN,NaN,NaN,NaN,NaN,NaN,NaN,NaN,NaN,NaN,NaN,NaN,NaN,NaN,NaN,NaN,NaN,NaN,NaN,NaN,NaN,NaN,NaN,NaN,NaN,NaN,NaN,NaN,NaN,NaN,NaN,NaN,0.207428208859338,0.25383455008264,0.262968164253352,0.262911131534496,0.263974392785264,0.264224642131113,0.263516053571099,NaN,NaN,NaN,NaN,NaN,NaN,NaN,NaN,NaN,NaN,NaN,NaN,NaN,NaN,NaN,NaN,NaN,NaN,0.26293741970031,0.262927534812634,0.262869198919364,0.262705455601576,0.262544210094128,0.262446456929778,0.262372910157575,0.262356754124636,0.262358287475363,0.262320791459578,0.262347128568096,0.262364131692055,0.262291934635983,0.262159496814482,0.262058197097901,0.262061997368125,0.262089376797672,0.262142321572933,0.261702282102756,0.248202185204272,0.25056032839211,0.253334878902022,0.254795962132529,NaN,NaN,NaN,NaN,NaN,NaN,NaN,NaN,NaN,NaN,0.262575242211346,0.262568826724433,0.262565153874386,0.262558238336829,0.262549410149994,0.262539104695161,0.26252821799214,0.262518450427613,0.262508242491274,0.262497939777989,0.262489230321635,0.262481045463545,0.262473371769282,0.262467194108632,0.262461980840342,0.262456094573369,0.262448401221854,0.262440429272905,0.262427746885482,0.262387686731214,0.262481369393224
NaN,NaN,NaN,NaN,NaN,NaN,NaN,NaN,NaN,NaN,NaN,NaN,NaN,NaN,NaN,NaN,NaN,NaN,NaN,NaN,NaN,NaN,NaN,NaN,NaN,NaN,NaN,NaN,NaN,NaN,NaN,NaN,NaN,NaN,NaN,NaN,NaN,NaN,NaN,NaN,NaN,NaN,NaN,NaN,NaN,NaN,NaN,NaN,NaN,NaN,NaN,NaN,NaN,NaN,NaN,NaN,NaN,NaN,NaN,NaN,NaN,NaN,NaN,NaN,NaN,NaN,NaN,NaN,NaN,NaN,NaN,NaN,NaN,NaN,NaN,NaN,NaN,NaN,NaN,NaN,NaN,NaN,NaN,NaN,NaN,NaN,NaN,NaN,NaN,NaN,NaN,NaN,NaN,NaN,NaN,NaN,NaN,NaN,NaN,NaN,NaN,NaN,NaN,NaN,NaN,NaN,NaN,NaN,NaN,NaN,NaN,NaN,NaN,NaN,NaN,NaN,NaN,NaN,NaN,NaN,NaN,NaN,NaN,NaN,NaN,NaN,NaN,NaN,NaN,NaN,NaN,NaN,NaN,NaN,NaN,NaN,NaN,NaN,NaN,NaN,NaN,NaN,NaN,NaN,NaN,NaN,NaN,NaN,NaN,NaN,NaN,NaN,NaN,NaN,NaN,NaN,NaN,NaN,NaN,NaN,NaN,NaN,NaN,NaN,NaN,0.21542512071445,0.22471279392126,NaN,NaN,0.263646380317896,0.263764525186493,0.264096094317709,0.263995253038655,NaN,0.152421425945204,0.167830632119285,0.169686078604651,NaN,NaN,NaN,NaN,NaN,NaN,NaN,NaN,NaN,NaN,NaN,NaN,NaN,NaN,NaN,0.262923988244831,0.26278326522113,0.262376720354621,0.262158936596765,0.262125087545152,0.262150114957142,0.262202058931948,0.262212447097662,0.262252626389169,0.262299512312053,0.262349608552811,0.262303415109916,0.262185011448618,0.262083315820702,0.262083573408743,0.26210397568227,0.262151701860548,0.26214753749501,0.251461559792704,0.251114727467623,0.253335479182639,0.254932879767593,0.217480113118229,0.206951801375735,0.176420956985205,NaN,NaN,NaN,NaN,NaN,NaN,NaN,0.262575378418473,0.262569111669913,0.262564508400092,0.26255775139901,0.262549006522307,0.262538632235978,0.262528016822116,0.262517777180018,0.262507233241141,0.26249723043778,0.262487981751235,0.262479704850129,0.262471624628473,0.262465213348249,0.262458542140434,0.262451049343845,0.262442266381393,0.262433032218711,0.262421305842718,0.262381992140833,0.262476403500528
NaN,NaN,NaN,NaN,NaN,NaN,NaN,NaN,NaN,NaN,NaN,NaN,NaN,NaN,NaN,NaN,NaN,NaN,NaN,NaN,NaN,NaN,NaN,NaN,NaN,NaN,NaN,NaN,NaN,NaN,NaN,NaN,NaN,NaN,NaN,NaN,NaN,NaN,NaN,NaN,NaN,NaN,NaN,NaN,NaN,NaN,NaN,NaN,NaN,NaN,NaN,NaN,NaN,NaN,NaN,NaN,NaN,NaN,NaN,NaN,NaN,NaN,NaN,NaN,NaN,NaN,NaN,NaN,NaN,NaN,NaN,NaN,NaN,NaN,NaN,NaN,NaN,NaN,NaN,NaN,NaN,NaN,NaN,NaN,NaN,NaN,NaN,NaN,NaN,NaN,NaN,NaN,NaN,NaN,NaN,NaN,NaN,NaN,NaN,NaN,NaN,NaN,NaN,NaN,NaN,NaN,NaN,NaN,NaN,NaN,NaN,NaN,NaN,NaN,NaN,NaN,NaN,NaN,NaN,NaN,NaN,NaN,NaN,NaN,NaN,NaN,NaN,NaN,NaN,NaN,NaN,NaN,NaN,NaN,NaN,NaN,NaN,NaN,NaN,NaN,NaN,NaN,NaN,NaN,NaN,NaN,NaN,NaN,NaN,NaN,NaN,NaN,NaN,NaN,NaN,NaN,NaN,0.227249890581918,0.227214589917508,0.227171148184019,NaN,NaN,0.257064179458779,0.244371567822401,0.261555758679666,0.258422905823995,0.256830127416541,0.25305707101928,0.263576167104129,0.263623196090863,0.263304421375845,NaN,NaN,NaN,0.167832546257374,0.192638455893859,0.195936806622669,NaN,NaN,NaN,NaN,NaN,NaN,NaN,NaN,NaN,NaN,NaN,NaN,NaN,NaN,NaN,NaN,NaN,0.261719328112284,0.261768135335807,0.261830828038638,0.261956120861605,0.262071575077694,0.262144640878607,0.262203707657486,0.262285895487451,0.262357327466271,0.262331300892298,0.262224262992738,0.262100721016412,0.262082897775395,0.262100386416461,0.262136729681089,0.26085610216666,0.261015928700144,0.254966592084034,0.25502004040518,0.255060547776299,0.25515675876987,0.254204514480332,0.206964124424053,NaN,NaN,NaN,NaN,NaN,NaN,NaN,0.262578861882804,0.262569390072254,0.262563242485822,0.262556513278493,0.262547857648502,0.262538244078072,0.262527751915636,0.262517926062216,0.262507469934206,0.262497028142385,0.262487695052554,0.262479913511176,0.262472493663209,0.262465997942335,0.262457448525772,0.262447251113014,0.262437666230191,0.262428224801736,0.262413524073866,0.26237234081623,0.262467539195147
NaN,NaN,NaN,NaN,NaN,NaN,NaN,NaN,NaN,NaN,NaN,NaN,NaN,NaN,NaN,NaN,NaN,NaN,NaN,NaN,NaN,NaN,NaN,NaN,NaN,NaN,NaN,NaN,NaN,NaN,NaN,NaN,NaN,NaN,NaN,NaN,NaN,NaN,NaN,NaN,NaN,NaN,NaN,NaN,NaN,NaN,NaN,NaN,NaN,NaN,NaN,NaN,NaN,NaN,NaN,NaN,NaN,NaN,NaN,NaN,NaN,NaN,NaN,NaN,NaN,NaN,NaN,NaN,NaN,NaN,NaN,NaN,NaN,NaN,NaN,NaN,NaN,NaN,NaN,NaN,NaN,NaN,NaN,NaN,NaN,NaN,NaN,NaN,NaN,NaN,NaN,NaN,NaN,NaN,NaN,NaN,NaN,NaN,NaN,NaN,NaN,NaN,NaN,NaN,NaN,NaN,NaN,NaN,NaN,NaN,NaN,NaN,NaN,NaN,NaN,NaN,NaN,NaN,NaN,NaN,NaN,NaN,NaN,NaN,NaN,NaN,NaN,NaN,NaN,NaN,NaN,NaN,NaN,NaN,NaN,NaN,NaN,NaN,NaN,NaN,NaN,NaN,NaN,NaN,NaN,NaN,NaN,NaN,NaN,NaN,NaN,NaN,NaN,NaN,NaN,NaN,0.227528328817343,0.227295418155904,0.227185257759289,0.227069124064193,0.22698274319172,0.227248891973819,0.262132015833367,0.263705144749034,0.263709264330726,0.263676245161427,0.263663480820355,0.263652093961027,0.26365101421174,0.263762150857063,0.263439378187232,0.246087501923156,0.246623665717365,NaN,0.192593614117053,0.238174013191159,0.242138407320061,0.195911665179734,NaN,NaN,NaN,NaN,NaN,NaN,NaN,NaN,NaN,NaN,NaN,NaN,NaN,NaN,NaN,NaN,0.261810574856308,0.26180758577809,0.261797498237976,0.261881327595957,0.261956548533668,0.262079890244971,0.262170576916819,0.262290328884884,0.262372736284798,0.26236236312418,0.262254333476372,0.262107949370076,0.262074034818415,0.262096413100025,0.262120993884418,0.261324546500016,0.239036696966024,0.255000813169825,0.25507489750612,0.2494091809261,0.243144096201903,0.252326789389281,0.232327378294862,NaN,NaN,NaN,NaN,NaN,NaN,NaN,NaN,NaN,NaN,NaN,NaN,NaN,NaN,NaN,NaN,NaN,NaN,NaN,NaN,NaN,NaN,NaN,NaN,NaN,NaN,NaN,NaN
NaN,NaN,NaN,NaN,NaN,NaN,NaN,NaN,NaN,NaN,NaN,NaN,NaN,NaN,NaN,NaN,NaN,NaN,NaN,NaN,NaN,NaN,NaN,NaN,NaN,NaN,NaN,NaN,NaN,NaN,NaN,NaN,NaN,NaN,NaN,NaN,NaN,NaN,NaN,NaN,NaN,NaN,NaN,NaN,NaN,NaN,NaN,NaN,NaN,NaN,NaN,NaN,NaN,NaN,NaN,NaN,NaN,NaN,NaN,NaN,NaN,NaN,NaN,NaN,NaN,NaN,NaN,NaN,NaN,NaN,NaN,NaN,NaN,NaN,NaN,NaN,NaN,NaN,NaN,NaN,NaN,NaN,NaN,NaN,NaN,NaN,NaN,NaN,NaN,NaN,NaN,NaN,NaN,NaN,NaN,NaN,NaN,NaN,NaN,NaN,NaN,NaN,NaN,NaN,NaN,NaN,NaN,NaN,NaN,NaN,NaN,NaN,NaN,NaN,NaN,NaN,NaN,NaN,NaN,NaN,NaN,NaN,NaN,NaN,NaN,NaN,NaN,NaN,NaN,NaN,NaN,NaN,NaN,NaN,NaN,NaN,NaN,NaN,NaN,NaN,NaN,NaN,NaN,NaN,NaN,NaN,NaN,NaN,NaN,NaN,NaN,NaN,NaN,NaN,NaN,NaN,0.22746120502534,0.22722376580203,0.227150229335315,0.227043580068838,0.223846506425501,0.187415839215756,0.226710581935182,0.256235841968507,0.261567793677404,0.25851970643032,0.256412723224353,0.263506710455043,0.263525715972497,0.263567039775456,0.254027810704751,0.247119834991524,0.244556742358383,0.243404438573009,0.196027488551054,0.242070321856542,0.24212505504486,0.19585987693133,0.195832313859032,0.195801741219149,NaN,NaN,NaN,NaN,NaN,NaN,NaN,NaN,NaN,NaN,NaN,NaN,NaN,0.262196574201264,0.262057279893646,0.261876959155663,0.261705088612968,0.261763380140687,0.261918427444205,0.262048871514051,0.262193516751362,0.262324973573703,0.262408591518742,0.262398580088746,0.262285669422079,0.26212843679396,0.262087898956229,0.262118053340988,0.262161404634356,0.262157414312748,0.262114579369509,0.239240431698941,0.255232220703576,0.255300320090855,0.255347645947756,0.25539946578433,0.255424950628584,0.232346084103823,NaN,NaN,NaN,NaN,NaN,NaN,NaN,NaN,NaN,NaN,NaN,NaN,NaN,NaN,NaN,NaN,NaN,NaN,NaN,NaN,NaN,NaN,NaN,NaN,NaN,NaN,NaN
NaN,NaN,NaN,NaN,NaN,NaN,NaN,NaN,NaN,NaN,NaN,NaN,NaN,NaN,NaN,NaN,NaN,NaN,NaN,NaN,NaN,NaN,NaN,NaN,NaN,NaN,NaN,NaN,NaN,NaN,NaN,NaN,NaN,NaN,NaN,NaN,NaN,NaN,NaN,NaN,NaN,NaN,NaN,NaN,NaN,NaN,NaN,NaN,NaN,NaN,NaN,NaN,NaN,NaN,NaN,NaN,NaN,NaN,NaN,NaN,NaN,NaN,NaN,NaN,NaN,NaN,NaN,NaN,NaN,NaN,NaN,NaN,NaN,NaN,NaN,NaN,NaN,NaN,NaN,NaN,NaN,NaN,NaN,NaN,NaN,NaN,NaN,NaN,NaN,NaN,NaN,NaN,NaN,NaN,NaN,NaN,NaN,NaN,NaN,NaN,NaN,NaN,NaN,NaN,NaN,NaN,NaN,NaN,NaN,NaN,NaN,NaN,NaN,NaN,NaN,NaN,NaN,NaN,NaN,NaN,NaN,NaN,NaN,NaN,NaN,NaN,NaN,NaN,NaN,NaN,NaN,NaN,NaN,NaN,NaN,NaN,NaN,NaN,NaN,NaN,NaN,NaN,NaN,NaN,NaN,NaN,NaN,0.182183392484447,0.207365307941475,NaN,NaN,NaN,NaN,NaN,NaN,0.2279203652006,0.227816967981582,NaN,NaN,NaN,NaN,NaN,NaN,NaN,0.225724049261918,0.219217794665427,0.259605080715251,0.263312592386108,0.261495383271603,NaN,0.207141660843772,0.200016086069123,0.239978190473503,0.197043868173749,NaN,0.195674027216073,0.241949414313984,0.242054692945298,0.242035872888709,0.241994252141226,NaN,NaN,NaN,NaN,NaN,NaN,NaN,NaN,NaN,NaN,NaN,NaN,NaN,0.262253809417151,0.262189274727806,0.261963479528705,0.261688919881698,0.261637366003073,0.261860592271696,0.262075330954689,0.262268640204974,0.262389236261862,0.262463914372162,0.262455758144874,0.262348943615386,0.262222422437661,0.262180895016637,0.262204331069273,0.262239130561002,0.262256340983335,0.26204098368911,NaN,0.252252790756111,0.255343146417287,0.252538707345221,0.218941721144747,0.232331401755637,0.217315802075936,NaN,NaN,NaN,NaN,NaN,NaN,NaN,NaN,NaN,NaN,NaN,NaN,NaN,NaN,NaN,NaN,NaN,NaN,NaN,NaN,NaN,NaN,NaN,NaN,NaN,NaN,NaN
NaN,NaN,NaN,NaN,NaN,NaN,NaN,NaN,NaN,NaN,NaN,NaN,NaN,NaN,NaN,NaN,NaN,NaN,NaN,NaN,NaN,NaN,NaN,NaN,NaN,NaN,NaN,NaN,NaN,NaN,NaN,NaN,NaN,NaN,NaN,NaN,NaN,NaN,NaN,NaN,NaN,NaN,NaN,NaN,NaN,NaN,NaN,NaN,NaN,NaN,NaN,NaN,NaN,NaN,NaN,NaN,NaN,NaN,NaN,NaN,NaN,NaN,NaN,NaN,NaN,NaN,NaN,NaN,NaN,NaN,NaN,NaN,NaN,NaN,NaN,NaN,NaN,NaN,NaN,NaN,NaN,NaN,NaN,NaN,NaN,NaN,NaN,NaN,NaN,NaN,NaN,NaN,NaN,NaN,NaN,NaN,NaN,NaN,NaN,NaN,NaN,NaN,NaN,NaN,NaN,NaN,NaN,NaN,NaN,NaN,NaN,NaN,NaN,NaN,NaN,NaN,NaN,NaN,NaN,NaN,NaN,NaN,NaN,NaN,NaN,NaN,NaN,NaN,NaN,NaN,NaN,NaN,NaN,NaN,NaN,NaN,NaN,NaN,NaN,NaN,NaN,NaN,NaN,NaN,NaN,NaN,NaN,0.207351711043646,0.207304906595495,0.207123051571741,0.206621857806736,0.218088681585383,0.21799723609146,0.217786775506034,0.228169916428348,0.228071409505116,0.228038108881934,NaN,NaN,NaN,NaN,NaN,NaN,NaN,NaN,NaN,0.218977435276534,0.258977790732141,0.260713601445567,0.23809483119042,0.193118277541958,0.172602605572749,NaN,NaN,NaN,0.187532192229402,0.230040376798237,0.242372674463322,0.243720958679883,0.24283238245065,NaN,NaN,NaN,NaN,NaN,NaN,NaN,NaN,NaN,NaN,NaN,NaN,NaN,0.262274950230901,0.262202931622233,0.261969033816145,0.261715521184816,0.2616812969828,0.261884661764165,0.262149424705657,0.262357803787227,0.262473120530012,0.262524499744442,0.262519457951048,0.262442414596506,0.262362158926956,0.262335114225683,0.262331527249005,0.262328620718572,0.262313782395134,0.262285472516316,0.247216814237294,NaN,0.21702834647095,NaN,NaN,0.189520382829034,0.18172838932941,NaN,NaN,NaN,NaN,NaN,NaN,NaN,NaN,NaN,NaN,NaN,NaN,NaN,NaN,NaN,NaN,NaN,NaN,NaN,NaN,NaN,NaN,NaN,NaN,NaN,NaN,NaN
NaN,NaN,NaN,NaN,NaN,NaN,NaN,NaN,NaN,NaN,NaN,NaN,NaN,NaN,NaN,NaN,NaN,NaN,NaN,NaN,NaN,NaN,NaN,NaN,NaN,NaN,NaN,NaN,NaN,NaN,NaN,NaN,NaN,NaN,NaN,NaN,NaN,NaN,NaN,NaN,NaN,NaN,NaN,NaN,NaN,NaN,NaN,NaN,NaN,NaN,NaN,NaN,NaN,NaN,NaN,NaN,NaN,NaN,NaN,NaN,NaN,NaN,NaN,NaN,NaN,NaN,NaN,NaN,NaN,NaN,NaN,NaN,NaN,NaN,NaN,NaN,NaN,NaN,NaN,NaN,NaN,NaN,NaN,NaN,NaN,NaN,NaN,NaN,NaN,NaN,NaN,NaN,NaN,NaN,NaN,NaN,NaN,NaN,NaN,NaN,NaN,NaN,NaN,NaN,NaN,NaN,NaN,NaN,NaN,NaN,NaN,NaN,NaN,NaN,NaN,NaN,NaN,NaN,NaN,NaN,NaN,NaN,NaN,NaN,NaN,NaN,NaN,NaN,NaN,NaN,NaN,NaN,NaN,NaN,NaN,NaN,NaN,NaN,NaN,NaN,NaN,NaN,NaN,NaN,NaN,NaN,0.20751684321372,0.207395303786305,0.207296488581721,0.20724373921932,NaN,0.194993403042204,0.217900433221632,0.22832977581537,0.22826293213259,0.228227458779104,NaN,NaN,NaN,NaN,NaN,NaN,NaN,NaN,NaN,NaN,NaN,0.260574537210142,0.260268488971944,0.260275906597526,0.238049879319542,NaN,NaN,NaN,NaN,0.204329678148278,0.197280501908167,0.243664453326066,0.249281384414683,0.254730761501439,0.251586015459535,0.207247774477863,NaN,NaN,NaN,NaN,NaN,NaN,NaN,NaN,NaN,NaN,NaN,0.262213049399911,0.26205924599755,0.261891832680667,0.261715956500348,0.261721852997455,0.261967061187624,0.262280313635402,0.262467313935251,0.262571414090186,0.262605299136007,0.262597885841919,0.262543395607132,0.262509887193713,0.262474773491011,0.262433859049123,0.262399518730217,0.262378113527821,0.262262421229069,0.242061798003,0.195771286007499,0.181604122715848,NaN,NaN,NaN,NaN,NaN,NaN,NaN,NaN,NaN,NaN,NaN,NaN,NaN,NaN,NaN,NaN,NaN,NaN,NaN,NaN,NaN,NaN,NaN,NaN,NaN,NaN,NaN,NaN,NaN,NaN,NaN
NaN,NaN,NaN,NaN,NaN,NaN,NaN,NaN,NaN,NaN,NaN,NaN,NaN,NaN,NaN,NaN,NaN,NaN,NaN,NaN,NaN,NaN,NaN,NaN,NaN,NaN,NaN,NaN,NaN,NaN,NaN,NaN,NaN,NaN,NaN,NaN,NaN,NaN,NaN,NaN,NaN,NaN,NaN,NaN,NaN,NaN,NaN,NaN,NaN,NaN,NaN,NaN,NaN,NaN,NaN,NaN,NaN,NaN,NaN,NaN,NaN,NaN,NaN,NaN,NaN,NaN,NaN,NaN,NaN,NaN,NaN,NaN,NaN,NaN,NaN,NaN,NaN,NaN,NaN,NaN,NaN,NaN,NaN,NaN,NaN,NaN,NaN,NaN,NaN,NaN,NaN,NaN,NaN,NaN,NaN,NaN,NaN,NaN,NaN,NaN,NaN,NaN,NaN,NaN,NaN,NaN,NaN,NaN,NaN,NaN,NaN,NaN,NaN,NaN,NaN,NaN,NaN,NaN,NaN,NaN,NaN,NaN,NaN,NaN,NaN,NaN,NaN,NaN,NaN,NaN,NaN,NaN,NaN,NaN,NaN,NaN,NaN,NaN,NaN,NaN,NaN,NaN,0.157735177181279,0.173446002026545,NaN,0.207581332911329,0.207598742198545,0.207498132140481,NaN,NaN,NaN,NaN,NaN,NaN,NaN,NaN,NaN,NaN,NaN,NaN,NaN,NaN,NaN,NaN,NaN,NaN,NaN,NaN,0.259680654529334,0.259835617968838,NaN,NaN,NaN,NaN,0.204301189507457,0.241418465506774,0.210702994917641,NaN,0.249267389082601,0.257753714380287,0.25780483723966,0.25162360257687,NaN,NaN,NaN,NaN,0.261935473082267,0.261874367379677,0.261831038644279,NaN,0.261960061953171,0.261869077049341,0.261914319339616,0.261962313693115,0.261851103960038,0.261760856819454,0.261696766340477,0.261791831608131,0.262098112363019,0.262424803878097,0.262592735959945,0.262644852889695,0.26267188676874,0.262675842164426,0.262673329638765,0.262627079593928,0.262565385926036,0.262496653688058,0.262439514708177,0.262415123303994,0.261839545247434,0.232821206722012,NaN,NaN,NaN,NaN,NaN,NaN,NaN,NaN,NaN,NaN,NaN,NaN,NaN,NaN,NaN,NaN,NaN,NaN,NaN,NaN,NaN,NaN,NaN,NaN,NaN,NaN,NaN,NaN,NaN,NaN,NaN,NaN,NaN
NaN,NaN,NaN,NaN,NaN,NaN,NaN,NaN,NaN,NaN,NaN,NaN,NaN,NaN,NaN,NaN,NaN,NaN,NaN,NaN,NaN,NaN,NaN,NaN,NaN,NaN,NaN,NaN,NaN,NaN,NaN,NaN,NaN,NaN,NaN,NaN,NaN,NaN,NaN,NaN,NaN,NaN,NaN,NaN,NaN,NaN,NaN,NaN,NaN,NaN,NaN,NaN,NaN,NaN,NaN,NaN,NaN,NaN,NaN,NaN,NaN,NaN,NaN,NaN,NaN,NaN,NaN,NaN,NaN,NaN,NaN,NaN,NaN,NaN,NaN,NaN,NaN,NaN,NaN,NaN,NaN,NaN,NaN,NaN,NaN,NaN,NaN,NaN,NaN,NaN,NaN,NaN,NaN,NaN,NaN,NaN,NaN,NaN,NaN,NaN,NaN,NaN,NaN,NaN,NaN,NaN,NaN,NaN,NaN,NaN,NaN,NaN,NaN,NaN,NaN,NaN,NaN,NaN,NaN,NaN,NaN,NaN,NaN,NaN,NaN,NaN,NaN,NaN,NaN,NaN,NaN,NaN,NaN,NaN,NaN,NaN,NaN,NaN,NaN,NaN,0.147678765924161,0.157801571965272,0.173454548766499,0.198288721186545,0.200042316649489,0.199330018576647,0.207749489106447,NaN,NaN,NaN,NaN,NaN,NaN,NaN,NaN,NaN,NaN,NaN,NaN,NaN,NaN,NaN,NaN,NaN,NaN,NaN,NaN,0.24714629545783,0.259517745224656,0.256859144586714,NaN,NaN,NaN,0.239372216098536,0.215151250858345,0.241121480733768,NaN,NaN,0.25112930076761,0.257777439924235,0.257790526928976,NaN,NaN,NaN,NaN,NaN,0.261952306673975,0.261902023976415,0.261827979727481,0.261760104660951,0.261858901887359,0.261860026239889,0.261829144757982,0.261835734788394,0.261765901094255,0.261651624323316,0.2617231067744,0.261923377249347,0.262235081688865,0.262571240976695,0.262747367788825,0.262751243086163,0.262710294789064,0.262752975885887,0.262769261539929,0.262702730270737,0.262611372621234,0.262526715192064,0.262480950233881,NaN,NaN,NaN,NaN,NaN,NaN,NaN,NaN,NaN,NaN,NaN,NaN,NaN,NaN,NaN,NaN,NaN,NaN,NaN,NaN,NaN,NaN,NaN,NaN,NaN,NaN,NaN,NaN,NaN,NaN,NaN,NaN,NaN,NaN,NaN,NaN
NaN,NaN,NaN,NaN,NaN,NaN,NaN,NaN,NaN,NaN,NaN,NaN,NaN,NaN,NaN,NaN,NaN,NaN,NaN,NaN,NaN,NaN,NaN,NaN,NaN,NaN,NaN,NaN,NaN,NaN,NaN,NaN,NaN,NaN,NaN,NaN,NaN,NaN,NaN,NaN,NaN,NaN,NaN,NaN,NaN,NaN,NaN,NaN,NaN,NaN,NaN,NaN,NaN,NaN,NaN,NaN,NaN,NaN,NaN,NaN,NaN,NaN,NaN,NaN,NaN,NaN,NaN,NaN,NaN,NaN,NaN,NaN,NaN,NaN,NaN,NaN,NaN,NaN,NaN,NaN,NaN,NaN,NaN,NaN,NaN,NaN,NaN,NaN,NaN,NaN,NaN,NaN,NaN,NaN,NaN,NaN,NaN,NaN,NaN,NaN,NaN,NaN,NaN,NaN,NaN,NaN,NaN,NaN,NaN,NaN,NaN,NaN,NaN,NaN,NaN,NaN,NaN,NaN,NaN,NaN,NaN,NaN,NaN,NaN,NaN,NaN,NaN,NaN,NaN,NaN,NaN,NaN,NaN,NaN,NaN,NaN,NaN,0.130432725073522,0.132618442055913,0.135869892028801,0.140660474676427,0.147661265213176,0.157748088230644,0.173418406816577,0.193898347183045,NaN,NaN,NaN,NaN,NaN,NaN,NaN,NaN,NaN,NaN,NaN,NaN,NaN,NaN,NaN,NaN,NaN,NaN,NaN,NaN,NaN,NaN,0.241894674013302,0.251447955033408,0.257247625982031,0.243598173512611,0.236106822512472,0.243528842908468,0.247021835538237,0.252105564048782,0.254626035949146,NaN,0.251474466481884,0.256900030847906,0.257729364655695,0.257774500540399,NaN,NaN,NaN,NaN,NaN,0.261988178353261,0.261913960374053,0.261839089498001,0.261798282073203,0.261839615684818,0.261798934749871,0.261788393875608,0.261813805730797,0.261786003416494,0.261770460336958,0.261880179430854,0.262042154304353,0.262294624106331,0.262658468969101,0.262882477224845,0.262898875094052,0.262844948346013,0.262832942644224,0.262820784573523,0.262758679418998,0.262659721580645,0.262557671710359,0.262500227535906,NaN,NaN,NaN,NaN,NaN,NaN,NaN,NaN,NaN,NaN,NaN,NaN,NaN,NaN,NaN,NaN,NaN,NaN,NaN,NaN,NaN,NaN,NaN,NaN,NaN,NaN,NaN,NaN,NaN,NaN,NaN,NaN,NaN,NaN,NaN,NaN
NaN,NaN,NaN,NaN,NaN,NaN,NaN,NaN,NaN,NaN,NaN,NaN,NaN,NaN,NaN,NaN,NaN,NaN,NaN,NaN,NaN,NaN,NaN,NaN,NaN,NaN,NaN,NaN,NaN,NaN,NaN,NaN,NaN,NaN,NaN,NaN,NaN,NaN,NaN,NaN,NaN,NaN,NaN,NaN,NaN,NaN,NaN,NaN,NaN,NaN,NaN,NaN,NaN,NaN,NaN,NaN,NaN,NaN,NaN,NaN,NaN,NaN,NaN,NaN,NaN,NaN,NaN,NaN,NaN,NaN,NaN,NaN,NaN,NaN,NaN,NaN,NaN,NaN,NaN,NaN,NaN,NaN,NaN,NaN,NaN,NaN,NaN,NaN,NaN,NaN,NaN,NaN,NaN,NaN,NaN,NaN,NaN,NaN,NaN,NaN,NaN,NaN,NaN,NaN,NaN,NaN,NaN,NaN,NaN,NaN,NaN,NaN,NaN,NaN,NaN,NaN,NaN,NaN,NaN,NaN,NaN,NaN,NaN,NaN,NaN,NaN,NaN,NaN,NaN,NaN,NaN,NaN,NaN,NaN,NaN,NaN,NaN,0.128990478304321,0.130420226616606,0.132584522079963,0.135825103293126,0.140637756138076,0.147594885661531,0.157707310482304,0.170780385311085,NaN,NaN,NaN,NaN,NaN,NaN,NaN,NaN,NaN,NaN,NaN,NaN,NaN,NaN,NaN,NaN,NaN,NaN,NaN,NaN,NaN,0.195752033729766,0.241734772793098,0.257011534400351,0.257073522285079,0.256914205389905,0.25673858429135,0.250348818198997,0.252102468115462,0.256119460926431,0.256822035386496,0.256842737992964,0.257164358154517,0.257531175320434,0.25773443951971,0.25789166246402,NaN,NaN,NaN,NaN,NaN,0.26188588576403,0.261844649174205,0.261834237382913,0.261835397049342,0.261817596468969,0.261830894122821,0.261847045000254,0.261914804234978,0.261938995276109,0.261992044057465,0.262093589780786,0.262155414011538,0.26223286018704,0.262663369503197,0.262966684160857,0.263023108787938,0.262990951305665,0.262951270510164,0.262878617313538,0.262803038701823,0.262736742712493,NaN,NaN,NaN,NaN,NaN,NaN,NaN,NaN,NaN,NaN,NaN,NaN,NaN,NaN,NaN,NaN,NaN,NaN,NaN,NaN,NaN,NaN,NaN,NaN,NaN,NaN,NaN,NaN,NaN,NaN,NaN,NaN,NaN,NaN,NaN,NaN,NaN,NaN
NaN,NaN,NaN,NaN,NaN,NaN,NaN,NaN,NaN,NaN,NaN,NaN,NaN,NaN,NaN,NaN,NaN,NaN,NaN,NaN,NaN,NaN,NaN,NaN,NaN,NaN,NaN,NaN,NaN,NaN,NaN,NaN,NaN,NaN,NaN,NaN,NaN,NaN,NaN,NaN,NaN,NaN,NaN,NaN,NaN,NaN,NaN,NaN,NaN,NaN,NaN,NaN,NaN,NaN,NaN,NaN,NaN,NaN,NaN,NaN,NaN,NaN,NaN,NaN,NaN,NaN,NaN,NaN,NaN,NaN,NaN,NaN,NaN,NaN,NaN,NaN,NaN,NaN,NaN,NaN,NaN,NaN,NaN,NaN,NaN,NaN,NaN,NaN,NaN,NaN,NaN,NaN,NaN,NaN,NaN,NaN,NaN,NaN,NaN,NaN,NaN,NaN,NaN,NaN,NaN,NaN,NaN,NaN,NaN,NaN,NaN,NaN,NaN,NaN,NaN,NaN,NaN,NaN,NaN,NaN,NaN,NaN,NaN,NaN,NaN,NaN,NaN,NaN,NaN,NaN,NaN,NaN,NaN,NaN,NaN,NaN,NaN,0.128032819561898,0.128984729888257,0.130425034206365,0.132579073863325,0.135841773367083,NaN,NaN,NaN,NaN,NaN,NaN,NaN,NaN,NaN,NaN,NaN,NaN,NaN,NaN,NaN,NaN,NaN,NaN,NaN,NaN,NaN,NaN,0.188164129318224,0.230779391865458,0.241773614013399,0.241716347482609,0.243650952155466,0.256923409907645,0.256878635341231,0.256876219470089,0.256858536823933,0.256829588562626,0.256807078770497,0.256786862653655,0.256788103461829,0.256858146955276,0.257413836348711,0.257953106311135,0.258613678670577,NaN,NaN,NaN,NaN,0.261775664159462,0.261725836756303,0.261716332815753,0.26178907924501,0.261900965871197,0.26203116252969,0.261952375465185,0.262074121467553,0.262165464440196,0.262185728811268,0.262267387605406,0.262269436201146,0.262205220837785,0.262018158361037,NaN,NaN,NaN,0.262994415266076,0.263005135252968,NaN,NaN,NaN,NaN,NaN,NaN,NaN,NaN,NaN,NaN,NaN,NaN,NaN,NaN,NaN,NaN,NaN,NaN,NaN,NaN,NaN,NaN,NaN,NaN,NaN,NaN,NaN,NaN,NaN,NaN,NaN,NaN,NaN,NaN,NaN,NaN,NaN,NaN,NaN,NaN,NaN
NaN,NaN,NaN,NaN,NaN,NaN,NaN,NaN,NaN,NaN,NaN,NaN,NaN,NaN,NaN,NaN,NaN,NaN,NaN,NaN,NaN,NaN,NaN,NaN,NaN,NaN,NaN,NaN,NaN,NaN,NaN,NaN,NaN,NaN,NaN,NaN,NaN,NaN,NaN,NaN,NaN,NaN,NaN,NaN,NaN,NaN,NaN,NaN,NaN,NaN,NaN,NaN,NaN,NaN,NaN,NaN,NaN,NaN,NaN,NaN,NaN,NaN,NaN,NaN,NaN,NaN,NaN,NaN,NaN,NaN,NaN,NaN,NaN,NaN,NaN,NaN,NaN,NaN,NaN,NaN,NaN,NaN,NaN,NaN,NaN,NaN,NaN,NaN,NaN,NaN,NaN,NaN,NaN,NaN,NaN,NaN,NaN,NaN,NaN,NaN,NaN,NaN,NaN,NaN,NaN,NaN,NaN,NaN,NaN,NaN,NaN,NaN,NaN,NaN,NaN,NaN,NaN,NaN,NaN,NaN,NaN,NaN,NaN,NaN,NaN,NaN,NaN,NaN,NaN,NaN,NaN,NaN,NaN,NaN,NaN,NaN,NaN,0.127400082303079,0.128031119962417,0.128984281783593,0.13043031569503,0.132619738039084,NaN,NaN,NaN,NaN,NaN,NaN,NaN,NaN,NaN,NaN,NaN,NaN,NaN,NaN,NaN,NaN,NaN,NaN,NaN,NaN,NaN,NaN,0.165201337226478,0.188150364584658,0.219071523998674,0.24169140630821,0.241962606496867,0.256187551058523,0.25684398726006,0.256852951210809,0.256850914373832,0.256831520517298,0.256800219709718,0.256773165402869,0.256688745027876,0.256703034188333,0.257201613439403,0.258138175499198,0.259246769223358,0.259906282969399,NaN,NaN,0.2618630108564,0.261691240585101,0.26156636303748,0.261481546817334,0.261815592586329,0.262040137489127,0.262190986717036,0.262284256461409,0.262601336697454,0.262501123483842,0.262356772622865,0.262419336245706,0.262384928849731,0.26223670760021,0.262073852253217,NaN,NaN,NaN,NaN,NaN,NaN,NaN,NaN,NaN,NaN,NaN,NaN,NaN,NaN,NaN,NaN,NaN,NaN,NaN,NaN,NaN,NaN,NaN,NaN,NaN,NaN,NaN,NaN,NaN,NaN,NaN,NaN,NaN,NaN,NaN,NaN,NaN,NaN,NaN,NaN,NaN,NaN,NaN,NaN,NaN,NaN
NaN,NaN,NaN,NaN,NaN,NaN,NaN,NaN,NaN,NaN,NaN,NaN,NaN,NaN,NaN,NaN,NaN,NaN,NaN,NaN,NaN,NaN,NaN,NaN,NaN,NaN,NaN,NaN,NaN,NaN,NaN,NaN,NaN,NaN,NaN,NaN,NaN,NaN,NaN,NaN,NaN,NaN,NaN,NaN,NaN,NaN,NaN,NaN,NaN,NaN,NaN,NaN,NaN,NaN,NaN,NaN,NaN,NaN,NaN,NaN,NaN,NaN,NaN,NaN,NaN,NaN,NaN,NaN,NaN,NaN,NaN,NaN,NaN,NaN,NaN,NaN,NaN,NaN,NaN,NaN,NaN,NaN,NaN,NaN,NaN,NaN,NaN,NaN,NaN,NaN,NaN,NaN,NaN,NaN,NaN,NaN,NaN,NaN,NaN,NaN,NaN,NaN,NaN,NaN,NaN,NaN,NaN,NaN,NaN,NaN,NaN,NaN,NaN,NaN,NaN,NaN,NaN,NaN,NaN,NaN,NaN,NaN,NaN,NaN,NaN,NaN,NaN,NaN,NaN,NaN,NaN,NaN,NaN,NaN,NaN,NaN,NaN,0.127002478780763,0.127409845865613,NaN,0.128997256541138,0.13044695709178,NaN,NaN,NaN,NaN,NaN,NaN,NaN,NaN,NaN,NaN,NaN,NaN,NaN,NaN,NaN,NaN,NaN,NaN,NaN,NaN,NaN,0.147660919438508,0.160704717162461,0.180804823127925,0.216952708530509,0.242376163676424,0.245775485003792,0.253695586652303,0.256826163226182,0.256830315626787,0.256842250932776,0.256823688636085,0.256793442901424,0.256656856859588,0.256456485291435,0.256515608102578,0.25702619703101,0.258345082990931,0.259684252541361,0.260243497183224,0.260684445021844,0.260616991854848,0.261320842029836,0.261433742261039,0.261478520627026,0.261401243099128,0.261489497891234,0.262049497271221,0.262476144445118,0.262762503739267,0.263022750231237,0.262811981564497,0.262509575837762,0.262455830539906,0.262446919907544,0.262353740980414,0.262228790234009,NaN,NaN,NaN,NaN,NaN,NaN,NaN,NaN,NaN,0.126514469044339,0.125897038716042,0.125479547424303,NaN,NaN,NaN,NaN,NaN,NaN,NaN,NaN,NaN,NaN,NaN,NaN,NaN,NaN,NaN,NaN,NaN,NaN,NaN,NaN,NaN,NaN,NaN,NaN,NaN,NaN,NaN,NaN,NaN,NaN,NaN,NaN,NaN,NaN
NaN,NaN,NaN,NaN,NaN,NaN,NaN,NaN,NaN,NaN,NaN,NaN,NaN,NaN,NaN,NaN,NaN,NaN,NaN,NaN,NaN,NaN,NaN,NaN,NaN,NaN,NaN,NaN,NaN,NaN,NaN,NaN,NaN,NaN,NaN,NaN,NaN,NaN,NaN,NaN,NaN,NaN,NaN,NaN,NaN,NaN,NaN,NaN,NaN,NaN,NaN,NaN,NaN,NaN,NaN,NaN,NaN,NaN,NaN,NaN,NaN,NaN,NaN,NaN,NaN,NaN,NaN,NaN,NaN,NaN,NaN,NaN,NaN,NaN,NaN,NaN,NaN,NaN,NaN,NaN,NaN,NaN,NaN,NaN,NaN,NaN,NaN,NaN,NaN,NaN,NaN,NaN,NaN,NaN,NaN,NaN,NaN,NaN,NaN,NaN,NaN,NaN,NaN,NaN,NaN,NaN,NaN,NaN,NaN,NaN,NaN,NaN,NaN,NaN,NaN,NaN,NaN,NaN,NaN,NaN,NaN,NaN,NaN,NaN,NaN,NaN,NaN,NaN,NaN,NaN,NaN,NaN,NaN,NaN,NaN,NaN,NaN,NaN,NaN,NaN,NaN,NaN,NaN,NaN,NaN,NaN,NaN,NaN,NaN,NaN,NaN,NaN,NaN,NaN,NaN,NaN,NaN,NaN,NaN,NaN,NaN,NaN,NaN,0.160615886203593,0.180637157548763,0.216528084832187,0.246806444033894,0.246387881628981,0.256332492084816,0.256867482197175,0.256828422904852,0.25682889586417,0.256837494912149,0.256800134350085,0.25677891910605,0.256571620942545,0.256351453771196,0.256400458006136,0.256878519456539,0.258190681998132,0.259656957840134,0.2603245414927,0.260561346253393,0.260761006396985,0.26114008846643,0.261378245943329,0.26156865051997,0.261535393571423,0.261237955836097,NaN,0.263212658667614,0.263078169491397,0.263169321977838,0.263004492070359,0.262732262395113,0.262611751420387,0.262573826982097,0.262441958091304,0.262275474767324,NaN,NaN,NaN,NaN,NaN,NaN,NaN,NaN,0.128725737167795,0.127421587394324,0.126523426871063,0.125910328792913,NaN,NaN,NaN,NaN,NaN,NaN,NaN,NaN,NaN,NaN,NaN,NaN,NaN,NaN,NaN,NaN,NaN,NaN,NaN,NaN,NaN,NaN,NaN,NaN,NaN,NaN,NaN,NaN,NaN,NaN,NaN,NaN,NaN,NaN
NaN,NaN,NaN,NaN,NaN,NaN,NaN,NaN,NaN,NaN,NaN,NaN,NaN,NaN,NaN,NaN,NaN,NaN,NaN,NaN,NaN,NaN,NaN,NaN,NaN,NaN,NaN,NaN,NaN,NaN,NaN,NaN,NaN,NaN,NaN,NaN,NaN,NaN,NaN,NaN,NaN,NaN,NaN,NaN,NaN,NaN,NaN,NaN,NaN,NaN,NaN,NaN,NaN,NaN,NaN,NaN,NaN,NaN,NaN,NaN,NaN,NaN,NaN,NaN,NaN,NaN,NaN,NaN,NaN,NaN,NaN,NaN,NaN,NaN,NaN,NaN,NaN,NaN,NaN,NaN,NaN,NaN,NaN,NaN,NaN,NaN,NaN,NaN,NaN,NaN,NaN,NaN,NaN,NaN,NaN,NaN,NaN,NaN,NaN,NaN,NaN,NaN,NaN,NaN,NaN,NaN,NaN,NaN,NaN,NaN,NaN,NaN,NaN,NaN,NaN,NaN,NaN,NaN,NaN,NaN,NaN,NaN,NaN,NaN,NaN,NaN,NaN,NaN,NaN,NaN,NaN,NaN,NaN,NaN,NaN,NaN,NaN,NaN,NaN,NaN,NaN,NaN,NaN,NaN,NaN,NaN,NaN,NaN,NaN,NaN,NaN,NaN,NaN,NaN,NaN,NaN,NaN,NaN,NaN,0.13224294289777,0.137314222561093,0.14464019402703,0.155882870302975,0.172956285999732,0.180842834712754,0.180657831519913,0.213122027541874,0.253510951472949,0.256925506213766,0.25689708630037,0.256844343821901,0.256815817107143,0.256839795261844,0.256807515685402,0.256784964775445,0.25661048856039,0.256342385397183,0.256326838371243,0.256782227795235,0.258100851507676,0.259533409192852,0.260239056498351,0.260597430259145,0.260702075246704,0.261029113867767,0.261421028387984,0.261816810710206,0.261791309443913,0.261447413278465,0.261193435487548,0.262417913897787,0.262868993493365,0.263076475856249,0.262984188224741,0.262826969898926,0.2627734159248,0.262725870357113,0.262682082464599,NaN,NaN,NaN,NaN,NaN,0.154035484329181,0.144090676885005,0.137770482863711,0.133477867795786,0.130698878460669,0.128797167796754,0.127468033711676,0.126543101289203,NaN,NaN,NaN,NaN,NaN,NaN,NaN,NaN,NaN,NaN,NaN,NaN,NaN,NaN,NaN,NaN,NaN,NaN,NaN,NaN,NaN,NaN,NaN,NaN,NaN,NaN,NaN,NaN,NaN,NaN,NaN,NaN,NaN,NaN
NaN,NaN,NaN,NaN,NaN,NaN,NaN,NaN,NaN,NaN,NaN,NaN,NaN,NaN,NaN,NaN,NaN,NaN,NaN,NaN,NaN,NaN,NaN,NaN,NaN,NaN,NaN,NaN,NaN,NaN,NaN,NaN,NaN,NaN,NaN,NaN,NaN,NaN,NaN,NaN,NaN,NaN,NaN,NaN,NaN,NaN,NaN,NaN,NaN,NaN,NaN,NaN,NaN,NaN,NaN,NaN,NaN,NaN,NaN,NaN,NaN,NaN,NaN,NaN,NaN,NaN,NaN,NaN,NaN,NaN,NaN,NaN,NaN,NaN,NaN,NaN,NaN,NaN,NaN,NaN,NaN,NaN,NaN,NaN,NaN,NaN,NaN,NaN,NaN,NaN,NaN,NaN,NaN,NaN,NaN,NaN,NaN,NaN,NaN,NaN,NaN,NaN,NaN,NaN,NaN,NaN,NaN,NaN,NaN,NaN,NaN,NaN,NaN,NaN,NaN,NaN,NaN,NaN,NaN,NaN,NaN,NaN,NaN,NaN,NaN,NaN,NaN,NaN,NaN,NaN,NaN,NaN,NaN,NaN,NaN,NaN,NaN,NaN,NaN,NaN,NaN,NaN,NaN,NaN,NaN,NaN,NaN,NaN,NaN,NaN,NaN,NaN,NaN,NaN,NaN,NaN,NaN,NaN,NaN,0.131670720119116,0.136448931062791,0.143391194038631,NaN,NaN,NaN,0.195431278038767,0.195158601023257,0.24054481392371,0.256823386953218,0.256907165508917,0.256819926936279,0.256817525886717,0.256875267082678,0.256942400141662,0.256912209046686,0.256735802551524,0.256673075211343,0.256590890549941,0.256766848593432,0.258396649466371,0.259472948970587,0.259606629008889,0.260573104158916,0.260656596771731,0.260929561957652,0.260917950146283,0.26161642893889,0.26176232801979,0.261912110990705,0.262210131253939,0.262659589600153,0.262934094971184,0.263043816914877,0.262896478872372,0.262832587509201,0.26286165005076,0.262835065867947,0.26284044103258,0.262924610349585,NaN,NaN,NaN,0.192939382865771,0.169066000097004,0.153947119438333,NaN,NaN,NaN,NaN,NaN,NaN,NaN,NaN,NaN,NaN,NaN,NaN,NaN,NaN,NaN,NaN,NaN,NaN,NaN,NaN,NaN,NaN,NaN,NaN,NaN,NaN,NaN,NaN,NaN,NaN,NaN,NaN,NaN,NaN,NaN,NaN,NaN,NaN,NaN,NaN
NaN,NaN,NaN,NaN,NaN,NaN,NaN,NaN,NaN,NaN,NaN,NaN,NaN,NaN,NaN,NaN,NaN,NaN,NaN,NaN,NaN,NaN,NaN,NaN,NaN,NaN,NaN,NaN,NaN,NaN,NaN,NaN,NaN,NaN,NaN,NaN,NaN,NaN,NaN,NaN,NaN,NaN,NaN,NaN,NaN,NaN,NaN,NaN,NaN,NaN,NaN,NaN,NaN,NaN,NaN,NaN,NaN,NaN,NaN,NaN,NaN,NaN,NaN,NaN,NaN,NaN,NaN,NaN,NaN,NaN,NaN,NaN,NaN,NaN,NaN,NaN,NaN,NaN,NaN,NaN,NaN,NaN,NaN,NaN,NaN,NaN,NaN,NaN,NaN,NaN,NaN,NaN,NaN,NaN,NaN,NaN,NaN,NaN,NaN,NaN,NaN,NaN,NaN,NaN,NaN,NaN,NaN,NaN,NaN,NaN,NaN,NaN,NaN,NaN,NaN,NaN,NaN,NaN,NaN,NaN,NaN,NaN,NaN,NaN,NaN,NaN,NaN,NaN,NaN,NaN,NaN,NaN,NaN,NaN,NaN,NaN,NaN,NaN,NaN,NaN,NaN,NaN,NaN,NaN,NaN,NaN,NaN,NaN,NaN,NaN,NaN,NaN,NaN,NaN,NaN,NaN,NaN,NaN,NaN,NaN,0.143454628316384,0.154209688964495,0.170356539158456,0.195882423716548,0.195824204855882,0.195639420027105,0.195528016394393,NaN,NaN,0.255813607105372,0.255751564099147,NaN,NaN,0.257209144346455,0.257110477088523,0.257141642316808,0.257137253557439,0.256982042581556,0.257629085283568,0.259500945080403,0.259586307392317,0.258464465540801,NaN,NaN,NaN,NaN,0.262149709554598,0.262466603804124,0.262685365674943,0.262820918683229,0.262924103290983,0.263057030969194,0.263183378900921,0.262923966483128,0.262871307909025,0.262876460443501,0.262898016219544,0.262917521780367,0.262959365554805,0.263019256306863,NaN,NaN,0.237142321668992,0.192901060132705,NaN,NaN,NaN,NaN,NaN,NaN,NaN,NaN,NaN,NaN,NaN,NaN,NaN,NaN,NaN,NaN,NaN,NaN,NaN,NaN,NaN,NaN,NaN,NaN,NaN,NaN,NaN,NaN,NaN,NaN,NaN,NaN,NaN,NaN,NaN,NaN,NaN,NaN,NaN,NaN,NaN
NaN,NaN,NaN,NaN,NaN,NaN,NaN,NaN,NaN,NaN,NaN,NaN,NaN,NaN,NaN,NaN,NaN,NaN,NaN,NaN,NaN,NaN,NaN,NaN,NaN,NaN,NaN,NaN,NaN,NaN,NaN,NaN,NaN,NaN,NaN,NaN,NaN,NaN,NaN,NaN,NaN,NaN,NaN,NaN,NaN,NaN,NaN,NaN,NaN,NaN,NaN,NaN,NaN,NaN,NaN,NaN,NaN,NaN,NaN,NaN,NaN,NaN,NaN,NaN,NaN,NaN,NaN,NaN,NaN,NaN,NaN,NaN,NaN,NaN,NaN,NaN,NaN,NaN,NaN,NaN,NaN,NaN,NaN,NaN,NaN,NaN,NaN,NaN,NaN,NaN,NaN,NaN,NaN,NaN,NaN,NaN,NaN,NaN,NaN,NaN,NaN,NaN,NaN,NaN,NaN,NaN,NaN,NaN,NaN,NaN,NaN,NaN,NaN,NaN,NaN,NaN,NaN,NaN,NaN,NaN,NaN,NaN,NaN,NaN,NaN,NaN,NaN,NaN,NaN,NaN,NaN,NaN,NaN,NaN,NaN,NaN,NaN,NaN,NaN,NaN,NaN,NaN,NaN,NaN,NaN,NaN,NaN,NaN,NaN,NaN,NaN,NaN,NaN,NaN,NaN,NaN,NaN,NaN,0.13653605425278,0.143509587592008,0.154268451729796,0.170400503782248,0.195927119246632,0.195914511210762,0.195893904251825,0.195856837796938,NaN,NaN,NaN,0.255806723005039,0.257423562118388,0.257454959395067,NaN,0.257337699819736,0.257354681620809,0.25735977752972,0.256624215786112,0.256486496222758,0.257869089329138,0.26035203115264,0.260614530539955,NaN,NaN,NaN,NaN,NaN,NaN,0.26296519385462,0.263027492787574,0.262980154403197,0.262870527516816,NaN,NaN,0.262900283280285,0.262947069411996,0.262866304232374,0.26287332949965,0.262899321912476,0.263006536091706,0.263239428891014,0.263930578614906,0.264314908802674,0.261434548471251,0.221242783177386,NaN,NaN,NaN,NaN,NaN,NaN,NaN,NaN,NaN,NaN,NaN,NaN,NaN,NaN,NaN,NaN,NaN,NaN,NaN,NaN,NaN,NaN,NaN,NaN,NaN,NaN,NaN,NaN,NaN,NaN,NaN,NaN,NaN,NaN,NaN,NaN,NaN,NaN,NaN,NaN,NaN
NaN,NaN,NaN,NaN,NaN,NaN,NaN,NaN,NaN,NaN,NaN,NaN,NaN,NaN,NaN,NaN,NaN,NaN,NaN,NaN,NaN,NaN,NaN,NaN,NaN,NaN,NaN,NaN,NaN,NaN,NaN,NaN,NaN,NaN,NaN,NaN,NaN,NaN,NaN,NaN,NaN,NaN,NaN,NaN,NaN,NaN,NaN,NaN,NaN,NaN,NaN,NaN,NaN,NaN,NaN,NaN,NaN,NaN,NaN,NaN,NaN,NaN,NaN,NaN,NaN,NaN,NaN,NaN,NaN,NaN,NaN,NaN,NaN,NaN,NaN,NaN,NaN,NaN,NaN,NaN,NaN,NaN,NaN,NaN,NaN,NaN,NaN,NaN,NaN,NaN,NaN,NaN,NaN,NaN,NaN,NaN,NaN,NaN,NaN,NaN,NaN,NaN,NaN,NaN,NaN,NaN,NaN,NaN,NaN,NaN,NaN,NaN,NaN,NaN,NaN,NaN,NaN,NaN,NaN,NaN,NaN,NaN,NaN,NaN,NaN,NaN,NaN,NaN,NaN,NaN,NaN,NaN,NaN,NaN,NaN,NaN,NaN,NaN,NaN,NaN,NaN,NaN,NaN,NaN,NaN,NaN,NaN,NaN,NaN,NaN,NaN,NaN,NaN,NaN,NaN,NaN,NaN,NaN,0.140232243532706,0.149112304791743,0.16254795533747,0.183486199579554,0.19595035172319,0.195935478556551,0.195924072602607,0.195927251463763,NaN,NaN,NaN,0.256088014655418,0.257338898884725,0.257313295993202,0.257213022015132,0.25722839799512,0.257638725854832,0.256935964366592,0.255647872765803,0.255882418408196,0.257586765176495,NaN,NaN,NaN,NaN,NaN,NaN,NaN,NaN,NaN,NaN,NaN,NaN,NaN,NaN,0.262932369175801,0.26299376671206,NaN,0.262839830676695,0.262878830737623,0.263007364136731,0.263489055745241,0.264476227740588,0.264634134874642,0.264538717939301,NaN,NaN,NaN,NaN,NaN,NaN,NaN,NaN,NaN,NaN,NaN,NaN,NaN,NaN,NaN,NaN,NaN,NaN,NaN,NaN,NaN,NaN,NaN,NaN,NaN,NaN,NaN,NaN,NaN,NaN,NaN,NaN,NaN,NaN,NaN,NaN,NaN,NaN,NaN,NaN,NaN,NaN
NaN,NaN,NaN,NaN,NaN,NaN,NaN,NaN,NaN,NaN,NaN,NaN,NaN,NaN,NaN,NaN,NaN,NaN,NaN,NaN,NaN,NaN,NaN,NaN,NaN,NaN,NaN,NaN,NaN,NaN,NaN,NaN,NaN,NaN,NaN,NaN,NaN,NaN,NaN,NaN,NaN,NaN,NaN,NaN,NaN,NaN,NaN,NaN,NaN,NaN,NaN,NaN,NaN,NaN,NaN,NaN,NaN,NaN,NaN,NaN,NaN,NaN,NaN,NaN,NaN,NaN,NaN,NaN,NaN,NaN,NaN,NaN,NaN,NaN,NaN,NaN,NaN,NaN,NaN,NaN,NaN,NaN,NaN,NaN,NaN,NaN,NaN,NaN,NaN,NaN,NaN,NaN,NaN,NaN,NaN,NaN,NaN,NaN,NaN,NaN,NaN,NaN,NaN,NaN,NaN,NaN,NaN,NaN,NaN,NaN,NaN,NaN,NaN,NaN,NaN,NaN,NaN,NaN,NaN,NaN,NaN,NaN,NaN,NaN,NaN,NaN,NaN,NaN,NaN,NaN,NaN,NaN,NaN,NaN,NaN,NaN,NaN,NaN,NaN,NaN,NaN,NaN,NaN,NaN,NaN,NaN,NaN,NaN,NaN,NaN,NaN,NaN,NaN,NaN,NaN,NaN,NaN,NaN,NaN,NaN,NaN,NaN,0.183454053801886,0.190283479486623,0.19593377538558,0.195920040988829,NaN,NaN,NaN,0.256682993926648,0.257035869978756,0.257038913822343,0.257014316691311,NaN,NaN,0.25602622840975,0.254842998991408,0.254348838777909,0.255611671963978,NaN,NaN,NaN,NaN,NaN,NaN,NaN,NaN,NaN,NaN,NaN,NaN,NaN,0.262909012003598,0.262934800643943,0.262983274956113,NaN,NaN,NaN,NaN,0.264301670635174,0.264925699334887,0.264826814574756,0.264832191800044,NaN,NaN,NaN,NaN,NaN,NaN,NaN,NaN,NaN,NaN,NaN,NaN,NaN,NaN,NaN,NaN,NaN,NaN,NaN,NaN,NaN,NaN,NaN,NaN,NaN,NaN,NaN,NaN,NaN,NaN,NaN,NaN,NaN,NaN,NaN,NaN,NaN,NaN,NaN,NaN,NaN,NaN
NaN,NaN,NaN,NaN,NaN,NaN,NaN,NaN,NaN,NaN,NaN,NaN,NaN,NaN,NaN,NaN,NaN,NaN,NaN,NaN,NaN,NaN,NaN,NaN,NaN,NaN,NaN,NaN,NaN,NaN,NaN,NaN,NaN,NaN,NaN,NaN,NaN,NaN,NaN,NaN,NaN,NaN,NaN,NaN,NaN,NaN,NaN,NaN,NaN,NaN,NaN,NaN,NaN,NaN,NaN,NaN,NaN,NaN,NaN,NaN,NaN,NaN,NaN,NaN,NaN,NaN,NaN,NaN,NaN,NaN,NaN,NaN,NaN,NaN,NaN,NaN,NaN,NaN,NaN,NaN,NaN,NaN,NaN,NaN,NaN,NaN,NaN,NaN,NaN,NaN,NaN,NaN,NaN,NaN,NaN,NaN,NaN,NaN,NaN,NaN,NaN,NaN,NaN,NaN,NaN,NaN,NaN,NaN,NaN,NaN,NaN,NaN,NaN,NaN,NaN,NaN,NaN,NaN,NaN,NaN,NaN,NaN,NaN,NaN,NaN,NaN,NaN,NaN,NaN,NaN,NaN,NaN,NaN,NaN,NaN,NaN,NaN,NaN,NaN,NaN,NaN,NaN,NaN,NaN,NaN,NaN,NaN,NaN,NaN,NaN,NaN,NaN,NaN,NaN,NaN,NaN,NaN,NaN,NaN,NaN,NaN,NaN,NaN,NaN,NaN,NaN,NaN,0.196631352645771,0.242795544162812,0.252611757529195,0.256832504158265,0.256088331252941,NaN,NaN,NaN,0.254588359569328,0.25386482188605,0.253183695958749,0.253521881334538,NaN,NaN,NaN,NaN,NaN,NaN,NaN,NaN,NaN,NaN,NaN,NaN,0.263026786538634,0.262984698530139,0.263005159220283,0.263066075211684,0.263129649329243,NaN,NaN,NaN,NaN,0.265366421862911,0.265205916234957,0.265317531504756,NaN,NaN,NaN,NaN,NaN,NaN,NaN,NaN,NaN,NaN,NaN,NaN,NaN,NaN,NaN,NaN,NaN,NaN,NaN,NaN,NaN,NaN,NaN,NaN,NaN,NaN,NaN,NaN,NaN,NaN,NaN,NaN,NaN,NaN,NaN,NaN,NaN,NaN,NaN,NaN,NaN,NaN
NaN,NaN,NaN,NaN,NaN,NaN,NaN,NaN,NaN,NaN,NaN,NaN,NaN,NaN,NaN,NaN,NaN,NaN,NaN,NaN,NaN,NaN,NaN,NaN,NaN,NaN,NaN,NaN,NaN,NaN,NaN,NaN,NaN,NaN,NaN,NaN,NaN,NaN,NaN,NaN,NaN,NaN,NaN,NaN,NaN,NaN,NaN,NaN,NaN,NaN,NaN,NaN,NaN,NaN,NaN,NaN,NaN,NaN,NaN,NaN,NaN,NaN,NaN,NaN,NaN,NaN,NaN,NaN,NaN,NaN,NaN,NaN,NaN,NaN,NaN,NaN,NaN,NaN,NaN,NaN,NaN,NaN,NaN,NaN,NaN,NaN,NaN,NaN,NaN,NaN,NaN,NaN,NaN,NaN,NaN,NaN,NaN,NaN,NaN,NaN,NaN,NaN,NaN,NaN,NaN,NaN,NaN,NaN,NaN,NaN,NaN,NaN,NaN,NaN,NaN,NaN,NaN,NaN,NaN,NaN,NaN,NaN,NaN,NaN,NaN,NaN,NaN,NaN,NaN,NaN,NaN,NaN,NaN,NaN,NaN,NaN,NaN,NaN,NaN,NaN,NaN,NaN,NaN,NaN,NaN,NaN,NaN,NaN,NaN,NaN,NaN,NaN,NaN,NaN,NaN,NaN,NaN,NaN,NaN,NaN,NaN,NaN,NaN,NaN,NaN,NaN,NaN,0.24190921030635,0.245516421937285,0.248365248297195,0.253465744258909,0.250649534382292,0.206162365962558,NaN,NaN,0.253230143441685,0.253227894949417,0.252844316261858,0.253506408834878,NaN,NaN,NaN,NaN,NaN,NaN,NaN,NaN,NaN,NaN,NaN,NaN,0.263020865550727,0.263020763490726,0.263060529065541,0.263093558247091,0.263131989012053,NaN,NaN,NaN,NaN,0.265532974131841,0.265548933347507,0.265717357544264,0.266026784150302,0.265717988275243,0.23921588949772,NaN,NaN,NaN,NaN,NaN,NaN,NaN,NaN,NaN,NaN,NaN,NaN,NaN,NaN,NaN,NaN,NaN,NaN,NaN,NaN,NaN,NaN,NaN,NaN,NaN,NaN,NaN,NaN,NaN,NaN,NaN,NaN,NaN,NaN,NaN,NaN,NaN,NaN,NaN
NaN,NaN,NaN,NaN,NaN,NaN,NaN,NaN,NaN,NaN,NaN,NaN,NaN,NaN,NaN,NaN,NaN,NaN,NaN,NaN,NaN,NaN,NaN,NaN,NaN,NaN,NaN,NaN,NaN,NaN,NaN,NaN,NaN,NaN,NaN,NaN,NaN,NaN,NaN,NaN,NaN,NaN,NaN,NaN,NaN,NaN,NaN,NaN,NaN,NaN,NaN,NaN,NaN,NaN,NaN,NaN,NaN,NaN,NaN,NaN,NaN,NaN,NaN,NaN,NaN,NaN,NaN,NaN,NaN,NaN,NaN,NaN,NaN,NaN,NaN,NaN,NaN,NaN,NaN,NaN,NaN,NaN,NaN,NaN,NaN,NaN,NaN,NaN,NaN,NaN,NaN,NaN,NaN,NaN,NaN,NaN,NaN,NaN,NaN,NaN,NaN,NaN,NaN,NaN,NaN,NaN,NaN,NaN,NaN,NaN,NaN,NaN,NaN,NaN,NaN,NaN,NaN,NaN,NaN,NaN,NaN,NaN,NaN,NaN,NaN,NaN,NaN,NaN,NaN,NaN,NaN,NaN,NaN,NaN,NaN,NaN,NaN,NaN,NaN,NaN,NaN,NaN,NaN,NaN,NaN,NaN,NaN,NaN,NaN,NaN,NaN,NaN,NaN,NaN,NaN,NaN,NaN,NaN,NaN,NaN,NaN,NaN,NaN,NaN,NaN,NaN,NaN,0.242883785004504,0.251515858936476,0.251431466715964,0.251527477143034,0.208006566087332,0.175889245874915,NaN,0.251632346375635,0.252514561186265,0.252902601263874,0.252503337081447,0.252446825325683,0.25158005452782,NaN,NaN,NaN,NaN,NaN,NaN,NaN,NaN,NaN,NaN,0.262978431857792,0.26299596168156,0.263027433221819,0.263070243639878,0.263102143442787,NaN,NaN,NaN,NaN,NaN,0.265432350665637,0.265720315812684,0.265815269386082,0.266000656104368,0.266124341684382,0.264226313083914,0.243937672315925,0.237077906150152,0.2488164947164,0.246101416224779,NaN,NaN,NaN,NaN,NaN,NaN,NaN,NaN,NaN,NaN,NaN,NaN,NaN,NaN,NaN,NaN,NaN,NaN,NaN,NaN,NaN,NaN,NaN,NaN,NaN,NaN,NaN,NaN,NaN,NaN,NaN,NaN,NaN,NaN,NaN
NaN,NaN,NaN,NaN,NaN,NaN,NaN,NaN,NaN,NaN,NaN,NaN,NaN,NaN,NaN,NaN,NaN,NaN,NaN,NaN,NaN,NaN,NaN,NaN,NaN,NaN,NaN,NaN,NaN,NaN,NaN,NaN,NaN,NaN,NaN,NaN,NaN,NaN,NaN,NaN,NaN,NaN,NaN,NaN,NaN,NaN,NaN,NaN,NaN,NaN,NaN,NaN,NaN,NaN,NaN,NaN,NaN,NaN,NaN,NaN,NaN,NaN,NaN,NaN,NaN,NaN,NaN,NaN,NaN,NaN,NaN,NaN,NaN,NaN,NaN,NaN,NaN,NaN,NaN,NaN,NaN,NaN,NaN,NaN,NaN,NaN,NaN,NaN,NaN,NaN,NaN,NaN,NaN,NaN,NaN,NaN,NaN,NaN,NaN,NaN,NaN,NaN,NaN,NaN,NaN,NaN,NaN,NaN,NaN,NaN,NaN,NaN,NaN,NaN,NaN,NaN,NaN,NaN,NaN,NaN,NaN,NaN,NaN,NaN,NaN,NaN,NaN,NaN,NaN,NaN,NaN,NaN,NaN,NaN,NaN,NaN,NaN,NaN,NaN,NaN,NaN,NaN,NaN,NaN,NaN,NaN,NaN,NaN,NaN,NaN,NaN,NaN,NaN,NaN,NaN,NaN,NaN,NaN,NaN,NaN,NaN,NaN,NaN,NaN,NaN,NaN,NaN,0.21990836451041,0.251279583476031,0.25106692837397,0.248518038191967,NaN,NaN,0.252563581285319,0.252501833592939,0.252788977121162,0.25289857086887,0.252418900881523,0.251976724472994,0.251626287039625,NaN,NaN,NaN,NaN,NaN,NaN,NaN,NaN,0.262996980941176,0.262981465027386,0.262981863932574,0.263022713183384,0.263075906037914,0.263099767040601,NaN,NaN,NaN,NaN,NaN,NaN,0.255985846255016,0.265862106742837,0.265945931172211,0.266068489347956,0.266190789242326,0.266288521933684,0.266177849402128,0.261793469314335,0.251127158776635,0.246150396436889,0.199301634531139,NaN,NaN,NaN,NaN,NaN,NaN,NaN,NaN,NaN,NaN,NaN,NaN,NaN,NaN,NaN,NaN,NaN,NaN,NaN,NaN,NaN,NaN,NaN,NaN,NaN,NaN,NaN,NaN,NaN,NaN,NaN,NaN,NaN,NaN
NaN,NaN,NaN,NaN,NaN,NaN,NaN,NaN,NaN,NaN,NaN,NaN,NaN,NaN,NaN,NaN,NaN,NaN,NaN,NaN,NaN,NaN,NaN,NaN,NaN,NaN,NaN,NaN,NaN,NaN,NaN,NaN,NaN,NaN,NaN,NaN,NaN,NaN,NaN,NaN,NaN,NaN,NaN,NaN,NaN,NaN,NaN,NaN,NaN,NaN,NaN,NaN,NaN,NaN,NaN,NaN,NaN,NaN,NaN,NaN,NaN,NaN,NaN,NaN,NaN,NaN,NaN,NaN,NaN,NaN,NaN,NaN,NaN,NaN,NaN,NaN,NaN,NaN,NaN,NaN,NaN,NaN,NaN,NaN,NaN,NaN,NaN,NaN,NaN,NaN,NaN,NaN,NaN,NaN,NaN,NaN,NaN,NaN,NaN,NaN,NaN,NaN,NaN,NaN,NaN,NaN,NaN,NaN,NaN,NaN,NaN,NaN,NaN,NaN,NaN,NaN,NaN,NaN,NaN,NaN,NaN,NaN,NaN,NaN,NaN,NaN,NaN,NaN,NaN,NaN,NaN,NaN,NaN,NaN,NaN,NaN,NaN,NaN,NaN,NaN,NaN,NaN,NaN,NaN,NaN,NaN,NaN,NaN,NaN,NaN,NaN,NaN,NaN,NaN,NaN,NaN,NaN,NaN,NaN,NaN,NaN,NaN,NaN,NaN,NaN,NaN,NaN,0.192887333655931,0.237933980142522,0.246957489778807,NaN,NaN,0.252901889956782,0.252761073241662,0.253007271794262,0.25330304702773,0.252995621770393,0.252692098474155,0.252134844985495,0.252093936445177,NaN,NaN,NaN,NaN,NaN,NaN,NaN,0.263062886651451,0.263004141612278,0.262999151417768,0.263006213220493,0.263063300114933,0.263122838082341,0.263148930089937,NaN,NaN,NaN,NaN,NaN,0.192644736529462,0.235664179674861,0.259746784350931,0.266068497696733,0.266148801623871,0.26626179800526,0.266313708064513,0.266346519943101,0.266178602626126,0.252291870343175,0.246332396254351,0.245550578775544,NaN,NaN,NaN,NaN,NaN,NaN,NaN,NaN,NaN,NaN,NaN,NaN,NaN,NaN,NaN,NaN,NaN,NaN,NaN,NaN,NaN,NaN,NaN,NaN,NaN,NaN,NaN,NaN,NaN,NaN,NaN,NaN,NaN,NaN
NaN,NaN,NaN,NaN,NaN,NaN,NaN,NaN,NaN,NaN,NaN,NaN,NaN,NaN,NaN,NaN,NaN,NaN,NaN,NaN,NaN,NaN,NaN,NaN,NaN,NaN,NaN,NaN,NaN,NaN,NaN,NaN,NaN,NaN,NaN,NaN,NaN,NaN,NaN,NaN,NaN,NaN,NaN,NaN,NaN,NaN,NaN,NaN,NaN,NaN,NaN,NaN,NaN,NaN,NaN,NaN,NaN,NaN,NaN,NaN,NaN,NaN,NaN,NaN,NaN,NaN,NaN,NaN,NaN,NaN,NaN,NaN,NaN,NaN,NaN,NaN,NaN,NaN,NaN,NaN,NaN,NaN,NaN,NaN,NaN,NaN,NaN,NaN,NaN,NaN,NaN,NaN,NaN,NaN,NaN,NaN,NaN,NaN,NaN,NaN,NaN,NaN,NaN,NaN,NaN,NaN,NaN,NaN,NaN,NaN,NaN,NaN,NaN,NaN,NaN,NaN,NaN,NaN,NaN,NaN,NaN,NaN,NaN,NaN,NaN,NaN,NaN,NaN,NaN,NaN,NaN,NaN,NaN,NaN,NaN,NaN,NaN,NaN,NaN,NaN,NaN,NaN,NaN,NaN,NaN,NaN,NaN,NaN,NaN,NaN,NaN,NaN,NaN,NaN,NaN,NaN,NaN,NaN,NaN,NaN,NaN,NaN,NaN,NaN,NaN,NaN,NaN,NaN,0.236916052070562,0.214344472115764,0.250009786012376,0.252235289572568,0.252734795082279,0.252897080731408,0.253002554932888,0.253130605905854,0.252691771339607,0.25239695059535,0.252022015896178,0.25234406648621,NaN,NaN,NaN,NaN,NaN,NaN,NaN,0.263035620562512,0.262976362067142,0.262977710004382,0.263006915473962,0.263112416483492,0.263152274206934,NaN,NaN,NaN,NaN,NaN,NaN,0.169190014053092,0.192632397819837,0.214407764134153,0.259946500146361,0.26625784975752,0.266353962880514,0.266379984967397,0.266392014465943,0.26641734965358,0.263805912001144,0.246167074177069,0.199355251485277,NaN,NaN,NaN,NaN,NaN,NaN,NaN,NaN,NaN,NaN,NaN,NaN,NaN,NaN,NaN,NaN,NaN,NaN,NaN,NaN,NaN,NaN,NaN,NaN,NaN,NaN,NaN,NaN,NaN,NaN,NaN,NaN,NaN,NaN
NaN,NaN,NaN,NaN,NaN,NaN,NaN,NaN,NaN,NaN,NaN,NaN,NaN,NaN,NaN,NaN,NaN,NaN,NaN,NaN,NaN,NaN,NaN,NaN,NaN,NaN,NaN,NaN,NaN,NaN,NaN,NaN,NaN,NaN,NaN,NaN,NaN,NaN,NaN,NaN,NaN,NaN,NaN,NaN,NaN,NaN,NaN,NaN,NaN,NaN,NaN,NaN,NaN,NaN,NaN,NaN,NaN,NaN,NaN,NaN,NaN,NaN,NaN,NaN,NaN,NaN,NaN,NaN,NaN,NaN,NaN,NaN,NaN,NaN,NaN,NaN,NaN,NaN,NaN,NaN,NaN,NaN,NaN,NaN,NaN,NaN,NaN,NaN,NaN,NaN,NaN,NaN,NaN,NaN,NaN,NaN,NaN,NaN,NaN,NaN,NaN,NaN,NaN,NaN,NaN,NaN,NaN,NaN,NaN,NaN,NaN,NaN,NaN,NaN,NaN,NaN,NaN,NaN,NaN,NaN,NaN,NaN,NaN,NaN,NaN,NaN,NaN,NaN,NaN,NaN,NaN,NaN,NaN,NaN,NaN,NaN,NaN,NaN,NaN,NaN,NaN,NaN,NaN,NaN,NaN,NaN,NaN,NaN,NaN,NaN,NaN,NaN,NaN,NaN,NaN,NaN,NaN,NaN,NaN,NaN,NaN,NaN,NaN,NaN,NaN,NaN,NaN,NaN,0.19558331368967,0.225767353639665,0.250855498215674,0.251982410204392,0.251872908596963,0.252176763099777,0.252254129294333,0.252163634380808,0.252090121766431,0.251938682239596,0.251697031843855,NaN,NaN,NaN,NaN,NaN,NaN,NaN,NaN,0.262931966056674,0.262894185893898,0.262929559964969,0.262969105960869,NaN,NaN,NaN,NaN,NaN,NaN,0.138042256323171,0.144572237548855,0.154395196426613,NaN,0.200249583831182,0.247451299773988,0.260123794074186,0.266444109646905,0.266465369762709,0.26645747664626,0.266464308599795,0.26641654392775,0.250313473616884,0.202762517782852,NaN,NaN,NaN,NaN,NaN,NaN,NaN,NaN,NaN,NaN,NaN,NaN,NaN,NaN,NaN,NaN,NaN,NaN,NaN,NaN,NaN,NaN,NaN,NaN,NaN,NaN,NaN,NaN,NaN,NaN,NaN,NaN,NaN,NaN
NaN,NaN,NaN,NaN,NaN,NaN,NaN,NaN,NaN,NaN,NaN,NaN,NaN,NaN,NaN,NaN,NaN,NaN,NaN,NaN,NaN,NaN,NaN,NaN,NaN,NaN,NaN,NaN,NaN,NaN,NaN,NaN,NaN,NaN,NaN,NaN,NaN,NaN,NaN,NaN,NaN,NaN,NaN,NaN,NaN,NaN,NaN,NaN,NaN,NaN,NaN,NaN,NaN,NaN,NaN,NaN,NaN,NaN,NaN,NaN,NaN,NaN,NaN,NaN,NaN,NaN,NaN,NaN,NaN,NaN,NaN,NaN,NaN,NaN,NaN,NaN,NaN,NaN,NaN,NaN,NaN,NaN,NaN,NaN,NaN,NaN,NaN,NaN,NaN,NaN,NaN,NaN,NaN,NaN,NaN,NaN,NaN,NaN,NaN,NaN,NaN,NaN,NaN,NaN,NaN,NaN,NaN,NaN,NaN,NaN,NaN,NaN,NaN,NaN,NaN,NaN,NaN,NaN,NaN,NaN,NaN,NaN,NaN,NaN,NaN,NaN,NaN,NaN,NaN,NaN,NaN,NaN,NaN,NaN,NaN,NaN,NaN,NaN,NaN,NaN,NaN,NaN,NaN,NaN,NaN,NaN,NaN,NaN,NaN,NaN,NaN,NaN,NaN,NaN,NaN,NaN,NaN,NaN,NaN,NaN,NaN,NaN,NaN,NaN,NaN,NaN,NaN,NaN,0.22596403943949,0.249020609552125,0.249397777680646,NaN,0.251034918593905,0.250974721685402,0.251548634614521,0.251853771182582,0.251730295254977,0.251632122620177,0.251534356888784,NaN,NaN,NaN,NaN,NaN,NaN,NaN,NaN,0.262357363521536,0.26271958096883,0.262832171074769,NaN,NaN,NaN,NaN,NaN,NaN,NaN,0.139257380178053,0.146362945815326,0.157162611992073,0.173521032256368,0.199746083247116,0.246741508671575,0.247047920354507,0.26479163627546,0.266561804531614,0.266543732795973,0.266524025340981,0.266511381438828,0.264849059371659,NaN,NaN,NaN,NaN,NaN,NaN,NaN,NaN,NaN,NaN,NaN,NaN,NaN,NaN,NaN,NaN,NaN,NaN,NaN,NaN,NaN,NaN,NaN,NaN,NaN,NaN,NaN,NaN,NaN,NaN,NaN,NaN,NaN,NaN,NaN
NaN,NaN,NaN,NaN,NaN,NaN,NaN,NaN,NaN,NaN,NaN,NaN,NaN,NaN,NaN,NaN,NaN,NaN,NaN,NaN,NaN,NaN,NaN,NaN,NaN,NaN,NaN,NaN,NaN,NaN,NaN,NaN,NaN,NaN,NaN,NaN,NaN,NaN,NaN,NaN,NaN,NaN,NaN,NaN,NaN,NaN,NaN,NaN,NaN,NaN,NaN,NaN,NaN,NaN,NaN,NaN,NaN,NaN,NaN,NaN,NaN,NaN,NaN,NaN,NaN,NaN,NaN,NaN,NaN,NaN,NaN,NaN,NaN,NaN,NaN,NaN,NaN,NaN,NaN,NaN,NaN,NaN,NaN,NaN,NaN,NaN,NaN,NaN,NaN,NaN,NaN,NaN,NaN,NaN,NaN,NaN,NaN,NaN,NaN,NaN,NaN,NaN,NaN,NaN,NaN,NaN,NaN,NaN,NaN,NaN,NaN,NaN,NaN,NaN,NaN,NaN,NaN,NaN,NaN,NaN,NaN,NaN,NaN,NaN,NaN,NaN,NaN,NaN,NaN,NaN,NaN,NaN,NaN,NaN,NaN,NaN,NaN,NaN,NaN,NaN,NaN,NaN,NaN,NaN,NaN,NaN,NaN,NaN,NaN,NaN,NaN,NaN,NaN,NaN,NaN,NaN,NaN,NaN,NaN,NaN,NaN,NaN,NaN,NaN,NaN,NaN,NaN,NaN,NaN,0.248928822251835,0.249240127674759,0.249288329576868,0.250123934088463,0.251008507929863,0.251767256349684,0.251717026127242,0.251589025033553,0.251608885596381,0.251623897779882,NaN,NaN,NaN,NaN,NaN,NaN,NaN,NaN,0.261353904848631,0.262293499107711,NaN,NaN,NaN,NaN,NaN,NaN,NaN,NaN,0.134410922170016,0.139246832414305,0.146339906277307,0.157148611803539,0.173505814669902,NaN,0.208461227377903,0.255986467796303,0.266668832112631,0.266659556831411,0.266623726024861,0.266605589965692,NaN,NaN,NaN,NaN,NaN,NaN,NaN,NaN,NaN,NaN,NaN,NaN,NaN,NaN,NaN,NaN,NaN,NaN,NaN,NaN,NaN,NaN,NaN,NaN,NaN,NaN,NaN,NaN,NaN,NaN,NaN,NaN,NaN,NaN,NaN,NaN
NaN,NaN,NaN,NaN,NaN,NaN,NaN,NaN,NaN,NaN,NaN,NaN,NaN,NaN,NaN,NaN,NaN,NaN,NaN,NaN,NaN,NaN,NaN,NaN,NaN,NaN,NaN,NaN,NaN,NaN,NaN,NaN,NaN,NaN,NaN,NaN,NaN,NaN,NaN,NaN,NaN,NaN,NaN,NaN,NaN,NaN,NaN,NaN,NaN,NaN,NaN,NaN,NaN,NaN,NaN,NaN,NaN,NaN,NaN,NaN,NaN,NaN,NaN,NaN,NaN,NaN,NaN,NaN,NaN,NaN,NaN,NaN,NaN,NaN,NaN,NaN,NaN,NaN,NaN,NaN,NaN,NaN,NaN,NaN,NaN,NaN,NaN,NaN,NaN,NaN,NaN,NaN,NaN,NaN,NaN,NaN,NaN,NaN,NaN,NaN,NaN,NaN,NaN,NaN,NaN,NaN,NaN,NaN,NaN,NaN,NaN,NaN,NaN,NaN,NaN,NaN,NaN,NaN,NaN,NaN,NaN,NaN,NaN,NaN,NaN,NaN,NaN,NaN,NaN,NaN,NaN,NaN,NaN,NaN,NaN,NaN,NaN,NaN,NaN,NaN,NaN,NaN,NaN,NaN,NaN,NaN,NaN,NaN,NaN,NaN,NaN,NaN,NaN,NaN,NaN,NaN,NaN,NaN,NaN,NaN,NaN,NaN,NaN,NaN,NaN,NaN,NaN,NaN,NaN,0.249270598284372,0.249369718436804,0.249444266805551,0.249817974082767,0.250861247984826,0.252013406153828,0.252124515351843,0.251802951370802,0.251798805682273,0.251795082131919,NaN,NaN,NaN,NaN,NaN,NaN,0.257401146931502,0.258362958198379,0.259689693456927,NaN,NaN,NaN,NaN,NaN,NaN,NaN,NaN,NaN,NaN,NaN,NaN,NaN,NaN,NaN,0.237935267202794,0.248064654493191,0.266561993508476,0.266776778605019,0.266744087424114,0.266750316129786,0.257268476675115,NaN,NaN,NaN,NaN,NaN,NaN,NaN,NaN,NaN,NaN,NaN,NaN,NaN,NaN,NaN,NaN,NaN,NaN,NaN,NaN,NaN,NaN,NaN,NaN,NaN,NaN,NaN,NaN,NaN,NaN,NaN,NaN,NaN,NaN,NaN
NaN,NaN,NaN,NaN,NaN,NaN,NaN,NaN,NaN,NaN,NaN,NaN,NaN,NaN,NaN,NaN,NaN,NaN,NaN,NaN,NaN,NaN,NaN,NaN,NaN,NaN,NaN,NaN,NaN,NaN,NaN,NaN,NaN,NaN,NaN,NaN,NaN,NaN,NaN,NaN,NaN,NaN,NaN,NaN,NaN,NaN,NaN,NaN,NaN,NaN,NaN,NaN,NaN,NaN,NaN,NaN,NaN,NaN,NaN,NaN,NaN,NaN,NaN,NaN,NaN,NaN,NaN,NaN,NaN,NaN,NaN,NaN,NaN,NaN,NaN,NaN,NaN,NaN,NaN,NaN,NaN,NaN,NaN,NaN,NaN,NaN,NaN,NaN,NaN,NaN,NaN,NaN,NaN,NaN,NaN,NaN,NaN,NaN,NaN,NaN,NaN,NaN,NaN,NaN,NaN,NaN,NaN,NaN,NaN,NaN,NaN,NaN,NaN,NaN,NaN,NaN,NaN,NaN,NaN,NaN,NaN,NaN,NaN,NaN,NaN,NaN,NaN,NaN,NaN,NaN,NaN,NaN,NaN,NaN,NaN,NaN,NaN,NaN,NaN,NaN,NaN,NaN,NaN,NaN,NaN,NaN,NaN,NaN,NaN,NaN,NaN,NaN,NaN,NaN,NaN,NaN,NaN,NaN,NaN,NaN,NaN,NaN,NaN,NaN,NaN,NaN,NaN,NaN,NaN,0.249170979409522,0.249168322955662,0.249282024823544,0.250041180254572,0.250757137679771,0.251642370925553,0.252127417175801,0.252103309442633,0.251996492260558,NaN,NaN,NaN,NaN,NaN,NaN,0.25646745957265,0.256728852757442,0.25864924373233,0.260490780330561,NaN,NaN,NaN,NaN,NaN,NaN,NaN,NaN,NaN,NaN,NaN,NaN,NaN,NaN,NaN,0.19981512933494,0.246776215755911,0.26677791018531,0.266845710326202,0.266806098664703,0.266819549341444,0.262427326819036,0.219279839598364,0.22008772457382,0.220113340383376,0.197942469715615,NaN,NaN,NaN,NaN,NaN,NaN,NaN,NaN,NaN,NaN,NaN,NaN,NaN,NaN,NaN,NaN,NaN,NaN,NaN,NaN,NaN,NaN,NaN,NaN,NaN,NaN,NaN,NaN,NaN,NaN,NaN
NaN,NaN,NaN,NaN,NaN,NaN,NaN,NaN,NaN,NaN,NaN,NaN,NaN,NaN,NaN,NaN,NaN,NaN,NaN,NaN,NaN,NaN,NaN,NaN,NaN,NaN,NaN,NaN,NaN,NaN,NaN,NaN,NaN,NaN,NaN,NaN,NaN,NaN,NaN,NaN,NaN,NaN,NaN,NaN,NaN,NaN,NaN,NaN,NaN,NaN,NaN,NaN,NaN,NaN,NaN,NaN,NaN,NaN,NaN,NaN,NaN,NaN,NaN,NaN,NaN,NaN,NaN,NaN,NaN,NaN,NaN,NaN,NaN,NaN,NaN,NaN,NaN,NaN,NaN,NaN,NaN,NaN,NaN,NaN,NaN,NaN,NaN,NaN,NaN,NaN,NaN,NaN,NaN,NaN,NaN,NaN,NaN,NaN,NaN,NaN,NaN,NaN,NaN,NaN,NaN,NaN,NaN,NaN,NaN,NaN,NaN,NaN,NaN,NaN,NaN,NaN,NaN,NaN,NaN,NaN,NaN,NaN,NaN,NaN,NaN,NaN,NaN,NaN,NaN,NaN,NaN,NaN,NaN,NaN,NaN,NaN,NaN,NaN,NaN,NaN,NaN,NaN,NaN,NaN,NaN,NaN,NaN,NaN,NaN,NaN,NaN,NaN,NaN,NaN,NaN,NaN,NaN,NaN,NaN,NaN,NaN,NaN,NaN,NaN,NaN,NaN,NaN,NaN,NaN,0.24878846230116,0.248802136536062,0.249141513338845,0.249867660271285,0.251085620935068,0.251802551694535,0.25205960246875,0.252312090269522,0.252359029414104,0.252518642399419,0.252508842378804,0.252462315953912,0.252587328213344,0.252880388072592,0.25298528817305,0.254112393010369,0.254728991609763,NaN,NaN,NaN,NaN,NaN,NaN,NaN,NaN,NaN,NaN,NaN,NaN,NaN,NaN,NaN,NaN,NaN,NaN,0.260712545841664,0.266963667302031,0.266897859628726,0.266853902630547,0.266869058039613,0.26123680531626,0.246137173568275,0.216041370213813,0.220130706813249,0.198034854741084,NaN,NaN,NaN,NaN,NaN,NaN,NaN,NaN,NaN,NaN,NaN,NaN,NaN,NaN,NaN,NaN,NaN,NaN,NaN,NaN,NaN,NaN,NaN,NaN,NaN,NaN,NaN,NaN,NaN,NaN,NaN
NaN,NaN,NaN,NaN,NaN,NaN,NaN,NaN,NaN,NaN,NaN,NaN,NaN,NaN,NaN,NaN,NaN,NaN,NaN,NaN,NaN,NaN,NaN,NaN,NaN,NaN,NaN,NaN,NaN,NaN,NaN,NaN,NaN,NaN,NaN,NaN,NaN,NaN,NaN,NaN,NaN,NaN,NaN,NaN,NaN,NaN,NaN,NaN,NaN,NaN,NaN,NaN,NaN,NaN,NaN,NaN,NaN,NaN,NaN,NaN,NaN,NaN,NaN,NaN,NaN,NaN,NaN,NaN,NaN,NaN,NaN,NaN,NaN,NaN,NaN,NaN,NaN,NaN,NaN,NaN,NaN,NaN,NaN,NaN,NaN,NaN,NaN,NaN,NaN,NaN,NaN,NaN,NaN,NaN,NaN,NaN,NaN,NaN,NaN,NaN,NaN,NaN,NaN,NaN,NaN,NaN,NaN,NaN,NaN,NaN,NaN,NaN,NaN,NaN,NaN,NaN,NaN,NaN,NaN,NaN,NaN,NaN,NaN,NaN,NaN,NaN,NaN,NaN,NaN,NaN,NaN,NaN,NaN,NaN,NaN,NaN,NaN,NaN,NaN,NaN,NaN,NaN,NaN,NaN,NaN,NaN,NaN,NaN,NaN,NaN,NaN,NaN,NaN,NaN,NaN,NaN,NaN,NaN,NaN,NaN,NaN,NaN,NaN,NaN,NaN,NaN,NaN,NaN,NaN,0.249203042902266,0.248542033729826,0.248881393109088,0.249613726371247,0.250977731135082,0.251793779327687,0.252198406115827,0.252424692861602,0.252509391215018,0.252509823752805,0.252498654135538,0.25248787363261,0.252490107155336,0.2526641516667,0.25365161527718,0.25410301992606,NaN,NaN,NaN,NaN,NaN,NaN,NaN,NaN,NaN,NaN,NaN,NaN,NaN,NaN,NaN,NaN,NaN,NaN,NaN,0.26642817159463,0.26704048449564,0.266986310406137,0.266927345677475,0.264765190525416,0.25142559494346,0.226853966791721,0.188049557508107,NaN,NaN,NaN,NaN,NaN,NaN,NaN,NaN,NaN,NaN,NaN,NaN,NaN,NaN,NaN,NaN,NaN,NaN,NaN,NaN,NaN,NaN,NaN,NaN,NaN,NaN,NaN,NaN,NaN,NaN,NaN,NaN,NaN
NaN,NaN,NaN,NaN,NaN,NaN,NaN,NaN,NaN,NaN,NaN,NaN,NaN,NaN,NaN,NaN,NaN,NaN,NaN,NaN,NaN,NaN,NaN,NaN,NaN,NaN,NaN,NaN,NaN,NaN,NaN,NaN,NaN,NaN,NaN,NaN,NaN,NaN,NaN,NaN,NaN,NaN,NaN,NaN,NaN,NaN,NaN,NaN,NaN,NaN,NaN,NaN,NaN,NaN,NaN,NaN,NaN,NaN,NaN,NaN,NaN,NaN,NaN,NaN,NaN,NaN,NaN,NaN,NaN,NaN,NaN,NaN,NaN,NaN,NaN,NaN,NaN,NaN,NaN,NaN,NaN,NaN,NaN,NaN,NaN,NaN,NaN,NaN,NaN,NaN,NaN,NaN,NaN,NaN,NaN,NaN,NaN,NaN,NaN,NaN,NaN,NaN,NaN,NaN,NaN,NaN,NaN,NaN,NaN,NaN,NaN,NaN,NaN,NaN,NaN,NaN,NaN,NaN,NaN,NaN,NaN,NaN,NaN,NaN,NaN,NaN,NaN,NaN,NaN,NaN,NaN,NaN,NaN,NaN,NaN,NaN,NaN,NaN,NaN,NaN,NaN,NaN,NaN,NaN,NaN,NaN,NaN,NaN,NaN,NaN,NaN,NaN,NaN,NaN,NaN,NaN,NaN,NaN,NaN,NaN,NaN,NaN,NaN,NaN,NaN,NaN,NaN,0.241474646522596,0.242619948265762,0.246222471858516,0.247585662850005,0.247902277846265,0.249048721111701,0.250557719836936,0.251800592169228,0.252317054626767,0.252413207882055,0.252491936278256,0.252512039000606,0.252515611615921,0.252443649052526,NaN,NaN,0.254225850129586,0.251724924524193,NaN,NaN,NaN,NaN,NaN,NaN,NaN,NaN,NaN,NaN,NaN,NaN,NaN,NaN,NaN,NaN,NaN,NaN,NaN,0.267069814510802,0.26707394146479,0.267051690077486,0.267000599653737,0.261293078840505,0.216409330771152,0.188065844030372,0.166440711300729,NaN,NaN,NaN,NaN,NaN,NaN,NaN,NaN,NaN,NaN,NaN,NaN,NaN,NaN,NaN,NaN,NaN,NaN,NaN,NaN,NaN,NaN,NaN,NaN,NaN,NaN,NaN,NaN,NaN,NaN,NaN,NaN,NaN
NaN,NaN,NaN,NaN,NaN,NaN,NaN,NaN,NaN,NaN,NaN,NaN,NaN,NaN,NaN,NaN,NaN,NaN,NaN,NaN,NaN,NaN,NaN,NaN,NaN,NaN,NaN,NaN,NaN,NaN,NaN,NaN,NaN,NaN,NaN,NaN,NaN,NaN,NaN,NaN,NaN,NaN,NaN,NaN,NaN,NaN,NaN,NaN,NaN,NaN,NaN,NaN,NaN,NaN,NaN,NaN,NaN,NaN,NaN,NaN,NaN,NaN,NaN,NaN,NaN,NaN,NaN,NaN,NaN,NaN,NaN,NaN,NaN,NaN,NaN,NaN,NaN,NaN,NaN,NaN,NaN,NaN,NaN,NaN,NaN,NaN,NaN,NaN,NaN,NaN,NaN,NaN,NaN,NaN,NaN,NaN,NaN,NaN,NaN,NaN,NaN,NaN,NaN,NaN,NaN,NaN,NaN,NaN,NaN,NaN,NaN,NaN,NaN,NaN,NaN,NaN,NaN,NaN,NaN,NaN,NaN,NaN,NaN,NaN,NaN,NaN,NaN,NaN,NaN,NaN,NaN,NaN,NaN,NaN,NaN,NaN,NaN,NaN,NaN,NaN,NaN,NaN,NaN,NaN,NaN,NaN,NaN,NaN,NaN,NaN,NaN,NaN,NaN,NaN,NaN,NaN,NaN,NaN,NaN,NaN,NaN,NaN,NaN,NaN,NaN,NaN,0.241273673792953,0.241668968370356,0.242935355483019,0.245197718773096,0.246444374535884,0.246577247350612,NaN,NaN,NaN,0.252419542070232,0.252423884055621,0.252505823660944,0.252522753934515,NaN,NaN,NaN,NaN,NaN,NaN,NaN,NaN,NaN,NaN,NaN,NaN,NaN,NaN,NaN,NaN,NaN,NaN,NaN,NaN,NaN,NaN,NaN,NaN,0.267186302934618,0.267142820725789,0.267128396664857,0.267090126948245,0.265994387442867,0.236641316971201,NaN,NaN,NaN,NaN,NaN,NaN,NaN,NaN,NaN,NaN,NaN,NaN,NaN,NaN,NaN,NaN,NaN,NaN,NaN,NaN,NaN,NaN,NaN,NaN,NaN,NaN,NaN,NaN,NaN,NaN,NaN,NaN,NaN,NaN,NaN,NaN
NaN,NaN,NaN,NaN,NaN,NaN,NaN,NaN,NaN,NaN,NaN,NaN,NaN,NaN,NaN,NaN,NaN,NaN,NaN,NaN,NaN,NaN,NaN,NaN,NaN,NaN,NaN,NaN,NaN,NaN,NaN,NaN,NaN,NaN,NaN,NaN,NaN,NaN,NaN,NaN,NaN,NaN,NaN,NaN,NaN,NaN,NaN,NaN,NaN,NaN,NaN,NaN,NaN,NaN,NaN,NaN,NaN,NaN,NaN,NaN,NaN,NaN,NaN,NaN,NaN,NaN,NaN,NaN,NaN,NaN,NaN,NaN,NaN,NaN,NaN,NaN,NaN,NaN,NaN,NaN,NaN,NaN,NaN,NaN,NaN,NaN,NaN,NaN,NaN,NaN,NaN,NaN,NaN,NaN,NaN,NaN,NaN,NaN,NaN,NaN,NaN,NaN,NaN,NaN,NaN,NaN,NaN,NaN,NaN,NaN,NaN,NaN,NaN,NaN,NaN,NaN,NaN,NaN,NaN,NaN,NaN,NaN,NaN,NaN,NaN,NaN,NaN,NaN,NaN,NaN,NaN,NaN,NaN,NaN,NaN,NaN,NaN,NaN,NaN,NaN,NaN,NaN,NaN,NaN,NaN,NaN,NaN,NaN,NaN,NaN,NaN,NaN,NaN,NaN,NaN,NaN,NaN,NaN,NaN,NaN,NaN,NaN,NaN,NaN,NaN,NaN,0.241452555673512,0.24183709625486,0.242901850782443,0.243998447078822,0.245762085146637,NaN,NaN,NaN,0.250195442832038,0.252011432114836,0.252325534246764,NaN,NaN,NaN,NaN,NaN,NaN,NaN,NaN,NaN,NaN,NaN,NaN,NaN,NaN,NaN,NaN,NaN,NaN,NaN,NaN,NaN,NaN,NaN,NaN,NaN,NaN,0.267196523939085,0.267181755379845,0.267177974650703,0.267061441459048,0.251376749486085,0.20376856436105,NaN,NaN,NaN,NaN,NaN,NaN,NaN,NaN,NaN,NaN,NaN,NaN,NaN,NaN,NaN,NaN,NaN,NaN,NaN,NaN,NaN,NaN,NaN,NaN,NaN,NaN,NaN,NaN,NaN,NaN,NaN,NaN,NaN,NaN,NaN,NaN
NaN,NaN,NaN,NaN,NaN,NaN,NaN,NaN,NaN,NaN,NaN,NaN,NaN,NaN,NaN,NaN,NaN,NaN,NaN,NaN,NaN,NaN,NaN,NaN,NaN,NaN,NaN,NaN,NaN,NaN,NaN,NaN,NaN,NaN,NaN,NaN,NaN,NaN,NaN,NaN,NaN,NaN,NaN,NaN,NaN,NaN,NaN,NaN,NaN,NaN,NaN,NaN,NaN,NaN,NaN,NaN,NaN,NaN,NaN,NaN,NaN,NaN,NaN,NaN,NaN,NaN,NaN,NaN,NaN,NaN,NaN,NaN,NaN,NaN,NaN,NaN,NaN,NaN,NaN,NaN,NaN,NaN,NaN,NaN,NaN,NaN,NaN,NaN,NaN,NaN,NaN,NaN,NaN,NaN,NaN,NaN,NaN,NaN,NaN,NaN,NaN,NaN,NaN,NaN,NaN,NaN,NaN,NaN,NaN,NaN,NaN,NaN,NaN,NaN,NaN,NaN,NaN,NaN,NaN,NaN,NaN,NaN,NaN,NaN,NaN,NaN,NaN,NaN,NaN,NaN,NaN,NaN,NaN,NaN,NaN,NaN,NaN,NaN,NaN,NaN,NaN,NaN,NaN,NaN,NaN,NaN,NaN,NaN,NaN,NaN,NaN,NaN,NaN,NaN,NaN,NaN,NaN,NaN,NaN,NaN,NaN,NaN,NaN,NaN,NaN,NaN,0.242103735596636,0.24216271191675,0.242524763308815,0.242427222031282,NaN,NaN,0.241085571218604,0.241451037360567,0.246124964056993,NaN,NaN,NaN,NaN,NaN,NaN,NaN,NaN,NaN,NaN,NaN,NaN,NaN,NaN,NaN,NaN,NaN,NaN,NaN,NaN,NaN,NaN,NaN,NaN,NaN,NaN,NaN,0.267260605638338,0.267235740651611,0.267222233184504,0.267215313160011,0.267174304981918,0.257176708326204,0.20991538743917,NaN,NaN,NaN,NaN,NaN,NaN,NaN,NaN,NaN,NaN,NaN,NaN,NaN,NaN,NaN,NaN,NaN,NaN,NaN,NaN,NaN,NaN,NaN,NaN,NaN,NaN,NaN,NaN,NaN,NaN,NaN,NaN,NaN,NaN,NaN,NaN
NaN,NaN,NaN,NaN,NaN,NaN,NaN,NaN,NaN,NaN,NaN,NaN,NaN,NaN,NaN,NaN,NaN,NaN,NaN,NaN,NaN,NaN,NaN,NaN,NaN,NaN,NaN,NaN,NaN,NaN,NaN,NaN,NaN,NaN,NaN,NaN,NaN,NaN,NaN,NaN,NaN,NaN,NaN,NaN,NaN,NaN,NaN,NaN,NaN,NaN,NaN,NaN,NaN,NaN,NaN,NaN,NaN,NaN,NaN,NaN,NaN,NaN,NaN,NaN,NaN,NaN,NaN,NaN,NaN,NaN,NaN,NaN,NaN,NaN,NaN,NaN,NaN,NaN,NaN,NaN,NaN,NaN,NaN,NaN,NaN,NaN,NaN,NaN,NaN,NaN,NaN,NaN,NaN,NaN,NaN,NaN,NaN,NaN,NaN,NaN,NaN,NaN,NaN,NaN,NaN,NaN,NaN,NaN,NaN,NaN,NaN,NaN,NaN,NaN,NaN,NaN,NaN,NaN,NaN,NaN,NaN,NaN,NaN,NaN,NaN,NaN,NaN,NaN,NaN,NaN,NaN,NaN,NaN,NaN,NaN,NaN,NaN,NaN,NaN,NaN,NaN,NaN,NaN,NaN,NaN,NaN,NaN,NaN,NaN,NaN,NaN,NaN,0.117169535428029,0.118245964589376,0.119853365856574,0.122225940575493,0.125758768429831,0.131103926599534,NaN,NaN,NaN,NaN,NaN,NaN,NaN,NaN,0.242295705733454,0.242116666820837,0.24154369244302,0.243037830847684,NaN,NaN,0.239630175736195,0.23927558641924,NaN,NaN,NaN,NaN,NaN,NaN,NaN,NaN,NaN,NaN,NaN,NaN,NaN,NaN,NaN,NaN,NaN,NaN,NaN,NaN,NaN,NaN,NaN,NaN,NaN,NaN,NaN,NaN,0.264843961708405,0.267278149502255,0.267269182896429,0.267259268822134,0.267029419371689,0.244082587983995,NaN,NaN,NaN,NaN,NaN,NaN,NaN,NaN,NaN,NaN,NaN,NaN,NaN,NaN,NaN,NaN,NaN,NaN,NaN,NaN,NaN,NaN,NaN,NaN,NaN,NaN,NaN,NaN,NaN,NaN,NaN,NaN,NaN,NaN,NaN,NaN,NaN
NaN,NaN,NaN,NaN,NaN,NaN,NaN,NaN,NaN,NaN,NaN,NaN,NaN,NaN,NaN,NaN,NaN,NaN,NaN,NaN,NaN,NaN,NaN,NaN,NaN,NaN,NaN,NaN,NaN,NaN,NaN,NaN,NaN,NaN,NaN,NaN,NaN,NaN,NaN,NaN,NaN,NaN,NaN,NaN,NaN,NaN,NaN,NaN,NaN,NaN,NaN,NaN,NaN,NaN,NaN,NaN,NaN,NaN,NaN,NaN,NaN,NaN,NaN,NaN,NaN,NaN,NaN,NaN,NaN,NaN,NaN,NaN,NaN,NaN,NaN,NaN,NaN,NaN,NaN,NaN,NaN,NaN,NaN,NaN,NaN,NaN,NaN,NaN,NaN,NaN,NaN,NaN,NaN,NaN,NaN,NaN,NaN,NaN,NaN,NaN,NaN,NaN,NaN,NaN,NaN,NaN,NaN,NaN,NaN,NaN,NaN,NaN,NaN,NaN,NaN,NaN,NaN,NaN,NaN,NaN,NaN,NaN,NaN,NaN,NaN,NaN,NaN,NaN,NaN,NaN,NaN,NaN,NaN,NaN,NaN,NaN,NaN,NaN,NaN,NaN,NaN,NaN,NaN,NaN,NaN,NaN,NaN,NaN,NaN,NaN,NaN,NaN,0.118278592394026,0.119901500769606,0.122282198579336,0.125803843039087,0.131141182042508,0.139059534047823,0.150405161709767,0.168256005670138,0.198873652710269,NaN,NaN,NaN,NaN,NaN,0.242157201357795,0.241789554922548,0.24079109431672,0.240185618499674,0.239008595654766,0.23893608211984,0.238941394432518,0.238569432851469,NaN,NaN,NaN,NaN,NaN,NaN,NaN,NaN,NaN,NaN,NaN,NaN,NaN,NaN,NaN,NaN,NaN,NaN,NaN,NaN,NaN,NaN,NaN,NaN,NaN,NaN,NaN,0.201386330708872,0.248351791029386,0.266528640730651,0.267357731687259,0.266682116549727,0.264801668083978,NaN,NaN,NaN,NaN,NaN,NaN,NaN,NaN,NaN,NaN,NaN,NaN,NaN,NaN,NaN,NaN,NaN,NaN,NaN,NaN,NaN,NaN,NaN,NaN,NaN,NaN,NaN,NaN,NaN,NaN,NaN,NaN,NaN,NaN,NaN,NaN,NaN,NaN
NaN,NaN,NaN,NaN,NaN,NaN,NaN,NaN,NaN,NaN,NaN,NaN,NaN,NaN,NaN,NaN,NaN,NaN,NaN,NaN,NaN,NaN,NaN,NaN,NaN,NaN,NaN,NaN,NaN,NaN,NaN,NaN,NaN,NaN,NaN,NaN,NaN,NaN,NaN,NaN,NaN,NaN,NaN,NaN,NaN,NaN,NaN,NaN,NaN,NaN,NaN,NaN,NaN,NaN,NaN,NaN,NaN,NaN,NaN,NaN,NaN,NaN,NaN,NaN,NaN,NaN,NaN,NaN,NaN,NaN,NaN,NaN,NaN,NaN,NaN,NaN,NaN,NaN,NaN,NaN,NaN,NaN,NaN,NaN,NaN,NaN,NaN,NaN,NaN,NaN,NaN,NaN,NaN,NaN,NaN,NaN,NaN,NaN,NaN,NaN,NaN,NaN,NaN,NaN,NaN,NaN,NaN,NaN,NaN,NaN,NaN,NaN,NaN,NaN,NaN,NaN,NaN,NaN,NaN,NaN,NaN,NaN,NaN,NaN,NaN,NaN,NaN,NaN,NaN,NaN,NaN,NaN,NaN,NaN,NaN,NaN,NaN,NaN,NaN,NaN,NaN,NaN,NaN,NaN,NaN,NaN,NaN,NaN,NaN,NaN,NaN,NaN,NaN,0.122352750440594,0.125874670297596,0.131206354195992,0.139149122493298,0.150481174069636,0.168272692991787,0.198844077603327,0.199267889866746,NaN,NaN,0.242530115040886,0.242508648906829,0.242488317544874,0.242640155916916,0.241644251230184,0.240220381531242,0.2390718175902,0.238821089989705,0.239194468593359,0.239229366638272,NaN,NaN,NaN,NaN,NaN,NaN,NaN,NaN,NaN,NaN,NaN,NaN,NaN,NaN,NaN,NaN,NaN,NaN,NaN,NaN,NaN,NaN,NaN,NaN,NaN,NaN,0.20106700958754,0.247937450941278,0.247984812058612,0.248528663712403,0.263934450841333,0.267448529144139,0.264120937833479,0.226186040934932,NaN,NaN,NaN,NaN,NaN,NaN,NaN,NaN,NaN,NaN,NaN,NaN,NaN,NaN,NaN,NaN,NaN,NaN,NaN,NaN,NaN,NaN,NaN,NaN,NaN,NaN,NaN,NaN,NaN,NaN,NaN,NaN,NaN,NaN,NaN,NaN,NaN,NaN
NaN,NaN,NaN,NaN,NaN,NaN,NaN,NaN,NaN,NaN,NaN,NaN,NaN,NaN,NaN,NaN,NaN,NaN,NaN,NaN,NaN,NaN,NaN,NaN,NaN,NaN,NaN,NaN,NaN,NaN,NaN,NaN,NaN,NaN,NaN,NaN,NaN,NaN,NaN,NaN,NaN,NaN,NaN,NaN,NaN,NaN,NaN,NaN,NaN,NaN,NaN,NaN,NaN,NaN,NaN,NaN,NaN,NaN,NaN,NaN,NaN,NaN,NaN,NaN,NaN,NaN,NaN,NaN,NaN,NaN,NaN,NaN,NaN,NaN,NaN,NaN,NaN,NaN,NaN,NaN,NaN,NaN,NaN,NaN,NaN,NaN,NaN,NaN,NaN,NaN,NaN,NaN,NaN,NaN,NaN,NaN,NaN,NaN,NaN,NaN,NaN,NaN,NaN,NaN,NaN,NaN,NaN,NaN,NaN,NaN,NaN,NaN,NaN,NaN,NaN,NaN,NaN,NaN,NaN,NaN,NaN,NaN,NaN,NaN,NaN,NaN,NaN,NaN,NaN,NaN,NaN,NaN,NaN,NaN,NaN,NaN,NaN,NaN,NaN,NaN,NaN,NaN,NaN,NaN,NaN,NaN,NaN,NaN,NaN,NaN,NaN,NaN,NaN,NaN,NaN,NaN,NaN,NaN,0.150384822501893,0.168210094578659,0.198719193721751,0.202998178513369,0.239567813377963,0.242302773410622,0.242373141710633,NaN,0.242984009814546,0.240783942759885,0.239612284104726,0.238889516087327,0.23879706465374,0.2393290675721,0.239446307713499,NaN,NaN,NaN,NaN,NaN,NaN,NaN,NaN,NaN,NaN,NaN,NaN,NaN,NaN,NaN,NaN,NaN,NaN,NaN,NaN,NaN,NaN,NaN,NaN,NaN,NaN,0.174517496026911,0.201043450491282,0.20106932792782,0.201518410163977,0.222900187326791,0.264142469982927,0.253023762748161,0.249553090011292,0.203600140553713,NaN,NaN,NaN,NaN,NaN,NaN,NaN,NaN,NaN,NaN,NaN,NaN,NaN,NaN,NaN,NaN,NaN,NaN,NaN,NaN,NaN,NaN,NaN,NaN,NaN,NaN,NaN,NaN,NaN,NaN,NaN,NaN,NaN,NaN,NaN,NaN,NaN
NaN,NaN,NaN,NaN,NaN,NaN,NaN,NaN,NaN,NaN,NaN,NaN,NaN,NaN,NaN,NaN,NaN,NaN,NaN,NaN,NaN,NaN,NaN,NaN,NaN,NaN,NaN,NaN,NaN,NaN,NaN,NaN,NaN,NaN,NaN,NaN,NaN,NaN,NaN,NaN,NaN,NaN,NaN,NaN,NaN,NaN,NaN,NaN,NaN,NaN,NaN,NaN,NaN,NaN,NaN,NaN,NaN,NaN,NaN,NaN,NaN,NaN,NaN,NaN,NaN,NaN,NaN,NaN,NaN,NaN,NaN,NaN,NaN,NaN,NaN,NaN,NaN,NaN,NaN,NaN,NaN,NaN,NaN,NaN,NaN,NaN,NaN,NaN,NaN,NaN,NaN,NaN,NaN,NaN,NaN,NaN,NaN,NaN,NaN,NaN,NaN,NaN,NaN,NaN,NaN,NaN,NaN,NaN,NaN,NaN,NaN,NaN,NaN,NaN,NaN,NaN,NaN,NaN,NaN,NaN,NaN,NaN,NaN,NaN,NaN,NaN,NaN,NaN,NaN,NaN,NaN,NaN,NaN,NaN,NaN,NaN,NaN,NaN,NaN,NaN,NaN,NaN,NaN,NaN,NaN,NaN,NaN,NaN,NaN,NaN,NaN,NaN,NaN,NaN,NaN,NaN,NaN,NaN,NaN,NaN,NaN,0.239625008319325,0.241702217976016,0.241421583689296,NaN,NaN,NaN,0.237871179439655,0.23895095460357,0.238944284055121,0.238856784780381,0.239362351988065,0.239536277959578,NaN,NaN,NaN,NaN,NaN,NaN,NaN,NaN,NaN,NaN,NaN,NaN,NaN,NaN,NaN,NaN,NaN,NaN,NaN,NaN,NaN,NaN,NaN,NaN,NaN,NaN,NaN,NaN,NaN,NaN,NaN,0.223511458278355,0.248932003187136,0.248266859427583,0.247617245009528,NaN,NaN,NaN,NaN,NaN,NaN,NaN,NaN,NaN,NaN,NaN,NaN,NaN,NaN,NaN,NaN,NaN,NaN,NaN,NaN,NaN,NaN,NaN,NaN,NaN,NaN,NaN,NaN,NaN,NaN,NaN,NaN,NaN,NaN,NaN,NaN,NaN
NaN,NaN,NaN,NaN,NaN,NaN,NaN,NaN,NaN,NaN,NaN,NaN,NaN,NaN,NaN,NaN,NaN,NaN,NaN,NaN,NaN,NaN,NaN,NaN,NaN,NaN,NaN,NaN,NaN,NaN,NaN,NaN,NaN,NaN,NaN,NaN,NaN,NaN,NaN,NaN,NaN,NaN,NaN,NaN,NaN,NaN,NaN,NaN,NaN,NaN,NaN,NaN,NaN,NaN,NaN,NaN,NaN,NaN,NaN,NaN,NaN,NaN,NaN,NaN,NaN,NaN,NaN,NaN,NaN,NaN,NaN,NaN,NaN,NaN,NaN,NaN,NaN,NaN,NaN,NaN,NaN,NaN,NaN,NaN,NaN,NaN,NaN,NaN,NaN,NaN,NaN,NaN,NaN,NaN,NaN,NaN,NaN,NaN,NaN,NaN,NaN,NaN,NaN,NaN,NaN,NaN,NaN,NaN,NaN,NaN,NaN,NaN,NaN,NaN,NaN,NaN,NaN,NaN,NaN,NaN,NaN,NaN,NaN,NaN,NaN,NaN,NaN,NaN,NaN,NaN,NaN,NaN,NaN,NaN,NaN,NaN,NaN,NaN,NaN,NaN,NaN,NaN,NaN,NaN,NaN,NaN,NaN,NaN,NaN,NaN,NaN,NaN,NaN,NaN,NaN,NaN,NaN,NaN,NaN,NaN,NaN,0.227174857230167,0.24161992068256,0.241080172981387,0.239098861104115,0.239918473339861,NaN,0.238344993945677,0.238605313336638,0.238897836984035,0.239090362026853,0.239387387447002,0.23957553132476,NaN,NaN,NaN,NaN,NaN,NaN,NaN,NaN,NaN,NaN,NaN,NaN,NaN,NaN,NaN,NaN,NaN,NaN,NaN,NaN,NaN,NaN,NaN,NaN,NaN,NaN,NaN,NaN,NaN,NaN,NaN,0.247028161889849,0.247180400501189,0.247630712076846,0.247416922244873,NaN,NaN,NaN,NaN,NaN,NaN,NaN,NaN,NaN,NaN,NaN,NaN,NaN,NaN,NaN,NaN,NaN,NaN,NaN,NaN,NaN,NaN,NaN,NaN,NaN,NaN,NaN,NaN,NaN,NaN,NaN,NaN,NaN,NaN,NaN,NaN,NaN
NaN,NaN,NaN,NaN,NaN,NaN,NaN,NaN,NaN,NaN,NaN,NaN,NaN,NaN,NaN,NaN,NaN,NaN,NaN,NaN,NaN,NaN,NaN,NaN,NaN,NaN,NaN,NaN,NaN,NaN,NaN,NaN,NaN,NaN,NaN,NaN,NaN,NaN,NaN,NaN,NaN,NaN,NaN,NaN,NaN,NaN,NaN,NaN,NaN,NaN,NaN,NaN,NaN,NaN,NaN,NaN,NaN,NaN,NaN,NaN,NaN,NaN,NaN,NaN,NaN,NaN,NaN,NaN,NaN,NaN,NaN,NaN,NaN,NaN,NaN,NaN,NaN,NaN,NaN,NaN,NaN,NaN,NaN,NaN,NaN,NaN,NaN,NaN,NaN,NaN,NaN,NaN,NaN,NaN,NaN,NaN,NaN,NaN,NaN,NaN,NaN,NaN,NaN,NaN,NaN,NaN,NaN,NaN,NaN,NaN,NaN,NaN,NaN,NaN,NaN,NaN,NaN,NaN,NaN,NaN,NaN,NaN,NaN,NaN,NaN,NaN,NaN,NaN,NaN,NaN,NaN,NaN,NaN,NaN,NaN,NaN,NaN,NaN,NaN,NaN,NaN,NaN,NaN,NaN,NaN,NaN,NaN,NaN,NaN,NaN,NaN,NaN,NaN,NaN,NaN,NaN,NaN,NaN,NaN,NaN,NaN,NaN,NaN,NaN,0.239215433661256,0.239481917758239,NaN,0.238500404183683,0.238454687186581,0.238755106106381,0.239517587851102,0.239518203046069,0.239521098502452,NaN,NaN,NaN,NaN,NaN,NaN,NaN,NaN,NaN,NaN,NaN,NaN,NaN,NaN,NaN,NaN,NaN,NaN,NaN,NaN,NaN,NaN,NaN,NaN,NaN,NaN,NaN,NaN,NaN,NaN,NaN,0.201871029004205,0.247050435899498,0.247292794985291,0.247360627280537,0.208846181318451,0.178998298073753,NaN,NaN,NaN,NaN,NaN,NaN,NaN,NaN,NaN,NaN,NaN,NaN,NaN,NaN,NaN,NaN,NaN,NaN,NaN,NaN,NaN,NaN,NaN,NaN,NaN,NaN,NaN,NaN,NaN,NaN,NaN,NaN,NaN,NaN,NaN
NaN,NaN,NaN,NaN,NaN,NaN,NaN,NaN,NaN,NaN,NaN,NaN,NaN,NaN,NaN,NaN,NaN,NaN,NaN,NaN,NaN,NaN,NaN,NaN,NaN,NaN,NaN,NaN,NaN,NaN,NaN,NaN,NaN,NaN,NaN,NaN,NaN,NaN,NaN,NaN,NaN,NaN,NaN,NaN,NaN,NaN,NaN,NaN,NaN,NaN,NaN,NaN,NaN,NaN,NaN,NaN,NaN,NaN,NaN,NaN,NaN,NaN,NaN,NaN,NaN,NaN,NaN,NaN,NaN,NaN,NaN,NaN,NaN,NaN,NaN,NaN,NaN,NaN,NaN,NaN,NaN,NaN,NaN,NaN,NaN,NaN,NaN,NaN,NaN,NaN,NaN,NaN,NaN,NaN,NaN,NaN,NaN,NaN,NaN,NaN,NaN,NaN,NaN,NaN,NaN,NaN,NaN,NaN,NaN,NaN,NaN,NaN,NaN,NaN,NaN,NaN,NaN,NaN,NaN,NaN,NaN,NaN,NaN,NaN,NaN,NaN,NaN,NaN,NaN,NaN,NaN,NaN,NaN,NaN,NaN,NaN,NaN,NaN,NaN,NaN,NaN,NaN,NaN,NaN,NaN,NaN,NaN,NaN,NaN,NaN,NaN,NaN,NaN,NaN,NaN,NaN,NaN,NaN,NaN,NaN,NaN,NaN,NaN,NaN,0.239185774979906,0.239240607886733,0.239165479190817,0.238944218180652,0.238901527015788,0.238886193887602,0.239022680705917,0.23907869627021,0.239446471594393,NaN,NaN,NaN,NaN,NaN,NaN,NaN,NaN,NaN,NaN,NaN,NaN,NaN,NaN,NaN,NaN,NaN,NaN,NaN,NaN,NaN,NaN,NaN,NaN,NaN,NaN,NaN,NaN,NaN,NaN,NaN,NaN,0.202693938217095,0.246861406537871,0.246711206189472,0.246383261015288,0.208906383226597,NaN,NaN,NaN,NaN,NaN,NaN,NaN,NaN,NaN,NaN,NaN,NaN,NaN,NaN,NaN,NaN,NaN,NaN,NaN,NaN,NaN,NaN,NaN,NaN,NaN,NaN,NaN,NaN,NaN,NaN,NaN,NaN,NaN,NaN,NaN
NaN,NaN,NaN,NaN,NaN,NaN,NaN,NaN,NaN,NaN,NaN,NaN,NaN,NaN,NaN,NaN,NaN,NaN,NaN,NaN,NaN,NaN,NaN,NaN,NaN,NaN,NaN,NaN,NaN,NaN,NaN,NaN,NaN,NaN,NaN,NaN,NaN,NaN,NaN,NaN,NaN,NaN,NaN,NaN,NaN,NaN,NaN,NaN,NaN,NaN,NaN,NaN,NaN,NaN,NaN,NaN,NaN,NaN,NaN,NaN,NaN,NaN,NaN,NaN,NaN,NaN,NaN,NaN,NaN,NaN,NaN,NaN,NaN,NaN,NaN,NaN,NaN,NaN,NaN,NaN,NaN,NaN,NaN,NaN,NaN,NaN,NaN,NaN,NaN,NaN,NaN,NaN,NaN,NaN,NaN,NaN,NaN,NaN,NaN,NaN,NaN,NaN,NaN,NaN,NaN,NaN,NaN,NaN,NaN,NaN,NaN,NaN,NaN,NaN,NaN,NaN,NaN,NaN,NaN,NaN,NaN,NaN,NaN,NaN,NaN,NaN,NaN,NaN,NaN,NaN,NaN,NaN,NaN,NaN,NaN,NaN,NaN,NaN,NaN,NaN,NaN,NaN,NaN,NaN,NaN,NaN,NaN,NaN,NaN,NaN,NaN,NaN,NaN,NaN,NaN,NaN,NaN,NaN,NaN,NaN,NaN,3.4421740833747e-18,NaN,NaN,0.239377718654091,0.239492066510306,0.239413581753827,0.239250211799188,0.238869804123752,0.238695498212326,0.238459075571485,0.238427201083995,NaN,NaN,NaN,NaN,NaN,NaN,NaN,NaN,NaN,NaN,NaN,NaN,NaN,NaN,NaN,NaN,NaN,NaN,NaN,NaN,NaN,NaN,NaN,NaN,NaN,NaN,NaN,NaN,NaN,NaN,NaN,NaN,NaN,0.233951751618877,0.233935512138775,0.246073209127931,0.246153782741829,0.245958112222311,NaN,NaN,NaN,NaN,NaN,NaN,NaN,NaN,NaN,NaN,NaN,NaN,NaN,NaN,NaN,NaN,NaN,NaN,NaN,NaN,NaN,NaN,NaN,NaN,NaN,NaN,NaN,NaN,NaN,NaN,NaN,NaN,NaN,NaN,NaN
NaN,NaN,NaN,NaN,NaN,NaN,NaN,NaN,NaN,NaN,NaN,NaN,NaN,NaN,NaN,NaN,NaN,NaN,NaN,NaN,NaN,NaN,NaN,NaN,NaN,NaN,NaN,NaN,NaN,NaN,NaN,NaN,NaN,NaN,NaN,NaN,NaN,NaN,NaN,NaN,NaN,NaN,NaN,NaN,NaN,NaN,NaN,NaN,NaN,NaN,NaN,NaN,NaN,NaN,NaN,NaN,NaN,NaN,NaN,NaN,NaN,NaN,NaN,NaN,NaN,NaN,NaN,NaN,NaN,NaN,NaN,NaN,NaN,NaN,NaN,NaN,NaN,NaN,NaN,NaN,NaN,NaN,NaN,NaN,NaN,NaN,NaN,NaN,NaN,NaN,NaN,NaN,NaN,NaN,NaN,NaN,NaN,NaN,NaN,NaN,NaN,NaN,NaN,NaN,NaN,NaN,NaN,NaN,NaN,NaN,NaN,NaN,NaN,NaN,NaN,NaN,NaN,NaN,NaN,NaN,NaN,NaN,NaN,NaN,NaN,NaN,NaN,NaN,NaN,NaN,NaN,NaN,NaN,NaN,NaN,NaN,NaN,NaN,NaN,NaN,NaN,NaN,NaN,NaN,NaN,NaN,NaN,NaN,NaN,NaN,NaN,NaN,NaN,NaN,NaN,NaN,NaN,NaN,NaN,NaN,NaN,NaN,NaN,0.239591882243309,0.239529867210475,NaN,0.239335262826218,0.23919973345675,0.23837021573434,0.238087061744372,0.238126610778238,0.238149576569102,NaN,NaN,NaN,NaN,NaN,NaN,NaN,NaN,NaN,NaN,NaN,NaN,NaN,NaN,NaN,NaN,NaN,NaN,NaN,NaN,NaN,NaN,NaN,NaN,NaN,NaN,NaN,NaN,NaN,NaN,NaN,NaN,NaN,NaN,0.195060245683243,0.238392095491508,0.245863364032349,0.245965424818412,0.203701609153439,0.205268183242972,NaN,NaN,NaN,NaN,NaN,NaN,NaN,NaN,NaN,NaN,NaN,NaN,NaN,NaN,NaN,NaN,NaN,NaN,NaN,NaN,NaN,NaN,NaN,NaN,NaN,NaN,NaN,NaN,NaN,NaN,NaN,NaN,NaN
NaN,NaN,NaN,NaN,NaN,NaN,NaN,NaN,NaN,NaN,NaN,NaN,NaN,NaN,NaN,NaN,NaN,NaN,NaN,NaN,NaN,NaN,NaN,NaN,NaN,NaN,NaN,NaN,NaN,NaN,NaN,NaN,NaN,NaN,NaN,NaN,NaN,NaN,NaN,NaN,NaN,NaN,NaN,NaN,NaN,NaN,NaN,NaN,NaN,NaN,NaN,NaN,NaN,NaN,NaN,NaN,NaN,NaN,NaN,NaN,NaN,NaN,NaN,NaN,NaN,NaN,NaN,NaN,NaN,NaN,NaN,NaN,NaN,NaN,NaN,NaN,NaN,NaN,NaN,NaN,NaN,NaN,NaN,NaN,NaN,NaN,NaN,NaN,NaN,NaN,NaN,NaN,NaN,NaN,NaN,NaN,NaN,NaN,NaN,NaN,NaN,NaN,NaN,NaN,NaN,NaN,NaN,NaN,NaN,NaN,NaN,NaN,NaN,NaN,NaN,NaN,NaN,NaN,NaN,NaN,NaN,NaN,NaN,NaN,NaN,NaN,NaN,NaN,NaN,NaN,NaN,NaN,NaN,NaN,NaN,NaN,NaN,NaN,NaN,NaN,NaN,NaN,NaN,NaN,NaN,NaN,NaN,NaN,NaN,NaN,NaN,NaN,NaN,NaN,NaN,NaN,NaN,NaN,NaN,NaN,NaN,NaN,NaN,0.239560625319803,0.239746862159143,0.239828985340218,0.239658922024337,0.238918478753285,0.237899434791108,0.237566457881358,0.237259784819691,0.2370912718685,0.237012556777544,NaN,NaN,NaN,NaN,NaN,NaN,NaN,NaN,NaN,NaN,NaN,NaN,NaN,NaN,NaN,NaN,NaN,NaN,NaN,NaN,NaN,NaN,NaN,NaN,NaN,NaN,NaN,NaN,NaN,NaN,NaN,NaN,NaN,0.202484513556431,0.20238613467593,0.24584538581184,0.246032639995955,0.208434094889522,0.209154476199589,NaN,NaN,NaN,NaN,NaN,NaN,NaN,NaN,NaN,NaN,NaN,NaN,NaN,NaN,NaN,NaN,NaN,NaN,NaN,NaN,NaN,NaN,NaN,NaN,NaN,NaN,NaN,NaN,NaN,NaN,NaN,NaN,NaN
NaN,NaN,NaN,NaN,NaN,NaN,NaN,NaN,NaN,NaN,NaN,NaN,NaN,NaN,NaN,NaN,NaN,NaN,NaN,NaN,NaN,NaN,NaN,NaN,NaN,NaN,NaN,NaN,NaN,NaN,NaN,NaN,NaN,NaN,NaN,NaN,NaN,NaN,NaN,NaN,NaN,NaN,NaN,NaN,NaN,NaN,NaN,NaN,NaN,NaN,NaN,NaN,NaN,NaN,NaN,NaN,NaN,NaN,NaN,NaN,NaN,NaN,NaN,NaN,NaN,NaN,NaN,NaN,NaN,NaN,NaN,NaN,NaN,NaN,NaN,NaN,NaN,NaN,NaN,NaN,NaN,NaN,NaN,NaN,NaN,NaN,NaN,NaN,NaN,NaN,NaN,NaN,NaN,NaN,NaN,NaN,NaN,NaN,NaN,NaN,NaN,NaN,NaN,NaN,NaN,NaN,NaN,NaN,NaN,NaN,NaN,NaN,NaN,NaN,NaN,NaN,NaN,NaN,NaN,NaN,NaN,NaN,NaN,NaN,NaN,NaN,NaN,NaN,NaN,NaN,NaN,NaN,NaN,NaN,NaN,NaN,NaN,NaN,NaN,NaN,NaN,NaN,NaN,NaN,NaN,NaN,NaN,NaN,NaN,NaN,NaN,NaN,NaN,NaN,NaN,NaN,NaN,NaN,NaN,NaN,NaN,NaN,NaN,NaN,0.23960364014402,0.239844821576972,NaN,NaN,0.236633387711987,0.237072174388051,0.23702302467975,0.236999739701502,0.237245389647991,0.237461199170595,0.237258223517913,NaN,NaN,NaN,NaN,NaN,NaN,NaN,NaN,NaN,NaN,NaN,NaN,NaN,NaN,NaN,NaN,NaN,NaN,NaN,NaN,NaN,NaN,NaN,NaN,NaN,NaN,NaN,NaN,NaN,NaN,0.202557704028566,0.245638619267005,0.245654015120275,0.245605800883039,0.245828712424541,0.245881234227689,0.245860410636107,NaN,NaN,NaN,NaN,NaN,NaN,NaN,NaN,NaN,NaN,NaN,NaN,NaN,NaN,NaN,NaN,NaN,NaN,NaN,NaN,NaN,NaN,NaN,NaN,NaN,NaN,NaN,NaN,NaN,NaN,NaN,NaN,NaN
NaN,NaN,NaN,NaN,NaN,NaN,NaN,NaN,NaN,NaN,NaN,NaN,NaN,NaN,NaN,NaN,NaN,NaN,NaN,NaN,NaN,NaN,NaN,NaN,NaN,NaN,NaN,NaN,NaN,NaN,NaN,NaN,NaN,NaN,NaN,NaN,NaN,NaN,NaN,NaN,NaN,NaN,NaN,NaN,NaN,NaN,NaN,NaN,NaN,NaN,NaN,NaN,NaN,NaN,NaN,NaN,NaN,NaN,NaN,NaN,NaN,NaN,NaN,NaN,NaN,NaN,NaN,NaN,NaN,NaN,NaN,NaN,NaN,NaN,NaN,NaN,NaN,NaN,NaN,NaN,NaN,NaN,NaN,NaN,NaN,NaN,NaN,NaN,NaN,NaN,NaN,NaN,NaN,NaN,NaN,NaN,NaN,NaN,NaN,NaN,NaN,NaN,NaN,NaN,NaN,NaN,NaN,NaN,NaN,NaN,NaN,NaN,NaN,NaN,NaN,NaN,NaN,NaN,NaN,NaN,NaN,NaN,NaN,NaN,NaN,NaN,NaN,NaN,NaN,NaN,NaN,NaN,NaN,NaN,NaN,NaN,NaN,NaN,NaN,NaN,NaN,NaN,NaN,NaN,NaN,NaN,NaN,NaN,NaN,NaN,NaN,NaN,NaN,NaN,NaN,NaN,NaN,NaN,NaN,NaN,NaN,NaN,NaN,NaN,NaN,NaN,NaN,NaN,0.237517384624057,0.237156352291284,0.236992278555256,0.23697524932647,0.237696231703948,0.237709104049713,0.237440338634326,NaN,NaN,NaN,NaN,NaN,NaN,NaN,NaN,NaN,NaN,NaN,NaN,NaN,NaN,NaN,NaN,NaN,NaN,NaN,NaN,NaN,NaN,NaN,NaN,NaN,NaN,NaN,NaN,NaN,NaN,0.202561691735555,0.245698527020858,0.24562320491965,0.227556834832758,0.239955756986595,0.245923990846588,0.245929205281256,NaN,NaN,NaN,NaN,NaN,NaN,NaN,NaN,NaN,NaN,NaN,NaN,NaN,NaN,NaN,NaN,NaN,NaN,NaN,NaN,NaN,NaN,NaN,NaN,NaN,NaN,NaN,NaN,NaN,NaN,NaN,NaN,NaN
NaN,NaN,NaN,NaN,NaN,NaN,NaN,NaN,NaN,NaN,NaN,NaN,NaN,NaN,NaN,NaN,NaN,NaN,NaN,NaN,NaN,NaN,NaN,NaN,NaN,NaN,NaN,NaN,NaN,NaN,NaN,NaN,NaN,NaN,NaN,NaN,NaN,NaN,NaN,NaN,NaN,NaN,NaN,NaN,NaN,NaN,NaN,NaN,NaN,NaN,NaN,NaN,NaN,NaN,NaN,NaN,NaN,NaN,NaN,NaN,NaN,NaN,NaN,NaN,NaN,NaN,NaN,NaN,NaN,NaN,NaN,NaN,NaN,NaN,NaN,NaN,NaN,0.0925971454983799,0.0958827668359619,0.0914852232171801,NaN,NaN,NaN,NaN,NaN,NaN,NaN,NaN,NaN,NaN,NaN,NaN,NaN,NaN,NaN,NaN,NaN,NaN,NaN,NaN,NaN,NaN,NaN,NaN,NaN,NaN,NaN,NaN,NaN,NaN,NaN,NaN,NaN,NaN,NaN,NaN,NaN,NaN,NaN,NaN,NaN,NaN,NaN,NaN,NaN,NaN,NaN,NaN,NaN,NaN,NaN,NaN,NaN,NaN,NaN,NaN,NaN,NaN,NaN,NaN,NaN,NaN,NaN,NaN,NaN,NaN,NaN,NaN,NaN,NaN,NaN,NaN,NaN,NaN,NaN,NaN,NaN,NaN,NaN,NaN,NaN,NaN,NaN,NaN,NaN,NaN,NaN,NaN,0.237914269819382,0.236583393751623,0.236620515351645,0.236965377886013,0.23782458520463,0.237856748850141,NaN,NaN,NaN,NaN,NaN,NaN,NaN,NaN,NaN,NaN,NaN,NaN,NaN,NaN,NaN,NaN,NaN,NaN,NaN,NaN,NaN,NaN,NaN,NaN,NaN,NaN,NaN,NaN,NaN,NaN,NaN,0.175527851193635,0.202578940473541,0.2021585358274,NaN,0.201774261060951,0.24556821359302,0.24593228692124,NaN,NaN,NaN,NaN,NaN,NaN,NaN,NaN,NaN,NaN,NaN,NaN,NaN,NaN,NaN,NaN,NaN,NaN,NaN,NaN,NaN,NaN,NaN,NaN,NaN,NaN,NaN,NaN,NaN,NaN,NaN,NaN,NaN
NaN,NaN,NaN,NaN,NaN,NaN,NaN,NaN,NaN,NaN,NaN,NaN,NaN,NaN,NaN,NaN,NaN,NaN,NaN,NaN,NaN,NaN,NaN,NaN,NaN,NaN,NaN,NaN,NaN,NaN,NaN,NaN,NaN,NaN,NaN,NaN,NaN,NaN,NaN,NaN,NaN,NaN,NaN,NaN,NaN,NaN,NaN,NaN,NaN,NaN,NaN,NaN,NaN,NaN,NaN,NaN,NaN,NaN,NaN,NaN,NaN,NaN,NaN,NaN,NaN,NaN,NaN,NaN,NaN,NaN,NaN,NaN,NaN,NaN,NaN,NaN,0.0936305468921604,0.0958892871183758,0.0958862860337324,0.0959055194597358,NaN,NaN,NaN,NaN,NaN,NaN,NaN,NaN,NaN,NaN,NaN,NaN,NaN,NaN,NaN,NaN,NaN,NaN,NaN,NaN,NaN,NaN,NaN,NaN,NaN,NaN,NaN,NaN,NaN,NaN,NaN,NaN,NaN,NaN,NaN,NaN,NaN,NaN,NaN,NaN,NaN,NaN,NaN,NaN,NaN,NaN,NaN,NaN,NaN,NaN,NaN,NaN,NaN,NaN,NaN,NaN,NaN,NaN,NaN,NaN,NaN,NaN,NaN,NaN,NaN,NaN,NaN,NaN,NaN,NaN,NaN,NaN,NaN,NaN,NaN,NaN,NaN,NaN,NaN,NaN,NaN,NaN,NaN,NaN,NaN,NaN,NaN,NaN,NaN,0.234330075220443,0.235586017612962,0.236255103636488,0.237606462697858,0.237900650355984,NaN,NaN,NaN,NaN,NaN,NaN,NaN,NaN,NaN,NaN,NaN,NaN,NaN,NaN,NaN,NaN,NaN,NaN,NaN,NaN,NaN,NaN,NaN,NaN,NaN,NaN,NaN,NaN,NaN,NaN,NaN,NaN,0.175551722247251,0.175294607023074,NaN,0.201695326615287,0.245573868292306,0.223172346461478,NaN,NaN,NaN,NaN,NaN,NaN,NaN,NaN,NaN,NaN,NaN,NaN,NaN,NaN,NaN,NaN,NaN,NaN,NaN,NaN,NaN,NaN,NaN,NaN,NaN,NaN,NaN,NaN,NaN,NaN,NaN,NaN,NaN
NaN,NaN,NaN,NaN,NaN,NaN,NaN,NaN,NaN,NaN,NaN,NaN,NaN,NaN,NaN,NaN,NaN,NaN,NaN,NaN,NaN,NaN,NaN,NaN,NaN,NaN,NaN,NaN,NaN,NaN,NaN,NaN,NaN,NaN,NaN,NaN,NaN,NaN,NaN,NaN,NaN,NaN,NaN,NaN,NaN,NaN,NaN,NaN,NaN,NaN,NaN,NaN,NaN,NaN,NaN,NaN,NaN,NaN,NaN,NaN,NaN,NaN,NaN,NaN,NaN,NaN,NaN,NaN,NaN,NaN,NaN,NaN,NaN,NaN,NaN,0.09366577728557,0.095923335017397,0.0958947802213592,0.0958465402211428,NaN,NaN,NaN,NaN,NaN,NaN,NaN,0.08932387960044,0.0964151216792884,NaN,NaN,NaN,NaN,NaN,NaN,NaN,NaN,NaN,NaN,NaN,NaN,NaN,NaN,NaN,NaN,NaN,NaN,NaN,NaN,NaN,NaN,NaN,NaN,NaN,NaN,NaN,NaN,NaN,NaN,NaN,NaN,NaN,NaN,NaN,NaN,NaN,NaN,NaN,NaN,NaN,NaN,NaN,NaN,NaN,NaN,NaN,NaN,NaN,NaN,NaN,NaN,NaN,NaN,NaN,NaN,NaN,NaN,NaN,NaN,NaN,NaN,NaN,NaN,NaN,NaN,NaN,NaN,NaN,NaN,NaN,NaN,NaN,NaN,NaN,NaN,NaN,NaN,NaN,NaN,NaN,0.234164529665527,0.234375520843218,0.233777724436674,NaN,NaN,NaN,NaN,NaN,NaN,NaN,NaN,NaN,NaN,NaN,NaN,NaN,NaN,NaN,NaN,NaN,NaN,NaN,NaN,NaN,NaN,NaN,NaN,NaN,NaN,NaN,NaN,NaN,NaN,NaN,NaN,NaN,0.148037134360564,0.158872729257611,NaN,NaN,NaN,0.202612784499612,0.223753720034134,0.193447258386563,NaN,NaN,NaN,NaN,NaN,NaN,NaN,NaN,NaN,NaN,NaN,NaN,NaN,NaN,NaN,NaN,NaN,NaN,NaN,NaN,NaN,NaN,NaN,NaN,NaN,NaN,NaN,NaN,NaN,NaN,NaN,NaN
NaN,NaN,NaN,NaN,NaN,NaN,NaN,NaN,NaN,NaN,NaN,NaN,NaN,NaN,NaN,NaN,NaN,NaN,NaN,NaN,NaN,NaN,NaN,NaN,NaN,NaN,NaN,NaN,NaN,NaN,NaN,NaN,NaN,NaN,NaN,NaN,NaN,NaN,NaN,NaN,NaN,NaN,NaN,NaN,NaN,NaN,NaN,NaN,NaN,NaN,NaN,NaN,NaN,NaN,NaN,NaN,NaN,NaN,NaN,NaN,NaN,NaN,NaN,NaN,NaN,NaN,NaN,NaN,NaN,NaN,NaN,NaN,NaN,NaN,NaN,0.0960414888658667,0.0959499631267448,0.0959119007131731,0.0958892938092441,NaN,NaN,NaN,NaN,NaN,NaN,NaN,0.0964275371433086,0.0964305097708095,0.0964403131203272,0.0893308974572068,NaN,NaN,NaN,NaN,NaN,NaN,NaN,NaN,NaN,NaN,NaN,NaN,NaN,NaN,NaN,NaN,NaN,NaN,NaN,NaN,NaN,NaN,NaN,NaN,NaN,NaN,NaN,NaN,NaN,NaN,NaN,NaN,NaN,NaN,NaN,NaN,NaN,NaN,NaN,NaN,NaN,NaN,NaN,NaN,NaN,NaN,NaN,NaN,NaN,NaN,NaN,NaN,NaN,NaN,NaN,NaN,NaN,NaN,NaN,NaN,NaN,NaN,NaN,NaN,NaN,NaN,NaN,NaN,NaN,NaN,NaN,NaN,NaN,NaN,NaN,NaN,NaN,NaN,NaN,0.233438504464441,0.233504861117899,0.233152065797067,NaN,NaN,NaN,NaN,NaN,NaN,NaN,NaN,NaN,NaN,NaN,NaN,NaN,NaN,NaN,NaN,NaN,NaN,NaN,NaN,NaN,NaN,NaN,NaN,NaN,NaN,NaN,NaN,NaN,NaN,NaN,NaN,NaN,0.140584250886499,0.148042589337596,NaN,NaN,NaN,0.201176677273459,0.223783240969025,0.201194612376666,NaN,NaN,NaN,NaN,NaN,NaN,NaN,NaN,NaN,NaN,NaN,NaN,NaN,NaN,NaN,NaN,NaN,NaN,NaN,NaN,NaN,NaN,NaN,NaN,NaN,NaN,NaN,NaN,NaN,NaN,NaN,NaN
NaN,NaN,NaN,NaN,NaN,NaN,NaN,NaN,NaN,NaN,NaN,NaN,NaN,NaN,NaN,NaN,NaN,NaN,NaN,NaN,NaN,NaN,NaN,NaN,NaN,NaN,NaN,NaN,NaN,NaN,NaN,NaN,NaN,NaN,NaN,NaN,NaN,NaN,NaN,NaN,NaN,NaN,NaN,NaN,NaN,NaN,NaN,NaN,NaN,NaN,NaN,NaN,NaN,NaN,NaN,NaN,NaN,NaN,NaN,NaN,NaN,NaN,NaN,NaN,NaN,NaN,NaN,NaN,NaN,NaN,NaN,NaN,NaN,NaN,0.0964665566902656,0.0962529925934895,0.0960512031978484,0.0959562603477485,0.0959298318091095,NaN,NaN,NaN,NaN,NaN,NaN,0.0964386926454543,0.0964410709790832,0.0964434533935174,0.0964634018011778,0.0964879295831147,NaN,NaN,NaN,NaN,NaN,NaN,NaN,NaN,NaN,NaN,NaN,NaN,NaN,NaN,NaN,NaN,NaN,NaN,NaN,NaN,NaN,NaN,NaN,NaN,NaN,NaN,NaN,NaN,NaN,NaN,NaN,NaN,NaN,NaN,NaN,NaN,NaN,NaN,NaN,NaN,NaN,NaN,NaN,NaN,NaN,NaN,NaN,NaN,NaN,NaN,NaN,NaN,NaN,NaN,NaN,NaN,NaN,NaN,NaN,NaN,NaN,NaN,NaN,NaN,NaN,NaN,NaN,NaN,NaN,NaN,NaN,NaN,NaN,NaN,NaN,NaN,NaN,NaN,NaN,0.233549732381427,0.233052565815295,0.232335307732078,NaN,NaN,NaN,NaN,NaN,NaN,NaN,NaN,NaN,NaN,NaN,NaN,NaN,NaN,NaN,NaN,NaN,NaN,NaN,NaN,NaN,NaN,NaN,NaN,NaN,NaN,NaN,NaN,NaN,NaN,NaN,NaN,NaN,NaN,NaN,NaN,NaN,NaN,0.178385621294217,0.207676159142416,0.178381911319587,NaN,NaN,NaN,NaN,NaN,NaN,NaN,NaN,NaN,NaN,NaN,NaN,NaN,NaN,NaN,NaN,NaN,NaN,NaN,NaN,NaN,NaN,NaN,NaN,NaN,NaN,NaN,NaN,NaN,NaN,NaN,NaN
NaN,NaN,NaN,NaN,NaN,NaN,NaN,NaN,NaN,NaN,NaN,NaN,NaN,NaN,NaN,NaN,NaN,NaN,NaN,NaN,NaN,NaN,NaN,NaN,NaN,NaN,NaN,NaN,NaN,NaN,NaN,NaN,NaN,NaN,NaN,NaN,NaN,NaN,NaN,NaN,NaN,NaN,NaN,NaN,NaN,NaN,NaN,NaN,NaN,NaN,NaN,NaN,NaN,NaN,NaN,NaN,NaN,NaN,NaN,NaN,NaN,NaN,NaN,NaN,NaN,NaN,NaN,NaN,NaN,NaN,NaN,NaN,NaN,0.0967715006891248,0.0969483586306811,0.096476254351215,0.0938263603002824,0.0960701608308137,0.093837975320641,NaN,NaN,0.094934666909432,0.0968965318089565,0.095892045750948,NaN,0.0922621239380634,0.0964583431026719,0.096464528800181,0.0965073996897672,0.0965457267705396,0.0965940558348018,NaN,NaN,NaN,NaN,NaN,NaN,NaN,NaN,NaN,NaN,NaN,NaN,NaN,NaN,NaN,NaN,NaN,NaN,NaN,NaN,NaN,NaN,NaN,NaN,NaN,NaN,NaN,NaN,NaN,NaN,NaN,NaN,NaN,NaN,NaN,NaN,NaN,NaN,NaN,NaN,NaN,NaN,NaN,NaN,NaN,NaN,NaN,NaN,NaN,NaN,NaN,NaN,NaN,NaN,NaN,NaN,NaN,NaN,NaN,NaN,NaN,NaN,NaN,NaN,NaN,NaN,NaN,NaN,NaN,NaN,NaN,NaN,NaN,NaN,NaN,NaN,NaN,0.228721078636831,0.231285578742831,0.231891062992254,0.231596503692182,NaN,NaN,NaN,NaN,NaN,NaN,NaN,NaN,NaN,NaN,NaN,NaN,NaN,NaN,NaN,NaN,NaN,NaN,NaN,NaN,NaN,NaN,NaN,NaN,NaN,NaN,NaN,NaN,NaN,NaN,NaN,NaN,NaN,NaN,NaN,NaN,NaN,NaN,NaN,NaN,NaN,NaN,NaN,NaN,NaN,NaN,NaN,NaN,NaN,NaN,NaN,NaN,NaN,NaN,NaN,NaN,NaN,NaN,NaN,NaN,NaN,NaN,NaN,NaN,NaN,NaN,NaN,NaN,NaN,NaN,NaN,NaN,NaN
NaN,NaN,NaN,NaN,NaN,NaN,NaN,NaN,NaN,NaN,NaN,NaN,NaN,NaN,NaN,NaN,NaN,NaN,NaN,NaN,NaN,NaN,NaN,NaN,NaN,NaN,NaN,NaN,NaN,NaN,NaN,NaN,NaN,NaN,NaN,NaN,NaN,NaN,NaN,NaN,NaN,NaN,NaN,NaN,NaN,NaN,NaN,NaN,NaN,NaN,NaN,NaN,NaN,NaN,NaN,NaN,NaN,NaN,NaN,NaN,NaN,NaN,NaN,NaN,NaN,NaN,NaN,NaN,NaN,NaN,NaN,NaN,NaN,0.0974263080490918,0.0971756012128779,0.09479917191829,0.0963381265335772,0.0962721063319078,0.0913548366860133,NaN,0.0949528020375452,0.0986975007217938,0.0986846506164731,0.0986780737055445,0.0986620872961281,0.0923663745540888,0.0923960086113553,0.0919843494232588,0.0965766863585229,0.0966155432054555,0.0966605351039869,NaN,NaN,NaN,NaN,NaN,NaN,NaN,NaN,NaN,NaN,NaN,NaN,NaN,NaN,NaN,NaN,NaN,NaN,NaN,NaN,NaN,NaN,NaN,NaN,NaN,NaN,NaN,NaN,NaN,NaN,NaN,NaN,NaN,NaN,NaN,NaN,NaN,NaN,NaN,NaN,NaN,NaN,NaN,NaN,NaN,NaN,NaN,NaN,NaN,NaN,NaN,NaN,NaN,NaN,NaN,NaN,NaN,NaN,NaN,NaN,NaN,NaN,NaN,NaN,NaN,NaN,NaN,NaN,NaN,NaN,NaN,NaN,NaN,NaN,NaN,NaN,0.231316218118528,0.230153651809919,0.231216225335911,0.232792849301777,0.233320596284954,0.233177402097593,NaN,NaN,NaN,NaN,NaN,NaN,NaN,NaN,NaN,NaN,NaN,NaN,NaN,NaN,NaN,NaN,NaN,NaN,NaN,NaN,NaN,NaN,NaN,NaN,NaN,NaN,NaN,NaN,NaN,NaN,NaN,NaN,NaN,NaN,NaN,NaN,NaN,NaN,NaN,NaN,NaN,NaN,NaN,NaN,NaN,NaN,NaN,NaN,NaN,NaN,NaN,NaN,NaN,NaN,NaN,NaN,NaN,NaN,NaN,NaN,NaN,NaN,NaN,NaN,NaN,NaN,NaN,NaN,NaN,NaN,NaN,NaN
NaN,NaN,NaN,NaN,NaN,NaN,NaN,NaN,NaN,NaN,NaN,NaN,NaN,NaN,NaN,NaN,NaN,NaN,NaN,NaN,NaN,NaN,NaN,NaN,NaN,NaN,NaN,NaN,NaN,NaN,NaN,NaN,NaN,NaN,NaN,NaN,NaN,NaN,NaN,NaN,NaN,NaN,NaN,NaN,NaN,NaN,NaN,NaN,NaN,NaN,NaN,NaN,NaN,NaN,NaN,NaN,NaN,NaN,NaN,NaN,NaN,NaN,NaN,NaN,NaN,NaN,NaN,NaN,NaN,NaN,NaN,NaN,0.0974364250044785,0.0978233843663902,0.0972805486382758,0.0973062782201603,0.0937961362160443,0.0953405711349608,0.0880867389917511,NaN,0.0942687321546775,0.0987380060203406,0.0969713139746817,0.0967465723492229,0.0974896693066061,0.0959621524745044,0.0972718451076776,0.0944061353408417,0.0944115947045746,0.0967414477053617,0.0967993032101539,0.0969148340246299,0.096946277737284,NaN,NaN,NaN,NaN,NaN,NaN,NaN,NaN,NaN,NaN,NaN,NaN,NaN,NaN,NaN,NaN,NaN,NaN,NaN,NaN,NaN,NaN,NaN,NaN,NaN,NaN,NaN,NaN,NaN,NaN,NaN,NaN,NaN,NaN,NaN,NaN,NaN,NaN,NaN,NaN,NaN,NaN,NaN,NaN,NaN,NaN,NaN,NaN,NaN,NaN,NaN,NaN,NaN,NaN,NaN,NaN,NaN,NaN,NaN,NaN,NaN,NaN,NaN,NaN,NaN,NaN,NaN,NaN,NaN,NaN,NaN,NaN,NaN,NaN,0.230885881546156,0.230755078171689,0.23173300692914,0.233945097920178,0.234426777279227,0.233840951322722,0.233866191398584,NaN,NaN,NaN,NaN,NaN,NaN,NaN,NaN,NaN,NaN,NaN,NaN,NaN,NaN,NaN,NaN,NaN,NaN,NaN,NaN,NaN,NaN,NaN,NaN,NaN,NaN,NaN,NaN,NaN,NaN,NaN,NaN,NaN,NaN,NaN,NaN,NaN,NaN,NaN,NaN,NaN,NaN,NaN,NaN,NaN,NaN,NaN,NaN,NaN,NaN,NaN,NaN,NaN,NaN,NaN,NaN,NaN,NaN,NaN,NaN,NaN,NaN,NaN,NaN,NaN,NaN,NaN,NaN,NaN,NaN,NaN
NaN,NaN,NaN,NaN,NaN,NaN,NaN,NaN,NaN,NaN,NaN,NaN,NaN,NaN,NaN,NaN,NaN,NaN,NaN,NaN,NaN,NaN,NaN,NaN,NaN,NaN,NaN,NaN,NaN,NaN,NaN,NaN,NaN,NaN,NaN,NaN,NaN,NaN,NaN,NaN,NaN,NaN,NaN,NaN,NaN,NaN,NaN,NaN,NaN,NaN,NaN,NaN,NaN,NaN,NaN,NaN,NaN,NaN,NaN,NaN,NaN,NaN,NaN,NaN,NaN,NaN,NaN,NaN,NaN,NaN,NaN,NaN,0.0975357743740092,0.0980763913964787,0.0976863091728991,0.0970132764343324,0.0958939573701002,0.0969913643679875,0.0952721756906093,NaN,0.0898522701269295,0.0988798009595744,0.100744590711351,0.101141743236601,0.100997483317065,0.0993660653423766,0.0984754351794083,0.0978874682036762,0.0975522391372058,0.0956157638694408,0.0969400183184952,0.0969641853350887,0.0969846787650137,0.0970160028327784,NaN,NaN,NaN,NaN,NaN,NaN,NaN,NaN,NaN,NaN,NaN,NaN,NaN,NaN,NaN,NaN,NaN,NaN,NaN,NaN,NaN,NaN,NaN,NaN,NaN,NaN,NaN,NaN,NaN,NaN,NaN,NaN,NaN,NaN,NaN,NaN,NaN,NaN,NaN,NaN,NaN,NaN,NaN,NaN,NaN,NaN,NaN,NaN,NaN,NaN,NaN,NaN,NaN,NaN,NaN,NaN,NaN,NaN,NaN,NaN,NaN,NaN,NaN,NaN,NaN,NaN,NaN,NaN,NaN,NaN,NaN,NaN,NaN,0.230933454010823,0.230263692013224,0.230269494934545,0.233251634688417,0.234243633740954,0.233643528280206,0.233831349535394,NaN,NaN,NaN,NaN,NaN,NaN,NaN,NaN,NaN,NaN,NaN,NaN,NaN,NaN,NaN,NaN,NaN,NaN,NaN,NaN,NaN,NaN,NaN,NaN,NaN,NaN,NaN,NaN,NaN,NaN,NaN,NaN,NaN,NaN,NaN,NaN,NaN,NaN,NaN,NaN,NaN,NaN,NaN,NaN,NaN,NaN,NaN,NaN,NaN,NaN,NaN,NaN,NaN,NaN,NaN,NaN,NaN,NaN,NaN,NaN,NaN,NaN,NaN,NaN,NaN,NaN,NaN,NaN,NaN,NaN,NaN
NaN,NaN,NaN,NaN,NaN,NaN,NaN,NaN,NaN,NaN,NaN,NaN,NaN,NaN,NaN,NaN,NaN,NaN,NaN,NaN,NaN,NaN,NaN,NaN,NaN,NaN,NaN,NaN,NaN,NaN,NaN,NaN,NaN,NaN,NaN,NaN,NaN,NaN,NaN,NaN,NaN,NaN,NaN,NaN,NaN,NaN,NaN,NaN,NaN,NaN,NaN,NaN,NaN,NaN,NaN,NaN,NaN,NaN,NaN,NaN,NaN,NaN,NaN,NaN,NaN,NaN,NaN,NaN,NaN,NaN,NaN,NaN,NaN,0.0986319982117842,0.098025959982523,0.101851541686332,0.0995646174006398,0.0989011389250376,0.100231019407887,0.099082787969592,0.0985995425624475,0.101936300689257,0.102364392520661,0.102595926861066,0.102674387634848,0.102312402483308,0.100682221674674,0.0998972036679987,0.0989834531886837,0.0982234567079001,0.0973168246690105,0.0970624758040713,0.0970517658477915,0.0970666897693587,0.0970683474760442,NaN,NaN,NaN,NaN,NaN,NaN,NaN,NaN,NaN,NaN,NaN,NaN,NaN,NaN,NaN,NaN,NaN,NaN,NaN,NaN,NaN,NaN,NaN,NaN,NaN,NaN,NaN,NaN,NaN,NaN,NaN,NaN,NaN,NaN,NaN,NaN,NaN,NaN,NaN,NaN,NaN,NaN,NaN,NaN,NaN,NaN,NaN,NaN,NaN,NaN,NaN,NaN,NaN,NaN,NaN,NaN,NaN,NaN,NaN,NaN,NaN,NaN,NaN,NaN,NaN,NaN,NaN,NaN,NaN,NaN,NaN,0.221240059322511,0.225933328696837,0.227091997317632,0.226018225261735,NaN,NaN,NaN,NaN,NaN,NaN,NaN,NaN,NaN,NaN,NaN,NaN,NaN,NaN,NaN,NaN,NaN,NaN,NaN,NaN,NaN,NaN,NaN,NaN,NaN,NaN,NaN,NaN,NaN,NaN,NaN,NaN,NaN,NaN,NaN,NaN,NaN,NaN,NaN,NaN,NaN,NaN,NaN,NaN,NaN,NaN,NaN,NaN,NaN,NaN,NaN,NaN,NaN,NaN,NaN,NaN,NaN,NaN,NaN,NaN,NaN,NaN,NaN,NaN,NaN,NaN,NaN,NaN,NaN,NaN,NaN,NaN,NaN,NaN,NaN
NaN,NaN,NaN,NaN,NaN,NaN,NaN,NaN,NaN,NaN,NaN,NaN,NaN,NaN,NaN,NaN,NaN,NaN,NaN,NaN,NaN,NaN,NaN,NaN,NaN,NaN,NaN,NaN,NaN,NaN,NaN,NaN,NaN,NaN,NaN,NaN,NaN,NaN,NaN,NaN,NaN,NaN,NaN,NaN,NaN,NaN,NaN,NaN,NaN,NaN,NaN,NaN,NaN,NaN,NaN,NaN,NaN,NaN,NaN,NaN,NaN,NaN,NaN,NaN,NaN,NaN,NaN,NaN,NaN,NaN,NaN,NaN,0.0953744264860668,0.0993524754607134,0.0986289923651622,0.102199811173002,0.101244466654808,0.101323244716742,0.102129442808304,0.101443351308538,0.102439203624333,0.102969133804954,0.103628475365004,0.104100265870003,0.104037115537982,0.102797394759611,0.102306911028143,0.101610612694656,0.101247955936435,0.100487674331999,0.098926056330833,0.0969258279164762,0.0971582011273398,0.0971329737084564,0.097089552711402,NaN,NaN,NaN,NaN,NaN,NaN,NaN,NaN,NaN,NaN,NaN,NaN,NaN,NaN,NaN,NaN,NaN,NaN,NaN,NaN,NaN,NaN,NaN,NaN,NaN,NaN,NaN,NaN,NaN,NaN,NaN,NaN,NaN,NaN,NaN,NaN,NaN,NaN,NaN,NaN,NaN,NaN,NaN,NaN,NaN,NaN,NaN,NaN,NaN,NaN,NaN,NaN,NaN,NaN,NaN,NaN,NaN,NaN,NaN,NaN,NaN,NaN,NaN,NaN,NaN,NaN,NaN,NaN,NaN,NaN,0.219117964919741,0.221064203597397,0.224701847776905,0.226181068435907,0.227149072728154,NaN,NaN,NaN,NaN,NaN,NaN,NaN,NaN,NaN,NaN,NaN,NaN,NaN,NaN,NaN,NaN,NaN,NaN,NaN,NaN,NaN,NaN,NaN,NaN,NaN,NaN,NaN,NaN,NaN,NaN,NaN,NaN,NaN,NaN,NaN,NaN,NaN,NaN,NaN,NaN,NaN,NaN,NaN,NaN,NaN,NaN,NaN,NaN,NaN,NaN,NaN,NaN,NaN,NaN,NaN,NaN,NaN,NaN,NaN,NaN,NaN,NaN,NaN,NaN,NaN,NaN,NaN,NaN,NaN,NaN,NaN,NaN,NaN,NaN,NaN
NaN,NaN,NaN,NaN,NaN,NaN,NaN,NaN,NaN,NaN,NaN,NaN,NaN,NaN,NaN,NaN,NaN,NaN,NaN,NaN,NaN,NaN,NaN,NaN,NaN,NaN,NaN,NaN,NaN,NaN,NaN,NaN,NaN,NaN,NaN,NaN,NaN,NaN,NaN,NaN,NaN,NaN,NaN,NaN,NaN,NaN,NaN,NaN,NaN,NaN,NaN,NaN,NaN,NaN,NaN,NaN,NaN,NaN,NaN,NaN,NaN,NaN,NaN,NaN,NaN,NaN,NaN,NaN,NaN,NaN,NaN,NaN,0.0984431511733534,0.0999185491041971,0.100399286660405,0.10262064063031,0.102697735676432,0.102804908951022,0.103111167436011,0.103316968807412,0.103586351530422,0.103603580483651,0.104249300488777,0.104552298459095,0.104475398714119,0.104156195402419,0.103332352256783,0.103050564880143,0.102659240791538,0.101888758480505,0.102176966872151,0.100044512470497,0.0973099508330662,0.0973344612518848,NaN,NaN,NaN,NaN,NaN,NaN,NaN,NaN,NaN,NaN,NaN,NaN,NaN,NaN,NaN,NaN,NaN,NaN,NaN,NaN,NaN,NaN,NaN,NaN,NaN,NaN,NaN,NaN,NaN,NaN,NaN,NaN,NaN,NaN,NaN,NaN,NaN,NaN,NaN,NaN,NaN,NaN,NaN,NaN,NaN,NaN,NaN,NaN,NaN,NaN,NaN,NaN,NaN,NaN,NaN,NaN,NaN,NaN,NaN,NaN,NaN,NaN,NaN,NaN,NaN,NaN,NaN,NaN,NaN,NaN,0.216172852730575,0.217480132380565,0.220178851355692,0.225939095085698,0.226578642593778,NaN,NaN,NaN,NaN,NaN,NaN,NaN,NaN,NaN,NaN,NaN,NaN,NaN,NaN,NaN,NaN,NaN,NaN,NaN,NaN,NaN,NaN,NaN,NaN,NaN,NaN,NaN,NaN,NaN,NaN,NaN,NaN,NaN,NaN,NaN,NaN,NaN,NaN,NaN,NaN,NaN,NaN,NaN,NaN,NaN,NaN,NaN,NaN,NaN,NaN,NaN,NaN,NaN,NaN,NaN,NaN,NaN,NaN,NaN,NaN,NaN,NaN,NaN,NaN,NaN,NaN,NaN,NaN,NaN,NaN,NaN,NaN,NaN,NaN,NaN,NaN
NaN,NaN,NaN,NaN,NaN,NaN,NaN,NaN,NaN,NaN,NaN,NaN,NaN,NaN,NaN,NaN,NaN,NaN,NaN,NaN,NaN,NaN,NaN,NaN,NaN,NaN,NaN,NaN,NaN,NaN,NaN,NaN,NaN,NaN,NaN,NaN,NaN,NaN,NaN,NaN,NaN,NaN,NaN,NaN,NaN,NaN,NaN,NaN,NaN,NaN,NaN,NaN,NaN,NaN,NaN,NaN,NaN,NaN,NaN,NaN,NaN,NaN,NaN,NaN,NaN,NaN,NaN,NaN,NaN,NaN,NaN,NaN,0.100376297019276,0.100408087589304,0.100923046847696,0.103183158355361,0.103435078488326,0.103777186997807,0.10404644193143,0.104077866416912,0.104145055799033,0.100362863953254,0.103737436615749,0.105276660797546,0.10498836935867,0.10346629004514,0.104115236869636,0.0980362432797482,0.102626378536974,0.103512459644017,0.103309591299211,0.101352100493738,0.0999945136061281,0.0969495516763968,0.0992999532831913,NaN,NaN,NaN,NaN,NaN,NaN,NaN,NaN,NaN,NaN,NaN,NaN,NaN,NaN,NaN,NaN,NaN,NaN,NaN,NaN,NaN,NaN,NaN,NaN,NaN,NaN,NaN,NaN,NaN,NaN,NaN,NaN,NaN,NaN,NaN,NaN,NaN,NaN,NaN,NaN,NaN,NaN,NaN,NaN,NaN,NaN,NaN,NaN,NaN,NaN,NaN,NaN,NaN,NaN,NaN,NaN,NaN,NaN,NaN,NaN,NaN,NaN,NaN,NaN,NaN,NaN,NaN,NaN,0.211207589246572,0.213561111895368,0.215134244478694,0.216337945851361,NaN,NaN,NaN,NaN,NaN,NaN,NaN,NaN,NaN,NaN,NaN,NaN,NaN,NaN,NaN,NaN,NaN,NaN,NaN,NaN,NaN,NaN,NaN,NaN,NaN,NaN,NaN,NaN,NaN,NaN,NaN,NaN,NaN,NaN,NaN,NaN,NaN,NaN,NaN,NaN,NaN,NaN,NaN,NaN,NaN,NaN,NaN,NaN,NaN,NaN,NaN,NaN,NaN,NaN,NaN,NaN,NaN,NaN,NaN,NaN,NaN,NaN,NaN,NaN,NaN,NaN,NaN,NaN,NaN,NaN,NaN,NaN,NaN,NaN,NaN,NaN,NaN,NaN
NaN,NaN,NaN,NaN,NaN,NaN,NaN,NaN,NaN,NaN,NaN,NaN,NaN,NaN,NaN,NaN,NaN,NaN,NaN,NaN,NaN,NaN,NaN,NaN,NaN,NaN,NaN,NaN,NaN,NaN,NaN,NaN,NaN,NaN,NaN,NaN,NaN,NaN,NaN,NaN,NaN,NaN,NaN,NaN,NaN,NaN,NaN,NaN,NaN,NaN,NaN,NaN,NaN,NaN,NaN,NaN,NaN,NaN,NaN,NaN,NaN,NaN,NaN,NaN,NaN,NaN,NaN,NaN,NaN,NaN,0.0882112319561262,0.0957548323226248,0.098932956424004,0.100062107086069,0.102593120678289,0.103712909783891,0.104313957412717,0.104068219920742,0.104886558982327,0.101249511260892,0.101776493862804,0.107029010316665,0.107133949912763,0.106965432282438,0.10404920904791,0.101965173479312,0.105285209077286,0.103074103441779,0.104175680450716,0.105177038340587,0.104779516428841,0.103681593175401,0.102331756058297,0.0993857036166547,0.0995114458112921,0.0994453240864712,NaN,NaN,NaN,NaN,NaN,NaN,NaN,NaN,NaN,NaN,NaN,NaN,NaN,NaN,NaN,NaN,NaN,NaN,NaN,NaN,NaN,NaN,NaN,NaN,NaN,NaN,NaN,NaN,NaN,NaN,NaN,NaN,NaN,NaN,NaN,NaN,NaN,NaN,NaN,NaN,NaN,NaN,NaN,NaN,NaN,NaN,NaN,NaN,NaN,NaN,NaN,NaN,NaN,NaN,NaN,NaN,NaN,NaN,NaN,NaN,NaN,NaN,NaN,NaN,NaN,0.208888303861426,0.208355976697223,0.209868063317821,0.211753970840689,0.211794486223094,NaN,NaN,NaN,NaN,NaN,NaN,NaN,NaN,NaN,NaN,NaN,NaN,NaN,NaN,NaN,NaN,NaN,NaN,NaN,NaN,NaN,NaN,NaN,NaN,NaN,NaN,NaN,NaN,NaN,NaN,NaN,NaN,NaN,NaN,NaN,NaN,NaN,NaN,NaN,NaN,NaN,NaN,NaN,NaN,NaN,NaN,NaN,NaN,NaN,NaN,NaN,NaN,NaN,NaN,NaN,NaN,NaN,NaN,NaN,NaN,NaN,NaN,NaN,NaN,NaN,NaN,NaN,NaN,NaN,NaN,NaN,NaN,NaN,NaN,NaN,NaN,NaN,NaN,NaN
NaN,NaN,NaN,NaN,NaN,NaN,NaN,NaN,NaN,NaN,NaN,NaN,NaN,NaN,NaN,NaN,NaN,NaN,NaN,NaN,NaN,NaN,NaN,NaN,NaN,NaN,NaN,NaN,NaN,NaN,NaN,NaN,NaN,NaN,NaN,NaN,NaN,NaN,NaN,NaN,NaN,NaN,NaN,NaN,NaN,NaN,NaN,NaN,NaN,NaN,NaN,NaN,NaN,NaN,NaN,NaN,NaN,NaN,NaN,NaN,NaN,NaN,NaN,NaN,NaN,NaN,NaN,NaN,NaN,NaN,0.0958501892664683,0.0962888235844264,0.0962369725460361,0.101600996038608,0.103527650053547,0.104214603264134,0.104801214116234,0.10512199300802,0.105714531536795,0.107234160398037,0.107868805739868,0.107951472853474,0.107595411519199,0.107682417973905,0.107152845342581,0.107029870715425,0.105837882088816,0.106924429544439,0.10655490816201,0.106447814397969,0.10587042311959,0.105357375680043,0.103900382361386,0.0989806227197952,0.0994875322613769,0.101450974210958,NaN,NaN,NaN,NaN,NaN,NaN,NaN,NaN,NaN,NaN,NaN,NaN,NaN,NaN,NaN,NaN,NaN,NaN,NaN,NaN,NaN,NaN,NaN,NaN,NaN,NaN,NaN,NaN,NaN,NaN,NaN,NaN,NaN,NaN,NaN,NaN,NaN,NaN,NaN,NaN,NaN,NaN,NaN,NaN,NaN,NaN,NaN,NaN,NaN,NaN,NaN,NaN,NaN,NaN,NaN,NaN,NaN,NaN,NaN,NaN,NaN,NaN,NaN,NaN,NaN,0.209002656840673,0.208874873005191,0.20954113227689,0.21111500030583,0.213346065724591,NaN,NaN,NaN,NaN,NaN,NaN,NaN,NaN,NaN,NaN,NaN,NaN,NaN,NaN,NaN,NaN,NaN,NaN,NaN,NaN,NaN,NaN,NaN,NaN,NaN,NaN,NaN,NaN,NaN,NaN,NaN,NaN,NaN,NaN,NaN,NaN,NaN,NaN,NaN,NaN,NaN,NaN,NaN,NaN,NaN,NaN,NaN,NaN,NaN,NaN,NaN,NaN,NaN,NaN,NaN,NaN,NaN,NaN,NaN,NaN,NaN,NaN,NaN,NaN,NaN,NaN,NaN,NaN,NaN,NaN,NaN,NaN,NaN,NaN,NaN,NaN,NaN,NaN,NaN
NaN,NaN,NaN,NaN,NaN,NaN,NaN,NaN,NaN,NaN,NaN,NaN,NaN,NaN,NaN,NaN,NaN,NaN,NaN,NaN,NaN,NaN,NaN,NaN,NaN,NaN,NaN,NaN,NaN,NaN,NaN,NaN,NaN,NaN,NaN,NaN,NaN,NaN,NaN,NaN,NaN,NaN,NaN,NaN,NaN,NaN,NaN,NaN,NaN,NaN,NaN,NaN,NaN,NaN,NaN,NaN,NaN,NaN,NaN,NaN,NaN,NaN,NaN,NaN,NaN,NaN,NaN,NaN,NaN,NaN,0.088300806739832,0.0960139701910044,0.0964692752746032,0.103018183133656,0.105691916058358,0.104567220691398,0.102187624680191,0.105600296754364,0.101513183172922,0.107806449904287,0.108693502246677,0.108625015782282,0.108122760035933,0.108364000011478,0.108221904752636,0.107150954858422,0.107604490686786,0.107599601023781,0.107252229434398,0.107051571382804,0.106675103077805,0.106087114300246,0.104854018402905,0.101254977947629,0.0982289397303116,0.101527095952791,0.0981360733078949,NaN,NaN,NaN,NaN,NaN,NaN,NaN,NaN,NaN,NaN,NaN,NaN,NaN,NaN,NaN,NaN,NaN,NaN,NaN,NaN,NaN,NaN,NaN,NaN,NaN,NaN,NaN,NaN,NaN,NaN,NaN,NaN,NaN,NaN,NaN,NaN,NaN,NaN,NaN,NaN,NaN,NaN,NaN,NaN,NaN,NaN,NaN,NaN,NaN,NaN,NaN,NaN,NaN,NaN,NaN,NaN,NaN,NaN,NaN,NaN,NaN,NaN,NaN,NaN,0.20960781419364,0.209077669537894,0.208926262267694,0.209058389738602,NaN,NaN,NaN,NaN,NaN,NaN,NaN,NaN,NaN,NaN,NaN,NaN,NaN,NaN,NaN,NaN,NaN,NaN,NaN,NaN,NaN,NaN,NaN,NaN,NaN,NaN,NaN,NaN,NaN,NaN,NaN,NaN,NaN,NaN,NaN,NaN,NaN,NaN,NaN,NaN,NaN,NaN,NaN,NaN,NaN,NaN,NaN,NaN,NaN,NaN,NaN,NaN,NaN,NaN,NaN,NaN,NaN,NaN,NaN,NaN,NaN,NaN,NaN,NaN,NaN,NaN,NaN,NaN,NaN,NaN,NaN,NaN,NaN,NaN,NaN,NaN,NaN,NaN,NaN,NaN
NaN,NaN,NaN,NaN,NaN,NaN,NaN,NaN,NaN,NaN,NaN,NaN,NaN,NaN,NaN,NaN,NaN,NaN,NaN,NaN,NaN,NaN,NaN,NaN,NaN,NaN,NaN,NaN,NaN,NaN,NaN,NaN,NaN,NaN,NaN,NaN,NaN,NaN,NaN,NaN,NaN,NaN,NaN,NaN,NaN,NaN,NaN,NaN,NaN,NaN,NaN,NaN,NaN,NaN,NaN,NaN,NaN,NaN,NaN,NaN,NaN,NaN,NaN,NaN,NaN,NaN,NaN,NaN,NaN,NaN,0.0836181318285817,0.0900133986425614,0.0996723702115435,0.105724318911969,0.106522859699332,0.107413904821614,0.103227640730129,0.102017846269622,0.109565799701974,0.10901323799215,0.109386913154686,0.109299296956003,0.109202901624311,0.109014985121216,0.108888965661205,0.1080017198447,0.108295311493744,0.108173399593128,0.107917909104639,0.107489953546424,0.107175183788892,0.106614100641369,0.105912995861223,0.103210284032899,0.0999774095047031,0.10167024356361,0.0915419674469523,NaN,NaN,NaN,NaN,NaN,NaN,NaN,NaN,NaN,NaN,NaN,NaN,NaN,NaN,NaN,NaN,NaN,NaN,NaN,NaN,NaN,NaN,NaN,NaN,NaN,NaN,NaN,NaN,NaN,NaN,NaN,NaN,NaN,NaN,NaN,NaN,NaN,NaN,NaN,NaN,NaN,NaN,NaN,NaN,NaN,NaN,NaN,NaN,NaN,NaN,NaN,NaN,NaN,NaN,NaN,NaN,NaN,NaN,NaN,NaN,NaN,NaN,NaN,NaN,0.20992585810161,0.209106090870472,0.208454499343233,0.208675330457365,NaN,NaN,NaN,NaN,NaN,NaN,NaN,NaN,NaN,NaN,NaN,NaN,NaN,NaN,NaN,NaN,NaN,NaN,NaN,NaN,NaN,NaN,NaN,NaN,NaN,NaN,NaN,NaN,NaN,NaN,NaN,NaN,NaN,NaN,NaN,NaN,NaN,NaN,NaN,NaN,NaN,NaN,NaN,NaN,NaN,NaN,NaN,NaN,NaN,NaN,NaN,NaN,NaN,NaN,NaN,NaN,NaN,NaN,NaN,NaN,NaN,NaN,NaN,NaN,NaN,NaN,NaN,NaN,NaN,NaN,NaN,NaN,NaN,NaN,NaN,NaN,NaN,NaN,NaN,NaN
NaN,NaN,NaN,NaN,NaN,NaN,NaN,NaN,NaN,NaN,NaN,NaN,NaN,NaN,NaN,NaN,NaN,NaN,NaN,NaN,NaN,NaN,NaN,NaN,NaN,NaN,NaN,NaN,NaN,NaN,NaN,NaN,NaN,NaN,NaN,NaN,NaN,NaN,NaN,NaN,NaN,NaN,NaN,NaN,NaN,NaN,NaN,NaN,NaN,NaN,NaN,NaN,NaN,NaN,NaN,NaN,NaN,NaN,NaN,NaN,NaN,NaN,NaN,NaN,NaN,NaN,NaN,NaN,NaN,NaN,NaN,0.0906321774988108,0.100914091710583,0.107066229377552,0.10411649859143,0.109382581215022,0.109602114507615,0.104110959658476,0.110215502169908,0.110192407154158,0.110036768680901,0.109875029540944,0.109700972052877,0.109510188149406,0.109327908825786,0.109136661939906,0.10890600075546,0.108630758115649,0.108371336158993,0.108029325430481,0.107650347736055,0.107260745739613,0.106036826338949,0.104408725460909,0.102399197663642,0.102276709440542,NaN,NaN,NaN,NaN,NaN,NaN,NaN,NaN,NaN,NaN,NaN,NaN,NaN,NaN,NaN,NaN,NaN,NaN,NaN,NaN,NaN,NaN,NaN,NaN,NaN,NaN,NaN,NaN,NaN,NaN,NaN,NaN,NaN,NaN,NaN,NaN,NaN,NaN,NaN,NaN,NaN,NaN,NaN,NaN,NaN,NaN,NaN,NaN,NaN,NaN,NaN,NaN,NaN,NaN,NaN,NaN,NaN,NaN,NaN,NaN,NaN,NaN,NaN,NaN,NaN,0.210364427166744,0.208970173304007,0.207440665727617,0.207405240565291,NaN,NaN,NaN,NaN,NaN,NaN,NaN,NaN,NaN,NaN,NaN,NaN,NaN,NaN,NaN,NaN,NaN,NaN,NaN,NaN,NaN,NaN,NaN,NaN,NaN,NaN,NaN,NaN,NaN,NaN,NaN,NaN,NaN,NaN,NaN,NaN,NaN,NaN,NaN,NaN,NaN,NaN,NaN,NaN,NaN,NaN,NaN,NaN,NaN,NaN,NaN,NaN,NaN,NaN,NaN,NaN,NaN,NaN,NaN,NaN,NaN,NaN,NaN,NaN,NaN,NaN,NaN,NaN,NaN,NaN,NaN,NaN,NaN,NaN,NaN,NaN,NaN,NaN,NaN,NaN
NaN,NaN,NaN,NaN,NaN,NaN,NaN,NaN,NaN,NaN,NaN,NaN,NaN,NaN,NaN,NaN,NaN,NaN,NaN,NaN,NaN,NaN,NaN,NaN,NaN,NaN,NaN,NaN,NaN,NaN,NaN,NaN,NaN,NaN,NaN,NaN,NaN,NaN,NaN,NaN,NaN,NaN,NaN,NaN,NaN,NaN,NaN,NaN,NaN,NaN,NaN,NaN,NaN,NaN,NaN,NaN,NaN,NaN,NaN,NaN,NaN,NaN,NaN,NaN,NaN,NaN,NaN,NaN,NaN,NaN,NaN,NaN,0.108044953229356,0.108110332443009,0.107851905201844,0.111308696517817,0.111271857444186,0.110082828417531,0.110886871884045,0.110750561731103,0.110598353901046,0.110418215648285,0.110205750725542,0.109992927181424,0.109767735532986,0.109528863876804,0.109281498663477,0.109021134156727,0.108755232298284,0.108442701250845,0.107905967692928,0.107407912099676,0.106990077297458,0.105872665373025,0.10326985884813,0.0994507218494571,0.103064344740909,0.103053172238884,NaN,NaN,NaN,NaN,NaN,NaN,NaN,NaN,NaN,NaN,NaN,NaN,NaN,NaN,NaN,NaN,NaN,NaN,NaN,NaN,NaN,NaN,NaN,NaN,NaN,NaN,NaN,NaN,NaN,NaN,NaN,NaN,NaN,NaN,NaN,NaN,NaN,NaN,NaN,NaN,NaN,NaN,NaN,NaN,NaN,NaN,NaN,NaN,NaN,NaN,NaN,NaN,NaN,NaN,NaN,NaN,NaN,NaN,NaN,NaN,NaN,NaN,NaN,0.210372841767796,0.208111787992461,0.206342743924551,0.205943479063147,NaN,NaN,NaN,NaN,NaN,NaN,NaN,NaN,NaN,NaN,NaN,NaN,NaN,NaN,NaN,NaN,NaN,NaN,NaN,NaN,NaN,NaN,NaN,NaN,NaN,NaN,NaN,NaN,NaN,NaN,NaN,NaN,NaN,NaN,NaN,NaN,NaN,NaN,NaN,NaN,NaN,NaN,NaN,NaN,NaN,NaN,NaN,NaN,NaN,NaN,NaN,NaN,NaN,NaN,NaN,NaN,NaN,NaN,NaN,NaN,NaN,NaN,NaN,NaN,NaN,NaN,NaN,NaN,NaN,NaN,NaN,NaN,NaN,NaN,NaN,NaN,NaN,NaN,NaN,NaN
NaN,NaN,NaN,NaN,NaN,NaN,NaN,NaN,NaN,NaN,NaN,NaN,NaN,NaN,NaN,NaN,NaN,NaN,NaN,NaN,NaN,NaN,NaN,NaN,NaN,NaN,NaN,NaN,NaN,NaN,NaN,NaN,NaN,NaN,NaN,NaN,NaN,NaN,NaN,NaN,NaN,NaN,NaN,NaN,NaN,NaN,NaN,NaN,NaN,NaN,NaN,NaN,NaN,NaN,NaN,NaN,NaN,NaN,NaN,NaN,NaN,NaN,NaN,NaN,NaN,NaN,NaN,NaN,NaN,NaN,NaN,NaN,0.101026946570598,0.110918560053221,0.111872052033055,0.112056051384904,0.11193755585005,0.109093756523865,0.111479870834952,0.111327604871715,0.111160764239951,0.110947237233434,0.110723832259656,0.110473766711211,0.110201536323831,0.109901766757081,0.10962251240488,0.109348248339546,0.109063298952355,0.108789106510554,0.108334498880026,0.108042968180783,0.107681363151984,0.106541721241278,0.102608071613236,0.0994855634397804,0.10310719763806,0.0955684898128558,NaN,NaN,NaN,NaN,NaN,NaN,NaN,NaN,NaN,NaN,NaN,NaN,NaN,NaN,NaN,NaN,NaN,NaN,NaN,NaN,NaN,NaN,NaN,NaN,NaN,NaN,NaN,NaN,NaN,NaN,NaN,NaN,NaN,NaN,NaN,NaN,NaN,NaN,NaN,NaN,NaN,NaN,NaN,NaN,NaN,NaN,NaN,NaN,NaN,NaN,NaN,NaN,NaN,NaN,NaN,NaN,NaN,NaN,NaN,NaN,NaN,NaN,NaN,NaN,0.204617091010413,0.204638840410034,0.205846687666695,NaN,NaN,NaN,NaN,NaN,NaN,NaN,NaN,NaN,NaN,NaN,NaN,NaN,NaN,NaN,NaN,NaN,NaN,NaN,NaN,NaN,NaN,NaN,NaN,NaN,NaN,NaN,NaN,NaN,NaN,NaN,NaN,NaN,NaN,NaN,NaN,NaN,NaN,NaN,NaN,NaN,NaN,NaN,NaN,NaN,NaN,NaN,NaN,NaN,NaN,NaN,NaN,NaN,NaN,NaN,NaN,NaN,NaN,NaN,NaN,NaN,NaN,NaN,NaN,NaN,NaN,NaN,NaN,NaN,NaN,NaN,NaN,NaN,NaN,NaN,NaN,NaN,NaN,NaN,NaN
NaN,NaN,NaN,NaN,NaN,NaN,NaN,NaN,NaN,NaN,NaN,NaN,NaN,NaN,NaN,NaN,NaN,NaN,NaN,NaN,NaN,NaN,NaN,NaN,NaN,NaN,NaN,NaN,NaN,NaN,NaN,NaN,NaN,NaN,NaN,NaN,NaN,NaN,NaN,NaN,NaN,NaN,NaN,NaN,NaN,NaN,NaN,NaN,NaN,NaN,NaN,NaN,NaN,NaN,NaN,NaN,NaN,NaN,NaN,NaN,NaN,NaN,NaN,NaN,NaN,NaN,NaN,NaN,NaN,NaN,0.0861521821142816,0.0932134690774048,0.104092183953892,0.111674736215106,0.112681057654979,0.112831877308181,0.112700480936726,0.110286302813494,0.112166496744847,0.111940924045973,0.111713482384844,0.111471949023106,0.111220435558799,0.110940809023781,0.110611971888393,0.110286096966658,0.109958174191358,0.109653168443085,0.109359674124128,0.109080616956532,0.108694345428592,0.108306031881086,0.107754150275536,0.106601595726721,0.103573662133648,0.103262680794952,0.103163922627213,NaN,NaN,NaN,NaN,NaN,NaN,NaN,NaN,NaN,NaN,NaN,NaN,NaN,NaN,NaN,NaN,NaN,NaN,NaN,NaN,NaN,NaN,NaN,NaN,NaN,NaN,NaN,NaN,NaN,NaN,NaN,NaN,NaN,NaN,NaN,NaN,NaN,NaN,NaN,NaN,NaN,NaN,NaN,NaN,NaN,NaN,NaN,NaN,NaN,NaN,NaN,NaN,NaN,NaN,NaN,NaN,NaN,NaN,NaN,NaN,NaN,NaN,NaN,NaN,0.201148146545247,0.201704673997203,0.202343546184269,0.202908682615052,0.20163180413023,NaN,NaN,NaN,NaN,NaN,NaN,NaN,NaN,NaN,NaN,NaN,NaN,NaN,NaN,NaN,NaN,NaN,NaN,NaN,NaN,NaN,NaN,NaN,NaN,NaN,NaN,NaN,NaN,NaN,NaN,NaN,NaN,NaN,NaN,NaN,NaN,NaN,NaN,NaN,NaN,NaN,NaN,NaN,NaN,NaN,NaN,NaN,NaN,NaN,NaN,NaN,NaN,NaN,NaN,NaN,NaN,NaN,NaN,NaN,NaN,NaN,NaN,NaN,NaN,NaN,NaN,NaN,NaN,NaN,NaN,NaN,NaN,NaN,NaN,NaN,NaN,NaN,NaN,NaN
NaN,NaN,NaN,NaN,NaN,NaN,NaN,NaN,NaN,NaN,NaN,NaN,NaN,NaN,NaN,NaN,NaN,NaN,NaN,NaN,NaN,NaN,NaN,NaN,NaN,NaN,NaN,NaN,NaN,NaN,NaN,NaN,NaN,NaN,NaN,NaN,NaN,NaN,NaN,NaN,NaN,NaN,NaN,NaN,NaN,NaN,NaN,NaN,NaN,NaN,NaN,NaN,NaN,NaN,NaN,NaN,NaN,NaN,NaN,NaN,NaN,NaN,NaN,NaN,NaN,NaN,NaN,NaN,NaN,NaN,0.0903258181366002,0.0994105384709195,0.110633060705878,0.113427578636287,0.11367839247289,0.11349038329081,0.11329281183248,0.113137618193448,0.112857447835898,0.112571375348637,0.112291783936012,0.111999551790808,0.111641092991252,0.111331955283625,0.111001723681441,0.11066303264092,0.110304217506387,0.109969823626099,0.109640409313471,0.109318016678446,0.108975299656742,0.108590934987526,0.108031010654089,0.10777913997122,0.0999867892887208,0.0957064476483916,0.100270621432681,NaN,NaN,NaN,NaN,NaN,NaN,NaN,NaN,NaN,NaN,NaN,NaN,NaN,NaN,NaN,NaN,NaN,NaN,NaN,NaN,NaN,NaN,NaN,NaN,NaN,NaN,NaN,NaN,NaN,NaN,NaN,NaN,NaN,NaN,NaN,NaN,NaN,NaN,NaN,NaN,NaN,NaN,NaN,NaN,NaN,NaN,NaN,NaN,NaN,NaN,NaN,NaN,NaN,NaN,NaN,NaN,NaN,NaN,NaN,NaN,NaN,NaN,NaN,NaN,0.200844776614959,0.200707099901831,0.201296412904584,0.201404518435401,0.200846128920814,0.200356219045451,NaN,NaN,NaN,NaN,NaN,NaN,NaN,NaN,NaN,NaN,NaN,NaN,NaN,NaN,NaN,NaN,NaN,NaN,NaN,NaN,NaN,NaN,NaN,NaN,NaN,NaN,NaN,NaN,NaN,NaN,NaN,NaN,NaN,NaN,NaN,NaN,NaN,NaN,NaN,NaN,NaN,NaN,NaN,NaN,NaN,NaN,NaN,NaN,NaN,NaN,NaN,NaN,NaN,NaN,NaN,NaN,NaN,NaN,NaN,NaN,NaN,NaN,NaN,NaN,NaN,NaN,NaN,NaN,NaN,NaN,NaN,NaN,NaN,NaN,NaN,NaN,NaN,NaN
NaN,NaN,NaN,NaN,NaN,NaN,NaN,NaN,NaN,NaN,NaN,NaN,NaN,NaN,NaN,NaN,NaN,NaN,NaN,NaN,NaN,NaN,NaN,NaN,NaN,NaN,NaN,NaN,NaN,NaN,NaN,NaN,NaN,NaN,NaN,NaN,NaN,NaN,NaN,NaN,NaN,NaN,NaN,NaN,NaN,NaN,NaN,NaN,NaN,NaN,NaN,NaN,NaN,NaN,NaN,NaN,NaN,NaN,NaN,NaN,NaN,NaN,NaN,NaN,NaN,NaN,NaN,NaN,NaN,NaN,0.0909110212667238,0.100616564605216,0.113313513706025,0.114504691420634,0.114329229432489,0.114126983133527,0.113857125587151,0.113714875868746,0.113432724340769,0.113119544702341,0.112845780933064,0.112521767475939,0.112104635583767,0.111709149398278,0.11135264078887,0.11099511992492,0.110639401374941,0.110268406462354,0.109914155979824,0.109556743287651,0.109208214875006,0.108839120443304,0.10855183616414,0.104179412082472,0.0928834719251228,NaN,NaN,NaN,NaN,NaN,NaN,NaN,NaN,NaN,NaN,NaN,NaN,NaN,NaN,NaN,NaN,NaN,NaN,NaN,NaN,NaN,NaN,NaN,NaN,NaN,NaN,NaN,NaN,NaN,NaN,NaN,NaN,NaN,NaN,NaN,NaN,NaN,NaN,NaN,NaN,NaN,NaN,NaN,NaN,NaN,NaN,NaN,NaN,NaN,NaN,NaN,NaN,NaN,NaN,NaN,NaN,NaN,NaN,NaN,NaN,NaN,NaN,NaN,NaN,NaN,0.200014221031969,0.200365617949759,0.200298365529467,0.200628742432686,0.200645133997495,0.200309781929809,0.200096954315476,NaN,NaN,NaN,NaN,NaN,NaN,NaN,NaN,NaN,NaN,NaN,NaN,NaN,NaN,NaN,NaN,NaN,NaN,NaN,NaN,NaN,NaN,NaN,NaN,NaN,NaN,NaN,NaN,NaN,NaN,NaN,NaN,NaN,NaN,NaN,NaN,NaN,NaN,NaN,NaN,NaN,NaN,NaN,NaN,NaN,NaN,NaN,NaN,NaN,NaN,NaN,NaN,NaN,NaN,NaN,NaN,NaN,NaN,NaN,NaN,NaN,NaN,NaN,NaN,NaN,NaN,NaN,NaN,NaN,NaN,NaN,NaN,NaN,NaN,NaN,NaN,NaN,NaN
NaN,NaN,NaN,NaN,NaN,NaN,NaN,NaN,NaN,NaN,NaN,NaN,NaN,NaN,NaN,NaN,NaN,NaN,NaN,NaN,NaN,NaN,NaN,NaN,NaN,NaN,NaN,NaN,NaN,NaN,NaN,NaN,NaN,NaN,NaN,NaN,NaN,NaN,NaN,NaN,NaN,NaN,NaN,NaN,NaN,NaN,NaN,NaN,NaN,NaN,NaN,NaN,NaN,NaN,NaN,NaN,NaN,NaN,NaN,NaN,NaN,NaN,NaN,NaN,NaN,NaN,NaN,NaN,NaN,NaN,NaN,0.105870433047871,0.115194386776636,0.115231984024627,0.114969003522659,0.114791028457046,0.11441972234585,0.11431941301433,0.114012676475895,0.113644897592652,0.113253097552133,0.112930067003123,0.112553070326913,0.112119615222455,0.111721574245155,0.111323160907458,0.110944964368738,0.110560707054987,0.110184465441456,0.109769777545821,0.109365029204097,0.108826822632781,0.101731684850561,NaN,NaN,NaN,NaN,NaN,NaN,NaN,NaN,NaN,NaN,NaN,NaN,NaN,NaN,NaN,NaN,NaN,NaN,NaN,NaN,NaN,NaN,NaN,NaN,NaN,NaN,NaN,NaN,NaN,NaN,NaN,NaN,NaN,NaN,NaN,NaN,NaN,NaN,NaN,NaN,NaN,NaN,NaN,NaN,NaN,NaN,NaN,NaN,NaN,NaN,NaN,NaN,NaN,NaN,NaN,NaN,NaN,NaN,NaN,NaN,NaN,NaN,NaN,NaN,NaN,NaN,0.199614424265348,0.199685129861687,0.199747571566091,0.199899466882109,0.200253347215602,0.200412385957743,0.200263171422387,0.200227797362499,NaN,NaN,NaN,NaN,NaN,NaN,NaN,NaN,NaN,NaN,NaN,NaN,NaN,NaN,NaN,NaN,NaN,NaN,NaN,NaN,NaN,NaN,NaN,NaN,NaN,NaN,NaN,NaN,NaN,NaN,NaN,NaN,NaN,NaN,NaN,NaN,NaN,NaN,NaN,NaN,NaN,NaN,NaN,NaN,NaN,NaN,NaN,NaN,NaN,NaN,NaN,NaN,NaN,NaN,NaN,NaN,NaN,NaN,NaN,NaN,NaN,NaN,NaN,NaN,NaN,NaN,NaN,NaN,NaN,NaN,NaN,NaN,NaN,NaN,NaN,NaN,NaN,NaN
NaN,NaN,NaN,NaN,NaN,NaN,NaN,NaN,NaN,NaN,NaN,NaN,NaN,NaN,NaN,NaN,NaN,NaN,NaN,NaN,NaN,NaN,NaN,NaN,NaN,NaN,NaN,NaN,NaN,NaN,NaN,NaN,NaN,NaN,NaN,NaN,NaN,NaN,NaN,NaN,NaN,NaN,NaN,NaN,NaN,NaN,NaN,NaN,NaN,NaN,NaN,NaN,NaN,NaN,NaN,NaN,NaN,NaN,NaN,NaN,NaN,NaN,NaN,NaN,NaN,NaN,NaN,NaN,NaN,NaN,NaN,0.113234939774603,0.116179979612054,0.115908026578332,0.115590904464956,0.115466825482177,0.115321896330092,0.114973163884171,0.114643456913426,0.114284307891163,0.113743313920309,0.11331477057505,0.112929865814434,0.112497501971325,0.112090437055313,0.111677851968719,0.111241343285491,0.110829777806657,0.110404219127437,0.10944695290641,0.109274827774632,0.109045413748587,0.10173618769515,NaN,NaN,NaN,NaN,NaN,NaN,NaN,NaN,NaN,NaN,NaN,NaN,NaN,NaN,NaN,NaN,NaN,NaN,NaN,NaN,NaN,NaN,NaN,NaN,NaN,NaN,NaN,NaN,NaN,NaN,NaN,NaN,NaN,NaN,NaN,NaN,NaN,NaN,NaN,NaN,NaN,NaN,NaN,NaN,NaN,NaN,NaN,NaN,NaN,NaN,NaN,NaN,NaN,NaN,NaN,NaN,NaN,NaN,NaN,NaN,NaN,NaN,NaN,NaN,NaN,NaN,0.199413061111657,0.199456469668944,0.199544998417861,0.19958343008414,0.200039234515553,0.200463343143694,0.200471714076999,0.20059601729415,NaN,NaN,NaN,NaN,NaN,NaN,NaN,NaN,NaN,NaN,NaN,NaN,NaN,NaN,NaN,NaN,NaN,NaN,NaN,NaN,NaN,NaN,NaN,NaN,NaN,NaN,NaN,NaN,NaN,NaN,NaN,NaN,NaN,NaN,NaN,NaN,NaN,NaN,NaN,NaN,NaN,NaN,NaN,NaN,NaN,NaN,NaN,NaN,NaN,NaN,NaN,NaN,NaN,NaN,NaN,NaN,NaN,NaN,NaN,NaN,NaN,NaN,NaN,NaN,NaN,NaN,NaN,NaN,NaN,NaN,NaN,NaN,NaN,NaN,NaN,NaN,NaN,NaN
NaN,NaN,NaN,NaN,NaN,NaN,NaN,NaN,NaN,NaN,NaN,NaN,NaN,NaN,NaN,NaN,NaN,NaN,NaN,NaN,NaN,NaN,NaN,NaN,NaN,NaN,NaN,NaN,NaN,NaN,NaN,NaN,NaN,NaN,NaN,NaN,NaN,NaN,NaN,NaN,NaN,NaN,NaN,NaN,NaN,NaN,NaN,NaN,NaN,NaN,NaN,NaN,NaN,NaN,NaN,NaN,NaN,NaN,NaN,NaN,NaN,NaN,NaN,NaN,NaN,NaN,NaN,NaN,NaN,NaN,0.11321174198183,0.117260268207387,0.116868852968569,0.116555683778038,0.116091830735401,0.116164969744872,0.115858306351409,0.115546251389948,0.115171630441274,0.114726132435644,0.114314981399201,0.113815822112062,0.113354357504121,0.112887917811577,0.112449403139542,0.112051734945786,0.111567973780703,0.111026483374875,0.110242068454441,0.109755821859609,0.109303177050922,0.109127263681999,0.10228377546405,NaN,NaN,NaN,NaN,NaN,NaN,NaN,NaN,NaN,NaN,NaN,NaN,NaN,NaN,NaN,NaN,NaN,NaN,NaN,NaN,NaN,NaN,NaN,NaN,NaN,NaN,NaN,NaN,NaN,NaN,NaN,NaN,NaN,NaN,NaN,NaN,NaN,NaN,NaN,NaN,NaN,NaN,NaN,NaN,NaN,NaN,NaN,NaN,NaN,NaN,NaN,NaN,NaN,NaN,NaN,NaN,NaN,NaN,NaN,NaN,NaN,NaN,NaN,NaN,NaN,NaN,0.199475688799936,0.1994191292597,0.199456716614617,0.199500796518135,0.200042156013164,0.200678639041527,0.200826616102055,0.20104466735524,NaN,NaN,NaN,NaN,NaN,NaN,NaN,NaN,NaN,NaN,NaN,NaN,NaN,NaN,NaN,NaN,NaN,NaN,NaN,NaN,NaN,NaN,NaN,NaN,NaN,NaN,NaN,NaN,NaN,NaN,NaN,NaN,NaN,NaN,NaN,NaN,NaN,NaN,NaN,NaN,NaN,NaN,NaN,NaN,NaN,NaN,NaN,NaN,NaN,NaN,NaN,NaN,NaN,NaN,NaN,NaN,NaN,NaN,NaN,NaN,NaN,NaN,NaN,NaN,NaN,NaN,NaN,NaN,NaN,NaN,NaN,NaN,NaN,NaN,NaN,NaN,NaN,NaN
NaN,NaN,NaN,NaN,NaN,NaN,NaN,NaN,NaN,NaN,NaN,NaN,NaN,NaN,NaN,NaN,NaN,NaN,NaN,NaN,NaN,NaN,NaN,NaN,NaN,NaN,NaN,NaN,NaN,NaN,NaN,NaN,NaN,NaN,NaN,NaN,NaN,NaN,NaN,NaN,NaN,NaN,NaN,NaN,NaN,NaN,NaN,NaN,NaN,NaN,NaN,NaN,NaN,NaN,NaN,NaN,NaN,NaN,NaN,NaN,NaN,NaN,NaN,NaN,NaN,NaN,NaN,NaN,NaN,0.118331376558027,0.118023555017626,0.117824189579964,0.117513850952126,0.117240556285562,0.117078017454427,0.116768421511613,0.116432520461423,0.1161367504578,0.115726819081485,0.115223719395475,0.114736079983894,0.114263249140863,0.113779886791946,0.11329837919168,0.11282456652893,0.112383452532518,0.111904898459795,0.111398698364348,0.110556628906246,0.109743574310816,0.109261018447923,0.109076904229828,0.108873252810588,0.102265031246932,0.102113588065411,0.102028184890963,0.101996297183585,NaN,NaN,NaN,NaN,NaN,NaN,NaN,NaN,NaN,NaN,NaN,NaN,NaN,NaN,NaN,NaN,NaN,NaN,NaN,NaN,NaN,NaN,NaN,NaN,NaN,NaN,NaN,NaN,NaN,NaN,NaN,NaN,NaN,NaN,NaN,NaN,NaN,NaN,NaN,NaN,NaN,NaN,NaN,NaN,NaN,NaN,NaN,NaN,NaN,NaN,NaN,NaN,NaN,NaN,NaN,NaN,NaN,NaN,NaN,NaN,NaN,NaN,0.199688252227651,0.199542273507294,0.199407551126376,0.199523146198424,0.20004709594635,0.200741042955454,0.200995461152868,0.201337199970253,NaN,NaN,NaN,NaN,NaN,NaN,NaN,NaN,NaN,NaN,NaN,NaN,NaN,NaN,NaN,NaN,NaN,NaN,NaN,NaN,NaN,NaN,NaN,NaN,NaN,NaN,NaN,NaN,NaN,NaN,NaN,NaN,NaN,NaN,NaN,NaN,NaN,NaN,NaN,NaN,NaN,NaN,NaN,NaN,NaN,NaN,NaN,NaN,NaN,NaN,NaN,NaN,NaN,NaN,NaN,NaN,NaN,NaN,NaN,NaN,NaN,NaN,NaN,NaN,NaN,NaN,NaN,NaN,NaN,NaN,NaN,NaN,NaN,NaN,NaN,NaN,NaN,NaN
NaN,NaN,NaN,NaN,NaN,NaN,NaN,NaN,NaN,NaN,NaN,NaN,NaN,NaN,NaN,NaN,NaN,NaN,NaN,NaN,NaN,NaN,NaN,NaN,NaN,NaN,NaN,NaN,NaN,NaN,NaN,NaN,NaN,NaN,NaN,NaN,NaN,NaN,NaN,NaN,NaN,NaN,NaN,NaN,NaN,NaN,NaN,NaN,NaN,NaN,NaN,NaN,NaN,NaN,NaN,NaN,NaN,NaN,NaN,NaN,NaN,NaN,NaN,NaN,NaN,NaN,NaN,NaN,NaN,0.11853296173907,0.117899779107724,0.118381221742888,0.118136963984907,0.117957039388395,0.117689938502946,0.117277572226262,0.116948674574335,0.116648400386263,0.116222057042672,0.115826901572636,0.115286068317631,0.114770812327053,0.114259261716454,0.11373448703695,0.113239200648544,0.112767493845204,0.112238382597521,0.111582271942358,0.110835753668846,0.109945772257945,0.109053843319718,0.108900651327496,0.108743022425244,0.108400397513804,0.108043892309794,0.107761867124607,0.107608033175971,0.101981928097552,NaN,NaN,NaN,NaN,NaN,NaN,NaN,NaN,NaN,NaN,NaN,NaN,NaN,NaN,NaN,NaN,NaN,NaN,NaN,NaN,NaN,NaN,NaN,NaN,NaN,NaN,NaN,NaN,NaN,NaN,NaN,NaN,NaN,NaN,NaN,NaN,NaN,NaN,NaN,NaN,NaN,NaN,NaN,NaN,NaN,NaN,NaN,NaN,NaN,NaN,NaN,NaN,NaN,NaN,NaN,NaN,NaN,NaN,NaN,NaN,0.199512763515412,0.199571375969851,0.199514104773819,0.199353053182039,0.199516116516945,0.20000271673596,0.200460418868996,0.200601711252124,NaN,NaN,NaN,NaN,NaN,NaN,NaN,NaN,NaN,NaN,NaN,NaN,NaN,NaN,NaN,NaN,NaN,NaN,NaN,NaN,NaN,NaN,NaN,NaN,NaN,NaN,NaN,NaN,NaN,NaN,NaN,NaN,NaN,NaN,NaN,NaN,NaN,NaN,NaN,NaN,NaN,NaN,NaN,NaN,NaN,NaN,NaN,NaN,NaN,NaN,NaN,NaN,NaN,NaN,NaN,NaN,NaN,NaN,NaN,NaN,NaN,NaN,NaN,NaN,NaN,NaN,NaN,NaN,NaN,NaN,NaN,NaN,NaN,NaN,NaN,NaN,NaN,NaN,NaN
NaN,NaN,NaN,NaN,NaN,NaN,NaN,NaN,NaN,NaN,NaN,NaN,NaN,NaN,NaN,NaN,NaN,NaN,NaN,NaN,NaN,NaN,NaN,NaN,NaN,NaN,NaN,NaN,NaN,NaN,NaN,NaN,NaN,NaN,NaN,NaN,NaN,NaN,NaN,NaN,NaN,NaN,NaN,NaN,NaN,NaN,NaN,NaN,NaN,NaN,NaN,NaN,NaN,NaN,NaN,NaN,NaN,NaN,NaN,NaN,NaN,NaN,NaN,NaN,NaN,NaN,0.0967443010884378,0.109142706462529,0.119360307640215,0.118574580450057,0.119199263763705,0.118922693368956,0.118732828225071,0.118527035113497,0.118235396648172,0.117850807371198,0.117525087550179,0.117114934876431,0.116759929259599,0.116335620089461,0.115878385916768,0.115354980193641,0.114799203211977,0.114223229117764,0.113681476394333,0.113240293251958,0.112474520676061,0.111745788729893,0.111054095324038,0.110531815130469,0.109066919972623,0.108877105499877,0.108473839061973,0.10642665813459,0.106275819083605,0.107515201008031,0.107526874823195,0.101980930110655,NaN,NaN,NaN,NaN,NaN,NaN,NaN,NaN,NaN,NaN,NaN,NaN,NaN,NaN,NaN,NaN,NaN,NaN,NaN,NaN,NaN,NaN,NaN,NaN,NaN,NaN,NaN,NaN,NaN,NaN,NaN,NaN,NaN,NaN,NaN,NaN,NaN,NaN,NaN,NaN,NaN,NaN,NaN,NaN,NaN,NaN,NaN,NaN,NaN,NaN,NaN,NaN,NaN,NaN,NaN,NaN,NaN,NaN,NaN,NaN,0.199392155573477,0.199396135210089,0.199297309454232,0.199257112664872,0.199525721674891,0.199978032093168,0.200341843868439,0.200374227835541,NaN,NaN,NaN,NaN,NaN,NaN,NaN,NaN,NaN,NaN,NaN,NaN,NaN,NaN,NaN,NaN,NaN,NaN,NaN,NaN,NaN,NaN,NaN,NaN,NaN,NaN,NaN,NaN,NaN,NaN,NaN,NaN,NaN,NaN,NaN,NaN,NaN,NaN,NaN,NaN,NaN,NaN,NaN,NaN,NaN,NaN,NaN,NaN,NaN,NaN,NaN,NaN,NaN,NaN,NaN,NaN,NaN,NaN,NaN,NaN,NaN,NaN,NaN,NaN,NaN,NaN,NaN,NaN,NaN,NaN,NaN,NaN,NaN,NaN,NaN,NaN,NaN,NaN,NaN
NaN,NaN,NaN,NaN,NaN,NaN,NaN,NaN,NaN,NaN,NaN,NaN,NaN,NaN,NaN,NaN,NaN,NaN,NaN,NaN,NaN,NaN,NaN,NaN,NaN,NaN,NaN,NaN,NaN,NaN,NaN,NaN,NaN,NaN,NaN,NaN,NaN,NaN,NaN,NaN,NaN,NaN,NaN,NaN,NaN,NaN,NaN,NaN,NaN,NaN,NaN,NaN,NaN,NaN,NaN,NaN,NaN,NaN,NaN,NaN,NaN,NaN,NaN,NaN,NaN,NaN,0.107294367647875,0.118502787329177,0.11951527230961,0.119881729801745,0.119630429634128,0.119415291507664,0.119264187926648,0.119036896506022,0.11873279829965,0.118435666168195,0.118125618743124,0.117676051112149,0.117395791545981,0.116959629127677,0.116516688079051,0.116061508143917,0.115454496741051,0.1147674989198,0.114096330831104,0.113581365807943,0.112999006647733,0.112177316664217,0.111534519991348,0.110802347530868,0.109307077534531,0.108080592328727,0.108097084389898,0.105967704184369,0.104019573742737,0.102005970744612,0.107367064148261,0.107005195402191,NaN,NaN,NaN,NaN,NaN,NaN,NaN,NaN,NaN,NaN,NaN,NaN,NaN,NaN,NaN,NaN,NaN,NaN,NaN,NaN,NaN,NaN,NaN,NaN,NaN,NaN,NaN,NaN,NaN,NaN,NaN,NaN,NaN,NaN,NaN,NaN,NaN,NaN,NaN,NaN,NaN,NaN,NaN,NaN,NaN,NaN,NaN,NaN,NaN,NaN,NaN,NaN,NaN,NaN,NaN,NaN,NaN,NaN,NaN,NaN,0.199344645160639,0.199334732960592,0.199231614448481,0.199222695765192,0.199550214580953,0.199958992039926,0.200293707163798,0.200332827123789,NaN,NaN,NaN,NaN,NaN,NaN,NaN,NaN,NaN,NaN,NaN,NaN,NaN,NaN,NaN,NaN,NaN,NaN,NaN,NaN,NaN,NaN,NaN,NaN,NaN,NaN,NaN,NaN,NaN,NaN,NaN,NaN,NaN,NaN,NaN,NaN,NaN,NaN,NaN,NaN,NaN,NaN,NaN,NaN,NaN,NaN,NaN,NaN,NaN,NaN,NaN,NaN,NaN,NaN,NaN,NaN,NaN,NaN,NaN,NaN,NaN,NaN,NaN,NaN,NaN,NaN,NaN,NaN,NaN,NaN,NaN,NaN,NaN,NaN,NaN,NaN,NaN,NaN,NaN
NaN,NaN,NaN,NaN,NaN,NaN,NaN,NaN,NaN,NaN,NaN,NaN,NaN,NaN,NaN,NaN,NaN,NaN,NaN,NaN,NaN,NaN,NaN,NaN,NaN,NaN,NaN,NaN,NaN,NaN,NaN,NaN,NaN,NaN,NaN,NaN,NaN,NaN,NaN,NaN,NaN,NaN,NaN,NaN,NaN,NaN,NaN,NaN,NaN,NaN,NaN,NaN,NaN,NaN,NaN,NaN,NaN,NaN,NaN,NaN,NaN,NaN,NaN,NaN,NaN,NaN,0.109500666142034,0.119571895847046,0.120388362852532,0.120213533785067,0.120047879081211,0.119949238074818,0.119817132789069,0.119565488287034,0.11932848078495,0.119088815690105,0.118747200937598,0.118373577485768,0.118064148812747,0.117698766203685,0.117250144199792,0.116789292716299,0.116187807087453,0.115393365241042,0.114556120047704,0.1138933073761,0.113305354304604,0.112682139680093,0.111632774513603,0.110749763453859,0.108388330127222,0.107683894378446,0.106902530732975,0.105125508576589,0.101723701867762,0.103745426227332,0.107273751124272,0.107269797237944,NaN,NaN,NaN,NaN,NaN,NaN,NaN,NaN,NaN,NaN,NaN,NaN,NaN,NaN,NaN,NaN,NaN,NaN,NaN,NaN,NaN,NaN,NaN,NaN,NaN,NaN,NaN,NaN,NaN,NaN,NaN,NaN,NaN,NaN,NaN,NaN,NaN,NaN,NaN,NaN,NaN,NaN,NaN,NaN,NaN,NaN,NaN,NaN,NaN,NaN,NaN,NaN,NaN,NaN,NaN,NaN,NaN,NaN,NaN,NaN,0.199386167393057,0.199339088159207,0.199287412998388,0.199290851774047,0.199606711246945,0.199968653221499,0.200304277109836,0.200356162088848,NaN,NaN,NaN,NaN,NaN,NaN,NaN,NaN,NaN,NaN,NaN,NaN,NaN,NaN,NaN,NaN,NaN,NaN,NaN,NaN,NaN,NaN,NaN,NaN,NaN,NaN,NaN,NaN,NaN,NaN,NaN,NaN,NaN,NaN,NaN,NaN,NaN,NaN,NaN,NaN,NaN,NaN,NaN,NaN,NaN,NaN,NaN,NaN,NaN,NaN,NaN,NaN,NaN,NaN,NaN,NaN,NaN,NaN,NaN,NaN,NaN,NaN,NaN,NaN,NaN,NaN,NaN,NaN,NaN,NaN,NaN,NaN,NaN,NaN,NaN,NaN,NaN,NaN,NaN
NaN,NaN,NaN,NaN,NaN,NaN,NaN,NaN,NaN,NaN,NaN,NaN,NaN,NaN,NaN,NaN,NaN,NaN,NaN,NaN,NaN,NaN,NaN,NaN,NaN,NaN,NaN,NaN,NaN,NaN,NaN,NaN,NaN,NaN,NaN,NaN,NaN,NaN,NaN,NaN,NaN,NaN,NaN,NaN,NaN,NaN,NaN,NaN,NaN,NaN,NaN,NaN,NaN,NaN,NaN,NaN,NaN,NaN,NaN,NaN,NaN,NaN,NaN,NaN,NaN,0.109863361398995,0.120638997409013,0.12071199576117,0.120718138941796,0.120587680869177,0.12049562571298,0.120491983855597,0.120323275399694,0.120193942865037,0.11999732583699,0.119773679097266,0.119463392773009,0.119204536077695,0.118844976741977,0.118530574115849,0.118039515831087,0.117473160875629,0.116862178485059,0.116083859424874,0.115083074955938,0.114224665552582,0.113405513854491,0.112634659054502,0.110576823956764,0.109845183557739,0.109125324687414,0.108053281679826,0.106093492830708,0.103658556564252,0.106959982656544,0.107207926478193,0.107207887253822,0.101972561156253,NaN,NaN,NaN,NaN,NaN,NaN,NaN,NaN,NaN,NaN,NaN,NaN,NaN,NaN,NaN,NaN,NaN,NaN,NaN,NaN,NaN,NaN,NaN,NaN,NaN,NaN,NaN,NaN,NaN,NaN,NaN,NaN,NaN,NaN,NaN,NaN,NaN,NaN,NaN,NaN,NaN,NaN,NaN,NaN,NaN,NaN,NaN,NaN,NaN,NaN,NaN,NaN,NaN,NaN,NaN,NaN,NaN,NaN,NaN,NaN,0.199463892008568,0.199434295014447,0.199423884920481,0.199453448942696,0.199711252491272,0.200048929019154,0.200347110270576,0.20043304421819,NaN,NaN,NaN,NaN,NaN,NaN,NaN,NaN,NaN,NaN,NaN,NaN,NaN,NaN,NaN,NaN,NaN,NaN,NaN,NaN,NaN,NaN,NaN,NaN,NaN,NaN,NaN,NaN,NaN,NaN,NaN,NaN,NaN,NaN,NaN,NaN,NaN,NaN,NaN,NaN,NaN,NaN,NaN,NaN,NaN,NaN,NaN,NaN,NaN,NaN,NaN,NaN,NaN,NaN,NaN,NaN,NaN,NaN,NaN,NaN,NaN,NaN,NaN,NaN,NaN,NaN,NaN,NaN,NaN,NaN,NaN,NaN,NaN,NaN,NaN,NaN,NaN,NaN,NaN
NaN,NaN,NaN,NaN,NaN,NaN,NaN,NaN,NaN,NaN,NaN,NaN,NaN,NaN,NaN,NaN,NaN,NaN,NaN,NaN,NaN,NaN,NaN,NaN,NaN,NaN,NaN,NaN,NaN,NaN,NaN,NaN,NaN,NaN,NaN,NaN,NaN,NaN,NaN,NaN,NaN,NaN,NaN,NaN,NaN,NaN,NaN,NaN,NaN,NaN,NaN,NaN,NaN,NaN,NaN,NaN,NaN,NaN,NaN,NaN,NaN,0.111118398214571,0.115037654850545,0.11649849084889,0.11831951837205,0.120884091333341,0.120881559193077,0.121108739076718,0.121001808912692,0.120926619643766,0.120973465943921,0.120980564920868,0.120855322389237,0.120802885831817,0.120701655087471,0.12041647189997,0.12016073385959,0.119928473713022,0.119598124156403,0.11920681174161,0.118654225669196,0.11806838374746,0.117444985477689,0.11665357448814,0.1154615715047,0.114310346413073,0.113355729109559,0.110375191453589,0.107738104090985,0.109910517600095,0.109016875184393,0.10669500878206,0.106401575564527,0.102002647560305,0.107243823439922,0.107193985951823,0.107182970924619,0.101967846341917,0.0917786333068772,NaN,NaN,NaN,NaN,NaN,NaN,NaN,NaN,NaN,NaN,NaN,NaN,NaN,NaN,NaN,NaN,NaN,NaN,NaN,NaN,NaN,NaN,NaN,NaN,NaN,NaN,NaN,NaN,NaN,NaN,NaN,NaN,NaN,NaN,NaN,NaN,NaN,NaN,NaN,NaN,NaN,NaN,NaN,NaN,NaN,NaN,NaN,NaN,NaN,NaN,NaN,NaN,NaN,NaN,NaN,NaN,NaN,NaN,0.199592241967145,0.19952289560227,0.199447715470427,0.199473341074202,0.199551606558182,0.199819552512734,0.200137855681603,0.200409064345494,0.200618618174535,NaN,NaN,NaN,NaN,NaN,NaN,NaN,NaN,NaN,NaN,NaN,NaN,NaN,NaN,NaN,NaN,NaN,NaN,NaN,NaN,NaN,NaN,NaN,NaN,NaN,NaN,NaN,NaN,NaN,NaN,NaN,NaN,NaN,NaN,NaN,NaN,NaN,NaN,NaN,NaN,NaN,NaN,NaN,NaN,NaN,NaN,NaN,NaN,NaN,NaN,NaN,NaN,NaN,NaN,NaN,NaN,NaN,NaN,NaN,NaN,NaN,NaN,NaN,NaN,NaN,NaN,NaN,NaN,NaN,NaN,NaN,NaN,NaN,NaN,NaN,NaN,NaN,NaN,NaN
NaN,NaN,NaN,NaN,NaN,NaN,NaN,NaN,NaN,NaN,NaN,NaN,NaN,NaN,NaN,NaN,NaN,NaN,NaN,NaN,NaN,NaN,NaN,NaN,NaN,NaN,NaN,NaN,NaN,NaN,NaN,NaN,NaN,NaN,NaN,NaN,NaN,NaN,NaN,NaN,NaN,NaN,NaN,NaN,NaN,NaN,NaN,NaN,NaN,NaN,NaN,NaN,NaN,NaN,NaN,NaN,NaN,NaN,NaN,NaN,0.111112239515727,0.121063612745449,0.121316328267207,0.121349144550967,0.121367046347207,0.121366303053195,0.121350264170509,0.121306459835848,0.121273291640986,0.121117581315729,0.121477700616332,0.121536816457355,0.121489898090994,0.121440436706429,0.121397790072418,0.121185714994066,0.120919121943396,0.120632664634652,0.120199266664836,0.119780230506898,0.119264568874413,0.118609314949665,0.117956765224919,0.117158570611833,0.115433396764908,0.114128614470453,0.11310078355846,0.10995957999111,0.107147304394229,0.110028126375643,0.10982773732868,0.103410318383945,0.098792925351324,0.0917903118366857,0.101746294734353,0.101993394853949,0.101980058199639,0.0918096318893559,0.085059818038403,NaN,NaN,NaN,NaN,NaN,NaN,NaN,NaN,NaN,NaN,NaN,NaN,NaN,NaN,NaN,NaN,NaN,NaN,NaN,NaN,NaN,NaN,NaN,NaN,NaN,NaN,NaN,NaN,NaN,NaN,NaN,NaN,NaN,NaN,NaN,NaN,NaN,NaN,NaN,NaN,NaN,NaN,NaN,NaN,NaN,NaN,NaN,NaN,NaN,NaN,NaN,NaN,NaN,NaN,NaN,NaN,NaN,0.199832293969019,0.199721917466449,0.199542224691087,0.199320797849682,0.199250000698616,0.19946075594283,0.199826263375716,0.200129622841539,0.200283569411543,NaN,NaN,NaN,NaN,NaN,NaN,NaN,NaN,NaN,NaN,NaN,NaN,NaN,NaN,NaN,NaN,NaN,NaN,NaN,NaN,NaN,NaN,NaN,NaN,NaN,NaN,NaN,NaN,NaN,NaN,NaN,NaN,NaN,NaN,NaN,NaN,NaN,NaN,NaN,NaN,NaN,NaN,NaN,NaN,NaN,NaN,NaN,NaN,NaN,NaN,NaN,NaN,NaN,NaN,NaN,NaN,NaN,NaN,NaN,NaN,NaN,NaN,NaN,NaN,NaN,NaN,NaN,NaN,NaN,NaN,NaN,NaN,NaN,NaN,NaN,NaN,NaN,NaN,NaN,NaN
NaN,NaN,NaN,NaN,NaN,NaN,NaN,NaN,NaN,NaN,NaN,NaN,NaN,NaN,NaN,NaN,NaN,NaN,NaN,NaN,NaN,NaN,NaN,NaN,NaN,NaN,NaN,NaN,NaN,NaN,NaN,NaN,NaN,NaN,NaN,NaN,NaN,NaN,NaN,NaN,NaN,NaN,NaN,NaN,NaN,NaN,NaN,NaN,NaN,NaN,NaN,NaN,NaN,NaN,NaN,NaN,NaN,NaN,NaN,NaN,0.121017207944854,0.121253379811611,0.121331110619443,0.12136254235948,0.121389432768169,0.12141971637066,0.12146280838848,0.121500232646393,0.121566823612891,0.121016178252466,0.122200575022136,0.122326714139556,0.122324512603929,0.122230103876491,0.122170862270861,0.122160929699933,0.122018495520054,0.121799510822708,0.121158189613268,0.120586567753048,0.120190908160772,0.119548036302293,0.11876736615785,0.117718976383185,0.116064907998575,0.114822429843577,0.113806922516962,0.111198589694045,0.110485336475603,0.11011506890633,0.109923388376626,0.103636459786021,NaN,NaN,NaN,NaN,NaN,NaN,NaN,NaN,NaN,NaN,NaN,NaN,NaN,NaN,NaN,NaN,NaN,NaN,NaN,NaN,NaN,NaN,NaN,NaN,NaN,NaN,NaN,NaN,NaN,NaN,NaN,NaN,NaN,NaN,NaN,NaN,NaN,NaN,NaN,NaN,NaN,NaN,NaN,NaN,NaN,NaN,NaN,NaN,NaN,NaN,NaN,NaN,NaN,NaN,NaN,NaN,NaN,NaN,NaN,NaN,NaN,NaN,NaN,NaN,0.199904539592228,0.199787481262573,0.199543064751481,0.199221562966227,0.199149697796818,0.199466624612844,0.199803900452017,0.200198532215555,0.200403692889762,NaN,NaN,NaN,NaN,NaN,NaN,NaN,NaN,NaN,NaN,NaN,NaN,NaN,NaN,NaN,NaN,NaN,NaN,NaN,NaN,NaN,NaN,NaN,NaN,NaN,NaN,NaN,NaN,NaN,NaN,NaN,NaN,NaN,NaN,NaN,NaN,NaN,NaN,NaN,NaN,NaN,NaN,NaN,NaN,NaN,NaN,NaN,NaN,NaN,NaN,NaN,NaN,NaN,NaN,NaN,NaN,NaN,NaN,NaN,NaN,NaN,NaN,NaN,NaN,NaN,NaN,NaN,NaN,NaN,NaN,NaN,NaN,NaN,NaN,NaN,NaN,NaN,NaN,NaN,NaN
NaN,NaN,NaN,NaN,NaN,NaN,NaN,NaN,NaN,NaN,NaN,NaN,NaN,NaN,NaN,NaN,NaN,NaN,NaN,NaN,NaN,NaN,NaN,NaN,NaN,NaN,NaN,NaN,NaN,NaN,NaN,NaN,NaN,NaN,NaN,NaN,NaN,NaN,NaN,NaN,NaN,NaN,NaN,NaN,NaN,NaN,NaN,NaN,NaN,NaN,NaN,NaN,NaN,NaN,NaN,NaN,NaN,0.103008756686338,0.110598782313865,NaN,0.121011337482095,0.121271727993798,0.121329955245572,0.121379653392055,0.121439583690263,0.121523906410232,0.121622559212894,0.121753122964593,0.121896752352241,0.122074477360726,0.122711047047455,0.122870094739462,0.123078870844613,0.123014086010223,0.123096731507727,0.123261746770118,0.123367598332074,0.123253250017719,0.122707123697549,0.122054870607683,0.121589641642534,0.120973995779305,0.120256895262731,0.118711518264502,NaN,NaN,0.105073147444353,0.098544999454072,0.109592422224095,0.103952336145025,0.10381037025788,NaN,NaN,NaN,NaN,NaN,NaN,NaN,NaN,NaN,NaN,NaN,NaN,NaN,NaN,NaN,NaN,NaN,NaN,NaN,NaN,NaN,NaN,NaN,NaN,NaN,NaN,NaN,NaN,NaN,NaN,NaN,NaN,NaN,NaN,NaN,NaN,NaN,NaN,NaN,NaN,NaN,NaN,NaN,NaN,NaN,NaN,NaN,NaN,NaN,NaN,NaN,NaN,NaN,NaN,NaN,NaN,NaN,NaN,NaN,NaN,NaN,NaN,NaN,NaN,NaN,NaN,0.199695044819926,0.199503002505269,0.199292560953498,0.199166574976298,0.19952806125664,0.199851269372526,0.20021523677542,0.200479763751757,NaN,NaN,NaN,NaN,NaN,NaN,NaN,NaN,NaN,NaN,NaN,NaN,NaN,NaN,NaN,NaN,NaN,NaN,NaN,NaN,NaN,NaN,NaN,NaN,NaN,NaN,NaN,NaN,NaN,NaN,NaN,NaN,NaN,NaN,NaN,NaN,NaN,NaN,NaN,NaN,NaN,NaN,NaN,NaN,NaN,NaN,NaN,NaN,NaN,NaN,NaN,NaN,NaN,NaN,NaN,NaN,NaN,NaN,NaN,NaN,NaN,NaN,NaN,NaN,NaN,NaN,NaN,NaN,NaN,NaN,NaN,NaN,NaN,NaN,NaN,NaN,NaN,NaN,NaN,NaN
NaN,NaN,NaN,NaN,NaN,NaN,NaN,NaN,NaN,NaN,NaN,NaN,NaN,NaN,NaN,NaN,NaN,NaN,NaN,NaN,NaN,NaN,NaN,NaN,NaN,NaN,NaN,NaN,NaN,NaN,NaN,NaN,NaN,NaN,NaN,NaN,NaN,NaN,NaN,NaN,NaN,NaN,NaN,NaN,NaN,NaN,NaN,NaN,NaN,NaN,NaN,NaN,NaN,NaN,NaN,0.0930584327682813,0.102952381136272,0.11753626340958,0.120156733908618,0.116320496827437,0.121092217041517,0.121235184371021,0.121330612524539,0.121423801817925,0.121538259976862,0.121675741779674,0.121834639247198,0.122047622726814,0.122329509729965,0.122669045613506,0.123072526804318,0.123360510338354,0.123560231755619,0.123734304077359,0.123900503411404,0.1241544011442,0.124325003669438,0.124154375334193,0.123859469780992,0.123447252520607,0.122886947005058,0.122403950199775,0.121622499263682,0.109803553455117,NaN,NaN,NaN,0.0895941193531662,0.0971954298111756,NaN,NaN,NaN,NaN,NaN,NaN,NaN,NaN,NaN,NaN,NaN,NaN,NaN,NaN,NaN,NaN,NaN,NaN,NaN,NaN,NaN,NaN,NaN,NaN,NaN,NaN,NaN,NaN,NaN,NaN,NaN,NaN,NaN,NaN,NaN,NaN,NaN,NaN,NaN,NaN,NaN,NaN,NaN,NaN,NaN,NaN,NaN,NaN,NaN,NaN,NaN,NaN,NaN,NaN,NaN,NaN,NaN,NaN,NaN,NaN,NaN,NaN,NaN,NaN,NaN,NaN,NaN,NaN,0.199515004313882,0.19931180017384,0.199188762553414,0.199204213323807,0.199454978513708,0.199874088648535,0.200138845289897,NaN,NaN,NaN,NaN,NaN,NaN,NaN,NaN,NaN,NaN,NaN,NaN,NaN,NaN,NaN,NaN,NaN,NaN,NaN,NaN,NaN,NaN,NaN,NaN,NaN,NaN,NaN,NaN,NaN,NaN,NaN,NaN,NaN,NaN,NaN,NaN,NaN,NaN,NaN,NaN,NaN,NaN,NaN,NaN,NaN,NaN,NaN,NaN,NaN,NaN,NaN,NaN,NaN,NaN,NaN,NaN,NaN,NaN,NaN,NaN,NaN,NaN,NaN,NaN,NaN,NaN,NaN,NaN,NaN,NaN,NaN,NaN,NaN,NaN,NaN,NaN,NaN,NaN,NaN,NaN,NaN
NaN,NaN,NaN,NaN,NaN,NaN,NaN,NaN,NaN,NaN,NaN,NaN,NaN,NaN,NaN,NaN,NaN,NaN,NaN,NaN,NaN,NaN,NaN,NaN,NaN,NaN,NaN,NaN,NaN,NaN,NaN,NaN,NaN,NaN,NaN,NaN,NaN,NaN,NaN,NaN,NaN,NaN,NaN,NaN,NaN,NaN,NaN,NaN,NaN,0.105048756538565,0.114480016533773,0.110416120840076,0.107658935193162,NaN,NaN,0.0975406548066036,0.110339544623618,0.119984816341784,0.120173685661568,0.120708286212087,0.120996620095547,0.121192343348364,0.121352931639679,0.121504300545897,0.121664215083058,0.121840611762349,0.122043672228352,0.122280563901994,0.122592115843074,0.12299177225181,0.123437333964697,0.123737105565756,0.123878255790959,0.124207908811317,0.124470587702907,0.124748034414461,0.124908439328622,0.124813819752606,0.124680983527546,0.124467796409595,0.124272519117603,0.123945451313076,0.123585945065739,NaN,NaN,NaN,NaN,NaN,NaN,NaN,NaN,NaN,NaN,NaN,NaN,NaN,NaN,NaN,NaN,NaN,NaN,NaN,NaN,NaN,NaN,NaN,NaN,NaN,NaN,NaN,NaN,NaN,NaN,NaN,NaN,NaN,NaN,NaN,NaN,NaN,NaN,NaN,NaN,NaN,NaN,NaN,NaN,NaN,NaN,NaN,NaN,NaN,NaN,NaN,NaN,NaN,NaN,NaN,NaN,NaN,NaN,NaN,NaN,NaN,NaN,NaN,NaN,NaN,NaN,NaN,NaN,NaN,NaN,NaN,NaN,NaN,0.19951476607741,0.199409121062412,0.199101445489196,0.198869050727464,0.199048225685411,0.19940180421649,0.199743048686826,0.200214177270052,NaN,NaN,NaN,NaN,NaN,NaN,NaN,NaN,NaN,NaN,NaN,NaN,NaN,NaN,NaN,NaN,NaN,NaN,NaN,NaN,NaN,NaN,NaN,NaN,NaN,NaN,NaN,NaN,NaN,NaN,NaN,NaN,NaN,NaN,NaN,NaN,NaN,NaN,NaN,NaN,NaN,NaN,NaN,NaN,NaN,NaN,NaN,NaN,NaN,NaN,NaN,NaN,NaN,NaN,NaN,NaN,NaN,NaN,NaN,NaN,NaN,NaN,NaN,NaN,NaN,NaN,NaN,NaN,NaN,NaN,NaN,NaN,NaN,NaN,NaN,NaN,NaN,NaN,NaN,NaN,NaN
NaN,NaN,NaN,NaN,NaN,NaN,NaN,NaN,NaN,NaN,NaN,NaN,NaN,NaN,NaN,NaN,NaN,NaN,NaN,NaN,NaN,NaN,NaN,NaN,NaN,NaN,NaN,NaN,NaN,NaN,NaN,NaN,NaN,NaN,NaN,NaN,NaN,NaN,NaN,NaN,NaN,NaN,NaN,NaN,NaN,NaN,0.11327566315626,0.102501792230384,0.104724297884166,0.115293887901436,0.115550523226172,0.116054277595211,0.116313099627356,0.114439199076184,0.108838886432029,NaN,0.118577652867094,0.120005672300554,0.120345847250033,0.120653096054657,0.120939401828885,0.121191894464757,0.121408485083074,0.12159794963908,0.12179810194908,0.122012994849694,0.122251546366742,0.12249644241534,0.122800630437636,0.12318701059853,0.123640150539933,0.124015981957908,0.124269501115094,0.124585329057574,0.124950700410123,0.125229574329006,0.125316048319687,0.125390687889722,0.125405643017463,0.12527307809886,0.125235127919033,0.125289123449877,0.12536748003765,0.125513393929583,0.124983230243542,0.117914519963424,NaN,NaN,NaN,NaN,NaN,NaN,NaN,NaN,NaN,NaN,NaN,NaN,NaN,NaN,NaN,NaN,NaN,NaN,NaN,NaN,NaN,NaN,NaN,NaN,NaN,NaN,NaN,NaN,NaN,NaN,NaN,NaN,NaN,NaN,NaN,NaN,NaN,NaN,NaN,NaN,NaN,NaN,NaN,NaN,NaN,NaN,NaN,NaN,NaN,NaN,NaN,NaN,NaN,NaN,NaN,NaN,NaN,NaN,NaN,NaN,NaN,NaN,NaN,NaN,NaN,NaN,NaN,NaN,NaN,NaN,0.199479154311767,0.1991410214365,0.198762618801127,0.198594277740585,0.198651188794016,0.199034841327587,0.199227331275357,NaN,NaN,NaN,NaN,NaN,NaN,NaN,NaN,NaN,NaN,NaN,NaN,NaN,NaN,NaN,NaN,NaN,NaN,NaN,NaN,NaN,NaN,NaN,NaN,NaN,NaN,NaN,NaN,NaN,NaN,NaN,NaN,NaN,NaN,NaN,NaN,NaN,NaN,NaN,NaN,NaN,NaN,NaN,NaN,NaN,NaN,NaN,NaN,NaN,NaN,NaN,NaN,NaN,NaN,NaN,NaN,NaN,NaN,NaN,NaN,NaN,NaN,NaN,NaN,NaN,NaN,NaN,NaN,NaN,NaN,NaN,NaN,NaN,NaN,NaN,NaN,NaN,NaN,NaN,NaN,NaN,NaN
NaN,NaN,NaN,NaN,NaN,NaN,NaN,NaN,NaN,NaN,NaN,NaN,NaN,NaN,NaN,NaN,NaN,NaN,NaN,NaN,NaN,NaN,NaN,NaN,NaN,NaN,NaN,NaN,NaN,NaN,NaN,NaN,NaN,NaN,NaN,NaN,NaN,NaN,NaN,NaN,NaN,NaN,NaN,NaN,NaN,0.10585726699798,0.113719859762137,0.11386109119419,0.114303313594703,0.113263292698746,0.113362023374993,0.116174638490063,0.116549626860259,0.11696540558281,0.117622602785248,0.118416876310684,0.11931327313377,0.11986409985925,0.120245845554526,0.120592303895181,0.120905303960408,0.12122354692124,0.12149675871412,0.121723542826204,0.121965750918634,0.122240155915674,0.12252510166995,0.122809630796528,0.123151403492824,0.123579529790718,0.124031334339361,0.124340353244538,0.124713534793874,0.125042876411586,0.125417075230441,0.125620828169062,0.125665513855398,0.1258426963733,0.125937043406389,0.125930344002229,0.125913646648997,0.126047355817412,0.126335360816817,0.12674937920944,0.127000358031488,0.127264478633635,0.127356383540421,0.127354996175676,NaN,NaN,NaN,NaN,NaN,NaN,NaN,NaN,NaN,NaN,NaN,NaN,NaN,NaN,NaN,NaN,NaN,NaN,NaN,NaN,NaN,NaN,NaN,NaN,NaN,NaN,NaN,NaN,NaN,NaN,NaN,NaN,NaN,NaN,NaN,NaN,NaN,NaN,NaN,NaN,NaN,NaN,NaN,NaN,NaN,NaN,NaN,NaN,NaN,NaN,NaN,NaN,NaN,NaN,NaN,NaN,NaN,NaN,NaN,NaN,NaN,NaN,NaN,NaN,NaN,NaN,NaN,NaN,NaN,0.19847241384609,0.198287552095597,0.198174915934162,0.198319071085979,0.198594309453157,0.199356715152576,NaN,NaN,NaN,NaN,NaN,NaN,NaN,NaN,NaN,NaN,NaN,NaN,NaN,NaN,NaN,NaN,NaN,NaN,NaN,NaN,NaN,NaN,NaN,NaN,NaN,NaN,NaN,NaN,NaN,NaN,NaN,NaN,NaN,NaN,NaN,NaN,NaN,NaN,NaN,NaN,NaN,NaN,NaN,NaN,NaN,NaN,NaN,NaN,NaN,NaN,NaN,NaN,NaN,NaN,NaN,NaN,NaN,NaN,NaN,NaN,NaN,NaN,NaN,NaN,NaN,NaN,NaN,NaN,NaN,NaN,NaN,NaN,NaN,NaN,NaN,NaN,NaN,NaN,NaN,NaN,NaN,NaN
NaN,NaN,NaN,NaN,NaN,NaN,NaN,NaN,NaN,NaN,NaN,NaN,NaN,NaN,0.103116133846179,0.103718212444189,0.104080742315054,0.1039387320915,0.10426569347448,0.104352382332096,0.104390445362674,0.101453638279213,0.092720661456385,NaN,NaN,NaN,NaN,NaN,NaN,NaN,NaN,NaN,NaN,NaN,NaN,NaN,NaN,NaN,NaN,NaN,NaN,NaN,NaN,NaN,NaN,0.108037951785609,0.113139990359837,0.113922683403415,0.114307817729874,0.114817812402254,0.1156837875387,0.116323896591268,0.116828052734179,0.117339806425609,0.117908398129965,0.118513055239787,0.119151127724176,0.119697413837137,0.120148917767574,0.120542697655062,0.120914977323357,0.121309442181141,0.121642307070109,0.121933945694008,0.122234308188273,0.122445841936538,0.12292502070533,0.123266684532138,0.123664431008644,0.124140096187625,0.124565614368238,0.124907585301185,0.125239513228886,0.125617789163967,0.125875034047381,0.12603270356034,0.126039573316739,0.126254622232194,0.126337530145395,0.126423266311415,0.126440918739547,0.126537203982247,0.126750639474755,0.127036926975881,0.127340753303122,0.127560638105152,0.127676867991193,0.12744327250079,NaN,NaN,NaN,NaN,NaN,NaN,NaN,NaN,NaN,NaN,NaN,NaN,NaN,NaN,NaN,NaN,NaN,NaN,NaN,NaN,NaN,NaN,NaN,NaN,NaN,NaN,NaN,NaN,NaN,NaN,NaN,NaN,NaN,NaN,NaN,NaN,NaN,NaN,NaN,NaN,NaN,NaN,NaN,NaN,NaN,NaN,NaN,NaN,NaN,NaN,NaN,NaN,NaN,NaN,NaN,NaN,NaN,NaN,NaN,NaN,NaN,NaN,NaN,NaN,NaN,NaN,NaN,NaN,NaN,0.197882228447642,0.197714441113259,0.197543577371871,0.197801267381004,0.197837992675169,NaN,NaN,NaN,NaN,NaN,NaN,NaN,NaN,NaN,NaN,NaN,NaN,NaN,NaN,NaN,NaN,NaN,NaN,NaN,NaN,NaN,NaN,NaN,NaN,NaN,NaN,NaN,NaN,NaN,NaN,NaN,NaN,NaN,NaN,NaN,NaN,NaN,NaN,NaN,NaN,NaN,NaN,NaN,NaN,NaN,NaN,NaN,NaN,NaN,NaN,NaN,NaN,NaN,NaN,NaN,NaN,NaN,NaN,NaN,NaN,NaN,NaN,NaN,NaN,NaN,NaN,NaN,NaN,NaN,NaN,NaN,NaN,NaN,NaN,NaN,NaN,NaN,NaN,NaN,NaN,NaN,NaN,NaN
NaN,NaN,NaN,NaN,NaN,NaN,NaN,NaN,NaN,NaN,NaN,NaN,NaN,NaN,0.104076896334901,0.104079855385928,0.104078302697172,0.104107437668512,0.104273558590096,0.104374887302169,0.104418637900346,0.104505841523776,0.101583040977436,0.0927991524082993,NaN,NaN,NaN,NaN,NaN,NaN,NaN,NaN,NaN,NaN,NaN,NaN,NaN,NaN,NaN,NaN,NaN,NaN,NaN,0.103048285096708,0.112365443714823,0.112605171072305,0.113058851477613,0.113780702763629,0.114462024653487,0.115155567725194,0.115854467777098,0.116381590790572,0.116904182153488,0.117408573299959,0.117958610877677,0.118527796196651,0.119100119323277,0.119628290752888,0.120092986485377,0.120530871175566,0.1210065132479,0.121485504361633,0.12188344910691,0.122259455212867,0.12265123218293,0.123029745726219,0.123351505098507,0.123769232153528,0.12422630807212,0.124689935808031,0.125115728988944,0.125478074730146,0.125851915001601,0.126135626707737,0.126269367951397,0.126333277214481,0.12646140829274,0.126576060223365,0.126687334748143,0.126805329533095,0.126893179770417,0.126979709126685,0.127159898601829,0.127385724891012,0.1275946674135,0.127750716184536,0.127840709738787,0.127662885445171,NaN,NaN,NaN,NaN,NaN,NaN,NaN,NaN,NaN,NaN,NaN,NaN,NaN,NaN,NaN,NaN,NaN,NaN,NaN,NaN,NaN,NaN,NaN,NaN,NaN,NaN,NaN,NaN,NaN,NaN,NaN,NaN,NaN,NaN,NaN,NaN,NaN,NaN,NaN,NaN,NaN,NaN,NaN,NaN,NaN,NaN,NaN,NaN,NaN,NaN,NaN,NaN,NaN,NaN,NaN,NaN,NaN,NaN,NaN,NaN,NaN,NaN,NaN,NaN,NaN,NaN,NaN,NaN,NaN,0.197568590148151,0.197094793647347,0.197125958386625,0.197755423464718,0.198375597634851,NaN,NaN,NaN,NaN,NaN,NaN,NaN,NaN,NaN,NaN,NaN,NaN,NaN,NaN,NaN,NaN,NaN,NaN,NaN,NaN,NaN,NaN,NaN,NaN,NaN,NaN,NaN,NaN,NaN,NaN,NaN,NaN,NaN,NaN,NaN,NaN,NaN,NaN,NaN,NaN,NaN,NaN,NaN,NaN,NaN,NaN,NaN,NaN,NaN,NaN,NaN,NaN,NaN,NaN,NaN,NaN,NaN,NaN,NaN,NaN,NaN,NaN,NaN,NaN,NaN,NaN,NaN,NaN,NaN,NaN,NaN,NaN,NaN,NaN,NaN,NaN,NaN,NaN,NaN,NaN,NaN,NaN,NaN
NaN,NaN,NaN,NaN,NaN,NaN,NaN,NaN,NaN,NaN,NaN,NaN,NaN,0.104091114477514,0.104091888099801,0.104087901167959,0.104047501354537,0.10393883488828,0.103158254651505,0.104419382404991,0.104559684755567,0.104669444781143,0.104772069337396,0.101398332781691,0.0941878537151478,0.0937857101444944,NaN,NaN,NaN,NaN,NaN,NaN,NaN,NaN,NaN,NaN,NaN,NaN,NaN,NaN,NaN,NaN,NaN,0.10034822880235,0.111789571501212,0.112428534908666,0.113263321858481,0.11381738997214,0.114682906147741,0.115111875378542,0.115893969257718,0.116411774780249,0.116946869880052,0.117455724873474,0.11800673000507,0.118567319614629,0.119107594077798,0.11963324799633,0.120095015656791,0.120358970331596,0.120908594641046,0.121786494685646,0.122193903892675,0.122599680167129,0.123068181136763,0.123421298712774,0.123785824337361,0.124239245519888,0.12473923782957,0.12524115589692,0.125653029777744,0.12598516020646,0.126275135369048,0.12647521794559,0.126629051803465,0.126707731555089,0.126842213993374,0.12683755490268,0.126996816551902,0.127129228864273,0.127277419707129,0.127409889399643,0.127552635486382,0.127719994113021,0.127875361285097,0.127996024366135,0.128086549024652,0.128037258926816,NaN,NaN,NaN,NaN,NaN,NaN,NaN,NaN,NaN,NaN,NaN,NaN,NaN,NaN,NaN,NaN,NaN,NaN,NaN,NaN,NaN,NaN,NaN,NaN,NaN,NaN,NaN,NaN,NaN,NaN,NaN,NaN,NaN,NaN,NaN,NaN,NaN,NaN,NaN,NaN,NaN,NaN,NaN,NaN,NaN,NaN,NaN,NaN,NaN,NaN,NaN,NaN,NaN,NaN,NaN,NaN,NaN,NaN,NaN,NaN,NaN,NaN,NaN,NaN,NaN,NaN,NaN,0.192073164526698,0.192820208681753,0.194793833488725,0.195607882092868,0.196246483410402,0.197068935805363,0.19852373295151,NaN,NaN,NaN,NaN,NaN,NaN,NaN,NaN,NaN,NaN,NaN,NaN,NaN,NaN,NaN,NaN,NaN,NaN,NaN,NaN,NaN,NaN,NaN,NaN,NaN,NaN,NaN,NaN,NaN,NaN,NaN,NaN,NaN,NaN,NaN,NaN,NaN,NaN,NaN,NaN,NaN,NaN,NaN,NaN,NaN,NaN,NaN,NaN,NaN,NaN,NaN,NaN,NaN,NaN,NaN,NaN,NaN,NaN,NaN,NaN,NaN,NaN,NaN,NaN,NaN,NaN,NaN,NaN,NaN,NaN,NaN,NaN,NaN,NaN,NaN,NaN,NaN,NaN,NaN,NaN,NaN,NaN,NaN
NaN,NaN,NaN,NaN,NaN,NaN,NaN,NaN,NaN,NaN,NaN,NaN,NaN,0.104096910775849,0.104106839354341,NaN,NaN,NaN,NaN,NaN,0.10472706740794,0.104804849911965,0.104925593299753,0.105104707427764,0.103441317074917,0.103216989360905,NaN,NaN,NaN,NaN,NaN,NaN,NaN,NaN,NaN,NaN,NaN,NaN,NaN,NaN,NaN,0.100075609573433,0.110192030967014,0.11014796889231,0.111531093913786,0.112757454928231,0.11315960654684,0.113828970458965,0.11459446365781,0.11499350856301,0.114476998563021,0.116379834645324,0.116969532445932,0.117503584816058,0.118033943240345,0.118596456777058,0.119153326611659,0.119706774378533,0.120251257283497,0.120581356813109,0.121547383632283,0.12202871904252,0.122429750599043,0.122921410838834,0.123365132050748,0.123644924524017,0.124032728359484,0.124623250730439,0.125118800912226,0.125540681747459,0.125861260673736,0.126154209895592,0.12644181532366,0.126701271321892,0.126916771098157,0.127051143696973,0.127120142157048,0.127170363970513,0.127253835074757,0.127425726079319,0.127626256200301,0.127813858928875,0.127959413029036,0.128082809631771,0.12821389641804,0.128328597050993,0.128436424398472,0.128591963549476,0.126518629087096,NaN,NaN,NaN,NaN,NaN,NaN,NaN,NaN,NaN,NaN,NaN,NaN,NaN,NaN,NaN,NaN,NaN,NaN,NaN,NaN,NaN,NaN,NaN,NaN,NaN,NaN,NaN,NaN,NaN,NaN,NaN,NaN,NaN,NaN,NaN,NaN,NaN,NaN,NaN,NaN,NaN,NaN,NaN,NaN,NaN,NaN,NaN,NaN,NaN,NaN,NaN,NaN,NaN,NaN,NaN,NaN,NaN,NaN,NaN,NaN,NaN,NaN,NaN,NaN,NaN,0.191335945236329,0.191795234519156,0.192171028947218,0.193097929823528,0.193994421951344,0.194329424473695,0.194570041386718,NaN,NaN,NaN,NaN,NaN,NaN,NaN,NaN,NaN,NaN,NaN,NaN,NaN,NaN,NaN,NaN,NaN,NaN,NaN,NaN,NaN,NaN,NaN,NaN,NaN,NaN,NaN,NaN,NaN,NaN,NaN,NaN,NaN,NaN,NaN,NaN,NaN,NaN,NaN,NaN,NaN,NaN,NaN,NaN,NaN,NaN,NaN,NaN,NaN,NaN,NaN,NaN,NaN,NaN,NaN,NaN,NaN,NaN,NaN,NaN,NaN,NaN,NaN,NaN,NaN,NaN,NaN,NaN,NaN,NaN,NaN,NaN,NaN,NaN,NaN,NaN,NaN,NaN,NaN,NaN,NaN,NaN,NaN,NaN
NaN,NaN,NaN,NaN,NaN,NaN,NaN,NaN,NaN,NaN,NaN,NaN,NaN,NaN,NaN,NaN,NaN,NaN,NaN,NaN,NaN,0.10491333389683,0.105092152514931,0.105264981017149,0.105558573485184,0.105859174432561,0.106152403823065,0.106339673713057,0.106322468307954,0.106403745465122,0.0999068404248583,NaN,NaN,NaN,NaN,NaN,NaN,NaN,NaN,NaN,0.101967456591983,0.1098066076891,0.110088680696126,0.110418983697176,0.11120278722303,0.112710992165283,0.113272625932462,0.113703304121994,0.114373955626825,0.115106834086903,0.115666438159321,0.116251448183898,0.116786867378867,0.117539044876907,0.118060090681351,0.118683880669531,0.119292447957448,0.119951676073078,0.120503383094532,0.121045161629592,0.121649680744369,0.122126427965648,0.122530207818365,0.123064985527499,0.123477508658765,0.123746280947273,0.124206423285821,0.124792913892491,0.125211073427589,0.125571897171102,0.125841095732331,0.12612295023415,0.126437109882693,0.126743759772606,0.127016321421437,0.127246113993985,0.127406420461827,0.127461739239877,0.127531720987165,0.127724322699647,0.127934877989451,0.128160066430002,0.12835203085976,0.128480540341356,0.128600396817519,0.128700028692892,0.128793237467717,0.128928942024777,0.129044564738976,0.121788245900685,NaN,NaN,NaN,NaN,NaN,NaN,NaN,NaN,NaN,NaN,NaN,NaN,NaN,NaN,NaN,NaN,NaN,NaN,NaN,NaN,NaN,NaN,NaN,NaN,NaN,NaN,NaN,NaN,NaN,NaN,NaN,NaN,NaN,NaN,NaN,NaN,NaN,NaN,NaN,NaN,NaN,NaN,NaN,NaN,NaN,NaN,NaN,NaN,NaN,NaN,NaN,NaN,NaN,NaN,NaN,NaN,NaN,NaN,NaN,NaN,NaN,NaN,NaN,0.190696924286889,0.190868016935522,0.191235953796577,0.191751217159006,0.192365190958869,0.192754380566377,0.192878497531134,0.192907167771911,0.192462603040129,NaN,NaN,NaN,NaN,NaN,NaN,NaN,NaN,NaN,NaN,NaN,NaN,NaN,NaN,NaN,NaN,NaN,NaN,NaN,NaN,NaN,NaN,NaN,NaN,NaN,NaN,NaN,NaN,NaN,NaN,NaN,NaN,NaN,NaN,NaN,NaN,NaN,NaN,NaN,NaN,NaN,NaN,NaN,NaN,NaN,NaN,NaN,NaN,NaN,NaN,NaN,NaN,NaN,NaN,NaN,NaN,NaN,NaN,NaN,NaN,NaN,NaN,NaN,NaN,NaN,NaN,NaN,NaN,NaN,NaN,NaN,NaN,NaN,NaN,NaN,NaN,NaN,NaN,NaN,NaN,NaN,NaN,NaN
NaN,NaN,NaN,NaN,NaN,NaN,NaN,NaN,NaN,NaN,NaN,NaN,NaN,NaN,NaN,NaN,NaN,NaN,NaN,NaN,NaN,NaN,0.10513306594606,0.105488945897045,0.105745374698211,0.105945912445539,0.106217532011531,0.106405087892589,0.106499674024685,0.106514830336406,0.106416767350613,NaN,NaN,NaN,NaN,NaN,NaN,NaN,NaN,0.101634213447179,0.108211817966162,0.108459740946498,0.109938790036566,0.11063891880741,0.111298352703643,0.112399928180144,0.113108906835774,0.113691171122155,0.114293844787849,0.114948861826899,0.115451163731997,0.115723717481642,0.116885034552726,0.117559679856236,0.118168315628646,0.118827150742256,0.119408896153693,0.120046550724065,0.120509816136739,0.120989476699504,0.121648889435963,0.122153256125908,0.122577286672536,0.123120260327667,0.123560611424304,0.123886066890934,0.124352308128506,0.12481549185065,0.125174112713438,0.125487291630589,0.125691793196396,0.126004284626919,0.12647923166407,0.126775136530323,0.127051239998719,0.127331739104306,0.127571437419387,0.127689538630741,0.12781317182294,0.128000380206023,0.128240412172685,0.128452223086723,0.128637221491314,0.128819973746988,0.129013205369096,0.129153219927321,0.129205038722876,0.129293811592073,0.129389613908984,0.126512252992768,NaN,NaN,NaN,NaN,NaN,NaN,NaN,NaN,NaN,NaN,NaN,NaN,NaN,NaN,NaN,NaN,NaN,NaN,NaN,NaN,NaN,NaN,NaN,NaN,NaN,NaN,NaN,NaN,NaN,NaN,NaN,NaN,NaN,NaN,NaN,NaN,NaN,NaN,NaN,NaN,NaN,NaN,NaN,NaN,NaN,NaN,NaN,NaN,NaN,NaN,NaN,NaN,NaN,NaN,NaN,NaN,NaN,NaN,NaN,NaN,NaN,NaN,NaN,0.190548040256963,0.190585722164193,0.190844144871421,0.191524684735143,0.191962536673362,0.1920143542073,0.192134471923954,0.192048266278628,0.192034514877867,0.192022505393534,0.19201211358064,NaN,NaN,NaN,NaN,NaN,NaN,NaN,NaN,NaN,NaN,NaN,NaN,NaN,NaN,NaN,NaN,NaN,NaN,NaN,NaN,NaN,NaN,NaN,NaN,NaN,NaN,NaN,NaN,NaN,NaN,NaN,NaN,NaN,NaN,NaN,NaN,NaN,NaN,NaN,NaN,NaN,NaN,NaN,NaN,NaN,NaN,NaN,NaN,NaN,NaN,NaN,NaN,NaN,NaN,NaN,NaN,NaN,NaN,NaN,NaN,NaN,NaN,NaN,NaN,NaN,NaN,NaN,NaN,NaN,NaN,NaN,NaN,NaN,NaN,NaN,NaN,NaN,NaN,NaN,NaN,NaN
NaN,NaN,NaN,NaN,NaN,NaN,NaN,NaN,NaN,NaN,NaN,NaN,NaN,NaN,NaN,NaN,NaN,NaN,NaN,NaN,NaN,NaN,NaN,0.103263936643184,0.105812689463625,0.106050810854114,0.106364221591864,0.106497914459552,0.106555249430823,0.106553041607798,0.106557581623442,0.106526503249695,0.106602951591291,0.103410555704628,0.104545146487778,0.101598833993653,0.102242444992544,0.106288744361272,0.106497345743077,0.101121495996379,0.107862385130461,0.108296546734942,0.109511231033621,0.110139709375829,0.110926551814066,0.11223573530125,0.113146473347359,0.113617947940947,0.114227114959627,0.114778498198405,0.115489958209873,0.116076781020919,0.11676101896276,0.117572485431121,0.118274503560011,0.118941344590036,0.119354083719536,0.119936244736331,0.120420675555861,0.120833524299683,0.121530075212886,0.122179493742267,0.122637177069499,0.123293549349979,0.123733222157631,0.124036830788965,0.124414781777732,0.124822579275966,0.125237439014082,0.125424695080443,0.125608629962205,0.126045394016194,0.126442524009387,0.126773351436465,0.127197064990004,0.127504423045711,0.127759561542256,0.127945643825779,0.128114921032956,0.128303958361228,0.128523983752841,0.128756653955485,0.128915453250737,0.129122131581036,0.129366837116152,0.129504948967351,0.129578381256167,0.129659727948728,0.129706543427236,0.12956542075787,NaN,NaN,NaN,NaN,NaN,NaN,NaN,NaN,NaN,NaN,NaN,NaN,NaN,NaN,NaN,NaN,NaN,NaN,NaN,NaN,NaN,NaN,NaN,NaN,NaN,NaN,NaN,NaN,NaN,NaN,NaN,NaN,NaN,NaN,NaN,NaN,NaN,NaN,NaN,NaN,NaN,NaN,NaN,NaN,NaN,NaN,NaN,NaN,NaN,NaN,NaN,NaN,NaN,NaN,NaN,NaN,NaN,NaN,NaN,NaN,NaN,NaN,NaN,0.190435911328019,0.190442585446333,0.190544570728335,0.190861095043241,0.191193403798774,0.191392457975348,0.191763881259281,0.191818989560023,0.191870801277458,0.191903767308523,0.191918790946933,0.19146689972573,0.171506401552824,NaN,NaN,NaN,NaN,NaN,NaN,NaN,NaN,NaN,NaN,NaN,NaN,NaN,NaN,NaN,NaN,NaN,NaN,NaN,NaN,NaN,NaN,NaN,NaN,NaN,NaN,NaN,NaN,NaN,NaN,NaN,NaN,NaN,NaN,NaN,NaN,NaN,NaN,NaN,NaN,NaN,NaN,NaN,NaN,NaN,NaN,NaN,NaN,NaN,NaN,NaN,NaN,NaN,NaN,NaN,NaN,NaN,NaN,NaN,NaN,NaN,NaN,NaN,NaN,NaN,NaN,NaN,NaN,NaN,NaN,NaN,NaN,NaN,NaN,NaN,NaN,NaN,NaN,NaN
NaN,NaN,NaN,NaN,NaN,NaN,NaN,NaN,NaN,NaN,NaN,NaN,NaN,NaN,NaN,NaN,NaN,NaN,NaN,NaN,NaN,NaN,NaN,NaN,NaN,NaN,0.106513578310881,0.106595360726595,0.106628844770515,0.10661459745963,0.106615841802295,0.106642305356618,0.106616228028961,0.105941790289286,0.104431457638074,0.0965224155901372,0.0985556258581946,0.106326335869045,0.106661097531317,0.107296158485997,0.107957254721813,0.109754948720512,0.110130343124982,0.11094225601289,0.111435449135931,0.112256618470129,0.113026520844544,0.113527022160493,0.113978815521739,0.114811579274652,0.115346873682961,0.116008952002998,0.116590276606978,0.117452789529765,0.118306145260334,0.118837270419999,0.119221723303808,0.119638957908048,0.120207669721509,0.120731112172178,0.121470757072973,0.122230843042415,0.122825033094666,0.123383600236791,0.123687825205473,0.124040626695627,0.124476224011313,0.124967428032749,0.125269887610827,0.125440374943573,0.125682732481246,0.12611687144917,0.12652546543399,0.12691474581834,0.127504486403068,0.127841104581783,0.128031663724211,0.128229562809679,0.128442378580229,0.128673641919725,0.128949186400913,0.129077293127617,0.129164780461102,0.129390463755688,0.129571215000447,0.129676133605766,0.129756480206979,0.129835404422289,0.129892538381624,0.129943604431021,0.13003012959834,NaN,NaN,NaN,NaN,NaN,NaN,NaN,NaN,NaN,NaN,NaN,NaN,NaN,NaN,NaN,NaN,NaN,NaN,NaN,NaN,NaN,NaN,NaN,NaN,NaN,NaN,NaN,NaN,NaN,NaN,NaN,NaN,NaN,NaN,NaN,NaN,NaN,NaN,NaN,NaN,NaN,NaN,NaN,NaN,NaN,NaN,NaN,NaN,NaN,NaN,NaN,NaN,NaN,NaN,NaN,NaN,NaN,NaN,NaN,NaN,NaN,NaN,0.190284801753059,0.190245895461998,0.190246889591053,0.190134555807593,0.190265526254989,0.190817666021165,0.191266367084141,0.191544730776816,0.1917039249881,0.191749812231072,0.191737762585439,0.190403811126631,0.17050848573066,NaN,NaN,NaN,NaN,NaN,NaN,NaN,NaN,NaN,NaN,NaN,NaN,NaN,NaN,NaN,NaN,NaN,NaN,NaN,NaN,NaN,NaN,NaN,NaN,NaN,NaN,NaN,NaN,NaN,NaN,NaN,NaN,NaN,NaN,NaN,NaN,NaN,NaN,NaN,NaN,NaN,NaN,NaN,NaN,NaN,NaN,NaN,NaN,NaN,NaN,NaN,NaN,NaN,NaN,NaN,NaN,NaN,NaN,NaN,NaN,NaN,NaN,NaN,NaN,NaN,NaN,NaN,NaN,NaN,NaN,NaN,NaN,NaN,NaN,NaN,NaN,NaN,NaN,NaN
NaN,NaN,NaN,NaN,NaN,NaN,NaN,NaN,NaN,NaN,NaN,NaN,NaN,NaN,NaN,NaN,NaN,NaN,NaN,NaN,NaN,NaN,NaN,NaN,NaN,NaN,0.101276715903902,0.105994783172404,0.106695144527188,0.106686826261104,0.106689702288258,0.106739403951716,0.1067525403302,0.106817583039904,0.105821219545115,0.106086010011608,0.106355962015331,0.105865124793558,0.106042495778002,0.107273802658226,0.107386564340281,0.109450464096062,0.111107620717893,0.111367589759916,0.108847639029583,0.107841879738974,0.112081433588236,0.113218695225975,0.113825579556213,0.114591161651638,0.115269041707091,0.11595901462536,0.116715994317043,0.117557762808699,0.118069039645889,0.118518395803799,0.11899844776338,0.119472232520268,0.120011835438125,0.120537304204708,0.121306557353185,0.122280519126791,0.122859561507689,0.123264253428691,0.123628732589056,0.124068135105512,0.124534557227118,0.125022910801416,0.125332539577049,0.125513596632544,0.12575552904978,0.126171632239361,0.126604403627565,0.127043098449989,0.127702068737538,0.12809844454712,0.128365303691921,0.128603670228866,0.128797740221124,0.129054317210904,0.129185664802159,0.129246399465956,0.129354387912029,0.129537689354076,0.129682507658941,0.129769851466281,0.129842777009916,0.129917787422298,0.129957477582209,0.130000444861545,0.130040695516736,0.130055252522652,NaN,NaN,NaN,NaN,NaN,NaN,NaN,NaN,NaN,NaN,NaN,NaN,NaN,NaN,NaN,NaN,NaN,NaN,NaN,NaN,NaN,NaN,NaN,NaN,NaN,NaN,NaN,NaN,NaN,NaN,NaN,NaN,NaN,NaN,NaN,NaN,NaN,NaN,NaN,NaN,NaN,NaN,NaN,NaN,NaN,NaN,NaN,NaN,NaN,NaN,NaN,NaN,NaN,NaN,NaN,NaN,NaN,NaN,NaN,NaN,NaN,0.190096522182117,0.190040663942987,0.190024563426188,0.189957130964668,0.189958903158682,0.190472039679776,0.190799136036413,0.191139324788131,0.191377772901568,0.191432923757673,0.191418272636341,0.190076153461483,0.189976732882541,NaN,NaN,NaN,NaN,NaN,NaN,NaN,NaN,NaN,NaN,NaN,NaN,NaN,NaN,NaN,NaN,NaN,NaN,NaN,NaN,NaN,NaN,NaN,NaN,NaN,NaN,NaN,NaN,NaN,NaN,NaN,NaN,NaN,NaN,NaN,NaN,NaN,NaN,NaN,NaN,NaN,NaN,NaN,NaN,NaN,NaN,NaN,NaN,NaN,NaN,NaN,NaN,NaN,NaN,NaN,NaN,NaN,NaN,NaN,NaN,NaN,NaN,NaN,NaN,NaN,NaN,NaN,NaN,NaN,NaN,NaN,NaN,NaN,NaN,NaN,NaN,NaN,NaN,NaN
NaN,NaN,NaN,NaN,NaN,NaN,NaN,NaN,NaN,NaN,NaN,NaN,NaN,NaN,NaN,NaN,NaN,NaN,NaN,NaN,NaN,NaN,NaN,NaN,NaN,NaN,NaN,0.102083002739113,0.106739138336225,0.106780059754514,0.106842892689082,0.106937883309648,0.107019302461763,0.106515002478168,0.10498154370799,0.105127114026451,0.106416094750599,0.104756608426456,0.105361111713196,0.106511988245485,0.108336986526462,0.109025308668582,0.11035543276667,0.111854421385339,0.111404045665325,0.11227603039423,0.112696815349288,0.113338172271251,0.113965413716845,0.114386994679959,0.115358104358803,0.116032866708095,0.116613063490845,0.117302224048557,0.117780727925749,0.118173867100087,0.118688146843974,0.119240690928854,0.119816102175586,0.120495808661909,0.121232966461979,0.122016863731238,0.122668719999847,0.123165029817866,0.123567021090722,0.12401369704314,0.124505618288215,0.124961829301273,0.125334666240384,0.125538539480852,0.125777187050035,0.126157259610184,0.126612418437348,0.127078495951404,0.127754610514304,0.128237721421256,0.128597093490938,0.128896738066739,0.129156792650812,0.129306318366399,0.129404667204758,0.129451608217741,0.129480824218611,0.129596450956215,0.129730707567448,0.129798947651179,0.129873305153658,0.129967143910522,0.130001610730983,0.130033483395028,0.130043350599885,0.13002178676086,0.129982626736402,NaN,NaN,NaN,NaN,NaN,NaN,NaN,NaN,NaN,NaN,NaN,NaN,NaN,NaN,NaN,NaN,NaN,NaN,NaN,NaN,NaN,NaN,NaN,NaN,NaN,NaN,NaN,NaN,NaN,NaN,NaN,NaN,NaN,NaN,NaN,NaN,NaN,NaN,NaN,NaN,NaN,NaN,NaN,NaN,NaN,NaN,NaN,NaN,NaN,NaN,NaN,NaN,NaN,NaN,NaN,NaN,NaN,NaN,NaN,NaN,0.189786335965683,0.189737375716308,0.189724748101933,0.189673227575979,0.189742781117125,0.190100295198206,0.190481644495995,0.190790654411372,0.190940365542245,0.190963678120685,0.19094083253965,0.189806379567918,0.189851873366435,NaN,NaN,NaN,NaN,NaN,NaN,NaN,NaN,NaN,NaN,NaN,NaN,NaN,NaN,NaN,NaN,NaN,NaN,NaN,NaN,NaN,NaN,NaN,NaN,NaN,NaN,NaN,NaN,NaN,NaN,NaN,NaN,NaN,NaN,NaN,NaN,NaN,NaN,NaN,NaN,NaN,NaN,NaN,NaN,NaN,NaN,NaN,NaN,NaN,NaN,NaN,NaN,NaN,NaN,NaN,NaN,NaN,NaN,NaN,NaN,NaN,NaN,NaN,NaN,NaN,NaN,NaN,NaN,NaN,NaN,NaN,NaN,NaN,NaN,NaN,NaN,NaN,NaN,NaN
NaN,NaN,NaN,NaN,NaN,NaN,NaN,NaN,NaN,NaN,NaN,NaN,NaN,NaN,NaN,NaN,NaN,NaN,NaN,NaN,NaN,NaN,NaN,NaN,NaN,NaN,NaN,NaN,0.102182664632678,0.106911361889414,0.107064917448905,0.107126838278914,0.107289037497749,0.107221215539393,0.104227436138661,0.105721493930411,0.104817181472256,0.105177515996785,0.104781951705392,0.106239210235728,0.108346780725465,0.109319617263818,0.109979705722389,0.111921324780372,0.111956703469837,0.112368062969543,0.112756551480559,0.113434816889794,0.113959526751029,0.114530840632453,0.11525532662449,0.115928874470059,0.116445901262821,0.116960114162489,0.117509236450239,0.117894182937943,0.118379179522007,0.118945188991703,0.119658216189701,0.120611041522329,0.121158034650126,0.12174384228362,0.122467505833588,0.122913579492449,0.12311996073414,0.123231779801855,0.123910487630029,0.124583078408524,0.125083147917076,0.125278109647027,0.125615720079796,0.125716095782109,0.126482616447442,0.126879552380899,0.127472947885332,0.128179765090581,0.128687448204114,0.129061329768363,0.129350694473225,0.129516744099634,0.129671928906542,0.129683299313713,0.129661598349683,0.129721473648343,0.129811992400753,0.129805661201909,0.129875034985391,0.129986016660946,0.130009441403582,0.130035796694605,0.130055067407593,0.130028579966412,0.12995330755956,NaN,NaN,NaN,NaN,NaN,NaN,NaN,NaN,NaN,NaN,NaN,NaN,NaN,NaN,NaN,NaN,NaN,NaN,NaN,NaN,NaN,NaN,NaN,NaN,NaN,NaN,NaN,NaN,NaN,NaN,NaN,NaN,NaN,NaN,NaN,NaN,NaN,NaN,NaN,NaN,NaN,NaN,NaN,NaN,NaN,NaN,NaN,NaN,NaN,NaN,NaN,NaN,NaN,NaN,NaN,NaN,NaN,NaN,NaN,NaN,0.189211214729545,0.189171824799673,0.189169371804408,0.189160326041756,0.189323227459151,0.189890604448288,0.190237272832566,0.190314303469462,0.190312571992187,0.190313655196753,0.190340362860095,0.183457243854705,0.185994875829633,NaN,NaN,NaN,NaN,NaN,NaN,NaN,NaN,NaN,NaN,NaN,NaN,NaN,NaN,NaN,NaN,NaN,NaN,NaN,NaN,NaN,NaN,NaN,NaN,NaN,NaN,NaN,NaN,NaN,NaN,NaN,NaN,NaN,NaN,NaN,NaN,NaN,NaN,NaN,NaN,NaN,NaN,NaN,NaN,NaN,NaN,NaN,NaN,NaN,NaN,NaN,NaN,NaN,NaN,NaN,NaN,NaN,NaN,NaN,NaN,NaN,NaN,NaN,NaN,NaN,NaN,NaN,NaN,NaN,NaN,NaN,NaN,NaN,NaN,NaN,NaN,NaN,NaN,NaN
NaN,NaN,NaN,NaN,NaN,NaN,NaN,NaN,NaN,NaN,NaN,NaN,NaN,NaN,NaN,NaN,NaN,NaN,NaN,NaN,NaN,NaN,NaN,NaN,NaN,NaN,NaN,NaN,NaN,0.102399056487081,0.107268882943521,0.107402936272355,0.107518427501787,0.10762430420906,0.107605850578796,0.105838285110474,0.106031430486049,0.104906138205994,0.10495747092634,0.106111848899006,0.108087165618806,0.11058816411698,0.111798811721713,0.112050332552022,0.112222960430565,0.112546264615383,0.113027004139676,0.113457080084428,0.113858123984782,0.114369825279725,0.114957054757542,0.115553894668764,0.116201622227154,0.116764082763989,0.117239957845142,0.117663882499074,0.118116836392822,0.11866741364026,0.118382317927477,0.118208469468173,0.121088227724585,0.119631740916354,0.121398172019379,0.122357474683816,0.123038262750321,0.123659479446946,0.124183644027436,0.124650454690878,0.124960743930157,0.125223549034243,0.125591262978003,0.125963411703156,0.126400484199652,0.12684529784997,0.127345509240867,0.12783552969379,0.128453752878196,0.129052904592357,0.12940134569139,0.129597683126545,0.129775888464885,0.129815597639894,0.129793805871114,0.129912050387055,0.129945785099919,0.129880456990471,0.129937843593371,0.129970533176197,0.129959977547451,0.130005726954532,0.130058175676495,0.130069233132551,0.130146009282467,0.130412988085997,0.130392214547026,NaN,NaN,NaN,NaN,NaN,NaN,NaN,NaN,NaN,NaN,NaN,NaN,NaN,NaN,NaN,NaN,NaN,NaN,NaN,NaN,NaN,NaN,NaN,NaN,NaN,NaN,NaN,NaN,NaN,NaN,NaN,NaN,NaN,NaN,NaN,NaN,NaN,NaN,NaN,NaN,NaN,NaN,NaN,NaN,NaN,NaN,NaN,NaN,NaN,NaN,NaN,NaN,NaN,NaN,NaN,NaN,NaN,NaN,0.188732776394577,0.188548683920038,0.18842096526762,0.188354434700474,0.18867666005906,0.189499142834354,0.189792528196541,0.189451601493455,0.189439136294016,0.189465409512272,0.189514314179411,0.180888299531279,NaN,NaN,NaN,NaN,NaN,NaN,NaN,NaN,NaN,NaN,NaN,NaN,NaN,NaN,NaN,NaN,NaN,NaN,NaN,NaN,NaN,NaN,NaN,NaN,NaN,NaN,NaN,NaN,NaN,NaN,NaN,NaN,NaN,NaN,NaN,NaN,NaN,NaN,NaN,NaN,NaN,NaN,NaN,NaN,NaN,NaN,NaN,NaN,NaN,NaN,NaN,NaN,NaN,NaN,NaN,NaN,NaN,NaN,NaN,NaN,NaN,NaN,NaN,NaN,NaN,NaN,NaN,NaN,NaN,NaN,NaN,NaN,NaN,NaN,NaN,NaN,NaN,NaN,NaN,NaN
NaN,NaN,NaN,NaN,NaN,NaN,NaN,NaN,NaN,NaN,NaN,NaN,NaN,NaN,NaN,NaN,NaN,NaN,NaN,NaN,NaN,NaN,NaN,NaN,NaN,NaN,NaN,NaN,NaN,0.101708592007573,0.107405214951043,0.107612583071673,0.107680193978295,0.107880227141047,0.108077847655091,0.10797388320726,0.101190243672995,0.109094004824845,0.104879368191273,0.107707432697166,0.110427402381791,0.111466815121811,0.111887318430707,0.112057102275938,0.112221867643054,0.112556003846616,0.113032730284306,0.113400603987374,0.11372532624332,0.114177804569136,0.11472627257908,0.115335085747719,0.115853090541946,0.11641053341289,0.116948433350007,0.11744590098364,0.117881117336387,0.116134867846504,0.113695223563811,0.114649390933166,0.117933836470415,0.119021518991185,0.120973948764753,0.12133895372934,0.122543175846367,0.123651264630058,0.124104883304734,0.124596278077591,0.124896802186583,0.125184150454801,0.125602442152798,0.125952504775865,0.126281884991729,0.126836681011116,0.127317725412151,0.127664758317267,0.128246504666773,0.128618081838826,0.129201878960139,0.129539065537952,0.129742970350431,0.129825565037882,0.12986016686797,0.129967148820039,0.129970124910004,0.129968395334939,0.129978601176532,0.129938558900649,0.129916639585139,0.129954325415202,0.13000930781006,0.13003571173036,0.130211997653918,0.130393419595565,0.130435429785205,0.130502721685304,0.13047267883581,0.130507132821447,0.129930313497825,NaN,NaN,NaN,NaN,NaN,NaN,NaN,NaN,NaN,NaN,NaN,NaN,NaN,NaN,NaN,NaN,NaN,NaN,NaN,NaN,NaN,NaN,NaN,NaN,NaN,NaN,NaN,NaN,NaN,NaN,NaN,NaN,NaN,NaN,NaN,NaN,NaN,NaN,NaN,NaN,NaN,NaN,NaN,NaN,NaN,NaN,NaN,NaN,NaN,NaN,NaN,NaN,NaN,NaN,0.188613556560664,0.188172553890469,0.188056052082539,0.187909213455493,0.187981167144045,0.188093311185198,0.188248221744832,0.188392704305364,0.188399776271743,0.188487099785558,0.18855044433393,NaN,NaN,NaN,NaN,NaN,NaN,NaN,NaN,NaN,NaN,NaN,NaN,NaN,NaN,NaN,NaN,NaN,NaN,NaN,NaN,NaN,NaN,NaN,NaN,NaN,NaN,NaN,NaN,NaN,NaN,NaN,NaN,NaN,NaN,NaN,NaN,NaN,NaN,NaN,NaN,NaN,NaN,NaN,NaN,NaN,NaN,NaN,NaN,NaN,NaN,NaN,NaN,NaN,NaN,NaN,NaN,NaN,NaN,NaN,NaN,NaN,NaN,NaN,NaN,NaN,NaN,NaN,NaN,NaN,NaN,NaN,NaN,NaN,NaN,NaN,NaN,NaN,NaN,NaN,NaN,NaN
NaN,NaN,NaN,NaN,NaN,NaN,NaN,NaN,NaN,NaN,NaN,NaN,NaN,NaN,NaN,NaN,NaN,NaN,NaN,NaN,NaN,NaN,NaN,NaN,NaN,NaN,NaN,NaN,NaN,NaN,NaN,0.107753873491988,0.107932372833426,0.108060647881022,0.108208692680789,0.108341016214794,0.108461137602368,0.109295192060598,0.109807654528981,0.110338257892092,0.110865178942394,0.111463561560436,0.111904466301813,0.112066496720164,0.112182980952011,0.112584795167976,0.113080454026546,0.113313525798731,0.113640226173798,0.114087916517244,0.114502684306929,0.115039447689488,0.115674747964109,0.116212807889064,0.116678520540461,0.116739570423523,0.114149581435239,0.114512676504271,0.114560565762618,0.117099762178712,0.118922766157247,0.119937435612758,0.121530196688423,0.12241061535706,0.123193210220182,0.123507389815509,0.12387990144959,0.124384367266934,0.124883036367029,0.125359836598259,0.125723420556308,0.126005137285523,0.126359052428855,0.126850099024219,0.127373456924607,0.127714788278621,0.128129697078584,0.128615582416371,0.12886674495426,0.129192840543155,0.129537382962999,0.129743642326917,0.129837315519416,0.129923944162856,0.129978982169774,0.130027268659378,0.130012955539571,0.129959675384949,0.129922382105704,0.129901327334333,0.129928492844555,0.130021732335805,0.130187445961334,0.130321413470289,0.130422643311765,0.130530173577182,0.130531244770081,0.130567729843305,0.130533537356463,NaN,NaN,NaN,NaN,NaN,NaN,NaN,NaN,NaN,NaN,NaN,NaN,NaN,NaN,NaN,NaN,NaN,NaN,NaN,NaN,NaN,NaN,NaN,NaN,NaN,NaN,NaN,NaN,NaN,NaN,NaN,NaN,NaN,NaN,NaN,NaN,NaN,NaN,NaN,NaN,NaN,NaN,NaN,NaN,NaN,NaN,NaN,NaN,NaN,NaN,NaN,NaN,NaN,NaN,NaN,0.187438924535477,0.187647929287356,0.18761848961828,0.187452583619352,0.187052035962952,0.186975163165677,0.187317909415843,0.18748934818032,0.187637721048579,0.187761721903728,NaN,NaN,NaN,NaN,NaN,NaN,NaN,NaN,NaN,NaN,NaN,NaN,NaN,NaN,NaN,NaN,NaN,NaN,NaN,NaN,NaN,NaN,NaN,NaN,NaN,NaN,NaN,NaN,NaN,NaN,NaN,NaN,NaN,NaN,NaN,NaN,NaN,NaN,NaN,NaN,NaN,NaN,NaN,NaN,NaN,NaN,NaN,NaN,NaN,NaN,NaN,NaN,NaN,NaN,NaN,NaN,NaN,NaN,NaN,NaN,NaN,NaN,NaN,NaN,NaN,NaN,NaN,NaN,NaN,NaN,NaN,NaN,NaN,NaN,NaN,NaN,NaN,NaN,NaN,NaN,NaN
NaN,NaN,NaN,NaN,NaN,NaN,NaN,NaN,NaN,NaN,NaN,NaN,NaN,NaN,NaN,NaN,NaN,NaN,NaN,NaN,NaN,NaN,NaN,NaN,NaN,NaN,NaN,NaN,NaN,NaN,NaN,NaN,0.108098111633669,0.108156160069096,0.108294497374302,0.108400204620149,0.108927553407556,0.109512218788486,0.109871471553966,0.110291333383762,0.110749315827875,0.111205612889806,0.111704705491317,0.112008586793995,0.112142107648822,0.112562883670117,0.113058482356389,0.113306615560721,0.113640176320706,0.11395343434392,0.114351664665948,0.114857625439636,0.115435600540066,0.115556124126076,0.116469962456719,0.11432484655675,0.11485885180282,0.115918560450104,0.11806534341305,0.118375587400517,0.119547306012673,0.120727760695392,0.12169499749542,0.122200752841268,0.12291618640837,0.123334779879455,0.123668064951801,0.124207385603645,0.124720001337369,0.125314118832102,0.125794188872379,0.126208940567917,0.126522146228298,0.126939893919004,0.127453439080883,0.1277103024301,0.128143928923751,0.128561340830315,0.128729210821481,0.128962896241796,0.129304874358281,0.129587055508002,0.129791860050221,0.129854951474967,0.129951312250761,0.130068114125633,0.130075273220056,0.130062471834166,0.130013246495934,0.129961222436137,0.129946833637147,0.129933362294666,0.130086594560043,0.130270064221145,0.130578161569756,0.130852777627143,0.130804651081084,0.13086992399423,NaN,NaN,NaN,NaN,NaN,NaN,NaN,0.121843800584802,0.125795839591812,0.121862580058698,NaN,NaN,NaN,NaN,NaN,NaN,NaN,NaN,NaN,NaN,NaN,NaN,NaN,NaN,NaN,NaN,NaN,NaN,NaN,NaN,NaN,NaN,NaN,NaN,NaN,NaN,NaN,NaN,NaN,NaN,NaN,NaN,NaN,NaN,NaN,NaN,NaN,NaN,NaN,NaN,NaN,NaN,NaN,NaN,NaN,NaN,0.187061033309521,0.187203734624947,0.18718564025607,0.186957944467105,0.186459135875859,0.186257274917037,0.186436330749588,0.186693658203852,0.186889779494229,0.187003327122052,NaN,NaN,NaN,NaN,NaN,NaN,NaN,NaN,NaN,NaN,NaN,NaN,NaN,NaN,NaN,NaN,NaN,NaN,NaN,NaN,NaN,NaN,NaN,NaN,NaN,NaN,NaN,NaN,NaN,NaN,NaN,NaN,NaN,NaN,NaN,NaN,NaN,NaN,NaN,NaN,NaN,NaN,NaN,NaN,NaN,NaN,NaN,NaN,NaN,NaN,NaN,NaN,NaN,NaN,NaN,NaN,NaN,NaN,NaN,NaN,NaN,NaN,NaN,NaN,NaN,NaN,NaN,NaN,NaN,NaN,NaN,NaN,NaN,NaN,NaN,NaN,NaN,NaN,NaN,NaN,NaN
NaN,NaN,NaN,NaN,NaN,NaN,NaN,NaN,NaN,NaN,NaN,NaN,NaN,NaN,NaN,NaN,NaN,NaN,NaN,NaN,NaN,NaN,NaN,NaN,NaN,NaN,NaN,NaN,NaN,NaN,NaN,NaN,NaN,NaN,0.108446465944585,0.108565541695671,0.109256826787251,0.109571434006094,0.109789269614711,0.110085055851311,0.110529825329059,0.111032941434537,0.111468916998529,0.111789234188998,0.112072296283567,0.112145313696307,0.112958878890483,0.113313342192116,0.113641735322724,0.113899242790195,0.114132046230694,0.11240093625415,0.112724551418772,0.112319710130204,0.113899889725767,0.114320337814236,0.115435768029197,0.115744913091558,0.118076200098615,0.118975646702204,0.11985281222846,0.120588483080803,0.121441164658369,0.122080768698327,0.122461934340155,0.123014553680914,0.123463205405116,0.123971636296069,0.124480183503607,0.12488989523302,0.125740682713626,0.126225477247448,0.126623705433984,0.127152280664695,0.127518309977776,0.127748151108771,0.128147220227196,0.128528551171821,0.128667962388578,0.12882454750151,0.129167177963563,0.12956715527425,0.129757180574099,0.129839798194975,0.129954966328631,0.130102712482792,0.130128613269612,0.130145403154399,0.130144600239223,0.130111592368577,0.130054194452931,0.130043151859889,0.130165397326405,0.130504006976921,0.131017968713495,0.131190162208815,0.1313060507085,0.131526178926806,0.13200416238065,NaN,NaN,NaN,NaN,NaN,NaN,0.11828372746062,0.125556780455704,0.133536990159918,NaN,NaN,NaN,NaN,NaN,NaN,NaN,NaN,NaN,NaN,NaN,NaN,NaN,NaN,NaN,NaN,NaN,NaN,NaN,NaN,NaN,NaN,NaN,NaN,NaN,NaN,NaN,NaN,NaN,NaN,NaN,NaN,NaN,NaN,NaN,NaN,NaN,NaN,NaN,NaN,NaN,NaN,NaN,NaN,NaN,NaN,0.186277989104185,0.186704385787618,0.186749936383571,0.186429451261612,0.185876805915204,0.18567809732356,0.185835408899682,0.186081361561874,0.186308939421672,0.18642381519618,NaN,NaN,NaN,NaN,NaN,NaN,NaN,NaN,NaN,NaN,NaN,NaN,NaN,NaN,NaN,NaN,NaN,NaN,NaN,NaN,NaN,NaN,NaN,NaN,NaN,NaN,NaN,NaN,NaN,NaN,NaN,NaN,NaN,NaN,NaN,NaN,NaN,NaN,NaN,NaN,NaN,NaN,NaN,NaN,NaN,NaN,NaN,NaN,NaN,NaN,NaN,NaN,NaN,NaN,NaN,NaN,NaN,NaN,NaN,NaN,NaN,NaN,NaN,NaN,NaN,NaN,NaN,NaN,NaN,NaN,NaN,NaN,NaN,NaN,NaN,NaN,NaN,NaN,NaN,NaN,NaN
NaN,NaN,NaN,NaN,NaN,NaN,NaN,NaN,NaN,NaN,NaN,NaN,NaN,NaN,NaN,NaN,NaN,NaN,NaN,NaN,NaN,NaN,NaN,NaN,NaN,NaN,NaN,NaN,NaN,NaN,NaN,NaN,NaN,NaN,NaN,NaN,0.109522970594076,0.10963078745132,0.109750879069159,0.109985231582598,0.110435488427424,0.111043182819731,0.111357969754183,0.111550881066533,0.111928694715936,0.112374402732372,0.112648586936409,0.111310795035001,0.113133128777441,0.113795589854612,0.11263890274648,0.11235243126456,0.111785439608887,0.112444067557018,0.11296581340922,0.11488357919776,0.115356270907784,0.116429891069499,0.118737417315004,0.119411786708176,0.120054074293241,0.120450725471782,0.121258285972941,0.121857587558616,0.122214039887745,0.122629711084053,0.123264689570635,0.123776469956802,0.124274373796256,0.124555650335568,0.12572805117447,0.126226370958058,0.126580932632229,0.127073187306852,0.12752880225527,0.127854361202503,0.128187216906814,0.128491933364132,0.128692693523566,0.128823416707098,0.129108948600872,0.129489672542244,0.129709880460892,0.129835243718253,0.129929950758634,0.130093128483996,0.130181609438312,0.130209276586561,0.130223492467789,0.130213770432949,0.130187952826452,0.130195673522438,0.130319753494197,0.130901177663267,0.131434846558734,0.131644959702189,0.131907553367203,0.131993970134693,0.132625720721898,0.133470599210564,0.133704369094466,NaN,NaN,0.134197901362639,0.127618812604888,0.133509708453569,0.132696551821922,0.133546082923881,NaN,NaN,NaN,NaN,NaN,NaN,NaN,NaN,NaN,NaN,NaN,NaN,NaN,NaN,NaN,NaN,NaN,NaN,NaN,NaN,NaN,NaN,NaN,NaN,NaN,NaN,NaN,NaN,NaN,NaN,NaN,NaN,NaN,NaN,NaN,NaN,NaN,NaN,NaN,NaN,NaN,NaN,NaN,NaN,0.183807143978901,0.183676061966406,0.185257706567446,0.186127784203969,0.186384828615978,0.185944855850353,0.185658393873288,0.185415483266812,0.185536437556666,0.185777610385018,0.186023795464342,0.186183952392894,NaN,NaN,NaN,NaN,NaN,NaN,NaN,NaN,NaN,NaN,NaN,NaN,NaN,NaN,NaN,NaN,NaN,NaN,NaN,NaN,NaN,NaN,NaN,NaN,NaN,NaN,NaN,NaN,NaN,NaN,NaN,NaN,NaN,NaN,NaN,NaN,NaN,NaN,NaN,NaN,NaN,NaN,NaN,NaN,NaN,NaN,NaN,NaN,NaN,NaN,NaN,NaN,NaN,NaN,NaN,NaN,NaN,NaN,NaN,NaN,NaN,NaN,NaN,NaN,NaN,NaN,NaN,NaN,NaN,NaN,NaN,NaN,NaN,NaN,NaN,NaN,NaN,NaN,NaN,NaN,NaN
NaN,NaN,NaN,NaN,NaN,NaN,NaN,NaN,NaN,NaN,NaN,NaN,NaN,NaN,NaN,NaN,NaN,NaN,NaN,NaN,NaN,NaN,NaN,NaN,NaN,NaN,NaN,NaN,NaN,NaN,NaN,NaN,NaN,NaN,NaN,NaN,NaN,0.109609665509796,0.109639660953025,0.109156545142344,0.108841997622651,0.110910014640993,0.111228940491863,0.111471546260841,0.111214586558316,0.112491387882972,0.11267864155845,0.11291417058199,0.113297979713887,0.113502503627016,0.111763744572235,0.112364148221297,0.112234572763907,0.110682567939951,0.111687395377898,0.114049413508444,0.115999315604528,0.116616831792197,0.119140345549694,0.11966126019693,0.120002503874432,0.120520498317384,0.121163965528929,0.121533183032374,0.121878721246375,0.12235853422135,0.12304480462967,0.123651428708699,0.12411613253776,0.124554619374816,0.125225763020261,0.126106396339521,0.126556486362545,0.12710093852346,0.12753057577302,0.12778660245511,0.128129408793609,0.128486584170011,0.128696424699267,0.1288229303425,0.129049345799601,0.129417108118583,0.129639777272428,0.129811174505385,0.129918794128866,0.130026878910421,0.130158460634761,0.130234900412504,0.130256810024169,0.130263213061234,0.130266804836932,0.130305389557427,0.130551728508609,0.131339096404602,0.131816149054263,0.132191023744117,0.132422490242171,0.132786282048099,0.133272842645632,0.133601912734322,0.133839378094113,0.134098334415054,0.134252327476689,0.13431346615159,0.134275185184714,0.134141168254119,0.133822674063644,0.133547901998429,NaN,NaN,NaN,NaN,NaN,NaN,NaN,NaN,NaN,NaN,NaN,NaN,NaN,NaN,NaN,NaN,NaN,NaN,NaN,NaN,NaN,NaN,NaN,NaN,NaN,NaN,NaN,NaN,NaN,NaN,NaN,NaN,NaN,NaN,NaN,NaN,NaN,NaN,NaN,NaN,NaN,NaN,NaN,NaN,0.18342004040089,0.183729648748432,0.184743467785536,0.185424348442632,0.185661476102289,0.185282847762957,0.185254663563632,0.185114250993643,0.185202414170915,0.18545760447881,0.185863249055682,NaN,NaN,NaN,NaN,NaN,NaN,NaN,NaN,NaN,NaN,NaN,NaN,NaN,NaN,NaN,NaN,NaN,NaN,NaN,NaN,NaN,NaN,NaN,NaN,NaN,NaN,NaN,NaN,NaN,NaN,NaN,NaN,NaN,NaN,NaN,NaN,NaN,NaN,NaN,NaN,NaN,NaN,NaN,NaN,NaN,NaN,NaN,NaN,NaN,NaN,NaN,NaN,NaN,NaN,NaN,NaN,NaN,NaN,NaN,NaN,NaN,NaN,NaN,NaN,NaN,NaN,NaN,NaN,NaN,NaN,NaN,NaN,NaN,NaN,NaN,NaN,NaN,NaN,NaN,NaN,NaN,NaN
NaN,NaN,NaN,NaN,NaN,NaN,NaN,NaN,NaN,NaN,NaN,NaN,NaN,NaN,NaN,NaN,NaN,NaN,NaN,NaN,NaN,NaN,NaN,NaN,NaN,NaN,NaN,NaN,NaN,NaN,NaN,NaN,NaN,NaN,NaN,NaN,NaN,NaN,0.109473969309533,0.109487756492468,0.109659721472576,0.110297214887587,0.110990550347806,0.110598202676082,0.111270867402539,0.112405692531297,0.112686585755364,0.112281611215121,0.112854584765523,0.111515914551731,0.111836025330636,0.111551017951313,0.111804097730156,0.110427249851971,0.111620277126041,0.112438240187314,0.115232192008571,0.116837048925747,0.118534430127784,0.11956077282557,0.11985418219086,0.118549702622038,0.120593970462747,0.121242049642617,0.121645990506989,0.121819689981815,0.121803781454856,0.122595198784227,0.12412230154089,0.124411141442783,0.124804150924142,0.125537783609476,0.126243874031164,0.126588954301094,0.127446926573386,0.127729279736229,0.12801215863753,0.1283715056309,0.128635039126546,0.128784203950744,0.128552771208455,0.129009952361356,0.129281141072186,0.129693250361526,0.129852332716084,0.129977904637213,0.129968109169181,0.130167544412644,0.130240204532147,0.13027407871077,0.130304052777345,0.130379914494755,0.130767666205368,0.131698276267964,0.131773242195183,0.132728378131703,0.133074922134952,0.133364791213396,0.133540309913142,0.133746917722475,0.133872378532951,0.13405356698099,0.134214007117351,0.134260779012315,0.134284278871201,0.134300805204657,0.13424001671592,0.125728657142129,NaN,NaN,NaN,NaN,NaN,NaN,NaN,NaN,NaN,NaN,NaN,NaN,NaN,NaN,NaN,NaN,NaN,NaN,NaN,NaN,NaN,NaN,NaN,NaN,NaN,NaN,NaN,NaN,NaN,NaN,NaN,NaN,NaN,0.133737101062784,0.156879208164481,NaN,NaN,NaN,NaN,NaN,NaN,NaN,0.18074147651092,0.180808169962743,0.181961852910918,0.182472320876339,0.183366647813417,0.184530960040121,0.184482740286682,0.18435836214145,0.184200310359975,0.184441070834695,0.184670441894333,0.184838391189836,NaN,NaN,NaN,NaN,NaN,NaN,NaN,NaN,NaN,NaN,NaN,NaN,NaN,NaN,NaN,NaN,NaN,NaN,NaN,NaN,NaN,NaN,NaN,NaN,NaN,NaN,NaN,NaN,NaN,NaN,NaN,NaN,NaN,NaN,NaN,NaN,NaN,NaN,NaN,NaN,NaN,NaN,NaN,NaN,NaN,NaN,NaN,NaN,NaN,NaN,NaN,NaN,NaN,NaN,NaN,NaN,NaN,NaN,NaN,NaN,NaN,NaN,NaN,NaN,NaN,NaN,NaN,NaN,NaN,NaN,NaN,NaN,NaN,NaN,NaN,NaN,NaN,NaN,NaN,NaN,NaN,NaN,NaN
NaN,NaN,NaN,NaN,NaN,NaN,NaN,NaN,NaN,NaN,NaN,NaN,NaN,NaN,NaN,NaN,NaN,NaN,NaN,NaN,NaN,NaN,NaN,NaN,NaN,NaN,NaN,NaN,NaN,NaN,NaN,NaN,NaN,NaN,NaN,NaN,NaN,0.107252596004643,0.109222885652022,0.109376474048424,0.109535448882433,0.10958083083934,0.106524236088443,0.110202870172704,NaN,0.105576745492276,0.112628997554719,0.105732439460624,0.103489620226989,0.106962477904533,0.109374947600914,0.109729864686221,0.110183376356214,0.11203031858363,0.11142902159604,0.112372665731626,0.114318571772943,0.117276219461044,0.116182241459512,0.116860568328931,0.118587521203135,0.118986734033658,0.119981543949122,0.120942823098248,0.121455964736533,0.121505764992075,0.118173533211852,0.122726301884001,0.123894749753048,0.124262415668949,0.12416119414737,0.125272220068296,0.125655685637426,0.124764892375711,0.126637903610978,0.126990968066694,0.127715859086675,0.127424795630619,0.128153372273079,0.128362192695346,0.128509932941943,0.128469596807991,0.128618277305465,0.129053803071641,0.129167511890574,0.129192540824629,0.120633124961826,0.129675158130106,0.129841461277603,0.130081797188144,0.130259287504927,0.13037513603384,0.130621342418322,NaN,NaN,0.133622606072533,0.13368268527373,0.133752892145877,0.133836228210045,0.133856252063504,0.13381894294225,0.133971637782597,0.134098923049338,0.134186257464515,0.134247324511595,0.13430953684028,0.134343474472123,0.13398726679097,NaN,NaN,NaN,NaN,NaN,NaN,NaN,NaN,NaN,NaN,NaN,NaN,NaN,NaN,NaN,NaN,NaN,NaN,NaN,NaN,NaN,NaN,NaN,NaN,NaN,NaN,NaN,NaN,NaN,NaN,NaN,NaN,NaN,0.156872435482745,0.162232234510309,0.162233241855427,NaN,NaN,NaN,NaN,NaN,0.180897801317405,0.180807382281308,0.180659012314025,0.181077793039973,0.181500605122268,0.181870676359235,0.182979452299273,0.183784803617523,0.184062659511865,0.183990816979976,0.184362243817158,0.184645304621594,0.184750404686726,NaN,NaN,NaN,NaN,NaN,NaN,NaN,NaN,NaN,NaN,NaN,NaN,NaN,NaN,NaN,NaN,NaN,NaN,NaN,NaN,NaN,NaN,NaN,NaN,NaN,NaN,NaN,NaN,NaN,NaN,NaN,NaN,NaN,NaN,NaN,NaN,NaN,NaN,NaN,NaN,NaN,NaN,NaN,NaN,NaN,NaN,NaN,NaN,NaN,NaN,NaN,NaN,NaN,NaN,NaN,NaN,NaN,NaN,NaN,NaN,NaN,NaN,NaN,NaN,NaN,NaN,NaN,NaN,NaN,NaN,NaN,NaN,NaN,NaN,NaN,NaN,NaN,NaN,NaN,NaN,NaN,NaN,NaN
NaN,NaN,NaN,NaN,NaN,NaN,NaN,NaN,NaN,NaN,NaN,NaN,NaN,NaN,NaN,NaN,NaN,NaN,NaN,NaN,NaN,NaN,NaN,NaN,NaN,NaN,NaN,NaN,NaN,NaN,NaN,NaN,NaN,NaN,NaN,NaN,0.10692207780322,0.108752063403818,0.108968946391301,0.109222012302293,0.109321501245804,0.109449894718215,0.101363260835293,0.108744520538178,NaN,NaN,0.10568136045658,0.0950743057936369,0.102651425963217,0.105380450816145,0.108537515186376,0.108389656643437,0.109711214745277,0.111940781586413,0.112706202796442,0.113496040985077,0.113885156176315,0.117216205660282,0.117690224091968,0.11822883669238,0.119503800020533,0.119654397701767,0.120082419604489,0.120806086416806,0.12119689824557,0.121384435814244,0.120838632885016,0.120707795459771,0.123087076975515,0.123862633826345,0.122588342170351,0.122454911586526,0.125054710842194,0.125775828339464,0.126359566144545,0.126840736107026,0.127362040476252,0.127610413671979,0.127763443580013,0.127251229547006,0.128256589959017,0.127875425167491,0.128177425869175,0.12831782766509,0.128088896301093,0.128270974139593,0.113495190887611,0.128756895075946,0.129604363683838,0.129740573337422,0.130049983387378,0.129674078062145,NaN,NaN,NaN,0.133947888194295,0.134110037320165,0.134166713699066,0.134137946861403,0.134028126804624,0.133949691190856,0.133973891389556,0.133975004645731,0.134069175876713,0.134195519239259,0.134328041595954,0.134423863516743,0.134455892959484,NaN,NaN,NaN,NaN,NaN,NaN,NaN,NaN,NaN,NaN,NaN,NaN,NaN,NaN,NaN,NaN,NaN,NaN,NaN,NaN,NaN,NaN,NaN,NaN,NaN,NaN,NaN,NaN,NaN,NaN,NaN,NaN,NaN,NaN,0.162329949757138,0.162221798400396,0.16216593653661,NaN,NaN,NaN,NaN,0.181009670170407,0.180914362684691,0.180561543692971,0.180563115815296,0.180664855857589,0.180910815708181,0.181972767415577,0.182930898966798,0.183696619735027,0.184054279840776,0.18444691180804,0.18469039534744,NaN,NaN,NaN,NaN,NaN,NaN,NaN,NaN,NaN,NaN,NaN,NaN,NaN,NaN,NaN,NaN,NaN,NaN,NaN,NaN,NaN,NaN,NaN,NaN,NaN,NaN,NaN,NaN,NaN,NaN,NaN,NaN,NaN,NaN,NaN,NaN,NaN,NaN,NaN,NaN,NaN,NaN,NaN,NaN,NaN,NaN,NaN,NaN,NaN,NaN,NaN,NaN,NaN,NaN,NaN,NaN,NaN,NaN,NaN,NaN,NaN,NaN,NaN,NaN,NaN,NaN,NaN,NaN,NaN,NaN,NaN,NaN,NaN,NaN,NaN,NaN,NaN,NaN,NaN,NaN,NaN,NaN,NaN,NaN
NaN,NaN,NaN,NaN,NaN,NaN,NaN,NaN,NaN,NaN,NaN,NaN,NaN,NaN,NaN,NaN,NaN,NaN,NaN,NaN,NaN,NaN,NaN,NaN,NaN,NaN,NaN,NaN,NaN,NaN,NaN,NaN,NaN,NaN,NaN,0.106637303948618,0.108428083933144,0.10860431471016,0.108823972614451,0.107363222067844,0.101092103682847,0.101049714465437,NaN,NaN,NaN,NaN,NaN,0.102635274459277,0.10363839175744,0.102744073452081,0.105015749786081,0.105398447985671,0.107003862597014,0.108463174836292,0.111509014003503,0.113575703357963,0.114216854631097,0.114908858053377,0.117393690270993,0.117932412179024,0.119555737407234,0.120046786658282,0.120336656611403,0.12058375333222,0.120532177621317,0.121119515426665,0.119460868370803,0.121176899763758,0.122082614804036,0.12333939845446,0.122577527453433,0.123257739830553,0.124973464174448,0.125544118553917,0.1262457701872,0.126748759419928,0.126960687510585,0.12745570894686,0.127778537920211,0.126507464212673,0.1282207854918,0.1281675738036,0.127920949475624,0.127234388006798,0.127497177244698,0.12801690148323,0.127913076233661,0.128354692501622,0.128943289406183,0.12932327961007,0.129668810652305,0.120849707849753,NaN,NaN,NaN,NaN,0.134624376968999,0.134585121556285,0.134486695431506,0.134274064252341,0.13415634933736,0.134074222354382,0.134009651186569,0.134051737353174,0.134225383882523,0.134404316393637,0.134519157857028,0.134645871274416,0.134762861743293,NaN,NaN,NaN,NaN,NaN,NaN,NaN,NaN,NaN,NaN,NaN,NaN,NaN,NaN,NaN,NaN,NaN,NaN,NaN,NaN,NaN,NaN,NaN,NaN,NaN,NaN,NaN,NaN,NaN,NaN,NaN,NaN,NaN,0.162355210612503,0.162241526702851,0.162631932607544,NaN,0.170782899869244,0.170167263718209,0.170694262256909,NaN,0.180604974580689,0.18007236872894,0.180159078657288,0.17994085937512,0.18018867195565,0.180950811589152,0.18221190631552,0.183125898092567,0.183800509014434,0.184256315282416,NaN,NaN,NaN,NaN,NaN,NaN,NaN,NaN,NaN,NaN,NaN,NaN,NaN,NaN,NaN,NaN,NaN,NaN,NaN,NaN,NaN,NaN,NaN,NaN,NaN,NaN,NaN,NaN,NaN,NaN,NaN,NaN,NaN,NaN,NaN,NaN,NaN,NaN,NaN,NaN,NaN,NaN,NaN,NaN,NaN,NaN,NaN,NaN,NaN,NaN,NaN,NaN,NaN,NaN,NaN,NaN,NaN,NaN,NaN,NaN,NaN,NaN,NaN,NaN,NaN,NaN,NaN,NaN,NaN,NaN,NaN,NaN,NaN,NaN,NaN,NaN,NaN,NaN,NaN,NaN,NaN,NaN,NaN,NaN,NaN
NaN,NaN,NaN,NaN,NaN,NaN,NaN,NaN,NaN,NaN,NaN,NaN,NaN,NaN,NaN,NaN,NaN,NaN,NaN,NaN,NaN,NaN,NaN,NaN,NaN,NaN,NaN,NaN,NaN,NaN,NaN,NaN,NaN,NaN,0.103021596386512,0.108146765998055,0.108262944469576,0.108504380026146,0.107094582535517,0.096716775438649,NaN,NaN,NaN,NaN,NaN,NaN,NaN,NaN,0.103668324198162,0.103709358098533,0.103358547335414,0.106177166082444,0.106348989196612,0.106584158170029,0.110381644789122,0.105232482852266,0.111888762022856,0.113083166376182,0.115529161215838,0.115490395058614,0.116850474011339,0.118576033694056,0.119795424142758,0.119633079807584,0.119978316644756,0.11993250644559,0.121069152247811,0.121790409621042,0.122329257597532,0.122889680551723,0.123205757239891,0.12359837990217,0.119630805877127,0.113940848452934,NaN,0.116932242944107,0.125290060674168,0.115155186177078,NaN,NaN,NaN,0.1259369547016,0.127405444640032,0.126804676529097,0.126650609644241,0.127427942801115,0.126786708653762,0.127046568560145,0.128137441974564,0.128954732789032,0.129119229489383,NaN,NaN,NaN,NaN,NaN,0.134828267963774,0.134781540705161,0.134699433991018,0.134525363566454,0.134392890482741,0.134263083439667,0.134125568996687,0.134166013260767,0.134334869795415,0.134499102560754,0.13461799716823,0.134755207483643,0.134886898617711,0.135067545904472,0.135048949032604,0.125451176702527,0.108409010537205,NaN,NaN,NaN,NaN,NaN,NaN,NaN,NaN,NaN,NaN,NaN,NaN,NaN,NaN,NaN,NaN,NaN,NaN,NaN,NaN,NaN,NaN,NaN,NaN,NaN,NaN,NaN,NaN,0.162629472778032,0.162304976288522,0.162313936375505,0.16404487530756,0.168143119436902,0.169946524811511,0.17083761024975,0.172574378090144,0.176125960758426,0.178276741158118,0.17847064388402,0.178938890620764,0.178757576331733,0.1791513036711,0.180241047914179,0.181396863919235,0.182422333221746,0.183352025097839,NaN,NaN,NaN,NaN,NaN,NaN,NaN,NaN,NaN,NaN,NaN,NaN,NaN,NaN,NaN,NaN,NaN,NaN,NaN,NaN,NaN,NaN,NaN,NaN,NaN,NaN,NaN,NaN,NaN,NaN,NaN,NaN,NaN,NaN,NaN,NaN,NaN,NaN,NaN,NaN,NaN,NaN,NaN,NaN,NaN,NaN,NaN,NaN,NaN,NaN,NaN,NaN,NaN,NaN,NaN,NaN,NaN,NaN,NaN,NaN,NaN,NaN,NaN,NaN,NaN,NaN,NaN,NaN,NaN,NaN,NaN,NaN,NaN,NaN,NaN,NaN,NaN,NaN,NaN,NaN,NaN,NaN,NaN,NaN,NaN,NaN
NaN,NaN,NaN,NaN,NaN,NaN,NaN,NaN,NaN,NaN,NaN,NaN,NaN,NaN,NaN,NaN,NaN,NaN,NaN,NaN,NaN,NaN,NaN,NaN,NaN,NaN,NaN,NaN,NaN,NaN,NaN,NaN,NaN,NaN,0.104020532095043,0.108023768262252,0.108177419446338,0.10843496248056,NaN,NaN,NaN,NaN,NaN,NaN,NaN,NaN,NaN,NaN,0.103680141253714,0.103721256723048,0.109499634309056,0.109647478490623,0.109778104982073,0.109934627760807,0.110041953296226,NaN,0.0989563053616119,0.104939439913296,0.115689585890785,0.115938175531799,0.115637832905279,0.116122735694856,0.116979166675391,0.116901893951165,0.116085313867258,0.116108231537414,0.121110131590524,0.121594283241374,0.12069766163975,0.11995809799013,0.122404496302381,0.123193520711052,NaN,NaN,NaN,NaN,0.109034468764745,0.100981018302506,NaN,NaN,NaN,0.109131357497987,0.12144529994321,0.124196643691076,0.125885126065169,0.125518373371568,0.126767111813303,0.127742336249109,0.127831409378938,0.128620224435949,0.1210766830553,NaN,NaN,NaN,NaN,NaN,0.134883248054137,0.134829389338248,0.13476183826506,0.134647955599284,0.134545948623128,0.134357695105524,0.13419690339478,0.134354497821251,0.134527753416218,0.134607132239244,0.134726178776462,0.134864505570268,0.135015073421811,0.135159031163205,0.1353037054925,0.134978707500806,0.123470055463623,NaN,NaN,NaN,NaN,NaN,NaN,NaN,NaN,NaN,NaN,NaN,NaN,NaN,NaN,NaN,NaN,NaN,NaN,NaN,NaN,NaN,NaN,NaN,NaN,NaN,NaN,NaN,NaN,0.162021504566028,0.161980082650188,0.16248295717921,0.165174185749856,0.168340474974172,0.170091908889155,0.171710727551618,0.173280821339065,0.174857889472872,0.176544327756191,0.177248318273383,0.177174838596431,0.177676688769806,0.178247165141982,0.17933781432592,0.180470533112546,0.181006477994004,NaN,NaN,NaN,NaN,NaN,NaN,NaN,NaN,NaN,NaN,NaN,NaN,NaN,NaN,NaN,NaN,NaN,NaN,NaN,NaN,NaN,NaN,NaN,NaN,NaN,NaN,NaN,NaN,NaN,NaN,NaN,NaN,NaN,NaN,NaN,NaN,NaN,NaN,NaN,NaN,NaN,NaN,NaN,NaN,NaN,NaN,NaN,NaN,NaN,NaN,NaN,NaN,NaN,NaN,NaN,NaN,NaN,NaN,NaN,NaN,NaN,NaN,NaN,NaN,NaN,NaN,NaN,NaN,NaN,NaN,NaN,NaN,NaN,NaN,NaN,NaN,NaN,NaN,NaN,NaN,NaN,NaN,NaN,NaN,NaN,NaN,NaN
NaN,NaN,NaN,NaN,NaN,NaN,NaN,NaN,NaN,NaN,NaN,NaN,NaN,NaN,NaN,NaN,NaN,NaN,NaN,NaN,NaN,NaN,NaN,NaN,NaN,NaN,NaN,NaN,NaN,NaN,NaN,NaN,NaN,NaN,0.0958751780269433,0.105920304890472,0.107571738631364,NaN,NaN,NaN,NaN,NaN,NaN,NaN,NaN,NaN,NaN,NaN,0.0943660155368291,0.0938058964549002,0.0986734374158118,0.106191350541389,0.106307078798476,0.106432009464359,0.106520759114888,0.0957069991257573,0.0904346331838456,0.0967866194704616,0.109178236047509,0.115974679630958,0.113928416559201,0.115863933275585,0.11608948123521,0.117928454063756,0.116916900246534,0.116175982286488,0.119413853502319,0.114436608096235,0.106002927707333,0.104595090265266,0.108302333617716,0.112716461481432,NaN,NaN,NaN,NaN,NaN,NaN,NaN,NaN,NaN,0.0975386038281933,0.10508611839126,0.113163563485115,0.120837518821446,0.122757169380261,0.123922011952153,0.127504477747416,0.127470278008962,0.125233846220768,NaN,NaN,NaN,NaN,NaN,NaN,0.134549250192545,0.134851886031487,0.134793343981392,0.134709260520855,0.134604961725191,0.134434802999694,0.134478842586654,0.13464892726633,0.134731415266611,0.134751523660692,0.134897819098365,0.13504234126169,0.135195441543625,0.135359525379405,0.135511049310414,0.135595352986666,0.135464920677096,NaN,NaN,NaN,NaN,NaN,NaN,NaN,NaN,NaN,NaN,NaN,NaN,NaN,NaN,NaN,NaN,NaN,NaN,NaN,NaN,NaN,NaN,NaN,NaN,NaN,0.15387565576119,0.153882803263477,0.153941412869708,0.158207488324817,0.160777808283958,0.162502450407964,0.165358768166354,0.169149109983383,0.171461085132569,0.172822469721893,0.174167131922963,0.17518111812429,0.175616289406566,0.176811393556371,0.177225807961383,0.177671341668291,0.178030925317476,0.178639809201402,0.179438660007713,0.180433056994185,NaN,NaN,NaN,NaN,NaN,NaN,NaN,NaN,NaN,NaN,NaN,NaN,NaN,NaN,NaN,NaN,NaN,NaN,NaN,NaN,NaN,NaN,NaN,NaN,NaN,NaN,NaN,NaN,NaN,NaN,NaN,NaN,NaN,NaN,NaN,NaN,NaN,NaN,NaN,NaN,NaN,NaN,NaN,NaN,NaN,NaN,NaN,NaN,NaN,NaN,NaN,NaN,NaN,NaN,NaN,NaN,NaN,NaN,NaN,NaN,NaN,NaN,NaN,NaN,NaN,NaN,NaN,NaN,NaN,NaN,NaN,NaN,NaN,NaN,NaN,NaN,NaN,NaN,NaN,NaN,NaN,NaN,NaN,NaN,NaN,NaN,NaN
NaN,NaN,NaN,NaN,NaN,NaN,NaN,NaN,NaN,NaN,NaN,NaN,NaN,NaN,NaN,NaN,NaN,NaN,NaN,NaN,NaN,NaN,NaN,NaN,NaN,NaN,NaN,NaN,NaN,NaN,NaN,NaN,NaN,NaN,NaN,0.105326159316069,0.103426866877754,NaN,NaN,NaN,NaN,NaN,NaN,NaN,NaN,NaN,NaN,NaN,0.0871911374393839,0.0867642464774721,0.0904083257170373,NaN,NaN,0.0955204125602774,0.0955298511793642,NaN,NaN,NaN,NaN,NaN,0.117682590910335,0.117770732060012,0.117886491421546,0.117991670420273,0.115661986530186,0.117352840680913,0.118778581610788,NaN,0.105985865171123,0.095579684008142,NaN,NaN,NaN,NaN,NaN,NaN,NaN,NaN,NaN,NaN,NaN,NaN,NaN,0.0998596797970603,0.104644834955433,0.114872300677987,0.118055060138693,0.12021997462795,0.123986917739398,0.124396732419306,0.123974424483916,0.115387841592939,0.101210007851687,0.101236551971071,NaN,NaN,0.133076387748515,0.134505520378132,0.134800206328232,0.134751784074376,0.134697721794836,0.134674450285663,0.134809179079708,0.134906069860357,0.134919237499229,0.1349798018042,0.135115703632022,0.135264876363546,0.135399358086664,0.135548191519681,0.135727577430664,0.135884257699187,0.135767547076154,NaN,NaN,NaN,NaN,NaN,NaN,NaN,NaN,NaN,NaN,NaN,NaN,NaN,NaN,NaN,NaN,NaN,NaN,NaN,NaN,NaN,NaN,NaN,NaN,NaN,0.153810028651794,0.153765819594152,0.153924587146621,0.155364468411548,0.158173539840931,0.160721224400535,0.164960497252369,0.168909967857441,0.172510132844742,0.174264425025859,0.175416444558852,0.176328737909227,0.176610793129727,0.176841009903122,0.177365728925961,0.177708669441036,0.177992737634866,0.178276033824029,0.178534121452393,NaN,NaN,NaN,NaN,NaN,NaN,NaN,NaN,NaN,NaN,NaN,NaN,NaN,NaN,NaN,NaN,NaN,NaN,NaN,NaN,NaN,NaN,NaN,NaN,NaN,NaN,NaN,NaN,NaN,NaN,NaN,NaN,NaN,NaN,NaN,NaN,NaN,NaN,NaN,NaN,NaN,NaN,NaN,NaN,NaN,NaN,NaN,NaN,NaN,NaN,NaN,NaN,NaN,NaN,NaN,NaN,NaN,NaN,NaN,NaN,NaN,NaN,NaN,NaN,NaN,NaN,NaN,NaN,NaN,NaN,NaN,NaN,NaN,NaN,NaN,NaN,NaN,NaN,NaN,NaN,NaN,NaN,NaN,NaN,NaN,NaN,NaN,NaN
NaN,NaN,NaN,NaN,NaN,NaN,NaN,NaN,NaN,NaN,NaN,NaN,NaN,NaN,NaN,NaN,NaN,NaN,NaN,NaN,NaN,NaN,NaN,NaN,NaN,NaN,NaN,NaN,NaN,NaN,NaN,NaN,NaN,NaN,NaN,0.104198789796901,NaN,NaN,NaN,NaN,NaN,NaN,NaN,NaN,NaN,NaN,NaN,0.0782477800607518,0.0819467846616685,0.0817097492399609,0.0841692342971318,NaN,NaN,NaN,NaN,NaN,NaN,NaN,NaN,NaN,0.110269544779576,0.117812235302292,0.117885897122198,0.117994810970952,0.118148051765468,0.118403123191108,0.118566660070243,0.110020540446524,0.0978643448023627,NaN,NaN,NaN,NaN,NaN,NaN,NaN,NaN,NaN,NaN,NaN,NaN,NaN,NaN,NaN,NaN,0.100824256989794,0.102775139892109,0.115810478449172,0.11907003738741,0.121768649783524,0.122337955200831,0.114337808047153,0.114020768066645,0.113920285260172,NaN,NaN,0.115929006602411,0.12752564175543,0.134470341343573,0.134785349761558,0.134800951923946,0.134890074244942,0.135052914281865,0.135140749174656,0.135167536656668,0.135279865943541,0.13539784650085,0.135510659587518,0.135609747428789,0.135748979136054,0.135926120558691,0.136120761746158,0.13622399401576,NaN,NaN,NaN,NaN,NaN,NaN,NaN,NaN,NaN,NaN,NaN,NaN,NaN,NaN,NaN,NaN,NaN,NaN,NaN,NaN,NaN,NaN,NaN,NaN,NaN,0.153198676701657,0.153131915558838,0.153561877575957,0.153619812841273,0.15520823968927,0.157804357477156,0.162331957909306,0.167993080375487,0.173277573579081,0.175717237603908,0.176871312938584,0.177384064041264,0.177506451022395,0.177521082810939,0.177638117068706,0.177829101071338,0.17798224264496,0.178143023222535,0.178265808187601,NaN,NaN,NaN,NaN,NaN,NaN,NaN,NaN,NaN,NaN,NaN,NaN,NaN,NaN,NaN,NaN,NaN,NaN,NaN,NaN,NaN,NaN,NaN,NaN,NaN,NaN,NaN,NaN,NaN,NaN,NaN,NaN,NaN,NaN,NaN,NaN,NaN,NaN,NaN,NaN,NaN,NaN,NaN,NaN,NaN,NaN,NaN,NaN,NaN,NaN,NaN,NaN,NaN,NaN,NaN,NaN,NaN,NaN,NaN,NaN,NaN,NaN,NaN,NaN,NaN,NaN,NaN,NaN,NaN,NaN,NaN,NaN,NaN,NaN,NaN,NaN,NaN,NaN,NaN,NaN,NaN,NaN,NaN,NaN,NaN,NaN,NaN,NaN
NaN,NaN,NaN,NaN,NaN,NaN,NaN,NaN,NaN,NaN,NaN,NaN,NaN,NaN,NaN,NaN,NaN,NaN,NaN,NaN,NaN,NaN,NaN,NaN,NaN,NaN,NaN,NaN,NaN,NaN,NaN,NaN,NaN,NaN,NaN,0.103070870063364,0.0936242400020366,NaN,NaN,NaN,NaN,NaN,NaN,NaN,NaN,NaN,NaN,0.0757375917069794,0.0782638685899845,NaN,NaN,NaN,NaN,NaN,NaN,NaN,NaN,NaN,NaN,NaN,0.0978097343572547,0.108455685196451,0.110386629996479,0.11047130139266,0.118096391143065,NaN,NaN,NaN,NaN,NaN,NaN,NaN,NaN,NaN,NaN,NaN,NaN,NaN,NaN,NaN,NaN,NaN,NaN,NaN,NaN,NaN,0.0996081220382532,0.112444871136865,0.113250819359514,0.119556561320968,0.117268510209616,0.112955717471865,0.113914387891106,0.113914367449509,NaN,NaN,0.102481393376358,0.109843903936598,0.127508786302125,0.134510355339582,0.134930875717556,0.135097401085358,0.135278331863291,0.135394989607065,0.13547973701553,0.135567238913035,0.135677785197694,0.135810832412423,0.135914845540459,0.136020982970657,0.136189293368908,0.136452839747686,0.136895515001419,0.137440757912812,NaN,NaN,NaN,NaN,NaN,NaN,NaN,NaN,NaN,NaN,NaN,NaN,NaN,NaN,NaN,NaN,NaN,NaN,NaN,NaN,NaN,NaN,0.146623079797911,0.146616955839549,0.148609179268934,0.149724806584783,0.151269017418637,0.152228136426281,0.15303362654129,0.1556303415856,0.160680934370179,0.164757250459475,0.174015162524583,0.176951636504644,0.177987924115095,0.178046991838134,0.177739627821514,0.17771906673247,0.177780265215758,0.17786677976729,0.177987818642683,0.178097065864388,0.178180802854719,NaN,NaN,NaN,NaN,NaN,NaN,NaN,NaN,NaN,NaN,NaN,NaN,NaN,NaN,NaN,NaN,NaN,NaN,NaN,NaN,NaN,NaN,NaN,NaN,NaN,NaN,NaN,NaN,NaN,NaN,NaN,NaN,NaN,NaN,NaN,NaN,NaN,NaN,NaN,NaN,NaN,NaN,NaN,NaN,NaN,NaN,NaN,NaN,NaN,NaN,NaN,NaN,NaN,NaN,NaN,NaN,NaN,NaN,NaN,NaN,NaN,NaN,NaN,NaN,NaN,NaN,NaN,NaN,NaN,NaN,NaN,NaN,NaN,NaN,NaN,NaN,NaN,NaN,NaN,NaN,NaN,NaN,NaN,NaN,NaN,NaN,NaN,NaN
NaN,NaN,NaN,NaN,NaN,NaN,NaN,NaN,NaN,NaN,NaN,NaN,NaN,NaN,NaN,NaN,NaN,NaN,NaN,NaN,NaN,NaN,NaN,NaN,NaN,NaN,NaN,NaN,NaN,NaN,NaN,NaN,NaN,NaN,NaN,0.0932674937469159,0.0932980346577369,NaN,NaN,NaN,NaN,NaN,NaN,NaN,NaN,NaN,NaN,NaN,NaN,NaN,NaN,NaN,NaN,NaN,NaN,NaN,NaN,NaN,NaN,NaN,NaN,NaN,NaN,NaN,NaN,NaN,NaN,NaN,NaN,NaN,NaN,NaN,NaN,NaN,NaN,NaN,NaN,NaN,NaN,NaN,NaN,NaN,NaN,NaN,NaN,NaN,NaN,NaN,0.113995573336134,0.113278357332457,0.112403818152086,0.113911231117447,0.113906462244953,0.113915141936071,NaN,0.0872856096195193,0.0938439926171282,0.0987002520039988,0.109847487747051,0.122236983066473,0.134570033098655,0.135350559590548,0.135532475333866,0.13567134182797,0.135778740189317,0.135865112926017,0.136012852020437,0.136123790602379,0.136189838319305,0.136307552981762,0.136478740119438,0.136803638804776,0.137273158949314,0.137680433932417,0.137918422597387,NaN,NaN,NaN,NaN,NaN,NaN,NaN,NaN,NaN,NaN,NaN,NaN,NaN,NaN,0.121691715788822,0.131049830384109,0.14086917634806,0.144763290920725,0.144834777417631,0.144919644541239,0.145123911229074,0.145938164974195,0.146432646457582,0.146608626646254,0.147549388462254,0.148594280240551,0.150117965593306,0.1516026187711,0.154203932620439,NaN,NaN,0.177357082498197,0.17822947906511,0.178335695330561,0.178113429417396,0.177864516826499,0.177769996722248,0.177794308596307,0.177914827410281,0.178006107226088,0.178071681403402,0.177081847132229,NaN,NaN,NaN,NaN,NaN,NaN,NaN,NaN,NaN,NaN,NaN,NaN,NaN,NaN,NaN,NaN,NaN,NaN,NaN,NaN,NaN,NaN,NaN,NaN,NaN,NaN,NaN,NaN,NaN,NaN,NaN,NaN,NaN,NaN,NaN,NaN,NaN,NaN,NaN,NaN,NaN,NaN,NaN,NaN,NaN,NaN,NaN,NaN,NaN,NaN,NaN,NaN,NaN,NaN,NaN,NaN,NaN,NaN,NaN,NaN,NaN,NaN,NaN,NaN,NaN,NaN,NaN,NaN,NaN,NaN,NaN,NaN,NaN,NaN,NaN,NaN,NaN,NaN,NaN,NaN,NaN,NaN,NaN,NaN,NaN,NaN,NaN,NaN
NaN,NaN,NaN,NaN,NaN,NaN,NaN,NaN,NaN,NaN,NaN,NaN,NaN,NaN,NaN,NaN,NaN,NaN,NaN,NaN,NaN,NaN,NaN,NaN,NaN,NaN,NaN,NaN,NaN,NaN,NaN,NaN,NaN,NaN,NaN,0.0924636152369791,0.0914810323649847,NaN,NaN,NaN,NaN,NaN,NaN,NaN,NaN,NaN,NaN,NaN,NaN,NaN,NaN,NaN,NaN,NaN,NaN,NaN,NaN,NaN,NaN,NaN,NaN,NaN,NaN,NaN,NaN,NaN,NaN,NaN,NaN,NaN,NaN,NaN,NaN,NaN,NaN,NaN,NaN,NaN,NaN,NaN,NaN,NaN,NaN,NaN,NaN,NaN,NaN,NaN,0.113861891881709,0.109350058768954,0.113876722084464,0.113890497583484,0.113897886750925,NaN,NaN,0.082916195391578,0.0872664627878888,NaN,NaN,0.111737206899695,0.130265628051166,0.13556135808499,0.135757359570523,0.135944317588526,0.136074863511957,0.136182718802492,0.136290057549752,0.136390536792343,0.136513328538877,0.13664446877698,0.136804953145209,0.137050225131071,0.137509349828002,0.137834762781891,0.138042193526833,0.138178080846076,NaN,NaN,NaN,NaN,NaN,NaN,NaN,NaN,NaN,NaN,NaN,0.14345802366954,0.143446978900803,0.141464320195824,0.144385658174458,0.14463234873264,0.144715409684126,0.144750872599473,0.144789219769926,0.145025607041645,0.145504871591709,0.1465527159893,0.146671176228542,0.146412734672617,0.147318503244007,0.148459676906434,0.149493721502506,NaN,NaN,NaN,NaN,0.178582372252194,0.17831746593328,0.17794771066315,0.177747338328278,0.177746998474094,0.177837326321191,0.177912925927642,0.177973941987948,0.177901338412984,0.165031120261438,NaN,NaN,NaN,NaN,NaN,NaN,NaN,NaN,NaN,NaN,NaN,NaN,NaN,NaN,NaN,NaN,NaN,NaN,NaN,NaN,NaN,NaN,NaN,NaN,NaN,NaN,NaN,NaN,NaN,NaN,NaN,NaN,NaN,NaN,NaN,NaN,NaN,NaN,NaN,NaN,NaN,NaN,NaN,NaN,NaN,NaN,NaN,NaN,NaN,NaN,NaN,NaN,NaN,NaN,NaN,NaN,NaN,NaN,NaN,NaN,NaN,NaN,NaN,NaN,NaN,NaN,NaN,NaN,NaN,NaN,NaN,NaN,NaN,NaN,NaN,NaN,NaN,NaN,NaN,NaN,NaN,NaN,NaN,NaN,NaN,NaN,NaN,NaN
NaN,NaN,NaN,NaN,NaN,NaN,NaN,NaN,NaN,NaN,NaN,NaN,NaN,NaN,NaN,NaN,NaN,NaN,NaN,NaN,NaN,NaN,NaN,NaN,NaN,NaN,NaN,NaN,NaN,NaN,NaN,NaN,NaN,NaN,NaN,0.0920904873048084,NaN,NaN,NaN,NaN,NaN,NaN,NaN,NaN,NaN,NaN,NaN,NaN,NaN,NaN,NaN,NaN,NaN,NaN,NaN,NaN,NaN,NaN,NaN,NaN,NaN,NaN,NaN,NaN,NaN,NaN,NaN,NaN,NaN,NaN,NaN,NaN,NaN,NaN,NaN,NaN,NaN,NaN,NaN,NaN,NaN,NaN,NaN,NaN,NaN,NaN,NaN,NaN,0.113807326679637,0.113833290529986,0.113848957104001,NaN,NaN,NaN,NaN,0.0800314437444406,0.0828972978103053,NaN,NaN,NaN,0.115953762405778,0.133719169359609,0.135716470746058,0.13618990110528,0.136353048603017,0.136476265476341,0.136599788385842,0.136742634958909,0.136853489907281,0.136926412984599,0.137076580504733,0.137348741769099,0.137732361113073,0.137954659342526,0.138101754390166,0.138140592938379,NaN,NaN,NaN,NaN,NaN,NaN,NaN,NaN,NaN,NaN,NaN,0.132218312871292,0.143427022997058,0.143510095451764,0.1444700020715,0.144641214936348,0.144644899196637,0.144689916976452,0.144770067998972,0.144839023725105,0.144566742145677,0.14567265021273,0.146304642151049,0.146173433845706,0.146342594950169,0.146712346130998,0.146979276666816,NaN,NaN,NaN,NaN,0.178212561935138,0.178004139474894,0.177746170329572,0.177631695483437,0.177662416093763,0.177729208332353,0.177795047361036,0.177838451910314,0.177388309560071,0.177223838983378,NaN,NaN,NaN,NaN,NaN,NaN,NaN,NaN,NaN,NaN,NaN,NaN,NaN,NaN,NaN,NaN,NaN,NaN,NaN,NaN,NaN,NaN,NaN,NaN,NaN,NaN,NaN,NaN,NaN,NaN,NaN,NaN,NaN,NaN,NaN,NaN,NaN,NaN,NaN,NaN,NaN,NaN,NaN,NaN,NaN,NaN,NaN,NaN,NaN,NaN,NaN,NaN,NaN,NaN,NaN,NaN,NaN,NaN,NaN,NaN,NaN,NaN,NaN,NaN,NaN,NaN,NaN,NaN,NaN,NaN,NaN,NaN,NaN,NaN,NaN,NaN,NaN,NaN,NaN,NaN,NaN,NaN,NaN,NaN,NaN,NaN,NaN,NaN
NaN,NaN,NaN,NaN,NaN,NaN,NaN,NaN,NaN,NaN,NaN,NaN,NaN,NaN,NaN,NaN,NaN,NaN,NaN,NaN,NaN,NaN,NaN,NaN,NaN,NaN,NaN,NaN,NaN,NaN,NaN,NaN,NaN,NaN,NaN,0.0920161175856655,NaN,NaN,NaN,NaN,NaN,NaN,NaN,NaN,NaN,NaN,NaN,NaN,NaN,NaN,NaN,NaN,NaN,NaN,NaN,NaN,NaN,NaN,NaN,NaN,NaN,NaN,NaN,NaN,NaN,NaN,NaN,NaN,NaN,NaN,NaN,NaN,NaN,NaN,NaN,NaN,NaN,NaN,NaN,NaN,NaN,NaN,NaN,NaN,NaN,NaN,NaN,NaN,0.105517531461315,NaN,NaN,NaN,NaN,NaN,NaN,NaN,NaN,NaN,NaN,NaN,0.10880915934137,0.126014661316257,0.135516300794136,0.135601870890099,0.136597126172412,0.136766698288786,0.136911715015737,0.137026359304288,0.137133454642891,0.137233010781954,0.137343490304002,0.137603558309264,0.137846454281918,0.13799238327686,0.138141076304878,0.138285474973524,0.138415112404042,NaN,NaN,NaN,NaN,NaN,NaN,NaN,NaN,NaN,NaN,0.121150801258362,0.141075263471799,0.144213283184846,0.144666743016052,0.144593829864398,0.144592126339384,0.144676691118206,0.144802992938165,0.144878108096591,0.144559330613643,0.144566377295478,0.145458655498754,0.145714151646185,0.145970408900764,0.146161900537643,0.146297399013307,NaN,NaN,NaN,NaN,0.177760794357808,0.177656946799262,0.177490004639681,0.177432551147603,0.177452230193308,0.177605335175476,0.177725972000617,0.177718969707757,0.177213535597877,0.175829558818383,NaN,NaN,NaN,NaN,NaN,NaN,NaN,NaN,NaN,NaN,NaN,NaN,NaN,NaN,NaN,NaN,NaN,NaN,NaN,NaN,NaN,NaN,NaN,NaN,NaN,NaN,NaN,NaN,NaN,NaN,NaN,NaN,NaN,NaN,NaN,NaN,NaN,NaN,NaN,NaN,NaN,NaN,NaN,NaN,NaN,NaN,NaN,NaN,NaN,NaN,NaN,NaN,NaN,NaN,NaN,NaN,NaN,NaN,NaN,NaN,NaN,NaN,NaN,NaN,NaN,NaN,NaN,NaN,NaN,NaN,NaN,NaN,NaN,NaN,NaN,NaN,NaN,NaN,NaN,NaN,NaN,NaN,NaN,NaN,NaN,NaN,NaN,NaN
NaN,NaN,NaN,NaN,NaN,NaN,NaN,NaN,NaN,NaN,NaN,NaN,NaN,NaN,NaN,NaN,NaN,NaN,NaN,NaN,NaN,NaN,NaN,NaN,NaN,NaN,NaN,NaN,NaN,NaN,NaN,NaN,NaN,NaN,0.0917113721287851,0.0919088477149598,NaN,NaN,NaN,NaN,NaN,NaN,NaN,NaN,NaN,NaN,NaN,NaN,NaN,NaN,NaN,NaN,NaN,NaN,NaN,NaN,NaN,NaN,NaN,NaN,NaN,NaN,NaN,NaN,NaN,NaN,NaN,NaN,NaN,NaN,NaN,NaN,NaN,NaN,NaN,NaN,NaN,NaN,NaN,NaN,NaN,NaN,NaN,NaN,NaN,NaN,NaN,NaN,0.0950274678737304,NaN,NaN,NaN,NaN,NaN,NaN,NaN,NaN,NaN,NaN,NaN,0.112082787391181,0.13049981450841,0.133528040673165,0.134661934703388,0.135512549882349,0.137040199398605,0.137201823349809,0.137313590636547,0.13739458501721,0.137469348170472,0.137568652760108,0.137737094263847,0.137884014087215,0.138019463045242,0.138162348365471,0.138340120629936,0.138480631843185,0.138525498099149,NaN,NaN,NaN,NaN,NaN,NaN,NaN,NaN,NaN,0.125139762721569,0.14342841565704,0.1448374290675,0.144705293710396,0.14458212260359,0.144601995931393,0.144729934144957,0.144842148504499,0.144999683769147,0.145128530447026,0.145149678764821,0.145486447022772,0.145786591576336,0.145942113596023,0.146068639161961,0.146185328205787,NaN,NaN,NaN,NaN,0.177502904244115,0.17745558254632,0.177320197962676,0.177244519222486,0.177267845904855,0.177466546655476,0.177539652147696,0.177299843852643,0.176846218269592,0.157678148557729,NaN,NaN,NaN,NaN,NaN,NaN,NaN,NaN,NaN,NaN,NaN,NaN,NaN,NaN,NaN,NaN,NaN,NaN,NaN,NaN,NaN,NaN,NaN,NaN,NaN,NaN,NaN,NaN,NaN,NaN,NaN,NaN,NaN,NaN,NaN,NaN,NaN,NaN,NaN,NaN,NaN,NaN,NaN,NaN,NaN,NaN,NaN,NaN,NaN,NaN,NaN,NaN,NaN,NaN,NaN,NaN,NaN,NaN,NaN,NaN,NaN,NaN,NaN,NaN,NaN,NaN,NaN,NaN,NaN,NaN,NaN,NaN,NaN,NaN,NaN,NaN,NaN,NaN,NaN,NaN,NaN,NaN,NaN,NaN,NaN,NaN,NaN,NaN
NaN,NaN,NaN,NaN,NaN,NaN,NaN,NaN,NaN,NaN,NaN,NaN,NaN,NaN,NaN,NaN,NaN,NaN,NaN,NaN,NaN,NaN,NaN,NaN,NaN,NaN,NaN,NaN,NaN,NaN,NaN,NaN,NaN,NaN,0.0916628667049335,0.091817790126158,NaN,NaN,NaN,NaN,NaN,NaN,NaN,NaN,NaN,NaN,NaN,NaN,NaN,NaN,NaN,NaN,NaN,NaN,NaN,NaN,NaN,NaN,NaN,NaN,NaN,NaN,NaN,NaN,NaN,NaN,NaN,NaN,NaN,NaN,NaN,NaN,NaN,NaN,NaN,NaN,NaN,NaN,NaN,NaN,NaN,NaN,NaN,NaN,NaN,NaN,NaN,0.0822735380179508,0.0877061862590395,NaN,NaN,NaN,NaN,NaN,NaN,NaN,NaN,NaN,NaN,NaN,0.100532674009845,0.112444358088581,0.131050371075869,0.133294188646279,0.134807587133646,0.137018090028916,0.13744717356888,0.137564598431845,0.137641060285565,0.137682857664362,0.13773332281461,0.137862000475013,0.137970454454235,0.138064168451179,0.138203262268047,0.138372964432354,0.138509626161536,0.138561465521443,0.138568982463042,NaN,NaN,NaN,NaN,NaN,NaN,NaN,NaN,0.141800645413358,0.145099121189043,0.144993564873965,0.144807521281506,0.144615567841422,0.144638164857542,0.144751885887431,0.144832581271225,0.145033736474699,0.145021793510835,0.145309630043054,0.145511691275676,0.145723798702888,0.145858732262367,0.145986502619322,0.146086114457303,NaN,NaN,NaN,NaN,0.177348019325277,0.177316939215433,0.177174994479452,0.177093717505759,0.177055014980471,0.177139088267974,0.177162288419808,0.176966553233126,0.176387733456162,0.17617731690271,0.156975874914577,NaN,NaN,NaN,NaN,NaN,NaN,NaN,NaN,NaN,NaN,NaN,NaN,NaN,NaN,NaN,NaN,NaN,NaN,NaN,NaN,NaN,NaN,NaN,NaN,NaN,NaN,NaN,NaN,NaN,NaN,NaN,NaN,NaN,NaN,NaN,NaN,NaN,NaN,NaN,NaN,NaN,NaN,NaN,NaN,NaN,NaN,NaN,NaN,NaN,NaN,NaN,NaN,NaN,NaN,NaN,NaN,NaN,NaN,NaN,NaN,NaN,NaN,NaN,NaN,NaN,NaN,NaN,NaN,NaN,NaN,NaN,NaN,NaN,NaN,NaN,NaN,NaN,NaN,NaN,NaN,NaN,NaN,NaN,NaN,NaN,NaN,NaN
NaN,NaN,NaN,NaN,NaN,NaN,NaN,NaN,NaN,NaN,NaN,NaN,NaN,NaN,NaN,NaN,NaN,NaN,NaN,NaN,NaN,NaN,NaN,NaN,NaN,NaN,NaN,NaN,NaN,NaN,NaN,NaN,NaN,NaN,0.091605836223583,NaN,NaN,NaN,NaN,NaN,NaN,NaN,NaN,NaN,NaN,NaN,NaN,NaN,NaN,NaN,NaN,NaN,NaN,NaN,NaN,NaN,NaN,NaN,NaN,NaN,NaN,NaN,NaN,NaN,NaN,NaN,NaN,NaN,NaN,NaN,NaN,NaN,NaN,NaN,NaN,NaN,NaN,NaN,NaN,NaN,NaN,NaN,NaN,NaN,NaN,NaN,NaN,0.0784673613408091,NaN,NaN,NaN,NaN,NaN,NaN,NaN,NaN,NaN,NaN,NaN,NaN,NaN,0.112612918440047,0.131167881919028,0.133375012384922,0.136099707033148,0.136266133685705,0.137618638520614,0.137770483233703,0.1378452960881,0.137909278460238,0.137948492934559,0.137996059818718,0.138026777041762,0.138138510619494,0.138273314026097,0.138392757177545,0.138527259924175,0.138563928897964,0.138544251076535,0.138542786052651,NaN,NaN,NaN,NaN,NaN,NaN,NaN,0.145181141536572,0.145222722646728,0.145184431840043,0.144993784904187,0.144734375417762,0.144731595446579,0.14481771495007,0.144713213303636,0.144821520645502,0.145037449406282,0.145315455334612,0.145553483573491,0.14563107898742,0.145737331250786,0.145877543223881,0.14602610151498,NaN,NaN,NaN,0.176552554209975,0.177161402656757,0.177156187731165,0.177028255797323,0.176916580466871,0.176824102260371,0.176775471653625,0.176791518143487,0.176725846197084,0.176081200836661,0.17593643811857,0.173950448831075,NaN,NaN,NaN,NaN,NaN,NaN,NaN,NaN,NaN,NaN,NaN,NaN,NaN,NaN,NaN,NaN,NaN,NaN,NaN,NaN,NaN,NaN,NaN,NaN,NaN,NaN,NaN,NaN,NaN,NaN,NaN,NaN,NaN,NaN,NaN,NaN,NaN,NaN,NaN,NaN,NaN,NaN,NaN,NaN,NaN,NaN,NaN,NaN,NaN,NaN,NaN,NaN,NaN,NaN,NaN,NaN,NaN,NaN,NaN,NaN,NaN,NaN,NaN,NaN,NaN,NaN,NaN,NaN,NaN,NaN,NaN,NaN,NaN,NaN,NaN,NaN,NaN,NaN,NaN,NaN,NaN,NaN,NaN,NaN,NaN,NaN,NaN
NaN,NaN,NaN,NaN,NaN,NaN,NaN,NaN,NaN,NaN,NaN,NaN,NaN,NaN,NaN,NaN,NaN,NaN,NaN,NaN,NaN,NaN,NaN,NaN,NaN,NaN,NaN,NaN,NaN,NaN,NaN,NaN,NaN,NaN,0.0915922037038241,NaN,NaN,NaN,NaN,NaN,NaN,NaN,NaN,NaN,NaN,NaN,NaN,NaN,NaN,NaN,NaN,NaN,NaN,NaN,NaN,NaN,NaN,NaN,NaN,NaN,NaN,NaN,NaN,NaN,NaN,NaN,NaN,NaN,NaN,NaN,NaN,NaN,NaN,NaN,NaN,NaN,NaN,NaN,NaN,NaN,NaN,NaN,NaN,NaN,NaN,NaN,0.0743250957499648,0.0759794580565234,NaN,NaN,NaN,NaN,NaN,NaN,NaN,NaN,NaN,NaN,NaN,NaN,NaN,0.109286235191095,0.126476511014613,0.132698839459905,0.135277375926684,0.135986267567075,0.136782130572787,0.137932872529068,0.138029864336116,0.13809603662398,0.138144880618545,0.138165358656076,0.138160071981893,0.138184804987513,0.138318456857562,0.138431974620482,0.138547207569649,0.138572809607901,0.138548829758208,0.138535200285659,0.138556062683961,NaN,NaN,NaN,NaN,NaN,NaN,NaN,0.145254820260388,0.145285849347964,0.145171214949293,0.144961256426432,0.144906551797968,0.144940813441303,0.144793212355341,0.144644603465392,0.145068663776923,0.145265706771199,0.145425128045188,0.145533462784143,0.145626106366977,0.14575028058639,NaN,NaN,NaN,NaN,0.172603035895509,0.176940200076522,0.176918422312303,0.176807622641559,0.176647898131192,0.176543762968142,0.176453968751683,0.176484733695714,0.176471420386014,0.175849822323185,0.175684864766368,0.175575972395697,0.156694458166865,NaN,NaN,NaN,NaN,NaN,NaN,NaN,NaN,NaN,NaN,NaN,NaN,NaN,NaN,NaN,NaN,NaN,NaN,NaN,NaN,NaN,NaN,NaN,NaN,NaN,NaN,NaN,NaN,NaN,NaN,NaN,NaN,NaN,NaN,NaN,NaN,NaN,NaN,NaN,NaN,NaN,NaN,NaN,NaN,NaN,NaN,NaN,NaN,NaN,NaN,NaN,NaN,NaN,NaN,NaN,NaN,NaN,NaN,NaN,NaN,NaN,NaN,NaN,NaN,NaN,NaN,NaN,NaN,NaN,NaN,NaN,NaN,NaN,NaN,NaN,NaN,NaN,NaN,NaN,NaN,NaN,NaN,NaN,NaN,NaN,NaN
NaN,NaN,NaN,NaN,NaN,NaN,NaN,NaN,NaN,NaN,NaN,NaN,NaN,NaN,NaN,NaN,NaN,NaN,NaN,NaN,NaN,NaN,NaN,NaN,NaN,NaN,NaN,NaN,NaN,NaN,NaN,NaN,NaN,NaN,0.0915780763202832,NaN,NaN,NaN,NaN,NaN,NaN,NaN,NaN,NaN,NaN,NaN,NaN,NaN,NaN,NaN,NaN,NaN,NaN,NaN,NaN,NaN,NaN,NaN,NaN,NaN,NaN,NaN,NaN,NaN,NaN,NaN,NaN,NaN,NaN,NaN,NaN,NaN,NaN,NaN,NaN,NaN,NaN,NaN,NaN,NaN,NaN,NaN,NaN,NaN,NaN,NaN,0.0732590022708181,0.0743534092652846,NaN,NaN,NaN,NaN,NaN,NaN,NaN,NaN,NaN,NaN,NaN,NaN,NaN,0.102455488711558,0.11527281510044,0.133974410308222,0.136031308559692,0.136560690439361,0.137144218027283,0.137660062445375,0.138198086471664,0.138282884938629,0.138345169246942,0.138370180927602,0.138348994712949,0.138302216298895,0.138304353931364,0.138411091983166,0.138549047362236,0.138628642593292,0.138641145354436,0.138563964549117,0.138496684830201,0.138498585070266,NaN,NaN,NaN,NaN,NaN,NaN,NaN,0.145510112122459,0.145374514877395,0.145241308347434,0.145199985467537,0.145246741398125,0.145066313493671,0.144886657345573,0.14512277780029,0.145301757722273,0.145399225458425,0.145498945011616,0.145593768409813,0.145691334595815,NaN,NaN,NaN,0.156954525293876,0.175998461799196,0.176583717809002,0.176596559299524,0.176524496732576,0.176400936542913,0.176293508966923,0.176175370946186,0.176179339029642,0.176157009205184,0.1757618199969,0.175452292688009,0.175401970927713,0.156621545832269,NaN,NaN,NaN,NaN,NaN,NaN,NaN,NaN,NaN,NaN,NaN,NaN,NaN,NaN,NaN,NaN,NaN,NaN,NaN,NaN,NaN,NaN,NaN,NaN,NaN,NaN,NaN,NaN,NaN,NaN,NaN,NaN,NaN,NaN,NaN,NaN,NaN,NaN,NaN,NaN,NaN,NaN,NaN,NaN,NaN,NaN,NaN,NaN,NaN,NaN,NaN,NaN,NaN,NaN,NaN,NaN,NaN,NaN,NaN,NaN,NaN,NaN,NaN,NaN,NaN,NaN,NaN,NaN,NaN,NaN,NaN,NaN,NaN,NaN,NaN,NaN,NaN,NaN,NaN,NaN,NaN,NaN,NaN,NaN,NaN,NaN
NaN,NaN,NaN,NaN,NaN,NaN,NaN,NaN,NaN,NaN,NaN,NaN,NaN,NaN,NaN,NaN,NaN,NaN,NaN,NaN,NaN,NaN,NaN,NaN,NaN,NaN,NaN,NaN,NaN,NaN,NaN,NaN,NaN,NaN,0.0915509581966069,NaN,NaN,NaN,NaN,NaN,NaN,NaN,NaN,NaN,NaN,NaN,NaN,NaN,NaN,NaN,NaN,NaN,NaN,NaN,NaN,NaN,NaN,NaN,NaN,NaN,NaN,NaN,NaN,NaN,NaN,NaN,NaN,NaN,NaN,NaN,NaN,NaN,NaN,NaN,NaN,NaN,NaN,NaN,NaN,NaN,NaN,NaN,NaN,NaN,NaN,NaN,NaN,NaN,NaN,NaN,NaN,NaN,NaN,NaN,NaN,NaN,NaN,NaN,NaN,NaN,NaN,NaN,0.117090125528878,0.135250923181461,0.136574136733335,0.137162837419495,0.137512623327151,0.137974928287488,0.138248755515868,0.138486785885922,0.138557550449291,0.138588530748536,0.138555705172177,0.138473300497638,0.138424530034742,0.138441465660918,0.138577224955612,0.138702633434062,0.138656001640218,0.138569424125639,0.138447759104986,0.138429826878546,0.138464579467015,0.138440521911643,NaN,NaN,NaN,NaN,NaN,0.145718536329101,0.145562943916545,0.145410122097032,0.145297064366107,0.145321063908195,0.145125294617954,0.145023883276095,0.145200493546694,0.145324089174503,0.145402687397108,0.145507259692717,0.145606800663001,0.145680511562828,NaN,NaN,0.156964622799205,0.17585529314693,0.175852026461254,0.176230706835677,0.176293370345182,0.176218194230283,0.176123459692449,0.175998856023144,0.175882795289474,0.175855925923024,0.175807134821241,0.175743962058241,0.175231960995537,0.17520315512176,0.156482246064514,NaN,NaN,NaN,NaN,NaN,NaN,NaN,NaN,NaN,NaN,NaN,NaN,NaN,NaN,NaN,NaN,NaN,NaN,NaN,NaN,NaN,NaN,NaN,NaN,NaN,NaN,NaN,NaN,NaN,NaN,NaN,NaN,NaN,NaN,NaN,NaN,NaN,NaN,NaN,NaN,NaN,NaN,NaN,NaN,NaN,NaN,NaN,NaN,NaN,NaN,NaN,NaN,NaN,NaN,NaN,NaN,NaN,NaN,NaN,NaN,NaN,NaN,NaN,NaN,NaN,NaN,NaN,NaN,NaN,NaN,NaN,NaN,NaN,NaN,NaN,NaN,NaN,NaN,NaN,NaN,NaN,NaN,NaN,NaN,NaN,NaN
NaN,NaN,NaN,NaN,NaN,NaN,NaN,NaN,NaN,NaN,NaN,NaN,NaN,NaN,NaN,NaN,NaN,NaN,NaN,NaN,NaN,NaN,NaN,NaN,NaN,NaN,NaN,NaN,NaN,NaN,NaN,NaN,NaN,NaN,0.0914471079361438,0.0884896196662902,NaN,NaN,NaN,NaN,NaN,NaN,NaN,NaN,NaN,NaN,NaN,NaN,NaN,NaN,NaN,NaN,NaN,NaN,NaN,NaN,NaN,NaN,NaN,NaN,NaN,NaN,NaN,NaN,NaN,NaN,NaN,NaN,NaN,NaN,NaN,NaN,NaN,NaN,NaN,NaN,NaN,NaN,NaN,NaN,NaN,NaN,NaN,NaN,NaN,NaN,NaN,NaN,NaN,NaN,NaN,NaN,NaN,NaN,NaN,NaN,NaN,NaN,NaN,NaN,NaN,NaN,NaN,0.119101422861887,0.136405724382225,0.13729224474927,0.137982235046324,0.138318030405891,0.138397444896442,0.138721902028673,0.138874464183009,0.138913921796706,0.138907045098107,0.138884762417255,0.138943785339315,0.138924008385222,0.13882326994745,0.138779162991044,0.138671470240609,0.138547936606106,0.138422640709278,0.138405301475497,0.138468724436854,0.138425977357355,0.138390671618092,NaN,NaN,NaN,NaN,0.145707263799417,0.145599660265434,0.145448120819579,0.145199230035445,0.145065624117002,0.145099878008908,0.145178515802811,0.145272213450427,0.145343164645439,0.145420298811333,0.145523159076305,0.145607056185297,0.144377631591488,NaN,NaN,0.134800399911808,0.156939780645573,0.1723237722824,0.176178196036193,0.176071116575552,0.175949404193639,0.175773943659041,0.175685055157827,0.175601936058107,0.175543567495864,0.175558480121484,0.175568633415373,0.175038588269749,0.174985930640711,0.156271537624015,NaN,NaN,NaN,NaN,NaN,NaN,NaN,NaN,NaN,NaN,NaN,NaN,NaN,NaN,NaN,NaN,NaN,NaN,NaN,NaN,NaN,NaN,NaN,NaN,NaN,NaN,NaN,NaN,NaN,NaN,NaN,NaN,NaN,NaN,NaN,NaN,NaN,NaN,NaN,NaN,NaN,NaN,NaN,NaN,NaN,NaN,NaN,NaN,NaN,NaN,NaN,NaN,NaN,NaN,NaN,NaN,NaN,NaN,NaN,NaN,NaN,NaN,NaN,NaN,NaN,NaN,NaN,NaN,NaN,NaN,NaN,NaN,NaN,NaN,NaN,NaN,NaN,NaN,NaN,NaN,NaN,NaN,NaN,NaN,NaN,NaN
NaN,NaN,NaN,NaN,NaN,NaN,NaN,NaN,NaN,NaN,NaN,NaN,NaN,NaN,NaN,NaN,NaN,NaN,NaN,NaN,NaN,NaN,NaN,NaN,NaN,NaN,NaN,NaN,NaN,NaN,NaN,NaN,NaN,NaN,NaN,0.0857044230401081,NaN,NaN,NaN,NaN,NaN,NaN,NaN,NaN,NaN,NaN,NaN,NaN,NaN,NaN,NaN,NaN,NaN,NaN,NaN,NaN,NaN,NaN,NaN,NaN,NaN,NaN,NaN,NaN,NaN,NaN,NaN,NaN,NaN,NaN,NaN,NaN,NaN,NaN,NaN,NaN,NaN,NaN,NaN,NaN,NaN,NaN,NaN,NaN,NaN,NaN,NaN,NaN,NaN,NaN,NaN,NaN,NaN,NaN,NaN,NaN,NaN,NaN,NaN,NaN,NaN,NaN,NaN,0.110591576723516,0.128337106752866,0.137714980271519,0.138218903296647,0.138625268157411,0.138845683797838,0.139075987329602,0.139230786492354,0.139280063865696,0.13928365818787,0.139322207923264,0.139369965873257,0.139290436185825,0.139026820410586,0.138852702512051,0.138716387952368,0.138559909451095,0.13840115842025,0.138317815813472,0.138350873913592,0.138347171552014,0.138361804470274,NaN,NaN,NaN,0.145410291021375,0.14546031788186,0.145436551910077,0.145336168655595,0.145184497245501,0.145012116642667,0.145163570949481,0.145228254118069,0.145297004424214,0.145357553702659,0.145443096121857,0.145528703677257,0.145559242754066,0.140333168306336,NaN,NaN,NaN,NaN,NaN,0.172111092214152,0.175778346604347,0.175644492042771,0.175460947543275,0.175365240216706,0.175316781729079,0.175299417496236,0.175386809310915,0.175411966367464,0.175358827906582,0.174758689877505,0.174570587889497,0.174301929872729,NaN,NaN,NaN,NaN,NaN,NaN,NaN,NaN,NaN,NaN,NaN,NaN,NaN,NaN,NaN,NaN,NaN,NaN,NaN,NaN,NaN,NaN,NaN,NaN,NaN,NaN,NaN,NaN,NaN,NaN,NaN,NaN,NaN,NaN,NaN,NaN,NaN,NaN,NaN,NaN,NaN,NaN,NaN,NaN,NaN,NaN,NaN,NaN,NaN,NaN,NaN,NaN,NaN,NaN,NaN,NaN,NaN,NaN,NaN,NaN,NaN,NaN,NaN,NaN,NaN,NaN,NaN,NaN,NaN,NaN,NaN,NaN,NaN,NaN,NaN,NaN,NaN,NaN,NaN,NaN,NaN,NaN,NaN,NaN,NaN
NaN,NaN,NaN,NaN,NaN,NaN,NaN,NaN,NaN,NaN,NaN,NaN,NaN,NaN,NaN,NaN,NaN,NaN,NaN,NaN,NaN,NaN,NaN,NaN,NaN,NaN,NaN,NaN,NaN,NaN,NaN,NaN,NaN,NaN,0.0851022058235706,0.0853789953094965,NaN,NaN,NaN,NaN,NaN,NaN,NaN,NaN,NaN,NaN,NaN,NaN,NaN,NaN,NaN,NaN,NaN,NaN,NaN,NaN,NaN,NaN,NaN,NaN,NaN,NaN,NaN,NaN,NaN,NaN,NaN,NaN,NaN,NaN,NaN,NaN,NaN,NaN,NaN,NaN,NaN,NaN,NaN,NaN,NaN,NaN,NaN,NaN,NaN,NaN,NaN,NaN,NaN,NaN,NaN,NaN,NaN,NaN,NaN,NaN,NaN,NaN,NaN,NaN,NaN,NaN,NaN,NaN,0.137749466435511,0.137773317041167,0.135485624016301,0.138905348166563,0.139126265223148,0.139319356989869,0.139409751665372,0.139464385831406,0.139466360634146,0.139470263447272,0.139454798511715,0.139333444135505,0.139069599725441,0.138838377569412,0.138731990628212,0.138592250864716,0.138395929618942,0.138244241338922,0.138228554080648,0.138264103803828,0.138307665993959,NaN,NaN,NaN,0.145324460567517,0.145359159036365,0.145364979692328,0.145257683014498,0.145123827988139,0.145045231358211,0.145123296283542,0.145293518803859,0.145336574277747,0.145398051129908,0.145474515412049,0.145530913663477,0.145456936336891,0.136027531464604,NaN,NaN,NaN,NaN,NaN,NaN,0.175431909976478,0.175374925132427,0.175249305443278,0.175117230416277,0.175108990836451,0.175120335886913,0.17521149183977,0.175262639676851,0.175208787179771,0.174561502369197,0.174438038171936,0.174417729629324,NaN,NaN,NaN,NaN,NaN,NaN,NaN,NaN,NaN,NaN,NaN,NaN,NaN,NaN,NaN,NaN,NaN,NaN,NaN,NaN,NaN,NaN,NaN,NaN,NaN,NaN,NaN,NaN,NaN,NaN,NaN,NaN,NaN,NaN,NaN,NaN,NaN,NaN,NaN,NaN,NaN,NaN,NaN,NaN,NaN,NaN,NaN,NaN,NaN,NaN,NaN,NaN,NaN,NaN,NaN,NaN,NaN,NaN,NaN,NaN,NaN,NaN,NaN,NaN,NaN,NaN,NaN,NaN,NaN,NaN,NaN,NaN,NaN,NaN,NaN,NaN,NaN,NaN,NaN,NaN,NaN,NaN,NaN,NaN,NaN
NaN,NaN,NaN,NaN,NaN,NaN,NaN,NaN,NaN,NaN,NaN,NaN,NaN,NaN,NaN,NaN,NaN,NaN,NaN,NaN,NaN,NaN,NaN,NaN,NaN,NaN,NaN,NaN,NaN,NaN,NaN,NaN,0.0848980660049373,0.0848978332379079,0.0849498319417907,NaN,NaN,NaN,NaN,NaN,NaN,NaN,NaN,NaN,NaN,NaN,NaN,NaN,NaN,NaN,NaN,NaN,NaN,NaN,NaN,NaN,NaN,NaN,NaN,NaN,NaN,NaN,NaN,NaN,NaN,NaN,NaN,NaN,NaN,NaN,NaN,NaN,NaN,NaN,NaN,NaN,NaN,NaN,NaN,NaN,NaN,NaN,NaN,NaN,NaN,NaN,NaN,NaN,NaN,NaN,NaN,NaN,NaN,NaN,NaN,NaN,NaN,NaN,NaN,NaN,NaN,NaN,NaN,NaN,NaN,NaN,0.12280889999347,0.138427035182648,0.139328749748197,0.139403502693394,0.139471687491083,0.139588726322486,0.1396340994,0.139635706181246,0.139492802311067,0.139264069030201,0.138964397522831,0.138818044492064,0.138800649743534,0.138685353895086,0.138467514852923,0.138280479351809,0.138227376669331,0.138256333860906,0.138321323191042,NaN,0.144090639507503,0.144088509373532,0.144665940241792,0.145096907568086,0.145283112497996,0.145252956194727,0.145129706011176,0.145044849893408,0.145091817796673,0.145292438845663,0.145354857761537,0.145411598309498,0.145462130568179,0.145486714451774,0.145397643127723,NaN,NaN,NaN,NaN,NaN,NaN,NaN,0.175215384778997,0.175272689392581,0.175139633025694,0.174981916450429,0.174936454744282,0.174945634329451,0.174988453940204,0.175005755192817,0.17490044613403,0.174340066047236,0.17428999612177,0.174280213044438,0.170526170521115,NaN,NaN,NaN,NaN,NaN,NaN,NaN,NaN,NaN,NaN,NaN,NaN,NaN,NaN,NaN,NaN,NaN,NaN,NaN,NaN,NaN,NaN,NaN,NaN,NaN,NaN,NaN,NaN,NaN,NaN,NaN,NaN,NaN,NaN,NaN,NaN,NaN,NaN,NaN,NaN,NaN,NaN,NaN,NaN,NaN,NaN,NaN,NaN,NaN,NaN,NaN,NaN,NaN,NaN,NaN,NaN,NaN,NaN,NaN,NaN,NaN,NaN,NaN,NaN,NaN,NaN,NaN,NaN,NaN,NaN,NaN,NaN,NaN,NaN,NaN,NaN,NaN,NaN,NaN,NaN,NaN,NaN,NaN,NaN
NaN,NaN,NaN,NaN,NaN,NaN,NaN,NaN,NaN,NaN,NaN,NaN,NaN,NaN,NaN,NaN,NaN,NaN,NaN,NaN,NaN,NaN,NaN,NaN,NaN,NaN,NaN,NaN,NaN,NaN,NaN,NaN,0.08489778688467,0.0848939561633086,NaN,NaN,NaN,NaN,NaN,NaN,NaN,NaN,NaN,NaN,NaN,NaN,NaN,NaN,NaN,NaN,NaN,NaN,NaN,NaN,NaN,NaN,NaN,NaN,NaN,NaN,NaN,NaN,NaN,NaN,NaN,NaN,NaN,NaN,NaN,NaN,NaN,NaN,NaN,NaN,NaN,NaN,NaN,NaN,NaN,NaN,NaN,NaN,NaN,NaN,NaN,NaN,NaN,NaN,NaN,NaN,NaN,NaN,NaN,NaN,NaN,NaN,NaN,NaN,NaN,NaN,NaN,NaN,NaN,NaN,NaN,NaN,0.111036524820969,0.128701983312979,0.139272758893817,0.139472039846327,0.139526400298228,0.13962756996075,0.139679673844391,0.139660235589417,0.139448211462477,0.139067872619957,0.138665305026278,0.138895838514201,0.138996289817391,0.138852887337011,0.138612938179145,0.138421047911692,0.138383881636626,0.138325713405055,NaN,NaN,0.144088955720306,0.144158781048458,0.144289410992735,0.144574327143034,0.144930033072659,0.145018805329111,0.145055781526392,0.145087594136304,0.145155904186568,0.145276122418264,0.145323518185437,0.145352977153766,0.145369220322346,0.145316352830525,0.145253817958971,NaN,NaN,NaN,NaN,NaN,NaN,NaN,NaN,0.175159849112186,0.175059069448215,0.174910965933567,0.174753279364641,0.174733050326977,0.174686530100251,0.174660487669082,0.174507424355445,0.174136442055347,0.158543922502688,0.155697755570195,0.151082030422782,NaN,NaN,NaN,NaN,NaN,NaN,NaN,NaN,NaN,NaN,NaN,NaN,NaN,NaN,NaN,NaN,NaN,NaN,NaN,NaN,NaN,NaN,NaN,NaN,NaN,NaN,NaN,NaN,NaN,NaN,NaN,NaN,NaN,NaN,NaN,NaN,NaN,NaN,NaN,NaN,NaN,NaN,NaN,NaN,NaN,NaN,NaN,NaN,NaN,NaN,NaN,NaN,NaN,NaN,NaN,NaN,NaN,NaN,NaN,NaN,NaN,NaN,NaN,NaN,NaN,NaN,NaN,NaN,NaN,NaN,NaN,NaN,NaN,NaN,NaN,NaN,NaN,NaN,NaN,NaN,NaN,NaN,NaN,NaN
NaN,NaN,NaN,NaN,NaN,NaN,NaN,NaN,NaN,NaN,NaN,NaN,NaN,NaN,NaN,NaN,NaN,NaN,NaN,NaN,NaN,NaN,NaN,NaN,NaN,NaN,NaN,NaN,NaN,NaN,NaN,NaN,NaN,NaN,NaN,NaN,NaN,NaN,NaN,NaN,NaN,NaN,NaN,NaN,NaN,NaN,NaN,NaN,NaN,NaN,NaN,NaN,NaN,NaN,NaN,NaN,NaN,NaN,NaN,NaN,NaN,NaN,NaN,NaN,NaN,NaN,NaN,NaN,NaN,NaN,NaN,NaN,NaN,NaN,NaN,NaN,NaN,NaN,NaN,NaN,NaN,NaN,NaN,NaN,NaN,NaN,NaN,NaN,NaN,NaN,NaN,NaN,NaN,NaN,NaN,NaN,NaN,NaN,NaN,NaN,NaN,NaN,NaN,NaN,NaN,NaN,NaN,NaN,0.12896270594717,0.139370498233583,0.139497981063476,0.139529626088133,0.139524803852614,0.139405709450607,0.139078675119142,0.138533584654368,0.13856731287477,0.139184199025705,0.139153741677634,0.138950963808362,0.138678036130547,0.138568401071642,0.138634134057175,NaN,NaN,0.143866487195762,0.143958805872368,0.144045198569162,0.14434734874409,0.144416778364901,0.144784379907864,0.144909045529893,0.144946586261205,0.145053703608,0.145090773433646,0.145178233034275,0.145170570137968,0.145162883347359,0.145173715655562,0.145103580416023,0.14513354898134,NaN,NaN,NaN,NaN,NaN,NaN,NaN,NaN,0.17415266978943,0.175014546913635,0.174852481017021,0.174676673794171,0.174570751567187,0.174419850034498,0.174206354996579,0.173999178484243,0.173841551920846,0.172603805394723,0.155519156343926,NaN,NaN,NaN,NaN,NaN,NaN,NaN,NaN,NaN,NaN,NaN,NaN,NaN,NaN,NaN,NaN,NaN,NaN,NaN,NaN,NaN,NaN,NaN,NaN,NaN,NaN,NaN,NaN,NaN,NaN,NaN,NaN,NaN,NaN,NaN,NaN,NaN,NaN,NaN,NaN,NaN,NaN,NaN,NaN,NaN,NaN,NaN,NaN,NaN,NaN,NaN,NaN,NaN,NaN,NaN,NaN,NaN,NaN,NaN,NaN,NaN,NaN,NaN,NaN,NaN,NaN,NaN,NaN,NaN,NaN,NaN,NaN,NaN,NaN,NaN,NaN,NaN,NaN,NaN,NaN,NaN,NaN,NaN,NaN,NaN
NaN,NaN,NaN,NaN,NaN,NaN,NaN,NaN,NaN,NaN,NaN,NaN,NaN,NaN,NaN,NaN,NaN,NaN,NaN,NaN,NaN,NaN,NaN,NaN,NaN,NaN,NaN,NaN,NaN,NaN,NaN,NaN,NaN,NaN,NaN,NaN,NaN,NaN,NaN,NaN,NaN,NaN,NaN,NaN,NaN,NaN,NaN,NaN,NaN,NaN,NaN,NaN,NaN,NaN,NaN,NaN,NaN,NaN,NaN,NaN,NaN,NaN,NaN,NaN,NaN,NaN,NaN,NaN,NaN,NaN,NaN,NaN,NaN,NaN,NaN,NaN,NaN,NaN,NaN,NaN,NaN,NaN,NaN,NaN,NaN,NaN,NaN,NaN,NaN,NaN,NaN,NaN,NaN,NaN,NaN,NaN,NaN,NaN,NaN,NaN,NaN,NaN,NaN,NaN,NaN,NaN,NaN,NaN,NaN,NaN,0.13928371001235,0.139441283754132,0.139316167550383,0.139048104122191,0.138708382568623,0.138672618191738,0.139375852588908,0.139532840167684,0.139265062527194,0.138986265886006,0.138764729707993,0.138793257849792,0.138991876739424,NaN,NaN,0.143863377578394,0.143885390974052,0.143956987064286,0.144160945669607,0.144496647769369,0.144811873731886,0.14499710520264,0.144972478288402,0.145043689109231,0.145051686906111,0.144891784829366,0.14484578696944,0.144867677559266,0.144931992044515,0.144785992528503,NaN,NaN,NaN,NaN,NaN,NaN,NaN,NaN,NaN,NaN,0.173998760541353,0.174814966623553,0.174616944389011,0.174361412280984,0.174087702682268,0.173781451905909,0.173577817216768,0.173463663273027,0.173375216216067,0.172927492973748,NaN,NaN,NaN,NaN,NaN,NaN,NaN,NaN,NaN,NaN,NaN,NaN,NaN,NaN,NaN,NaN,NaN,NaN,NaN,NaN,NaN,NaN,NaN,NaN,NaN,NaN,NaN,NaN,NaN,NaN,NaN,NaN,NaN,NaN,NaN,NaN,NaN,NaN,NaN,NaN,NaN,NaN,NaN,NaN,NaN,NaN,NaN,NaN,NaN,NaN,NaN,NaN,NaN,NaN,NaN,NaN,NaN,NaN,NaN,NaN,NaN,NaN,NaN,NaN,NaN,NaN,NaN,NaN,NaN,NaN,NaN,NaN,NaN,NaN,NaN,NaN,NaN,NaN,NaN,NaN,NaN,NaN,NaN,NaN,NaN
NaN,NaN,NaN,NaN,NaN,NaN,NaN,NaN,NaN,NaN,NaN,NaN,NaN,NaN,NaN,NaN,NaN,NaN,NaN,NaN,NaN,NaN,NaN,NaN,NaN,NaN,NaN,NaN,NaN,NaN,NaN,NaN,NaN,NaN,NaN,NaN,NaN,NaN,NaN,NaN,NaN,NaN,NaN,NaN,NaN,NaN,NaN,NaN,NaN,NaN,NaN,NaN,NaN,NaN,NaN,NaN,NaN,NaN,NaN,NaN,NaN,NaN,NaN,NaN,NaN,NaN,NaN,NaN,NaN,NaN,NaN,NaN,NaN,NaN,NaN,NaN,NaN,NaN,NaN,NaN,NaN,NaN,NaN,NaN,NaN,NaN,NaN,NaN,NaN,NaN,NaN,NaN,NaN,NaN,NaN,NaN,NaN,NaN,NaN,NaN,NaN,NaN,NaN,NaN,NaN,NaN,NaN,NaN,NaN,NaN,NaN,0.140060411592966,0.140067752255689,0.139863434445383,0.139949038759518,0.140222385160785,0.14029024820565,0.139917556191449,0.139555485219282,0.139229318733811,0.139152635739403,0.139497312002072,0.140282193390847,NaN,NaN,0.143619721781299,0.143669781548404,0.143860464447975,0.144112359543438,0.144283771481739,0.144703942620786,0.144982642240052,0.145035123764837,0.145014774831408,0.145057897461755,0.144741765258206,0.14468153420774,0.144734446834585,0.14482375895997,NaN,NaN,NaN,NaN,NaN,NaN,NaN,NaN,NaN,NaN,NaN,NaN,0.173705184894803,0.174436748418315,0.174104822489227,0.17375886890473,0.173487462525076,0.173273457170671,0.173185463413012,0.173169143632337,0.173160033836415,0.168473641285114,NaN,NaN,NaN,NaN,NaN,NaN,NaN,NaN,NaN,NaN,NaN,NaN,NaN,NaN,NaN,NaN,NaN,NaN,NaN,NaN,NaN,NaN,NaN,NaN,NaN,NaN,NaN,NaN,NaN,NaN,NaN,NaN,NaN,NaN,NaN,NaN,NaN,NaN,NaN,NaN,NaN,NaN,NaN,NaN,NaN,NaN,NaN,NaN,NaN,NaN,NaN,NaN,NaN,NaN,NaN,NaN,NaN,NaN,NaN,NaN,NaN,NaN,NaN,NaN,NaN,NaN,NaN,NaN,NaN,NaN,NaN,NaN,NaN,NaN,NaN,NaN,NaN,NaN,NaN,NaN,NaN,NaN,NaN,NaN
NaN,NaN,NaN,NaN,NaN,NaN,NaN,NaN,NaN,NaN,NaN,NaN,NaN,NaN,NaN,NaN,NaN,NaN,NaN,NaN,NaN,NaN,NaN,NaN,NaN,NaN,NaN,NaN,NaN,NaN,NaN,NaN,NaN,NaN,NaN,NaN,NaN,NaN,NaN,NaN,NaN,NaN,NaN,NaN,NaN,NaN,NaN,NaN,NaN,NaN,NaN,NaN,NaN,NaN,NaN,NaN,NaN,NaN,NaN,NaN,NaN,NaN,NaN,NaN,NaN,NaN,NaN,NaN,NaN,NaN,NaN,NaN,NaN,NaN,NaN,NaN,NaN,NaN,NaN,NaN,NaN,NaN,NaN,NaN,NaN,NaN,NaN,NaN,NaN,NaN,NaN,NaN,NaN,NaN,NaN,NaN,NaN,NaN,NaN,NaN,NaN,NaN,NaN,NaN,NaN,NaN,NaN,NaN,NaN,NaN,NaN,0.141165155695562,0.1411046620721,0.141031784396156,0.141044839941662,0.141036693494649,0.140797591047047,0.140273278459862,0.139913417834834,0.139661513818274,0.139895087259671,0.141085271640565,0.142209445591489,0.142823643095485,0.143015072690343,0.143554397233632,0.143668626519954,0.143665097090063,0.144076761073217,0.144414885168805,0.144565441449649,0.144727268138297,0.144838201086418,0.144722319918849,0.144710915096269,0.144681966325101,0.144633476563582,0.144685350084962,0.14471638584394,0.144466952160759,NaN,NaN,NaN,NaN,NaN,NaN,NaN,NaN,NaN,NaN,NaN,NaN,0.173248313317693,0.173926369662308,0.173483765138506,0.17321453534729,0.173032112150572,0.172932811027215,0.172920261594181,0.172920454830179,0.172762775211323,NaN,NaN,NaN,NaN,NaN,NaN,NaN,NaN,NaN,NaN,NaN,NaN,NaN,NaN,NaN,NaN,NaN,NaN,NaN,NaN,NaN,NaN,NaN,NaN,NaN,NaN,NaN,NaN,NaN,NaN,NaN,NaN,NaN,NaN,NaN,NaN,NaN,NaN,NaN,NaN,NaN,NaN,NaN,NaN,NaN,NaN,NaN,NaN,NaN,NaN,NaN,NaN,NaN,NaN,NaN,NaN,NaN,NaN,NaN,NaN,NaN,NaN,NaN,NaN,NaN,NaN,NaN,NaN,NaN,NaN,NaN,NaN,NaN,NaN,NaN,NaN,NaN,NaN,NaN,NaN,NaN,NaN,NaN,NaN
NaN,NaN,NaN,NaN,NaN,NaN,NaN,NaN,NaN,NaN,NaN,NaN,NaN,NaN,NaN,NaN,NaN,NaN,NaN,NaN,NaN,NaN,NaN,NaN,NaN,NaN,NaN,NaN,NaN,NaN,NaN,NaN,NaN,NaN,NaN,NaN,NaN,NaN,NaN,NaN,NaN,NaN,NaN,NaN,NaN,NaN,NaN,NaN,NaN,NaN,NaN,NaN,NaN,NaN,NaN,NaN,NaN,NaN,NaN,NaN,NaN,NaN,NaN,NaN,NaN,NaN,NaN,NaN,NaN,NaN,NaN,NaN,NaN,NaN,NaN,NaN,NaN,NaN,NaN,NaN,NaN,NaN,NaN,NaN,NaN,NaN,NaN,NaN,NaN,NaN,NaN,NaN,NaN,NaN,NaN,NaN,NaN,NaN,NaN,NaN,NaN,NaN,NaN,NaN,NaN,NaN,NaN,NaN,NaN,NaN,NaN,0.14151026135995,0.141471444540151,0.14144829828004,0.141405822906,0.141311712901756,0.141054069218577,0.14064237640523,0.140351328366912,0.14033225178353,0.141197590749938,0.142139893280012,0.142495949834213,0.143115914488435,0.1434959944463,0.143829472075129,0.143833615205334,0.143696768469668,0.143760550879578,0.144335403868965,0.144677477763605,0.144657335098587,0.14454775235751,0.144541303250569,0.144427226514175,0.144422369013641,0.144428862364235,0.144493222043796,0.144511564233652,0.141853409748724,0.122505684035587,NaN,NaN,NaN,NaN,NaN,NaN,NaN,NaN,NaN,NaN,NaN,NaN,NaN,0.173207227981678,0.173008859983343,0.172843059388393,0.172726753967743,0.172654587189183,0.172643509302098,0.172705393615778,NaN,NaN,NaN,NaN,NaN,NaN,NaN,NaN,NaN,NaN,NaN,NaN,NaN,NaN,NaN,NaN,NaN,NaN,NaN,NaN,NaN,NaN,NaN,NaN,NaN,NaN,NaN,NaN,NaN,NaN,NaN,NaN,NaN,NaN,NaN,NaN,NaN,NaN,NaN,NaN,NaN,NaN,NaN,NaN,NaN,NaN,NaN,NaN,NaN,NaN,NaN,NaN,NaN,NaN,NaN,NaN,NaN,NaN,NaN,NaN,NaN,NaN,NaN,NaN,NaN,NaN,NaN,NaN,NaN,NaN,NaN,NaN,NaN,NaN,NaN,NaN,NaN,NaN,NaN,NaN,NaN,NaN,NaN,NaN
NaN,NaN,NaN,NaN,NaN,NaN,NaN,NaN,NaN,NaN,NaN,NaN,NaN,NaN,NaN,NaN,NaN,NaN,NaN,NaN,NaN,NaN,NaN,NaN,NaN,NaN,NaN,NaN,NaN,NaN,NaN,NaN,NaN,NaN,NaN,NaN,NaN,NaN,NaN,NaN,NaN,NaN,NaN,NaN,NaN,NaN,NaN,NaN,NaN,NaN,NaN,NaN,NaN,NaN,NaN,NaN,NaN,NaN,NaN,NaN,NaN,NaN,NaN,NaN,NaN,NaN,NaN,NaN,NaN,NaN,NaN,NaN,NaN,NaN,NaN,NaN,NaN,NaN,NaN,NaN,NaN,NaN,NaN,NaN,NaN,NaN,NaN,NaN,NaN,NaN,NaN,NaN,NaN,NaN,NaN,NaN,NaN,NaN,NaN,NaN,NaN,NaN,NaN,NaN,NaN,NaN,NaN,NaN,NaN,NaN,NaN,0.141577075535713,0.141504404274053,0.141592943240933,0.141595306510304,0.141523338404124,0.141354192421942,0.141137839936932,0.140919310855637,0.141002951733242,0.141631659128914,0.14202276541816,0.142424653038096,0.143122895029214,0.143501052629439,0.143855567138851,0.143974797850004,0.143848775700927,0.143843754405764,0.144081489954344,0.144321652304285,0.144696261189725,0.144473788555357,0.144381000607207,0.144257362437093,0.14420909727564,0.144229093585325,0.144284205692446,0.144295541124275,0.143773428345462,0.128853806726187,NaN,NaN,NaN,NaN,NaN,NaN,NaN,NaN,NaN,NaN,NaN,NaN,NaN,NaN,0.172812829296486,0.172668746075518,0.172526947306227,0.172403146800951,0.172430881716835,0.172504545520271,NaN,NaN,NaN,NaN,NaN,NaN,NaN,NaN,NaN,NaN,NaN,NaN,NaN,NaN,NaN,NaN,NaN,NaN,NaN,NaN,NaN,NaN,NaN,NaN,NaN,NaN,NaN,NaN,NaN,NaN,NaN,NaN,NaN,NaN,NaN,NaN,NaN,NaN,NaN,NaN,NaN,NaN,NaN,NaN,NaN,NaN,NaN,NaN,NaN,NaN,NaN,NaN,NaN,NaN,NaN,NaN,NaN,NaN,NaN,NaN,NaN,NaN,NaN,NaN,NaN,NaN,NaN,NaN,NaN,NaN,NaN,NaN,NaN,NaN,NaN,NaN,NaN,NaN,NaN,NaN,NaN,NaN,NaN,NaN
NaN,NaN,NaN,NaN,NaN,NaN,NaN,NaN,NaN,NaN,NaN,NaN,NaN,NaN,NaN,NaN,NaN,NaN,NaN,NaN,NaN,NaN,NaN,NaN,NaN,NaN,NaN,NaN,NaN,NaN,NaN,NaN,NaN,NaN,NaN,NaN,NaN,NaN,NaN,NaN,NaN,NaN,NaN,NaN,NaN,NaN,NaN,NaN,NaN,NaN,NaN,NaN,NaN,NaN,NaN,NaN,NaN,NaN,NaN,NaN,NaN,NaN,NaN,NaN,NaN,NaN,NaN,NaN,NaN,NaN,NaN,NaN,NaN,NaN,NaN,NaN,NaN,NaN,NaN,NaN,NaN,NaN,NaN,NaN,NaN,NaN,NaN,NaN,NaN,NaN,NaN,NaN,NaN,NaN,NaN,NaN,NaN,NaN,NaN,NaN,NaN,NaN,NaN,NaN,NaN,NaN,NaN,NaN,NaN,NaN,NaN,NaN,NaN,0.141684748181263,0.141788647921695,0.141775424994581,0.141669168002569,0.141582650357151,0.141443947879104,0.141446381437288,0.141746676758843,0.1421335195973,0.142563072533502,0.143115672301885,0.143552984832383,0.143827251986604,0.143874959822577,0.143895324753096,0.144007835385364,0.144252758915835,0.144325715286348,0.144515650558462,0.144510787754616,0.144332490318847,0.144188838276239,0.144126180755111,0.144138490733207,0.144112816062939,0.144124248383945,0.143955784534219,NaN,NaN,NaN,NaN,NaN,NaN,NaN,NaN,NaN,NaN,NaN,NaN,NaN,NaN,NaN,0.172749224875117,0.172534601786681,0.17233796691587,0.172193665475295,0.172211329712468,0.172243759634977,NaN,NaN,NaN,NaN,NaN,NaN,NaN,NaN,NaN,NaN,NaN,NaN,NaN,NaN,NaN,NaN,NaN,NaN,NaN,NaN,NaN,NaN,NaN,NaN,NaN,NaN,NaN,NaN,NaN,NaN,NaN,NaN,NaN,NaN,NaN,NaN,NaN,NaN,NaN,NaN,NaN,NaN,NaN,NaN,NaN,NaN,NaN,NaN,NaN,NaN,NaN,NaN,NaN,NaN,NaN,NaN,NaN,NaN,NaN,NaN,NaN,NaN,NaN,NaN,NaN,NaN,NaN,NaN,NaN,NaN,NaN,NaN,NaN,NaN,NaN,NaN,NaN,NaN,NaN,NaN,NaN,NaN,NaN,NaN
NaN,NaN,NaN,NaN,NaN,NaN,NaN,NaN,NaN,NaN,NaN,NaN,NaN,NaN,NaN,NaN,NaN,NaN,NaN,NaN,NaN,NaN,NaN,NaN,NaN,NaN,NaN,NaN,NaN,NaN,NaN,NaN,NaN,NaN,NaN,NaN,NaN,NaN,NaN,NaN,NaN,NaN,NaN,NaN,NaN,NaN,NaN,NaN,NaN,NaN,NaN,NaN,NaN,NaN,NaN,NaN,NaN,NaN,NaN,NaN,NaN,NaN,NaN,NaN,NaN,NaN,NaN,NaN,NaN,NaN,NaN,NaN,NaN,NaN,NaN,NaN,NaN,NaN,NaN,NaN,NaN,NaN,NaN,NaN,NaN,NaN,NaN,NaN,NaN,NaN,NaN,NaN,NaN,NaN,NaN,NaN,NaN,NaN,NaN,NaN,NaN,NaN,NaN,NaN,NaN,NaN,NaN,NaN,NaN,NaN,NaN,NaN,NaN,NaN,0.142058296619516,0.14203625132601,0.141944350504616,0.141894874092263,0.141809887477435,0.141790428761184,0.141938376981515,0.142417196202882,0.142815483912426,0.143210264013646,0.143476942824779,0.143623487750375,0.14368927887832,0.14358768487543,0.143926751415569,0.144337618543362,0.144476888106753,0.144548163198144,0.144580481297969,0.144394853638169,0.144232058243667,0.144140552794801,0.144042194791962,0.143955622056744,0.143962039761113,0.143884979019177,0.142466451420447,NaN,NaN,NaN,NaN,NaN,NaN,NaN,NaN,NaN,NaN,NaN,NaN,NaN,NaN,NaN,0.172435773796985,0.172124753054934,0.171958257913228,0.171898007154933,0.17193517560243,NaN,NaN,NaN,NaN,NaN,NaN,NaN,NaN,NaN,NaN,NaN,NaN,NaN,NaN,NaN,NaN,NaN,NaN,NaN,NaN,NaN,NaN,NaN,NaN,NaN,NaN,NaN,NaN,NaN,NaN,NaN,NaN,NaN,NaN,NaN,NaN,NaN,NaN,NaN,NaN,NaN,NaN,NaN,NaN,NaN,NaN,NaN,NaN,NaN,NaN,NaN,NaN,NaN,NaN,NaN,NaN,NaN,NaN,NaN,NaN,NaN,NaN,NaN,NaN,NaN,NaN,NaN,NaN,NaN,NaN,NaN,NaN,NaN,NaN,NaN,NaN,NaN,NaN,NaN,NaN,NaN,NaN,NaN,NaN
NaN,NaN,NaN,NaN,NaN,NaN,NaN,NaN,NaN,NaN,NaN,NaN,NaN,NaN,NaN,NaN,NaN,NaN,NaN,NaN,NaN,NaN,NaN,NaN,NaN,NaN,NaN,NaN,NaN,NaN,NaN,NaN,NaN,NaN,NaN,NaN,NaN,NaN,NaN,NaN,NaN,NaN,NaN,NaN,NaN,NaN,NaN,NaN,NaN,NaN,NaN,NaN,NaN,NaN,NaN,NaN,NaN,NaN,NaN,NaN,NaN,NaN,NaN,NaN,NaN,NaN,NaN,NaN,NaN,NaN,NaN,NaN,NaN,NaN,NaN,NaN,NaN,NaN,NaN,NaN,NaN,NaN,NaN,NaN,NaN,NaN,NaN,NaN,NaN,NaN,NaN,NaN,NaN,NaN,NaN,NaN,NaN,NaN,NaN,NaN,NaN,NaN,NaN,NaN,NaN,NaN,NaN,NaN,NaN,NaN,NaN,NaN,NaN,NaN,0.14226795573246,0.142221357990113,0.142117795072316,0.142004136618033,0.141938208737328,0.141919419746293,0.142205442245778,0.14260107295667,0.142693403782544,0.143057846543253,0.143298063490314,0.14335570321163,0.143547109110963,0.143596384965251,0.143971561068964,0.144434676185324,0.144737450672244,0.144765006295564,0.144706195102086,0.144493668260466,0.144334633560257,0.144047136677936,0.143833159989878,0.143812464751048,0.143798940310199,0.143632071293023,0.14317073613118,0.142795538512685,0.142607368927469,0.142557189291543,NaN,NaN,NaN,NaN,NaN,NaN,NaN,NaN,NaN,NaN,NaN,NaN,NaN,0.171713157140191,0.171648517905938,0.171520106456926,0.171605799641559,NaN,NaN,NaN,NaN,NaN,NaN,NaN,NaN,NaN,NaN,NaN,NaN,NaN,NaN,NaN,NaN,NaN,NaN,NaN,NaN,NaN,NaN,NaN,NaN,NaN,NaN,NaN,NaN,NaN,NaN,NaN,NaN,NaN,NaN,NaN,NaN,NaN,NaN,NaN,NaN,NaN,NaN,NaN,NaN,NaN,NaN,NaN,NaN,NaN,NaN,NaN,NaN,NaN,NaN,NaN,NaN,NaN,NaN,NaN,NaN,NaN,NaN,NaN,NaN,NaN,NaN,NaN,NaN,NaN,NaN,NaN,NaN,NaN,NaN,NaN,NaN,NaN,NaN,NaN,NaN,NaN,NaN,NaN,NaN
NaN,NaN,NaN,NaN,NaN,NaN,NaN,NaN,NaN,NaN,NaN,NaN,NaN,NaN,NaN,NaN,NaN,NaN,NaN,NaN,NaN,NaN,NaN,NaN,NaN,NaN,NaN,NaN,NaN,NaN,NaN,NaN,NaN,NaN,NaN,NaN,NaN,NaN,NaN,NaN,NaN,NaN,NaN,NaN,NaN,NaN,NaN,NaN,NaN,NaN,NaN,NaN,NaN,NaN,NaN,NaN,NaN,NaN,NaN,NaN,NaN,NaN,NaN,NaN,NaN,NaN,NaN,NaN,NaN,NaN,NaN,NaN,NaN,NaN,NaN,NaN,NaN,NaN,NaN,NaN,NaN,NaN,NaN,NaN,NaN,NaN,NaN,NaN,NaN,NaN,NaN,NaN,NaN,NaN,NaN,NaN,NaN,NaN,NaN,NaN,NaN,NaN,NaN,NaN,NaN,NaN,NaN,NaN,NaN,NaN,NaN,NaN,NaN,NaN,0.142308934807362,0.142264708926762,0.142180957736785,0.142018681556889,0.141878660875576,0.141959020966387,0.142437470136407,0.142540240083696,0.142658180524682,0.142924008051465,0.143018895783183,0.143118138357197,0.143300722708507,0.14354551572775,0.143972496666665,0.144749382056434,0.145034272997157,0.144994488843525,0.144970700067697,NaN,NaN,0.143557584148812,0.143543097055159,0.143633120101474,0.143600867373328,0.143266146095709,0.142892645470591,0.142724889569531,0.14257253001293,0.142426906449092,0.142212769709374,0.14200718784762,0.140900151949964,NaN,NaN,NaN,NaN,NaN,NaN,NaN,NaN,NaN,NaN,0.17133510102505,0.17118423179367,0.171057261677871,0.171177855025557,NaN,NaN,NaN,NaN,NaN,NaN,NaN,NaN,NaN,NaN,NaN,NaN,NaN,NaN,NaN,NaN,NaN,NaN,NaN,NaN,NaN,NaN,NaN,NaN,NaN,NaN,NaN,NaN,NaN,NaN,NaN,NaN,NaN,NaN,NaN,NaN,NaN,NaN,NaN,NaN,NaN,NaN,NaN,NaN,NaN,NaN,NaN,NaN,NaN,NaN,NaN,NaN,NaN,NaN,NaN,NaN,NaN,NaN,NaN,NaN,NaN,NaN,NaN,NaN,NaN,NaN,NaN,NaN,NaN,NaN,NaN,NaN,NaN,NaN,NaN,NaN,NaN,NaN,NaN,NaN,NaN,NaN,NaN,NaN
NaN,NaN,NaN,NaN,NaN,NaN,NaN,NaN,NaN,NaN,NaN,NaN,NaN,NaN,NaN,NaN,NaN,NaN,NaN,NaN,NaN,NaN,NaN,NaN,NaN,NaN,NaN,NaN,NaN,NaN,NaN,NaN,NaN,NaN,NaN,NaN,NaN,NaN,NaN,NaN,NaN,NaN,NaN,NaN,NaN,NaN,NaN,NaN,NaN,NaN,NaN,NaN,NaN,NaN,NaN,NaN,NaN,NaN,NaN,NaN,NaN,NaN,NaN,NaN,NaN,NaN,NaN,NaN,NaN,NaN,NaN,NaN,NaN,NaN,NaN,NaN,NaN,NaN,NaN,NaN,NaN,NaN,NaN,NaN,NaN,NaN,NaN,NaN,NaN,NaN,NaN,NaN,NaN,NaN,NaN,NaN,NaN,NaN,NaN,NaN,NaN,NaN,NaN,NaN,NaN,NaN,NaN,NaN,NaN,NaN,NaN,NaN,NaN,NaN,0.142255525998179,0.142194887157494,0.142134518260399,0.141994955909432,0.141829919389623,0.142108572698465,0.142451567935976,0.142468467706764,0.142704174954164,0.142859624892012,0.14285800899847,0.142884135956592,0.142979070508157,0.143148107473571,0.143237775926688,NaN,NaN,NaN,NaN,NaN,0.142912781955036,0.143257518829569,0.143310886106844,0.143409105139292,0.143328383140729,0.143010582340047,0.142790258585486,0.14267766570555,0.142524480419754,0.142343310223608,0.142159907769585,0.141915924115795,0.14177997922298,NaN,NaN,NaN,NaN,NaN,NaN,NaN,NaN,NaN,NaN,0.171025354804677,0.170475197359123,0.170403095105433,0.1703159386322,NaN,NaN,NaN,NaN,NaN,NaN,NaN,NaN,NaN,NaN,NaN,NaN,NaN,NaN,NaN,NaN,NaN,NaN,NaN,NaN,NaN,NaN,NaN,NaN,NaN,NaN,NaN,NaN,NaN,NaN,NaN,NaN,NaN,NaN,NaN,NaN,NaN,NaN,NaN,NaN,NaN,NaN,NaN,NaN,NaN,NaN,NaN,NaN,NaN,NaN,NaN,NaN,NaN,NaN,NaN,NaN,NaN,NaN,NaN,NaN,NaN,NaN,NaN,NaN,NaN,NaN,NaN,NaN,NaN,NaN,NaN,NaN,NaN,NaN,NaN,NaN,NaN,NaN,NaN,NaN,NaN,NaN,NaN,NaN
NaN,NaN,NaN,NaN,NaN,NaN,NaN,NaN,NaN,NaN,NaN,NaN,NaN,NaN,NaN,NaN,NaN,NaN,NaN,NaN,NaN,NaN,NaN,NaN,NaN,NaN,NaN,NaN,NaN,NaN,NaN,NaN,NaN,NaN,NaN,NaN,NaN,NaN,NaN,NaN,NaN,NaN,NaN,NaN,NaN,NaN,NaN,NaN,NaN,NaN,NaN,NaN,NaN,NaN,NaN,NaN,NaN,NaN,NaN,NaN,NaN,NaN,NaN,NaN,NaN,NaN,NaN,NaN,NaN,NaN,NaN,NaN,NaN,NaN,NaN,NaN,NaN,NaN,NaN,NaN,NaN,NaN,NaN,NaN,NaN,NaN,NaN,NaN,NaN,NaN,NaN,NaN,NaN,NaN,NaN,NaN,NaN,NaN,NaN,NaN,NaN,NaN,NaN,NaN,NaN,NaN,NaN,NaN,NaN,NaN,NaN,NaN,NaN,NaN,0.142119269911859,0.14207531543239,0.142027254017155,0.141957602503561,0.141906747763329,0.142254742873043,0.142418858432078,0.142588430247309,0.142718845632275,0.142785731200888,0.14281751362818,0.142792306579118,0.142731536357606,0.142654982537154,0.142524386732749,NaN,NaN,NaN,NaN,0.130938086730488,0.142916014306668,0.143135022307525,0.1431665784642,0.143196761014471,0.143139168380958,0.143041528772164,0.142896114151856,0.142772438689685,0.142588413458453,0.142345141407999,0.141998279621446,0.141708379636134,0.141527115892935,0.141369456400708,NaN,NaN,NaN,NaN,NaN,NaN,NaN,NaN,NaN,NaN,0.16958517360233,0.169611874996783,0.169289681199416,NaN,NaN,NaN,NaN,NaN,NaN,NaN,NaN,NaN,NaN,NaN,NaN,NaN,NaN,NaN,NaN,NaN,NaN,NaN,NaN,NaN,NaN,NaN,NaN,NaN,NaN,NaN,NaN,NaN,NaN,NaN,NaN,NaN,NaN,NaN,NaN,NaN,NaN,NaN,NaN,NaN,NaN,NaN,NaN,NaN,NaN,NaN,NaN,NaN,NaN,NaN,NaN,NaN,NaN,NaN,NaN,NaN,NaN,NaN,NaN,NaN,NaN,NaN,NaN,NaN,NaN,NaN,NaN,NaN,NaN,NaN,NaN,NaN,NaN,NaN,NaN,NaN,NaN,NaN,NaN,NaN,NaN,NaN,NaN
NaN,NaN,NaN,NaN,NaN,NaN,NaN,NaN,NaN,NaN,NaN,NaN,NaN,NaN,NaN,NaN,NaN,NaN,NaN,NaN,NaN,NaN,NaN,NaN,NaN,NaN,NaN,NaN,NaN,NaN,NaN,NaN,NaN,NaN,NaN,NaN,NaN,NaN,NaN,NaN,NaN,NaN,NaN,NaN,NaN,NaN,NaN,NaN,NaN,NaN,NaN,NaN,NaN,NaN,NaN,NaN,NaN,NaN,NaN,NaN,NaN,NaN,NaN,NaN,NaN,NaN,NaN,NaN,NaN,NaN,NaN,NaN,NaN,NaN,NaN,NaN,NaN,NaN,NaN,NaN,NaN,NaN,NaN,NaN,NaN,NaN,NaN,NaN,NaN,NaN,NaN,NaN,NaN,NaN,NaN,NaN,NaN,NaN,NaN,NaN,NaN,NaN,NaN,NaN,NaN,NaN,NaN,NaN,NaN,NaN,NaN,0.1405249013169,0.140633485904719,NaN,0.141821205520481,0.141883472351532,0.141907919553394,0.141879932639868,0.142000061874658,0.142482331096864,0.142638022005494,0.142674176904544,0.142729959292013,0.142812034471318,0.142858721134447,0.142821436483566,0.142668817931614,0.142519273796961,0.142478251121303,NaN,NaN,NaN,NaN,0.139984643183264,0.142875266173967,0.14308983634888,0.143098210443391,0.143116335242715,0.143099905246667,0.143054075091417,0.142982182101614,0.142856937235774,0.142640673758988,0.142303017214566,0.141803792560015,0.141477147274731,0.141236953084957,0.141203241884465,NaN,NaN,NaN,NaN,NaN,NaN,NaN,NaN,NaN,NaN,0.169211183000545,0.168737889397477,0.167883511540657,0.166688288311781,NaN,NaN,NaN,NaN,NaN,NaN,NaN,NaN,NaN,NaN,NaN,NaN,NaN,NaN,NaN,NaN,NaN,NaN,NaN,NaN,NaN,NaN,NaN,NaN,NaN,NaN,NaN,NaN,NaN,NaN,NaN,NaN,NaN,NaN,NaN,NaN,NaN,NaN,NaN,NaN,NaN,NaN,NaN,NaN,NaN,NaN,NaN,NaN,NaN,NaN,NaN,NaN,NaN,NaN,NaN,NaN,NaN,NaN,NaN,NaN,NaN,NaN,NaN,NaN,NaN,NaN,NaN,NaN,NaN,NaN,NaN,NaN,NaN,NaN,NaN,NaN,NaN,NaN,NaN,NaN,NaN,NaN,NaN
NaN,NaN,NaN,NaN,NaN,NaN,NaN,NaN,NaN,NaN,NaN,NaN,NaN,NaN,NaN,NaN,NaN,NaN,NaN,NaN,NaN,NaN,NaN,NaN,NaN,NaN,NaN,NaN,NaN,NaN,NaN,NaN,NaN,NaN,NaN,NaN,NaN,NaN,NaN,NaN,NaN,NaN,NaN,NaN,NaN,NaN,NaN,NaN,NaN,NaN,NaN,NaN,NaN,NaN,NaN,NaN,NaN,NaN,NaN,NaN,NaN,NaN,NaN,NaN,NaN,NaN,NaN,NaN,NaN,NaN,NaN,NaN,NaN,NaN,NaN,NaN,NaN,NaN,NaN,NaN,NaN,NaN,NaN,NaN,NaN,NaN,NaN,NaN,NaN,NaN,NaN,NaN,NaN,NaN,NaN,NaN,NaN,NaN,NaN,NaN,NaN,NaN,NaN,NaN,NaN,NaN,NaN,NaN,NaN,NaN,0.140206010573763,0.140468543910859,0.14075986576036,0.141228060953574,0.141516466312495,0.141658288280665,0.141815869980055,0.141838012148665,NaN,0.142819974871094,0.1428076755376,0.142783289389434,0.142741789601894,0.142758442901618,0.142824779329835,0.142848172493239,0.142726685350719,0.142634777119501,0.14255858402531,NaN,NaN,0.125960203383679,0.142197778998247,0.142842334832407,0.142846517625085,0.142864563094239,0.143065269199073,0.14308209910761,0.143096386684299,0.143090944298448,0.143055247785216,0.14287450920671,0.138702282622391,NaN,0.141217871473225,0.14109074344493,0.140945966101134,0.140836215747688,NaN,NaN,NaN,NaN,NaN,NaN,NaN,NaN,NaN,NaN,NaN,0.168347416146601,0.167074698693347,0.166586865361913,NaN,NaN,NaN,NaN,NaN,NaN,NaN,NaN,NaN,NaN,NaN,NaN,NaN,NaN,NaN,NaN,NaN,NaN,NaN,NaN,NaN,NaN,NaN,NaN,NaN,NaN,NaN,NaN,NaN,NaN,NaN,NaN,NaN,NaN,NaN,NaN,NaN,NaN,NaN,NaN,NaN,NaN,NaN,NaN,NaN,NaN,NaN,NaN,NaN,NaN,NaN,NaN,NaN,NaN,NaN,NaN,NaN,NaN,NaN,NaN,NaN,NaN,NaN,NaN,NaN,NaN,NaN,NaN,NaN,NaN,NaN,NaN,NaN,NaN,NaN,NaN,NaN,NaN,NaN,NaN,NaN,NaN,NaN
NaN,NaN,NaN,NaN,NaN,NaN,NaN,NaN,NaN,NaN,NaN,NaN,NaN,NaN,NaN,NaN,NaN,NaN,NaN,NaN,NaN,NaN,NaN,NaN,NaN,NaN,NaN,NaN,NaN,NaN,NaN,NaN,NaN,NaN,NaN,NaN,NaN,NaN,NaN,NaN,NaN,NaN,NaN,NaN,NaN,NaN,NaN,NaN,NaN,NaN,NaN,NaN,NaN,NaN,NaN,NaN,NaN,NaN,NaN,NaN,NaN,NaN,NaN,NaN,NaN,NaN,NaN,NaN,NaN,NaN,NaN,NaN,NaN,NaN,NaN,NaN,NaN,NaN,NaN,NaN,NaN,NaN,NaN,NaN,NaN,NaN,NaN,NaN,NaN,NaN,NaN,NaN,NaN,NaN,NaN,NaN,NaN,NaN,NaN,NaN,NaN,NaN,NaN,NaN,NaN,NaN,NaN,NaN,NaN,NaN,0.139972597914192,0.140316293350014,0.140766840393416,0.141184197176392,0.141451075774881,0.14159466459402,0.14174763071838,0.14181191045971,NaN,NaN,NaN,NaN,NaN,NaN,0.142858346728127,0.142950827942703,0.142825335558088,0.142756600487017,NaN,NaN,NaN,0.130013598251885,0.142784236441639,0.142850889231041,0.142846329436655,0.142851382891227,0.14288573990565,0.14309293931643,0.143117206485534,0.143130645881187,0.1430352600185,0.134084932011854,NaN,NaN,NaN,0.140339870608651,0.140300698648138,0.139822860434082,0.139329401442272,NaN,NaN,NaN,NaN,NaN,NaN,NaN,NaN,NaN,NaN,NaN,0.164172662221374,0.163923081634347,0.161064482886205,0.160183294703052,NaN,NaN,NaN,NaN,NaN,NaN,NaN,NaN,NaN,NaN,NaN,NaN,NaN,NaN,NaN,NaN,NaN,NaN,NaN,NaN,NaN,NaN,NaN,NaN,NaN,NaN,NaN,NaN,NaN,NaN,NaN,NaN,NaN,NaN,NaN,NaN,NaN,NaN,NaN,NaN,NaN,NaN,NaN,NaN,NaN,NaN,NaN,NaN,NaN,NaN,NaN,NaN,NaN,NaN,NaN,NaN,NaN,NaN,NaN,NaN,NaN,NaN,NaN,NaN,NaN,NaN,NaN,NaN,NaN,NaN,NaN,NaN,NaN,NaN,NaN,NaN,NaN,NaN,NaN,NaN,NaN
NaN,NaN,NaN,NaN,NaN,NaN,NaN,NaN,NaN,NaN,NaN,NaN,NaN,NaN,NaN,NaN,NaN,NaN,NaN,NaN,NaN,NaN,NaN,NaN,NaN,NaN,NaN,NaN,NaN,NaN,NaN,NaN,NaN,NaN,NaN,NaN,NaN,NaN,NaN,NaN,NaN,NaN,NaN,NaN,NaN,NaN,NaN,NaN,NaN,NaN,NaN,NaN,NaN,NaN,NaN,NaN,NaN,NaN,NaN,NaN,NaN,NaN,NaN,NaN,NaN,NaN,NaN,NaN,NaN,NaN,NaN,NaN,NaN,NaN,NaN,NaN,NaN,NaN,NaN,NaN,NaN,NaN,NaN,NaN,NaN,NaN,NaN,NaN,NaN,NaN,NaN,NaN,NaN,NaN,NaN,NaN,NaN,NaN,NaN,NaN,NaN,NaN,NaN,NaN,NaN,NaN,NaN,NaN,NaN,NaN,0.139535571343084,0.139829658822523,0.140436085871681,0.141049554923529,0.141524048117353,0.141634130847879,0.141583052982146,0.141821119229833,NaN,NaN,NaN,NaN,NaN,NaN,NaN,NaN,NaN,NaN,NaN,NaN,NaN,NaN,0.130020218219098,0.130956341173906,0.130900310476781,0.130958061295018,0.131362100176505,0.142478234783919,0.143147391894339,0.141709832410018,0.134167651201273,NaN,NaN,NaN,NaN,0.139388087250104,0.139549315673248,0.139256304640115,0.138849422423646,0.138021819798951,NaN,NaN,NaN,NaN,NaN,NaN,NaN,NaN,NaN,NaN,0.162912717161555,0.162116870697207,0.160499438510005,0.159950727410729,NaN,NaN,NaN,NaN,NaN,NaN,NaN,NaN,NaN,NaN,NaN,NaN,0.0899757451883367,0.0875577729027968,NaN,NaN,NaN,NaN,NaN,NaN,NaN,NaN,NaN,NaN,NaN,NaN,NaN,NaN,NaN,NaN,NaN,NaN,NaN,NaN,NaN,NaN,NaN,NaN,NaN,NaN,NaN,NaN,NaN,NaN,NaN,NaN,NaN,NaN,NaN,NaN,NaN,NaN,NaN,NaN,NaN,NaN,NaN,NaN,NaN,NaN,NaN,NaN,NaN,NaN,NaN,NaN,NaN,NaN,NaN,NaN,NaN,NaN,NaN,NaN,NaN,NaN,NaN,NaN,NaN,NaN,NaN
NaN,NaN,NaN,NaN,NaN,NaN,NaN,NaN,NaN,NaN,NaN,NaN,NaN,NaN,NaN,NaN,NaN,NaN,NaN,NaN,NaN,NaN,NaN,NaN,NaN,NaN,NaN,NaN,NaN,NaN,NaN,NaN,NaN,NaN,NaN,NaN,NaN,NaN,NaN,NaN,NaN,NaN,NaN,NaN,NaN,NaN,NaN,NaN,NaN,NaN,NaN,NaN,NaN,NaN,NaN,NaN,NaN,NaN,NaN,NaN,NaN,NaN,NaN,NaN,NaN,NaN,NaN,NaN,NaN,NaN,NaN,NaN,NaN,NaN,NaN,NaN,NaN,NaN,NaN,NaN,NaN,NaN,NaN,NaN,NaN,NaN,NaN,NaN,NaN,NaN,NaN,NaN,NaN,NaN,NaN,NaN,NaN,NaN,NaN,NaN,NaN,NaN,NaN,NaN,NaN,NaN,NaN,NaN,NaN,NaN,0.139149623781421,0.139234800994068,0.139676216710263,0.14021375360009,NaN,NaN,NaN,NaN,NaN,NaN,NaN,NaN,NaN,NaN,NaN,NaN,NaN,NaN,NaN,NaN,NaN,NaN,0.113000743962381,0.113577573922085,NaN,NaN,NaN,NaN,NaN,NaN,NaN,NaN,NaN,NaN,NaN,0.128573820456019,0.138674810299131,0.138712981666711,0.138251804102295,0.138002834499908,NaN,NaN,NaN,NaN,NaN,NaN,NaN,NaN,NaN,NaN,0.161900092462585,0.160725562650087,0.159428279921645,0.158446791984534,0.157460670311294,NaN,NaN,NaN,NaN,NaN,NaN,NaN,NaN,NaN,NaN,0.0988578356746139,0.0936020765897816,0.0899804520503486,NaN,NaN,NaN,NaN,NaN,NaN,NaN,NaN,NaN,NaN,NaN,NaN,NaN,NaN,NaN,NaN,NaN,NaN,NaN,NaN,NaN,NaN,NaN,NaN,NaN,NaN,NaN,NaN,NaN,NaN,NaN,NaN,NaN,NaN,NaN,NaN,NaN,NaN,NaN,NaN,NaN,NaN,NaN,NaN,NaN,NaN,NaN,NaN,NaN,NaN,NaN,NaN,NaN,NaN,NaN,NaN,NaN,NaN,NaN,NaN,NaN,NaN,NaN,NaN,NaN,NaN,NaN
NaN,NaN,NaN,NaN,NaN,NaN,NaN,NaN,NaN,NaN,NaN,NaN,NaN,NaN,NaN,NaN,NaN,NaN,NaN,NaN,NaN,NaN,NaN,NaN,NaN,NaN,NaN,NaN,NaN,NaN,NaN,NaN,NaN,NaN,NaN,NaN,NaN,NaN,NaN,NaN,NaN,NaN,NaN,NaN,NaN,NaN,NaN,NaN,NaN,NaN,NaN,NaN,NaN,NaN,NaN,NaN,NaN,NaN,NaN,NaN,NaN,NaN,NaN,NaN,NaN,NaN,NaN,NaN,NaN,NaN,NaN,NaN,NaN,NaN,NaN,NaN,NaN,NaN,NaN,NaN,NaN,NaN,NaN,NaN,NaN,NaN,NaN,NaN,NaN,NaN,NaN,NaN,NaN,NaN,NaN,NaN,NaN,NaN,NaN,NaN,NaN,NaN,NaN,NaN,NaN,NaN,NaN,NaN,NaN,0.138323389559908,0.138610093074468,0.138723753742858,0.138963474632528,0.138788276508777,NaN,NaN,NaN,NaN,NaN,NaN,NaN,NaN,NaN,NaN,NaN,NaN,NaN,NaN,NaN,NaN,NaN,NaN,NaN,NaN,NaN,NaN,NaN,NaN,NaN,NaN,NaN,NaN,NaN,NaN,NaN,NaN,0.133956722160297,0.137956107247253,0.137684094683194,0.137264672134132,0.136800757271184,NaN,NaN,NaN,NaN,NaN,NaN,NaN,NaN,NaN,NaN,0.159390776603399,0.15811346644781,0.157208386759399,0.156269623226169,0.155306626165654,0.154857119688319,0.154420992395325,0.152420036523186,NaN,NaN,NaN,NaN,0.132190944510832,0.116828395139836,0.106309103573487,0.0988842581805516,NaN,NaN,NaN,NaN,NaN,NaN,NaN,NaN,NaN,NaN,NaN,NaN,NaN,NaN,NaN,NaN,NaN,NaN,NaN,NaN,NaN,NaN,NaN,NaN,NaN,NaN,NaN,NaN,NaN,NaN,NaN,NaN,NaN,NaN,NaN,NaN,NaN,NaN,NaN,NaN,NaN,NaN,NaN,NaN,NaN,NaN,NaN,NaN,NaN,NaN,NaN,NaN,NaN,NaN,NaN,NaN,NaN,NaN,NaN,NaN,NaN,NaN,NaN,NaN,NaN,NaN,NaN,NaN
NaN,NaN,NaN,NaN,NaN,NaN,NaN,NaN,NaN,NaN,NaN,NaN,NaN,NaN,NaN,NaN,NaN,NaN,NaN,NaN,NaN,NaN,NaN,NaN,NaN,NaN,NaN,NaN,NaN,NaN,NaN,NaN,NaN,NaN,NaN,NaN,NaN,NaN,NaN,NaN,NaN,NaN,NaN,NaN,NaN,NaN,NaN,NaN,NaN,NaN,NaN,NaN,NaN,NaN,NaN,NaN,NaN,NaN,NaN,NaN,NaN,NaN,NaN,NaN,NaN,NaN,NaN,NaN,NaN,NaN,NaN,NaN,NaN,NaN,NaN,NaN,NaN,NaN,NaN,NaN,NaN,NaN,NaN,NaN,NaN,NaN,NaN,NaN,NaN,NaN,NaN,NaN,NaN,NaN,NaN,NaN,NaN,NaN,NaN,NaN,NaN,NaN,NaN,NaN,NaN,NaN,NaN,NaN,0.136377306955578,0.138076062655443,0.138172735283836,0.138260016799395,0.138362892779395,0.137307840962173,NaN,NaN,NaN,NaN,NaN,NaN,NaN,NaN,NaN,NaN,NaN,NaN,NaN,NaN,NaN,NaN,NaN,NaN,NaN,NaN,NaN,NaN,NaN,NaN,NaN,NaN,NaN,NaN,NaN,NaN,NaN,NaN,0.126801971716646,0.137165215593772,0.137002617547826,0.136623447905109,0.136504260625312,NaN,NaN,NaN,NaN,NaN,NaN,NaN,NaN,NaN,NaN,NaN,0.157046976155893,0.156303851764482,0.155649354595692,0.154979934426994,0.154574377667414,0.154061298417328,0.153405500285525,0.145421854605958,NaN,NaN,0.137231883439521,0.145718301408911,0.132176544708369,NaN,NaN,NaN,NaN,NaN,NaN,NaN,NaN,NaN,NaN,NaN,NaN,NaN,NaN,NaN,NaN,NaN,NaN,NaN,NaN,NaN,NaN,NaN,NaN,NaN,NaN,NaN,NaN,NaN,NaN,NaN,NaN,NaN,NaN,NaN,NaN,NaN,NaN,NaN,NaN,NaN,NaN,NaN,NaN,NaN,NaN,NaN,NaN,NaN,NaN,NaN,NaN,NaN,NaN,NaN,NaN,NaN,NaN,NaN,NaN,NaN,NaN,NaN,NaN,NaN,NaN,NaN,NaN,NaN,NaN
NaN,NaN,NaN,NaN,NaN,NaN,NaN,NaN,NaN,NaN,NaN,NaN,NaN,NaN,NaN,NaN,NaN,NaN,NaN,NaN,NaN,NaN,NaN,NaN,NaN,NaN,NaN,NaN,NaN,NaN,NaN,NaN,NaN,NaN,NaN,NaN,NaN,NaN,NaN,NaN,NaN,NaN,NaN,NaN,NaN,NaN,NaN,NaN,NaN,NaN,NaN,NaN,NaN,NaN,NaN,NaN,NaN,NaN,NaN,NaN,NaN,NaN,NaN,NaN,NaN,NaN,NaN,NaN,NaN,NaN,NaN,NaN,NaN,NaN,NaN,NaN,NaN,NaN,NaN,NaN,NaN,NaN,NaN,NaN,NaN,NaN,NaN,NaN,NaN,NaN,NaN,NaN,NaN,NaN,NaN,NaN,NaN,NaN,NaN,NaN,NaN,NaN,NaN,NaN,NaN,NaN,NaN,NaN,0.136222164569458,0.137762705078971,0.137785195580699,0.137802062165627,0.137819626294004,0.137709478322607,NaN,NaN,NaN,NaN,NaN,NaN,NaN,NaN,NaN,NaN,NaN,NaN,NaN,NaN,NaN,NaN,NaN,NaN,NaN,NaN,NaN,NaN,NaN,NaN,NaN,NaN,NaN,NaN,NaN,NaN,NaN,NaN,NaN,0.135632655458101,0.136323835242113,0.136097973703114,0.135828198235982,0.134409531278639,NaN,NaN,NaN,NaN,NaN,NaN,NaN,NaN,NaN,NaN,NaN,0.155695658214043,0.155089309231898,0.154530666384762,0.154010320120395,0.153309630697924,0.152432005463336,0.15094160472689,NaN,NaN,0.145936084782927,0.14592007346285,0.136703592334833,NaN,NaN,NaN,NaN,NaN,NaN,NaN,NaN,NaN,NaN,NaN,NaN,NaN,NaN,NaN,NaN,NaN,NaN,NaN,NaN,NaN,NaN,NaN,NaN,NaN,NaN,NaN,NaN,NaN,NaN,NaN,NaN,NaN,NaN,NaN,NaN,NaN,NaN,NaN,NaN,NaN,NaN,NaN,NaN,NaN,NaN,NaN,NaN,NaN,NaN,NaN,NaN,NaN,NaN,NaN,NaN,NaN,NaN,NaN,NaN,NaN,NaN,NaN,NaN,NaN,NaN,NaN,NaN,NaN,NaN
NaN,NaN,NaN,NaN,NaN,NaN,NaN,NaN,NaN,NaN,NaN,NaN,NaN,NaN,NaN,NaN,NaN,NaN,NaN,NaN,NaN,NaN,NaN,NaN,NaN,NaN,NaN,NaN,NaN,NaN,NaN,NaN,NaN,NaN,NaN,NaN,NaN,NaN,NaN,NaN,NaN,NaN,NaN,NaN,NaN,NaN,NaN,NaN,NaN,NaN,NaN,NaN,NaN,NaN,NaN,NaN,NaN,NaN,NaN,NaN,NaN,NaN,NaN,NaN,NaN,NaN,NaN,NaN,NaN,NaN,NaN,NaN,NaN,NaN,NaN,NaN,NaN,NaN,NaN,NaN,NaN,NaN,NaN,NaN,NaN,NaN,NaN,NaN,NaN,NaN,NaN,NaN,NaN,NaN,NaN,NaN,NaN,NaN,NaN,NaN,NaN,NaN,NaN,NaN,NaN,NaN,NaN,NaN,0.13261156692907,0.137358731126986,0.137336805373504,0.137329217351451,0.137301110611706,0.137123216041189,0.129296591484257,NaN,NaN,NaN,NaN,NaN,NaN,NaN,NaN,NaN,NaN,NaN,NaN,NaN,NaN,NaN,NaN,NaN,NaN,NaN,NaN,NaN,NaN,NaN,NaN,NaN,NaN,NaN,NaN,NaN,NaN,NaN,NaN,NaN,0.134819963776833,0.135523180857637,0.135144311370699,0.134920388879259,NaN,NaN,NaN,NaN,NaN,NaN,NaN,NaN,NaN,NaN,NaN,NaN,0.154508400973397,0.15386930665461,0.153144843152425,0.152342476045413,0.150913103825755,0.149272462483765,0.147319437601062,0.146472886713741,0.145955448315747,0.145893488889646,NaN,NaN,NaN,NaN,NaN,NaN,NaN,NaN,NaN,NaN,NaN,NaN,NaN,NaN,NaN,NaN,NaN,NaN,NaN,NaN,NaN,NaN,NaN,NaN,NaN,NaN,NaN,NaN,NaN,NaN,NaN,NaN,NaN,NaN,NaN,NaN,NaN,NaN,NaN,NaN,NaN,NaN,NaN,NaN,NaN,NaN,NaN,NaN,NaN,NaN,NaN,NaN,NaN,NaN,NaN,NaN,NaN,NaN,NaN,NaN,NaN,NaN,NaN,NaN,NaN,NaN,NaN,NaN,NaN,NaN,NaN
NaN,NaN,NaN,NaN,NaN,NaN,NaN,NaN,NaN,NaN,NaN,NaN,NaN,NaN,NaN,NaN,NaN,NaN,NaN,NaN,NaN,NaN,NaN,NaN,NaN,NaN,NaN,NaN,NaN,NaN,NaN,NaN,NaN,NaN,NaN,NaN,NaN,NaN,NaN,NaN,NaN,NaN,NaN,NaN,NaN,NaN,NaN,NaN,NaN,NaN,NaN,NaN,NaN,NaN,NaN,NaN,NaN,NaN,NaN,NaN,NaN,NaN,NaN,NaN,NaN,NaN,NaN,NaN,NaN,NaN,NaN,NaN,NaN,NaN,NaN,NaN,NaN,NaN,NaN,NaN,NaN,NaN,NaN,NaN,NaN,NaN,NaN,NaN,NaN,NaN,NaN,NaN,NaN,NaN,NaN,NaN,NaN,NaN,NaN,NaN,NaN,NaN,NaN,NaN,NaN,NaN,NaN,NaN,NaN,0.136821178032891,0.136820495302387,0.136820838567204,0.136747344720733,0.136610946228626,0.136516526132278,NaN,NaN,NaN,NaN,NaN,NaN,NaN,NaN,NaN,NaN,NaN,NaN,NaN,NaN,NaN,NaN,NaN,NaN,NaN,NaN,NaN,NaN,NaN,NaN,NaN,NaN,NaN,NaN,NaN,NaN,NaN,NaN,NaN,0.134809959062278,0.134800282673067,0.134530607524863,0.13421372811478,0.133257263753945,0.130799190673278,NaN,NaN,NaN,NaN,NaN,NaN,NaN,NaN,NaN,NaN,NaN,0.15310582278064,0.152304349188856,0.151074172939252,0.149515888259035,0.148004886985593,0.146873970146242,0.146316085613899,0.145902313296451,0.145783773686886,NaN,NaN,NaN,NaN,NaN,NaN,NaN,NaN,NaN,NaN,NaN,NaN,NaN,NaN,NaN,NaN,NaN,NaN,NaN,NaN,NaN,NaN,NaN,NaN,NaN,NaN,NaN,NaN,NaN,NaN,NaN,NaN,NaN,NaN,NaN,NaN,NaN,NaN,NaN,NaN,NaN,NaN,NaN,NaN,NaN,NaN,NaN,NaN,NaN,NaN,NaN,NaN,NaN,NaN,NaN,NaN,NaN,NaN,NaN,NaN,NaN,NaN,NaN,NaN,NaN,NaN,NaN,NaN,NaN,NaN,NaN
NaN,NaN,NaN,NaN,NaN,NaN,NaN,NaN,NaN,NaN,NaN,NaN,NaN,NaN,NaN,NaN,NaN,NaN,NaN,NaN,NaN,NaN,NaN,NaN,NaN,NaN,NaN,NaN,NaN,NaN,NaN,NaN,NaN,NaN,NaN,NaN,NaN,NaN,NaN,NaN,NaN,NaN,NaN,NaN,NaN,NaN,NaN,NaN,NaN,NaN,NaN,NaN,NaN,NaN,NaN,NaN,NaN,NaN,NaN,NaN,NaN,NaN,NaN,NaN,NaN,NaN,NaN,NaN,NaN,NaN,NaN,NaN,NaN,NaN,NaN,NaN,NaN,NaN,NaN,NaN,NaN,NaN,NaN,NaN,NaN,NaN,NaN,NaN,NaN,NaN,NaN,NaN,NaN,NaN,NaN,NaN,NaN,NaN,NaN,NaN,NaN,NaN,NaN,NaN,NaN,NaN,NaN,NaN,NaN,0.136507598147873,0.136437349726976,0.136312731937267,0.136209087578283,0.136125383459009,0.129268238751946,NaN,NaN,NaN,NaN,NaN,NaN,NaN,NaN,NaN,NaN,NaN,NaN,NaN,NaN,NaN,NaN,NaN,NaN,NaN,NaN,NaN,NaN,NaN,NaN,NaN,NaN,NaN,NaN,NaN,NaN,NaN,NaN,NaN,0.124373415203762,0.133774792350456,0.134104848734668,0.133771809261066,0.133240064363741,0.132788295953559,0.130667857303432,NaN,NaN,NaN,NaN,NaN,NaN,NaN,NaN,NaN,NaN,NaN,0.15134064035032,0.15038141808181,0.148133923254233,0.146913521091615,0.146397062175615,0.145982080685259,0.145618958949658,0.145234009182908,0.14446516151778,0.144119016927376,NaN,NaN,NaN,NaN,NaN,NaN,NaN,NaN,NaN,NaN,NaN,NaN,NaN,NaN,NaN,NaN,NaN,NaN,NaN,NaN,NaN,NaN,NaN,NaN,NaN,NaN,NaN,NaN,NaN,NaN,NaN,NaN,NaN,NaN,NaN,NaN,NaN,NaN,NaN,NaN,NaN,NaN,NaN,NaN,NaN,NaN,NaN,NaN,NaN,NaN,NaN,NaN,NaN,NaN,NaN,NaN,NaN,NaN,NaN,NaN,NaN,NaN,NaN,NaN,NaN,NaN,NaN,NaN,NaN
NaN,NaN,NaN,NaN,NaN,NaN,NaN,NaN,NaN,NaN,NaN,NaN,NaN,NaN,NaN,NaN,NaN,NaN,NaN,NaN,NaN,NaN,NaN,NaN,NaN,NaN,NaN,NaN,NaN,NaN,NaN,NaN,NaN,NaN,NaN,NaN,NaN,NaN,NaN,NaN,NaN,NaN,NaN,NaN,NaN,NaN,NaN,NaN,NaN,NaN,NaN,NaN,NaN,NaN,NaN,NaN,NaN,NaN,NaN,NaN,NaN,NaN,NaN,NaN,NaN,NaN,NaN,NaN,NaN,NaN,NaN,NaN,NaN,NaN,NaN,NaN,NaN,NaN,NaN,NaN,NaN,NaN,NaN,NaN,NaN,NaN,NaN,NaN,NaN,NaN,NaN,NaN,NaN,NaN,NaN,NaN,NaN,NaN,NaN,NaN,NaN,NaN,NaN,NaN,NaN,NaN,NaN,NaN,NaN,0.135613155362764,0.136019111755034,0.135845568549048,0.135769525053431,0.135790915567661,0.132671642293683,NaN,NaN,NaN,NaN,NaN,NaN,NaN,NaN,NaN,NaN,NaN,NaN,NaN,NaN,NaN,NaN,NaN,NaN,NaN,NaN,NaN,NaN,NaN,NaN,NaN,NaN,NaN,NaN,NaN,NaN,NaN,NaN,NaN,0.108865527655795,0.119803567087313,0.133234018662858,0.133387722225655,0.132985452704205,0.132705519949179,0.1325260941672,NaN,NaN,NaN,NaN,NaN,NaN,NaN,NaN,NaN,NaN,NaN,NaN,NaN,0.146775031115944,0.146270487275126,0.145923143426132,0.145642554937984,0.145330053171956,0.144888348017441,0.144231235649965,0.14365175274016,0.143148851681525,0.143055945948158,NaN,NaN,NaN,NaN,NaN,NaN,NaN,NaN,NaN,NaN,NaN,NaN,NaN,NaN,NaN,NaN,NaN,NaN,NaN,NaN,NaN,NaN,NaN,NaN,NaN,NaN,NaN,NaN,NaN,NaN,NaN,NaN,NaN,NaN,NaN,NaN,NaN,NaN,NaN,NaN,NaN,NaN,NaN,NaN,NaN,NaN,NaN,NaN,NaN,NaN,NaN,NaN,NaN,NaN,NaN,NaN,NaN,NaN,NaN,NaN,NaN,NaN,NaN,NaN,NaN,NaN,NaN
NaN,NaN,NaN,NaN,NaN,NaN,NaN,NaN,NaN,NaN,NaN,NaN,NaN,NaN,NaN,NaN,NaN,NaN,NaN,NaN,NaN,NaN,NaN,NaN,NaN,NaN,NaN,NaN,NaN,NaN,NaN,NaN,NaN,NaN,NaN,NaN,NaN,NaN,NaN,NaN,NaN,NaN,NaN,NaN,NaN,NaN,NaN,NaN,NaN,NaN,NaN,NaN,NaN,NaN,NaN,NaN,NaN,NaN,NaN,NaN,NaN,NaN,NaN,NaN,NaN,NaN,NaN,NaN,NaN,NaN,NaN,NaN,NaN,NaN,NaN,NaN,NaN,NaN,NaN,NaN,NaN,NaN,NaN,NaN,NaN,NaN,NaN,NaN,NaN,NaN,NaN,NaN,NaN,NaN,NaN,NaN,NaN,NaN,NaN,NaN,NaN,NaN,NaN,NaN,NaN,NaN,NaN,NaN,NaN,NaN,0.135324754377912,0.135422827038934,0.135578846923728,0.135720382287535,0.135399210217455,NaN,NaN,NaN,NaN,NaN,NaN,NaN,NaN,NaN,NaN,NaN,NaN,NaN,NaN,NaN,NaN,NaN,NaN,NaN,NaN,NaN,NaN,NaN,NaN,NaN,NaN,NaN,NaN,NaN,NaN,NaN,NaN,NaN,0.100302103671909,0.110398864959856,0.126072373353543,0.133152043538754,0.132682264390261,0.132526565747641,0.13252092692941,NaN,NaN,NaN,NaN,NaN,NaN,NaN,NaN,NaN,NaN,NaN,NaN,NaN,NaN,0.145862549770099,0.145687754646747,0.145367979670934,0.145018699008624,0.144579839206525,0.144016271438416,0.143364709821278,0.142913090008176,0.142617127429745,0.142037819152012,0.13865871170431,NaN,NaN,NaN,NaN,NaN,NaN,NaN,NaN,NaN,NaN,NaN,NaN,NaN,NaN,NaN,NaN,NaN,NaN,NaN,NaN,NaN,NaN,NaN,NaN,NaN,NaN,NaN,NaN,NaN,NaN,NaN,NaN,NaN,NaN,NaN,NaN,NaN,NaN,NaN,NaN,NaN,NaN,NaN,NaN,NaN,NaN,NaN,NaN,NaN,NaN,NaN,NaN,NaN,NaN,NaN,NaN,NaN,NaN,NaN,NaN,NaN,NaN,NaN,NaN,NaN
NaN,NaN,NaN,NaN,NaN,NaN,NaN,NaN,NaN,NaN,NaN,NaN,NaN,NaN,NaN,NaN,NaN,NaN,NaN,NaN,NaN,NaN,NaN,NaN,NaN,NaN,NaN,NaN,NaN,NaN,NaN,NaN,NaN,NaN,NaN,NaN,NaN,NaN,NaN,NaN,NaN,NaN,NaN,NaN,NaN,NaN,NaN,NaN,NaN,NaN,NaN,NaN,NaN,NaN,NaN,NaN,NaN,NaN,NaN,NaN,NaN,NaN,NaN,NaN,NaN,NaN,NaN,NaN,NaN,NaN,NaN,NaN,NaN,NaN,NaN,NaN,NaN,NaN,NaN,NaN,NaN,NaN,NaN,NaN,NaN,NaN,NaN,NaN,NaN,NaN,NaN,NaN,NaN,NaN,NaN,NaN,NaN,NaN,NaN,NaN,NaN,NaN,NaN,NaN,NaN,NaN,NaN,NaN,NaN,NaN,0.134646684145857,0.134816335837179,0.135427991766222,NaN,NaN,NaN,NaN,NaN,NaN,NaN,NaN,NaN,NaN,NaN,NaN,NaN,NaN,NaN,NaN,NaN,NaN,NaN,NaN,NaN,NaN,NaN,NaN,NaN,NaN,NaN,NaN,NaN,NaN,NaN,NaN,NaN,NaN,NaN,0.0930491016137962,0.100276330392456,0.110378969874643,NaN,0.132178471318619,0.132318682534011,0.132323176087575,NaN,NaN,NaN,NaN,NaN,NaN,NaN,NaN,NaN,NaN,NaN,NaN,NaN,NaN,0.14576126588257,0.145607744892472,0.145262066475624,0.144915464849049,0.144444888480265,0.143742707834946,0.143054256278623,0.142571304762925,0.14216253608759,0.141617422011266,0.141186159102865,NaN,NaN,NaN,NaN,NaN,NaN,NaN,NaN,NaN,NaN,NaN,NaN,NaN,NaN,NaN,NaN,NaN,NaN,NaN,NaN,NaN,NaN,NaN,NaN,NaN,NaN,NaN,NaN,NaN,NaN,NaN,NaN,NaN,NaN,NaN,NaN,NaN,NaN,NaN,NaN,NaN,NaN,NaN,NaN,NaN,NaN,NaN,NaN,NaN,NaN,NaN,NaN,NaN,NaN,NaN,NaN,NaN,NaN,NaN,NaN,NaN,NaN,NaN,NaN,NaN
NaN,NaN,NaN,NaN,NaN,NaN,NaN,NaN,NaN,NaN,NaN,NaN,NaN,NaN,NaN,NaN,NaN,NaN,NaN,NaN,NaN,NaN,NaN,NaN,NaN,NaN,NaN,NaN,NaN,NaN,NaN,NaN,NaN,NaN,NaN,NaN,NaN,NaN,NaN,NaN,NaN,NaN,NaN,NaN,NaN,NaN,NaN,NaN,NaN,NaN,NaN,NaN,NaN,NaN,NaN,NaN,NaN,NaN,NaN,NaN,NaN,NaN,NaN,NaN,NaN,NaN,NaN,NaN,NaN,NaN,NaN,NaN,NaN,NaN,NaN,NaN,NaN,NaN,NaN,NaN,NaN,NaN,NaN,NaN,NaN,NaN,NaN,NaN,NaN,NaN,NaN,NaN,NaN,NaN,NaN,NaN,NaN,NaN,NaN,NaN,NaN,NaN,NaN,NaN,NaN,NaN,NaN,NaN,NaN,NaN,0.133628803297579,0.13367140817124,NaN,NaN,NaN,NaN,NaN,NaN,NaN,NaN,NaN,NaN,NaN,NaN,NaN,NaN,NaN,NaN,NaN,NaN,NaN,NaN,NaN,NaN,NaN,NaN,NaN,NaN,NaN,NaN,NaN,NaN,NaN,NaN,NaN,NaN,NaN,NaN,NaN,NaN,NaN,NaN,0.132067823813464,0.132121259287129,0.132028238976215,0.131950826626933,NaN,NaN,NaN,NaN,NaN,NaN,NaN,NaN,NaN,NaN,NaN,NaN,NaN,NaN,NaN,0.145042606505214,0.144735753181406,0.144230308272568,0.143472758712846,0.142744564498268,0.142138656323163,0.141520779731945,0.140717683838344,0.140113335589806,0.139499711656891,NaN,NaN,NaN,NaN,NaN,NaN,NaN,NaN,NaN,NaN,NaN,NaN,NaN,NaN,NaN,NaN,NaN,NaN,NaN,NaN,NaN,NaN,NaN,NaN,NaN,NaN,NaN,NaN,NaN,NaN,NaN,NaN,NaN,NaN,NaN,NaN,NaN,NaN,NaN,NaN,NaN,NaN,NaN,NaN,NaN,NaN,NaN,NaN,NaN,NaN,NaN,NaN,NaN,NaN,NaN,NaN,NaN,NaN,NaN,NaN,NaN,NaN,NaN,NaN
NaN,NaN,NaN,NaN,NaN,NaN,NaN,NaN,NaN,NaN,NaN,NaN,NaN,NaN,NaN,NaN,NaN,NaN,NaN,NaN,NaN,NaN,NaN,NaN,NaN,NaN,NaN,NaN,NaN,NaN,NaN,NaN,NaN,NaN,NaN,NaN,NaN,NaN,NaN,NaN,NaN,NaN,NaN,NaN,NaN,NaN,NaN,NaN,NaN,NaN,NaN,NaN,NaN,NaN,NaN,NaN,NaN,NaN,NaN,NaN,NaN,NaN,NaN,NaN,NaN,NaN,NaN,NaN,NaN,NaN,NaN,NaN,NaN,NaN,NaN,NaN,NaN,NaN,NaN,NaN,NaN,NaN,NaN,NaN,NaN,NaN,NaN,NaN,NaN,NaN,NaN,NaN,NaN,NaN,NaN,NaN,NaN,NaN,NaN,NaN,NaN,NaN,NaN,NaN,NaN,NaN,NaN,NaN,NaN,NaN,0.13237977063155,0.13229153365306,0.131779000487507,NaN,NaN,NaN,NaN,NaN,NaN,NaN,NaN,NaN,NaN,NaN,NaN,NaN,NaN,NaN,NaN,NaN,NaN,NaN,NaN,NaN,NaN,NaN,NaN,NaN,NaN,NaN,NaN,NaN,NaN,NaN,NaN,NaN,NaN,NaN,NaN,NaN,NaN,NaN,0.125936187376144,0.131887890416167,0.131814971371237,0.13160796774654,NaN,NaN,NaN,NaN,NaN,NaN,NaN,NaN,NaN,NaN,NaN,NaN,NaN,NaN,NaN,NaN,0.144026549248835,0.143784135456648,0.142916891406562,0.142169894383923,0.141450932894049,0.140588198863409,0.139847432458027,0.1393583307764,0.139031740961408,0.138751992547648,NaN,NaN,NaN,NaN,NaN,NaN,NaN,NaN,NaN,NaN,NaN,NaN,NaN,NaN,NaN,NaN,NaN,NaN,NaN,NaN,NaN,NaN,NaN,NaN,NaN,NaN,NaN,NaN,NaN,NaN,NaN,NaN,NaN,NaN,NaN,NaN,NaN,NaN,NaN,NaN,NaN,NaN,NaN,NaN,NaN,NaN,NaN,NaN,NaN,NaN,NaN,NaN,NaN,NaN,NaN,NaN,NaN,NaN,NaN,NaN,NaN,NaN,NaN
NaN,NaN,NaN,NaN,NaN,NaN,NaN,NaN,NaN,NaN,NaN,NaN,NaN,NaN,NaN,NaN,NaN,NaN,NaN,NaN,NaN,NaN,NaN,NaN,NaN,NaN,NaN,NaN,NaN,NaN,NaN,NaN,NaN,NaN,NaN,NaN,NaN,NaN,NaN,NaN,NaN,NaN,NaN,NaN,NaN,NaN,NaN,NaN,NaN,NaN,NaN,NaN,NaN,NaN,NaN,NaN,NaN,NaN,NaN,NaN,NaN,NaN,NaN,NaN,NaN,NaN,NaN,NaN,NaN,NaN,NaN,NaN,NaN,NaN,NaN,NaN,NaN,NaN,NaN,NaN,NaN,NaN,NaN,NaN,NaN,NaN,NaN,NaN,NaN,NaN,NaN,NaN,NaN,NaN,NaN,NaN,NaN,NaN,NaN,NaN,NaN,NaN,NaN,NaN,NaN,NaN,NaN,NaN,NaN,NaN,0.131566360851974,0.131519946252432,0.131434698936781,NaN,NaN,NaN,NaN,NaN,NaN,NaN,NaN,NaN,NaN,NaN,NaN,NaN,NaN,NaN,NaN,NaN,NaN,NaN,NaN,NaN,NaN,NaN,NaN,NaN,NaN,NaN,NaN,NaN,NaN,NaN,NaN,NaN,NaN,NaN,NaN,NaN,NaN,NaN,NaN,0.131514369004158,0.131212548826916,0.130420249812723,NaN,NaN,NaN,NaN,NaN,NaN,NaN,NaN,NaN,NaN,NaN,NaN,NaN,NaN,NaN,NaN,NaN,NaN,0.142142673063486,0.141585513456796,0.140638176137584,0.139816004727757,0.13923563228586,0.138741721265467,0.13846561860547,0.138347226064057,NaN,NaN,NaN,NaN,NaN,NaN,NaN,NaN,NaN,NaN,NaN,NaN,NaN,NaN,NaN,NaN,NaN,NaN,NaN,NaN,NaN,NaN,NaN,NaN,NaN,NaN,NaN,NaN,NaN,NaN,NaN,NaN,NaN,NaN,NaN,NaN,NaN,NaN,NaN,NaN,NaN,NaN,NaN,NaN,NaN,NaN,NaN,NaN,NaN,NaN,NaN,NaN,NaN,NaN,NaN,NaN,NaN,NaN,NaN,NaN,NaN,NaN,NaN
NaN,NaN,NaN,NaN,NaN,NaN,NaN,NaN,NaN,NaN,NaN,NaN,NaN,NaN,NaN,NaN,NaN,NaN,NaN,NaN,NaN,NaN,NaN,NaN,NaN,NaN,NaN,NaN,NaN,NaN,NaN,NaN,NaN,NaN,NaN,NaN,NaN,NaN,NaN,NaN,NaN,NaN,NaN,NaN,NaN,NaN,NaN,NaN,NaN,NaN,NaN,NaN,NaN,NaN,NaN,NaN,NaN,NaN,NaN,NaN,NaN,NaN,NaN,NaN,NaN,NaN,NaN,NaN,NaN,NaN,NaN,NaN,NaN,NaN,NaN,NaN,NaN,NaN,NaN,NaN,NaN,NaN,NaN,NaN,NaN,NaN,NaN,NaN,NaN,NaN,NaN,NaN,NaN,NaN,NaN,NaN,NaN,NaN,NaN,NaN,NaN,NaN,NaN,NaN,NaN,NaN,NaN,NaN,NaN,NaN,0.131007090919871,0.131006651906397,0.131030120472029,NaN,NaN,NaN,NaN,NaN,NaN,NaN,NaN,NaN,NaN,NaN,NaN,NaN,NaN,NaN,NaN,NaN,NaN,NaN,NaN,NaN,NaN,NaN,NaN,NaN,NaN,NaN,NaN,NaN,NaN,NaN,NaN,NaN,NaN,NaN,NaN,NaN,NaN,NaN,NaN,NaN,0.129902393901983,0.129705776383984,0.129495178881131,NaN,NaN,NaN,NaN,NaN,NaN,NaN,NaN,NaN,NaN,NaN,NaN,NaN,NaN,NaN,NaN,NaN,NaN,0.132777657244028,0.139839702279896,0.13913884273261,0.138462890187573,0.137972360113421,0.137546235978086,0.137433710211997,NaN,NaN,NaN,NaN,NaN,NaN,NaN,NaN,NaN,NaN,NaN,NaN,NaN,NaN,NaN,NaN,NaN,NaN,NaN,NaN,NaN,NaN,NaN,NaN,NaN,NaN,NaN,NaN,NaN,NaN,NaN,NaN,NaN,NaN,NaN,NaN,NaN,NaN,NaN,NaN,NaN,NaN,NaN,NaN,NaN,NaN,NaN,NaN,NaN,NaN,NaN,NaN,NaN,NaN,NaN,NaN,NaN,NaN,NaN,NaN,NaN,NaN,NaN
NaN,NaN,NaN,NaN,NaN,NaN,NaN,NaN,NaN,NaN,NaN,NaN,NaN,NaN,NaN,NaN,NaN,NaN,NaN,NaN,NaN,NaN,NaN,NaN,NaN,NaN,NaN,NaN,NaN,NaN,NaN,NaN,NaN,NaN,NaN,NaN,NaN,NaN,NaN,NaN,NaN,NaN,NaN,NaN,NaN,NaN,NaN,NaN,NaN,NaN,NaN,NaN,NaN,NaN,NaN,NaN,NaN,NaN,NaN,NaN,NaN,NaN,NaN,NaN,NaN,NaN,NaN,NaN,NaN,NaN,NaN,NaN,NaN,NaN,NaN,NaN,NaN,NaN,NaN,NaN,NaN,NaN,NaN,NaN,NaN,NaN,NaN,NaN,NaN,NaN,NaN,NaN,NaN,NaN,NaN,NaN,NaN,NaN,NaN,NaN,NaN,NaN,NaN,NaN,0.105462684186231,0.115426680894734,NaN,NaN,0.127054691535285,0.124711717218512,0.129821204439081,0.1302633959521,0.130219524950146,NaN,NaN,NaN,NaN,NaN,NaN,NaN,NaN,NaN,NaN,NaN,NaN,NaN,NaN,NaN,NaN,NaN,NaN,NaN,NaN,NaN,NaN,NaN,NaN,NaN,NaN,NaN,NaN,NaN,NaN,NaN,NaN,NaN,NaN,NaN,NaN,NaN,NaN,NaN,NaN,0.127952920470567,0.129421978784516,0.129543202349647,0.129614550851443,NaN,NaN,NaN,NaN,NaN,NaN,NaN,NaN,NaN,NaN,NaN,NaN,NaN,NaN,NaN,NaN,NaN,NaN,NaN,0.131959514644229,0.138487172864647,0.137557916489358,0.136938895697247,0.136259808850775,0.135501795116506,0.134145040689629,0.133629128621127,NaN,NaN,NaN,NaN,NaN,NaN,NaN,NaN,NaN,NaN,NaN,NaN,NaN,NaN,NaN,NaN,NaN,NaN,NaN,NaN,NaN,NaN,NaN,NaN,NaN,NaN,NaN,NaN,NaN,NaN,NaN,NaN,NaN,NaN,NaN,NaN,NaN,NaN,NaN,NaN,NaN,NaN,NaN,NaN,NaN,NaN,NaN,NaN,NaN,NaN,NaN,NaN,NaN,NaN,NaN,NaN,NaN,NaN,NaN,NaN,NaN
NaN,NaN,NaN,NaN,NaN,NaN,NaN,NaN,NaN,NaN,NaN,NaN,NaN,NaN,NaN,NaN,NaN,NaN,NaN,NaN,NaN,NaN,NaN,NaN,NaN,NaN,NaN,NaN,NaN,NaN,NaN,NaN,NaN,NaN,NaN,NaN,NaN,NaN,NaN,NaN,NaN,NaN,NaN,NaN,NaN,NaN,NaN,NaN,NaN,NaN,NaN,NaN,NaN,NaN,NaN,NaN,NaN,NaN,NaN,NaN,NaN,NaN,NaN,NaN,NaN,NaN,NaN,NaN,NaN,NaN,NaN,NaN,NaN,NaN,NaN,NaN,NaN,NaN,NaN,NaN,NaN,NaN,NaN,NaN,NaN,NaN,NaN,NaN,NaN,NaN,NaN,NaN,NaN,NaN,NaN,NaN,NaN,NaN,NaN,NaN,NaN,NaN,NaN,NaN,0.1186405578339,0.121937339649895,NaN,0.125929851626024,0.126802636708454,0.127437347489843,0.128377646382615,0.129088678598233,0.128535333891768,NaN,NaN,NaN,NaN,NaN,NaN,NaN,NaN,NaN,NaN,NaN,NaN,NaN,NaN,NaN,NaN,NaN,NaN,NaN,NaN,NaN,NaN,NaN,NaN,NaN,NaN,NaN,NaN,NaN,NaN,NaN,NaN,NaN,NaN,NaN,NaN,NaN,NaN,NaN,NaN,0.129263605069902,0.129302532843267,0.129466952482856,0.127538008631697,NaN,NaN,NaN,NaN,NaN,NaN,NaN,NaN,NaN,NaN,NaN,NaN,NaN,NaN,NaN,NaN,NaN,NaN,NaN,NaN,NaN,0.136647270467973,0.135938519580464,0.13526876440496,0.134339499634245,0.133722436836284,0.133427290994479,NaN,NaN,NaN,NaN,NaN,NaN,NaN,NaN,NaN,NaN,NaN,NaN,NaN,NaN,NaN,NaN,NaN,NaN,NaN,NaN,NaN,NaN,NaN,NaN,NaN,NaN,NaN,NaN,NaN,NaN,NaN,NaN,NaN,NaN,NaN,NaN,NaN,NaN,NaN,NaN,NaN,NaN,NaN,NaN,NaN,NaN,NaN,NaN,NaN,NaN,NaN,NaN,NaN,NaN,NaN,NaN,NaN,NaN,NaN,NaN,NaN
NaN,NaN,NaN,NaN,NaN,NaN,NaN,NaN,NaN,NaN,NaN,NaN,NaN,NaN,NaN,NaN,NaN,NaN,NaN,NaN,NaN,NaN,NaN,NaN,NaN,NaN,NaN,NaN,NaN,NaN,NaN,NaN,NaN,NaN,NaN,NaN,NaN,NaN,NaN,NaN,NaN,NaN,NaN,NaN,NaN,NaN,NaN,NaN,NaN,NaN,NaN,NaN,NaN,NaN,NaN,NaN,NaN,NaN,NaN,NaN,NaN,NaN,NaN,NaN,NaN,NaN,NaN,NaN,NaN,NaN,NaN,NaN,NaN,NaN,NaN,NaN,NaN,NaN,NaN,NaN,NaN,NaN,NaN,NaN,NaN,NaN,NaN,NaN,NaN,NaN,NaN,NaN,NaN,NaN,NaN,NaN,NaN,NaN,NaN,NaN,NaN,NaN,NaN,NaN,0.121685931813047,0.122042089913006,0.123412928017805,0.125454869730264,0.126459032113874,0.127216105553043,0.12777993194824,0.128349317406211,0.128505703759826,NaN,NaN,NaN,NaN,NaN,NaN,NaN,NaN,NaN,NaN,NaN,NaN,NaN,NaN,NaN,NaN,NaN,NaN,NaN,NaN,NaN,NaN,NaN,NaN,NaN,NaN,NaN,NaN,NaN,NaN,NaN,NaN,NaN,NaN,NaN,NaN,NaN,NaN,NaN,NaN,0.127118517910334,0.129080259463166,0.127160923156168,NaN,NaN,NaN,NaN,NaN,NaN,NaN,NaN,NaN,NaN,NaN,NaN,NaN,NaN,NaN,NaN,NaN,NaN,NaN,NaN,NaN,NaN,NaN,0.13518255290161,0.134400380041258,0.133537912829901,0.132895359399968,0.13248671614986,NaN,NaN,NaN,NaN,NaN,NaN,NaN,NaN,NaN,NaN,NaN,NaN,NaN,NaN,NaN,NaN,NaN,NaN,NaN,NaN,NaN,NaN,NaN,NaN,NaN,NaN,NaN,NaN,NaN,NaN,NaN,NaN,NaN,NaN,NaN,NaN,NaN,NaN,NaN,NaN,NaN,NaN,NaN,NaN,NaN,NaN,NaN,NaN,NaN,NaN,NaN,NaN,NaN,NaN,NaN,NaN,NaN,NaN,NaN,NaN,NaN
NaN,NaN,NaN,NaN,NaN,NaN,NaN,NaN,NaN,NaN,NaN,NaN,NaN,NaN,NaN,NaN,NaN,NaN,NaN,NaN,NaN,NaN,NaN,NaN,NaN,NaN,NaN,NaN,NaN,NaN,NaN,NaN,NaN,NaN,NaN,NaN,NaN,NaN,NaN,NaN,NaN,NaN,NaN,NaN,NaN,NaN,NaN,NaN,NaN,NaN,NaN,NaN,NaN,NaN,NaN,NaN,NaN,NaN,NaN,NaN,NaN,NaN,NaN,NaN,NaN,NaN,NaN,NaN,NaN,NaN,NaN,NaN,NaN,NaN,NaN,NaN,NaN,NaN,NaN,NaN,NaN,NaN,NaN,NaN,NaN,NaN,NaN,NaN,NaN,NaN,NaN,NaN,NaN,NaN,NaN,NaN,NaN,NaN,NaN,NaN,NaN,NaN,NaN,0.117909525653862,0.121042811289122,0.121916176913885,0.123327943146382,0.124813839020296,0.126473711410808,0.127096549181819,0.127475388181519,0.124831990214724,0.127995117867501,NaN,NaN,NaN,NaN,NaN,NaN,NaN,NaN,NaN,NaN,NaN,NaN,NaN,NaN,NaN,NaN,NaN,NaN,NaN,NaN,NaN,NaN,NaN,NaN,NaN,NaN,NaN,NaN,NaN,NaN,NaN,NaN,NaN,NaN,NaN,NaN,NaN,NaN,NaN,NaN,0.126249675743043,0.128522788056086,0.128164724498356,NaN,NaN,NaN,NaN,NaN,NaN,NaN,NaN,NaN,NaN,NaN,NaN,NaN,NaN,NaN,NaN,NaN,NaN,NaN,NaN,NaN,NaN,NaN,NaN,0.13360956390336,0.132457353708695,0.131471417253501,0.130765588173024,NaN,NaN,NaN,NaN,NaN,NaN,NaN,NaN,NaN,NaN,NaN,NaN,NaN,NaN,NaN,NaN,NaN,NaN,NaN,NaN,NaN,NaN,NaN,NaN,NaN,NaN,NaN,NaN,NaN,NaN,NaN,NaN,NaN,NaN,NaN,NaN,NaN,NaN,NaN,NaN,NaN,NaN,NaN,NaN,NaN,NaN,NaN,NaN,NaN,NaN,NaN,NaN,NaN,NaN,NaN,NaN,NaN,NaN,NaN,NaN,NaN
NaN,NaN,NaN,NaN,NaN,NaN,NaN,NaN,NaN,NaN,NaN,NaN,NaN,NaN,NaN,NaN,NaN,NaN,NaN,NaN,NaN,NaN,NaN,NaN,NaN,NaN,NaN,NaN,NaN,NaN,NaN,NaN,NaN,NaN,NaN,NaN,NaN,NaN,NaN,NaN,NaN,NaN,NaN,NaN,NaN,NaN,NaN,NaN,NaN,NaN,NaN,NaN,NaN,NaN,NaN,NaN,NaN,NaN,NaN,NaN,NaN,NaN,NaN,NaN,NaN,NaN,NaN,NaN,NaN,NaN,NaN,NaN,NaN,NaN,NaN,NaN,NaN,NaN,NaN,NaN,NaN,NaN,NaN,NaN,NaN,NaN,NaN,NaN,NaN,NaN,NaN,NaN,NaN,NaN,NaN,NaN,NaN,NaN,NaN,NaN,NaN,NaN,NaN,0.119222721067809,0.119636513521429,0.120004105256371,NaN,NaN,NaN,0.127032234580575,0.1268055100744,NaN,NaN,NaN,NaN,NaN,NaN,NaN,NaN,NaN,NaN,NaN,NaN,NaN,NaN,NaN,NaN,NaN,NaN,NaN,NaN,NaN,NaN,NaN,NaN,NaN,NaN,NaN,NaN,NaN,NaN,NaN,NaN,NaN,NaN,NaN,NaN,NaN,NaN,NaN,NaN,NaN,NaN,0.127475186386621,0.128064230435865,0.128345137582568,NaN,NaN,NaN,NaN,NaN,NaN,NaN,NaN,NaN,NaN,NaN,NaN,NaN,NaN,NaN,NaN,NaN,NaN,NaN,NaN,NaN,NaN,NaN,NaN,NaN,0.130187631024809,0.129415659296627,0.127938331796581,0.126469805469092,NaN,NaN,NaN,NaN,NaN,NaN,NaN,NaN,NaN,NaN,NaN,NaN,NaN,NaN,NaN,NaN,NaN,NaN,NaN,NaN,NaN,NaN,NaN,NaN,NaN,NaN,NaN,NaN,NaN,NaN,NaN,NaN,NaN,NaN,NaN,NaN,NaN,NaN,NaN,NaN,NaN,NaN,NaN,NaN,NaN,NaN,NaN,NaN,NaN,NaN,NaN,NaN,NaN,NaN,NaN,NaN,NaN,NaN,NaN,NaN
NaN,NaN,NaN,NaN,NaN,NaN,NaN,NaN,NaN,NaN,NaN,NaN,NaN,NaN,NaN,NaN,NaN,NaN,NaN,NaN,NaN,NaN,NaN,NaN,NaN,NaN,NaN,NaN,NaN,NaN,NaN,NaN,NaN,NaN,NaN,NaN,NaN,NaN,NaN,NaN,NaN,NaN,NaN,NaN,NaN,NaN,NaN,NaN,NaN,NaN,NaN,NaN,NaN,NaN,NaN,NaN,NaN,NaN,NaN,NaN,NaN,NaN,NaN,NaN,NaN,NaN,NaN,NaN,NaN,NaN,NaN,NaN,NaN,NaN,NaN,NaN,NaN,NaN,NaN,NaN,NaN,NaN,NaN,NaN,NaN,NaN,NaN,NaN,NaN,NaN,NaN,NaN,NaN,NaN,NaN,NaN,NaN,NaN,NaN,NaN,NaN,NaN,NaN,0.118468688387825,0.118743337188658,0.119031249736406,NaN,NaN,NaN,NaN,NaN,NaN,NaN,NaN,NaN,NaN,NaN,NaN,NaN,NaN,NaN,NaN,NaN,NaN,NaN,NaN,NaN,NaN,NaN,NaN,NaN,NaN,NaN,NaN,NaN,NaN,NaN,NaN,NaN,NaN,NaN,NaN,NaN,NaN,NaN,NaN,NaN,NaN,NaN,NaN,NaN,NaN,NaN,0.127472219615821,0.127487682553871,NaN,NaN,NaN,NaN,NaN,NaN,NaN,NaN,NaN,NaN,NaN,NaN,NaN,NaN,NaN,NaN,NaN,NaN,NaN,NaN,NaN,NaN,NaN,NaN,NaN,NaN,0.129033388511766,0.127834516040136,0.126639448231453,0.125690011976673,0.124361287694827,0.124215788045946,NaN,NaN,NaN,NaN,NaN,NaN,NaN,NaN,NaN,NaN,NaN,NaN,NaN,NaN,NaN,NaN,NaN,NaN,NaN,NaN,NaN,NaN,NaN,NaN,NaN,NaN,NaN,NaN,NaN,NaN,NaN,NaN,NaN,NaN,NaN,NaN,NaN,NaN,NaN,NaN,NaN,NaN,NaN,NaN,NaN,NaN,NaN,NaN,NaN,NaN,NaN,NaN,NaN,NaN,NaN,NaN,NaN,NaN
NaN,NaN,NaN,NaN,NaN,NaN,NaN,NaN,NaN,NaN,NaN,NaN,NaN,NaN,NaN,NaN,NaN,NaN,NaN,NaN,NaN,NaN,NaN,NaN,NaN,NaN,NaN,NaN,NaN,NaN,NaN,NaN,NaN,NaN,NaN,NaN,NaN,NaN,NaN,NaN,NaN,NaN,NaN,NaN,NaN,NaN,NaN,NaN,NaN,NaN,NaN,NaN,NaN,NaN,NaN,NaN,NaN,NaN,NaN,NaN,NaN,NaN,NaN,NaN,NaN,NaN,NaN,NaN,NaN,NaN,NaN,NaN,NaN,NaN,NaN,NaN,NaN,NaN,NaN,NaN,NaN,NaN,NaN,NaN,NaN,NaN,NaN,NaN,NaN,NaN,NaN,NaN,NaN,NaN,NaN,NaN,NaN,NaN,NaN,NaN,NaN,0.111120611781425,0.114169179201673,0.116873714098422,0.117901788421587,0.110743582719848,NaN,NaN,NaN,NaN,NaN,NaN,NaN,NaN,NaN,NaN,NaN,NaN,NaN,NaN,NaN,NaN,NaN,NaN,NaN,NaN,NaN,NaN,NaN,NaN,NaN,NaN,NaN,NaN,NaN,NaN,NaN,NaN,NaN,NaN,NaN,NaN,NaN,NaN,NaN,NaN,NaN,NaN,NaN,NaN,NaN,NaN,NaN,0.127269715384656,0.126938906542024,0.125527393771891,NaN,NaN,NaN,NaN,NaN,NaN,NaN,NaN,NaN,NaN,NaN,NaN,NaN,NaN,NaN,NaN,NaN,NaN,NaN,NaN,NaN,NaN,NaN,NaN,NaN,NaN,0.126832133887725,0.12589503041781,0.124883644070554,0.124042005433605,0.123874333344669,0.123485251420438,0.123023210222118,0.122673112671509,0.122658103713872,0.12256528743343,0.116871745595313,NaN,NaN,NaN,NaN,NaN,NaN,NaN,NaN,NaN,NaN,NaN,NaN,NaN,NaN,NaN,NaN,NaN,NaN,NaN,NaN,NaN,NaN,NaN,NaN,NaN,NaN,NaN,NaN,NaN,NaN,NaN,NaN,NaN,NaN,NaN,NaN,NaN,NaN,NaN,NaN,NaN,NaN,NaN,NaN,NaN,NaN,NaN,NaN,NaN,NaN,NaN,NaN
NaN,NaN,NaN,NaN,NaN,NaN,NaN,NaN,NaN,NaN,NaN,NaN,NaN,NaN,NaN,NaN,NaN,NaN,NaN,NaN,NaN,NaN,NaN,NaN,NaN,NaN,NaN,NaN,NaN,NaN,NaN,NaN,NaN,NaN,NaN,NaN,NaN,NaN,NaN,NaN,NaN,NaN,NaN,NaN,NaN,NaN,NaN,NaN,NaN,NaN,NaN,NaN,NaN,NaN,NaN,NaN,NaN,NaN,NaN,NaN,NaN,NaN,NaN,NaN,NaN,NaN,NaN,NaN,NaN,NaN,NaN,NaN,NaN,NaN,NaN,NaN,NaN,NaN,NaN,NaN,NaN,NaN,NaN,NaN,NaN,NaN,NaN,NaN,NaN,NaN,NaN,NaN,NaN,NaN,NaN,NaN,NaN,NaN,NaN,NaN,NaN,0.113137550646418,0.113834299327171,0.115736083010945,0.113382695680766,NaN,NaN,NaN,NaN,NaN,NaN,NaN,NaN,NaN,NaN,NaN,NaN,NaN,NaN,NaN,NaN,NaN,NaN,NaN,NaN,NaN,NaN,NaN,NaN,NaN,NaN,NaN,NaN,NaN,NaN,NaN,NaN,NaN,NaN,NaN,NaN,NaN,NaN,NaN,NaN,NaN,NaN,NaN,NaN,NaN,NaN,NaN,NaN,NaN,0.125192616900203,0.110884706555254,NaN,NaN,NaN,NaN,NaN,NaN,NaN,NaN,NaN,NaN,NaN,NaN,NaN,NaN,NaN,NaN,NaN,NaN,NaN,NaN,NaN,NaN,NaN,NaN,NaN,NaN,NaN,0.125160316034053,0.12455918914611,0.123979939365724,0.123753372291634,0.123432019761161,0.122976713520947,0.122689370607225,0.122581575052658,0.122475477701391,0.122406425386718,NaN,NaN,NaN,NaN,NaN,NaN,NaN,NaN,NaN,NaN,NaN,NaN,NaN,NaN,NaN,NaN,NaN,NaN,NaN,NaN,NaN,NaN,NaN,NaN,NaN,NaN,NaN,NaN,NaN,NaN,NaN,NaN,NaN,NaN,NaN,NaN,NaN,NaN,NaN,NaN,NaN,NaN,NaN,NaN,NaN,NaN,NaN,NaN,NaN,NaN,NaN,NaN
NaN,NaN,NaN,NaN,NaN,NaN,NaN,NaN,NaN,NaN,NaN,NaN,NaN,NaN,NaN,NaN,NaN,NaN,NaN,NaN,NaN,NaN,NaN,NaN,NaN,NaN,NaN,NaN,NaN,NaN,NaN,NaN,NaN,NaN,NaN,NaN,NaN,NaN,NaN,NaN,NaN,NaN,NaN,NaN,NaN,NaN,NaN,NaN,NaN,NaN,NaN,NaN,NaN,NaN,NaN,NaN,NaN,NaN,NaN,NaN,NaN,NaN,NaN,NaN,NaN,NaN,NaN,NaN,NaN,NaN,NaN,NaN,NaN,NaN,NaN,NaN,NaN,NaN,NaN,NaN,NaN,NaN,NaN,NaN,NaN,NaN,NaN,NaN,NaN,NaN,NaN,NaN,NaN,NaN,NaN,NaN,NaN,NaN,NaN,NaN,0.111486333123328,0.112145150188598,0.112522088143138,NaN,NaN,NaN,NaN,NaN,NaN,NaN,NaN,NaN,NaN,NaN,NaN,NaN,NaN,NaN,NaN,NaN,NaN,NaN,NaN,NaN,NaN,NaN,NaN,NaN,NaN,NaN,NaN,NaN,NaN,NaN,NaN,NaN,NaN,NaN,NaN,NaN,NaN,NaN,NaN,NaN,NaN,NaN,NaN,NaN,NaN,NaN,NaN,NaN,NaN,NaN,0.110171114463887,0.109437549799772,0.108429434153219,0.107873166741759,NaN,NaN,NaN,NaN,NaN,NaN,NaN,NaN,NaN,NaN,NaN,NaN,NaN,NaN,NaN,NaN,NaN,NaN,NaN,NaN,NaN,NaN,NaN,NaN,NaN,NaN,0.124155320161405,0.124031181119956,0.123818864077302,0.123492160052568,0.122990308832482,0.122452635795983,0.1223558756369,0.122256931532265,0.122116041786375,0.121902874918086,NaN,NaN,NaN,NaN,NaN,NaN,NaN,NaN,NaN,NaN,NaN,NaN,NaN,NaN,NaN,NaN,NaN,NaN,NaN,NaN,NaN,NaN,NaN,NaN,NaN,NaN,NaN,NaN,NaN,NaN,NaN,NaN,NaN,NaN,NaN,NaN,NaN,NaN,NaN,NaN,NaN,NaN,NaN,NaN,NaN,NaN,NaN,NaN,NaN,NaN,NaN
NaN,NaN,NaN,NaN,NaN,NaN,NaN,NaN,NaN,NaN,NaN,NaN,NaN,NaN,NaN,NaN,NaN,NaN,NaN,NaN,NaN,NaN,NaN,NaN,NaN,NaN,NaN,NaN,NaN,NaN,NaN,NaN,NaN,NaN,NaN,NaN,NaN,NaN,NaN,NaN,NaN,NaN,NaN,NaN,NaN,NaN,NaN,NaN,NaN,NaN,NaN,NaN,NaN,NaN,NaN,NaN,NaN,NaN,NaN,NaN,NaN,NaN,NaN,NaN,NaN,NaN,NaN,NaN,NaN,NaN,NaN,NaN,NaN,NaN,NaN,NaN,NaN,NaN,NaN,NaN,NaN,NaN,NaN,NaN,NaN,NaN,NaN,NaN,NaN,NaN,NaN,NaN,NaN,NaN,NaN,NaN,NaN,NaN,NaN,0.10862443835095,0.110921290423694,0.111575348671622,0.111648838924067,NaN,NaN,NaN,NaN,NaN,NaN,NaN,NaN,NaN,NaN,NaN,NaN,NaN,NaN,NaN,NaN,NaN,NaN,NaN,NaN,NaN,NaN,NaN,NaN,NaN,NaN,NaN,NaN,NaN,NaN,NaN,NaN,NaN,NaN,NaN,NaN,NaN,NaN,NaN,NaN,NaN,NaN,NaN,NaN,NaN,NaN,NaN,NaN,NaN,NaN,NaN,0.102935515980167,0.108827790937915,0.108245702897009,0.107633477300227,0.107409548020468,NaN,NaN,NaN,NaN,NaN,NaN,NaN,NaN,NaN,NaN,NaN,NaN,NaN,NaN,NaN,NaN,NaN,NaN,NaN,NaN,NaN,NaN,NaN,NaN,NaN,NaN,NaN,NaN,NaN,NaN,0.122049591305384,0.12208610091439,0.121983027328574,0.121876792138926,0.1219385990669,NaN,NaN,NaN,NaN,NaN,NaN,NaN,NaN,NaN,NaN,NaN,NaN,NaN,NaN,NaN,NaN,NaN,NaN,NaN,NaN,NaN,NaN,NaN,NaN,NaN,NaN,NaN,NaN,NaN,NaN,NaN,NaN,NaN,NaN,NaN,NaN,NaN,NaN,NaN,NaN,NaN,NaN,NaN,NaN,NaN,NaN,NaN,NaN,NaN,NaN,NaN
NaN,NaN,NaN,NaN,NaN,NaN,NaN,NaN,NaN,NaN,NaN,NaN,NaN,NaN,NaN,NaN,NaN,NaN,NaN,NaN,NaN,NaN,NaN,NaN,NaN,NaN,NaN,NaN,NaN,NaN,NaN,NaN,NaN,NaN,NaN,NaN,NaN,NaN,NaN,NaN,NaN,NaN,NaN,NaN,NaN,NaN,NaN,NaN,NaN,NaN,NaN,NaN,NaN,NaN,NaN,NaN,NaN,NaN,NaN,NaN,NaN,NaN,NaN,NaN,NaN,NaN,NaN,NaN,NaN,NaN,NaN,NaN,NaN,NaN,NaN,NaN,NaN,NaN,NaN,NaN,NaN,NaN,NaN,NaN,NaN,NaN,NaN,NaN,NaN,NaN,NaN,NaN,NaN,NaN,NaN,NaN,NaN,NaN,NaN,0.109409967885896,0.110190354831749,0.11073501431317,NaN,NaN,NaN,NaN,NaN,NaN,NaN,NaN,NaN,NaN,NaN,NaN,NaN,NaN,NaN,NaN,NaN,NaN,NaN,NaN,NaN,NaN,NaN,NaN,NaN,NaN,NaN,NaN,NaN,NaN,NaN,NaN,NaN,NaN,NaN,NaN,NaN,NaN,NaN,NaN,NaN,NaN,NaN,NaN,NaN,NaN,NaN,NaN,NaN,NaN,NaN,NaN,NaN,NaN,NaN,0.107220923060133,0.107260231069385,NaN,NaN,NaN,NaN,NaN,NaN,NaN,NaN,NaN,NaN,NaN,NaN,NaN,NaN,NaN,NaN,NaN,NaN,NaN,NaN,NaN,NaN,NaN,NaN,NaN,NaN,NaN,NaN,NaN,NaN,0.122132053282421,0.121943533561733,0.121773822198805,0.121731518561229,0.121849540065101,NaN,NaN,NaN,NaN,NaN,NaN,NaN,NaN,NaN,NaN,NaN,NaN,NaN,NaN,NaN,NaN,NaN,NaN,NaN,NaN,NaN,NaN,NaN,NaN,NaN,NaN,NaN,NaN,NaN,NaN,NaN,NaN,NaN,NaN,NaN,NaN,NaN,NaN,NaN,NaN,NaN,NaN,NaN,NaN,NaN,NaN,NaN,NaN,NaN,NaN,NaN
NaN,NaN,NaN,NaN,NaN,NaN,NaN,NaN,NaN,NaN,NaN,NaN,NaN,NaN,NaN,NaN,NaN,NaN,NaN,NaN,NaN,NaN,NaN,NaN,NaN,NaN,NaN,NaN,NaN,NaN,NaN,NaN,NaN,NaN,NaN,NaN,NaN,NaN,NaN,NaN,NaN,NaN,NaN,NaN,NaN,NaN,NaN,NaN,NaN,NaN,NaN,NaN,NaN,NaN,NaN,NaN,NaN,NaN,NaN,NaN,NaN,NaN,NaN,NaN,NaN,NaN,NaN,NaN,NaN,NaN,NaN,NaN,NaN,NaN,NaN,NaN,NaN,NaN,NaN,NaN,NaN,NaN,NaN,NaN,NaN,NaN,NaN,NaN,NaN,NaN,NaN,NaN,NaN,NaN,NaN,NaN,NaN,0.107570019915541,0.107680302198417,0.108293245416493,0.108869291422061,NaN,NaN,NaN,NaN,NaN,NaN,NaN,NaN,NaN,NaN,NaN,NaN,NaN,NaN,NaN,NaN,NaN,NaN,NaN,NaN,NaN,NaN,NaN,NaN,NaN,NaN,NaN,NaN,NaN,NaN,NaN,NaN,NaN,NaN,NaN,NaN,NaN,NaN,NaN,NaN,NaN,NaN,NaN,NaN,NaN,NaN,NaN,NaN,NaN,NaN,NaN,NaN,NaN,NaN,NaN,NaN,0.107102999766825,0.10713673425727,NaN,NaN,NaN,NaN,NaN,NaN,NaN,NaN,NaN,NaN,NaN,NaN,NaN,NaN,NaN,NaN,NaN,NaN,NaN,NaN,NaN,NaN,NaN,NaN,NaN,NaN,NaN,NaN,NaN,NaN,NaN,0.121689756133304,0.121652454418624,0.121615347407793,0.121567183030734,0.12139206347375,NaN,NaN,NaN,NaN,NaN,NaN,NaN,NaN,NaN,NaN,NaN,NaN,NaN,NaN,NaN,NaN,NaN,NaN,NaN,NaN,NaN,NaN,NaN,NaN,NaN,NaN,NaN,NaN,NaN,NaN,NaN,NaN,NaN,NaN,NaN,NaN,NaN,NaN,NaN,NaN,NaN,NaN,NaN,NaN,NaN,NaN,NaN,NaN,NaN,NaN
NaN,NaN,NaN,NaN,NaN,NaN,NaN,NaN,NaN,NaN,NaN,NaN,NaN,NaN,NaN,NaN,NaN,NaN,NaN,NaN,NaN,NaN,NaN,NaN,NaN,NaN,NaN,NaN,NaN,NaN,NaN,NaN,NaN,NaN,NaN,NaN,NaN,NaN,NaN,NaN,NaN,NaN,NaN,NaN,NaN,NaN,NaN,NaN,NaN,NaN,NaN,NaN,NaN,NaN,NaN,NaN,NaN,NaN,NaN,NaN,NaN,NaN,NaN,NaN,NaN,NaN,NaN,NaN,NaN,NaN,NaN,NaN,NaN,NaN,NaN,NaN,NaN,NaN,NaN,NaN,NaN,NaN,NaN,NaN,NaN,NaN,NaN,NaN,NaN,NaN,NaN,NaN,NaN,NaN,NaN,NaN,NaN,0.107500858136007,0.107569100476174,0.107859878158936,0.108159665076561,NaN,NaN,NaN,NaN,NaN,NaN,NaN,NaN,NaN,NaN,NaN,NaN,NaN,NaN,NaN,NaN,NaN,NaN,NaN,NaN,NaN,NaN,NaN,NaN,NaN,NaN,NaN,NaN,NaN,NaN,NaN,NaN,NaN,NaN,NaN,NaN,NaN,NaN,NaN,NaN,NaN,NaN,NaN,NaN,NaN,NaN,NaN,NaN,NaN,NaN,NaN,NaN,NaN,NaN,NaN,NaN,0.106958415812394,0.106949609330284,NaN,NaN,NaN,NaN,NaN,NaN,NaN,NaN,NaN,NaN,NaN,NaN,NaN,NaN,NaN,NaN,NaN,NaN,NaN,NaN,NaN,NaN,NaN,NaN,NaN,NaN,NaN,NaN,NaN,NaN,NaN,0.121574990914145,0.12154180837135,0.12152626817278,0.121433202854673,0.121335132214459,0.121282971249871,NaN,NaN,NaN,NaN,NaN,NaN,NaN,NaN,NaN,NaN,NaN,NaN,NaN,NaN,NaN,NaN,NaN,NaN,NaN,NaN,NaN,NaN,NaN,NaN,NaN,NaN,NaN,NaN,NaN,NaN,NaN,NaN,NaN,NaN,NaN,NaN,NaN,NaN,NaN,NaN,NaN,NaN,NaN,NaN,NaN,NaN,NaN,NaN,NaN
NaN,NaN,NaN,NaN,NaN,NaN,NaN,NaN,NaN,NaN,NaN,NaN,NaN,NaN,NaN,NaN,NaN,NaN,NaN,NaN,NaN,NaN,NaN,NaN,NaN,NaN,NaN,NaN,NaN,NaN,NaN,NaN,NaN,NaN,NaN,NaN,NaN,NaN,NaN,NaN,NaN,NaN,NaN,NaN,NaN,NaN,NaN,NaN,NaN,NaN,NaN,NaN,NaN,NaN,NaN,NaN,NaN,NaN,NaN,NaN,NaN,NaN,NaN,NaN,NaN,NaN,NaN,NaN,NaN,NaN,NaN,NaN,NaN,NaN,NaN,NaN,NaN,NaN,NaN,NaN,NaN,NaN,NaN,NaN,NaN,NaN,NaN,NaN,NaN,NaN,NaN,NaN,NaN,NaN,NaN,NaN,NaN,0.107222154134063,0.107342816606784,0.107447449663808,NaN,NaN,NaN,NaN,NaN,NaN,NaN,NaN,NaN,NaN,NaN,NaN,NaN,NaN,NaN,NaN,NaN,NaN,NaN,NaN,NaN,NaN,NaN,NaN,NaN,NaN,NaN,NaN,NaN,NaN,NaN,NaN,NaN,NaN,NaN,NaN,NaN,NaN,NaN,NaN,NaN,NaN,NaN,NaN,NaN,NaN,NaN,NaN,NaN,NaN,NaN,NaN,NaN,NaN,NaN,NaN,NaN,0.106627426127395,0.106669494437384,NaN,NaN,NaN,NaN,NaN,NaN,NaN,NaN,NaN,NaN,NaN,NaN,NaN,NaN,NaN,NaN,NaN,NaN,NaN,NaN,NaN,NaN,NaN,NaN,NaN,NaN,NaN,NaN,NaN,NaN,NaN,0.121371975480343,0.121375396771298,0.121357631809219,0.121245234247329,0.121141402673399,0.121249360677658,NaN,NaN,NaN,NaN,NaN,NaN,NaN,NaN,NaN,NaN,NaN,NaN,NaN,NaN,NaN,NaN,NaN,NaN,NaN,NaN,NaN,NaN,NaN,NaN,NaN,NaN,NaN,NaN,NaN,NaN,NaN,NaN,NaN,NaN,NaN,NaN,NaN,NaN,NaN,NaN,NaN,NaN,NaN,NaN,NaN,NaN,NaN,NaN,NaN
NaN,NaN,NaN,NaN,NaN,NaN,NaN,NaN,NaN,NaN,NaN,NaN,NaN,NaN,NaN,NaN,NaN,NaN,NaN,NaN,NaN,NaN,NaN,NaN,NaN,NaN,NaN,NaN,NaN,NaN,NaN,NaN,NaN,NaN,NaN,NaN,NaN,NaN,NaN,NaN,NaN,NaN,NaN,NaN,NaN,NaN,NaN,NaN,NaN,NaN,NaN,NaN,NaN,NaN,NaN,NaN,NaN,NaN,NaN,NaN,NaN,NaN,NaN,NaN,NaN,NaN,NaN,NaN,NaN,NaN,NaN,NaN,NaN,NaN,NaN,NaN,NaN,NaN,NaN,NaN,NaN,NaN,NaN,NaN,NaN,NaN,NaN,NaN,NaN,NaN,NaN,NaN,NaN,NaN,NaN,NaN,0.106247301319511,0.106801268242193,0.107225066723254,0.107272447275595,NaN,NaN,NaN,NaN,NaN,NaN,NaN,NaN,NaN,NaN,NaN,NaN,NaN,NaN,NaN,NaN,NaN,NaN,NaN,NaN,NaN,NaN,NaN,NaN,NaN,NaN,NaN,NaN,NaN,NaN,NaN,NaN,NaN,NaN,NaN,NaN,NaN,NaN,NaN,NaN,NaN,NaN,NaN,NaN,NaN,NaN,NaN,NaN,NaN,NaN,NaN,NaN,NaN,NaN,NaN,NaN,NaN,0.105860562207685,0.102218828368397,NaN,NaN,NaN,NaN,NaN,NaN,NaN,NaN,NaN,NaN,NaN,NaN,NaN,NaN,NaN,NaN,NaN,NaN,NaN,NaN,NaN,NaN,NaN,NaN,NaN,NaN,NaN,NaN,NaN,NaN,NaN,0.120738019415066,0.120874991314856,0.120989998479163,0.120970173411658,0.120989457458267,0.121040305365935,0.120867222688312,0.120627158991819,0.111716814193758,0.101684984475609,NaN,NaN,NaN,NaN,NaN,NaN,NaN,NaN,NaN,NaN,NaN,NaN,NaN,NaN,NaN,NaN,NaN,NaN,NaN,NaN,NaN,NaN,NaN,NaN,NaN,NaN,NaN,NaN,NaN,NaN,NaN,NaN,NaN,NaN,NaN,NaN,NaN,NaN,NaN,NaN,NaN,NaN,NaN,NaN,NaN
NaN,NaN,NaN,NaN,NaN,NaN,NaN,NaN,NaN,NaN,NaN,NaN,NaN,NaN,NaN,NaN,NaN,NaN,NaN,NaN,NaN,NaN,NaN,NaN,NaN,NaN,NaN,NaN,NaN,NaN,NaN,NaN,NaN,NaN,NaN,NaN,NaN,NaN,NaN,NaN,NaN,NaN,NaN,NaN,NaN,NaN,NaN,NaN,NaN,NaN,NaN,NaN,NaN,NaN,NaN,NaN,NaN,NaN,NaN,NaN,NaN,NaN,NaN,NaN,NaN,NaN,NaN,NaN,NaN,NaN,NaN,NaN,NaN,NaN,NaN,NaN,NaN,NaN,NaN,NaN,NaN,NaN,NaN,NaN,NaN,NaN,NaN,NaN,NaN,NaN,NaN,NaN,NaN,NaN,0.105433439157159,0.105501487730553,0.105847998536787,0.106097613923826,NaN,NaN,NaN,NaN,NaN,NaN,NaN,NaN,NaN,NaN,NaN,NaN,NaN,NaN,NaN,NaN,NaN,NaN,NaN,NaN,NaN,NaN,NaN,NaN,NaN,NaN,NaN,NaN,NaN,NaN,NaN,NaN,NaN,NaN,NaN,NaN,NaN,NaN,NaN,NaN,NaN,NaN,NaN,NaN,NaN,NaN,NaN,NaN,NaN,NaN,NaN,NaN,NaN,NaN,NaN,NaN,NaN,NaN,NaN,0.105540455323557,0.105622585959095,NaN,NaN,NaN,NaN,NaN,NaN,NaN,NaN,NaN,NaN,NaN,NaN,NaN,NaN,NaN,NaN,NaN,NaN,NaN,NaN,NaN,NaN,NaN,NaN,NaN,NaN,NaN,NaN,NaN,NaN,NaN,0.119494692686124,0.119798405730374,0.120765436718753,0.12085180490997,0.12084268736276,0.120856356798512,0.120743590052499,0.119741266432008,0.108477864880932,0.0994621620168766,0.0926002297186144,0.0875452839137269,NaN,NaN,NaN,NaN,NaN,NaN,NaN,NaN,NaN,NaN,NaN,NaN,NaN,NaN,NaN,NaN,NaN,NaN,NaN,NaN,NaN,NaN,NaN,NaN,NaN,NaN,NaN,NaN,NaN,NaN,NaN,NaN,NaN,NaN,NaN,NaN,NaN,NaN,NaN,NaN,NaN,NaN,NaN
NaN,NaN,NaN,NaN,NaN,NaN,NaN,NaN,NaN,NaN,NaN,NaN,NaN,NaN,NaN,NaN,NaN,NaN,NaN,NaN,NaN,NaN,NaN,NaN,NaN,NaN,NaN,NaN,NaN,NaN,NaN,NaN,NaN,NaN,NaN,NaN,NaN,NaN,NaN,NaN,NaN,NaN,NaN,NaN,NaN,NaN,NaN,NaN,NaN,NaN,NaN,NaN,NaN,NaN,NaN,NaN,NaN,NaN,NaN,NaN,NaN,NaN,NaN,NaN,NaN,NaN,NaN,NaN,NaN,NaN,NaN,NaN,NaN,NaN,NaN,NaN,NaN,NaN,NaN,NaN,NaN,NaN,NaN,NaN,NaN,NaN,NaN,NaN,NaN,NaN,0.104760069829171,0.105180979707624,0.105226668563613,0.105309896656261,0.105379130390023,0.105472872540099,0.105676371924692,0.105878420369424,NaN,NaN,NaN,NaN,NaN,NaN,NaN,NaN,NaN,NaN,NaN,NaN,NaN,NaN,NaN,NaN,NaN,NaN,NaN,NaN,NaN,NaN,NaN,NaN,NaN,NaN,NaN,NaN,NaN,NaN,NaN,NaN,NaN,NaN,NaN,NaN,NaN,NaN,NaN,NaN,NaN,NaN,NaN,NaN,NaN,NaN,NaN,NaN,NaN,NaN,NaN,NaN,NaN,NaN,NaN,NaN,NaN,NaN,NaN,0.1053162562577,NaN,NaN,NaN,NaN,NaN,NaN,NaN,NaN,NaN,NaN,NaN,NaN,NaN,NaN,NaN,NaN,NaN,NaN,NaN,NaN,NaN,NaN,NaN,NaN,NaN,NaN,NaN,NaN,NaN,NaN,NaN,NaN,0.118113172815445,0.118117656119413,NaN,0.120803101156665,0.120532789745898,0.120511582099636,0.120319716051266,0.120074215767871,0.116311001119754,0.104975312158531,0.0969272289090905,0.0906081589326611,NaN,NaN,NaN,NaN,NaN,NaN,NaN,NaN,NaN,NaN,NaN,NaN,NaN,NaN,NaN,NaN,NaN,NaN,NaN,NaN,NaN,NaN,NaN,NaN,NaN,NaN,NaN,NaN,NaN,NaN,NaN,NaN,NaN,NaN,NaN,NaN,NaN,NaN,NaN,NaN,NaN,NaN,NaN
NaN,NaN,NaN,NaN,NaN,NaN,NaN,NaN,NaN,NaN,NaN,NaN,NaN,NaN,NaN,NaN,NaN,NaN,NaN,NaN,NaN,NaN,NaN,NaN,NaN,NaN,NaN,NaN,NaN,NaN,NaN,NaN,NaN,NaN,NaN,NaN,NaN,NaN,NaN,NaN,NaN,NaN,NaN,NaN,NaN,NaN,NaN,NaN,NaN,NaN,NaN,NaN,NaN,NaN,NaN,NaN,NaN,NaN,NaN,NaN,NaN,NaN,NaN,NaN,NaN,NaN,NaN,NaN,NaN,NaN,NaN,NaN,NaN,NaN,NaN,NaN,NaN,NaN,NaN,NaN,NaN,NaN,NaN,NaN,NaN,NaN,NaN,0.103840485430068,0.103844020759265,0.103860956783343,0.104234986725849,0.105196217840213,0.10525939774435,0.105302668547626,0.105351239247161,0.105419141506932,0.104275523523881,NaN,NaN,NaN,NaN,NaN,NaN,NaN,NaN,NaN,NaN,NaN,NaN,NaN,NaN,NaN,NaN,NaN,NaN,NaN,NaN,NaN,NaN,NaN,NaN,NaN,NaN,NaN,NaN,NaN,NaN,NaN,NaN,NaN,NaN,NaN,NaN,NaN,NaN,NaN,NaN,NaN,NaN,NaN,NaN,NaN,NaN,NaN,NaN,NaN,NaN,NaN,NaN,NaN,NaN,NaN,NaN,NaN,NaN,NaN,0.104984682453225,0.10512177658941,NaN,NaN,NaN,NaN,NaN,NaN,NaN,NaN,NaN,NaN,NaN,NaN,NaN,NaN,NaN,NaN,NaN,NaN,NaN,NaN,NaN,NaN,NaN,NaN,NaN,NaN,NaN,NaN,NaN,NaN,NaN,NaN,0.117225828952929,0.117242260045797,NaN,NaN,0.119956018270379,0.119950441273501,0.119792302501554,0.119672050329085,0.116024901933751,NaN,NaN,NaN,NaN,NaN,NaN,NaN,NaN,NaN,NaN,NaN,NaN,NaN,NaN,NaN,NaN,NaN,NaN,NaN,NaN,NaN,NaN,NaN,NaN,NaN,NaN,NaN,NaN,NaN,NaN,NaN,NaN,NaN,NaN,NaN,NaN,NaN,NaN,NaN,NaN,NaN,NaN,NaN,NaN,NaN,NaN
NaN,NaN,NaN,NaN,NaN,NaN,NaN,NaN,NaN,NaN,NaN,NaN,NaN,NaN,NaN,NaN,NaN,NaN,NaN,NaN,NaN,NaN,NaN,NaN,NaN,NaN,NaN,NaN,NaN,NaN,NaN,NaN,NaN,NaN,NaN,NaN,NaN,NaN,NaN,NaN,NaN,NaN,NaN,NaN,NaN,NaN,NaN,NaN,NaN,NaN,NaN,NaN,NaN,NaN,NaN,NaN,NaN,NaN,NaN,NaN,NaN,NaN,NaN,NaN,NaN,NaN,NaN,NaN,NaN,NaN,NaN,NaN,NaN,NaN,NaN,NaN,NaN,NaN,NaN,NaN,NaN,NaN,NaN,NaN,NaN,NaN,NaN,0.103842796904133,0.103846883305189,0.103854147694546,0.102782795068506,NaN,0.105303016528098,0.105320632378036,0.105341903201403,NaN,NaN,NaN,NaN,NaN,NaN,NaN,NaN,NaN,NaN,NaN,NaN,NaN,NaN,NaN,NaN,NaN,NaN,NaN,NaN,NaN,NaN,NaN,NaN,NaN,NaN,NaN,NaN,NaN,NaN,NaN,NaN,NaN,NaN,NaN,NaN,NaN,NaN,NaN,NaN,NaN,NaN,NaN,NaN,NaN,NaN,NaN,NaN,NaN,NaN,NaN,NaN,NaN,NaN,NaN,NaN,NaN,NaN,NaN,NaN,NaN,0.104956805985972,0.105068564247821,NaN,NaN,NaN,NaN,NaN,NaN,NaN,NaN,NaN,NaN,NaN,NaN,NaN,NaN,NaN,NaN,NaN,NaN,NaN,NaN,NaN,NaN,NaN,NaN,NaN,NaN,NaN,NaN,NaN,NaN,NaN,NaN,0.116994952790711,0.116939528821442,NaN,NaN,0.119453247546476,0.119214812550138,0.119188136701561,0.119185561801643,0.11567365639891,NaN,NaN,NaN,NaN,NaN,NaN,NaN,NaN,NaN,NaN,NaN,NaN,NaN,NaN,NaN,NaN,NaN,NaN,NaN,NaN,NaN,NaN,NaN,NaN,NaN,NaN,NaN,NaN,NaN,NaN,NaN,NaN,NaN,NaN,NaN,NaN,NaN,NaN,NaN,NaN,NaN,NaN,NaN,NaN,NaN,NaN
NaN,NaN,NaN,NaN,NaN,NaN,NaN,NaN,NaN,NaN,NaN,NaN,NaN,NaN,NaN,NaN,NaN,NaN,NaN,NaN,NaN,NaN,NaN,NaN,NaN,NaN,NaN,NaN,NaN,NaN,NaN,NaN,NaN,NaN,NaN,NaN,NaN,NaN,NaN,NaN,NaN,NaN,NaN,NaN,NaN,NaN,NaN,NaN,NaN,NaN,NaN,NaN,NaN,NaN,NaN,NaN,NaN,NaN,NaN,NaN,NaN,NaN,NaN,NaN,NaN,NaN,NaN,NaN,NaN,NaN,NaN,NaN,NaN,NaN,NaN,NaN,NaN,NaN,NaN,NaN,NaN,NaN,NaN,NaN,NaN,NaN,NaN,NaN,NaN,NaN,NaN,NaN,0.099905052468738,0.10240443258075,NaN,NaN,NaN,NaN,NaN,NaN,NaN,NaN,NaN,NaN,NaN,NaN,NaN,NaN,NaN,NaN,NaN,NaN,NaN,NaN,NaN,NaN,NaN,NaN,NaN,NaN,NaN,NaN,NaN,NaN,NaN,NaN,NaN,NaN,NaN,NaN,NaN,NaN,NaN,NaN,NaN,NaN,NaN,NaN,NaN,NaN,NaN,NaN,NaN,NaN,NaN,NaN,NaN,NaN,NaN,NaN,NaN,NaN,NaN,NaN,NaN,0.103051254635149,0.104741614834097,NaN,NaN,NaN,NaN,NaN,NaN,NaN,NaN,NaN,NaN,NaN,NaN,NaN,NaN,NaN,NaN,NaN,NaN,NaN,NaN,NaN,NaN,NaN,NaN,NaN,NaN,NaN,NaN,NaN,NaN,NaN,NaN,NaN,0.116909639803045,0.116419905643839,0.115846016346836,NaN,0.118721105132752,0.118639128620077,0.118712241256903,0.118737700161548,0.115248932639058,NaN,NaN,NaN,NaN,NaN,NaN,NaN,NaN,NaN,NaN,NaN,NaN,NaN,NaN,NaN,NaN,NaN,NaN,NaN,NaN,NaN,NaN,NaN,NaN,NaN,NaN,NaN,NaN,NaN,NaN,NaN,NaN,NaN,NaN,NaN,NaN,NaN,NaN,NaN,NaN,NaN,NaN,NaN,NaN,NaN,NaN
NaN,NaN,NaN,NaN,NaN,NaN,NaN,NaN,NaN,NaN,NaN,NaN,NaN,NaN,NaN,NaN,NaN,NaN,NaN,NaN,NaN,NaN,NaN,NaN,NaN,NaN,NaN,NaN,NaN,NaN,NaN,NaN,NaN,NaN,NaN,NaN,NaN,NaN,NaN,NaN,NaN,NaN,NaN,NaN,NaN,NaN,NaN,NaN,NaN,NaN,NaN,NaN,NaN,NaN,NaN,NaN,NaN,NaN,NaN,NaN,NaN,NaN,NaN,NaN,NaN,NaN,NaN,NaN,NaN,NaN,NaN,NaN,NaN,NaN,NaN,NaN,NaN,NaN,NaN,NaN,NaN,NaN,NaN,NaN,NaN,NaN,NaN,NaN,NaN,NaN,NaN,NaN,NaN,NaN,NaN,NaN,NaN,NaN,NaN,NaN,NaN,NaN,NaN,NaN,NaN,NaN,NaN,NaN,NaN,NaN,NaN,NaN,NaN,NaN,NaN,NaN,NaN,NaN,NaN,NaN,NaN,NaN,NaN,NaN,NaN,NaN,NaN,NaN,NaN,NaN,NaN,NaN,NaN,NaN,NaN,NaN,NaN,NaN,NaN,NaN,NaN,NaN,NaN,NaN,NaN,NaN,NaN,NaN,NaN,NaN,NaN,NaN,NaN,NaN,NaN,0.104688927961675,0.1046613997546,NaN,NaN,NaN,NaN,NaN,NaN,NaN,NaN,NaN,NaN,NaN,NaN,NaN,NaN,NaN,NaN,NaN,NaN,NaN,NaN,NaN,NaN,NaN,NaN,NaN,NaN,NaN,NaN,NaN,NaN,NaN,NaN,NaN,NaN,0.114765093730318,0.112560902866868,NaN,0.118179136891384,0.118277394935169,0.1183125806374,0.118355881074846,0.118374148992837,NaN,NaN,NaN,NaN,NaN,NaN,NaN,NaN,NaN,NaN,NaN,NaN,NaN,NaN,NaN,NaN,NaN,NaN,NaN,NaN,NaN,NaN,NaN,NaN,NaN,NaN,NaN,NaN,NaN,NaN,NaN,NaN,NaN,NaN,NaN,NaN,NaN,NaN,NaN,NaN,NaN,NaN,NaN,NaN,NaN,NaN
NaN,NaN,NaN,NaN,NaN,NaN,NaN,NaN,NaN,NaN,NaN,NaN,NaN,NaN,NaN,NaN,NaN,NaN,NaN,NaN,NaN,NaN,NaN,NaN,NaN,NaN,NaN,NaN,NaN,NaN,NaN,NaN,NaN,NaN,NaN,NaN,NaN,NaN,NaN,NaN,NaN,NaN,NaN,NaN,NaN,NaN,NaN,NaN,NaN,NaN,NaN,NaN,NaN,NaN,NaN,NaN,NaN,NaN,NaN,NaN,NaN,NaN,NaN,NaN,NaN,NaN,NaN,NaN,NaN,NaN,NaN,NaN,NaN,NaN,NaN,NaN,NaN,NaN,NaN,NaN,NaN,NaN,NaN,NaN,NaN,NaN,NaN,NaN,NaN,NaN,NaN,NaN,NaN,NaN,NaN,NaN,NaN,NaN,NaN,NaN,NaN,NaN,NaN,NaN,NaN,NaN,NaN,NaN,NaN,NaN,NaN,NaN,NaN,NaN,NaN,NaN,NaN,NaN,NaN,NaN,NaN,NaN,NaN,NaN,NaN,NaN,NaN,NaN,NaN,NaN,NaN,NaN,NaN,NaN,NaN,NaN,NaN,NaN,NaN,NaN,NaN,NaN,NaN,NaN,NaN,NaN,NaN,NaN,NaN,NaN,NaN,NaN,NaN,NaN,NaN,NaN,0.104598607344468,0.104531737100074,NaN,NaN,NaN,NaN,NaN,NaN,NaN,NaN,NaN,NaN,NaN,NaN,NaN,NaN,NaN,NaN,NaN,NaN,NaN,NaN,NaN,NaN,NaN,NaN,NaN,NaN,NaN,NaN,NaN,NaN,NaN,NaN,NaN,0.113033253248837,0.11289404536762,NaN,0.11806074055007,0.118071363272724,0.118115864085532,0.118189810983238,0.118214956223737,0.114753954106961,NaN,NaN,NaN,NaN,NaN,NaN,NaN,NaN,NaN,NaN,NaN,NaN,NaN,NaN,NaN,NaN,NaN,NaN,NaN,NaN,NaN,NaN,NaN,NaN,NaN,NaN,NaN,NaN,NaN,NaN,NaN,NaN,NaN,NaN,NaN,NaN,NaN,NaN,NaN,NaN,NaN,NaN,NaN,NaN,NaN
NaN,NaN,NaN,NaN,NaN,NaN,NaN,NaN,NaN,NaN,NaN,NaN,NaN,NaN,NaN,NaN,NaN,NaN,NaN,NaN,NaN,NaN,NaN,NaN,NaN,NaN,NaN,NaN,NaN,NaN,NaN,NaN,NaN,NaN,NaN,NaN,NaN,NaN,NaN,NaN,NaN,NaN,NaN,NaN,NaN,NaN,NaN,NaN,NaN,NaN,NaN,NaN,NaN,NaN,NaN,NaN,NaN,NaN,NaN,NaN,NaN,NaN,NaN,NaN,NaN,NaN,NaN,NaN,NaN,NaN,NaN,NaN,NaN,NaN,NaN,NaN,NaN,NaN,NaN,NaN,NaN,NaN,NaN,NaN,NaN,NaN,NaN,NaN,NaN,NaN,NaN,NaN,NaN,NaN,NaN,NaN,NaN,NaN,NaN,NaN,NaN,NaN,NaN,NaN,NaN,NaN,NaN,NaN,NaN,NaN,NaN,NaN,NaN,NaN,NaN,NaN,NaN,NaN,NaN,NaN,NaN,NaN,NaN,NaN,NaN,NaN,NaN,NaN,NaN,NaN,NaN,NaN,NaN,NaN,NaN,NaN,NaN,NaN,NaN,NaN,NaN,NaN,NaN,NaN,NaN,NaN,NaN,NaN,NaN,NaN,NaN,NaN,NaN,NaN,NaN,NaN,NaN,0.104440588997495,NaN,NaN,NaN,NaN,NaN,NaN,NaN,NaN,NaN,NaN,NaN,NaN,NaN,NaN,NaN,NaN,NaN,NaN,NaN,NaN,NaN,NaN,NaN,NaN,NaN,NaN,NaN,NaN,NaN,NaN,NaN,NaN,0.11123150343668,0.111831890873641,0.112051038342763,NaN,0.118103513185248,0.118002944832623,0.118050802797828,0.118104642032978,0.118105999250879,0.118028739304578,0.112510726417909,NaN,NaN,NaN,NaN,NaN,NaN,NaN,NaN,NaN,NaN,NaN,NaN,NaN,NaN,NaN,NaN,NaN,NaN,NaN,NaN,NaN,NaN,NaN,NaN,NaN,NaN,NaN,NaN,NaN,NaN,NaN,NaN,NaN,NaN,NaN,NaN,NaN,NaN,NaN,NaN,NaN,NaN,NaN,NaN
NaN,NaN,NaN,NaN,NaN,NaN,NaN,NaN,NaN,NaN,NaN,NaN,NaN,NaN,NaN,NaN,NaN,NaN,NaN,NaN,NaN,NaN,NaN,NaN,NaN,NaN,NaN,NaN,NaN,NaN,NaN,NaN,NaN,NaN,NaN,NaN,NaN,NaN,NaN,NaN,NaN,NaN,NaN,NaN,NaN,NaN,NaN,NaN,NaN,NaN,NaN,NaN,NaN,NaN,NaN,NaN,NaN,NaN,NaN,NaN,NaN,NaN,NaN,NaN,NaN,NaN,NaN,NaN,NaN,NaN,NaN,NaN,NaN,NaN,NaN,NaN,NaN,NaN,NaN,NaN,NaN,NaN,NaN,NaN,NaN,NaN,NaN,NaN,NaN,NaN,NaN,NaN,NaN,NaN,NaN,NaN,NaN,NaN,NaN,NaN,NaN,NaN,NaN,NaN,NaN,NaN,NaN,NaN,NaN,NaN,NaN,NaN,NaN,NaN,NaN,NaN,NaN,NaN,NaN,NaN,NaN,NaN,NaN,NaN,NaN,NaN,NaN,NaN,NaN,NaN,NaN,NaN,NaN,NaN,NaN,NaN,NaN,NaN,NaN,NaN,NaN,NaN,NaN,NaN,NaN,NaN,NaN,NaN,NaN,NaN,NaN,NaN,NaN,NaN,NaN,NaN,NaN,0.0995375043327625,0.0921538041199833,NaN,NaN,NaN,NaN,NaN,NaN,NaN,NaN,NaN,NaN,NaN,NaN,NaN,NaN,NaN,NaN,NaN,NaN,NaN,NaN,NaN,NaN,NaN,NaN,NaN,NaN,NaN,NaN,NaN,NaN,NaN,0.111209939034305,0.111395907752542,0.111740143247293,NaN,NaN,0.117903557831091,0.117943997608722,0.117986357994457,0.117982642911199,0.117964638982194,0.111562282524952,NaN,NaN,NaN,NaN,0.117330747588497,0.11731418922364,0.117322351397945,0.117337406059453,0.117349553360316,0.1173302907942,NaN,NaN,NaN,NaN,NaN,NaN,NaN,NaN,NaN,NaN,NaN,NaN,NaN,NaN,NaN,NaN,NaN,NaN,NaN,NaN,NaN,NaN,NaN,NaN,NaN,NaN,NaN,NaN,NaN,NaN,NaN,NaN,NaN,NaN
NaN,NaN,NaN,NaN,NaN,NaN,NaN,NaN,NaN,NaN,NaN,NaN,NaN,NaN,NaN,NaN,NaN,NaN,NaN,NaN,NaN,NaN,NaN,NaN,NaN,NaN,NaN,NaN,NaN,NaN,NaN,NaN,NaN,NaN,NaN,NaN,NaN,NaN,NaN,NaN,NaN,NaN,NaN,NaN,NaN,NaN,NaN,NaN,NaN,NaN,NaN,NaN,NaN,NaN,NaN,NaN,NaN,NaN,NaN,NaN,NaN,NaN,NaN,NaN,NaN,NaN,NaN,NaN,NaN,NaN,NaN,NaN,NaN,NaN,NaN,NaN,NaN,NaN,NaN,NaN,NaN,NaN,NaN,NaN,NaN,NaN,NaN,NaN,NaN,NaN,NaN,NaN,NaN,NaN,NaN,NaN,NaN,NaN,NaN,NaN,NaN,NaN,NaN,NaN,NaN,NaN,NaN,NaN,NaN,NaN,NaN,NaN,NaN,NaN,NaN,NaN,NaN,NaN,NaN,NaN,NaN,NaN,NaN,NaN,NaN,NaN,NaN,NaN,NaN,NaN,NaN,NaN,NaN,NaN,NaN,NaN,NaN,NaN,NaN,NaN,NaN,NaN,NaN,NaN,NaN,NaN,NaN,NaN,NaN,NaN,NaN,NaN,NaN,NaN,NaN,NaN,NaN,0.0921313623226513,0.0889346881808861,NaN,NaN,NaN,NaN,NaN,NaN,NaN,NaN,NaN,NaN,NaN,NaN,NaN,NaN,NaN,NaN,NaN,NaN,NaN,NaN,NaN,NaN,NaN,NaN,NaN,NaN,NaN,NaN,NaN,NaN,0.110095629935697,0.11061653493611,0.110832059619802,NaN,NaN,NaN,0.117922646033895,0.117864730066372,0.117868021582278,0.117852526234754,0.117897603375147,NaN,NaN,NaN,NaN,0.117331225927957,0.117309840817035,0.117279638302774,0.117289784524729,0.117314980733368,0.117335314191545,0.11734562723875,NaN,NaN,NaN,NaN,NaN,NaN,NaN,NaN,NaN,NaN,NaN,NaN,NaN,NaN,NaN,NaN,NaN,NaN,NaN,NaN,NaN,NaN,NaN,NaN,NaN,NaN,NaN,NaN,NaN,NaN,NaN,NaN,NaN,NaN
NaN,NaN,NaN,NaN,NaN,NaN,NaN,NaN,NaN,NaN,NaN,NaN,NaN,NaN,NaN,NaN,NaN,NaN,NaN,NaN,NaN,NaN,NaN,NaN,NaN,NaN,NaN,NaN,NaN,NaN,NaN,NaN,NaN,NaN,NaN,NaN,NaN,NaN,NaN,NaN,NaN,NaN,NaN,NaN,NaN,NaN,NaN,NaN,NaN,NaN,NaN,NaN,NaN,NaN,NaN,NaN,NaN,NaN,NaN,NaN,NaN,NaN,NaN,NaN,NaN,NaN,NaN,NaN,NaN,NaN,NaN,NaN,NaN,NaN,NaN,NaN,NaN,NaN,NaN,NaN,NaN,NaN,NaN,NaN,NaN,NaN,NaN,NaN,NaN,NaN,NaN,NaN,NaN,NaN,NaN,NaN,NaN,NaN,NaN,NaN,NaN,NaN,NaN,NaN,NaN,NaN,NaN,NaN,NaN,NaN,NaN,NaN,NaN,NaN,NaN,NaN,NaN,NaN,NaN,NaN,NaN,NaN,NaN,NaN,NaN,NaN,NaN,NaN,NaN,NaN,NaN,NaN,NaN,NaN,NaN,NaN,NaN,NaN,NaN,NaN,NaN,NaN,NaN,NaN,NaN,NaN,NaN,NaN,NaN,NaN,NaN,NaN,NaN,NaN,NaN,NaN,NaN,0.0888802844251179,0.0890249274619286,NaN,NaN,NaN,NaN,NaN,NaN,NaN,NaN,NaN,NaN,NaN,NaN,NaN,NaN,NaN,NaN,NaN,NaN,NaN,NaN,NaN,NaN,NaN,NaN,NaN,NaN,NaN,NaN,NaN,0.109059763453219,0.109696322561638,0.110063842671976,0.10469917727541,NaN,NaN,NaN,NaN,0.117830509294286,0.117724247612396,0.11771847894153,0.117734903738304,0.117698460340351,0.117686638965028,0.11765149302108,0.117532871273472,0.117380850790877,0.117352039736478,0.117309854120918,0.117317741344212,0.117333734144244,0.117336907444774,0.117337303731611,0.1173469244519,0.117177410488361,NaN,NaN,NaN,NaN,NaN,NaN,NaN,NaN,NaN,NaN,NaN,NaN,NaN,NaN,NaN,NaN,NaN,NaN,NaN,NaN,NaN,NaN,NaN,NaN,NaN,NaN,NaN,NaN,NaN,NaN,NaN,NaN
NaN,NaN,NaN,NaN,NaN,NaN,NaN,NaN,NaN,NaN,NaN,NaN,NaN,NaN,NaN,NaN,NaN,NaN,NaN,NaN,NaN,NaN,NaN,NaN,NaN,NaN,NaN,NaN,NaN,NaN,NaN,NaN,NaN,NaN,NaN,NaN,NaN,NaN,NaN,NaN,NaN,NaN,NaN,NaN,NaN,NaN,NaN,NaN,NaN,NaN,NaN,NaN,NaN,NaN,NaN,NaN,NaN,NaN,NaN,NaN,NaN,NaN,NaN,NaN,NaN,NaN,NaN,NaN,NaN,NaN,NaN,NaN,NaN,NaN,NaN,NaN,NaN,NaN,NaN,NaN,NaN,NaN,NaN,NaN,NaN,NaN,NaN,NaN,NaN,NaN,NaN,NaN,NaN,NaN,NaN,NaN,NaN,NaN,NaN,NaN,NaN,NaN,NaN,NaN,NaN,NaN,NaN,NaN,NaN,NaN,NaN,NaN,NaN,NaN,NaN,NaN,NaN,NaN,NaN,NaN,NaN,NaN,NaN,NaN,NaN,NaN,NaN,NaN,NaN,NaN,NaN,NaN,NaN,NaN,NaN,NaN,NaN,NaN,NaN,NaN,NaN,NaN,NaN,NaN,NaN,NaN,NaN,NaN,NaN,NaN,NaN,NaN,NaN,NaN,NaN,NaN,NaN,0.0890129032737834,0.0890202888219771,NaN,NaN,NaN,NaN,NaN,NaN,NaN,NaN,NaN,NaN,NaN,NaN,NaN,NaN,NaN,NaN,NaN,NaN,NaN,NaN,NaN,NaN,NaN,NaN,NaN,NaN,NaN,NaN,0.108816779602908,0.108931970858971,0.109148248993082,0.108454195047436,0.100268930963824,NaN,NaN,NaN,NaN,NaN,0.117584074876473,0.117615885200294,0.117657146115123,0.117659253840218,0.117656652941578,0.117626154865184,0.117534511800276,0.117414440131953,0.117380476849677,0.117349386039418,0.117346101609521,0.117359652502314,0.11734584496859,0.117339403623558,0.117345908137677,0.117356149763891,NaN,NaN,NaN,NaN,NaN,NaN,NaN,NaN,NaN,NaN,NaN,NaN,NaN,NaN,NaN,NaN,NaN,NaN,NaN,NaN,NaN,NaN,NaN,NaN,NaN,NaN,NaN,NaN,NaN,NaN,NaN,NaN
NaN,NaN,NaN,NaN,NaN,NaN,NaN,NaN,NaN,NaN,NaN,NaN,NaN,NaN,NaN,NaN,NaN,NaN,NaN,NaN,NaN,NaN,NaN,NaN,NaN,NaN,NaN,NaN,NaN,NaN,NaN,NaN,NaN,NaN,NaN,NaN,NaN,NaN,NaN,NaN,NaN,NaN,NaN,NaN,NaN,NaN,NaN,NaN,NaN,NaN,NaN,NaN,NaN,NaN,NaN,NaN,NaN,NaN,NaN,NaN,NaN,NaN,NaN,NaN,NaN,NaN,NaN,NaN,NaN,NaN,NaN,NaN,NaN,NaN,NaN,NaN,NaN,NaN,NaN,NaN,NaN,NaN,NaN,NaN,NaN,NaN,NaN,NaN,NaN,NaN,NaN,NaN,NaN,NaN,NaN,NaN,NaN,NaN,NaN,NaN,NaN,NaN,NaN,NaN,NaN,NaN,NaN,NaN,NaN,NaN,NaN,NaN,NaN,NaN,NaN,NaN,NaN,NaN,NaN,NaN,NaN,NaN,NaN,NaN,NaN,NaN,NaN,NaN,NaN,NaN,NaN,NaN,NaN,NaN,NaN,NaN,NaN,NaN,NaN,NaN,NaN,NaN,NaN,NaN,NaN,NaN,NaN,NaN,NaN,NaN,NaN,NaN,NaN,NaN,NaN,NaN,NaN,NaN,NaN,NaN,NaN,NaN,NaN,NaN,NaN,NaN,NaN,NaN,NaN,NaN,NaN,NaN,NaN,NaN,NaN,NaN,NaN,NaN,NaN,NaN,NaN,NaN,NaN,NaN,NaN,NaN,NaN,0.10877300148037,0.108832364576521,0.109081881079219,0.10891575857069,0.101114259871449,NaN,NaN,NaN,NaN,NaN,0.117611462076026,0.117627650166869,0.117666088134922,0.117671296799076,0.117657974085414,0.117610573970007,0.117530235156646,0.117444350306268,0.116723880654833,0.117155125264443,NaN,NaN,0.117359182994249,0.117355843742037,0.117358610194925,0.117368594255208,0.117244771262364,NaN,NaN,NaN,NaN,NaN,NaN,NaN,NaN,NaN,NaN,NaN,NaN,NaN,NaN,NaN,NaN,NaN,NaN,NaN,NaN,NaN,NaN,NaN,NaN,NaN,NaN,NaN,NaN,NaN,NaN,NaN
NaN,NaN,NaN,NaN,NaN,NaN,NaN,NaN,NaN,NaN,NaN,NaN,NaN,NaN,NaN,NaN,NaN,NaN,NaN,NaN,NaN,NaN,NaN,NaN,NaN,NaN,NaN,NaN,NaN,NaN,NaN,NaN,NaN,NaN,NaN,NaN,NaN,NaN,NaN,NaN,NaN,NaN,NaN,NaN,NaN,NaN,NaN,NaN,NaN,NaN,NaN,NaN,NaN,NaN,NaN,NaN,NaN,NaN,NaN,NaN,NaN,NaN,NaN,NaN,NaN,NaN,NaN,NaN,NaN,NaN,NaN,NaN,NaN,NaN,NaN,NaN,NaN,NaN,NaN,NaN,NaN,NaN,NaN,NaN,NaN,NaN,NaN,NaN,NaN,NaN,NaN,NaN,NaN,NaN,NaN,NaN,NaN,NaN,NaN,NaN,NaN,NaN,NaN,NaN,NaN,NaN,NaN,NaN,NaN,NaN,NaN,NaN,NaN,NaN,NaN,NaN,NaN,NaN,NaN,NaN,NaN,NaN,NaN,NaN,NaN,NaN,NaN,NaN,NaN,NaN,NaN,NaN,NaN,NaN,NaN,NaN,NaN,NaN,NaN,NaN,NaN,NaN,NaN,NaN,NaN,NaN,NaN,NaN,NaN,NaN,NaN,NaN,NaN,NaN,NaN,NaN,NaN,NaN,NaN,NaN,NaN,NaN,NaN,NaN,NaN,NaN,NaN,NaN,NaN,NaN,NaN,NaN,NaN,NaN,NaN,NaN,NaN,NaN,NaN,NaN,NaN,NaN,NaN,NaN,NaN,NaN,NaN,0.108622744499008,0.108547707060134,NaN,NaN,NaN,NaN,NaN,NaN,NaN,NaN,NaN,NaN,NaN,NaN,NaN,0.117606360293613,0.114129515973916,0.116800357073999,NaN,NaN,NaN,NaN,0.117369206873699,0.117369039583914,0.117371513431706,0.117374537694677,0.117361368483116,NaN,NaN,NaN,NaN,NaN,NaN,NaN,NaN,NaN,NaN,NaN,NaN,NaN,NaN,NaN,NaN,NaN,NaN,NaN,NaN,NaN,NaN,NaN,NaN,NaN,NaN,NaN,NaN,NaN,NaN,NaN
NaN,NaN,NaN,NaN,NaN,NaN,NaN,NaN,NaN,NaN,NaN,NaN,NaN,NaN,NaN,NaN,NaN,NaN,NaN,NaN,NaN,NaN,NaN,NaN,NaN,NaN,NaN,NaN,NaN,NaN,NaN,NaN,NaN,NaN,NaN,NaN,NaN,NaN,NaN,NaN,NaN,NaN,NaN,NaN,NaN,NaN,NaN,NaN,NaN,NaN,NaN,NaN,NaN,NaN,NaN,NaN,NaN,NaN,NaN,NaN,NaN,NaN,NaN,NaN,NaN,NaN,NaN,NaN,NaN,NaN,NaN,NaN,NaN,NaN,NaN,NaN,NaN,NaN,NaN,NaN,NaN,NaN,NaN,NaN,NaN,NaN,NaN,NaN,NaN,NaN,NaN,NaN,NaN,NaN,NaN,NaN,NaN,NaN,NaN,NaN,NaN,NaN,NaN,NaN,NaN,NaN,NaN,NaN,NaN,NaN,NaN,NaN,NaN,NaN,NaN,NaN,NaN,NaN,NaN,NaN,NaN,NaN,NaN,NaN,NaN,NaN,NaN,NaN,NaN,NaN,NaN,NaN,NaN,NaN,NaN,NaN,NaN,NaN,NaN,NaN,NaN,NaN,NaN,NaN,NaN,NaN,NaN,NaN,NaN,NaN,NaN,NaN,NaN,NaN,NaN,NaN,NaN,NaN,NaN,NaN,NaN,NaN,NaN,NaN,NaN,NaN,NaN,NaN,NaN,NaN,NaN,NaN,NaN,NaN,NaN,NaN,NaN,NaN,NaN,NaN,NaN,NaN,NaN,NaN,NaN,NaN,NaN,0.108506209662758,0.108264874253049,0.108091082625358,NaN,NaN,NaN,NaN,NaN,NaN,NaN,NaN,NaN,NaN,NaN,NaN,NaN,NaN,NaN,NaN,NaN,NaN,NaN,NaN,0.11738885489761,0.117385133736692,0.117384520565509,0.117379540336365,NaN,NaN,NaN,NaN,NaN,NaN,NaN,NaN,NaN,NaN,NaN,NaN,NaN,NaN,NaN,NaN,NaN,NaN,NaN,NaN,NaN,NaN,NaN,NaN,NaN,NaN,NaN,NaN,NaN,NaN,NaN
NaN,NaN,NaN,NaN,NaN,NaN,NaN,NaN,NaN,NaN,NaN,NaN,NaN,NaN,NaN,NaN,NaN,NaN,NaN,NaN,NaN,NaN,NaN,NaN,NaN,NaN,NaN,NaN,NaN,NaN,NaN,NaN,NaN,NaN,NaN,NaN,NaN,NaN,NaN,NaN,NaN,NaN,NaN,NaN,NaN,NaN,NaN,NaN,NaN,NaN,NaN,NaN,NaN,NaN,NaN,NaN,NaN,NaN,NaN,NaN,NaN,NaN,NaN,NaN,NaN,NaN,NaN,NaN,NaN,NaN,NaN,NaN,NaN,NaN,NaN,NaN,NaN,NaN,NaN,NaN,NaN,NaN,NaN,NaN,NaN,NaN,NaN,NaN,NaN,NaN,NaN,NaN,NaN,NaN,NaN,NaN,NaN,NaN,NaN,NaN,NaN,NaN,NaN,NaN,NaN,NaN,NaN,NaN,NaN,NaN,NaN,NaN,NaN,NaN,NaN,NaN,NaN,NaN,NaN,NaN,NaN,NaN,NaN,NaN,NaN,NaN,NaN,NaN,NaN,NaN,NaN,NaN,NaN,NaN,NaN,NaN,NaN,NaN,NaN,NaN,NaN,NaN,NaN,NaN,NaN,NaN,NaN,NaN,NaN,NaN,NaN,NaN,NaN,NaN,NaN,NaN,NaN,NaN,NaN,NaN,NaN,NaN,NaN,NaN,NaN,NaN,NaN,NaN,NaN,NaN,NaN,NaN,NaN,NaN,NaN,NaN,NaN,NaN,NaN,NaN,NaN,NaN,NaN,NaN,NaN,NaN,NaN,NaN,0.10775695200335,0.107787050698507,NaN,NaN,NaN,NaN,NaN,NaN,NaN,NaN,NaN,NaN,NaN,NaN,NaN,NaN,NaN,NaN,NaN,NaN,NaN,NaN,0.117398561796844,0.11739808240048,0.117398318801437,0.117395775818712,NaN,NaN,NaN,NaN,NaN,NaN,NaN,NaN,NaN,NaN,NaN,NaN,NaN,NaN,NaN,NaN,NaN,NaN,NaN,NaN,NaN,NaN,NaN,NaN,NaN,NaN,NaN,NaN,NaN,NaN,NaN
NaN,NaN,NaN,NaN,NaN,NaN,NaN,NaN,NaN,NaN,NaN,NaN,NaN,NaN,NaN,NaN,NaN,NaN,NaN,NaN,NaN,NaN,NaN,NaN,NaN,NaN,NaN,NaN,NaN,NaN,NaN,NaN,NaN,NaN,NaN,NaN,NaN,NaN,NaN,NaN,NaN,NaN,NaN,NaN,NaN,NaN,NaN,NaN,NaN,NaN,NaN,NaN,NaN,NaN,NaN,NaN,NaN,NaN,NaN,NaN,NaN,NaN,NaN,NaN,NaN,NaN,NaN,NaN,NaN,NaN,NaN,NaN,NaN,NaN,NaN,NaN,NaN,NaN,NaN,NaN,NaN,NaN,NaN,NaN,NaN,NaN,NaN,NaN,NaN,NaN,NaN,NaN,NaN,NaN,NaN,NaN,NaN,NaN,NaN,NaN,NaN,NaN,NaN,NaN,NaN,NaN,NaN,NaN,NaN,NaN,NaN,NaN,NaN,NaN,NaN,NaN,NaN,NaN,NaN,NaN,NaN,NaN,NaN,NaN,NaN,NaN,NaN,NaN,NaN,NaN,NaN,NaN,NaN,NaN,NaN,NaN,NaN,NaN,NaN,NaN,NaN,NaN,NaN,NaN,NaN,NaN,NaN,NaN,NaN,NaN,NaN,NaN,NaN,NaN,NaN,NaN,NaN,NaN,NaN,NaN,NaN,NaN,NaN,NaN,NaN,NaN,NaN,NaN,NaN,NaN,NaN,NaN,NaN,NaN,NaN,NaN,NaN,NaN,NaN,NaN,NaN,NaN,NaN,NaN,NaN,NaN,NaN,NaN,0.106647773136103,0.103428354648448,NaN,NaN,NaN,NaN,NaN,NaN,NaN,NaN,NaN,NaN,NaN,NaN,NaN,NaN,NaN,NaN,NaN,NaN,NaN,NaN,0.117406031245837,0.117400593070662,0.117405424291711,0.117404977726727,NaN,NaN,NaN,NaN,NaN,NaN,NaN,NaN,NaN,NaN,NaN,NaN,NaN,NaN,NaN,NaN,NaN,NaN,NaN,NaN,NaN,NaN,NaN,NaN,NaN,NaN,NaN,NaN,NaN,NaN,NaN
NaN,NaN,NaN,NaN,NaN,NaN,NaN,NaN,NaN,NaN,NaN,NaN,NaN,NaN,NaN,NaN,NaN,NaN,NaN,NaN,NaN,NaN,NaN,NaN,NaN,NaN,NaN,NaN,NaN,NaN,NaN,NaN,NaN,NaN,NaN,NaN,NaN,NaN,NaN,NaN,NaN,NaN,NaN,NaN,NaN,NaN,NaN,NaN,NaN,NaN,NaN,NaN,NaN,NaN,NaN,NaN,NaN,NaN,NaN,NaN,NaN,NaN,NaN,NaN,NaN,NaN,NaN,NaN,NaN,NaN,NaN,NaN,NaN,NaN,NaN,NaN,NaN,NaN,NaN,NaN,NaN,NaN,NaN,NaN,NaN,NaN,NaN,NaN,NaN,NaN,NaN,NaN,NaN,NaN,NaN,NaN,NaN,NaN,NaN,NaN,NaN,NaN,NaN,NaN,NaN,NaN,NaN,NaN,NaN,NaN,NaN,NaN,NaN,NaN,NaN,NaN,NaN,NaN,NaN,NaN,NaN,NaN,NaN,NaN,NaN,NaN,NaN,NaN,NaN,NaN,NaN,NaN,NaN,NaN,NaN,NaN,NaN,NaN,NaN,NaN,NaN,NaN,NaN,NaN,NaN,NaN,NaN,NaN,NaN,NaN,NaN,NaN,NaN,NaN,NaN,NaN,NaN,NaN,NaN,NaN,NaN,NaN,NaN,NaN,NaN,NaN,NaN,NaN,NaN,NaN,NaN,NaN,NaN,NaN,NaN,NaN,NaN,NaN,NaN,NaN,NaN,NaN,NaN,NaN,NaN,NaN,NaN,NaN,0.105806976270215,0.106106501821856,NaN,NaN,NaN,NaN,NaN,NaN,NaN,NaN,NaN,NaN,NaN,NaN,NaN,NaN,NaN,NaN,NaN,NaN,NaN,NaN,0.117322116837119,0.117404620297339,0.117400145714658,0.117360609740343,0.117397657823758,NaN,NaN,NaN,NaN,NaN,NaN,NaN,NaN,NaN,NaN,NaN,NaN,NaN,NaN,NaN,NaN,NaN,NaN,NaN,NaN,NaN,NaN,NaN,NaN,NaN,NaN,NaN,NaN,NaN,NaN
NaN,NaN,NaN,NaN,NaN,NaN,NaN,NaN,NaN,NaN,NaN,NaN,NaN,NaN,NaN,NaN,NaN,NaN,NaN,NaN,NaN,NaN,NaN,NaN,NaN,NaN,NaN,NaN,NaN,NaN,NaN,NaN,NaN,NaN,NaN,NaN,NaN,NaN,NaN,NaN,NaN,NaN,NaN,NaN,NaN,NaN,NaN,NaN,NaN,NaN,NaN,NaN,NaN,NaN,NaN,NaN,NaN,NaN,NaN,NaN,NaN,NaN,NaN,NaN,NaN,NaN,NaN,NaN,NaN,NaN,NaN,NaN,NaN,NaN,NaN,NaN,NaN,NaN,NaN,NaN,NaN,NaN,NaN,NaN,NaN,NaN,NaN,NaN,NaN,NaN,NaN,NaN,NaN,NaN,NaN,NaN,NaN,NaN,NaN,NaN,NaN,NaN,NaN,NaN,NaN,NaN,NaN,NaN,NaN,NaN,NaN,NaN,NaN,NaN,NaN,NaN,NaN,NaN,NaN,NaN,NaN,NaN,NaN,NaN,NaN,NaN,NaN,NaN,NaN,NaN,NaN,NaN,NaN,NaN,NaN,NaN,NaN,NaN,NaN,NaN,NaN,NaN,NaN,NaN,NaN,NaN,NaN,NaN,NaN,NaN,NaN,NaN,NaN,NaN,NaN,NaN,NaN,NaN,NaN,NaN,NaN,NaN,NaN,NaN,NaN,NaN,NaN,NaN,NaN,NaN,NaN,NaN,NaN,NaN,NaN,NaN,NaN,NaN,NaN,NaN,NaN,NaN,NaN,NaN,NaN,NaN,NaN,NaN,0.104795922689438,NaN,NaN,NaN,NaN,NaN,NaN,NaN,NaN,NaN,NaN,NaN,NaN,NaN,NaN,NaN,NaN,NaN,NaN,NaN,NaN,NaN,NaN,0.117319916640501,0.117396708425935,0.117403087645259,0.117398799573448,NaN,NaN,NaN,NaN,NaN,NaN,NaN,NaN,NaN,NaN,NaN,NaN,NaN,NaN,NaN,NaN,NaN,NaN,NaN,NaN,NaN,NaN,NaN,NaN,NaN,NaN,NaN,NaN,NaN,NaN
NaN,NaN,NaN,NaN,NaN,NaN,NaN,NaN,NaN,NaN,NaN,NaN,NaN,NaN,NaN,NaN,NaN,NaN,NaN,NaN,NaN,NaN,NaN,NaN,NaN,NaN,NaN,NaN,NaN,NaN,NaN,NaN,NaN,NaN,NaN,NaN,NaN,NaN,NaN,NaN,NaN,NaN,NaN,NaN,NaN,NaN,NaN,NaN,NaN,NaN,NaN,NaN,NaN,NaN,NaN,NaN,NaN,NaN,NaN,NaN,NaN,NaN,NaN,NaN,NaN,NaN,NaN,NaN,NaN,NaN,NaN,NaN,NaN,NaN,NaN,NaN,NaN,NaN,NaN,NaN,NaN,NaN,NaN,NaN,NaN,NaN,NaN,NaN,NaN,NaN,NaN,NaN,NaN,NaN,NaN,NaN,NaN,NaN,NaN,NaN,NaN,NaN,NaN,NaN,NaN,NaN,NaN,NaN,NaN,NaN,NaN,NaN,NaN,NaN,NaN,NaN,NaN,NaN,NaN,NaN,NaN,NaN,NaN,NaN,NaN,NaN,NaN,NaN,NaN,NaN,NaN,NaN,NaN,NaN,NaN,NaN,NaN,NaN,NaN,NaN,NaN,NaN,NaN,NaN,NaN,NaN,NaN,NaN,NaN,NaN,NaN,NaN,NaN,NaN,NaN,NaN,NaN,NaN,NaN,NaN,NaN,NaN,NaN,NaN,NaN,NaN,NaN,NaN,NaN,NaN,NaN,NaN,NaN,NaN,NaN,NaN,NaN,NaN,NaN,NaN,NaN,NaN,NaN,NaN,NaN,NaN,NaN,NaN,0.10359285657347,0.103147384505109,NaN,NaN,NaN,NaN,9.31785872816484e-20,8.74536702621689e-22,NaN,NaN,NaN,NaN,NaN,NaN,NaN,NaN,NaN,NaN,NaN,NaN,NaN,NaN,NaN,NaN,0.117320784179951,0.117400294072556,0.117401736624549,NaN,NaN,NaN,NaN,NaN,NaN,NaN,NaN,NaN,NaN,NaN,NaN,NaN,NaN,NaN,NaN,NaN,NaN,NaN,NaN,NaN,NaN,NaN,NaN,NaN,NaN,NaN,NaN,NaN,NaN
NaN,NaN,NaN,NaN,NaN,NaN,NaN,NaN,NaN,NaN,NaN,NaN,NaN,NaN,NaN,NaN,NaN,NaN,NaN,NaN,NaN,NaN,NaN,NaN,NaN,NaN,NaN,NaN,NaN,NaN,NaN,NaN,NaN,NaN,NaN,NaN,NaN,NaN,NaN,NaN,NaN,NaN,NaN,NaN,NaN,NaN,NaN,NaN,NaN,NaN,NaN,NaN,NaN,NaN,NaN,NaN,NaN,NaN,NaN,NaN,NaN,NaN,NaN,NaN,NaN,NaN,NaN,NaN,NaN,NaN,NaN,NaN,NaN,NaN,NaN,NaN,NaN,NaN,NaN,NaN,NaN,NaN,NaN,NaN,NaN,NaN,NaN,NaN,NaN,NaN,NaN,NaN,NaN,NaN,NaN,NaN,NaN,NaN,NaN,NaN,NaN,NaN,NaN,NaN,NaN,NaN,NaN,NaN,NaN,NaN,NaN,NaN,NaN,NaN,NaN,NaN,NaN,NaN,NaN,NaN,NaN,NaN,NaN,NaN,NaN,NaN,NaN,NaN,NaN,NaN,NaN,NaN,NaN,NaN,NaN,NaN,NaN,NaN,NaN,NaN,NaN,NaN,NaN,NaN,NaN,NaN,NaN,NaN,NaN,NaN,NaN,NaN,NaN,NaN,NaN,NaN,NaN,NaN,NaN,NaN,NaN,NaN,NaN,NaN,NaN,NaN,NaN,NaN,NaN,NaN,NaN,NaN,NaN,NaN,NaN,NaN,NaN,NaN,NaN,NaN,NaN,NaN,NaN,NaN,NaN,NaN,NaN,NaN,0.103339647327461,0.103327706382022,NaN,NaN,NaN,NaN,3.79773611871698e-20,-2.2125468383599e-19,NaN,NaN,NaN,NaN,NaN,NaN,NaN,NaN,NaN,NaN,NaN,NaN,NaN,NaN,NaN,NaN,NaN,NaN,NaN,NaN,NaN,NaN,NaN,NaN,NaN,NaN,NaN,NaN,NaN,NaN,NaN,NaN,NaN,NaN,NaN,NaN,NaN,NaN,NaN,NaN,NaN,NaN,NaN,NaN,NaN,NaN,NaN,NaN,NaN
NaN,NaN,NaN,NaN,NaN,NaN,NaN,NaN,NaN,NaN,NaN,NaN,NaN,NaN,NaN,NaN,NaN,NaN,NaN,NaN,NaN,NaN,NaN,NaN,NaN,NaN,NaN,NaN,NaN,NaN,NaN,NaN,NaN,NaN,NaN,NaN,NaN,NaN,NaN,NaN,NaN,NaN,NaN,NaN,NaN,NaN,NaN,NaN,NaN,NaN,NaN,NaN,NaN,NaN,NaN,NaN,NaN,NaN,NaN,NaN,NaN,NaN,NaN,NaN,NaN,NaN,NaN,NaN,NaN,NaN,NaN,NaN,NaN,NaN,NaN,NaN,NaN,NaN,NaN,NaN,NaN,NaN,NaN,NaN,NaN,NaN,NaN,NaN,NaN,NaN,NaN,NaN,NaN,NaN,NaN,NaN,NaN,NaN,NaN,NaN,NaN,NaN,NaN,NaN,NaN,NaN,NaN,NaN,NaN,NaN,NaN,NaN,NaN,NaN,NaN,NaN,NaN,NaN,NaN,NaN,NaN,NaN,NaN,NaN,NaN,NaN,NaN,NaN,NaN,NaN,NaN,NaN,NaN,NaN,NaN,NaN,NaN,NaN,NaN,NaN,NaN,NaN,NaN,NaN,NaN,NaN,NaN,NaN,NaN,NaN,NaN,NaN,NaN,NaN,NaN,NaN,NaN,NaN,NaN,NaN,NaN,NaN,NaN,NaN,NaN,NaN,NaN,NaN,NaN,NaN,NaN,NaN,NaN,NaN,NaN,NaN,NaN,NaN,NaN,NaN,NaN,NaN,NaN,NaN,NaN,NaN,0.102610537240604,0.102600003447039,0.103047917259566,0.102854160637815,NaN,NaN,NaN,NaN,NaN,NaN,NaN,NaN,NaN,NaN,NaN,NaN,NaN,NaN,NaN,NaN,NaN,NaN,NaN,NaN,NaN,NaN,NaN,NaN,NaN,NaN,NaN,NaN,NaN,NaN,NaN,NaN,NaN,NaN,NaN,NaN,NaN,NaN,NaN,NaN,NaN,NaN,NaN,NaN,NaN,NaN,NaN,NaN,NaN,NaN,NaN,NaN,NaN,NaN,NaN
NaN,NaN,NaN,NaN,NaN,NaN,NaN,NaN,NaN,NaN,NaN,NaN,NaN,NaN,NaN,NaN,NaN,NaN,NaN,NaN,NaN,NaN,NaN,NaN,NaN,NaN,NaN,NaN,NaN,NaN,NaN,NaN,NaN,NaN,NaN,NaN,NaN,NaN,NaN,NaN,NaN,NaN,NaN,NaN,NaN,NaN,NaN,NaN,NaN,NaN,NaN,NaN,NaN,NaN,NaN,NaN,NaN,NaN,NaN,NaN,NaN,NaN,NaN,NaN,NaN,NaN,NaN,NaN,NaN,NaN,NaN,NaN,NaN,NaN,NaN,NaN,NaN,NaN,NaN,NaN,NaN,NaN,NaN,NaN,NaN,NaN,NaN,NaN,NaN,NaN,NaN,NaN,NaN,NaN,NaN,NaN,NaN,NaN,NaN,NaN,NaN,NaN,NaN,NaN,NaN,NaN,NaN,NaN,NaN,NaN,NaN,NaN,NaN,NaN,NaN,NaN,NaN,NaN,NaN,NaN,NaN,NaN,NaN,NaN,NaN,NaN,NaN,NaN,NaN,NaN,NaN,NaN,NaN,NaN,NaN,NaN,NaN,NaN,NaN,NaN,NaN,NaN,NaN,NaN,NaN,NaN,NaN,NaN,NaN,NaN,NaN,NaN,NaN,NaN,NaN,NaN,NaN,NaN,NaN,NaN,NaN,NaN,NaN,NaN,NaN,NaN,NaN,NaN,NaN,NaN,NaN,NaN,NaN,NaN,NaN,NaN,NaN,NaN,NaN,NaN,NaN,NaN,NaN,NaN,NaN,NaN,0.102634814542454,0.102639007354492,NaN,NaN,NaN,NaN,NaN,NaN,NaN,NaN,NaN,NaN,NaN,NaN,NaN,NaN,NaN,NaN,NaN,NaN,NaN,NaN,NaN,NaN,NaN,NaN,NaN,NaN,NaN,NaN,NaN,NaN,NaN,NaN,NaN,NaN,NaN,NaN,NaN,NaN,NaN,NaN,NaN,NaN,NaN,NaN,NaN,NaN,NaN,NaN,NaN,NaN,NaN,NaN,NaN,NaN,NaN,NaN,NaN
NaN,NaN,NaN,NaN,NaN,NaN,NaN,NaN,NaN,NaN,NaN,NaN,NaN,NaN,NaN,NaN,NaN,NaN,NaN,NaN,NaN,NaN,NaN,NaN,NaN,NaN,NaN,NaN,NaN,NaN,NaN,NaN,NaN,NaN,NaN,NaN,NaN,NaN,NaN,NaN,NaN,NaN,NaN,NaN,NaN,NaN,NaN,NaN,NaN,NaN,NaN,NaN,NaN,NaN,NaN,NaN,NaN,NaN,NaN,NaN,NaN,NaN,NaN,NaN,NaN,NaN,NaN,NaN,NaN,NaN,NaN,NaN,NaN,NaN,NaN,NaN,NaN,NaN,NaN,NaN,NaN,NaN,NaN,NaN,NaN,NaN,NaN,NaN,NaN,NaN,NaN,NaN,NaN,NaN,NaN,NaN,NaN,NaN,NaN,NaN,NaN,NaN,NaN,NaN,NaN,NaN,NaN,NaN,NaN,NaN,NaN,NaN,NaN,NaN,NaN,NaN,NaN,NaN,NaN,NaN,NaN,NaN,NaN,NaN,NaN,NaN,NaN,NaN,NaN,NaN,NaN,NaN,NaN,NaN,NaN,NaN,NaN,NaN,NaN,NaN,NaN,NaN,NaN,NaN,NaN,NaN,NaN,NaN,NaN,NaN,NaN,NaN,NaN,NaN,NaN,NaN,NaN,NaN,NaN,NaN,NaN,NaN,NaN,NaN,NaN,NaN,NaN,NaN,NaN,NaN,NaN,NaN,NaN,NaN,NaN,NaN,NaN,NaN,NaN,NaN,NaN,NaN,NaN,NaN,NaN,NaN,0.102593612032661,0.102612013497798,NaN,NaN,NaN,NaN,NaN,NaN,NaN,NaN,NaN,NaN,NaN,NaN,NaN,NaN,NaN,NaN,NaN,NaN,NaN,NaN,NaN,NaN,NaN,NaN,NaN,NaN,NaN,NaN,NaN,NaN,NaN,NaN,NaN,NaN,NaN,NaN,NaN,NaN,NaN,NaN,NaN,NaN,NaN,NaN,NaN,NaN,NaN,NaN,NaN,NaN,NaN,NaN,NaN,NaN,NaN,NaN,NaN
NaN,NaN,NaN,NaN,NaN,NaN,NaN,NaN,NaN,NaN,NaN,NaN,NaN,NaN,NaN,NaN,NaN,NaN,NaN,NaN,NaN,NaN,NaN,NaN,NaN,NaN,NaN,NaN,NaN,NaN,NaN,NaN,NaN,NaN,NaN,NaN,NaN,NaN,NaN,NaN,NaN,NaN,NaN,NaN,NaN,NaN,NaN,NaN,NaN,NaN,NaN,NaN,NaN,NaN,NaN,NaN,NaN,NaN,NaN,NaN,NaN,NaN,NaN,NaN,NaN,NaN,NaN,NaN,NaN,NaN,NaN,NaN,NaN,NaN,NaN,NaN,NaN,NaN,NaN,NaN,NaN,NaN,NaN,NaN,NaN,NaN,NaN,NaN,NaN,NaN,NaN,NaN,NaN,NaN,NaN,NaN,NaN,NaN,NaN,NaN,NaN,NaN,NaN,NaN,NaN,NaN,NaN,NaN,NaN,NaN,NaN,NaN,NaN,NaN,NaN,NaN,NaN,NaN,NaN,NaN,NaN,NaN,NaN,NaN,NaN,NaN,NaN,NaN,NaN,NaN,NaN,NaN,NaN,NaN,NaN,NaN,NaN,NaN,NaN,NaN,NaN,NaN,NaN,NaN,NaN,NaN,NaN,NaN,NaN,NaN,NaN,NaN,NaN,NaN,NaN,NaN,NaN,NaN,NaN,NaN,NaN,NaN,NaN,NaN,NaN,NaN,NaN,NaN,NaN,NaN,NaN,NaN,NaN,NaN,NaN,NaN,NaN,NaN,NaN,NaN,NaN,NaN,NaN,NaN,NaN,NaN,0.102493426236454,NaN,NaN,NaN,NaN,NaN,NaN,NaN,NaN,NaN,NaN,NaN,NaN,NaN,NaN,NaN,NaN,NaN,NaN,NaN,NaN,NaN,NaN,NaN,NaN,NaN,NaN,NaN,NaN,NaN,NaN,NaN,NaN,NaN,NaN,NaN,NaN,NaN,NaN,NaN,NaN,NaN,NaN,NaN,NaN,NaN,NaN,NaN,NaN,NaN,NaN,NaN,NaN,NaN,NaN,NaN,NaN,NaN,NaN
NaN,NaN,NaN,NaN,NaN,NaN,NaN,NaN,NaN,NaN,NaN,NaN,NaN,NaN,NaN,NaN,NaN,NaN,NaN,NaN,NaN,NaN,NaN,NaN,NaN,NaN,NaN,NaN,NaN,NaN,NaN,NaN,NaN,NaN,NaN,NaN,NaN,NaN,NaN,NaN,NaN,NaN,NaN,NaN,NaN,NaN,NaN,NaN,NaN,NaN,NaN,NaN,NaN,NaN,NaN,NaN,NaN,NaN,NaN,NaN,NaN,NaN,NaN,NaN,NaN,NaN,NaN,NaN,NaN,NaN,NaN,NaN,NaN,NaN,NaN,NaN,NaN,NaN,NaN,NaN,NaN,NaN,NaN,NaN,NaN,NaN,NaN,NaN,NaN,NaN,NaN,NaN,NaN,NaN,NaN,NaN,NaN,NaN,NaN,NaN,NaN,NaN,NaN,NaN,NaN,NaN,NaN,NaN,NaN,NaN,NaN,NaN,NaN,NaN,NaN,NaN,NaN,NaN,NaN,NaN,NaN,NaN,NaN,NaN,NaN,NaN,NaN,NaN,NaN,NaN,NaN,NaN,NaN,NaN,NaN,NaN,NaN,NaN,NaN,NaN,NaN,NaN,NaN,NaN,NaN,NaN,NaN,NaN,NaN,NaN,NaN,NaN,NaN,NaN,NaN,NaN,NaN,NaN,NaN,NaN,NaN,NaN,NaN,NaN,NaN,NaN,NaN,NaN,NaN,NaN,NaN,NaN,NaN,NaN,NaN,NaN,NaN,NaN,NaN,NaN,NaN,NaN,NaN,NaN,NaN,0.096965422851108,0.102193603021428,NaN,NaN,NaN,NaN,NaN,NaN,NaN,NaN,NaN,NaN,NaN,NaN,NaN,NaN,NaN,NaN,NaN,NaN,NaN,NaN,NaN,NaN,NaN,NaN,NaN,NaN,NaN,NaN,NaN,NaN,NaN,NaN,NaN,NaN,NaN,NaN,NaN,NaN,NaN,NaN,NaN,NaN,NaN,NaN,NaN,NaN,NaN,NaN,NaN,NaN,NaN,NaN,NaN,NaN,NaN,NaN,NaN,NaN
NaN,NaN,NaN,NaN,NaN,NaN,NaN,NaN,NaN,NaN,NaN,NaN,NaN,NaN,NaN,NaN,NaN,NaN,NaN,NaN,NaN,NaN,NaN,NaN,NaN,NaN,NaN,NaN,NaN,NaN,NaN,NaN,NaN,NaN,NaN,NaN,NaN,NaN,NaN,NaN,NaN,NaN,NaN,NaN,NaN,NaN,NaN,NaN,NaN,NaN,NaN,NaN,NaN,NaN,NaN,NaN,NaN,NaN,NaN,NaN,NaN,NaN,NaN,NaN,NaN,NaN,NaN,NaN,NaN,NaN,NaN,NaN,NaN,NaN,NaN,NaN,NaN,NaN,NaN,NaN,NaN,NaN,NaN,NaN,NaN,NaN,NaN,NaN,NaN,NaN,NaN,NaN,NaN,NaN,NaN,NaN,NaN,NaN,NaN,NaN,NaN,NaN,NaN,NaN,NaN,NaN,NaN,NaN,NaN,NaN,NaN,NaN,NaN,NaN,NaN,NaN,NaN,NaN,NaN,NaN,NaN,NaN,NaN,NaN,NaN,NaN,NaN,NaN,NaN,NaN,NaN,NaN,NaN,NaN,NaN,NaN,NaN,NaN,NaN,NaN,NaN,NaN,NaN,NaN,NaN,NaN,NaN,NaN,NaN,NaN,NaN,NaN,NaN,NaN,NaN,NaN,NaN,NaN,NaN,NaN,NaN,NaN,NaN,NaN,NaN,NaN,NaN,NaN,NaN,NaN,NaN,NaN,NaN,NaN,NaN,NaN,NaN,NaN,NaN,NaN,NaN,NaN,NaN,NaN,0.0939111644814623,0.095809445544867,NaN,NaN,NaN,NaN,NaN,NaN,NaN,NaN,NaN,NaN,NaN,NaN,NaN,NaN,NaN,NaN,NaN,NaN,NaN,NaN,NaN,NaN,NaN,NaN,NaN,NaN,NaN,NaN,NaN,NaN,NaN,NaN,NaN,NaN,NaN,NaN,NaN,NaN,NaN,NaN,NaN,NaN,NaN,NaN,NaN,NaN,NaN,NaN,NaN,NaN,NaN,NaN,NaN,NaN,NaN,NaN,NaN,NaN,NaN
NaN,NaN,NaN,NaN,NaN,NaN,NaN,NaN,NaN,NaN,NaN,NaN,NaN,NaN,NaN,NaN,NaN,NaN,NaN,NaN,NaN,NaN,NaN,NaN,NaN,NaN,NaN,NaN,NaN,NaN,NaN,NaN,NaN,NaN,NaN,NaN,NaN,NaN,NaN,NaN,NaN,NaN,NaN,NaN,NaN,NaN,NaN,NaN,NaN,NaN,NaN,NaN,NaN,NaN,NaN,NaN,NaN,NaN,NaN,NaN,NaN,NaN,NaN,NaN,NaN,NaN,NaN,NaN,NaN,NaN,NaN,NaN,NaN,NaN,NaN,NaN,NaN,NaN,NaN,NaN,NaN,NaN,NaN,NaN,NaN,NaN,NaN,NaN,NaN,NaN,NaN,NaN,NaN,NaN,NaN,NaN,NaN,NaN,NaN,NaN,NaN,NaN,NaN,NaN,NaN,NaN,NaN,NaN,NaN,NaN,NaN,NaN,NaN,NaN,NaN,NaN,NaN,NaN,NaN,NaN,NaN,NaN,NaN,NaN,NaN,NaN,NaN,NaN,NaN,NaN,NaN,NaN,NaN,NaN,NaN,NaN,NaN,NaN,NaN,NaN,NaN,NaN,NaN,NaN,NaN,NaN,NaN,NaN,NaN,NaN,NaN,NaN,NaN,NaN,NaN,NaN,NaN,NaN,NaN,NaN,NaN,NaN,NaN,NaN,NaN,NaN,NaN,NaN,NaN,NaN,NaN,NaN,NaN,NaN,NaN,NaN,NaN,NaN,NaN,NaN,NaN,NaN,NaN,0.0937931208450154,0.0955187566439348,0.0957563827365527,NaN,NaN,NaN,NaN,NaN,NaN,NaN,NaN,NaN,NaN,NaN,NaN,NaN,NaN,NaN,NaN,NaN,NaN,NaN,NaN,NaN,NaN,NaN,NaN,NaN,NaN,NaN,NaN,NaN,NaN,NaN,NaN,NaN,NaN,NaN,NaN,NaN,NaN,NaN,NaN,NaN,NaN,NaN,NaN,NaN,NaN,NaN,NaN,NaN,NaN,NaN,NaN,NaN,NaN,NaN,NaN,NaN,NaN,NaN
NaN,NaN,NaN,NaN,NaN,NaN,NaN,NaN,NaN,NaN,NaN,NaN,NaN,NaN,NaN,NaN,NaN,NaN,NaN,NaN,NaN,NaN,NaN,NaN,NaN,NaN,NaN,NaN,NaN,NaN,NaN,NaN,NaN,NaN,NaN,NaN,NaN,NaN,NaN,NaN,NaN,NaN,NaN,NaN,NaN,NaN,NaN,NaN,NaN,NaN,NaN,NaN,NaN,NaN,NaN,NaN,NaN,NaN,NaN,NaN,NaN,NaN,NaN,NaN,NaN,NaN,NaN,NaN,NaN,NaN,NaN,NaN,NaN,NaN,NaN,NaN,NaN,NaN,NaN,NaN,NaN,NaN,NaN,NaN,NaN,NaN,NaN,NaN,NaN,NaN,NaN,NaN,NaN,NaN,NaN,NaN,NaN,NaN,NaN,NaN,NaN,NaN,NaN,NaN,NaN,NaN,NaN,NaN,NaN,NaN,NaN,NaN,NaN,NaN,NaN,NaN,NaN,NaN,NaN,NaN,NaN,NaN,NaN,NaN,NaN,NaN,NaN,NaN,NaN,NaN,NaN,NaN,NaN,NaN,NaN,NaN,NaN,NaN,NaN,NaN,NaN,NaN,NaN,NaN,NaN,NaN,NaN,NaN,NaN,NaN,NaN,NaN,NaN,NaN,NaN,NaN,NaN,NaN,NaN,NaN,NaN,NaN,NaN,NaN,NaN,NaN,NaN,NaN,NaN,NaN,NaN,NaN,NaN,NaN,NaN,NaN,NaN,NaN,NaN,NaN,NaN,NaN,NaN,0.0953536215683099,0.0953435882337588,NaN,NaN,NaN,NaN,NaN,NaN,NaN,NaN,NaN,NaN,NaN,NaN,NaN,NaN,NaN,NaN,NaN,NaN,NaN,NaN,NaN,NaN,NaN,NaN,NaN,NaN,NaN,NaN,NaN,NaN,NaN,NaN,NaN,NaN,NaN,NaN,NaN,NaN,NaN,NaN,NaN,NaN,NaN,NaN,NaN,NaN,NaN,NaN,NaN,NaN,NaN,NaN,NaN,NaN,NaN,NaN,NaN,NaN,NaN,NaN
NaN,NaN,NaN,NaN,NaN,NaN,NaN,NaN,NaN,NaN,NaN,NaN,NaN,NaN,NaN,NaN,NaN,NaN,NaN,NaN,NaN,NaN,NaN,NaN,NaN,NaN,NaN,NaN,NaN,NaN,NaN,NaN,NaN,NaN,NaN,NaN,NaN,NaN,NaN,NaN,NaN,NaN,NaN,NaN,NaN,NaN,NaN,NaN,NaN,NaN,NaN,NaN,NaN,NaN,NaN,NaN,NaN,NaN,NaN,NaN,NaN,NaN,NaN,NaN,NaN,NaN,NaN,NaN,NaN,NaN,NaN,NaN,NaN,NaN,NaN,NaN,NaN,NaN,NaN,NaN,NaN,NaN,NaN,NaN,NaN,NaN,NaN,NaN,NaN,NaN,NaN,NaN,NaN,NaN,NaN,NaN,NaN,NaN,NaN,NaN,NaN,NaN,NaN,NaN,NaN,NaN,NaN,NaN,NaN,NaN,NaN,NaN,NaN,NaN,NaN,NaN,NaN,NaN,NaN,NaN,NaN,NaN,NaN,NaN,NaN,NaN,NaN,NaN,NaN,NaN,NaN,NaN,NaN,NaN,NaN,NaN,NaN,NaN,NaN,NaN,NaN,NaN,NaN,NaN,NaN,NaN,NaN,NaN,NaN,NaN,NaN,NaN,NaN,NaN,NaN,NaN,NaN,NaN,NaN,NaN,NaN,NaN,NaN,NaN,NaN,NaN,NaN,NaN,NaN,NaN,NaN,NaN,NaN,NaN,NaN,NaN,NaN,NaN,NaN,NaN,NaN,NaN,NaN,0.0947896430537544,0.0953130991328334,NaN,NaN,NaN,NaN,NaN,NaN,NaN,NaN,NaN,NaN,NaN,NaN,NaN,NaN,NaN,NaN,NaN,NaN,NaN,NaN,NaN,NaN,NaN,NaN,NaN,NaN,NaN,NaN,NaN,NaN,NaN,NaN,NaN,NaN,NaN,NaN,NaN,NaN,NaN,NaN,NaN,NaN,NaN,NaN,NaN,NaN,NaN,NaN,NaN,NaN,NaN,NaN,NaN,NaN,NaN,NaN,NaN,NaN,NaN,NaN
NaN,NaN,NaN,NaN,NaN,NaN,NaN,NaN,NaN,NaN,NaN,NaN,NaN,NaN,NaN,NaN,NaN,NaN,NaN,NaN,NaN,NaN,NaN,NaN,NaN,NaN,NaN,NaN,NaN,NaN,NaN,NaN,NaN,NaN,NaN,NaN,NaN,NaN,NaN,NaN,NaN,NaN,NaN,NaN,NaN,NaN,NaN,NaN,NaN,NaN,NaN,NaN,NaN,NaN,NaN,NaN,NaN,NaN,NaN,NaN,NaN,NaN,NaN,NaN,NaN,NaN,NaN,NaN,NaN,NaN,NaN,NaN,NaN,NaN,NaN,NaN,NaN,NaN,NaN,NaN,NaN,NaN,NaN,NaN,NaN,NaN,NaN,NaN,NaN,NaN,NaN,NaN,NaN,NaN,NaN,NaN,NaN,NaN,NaN,NaN,NaN,NaN,NaN,NaN,NaN,NaN,NaN,NaN,NaN,NaN,NaN,NaN,NaN,NaN,NaN,NaN,NaN,NaN,NaN,NaN,NaN,NaN,NaN,NaN,NaN,NaN,NaN,NaN,NaN,NaN,NaN,NaN,NaN,NaN,NaN,NaN,NaN,NaN,NaN,NaN,NaN,NaN,NaN,NaN,NaN,NaN,NaN,NaN,NaN,NaN,NaN,NaN,NaN,NaN,NaN,NaN,NaN,NaN,NaN,NaN,NaN,NaN,NaN,NaN,NaN,NaN,NaN,NaN,NaN,NaN,NaN,NaN,NaN,NaN,NaN,NaN,NaN,NaN,NaN,NaN,NaN,NaN,NaN,0.0903240772060951,0.0947082633986528,NaN,NaN,NaN,NaN,NaN,NaN,NaN,NaN,NaN,NaN,NaN,NaN,NaN,NaN,NaN,NaN,NaN,NaN,NaN,NaN,NaN,NaN,NaN,NaN,NaN,NaN,NaN,NaN,NaN,NaN,NaN,NaN,NaN,NaN,NaN,NaN,NaN,NaN,NaN,NaN,NaN,NaN,NaN,NaN,NaN,NaN,NaN,NaN,NaN,NaN,NaN,NaN,NaN,NaN,NaN,NaN,NaN,NaN,NaN,NaN
NaN,NaN,NaN,NaN,NaN,NaN,NaN,NaN,NaN,NaN,NaN,NaN,NaN,NaN,NaN,NaN,NaN,NaN,NaN,NaN,NaN,NaN,NaN,NaN,NaN,NaN,NaN,NaN,NaN,NaN,NaN,NaN,NaN,NaN,NaN,NaN,NaN,NaN,NaN,NaN,NaN,NaN,NaN,NaN,NaN,NaN,NaN,NaN,NaN,NaN,NaN,NaN,NaN,NaN,NaN,NaN,NaN,NaN,NaN,NaN,NaN,NaN,NaN,NaN,NaN,NaN,NaN,NaN,NaN,NaN,NaN,NaN,NaN,NaN,NaN,NaN,NaN,NaN,NaN,NaN,NaN,NaN,NaN,NaN,NaN,NaN,NaN,NaN,NaN,NaN,NaN,NaN,NaN,NaN,NaN,NaN,NaN,NaN,NaN,NaN,NaN,NaN,NaN,NaN,NaN,NaN,NaN,NaN,NaN,NaN,NaN,NaN,NaN,NaN,NaN,NaN,NaN,NaN,NaN,NaN,NaN,NaN,NaN,NaN,NaN,NaN,NaN,NaN,NaN,NaN,NaN,NaN,NaN,NaN,NaN,NaN,NaN,NaN,NaN,NaN,NaN,NaN,NaN,NaN,NaN,NaN,NaN,NaN,NaN,NaN,NaN,NaN,NaN,NaN,NaN,NaN,NaN,NaN,NaN,NaN,NaN,NaN,NaN,NaN,NaN,NaN,NaN,NaN,NaN,NaN,NaN,NaN,NaN,NaN,NaN,NaN,NaN,NaN,NaN,NaN,NaN,NaN,0.0901138137916403,0.0902529493144567,0.090269864474196,NaN,NaN,NaN,NaN,NaN,NaN,NaN,NaN,NaN,NaN,NaN,NaN,NaN,NaN,NaN,NaN,NaN,NaN,NaN,NaN,NaN,NaN,NaN,NaN,NaN,NaN,NaN,NaN,NaN,NaN,NaN,NaN,NaN,NaN,NaN,NaN,NaN,NaN,NaN,NaN,NaN,NaN,NaN,NaN,NaN,NaN,NaN,NaN,NaN,NaN,NaN,NaN,NaN,NaN,NaN,NaN,NaN,NaN,NaN,NaN
NaN,NaN,NaN,NaN,NaN,NaN,NaN,NaN,NaN,NaN,NaN,NaN,NaN,NaN,NaN,NaN,NaN,NaN,NaN,NaN,NaN,NaN,NaN,NaN,NaN,NaN,NaN,NaN,NaN,NaN,NaN,NaN,NaN,NaN,NaN,NaN,NaN,NaN,NaN,NaN,NaN,NaN,NaN,NaN,NaN,NaN,NaN,NaN,NaN,NaN,NaN,NaN,NaN,NaN,NaN,NaN,NaN,NaN,NaN,NaN,NaN,NaN,NaN,NaN,NaN,NaN,NaN,NaN,NaN,NaN,NaN,NaN,NaN,NaN,NaN,NaN,NaN,NaN,NaN,NaN,NaN,NaN,NaN,NaN,NaN,NaN,NaN,NaN,NaN,NaN,NaN,NaN,NaN,NaN,NaN,NaN,NaN,NaN,NaN,NaN,NaN,NaN,NaN,NaN,NaN,NaN,NaN,NaN,NaN,NaN,NaN,NaN,NaN,NaN,NaN,NaN,NaN,NaN,NaN,NaN,NaN,NaN,NaN,NaN,NaN,NaN,NaN,NaN,NaN,NaN,NaN,NaN,NaN,NaN,NaN,NaN,NaN,NaN,NaN,NaN,NaN,NaN,NaN,NaN,NaN,NaN,NaN,NaN,NaN,NaN,NaN,NaN,NaN,NaN,NaN,NaN,NaN,NaN,NaN,NaN,NaN,NaN,NaN,NaN,NaN,NaN,NaN,NaN,NaN,NaN,NaN,NaN,NaN,NaN,NaN,NaN,NaN,NaN,NaN,NaN,NaN,NaN,0.0902104149458397,0.0902173208260754,NaN,NaN,NaN,NaN,NaN,NaN,NaN,NaN,NaN,NaN,NaN,NaN,NaN,NaN,NaN,NaN,NaN,NaN,NaN,NaN,NaN,NaN,NaN,NaN,NaN,NaN,NaN,NaN,NaN,NaN,NaN,NaN,NaN,NaN,NaN,NaN,NaN,NaN,NaN,NaN,NaN,NaN,NaN,NaN,NaN,NaN,NaN,NaN,NaN,NaN,NaN,NaN,NaN,NaN,NaN,NaN,NaN,NaN,NaN,NaN,NaN
NaN,NaN,NaN,NaN,NaN,NaN,NaN,NaN,NaN,NaN,NaN,NaN,NaN,NaN,NaN,NaN,NaN,NaN,NaN,NaN,NaN,NaN,NaN,NaN,NaN,NaN,NaN,NaN,NaN,NaN,NaN,NaN,NaN,NaN,NaN,NaN,NaN,NaN,NaN,NaN,NaN,NaN,NaN,NaN,NaN,NaN,NaN,NaN,NaN,NaN,NaN,NaN,NaN,NaN,NaN,NaN,NaN,NaN,NaN,NaN,NaN,NaN,NaN,NaN,NaN,NaN,NaN,NaN,NaN,NaN,NaN,NaN,NaN,NaN,NaN,NaN,NaN,NaN,NaN,NaN,NaN,NaN,NaN,NaN,NaN,NaN,NaN,NaN,NaN,NaN,NaN,NaN,NaN,NaN,NaN,NaN,NaN,NaN,NaN,NaN,NaN,NaN,NaN,NaN,NaN,NaN,NaN,NaN,NaN,NaN,NaN,NaN,NaN,NaN,NaN,NaN,NaN,NaN,NaN,NaN,NaN,NaN,NaN,NaN,NaN,NaN,NaN,NaN,NaN,NaN,NaN,NaN,NaN,NaN,NaN,NaN,NaN,NaN,NaN,NaN,NaN,NaN,NaN,NaN,NaN,NaN,NaN,NaN,NaN,NaN,NaN,NaN,NaN,NaN,NaN,NaN,NaN,NaN,NaN,NaN,NaN,NaN,NaN,NaN,NaN,NaN,NaN,NaN,NaN,NaN,NaN,NaN,NaN,NaN,NaN,NaN,NaN,NaN,NaN,NaN,NaN,NaN,0.0901311303920993,0.0902178392752493,NaN,NaN,NaN,NaN,NaN,NaN,NaN,NaN,NaN,NaN,NaN,NaN,NaN,NaN,NaN,NaN,NaN,NaN,NaN,NaN,NaN,NaN,NaN,NaN,NaN,NaN,NaN,NaN,NaN,NaN,NaN,NaN,NaN,NaN,NaN,NaN,NaN,NaN,NaN,NaN,NaN,NaN,NaN,NaN,NaN,NaN,NaN,NaN,NaN,NaN,NaN,NaN,NaN,NaN,NaN,NaN,NaN,NaN,NaN,NaN,NaN
NaN,NaN,NaN,NaN,NaN,NaN,NaN,NaN,NaN,NaN,NaN,NaN,NaN,NaN,NaN,NaN,NaN,NaN,NaN,NaN,NaN,NaN,NaN,NaN,NaN,NaN,NaN,NaN,NaN,NaN,NaN,NaN,NaN,NaN,NaN,NaN,NaN,NaN,NaN,NaN,NaN,NaN,NaN,NaN,NaN,NaN,NaN,NaN,NaN,NaN,NaN,NaN,NaN,NaN,NaN,NaN,NaN,NaN,NaN,NaN,NaN,NaN,NaN,NaN,NaN,NaN,NaN,NaN,NaN,NaN,NaN,NaN,NaN,NaN,NaN,NaN,NaN,NaN,NaN,NaN,NaN,NaN,NaN,NaN,NaN,NaN,NaN,NaN,NaN,NaN,NaN,NaN,NaN,NaN,NaN,NaN,NaN,NaN,NaN,NaN,NaN,NaN,NaN,NaN,NaN,NaN,NaN,NaN,NaN,NaN,NaN,NaN,NaN,NaN,NaN,NaN,NaN,NaN,NaN,NaN,NaN,NaN,NaN,NaN,NaN,NaN,NaN,NaN,NaN,NaN,NaN,NaN,NaN,NaN,NaN,NaN,NaN,NaN,NaN,NaN,NaN,NaN,NaN,NaN,NaN,NaN,NaN,NaN,NaN,NaN,NaN,NaN,NaN,NaN,NaN,NaN,NaN,NaN,NaN,NaN,NaN,NaN,NaN,NaN,NaN,NaN,NaN,NaN,NaN,NaN,NaN,NaN,NaN,NaN,NaN,NaN,NaN,NaN,NaN,NaN,NaN,NaN,NaN,NaN,NaN,NaN,NaN,NaN,NaN,NaN,NaN,NaN,NaN,NaN,NaN,NaN,NaN,NaN,NaN,NaN,NaN,NaN,NaN,NaN,NaN,NaN,NaN,NaN,NaN,NaN,NaN,NaN,NaN,NaN,NaN,NaN,NaN,NaN,NaN,NaN,NaN,NaN,NaN,NaN,NaN,NaN,NaN,NaN,NaN,NaN,NaN,NaN,NaN,NaN,NaN,NaN,NaN,NaN,NaN,NaN,NaN,NaN,NaN,NaN,NaN
NaN,NaN,NaN,NaN,NaN,NaN,NaN,NaN,NaN,NaN,NaN,NaN,NaN,NaN,NaN,NaN,NaN,NaN,NaN,NaN,NaN,NaN,NaN,NaN,NaN,NaN,NaN,NaN,NaN,NaN,NaN,NaN,NaN,NaN,NaN,NaN,NaN,NaN,NaN,NaN,NaN,NaN,NaN,NaN,NaN,NaN,NaN,NaN,NaN,NaN,NaN,NaN,NaN,NaN,NaN,NaN,NaN,NaN,NaN,NaN,NaN,NaN,NaN,NaN,NaN,NaN,NaN,NaN,NaN,NaN,NaN,NaN,NaN,NaN,NaN,NaN,NaN,NaN,NaN,NaN,NaN,NaN,NaN,NaN,NaN,NaN,NaN,NaN,NaN,NaN,NaN,NaN,NaN,NaN,NaN,NaN,NaN,NaN,NaN,NaN,NaN,NaN,NaN,NaN,NaN,NaN,NaN,NaN,NaN,NaN,NaN,NaN,NaN,NaN,NaN,NaN,NaN,NaN,NaN,NaN,NaN,NaN,NaN,NaN,NaN,NaN,NaN,NaN,NaN,NaN,NaN,NaN,NaN,NaN,NaN,NaN,NaN,NaN,NaN,NaN,NaN,NaN,NaN,NaN,NaN,NaN,NaN,NaN,NaN,NaN,NaN,NaN,NaN,NaN,NaN,NaN,NaN,NaN,NaN,NaN,NaN,NaN,NaN,NaN,NaN,NaN,NaN,NaN,NaN,NaN,NaN,NaN,NaN,NaN,NaN,NaN,NaN,NaN,NaN,NaN,NaN,NaN,NaN,NaN,NaN,NaN,NaN,NaN,NaN,NaN,NaN,NaN,NaN,NaN,NaN,NaN,NaN,NaN,NaN,NaN,NaN,NaN,NaN,NaN,NaN,NaN,NaN,NaN,NaN,NaN,NaN,NaN,NaN,NaN,NaN,NaN,NaN,NaN,NaN,NaN,NaN,NaN,NaN,NaN,NaN,NaN,NaN,NaN,NaN,NaN,NaN,NaN,NaN,NaN,NaN,NaN,NaN,NaN,NaN,NaN,NaN,NaN,NaN,NaN,NaN
NaN,NaN,NaN,NaN,NaN,NaN,NaN,NaN,NaN,NaN,NaN,NaN,NaN,NaN,NaN,NaN,NaN,NaN,NaN,NaN,NaN,NaN,NaN,NaN,NaN,NaN,NaN,NaN,NaN,NaN,NaN,NaN,NaN,NaN,NaN,NaN,NaN,NaN,NaN,NaN,NaN,NaN,NaN,NaN,NaN,NaN,NaN,NaN,NaN,NaN,NaN,NaN,NaN,NaN,NaN,NaN,NaN,NaN,NaN,NaN,NaN,NaN,NaN,NaN,NaN,NaN,NaN,NaN,NaN,NaN,NaN,NaN,NaN,NaN,NaN,NaN,NaN,NaN,NaN,NaN,NaN,NaN,NaN,NaN,NaN,NaN,NaN,NaN,NaN,NaN,NaN,NaN,NaN,NaN,NaN,NaN,NaN,NaN,NaN,NaN,NaN,NaN,NaN,NaN,NaN,NaN,NaN,NaN,NaN,NaN,NaN,NaN,NaN,NaN,NaN,NaN,NaN,NaN,NaN,NaN,NaN,NaN,NaN,NaN,NaN,NaN,NaN,NaN,NaN,NaN,NaN,NaN,NaN,NaN,NaN,NaN,NaN,NaN,NaN,NaN,NaN,NaN,NaN,NaN,NaN,NaN,NaN,NaN,NaN,NaN,NaN,NaN,NaN,NaN,NaN,NaN,NaN,NaN,NaN,NaN,NaN,NaN,NaN,NaN,NaN,NaN,NaN,NaN,NaN,NaN,NaN,NaN,NaN,NaN,NaN,NaN,NaN,NaN,NaN,NaN,NaN,NaN,NaN,NaN,NaN,NaN,NaN,NaN,NaN,NaN,NaN,NaN,NaN,NaN,NaN,NaN,NaN,NaN,NaN,NaN,NaN,NaN,NaN,NaN,NaN,NaN,NaN,NaN,NaN,NaN,NaN,NaN,NaN,NaN,NaN,NaN,NaN,NaN,NaN,NaN,NaN,NaN,NaN,NaN,NaN,NaN,NaN,NaN,NaN,NaN,NaN,NaN,NaN,NaN,NaN,NaN,NaN,NaN,NaN,NaN,NaN,NaN,NaN,NaN,NaN
NaN,NaN,NaN,NaN,NaN,NaN,NaN,NaN,NaN,NaN,NaN,NaN,NaN,NaN,NaN,NaN,NaN,NaN,NaN,NaN,NaN,NaN,NaN,NaN,NaN,NaN,NaN,NaN,NaN,NaN,NaN,NaN,NaN,NaN,NaN,NaN,NaN,NaN,NaN,NaN,NaN,NaN,NaN,NaN,NaN,NaN,NaN,NaN,NaN,NaN,NaN,NaN,NaN,NaN,NaN,NaN,NaN,NaN,NaN,NaN,NaN,NaN,NaN,NaN,NaN,NaN,NaN,NaN,NaN,NaN,NaN,NaN,NaN,NaN,NaN,NaN,NaN,NaN,NaN,NaN,NaN,NaN,NaN,NaN,NaN,NaN,NaN,NaN,NaN,NaN,NaN,NaN,NaN,NaN,NaN,NaN,NaN,NaN,NaN,NaN,NaN,NaN,NaN,NaN,NaN,NaN,NaN,NaN,NaN,NaN,NaN,NaN,NaN,NaN,NaN,NaN,NaN,NaN,NaN,NaN,NaN,NaN,NaN,NaN,NaN,NaN,NaN,NaN,NaN,NaN,NaN,NaN,NaN,NaN,NaN,NaN,NaN,NaN,NaN,NaN,NaN,NaN,NaN,NaN,NaN,NaN,NaN,NaN,NaN,NaN,NaN,NaN,NaN,NaN,NaN,NaN,NaN,NaN,NaN,NaN,NaN,NaN,NaN,NaN,NaN,NaN,NaN,NaN,NaN,NaN,NaN,NaN,NaN,NaN,NaN,NaN,NaN,NaN,NaN,NaN,NaN,NaN,NaN,NaN,NaN,NaN,NaN,NaN,NaN,NaN,NaN,NaN,NaN,NaN,NaN,NaN,NaN,NaN,NaN,NaN,NaN,NaN,NaN,NaN,NaN,NaN,NaN,NaN,NaN,NaN,NaN,NaN,NaN,NaN,NaN,NaN,NaN,NaN,NaN,NaN,NaN,NaN,NaN,NaN,NaN,NaN,NaN,NaN,NaN,NaN,NaN,NaN,NaN,NaN,NaN,NaN,NaN,NaN,NaN,NaN,NaN,NaN,NaN,NaN,NaN
NaN,NaN,NaN,NaN,NaN,NaN,NaN,NaN,NaN,NaN,NaN,NaN,NaN,NaN,NaN,NaN,NaN,NaN,NaN,NaN,NaN,NaN,NaN,NaN,NaN,NaN,NaN,NaN,NaN,NaN,NaN,NaN,NaN,NaN,NaN,NaN,NaN,NaN,NaN,NaN,NaN,NaN,NaN,NaN,NaN,NaN,NaN,NaN,NaN,NaN,NaN,NaN,NaN,NaN,NaN,NaN,NaN,NaN,NaN,NaN,NaN,NaN,NaN,NaN,NaN,NaN,NaN,NaN,NaN,NaN,NaN,NaN,NaN,NaN,NaN,NaN,NaN,NaN,NaN,NaN,NaN,NaN,NaN,NaN,NaN,NaN,NaN,NaN,NaN,NaN,NaN,NaN,NaN,NaN,NaN,NaN,NaN,NaN,NaN,NaN,NaN,NaN,NaN,NaN,NaN,NaN,NaN,NaN,NaN,NaN,NaN,NaN,NaN,NaN,NaN,NaN,NaN,NaN,NaN,NaN,NaN,NaN,NaN,NaN,NaN,NaN,NaN,NaN,NaN,NaN,NaN,NaN,NaN,NaN,NaN,NaN,NaN,NaN,NaN,NaN,NaN,NaN,NaN,NaN,NaN,NaN,NaN,NaN,NaN,NaN,NaN,NaN,NaN,NaN,NaN,NaN,NaN,NaN,NaN,NaN,NaN,NaN,NaN,NaN,NaN,NaN,NaN,NaN,NaN,NaN,NaN,NaN,NaN,NaN,NaN,NaN,NaN,NaN,NaN,NaN,NaN,NaN,NaN,NaN,NaN,NaN,NaN,NaN,NaN,NaN,NaN,NaN,NaN,NaN,NaN,NaN,NaN,NaN,NaN,NaN,NaN,NaN,NaN,NaN,NaN,NaN,NaN,NaN,NaN,NaN,NaN,NaN,NaN,NaN,NaN,NaN,NaN,NaN,NaN,NaN,NaN,NaN,NaN,NaN,NaN,NaN,NaN,NaN,NaN,NaN,NaN,NaN,NaN,NaN,NaN,NaN,NaN,NaN,NaN,NaN,NaN,NaN,NaN,NaN,NaN
NaN,NaN,NaN,NaN,NaN,NaN,NaN,NaN,NaN,NaN,NaN,NaN,NaN,NaN,NaN,NaN,NaN,NaN,NaN,NaN,NaN,NaN,NaN,NaN,NaN,NaN,NaN,NaN,NaN,NaN,NaN,NaN,NaN,NaN,NaN,NaN,NaN,NaN,NaN,NaN,NaN,NaN,NaN,NaN,NaN,NaN,NaN,NaN,NaN,NaN,NaN,NaN,NaN,NaN,NaN,NaN,NaN,NaN,NaN,NaN,NaN,NaN,NaN,NaN,NaN,NaN,NaN,NaN,NaN,NaN,NaN,NaN,NaN,NaN,NaN,NaN,NaN,NaN,NaN,NaN,NaN,NaN,NaN,NaN,NaN,NaN,NaN,NaN,NaN,NaN,NaN,NaN,NaN,NaN,NaN,NaN,NaN,NaN,NaN,NaN,NaN,NaN,NaN,NaN,NaN,NaN,NaN,NaN,NaN,NaN,NaN,NaN,NaN,NaN,NaN,NaN,NaN,NaN,NaN,NaN,NaN,NaN,NaN,NaN,NaN,NaN,NaN,NaN,NaN,NaN,NaN,NaN,NaN,NaN,NaN,NaN,NaN,NaN,NaN,NaN,NaN,NaN,NaN,NaN,NaN,NaN,NaN,NaN,NaN,NaN,NaN,NaN,NaN,NaN,NaN,NaN,NaN,NaN,NaN,NaN,NaN,NaN,NaN,NaN,NaN,NaN,NaN,NaN,NaN,NaN,NaN,NaN,NaN,NaN,NaN,NaN,NaN,NaN,NaN,NaN,NaN,NaN,NaN,NaN,NaN,NaN,NaN,NaN,NaN,NaN,NaN,NaN,NaN,NaN,NaN,NaN,NaN,NaN,NaN,NaN,NaN,NaN,NaN,NaN,NaN,NaN,NaN,NaN,NaN,NaN,NaN,NaN,NaN,NaN,NaN,NaN,NaN,NaN,NaN,NaN,NaN,NaN,NaN,NaN,NaN,NaN,NaN,NaN,NaN,NaN,NaN,NaN,NaN,NaN,NaN,NaN,NaN,NaN,NaN,NaN,NaN,NaN,NaN,NaN,NaN
NaN,NaN,NaN,NaN,NaN,NaN,NaN,NaN,NaN,NaN,NaN,NaN,NaN,NaN,NaN,NaN,NaN,NaN,NaN,NaN,NaN,NaN,NaN,NaN,NaN,NaN,NaN,NaN,NaN,NaN,NaN,NaN,NaN,NaN,NaN,NaN,NaN,NaN,NaN,NaN,NaN,NaN,NaN,NaN,NaN,NaN,NaN,NaN,NaN,NaN,NaN,NaN,NaN,NaN,NaN,NaN,NaN,NaN,NaN,NaN,NaN,NaN,NaN,NaN,NaN,NaN,NaN,NaN,NaN,NaN,NaN,NaN,NaN,NaN,NaN,NaN,NaN,NaN,NaN,NaN,NaN,NaN,NaN,NaN,NaN,NaN,NaN,NaN,NaN,NaN,NaN,NaN,NaN,NaN,NaN,NaN,NaN,NaN,NaN,NaN,NaN,NaN,NaN,NaN,NaN,NaN,NaN,NaN,NaN,NaN,NaN,NaN,NaN,NaN,NaN,NaN,NaN,NaN,NaN,NaN,NaN,NaN,NaN,NaN,NaN,NaN,NaN,NaN,NaN,NaN,NaN,NaN,NaN,NaN,NaN,NaN,NaN,NaN,NaN,NaN,NaN,NaN,NaN,NaN,NaN,NaN,NaN,NaN,NaN,NaN,NaN,NaN,NaN,NaN,NaN,NaN,NaN,NaN,NaN,NaN,NaN,NaN,NaN,NaN,NaN,NaN,NaN,NaN,NaN,NaN,NaN,NaN,NaN,NaN,NaN,NaN,NaN,NaN,NaN,NaN,NaN,NaN,NaN,NaN,NaN,NaN,NaN,NaN,NaN,NaN,NaN,NaN,NaN,NaN,NaN,NaN,NaN,NaN,NaN,NaN,NaN,NaN,NaN,NaN,NaN,NaN,NaN,NaN,NaN,NaN,NaN,NaN,NaN,NaN,NaN,NaN,NaN,NaN,NaN,NaN,NaN,NaN,NaN,NaN,NaN,NaN,NaN,NaN,NaN,NaN,NaN,NaN,NaN,NaN,NaN,NaN,NaN,NaN,NaN,NaN,NaN,NaN,NaN,NaN,NaN
NaN,NaN,NaN,NaN,NaN,NaN,NaN,NaN,NaN,NaN,NaN,NaN,NaN,NaN,NaN,NaN,NaN,NaN,NaN,NaN,NaN,NaN,NaN,NaN,NaN,NaN,NaN,NaN,NaN,NaN,NaN,NaN,NaN,NaN,NaN,NaN,NaN,NaN,NaN,NaN,NaN,NaN,NaN,NaN,NaN,NaN,NaN,NaN,NaN,NaN,NaN,NaN,NaN,NaN,NaN,NaN,NaN,NaN,NaN,NaN,NaN,NaN,NaN,NaN,NaN,NaN,NaN,NaN,NaN,NaN,NaN,NaN,NaN,NaN,NaN,NaN,NaN,NaN,NaN,NaN,NaN,NaN,NaN,NaN,NaN,NaN,NaN,NaN,NaN,NaN,NaN,NaN,NaN,NaN,NaN,NaN,NaN,NaN,NaN,NaN,NaN,NaN,NaN,NaN,NaN,NaN,NaN,NaN,NaN,NaN,NaN,NaN,NaN,NaN,NaN,NaN,NaN,NaN,NaN,NaN,NaN,NaN,NaN,NaN,NaN,NaN,NaN,NaN,NaN,NaN,NaN,NaN,NaN,NaN,NaN,NaN,NaN,NaN,NaN,NaN,NaN,NaN,NaN,NaN,NaN,NaN,NaN,NaN,NaN,NaN,NaN,NaN,NaN,NaN,NaN,NaN,NaN,NaN,NaN,NaN,NaN,NaN,NaN,NaN,NaN,NaN,NaN,NaN,NaN,NaN,NaN,NaN,NaN,NaN,NaN,NaN,NaN,NaN,NaN,NaN,NaN,NaN,NaN,NaN,NaN,NaN,NaN,NaN,NaN,NaN,NaN,NaN,NaN,NaN,NaN,NaN,NaN,NaN,NaN,NaN,NaN,NaN,NaN,NaN,NaN,NaN,NaN,NaN,NaN,NaN,NaN,NaN,NaN,NaN,NaN,NaN,NaN,NaN,NaN,NaN,NaN,NaN,NaN,NaN,NaN,NaN,NaN,NaN,NaN,NaN,NaN,NaN,NaN,NaN,NaN,NaN,NaN,NaN,NaN,NaN,NaN,NaN,NaN,NaN,NaN
NaN,NaN,NaN,NaN,NaN,NaN,NaN,NaN,NaN,NaN,NaN,NaN,NaN,NaN,NaN,NaN,NaN,NaN,NaN,NaN,NaN,NaN,NaN,NaN,NaN,NaN,NaN,NaN,NaN,NaN,NaN,NaN,NaN,NaN,NaN,NaN,NaN,NaN,NaN,NaN,NaN,NaN,NaN,NaN,NaN,NaN,NaN,NaN,NaN,NaN,NaN,NaN,NaN,NaN,NaN,NaN,NaN,NaN,NaN,NaN,NaN,NaN,NaN,NaN,NaN,NaN,NaN,NaN,NaN,NaN,NaN,NaN,NaN,NaN,NaN,NaN,NaN,NaN,NaN,NaN,NaN,NaN,NaN,NaN,NaN,NaN,NaN,NaN,NaN,NaN,NaN,NaN,NaN,NaN,NaN,NaN,NaN,NaN,NaN,NaN,NaN,NaN,NaN,NaN,NaN,NaN,NaN,NaN,NaN,NaN,NaN,NaN,NaN,NaN,NaN,NaN,NaN,NaN,NaN,NaN,NaN,NaN,NaN,NaN,NaN,NaN,NaN,NaN,NaN,NaN,NaN,NaN,NaN,NaN,NaN,NaN,NaN,NaN,NaN,NaN,NaN,NaN,NaN,NaN,NaN,NaN,NaN,NaN,NaN,NaN,NaN,NaN,NaN,NaN,NaN,NaN,NaN,NaN,NaN,NaN,NaN,NaN,NaN,NaN,NaN,NaN,NaN,NaN,NaN,NaN,NaN,NaN,NaN,NaN,NaN,NaN,NaN,NaN,NaN,NaN,NaN,NaN,NaN,NaN,NaN,NaN,NaN,NaN,NaN,NaN,NaN,NaN,NaN,NaN,NaN,NaN,NaN,NaN,NaN,NaN,NaN,NaN,NaN,NaN,NaN,NaN,NaN,NaN,NaN,NaN,NaN,NaN,NaN,NaN,NaN,NaN,NaN,NaN,NaN,NaN,NaN,NaN,NaN,NaN,NaN,NaN,NaN,NaN,NaN,NaN,NaN,NaN,NaN,NaN,NaN,NaN,NaN,NaN,NaN,NaN,NaN,NaN,NaN,NaN,NaN
NaN,NaN,NaN,NaN,NaN,NaN,NaN,NaN,NaN,NaN,NaN,NaN,NaN,NaN,NaN,NaN,NaN,NaN,NaN,NaN,NaN,NaN,NaN,NaN,NaN,NaN,NaN,NaN,NaN,NaN,NaN,NaN,NaN,NaN,NaN,NaN,NaN,NaN,NaN,NaN,NaN,NaN,NaN,NaN,NaN,NaN,NaN,NaN,NaN,NaN,NaN,NaN,NaN,NaN,NaN,NaN,NaN,NaN,NaN,NaN,NaN,NaN,NaN,NaN,NaN,NaN,NaN,NaN,NaN,NaN,NaN,NaN,NaN,NaN,NaN,NaN,NaN,NaN,NaN,NaN,NaN,NaN,NaN,NaN,NaN,NaN,NaN,NaN,NaN,NaN,NaN,NaN,NaN,NaN,NaN,NaN,NaN,NaN,NaN,NaN,NaN,NaN,NaN,NaN,NaN,NaN,NaN,NaN,NaN,NaN,NaN,NaN,NaN,NaN,NaN,NaN,NaN,NaN,NaN,NaN,NaN,NaN,NaN,NaN,NaN,NaN,NaN,NaN,NaN,NaN,NaN,NaN,NaN,NaN,NaN,NaN,NaN,NaN,NaN,NaN,NaN,NaN,NaN,NaN,NaN,NaN,NaN,NaN,NaN,NaN,NaN,NaN,NaN,NaN,NaN,NaN,NaN,NaN,NaN,NaN,NaN,NaN,NaN,NaN,NaN,NaN,NaN,NaN,NaN,NaN,NaN,NaN,NaN,NaN,NaN,NaN,NaN,NaN,NaN,NaN,NaN,NaN,NaN,NaN,NaN,NaN,NaN,NaN,NaN,NaN,NaN,NaN,NaN,NaN,NaN,NaN,NaN,NaN,NaN,NaN,NaN,NaN,NaN,NaN,NaN,NaN,NaN,NaN,NaN,NaN,NaN,NaN,NaN,NaN,NaN,NaN,NaN,NaN,NaN,NaN,NaN,NaN,NaN,NaN,NaN,NaN,NaN,NaN,NaN,NaN,NaN,NaN,NaN,NaN,NaN,NaN,NaN,NaN,NaN,NaN,NaN,NaN,NaN,NaN,NaN
NaN,NaN,NaN,NaN,NaN,NaN,NaN,NaN,NaN,NaN,NaN,NaN,NaN,NaN,NaN,NaN,NaN,NaN,NaN,NaN,NaN,NaN,NaN,NaN,NaN,NaN,NaN,NaN,NaN,NaN,NaN,NaN,NaN,NaN,NaN,NaN,NaN,NaN,NaN,NaN,NaN,NaN,NaN,NaN,NaN,NaN,NaN,NaN,NaN,NaN,NaN,NaN,NaN,NaN,NaN,NaN,NaN,NaN,NaN,NaN,NaN,NaN,NaN,NaN,NaN,NaN,NaN,NaN,NaN,NaN,NaN,NaN,NaN,NaN,NaN,NaN,NaN,NaN,NaN,NaN,NaN,NaN,NaN,NaN,NaN,NaN,NaN,NaN,NaN,NaN,NaN,NaN,NaN,NaN,NaN,NaN,NaN,NaN,NaN,NaN,NaN,NaN,NaN,NaN,NaN,NaN,NaN,NaN,NaN,NaN,NaN,NaN,NaN,NaN,NaN,NaN,NaN,NaN,NaN,NaN,NaN,NaN,NaN,NaN,NaN,NaN,NaN,NaN,NaN,NaN,NaN,NaN,NaN,NaN,NaN,NaN,NaN,NaN,NaN,NaN,NaN,NaN,NaN,NaN,NaN,NaN,NaN,NaN,NaN,NaN,NaN,NaN,NaN,NaN,NaN,NaN,NaN,NaN,NaN,NaN,NaN,NaN,NaN,NaN,NaN,NaN,NaN,NaN,NaN,NaN,NaN,NaN,NaN,NaN,NaN,NaN,NaN,NaN,NaN,NaN,NaN,NaN,NaN,NaN,NaN,NaN,NaN,NaN,NaN,NaN,NaN,NaN,NaN,NaN,NaN,NaN,NaN,NaN,NaN,NaN,NaN,NaN,NaN,NaN,NaN,NaN,NaN,NaN,NaN,NaN,NaN,NaN,NaN,NaN,NaN,NaN,NaN,NaN,NaN,NaN,NaN,NaN,NaN,NaN,NaN,NaN,NaN,NaN,NaN,NaN,NaN,NaN,NaN,NaN,NaN,NaN,NaN,NaN,NaN,NaN,NaN,NaN,NaN,NaN,NaN
NaN,NaN,NaN,NaN,NaN,NaN,NaN,NaN,NaN,NaN,NaN,NaN,NaN,NaN,NaN,NaN,NaN,NaN,NaN,NaN,NaN,NaN,NaN,NaN,NaN,NaN,NaN,NaN,NaN,NaN,NaN,NaN,NaN,NaN,NaN,NaN,NaN,NaN,NaN,NaN,NaN,NaN,NaN,NaN,NaN,NaN,NaN,NaN,NaN,NaN,NaN,NaN,NaN,NaN,NaN,NaN,NaN,NaN,NaN,NaN,NaN,NaN,NaN,NaN,NaN,NaN,NaN,NaN,NaN,NaN,NaN,NaN,NaN,NaN,NaN,NaN,NaN,NaN,NaN,NaN,NaN,NaN,NaN,NaN,NaN,NaN,NaN,NaN,NaN,NaN,NaN,NaN,NaN,NaN,NaN,NaN,NaN,NaN,NaN,NaN,NaN,NaN,NaN,NaN,NaN,NaN,NaN,NaN,NaN,NaN,NaN,NaN,NaN,NaN,NaN,NaN,NaN,NaN,NaN,NaN,NaN,NaN,NaN,NaN,NaN,NaN,NaN,NaN,NaN,NaN,NaN,NaN,NaN,NaN,NaN,NaN,NaN,NaN,NaN,NaN,NaN,NaN,NaN,NaN,NaN,NaN,NaN,NaN,NaN,NaN,NaN,NaN,NaN,NaN,NaN,NaN,NaN,NaN,NaN,NaN,NaN,NaN,NaN,NaN,NaN,NaN,NaN,NaN,NaN,NaN,NaN,NaN,NaN,NaN,NaN,NaN,NaN,NaN,NaN,NaN,NaN,NaN,NaN,NaN,NaN,NaN,NaN,NaN,NaN,NaN,NaN,NaN,NaN,NaN,NaN,NaN,NaN,NaN,NaN,NaN,NaN,NaN,NaN,NaN,NaN,NaN,NaN,NaN,NaN,NaN,NaN,NaN,NaN,NaN,NaN,NaN,NaN,NaN,NaN,NaN,NaN,NaN,NaN,NaN,NaN,NaN,NaN,NaN,NaN,NaN,NaN,NaN,NaN,NaN,NaN,NaN,NaN,NaN,NaN,NaN,NaN,NaN,NaN,NaN,NaN
NaN,NaN,NaN,NaN,NaN,NaN,NaN,NaN,NaN,NaN,NaN,NaN,NaN,NaN,NaN,NaN,NaN,NaN,NaN,NaN,NaN,NaN,NaN,NaN,NaN,NaN,NaN,NaN,NaN,NaN,NaN,NaN,NaN,NaN,NaN,NaN,NaN,NaN,NaN,NaN,NaN,NaN,NaN,NaN,NaN,NaN,NaN,NaN,NaN,NaN,NaN,NaN,NaN,NaN,NaN,NaN,NaN,NaN,NaN,NaN,NaN,NaN,NaN,NaN,NaN,NaN,NaN,NaN,NaN,NaN,NaN,NaN,NaN,NaN,NaN,NaN,NaN,NaN,NaN,NaN,NaN,NaN,NaN,NaN,NaN,NaN,NaN,NaN,NaN,NaN,NaN,NaN,NaN,NaN,NaN,NaN,NaN,NaN,NaN,NaN,NaN,NaN,NaN,NaN,NaN,NaN,NaN,NaN,NaN,NaN,NaN,NaN,NaN,NaN,NaN,NaN,NaN,NaN,NaN,NaN,NaN,NaN,NaN,NaN,NaN,NaN,NaN,NaN,NaN,NaN,NaN,NaN,NaN,NaN,NaN,NaN,NaN,NaN,NaN,NaN,NaN,NaN,NaN,NaN,NaN,NaN,NaN,NaN,NaN,NaN,NaN,NaN,NaN,NaN,NaN,NaN,NaN,NaN,NaN,NaN,NaN,NaN,NaN,NaN,NaN,NaN,NaN,NaN,NaN,NaN,NaN,NaN,NaN,NaN,NaN,NaN,NaN,NaN,NaN,NaN,NaN,NaN,NaN,NaN,NaN,NaN,NaN,NaN,NaN,NaN,NaN,NaN,NaN,NaN,NaN,NaN,NaN,NaN,NaN,NaN,NaN,NaN,NaN,NaN,NaN,NaN,NaN,NaN,NaN,NaN,NaN,NaN,NaN,NaN,NaN,NaN,NaN,NaN,NaN,NaN,NaN,NaN,NaN,NaN,NaN,NaN,NaN,NaN,NaN,NaN,NaN,NaN,NaN,NaN,NaN,NaN,NaN,NaN,NaN,NaN,NaN,NaN,NaN,NaN,NaN
NaN,NaN,NaN,NaN,NaN,NaN,NaN,NaN,NaN,NaN,NaN,NaN,NaN,NaN,NaN,NaN,NaN,NaN,NaN,NaN,NaN,NaN,NaN,NaN,NaN,NaN,NaN,NaN,NaN,NaN,NaN,NaN,NaN,NaN,NaN,NaN,NaN,NaN,NaN,NaN,NaN,NaN,NaN,NaN,NaN,NaN,NaN,NaN,NaN,NaN,NaN,NaN,NaN,NaN,NaN,NaN,NaN,NaN,NaN,NaN,NaN,NaN,NaN,NaN,NaN,NaN,NaN,NaN,NaN,NaN,NaN,NaN,NaN,NaN,NaN,NaN,NaN,NaN,NaN,NaN,NaN,NaN,NaN,NaN,NaN,NaN,NaN,NaN,NaN,NaN,NaN,NaN,NaN,NaN,NaN,NaN,NaN,NaN,NaN,NaN,NaN,NaN,NaN,NaN,NaN,NaN,NaN,NaN,NaN,NaN,NaN,NaN,NaN,NaN,NaN,NaN,NaN,NaN,NaN,NaN,NaN,NaN,NaN,NaN,NaN,NaN,NaN,NaN,NaN,NaN,NaN,NaN,NaN,NaN,NaN,NaN,NaN,NaN,NaN,NaN,NaN,NaN,NaN,NaN,NaN,NaN,NaN,NaN,NaN,NaN,NaN,NaN,NaN,NaN,NaN,NaN,NaN,NaN,NaN,NaN,NaN,NaN,NaN,NaN,NaN,NaN,NaN,NaN,NaN,NaN,NaN,NaN,NaN,NaN,NaN,NaN,NaN,NaN,NaN,NaN,NaN,NaN,NaN,NaN,NaN,NaN,NaN,NaN,NaN,NaN,NaN,NaN,NaN,NaN,NaN,NaN,NaN,NaN,NaN,NaN,NaN,NaN,NaN,NaN,NaN,NaN,NaN,NaN,NaN,NaN,NaN,NaN,NaN,NaN,NaN,NaN,NaN,NaN,NaN,NaN,NaN,NaN,NaN,NaN,NaN,NaN,NaN,NaN,NaN,NaN,NaN,NaN,NaN,NaN,NaN,NaN,NaN,NaN,NaN,NaN,NaN,NaN,NaN,NaN,NaN
NaN,NaN,NaN,NaN,NaN,NaN,NaN,NaN,NaN,NaN,NaN,NaN,NaN,NaN,NaN,NaN,NaN,NaN,NaN,NaN,NaN,NaN,NaN,NaN,NaN,NaN,NaN,NaN,NaN,NaN,NaN,NaN,NaN,NaN,NaN,NaN,NaN,NaN,NaN,NaN,NaN,NaN,NaN,NaN,NaN,NaN,NaN,NaN,NaN,NaN,NaN,NaN,NaN,NaN,NaN,NaN,NaN,NaN,NaN,NaN,NaN,NaN,NaN,NaN,NaN,NaN,NaN,NaN,NaN,NaN,NaN,NaN,NaN,NaN,NaN,NaN,NaN,NaN,NaN,NaN,NaN,NaN,NaN,NaN,NaN,NaN,NaN,NaN,NaN,NaN,NaN,NaN,NaN,NaN,NaN,NaN,NaN,NaN,NaN,NaN,NaN,NaN,NaN,NaN,NaN,NaN,NaN,NaN,NaN,NaN,NaN,NaN,NaN,NaN,NaN,NaN,NaN,NaN,NaN,NaN,NaN,NaN,NaN,NaN,NaN,NaN,NaN,NaN,NaN,NaN,NaN,NaN,NaN,NaN,NaN,NaN,NaN,NaN,NaN,NaN,NaN,NaN,NaN,NaN,NaN,NaN,NaN,NaN,NaN,NaN,NaN,NaN,NaN,NaN,NaN,NaN,NaN,NaN,NaN,NaN,NaN,NaN,NaN,NaN,NaN,NaN,NaN,NaN,NaN,NaN,NaN,NaN,NaN,NaN,NaN,NaN,NaN,NaN,NaN,NaN,NaN,NaN,NaN,NaN,NaN,NaN,NaN,NaN,NaN,NaN,NaN,NaN,NaN,NaN,NaN,NaN,NaN,NaN,NaN,NaN,NaN,NaN,NaN,NaN,NaN,NaN,NaN,NaN,NaN,NaN,NaN,NaN,NaN,NaN,NaN,NaN,NaN,NaN,NaN,NaN,NaN,NaN,NaN,NaN,NaN,NaN,NaN,NaN,NaN,NaN,NaN,NaN,NaN,NaN,NaN,NaN,NaN,NaN,NaN,NaN,NaN,NaN,NaN,NaN,NaN
NaN,NaN,NaN,NaN,NaN,NaN,NaN,NaN,NaN,NaN,NaN,NaN,NaN,NaN,NaN,NaN,NaN,NaN,NaN,NaN,NaN,NaN,NaN,NaN,NaN,NaN,NaN,NaN,NaN,NaN,NaN,NaN,NaN,NaN,NaN,NaN,NaN,NaN,NaN,NaN,NaN,NaN,NaN,NaN,NaN,NaN,NaN,NaN,NaN,NaN,NaN,NaN,NaN,NaN,NaN,NaN,NaN,NaN,NaN,NaN,NaN,NaN,NaN,NaN,NaN,NaN,NaN,NaN,NaN,NaN,NaN,NaN,NaN,NaN,NaN,NaN,NaN,NaN,NaN,NaN,NaN,NaN,NaN,NaN,NaN,NaN,NaN,NaN,NaN,NaN,NaN,NaN,NaN,NaN,NaN,NaN,NaN,NaN,NaN,NaN,NaN,NaN,NaN,NaN,NaN,NaN,NaN,NaN,NaN,NaN,NaN,NaN,NaN,NaN,NaN,NaN,NaN,NaN,NaN,NaN,NaN,NaN,NaN,NaN,NaN,NaN,NaN,NaN,NaN,NaN,NaN,NaN,NaN,NaN,NaN,NaN,NaN,NaN,NaN,NaN,NaN,NaN,NaN,NaN,NaN,NaN,NaN,NaN,NaN,NaN,NaN,NaN,NaN,NaN,NaN,NaN,NaN,NaN,NaN,NaN,NaN,NaN,NaN,NaN,NaN,NaN,NaN,NaN,NaN,NaN,NaN,NaN,NaN,NaN,NaN,NaN,NaN,NaN,NaN,NaN,NaN,NaN,NaN,NaN,NaN,NaN,NaN,NaN,NaN,NaN,NaN,NaN,NaN,NaN,NaN,NaN,NaN,NaN,NaN,NaN,NaN,NaN,NaN,NaN,NaN,NaN,NaN,NaN,NaN,NaN,NaN,NaN,NaN,NaN,NaN,NaN,NaN,NaN,NaN,NaN,NaN,NaN,NaN,NaN,NaN,NaN,NaN,NaN,NaN,NaN,NaN,NaN,NaN,NaN,NaN,NaN,NaN,NaN,NaN,NaN,NaN,NaN,NaN,NaN,NaN
NaN,NaN,NaN,NaN,NaN,NaN,NaN,NaN,NaN,NaN,NaN,NaN,NaN,NaN,NaN,NaN,NaN,NaN,NaN,NaN,NaN,NaN,NaN,NaN,NaN,NaN,NaN,NaN,NaN,NaN,NaN,NaN,NaN,NaN,NaN,NaN,NaN,NaN,NaN,NaN,NaN,NaN,NaN,NaN,NaN,NaN,NaN,NaN,NaN,NaN,NaN,NaN,NaN,NaN,NaN,NaN,NaN,NaN,NaN,NaN,NaN,NaN,NaN,NaN,NaN,NaN,NaN,NaN,NaN,NaN,NaN,NaN,NaN,NaN,NaN,NaN,NaN,NaN,NaN,NaN,NaN,NaN,NaN,NaN,NaN,NaN,NaN,NaN,NaN,NaN,NaN,NaN,NaN,NaN,NaN,NaN,NaN,NaN,NaN,NaN,NaN,NaN,NaN,NaN,NaN,NaN,NaN,NaN,NaN,NaN,NaN,NaN,NaN,NaN,NaN,NaN,NaN,NaN,NaN,NaN,NaN,NaN,NaN,NaN,NaN,NaN,NaN,NaN,NaN,NaN,NaN,NaN,NaN,NaN,NaN,NaN,NaN,NaN,NaN,NaN,NaN,NaN,NaN,NaN,NaN,NaN,NaN,NaN,NaN,NaN,NaN,NaN,NaN,NaN,NaN,NaN,NaN,NaN,NaN,NaN,NaN,NaN,NaN,NaN,NaN,NaN,NaN,NaN,NaN,NaN,NaN,NaN,NaN,NaN,NaN,NaN,NaN,NaN,NaN,NaN,NaN,NaN,NaN,NaN,NaN,NaN,NaN,NaN,NaN,NaN,NaN,NaN,NaN,NaN,NaN,NaN,NaN,NaN,NaN,NaN,NaN,NaN,NaN,NaN,NaN,NaN,NaN,NaN,NaN,NaN,NaN,NaN,NaN,NaN,NaN,NaN,NaN,NaN,NaN,NaN,NaN,NaN,NaN,NaN,NaN,NaN,NaN,NaN,NaN,NaN,NaN,NaN,NaN,NaN,NaN,NaN,NaN,NaN,NaN,NaN,NaN,NaN,NaN,NaN,NaN
NaN,NaN,NaN,NaN,NaN,NaN,NaN,NaN,NaN,NaN,NaN,NaN,NaN,NaN,NaN,NaN,NaN,NaN,NaN,NaN,NaN,NaN,NaN,NaN,NaN,NaN,NaN,NaN,NaN,NaN,NaN,NaN,NaN,NaN,NaN,NaN,NaN,NaN,NaN,NaN,NaN,NaN,NaN,NaN,NaN,NaN,NaN,NaN,NaN,NaN,NaN,NaN,NaN,NaN,NaN,NaN,NaN,NaN,NaN,NaN,NaN,NaN,NaN,NaN,NaN,NaN,NaN,NaN,NaN,NaN,NaN,NaN,NaN,NaN,NaN,NaN,NaN,NaN,NaN,NaN,NaN,NaN,NaN,NaN,NaN,NaN,NaN,NaN,NaN,NaN,NaN,NaN,NaN,NaN,NaN,NaN,NaN,NaN,NaN,NaN,NaN,NaN,NaN,NaN,NaN,NaN,NaN,NaN,NaN,NaN,NaN,NaN,NaN,NaN,NaN,NaN,NaN,NaN,NaN,NaN,NaN,NaN,NaN,NaN,NaN,NaN,NaN,NaN,NaN,NaN,NaN,NaN,NaN,NaN,NaN,NaN,NaN,NaN,NaN,NaN,NaN,NaN,NaN,NaN,NaN,NaN,NaN,NaN,NaN,NaN,NaN,NaN,NaN,NaN,NaN,NaN,NaN,NaN,NaN,NaN,NaN,NaN,NaN,NaN,NaN,NaN,NaN,NaN,NaN,NaN,NaN,NaN,NaN,NaN,NaN,NaN,NaN,NaN,NaN,NaN,NaN,NaN,NaN,NaN,NaN,NaN,NaN,NaN,NaN,NaN,NaN,NaN,NaN,NaN,NaN,NaN,NaN,NaN,NaN,NaN,NaN,NaN,NaN,NaN,NaN,NaN,NaN,NaN,NaN,NaN,NaN,NaN,NaN,NaN,NaN,NaN,NaN,NaN,NaN,NaN,NaN,NaN,NaN,NaN,NaN,NaN,NaN,NaN,NaN,NaN,NaN,NaN,NaN,NaN,NaN,NaN,NaN,NaN,NaN,NaN,NaN,NaN,NaN,NaN,NaN
NaN,NaN,NaN,NaN,NaN,NaN,NaN,NaN,NaN,NaN,NaN,NaN,NaN,NaN,NaN,NaN,NaN,NaN,NaN,NaN,NaN,NaN,NaN,NaN,NaN,NaN,NaN,NaN,NaN,NaN,NaN,NaN,NaN,NaN,NaN,NaN,NaN,NaN,NaN,NaN,NaN,NaN,NaN,NaN,NaN,NaN,NaN,NaN,NaN,NaN,NaN,NaN,NaN,NaN,NaN,NaN,NaN,NaN,NaN,NaN,NaN,NaN,NaN,NaN,NaN,NaN,NaN,NaN,NaN,NaN,NaN,NaN,NaN,NaN,NaN,NaN,NaN,NaN,NaN,NaN,NaN,NaN,NaN,NaN,NaN,NaN,NaN,NaN,NaN,NaN,NaN,NaN,NaN,NaN,NaN,NaN,NaN,NaN,NaN,NaN,NaN,NaN,NaN,NaN,NaN,NaN,NaN,NaN,NaN,NaN,NaN,NaN,NaN,NaN,NaN,NaN,NaN,NaN,NaN,NaN,NaN,NaN,NaN,NaN,NaN,NaN,NaN,NaN,NaN,NaN,NaN,NaN,NaN,NaN,NaN,NaN,NaN,NaN,NaN,NaN,NaN,NaN,NaN,NaN,NaN,NaN,NaN,NaN,NaN,NaN,NaN,NaN,NaN,NaN,NaN,NaN,NaN,NaN,NaN,NaN,NaN,NaN,NaN,NaN,NaN,NaN,NaN,NaN,NaN,NaN,NaN,NaN,NaN,NaN,NaN,NaN,NaN,NaN,NaN,NaN,NaN,NaN,NaN,NaN,NaN,NaN,NaN,NaN,NaN,NaN,NaN,NaN,NaN,NaN,NaN,NaN,NaN,NaN,NaN,NaN,NaN,NaN,NaN,NaN,NaN,NaN,NaN,NaN,NaN,NaN,NaN,NaN,NaN,NaN,NaN,NaN,NaN,NaN,NaN,NaN,NaN,NaN,NaN,NaN,NaN,NaN,NaN,NaN,NaN,NaN,NaN,NaN,NaN,NaN,NaN,NaN,NaN,NaN,NaN,NaN,NaN,NaN,NaN,NaN,NaN
NaN,NaN,NaN,NaN,NaN,NaN,NaN,NaN,NaN,NaN,NaN,NaN,NaN,NaN,NaN,NaN,NaN,NaN,NaN,NaN,NaN,NaN,NaN,NaN,NaN,NaN,NaN,NaN,NaN,NaN,NaN,NaN,NaN,NaN,NaN,NaN,NaN,NaN,NaN,NaN,NaN,NaN,NaN,NaN,NaN,NaN,NaN,NaN,NaN,NaN,NaN,NaN,NaN,NaN,NaN,NaN,NaN,NaN,NaN,NaN,NaN,NaN,NaN,NaN,NaN,NaN,NaN,NaN,NaN,NaN,NaN,NaN,NaN,NaN,NaN,NaN,NaN,NaN,NaN,NaN,NaN,NaN,NaN,NaN,NaN,NaN,NaN,NaN,NaN,NaN,NaN,NaN,NaN,NaN,NaN,NaN,NaN,NaN,NaN,NaN,NaN,NaN,NaN,NaN,NaN,NaN,NaN,NaN,NaN,NaN,NaN,NaN,NaN,NaN,NaN,NaN,NaN,NaN,NaN,NaN,NaN,NaN,NaN,NaN,NaN,NaN,NaN,NaN,NaN,NaN,NaN,NaN,NaN,NaN,NaN,NaN,NaN,NaN,NaN,NaN,NaN,NaN,NaN,NaN,NaN,NaN,NaN,NaN,NaN,NaN,NaN,NaN,NaN,NaN,NaN,NaN,NaN,NaN,NaN,NaN,NaN,NaN,NaN,NaN,NaN,NaN,NaN,NaN,NaN,NaN,NaN,NaN,NaN,NaN,NaN,NaN,NaN,NaN,NaN,NaN,NaN,NaN,NaN,NaN,NaN,NaN,NaN,NaN,NaN,NaN,NaN,NaN,NaN,NaN,NaN,NaN,NaN,NaN,NaN,NaN,NaN,NaN,NaN,NaN,NaN,NaN,NaN,NaN,NaN,NaN,NaN,NaN,NaN,NaN,NaN,NaN,NaN,NaN,NaN,NaN,NaN,NaN,NaN,NaN,NaN,NaN,NaN,NaN,NaN,NaN,NaN,NaN,NaN,NaN,NaN,NaN,NaN,NaN,NaN,NaN,NaN,NaN,NaN,NaN,NaN
NaN,NaN,NaN,NaN,NaN,NaN,NaN,NaN,NaN,NaN,NaN,NaN,NaN,NaN,NaN,NaN,NaN,NaN,NaN,NaN,NaN,NaN,NaN,NaN,NaN,NaN,NaN,NaN,NaN,NaN,NaN,NaN,NaN,NaN,NaN,NaN,NaN,NaN,NaN,NaN,NaN,NaN,NaN,NaN,NaN,NaN,NaN,NaN,NaN,NaN,NaN,NaN,NaN,NaN,NaN,NaN,NaN,NaN,NaN,NaN,NaN,NaN,NaN,NaN,NaN,NaN,NaN,NaN,NaN,NaN,NaN,NaN,NaN,NaN,NaN,NaN,NaN,NaN,NaN,NaN,NaN,NaN,NaN,NaN,NaN,NaN,NaN,NaN,NaN,NaN,NaN,NaN,NaN,NaN,NaN,NaN,NaN,NaN,NaN,NaN,NaN,NaN,NaN,NaN,NaN,NaN,NaN,NaN,NaN,NaN,NaN,NaN,NaN,NaN,NaN,NaN,NaN,NaN,NaN,NaN,NaN,NaN,NaN,NaN,NaN,NaN,NaN,NaN,NaN,NaN,NaN,NaN,NaN,NaN,NaN,NaN,NaN,NaN,NaN,NaN,NaN,NaN,NaN,NaN,NaN,NaN,NaN,NaN,NaN,NaN,NaN,NaN,NaN,NaN,NaN,NaN,NaN,NaN,NaN,NaN,NaN,NaN,NaN,NaN,NaN,NaN,NaN,NaN,NaN,NaN,NaN,NaN,NaN,NaN,NaN,NaN,NaN,NaN,NaN,NaN,NaN,NaN,NaN,NaN,NaN,NaN,NaN,NaN,NaN,NaN,NaN,NaN,NaN,NaN,NaN,NaN,NaN,NaN,NaN,NaN,NaN,NaN,NaN,NaN,NaN,NaN,NaN,NaN,NaN,NaN,NaN,NaN,NaN,NaN,NaN,NaN,NaN,NaN,NaN,NaN,NaN,NaN,NaN,NaN,NaN,NaN,NaN,NaN,NaN,NaN,NaN,NaN,NaN,NaN,NaN,NaN,NaN,NaN,NaN,NaN,NaN,NaN,NaN,NaN,NaN
NaN,NaN,NaN,NaN,NaN,NaN,NaN,NaN,NaN,NaN,NaN,NaN,NaN,NaN,NaN,NaN,NaN,NaN,NaN,NaN,NaN,NaN,NaN,NaN,NaN,NaN,NaN,NaN,NaN,NaN,NaN,NaN,NaN,NaN,NaN,NaN,NaN,NaN,NaN,NaN,NaN,NaN,NaN,NaN,NaN,NaN,NaN,NaN,NaN,NaN,NaN,NaN,NaN,NaN,NaN,NaN,NaN,NaN,NaN,NaN,NaN,NaN,NaN,NaN,NaN,NaN,NaN,NaN,NaN,NaN,NaN,NaN,NaN,NaN,NaN,NaN,NaN,NaN,NaN,NaN,NaN,NaN,NaN,NaN,NaN,NaN,NaN,NaN,NaN,NaN,NaN,NaN,NaN,NaN,NaN,NaN,NaN,NaN,NaN,NaN,NaN,NaN,NaN,NaN,NaN,NaN,NaN,NaN,NaN,NaN,NaN,NaN,NaN,NaN,NaN,NaN,NaN,NaN,NaN,NaN,NaN,NaN,NaN,NaN,NaN,NaN,NaN,NaN,NaN,NaN,NaN,NaN,NaN,NaN,NaN,NaN,NaN,NaN,NaN,NaN,NaN,NaN,NaN,NaN,NaN,NaN,NaN,NaN,NaN,NaN,NaN,NaN,NaN,NaN,NaN,NaN,NaN,NaN,NaN,NaN,NaN,NaN,NaN,NaN,NaN,NaN,NaN,NaN,NaN,NaN,NaN,NaN,NaN,NaN,NaN,NaN,NaN,NaN,NaN,NaN,NaN,NaN,NaN,NaN,NaN,NaN,NaN,NaN,NaN,NaN,NaN,NaN,NaN,NaN,NaN,NaN,NaN,NaN,NaN,NaN,NaN,NaN,NaN,NaN,NaN,NaN,NaN,NaN,NaN,NaN,NaN,NaN,NaN,NaN,NaN,NaN,NaN,NaN,NaN,NaN,NaN,NaN,NaN,NaN,NaN,NaN,NaN,NaN,NaN,NaN,NaN,NaN,NaN,NaN,NaN,NaN,NaN,NaN,NaN,NaN,NaN,NaN,NaN,NaN,NaN
NaN,NaN,NaN,NaN,NaN,NaN,NaN,NaN,NaN,NaN,NaN,NaN,NaN,NaN,NaN,NaN,NaN,NaN,NaN,NaN,NaN,NaN,NaN,NaN,NaN,NaN,NaN,NaN,NaN,NaN,NaN,NaN,NaN,NaN,NaN,NaN,NaN,NaN,NaN,NaN,NaN,NaN,NaN,NaN,NaN,NaN,NaN,NaN,NaN,NaN,NaN,NaN,NaN,NaN,NaN,NaN,NaN,NaN,NaN,NaN,NaN,NaN,NaN,NaN,NaN,NaN,NaN,NaN,NaN,NaN,NaN,NaN,NaN,NaN,NaN,NaN,NaN,NaN,NaN,NaN,NaN,NaN,NaN,NaN,NaN,NaN,NaN,NaN,NaN,NaN,NaN,NaN,NaN,NaN,NaN,NaN,NaN,NaN,NaN,NaN,NaN,NaN,NaN,NaN,NaN,NaN,NaN,NaN,NaN,NaN,NaN,NaN,NaN,NaN,NaN,NaN,NaN,NaN,NaN,NaN,NaN,NaN,NaN,NaN,NaN,NaN,NaN,NaN,NaN,NaN,NaN,NaN,NaN,NaN,NaN,NaN,NaN,NaN,NaN,NaN,NaN,NaN,NaN,NaN,NaN,NaN,NaN,NaN,NaN,NaN,NaN,NaN,NaN,NaN,NaN,NaN,NaN,NaN,NaN,NaN,NaN,NaN,NaN,NaN,NaN,NaN,NaN,NaN,NaN,NaN,NaN,NaN,NaN,NaN,NaN,NaN,NaN,NaN,NaN,NaN,NaN,NaN,NaN,NaN,NaN,NaN,NaN,NaN,NaN,NaN,NaN,NaN,NaN,NaN,NaN,NaN,NaN,NaN,NaN,NaN,NaN,NaN,NaN,NaN,NaN,NaN,NaN,NaN,NaN,NaN,NaN,NaN,NaN,NaN,NaN,NaN,NaN,NaN,NaN,NaN,NaN,NaN,NaN,NaN,NaN,NaN,NaN,NaN,NaN,NaN,NaN,NaN,NaN,NaN,NaN,NaN,NaN,NaN,NaN,NaN,NaN,NaN,NaN,NaN,NaN
NaN,NaN,NaN,NaN,NaN,NaN,NaN,NaN,NaN,NaN,NaN,NaN,NaN,NaN,NaN,NaN,NaN,NaN,NaN,NaN,NaN,NaN,NaN,NaN,NaN,NaN,NaN,NaN,NaN,NaN,NaN,NaN,NaN,NaN,NaN,NaN,NaN,NaN,NaN,NaN,NaN,NaN,NaN,NaN,NaN,NaN,NaN,NaN,NaN,NaN,NaN,NaN,NaN,NaN,NaN,NaN,NaN,NaN,NaN,NaN,NaN,NaN,NaN,NaN,NaN,NaN,NaN,NaN,NaN,NaN,NaN,NaN,NaN,NaN,NaN,NaN,NaN,NaN,NaN,NaN,NaN,NaN,NaN,NaN,NaN,NaN,NaN,NaN,NaN,NaN,NaN,NaN,NaN,NaN,NaN,NaN,NaN,NaN,NaN,NaN,NaN,NaN,NaN,NaN,NaN,NaN,NaN,NaN,NaN,NaN,NaN,NaN,NaN,NaN,NaN,NaN,NaN,NaN,NaN,NaN,NaN,NaN,NaN,NaN,NaN,NaN,NaN,NaN,NaN,NaN,NaN,NaN,NaN,NaN,NaN,NaN,NaN,NaN,NaN,NaN,NaN,NaN,NaN,NaN,NaN,NaN,NaN,NaN,NaN,NaN,NaN,NaN,NaN,NaN,NaN,NaN,NaN,NaN,NaN,NaN,NaN,NaN,NaN,NaN,NaN,NaN,NaN,NaN,NaN,NaN,NaN,NaN,NaN,NaN,NaN,NaN,NaN,NaN,NaN,NaN,NaN,NaN,NaN,NaN,NaN,NaN,NaN,NaN,NaN,NaN,NaN,NaN,NaN,NaN,NaN,NaN,NaN,NaN,NaN,NaN,NaN,NaN,NaN,NaN,NaN,NaN,NaN,NaN,NaN,NaN,NaN,NaN,NaN,NaN,NaN,NaN,NaN,NaN,NaN,NaN,NaN,NaN,NaN,NaN,NaN,NaN,NaN,NaN,NaN,NaN,NaN,NaN,NaN,NaN,NaN,NaN,NaN,NaN,NaN,NaN,NaN,NaN,NaN,NaN,NaN
NaN,NaN,NaN,NaN,NaN,NaN,NaN,NaN,NaN,NaN,NaN,NaN,NaN,NaN,NaN,NaN,NaN,NaN,NaN,NaN,NaN,NaN,NaN,NaN,NaN,NaN,NaN,NaN,NaN,NaN,NaN,NaN,NaN,NaN,NaN,NaN,NaN,NaN,NaN,NaN,NaN,NaN,NaN,NaN,NaN,NaN,NaN,NaN,NaN,NaN,NaN,NaN,NaN,NaN,NaN,NaN,NaN,NaN,NaN,NaN,NaN,NaN,NaN,NaN,NaN,NaN,NaN,NaN,NaN,NaN,NaN,NaN,NaN,NaN,NaN,NaN,NaN,NaN,NaN,NaN,NaN,NaN,NaN,NaN,NaN,NaN,NaN,NaN,NaN,NaN,NaN,NaN,NaN,NaN,NaN,NaN,NaN,NaN,NaN,NaN,NaN,NaN,NaN,NaN,NaN,NaN,NaN,NaN,NaN,NaN,NaN,NaN,NaN,NaN,NaN,NaN,NaN,NaN,NaN,NaN,NaN,NaN,NaN,NaN,NaN,NaN,NaN,NaN,NaN,NaN,NaN,NaN,NaN,NaN,NaN,NaN,NaN,NaN,NaN,NaN,NaN,NaN,NaN,NaN,NaN,NaN,NaN,NaN,NaN,NaN,NaN,NaN,NaN,NaN,NaN,NaN,NaN,NaN,NaN,NaN,NaN,NaN,NaN,NaN,NaN,NaN,NaN,NaN,NaN,NaN,NaN,NaN,NaN,NaN,NaN,NaN,NaN,NaN,NaN,NaN,NaN,NaN,NaN,NaN,NaN,NaN,NaN,NaN,NaN,NaN,NaN,NaN,NaN,NaN,NaN,NaN,NaN,NaN,NaN,NaN,NaN,NaN,NaN,NaN,NaN,NaN,NaN,NaN,NaN,NaN,NaN,NaN,NaN,NaN,NaN,NaN,NaN,NaN,NaN,NaN,NaN,NaN,NaN,NaN,NaN,NaN,NaN,NaN,NaN,NaN,NaN,NaN,NaN,NaN,NaN,NaN,NaN,NaN,NaN,NaN,NaN,NaN,NaN,NaN,NaN
NaN,NaN,NaN,NaN,NaN,NaN,NaN,NaN,NaN,NaN,NaN,NaN,NaN,NaN,NaN,NaN,NaN,NaN,NaN,NaN,NaN,NaN,NaN,NaN,NaN,NaN,NaN,NaN,NaN,NaN,NaN,NaN,NaN,NaN,NaN,NaN,NaN,NaN,NaN,NaN,NaN,NaN,NaN,NaN,NaN,NaN,NaN,NaN,NaN,NaN,NaN,NaN,NaN,NaN,NaN,NaN,NaN,NaN,NaN,NaN,NaN,NaN,NaN,NaN,NaN,NaN,NaN,NaN,NaN,NaN,NaN,NaN,NaN,NaN,NaN,NaN,NaN,NaN,NaN,NaN,NaN,NaN,NaN,NaN,NaN,NaN,NaN,NaN,NaN,NaN,NaN,NaN,NaN,NaN,NaN,NaN,NaN,NaN,NaN,NaN,NaN,NaN,NaN,NaN,NaN,NaN,NaN,NaN,NaN,NaN,NaN,NaN,NaN,NaN,NaN,NaN,NaN,NaN,NaN,NaN,NaN,NaN,NaN,NaN,NaN,NaN,NaN,NaN,NaN,NaN,NaN,NaN,NaN,NaN,NaN,NaN,NaN,NaN,NaN,NaN,NaN,NaN,NaN,NaN,NaN,NaN,NaN,NaN,NaN,NaN,NaN,NaN,NaN,NaN,NaN,NaN,NaN,NaN,NaN,NaN,NaN,NaN,NaN,NaN,NaN,NaN,NaN,NaN,NaN,NaN,NaN,NaN,NaN,NaN,NaN,NaN,NaN,NaN,NaN,NaN,NaN,NaN,NaN,NaN,NaN,NaN,NaN,NaN,NaN,NaN,NaN,NaN,NaN,NaN,NaN,NaN,NaN,NaN,NaN,NaN,NaN,NaN,NaN,NaN,NaN,NaN,NaN,NaN,NaN,NaN,NaN,NaN,NaN,NaN,NaN,NaN,NaN,NaN,NaN,NaN,NaN,NaN,NaN,NaN,NaN,NaN,NaN,NaN,NaN,NaN,NaN,NaN,NaN,NaN,NaN,NaN,NaN,NaN,NaN,NaN,NaN,NaN,NaN,NaN,NaN
NaN,NaN,NaN,NaN,NaN,NaN,NaN,NaN,NaN,NaN,NaN,NaN,NaN,NaN,NaN,NaN,NaN,NaN,NaN,NaN,NaN,NaN,NaN,NaN,NaN,NaN,NaN,NaN,NaN,NaN,NaN,NaN,NaN,NaN,NaN,NaN,NaN,NaN,NaN,NaN,NaN,NaN,NaN,NaN,NaN,NaN,NaN,NaN,NaN,NaN,NaN,NaN,NaN,NaN,NaN,NaN,NaN,NaN,NaN,NaN,NaN,NaN,NaN,NaN,NaN,NaN,NaN,NaN,NaN,NaN,NaN,NaN,NaN,NaN,NaN,NaN,NaN,NaN,NaN,NaN,NaN,NaN,NaN,NaN,NaN,NaN,NaN,NaN,NaN,NaN,NaN,NaN,NaN,NaN,NaN,NaN,NaN,NaN,NaN,NaN,NaN,NaN,NaN,NaN,NaN,NaN,NaN,NaN,NaN,NaN,NaN,NaN,NaN,NaN,NaN,NaN,NaN,NaN,NaN,NaN,NaN,NaN,NaN,NaN,NaN,NaN,NaN,NaN,NaN,NaN,NaN,NaN,NaN,NaN,NaN,NaN,NaN,NaN,NaN,NaN,NaN,NaN,NaN,NaN,NaN,NaN,NaN,NaN,NaN,NaN,NaN,NaN,NaN,NaN,NaN,NaN,NaN,NaN,NaN,NaN,NaN,NaN,NaN,NaN,NaN,NaN,NaN,NaN,NaN,NaN,NaN,NaN,NaN,NaN,NaN,NaN,NaN,NaN,NaN,NaN,NaN,NaN,NaN,NaN,NaN,NaN,NaN,NaN,NaN,NaN,NaN,NaN,NaN,NaN,NaN,NaN,NaN,NaN,NaN,NaN,NaN,NaN,NaN,NaN,NaN,NaN,NaN,NaN,NaN,NaN,NaN,NaN,NaN,NaN,NaN,NaN,NaN,NaN,NaN,NaN,NaN,NaN,NaN,NaN,NaN,NaN,NaN,NaN,NaN,NaN,NaN,NaN,NaN,NaN,NaN,NaN,NaN,NaN,NaN,NaN,NaN,NaN,NaN,NaN,NaN
NaN,NaN,NaN,NaN,NaN,NaN,NaN,NaN,NaN,NaN,NaN,NaN,NaN,NaN,NaN,NaN,NaN,NaN,NaN,NaN,NaN,NaN,NaN,NaN,NaN,NaN,NaN,NaN,NaN,NaN,NaN,NaN,NaN,NaN,NaN,NaN,NaN,NaN,NaN,NaN,NaN,NaN,NaN,NaN,NaN,NaN,NaN,NaN,NaN,NaN,NaN,NaN,NaN,NaN,NaN,NaN,NaN,NaN,NaN,NaN,NaN,NaN,NaN,NaN,NaN,NaN,NaN,NaN,NaN,NaN,NaN,NaN,NaN,NaN,NaN,NaN,NaN,NaN,NaN,NaN,NaN,NaN,NaN,NaN,NaN,NaN,NaN,NaN,NaN,NaN,NaN,NaN,NaN,NaN,NaN,NaN,NaN,NaN,NaN,NaN,NaN,NaN,NaN,NaN,NaN,NaN,NaN,NaN,NaN,NaN,NaN,NaN,NaN,NaN,NaN,NaN,NaN,NaN,NaN,NaN,NaN,NaN,NaN,NaN,NaN,NaN,NaN,NaN,NaN,NaN,NaN,NaN,NaN,NaN,NaN,NaN,NaN,NaN,NaN,NaN,NaN,NaN,NaN,NaN,NaN,NaN,NaN,NaN,NaN,NaN,NaN,NaN,NaN,NaN,NaN,NaN,NaN,NaN,NaN,NaN,NaN,NaN,NaN,NaN,NaN,NaN,NaN,NaN,NaN,NaN,NaN,NaN,NaN,NaN,NaN,NaN,NaN,NaN,NaN,NaN,NaN,NaN,NaN,NaN,NaN,NaN,NaN,NaN,NaN,NaN,NaN,NaN,NaN,NaN,NaN,NaN,NaN,NaN,NaN,NaN,NaN,NaN,NaN,NaN,NaN,NaN,NaN,NaN,NaN,NaN,NaN,NaN,NaN,NaN,NaN,NaN,NaN,NaN,NaN,NaN,NaN,NaN,NaN,NaN,NaN,NaN,NaN,NaN,NaN,NaN,NaN,NaN,NaN,NaN,NaN,NaN,NaN,NaN,NaN,NaN,NaN,NaN,NaN,NaN,NaN
NaN,NaN,NaN,NaN,NaN,NaN,NaN,NaN,NaN,NaN,NaN,NaN,NaN,NaN,NaN,NaN,NaN,NaN,NaN,NaN,NaN,NaN,NaN,NaN,NaN,NaN,NaN,NaN,NaN,NaN,NaN,NaN,NaN,NaN,NaN,NaN,NaN,NaN,NaN,NaN,NaN,NaN,NaN,NaN,NaN,NaN,NaN,NaN,NaN,NaN,NaN,NaN,NaN,NaN,NaN,NaN,NaN,NaN,NaN,NaN,NaN,NaN,NaN,NaN,NaN,NaN,NaN,NaN,NaN,NaN,NaN,NaN,NaN,NaN,NaN,NaN,NaN,NaN,NaN,NaN,NaN,NaN,NaN,NaN,NaN,NaN,NaN,NaN,NaN,NaN,NaN,NaN,NaN,NaN,NaN,NaN,NaN,NaN,NaN,NaN,NaN,NaN,NaN,NaN,NaN,NaN,NaN,NaN,NaN,NaN,NaN,NaN,NaN,NaN,NaN,NaN,NaN,NaN,NaN,NaN,NaN,NaN,NaN,NaN,NaN,NaN,NaN,NaN,NaN,NaN,NaN,NaN,NaN,NaN,NaN,NaN,NaN,NaN,NaN,NaN,NaN,NaN,NaN,NaN,NaN,NaN,NaN,NaN,NaN,NaN,NaN,NaN,NaN,NaN,NaN,NaN,NaN,NaN,NaN,NaN,NaN,NaN,NaN,NaN,NaN,NaN,NaN,NaN,NaN,NaN,NaN,NaN,NaN,NaN,NaN,NaN,NaN,NaN,NaN,NaN,NaN,NaN,NaN,NaN,NaN,NaN,NaN,NaN,NaN,NaN,NaN,NaN,NaN,NaN,NaN,NaN,NaN,NaN,NaN,NaN,NaN,NaN,NaN,NaN,NaN,NaN,NaN,NaN,NaN,NaN,NaN,NaN,NaN,NaN,NaN,NaN,NaN,NaN,NaN,NaN,NaN,NaN,NaN,NaN,NaN,NaN,NaN,NaN,NaN,NaN,NaN,NaN,NaN,NaN,NaN,NaN,NaN,NaN,NaN,NaN,NaN,NaN,NaN,NaN,NaN
NaN,NaN,NaN,NaN,NaN,NaN,NaN,NaN,NaN,NaN,NaN,NaN,NaN,NaN,NaN,NaN,NaN,NaN,NaN,NaN,NaN,NaN,NaN,NaN,NaN,NaN,NaN,NaN,NaN,NaN,NaN,NaN,NaN,NaN,NaN,NaN,NaN,NaN,NaN,NaN,NaN,NaN,NaN,NaN,NaN,NaN,NaN,NaN,NaN,NaN,NaN,NaN,NaN,NaN,NaN,NaN,NaN,NaN,NaN,NaN,NaN,NaN,NaN,NaN,NaN,NaN,NaN,NaN,NaN,NaN,NaN,NaN,NaN,NaN,NaN,NaN,NaN,NaN,NaN,NaN,NaN,NaN,NaN,NaN,NaN,NaN,NaN,NaN,NaN,NaN,NaN,NaN,NaN,NaN,NaN,NaN,NaN,NaN,NaN,NaN,NaN,NaN,NaN,NaN,NaN,NaN,NaN,NaN,NaN,NaN,NaN,NaN,NaN,NaN,NaN,NaN,NaN,NaN,NaN,NaN,NaN,NaN,NaN,NaN,NaN,NaN,NaN,NaN,NaN,NaN,NaN,NaN,NaN,NaN,NaN,NaN,NaN,NaN,NaN,NaN,NaN,NaN,NaN,NaN,NaN,NaN,NaN,NaN,NaN,NaN,NaN,NaN,NaN,NaN,NaN,NaN,NaN,NaN,NaN,NaN,NaN,NaN,NaN,NaN,NaN,NaN,NaN,NaN,NaN,NaN,NaN,NaN,NaN,NaN,NaN,NaN,NaN,NaN,NaN,NaN,NaN,NaN,NaN,NaN,NaN,NaN,NaN,NaN,NaN,NaN,NaN,NaN,NaN,NaN,NaN,NaN,NaN,NaN,NaN,NaN,NaN,NaN,NaN,NaN,NaN,NaN,NaN,NaN,NaN,NaN,NaN,NaN,NaN,NaN,NaN,NaN,NaN,NaN,NaN,NaN,NaN,NaN,NaN,NaN,NaN,NaN,NaN,NaN,NaN,NaN,NaN,NaN,NaN,NaN,NaN,NaN,NaN,NaN,NaN,NaN,NaN,NaN,NaN,NaN,NaN
NaN,NaN,NaN,NaN,NaN,NaN,NaN,NaN,NaN,NaN,NaN,NaN,NaN,NaN,NaN,NaN,NaN,NaN,NaN,NaN,NaN,NaN,NaN,NaN,NaN,NaN,NaN,NaN,NaN,NaN,NaN,NaN,NaN,NaN,NaN,NaN,NaN,NaN,NaN,NaN,NaN,NaN,NaN,NaN,NaN,NaN,NaN,NaN,NaN,NaN,NaN,NaN,NaN,NaN,NaN,NaN,NaN,NaN,NaN,NaN,NaN,NaN,NaN,NaN,NaN,NaN,NaN,NaN,NaN,NaN,NaN,NaN,NaN,NaN,NaN,NaN,NaN,NaN,NaN,NaN,NaN,NaN,NaN,NaN,NaN,NaN,NaN,NaN,NaN,NaN,NaN,NaN,NaN,NaN,NaN,NaN,NaN,NaN,NaN,NaN,NaN,NaN,NaN,NaN,NaN,NaN,NaN,NaN,NaN,NaN,NaN,NaN,NaN,NaN,NaN,NaN,NaN,NaN,NaN,NaN,NaN,NaN,NaN,NaN,NaN,NaN,NaN,NaN,NaN,NaN,NaN,NaN,NaN,NaN,NaN,NaN,NaN,NaN,NaN,NaN,NaN,NaN,NaN,NaN,NaN,NaN,NaN,NaN,NaN,NaN,NaN,NaN,NaN,NaN,NaN,NaN,NaN,NaN,NaN,NaN,NaN,NaN,NaN,NaN,NaN,NaN,NaN,NaN,NaN,NaN,NaN,NaN,NaN,NaN,NaN,NaN,NaN,NaN,NaN,NaN,NaN,NaN,NaN,NaN,NaN,NaN,NaN,NaN,NaN,NaN,NaN,NaN,NaN,NaN,NaN,NaN,NaN,NaN,NaN,NaN,NaN,NaN,NaN,NaN,NaN,NaN,NaN,NaN,NaN,NaN,NaN,NaN,NaN,NaN,NaN,NaN,NaN,NaN,NaN,NaN,NaN,NaN,NaN,NaN,NaN,NaN,NaN,NaN,NaN,NaN,NaN,NaN,NaN,NaN,NaN,NaN,NaN,NaN,NaN,NaN,NaN,NaN,NaN,NaN,NaN
NaN,NaN,NaN,NaN,NaN,NaN,NaN,NaN,NaN,NaN,NaN,NaN,NaN,NaN,NaN,NaN,NaN,NaN,NaN,NaN,NaN,NaN,NaN,NaN,NaN,NaN,NaN,NaN,NaN,NaN,NaN,NaN,NaN,NaN,NaN,NaN,NaN,NaN,NaN,NaN,NaN,NaN,NaN,NaN,NaN,NaN,NaN,NaN,NaN,NaN,NaN,NaN,NaN,NaN,NaN,NaN,NaN,NaN,NaN,NaN,NaN,NaN,NaN,NaN,NaN,NaN,NaN,NaN,NaN,NaN,NaN,NaN,NaN,NaN,NaN,NaN,NaN,NaN,NaN,NaN,NaN,NaN,NaN,NaN,NaN,NaN,NaN,NaN,NaN,NaN,NaN,NaN,NaN,NaN,NaN,NaN,NaN,NaN,NaN,NaN,NaN,NaN,NaN,NaN,NaN,NaN,NaN,NaN,NaN,NaN,NaN,NaN,NaN,NaN,NaN,NaN,NaN,NaN,NaN,NaN,NaN,NaN,NaN,NaN,NaN,NaN,NaN,NaN,NaN,NaN,NaN,NaN,NaN,NaN,NaN,NaN,NaN,NaN,NaN,NaN,NaN,NaN,NaN,NaN,NaN,NaN,NaN,NaN,NaN,NaN,NaN,NaN,NaN,NaN,NaN,NaN,NaN,NaN,NaN,NaN,NaN,NaN,NaN,NaN,NaN,NaN,NaN,NaN,NaN,NaN,NaN,NaN,NaN,NaN,NaN,NaN,NaN,NaN,NaN,NaN,NaN,NaN,NaN,NaN,NaN,NaN,NaN,NaN,NaN,NaN,NaN,NaN,NaN,NaN,NaN,NaN,NaN,NaN,NaN,NaN,NaN,NaN,NaN,NaN,NaN,NaN,NaN,NaN,NaN,NaN,NaN,NaN,NaN,NaN,NaN,NaN,NaN,NaN,NaN,NaN,NaN,NaN,NaN,NaN,NaN,NaN,NaN,NaN,NaN,NaN,NaN,NaN,NaN,NaN,NaN,NaN,NaN,NaN,NaN,NaN,NaN,NaN,NaN,NaN,NaN
NaN,NaN,NaN,NaN,NaN,NaN,NaN,NaN,NaN,NaN,NaN,NaN,NaN,NaN,NaN,NaN,NaN,NaN,NaN,NaN,NaN,NaN,NaN,NaN,NaN,NaN,NaN,NaN,NaN,NaN,NaN,NaN,NaN,NaN,NaN,NaN,NaN,NaN,NaN,NaN,NaN,NaN,NaN,NaN,NaN,NaN,NaN,NaN,NaN,NaN,NaN,NaN,NaN,NaN,NaN,NaN,NaN,NaN,NaN,NaN,NaN,NaN,NaN,NaN,NaN,NaN,NaN,NaN,NaN,NaN,NaN,NaN,NaN,NaN,NaN,NaN,NaN,NaN,NaN,NaN,NaN,NaN,NaN,NaN,NaN,NaN,NaN,NaN,NaN,NaN,NaN,NaN,NaN,NaN,NaN,NaN,NaN,NaN,NaN,NaN,NaN,NaN,NaN,NaN,NaN,NaN,NaN,NaN,NaN,NaN,NaN,NaN,NaN,NaN,NaN,NaN,NaN,NaN,NaN,NaN,NaN,NaN,NaN,NaN,NaN,NaN,NaN,NaN,NaN,NaN,NaN,NaN,NaN,NaN,NaN,NaN,NaN,NaN,NaN,NaN,NaN,NaN,NaN,NaN,NaN,NaN,NaN,NaN,NaN,NaN,NaN,NaN,NaN,NaN,NaN,NaN,NaN,NaN,NaN,NaN,NaN,NaN,NaN,NaN,NaN,NaN,NaN,NaN,NaN,NaN,NaN,NaN,NaN,NaN,NaN,NaN,NaN,NaN,NaN,NaN,NaN,NaN,NaN,NaN,NaN,NaN,NaN,NaN,NaN,NaN,NaN,NaN,NaN,NaN,NaN,NaN,NaN,NaN,NaN,NaN,NaN,NaN,NaN,NaN,NaN,NaN,NaN,NaN,NaN,NaN,NaN,NaN,NaN,NaN,NaN,NaN,NaN,NaN,NaN,NaN,NaN,NaN,NaN,NaN,NaN,NaN,NaN,NaN,NaN,NaN,NaN,NaN,NaN,NaN,NaN,NaN,NaN,NaN,NaN,NaN,NaN,NaN,NaN,NaN,NaN
