NaN,NaN,NaN,NaN,NaN,NaN,NaN,NaN,NaN,NaN,NaN,NaN,NaN,NaN,NaN,NaN,NaN,NaN,NaN,NaN,NaN,NaN,NaN,NaN,NaN,NaN,NaN,NaN,NaN,NaN,NaN,NaN,NaN,NaN,NaN,NaN,NaN,NaN,NaN,NaN,NaN,NaN,NaN,NaN,NaN,NaN,NaN,NaN,NaN,NaN,NaN,NaN,NaN,NaN,NaN,NaN,NaN,NaN,NaN,NaN,NaN,NaN,NaN,NaN,NaN,NaN,NaN,NaN,NaN,NaN,NaN,NaN,NaN,NaN,NaN,NaN,NaN,NaN,NaN,NaN,NaN,NaN,-0.109890613471657,-0.110040167712206,-0.110131096383873,-0.110234097313744,-0.110324391920137,-0.110410563438041,-0.110491267907681,-0.110567469309793,-0.110637454963021,-0.110704362393549,-0.110768461400678,-0.110830485700486,-0.110893284058682,-0.110957177357904,-0.111022511590547,-0.111089800981924,-0.111161208849348,-0.111234500672352,-0.111312100011588,-0.111393917755709,-0.111479772113087,-0.111569752823089,-0.111667375904887,-0.111774026103952,-0.11188727375973,-0.112008069291306,-0.112137445753225,-0.112277960763847,-0.112430710907204,-0.112596143737292,-0.112776182334954,-0.112969721958329,-0.113175740836036,-0.113393354995138,-0.113619304785536,-0.113852573335761,-0.114091635980197,-0.114335523964241,-0.114584605105093,-0.114832418052345,-0.115058152069292,-0.115223375890326,-0.115368103652191,-0.115501867959728,-0.115624605889403,-0.115737327699687,-0.115840895078587,-0.115934331635576,-0.116017739467957,-0.116093378777917,-0.116161170569654,-0.116221354649514,-0.116274341958003,-0.116318372428166,-0.116353583726195,-0.116381842867022,-0.116403402400577,-0.116417649538473,-0.116424765514539,-0.11642566685266,-0.116421288696631,-0.116412926601356,-0.116402556568753,-0.116390185408382,-0.116375023401223,-0.116357046075425,-0.11633673533015,-0.1163133966792,-0.116286804311028,-0.116256589528704,-0.116222519429337,-0.11618467283735,-0.116143918952406,-0.116100119900105,-0.116052862785505,-0.116003400860718,-0.11595374166807,-0.115903517858983,-0.115851806714043,-0.115797519685559,-0.11573921845412,-0.115677010480209,-0.115612044228066,-0.115544618955487,-0.115474150503532,-0.115400966510671,-0.115326196466526,-0.115249269578194,-0.115170277082023,-0.115089213120353,-0.115005887472891,-0.114921264553213,-0.114835553633562,-0.114749102107282,-0.114662115855372,-0.114574741442837,-0.114487262252082,-0.114400104092527,-0.114314045261098,-0.114229325408976,-0.114143771666919,-0.114056902003301,-0.113968658225288,-0.113879443815452,-0.113789468152769,-0.113699091248892,-0.113608068705453,-0.113515235380546,-0.113420786917068,-0.113324468236952,-0.113226403901082,-0.113127236862075,-0.113026672867063,-0.112924880203151,-0.11282220520824,-0.112718962101619,-0.112614299237427,-0.112507383200853,-0.112398108728174,-0.112285376025534,-0.112166090992269,-0.11203844450597,-0.111898460499927,-0.11176007092222,-0.111624488809571,-0.111491544746758,-0.111361265392333,-0.111233772303142,-0.111108917077919,-0.110986596092281,-0.110866664738765,-0.110749398720773,-0.110634678781474,-0.11052171810463,-0.110410251867713,-0.110300162966699,-0.110191228953451,-0.110083441108029,-0.109977001809291,-0.109871946250277,-0.109768064589618,-0.109665300169388,-0.109564106900465,-0.109464657370931,-0.1093668096632,-0.109270352253371,-0.109175027880811,-0.109080501092202,-0.108986560351312,-0.108893167617843,-0.108800392321985,-0.108708527028203,-0.108617813155069,-0.108527838847462,-0.108438693897184,-0.108350979386204,-0.108264839748117,-0.108180935527577,-0.10810018914571,-0.108021142032076,-0.107947132921733,-0.107890427128277,-0.10789042710033
NaN,NaN,NaN,NaN,NaN,NaN,NaN,NaN,NaN,NaN,NaN,NaN,NaN,NaN,NaN,NaN,NaN,NaN,NaN,NaN,NaN,NaN,NaN,NaN,NaN,NaN,NaN,NaN,NaN,NaN,NaN,NaN,NaN,NaN,NaN,NaN,NaN,NaN,NaN,NaN,NaN,NaN,NaN,NaN,NaN,NaN,NaN,NaN,NaN,NaN,NaN,NaN,NaN,NaN,NaN,NaN,NaN,NaN,NaN,NaN,NaN,NaN,NaN,NaN,NaN,NaN,NaN,NaN,NaN,NaN,NaN,NaN,NaN,NaN,NaN,NaN,NaN,NaN,NaN,NaN,NaN,NaN,-0.109889236306951,-0.110039537926507,-0.110130430607675,-0.110233421896826,-0.110323735688931,-0.11040995531696,-0.110490702131048,-0.110566947755808,-0.110636947868896,-0.110703861534946,-0.110767962568251,-0.11082999092253,-0.110892803290211,-0.110956686835547,-0.111022015144862,-0.111089324230471,-0.111160715526745,-0.111233992643222,-0.111311616145075,-0.111393439168626,-0.111479278865004,-0.111569245130039,-0.111666883847152,-0.111773535696681,-0.111886777598419,-0.112007574904873,-0.112136978503322,-0.112277518342771,-0.112430269915008,-0.112595686835607,-0.112775719825008,-0.112969266674534,-0.11317528755888,-0.113392902775037,-0.113618869739651,-0.113852114422036,-0.114091140302182,-0.11433496875873,-0.114583906057056,-0.114831400788101,-0.115056782137175,-0.115222273801505,-0.115367225994887,-0.115501137718404,-0.115623974730378,-0.115736783134585,-0.115840438077787,-0.115933951619733,-0.116017434631129,-0.116093140174037,-0.116160977517314,-0.116221204880901,-0.116274218425749,-0.116318247487988,-0.116353462763865,-0.116381745157788,-0.116403329666415,-0.116417594773924,-0.116424726960824,-0.116425662492149,-0.116421332439871,-0.116413008715783,-0.116402670891005,-0.116390324396401,-0.116375184653334,-0.116357224741011,-0.116336912852796,-0.116313575007309,-0.116286994523081,-0.116256793332397,-0.116222743101657,-0.116184912501423,-0.116144176344221,-0.116100389210379,-0.116053137108496,-0.116003690907205,-0.115954056528554,-0.11590384645892,-0.115852143270101,-0.115797869540713,-0.115739579603582,-0.115677381799218,-0.115612432666253,-0.115545030473378,-0.115474581884841,-0.115401408993602,-0.115326651600438,-0.115249735393461,-0.115170756167679,-0.115089703294625,-0.115006389976962,-0.114921769776633,-0.114836037918246,-0.114749557218723,-0.114662548077557,-0.114575150237388,-0.114487651284877,-0.114400478394998,-0.114314392781937,-0.114229639837359,-0.114144066779299,-0.114057177147964,-0.113968917189722,-0.113879695927852,-0.113789717113197,-0.113699338215031,-0.113608310049628,-0.113515465394335,-0.113421008625652,-0.113324677243804,-0.11322659354717,-0.113127398769072,-0.113026807893763,-0.112924995013274,-0.112822305335796,-0.112719049508285,-0.1126143811253,-0.112507469769861,-0.112398205687425,-0.112285507124908,-0.112166310852538,-0.112038725720717,-0.11189868824327,-0.111760228586564,-0.111624598533366,-0.111491612479862,-0.111361299646946,-0.111233776358242,-0.111108896731673,-0.110986556755666,-0.110866615839775,-0.110749343895879,-0.11063462394446,-0.110521668003134,-0.110410211403221,-0.110300127423213,-0.110191196521515,-0.110083413535719,-0.109976980848383,-0.109871928429934,-0.109768047318555,-0.109665283694579,-0.109564094192025,-0.109464646162052,-0.109366799392142,-0.109270353006061,-0.10917504617346,-0.109080536870574,-0.108986610439,-0.108893236890617,-0.108800485532455,-0.108708646029157,-0.108617957855923,-0.108528013561802,-0.108438896600277,-0.108351205297288,-0.108265082993183,-0.108181186006604,-0.108100418077475,-0.108021270981713,-0.107947119785346,-0.10788990180527,-0.107890427448761
NaN,NaN,NaN,NaN,NaN,NaN,NaN,NaN,NaN,NaN,NaN,NaN,NaN,NaN,NaN,NaN,NaN,NaN,NaN,NaN,NaN,NaN,NaN,NaN,NaN,NaN,NaN,NaN,NaN,NaN,NaN,NaN,NaN,NaN,NaN,NaN,NaN,NaN,NaN,NaN,NaN,NaN,NaN,NaN,NaN,NaN,NaN,NaN,NaN,NaN,NaN,NaN,NaN,NaN,NaN,NaN,NaN,NaN,NaN,NaN,NaN,NaN,NaN,NaN,NaN,NaN,NaN,NaN,NaN,NaN,NaN,NaN,NaN,NaN,NaN,NaN,NaN,NaN,NaN,NaN,NaN,NaN,-0.109978362494975,-0.110097491461811,-0.110167176965343,-0.110248395483834,-0.110324184417626,-0.110397508468035,-0.110465119369391,-0.110531752767543,-0.1105944463642,-0.110653701112802,-0.110712274816491,-0.110770279778737,-0.110828025117552,-0.110887640221614,-0.110948080486593,-0.111009970801745,-0.111074644003574,-0.111142582757077,-0.11121532676807,-0.111292381552841,-0.111371911759643,-0.111456270759304,-0.111549365204181,-0.11165168159547,-0.111760337205831,-0.111876436591569,-0.112002321781504,-0.112139286663005,-0.112286592437124,-0.112446621069276,-0.112618525773871,-0.112801255864006,-0.112993747746989,-0.113196239887512,-0.113402806393208,-0.113610747548937,-0.113818338616212,-0.114024301610095,-0.114227298059042,-0.114423071159283,-0.114605222764248,-0.114773557021606,-0.114928695085134,-0.115072707640307,-0.115206347350296,-0.115330587191433,-0.115445391358327,-0.11554949281334,-0.115643437151356,-0.115728796230895,-0.115805924224923,-0.115875576862658,-0.115937845129617,-0.115992180889801,-0.116039064718216,-0.116079068482602,-0.116111772706378,-0.116137515114517,-0.116156296961911,-0.116168243977547,-0.116173407317066,-0.116172952184765,-0.1161697031856,-0.116163602976305,-0.116153854271143,-0.116141009871352,-0.116125936363149,-0.116109464906848,-0.116090606994909,-0.116068208947646,-0.116041435176841,-0.116010035450295,-0.115974756928865,-0.115936643325971,-0.115896063610843,-0.115853552997149,-0.11580944211347,-0.115762966282085,-0.115714519536714,-0.115663981826425,-0.115610566998976,-0.115553718997176,-0.115493858018474,-0.115431232784816,-0.115365583155616,-0.115296988368826,-0.115225993008815,-0.115152697856808,-0.115077330541726,-0.114999244007525,-0.114919040816509,-0.114837626667878,-0.114754835810096,-0.114670630891772,-0.114585296230236,-0.114499203806645,-0.114413203942026,-0.114327353454813,-0.114241013282341,-0.114153517548488,-0.114065909165619,-0.113977969752738,-0.113889052874063,-0.113798999813813,-0.113707791745924,-0.113614850776938,-0.113520066843623,-0.113423692232539,-0.113325824674732,-0.113226034130004,-0.113123976723417,-0.113019303693415,-0.112912528626466,-0.112804471155226,-0.112695110591523,-0.112584120457851,-0.112471136598484,-0.112355389056351,-0.112236080653189,-0.112112392537925,-0.111984328443054,-0.111854202462941,-0.111721629325284,-0.111589620788971,-0.11145954271125,-0.111331443943057,-0.111205728527202,-0.111082668950366,-0.110962146813322,-0.110844025098354,-0.110728006094635,-0.110614102116439,-0.110502404745186,-0.110392813671264,-0.110284838229961,-0.110178428762708,-0.110073334011262,-0.109969392594252,-0.109866540116324,-0.109764950661417,-0.109664717372712,-0.109566055671235,-0.10946902551301,-0.109373313785044,-0.109279031521374,-0.109186455247454,-0.109095343077013,-0.109004969315024,-0.108915161339107,-0.108825926294125,-0.108737430727396,-0.108649725147559,-0.108562834137183,-0.10847666205672,-0.108391626099162,-0.108308077005063,-0.108226413026038,-0.108146640923819,-0.108069991472682,-0.107994859299713,-0.107922905783483,-0.107866578224886,-0.107866649814092
NaN,NaN,NaN,NaN,NaN,NaN,NaN,NaN,NaN,NaN,NaN,NaN,NaN,NaN,NaN,NaN,NaN,NaN,NaN,NaN,NaN,NaN,NaN,NaN,NaN,NaN,NaN,NaN,NaN,NaN,NaN,NaN,NaN,NaN,NaN,NaN,NaN,NaN,NaN,NaN,NaN,NaN,NaN,NaN,NaN,NaN,NaN,NaN,NaN,NaN,NaN,NaN,NaN,NaN,NaN,NaN,NaN,NaN,NaN,NaN,NaN,NaN,NaN,NaN,NaN,NaN,NaN,NaN,NaN,NaN,NaN,NaN,NaN,NaN,NaN,NaN,NaN,NaN,NaN,NaN,NaN,NaN,-0.109993421222525,-0.110098501277537,-0.110160735057326,-0.11023587824652,-0.110305390302945,-0.110373439949425,-0.110436982399628,-0.110498448488034,-0.110556909454104,-0.110612834861727,-0.110669398489516,-0.110725815890061,-0.110780921835261,-0.110837558452195,-0.110895553267044,-0.110954961819536,-0.11101732971189,-0.111083521411202,-0.111153649753669,-0.111227512613883,-0.111304615576893,-0.111387600559728,-0.11147835232156,-0.111578861180118,-0.111685000018838,-0.11179832195189,-0.111920665693556,-0.112052604034876,-0.112193818817656,-0.112346141763258,-0.112508349638643,-0.112678666833134,-0.112858153329457,-0.11304604546951,-0.113233188424521,-0.113420672254392,-0.113607091996896,-0.113790888071458,-0.113973131621418,-0.114150307950406,-0.114316868730283,-0.114473749351756,-0.114622336300114,-0.114761338214486,-0.114891250825909,-0.115013551956342,-0.11512730389981,-0.115231773157937,-0.115325518203311,-0.115410394096839,-0.115488316587308,-0.115558633163631,-0.115621640235917,-0.115677893299315,-0.115727861094959,-0.115771167437581,-0.115807260537297,-0.115837114984941,-0.115860934315611,-0.115878912149537,-0.115886513276053,-0.115886389162086,-0.115885604138347,-0.115882983942073,-0.115875326838603,-0.115863701817697,-0.115852463273353,-0.115841053735665,-0.115827960033216,-0.115811041757258,-0.115788791414603,-0.115762296421198,-0.115731980832129,-0.115698274742779,-0.115661543616794,-0.11562259776981,-0.115582355175579,-0.115540206658536,-0.115495674489494,-0.115448104021904,-0.115398012203326,-0.115345572851786,-0.11529006782018,-0.115230943589969,-0.115168354049964,-0.115103169431458,-0.115035716934676,-0.114965991139861,-0.114894809742784,-0.114821144654516,-0.114744598659479,-0.114666062713569,-0.114587195572346,-0.114507895987198,-0.114426891669662,-0.114344376262144,-0.114261371968905,-0.114178519677684,-0.114095757708799,-0.114012552311418,-0.113928757597224,-0.113844893770238,-0.113760177704648,-0.113673732553039,-0.113586147916662,-0.113497188035458,-0.113405823419261,-0.113311787647962,-0.113215481958902,-0.113117461230355,-0.113017391239628,-0.112915164044441,-0.112810864880366,-0.112705244791485,-0.112597760993374,-0.112488309766741,-0.112376751152116,-0.112262318704205,-0.112144656970424,-0.112023323033985,-0.111899274422686,-0.111774976159742,-0.111648667156802,-0.111521938616903,-0.111396244665475,-0.111272147532254,-0.111149936358839,-0.111030095268758,-0.110912687775001,-0.110797682619079,-0.110684900308163,-0.110573689253069,-0.110463867640696,-0.110355753889223,-0.11024925306066,-0.11014444663065,-0.110041017466263,-0.109938512064452,-0.109837152220078,-0.109737227909625,-0.109638397804105,-0.109541331257066,-0.109445685216775,-0.109351515026916,-0.109258940911358,-0.109167575690804,-0.109077444256012,-0.108988450985884,-0.108900173469957,-0.108812486315298,-0.108725437086922,-0.10863933946501,-0.108553842573055,-0.108468842837657,-0.108384820617338,-0.108301901205604,-0.108220901657398,-0.108142097374962,-0.108066267315737,-0.107991620415316,-0.107920278650051,-0.107864155684102,-0.107864296074091
NaN,NaN,NaN,NaN,NaN,NaN,NaN,NaN,NaN,NaN,NaN,NaN,NaN,NaN,NaN,NaN,NaN,NaN,NaN,NaN,NaN,NaN,NaN,NaN,NaN,NaN,NaN,NaN,NaN,NaN,NaN,NaN,NaN,NaN,NaN,NaN,NaN,NaN,NaN,NaN,NaN,NaN,NaN,NaN,NaN,NaN,NaN,NaN,NaN,NaN,NaN,NaN,NaN,NaN,NaN,NaN,NaN,NaN,NaN,NaN,NaN,NaN,NaN,NaN,NaN,NaN,NaN,NaN,NaN,NaN,NaN,NaN,NaN,NaN,NaN,NaN,NaN,NaN,NaN,NaN,NaN,NaN,-0.110009372084661,-0.110104025966242,-0.110160609393544,-0.110228878867625,-0.11029049439441,-0.110353323827729,-0.110412795371462,-0.110468641769115,-0.110522976549864,-0.110576465420531,-0.110630681695056,-0.110684534747934,-0.110736859478009,-0.110790651662161,-0.110846185173422,-0.110903026690686,-0.110963500639407,-0.111026187653746,-0.11109125828748,-0.111160898102252,-0.111235512262811,-0.111315943271588,-0.111404012411104,-0.111500357781461,-0.111602069548461,-0.111711487360943,-0.11182831835497,-0.111954101615143,-0.112088478106586,-0.112232029112676,-0.112382170288108,-0.112542830314308,-0.112713890314076,-0.112889946241627,-0.113063914701146,-0.113237822003964,-0.113411243519286,-0.113583190672489,-0.11375314604677,-0.113915778949431,-0.114068950308307,-0.114216588599604,-0.114359080018075,-0.114493321063521,-0.114620465225282,-0.114741107030624,-0.114853997097911,-0.114958810218399,-0.115050133298524,-0.115134245186824,-0.115213049775222,-0.115283941616491,-0.115347206079763,-0.115404231453301,-0.115455718066608,-0.115501791034458,-0.115541224041399,-0.115574032033028,-0.115603888212603,-0.115626941009052,-0.11563181418176,-0.115630178396191,-0.115633894573527,-0.11563101769528,-0.115619888958432,-0.115609619709549,-0.11560120370087,-0.115593094701832,-0.115585625393441,-0.115574074274644,-0.115556613494161,-0.1155336604402,-0.115507145768715,-0.115476639396303,-0.115441459446224,-0.115403974443947,-0.115365558082555,-0.115325999083978,-0.115285204231711,-0.115242312366451,-0.115196527256005,-0.115147598672184,-0.115095690955797,-0.115040581975607,-0.114981496476052,-0.114919111195085,-0.114854479489145,-0.114788919344585,-0.114722150904335,-0.114652268693904,-0.114579330490955,-0.114504190507241,-0.114427904219605,-0.114351035110175,-0.114273404466116,-0.114194574901846,-0.114114619353886,-0.114033447432553,-0.113952671035229,-0.113871836174258,-0.113790530638552,-0.113709638338217,-0.113628784683219,-0.113546578314674,-0.113461601434832,-0.113374625051259,-0.113285729978425,-0.113194710520292,-0.113101664856252,-0.113005092109571,-0.112905181575683,-0.11280286525735,-0.112699822753373,-0.112595972658697,-0.112490420501201,-0.112381924513888,-0.112272301072347,-0.112160064141724,-0.112044790174355,-0.111926418939909,-0.111806042441863,-0.111686308921921,-0.111565639939093,-0.11144398310011,-0.111323068052376,-0.11120268126038,-0.111083511458477,-0.110966392924698,-0.110851589677297,-0.110739114650354,-0.110629137310516,-0.110521613544619,-0.110414139256004,-0.110307389672224,-0.110201865986177,-0.110098798932229,-0.109997403749235,-0.109896686480965,-0.109796980009856,-0.109698590025284,-0.10960171611954,-0.109505872109634,-0.109411607717384,-0.109319025172674,-0.109228241718929,-0.109138362599393,-0.109049420673037,-0.108961584056193,-0.108874859590843,-0.108788748449343,-0.108703024382422,-0.108618148153458,-0.108534406511233,-0.10845149161818,-0.108369330496865,-0.108288406082372,-0.108209203560448,-0.108132127867075,-0.108057703871044,-0.107983708070983,-0.107913207054372,-0.107858190452262,-0.107858329645964
NaN,NaN,NaN,NaN,NaN,NaN,NaN,NaN,NaN,NaN,NaN,NaN,NaN,NaN,NaN,NaN,NaN,NaN,NaN,NaN,NaN,NaN,NaN,NaN,NaN,NaN,NaN,NaN,NaN,NaN,NaN,NaN,NaN,NaN,NaN,NaN,NaN,NaN,NaN,NaN,NaN,NaN,NaN,NaN,NaN,NaN,NaN,NaN,NaN,NaN,NaN,NaN,NaN,NaN,NaN,NaN,NaN,NaN,NaN,NaN,NaN,NaN,NaN,NaN,NaN,NaN,NaN,NaN,NaN,NaN,NaN,NaN,NaN,NaN,NaN,NaN,NaN,NaN,NaN,NaN,NaN,NaN,-0.110022368780652,-0.110109607317407,-0.110160467756877,-0.110222761939764,-0.110278644904655,-0.110335035368529,-0.110390063167716,-0.11044320398907,-0.110493866554684,-0.110543171014902,-0.110593743799312,-0.110645868565968,-0.110696207725224,-0.110747394350405,-0.11079937286434,-0.110853508605148,-0.110910515044994,-0.110968577480885,-0.111029849910631,-0.111096358022884,-0.111166928703691,-0.111244118936972,-0.111327853716615,-0.11141967609625,-0.111517161322867,-0.111620380765146,-0.111731336048276,-0.111849358175026,-0.111974746444712,-0.112108605755011,-0.112251172020106,-0.112404681454893,-0.112566630844498,-0.112733217656139,-0.112897623779938,-0.113061996562163,-0.113224053945564,-0.113384835334554,-0.113543257774881,-0.113694214376812,-0.113836459363163,-0.113975922066105,-0.114112943959955,-0.114241802434794,-0.11436347765482,-0.114480582231352,-0.114594344832381,-0.114697181759858,-0.114783016437689,-0.114866689812097,-0.114946898579356,-0.115018419829912,-0.115080618341645,-0.11513580663882,-0.115186940550853,-0.115234170123955,-0.115276104768344,-0.11531283687327,-0.115352822301707,-0.115378156916803,-0.115378923740604,-0.115381535435986,-0.115381095675994,-0.1153693959171,-0.115358915155078,-0.115350704147901,-0.115342852454036,-0.11533689260779,-0.115333936121472,-0.115328270988659,-0.115316117322567,-0.115297394967249,-0.115274908908808,-0.115246817369896,-0.115212144884494,-0.115176208406845,-0.115140192458593,-0.115103370167245,-0.115066224765467,-0.115028707348516,-0.114989049478361,-0.114944960016588,-0.11489686656843,-0.114845308517287,-0.114790024659816,-0.11473106705097,-0.114669292050054,-0.114607517834672,-0.114545845130619,-0.114480016145297,-0.11441070193529,-0.114339225442817,-0.114265822986496,-0.114191064011877,-0.114115471336185,-0.114038197206842,-0.113959689320193,-0.113880997381594,-0.113802950198899,-0.113725146721613,-0.113647149446366,-0.113569547641643,-0.11349192203069,-0.11341181903879,-0.11332960264585,-0.113244859471377,-0.113157874073461,-0.113070105750124,-0.112980160288787,-0.112886363567844,-0.112788855590159,-0.112687540011436,-0.112584312641293,-0.112480884665202,-0.112376505470784,-0.112269003919586,-0.112161026431033,-0.112051390957314,-0.111939577279293,-0.111825204830482,-0.111708822559193,-0.111592704881138,-0.111475766684513,-0.111359129085394,-0.11124325258471,-0.111127346556183,-0.111011918458822,-0.110898028856146,-0.110786071963228,-0.110675668627797,-0.110567687609533,-0.110462666951235,-0.110359071042705,-0.110254438176906,-0.110150196830627,-0.110049245734911,-0.109949339425726,-0.109850875475495,-0.109753674446084,-0.109656971491971,-0.109561829524851,-0.109468180695561,-0.109375066534308,-0.109284338340946,-0.10919503321883,-0.109106997648711,-0.109019886332649,-0.108933320442413,-0.108848458809771,-0.108763772352456,-0.108679667604942,-0.108596923331441,-0.108515113544164,-0.108434108949719,-0.108354062754854,-0.108275215516967,-0.108197962531004,-0.108122607798423,-0.108049297529587,-0.107975639010901,-0.107905288166979,-0.107851378037209,-0.107851557824556
NaN,NaN,NaN,NaN,NaN,NaN,NaN,NaN,NaN,NaN,NaN,NaN,NaN,NaN,NaN,NaN,NaN,NaN,NaN,NaN,NaN,NaN,NaN,NaN,NaN,NaN,NaN,NaN,NaN,NaN,NaN,NaN,NaN,NaN,NaN,NaN,NaN,NaN,NaN,NaN,NaN,NaN,NaN,NaN,NaN,NaN,NaN,NaN,NaN,NaN,NaN,NaN,NaN,NaN,NaN,NaN,NaN,NaN,NaN,NaN,NaN,NaN,NaN,NaN,NaN,NaN,NaN,NaN,NaN,NaN,NaN,NaN,NaN,NaN,NaN,NaN,NaN,NaN,NaN,NaN,NaN,NaN,-0.110037759309042,-0.110117656482173,-0.110162272944064,-0.110218110713191,-0.110269207337617,-0.110320050618962,-0.110369659940479,-0.110418744802086,-0.110466411795644,-0.110512762018682,-0.110560323431183,-0.110609441333533,-0.110658204290217,-0.110706567405807,-0.11075622553771,-0.110806790680058,-0.110858273942557,-0.110912653472994,-0.110969839376592,-0.111031947417745,-0.111099077915422,-0.111171392660053,-0.111250486918477,-0.111336256118178,-0.111428236227783,-0.111526006926281,-0.111630581986388,-0.111740051677865,-0.111857940411405,-0.111983655641398,-0.112121441733934,-0.112268950847012,-0.112421564152783,-0.112578376413183,-0.112735025080066,-0.112890070645565,-0.113041628981555,-0.113194342987986,-0.113343982803758,-0.113483983859499,-0.113617992580872,-0.113751209873256,-0.113878107175358,-0.113998620820776,-0.11411753303783,-0.114235824073414,-0.1143491586356,-0.114444262099013,-0.114524571394742,-0.114609704542245,-0.114690635602908,-0.114762307053688,-0.114823319504598,-0.114876359491518,-0.114925700915488,-0.114973201291455,-0.115018191211788,-0.115062270066898,-0.115115008310748,-0.115145515192343,-0.115142055710201,-0.115135359888553,-0.115124283568638,-0.115113093645176,-0.115104849422033,-0.115096562307912,-0.115088579670486,-0.115084574086529,-0.115085229170657,-0.115084312402816,-0.115078526590417,-0.115063854527015,-0.115045183455493,-0.115018244542131,-0.114984339364365,-0.114949798678266,-0.114914566609546,-0.114879619745695,-0.114845410944311,-0.114813633702271,-0.114780690377021,-0.114741647830936,-0.11469821359506,-0.114650063563633,-0.114596854675182,-0.114540678245501,-0.114480951363786,-0.114424351842573,-0.114367885777589,-0.114305938828739,-0.114239857188211,-0.114170936273019,-0.114100089847961,-0.114028773977323,-0.113956429361821,-0.113880783938098,-0.113801562271262,-0.113723229318675,-0.113647744200859,-0.113571983107342,-0.113497999866369,-0.113427207439767,-0.11335062706932,-0.113273110143974,-0.113193570078874,-0.11311012960216,-0.113024405129937,-0.11294039563384,-0.112854626356895,-0.112763967396445,-0.112668139888681,-0.112568395023637,-0.112465845449779,-0.112363232451899,-0.11226084074832,-0.112155738868625,-0.112047156088003,-0.11194122597963,-0.111833398459353,-0.111723470149528,-0.111611311128919,-0.111499437579753,-0.111386083894422,-0.111273682320274,-0.111160942932688,-0.111049478091988,-0.110938350223215,-0.110828383495646,-0.110720029458667,-0.110612734031287,-0.110506409430706,-0.110402823622001,-0.110302743270596,-0.11019984177096,-0.110098355565587,-0.109998387629658,-0.109901256959261,-0.109805250143528,-0.109709373487571,-0.109615135025063,-0.109521803120077,-0.109429731247855,-0.109339080872319,-0.109249451582744,-0.10916115363829,-0.109075336084128,-0.108990320304463,-0.108905859128371,-0.10882208242611,-0.108739149984669,-0.10865621846795,-0.108576841571169,-0.108497005324446,-0.108417679146791,-0.108339302087051,-0.108262963440574,-0.108188006720669,-0.108114153552958,-0.108041550039709,-0.107968387751466,-0.107897989560761,-0.107844342726263,-0.107844578324274
NaN,NaN,NaN,NaN,NaN,NaN,NaN,NaN,NaN,NaN,NaN,NaN,NaN,NaN,NaN,NaN,NaN,NaN,NaN,NaN,NaN,NaN,NaN,NaN,NaN,NaN,NaN,NaN,NaN,NaN,NaN,NaN,NaN,NaN,NaN,NaN,NaN,NaN,NaN,NaN,NaN,NaN,NaN,NaN,NaN,NaN,NaN,NaN,NaN,NaN,NaN,NaN,NaN,NaN,NaN,NaN,NaN,NaN,NaN,NaN,NaN,NaN,NaN,NaN,NaN,NaN,NaN,NaN,NaN,NaN,NaN,NaN,NaN,NaN,NaN,NaN,NaN,NaN,NaN,NaN,NaN,NaN,-0.110052716311261,-0.11012565543867,-0.110164405878713,-0.110213798115531,-0.110260319007009,-0.110306553968925,-0.110351814144788,-0.110396832253408,-0.110442061550831,-0.110486004527637,-0.110530148340932,-0.110576033447629,-0.110623535046249,-0.110669506566533,-0.110715057705281,-0.110761763503844,-0.110809870175126,-0.110859108574097,-0.110911350166483,-0.110969431070304,-0.111031541933818,-0.111098857178037,-0.111172734080846,-0.11125314984685,-0.111339585851937,-0.11143152676907,-0.11152846458266,-0.111632426731995,-0.111742306631199,-0.111864302215115,-0.111995674919533,-0.112135013358459,-0.112277417138604,-0.112426419908612,-0.112576223225847,-0.112721392024734,-0.11286351125157,-0.113010897933234,-0.113151117416307,-0.113282989928226,-0.113407553785162,-0.113532759847636,-0.113647801315442,-0.11376364658711,-0.113888091767769,-0.114008767711927,-0.114112482818617,-0.114191331704891,-0.114272435576049,-0.114359421693718,-0.114440180269293,-0.114511874045315,-0.114571615304607,-0.11462123142574,-0.114667253714213,-0.114715060601385,-0.114766042896341,-0.114825317119718,-0.114897134243821,-0.114919658964528,-0.114902290592219,-0.114884178833978,-0.114872755767859,-0.114863763122499,-0.114854619142409,-0.114844789798783,-0.114836177192396,-0.114834153298639,-0.114837713711913,-0.114841821476032,-0.114843475442032,-0.114834515483337,-0.114814560788063,-0.1147916357637,-0.11476092534608,-0.114725548352338,-0.11468807049911,-0.114650876229464,-0.114620468992995,-0.114597580923468,-0.114572001651063,-0.114537091973987,-0.114501608602083,-0.114457253041124,-0.114406086448032,-0.114350398404682,-0.114291315938953,-0.114240496518992,-0.114189315135492,-0.11413062223624,-0.114067566946521,-0.114001174439411,-0.11393207071636,-0.113864835879358,-0.113796879197207,-0.11372221276682,-0.113643863179215,-0.113564685317011,-0.113488826434479,-0.113414161451261,-0.113348721095374,-0.11327998811074,-0.113204062367255,-0.113130698631973,-0.113054158961543,-0.112972916351452,-0.112889539316742,-0.112808291367993,-0.11272777002833,-0.112640914173212,-0.112546997123258,-0.112448921298002,-0.112347110804765,-0.112243423924613,-0.112144417604927,-0.112041932857003,-0.111938601112068,-0.111832145874587,-0.111727716334397,-0.111622821763294,-0.111513486496022,-0.11140777799147,-0.111298167062247,-0.111189243039333,-0.111080887569998,-0.110972086249352,-0.110863858708103,-0.110757283707034,-0.110653136343534,-0.110550020512525,-0.11044664233423,-0.110344442397702,-0.11024499959762,-0.110147030243138,-0.110048481361194,-0.10994922973276,-0.10985256187075,-0.109759168297467,-0.109665845720194,-0.109573631531668,-0.10948117684304,-0.109390641272575,-0.109302153459179,-0.109214485532792,-0.109128578302659,-0.109042942245068,-0.108959639420393,-0.108878013565367,-0.108796934880392,-0.108716182977024,-0.108636256364693,-0.108556747336219,-0.108478391097698,-0.108401203773275,-0.108324290927768,-0.108251996440306,-0.108178625182614,-0.108106003207138,-0.108034008792644,-0.107961523101604,-0.107890876296626,-0.107837424360437,-0.107837719549394
NaN,NaN,NaN,NaN,NaN,NaN,NaN,NaN,NaN,NaN,NaN,NaN,NaN,NaN,NaN,NaN,NaN,NaN,NaN,NaN,NaN,NaN,NaN,NaN,NaN,NaN,NaN,NaN,NaN,NaN,NaN,NaN,NaN,NaN,NaN,NaN,NaN,NaN,NaN,NaN,NaN,NaN,NaN,NaN,NaN,NaN,NaN,NaN,NaN,NaN,NaN,NaN,NaN,NaN,NaN,NaN,NaN,NaN,NaN,NaN,NaN,NaN,NaN,NaN,NaN,NaN,NaN,NaN,NaN,NaN,NaN,NaN,NaN,NaN,NaN,NaN,NaN,NaN,NaN,NaN,NaN,NaN,-0.110064954354081,-0.110131516420423,-0.110165408410912,-0.110209560016516,-0.110251493818415,-0.110294707416253,-0.110336743858365,-0.110378914734569,-0.110420430797984,-0.110461299073481,-0.110502747859473,-0.110546187548757,-0.110591673634662,-0.110634137333318,-0.110676328977117,-0.110719272535592,-0.110762779797251,-0.110807837871257,-0.110855568147357,-0.110909170236569,-0.110966256339235,-0.11102735733723,-0.111096160892251,-0.111171485974972,-0.111251462092805,-0.111338020043831,-0.111429369807077,-0.111527892257849,-0.111631532884691,-0.111747428442946,-0.111872921758936,-0.112002249656078,-0.112137692327721,-0.112280854977269,-0.112420019282052,-0.112556265802625,-0.112693453055991,-0.112836866823692,-0.112964002508654,-0.113083842310511,-0.113199478459828,-0.113316961331708,-0.113429331655857,-0.113546248735175,-0.113669565268298,-0.113784674566338,-0.113871514409048,-0.113943739657539,-0.11402778237388,-0.114112953161259,-0.114192354414017,-0.114264234416176,-0.114322720346384,-0.114367888830281,-0.114410891845934,-0.114460164150742,-0.114519043307829,-0.1146072224652,-0.114686736997912,-0.114688137445851,-0.114656175608272,-0.114634909636178,-0.114626653826668,-0.114617533212091,-0.114606014322966,-0.114593643463026,-0.114584395984349,-0.114584111595012,-0.114590934748827,-0.114600685000967,-0.114611721681816,-0.114607477449334,-0.114587887709284,-0.114564148425157,-0.114537056387776,-0.114503100837575,-0.114461268876978,-0.114416789193604,-0.114393736541595,-0.114384684123422,-0.114361595483095,-0.114333587648545,-0.114303381342305,-0.114264009252166,-0.11421561466026,-0.114161831725007,-0.114102303681056,-0.11405182625952,-0.114004126407124,-0.113950948369099,-0.113891952890956,-0.113827651454666,-0.113761259059123,-0.113698953316871,-0.11363513305124,-0.113562443566998,-0.113483918834046,-0.113404169506389,-0.11332546830284,-0.113257808237959,-0.113195869197902,-0.113128766745688,-0.113057354426387,-0.112987523225439,-0.112909319167641,-0.112831342802961,-0.112753098158886,-0.11267516110018,-0.112598867566867,-0.112517362291339,-0.112427050784349,-0.112329989846046,-0.112229189199483,-0.112128861493651,-0.112027340503163,-0.111928034771631,-0.111826535501995,-0.111724792782834,-0.111625416953013,-0.111522902310046,-0.111418939336375,-0.111314931849665,-0.11121052235976,-0.111106063913265,-0.111000151314244,-0.11089455042362,-0.110789068809938,-0.110685526701231,-0.110584414979833,-0.110484857445936,-0.110386373971847,-0.110288229101942,-0.110191008170374,-0.110099087958675,-0.109998162401188,-0.109902351121669,-0.109804266523106,-0.109712720605878,-0.109623523870173,-0.109532068861013,-0.109441030320021,-0.109351772550843,-0.109263745120344,-0.10917804128289,-0.109094417517513,-0.109012431156426,-0.10893170815031,-0.108852462831677,-0.108773066768229,-0.108693956980552,-0.10861508196148,-0.108539526805125,-0.108462503872003,-0.108387196474741,-0.108313449722237,-0.108240387048407,-0.108168781263428,-0.108098012488188,-0.108026228485699,-0.107954130215231,-0.107883211800774,-0.107830405187076,-0.10783075937071
NaN,NaN,NaN,NaN,NaN,NaN,NaN,NaN,NaN,NaN,NaN,NaN,NaN,NaN,NaN,NaN,NaN,NaN,NaN,NaN,NaN,NaN,NaN,NaN,NaN,NaN,NaN,NaN,NaN,NaN,NaN,NaN,NaN,NaN,NaN,NaN,NaN,NaN,NaN,NaN,NaN,NaN,NaN,NaN,NaN,NaN,NaN,NaN,NaN,NaN,NaN,NaN,NaN,NaN,NaN,NaN,NaN,NaN,NaN,NaN,NaN,NaN,NaN,NaN,NaN,NaN,NaN,NaN,NaN,NaN,NaN,NaN,NaN,NaN,NaN,NaN,NaN,NaN,NaN,NaN,NaN,NaN,-0.110073170287387,-0.110134811576896,-0.110165088094177,-0.110205450500748,-0.110242735015589,-0.110282857434978,-0.110322543557365,-0.11036191474644,-0.110400882827507,-0.110438906781195,-0.110478556736248,-0.110519795285076,-0.110561248399151,-0.11060174903617,-0.110639976091041,-0.110678355283782,-0.11071784201659,-0.110758362766286,-0.110801654894313,-0.110849782414183,-0.110902346679817,-0.110960633366946,-0.111021127330568,-0.111091744490538,-0.111167077154236,-0.111246632855553,-0.111333135272436,-0.111425264998835,-0.111520992148645,-0.111629650603885,-0.111755812811976,-0.111876573392427,-0.112005979397764,-0.1121406680872,-0.112270980947595,-0.11239455576684,-0.112529655297798,-0.112665289727797,-0.112780221451015,-0.112887840323513,-0.112996432258195,-0.113114029731968,-0.113221809718342,-0.113327365615323,-0.113463223547871,-0.113566751197204,-0.113630053765662,-0.113705432357138,-0.113789040028423,-0.113867088139784,-0.113944385820926,-0.114020666793742,-0.114080370375539,-0.114118768274669,-0.114158743256121,-0.114211341064469,-0.114280671847753,-0.114413023069569,-0.114474389949382,-0.114448707010406,-0.114405780713358,-0.114386877406774,-0.114382204591139,-0.114372421879101,-0.114357013584991,-0.114342508618485,-0.114334318035273,-0.114330159256451,-0.114335857438651,-0.114362869086812,-0.114396258544944,-0.114389123121504,-0.114362048175027,-0.11433402949095,-0.114311725284467,-0.114280470507725,-0.114227643694491,-0.114181098134673,-0.114175598931744,-0.114171793341714,-0.114154443261245,-0.114132653876352,-0.114106167169179,-0.114070335322244,-0.114028967689338,-0.113974302305689,-0.113910147266488,-0.113857331309721,-0.11381516370133,-0.113769774733494,-0.113714792602298,-0.113653165673312,-0.113591159950033,-0.113534336481202,-0.113475877257608,-0.113403211487413,-0.11332360631767,-0.113243181420116,-0.113165752505897,-0.113100043865933,-0.113039056503086,-0.112975632243787,-0.112912611733538,-0.112845453953503,-0.112764838420517,-0.112686612670624,-0.112613541898241,-0.112538902191481,-0.112467714922572,-0.112391887821429,-0.112306345953694,-0.112211849542748,-0.112111996089964,-0.112017065313798,-0.111917430130356,-0.111818059674997,-0.111718445864204,-0.111615615030411,-0.11151931387955,-0.111423229519766,-0.111325473464626,-0.111224473142843,-0.111121625883159,-0.111022448701449,-0.110919492990946,-0.11081591646128,-0.110713336079742,-0.110613024996124,-0.110514879637517,-0.110418927903231,-0.110325250346524,-0.110230013801613,-0.110136454812447,-0.11005050442547,-0.109953022546354,-0.109853680419609,-0.109758840020266,-0.109669182520953,-0.10958052630882,-0.109490120068237,-0.109402416414436,-0.109313745316405,-0.10922628738093,-0.109141608854349,-0.109059815855486,-0.108980576326149,-0.108903770751624,-0.108827307323774,-0.108750421399378,-0.108673337094324,-0.10859645701064,-0.108520419369043,-0.108446085542291,-0.108372424620089,-0.1083016766096,-0.108230514246112,-0.108159821253603,-0.108088840378206,-0.108018236703269,-0.107946490623687,-0.10787530456068,-0.107823548859751,-0.107823960865381
NaN,NaN,NaN,NaN,NaN,NaN,NaN,NaN,NaN,NaN,NaN,NaN,NaN,NaN,NaN,NaN,NaN,NaN,NaN,NaN,NaN,NaN,NaN,NaN,NaN,NaN,NaN,NaN,NaN,NaN,NaN,NaN,NaN,NaN,NaN,NaN,NaN,NaN,NaN,NaN,NaN,NaN,NaN,NaN,NaN,NaN,NaN,NaN,NaN,NaN,NaN,NaN,NaN,NaN,NaN,NaN,NaN,NaN,NaN,NaN,NaN,NaN,NaN,NaN,NaN,NaN,NaN,NaN,NaN,NaN,NaN,NaN,NaN,NaN,NaN,NaN,NaN,NaN,NaN,NaN,NaN,NaN,-0.110077726818975,-0.110136090674841,-0.110164155928023,-0.110200985270917,-0.110235275078712,-0.110271449205757,-0.110308462495057,-0.110346077208588,-0.110382847173659,-0.110419180152517,-0.110456858180013,-0.110495615026901,-0.110533507708288,-0.110569935010277,-0.110605779735386,-0.110639907997521,-0.110674721746882,-0.110711573470413,-0.110751007357933,-0.110795438044715,-0.110842234106073,-0.110896605835978,-0.110953995615686,-0.111015237967197,-0.111088689323791,-0.111159804850524,-0.111238422204657,-0.111325244517735,-0.111414249828367,-0.111527626988545,-0.111642915357153,-0.111755383529652,-0.11187860317551,-0.112002259107385,-0.112113879437751,-0.112241446156073,-0.112378890531441,-0.112497013409581,-0.112608665630166,-0.112702955407645,-0.112800713726867,-0.112917300719421,-0.113017682108414,-0.113126871983931,-0.113260980866117,-0.113331020860478,-0.113396444671565,-0.113477307108489,-0.113554952981478,-0.113629638233203,-0.113718389586823,-0.113799856983947,-0.113843784947115,-0.113877328252257,-0.113917078975804,-0.113971765460646,-0.114064581323763,-0.11422515147666,-0.114251451937401,-0.114202738023415,-0.114153845607502,-0.114141108517262,-0.114140372650459,-0.114128631558309,-0.114105213110797,-0.114085967786142,-0.114082879770714,-0.114071965377008,-0.114090696759694,-0.114148203899896,-0.114171139878087,-0.114164282278074,-0.114135645200175,-0.114098786950549,-0.114089989343199,-0.114055070451525,-0.113986828559441,-0.113956537562855,-0.113966017991641,-0.113962745338606,-0.113944015544456,-0.113929359176285,-0.113909468225206,-0.113878943875057,-0.11384628747209,-0.113789018454787,-0.113708462206982,-0.113654979378186,-0.113629020064546,-0.113584010294973,-0.113536372614134,-0.113481738370101,-0.113416963604892,-0.113371113207689,-0.113320289666186,-0.113244828428493,-0.113162305186903,-0.113081552314541,-0.1130090705647,-0.112943977255045,-0.112882215852731,-0.112824938030143,-0.112766950238699,-0.112703800412843,-0.112621674807894,-0.112541014895243,-0.112468026339004,-0.112403097384766,-0.112335442998137,-0.112261757103238,-0.112185050590703,-0.112093105873528,-0.111995371851232,-0.111913784440856,-0.11181261477264,-0.11170767127516,-0.111612254375319,-0.111510655180823,-0.111413000690206,-0.1113221852907,-0.111229261689673,-0.111134768756191,-0.111034080104586,-0.110936227055052,-0.110838088600842,-0.110737045826529,-0.110637064877192,-0.110539761899605,-0.110446012328719,-0.110354077503091,-0.110265236954682,-0.110174323539041,-0.110080368239527,-0.10999690915501,-0.109906909693285,-0.109809301285995,-0.109715033563973,-0.109628016421986,-0.109541214426109,-0.10945072395119,-0.109361748256659,-0.109275190858414,-0.10918969066324,-0.109107339315129,-0.109026798450416,-0.108949638235776,-0.10887622213103,-0.108802320213687,-0.108728560512607,-0.108653395969082,-0.108578662448411,-0.108505401077468,-0.10843151849347,-0.108360311816364,-0.108289549118667,-0.108219650314602,-0.108149584877795,-0.108079386778391,-0.108009524298469,-0.107938348776684,-0.107867105611855,-0.107816717497083,-0.107817186037697
NaN,NaN,NaN,NaN,NaN,NaN,NaN,NaN,NaN,NaN,NaN,NaN,NaN,NaN,NaN,NaN,NaN,NaN,NaN,NaN,NaN,NaN,NaN,NaN,NaN,NaN,NaN,NaN,NaN,NaN,NaN,NaN,NaN,NaN,NaN,NaN,NaN,NaN,NaN,NaN,NaN,NaN,NaN,NaN,NaN,NaN,NaN,NaN,NaN,NaN,NaN,NaN,NaN,NaN,NaN,NaN,NaN,NaN,NaN,NaN,NaN,NaN,NaN,NaN,NaN,NaN,NaN,NaN,NaN,NaN,NaN,NaN,NaN,NaN,NaN,NaN,NaN,NaN,NaN,NaN,NaN,NaN,-0.110079261830133,-0.11013525860131,-0.110161781179186,-0.110196405944969,-0.110227612509035,-0.11026048905589,-0.110295479054752,-0.110332006310187,-0.110368030223253,-0.11040240142888,-0.110437059550524,-0.110473229776394,-0.110508524019517,-0.110540696819805,-0.110572415236257,-0.110603981912472,-0.110635237219704,-0.110665701642242,-0.110701304355975,-0.110742609471769,-0.110788036370856,-0.110835251416306,-0.110888672333225,-0.110949695002429,-0.111013137406096,-0.111080437557728,-0.111153436078105,-0.111232217074922,-0.111320133746835,-0.111432156298108,-0.111530981524128,-0.111639828178647,-0.111757721512007,-0.111865653324899,-0.111972420655527,-0.112104248359224,-0.112233627010367,-0.112338644480181,-0.112434235859407,-0.11251202429781,-0.112603313380904,-0.112727298696464,-0.11282021060118,-0.112938040440545,-0.113050509424662,-0.11310545125782,-0.113178778595807,-0.113260263777952,-0.113338826260361,-0.113416030263449,-0.113488267694878,-0.113550098891227,-0.113608750843414,-0.113651694355592,-0.113682403377418,-0.113742890240912,-0.11388891455048,-0.114033854140422,-0.114025317781472,-0.113948129778536,-0.113904636222104,-0.113902790063648,-0.113901939469032,-0.113881701280381,-0.113847787420192,-0.113837886470206,-0.113849036434845,-0.113825727666269,-0.113837423670595,-0.113913538618543,-0.113945983538301,-0.113943276840816,-0.113915222243334,-0.113869810544018,-0.113869889389535,-0.11382337673925,-0.113745258935013,-0.113744438992589,-0.113758250823777,-0.113732545441263,-0.113738640212245,-0.11372952735646,-0.113707758946691,-0.113696565999345,-0.113666563673923,-0.113594619114544,-0.113495042143977,-0.113455916976309,-0.11343629268022,-0.113401425185287,-0.113361433184699,-0.113296082624134,-0.113238759745377,-0.113213921217032,-0.113164506551991,-0.1130826536057,-0.112993577543018,-0.112919404657027,-0.112857692853485,-0.112786104866606,-0.112724726250391,-0.112675902406888,-0.112620283557979,-0.112559422637577,-0.11247722773374,-0.112395472339596,-0.112321030663864,-0.112265979973684,-0.112203737845833,-0.112132794339374,-0.112058680263764,-0.111975482358799,-0.111877975819237,-0.111805926693142,-0.111716608458429,-0.111610881031349,-0.111509599655303,-0.11141110325588,-0.111305160090271,-0.111218974330956,-0.111133684841551,-0.111042299608543,-0.110949348120867,-0.110848963331362,-0.110755514947484,-0.110658591982231,-0.110562577649992,-0.110466111048562,-0.110376847915673,-0.110289819434976,-0.110206202506837,-0.110117989925438,-0.110029978710525,-0.109944151595722,-0.10985968214346,-0.109769997980112,-0.109669811577212,-0.109586613193981,-0.109500479669308,-0.10941312293453,-0.109325704805332,-0.109238390840209,-0.109157846820673,-0.109075853132158,-0.108995577351578,-0.108920533090615,-0.10885006403761,-0.108779207534926,-0.108708630371142,-0.108634346804776,-0.108561666139527,-0.108492287199134,-0.108418229081141,-0.108347716742161,-0.10827855134673,-0.108209419418061,-0.10813927705764,-0.10806994606842,-0.108000467144817,-0.107929414383987,-0.107858108429911,-0.107809188722321,-0.10780970114453
NaN,NaN,NaN,NaN,NaN,NaN,NaN,NaN,NaN,NaN,NaN,NaN,NaN,NaN,NaN,NaN,NaN,NaN,NaN,NaN,NaN,NaN,NaN,NaN,NaN,NaN,NaN,NaN,NaN,NaN,NaN,NaN,NaN,NaN,NaN,NaN,NaN,NaN,NaN,NaN,NaN,NaN,NaN,NaN,NaN,NaN,NaN,NaN,NaN,NaN,NaN,NaN,NaN,NaN,NaN,NaN,NaN,NaN,NaN,NaN,NaN,NaN,NaN,NaN,NaN,NaN,NaN,NaN,NaN,NaN,NaN,NaN,NaN,NaN,NaN,NaN,NaN,NaN,NaN,NaN,NaN,NaN,-0.110077178603388,-0.110131654494192,-0.110156724510684,-0.11018979993958,-0.110219963065832,-0.110250812112341,-0.110283537507041,-0.110318328809408,-0.110354046136619,-0.110387505656204,-0.11042029600894,-0.1104524838034,-0.11048499679118,-0.110514191861304,-0.110542154369024,-0.110569231711746,-0.110595761866737,-0.11062351255598,-0.110655326561036,-0.110694240567137,-0.110733804106876,-0.110779772174335,-0.110826670344343,-0.110881825065315,-0.110939658070358,-0.111011314832048,-0.111079390940831,-0.111146671709677,-0.111240403042225,-0.111338195913118,-0.111427528699154,-0.111532602016615,-0.11163976943853,-0.111729672786294,-0.111841790579417,-0.111975110345919,-0.11208170435797,-0.112161080761651,-0.112241650457293,-0.112326048404981,-0.112420789258892,-0.112519741945137,-0.112624700817896,-0.112760865747928,-0.112833091065233,-0.112896655492706,-0.112977064406691,-0.113051861617807,-0.11312014651238,-0.113188513707323,-0.113255309699056,-0.113323493261719,-0.113390022338064,-0.113437559002565,-0.113471221646794,-0.113564449901282,-0.113755383007213,-0.113813866781179,-0.113767552216996,-0.113689613498505,-0.113668266967154,-0.113671193103876,-0.11366280650293,-0.113637387090598,-0.113607323323628,-0.113616164315183,-0.113606533757298,-0.11354610801669,-0.113571502008531,-0.113680387165975,-0.113733935041334,-0.113725040400481,-0.11370338749371,-0.113653332269046,-0.113633863070955,-0.113588956308254,-0.113525109263927,-0.113508752260578,-0.113543347544553,-0.113532804852667,-0.11353298865019,-0.11352490257391,-0.113510881881292,-0.113506690298107,-0.113487699821431,-0.113400591063371,-0.113280038521713,-0.113258764915657,-0.11324459674972,-0.113218547694404,-0.113186117046315,-0.113106441841386,-0.113072175759805,-0.113058322142454,-0.113001273922955,-0.112911754560651,-0.1128164660924,-0.112759580607744,-0.112709694526161,-0.112625610377266,-0.112571747196513,-0.112529341040923,-0.112478815418729,-0.112407717648929,-0.112325201190017,-0.112252360783811,-0.112182369999575,-0.112123658176247,-0.112066914830013,-0.112003420433771,-0.11192939275683,-0.1118536435493,-0.111771422393461,-0.111693094676504,-0.111612129935576,-0.111515764377036,-0.111419715853925,-0.111319649670789,-0.111219246646614,-0.111116597924961,-0.111036149490019,-0.110953229080188,-0.110862754332357,-0.110768797952231,-0.110673598005816,-0.110579159644445,-0.110486944172253,-0.110395431194071,-0.110304321780346,-0.110225326755953,-0.110144955791051,-0.110063645775795,-0.109978259726688,-0.109896603381764,-0.109812643956749,-0.109722197284006,-0.109632789666432,-0.109542386147051,-0.109457730763955,-0.109378935069849,-0.109288433849778,-0.109208663197205,-0.109129902547487,-0.109044945897674,-0.108966757463028,-0.108891977261619,-0.108824636009885,-0.108760030902403,-0.108691569835032,-0.10862107092123,-0.108545467553288,-0.108473734682948,-0.108405818210869,-0.108336403891223,-0.108268411147984,-0.10819968591104,-0.108129423263841,-0.108060268723347,-0.107990836634216,-0.107920079164654,-0.107849178021163,-0.107801586609386,-0.107802133243788
NaN,NaN,NaN,NaN,NaN,NaN,NaN,NaN,NaN,NaN,NaN,NaN,NaN,NaN,NaN,NaN,NaN,NaN,NaN,NaN,NaN,NaN,NaN,NaN,NaN,NaN,NaN,NaN,NaN,NaN,NaN,NaN,NaN,NaN,NaN,NaN,NaN,NaN,NaN,NaN,NaN,NaN,NaN,NaN,NaN,NaN,NaN,NaN,NaN,NaN,NaN,NaN,NaN,NaN,NaN,NaN,NaN,NaN,NaN,NaN,NaN,NaN,NaN,NaN,NaN,NaN,NaN,NaN,NaN,NaN,NaN,NaN,NaN,NaN,NaN,NaN,NaN,NaN,NaN,NaN,NaN,NaN,-0.110070922028084,-0.110124763622865,-0.110148059146109,-0.110180245213333,-0.110211615869095,-0.110241590487047,-0.110272141750424,-0.11030636238412,-0.110340939039178,-0.110373983299571,-0.110404762594226,-0.110434457383392,-0.110463517324262,-0.11048972706868,-0.110513201153591,-0.110536362419044,-0.110559075010463,-0.110583826798529,-0.110613368386671,-0.11064502723523,-0.110684173168279,-0.110725957731982,-0.11076940999688,-0.110820532898455,-0.110881509423942,-0.110941933044832,-0.111004167017408,-0.111075019103637,-0.111163708199133,-0.111250190777846,-0.111334784567926,-0.111425358960556,-0.11151911347065,-0.111607420757844,-0.111720485203753,-0.111829868598415,-0.111912572593959,-0.111991280392322,-0.112064166567375,-0.112145048516204,-0.112232061466805,-0.112326534498114,-0.112453724768097,-0.112569502245489,-0.11263401567284,-0.112702322175469,-0.112778048426108,-0.112844442201527,-0.112909863056354,-0.112972756946502,-0.11303455869229,-0.113104440015677,-0.113192643142979,-0.113253491665559,-0.113308331963458,-0.113442278665762,-0.113538662985365,-0.113559779492198,-0.113499933750906,-0.113450661420913,-0.113446070857171,-0.113440731861519,-0.113423506197341,-0.113396220406969,-0.11338205393614,-0.113374157884082,-0.113331179090973,-0.113251870008152,-0.113349666152615,-0.113487251285138,-0.113533521226924,-0.113511538902158,-0.113485734857286,-0.113437707297219,-0.11339538785695,-0.113365427076882,-0.113293632056803,-0.113282760902334,-0.113343780443691,-0.113337874435351,-0.113328545584593,-0.113328688263545,-0.113312627595334,-0.113321442523971,-0.11331492421212,-0.113205148547782,-0.113066143935738,-0.113063374377108,-0.113065838191253,-0.113041800459425,-0.112991558698132,-0.112928805447081,-0.112915489823477,-0.112906426668995,-0.112826704931282,-0.112731395324699,-0.112646468424746,-0.11260218473956,-0.112554749679492,-0.112469618596265,-0.112419518546868,-0.112390873939394,-0.112349057564695,-0.112258536021364,-0.112164945007138,-0.112102646693924,-0.112049195460857,-0.111981726043037,-0.111928655958065,-0.111875128254614,-0.111792782038665,-0.111723700632343,-0.111663094865081,-0.111590492154889,-0.111509218635099,-0.111420543103309,-0.111329260994308,-0.111232298753061,-0.111124544802533,-0.11103971375173,-0.110950566284097,-0.110867874503927,-0.11077632100943,-0.110689802171355,-0.110595923322268,-0.110501833808204,-0.110413489527545,-0.110324620468539,-0.110238054835108,-0.110158637272504,-0.110080556399126,-0.110006736820816,-0.109919696651914,-0.109852794614316,-0.109772809561303,-0.109678502474258,-0.109583116021294,-0.109496799982345,-0.109424758152525,-0.109340292136643,-0.109249748443221,-0.109180615201418,-0.109097943016018,-0.109019308568748,-0.108938633158111,-0.108862701993222,-0.108804715681417,-0.108738207029386,-0.108670019360479,-0.108601518011474,-0.108539204047977,-0.108462263574008,-0.108393161877461,-0.108326215008306,-0.108258438696204,-0.108189301557514,-0.108119133683466,-0.108049933048609,-0.107981077352614,-0.107910739508944,-0.107840403385725,-0.107793685633377,-0.1077942703913
NaN,NaN,NaN,NaN,NaN,NaN,NaN,NaN,NaN,NaN,NaN,NaN,NaN,NaN,NaN,NaN,NaN,NaN,NaN,NaN,NaN,NaN,NaN,NaN,NaN,NaN,NaN,NaN,NaN,NaN,NaN,NaN,NaN,NaN,NaN,NaN,NaN,NaN,NaN,NaN,NaN,NaN,NaN,NaN,NaN,NaN,NaN,NaN,NaN,NaN,NaN,NaN,NaN,NaN,NaN,NaN,NaN,NaN,NaN,NaN,NaN,NaN,NaN,NaN,NaN,NaN,NaN,NaN,NaN,NaN,NaN,NaN,NaN,NaN,NaN,NaN,NaN,NaN,NaN,NaN,NaN,NaN,-0.110059783104031,-0.110113224264965,-0.110136576040954,-0.110168730405769,-0.110200259848261,-0.110230736506853,-0.110261582770789,-0.110294792072537,-0.110328490835243,-0.110362674102195,-0.110390931518279,-0.110417484396195,-0.11044405749796,-0.110467448455235,-0.110488435803052,-0.110507209021596,-0.110525727853471,-0.110546714877524,-0.110572288576824,-0.110602030724665,-0.110637210959183,-0.110676653350278,-0.11072025693749,-0.11077155399471,-0.110827583342941,-0.110886138307932,-0.110938447736193,-0.111014784716385,-0.111092796569883,-0.111171100266793,-0.111246080080269,-0.111325458102272,-0.111408587766337,-0.111494564652758,-0.111595206768356,-0.111680012249532,-0.111760374044595,-0.111829959653666,-0.111895331043626,-0.111973241379137,-0.112052778629965,-0.112156897118724,-0.112301247810877,-0.112392885394608,-0.112444669642408,-0.112508967743476,-0.112582985606009,-0.112646261245915,-0.112705911293187,-0.1127616230071,-0.112820618633398,-0.112899153712084,-0.113026094545202,-0.113098094520246,-0.113171444825093,-0.113248626358898,-0.113278940702137,-0.113276852052124,-0.113251689810808,-0.113233125658907,-0.113222125026448,-0.113208205845569,-0.113187251190638,-0.113160507811393,-0.113143069916284,-0.113129226984005,-0.113070613672161,-0.113013839819805,-0.113164665743841,-0.113304049401005,-0.113322331059933,-0.113298485330649,-0.113286075293054,-0.113226078069508,-0.11317836996743,-0.113131196261196,-0.113051805228577,-0.113087310666023,-0.113153392475709,-0.113149432988029,-0.113128758887289,-0.113131132140972,-0.113123203013533,-0.113133960625708,-0.113090524511253,-0.112998980228514,-0.112880600460834,-0.112878400507621,-0.112878220824066,-0.11285072653557,-0.112805307223311,-0.112772092702583,-0.112773750429967,-0.112731819703759,-0.112639209363786,-0.112549157857663,-0.1124881431943,-0.112451271433366,-0.112391790278694,-0.112318532020172,-0.112271474989066,-0.112270165934702,-0.112223794722987,-0.112106415834343,-0.112012002918015,-0.111957492439499,-0.111905164065236,-0.111851250099287,-0.111804500713132,-0.111736892186318,-0.111659091341361,-0.111590611140298,-0.111543628970175,-0.111483427302073,-0.111410041947859,-0.111337505401807,-0.111251602117088,-0.111141437664393,-0.111030507900923,-0.110951721676483,-0.110877262706143,-0.110786609990905,-0.110698325926116,-0.110607126805299,-0.110519661445677,-0.11043183580549,-0.110342484584319,-0.110244979933552,-0.110177284068975,-0.110099343981691,-0.110018158790275,-0.109942020904603,-0.109873502935692,-0.10979707257703,-0.109727330650345,-0.109641506874638,-0.109540602102361,-0.109467442988591,-0.109380872244932,-0.109301836611718,-0.109218316320038,-0.109142701334569,-0.109070024836598,-0.108990586879939,-0.108910974128655,-0.108837671342115,-0.108773146020714,-0.108713731208915,-0.108651153086468,-0.108576305063858,-0.108506758226849,-0.108446376459641,-0.108382560666639,-0.108315181445758,-0.108247025358224,-0.108177756661306,-0.108108512094431,-0.108039452803522,-0.107971035610265,-0.107901184825308,-0.107831395964239,-0.107785503096686,-0.107786123897455
NaN,NaN,NaN,NaN,NaN,NaN,NaN,NaN,NaN,NaN,NaN,NaN,NaN,NaN,NaN,NaN,NaN,NaN,NaN,NaN,NaN,NaN,NaN,NaN,NaN,NaN,NaN,NaN,NaN,NaN,NaN,NaN,NaN,NaN,NaN,NaN,NaN,NaN,NaN,NaN,NaN,NaN,NaN,NaN,NaN,NaN,NaN,NaN,NaN,NaN,NaN,NaN,NaN,NaN,NaN,NaN,NaN,NaN,NaN,NaN,NaN,NaN,NaN,NaN,NaN,NaN,NaN,NaN,NaN,NaN,NaN,NaN,NaN,NaN,NaN,NaN,NaN,NaN,NaN,NaN,NaN,NaN,-0.110043717574227,-0.110099219287579,-0.110123377585392,-0.110156185290529,-0.110188023923657,-0.110220031365387,-0.110252696486796,-0.110285409562536,-0.110317072510531,-0.110349458622871,-0.110377602371642,-0.110402800422278,-0.110427000421328,-0.110447847110641,-0.11046580400284,-0.110481478109292,-0.110495102261374,-0.110512285365011,-0.110534124267094,-0.110560356433347,-0.110593518342611,-0.11063442419176,-0.110679972210443,-0.110730886292704,-0.110781989020039,-0.110834538580004,-0.110883894923775,-0.110960202895066,-0.11103007567602,-0.111101192446235,-0.111158931110634,-0.111236022335959,-0.111307407822271,-0.111388019384721,-0.111470306516197,-0.111543783468653,-0.111611280743446,-0.111677744074069,-0.111742912792202,-0.111814356652576,-0.111888934357558,-0.112022350839013,-0.112162300039529,-0.112227114572041,-0.11225055446665,-0.112314795120148,-0.112390105147316,-0.112452365656139,-0.112506580097332,-0.112556754456169,-0.112611739506776,-0.112736405352924,-0.112855353565984,-0.112945286767607,-0.112978590338175,-0.112993286306256,-0.113013824825713,-0.113034825424579,-0.113039364968996,-0.113027563979004,-0.11300174503671,-0.112977366194191,-0.112955985256581,-0.112933701165024,-0.112916334771038,-0.112898528831308,-0.112844934381794,-0.112831026038559,-0.112961622566076,-0.113084747170609,-0.113110636732687,-0.113085575800645,-0.113073961394608,-0.113013352606489,-0.112968791572611,-0.112890003766216,-0.112816282499976,-0.112910464921754,-0.112986065358354,-0.112969980054094,-0.112933556674887,-0.112930478781728,-0.112939654357799,-0.11291322524884,-0.112873201004805,-0.112810381009082,-0.112724406134963,-0.112696683627048,-0.112694209515287,-0.112657468516679,-0.112614229728385,-0.112629787454036,-0.112627007590137,-0.112558049950731,-0.112446755991124,-0.112375947197403,-0.112328728733824,-0.112295014605657,-0.112230508267357,-0.112168076687818,-0.112137335978458,-0.112152030211876,-0.112094019746056,-0.111977304519058,-0.111859074024692,-0.111810781662773,-0.111765280286656,-0.11172586448998,-0.111689461394785,-0.111599565477564,-0.111514645192705,-0.111474732536089,-0.111435894173748,-0.111355944009934,-0.111300401371119,-0.111251580269726,-0.111171209087343,-0.111066441906955,-0.110942945833321,-0.110870417135644,-0.110792428348724,-0.110708613675351,-0.110621724790255,-0.110535280910754,-0.110450743521505,-0.110366115815031,-0.110274044809103,-0.110178663988856,-0.110107853765118,-0.110036863459437,-0.109960846791241,-0.10987934259028,-0.1098176162019,-0.109753204511584,-0.109678854651975,-0.109599312062279,-0.109505040062092,-0.109420329347707,-0.109339403097531,-0.109247115972816,-0.10919059628956,-0.109108649633569,-0.109036481028588,-0.108966854823609,-0.108896972233543,-0.108808358929136,-0.108747918657397,-0.108690203130063,-0.108619200441175,-0.10855414004049,-0.108491632244074,-0.108432650493412,-0.10836701001748,-0.108301336735438,-0.108234474145876,-0.108165786623701,-0.10809769129043,-0.108029127206989,-0.107960850933499,-0.107891551160851,-0.107822465231675,-0.107777806523029,-0.107778455973294
NaN,NaN,NaN,NaN,NaN,NaN,NaN,NaN,NaN,NaN,NaN,NaN,NaN,NaN,NaN,NaN,NaN,NaN,NaN,NaN,NaN,NaN,NaN,NaN,NaN,NaN,NaN,NaN,NaN,NaN,NaN,NaN,NaN,NaN,NaN,NaN,NaN,NaN,NaN,NaN,NaN,NaN,NaN,NaN,NaN,NaN,NaN,NaN,NaN,NaN,NaN,NaN,NaN,NaN,NaN,NaN,NaN,NaN,NaN,NaN,NaN,NaN,NaN,NaN,NaN,NaN,NaN,NaN,NaN,NaN,NaN,NaN,NaN,NaN,NaN,NaN,NaN,NaN,NaN,NaN,NaN,NaN,-0.110026507735356,-0.110084453656284,-0.110109264451838,-0.11014259969526,-0.110176560222209,-0.110209740468311,-0.110244381409522,-0.110277453216103,-0.110309463074154,-0.110339418494072,-0.110366639881996,-0.110390289147186,-0.110412447614051,-0.110430686007072,-0.110446182655845,-0.110456954235194,-0.110468488005047,-0.110481159470551,-0.110497904904737,-0.110521041944521,-0.110555345509784,-0.110596769670931,-0.110648450128909,-0.110697253809782,-0.110744906066308,-0.110790260447197,-0.110849020728572,-0.110904829432906,-0.110976161513685,-0.111028039969155,-0.111081297993415,-0.111154457778894,-0.111211736119265,-0.111272876264642,-0.111339952323134,-0.111401949809387,-0.111473088051749,-0.111529525752496,-0.11159504863568,-0.111669959671076,-0.111757402291075,-0.111898171751356,-0.112006161672295,-0.112035621263574,-0.112059533841775,-0.112134338213494,-0.112204782686061,-0.112263285668278,-0.112312248639587,-0.112360809345189,-0.112423850106587,-0.112548577974422,-0.11267833660803,-0.112747475234927,-0.112765490736438,-0.112764553188506,-0.112811794746185,-0.112855352264355,-0.112856464808943,-0.112824518774143,-0.112777165347862,-0.11274609348626,-0.112731901449944,-0.112712304507238,-0.112686503079948,-0.112700175492632,-0.112646514653441,-0.112601816987965,-0.112769266173662,-0.112887710069034,-0.112880706967267,-0.112887555987771,-0.112868397016975,-0.112807611292627,-0.112735560866557,-0.112641342842014,-0.112635848776942,-0.112736794465534,-0.112800244455603,-0.11278311532176,-0.112738888404807,-0.112734243563017,-0.112739998365366,-0.112698655735017,-0.112675994501999,-0.11263894512043,-0.112567049753298,-0.112526975568259,-0.112495491567467,-0.112431053289783,-0.112444810277239,-0.112505659443864,-0.112489986677496,-0.112390371476108,-0.112241583967131,-0.112218722216927,-0.11216783255952,-0.112138909261074,-0.112065179988656,-0.112018680968921,-0.112029718672074,-0.112034779409439,-0.111955472318289,-0.111835144152655,-0.111725259168983,-0.111669992539989,-0.111634768738944,-0.11160338660681,-0.111576278670712,-0.11147675247306,-0.11138451695645,-0.111342901456667,-0.111312315794334,-0.111275142209288,-0.111188731503081,-0.111137033427428,-0.111077444162118,-0.11099075264259,-0.110872207923771,-0.110784145855457,-0.110708693301791,-0.110630393827423,-0.110551791101857,-0.110467485196085,-0.110383221431987,-0.110303573982507,-0.110210293819663,-0.110116100895328,-0.110041412168064,-0.109965466092192,-0.109903928628047,-0.10983119209854,-0.109759768296349,-0.109695819117103,-0.10963144376544,-0.109555992887797,-0.109470355635512,-0.109386260707191,-0.109304552561448,-0.109221048484679,-0.109136340924007,-0.109073086738455,-0.109007104656228,-0.108942737332747,-0.108873575168593,-0.108800713708751,-0.108725793590574,-0.108671952728355,-0.108605327244991,-0.108536822129051,-0.108478605329906,-0.108416828499074,-0.108351601803317,-0.108287963804344,-0.108220583220358,-0.108153446755733,-0.108086766085144,-0.108018783796723,-0.1079510955076,-0.10788234995913,-0.107813998100296,-0.107771100128464,-0.107771774184483
NaN,NaN,NaN,NaN,NaN,NaN,NaN,NaN,NaN,NaN,NaN,NaN,NaN,NaN,NaN,NaN,NaN,NaN,NaN,NaN,NaN,NaN,NaN,NaN,NaN,NaN,NaN,NaN,NaN,NaN,NaN,NaN,NaN,NaN,NaN,NaN,NaN,NaN,NaN,NaN,NaN,NaN,NaN,NaN,NaN,NaN,NaN,NaN,NaN,NaN,NaN,NaN,NaN,NaN,NaN,NaN,NaN,NaN,NaN,NaN,NaN,NaN,NaN,NaN,NaN,NaN,NaN,NaN,NaN,NaN,NaN,NaN,NaN,NaN,NaN,NaN,NaN,NaN,NaN,NaN,NaN,NaN,-0.110013055124595,-0.110068285581234,-0.110096674793239,-0.110131163054287,-0.110166278395778,-0.110200999262257,-0.110236264176134,-0.110270201618202,-0.110300642639415,-0.110330251189815,-0.110357496453053,-0.110380436864764,-0.110398955221884,-0.110416877151218,-0.110429751707033,-0.11043804906786,-0.110445052118513,-0.110453950676657,-0.11046673405382,-0.110490566610545,-0.110524423453885,-0.110571977197613,-0.110619296635236,-0.110670575888699,-0.110716445707245,-0.110758343035799,-0.110811337916207,-0.110868378775201,-0.110924172256801,-0.110952897207526,-0.111011847135905,-0.111067536193557,-0.111107104451693,-0.111157602237936,-0.111209343170834,-0.111278293072588,-0.111343021411602,-0.111398732150391,-0.111465933764091,-0.111533606918585,-0.111635667023379,-0.11177219659499,-0.111846501975103,-0.111846569476596,-0.111887330879559,-0.11195929141895,-0.112025610938389,-0.112078415590367,-0.11212155193522,-0.112167793471871,-0.112226433401218,-0.112352036077713,-0.112541239251863,-0.112586544572033,-0.112597186605663,-0.112621804359313,-0.112707324624202,-0.112649087591921,-0.112615981240201,-0.112591555340609,-0.112544603103061,-0.112522811340427,-0.112509649625825,-0.112494799762284,-0.112494240803988,-0.112477351236079,-0.112421421917037,-0.112401621649146,-0.112592740203125,-0.112698467755558,-0.112710048734901,-0.112718224124344,-0.112658988681494,-0.112561883992568,-0.112490749072901,-0.11242370758239,-0.112474390248135,-0.112560622937629,-0.112634654074814,-0.112603253657867,-0.112527822215568,-0.112526561332551,-0.112560926485111,-0.112506610011378,-0.112512869575835,-0.112482940529642,-0.112393683765205,-0.112333671820749,-0.112283587546704,-0.112228597646364,-0.112313510450445,-0.11237336672907,-0.112336110524681,-0.11219958549535,-0.112073235542507,-0.112048279650146,-0.112008579047768,-0.111974230775014,-0.111904988476494,-0.111881847136935,-0.111922391717418,-0.111913904420959,-0.111825827764591,-0.11166977560443,-0.111614945178837,-0.111527652418663,-0.111515697131093,-0.111511660668809,-0.111447777042056,-0.111355428234382,-0.111280587898209,-0.111227083873786,-0.111186063807082,-0.1111510590516,-0.11110029073204,-0.11102357533975,-0.110975765297675,-0.110910928677397,-0.110798024862774,-0.110711049985738,-0.110627889266634,-0.110549502769435,-0.1104819778365,-0.110403516968174,-0.110319772524487,-0.110243279179704,-0.110155655730101,-0.110050923744596,-0.109984004198956,-0.109913933192875,-0.109840120381789,-0.109772252435152,-0.109708765489961,-0.109647022586496,-0.109589550527202,-0.109511194643483,-0.109422550924145,-0.109352109525704,-0.109268814890927,-0.109183974446619,-0.109105776627009,-0.109039471516482,-0.108976759096769,-0.108920498527632,-0.108851884082031,-0.108781652007433,-0.108703741662451,-0.108646420940833,-0.108591350981142,-0.108523895610033,-0.108456421486814,-0.108397866526858,-0.108337490446068,-0.108271323013223,-0.108207211012197,-0.108141446285276,-0.108075471035995,-0.108008605522425,-0.107941702664443,-0.107873437485577,-0.107806045896897,-0.107764740929741,-0.107765440768999
NaN,NaN,NaN,NaN,NaN,NaN,NaN,NaN,NaN,NaN,NaN,NaN,NaN,NaN,NaN,NaN,NaN,NaN,NaN,NaN,NaN,NaN,NaN,NaN,NaN,NaN,NaN,NaN,NaN,NaN,NaN,NaN,NaN,NaN,NaN,NaN,NaN,NaN,NaN,NaN,NaN,NaN,NaN,NaN,NaN,NaN,NaN,NaN,NaN,NaN,NaN,NaN,NaN,NaN,NaN,NaN,NaN,NaN,NaN,NaN,NaN,NaN,NaN,NaN,NaN,NaN,NaN,NaN,NaN,NaN,NaN,NaN,NaN,NaN,NaN,NaN,NaN,NaN,NaN,NaN,NaN,NaN,-0.110006353935224,-0.110057096776795,-0.110088808063039,-0.110131480513562,-0.110162487673257,-0.110196083523243,-0.11023120021565,-0.110263714459765,-0.110294764165322,-0.110321887219842,-0.110348091341356,-0.11037080624199,-0.110389990532845,-0.110405748760426,-0.110417270929611,-0.110424370853872,-0.11042629453346,-0.110431719859442,-0.110440803068536,-0.110464872520724,-0.110504228199611,-0.110557059569769,-0.110603615502763,-0.110650843619748,-0.110688329757808,-0.110733498410286,-0.110783027860185,-0.11083077894491,-0.110862504565935,-0.110895926397683,-0.110944380111394,-0.110984812869143,-0.111003119103404,-0.11106011388645,-0.111109701602359,-0.111177093747761,-0.111230289837432,-0.111281224724456,-0.111347765750426,-0.11140121537902,-0.111542824130819,-0.111662221150688,-0.111660066783294,-0.111671300197919,-0.11172788646114,-0.111792857174682,-0.111851176015976,-0.111897079585409,-0.111937852281271,-0.111976588442294,-0.112032950847484,-0.112239954063152,-0.112470393338624,-0.112440621564494,-0.112474200255255,-0.11247845110244,-0.112412508882084,-0.112387697987297,-0.112399701267535,-0.112363285647919,-0.11231736834689,-0.112299762160606,-0.1122974922037,-0.112275923489728,-0.112294008593158,-0.11226432588333,-0.112196676965775,-0.112260534779639,-0.112463150710143,-0.112509420455416,-0.112517999732662,-0.112515449748933,-0.112399194587233,-0.112313815192797,-0.1122730290734,-0.11226092208657,-0.112309078257623,-0.112390773297604,-0.112429600292696,-0.112389560493227,-0.11232876850247,-0.11239090449551,-0.112408597983515,-0.112312139682593,-0.112357929503921,-0.112315108134791,-0.112213301239312,-0.112116321616812,-0.112078413332937,-0.11210192578295,-0.112194853185189,-0.112215677048818,-0.112143581010138,-0.111995099866154,-0.111923519733398,-0.111904650758338,-0.111843115091513,-0.111815114301899,-0.111764007819928,-0.111748972127334,-0.111815133433586,-0.111792609580692,-0.111686748551927,-0.111559903584432,-0.11147376234835,-0.111387432536713,-0.111407752716061,-0.111381802643343,-0.111320621009895,-0.11126225660637,-0.111177405839545,-0.111104535962096,-0.111079528264952,-0.111052525067434,-0.110994579924206,-0.110922174026096,-0.110883282514242,-0.110814953456838,-0.110724651278264,-0.110638832056513,-0.110557952799295,-0.110463239393564,-0.110417454786304,-0.110342122217653,-0.110258783801158,-0.110178711395434,-0.110098057114532,-0.11000815956051,-0.109907791993069,-0.109855846734863,-0.109796302406244,-0.109724002554251,-0.109648454365733,-0.109587762861265,-0.10953266559675,-0.109471219087452,-0.109392637721487,-0.10931585476844,-0.109231496077255,-0.109148475272891,-0.109070471860662,-0.109002242892223,-0.108952161385337,-0.108889218424083,-0.108824007919204,-0.108757042818393,-0.108692000561917,-0.108616120229307,-0.108569171963139,-0.108505776661753,-0.108441132809081,-0.108381466055701,-0.108320153857233,-0.108256826218355,-0.108192629915468,-0.108128462363661,-0.108063511057639,-0.107997968723921,-0.107932088741896,-0.107864851645723,-0.107798141310961,-0.107758436511215,-0.107759155108075
NaN,NaN,NaN,NaN,NaN,NaN,NaN,NaN,NaN,NaN,NaN,NaN,NaN,NaN,NaN,NaN,NaN,NaN,NaN,NaN,NaN,NaN,NaN,NaN,NaN,NaN,NaN,NaN,NaN,NaN,NaN,NaN,NaN,NaN,NaN,NaN,NaN,NaN,NaN,NaN,NaN,NaN,NaN,NaN,NaN,NaN,NaN,NaN,NaN,NaN,NaN,NaN,NaN,NaN,NaN,NaN,NaN,NaN,NaN,NaN,NaN,NaN,NaN,NaN,NaN,NaN,NaN,NaN,NaN,NaN,NaN,NaN,NaN,NaN,NaN,NaN,NaN,NaN,NaN,NaN,NaN,NaN,-0.109960903119672,-0.110006720748649,-0.110051283414986,-0.110123127323947,-0.110170040683353,-0.110209919407859,-0.11023243497227,-0.110260693731758,-0.110288425527274,-0.110314874497585,-0.110340236069848,-0.110359803619588,-0.110380482514384,-0.110397261489466,-0.110408378854019,-0.110414015366028,-0.110412704707232,-0.110411874305269,-0.110417572874445,-0.110449183293477,-0.110503682462621,-0.110559935699576,-0.110592756849836,-0.110634423959961,-0.110673486710411,-0.110709028682858,-0.110755379255276,-0.110789082152043,-0.110811781692034,-0.110842002403053,-0.110883203437636,-0.110903798953821,-0.110928364249021,-0.110981126510173,-0.111020462439221,-0.11107129189768,-0.1111186761292,-0.111184132642285,-0.111236232213436,-0.111318665041887,-0.111449879438802,-0.111500848156253,-0.11149384933171,-0.11152851745334,-0.111577684850993,-0.111628803434417,-0.111682189940313,-0.111728829173691,-0.111759785479242,-0.111786998013585,-0.111880992540149,-0.112262392784933,-0.112302556750315,-0.112238144226593,-0.112249687124084,-0.112227333566996,-0.112162713211936,-0.112167910144355,-0.112178530061788,-0.112133578209317,-0.112098036678941,-0.112102145403963,-0.112100846551663,-0.112071545343576,-0.112101389029205,-0.112066628126577,-0.111988176210938,-0.112152800541006,-0.112342110618159,-0.112357192194492,-0.112279175697394,-0.112207857873325,-0.112132838430843,-0.112096576339519,-0.112090066454039,-0.112104747877765,-0.112136284150913,-0.112199030118549,-0.112231326941451,-0.112205035016314,-0.112206389182693,-0.11224016746419,-0.112190010032653,-0.112163181717079,-0.112149888976478,-0.11212362049254,-0.11202375252375,-0.111939194381389,-0.111917136523252,-0.111945320349533,-0.112068424546224,-0.112046834164515,-0.111938714446779,-0.111825822650493,-0.111786158611264,-0.111718044690682,-0.111692897635879,-0.111659974637448,-0.111604736966412,-0.11164496034878,-0.111695685640686,-0.111656226704255,-0.111561345295046,-0.111459353399059,-0.111343297802471,-0.11126769321432,-0.111306571340451,-0.111251246893352,-0.111159761152248,-0.111188418050006,-0.111103728468807,-0.111010540075297,-0.110989881061468,-0.11094324325646,-0.110881451520716,-0.110796469819788,-0.11077356725208,-0.110722692676144,-0.110642907371163,-0.110569465999629,-0.110497435910303,-0.110404563594526,-0.110335802701776,-0.110267370142121,-0.110190560496752,-0.110111258491665,-0.110033510088398,-0.109953947544436,-0.109867943884005,-0.109799829245889,-0.109736091728512,-0.109679432171434,-0.109603581507144,-0.109532966166155,-0.109498339075468,-0.109433076590652,-0.109350542555069,-0.109265280211717,-0.109196641024526,-0.109117526275772,-0.109041430175828,-0.108971020409981,-0.108903415930731,-0.10885021466121,-0.10879967798928,-0.108740873388889,-0.10867911938244,-0.108608636786856,-0.108539614110433,-0.108492112693725,-0.108424916759214,-0.10836600658628,-0.108304971262365,-0.108240899797497,-0.108177242469162,-0.108115275188163,-0.108051543511617,-0.107987010362632,-0.107922284687791,-0.107855999385631,-0.107790750540724,-0.107752311986573,-0.107753033427383
NaN,NaN,NaN,NaN,NaN,NaN,NaN,NaN,NaN,NaN,NaN,NaN,NaN,NaN,NaN,NaN,NaN,NaN,NaN,NaN,NaN,NaN,NaN,NaN,NaN,NaN,NaN,NaN,NaN,NaN,NaN,NaN,NaN,NaN,NaN,NaN,NaN,NaN,NaN,NaN,NaN,NaN,NaN,NaN,NaN,NaN,NaN,NaN,NaN,NaN,NaN,NaN,NaN,NaN,NaN,NaN,NaN,NaN,NaN,NaN,NaN,NaN,NaN,NaN,NaN,NaN,NaN,NaN,NaN,NaN,NaN,NaN,NaN,NaN,NaN,NaN,NaN,NaN,NaN,NaN,NaN,NaN,NaN,NaN,NaN,NaN,-0.110169110417774,-0.110224473605109,-0.110244691167749,-0.110262618060168,-0.110283286557856,-0.110307934264267,-0.1103276429963,-0.110348152577799,-0.110369049007673,-0.110386002890462,-0.11039855101202,-0.110404220831109,-0.110402457180814,-0.110401190853768,-0.110402292802522,-0.110441875982629,-0.110537467307978,-0.110590224939239,-0.110599086623184,-0.110624198782247,-0.110652609442769,-0.110693211115365,-0.11072923470922,-0.110753621577446,-0.110768930799493,-0.110805004930981,-0.11082619081776,-0.110840925837406,-0.110867379207574,-0.110900798407119,-0.1109371784641,-0.110981830840118,-0.111023796981945,-0.111097127972419,-0.111140966572795,-0.111220536818798,-0.111316297404547,-0.111335640308709,-0.111359107272059,-0.111400990046699,-0.111434387577462,-0.11147448106365,-0.111519069099967,-0.111555553043141,-0.111575652059417,-0.111609871539282,-0.111898528100716,-0.112107435595862,-0.112061187122005,-0.112075458056593,-0.11198700863697,-0.111962663810967,-0.111952321145555,-0.112015246706997,-0.111983221164254,-0.111919813542775,-0.111905183634058,-0.111896022669657,-0.111923518589804,-0.111886172477364,-0.11187722343223,-0.111864055318342,-0.111845271430958,-0.112001410989719,-0.112214014127825,-0.112145778852921,-0.11200352196105,-0.111953936462302,-0.11191291086786,-0.111898930928499,-0.111913398392412,-0.11195220339073,-0.111937315029803,-0.111993747096213,-0.112064018818732,-0.112060189873368,-0.112060088324029,-0.112035015130553,-0.112001716344008,-0.111986030487636,-0.111959567711175,-0.111968953630854,-0.11183591937019,-0.111789635174244,-0.111752063366864,-0.111817563606891,-0.111914665635783,-0.111853861998184,-0.111765214196818,-0.111658698919381,-0.111625715182337,-0.11155833108216,-0.111542679475702,-0.111502391354227,-0.111483708011522,-0.111534464080821,-0.111570135243039,-0.111512956382716,-0.111430496727861,-0.11133968734768,-0.111252059397225,-0.111174514654396,-0.111167448605062,-0.111091629476649,-0.111069243482114,-0.111058676210129,-0.110977772226277,-0.110935026123412,-0.110895121428468,-0.110852223528921,-0.110789583127098,-0.110722513599323,-0.110661620209327,-0.11061639587866,-0.110556129363942,-0.110493959914866,-0.110430383232168,-0.110352991647393,-0.110273425499945,-0.11020147053785,-0.110125337120287,-0.110046045196037,-0.109971273245482,-0.109895327793576,-0.109807832477411,-0.109764278122728,-0.109702292290433,-0.109619917748446,-0.109564122427882,-0.109481607106673,-0.109433882105965,-0.109394352321865,-0.109304512596741,-0.109242514569779,-0.109159101847763,-0.109082786988383,-0.109012329210585,-0.108944078268306,-0.108879774124887,-0.108826934228865,-0.108773653899297,-0.108722179335623,-0.108658456513785,-0.108587665939841,-0.108519626218593,-0.108464798415549,-0.108409446693046,-0.108348381128324,-0.108285789025819,-0.108223943368398,-0.108162461473458,-0.108101320660682,-0.108039300640248,-0.107975554202885,-0.107912574632089,-0.107847587819608,-0.107783932370247,-0.107746870329725,-0.107747580439062
NaN,NaN,NaN,NaN,NaN,NaN,NaN,NaN,NaN,NaN,NaN,NaN,NaN,NaN,NaN,NaN,NaN,NaN,NaN,NaN,NaN,NaN,NaN,NaN,NaN,NaN,NaN,NaN,NaN,NaN,NaN,NaN,NaN,NaN,NaN,NaN,NaN,NaN,NaN,NaN,NaN,NaN,NaN,NaN,NaN,NaN,NaN,NaN,NaN,NaN,NaN,NaN,NaN,NaN,NaN,NaN,NaN,NaN,NaN,NaN,NaN,NaN,NaN,NaN,NaN,NaN,NaN,NaN,NaN,NaN,NaN,NaN,NaN,NaN,NaN,NaN,NaN,NaN,NaN,NaN,NaN,NaN,NaN,NaN,NaN,NaN,NaN,NaN,-0.110252544364686,-0.110268431922042,-0.110285492193138,-0.110299837276084,-0.110315834295725,-0.110336536371183,-0.110356897811188,-0.110373150524737,-0.110386694627824,-0.110393082632069,-0.110393717636918,-0.11039023274935,-0.110395798657368,-0.110438201557703,-0.110608876967407,-0.110661751230298,-0.110618771013625,-0.110612708455609,-0.110641671330187,-0.110671869532519,-0.110697439952746,-0.110718018876895,-0.11074280148963,-0.11076463558904,-0.110779547316329,-0.110795117285809,-0.110814171949225,-0.110835395051235,-0.110860734075151,-0.110901799085543,-0.110957931800571,-0.111023105285722,-0.111048834311052,-0.111123645118744,-0.111183188088182,-0.111210952829921,-0.111253887294588,-0.111271428350708,-0.111296953123685,-0.111328587600954,-0.111363200605096,-0.111393254529178,-0.111408092584407,-0.111479832314391,-0.111928858559039,-0.111877784753077,-0.111877221293911,-0.111800729188223,-0.111733756887978,-0.111779126442935,-0.111841496119404,-0.111811491313963,-0.111789426141649,-0.111682390466416,-0.111715263332257,-0.111735129772756,-0.111695977305165,-0.111668469970236,-0.111668053039303,-0.111694713498722,-0.1116792112635,-0.111908485636064,-0.112063727089245,-0.111871901304957,-0.111728143900137,-0.111733268112972,-0.111739687231095,-0.111674102191062,-0.111758668600243,-0.111800740400548,-0.111734361761164,-0.11179904622475,-0.111940663979318,-0.111932876051489,-0.111905371231698,-0.111846244039833,-0.111845219313589,-0.111804451839163,-0.111816328083846,-0.111807859541624,-0.111704929823432,-0.111609342205849,-0.111597495648728,-0.111724966754361,-0.111725150475313,-0.111673583379146,-0.111573794166572,-0.111510468234461,-0.111455647734727,-0.111404272254724,-0.111380448089387,-0.111347849274917,-0.111391868486726,-0.111416669297436,-0.111417616525416,-0.111376490016381,-0.111303630337554,-0.111218912758995,-0.111142228895542,-0.111108538595718,-0.111075303168011,-0.110956332590174,-0.110936168483374,-0.110947823004202,-0.110892918132019,-0.110825514103579,-0.1107912664329,-0.110754706744209,-0.1106971423328,-0.110632742001846,-0.110580684762896,-0.110526318356445,-0.110469151144671,-0.110413695390496,-0.110357817693404,-0.110294131673426,-0.110215379285143,-0.110137989404279,-0.110064042469914,-0.109992191584118,-0.109912587846399,-0.10983689222194,-0.109755928299411,-0.109699827983811,-0.109662560368321,-0.109587301093428,-0.109519632523862,-0.109446288743198,-0.109392955954948,-0.109337243672825,-0.109268010958234,-0.109181864447737,-0.109114266008465,-0.109048563458719,-0.108982481089398,-0.108916608761273,-0.108848976135467,-0.108803605963391,-0.108748662892698,-0.108696469520504,-0.108634245421116,-0.108573213634732,-0.108501679950927,-0.108444035931014,-0.108389834166396,-0.108329762703249,-0.108266122223837,-0.108206469751553,-0.108148181678671,-0.108088560721828,-0.108026259967728,-0.107963942177466,-0.107902250046989,-0.107838888306592,-0.107777408511398,-0.107742619480108,-0.10774331133314
NaN,NaN,NaN,NaN,NaN,NaN,NaN,NaN,NaN,NaN,NaN,NaN,NaN,NaN,NaN,NaN,NaN,NaN,NaN,NaN,NaN,NaN,NaN,NaN,NaN,NaN,NaN,NaN,NaN,NaN,NaN,NaN,NaN,NaN,NaN,NaN,NaN,NaN,NaN,NaN,NaN,NaN,NaN,NaN,NaN,NaN,NaN,NaN,NaN,NaN,NaN,NaN,NaN,NaN,NaN,NaN,NaN,NaN,NaN,NaN,NaN,NaN,NaN,NaN,NaN,NaN,NaN,NaN,NaN,NaN,NaN,NaN,NaN,NaN,NaN,NaN,NaN,NaN,NaN,NaN,NaN,NaN,NaN,NaN,NaN,NaN,NaN,NaN,NaN,-0.110263293060324,-0.110292740734603,-0.110303007611431,-0.110315568307102,-0.110333026826331,-0.1103492107202,-0.110364183593389,-0.11037622850622,-0.110379291062124,-0.110377760994204,-0.110373368993112,-0.110381542314864,-0.110436987051176,NaN,NaN,-0.110596855002573,-0.110600705997547,-0.110616980932351,-0.110641986454107,-0.110664325406394,-0.110687612641934,-0.110709507229063,-0.110731666999178,-0.110749620484869,-0.110760835915279,-0.110769792363427,-0.110778940153939,-0.110812934069987,-0.110852064906133,-0.110906419607149,-0.110944512970704,-0.110971986489529,-0.111044099171358,-0.11107112576066,-0.111117219135625,-0.11113657186942,-0.111151320347792,-0.111176737592626,-0.111200162707805,-0.111225519416793,-0.111246516531038,-0.111269066237266,-0.11152604095491,-0.111755760240057,-0.111630577789668,-0.111707366754042,-0.111565870142805,-0.111550269964449,-0.111685589304772,-0.111677485195085,-0.111573822813818,-0.111570926135031,-0.111495492664102,-0.111582135745468,-0.111584850866574,-0.111465892535302,-0.111413564710236,-0.111486076509784,-0.111541058704005,-0.111536708870142,-0.111828728490666,-0.111830129293481,-0.111564666402175,-0.111559672266272,-0.111570927446044,-0.111566137319574,-0.11148444526952,-0.111626886760461,-0.111637010776355,-0.111494757929651,-0.111675618926189,-0.111817001200865,-0.111786203478068,-0.111737919895289,-0.111622288961549,-0.111702042603757,-0.111687961137644,-0.111692989145358,-0.111645649047248,-0.111540492976366,-0.111443679380624,-0.111488232704069,-0.111534870538658,-0.111549060679686,-0.111473988842617,-0.111395730527711,-0.111363659184647,-0.111301079075606,-0.11122721140639,-0.111217445975472,-0.11123994130987,-0.111251475078818,-0.111296553099228,-0.111277675621104,-0.111227752458991,-0.111168661837506,-0.111105852450012,-0.111029929997937,-0.111016772911276,-0.110991073610478,-0.110859112518857,-0.110798674612527,-0.110812491872701,-0.11080192577843,-0.11074841180763,-0.110705412027996,-0.1106669731384,-0.110608560485973,-0.110553488386165,-0.110500191622181,-0.110449865094754,-0.110392713511061,-0.110318561727518,-0.110287561297188,-0.110237827367814,-0.110161138389233,-0.110081565104113,-0.110004660001513,-0.109935845398285,-0.109866983341315,-0.109771086048256,-0.109709637982334,-0.109662535329477,-0.109593388096845,-0.109547173844747,-0.10948313252951,-0.109419110172894,-0.109358636947424,-0.109294133933758,-0.109219394670526,-0.109146506818046,-0.109075689692072,-0.109012335991857,-0.108950166124324,-0.108891793096642,-0.108820648978412,-0.108780659394066,-0.108727740764462,-0.108666205767503,-0.108611924314649,-0.1085454993092,-0.10847999150234,-0.108425200825168,-0.108363762080082,-0.10830355846189,-0.108247272810899,-0.108190037140193,-0.108132647691674,-0.108071956834156,-0.10801215431634,-0.10795154375175,-0.107891132723829,-0.107829446468043,-0.107770355000889,-0.107738174819827,-0.107738846547066
NaN,NaN,NaN,NaN,NaN,NaN,NaN,NaN,NaN,NaN,NaN,NaN,NaN,NaN,NaN,NaN,NaN,NaN,NaN,NaN,NaN,NaN,NaN,NaN,NaN,NaN,NaN,NaN,NaN,NaN,NaN,NaN,NaN,NaN,NaN,NaN,NaN,NaN,NaN,NaN,NaN,NaN,NaN,NaN,NaN,NaN,NaN,NaN,NaN,NaN,NaN,NaN,NaN,NaN,NaN,NaN,NaN,NaN,NaN,NaN,NaN,NaN,NaN,NaN,NaN,NaN,NaN,NaN,NaN,NaN,NaN,NaN,NaN,NaN,NaN,NaN,NaN,NaN,NaN,NaN,NaN,NaN,NaN,NaN,NaN,NaN,NaN,NaN,NaN,NaN,NaN,-0.110315525669033,-0.110319573928966,-0.11034536959765,-0.110359492833597,-0.110367214381226,-0.110374358549943,-0.110371031364185,-0.110366136794569,-0.110364861375323,-0.110343713965611,NaN,NaN,NaN,NaN,-0.110569605592496,-0.110592300522057,-0.110614809956,-0.110637983907687,-0.110663922648511,-0.110690962671914,-0.110721770237049,-0.110724872583946,-0.11073645001133,-0.110735267487785,-0.110741774363104,-0.11078060698532,-0.110830365335147,-0.110849246133049,-0.11087210846881,-0.110898431771484,-0.110958011152869,-0.110980160365889,-0.111017483709656,-0.111040487905413,-0.111053758499276,-0.111075159633448,-0.111096714996273,-0.111116289839176,-0.111132352642439,-0.111180363067041,-0.111552277527841,-0.111510312431066,-0.111455957785141,-0.111500933635211,-0.111377081078998,-0.111441395389226,-0.111475576599904,-0.111455011035366,-0.111434912153447,-0.111395267856837,-0.111385415342825,-0.111392349893076,-0.111296970666296,-0.11119250223967,-0.111216919236839,-0.111335648436341,-0.111416574894209,-0.11143003926369,-0.111682365549643,-0.111548364843287,-0.111360799877745,-0.111335821512317,-0.111402233740485,-0.111441780795447,-0.111337833722876,-0.11145978900864,-0.111410004512549,-0.111338011787143,-0.11160390122099,-0.111679383347094,-0.111635033629693,-0.111553828875755,-0.111445627638009,-0.111527255150169,-0.111571931348656,-0.111582762947264,-0.111475873193614,-0.111369455052523,-0.111336529700704,-0.111359213768894,-0.111374740443136,-0.111349593591477,-0.111290916458876,-0.111258468097494,-0.111197099560514,-0.111136349249516,-0.111084262315379,-0.111103634516874,-0.111145385934219,-0.11114371207917,-0.111143063995333,-0.111126167472665,-0.111088538958549,-0.111040506656627,-0.110983516030772,-0.110923788880448,-0.11091657702773,-0.110882728879695,-0.110784870906026,-0.11068530562245,-0.11069244357613,-0.110686323363951,-0.110657342388507,-0.110619479601789,-0.110583367819846,-0.11053366015254,-0.110470261973982,-0.110422894319844,-0.110378636754742,-0.11032107429449,-0.110250287502656,-0.110213633389711,-0.110175087824109,-0.110117928163308,-0.110029708835802,-0.109947379980705,-0.109879469796519,-0.10981843859812,-0.109732028504491,-0.109641269790375,-0.109584366864086,-0.109538829872787,-0.109504645919703,-0.109439950596959,-0.109380466911116,-0.109332455262382,-0.109258388904077,-0.109179190349944,-0.109101791585301,-0.109036053980254,-0.108977605770202,-0.108920178892703,-0.108861188446042,-0.108804018052983,-0.10874296476499,-0.108687399408111,-0.108632565512909,-0.10858238860225,-0.108522062105294,-0.108459171172641,-0.108394859149322,-0.108337658988142,-0.108286274618157,-0.108228934215413,-0.10816886761191,-0.108115614819278,-0.108056586036436,-0.107997247795057,-0.107938354697688,-0.107879192913343,-0.10781899435815,-0.107762044661525,-0.107731844492315,-0.107732503721609
NaN,NaN,NaN,NaN,NaN,NaN,NaN,NaN,NaN,NaN,NaN,NaN,NaN,NaN,NaN,NaN,NaN,NaN,NaN,NaN,NaN,NaN,NaN,NaN,NaN,NaN,NaN,NaN,NaN,NaN,NaN,NaN,NaN,NaN,NaN,NaN,NaN,NaN,NaN,NaN,NaN,NaN,NaN,NaN,NaN,NaN,NaN,NaN,NaN,NaN,NaN,NaN,NaN,NaN,NaN,NaN,NaN,NaN,NaN,NaN,NaN,NaN,NaN,NaN,NaN,NaN,NaN,NaN,NaN,NaN,NaN,NaN,NaN,NaN,NaN,NaN,NaN,NaN,NaN,NaN,NaN,NaN,NaN,NaN,NaN,NaN,NaN,NaN,NaN,NaN,NaN,NaN,NaN,NaN,-0.110390806027958,-0.11038036736933,-0.110383038534706,-0.110381020679397,-0.110372083564287,-0.110371084116795,-0.110258023384957,NaN,NaN,NaN,NaN,-0.110554912771161,-0.110583050928,-0.110604757034342,-0.110634482951398,-0.110666156487179,-0.110696462475,-0.110710610388178,-0.110715596482592,-0.110728168195143,-0.110713724519552,-0.110722959076739,-0.110778222025752,-0.110797722574389,-0.110774121348419,-0.11079908796251,-0.11083817992089,-0.110878952718485,-0.110903040497193,-0.110934695807306,-0.110949606454632,-0.110972621337908,-0.110993992210394,-0.111011495077993,-0.111025417870269,-0.11103344812737,-0.111151512642636,-0.111339983003053,-0.111308337615173,-0.111352044002668,-0.11122446860034,-0.111176462486996,-0.111286229395607,-0.111286924015722,-0.111298725952641,-0.111304251323501,-0.111246451764466,-0.111198086632317,-0.111120492549086,-0.111067467472424,-0.110996370487717,-0.111064195542229,-0.111224141098913,-0.111281034837929,-0.111314621551103,-0.111471311704898,-0.111264699330979,-0.111146821714251,-0.111174415798439,-0.111259202272234,-0.111258292395348,-0.111165719419847,-0.111297305250396,-0.111284460334721,-0.111248501422702,-0.111373776064627,-0.111498606213999,-0.111432533312165,-0.111346366573925,-0.111325991402144,-0.111408124733565,-0.111444306216692,-0.111437094679251,-0.111291166170536,-0.111328145916552,-0.111156609434282,-0.111170334163863,-0.111226685543329,-0.111163139669429,-0.111128687009636,-0.11109328773286,-0.111020912957998,-0.110989569329845,-0.110968876039926,-0.110951530811465,-0.111023126648907,-0.111023507446138,-0.111006092799506,-0.110985410167208,-0.110954747847649,-0.110915532086152,-0.110864809180317,-0.11082057520133,-0.110806133096298,-0.110772120245093,-0.110690087443043,-0.110604919333585,-0.110587420280249,-0.110582882551908,-0.110563710688871,-0.110532341121081,-0.110493870106763,-0.110453299198413,-0.110403801906862,-0.11034098760861,-0.110309920693963,-0.1102692095388,-0.110188448084103,-0.110136493282536,-0.110116797187946,-0.110103826266091,-0.109993685314736,-0.109900391238453,-0.109819057800366,-0.10976334446107,-0.109690142351184,-0.109603188628696,-0.109542627353325,-0.109484186835564,-0.109451838688818,-0.10940580760062,-0.109343483528079,-0.109294458883083,-0.10921511625725,-0.109134571445899,-0.109059679191914,-0.108996465334625,-0.108947618472857,-0.108891049853678,-0.108834799485849,-0.108779625671107,-0.108719270926179,-0.108665913662756,-0.108605777887668,-0.108545227223122,-0.10849672224466,-0.108433640199343,-0.10837459490812,-0.108319247917054,-0.10826465019881,-0.108211127660849,-0.108153882463711,-0.108094572978346,-0.108038104879995,-0.107981630995462,-0.107923849065397,-0.107866239986577,-0.107807447288591,-0.107752687947269,-0.107724416934328,-0.107725058391817
NaN,NaN,NaN,NaN,NaN,NaN,NaN,NaN,NaN,NaN,NaN,NaN,NaN,NaN,NaN,NaN,NaN,NaN,NaN,NaN,NaN,NaN,NaN,NaN,NaN,NaN,NaN,NaN,NaN,NaN,NaN,NaN,NaN,NaN,NaN,NaN,NaN,NaN,NaN,NaN,NaN,NaN,NaN,NaN,NaN,NaN,NaN,NaN,NaN,NaN,NaN,NaN,NaN,NaN,NaN,NaN,NaN,NaN,NaN,NaN,NaN,NaN,NaN,NaN,NaN,NaN,NaN,NaN,NaN,NaN,NaN,NaN,NaN,NaN,NaN,NaN,NaN,NaN,NaN,NaN,NaN,NaN,NaN,NaN,NaN,NaN,NaN,NaN,NaN,NaN,NaN,NaN,NaN,NaN,NaN,NaN,NaN,-0.110369613700159,-0.110391947045544,NaN,NaN,NaN,NaN,NaN,NaN,NaN,-0.110589707664776,-0.110607679737588,-0.11063720881709,-0.110693290836749,-0.110734924595918,-0.110731846630788,-0.110738384909254,-0.110731616322318,-0.11071520319801,-0.110734483274327,-0.110764232547657,-0.110720960185142,-0.110725328348885,-0.110765219275249,-0.110794753404601,-0.110816100819548,-0.110842758153797,-0.110868255516406,-0.110888172594544,-0.110907717417521,-0.11092503632404,-0.110940040707619,-0.110952565849954,-0.110956278708743,-0.111094673640104,-0.111167134143999,-0.111207423288938,-0.111148572927802,-0.111030873075011,-0.111096996029279,-0.111168507186131,-0.111138240085052,-0.11114035858148,-0.11114962736818,-0.111088164254898,-0.11103932794689,-0.111011596546102,-0.110828092130704,-0.110722428031315,-0.110991006384643,-0.11111004141883,-0.111125797154677,-0.11120763180975,-0.111189455738122,-0.11100255456333,-0.110981858769885,-0.11105045715477,-0.11105148860698,-0.111051215383178,-0.111051941857124,-0.111159842722158,-0.111183711534924,-0.111039000387752,-0.11119027837965,-0.111480304361583,-0.11143154249068,-0.11122012097149,-0.111184281666171,-0.111233457852877,-0.111322997753775,-0.111370567180152,-0.11118064327921,-0.111090060383979,-0.110989312310956,-0.111043727616258,-0.11105452335398,-0.110960468564776,-0.110998330060493,-0.110929077894276,-0.110875661403198,-0.110856458361449,-0.110831277647901,-0.11084029693335,-0.110879250195988,-0.110882681077916,-0.110861809420224,-0.110867170107273,-0.11083263183742,-0.110792475781021,-0.11075621156094,-0.110721409474285,-0.110698608271698,-0.110663683719968,-0.1105922303514,-0.110526854299572,-0.11050393696062,-0.110486692416662,-0.110468098332449,-0.110441572916411,-0.110408379945536,-0.110378021031278,-0.11033253919153,-0.110283198661937,-0.110246134176908,-0.110204303567356,-0.110138710687655,-0.110077886439469,-0.110035111573002,-0.110000878227071,-0.109944375200075,-0.109853351362763,-0.109796493632198,-0.109691054694555,-0.10964268827563,-0.109563779618085,-0.109488550126368,-0.109434029479967,-0.109399558203022,-0.109399479492751,-0.109320966512816,-0.109248653829197,-0.109172460612181,-0.109092703562004,-0.10901726651347,-0.10895711698634,-0.108919444707941,-0.108863162161329,-0.108802767060752,-0.108756250328069,-0.108690145367968,-0.108637758831547,-0.108579361844512,-0.108526663073134,-0.108462179201515,-0.108404007681368,-0.10835032688669,-0.108296096657748,-0.108246613600215,-0.108191038959613,-0.108134728987073,-0.108078781004349,-0.108021326616809,-0.107964313487678,-0.107908196022544,-0.107852343414248,-0.107795412447549,-0.107742739015581,-0.107716626412151,-0.107717248733167
NaN,NaN,NaN,NaN,NaN,NaN,NaN,NaN,NaN,NaN,NaN,NaN,NaN,NaN,NaN,NaN,NaN,NaN,NaN,NaN,NaN,NaN,NaN,NaN,NaN,NaN,NaN,NaN,NaN,NaN,NaN,NaN,NaN,NaN,NaN,NaN,NaN,NaN,NaN,NaN,NaN,NaN,NaN,NaN,NaN,NaN,NaN,NaN,NaN,NaN,NaN,NaN,NaN,NaN,NaN,NaN,NaN,NaN,NaN,NaN,NaN,NaN,NaN,NaN,NaN,NaN,NaN,NaN,NaN,NaN,NaN,NaN,NaN,NaN,NaN,NaN,NaN,NaN,NaN,NaN,NaN,NaN,NaN,NaN,NaN,NaN,NaN,NaN,NaN,NaN,NaN,NaN,NaN,NaN,NaN,NaN,NaN,NaN,NaN,NaN,NaN,NaN,NaN,NaN,NaN,NaN,NaN,NaN,NaN,NaN,-0.11066002200447,-0.110795239582524,-0.110779912529893,-0.110752271575613,-0.110736184902937,-0.110761137531037,-0.110758883847251,-0.110699087616824,-0.110698489116671,-0.110728189213871,-0.110749851615375,-0.11077205114689,-0.110793102187179,-0.110820928015413,-0.110838764567943,-0.110856673602749,-0.110870310871689,-0.110883545528053,-0.110898808925133,-0.110926571036298,-0.111015907239151,-0.111152114694845,-0.111238384712143,-0.111040954174848,-0.110942299922937,-0.110930172231942,-0.111024572235722,-0.111079167376501,-0.111103084089204,-0.111050435910658,-0.11095038814497,-0.11086771044459,-0.110649690343628,-0.110516357551089,-0.110669753362327,-0.110908080646481,-0.110976525889863,-0.110948711885511,-0.111032789970842,-0.110921671806648,-0.110809060656082,-0.110895899453549,-0.110874417357266,-0.110836062753133,-0.110894363474494,-0.11095946828556,-0.110995962090144,-0.110975452811345,-0.110825161007686,-0.11120034045904,-0.111422517824772,-0.111254140541939,-0.111111943593463,-0.111121950737143,-0.111269752912143,-0.111342085496328,-0.1112279294023,-0.111071568400213,-0.110868328787818,-0.110758386770726,-0.110971391247172,-0.110866727628851,-0.110809997322732,-0.110816894164886,-0.110767625211081,-0.110723058897138,-0.110716670679109,-0.110711286625598,-0.11072053462934,-0.110741261070427,-0.110748512596145,-0.110734131454633,-0.110728092890377,-0.110710646516881,-0.110679562176167,-0.110649626741632,-0.11062224300377,-0.110596221509705,-0.110557998054578,-0.110499323255162,-0.110449934545733,-0.110424807346753,-0.110406686122109,-0.110384396092262,-0.110359083251357,-0.110323145874754,-0.110297528990124,-0.110258328946082,-0.110215481865668,-0.110178599695311,-0.110137020047415,-0.11008410472216,-0.110033819008821,-0.109996097128606,-0.109960883941094,-0.109899694718196,-0.109789357770202,-0.109777640264809,-0.10965250221513,-0.109577089814016,-0.109511450261215,-0.109439727842746,-0.109392370126776,-0.109367136919213,-0.109332083966001,-0.109269950140384,-0.109243468326654,-0.109141154429458,-0.10904936550587,-0.108984897318264,-0.108912274940871,-0.108881114694005,-0.108837116965349,-0.108766501730076,-0.108727418896883,-0.10867978426892,-0.108605726951478,-0.108557197810492,-0.108494008546494,-0.108430565032409,-0.108378394862115,-0.108329783000469,-0.108271600817965,-0.108220878866486,-0.108169058969718,-0.108115353752769,-0.108060624302711,-0.108004508332764,-0.107947983480292,-0.107892627118174,-0.107837858702767,-0.107782969689323,-0.107732666195765,-0.10770820960267,-0.10770882411663
NaN,NaN,NaN,NaN,NaN,NaN,NaN,NaN,NaN,NaN,NaN,NaN,NaN,NaN,NaN,NaN,NaN,NaN,NaN,NaN,NaN,NaN,NaN,NaN,NaN,NaN,NaN,NaN,NaN,NaN,NaN,NaN,NaN,NaN,NaN,NaN,NaN,NaN,NaN,NaN,NaN,NaN,NaN,NaN,NaN,NaN,NaN,NaN,NaN,NaN,NaN,NaN,NaN,NaN,NaN,NaN,NaN,NaN,NaN,NaN,NaN,NaN,NaN,NaN,NaN,NaN,NaN,NaN,NaN,NaN,NaN,NaN,NaN,NaN,NaN,NaN,NaN,NaN,NaN,NaN,NaN,NaN,NaN,NaN,NaN,NaN,NaN,NaN,NaN,NaN,NaN,NaN,NaN,NaN,NaN,NaN,NaN,NaN,NaN,NaN,NaN,NaN,NaN,NaN,NaN,NaN,NaN,NaN,NaN,NaN,NaN,-0.110655663846352,-0.110845255526465,-0.110781320933339,-0.110762117633292,-0.110814069617965,-0.110758573718343,-0.110675615321348,-0.110672360525237,-0.110697690540006,-0.110724671863898,-0.110741687583293,-0.110759999735943,-0.110784714973229,-0.11079978286431,-0.110815151451434,-0.110826097198016,-0.110845493291009,-0.110864866600238,-0.11091773192977,-0.111074788282383,-0.111319011590375,-0.111188000854563,-0.110915699202652,-0.110878992124552,-0.110967784002442,-0.111169310200525,-0.111090437972156,-0.11090122901008,-0.110777904593974,-0.110675002645011,-0.110465068138282,-0.110354615696637,-0.110412611261301,-0.110609344189119,-0.110745674353974,-0.110795185060373,-0.110818767234723,-0.110788045332885,-0.110698416692803,-0.110692126582366,-0.110709046625939,-0.110657338989352,-0.110645960383698,-0.110748099714923,-0.110840399320525,-0.110840754254096,-0.110788012345085,-0.110730679438021,-0.111312760427311,-0.111189666905588,-0.111004827450061,-0.110934097699406,-0.111026030809858,-0.111161448811469,-0.111191372969088,-0.111048490435424,-0.110907178137052,-0.110623891671428,-0.110809055135013,-0.110776898944991,-0.110641650614206,-0.110646838251767,-0.110671116770163,-0.110618868064632,-0.110586306171398,-0.110580559495796,-0.110588457346266,-0.110602147943194,-0.110609198097618,-0.110613507168225,-0.110611930190597,-0.110603279699713,-0.110591163628425,-0.110572613604421,-0.110548289588853,-0.110524116403221,-0.110496718379496,-0.110456655291754,-0.110413207750162,-0.110375012467045,-0.110352105887289,-0.110331652638399,-0.110307799248755,-0.110282277401257,-0.110248224722099,-0.11022215031457,-0.11018839518664,-0.110147416019252,-0.110105356628163,-0.110062995858268,-0.110016901876448,-0.109978005326978,-0.10994481141772,-0.109908037586918,-0.109852707251716,-0.10976990063139,-0.109685923472705,-0.109616343193871,-0.109534410243399,-0.109451834885377,-0.109401341245694,-0.109345182952389,-0.109295639947876,-0.109291205354981,-0.109257015997833,-0.109177011108971,-0.109098122568116,-0.109014963815207,-0.108944022970984,-0.108889115145535,-0.108835782937496,-0.108797889172902,-0.108750919397055,-0.108680489774177,-0.108642801374032,-0.108598257436273,-0.10852178318519,-0.108455535536061,-0.108412003719556,-0.10836028705282,-0.108301976310405,-0.108251698662735,-0.108196305137005,-0.108143568223657,-0.108092212755335,-0.108040186028121,-0.107986941219594,-0.107931725237853,-0.107876744950075,-0.107823489143544,-0.107770396714652,-0.10772198103454,-0.107699363740732,-0.107699969772915
NaN,NaN,NaN,NaN,NaN,NaN,NaN,NaN,NaN,NaN,NaN,NaN,NaN,NaN,NaN,NaN,NaN,NaN,NaN,NaN,NaN,NaN,NaN,NaN,NaN,NaN,NaN,NaN,NaN,NaN,NaN,NaN,NaN,NaN,NaN,NaN,NaN,NaN,NaN,NaN,NaN,NaN,NaN,NaN,NaN,NaN,NaN,NaN,NaN,NaN,NaN,NaN,NaN,NaN,NaN,NaN,NaN,NaN,NaN,NaN,NaN,NaN,NaN,NaN,NaN,NaN,NaN,NaN,NaN,NaN,NaN,NaN,NaN,NaN,NaN,NaN,NaN,NaN,NaN,NaN,NaN,NaN,NaN,NaN,NaN,NaN,NaN,NaN,NaN,NaN,NaN,NaN,NaN,NaN,NaN,NaN,NaN,NaN,NaN,NaN,NaN,NaN,NaN,NaN,NaN,NaN,NaN,NaN,NaN,NaN,-0.110396048731201,-0.110885596970762,-0.110857283187041,-0.110818800138563,-0.110500766418015,NaN,-0.110593181993429,-0.110660051915815,-0.110657574035916,-0.110680657785824,-0.110705827618295,-0.110719499126124,-0.110737909084134,-0.110754136171693,-0.110769619394419,-0.110782663201165,-0.110792131618695,-0.11080470731176,-0.110835646138149,-0.110939169274971,-0.111183837897119,-0.111248458271087,-0.110882626124434,-0.11077391337458,-0.110859184842197,-0.111157416640597,-0.111117883983306,-0.11069388834716,-0.110544233376685,-0.11045698192367,-0.110261963323511,-0.110176655106314,-0.110247954541973,-0.110371412296509,-0.110507854457356,-0.110598041042442,-0.110603392593059,-0.110585973206036,-0.110566099169424,-0.110538420762873,-0.11051684495915,-0.110504274250792,-0.110476167936563,-0.110569703019237,-0.110607137252933,-0.110729561749801,-0.110807004732487,-0.110658654085653,-0.110763051120011,-0.111035986177189,-0.110956424622231,-0.110810590698578,-0.110851671269685,-0.110868287029615,-0.110938266044419,-0.110950377773825,-0.110835509988455,-0.110693283646492,-0.110545694956659,-0.110634852197128,-0.110575546858933,-0.110535290188899,-0.110572437212586,-0.110526048740344,-0.110467250638242,-0.110454309645432,-0.11045469866673,-0.110467519103868,-0.11047760416291,-0.110481138730768,-0.110483283577896,-0.110487505258602,-0.110484853687925,-0.11047781511487,-0.110466253408474,-0.11045040128418,-0.110429201557368,-0.11040069809927,-0.110365474909743,-0.110331400109384,-0.110305208288573,-0.110283589665625,-0.110265183126513,-0.110240576029944,-0.110212677031118,-0.110177916586785,-0.11015482160361,-0.110122593957943,-0.110085615596552,-0.110043268569302,-0.109998415658945,-0.109950478328867,-0.109924671752007,-0.109896623962867,-0.109858760954032,-0.109801541012686,-0.109725536400916,-0.109651269078807,-0.109576739586487,-0.109502501820107,-0.109412183279111,-0.109352176880246,-0.10930288955058,-0.109252162423126,-0.109242824228582,-0.109218929471991,-0.109144234939574,-0.109053522063125,-0.108984407327625,-0.10891814180332,-0.108852495575613,-0.108799855320272,-0.108761344563089,-0.1087213728526,-0.108679439386,-0.108595204510237,-0.108559314907896,-0.108508181208435,-0.108431172691845,-0.108380893609825,-0.108328724362961,-0.108273643902866,-0.108224304059109,-0.108170121671926,-0.108118087863285,-0.108070117343146,-0.108018799138599,-0.107967634175223,-0.107914342958631,-0.107860790265204,-0.107809145912632,-0.10775776678493,-0.107710900488881,-0.107690026318697,-0.107690611070532
NaN,NaN,NaN,NaN,NaN,NaN,NaN,NaN,NaN,NaN,NaN,NaN,NaN,NaN,NaN,NaN,NaN,NaN,NaN,NaN,NaN,NaN,NaN,NaN,NaN,NaN,NaN,NaN,NaN,NaN,NaN,NaN,NaN,NaN,NaN,NaN,NaN,NaN,NaN,NaN,NaN,NaN,NaN,NaN,NaN,NaN,NaN,NaN,NaN,NaN,NaN,NaN,NaN,NaN,NaN,NaN,NaN,NaN,NaN,NaN,NaN,NaN,NaN,NaN,NaN,NaN,NaN,NaN,NaN,NaN,NaN,NaN,NaN,NaN,NaN,NaN,NaN,NaN,NaN,NaN,NaN,NaN,NaN,NaN,NaN,NaN,NaN,NaN,NaN,NaN,NaN,NaN,NaN,NaN,NaN,NaN,NaN,NaN,NaN,NaN,NaN,NaN,NaN,NaN,NaN,NaN,NaN,NaN,NaN,-0.109238561160533,-0.110920707009894,-0.110907430637156,-0.110881888795258,-0.110847372366325,NaN,NaN,-0.110092723947245,-0.110659185913959,-0.110654012052913,-0.110670480960165,-0.110689831575439,-0.110708225053038,-0.110721720125875,-0.110732920870545,-0.110750548042105,-0.110756656070634,-0.110761448488369,-0.110767047990429,-0.110803252200768,-0.110916466343096,-0.111116617497069,-0.111017408127662,-0.110693878648453,-0.110710658152158,-0.110815218552999,-0.110828076915612,-0.110361802466917,-0.110133042787811,-0.11010171895269,-0.110060422718195,-0.110032050439325,-0.110110418746522,-0.110183436207507,-0.110277609389155,-0.110374161443947,-0.110430238949128,-0.110400946841115,-0.110420479458642,-0.110415977994833,-0.110366949528903,-0.110323417029233,-0.110323822387687,-0.110413306511157,-0.110468195202358,-0.110487543190739,-0.110640085821161,-0.11063523930701,-0.110583117577646,-0.110653041779614,-0.110769694505296,-0.110722970469165,-0.110692674279506,-0.110727861289169,-0.110729107296923,-0.110805595413841,-0.11076171858,-0.110656258214077,-0.110512567919587,-0.11046916327283,-0.110496913912017,-0.110445242074415,-0.110377774723192,-0.110448738869209,-0.110372428890867,-0.110334020550045,-0.11033091066396,-0.110333777069807,-0.110346210566481,-0.110348555812442,-0.110358146509663,-0.110360999860833,-0.110365617976293,-0.110369435096361,-0.110373370406353,-0.110370469262771,-0.11035833852655,-0.11033612127012,-0.110305635609993,-0.110278060117193,-0.110255313535467,-0.11024261536366,-0.110224538427207,-0.110204371310272,-0.110180426764318,-0.11015290247249,-0.110116772789768,-0.110089190227828,-0.110057377727021,-0.110026837640248,-0.109986840185163,-0.109942046928465,-0.10989321163495,-0.109864132643888,-0.109851759613481,-0.109814037074791,-0.109746396791095,-0.10968085740236,-0.109606323742634,-0.10953927153164,-0.109459108708388,-0.109371445962376,-0.109300908404454,-0.109249712007337,-0.109220599462636,-0.109204957688044,-0.10914718644946,-0.109087091470903,-0.10902567797285,-0.108956740570568,-0.108895582031625,-0.108831167963577,-0.108753242237452,-0.108734079843754,-0.108695065793535,-0.108642452710839,-0.108579145323271,-0.108521527395105,-0.108475551228281,-0.108406426052949,-0.108339407090786,-0.108289928322502,-0.108238867724676,-0.108190214902332,-0.108144073580811,-0.108098775772151,-0.108045945353474,-0.107996751941711,-0.107946976092094,-0.107895216079734,-0.107843880214555,-0.107793851053715,-0.10774389601572,-0.107699361556167,-0.107680327148669,-0.107680891807488
NaN,NaN,NaN,NaN,NaN,NaN,NaN,NaN,NaN,NaN,NaN,NaN,NaN,NaN,NaN,NaN,NaN,NaN,NaN,NaN,NaN,NaN,NaN,NaN,NaN,NaN,NaN,NaN,NaN,NaN,NaN,NaN,NaN,NaN,NaN,NaN,NaN,NaN,NaN,NaN,NaN,NaN,NaN,NaN,NaN,NaN,NaN,NaN,NaN,NaN,NaN,NaN,NaN,NaN,NaN,NaN,NaN,NaN,NaN,NaN,NaN,NaN,NaN,NaN,NaN,NaN,NaN,NaN,NaN,NaN,NaN,NaN,NaN,NaN,NaN,NaN,NaN,NaN,NaN,NaN,NaN,NaN,NaN,NaN,NaN,NaN,NaN,NaN,NaN,NaN,NaN,NaN,NaN,NaN,NaN,NaN,NaN,NaN,NaN,NaN,NaN,NaN,NaN,NaN,NaN,NaN,NaN,NaN,NaN,-0.109576566547843,-0.11095222349167,-0.110923222841298,-0.110894129422564,-0.110865031641168,NaN,NaN,-0.0975367238014833,-0.110653654797666,-0.110664630197066,-0.110666922793593,-0.110683295466122,-0.11069613072436,-0.110708842590348,-0.110720553640435,-0.110734714951145,-0.110740369502539,-0.11073683443726,-0.110728531958551,-0.110751898145165,-0.110852961649313,-0.111017923714022,-0.110804388483613,-0.110477851231091,-0.110433497783753,-0.110428922678028,-0.110117816863989,-0.109884475820664,-0.109857943077933,-0.10989094786259,-0.109918329684003,-0.109976009403235,-0.110007983645118,-0.110058329802361,-0.110165476418397,-0.110220726576714,-0.110243017604962,-0.110230923791668,-0.110251296449852,-0.110248354721065,-0.11021036705084,-0.110120863040962,-0.110257471671825,-0.110366028097429,-0.110417714653556,-0.110395014322059,-0.110471784550249,-0.110482806042002,-0.110475659510851,-0.110526136839671,-0.110586838462092,-0.110575358503649,-0.110574855977927,-0.110602847089236,-0.110637453102641,-0.110642600903955,-0.110595883181828,-0.110488321408425,-0.110390488584416,-0.110440026437233,-0.110349614999913,-0.110278203099885,-0.110270030242949,-0.110273836057617,-0.110238107925798,-0.110220947115435,-0.110214997466598,-0.110217860006429,-0.110221969188371,-0.110227054261483,-0.110233378107104,-0.110238960944374,-0.110243242026225,-0.110255628963509,-0.11026606720499,-0.110270825001578,-0.110265366516163,-0.110247687536911,-0.110222355940222,-0.110204547519249,-0.110182256783098,-0.110193563884294,-0.11016961834511,-0.110148997929649,-0.11012596150385,-0.110099270714705,-0.110064600437093,-0.110026483889362,-0.109994614128078,-0.109967338299544,-0.109939614081543,-0.109896189089011,-0.109863578715096,-0.109810854153318,-0.109776283576291,-0.109743735343816,-0.109696287876669,-0.109628566389007,-0.109563618184069,-0.109509920241736,-0.109427464030663,-0.109337214051626,-0.10927016535147,-0.109192461919805,-0.109172861909441,-0.109149795438244,-0.109108065955037,-0.109036756364804,-0.108976990755934,-0.108921965151067,-0.108848214185344,-0.108804343073683,-0.10872188365617,-0.108691247814269,-0.108664187482971,-0.108622046486061,-0.108554043275097,-0.108493692834973,-0.108433754344371,-0.108370122299365,-0.108310615676804,-0.108258534246901,-0.108210757893758,-0.108164445612554,-0.108117639403047,-0.108073310415858,-0.108022453733507,-0.107972998664332,-0.107926331395386,-0.107877131463598,-0.107826283108593,-0.107777375005813,-0.107729427742174,-0.10768714905426,-0.107669721558649,-0.107670260763975
NaN,NaN,NaN,NaN,NaN,NaN,NaN,NaN,NaN,NaN,NaN,NaN,NaN,NaN,NaN,NaN,NaN,NaN,NaN,NaN,NaN,NaN,NaN,NaN,NaN,NaN,NaN,NaN,NaN,NaN,NaN,NaN,NaN,NaN,NaN,NaN,NaN,NaN,NaN,NaN,NaN,NaN,NaN,NaN,NaN,NaN,NaN,NaN,NaN,NaN,NaN,NaN,NaN,NaN,NaN,NaN,NaN,NaN,NaN,NaN,NaN,NaN,NaN,NaN,NaN,NaN,NaN,NaN,NaN,NaN,NaN,NaN,NaN,NaN,NaN,NaN,NaN,NaN,NaN,NaN,NaN,NaN,NaN,NaN,NaN,NaN,NaN,NaN,NaN,NaN,NaN,NaN,NaN,NaN,NaN,NaN,NaN,NaN,NaN,NaN,NaN,NaN,NaN,NaN,NaN,NaN,NaN,NaN,NaN,-0.110247622894642,-0.11098854992467,-0.110948683639345,-0.110914699185637,NaN,NaN,NaN,-0.0276777938144837,-0.101801263580159,-0.110686610301396,-0.11067673501214,-0.110680134642558,-0.110693334528069,-0.1107030427681,-0.110712098881969,-0.110720470204214,-0.110723993973359,-0.110714404786789,-0.110695808075835,-0.110718199087707,-0.110794547228313,-0.110885904294858,-0.110525642976058,-0.110270099454567,-0.110143086098082,-0.109931216003837,-0.109779476659967,-0.109749407924317,-0.109759047826597,-0.109794781959848,-0.109824516122878,-0.109854597202337,-0.109890065566621,-0.109971043052499,-0.110024306276014,-0.110064670684262,-0.110081063199539,-0.11009316743742,-0.11010272801976,-0.110091141015074,-0.110045521487916,-0.110081309012492,-0.11020193835195,-0.110272122921469,-0.110284184430056,-0.110306839620831,-0.110295446944593,-0.110387076394658,-0.110381689858553,-0.110415641304926,-0.110450738297322,-0.110438131929845,-0.110436671488859,-0.110480637302626,-0.110508792749077,-0.110487006616115,-0.110437712729025,-0.110365121924517,-0.11032577701622,-0.11028226115344,-0.11019789571832,-0.110164207356991,-0.110147451663561,-0.110135956015884,-0.110110029524816,-0.11009840415485,-0.110094212699871,-0.110094682347518,-0.110095802693925,-0.110102817267861,-0.110113375857123,-0.110113232289959,-0.110142432011633,-0.110148974284473,-0.11016869268943,-0.110181469170652,-0.110178768032771,-0.110170977328113,-0.110151484519271,-0.11013841211813,-0.110115439060801,-0.110123924287855,-0.110113645191868,-0.110098117410893,-0.110080962387308,-0.110054892099243,-0.110023536734444,-0.109982614338492,-0.109942275795286,-0.109901663375198,-0.109891884000102,-0.109858402810405,-0.109809404479279,-0.10976657695091,-0.109729990950546,-0.109697702621557,-0.109637065155757,-0.109573936111354,-0.109503846658938,-0.109468081184501,-0.10940214875708,-0.10930796647411,-0.109227696341668,-0.109142162349211,-0.109141521808294,-0.109092522761473,-0.109055278415113,-0.109008925926731,-0.108944687332188,-0.108893283249672,-0.108808394566433,-0.108784766961136,-0.108710403033876,-0.108644226375351,-0.108615507977044,-0.108580987215787,-0.10852576268265,-0.108467603272332,-0.108395799335158,-0.108337151197738,-0.108276151269133,-0.108229196251453,-0.108186494061904,-0.108135313984566,-0.108087780059556,-0.10804461211983,-0.107998617662331,-0.107952298558,-0.107906529902156,-0.107857907551878,-0.107808384408692,-0.107760490669749,-0.107714256857142,-0.107673980494485,-0.107657690834826,-0.107658200111855
NaN,NaN,NaN,NaN,NaN,NaN,NaN,NaN,NaN,NaN,NaN,NaN,NaN,NaN,NaN,NaN,NaN,NaN,NaN,NaN,NaN,NaN,NaN,NaN,NaN,NaN,NaN,NaN,NaN,NaN,NaN,NaN,NaN,NaN,NaN,NaN,NaN,NaN,NaN,NaN,NaN,NaN,NaN,NaN,NaN,NaN,NaN,NaN,NaN,NaN,NaN,NaN,NaN,NaN,NaN,NaN,NaN,NaN,NaN,NaN,NaN,NaN,NaN,NaN,NaN,NaN,NaN,NaN,NaN,NaN,NaN,NaN,NaN,NaN,NaN,NaN,NaN,NaN,NaN,NaN,NaN,NaN,NaN,NaN,NaN,NaN,NaN,NaN,NaN,NaN,NaN,NaN,NaN,NaN,NaN,NaN,NaN,NaN,NaN,NaN,NaN,NaN,NaN,NaN,NaN,NaN,NaN,NaN,NaN,-0.111047390626987,-0.111019928213384,-0.110981397448398,-0.106098338158822,NaN,NaN,NaN,NaN,-0.02854885777219,-0.102085865495757,-0.110705045263183,-0.110695202650159,-0.110696720251081,-0.110701339985997,-0.110705859859493,-0.110710903076679,-0.110711081886349,-0.110704784571083,-0.110689626431602,-0.110697475916449,-0.110750070169008,-0.110637300968306,-0.110411661528503,-0.110175261702448,-0.109831232486069,-0.109687389281383,-0.10971411626579,-0.109661724397981,-0.109671300352277,-0.109690912901114,-0.109706039183956,-0.109731437873892,-0.109782837339442,-0.109856520366781,-0.109904413192516,-0.109934288375543,-0.109950027710651,-0.109963534451156,-0.109966613243023,-0.109968963641454,-0.109980189557671,-0.109993715493847,-0.110097319027107,-0.110148452911442,-0.110201490603918,-0.11018227588085,-0.110198114940668,-0.110195764349723,-0.110260303452354,-0.11031401646602,-0.110325822432394,-0.110305926969625,-0.110294181422303,-0.110336074238969,-0.110373681781004,-0.110348876947807,-0.110298392407084,-0.110255990638107,-0.110226932843288,-0.110130024210608,-0.110061663452738,-0.110050395487555,-0.110040632484085,-0.110015537171381,-0.109998380149714,-0.109981882266477,-0.109971447279605,-0.109975026231265,-0.109973103626257,-0.109978085785252,-0.109987774778204,-0.109998817167954,-0.110021094688069,-0.110038001980659,-0.110058771793681,-0.110086309377965,-0.110093720611568,-0.110094252368325,-0.110087126362708,-0.110074751631123,-0.110066216343072,-0.110066076592094,-0.110061970887544,-0.110048163464476,-0.110032347151945,-0.110018006592822,-0.10999406723822,-0.109960607929929,-0.109908942193838,-0.109839047711639,-0.109851933815134,-0.109842178774931,-0.109790214292283,-0.109728431461249,-0.109663442779962,-0.109669351669955,-0.109598745707313,-0.109525816374409,-0.109450184918839,-0.109399283019361,-0.109355910076953,-0.10926788077596,-0.109192523629028,-0.109114046613171,-0.10908738226093,-0.109052749131947,-0.109010635669559,-0.108958021554428,-0.108902281422873,-0.108850129157485,-0.1087853539138,-0.108749250495688,-0.108679676411164,-0.108607336731909,-0.108568966132461,-0.108538624664146,-0.108486174450277,-0.108439597734242,-0.108365468569018,-0.108304521350604,-0.108242768889257,-0.108195977981939,-0.108153870883287,-0.108107052912805,-0.108061668182464,-0.108020523885539,-0.107976167615282,-0.107930903336322,-0.107885542559276,-0.107837582187298,-0.107789523141979,-0.107743403057685,-0.107698348594171,-0.107659571401979,-0.107644529265761,-0.107645002842647
NaN,NaN,NaN,NaN,NaN,NaN,NaN,NaN,NaN,NaN,NaN,NaN,NaN,NaN,NaN,NaN,NaN,NaN,NaN,NaN,NaN,NaN,NaN,NaN,NaN,NaN,NaN,NaN,NaN,NaN,NaN,NaN,NaN,NaN,NaN,NaN,NaN,NaN,NaN,NaN,NaN,NaN,NaN,NaN,NaN,NaN,NaN,NaN,NaN,NaN,NaN,NaN,NaN,NaN,NaN,NaN,NaN,NaN,NaN,NaN,NaN,NaN,NaN,NaN,NaN,NaN,NaN,NaN,NaN,NaN,NaN,NaN,NaN,NaN,NaN,NaN,NaN,NaN,NaN,NaN,NaN,NaN,NaN,NaN,NaN,NaN,NaN,NaN,NaN,NaN,NaN,NaN,NaN,NaN,NaN,NaN,NaN,NaN,NaN,NaN,NaN,NaN,NaN,NaN,NaN,NaN,NaN,NaN,NaN,NaN,-0.111034733239133,-0.105621097737657,-0.0430625683470249,0.0644887183276175,NaN,NaN,NaN,NaN,-0.0351703383492277,-0.104062267407709,-0.110734189401749,-0.110718396334073,-0.110712834368788,-0.110712096017467,-0.110711251459318,-0.110707112928834,-0.110701875502086,-0.110691723805778,-0.110691316753642,-0.110700049979831,-0.110563821696132,-0.110239431008962,-0.109812373333704,-0.109622833838664,-0.109622145641552,-0.109599810459028,-0.109573543138771,-0.109579411179439,-0.109591910581305,-0.109613675484132,-0.109675529013669,-0.109730084070775,-0.109781684118039,-0.10978298403106,-0.10980620478714,-0.109830609244649,-0.109849186680851,-0.109857816749506,-0.109870554962121,-0.109892592546279,-0.109929874831543,-0.109985396564036,-0.110022601717253,-0.110046888306032,-0.110060227804013,-0.110074936146319,-0.110090097614912,-0.110145065352622,-0.110200425587362,-0.1102082281377,-0.110177242455993,-0.110147795521904,-0.110193191078621,-0.110240825246802,-0.110243965704856,-0.110196819424561,-0.110150953594151,-0.11010658962285,-0.109993652258463,-0.10997688264612,-0.109981295751025,-0.109927800786242,-0.109895596181648,-0.109865112534713,-0.10984548431348,-0.109847109223065,-0.109856072137877,-0.109849514345861,-0.109850195850681,-0.109864034963679,-0.109886597617321,-0.109908094378501,-0.109931803702536,-0.109959145149464,-0.109989651737988,-0.110009772098335,-0.110018865164461,-0.11002050955613,-0.110017807255932,-0.110016645193309,-0.11001475186815,-0.11001139187286,-0.109998813499087,-0.109990904027129,-0.109977973079575,-0.109968386277269,-0.109944021085914,-0.109902477392954,-0.10982154820857,-0.109791955348392,-0.10979338129616,-0.109758338221505,-0.109687555921652,-0.109626017608865,-0.109605224020595,-0.109550252034075,-0.109497871815082,-0.109396515900875,-0.10934379996882,-0.109332437199189,-0.109219670557173,-0.109134468799023,-0.109085651678362,-0.109009136331365,-0.109003000502409,-0.108975453339503,-0.108926422054782,-0.10886645599359,-0.108803019833672,-0.108762567946822,-0.108709419797529,-0.108648598860122,-0.108565828134397,-0.108529865005513,-0.108505877575943,-0.108440494233,-0.108396599819958,-0.108334894734384,-0.108270733298535,-0.108211478084839,-0.108157230971696,-0.108117824831386,-0.108077806960629,-0.108038173673146,-0.107994751854194,-0.107951898390835,-0.107908241277285,-0.107863362280436,-0.107816712162388,-0.10776979403593,-0.107725015529552,-0.107681600181136,-0.107644153654846,-0.1076306565909,-0.107631097089555
NaN,NaN,NaN,NaN,NaN,NaN,NaN,NaN,NaN,NaN,NaN,NaN,NaN,NaN,NaN,NaN,NaN,NaN,NaN,NaN,NaN,NaN,NaN,NaN,NaN,NaN,NaN,NaN,NaN,NaN,NaN,NaN,NaN,NaN,NaN,NaN,NaN,NaN,NaN,NaN,NaN,NaN,NaN,NaN,NaN,NaN,NaN,NaN,NaN,NaN,NaN,NaN,NaN,NaN,NaN,NaN,NaN,NaN,NaN,NaN,NaN,NaN,NaN,NaN,NaN,NaN,NaN,NaN,NaN,NaN,NaN,NaN,NaN,NaN,NaN,NaN,NaN,NaN,NaN,NaN,NaN,NaN,NaN,NaN,NaN,NaN,NaN,NaN,NaN,NaN,NaN,NaN,NaN,NaN,NaN,NaN,NaN,NaN,NaN,NaN,NaN,NaN,NaN,NaN,NaN,NaN,NaN,NaN,NaN,NaN,NaN,NaN,0.0643538677142996,0.0625434554868425,NaN,NaN,NaN,NaN,NaN,NaN,-0.104096343925125,-0.110142978856107,-0.110733917526612,-0.110742122737195,-0.110734956465708,-0.110721336423084,-0.110711530187982,-0.110707502915523,-0.11023571021892,-0.103974461691785,-0.10603060312053,-0.109784846981639,-0.109659234999552,-0.109541813282995,-0.109525229468851,-0.10951596155162,-0.109497437293019,-0.109515971471706,-0.109545356821796,-0.109561665809606,-0.10959874901024,-0.109643927390065,-0.109665636938792,-0.109663797594883,-0.109697520881819,-0.109728906786835,-0.109750339991779,-0.109765587765493,-0.109783643638255,-0.109805773282644,-0.109836821519079,-0.10987367683596,-0.109908075566189,-0.109936281527806,-0.109960178393114,-0.10997571099379,-0.109995599064034,-0.110042294770625,-0.110087481677516,-0.110094241091422,-0.110059295016284,-0.110012829041951,-0.110035412844536,-0.110135012153516,-0.110155019214628,-0.110087735985139,-0.110036688930351,-0.10997133358139,-0.109903724821826,-0.10986154931745,-0.109834638639757,-0.109798029781138,-0.109751036098349,-0.109756261605363,-0.109765981634149,-0.109773346797881,-0.109746307942089,-0.109714325426663,-0.109731684024841,-0.109750832745506,-0.10976541244309,-0.109792751258342,-0.109826203963311,-0.109860308079829,-0.109896836898303,-0.109927234331146,-0.10994504056119,-0.109955531316885,-0.109962511808046,-0.10996849811798,-0.109972337425419,-0.109967053587257,-0.109955358692872,-0.109953144319885,-0.109944548215548,-0.109930895144817,-0.109913120245788,-0.109879718656725,-0.109829518201667,-0.109780569844121,-0.109760123471218,-0.109730437707941,-0.109625212554627,-0.109607239974878,-0.109574742177449,-0.109493778590293,-0.109454621451529,-0.109385251555157,-0.109295766241028,-0.10923255839878,-0.109161261910615,-0.109085474790341,-0.109064532019383,-0.109003666860351,-0.108938132612426,-0.108903432821383,-0.108873225255131,-0.108825940368166,-0.108771037489888,-0.108705291146015,-0.108693188075495,-0.108613131463223,-0.10852022711014,-0.10846597964236,-0.108452207512502,-0.108394490403361,-0.108354580133312,-0.108303371021447,-0.108239670863079,-0.108182247824835,-0.108132943213721,-0.108086986682736,-0.108050662833081,-0.108012276749845,-0.107970387567343,-0.107927064822933,-0.107883288362397,-0.10783925986963,-0.107794426642777,-0.107749427109889,-0.107706059926243,-0.107663926521764,-0.107628390231521,-0.107616714205865,-0.107617120905912
NaN,NaN,NaN,NaN,NaN,NaN,NaN,NaN,NaN,NaN,NaN,NaN,NaN,NaN,NaN,NaN,NaN,NaN,NaN,NaN,NaN,NaN,NaN,NaN,NaN,NaN,NaN,NaN,NaN,NaN,NaN,NaN,NaN,NaN,NaN,NaN,NaN,NaN,NaN,NaN,NaN,NaN,NaN,NaN,NaN,NaN,NaN,NaN,NaN,NaN,NaN,NaN,NaN,NaN,NaN,NaN,NaN,NaN,NaN,NaN,NaN,NaN,NaN,NaN,NaN,NaN,NaN,NaN,NaN,NaN,NaN,NaN,NaN,NaN,NaN,NaN,NaN,NaN,NaN,NaN,NaN,NaN,NaN,NaN,NaN,NaN,NaN,NaN,NaN,NaN,NaN,NaN,NaN,NaN,NaN,NaN,NaN,NaN,NaN,NaN,NaN,NaN,NaN,NaN,NaN,NaN,NaN,NaN,NaN,NaN,NaN,NaN,NaN,NaN,NaN,NaN,NaN,NaN,NaN,NaN,NaN,-0.076043537552445,-0.0997061002376382,-0.106669747968062,-0.109297943743561,-0.110345556539922,-0.109406656219821,-0.103078912494899,-0.0788255711852219,NaN,NaN,NaN,-0.109227861743881,-0.109487971476356,-0.109491690597103,-0.109498063990206,-0.109467427644687,-0.109490509252677,-0.109470234264358,-0.109474012910905,-0.109514739970045,-0.109543832788107,-0.109555652131182,-0.109574045653353,-0.109607818372217,-0.109640507525561,-0.109665845965505,-0.109684464282927,-0.109699916715845,-0.109717803623229,-0.109746492739465,-0.109781230464928,-0.109814709105669,-0.109843004298953,-0.109868434139868,-0.109889346119073,-0.109910271565931,-0.10994026970039,-0.109970350927451,-0.109992568649017,-0.109959164490852,-0.109863806438051,-0.109947554532751,-0.110057701296452,-0.110062134304529,-0.109983301901388,-0.109917863073173,-0.10985059903885,-0.109792179579697,-0.109753216877075,-0.109709463509769,-0.10964064814032,-0.109645749685245,-0.109701022981866,-0.109643743264171,-0.109619461381375,-0.109602468487123,-0.109605834295149,-0.109615729508925,-0.109629459704164,-0.109653511844922,-0.109686713556302,-0.109722045123525,-0.109761458355548,-0.109803877177264,-0.1098484991443,-0.109879316655712,-0.10989719766151,-0.109910253898926,-0.109923414412836,-0.109937037720064,-0.109935180905539,-0.109925834249015,-0.109914617455923,-0.109923950685799,-0.109917863640116,-0.109880148172913,-0.109845784159965,-0.109806617180246,-0.109777454919227,-0.109756262230352,-0.109725301571817,-0.109648742072588,-0.109552642665735,-0.109530922753773,-0.10943895015738,-0.109397248960406,-0.10938095940955,-0.10927191341992,-0.109179759542705,-0.109112480862212,-0.109030029367032,-0.108991138311249,-0.108957985532313,-0.108911339613716,-0.108859796266888,-0.108828650095118,-0.108786132584921,-0.108725618098105,-0.108674794072258,-0.108644927346223,-0.108567212271375,-0.108490327345124,-0.108446848937603,-0.108373204958316,-0.10834242713594,-0.108309888976128,-0.108271565659974,-0.108203385316465,-0.108151409490781,-0.10810390192772,-0.10805558402539,-0.108021495146566,-0.107984314211869,-0.107941330076023,-0.107899605770549,-0.107856974272343,-0.107813880480669,-0.107770897169657,-0.107727858382244,-0.107685952892513,-0.107645772877308,-0.10761218820894,-0.107602489397821,-0.107602858234906
NaN,NaN,NaN,NaN,NaN,NaN,NaN,NaN,NaN,NaN,NaN,NaN,NaN,NaN,NaN,NaN,NaN,NaN,NaN,NaN,NaN,NaN,NaN,NaN,NaN,NaN,NaN,NaN,NaN,NaN,NaN,NaN,NaN,NaN,NaN,NaN,NaN,NaN,NaN,NaN,NaN,NaN,NaN,NaN,NaN,NaN,NaN,NaN,NaN,NaN,NaN,NaN,NaN,NaN,NaN,NaN,NaN,NaN,NaN,NaN,NaN,NaN,NaN,NaN,NaN,NaN,NaN,NaN,NaN,NaN,NaN,NaN,NaN,NaN,NaN,NaN,NaN,NaN,NaN,NaN,NaN,NaN,NaN,NaN,NaN,NaN,NaN,NaN,NaN,NaN,NaN,NaN,NaN,NaN,NaN,NaN,NaN,NaN,NaN,NaN,NaN,NaN,NaN,NaN,NaN,NaN,NaN,NaN,NaN,NaN,NaN,NaN,NaN,NaN,NaN,NaN,NaN,NaN,NaN,NaN,NaN,NaN,NaN,NaN,NaN,-0.0797377472747866,-0.0663586696123708,NaN,NaN,NaN,NaN,NaN,NaN,-0.109179044752287,-0.109503910520525,-0.109537188851633,-0.109465206876881,-0.109432409279049,-0.109385456057417,-0.1094086884168,-0.109436275721491,-0.109456997933674,-0.1094716466255,-0.109495374733926,-0.109528863115374,-0.109563999359185,-0.109591549507132,-0.109609509919416,-0.109621155955771,-0.109638721814373,-0.109668737550284,-0.109700915745423,-0.109732933653184,-0.109762505904652,-0.109789032802748,-0.109814275233982,-0.10983417533331,-0.109843167829024,-0.109876673851495,-0.109885113863241,-0.109855085778431,-0.109795898369766,-0.109807820042596,-0.109955098602346,-0.110033846105394,-0.109892965272042,-0.109801758518754,-0.109731438216125,-0.109689482795326,-0.109649316554115,-0.109559887979519,-0.109467996857705,-0.109640926936114,-0.109551184058597,-0.109487571996516,-0.109491560802725,-0.109497130805725,-0.109506551043767,-0.109503061876546,-0.109517765579884,-0.109550232789832,-0.10958496207503,-0.109626093697181,-0.109669376799156,-0.109720548429237,-0.109770627363251,-0.109814150891087,-0.109847807607286,-0.109869515174249,-0.109886096104211,-0.109899250254746,-0.10990786869412,-0.109906299815981,-0.109887609007328,-0.109901392231978,-0.109919974798429,-0.109879732199076,-0.109804841828532,-0.109775528137798,-0.109780516137136,-0.109753018082768,-0.109715025578233,-0.109637938426635,-0.109578170077078,-0.109533259313284,-0.109411228067401,-0.109332435748754,-0.10931569043495,-0.109242289495872,-0.109127713801358,-0.10907988931035,-0.108997627214259,-0.108956158439282,-0.108920311032456,-0.108856557287719,-0.108816841010185,-0.108790298806597,-0.108739583592662,-0.108684065827196,-0.108629637455984,-0.108616450657444,-0.108509684761645,-0.108458516355252,-0.108389828952295,-0.108329734999145,-0.108306150616449,-0.108262580660779,-0.108222861492474,-0.108167317905342,-0.108112679447569,-0.108073810756172,-0.108028432433209,-0.107990566328902,-0.107954208541619,-0.107912321951507,-0.107871114338503,-0.107828074253591,-0.107787837952026,-0.107746314198331,-0.107704937004839,-0.107664914607248,-0.107626425148652,-0.107595025038402,-0.107587948840295,-0.107588282837714
NaN,NaN,NaN,NaN,NaN,NaN,NaN,NaN,NaN,NaN,NaN,NaN,NaN,NaN,NaN,NaN,NaN,NaN,NaN,NaN,NaN,NaN,NaN,NaN,NaN,NaN,NaN,NaN,NaN,NaN,NaN,NaN,NaN,NaN,NaN,NaN,NaN,NaN,NaN,NaN,NaN,NaN,NaN,NaN,NaN,NaN,NaN,NaN,NaN,NaN,NaN,NaN,NaN,NaN,NaN,NaN,NaN,NaN,NaN,NaN,NaN,NaN,NaN,NaN,NaN,NaN,NaN,NaN,NaN,NaN,NaN,NaN,NaN,NaN,NaN,NaN,NaN,NaN,NaN,NaN,NaN,NaN,NaN,NaN,NaN,NaN,NaN,NaN,NaN,NaN,NaN,NaN,NaN,NaN,NaN,NaN,NaN,NaN,NaN,NaN,NaN,NaN,NaN,NaN,NaN,NaN,NaN,NaN,NaN,NaN,NaN,NaN,NaN,NaN,NaN,NaN,NaN,NaN,NaN,NaN,NaN,NaN,NaN,NaN,NaN,NaN,NaN,NaN,NaN,NaN,NaN,NaN,NaN,NaN,NaN,NaN,-0.109434699329515,-0.109395294786302,-0.10935624831224,-0.109369053511647,-0.109371078509919,-0.109379160626663,-0.10939463374467,-0.109421531118139,-0.109457686450489,-0.109496140949906,-0.109525486260233,-0.109542084687508,-0.10955085664698,-0.109569286461066,-0.109599189865405,-0.109631291492033,-0.109661973096602,-0.109692545275466,-0.109723005086463,-0.109751146039955,-0.10976530093549,-0.109754398148831,-0.109753256837096,-0.109762015208836,-0.109763944062533,-0.109721276325875,-0.109728896018706,-0.109907312205613,-0.109834438439473,-0.109780602154234,-0.109683099515108,-0.10961878841078,-0.109590566681727,-0.109518559149971,-0.109332056847037,-0.109521735000906,-0.109537085127362,-0.109370453591658,-0.10937102972936,-0.109403903378319,-0.109422486152255,-0.109397671693457,-0.109390419960384,-0.10940973836049,-0.109445016731997,-0.109485381918576,-0.10953438527264,-0.109587489422449,-0.109644164383365,-0.109701893919008,-0.10975598413896,-0.109800253351848,-0.109832866201038,-0.109863114348404,-0.109870835824274,-0.10988290616877,-0.10988650714016,-0.109884385072789,-0.109878375601204,-0.10990704727534,-0.10991208862839,-0.109843078109451,-0.109730966655143,-0.109731520642209,-0.109690047607089,-0.109678940682447,-0.109617656960575,-0.109562369502977,-0.109564001848902,-0.109425907527297,-0.109300535795998,-0.109285102622869,-0.109192691333678,-0.109090535364526,-0.109066625162323,-0.108976977063382,-0.108901551945143,-0.108885508339768,-0.108818158675146,-0.108767485655421,-0.108740623444742,-0.108690236990668,-0.108646143432889,-0.108588410152115,-0.108568709319073,-0.108478816679053,-0.10838898048706,-0.10833313656558,-0.108276008346208,-0.108262282554088,-0.108218882034223,-0.108178714296038,-0.108126370131647,-0.108079611665118,-0.108039021611427,-0.107998130960661,-0.107960678602733,-0.107922239299967,-0.107882744425741,-0.107839892217042,-0.107799912123519,-0.107760463908371,-0.107719699905213,-0.107680155873439,-0.107641916062227,-0.107605693734073,-0.107576751052814,-0.107572627881402,-0.107572920109801
NaN,NaN,NaN,NaN,NaN,NaN,NaN,NaN,NaN,NaN,NaN,NaN,NaN,NaN,NaN,NaN,NaN,NaN,NaN,NaN,NaN,NaN,NaN,NaN,NaN,NaN,NaN,NaN,NaN,NaN,NaN,NaN,NaN,NaN,NaN,NaN,NaN,NaN,NaN,NaN,NaN,NaN,NaN,NaN,NaN,NaN,NaN,NaN,NaN,NaN,NaN,NaN,NaN,NaN,NaN,NaN,NaN,NaN,NaN,NaN,NaN,NaN,NaN,NaN,NaN,NaN,NaN,NaN,NaN,NaN,NaN,NaN,NaN,NaN,NaN,NaN,NaN,NaN,NaN,NaN,NaN,NaN,NaN,NaN,NaN,NaN,NaN,NaN,NaN,NaN,NaN,NaN,NaN,NaN,NaN,NaN,NaN,NaN,NaN,NaN,NaN,NaN,NaN,NaN,NaN,NaN,NaN,NaN,NaN,NaN,NaN,NaN,NaN,NaN,NaN,NaN,NaN,NaN,NaN,NaN,NaN,NaN,NaN,NaN,NaN,NaN,NaN,NaN,NaN,NaN,NaN,NaN,NaN,NaN,NaN,NaN,-0.107179626215128,-0.10767381587592,-0.109363007132174,-0.109346821195077,-0.109324799595725,-0.109317585623984,-0.109328093945885,-0.109355551967504,-0.10939402286368,-0.109435373039806,-0.109470146090203,-0.109487049731795,-0.109490230495107,-0.109506029060503,-0.109536313859382,-0.109571945432179,-0.10960004111639,-0.109625499536888,-0.109659518809384,-0.109693357487115,-0.109689484423239,-0.109660251463571,-0.109652620073704,-0.10968490424771,-0.109680949270354,-0.109641319752264,-0.109685563622291,-0.109705460531932,-0.109690040049947,-0.10967937552974,-0.109593918828718,-0.10952107525243,-0.109475772053468,-0.109309866742051,-0.109302031710231,-0.1095234677878,-0.109310420554796,-0.109293382117561,-0.109364003677079,-0.109401097970363,-0.109335979618566,-0.109257857724014,-0.109263083409141,-0.109300117697751,-0.109344047540019,-0.109390967404455,-0.109443708600953,-0.109507528803051,-0.109572617366284,-0.109635457402182,-0.109699484237235,-0.109757239277828,-0.109798704391683,-0.109835771034403,-0.109860086808735,-0.10987368251522,-0.109876625588634,-0.109873574890425,-0.109872837375106,-0.109850724277537,-0.109927033229534,-0.109916056206816,-0.109794762239783,-0.109718990846022,-0.109684953669592,-0.109638619563979,-0.109588269977305,-0.109543912027691,-0.109494374698352,-0.109414785515933,-0.109308459145437,-0.109230959632541,-0.109163597332085,-0.109072478073023,-0.109028063794917,-0.10892098154566,-0.108906593435401,-0.108854733499383,-0.108767508366954,-0.10869636827134,-0.108697504384911,-0.108656836981896,-0.108591387861388,-0.108544099398851,-0.108517008774218,-0.108435575982858,-0.108351067988511,-0.108288107363677,-0.108229245250876,-0.108195783831107,-0.108171269807031,-0.108136429800669,-0.108085177444606,-0.108047862193904,-0.108005499848918,-0.107964573784245,-0.107930080734075,-0.107889970849799,-0.107849280658206,-0.107808913107755,-0.107769885620814,-0.107730869846867,-0.107691289960546,-0.107652970077452,-0.10761656523229,-0.107582658477842,-0.107556702832147,-0.107556611975616,-0.107556863877771
NaN,NaN,NaN,NaN,NaN,NaN,NaN,NaN,NaN,NaN,NaN,NaN,NaN,NaN,NaN,NaN,NaN,NaN,NaN,NaN,NaN,NaN,NaN,NaN,NaN,NaN,NaN,NaN,NaN,NaN,NaN,NaN,NaN,NaN,NaN,NaN,NaN,NaN,NaN,NaN,NaN,NaN,NaN,NaN,NaN,NaN,NaN,NaN,NaN,NaN,NaN,NaN,NaN,NaN,NaN,NaN,NaN,NaN,NaN,NaN,NaN,NaN,NaN,NaN,NaN,NaN,NaN,NaN,NaN,NaN,NaN,NaN,NaN,NaN,NaN,NaN,NaN,NaN,NaN,NaN,NaN,NaN,NaN,NaN,NaN,NaN,NaN,NaN,NaN,NaN,NaN,NaN,NaN,NaN,NaN,NaN,NaN,NaN,NaN,NaN,NaN,NaN,NaN,NaN,NaN,NaN,NaN,NaN,NaN,NaN,NaN,NaN,NaN,NaN,NaN,NaN,NaN,NaN,NaN,NaN,NaN,NaN,NaN,NaN,NaN,NaN,NaN,NaN,NaN,NaN,NaN,NaN,NaN,NaN,NaN,NaN,NaN,-0.0610766815936675,-0.107664408003707,-0.108740261981638,-0.109302767224546,-0.10927484688051,-0.109282804371575,-0.109305124378107,-0.109344025368657,-0.109387280015783,-0.109425709140343,-0.109444486510709,-0.10944124767866,-0.109443188496029,-0.109481629395301,-0.109511649253738,-0.109540442829815,-0.10957252532905,-0.109616604731674,-0.109655597386995,-0.109613802829456,-0.10956676138599,-0.109584521718515,-0.109602363604453,-0.109584781717122,-0.109575408953079,-0.109569287619492,-0.109591345634302,-0.109613760704749,-0.109644174275652,-0.109493834240789,-0.109390540649252,-0.109325010087026,-0.109254625661367,-0.109448367152115,-0.109332445479327,-0.109203499734879,-0.109277104517544,-0.109319359326642,-0.109232905736704,-0.109146329840726,-0.10912118149477,-0.109146181598902,-0.109194072497214,-0.10924395376184,-0.109291798938986,-0.109354221368161,-0.109425869165938,-0.109499500154319,-0.10956844830266,-0.109636525208961,-0.10970851265198,-0.109768945138018,-0.109816420761576,-0.109846849699908,-0.109870880403057,-0.109885603290361,-0.109888126139055,-0.109854915525937,-0.109861234575916,-0.109858354229708,-0.109944463448635,-0.10983082954092,-0.109743989159841,-0.109692987192794,-0.109631601821299,-0.109576230762779,-0.10957540708276,-0.109453903788288,-0.109377695776086,-0.109291740535334,-0.109226623053411,-0.109120325720701,-0.10903090801286,-0.108980828915277,-0.108933792857815,-0.108889065518144,-0.108844565444636,-0.108707679649327,-0.108640573094011,-0.108641666384836,-0.10861586801842,-0.108550743094671,-0.108513140724338,-0.108488515882693,-0.108385223471278,-0.108299343261026,-0.108235772092332,-0.108183548112951,-0.108147658550438,-0.108120138879421,-0.108092136151007,-0.108046530156947,-0.108003431758185,-0.10796423308208,-0.107929199380812,-0.107895129623465,-0.10785818371404,-0.107815747468945,-0.107776313687876,-0.107737077478108,-0.107698545405998,-0.107660068024668,-0.107623350813407,-0.107588657897821,-0.107557164509218,-0.107534240688601,-0.107539596644728,-0.107539810057036
NaN,NaN,NaN,NaN,NaN,NaN,NaN,NaN,NaN,NaN,NaN,NaN,NaN,NaN,NaN,NaN,NaN,NaN,NaN,NaN,NaN,NaN,NaN,NaN,NaN,NaN,NaN,NaN,NaN,NaN,NaN,NaN,NaN,NaN,NaN,NaN,NaN,NaN,NaN,NaN,NaN,NaN,NaN,NaN,NaN,NaN,NaN,NaN,NaN,NaN,NaN,NaN,NaN,NaN,NaN,NaN,NaN,NaN,NaN,NaN,NaN,NaN,NaN,NaN,NaN,NaN,NaN,NaN,NaN,NaN,NaN,NaN,NaN,NaN,NaN,NaN,NaN,NaN,NaN,NaN,NaN,NaN,NaN,NaN,NaN,NaN,NaN,NaN,NaN,NaN,NaN,NaN,NaN,NaN,NaN,NaN,NaN,NaN,NaN,NaN,NaN,NaN,NaN,NaN,NaN,NaN,NaN,NaN,NaN,NaN,NaN,NaN,NaN,NaN,NaN,NaN,NaN,NaN,NaN,NaN,NaN,NaN,NaN,NaN,NaN,NaN,NaN,NaN,NaN,NaN,NaN,NaN,NaN,NaN,NaN,NaN,NaN,NaN,-0.0610390925098755,-0.0996890256030532,-0.10585172484487,-0.10926889704199,-0.109264326585759,-0.109277714027286,-0.109309756181741,-0.109347109329853,-0.109387343011706,-0.109414376332622,-0.109404964024747,-0.109412327823578,-0.109427836802564,-0.109456110458954,-0.109492342888876,-0.109524805467555,-0.109581984533202,-0.10961121415848,-0.109538452526658,-0.109497125127859,-0.109497609647053,-0.1095628483135,-0.109548032334348,-0.109484937586895,-0.109524064015723,-0.109595369246484,-0.109585439825884,-0.10948752251693,-0.109338637790179,-0.109336311278463,-0.1094198066897,-0.10939268945138,-0.109329912063063,-0.109137468018562,-0.109143081586011,-0.109254786349235,-0.109168961218162,-0.109047772109464,-0.108979734085244,-0.108998079912731,-0.109035794339205,-0.109087863878275,-0.109124981681225,-0.109181987402175,-0.109260621305823,-0.109340304278918,-0.109418065402591,-0.109501149760507,-0.109577950031894,-0.109656670232441,-0.109736813789897,-0.109794870097264,-0.109841852303902,-0.10987493958438,-0.109898781368126,-0.109921075153324,-0.109907348732249,-0.109853715698135,-0.109810764560249,-0.109917106215656,-0.109886266573459,-0.109773708432341,-0.10971455700535,-0.109638162684455,-0.109624726080499,-0.109546985796078,-0.109443337046805,-0.109350380822334,-0.109301609546699,-0.109178971217081,-0.109064680825238,-0.108990782437386,-0.10895745794608,-0.108904254254049,-0.108876953547514,-0.108861065630127,-0.10867929201987,-0.108619079764093,-0.108596453441649,-0.108557794757624,-0.108524089445139,-0.10850620201961,-0.108435991544633,-0.108329998296343,-0.108247829616285,-0.108196003383651,-0.108139628240975,-0.108097781286888,-0.10807614523904,-0.108044488516464,-0.107999191093062,-0.107963824250419,-0.107928401449336,-0.107896471367903,-0.107861799118192,-0.107820274737413,-0.107779541498169,-0.107741155621889,-0.10770175309913,-0.107663465083106,-0.107626465477421,-0.107590589022829,-0.107556844581584,-0.107527374819484,-0.107508398009847,-0.107520268617123,-0.107520434577474
NaN,NaN,NaN,NaN,NaN,NaN,NaN,NaN,NaN,NaN,NaN,NaN,NaN,NaN,NaN,NaN,NaN,NaN,NaN,NaN,NaN,NaN,NaN,NaN,NaN,NaN,NaN,NaN,NaN,NaN,NaN,NaN,NaN,NaN,NaN,NaN,NaN,NaN,NaN,NaN,NaN,NaN,NaN,NaN,NaN,NaN,NaN,NaN,NaN,NaN,NaN,NaN,NaN,NaN,NaN,NaN,NaN,NaN,NaN,NaN,NaN,NaN,NaN,NaN,NaN,NaN,NaN,NaN,NaN,NaN,NaN,NaN,NaN,NaN,NaN,NaN,NaN,NaN,NaN,NaN,NaN,NaN,NaN,NaN,NaN,NaN,NaN,NaN,NaN,NaN,NaN,NaN,NaN,NaN,NaN,NaN,NaN,NaN,NaN,NaN,NaN,NaN,NaN,NaN,NaN,NaN,NaN,NaN,NaN,NaN,NaN,NaN,NaN,NaN,NaN,NaN,NaN,NaN,NaN,NaN,NaN,NaN,NaN,NaN,NaN,NaN,NaN,NaN,NaN,NaN,NaN,NaN,NaN,NaN,NaN,NaN,NaN,NaN,NaN,-0.0357678620530239,-0.103164099963764,-0.108115275808115,-0.109276383774238,-0.109268381151503,-0.109283261881926,-0.109313081074187,-0.109352303010183,-0.109385146265011,-0.109395074842037,-0.109375479632908,-0.109407948049337,-0.109430868758829,-0.109440822741273,-0.109477314924688,-0.109558029942923,-0.109531881584539,-0.109484449583152,-0.109452012308645,-0.109452564583711,-0.109542106478601,-0.10947240559854,-0.109464410930885,-0.109551070445128,-0.109526492029749,-0.10940971939971,-0.109338214421086,-0.109349122016612,-0.109400161293185,-0.109433529693258,-0.109275843040194,-0.109142194157497,-0.109029770571512,-0.109127788258973,-0.109103722201037,-0.108905908141763,-0.108857752974101,-0.108842826337336,-0.108874940363563,-0.108924214659702,-0.108968719293567,-0.109021215625558,-0.109087267519175,-0.109161647639874,-0.109242480892909,-0.109330885117972,-0.109423416910949,-0.109516346311395,-0.109607200242053,-0.109687803840424,-0.109789827121141,-0.109845972866017,-0.109877023062684,-0.109909876772468,-0.109937704545718,-0.109967121019628,-0.109971704644958,-0.109883699784926,-0.109807078794221,-0.109856072768662,-0.109808136969101,-0.109723995751183,-0.109695887361963,-0.109652388810449,-0.109549615200142,-0.109421327944874,-0.109318358704724,-0.109298537911695,-0.10920389289894,-0.109030064183194,-0.108931566561099,-0.10893584991117,-0.108907065132548,-0.108860978407094,-0.108783535715145,-0.10868520138752,-0.108587237101694,-0.108499575054659,-0.108520433683979,-0.108514088624019,-0.108472852379714,-0.108400608017289,-0.108289735760545,-0.108197779835143,-0.108154380549341,-0.108089671115105,-0.108050252398728,-0.108027579344405,-0.10800521221337,-0.107963365168158,-0.107921414777562,-0.107892317454623,-0.107856465059493,-0.107816597491072,-0.107776822781447,-0.107739687188192,-0.107703230481879,-0.107665516833323,-0.107627447045415,-0.107589897358605,-0.107553750356944,-0.107520185003594,-0.107491530831508,-0.107475435611952,-0.107494360938925,-0.107494407885337
NaN,NaN,NaN,NaN,NaN,NaN,NaN,NaN,NaN,NaN,NaN,NaN,NaN,NaN,NaN,NaN,NaN,NaN,NaN,NaN,NaN,NaN,NaN,NaN,NaN,NaN,NaN,NaN,NaN,NaN,NaN,NaN,NaN,NaN,NaN,NaN,NaN,NaN,NaN,NaN,NaN,NaN,NaN,NaN,NaN,NaN,NaN,NaN,NaN,NaN,NaN,NaN,NaN,NaN,NaN,NaN,NaN,NaN,NaN,NaN,NaN,NaN,NaN,NaN,NaN,NaN,NaN,NaN,NaN,NaN,NaN,NaN,NaN,NaN,NaN,NaN,NaN,NaN,NaN,NaN,NaN,NaN,NaN,NaN,NaN,NaN,NaN,NaN,NaN,NaN,NaN,NaN,NaN,NaN,NaN,NaN,NaN,NaN,NaN,NaN,NaN,NaN,NaN,NaN,NaN,NaN,NaN,NaN,NaN,NaN,NaN,NaN,NaN,NaN,NaN,NaN,NaN,NaN,NaN,NaN,NaN,NaN,NaN,NaN,NaN,NaN,NaN,NaN,NaN,NaN,NaN,NaN,NaN,NaN,NaN,NaN,NaN,NaN,NaN,NaN,-0.0357424555274977,-0.0694146664334867,-0.106390650278323,-0.109287662386018,-0.109281740886392,-0.109298921724877,-0.10932434979152,-0.109349975888226,-0.109364697714512,-0.109353933081108,-0.109367081442491,-0.109433898715357,-0.109436399079674,-0.109467875029951,-0.109478565190833,-0.109484887679182,-0.109459368960677,-0.109416438374421,-0.109468461748375,-0.109502027862276,-0.109485329482506,-0.109483782932329,-0.109479877318132,-0.109385908070207,-0.109308542487249,-0.109298320797475,-0.109359645202093,-0.109329080833974,-0.10923621998928,-0.109060709425858,-0.108941876412507,-0.109013489868808,-0.108981995346918,-0.108803962258736,-0.108728566862786,-0.108712383009899,-0.108732717378801,-0.108750166299439,-0.108796423652402,-0.108841942040187,-0.108908211691225,-0.108979435653685,-0.1090563672058,-0.109142537246253,-0.109241785356767,-0.109343537616503,-0.109453388082028,-0.109557207560247,-0.109647129958821,-0.109738345465582,-0.109820799839974,-0.109871040518865,-0.109907315012898,-0.109931797354423,-0.109989171772479,-0.110047543115297,-0.110010244069454,-0.109920519466734,-0.10986766307389,-0.109810666138753,-0.109735231642039,-0.109731023870254,-0.109696292223031,-0.10959313579913,-0.109411310751179,-0.109342437983373,-0.109261606478855,-0.109158594419115,-0.10901472481122,-0.10887737419351,-0.108906519231823,-0.108900615670552,-0.108855887396424,-0.108760878638518,-0.108636872794672,-0.108572362240396,-0.108506652537068,-0.108467402113531,-0.108458249126845,-0.108477819546489,-0.108375520071638,-0.10823510841813,-0.108170809136163,-0.108109586154012,-0.10803517121802,-0.108009289207323,-0.107992699338551,-0.107952785297527,-0.107908819470211,-0.107874680459347,-0.107851029270452,-0.107815827056726,-0.107774926908566,-0.107735756712609,-0.107701590404196,-0.107664538080002,-0.107626479704443,-0.107587436418112,-0.107549514340908,-0.107512389768299,-0.107477459069612,-0.107446864256784,-0.107426743583004,-0.10743430427839,-0.107434374352097
NaN,NaN,NaN,NaN,NaN,NaN,NaN,NaN,NaN,NaN,NaN,NaN,NaN,NaN,NaN,NaN,NaN,NaN,NaN,NaN,NaN,NaN,NaN,NaN,NaN,NaN,NaN,NaN,NaN,NaN,NaN,NaN,NaN,NaN,NaN,NaN,NaN,NaN,NaN,NaN,NaN,NaN,NaN,NaN,NaN,NaN,NaN,NaN,NaN,NaN,NaN,NaN,NaN,NaN,NaN,NaN,NaN,NaN,NaN,NaN,NaN,NaN,NaN,NaN,NaN,NaN,NaN,NaN,NaN,NaN,NaN,NaN,NaN,NaN,NaN,NaN,NaN,NaN,NaN,NaN,NaN,NaN,NaN,NaN,NaN,NaN,NaN,NaN,NaN,NaN,NaN,NaN,NaN,NaN,NaN,NaN,NaN,NaN,NaN,NaN,NaN,NaN,NaN,NaN,NaN,NaN,NaN,NaN,NaN,NaN,NaN,NaN,NaN,NaN,NaN,NaN,NaN,NaN,NaN,NaN,NaN,NaN,NaN,NaN,NaN,NaN,NaN,NaN,NaN,NaN,NaN,NaN,NaN,NaN,NaN,NaN,NaN,NaN,NaN,NaN,NaN,NaN,-0.051623875042056,-0.103074671042143,-0.109262426398644,-0.109313599474261,-0.109318790362664,-0.109331003340257,-0.10934083224163,-0.109329383669678,-0.10934822200467,-0.109436391779796,-0.10944755327476,-0.109427603920623,-0.109430909003256,-0.109456290084181,-0.109457520228154,-0.109423249387319,-0.109473457293487,-0.109475826605568,-0.109456281744538,-0.109396035700027,-0.109295543383916,-0.109271338105186,-0.109272385193357,-0.109249153912244,-0.109233033763944,-0.109124777413345,-0.108989806947652,-0.108904119710416,-0.108886085733161,-0.10885219310046,-0.108780275190332,-0.108666815033392,-0.108658129157768,-0.10861572709598,-0.108596835150048,-0.108617798452226,-0.108664497459935,-0.108707721976606,-0.108776105347636,-0.108865581331697,-0.108948195048231,-0.109038307192199,-0.109148779468786,-0.109263988255403,-0.109387111763382,-0.109507264884588,-0.109608573437684,-0.10971504202133,-0.109804369634096,-0.109855948082406,-0.10988993375502,-0.109897096148191,-0.110000668783697,-0.110079752029084,-0.109989286061853,-0.110014844234082,-0.110002277598183,-0.109870912460392,-0.10971346673982,-0.109751793792489,-0.109705375290031,-0.109626052541123,-0.109470387765532,-0.109399274210145,-0.109298541594261,-0.109116685010915,-0.108996493071416,-0.108880089547932,-0.108810978320183,-0.10889010767891,-0.108887526456223,-0.108766354817555,-0.1085913436894,-0.108568184596991,-0.108519186270405,-0.108446606010142,-0.108471706320238,-0.108385436709041,-0.108342920389339,-0.108210887629751,-0.10814262317564,-0.108062645898203,-0.107985929831253,-0.107966659812464,-0.107942141124122,-0.107899873708967,-0.107862689559941,-0.107834454588695,-0.107806724801821,-0.107774245355816,-0.107732874681255,-0.107693723256342,-0.107658563420366,-0.107621365488227,-0.107583787300672,-0.107545341302156,-0.107506927280188,-0.107468772605897,-0.107432875634818,-0.107399266286598,-0.107373424855489,-0.107368132982462,-0.10736821469626
NaN,NaN,NaN,NaN,NaN,NaN,NaN,NaN,NaN,NaN,NaN,NaN,NaN,NaN,NaN,NaN,NaN,NaN,NaN,NaN,NaN,NaN,NaN,NaN,NaN,NaN,NaN,NaN,NaN,NaN,NaN,NaN,NaN,NaN,NaN,NaN,NaN,NaN,NaN,NaN,NaN,NaN,NaN,NaN,NaN,NaN,NaN,NaN,NaN,NaN,NaN,NaN,NaN,NaN,NaN,NaN,NaN,NaN,NaN,NaN,NaN,NaN,NaN,NaN,NaN,NaN,NaN,NaN,NaN,NaN,NaN,NaN,NaN,NaN,NaN,NaN,NaN,NaN,NaN,NaN,NaN,NaN,NaN,NaN,NaN,NaN,NaN,NaN,NaN,NaN,NaN,NaN,NaN,NaN,NaN,NaN,NaN,NaN,NaN,NaN,NaN,NaN,NaN,NaN,NaN,NaN,NaN,NaN,NaN,NaN,NaN,NaN,NaN,NaN,NaN,NaN,NaN,NaN,NaN,NaN,NaN,NaN,NaN,NaN,NaN,NaN,NaN,NaN,NaN,NaN,NaN,NaN,NaN,NaN,NaN,NaN,NaN,NaN,NaN,NaN,NaN,NaN,NaN,-0.035493549170172,-0.0916953380064954,-0.107864218745063,-0.109349623099565,-0.109345991273239,-0.109347461039049,-0.109337675232523,-0.109339150759621,-0.108834125522065,-0.108796251663543,-0.109436108198833,-0.109405746813109,-0.109441027010062,-0.109443738347572,-0.109417132110762,-0.109479436054808,-0.109490246870625,-0.109375071967175,-0.109267199064161,-0.109226857848061,-0.10929856827125,-0.109229167057951,-0.109115207765053,-0.10907425009186,-0.108993308216659,-0.108927757629004,-0.108908609651453,-0.108898974874661,-0.108758977570173,-0.108660160311564,-0.108574931485512,-0.108504871551132,-0.108459394327835,-0.108434660936033,-0.108478731878279,-0.108529088412337,-0.108573482117486,-0.108681115781698,-0.108737617130556,-0.108813734794935,-0.108929054171386,-0.109046133608954,-0.109182162488483,-0.109321071781065,-0.109461405769467,-0.109585678596266,-0.109687909486259,-0.109781986536551,-0.109848879868993,-0.10987150929932,-0.109862881301155,-0.109939712083118,-0.11006967539079,-0.109984770650432,-0.109898129565096,-0.110067468303579,-0.110068220016164,-0.109843576098264,-0.109743957612972,-0.109721175278342,-0.109645042916508,-0.109510613844289,-0.109474160082859,-0.109287605697899,-0.109097358663639,-0.108984040850221,-0.108897325580942,-0.108758463628054,-0.108917524048878,-0.108894188272141,-0.108773584429446,-0.108599932972928,-0.108527699980423,-0.108485981809573,-0.108470116663797,-0.108456574978621,-0.1083535137556,-0.108276436488451,-0.108174416582775,-0.108084544430198,-0.108003946879401,-0.107937389745027,-0.107921589417769,-0.107892474815565,-0.107853338358374,-0.107815121033542,-0.107792378442211,-0.107765586519187,-0.107730213330625,-0.107691368609183,-0.107652449003582,-0.10761440952684,-0.107576513582488,-0.107539102528961,-0.107501023334321,-0.107462542025819,-0.107423908105653,-0.107386147928992,-0.107349363528114,-0.10731869392757,-0.107302175191195,-0.107302258954138
NaN,NaN,NaN,NaN,NaN,NaN,NaN,NaN,NaN,NaN,NaN,NaN,NaN,NaN,NaN,NaN,NaN,NaN,NaN,NaN,NaN,NaN,NaN,NaN,NaN,NaN,NaN,NaN,NaN,NaN,NaN,NaN,NaN,NaN,NaN,NaN,NaN,NaN,NaN,NaN,NaN,NaN,NaN,NaN,NaN,NaN,NaN,NaN,NaN,NaN,NaN,NaN,NaN,NaN,NaN,NaN,NaN,NaN,NaN,NaN,NaN,NaN,NaN,NaN,NaN,NaN,NaN,NaN,NaN,NaN,NaN,NaN,NaN,NaN,NaN,NaN,NaN,NaN,NaN,NaN,NaN,NaN,NaN,NaN,NaN,NaN,NaN,NaN,NaN,NaN,NaN,NaN,NaN,NaN,NaN,NaN,NaN,NaN,NaN,NaN,NaN,NaN,NaN,NaN,NaN,NaN,NaN,NaN,NaN,NaN,NaN,NaN,NaN,NaN,NaN,NaN,NaN,NaN,NaN,NaN,NaN,NaN,NaN,NaN,NaN,NaN,NaN,NaN,NaN,NaN,NaN,NaN,NaN,NaN,NaN,NaN,NaN,NaN,NaN,NaN,NaN,NaN,NaN,NaN,NaN,-0.0633291215934172,-0.1009212272977,-0.108420204090819,-0.109168948013214,-0.109305537863035,-0.101074299397091,NaN,NaN,NaN,-0.109381160307572,-0.10941957777563,-0.109430614498784,-0.109419344353612,-0.109481166104707,-0.109536066316672,-0.109313209598268,-0.109212066901381,-0.10924219095795,-0.109278289684667,-0.10909847257194,-0.1089858130053,-0.108964402746665,-0.108892292864792,-0.108889109104549,-0.10885087238529,-0.10879827843875,-0.108677831429921,-0.108543762728342,-0.108443702922776,-0.108351297766832,-0.108297216840201,-0.108282363169264,-0.108331370837859,-0.108377615970681,-0.108443531747963,-0.108516826391051,-0.108596372148096,-0.108689930709376,-0.108803330918489,-0.10893680480904,-0.109093207333429,-0.109258059707717,-0.109419356757361,-0.109570604839179,-0.109698103431373,-0.109802026583627,-0.109879712972922,-0.109904457919335,-0.109854100525432,-0.10988652250921,-0.109955237291338,-0.10991548335761,-0.109826560435895,-0.109839518697929,-0.110049871164564,-0.109975939178223,-0.109747847542489,-0.109705586441728,-0.109658029019008,-0.10948344278511,-0.109394020865113,-0.109347251896321,-0.109167931158081,-0.108949067379177,-0.108904685832193,-0.108806073400815,-0.108843990762818,-0.108880152434759,-0.108751341768114,-0.108623018853143,-0.108504276561837,-0.108497608604657,-0.108508986094758,-0.108434410366864,-0.10830320944435,-0.108209965729227,-0.108111463843698,-0.108018250040295,-0.107950329573262,-0.107889665828733,-0.107862064950539,-0.10784373308295,-0.10781413505471,-0.107781309300684,-0.107754401068478,-0.107724984987903,-0.107686405035004,-0.107647256193576,-0.107609628852733,-0.107570501519718,-0.107532560971351,-0.107494229853224,-0.107455982592499,-0.107417450467994,-0.107378256403077,-0.107338930080238,-0.107299421574658,-0.107264609166009,-0.107237768497684,-0.107237854340709
NaN,NaN,NaN,NaN,NaN,NaN,NaN,NaN,NaN,NaN,NaN,NaN,NaN,NaN,NaN,NaN,NaN,NaN,NaN,NaN,NaN,NaN,NaN,NaN,NaN,NaN,NaN,NaN,NaN,NaN,NaN,NaN,NaN,NaN,NaN,NaN,NaN,NaN,NaN,NaN,NaN,NaN,NaN,NaN,NaN,NaN,NaN,NaN,NaN,NaN,NaN,NaN,NaN,NaN,NaN,NaN,NaN,NaN,NaN,NaN,NaN,NaN,NaN,NaN,NaN,NaN,NaN,NaN,NaN,NaN,NaN,NaN,NaN,NaN,NaN,NaN,NaN,NaN,NaN,NaN,NaN,NaN,NaN,NaN,NaN,NaN,NaN,NaN,NaN,NaN,NaN,NaN,NaN,NaN,NaN,NaN,NaN,NaN,NaN,NaN,NaN,NaN,NaN,NaN,NaN,NaN,NaN,NaN,NaN,NaN,NaN,NaN,NaN,NaN,NaN,NaN,NaN,NaN,NaN,NaN,NaN,NaN,NaN,NaN,NaN,NaN,NaN,NaN,NaN,NaN,NaN,NaN,NaN,NaN,NaN,NaN,NaN,NaN,NaN,NaN,NaN,NaN,NaN,NaN,NaN,NaN,NaN,NaN,NaN,NaN,NaN,NaN,NaN,NaN,NaN,NaN,-0.109444628703776,-0.109431254180489,NaN,NaN,-0.109211617423108,-0.109182921200633,-0.109209815827893,-0.109138510272193,-0.108941726313998,-0.10885361404128,-0.108820270002884,-0.108804105952231,-0.108813401771169,-0.108804412294175,-0.108684764977128,-0.108598947622957,-0.108424788516294,-0.108320095588638,-0.108228888450874,-0.108135010207376,-0.108140423819746,-0.108191947453855,-0.108232790324432,-0.108285658913441,-0.108366179952295,-0.108452309678304,-0.108557225480975,-0.108679144103599,-0.108832077371309,-0.108997358467043,-0.109181378463001,-0.10936815974894,-0.109549917996307,-0.109710731826234,-0.109847597330505,-0.109948241415456,-0.110002322347955,-0.109974822257178,-0.109932100058597,-0.109961567844035,-0.109941676220312,-0.109853973083757,-0.109702073285984,-0.109813034038583,-0.109958906981701,-0.109815683540655,-0.10964232774031,-0.109581786250968,-0.109558864915894,-0.109374426977218,-0.109233822107503,-0.109108162167855,-0.108943051028548,-0.108870772323101,-0.108866913922876,-0.108876497796785,-0.108892823349486,-0.108730635167788,-0.108594129876838,-0.108469998328875,-0.108631458718309,-0.108579014980401,-0.108375772064388,-0.108213296442929,-0.108157678202146,-0.108045361410595,-0.107955887319722,-0.107880782315611,-0.107837425794717,-0.10782526254035,-0.107796394729865,-0.107770630889975,-0.107740028205798,-0.107716446175206,-0.107687431334473,-0.107646774812737,-0.107607197508449,-0.107568733274325,-0.107527751179764,-0.107488902174095,-0.107450039135714,-0.107411109895331,-0.107372137965234,-0.107332572981574,-0.10729180995897,-0.107250246796835,-0.107212015738552,-0.107175237181076,-0.10717531590199
NaN,NaN,NaN,NaN,NaN,NaN,NaN,NaN,NaN,NaN,NaN,NaN,NaN,NaN,NaN,NaN,NaN,NaN,NaN,NaN,NaN,NaN,NaN,NaN,NaN,NaN,NaN,NaN,NaN,NaN,NaN,NaN,NaN,NaN,NaN,NaN,NaN,NaN,NaN,NaN,NaN,NaN,NaN,NaN,NaN,NaN,NaN,NaN,NaN,NaN,NaN,NaN,NaN,NaN,NaN,NaN,NaN,NaN,NaN,NaN,NaN,NaN,NaN,NaN,NaN,NaN,NaN,NaN,NaN,NaN,NaN,NaN,NaN,NaN,NaN,NaN,NaN,NaN,NaN,NaN,NaN,NaN,NaN,NaN,NaN,NaN,NaN,NaN,NaN,NaN,NaN,NaN,NaN,NaN,NaN,NaN,NaN,NaN,NaN,NaN,NaN,NaN,NaN,NaN,NaN,NaN,NaN,NaN,NaN,NaN,NaN,NaN,NaN,NaN,NaN,NaN,NaN,NaN,NaN,NaN,NaN,NaN,NaN,NaN,NaN,NaN,NaN,NaN,NaN,NaN,NaN,NaN,NaN,NaN,NaN,NaN,NaN,NaN,NaN,NaN,NaN,NaN,NaN,NaN,NaN,NaN,NaN,NaN,NaN,NaN,NaN,NaN,NaN,NaN,NaN,NaN,NaN,NaN,NaN,NaN,NaN,-0.109139436639931,-0.108235628841886,-0.107453586012891,-0.108881919789116,-0.108774312208644,-0.108755189852174,-0.108782888141914,-0.108778229936568,-0.108687384756052,-0.108656577825376,-0.108509120194507,-0.108344744900008,-0.10822185198222,-0.108118232374704,-0.108040120664179,-0.108082756932902,-0.108093538120944,-0.108104831443193,-0.10816470990648,-0.10822015214991,-0.108313499236054,-0.108418553835805,-0.108561366584897,-0.108728744984841,-0.108902601244043,-0.109096953373787,-0.10930280389111,-0.109513515573103,-0.109713523771285,-0.109890481705809,-0.110041098533113,-0.110140729304422,-0.11012081599055,-0.110084281082114,-0.110112304529201,-0.110107968813492,-0.109994977404486,-0.109868722310082,-0.10974767979293,-0.109785597644823,-0.109724344349126,-0.109672957617708,-0.109558725450711,-0.109489875423039,-0.109370692416499,-0.109171618056067,-0.109029841660286,-0.108884859038366,-0.108781291627719,-0.108828893089725,-0.109033764372685,-0.108990760138834,-0.108658182808451,-0.10851804507303,-0.10854050017079,-0.108781561999457,-0.108600821178183,-0.108289677963023,-0.108148785987337,-0.108085511899273,-0.107983189722118,-0.107916875094186,-0.10781289366618,-0.107817025302872,-0.107788126029703,-0.107747735085275,-0.107738557178766,-0.107712239434546,-0.107688236085287,-0.107652272648747,-0.107608024090031,-0.107564949910881,-0.10752542459732,-0.10748339669729,-0.107444475969371,-0.10740548242372,-0.107366844136602,-0.107327824023457,-0.107287409662602,-0.107246129450599,-0.107202928422384,-0.107161703399904,-0.107115430308917,-0.10711549157501
NaN,NaN,NaN,NaN,NaN,NaN,NaN,NaN,NaN,NaN,NaN,NaN,NaN,NaN,NaN,NaN,NaN,NaN,NaN,NaN,NaN,NaN,NaN,NaN,NaN,NaN,NaN,NaN,NaN,NaN,NaN,NaN,NaN,NaN,NaN,NaN,NaN,NaN,NaN,NaN,NaN,NaN,NaN,NaN,NaN,NaN,NaN,NaN,NaN,NaN,NaN,NaN,NaN,NaN,NaN,NaN,NaN,NaN,NaN,NaN,NaN,NaN,NaN,NaN,NaN,NaN,NaN,NaN,NaN,NaN,NaN,NaN,NaN,NaN,NaN,NaN,NaN,NaN,NaN,NaN,NaN,NaN,NaN,NaN,NaN,NaN,NaN,NaN,NaN,NaN,NaN,NaN,NaN,NaN,NaN,NaN,NaN,NaN,NaN,NaN,NaN,NaN,NaN,NaN,NaN,NaN,NaN,NaN,NaN,NaN,NaN,NaN,NaN,NaN,NaN,NaN,NaN,NaN,NaN,NaN,NaN,NaN,NaN,NaN,NaN,NaN,NaN,NaN,NaN,NaN,NaN,NaN,NaN,NaN,NaN,NaN,NaN,NaN,NaN,NaN,NaN,NaN,NaN,NaN,NaN,NaN,NaN,NaN,NaN,NaN,NaN,NaN,NaN,NaN,NaN,NaN,NaN,NaN,NaN,NaN,NaN,NaN,-0.0700684416547121,-0.0646086294298805,-0.107336679098687,-0.108753495828184,-0.108709143538703,-0.108678226371487,-0.10864455004244,-0.1086184414345,-0.108569319276679,-0.108430997735834,-0.108312112124088,-0.108205967867586,-0.108032731305074,-0.107943045522087,-0.107962282106901,-0.107960642871207,-0.108050537235939,-0.108093097364205,-0.108127148652535,-0.108202484547493,-0.108305812655937,-0.108456217483357,-0.108630514879097,-0.108816139490361,-0.109015121813463,-0.109237558802383,-0.109467940625942,-0.109700023278152,-0.10991601074496,-0.110113981633961,-0.110259051994097,-0.11038328476995,-0.110408532880328,-0.110339846553565,-0.110329470271615,-0.11021645779047,-0.110123443180641,-0.110008634603575,-0.109859464985538,-0.10974917747102,-0.109579621192004,-0.109596242239736,-0.109500566598837,-0.109338194695469,-0.109148973332809,-0.108980908770418,-0.108833894523638,-0.10870501350729,-0.108713568790515,-0.108987118192099,-0.10908582170185,-0.108741317596496,-0.108497842220499,-0.108590158846709,-0.108817506004198,-0.108561516642149,-0.108270144124772,-0.108102853938128,-0.107991232367022,-0.107927194426651,-0.10786121434959,-0.107787217518205,-0.107750916053847,-0.107730840684306,-0.107721948365988,-0.107725471544403,-0.107693704928106,-0.107652981224843,-0.107612877977147,-0.107564563843992,-0.107520571731909,-0.107480340577559,-0.107439380269241,-0.107401059194575,-0.107362459778025,-0.107324091333974,-0.107284825000036,-0.107244107694899,-0.107202453720574,-0.107158036313599,-0.107114325373056,-0.107058955268692,-0.107059003187628
NaN,NaN,NaN,NaN,NaN,NaN,NaN,NaN,NaN,NaN,NaN,NaN,NaN,NaN,NaN,NaN,NaN,NaN,NaN,NaN,NaN,NaN,NaN,NaN,NaN,NaN,NaN,NaN,NaN,NaN,NaN,NaN,NaN,NaN,NaN,NaN,NaN,NaN,NaN,NaN,NaN,NaN,NaN,NaN,NaN,NaN,NaN,NaN,NaN,NaN,NaN,NaN,NaN,NaN,NaN,NaN,NaN,NaN,NaN,NaN,NaN,NaN,NaN,NaN,NaN,NaN,NaN,NaN,NaN,NaN,NaN,NaN,NaN,NaN,NaN,NaN,NaN,NaN,NaN,NaN,NaN,NaN,NaN,NaN,NaN,NaN,NaN,NaN,NaN,NaN,NaN,NaN,NaN,NaN,NaN,NaN,NaN,NaN,NaN,NaN,NaN,NaN,NaN,NaN,NaN,NaN,NaN,NaN,NaN,NaN,NaN,NaN,NaN,NaN,NaN,NaN,NaN,NaN,NaN,NaN,NaN,NaN,NaN,NaN,NaN,NaN,NaN,NaN,NaN,NaN,NaN,NaN,NaN,NaN,NaN,NaN,NaN,NaN,NaN,NaN,NaN,NaN,NaN,NaN,NaN,NaN,NaN,NaN,NaN,NaN,NaN,NaN,NaN,NaN,NaN,NaN,NaN,NaN,NaN,NaN,NaN,NaN,NaN,NaN,NaN,-0.107091590821974,-0.108616960879318,-0.108575581488809,-0.10856771044252,-0.108556367915443,-0.108507453575846,-0.108421121251409,-0.108327483391046,-0.108223334914892,-0.107944495889828,-0.107816307310991,-0.107816849715473,-0.107870183253464,-0.107907633519039,-0.107942907089932,-0.108070497082734,-0.108145889680871,-0.108259536514122,-0.108403458150292,-0.108548770237159,-0.10873278979964,-0.10895369240778,-0.109191726927822,-0.109439149756072,-0.109687116802821,-0.109918120731723,-0.110123184065844,-0.110276908404619,-0.110587184744109,-0.110594422948503,-0.110462079098223,-0.110523177244155,-0.110443873898294,-0.110363923919741,-0.110348306151117,-0.110105412457675,-0.109956966786916,-0.10972840196577,-0.109596959731124,-0.109447903310963,-0.10931887944863,-0.10913520425407,-0.108958733042404,-0.108799317512909,-0.108667041372837,-0.108642499278237,-0.108817319557781,-0.109011562087504,-0.108770324297193,-0.108516253851865,-0.108694331976234,-0.108932118547617,-0.108530498354825,-0.108223754172138,-0.108044652726648,-0.107943711368105,-0.107887298081903,-0.107814718686712,-0.107738692534197,-0.107704307701826,-0.107718184830239,-0.107713172865114,-0.107701106771198,-0.107663903751056,-0.107618106690985,-0.107570192139975,-0.107522234418796,-0.107479602885035,-0.107437953531133,-0.107397541249791,-0.107359437634418,-0.107320931312791,-0.10728306196242,-0.107243919180639,-0.107202948264625,-0.107160896349032,-0.107115624552751,-0.107070412038999,-0.107005672751577,-0.107005703389658
NaN,NaN,NaN,NaN,NaN,NaN,NaN,NaN,NaN,NaN,NaN,NaN,NaN,NaN,NaN,NaN,NaN,NaN,NaN,NaN,NaN,NaN,NaN,NaN,NaN,NaN,NaN,NaN,NaN,NaN,NaN,NaN,NaN,NaN,NaN,NaN,NaN,NaN,NaN,NaN,NaN,NaN,NaN,NaN,NaN,NaN,NaN,NaN,NaN,NaN,NaN,NaN,NaN,NaN,NaN,NaN,NaN,NaN,NaN,NaN,NaN,NaN,NaN,NaN,NaN,NaN,NaN,NaN,NaN,NaN,NaN,NaN,NaN,NaN,NaN,NaN,NaN,NaN,NaN,NaN,NaN,NaN,NaN,NaN,NaN,NaN,NaN,NaN,NaN,NaN,NaN,NaN,NaN,NaN,NaN,NaN,NaN,NaN,NaN,NaN,NaN,NaN,NaN,NaN,NaN,NaN,NaN,NaN,NaN,NaN,NaN,NaN,NaN,NaN,NaN,NaN,NaN,NaN,NaN,NaN,NaN,NaN,NaN,NaN,NaN,NaN,NaN,NaN,NaN,NaN,NaN,NaN,NaN,NaN,NaN,NaN,NaN,NaN,NaN,NaN,NaN,NaN,NaN,NaN,NaN,NaN,NaN,NaN,NaN,NaN,NaN,NaN,NaN,NaN,NaN,NaN,NaN,NaN,NaN,NaN,NaN,NaN,NaN,NaN,NaN,NaN,-0.105230649057046,-0.108536301383885,-0.10852837951966,-0.108531577597531,-0.108498265624721,-0.108435039865139,-0.108384782174646,-0.108133737571176,-0.107792735893427,-0.10769151240351,-0.107677212680719,-0.107750903061893,-0.107784348368511,-0.10784719263242,-0.107964480863084,-0.108097198923131,-0.108255549060163,-0.10838506890703,-0.108493350814827,-0.108658245676105,-0.108889795782194,-0.109170967722241,-0.109441254899517,-0.109689614285674,-0.109930361806845,-0.110151197283975,-0.110261969937189,-0.110440198479775,-0.110546731683208,-0.110444350854383,-0.110438749706558,-0.11064938385595,-0.110529939040948,-0.110560502688245,-0.110566210288542,-0.110258102000145,-0.109978969481405,-0.109701025494539,-0.109454399167003,-0.109301151492924,-0.109147193656421,-0.108911214243773,-0.108761381186553,-0.10865530315814,-0.108610002194456,-0.108710620817836,-0.108810052266279,-0.108660870824948,-0.108583884833993,-0.108809015712729,-0.108870593002106,-0.108487719061288,-0.108207998740951,-0.108028769065199,-0.107938139920677,-0.107863647200679,-0.107788612428872,-0.10769378338701,-0.10768464583874,-0.107721714872444,-0.107705676992497,-0.107683542384238,-0.107627590987345,-0.10758781734589,-0.107531563856963,-0.107478883485553,-0.107438856333873,-0.107397179129175,-0.107357767871671,-0.107319335844,-0.107281892602946,-0.10724423889006,-0.107205062654836,-0.107164316733146,-0.107121825778439,-0.107076018832632,-0.107030057490003,-0.106956371488227,-0.106956388539638
NaN,NaN,NaN,NaN,NaN,NaN,NaN,NaN,NaN,NaN,NaN,NaN,NaN,NaN,NaN,NaN,NaN,NaN,NaN,NaN,NaN,NaN,NaN,NaN,NaN,NaN,NaN,NaN,NaN,NaN,NaN,NaN,NaN,NaN,NaN,NaN,NaN,NaN,NaN,NaN,NaN,NaN,NaN,NaN,NaN,NaN,NaN,NaN,NaN,NaN,NaN,NaN,NaN,NaN,NaN,NaN,NaN,NaN,NaN,NaN,NaN,NaN,NaN,NaN,NaN,NaN,NaN,NaN,NaN,NaN,NaN,NaN,NaN,NaN,NaN,NaN,NaN,NaN,NaN,NaN,NaN,NaN,NaN,NaN,NaN,NaN,NaN,NaN,NaN,NaN,NaN,NaN,NaN,NaN,NaN,NaN,NaN,NaN,NaN,NaN,NaN,NaN,NaN,NaN,NaN,NaN,NaN,NaN,NaN,NaN,NaN,NaN,NaN,NaN,NaN,NaN,NaN,NaN,NaN,NaN,NaN,NaN,NaN,NaN,NaN,NaN,NaN,NaN,NaN,NaN,NaN,NaN,NaN,NaN,NaN,NaN,NaN,NaN,NaN,NaN,NaN,NaN,NaN,NaN,NaN,NaN,NaN,NaN,NaN,NaN,NaN,NaN,NaN,NaN,NaN,NaN,NaN,NaN,NaN,NaN,NaN,NaN,NaN,NaN,NaN,NaN,NaN,-0.105192905680623,-0.108524939321953,-0.108525785385584,-0.108504842414156,-0.108478027895597,-0.108317698920812,-0.107898689943986,-0.107633626266368,-0.107533239084875,-0.107458121994988,-0.107500682785651,-0.10758780306151,-0.107735130870384,-0.10790201170384,-0.108025982263227,-0.10822249895146,-0.108343325345518,-0.108465383805669,-0.108673870701553,-0.108952239123215,-0.109211804550759,-0.109460289639218,-0.109700528087496,-0.109943485869079,-0.110201610090874,-0.110486324329735,-0.110610267676707,-0.11075663507598,-0.110656071386735,-0.110510184026564,-0.1104307856987,-0.110546149436765,-0.110734417618361,-0.110766846035784,-0.110557829577216,-0.110207960329983,-0.109962818399417,-0.109673045564383,-0.10936893919248,-0.109036626732385,-0.108808595677204,-0.108733116983084,-0.108679581396514,-0.108572794433499,-0.108626469463771,-0.108725813414868,-0.108610657153003,-0.10860325219401,-0.108842522669344,-0.108700728217417,-0.10843031360074,-0.108221867827638,-0.108070268602453,-0.107959782675486,-0.107865944329184,-0.107785735978775,-0.107671772283248,-0.107703795665104,-0.107711505256062,-0.10770009124463,-0.10766478287363,-0.107625469464899,-0.107546379152788,-0.107481673865399,-0.107439515698499,-0.107398988272984,-0.10735763046122,-0.107319470470479,-0.107282378244788,-0.107245952445164,-0.107208055872253,-0.10716905728437,-0.107128737948866,-0.107086259898165,-0.107040134644604,-0.10699383345593,-0.10691163794472,-0.106911638065096
NaN,NaN,NaN,NaN,NaN,NaN,NaN,NaN,NaN,NaN,NaN,NaN,NaN,NaN,NaN,NaN,NaN,NaN,NaN,NaN,NaN,NaN,NaN,NaN,NaN,NaN,NaN,NaN,NaN,NaN,NaN,NaN,NaN,NaN,NaN,NaN,NaN,NaN,NaN,NaN,NaN,NaN,NaN,NaN,NaN,NaN,NaN,NaN,NaN,NaN,NaN,NaN,NaN,NaN,NaN,NaN,NaN,NaN,NaN,NaN,NaN,NaN,NaN,NaN,NaN,NaN,NaN,NaN,NaN,NaN,NaN,NaN,NaN,NaN,NaN,NaN,NaN,NaN,NaN,NaN,NaN,NaN,NaN,NaN,NaN,NaN,NaN,NaN,NaN,NaN,NaN,NaN,NaN,NaN,NaN,NaN,NaN,NaN,NaN,NaN,NaN,NaN,NaN,NaN,NaN,NaN,NaN,NaN,NaN,NaN,NaN,NaN,NaN,NaN,NaN,NaN,NaN,NaN,NaN,NaN,NaN,NaN,NaN,NaN,NaN,NaN,NaN,NaN,NaN,NaN,NaN,NaN,NaN,NaN,NaN,NaN,NaN,NaN,NaN,NaN,NaN,NaN,NaN,NaN,NaN,NaN,NaN,NaN,NaN,NaN,NaN,NaN,NaN,NaN,NaN,NaN,NaN,NaN,NaN,NaN,NaN,NaN,NaN,NaN,NaN,NaN,NaN,NaN,-0.105195566689286,-0.10847044463326,-0.108465199476414,-0.108300288783975,-0.107978344882971,-0.107560319385856,-0.107357557217958,-0.107214787379195,-0.107259405495551,-0.107406701258082,-0.10750983220061,-0.107716020207811,-0.107799225828231,-0.107905105069112,-0.108088330011879,-0.108238511480548,-0.108461153355648,-0.108790972173673,-0.10908698056122,-0.109257020526526,-0.109466417164591,-0.109710591874607,-0.109933561606791,-0.110146307423376,-0.110479410112316,-0.110734682200346,-0.110767308550873,-0.110911012809107,-0.110665355292419,-0.11042219196576,-0.110445359806887,-0.110656108275802,-0.110742875057573,-0.110682162394671,-0.110578165787838,-0.110339915159236,-0.109937994187125,-0.109338492041227,-0.108913476896153,-0.108755380676824,-0.108686222489863,-0.108608589078868,-0.108562637491641,-0.108589566329658,-0.108646357715163,-0.108557560584405,-0.108630248824188,-0.10882446211941,-0.108557544958656,-0.108391406750836,-0.108271672428005,-0.108128264662777,-0.107994890267927,-0.107880915867533,-0.107787539732962,-0.107694509786019,-0.107660629565749,-0.107728133039787,-0.107720976285671,-0.107644880477622,-0.107576915688623,-0.107494721662882,-0.107443909326044,-0.107403494690124,-0.107358950772384,-0.107319880374108,-0.107284345368283,-0.107249456833455,-0.107212984260169,-0.107175084598267,-0.107136415321265,-0.107096406201082,-0.107054376736362,-0.107008574622208,-0.106962172611037,-0.106871272194743,-0.106871253146328
NaN,NaN,NaN,NaN,NaN,NaN,NaN,NaN,NaN,NaN,NaN,NaN,NaN,NaN,NaN,NaN,NaN,NaN,NaN,NaN,NaN,NaN,NaN,NaN,NaN,NaN,NaN,NaN,NaN,NaN,NaN,NaN,NaN,NaN,NaN,NaN,NaN,NaN,NaN,NaN,NaN,NaN,NaN,NaN,NaN,NaN,NaN,NaN,NaN,NaN,NaN,NaN,NaN,NaN,NaN,NaN,NaN,NaN,NaN,NaN,NaN,NaN,NaN,NaN,NaN,NaN,NaN,NaN,NaN,NaN,NaN,NaN,NaN,NaN,NaN,NaN,NaN,NaN,NaN,NaN,NaN,NaN,NaN,NaN,NaN,NaN,NaN,NaN,NaN,NaN,NaN,NaN,NaN,NaN,NaN,NaN,NaN,NaN,NaN,NaN,NaN,NaN,NaN,NaN,NaN,NaN,NaN,NaN,NaN,NaN,NaN,NaN,NaN,NaN,NaN,NaN,NaN,NaN,NaN,NaN,NaN,NaN,NaN,NaN,NaN,NaN,NaN,NaN,NaN,NaN,NaN,NaN,NaN,NaN,NaN,NaN,NaN,NaN,NaN,NaN,NaN,NaN,NaN,NaN,NaN,NaN,NaN,NaN,NaN,NaN,NaN,NaN,NaN,NaN,NaN,NaN,NaN,NaN,NaN,NaN,NaN,NaN,NaN,NaN,NaN,NaN,NaN,NaN,NaN,NaN,NaN,NaN,-0.107616729026991,-0.107105583131919,-0.106889274365463,-0.106854787461225,-0.10707259382173,-0.107293242554137,-0.107478460530212,-0.107578942004395,-0.107586894271872,-0.107760375537661,-0.107958234009598,-0.10811097679256,-0.108364617287681,-0.108694809258992,-0.108948080539458,-0.109223324503783,-0.109456380010813,-0.109687492803434,-0.109876914810118,-0.11002688620989,-0.110168121702595,-0.110442135472066,-0.110550607135637,-0.110802811627117,-0.110631230061124,-0.110453449077738,-0.11042635660647,-0.110576079695082,-0.110815036489802,-0.110888981875105,-0.110896813513382,-0.110734708153995,-0.110129245198389,-0.109283226430383,-0.108822169068904,-0.108674545149053,-0.10863800361074,-0.108592722962587,-0.108549476330842,-0.10858699424705,-0.108625915960378,-0.108540707467721,-0.108680538171861,-0.108601778776772,-0.10848069995704,-0.108392550547038,-0.108295520653675,-0.108181574431476,-0.108042515149552,-0.107916748124136,-0.107812768893049,-0.107721286678354,-0.107669152650743,-0.107683503293014,-0.107717905926221,-0.107653295664766,-0.107556591894441,-0.107452780146802,-0.107400670516595,-0.107361435358871,-0.107324638967141,-0.107287689216105,-0.107254263684332,-0.107219814216939,-0.107183395075166,-0.107146697695868,-0.107108018851295,-0.107067413080337,-0.107025986626193,-0.106981203098247,-0.106934897454403,-0.106835355319968,-0.106835320042368
NaN,NaN,NaN,NaN,NaN,NaN,NaN,NaN,NaN,NaN,NaN,NaN,NaN,NaN,NaN,NaN,NaN,NaN,NaN,NaN,NaN,NaN,NaN,NaN,NaN,NaN,NaN,NaN,NaN,NaN,NaN,NaN,NaN,NaN,NaN,NaN,NaN,NaN,NaN,NaN,NaN,NaN,NaN,NaN,NaN,NaN,NaN,NaN,NaN,NaN,NaN,NaN,NaN,NaN,NaN,NaN,NaN,NaN,NaN,NaN,NaN,NaN,NaN,NaN,NaN,NaN,NaN,NaN,NaN,NaN,NaN,NaN,NaN,NaN,NaN,NaN,NaN,NaN,NaN,NaN,NaN,NaN,NaN,NaN,NaN,NaN,NaN,NaN,NaN,NaN,NaN,NaN,NaN,NaN,NaN,NaN,NaN,NaN,NaN,NaN,NaN,NaN,NaN,NaN,NaN,NaN,NaN,NaN,NaN,NaN,NaN,NaN,NaN,NaN,NaN,NaN,NaN,NaN,NaN,NaN,NaN,NaN,NaN,NaN,NaN,NaN,NaN,NaN,NaN,NaN,NaN,NaN,NaN,NaN,NaN,NaN,NaN,NaN,NaN,NaN,NaN,NaN,NaN,NaN,NaN,NaN,NaN,NaN,NaN,NaN,NaN,NaN,NaN,NaN,NaN,NaN,NaN,NaN,NaN,NaN,NaN,NaN,NaN,NaN,NaN,NaN,NaN,NaN,NaN,NaN,NaN,NaN,NaN,-0.106602304930806,-0.106496616112326,-0.106534485131046,-0.106713994547871,-0.106846399687512,-0.107064280876147,-0.107225453346348,-0.107411418702923,-0.107710316016747,-0.107796656042796,-0.107939041118622,-0.108313390366148,-0.108523916674585,-0.108771250034648,-0.109108114529988,-0.109389283016681,-0.109608148695861,-0.10980413527602,-0.109960690819713,-0.110087721855636,-0.110313409946653,-0.110455984917112,-0.110669171804534,-0.110727997052644,-0.110508986034897,-0.110500127663715,-0.110617521328208,-0.110705281566322,-0.110855858425214,-0.11102733551251,-0.111059857663433,-0.110176333885575,-0.109256909620214,-0.108824669320836,-0.108641443486081,-0.108596039526529,-0.108634768474258,-0.108571474757417,-0.10859764829534,-0.108615592156592,-0.108565793664323,-0.108591693283312,-0.108546132044817,-0.10847261541374,-0.10836660610266,-0.10828082414263,-0.108275595906487,-0.108108625640641,-0.107975291870806,-0.107856483872968,-0.107748599719268,-0.107686781664497,-0.107691551705741,-0.107730726638451,-0.107643167467094,-0.107503588881706,-0.107400346331509,-0.107364765890275,-0.107330986476391,-0.107293746781749,-0.107260051251318,-0.107227705786618,-0.10719293380727,-0.107157084926251,-0.107120943793476,-0.107083306555387,-0.107042601198568,-0.107001533230544,-0.106958078879309,-0.106912126423442,-0.106804297676077,-0.10680425274318
NaN,NaN,NaN,NaN,NaN,NaN,NaN,NaN,NaN,NaN,NaN,NaN,NaN,NaN,NaN,NaN,NaN,NaN,NaN,NaN,NaN,NaN,NaN,NaN,NaN,NaN,NaN,NaN,NaN,NaN,NaN,NaN,NaN,NaN,NaN,NaN,NaN,NaN,NaN,NaN,NaN,NaN,NaN,NaN,NaN,NaN,NaN,NaN,NaN,NaN,NaN,NaN,NaN,NaN,NaN,NaN,NaN,NaN,NaN,NaN,NaN,NaN,NaN,NaN,NaN,NaN,NaN,NaN,NaN,NaN,NaN,NaN,NaN,NaN,NaN,NaN,NaN,NaN,NaN,NaN,NaN,NaN,NaN,NaN,NaN,NaN,NaN,NaN,NaN,NaN,NaN,NaN,NaN,NaN,NaN,NaN,NaN,NaN,NaN,NaN,NaN,NaN,NaN,NaN,NaN,NaN,NaN,NaN,NaN,NaN,NaN,NaN,NaN,NaN,NaN,NaN,NaN,NaN,NaN,NaN,NaN,NaN,NaN,NaN,NaN,NaN,NaN,NaN,NaN,NaN,NaN,NaN,NaN,NaN,NaN,NaN,NaN,NaN,NaN,NaN,NaN,NaN,NaN,NaN,NaN,NaN,NaN,NaN,NaN,NaN,NaN,NaN,NaN,NaN,NaN,NaN,NaN,NaN,NaN,NaN,NaN,NaN,NaN,NaN,NaN,NaN,NaN,NaN,NaN,NaN,NaN,NaN,NaN,-0.106202376900507,-0.106200996165911,-0.106259664982467,-0.10635732188296,-0.10650961868746,-0.106784647083812,-0.106904789761657,-0.107137185870406,-0.107362963635039,-0.107495555699205,-0.107750869503374,-0.108104257526798,-0.108294577408636,-0.108662932742135,-0.10896867720637,-0.109228209300184,-0.109514625348721,-0.109776049617167,-0.11000417482627,-0.110162923551995,-0.11041694142037,-0.11057347475453,-0.110740370798296,-0.11083542923812,-0.110696455293051,-0.110671141261533,-0.110798636357617,-0.110794266438741,-0.110864596362059,-0.111042556296519,-0.11098602317961,-0.110059359693125,-0.109382025561155,-0.109019306980959,-0.108776079707174,-0.108638381342012,-0.108618260412726,-0.108649396703701,-0.108609377017397,-0.108578634673767,-0.1085625873263,-0.10855547423116,-0.108534518263088,-0.10847919205965,-0.108383504626247,-0.108290679629779,-0.108261521963361,-0.108197550114151,-0.108082186725755,-0.107931075682681,-0.107821889978462,-0.107727289773865,-0.107738650404576,-0.107751827105953,-0.107579547219069,-0.10744348048458,-0.107371767834248,-0.107344687046859,-0.107302268659729,-0.107265391644433,-0.107234841771173,-0.107201676823297,-0.107169119470329,-0.107135647944294,-0.107100656592047,-0.107062629688101,-0.107021475152211,-0.106981320434414,-0.106939111231861,-0.106893658627963,-0.106778284599164,-0.106778232010815
NaN,NaN,NaN,NaN,NaN,NaN,NaN,NaN,NaN,NaN,NaN,NaN,NaN,NaN,NaN,NaN,NaN,NaN,NaN,NaN,NaN,NaN,NaN,NaN,NaN,NaN,NaN,NaN,NaN,NaN,NaN,NaN,NaN,NaN,NaN,NaN,NaN,NaN,NaN,NaN,NaN,NaN,NaN,NaN,NaN,NaN,NaN,NaN,NaN,NaN,NaN,NaN,NaN,NaN,NaN,NaN,NaN,NaN,NaN,NaN,NaN,NaN,NaN,NaN,NaN,NaN,NaN,NaN,NaN,NaN,NaN,NaN,NaN,NaN,NaN,NaN,NaN,NaN,NaN,NaN,NaN,NaN,NaN,NaN,NaN,NaN,NaN,NaN,NaN,NaN,NaN,NaN,NaN,NaN,NaN,NaN,NaN,NaN,NaN,NaN,NaN,NaN,NaN,NaN,NaN,NaN,NaN,NaN,NaN,NaN,NaN,NaN,NaN,NaN,NaN,NaN,NaN,NaN,NaN,NaN,NaN,NaN,NaN,NaN,NaN,NaN,NaN,NaN,NaN,NaN,NaN,NaN,NaN,NaN,NaN,NaN,NaN,NaN,NaN,NaN,NaN,NaN,NaN,NaN,NaN,NaN,NaN,NaN,NaN,NaN,NaN,NaN,NaN,NaN,NaN,NaN,NaN,NaN,NaN,NaN,NaN,NaN,NaN,NaN,NaN,NaN,NaN,NaN,NaN,NaN,NaN,NaN,NaN,-0.105853673203101,-0.105895737883295,-0.105977080929499,-0.106100651936551,-0.10632628559949,-0.106524283734815,-0.106659251298289,-0.106906732939052,-0.107087256694686,-0.107270832522329,-0.107593688355478,-0.107831722311719,-0.108227698999241,-0.108650482704192,-0.108855972939684,-0.109119997525476,-0.109433858443701,-0.109801948868509,-0.110127571783807,-0.110353700906005,-0.110602102662915,-0.110813199757958,-0.110920453303282,-0.111049414143697,-0.110942750980213,-0.110859328690351,-0.110877378432249,-0.11096571352188,-0.11104081373232,-0.111143943865706,-0.110685276641652,-0.109954845198608,-0.109488113286669,-0.10924435355229,-0.109055094478676,-0.108852973464673,-0.108726136938946,-0.108699086707012,-0.10863327686903,-0.108590712145558,-0.108529147569059,-0.108502762165585,-0.108495681640505,-0.108451666600068,-0.108376953102836,-0.108313079598013,-0.108318684289864,-0.108277483078695,-0.108224262540302,-0.108076988799972,-0.10799599834848,-0.107897803793513,-0.107841982125102,-0.107673173816853,-0.107507769790278,-0.107402687192336,-0.107342196163504,-0.107308887242923,-0.107272912134689,-0.107240178520741,-0.107212655456126,-0.107182607568775,-0.107151590337031,-0.10711809318585,-0.107083094087274,-0.107044992500727,-0.107004911986221,-0.106965144165361,-0.106923472951857,-0.106878750424129,-0.106756394959247,-0.106756337580132
NaN,NaN,NaN,NaN,NaN,NaN,NaN,NaN,NaN,NaN,NaN,NaN,NaN,NaN,NaN,NaN,NaN,NaN,NaN,NaN,NaN,NaN,NaN,NaN,NaN,NaN,NaN,NaN,NaN,NaN,NaN,NaN,NaN,NaN,NaN,NaN,NaN,NaN,NaN,NaN,NaN,NaN,NaN,NaN,NaN,NaN,NaN,NaN,NaN,NaN,NaN,NaN,NaN,NaN,NaN,NaN,NaN,NaN,NaN,NaN,NaN,NaN,NaN,NaN,NaN,NaN,NaN,NaN,NaN,NaN,NaN,NaN,NaN,NaN,NaN,NaN,NaN,NaN,NaN,NaN,NaN,NaN,NaN,NaN,NaN,NaN,NaN,NaN,NaN,NaN,NaN,NaN,NaN,NaN,NaN,NaN,NaN,NaN,NaN,NaN,NaN,NaN,NaN,NaN,NaN,NaN,NaN,NaN,NaN,NaN,NaN,NaN,NaN,NaN,NaN,NaN,NaN,NaN,NaN,NaN,NaN,NaN,NaN,NaN,NaN,NaN,NaN,NaN,NaN,NaN,NaN,NaN,NaN,NaN,NaN,NaN,NaN,NaN,NaN,NaN,NaN,NaN,NaN,NaN,NaN,NaN,NaN,NaN,NaN,NaN,NaN,NaN,NaN,NaN,NaN,NaN,NaN,NaN,NaN,NaN,NaN,NaN,NaN,NaN,NaN,NaN,NaN,NaN,NaN,NaN,NaN,NaN,NaN,-0.105543506655998,-0.105593782080886,-0.105716754730924,-0.105888594939046,-0.106157013214877,-0.106343163151912,-0.106563467128218,-0.10680119799776,-0.107007673013742,-0.107216993328962,-0.107501714479064,-0.10776230217227,-0.108176034367986,-0.108455349021705,-0.108706726959321,-0.109064574498105,-0.109419610303952,-0.109843227240454,-0.110273777855424,-0.11061763290757,-0.110849529919577,-0.111109381535748,-0.111209493340786,-0.11119145439091,-0.111181019239188,-0.111001832502397,-0.110992946073465,-0.111020628485168,-0.111063405031382,-0.111104923430033,-0.110791440210989,-0.110207295249806,-0.109725873565955,-0.10942913525167,-0.109261270075022,-0.109096664748908,-0.108877782006652,-0.108769151963364,-0.108644622443886,-0.108549954252329,-0.108503123441226,-0.108476215256942,-0.108453825491525,-0.108408341154371,-0.108377425763486,-0.108365729939568,-0.108333679465895,-0.108341039621274,-0.108345112099474,-0.108286807476421,-0.108248709451752,-0.108089130775079,-0.107831943274273,-0.107593512361541,-0.107433202760008,-0.10735213629535,-0.10730669526214,-0.107276594068398,-0.107249928762864,-0.107224118751338,-0.107198149998838,-0.107167753587276,-0.107136977848698,-0.107103570763463,-0.107068292167462,-0.107031177405619,-0.106992099038969,-0.10695226484078,-0.106911114077499,-0.10686729782023,-0.106738436304344,-0.106738375897478
NaN,NaN,NaN,NaN,NaN,NaN,NaN,NaN,NaN,NaN,NaN,NaN,NaN,NaN,NaN,NaN,NaN,NaN,NaN,NaN,NaN,NaN,NaN,NaN,NaN,NaN,NaN,NaN,NaN,NaN,NaN,NaN,NaN,NaN,NaN,NaN,NaN,NaN,NaN,NaN,NaN,NaN,NaN,NaN,NaN,NaN,NaN,NaN,NaN,NaN,NaN,NaN,NaN,NaN,NaN,NaN,NaN,NaN,NaN,NaN,NaN,NaN,NaN,NaN,NaN,NaN,NaN,NaN,NaN,NaN,NaN,NaN,NaN,NaN,NaN,NaN,NaN,NaN,NaN,NaN,NaN,NaN,NaN,NaN,NaN,NaN,NaN,NaN,NaN,NaN,NaN,NaN,NaN,NaN,NaN,NaN,NaN,NaN,NaN,NaN,NaN,NaN,NaN,NaN,NaN,NaN,NaN,NaN,NaN,NaN,NaN,NaN,NaN,NaN,NaN,NaN,NaN,NaN,NaN,NaN,NaN,NaN,NaN,NaN,NaN,NaN,NaN,NaN,NaN,NaN,NaN,NaN,NaN,NaN,NaN,NaN,NaN,NaN,NaN,NaN,NaN,NaN,NaN,NaN,NaN,NaN,NaN,NaN,NaN,NaN,NaN,NaN,NaN,NaN,NaN,NaN,NaN,NaN,NaN,NaN,NaN,NaN,NaN,NaN,NaN,NaN,NaN,NaN,NaN,NaN,NaN,NaN,-0.105264280373866,-0.105374684070796,-0.105472611601605,-0.105624686910425,-0.105828821689613,-0.106065035433357,-0.106208909171948,-0.106431761417213,-0.106711542233261,-0.106884313442931,-0.107116814435643,-0.107348161149746,-0.107655568278146,-0.108004166593125,-0.108238000372406,-0.108608662589113,-0.109030294065082,-0.109485475585874,-0.109909705396192,-0.110383399357678,-0.110810953937047,-0.111133000657335,-0.111436087943422,-0.11164179539909,-0.111443317113347,-0.111344821642269,-0.111267299975917,-0.111109350658771,-0.110945025184727,-0.110923824780904,-0.11111783837931,-0.111079627580365,-0.11055592732426,-0.11010021006835,-0.109769872727461,-0.109537734084848,-0.109308935705337,-0.109012374882126,-0.10878632924213,-0.10859558484745,-0.10853317459993,-0.108515741101851,-0.108489049119395,-0.108442676279261,-0.108399406080012,-0.10839918629701,-0.108397818439561,-0.108327472984686,-0.108330831971668,-0.108355428862011,-0.108395157866329,-0.108507455620956,-0.10814158941863,-0.107700203749631,-0.107500109088329,-0.107394251466561,-0.107331552181885,-0.107299239782658,-0.10727611184751,-0.107239363406927,-0.107211620929552,-0.107183381509211,-0.107155058023069,-0.10712508414398,-0.107092892603278,-0.107058240554942,-0.10702141388547,-0.106982696488867,-0.106943511153954,-0.106902615628411,-0.106859665005779,-0.106724562622915,-0.106724498534181
NaN,NaN,NaN,NaN,NaN,NaN,NaN,NaN,NaN,NaN,NaN,NaN,NaN,NaN,NaN,NaN,NaN,NaN,NaN,NaN,NaN,NaN,NaN,NaN,NaN,NaN,NaN,NaN,NaN,NaN,NaN,NaN,NaN,NaN,NaN,NaN,NaN,NaN,NaN,NaN,NaN,NaN,NaN,NaN,NaN,NaN,NaN,NaN,NaN,NaN,NaN,NaN,NaN,NaN,NaN,NaN,NaN,NaN,NaN,NaN,NaN,NaN,NaN,NaN,NaN,NaN,NaN,NaN,NaN,NaN,NaN,NaN,NaN,NaN,NaN,NaN,NaN,NaN,NaN,NaN,NaN,NaN,NaN,NaN,NaN,NaN,NaN,NaN,NaN,NaN,NaN,NaN,NaN,NaN,NaN,NaN,NaN,NaN,NaN,NaN,NaN,NaN,NaN,NaN,NaN,NaN,NaN,NaN,NaN,NaN,NaN,NaN,NaN,NaN,NaN,NaN,NaN,NaN,NaN,NaN,NaN,NaN,NaN,NaN,NaN,NaN,NaN,NaN,NaN,NaN,NaN,NaN,NaN,NaN,NaN,NaN,NaN,NaN,NaN,NaN,NaN,NaN,NaN,NaN,NaN,NaN,NaN,NaN,NaN,NaN,NaN,NaN,NaN,NaN,NaN,NaN,NaN,NaN,NaN,NaN,NaN,NaN,NaN,NaN,NaN,NaN,NaN,NaN,NaN,NaN,NaN,NaN,-0.105337410356997,-0.105419633760763,-0.105506398482863,-0.105643231798868,-0.105814366527273,-0.105928154525468,-0.106074514476314,-0.106247788389982,-0.106433818929519,-0.106634741755927,-0.106877965939725,-0.107124465219122,-0.107467706860478,-0.107785443953293,-0.108057763386621,-0.108456048247107,-0.108976566884831,-0.109519179730061,-0.109951556704726,-0.110374975703591,-0.110917396207138,-0.111399461502188,-0.111769558153214,-0.112110979871795,-0.112192998750742,-0.111830344589965,-0.111465134275099,-0.111192813957605,-0.110939430011114,-0.110887214439457,-0.111056514141097,-0.111137163221918,-0.110815325220874,-0.110430806553285,-0.110164511792658,-0.109936201151152,-0.10956939246952,-0.109005935411015,-0.108712195278385,-0.108588456465662,-0.108524812429823,-0.108508450376223,-0.108495518819036,-0.108440930916633,-0.108422942955987,-0.108480188410636,NaN,NaN,NaN,NaN,NaN,NaN,-0.107746380434133,-0.107548000449433,-0.107446198679517,-0.107367039528383,-0.107306269955802,-0.107292646545431,-0.107266352886465,-0.107228929963468,-0.107200886999541,-0.107174607298269,-0.107146471933245,-0.107114255237483,-0.107084134569716,-0.10705060374089,-0.10701425758311,-0.106976997177378,-0.106939165179126,-0.106898861395679,-0.106855869174485,-0.106714877934397,-0.106714806719641
NaN,NaN,NaN,NaN,NaN,NaN,NaN,NaN,NaN,NaN,NaN,NaN,NaN,NaN,NaN,NaN,NaN,NaN,NaN,NaN,NaN,NaN,NaN,NaN,NaN,NaN,NaN,NaN,NaN,NaN,NaN,NaN,NaN,NaN,NaN,NaN,NaN,NaN,NaN,NaN,NaN,NaN,NaN,NaN,NaN,NaN,NaN,NaN,NaN,NaN,NaN,NaN,NaN,NaN,NaN,NaN,NaN,NaN,NaN,NaN,NaN,NaN,NaN,NaN,NaN,NaN,NaN,NaN,NaN,NaN,NaN,NaN,NaN,NaN,NaN,NaN,NaN,NaN,NaN,NaN,NaN,NaN,NaN,NaN,NaN,NaN,NaN,NaN,NaN,NaN,NaN,NaN,NaN,NaN,NaN,NaN,NaN,NaN,NaN,NaN,NaN,NaN,NaN,NaN,NaN,NaN,NaN,NaN,NaN,NaN,NaN,NaN,NaN,NaN,NaN,NaN,NaN,NaN,NaN,NaN,NaN,NaN,NaN,NaN,NaN,NaN,NaN,NaN,NaN,NaN,NaN,NaN,NaN,NaN,NaN,NaN,NaN,NaN,NaN,NaN,NaN,NaN,NaN,NaN,NaN,NaN,NaN,NaN,NaN,NaN,NaN,NaN,NaN,NaN,NaN,NaN,NaN,NaN,NaN,NaN,NaN,NaN,NaN,NaN,NaN,NaN,NaN,NaN,NaN,NaN,NaN,NaN,-0.105408018606281,-0.105468588562415,-0.105531925813156,-0.105620256030515,-0.1057222550081,-0.105807952473448,-0.1059429371048,-0.106058850016395,-0.106116897440295,-0.106358325762103,-0.106628334348076,-0.106913555308352,-0.107268914859624,-0.107532199507234,-0.107782757454185,-0.108196745211495,-0.108792329319983,-0.109330287403296,-0.109785565500186,-0.11030710617616,-0.110974947635152,-0.111583051113019,-0.112264951217628,-0.112867030055419,-0.113224209028224,-0.112835582223062,-0.111911939396564,-0.111396932943834,-0.111140233990083,-0.111068075577034,-0.111171957795658,-0.111200415909354,-0.111005180955145,-0.110710095749933,-0.110489981676595,-0.110279272406178,-0.109155830856011,-0.109014173783993,-0.108692877833301,-0.108587723651704,-0.108521586288643,-0.10849068237938,-0.108479390726824,-0.108226659705463,-0.108365266924561,NaN,NaN,NaN,NaN,NaN,NaN,NaN,-0.107438126146849,-0.107420294311581,-0.107378479702347,-0.107326242706724,-0.107319682171538,-0.107292531090294,-0.107253408150289,-0.107219407249143,-0.107190300932327,-0.107159451667718,-0.107131188582871,-0.107103911859243,-0.107074395470862,-0.107043670494705,-0.10701037633726,-0.106975238803154,-0.106938578877722,-0.10689926004178,-0.106856856069453,-0.106709755955846,-0.106709685662385
NaN,NaN,NaN,NaN,NaN,NaN,NaN,NaN,NaN,NaN,NaN,NaN,NaN,NaN,NaN,NaN,NaN,NaN,NaN,NaN,NaN,NaN,NaN,NaN,NaN,NaN,NaN,NaN,NaN,NaN,NaN,NaN,NaN,NaN,NaN,NaN,NaN,NaN,NaN,NaN,NaN,NaN,NaN,NaN,NaN,NaN,NaN,NaN,NaN,NaN,NaN,NaN,NaN,NaN,NaN,NaN,NaN,NaN,NaN,NaN,NaN,NaN,NaN,NaN,NaN,NaN,NaN,NaN,NaN,NaN,NaN,NaN,NaN,NaN,NaN,NaN,NaN,NaN,NaN,NaN,NaN,NaN,NaN,NaN,NaN,NaN,NaN,NaN,NaN,NaN,NaN,NaN,NaN,NaN,NaN,NaN,NaN,NaN,NaN,NaN,NaN,NaN,NaN,NaN,NaN,NaN,NaN,NaN,NaN,NaN,NaN,NaN,NaN,NaN,NaN,NaN,NaN,NaN,NaN,NaN,NaN,NaN,NaN,NaN,NaN,NaN,NaN,NaN,NaN,NaN,NaN,NaN,NaN,NaN,NaN,NaN,NaN,NaN,NaN,NaN,NaN,NaN,NaN,NaN,NaN,NaN,NaN,NaN,NaN,NaN,NaN,NaN,NaN,NaN,NaN,NaN,NaN,NaN,NaN,NaN,NaN,NaN,NaN,NaN,NaN,NaN,NaN,NaN,NaN,NaN,NaN,NaN,-0.0940928173687585,-0.105532157412869,-0.105605069232916,-0.105658194666786,-0.105708016099039,-0.105784054366105,-0.105822647252149,-0.105839463441279,-0.105917610261472,-0.106147659844672,-0.106472668470864,-0.106820107107502,-0.107112543735165,-0.107292644741375,-0.107528421092824,-0.108033802288535,-0.108517325082486,-0.108970121874574,-0.109521654800927,-0.110307897354227,-0.111029534367459,-0.111725245061885,-0.11238852288274,-0.112794957080203,-0.113020577608871,-0.113161185492259,-0.11262782999338,-0.111770893130268,-0.11146108539389,-0.111447600002627,-0.111497185323625,-0.111471037452343,-0.111288680295374,-0.111091503423117,-0.111056529726739,-0.1091668554673,-0.0743161261715363,-0.0969816218570516,-0.108664174020719,-0.10857479773594,-0.108508884171159,-0.108471184581269,-0.108452450641114,-0.0993797611626975,-0.0929682517285034,NaN,NaN,NaN,NaN,NaN,NaN,NaN,-0.10727581818825,-0.107309812667886,-0.107297912087931,-0.107293409978751,-0.107278974166649,-0.107247965616841,-0.107216499177689,-0.107189829207713,-0.107163898310673,-0.107139605834833,-0.107113503843482,-0.107089763620051,-0.107065257375285,-0.107038010054312,-0.107007977016714,-0.106975402117019,-0.106940948533439,-0.106903706449416,-0.106863236733056,-0.106710857508165,-0.106710793768131
NaN,NaN,NaN,NaN,NaN,NaN,NaN,NaN,NaN,NaN,NaN,NaN,NaN,NaN,NaN,NaN,NaN,NaN,NaN,NaN,NaN,NaN,NaN,NaN,NaN,NaN,NaN,NaN,NaN,NaN,NaN,NaN,NaN,NaN,NaN,NaN,NaN,NaN,NaN,NaN,NaN,NaN,NaN,NaN,NaN,NaN,NaN,NaN,NaN,NaN,NaN,NaN,NaN,NaN,NaN,NaN,NaN,NaN,NaN,NaN,NaN,NaN,NaN,NaN,NaN,NaN,NaN,NaN,NaN,NaN,NaN,NaN,NaN,NaN,NaN,NaN,NaN,NaN,NaN,NaN,NaN,NaN,NaN,NaN,NaN,NaN,NaN,NaN,NaN,NaN,NaN,NaN,NaN,NaN,NaN,NaN,NaN,NaN,NaN,NaN,NaN,NaN,NaN,NaN,NaN,NaN,NaN,NaN,NaN,NaN,NaN,NaN,NaN,NaN,NaN,NaN,NaN,NaN,NaN,NaN,NaN,NaN,NaN,NaN,NaN,NaN,NaN,NaN,NaN,NaN,NaN,NaN,NaN,NaN,NaN,NaN,NaN,NaN,NaN,NaN,NaN,NaN,NaN,NaN,NaN,NaN,NaN,NaN,NaN,NaN,NaN,NaN,NaN,NaN,NaN,NaN,NaN,NaN,NaN,NaN,NaN,NaN,NaN,NaN,NaN,NaN,NaN,NaN,NaN,NaN,NaN,NaN,NaN,-0.10539773902002,-0.105757696099978,-0.105757974072617,-0.105797443081626,-0.10584367986258,-0.105865054634896,-0.105850620556561,-0.105867783657895,-0.106038630001504,-0.106471770579109,-0.106850226013764,-0.107015813540942,-0.107172849958231,-0.107511138471616,-0.107967700243457,-0.10816166263338,-0.108548444389487,-0.109329427218976,-0.110304508398,-0.111153137317335,-0.111896454376741,-0.112299340288072,-0.112430692993834,-0.11254917584202,-0.112729201929553,-0.112871463993941,-0.112231579014421,-0.111695047609586,-0.111670994396204,-0.111809302202631,-0.111780358912591,-0.111588109715288,-0.111406307045486,-0.111427416877597,NaN,NaN,NaN,NaN,NaN,NaN,NaN,NaN,NaN,NaN,NaN,NaN,NaN,NaN,NaN,NaN,NaN,-0.107159637422861,-0.107199422677726,-0.107209719030948,-0.107213863054914,-0.107205609723478,-0.107191829080032,-0.107174359310705,-0.10715619926889,-0.10713790740558,-0.107118354498625,-0.107098825576275,-0.107076928862499,-0.107056580284962,-0.1070329284891,-0.107006429237787,-0.106976599356559,-0.106945448680508,-0.106911313981649,-0.106874774540591,-0.106726504673966,-0.106726476232999
NaN,NaN,NaN,NaN,NaN,NaN,NaN,NaN,NaN,NaN,NaN,NaN,NaN,NaN,NaN,NaN,NaN,NaN,NaN,NaN,NaN,NaN,NaN,NaN,NaN,NaN,NaN,NaN,NaN,NaN,NaN,NaN,NaN,NaN,NaN,NaN,NaN,NaN,NaN,NaN,NaN,NaN,NaN,NaN,NaN,NaN,NaN,NaN,NaN,NaN,NaN,NaN,NaN,NaN,NaN,NaN,NaN,NaN,NaN,NaN,NaN,NaN,NaN,NaN,NaN,NaN,NaN,NaN,NaN,NaN,NaN,NaN,NaN,NaN,NaN,NaN,NaN,NaN,NaN,NaN,NaN,NaN,NaN,NaN,NaN,NaN,NaN,NaN,NaN,NaN,NaN,NaN,NaN,NaN,NaN,NaN,NaN,NaN,NaN,NaN,NaN,NaN,NaN,NaN,NaN,NaN,NaN,NaN,NaN,NaN,NaN,NaN,NaN,NaN,NaN,NaN,NaN,NaN,NaN,NaN,NaN,NaN,NaN,NaN,NaN,NaN,NaN,NaN,NaN,NaN,NaN,NaN,NaN,NaN,NaN,NaN,NaN,NaN,NaN,NaN,NaN,NaN,NaN,NaN,NaN,NaN,NaN,NaN,NaN,NaN,NaN,NaN,NaN,NaN,NaN,NaN,NaN,NaN,NaN,NaN,NaN,0.379225926668134,0.364103501340002,0.341883280430358,0.364278375583663,0.379475817785908,0.389806846448884,NaN,NaN,NaN,NaN,NaN,NaN,NaN,-0.1057718524114,-0.106031438110368,-0.106030491868124,-0.106008784843922,-0.105955521418555,-0.105910140515496,-0.105900020757388,-0.106076123050199,-0.106531061182963,-0.106804065070781,-0.106967591146018,-0.107166502789144,-0.107480648882238,-0.10762928492224,-0.107811325575122,-0.108250736772473,-0.109109330945729,-0.110078496039758,-0.111040918375909,-0.111807484934241,-0.112205968606656,-0.112436536664588,-0.112730035474833,-0.113216614967498,-0.113860130624338,-0.113286702618816,-0.11223851077182,-0.111877258037823,-0.112047968876952,-0.112050509044271,-0.111878536415067,-0.111637792204486,-0.109586755756266,NaN,NaN,NaN,NaN,NaN,NaN,NaN,NaN,NaN,NaN,NaN,NaN,NaN,NaN,NaN,NaN,NaN,-0.107076170810202,-0.107113079888291,-0.107129132679414,-0.107139739811143,-0.107144476085281,-0.107142286694346,-0.107135440260022,-0.107125183704266,-0.107113264750435,-0.10709909932342,-0.107082637294677,-0.107066144349744,-0.107047420911539,-0.107026986339934,-0.107004139968863,-0.106978292450575,-0.106950971124922,-0.106920628421533,-0.106888360478802,-0.106745875274108,-0.106745860337096
NaN,NaN,NaN,NaN,NaN,NaN,NaN,NaN,NaN,NaN,NaN,NaN,NaN,NaN,NaN,NaN,NaN,NaN,NaN,NaN,NaN,NaN,NaN,NaN,NaN,NaN,NaN,NaN,NaN,NaN,NaN,NaN,NaN,NaN,NaN,NaN,NaN,NaN,NaN,NaN,NaN,NaN,NaN,NaN,NaN,NaN,NaN,NaN,NaN,NaN,NaN,NaN,NaN,NaN,NaN,NaN,NaN,NaN,NaN,NaN,NaN,NaN,NaN,NaN,NaN,NaN,NaN,NaN,NaN,NaN,NaN,NaN,NaN,NaN,NaN,NaN,NaN,NaN,NaN,NaN,NaN,NaN,NaN,NaN,NaN,NaN,NaN,NaN,NaN,NaN,NaN,NaN,NaN,NaN,NaN,NaN,NaN,NaN,NaN,NaN,NaN,NaN,NaN,NaN,NaN,NaN,NaN,NaN,NaN,NaN,NaN,NaN,NaN,NaN,NaN,NaN,NaN,NaN,NaN,NaN,NaN,NaN,NaN,NaN,NaN,NaN,NaN,NaN,NaN,NaN,NaN,NaN,NaN,NaN,NaN,NaN,NaN,NaN,NaN,NaN,NaN,NaN,NaN,NaN,NaN,NaN,NaN,NaN,NaN,NaN,NaN,NaN,NaN,NaN,NaN,NaN,NaN,NaN,NaN,NaN,NaN,0.36392670110133,0.341498182163423,0.308886006812089,0.341740217083529,0.364131769774949,0.379416377926971,NaN,NaN,NaN,NaN,NaN,NaN,NaN,-0.104218722365845,-0.106398380454678,-0.106306171074755,-0.106179395719641,-0.106038608990753,-0.105929794365849,-0.105893829933852,-0.106127256981361,-0.106446185785784,-0.106781105007485,-0.106976382109638,-0.107100405530796,-0.107234393874148,-0.107300320150756,-0.107497848360366,-0.107988224907497,-0.108725275020082,-0.109547100892275,-0.110380988904923,-0.11126717795237,-0.111938899699278,-0.112841321696504,-0.113923219941483,-0.11518664630217,-0.113612601112009,-0.112994692849251,-0.112907786705018,-0.112198108674386,-0.112274555762042,-0.111987276542753,-0.110489532355793,-0.0977253335374407,NaN,NaN,NaN,NaN,NaN,NaN,NaN,NaN,NaN,NaN,NaN,NaN,NaN,NaN,NaN,NaN,NaN,NaN,-0.107015261209791,-0.107049568046035,-0.107066764294384,-0.107082089637009,-0.107093844772042,-0.107099539385114,-0.107099847691224,-0.107096459479754,-0.107089975706875,-0.107080151646649,-0.107067614853459,-0.107054111285604,-0.10703839114216,-0.10702197841763,-0.107002894830742,-0.106980377898453,-0.106957049857501,-0.106930909507405,-0.106903044328816,-0.106766715609745,-0.106766718479885
NaN,NaN,NaN,NaN,NaN,NaN,NaN,NaN,NaN,NaN,NaN,NaN,NaN,NaN,NaN,NaN,NaN,NaN,NaN,NaN,NaN,NaN,NaN,NaN,NaN,NaN,NaN,NaN,NaN,NaN,NaN,NaN,NaN,NaN,NaN,NaN,NaN,NaN,NaN,NaN,NaN,NaN,NaN,NaN,NaN,NaN,NaN,NaN,NaN,NaN,NaN,NaN,NaN,NaN,NaN,NaN,NaN,NaN,NaN,NaN,NaN,NaN,NaN,NaN,NaN,NaN,NaN,NaN,NaN,NaN,NaN,NaN,NaN,NaN,NaN,NaN,NaN,NaN,NaN,NaN,NaN,NaN,NaN,NaN,NaN,NaN,NaN,NaN,NaN,NaN,NaN,NaN,NaN,NaN,NaN,NaN,NaN,NaN,NaN,NaN,NaN,NaN,NaN,NaN,NaN,NaN,NaN,NaN,NaN,NaN,NaN,NaN,NaN,NaN,NaN,NaN,NaN,NaN,NaN,NaN,NaN,NaN,NaN,NaN,NaN,NaN,NaN,NaN,NaN,NaN,NaN,NaN,NaN,NaN,NaN,NaN,NaN,NaN,NaN,NaN,NaN,NaN,NaN,NaN,NaN,NaN,NaN,NaN,NaN,NaN,NaN,NaN,NaN,NaN,NaN,NaN,NaN,NaN,NaN,NaN,NaN,NaN,NaN,0.261285922065107,0.308610877975426,0.341449120276295,0.364099574941426,NaN,NaN,NaN,NaN,NaN,NaN,NaN,-0.105655893153554,-0.106605088531615,-0.106446376422163,-0.106246066029382,-0.106093042823065,-0.105944314230993,-0.105936499789046,-0.106088107914156,-0.106419176564701,-0.106829283472082,-0.106937931373064,-0.106991955079632,-0.107029108768106,-0.107104128598135,-0.107352061360347,-0.107860004417789,-0.108435662237592,-0.108976361266488,-0.109509687453883,-0.110327453918607,-0.111390838536294,-0.113037407088926,-0.114750218237211,-0.113372049974403,-0.109708190910559,-0.109197086813593,-0.110556621697017,-0.11070592773076,-0.110484898721069,-0.10721411301584,-0.106287507614429,-0.0438060007605472,NaN,NaN,NaN,NaN,NaN,NaN,NaN,NaN,NaN,NaN,NaN,NaN,NaN,NaN,NaN,NaN,NaN,NaN,-0.106969200532156,-0.107001736764524,-0.107018855320875,-0.107037003605626,-0.107052255489028,-0.107062845011809,-0.107068041757373,-0.107069473601764,-0.107067666432647,-0.107061754943908,-0.107052818375508,-0.1070423405271,-0.107031447036215,-0.107017673847109,-0.107002205356413,-0.106983101410675,-0.106963317694788,-0.106941415442545,-0.106918345941804,-0.106787848913627,-0.106787872983981
NaN,NaN,NaN,NaN,NaN,NaN,NaN,NaN,NaN,NaN,NaN,NaN,NaN,NaN,NaN,NaN,NaN,NaN,NaN,NaN,NaN,NaN,NaN,NaN,NaN,NaN,NaN,NaN,NaN,NaN,NaN,NaN,NaN,NaN,NaN,NaN,NaN,NaN,NaN,NaN,NaN,NaN,NaN,NaN,NaN,NaN,NaN,NaN,NaN,NaN,NaN,NaN,NaN,NaN,NaN,NaN,NaN,NaN,NaN,NaN,NaN,NaN,NaN,NaN,NaN,NaN,NaN,NaN,NaN,NaN,NaN,NaN,NaN,NaN,NaN,NaN,NaN,NaN,NaN,NaN,NaN,NaN,NaN,NaN,NaN,NaN,NaN,NaN,NaN,NaN,NaN,NaN,NaN,NaN,NaN,NaN,NaN,NaN,NaN,NaN,NaN,NaN,NaN,NaN,NaN,NaN,NaN,NaN,NaN,NaN,NaN,NaN,NaN,NaN,NaN,NaN,NaN,NaN,NaN,NaN,NaN,NaN,NaN,NaN,NaN,NaN,NaN,NaN,NaN,NaN,NaN,NaN,NaN,NaN,NaN,NaN,NaN,NaN,NaN,NaN,NaN,NaN,NaN,NaN,NaN,NaN,NaN,NaN,NaN,NaN,NaN,NaN,NaN,NaN,NaN,NaN,NaN,NaN,NaN,NaN,NaN,NaN,NaN,0.19488502907041,0.261062057205322,NaN,NaN,NaN,NaN,NaN,NaN,NaN,NaN,NaN,-0.104316506570842,-0.106965494108634,-0.106669458319283,-0.106340317690589,-0.106164619350771,-0.105985986791235,-0.105930785138733,-0.105992799385695,-0.106354502549358,-0.107031736079171,-0.107229976903495,-0.107058720843733,-0.107094856911938,-0.107264176525367,-0.107542108003716,-0.107989999299409,-0.108474478418365,-0.108743315641624,-0.108976500701422,-0.109403843182375,-0.110482468932054,-0.111904145652215,-0.113403848388701,-0.110505676495497,-0.107151718089243,-0.106598444104595,-0.107294758090877,-0.108082868012471,-0.107981150328671,-0.108240757038213,-0.0965289543390725,NaN,NaN,NaN,NaN,NaN,NaN,NaN,NaN,NaN,NaN,NaN,NaN,NaN,NaN,NaN,NaN,NaN,NaN,NaN,-0.106933147293529,-0.106964505400525,-0.106981692673351,-0.107001115215528,-0.107018679478999,-0.107032359982801,-0.107040748323089,-0.107045221028368,-0.107046849809507,-0.107044240871556,-0.107038455970418,-0.107031474991523,-0.107023575012967,-0.10701362625417,-0.107001389691397,-0.106985960034441,-0.106969434583211,-0.106951199041885,-0.106933115785867,-0.106808632406622,-0.106808686875648
NaN,NaN,NaN,NaN,NaN,NaN,NaN,NaN,NaN,NaN,NaN,NaN,NaN,NaN,NaN,NaN,NaN,NaN,NaN,NaN,NaN,NaN,NaN,NaN,NaN,NaN,NaN,NaN,NaN,NaN,NaN,NaN,NaN,NaN,NaN,NaN,NaN,NaN,NaN,NaN,NaN,NaN,NaN,NaN,NaN,NaN,NaN,NaN,NaN,NaN,NaN,NaN,NaN,NaN,NaN,NaN,NaN,NaN,NaN,NaN,NaN,NaN,NaN,NaN,NaN,NaN,NaN,NaN,NaN,NaN,NaN,NaN,NaN,NaN,NaN,NaN,NaN,NaN,NaN,NaN,NaN,NaN,NaN,NaN,NaN,NaN,NaN,NaN,NaN,NaN,NaN,NaN,NaN,NaN,NaN,NaN,NaN,NaN,NaN,NaN,NaN,NaN,NaN,NaN,NaN,NaN,NaN,NaN,NaN,NaN,NaN,NaN,NaN,NaN,NaN,NaN,NaN,NaN,NaN,NaN,NaN,NaN,NaN,NaN,NaN,NaN,NaN,NaN,NaN,NaN,NaN,NaN,NaN,NaN,NaN,NaN,NaN,NaN,NaN,NaN,NaN,NaN,NaN,NaN,NaN,NaN,NaN,NaN,NaN,NaN,NaN,NaN,NaN,NaN,NaN,NaN,NaN,NaN,NaN,NaN,NaN,NaN,NaN,0.106049091739612,0.194834112831265,NaN,NaN,NaN,NaN,NaN,NaN,NaN,NaN,NaN,NaN,-0.108340062710672,-0.107439357291923,-0.106682094459853,-0.106272303633963,-0.105932046726939,-0.105730413572666,-0.105580995736085,NaN,NaN,-0.108086380038847,-0.107576950589954,-0.107603889979884,-0.107786793304368,-0.108086142189266,-0.108550185918407,-0.108707221138402,-0.108634584587586,-0.108646811677324,-0.108873522369626,-0.10966379299403,-0.111329482874175,-0.112058162822863,-0.108464297040254,-0.105668620085745,-0.105194535095746,-0.10545395090373,-0.10614561066696,-0.106497156967904,-0.10663345769968,-0.0905387178004291,NaN,NaN,NaN,NaN,NaN,NaN,NaN,NaN,NaN,NaN,NaN,NaN,NaN,NaN,NaN,NaN,NaN,NaN,NaN,-0.106904586282893,-0.106935201152278,-0.106952287634063,-0.106972235267274,-0.106990883365074,-0.107006716118162,-0.10701730573839,-0.107024080582759,-0.107027816351623,-0.107027819713408,-0.107025063145606,-0.107020876401405,-0.10701600605069,-0.107009057927765,-0.107000359807889,-0.106988122356211,-0.106974968649474,-0.106959696339948,-0.106945819988448,-0.106828043120176,-0.106828149352415
NaN,NaN,NaN,NaN,NaN,NaN,NaN,NaN,NaN,NaN,NaN,NaN,NaN,NaN,NaN,NaN,NaN,NaN,NaN,NaN,NaN,NaN,NaN,NaN,NaN,NaN,NaN,NaN,NaN,NaN,NaN,NaN,NaN,NaN,NaN,NaN,NaN,NaN,NaN,NaN,NaN,NaN,NaN,NaN,NaN,NaN,NaN,NaN,NaN,NaN,NaN,NaN,NaN,NaN,NaN,NaN,NaN,NaN,NaN,NaN,NaN,NaN,NaN,NaN,NaN,NaN,NaN,NaN,NaN,NaN,NaN,NaN,NaN,NaN,NaN,NaN,NaN,NaN,NaN,NaN,NaN,NaN,NaN,NaN,NaN,NaN,NaN,NaN,NaN,NaN,NaN,NaN,NaN,NaN,NaN,NaN,NaN,NaN,NaN,NaN,NaN,NaN,NaN,NaN,NaN,NaN,NaN,NaN,NaN,NaN,NaN,NaN,NaN,NaN,NaN,NaN,NaN,NaN,NaN,NaN,NaN,NaN,NaN,NaN,NaN,NaN,NaN,NaN,NaN,NaN,NaN,NaN,NaN,NaN,NaN,NaN,NaN,NaN,NaN,NaN,NaN,NaN,NaN,NaN,NaN,NaN,NaN,NaN,NaN,NaN,NaN,NaN,NaN,NaN,NaN,NaN,NaN,NaN,NaN,NaN,NaN,NaN,NaN,5.96112379245249e-05,0.106001777533856,NaN,NaN,NaN,NaN,NaN,-0.0022151264149591,-0.0112955507147839,-0.0914379317227396,-0.0959654010333528,-0.103592572860009,-0.108464007608222,-0.10773652148895,-0.107055678639177,-0.106144980202284,-0.105730513332417,-0.10548069678445,-0.105335366112422,NaN,NaN,-0.107972946489489,-0.10800928898998,-0.108150325377309,-0.108343476671347,-0.108604415792257,-0.108790867276722,-0.108751276379905,-0.108643332679414,-0.108592255255252,-0.108827471905763,-0.109609776651331,-0.110883637275894,-0.110445698207632,-0.107129417385057,-0.105021858788347,-0.104608870384221,-0.104654646451053,-0.10490938352526,-0.105136222873005,-0.105017720737036,-0.101490682006298,-0.0447483920363384,NaN,NaN,NaN,NaN,NaN,NaN,NaN,NaN,NaN,NaN,NaN,NaN,NaN,NaN,NaN,NaN,NaN,NaN,-0.106881436825586,-0.106911730741903,-0.106928858449325,-0.106948937677384,-0.106967981830581,-0.106984821061604,-0.106997272454785,-0.107005716157261,-0.107011211578248,-0.107013153030323,-0.107012831656579,-0.107011016175583,-0.10700883205452,-0.107004526220137,-0.106998895657389,-0.106989843442123,-0.106979601645114,-0.10696690142898,-0.106956010211796,-0.106843155982875,-0.106843337302916
NaN,NaN,NaN,NaN,NaN,NaN,NaN,NaN,NaN,NaN,NaN,NaN,NaN,NaN,NaN,NaN,NaN,NaN,NaN,NaN,NaN,NaN,NaN,NaN,NaN,NaN,NaN,NaN,NaN,NaN,NaN,NaN,NaN,NaN,NaN,NaN,NaN,NaN,NaN,NaN,NaN,NaN,NaN,NaN,NaN,NaN,NaN,NaN,NaN,NaN,NaN,NaN,NaN,NaN,NaN,NaN,NaN,NaN,NaN,NaN,NaN,NaN,NaN,NaN,NaN,NaN,NaN,NaN,NaN,NaN,NaN,NaN,NaN,NaN,NaN,NaN,NaN,NaN,NaN,NaN,NaN,NaN,NaN,NaN,NaN,NaN,NaN,NaN,NaN,NaN,NaN,NaN,NaN,NaN,NaN,NaN,NaN,NaN,NaN,NaN,NaN,NaN,NaN,NaN,NaN,NaN,NaN,NaN,NaN,NaN,NaN,NaN,NaN,NaN,NaN,NaN,NaN,NaN,NaN,NaN,NaN,NaN,NaN,NaN,NaN,NaN,NaN,NaN,NaN,NaN,NaN,NaN,NaN,NaN,NaN,NaN,NaN,NaN,NaN,NaN,NaN,NaN,NaN,NaN,NaN,NaN,NaN,NaN,NaN,NaN,NaN,NaN,NaN,NaN,NaN,NaN,NaN,NaN,NaN,NaN,0.00308121890155626,-0.00116850780689458,0.000244412667575058,-0.0828330330620464,-0.000242297367835384,NaN,0.00309133716946603,-0.00148003182299583,-0.000427427139289283,-0.0858286014522573,-0.0867727864522244,-0.0912441492808142,-0.0989451532532788,-0.105177508777437,-0.107194652763098,-0.107367369414101,-0.106969098684723,-0.106669132644579,-0.105879682762595,-0.105479685254016,-0.105320726096908,-0.102543537917594,NaN,NaN,-0.107905641607218,-0.107992256864584,-0.108046972898345,-0.108216347359882,-0.108531372956891,-0.108890702845224,-0.10893661741265,-0.108750456507098,-0.108652969147421,-0.108933025210976,-0.10955974505033,-0.109980362283295,-0.108473571425497,-0.106114478699572,-0.105051640344177,-0.104762157684664,-0.104878832357863,-0.104624432392449,-0.104355885280187,-0.104128466989056,-0.103849254590874,-0.100342319556856,NaN,NaN,NaN,NaN,NaN,NaN,NaN,NaN,NaN,NaN,NaN,NaN,NaN,NaN,NaN,NaN,NaN,NaN,-0.106861580622514,-0.106892494602975,-0.106909998335334,-0.106930448176614,-0.106949632497577,-0.106966377321697,-0.106979988058545,-0.1069893933438,-0.106996470619948,-0.107000375565852,-0.10700160959965,-0.107001554209115,-0.107001507710097,-0.106999828311272,-0.106996400548683,-0.106989987882929,-0.106982399799766,-0.106972566754128,-0.106963709341713,-0.106848796983051,-0.106848917319281
NaN,NaN,NaN,NaN,NaN,NaN,NaN,NaN,NaN,NaN,NaN,NaN,NaN,NaN,NaN,NaN,NaN,NaN,NaN,NaN,NaN,NaN,NaN,NaN,NaN,NaN,NaN,NaN,NaN,NaN,NaN,NaN,NaN,NaN,NaN,NaN,NaN,NaN,NaN,NaN,NaN,NaN,NaN,NaN,NaN,NaN,NaN,NaN,NaN,NaN,NaN,NaN,NaN,NaN,NaN,NaN,NaN,NaN,NaN,NaN,NaN,NaN,NaN,NaN,NaN,NaN,NaN,NaN,NaN,NaN,NaN,NaN,NaN,NaN,NaN,NaN,NaN,NaN,NaN,NaN,NaN,NaN,NaN,NaN,NaN,NaN,NaN,NaN,NaN,NaN,NaN,NaN,NaN,NaN,NaN,NaN,NaN,NaN,NaN,NaN,NaN,NaN,NaN,NaN,NaN,NaN,NaN,NaN,NaN,NaN,NaN,NaN,NaN,NaN,NaN,NaN,NaN,NaN,NaN,NaN,NaN,NaN,NaN,NaN,NaN,NaN,NaN,NaN,NaN,NaN,NaN,NaN,NaN,NaN,NaN,NaN,NaN,NaN,NaN,NaN,NaN,NaN,NaN,NaN,NaN,NaN,NaN,NaN,NaN,NaN,NaN,NaN,NaN,NaN,NaN,NaN,NaN,NaN,NaN,NaN,-0.000821215626655752,0.00293206202474272,0.000138302055944241,-0.0829731178373318,-0.083302775545299,-0.000846510958948125,-0.083851270058431,-0.0858469964361032,-0.0853916164682795,-0.0859169102075284,-0.0896102124458914,-0.0979835168731937,-0.104360697730038,-0.105664401856544,-0.106447523276029,-0.106680508149453,-0.10649214526922,-0.106042610563052,-0.105631076509531,-0.10530759975682,-0.102550738538894,-0.0493267748484814,NaN,NaN,-0.107759774130163,-0.10781519239035,-0.107959411924084,-0.108288930300805,-0.108721387458309,-0.109023819100702,-0.10880865489745,-0.108555598822068,-0.1085594543109,-0.108761240254263,-0.108827891941977,-0.10839481380145,-0.107451634074165,-0.106570992748938,-0.105929841969944,-0.10593102707063,-0.105712633193404,-0.104683007212637,-0.104051111994332,-0.10378593572684,-0.103584145475338,-0.103419909201733,NaN,NaN,NaN,NaN,NaN,NaN,NaN,NaN,NaN,NaN,NaN,NaN,NaN,NaN,NaN,NaN,NaN,NaN,-0.10684441892755,-0.106875780213674,-0.106894039539454,-0.106914902838475,-0.10693443292499,-0.106950974406599,-0.106964992107547,-0.106975661999266,-0.106983787075064,-0.106988982727419,-0.106991416520953,-0.106992468374054,-0.106993617000929,-0.106994251574529,-0.106992941284508,-0.106988679173614,-0.106982871004637,-0.106975046606058,-0.106967635548944,-0.10685049777385,-0.106850592361626
NaN,NaN,NaN,NaN,NaN,NaN,NaN,NaN,NaN,NaN,NaN,NaN,NaN,NaN,NaN,NaN,NaN,NaN,NaN,NaN,NaN,NaN,NaN,NaN,NaN,NaN,NaN,NaN,NaN,NaN,NaN,NaN,NaN,NaN,NaN,NaN,NaN,NaN,NaN,NaN,NaN,NaN,NaN,NaN,NaN,NaN,NaN,NaN,NaN,NaN,NaN,NaN,NaN,NaN,NaN,NaN,NaN,NaN,NaN,NaN,NaN,NaN,NaN,NaN,NaN,NaN,NaN,NaN,NaN,NaN,NaN,NaN,NaN,NaN,NaN,NaN,NaN,NaN,NaN,NaN,NaN,NaN,NaN,NaN,NaN,NaN,NaN,NaN,NaN,NaN,NaN,NaN,NaN,NaN,NaN,NaN,NaN,NaN,NaN,NaN,NaN,NaN,NaN,NaN,NaN,NaN,NaN,NaN,NaN,NaN,NaN,NaN,NaN,NaN,NaN,NaN,NaN,NaN,NaN,NaN,NaN,NaN,NaN,NaN,NaN,NaN,NaN,NaN,NaN,NaN,NaN,NaN,NaN,NaN,NaN,NaN,NaN,NaN,NaN,NaN,NaN,NaN,NaN,NaN,NaN,NaN,NaN,NaN,NaN,NaN,NaN,NaN,NaN,NaN,NaN,NaN,NaN,NaN,NaN,NaN,-0.00102567197160159,3.40719721161897e-05,-0.0832618659357644,-0.0831832775419138,-0.083387090845803,-0.0838881640036091,-0.0858821500930612,-0.091573271645378,-0.0893944545772018,-0.0857373015688432,-0.0939708063452339,-0.10330715161389,-0.104341330180539,-0.105328106740126,-0.106362477849751,-0.106274290809996,-0.105885848032595,-0.105720081850336,-0.105374761525931,-0.102521038113288,-0.0876174224461674,NaN,NaN,NaN,-0.103650395719352,-0.107873620191592,-0.108176208575119,-0.108504467384697,-0.108819431228446,-0.108784332159943,-0.108667854792244,-0.108481385196017,-0.108558849581138,-0.108718004195595,-0.108710417276013,-0.108603294133512,-0.108306154232887,-0.107983734278921,-0.107028234896034,-0.106838866778706,-0.105579438326874,-0.104079708908238,-0.103534761616302,-0.103395130361717,-0.103301874283441,-0.103294770612892,NaN,NaN,NaN,NaN,NaN,NaN,NaN,NaN,NaN,NaN,NaN,NaN,NaN,NaN,NaN,NaN,NaN,NaN,-0.106828495222469,-0.106860901502449,-0.106879946976965,-0.106901298720672,-0.106920976378194,-0.106938221104782,-0.106952608860511,-0.106963761933771,-0.106972842413032,-0.106978437206546,-0.106981667451837,-0.106983409842626,-0.106985576484203,-0.106987793339747,-0.106988069615211,-0.106985501882638,-0.106981435475481,-0.106975396019973,-0.10696942829921,-0.10685022598595,-0.106850316103562
NaN,NaN,NaN,NaN,NaN,NaN,NaN,NaN,NaN,NaN,NaN,NaN,NaN,NaN,NaN,NaN,NaN,NaN,NaN,NaN,NaN,NaN,NaN,NaN,NaN,NaN,NaN,NaN,NaN,NaN,NaN,NaN,NaN,NaN,NaN,NaN,NaN,NaN,NaN,NaN,NaN,NaN,NaN,NaN,NaN,NaN,NaN,NaN,NaN,NaN,NaN,NaN,NaN,NaN,NaN,NaN,NaN,NaN,NaN,NaN,NaN,NaN,NaN,NaN,NaN,NaN,NaN,NaN,NaN,NaN,NaN,NaN,NaN,NaN,NaN,NaN,NaN,NaN,NaN,NaN,NaN,NaN,NaN,NaN,NaN,NaN,NaN,NaN,NaN,NaN,NaN,NaN,NaN,NaN,NaN,NaN,NaN,NaN,NaN,NaN,NaN,NaN,NaN,NaN,NaN,NaN,NaN,NaN,NaN,NaN,NaN,NaN,NaN,NaN,NaN,NaN,NaN,NaN,NaN,NaN,NaN,NaN,NaN,NaN,NaN,NaN,NaN,NaN,NaN,NaN,NaN,NaN,NaN,NaN,NaN,NaN,NaN,NaN,NaN,NaN,NaN,NaN,NaN,NaN,NaN,NaN,NaN,NaN,NaN,NaN,NaN,NaN,NaN,NaN,NaN,NaN,NaN,NaN,NaN,0.106050665875743,-4.23776816125265e-05,0.0293378826479065,-0.0683363882157755,-6.89470797564928e-05,-0.0199503450454249,0.00316647530249026,-0.0176029770152056,-0.0925158862042385,-0.100966221141036,-0.0944250683271545,-0.101371560393773,-0.103351090143126,-0.104270274141254,-0.105293266340831,-0.106020760684936,-0.106356594356133,-0.105787010151356,-0.105404536962002,-0.102539537116884,-0.0493213143724491,-0.00116461206767236,NaN,NaN,NaN,NaN,-0.103920762935145,-0.107874639567128,-0.108485378935262,-0.108732514518121,-0.108821544315817,-0.108789985293012,-0.108753557438863,-0.108997287587405,-0.109143039732972,-0.109278575592059,-0.109397582555118,-0.109200908252406,-0.10806192780122,-0.107243830492341,-0.106220840875139,-0.104803241724441,-0.103637957835123,-0.10329243138606,-0.103244915580814,-0.103061043000469,-0.102841625403129,-0.102456786059255,NaN,NaN,NaN,NaN,NaN,NaN,NaN,NaN,NaN,NaN,NaN,NaN,NaN,NaN,NaN,NaN,NaN,-0.106813441961674,-0.10684714574934,-0.106866937214641,-0.106889108876255,-0.106909136375547,-0.106926797615,-0.106941450809146,-0.106952850130373,-0.106962443095885,-0.106968242156068,-0.106971900935872,-0.106974402596846,-0.106977059017958,-0.106980208439295,-0.106981517617198,-0.106980398600103,-0.106978026205264,-0.106973715318203,-0.106969248771057,-0.106847955658765,-0.106848047047856
NaN,NaN,NaN,NaN,NaN,NaN,NaN,NaN,NaN,NaN,NaN,NaN,NaN,NaN,NaN,NaN,NaN,NaN,NaN,NaN,NaN,NaN,NaN,NaN,NaN,NaN,NaN,NaN,NaN,NaN,NaN,NaN,NaN,NaN,NaN,NaN,NaN,NaN,NaN,NaN,NaN,NaN,NaN,NaN,NaN,NaN,NaN,NaN,NaN,NaN,NaN,NaN,NaN,NaN,NaN,NaN,NaN,NaN,NaN,NaN,NaN,NaN,NaN,NaN,NaN,NaN,NaN,NaN,NaN,NaN,NaN,NaN,NaN,NaN,NaN,NaN,NaN,NaN,NaN,NaN,NaN,NaN,NaN,NaN,NaN,NaN,NaN,NaN,NaN,NaN,NaN,NaN,NaN,NaN,NaN,NaN,NaN,NaN,NaN,NaN,NaN,NaN,NaN,NaN,NaN,NaN,NaN,NaN,NaN,NaN,NaN,NaN,NaN,NaN,NaN,NaN,NaN,NaN,NaN,NaN,NaN,NaN,NaN,NaN,NaN,NaN,NaN,NaN,NaN,NaN,NaN,NaN,NaN,NaN,NaN,NaN,NaN,NaN,NaN,NaN,NaN,NaN,NaN,NaN,NaN,NaN,NaN,NaN,NaN,NaN,NaN,NaN,NaN,NaN,NaN,NaN,NaN,NaN,0.26112934213944,0.19484407321284,0.106008725385382,0.132538195216672,0.0292840071821729,0.106035695336558,NaN,NaN,NaN,-0.0557236779803805,-0.100862279485426,-0.101755460609282,-0.102651725933072,-0.10312492643946,-0.103962815960744,-0.105160288915138,-0.106155961094624,-0.105224195399139,-0.105095423654538,-0.0885792974505975,-0.0493672781694161,0.0561202338300482,NaN,NaN,NaN,NaN,NaN,NaN,-0.101766336965975,-0.108528663769028,-0.108902908183191,-0.109001985588589,-0.108947640158901,-0.109148443596487,-0.109379682818391,-0.109550088081189,-0.109880664851524,-0.109971135106511,-0.10942110270509,-0.108321901771445,-0.107362302445202,-0.106178884358522,-0.1049273158189,-0.104196980473709,-0.104099322044939,-0.10363387746059,-0.10300657983767,-0.102634395228268,-0.102441553172765,NaN,NaN,NaN,NaN,NaN,NaN,NaN,NaN,NaN,NaN,NaN,NaN,NaN,NaN,NaN,NaN,NaN,-0.106799244449315,-0.106834089493043,-0.10685453964709,-0.10687764820902,-0.106897993385815,-0.10691594869733,-0.106930778574902,-0.106942365444189,-0.10695192823,-0.106957942427771,-0.106962073903646,-0.106964911352165,-0.106967846661689,-0.106971696314449,-0.106974080331965,-0.106973944860047,-0.106973075139147,-0.106970547243191,-0.106966962935376,-0.106843617833716,-0.106843705095569
NaN,NaN,NaN,NaN,NaN,NaN,NaN,NaN,NaN,NaN,NaN,NaN,NaN,NaN,NaN,NaN,NaN,NaN,NaN,NaN,NaN,NaN,NaN,NaN,NaN,NaN,NaN,NaN,NaN,NaN,NaN,NaN,NaN,NaN,NaN,NaN,NaN,NaN,NaN,NaN,NaN,NaN,NaN,NaN,NaN,NaN,NaN,NaN,NaN,NaN,NaN,NaN,NaN,NaN,NaN,NaN,NaN,NaN,NaN,NaN,NaN,NaN,NaN,NaN,NaN,NaN,NaN,NaN,NaN,NaN,NaN,NaN,NaN,NaN,NaN,NaN,NaN,NaN,NaN,NaN,NaN,NaN,NaN,NaN,NaN,NaN,NaN,NaN,NaN,NaN,NaN,NaN,NaN,NaN,NaN,NaN,NaN,NaN,NaN,NaN,NaN,NaN,NaN,NaN,NaN,NaN,NaN,NaN,NaN,NaN,NaN,NaN,NaN,NaN,NaN,NaN,NaN,NaN,NaN,NaN,NaN,NaN,NaN,NaN,NaN,NaN,NaN,NaN,NaN,NaN,NaN,NaN,NaN,NaN,NaN,NaN,NaN,NaN,NaN,NaN,NaN,NaN,NaN,NaN,NaN,NaN,NaN,NaN,NaN,NaN,NaN,NaN,NaN,NaN,NaN,NaN,NaN,NaN,0.308260278702758,0.26109139921287,NaN,NaN,NaN,NaN,NaN,NaN,-0.00139099610121172,-0.0857625256409617,-0.0904693067933489,-0.102495167712789,-0.102582177861414,-0.102879854408076,-0.10351771239068,-0.104362118700557,-0.105033960372245,-0.0764359626423127,-0.0686097912930373,NaN,NaN,NaN,NaN,NaN,NaN,NaN,NaN,NaN,NaN,NaN,-0.109275928457878,-0.109289750702671,-0.109273341507486,-0.10958244697868,-0.109883149556571,-0.110302022159078,-0.110853093140977,-0.110648080675574,-0.109743998715632,-0.108700590301603,-0.10760484986008,-0.106498667353724,-0.10563273761562,-0.105078249262586,-0.104210979785376,-0.103056683064312,-0.102371535446769,-0.101927618533081,-0.101555195324352,-0.100998329430193,NaN,NaN,NaN,NaN,NaN,NaN,NaN,NaN,NaN,NaN,NaN,NaN,NaN,NaN,NaN,NaN,-0.106785369087121,-0.106821782514446,-0.106843016655201,-0.106866583627324,-0.106887033507336,-0.10690533260068,-0.106920169652009,-0.106932106970195,-0.106941627718071,-0.106947692128765,-0.106951923181927,-0.106954941799209,-0.106958004741308,-0.106962582257491,-0.106966056777992,-0.106966753020329,-0.106967184580459,-0.106965989807532,-0.106963686041232,-0.106837794557818,-0.106837873788258
NaN,NaN,NaN,NaN,NaN,NaN,NaN,NaN,NaN,NaN,NaN,NaN,NaN,NaN,NaN,NaN,NaN,NaN,NaN,NaN,NaN,NaN,NaN,NaN,NaN,NaN,NaN,NaN,NaN,NaN,NaN,NaN,NaN,NaN,NaN,NaN,NaN,NaN,NaN,NaN,NaN,NaN,NaN,NaN,NaN,NaN,NaN,NaN,NaN,NaN,NaN,NaN,NaN,NaN,NaN,NaN,NaN,NaN,NaN,NaN,NaN,NaN,NaN,NaN,NaN,NaN,NaN,NaN,NaN,NaN,NaN,NaN,NaN,NaN,NaN,NaN,NaN,NaN,NaN,NaN,NaN,NaN,NaN,NaN,NaN,NaN,NaN,NaN,NaN,NaN,NaN,NaN,NaN,NaN,NaN,NaN,NaN,NaN,NaN,NaN,NaN,NaN,NaN,NaN,NaN,NaN,NaN,NaN,NaN,NaN,NaN,NaN,NaN,NaN,NaN,NaN,NaN,NaN,NaN,NaN,NaN,NaN,NaN,NaN,NaN,NaN,NaN,NaN,NaN,NaN,NaN,NaN,NaN,NaN,NaN,NaN,NaN,NaN,NaN,NaN,NaN,NaN,NaN,NaN,NaN,NaN,NaN,NaN,NaN,NaN,NaN,NaN,NaN,NaN,NaN,NaN,NaN,NaN,NaN,NaN,NaN,NaN,NaN,NaN,NaN,NaN,0.000407583946492429,-0.0848695938243647,-0.102502675870635,-0.102538715895908,-0.102528400183059,-0.102622594539237,-0.103199367002537,-0.103828376084915,-0.104425193666429,NaN,NaN,NaN,NaN,NaN,NaN,NaN,NaN,NaN,NaN,NaN,NaN,NaN,NaN,-0.109841856287829,-0.109849126678433,-0.110251902664574,-0.110840756798076,-0.111476099435983,-0.11143835764034,-0.110708212544827,-0.109642509587407,-0.108689871137217,-0.107705239825045,-0.106695995098641,-0.105951525472115,-0.104812437949553,-0.103484045554758,-0.10267399357197,-0.101808262586366,-0.101246912706195,-0.100851000365223,-0.100445756871932,-0.09870516063793,-0.0571002474403124,-0.0108435908393801,NaN,NaN,NaN,NaN,NaN,NaN,NaN,NaN,NaN,NaN,NaN,NaN,NaN,-0.106771288387493,-0.106809716313257,-0.106831593735039,-0.106855139519789,-0.106875850821086,-0.106894293179489,-0.106909410270453,-0.106921382324303,-0.106931225368911,-0.10693736986368,-0.106940968191895,-0.106944032577523,-0.106947751040637,-0.10695304597696,-0.106957414728599,-0.106958903139122,-0.10696069697501,-0.106961295928699,-0.10696037829176,-0.106831756757161,-0.106831829738194
NaN,NaN,NaN,NaN,NaN,NaN,NaN,NaN,NaN,NaN,NaN,NaN,NaN,NaN,NaN,NaN,NaN,NaN,NaN,NaN,NaN,NaN,NaN,NaN,NaN,NaN,NaN,NaN,NaN,NaN,NaN,NaN,NaN,NaN,NaN,NaN,NaN,NaN,NaN,NaN,NaN,NaN,NaN,NaN,NaN,NaN,NaN,NaN,NaN,NaN,NaN,NaN,NaN,NaN,NaN,NaN,NaN,NaN,NaN,NaN,NaN,NaN,NaN,NaN,NaN,NaN,NaN,NaN,NaN,NaN,NaN,NaN,NaN,NaN,NaN,NaN,NaN,NaN,NaN,NaN,NaN,NaN,NaN,NaN,NaN,NaN,NaN,NaN,NaN,NaN,NaN,NaN,NaN,NaN,NaN,NaN,NaN,NaN,NaN,NaN,NaN,NaN,NaN,NaN,NaN,NaN,NaN,NaN,NaN,NaN,NaN,NaN,NaN,NaN,NaN,NaN,NaN,NaN,NaN,NaN,NaN,NaN,NaN,NaN,NaN,NaN,NaN,NaN,NaN,NaN,NaN,NaN,NaN,NaN,NaN,NaN,NaN,NaN,NaN,NaN,NaN,NaN,NaN,NaN,NaN,NaN,NaN,NaN,NaN,NaN,NaN,NaN,NaN,NaN,NaN,NaN,NaN,NaN,NaN,NaN,NaN,NaN,NaN,NaN,NaN,NaN,NaN,-0.00614476978085627,-0.0882571991088341,-0.102654333302427,-0.102748503255127,-0.102895705177868,-0.103396483045466,-0.10374168947152,NaN,NaN,NaN,NaN,NaN,NaN,NaN,NaN,NaN,NaN,NaN,NaN,NaN,NaN,NaN,-0.109757697109804,-0.110337134221638,-0.110847466953868,-0.111284684275093,-0.111257747494445,-0.110873787075642,-0.110381312314709,-0.109685817102007,-0.108825060023265,-0.107895133760716,-0.106845162283287,-0.105989851572358,-0.104812906555203,-0.104449189637513,-0.103187078151144,-0.101833697328484,-0.101050096512058,-0.100524462585916,-0.100087318286811,-0.0996117068341929,-0.0864564102957649,-0.0875347904735055,-0.016442679782939,-0.0244802382827977,NaN,NaN,NaN,NaN,NaN,NaN,NaN,NaN,NaN,NaN,NaN,-0.1067569722687,-0.106796734883352,-0.106819055780193,-0.1068429444911,-0.106864081137887,-0.106882455328721,-0.106898284883643,-0.106910682588019,-0.106919519705294,-0.106925734471915,-0.106929583357675,-0.106932644337764,-0.106936555496655,-0.10694280538039,-0.106947972183157,-0.106950768038877,-0.106954125023424,-0.106956317526946,-0.106957152350668,-0.106826390707486,-0.106826466434761
NaN,NaN,NaN,NaN,NaN,NaN,NaN,NaN,NaN,NaN,NaN,NaN,NaN,NaN,NaN,NaN,NaN,NaN,NaN,NaN,NaN,NaN,NaN,NaN,NaN,NaN,NaN,NaN,NaN,NaN,NaN,NaN,NaN,NaN,NaN,NaN,NaN,NaN,NaN,NaN,NaN,NaN,NaN,NaN,NaN,NaN,NaN,NaN,NaN,NaN,NaN,NaN,NaN,NaN,NaN,NaN,NaN,NaN,NaN,NaN,NaN,NaN,NaN,NaN,NaN,NaN,NaN,NaN,NaN,NaN,NaN,NaN,NaN,NaN,NaN,NaN,NaN,NaN,NaN,NaN,NaN,NaN,NaN,NaN,NaN,NaN,NaN,NaN,NaN,NaN,NaN,NaN,NaN,NaN,NaN,NaN,NaN,NaN,NaN,NaN,NaN,NaN,NaN,NaN,NaN,NaN,NaN,NaN,NaN,NaN,NaN,NaN,NaN,NaN,NaN,NaN,NaN,NaN,NaN,NaN,NaN,NaN,NaN,NaN,NaN,NaN,NaN,NaN,NaN,NaN,NaN,NaN,NaN,NaN,NaN,NaN,NaN,NaN,NaN,NaN,NaN,NaN,NaN,NaN,NaN,NaN,NaN,NaN,NaN,NaN,NaN,NaN,NaN,NaN,NaN,NaN,NaN,NaN,NaN,NaN,NaN,NaN,NaN,NaN,NaN,NaN,NaN,NaN,-0.0686623933118874,-0.102609828514671,-0.103808306513689,-0.103677870639704,-0.103734065926849,-0.103052291470078,NaN,NaN,NaN,NaN,NaN,NaN,NaN,NaN,NaN,NaN,NaN,NaN,NaN,NaN,NaN,-0.109013812818459,-0.11058400534808,-0.110867779898854,-0.111014774770076,-0.110946469563389,-0.110907094497236,-0.110800915179375,-0.110185851215678,-0.10950840613722,-0.108657883107742,-0.107275317751583,-0.106326553874448,-0.105521686014627,-0.104990481691664,-0.103142447905713,-0.101682624107865,-0.10073818979291,-0.100087745831846,-0.0995803797870654,-0.098944735707844,-0.0861369864207228,-0.0874319584755814,-0.0891197857064991,-0.0910321769557456,-0.0345800889092134,NaN,NaN,NaN,NaN,NaN,NaN,NaN,NaN,NaN,NaN,-0.106742755454003,-0.106783871642667,-0.106806073100403,-0.106830223826381,-0.10685149665349,-0.106870021534041,-0.106885876726586,-0.106898067460443,-0.106907040426393,-0.106913232695081,-0.106917183231158,-0.106920160065283,-0.106924149240771,-0.10693063977129,-0.10693674501892,-0.106941028085944,-0.106946203635098,-0.106950555929383,-0.10695384725858,-0.106821683437253,-0.106821762345228
NaN,NaN,NaN,NaN,NaN,NaN,NaN,NaN,NaN,NaN,NaN,NaN,NaN,NaN,NaN,NaN,NaN,NaN,NaN,NaN,NaN,NaN,NaN,NaN,NaN,NaN,NaN,NaN,NaN,NaN,NaN,NaN,NaN,NaN,NaN,NaN,NaN,NaN,NaN,NaN,NaN,NaN,NaN,NaN,NaN,NaN,NaN,NaN,NaN,NaN,NaN,NaN,NaN,NaN,NaN,NaN,NaN,NaN,NaN,NaN,NaN,NaN,NaN,NaN,NaN,NaN,NaN,NaN,NaN,NaN,NaN,NaN,NaN,NaN,NaN,NaN,NaN,NaN,NaN,NaN,NaN,NaN,NaN,NaN,NaN,NaN,NaN,NaN,NaN,NaN,NaN,NaN,NaN,NaN,NaN,NaN,NaN,NaN,NaN,NaN,NaN,NaN,NaN,NaN,NaN,NaN,NaN,NaN,NaN,NaN,NaN,NaN,NaN,NaN,NaN,NaN,NaN,NaN,NaN,NaN,NaN,NaN,NaN,NaN,NaN,NaN,NaN,NaN,NaN,NaN,NaN,NaN,NaN,NaN,NaN,NaN,NaN,NaN,NaN,NaN,NaN,NaN,NaN,NaN,NaN,NaN,NaN,NaN,NaN,NaN,NaN,NaN,NaN,NaN,NaN,NaN,NaN,NaN,NaN,NaN,NaN,NaN,NaN,NaN,NaN,NaN,NaN,NaN,-0.0985333313644799,NaN,-0.105372576117928,-0.10448333071364,-0.102985055802632,NaN,NaN,NaN,NaN,NaN,NaN,NaN,NaN,NaN,NaN,NaN,NaN,NaN,NaN,NaN,NaN,NaN,-0.110757621091725,-0.110951827898365,-0.11115404618022,-0.111364715583668,-0.111543972990487,-0.111769889791124,-0.111735479561219,-0.111734542941976,-0.110582260607714,-0.108421777199436,-0.10671857072155,-0.105442851488604,-0.103792955298515,-0.10214834809767,-0.100816998616266,-0.0998932913592896,-0.0993442236860616,-0.0989221804835143,-0.0986389386432574,-0.0934092102930787,-0.087337112787897,-0.0891311917107484,-0.0911713113889577,-0.0919128126863819,NaN,NaN,NaN,NaN,NaN,NaN,NaN,NaN,NaN,NaN,-0.106729321670735,-0.106771152786019,-0.106792909718403,-0.106816884149981,-0.106838087692763,-0.106856403645477,-0.106872048430462,-0.106884144853709,-0.106892988971845,-0.106898721910662,-0.106903168273398,-0.106906465621386,-0.106910369543226,-0.106916390058392,-0.106923294440402,-0.106928453638289,-0.106935455514264,-0.106942430314306,-0.106949497914601,-0.106816176629039,-0.106816262283437
NaN,NaN,NaN,NaN,NaN,NaN,NaN,NaN,NaN,NaN,NaN,NaN,NaN,NaN,NaN,NaN,NaN,NaN,NaN,NaN,NaN,NaN,NaN,NaN,NaN,NaN,NaN,NaN,NaN,NaN,NaN,NaN,NaN,NaN,NaN,NaN,NaN,NaN,NaN,NaN,NaN,NaN,NaN,NaN,NaN,NaN,NaN,NaN,NaN,NaN,NaN,NaN,NaN,NaN,NaN,NaN,NaN,NaN,NaN,NaN,NaN,NaN,NaN,NaN,NaN,NaN,NaN,NaN,NaN,NaN,NaN,NaN,NaN,NaN,NaN,NaN,NaN,NaN,NaN,NaN,NaN,NaN,NaN,NaN,NaN,NaN,NaN,NaN,NaN,NaN,NaN,NaN,NaN,NaN,NaN,NaN,NaN,NaN,NaN,NaN,NaN,NaN,NaN,NaN,NaN,NaN,NaN,NaN,NaN,NaN,NaN,NaN,NaN,NaN,NaN,NaN,NaN,NaN,NaN,NaN,NaN,NaN,NaN,NaN,NaN,NaN,NaN,NaN,NaN,NaN,NaN,NaN,NaN,NaN,NaN,NaN,NaN,NaN,NaN,NaN,NaN,NaN,NaN,NaN,NaN,NaN,NaN,NaN,NaN,NaN,NaN,NaN,NaN,NaN,NaN,NaN,NaN,NaN,NaN,NaN,NaN,NaN,NaN,NaN,NaN,NaN,-0.0285265773298014,-0.09769177180758,-0.102417401113755,-0.102490289239199,-0.103501011377553,-0.102892893036843,-0.101256982358408,NaN,NaN,NaN,NaN,NaN,NaN,NaN,NaN,NaN,NaN,NaN,NaN,NaN,NaN,NaN,NaN,NaN,NaN,-0.111166445733488,-0.111467456366131,-0.111914667525792,-0.112771354471741,-0.114199681529377,-0.115044568794462,-0.114743183146263,-0.112089304422385,-0.109292231880478,-0.106623668054599,-0.104905409225481,-0.103207735885692,-0.101698754395416,-0.100271630875879,-0.0993181653727625,-0.0989098090238095,-0.0986238001017591,-0.0984403030870104,-0.0980228554112755,-0.08733054201006,-0.0891544755718816,-0.0912362693657884,-0.0921235921441333,NaN,NaN,NaN,NaN,NaN,NaN,NaN,NaN,NaN,NaN,-0.106717604642336,-0.106759761368802,-0.106779781162499,-0.106802821062279,-0.106823864637576,-0.106841911805492,-0.106856316159535,-0.106868638879191,-0.106877657236117,-0.106884279250818,-0.10688924986526,-0.106892997158121,-0.106897058588494,-0.106902624469185,-0.106909512352748,-0.106914599525417,-0.106922260271795,-0.106931210306131,-0.106942620089735,-0.106808474550522,-0.106808602329659
NaN,NaN,NaN,NaN,NaN,NaN,NaN,NaN,NaN,NaN,NaN,NaN,NaN,NaN,NaN,NaN,NaN,NaN,NaN,NaN,NaN,NaN,NaN,NaN,NaN,NaN,NaN,NaN,NaN,NaN,NaN,NaN,NaN,NaN,NaN,NaN,NaN,NaN,NaN,NaN,NaN,NaN,NaN,NaN,NaN,NaN,NaN,NaN,NaN,NaN,NaN,NaN,NaN,NaN,NaN,NaN,NaN,NaN,NaN,NaN,NaN,NaN,NaN,NaN,NaN,NaN,NaN,NaN,NaN,NaN,NaN,NaN,NaN,NaN,NaN,NaN,NaN,NaN,NaN,NaN,NaN,NaN,NaN,NaN,NaN,NaN,NaN,NaN,NaN,NaN,NaN,NaN,NaN,NaN,NaN,NaN,NaN,NaN,NaN,NaN,NaN,NaN,NaN,NaN,NaN,NaN,NaN,NaN,NaN,NaN,NaN,NaN,NaN,NaN,NaN,NaN,NaN,NaN,NaN,NaN,NaN,NaN,NaN,NaN,NaN,NaN,NaN,NaN,NaN,NaN,NaN,NaN,NaN,NaN,NaN,NaN,NaN,NaN,NaN,NaN,NaN,NaN,NaN,NaN,NaN,NaN,NaN,NaN,NaN,NaN,NaN,NaN,NaN,NaN,NaN,NaN,NaN,NaN,NaN,NaN,NaN,NaN,NaN,NaN,NaN,-0.0440773888199701,-0.0596539764425108,NaN,NaN,-0.10340300843116,-0.102911556640355,-0.10228896593894,-0.100620840989712,NaN,0.196374520992216,0.110572385824857,0.101298483152862,NaN,NaN,NaN,NaN,NaN,NaN,NaN,NaN,NaN,NaN,NaN,NaN,NaN,NaN,NaN,-0.111771894744633,-0.11266943072135,-0.11549749485958,-0.117141994228918,-0.116895220733653,-0.11470673642917,-0.111312821684777,-0.108326245740356,-0.106118806416308,-0.104570214122552,-0.103199060936395,-0.101809690342365,-0.100263469210084,-0.09923189407519,-0.0988065204847329,-0.0985626300104208,-0.0983876098240113,-0.0982427312848159,-0.0902957188321202,-0.089670339673937,-0.0912674605800388,-0.0922672390823883,-0.0465897540006533,-0.0251234291573134,0.0811696229704366,NaN,NaN,NaN,NaN,NaN,NaN,NaN,-0.106715418278796,-0.106755430340748,-0.106771478708231,-0.10679200798402,-0.106811332898889,-0.106827429104687,-0.106840923540338,-0.106852650629573,-0.106861682622476,-0.106868670119295,-0.106875076166609,-0.10688004656186,-0.10688461151739,-0.106890354689229,-0.106897451567248,-0.106901909420789,-0.106908295342176,-0.106916609379177,-0.106931001008453,-0.106796340803657,-0.106796595564188
NaN,NaN,NaN,NaN,NaN,NaN,NaN,NaN,NaN,NaN,NaN,NaN,NaN,NaN,NaN,NaN,NaN,NaN,NaN,NaN,NaN,NaN,NaN,NaN,NaN,NaN,NaN,NaN,NaN,NaN,NaN,NaN,NaN,NaN,NaN,NaN,NaN,NaN,NaN,NaN,NaN,NaN,NaN,NaN,NaN,NaN,NaN,NaN,NaN,NaN,NaN,NaN,NaN,NaN,NaN,NaN,NaN,NaN,NaN,NaN,NaN,NaN,NaN,NaN,NaN,NaN,NaN,NaN,NaN,NaN,NaN,NaN,NaN,NaN,NaN,NaN,NaN,NaN,NaN,NaN,NaN,NaN,NaN,NaN,NaN,NaN,NaN,NaN,NaN,NaN,NaN,NaN,NaN,NaN,NaN,NaN,NaN,NaN,NaN,NaN,NaN,NaN,NaN,NaN,NaN,NaN,NaN,NaN,NaN,NaN,NaN,NaN,NaN,NaN,NaN,NaN,NaN,NaN,NaN,NaN,NaN,NaN,NaN,NaN,NaN,NaN,NaN,NaN,NaN,NaN,NaN,NaN,NaN,NaN,NaN,NaN,NaN,NaN,NaN,NaN,NaN,NaN,NaN,NaN,NaN,NaN,NaN,NaN,NaN,NaN,NaN,NaN,NaN,NaN,NaN,NaN,NaN,-0.054106421745204,-0.054122241666079,-0.0544428838422062,NaN,NaN,-0.0938623454956941,-0.0817787969354829,-0.0968175442178564,-0.0952421264422877,-0.094536430945227,-0.0924051141074583,-0.102240555846694,-0.102703133111557,-0.10424888738795,NaN,NaN,NaN,0.110375853264799,0.00721791759624227,-0.00260564301871699,NaN,NaN,NaN,NaN,NaN,NaN,NaN,NaN,NaN,NaN,NaN,NaN,NaN,NaN,NaN,NaN,NaN,-0.116252356202062,-0.115601172103965,-0.114683233997215,-0.112418865338793,-0.109866383438575,-0.107258591681681,-0.105610665090511,-0.104299327828168,-0.103177500209631,-0.101890909413963,-0.100451239867807,-0.0992678171766316,-0.0987435544532244,-0.098481924050778,-0.098282122091008,-0.0974323770530568,-0.0973137947677896,-0.0928291920035755,-0.0925811578341418,-0.0924088945960682,-0.0923160063847915,-0.0914550910508874,-0.025105163128881,NaN,NaN,NaN,NaN,NaN,NaN,NaN,-0.106708365173134,-0.106743721000893,-0.106752407762997,-0.106767096371526,-0.106781574289707,-0.106794467629061,-0.106805761841268,-0.106815816806529,-0.106824371202059,-0.106831535284727,-0.106837970428519,-0.106843608263617,-0.106849003593656,-0.106854635181125,-0.106861102982074,-0.10686574213209,-0.106872628381102,-0.106878596278487,-0.106890890790008,-0.106742228335305,-0.106743136565323
NaN,NaN,NaN,NaN,NaN,NaN,NaN,NaN,NaN,NaN,NaN,NaN,NaN,NaN,NaN,NaN,NaN,NaN,NaN,NaN,NaN,NaN,NaN,NaN,NaN,NaN,NaN,NaN,NaN,NaN,NaN,NaN,NaN,NaN,NaN,NaN,NaN,NaN,NaN,NaN,NaN,NaN,NaN,NaN,NaN,NaN,NaN,NaN,NaN,NaN,NaN,NaN,NaN,NaN,NaN,NaN,NaN,NaN,NaN,NaN,NaN,NaN,NaN,NaN,NaN,NaN,NaN,NaN,NaN,NaN,NaN,NaN,NaN,NaN,NaN,NaN,NaN,NaN,NaN,NaN,NaN,NaN,NaN,NaN,NaN,NaN,NaN,NaN,NaN,NaN,NaN,NaN,NaN,NaN,NaN,NaN,NaN,NaN,NaN,NaN,NaN,NaN,NaN,NaN,NaN,NaN,NaN,NaN,NaN,NaN,NaN,NaN,NaN,NaN,NaN,NaN,NaN,NaN,NaN,NaN,NaN,NaN,NaN,NaN,NaN,NaN,NaN,NaN,NaN,NaN,NaN,NaN,NaN,NaN,NaN,NaN,NaN,NaN,NaN,NaN,NaN,NaN,NaN,NaN,NaN,NaN,NaN,NaN,NaN,NaN,NaN,NaN,NaN,NaN,NaN,NaN,-0.0532271169601882,-0.0544373238924258,-0.0545613639890857,-0.0548911746843236,-0.057189252700874,-0.0621446087173068,-0.097799085348078,-0.0978943622839886,-0.0979803195392838,-0.0982338645582691,-0.0986794852982223,-0.09926062909816,-0.100217038979697,-0.100488361091701,-0.101775050234026,-0.0881826479315908,-0.0876135093428815,NaN,0.00674088413263116,-0.0764152161371291,-0.0803383561115425,-0.00266853868637362,NaN,NaN,NaN,NaN,NaN,NaN,NaN,NaN,NaN,NaN,NaN,NaN,NaN,NaN,NaN,NaN,-0.113306087835719,-0.113021908491435,-0.112552972440489,-0.110902408895261,-0.108611061542692,-0.106651940460957,-0.105146088975801,-0.10398254948441,-0.102988379869765,-0.101806000562159,-0.100413664252763,-0.0991459438137969,-0.0985629682286184,-0.0983228831745015,-0.0981366057181327,-0.0975477835322142,-0.0775458928823867,-0.0928428681483244,-0.0926892851175315,-0.0877986590356505,-0.0813476230270023,-0.0900996028572284,-0.0684856593335592,NaN,NaN,NaN,NaN,NaN,NaN,NaN,NaN,NaN,NaN,NaN,NaN,NaN,NaN,NaN,NaN,NaN,NaN,NaN,NaN,NaN,NaN,NaN,NaN,NaN,NaN,NaN,NaN
NaN,NaN,NaN,NaN,NaN,NaN,NaN,NaN,NaN,NaN,NaN,NaN,NaN,NaN,NaN,NaN,NaN,NaN,NaN,NaN,NaN,NaN,NaN,NaN,NaN,NaN,NaN,NaN,NaN,NaN,NaN,NaN,NaN,NaN,NaN,NaN,NaN,NaN,NaN,NaN,NaN,NaN,NaN,NaN,NaN,NaN,NaN,NaN,NaN,NaN,NaN,NaN,NaN,NaN,NaN,NaN,NaN,NaN,NaN,NaN,NaN,NaN,NaN,NaN,NaN,NaN,NaN,NaN,NaN,NaN,NaN,NaN,NaN,NaN,NaN,NaN,NaN,NaN,NaN,NaN,NaN,NaN,NaN,NaN,NaN,NaN,NaN,NaN,NaN,NaN,NaN,NaN,NaN,NaN,NaN,NaN,NaN,NaN,NaN,NaN,NaN,NaN,NaN,NaN,NaN,NaN,NaN,NaN,NaN,NaN,NaN,NaN,NaN,NaN,NaN,NaN,NaN,NaN,NaN,NaN,NaN,NaN,NaN,NaN,NaN,NaN,NaN,NaN,NaN,NaN,NaN,NaN,NaN,NaN,NaN,NaN,NaN,NaN,NaN,NaN,NaN,NaN,NaN,NaN,NaN,NaN,NaN,NaN,NaN,NaN,NaN,NaN,NaN,NaN,NaN,NaN,-0.0547507801414549,-0.0558917023126403,-0.0551543242861723,-0.0550302489245857,-0.0517190860322162,0.0351936651213606,-0.060924038756347,-0.0932675211701735,-0.0968014293154961,-0.094933012856984,-0.0934139189996896,-0.0984566392459976,-0.0996723723569993,-0.0994038078133903,-0.0939160187998316,-0.0880484846558902,-0.0854818428417277,-0.0852603438117368,-0.0042325203653945,-0.0811059248445496,-0.0807929368869172,-0.00310112597984464,-0.00305392322994434,-0.00273943468763056,NaN,NaN,NaN,NaN,NaN,NaN,NaN,NaN,NaN,NaN,NaN,NaN,NaN,-0.112095660331415,-0.112566063893067,-0.112299158706158,-0.111621513534093,-0.110707133427682,-0.108409693502524,-0.106276305180847,-0.104674287578682,-0.103631926387753,-0.102680485261785,-0.101589973230089,-0.100242659224727,-0.099000485546736,-0.0984250847853241,-0.0982232627659398,-0.0981075767466425,-0.0980059101153173,-0.0979223506404031,-0.0777590386508065,-0.0929467049697534,-0.0928023297961744,-0.0927115581665449,-0.0926104865005044,-0.0924958193402966,-0.0684787552078446,NaN,NaN,NaN,NaN,NaN,NaN,NaN,NaN,NaN,NaN,NaN,NaN,NaN,NaN,NaN,NaN,NaN,NaN,NaN,NaN,NaN,NaN,NaN,NaN,NaN,NaN,NaN
NaN,NaN,NaN,NaN,NaN,NaN,NaN,NaN,NaN,NaN,NaN,NaN,NaN,NaN,NaN,NaN,NaN,NaN,NaN,NaN,NaN,NaN,NaN,NaN,NaN,NaN,NaN,NaN,NaN,NaN,NaN,NaN,NaN,NaN,NaN,NaN,NaN,NaN,NaN,NaN,NaN,NaN,NaN,NaN,NaN,NaN,NaN,NaN,NaN,NaN,NaN,NaN,NaN,NaN,NaN,NaN,NaN,NaN,NaN,NaN,NaN,NaN,NaN,NaN,NaN,NaN,NaN,NaN,NaN,NaN,NaN,NaN,NaN,NaN,NaN,NaN,NaN,NaN,NaN,NaN,NaN,NaN,NaN,NaN,NaN,NaN,NaN,NaN,NaN,NaN,NaN,NaN,NaN,NaN,NaN,NaN,NaN,NaN,NaN,NaN,NaN,NaN,NaN,NaN,NaN,NaN,NaN,NaN,NaN,NaN,NaN,NaN,NaN,NaN,NaN,NaN,NaN,NaN,NaN,NaN,NaN,NaN,NaN,NaN,NaN,NaN,NaN,NaN,NaN,NaN,NaN,NaN,NaN,NaN,NaN,NaN,NaN,NaN,NaN,NaN,NaN,NaN,NaN,NaN,NaN,NaN,NaN,0.0731748593735537,-0.0116539325919491,NaN,NaN,NaN,NaN,NaN,NaN,-0.0552006617418304,-0.0550420783048101,NaN,NaN,NaN,NaN,NaN,NaN,NaN,-0.0590511262447327,-0.0489434660717069,-0.0952765961584114,-0.0980580802887958,-0.0991175849949441,NaN,-0.0292670849276083,-0.0098680888502965,-0.0798415544383637,-0.00203182980281845,NaN,-0.00337425360998697,-0.0810284498612059,-0.0810626122175219,-0.0809251375496079,-0.0807208716932847,NaN,NaN,NaN,NaN,NaN,NaN,NaN,NaN,NaN,NaN,NaN,NaN,NaN,-0.112747809641798,-0.112904690730632,-0.112162494772222,-0.111022089867897,-0.109776592737563,-0.108154063692237,-0.10609522640362,-0.104445850344893,-0.103400222160977,-0.102353409330228,-0.101256233966847,-0.100028311055332,-0.0990322081214762,-0.0985262031034833,-0.0983316101803444,-0.0982283254599279,-0.0980796858153373,-0.0978451277714383,NaN,-0.0905486508632737,-0.0929210912155981,-0.0906186995589362,-0.0491609851947178,-0.068693521847689,-0.0461194987147816,NaN,NaN,NaN,NaN,NaN,NaN,NaN,NaN,NaN,NaN,NaN,NaN,NaN,NaN,NaN,NaN,NaN,NaN,NaN,NaN,NaN,NaN,NaN,NaN,NaN,NaN,NaN
NaN,NaN,NaN,NaN,NaN,NaN,NaN,NaN,NaN,NaN,NaN,NaN,NaN,NaN,NaN,NaN,NaN,NaN,NaN,NaN,NaN,NaN,NaN,NaN,NaN,NaN,NaN,NaN,NaN,NaN,NaN,NaN,NaN,NaN,NaN,NaN,NaN,NaN,NaN,NaN,NaN,NaN,NaN,NaN,NaN,NaN,NaN,NaN,NaN,NaN,NaN,NaN,NaN,NaN,NaN,NaN,NaN,NaN,NaN,NaN,NaN,NaN,NaN,NaN,NaN,NaN,NaN,NaN,NaN,NaN,NaN,NaN,NaN,NaN,NaN,NaN,NaN,NaN,NaN,NaN,NaN,NaN,NaN,NaN,NaN,NaN,NaN,NaN,NaN,NaN,NaN,NaN,NaN,NaN,NaN,NaN,NaN,NaN,NaN,NaN,NaN,NaN,NaN,NaN,NaN,NaN,NaN,NaN,NaN,NaN,NaN,NaN,NaN,NaN,NaN,NaN,NaN,NaN,NaN,NaN,NaN,NaN,NaN,NaN,NaN,NaN,NaN,NaN,NaN,NaN,NaN,NaN,NaN,NaN,NaN,NaN,NaN,NaN,NaN,NaN,NaN,NaN,NaN,NaN,NaN,NaN,NaN,-0.0119491746486132,-0.0119502070485433,-0.0130819365780883,-0.0162668679978512,-0.0383943093350316,-0.0373525825233161,-0.0374472577393944,-0.0545618365929664,-0.0541460772665167,-0.0535935056550951,NaN,NaN,NaN,NaN,NaN,NaN,NaN,NaN,NaN,-0.0486484156166323,-0.0951389786352085,-0.096582788255223,-0.0755685425510429,0.00999414362091349,0.0951852498839902,NaN,NaN,NaN,0.0232985118875281,-0.0677702912325288,-0.0816232471545801,-0.0828944791977851,-0.0819624904274611,NaN,NaN,NaN,NaN,NaN,NaN,NaN,NaN,NaN,NaN,NaN,NaN,NaN,-0.112879628552758,-0.112764373420202,-0.111736386285941,-0.110594713208425,-0.109152069623944,-0.107501867808802,-0.105835136048232,-0.104419733804464,-0.103305230203409,-0.102246092704545,-0.101065445002418,-0.0999954982491589,-0.0992900292513751,-0.0989059989040054,-0.0986754800724193,-0.098462796233306,-0.0981612735427123,-0.0979253824894463,-0.0858809838127365,NaN,-0.0460938516998453,NaN,NaN,0.0263397893237857,0.0574802246297046,NaN,NaN,NaN,NaN,NaN,NaN,NaN,NaN,NaN,NaN,NaN,NaN,NaN,NaN,NaN,NaN,NaN,NaN,NaN,NaN,NaN,NaN,NaN,NaN,NaN,NaN,NaN
NaN,NaN,NaN,NaN,NaN,NaN,NaN,NaN,NaN,NaN,NaN,NaN,NaN,NaN,NaN,NaN,NaN,NaN,NaN,NaN,NaN,NaN,NaN,NaN,NaN,NaN,NaN,NaN,NaN,NaN,NaN,NaN,NaN,NaN,NaN,NaN,NaN,NaN,NaN,NaN,NaN,NaN,NaN,NaN,NaN,NaN,NaN,NaN,NaN,NaN,NaN,NaN,NaN,NaN,NaN,NaN,NaN,NaN,NaN,NaN,NaN,NaN,NaN,NaN,NaN,NaN,NaN,NaN,NaN,NaN,NaN,NaN,NaN,NaN,NaN,NaN,NaN,NaN,NaN,NaN,NaN,NaN,NaN,NaN,NaN,NaN,NaN,NaN,NaN,NaN,NaN,NaN,NaN,NaN,NaN,NaN,NaN,NaN,NaN,NaN,NaN,NaN,NaN,NaN,NaN,NaN,NaN,NaN,NaN,NaN,NaN,NaN,NaN,NaN,NaN,NaN,NaN,NaN,NaN,NaN,NaN,NaN,NaN,NaN,NaN,NaN,NaN,NaN,NaN,NaN,NaN,NaN,NaN,NaN,NaN,NaN,NaN,NaN,NaN,NaN,NaN,NaN,NaN,NaN,NaN,NaN,-0.0125732747658866,-0.0125904065927793,-0.0124262179167177,-0.0127647991618785,NaN,0.0179907923336417,-0.0371939887204872,-0.0539678638635335,-0.0537270911792281,-0.053651072566022,NaN,NaN,NaN,NaN,NaN,NaN,NaN,NaN,NaN,NaN,NaN,-0.0959136916932779,-0.0958203485636987,-0.095245521021519,-0.0756194616375286,NaN,NaN,NaN,NaN,-0.024917689774583,-0.00749708416873622,-0.0831320103972116,-0.0883010460114132,-0.092324531986815,-0.0899840374289039,-0.0317737269652202,NaN,NaN,NaN,NaN,NaN,NaN,NaN,NaN,NaN,NaN,NaN,-0.112558317011399,-0.111667113039429,-0.110950537621372,-0.109881926961913,-0.10849990075969,-0.106904177304716,-0.105447421511992,-0.104283104733126,-0.10324275579902,-0.102413503550323,-0.101235360003407,-0.100213710159641,-0.0996646985689594,-0.0993449457434762,-0.0990094567271524,-0.0986477196039252,-0.0982812242058121,-0.0979717802473784,-0.0806091307058359,0.00474482963826105,0.0578551634067469,NaN,NaN,NaN,NaN,NaN,NaN,NaN,NaN,NaN,NaN,NaN,NaN,NaN,NaN,NaN,NaN,NaN,NaN,NaN,NaN,NaN,NaN,NaN,NaN,NaN,NaN,NaN,NaN,NaN,NaN,NaN
NaN,NaN,NaN,NaN,NaN,NaN,NaN,NaN,NaN,NaN,NaN,NaN,NaN,NaN,NaN,NaN,NaN,NaN,NaN,NaN,NaN,NaN,NaN,NaN,NaN,NaN,NaN,NaN,NaN,NaN,NaN,NaN,NaN,NaN,NaN,NaN,NaN,NaN,NaN,NaN,NaN,NaN,NaN,NaN,NaN,NaN,NaN,NaN,NaN,NaN,NaN,NaN,NaN,NaN,NaN,NaN,NaN,NaN,NaN,NaN,NaN,NaN,NaN,NaN,NaN,NaN,NaN,NaN,NaN,NaN,NaN,NaN,NaN,NaN,NaN,NaN,NaN,NaN,NaN,NaN,NaN,NaN,NaN,NaN,NaN,NaN,NaN,NaN,NaN,NaN,NaN,NaN,NaN,NaN,NaN,NaN,NaN,NaN,NaN,NaN,NaN,NaN,NaN,NaN,NaN,NaN,NaN,NaN,NaN,NaN,NaN,NaN,NaN,NaN,NaN,NaN,NaN,NaN,NaN,NaN,NaN,NaN,NaN,NaN,NaN,NaN,NaN,NaN,NaN,NaN,NaN,NaN,NaN,NaN,NaN,NaN,NaN,NaN,NaN,NaN,NaN,NaN,0.201221975925984,0.116658821379425,NaN,-0.0131857779744222,-0.0126536897027022,-0.0128687892871422,NaN,NaN,NaN,NaN,NaN,NaN,NaN,NaN,NaN,NaN,NaN,NaN,NaN,NaN,NaN,NaN,NaN,NaN,NaN,NaN,-0.0966775041551673,-0.0961684971828926,NaN,NaN,NaN,NaN,-0.024693099079912,-0.0796726272495329,-0.0379059036836184,NaN,-0.0886559564242914,-0.0943625054503739,-0.0941958622105284,-0.0900353091122228,NaN,NaN,NaN,NaN,-0.106109903916132,-0.106100051089265,-0.105771443656522,NaN,-0.108382124570645,-0.108288476677325,-0.109559872164185,-0.110168416043768,-0.109842241264678,-0.109651635047339,-0.108937921885764,-0.107543417458494,-0.106158504999386,-0.104787511954904,-0.10403798827743,-0.103235692047417,-0.102259227740849,-0.101313295239529,-0.10059386929332,-0.100072805861715,-0.0996386753211619,-0.0991754020918476,-0.098702484030018,-0.0983225439049213,-0.0978168199993969,-0.069902746889338,NaN,NaN,NaN,NaN,NaN,NaN,NaN,NaN,NaN,NaN,NaN,NaN,NaN,NaN,NaN,NaN,NaN,NaN,NaN,NaN,NaN,NaN,NaN,NaN,NaN,NaN,NaN,NaN,NaN,NaN,NaN,NaN,NaN
NaN,NaN,NaN,NaN,NaN,NaN,NaN,NaN,NaN,NaN,NaN,NaN,NaN,NaN,NaN,NaN,NaN,NaN,NaN,NaN,NaN,NaN,NaN,NaN,NaN,NaN,NaN,NaN,NaN,NaN,NaN,NaN,NaN,NaN,NaN,NaN,NaN,NaN,NaN,NaN,NaN,NaN,NaN,NaN,NaN,NaN,NaN,NaN,NaN,NaN,NaN,NaN,NaN,NaN,NaN,NaN,NaN,NaN,NaN,NaN,NaN,NaN,NaN,NaN,NaN,NaN,NaN,NaN,NaN,NaN,NaN,NaN,NaN,NaN,NaN,NaN,NaN,NaN,NaN,NaN,NaN,NaN,NaN,NaN,NaN,NaN,NaN,NaN,NaN,NaN,NaN,NaN,NaN,NaN,NaN,NaN,NaN,NaN,NaN,NaN,NaN,NaN,NaN,NaN,NaN,NaN,NaN,NaN,NaN,NaN,NaN,NaN,NaN,NaN,NaN,NaN,NaN,NaN,NaN,NaN,NaN,NaN,NaN,NaN,NaN,NaN,NaN,NaN,NaN,NaN,NaN,NaN,NaN,NaN,NaN,NaN,NaN,NaN,NaN,NaN,0.263671509774653,0.200918525046432,0.116450393607102,0.0140488532922133,0.00818643412122071,0.00953142215220738,-0.0125181926396225,NaN,NaN,NaN,NaN,NaN,NaN,NaN,NaN,NaN,NaN,NaN,NaN,NaN,NaN,NaN,NaN,NaN,NaN,NaN,NaN,-0.0871574959987062,-0.0966817109312437,-0.0950437084634903,NaN,NaN,NaN,-0.0775328388581663,-0.0456344722916216,-0.0793964306521813,NaN,NaN,-0.0902098441253246,-0.0945504346371933,-0.0944139559635738,NaN,NaN,NaN,NaN,NaN,-0.106500502705228,-0.106582154251255,-0.106577379040727,-0.107463103682728,-0.108108019705149,-0.108368803933124,-0.108587638886731,-0.108914292891294,-0.108498326864851,-0.108046295351204,-0.107780240190998,-0.10662079410879,-0.105363864749534,-0.104237857490414,-0.103515763413516,-0.102985402903916,-0.102029432217925,-0.101262373100824,-0.100816710043766,-0.100264622419104,-0.0996719081590998,-0.0991620311853001,-0.0987650893983669,NaN,NaN,NaN,NaN,NaN,NaN,NaN,NaN,NaN,NaN,NaN,NaN,NaN,NaN,NaN,NaN,NaN,NaN,NaN,NaN,NaN,NaN,NaN,NaN,NaN,NaN,NaN,NaN,NaN,NaN,NaN,NaN,NaN,NaN,NaN,NaN
NaN,NaN,NaN,NaN,NaN,NaN,NaN,NaN,NaN,NaN,NaN,NaN,NaN,NaN,NaN,NaN,NaN,NaN,NaN,NaN,NaN,NaN,NaN,NaN,NaN,NaN,NaN,NaN,NaN,NaN,NaN,NaN,NaN,NaN,NaN,NaN,NaN,NaN,NaN,NaN,NaN,NaN,NaN,NaN,NaN,NaN,NaN,NaN,NaN,NaN,NaN,NaN,NaN,NaN,NaN,NaN,NaN,NaN,NaN,NaN,NaN,NaN,NaN,NaN,NaN,NaN,NaN,NaN,NaN,NaN,NaN,NaN,NaN,NaN,NaN,NaN,NaN,NaN,NaN,NaN,NaN,NaN,NaN,NaN,NaN,NaN,NaN,NaN,NaN,NaN,NaN,NaN,NaN,NaN,NaN,NaN,NaN,NaN,NaN,NaN,NaN,NaN,NaN,NaN,NaN,NaN,NaN,NaN,NaN,NaN,NaN,NaN,NaN,NaN,NaN,NaN,NaN,NaN,NaN,NaN,NaN,NaN,NaN,NaN,NaN,NaN,NaN,NaN,NaN,NaN,NaN,NaN,NaN,NaN,NaN,NaN,NaN,0.373919078056506,0.359716540718274,0.338572406971993,0.307844112313198,0.263447376365914,0.200775857144497,0.11631517200324,0.0278774753158928,NaN,NaN,NaN,NaN,NaN,NaN,NaN,NaN,NaN,NaN,NaN,NaN,NaN,NaN,NaN,NaN,NaN,NaN,NaN,NaN,NaN,NaN,-0.0814808229056333,-0.0904099940332115,-0.0939093530078595,-0.0826746793409754,-0.0743356149244556,-0.0819484845105644,-0.0850503869251612,-0.0890838185002966,-0.0907822524347734,NaN,-0.0900916220806658,-0.0940272688254754,-0.0946883399065188,-0.0947959742264236,NaN,NaN,NaN,NaN,NaN,-0.106882408878691,-0.107106559798294,-0.107217737660562,-0.107676291752634,-0.108004567206432,-0.107610084067417,-0.107602019203398,-0.107755994871145,-0.107489474913019,-0.106953514787318,-0.106750268363806,-0.106196823868184,-0.105343338986867,-0.104106687390232,-0.103027773299452,-0.102384565635239,-0.101694827871013,-0.101166818274385,-0.100764408749115,-0.100229612317321,-0.0995962717265716,-0.0990276686831777,-0.0985236104603467,NaN,NaN,NaN,NaN,NaN,NaN,NaN,NaN,NaN,NaN,NaN,NaN,NaN,NaN,NaN,NaN,NaN,NaN,NaN,NaN,NaN,NaN,NaN,NaN,NaN,NaN,NaN,NaN,NaN,NaN,NaN,NaN,NaN,NaN,NaN,NaN
NaN,NaN,NaN,NaN,NaN,NaN,NaN,NaN,NaN,NaN,NaN,NaN,NaN,NaN,NaN,NaN,NaN,NaN,NaN,NaN,NaN,NaN,NaN,NaN,NaN,NaN,NaN,NaN,NaN,NaN,NaN,NaN,NaN,NaN,NaN,NaN,NaN,NaN,NaN,NaN,NaN,NaN,NaN,NaN,NaN,NaN,NaN,NaN,NaN,NaN,NaN,NaN,NaN,NaN,NaN,NaN,NaN,NaN,NaN,NaN,NaN,NaN,NaN,NaN,NaN,NaN,NaN,NaN,NaN,NaN,NaN,NaN,NaN,NaN,NaN,NaN,NaN,NaN,NaN,NaN,NaN,NaN,NaN,NaN,NaN,NaN,NaN,NaN,NaN,NaN,NaN,NaN,NaN,NaN,NaN,NaN,NaN,NaN,NaN,NaN,NaN,NaN,NaN,NaN,NaN,NaN,NaN,NaN,NaN,NaN,NaN,NaN,NaN,NaN,NaN,NaN,NaN,NaN,NaN,NaN,NaN,NaN,NaN,NaN,NaN,NaN,NaN,NaN,NaN,NaN,NaN,NaN,NaN,NaN,NaN,NaN,NaN,0.383358241299715,0.373799654758595,0.359596346606978,0.338592622445778,0.307613233956034,0.26322509591685,0.20074804142697,0.129398502914824,NaN,NaN,NaN,NaN,NaN,NaN,NaN,NaN,NaN,NaN,NaN,NaN,NaN,NaN,NaN,NaN,NaN,NaN,NaN,NaN,NaN,-0.00303545777973181,-0.0808711746368505,-0.0930185307838155,-0.0929633600933475,-0.0927019726349828,-0.0923861216151479,-0.0880626440439732,-0.089283708010719,-0.0918486950045776,-0.0922934066503567,-0.0926728310621166,-0.0936770070844552,-0.094623096635425,-0.0952700549377143,-0.0961054217170778,NaN,NaN,NaN,NaN,NaN,-0.107661608822746,-0.107745508802601,-0.108159678015349,-0.108170213921807,-0.107717709591671,-0.106968544967199,-0.106588057742313,-0.107058753992534,-0.10686433280616,-0.106228004237683,-0.106049331257588,-0.106155876366008,-0.105931735185108,-0.104757588902117,-0.102711751659296,-0.101935572330938,-0.101435553083424,-0.10103372357779,-0.100581337047445,-0.100031971298407,-0.099605484832902,NaN,NaN,NaN,NaN,NaN,NaN,NaN,NaN,NaN,NaN,NaN,NaN,NaN,NaN,NaN,NaN,NaN,NaN,NaN,NaN,NaN,NaN,NaN,NaN,NaN,NaN,NaN,NaN,NaN,NaN,NaN,NaN,NaN,NaN,NaN,NaN,NaN,NaN
NaN,NaN,NaN,NaN,NaN,NaN,NaN,NaN,NaN,NaN,NaN,NaN,NaN,NaN,NaN,NaN,NaN,NaN,NaN,NaN,NaN,NaN,NaN,NaN,NaN,NaN,NaN,NaN,NaN,NaN,NaN,NaN,NaN,NaN,NaN,NaN,NaN,NaN,NaN,NaN,NaN,NaN,NaN,NaN,NaN,NaN,NaN,NaN,NaN,NaN,NaN,NaN,NaN,NaN,NaN,NaN,NaN,NaN,NaN,NaN,NaN,NaN,NaN,NaN,NaN,NaN,NaN,NaN,NaN,NaN,NaN,NaN,NaN,NaN,NaN,NaN,NaN,NaN,NaN,NaN,NaN,NaN,NaN,NaN,NaN,NaN,NaN,NaN,NaN,NaN,NaN,NaN,NaN,NaN,NaN,NaN,NaN,NaN,NaN,NaN,NaN,NaN,NaN,NaN,NaN,NaN,NaN,NaN,NaN,NaN,NaN,NaN,NaN,NaN,NaN,NaN,NaN,NaN,NaN,NaN,NaN,NaN,NaN,NaN,NaN,NaN,NaN,NaN,NaN,NaN,NaN,NaN,NaN,NaN,NaN,NaN,NaN,0.389673836418503,0.383261523329558,0.373706572097011,0.359526334930097,0.338314715705941,NaN,NaN,NaN,NaN,NaN,NaN,NaN,NaN,NaN,NaN,NaN,NaN,NaN,NaN,NaN,NaN,NaN,NaN,NaN,NaN,NaN,NaN,0.0218686424656043,-0.0683040152917854,-0.0806803085481825,-0.0806767523703038,-0.0825274599039516,-0.0926989590668388,-0.0925612078762695,-0.0924664663648422,-0.0924161014723803,-0.092397455054281,-0.0924448446196142,-0.0924889877592724,-0.0927245487895642,-0.0934205204668341,-0.0952324726491322,-0.0969939706418818,-0.100322549737856,NaN,NaN,NaN,NaN,-0.110489525472121,-0.108614891028071,-0.108561716760806,-0.109011541432401,-0.109541285675936,-0.108555066999324,-0.106041316433029,-0.105800986372013,-0.1068124741611,-0.106357708928925,-0.105738316088625,-0.105843435479808,-0.106473451362074,-0.106778174725831,NaN,NaN,NaN,-0.100737938210179,-0.100801122336998,NaN,NaN,NaN,NaN,NaN,NaN,NaN,NaN,NaN,NaN,NaN,NaN,NaN,NaN,NaN,NaN,NaN,NaN,NaN,NaN,NaN,NaN,NaN,NaN,NaN,NaN,NaN,NaN,NaN,NaN,NaN,NaN,NaN,NaN,NaN,NaN,NaN,NaN,NaN,NaN,NaN
NaN,NaN,NaN,NaN,NaN,NaN,NaN,NaN,NaN,NaN,NaN,NaN,NaN,NaN,NaN,NaN,NaN,NaN,NaN,NaN,NaN,NaN,NaN,NaN,NaN,NaN,NaN,NaN,NaN,NaN,NaN,NaN,NaN,NaN,NaN,NaN,NaN,NaN,NaN,NaN,NaN,NaN,NaN,NaN,NaN,NaN,NaN,NaN,NaN,NaN,NaN,NaN,NaN,NaN,NaN,NaN,NaN,NaN,NaN,NaN,NaN,NaN,NaN,NaN,NaN,NaN,NaN,NaN,NaN,NaN,NaN,NaN,NaN,NaN,NaN,NaN,NaN,NaN,NaN,NaN,NaN,NaN,NaN,NaN,NaN,NaN,NaN,NaN,NaN,NaN,NaN,NaN,NaN,NaN,NaN,NaN,NaN,NaN,NaN,NaN,NaN,NaN,NaN,NaN,NaN,NaN,NaN,NaN,NaN,NaN,NaN,NaN,NaN,NaN,NaN,NaN,NaN,NaN,NaN,NaN,NaN,NaN,NaN,NaN,NaN,NaN,NaN,NaN,NaN,NaN,NaN,NaN,NaN,NaN,NaN,NaN,NaN,0.393885908291434,0.389600633605642,0.3832068197164,0.37370082231414,0.359534061515637,NaN,NaN,NaN,NaN,NaN,NaN,NaN,NaN,NaN,NaN,NaN,NaN,NaN,NaN,NaN,NaN,NaN,NaN,NaN,NaN,NaN,NaN,0.123647198864239,0.0217690197743485,-0.0522155508975592,-0.0805467868211454,-0.0808101764065809,-0.0922132890050242,-0.0925005345702766,-0.0924554500939564,-0.0924907380815891,-0.0925782860303913,-0.0926225934051774,-0.0927170753133747,-0.0927842460019805,-0.0933715852190347,-0.0955903518657773,-0.0994909554651775,-0.104987605112208,-0.109850532806114,NaN,NaN,-0.115490660653206,-0.111375286512196,-0.108723004103912,-0.108561770535315,-0.110612106929227,-0.111286644663977,-0.108997084724478,-0.105968282565069,-0.10547249963603,-0.106344354474311,-0.106859289906374,-0.106058558562489,-0.106049320087856,-0.106787736630959,-0.106712121817624,NaN,NaN,NaN,NaN,NaN,NaN,NaN,NaN,NaN,NaN,NaN,NaN,NaN,NaN,NaN,NaN,NaN,NaN,NaN,NaN,NaN,NaN,NaN,NaN,NaN,NaN,NaN,NaN,NaN,NaN,NaN,NaN,NaN,NaN,NaN,NaN,NaN,NaN,NaN,NaN,NaN,NaN,NaN,NaN,NaN,NaN
NaN,NaN,NaN,NaN,NaN,NaN,NaN,NaN,NaN,NaN,NaN,NaN,NaN,NaN,NaN,NaN,NaN,NaN,NaN,NaN,NaN,NaN,NaN,NaN,NaN,NaN,NaN,NaN,NaN,NaN,NaN,NaN,NaN,NaN,NaN,NaN,NaN,NaN,NaN,NaN,NaN,NaN,NaN,NaN,NaN,NaN,NaN,NaN,NaN,NaN,NaN,NaN,NaN,NaN,NaN,NaN,NaN,NaN,NaN,NaN,NaN,NaN,NaN,NaN,NaN,NaN,NaN,NaN,NaN,NaN,NaN,NaN,NaN,NaN,NaN,NaN,NaN,NaN,NaN,NaN,NaN,NaN,NaN,NaN,NaN,NaN,NaN,NaN,NaN,NaN,NaN,NaN,NaN,NaN,NaN,NaN,NaN,NaN,NaN,NaN,NaN,NaN,NaN,NaN,NaN,NaN,NaN,NaN,NaN,NaN,NaN,NaN,NaN,NaN,NaN,NaN,NaN,NaN,NaN,NaN,NaN,NaN,NaN,NaN,NaN,NaN,NaN,NaN,NaN,NaN,NaN,NaN,NaN,NaN,NaN,NaN,NaN,0.39670161038565,0.393834614452457,NaN,0.383214698486891,0.373695948586289,NaN,NaN,NaN,NaN,NaN,NaN,NaN,NaN,NaN,NaN,NaN,NaN,NaN,NaN,NaN,NaN,NaN,NaN,NaN,NaN,NaN,0.22479225463786,0.148336495734582,0.0504861252960402,-0.048825360986171,-0.0811933426816422,-0.0844221226165895,-0.0906943754158646,-0.0925078558050643,-0.0925387544666629,-0.0926296923951536,-0.0927392155586782,-0.0928188128104503,-0.0927093141385615,-0.0925484982181217,-0.0935712167028879,-0.0963648520398456,-0.102164891000632,-0.108810603996507,-0.113454047123434,-0.116709521748609,-0.116967437840421,-0.113519078267388,-0.110269917749955,-0.108660726877648,-0.108106848628066,-0.110490713089917,-0.114695523828088,-0.108608796271764,-0.105707970747917,-0.10495346079666,-0.105280738082304,-0.106681253010446,-0.106927894491506,-0.106679856711861,-0.106786365141962,-0.106617182472243,NaN,NaN,NaN,NaN,NaN,NaN,NaN,NaN,NaN,0.397347113297559,0.401722590954983,0.404678024463498,NaN,NaN,NaN,NaN,NaN,NaN,NaN,NaN,NaN,NaN,NaN,NaN,NaN,NaN,NaN,NaN,NaN,NaN,NaN,NaN,NaN,NaN,NaN,NaN,NaN,NaN,NaN,NaN,NaN,NaN,NaN,NaN,NaN,NaN
NaN,NaN,NaN,NaN,NaN,NaN,NaN,NaN,NaN,NaN,NaN,NaN,NaN,NaN,NaN,NaN,NaN,NaN,NaN,NaN,NaN,NaN,NaN,NaN,NaN,NaN,NaN,NaN,NaN,NaN,NaN,NaN,NaN,NaN,NaN,NaN,NaN,NaN,NaN,NaN,NaN,NaN,NaN,NaN,NaN,NaN,NaN,NaN,NaN,NaN,NaN,NaN,NaN,NaN,NaN,NaN,NaN,NaN,NaN,NaN,NaN,NaN,NaN,NaN,NaN,NaN,NaN,NaN,NaN,NaN,NaN,NaN,NaN,NaN,NaN,NaN,NaN,NaN,NaN,NaN,NaN,NaN,NaN,NaN,NaN,NaN,NaN,NaN,NaN,NaN,NaN,NaN,NaN,NaN,NaN,NaN,NaN,NaN,NaN,NaN,NaN,NaN,NaN,NaN,NaN,NaN,NaN,NaN,NaN,NaN,NaN,NaN,NaN,NaN,NaN,NaN,NaN,NaN,NaN,NaN,NaN,NaN,NaN,NaN,NaN,NaN,NaN,NaN,NaN,NaN,NaN,NaN,NaN,NaN,NaN,NaN,NaN,NaN,NaN,NaN,NaN,NaN,NaN,NaN,NaN,NaN,NaN,NaN,NaN,NaN,NaN,NaN,NaN,NaN,NaN,NaN,NaN,NaN,NaN,NaN,NaN,NaN,NaN,0.149179655616933,0.0515982975830101,-0.0479433665275485,-0.0852556092010553,-0.0849435476607871,-0.0922974189211812,-0.092610616360484,-0.0925996857569009,-0.0926618854702584,-0.0928445618607022,-0.0929289253447156,-0.0930396068621421,-0.0926228708630713,-0.0925734567117751,-0.0938577081574435,-0.0974242122862598,-0.105358870517982,-0.113280282081342,-0.115051260127911,-0.114252137592064,-0.113529418840395,-0.112526887759059,-0.110616310785701,-0.109260588323443,-0.109242587521087,-0.109084937786721,NaN,-0.105135313530326,-0.105334150079626,-0.104674949150716,-0.104302916464866,-0.105259415553355,-0.106527219579738,-0.106840680314814,-0.106833863208472,-0.106588063981705,NaN,NaN,NaN,NaN,NaN,NaN,NaN,NaN,0.380925554490541,0.390841200776513,0.397357506806817,0.40171355731896,NaN,NaN,NaN,NaN,NaN,NaN,NaN,NaN,NaN,NaN,NaN,NaN,NaN,NaN,NaN,NaN,NaN,NaN,NaN,NaN,NaN,NaN,NaN,NaN,NaN,NaN,NaN,NaN,NaN,NaN,NaN,NaN,NaN,NaN
NaN,NaN,NaN,NaN,NaN,NaN,NaN,NaN,NaN,NaN,NaN,NaN,NaN,NaN,NaN,NaN,NaN,NaN,NaN,NaN,NaN,NaN,NaN,NaN,NaN,NaN,NaN,NaN,NaN,NaN,NaN,NaN,NaN,NaN,NaN,NaN,NaN,NaN,NaN,NaN,NaN,NaN,NaN,NaN,NaN,NaN,NaN,NaN,NaN,NaN,NaN,NaN,NaN,NaN,NaN,NaN,NaN,NaN,NaN,NaN,NaN,NaN,NaN,NaN,NaN,NaN,NaN,NaN,NaN,NaN,NaN,NaN,NaN,NaN,NaN,NaN,NaN,NaN,NaN,NaN,NaN,NaN,NaN,NaN,NaN,NaN,NaN,NaN,NaN,NaN,NaN,NaN,NaN,NaN,NaN,NaN,NaN,NaN,NaN,NaN,NaN,NaN,NaN,NaN,NaN,NaN,NaN,NaN,NaN,NaN,NaN,NaN,NaN,NaN,NaN,NaN,NaN,NaN,NaN,NaN,NaN,NaN,NaN,NaN,NaN,NaN,NaN,NaN,NaN,NaN,NaN,NaN,NaN,NaN,NaN,NaN,NaN,NaN,NaN,NaN,NaN,NaN,NaN,NaN,NaN,NaN,NaN,NaN,NaN,NaN,NaN,NaN,NaN,NaN,NaN,NaN,NaN,NaN,NaN,0.330196625463388,0.295573503095393,0.246010164145697,0.176766720884865,0.0856940742991039,0.0510975349260623,0.0514862815584024,-0.0423071014995518,-0.0905770913043007,-0.0926661373977244,-0.0926907277603009,-0.0927401169569865,-0.0927931913366927,-0.0930963222699238,-0.0933048027570975,-0.0935535199917286,-0.0931618401052604,-0.0931403663909044,-0.0945970670491258,-0.0988380959117135,-0.109181037151719,-0.117503441607798,-0.118209842114286,-0.115175435634676,-0.113290190472497,-0.113637513511965,-0.112499098824065,-0.110262483009157,-0.110066198486793,-0.110460639955735,-0.115083186398365,-0.108779510355994,-0.106298229574195,-0.104996656828273,-0.104150244107323,-0.104359387266377,-0.105239771860988,-0.105859895653706,-0.106486541694493,NaN,NaN,NaN,NaN,NaN,0.206076600547173,0.269096798368243,0.313561094291465,0.344848934622157,0.366810926057389,0.381362138002502,0.390953234325576,0.397382910088527,NaN,NaN,NaN,NaN,NaN,NaN,NaN,NaN,NaN,NaN,NaN,NaN,NaN,NaN,NaN,NaN,NaN,NaN,NaN,NaN,NaN,NaN,NaN,NaN,NaN,NaN,NaN,NaN,NaN,NaN,NaN,NaN,NaN,NaN
NaN,NaN,NaN,NaN,NaN,NaN,NaN,NaN,NaN,NaN,NaN,NaN,NaN,NaN,NaN,NaN,NaN,NaN,NaN,NaN,NaN,NaN,NaN,NaN,NaN,NaN,NaN,NaN,NaN,NaN,NaN,NaN,NaN,NaN,NaN,NaN,NaN,NaN,NaN,NaN,NaN,NaN,NaN,NaN,NaN,NaN,NaN,NaN,NaN,NaN,NaN,NaN,NaN,NaN,NaN,NaN,NaN,NaN,NaN,NaN,NaN,NaN,NaN,NaN,NaN,NaN,NaN,NaN,NaN,NaN,NaN,NaN,NaN,NaN,NaN,NaN,NaN,NaN,NaN,NaN,NaN,NaN,NaN,NaN,NaN,NaN,NaN,NaN,NaN,NaN,NaN,NaN,NaN,NaN,NaN,NaN,NaN,NaN,NaN,NaN,NaN,NaN,NaN,NaN,NaN,NaN,NaN,NaN,NaN,NaN,NaN,NaN,NaN,NaN,NaN,NaN,NaN,NaN,NaN,NaN,NaN,NaN,NaN,NaN,NaN,NaN,NaN,NaN,NaN,NaN,NaN,NaN,NaN,NaN,NaN,NaN,NaN,NaN,NaN,NaN,NaN,NaN,NaN,NaN,NaN,NaN,NaN,NaN,NaN,NaN,NaN,NaN,NaN,NaN,NaN,NaN,NaN,NaN,NaN,0.334259890091557,0.301522225963963,0.254513888037184,NaN,NaN,NaN,-0.000656320653717251,-0.000621372562620039,-0.0795881232501833,-0.0927232394220873,-0.092929698417915,-0.0930177422300114,-0.0928753314680959,-0.0932362926799465,-0.094478416221,-0.0949730632599057,-0.0945494196767464,-0.0946862867095853,-0.0967083076593183,-0.102552092965238,-0.115636114228256,-0.121680849047223,-0.121075783546867,-0.119416655138424,-0.114751145631846,-0.114434654444554,-0.114970838068714,-0.111846863709737,-0.110886412638303,-0.110062348104925,-0.10895879636157,-0.106806801417688,-0.10576054304164,-0.104723966566532,-0.104398787046469,-0.104514623145634,-0.104804432668488,-0.10496356658103,-0.1051761122321,-0.105069223604459,NaN,NaN,NaN,0.0159279508977832,0.120389965420694,0.205485463772297,NaN,NaN,NaN,NaN,NaN,NaN,NaN,NaN,NaN,NaN,NaN,NaN,NaN,NaN,NaN,NaN,NaN,NaN,NaN,NaN,NaN,NaN,NaN,NaN,NaN,NaN,NaN,NaN,NaN,NaN,NaN,NaN,NaN,NaN,NaN,NaN,NaN,NaN,NaN,NaN
NaN,NaN,NaN,NaN,NaN,NaN,NaN,NaN,NaN,NaN,NaN,NaN,NaN,NaN,NaN,NaN,NaN,NaN,NaN,NaN,NaN,NaN,NaN,NaN,NaN,NaN,NaN,NaN,NaN,NaN,NaN,NaN,NaN,NaN,NaN,NaN,NaN,NaN,NaN,NaN,NaN,NaN,NaN,NaN,NaN,NaN,NaN,NaN,NaN,NaN,NaN,NaN,NaN,NaN,NaN,NaN,NaN,NaN,NaN,NaN,NaN,NaN,NaN,NaN,NaN,NaN,NaN,NaN,NaN,NaN,NaN,NaN,NaN,NaN,NaN,NaN,NaN,NaN,NaN,NaN,NaN,NaN,NaN,NaN,NaN,NaN,NaN,NaN,NaN,NaN,NaN,NaN,NaN,NaN,NaN,NaN,NaN,NaN,NaN,NaN,NaN,NaN,NaN,NaN,NaN,NaN,NaN,NaN,NaN,NaN,NaN,NaN,NaN,NaN,NaN,NaN,NaN,NaN,NaN,NaN,NaN,NaN,NaN,NaN,NaN,NaN,NaN,NaN,NaN,NaN,NaN,NaN,NaN,NaN,NaN,NaN,NaN,NaN,NaN,NaN,NaN,NaN,NaN,NaN,NaN,NaN,NaN,NaN,NaN,NaN,NaN,NaN,NaN,NaN,NaN,NaN,NaN,NaN,NaN,NaN,0.254487033634852,0.188668139258818,0.100739577118706,-0.000388383564595216,-0.000543756589205913,-0.000484302369478238,-0.000604690665718939,NaN,NaN,-0.0930066736943389,-0.0934322850309594,NaN,NaN,-0.0962087784928765,-0.0968920368410822,-0.0968063581528382,-0.0984729003641501,-0.10219194189978,-0.109606817789387,-0.12010875014087,-0.122902217263336,-0.122189003595063,NaN,NaN,NaN,NaN,-0.109960261175146,-0.107978494326093,-0.106279617379289,-0.105529476042853,-0.105083925069743,-0.104561208785768,-0.103316488230813,-0.104339585691229,-0.104359107399297,-0.10441433986267,-0.104721850623691,-0.104773748794988,-0.104843136155179,-0.105494680835765,NaN,NaN,-0.0761414506436018,0.0158505553472398,NaN,NaN,NaN,NaN,NaN,NaN,NaN,NaN,NaN,NaN,NaN,NaN,NaN,NaN,NaN,NaN,NaN,NaN,NaN,NaN,NaN,NaN,NaN,NaN,NaN,NaN,NaN,NaN,NaN,NaN,NaN,NaN,NaN,NaN,NaN,NaN,NaN,NaN,NaN,NaN,NaN
NaN,NaN,NaN,NaN,NaN,NaN,NaN,NaN,NaN,NaN,NaN,NaN,NaN,NaN,NaN,NaN,NaN,NaN,NaN,NaN,NaN,NaN,NaN,NaN,NaN,NaN,NaN,NaN,NaN,NaN,NaN,NaN,NaN,NaN,NaN,NaN,NaN,NaN,NaN,NaN,NaN,NaN,NaN,NaN,NaN,NaN,NaN,NaN,NaN,NaN,NaN,NaN,NaN,NaN,NaN,NaN,NaN,NaN,NaN,NaN,NaN,NaN,NaN,NaN,NaN,NaN,NaN,NaN,NaN,NaN,NaN,NaN,NaN,NaN,NaN,NaN,NaN,NaN,NaN,NaN,NaN,NaN,NaN,NaN,NaN,NaN,NaN,NaN,NaN,NaN,NaN,NaN,NaN,NaN,NaN,NaN,NaN,NaN,NaN,NaN,NaN,NaN,NaN,NaN,NaN,NaN,NaN,NaN,NaN,NaN,NaN,NaN,NaN,NaN,NaN,NaN,NaN,NaN,NaN,NaN,NaN,NaN,NaN,NaN,NaN,NaN,NaN,NaN,NaN,NaN,NaN,NaN,NaN,NaN,NaN,NaN,NaN,NaN,NaN,NaN,NaN,NaN,NaN,NaN,NaN,NaN,NaN,NaN,NaN,NaN,NaN,NaN,NaN,NaN,NaN,NaN,NaN,NaN,0.301455987652966,0.254444579718894,0.188610343042701,0.10066653873359,-0.00053800881118635,-0.000487694291973992,-0.000448956684601289,-0.000599046169433512,NaN,NaN,NaN,-0.0935469320896879,-0.0946374005985099,-0.0947802776547571,NaN,-0.0957014396121431,-0.0968319059744587,-0.0976393841670342,-0.10203711903115,-0.109716163204468,-0.120878282556767,-0.127285075897648,-0.125858451172859,NaN,NaN,NaN,NaN,NaN,NaN,-0.105123708340641,-0.104590034344553,-0.10419265380263,-0.104006497061913,NaN,NaN,-0.104900645366668,-0.10435600331289,-0.104042353139599,-0.104752646339223,-0.105034672282184,-0.10495693172843,-0.105674635280661,-0.106970776022023,-0.103441666959175,-0.0994658859265385,-0.0534423105564478,NaN,NaN,NaN,NaN,NaN,NaN,NaN,NaN,NaN,NaN,NaN,NaN,NaN,NaN,NaN,NaN,NaN,NaN,NaN,NaN,NaN,NaN,NaN,NaN,NaN,NaN,NaN,NaN,NaN,NaN,NaN,NaN,NaN,NaN,NaN,NaN,NaN,NaN,NaN,NaN,NaN
NaN,NaN,NaN,NaN,NaN,NaN,NaN,NaN,NaN,NaN,NaN,NaN,NaN,NaN,NaN,NaN,NaN,NaN,NaN,NaN,NaN,NaN,NaN,NaN,NaN,NaN,NaN,NaN,NaN,NaN,NaN,NaN,NaN,NaN,NaN,NaN,NaN,NaN,NaN,NaN,NaN,NaN,NaN,NaN,NaN,NaN,NaN,NaN,NaN,NaN,NaN,NaN,NaN,NaN,NaN,NaN,NaN,NaN,NaN,NaN,NaN,NaN,NaN,NaN,NaN,NaN,NaN,NaN,NaN,NaN,NaN,NaN,NaN,NaN,NaN,NaN,NaN,NaN,NaN,NaN,NaN,NaN,NaN,NaN,NaN,NaN,NaN,NaN,NaN,NaN,NaN,NaN,NaN,NaN,NaN,NaN,NaN,NaN,NaN,NaN,NaN,NaN,NaN,NaN,NaN,NaN,NaN,NaN,NaN,NaN,NaN,NaN,NaN,NaN,NaN,NaN,NaN,NaN,NaN,NaN,NaN,NaN,NaN,NaN,NaN,NaN,NaN,NaN,NaN,NaN,NaN,NaN,NaN,NaN,NaN,NaN,NaN,NaN,NaN,NaN,NaN,NaN,NaN,NaN,NaN,NaN,NaN,NaN,NaN,NaN,NaN,NaN,NaN,NaN,NaN,NaN,NaN,NaN,0.276831434743677,0.219776801332703,0.141588691549181,0.0424424549768237,-0.000704132229053039,-0.000580525220040768,-0.000473303565544496,-0.000415653038634634,NaN,NaN,NaN,-0.0940391871514088,-0.0949165553386703,-0.0951340605607982,-0.0951249515271334,-0.0946598074568535,-0.0943902079414868,-0.0965923726060696,-0.1032341638483,-0.117661370798073,-0.131597794482048,NaN,NaN,NaN,NaN,NaN,NaN,NaN,NaN,NaN,NaN,NaN,NaN,NaN,NaN,-0.105367952096277,-0.105229116283489,NaN,-0.104772138330542,-0.105257503022756,-0.105771360645829,-0.107525475570623,-0.108434202583773,-0.103532901731963,-0.101357294251521,NaN,NaN,NaN,NaN,NaN,NaN,NaN,NaN,NaN,NaN,NaN,NaN,NaN,NaN,NaN,NaN,NaN,NaN,NaN,NaN,NaN,NaN,NaN,NaN,NaN,NaN,NaN,NaN,NaN,NaN,NaN,NaN,NaN,NaN,NaN,NaN,NaN,NaN,NaN,NaN,NaN,NaN
NaN,NaN,NaN,NaN,NaN,NaN,NaN,NaN,NaN,NaN,NaN,NaN,NaN,NaN,NaN,NaN,NaN,NaN,NaN,NaN,NaN,NaN,NaN,NaN,NaN,NaN,NaN,NaN,NaN,NaN,NaN,NaN,NaN,NaN,NaN,NaN,NaN,NaN,NaN,NaN,NaN,NaN,NaN,NaN,NaN,NaN,NaN,NaN,NaN,NaN,NaN,NaN,NaN,NaN,NaN,NaN,NaN,NaN,NaN,NaN,NaN,NaN,NaN,NaN,NaN,NaN,NaN,NaN,NaN,NaN,NaN,NaN,NaN,NaN,NaN,NaN,NaN,NaN,NaN,NaN,NaN,NaN,NaN,NaN,NaN,NaN,NaN,NaN,NaN,NaN,NaN,NaN,NaN,NaN,NaN,NaN,NaN,NaN,NaN,NaN,NaN,NaN,NaN,NaN,NaN,NaN,NaN,NaN,NaN,NaN,NaN,NaN,NaN,NaN,NaN,NaN,NaN,NaN,NaN,NaN,NaN,NaN,NaN,NaN,NaN,NaN,NaN,NaN,NaN,NaN,NaN,NaN,NaN,NaN,NaN,NaN,NaN,NaN,NaN,NaN,NaN,NaN,NaN,NaN,NaN,NaN,NaN,NaN,NaN,NaN,NaN,NaN,NaN,NaN,NaN,NaN,NaN,NaN,NaN,NaN,NaN,NaN,0.0425047234419719,0.0175193521279143,-0.000551006750300822,-0.000289228415739642,NaN,NaN,NaN,-0.095914150831401,-0.096065246839172,-0.0963227426332642,-0.0963826289852628,NaN,NaN,-0.0993719622959533,-0.105824454982318,-0.116476925445655,-0.121892416460366,NaN,NaN,NaN,NaN,NaN,NaN,NaN,NaN,NaN,NaN,NaN,NaN,NaN,-0.105589930086396,-0.105311300946344,-0.105100528951431,NaN,NaN,NaN,NaN,-0.110199413961272,-0.107678421826823,-0.103591473925262,-0.102926440725715,NaN,NaN,NaN,NaN,NaN,NaN,NaN,NaN,NaN,NaN,NaN,NaN,NaN,NaN,NaN,NaN,NaN,NaN,NaN,NaN,NaN,NaN,NaN,NaN,NaN,NaN,NaN,NaN,NaN,NaN,NaN,NaN,NaN,NaN,NaN,NaN,NaN,NaN,NaN,NaN,NaN,NaN
NaN,NaN,NaN,NaN,NaN,NaN,NaN,NaN,NaN,NaN,NaN,NaN,NaN,NaN,NaN,NaN,NaN,NaN,NaN,NaN,NaN,NaN,NaN,NaN,NaN,NaN,NaN,NaN,NaN,NaN,NaN,NaN,NaN,NaN,NaN,NaN,NaN,NaN,NaN,NaN,NaN,NaN,NaN,NaN,NaN,NaN,NaN,NaN,NaN,NaN,NaN,NaN,NaN,NaN,NaN,NaN,NaN,NaN,NaN,NaN,NaN,NaN,NaN,NaN,NaN,NaN,NaN,NaN,NaN,NaN,NaN,NaN,NaN,NaN,NaN,NaN,NaN,NaN,NaN,NaN,NaN,NaN,NaN,NaN,NaN,NaN,NaN,NaN,NaN,NaN,NaN,NaN,NaN,NaN,NaN,NaN,NaN,NaN,NaN,NaN,NaN,NaN,NaN,NaN,NaN,NaN,NaN,NaN,NaN,NaN,NaN,NaN,NaN,NaN,NaN,NaN,NaN,NaN,NaN,NaN,NaN,NaN,NaN,NaN,NaN,NaN,NaN,NaN,NaN,NaN,NaN,NaN,NaN,NaN,NaN,NaN,NaN,NaN,NaN,NaN,NaN,NaN,NaN,NaN,NaN,NaN,NaN,NaN,NaN,NaN,NaN,NaN,NaN,NaN,NaN,NaN,NaN,NaN,NaN,NaN,NaN,NaN,NaN,NaN,NaN,NaN,NaN,-0.0128132000324252,-0.0886794086568617,-0.0955164457944847,-0.0974563186343913,-0.0976464023207522,NaN,NaN,NaN,-0.106863282699463,-0.108977053453286,-0.111945311758595,-0.113953721511642,NaN,NaN,NaN,NaN,NaN,NaN,NaN,NaN,NaN,NaN,NaN,NaN,-0.105171167523007,-0.105266481238509,-0.104919432380062,-0.10447720432515,-0.103971052871455,NaN,NaN,NaN,NaN,-0.10612013852549,-0.104572484053393,-0.105691432296982,NaN,NaN,NaN,NaN,NaN,NaN,NaN,NaN,NaN,NaN,NaN,NaN,NaN,NaN,NaN,NaN,NaN,NaN,NaN,NaN,NaN,NaN,NaN,NaN,NaN,NaN,NaN,NaN,NaN,NaN,NaN,NaN,NaN,NaN,NaN,NaN,NaN,NaN,NaN,NaN,NaN,NaN
NaN,NaN,NaN,NaN,NaN,NaN,NaN,NaN,NaN,NaN,NaN,NaN,NaN,NaN,NaN,NaN,NaN,NaN,NaN,NaN,NaN,NaN,NaN,NaN,NaN,NaN,NaN,NaN,NaN,NaN,NaN,NaN,NaN,NaN,NaN,NaN,NaN,NaN,NaN,NaN,NaN,NaN,NaN,NaN,NaN,NaN,NaN,NaN,NaN,NaN,NaN,NaN,NaN,NaN,NaN,NaN,NaN,NaN,NaN,NaN,NaN,NaN,NaN,NaN,NaN,NaN,NaN,NaN,NaN,NaN,NaN,NaN,NaN,NaN,NaN,NaN,NaN,NaN,NaN,NaN,NaN,NaN,NaN,NaN,NaN,NaN,NaN,NaN,NaN,NaN,NaN,NaN,NaN,NaN,NaN,NaN,NaN,NaN,NaN,NaN,NaN,NaN,NaN,NaN,NaN,NaN,NaN,NaN,NaN,NaN,NaN,NaN,NaN,NaN,NaN,NaN,NaN,NaN,NaN,NaN,NaN,NaN,NaN,NaN,NaN,NaN,NaN,NaN,NaN,NaN,NaN,NaN,NaN,NaN,NaN,NaN,NaN,NaN,NaN,NaN,NaN,NaN,NaN,NaN,NaN,NaN,NaN,NaN,NaN,NaN,NaN,NaN,NaN,NaN,NaN,NaN,NaN,NaN,NaN,NaN,NaN,NaN,NaN,NaN,NaN,NaN,NaN,-0.0872149958753868,-0.0909439010290654,-0.0933459201081319,-0.0962855888811286,-0.093724411756278,-0.034173941093038,NaN,NaN,-0.113437201430481,-0.109684434184796,-0.109341466313054,-0.112549101227104,NaN,NaN,NaN,NaN,NaN,NaN,NaN,NaN,NaN,NaN,NaN,NaN,-0.105294916716141,-0.105153213463133,-0.104704032050763,-0.10431794511578,-0.104015763352195,NaN,NaN,NaN,NaN,-0.103896845610525,-0.104033029201022,-0.10440379122502,-0.104614653581503,-0.103233620968709,-0.0783467130760885,NaN,NaN,NaN,NaN,NaN,NaN,NaN,NaN,NaN,NaN,NaN,NaN,NaN,NaN,NaN,NaN,NaN,NaN,NaN,NaN,NaN,NaN,NaN,NaN,NaN,NaN,NaN,NaN,NaN,NaN,NaN,NaN,NaN,NaN,NaN,NaN,NaN,NaN,NaN
NaN,NaN,NaN,NaN,NaN,NaN,NaN,NaN,NaN,NaN,NaN,NaN,NaN,NaN,NaN,NaN,NaN,NaN,NaN,NaN,NaN,NaN,NaN,NaN,NaN,NaN,NaN,NaN,NaN,NaN,NaN,NaN,NaN,NaN,NaN,NaN,NaN,NaN,NaN,NaN,NaN,NaN,NaN,NaN,NaN,NaN,NaN,NaN,NaN,NaN,NaN,NaN,NaN,NaN,NaN,NaN,NaN,NaN,NaN,NaN,NaN,NaN,NaN,NaN,NaN,NaN,NaN,NaN,NaN,NaN,NaN,NaN,NaN,NaN,NaN,NaN,NaN,NaN,NaN,NaN,NaN,NaN,NaN,NaN,NaN,NaN,NaN,NaN,NaN,NaN,NaN,NaN,NaN,NaN,NaN,NaN,NaN,NaN,NaN,NaN,NaN,NaN,NaN,NaN,NaN,NaN,NaN,NaN,NaN,NaN,NaN,NaN,NaN,NaN,NaN,NaN,NaN,NaN,NaN,NaN,NaN,NaN,NaN,NaN,NaN,NaN,NaN,NaN,NaN,NaN,NaN,NaN,NaN,NaN,NaN,NaN,NaN,NaN,NaN,NaN,NaN,NaN,NaN,NaN,NaN,NaN,NaN,NaN,NaN,NaN,NaN,NaN,NaN,NaN,NaN,NaN,NaN,NaN,NaN,NaN,NaN,NaN,NaN,NaN,NaN,NaN,NaN,-0.0887358320450017,-0.0964475144625963,-0.0967166431893292,-0.0959611630406322,-0.0384889780349819,0.0647955066294594,NaN,-0.11951544808514,-0.114890839649596,-0.108345161881008,-0.105739424690252,-0.104380310014709,-0.0985499561964316,NaN,NaN,NaN,NaN,NaN,NaN,NaN,NaN,NaN,NaN,-0.10520430509525,-0.105065349073605,-0.104860029781981,-0.104513351378024,-0.104156177215614,NaN,NaN,NaN,NaN,NaN,-0.102845851655545,-0.102940092109167,-0.102950939953328,-0.103385215141658,-0.10312306329061,-0.101446210516218,-0.0824840959674676,-0.0736710238648327,-0.0865634717081448,-0.0834507962903851,NaN,NaN,NaN,NaN,NaN,NaN,NaN,NaN,NaN,NaN,NaN,NaN,NaN,NaN,NaN,NaN,NaN,NaN,NaN,NaN,NaN,NaN,NaN,NaN,NaN,NaN,NaN,NaN,NaN,NaN,NaN,NaN,NaN,NaN,NaN
NaN,NaN,NaN,NaN,NaN,NaN,NaN,NaN,NaN,NaN,NaN,NaN,NaN,NaN,NaN,NaN,NaN,NaN,NaN,NaN,NaN,NaN,NaN,NaN,NaN,NaN,NaN,NaN,NaN,NaN,NaN,NaN,NaN,NaN,NaN,NaN,NaN,NaN,NaN,NaN,NaN,NaN,NaN,NaN,NaN,NaN,NaN,NaN,NaN,NaN,NaN,NaN,NaN,NaN,NaN,NaN,NaN,NaN,NaN,NaN,NaN,NaN,NaN,NaN,NaN,NaN,NaN,NaN,NaN,NaN,NaN,NaN,NaN,NaN,NaN,NaN,NaN,NaN,NaN,NaN,NaN,NaN,NaN,NaN,NaN,NaN,NaN,NaN,NaN,NaN,NaN,NaN,NaN,NaN,NaN,NaN,NaN,NaN,NaN,NaN,NaN,NaN,NaN,NaN,NaN,NaN,NaN,NaN,NaN,NaN,NaN,NaN,NaN,NaN,NaN,NaN,NaN,NaN,NaN,NaN,NaN,NaN,NaN,NaN,NaN,NaN,NaN,NaN,NaN,NaN,NaN,NaN,NaN,NaN,NaN,NaN,NaN,NaN,NaN,NaN,NaN,NaN,NaN,NaN,NaN,NaN,NaN,NaN,NaN,NaN,NaN,NaN,NaN,NaN,NaN,NaN,NaN,NaN,NaN,NaN,NaN,NaN,NaN,NaN,NaN,NaN,NaN,-0.0618358987376234,-0.0976627715155689,-0.0982242980415537,-0.0950354696244561,NaN,NaN,-0.114220820727314,-0.114541982338279,-0.111216019454205,-0.107757646149878,-0.104680677437417,-0.101511744119978,-0.0991157558139394,NaN,NaN,NaN,NaN,NaN,NaN,NaN,NaN,-0.103970500978962,-0.104339634101818,-0.104795729391509,-0.104714416762948,-0.104495555103386,-0.104345129137988,NaN,NaN,NaN,NaN,NaN,NaN,-0.095651319695227,-0.102413690607639,-0.102548005533545,-0.102723392648999,-0.102687504687007,-0.102213432977379,-0.101486644842148,-0.0983273310516874,-0.0890584490499904,-0.0836474941384283,0.000748115581042435,NaN,NaN,NaN,NaN,NaN,NaN,NaN,NaN,NaN,NaN,NaN,NaN,NaN,NaN,NaN,NaN,NaN,NaN,NaN,NaN,NaN,NaN,NaN,NaN,NaN,NaN,NaN,NaN,NaN,NaN,NaN,NaN,NaN,NaN
NaN,NaN,NaN,NaN,NaN,NaN,NaN,NaN,NaN,NaN,NaN,NaN,NaN,NaN,NaN,NaN,NaN,NaN,NaN,NaN,NaN,NaN,NaN,NaN,NaN,NaN,NaN,NaN,NaN,NaN,NaN,NaN,NaN,NaN,NaN,NaN,NaN,NaN,NaN,NaN,NaN,NaN,NaN,NaN,NaN,NaN,NaN,NaN,NaN,NaN,NaN,NaN,NaN,NaN,NaN,NaN,NaN,NaN,NaN,NaN,NaN,NaN,NaN,NaN,NaN,NaN,NaN,NaN,NaN,NaN,NaN,NaN,NaN,NaN,NaN,NaN,NaN,NaN,NaN,NaN,NaN,NaN,NaN,NaN,NaN,NaN,NaN,NaN,NaN,NaN,NaN,NaN,NaN,NaN,NaN,NaN,NaN,NaN,NaN,NaN,NaN,NaN,NaN,NaN,NaN,NaN,NaN,NaN,NaN,NaN,NaN,NaN,NaN,NaN,NaN,NaN,NaN,NaN,NaN,NaN,NaN,NaN,NaN,NaN,NaN,NaN,NaN,NaN,NaN,NaN,NaN,NaN,NaN,NaN,NaN,NaN,NaN,NaN,NaN,NaN,NaN,NaN,NaN,NaN,NaN,NaN,NaN,NaN,NaN,NaN,NaN,NaN,NaN,NaN,NaN,NaN,NaN,NaN,NaN,NaN,NaN,NaN,NaN,NaN,NaN,NaN,NaN,-0.00629773491507557,-0.0895626080709689,-0.101091936337164,NaN,NaN,-0.114076483299712,-0.114373510188652,-0.112536130449623,-0.108494631390383,-0.108313690772283,-0.105143668687914,-0.101325948569633,-0.100256779275168,NaN,NaN,NaN,NaN,NaN,NaN,NaN,-0.103455043488693,-0.103972538780255,-0.104400465475663,-0.104607974109353,-0.104506932998141,-0.104222098133313,-0.103955541468166,NaN,NaN,NaN,NaN,NaN,0.0205234520712778,-0.0735834320623033,-0.0982964492531434,-0.102352265400736,-0.102391630324762,-0.102457946965523,-0.101991800378746,-0.101469732006702,-0.101048591342448,-0.0902509126473665,-0.0839374168477707,-0.0828837014093759,NaN,NaN,NaN,NaN,NaN,NaN,NaN,NaN,NaN,NaN,NaN,NaN,NaN,NaN,NaN,NaN,NaN,NaN,NaN,NaN,NaN,NaN,NaN,NaN,NaN,NaN,NaN,NaN,NaN,NaN,NaN,NaN,NaN,NaN
NaN,NaN,NaN,NaN,NaN,NaN,NaN,NaN,NaN,NaN,NaN,NaN,NaN,NaN,NaN,NaN,NaN,NaN,NaN,NaN,NaN,NaN,NaN,NaN,NaN,NaN,NaN,NaN,NaN,NaN,NaN,NaN,NaN,NaN,NaN,NaN,NaN,NaN,NaN,NaN,NaN,NaN,NaN,NaN,NaN,NaN,NaN,NaN,NaN,NaN,NaN,NaN,NaN,NaN,NaN,NaN,NaN,NaN,NaN,NaN,NaN,NaN,NaN,NaN,NaN,NaN,NaN,NaN,NaN,NaN,NaN,NaN,NaN,NaN,NaN,NaN,NaN,NaN,NaN,NaN,NaN,NaN,NaN,NaN,NaN,NaN,NaN,NaN,NaN,NaN,NaN,NaN,NaN,NaN,NaN,NaN,NaN,NaN,NaN,NaN,NaN,NaN,NaN,NaN,NaN,NaN,NaN,NaN,NaN,NaN,NaN,NaN,NaN,NaN,NaN,NaN,NaN,NaN,NaN,NaN,NaN,NaN,NaN,NaN,NaN,NaN,NaN,NaN,NaN,NaN,NaN,NaN,NaN,NaN,NaN,NaN,NaN,NaN,NaN,NaN,NaN,NaN,NaN,NaN,NaN,NaN,NaN,NaN,NaN,NaN,NaN,NaN,NaN,NaN,NaN,NaN,NaN,NaN,NaN,NaN,NaN,NaN,NaN,NaN,NaN,NaN,NaN,NaN,-0.095350665298228,-0.0683660652963393,-0.109345354865554,-0.111641073977983,-0.114626755553311,-0.116656406856623,-0.116471355219823,-0.112706467569666,-0.108279256398799,-0.103403920899799,-0.100178108732704,-0.100860590559518,NaN,NaN,NaN,NaN,NaN,NaN,NaN,-0.103629929337684,-0.104188191867243,-0.104612865416294,-0.104693558284692,-0.104336804160377,-0.104045737719563,NaN,NaN,NaN,NaN,NaN,NaN,0.124652246305183,0.0205126371863189,-0.0395664854029299,-0.098423167326482,-0.102416250750801,-0.102438601776211,-0.102013245886152,-0.101548443582788,-0.101202110554047,-0.0994739281621998,-0.0838495943312608,0.000484310028502171,NaN,NaN,NaN,NaN,NaN,NaN,NaN,NaN,NaN,NaN,NaN,NaN,NaN,NaN,NaN,NaN,NaN,NaN,NaN,NaN,NaN,NaN,NaN,NaN,NaN,NaN,NaN,NaN,NaN,NaN,NaN,NaN,NaN,NaN
NaN,NaN,NaN,NaN,NaN,NaN,NaN,NaN,NaN,NaN,NaN,NaN,NaN,NaN,NaN,NaN,NaN,NaN,NaN,NaN,NaN,NaN,NaN,NaN,NaN,NaN,NaN,NaN,NaN,NaN,NaN,NaN,NaN,NaN,NaN,NaN,NaN,NaN,NaN,NaN,NaN,NaN,NaN,NaN,NaN,NaN,NaN,NaN,NaN,NaN,NaN,NaN,NaN,NaN,NaN,NaN,NaN,NaN,NaN,NaN,NaN,NaN,NaN,NaN,NaN,NaN,NaN,NaN,NaN,NaN,NaN,NaN,NaN,NaN,NaN,NaN,NaN,NaN,NaN,NaN,NaN,NaN,NaN,NaN,NaN,NaN,NaN,NaN,NaN,NaN,NaN,NaN,NaN,NaN,NaN,NaN,NaN,NaN,NaN,NaN,NaN,NaN,NaN,NaN,NaN,NaN,NaN,NaN,NaN,NaN,NaN,NaN,NaN,NaN,NaN,NaN,NaN,NaN,NaN,NaN,NaN,NaN,NaN,NaN,NaN,NaN,NaN,NaN,NaN,NaN,NaN,NaN,NaN,NaN,NaN,NaN,NaN,NaN,NaN,NaN,NaN,NaN,NaN,NaN,NaN,NaN,NaN,NaN,NaN,NaN,NaN,NaN,NaN,NaN,NaN,NaN,NaN,NaN,NaN,NaN,NaN,NaN,NaN,NaN,NaN,NaN,NaN,NaN,-0.0306954947066858,-0.0851458482003647,-0.10997778167852,-0.111008178983436,-0.114387109234434,-0.118096624298225,-0.118506920317715,-0.112989721200051,-0.104554272576317,-0.100327657005073,-0.0977591121639497,NaN,NaN,NaN,NaN,NaN,NaN,NaN,NaN,-0.104818691358754,-0.104964707875476,-0.105221711356133,-0.105157880410665,NaN,NaN,NaN,NaN,NaN,NaN,0.315069173152065,0.270940944783321,0.20889230812979,NaN,-0.00437535851952274,-0.0870199026898569,-0.0985351970214962,-0.102469386793941,-0.102138641448077,-0.101664678503976,-0.101325902625636,-0.101051869945641,-0.0882466307184147,-0.00942699762418795,NaN,NaN,NaN,NaN,NaN,NaN,NaN,NaN,NaN,NaN,NaN,NaN,NaN,NaN,NaN,NaN,NaN,NaN,NaN,NaN,NaN,NaN,NaN,NaN,NaN,NaN,NaN,NaN,NaN,NaN,NaN,NaN,NaN,NaN
NaN,NaN,NaN,NaN,NaN,NaN,NaN,NaN,NaN,NaN,NaN,NaN,NaN,NaN,NaN,NaN,NaN,NaN,NaN,NaN,NaN,NaN,NaN,NaN,NaN,NaN,NaN,NaN,NaN,NaN,NaN,NaN,NaN,NaN,NaN,NaN,NaN,NaN,NaN,NaN,NaN,NaN,NaN,NaN,NaN,NaN,NaN,NaN,NaN,NaN,NaN,NaN,NaN,NaN,NaN,NaN,NaN,NaN,NaN,NaN,NaN,NaN,NaN,NaN,NaN,NaN,NaN,NaN,NaN,NaN,NaN,NaN,NaN,NaN,NaN,NaN,NaN,NaN,NaN,NaN,NaN,NaN,NaN,NaN,NaN,NaN,NaN,NaN,NaN,NaN,NaN,NaN,NaN,NaN,NaN,NaN,NaN,NaN,NaN,NaN,NaN,NaN,NaN,NaN,NaN,NaN,NaN,NaN,NaN,NaN,NaN,NaN,NaN,NaN,NaN,NaN,NaN,NaN,NaN,NaN,NaN,NaN,NaN,NaN,NaN,NaN,NaN,NaN,NaN,NaN,NaN,NaN,NaN,NaN,NaN,NaN,NaN,NaN,NaN,NaN,NaN,NaN,NaN,NaN,NaN,NaN,NaN,NaN,NaN,NaN,NaN,NaN,NaN,NaN,NaN,NaN,NaN,NaN,NaN,NaN,NaN,NaN,NaN,NaN,NaN,NaN,NaN,NaN,-0.0841382858022791,-0.108578637297239,-0.11015488012866,NaN,-0.11542331292898,-0.11293049594581,-0.111111383768411,-0.105670725052206,-0.100001955345403,-0.0981220296813769,-0.0962273288505554,NaN,NaN,NaN,NaN,NaN,NaN,NaN,NaN,-0.106443630712531,-0.106569968361685,-0.105970528123682,NaN,NaN,NaN,NaN,NaN,NaN,NaN,0.306904176637214,0.259380852645066,0.19283263947857,0.103527215724479,-0.00251178568781254,-0.0862161882070995,-0.0865636144817762,-0.101565739400771,-0.102293393370971,-0.101850921481185,-0.101450119915552,-0.101211837904598,-0.100099957753245,NaN,NaN,NaN,NaN,NaN,NaN,NaN,NaN,NaN,NaN,NaN,NaN,NaN,NaN,NaN,NaN,NaN,NaN,NaN,NaN,NaN,NaN,NaN,NaN,NaN,NaN,NaN,NaN,NaN,NaN,NaN,NaN,NaN,NaN,NaN
NaN,NaN,NaN,NaN,NaN,NaN,NaN,NaN,NaN,NaN,NaN,NaN,NaN,NaN,NaN,NaN,NaN,NaN,NaN,NaN,NaN,NaN,NaN,NaN,NaN,NaN,NaN,NaN,NaN,NaN,NaN,NaN,NaN,NaN,NaN,NaN,NaN,NaN,NaN,NaN,NaN,NaN,NaN,NaN,NaN,NaN,NaN,NaN,NaN,NaN,NaN,NaN,NaN,NaN,NaN,NaN,NaN,NaN,NaN,NaN,NaN,NaN,NaN,NaN,NaN,NaN,NaN,NaN,NaN,NaN,NaN,NaN,NaN,NaN,NaN,NaN,NaN,NaN,NaN,NaN,NaN,NaN,NaN,NaN,NaN,NaN,NaN,NaN,NaN,NaN,NaN,NaN,NaN,NaN,NaN,NaN,NaN,NaN,NaN,NaN,NaN,NaN,NaN,NaN,NaN,NaN,NaN,NaN,NaN,NaN,NaN,NaN,NaN,NaN,NaN,NaN,NaN,NaN,NaN,NaN,NaN,NaN,NaN,NaN,NaN,NaN,NaN,NaN,NaN,NaN,NaN,NaN,NaN,NaN,NaN,NaN,NaN,NaN,NaN,NaN,NaN,NaN,NaN,NaN,NaN,NaN,NaN,NaN,NaN,NaN,NaN,NaN,NaN,NaN,NaN,NaN,NaN,NaN,NaN,NaN,NaN,NaN,NaN,NaN,NaN,NaN,NaN,NaN,NaN,-0.109935663822103,-0.108689481243468,-0.108554473071619,-0.110762639078682,-0.109760950951015,-0.105939237347422,-0.100146805222328,-0.097648666385703,-0.0970109081571304,-0.0960548203517664,NaN,NaN,NaN,NaN,NaN,NaN,NaN,NaN,-0.108930293071386,-0.109436318917855,NaN,NaN,NaN,NaN,NaN,NaN,NaN,NaN,0.339891744745106,0.30686416367464,0.259392432129818,0.192808610468705,0.103573273116635,NaN,-0.0255723337801481,-0.0950304051753377,-0.102412525582854,-0.102103691279318,-0.10171004248498,-0.10162113864286,NaN,NaN,NaN,NaN,NaN,NaN,NaN,NaN,NaN,NaN,NaN,NaN,NaN,NaN,NaN,NaN,NaN,NaN,NaN,NaN,NaN,NaN,NaN,NaN,NaN,NaN,NaN,NaN,NaN,NaN,NaN,NaN,NaN,NaN,NaN,NaN
NaN,NaN,NaN,NaN,NaN,NaN,NaN,NaN,NaN,NaN,NaN,NaN,NaN,NaN,NaN,NaN,NaN,NaN,NaN,NaN,NaN,NaN,NaN,NaN,NaN,NaN,NaN,NaN,NaN,NaN,NaN,NaN,NaN,NaN,NaN,NaN,NaN,NaN,NaN,NaN,NaN,NaN,NaN,NaN,NaN,NaN,NaN,NaN,NaN,NaN,NaN,NaN,NaN,NaN,NaN,NaN,NaN,NaN,NaN,NaN,NaN,NaN,NaN,NaN,NaN,NaN,NaN,NaN,NaN,NaN,NaN,NaN,NaN,NaN,NaN,NaN,NaN,NaN,NaN,NaN,NaN,NaN,NaN,NaN,NaN,NaN,NaN,NaN,NaN,NaN,NaN,NaN,NaN,NaN,NaN,NaN,NaN,NaN,NaN,NaN,NaN,NaN,NaN,NaN,NaN,NaN,NaN,NaN,NaN,NaN,NaN,NaN,NaN,NaN,NaN,NaN,NaN,NaN,NaN,NaN,NaN,NaN,NaN,NaN,NaN,NaN,NaN,NaN,NaN,NaN,NaN,NaN,NaN,NaN,NaN,NaN,NaN,NaN,NaN,NaN,NaN,NaN,NaN,NaN,NaN,NaN,NaN,NaN,NaN,NaN,NaN,NaN,NaN,NaN,NaN,NaN,NaN,NaN,NaN,NaN,NaN,NaN,NaN,NaN,NaN,NaN,NaN,NaN,NaN,-0.110254277505821,-0.109489902164858,-0.108911762368243,-0.108242744708584,-0.10876715916935,-0.106972754515739,-0.100584695194793,-0.0977404793225061,-0.0969653685948513,-0.0962233269738684,NaN,NaN,NaN,NaN,NaN,NaN,-0.106685336456912,-0.112022452856862,-0.105829645109553,NaN,NaN,NaN,NaN,NaN,NaN,NaN,NaN,NaN,NaN,NaN,NaN,NaN,NaN,NaN,-0.075663903931068,-0.0871761472882674,-0.102294472377305,-0.102191412654308,-0.101805712026366,-0.101634582638949,-0.0949658948313647,NaN,NaN,NaN,NaN,NaN,NaN,NaN,NaN,NaN,NaN,NaN,NaN,NaN,NaN,NaN,NaN,NaN,NaN,NaN,NaN,NaN,NaN,NaN,NaN,NaN,NaN,NaN,NaN,NaN,NaN,NaN,NaN,NaN,NaN,NaN
NaN,NaN,NaN,NaN,NaN,NaN,NaN,NaN,NaN,NaN,NaN,NaN,NaN,NaN,NaN,NaN,NaN,NaN,NaN,NaN,NaN,NaN,NaN,NaN,NaN,NaN,NaN,NaN,NaN,NaN,NaN,NaN,NaN,NaN,NaN,NaN,NaN,NaN,NaN,NaN,NaN,NaN,NaN,NaN,NaN,NaN,NaN,NaN,NaN,NaN,NaN,NaN,NaN,NaN,NaN,NaN,NaN,NaN,NaN,NaN,NaN,NaN,NaN,NaN,NaN,NaN,NaN,NaN,NaN,NaN,NaN,NaN,NaN,NaN,NaN,NaN,NaN,NaN,NaN,NaN,NaN,NaN,NaN,NaN,NaN,NaN,NaN,NaN,NaN,NaN,NaN,NaN,NaN,NaN,NaN,NaN,NaN,NaN,NaN,NaN,NaN,NaN,NaN,NaN,NaN,NaN,NaN,NaN,NaN,NaN,NaN,NaN,NaN,NaN,NaN,NaN,NaN,NaN,NaN,NaN,NaN,NaN,NaN,NaN,NaN,NaN,NaN,NaN,NaN,NaN,NaN,NaN,NaN,NaN,NaN,NaN,NaN,NaN,NaN,NaN,NaN,NaN,NaN,NaN,NaN,NaN,NaN,NaN,NaN,NaN,NaN,NaN,NaN,NaN,NaN,NaN,NaN,NaN,NaN,NaN,NaN,NaN,NaN,NaN,NaN,NaN,NaN,NaN,NaN,-0.110501069672806,-0.110254721747517,-0.109925314562181,-0.109212401147544,-0.10651913367898,-0.104567273859685,-0.101573009979558,-0.0990430828836101,-0.0978741968099031,NaN,NaN,NaN,NaN,NaN,NaN,-0.103943196294982,-0.106437705994355,-0.108370319086898,-0.0996700274275489,NaN,NaN,NaN,NaN,NaN,NaN,NaN,NaN,NaN,NaN,NaN,NaN,NaN,NaN,NaN,-0.00153302968334654,-0.0855483293523505,-0.102180063718179,-0.101963086046323,-0.101576918540568,-0.101374450691228,-0.0985920383591224,-0.0461806383979187,-0.0470892101220152,-0.0469445457364597,0.00643765167600273,NaN,NaN,NaN,NaN,NaN,NaN,NaN,NaN,NaN,NaN,NaN,NaN,NaN,NaN,NaN,NaN,NaN,NaN,NaN,NaN,NaN,NaN,NaN,NaN,NaN,NaN,NaN,NaN,NaN,NaN,NaN
NaN,NaN,NaN,NaN,NaN,NaN,NaN,NaN,NaN,NaN,NaN,NaN,NaN,NaN,NaN,NaN,NaN,NaN,NaN,NaN,NaN,NaN,NaN,NaN,NaN,NaN,NaN,NaN,NaN,NaN,NaN,NaN,NaN,NaN,NaN,NaN,NaN,NaN,NaN,NaN,NaN,NaN,NaN,NaN,NaN,NaN,NaN,NaN,NaN,NaN,NaN,NaN,NaN,NaN,NaN,NaN,NaN,NaN,NaN,NaN,NaN,NaN,NaN,NaN,NaN,NaN,NaN,NaN,NaN,NaN,NaN,NaN,NaN,NaN,NaN,NaN,NaN,NaN,NaN,NaN,NaN,NaN,NaN,NaN,NaN,NaN,NaN,NaN,NaN,NaN,NaN,NaN,NaN,NaN,NaN,NaN,NaN,NaN,NaN,NaN,NaN,NaN,NaN,NaN,NaN,NaN,NaN,NaN,NaN,NaN,NaN,NaN,NaN,NaN,NaN,NaN,NaN,NaN,NaN,NaN,NaN,NaN,NaN,NaN,NaN,NaN,NaN,NaN,NaN,NaN,NaN,NaN,NaN,NaN,NaN,NaN,NaN,NaN,NaN,NaN,NaN,NaN,NaN,NaN,NaN,NaN,NaN,NaN,NaN,NaN,NaN,NaN,NaN,NaN,NaN,NaN,NaN,NaN,NaN,NaN,NaN,NaN,NaN,NaN,NaN,NaN,NaN,NaN,NaN,-0.110651632550261,-0.111184615603353,-0.110733327396463,-0.110796558451067,-0.107743643879074,-0.102522521338533,-0.099953719147784,-0.0990915079085743,-0.0983239149994789,-0.0982037871604665,-0.0984237986054029,-0.099100006061105,-0.100508637336211,-0.100972808950706,-0.102534933676091,-0.103175825450684,-0.107318640692148,NaN,NaN,NaN,NaN,NaN,NaN,NaN,NaN,NaN,NaN,NaN,NaN,NaN,NaN,NaN,NaN,NaN,NaN,-0.098150302537254,-0.102145481441303,-0.101789198597651,-0.101429469857172,-0.101254729884262,-0.0975728677288317,-0.0835039372878419,-0.039793365799505,-0.0471105849874145,0.00605808099392524,NaN,NaN,NaN,NaN,NaN,NaN,NaN,NaN,NaN,NaN,NaN,NaN,NaN,NaN,NaN,NaN,NaN,NaN,NaN,NaN,NaN,NaN,NaN,NaN,NaN,NaN,NaN,NaN,NaN,NaN,NaN
NaN,NaN,NaN,NaN,NaN,NaN,NaN,NaN,NaN,NaN,NaN,NaN,NaN,NaN,NaN,NaN,NaN,NaN,NaN,NaN,NaN,NaN,NaN,NaN,NaN,NaN,NaN,NaN,NaN,NaN,NaN,NaN,NaN,NaN,NaN,NaN,NaN,NaN,NaN,NaN,NaN,NaN,NaN,NaN,NaN,NaN,NaN,NaN,NaN,NaN,NaN,NaN,NaN,NaN,NaN,NaN,NaN,NaN,NaN,NaN,NaN,NaN,NaN,NaN,NaN,NaN,NaN,NaN,NaN,NaN,NaN,NaN,NaN,NaN,NaN,NaN,NaN,NaN,NaN,NaN,NaN,NaN,NaN,NaN,NaN,NaN,NaN,NaN,NaN,NaN,NaN,NaN,NaN,NaN,NaN,NaN,NaN,NaN,NaN,NaN,NaN,NaN,NaN,NaN,NaN,NaN,NaN,NaN,NaN,NaN,NaN,NaN,NaN,NaN,NaN,NaN,NaN,NaN,NaN,NaN,NaN,NaN,NaN,NaN,NaN,NaN,NaN,NaN,NaN,NaN,NaN,NaN,NaN,NaN,NaN,NaN,NaN,NaN,NaN,NaN,NaN,NaN,NaN,NaN,NaN,NaN,NaN,NaN,NaN,NaN,NaN,NaN,NaN,NaN,NaN,NaN,NaN,NaN,NaN,NaN,NaN,NaN,NaN,NaN,NaN,NaN,NaN,NaN,NaN,-0.121745048613937,-0.114925814614764,-0.113354124923331,-0.112079094751902,-0.109472476631711,-0.103163662688186,-0.100137176053055,-0.0991307951624622,-0.0984810045401139,-0.0984720689360093,-0.0986597329426261,-0.0989718341513062,-0.100127815980387,-0.10085859836157,-0.0988558730287223,-0.0984121096201919,NaN,NaN,NaN,NaN,NaN,NaN,NaN,NaN,NaN,NaN,NaN,NaN,NaN,NaN,NaN,NaN,NaN,NaN,NaN,-0.101548808007407,-0.102034695959136,-0.101877333558329,-0.101510267811558,-0.100072230866162,-0.0891569260864253,-0.0586356855330201,0.0417390722148693,NaN,NaN,NaN,NaN,NaN,NaN,NaN,NaN,NaN,NaN,NaN,NaN,NaN,NaN,NaN,NaN,NaN,NaN,NaN,NaN,NaN,NaN,NaN,NaN,NaN,NaN,NaN,NaN,NaN,NaN,NaN,NaN,NaN
NaN,NaN,NaN,NaN,NaN,NaN,NaN,NaN,NaN,NaN,NaN,NaN,NaN,NaN,NaN,NaN,NaN,NaN,NaN,NaN,NaN,NaN,NaN,NaN,NaN,NaN,NaN,NaN,NaN,NaN,NaN,NaN,NaN,NaN,NaN,NaN,NaN,NaN,NaN,NaN,NaN,NaN,NaN,NaN,NaN,NaN,NaN,NaN,NaN,NaN,NaN,NaN,NaN,NaN,NaN,NaN,NaN,NaN,NaN,NaN,NaN,NaN,NaN,NaN,NaN,NaN,NaN,NaN,NaN,NaN,NaN,NaN,NaN,NaN,NaN,NaN,NaN,NaN,NaN,NaN,NaN,NaN,NaN,NaN,NaN,NaN,NaN,NaN,NaN,NaN,NaN,NaN,NaN,NaN,NaN,NaN,NaN,NaN,NaN,NaN,NaN,NaN,NaN,NaN,NaN,NaN,NaN,NaN,NaN,NaN,NaN,NaN,NaN,NaN,NaN,NaN,NaN,NaN,NaN,NaN,NaN,NaN,NaN,NaN,NaN,NaN,NaN,NaN,NaN,NaN,NaN,NaN,NaN,NaN,NaN,NaN,NaN,NaN,NaN,NaN,NaN,NaN,NaN,NaN,NaN,NaN,NaN,NaN,NaN,NaN,NaN,NaN,NaN,NaN,NaN,NaN,NaN,NaN,NaN,NaN,NaN,NaN,NaN,NaN,NaN,NaN,NaN,-0.0941585898921621,-0.105199173432188,-0.116982388571863,-0.118740243083143,-0.120150250497439,-0.116603250064141,-0.109704005985329,-0.103429837691248,-0.100264198131904,-0.0992621848697726,-0.0987506291820798,-0.0987422269035652,-0.0987074510311714,-0.0988114770846029,NaN,NaN,-0.0969696978550975,-0.0947745343333693,NaN,NaN,NaN,NaN,NaN,NaN,NaN,NaN,NaN,NaN,NaN,NaN,NaN,NaN,NaN,NaN,NaN,NaN,NaN,-0.101721889542537,-0.101787409656221,-0.101808025164656,-0.101560718548346,-0.0977576770229555,-0.0407755847016391,0.0416384628983847,0.142958510090268,NaN,NaN,NaN,NaN,NaN,NaN,NaN,NaN,NaN,NaN,NaN,NaN,NaN,NaN,NaN,NaN,NaN,NaN,NaN,NaN,NaN,NaN,NaN,NaN,NaN,NaN,NaN,NaN,NaN,NaN,NaN,NaN,NaN
NaN,NaN,NaN,NaN,NaN,NaN,NaN,NaN,NaN,NaN,NaN,NaN,NaN,NaN,NaN,NaN,NaN,NaN,NaN,NaN,NaN,NaN,NaN,NaN,NaN,NaN,NaN,NaN,NaN,NaN,NaN,NaN,NaN,NaN,NaN,NaN,NaN,NaN,NaN,NaN,NaN,NaN,NaN,NaN,NaN,NaN,NaN,NaN,NaN,NaN,NaN,NaN,NaN,NaN,NaN,NaN,NaN,NaN,NaN,NaN,NaN,NaN,NaN,NaN,NaN,NaN,NaN,NaN,NaN,NaN,NaN,NaN,NaN,NaN,NaN,NaN,NaN,NaN,NaN,NaN,NaN,NaN,NaN,NaN,NaN,NaN,NaN,NaN,NaN,NaN,NaN,NaN,NaN,NaN,NaN,NaN,NaN,NaN,NaN,NaN,NaN,NaN,NaN,NaN,NaN,NaN,NaN,NaN,NaN,NaN,NaN,NaN,NaN,NaN,NaN,NaN,NaN,NaN,NaN,NaN,NaN,NaN,NaN,NaN,NaN,NaN,NaN,NaN,NaN,NaN,NaN,NaN,NaN,NaN,NaN,NaN,NaN,NaN,NaN,NaN,NaN,NaN,NaN,NaN,NaN,NaN,NaN,NaN,NaN,NaN,NaN,NaN,NaN,NaN,NaN,NaN,NaN,NaN,NaN,NaN,NaN,NaN,NaN,NaN,NaN,NaN,-0.0888198696420729,-0.0943886420438122,-0.104685171013512,-0.117951183698632,-0.125563086106681,-0.129748323695364,NaN,NaN,NaN,-0.0995785236701409,-0.0989592859324687,-0.0990380638688866,-0.0988513168816577,NaN,NaN,NaN,NaN,NaN,NaN,NaN,NaN,NaN,NaN,NaN,NaN,NaN,NaN,NaN,NaN,NaN,NaN,NaN,NaN,NaN,NaN,NaN,NaN,-0.10138834782326,-0.101497377100261,-0.101675098549053,-0.10174725376452,-0.101034142876863,-0.0726933278508415,NaN,NaN,NaN,NaN,NaN,NaN,NaN,NaN,NaN,NaN,NaN,NaN,NaN,NaN,NaN,NaN,NaN,NaN,NaN,NaN,NaN,NaN,NaN,NaN,NaN,NaN,NaN,NaN,NaN,NaN,NaN,NaN,NaN,NaN,NaN,NaN
NaN,NaN,NaN,NaN,NaN,NaN,NaN,NaN,NaN,NaN,NaN,NaN,NaN,NaN,NaN,NaN,NaN,NaN,NaN,NaN,NaN,NaN,NaN,NaN,NaN,NaN,NaN,NaN,NaN,NaN,NaN,NaN,NaN,NaN,NaN,NaN,NaN,NaN,NaN,NaN,NaN,NaN,NaN,NaN,NaN,NaN,NaN,NaN,NaN,NaN,NaN,NaN,NaN,NaN,NaN,NaN,NaN,NaN,NaN,NaN,NaN,NaN,NaN,NaN,NaN,NaN,NaN,NaN,NaN,NaN,NaN,NaN,NaN,NaN,NaN,NaN,NaN,NaN,NaN,NaN,NaN,NaN,NaN,NaN,NaN,NaN,NaN,NaN,NaN,NaN,NaN,NaN,NaN,NaN,NaN,NaN,NaN,NaN,NaN,NaN,NaN,NaN,NaN,NaN,NaN,NaN,NaN,NaN,NaN,NaN,NaN,NaN,NaN,NaN,NaN,NaN,NaN,NaN,NaN,NaN,NaN,NaN,NaN,NaN,NaN,NaN,NaN,NaN,NaN,NaN,NaN,NaN,NaN,NaN,NaN,NaN,NaN,NaN,NaN,NaN,NaN,NaN,NaN,NaN,NaN,NaN,NaN,NaN,NaN,NaN,NaN,NaN,NaN,NaN,NaN,NaN,NaN,NaN,NaN,NaN,NaN,NaN,NaN,NaN,NaN,NaN,-0.0895169728204498,-0.0954583926831253,-0.107644713737018,-0.125399005209889,-0.130681477982263,NaN,NaN,NaN,-0.0979427606552708,-0.100025025396389,-0.097506349155056,NaN,NaN,NaN,NaN,NaN,NaN,NaN,NaN,NaN,NaN,NaN,NaN,NaN,NaN,NaN,NaN,NaN,NaN,NaN,NaN,NaN,NaN,NaN,NaN,NaN,NaN,-0.101428857205341,-0.101487267620199,-0.101642896774502,-0.101683305011828,-0.0893688206752499,-0.0111249460005338,NaN,NaN,NaN,NaN,NaN,NaN,NaN,NaN,NaN,NaN,NaN,NaN,NaN,NaN,NaN,NaN,NaN,NaN,NaN,NaN,NaN,NaN,NaN,NaN,NaN,NaN,NaN,NaN,NaN,NaN,NaN,NaN,NaN,NaN,NaN,NaN
NaN,NaN,NaN,NaN,NaN,NaN,NaN,NaN,NaN,NaN,NaN,NaN,NaN,NaN,NaN,NaN,NaN,NaN,NaN,NaN,NaN,NaN,NaN,NaN,NaN,NaN,NaN,NaN,NaN,NaN,NaN,NaN,NaN,NaN,NaN,NaN,NaN,NaN,NaN,NaN,NaN,NaN,NaN,NaN,NaN,NaN,NaN,NaN,NaN,NaN,NaN,NaN,NaN,NaN,NaN,NaN,NaN,NaN,NaN,NaN,NaN,NaN,NaN,NaN,NaN,NaN,NaN,NaN,NaN,NaN,NaN,NaN,NaN,NaN,NaN,NaN,NaN,NaN,NaN,NaN,NaN,NaN,NaN,NaN,NaN,NaN,NaN,NaN,NaN,NaN,NaN,NaN,NaN,NaN,NaN,NaN,NaN,NaN,NaN,NaN,NaN,NaN,NaN,NaN,NaN,NaN,NaN,NaN,NaN,NaN,NaN,NaN,NaN,NaN,NaN,NaN,NaN,NaN,NaN,NaN,NaN,NaN,NaN,NaN,NaN,NaN,NaN,NaN,NaN,NaN,NaN,NaN,NaN,NaN,NaN,NaN,NaN,NaN,NaN,NaN,NaN,NaN,NaN,NaN,NaN,NaN,NaN,NaN,NaN,NaN,NaN,NaN,NaN,NaN,NaN,NaN,NaN,NaN,NaN,NaN,NaN,NaN,NaN,NaN,NaN,NaN,-0.0894181453397326,-0.0958638044233645,-0.114160383214976,-0.137769775456403,NaN,NaN,-0.09483018047106,-0.102548505829565,-0.0971942822183617,NaN,NaN,NaN,NaN,NaN,NaN,NaN,NaN,NaN,NaN,NaN,NaN,NaN,NaN,NaN,NaN,NaN,NaN,NaN,NaN,NaN,NaN,NaN,NaN,NaN,NaN,NaN,-0.101373327162298,-0.101382973412367,-0.101492381799144,-0.10163061589916,-0.10169618850537,-0.0946601067458356,-0.0265596598579924,NaN,NaN,NaN,NaN,NaN,NaN,NaN,NaN,NaN,NaN,NaN,NaN,NaN,NaN,NaN,NaN,NaN,NaN,NaN,NaN,NaN,NaN,NaN,NaN,NaN,NaN,NaN,NaN,NaN,NaN,NaN,NaN,NaN,NaN,NaN,NaN
NaN,NaN,NaN,NaN,NaN,NaN,NaN,NaN,NaN,NaN,NaN,NaN,NaN,NaN,NaN,NaN,NaN,NaN,NaN,NaN,NaN,NaN,NaN,NaN,NaN,NaN,NaN,NaN,NaN,NaN,NaN,NaN,NaN,NaN,NaN,NaN,NaN,NaN,NaN,NaN,NaN,NaN,NaN,NaN,NaN,NaN,NaN,NaN,NaN,NaN,NaN,NaN,NaN,NaN,NaN,NaN,NaN,NaN,NaN,NaN,NaN,NaN,NaN,NaN,NaN,NaN,NaN,NaN,NaN,NaN,NaN,NaN,NaN,NaN,NaN,NaN,NaN,NaN,NaN,NaN,NaN,NaN,NaN,NaN,NaN,NaN,NaN,NaN,NaN,NaN,NaN,NaN,NaN,NaN,NaN,NaN,NaN,NaN,NaN,NaN,NaN,NaN,NaN,NaN,NaN,NaN,NaN,NaN,NaN,NaN,NaN,NaN,NaN,NaN,NaN,NaN,NaN,NaN,NaN,NaN,NaN,NaN,NaN,NaN,NaN,NaN,NaN,NaN,NaN,NaN,NaN,NaN,NaN,NaN,NaN,NaN,NaN,NaN,NaN,NaN,NaN,NaN,NaN,NaN,NaN,NaN,NaN,NaN,NaN,NaN,NaN,NaN,0.364963573310857,0.357485856193404,0.34636236080139,0.329841387768483,0.30556436257777,0.270245136997891,NaN,NaN,NaN,NaN,NaN,NaN,NaN,NaN,-0.0904438651866799,-0.0961713170167086,-0.112894869615021,-0.130959561755713,NaN,NaN,-0.0999124913729149,-0.103494844425216,NaN,NaN,NaN,NaN,NaN,NaN,NaN,NaN,NaN,NaN,NaN,NaN,NaN,NaN,NaN,NaN,NaN,NaN,NaN,NaN,NaN,NaN,NaN,NaN,NaN,NaN,NaN,NaN,-0.100088811426117,-0.101464296683566,-0.101575355517212,-0.101729251178629,-0.101685736580336,-0.0815971860720986,NaN,NaN,NaN,NaN,NaN,NaN,NaN,NaN,NaN,NaN,NaN,NaN,NaN,NaN,NaN,NaN,NaN,NaN,NaN,NaN,NaN,NaN,NaN,NaN,NaN,NaN,NaN,NaN,NaN,NaN,NaN,NaN,NaN,NaN,NaN,NaN,NaN
NaN,NaN,NaN,NaN,NaN,NaN,NaN,NaN,NaN,NaN,NaN,NaN,NaN,NaN,NaN,NaN,NaN,NaN,NaN,NaN,NaN,NaN,NaN,NaN,NaN,NaN,NaN,NaN,NaN,NaN,NaN,NaN,NaN,NaN,NaN,NaN,NaN,NaN,NaN,NaN,NaN,NaN,NaN,NaN,NaN,NaN,NaN,NaN,NaN,NaN,NaN,NaN,NaN,NaN,NaN,NaN,NaN,NaN,NaN,NaN,NaN,NaN,NaN,NaN,NaN,NaN,NaN,NaN,NaN,NaN,NaN,NaN,NaN,NaN,NaN,NaN,NaN,NaN,NaN,NaN,NaN,NaN,NaN,NaN,NaN,NaN,NaN,NaN,NaN,NaN,NaN,NaN,NaN,NaN,NaN,NaN,NaN,NaN,NaN,NaN,NaN,NaN,NaN,NaN,NaN,NaN,NaN,NaN,NaN,NaN,NaN,NaN,NaN,NaN,NaN,NaN,NaN,NaN,NaN,NaN,NaN,NaN,NaN,NaN,NaN,NaN,NaN,NaN,NaN,NaN,NaN,NaN,NaN,NaN,NaN,NaN,NaN,NaN,NaN,NaN,NaN,NaN,NaN,NaN,NaN,NaN,NaN,NaN,NaN,NaN,NaN,NaN,0.357370060163059,0.34627023730643,0.329768087865652,0.305471703223051,0.270151460360064,0.21968679660367,0.150245445675013,0.0599957766139716,-0.0377388662824676,NaN,NaN,NaN,NaN,NaN,-0.0920570540567613,-0.0955986079763511,-0.103661644810992,-0.109974363411289,-0.0991798328285322,-0.0985096295037405,-0.0993879378815863,-0.0991438630082103,NaN,NaN,NaN,NaN,NaN,NaN,NaN,NaN,NaN,NaN,NaN,NaN,NaN,NaN,NaN,NaN,NaN,NaN,NaN,NaN,NaN,NaN,NaN,NaN,NaN,NaN,NaN,-0.0033817972099951,-0.0859163078340624,-0.101138299330172,-0.101755414905835,-0.101672783087317,-0.100706253142467,NaN,NaN,NaN,NaN,NaN,NaN,NaN,NaN,NaN,NaN,NaN,NaN,NaN,NaN,NaN,NaN,NaN,NaN,NaN,NaN,NaN,NaN,NaN,NaN,NaN,NaN,NaN,NaN,NaN,NaN,NaN,NaN,NaN,NaN,NaN,NaN,NaN,NaN
NaN,NaN,NaN,NaN,NaN,NaN,NaN,NaN,NaN,NaN,NaN,NaN,NaN,NaN,NaN,NaN,NaN,NaN,NaN,NaN,NaN,NaN,NaN,NaN,NaN,NaN,NaN,NaN,NaN,NaN,NaN,NaN,NaN,NaN,NaN,NaN,NaN,NaN,NaN,NaN,NaN,NaN,NaN,NaN,NaN,NaN,NaN,NaN,NaN,NaN,NaN,NaN,NaN,NaN,NaN,NaN,NaN,NaN,NaN,NaN,NaN,NaN,NaN,NaN,NaN,NaN,NaN,NaN,NaN,NaN,NaN,NaN,NaN,NaN,NaN,NaN,NaN,NaN,NaN,NaN,NaN,NaN,NaN,NaN,NaN,NaN,NaN,NaN,NaN,NaN,NaN,NaN,NaN,NaN,NaN,NaN,NaN,NaN,NaN,NaN,NaN,NaN,NaN,NaN,NaN,NaN,NaN,NaN,NaN,NaN,NaN,NaN,NaN,NaN,NaN,NaN,NaN,NaN,NaN,NaN,NaN,NaN,NaN,NaN,NaN,NaN,NaN,NaN,NaN,NaN,NaN,NaN,NaN,NaN,NaN,NaN,NaN,NaN,NaN,NaN,NaN,NaN,NaN,NaN,NaN,NaN,NaN,NaN,NaN,NaN,NaN,NaN,NaN,0.329704750885701,0.305425249446338,0.270081657524345,0.219610677464025,0.150048823475262,0.0597583779729698,-0.0380767590596545,-0.0388307497516647,NaN,NaN,-0.092133946103954,-0.0921581122245817,-0.0926152115762569,-0.0920871100309771,-0.0955600243863739,-0.100722812982589,-0.10255703334834,-0.100033369487409,-0.100557181218526,-0.100122167242699,NaN,NaN,NaN,NaN,NaN,NaN,NaN,NaN,NaN,NaN,NaN,NaN,NaN,NaN,NaN,NaN,NaN,NaN,NaN,NaN,NaN,NaN,NaN,NaN,NaN,NaN,-0.00214974290356239,-0.0854430272355137,-0.0854751001596828,-0.08601843101994,-0.0994789643077104,-0.10181911883226,-0.100422333142701,-0.0582823293558957,NaN,NaN,NaN,NaN,NaN,NaN,NaN,NaN,NaN,NaN,NaN,NaN,NaN,NaN,NaN,NaN,NaN,NaN,NaN,NaN,NaN,NaN,NaN,NaN,NaN,NaN,NaN,NaN,NaN,NaN,NaN,NaN,NaN,NaN,NaN,NaN,NaN,NaN
NaN,NaN,NaN,NaN,NaN,NaN,NaN,NaN,NaN,NaN,NaN,NaN,NaN,NaN,NaN,NaN,NaN,NaN,NaN,NaN,NaN,NaN,NaN,NaN,NaN,NaN,NaN,NaN,NaN,NaN,NaN,NaN,NaN,NaN,NaN,NaN,NaN,NaN,NaN,NaN,NaN,NaN,NaN,NaN,NaN,NaN,NaN,NaN,NaN,NaN,NaN,NaN,NaN,NaN,NaN,NaN,NaN,NaN,NaN,NaN,NaN,NaN,NaN,NaN,NaN,NaN,NaN,NaN,NaN,NaN,NaN,NaN,NaN,NaN,NaN,NaN,NaN,NaN,NaN,NaN,NaN,NaN,NaN,NaN,NaN,NaN,NaN,NaN,NaN,NaN,NaN,NaN,NaN,NaN,NaN,NaN,NaN,NaN,NaN,NaN,NaN,NaN,NaN,NaN,NaN,NaN,NaN,NaN,NaN,NaN,NaN,NaN,NaN,NaN,NaN,NaN,NaN,NaN,NaN,NaN,NaN,NaN,NaN,NaN,NaN,NaN,NaN,NaN,NaN,NaN,NaN,NaN,NaN,NaN,NaN,NaN,NaN,NaN,NaN,NaN,NaN,NaN,NaN,NaN,NaN,NaN,NaN,NaN,NaN,NaN,NaN,NaN,NaN,NaN,NaN,NaN,NaN,NaN,0.150103322497535,0.0598086713336818,-0.0381726569949199,-0.0469442705499813,-0.0917453578016096,-0.093546913319366,-0.0930816128679547,NaN,-0.0932736544699756,-0.100532577676702,-0.101537353052714,-0.101405365451396,-0.100118285938496,-0.100674739631934,-0.100224128779789,NaN,NaN,NaN,NaN,NaN,NaN,NaN,NaN,NaN,NaN,NaN,NaN,NaN,NaN,NaN,NaN,NaN,NaN,NaN,NaN,NaN,NaN,NaN,NaN,NaN,NaN,0.103928032378703,-0.00221368707039488,-0.00227915240553611,-0.00362516141853584,-0.0519769826080889,-0.100319441698535,-0.0911725980196893,-0.0870906730860644,-0.00875887267324252,NaN,NaN,NaN,NaN,NaN,NaN,NaN,NaN,NaN,NaN,NaN,NaN,NaN,NaN,NaN,NaN,NaN,NaN,NaN,NaN,NaN,NaN,NaN,NaN,NaN,NaN,NaN,NaN,NaN,NaN,NaN,NaN,NaN,NaN,NaN,NaN,NaN
NaN,NaN,NaN,NaN,NaN,NaN,NaN,NaN,NaN,NaN,NaN,NaN,NaN,NaN,NaN,NaN,NaN,NaN,NaN,NaN,NaN,NaN,NaN,NaN,NaN,NaN,NaN,NaN,NaN,NaN,NaN,NaN,NaN,NaN,NaN,NaN,NaN,NaN,NaN,NaN,NaN,NaN,NaN,NaN,NaN,NaN,NaN,NaN,NaN,NaN,NaN,NaN,NaN,NaN,NaN,NaN,NaN,NaN,NaN,NaN,NaN,NaN,NaN,NaN,NaN,NaN,NaN,NaN,NaN,NaN,NaN,NaN,NaN,NaN,NaN,NaN,NaN,NaN,NaN,NaN,NaN,NaN,NaN,NaN,NaN,NaN,NaN,NaN,NaN,NaN,NaN,NaN,NaN,NaN,NaN,NaN,NaN,NaN,NaN,NaN,NaN,NaN,NaN,NaN,NaN,NaN,NaN,NaN,NaN,NaN,NaN,NaN,NaN,NaN,NaN,NaN,NaN,NaN,NaN,NaN,NaN,NaN,NaN,NaN,NaN,NaN,NaN,NaN,NaN,NaN,NaN,NaN,NaN,NaN,NaN,NaN,NaN,NaN,NaN,NaN,NaN,NaN,NaN,NaN,NaN,NaN,NaN,NaN,NaN,NaN,NaN,NaN,NaN,NaN,NaN,NaN,NaN,NaN,NaN,NaN,NaN,-0.0906062592715783,-0.0924098424012334,-0.0948393403401683,NaN,NaN,NaN,-0.110965517916169,-0.104250308777714,-0.101421090197548,-0.0992907939606414,-0.100108288427855,-0.0998637618172373,NaN,NaN,NaN,NaN,NaN,NaN,NaN,NaN,NaN,NaN,NaN,NaN,NaN,NaN,NaN,NaN,NaN,NaN,NaN,NaN,NaN,NaN,NaN,NaN,NaN,NaN,NaN,NaN,NaN,NaN,NaN,-0.0533267159107116,-0.0860680450779597,-0.0846063042245311,-0.0830014100512493,NaN,NaN,NaN,NaN,NaN,NaN,NaN,NaN,NaN,NaN,NaN,NaN,NaN,NaN,NaN,NaN,NaN,NaN,NaN,NaN,NaN,NaN,NaN,NaN,NaN,NaN,NaN,NaN,NaN,NaN,NaN,NaN,NaN,NaN,NaN,NaN,NaN
NaN,NaN,NaN,NaN,NaN,NaN,NaN,NaN,NaN,NaN,NaN,NaN,NaN,NaN,NaN,NaN,NaN,NaN,NaN,NaN,NaN,NaN,NaN,NaN,NaN,NaN,NaN,NaN,NaN,NaN,NaN,NaN,NaN,NaN,NaN,NaN,NaN,NaN,NaN,NaN,NaN,NaN,NaN,NaN,NaN,NaN,NaN,NaN,NaN,NaN,NaN,NaN,NaN,NaN,NaN,NaN,NaN,NaN,NaN,NaN,NaN,NaN,NaN,NaN,NaN,NaN,NaN,NaN,NaN,NaN,NaN,NaN,NaN,NaN,NaN,NaN,NaN,NaN,NaN,NaN,NaN,NaN,NaN,NaN,NaN,NaN,NaN,NaN,NaN,NaN,NaN,NaN,NaN,NaN,NaN,NaN,NaN,NaN,NaN,NaN,NaN,NaN,NaN,NaN,NaN,NaN,NaN,NaN,NaN,NaN,NaN,NaN,NaN,NaN,NaN,NaN,NaN,NaN,NaN,NaN,NaN,NaN,NaN,NaN,NaN,NaN,NaN,NaN,NaN,NaN,NaN,NaN,NaN,NaN,NaN,NaN,NaN,NaN,NaN,NaN,NaN,NaN,NaN,NaN,NaN,NaN,NaN,NaN,NaN,NaN,NaN,NaN,NaN,NaN,NaN,NaN,NaN,NaN,NaN,NaN,NaN,-0.0793454874150913,-0.0919746005233602,-0.0940713047968014,-0.0960728951515247,-0.0950913098814889,NaN,-0.104890441885268,-0.104464271615082,-0.100938426458375,-0.0995651314733726,-0.0997370207925818,-0.0998030788755066,NaN,NaN,NaN,NaN,NaN,NaN,NaN,NaN,NaN,NaN,NaN,NaN,NaN,NaN,NaN,NaN,NaN,NaN,NaN,NaN,NaN,NaN,NaN,NaN,NaN,NaN,NaN,NaN,NaN,NaN,NaN,-0.0830964578367571,-0.0831885467141503,-0.0833970400119066,-0.0830710828878592,NaN,NaN,NaN,NaN,NaN,NaN,NaN,NaN,NaN,NaN,NaN,NaN,NaN,NaN,NaN,NaN,NaN,NaN,NaN,NaN,NaN,NaN,NaN,NaN,NaN,NaN,NaN,NaN,NaN,NaN,NaN,NaN,NaN,NaN,NaN,NaN,NaN
NaN,NaN,NaN,NaN,NaN,NaN,NaN,NaN,NaN,NaN,NaN,NaN,NaN,NaN,NaN,NaN,NaN,NaN,NaN,NaN,NaN,NaN,NaN,NaN,NaN,NaN,NaN,NaN,NaN,NaN,NaN,NaN,NaN,NaN,NaN,NaN,NaN,NaN,NaN,NaN,NaN,NaN,NaN,NaN,NaN,NaN,NaN,NaN,NaN,NaN,NaN,NaN,NaN,NaN,NaN,NaN,NaN,NaN,NaN,NaN,NaN,NaN,NaN,NaN,NaN,NaN,NaN,NaN,NaN,NaN,NaN,NaN,NaN,NaN,NaN,NaN,NaN,NaN,NaN,NaN,NaN,NaN,NaN,NaN,NaN,NaN,NaN,NaN,NaN,NaN,NaN,NaN,NaN,NaN,NaN,NaN,NaN,NaN,NaN,NaN,NaN,NaN,NaN,NaN,NaN,NaN,NaN,NaN,NaN,NaN,NaN,NaN,NaN,NaN,NaN,NaN,NaN,NaN,NaN,NaN,NaN,NaN,NaN,NaN,NaN,NaN,NaN,NaN,NaN,NaN,NaN,NaN,NaN,NaN,NaN,NaN,NaN,NaN,NaN,NaN,NaN,NaN,NaN,NaN,NaN,NaN,NaN,NaN,NaN,NaN,NaN,NaN,NaN,NaN,NaN,NaN,NaN,NaN,NaN,NaN,NaN,NaN,NaN,NaN,-0.0969128721786288,-0.0966144641825316,NaN,-0.101084525226498,-0.100741885762352,-0.0992804023681707,-0.102342982322759,-0.101024125508694,-0.09979392595761,NaN,NaN,NaN,NaN,NaN,NaN,NaN,NaN,NaN,NaN,NaN,NaN,NaN,NaN,NaN,NaN,NaN,NaN,NaN,NaN,NaN,NaN,NaN,NaN,NaN,NaN,NaN,NaN,NaN,NaN,NaN,-0.00315744911784637,-0.08275273781518,-0.0826226172540637,-0.0827816969199607,-0.021186384441778,0.0861167838359209,NaN,NaN,NaN,NaN,NaN,NaN,NaN,NaN,NaN,NaN,NaN,NaN,NaN,NaN,NaN,NaN,NaN,NaN,NaN,NaN,NaN,NaN,NaN,NaN,NaN,NaN,NaN,NaN,NaN,NaN,NaN,NaN,NaN,NaN,NaN
NaN,NaN,NaN,NaN,NaN,NaN,NaN,NaN,NaN,NaN,NaN,NaN,NaN,NaN,NaN,NaN,NaN,NaN,NaN,NaN,NaN,NaN,NaN,NaN,NaN,NaN,NaN,NaN,NaN,NaN,NaN,NaN,NaN,NaN,NaN,NaN,NaN,NaN,NaN,NaN,NaN,NaN,NaN,NaN,NaN,NaN,NaN,NaN,NaN,NaN,NaN,NaN,NaN,NaN,NaN,NaN,NaN,NaN,NaN,NaN,NaN,NaN,NaN,NaN,NaN,NaN,NaN,NaN,NaN,NaN,NaN,NaN,NaN,NaN,NaN,NaN,NaN,NaN,NaN,NaN,NaN,NaN,NaN,NaN,NaN,NaN,NaN,NaN,NaN,NaN,NaN,NaN,NaN,NaN,NaN,NaN,NaN,NaN,NaN,NaN,NaN,NaN,NaN,NaN,NaN,NaN,NaN,NaN,NaN,NaN,NaN,NaN,NaN,NaN,NaN,NaN,NaN,NaN,NaN,NaN,NaN,NaN,NaN,NaN,NaN,NaN,NaN,NaN,NaN,NaN,NaN,NaN,NaN,NaN,NaN,NaN,NaN,NaN,NaN,NaN,NaN,NaN,NaN,NaN,NaN,NaN,NaN,NaN,NaN,NaN,NaN,NaN,NaN,NaN,NaN,NaN,NaN,NaN,NaN,NaN,NaN,NaN,NaN,NaN,-0.0963600434710298,-0.096537186104932,-0.0964263372790598,-0.0983381685664503,-0.0974478307187225,-0.0994636812235006,-0.102023281923953,-0.100698914310823,-0.100005061601772,NaN,NaN,NaN,NaN,NaN,NaN,NaN,NaN,NaN,NaN,NaN,NaN,NaN,NaN,NaN,NaN,NaN,NaN,NaN,NaN,NaN,NaN,NaN,NaN,NaN,NaN,NaN,NaN,NaN,NaN,NaN,NaN,-0.00503025219505851,-0.0817111457213681,-0.0813781899137269,-0.0805402478270791,-0.0202707162869212,NaN,NaN,NaN,NaN,NaN,NaN,NaN,NaN,NaN,NaN,NaN,NaN,NaN,NaN,NaN,NaN,NaN,NaN,NaN,NaN,NaN,NaN,NaN,NaN,NaN,NaN,NaN,NaN,NaN,NaN,NaN,NaN,NaN,NaN,NaN
NaN,NaN,NaN,NaN,NaN,NaN,NaN,NaN,NaN,NaN,NaN,NaN,NaN,NaN,NaN,NaN,NaN,NaN,NaN,NaN,NaN,NaN,NaN,NaN,NaN,NaN,NaN,NaN,NaN,NaN,NaN,NaN,NaN,NaN,NaN,NaN,NaN,NaN,NaN,NaN,NaN,NaN,NaN,NaN,NaN,NaN,NaN,NaN,NaN,NaN,NaN,NaN,NaN,NaN,NaN,NaN,NaN,NaN,NaN,NaN,NaN,NaN,NaN,NaN,NaN,NaN,NaN,NaN,NaN,NaN,NaN,NaN,NaN,NaN,NaN,NaN,NaN,NaN,NaN,NaN,NaN,NaN,NaN,NaN,NaN,NaN,NaN,NaN,NaN,NaN,NaN,NaN,NaN,NaN,NaN,NaN,NaN,NaN,NaN,NaN,NaN,NaN,NaN,NaN,NaN,NaN,NaN,NaN,NaN,NaN,NaN,NaN,NaN,NaN,NaN,NaN,NaN,NaN,NaN,NaN,NaN,NaN,NaN,NaN,NaN,NaN,NaN,NaN,NaN,NaN,NaN,NaN,NaN,NaN,NaN,NaN,NaN,NaN,NaN,NaN,NaN,NaN,NaN,NaN,NaN,NaN,NaN,NaN,NaN,NaN,NaN,NaN,NaN,NaN,NaN,NaN,NaN,NaN,NaN,NaN,NaN,1.0804888010025,NaN,NaN,-0.0960460522580682,-0.0967481949677553,-0.0975279662765348,-0.098242307371349,-0.0997300312268397,-0.102643034946518,-0.101700818635513,-0.101647416574238,NaN,NaN,NaN,NaN,NaN,NaN,NaN,NaN,NaN,NaN,NaN,NaN,NaN,NaN,NaN,NaN,NaN,NaN,NaN,NaN,NaN,NaN,NaN,NaN,NaN,NaN,NaN,NaN,NaN,NaN,NaN,NaN,NaN,-0.0663540167596928,-0.0664259987519204,-0.0804219366972026,-0.0801474318862144,-0.0796127790712078,NaN,NaN,NaN,NaN,NaN,NaN,NaN,NaN,NaN,NaN,NaN,NaN,NaN,NaN,NaN,NaN,NaN,NaN,NaN,NaN,NaN,NaN,NaN,NaN,NaN,NaN,NaN,NaN,NaN,NaN,NaN,NaN,NaN,NaN,NaN
NaN,NaN,NaN,NaN,NaN,NaN,NaN,NaN,NaN,NaN,NaN,NaN,NaN,NaN,NaN,NaN,NaN,NaN,NaN,NaN,NaN,NaN,NaN,NaN,NaN,NaN,NaN,NaN,NaN,NaN,NaN,NaN,NaN,NaN,NaN,NaN,NaN,NaN,NaN,NaN,NaN,NaN,NaN,NaN,NaN,NaN,NaN,NaN,NaN,NaN,NaN,NaN,NaN,NaN,NaN,NaN,NaN,NaN,NaN,NaN,NaN,NaN,NaN,NaN,NaN,NaN,NaN,NaN,NaN,NaN,NaN,NaN,NaN,NaN,NaN,NaN,NaN,NaN,NaN,NaN,NaN,NaN,NaN,NaN,NaN,NaN,NaN,NaN,NaN,NaN,NaN,NaN,NaN,NaN,NaN,NaN,NaN,NaN,NaN,NaN,NaN,NaN,NaN,NaN,NaN,NaN,NaN,NaN,NaN,NaN,NaN,NaN,NaN,NaN,NaN,NaN,NaN,NaN,NaN,NaN,NaN,NaN,NaN,NaN,NaN,NaN,NaN,NaN,NaN,NaN,NaN,NaN,NaN,NaN,NaN,NaN,NaN,NaN,NaN,NaN,NaN,NaN,NaN,NaN,NaN,NaN,NaN,NaN,NaN,NaN,NaN,NaN,NaN,NaN,NaN,NaN,NaN,NaN,NaN,NaN,NaN,NaN,NaN,-0.0968811168165923,-0.096687532715124,NaN,-0.0984112796596017,-0.0994787680584017,-0.101789182668305,-0.103638930437526,-0.102801787598533,-0.10288273569343,NaN,NaN,NaN,NaN,NaN,NaN,NaN,NaN,NaN,NaN,NaN,NaN,NaN,NaN,NaN,NaN,NaN,NaN,NaN,NaN,NaN,NaN,NaN,NaN,NaN,NaN,NaN,NaN,NaN,NaN,NaN,NaN,NaN,NaN,0.0195083675075394,-0.0718823555039363,-0.079902046192966,-0.0797236024586256,-0.00633188623451896,-0.0101949411911343,NaN,NaN,NaN,NaN,NaN,NaN,NaN,NaN,NaN,NaN,NaN,NaN,NaN,NaN,NaN,NaN,NaN,NaN,NaN,NaN,NaN,NaN,NaN,NaN,NaN,NaN,NaN,NaN,NaN,NaN,NaN,NaN,NaN
NaN,NaN,NaN,NaN,NaN,NaN,NaN,NaN,NaN,NaN,NaN,NaN,NaN,NaN,NaN,NaN,NaN,NaN,NaN,NaN,NaN,NaN,NaN,NaN,NaN,NaN,NaN,NaN,NaN,NaN,NaN,NaN,NaN,NaN,NaN,NaN,NaN,NaN,NaN,NaN,NaN,NaN,NaN,NaN,NaN,NaN,NaN,NaN,NaN,NaN,NaN,NaN,NaN,NaN,NaN,NaN,NaN,NaN,NaN,NaN,NaN,NaN,NaN,NaN,NaN,NaN,NaN,NaN,NaN,NaN,NaN,NaN,NaN,NaN,NaN,NaN,NaN,NaN,NaN,NaN,NaN,NaN,NaN,NaN,NaN,NaN,NaN,NaN,NaN,NaN,NaN,NaN,NaN,NaN,NaN,NaN,NaN,NaN,NaN,NaN,NaN,NaN,NaN,NaN,NaN,NaN,NaN,NaN,NaN,NaN,NaN,NaN,NaN,NaN,NaN,NaN,NaN,NaN,NaN,NaN,NaN,NaN,NaN,NaN,NaN,NaN,NaN,NaN,NaN,NaN,NaN,NaN,NaN,NaN,NaN,NaN,NaN,NaN,NaN,NaN,NaN,NaN,NaN,NaN,NaN,NaN,NaN,NaN,NaN,NaN,NaN,NaN,NaN,NaN,NaN,NaN,NaN,NaN,NaN,NaN,NaN,NaN,NaN,-0.0969158916154553,-0.0973674880659075,-0.0977867713827397,-0.0983695915592708,-0.100598269398615,-0.102698449847264,-0.103160963565995,-0.100573515240213,-0.0987132013889657,-0.0956476423354072,NaN,NaN,NaN,NaN,NaN,NaN,NaN,NaN,NaN,NaN,NaN,NaN,NaN,NaN,NaN,NaN,NaN,NaN,NaN,NaN,NaN,NaN,NaN,NaN,NaN,NaN,NaN,NaN,NaN,NaN,NaN,NaN,NaN,-0.00324244150603115,-0.00284625485252521,-0.0798797029905697,-0.0799050404602106,-0.0186633599735052,-0.020103199779876,NaN,NaN,NaN,NaN,NaN,NaN,NaN,NaN,NaN,NaN,NaN,NaN,NaN,NaN,NaN,NaN,NaN,NaN,NaN,NaN,NaN,NaN,NaN,NaN,NaN,NaN,NaN,NaN,NaN,NaN,NaN,NaN,NaN
NaN,NaN,NaN,NaN,NaN,NaN,NaN,NaN,NaN,NaN,NaN,NaN,NaN,NaN,NaN,NaN,NaN,NaN,NaN,NaN,NaN,NaN,NaN,NaN,NaN,NaN,NaN,NaN,NaN,NaN,NaN,NaN,NaN,NaN,NaN,NaN,NaN,NaN,NaN,NaN,NaN,NaN,NaN,NaN,NaN,NaN,NaN,NaN,NaN,NaN,NaN,NaN,NaN,NaN,NaN,NaN,NaN,NaN,NaN,NaN,NaN,NaN,NaN,NaN,NaN,NaN,NaN,NaN,NaN,NaN,NaN,NaN,NaN,NaN,NaN,NaN,NaN,NaN,NaN,NaN,NaN,NaN,NaN,NaN,NaN,NaN,NaN,NaN,NaN,NaN,NaN,NaN,NaN,NaN,NaN,NaN,NaN,NaN,NaN,NaN,NaN,NaN,NaN,NaN,NaN,NaN,NaN,NaN,NaN,NaN,NaN,NaN,NaN,NaN,NaN,NaN,NaN,NaN,NaN,NaN,NaN,NaN,NaN,NaN,NaN,NaN,NaN,NaN,NaN,NaN,NaN,NaN,NaN,NaN,NaN,NaN,NaN,NaN,NaN,NaN,NaN,NaN,NaN,NaN,NaN,NaN,NaN,NaN,NaN,NaN,NaN,NaN,NaN,NaN,NaN,NaN,NaN,NaN,NaN,NaN,NaN,NaN,NaN,NaN,-0.097202411865585,-0.0975078968866464,NaN,NaN,-0.107205451521653,-0.103676281791675,-0.0992276666728203,-0.0975575066170523,-0.096826312311588,-0.0971145905810648,-0.0957806286750506,NaN,NaN,NaN,NaN,NaN,NaN,NaN,NaN,NaN,NaN,NaN,NaN,NaN,NaN,NaN,NaN,NaN,NaN,NaN,NaN,NaN,NaN,NaN,NaN,NaN,NaN,NaN,NaN,NaN,NaN,-0.00304862896334598,-0.0798605168090607,-0.0797696910674695,-0.0795474333037533,-0.0797094146472435,-0.0796760097491872,-0.0794221557652341,NaN,NaN,NaN,NaN,NaN,NaN,NaN,NaN,NaN,NaN,NaN,NaN,NaN,NaN,NaN,NaN,NaN,NaN,NaN,NaN,NaN,NaN,NaN,NaN,NaN,NaN,NaN,NaN,NaN,NaN,NaN,NaN,NaN
NaN,NaN,NaN,NaN,NaN,NaN,NaN,NaN,NaN,NaN,NaN,NaN,NaN,NaN,NaN,NaN,NaN,NaN,NaN,NaN,NaN,NaN,NaN,NaN,NaN,NaN,NaN,NaN,NaN,NaN,NaN,NaN,NaN,NaN,NaN,NaN,NaN,NaN,NaN,NaN,NaN,NaN,NaN,NaN,NaN,NaN,NaN,NaN,NaN,NaN,NaN,NaN,NaN,NaN,NaN,NaN,NaN,NaN,NaN,NaN,NaN,NaN,NaN,NaN,NaN,NaN,NaN,NaN,NaN,NaN,NaN,NaN,NaN,NaN,NaN,NaN,NaN,NaN,NaN,NaN,NaN,NaN,NaN,NaN,NaN,NaN,NaN,NaN,NaN,NaN,NaN,NaN,NaN,NaN,NaN,NaN,NaN,NaN,NaN,NaN,NaN,NaN,NaN,NaN,NaN,NaN,NaN,NaN,NaN,NaN,NaN,NaN,NaN,NaN,NaN,NaN,NaN,NaN,NaN,NaN,NaN,NaN,NaN,NaN,NaN,NaN,NaN,NaN,NaN,NaN,NaN,NaN,NaN,NaN,NaN,NaN,NaN,NaN,NaN,NaN,NaN,NaN,NaN,NaN,NaN,NaN,NaN,NaN,NaN,NaN,NaN,NaN,NaN,NaN,NaN,NaN,NaN,NaN,NaN,NaN,NaN,NaN,NaN,NaN,NaN,NaN,NaN,NaN,-0.104444707958301,-0.103759140074685,-0.100975839424675,-0.0986121978577428,-0.100073779741575,-0.0989832402893805,-0.0965202935088118,NaN,NaN,NaN,NaN,NaN,NaN,NaN,NaN,NaN,NaN,NaN,NaN,NaN,NaN,NaN,NaN,NaN,NaN,NaN,NaN,NaN,NaN,NaN,NaN,NaN,NaN,NaN,NaN,NaN,NaN,-0.00308167996466322,-0.0799973307719714,-0.0797777814902929,-0.0565140639976683,-0.0731426945985808,-0.0798409638503575,-0.079661884587133,NaN,NaN,NaN,NaN,NaN,NaN,NaN,NaN,NaN,NaN,NaN,NaN,NaN,NaN,NaN,NaN,NaN,NaN,NaN,NaN,NaN,NaN,NaN,NaN,NaN,NaN,NaN,NaN,NaN,NaN,NaN,NaN,NaN
NaN,NaN,NaN,NaN,NaN,NaN,NaN,NaN,NaN,NaN,NaN,NaN,NaN,NaN,NaN,NaN,NaN,NaN,NaN,NaN,NaN,NaN,NaN,NaN,NaN,NaN,NaN,NaN,NaN,NaN,NaN,NaN,NaN,NaN,NaN,NaN,NaN,NaN,NaN,NaN,NaN,NaN,NaN,NaN,NaN,NaN,NaN,NaN,NaN,NaN,NaN,NaN,NaN,NaN,NaN,NaN,NaN,NaN,NaN,NaN,NaN,NaN,NaN,NaN,NaN,NaN,NaN,NaN,NaN,NaN,NaN,NaN,NaN,NaN,NaN,NaN,NaN,0.012466721635631,-0.0132820401888098,0.0249341555857928,NaN,NaN,NaN,NaN,NaN,NaN,NaN,NaN,NaN,NaN,NaN,NaN,NaN,NaN,NaN,NaN,NaN,NaN,NaN,NaN,NaN,NaN,NaN,NaN,NaN,NaN,NaN,NaN,NaN,NaN,NaN,NaN,NaN,NaN,NaN,NaN,NaN,NaN,NaN,NaN,NaN,NaN,NaN,NaN,NaN,NaN,NaN,NaN,NaN,NaN,NaN,NaN,NaN,NaN,NaN,NaN,NaN,NaN,NaN,NaN,NaN,NaN,NaN,NaN,NaN,NaN,NaN,NaN,NaN,NaN,NaN,NaN,NaN,NaN,NaN,NaN,NaN,NaN,NaN,NaN,NaN,NaN,NaN,NaN,NaN,NaN,NaN,NaN,-0.105534504324502,-0.107854426840393,-0.103572362885749,-0.0992172635444165,-0.100480359961245,-0.0995803102314814,NaN,NaN,NaN,NaN,NaN,NaN,NaN,NaN,NaN,NaN,NaN,NaN,NaN,NaN,NaN,NaN,NaN,NaN,NaN,NaN,NaN,NaN,NaN,NaN,NaN,NaN,NaN,NaN,NaN,NaN,NaN,0.103303581441516,-0.00311901515025856,-0.00185308715604665,NaN,-0.000677019613858302,-0.0796204383655766,-0.0798590619654585,NaN,NaN,NaN,NaN,NaN,NaN,NaN,NaN,NaN,NaN,NaN,NaN,NaN,NaN,NaN,NaN,NaN,NaN,NaN,NaN,NaN,NaN,NaN,NaN,NaN,NaN,NaN,NaN,NaN,NaN,NaN,NaN,NaN
NaN,NaN,NaN,NaN,NaN,NaN,NaN,NaN,NaN,NaN,NaN,NaN,NaN,NaN,NaN,NaN,NaN,NaN,NaN,NaN,NaN,NaN,NaN,NaN,NaN,NaN,NaN,NaN,NaN,NaN,NaN,NaN,NaN,NaN,NaN,NaN,NaN,NaN,NaN,NaN,NaN,NaN,NaN,NaN,NaN,NaN,NaN,NaN,NaN,NaN,NaN,NaN,NaN,NaN,NaN,NaN,NaN,NaN,NaN,NaN,NaN,NaN,NaN,NaN,NaN,NaN,NaN,NaN,NaN,NaN,NaN,NaN,NaN,NaN,NaN,NaN,0.00326831871124957,-0.01373275126397,-0.0134460290615404,-0.013258417775747,NaN,NaN,NaN,NaN,NaN,NaN,NaN,NaN,NaN,NaN,NaN,NaN,NaN,NaN,NaN,NaN,NaN,NaN,NaN,NaN,NaN,NaN,NaN,NaN,NaN,NaN,NaN,NaN,NaN,NaN,NaN,NaN,NaN,NaN,NaN,NaN,NaN,NaN,NaN,NaN,NaN,NaN,NaN,NaN,NaN,NaN,NaN,NaN,NaN,NaN,NaN,NaN,NaN,NaN,NaN,NaN,NaN,NaN,NaN,NaN,NaN,NaN,NaN,NaN,NaN,NaN,NaN,NaN,NaN,NaN,NaN,NaN,NaN,NaN,NaN,NaN,NaN,NaN,NaN,NaN,NaN,NaN,NaN,NaN,NaN,NaN,NaN,NaN,NaN,-0.117887740851484,-0.10861748276036,-0.103885891076505,-0.0997642060103104,-0.0982392728873305,NaN,NaN,NaN,NaN,NaN,NaN,NaN,NaN,NaN,NaN,NaN,NaN,NaN,NaN,NaN,NaN,NaN,NaN,NaN,NaN,NaN,NaN,NaN,NaN,NaN,NaN,NaN,NaN,NaN,NaN,NaN,NaN,0.103223465496147,0.104461549351888,NaN,-0.000390745546369568,-0.079745656172664,-0.0494460281314761,NaN,NaN,NaN,NaN,NaN,NaN,NaN,NaN,NaN,NaN,NaN,NaN,NaN,NaN,NaN,NaN,NaN,NaN,NaN,NaN,NaN,NaN,NaN,NaN,NaN,NaN,NaN,NaN,NaN,NaN,NaN,NaN,NaN
NaN,NaN,NaN,NaN,NaN,NaN,NaN,NaN,NaN,NaN,NaN,NaN,NaN,NaN,NaN,NaN,NaN,NaN,NaN,NaN,NaN,NaN,NaN,NaN,NaN,NaN,NaN,NaN,NaN,NaN,NaN,NaN,NaN,NaN,NaN,NaN,NaN,NaN,NaN,NaN,NaN,NaN,NaN,NaN,NaN,NaN,NaN,NaN,NaN,NaN,NaN,NaN,NaN,NaN,NaN,NaN,NaN,NaN,NaN,NaN,NaN,NaN,NaN,NaN,NaN,NaN,NaN,NaN,NaN,NaN,NaN,NaN,NaN,NaN,NaN,0.00294311318078624,-0.0141524997158011,-0.0139408479520697,-0.0134529035366475,NaN,NaN,NaN,NaN,NaN,NaN,NaN,0.0555689800899643,-0.00967896898575737,NaN,NaN,NaN,NaN,NaN,NaN,NaN,NaN,NaN,NaN,NaN,NaN,NaN,NaN,NaN,NaN,NaN,NaN,NaN,NaN,NaN,NaN,NaN,NaN,NaN,NaN,NaN,NaN,NaN,NaN,NaN,NaN,NaN,NaN,NaN,NaN,NaN,NaN,NaN,NaN,NaN,NaN,NaN,NaN,NaN,NaN,NaN,NaN,NaN,NaN,NaN,NaN,NaN,NaN,NaN,NaN,NaN,NaN,NaN,NaN,NaN,NaN,NaN,NaN,NaN,NaN,NaN,NaN,NaN,NaN,NaN,NaN,NaN,NaN,NaN,NaN,NaN,NaN,NaN,NaN,NaN,-0.119452949307722,-0.112929185021558,-0.1113715559463,NaN,NaN,NaN,NaN,NaN,NaN,NaN,NaN,NaN,NaN,NaN,NaN,NaN,NaN,NaN,NaN,NaN,NaN,NaN,NaN,NaN,NaN,NaN,NaN,NaN,NaN,NaN,NaN,NaN,NaN,NaN,NaN,NaN,0.259516499380962,0.192562927337466,NaN,NaN,NaN,-0.00297965218606749,-0.0505375401855977,0.0271330707406317,NaN,NaN,NaN,NaN,NaN,NaN,NaN,NaN,NaN,NaN,NaN,NaN,NaN,NaN,NaN,NaN,NaN,NaN,NaN,NaN,NaN,NaN,NaN,NaN,NaN,NaN,NaN,NaN,NaN,NaN,NaN,NaN
NaN,NaN,NaN,NaN,NaN,NaN,NaN,NaN,NaN,NaN,NaN,NaN,NaN,NaN,NaN,NaN,NaN,NaN,NaN,NaN,NaN,NaN,NaN,NaN,NaN,NaN,NaN,NaN,NaN,NaN,NaN,NaN,NaN,NaN,NaN,NaN,NaN,NaN,NaN,NaN,NaN,NaN,NaN,NaN,NaN,NaN,NaN,NaN,NaN,NaN,NaN,NaN,NaN,NaN,NaN,NaN,NaN,NaN,NaN,NaN,NaN,NaN,NaN,NaN,NaN,NaN,NaN,NaN,NaN,NaN,NaN,NaN,NaN,NaN,NaN,-0.0145521444366884,-0.0143449605712014,-0.0141731633217697,-0.0139580113396818,NaN,NaN,NaN,NaN,NaN,NaN,NaN,-0.0099077044339706,-0.00984238617470203,-0.00976179006394113,0.0555922665309129,NaN,NaN,NaN,NaN,NaN,NaN,NaN,NaN,NaN,NaN,NaN,NaN,NaN,NaN,NaN,NaN,NaN,NaN,NaN,NaN,NaN,NaN,NaN,NaN,NaN,NaN,NaN,NaN,NaN,NaN,NaN,NaN,NaN,NaN,NaN,NaN,NaN,NaN,NaN,NaN,NaN,NaN,NaN,NaN,NaN,NaN,NaN,NaN,NaN,NaN,NaN,NaN,NaN,NaN,NaN,NaN,NaN,NaN,NaN,NaN,NaN,NaN,NaN,NaN,NaN,NaN,NaN,NaN,NaN,NaN,NaN,NaN,NaN,NaN,NaN,NaN,NaN,NaN,NaN,-0.121057846250864,-0.112604887990886,-0.106608156843285,NaN,NaN,NaN,NaN,NaN,NaN,NaN,NaN,NaN,NaN,NaN,NaN,NaN,NaN,NaN,NaN,NaN,NaN,NaN,NaN,NaN,NaN,NaN,NaN,NaN,NaN,NaN,NaN,NaN,NaN,NaN,NaN,NaN,0.307154290510883,0.259564278439142,NaN,NaN,NaN,0.00127139660595371,-0.0506724563631312,0.00139317833732,NaN,NaN,NaN,NaN,NaN,NaN,NaN,NaN,NaN,NaN,NaN,NaN,NaN,NaN,NaN,NaN,NaN,NaN,NaN,NaN,NaN,NaN,NaN,NaN,NaN,NaN,NaN,NaN,NaN,NaN,NaN,NaN
NaN,NaN,NaN,NaN,NaN,NaN,NaN,NaN,NaN,NaN,NaN,NaN,NaN,NaN,NaN,NaN,NaN,NaN,NaN,NaN,NaN,NaN,NaN,NaN,NaN,NaN,NaN,NaN,NaN,NaN,NaN,NaN,NaN,NaN,NaN,NaN,NaN,NaN,NaN,NaN,NaN,NaN,NaN,NaN,NaN,NaN,NaN,NaN,NaN,NaN,NaN,NaN,NaN,NaN,NaN,NaN,NaN,NaN,NaN,NaN,NaN,NaN,NaN,NaN,NaN,NaN,NaN,NaN,NaN,NaN,NaN,NaN,NaN,NaN,-0.0148540920517342,-0.0147445171860214,-0.0145725686575116,-0.0143759047723289,-0.0141983052394592,NaN,NaN,NaN,NaN,NaN,NaN,-0.0101078943965386,-0.0100291535937136,-0.00995929922464754,-0.00989754284689825,-0.00978903032528685,NaN,NaN,NaN,NaN,NaN,NaN,NaN,NaN,NaN,NaN,NaN,NaN,NaN,NaN,NaN,NaN,NaN,NaN,NaN,NaN,NaN,NaN,NaN,NaN,NaN,NaN,NaN,NaN,NaN,NaN,NaN,NaN,NaN,NaN,NaN,NaN,NaN,NaN,NaN,NaN,NaN,NaN,NaN,NaN,NaN,NaN,NaN,NaN,NaN,NaN,NaN,NaN,NaN,NaN,NaN,NaN,NaN,NaN,NaN,NaN,NaN,NaN,NaN,NaN,NaN,NaN,NaN,NaN,NaN,NaN,NaN,NaN,NaN,NaN,NaN,NaN,NaN,NaN,NaN,-0.126202806705968,-0.111843830601329,-0.102053532917359,NaN,NaN,NaN,NaN,NaN,NaN,NaN,NaN,NaN,NaN,NaN,NaN,NaN,NaN,NaN,NaN,NaN,NaN,NaN,NaN,NaN,NaN,NaN,NaN,NaN,NaN,NaN,NaN,NaN,NaN,NaN,NaN,NaN,NaN,NaN,NaN,NaN,NaN,0.0900162125716843,-0.016664549778063,0.0901169334112063,NaN,NaN,NaN,NaN,NaN,NaN,NaN,NaN,NaN,NaN,NaN,NaN,NaN,NaN,NaN,NaN,NaN,NaN,NaN,NaN,NaN,NaN,NaN,NaN,NaN,NaN,NaN,NaN,NaN,NaN,NaN,NaN
NaN,NaN,NaN,NaN,NaN,NaN,NaN,NaN,NaN,NaN,NaN,NaN,NaN,NaN,NaN,NaN,NaN,NaN,NaN,NaN,NaN,NaN,NaN,NaN,NaN,NaN,NaN,NaN,NaN,NaN,NaN,NaN,NaN,NaN,NaN,NaN,NaN,NaN,NaN,NaN,NaN,NaN,NaN,NaN,NaN,NaN,NaN,NaN,NaN,NaN,NaN,NaN,NaN,NaN,NaN,NaN,NaN,NaN,NaN,NaN,NaN,NaN,NaN,NaN,NaN,NaN,NaN,NaN,NaN,NaN,NaN,NaN,NaN,-0.0150356531276868,-0.0177416064983699,-0.014972693238596,0.00341412041311631,-0.0144664487698511,0.00198279018519032,NaN,NaN,0.0054441409686582,-0.00677332434865669,-0.000672230164972638,NaN,0.0241408579397204,-0.0101850931991621,-0.0100976773393893,-0.00999203042281183,-0.00989843900926107,-0.00975123990342442,NaN,NaN,NaN,NaN,NaN,NaN,NaN,NaN,NaN,NaN,NaN,NaN,NaN,NaN,NaN,NaN,NaN,NaN,NaN,NaN,NaN,NaN,NaN,NaN,NaN,NaN,NaN,NaN,NaN,NaN,NaN,NaN,NaN,NaN,NaN,NaN,NaN,NaN,NaN,NaN,NaN,NaN,NaN,NaN,NaN,NaN,NaN,NaN,NaN,NaN,NaN,NaN,NaN,NaN,NaN,NaN,NaN,NaN,NaN,NaN,NaN,NaN,NaN,NaN,NaN,NaN,NaN,NaN,NaN,NaN,NaN,NaN,NaN,NaN,NaN,NaN,NaN,-0.122494922030464,-0.118103165548463,-0.105280188903526,-0.096102154929958,NaN,NaN,NaN,NaN,NaN,NaN,NaN,NaN,NaN,NaN,NaN,NaN,NaN,NaN,NaN,NaN,NaN,NaN,NaN,NaN,NaN,NaN,NaN,NaN,NaN,NaN,NaN,NaN,NaN,NaN,NaN,NaN,NaN,NaN,NaN,NaN,NaN,NaN,NaN,NaN,NaN,NaN,NaN,NaN,NaN,NaN,NaN,NaN,NaN,NaN,NaN,NaN,NaN,NaN,NaN,NaN,NaN,NaN,NaN,NaN,NaN,NaN,NaN,NaN,NaN,NaN,NaN,NaN,NaN,NaN,NaN,NaN,NaN
NaN,NaN,NaN,NaN,NaN,NaN,NaN,NaN,NaN,NaN,NaN,NaN,NaN,NaN,NaN,NaN,NaN,NaN,NaN,NaN,NaN,NaN,NaN,NaN,NaN,NaN,NaN,NaN,NaN,NaN,NaN,NaN,NaN,NaN,NaN,NaN,NaN,NaN,NaN,NaN,NaN,NaN,NaN,NaN,NaN,NaN,NaN,NaN,NaN,NaN,NaN,NaN,NaN,NaN,NaN,NaN,NaN,NaN,NaN,NaN,NaN,NaN,NaN,NaN,NaN,NaN,NaN,NaN,NaN,NaN,NaN,NaN,NaN,-0.0182863423636009,-0.0179299284365233,-0.00180680435068547,-0.0146500014257364,-0.0145706926633194,0.0275465519588339,NaN,0.00526943001102455,-0.0157338869867064,-0.0156952900432131,-0.0156313172745634,-0.0156082721730658,0.0249105918780497,0.023443011638817,0.0272725509128413,-0.010118417031607,-0.00998650735150003,-0.00990779074120495,NaN,NaN,NaN,NaN,NaN,NaN,NaN,NaN,NaN,NaN,NaN,NaN,NaN,NaN,NaN,NaN,NaN,NaN,NaN,NaN,NaN,NaN,NaN,NaN,NaN,NaN,NaN,NaN,NaN,NaN,NaN,NaN,NaN,NaN,NaN,NaN,NaN,NaN,NaN,NaN,NaN,NaN,NaN,NaN,NaN,NaN,NaN,NaN,NaN,NaN,NaN,NaN,NaN,NaN,NaN,NaN,NaN,NaN,NaN,NaN,NaN,NaN,NaN,NaN,NaN,NaN,NaN,NaN,NaN,NaN,NaN,NaN,NaN,NaN,NaN,NaN,-0.11798314167868,-0.116901474353496,-0.110392377867636,-0.100853023588298,-0.0979041413094216,-0.0955611579619079,NaN,NaN,NaN,NaN,NaN,NaN,NaN,NaN,NaN,NaN,NaN,NaN,NaN,NaN,NaN,NaN,NaN,NaN,NaN,NaN,NaN,NaN,NaN,NaN,NaN,NaN,NaN,NaN,NaN,NaN,NaN,NaN,NaN,NaN,NaN,NaN,NaN,NaN,NaN,NaN,NaN,NaN,NaN,NaN,NaN,NaN,NaN,NaN,NaN,NaN,NaN,NaN,NaN,NaN,NaN,NaN,NaN,NaN,NaN,NaN,NaN,NaN,NaN,NaN,NaN,NaN,NaN,NaN,NaN,NaN,NaN,NaN
NaN,NaN,NaN,NaN,NaN,NaN,NaN,NaN,NaN,NaN,NaN,NaN,NaN,NaN,NaN,NaN,NaN,NaN,NaN,NaN,NaN,NaN,NaN,NaN,NaN,NaN,NaN,NaN,NaN,NaN,NaN,NaN,NaN,NaN,NaN,NaN,NaN,NaN,NaN,NaN,NaN,NaN,NaN,NaN,NaN,NaN,NaN,NaN,NaN,NaN,NaN,NaN,NaN,NaN,NaN,NaN,NaN,NaN,NaN,NaN,NaN,NaN,NaN,NaN,NaN,NaN,NaN,NaN,NaN,NaN,NaN,NaN,-0.0153214067487351,-0.0192821023436861,-0.0153489724650779,-0.0153023964725303,0.00707681867960458,-0.00466360979868202,0.0708850858283316,NaN,0.0102400202019339,-0.0159431052926581,-0.0071050347045357,-0.00577217857050027,-0.00997620561088016,-0.00147144916099158,-0.00954114500207032,0.00746053039998359,0.006399136566724,-0.010063973655096,-0.0099109249781798,-0.0097648036776249,-0.00961227522378004,NaN,NaN,NaN,NaN,NaN,NaN,NaN,NaN,NaN,NaN,NaN,NaN,NaN,NaN,NaN,NaN,NaN,NaN,NaN,NaN,NaN,NaN,NaN,NaN,NaN,NaN,NaN,NaN,NaN,NaN,NaN,NaN,NaN,NaN,NaN,NaN,NaN,NaN,NaN,NaN,NaN,NaN,NaN,NaN,NaN,NaN,NaN,NaN,NaN,NaN,NaN,NaN,NaN,NaN,NaN,NaN,NaN,NaN,NaN,NaN,NaN,NaN,NaN,NaN,NaN,NaN,NaN,NaN,NaN,NaN,NaN,NaN,NaN,NaN,-0.118396068139249,-0.115850993037784,-0.107869071750408,-0.102175476232096,-0.101816714701773,-0.0985229061446314,-0.0979271938574547,NaN,NaN,NaN,NaN,NaN,NaN,NaN,NaN,NaN,NaN,NaN,NaN,NaN,NaN,NaN,NaN,NaN,NaN,NaN,NaN,NaN,NaN,NaN,NaN,NaN,NaN,NaN,NaN,NaN,NaN,NaN,NaN,NaN,NaN,NaN,NaN,NaN,NaN,NaN,NaN,NaN,NaN,NaN,NaN,NaN,NaN,NaN,NaN,NaN,NaN,NaN,NaN,NaN,NaN,NaN,NaN,NaN,NaN,NaN,NaN,NaN,NaN,NaN,NaN,NaN,NaN,NaN,NaN,NaN,NaN,NaN
NaN,NaN,NaN,NaN,NaN,NaN,NaN,NaN,NaN,NaN,NaN,NaN,NaN,NaN,NaN,NaN,NaN,NaN,NaN,NaN,NaN,NaN,NaN,NaN,NaN,NaN,NaN,NaN,NaN,NaN,NaN,NaN,NaN,NaN,NaN,NaN,NaN,NaN,NaN,NaN,NaN,NaN,NaN,NaN,NaN,NaN,NaN,NaN,NaN,NaN,NaN,NaN,NaN,NaN,NaN,NaN,NaN,NaN,NaN,NaN,NaN,NaN,NaN,NaN,NaN,NaN,NaN,NaN,NaN,NaN,NaN,NaN,-0.0156161026983782,-0.0195307585799757,-0.0155848062570751,-0.0109502084655212,-0.00400929298727473,-0.0100020487322791,0.0017271957595149,NaN,0.0543699293901612,-0.0158970067619285,-0.0229507427833935,-0.0243709119733095,-0.0238823337818434,-0.0179592111418498,-0.0146298394931136,-0.0122902813982057,-0.0112567722862268,-0.00133103952666704,-0.0100413164741566,-0.00984327915196518,-0.00973474691022141,-0.00959933290539187,NaN,NaN,NaN,NaN,NaN,NaN,NaN,NaN,NaN,NaN,NaN,NaN,NaN,NaN,NaN,NaN,NaN,NaN,NaN,NaN,NaN,NaN,NaN,NaN,NaN,NaN,NaN,NaN,NaN,NaN,NaN,NaN,NaN,NaN,NaN,NaN,NaN,NaN,NaN,NaN,NaN,NaN,NaN,NaN,NaN,NaN,NaN,NaN,NaN,NaN,NaN,NaN,NaN,NaN,NaN,NaN,NaN,NaN,NaN,NaN,NaN,NaN,NaN,NaN,NaN,NaN,NaN,NaN,NaN,NaN,NaN,NaN,NaN,-0.137191947107435,-0.123771837264423,-0.111986194465754,-0.102831559373051,-0.100479689292794,-0.0974754329891376,-0.0975734991790407,NaN,NaN,NaN,NaN,NaN,NaN,NaN,NaN,NaN,NaN,NaN,NaN,NaN,NaN,NaN,NaN,NaN,NaN,NaN,NaN,NaN,NaN,NaN,NaN,NaN,NaN,NaN,NaN,NaN,NaN,NaN,NaN,NaN,NaN,NaN,NaN,NaN,NaN,NaN,NaN,NaN,NaN,NaN,NaN,NaN,NaN,NaN,NaN,NaN,NaN,NaN,NaN,NaN,NaN,NaN,NaN,NaN,NaN,NaN,NaN,NaN,NaN,NaN,NaN,NaN,NaN,NaN,NaN,NaN,NaN,NaN
NaN,NaN,NaN,NaN,NaN,NaN,NaN,NaN,NaN,NaN,NaN,NaN,NaN,NaN,NaN,NaN,NaN,NaN,NaN,NaN,NaN,NaN,NaN,NaN,NaN,NaN,NaN,NaN,NaN,NaN,NaN,NaN,NaN,NaN,NaN,NaN,NaN,NaN,NaN,NaN,NaN,NaN,NaN,NaN,NaN,NaN,NaN,NaN,NaN,NaN,NaN,NaN,NaN,NaN,NaN,NaN,NaN,NaN,NaN,NaN,NaN,NaN,NaN,NaN,NaN,NaN,NaN,NaN,NaN,NaN,NaN,NaN,NaN,-0.0200563200320793,-0.0146009616824309,-0.0306467676426947,-0.0202122575612757,-0.0167093273756874,-0.0211609790235133,-0.0154511449929056,-0.0130324098749166,-0.0267521895094982,-0.0283398858515461,-0.0291613250620304,-0.0295006735704439,-0.0283523733339674,-0.022480185098007,-0.0199607022518822,-0.0167865863401481,-0.0140206926564061,-0.0105919912363451,-0.0100005648062727,-0.00981814171895336,-0.00971881930198382,-0.00957329482752925,NaN,NaN,NaN,NaN,NaN,NaN,NaN,NaN,NaN,NaN,NaN,NaN,NaN,NaN,NaN,NaN,NaN,NaN,NaN,NaN,NaN,NaN,NaN,NaN,NaN,NaN,NaN,NaN,NaN,NaN,NaN,NaN,NaN,NaN,NaN,NaN,NaN,NaN,NaN,NaN,NaN,NaN,NaN,NaN,NaN,NaN,NaN,NaN,NaN,NaN,NaN,NaN,NaN,NaN,NaN,NaN,NaN,NaN,NaN,NaN,NaN,NaN,NaN,NaN,NaN,NaN,NaN,NaN,NaN,NaN,NaN,-0.150447728062032,-0.138497886231918,-0.123541305595234,-0.116437277126422,NaN,NaN,NaN,NaN,NaN,NaN,NaN,NaN,NaN,NaN,NaN,NaN,NaN,NaN,NaN,NaN,NaN,NaN,NaN,NaN,NaN,NaN,NaN,NaN,NaN,NaN,NaN,NaN,NaN,NaN,NaN,NaN,NaN,NaN,NaN,NaN,NaN,NaN,NaN,NaN,NaN,NaN,NaN,NaN,NaN,NaN,NaN,NaN,NaN,NaN,NaN,NaN,NaN,NaN,NaN,NaN,NaN,NaN,NaN,NaN,NaN,NaN,NaN,NaN,NaN,NaN,NaN,NaN,NaN,NaN,NaN,NaN,NaN,NaN,NaN
NaN,NaN,NaN,NaN,NaN,NaN,NaN,NaN,NaN,NaN,NaN,NaN,NaN,NaN,NaN,NaN,NaN,NaN,NaN,NaN,NaN,NaN,NaN,NaN,NaN,NaN,NaN,NaN,NaN,NaN,NaN,NaN,NaN,NaN,NaN,NaN,NaN,NaN,NaN,NaN,NaN,NaN,NaN,NaN,NaN,NaN,NaN,NaN,NaN,NaN,NaN,NaN,NaN,NaN,NaN,NaN,NaN,NaN,NaN,NaN,NaN,NaN,NaN,NaN,NaN,NaN,NaN,NaN,NaN,NaN,NaN,NaN,0.0042688060050361,-0.0204267872151033,-0.015376606472335,-0.0306767206968097,-0.0254342674637793,-0.024936832213195,-0.0276021238887174,-0.024110151670796,-0.0278293316101819,-0.0297509490358139,-0.0316505887298077,-0.0330538287837272,-0.0329405548019309,-0.0292790991979147,-0.0277741947244204,-0.0254726420076601,-0.0243516120492536,-0.0218628313524015,-0.0164183293757231,-0.00745995842484013,-0.00998562031489341,-0.00983033893114864,-0.00977250267348562,NaN,NaN,NaN,NaN,NaN,NaN,NaN,NaN,NaN,NaN,NaN,NaN,NaN,NaN,NaN,NaN,NaN,NaN,NaN,NaN,NaN,NaN,NaN,NaN,NaN,NaN,NaN,NaN,NaN,NaN,NaN,NaN,NaN,NaN,NaN,NaN,NaN,NaN,NaN,NaN,NaN,NaN,NaN,NaN,NaN,NaN,NaN,NaN,NaN,NaN,NaN,NaN,NaN,NaN,NaN,NaN,NaN,NaN,NaN,NaN,NaN,NaN,NaN,NaN,NaN,NaN,NaN,NaN,NaN,NaN,-0.139203399909867,-0.140535523752058,-0.126382558201494,-0.114987250823779,-0.108009151032254,NaN,NaN,NaN,NaN,NaN,NaN,NaN,NaN,NaN,NaN,NaN,NaN,NaN,NaN,NaN,NaN,NaN,NaN,NaN,NaN,NaN,NaN,NaN,NaN,NaN,NaN,NaN,NaN,NaN,NaN,NaN,NaN,NaN,NaN,NaN,NaN,NaN,NaN,NaN,NaN,NaN,NaN,NaN,NaN,NaN,NaN,NaN,NaN,NaN,NaN,NaN,NaN,NaN,NaN,NaN,NaN,NaN,NaN,NaN,NaN,NaN,NaN,NaN,NaN,NaN,NaN,NaN,NaN,NaN,NaN,NaN,NaN,NaN,NaN,NaN
NaN,NaN,NaN,NaN,NaN,NaN,NaN,NaN,NaN,NaN,NaN,NaN,NaN,NaN,NaN,NaN,NaN,NaN,NaN,NaN,NaN,NaN,NaN,NaN,NaN,NaN,NaN,NaN,NaN,NaN,NaN,NaN,NaN,NaN,NaN,NaN,NaN,NaN,NaN,NaN,NaN,NaN,NaN,NaN,NaN,NaN,NaN,NaN,NaN,NaN,NaN,NaN,NaN,NaN,NaN,NaN,NaN,NaN,NaN,NaN,NaN,NaN,NaN,NaN,NaN,NaN,NaN,NaN,NaN,NaN,NaN,NaN,-0.012217640771897,-0.0208541928605419,-0.0216342606707156,-0.0307997059051677,-0.0301963056645359,-0.0295727612180563,-0.0302988722106237,-0.0307143554167785,-0.03144692467771,-0.0311309092921891,-0.032827663005942,-0.0334461745941843,-0.0333176551916698,-0.0326847146829722,-0.0303455185683412,-0.0298919070694209,-0.0286612412044872,-0.0259933333589691,-0.0271996236337655,-0.0198300111907474,-0.00863692422658358,-0.0100412496947162,NaN,NaN,NaN,NaN,NaN,NaN,NaN,NaN,NaN,NaN,NaN,NaN,NaN,NaN,NaN,NaN,NaN,NaN,NaN,NaN,NaN,NaN,NaN,NaN,NaN,NaN,NaN,NaN,NaN,NaN,NaN,NaN,NaN,NaN,NaN,NaN,NaN,NaN,NaN,NaN,NaN,NaN,NaN,NaN,NaN,NaN,NaN,NaN,NaN,NaN,NaN,NaN,NaN,NaN,NaN,NaN,NaN,NaN,NaN,NaN,NaN,NaN,NaN,NaN,NaN,NaN,NaN,NaN,NaN,NaN,-0.124838863829616,-0.138198916680803,-0.146069410024077,-0.126596476343091,-0.115048290736463,NaN,NaN,NaN,NaN,NaN,NaN,NaN,NaN,NaN,NaN,NaN,NaN,NaN,NaN,NaN,NaN,NaN,NaN,NaN,NaN,NaN,NaN,NaN,NaN,NaN,NaN,NaN,NaN,NaN,NaN,NaN,NaN,NaN,NaN,NaN,NaN,NaN,NaN,NaN,NaN,NaN,NaN,NaN,NaN,NaN,NaN,NaN,NaN,NaN,NaN,NaN,NaN,NaN,NaN,NaN,NaN,NaN,NaN,NaN,NaN,NaN,NaN,NaN,NaN,NaN,NaN,NaN,NaN,NaN,NaN,NaN,NaN,NaN,NaN,NaN,NaN
NaN,NaN,NaN,NaN,NaN,NaN,NaN,NaN,NaN,NaN,NaN,NaN,NaN,NaN,NaN,NaN,NaN,NaN,NaN,NaN,NaN,NaN,NaN,NaN,NaN,NaN,NaN,NaN,NaN,NaN,NaN,NaN,NaN,NaN,NaN,NaN,NaN,NaN,NaN,NaN,NaN,NaN,NaN,NaN,NaN,NaN,NaN,NaN,NaN,NaN,NaN,NaN,NaN,NaN,NaN,NaN,NaN,NaN,NaN,NaN,NaN,NaN,NaN,NaN,NaN,NaN,NaN,NaN,NaN,NaN,NaN,NaN,-0.0211843024564247,-0.0212387469179946,-0.0219085116890532,-0.0310836184502743,-0.0312402591933665,-0.0318963686500984,-0.0322948937253636,-0.0323143704887986,-0.0323539423074484,-0.0172146278302004,-0.0293725029545105,-0.0340044093268879,-0.0336941566168142,-0.0295258820822892,-0.0314563381167461,-0.00820308431341024,-0.027272273871311,-0.030273933346974,-0.0298619328884657,-0.0233126006043887,-0.0186685617461924,-0.00451304469818159,-0.0151809077765568,NaN,NaN,NaN,NaN,NaN,NaN,NaN,NaN,NaN,NaN,NaN,NaN,NaN,NaN,NaN,NaN,NaN,NaN,NaN,NaN,NaN,NaN,NaN,NaN,NaN,NaN,NaN,NaN,NaN,NaN,NaN,NaN,NaN,NaN,NaN,NaN,NaN,NaN,NaN,NaN,NaN,NaN,NaN,NaN,NaN,NaN,NaN,NaN,NaN,NaN,NaN,NaN,NaN,NaN,NaN,NaN,NaN,NaN,NaN,NaN,NaN,NaN,NaN,NaN,NaN,NaN,NaN,NaN,-0.108659883792537,-0.125078599394303,-0.143715899553766,-0.158889698560854,NaN,NaN,NaN,NaN,NaN,NaN,NaN,NaN,NaN,NaN,NaN,NaN,NaN,NaN,NaN,NaN,NaN,NaN,NaN,NaN,NaN,NaN,NaN,NaN,NaN,NaN,NaN,NaN,NaN,NaN,NaN,NaN,NaN,NaN,NaN,NaN,NaN,NaN,NaN,NaN,NaN,NaN,NaN,NaN,NaN,NaN,NaN,NaN,NaN,NaN,NaN,NaN,NaN,NaN,NaN,NaN,NaN,NaN,NaN,NaN,NaN,NaN,NaN,NaN,NaN,NaN,NaN,NaN,NaN,NaN,NaN,NaN,NaN,NaN,NaN,NaN,NaN,NaN
NaN,NaN,NaN,NaN,NaN,NaN,NaN,NaN,NaN,NaN,NaN,NaN,NaN,NaN,NaN,NaN,NaN,NaN,NaN,NaN,NaN,NaN,NaN,NaN,NaN,NaN,NaN,NaN,NaN,NaN,NaN,NaN,NaN,NaN,NaN,NaN,NaN,NaN,NaN,NaN,NaN,NaN,NaN,NaN,NaN,NaN,NaN,NaN,NaN,NaN,NaN,NaN,NaN,NaN,NaN,NaN,NaN,NaN,NaN,NaN,NaN,NaN,NaN,NaN,NaN,NaN,NaN,NaN,NaN,NaN,0.0859182377000395,0.00819211163689803,-0.0120947178866755,-0.0167704774581642,-0.0264213844918237,-0.0311012932295366,-0.0325549251081897,-0.0313438215613111,-0.0332556945975537,-0.0194603276665465,-0.0209628911084661,-0.0361426497708368,-0.0367234269242895,-0.0366162155248217,-0.0294193892595606,-0.0225407187332309,-0.0333183961232199,-0.0267545101027204,-0.0308259280118915,-0.0336511583706203,-0.0328944508711418,-0.0301149355368934,-0.025863407224279,-0.0153567812820465,-0.0156218580393314,-0.0150658908860385,NaN,NaN,NaN,NaN,NaN,NaN,NaN,NaN,NaN,NaN,NaN,NaN,NaN,NaN,NaN,NaN,NaN,NaN,NaN,NaN,NaN,NaN,NaN,NaN,NaN,NaN,NaN,NaN,NaN,NaN,NaN,NaN,NaN,NaN,NaN,NaN,NaN,NaN,NaN,NaN,NaN,NaN,NaN,NaN,NaN,NaN,NaN,NaN,NaN,NaN,NaN,NaN,NaN,NaN,NaN,NaN,NaN,NaN,NaN,NaN,NaN,NaN,NaN,NaN,NaN,-0.0838303720528003,-0.0860487868450544,-0.10061079634077,-0.121826100644209,-0.142428781523515,NaN,NaN,NaN,NaN,NaN,NaN,NaN,NaN,NaN,NaN,NaN,NaN,NaN,NaN,NaN,NaN,NaN,NaN,NaN,NaN,NaN,NaN,NaN,NaN,NaN,NaN,NaN,NaN,NaN,NaN,NaN,NaN,NaN,NaN,NaN,NaN,NaN,NaN,NaN,NaN,NaN,NaN,NaN,NaN,NaN,NaN,NaN,NaN,NaN,NaN,NaN,NaN,NaN,NaN,NaN,NaN,NaN,NaN,NaN,NaN,NaN,NaN,NaN,NaN,NaN,NaN,NaN,NaN,NaN,NaN,NaN,NaN,NaN,NaN,NaN,NaN,NaN,NaN,NaN
NaN,NaN,NaN,NaN,NaN,NaN,NaN,NaN,NaN,NaN,NaN,NaN,NaN,NaN,NaN,NaN,NaN,NaN,NaN,NaN,NaN,NaN,NaN,NaN,NaN,NaN,NaN,NaN,NaN,NaN,NaN,NaN,NaN,NaN,NaN,NaN,NaN,NaN,NaN,NaN,NaN,NaN,NaN,NaN,NaN,NaN,NaN,NaN,NaN,NaN,NaN,NaN,NaN,NaN,NaN,NaN,NaN,NaN,NaN,NaN,NaN,NaN,NaN,NaN,NaN,NaN,NaN,NaN,NaN,NaN,0.00810522626185756,0.00536268335356384,0.00566719037272626,-0.0206028663526139,-0.0276069256488173,-0.0307036300729199,-0.0327542263794174,-0.0330140703846485,-0.0339143134465665,-0.0360735707856209,-0.0369509401728236,-0.0371533212475876,-0.0367886921456471,-0.0370794038880816,-0.0360085493857951,-0.0359522807583913,-0.0335821933566821,-0.0362639171410322,-0.0357623981113654,-0.0358116988969253,-0.0347218021705729,-0.0337223617562783,-0.030164905888274,-0.0126491886337144,-0.0152593879916203,-0.0227885463571798,NaN,NaN,NaN,NaN,NaN,NaN,NaN,NaN,NaN,NaN,NaN,NaN,NaN,NaN,NaN,NaN,NaN,NaN,NaN,NaN,NaN,NaN,NaN,NaN,NaN,NaN,NaN,NaN,NaN,NaN,NaN,NaN,NaN,NaN,NaN,NaN,NaN,NaN,NaN,NaN,NaN,NaN,NaN,NaN,NaN,NaN,NaN,NaN,NaN,NaN,NaN,NaN,NaN,NaN,NaN,NaN,NaN,NaN,NaN,NaN,NaN,NaN,NaN,NaN,NaN,-0.0846673496402408,-0.0881493352096546,-0.100678133009559,-0.123828565142973,-0.135679780825696,NaN,NaN,NaN,NaN,NaN,NaN,NaN,NaN,NaN,NaN,NaN,NaN,NaN,NaN,NaN,NaN,NaN,NaN,NaN,NaN,NaN,NaN,NaN,NaN,NaN,NaN,NaN,NaN,NaN,NaN,NaN,NaN,NaN,NaN,NaN,NaN,NaN,NaN,NaN,NaN,NaN,NaN,NaN,NaN,NaN,NaN,NaN,NaN,NaN,NaN,NaN,NaN,NaN,NaN,NaN,NaN,NaN,NaN,NaN,NaN,NaN,NaN,NaN,NaN,NaN,NaN,NaN,NaN,NaN,NaN,NaN,NaN,NaN,NaN,NaN,NaN,NaN,NaN,NaN
NaN,NaN,NaN,NaN,NaN,NaN,NaN,NaN,NaN,NaN,NaN,NaN,NaN,NaN,NaN,NaN,NaN,NaN,NaN,NaN,NaN,NaN,NaN,NaN,NaN,NaN,NaN,NaN,NaN,NaN,NaN,NaN,NaN,NaN,NaN,NaN,NaN,NaN,NaN,NaN,NaN,NaN,NaN,NaN,NaN,NaN,NaN,NaN,NaN,NaN,NaN,NaN,NaN,NaN,NaN,NaN,NaN,NaN,NaN,NaN,NaN,NaN,NaN,NaN,NaN,NaN,NaN,NaN,NaN,NaN,0.0857712646838817,0.00799632698350999,0.00714882815613473,-0.0233882636838043,-0.0320081034349914,-0.0287028065443811,-0.0204996722078058,-0.0331530607098568,-0.0168668956759152,-0.0358658044064417,-0.0375723176810572,-0.0375009893600112,-0.0367548793870225,-0.0374563174658095,-0.0373567136536205,-0.035375961479914,-0.0367986560278075,-0.0370754985379939,-0.0366618422104952,-0.0365696678414022,-0.0359379636806855,-0.0348254946105074,-0.0320938873276572,-0.0207357260687376,-0.00835286607272017,-0.022885962582464,-0.00809492171298032,NaN,NaN,NaN,NaN,NaN,NaN,NaN,NaN,NaN,NaN,NaN,NaN,NaN,NaN,NaN,NaN,NaN,NaN,NaN,NaN,NaN,NaN,NaN,NaN,NaN,NaN,NaN,NaN,NaN,NaN,NaN,NaN,NaN,NaN,NaN,NaN,NaN,NaN,NaN,NaN,NaN,NaN,NaN,NaN,NaN,NaN,NaN,NaN,NaN,NaN,NaN,NaN,NaN,NaN,NaN,NaN,NaN,NaN,NaN,NaN,NaN,NaN,NaN,NaN,-0.0805925857010814,-0.0866413839996989,-0.103231937090688,-0.126411074042116,NaN,NaN,NaN,NaN,NaN,NaN,NaN,NaN,NaN,NaN,NaN,NaN,NaN,NaN,NaN,NaN,NaN,NaN,NaN,NaN,NaN,NaN,NaN,NaN,NaN,NaN,NaN,NaN,NaN,NaN,NaN,NaN,NaN,NaN,NaN,NaN,NaN,NaN,NaN,NaN,NaN,NaN,NaN,NaN,NaN,NaN,NaN,NaN,NaN,NaN,NaN,NaN,NaN,NaN,NaN,NaN,NaN,NaN,NaN,NaN,NaN,NaN,NaN,NaN,NaN,NaN,NaN,NaN,NaN,NaN,NaN,NaN,NaN,NaN,NaN,NaN,NaN,NaN,NaN,NaN
NaN,NaN,NaN,NaN,NaN,NaN,NaN,NaN,NaN,NaN,NaN,NaN,NaN,NaN,NaN,NaN,NaN,NaN,NaN,NaN,NaN,NaN,NaN,NaN,NaN,NaN,NaN,NaN,NaN,NaN,NaN,NaN,NaN,NaN,NaN,NaN,NaN,NaN,NaN,NaN,NaN,NaN,NaN,NaN,NaN,NaN,NaN,NaN,NaN,NaN,NaN,NaN,NaN,NaN,NaN,NaN,NaN,NaN,NaN,NaN,NaN,NaN,NaN,NaN,NaN,NaN,NaN,NaN,NaN,NaN,0.142262878992535,0.0681063886940042,-0.00690000382581423,-0.0299573820638583,-0.032299249147679,-0.0340650182421865,-0.021112755427291,-0.0169309089858573,-0.0379796989807259,-0.0369755716436545,-0.037848117952238,-0.0377819519822578,-0.0377671802414607,-0.0377279686991404,-0.0376933219318184,-0.036261764260895,-0.037418662242085,-0.0374696979165969,-0.0373097324021138,-0.0368816842021209,-0.0365138017098344,-0.0354836057298712,-0.0341436386618078,-0.0267810544449597,-0.0158046664922416,-0.0229567927128219,0.0418767604917202,NaN,NaN,NaN,NaN,NaN,NaN,NaN,NaN,NaN,NaN,NaN,NaN,NaN,NaN,NaN,NaN,NaN,NaN,NaN,NaN,NaN,NaN,NaN,NaN,NaN,NaN,NaN,NaN,NaN,NaN,NaN,NaN,NaN,NaN,NaN,NaN,NaN,NaN,NaN,NaN,NaN,NaN,NaN,NaN,NaN,NaN,NaN,NaN,NaN,NaN,NaN,NaN,NaN,NaN,NaN,NaN,NaN,NaN,NaN,NaN,NaN,NaN,NaN,NaN,-0.0797452764656202,-0.0860765523110088,-0.10355410489244,-0.116122269819105,NaN,NaN,NaN,NaN,NaN,NaN,NaN,NaN,NaN,NaN,NaN,NaN,NaN,NaN,NaN,NaN,NaN,NaN,NaN,NaN,NaN,NaN,NaN,NaN,NaN,NaN,NaN,NaN,NaN,NaN,NaN,NaN,NaN,NaN,NaN,NaN,NaN,NaN,NaN,NaN,NaN,NaN,NaN,NaN,NaN,NaN,NaN,NaN,NaN,NaN,NaN,NaN,NaN,NaN,NaN,NaN,NaN,NaN,NaN,NaN,NaN,NaN,NaN,NaN,NaN,NaN,NaN,NaN,NaN,NaN,NaN,NaN,NaN,NaN,NaN,NaN,NaN,NaN,NaN,NaN
NaN,NaN,NaN,NaN,NaN,NaN,NaN,NaN,NaN,NaN,NaN,NaN,NaN,NaN,NaN,NaN,NaN,NaN,NaN,NaN,NaN,NaN,NaN,NaN,NaN,NaN,NaN,NaN,NaN,NaN,NaN,NaN,NaN,NaN,NaN,NaN,NaN,NaN,NaN,NaN,NaN,NaN,NaN,NaN,NaN,NaN,NaN,NaN,NaN,NaN,NaN,NaN,NaN,NaN,NaN,NaN,NaN,NaN,NaN,NaN,NaN,NaN,NaN,NaN,NaN,NaN,NaN,NaN,NaN,NaN,NaN,0.0643695983606582,-0.0094581722452258,-0.0314024044660475,-0.0220845809657323,-0.0360625421136502,-0.036249085704844,-0.0216666282442311,-0.0380730680991356,-0.0380534238026343,-0.0379985578421813,-0.0379187471352764,-0.037858015171722,-0.037831828497888,-0.037780748769504,-0.0377388736786192,-0.0377383330907139,-0.0376414931721886,-0.0375316954871421,-0.0373047594613576,-0.0369830108042067,-0.0364645987760878,-0.0339078623083047,-0.030055926373615,-0.0239946786348781,-0.0241731001753115,NaN,NaN,NaN,NaN,NaN,NaN,NaN,NaN,NaN,NaN,NaN,NaN,NaN,NaN,NaN,NaN,NaN,NaN,NaN,NaN,NaN,NaN,NaN,NaN,NaN,NaN,NaN,NaN,NaN,NaN,NaN,NaN,NaN,NaN,NaN,NaN,NaN,NaN,NaN,NaN,NaN,NaN,NaN,NaN,NaN,NaN,NaN,NaN,NaN,NaN,NaN,NaN,NaN,NaN,NaN,NaN,NaN,NaN,NaN,NaN,NaN,NaN,NaN,NaN,NaN,-0.0796953801974969,-0.0856885844238883,-0.100710545524537,-0.109119675428654,NaN,NaN,NaN,NaN,NaN,NaN,NaN,NaN,NaN,NaN,NaN,NaN,NaN,NaN,NaN,NaN,NaN,NaN,NaN,NaN,NaN,NaN,NaN,NaN,NaN,NaN,NaN,NaN,NaN,NaN,NaN,NaN,NaN,NaN,NaN,NaN,NaN,NaN,NaN,NaN,NaN,NaN,NaN,NaN,NaN,NaN,NaN,NaN,NaN,NaN,NaN,NaN,NaN,NaN,NaN,NaN,NaN,NaN,NaN,NaN,NaN,NaN,NaN,NaN,NaN,NaN,NaN,NaN,NaN,NaN,NaN,NaN,NaN,NaN,NaN,NaN,NaN,NaN,NaN,NaN
NaN,NaN,NaN,NaN,NaN,NaN,NaN,NaN,NaN,NaN,NaN,NaN,NaN,NaN,NaN,NaN,NaN,NaN,NaN,NaN,NaN,NaN,NaN,NaN,NaN,NaN,NaN,NaN,NaN,NaN,NaN,NaN,NaN,NaN,NaN,NaN,NaN,NaN,NaN,NaN,NaN,NaN,NaN,NaN,NaN,NaN,NaN,NaN,NaN,NaN,NaN,NaN,NaN,NaN,NaN,NaN,NaN,NaN,NaN,NaN,NaN,NaN,NaN,NaN,NaN,NaN,NaN,NaN,NaN,NaN,NaN,NaN,-0.0319225826911164,-0.0318307168969386,-0.0306324634584307,-0.0383224548189018,-0.0382518703130163,-0.0362508556019592,-0.0381723220134,-0.0380843585479917,-0.0380647870939007,-0.0380135990538043,-0.0379593586425429,-0.0379166160264722,-0.0378585433668451,-0.0377999692934243,-0.0377748444628789,-0.0377221719856944,-0.0376519451667961,-0.0375105186355112,-0.0369861375045642,-0.0362093548962812,-0.0356023050421653,-0.0333785977458472,-0.0262147102377654,-0.0121787368596024,-0.0263766474581792,-0.0262730059261078,NaN,NaN,NaN,NaN,NaN,NaN,NaN,NaN,NaN,NaN,NaN,NaN,NaN,NaN,NaN,NaN,NaN,NaN,NaN,NaN,NaN,NaN,NaN,NaN,NaN,NaN,NaN,NaN,NaN,NaN,NaN,NaN,NaN,NaN,NaN,NaN,NaN,NaN,NaN,NaN,NaN,NaN,NaN,NaN,NaN,NaN,NaN,NaN,NaN,NaN,NaN,NaN,NaN,NaN,NaN,NaN,NaN,NaN,NaN,NaN,NaN,NaN,NaN,-0.0825078135236856,-0.0917151850870128,-0.0984418519608629,-0.100997621308403,NaN,NaN,NaN,NaN,NaN,NaN,NaN,NaN,NaN,NaN,NaN,NaN,NaN,NaN,NaN,NaN,NaN,NaN,NaN,NaN,NaN,NaN,NaN,NaN,NaN,NaN,NaN,NaN,NaN,NaN,NaN,NaN,NaN,NaN,NaN,NaN,NaN,NaN,NaN,NaN,NaN,NaN,NaN,NaN,NaN,NaN,NaN,NaN,NaN,NaN,NaN,NaN,NaN,NaN,NaN,NaN,NaN,NaN,NaN,NaN,NaN,NaN,NaN,NaN,NaN,NaN,NaN,NaN,NaN,NaN,NaN,NaN,NaN,NaN,NaN,NaN,NaN,NaN,NaN,NaN
NaN,NaN,NaN,NaN,NaN,NaN,NaN,NaN,NaN,NaN,NaN,NaN,NaN,NaN,NaN,NaN,NaN,NaN,NaN,NaN,NaN,NaN,NaN,NaN,NaN,NaN,NaN,NaN,NaN,NaN,NaN,NaN,NaN,NaN,NaN,NaN,NaN,NaN,NaN,NaN,NaN,NaN,NaN,NaN,NaN,NaN,NaN,NaN,NaN,NaN,NaN,NaN,NaN,NaN,NaN,NaN,NaN,NaN,NaN,NaN,NaN,NaN,NaN,NaN,NaN,NaN,NaN,NaN,NaN,NaN,NaN,NaN,-0.00451194710417804,-0.0363002600606102,-0.0380827713935091,-0.0384013889480193,-0.0383410068621405,-0.0329091919658572,-0.0382391181648656,-0.03816418257071,-0.038128684477927,-0.0380850475190148,-0.038037583355351,-0.0379868710182346,-0.0379224720189364,-0.0378561233944941,-0.0378102966639375,-0.037756751806951,-0.0376917204329659,-0.0376165761787522,-0.0372906265475973,-0.0371474401439076,-0.0368127372835267,-0.0345422526815812,-0.0234837735153923,-0.0119333475670314,-0.0265243596737423,0.0102971929571634,NaN,NaN,NaN,NaN,NaN,NaN,NaN,NaN,NaN,NaN,NaN,NaN,NaN,NaN,NaN,NaN,NaN,NaN,NaN,NaN,NaN,NaN,NaN,NaN,NaN,NaN,NaN,NaN,NaN,NaN,NaN,NaN,NaN,NaN,NaN,NaN,NaN,NaN,NaN,NaN,NaN,NaN,NaN,NaN,NaN,NaN,NaN,NaN,NaN,NaN,NaN,NaN,NaN,NaN,NaN,NaN,NaN,NaN,NaN,NaN,NaN,NaN,NaN,NaN,-0.112404203432901,-0.0988341472192702,-0.10019861552087,NaN,NaN,NaN,NaN,NaN,NaN,NaN,NaN,NaN,NaN,NaN,NaN,NaN,NaN,NaN,NaN,NaN,NaN,NaN,NaN,NaN,NaN,NaN,NaN,NaN,NaN,NaN,NaN,NaN,NaN,NaN,NaN,NaN,NaN,NaN,NaN,NaN,NaN,NaN,NaN,NaN,NaN,NaN,NaN,NaN,NaN,NaN,NaN,NaN,NaN,NaN,NaN,NaN,NaN,NaN,NaN,NaN,NaN,NaN,NaN,NaN,NaN,NaN,NaN,NaN,NaN,NaN,NaN,NaN,NaN,NaN,NaN,NaN,NaN,NaN,NaN,NaN,NaN,NaN,NaN
NaN,NaN,NaN,NaN,NaN,NaN,NaN,NaN,NaN,NaN,NaN,NaN,NaN,NaN,NaN,NaN,NaN,NaN,NaN,NaN,NaN,NaN,NaN,NaN,NaN,NaN,NaN,NaN,NaN,NaN,NaN,NaN,NaN,NaN,NaN,NaN,NaN,NaN,NaN,NaN,NaN,NaN,NaN,NaN,NaN,NaN,NaN,NaN,NaN,NaN,NaN,NaN,NaN,NaN,NaN,NaN,NaN,NaN,NaN,NaN,NaN,NaN,NaN,NaN,NaN,NaN,NaN,NaN,NaN,NaN,0.135242119751996,0.0599095685376114,-0.0132365912929653,-0.0360413412528537,-0.0381762302167909,-0.0384794467924727,-0.0384093478719637,-0.0340649039774172,-0.0383748876739948,-0.0382515450677824,-0.0381861861727959,-0.0381338232467644,-0.0380360166443629,-0.0380019491612718,-0.0379608529448101,-0.0379021966804917,-0.0378515667872667,-0.0377874771645527,-0.037733842455843,-0.037671598427746,-0.0374868523558801,-0.0372436807149251,-0.0365416771632469,-0.0343475031078681,-0.0267831380365396,-0.026768187852602,-0.0265974070048961,NaN,NaN,NaN,NaN,NaN,NaN,NaN,NaN,NaN,NaN,NaN,NaN,NaN,NaN,NaN,NaN,NaN,NaN,NaN,NaN,NaN,NaN,NaN,NaN,NaN,NaN,NaN,NaN,NaN,NaN,NaN,NaN,NaN,NaN,NaN,NaN,NaN,NaN,NaN,NaN,NaN,NaN,NaN,NaN,NaN,NaN,NaN,NaN,NaN,NaN,NaN,NaN,NaN,NaN,NaN,NaN,NaN,NaN,NaN,NaN,NaN,NaN,NaN,NaN,-0.0865975292204021,-0.0969852557268274,-0.088929256047628,-0.0867871862258526,-0.0767845789233221,NaN,NaN,NaN,NaN,NaN,NaN,NaN,NaN,NaN,NaN,NaN,NaN,NaN,NaN,NaN,NaN,NaN,NaN,NaN,NaN,NaN,NaN,NaN,NaN,NaN,NaN,NaN,NaN,NaN,NaN,NaN,NaN,NaN,NaN,NaN,NaN,NaN,NaN,NaN,NaN,NaN,NaN,NaN,NaN,NaN,NaN,NaN,NaN,NaN,NaN,NaN,NaN,NaN,NaN,NaN,NaN,NaN,NaN,NaN,NaN,NaN,NaN,NaN,NaN,NaN,NaN,NaN,NaN,NaN,NaN,NaN,NaN,NaN,NaN,NaN,NaN,NaN,NaN,NaN
NaN,NaN,NaN,NaN,NaN,NaN,NaN,NaN,NaN,NaN,NaN,NaN,NaN,NaN,NaN,NaN,NaN,NaN,NaN,NaN,NaN,NaN,NaN,NaN,NaN,NaN,NaN,NaN,NaN,NaN,NaN,NaN,NaN,NaN,NaN,NaN,NaN,NaN,NaN,NaN,NaN,NaN,NaN,NaN,NaN,NaN,NaN,NaN,NaN,NaN,NaN,NaN,NaN,NaN,NaN,NaN,NaN,NaN,NaN,NaN,NaN,NaN,NaN,NaN,NaN,NaN,NaN,NaN,NaN,NaN,0.0912747171936377,0.0135344540536471,-0.0313869351616804,-0.0379818030570554,-0.0385004484042993,-0.0384567289772231,-0.0383441975463149,-0.0383639428903912,-0.0384050466829867,-0.0382983355888421,-0.0382536214903575,-0.0381987496900721,-0.0380694252654741,-0.0379766977961788,-0.0379659770712414,-0.0379329783895986,-0.0378915562800287,-0.037831868632227,-0.037766518077448,-0.0376851335868049,-0.0375552684113654,-0.0373314029731525,-0.0367640813158036,-0.0367744534589406,-0.0123776494538978,0.00998398121098253,-0.0156105605110898,NaN,NaN,NaN,NaN,NaN,NaN,NaN,NaN,NaN,NaN,NaN,NaN,NaN,NaN,NaN,NaN,NaN,NaN,NaN,NaN,NaN,NaN,NaN,NaN,NaN,NaN,NaN,NaN,NaN,NaN,NaN,NaN,NaN,NaN,NaN,NaN,NaN,NaN,NaN,NaN,NaN,NaN,NaN,NaN,NaN,NaN,NaN,NaN,NaN,NaN,NaN,NaN,NaN,NaN,NaN,NaN,NaN,NaN,NaN,NaN,NaN,NaN,NaN,NaN,-0.0876525584099975,-0.0870605460945552,-0.082950038837498,-0.080096576034978,-0.0741415077477703,-0.0700713243776535,NaN,NaN,NaN,NaN,NaN,NaN,NaN,NaN,NaN,NaN,NaN,NaN,NaN,NaN,NaN,NaN,NaN,NaN,NaN,NaN,NaN,NaN,NaN,NaN,NaN,NaN,NaN,NaN,NaN,NaN,NaN,NaN,NaN,NaN,NaN,NaN,NaN,NaN,NaN,NaN,NaN,NaN,NaN,NaN,NaN,NaN,NaN,NaN,NaN,NaN,NaN,NaN,NaN,NaN,NaN,NaN,NaN,NaN,NaN,NaN,NaN,NaN,NaN,NaN,NaN,NaN,NaN,NaN,NaN,NaN,NaN,NaN,NaN,NaN,NaN,NaN,NaN,NaN
NaN,NaN,NaN,NaN,NaN,NaN,NaN,NaN,NaN,NaN,NaN,NaN,NaN,NaN,NaN,NaN,NaN,NaN,NaN,NaN,NaN,NaN,NaN,NaN,NaN,NaN,NaN,NaN,NaN,NaN,NaN,NaN,NaN,NaN,NaN,NaN,NaN,NaN,NaN,NaN,NaN,NaN,NaN,NaN,NaN,NaN,NaN,NaN,NaN,NaN,NaN,NaN,NaN,NaN,NaN,NaN,NaN,NaN,NaN,NaN,NaN,NaN,NaN,NaN,NaN,NaN,NaN,NaN,NaN,NaN,0.0860789245059124,0.00881978872114216,-0.0359174871775975,-0.038496679414919,-0.0384468137262439,-0.0384655845518892,-0.0384322548933812,-0.0383473983588869,-0.038374249146885,-0.0382822569521017,-0.0381699908587087,-0.0381718525579373,-0.0381751898424831,-0.0380510835145024,-0.0379873827756744,-0.0379483113578405,-0.0379161442815662,-0.0378608653755186,-0.0377911110954969,-0.0376955721149995,-0.0375608072737813,-0.0373827878380315,-0.0374090907838948,-0.0267156164617627,0.0355263992011631,NaN,NaN,NaN,NaN,NaN,NaN,NaN,NaN,NaN,NaN,NaN,NaN,NaN,NaN,NaN,NaN,NaN,NaN,NaN,NaN,NaN,NaN,NaN,NaN,NaN,NaN,NaN,NaN,NaN,NaN,NaN,NaN,NaN,NaN,NaN,NaN,NaN,NaN,NaN,NaN,NaN,NaN,NaN,NaN,NaN,NaN,NaN,NaN,NaN,NaN,NaN,NaN,NaN,NaN,NaN,NaN,NaN,NaN,NaN,NaN,NaN,NaN,NaN,NaN,NaN,-0.0797317473742641,-0.0831675273556062,-0.0817425655480196,-0.0791994323002714,-0.0768883443391109,-0.0734542264570379,-0.0714778855208056,NaN,NaN,NaN,NaN,NaN,NaN,NaN,NaN,NaN,NaN,NaN,NaN,NaN,NaN,NaN,NaN,NaN,NaN,NaN,NaN,NaN,NaN,NaN,NaN,NaN,NaN,NaN,NaN,NaN,NaN,NaN,NaN,NaN,NaN,NaN,NaN,NaN,NaN,NaN,NaN,NaN,NaN,NaN,NaN,NaN,NaN,NaN,NaN,NaN,NaN,NaN,NaN,NaN,NaN,NaN,NaN,NaN,NaN,NaN,NaN,NaN,NaN,NaN,NaN,NaN,NaN,NaN,NaN,NaN,NaN,NaN,NaN,NaN,NaN,NaN,NaN,NaN,NaN
NaN,NaN,NaN,NaN,NaN,NaN,NaN,NaN,NaN,NaN,NaN,NaN,NaN,NaN,NaN,NaN,NaN,NaN,NaN,NaN,NaN,NaN,NaN,NaN,NaN,NaN,NaN,NaN,NaN,NaN,NaN,NaN,NaN,NaN,NaN,NaN,NaN,NaN,NaN,NaN,NaN,NaN,NaN,NaN,NaN,NaN,NaN,NaN,NaN,NaN,NaN,NaN,NaN,NaN,NaN,NaN,NaN,NaN,NaN,NaN,NaN,NaN,NaN,NaN,NaN,NaN,NaN,NaN,NaN,NaN,NaN,-0.0123512852987594,-0.0381703682333222,-0.0385205830040078,-0.0384392018895808,-0.038491592912149,-0.0383570187637617,-0.0384503896821356,-0.0384584619543212,-0.0384432692028059,-0.0381854049103549,-0.0380915098008148,-0.038171401176824,-0.0381199016669338,-0.0380578913409882,-0.0380044372649853,-0.0379489523545623,-0.03788886612812,-0.0378198467699383,-0.0376787355225068,-0.0374024229465444,-0.0366954142323112,-0.0157155150691314,NaN,NaN,NaN,NaN,NaN,NaN,NaN,NaN,NaN,NaN,NaN,NaN,NaN,NaN,NaN,NaN,NaN,NaN,NaN,NaN,NaN,NaN,NaN,NaN,NaN,NaN,NaN,NaN,NaN,NaN,NaN,NaN,NaN,NaN,NaN,NaN,NaN,NaN,NaN,NaN,NaN,NaN,NaN,NaN,NaN,NaN,NaN,NaN,NaN,NaN,NaN,NaN,NaN,NaN,NaN,NaN,NaN,NaN,NaN,NaN,NaN,NaN,NaN,NaN,NaN,NaN,-0.0764234669419346,-0.0784335130525757,-0.0803247487019475,-0.0802115057403513,-0.0777757550896935,-0.0751461356201885,-0.0733069072747193,-0.0722511639793069,NaN,NaN,NaN,NaN,NaN,NaN,NaN,NaN,NaN,NaN,NaN,NaN,NaN,NaN,NaN,NaN,NaN,NaN,NaN,NaN,NaN,NaN,NaN,NaN,NaN,NaN,NaN,NaN,NaN,NaN,NaN,NaN,NaN,NaN,NaN,NaN,NaN,NaN,NaN,NaN,NaN,NaN,NaN,NaN,NaN,NaN,NaN,NaN,NaN,NaN,NaN,NaN,NaN,NaN,NaN,NaN,NaN,NaN,NaN,NaN,NaN,NaN,NaN,NaN,NaN,NaN,NaN,NaN,NaN,NaN,NaN,NaN,NaN,NaN,NaN,NaN,NaN,NaN
NaN,NaN,NaN,NaN,NaN,NaN,NaN,NaN,NaN,NaN,NaN,NaN,NaN,NaN,NaN,NaN,NaN,NaN,NaN,NaN,NaN,NaN,NaN,NaN,NaN,NaN,NaN,NaN,NaN,NaN,NaN,NaN,NaN,NaN,NaN,NaN,NaN,NaN,NaN,NaN,NaN,NaN,NaN,NaN,NaN,NaN,NaN,NaN,NaN,NaN,NaN,NaN,NaN,NaN,NaN,NaN,NaN,NaN,NaN,NaN,NaN,NaN,NaN,NaN,NaN,NaN,NaN,NaN,NaN,NaN,NaN,-0.032306140846158,-0.0385164302021616,-0.0384808148654678,-0.0384891596399101,-0.038501264490655,-0.0384302044322708,-0.0384750238172786,-0.0384385279829536,-0.0384806793202296,-0.0384823890534924,-0.0382424530287775,-0.0382039820617711,-0.038165983625939,-0.0381128218685205,-0.038094864587965,-0.0380237294894325,-0.0379278393299581,-0.0378064649744242,-0.0365763689272034,-0.0368541667259624,-0.0365873757480694,-0.0140852185008132,NaN,NaN,NaN,NaN,NaN,NaN,NaN,NaN,NaN,NaN,NaN,NaN,NaN,NaN,NaN,NaN,NaN,NaN,NaN,NaN,NaN,NaN,NaN,NaN,NaN,NaN,NaN,NaN,NaN,NaN,NaN,NaN,NaN,NaN,NaN,NaN,NaN,NaN,NaN,NaN,NaN,NaN,NaN,NaN,NaN,NaN,NaN,NaN,NaN,NaN,NaN,NaN,NaN,NaN,NaN,NaN,NaN,NaN,NaN,NaN,NaN,NaN,NaN,NaN,NaN,NaN,-0.0762539802124824,-0.0773225656234174,-0.0786942863543912,-0.0794419819289753,-0.0770892446593319,-0.0737524863531038,-0.0728632518040063,-0.0723721074376758,NaN,NaN,NaN,NaN,NaN,NaN,NaN,NaN,NaN,NaN,NaN,NaN,NaN,NaN,NaN,NaN,NaN,NaN,NaN,NaN,NaN,NaN,NaN,NaN,NaN,NaN,NaN,NaN,NaN,NaN,NaN,NaN,NaN,NaN,NaN,NaN,NaN,NaN,NaN,NaN,NaN,NaN,NaN,NaN,NaN,NaN,NaN,NaN,NaN,NaN,NaN,NaN,NaN,NaN,NaN,NaN,NaN,NaN,NaN,NaN,NaN,NaN,NaN,NaN,NaN,NaN,NaN,NaN,NaN,NaN,NaN,NaN,NaN,NaN,NaN,NaN,NaN,NaN
NaN,NaN,NaN,NaN,NaN,NaN,NaN,NaN,NaN,NaN,NaN,NaN,NaN,NaN,NaN,NaN,NaN,NaN,NaN,NaN,NaN,NaN,NaN,NaN,NaN,NaN,NaN,NaN,NaN,NaN,NaN,NaN,NaN,NaN,NaN,NaN,NaN,NaN,NaN,NaN,NaN,NaN,NaN,NaN,NaN,NaN,NaN,NaN,NaN,NaN,NaN,NaN,NaN,NaN,NaN,NaN,NaN,NaN,NaN,NaN,NaN,NaN,NaN,NaN,NaN,NaN,NaN,NaN,NaN,NaN,-0.0287624200286244,-0.0383655307265204,-0.0384224935027685,-0.0384549162989084,-0.0382853055409175,-0.0385150964967759,-0.0383938580829676,-0.0384851955182163,-0.0384825073139993,-0.038414288288055,-0.0384675189254567,-0.0384185461415727,-0.0383333709679544,-0.0382725201969294,-0.0381795570740249,-0.0381530365378292,-0.0380902459842727,-0.0379086608185395,-0.0371810948401989,-0.036907428567731,-0.0365300599180989,-0.0364298543839705,-0.015479544486416,NaN,NaN,NaN,NaN,NaN,NaN,NaN,NaN,NaN,NaN,NaN,NaN,NaN,NaN,NaN,NaN,NaN,NaN,NaN,NaN,NaN,NaN,NaN,NaN,NaN,NaN,NaN,NaN,NaN,NaN,NaN,NaN,NaN,NaN,NaN,NaN,NaN,NaN,NaN,NaN,NaN,NaN,NaN,NaN,NaN,NaN,NaN,NaN,NaN,NaN,NaN,NaN,NaN,NaN,NaN,NaN,NaN,NaN,NaN,NaN,NaN,NaN,NaN,NaN,NaN,NaN,-0.0758681462611805,-0.0762565247399813,-0.0774536541001891,-0.0779159584084388,-0.0761606009265691,-0.0731564178668189,-0.072825149650524,-0.0729807993711419,NaN,NaN,NaN,NaN,NaN,NaN,NaN,NaN,NaN,NaN,NaN,NaN,NaN,NaN,NaN,NaN,NaN,NaN,NaN,NaN,NaN,NaN,NaN,NaN,NaN,NaN,NaN,NaN,NaN,NaN,NaN,NaN,NaN,NaN,NaN,NaN,NaN,NaN,NaN,NaN,NaN,NaN,NaN,NaN,NaN,NaN,NaN,NaN,NaN,NaN,NaN,NaN,NaN,NaN,NaN,NaN,NaN,NaN,NaN,NaN,NaN,NaN,NaN,NaN,NaN,NaN,NaN,NaN,NaN,NaN,NaN,NaN,NaN,NaN,NaN,NaN,NaN,NaN
NaN,NaN,NaN,NaN,NaN,NaN,NaN,NaN,NaN,NaN,NaN,NaN,NaN,NaN,NaN,NaN,NaN,NaN,NaN,NaN,NaN,NaN,NaN,NaN,NaN,NaN,NaN,NaN,NaN,NaN,NaN,NaN,NaN,NaN,NaN,NaN,NaN,NaN,NaN,NaN,NaN,NaN,NaN,NaN,NaN,NaN,NaN,NaN,NaN,NaN,NaN,NaN,NaN,NaN,NaN,NaN,NaN,NaN,NaN,NaN,NaN,NaN,NaN,NaN,NaN,NaN,NaN,NaN,NaN,-0.0374736368036247,-0.0378051386860307,-0.0381878951042575,-0.0383475661540455,-0.0384713500925371,-0.0385657196146863,-0.0384346663337067,-0.0384393916632058,-0.0385355552526321,-0.0386363360336157,-0.0387240567753844,-0.038558833296012,-0.0385040001604836,-0.0384507239620327,-0.0383954508737265,-0.0383053796724891,-0.0382272259785493,-0.0381503104593153,-0.038050354933785,-0.0373190465161666,-0.0363475866521533,-0.0361229452823478,-0.036285629740847,-0.0360517490879187,-0.0154225645070807,-0.0153467498756028,-0.0152495666687116,-0.0151497971497823,NaN,NaN,NaN,NaN,NaN,NaN,NaN,NaN,NaN,NaN,NaN,NaN,NaN,NaN,NaN,NaN,NaN,NaN,NaN,NaN,NaN,NaN,NaN,NaN,NaN,NaN,NaN,NaN,NaN,NaN,NaN,NaN,NaN,NaN,NaN,NaN,NaN,NaN,NaN,NaN,NaN,NaN,NaN,NaN,NaN,NaN,NaN,NaN,NaN,NaN,NaN,NaN,NaN,NaN,NaN,NaN,NaN,NaN,NaN,NaN,NaN,NaN,-0.0761358287410902,-0.075632563215566,-0.0760696840383035,-0.0760269229093167,-0.074852441963083,-0.0736005237663586,-0.0731009000267137,-0.0736186126677512,NaN,NaN,NaN,NaN,NaN,NaN,NaN,NaN,NaN,NaN,NaN,NaN,NaN,NaN,NaN,NaN,NaN,NaN,NaN,NaN,NaN,NaN,NaN,NaN,NaN,NaN,NaN,NaN,NaN,NaN,NaN,NaN,NaN,NaN,NaN,NaN,NaN,NaN,NaN,NaN,NaN,NaN,NaN,NaN,NaN,NaN,NaN,NaN,NaN,NaN,NaN,NaN,NaN,NaN,NaN,NaN,NaN,NaN,NaN,NaN,NaN,NaN,NaN,NaN,NaN,NaN,NaN,NaN,NaN,NaN,NaN,NaN,NaN,NaN,NaN,NaN,NaN,NaN
NaN,NaN,NaN,NaN,NaN,NaN,NaN,NaN,NaN,NaN,NaN,NaN,NaN,NaN,NaN,NaN,NaN,NaN,NaN,NaN,NaN,NaN,NaN,NaN,NaN,NaN,NaN,NaN,NaN,NaN,NaN,NaN,NaN,NaN,NaN,NaN,NaN,NaN,NaN,NaN,NaN,NaN,NaN,NaN,NaN,NaN,NaN,NaN,NaN,NaN,NaN,NaN,NaN,NaN,NaN,NaN,NaN,NaN,NaN,NaN,NaN,NaN,NaN,NaN,NaN,NaN,NaN,NaN,NaN,-0.0377837807669109,-0.0367466099494945,-0.0381592195470544,-0.0382976849352877,-0.0384303823918976,-0.038501701093101,-0.0385181769644778,-0.0385303537370885,-0.0385633556721431,-0.0387429921080768,-0.0388601456318711,-0.0388401887488217,-0.0387288460869336,-0.0386532989356372,-0.0385550062341281,-0.0384481835861158,-0.038386726947724,-0.0382835749078994,-0.037977608243988,-0.0374357943160491,-0.0363057731279676,-0.0353032706139474,-0.0357754333333994,-0.0360343562951738,-0.0358981385090345,-0.0356817329200328,-0.0354751929980356,-0.035279222992094,-0.0151753456813417,NaN,NaN,NaN,NaN,NaN,NaN,NaN,NaN,NaN,NaN,NaN,NaN,NaN,NaN,NaN,NaN,NaN,NaN,NaN,NaN,NaN,NaN,NaN,NaN,NaN,NaN,NaN,NaN,NaN,NaN,NaN,NaN,NaN,NaN,NaN,NaN,NaN,NaN,NaN,NaN,NaN,NaN,NaN,NaN,NaN,NaN,NaN,NaN,NaN,NaN,NaN,NaN,NaN,NaN,NaN,NaN,NaN,NaN,NaN,NaN,-0.0720259939533142,-0.0739778737712388,-0.0743617064067892,-0.0745819350039759,-0.0741191598158188,-0.0729469671963925,-0.0723525488194703,-0.0717574518169118,NaN,NaN,NaN,NaN,NaN,NaN,NaN,NaN,NaN,NaN,NaN,NaN,NaN,NaN,NaN,NaN,NaN,NaN,NaN,NaN,NaN,NaN,NaN,NaN,NaN,NaN,NaN,NaN,NaN,NaN,NaN,NaN,NaN,NaN,NaN,NaN,NaN,NaN,NaN,NaN,NaN,NaN,NaN,NaN,NaN,NaN,NaN,NaN,NaN,NaN,NaN,NaN,NaN,NaN,NaN,NaN,NaN,NaN,NaN,NaN,NaN,NaN,NaN,NaN,NaN,NaN,NaN,NaN,NaN,NaN,NaN,NaN,NaN,NaN,NaN,NaN,NaN,NaN,NaN
NaN,NaN,NaN,NaN,NaN,NaN,NaN,NaN,NaN,NaN,NaN,NaN,NaN,NaN,NaN,NaN,NaN,NaN,NaN,NaN,NaN,NaN,NaN,NaN,NaN,NaN,NaN,NaN,NaN,NaN,NaN,NaN,NaN,NaN,NaN,NaN,NaN,NaN,NaN,NaN,NaN,NaN,NaN,NaN,NaN,NaN,NaN,NaN,NaN,NaN,NaN,NaN,NaN,NaN,NaN,NaN,NaN,NaN,NaN,NaN,NaN,NaN,NaN,NaN,NaN,NaN,0.064016709537705,-0.0094140133319187,-0.036810591776316,-0.0364188583813299,-0.0379471263164567,-0.0381119298311244,-0.0382340365257069,-0.0383175324760552,-0.0384698237912938,-0.0386827734945733,-0.0387927417632188,-0.0387761317330939,-0.0390150286052669,-0.0390064871715448,-0.0390401570889661,-0.0390140918761365,-0.0389046144393091,-0.0387603700737016,-0.0385905496587779,-0.03853246016835,-0.0382086909850751,-0.0378866122060336,-0.0374440405867725,-0.0372718513607625,-0.0349741087813437,-0.0355137226561474,-0.0351861920217739,-0.0304035133263268,-0.0307028328053436,-0.0351379610176051,-0.0354739726454478,-0.0152900410332091,NaN,NaN,NaN,NaN,NaN,NaN,NaN,NaN,NaN,NaN,NaN,NaN,NaN,NaN,NaN,NaN,NaN,NaN,NaN,NaN,NaN,NaN,NaN,NaN,NaN,NaN,NaN,NaN,NaN,NaN,NaN,NaN,NaN,NaN,NaN,NaN,NaN,NaN,NaN,NaN,NaN,NaN,NaN,NaN,NaN,NaN,NaN,NaN,NaN,NaN,NaN,NaN,NaN,NaN,NaN,NaN,NaN,NaN,NaN,NaN,-0.0717751260338031,-0.0727176324215173,-0.0730293493494671,-0.0734216188877059,-0.0726688159336428,-0.0715398193151878,-0.0706703692463568,-0.0699963815336278,NaN,NaN,NaN,NaN,NaN,NaN,NaN,NaN,NaN,NaN,NaN,NaN,NaN,NaN,NaN,NaN,NaN,NaN,NaN,NaN,NaN,NaN,NaN,NaN,NaN,NaN,NaN,NaN,NaN,NaN,NaN,NaN,NaN,NaN,NaN,NaN,NaN,NaN,NaN,NaN,NaN,NaN,NaN,NaN,NaN,NaN,NaN,NaN,NaN,NaN,NaN,NaN,NaN,NaN,NaN,NaN,NaN,NaN,NaN,NaN,NaN,NaN,NaN,NaN,NaN,NaN,NaN,NaN,NaN,NaN,NaN,NaN,NaN,NaN,NaN,NaN,NaN,NaN,NaN
NaN,NaN,NaN,NaN,NaN,NaN,NaN,NaN,NaN,NaN,NaN,NaN,NaN,NaN,NaN,NaN,NaN,NaN,NaN,NaN,NaN,NaN,NaN,NaN,NaN,NaN,NaN,NaN,NaN,NaN,NaN,NaN,NaN,NaN,NaN,NaN,NaN,NaN,NaN,NaN,NaN,NaN,NaN,NaN,NaN,NaN,NaN,NaN,NaN,NaN,NaN,NaN,NaN,NaN,NaN,NaN,NaN,NaN,NaN,NaN,NaN,NaN,NaN,NaN,NaN,NaN,-0.00176558780523751,-0.0345522957752397,-0.0368172682909023,-0.0378240956755757,-0.0379285777115689,-0.0380850710579947,-0.0382148394277131,-0.0383288059148955,-0.0385909196147532,-0.038851377262808,-0.0390177594998336,-0.039143239376809,-0.0392664967004034,-0.0393378911096761,-0.0392962717802919,-0.0393124946772367,-0.0392393735342724,-0.0390416775269136,-0.0387725368127201,-0.0385852619302012,-0.0385079347100499,-0.0382045609656748,-0.0380014744912623,-0.0374891789872313,-0.0351383594185411,-0.0332837322505497,-0.0340992629687416,-0.0286618353113644,-0.022705542132309,-0.0155380159963538,-0.0356545972264869,-0.0346104335545508,NaN,NaN,NaN,NaN,NaN,NaN,NaN,NaN,NaN,NaN,NaN,NaN,NaN,NaN,NaN,NaN,NaN,NaN,NaN,NaN,NaN,NaN,NaN,NaN,NaN,NaN,NaN,NaN,NaN,NaN,NaN,NaN,NaN,NaN,NaN,NaN,NaN,NaN,NaN,NaN,NaN,NaN,NaN,NaN,NaN,NaN,NaN,NaN,NaN,NaN,NaN,NaN,NaN,NaN,NaN,NaN,NaN,NaN,NaN,NaN,-0.071396811660845,-0.0719840096282651,-0.0719414366035697,-0.0724128875389295,-0.0718909203736223,-0.0710752510158194,-0.0702698553439941,-0.0695584575093031,NaN,NaN,NaN,NaN,NaN,NaN,NaN,NaN,NaN,NaN,NaN,NaN,NaN,NaN,NaN,NaN,NaN,NaN,NaN,NaN,NaN,NaN,NaN,NaN,NaN,NaN,NaN,NaN,NaN,NaN,NaN,NaN,NaN,NaN,NaN,NaN,NaN,NaN,NaN,NaN,NaN,NaN,NaN,NaN,NaN,NaN,NaN,NaN,NaN,NaN,NaN,NaN,NaN,NaN,NaN,NaN,NaN,NaN,NaN,NaN,NaN,NaN,NaN,NaN,NaN,NaN,NaN,NaN,NaN,NaN,NaN,NaN,NaN,NaN,NaN,NaN,NaN,NaN,NaN
NaN,NaN,NaN,NaN,NaN,NaN,NaN,NaN,NaN,NaN,NaN,NaN,NaN,NaN,NaN,NaN,NaN,NaN,NaN,NaN,NaN,NaN,NaN,NaN,NaN,NaN,NaN,NaN,NaN,NaN,NaN,NaN,NaN,NaN,NaN,NaN,NaN,NaN,NaN,NaN,NaN,NaN,NaN,NaN,NaN,NaN,NaN,NaN,NaN,NaN,NaN,NaN,NaN,NaN,NaN,NaN,NaN,NaN,NaN,NaN,NaN,NaN,NaN,NaN,NaN,NaN,-0.00956104304919036,-0.0361899400877327,-0.0378037522642148,-0.0379076973457477,-0.0380032582870139,-0.0381588890786378,-0.0382309660902765,-0.0385158032768625,-0.038843608487276,-0.0391054894559585,-0.0393134736555235,-0.0396048789599975,-0.0395583510493953,-0.0396972777663813,-0.0396321671626131,-0.0395224447553045,-0.0395216042781392,-0.0394131397560077,-0.0390762614639622,-0.0387767163488321,-0.0386841198573875,-0.0386284734820101,-0.0378608354566507,-0.0369447275471851,-0.0326799588970967,-0.0319771429871128,-0.0307517638900573,-0.0258966086850003,-0.0140668518633466,-0.0225276931432117,-0.03577295074907,-0.0356643808173703,NaN,NaN,NaN,NaN,NaN,NaN,NaN,NaN,NaN,NaN,NaN,NaN,NaN,NaN,NaN,NaN,NaN,NaN,NaN,NaN,NaN,NaN,NaN,NaN,NaN,NaN,NaN,NaN,NaN,NaN,NaN,NaN,NaN,NaN,NaN,NaN,NaN,NaN,NaN,NaN,NaN,NaN,NaN,NaN,NaN,NaN,NaN,NaN,NaN,NaN,NaN,NaN,NaN,NaN,NaN,NaN,NaN,NaN,NaN,NaN,-0.0712478978785488,-0.0715226603559385,-0.0715422185453381,-0.0715951675682313,-0.0714094688559064,-0.0709834248462425,-0.0703926991934161,-0.0696292803415801,NaN,NaN,NaN,NaN,NaN,NaN,NaN,NaN,NaN,NaN,NaN,NaN,NaN,NaN,NaN,NaN,NaN,NaN,NaN,NaN,NaN,NaN,NaN,NaN,NaN,NaN,NaN,NaN,NaN,NaN,NaN,NaN,NaN,NaN,NaN,NaN,NaN,NaN,NaN,NaN,NaN,NaN,NaN,NaN,NaN,NaN,NaN,NaN,NaN,NaN,NaN,NaN,NaN,NaN,NaN,NaN,NaN,NaN,NaN,NaN,NaN,NaN,NaN,NaN,NaN,NaN,NaN,NaN,NaN,NaN,NaN,NaN,NaN,NaN,NaN,NaN,NaN,NaN,NaN
NaN,NaN,NaN,NaN,NaN,NaN,NaN,NaN,NaN,NaN,NaN,NaN,NaN,NaN,NaN,NaN,NaN,NaN,NaN,NaN,NaN,NaN,NaN,NaN,NaN,NaN,NaN,NaN,NaN,NaN,NaN,NaN,NaN,NaN,NaN,NaN,NaN,NaN,NaN,NaN,NaN,NaN,NaN,NaN,NaN,NaN,NaN,NaN,NaN,NaN,NaN,NaN,NaN,NaN,NaN,NaN,NaN,NaN,NaN,NaN,NaN,NaN,NaN,NaN,NaN,-0.00938772331594897,-0.0374685286464564,-0.0377708834965357,-0.0379574230743389,-0.0380233024421756,-0.0380879069251156,-0.0381990530252387,-0.0382732749252103,-0.0386872426252186,-0.0390830426169033,-0.0392601313180042,-0.0395628242147279,-0.0398788451790325,-0.0398634856255143,-0.0398789992886231,-0.0398158671905692,-0.0396657017088936,-0.0396513960292734,-0.039711824676868,-0.0394681511170995,-0.0390760971654408,-0.0387247279863722,-0.0384326341693774,-0.0353648848821677,-0.0349437404907758,-0.0342432462394227,-0.0326739793315632,-0.0279466637661398,-0.0212687138485543,-0.0350290510349913,-0.0360187521832203,-0.0359053349145548,-0.0155520800222668,NaN,NaN,NaN,NaN,NaN,NaN,NaN,NaN,NaN,NaN,NaN,NaN,NaN,NaN,NaN,NaN,NaN,NaN,NaN,NaN,NaN,NaN,NaN,NaN,NaN,NaN,NaN,NaN,NaN,NaN,NaN,NaN,NaN,NaN,NaN,NaN,NaN,NaN,NaN,NaN,NaN,NaN,NaN,NaN,NaN,NaN,NaN,NaN,NaN,NaN,NaN,NaN,NaN,NaN,NaN,NaN,NaN,NaN,NaN,NaN,-0.0718735009525182,-0.0718384391099801,-0.0720831827608771,-0.0714658846999591,-0.0710637956955538,-0.0707651427108051,-0.070581473693937,-0.069963363619106,NaN,NaN,NaN,NaN,NaN,NaN,NaN,NaN,NaN,NaN,NaN,NaN,NaN,NaN,NaN,NaN,NaN,NaN,NaN,NaN,NaN,NaN,NaN,NaN,NaN,NaN,NaN,NaN,NaN,NaN,NaN,NaN,NaN,NaN,NaN,NaN,NaN,NaN,NaN,NaN,NaN,NaN,NaN,NaN,NaN,NaN,NaN,NaN,NaN,NaN,NaN,NaN,NaN,NaN,NaN,NaN,NaN,NaN,NaN,NaN,NaN,NaN,NaN,NaN,NaN,NaN,NaN,NaN,NaN,NaN,NaN,NaN,NaN,NaN,NaN,NaN,NaN,NaN,NaN
NaN,NaN,NaN,NaN,NaN,NaN,NaN,NaN,NaN,NaN,NaN,NaN,NaN,NaN,NaN,NaN,NaN,NaN,NaN,NaN,NaN,NaN,NaN,NaN,NaN,NaN,NaN,NaN,NaN,NaN,NaN,NaN,NaN,NaN,NaN,NaN,NaN,NaN,NaN,NaN,NaN,NaN,NaN,NaN,NaN,NaN,NaN,NaN,NaN,NaN,NaN,NaN,NaN,NaN,NaN,NaN,NaN,NaN,NaN,NaN,NaN,-0.0133098899543816,-0.0246538523737248,-0.0283034972245469,-0.0324881187670315,-0.0374819440758372,-0.0376684974436141,-0.0380887631894162,-0.0381210368971145,-0.038146040189618,-0.0381822799284888,-0.0382356057670564,-0.0384593593453664,-0.0387532917542858,-0.0392252177689381,-0.0394939955198452,-0.0397504396352415,-0.0398910521596619,-0.0398756516826403,-0.0398427731858851,-0.0398680023704115,-0.0397380722421321,-0.0397718905699316,-0.0399051448052063,-0.0396529808504551,-0.0390895110821856,-0.038471691169783,-0.0333665048958843,-0.0280289871180308,-0.0350010310969463,-0.0336578470971144,-0.0284622401594568,-0.0287899522792596,-0.0147952012312074,-0.0362682309022384,-0.0361406392254724,-0.0360370330481765,-0.0156522687315987,0.0557169032202447,NaN,NaN,NaN,NaN,NaN,NaN,NaN,NaN,NaN,NaN,NaN,NaN,NaN,NaN,NaN,NaN,NaN,NaN,NaN,NaN,NaN,NaN,NaN,NaN,NaN,NaN,NaN,NaN,NaN,NaN,NaN,NaN,NaN,NaN,NaN,NaN,NaN,NaN,NaN,NaN,NaN,NaN,NaN,NaN,NaN,NaN,NaN,NaN,NaN,NaN,NaN,NaN,NaN,NaN,NaN,NaN,NaN,NaN,-0.0700798074384044,-0.071269791804396,-0.0719594735073203,-0.0731069313204556,-0.0723752087488061,-0.0713460073725644,-0.0707984507478462,-0.070658772583796,-0.0702871035039938,NaN,NaN,NaN,NaN,NaN,NaN,NaN,NaN,NaN,NaN,NaN,NaN,NaN,NaN,NaN,NaN,NaN,NaN,NaN,NaN,NaN,NaN,NaN,NaN,NaN,NaN,NaN,NaN,NaN,NaN,NaN,NaN,NaN,NaN,NaN,NaN,NaN,NaN,NaN,NaN,NaN,NaN,NaN,NaN,NaN,NaN,NaN,NaN,NaN,NaN,NaN,NaN,NaN,NaN,NaN,NaN,NaN,NaN,NaN,NaN,NaN,NaN,NaN,NaN,NaN,NaN,NaN,NaN,NaN,NaN,NaN,NaN,NaN,NaN,NaN,NaN,NaN,NaN,NaN
NaN,NaN,NaN,NaN,NaN,NaN,NaN,NaN,NaN,NaN,NaN,NaN,NaN,NaN,NaN,NaN,NaN,NaN,NaN,NaN,NaN,NaN,NaN,NaN,NaN,NaN,NaN,NaN,NaN,NaN,NaN,NaN,NaN,NaN,NaN,NaN,NaN,NaN,NaN,NaN,NaN,NaN,NaN,NaN,NaN,NaN,NaN,NaN,NaN,NaN,NaN,NaN,NaN,NaN,NaN,NaN,NaN,NaN,NaN,NaN,-0.0134453164227666,-0.0379679015097145,-0.0382398777122711,-0.0382207790758379,-0.0382103922030803,-0.0382226097428135,-0.0382554841616216,-0.0382755838981414,-0.038312908936008,-0.038151713554562,-0.0383760883113984,-0.0385478391655648,-0.0388520412268743,-0.0390055430466674,-0.0393659092115106,-0.0400138427273573,-0.0403128742061043,-0.0403919394324058,-0.0401947140969694,-0.0400981851439822,-0.0402998351158347,-0.0401704621370208,-0.0400980188325974,-0.0401913170242295,-0.0393940814679176,-0.0386097588905881,-0.0378057640177612,-0.0323406576300218,-0.0263987057929564,-0.0351574685788084,-0.0351077833550863,-0.0161450608966755,0.00358392497151596,0.0572287067550981,-0.0147132925737638,-0.0158851718614097,-0.0158023899460452,0.0555662620601143,0.13143759077271,NaN,NaN,NaN,NaN,NaN,NaN,NaN,NaN,NaN,NaN,NaN,NaN,NaN,NaN,NaN,NaN,NaN,NaN,NaN,NaN,NaN,NaN,NaN,NaN,NaN,NaN,NaN,NaN,NaN,NaN,NaN,NaN,NaN,NaN,NaN,NaN,NaN,NaN,NaN,NaN,NaN,NaN,NaN,NaN,NaN,NaN,NaN,NaN,NaN,NaN,NaN,NaN,NaN,NaN,NaN,NaN,NaN,-0.0705218272027938,-0.0708295703002829,-0.0710578341668138,-0.0714872567087571,-0.0728708969805914,-0.0730167144676149,-0.0723909212806952,-0.0714340424960299,-0.0713150232906144,NaN,NaN,NaN,NaN,NaN,NaN,NaN,NaN,NaN,NaN,NaN,NaN,NaN,NaN,NaN,NaN,NaN,NaN,NaN,NaN,NaN,NaN,NaN,NaN,NaN,NaN,NaN,NaN,NaN,NaN,NaN,NaN,NaN,NaN,NaN,NaN,NaN,NaN,NaN,NaN,NaN,NaN,NaN,NaN,NaN,NaN,NaN,NaN,NaN,NaN,NaN,NaN,NaN,NaN,NaN,NaN,NaN,NaN,NaN,NaN,NaN,NaN,NaN,NaN,NaN,NaN,NaN,NaN,NaN,NaN,NaN,NaN,NaN,NaN,NaN,NaN,NaN,NaN,NaN,NaN
NaN,NaN,NaN,NaN,NaN,NaN,NaN,NaN,NaN,NaN,NaN,NaN,NaN,NaN,NaN,NaN,NaN,NaN,NaN,NaN,NaN,NaN,NaN,NaN,NaN,NaN,NaN,NaN,NaN,NaN,NaN,NaN,NaN,NaN,NaN,NaN,NaN,NaN,NaN,NaN,NaN,NaN,NaN,NaN,NaN,NaN,NaN,NaN,NaN,NaN,NaN,NaN,NaN,NaN,NaN,NaN,NaN,NaN,NaN,NaN,-0.0381292857502701,-0.0384037404220823,-0.0384176628150533,-0.0383876676543829,-0.0383625685597566,-0.0383665764965944,-0.0383814949360742,-0.0384233587056508,-0.0385165202546869,-0.0373357655300555,-0.0384945667737492,-0.0386485121708095,-0.0391834193427934,-0.0393112438997653,-0.0397516519981867,-0.0406050132106541,-0.0411868982225309,-0.0414728593019682,-0.0413597448057672,-0.0409972229693508,-0.0411063309043744,-0.0411459246514748,-0.041150278174866,-0.0413980475619659,-0.041514208159519,-0.0402480480323173,-0.0395642009142359,-0.035735087915773,-0.0354314982266146,-0.0351800293643331,-0.035090511563263,-0.0160055119552545,NaN,NaN,NaN,NaN,NaN,NaN,NaN,NaN,NaN,NaN,NaN,NaN,NaN,NaN,NaN,NaN,NaN,NaN,NaN,NaN,NaN,NaN,NaN,NaN,NaN,NaN,NaN,NaN,NaN,NaN,NaN,NaN,NaN,NaN,NaN,NaN,NaN,NaN,NaN,NaN,NaN,NaN,NaN,NaN,NaN,NaN,NaN,NaN,NaN,NaN,NaN,NaN,NaN,NaN,NaN,NaN,NaN,NaN,NaN,NaN,NaN,NaN,NaN,NaN,-0.0708527111849455,-0.0714104647799414,-0.0712320056523145,-0.0709986835378106,-0.0719261016326186,-0.0726993653636313,-0.073009692473505,-0.0721064725988279,-0.0713575014455685,NaN,NaN,NaN,NaN,NaN,NaN,NaN,NaN,NaN,NaN,NaN,NaN,NaN,NaN,NaN,NaN,NaN,NaN,NaN,NaN,NaN,NaN,NaN,NaN,NaN,NaN,NaN,NaN,NaN,NaN,NaN,NaN,NaN,NaN,NaN,NaN,NaN,NaN,NaN,NaN,NaN,NaN,NaN,NaN,NaN,NaN,NaN,NaN,NaN,NaN,NaN,NaN,NaN,NaN,NaN,NaN,NaN,NaN,NaN,NaN,NaN,NaN,NaN,NaN,NaN,NaN,NaN,NaN,NaN,NaN,NaN,NaN,NaN,NaN,NaN,NaN,NaN,NaN,NaN,NaN
NaN,NaN,NaN,NaN,NaN,NaN,NaN,NaN,NaN,NaN,NaN,NaN,NaN,NaN,NaN,NaN,NaN,NaN,NaN,NaN,NaN,NaN,NaN,NaN,NaN,NaN,NaN,NaN,NaN,NaN,NaN,NaN,NaN,NaN,NaN,NaN,NaN,NaN,NaN,NaN,NaN,NaN,NaN,NaN,NaN,NaN,NaN,NaN,NaN,NaN,NaN,NaN,NaN,NaN,NaN,NaN,NaN,0.0193794518905044,-0.014963400552167,NaN,-0.0384043370363904,-0.0386201731199998,-0.0385755667338481,-0.038536464962767,-0.038507269827873,-0.0384965911742959,-0.038504105636385,-0.0385802172883708,-0.0386386227342534,-0.0383097755680825,-0.0384162284125331,-0.0385651070559148,-0.0390464003081091,-0.0395255803174742,-0.0401100454941815,-0.0408121247803867,-0.0413749409936546,-0.0416020311783361,-0.0421664172467266,-0.0420212904277573,-0.041799151274623,-0.0419882454765165,-0.0423708798519052,-0.0414856131080482,NaN,NaN,-0.0167676056198014,0.0128276172756363,-0.0333926451492246,-0.0160142098474603,-0.0159418776155509,NaN,NaN,NaN,NaN,NaN,NaN,NaN,NaN,NaN,NaN,NaN,NaN,NaN,NaN,NaN,NaN,NaN,NaN,NaN,NaN,NaN,NaN,NaN,NaN,NaN,NaN,NaN,NaN,NaN,NaN,NaN,NaN,NaN,NaN,NaN,NaN,NaN,NaN,NaN,NaN,NaN,NaN,NaN,NaN,NaN,NaN,NaN,NaN,NaN,NaN,NaN,NaN,NaN,NaN,NaN,NaN,NaN,NaN,NaN,NaN,NaN,NaN,NaN,NaN,NaN,NaN,-0.0728713511701941,-0.0728340584270291,-0.0721852646639017,-0.072194457635866,-0.0732134252770169,-0.0733733861940321,-0.0730273968049614,-0.0719447367338371,NaN,NaN,NaN,NaN,NaN,NaN,NaN,NaN,NaN,NaN,NaN,NaN,NaN,NaN,NaN,NaN,NaN,NaN,NaN,NaN,NaN,NaN,NaN,NaN,NaN,NaN,NaN,NaN,NaN,NaN,NaN,NaN,NaN,NaN,NaN,NaN,NaN,NaN,NaN,NaN,NaN,NaN,NaN,NaN,NaN,NaN,NaN,NaN,NaN,NaN,NaN,NaN,NaN,NaN,NaN,NaN,NaN,NaN,NaN,NaN,NaN,NaN,NaN,NaN,NaN,NaN,NaN,NaN,NaN,NaN,NaN,NaN,NaN,NaN,NaN,NaN,NaN,NaN,NaN,NaN
NaN,NaN,NaN,NaN,NaN,NaN,NaN,NaN,NaN,NaN,NaN,NaN,NaN,NaN,NaN,NaN,NaN,NaN,NaN,NaN,NaN,NaN,NaN,NaN,NaN,NaN,NaN,NaN,NaN,NaN,NaN,NaN,NaN,NaN,NaN,NaN,NaN,NaN,NaN,NaN,NaN,NaN,NaN,NaN,NaN,NaN,NaN,NaN,NaN,NaN,NaN,NaN,NaN,NaN,NaN,0.097132049075419,0.019129502208091,-0.0343162638839925,-0.0390920542520716,-0.030555015803609,-0.038978165472296,-0.0388292250712741,-0.0387636950492532,-0.0387126608691219,-0.0386710818660999,-0.038630970432488,-0.0386291793791543,-0.038689025161297,-0.038797504307368,-0.0387266430222934,-0.0385417177061611,-0.038602904051086,-0.0387997784581317,-0.0395794799975334,-0.0400855385351351,-0.0405425942783423,-0.0408304258408115,-0.0411688986980853,-0.0418644053904747,-0.0421428217836567,-0.0421594185354122,-0.042450768637737,-0.0429736298109651,-0.0167980732343106,NaN,NaN,NaN,0.0907248759721352,0.0200878281620946,NaN,NaN,NaN,NaN,NaN,NaN,NaN,NaN,NaN,NaN,NaN,NaN,NaN,NaN,NaN,NaN,NaN,NaN,NaN,NaN,NaN,NaN,NaN,NaN,NaN,NaN,NaN,NaN,NaN,NaN,NaN,NaN,NaN,NaN,NaN,NaN,NaN,NaN,NaN,NaN,NaN,NaN,NaN,NaN,NaN,NaN,NaN,NaN,NaN,NaN,NaN,NaN,NaN,NaN,NaN,NaN,NaN,NaN,NaN,NaN,NaN,NaN,NaN,NaN,NaN,NaN,NaN,NaN,-0.0747072958826005,-0.0746419191895901,-0.0745831757786094,-0.0740407083616713,-0.074443923742918,-0.0743723338940445,-0.0742965637031843,NaN,NaN,NaN,NaN,NaN,NaN,NaN,NaN,NaN,NaN,NaN,NaN,NaN,NaN,NaN,NaN,NaN,NaN,NaN,NaN,NaN,NaN,NaN,NaN,NaN,NaN,NaN,NaN,NaN,NaN,NaN,NaN,NaN,NaN,NaN,NaN,NaN,NaN,NaN,NaN,NaN,NaN,NaN,NaN,NaN,NaN,NaN,NaN,NaN,NaN,NaN,NaN,NaN,NaN,NaN,NaN,NaN,NaN,NaN,NaN,NaN,NaN,NaN,NaN,NaN,NaN,NaN,NaN,NaN,NaN,NaN,NaN,NaN,NaN,NaN,NaN,NaN,NaN,NaN,NaN,NaN
NaN,NaN,NaN,NaN,NaN,NaN,NaN,NaN,NaN,NaN,NaN,NaN,NaN,NaN,NaN,NaN,NaN,NaN,NaN,NaN,NaN,NaN,NaN,NaN,NaN,NaN,NaN,NaN,NaN,NaN,NaN,NaN,NaN,NaN,NaN,NaN,NaN,NaN,NaN,NaN,NaN,NaN,NaN,NaN,NaN,NaN,NaN,NaN,NaN,-0.00804863176304108,-0.03805380024823,-0.0268489327064058,-0.0167637042596487,NaN,NaN,0.0577204397673274,-0.0151701867875326,-0.0393837178693744,-0.0392361819895614,-0.0393930043946749,-0.03915878653474,-0.0390316385956315,-0.0389629477325438,-0.0388989199911112,-0.0388405826345379,-0.0387816965514786,-0.0387503399350394,-0.0387596684975231,-0.0388168058306144,-0.0388747650066426,-0.0388277079178389,-0.0386849075620439,-0.0388860080067055,-0.0394697788535199,-0.0399861744664394,-0.0403094287390785,-0.0403680778619133,-0.0411635947128578,-0.041759511383371,-0.041930534210205,-0.0422734776448312,-0.0428176905868384,-0.0443408772223949,NaN,NaN,NaN,NaN,NaN,NaN,NaN,NaN,NaN,NaN,NaN,NaN,NaN,NaN,NaN,NaN,NaN,NaN,NaN,NaN,NaN,NaN,NaN,NaN,NaN,NaN,NaN,NaN,NaN,NaN,NaN,NaN,NaN,NaN,NaN,NaN,NaN,NaN,NaN,NaN,NaN,NaN,NaN,NaN,NaN,NaN,NaN,NaN,NaN,NaN,NaN,NaN,NaN,NaN,NaN,NaN,NaN,NaN,NaN,NaN,NaN,NaN,NaN,NaN,NaN,NaN,NaN,NaN,NaN,NaN,NaN,NaN,NaN,-0.0749559076239431,-0.0754910537418882,-0.0752547486688374,-0.0755105727329209,-0.0766611802412969,-0.0766361701231073,-0.0761951784301996,-0.0747375132108117,NaN,NaN,NaN,NaN,NaN,NaN,NaN,NaN,NaN,NaN,NaN,NaN,NaN,NaN,NaN,NaN,NaN,NaN,NaN,NaN,NaN,NaN,NaN,NaN,NaN,NaN,NaN,NaN,NaN,NaN,NaN,NaN,NaN,NaN,NaN,NaN,NaN,NaN,NaN,NaN,NaN,NaN,NaN,NaN,NaN,NaN,NaN,NaN,NaN,NaN,NaN,NaN,NaN,NaN,NaN,NaN,NaN,NaN,NaN,NaN,NaN,NaN,NaN,NaN,NaN,NaN,NaN,NaN,NaN,NaN,NaN,NaN,NaN,NaN,NaN,NaN,NaN,NaN,NaN,NaN,NaN
NaN,NaN,NaN,NaN,NaN,NaN,NaN,NaN,NaN,NaN,NaN,NaN,NaN,NaN,NaN,NaN,NaN,NaN,NaN,NaN,NaN,NaN,NaN,NaN,NaN,NaN,NaN,NaN,NaN,NaN,NaN,NaN,NaN,NaN,NaN,NaN,NaN,NaN,NaN,NaN,NaN,NaN,NaN,NaN,NaN,NaN,-0.0391994151304086,0.00113502273549179,-0.00866381823775275,-0.0407518243915481,-0.0406024220645219,-0.04082294318522,-0.0406796043511481,-0.0358519006227334,-0.0183819468758366,NaN,-0.0380060112075767,-0.0398804541316352,-0.0397444581731068,-0.0395540876355528,-0.0393523344963747,-0.0392364242610435,-0.0391540947872476,-0.0390812502109632,-0.0390153387541446,-0.0389703548403357,-0.0389359692523774,-0.0389155303217208,-0.0389439122761598,-0.0390256325896479,-0.0390911133866868,-0.0391185531163973,-0.0393637556344342,-0.0397303630954184,-0.0401752723751313,-0.0401906459548312,-0.0401734307377168,-0.0411861696782891,-0.0417048339017404,-0.0418577378070996,-0.0419438869694043,-0.0423273249385381,-0.0429439865162973,-0.0412979729914315,-0.0388337377357063,-0.0228166127790007,NaN,NaN,NaN,NaN,NaN,NaN,NaN,NaN,NaN,NaN,NaN,NaN,NaN,NaN,NaN,NaN,NaN,NaN,NaN,NaN,NaN,NaN,NaN,NaN,NaN,NaN,NaN,NaN,NaN,NaN,NaN,NaN,NaN,NaN,NaN,NaN,NaN,NaN,NaN,NaN,NaN,NaN,NaN,NaN,NaN,NaN,NaN,NaN,NaN,NaN,NaN,NaN,NaN,NaN,NaN,NaN,NaN,NaN,NaN,NaN,NaN,NaN,NaN,NaN,NaN,NaN,NaN,NaN,NaN,NaN,-0.075130878617402,-0.0760086935650914,-0.0757854700104683,-0.0761060776109053,-0.077947766830357,-0.0793193337982033,-0.07891674403681,NaN,NaN,NaN,NaN,NaN,NaN,NaN,NaN,NaN,NaN,NaN,NaN,NaN,NaN,NaN,NaN,NaN,NaN,NaN,NaN,NaN,NaN,NaN,NaN,NaN,NaN,NaN,NaN,NaN,NaN,NaN,NaN,NaN,NaN,NaN,NaN,NaN,NaN,NaN,NaN,NaN,NaN,NaN,NaN,NaN,NaN,NaN,NaN,NaN,NaN,NaN,NaN,NaN,NaN,NaN,NaN,NaN,NaN,NaN,NaN,NaN,NaN,NaN,NaN,NaN,NaN,NaN,NaN,NaN,NaN,NaN,NaN,NaN,NaN,NaN,NaN,NaN,NaN,NaN,NaN,NaN,NaN
NaN,NaN,NaN,NaN,NaN,NaN,NaN,NaN,NaN,NaN,NaN,NaN,NaN,NaN,NaN,NaN,NaN,NaN,NaN,NaN,NaN,NaN,NaN,NaN,NaN,NaN,NaN,NaN,NaN,NaN,NaN,NaN,NaN,NaN,NaN,NaN,NaN,NaN,NaN,NaN,NaN,NaN,NaN,NaN,NaN,-0.0159809361083415,-0.0404022903977993,-0.0402258875776552,-0.040337844410603,-0.0368448246003877,-0.0358423546134923,-0.0410030104602103,-0.0409354932216553,-0.0407764645737844,-0.0408992679277933,-0.041182690287411,-0.0406002855327564,-0.0402305437907285,-0.0400045413745311,-0.0397830418357741,-0.0396002869641371,-0.0394875692593704,-0.039380650098667,-0.0393020923564891,-0.039259635404976,-0.0392720107342399,-0.0392716743989994,-0.0393034726863224,-0.0393820391489655,-0.0395071095398155,-0.0395877557238897,-0.0396205155313473,-0.0399501413998403,-0.0403632245471423,-0.0405321236412491,-0.0402886228704001,-0.0403230955785654,-0.0412189907544995,-0.0415731770036111,-0.0418327322656138,-0.0418382125467278,-0.041987470684361,-0.04219337051467,-0.0421122522364706,-0.0417492912258695,-0.0414152944525684,-0.0409703416952466,-0.0406628857274145,NaN,NaN,NaN,NaN,NaN,NaN,NaN,NaN,NaN,NaN,NaN,NaN,NaN,NaN,NaN,NaN,NaN,NaN,NaN,NaN,NaN,NaN,NaN,NaN,NaN,NaN,NaN,NaN,NaN,NaN,NaN,NaN,NaN,NaN,NaN,NaN,NaN,NaN,NaN,NaN,NaN,NaN,NaN,NaN,NaN,NaN,NaN,NaN,NaN,NaN,NaN,NaN,NaN,NaN,NaN,NaN,NaN,NaN,NaN,NaN,NaN,NaN,NaN,NaN,NaN,NaN,NaN,NaN,NaN,-0.0777635119352008,-0.076783849699994,-0.0773698021774279,-0.0788017859895661,-0.0806492610019312,-0.0791908739946724,NaN,NaN,NaN,NaN,NaN,NaN,NaN,NaN,NaN,NaN,NaN,NaN,NaN,NaN,NaN,NaN,NaN,NaN,NaN,NaN,NaN,NaN,NaN,NaN,NaN,NaN,NaN,NaN,NaN,NaN,NaN,NaN,NaN,NaN,NaN,NaN,NaN,NaN,NaN,NaN,NaN,NaN,NaN,NaN,NaN,NaN,NaN,NaN,NaN,NaN,NaN,NaN,NaN,NaN,NaN,NaN,NaN,NaN,NaN,NaN,NaN,NaN,NaN,NaN,NaN,NaN,NaN,NaN,NaN,NaN,NaN,NaN,NaN,NaN,NaN,NaN,NaN,NaN,NaN,NaN,NaN,NaN
NaN,NaN,NaN,NaN,NaN,NaN,NaN,NaN,NaN,NaN,NaN,NaN,NaN,NaN,-0.0446281815567091,-0.047232076659164,-0.0488024691449691,-0.0481504001861499,-0.048944269074809,-0.0489787855010773,-0.0488600319193147,-0.034359556678858,0.0366638630558715,NaN,NaN,NaN,NaN,NaN,NaN,NaN,NaN,NaN,NaN,NaN,NaN,NaN,NaN,NaN,NaN,NaN,NaN,NaN,NaN,NaN,NaN,-0.0251598361618483,-0.0395305994851402,-0.0405503227045608,-0.0404806842153672,-0.0404116209148313,-0.0411762385312488,-0.0413137860342942,-0.0412394014628277,-0.0411087972915691,-0.0409870005099911,-0.0408877567621974,-0.0405940792649226,-0.0403599428763594,-0.0401663212864966,-0.0399823205893515,-0.0398568192351738,-0.0397666767776918,-0.0396746282856804,-0.0396385956870942,-0.039634487089221,-0.0395209786251237,-0.0397168891637383,-0.0398164404782826,-0.039942007809831,-0.0400638182920516,-0.0401242185322854,-0.0402226315092039,-0.0404796614686049,-0.0408048252024946,-0.040760116716865,-0.0404150159903569,-0.0407167483906792,-0.0412028035468415,-0.0415067336162311,-0.0417880425883579,-0.0419085741978513,-0.0419636632362997,-0.0420804473907004,-0.0420965708177995,-0.0419362576656221,-0.0416917749519491,-0.0414341592807074,-0.0409567933883607,NaN,NaN,NaN,NaN,NaN,NaN,NaN,NaN,NaN,NaN,NaN,NaN,NaN,NaN,NaN,NaN,NaN,NaN,NaN,NaN,NaN,NaN,NaN,NaN,NaN,NaN,NaN,NaN,NaN,NaN,NaN,NaN,NaN,NaN,NaN,NaN,NaN,NaN,NaN,NaN,NaN,NaN,NaN,NaN,NaN,NaN,NaN,NaN,NaN,NaN,NaN,NaN,NaN,NaN,NaN,NaN,NaN,NaN,NaN,NaN,NaN,NaN,NaN,NaN,NaN,NaN,NaN,NaN,NaN,-0.0804164541350762,-0.0785070281488041,-0.0781670278228229,-0.08007399400416,-0.0825093164139075,NaN,NaN,NaN,NaN,NaN,NaN,NaN,NaN,NaN,NaN,NaN,NaN,NaN,NaN,NaN,NaN,NaN,NaN,NaN,NaN,NaN,NaN,NaN,NaN,NaN,NaN,NaN,NaN,NaN,NaN,NaN,NaN,NaN,NaN,NaN,NaN,NaN,NaN,NaN,NaN,NaN,NaN,NaN,NaN,NaN,NaN,NaN,NaN,NaN,NaN,NaN,NaN,NaN,NaN,NaN,NaN,NaN,NaN,NaN,NaN,NaN,NaN,NaN,NaN,NaN,NaN,NaN,NaN,NaN,NaN,NaN,NaN,NaN,NaN,NaN,NaN,NaN,NaN,NaN,NaN,NaN,NaN,NaN
NaN,NaN,NaN,NaN,NaN,NaN,NaN,NaN,NaN,NaN,NaN,NaN,NaN,NaN,-0.0488519346697183,-0.0488693813741355,-0.0490150188574726,-0.0491728760194817,-0.0492451651408055,-0.0492352781120646,-0.0492056762171118,-0.0490857321052823,-0.0345646934367723,0.0362684444345947,NaN,NaN,NaN,NaN,NaN,NaN,NaN,NaN,NaN,NaN,NaN,NaN,NaN,NaN,NaN,NaN,NaN,NaN,NaN,-0.00678987497629695,-0.0404538824657161,-0.0400660478025216,-0.0400019254275386,-0.040565552650965,-0.0411614902464876,-0.0415276618817814,-0.0417060888059611,-0.0415681440239809,-0.0414207779237958,-0.0412285906188885,-0.0410586054649531,-0.0408894709138896,-0.0406739996423159,-0.0404891322136646,-0.0403166591553026,-0.0401968162694726,-0.0401480307067358,-0.0400890385911303,-0.0400271046281899,-0.0400187245341465,-0.0400854131618636,-0.0401116150014846,-0.0401810242080775,-0.040333097127737,-0.0404717725365179,-0.0405536854426229,-0.0405953072937525,-0.0406256722965444,-0.0406199452117124,-0.0406449614245356,-0.0406624520089723,-0.0405774555604785,-0.0410336873173712,-0.0410062337899001,-0.0414878794260562,-0.0418028099944073,-0.0420524535709735,-0.0421559547144461,-0.0422445671950557,-0.0422361184538888,-0.0421027956786592,-0.0419012911101567,-0.0416779712875701,-0.0412930509485439,NaN,NaN,NaN,NaN,NaN,NaN,NaN,NaN,NaN,NaN,NaN,NaN,NaN,NaN,NaN,NaN,NaN,NaN,NaN,NaN,NaN,NaN,NaN,NaN,NaN,NaN,NaN,NaN,NaN,NaN,NaN,NaN,NaN,NaN,NaN,NaN,NaN,NaN,NaN,NaN,NaN,NaN,NaN,NaN,NaN,NaN,NaN,NaN,NaN,NaN,NaN,NaN,NaN,NaN,NaN,NaN,NaN,NaN,NaN,NaN,NaN,NaN,NaN,NaN,NaN,NaN,NaN,NaN,NaN,-0.0894450016714699,-0.0825310062192754,-0.080453694443304,-0.0819024833756116,-0.0818995817752898,NaN,NaN,NaN,NaN,NaN,NaN,NaN,NaN,NaN,NaN,NaN,NaN,NaN,NaN,NaN,NaN,NaN,NaN,NaN,NaN,NaN,NaN,NaN,NaN,NaN,NaN,NaN,NaN,NaN,NaN,NaN,NaN,NaN,NaN,NaN,NaN,NaN,NaN,NaN,NaN,NaN,NaN,NaN,NaN,NaN,NaN,NaN,NaN,NaN,NaN,NaN,NaN,NaN,NaN,NaN,NaN,NaN,NaN,NaN,NaN,NaN,NaN,NaN,NaN,NaN,NaN,NaN,NaN,NaN,NaN,NaN,NaN,NaN,NaN,NaN,NaN,NaN,NaN,NaN,NaN,NaN,NaN,NaN
NaN,NaN,NaN,NaN,NaN,NaN,NaN,NaN,NaN,NaN,NaN,NaN,NaN,-0.0489774474396397,-0.0489081871365877,-0.0488512550451379,-0.0484703196686282,-0.0485293955173777,-0.0447089980955164,-0.0495485877668086,-0.0495578186263861,-0.0493946986533829,-0.0492746723843782,-0.0327790587930428,0.02233179172758,0.0277142996358985,NaN,NaN,NaN,NaN,NaN,NaN,NaN,NaN,NaN,NaN,NaN,NaN,NaN,NaN,NaN,NaN,NaN,0.00757541607402059,-0.0395758075919761,-0.0402131074697992,-0.0409818291984656,-0.0410919278408713,-0.0420506866988276,-0.0418239179883806,-0.0420368376523063,-0.0418251554208847,-0.0416337721625718,-0.0414237908691283,-0.0412386256955333,-0.0410409724465152,-0.0408321744004739,-0.0406490416124817,-0.0404939668120804,-0.040176848137562,-0.0399968107107944,-0.0403599288647242,-0.0402670246541812,-0.0403032458294363,-0.0403948204010095,-0.0404274036299753,-0.0405582470894971,-0.0407786874528427,-0.0409235442769699,-0.0408995748655364,-0.0407380225853374,-0.0405507345635347,-0.0403304734090962,-0.0402748695804541,-0.0403885768145453,-0.0407063129577836,-0.0408215836493116,-0.0409629700336544,-0.0414394498809034,-0.0418486267299355,-0.0421905457512924,-0.0423907343963845,-0.0424590818741835,-0.042429593731887,-0.0423209759312667,-0.0421480534867089,-0.0419749579306742,-0.0418523038318236,NaN,NaN,NaN,NaN,NaN,NaN,NaN,NaN,NaN,NaN,NaN,NaN,NaN,NaN,NaN,NaN,NaN,NaN,NaN,NaN,NaN,NaN,NaN,NaN,NaN,NaN,NaN,NaN,NaN,NaN,NaN,NaN,NaN,NaN,NaN,NaN,NaN,NaN,NaN,NaN,NaN,NaN,NaN,NaN,NaN,NaN,NaN,NaN,NaN,NaN,NaN,NaN,NaN,NaN,NaN,NaN,NaN,NaN,NaN,NaN,NaN,NaN,NaN,NaN,NaN,NaN,NaN,-0.0786270824677194,-0.0836713975880947,-0.0874430550671429,-0.0853279248587406,-0.0859805683363855,-0.0884144444758405,-0.0848813093258837,NaN,NaN,NaN,NaN,NaN,NaN,NaN,NaN,NaN,NaN,NaN,NaN,NaN,NaN,NaN,NaN,NaN,NaN,NaN,NaN,NaN,NaN,NaN,NaN,NaN,NaN,NaN,NaN,NaN,NaN,NaN,NaN,NaN,NaN,NaN,NaN,NaN,NaN,NaN,NaN,NaN,NaN,NaN,NaN,NaN,NaN,NaN,NaN,NaN,NaN,NaN,NaN,NaN,NaN,NaN,NaN,NaN,NaN,NaN,NaN,NaN,NaN,NaN,NaN,NaN,NaN,NaN,NaN,NaN,NaN,NaN,NaN,NaN,NaN,NaN,NaN,NaN,NaN,NaN,NaN,NaN,NaN,NaN
NaN,NaN,NaN,NaN,NaN,NaN,NaN,NaN,NaN,NaN,NaN,NaN,NaN,-0.0490878617803362,-0.0490523870835039,NaN,NaN,NaN,NaN,NaN,-0.0497218710297355,-0.0496035458463438,-0.0494477866703995,-0.0492666825536256,-0.0413575806733982,-0.0389845105604188,NaN,NaN,NaN,NaN,NaN,NaN,NaN,NaN,NaN,NaN,NaN,NaN,NaN,NaN,NaN,0.00414103960328639,-0.0394891649592411,-0.0378938429512814,-0.0399327104207968,-0.041553906431362,-0.0413742459252452,-0.0417236479324288,-0.0422876119542679,-0.0420403952455072,-0.0394455098893883,-0.0419917849310239,-0.0418294303458394,-0.0416142917685862,-0.0414162148923021,-0.0412445956171501,-0.0410716242761481,-0.0409093644766378,-0.040777698001153,-0.0402990983555177,-0.0405480864261305,-0.0403447079250016,-0.0403113828259843,-0.0403934912842282,-0.0403413270470803,-0.0404540496284494,-0.0408278893592901,-0.0410846768470376,-0.0410229287609915,-0.0407537440408727,-0.0404620355375477,-0.0402731374108706,-0.040101328776303,-0.0399634271098467,-0.0398916197005123,-0.0400886939914042,-0.0404007387496097,-0.040933416598421,-0.0413832129948613,-0.0419960295545579,-0.0424041264875256,-0.0426145522193525,-0.0426897032677232,-0.0426797059913894,-0.0425908964628558,-0.0424166961755937,-0.042243850232938,-0.042210026575488,-0.0387564999978088,NaN,NaN,NaN,NaN,NaN,NaN,NaN,NaN,NaN,NaN,NaN,NaN,NaN,NaN,NaN,NaN,NaN,NaN,NaN,NaN,NaN,NaN,NaN,NaN,NaN,NaN,NaN,NaN,NaN,NaN,NaN,NaN,NaN,NaN,NaN,NaN,NaN,NaN,NaN,NaN,NaN,NaN,NaN,NaN,NaN,NaN,NaN,NaN,NaN,NaN,NaN,NaN,NaN,NaN,NaN,NaN,NaN,NaN,NaN,NaN,NaN,NaN,NaN,NaN,NaN,-0.0743214894878562,-0.0773379843034013,-0.079662812321053,-0.0827364999880809,-0.0859309970174023,-0.0893610625912453,-0.0974684223571403,NaN,NaN,NaN,NaN,NaN,NaN,NaN,NaN,NaN,NaN,NaN,NaN,NaN,NaN,NaN,NaN,NaN,NaN,NaN,NaN,NaN,NaN,NaN,NaN,NaN,NaN,NaN,NaN,NaN,NaN,NaN,NaN,NaN,NaN,NaN,NaN,NaN,NaN,NaN,NaN,NaN,NaN,NaN,NaN,NaN,NaN,NaN,NaN,NaN,NaN,NaN,NaN,NaN,NaN,NaN,NaN,NaN,NaN,NaN,NaN,NaN,NaN,NaN,NaN,NaN,NaN,NaN,NaN,NaN,NaN,NaN,NaN,NaN,NaN,NaN,NaN,NaN,NaN,NaN,NaN,NaN,NaN,NaN,NaN
NaN,NaN,NaN,NaN,NaN,NaN,NaN,NaN,NaN,NaN,NaN,NaN,NaN,NaN,NaN,NaN,NaN,NaN,NaN,NaN,NaN,-0.0495742861485907,-0.0494585042082705,-0.0492957347656451,-0.0492189697786952,-0.0490319638505508,-0.048956685951446,-0.048662784973518,-0.0479860623296364,-0.0478760965257906,-0.01701936383706,NaN,NaN,NaN,NaN,NaN,NaN,NaN,NaN,NaN,-0.00952449189903985,-0.0401550698700483,-0.0397840476177356,-0.0393199809381555,-0.0398639439925639,-0.0420683017760665,-0.0423112697928717,-0.0420175557674615,-0.0422753470144213,-0.0424679928630762,-0.0423459191961076,-0.0421776668434419,-0.041840543819842,-0.0418560158334107,-0.0416320162894985,-0.0414850739447161,-0.0413214919018457,-0.0411264609483648,-0.0408629288850341,-0.0407448371122861,-0.0405367683733805,-0.0402830284756434,-0.0403477595739797,-0.0404885615312603,-0.040267600478829,-0.0404800955660478,-0.0410838903172279,-0.0411398695765622,-0.0408761422365279,-0.0405501410338837,-0.0403249281865109,-0.0402941162004588,-0.0402606764006487,-0.0401144121481158,-0.0399682808383629,-0.0400122778126101,-0.0401014335136704,-0.0404552322450376,-0.041266559539002,-0.0420617285213208,-0.0425875325767331,-0.0428344812587369,-0.0428841197171829,-0.0429145170715261,-0.0428705808019066,-0.0427341551267167,-0.0425467350358962,-0.0424446639210859,-0.0422117443713746,-0.0280652185052802,NaN,NaN,NaN,NaN,NaN,NaN,NaN,NaN,NaN,NaN,NaN,NaN,NaN,NaN,NaN,NaN,NaN,NaN,NaN,NaN,NaN,NaN,NaN,NaN,NaN,NaN,NaN,NaN,NaN,NaN,NaN,NaN,NaN,NaN,NaN,NaN,NaN,NaN,NaN,NaN,NaN,NaN,NaN,NaN,NaN,NaN,NaN,NaN,NaN,NaN,NaN,NaN,NaN,NaN,NaN,NaN,NaN,NaN,NaN,NaN,NaN,NaN,NaN,-0.07017841909574,-0.0722579938213767,-0.0749143565611228,-0.0768446671645749,-0.0786906718209435,-0.0823391525374512,-0.0836269211201906,-0.0859323671919887,-0.0814530891417849,NaN,NaN,NaN,NaN,NaN,NaN,NaN,NaN,NaN,NaN,NaN,NaN,NaN,NaN,NaN,NaN,NaN,NaN,NaN,NaN,NaN,NaN,NaN,NaN,NaN,NaN,NaN,NaN,NaN,NaN,NaN,NaN,NaN,NaN,NaN,NaN,NaN,NaN,NaN,NaN,NaN,NaN,NaN,NaN,NaN,NaN,NaN,NaN,NaN,NaN,NaN,NaN,NaN,NaN,NaN,NaN,NaN,NaN,NaN,NaN,NaN,NaN,NaN,NaN,NaN,NaN,NaN,NaN,NaN,NaN,NaN,NaN,NaN,NaN,NaN,NaN,NaN,NaN,NaN,NaN,NaN,NaN,NaN
NaN,NaN,NaN,NaN,NaN,NaN,NaN,NaN,NaN,NaN,NaN,NaN,NaN,NaN,NaN,NaN,NaN,NaN,NaN,NaN,NaN,NaN,-0.049084511471051,-0.049309023446358,-0.0490933763572824,-0.0490171426100072,-0.0489476188887558,-0.0488034849140871,-0.0486404975417249,-0.0484083303062209,-0.047961233989522,NaN,NaN,NaN,NaN,NaN,NaN,NaN,NaN,-0.0101725667355988,-0.0371661253003761,-0.0366679214469795,-0.039945941065726,-0.0405032929588701,-0.0407787919299984,-0.0419419589423565,-0.0423955426143255,-0.042547058890443,-0.0425714118410791,-0.0425669239619838,-0.042342031190019,-0.0414145720665092,-0.0422205321517495,-0.0421006272999054,-0.0419156584840222,-0.0416838933560986,-0.041443341224267,-0.0411468334246295,-0.0407742323393072,-0.0409635593096796,-0.0409749421716185,-0.0406877178685555,-0.0407353480354492,-0.0409221128993459,-0.0406922821197705,-0.040745177142398,-0.0410676997169727,-0.0409678120201323,-0.0407264118358499,-0.0404128251063255,-0.0403513202049627,-0.0409948268758126,-0.0409183854507435,-0.040370771976358,-0.0402590981608671,-0.0402741306020585,-0.0402467478117395,-0.0405252518313612,-0.0412334354980263,-0.0420538255075649,-0.0426864976554643,-0.0429810354785999,-0.0430724200570372,-0.043161309743635,-0.0431454611888846,-0.0430174450565086,-0.0428676209474584,-0.0427519455480237,-0.0425368239464292,-0.0378166869523075,NaN,NaN,NaN,NaN,NaN,NaN,NaN,NaN,NaN,NaN,NaN,NaN,NaN,NaN,NaN,NaN,NaN,NaN,NaN,NaN,NaN,NaN,NaN,NaN,NaN,NaN,NaN,NaN,NaN,NaN,NaN,NaN,NaN,NaN,NaN,NaN,NaN,NaN,NaN,NaN,NaN,NaN,NaN,NaN,NaN,NaN,NaN,NaN,NaN,NaN,NaN,NaN,NaN,NaN,NaN,NaN,NaN,NaN,NaN,NaN,NaN,NaN,NaN,-0.069734623712504,-0.0708793865591837,-0.0730564135341856,-0.0757718654340994,-0.0777437882663339,-0.0789217852748358,-0.0787537261643481,-0.079192847221988,-0.0777421021787157,-0.0764798410466484,-0.0755523340364358,NaN,NaN,NaN,NaN,NaN,NaN,NaN,NaN,NaN,NaN,NaN,NaN,NaN,NaN,NaN,NaN,NaN,NaN,NaN,NaN,NaN,NaN,NaN,NaN,NaN,NaN,NaN,NaN,NaN,NaN,NaN,NaN,NaN,NaN,NaN,NaN,NaN,NaN,NaN,NaN,NaN,NaN,NaN,NaN,NaN,NaN,NaN,NaN,NaN,NaN,NaN,NaN,NaN,NaN,NaN,NaN,NaN,NaN,NaN,NaN,NaN,NaN,NaN,NaN,NaN,NaN,NaN,NaN,NaN,NaN,NaN,NaN,NaN,NaN,NaN,NaN,NaN,NaN,NaN,NaN,NaN
NaN,NaN,NaN,NaN,NaN,NaN,NaN,NaN,NaN,NaN,NaN,NaN,NaN,NaN,NaN,NaN,NaN,NaN,NaN,NaN,NaN,NaN,NaN,-0.0390132150432111,-0.0491263762907889,-0.0491653066665965,-0.0490348872029318,-0.0489928016931403,-0.0489048288462573,-0.0487006157375641,-0.0486017012722164,-0.0485553585279181,-0.0484752214580816,-0.0346601808202968,-0.038930859960352,-0.023906553197643,-0.0234012901801031,-0.0393147640098333,-0.0390488649048887,-0.0100695972546,-0.0366934505563977,-0.0367620519752611,-0.0393100110787282,-0.0397446877534676,-0.0404178407945422,-0.0420778886243309,-0.0430748761327504,-0.042902592711875,-0.0428865064655481,-0.042654020444317,-0.0427116717104299,-0.0425258348322202,-0.0423982200879385,-0.0423799663521039,-0.0421755421382171,-0.0417265158130178,-0.0414073317200137,-0.0413919271993859,-0.0409634952030225,-0.0411995154301046,-0.0416946811989527,-0.0415452912702564,-0.0415961841482723,-0.0417582254061335,-0.0411743801706741,-0.0409179996603001,-0.0409895050905716,-0.0412026472024903,-0.040905581465604,-0.0403197927324616,-0.0407301273801173,-0.0413868616364294,-0.0412704701388477,-0.0414470224413692,-0.0415564442905642,-0.0412471652150572,-0.04090253906733,-0.0409935032234065,-0.0415935031942101,-0.0423323370455697,-0.0429597591302682,-0.0431587571977758,-0.0432049544915536,-0.0434268601941672,-0.0432109430171921,-0.0429770941088544,-0.0429623269201169,-0.0428645408724316,-0.042756418117769,-0.042551056112095,NaN,NaN,NaN,NaN,NaN,NaN,NaN,NaN,NaN,NaN,NaN,NaN,NaN,NaN,NaN,NaN,NaN,NaN,NaN,NaN,NaN,NaN,NaN,NaN,NaN,NaN,NaN,NaN,NaN,NaN,NaN,NaN,NaN,NaN,NaN,NaN,NaN,NaN,NaN,NaN,NaN,NaN,NaN,NaN,NaN,NaN,NaN,NaN,NaN,NaN,NaN,NaN,NaN,NaN,NaN,NaN,NaN,NaN,NaN,NaN,NaN,NaN,NaN,-0.0690534040545697,-0.069751718230291,-0.0712770260945211,-0.0752821717774479,-0.0779108428140235,-0.0764977404947357,-0.0764034297871496,-0.0765395139127069,-0.076293199928612,-0.0757288739340647,-0.075114997696518,-0.0737850667248267,-0.0482022600340439,NaN,NaN,NaN,NaN,NaN,NaN,NaN,NaN,NaN,NaN,NaN,NaN,NaN,NaN,NaN,NaN,NaN,NaN,NaN,NaN,NaN,NaN,NaN,NaN,NaN,NaN,NaN,NaN,NaN,NaN,NaN,NaN,NaN,NaN,NaN,NaN,NaN,NaN,NaN,NaN,NaN,NaN,NaN,NaN,NaN,NaN,NaN,NaN,NaN,NaN,NaN,NaN,NaN,NaN,NaN,NaN,NaN,NaN,NaN,NaN,NaN,NaN,NaN,NaN,NaN,NaN,NaN,NaN,NaN,NaN,NaN,NaN,NaN,NaN,NaN,NaN,NaN,NaN,NaN
NaN,NaN,NaN,NaN,NaN,NaN,NaN,NaN,NaN,NaN,NaN,NaN,NaN,NaN,NaN,NaN,NaN,NaN,NaN,NaN,NaN,NaN,NaN,NaN,NaN,NaN,-0.0494325762148778,-0.0493463988220279,-0.0491647979937882,-0.0489703618455099,-0.0488596303900735,-0.0488429952176292,-0.0485074922744509,-0.0457852158874596,-0.0384177403848553,0.0116803781663783,-0.00104007391744774,-0.0395136683136598,-0.0391272268522428,-0.0386908847847639,-0.0382588683353356,-0.0418290258570166,-0.0414673302573125,-0.042186794888361,-0.0421114114367571,-0.0426154161448334,-0.0431832972711976,-0.0431669016195056,-0.0427379647693375,-0.0430516076273142,-0.0428136004846062,-0.0427414373202612,-0.0424769787801372,-0.042468981654924,-0.0422536324749046,-0.0416851967686879,-0.0413672603185387,-0.0415760693309582,-0.0416978023654493,-0.0419103908214553,-0.0423701069431323,-0.0423170269369346,-0.0420528912155872,-0.0414859789344377,-0.0411640120456005,-0.0413212507025394,-0.0414619719536798,-0.0413916056246514,-0.0409532798007498,-0.0408427023517557,-0.0411768343868114,-0.0417059132503443,-0.0419139163960884,-0.0424791677600001,-0.0428575127976382,-0.0422418801356731,-0.041849168506094,-0.0419356224365832,-0.0423193684724894,-0.0429330924582104,-0.0430399007589099,-0.0427700601866527,-0.0430607191603209,-0.0433497207802626,-0.0429799781036808,-0.0427746903197479,-0.0427995741553282,-0.0426754731760037,-0.0426080265528879,-0.042586399432189,-0.0424888413767808,NaN,NaN,NaN,NaN,NaN,NaN,NaN,NaN,NaN,NaN,NaN,NaN,NaN,NaN,NaN,NaN,NaN,NaN,NaN,NaN,NaN,NaN,NaN,NaN,NaN,NaN,NaN,NaN,NaN,NaN,NaN,NaN,NaN,NaN,NaN,NaN,NaN,NaN,NaN,NaN,NaN,NaN,NaN,NaN,NaN,NaN,NaN,NaN,NaN,NaN,NaN,NaN,NaN,NaN,NaN,NaN,NaN,NaN,NaN,NaN,NaN,NaN,-0.0685068871510587,-0.0688933094056817,-0.0695526846565191,-0.0715885388481524,-0.0738091733193155,-0.0734636556636798,-0.0751066549192934,-0.075266999194751,-0.07516678921173,-0.074836821246272,-0.0742640986251784,-0.0726302442217496,-0.0463556945321178,NaN,NaN,NaN,NaN,NaN,NaN,NaN,NaN,NaN,NaN,NaN,NaN,NaN,NaN,NaN,NaN,NaN,NaN,NaN,NaN,NaN,NaN,NaN,NaN,NaN,NaN,NaN,NaN,NaN,NaN,NaN,NaN,NaN,NaN,NaN,NaN,NaN,NaN,NaN,NaN,NaN,NaN,NaN,NaN,NaN,NaN,NaN,NaN,NaN,NaN,NaN,NaN,NaN,NaN,NaN,NaN,NaN,NaN,NaN,NaN,NaN,NaN,NaN,NaN,NaN,NaN,NaN,NaN,NaN,NaN,NaN,NaN,NaN,NaN,NaN,NaN,NaN,NaN,NaN
NaN,NaN,NaN,NaN,NaN,NaN,NaN,NaN,NaN,NaN,NaN,NaN,NaN,NaN,NaN,NaN,NaN,NaN,NaN,NaN,NaN,NaN,NaN,NaN,NaN,NaN,-0.026149176431868,-0.047432619043947,-0.0493695833261509,-0.0492409518057952,-0.049131644441514,-0.0489765596768873,-0.0484874164632795,-0.0480368965619285,-0.0440314146872279,-0.0434418981372981,-0.0426104207568361,-0.0378337610528418,-0.0361676639560971,-0.0388441479460152,-0.0365064937930587,-0.0411882684129814,-0.0438744132807214,-0.0434855965842172,-0.0353374885080314,-0.0303749756932312,-0.041340218458162,-0.0426744270064725,-0.0427955025374574,-0.0430368035700465,-0.043004731996974,-0.0429374314836295,-0.0429573314243656,-0.0427697237829461,-0.0422454648981707,-0.0420665961939653,-0.0419559166339398,-0.041887152106812,-0.0419570747895042,-0.0421813264514461,-0.0427031900634797,-0.0425489994092,-0.0418501201244282,-0.041596863326315,-0.0416021237419576,-0.0417141358283146,-0.0417159373636701,-0.0415512347450862,-0.0412431860009018,-0.0412060430950133,-0.0414339696943555,-0.0418937816101484,-0.0423047254634145,-0.0429166122674174,-0.0433676304450378,-0.0430857498655962,-0.0428944643994429,-0.0427337561376591,-0.0428054397224681,-0.0426717713099275,-0.0421860198260833,-0.0421560039965619,-0.042646187666231,-0.0427913856329883,-0.0425445581788379,-0.0425161943341428,-0.0427016332261112,-0.0425954559677879,-0.0425233500243458,-0.042538224929872,-0.0425110842122895,-0.0423446666233998,NaN,NaN,NaN,NaN,NaN,NaN,NaN,NaN,NaN,NaN,NaN,NaN,NaN,NaN,NaN,NaN,NaN,NaN,NaN,NaN,NaN,NaN,NaN,NaN,NaN,NaN,NaN,NaN,NaN,NaN,NaN,NaN,NaN,NaN,NaN,NaN,NaN,NaN,NaN,NaN,NaN,NaN,NaN,NaN,NaN,NaN,NaN,NaN,NaN,NaN,NaN,NaN,NaN,NaN,NaN,NaN,NaN,NaN,NaN,NaN,NaN,-0.0683815661325655,-0.0686509880590698,-0.0688374025213351,-0.0691194596417126,-0.0698317168880933,-0.0709146534883982,-0.0728373597180903,-0.0736821358523569,-0.0739227094586207,-0.073668863703392,-0.073192465205977,-0.0716983742742611,-0.0710349162833867,NaN,NaN,NaN,NaN,NaN,NaN,NaN,NaN,NaN,NaN,NaN,NaN,NaN,NaN,NaN,NaN,NaN,NaN,NaN,NaN,NaN,NaN,NaN,NaN,NaN,NaN,NaN,NaN,NaN,NaN,NaN,NaN,NaN,NaN,NaN,NaN,NaN,NaN,NaN,NaN,NaN,NaN,NaN,NaN,NaN,NaN,NaN,NaN,NaN,NaN,NaN,NaN,NaN,NaN,NaN,NaN,NaN,NaN,NaN,NaN,NaN,NaN,NaN,NaN,NaN,NaN,NaN,NaN,NaN,NaN,NaN,NaN,NaN,NaN,NaN,NaN,NaN,NaN,NaN
NaN,NaN,NaN,NaN,NaN,NaN,NaN,NaN,NaN,NaN,NaN,NaN,NaN,NaN,NaN,NaN,NaN,NaN,NaN,NaN,NaN,NaN,NaN,NaN,NaN,NaN,NaN,-0.0298297666076121,-0.0494741986676003,-0.0494095737389147,-0.0492737651276481,-0.0488669712115629,-0.0487021809637341,-0.0466401688117826,-0.0395676264528599,-0.0383306844052182,-0.0428354417635199,-0.0332584727811768,-0.0336008211027074,-0.035593785906354,-0.0398263148962031,-0.0400761035125162,-0.0419866648289174,-0.0445740053133043,-0.0426260542245905,-0.0435992986305071,-0.0432951296222101,-0.0435756905674408,-0.043616196025381,-0.0431438411191565,-0.0434390041459504,-0.0431961171755784,-0.0430305976030165,-0.042857875978186,-0.0423030281889879,-0.0421904010010253,-0.0422416230658617,-0.0422125787029737,-0.0423167780875464,-0.0425128963659916,-0.0426043634169936,-0.0424637049513588,-0.0421258882123283,-0.0418974016188643,-0.041870207009511,-0.0419007530851823,-0.0418687159177972,-0.0416924081628241,-0.0414904020612083,-0.0414555411641464,-0.0416297002931899,-0.0419967414521326,-0.0424230634947601,-0.0429452920972173,-0.0434035519814438,-0.0433536331733154,-0.0432117094129146,-0.043045858698471,-0.0427103926391972,-0.042238025760163,-0.0419743538341434,-0.0417682631295562,-0.042049761005543,-0.042304808910505,-0.0422122098200568,-0.0422722468282425,-0.0426573202676738,-0.0425399602391478,-0.0424911428925472,-0.0425887177088722,-0.0425684704593306,-0.0425045328485585,-0.0423164550906424,NaN,NaN,NaN,NaN,NaN,NaN,NaN,NaN,NaN,NaN,NaN,NaN,NaN,NaN,NaN,NaN,NaN,NaN,NaN,NaN,NaN,NaN,NaN,NaN,NaN,NaN,NaN,NaN,NaN,NaN,NaN,NaN,NaN,NaN,NaN,NaN,NaN,NaN,NaN,NaN,NaN,NaN,NaN,NaN,NaN,NaN,NaN,NaN,NaN,NaN,NaN,NaN,NaN,NaN,NaN,NaN,NaN,NaN,NaN,NaN,-0.0687355599808901,-0.0691972692060071,-0.0695494170781395,-0.0697377896977989,-0.0695218546707216,-0.0699392141410035,-0.0710962505308803,-0.0725344788272369,-0.072737074333697,-0.0723942154044872,-0.071950654606117,-0.0708328334193989,-0.0705349599367231,NaN,NaN,NaN,NaN,NaN,NaN,NaN,NaN,NaN,NaN,NaN,NaN,NaN,NaN,NaN,NaN,NaN,NaN,NaN,NaN,NaN,NaN,NaN,NaN,NaN,NaN,NaN,NaN,NaN,NaN,NaN,NaN,NaN,NaN,NaN,NaN,NaN,NaN,NaN,NaN,NaN,NaN,NaN,NaN,NaN,NaN,NaN,NaN,NaN,NaN,NaN,NaN,NaN,NaN,NaN,NaN,NaN,NaN,NaN,NaN,NaN,NaN,NaN,NaN,NaN,NaN,NaN,NaN,NaN,NaN,NaN,NaN,NaN,NaN,NaN,NaN,NaN,NaN,NaN
NaN,NaN,NaN,NaN,NaN,NaN,NaN,NaN,NaN,NaN,NaN,NaN,NaN,NaN,NaN,NaN,NaN,NaN,NaN,NaN,NaN,NaN,NaN,NaN,NaN,NaN,NaN,NaN,-0.0298610820498243,-0.0493027498633962,-0.0491296769918532,-0.0488806026652205,-0.0487029649528725,-0.047897657100684,-0.0352029354742831,-0.0406086086381304,-0.0349882432739198,-0.0349354657196146,-0.0315154527323611,-0.034491094665713,-0.0396763674225013,-0.0407269648434317,-0.0408666997636279,-0.0446182497510952,-0.0441062928417912,-0.0440297184635457,-0.0438357248576986,-0.0441088898702272,-0.0440409830177862,-0.0439028637008893,-0.0437800069136794,-0.0433434184654546,-0.0429319532857709,-0.0428076547557353,-0.0424457550060831,-0.0422143454128031,-0.0422751325085438,-0.0424110487517949,-0.042767868340465,-0.0427376186230126,-0.042375823234898,-0.0423231797576376,-0.0421904239639222,-0.0420006193608118,-0.0416410962467535,-0.0410481383824139,-0.0413099344572099,-0.041587573333248,-0.0416364244919802,-0.0414585473176796,-0.0416470114656483,-0.0415859939961012,-0.0423414468093323,-0.042669018416479,-0.0430732507578804,-0.0433558870404826,-0.043200255059315,-0.0428331450066979,-0.0424732292016032,-0.0422705367537091,-0.0419018744587329,-0.0415682741432771,-0.0418747410366449,-0.0422285700264896,-0.0420758396097621,-0.0422445226916071,-0.0427544386845564,-0.0424592976818818,-0.0424407447235867,-0.0426478913382661,-0.0426519006129699,-0.042708886953059,-0.0427303556627287,NaN,NaN,NaN,NaN,NaN,NaN,NaN,NaN,NaN,NaN,NaN,NaN,NaN,NaN,NaN,NaN,NaN,NaN,NaN,NaN,NaN,NaN,NaN,NaN,NaN,NaN,NaN,NaN,NaN,NaN,NaN,NaN,NaN,NaN,NaN,NaN,NaN,NaN,NaN,NaN,NaN,NaN,NaN,NaN,NaN,NaN,NaN,NaN,NaN,NaN,NaN,NaN,NaN,NaN,NaN,NaN,NaN,NaN,NaN,NaN,-0.0690748683021705,-0.0699711709353967,-0.070826453560606,-0.0713436645704145,-0.0712435624176666,-0.0715865556050302,-0.0718903642743309,-0.072244087394073,-0.0714354717175741,-0.0708787272541917,-0.0705537445268588,-0.0638236429579825,-0.066543923993985,NaN,NaN,NaN,NaN,NaN,NaN,NaN,NaN,NaN,NaN,NaN,NaN,NaN,NaN,NaN,NaN,NaN,NaN,NaN,NaN,NaN,NaN,NaN,NaN,NaN,NaN,NaN,NaN,NaN,NaN,NaN,NaN,NaN,NaN,NaN,NaN,NaN,NaN,NaN,NaN,NaN,NaN,NaN,NaN,NaN,NaN,NaN,NaN,NaN,NaN,NaN,NaN,NaN,NaN,NaN,NaN,NaN,NaN,NaN,NaN,NaN,NaN,NaN,NaN,NaN,NaN,NaN,NaN,NaN,NaN,NaN,NaN,NaN,NaN,NaN,NaN,NaN,NaN,NaN
NaN,NaN,NaN,NaN,NaN,NaN,NaN,NaN,NaN,NaN,NaN,NaN,NaN,NaN,NaN,NaN,NaN,NaN,NaN,NaN,NaN,NaN,NaN,NaN,NaN,NaN,NaN,NaN,NaN,-0.0294484592676049,-0.0489683648821622,-0.0488098817420128,-0.0484360887947562,-0.0484293738963563,-0.0476212779972454,-0.0405795809496894,-0.040449501792359,-0.03354199470401,-0.031840398506808,-0.0338445045151087,-0.0384539537061087,-0.0434940063718986,-0.0450001856501244,-0.0447482028583827,-0.0446393921127766,-0.0445510693302379,-0.0444845163845043,-0.0443565220325675,-0.0442457240442452,-0.0440483236435244,-0.043787439198628,-0.0435206972224144,-0.0432773675364751,-0.0428180920799278,-0.0424958903539721,-0.0422914624008095,-0.0423265390466369,-0.0424759451469552,-0.0408756468780184,-0.0386579239306519,-0.0424617910654438,-0.0390136310889247,-0.0407737249829979,-0.0414554752971082,-0.0417359973279927,-0.0419717486826577,-0.041942189306872,-0.0418242331336951,-0.0416963606894858,-0.0416539943785929,-0.0418134343512416,-0.0420308908580961,-0.0423001822097942,-0.042606125270859,-0.0429118908755323,-0.0430876040562513,-0.043170751937235,-0.042932644306864,-0.0423881925995163,-0.0420989083664903,-0.0417951436443333,-0.0416758755236467,-0.0421740010778411,-0.0424532546137904,-0.0420357143580469,-0.0422765860002614,-0.0425817685326688,-0.0424447023939417,-0.042648287403606,-0.0428155644774155,-0.0427502625461231,-0.0429880783083251,-0.0430795627995451,-0.0430633650803842,-0.0424968579781094,NaN,NaN,NaN,NaN,NaN,NaN,NaN,NaN,NaN,NaN,NaN,NaN,NaN,NaN,NaN,NaN,NaN,NaN,NaN,NaN,NaN,NaN,NaN,NaN,NaN,NaN,NaN,NaN,NaN,NaN,NaN,NaN,NaN,NaN,NaN,NaN,NaN,NaN,NaN,NaN,NaN,NaN,NaN,NaN,NaN,NaN,NaN,NaN,NaN,NaN,NaN,NaN,NaN,NaN,NaN,NaN,NaN,NaN,-0.0688328255644172,-0.0698433657185999,-0.0705901941192509,-0.0711574475142478,-0.0723044868115068,-0.075737789788481,-0.0745202687013399,-0.0709954604473859,-0.0695464270997839,-0.0689401352684247,-0.0689309056972757,-0.0605439747968155,NaN,NaN,NaN,NaN,NaN,NaN,NaN,NaN,NaN,NaN,NaN,NaN,NaN,NaN,NaN,NaN,NaN,NaN,NaN,NaN,NaN,NaN,NaN,NaN,NaN,NaN,NaN,NaN,NaN,NaN,NaN,NaN,NaN,NaN,NaN,NaN,NaN,NaN,NaN,NaN,NaN,NaN,NaN,NaN,NaN,NaN,NaN,NaN,NaN,NaN,NaN,NaN,NaN,NaN,NaN,NaN,NaN,NaN,NaN,NaN,NaN,NaN,NaN,NaN,NaN,NaN,NaN,NaN,NaN,NaN,NaN,NaN,NaN,NaN,NaN,NaN,NaN,NaN,NaN,NaN
NaN,NaN,NaN,NaN,NaN,NaN,NaN,NaN,NaN,NaN,NaN,NaN,NaN,NaN,NaN,NaN,NaN,NaN,NaN,NaN,NaN,NaN,NaN,NaN,NaN,NaN,NaN,NaN,NaN,-0.0249330760859159,-0.0488120275943309,-0.0485991856466976,-0.0484347966330524,-0.0483521076027195,-0.0481746510673196,-0.0472263392775052,-0.0167818689061484,-0.0470435185890798,-0.0313060434891688,-0.0393083922299084,-0.0449248878381922,-0.045568632164443,-0.0450655009745787,-0.0448550286059283,-0.0449044349325419,-0.0448692704476885,-0.0446733370080706,-0.0443812795760972,-0.044222453077473,-0.0440527008190057,-0.0437616939098975,-0.0433839173974414,-0.0430359805390557,-0.0428341718362714,-0.0425791764011318,-0.0424234597934455,-0.0423592167305743,-0.0379779281325332,-0.0302777349714307,-0.0308104655001907,-0.0370540384404262,-0.0381404844509969,-0.0405713659315731,-0.040128399528162,-0.0411578903166878,-0.0421698360690721,-0.0421600849815556,-0.0419408673937359,-0.0417696423856943,-0.0418655572858037,-0.0420246879630335,-0.0420975146303202,-0.0422654271809983,-0.0426256443827028,-0.0428574913789478,-0.0429792257342201,-0.0431912811505721,-0.0430298576410265,-0.0428967156622172,-0.0424477847646557,-0.0420603841459032,-0.0419165456561903,-0.0422237863791314,-0.0423186008163325,-0.0422566648339168,-0.0426002213690198,-0.0426211606713926,-0.0426268422799909,-0.0428160711794172,-0.0428809158861612,-0.0429479944073525,-0.0434518826730443,-0.04340116480461,-0.0430801947817938,-0.0429954962108809,-0.0432163924511739,-0.0427854013007935,-0.0425007425406553,-0.0413912075910039,NaN,NaN,NaN,NaN,NaN,NaN,NaN,NaN,NaN,NaN,NaN,NaN,NaN,NaN,NaN,NaN,NaN,NaN,NaN,NaN,NaN,NaN,NaN,NaN,NaN,NaN,NaN,NaN,NaN,NaN,NaN,NaN,NaN,NaN,NaN,NaN,NaN,NaN,NaN,NaN,NaN,NaN,NaN,NaN,NaN,NaN,NaN,NaN,NaN,NaN,NaN,NaN,NaN,NaN,-0.068932249131612,-0.0700320971518786,-0.0697801391571668,-0.0695343507209501,-0.0708828988544176,-0.0736484513830672,-0.0718971725362666,-0.0685720500923738,-0.0668941748898506,-0.0664210219856703,-0.0664996498807151,NaN,NaN,NaN,NaN,NaN,NaN,NaN,NaN,NaN,NaN,NaN,NaN,NaN,NaN,NaN,NaN,NaN,NaN,NaN,NaN,NaN,NaN,NaN,NaN,NaN,NaN,NaN,NaN,NaN,NaN,NaN,NaN,NaN,NaN,NaN,NaN,NaN,NaN,NaN,NaN,NaN,NaN,NaN,NaN,NaN,NaN,NaN,NaN,NaN,NaN,NaN,NaN,NaN,NaN,NaN,NaN,NaN,NaN,NaN,NaN,NaN,NaN,NaN,NaN,NaN,NaN,NaN,NaN,NaN,NaN,NaN,NaN,NaN,NaN,NaN,NaN,NaN,NaN,NaN,NaN,NaN
NaN,NaN,NaN,NaN,NaN,NaN,NaN,NaN,NaN,NaN,NaN,NaN,NaN,NaN,NaN,NaN,NaN,NaN,NaN,NaN,NaN,NaN,NaN,NaN,NaN,NaN,NaN,NaN,NaN,NaN,NaN,-0.048327654240081,-0.0481531275172328,-0.0479408826718509,-0.0479033218004848,-0.0478222642020818,-0.0469971924874483,-0.0473586665309531,-0.0471021431964678,-0.0467180686114674,-0.0463524644967924,-0.0459050062021213,-0.0452381206665898,-0.0448425744970416,-0.0449633176582299,-0.0452776356335942,-0.044620648545775,-0.044316645529068,-0.0442402080137489,-0.0438358187098852,-0.0434672102730641,-0.0434222460493744,-0.0431330698391567,-0.0428280089027473,-0.0426008638288687,-0.0417437348978242,-0.034698050165745,-0.0342839610353127,-0.0328881334579433,-0.0373888478724289,-0.0397347993260957,-0.0403523980769867,-0.0421305328157371,-0.0424932186011507,-0.0424273297405113,-0.0422041692995447,-0.0423323800532045,-0.0423969396385076,-0.0424165896949219,-0.0423145820034753,-0.0421599219910208,-0.0421664746972523,-0.0423936308330795,-0.042716095083526,-0.0429167898513016,-0.0430558920020595,-0.0432510627125014,-0.043285982299257,-0.0431984545966961,-0.043102098804424,-0.0427918452576784,-0.0424284986819625,-0.042427996907269,-0.0425680744715638,-0.0425698617870052,-0.0427783845684879,-0.0429216566022662,-0.0431874396589043,-0.0432668493101416,-0.0431761307882103,-0.0433951047919092,-0.0438867056146042,-0.0439811351889944,-0.0440977133807468,-0.0444032261915394,-0.0442423471768464,-0.0434766341899668,-0.0429670188203411,-0.0423312224038881,NaN,NaN,NaN,NaN,NaN,NaN,NaN,NaN,NaN,NaN,NaN,NaN,NaN,NaN,NaN,NaN,NaN,NaN,NaN,NaN,NaN,NaN,NaN,NaN,NaN,NaN,NaN,NaN,NaN,NaN,NaN,NaN,NaN,NaN,NaN,NaN,NaN,NaN,NaN,NaN,NaN,NaN,NaN,NaN,NaN,NaN,NaN,NaN,NaN,NaN,NaN,NaN,NaN,NaN,NaN,-0.0723535107383362,-0.0708005047445067,-0.0694021051572272,-0.0686191857315732,-0.0669010077722296,-0.0655428619836131,-0.0651766031917538,-0.0641802726995961,-0.0638026131538576,-0.0637083412736342,NaN,NaN,NaN,NaN,NaN,NaN,NaN,NaN,NaN,NaN,NaN,NaN,NaN,NaN,NaN,NaN,NaN,NaN,NaN,NaN,NaN,NaN,NaN,NaN,NaN,NaN,NaN,NaN,NaN,NaN,NaN,NaN,NaN,NaN,NaN,NaN,NaN,NaN,NaN,NaN,NaN,NaN,NaN,NaN,NaN,NaN,NaN,NaN,NaN,NaN,NaN,NaN,NaN,NaN,NaN,NaN,NaN,NaN,NaN,NaN,NaN,NaN,NaN,NaN,NaN,NaN,NaN,NaN,NaN,NaN,NaN,NaN,NaN,NaN,NaN,NaN,NaN,NaN,NaN,NaN,NaN
NaN,NaN,NaN,NaN,NaN,NaN,NaN,NaN,NaN,NaN,NaN,NaN,NaN,NaN,NaN,NaN,NaN,NaN,NaN,NaN,NaN,NaN,NaN,NaN,NaN,NaN,NaN,NaN,NaN,NaN,NaN,NaN,-0.0476324609066365,-0.0476444382727643,-0.0474830610720657,-0.0477785924126911,-0.0478696982969117,-0.0475127071264189,-0.0471051060812685,-0.0466495282484852,-0.0461895314859689,-0.0458642090977099,-0.0455519245377747,-0.0450381336332049,-0.0448988890623417,-0.0452184745622836,-0.0446289046073208,-0.0443585678016727,-0.0440937488851205,-0.0436904098547187,-0.0435777090324728,-0.0434714698298504,-0.0432372778216758,-0.0420846495824744,-0.042709604396894,-0.0370793135171258,-0.0369545654053694,-0.038031429115875,-0.0410070572588782,-0.0404047833894705,-0.04137502416311,-0.0423224095357117,-0.0428025946180807,-0.0427508805503581,-0.0427454851472359,-0.0424686789045451,-0.0425154564742464,-0.0425934504283419,-0.0426381524735587,-0.042655168239663,-0.0425700270635554,-0.0424399783781663,-0.042464835366046,-0.0427972792101449,-0.0428905969090788,-0.0429541282541703,-0.0433269824539483,-0.0431856749900617,-0.0429720611349716,-0.0430745946879096,-0.042990653131094,-0.0428414570389002,-0.0427028671360765,-0.0426612003439218,-0.0429943761348844,-0.0432989548124155,-0.0433835606120999,-0.0435384126392659,-0.0436356402071317,-0.043756310113898,-0.0439593220710115,-0.0447588458691392,-0.0459750322594362,-0.0467370319699892,-0.0469155889392391,-0.0457075440454013,-0.0449197422823854,-0.0450508914493711,NaN,NaN,NaN,NaN,NaN,NaN,NaN,-0.0170302483293526,-0.0267445072017253,-0.016916991991084,NaN,NaN,NaN,NaN,NaN,NaN,NaN,NaN,NaN,NaN,NaN,NaN,NaN,NaN,NaN,NaN,NaN,NaN,NaN,NaN,NaN,NaN,NaN,NaN,NaN,NaN,NaN,NaN,NaN,NaN,NaN,NaN,NaN,NaN,NaN,NaN,NaN,NaN,NaN,NaN,NaN,NaN,NaN,NaN,NaN,NaN,-0.0736345916882707,-0.0722342931456626,-0.0699163288527443,-0.0672576196934571,-0.0633244081635922,-0.0616618570083547,-0.0616192350966162,-0.0615824497016283,-0.0613774754318863,-0.0612595185714029,NaN,NaN,NaN,NaN,NaN,NaN,NaN,NaN,NaN,NaN,NaN,NaN,NaN,NaN,NaN,NaN,NaN,NaN,NaN,NaN,NaN,NaN,NaN,NaN,NaN,NaN,NaN,NaN,NaN,NaN,NaN,NaN,NaN,NaN,NaN,NaN,NaN,NaN,NaN,NaN,NaN,NaN,NaN,NaN,NaN,NaN,NaN,NaN,NaN,NaN,NaN,NaN,NaN,NaN,NaN,NaN,NaN,NaN,NaN,NaN,NaN,NaN,NaN,NaN,NaN,NaN,NaN,NaN,NaN,NaN,NaN,NaN,NaN,NaN,NaN,NaN,NaN,NaN,NaN,NaN,NaN
NaN,NaN,NaN,NaN,NaN,NaN,NaN,NaN,NaN,NaN,NaN,NaN,NaN,NaN,NaN,NaN,NaN,NaN,NaN,NaN,NaN,NaN,NaN,NaN,NaN,NaN,NaN,NaN,NaN,NaN,NaN,NaN,NaN,NaN,-0.0475170707678186,-0.0477525484438526,-0.0472177459372577,-0.0468045204850999,-0.0465362976854869,-0.0462202129794422,-0.0458908492408106,-0.0456109294374558,-0.0454472086311357,-0.0452247550677609,-0.0450160835821993,-0.0445862266962265,-0.0448419740964764,-0.044591532900657,-0.0441409052416055,-0.0438041890672643,-0.0437789220810498,-0.0387087644773839,-0.0378355439873038,-0.0350980327579181,-0.0376897472053585,-0.0374389147221574,-0.0387320949201136,-0.0379004530120781,-0.0412525235302256,-0.0418855968056799,-0.0424850292818652,-0.0426509955847111,-0.0427746969964982,-0.0427506689698966,-0.0427604582988731,-0.0427433401931027,-0.0426441758395279,-0.0426742753934243,-0.0427143675367962,-0.0425343799139879,-0.042728328126566,-0.0425957230312758,-0.0426794382294849,-0.042788531810497,-0.0425859041578019,-0.0427494228398042,-0.0431677700547486,-0.0428973754402246,-0.042523800980838,-0.0426901356417221,-0.043018943140331,-0.0430113750398904,-0.0427377761525163,-0.0427385666843239,-0.0432088501496773,-0.0436207559990711,-0.0436970072846795,-0.0439210688793229,-0.0440439742192118,-0.0441160358158422,-0.044482945798971,-0.0455669259110371,-0.0473549662924457,-0.0493152064709578,-0.0481452147428055,-0.0467281966016781,-0.0468747089131782,-0.0474611194032794,-0.0499349409683136,NaN,NaN,NaN,NaN,NaN,NaN,-0.00610964616448085,-0.0264979884600805,-0.0414566724714721,NaN,NaN,NaN,NaN,NaN,NaN,NaN,NaN,NaN,NaN,NaN,NaN,NaN,NaN,NaN,NaN,NaN,NaN,NaN,NaN,NaN,NaN,NaN,NaN,NaN,NaN,NaN,NaN,NaN,NaN,NaN,NaN,NaN,NaN,NaN,NaN,NaN,NaN,NaN,NaN,NaN,NaN,NaN,NaN,NaN,NaN,-0.0771047913754711,-0.0734831935869078,-0.0695691535554024,-0.0663536721701999,-0.0615135684946413,-0.0594977511337523,-0.0591691437542623,-0.0593365759586032,-0.0593764368846469,-0.0593151527710438,NaN,NaN,NaN,NaN,NaN,NaN,NaN,NaN,NaN,NaN,NaN,NaN,NaN,NaN,NaN,NaN,NaN,NaN,NaN,NaN,NaN,NaN,NaN,NaN,NaN,NaN,NaN,NaN,NaN,NaN,NaN,NaN,NaN,NaN,NaN,NaN,NaN,NaN,NaN,NaN,NaN,NaN,NaN,NaN,NaN,NaN,NaN,NaN,NaN,NaN,NaN,NaN,NaN,NaN,NaN,NaN,NaN,NaN,NaN,NaN,NaN,NaN,NaN,NaN,NaN,NaN,NaN,NaN,NaN,NaN,NaN,NaN,NaN,NaN,NaN,NaN,NaN,NaN,NaN,NaN,NaN
NaN,NaN,NaN,NaN,NaN,NaN,NaN,NaN,NaN,NaN,NaN,NaN,NaN,NaN,NaN,NaN,NaN,NaN,NaN,NaN,NaN,NaN,NaN,NaN,NaN,NaN,NaN,NaN,NaN,NaN,NaN,NaN,NaN,NaN,NaN,NaN,-0.046718912378554,-0.0462855957310777,-0.0459095198581563,-0.0456578720318926,-0.0455695006126357,-0.0454426554346116,-0.0450124733427627,-0.0448697155204838,-0.0450917185372607,-0.044933790494179,-0.0447730664736315,-0.040591557699114,-0.0437536307227821,-0.04409525030328,-0.0408782589308669,-0.0392606486468988,-0.0361735237038101,-0.0363150836626745,-0.0359100381362548,-0.0392069718692699,-0.0388952815110578,-0.0396272836664607,-0.042733302101868,-0.0429349775241729,-0.043218828326074,-0.0429004161844343,-0.043097362514794,-0.0429406672880007,-0.042784921412874,-0.0427756149284735,-0.0427978178309296,-0.0427506052483424,-0.0427582165021749,-0.0425611078221809,-0.04297608011685,-0.042607955667788,-0.0426383107382133,-0.0428543039073141,-0.0428395848122567,-0.0428074110765111,-0.0427984185061867,-0.0426898709539485,-0.0424343763265891,-0.0424964636020638,-0.0428518891846504,-0.0429220553130702,-0.0428380806793144,-0.0429169276610765,-0.0433070223968462,-0.04378087488665,-0.0439569547813683,-0.0441324929116071,-0.0443133008382302,-0.0445376810249755,-0.0449608554013241,-0.0457480949293108,-0.0479244012271125,-0.0506808782794283,-0.0496083531715969,-0.0482978002481221,-0.047713914692845,-0.0485139144261906,-0.0496617695269677,-0.0478339805706452,-0.0458623066023494,NaN,NaN,-0.0431293585484415,-0.0314351469528059,-0.0417514034963607,-0.0404938873879011,-0.0416103635691761,NaN,NaN,NaN,NaN,NaN,NaN,NaN,NaN,NaN,NaN,NaN,NaN,NaN,NaN,NaN,NaN,NaN,NaN,NaN,NaN,NaN,NaN,NaN,NaN,NaN,NaN,NaN,NaN,NaN,NaN,NaN,NaN,NaN,NaN,NaN,NaN,NaN,NaN,NaN,NaN,NaN,NaN,NaN,NaN,-0.082292449645211,-0.0845380312974064,-0.0797541633902719,-0.0749675157281806,-0.0704665066111056,-0.0662124020014829,-0.061712006739696,-0.0590369843940007,-0.0583436078714105,-0.0583634547130217,-0.0584858764318724,-0.0585515875181826,NaN,NaN,NaN,NaN,NaN,NaN,NaN,NaN,NaN,NaN,NaN,NaN,NaN,NaN,NaN,NaN,NaN,NaN,NaN,NaN,NaN,NaN,NaN,NaN,NaN,NaN,NaN,NaN,NaN,NaN,NaN,NaN,NaN,NaN,NaN,NaN,NaN,NaN,NaN,NaN,NaN,NaN,NaN,NaN,NaN,NaN,NaN,NaN,NaN,NaN,NaN,NaN,NaN,NaN,NaN,NaN,NaN,NaN,NaN,NaN,NaN,NaN,NaN,NaN,NaN,NaN,NaN,NaN,NaN,NaN,NaN,NaN,NaN,NaN,NaN,NaN,NaN,NaN,NaN,NaN,NaN
NaN,NaN,NaN,NaN,NaN,NaN,NaN,NaN,NaN,NaN,NaN,NaN,NaN,NaN,NaN,NaN,NaN,NaN,NaN,NaN,NaN,NaN,NaN,NaN,NaN,NaN,NaN,NaN,NaN,NaN,NaN,NaN,NaN,NaN,NaN,NaN,NaN,-0.0457761629613202,-0.0455692530919575,-0.0436502504807333,-0.0418440918300543,-0.0454100497945165,-0.04500835554009,-0.0450057997584366,-0.0435555853065429,-0.0450768129937787,-0.0448369959688068,-0.0447582220719578,-0.0443830070891562,-0.0440632401864157,-0.0392419990029453,-0.0395762315040322,-0.038432968253831,-0.0319856694429648,-0.0330140604121792,-0.0374576785363878,-0.0404832406041625,-0.0402414765473083,-0.0435670875295032,-0.0433892799226724,-0.0433105507307145,-0.0433380877979614,-0.0431748325685993,-0.0429494575708827,-0.0429158586353732,-0.0429479843801578,-0.0429741589550634,-0.0429220224794973,-0.0427122824283938,-0.0427966409062769,-0.0431631549196311,-0.0431301522395884,-0.0429658344975227,-0.0429813812049021,-0.0427554386734775,-0.0427580976091024,-0.0428822764638784,-0.0427518602422941,-0.0425361376122163,-0.0425605853762983,-0.0428004262519791,-0.0429109266728334,-0.0429737888637117,-0.0431436289368966,-0.0433339387863386,-0.0436543773895206,-0.0440327471600638,-0.0442705051478537,-0.0444465551679823,-0.0447146129729073,-0.0451385825704402,-0.0459327500199518,-0.0482165015720698,-0.0514718250139389,-0.0512565348144645,-0.049868216832706,-0.0489384112833722,-0.0497257416801413,-0.0487582434559976,-0.046656555604271,-0.045242992478163,-0.0445351613002152,-0.0439385007399862,-0.0435761694596891,-0.0432558059572098,-0.0428171776444948,-0.0422303647792384,-0.0417609278871638,NaN,NaN,NaN,NaN,NaN,NaN,NaN,NaN,NaN,NaN,NaN,NaN,NaN,NaN,NaN,NaN,NaN,NaN,NaN,NaN,NaN,NaN,NaN,NaN,NaN,NaN,NaN,NaN,NaN,NaN,NaN,NaN,NaN,NaN,NaN,NaN,NaN,NaN,NaN,NaN,NaN,NaN,NaN,NaN,-0.0842335638025541,-0.084928205183092,-0.0834188683407732,-0.0787546160008674,-0.0738736120443307,-0.0665237343829216,-0.0628729431541621,-0.0595366954333948,-0.0582379380949473,-0.0580471113545909,-0.0585395644935049,NaN,NaN,NaN,NaN,NaN,NaN,NaN,NaN,NaN,NaN,NaN,NaN,NaN,NaN,NaN,NaN,NaN,NaN,NaN,NaN,NaN,NaN,NaN,NaN,NaN,NaN,NaN,NaN,NaN,NaN,NaN,NaN,NaN,NaN,NaN,NaN,NaN,NaN,NaN,NaN,NaN,NaN,NaN,NaN,NaN,NaN,NaN,NaN,NaN,NaN,NaN,NaN,NaN,NaN,NaN,NaN,NaN,NaN,NaN,NaN,NaN,NaN,NaN,NaN,NaN,NaN,NaN,NaN,NaN,NaN,NaN,NaN,NaN,NaN,NaN,NaN,NaN,NaN,NaN,NaN,NaN,NaN
NaN,NaN,NaN,NaN,NaN,NaN,NaN,NaN,NaN,NaN,NaN,NaN,NaN,NaN,NaN,NaN,NaN,NaN,NaN,NaN,NaN,NaN,NaN,NaN,NaN,NaN,NaN,NaN,NaN,NaN,NaN,NaN,NaN,NaN,NaN,NaN,NaN,NaN,-0.0450656868293451,-0.0450103984102005,-0.0449142767686978,-0.0452723046241344,-0.0453558153462494,-0.0436283432788952,-0.0439537624971735,-0.0451294685795985,-0.0450427866175379,-0.0433508947040201,-0.0438247034633453,-0.0396841073489981,-0.039716170949896,-0.0379880116916034,-0.0375365744391574,-0.0316954829892045,-0.0333941907200388,-0.0337527843188716,-0.0391051367064534,-0.0409539695859917,-0.0428294998986083,-0.0435707542428024,-0.0433670038588879,-0.0400391358568664,-0.0426664908530887,-0.0428263903470738,-0.0429015031874216,-0.0428298771750808,-0.0415736526411105,-0.0414834743557308,-0.0427863646875498,-0.0426368405265722,-0.0428887350508067,-0.0431416080912399,-0.0432027321594371,-0.0427666558703726,-0.0429565833888313,-0.0428441057093545,-0.042899702543245,-0.0428377649146012,-0.0427201602203736,-0.0427364148653187,-0.0424275769711564,-0.0427886553894544,-0.0429269603815821,-0.0432926807576175,-0.0434533254246184,-0.0437132513603829,-0.0439250043640961,-0.0442942333529575,-0.044509955354976,-0.0447424157364716,-0.0451472958478507,-0.0459800938761065,-0.0483059690182146,-0.0520055431010254,-0.0532084538576019,-0.0507205199635902,-0.0495960456711275,-0.0485364519522529,-0.0470738857452159,-0.0455704408546231,-0.0444692787668227,-0.0442330539065839,-0.0440333833134378,-0.0437486580401229,-0.0434054524806212,-0.0430934306218386,-0.0428146160746914,-0.0270280945470566,NaN,NaN,NaN,NaN,NaN,NaN,NaN,NaN,NaN,NaN,NaN,NaN,NaN,NaN,NaN,NaN,NaN,NaN,NaN,NaN,NaN,NaN,NaN,NaN,NaN,NaN,NaN,NaN,NaN,NaN,NaN,NaN,NaN,0.027102098332807,-0.0308533274521511,NaN,NaN,NaN,NaN,NaN,NaN,NaN,-0.0870664507861894,-0.0879737889628336,-0.0864220077165627,-0.0865533697309777,-0.088432418946458,-0.0836036434349349,-0.0742885525481375,-0.0643711839925633,-0.0600110883006501,-0.0581359665472717,-0.0573174012004915,-0.0569742077437186,NaN,NaN,NaN,NaN,NaN,NaN,NaN,NaN,NaN,NaN,NaN,NaN,NaN,NaN,NaN,NaN,NaN,NaN,NaN,NaN,NaN,NaN,NaN,NaN,NaN,NaN,NaN,NaN,NaN,NaN,NaN,NaN,NaN,NaN,NaN,NaN,NaN,NaN,NaN,NaN,NaN,NaN,NaN,NaN,NaN,NaN,NaN,NaN,NaN,NaN,NaN,NaN,NaN,NaN,NaN,NaN,NaN,NaN,NaN,NaN,NaN,NaN,NaN,NaN,NaN,NaN,NaN,NaN,NaN,NaN,NaN,NaN,NaN,NaN,NaN,NaN,NaN,NaN,NaN,NaN,NaN,NaN,NaN
NaN,NaN,NaN,NaN,NaN,NaN,NaN,NaN,NaN,NaN,NaN,NaN,NaN,NaN,NaN,NaN,NaN,NaN,NaN,NaN,NaN,NaN,NaN,NaN,NaN,NaN,NaN,NaN,NaN,NaN,NaN,NaN,NaN,NaN,NaN,NaN,NaN,-0.0392964837709267,-0.0445747812586658,-0.0446995517494355,-0.0448771605865806,-0.0445161458694288,-0.0329538213873496,-0.0437040105651596,NaN,-0.0224240509289922,-0.0450295789563966,-0.0221552409210348,-0.0100760070528738,-0.0246078130387848,-0.0324713148349824,-0.0326045240802304,-0.032743284124544,-0.036993527944146,-0.0333568454874668,-0.0340714875644384,-0.037145569133156,-0.042143178083709,-0.0387718319092338,-0.0388760267729222,-0.0412615371351677,-0.0411754204496131,-0.0421273070243388,-0.0430222009382334,-0.0430764749170393,-0.0427838186768646,-0.034925143732439,-0.0422939371632623,-0.0430192838173423,-0.0428794223707093,-0.0421516742908579,-0.0429807641228983,-0.0428419755468081,-0.0405087394107235,-0.0424859041350877,-0.0422373346547482,-0.0428580473451782,-0.0418915693290037,-0.0425411180264819,-0.0425623446375659,-0.0426795327202526,-0.0424246336208443,-0.0424358747602356,-0.0429320244034938,-0.0430285937557469,-0.0430799610720173,-0.0259656643050898,-0.0439555937087656,-0.0442744132536261,-0.0446858535029357,-0.0451312590549816,-0.0458056725299892,-0.0471952625013736,NaN,NaN,-0.0499191305893872,-0.0488807787828805,-0.0476987189481655,-0.0463112545010838,-0.044799686195726,-0.0441217305224139,-0.0440804926412189,-0.0439619787286498,-0.0437643195066603,-0.0435162227657395,-0.0432341974235259,-0.0429684246791617,-0.0423142605938566,NaN,NaN,NaN,NaN,NaN,NaN,NaN,NaN,NaN,NaN,NaN,NaN,NaN,NaN,NaN,NaN,NaN,NaN,NaN,NaN,NaN,NaN,NaN,NaN,NaN,NaN,NaN,NaN,NaN,NaN,NaN,NaN,NaN,-0.0310871785294397,-0.0379071247446266,-0.0378893959293788,NaN,NaN,NaN,NaN,NaN,-0.0874449049640969,-0.0876754752790603,-0.087400223541587,-0.0862609252600448,-0.0842791405549676,-0.084082251648233,-0.0816753220561758,-0.0726358252401171,-0.0630337427378639,-0.0580700248616915,-0.0574749643405657,-0.0570229449746596,-0.0563708689571364,NaN,NaN,NaN,NaN,NaN,NaN,NaN,NaN,NaN,NaN,NaN,NaN,NaN,NaN,NaN,NaN,NaN,NaN,NaN,NaN,NaN,NaN,NaN,NaN,NaN,NaN,NaN,NaN,NaN,NaN,NaN,NaN,NaN,NaN,NaN,NaN,NaN,NaN,NaN,NaN,NaN,NaN,NaN,NaN,NaN,NaN,NaN,NaN,NaN,NaN,NaN,NaN,NaN,NaN,NaN,NaN,NaN,NaN,NaN,NaN,NaN,NaN,NaN,NaN,NaN,NaN,NaN,NaN,NaN,NaN,NaN,NaN,NaN,NaN,NaN,NaN,NaN,NaN,NaN,NaN,NaN,NaN,NaN
NaN,NaN,NaN,NaN,NaN,NaN,NaN,NaN,NaN,NaN,NaN,NaN,NaN,NaN,NaN,NaN,NaN,NaN,NaN,NaN,NaN,NaN,NaN,NaN,NaN,NaN,NaN,NaN,NaN,NaN,NaN,NaN,NaN,NaN,NaN,NaN,-0.0384822649960676,-0.0440091123038429,-0.0444276319401345,-0.044789823980228,-0.0445244806688925,-0.04434366401329,-0.0100163239016583,-0.0400778063020804,NaN,NaN,-0.0223566052884104,0.0517349133838894,-0.00526145177872378,-0.018071254750767,-0.029865281660867,-0.0282682341747983,-0.0316110412380974,-0.0370773312091913,-0.0375816935784971,-0.0377417985155468,-0.0364629880467633,-0.0422693604993164,-0.0420591885221942,-0.0418732798584906,-0.0434147441726496,-0.0428846083339705,-0.0428666465739688,-0.0433551111919849,-0.0432180801128193,-0.0429830633587309,-0.0411017852549494,-0.0396009813442746,-0.0425101060815805,-0.04297394762753,-0.040131891410819,-0.0387843195209658,-0.0422594936050036,-0.0425649135737231,-0.0425844872590486,-0.042475537771968,-0.0426620036815232,-0.0425406376325397,-0.0423416441558633,-0.0411474984265417,-0.0425978151500256,-0.0418746066415663,-0.0422219613834807,-0.0423101959465683,-0.0419306767425042,-0.0422302161288649,-0.00469018469248797,-0.0429501366940996,-0.0442203473666123,-0.0444430662352849,-0.0448677901101783,-0.0445394712637351,NaN,NaN,NaN,-0.0490869236598774,-0.0480450328386616,-0.0471141435870151,-0.0460212512195989,-0.0449655013579674,-0.0445313864583484,-0.0439420836900374,-0.0438149332562647,-0.043875290266145,-0.0438339602900979,-0.0435614970185547,-0.043271623736564,-0.0432122893176711,NaN,NaN,NaN,NaN,NaN,NaN,NaN,NaN,NaN,NaN,NaN,NaN,NaN,NaN,NaN,NaN,NaN,NaN,NaN,NaN,NaN,NaN,NaN,NaN,NaN,NaN,NaN,NaN,NaN,NaN,NaN,NaN,NaN,NaN,-0.0385835206754711,-0.0383085683910335,-0.0378962849821519,NaN,NaN,NaN,NaN,-0.0877746404959271,-0.0886378319138399,-0.0874735271160111,-0.0842956000745564,-0.0799020951307829,-0.0767696081014807,-0.0750182923358092,-0.0698294590737354,-0.0638066471718045,-0.0595835531776409,-0.058479180023508,-0.0576789784882256,NaN,NaN,NaN,NaN,NaN,NaN,NaN,NaN,NaN,NaN,NaN,NaN,NaN,NaN,NaN,NaN,NaN,NaN,NaN,NaN,NaN,NaN,NaN,NaN,NaN,NaN,NaN,NaN,NaN,NaN,NaN,NaN,NaN,NaN,NaN,NaN,NaN,NaN,NaN,NaN,NaN,NaN,NaN,NaN,NaN,NaN,NaN,NaN,NaN,NaN,NaN,NaN,NaN,NaN,NaN,NaN,NaN,NaN,NaN,NaN,NaN,NaN,NaN,NaN,NaN,NaN,NaN,NaN,NaN,NaN,NaN,NaN,NaN,NaN,NaN,NaN,NaN,NaN,NaN,NaN,NaN,NaN,NaN,NaN
NaN,NaN,NaN,NaN,NaN,NaN,NaN,NaN,NaN,NaN,NaN,NaN,NaN,NaN,NaN,NaN,NaN,NaN,NaN,NaN,NaN,NaN,NaN,NaN,NaN,NaN,NaN,NaN,NaN,NaN,NaN,NaN,NaN,NaN,NaN,-0.0374329835539722,-0.043182829693621,-0.0439823053788946,-0.0445300887690496,-0.039750465335184,-0.0109715023654976,-0.00993192677560882,NaN,NaN,NaN,NaN,NaN,-0.00533942924843786,-0.0103775921718441,-0.00515396147422371,-0.0157473159209655,-0.0165025460790289,-0.022143260248506,-0.0261413762592843,-0.0344914979515042,-0.0382657623795208,-0.03793636840243,-0.0375969857796553,-0.0415680330244675,-0.0414402801391081,-0.0436451370870648,-0.043615067747511,-0.0434338242059677,-0.0433271423492734,-0.0425956138615681,-0.0428773401457855,-0.0388898886085982,-0.0410605692282383,-0.0416029837365688,-0.0428820861097893,-0.0407284699877969,-0.0409380706344772,-0.0427470036668149,-0.0427612833899864,-0.0428289693494222,-0.0424686265231624,-0.0421771277761438,-0.042485729827225,-0.0425942544357044,-0.0401343752979156,-0.0427146104048911,-0.0426191933423415,-0.0421798183710637,-0.0410387715081848,-0.0414150087521692,-0.042241535850552,-0.0420977462133802,-0.0426938498410808,-0.0435268389646842,-0.044123040366042,-0.0445369265278044,-0.0271288056619211,NaN,NaN,NaN,NaN,-0.0466121485041767,-0.0463359858545505,-0.0457774989800915,-0.0452725225785002,-0.0449223866200949,-0.0440611127616206,-0.0440722236841807,-0.0445199317743097,-0.0445446844006979,-0.0440534265712716,-0.0436551655491485,-0.0435994282701248,-0.0437573003788803,NaN,NaN,NaN,NaN,NaN,NaN,NaN,NaN,NaN,NaN,NaN,NaN,NaN,NaN,NaN,NaN,NaN,NaN,NaN,NaN,NaN,NaN,NaN,NaN,NaN,NaN,NaN,NaN,NaN,NaN,NaN,NaN,NaN,-0.0393119212386355,-0.0390234784401791,-0.0393459227678136,NaN,-0.0577430743341499,-0.0547805517203657,-0.0568914848317988,NaN,-0.0908762180315218,-0.0859459450812154,-0.0816439351434198,-0.0753244250267494,-0.0713599969672273,-0.0697109463584699,-0.067417208350873,-0.0642250973228376,-0.0616648849958486,-0.0598478895475714,NaN,NaN,NaN,NaN,NaN,NaN,NaN,NaN,NaN,NaN,NaN,NaN,NaN,NaN,NaN,NaN,NaN,NaN,NaN,NaN,NaN,NaN,NaN,NaN,NaN,NaN,NaN,NaN,NaN,NaN,NaN,NaN,NaN,NaN,NaN,NaN,NaN,NaN,NaN,NaN,NaN,NaN,NaN,NaN,NaN,NaN,NaN,NaN,NaN,NaN,NaN,NaN,NaN,NaN,NaN,NaN,NaN,NaN,NaN,NaN,NaN,NaN,NaN,NaN,NaN,NaN,NaN,NaN,NaN,NaN,NaN,NaN,NaN,NaN,NaN,NaN,NaN,NaN,NaN,NaN,NaN,NaN,NaN,NaN,NaN
NaN,NaN,NaN,NaN,NaN,NaN,NaN,NaN,NaN,NaN,NaN,NaN,NaN,NaN,NaN,NaN,NaN,NaN,NaN,NaN,NaN,NaN,NaN,NaN,NaN,NaN,NaN,NaN,NaN,NaN,NaN,NaN,NaN,NaN,-0.0236884988074165,-0.0425908711791033,-0.0432956086458812,-0.0440879476141032,-0.0395441617162862,0.0171611848860131,NaN,NaN,NaN,NaN,NaN,NaN,NaN,NaN,-0.0104405535904966,-0.0103468737509534,-0.00748071860317999,-0.0203992181205423,-0.0202427505667689,-0.0201307651317448,-0.0331573329549881,-0.00908997519583093,-0.0311580413559556,-0.0327740893246266,-0.0376437508092808,-0.0363177028957697,-0.0384124643198128,-0.0409691723748585,-0.0427266475144453,-0.0417188104518444,-0.0417602347614554,-0.0408006154437363,-0.0423442053307814,-0.0427793128753007,-0.0427835560255477,-0.0427232575847443,-0.0424875393945685,-0.0426166531377243,-0.0328703648701801,-0.0162354714548902,NaN,-0.0203523905286079,-0.0394121574917312,-0.0142224156467733,NaN,NaN,NaN,-0.0392017033216187,-0.0416197521938739,-0.0406360714145659,-0.0403671622520813,-0.0416199035219688,-0.04057322631777,-0.0410114850706068,-0.0426715952864676,-0.0439686913313402,-0.0440436992422994,NaN,NaN,NaN,NaN,NaN,-0.0458484693577727,-0.0458515187206808,-0.0456603365466134,-0.0455110827102941,-0.045106013932259,-0.044473671586039,-0.0447627098336221,-0.0455044524952523,-0.0453083606091996,-0.0444472450987942,-0.0439897787078866,-0.043820939067548,-0.0438527793925669,-0.0439308743196426,-0.0436592361027937,-0.0252876637296945,0.0443912180799439,NaN,NaN,NaN,NaN,NaN,NaN,NaN,NaN,NaN,NaN,NaN,NaN,NaN,NaN,NaN,NaN,NaN,NaN,NaN,NaN,NaN,NaN,NaN,NaN,NaN,NaN,NaN,NaN,-0.0408432164988511,-0.0402024349120484,-0.0414284856534849,-0.046560467293501,-0.057738584538878,-0.057436389933098,-0.0588266596396157,-0.0655808198069456,-0.0820989217065419,-0.0830631585686742,-0.0782291124725955,-0.075481279868985,-0.0700695463690221,-0.0681026417660416,-0.0669997576595444,-0.0663000034441302,-0.065412178910465,-0.064112060608956,NaN,NaN,NaN,NaN,NaN,NaN,NaN,NaN,NaN,NaN,NaN,NaN,NaN,NaN,NaN,NaN,NaN,NaN,NaN,NaN,NaN,NaN,NaN,NaN,NaN,NaN,NaN,NaN,NaN,NaN,NaN,NaN,NaN,NaN,NaN,NaN,NaN,NaN,NaN,NaN,NaN,NaN,NaN,NaN,NaN,NaN,NaN,NaN,NaN,NaN,NaN,NaN,NaN,NaN,NaN,NaN,NaN,NaN,NaN,NaN,NaN,NaN,NaN,NaN,NaN,NaN,NaN,NaN,NaN,NaN,NaN,NaN,NaN,NaN,NaN,NaN,NaN,NaN,NaN,NaN,NaN,NaN,NaN,NaN,NaN,NaN
NaN,NaN,NaN,NaN,NaN,NaN,NaN,NaN,NaN,NaN,NaN,NaN,NaN,NaN,NaN,NaN,NaN,NaN,NaN,NaN,NaN,NaN,NaN,NaN,NaN,NaN,NaN,NaN,NaN,NaN,NaN,NaN,NaN,NaN,-0.0282506383313835,-0.0425750173126241,-0.0431870422442791,-0.0441624309418104,NaN,NaN,NaN,NaN,NaN,NaN,NaN,NaN,NaN,NaN,-0.0105666388513786,-0.010217847963281,-0.0339695621390872,-0.0337559477718087,-0.0335517867397845,-0.0333376379204683,-0.0332257649644329,NaN,0.0351123797682746,-0.000633181060238013,-0.0378206131409414,-0.0376023954553843,-0.0357336225877961,-0.0360273207460304,-0.0373660825371547,-0.0366031494979279,-0.0338033592057709,-0.0327027288667524,-0.0429063556987161,-0.0429082492190157,-0.0400659855654095,-0.0373883050204431,-0.0411507487955001,-0.0424820561115811,NaN,NaN,NaN,NaN,0.00964832164385456,0.060056431613983,NaN,NaN,NaN,0.0126056774078291,-0.0296239546728347,-0.0358047943632656,-0.0393367759458909,-0.0386494467354759,-0.0408823073805405,-0.0425020172695329,-0.0426552814998231,-0.0439721862735569,-0.0286063132926652,NaN,NaN,NaN,NaN,NaN,-0.0455961160517205,-0.0455110127720947,-0.045382772379801,-0.0452985681012052,-0.0450146476875164,-0.0449152026436193,-0.0460486919815289,-0.0464346489302126,-0.045587688246162,-0.0446983433140879,-0.0444262141465315,-0.0442841500295442,-0.0442108183351596,-0.0441637449168106,-0.0441588197254787,-0.043592563588387,-0.020113540025145,NaN,NaN,NaN,NaN,NaN,NaN,NaN,NaN,NaN,NaN,NaN,NaN,NaN,NaN,NaN,NaN,NaN,NaN,NaN,NaN,NaN,NaN,NaN,NaN,NaN,NaN,NaN,NaN,-0.0463624893674993,-0.0439765521105724,-0.0485039146469255,-0.0570899388621372,-0.0614265946251576,-0.0603551775244451,-0.0620091861865169,-0.0649444007950622,-0.0697071058329266,-0.0724613688065963,-0.0677559516774841,-0.0643834776133346,-0.0639890931123891,-0.0646836500310613,-0.065385656634862,-0.0653869891320251,-0.0656373617054589,NaN,NaN,NaN,NaN,NaN,NaN,NaN,NaN,NaN,NaN,NaN,NaN,NaN,NaN,NaN,NaN,NaN,NaN,NaN,NaN,NaN,NaN,NaN,NaN,NaN,NaN,NaN,NaN,NaN,NaN,NaN,NaN,NaN,NaN,NaN,NaN,NaN,NaN,NaN,NaN,NaN,NaN,NaN,NaN,NaN,NaN,NaN,NaN,NaN,NaN,NaN,NaN,NaN,NaN,NaN,NaN,NaN,NaN,NaN,NaN,NaN,NaN,NaN,NaN,NaN,NaN,NaN,NaN,NaN,NaN,NaN,NaN,NaN,NaN,NaN,NaN,NaN,NaN,NaN,NaN,NaN,NaN,NaN,NaN,NaN,NaN,NaN
NaN,NaN,NaN,NaN,NaN,NaN,NaN,NaN,NaN,NaN,NaN,NaN,NaN,NaN,NaN,NaN,NaN,NaN,NaN,NaN,NaN,NaN,NaN,NaN,NaN,NaN,NaN,NaN,NaN,NaN,NaN,NaN,NaN,NaN,0.0198960085573351,-0.0368387227511871,-0.0405299764195776,NaN,NaN,NaN,NaN,NaN,NaN,NaN,NaN,NaN,NaN,NaN,0.0611399037915025,0.0668941333343006,0.0223719492613375,-0.0205644764309874,-0.0203735225335252,-0.0201930134437876,-0.0200624879125828,0.053801515474769,0.113005565615707,0.0566992494581943,-0.0171811498846116,-0.0377542950943322,-0.031067542654699,-0.0356210723231986,-0.0356489662903457,-0.0398272906215422,-0.0366928762596414,-0.0338692481256385,-0.0405241558595179,-0.0265806989632389,0.00758124294544178,0.0173909044055844,3.87760417314906e-05,-0.0163099972077022,NaN,NaN,NaN,NaN,NaN,NaN,NaN,NaN,NaN,0.0906837673694318,0.0364366338796159,-0.00490783223196066,-0.0285673482579228,-0.0330783529227033,-0.0357242000204573,-0.042498335706866,-0.0426898837346103,-0.039381898675944,NaN,NaN,NaN,NaN,NaN,NaN,-0.0450167983244799,-0.0452938258376971,-0.045136830814956,-0.0450216816705543,-0.0449754156671735,-0.0456645034688991,-0.0467558611427391,-0.0462983110590543,-0.0453725750976276,-0.045227461176151,-0.0451089419674504,-0.0448518944600229,-0.0446897755852382,-0.0446252505521425,-0.0446488172943144,-0.0446408265186536,-0.044311467717172,NaN,NaN,NaN,NaN,NaN,NaN,NaN,NaN,NaN,NaN,NaN,NaN,NaN,NaN,NaN,NaN,NaN,NaN,NaN,NaN,NaN,NaN,NaN,NaN,NaN,-0.0488115364290356,-0.0489931464660842,-0.0547622150426212,-0.0571700746859235,-0.0561142615924039,-0.061433260683766,-0.0709711522525826,-0.0742843404042482,-0.0671043453458951,-0.0622239006783846,-0.0617450842543591,-0.0615012403404533,-0.0641650363586365,-0.0624698305055458,-0.0586784358124822,-0.0594320686897739,-0.0603092485316675,-0.0611035079938369,-0.0618594121078012,-0.0630938623729884,NaN,NaN,NaN,NaN,NaN,NaN,NaN,NaN,NaN,NaN,NaN,NaN,NaN,NaN,NaN,NaN,NaN,NaN,NaN,NaN,NaN,NaN,NaN,NaN,NaN,NaN,NaN,NaN,NaN,NaN,NaN,NaN,NaN,NaN,NaN,NaN,NaN,NaN,NaN,NaN,NaN,NaN,NaN,NaN,NaN,NaN,NaN,NaN,NaN,NaN,NaN,NaN,NaN,NaN,NaN,NaN,NaN,NaN,NaN,NaN,NaN,NaN,NaN,NaN,NaN,NaN,NaN,NaN,NaN,NaN,NaN,NaN,NaN,NaN,NaN,NaN,NaN,NaN,NaN,NaN,NaN,NaN,NaN,NaN,NaN,NaN,NaN
NaN,NaN,NaN,NaN,NaN,NaN,NaN,NaN,NaN,NaN,NaN,NaN,NaN,NaN,NaN,NaN,NaN,NaN,NaN,NaN,NaN,NaN,NaN,NaN,NaN,NaN,NaN,NaN,NaN,NaN,NaN,NaN,NaN,NaN,NaN,-0.0367679054008657,-0.0271590623342599,NaN,NaN,NaN,NaN,NaN,NaN,NaN,NaN,NaN,NaN,NaN,0.136585991126018,0.141471987632372,0.101455729676408,NaN,NaN,0.0536629529271039,0.0537012239012679,NaN,NaN,NaN,NaN,NaN,-0.0406971116440546,-0.0405590861421546,-0.040459679787066,-0.0403413870635955,-0.0338646965492774,-0.0375641675387786,-0.0403531593111118,NaN,0.00645814600576288,0.0826921654185294,NaN,NaN,NaN,NaN,NaN,NaN,NaN,NaN,NaN,NaN,NaN,NaN,NaN,0.0718344838461309,0.0385205870935844,-0.0119798600524226,-0.0223085340669523,-0.0282461420714004,-0.0371493879718717,-0.0388363986538078,-0.038601054946734,-0.0174533647631412,0.0560141679964459,0.0556050404549001,NaN,NaN,-0.042832733634194,-0.0447893105407181,-0.0449838041159516,-0.0448771918174675,-0.0450017588707894,-0.0457619890139515,-0.0461730562178091,-0.0457100449207508,-0.0454997335560727,-0.0458114835452546,-0.0456970848186625,-0.0452838801651639,-0.0449874256611702,-0.0449906989390343,-0.0451331453102326,-0.0452742507419344,-0.0451458541088482,NaN,NaN,NaN,NaN,NaN,NaN,NaN,NaN,NaN,NaN,NaN,NaN,NaN,NaN,NaN,NaN,NaN,NaN,NaN,NaN,NaN,NaN,NaN,NaN,NaN,-0.0490158581218685,-0.0490762338435883,-0.0510487402870405,-0.0602537267780291,-0.0681853748291859,-0.0794336436991488,-0.0904989168857141,-0.0871633042087778,-0.0714156316649115,-0.061879097817003,-0.0586627797224315,-0.0559936898101085,-0.0563620363283392,-0.0582340477296708,-0.0567830524665556,-0.0565827686197629,-0.0566830857784989,-0.057016933465368,-0.0575740026787953,NaN,NaN,NaN,NaN,NaN,NaN,NaN,NaN,NaN,NaN,NaN,NaN,NaN,NaN,NaN,NaN,NaN,NaN,NaN,NaN,NaN,NaN,NaN,NaN,NaN,NaN,NaN,NaN,NaN,NaN,NaN,NaN,NaN,NaN,NaN,NaN,NaN,NaN,NaN,NaN,NaN,NaN,NaN,NaN,NaN,NaN,NaN,NaN,NaN,NaN,NaN,NaN,NaN,NaN,NaN,NaN,NaN,NaN,NaN,NaN,NaN,NaN,NaN,NaN,NaN,NaN,NaN,NaN,NaN,NaN,NaN,NaN,NaN,NaN,NaN,NaN,NaN,NaN,NaN,NaN,NaN,NaN,NaN,NaN,NaN,NaN,NaN,NaN
NaN,NaN,NaN,NaN,NaN,NaN,NaN,NaN,NaN,NaN,NaN,NaN,NaN,NaN,NaN,NaN,NaN,NaN,NaN,NaN,NaN,NaN,NaN,NaN,NaN,NaN,NaN,NaN,NaN,NaN,NaN,NaN,NaN,NaN,NaN,-0.0379241720603672,NaN,NaN,NaN,NaN,NaN,NaN,NaN,NaN,NaN,NaN,NaN,0.240785319179778,0.196598737446791,0.200287160015004,0.16961871889612,NaN,NaN,NaN,NaN,NaN,NaN,NaN,NaN,NaN,-0.0181250430410654,-0.0406638253389675,-0.0405616367352175,-0.0404501973904093,-0.0404174707942328,-0.0403544604876275,-0.0401790803620346,-0.0147165111860502,0.0599265357194255,NaN,NaN,NaN,NaN,NaN,NaN,NaN,NaN,NaN,NaN,NaN,NaN,NaN,NaN,NaN,NaN,0.0632650931701442,0.0489285546674215,-0.0172680473491481,-0.0269405804044359,-0.033671476295266,-0.0352879723593768,-0.0148427593407393,-0.0144295688659413,-0.0141590976588029,NaN,NaN,0.00230064804330763,-0.0321787923916318,-0.0445266875804766,-0.044795842339706,-0.0448992549028128,-0.0453537409703339,-0.0456011269020957,-0.0455232469348433,-0.0457824264202895,-0.0460535382215783,-0.0458889492224387,-0.0455119985639067,-0.0452983823301468,-0.0453525302373961,-0.0455893304977128,-0.0459222468083426,-0.0465570740102235,NaN,NaN,NaN,NaN,NaN,NaN,NaN,NaN,NaN,NaN,NaN,NaN,NaN,NaN,NaN,NaN,NaN,NaN,NaN,NaN,NaN,NaN,NaN,NaN,NaN,-0.0558668470147669,-0.0549378679526323,-0.0535063509255441,-0.0598541312482096,-0.0731488282599022,-0.0893357349125904,-0.106074116729636,-0.0969313578482489,-0.0703512621251443,-0.0582068076094861,-0.0543268612544568,-0.0535865416754081,-0.0534089645482023,-0.0539310523831245,-0.0544895138787651,-0.0547123719461982,-0.0549273967968784,-0.0552716550897701,-0.0554079197887308,NaN,NaN,NaN,NaN,NaN,NaN,NaN,NaN,NaN,NaN,NaN,NaN,NaN,NaN,NaN,NaN,NaN,NaN,NaN,NaN,NaN,NaN,NaN,NaN,NaN,NaN,NaN,NaN,NaN,NaN,NaN,NaN,NaN,NaN,NaN,NaN,NaN,NaN,NaN,NaN,NaN,NaN,NaN,NaN,NaN,NaN,NaN,NaN,NaN,NaN,NaN,NaN,NaN,NaN,NaN,NaN,NaN,NaN,NaN,NaN,NaN,NaN,NaN,NaN,NaN,NaN,NaN,NaN,NaN,NaN,NaN,NaN,NaN,NaN,NaN,NaN,NaN,NaN,NaN,NaN,NaN,NaN,NaN,NaN,NaN,NaN,NaN,NaN
NaN,NaN,NaN,NaN,NaN,NaN,NaN,NaN,NaN,NaN,NaN,NaN,NaN,NaN,NaN,NaN,NaN,NaN,NaN,NaN,NaN,NaN,NaN,NaN,NaN,NaN,NaN,NaN,NaN,NaN,NaN,NaN,NaN,NaN,NaN,-0.0378341780382086,0.010930877588813,NaN,NaN,NaN,NaN,NaN,NaN,NaN,NaN,NaN,NaN,0.272128230107409,0.240762743357278,NaN,NaN,NaN,NaN,NaN,NaN,NaN,NaN,NaN,NaN,NaN,0.055437949990753,-0.0110798513469783,-0.0180946719401612,-0.0180052452350716,-0.040533588153176,NaN,NaN,NaN,NaN,NaN,NaN,NaN,NaN,NaN,NaN,NaN,NaN,NaN,NaN,NaN,NaN,NaN,NaN,NaN,NaN,NaN,0.0708238690991176,-0.00616309438794514,-0.0101818722448928,-0.0293227405835108,-0.0237968740713647,-0.0103692775140748,-0.01443827251924,-0.0143027126228037,NaN,NaN,0.0800475506420581,0.0330250828975966,-0.0319830249761965,-0.0444767289575576,-0.0449002440901429,-0.0451548755044384,-0.0453883252523948,-0.045553008480617,-0.0457948755967019,-0.0459465440451009,-0.0460373830888928,-0.0457096649107144,-0.0454293088103975,-0.0455781986151678,-0.0459883056362109,-0.0464918668857429,-0.0464391841331905,-0.0453377528559434,NaN,NaN,NaN,NaN,NaN,NaN,NaN,NaN,NaN,NaN,NaN,NaN,NaN,NaN,NaN,NaN,NaN,NaN,NaN,NaN,NaN,NaN,-0.0555226042703425,-0.0585552564666735,-0.062616967592281,-0.0657318539819037,-0.0663405195033652,-0.0671950651500441,-0.0767921477434523,-0.0940845557199286,-0.113978743436809,-0.105783681099482,-0.0674994575410827,-0.0551303595202769,-0.0513084362029495,-0.0510285867043605,-0.0524485010601383,-0.0530513163833731,-0.0535590718601188,-0.0539579198696636,-0.0542992548398401,-0.0545981985457034,-0.054641089433321,NaN,NaN,NaN,NaN,NaN,NaN,NaN,NaN,NaN,NaN,NaN,NaN,NaN,NaN,NaN,NaN,NaN,NaN,NaN,NaN,NaN,NaN,NaN,NaN,NaN,NaN,NaN,NaN,NaN,NaN,NaN,NaN,NaN,NaN,NaN,NaN,NaN,NaN,NaN,NaN,NaN,NaN,NaN,NaN,NaN,NaN,NaN,NaN,NaN,NaN,NaN,NaN,NaN,NaN,NaN,NaN,NaN,NaN,NaN,NaN,NaN,NaN,NaN,NaN,NaN,NaN,NaN,NaN,NaN,NaN,NaN,NaN,NaN,NaN,NaN,NaN,NaN,NaN,NaN,NaN,NaN,NaN,NaN,NaN,NaN,NaN,NaN,NaN
NaN,NaN,NaN,NaN,NaN,NaN,NaN,NaN,NaN,NaN,NaN,NaN,NaN,NaN,NaN,NaN,NaN,NaN,NaN,NaN,NaN,NaN,NaN,NaN,NaN,NaN,NaN,NaN,NaN,NaN,NaN,NaN,NaN,NaN,NaN,0.0104437931974128,0.0106377636263798,NaN,NaN,NaN,NaN,NaN,NaN,NaN,NaN,NaN,NaN,NaN,NaN,NaN,NaN,NaN,NaN,NaN,NaN,NaN,NaN,NaN,NaN,NaN,NaN,NaN,NaN,NaN,NaN,NaN,NaN,NaN,NaN,NaN,NaN,NaN,NaN,NaN,NaN,NaN,NaN,NaN,NaN,NaN,NaN,NaN,NaN,NaN,NaN,NaN,NaN,NaN,-0.0148642654906093,-0.0115236358605914,-0.00853697177493288,-0.0146373799329062,-0.014535713854191,-0.0144273130397603,NaN,0.20613441489006,0.150886586330353,0.110229739272888,0.0330642089301297,-0.0188657078219501,-0.044446040998952,-0.0452889812119859,-0.0454467702443471,-0.0456239820262673,-0.0457652288615973,-0.0459465664416665,-0.0459910828549978,-0.0456313375361349,-0.0454776521396094,-0.0457437410562227,-0.0462524314749896,-0.0465710610849805,-0.0459473895997713,-0.0446125909538041,-0.0438466049671774,NaN,NaN,NaN,NaN,NaN,NaN,NaN,NaN,NaN,NaN,NaN,NaN,NaN,NaN,0.0111285182312646,-0.0201768345493278,-0.0402057233075662,-0.0459302280792548,-0.0464979887083959,-0.0472080495428873,-0.0491481542363195,-0.0530326221572035,-0.0535332650057178,-0.0583927568199014,-0.0647579084127735,-0.0686714580407897,-0.07179408122048,-0.0792484782780743,-0.0936178135119868,NaN,NaN,-0.0548550797756844,-0.0511108707261391,-0.0499673626769424,-0.0501949584999163,-0.0513378815362134,-0.0525522499895713,-0.0532839326947889,-0.0538437082157751,-0.0540719719767383,-0.05421801283681,-0.0533132810713661,NaN,NaN,NaN,NaN,NaN,NaN,NaN,NaN,NaN,NaN,NaN,NaN,NaN,NaN,NaN,NaN,NaN,NaN,NaN,NaN,NaN,NaN,NaN,NaN,NaN,NaN,NaN,NaN,NaN,NaN,NaN,NaN,NaN,NaN,NaN,NaN,NaN,NaN,NaN,NaN,NaN,NaN,NaN,NaN,NaN,NaN,NaN,NaN,NaN,NaN,NaN,NaN,NaN,NaN,NaN,NaN,NaN,NaN,NaN,NaN,NaN,NaN,NaN,NaN,NaN,NaN,NaN,NaN,NaN,NaN,NaN,NaN,NaN,NaN,NaN,NaN,NaN,NaN,NaN,NaN,NaN,NaN,NaN,NaN,NaN,NaN,NaN,NaN
NaN,NaN,NaN,NaN,NaN,NaN,NaN,NaN,NaN,NaN,NaN,NaN,NaN,NaN,NaN,NaN,NaN,NaN,NaN,NaN,NaN,NaN,NaN,NaN,NaN,NaN,NaN,NaN,NaN,NaN,NaN,NaN,NaN,NaN,NaN,0.0098947231976584,0.0254753314449369,NaN,NaN,NaN,NaN,NaN,NaN,NaN,NaN,NaN,NaN,NaN,NaN,NaN,NaN,NaN,NaN,NaN,NaN,NaN,NaN,NaN,NaN,NaN,NaN,NaN,NaN,NaN,NaN,NaN,NaN,NaN,NaN,NaN,NaN,NaN,NaN,NaN,NaN,NaN,NaN,NaN,NaN,NaN,NaN,NaN,NaN,NaN,NaN,NaN,NaN,NaN,-0.0150951850293752,0.00460175579743278,-0.0149125358863048,-0.0148009040457965,-0.0146453699876236,NaN,NaN,0.246329504307193,0.206064704145504,NaN,NaN,0.0230052249182745,-0.0370266549605214,-0.0454756489124897,-0.0456130720264836,-0.0457540588385955,-0.0458402129365586,-0.0459144850939689,-0.0458767488407735,-0.0458815646924009,-0.0458861445358247,-0.045780515511813,-0.0461191042159236,-0.0464193975529386,-0.0454307120859417,-0.0439615729337848,-0.0433913013709105,-0.0428531878406789,NaN,NaN,NaN,NaN,NaN,NaN,NaN,NaN,NaN,NaN,NaN,-0.0439630187198325,-0.0439665611066859,-0.0410444588043054,-0.0452551052439152,-0.0456821836208257,-0.0461009566664849,-0.0466511727285173,-0.0474760073840281,-0.0493382717167821,-0.0532846328950528,-0.0510360435327501,-0.0517767832952319,-0.0588046024775284,-0.0624606508466328,-0.0650332306570517,-0.0694274948202514,NaN,NaN,NaN,NaN,-0.0497804420122843,-0.0500295952536492,-0.0506404341755527,-0.0513294239480997,-0.0523605154076473,-0.0533217020578976,-0.0538042849465752,-0.0539608566073449,-0.0539144012992158,-0.0371013438458196,NaN,NaN,NaN,NaN,NaN,NaN,NaN,NaN,NaN,NaN,NaN,NaN,NaN,NaN,NaN,NaN,NaN,NaN,NaN,NaN,NaN,NaN,NaN,NaN,NaN,NaN,NaN,NaN,NaN,NaN,NaN,NaN,NaN,NaN,NaN,NaN,NaN,NaN,NaN,NaN,NaN,NaN,NaN,NaN,NaN,NaN,NaN,NaN,NaN,NaN,NaN,NaN,NaN,NaN,NaN,NaN,NaN,NaN,NaN,NaN,NaN,NaN,NaN,NaN,NaN,NaN,NaN,NaN,NaN,NaN,NaN,NaN,NaN,NaN,NaN,NaN,NaN,NaN,NaN,NaN,NaN,NaN,NaN,NaN,NaN,NaN,NaN,NaN
NaN,NaN,NaN,NaN,NaN,NaN,NaN,NaN,NaN,NaN,NaN,NaN,NaN,NaN,NaN,NaN,NaN,NaN,NaN,NaN,NaN,NaN,NaN,NaN,NaN,NaN,NaN,NaN,NaN,NaN,NaN,NaN,NaN,NaN,NaN,0.00932508724686378,NaN,NaN,NaN,NaN,NaN,NaN,NaN,NaN,NaN,NaN,NaN,NaN,NaN,NaN,NaN,NaN,NaN,NaN,NaN,NaN,NaN,NaN,NaN,NaN,NaN,NaN,NaN,NaN,NaN,NaN,NaN,NaN,NaN,NaN,NaN,NaN,NaN,NaN,NaN,NaN,NaN,NaN,NaN,NaN,NaN,NaN,NaN,NaN,NaN,NaN,NaN,NaN,-0.0152361753683349,-0.0151769343944334,-0.0150619009030664,NaN,NaN,NaN,NaN,0.274634653459904,0.246290359784505,NaN,NaN,NaN,0.004405521281419,-0.0427848069104322,-0.0454612330693702,-0.0458464349092544,-0.0459228389495082,-0.045956408520195,-0.0460386112123147,-0.0460305542601817,-0.0457838089042241,-0.0456491458850443,-0.0459578969612852,-0.0461125192353762,-0.0444478523381002,-0.0432124255852373,-0.0430677286570053,-0.0430354118176977,NaN,NaN,NaN,NaN,NaN,NaN,NaN,NaN,NaN,NaN,NaN,-0.0231828579862937,-0.0441153646819186,-0.0442330773157255,-0.0454899730438735,-0.0458433921906134,-0.0462010921048385,-0.046784663694989,-0.0476480296108217,-0.0491355937221117,-0.0547090102882359,-0.0550231029985749,-0.0522121819335542,-0.0543147979427043,-0.0568726337606981,-0.0583391368120206,-0.0592576797593181,NaN,NaN,NaN,NaN,-0.0504890084021564,-0.0510774139813019,-0.0517836475774847,-0.0521606930632617,-0.0528107376764498,-0.0532688611597969,-0.053488919750532,-0.0536651524887676,-0.0533363011876135,-0.0529563797567708,NaN,NaN,NaN,NaN,NaN,NaN,NaN,NaN,NaN,NaN,NaN,NaN,NaN,NaN,NaN,NaN,NaN,NaN,NaN,NaN,NaN,NaN,NaN,NaN,NaN,NaN,NaN,NaN,NaN,NaN,NaN,NaN,NaN,NaN,NaN,NaN,NaN,NaN,NaN,NaN,NaN,NaN,NaN,NaN,NaN,NaN,NaN,NaN,NaN,NaN,NaN,NaN,NaN,NaN,NaN,NaN,NaN,NaN,NaN,NaN,NaN,NaN,NaN,NaN,NaN,NaN,NaN,NaN,NaN,NaN,NaN,NaN,NaN,NaN,NaN,NaN,NaN,NaN,NaN,NaN,NaN,NaN,NaN,NaN,NaN,NaN,NaN,NaN
NaN,NaN,NaN,NaN,NaN,NaN,NaN,NaN,NaN,NaN,NaN,NaN,NaN,NaN,NaN,NaN,NaN,NaN,NaN,NaN,NaN,NaN,NaN,NaN,NaN,NaN,NaN,NaN,NaN,NaN,NaN,NaN,NaN,NaN,NaN,0.00935413573074475,NaN,NaN,NaN,NaN,NaN,NaN,NaN,NaN,NaN,NaN,NaN,NaN,NaN,NaN,NaN,NaN,NaN,NaN,NaN,NaN,NaN,NaN,NaN,NaN,NaN,NaN,NaN,NaN,NaN,NaN,NaN,NaN,NaN,NaN,NaN,NaN,NaN,NaN,NaN,NaN,NaN,NaN,NaN,NaN,NaN,NaN,NaN,NaN,NaN,NaN,NaN,NaN,0.0247576359380972,NaN,NaN,NaN,NaN,NaN,NaN,NaN,NaN,NaN,NaN,NaN,0.0434107571166393,-0.0268420135293348,-0.0449677779090188,-0.0448993948492002,-0.0460156257067685,-0.0460715045372918,-0.0460661800632413,-0.0459587511745901,-0.0457620670133689,-0.0455823266872912,-0.045565611845892,-0.0451084706109735,-0.0435180716640862,-0.0427256223866139,-0.0427378385031751,-0.0425920453532034,-0.0421445549467965,NaN,NaN,NaN,NaN,NaN,NaN,NaN,NaN,NaN,NaN,0.0134822423791609,-0.0406059196261206,-0.0452008958048895,-0.0458252174824478,-0.0460097563557711,-0.0464722551322194,-0.0471921850774802,-0.0480422919981914,-0.0490872664202061,-0.0526540344538364,-0.056988814710654,-0.0549190416612389,-0.0543310365917037,-0.0547002156232214,-0.0553597303417796,-0.0556593640754256,NaN,NaN,NaN,NaN,-0.0510983621524494,-0.0515712469568821,-0.0519345552432487,-0.0522249832134766,-0.0525126604351972,-0.0528080454901282,-0.0532597405082352,-0.0534353126758724,-0.0530530811652639,-0.0515064267594037,NaN,NaN,NaN,NaN,NaN,NaN,NaN,NaN,NaN,NaN,NaN,NaN,NaN,NaN,NaN,NaN,NaN,NaN,NaN,NaN,NaN,NaN,NaN,NaN,NaN,NaN,NaN,NaN,NaN,NaN,NaN,NaN,NaN,NaN,NaN,NaN,NaN,NaN,NaN,NaN,NaN,NaN,NaN,NaN,NaN,NaN,NaN,NaN,NaN,NaN,NaN,NaN,NaN,NaN,NaN,NaN,NaN,NaN,NaN,NaN,NaN,NaN,NaN,NaN,NaN,NaN,NaN,NaN,NaN,NaN,NaN,NaN,NaN,NaN,NaN,NaN,NaN,NaN,NaN,NaN,NaN,NaN,NaN,NaN,NaN,NaN,NaN,NaN
NaN,NaN,NaN,NaN,NaN,NaN,NaN,NaN,NaN,NaN,NaN,NaN,NaN,NaN,NaN,NaN,NaN,NaN,NaN,NaN,NaN,NaN,NaN,NaN,NaN,NaN,NaN,NaN,NaN,NaN,NaN,NaN,NaN,NaN,0.00944736019880167,0.0095031268625959,NaN,NaN,NaN,NaN,NaN,NaN,NaN,NaN,NaN,NaN,NaN,NaN,NaN,NaN,NaN,NaN,NaN,NaN,NaN,NaN,NaN,NaN,NaN,NaN,NaN,NaN,NaN,NaN,NaN,NaN,NaN,NaN,NaN,NaN,NaN,NaN,NaN,NaN,NaN,NaN,NaN,NaN,NaN,NaN,NaN,NaN,NaN,NaN,NaN,NaN,NaN,NaN,0.102849558838579,NaN,NaN,NaN,NaN,NaN,NaN,NaN,NaN,NaN,NaN,NaN,0.0254080319566389,-0.0363317372537777,-0.0417607739769911,-0.0433373083687149,-0.0443327984729167,-0.0460835807702302,-0.0460689101340777,-0.0459630093001491,-0.0457813468019403,-0.0455202783695429,-0.0452332568678477,-0.0444818064779931,-0.0433491520530904,-0.0426803937897745,-0.042513055780442,-0.0423042058298171,-0.0418284150299769,-0.0413237683420274,NaN,NaN,NaN,NaN,NaN,NaN,NaN,NaN,NaN,-0.00215791607754103,-0.0442029416682374,-0.046057191898265,-0.0461253050742957,-0.0463245457041312,-0.046961098942703,-0.0478142356805048,-0.0486286249051316,-0.0493409865342767,-0.0507694495775493,-0.0526698328095157,-0.0537507576434748,-0.0537389153544485,-0.0540718168032947,-0.0545613476818859,-0.0546827518013981,NaN,NaN,NaN,NaN,-0.0514599500970792,-0.051568217513195,-0.0515570784238915,-0.0517565800836471,-0.0520955184425629,-0.0526954928010801,-0.0531019796160677,-0.0530152334157843,-0.0525935899518525,-0.0238037446217888,NaN,NaN,NaN,NaN,NaN,NaN,NaN,NaN,NaN,NaN,NaN,NaN,NaN,NaN,NaN,NaN,NaN,NaN,NaN,NaN,NaN,NaN,NaN,NaN,NaN,NaN,NaN,NaN,NaN,NaN,NaN,NaN,NaN,NaN,NaN,NaN,NaN,NaN,NaN,NaN,NaN,NaN,NaN,NaN,NaN,NaN,NaN,NaN,NaN,NaN,NaN,NaN,NaN,NaN,NaN,NaN,NaN,NaN,NaN,NaN,NaN,NaN,NaN,NaN,NaN,NaN,NaN,NaN,NaN,NaN,NaN,NaN,NaN,NaN,NaN,NaN,NaN,NaN,NaN,NaN,NaN,NaN,NaN,NaN,NaN,NaN,NaN,NaN
NaN,NaN,NaN,NaN,NaN,NaN,NaN,NaN,NaN,NaN,NaN,NaN,NaN,NaN,NaN,NaN,NaN,NaN,NaN,NaN,NaN,NaN,NaN,NaN,NaN,NaN,NaN,NaN,NaN,NaN,NaN,NaN,NaN,NaN,0.00916071178226584,0.0092107737584877,NaN,NaN,NaN,NaN,NaN,NaN,NaN,NaN,NaN,NaN,NaN,NaN,NaN,NaN,NaN,NaN,NaN,NaN,NaN,NaN,NaN,NaN,NaN,NaN,NaN,NaN,NaN,NaN,NaN,NaN,NaN,NaN,NaN,NaN,NaN,NaN,NaN,NaN,NaN,NaN,NaN,NaN,NaN,NaN,NaN,NaN,NaN,NaN,NaN,NaN,NaN,0.221044513055187,0.1701242248649,NaN,NaN,NaN,NaN,NaN,NaN,NaN,NaN,NaN,NaN,NaN,0.102533615895016,0.0245800188222391,-0.0367295870782321,-0.0406826435769841,-0.0428657386633292,-0.0457786373535865,-0.0460192741559129,-0.0459849921728304,-0.0458490484847406,-0.0456146744232465,-0.0453116596776698,-0.0447461290956621,-0.0436612993796039,-0.0428920968428064,-0.0425562380377279,-0.0420971369975641,-0.0416288555223761,-0.0411169383731383,-0.0406921788322328,NaN,NaN,NaN,NaN,NaN,NaN,NaN,NaN,-0.0416755596972509,-0.0463907156606058,-0.0465010371796207,-0.0466541859686208,-0.0468825058936401,-0.047541426017394,-0.0483687147684425,-0.0493805178996919,-0.0496956502850698,-0.0510854580027409,-0.0519543500794019,-0.0526121542315347,-0.0532119688648638,-0.0536618007831067,-0.0540182749112814,-0.0540734030560833,NaN,NaN,NaN,NaN,-0.0517230230637083,-0.0515143781654398,-0.0513588014336228,-0.0515477089160973,-0.0519264856306812,-0.0524390189262664,-0.0526416620221748,-0.0525307686524191,-0.0520336304487393,-0.05171985084566,-0.022157906441122,NaN,NaN,NaN,NaN,NaN,NaN,NaN,NaN,NaN,NaN,NaN,NaN,NaN,NaN,NaN,NaN,NaN,NaN,NaN,NaN,NaN,NaN,NaN,NaN,NaN,NaN,NaN,NaN,NaN,NaN,NaN,NaN,NaN,NaN,NaN,NaN,NaN,NaN,NaN,NaN,NaN,NaN,NaN,NaN,NaN,NaN,NaN,NaN,NaN,NaN,NaN,NaN,NaN,NaN,NaN,NaN,NaN,NaN,NaN,NaN,NaN,NaN,NaN,NaN,NaN,NaN,NaN,NaN,NaN,NaN,NaN,NaN,NaN,NaN,NaN,NaN,NaN,NaN,NaN,NaN,NaN,NaN,NaN,NaN,NaN,NaN,NaN
NaN,NaN,NaN,NaN,NaN,NaN,NaN,NaN,NaN,NaN,NaN,NaN,NaN,NaN,NaN,NaN,NaN,NaN,NaN,NaN,NaN,NaN,NaN,NaN,NaN,NaN,NaN,NaN,NaN,NaN,NaN,NaN,NaN,NaN,0.00910670182986539,NaN,NaN,NaN,NaN,NaN,NaN,NaN,NaN,NaN,NaN,NaN,NaN,NaN,NaN,NaN,NaN,NaN,NaN,NaN,NaN,NaN,NaN,NaN,NaN,NaN,NaN,NaN,NaN,NaN,NaN,NaN,NaN,NaN,NaN,NaN,NaN,NaN,NaN,NaN,NaN,NaN,NaN,NaN,NaN,NaN,NaN,NaN,NaN,NaN,NaN,NaN,NaN,0.257532902114182,NaN,NaN,NaN,NaN,NaN,NaN,NaN,NaN,NaN,NaN,NaN,NaN,NaN,0.0249255175758708,-0.0365924265391985,-0.0404410439273252,-0.0445407832377752,-0.0444776237678805,-0.0459780498898755,-0.0459843556100356,-0.0459670912845531,-0.0458629014445325,-0.0456081737356781,-0.0450686889577436,-0.0443433868194658,-0.0436066975305835,-0.0427474873142595,-0.042109566433829,-0.0414531230313275,-0.0410275959048368,-0.040693299745696,-0.0402355197175852,NaN,NaN,NaN,NaN,NaN,NaN,NaN,-0.0464186259069915,-0.0466799837469704,-0.0469650501826871,-0.0472121283770891,-0.0473773467271678,-0.0479847876828225,-0.048702701689143,-0.0498305317018277,-0.0504545824852104,-0.0507360307866723,-0.0514288573568531,-0.0519160999564311,-0.0525042133273842,-0.0528955619633558,-0.0532973421522132,-0.0538647786528588,NaN,NaN,NaN,-0.050923199681021,-0.0515787330347611,-0.0514648008626145,-0.0514027327435811,-0.0517096084531592,-0.0519008466313172,-0.0521286668368827,-0.0522786462319389,-0.0522530619975726,-0.0517458572729261,-0.0515209850861658,-0.0491749232842687,NaN,NaN,NaN,NaN,NaN,NaN,NaN,NaN,NaN,NaN,NaN,NaN,NaN,NaN,NaN,NaN,NaN,NaN,NaN,NaN,NaN,NaN,NaN,NaN,NaN,NaN,NaN,NaN,NaN,NaN,NaN,NaN,NaN,NaN,NaN,NaN,NaN,NaN,NaN,NaN,NaN,NaN,NaN,NaN,NaN,NaN,NaN,NaN,NaN,NaN,NaN,NaN,NaN,NaN,NaN,NaN,NaN,NaN,NaN,NaN,NaN,NaN,NaN,NaN,NaN,NaN,NaN,NaN,NaN,NaN,NaN,NaN,NaN,NaN,NaN,NaN,NaN,NaN,NaN,NaN,NaN,NaN,NaN,NaN,NaN,NaN,NaN
NaN,NaN,NaN,NaN,NaN,NaN,NaN,NaN,NaN,NaN,NaN,NaN,NaN,NaN,NaN,NaN,NaN,NaN,NaN,NaN,NaN,NaN,NaN,NaN,NaN,NaN,NaN,NaN,NaN,NaN,NaN,NaN,NaN,NaN,0.0089964897334406,NaN,NaN,NaN,NaN,NaN,NaN,NaN,NaN,NaN,NaN,NaN,NaN,NaN,NaN,NaN,NaN,NaN,NaN,NaN,NaN,NaN,NaN,NaN,NaN,NaN,NaN,NaN,NaN,NaN,NaN,NaN,NaN,NaN,NaN,NaN,NaN,NaN,NaN,NaN,NaN,NaN,NaN,NaN,NaN,NaN,NaN,NaN,NaN,NaN,NaN,NaN,0.301075879627246,0.283410254713576,NaN,NaN,NaN,NaN,NaN,NaN,NaN,NaN,NaN,NaN,NaN,NaN,NaN,0.0451853289321891,-0.0258854928290813,-0.0387686013582635,-0.0430259786081733,-0.0438593102569451,-0.0447141591753201,-0.0460188009602866,-0.0460567585586115,-0.0460350645691112,-0.0458860564050308,-0.0455532918814372,-0.0451676099304625,-0.044582385204164,-0.0436425029871486,-0.0424059086309313,-0.0415775799487339,-0.0413096317198088,-0.0409984994425087,-0.040377721996819,-0.0398684413704207,NaN,NaN,NaN,NaN,NaN,NaN,NaN,-0.0468019140008057,-0.0472570865779788,-0.0474682573184637,-0.0475718713759964,-0.0478917334872809,-0.0486073158875956,-0.0495174103496798,-0.0512210584044343,-0.0507224655534962,-0.0508664795570696,-0.0513127344481892,-0.0516683944605391,-0.0519313715440874,-0.0521124061526168,NaN,NaN,NaN,NaN,-0.0466001180009617,-0.0513663730858971,-0.0514416524159281,-0.051529926420393,-0.0517481850840574,-0.0517901413631533,-0.0518602682261514,-0.0520447571461673,-0.0520973005586757,-0.0516450812564676,-0.0513937927125273,-0.0510434255625835,-0.0217575412964122,NaN,NaN,NaN,NaN,NaN,NaN,NaN,NaN,NaN,NaN,NaN,NaN,NaN,NaN,NaN,NaN,NaN,NaN,NaN,NaN,NaN,NaN,NaN,NaN,NaN,NaN,NaN,NaN,NaN,NaN,NaN,NaN,NaN,NaN,NaN,NaN,NaN,NaN,NaN,NaN,NaN,NaN,NaN,NaN,NaN,NaN,NaN,NaN,NaN,NaN,NaN,NaN,NaN,NaN,NaN,NaN,NaN,NaN,NaN,NaN,NaN,NaN,NaN,NaN,NaN,NaN,NaN,NaN,NaN,NaN,NaN,NaN,NaN,NaN,NaN,NaN,NaN,NaN,NaN,NaN,NaN,NaN,NaN,NaN,NaN,NaN
NaN,NaN,NaN,NaN,NaN,NaN,NaN,NaN,NaN,NaN,NaN,NaN,NaN,NaN,NaN,NaN,NaN,NaN,NaN,NaN,NaN,NaN,NaN,NaN,NaN,NaN,NaN,NaN,NaN,NaN,NaN,NaN,NaN,NaN,0.00896287534078434,NaN,NaN,NaN,NaN,NaN,NaN,NaN,NaN,NaN,NaN,NaN,NaN,NaN,NaN,NaN,NaN,NaN,NaN,NaN,NaN,NaN,NaN,NaN,NaN,NaN,NaN,NaN,NaN,NaN,NaN,NaN,NaN,NaN,NaN,NaN,NaN,NaN,NaN,NaN,NaN,NaN,NaN,NaN,NaN,NaN,NaN,NaN,NaN,NaN,NaN,NaN,0.313090359439648,0.30110616631076,NaN,NaN,NaN,NaN,NaN,NaN,NaN,NaN,NaN,NaN,NaN,NaN,NaN,0.0918478684607992,0.0135843047140779,-0.0407760163921575,-0.0439209371309726,-0.0444361289241926,-0.0449902850784764,-0.0455381700113166,-0.0461137934752207,-0.0461749082228413,-0.0461135191306682,-0.0459701470152336,-0.0458098046932744,-0.0456150655752289,-0.045110916815102,-0.0437281564637685,-0.0421295372659142,-0.0418776024228966,-0.0412911051542128,-0.0405157201125509,-0.039918581285707,-0.039509378796321,NaN,NaN,NaN,NaN,NaN,NaN,NaN,-0.0473672507272289,-0.0474981226773761,-0.0476642228131144,-0.0475860050160264,-0.047678776418835,-0.0482430092624607,-0.0493809806797498,-0.0499126687396489,-0.0502855961294843,-0.0506949325838495,-0.0509989848744902,-0.0512092508118449,-0.0512407726648468,NaN,NaN,NaN,-0.0209225012913668,-0.0502827437295513,-0.0509891605289584,-0.0512013017177497,-0.0513822493692742,-0.0515244298754404,-0.0516976556698921,-0.0518112752354915,-0.0520163233205764,-0.0520025733006177,-0.051701732217904,-0.0513271426364943,-0.0510780876909421,-0.0218154383219108,NaN,NaN,NaN,NaN,NaN,NaN,NaN,NaN,NaN,NaN,NaN,NaN,NaN,NaN,NaN,NaN,NaN,NaN,NaN,NaN,NaN,NaN,NaN,NaN,NaN,NaN,NaN,NaN,NaN,NaN,NaN,NaN,NaN,NaN,NaN,NaN,NaN,NaN,NaN,NaN,NaN,NaN,NaN,NaN,NaN,NaN,NaN,NaN,NaN,NaN,NaN,NaN,NaN,NaN,NaN,NaN,NaN,NaN,NaN,NaN,NaN,NaN,NaN,NaN,NaN,NaN,NaN,NaN,NaN,NaN,NaN,NaN,NaN,NaN,NaN,NaN,NaN,NaN,NaN,NaN,NaN,NaN,NaN,NaN,NaN,NaN
NaN,NaN,NaN,NaN,NaN,NaN,NaN,NaN,NaN,NaN,NaN,NaN,NaN,NaN,NaN,NaN,NaN,NaN,NaN,NaN,NaN,NaN,NaN,NaN,NaN,NaN,NaN,NaN,NaN,NaN,NaN,NaN,NaN,NaN,0.00893438047719038,NaN,NaN,NaN,NaN,NaN,NaN,NaN,NaN,NaN,NaN,NaN,NaN,NaN,NaN,NaN,NaN,NaN,NaN,NaN,NaN,NaN,NaN,NaN,NaN,NaN,NaN,NaN,NaN,NaN,NaN,NaN,NaN,NaN,NaN,NaN,NaN,NaN,NaN,NaN,NaN,NaN,NaN,NaN,NaN,NaN,NaN,NaN,NaN,NaN,NaN,NaN,NaN,NaN,NaN,NaN,NaN,NaN,NaN,NaN,NaN,NaN,NaN,NaN,NaN,NaN,NaN,NaN,0.00609080708622577,-0.0427125089258039,-0.0444355757420806,-0.0449629017590685,-0.0452015873329355,-0.0456392029011747,-0.0459211893550365,-0.0461844673225979,-0.0462493841991365,-0.0462144022751834,-0.0462226193300844,-0.0462708902332197,-0.0459751746404405,-0.0448425556897535,-0.043141860011496,-0.0422670942811083,-0.0413082922464457,-0.0406336747565904,-0.0399887897067386,-0.0395985020103934,-0.0393726042070752,-0.0388980432325856,NaN,NaN,NaN,NaN,NaN,-0.0471035296859578,-0.0472102275239777,-0.04736518925818,-0.047615414840857,-0.0472460467781972,-0.0475912232010459,-0.0483497412377745,-0.0492252139506257,-0.0498545120172064,-0.0502936070122082,-0.05058296019172,-0.0507603775254044,-0.0507530830688231,NaN,NaN,-0.0207434307794631,-0.049943865829134,-0.0500775067395099,-0.0505819255358494,-0.0508357943554141,-0.0510338812852373,-0.0513671003273832,-0.0516800698920552,-0.0517424022978344,-0.0520800219494144,-0.0519355687529949,-0.0518241795746256,-0.0513299236735212,-0.0511421217963997,-0.0219215594941465,NaN,NaN,NaN,NaN,NaN,NaN,NaN,NaN,NaN,NaN,NaN,NaN,NaN,NaN,NaN,NaN,NaN,NaN,NaN,NaN,NaN,NaN,NaN,NaN,NaN,NaN,NaN,NaN,NaN,NaN,NaN,NaN,NaN,NaN,NaN,NaN,NaN,NaN,NaN,NaN,NaN,NaN,NaN,NaN,NaN,NaN,NaN,NaN,NaN,NaN,NaN,NaN,NaN,NaN,NaN,NaN,NaN,NaN,NaN,NaN,NaN,NaN,NaN,NaN,NaN,NaN,NaN,NaN,NaN,NaN,NaN,NaN,NaN,NaN,NaN,NaN,NaN,NaN,NaN,NaN,NaN,NaN,NaN,NaN,NaN,NaN
NaN,NaN,NaN,NaN,NaN,NaN,NaN,NaN,NaN,NaN,NaN,NaN,NaN,NaN,NaN,NaN,NaN,NaN,NaN,NaN,NaN,NaN,NaN,NaN,NaN,NaN,NaN,NaN,NaN,NaN,NaN,NaN,NaN,NaN,0.00908650547236576,0.040200370582349,NaN,NaN,NaN,NaN,NaN,NaN,NaN,NaN,NaN,NaN,NaN,NaN,NaN,NaN,NaN,NaN,NaN,NaN,NaN,NaN,NaN,NaN,NaN,NaN,NaN,NaN,NaN,NaN,NaN,NaN,NaN,NaN,NaN,NaN,NaN,NaN,NaN,NaN,NaN,NaN,NaN,NaN,NaN,NaN,NaN,NaN,NaN,NaN,NaN,NaN,NaN,NaN,NaN,NaN,NaN,NaN,NaN,NaN,NaN,NaN,NaN,NaN,NaN,NaN,NaN,NaN,NaN,-0.000826812605069675,-0.0438584827554272,-0.0447802600729715,-0.0454375700298017,-0.0455863896294539,-0.0455254065120899,-0.0458453260992674,-0.0459353156172127,-0.045962889993833,-0.0458197077313054,-0.0453876296911381,-0.0442576718203583,-0.0433046346829346,-0.0435271817763531,-0.0424796336088929,-0.0415394671471937,-0.0408131072062575,-0.040154989170438,-0.0397350009239318,-0.0394307751480814,-0.03896572938306,-0.0384594921332511,NaN,NaN,NaN,NaN,-0.0470903450255133,-0.0469542095810086,-0.0467606307040381,-0.0473703919945854,-0.0479361928576946,-0.0478400258154582,-0.0482702376141403,-0.0490795071060533,-0.0496087441578844,-0.0499694451265283,-0.050196006959684,-0.0503250461737886,-0.0487665287043467,NaN,NaN,0.0572787492820029,-0.0208430479170294,-0.0460761200162736,-0.0504274081422066,-0.0505313044189503,-0.0507525610963855,-0.0510627456222649,-0.0514754209217816,-0.0517412620502169,-0.0519785874949614,-0.0518721331340958,-0.0518451215996258,-0.051353686185846,-0.0511647321303367,-0.0220446893357875,NaN,NaN,NaN,NaN,NaN,NaN,NaN,NaN,NaN,NaN,NaN,NaN,NaN,NaN,NaN,NaN,NaN,NaN,NaN,NaN,NaN,NaN,NaN,NaN,NaN,NaN,NaN,NaN,NaN,NaN,NaN,NaN,NaN,NaN,NaN,NaN,NaN,NaN,NaN,NaN,NaN,NaN,NaN,NaN,NaN,NaN,NaN,NaN,NaN,NaN,NaN,NaN,NaN,NaN,NaN,NaN,NaN,NaN,NaN,NaN,NaN,NaN,NaN,NaN,NaN,NaN,NaN,NaN,NaN,NaN,NaN,NaN,NaN,NaN,NaN,NaN,NaN,NaN,NaN,NaN,NaN,NaN,NaN,NaN,NaN,NaN
NaN,NaN,NaN,NaN,NaN,NaN,NaN,NaN,NaN,NaN,NaN,NaN,NaN,NaN,NaN,NaN,NaN,NaN,NaN,NaN,NaN,NaN,NaN,NaN,NaN,NaN,NaN,NaN,NaN,NaN,NaN,NaN,NaN,NaN,NaN,0.0699842960742446,NaN,NaN,NaN,NaN,NaN,NaN,NaN,NaN,NaN,NaN,NaN,NaN,NaN,NaN,NaN,NaN,NaN,NaN,NaN,NaN,NaN,NaN,NaN,NaN,NaN,NaN,NaN,NaN,NaN,NaN,NaN,NaN,NaN,NaN,NaN,NaN,NaN,NaN,NaN,NaN,NaN,NaN,NaN,NaN,NaN,NaN,NaN,NaN,NaN,NaN,NaN,NaN,NaN,NaN,NaN,NaN,NaN,NaN,NaN,NaN,NaN,NaN,NaN,NaN,NaN,NaN,NaN,0.0420331315761143,-0.0276008022359812,-0.0449789833028606,-0.045337180034581,-0.0453697746582787,-0.0452764279531889,-0.0451877895128951,-0.0450960159707956,-0.0450467170595484,-0.0447845600986975,-0.0440714167354262,-0.0432371897609253,-0.0427622595283577,-0.0428766744831835,-0.0425758849060666,-0.0418005973050568,-0.0411405027515649,-0.0402708031281312,-0.039496905467378,-0.0390795649206301,-0.0387181950556638,-0.0383794823609452,NaN,NaN,NaN,-0.048077140287366,-0.0475539306839555,-0.0471377514949894,-0.0469320646473909,-0.0470059942596587,-0.0478145809648794,-0.0485890400525195,-0.0483100725724973,-0.0486918980626511,-0.0491061881705103,-0.0494326710633825,-0.0496238507996303,-0.0497054768005122,-0.0419623199663819,NaN,NaN,NaN,NaN,NaN,-0.0461829244182291,-0.0501771761004041,-0.0503973619569193,-0.0506482998007011,-0.0511662475690501,-0.0515098457075604,-0.051582743126086,-0.0517114195574738,-0.0518252046240235,-0.0517472175074377,-0.0510773877674025,-0.0506518296942595,-0.0499812521077703,NaN,NaN,NaN,NaN,NaN,NaN,NaN,NaN,NaN,NaN,NaN,NaN,NaN,NaN,NaN,NaN,NaN,NaN,NaN,NaN,NaN,NaN,NaN,NaN,NaN,NaN,NaN,NaN,NaN,NaN,NaN,NaN,NaN,NaN,NaN,NaN,NaN,NaN,NaN,NaN,NaN,NaN,NaN,NaN,NaN,NaN,NaN,NaN,NaN,NaN,NaN,NaN,NaN,NaN,NaN,NaN,NaN,NaN,NaN,NaN,NaN,NaN,NaN,NaN,NaN,NaN,NaN,NaN,NaN,NaN,NaN,NaN,NaN,NaN,NaN,NaN,NaN,NaN,NaN,NaN,NaN,NaN,NaN,NaN,NaN
NaN,NaN,NaN,NaN,NaN,NaN,NaN,NaN,NaN,NaN,NaN,NaN,NaN,NaN,NaN,NaN,NaN,NaN,NaN,NaN,NaN,NaN,NaN,NaN,NaN,NaN,NaN,NaN,NaN,NaN,NaN,NaN,NaN,NaN,0.0697729719853168,0.0700091532077436,NaN,NaN,NaN,NaN,NaN,NaN,NaN,NaN,NaN,NaN,NaN,NaN,NaN,NaN,NaN,NaN,NaN,NaN,NaN,NaN,NaN,NaN,NaN,NaN,NaN,NaN,NaN,NaN,NaN,NaN,NaN,NaN,NaN,NaN,NaN,NaN,NaN,NaN,NaN,NaN,NaN,NaN,NaN,NaN,NaN,NaN,NaN,NaN,NaN,NaN,NaN,NaN,NaN,NaN,NaN,NaN,NaN,NaN,NaN,NaN,NaN,NaN,NaN,NaN,NaN,NaN,NaN,NaN,-0.0450075763858969,-0.0450837752437929,-0.0408888589320391,-0.0451295681724571,-0.0448886494839128,-0.0446071923164508,-0.0445664078055447,-0.0445469626525763,-0.0444255511878867,-0.0441271311629043,-0.0436371129102347,-0.0432488955086706,-0.0429956837666857,-0.0428459813571567,-0.0422197617222586,-0.0414793429416189,-0.0403293436301809,-0.0392153809098741,-0.0386609634551712,-0.0383709435518927,-0.0381036500658529,NaN,NaN,NaN,-0.0487309111091523,-0.0476314571978881,-0.0467252376079413,-0.0465888675009939,-0.0467335181202438,-0.0470246344316579,-0.0479804646628203,-0.0480775141005906,-0.0482207072942545,-0.0485824567669844,-0.0488679301642794,-0.0490255657260532,-0.049018746250394,-0.0336811380686188,NaN,NaN,NaN,NaN,NaN,NaN,-0.0497109631733342,-0.0499586252943068,-0.0503499193290642,-0.0507734760155295,-0.0510942597555235,-0.0511709091004449,-0.0514900992167908,-0.0517572528806635,-0.0517569032617991,-0.0510477710977706,-0.0506235440333798,-0.050226730761898,NaN,NaN,NaN,NaN,NaN,NaN,NaN,NaN,NaN,NaN,NaN,NaN,NaN,NaN,NaN,NaN,NaN,NaN,NaN,NaN,NaN,NaN,NaN,NaN,NaN,NaN,NaN,NaN,NaN,NaN,NaN,NaN,NaN,NaN,NaN,NaN,NaN,NaN,NaN,NaN,NaN,NaN,NaN,NaN,NaN,NaN,NaN,NaN,NaN,NaN,NaN,NaN,NaN,NaN,NaN,NaN,NaN,NaN,NaN,NaN,NaN,NaN,NaN,NaN,NaN,NaN,NaN,NaN,NaN,NaN,NaN,NaN,NaN,NaN,NaN,NaN,NaN,NaN,NaN,NaN,NaN,NaN,NaN,NaN,NaN
NaN,NaN,NaN,NaN,NaN,NaN,NaN,NaN,NaN,NaN,NaN,NaN,NaN,NaN,NaN,NaN,NaN,NaN,NaN,NaN,NaN,NaN,NaN,NaN,NaN,NaN,NaN,NaN,NaN,NaN,NaN,NaN,0.0693037232168996,0.0693432510138001,0.0694807964142293,NaN,NaN,NaN,NaN,NaN,NaN,NaN,NaN,NaN,NaN,NaN,NaN,NaN,NaN,NaN,NaN,NaN,NaN,NaN,NaN,NaN,NaN,NaN,NaN,NaN,NaN,NaN,NaN,NaN,NaN,NaN,NaN,NaN,NaN,NaN,NaN,NaN,NaN,NaN,NaN,NaN,NaN,NaN,NaN,NaN,NaN,NaN,NaN,NaN,NaN,NaN,NaN,NaN,NaN,NaN,NaN,NaN,NaN,NaN,NaN,NaN,NaN,NaN,NaN,NaN,NaN,NaN,NaN,NaN,NaN,NaN,-0.0100542349610569,-0.0438923664962468,-0.0444803066225354,-0.0443733756355968,-0.0443664418306797,-0.0442060192762269,-0.0440681617596344,-0.0437802622505048,-0.0436334035377483,-0.0437061287262925,-0.0437929541895242,-0.0438523814214884,-0.0430122064160105,-0.0419669720614794,-0.0406757618907264,-0.0394624823465493,-0.0387384992847836,-0.0382500924094592,-0.0379498559357961,NaN,-0.0494962840226657,-0.0505178220151892,-0.0504072616378955,-0.0488391573517291,-0.0470973282769947,-0.0464252331907538,-0.0464875387245193,-0.0465645661379419,-0.0468022647079723,-0.0474078774720436,-0.0476830323784026,-0.0479913862359142,-0.0481981449844094,-0.0482486682622421,-0.0480554701042223,NaN,NaN,NaN,NaN,NaN,NaN,NaN,-0.0494946024554429,-0.0498385938565273,-0.0502389860300749,-0.0504906456422949,-0.05077598581624,-0.0509780397376325,-0.051480812223268,-0.0517198341860944,-0.0516608242181872,-0.0509565409179099,-0.0505957937702344,-0.0501760608745088,-0.0454254627005593,NaN,NaN,NaN,NaN,NaN,NaN,NaN,NaN,NaN,NaN,NaN,NaN,NaN,NaN,NaN,NaN,NaN,NaN,NaN,NaN,NaN,NaN,NaN,NaN,NaN,NaN,NaN,NaN,NaN,NaN,NaN,NaN,NaN,NaN,NaN,NaN,NaN,NaN,NaN,NaN,NaN,NaN,NaN,NaN,NaN,NaN,NaN,NaN,NaN,NaN,NaN,NaN,NaN,NaN,NaN,NaN,NaN,NaN,NaN,NaN,NaN,NaN,NaN,NaN,NaN,NaN,NaN,NaN,NaN,NaN,NaN,NaN,NaN,NaN,NaN,NaN,NaN,NaN,NaN,NaN,NaN,NaN,NaN,NaN
NaN,NaN,NaN,NaN,NaN,NaN,NaN,NaN,NaN,NaN,NaN,NaN,NaN,NaN,NaN,NaN,NaN,NaN,NaN,NaN,NaN,NaN,NaN,NaN,NaN,NaN,NaN,NaN,NaN,NaN,NaN,NaN,0.0692450415497367,0.0692590806457224,NaN,NaN,NaN,NaN,NaN,NaN,NaN,NaN,NaN,NaN,NaN,NaN,NaN,NaN,NaN,NaN,NaN,NaN,NaN,NaN,NaN,NaN,NaN,NaN,NaN,NaN,NaN,NaN,NaN,NaN,NaN,NaN,NaN,NaN,NaN,NaN,NaN,NaN,NaN,NaN,NaN,NaN,NaN,NaN,NaN,NaN,NaN,NaN,NaN,NaN,NaN,NaN,NaN,NaN,NaN,NaN,NaN,NaN,NaN,NaN,NaN,NaN,NaN,NaN,NaN,NaN,NaN,NaN,NaN,NaN,NaN,NaN,0.0452458257986709,-0.0251551426588786,-0.0442109690982725,-0.0442674119597778,-0.0441797002401556,-0.0439903339379817,-0.0438034274688764,-0.0435864634151179,-0.0439354170711858,-0.0448111925639914,-0.0461433771926718,-0.0454171088658875,-0.043800106018596,-0.0425391268730476,-0.0412032737367693,-0.0402065774492146,-0.0395568026605047,-0.038472892569018,NaN,NaN,-0.0498794872809607,-0.0501541029693732,-0.0505027418037395,-0.0504767001184972,-0.0483817528780935,-0.0471085172278042,-0.0467763880982179,-0.0465348396663358,-0.0463351016335633,-0.0468001469214323,-0.0470513549207835,-0.0472331426647678,-0.0473595300791302,-0.0473266865221714,-0.0471427982008211,NaN,NaN,NaN,NaN,NaN,NaN,NaN,NaN,-0.0498585692144854,-0.0501667043827769,-0.0503387303427274,-0.0505401088731462,-0.0507870822754181,-0.0513143678891266,-0.0515967725404842,-0.0514573203943311,-0.0508353916399463,-0.0277074983344219,-0.0213005485073521,-0.00920939636075371,NaN,NaN,NaN,NaN,NaN,NaN,NaN,NaN,NaN,NaN,NaN,NaN,NaN,NaN,NaN,NaN,NaN,NaN,NaN,NaN,NaN,NaN,NaN,NaN,NaN,NaN,NaN,NaN,NaN,NaN,NaN,NaN,NaN,NaN,NaN,NaN,NaN,NaN,NaN,NaN,NaN,NaN,NaN,NaN,NaN,NaN,NaN,NaN,NaN,NaN,NaN,NaN,NaN,NaN,NaN,NaN,NaN,NaN,NaN,NaN,NaN,NaN,NaN,NaN,NaN,NaN,NaN,NaN,NaN,NaN,NaN,NaN,NaN,NaN,NaN,NaN,NaN,NaN,NaN,NaN,NaN,NaN,NaN,NaN
NaN,NaN,NaN,NaN,NaN,NaN,NaN,NaN,NaN,NaN,NaN,NaN,NaN,NaN,NaN,NaN,NaN,NaN,NaN,NaN,NaN,NaN,NaN,NaN,NaN,NaN,NaN,NaN,NaN,NaN,NaN,NaN,NaN,NaN,NaN,NaN,NaN,NaN,NaN,NaN,NaN,NaN,NaN,NaN,NaN,NaN,NaN,NaN,NaN,NaN,NaN,NaN,NaN,NaN,NaN,NaN,NaN,NaN,NaN,NaN,NaN,NaN,NaN,NaN,NaN,NaN,NaN,NaN,NaN,NaN,NaN,NaN,NaN,NaN,NaN,NaN,NaN,NaN,NaN,NaN,NaN,NaN,NaN,NaN,NaN,NaN,NaN,NaN,NaN,NaN,NaN,NaN,NaN,NaN,NaN,NaN,NaN,NaN,NaN,NaN,NaN,NaN,NaN,NaN,NaN,NaN,NaN,NaN,-0.0249255106898479,-0.0441572464123982,-0.0444050791722569,-0.0443257558109174,-0.0443438691077114,-0.0446386810666728,-0.0457569176503368,-0.047869562534769,-0.0488588438369192,-0.0458766114763934,-0.0440757972604903,-0.0429247119626662,-0.0415455083438431,-0.0410434284119559,-0.0411910088877864,NaN,NaN,-0.0497393162969079,-0.0500234845720493,-0.0503720208063434,-0.0497683734954895,-0.0495414669902786,-0.0480467020584485,-0.0466805604778514,-0.0466005832346789,-0.0465718162919375,-0.0458778167279946,-0.0460856619336918,-0.0460518246631393,-0.0460537926033989,-0.0462432668892044,-0.0464576600843874,-0.0467385525551165,NaN,NaN,NaN,NaN,NaN,NaN,NaN,NaN,-0.0489255253273132,-0.0500824450387092,-0.0503290785314611,-0.0503533104420125,-0.0507624437763554,-0.0511156805011615,-0.0513515714419692,-0.0509498560369482,-0.0504351012276299,-0.0488842735189917,-0.0214692451147741,NaN,NaN,NaN,NaN,NaN,NaN,NaN,NaN,NaN,NaN,NaN,NaN,NaN,NaN,NaN,NaN,NaN,NaN,NaN,NaN,NaN,NaN,NaN,NaN,NaN,NaN,NaN,NaN,NaN,NaN,NaN,NaN,NaN,NaN,NaN,NaN,NaN,NaN,NaN,NaN,NaN,NaN,NaN,NaN,NaN,NaN,NaN,NaN,NaN,NaN,NaN,NaN,NaN,NaN,NaN,NaN,NaN,NaN,NaN,NaN,NaN,NaN,NaN,NaN,NaN,NaN,NaN,NaN,NaN,NaN,NaN,NaN,NaN,NaN,NaN,NaN,NaN,NaN,NaN,NaN,NaN,NaN,NaN,NaN,NaN
NaN,NaN,NaN,NaN,NaN,NaN,NaN,NaN,NaN,NaN,NaN,NaN,NaN,NaN,NaN,NaN,NaN,NaN,NaN,NaN,NaN,NaN,NaN,NaN,NaN,NaN,NaN,NaN,NaN,NaN,NaN,NaN,NaN,NaN,NaN,NaN,NaN,NaN,NaN,NaN,NaN,NaN,NaN,NaN,NaN,NaN,NaN,NaN,NaN,NaN,NaN,NaN,NaN,NaN,NaN,NaN,NaN,NaN,NaN,NaN,NaN,NaN,NaN,NaN,NaN,NaN,NaN,NaN,NaN,NaN,NaN,NaN,NaN,NaN,NaN,NaN,NaN,NaN,NaN,NaN,NaN,NaN,NaN,NaN,NaN,NaN,NaN,NaN,NaN,NaN,NaN,NaN,NaN,NaN,NaN,NaN,NaN,NaN,NaN,NaN,NaN,NaN,NaN,NaN,NaN,NaN,NaN,NaN,NaN,NaN,-0.0446579190497907,-0.0448319426778583,-0.0453254740167136,-0.0465336881486396,-0.0484436825864421,-0.0495041304985652,-0.0465733415419857,-0.0444865262686795,-0.0440127585711267,-0.0431874514488447,-0.0422733549173469,-0.0423024798442332,-0.0430210293915074,NaN,NaN,-0.0500483366405048,-0.0503740179843185,-0.0502917813729494,-0.0503436383617304,-0.049153953881316,-0.0474751359791137,-0.0457519487616876,-0.0455631343138477,-0.0459837299282962,-0.0453894276184685,-0.0446093064789952,-0.044268234971168,-0.0443391436282322,-0.0448627508201253,-0.0455615387079965,NaN,NaN,NaN,NaN,NaN,NaN,NaN,NaN,NaN,NaN,-0.0492800342115501,-0.050350899282246,-0.0505570602309661,-0.0509027648620691,-0.0509706331036186,-0.0507703614938101,-0.0504256973536912,-0.0498780980247239,-0.0494005355836392,-0.0487247011354031,NaN,NaN,NaN,NaN,NaN,NaN,NaN,NaN,NaN,NaN,NaN,NaN,NaN,NaN,NaN,NaN,NaN,NaN,NaN,NaN,NaN,NaN,NaN,NaN,NaN,NaN,NaN,NaN,NaN,NaN,NaN,NaN,NaN,NaN,NaN,NaN,NaN,NaN,NaN,NaN,NaN,NaN,NaN,NaN,NaN,NaN,NaN,NaN,NaN,NaN,NaN,NaN,NaN,NaN,NaN,NaN,NaN,NaN,NaN,NaN,NaN,NaN,NaN,NaN,NaN,NaN,NaN,NaN,NaN,NaN,NaN,NaN,NaN,NaN,NaN,NaN,NaN,NaN,NaN,NaN,NaN,NaN,NaN,NaN,NaN
NaN,NaN,NaN,NaN,NaN,NaN,NaN,NaN,NaN,NaN,NaN,NaN,NaN,NaN,NaN,NaN,NaN,NaN,NaN,NaN,NaN,NaN,NaN,NaN,NaN,NaN,NaN,NaN,NaN,NaN,NaN,NaN,NaN,NaN,NaN,NaN,NaN,NaN,NaN,NaN,NaN,NaN,NaN,NaN,NaN,NaN,NaN,NaN,NaN,NaN,NaN,NaN,NaN,NaN,NaN,NaN,NaN,NaN,NaN,NaN,NaN,NaN,NaN,NaN,NaN,NaN,NaN,NaN,NaN,NaN,NaN,NaN,NaN,NaN,NaN,NaN,NaN,NaN,NaN,NaN,NaN,NaN,NaN,NaN,NaN,NaN,NaN,NaN,NaN,NaN,NaN,NaN,NaN,NaN,NaN,NaN,NaN,NaN,NaN,NaN,NaN,NaN,NaN,NaN,NaN,NaN,NaN,NaN,NaN,NaN,NaN,-0.0430781574081387,-0.0437411371532255,-0.0449933312528881,-0.0453087050968936,-0.0441013688833593,-0.0426452857640863,-0.0428920981061205,-0.043749856066994,-0.0437058683551953,-0.0441915287897957,-0.046188912847162,-0.0496490461156707,NaN,NaN,-0.0511616045988417,-0.0510399684150835,-0.0509533786820211,-0.0501016268547628,-0.0494889055305227,-0.0481296368897009,-0.0461946380069946,-0.0455559699178107,-0.0456899787014468,-0.0454007565876536,-0.0435665607380772,-0.043054591736628,-0.043232292166284,-0.04365914640502,NaN,NaN,NaN,NaN,NaN,NaN,NaN,NaN,NaN,NaN,NaN,NaN,-0.0495234358192998,-0.0505840703057337,-0.0508443869004767,-0.0508523242710145,-0.0504453738013418,-0.0500140593754064,-0.049570956620853,-0.0490683851458668,-0.0485659502651086,-0.042382261781508,NaN,NaN,NaN,NaN,NaN,NaN,NaN,NaN,NaN,NaN,NaN,NaN,NaN,NaN,NaN,NaN,NaN,NaN,NaN,NaN,NaN,NaN,NaN,NaN,NaN,NaN,NaN,NaN,NaN,NaN,NaN,NaN,NaN,NaN,NaN,NaN,NaN,NaN,NaN,NaN,NaN,NaN,NaN,NaN,NaN,NaN,NaN,NaN,NaN,NaN,NaN,NaN,NaN,NaN,NaN,NaN,NaN,NaN,NaN,NaN,NaN,NaN,NaN,NaN,NaN,NaN,NaN,NaN,NaN,NaN,NaN,NaN,NaN,NaN,NaN,NaN,NaN,NaN,NaN,NaN,NaN,NaN,NaN,NaN
NaN,NaN,NaN,NaN,NaN,NaN,NaN,NaN,NaN,NaN,NaN,NaN,NaN,NaN,NaN,NaN,NaN,NaN,NaN,NaN,NaN,NaN,NaN,NaN,NaN,NaN,NaN,NaN,NaN,NaN,NaN,NaN,NaN,NaN,NaN,NaN,NaN,NaN,NaN,NaN,NaN,NaN,NaN,NaN,NaN,NaN,NaN,NaN,NaN,NaN,NaN,NaN,NaN,NaN,NaN,NaN,NaN,NaN,NaN,NaN,NaN,NaN,NaN,NaN,NaN,NaN,NaN,NaN,NaN,NaN,NaN,NaN,NaN,NaN,NaN,NaN,NaN,NaN,NaN,NaN,NaN,NaN,NaN,NaN,NaN,NaN,NaN,NaN,NaN,NaN,NaN,NaN,NaN,NaN,NaN,NaN,NaN,NaN,NaN,NaN,NaN,NaN,NaN,NaN,NaN,NaN,NaN,NaN,NaN,NaN,NaN,-0.0399876662666687,-0.0402761460552161,-0.0407177021855057,-0.0406562194581004,-0.0402962621259305,-0.0403736127522209,-0.0419348622992586,-0.0436113063173886,-0.045351643644773,-0.0489055751363717,-0.0538978670307913,-0.0557030050175747,-0.0550642619062437,-0.0541538215808946,-0.0515215235035826,-0.0503271729232154,-0.0511385890872459,-0.0512322492270547,-0.0490243060743091,-0.0478207742489818,-0.046766880595099,-0.0461184278930365,-0.0446021826577933,-0.0440055277170896,-0.0431046083531585,-0.0425919733394986,-0.0426481641708807,-0.0425818224666455,-0.0416629418432062,NaN,NaN,NaN,NaN,NaN,NaN,NaN,NaN,NaN,NaN,NaN,NaN,-0.0495076793238077,-0.0507509208124453,-0.0507254636170897,-0.05046483121295,-0.0498712565233949,-0.049433565128162,-0.048884831835279,-0.0483134626302702,-0.0474957193087871,NaN,NaN,NaN,NaN,NaN,NaN,NaN,NaN,NaN,NaN,NaN,NaN,NaN,NaN,NaN,NaN,NaN,NaN,NaN,NaN,NaN,NaN,NaN,NaN,NaN,NaN,NaN,NaN,NaN,NaN,NaN,NaN,NaN,NaN,NaN,NaN,NaN,NaN,NaN,NaN,NaN,NaN,NaN,NaN,NaN,NaN,NaN,NaN,NaN,NaN,NaN,NaN,NaN,NaN,NaN,NaN,NaN,NaN,NaN,NaN,NaN,NaN,NaN,NaN,NaN,NaN,NaN,NaN,NaN,NaN,NaN,NaN,NaN,NaN,NaN,NaN,NaN,NaN,NaN,NaN,NaN,NaN,NaN,NaN
NaN,NaN,NaN,NaN,NaN,NaN,NaN,NaN,NaN,NaN,NaN,NaN,NaN,NaN,NaN,NaN,NaN,NaN,NaN,NaN,NaN,NaN,NaN,NaN,NaN,NaN,NaN,NaN,NaN,NaN,NaN,NaN,NaN,NaN,NaN,NaN,NaN,NaN,NaN,NaN,NaN,NaN,NaN,NaN,NaN,NaN,NaN,NaN,NaN,NaN,NaN,NaN,NaN,NaN,NaN,NaN,NaN,NaN,NaN,NaN,NaN,NaN,NaN,NaN,NaN,NaN,NaN,NaN,NaN,NaN,NaN,NaN,NaN,NaN,NaN,NaN,NaN,NaN,NaN,NaN,NaN,NaN,NaN,NaN,NaN,NaN,NaN,NaN,NaN,NaN,NaN,NaN,NaN,NaN,NaN,NaN,NaN,NaN,NaN,NaN,NaN,NaN,NaN,NaN,NaN,NaN,NaN,NaN,NaN,NaN,NaN,-0.0388811601071988,-0.0390354016314711,-0.0391124645621206,-0.0391584291080671,-0.0392154794742834,-0.0399328618021818,-0.0418541736541643,-0.0439373686385848,-0.047540421078268,-0.0527340916838311,-0.0533356732814859,-0.0524038318628813,-0.0528107411216847,-0.051844398442337,-0.0496961473222881,-0.0482465859705584,-0.0484578209031193,-0.0497384344462917,-0.0495321143168124,-0.0476210209869941,-0.0456994210289162,-0.0446726406242873,-0.0434111976795152,-0.0423349373865571,-0.0418694425932108,-0.0416438133024968,-0.0417914094404272,-0.0417165484852181,-0.0378225607130663,0.0119920580666262,NaN,NaN,NaN,NaN,NaN,NaN,NaN,NaN,NaN,NaN,NaN,NaN,NaN,-0.0506836260947965,-0.0503169477000776,-0.0499143128347854,-0.0494571046607526,-0.0488305428205524,-0.0480064579321258,-0.0473122523869463,NaN,NaN,NaN,NaN,NaN,NaN,NaN,NaN,NaN,NaN,NaN,NaN,NaN,NaN,NaN,NaN,NaN,NaN,NaN,NaN,NaN,NaN,NaN,NaN,NaN,NaN,NaN,NaN,NaN,NaN,NaN,NaN,NaN,NaN,NaN,NaN,NaN,NaN,NaN,NaN,NaN,NaN,NaN,NaN,NaN,NaN,NaN,NaN,NaN,NaN,NaN,NaN,NaN,NaN,NaN,NaN,NaN,NaN,NaN,NaN,NaN,NaN,NaN,NaN,NaN,NaN,NaN,NaN,NaN,NaN,NaN,NaN,NaN,NaN,NaN,NaN,NaN,NaN,NaN,NaN,NaN,NaN,NaN,NaN
NaN,NaN,NaN,NaN,NaN,NaN,NaN,NaN,NaN,NaN,NaN,NaN,NaN,NaN,NaN,NaN,NaN,NaN,NaN,NaN,NaN,NaN,NaN,NaN,NaN,NaN,NaN,NaN,NaN,NaN,NaN,NaN,NaN,NaN,NaN,NaN,NaN,NaN,NaN,NaN,NaN,NaN,NaN,NaN,NaN,NaN,NaN,NaN,NaN,NaN,NaN,NaN,NaN,NaN,NaN,NaN,NaN,NaN,NaN,NaN,NaN,NaN,NaN,NaN,NaN,NaN,NaN,NaN,NaN,NaN,NaN,NaN,NaN,NaN,NaN,NaN,NaN,NaN,NaN,NaN,NaN,NaN,NaN,NaN,NaN,NaN,NaN,NaN,NaN,NaN,NaN,NaN,NaN,NaN,NaN,NaN,NaN,NaN,NaN,NaN,NaN,NaN,NaN,NaN,NaN,NaN,NaN,NaN,NaN,NaN,NaN,-0.0386934519230748,-0.0389112248501273,-0.0385777799314793,-0.0384005479309395,-0.0385234141620252,-0.0395564092540473,-0.0412969175570356,-0.0435582128494798,-0.0472188899798669,-0.0491499343486937,-0.0484559708325007,-0.0487352692504136,-0.0494033915252023,-0.0489835120118313,-0.0481630558888336,-0.0464665517971391,-0.0456103853263983,-0.0459932238821657,-0.0462720751191616,-0.0461962047146292,-0.0451796067497967,-0.043126746044998,-0.0421798254966882,-0.0411836268997031,-0.0406483013845436,-0.0406502462068093,-0.0409923876346059,-0.0410996126131228,-0.0404595470883732,-0.0101920349362728,NaN,NaN,NaN,NaN,NaN,NaN,NaN,NaN,NaN,NaN,NaN,NaN,NaN,NaN,-0.0501912016346237,-0.0500548335841136,-0.0494863144822449,-0.0487069708346041,-0.0478747091786266,-0.0473793236566478,NaN,NaN,NaN,NaN,NaN,NaN,NaN,NaN,NaN,NaN,NaN,NaN,NaN,NaN,NaN,NaN,NaN,NaN,NaN,NaN,NaN,NaN,NaN,NaN,NaN,NaN,NaN,NaN,NaN,NaN,NaN,NaN,NaN,NaN,NaN,NaN,NaN,NaN,NaN,NaN,NaN,NaN,NaN,NaN,NaN,NaN,NaN,NaN,NaN,NaN,NaN,NaN,NaN,NaN,NaN,NaN,NaN,NaN,NaN,NaN,NaN,NaN,NaN,NaN,NaN,NaN,NaN,NaN,NaN,NaN,NaN,NaN,NaN,NaN,NaN,NaN,NaN,NaN,NaN,NaN,NaN,NaN,NaN,NaN
NaN,NaN,NaN,NaN,NaN,NaN,NaN,NaN,NaN,NaN,NaN,NaN,NaN,NaN,NaN,NaN,NaN,NaN,NaN,NaN,NaN,NaN,NaN,NaN,NaN,NaN,NaN,NaN,NaN,NaN,NaN,NaN,NaN,NaN,NaN,NaN,NaN,NaN,NaN,NaN,NaN,NaN,NaN,NaN,NaN,NaN,NaN,NaN,NaN,NaN,NaN,NaN,NaN,NaN,NaN,NaN,NaN,NaN,NaN,NaN,NaN,NaN,NaN,NaN,NaN,NaN,NaN,NaN,NaN,NaN,NaN,NaN,NaN,NaN,NaN,NaN,NaN,NaN,NaN,NaN,NaN,NaN,NaN,NaN,NaN,NaN,NaN,NaN,NaN,NaN,NaN,NaN,NaN,NaN,NaN,NaN,NaN,NaN,NaN,NaN,NaN,NaN,NaN,NaN,NaN,NaN,NaN,NaN,NaN,NaN,NaN,NaN,NaN,-0.0383017506826389,-0.0375976457438195,-0.0375950545409713,-0.0383811990447214,-0.0396064559291145,-0.041394037432481,-0.043855586638309,-0.045009029024888,-0.0457860182785094,-0.0466774431482274,-0.0471859017865795,-0.046834741366095,-0.0457573339815744,-0.044623915049465,-0.0443685609097136,-0.0441807703366918,-0.043655704647271,-0.0432678666140306,-0.0435215498431955,-0.0423930781374706,-0.0412211391455628,-0.0402921708431406,-0.0399609069640748,-0.040312547069671,-0.0406667322405231,-0.0408344343186635,-0.040900560931483,NaN,NaN,NaN,NaN,NaN,NaN,NaN,NaN,NaN,NaN,NaN,NaN,NaN,NaN,NaN,-0.0499973148182097,-0.0500183902439877,-0.0496052614038351,-0.0486756087496919,-0.0480433624430187,-0.0475649417429018,NaN,NaN,NaN,NaN,NaN,NaN,NaN,NaN,NaN,NaN,NaN,NaN,NaN,NaN,NaN,NaN,NaN,NaN,NaN,NaN,NaN,NaN,NaN,NaN,NaN,NaN,NaN,NaN,NaN,NaN,NaN,NaN,NaN,NaN,NaN,NaN,NaN,NaN,NaN,NaN,NaN,NaN,NaN,NaN,NaN,NaN,NaN,NaN,NaN,NaN,NaN,NaN,NaN,NaN,NaN,NaN,NaN,NaN,NaN,NaN,NaN,NaN,NaN,NaN,NaN,NaN,NaN,NaN,NaN,NaN,NaN,NaN,NaN,NaN,NaN,NaN,NaN,NaN,NaN,NaN,NaN,NaN,NaN,NaN
NaN,NaN,NaN,NaN,NaN,NaN,NaN,NaN,NaN,NaN,NaN,NaN,NaN,NaN,NaN,NaN,NaN,NaN,NaN,NaN,NaN,NaN,NaN,NaN,NaN,NaN,NaN,NaN,NaN,NaN,NaN,NaN,NaN,NaN,NaN,NaN,NaN,NaN,NaN,NaN,NaN,NaN,NaN,NaN,NaN,NaN,NaN,NaN,NaN,NaN,NaN,NaN,NaN,NaN,NaN,NaN,NaN,NaN,NaN,NaN,NaN,NaN,NaN,NaN,NaN,NaN,NaN,NaN,NaN,NaN,NaN,NaN,NaN,NaN,NaN,NaN,NaN,NaN,NaN,NaN,NaN,NaN,NaN,NaN,NaN,NaN,NaN,NaN,NaN,NaN,NaN,NaN,NaN,NaN,NaN,NaN,NaN,NaN,NaN,NaN,NaN,NaN,NaN,NaN,NaN,NaN,NaN,NaN,NaN,NaN,NaN,NaN,NaN,NaN,-0.0364728195737559,-0.0366683752605548,-0.0370544414289475,-0.0375750069356946,-0.0389010024463166,-0.0411246538041952,-0.0433300654806538,-0.0449241455576035,-0.0451573061876831,-0.0450159768009478,-0.0439586383922002,-0.0431332673995438,-0.0422468345893634,-0.0421451468269092,-0.04316229281173,-0.0430963219885185,-0.0423896095399957,-0.0420574367843681,-0.0415541843620107,-0.0406470155649716,-0.0399060642738711,-0.0400208975050699,-0.0404850474060377,-0.0404615354157112,-0.0405717019226273,-0.0409175902058541,-0.0396914929281317,NaN,NaN,NaN,NaN,NaN,NaN,NaN,NaN,NaN,NaN,NaN,NaN,NaN,NaN,NaN,-0.0501668585138758,-0.0497869556895223,-0.0488857129700207,-0.0482833995384687,-0.0477003625938516,NaN,NaN,NaN,NaN,NaN,NaN,NaN,NaN,NaN,NaN,NaN,NaN,NaN,NaN,NaN,NaN,NaN,NaN,NaN,NaN,NaN,NaN,NaN,NaN,NaN,NaN,NaN,NaN,NaN,NaN,NaN,NaN,NaN,NaN,NaN,NaN,NaN,NaN,NaN,NaN,NaN,NaN,NaN,NaN,NaN,NaN,NaN,NaN,NaN,NaN,NaN,NaN,NaN,NaN,NaN,NaN,NaN,NaN,NaN,NaN,NaN,NaN,NaN,NaN,NaN,NaN,NaN,NaN,NaN,NaN,NaN,NaN,NaN,NaN,NaN,NaN,NaN,NaN,NaN,NaN,NaN,NaN,NaN,NaN
NaN,NaN,NaN,NaN,NaN,NaN,NaN,NaN,NaN,NaN,NaN,NaN,NaN,NaN,NaN,NaN,NaN,NaN,NaN,NaN,NaN,NaN,NaN,NaN,NaN,NaN,NaN,NaN,NaN,NaN,NaN,NaN,NaN,NaN,NaN,NaN,NaN,NaN,NaN,NaN,NaN,NaN,NaN,NaN,NaN,NaN,NaN,NaN,NaN,NaN,NaN,NaN,NaN,NaN,NaN,NaN,NaN,NaN,NaN,NaN,NaN,NaN,NaN,NaN,NaN,NaN,NaN,NaN,NaN,NaN,NaN,NaN,NaN,NaN,NaN,NaN,NaN,NaN,NaN,NaN,NaN,NaN,NaN,NaN,NaN,NaN,NaN,NaN,NaN,NaN,NaN,NaN,NaN,NaN,NaN,NaN,NaN,NaN,NaN,NaN,NaN,NaN,NaN,NaN,NaN,NaN,NaN,NaN,NaN,NaN,NaN,NaN,NaN,NaN,-0.0355811964075379,-0.035895108859252,-0.0359870232098036,-0.0362902630312152,-0.0374914176347504,-0.0396961572291482,-0.0422141094326053,-0.0420661587877142,-0.0422578527445958,-0.0429048631291639,-0.0416442658618419,-0.0410982169238209,-0.0412492328677189,-0.0411338672763452,-0.0418671351687189,-0.0421097890008852,-0.0422130878646827,-0.0418415760826907,-0.0410123684707142,-0.0402526914521817,-0.0399899897118519,-0.0407006193541655,-0.0406830879088268,-0.0404022602860744,-0.0405083472048444,-0.0409836435058854,-0.040854605139176,-0.0403742406457661,-0.0398996977484598,-0.0397886204900048,NaN,NaN,NaN,NaN,NaN,NaN,NaN,NaN,NaN,NaN,NaN,NaN,NaN,-0.0499750418709038,-0.0493689318472671,-0.048490736340782,-0.047938640026789,NaN,NaN,NaN,NaN,NaN,NaN,NaN,NaN,NaN,NaN,NaN,NaN,NaN,NaN,NaN,NaN,NaN,NaN,NaN,NaN,NaN,NaN,NaN,NaN,NaN,NaN,NaN,NaN,NaN,NaN,NaN,NaN,NaN,NaN,NaN,NaN,NaN,NaN,NaN,NaN,NaN,NaN,NaN,NaN,NaN,NaN,NaN,NaN,NaN,NaN,NaN,NaN,NaN,NaN,NaN,NaN,NaN,NaN,NaN,NaN,NaN,NaN,NaN,NaN,NaN,NaN,NaN,NaN,NaN,NaN,NaN,NaN,NaN,NaN,NaN,NaN,NaN,NaN,NaN,NaN,NaN,NaN,NaN,NaN
NaN,NaN,NaN,NaN,NaN,NaN,NaN,NaN,NaN,NaN,NaN,NaN,NaN,NaN,NaN,NaN,NaN,NaN,NaN,NaN,NaN,NaN,NaN,NaN,NaN,NaN,NaN,NaN,NaN,NaN,NaN,NaN,NaN,NaN,NaN,NaN,NaN,NaN,NaN,NaN,NaN,NaN,NaN,NaN,NaN,NaN,NaN,NaN,NaN,NaN,NaN,NaN,NaN,NaN,NaN,NaN,NaN,NaN,NaN,NaN,NaN,NaN,NaN,NaN,NaN,NaN,NaN,NaN,NaN,NaN,NaN,NaN,NaN,NaN,NaN,NaN,NaN,NaN,NaN,NaN,NaN,NaN,NaN,NaN,NaN,NaN,NaN,NaN,NaN,NaN,NaN,NaN,NaN,NaN,NaN,NaN,NaN,NaN,NaN,NaN,NaN,NaN,NaN,NaN,NaN,NaN,NaN,NaN,NaN,NaN,NaN,NaN,NaN,NaN,-0.035257795895965,-0.0354963619277927,-0.0354913978140302,-0.03564069794242,-0.0367147834887912,-0.0390755540390697,-0.0404749748523448,-0.039752940042574,-0.0403248592404589,-0.0403036065818574,-0.0395269432403572,-0.0394441075213577,-0.040060392418469,-0.0406276725957889,-0.0418055722992267,-0.0428683744945228,-0.0421954363840216,-0.0415788918812576,-0.0409096353805227,NaN,NaN,-0.0409341083407105,-0.0405313214748981,-0.040504225395097,-0.0406730842871004,-0.0408868403852126,-0.0405629044067724,-0.0402830900864196,-0.0400351430606734,-0.0397513265687547,-0.0393996614211225,-0.0389587549726655,-0.0374028506464599,NaN,NaN,NaN,NaN,NaN,NaN,NaN,NaN,NaN,NaN,-0.0492633443028769,-0.0494810291925185,-0.048758818985751,-0.0488501218459703,NaN,NaN,NaN,NaN,NaN,NaN,NaN,NaN,NaN,NaN,NaN,NaN,NaN,NaN,NaN,NaN,NaN,NaN,NaN,NaN,NaN,NaN,NaN,NaN,NaN,NaN,NaN,NaN,NaN,NaN,NaN,NaN,NaN,NaN,NaN,NaN,NaN,NaN,NaN,NaN,NaN,NaN,NaN,NaN,NaN,NaN,NaN,NaN,NaN,NaN,NaN,NaN,NaN,NaN,NaN,NaN,NaN,NaN,NaN,NaN,NaN,NaN,NaN,NaN,NaN,NaN,NaN,NaN,NaN,NaN,NaN,NaN,NaN,NaN,NaN,NaN,NaN,NaN,NaN,NaN,NaN,NaN,NaN,NaN
NaN,NaN,NaN,NaN,NaN,NaN,NaN,NaN,NaN,NaN,NaN,NaN,NaN,NaN,NaN,NaN,NaN,NaN,NaN,NaN,NaN,NaN,NaN,NaN,NaN,NaN,NaN,NaN,NaN,NaN,NaN,NaN,NaN,NaN,NaN,NaN,NaN,NaN,NaN,NaN,NaN,NaN,NaN,NaN,NaN,NaN,NaN,NaN,NaN,NaN,NaN,NaN,NaN,NaN,NaN,NaN,NaN,NaN,NaN,NaN,NaN,NaN,NaN,NaN,NaN,NaN,NaN,NaN,NaN,NaN,NaN,NaN,NaN,NaN,NaN,NaN,NaN,NaN,NaN,NaN,NaN,NaN,NaN,NaN,NaN,NaN,NaN,NaN,NaN,NaN,NaN,NaN,NaN,NaN,NaN,NaN,NaN,NaN,NaN,NaN,NaN,NaN,NaN,NaN,NaN,NaN,NaN,NaN,NaN,NaN,NaN,NaN,NaN,NaN,-0.0351801600821028,-0.035315256081473,-0.0352821161657268,-0.0354622321459706,-0.0367585620355827,-0.0386856852721049,-0.0384274088067343,-0.0382843377404012,-0.0391944064984146,-0.0387295699446037,-0.0380929881112166,-0.0381288552026786,-0.038421153994058,-0.0383854470929748,-0.0384227703754699,NaN,NaN,NaN,NaN,NaN,-0.0394378136605016,-0.0400214449302913,-0.0402207349315861,-0.0406128600127558,-0.0408035977856199,-0.0405562205222916,-0.040282993186993,-0.0402380122988534,-0.0402490225798684,-0.040130363908851,-0.0398906768442065,-0.0395264690506791,-0.0390888204141785,NaN,NaN,NaN,NaN,NaN,NaN,NaN,NaN,NaN,NaN,-0.0491075698871801,-0.0489107677115561,-0.0490666874277381,-0.0501779172824691,NaN,NaN,NaN,NaN,NaN,NaN,NaN,NaN,NaN,NaN,NaN,NaN,NaN,NaN,NaN,NaN,NaN,NaN,NaN,NaN,NaN,NaN,NaN,NaN,NaN,NaN,NaN,NaN,NaN,NaN,NaN,NaN,NaN,NaN,NaN,NaN,NaN,NaN,NaN,NaN,NaN,NaN,NaN,NaN,NaN,NaN,NaN,NaN,NaN,NaN,NaN,NaN,NaN,NaN,NaN,NaN,NaN,NaN,NaN,NaN,NaN,NaN,NaN,NaN,NaN,NaN,NaN,NaN,NaN,NaN,NaN,NaN,NaN,NaN,NaN,NaN,NaN,NaN,NaN,NaN,NaN,NaN,NaN,NaN
NaN,NaN,NaN,NaN,NaN,NaN,NaN,NaN,NaN,NaN,NaN,NaN,NaN,NaN,NaN,NaN,NaN,NaN,NaN,NaN,NaN,NaN,NaN,NaN,NaN,NaN,NaN,NaN,NaN,NaN,NaN,NaN,NaN,NaN,NaN,NaN,NaN,NaN,NaN,NaN,NaN,NaN,NaN,NaN,NaN,NaN,NaN,NaN,NaN,NaN,NaN,NaN,NaN,NaN,NaN,NaN,NaN,NaN,NaN,NaN,NaN,NaN,NaN,NaN,NaN,NaN,NaN,NaN,NaN,NaN,NaN,NaN,NaN,NaN,NaN,NaN,NaN,NaN,NaN,NaN,NaN,NaN,NaN,NaN,NaN,NaN,NaN,NaN,NaN,NaN,NaN,NaN,NaN,NaN,NaN,NaN,NaN,NaN,NaN,NaN,NaN,NaN,NaN,NaN,NaN,NaN,NaN,NaN,NaN,NaN,NaN,NaN,NaN,NaN,-0.0355364973370978,-0.0353297651399201,-0.0351633664585169,-0.0353685129702184,-0.0368093148199736,-0.0377948272332505,-0.0375427339687175,-0.0378302971986994,-0.0376826280065555,-0.0376293689636155,-0.0373999708180813,-0.0371724839042797,-0.0369784210279225,-0.0365961184167852,-0.0358014748277243,NaN,NaN,NaN,NaN,-0.0168439602459478,-0.0394078791256535,-0.0397388949577484,-0.0399675340935777,-0.04028426166799,-0.0403502200947544,-0.0403274391897449,-0.0402764769264321,-0.040442752241734,-0.0407266380223963,-0.0408613895837465,-0.0406666324378496,-0.040076966866489,-0.039594538255815,-0.0392897208004941,NaN,NaN,NaN,NaN,NaN,NaN,NaN,NaN,NaN,NaN,-0.0481686811338721,-0.0493725467425986,-0.051579455147254,NaN,NaN,NaN,NaN,NaN,NaN,NaN,NaN,NaN,NaN,NaN,NaN,NaN,NaN,NaN,NaN,NaN,NaN,NaN,NaN,NaN,NaN,NaN,NaN,NaN,NaN,NaN,NaN,NaN,NaN,NaN,NaN,NaN,NaN,NaN,NaN,NaN,NaN,NaN,NaN,NaN,NaN,NaN,NaN,NaN,NaN,NaN,NaN,NaN,NaN,NaN,NaN,NaN,NaN,NaN,NaN,NaN,NaN,NaN,NaN,NaN,NaN,NaN,NaN,NaN,NaN,NaN,NaN,NaN,NaN,NaN,NaN,NaN,NaN,NaN,NaN,NaN,NaN,NaN,NaN,NaN,NaN,NaN,NaN
NaN,NaN,NaN,NaN,NaN,NaN,NaN,NaN,NaN,NaN,NaN,NaN,NaN,NaN,NaN,NaN,NaN,NaN,NaN,NaN,NaN,NaN,NaN,NaN,NaN,NaN,NaN,NaN,NaN,NaN,NaN,NaN,NaN,NaN,NaN,NaN,NaN,NaN,NaN,NaN,NaN,NaN,NaN,NaN,NaN,NaN,NaN,NaN,NaN,NaN,NaN,NaN,NaN,NaN,NaN,NaN,NaN,NaN,NaN,NaN,NaN,NaN,NaN,NaN,NaN,NaN,NaN,NaN,NaN,NaN,NaN,NaN,NaN,NaN,NaN,NaN,NaN,NaN,NaN,NaN,NaN,NaN,NaN,NaN,NaN,NaN,NaN,NaN,NaN,NaN,NaN,NaN,NaN,NaN,NaN,NaN,NaN,NaN,NaN,NaN,NaN,NaN,NaN,NaN,NaN,NaN,NaN,NaN,NaN,NaN,NaN,-0.033695888650867,-0.0338956615335743,NaN,-0.0361689277776657,-0.0356315636408712,-0.0352229289034897,-0.0352673062171541,-0.0370135730632181,-0.0375940673792324,-0.037230132219022,-0.0369380935077379,-0.037015710935283,-0.0370985445387959,-0.0369510037642716,-0.0367431347223468,-0.0363162873595357,-0.035862408275247,-0.0352157235657667,NaN,NaN,NaN,NaN,-0.0352025450136527,-0.039392419167878,-0.0396054201539755,-0.0397082734604666,-0.0398762997117613,-0.0399443331662156,-0.0399601842924398,-0.0401545242332383,-0.0404611266081552,-0.0409125802537222,-0.0414522897421864,-0.0412901781666647,-0.0406762252372968,-0.0399965776036479,-0.0396862851666874,NaN,NaN,NaN,NaN,NaN,NaN,NaN,NaN,NaN,NaN,-0.0474641451994661,-0.0491405270312437,-0.0499783679855903,-0.0505476992392104,NaN,NaN,NaN,NaN,NaN,NaN,NaN,NaN,NaN,NaN,NaN,NaN,NaN,NaN,NaN,NaN,NaN,NaN,NaN,NaN,NaN,NaN,NaN,NaN,NaN,NaN,NaN,NaN,NaN,NaN,NaN,NaN,NaN,NaN,NaN,NaN,NaN,NaN,NaN,NaN,NaN,NaN,NaN,NaN,NaN,NaN,NaN,NaN,NaN,NaN,NaN,NaN,NaN,NaN,NaN,NaN,NaN,NaN,NaN,NaN,NaN,NaN,NaN,NaN,NaN,NaN,NaN,NaN,NaN,NaN,NaN,NaN,NaN,NaN,NaN,NaN,NaN,NaN,NaN,NaN,NaN,NaN,NaN
NaN,NaN,NaN,NaN,NaN,NaN,NaN,NaN,NaN,NaN,NaN,NaN,NaN,NaN,NaN,NaN,NaN,NaN,NaN,NaN,NaN,NaN,NaN,NaN,NaN,NaN,NaN,NaN,NaN,NaN,NaN,NaN,NaN,NaN,NaN,NaN,NaN,NaN,NaN,NaN,NaN,NaN,NaN,NaN,NaN,NaN,NaN,NaN,NaN,NaN,NaN,NaN,NaN,NaN,NaN,NaN,NaN,NaN,NaN,NaN,NaN,NaN,NaN,NaN,NaN,NaN,NaN,NaN,NaN,NaN,NaN,NaN,NaN,NaN,NaN,NaN,NaN,NaN,NaN,NaN,NaN,NaN,NaN,NaN,NaN,NaN,NaN,NaN,NaN,NaN,NaN,NaN,NaN,NaN,NaN,NaN,NaN,NaN,NaN,NaN,NaN,NaN,NaN,NaN,NaN,NaN,NaN,NaN,NaN,NaN,-0.0334817170668356,-0.033932946866754,-0.0346097190513433,-0.0358576026630818,-0.0354340610410674,-0.0352546245058268,-0.0352025118780307,-0.0349725396564055,NaN,-0.037193408969234,-0.0368450568775682,-0.0365816419383674,-0.0364177167313259,-0.036411354343305,-0.0365452846940022,-0.0367019005501135,-0.0363575562493163,-0.0358747796131535,-0.0351935747129301,NaN,NaN,-0.00259754470139925,-0.0385323155325012,-0.0394138739826994,-0.0394243090105512,-0.0394135598767904,-0.0395944696998432,-0.0396872079386542,-0.0397227351432196,-0.0397538612766527,-0.0399324730623712,-0.0401518049508921,-0.0344372896200141,NaN,-0.0412965187541249,-0.0409069366892964,-0.0404352396805271,-0.0407844187064377,NaN,NaN,NaN,NaN,NaN,NaN,NaN,NaN,NaN,NaN,NaN,-0.0511567548842227,-0.0510956873612366,-0.0526344656749832,NaN,NaN,NaN,NaN,NaN,NaN,NaN,NaN,NaN,NaN,NaN,NaN,NaN,NaN,NaN,NaN,NaN,NaN,NaN,NaN,NaN,NaN,NaN,NaN,NaN,NaN,NaN,NaN,NaN,NaN,NaN,NaN,NaN,NaN,NaN,NaN,NaN,NaN,NaN,NaN,NaN,NaN,NaN,NaN,NaN,NaN,NaN,NaN,NaN,NaN,NaN,NaN,NaN,NaN,NaN,NaN,NaN,NaN,NaN,NaN,NaN,NaN,NaN,NaN,NaN,NaN,NaN,NaN,NaN,NaN,NaN,NaN,NaN,NaN,NaN,NaN,NaN,NaN,NaN,NaN,NaN,NaN,NaN
NaN,NaN,NaN,NaN,NaN,NaN,NaN,NaN,NaN,NaN,NaN,NaN,NaN,NaN,NaN,NaN,NaN,NaN,NaN,NaN,NaN,NaN,NaN,NaN,NaN,NaN,NaN,NaN,NaN,NaN,NaN,NaN,NaN,NaN,NaN,NaN,NaN,NaN,NaN,NaN,NaN,NaN,NaN,NaN,NaN,NaN,NaN,NaN,NaN,NaN,NaN,NaN,NaN,NaN,NaN,NaN,NaN,NaN,NaN,NaN,NaN,NaN,NaN,NaN,NaN,NaN,NaN,NaN,NaN,NaN,NaN,NaN,NaN,NaN,NaN,NaN,NaN,NaN,NaN,NaN,NaN,NaN,NaN,NaN,NaN,NaN,NaN,NaN,NaN,NaN,NaN,NaN,NaN,NaN,NaN,NaN,NaN,NaN,NaN,NaN,NaN,NaN,NaN,NaN,NaN,NaN,NaN,NaN,NaN,NaN,-0.0337054617554204,-0.0343831052940631,-0.0349318369797127,-0.03527894823548,-0.0351263875242405,-0.035037962138246,-0.0349544592230311,-0.0347166023662345,NaN,NaN,NaN,NaN,NaN,NaN,-0.0363393268915467,-0.0366016517037217,-0.0362042535268253,-0.0357906796089469,NaN,NaN,NaN,-0.0145533274226172,-0.0394506850768385,-0.0395110259121366,-0.0395066353306221,-0.0394914065044241,-0.0394658304415103,-0.0396410106055028,-0.0396564930976239,-0.0396784084605793,-0.039674041543029,-0.0244945926907388,NaN,NaN,NaN,-0.0406630720130833,-0.0407173688153796,-0.0407029944041658,-0.0407815834129824,NaN,NaN,NaN,NaN,NaN,NaN,NaN,NaN,NaN,NaN,NaN,-0.0496164496276165,-0.0505799328537242,-0.0502240400192159,-0.0451591870614836,NaN,NaN,NaN,NaN,NaN,NaN,NaN,NaN,NaN,NaN,NaN,NaN,NaN,NaN,NaN,NaN,NaN,NaN,NaN,NaN,NaN,NaN,NaN,NaN,NaN,NaN,NaN,NaN,NaN,NaN,NaN,NaN,NaN,NaN,NaN,NaN,NaN,NaN,NaN,NaN,NaN,NaN,NaN,NaN,NaN,NaN,NaN,NaN,NaN,NaN,NaN,NaN,NaN,NaN,NaN,NaN,NaN,NaN,NaN,NaN,NaN,NaN,NaN,NaN,NaN,NaN,NaN,NaN,NaN,NaN,NaN,NaN,NaN,NaN,NaN,NaN,NaN,NaN,NaN,NaN,NaN
NaN,NaN,NaN,NaN,NaN,NaN,NaN,NaN,NaN,NaN,NaN,NaN,NaN,NaN,NaN,NaN,NaN,NaN,NaN,NaN,NaN,NaN,NaN,NaN,NaN,NaN,NaN,NaN,NaN,NaN,NaN,NaN,NaN,NaN,NaN,NaN,NaN,NaN,NaN,NaN,NaN,NaN,NaN,NaN,NaN,NaN,NaN,NaN,NaN,NaN,NaN,NaN,NaN,NaN,NaN,NaN,NaN,NaN,NaN,NaN,NaN,NaN,NaN,NaN,NaN,NaN,NaN,NaN,NaN,NaN,NaN,NaN,NaN,NaN,NaN,NaN,NaN,NaN,NaN,NaN,NaN,NaN,NaN,NaN,NaN,NaN,NaN,NaN,NaN,NaN,NaN,NaN,NaN,NaN,NaN,NaN,NaN,NaN,NaN,NaN,NaN,NaN,NaN,NaN,NaN,NaN,NaN,NaN,NaN,NaN,-0.0339667414549483,-0.0348004070052983,-0.035716279199166,-0.0359830678728972,-0.0355013996333524,-0.035074637867164,-0.0347166665477354,-0.0346570550665906,NaN,NaN,NaN,NaN,NaN,NaN,NaN,NaN,NaN,NaN,NaN,NaN,NaN,NaN,-0.0146212185095314,-0.0169784622139193,-0.0168738429030452,-0.0170141312430006,-0.0179677174630661,-0.0388375996503332,-0.0396214341681047,-0.0377708856746366,-0.0241760687273755,NaN,NaN,NaN,NaN,-0.0398272741854072,-0.0403829613555467,-0.0402549435234059,-0.0403419298397632,-0.0392206972206105,NaN,NaN,NaN,NaN,NaN,NaN,NaN,NaN,NaN,NaN,-0.0459688688607241,-0.0474104953332261,-0.0470192624308152,-0.0461728717512811,NaN,NaN,NaN,NaN,NaN,NaN,NaN,NaN,NaN,NaN,NaN,NaN,0.270996111877671,0.29167708543052,NaN,NaN,NaN,NaN,NaN,NaN,NaN,NaN,NaN,NaN,NaN,NaN,NaN,NaN,NaN,NaN,NaN,NaN,NaN,NaN,NaN,NaN,NaN,NaN,NaN,NaN,NaN,NaN,NaN,NaN,NaN,NaN,NaN,NaN,NaN,NaN,NaN,NaN,NaN,NaN,NaN,NaN,NaN,NaN,NaN,NaN,NaN,NaN,NaN,NaN,NaN,NaN,NaN,NaN,NaN,NaN,NaN,NaN,NaN,NaN,NaN,NaN,NaN,NaN,NaN,NaN,NaN
NaN,NaN,NaN,NaN,NaN,NaN,NaN,NaN,NaN,NaN,NaN,NaN,NaN,NaN,NaN,NaN,NaN,NaN,NaN,NaN,NaN,NaN,NaN,NaN,NaN,NaN,NaN,NaN,NaN,NaN,NaN,NaN,NaN,NaN,NaN,NaN,NaN,NaN,NaN,NaN,NaN,NaN,NaN,NaN,NaN,NaN,NaN,NaN,NaN,NaN,NaN,NaN,NaN,NaN,NaN,NaN,NaN,NaN,NaN,NaN,NaN,NaN,NaN,NaN,NaN,NaN,NaN,NaN,NaN,NaN,NaN,NaN,NaN,NaN,NaN,NaN,NaN,NaN,NaN,NaN,NaN,NaN,NaN,NaN,NaN,NaN,NaN,NaN,NaN,NaN,NaN,NaN,NaN,NaN,NaN,NaN,NaN,NaN,NaN,NaN,NaN,NaN,NaN,NaN,NaN,NaN,NaN,NaN,NaN,NaN,-0.0344116607854056,-0.0348887981268629,-0.0359920707823876,-0.0371163389397726,NaN,NaN,NaN,NaN,NaN,NaN,NaN,NaN,NaN,NaN,NaN,NaN,NaN,NaN,NaN,NaN,NaN,NaN,0.0580126029299587,0.0546940312246738,NaN,NaN,NaN,NaN,NaN,NaN,NaN,NaN,NaN,NaN,NaN,-0.01928663831835,-0.0399892641264183,-0.0405068729369198,-0.0402998384648931,-0.040081708633551,NaN,NaN,NaN,NaN,NaN,NaN,NaN,NaN,NaN,NaN,-0.0445915745577642,-0.0451475683026897,-0.045595062896919,-0.0456121051357672,-0.0462228376401955,NaN,NaN,NaN,NaN,NaN,NaN,NaN,NaN,NaN,NaN,0.198520588391899,0.240988863835873,0.270949478573787,NaN,NaN,NaN,NaN,NaN,NaN,NaN,NaN,NaN,NaN,NaN,NaN,NaN,NaN,NaN,NaN,NaN,NaN,NaN,NaN,NaN,NaN,NaN,NaN,NaN,NaN,NaN,NaN,NaN,NaN,NaN,NaN,NaN,NaN,NaN,NaN,NaN,NaN,NaN,NaN,NaN,NaN,NaN,NaN,NaN,NaN,NaN,NaN,NaN,NaN,NaN,NaN,NaN,NaN,NaN,NaN,NaN,NaN,NaN,NaN,NaN,NaN,NaN,NaN,NaN,NaN,NaN
NaN,NaN,NaN,NaN,NaN,NaN,NaN,NaN,NaN,NaN,NaN,NaN,NaN,NaN,NaN,NaN,NaN,NaN,NaN,NaN,NaN,NaN,NaN,NaN,NaN,NaN,NaN,NaN,NaN,NaN,NaN,NaN,NaN,NaN,NaN,NaN,NaN,NaN,NaN,NaN,NaN,NaN,NaN,NaN,NaN,NaN,NaN,NaN,NaN,NaN,NaN,NaN,NaN,NaN,NaN,NaN,NaN,NaN,NaN,NaN,NaN,NaN,NaN,NaN,NaN,NaN,NaN,NaN,NaN,NaN,NaN,NaN,NaN,NaN,NaN,NaN,NaN,NaN,NaN,NaN,NaN,NaN,NaN,NaN,NaN,NaN,NaN,NaN,NaN,NaN,NaN,NaN,NaN,NaN,NaN,NaN,NaN,NaN,NaN,NaN,NaN,NaN,NaN,NaN,NaN,NaN,NaN,NaN,NaN,-0.0344544974038229,-0.0344945934143412,-0.0348300202404203,-0.0355882806504297,-0.0355033385522395,NaN,NaN,NaN,NaN,NaN,NaN,NaN,NaN,NaN,NaN,NaN,NaN,NaN,NaN,NaN,NaN,NaN,NaN,NaN,NaN,NaN,NaN,NaN,NaN,NaN,NaN,NaN,NaN,NaN,NaN,NaN,NaN,-0.0335244083710914,-0.0405884877678699,-0.040435707536634,-0.0403313746061589,-0.0401125498125884,NaN,NaN,NaN,NaN,NaN,NaN,NaN,NaN,NaN,NaN,-0.044072668143838,-0.0440828664580302,-0.0439425812789971,-0.0438141228807448,-0.0430343508531093,-0.0412500229509976,-0.0409188983429429,-0.0387135537067081,NaN,NaN,NaN,NaN,-0.00903365193059459,0.0674652906650652,0.140610636311887,0.198622880453948,NaN,NaN,NaN,NaN,NaN,NaN,NaN,NaN,NaN,NaN,NaN,NaN,NaN,NaN,NaN,NaN,NaN,NaN,NaN,NaN,NaN,NaN,NaN,NaN,NaN,NaN,NaN,NaN,NaN,NaN,NaN,NaN,NaN,NaN,NaN,NaN,NaN,NaN,NaN,NaN,NaN,NaN,NaN,NaN,NaN,NaN,NaN,NaN,NaN,NaN,NaN,NaN,NaN,NaN,NaN,NaN,NaN,NaN,NaN,NaN,NaN,NaN,NaN,NaN,NaN,NaN,NaN,NaN
NaN,NaN,NaN,NaN,NaN,NaN,NaN,NaN,NaN,NaN,NaN,NaN,NaN,NaN,NaN,NaN,NaN,NaN,NaN,NaN,NaN,NaN,NaN,NaN,NaN,NaN,NaN,NaN,NaN,NaN,NaN,NaN,NaN,NaN,NaN,NaN,NaN,NaN,NaN,NaN,NaN,NaN,NaN,NaN,NaN,NaN,NaN,NaN,NaN,NaN,NaN,NaN,NaN,NaN,NaN,NaN,NaN,NaN,NaN,NaN,NaN,NaN,NaN,NaN,NaN,NaN,NaN,NaN,NaN,NaN,NaN,NaN,NaN,NaN,NaN,NaN,NaN,NaN,NaN,NaN,NaN,NaN,NaN,NaN,NaN,NaN,NaN,NaN,NaN,NaN,NaN,NaN,NaN,NaN,NaN,NaN,NaN,NaN,NaN,NaN,NaN,NaN,NaN,NaN,NaN,NaN,NaN,NaN,-0.0318005600316729,-0.0342079319450444,-0.0344369246273117,-0.0348180339391214,-0.0352813752449381,-0.0340167271970821,NaN,NaN,NaN,NaN,NaN,NaN,NaN,NaN,NaN,NaN,NaN,NaN,NaN,NaN,NaN,NaN,NaN,NaN,NaN,NaN,NaN,NaN,NaN,NaN,NaN,NaN,NaN,NaN,NaN,NaN,NaN,NaN,-0.0184092706689414,-0.0404256972168343,-0.0407329417418638,-0.0404915763061919,-0.0405812301462362,NaN,NaN,NaN,NaN,NaN,NaN,NaN,NaN,NaN,NaN,NaN,-0.0432921875338069,-0.0426636515403458,-0.0421630197118953,-0.0415583363669295,-0.0411288885442768,-0.0413165946893116,-0.0415561774643179,-0.0301380033011519,NaN,NaN,-0.0239088619262419,-0.0403367418493949,-0.00936163884405428,NaN,NaN,NaN,NaN,NaN,NaN,NaN,NaN,NaN,NaN,NaN,NaN,NaN,NaN,NaN,NaN,NaN,NaN,NaN,NaN,NaN,NaN,NaN,NaN,NaN,NaN,NaN,NaN,NaN,NaN,NaN,NaN,NaN,NaN,NaN,NaN,NaN,NaN,NaN,NaN,NaN,NaN,NaN,NaN,NaN,NaN,NaN,NaN,NaN,NaN,NaN,NaN,NaN,NaN,NaN,NaN,NaN,NaN,NaN,NaN,NaN,NaN,NaN,NaN,NaN,NaN,NaN,NaN,NaN,NaN
NaN,NaN,NaN,NaN,NaN,NaN,NaN,NaN,NaN,NaN,NaN,NaN,NaN,NaN,NaN,NaN,NaN,NaN,NaN,NaN,NaN,NaN,NaN,NaN,NaN,NaN,NaN,NaN,NaN,NaN,NaN,NaN,NaN,NaN,NaN,NaN,NaN,NaN,NaN,NaN,NaN,NaN,NaN,NaN,NaN,NaN,NaN,NaN,NaN,NaN,NaN,NaN,NaN,NaN,NaN,NaN,NaN,NaN,NaN,NaN,NaN,NaN,NaN,NaN,NaN,NaN,NaN,NaN,NaN,NaN,NaN,NaN,NaN,NaN,NaN,NaN,NaN,NaN,NaN,NaN,NaN,NaN,NaN,NaN,NaN,NaN,NaN,NaN,NaN,NaN,NaN,NaN,NaN,NaN,NaN,NaN,NaN,NaN,NaN,NaN,NaN,NaN,NaN,NaN,NaN,NaN,NaN,NaN,-0.031808405465646,-0.0341683014362136,-0.0344292815221368,-0.0347346604864391,-0.0350172094913342,-0.0350598920298592,NaN,NaN,NaN,NaN,NaN,NaN,NaN,NaN,NaN,NaN,NaN,NaN,NaN,NaN,NaN,NaN,NaN,NaN,NaN,NaN,NaN,NaN,NaN,NaN,NaN,NaN,NaN,NaN,NaN,NaN,NaN,NaN,NaN,-0.0391093379075563,-0.0407455944677265,-0.04054619361153,-0.0409466622623892,-0.0396101682199622,NaN,NaN,NaN,NaN,NaN,NaN,NaN,NaN,NaN,NaN,NaN,-0.0420205748331975,-0.0415397296399464,-0.0412077484748283,-0.0413621561808019,-0.0417906938808489,-0.0425190839287675,-0.0426749945730423,NaN,NaN,-0.0411783127246765,-0.0409215098468601,-0.0224851401729813,NaN,NaN,NaN,NaN,NaN,NaN,NaN,NaN,NaN,NaN,NaN,NaN,NaN,NaN,NaN,NaN,NaN,NaN,NaN,NaN,NaN,NaN,NaN,NaN,NaN,NaN,NaN,NaN,NaN,NaN,NaN,NaN,NaN,NaN,NaN,NaN,NaN,NaN,NaN,NaN,NaN,NaN,NaN,NaN,NaN,NaN,NaN,NaN,NaN,NaN,NaN,NaN,NaN,NaN,NaN,NaN,NaN,NaN,NaN,NaN,NaN,NaN,NaN,NaN,NaN,NaN,NaN,NaN,NaN,NaN
NaN,NaN,NaN,NaN,NaN,NaN,NaN,NaN,NaN,NaN,NaN,NaN,NaN,NaN,NaN,NaN,NaN,NaN,NaN,NaN,NaN,NaN,NaN,NaN,NaN,NaN,NaN,NaN,NaN,NaN,NaN,NaN,NaN,NaN,NaN,NaN,NaN,NaN,NaN,NaN,NaN,NaN,NaN,NaN,NaN,NaN,NaN,NaN,NaN,NaN,NaN,NaN,NaN,NaN,NaN,NaN,NaN,NaN,NaN,NaN,NaN,NaN,NaN,NaN,NaN,NaN,NaN,NaN,NaN,NaN,NaN,NaN,NaN,NaN,NaN,NaN,NaN,NaN,NaN,NaN,NaN,NaN,NaN,NaN,NaN,NaN,NaN,NaN,NaN,NaN,NaN,NaN,NaN,NaN,NaN,NaN,NaN,NaN,NaN,NaN,NaN,NaN,NaN,NaN,NaN,NaN,NaN,NaN,-0.0255399451146662,-0.0342138857051574,-0.0344901905208364,-0.0346569383761014,-0.0347453543308796,-0.0345721141997625,-0.019998027518842,NaN,NaN,NaN,NaN,NaN,NaN,NaN,NaN,NaN,NaN,NaN,NaN,NaN,NaN,NaN,NaN,NaN,NaN,NaN,NaN,NaN,NaN,NaN,NaN,NaN,NaN,NaN,NaN,NaN,NaN,NaN,NaN,NaN,-0.0397366989651294,-0.0409101559799996,-0.0411912208165455,-0.0414087927265462,NaN,NaN,NaN,NaN,NaN,NaN,NaN,NaN,NaN,NaN,NaN,NaN,-0.0410588433478442,-0.0409370696747192,-0.0411436103405837,-0.0421931854834025,-0.0430010556983867,-0.0432049171912409,-0.0428665196707887,-0.0418894533879567,-0.0414663099825854,-0.0411854237929713,NaN,NaN,NaN,NaN,NaN,NaN,NaN,NaN,NaN,NaN,NaN,NaN,NaN,NaN,NaN,NaN,NaN,NaN,NaN,NaN,NaN,NaN,NaN,NaN,NaN,NaN,NaN,NaN,NaN,NaN,NaN,NaN,NaN,NaN,NaN,NaN,NaN,NaN,NaN,NaN,NaN,NaN,NaN,NaN,NaN,NaN,NaN,NaN,NaN,NaN,NaN,NaN,NaN,NaN,NaN,NaN,NaN,NaN,NaN,NaN,NaN,NaN,NaN,NaN,NaN,NaN,NaN,NaN,NaN,NaN,NaN
NaN,NaN,NaN,NaN,NaN,NaN,NaN,NaN,NaN,NaN,NaN,NaN,NaN,NaN,NaN,NaN,NaN,NaN,NaN,NaN,NaN,NaN,NaN,NaN,NaN,NaN,NaN,NaN,NaN,NaN,NaN,NaN,NaN,NaN,NaN,NaN,NaN,NaN,NaN,NaN,NaN,NaN,NaN,NaN,NaN,NaN,NaN,NaN,NaN,NaN,NaN,NaN,NaN,NaN,NaN,NaN,NaN,NaN,NaN,NaN,NaN,NaN,NaN,NaN,NaN,NaN,NaN,NaN,NaN,NaN,NaN,NaN,NaN,NaN,NaN,NaN,NaN,NaN,NaN,NaN,NaN,NaN,NaN,NaN,NaN,NaN,NaN,NaN,NaN,NaN,NaN,NaN,NaN,NaN,NaN,NaN,NaN,NaN,NaN,NaN,NaN,NaN,NaN,NaN,NaN,NaN,NaN,NaN,NaN,-0.0342875592608347,-0.0344886350922893,-0.0346227780094601,-0.0344803438892597,-0.0341968116006468,-0.0339046684607131,NaN,NaN,NaN,NaN,NaN,NaN,NaN,NaN,NaN,NaN,NaN,NaN,NaN,NaN,NaN,NaN,NaN,NaN,NaN,NaN,NaN,NaN,NaN,NaN,NaN,NaN,NaN,NaN,NaN,NaN,NaN,NaN,NaN,-0.0404396995533996,-0.0408608831613526,-0.0410073340275406,-0.0412788376837799,-0.0409552388377842,-0.0368053595298619,NaN,NaN,NaN,NaN,NaN,NaN,NaN,NaN,NaN,NaN,NaN,-0.0404857758835074,-0.0409204873538398,-0.0420600053904429,-0.0423559404602175,-0.0424437403903943,-0.0419467139798165,-0.0418012930428911,-0.0416260488868154,-0.0415575290407687,NaN,NaN,NaN,NaN,NaN,NaN,NaN,NaN,NaN,NaN,NaN,NaN,NaN,NaN,NaN,NaN,NaN,NaN,NaN,NaN,NaN,NaN,NaN,NaN,NaN,NaN,NaN,NaN,NaN,NaN,NaN,NaN,NaN,NaN,NaN,NaN,NaN,NaN,NaN,NaN,NaN,NaN,NaN,NaN,NaN,NaN,NaN,NaN,NaN,NaN,NaN,NaN,NaN,NaN,NaN,NaN,NaN,NaN,NaN,NaN,NaN,NaN,NaN,NaN,NaN,NaN,NaN,NaN,NaN,NaN,NaN
NaN,NaN,NaN,NaN,NaN,NaN,NaN,NaN,NaN,NaN,NaN,NaN,NaN,NaN,NaN,NaN,NaN,NaN,NaN,NaN,NaN,NaN,NaN,NaN,NaN,NaN,NaN,NaN,NaN,NaN,NaN,NaN,NaN,NaN,NaN,NaN,NaN,NaN,NaN,NaN,NaN,NaN,NaN,NaN,NaN,NaN,NaN,NaN,NaN,NaN,NaN,NaN,NaN,NaN,NaN,NaN,NaN,NaN,NaN,NaN,NaN,NaN,NaN,NaN,NaN,NaN,NaN,NaN,NaN,NaN,NaN,NaN,NaN,NaN,NaN,NaN,NaN,NaN,NaN,NaN,NaN,NaN,NaN,NaN,NaN,NaN,NaN,NaN,NaN,NaN,NaN,NaN,NaN,NaN,NaN,NaN,NaN,NaN,NaN,NaN,NaN,NaN,NaN,NaN,NaN,NaN,NaN,NaN,NaN,-0.0342750995070565,-0.0344529574456566,-0.0345587960541429,-0.0342473258004746,-0.0339183161428687,-0.0206828836843138,NaN,NaN,NaN,NaN,NaN,NaN,NaN,NaN,NaN,NaN,NaN,NaN,NaN,NaN,NaN,NaN,NaN,NaN,NaN,NaN,NaN,NaN,NaN,NaN,NaN,NaN,NaN,NaN,NaN,NaN,NaN,NaN,NaN,-0.0190402459896047,-0.0400666541495527,-0.0411024743944875,-0.0414159261759198,-0.0414564272632994,-0.0409676947332029,-0.0373741739368813,NaN,NaN,NaN,NaN,NaN,NaN,NaN,NaN,NaN,NaN,NaN,-0.0405051392202923,-0.0424712096174819,-0.0422952358686626,-0.041371974987182,-0.0411910013781254,-0.0416770486674885,-0.0415804720253288,-0.0414906756819385,-0.0411125862941843,-0.0407056090729231,NaN,NaN,NaN,NaN,NaN,NaN,NaN,NaN,NaN,NaN,NaN,NaN,NaN,NaN,NaN,NaN,NaN,NaN,NaN,NaN,NaN,NaN,NaN,NaN,NaN,NaN,NaN,NaN,NaN,NaN,NaN,NaN,NaN,NaN,NaN,NaN,NaN,NaN,NaN,NaN,NaN,NaN,NaN,NaN,NaN,NaN,NaN,NaN,NaN,NaN,NaN,NaN,NaN,NaN,NaN,NaN,NaN,NaN,NaN,NaN,NaN,NaN,NaN,NaN,NaN,NaN,NaN,NaN,NaN
NaN,NaN,NaN,NaN,NaN,NaN,NaN,NaN,NaN,NaN,NaN,NaN,NaN,NaN,NaN,NaN,NaN,NaN,NaN,NaN,NaN,NaN,NaN,NaN,NaN,NaN,NaN,NaN,NaN,NaN,NaN,NaN,NaN,NaN,NaN,NaN,NaN,NaN,NaN,NaN,NaN,NaN,NaN,NaN,NaN,NaN,NaN,NaN,NaN,NaN,NaN,NaN,NaN,NaN,NaN,NaN,NaN,NaN,NaN,NaN,NaN,NaN,NaN,NaN,NaN,NaN,NaN,NaN,NaN,NaN,NaN,NaN,NaN,NaN,NaN,NaN,NaN,NaN,NaN,NaN,NaN,NaN,NaN,NaN,NaN,NaN,NaN,NaN,NaN,NaN,NaN,NaN,NaN,NaN,NaN,NaN,NaN,NaN,NaN,NaN,NaN,NaN,NaN,NaN,NaN,NaN,NaN,NaN,NaN,-0.0333828925315965,-0.0346699031199173,-0.0344597257408272,-0.0340839951098255,-0.0338355568799744,-0.0283177134088792,NaN,NaN,NaN,NaN,NaN,NaN,NaN,NaN,NaN,NaN,NaN,NaN,NaN,NaN,NaN,NaN,NaN,NaN,NaN,NaN,NaN,NaN,NaN,NaN,NaN,NaN,NaN,NaN,NaN,NaN,NaN,NaN,NaN,0.0511823930146593,-0.0060289589291832,-0.0407030386911855,-0.0418699997670962,-0.0419349361082454,-0.0417340669460042,-0.0414265293684547,NaN,NaN,NaN,NaN,NaN,NaN,NaN,NaN,NaN,NaN,NaN,NaN,NaN,-0.0411223813888902,-0.0404360668696949,-0.0405155890076046,-0.0408642117918536,-0.0412700686108033,-0.0417023341363066,-0.04150100526012,-0.0408252093745052,-0.0405040507080736,-0.0404426515884001,NaN,NaN,NaN,NaN,NaN,NaN,NaN,NaN,NaN,NaN,NaN,NaN,NaN,NaN,NaN,NaN,NaN,NaN,NaN,NaN,NaN,NaN,NaN,NaN,NaN,NaN,NaN,NaN,NaN,NaN,NaN,NaN,NaN,NaN,NaN,NaN,NaN,NaN,NaN,NaN,NaN,NaN,NaN,NaN,NaN,NaN,NaN,NaN,NaN,NaN,NaN,NaN,NaN,NaN,NaN,NaN,NaN,NaN,NaN,NaN,NaN,NaN,NaN,NaN,NaN,NaN,NaN
NaN,NaN,NaN,NaN,NaN,NaN,NaN,NaN,NaN,NaN,NaN,NaN,NaN,NaN,NaN,NaN,NaN,NaN,NaN,NaN,NaN,NaN,NaN,NaN,NaN,NaN,NaN,NaN,NaN,NaN,NaN,NaN,NaN,NaN,NaN,NaN,NaN,NaN,NaN,NaN,NaN,NaN,NaN,NaN,NaN,NaN,NaN,NaN,NaN,NaN,NaN,NaN,NaN,NaN,NaN,NaN,NaN,NaN,NaN,NaN,NaN,NaN,NaN,NaN,NaN,NaN,NaN,NaN,NaN,NaN,NaN,NaN,NaN,NaN,NaN,NaN,NaN,NaN,NaN,NaN,NaN,NaN,NaN,NaN,NaN,NaN,NaN,NaN,NaN,NaN,NaN,NaN,NaN,NaN,NaN,NaN,NaN,NaN,NaN,NaN,NaN,NaN,NaN,NaN,NaN,NaN,NaN,NaN,NaN,NaN,-0.0348653782418985,-0.034537095663789,-0.0340515300528102,-0.0338998557767743,-0.0331491711252,NaN,NaN,NaN,NaN,NaN,NaN,NaN,NaN,NaN,NaN,NaN,NaN,NaN,NaN,NaN,NaN,NaN,NaN,NaN,NaN,NaN,NaN,NaN,NaN,NaN,NaN,NaN,NaN,NaN,NaN,NaN,NaN,NaN,0.115887155752285,0.0396954936138541,-0.0268210889385236,-0.0422391394466274,-0.0424822014473625,-0.0423665967631245,-0.0424150031218319,NaN,NaN,NaN,NaN,NaN,NaN,NaN,NaN,NaN,NaN,NaN,NaN,NaN,NaN,-0.0398964610048982,-0.0401282049070396,-0.0406852947984327,-0.0412456742994693,-0.0415017075490575,-0.0418195570238127,-0.0418150419401226,-0.0413311577956671,-0.0410489831841,-0.0411738563919899,-0.0352376217833118,NaN,NaN,NaN,NaN,NaN,NaN,NaN,NaN,NaN,NaN,NaN,NaN,NaN,NaN,NaN,NaN,NaN,NaN,NaN,NaN,NaN,NaN,NaN,NaN,NaN,NaN,NaN,NaN,NaN,NaN,NaN,NaN,NaN,NaN,NaN,NaN,NaN,NaN,NaN,NaN,NaN,NaN,NaN,NaN,NaN,NaN,NaN,NaN,NaN,NaN,NaN,NaN,NaN,NaN,NaN,NaN,NaN,NaN,NaN,NaN,NaN,NaN,NaN,NaN,NaN
NaN,NaN,NaN,NaN,NaN,NaN,NaN,NaN,NaN,NaN,NaN,NaN,NaN,NaN,NaN,NaN,NaN,NaN,NaN,NaN,NaN,NaN,NaN,NaN,NaN,NaN,NaN,NaN,NaN,NaN,NaN,NaN,NaN,NaN,NaN,NaN,NaN,NaN,NaN,NaN,NaN,NaN,NaN,NaN,NaN,NaN,NaN,NaN,NaN,NaN,NaN,NaN,NaN,NaN,NaN,NaN,NaN,NaN,NaN,NaN,NaN,NaN,NaN,NaN,NaN,NaN,NaN,NaN,NaN,NaN,NaN,NaN,NaN,NaN,NaN,NaN,NaN,NaN,NaN,NaN,NaN,NaN,NaN,NaN,NaN,NaN,NaN,NaN,NaN,NaN,NaN,NaN,NaN,NaN,NaN,NaN,NaN,NaN,NaN,NaN,NaN,NaN,NaN,NaN,NaN,NaN,NaN,NaN,NaN,NaN,-0.0346185069361262,-0.0349763883424978,-0.034679790901671,NaN,NaN,NaN,NaN,NaN,NaN,NaN,NaN,NaN,NaN,NaN,NaN,NaN,NaN,NaN,NaN,NaN,NaN,NaN,NaN,NaN,NaN,NaN,NaN,NaN,NaN,NaN,NaN,NaN,NaN,NaN,NaN,NaN,NaN,NaN,0.179039447757163,0.115765011872954,0.0396310389376053,NaN,-0.0427342068890298,-0.042796658988595,-0.0430024842011051,NaN,NaN,NaN,NaN,NaN,NaN,NaN,NaN,NaN,NaN,NaN,NaN,NaN,NaN,-0.0395628948149581,-0.0401239114086891,-0.0407575681916972,-0.0413786826359703,-0.0421394091694976,-0.0426983007660495,-0.0425381035170758,-0.0420879590425704,-0.0420367914050602,-0.0421084087141049,-0.0417460247675544,NaN,NaN,NaN,NaN,NaN,NaN,NaN,NaN,NaN,NaN,NaN,NaN,NaN,NaN,NaN,NaN,NaN,NaN,NaN,NaN,NaN,NaN,NaN,NaN,NaN,NaN,NaN,NaN,NaN,NaN,NaN,NaN,NaN,NaN,NaN,NaN,NaN,NaN,NaN,NaN,NaN,NaN,NaN,NaN,NaN,NaN,NaN,NaN,NaN,NaN,NaN,NaN,NaN,NaN,NaN,NaN,NaN,NaN,NaN,NaN,NaN,NaN,NaN,NaN,NaN
NaN,NaN,NaN,NaN,NaN,NaN,NaN,NaN,NaN,NaN,NaN,NaN,NaN,NaN,NaN,NaN,NaN,NaN,NaN,NaN,NaN,NaN,NaN,NaN,NaN,NaN,NaN,NaN,NaN,NaN,NaN,NaN,NaN,NaN,NaN,NaN,NaN,NaN,NaN,NaN,NaN,NaN,NaN,NaN,NaN,NaN,NaN,NaN,NaN,NaN,NaN,NaN,NaN,NaN,NaN,NaN,NaN,NaN,NaN,NaN,NaN,NaN,NaN,NaN,NaN,NaN,NaN,NaN,NaN,NaN,NaN,NaN,NaN,NaN,NaN,NaN,NaN,NaN,NaN,NaN,NaN,NaN,NaN,NaN,NaN,NaN,NaN,NaN,NaN,NaN,NaN,NaN,NaN,NaN,NaN,NaN,NaN,NaN,NaN,NaN,NaN,NaN,NaN,NaN,NaN,NaN,NaN,NaN,NaN,NaN,-0.0349141272722353,-0.0362307937198307,NaN,NaN,NaN,NaN,NaN,NaN,NaN,NaN,NaN,NaN,NaN,NaN,NaN,NaN,NaN,NaN,NaN,NaN,NaN,NaN,NaN,NaN,NaN,NaN,NaN,NaN,NaN,NaN,NaN,NaN,NaN,NaN,NaN,NaN,NaN,NaN,NaN,NaN,NaN,NaN,-0.04262756952433,-0.0429446984751444,-0.0425708361708979,-0.0422105245012438,NaN,NaN,NaN,NaN,NaN,NaN,NaN,NaN,NaN,NaN,NaN,NaN,NaN,NaN,NaN,-0.0412373599894869,-0.0418796918791235,-0.0426132830542372,-0.0432281090645495,-0.0433972697375789,-0.0432822671526712,-0.0433821153990364,-0.0431800568603971,-0.0425068195407301,-0.0421333100190114,NaN,NaN,NaN,NaN,NaN,NaN,NaN,NaN,NaN,NaN,NaN,NaN,NaN,NaN,NaN,NaN,NaN,NaN,NaN,NaN,NaN,NaN,NaN,NaN,NaN,NaN,NaN,NaN,NaN,NaN,NaN,NaN,NaN,NaN,NaN,NaN,NaN,NaN,NaN,NaN,NaN,NaN,NaN,NaN,NaN,NaN,NaN,NaN,NaN,NaN,NaN,NaN,NaN,NaN,NaN,NaN,NaN,NaN,NaN,NaN,NaN,NaN,NaN,NaN
NaN,NaN,NaN,NaN,NaN,NaN,NaN,NaN,NaN,NaN,NaN,NaN,NaN,NaN,NaN,NaN,NaN,NaN,NaN,NaN,NaN,NaN,NaN,NaN,NaN,NaN,NaN,NaN,NaN,NaN,NaN,NaN,NaN,NaN,NaN,NaN,NaN,NaN,NaN,NaN,NaN,NaN,NaN,NaN,NaN,NaN,NaN,NaN,NaN,NaN,NaN,NaN,NaN,NaN,NaN,NaN,NaN,NaN,NaN,NaN,NaN,NaN,NaN,NaN,NaN,NaN,NaN,NaN,NaN,NaN,NaN,NaN,NaN,NaN,NaN,NaN,NaN,NaN,NaN,NaN,NaN,NaN,NaN,NaN,NaN,NaN,NaN,NaN,NaN,NaN,NaN,NaN,NaN,NaN,NaN,NaN,NaN,NaN,NaN,NaN,NaN,NaN,NaN,NaN,NaN,NaN,NaN,NaN,NaN,NaN,-0.034429176086475,-0.0347570541858871,-0.0340371912015667,NaN,NaN,NaN,NaN,NaN,NaN,NaN,NaN,NaN,NaN,NaN,NaN,NaN,NaN,NaN,NaN,NaN,NaN,NaN,NaN,NaN,NaN,NaN,NaN,NaN,NaN,NaN,NaN,NaN,NaN,NaN,NaN,NaN,NaN,NaN,NaN,NaN,NaN,NaN,-0.0304759766817811,-0.0430825197205853,-0.0429298284324055,-0.0427235164626925,NaN,NaN,NaN,NaN,NaN,NaN,NaN,NaN,NaN,NaN,NaN,NaN,NaN,NaN,NaN,NaN,-0.041597844559207,-0.042790830415243,-0.0437850532091661,-0.0439410723941752,-0.0440689358382145,-0.0440311033949955,-0.0434442523074894,-0.042887224179333,-0.0424672886787018,-0.0420307632328953,NaN,NaN,NaN,NaN,NaN,NaN,NaN,NaN,NaN,NaN,NaN,NaN,NaN,NaN,NaN,NaN,NaN,NaN,NaN,NaN,NaN,NaN,NaN,NaN,NaN,NaN,NaN,NaN,NaN,NaN,NaN,NaN,NaN,NaN,NaN,NaN,NaN,NaN,NaN,NaN,NaN,NaN,NaN,NaN,NaN,NaN,NaN,NaN,NaN,NaN,NaN,NaN,NaN,NaN,NaN,NaN,NaN,NaN,NaN,NaN,NaN,NaN,NaN
NaN,NaN,NaN,NaN,NaN,NaN,NaN,NaN,NaN,NaN,NaN,NaN,NaN,NaN,NaN,NaN,NaN,NaN,NaN,NaN,NaN,NaN,NaN,NaN,NaN,NaN,NaN,NaN,NaN,NaN,NaN,NaN,NaN,NaN,NaN,NaN,NaN,NaN,NaN,NaN,NaN,NaN,NaN,NaN,NaN,NaN,NaN,NaN,NaN,NaN,NaN,NaN,NaN,NaN,NaN,NaN,NaN,NaN,NaN,NaN,NaN,NaN,NaN,NaN,NaN,NaN,NaN,NaN,NaN,NaN,NaN,NaN,NaN,NaN,NaN,NaN,NaN,NaN,NaN,NaN,NaN,NaN,NaN,NaN,NaN,NaN,NaN,NaN,NaN,NaN,NaN,NaN,NaN,NaN,NaN,NaN,NaN,NaN,NaN,NaN,NaN,NaN,NaN,NaN,NaN,NaN,NaN,NaN,NaN,NaN,-0.0342213038669242,-0.033845436614114,-0.033343777124014,NaN,NaN,NaN,NaN,NaN,NaN,NaN,NaN,NaN,NaN,NaN,NaN,NaN,NaN,NaN,NaN,NaN,NaN,NaN,NaN,NaN,NaN,NaN,NaN,NaN,NaN,NaN,NaN,NaN,NaN,NaN,NaN,NaN,NaN,NaN,NaN,NaN,NaN,NaN,NaN,-0.0433654939819317,-0.0436856211234398,-0.0428192431456502,NaN,NaN,NaN,NaN,NaN,NaN,NaN,NaN,NaN,NaN,NaN,NaN,NaN,NaN,NaN,NaN,NaN,NaN,-0.0440730798992858,-0.0441394146985227,-0.0441406983627262,-0.0440683217726575,-0.0437651273277439,-0.0433903498306121,-0.0432047659603737,-0.0429482202645258,NaN,NaN,NaN,NaN,NaN,NaN,NaN,NaN,NaN,NaN,NaN,NaN,NaN,NaN,NaN,NaN,NaN,NaN,NaN,NaN,NaN,NaN,NaN,NaN,NaN,NaN,NaN,NaN,NaN,NaN,NaN,NaN,NaN,NaN,NaN,NaN,NaN,NaN,NaN,NaN,NaN,NaN,NaN,NaN,NaN,NaN,NaN,NaN,NaN,NaN,NaN,NaN,NaN,NaN,NaN,NaN,NaN,NaN,NaN,NaN,NaN,NaN,NaN
NaN,NaN,NaN,NaN,NaN,NaN,NaN,NaN,NaN,NaN,NaN,NaN,NaN,NaN,NaN,NaN,NaN,NaN,NaN,NaN,NaN,NaN,NaN,NaN,NaN,NaN,NaN,NaN,NaN,NaN,NaN,NaN,NaN,NaN,NaN,NaN,NaN,NaN,NaN,NaN,NaN,NaN,NaN,NaN,NaN,NaN,NaN,NaN,NaN,NaN,NaN,NaN,NaN,NaN,NaN,NaN,NaN,NaN,NaN,NaN,NaN,NaN,NaN,NaN,NaN,NaN,NaN,NaN,NaN,NaN,NaN,NaN,NaN,NaN,NaN,NaN,NaN,NaN,NaN,NaN,NaN,NaN,NaN,NaN,NaN,NaN,NaN,NaN,NaN,NaN,NaN,NaN,NaN,NaN,NaN,NaN,NaN,NaN,NaN,NaN,NaN,NaN,NaN,NaN,NaN,NaN,NaN,NaN,NaN,NaN,-0.034735703920467,-0.0336478699343329,-0.0331857287955175,NaN,NaN,NaN,NaN,NaN,NaN,NaN,NaN,NaN,NaN,NaN,NaN,NaN,NaN,NaN,NaN,NaN,NaN,NaN,NaN,NaN,NaN,NaN,NaN,NaN,NaN,NaN,NaN,NaN,NaN,NaN,NaN,NaN,NaN,NaN,NaN,NaN,NaN,NaN,NaN,NaN,-0.0440879607595614,-0.043072334771793,-0.0423679298782287,NaN,NaN,NaN,NaN,NaN,NaN,NaN,NaN,NaN,NaN,NaN,NaN,NaN,NaN,NaN,NaN,NaN,NaN,-0.0267554225586358,-0.0439264450953903,-0.0441224409666098,-0.044063965773177,-0.0437998473376014,-0.0441399103123065,-0.0448180852486293,NaN,NaN,NaN,NaN,NaN,NaN,NaN,NaN,NaN,NaN,NaN,NaN,NaN,NaN,NaN,NaN,NaN,NaN,NaN,NaN,NaN,NaN,NaN,NaN,NaN,NaN,NaN,NaN,NaN,NaN,NaN,NaN,NaN,NaN,NaN,NaN,NaN,NaN,NaN,NaN,NaN,NaN,NaN,NaN,NaN,NaN,NaN,NaN,NaN,NaN,NaN,NaN,NaN,NaN,NaN,NaN,NaN,NaN,NaN,NaN,NaN,NaN,NaN
NaN,NaN,NaN,NaN,NaN,NaN,NaN,NaN,NaN,NaN,NaN,NaN,NaN,NaN,NaN,NaN,NaN,NaN,NaN,NaN,NaN,NaN,NaN,NaN,NaN,NaN,NaN,NaN,NaN,NaN,NaN,NaN,NaN,NaN,NaN,NaN,NaN,NaN,NaN,NaN,NaN,NaN,NaN,NaN,NaN,NaN,NaN,NaN,NaN,NaN,NaN,NaN,NaN,NaN,NaN,NaN,NaN,NaN,NaN,NaN,NaN,NaN,NaN,NaN,NaN,NaN,NaN,NaN,NaN,NaN,NaN,NaN,NaN,NaN,NaN,NaN,NaN,NaN,NaN,NaN,NaN,NaN,NaN,NaN,NaN,NaN,NaN,NaN,NaN,NaN,NaN,NaN,NaN,NaN,NaN,NaN,NaN,NaN,NaN,NaN,NaN,NaN,NaN,NaN,0.0388141257705313,-0.011304238377319,NaN,NaN,-0.0327020225370423,-0.0277141432092808,-0.0347803339445109,-0.0335933470466663,-0.0328870206949674,NaN,NaN,NaN,NaN,NaN,NaN,NaN,NaN,NaN,NaN,NaN,NaN,NaN,NaN,NaN,NaN,NaN,NaN,NaN,NaN,NaN,NaN,NaN,NaN,NaN,NaN,NaN,NaN,NaN,NaN,NaN,NaN,NaN,NaN,NaN,NaN,NaN,NaN,NaN,NaN,-0.0405778281316133,-0.0435870926736406,-0.04325715570992,-0.0428937935332721,NaN,NaN,NaN,NaN,NaN,NaN,NaN,NaN,NaN,NaN,NaN,NaN,NaN,NaN,NaN,NaN,NaN,NaN,NaN,-0.0279199384485348,-0.0440162800956464,-0.0436725060012146,-0.0438006633203402,-0.0440419245447794,-0.0445906227645379,-0.0436504985840752,-0.041899409222985,NaN,NaN,NaN,NaN,NaN,NaN,NaN,NaN,NaN,NaN,NaN,NaN,NaN,NaN,NaN,NaN,NaN,NaN,NaN,NaN,NaN,NaN,NaN,NaN,NaN,NaN,NaN,NaN,NaN,NaN,NaN,NaN,NaN,NaN,NaN,NaN,NaN,NaN,NaN,NaN,NaN,NaN,NaN,NaN,NaN,NaN,NaN,NaN,NaN,NaN,NaN,NaN,NaN,NaN,NaN,NaN,NaN,NaN,NaN,NaN,NaN
NaN,NaN,NaN,NaN,NaN,NaN,NaN,NaN,NaN,NaN,NaN,NaN,NaN,NaN,NaN,NaN,NaN,NaN,NaN,NaN,NaN,NaN,NaN,NaN,NaN,NaN,NaN,NaN,NaN,NaN,NaN,NaN,NaN,NaN,NaN,NaN,NaN,NaN,NaN,NaN,NaN,NaN,NaN,NaN,NaN,NaN,NaN,NaN,NaN,NaN,NaN,NaN,NaN,NaN,NaN,NaN,NaN,NaN,NaN,NaN,NaN,NaN,NaN,NaN,NaN,NaN,NaN,NaN,NaN,NaN,NaN,NaN,NaN,NaN,NaN,NaN,NaN,NaN,NaN,NaN,NaN,NaN,NaN,NaN,NaN,NaN,NaN,NaN,NaN,NaN,NaN,NaN,NaN,NaN,NaN,NaN,NaN,NaN,NaN,NaN,NaN,NaN,NaN,NaN,-0.0216437432932934,-0.0297150727003087,NaN,-0.0326753046309471,-0.0327724342698064,-0.0329254360828333,-0.0331858228805527,-0.0327756825920052,-0.0310716838208856,NaN,NaN,NaN,NaN,NaN,NaN,NaN,NaN,NaN,NaN,NaN,NaN,NaN,NaN,NaN,NaN,NaN,NaN,NaN,NaN,NaN,NaN,NaN,NaN,NaN,NaN,NaN,NaN,NaN,NaN,NaN,NaN,NaN,NaN,NaN,NaN,NaN,NaN,NaN,NaN,-0.0436765503115257,-0.0438769126289637,-0.0436981373605524,-0.0393416028747262,NaN,NaN,NaN,NaN,NaN,NaN,NaN,NaN,NaN,NaN,NaN,NaN,NaN,NaN,NaN,NaN,NaN,NaN,NaN,NaN,NaN,-0.0433002949862284,-0.0433607024514874,-0.043674909532558,-0.043724899097119,-0.0432597466141839,-0.0427863458780276,NaN,NaN,NaN,NaN,NaN,NaN,NaN,NaN,NaN,NaN,NaN,NaN,NaN,NaN,NaN,NaN,NaN,NaN,NaN,NaN,NaN,NaN,NaN,NaN,NaN,NaN,NaN,NaN,NaN,NaN,NaN,NaN,NaN,NaN,NaN,NaN,NaN,NaN,NaN,NaN,NaN,NaN,NaN,NaN,NaN,NaN,NaN,NaN,NaN,NaN,NaN,NaN,NaN,NaN,NaN,NaN,NaN,NaN,NaN,NaN,NaN
NaN,NaN,NaN,NaN,NaN,NaN,NaN,NaN,NaN,NaN,NaN,NaN,NaN,NaN,NaN,NaN,NaN,NaN,NaN,NaN,NaN,NaN,NaN,NaN,NaN,NaN,NaN,NaN,NaN,NaN,NaN,NaN,NaN,NaN,NaN,NaN,NaN,NaN,NaN,NaN,NaN,NaN,NaN,NaN,NaN,NaN,NaN,NaN,NaN,NaN,NaN,NaN,NaN,NaN,NaN,NaN,NaN,NaN,NaN,NaN,NaN,NaN,NaN,NaN,NaN,NaN,NaN,NaN,NaN,NaN,NaN,NaN,NaN,NaN,NaN,NaN,NaN,NaN,NaN,NaN,NaN,NaN,NaN,NaN,NaN,NaN,NaN,NaN,NaN,NaN,NaN,NaN,NaN,NaN,NaN,NaN,NaN,NaN,NaN,NaN,NaN,NaN,NaN,NaN,-0.0297624507847829,-0.0302784274008179,-0.0328261110820346,-0.0330480190258009,-0.0326070819874383,-0.0323910210756182,-0.0321853373582732,-0.0319229557089167,-0.0314029668522078,NaN,NaN,NaN,NaN,NaN,NaN,NaN,NaN,NaN,NaN,NaN,NaN,NaN,NaN,NaN,NaN,NaN,NaN,NaN,NaN,NaN,NaN,NaN,NaN,NaN,NaN,NaN,NaN,NaN,NaN,NaN,NaN,NaN,NaN,NaN,NaN,NaN,NaN,NaN,NaN,-0.0405716234839501,-0.0443733717909593,-0.0407268123466662,NaN,NaN,NaN,NaN,NaN,NaN,NaN,NaN,NaN,NaN,NaN,NaN,NaN,NaN,NaN,NaN,NaN,NaN,NaN,NaN,NaN,NaN,NaN,-0.043406812094623,-0.0438272819747339,-0.0434868547627573,-0.0438692690082686,-0.0440131208985933,NaN,NaN,NaN,NaN,NaN,NaN,NaN,NaN,NaN,NaN,NaN,NaN,NaN,NaN,NaN,NaN,NaN,NaN,NaN,NaN,NaN,NaN,NaN,NaN,NaN,NaN,NaN,NaN,NaN,NaN,NaN,NaN,NaN,NaN,NaN,NaN,NaN,NaN,NaN,NaN,NaN,NaN,NaN,NaN,NaN,NaN,NaN,NaN,NaN,NaN,NaN,NaN,NaN,NaN,NaN,NaN,NaN,NaN,NaN,NaN,NaN
NaN,NaN,NaN,NaN,NaN,NaN,NaN,NaN,NaN,NaN,NaN,NaN,NaN,NaN,NaN,NaN,NaN,NaN,NaN,NaN,NaN,NaN,NaN,NaN,NaN,NaN,NaN,NaN,NaN,NaN,NaN,NaN,NaN,NaN,NaN,NaN,NaN,NaN,NaN,NaN,NaN,NaN,NaN,NaN,NaN,NaN,NaN,NaN,NaN,NaN,NaN,NaN,NaN,NaN,NaN,NaN,NaN,NaN,NaN,NaN,NaN,NaN,NaN,NaN,NaN,NaN,NaN,NaN,NaN,NaN,NaN,NaN,NaN,NaN,NaN,NaN,NaN,NaN,NaN,NaN,NaN,NaN,NaN,NaN,NaN,NaN,NaN,NaN,NaN,NaN,NaN,NaN,NaN,NaN,NaN,NaN,NaN,NaN,NaN,NaN,NaN,NaN,NaN,-0.0248384162155583,-0.0308842091324108,-0.031703858225975,-0.0329810922802775,-0.032537355414976,-0.0327201065086321,-0.0319349346063729,-0.0317425770348529,-0.0248943121098858,-0.0304661354820487,NaN,NaN,NaN,NaN,NaN,NaN,NaN,NaN,NaN,NaN,NaN,NaN,NaN,NaN,NaN,NaN,NaN,NaN,NaN,NaN,NaN,NaN,NaN,NaN,NaN,NaN,NaN,NaN,NaN,NaN,NaN,NaN,NaN,NaN,NaN,NaN,NaN,NaN,NaN,NaN,-0.0402236059166234,-0.0448307285795611,-0.0439985613644375,NaN,NaN,NaN,NaN,NaN,NaN,NaN,NaN,NaN,NaN,NaN,NaN,NaN,NaN,NaN,NaN,NaN,NaN,NaN,NaN,NaN,NaN,NaN,NaN,-0.0449490973348114,-0.0445641481665212,-0.0453405501296685,-0.0473933574383894,NaN,NaN,NaN,NaN,NaN,NaN,NaN,NaN,NaN,NaN,NaN,NaN,NaN,NaN,NaN,NaN,NaN,NaN,NaN,NaN,NaN,NaN,NaN,NaN,NaN,NaN,NaN,NaN,NaN,NaN,NaN,NaN,NaN,NaN,NaN,NaN,NaN,NaN,NaN,NaN,NaN,NaN,NaN,NaN,NaN,NaN,NaN,NaN,NaN,NaN,NaN,NaN,NaN,NaN,NaN,NaN,NaN,NaN,NaN,NaN,NaN
NaN,NaN,NaN,NaN,NaN,NaN,NaN,NaN,NaN,NaN,NaN,NaN,NaN,NaN,NaN,NaN,NaN,NaN,NaN,NaN,NaN,NaN,NaN,NaN,NaN,NaN,NaN,NaN,NaN,NaN,NaN,NaN,NaN,NaN,NaN,NaN,NaN,NaN,NaN,NaN,NaN,NaN,NaN,NaN,NaN,NaN,NaN,NaN,NaN,NaN,NaN,NaN,NaN,NaN,NaN,NaN,NaN,NaN,NaN,NaN,NaN,NaN,NaN,NaN,NaN,NaN,NaN,NaN,NaN,NaN,NaN,NaN,NaN,NaN,NaN,NaN,NaN,NaN,NaN,NaN,NaN,NaN,NaN,NaN,NaN,NaN,NaN,NaN,NaN,NaN,NaN,NaN,NaN,NaN,NaN,NaN,NaN,NaN,NaN,NaN,NaN,NaN,NaN,-0.030252556436217,-0.0309506788621218,-0.0316939463182014,NaN,NaN,NaN,-0.0313000336786124,-0.030572196119312,NaN,NaN,NaN,NaN,NaN,NaN,NaN,NaN,NaN,NaN,NaN,NaN,NaN,NaN,NaN,NaN,NaN,NaN,NaN,NaN,NaN,NaN,NaN,NaN,NaN,NaN,NaN,NaN,NaN,NaN,NaN,NaN,NaN,NaN,NaN,NaN,NaN,NaN,NaN,NaN,NaN,NaN,-0.0436312688674031,-0.0449943237770405,-0.044754348013442,NaN,NaN,NaN,NaN,NaN,NaN,NaN,NaN,NaN,NaN,NaN,NaN,NaN,NaN,NaN,NaN,NaN,NaN,NaN,NaN,NaN,NaN,NaN,NaN,NaN,-0.0441071776942254,-0.0449709265623689,-0.0468786720123081,-0.0487529652822599,NaN,NaN,NaN,NaN,NaN,NaN,NaN,NaN,NaN,NaN,NaN,NaN,NaN,NaN,NaN,NaN,NaN,NaN,NaN,NaN,NaN,NaN,NaN,NaN,NaN,NaN,NaN,NaN,NaN,NaN,NaN,NaN,NaN,NaN,NaN,NaN,NaN,NaN,NaN,NaN,NaN,NaN,NaN,NaN,NaN,NaN,NaN,NaN,NaN,NaN,NaN,NaN,NaN,NaN,NaN,NaN,NaN,NaN,NaN,NaN
NaN,NaN,NaN,NaN,NaN,NaN,NaN,NaN,NaN,NaN,NaN,NaN,NaN,NaN,NaN,NaN,NaN,NaN,NaN,NaN,NaN,NaN,NaN,NaN,NaN,NaN,NaN,NaN,NaN,NaN,NaN,NaN,NaN,NaN,NaN,NaN,NaN,NaN,NaN,NaN,NaN,NaN,NaN,NaN,NaN,NaN,NaN,NaN,NaN,NaN,NaN,NaN,NaN,NaN,NaN,NaN,NaN,NaN,NaN,NaN,NaN,NaN,NaN,NaN,NaN,NaN,NaN,NaN,NaN,NaN,NaN,NaN,NaN,NaN,NaN,NaN,NaN,NaN,NaN,NaN,NaN,NaN,NaN,NaN,NaN,NaN,NaN,NaN,NaN,NaN,NaN,NaN,NaN,NaN,NaN,NaN,NaN,NaN,NaN,NaN,NaN,NaN,NaN,-0.0312309888031286,-0.0305113368912553,-0.0304331787429338,NaN,NaN,NaN,NaN,NaN,NaN,NaN,NaN,NaN,NaN,NaN,NaN,NaN,NaN,NaN,NaN,NaN,NaN,NaN,NaN,NaN,NaN,NaN,NaN,NaN,NaN,NaN,NaN,NaN,NaN,NaN,NaN,NaN,NaN,NaN,NaN,NaN,NaN,NaN,NaN,NaN,NaN,NaN,NaN,NaN,NaN,NaN,-0.0448643850996928,-0.0455316686273844,NaN,NaN,NaN,NaN,NaN,NaN,NaN,NaN,NaN,NaN,NaN,NaN,NaN,NaN,NaN,NaN,NaN,NaN,NaN,NaN,NaN,NaN,NaN,NaN,NaN,NaN,-0.0417782830432411,-0.0429668998726228,-0.0440172975639065,-0.0462780392815741,-0.0473891364641144,-0.0460286141571246,NaN,NaN,NaN,NaN,NaN,NaN,NaN,NaN,NaN,NaN,NaN,NaN,NaN,NaN,NaN,NaN,NaN,NaN,NaN,NaN,NaN,NaN,NaN,NaN,NaN,NaN,NaN,NaN,NaN,NaN,NaN,NaN,NaN,NaN,NaN,NaN,NaN,NaN,NaN,NaN,NaN,NaN,NaN,NaN,NaN,NaN,NaN,NaN,NaN,NaN,NaN,NaN,NaN,NaN,NaN,NaN,NaN,NaN
NaN,NaN,NaN,NaN,NaN,NaN,NaN,NaN,NaN,NaN,NaN,NaN,NaN,NaN,NaN,NaN,NaN,NaN,NaN,NaN,NaN,NaN,NaN,NaN,NaN,NaN,NaN,NaN,NaN,NaN,NaN,NaN,NaN,NaN,NaN,NaN,NaN,NaN,NaN,NaN,NaN,NaN,NaN,NaN,NaN,NaN,NaN,NaN,NaN,NaN,NaN,NaN,NaN,NaN,NaN,NaN,NaN,NaN,NaN,NaN,NaN,NaN,NaN,NaN,NaN,NaN,NaN,NaN,NaN,NaN,NaN,NaN,NaN,NaN,NaN,NaN,NaN,NaN,NaN,NaN,NaN,NaN,NaN,NaN,NaN,NaN,NaN,NaN,NaN,NaN,NaN,NaN,NaN,NaN,NaN,NaN,NaN,NaN,NaN,NaN,NaN,-0.0196417219470558,-0.0286814216906927,-0.0309524514666248,-0.0301696305975722,-0.00434605323065534,NaN,NaN,NaN,NaN,NaN,NaN,NaN,NaN,NaN,NaN,NaN,NaN,NaN,NaN,NaN,NaN,NaN,NaN,NaN,NaN,NaN,NaN,NaN,NaN,NaN,NaN,NaN,NaN,NaN,NaN,NaN,NaN,NaN,NaN,NaN,NaN,NaN,NaN,NaN,NaN,NaN,NaN,NaN,NaN,NaN,NaN,NaN,-0.0450217234018387,-0.0452551733351455,-0.0431468725523807,NaN,NaN,NaN,NaN,NaN,NaN,NaN,NaN,NaN,NaN,NaN,NaN,NaN,NaN,NaN,NaN,NaN,NaN,NaN,NaN,NaN,NaN,NaN,NaN,NaN,NaN,-0.0424295674098779,-0.0431423152661606,-0.0449262840029868,-0.0455147654993974,-0.0445955712051112,-0.0446605473027702,-0.0445250977004204,-0.0435418969298952,-0.043188069703193,-0.0433476114892191,-0.0256713311446147,NaN,NaN,NaN,NaN,NaN,NaN,NaN,NaN,NaN,NaN,NaN,NaN,NaN,NaN,NaN,NaN,NaN,NaN,NaN,NaN,NaN,NaN,NaN,NaN,NaN,NaN,NaN,NaN,NaN,NaN,NaN,NaN,NaN,NaN,NaN,NaN,NaN,NaN,NaN,NaN,NaN,NaN,NaN,NaN,NaN,NaN,NaN,NaN,NaN,NaN,NaN,NaN
NaN,NaN,NaN,NaN,NaN,NaN,NaN,NaN,NaN,NaN,NaN,NaN,NaN,NaN,NaN,NaN,NaN,NaN,NaN,NaN,NaN,NaN,NaN,NaN,NaN,NaN,NaN,NaN,NaN,NaN,NaN,NaN,NaN,NaN,NaN,NaN,NaN,NaN,NaN,NaN,NaN,NaN,NaN,NaN,NaN,NaN,NaN,NaN,NaN,NaN,NaN,NaN,NaN,NaN,NaN,NaN,NaN,NaN,NaN,NaN,NaN,NaN,NaN,NaN,NaN,NaN,NaN,NaN,NaN,NaN,NaN,NaN,NaN,NaN,NaN,NaN,NaN,NaN,NaN,NaN,NaN,NaN,NaN,NaN,NaN,NaN,NaN,NaN,NaN,NaN,NaN,NaN,NaN,NaN,NaN,NaN,NaN,NaN,NaN,NaN,NaN,-0.029089103708279,-0.0299058835973117,-0.030036973884575,-0.0192501293074632,NaN,NaN,NaN,NaN,NaN,NaN,NaN,NaN,NaN,NaN,NaN,NaN,NaN,NaN,NaN,NaN,NaN,NaN,NaN,NaN,NaN,NaN,NaN,NaN,NaN,NaN,NaN,NaN,NaN,NaN,NaN,NaN,NaN,NaN,NaN,NaN,NaN,NaN,NaN,NaN,NaN,NaN,NaN,NaN,NaN,NaN,NaN,NaN,NaN,-0.0434963696419839,0.000324814935554052,NaN,NaN,NaN,NaN,NaN,NaN,NaN,NaN,NaN,NaN,NaN,NaN,NaN,NaN,NaN,NaN,NaN,NaN,NaN,NaN,NaN,NaN,NaN,NaN,NaN,NaN,NaN,-0.0428288215859394,-0.0435266838435935,-0.0441736684034321,-0.0449399263769782,-0.0459846640762301,-0.0461437662692498,-0.0448533638250882,-0.0443201970303986,-0.0442560154553169,-0.0441911339622143,NaN,NaN,NaN,NaN,NaN,NaN,NaN,NaN,NaN,NaN,NaN,NaN,NaN,NaN,NaN,NaN,NaN,NaN,NaN,NaN,NaN,NaN,NaN,NaN,NaN,NaN,NaN,NaN,NaN,NaN,NaN,NaN,NaN,NaN,NaN,NaN,NaN,NaN,NaN,NaN,NaN,NaN,NaN,NaN,NaN,NaN,NaN,NaN,NaN,NaN,NaN,NaN
NaN,NaN,NaN,NaN,NaN,NaN,NaN,NaN,NaN,NaN,NaN,NaN,NaN,NaN,NaN,NaN,NaN,NaN,NaN,NaN,NaN,NaN,NaN,NaN,NaN,NaN,NaN,NaN,NaN,NaN,NaN,NaN,NaN,NaN,NaN,NaN,NaN,NaN,NaN,NaN,NaN,NaN,NaN,NaN,NaN,NaN,NaN,NaN,NaN,NaN,NaN,NaN,NaN,NaN,NaN,NaN,NaN,NaN,NaN,NaN,NaN,NaN,NaN,NaN,NaN,NaN,NaN,NaN,NaN,NaN,NaN,NaN,NaN,NaN,NaN,NaN,NaN,NaN,NaN,NaN,NaN,NaN,NaN,NaN,NaN,NaN,NaN,NaN,NaN,NaN,NaN,NaN,NaN,NaN,NaN,NaN,NaN,NaN,NaN,NaN,-0.0301886058314352,-0.0298466824772754,-0.0303434745948805,NaN,NaN,NaN,NaN,NaN,NaN,NaN,NaN,NaN,NaN,NaN,NaN,NaN,NaN,NaN,NaN,NaN,NaN,NaN,NaN,NaN,NaN,NaN,NaN,NaN,NaN,NaN,NaN,NaN,NaN,NaN,NaN,NaN,NaN,NaN,NaN,NaN,NaN,NaN,NaN,NaN,NaN,NaN,NaN,NaN,NaN,NaN,NaN,NaN,NaN,NaN,0.00169586516434551,0.00166853188849052,0.00185770687016521,0.00304677274182543,NaN,NaN,NaN,NaN,NaN,NaN,NaN,NaN,NaN,NaN,NaN,NaN,NaN,NaN,NaN,NaN,NaN,NaN,NaN,NaN,NaN,NaN,NaN,NaN,NaN,NaN,-0.0434811039927397,-0.0441045912595409,-0.0449096219099051,-0.0461536539972134,-0.0479099162355083,-0.0465511906494616,-0.0457039527994743,-0.0453268152796431,-0.0451821719342358,-0.0447972274746714,NaN,NaN,NaN,NaN,NaN,NaN,NaN,NaN,NaN,NaN,NaN,NaN,NaN,NaN,NaN,NaN,NaN,NaN,NaN,NaN,NaN,NaN,NaN,NaN,NaN,NaN,NaN,NaN,NaN,NaN,NaN,NaN,NaN,NaN,NaN,NaN,NaN,NaN,NaN,NaN,NaN,NaN,NaN,NaN,NaN,NaN,NaN,NaN,NaN,NaN,NaN
NaN,NaN,NaN,NaN,NaN,NaN,NaN,NaN,NaN,NaN,NaN,NaN,NaN,NaN,NaN,NaN,NaN,NaN,NaN,NaN,NaN,NaN,NaN,NaN,NaN,NaN,NaN,NaN,NaN,NaN,NaN,NaN,NaN,NaN,NaN,NaN,NaN,NaN,NaN,NaN,NaN,NaN,NaN,NaN,NaN,NaN,NaN,NaN,NaN,NaN,NaN,NaN,NaN,NaN,NaN,NaN,NaN,NaN,NaN,NaN,NaN,NaN,NaN,NaN,NaN,NaN,NaN,NaN,NaN,NaN,NaN,NaN,NaN,NaN,NaN,NaN,NaN,NaN,NaN,NaN,NaN,NaN,NaN,NaN,NaN,NaN,NaN,NaN,NaN,NaN,NaN,NaN,NaN,NaN,NaN,NaN,NaN,NaN,NaN,-0.0236195985988967,-0.0304595231497198,-0.0301928395948202,-0.028065156501122,NaN,NaN,NaN,NaN,NaN,NaN,NaN,NaN,NaN,NaN,NaN,NaN,NaN,NaN,NaN,NaN,NaN,NaN,NaN,NaN,NaN,NaN,NaN,NaN,NaN,NaN,NaN,NaN,NaN,NaN,NaN,NaN,NaN,NaN,NaN,NaN,NaN,NaN,NaN,NaN,NaN,NaN,NaN,NaN,NaN,NaN,NaN,NaN,NaN,NaN,NaN,0.048837708272332,0.00265486641954976,0.00188224545590059,0.00229925741518066,0.00282175607679734,NaN,NaN,NaN,NaN,NaN,NaN,NaN,NaN,NaN,NaN,NaN,NaN,NaN,NaN,NaN,NaN,NaN,NaN,NaN,NaN,NaN,NaN,NaN,NaN,NaN,NaN,NaN,NaN,NaN,NaN,-0.0475041788387541,-0.0466173123072333,-0.0463543537106298,-0.04606389378867,-0.0456682537994361,NaN,NaN,NaN,NaN,NaN,NaN,NaN,NaN,NaN,NaN,NaN,NaN,NaN,NaN,NaN,NaN,NaN,NaN,NaN,NaN,NaN,NaN,NaN,NaN,NaN,NaN,NaN,NaN,NaN,NaN,NaN,NaN,NaN,NaN,NaN,NaN,NaN,NaN,NaN,NaN,NaN,NaN,NaN,NaN,NaN,NaN,NaN,NaN,NaN,NaN,NaN
NaN,NaN,NaN,NaN,NaN,NaN,NaN,NaN,NaN,NaN,NaN,NaN,NaN,NaN,NaN,NaN,NaN,NaN,NaN,NaN,NaN,NaN,NaN,NaN,NaN,NaN,NaN,NaN,NaN,NaN,NaN,NaN,NaN,NaN,NaN,NaN,NaN,NaN,NaN,NaN,NaN,NaN,NaN,NaN,NaN,NaN,NaN,NaN,NaN,NaN,NaN,NaN,NaN,NaN,NaN,NaN,NaN,NaN,NaN,NaN,NaN,NaN,NaN,NaN,NaN,NaN,NaN,NaN,NaN,NaN,NaN,NaN,NaN,NaN,NaN,NaN,NaN,NaN,NaN,NaN,NaN,NaN,NaN,NaN,NaN,NaN,NaN,NaN,NaN,NaN,NaN,NaN,NaN,NaN,NaN,NaN,NaN,NaN,NaN,-0.0301289996823013,-0.0308426238574404,-0.0296949369066803,NaN,NaN,NaN,NaN,NaN,NaN,NaN,NaN,NaN,NaN,NaN,NaN,NaN,NaN,NaN,NaN,NaN,NaN,NaN,NaN,NaN,NaN,NaN,NaN,NaN,NaN,NaN,NaN,NaN,NaN,NaN,NaN,NaN,NaN,NaN,NaN,NaN,NaN,NaN,NaN,NaN,NaN,NaN,NaN,NaN,NaN,NaN,NaN,NaN,NaN,NaN,NaN,NaN,NaN,NaN,0.00141284493225437,0.00211021332009744,NaN,NaN,NaN,NaN,NaN,NaN,NaN,NaN,NaN,NaN,NaN,NaN,NaN,NaN,NaN,NaN,NaN,NaN,NaN,NaN,NaN,NaN,NaN,NaN,NaN,NaN,NaN,NaN,NaN,NaN,-0.0473948337612054,-0.0470054705500521,-0.0465377831512209,-0.0462561383962357,-0.0462742853728402,NaN,NaN,NaN,NaN,NaN,NaN,NaN,NaN,NaN,NaN,NaN,NaN,NaN,NaN,NaN,NaN,NaN,NaN,NaN,NaN,NaN,NaN,NaN,NaN,NaN,NaN,NaN,NaN,NaN,NaN,NaN,NaN,NaN,NaN,NaN,NaN,NaN,NaN,NaN,NaN,NaN,NaN,NaN,NaN,NaN,NaN,NaN,NaN,NaN,NaN,NaN
NaN,NaN,NaN,NaN,NaN,NaN,NaN,NaN,NaN,NaN,NaN,NaN,NaN,NaN,NaN,NaN,NaN,NaN,NaN,NaN,NaN,NaN,NaN,NaN,NaN,NaN,NaN,NaN,NaN,NaN,NaN,NaN,NaN,NaN,NaN,NaN,NaN,NaN,NaN,NaN,NaN,NaN,NaN,NaN,NaN,NaN,NaN,NaN,NaN,NaN,NaN,NaN,NaN,NaN,NaN,NaN,NaN,NaN,NaN,NaN,NaN,NaN,NaN,NaN,NaN,NaN,NaN,NaN,NaN,NaN,NaN,NaN,NaN,NaN,NaN,NaN,NaN,NaN,NaN,NaN,NaN,NaN,NaN,NaN,NaN,NaN,NaN,NaN,NaN,NaN,NaN,NaN,NaN,NaN,NaN,NaN,NaN,-0.0302002007076561,-0.0304214057374831,-0.0302900655768553,-0.0304169070482348,NaN,NaN,NaN,NaN,NaN,NaN,NaN,NaN,NaN,NaN,NaN,NaN,NaN,NaN,NaN,NaN,NaN,NaN,NaN,NaN,NaN,NaN,NaN,NaN,NaN,NaN,NaN,NaN,NaN,NaN,NaN,NaN,NaN,NaN,NaN,NaN,NaN,NaN,NaN,NaN,NaN,NaN,NaN,NaN,NaN,NaN,NaN,NaN,NaN,NaN,NaN,NaN,NaN,NaN,NaN,NaN,0.00125082472199444,0.00153407463578911,NaN,NaN,NaN,NaN,NaN,NaN,NaN,NaN,NaN,NaN,NaN,NaN,NaN,NaN,NaN,NaN,NaN,NaN,NaN,NaN,NaN,NaN,NaN,NaN,NaN,NaN,NaN,NaN,NaN,NaN,NaN,-0.0469617285982523,-0.0464759884982069,-0.0461387744997834,-0.0463409684835075,-0.04623750475946,NaN,NaN,NaN,NaN,NaN,NaN,NaN,NaN,NaN,NaN,NaN,NaN,NaN,NaN,NaN,NaN,NaN,NaN,NaN,NaN,NaN,NaN,NaN,NaN,NaN,NaN,NaN,NaN,NaN,NaN,NaN,NaN,NaN,NaN,NaN,NaN,NaN,NaN,NaN,NaN,NaN,NaN,NaN,NaN,NaN,NaN,NaN,NaN,NaN,NaN
NaN,NaN,NaN,NaN,NaN,NaN,NaN,NaN,NaN,NaN,NaN,NaN,NaN,NaN,NaN,NaN,NaN,NaN,NaN,NaN,NaN,NaN,NaN,NaN,NaN,NaN,NaN,NaN,NaN,NaN,NaN,NaN,NaN,NaN,NaN,NaN,NaN,NaN,NaN,NaN,NaN,NaN,NaN,NaN,NaN,NaN,NaN,NaN,NaN,NaN,NaN,NaN,NaN,NaN,NaN,NaN,NaN,NaN,NaN,NaN,NaN,NaN,NaN,NaN,NaN,NaN,NaN,NaN,NaN,NaN,NaN,NaN,NaN,NaN,NaN,NaN,NaN,NaN,NaN,NaN,NaN,NaN,NaN,NaN,NaN,NaN,NaN,NaN,NaN,NaN,NaN,NaN,NaN,NaN,NaN,NaN,NaN,-0.0306458251932913,-0.0305932844304031,-0.0303320820862583,-0.0298477620561657,NaN,NaN,NaN,NaN,NaN,NaN,NaN,NaN,NaN,NaN,NaN,NaN,NaN,NaN,NaN,NaN,NaN,NaN,NaN,NaN,NaN,NaN,NaN,NaN,NaN,NaN,NaN,NaN,NaN,NaN,NaN,NaN,NaN,NaN,NaN,NaN,NaN,NaN,NaN,NaN,NaN,NaN,NaN,NaN,NaN,NaN,NaN,NaN,NaN,NaN,NaN,NaN,NaN,NaN,NaN,NaN,0.000932818133267074,0.00100761636698535,NaN,NaN,NaN,NaN,NaN,NaN,NaN,NaN,NaN,NaN,NaN,NaN,NaN,NaN,NaN,NaN,NaN,NaN,NaN,NaN,NaN,NaN,NaN,NaN,NaN,NaN,NaN,NaN,NaN,NaN,NaN,-0.0468146660246707,-0.046597773731573,-0.0462829070888674,-0.0465966948672112,-0.0467505460754185,-0.0461536905642171,NaN,NaN,NaN,NaN,NaN,NaN,NaN,NaN,NaN,NaN,NaN,NaN,NaN,NaN,NaN,NaN,NaN,NaN,NaN,NaN,NaN,NaN,NaN,NaN,NaN,NaN,NaN,NaN,NaN,NaN,NaN,NaN,NaN,NaN,NaN,NaN,NaN,NaN,NaN,NaN,NaN,NaN,NaN,NaN,NaN,NaN,NaN,NaN,NaN
NaN,NaN,NaN,NaN,NaN,NaN,NaN,NaN,NaN,NaN,NaN,NaN,NaN,NaN,NaN,NaN,NaN,NaN,NaN,NaN,NaN,NaN,NaN,NaN,NaN,NaN,NaN,NaN,NaN,NaN,NaN,NaN,NaN,NaN,NaN,NaN,NaN,NaN,NaN,NaN,NaN,NaN,NaN,NaN,NaN,NaN,NaN,NaN,NaN,NaN,NaN,NaN,NaN,NaN,NaN,NaN,NaN,NaN,NaN,NaN,NaN,NaN,NaN,NaN,NaN,NaN,NaN,NaN,NaN,NaN,NaN,NaN,NaN,NaN,NaN,NaN,NaN,NaN,NaN,NaN,NaN,NaN,NaN,NaN,NaN,NaN,NaN,NaN,NaN,NaN,NaN,NaN,NaN,NaN,NaN,NaN,NaN,-0.031310423664998,-0.0310448373049076,-0.0308782531554016,NaN,NaN,NaN,NaN,NaN,NaN,NaN,NaN,NaN,NaN,NaN,NaN,NaN,NaN,NaN,NaN,NaN,NaN,NaN,NaN,NaN,NaN,NaN,NaN,NaN,NaN,NaN,NaN,NaN,NaN,NaN,NaN,NaN,NaN,NaN,NaN,NaN,NaN,NaN,NaN,NaN,NaN,NaN,NaN,NaN,NaN,NaN,NaN,NaN,NaN,NaN,NaN,NaN,NaN,NaN,NaN,NaN,0.00042848882355293,0.000488075222341536,NaN,NaN,NaN,NaN,NaN,NaN,NaN,NaN,NaN,NaN,NaN,NaN,NaN,NaN,NaN,NaN,NaN,NaN,NaN,NaN,NaN,NaN,NaN,NaN,NaN,NaN,NaN,NaN,NaN,NaN,NaN,-0.047215573311769,-0.0469452957314637,-0.0467923163190348,-0.0473029623685458,-0.0471482186986797,-0.0469025728444932,NaN,NaN,NaN,NaN,NaN,NaN,NaN,NaN,NaN,NaN,NaN,NaN,NaN,NaN,NaN,NaN,NaN,NaN,NaN,NaN,NaN,NaN,NaN,NaN,NaN,NaN,NaN,NaN,NaN,NaN,NaN,NaN,NaN,NaN,NaN,NaN,NaN,NaN,NaN,NaN,NaN,NaN,NaN,NaN,NaN,NaN,NaN,NaN,NaN
NaN,NaN,NaN,NaN,NaN,NaN,NaN,NaN,NaN,NaN,NaN,NaN,NaN,NaN,NaN,NaN,NaN,NaN,NaN,NaN,NaN,NaN,NaN,NaN,NaN,NaN,NaN,NaN,NaN,NaN,NaN,NaN,NaN,NaN,NaN,NaN,NaN,NaN,NaN,NaN,NaN,NaN,NaN,NaN,NaN,NaN,NaN,NaN,NaN,NaN,NaN,NaN,NaN,NaN,NaN,NaN,NaN,NaN,NaN,NaN,NaN,NaN,NaN,NaN,NaN,NaN,NaN,NaN,NaN,NaN,NaN,NaN,NaN,NaN,NaN,NaN,NaN,NaN,NaN,NaN,NaN,NaN,NaN,NaN,NaN,NaN,NaN,NaN,NaN,NaN,NaN,NaN,NaN,NaN,NaN,NaN,-0.031529728569105,-0.0315426279022617,-0.0311941645721765,-0.0308128554281912,NaN,NaN,NaN,NaN,NaN,NaN,NaN,NaN,NaN,NaN,NaN,NaN,NaN,NaN,NaN,NaN,NaN,NaN,NaN,NaN,NaN,NaN,NaN,NaN,NaN,NaN,NaN,NaN,NaN,NaN,NaN,NaN,NaN,NaN,NaN,NaN,NaN,NaN,NaN,NaN,NaN,NaN,NaN,NaN,NaN,NaN,NaN,NaN,NaN,NaN,NaN,NaN,NaN,NaN,NaN,NaN,NaN,0.000388739661729521,0.0307405071416876,NaN,NaN,NaN,NaN,NaN,NaN,NaN,NaN,NaN,NaN,NaN,NaN,NaN,NaN,NaN,NaN,NaN,NaN,NaN,NaN,NaN,NaN,NaN,NaN,NaN,NaN,NaN,NaN,NaN,NaN,NaN,-0.0477468518536273,-0.0477482787065284,-0.0473998515961148,-0.0474161693485171,-0.0468532786089583,-0.0465305087872961,-0.0468844632191756,-0.046556850133934,-0.013678025812717,0.0639029038099973,NaN,NaN,NaN,NaN,NaN,NaN,NaN,NaN,NaN,NaN,NaN,NaN,NaN,NaN,NaN,NaN,NaN,NaN,NaN,NaN,NaN,NaN,NaN,NaN,NaN,NaN,NaN,NaN,NaN,NaN,NaN,NaN,NaN,NaN,NaN,NaN,NaN,NaN,NaN,NaN,NaN,NaN,NaN,NaN,NaN
NaN,NaN,NaN,NaN,NaN,NaN,NaN,NaN,NaN,NaN,NaN,NaN,NaN,NaN,NaN,NaN,NaN,NaN,NaN,NaN,NaN,NaN,NaN,NaN,NaN,NaN,NaN,NaN,NaN,NaN,NaN,NaN,NaN,NaN,NaN,NaN,NaN,NaN,NaN,NaN,NaN,NaN,NaN,NaN,NaN,NaN,NaN,NaN,NaN,NaN,NaN,NaN,NaN,NaN,NaN,NaN,NaN,NaN,NaN,NaN,NaN,NaN,NaN,NaN,NaN,NaN,NaN,NaN,NaN,NaN,NaN,NaN,NaN,NaN,NaN,NaN,NaN,NaN,NaN,NaN,NaN,NaN,NaN,NaN,NaN,NaN,NaN,NaN,NaN,NaN,NaN,NaN,NaN,NaN,-0.0326811263190121,-0.0326297308624362,-0.0323620970221941,-0.0321766558233837,NaN,NaN,NaN,NaN,NaN,NaN,NaN,NaN,NaN,NaN,NaN,NaN,NaN,NaN,NaN,NaN,NaN,NaN,NaN,NaN,NaN,NaN,NaN,NaN,NaN,NaN,NaN,NaN,NaN,NaN,NaN,NaN,NaN,NaN,NaN,NaN,NaN,NaN,NaN,NaN,NaN,NaN,NaN,NaN,NaN,NaN,NaN,NaN,NaN,NaN,NaN,NaN,NaN,NaN,NaN,NaN,NaN,NaN,NaN,0.00042105743622744,0.00132069486476414,NaN,NaN,NaN,NaN,NaN,NaN,NaN,NaN,NaN,NaN,NaN,NaN,NaN,NaN,NaN,NaN,NaN,NaN,NaN,NaN,NaN,NaN,NaN,NaN,NaN,NaN,NaN,NaN,NaN,NaN,NaN,-0.0476776034297799,-0.048123912338065,-0.0479811720503349,-0.0476105585301813,-0.0471831054726471,-0.046834338323975,-0.0471281198961851,-0.0450331290989428,0.00536285377777639,0.084805826493611,0.154785585257034,0.208103731133206,NaN,NaN,NaN,NaN,NaN,NaN,NaN,NaN,NaN,NaN,NaN,NaN,NaN,NaN,NaN,NaN,NaN,NaN,NaN,NaN,NaN,NaN,NaN,NaN,NaN,NaN,NaN,NaN,NaN,NaN,NaN,NaN,NaN,NaN,NaN,NaN,NaN,NaN,NaN,NaN,NaN,NaN,NaN
NaN,NaN,NaN,NaN,NaN,NaN,NaN,NaN,NaN,NaN,NaN,NaN,NaN,NaN,NaN,NaN,NaN,NaN,NaN,NaN,NaN,NaN,NaN,NaN,NaN,NaN,NaN,NaN,NaN,NaN,NaN,NaN,NaN,NaN,NaN,NaN,NaN,NaN,NaN,NaN,NaN,NaN,NaN,NaN,NaN,NaN,NaN,NaN,NaN,NaN,NaN,NaN,NaN,NaN,NaN,NaN,NaN,NaN,NaN,NaN,NaN,NaN,NaN,NaN,NaN,NaN,NaN,NaN,NaN,NaN,NaN,NaN,NaN,NaN,NaN,NaN,NaN,NaN,NaN,NaN,NaN,NaN,NaN,NaN,NaN,NaN,NaN,NaN,NaN,NaN,-0.0309698030671693,-0.0330104658959118,-0.0329888851073846,-0.0329471562798214,-0.0328215212931455,-0.0326833127460451,-0.032275665372314,-0.0319756955081338,NaN,NaN,NaN,NaN,NaN,NaN,NaN,NaN,NaN,NaN,NaN,NaN,NaN,NaN,NaN,NaN,NaN,NaN,NaN,NaN,NaN,NaN,NaN,NaN,NaN,NaN,NaN,NaN,NaN,NaN,NaN,NaN,NaN,NaN,NaN,NaN,NaN,NaN,NaN,NaN,NaN,NaN,NaN,NaN,NaN,NaN,NaN,NaN,NaN,NaN,NaN,NaN,NaN,NaN,NaN,NaN,NaN,NaN,NaN,-0.00022643013068626,NaN,NaN,NaN,NaN,NaN,NaN,NaN,NaN,NaN,NaN,NaN,NaN,NaN,NaN,NaN,NaN,NaN,NaN,NaN,NaN,NaN,NaN,NaN,NaN,NaN,NaN,NaN,NaN,NaN,NaN,NaN,NaN,-0.0477813672694084,-0.0485959389589308,NaN,-0.0480694687461282,-0.0476014781588831,-0.0475689103230455,-0.0477850487964656,-0.0476434746892784,-0.035853157519332,0.0325395307880221,0.110787136065786,0.175164858788928,NaN,NaN,NaN,NaN,NaN,NaN,NaN,NaN,NaN,NaN,NaN,NaN,NaN,NaN,NaN,NaN,NaN,NaN,NaN,NaN,NaN,NaN,NaN,NaN,NaN,NaN,NaN,NaN,NaN,NaN,NaN,NaN,NaN,NaN,NaN,NaN,NaN,NaN,NaN,NaN,NaN,NaN,NaN
NaN,NaN,NaN,NaN,NaN,NaN,NaN,NaN,NaN,NaN,NaN,NaN,NaN,NaN,NaN,NaN,NaN,NaN,NaN,NaN,NaN,NaN,NaN,NaN,NaN,NaN,NaN,NaN,NaN,NaN,NaN,NaN,NaN,NaN,NaN,NaN,NaN,NaN,NaN,NaN,NaN,NaN,NaN,NaN,NaN,NaN,NaN,NaN,NaN,NaN,NaN,NaN,NaN,NaN,NaN,NaN,NaN,NaN,NaN,NaN,NaN,NaN,NaN,NaN,NaN,NaN,NaN,NaN,NaN,NaN,NaN,NaN,NaN,NaN,NaN,NaN,NaN,NaN,NaN,NaN,NaN,NaN,NaN,NaN,NaN,NaN,NaN,-0.0286687620107188,-0.0286268603536207,-0.0286027288913431,-0.0284325795857219,-0.0331700974239938,-0.0330566480492334,-0.0329858188718184,-0.0328591421515475,-0.0326047046704858,-0.0246479022071137,NaN,NaN,NaN,NaN,NaN,NaN,NaN,NaN,NaN,NaN,NaN,NaN,NaN,NaN,NaN,NaN,NaN,NaN,NaN,NaN,NaN,NaN,NaN,NaN,NaN,NaN,NaN,NaN,NaN,NaN,NaN,NaN,NaN,NaN,NaN,NaN,NaN,NaN,NaN,NaN,NaN,NaN,NaN,NaN,NaN,NaN,NaN,NaN,NaN,NaN,NaN,NaN,NaN,NaN,NaN,NaN,NaN,NaN,NaN,-0.000490538336785045,-0.000361247237569929,NaN,NaN,NaN,NaN,NaN,NaN,NaN,NaN,NaN,NaN,NaN,NaN,NaN,NaN,NaN,NaN,NaN,NaN,NaN,NaN,NaN,NaN,NaN,NaN,NaN,NaN,NaN,NaN,NaN,NaN,NaN,NaN,-0.0475183269086909,-0.0481624365017274,NaN,NaN,-0.0479754287837178,-0.0483599117170551,-0.0484355323914144,-0.0483221716833705,-0.0365146522884077,NaN,NaN,NaN,NaN,NaN,NaN,NaN,NaN,NaN,NaN,NaN,NaN,NaN,NaN,NaN,NaN,NaN,NaN,NaN,NaN,NaN,NaN,NaN,NaN,NaN,NaN,NaN,NaN,NaN,NaN,NaN,NaN,NaN,NaN,NaN,NaN,NaN,NaN,NaN,NaN,NaN,NaN,NaN,NaN,NaN,NaN
NaN,NaN,NaN,NaN,NaN,NaN,NaN,NaN,NaN,NaN,NaN,NaN,NaN,NaN,NaN,NaN,NaN,NaN,NaN,NaN,NaN,NaN,NaN,NaN,NaN,NaN,NaN,NaN,NaN,NaN,NaN,NaN,NaN,NaN,NaN,NaN,NaN,NaN,NaN,NaN,NaN,NaN,NaN,NaN,NaN,NaN,NaN,NaN,NaN,NaN,NaN,NaN,NaN,NaN,NaN,NaN,NaN,NaN,NaN,NaN,NaN,NaN,NaN,NaN,NaN,NaN,NaN,NaN,NaN,NaN,NaN,NaN,NaN,NaN,NaN,NaN,NaN,NaN,NaN,NaN,NaN,NaN,NaN,NaN,NaN,NaN,NaN,-0.0287756588974427,-0.0287296362848418,-0.0286786276800578,-0.0209767913684401,NaN,-0.0330833057032804,-0.0330316569690815,-0.0329665859694184,NaN,NaN,NaN,NaN,NaN,NaN,NaN,NaN,NaN,NaN,NaN,NaN,NaN,NaN,NaN,NaN,NaN,NaN,NaN,NaN,NaN,NaN,NaN,NaN,NaN,NaN,NaN,NaN,NaN,NaN,NaN,NaN,NaN,NaN,NaN,NaN,NaN,NaN,NaN,NaN,NaN,NaN,NaN,NaN,NaN,NaN,NaN,NaN,NaN,NaN,NaN,NaN,NaN,NaN,NaN,NaN,NaN,NaN,NaN,NaN,NaN,-0.000709175913250247,-0.000703455809098692,NaN,NaN,NaN,NaN,NaN,NaN,NaN,NaN,NaN,NaN,NaN,NaN,NaN,NaN,NaN,NaN,NaN,NaN,NaN,NaN,NaN,NaN,NaN,NaN,NaN,NaN,NaN,NaN,NaN,NaN,NaN,NaN,-0.0475253861555008,-0.0480339844368017,NaN,NaN,-0.04836631917986,-0.0490733813984309,-0.0491133240347012,-0.0490967119854243,-0.0374156728302562,NaN,NaN,NaN,NaN,NaN,NaN,NaN,NaN,NaN,NaN,NaN,NaN,NaN,NaN,NaN,NaN,NaN,NaN,NaN,NaN,NaN,NaN,NaN,NaN,NaN,NaN,NaN,NaN,NaN,NaN,NaN,NaN,NaN,NaN,NaN,NaN,NaN,NaN,NaN,NaN,NaN,NaN,NaN,NaN,NaN,NaN
NaN,NaN,NaN,NaN,NaN,NaN,NaN,NaN,NaN,NaN,NaN,NaN,NaN,NaN,NaN,NaN,NaN,NaN,NaN,NaN,NaN,NaN,NaN,NaN,NaN,NaN,NaN,NaN,NaN,NaN,NaN,NaN,NaN,NaN,NaN,NaN,NaN,NaN,NaN,NaN,NaN,NaN,NaN,NaN,NaN,NaN,NaN,NaN,NaN,NaN,NaN,NaN,NaN,NaN,NaN,NaN,NaN,NaN,NaN,NaN,NaN,NaN,NaN,NaN,NaN,NaN,NaN,NaN,NaN,NaN,NaN,NaN,NaN,NaN,NaN,NaN,NaN,NaN,NaN,NaN,NaN,NaN,NaN,NaN,NaN,NaN,NaN,NaN,NaN,NaN,NaN,NaN,0.00362212837913406,-0.0154951371988246,NaN,NaN,NaN,NaN,NaN,NaN,NaN,NaN,NaN,NaN,NaN,NaN,NaN,NaN,NaN,NaN,NaN,NaN,NaN,NaN,NaN,NaN,NaN,NaN,NaN,NaN,NaN,NaN,NaN,NaN,NaN,NaN,NaN,NaN,NaN,NaN,NaN,NaN,NaN,NaN,NaN,NaN,NaN,NaN,NaN,NaN,NaN,NaN,NaN,NaN,NaN,NaN,NaN,NaN,NaN,NaN,NaN,NaN,NaN,NaN,NaN,0.0123607362273833,-0.00113896515757271,NaN,NaN,NaN,NaN,NaN,NaN,NaN,NaN,NaN,NaN,NaN,NaN,NaN,NaN,NaN,NaN,NaN,NaN,NaN,NaN,NaN,NaN,NaN,NaN,NaN,NaN,NaN,NaN,NaN,NaN,NaN,NaN,NaN,-0.0478412881500654,-0.0483096429696674,-0.0477445203930359,NaN,-0.0493824239489844,-0.049611070404911,-0.0498032099290683,-0.0498899455648969,-0.0382647913663157,NaN,NaN,NaN,NaN,NaN,NaN,NaN,NaN,NaN,NaN,NaN,NaN,NaN,NaN,NaN,NaN,NaN,NaN,NaN,NaN,NaN,NaN,NaN,NaN,NaN,NaN,NaN,NaN,NaN,NaN,NaN,NaN,NaN,NaN,NaN,NaN,NaN,NaN,NaN,NaN,NaN,NaN,NaN,NaN,NaN,NaN
NaN,NaN,NaN,NaN,NaN,NaN,NaN,NaN,NaN,NaN,NaN,NaN,NaN,NaN,NaN,NaN,NaN,NaN,NaN,NaN,NaN,NaN,NaN,NaN,NaN,NaN,NaN,NaN,NaN,NaN,NaN,NaN,NaN,NaN,NaN,NaN,NaN,NaN,NaN,NaN,NaN,NaN,NaN,NaN,NaN,NaN,NaN,NaN,NaN,NaN,NaN,NaN,NaN,NaN,NaN,NaN,NaN,NaN,NaN,NaN,NaN,NaN,NaN,NaN,NaN,NaN,NaN,NaN,NaN,NaN,NaN,NaN,NaN,NaN,NaN,NaN,NaN,NaN,NaN,NaN,NaN,NaN,NaN,NaN,NaN,NaN,NaN,NaN,NaN,NaN,NaN,NaN,NaN,NaN,NaN,NaN,NaN,NaN,NaN,NaN,NaN,NaN,NaN,NaN,NaN,NaN,NaN,NaN,NaN,NaN,NaN,NaN,NaN,NaN,NaN,NaN,NaN,NaN,NaN,NaN,NaN,NaN,NaN,NaN,NaN,NaN,NaN,NaN,NaN,NaN,NaN,NaN,NaN,NaN,NaN,NaN,NaN,NaN,NaN,NaN,NaN,NaN,NaN,NaN,NaN,NaN,NaN,NaN,NaN,NaN,NaN,NaN,NaN,NaN,NaN,-0.00132971388853838,-0.00125177072380915,NaN,NaN,NaN,NaN,NaN,NaN,NaN,NaN,NaN,NaN,NaN,NaN,NaN,NaN,NaN,NaN,NaN,NaN,NaN,NaN,NaN,NaN,NaN,NaN,NaN,NaN,NaN,NaN,NaN,NaN,NaN,NaN,NaN,NaN,-0.0495686742862261,-0.0398895100144973,NaN,-0.0498157749109045,-0.0502392200088348,-0.0504632405535011,-0.050479009540443,-0.0505477433053162,NaN,NaN,NaN,NaN,NaN,NaN,NaN,NaN,NaN,NaN,NaN,NaN,NaN,NaN,NaN,NaN,NaN,NaN,NaN,NaN,NaN,NaN,NaN,NaN,NaN,NaN,NaN,NaN,NaN,NaN,NaN,NaN,NaN,NaN,NaN,NaN,NaN,NaN,NaN,NaN,NaN,NaN,NaN,NaN,NaN,NaN
NaN,NaN,NaN,NaN,NaN,NaN,NaN,NaN,NaN,NaN,NaN,NaN,NaN,NaN,NaN,NaN,NaN,NaN,NaN,NaN,NaN,NaN,NaN,NaN,NaN,NaN,NaN,NaN,NaN,NaN,NaN,NaN,NaN,NaN,NaN,NaN,NaN,NaN,NaN,NaN,NaN,NaN,NaN,NaN,NaN,NaN,NaN,NaN,NaN,NaN,NaN,NaN,NaN,NaN,NaN,NaN,NaN,NaN,NaN,NaN,NaN,NaN,NaN,NaN,NaN,NaN,NaN,NaN,NaN,NaN,NaN,NaN,NaN,NaN,NaN,NaN,NaN,NaN,NaN,NaN,NaN,NaN,NaN,NaN,NaN,NaN,NaN,NaN,NaN,NaN,NaN,NaN,NaN,NaN,NaN,NaN,NaN,NaN,NaN,NaN,NaN,NaN,NaN,NaN,NaN,NaN,NaN,NaN,NaN,NaN,NaN,NaN,NaN,NaN,NaN,NaN,NaN,NaN,NaN,NaN,NaN,NaN,NaN,NaN,NaN,NaN,NaN,NaN,NaN,NaN,NaN,NaN,NaN,NaN,NaN,NaN,NaN,NaN,NaN,NaN,NaN,NaN,NaN,NaN,NaN,NaN,NaN,NaN,NaN,NaN,NaN,NaN,NaN,NaN,NaN,NaN,-0.00118395693973359,-0.00115556283438259,NaN,NaN,NaN,NaN,NaN,NaN,NaN,NaN,NaN,NaN,NaN,NaN,NaN,NaN,NaN,NaN,NaN,NaN,NaN,NaN,NaN,NaN,NaN,NaN,NaN,NaN,NaN,NaN,NaN,NaN,NaN,NaN,NaN,-0.0486677109556836,-0.0469907544507635,NaN,-0.0502835095495544,-0.0506288487756157,-0.0506451851724998,-0.0507774358345518,-0.050781335394394,-0.0388761776069304,NaN,NaN,NaN,NaN,NaN,NaN,NaN,NaN,NaN,NaN,NaN,NaN,NaN,NaN,NaN,NaN,NaN,NaN,NaN,NaN,NaN,NaN,NaN,NaN,NaN,NaN,NaN,NaN,NaN,NaN,NaN,NaN,NaN,NaN,NaN,NaN,NaN,NaN,NaN,NaN,NaN,NaN,NaN,NaN,NaN
NaN,NaN,NaN,NaN,NaN,NaN,NaN,NaN,NaN,NaN,NaN,NaN,NaN,NaN,NaN,NaN,NaN,NaN,NaN,NaN,NaN,NaN,NaN,NaN,NaN,NaN,NaN,NaN,NaN,NaN,NaN,NaN,NaN,NaN,NaN,NaN,NaN,NaN,NaN,NaN,NaN,NaN,NaN,NaN,NaN,NaN,NaN,NaN,NaN,NaN,NaN,NaN,NaN,NaN,NaN,NaN,NaN,NaN,NaN,NaN,NaN,NaN,NaN,NaN,NaN,NaN,NaN,NaN,NaN,NaN,NaN,NaN,NaN,NaN,NaN,NaN,NaN,NaN,NaN,NaN,NaN,NaN,NaN,NaN,NaN,NaN,NaN,NaN,NaN,NaN,NaN,NaN,NaN,NaN,NaN,NaN,NaN,NaN,NaN,NaN,NaN,NaN,NaN,NaN,NaN,NaN,NaN,NaN,NaN,NaN,NaN,NaN,NaN,NaN,NaN,NaN,NaN,NaN,NaN,NaN,NaN,NaN,NaN,NaN,NaN,NaN,NaN,NaN,NaN,NaN,NaN,NaN,NaN,NaN,NaN,NaN,NaN,NaN,NaN,NaN,NaN,NaN,NaN,NaN,NaN,NaN,NaN,NaN,NaN,NaN,NaN,NaN,NaN,NaN,NaN,NaN,NaN,-0.0015663315660501,NaN,NaN,NaN,NaN,NaN,NaN,NaN,NaN,NaN,NaN,NaN,NaN,NaN,NaN,NaN,NaN,NaN,NaN,NaN,NaN,NaN,NaN,NaN,NaN,NaN,NaN,NaN,NaN,NaN,NaN,NaN,NaN,-0.0476375841631389,-0.0476828082110687,-0.0468020053240416,NaN,-0.0504593930358631,-0.0503136280847778,-0.0506799789595026,-0.0509083331504908,-0.0509863829894288,-0.0508042592150909,-0.0293113799436013,NaN,NaN,NaN,NaN,NaN,NaN,NaN,NaN,NaN,NaN,NaN,NaN,NaN,NaN,NaN,NaN,NaN,NaN,NaN,NaN,NaN,NaN,NaN,NaN,NaN,NaN,NaN,NaN,NaN,NaN,NaN,NaN,NaN,NaN,NaN,NaN,NaN,NaN,NaN,NaN,NaN,NaN,NaN,NaN
NaN,NaN,NaN,NaN,NaN,NaN,NaN,NaN,NaN,NaN,NaN,NaN,NaN,NaN,NaN,NaN,NaN,NaN,NaN,NaN,NaN,NaN,NaN,NaN,NaN,NaN,NaN,NaN,NaN,NaN,NaN,NaN,NaN,NaN,NaN,NaN,NaN,NaN,NaN,NaN,NaN,NaN,NaN,NaN,NaN,NaN,NaN,NaN,NaN,NaN,NaN,NaN,NaN,NaN,NaN,NaN,NaN,NaN,NaN,NaN,NaN,NaN,NaN,NaN,NaN,NaN,NaN,NaN,NaN,NaN,NaN,NaN,NaN,NaN,NaN,NaN,NaN,NaN,NaN,NaN,NaN,NaN,NaN,NaN,NaN,NaN,NaN,NaN,NaN,NaN,NaN,NaN,NaN,NaN,NaN,NaN,NaN,NaN,NaN,NaN,NaN,NaN,NaN,NaN,NaN,NaN,NaN,NaN,NaN,NaN,NaN,NaN,NaN,NaN,NaN,NaN,NaN,NaN,NaN,NaN,NaN,NaN,NaN,NaN,NaN,NaN,NaN,NaN,NaN,NaN,NaN,NaN,NaN,NaN,NaN,NaN,NaN,NaN,NaN,NaN,NaN,NaN,NaN,NaN,NaN,NaN,NaN,NaN,NaN,NaN,NaN,NaN,NaN,NaN,NaN,NaN,NaN,0.0416164517249195,0.118590367034195,NaN,NaN,NaN,NaN,NaN,NaN,NaN,NaN,NaN,NaN,NaN,NaN,NaN,NaN,NaN,NaN,NaN,NaN,NaN,NaN,NaN,NaN,NaN,NaN,NaN,NaN,NaN,NaN,NaN,NaN,NaN,-0.0479239750742662,-0.0477195424675352,-0.0471499015815412,NaN,NaN,-0.0502818987612057,-0.0507343223284523,-0.0509701968706794,-0.0510678380657615,-0.0509795296617124,-0.0248777711845041,NaN,NaN,NaN,NaN,-0.0480108789924102,-0.0480099805098691,-0.0479478846649008,-0.0478539897519484,-0.0478001075817896,-0.0476394187036442,NaN,NaN,NaN,NaN,NaN,NaN,NaN,NaN,NaN,NaN,NaN,NaN,NaN,NaN,NaN,NaN,NaN,NaN,NaN,NaN,NaN,NaN,NaN,NaN,NaN,NaN,NaN,NaN,NaN,NaN,NaN,NaN,NaN,NaN
NaN,NaN,NaN,NaN,NaN,NaN,NaN,NaN,NaN,NaN,NaN,NaN,NaN,NaN,NaN,NaN,NaN,NaN,NaN,NaN,NaN,NaN,NaN,NaN,NaN,NaN,NaN,NaN,NaN,NaN,NaN,NaN,NaN,NaN,NaN,NaN,NaN,NaN,NaN,NaN,NaN,NaN,NaN,NaN,NaN,NaN,NaN,NaN,NaN,NaN,NaN,NaN,NaN,NaN,NaN,NaN,NaN,NaN,NaN,NaN,NaN,NaN,NaN,NaN,NaN,NaN,NaN,NaN,NaN,NaN,NaN,NaN,NaN,NaN,NaN,NaN,NaN,NaN,NaN,NaN,NaN,NaN,NaN,NaN,NaN,NaN,NaN,NaN,NaN,NaN,NaN,NaN,NaN,NaN,NaN,NaN,NaN,NaN,NaN,NaN,NaN,NaN,NaN,NaN,NaN,NaN,NaN,NaN,NaN,NaN,NaN,NaN,NaN,NaN,NaN,NaN,NaN,NaN,NaN,NaN,NaN,NaN,NaN,NaN,NaN,NaN,NaN,NaN,NaN,NaN,NaN,NaN,NaN,NaN,NaN,NaN,NaN,NaN,NaN,NaN,NaN,NaN,NaN,NaN,NaN,NaN,NaN,NaN,NaN,NaN,NaN,NaN,NaN,NaN,NaN,NaN,NaN,0.11849595395312,0.152777118206437,NaN,NaN,NaN,NaN,NaN,NaN,NaN,NaN,NaN,NaN,NaN,NaN,NaN,NaN,NaN,NaN,NaN,NaN,NaN,NaN,NaN,NaN,NaN,NaN,NaN,NaN,NaN,NaN,NaN,NaN,-0.0482721387539317,-0.0480696599001,-0.0478466818524402,NaN,NaN,NaN,-0.0502393006182433,-0.0503554242883677,-0.0507472334627864,-0.0508781947692101,-0.0510997535540337,NaN,NaN,NaN,NaN,-0.0486236548907281,-0.0484957444836067,-0.0483575730952146,-0.0482796311785178,-0.048144866611769,-0.0480195492864591,-0.0479327810410684,NaN,NaN,NaN,NaN,NaN,NaN,NaN,NaN,NaN,NaN,NaN,NaN,NaN,NaN,NaN,NaN,NaN,NaN,NaN,NaN,NaN,NaN,NaN,NaN,NaN,NaN,NaN,NaN,NaN,NaN,NaN,NaN,NaN,NaN
NaN,NaN,NaN,NaN,NaN,NaN,NaN,NaN,NaN,NaN,NaN,NaN,NaN,NaN,NaN,NaN,NaN,NaN,NaN,NaN,NaN,NaN,NaN,NaN,NaN,NaN,NaN,NaN,NaN,NaN,NaN,NaN,NaN,NaN,NaN,NaN,NaN,NaN,NaN,NaN,NaN,NaN,NaN,NaN,NaN,NaN,NaN,NaN,NaN,NaN,NaN,NaN,NaN,NaN,NaN,NaN,NaN,NaN,NaN,NaN,NaN,NaN,NaN,NaN,NaN,NaN,NaN,NaN,NaN,NaN,NaN,NaN,NaN,NaN,NaN,NaN,NaN,NaN,NaN,NaN,NaN,NaN,NaN,NaN,NaN,NaN,NaN,NaN,NaN,NaN,NaN,NaN,NaN,NaN,NaN,NaN,NaN,NaN,NaN,NaN,NaN,NaN,NaN,NaN,NaN,NaN,NaN,NaN,NaN,NaN,NaN,NaN,NaN,NaN,NaN,NaN,NaN,NaN,NaN,NaN,NaN,NaN,NaN,NaN,NaN,NaN,NaN,NaN,NaN,NaN,NaN,NaN,NaN,NaN,NaN,NaN,NaN,NaN,NaN,NaN,NaN,NaN,NaN,NaN,NaN,NaN,NaN,NaN,NaN,NaN,NaN,NaN,NaN,NaN,NaN,NaN,NaN,0.152660427746622,0.151245829192939,NaN,NaN,NaN,NaN,NaN,NaN,NaN,NaN,NaN,NaN,NaN,NaN,NaN,NaN,NaN,NaN,NaN,NaN,NaN,NaN,NaN,NaN,NaN,NaN,NaN,NaN,NaN,NaN,NaN,-0.0482290941662434,-0.0485080048322652,-0.0483069251284487,-0.0193358008349588,NaN,NaN,NaN,NaN,-0.0503473594538951,-0.050096778235561,-0.0502852418267311,-0.0503968778776912,-0.0501143132459256,-0.0497883013549694,-0.0498023595469196,-0.0496599136647669,-0.048803488789297,-0.0488202745829178,-0.0487839996841746,-0.0486515110518518,-0.0484772272345925,-0.0481328226214961,-0.0478477115739725,-0.0476126982211451,-0.0467187896076513,NaN,NaN,NaN,NaN,NaN,NaN,NaN,NaN,NaN,NaN,NaN,NaN,NaN,NaN,NaN,NaN,NaN,NaN,NaN,NaN,NaN,NaN,NaN,NaN,NaN,NaN,NaN,NaN,NaN,NaN,NaN,NaN
NaN,NaN,NaN,NaN,NaN,NaN,NaN,NaN,NaN,NaN,NaN,NaN,NaN,NaN,NaN,NaN,NaN,NaN,NaN,NaN,NaN,NaN,NaN,NaN,NaN,NaN,NaN,NaN,NaN,NaN,NaN,NaN,NaN,NaN,NaN,NaN,NaN,NaN,NaN,NaN,NaN,NaN,NaN,NaN,NaN,NaN,NaN,NaN,NaN,NaN,NaN,NaN,NaN,NaN,NaN,NaN,NaN,NaN,NaN,NaN,NaN,NaN,NaN,NaN,NaN,NaN,NaN,NaN,NaN,NaN,NaN,NaN,NaN,NaN,NaN,NaN,NaN,NaN,NaN,NaN,NaN,NaN,NaN,NaN,NaN,NaN,NaN,NaN,NaN,NaN,NaN,NaN,NaN,NaN,NaN,NaN,NaN,NaN,NaN,NaN,NaN,NaN,NaN,NaN,NaN,NaN,NaN,NaN,NaN,NaN,NaN,NaN,NaN,NaN,NaN,NaN,NaN,NaN,NaN,NaN,NaN,NaN,NaN,NaN,NaN,NaN,NaN,NaN,NaN,NaN,NaN,NaN,NaN,NaN,NaN,NaN,NaN,NaN,NaN,NaN,NaN,NaN,NaN,NaN,NaN,NaN,NaN,NaN,NaN,NaN,NaN,NaN,NaN,NaN,NaN,NaN,NaN,0.150954851570211,0.1510765717393,NaN,NaN,NaN,NaN,NaN,NaN,NaN,NaN,NaN,NaN,NaN,NaN,NaN,NaN,NaN,NaN,NaN,NaN,NaN,NaN,NaN,NaN,NaN,NaN,NaN,NaN,NaN,NaN,-0.0474017719904159,-0.0482575271256803,-0.0488112090447146,-0.0438316904023758,0.0148976580026075,NaN,NaN,NaN,NaN,NaN,-0.0494408837182917,-0.0496223457240145,-0.0497991320096241,-0.0497794802139575,-0.0495950479049626,-0.0494018838148853,-0.0494350282153257,-0.0490618817832137,-0.0489690256302706,-0.0488982300464503,-0.0488138511705167,-0.048670645153652,-0.048127602603139,-0.0478335329712064,-0.0476766642748508,-0.0476134995169169,NaN,NaN,NaN,NaN,NaN,NaN,NaN,NaN,NaN,NaN,NaN,NaN,NaN,NaN,NaN,NaN,NaN,NaN,NaN,NaN,NaN,NaN,NaN,NaN,NaN,NaN,NaN,NaN,NaN,NaN,NaN,NaN
NaN,NaN,NaN,NaN,NaN,NaN,NaN,NaN,NaN,NaN,NaN,NaN,NaN,NaN,NaN,NaN,NaN,NaN,NaN,NaN,NaN,NaN,NaN,NaN,NaN,NaN,NaN,NaN,NaN,NaN,NaN,NaN,NaN,NaN,NaN,NaN,NaN,NaN,NaN,NaN,NaN,NaN,NaN,NaN,NaN,NaN,NaN,NaN,NaN,NaN,NaN,NaN,NaN,NaN,NaN,NaN,NaN,NaN,NaN,NaN,NaN,NaN,NaN,NaN,NaN,NaN,NaN,NaN,NaN,NaN,NaN,NaN,NaN,NaN,NaN,NaN,NaN,NaN,NaN,NaN,NaN,NaN,NaN,NaN,NaN,NaN,NaN,NaN,NaN,NaN,NaN,NaN,NaN,NaN,NaN,NaN,NaN,NaN,NaN,NaN,NaN,NaN,NaN,NaN,NaN,NaN,NaN,NaN,NaN,NaN,NaN,NaN,NaN,NaN,NaN,NaN,NaN,NaN,NaN,NaN,NaN,NaN,NaN,NaN,NaN,NaN,NaN,NaN,NaN,NaN,NaN,NaN,NaN,NaN,NaN,NaN,NaN,NaN,NaN,NaN,NaN,NaN,NaN,NaN,NaN,NaN,NaN,NaN,NaN,NaN,NaN,NaN,NaN,NaN,NaN,NaN,NaN,NaN,NaN,NaN,NaN,NaN,NaN,NaN,NaN,NaN,NaN,NaN,NaN,NaN,NaN,NaN,NaN,NaN,NaN,NaN,NaN,NaN,NaN,NaN,NaN,NaN,NaN,NaN,NaN,NaN,NaN,-0.0479478979540131,-0.0486254326637386,-0.049081444864742,-0.0465542199174478,0.00498350762860006,NaN,NaN,NaN,NaN,NaN,-0.0489923113410179,-0.0492513188678275,-0.0495126683760571,-0.0495651512246256,-0.0494327463518845,-0.0491182700324688,-0.0490991777265479,-0.048983509931452,-0.0465910499912244,-0.0480797748919994,NaN,NaN,-0.0480438295014359,-0.0478637309590518,-0.0476608181737785,-0.047574323705747,-0.0468074383440581,NaN,NaN,NaN,NaN,NaN,NaN,NaN,NaN,NaN,NaN,NaN,NaN,NaN,NaN,NaN,NaN,NaN,NaN,NaN,NaN,NaN,NaN,NaN,NaN,NaN,NaN,NaN,NaN,NaN,NaN,NaN
NaN,NaN,NaN,NaN,NaN,NaN,NaN,NaN,NaN,NaN,NaN,NaN,NaN,NaN,NaN,NaN,NaN,NaN,NaN,NaN,NaN,NaN,NaN,NaN,NaN,NaN,NaN,NaN,NaN,NaN,NaN,NaN,NaN,NaN,NaN,NaN,NaN,NaN,NaN,NaN,NaN,NaN,NaN,NaN,NaN,NaN,NaN,NaN,NaN,NaN,NaN,NaN,NaN,NaN,NaN,NaN,NaN,NaN,NaN,NaN,NaN,NaN,NaN,NaN,NaN,NaN,NaN,NaN,NaN,NaN,NaN,NaN,NaN,NaN,NaN,NaN,NaN,NaN,NaN,NaN,NaN,NaN,NaN,NaN,NaN,NaN,NaN,NaN,NaN,NaN,NaN,NaN,NaN,NaN,NaN,NaN,NaN,NaN,NaN,NaN,NaN,NaN,NaN,NaN,NaN,NaN,NaN,NaN,NaN,NaN,NaN,NaN,NaN,NaN,NaN,NaN,NaN,NaN,NaN,NaN,NaN,NaN,NaN,NaN,NaN,NaN,NaN,NaN,NaN,NaN,NaN,NaN,NaN,NaN,NaN,NaN,NaN,NaN,NaN,NaN,NaN,NaN,NaN,NaN,NaN,NaN,NaN,NaN,NaN,NaN,NaN,NaN,NaN,NaN,NaN,NaN,NaN,NaN,NaN,NaN,NaN,NaN,NaN,NaN,NaN,NaN,NaN,NaN,NaN,NaN,NaN,NaN,NaN,NaN,NaN,NaN,NaN,NaN,NaN,NaN,NaN,NaN,NaN,NaN,NaN,NaN,NaN,-0.0482484828839074,-0.0488335630908353,NaN,NaN,NaN,NaN,NaN,NaN,NaN,NaN,NaN,NaN,NaN,NaN,NaN,-0.0490181762955226,-0.0365170280201332,-0.0465371595424277,NaN,NaN,NaN,NaN,-0.0480729090473275,-0.0478003927485914,-0.0476722166566503,-0.0476018470600713,-0.0474347143321825,NaN,NaN,NaN,NaN,NaN,NaN,NaN,NaN,NaN,NaN,NaN,NaN,NaN,NaN,NaN,NaN,NaN,NaN,NaN,NaN,NaN,NaN,NaN,NaN,NaN,NaN,NaN,NaN,NaN,NaN,NaN
NaN,NaN,NaN,NaN,NaN,NaN,NaN,NaN,NaN,NaN,NaN,NaN,NaN,NaN,NaN,NaN,NaN,NaN,NaN,NaN,NaN,NaN,NaN,NaN,NaN,NaN,NaN,NaN,NaN,NaN,NaN,NaN,NaN,NaN,NaN,NaN,NaN,NaN,NaN,NaN,NaN,NaN,NaN,NaN,NaN,NaN,NaN,NaN,NaN,NaN,NaN,NaN,NaN,NaN,NaN,NaN,NaN,NaN,NaN,NaN,NaN,NaN,NaN,NaN,NaN,NaN,NaN,NaN,NaN,NaN,NaN,NaN,NaN,NaN,NaN,NaN,NaN,NaN,NaN,NaN,NaN,NaN,NaN,NaN,NaN,NaN,NaN,NaN,NaN,NaN,NaN,NaN,NaN,NaN,NaN,NaN,NaN,NaN,NaN,NaN,NaN,NaN,NaN,NaN,NaN,NaN,NaN,NaN,NaN,NaN,NaN,NaN,NaN,NaN,NaN,NaN,NaN,NaN,NaN,NaN,NaN,NaN,NaN,NaN,NaN,NaN,NaN,NaN,NaN,NaN,NaN,NaN,NaN,NaN,NaN,NaN,NaN,NaN,NaN,NaN,NaN,NaN,NaN,NaN,NaN,NaN,NaN,NaN,NaN,NaN,NaN,NaN,NaN,NaN,NaN,NaN,NaN,NaN,NaN,NaN,NaN,NaN,NaN,NaN,NaN,NaN,NaN,NaN,NaN,NaN,NaN,NaN,NaN,NaN,NaN,NaN,NaN,NaN,NaN,NaN,NaN,NaN,NaN,NaN,NaN,NaN,NaN,-0.0482593017530685,-0.0483322092802903,-0.0479121695167585,NaN,NaN,NaN,NaN,NaN,NaN,NaN,NaN,NaN,NaN,NaN,NaN,NaN,NaN,NaN,NaN,NaN,NaN,NaN,NaN,-0.04772586594927,-0.0476843394286665,-0.0476428838475889,-0.047566137587438,NaN,NaN,NaN,NaN,NaN,NaN,NaN,NaN,NaN,NaN,NaN,NaN,NaN,NaN,NaN,NaN,NaN,NaN,NaN,NaN,NaN,NaN,NaN,NaN,NaN,NaN,NaN,NaN,NaN,NaN,NaN
NaN,NaN,NaN,NaN,NaN,NaN,NaN,NaN,NaN,NaN,NaN,NaN,NaN,NaN,NaN,NaN,NaN,NaN,NaN,NaN,NaN,NaN,NaN,NaN,NaN,NaN,NaN,NaN,NaN,NaN,NaN,NaN,NaN,NaN,NaN,NaN,NaN,NaN,NaN,NaN,NaN,NaN,NaN,NaN,NaN,NaN,NaN,NaN,NaN,NaN,NaN,NaN,NaN,NaN,NaN,NaN,NaN,NaN,NaN,NaN,NaN,NaN,NaN,NaN,NaN,NaN,NaN,NaN,NaN,NaN,NaN,NaN,NaN,NaN,NaN,NaN,NaN,NaN,NaN,NaN,NaN,NaN,NaN,NaN,NaN,NaN,NaN,NaN,NaN,NaN,NaN,NaN,NaN,NaN,NaN,NaN,NaN,NaN,NaN,NaN,NaN,NaN,NaN,NaN,NaN,NaN,NaN,NaN,NaN,NaN,NaN,NaN,NaN,NaN,NaN,NaN,NaN,NaN,NaN,NaN,NaN,NaN,NaN,NaN,NaN,NaN,NaN,NaN,NaN,NaN,NaN,NaN,NaN,NaN,NaN,NaN,NaN,NaN,NaN,NaN,NaN,NaN,NaN,NaN,NaN,NaN,NaN,NaN,NaN,NaN,NaN,NaN,NaN,NaN,NaN,NaN,NaN,NaN,NaN,NaN,NaN,NaN,NaN,NaN,NaN,NaN,NaN,NaN,NaN,NaN,NaN,NaN,NaN,NaN,NaN,NaN,NaN,NaN,NaN,NaN,NaN,NaN,NaN,NaN,NaN,NaN,NaN,NaN,-0.048917576955639,-0.0475571204979249,NaN,NaN,NaN,NaN,NaN,NaN,NaN,NaN,NaN,NaN,NaN,NaN,NaN,NaN,NaN,NaN,NaN,NaN,NaN,NaN,-0.0476821805954982,-0.0477017922273528,-0.0477049535660349,-0.0476870866204148,NaN,NaN,NaN,NaN,NaN,NaN,NaN,NaN,NaN,NaN,NaN,NaN,NaN,NaN,NaN,NaN,NaN,NaN,NaN,NaN,NaN,NaN,NaN,NaN,NaN,NaN,NaN,NaN,NaN,NaN,NaN
NaN,NaN,NaN,NaN,NaN,NaN,NaN,NaN,NaN,NaN,NaN,NaN,NaN,NaN,NaN,NaN,NaN,NaN,NaN,NaN,NaN,NaN,NaN,NaN,NaN,NaN,NaN,NaN,NaN,NaN,NaN,NaN,NaN,NaN,NaN,NaN,NaN,NaN,NaN,NaN,NaN,NaN,NaN,NaN,NaN,NaN,NaN,NaN,NaN,NaN,NaN,NaN,NaN,NaN,NaN,NaN,NaN,NaN,NaN,NaN,NaN,NaN,NaN,NaN,NaN,NaN,NaN,NaN,NaN,NaN,NaN,NaN,NaN,NaN,NaN,NaN,NaN,NaN,NaN,NaN,NaN,NaN,NaN,NaN,NaN,NaN,NaN,NaN,NaN,NaN,NaN,NaN,NaN,NaN,NaN,NaN,NaN,NaN,NaN,NaN,NaN,NaN,NaN,NaN,NaN,NaN,NaN,NaN,NaN,NaN,NaN,NaN,NaN,NaN,NaN,NaN,NaN,NaN,NaN,NaN,NaN,NaN,NaN,NaN,NaN,NaN,NaN,NaN,NaN,NaN,NaN,NaN,NaN,NaN,NaN,NaN,NaN,NaN,NaN,NaN,NaN,NaN,NaN,NaN,NaN,NaN,NaN,NaN,NaN,NaN,NaN,NaN,NaN,NaN,NaN,NaN,NaN,NaN,NaN,NaN,NaN,NaN,NaN,NaN,NaN,NaN,NaN,NaN,NaN,NaN,NaN,NaN,NaN,NaN,NaN,NaN,NaN,NaN,NaN,NaN,NaN,NaN,NaN,NaN,NaN,NaN,NaN,NaN,-0.048466000057127,-0.028733178049357,NaN,NaN,NaN,NaN,NaN,NaN,NaN,NaN,NaN,NaN,NaN,NaN,NaN,NaN,NaN,NaN,NaN,NaN,NaN,NaN,-0.0476602063263833,-0.0476968374535141,-0.0477392018592438,-0.0477970915114947,NaN,NaN,NaN,NaN,NaN,NaN,NaN,NaN,NaN,NaN,NaN,NaN,NaN,NaN,NaN,NaN,NaN,NaN,NaN,NaN,NaN,NaN,NaN,NaN,NaN,NaN,NaN,NaN,NaN,NaN,NaN
NaN,NaN,NaN,NaN,NaN,NaN,NaN,NaN,NaN,NaN,NaN,NaN,NaN,NaN,NaN,NaN,NaN,NaN,NaN,NaN,NaN,NaN,NaN,NaN,NaN,NaN,NaN,NaN,NaN,NaN,NaN,NaN,NaN,NaN,NaN,NaN,NaN,NaN,NaN,NaN,NaN,NaN,NaN,NaN,NaN,NaN,NaN,NaN,NaN,NaN,NaN,NaN,NaN,NaN,NaN,NaN,NaN,NaN,NaN,NaN,NaN,NaN,NaN,NaN,NaN,NaN,NaN,NaN,NaN,NaN,NaN,NaN,NaN,NaN,NaN,NaN,NaN,NaN,NaN,NaN,NaN,NaN,NaN,NaN,NaN,NaN,NaN,NaN,NaN,NaN,NaN,NaN,NaN,NaN,NaN,NaN,NaN,NaN,NaN,NaN,NaN,NaN,NaN,NaN,NaN,NaN,NaN,NaN,NaN,NaN,NaN,NaN,NaN,NaN,NaN,NaN,NaN,NaN,NaN,NaN,NaN,NaN,NaN,NaN,NaN,NaN,NaN,NaN,NaN,NaN,NaN,NaN,NaN,NaN,NaN,NaN,NaN,NaN,NaN,NaN,NaN,NaN,NaN,NaN,NaN,NaN,NaN,NaN,NaN,NaN,NaN,NaN,NaN,NaN,NaN,NaN,NaN,NaN,NaN,NaN,NaN,NaN,NaN,NaN,NaN,NaN,NaN,NaN,NaN,NaN,NaN,NaN,NaN,NaN,NaN,NaN,NaN,NaN,NaN,NaN,NaN,NaN,NaN,NaN,NaN,NaN,NaN,NaN,-0.0477398171692378,-0.0477491034095349,NaN,NaN,NaN,NaN,NaN,NaN,NaN,NaN,NaN,NaN,NaN,NaN,NaN,NaN,NaN,NaN,NaN,NaN,NaN,NaN,-0.0473612934080875,-0.0475845276378917,-0.0476037813595824,-0.0466870947472293,-0.0467153370288123,NaN,NaN,NaN,NaN,NaN,NaN,NaN,NaN,NaN,NaN,NaN,NaN,NaN,NaN,NaN,NaN,NaN,NaN,NaN,NaN,NaN,NaN,NaN,NaN,NaN,NaN,NaN,NaN,NaN,NaN
NaN,NaN,NaN,NaN,NaN,NaN,NaN,NaN,NaN,NaN,NaN,NaN,NaN,NaN,NaN,NaN,NaN,NaN,NaN,NaN,NaN,NaN,NaN,NaN,NaN,NaN,NaN,NaN,NaN,NaN,NaN,NaN,NaN,NaN,NaN,NaN,NaN,NaN,NaN,NaN,NaN,NaN,NaN,NaN,NaN,NaN,NaN,NaN,NaN,NaN,NaN,NaN,NaN,NaN,NaN,NaN,NaN,NaN,NaN,NaN,NaN,NaN,NaN,NaN,NaN,NaN,NaN,NaN,NaN,NaN,NaN,NaN,NaN,NaN,NaN,NaN,NaN,NaN,NaN,NaN,NaN,NaN,NaN,NaN,NaN,NaN,NaN,NaN,NaN,NaN,NaN,NaN,NaN,NaN,NaN,NaN,NaN,NaN,NaN,NaN,NaN,NaN,NaN,NaN,NaN,NaN,NaN,NaN,NaN,NaN,NaN,NaN,NaN,NaN,NaN,NaN,NaN,NaN,NaN,NaN,NaN,NaN,NaN,NaN,NaN,NaN,NaN,NaN,NaN,NaN,NaN,NaN,NaN,NaN,NaN,NaN,NaN,NaN,NaN,NaN,NaN,NaN,NaN,NaN,NaN,NaN,NaN,NaN,NaN,NaN,NaN,NaN,NaN,NaN,NaN,NaN,NaN,NaN,NaN,NaN,NaN,NaN,NaN,NaN,NaN,NaN,NaN,NaN,NaN,NaN,NaN,NaN,NaN,NaN,NaN,NaN,NaN,NaN,NaN,NaN,NaN,NaN,NaN,NaN,NaN,NaN,NaN,NaN,-0.0478961390140041,NaN,NaN,NaN,NaN,NaN,NaN,NaN,NaN,NaN,NaN,NaN,NaN,NaN,NaN,NaN,NaN,NaN,NaN,NaN,NaN,NaN,NaN,-0.0470602911349373,-0.0472112867655966,-0.0470167140475381,-0.0468498302376298,NaN,NaN,NaN,NaN,NaN,NaN,NaN,NaN,NaN,NaN,NaN,NaN,NaN,NaN,NaN,NaN,NaN,NaN,NaN,NaN,NaN,NaN,NaN,NaN,NaN,NaN,NaN,NaN,NaN,NaN
NaN,NaN,NaN,NaN,NaN,NaN,NaN,NaN,NaN,NaN,NaN,NaN,NaN,NaN,NaN,NaN,NaN,NaN,NaN,NaN,NaN,NaN,NaN,NaN,NaN,NaN,NaN,NaN,NaN,NaN,NaN,NaN,NaN,NaN,NaN,NaN,NaN,NaN,NaN,NaN,NaN,NaN,NaN,NaN,NaN,NaN,NaN,NaN,NaN,NaN,NaN,NaN,NaN,NaN,NaN,NaN,NaN,NaN,NaN,NaN,NaN,NaN,NaN,NaN,NaN,NaN,NaN,NaN,NaN,NaN,NaN,NaN,NaN,NaN,NaN,NaN,NaN,NaN,NaN,NaN,NaN,NaN,NaN,NaN,NaN,NaN,NaN,NaN,NaN,NaN,NaN,NaN,NaN,NaN,NaN,NaN,NaN,NaN,NaN,NaN,NaN,NaN,NaN,NaN,NaN,NaN,NaN,NaN,NaN,NaN,NaN,NaN,NaN,NaN,NaN,NaN,NaN,NaN,NaN,NaN,NaN,NaN,NaN,NaN,NaN,NaN,NaN,NaN,NaN,NaN,NaN,NaN,NaN,NaN,NaN,NaN,NaN,NaN,NaN,NaN,NaN,NaN,NaN,NaN,NaN,NaN,NaN,NaN,NaN,NaN,NaN,NaN,NaN,NaN,NaN,NaN,NaN,NaN,NaN,NaN,NaN,NaN,NaN,NaN,NaN,NaN,NaN,NaN,NaN,NaN,NaN,NaN,NaN,NaN,NaN,NaN,NaN,NaN,NaN,NaN,NaN,NaN,NaN,NaN,NaN,NaN,NaN,NaN,-0.0463885525244355,-0.0426675716656688,NaN,NaN,NaN,NaN,0.10000155121088,0.100001037120819,NaN,NaN,NaN,NaN,NaN,NaN,NaN,NaN,NaN,NaN,NaN,NaN,NaN,NaN,NaN,NaN,-0.0467035889245171,-0.0469411423241543,-0.0468757499414945,NaN,NaN,NaN,NaN,NaN,NaN,NaN,NaN,NaN,NaN,NaN,NaN,NaN,NaN,NaN,NaN,NaN,NaN,NaN,NaN,NaN,NaN,NaN,NaN,NaN,NaN,NaN,NaN,NaN,NaN
NaN,NaN,NaN,NaN,NaN,NaN,NaN,NaN,NaN,NaN,NaN,NaN,NaN,NaN,NaN,NaN,NaN,NaN,NaN,NaN,NaN,NaN,NaN,NaN,NaN,NaN,NaN,NaN,NaN,NaN,NaN,NaN,NaN,NaN,NaN,NaN,NaN,NaN,NaN,NaN,NaN,NaN,NaN,NaN,NaN,NaN,NaN,NaN,NaN,NaN,NaN,NaN,NaN,NaN,NaN,NaN,NaN,NaN,NaN,NaN,NaN,NaN,NaN,NaN,NaN,NaN,NaN,NaN,NaN,NaN,NaN,NaN,NaN,NaN,NaN,NaN,NaN,NaN,NaN,NaN,NaN,NaN,NaN,NaN,NaN,NaN,NaN,NaN,NaN,NaN,NaN,NaN,NaN,NaN,NaN,NaN,NaN,NaN,NaN,NaN,NaN,NaN,NaN,NaN,NaN,NaN,NaN,NaN,NaN,NaN,NaN,NaN,NaN,NaN,NaN,NaN,NaN,NaN,NaN,NaN,NaN,NaN,NaN,NaN,NaN,NaN,NaN,NaN,NaN,NaN,NaN,NaN,NaN,NaN,NaN,NaN,NaN,NaN,NaN,NaN,NaN,NaN,NaN,NaN,NaN,NaN,NaN,NaN,NaN,NaN,NaN,NaN,NaN,NaN,NaN,NaN,NaN,NaN,NaN,NaN,NaN,NaN,NaN,NaN,NaN,NaN,NaN,NaN,NaN,NaN,NaN,NaN,NaN,NaN,NaN,NaN,NaN,NaN,NaN,NaN,NaN,NaN,NaN,NaN,NaN,NaN,NaN,NaN,-0.0462555970350936,-0.0454532527388889,NaN,NaN,NaN,NaN,0.100001037120819,0.10000155121088,NaN,NaN,NaN,NaN,NaN,NaN,NaN,NaN,NaN,NaN,NaN,NaN,NaN,NaN,NaN,NaN,NaN,NaN,NaN,NaN,NaN,NaN,NaN,NaN,NaN,NaN,NaN,NaN,NaN,NaN,NaN,NaN,NaN,NaN,NaN,NaN,NaN,NaN,NaN,NaN,NaN,NaN,NaN,NaN,NaN,NaN,NaN,NaN,NaN
NaN,NaN,NaN,NaN,NaN,NaN,NaN,NaN,NaN,NaN,NaN,NaN,NaN,NaN,NaN,NaN,NaN,NaN,NaN,NaN,NaN,NaN,NaN,NaN,NaN,NaN,NaN,NaN,NaN,NaN,NaN,NaN,NaN,NaN,NaN,NaN,NaN,NaN,NaN,NaN,NaN,NaN,NaN,NaN,NaN,NaN,NaN,NaN,NaN,NaN,NaN,NaN,NaN,NaN,NaN,NaN,NaN,NaN,NaN,NaN,NaN,NaN,NaN,NaN,NaN,NaN,NaN,NaN,NaN,NaN,NaN,NaN,NaN,NaN,NaN,NaN,NaN,NaN,NaN,NaN,NaN,NaN,NaN,NaN,NaN,NaN,NaN,NaN,NaN,NaN,NaN,NaN,NaN,NaN,NaN,NaN,NaN,NaN,NaN,NaN,NaN,NaN,NaN,NaN,NaN,NaN,NaN,NaN,NaN,NaN,NaN,NaN,NaN,NaN,NaN,NaN,NaN,NaN,NaN,NaN,NaN,NaN,NaN,NaN,NaN,NaN,NaN,NaN,NaN,NaN,NaN,NaN,NaN,NaN,NaN,NaN,NaN,NaN,NaN,NaN,NaN,NaN,NaN,NaN,NaN,NaN,NaN,NaN,NaN,NaN,NaN,NaN,NaN,NaN,NaN,NaN,NaN,NaN,NaN,NaN,NaN,NaN,NaN,NaN,NaN,NaN,NaN,NaN,NaN,NaN,NaN,NaN,NaN,NaN,NaN,NaN,NaN,NaN,NaN,NaN,NaN,NaN,NaN,NaN,NaN,NaN,-0.0450090496013555,-0.0454140871860502,-0.0456737846933281,-0.041239935879274,NaN,NaN,NaN,NaN,NaN,NaN,NaN,NaN,NaN,NaN,NaN,NaN,NaN,NaN,NaN,NaN,NaN,NaN,NaN,NaN,NaN,NaN,NaN,NaN,NaN,NaN,NaN,NaN,NaN,NaN,NaN,NaN,NaN,NaN,NaN,NaN,NaN,NaN,NaN,NaN,NaN,NaN,NaN,NaN,NaN,NaN,NaN,NaN,NaN,NaN,NaN,NaN,NaN,NaN,NaN
NaN,NaN,NaN,NaN,NaN,NaN,NaN,NaN,NaN,NaN,NaN,NaN,NaN,NaN,NaN,NaN,NaN,NaN,NaN,NaN,NaN,NaN,NaN,NaN,NaN,NaN,NaN,NaN,NaN,NaN,NaN,NaN,NaN,NaN,NaN,NaN,NaN,NaN,NaN,NaN,NaN,NaN,NaN,NaN,NaN,NaN,NaN,NaN,NaN,NaN,NaN,NaN,NaN,NaN,NaN,NaN,NaN,NaN,NaN,NaN,NaN,NaN,NaN,NaN,NaN,NaN,NaN,NaN,NaN,NaN,NaN,NaN,NaN,NaN,NaN,NaN,NaN,NaN,NaN,NaN,NaN,NaN,NaN,NaN,NaN,NaN,NaN,NaN,NaN,NaN,NaN,NaN,NaN,NaN,NaN,NaN,NaN,NaN,NaN,NaN,NaN,NaN,NaN,NaN,NaN,NaN,NaN,NaN,NaN,NaN,NaN,NaN,NaN,NaN,NaN,NaN,NaN,NaN,NaN,NaN,NaN,NaN,NaN,NaN,NaN,NaN,NaN,NaN,NaN,NaN,NaN,NaN,NaN,NaN,NaN,NaN,NaN,NaN,NaN,NaN,NaN,NaN,NaN,NaN,NaN,NaN,NaN,NaN,NaN,NaN,NaN,NaN,NaN,NaN,NaN,NaN,NaN,NaN,NaN,NaN,NaN,NaN,NaN,NaN,NaN,NaN,NaN,NaN,NaN,NaN,NaN,NaN,NaN,NaN,NaN,NaN,NaN,NaN,NaN,NaN,NaN,NaN,NaN,NaN,NaN,NaN,-0.0452904238894726,-0.0455081980104836,NaN,NaN,NaN,NaN,NaN,NaN,NaN,NaN,NaN,NaN,NaN,NaN,NaN,NaN,NaN,NaN,NaN,NaN,NaN,NaN,NaN,NaN,NaN,NaN,NaN,NaN,NaN,NaN,NaN,NaN,NaN,NaN,NaN,NaN,NaN,NaN,NaN,NaN,NaN,NaN,NaN,NaN,NaN,NaN,NaN,NaN,NaN,NaN,NaN,NaN,NaN,NaN,NaN,NaN,NaN,NaN,NaN
NaN,NaN,NaN,NaN,NaN,NaN,NaN,NaN,NaN,NaN,NaN,NaN,NaN,NaN,NaN,NaN,NaN,NaN,NaN,NaN,NaN,NaN,NaN,NaN,NaN,NaN,NaN,NaN,NaN,NaN,NaN,NaN,NaN,NaN,NaN,NaN,NaN,NaN,NaN,NaN,NaN,NaN,NaN,NaN,NaN,NaN,NaN,NaN,NaN,NaN,NaN,NaN,NaN,NaN,NaN,NaN,NaN,NaN,NaN,NaN,NaN,NaN,NaN,NaN,NaN,NaN,NaN,NaN,NaN,NaN,NaN,NaN,NaN,NaN,NaN,NaN,NaN,NaN,NaN,NaN,NaN,NaN,NaN,NaN,NaN,NaN,NaN,NaN,NaN,NaN,NaN,NaN,NaN,NaN,NaN,NaN,NaN,NaN,NaN,NaN,NaN,NaN,NaN,NaN,NaN,NaN,NaN,NaN,NaN,NaN,NaN,NaN,NaN,NaN,NaN,NaN,NaN,NaN,NaN,NaN,NaN,NaN,NaN,NaN,NaN,NaN,NaN,NaN,NaN,NaN,NaN,NaN,NaN,NaN,NaN,NaN,NaN,NaN,NaN,NaN,NaN,NaN,NaN,NaN,NaN,NaN,NaN,NaN,NaN,NaN,NaN,NaN,NaN,NaN,NaN,NaN,NaN,NaN,NaN,NaN,NaN,NaN,NaN,NaN,NaN,NaN,NaN,NaN,NaN,NaN,NaN,NaN,NaN,NaN,NaN,NaN,NaN,NaN,NaN,NaN,NaN,NaN,NaN,NaN,NaN,NaN,-0.0452825197670548,-0.0449981144719248,NaN,NaN,NaN,NaN,NaN,NaN,NaN,NaN,NaN,NaN,NaN,NaN,NaN,NaN,NaN,NaN,NaN,NaN,NaN,NaN,NaN,NaN,NaN,NaN,NaN,NaN,NaN,NaN,NaN,NaN,NaN,NaN,NaN,NaN,NaN,NaN,NaN,NaN,NaN,NaN,NaN,NaN,NaN,NaN,NaN,NaN,NaN,NaN,NaN,NaN,NaN,NaN,NaN,NaN,NaN,NaN,NaN
NaN,NaN,NaN,NaN,NaN,NaN,NaN,NaN,NaN,NaN,NaN,NaN,NaN,NaN,NaN,NaN,NaN,NaN,NaN,NaN,NaN,NaN,NaN,NaN,NaN,NaN,NaN,NaN,NaN,NaN,NaN,NaN,NaN,NaN,NaN,NaN,NaN,NaN,NaN,NaN,NaN,NaN,NaN,NaN,NaN,NaN,NaN,NaN,NaN,NaN,NaN,NaN,NaN,NaN,NaN,NaN,NaN,NaN,NaN,NaN,NaN,NaN,NaN,NaN,NaN,NaN,NaN,NaN,NaN,NaN,NaN,NaN,NaN,NaN,NaN,NaN,NaN,NaN,NaN,NaN,NaN,NaN,NaN,NaN,NaN,NaN,NaN,NaN,NaN,NaN,NaN,NaN,NaN,NaN,NaN,NaN,NaN,NaN,NaN,NaN,NaN,NaN,NaN,NaN,NaN,NaN,NaN,NaN,NaN,NaN,NaN,NaN,NaN,NaN,NaN,NaN,NaN,NaN,NaN,NaN,NaN,NaN,NaN,NaN,NaN,NaN,NaN,NaN,NaN,NaN,NaN,NaN,NaN,NaN,NaN,NaN,NaN,NaN,NaN,NaN,NaN,NaN,NaN,NaN,NaN,NaN,NaN,NaN,NaN,NaN,NaN,NaN,NaN,NaN,NaN,NaN,NaN,NaN,NaN,NaN,NaN,NaN,NaN,NaN,NaN,NaN,NaN,NaN,NaN,NaN,NaN,NaN,NaN,NaN,NaN,NaN,NaN,NaN,NaN,NaN,NaN,NaN,NaN,NaN,NaN,NaN,-0.0457058151483998,NaN,NaN,NaN,NaN,NaN,NaN,NaN,NaN,NaN,NaN,NaN,NaN,NaN,NaN,NaN,NaN,NaN,NaN,NaN,NaN,NaN,NaN,NaN,NaN,NaN,NaN,NaN,NaN,NaN,NaN,NaN,NaN,NaN,NaN,NaN,NaN,NaN,NaN,NaN,NaN,NaN,NaN,NaN,NaN,NaN,NaN,NaN,NaN,NaN,NaN,NaN,NaN,NaN,NaN,NaN,NaN,NaN,NaN
NaN,NaN,NaN,NaN,NaN,NaN,NaN,NaN,NaN,NaN,NaN,NaN,NaN,NaN,NaN,NaN,NaN,NaN,NaN,NaN,NaN,NaN,NaN,NaN,NaN,NaN,NaN,NaN,NaN,NaN,NaN,NaN,NaN,NaN,NaN,NaN,NaN,NaN,NaN,NaN,NaN,NaN,NaN,NaN,NaN,NaN,NaN,NaN,NaN,NaN,NaN,NaN,NaN,NaN,NaN,NaN,NaN,NaN,NaN,NaN,NaN,NaN,NaN,NaN,NaN,NaN,NaN,NaN,NaN,NaN,NaN,NaN,NaN,NaN,NaN,NaN,NaN,NaN,NaN,NaN,NaN,NaN,NaN,NaN,NaN,NaN,NaN,NaN,NaN,NaN,NaN,NaN,NaN,NaN,NaN,NaN,NaN,NaN,NaN,NaN,NaN,NaN,NaN,NaN,NaN,NaN,NaN,NaN,NaN,NaN,NaN,NaN,NaN,NaN,NaN,NaN,NaN,NaN,NaN,NaN,NaN,NaN,NaN,NaN,NaN,NaN,NaN,NaN,NaN,NaN,NaN,NaN,NaN,NaN,NaN,NaN,NaN,NaN,NaN,NaN,NaN,NaN,NaN,NaN,NaN,NaN,NaN,NaN,NaN,NaN,NaN,NaN,NaN,NaN,NaN,NaN,NaN,NaN,NaN,NaN,NaN,NaN,NaN,NaN,NaN,NaN,NaN,NaN,NaN,NaN,NaN,NaN,NaN,NaN,NaN,NaN,NaN,NaN,NaN,NaN,NaN,NaN,NaN,NaN,NaN,-0.0154766993108004,-0.0454686924482166,NaN,NaN,NaN,NaN,NaN,NaN,NaN,NaN,NaN,NaN,NaN,NaN,NaN,NaN,NaN,NaN,NaN,NaN,NaN,NaN,NaN,NaN,NaN,NaN,NaN,NaN,NaN,NaN,NaN,NaN,NaN,NaN,NaN,NaN,NaN,NaN,NaN,NaN,NaN,NaN,NaN,NaN,NaN,NaN,NaN,NaN,NaN,NaN,NaN,NaN,NaN,NaN,NaN,NaN,NaN,NaN,NaN,NaN
NaN,NaN,NaN,NaN,NaN,NaN,NaN,NaN,NaN,NaN,NaN,NaN,NaN,NaN,NaN,NaN,NaN,NaN,NaN,NaN,NaN,NaN,NaN,NaN,NaN,NaN,NaN,NaN,NaN,NaN,NaN,NaN,NaN,NaN,NaN,NaN,NaN,NaN,NaN,NaN,NaN,NaN,NaN,NaN,NaN,NaN,NaN,NaN,NaN,NaN,NaN,NaN,NaN,NaN,NaN,NaN,NaN,NaN,NaN,NaN,NaN,NaN,NaN,NaN,NaN,NaN,NaN,NaN,NaN,NaN,NaN,NaN,NaN,NaN,NaN,NaN,NaN,NaN,NaN,NaN,NaN,NaN,NaN,NaN,NaN,NaN,NaN,NaN,NaN,NaN,NaN,NaN,NaN,NaN,NaN,NaN,NaN,NaN,NaN,NaN,NaN,NaN,NaN,NaN,NaN,NaN,NaN,NaN,NaN,NaN,NaN,NaN,NaN,NaN,NaN,NaN,NaN,NaN,NaN,NaN,NaN,NaN,NaN,NaN,NaN,NaN,NaN,NaN,NaN,NaN,NaN,NaN,NaN,NaN,NaN,NaN,NaN,NaN,NaN,NaN,NaN,NaN,NaN,NaN,NaN,NaN,NaN,NaN,NaN,NaN,NaN,NaN,NaN,NaN,NaN,NaN,NaN,NaN,NaN,NaN,NaN,NaN,NaN,NaN,NaN,NaN,NaN,NaN,NaN,NaN,NaN,NaN,NaN,NaN,NaN,NaN,NaN,NaN,NaN,NaN,NaN,NaN,NaN,NaN,0.00258979247901027,-0.0173204681876324,NaN,NaN,NaN,NaN,NaN,NaN,NaN,NaN,NaN,NaN,NaN,NaN,NaN,NaN,NaN,NaN,NaN,NaN,NaN,NaN,NaN,NaN,NaN,NaN,NaN,NaN,NaN,NaN,NaN,NaN,NaN,NaN,NaN,NaN,NaN,NaN,NaN,NaN,NaN,NaN,NaN,NaN,NaN,NaN,NaN,NaN,NaN,NaN,NaN,NaN,NaN,NaN,NaN,NaN,NaN,NaN,NaN,NaN,NaN
NaN,NaN,NaN,NaN,NaN,NaN,NaN,NaN,NaN,NaN,NaN,NaN,NaN,NaN,NaN,NaN,NaN,NaN,NaN,NaN,NaN,NaN,NaN,NaN,NaN,NaN,NaN,NaN,NaN,NaN,NaN,NaN,NaN,NaN,NaN,NaN,NaN,NaN,NaN,NaN,NaN,NaN,NaN,NaN,NaN,NaN,NaN,NaN,NaN,NaN,NaN,NaN,NaN,NaN,NaN,NaN,NaN,NaN,NaN,NaN,NaN,NaN,NaN,NaN,NaN,NaN,NaN,NaN,NaN,NaN,NaN,NaN,NaN,NaN,NaN,NaN,NaN,NaN,NaN,NaN,NaN,NaN,NaN,NaN,NaN,NaN,NaN,NaN,NaN,NaN,NaN,NaN,NaN,NaN,NaN,NaN,NaN,NaN,NaN,NaN,NaN,NaN,NaN,NaN,NaN,NaN,NaN,NaN,NaN,NaN,NaN,NaN,NaN,NaN,NaN,NaN,NaN,NaN,NaN,NaN,NaN,NaN,NaN,NaN,NaN,NaN,NaN,NaN,NaN,NaN,NaN,NaN,NaN,NaN,NaN,NaN,NaN,NaN,NaN,NaN,NaN,NaN,NaN,NaN,NaN,NaN,NaN,NaN,NaN,NaN,NaN,NaN,NaN,NaN,NaN,NaN,NaN,NaN,NaN,NaN,NaN,NaN,NaN,NaN,NaN,NaN,NaN,NaN,NaN,NaN,NaN,NaN,NaN,NaN,NaN,NaN,NaN,NaN,NaN,NaN,NaN,NaN,NaN,0.00286103046874343,-0.0174256183998282,-0.0170403313964701,NaN,NaN,NaN,NaN,NaN,NaN,NaN,NaN,NaN,NaN,NaN,NaN,NaN,NaN,NaN,NaN,NaN,NaN,NaN,NaN,NaN,NaN,NaN,NaN,NaN,NaN,NaN,NaN,NaN,NaN,NaN,NaN,NaN,NaN,NaN,NaN,NaN,NaN,NaN,NaN,NaN,NaN,NaN,NaN,NaN,NaN,NaN,NaN,NaN,NaN,NaN,NaN,NaN,NaN,NaN,NaN,NaN,NaN,NaN
NaN,NaN,NaN,NaN,NaN,NaN,NaN,NaN,NaN,NaN,NaN,NaN,NaN,NaN,NaN,NaN,NaN,NaN,NaN,NaN,NaN,NaN,NaN,NaN,NaN,NaN,NaN,NaN,NaN,NaN,NaN,NaN,NaN,NaN,NaN,NaN,NaN,NaN,NaN,NaN,NaN,NaN,NaN,NaN,NaN,NaN,NaN,NaN,NaN,NaN,NaN,NaN,NaN,NaN,NaN,NaN,NaN,NaN,NaN,NaN,NaN,NaN,NaN,NaN,NaN,NaN,NaN,NaN,NaN,NaN,NaN,NaN,NaN,NaN,NaN,NaN,NaN,NaN,NaN,NaN,NaN,NaN,NaN,NaN,NaN,NaN,NaN,NaN,NaN,NaN,NaN,NaN,NaN,NaN,NaN,NaN,NaN,NaN,NaN,NaN,NaN,NaN,NaN,NaN,NaN,NaN,NaN,NaN,NaN,NaN,NaN,NaN,NaN,NaN,NaN,NaN,NaN,NaN,NaN,NaN,NaN,NaN,NaN,NaN,NaN,NaN,NaN,NaN,NaN,NaN,NaN,NaN,NaN,NaN,NaN,NaN,NaN,NaN,NaN,NaN,NaN,NaN,NaN,NaN,NaN,NaN,NaN,NaN,NaN,NaN,NaN,NaN,NaN,NaN,NaN,NaN,NaN,NaN,NaN,NaN,NaN,NaN,NaN,NaN,NaN,NaN,NaN,NaN,NaN,NaN,NaN,NaN,NaN,NaN,NaN,NaN,NaN,NaN,NaN,NaN,NaN,NaN,NaN,-0.0177201887920049,-0.0177486067532362,NaN,NaN,NaN,NaN,NaN,NaN,NaN,NaN,NaN,NaN,NaN,NaN,NaN,NaN,NaN,NaN,NaN,NaN,NaN,NaN,NaN,NaN,NaN,NaN,NaN,NaN,NaN,NaN,NaN,NaN,NaN,NaN,NaN,NaN,NaN,NaN,NaN,NaN,NaN,NaN,NaN,NaN,NaN,NaN,NaN,NaN,NaN,NaN,NaN,NaN,NaN,NaN,NaN,NaN,NaN,NaN,NaN,NaN,NaN,NaN
NaN,NaN,NaN,NaN,NaN,NaN,NaN,NaN,NaN,NaN,NaN,NaN,NaN,NaN,NaN,NaN,NaN,NaN,NaN,NaN,NaN,NaN,NaN,NaN,NaN,NaN,NaN,NaN,NaN,NaN,NaN,NaN,NaN,NaN,NaN,NaN,NaN,NaN,NaN,NaN,NaN,NaN,NaN,NaN,NaN,NaN,NaN,NaN,NaN,NaN,NaN,NaN,NaN,NaN,NaN,NaN,NaN,NaN,NaN,NaN,NaN,NaN,NaN,NaN,NaN,NaN,NaN,NaN,NaN,NaN,NaN,NaN,NaN,NaN,NaN,NaN,NaN,NaN,NaN,NaN,NaN,NaN,NaN,NaN,NaN,NaN,NaN,NaN,NaN,NaN,NaN,NaN,NaN,NaN,NaN,NaN,NaN,NaN,NaN,NaN,NaN,NaN,NaN,NaN,NaN,NaN,NaN,NaN,NaN,NaN,NaN,NaN,NaN,NaN,NaN,NaN,NaN,NaN,NaN,NaN,NaN,NaN,NaN,NaN,NaN,NaN,NaN,NaN,NaN,NaN,NaN,NaN,NaN,NaN,NaN,NaN,NaN,NaN,NaN,NaN,NaN,NaN,NaN,NaN,NaN,NaN,NaN,NaN,NaN,NaN,NaN,NaN,NaN,NaN,NaN,NaN,NaN,NaN,NaN,NaN,NaN,NaN,NaN,NaN,NaN,NaN,NaN,NaN,NaN,NaN,NaN,NaN,NaN,NaN,NaN,NaN,NaN,NaN,NaN,NaN,NaN,NaN,NaN,-0.0125532767620718,-0.0178320481871385,NaN,NaN,NaN,NaN,NaN,NaN,NaN,NaN,NaN,NaN,NaN,NaN,NaN,NaN,NaN,NaN,NaN,NaN,NaN,NaN,NaN,NaN,NaN,NaN,NaN,NaN,NaN,NaN,NaN,NaN,NaN,NaN,NaN,NaN,NaN,NaN,NaN,NaN,NaN,NaN,NaN,NaN,NaN,NaN,NaN,NaN,NaN,NaN,NaN,NaN,NaN,NaN,NaN,NaN,NaN,NaN,NaN,NaN,NaN,NaN
NaN,NaN,NaN,NaN,NaN,NaN,NaN,NaN,NaN,NaN,NaN,NaN,NaN,NaN,NaN,NaN,NaN,NaN,NaN,NaN,NaN,NaN,NaN,NaN,NaN,NaN,NaN,NaN,NaN,NaN,NaN,NaN,NaN,NaN,NaN,NaN,NaN,NaN,NaN,NaN,NaN,NaN,NaN,NaN,NaN,NaN,NaN,NaN,NaN,NaN,NaN,NaN,NaN,NaN,NaN,NaN,NaN,NaN,NaN,NaN,NaN,NaN,NaN,NaN,NaN,NaN,NaN,NaN,NaN,NaN,NaN,NaN,NaN,NaN,NaN,NaN,NaN,NaN,NaN,NaN,NaN,NaN,NaN,NaN,NaN,NaN,NaN,NaN,NaN,NaN,NaN,NaN,NaN,NaN,NaN,NaN,NaN,NaN,NaN,NaN,NaN,NaN,NaN,NaN,NaN,NaN,NaN,NaN,NaN,NaN,NaN,NaN,NaN,NaN,NaN,NaN,NaN,NaN,NaN,NaN,NaN,NaN,NaN,NaN,NaN,NaN,NaN,NaN,NaN,NaN,NaN,NaN,NaN,NaN,NaN,NaN,NaN,NaN,NaN,NaN,NaN,NaN,NaN,NaN,NaN,NaN,NaN,NaN,NaN,NaN,NaN,NaN,NaN,NaN,NaN,NaN,NaN,NaN,NaN,NaN,NaN,NaN,NaN,NaN,NaN,NaN,NaN,NaN,NaN,NaN,NaN,NaN,NaN,NaN,NaN,NaN,NaN,NaN,NaN,NaN,NaN,NaN,NaN,0.0528181765963065,-0.0126493988432836,NaN,NaN,NaN,NaN,NaN,NaN,NaN,NaN,NaN,NaN,NaN,NaN,NaN,NaN,NaN,NaN,NaN,NaN,NaN,NaN,NaN,NaN,NaN,NaN,NaN,NaN,NaN,NaN,NaN,NaN,NaN,NaN,NaN,NaN,NaN,NaN,NaN,NaN,NaN,NaN,NaN,NaN,NaN,NaN,NaN,NaN,NaN,NaN,NaN,NaN,NaN,NaN,NaN,NaN,NaN,NaN,NaN,NaN,NaN,NaN
NaN,NaN,NaN,NaN,NaN,NaN,NaN,NaN,NaN,NaN,NaN,NaN,NaN,NaN,NaN,NaN,NaN,NaN,NaN,NaN,NaN,NaN,NaN,NaN,NaN,NaN,NaN,NaN,NaN,NaN,NaN,NaN,NaN,NaN,NaN,NaN,NaN,NaN,NaN,NaN,NaN,NaN,NaN,NaN,NaN,NaN,NaN,NaN,NaN,NaN,NaN,NaN,NaN,NaN,NaN,NaN,NaN,NaN,NaN,NaN,NaN,NaN,NaN,NaN,NaN,NaN,NaN,NaN,NaN,NaN,NaN,NaN,NaN,NaN,NaN,NaN,NaN,NaN,NaN,NaN,NaN,NaN,NaN,NaN,NaN,NaN,NaN,NaN,NaN,NaN,NaN,NaN,NaN,NaN,NaN,NaN,NaN,NaN,NaN,NaN,NaN,NaN,NaN,NaN,NaN,NaN,NaN,NaN,NaN,NaN,NaN,NaN,NaN,NaN,NaN,NaN,NaN,NaN,NaN,NaN,NaN,NaN,NaN,NaN,NaN,NaN,NaN,NaN,NaN,NaN,NaN,NaN,NaN,NaN,NaN,NaN,NaN,NaN,NaN,NaN,NaN,NaN,NaN,NaN,NaN,NaN,NaN,NaN,NaN,NaN,NaN,NaN,NaN,NaN,NaN,NaN,NaN,NaN,NaN,NaN,NaN,NaN,NaN,NaN,NaN,NaN,NaN,NaN,NaN,NaN,NaN,NaN,NaN,NaN,NaN,NaN,NaN,NaN,NaN,NaN,NaN,NaN,0.0527246565235021,0.0514633963588155,0.0528463596187078,NaN,NaN,NaN,NaN,NaN,NaN,NaN,NaN,NaN,NaN,NaN,NaN,NaN,NaN,NaN,NaN,NaN,NaN,NaN,NaN,NaN,NaN,NaN,NaN,NaN,NaN,NaN,NaN,NaN,NaN,NaN,NaN,NaN,NaN,NaN,NaN,NaN,NaN,NaN,NaN,NaN,NaN,NaN,NaN,NaN,NaN,NaN,NaN,NaN,NaN,NaN,NaN,NaN,NaN,NaN,NaN,NaN,NaN,NaN,NaN
NaN,NaN,NaN,NaN,NaN,NaN,NaN,NaN,NaN,NaN,NaN,NaN,NaN,NaN,NaN,NaN,NaN,NaN,NaN,NaN,NaN,NaN,NaN,NaN,NaN,NaN,NaN,NaN,NaN,NaN,NaN,NaN,NaN,NaN,NaN,NaN,NaN,NaN,NaN,NaN,NaN,NaN,NaN,NaN,NaN,NaN,NaN,NaN,NaN,NaN,NaN,NaN,NaN,NaN,NaN,NaN,NaN,NaN,NaN,NaN,NaN,NaN,NaN,NaN,NaN,NaN,NaN,NaN,NaN,NaN,NaN,NaN,NaN,NaN,NaN,NaN,NaN,NaN,NaN,NaN,NaN,NaN,NaN,NaN,NaN,NaN,NaN,NaN,NaN,NaN,NaN,NaN,NaN,NaN,NaN,NaN,NaN,NaN,NaN,NaN,NaN,NaN,NaN,NaN,NaN,NaN,NaN,NaN,NaN,NaN,NaN,NaN,NaN,NaN,NaN,NaN,NaN,NaN,NaN,NaN,NaN,NaN,NaN,NaN,NaN,NaN,NaN,NaN,NaN,NaN,NaN,NaN,NaN,NaN,NaN,NaN,NaN,NaN,NaN,NaN,NaN,NaN,NaN,NaN,NaN,NaN,NaN,NaN,NaN,NaN,NaN,NaN,NaN,NaN,NaN,NaN,NaN,NaN,NaN,NaN,NaN,NaN,NaN,NaN,NaN,NaN,NaN,NaN,NaN,NaN,NaN,NaN,NaN,NaN,NaN,NaN,NaN,NaN,NaN,NaN,NaN,NaN,0.0512599762955212,0.0513300602321672,NaN,NaN,NaN,NaN,NaN,NaN,NaN,NaN,NaN,NaN,NaN,NaN,NaN,NaN,NaN,NaN,NaN,NaN,NaN,NaN,NaN,NaN,NaN,NaN,NaN,NaN,NaN,NaN,NaN,NaN,NaN,NaN,NaN,NaN,NaN,NaN,NaN,NaN,NaN,NaN,NaN,NaN,NaN,NaN,NaN,NaN,NaN,NaN,NaN,NaN,NaN,NaN,NaN,NaN,NaN,NaN,NaN,NaN,NaN,NaN,NaN
NaN,NaN,NaN,NaN,NaN,NaN,NaN,NaN,NaN,NaN,NaN,NaN,NaN,NaN,NaN,NaN,NaN,NaN,NaN,NaN,NaN,NaN,NaN,NaN,NaN,NaN,NaN,NaN,NaN,NaN,NaN,NaN,NaN,NaN,NaN,NaN,NaN,NaN,NaN,NaN,NaN,NaN,NaN,NaN,NaN,NaN,NaN,NaN,NaN,NaN,NaN,NaN,NaN,NaN,NaN,NaN,NaN,NaN,NaN,NaN,NaN,NaN,NaN,NaN,NaN,NaN,NaN,NaN,NaN,NaN,NaN,NaN,NaN,NaN,NaN,NaN,NaN,NaN,NaN,NaN,NaN,NaN,NaN,NaN,NaN,NaN,NaN,NaN,NaN,NaN,NaN,NaN,NaN,NaN,NaN,NaN,NaN,NaN,NaN,NaN,NaN,NaN,NaN,NaN,NaN,NaN,NaN,NaN,NaN,NaN,NaN,NaN,NaN,NaN,NaN,NaN,NaN,NaN,NaN,NaN,NaN,NaN,NaN,NaN,NaN,NaN,NaN,NaN,NaN,NaN,NaN,NaN,NaN,NaN,NaN,NaN,NaN,NaN,NaN,NaN,NaN,NaN,NaN,NaN,NaN,NaN,NaN,NaN,NaN,NaN,NaN,NaN,NaN,NaN,NaN,NaN,NaN,NaN,NaN,NaN,NaN,NaN,NaN,NaN,NaN,NaN,NaN,NaN,NaN,NaN,NaN,NaN,NaN,NaN,NaN,NaN,NaN,NaN,NaN,NaN,NaN,NaN,0.052616343238082,0.0512322546936354,NaN,NaN,NaN,NaN,NaN,NaN,NaN,NaN,NaN,NaN,NaN,NaN,NaN,NaN,NaN,NaN,NaN,NaN,NaN,NaN,NaN,NaN,NaN,NaN,NaN,NaN,NaN,NaN,NaN,NaN,NaN,NaN,NaN,NaN,NaN,NaN,NaN,NaN,NaN,NaN,NaN,NaN,NaN,NaN,NaN,NaN,NaN,NaN,NaN,NaN,NaN,NaN,NaN,NaN,NaN,NaN,NaN,NaN,NaN,NaN,NaN
NaN,NaN,NaN,NaN,NaN,NaN,NaN,NaN,NaN,NaN,NaN,NaN,NaN,NaN,NaN,NaN,NaN,NaN,NaN,NaN,NaN,NaN,NaN,NaN,NaN,NaN,NaN,NaN,NaN,NaN,NaN,NaN,NaN,NaN,NaN,NaN,NaN,NaN,NaN,NaN,NaN,NaN,NaN,NaN,NaN,NaN,NaN,NaN,NaN,NaN,NaN,NaN,NaN,NaN,NaN,NaN,NaN,NaN,NaN,NaN,NaN,NaN,NaN,NaN,NaN,NaN,NaN,NaN,NaN,NaN,NaN,NaN,NaN,NaN,NaN,NaN,NaN,NaN,NaN,NaN,NaN,NaN,NaN,NaN,NaN,NaN,NaN,NaN,NaN,NaN,NaN,NaN,NaN,NaN,NaN,NaN,NaN,NaN,NaN,NaN,NaN,NaN,NaN,NaN,NaN,NaN,NaN,NaN,NaN,NaN,NaN,NaN,NaN,NaN,NaN,NaN,NaN,NaN,NaN,NaN,NaN,NaN,NaN,NaN,NaN,NaN,NaN,NaN,NaN,NaN,NaN,NaN,NaN,NaN,NaN,NaN,NaN,NaN,NaN,NaN,NaN,NaN,NaN,NaN,NaN,NaN,NaN,NaN,NaN,NaN,NaN,NaN,NaN,NaN,NaN,NaN,NaN,NaN,NaN,NaN,NaN,NaN,NaN,NaN,NaN,NaN,NaN,NaN,NaN,NaN,NaN,NaN,NaN,NaN,NaN,NaN,NaN,NaN,NaN,NaN,NaN,NaN,NaN,NaN,NaN,NaN,NaN,NaN,NaN,NaN,NaN,NaN,NaN,NaN,NaN,NaN,NaN,NaN,NaN,NaN,NaN,NaN,NaN,NaN,NaN,NaN,NaN,NaN,NaN,NaN,NaN,NaN,NaN,NaN,NaN,NaN,NaN,NaN,NaN,NaN,NaN,NaN,NaN,NaN,NaN,NaN,NaN,NaN,NaN,NaN,NaN,NaN,NaN,NaN,NaN,NaN,NaN,NaN,NaN,NaN,NaN,NaN,NaN,NaN,NaN
NaN,NaN,NaN,NaN,NaN,NaN,NaN,NaN,NaN,NaN,NaN,NaN,NaN,NaN,NaN,NaN,NaN,NaN,NaN,NaN,NaN,NaN,NaN,NaN,NaN,NaN,NaN,NaN,NaN,NaN,NaN,NaN,NaN,NaN,NaN,NaN,NaN,NaN,NaN,NaN,NaN,NaN,NaN,NaN,NaN,NaN,NaN,NaN,NaN,NaN,NaN,NaN,NaN,NaN,NaN,NaN,NaN,NaN,NaN,NaN,NaN,NaN,NaN,NaN,NaN,NaN,NaN,NaN,NaN,NaN,NaN,NaN,NaN,NaN,NaN,NaN,NaN,NaN,NaN,NaN,NaN,NaN,NaN,NaN,NaN,NaN,NaN,NaN,NaN,NaN,NaN,NaN,NaN,NaN,NaN,NaN,NaN,NaN,NaN,NaN,NaN,NaN,NaN,NaN,NaN,NaN,NaN,NaN,NaN,NaN,NaN,NaN,NaN,NaN,NaN,NaN,NaN,NaN,NaN,NaN,NaN,NaN,NaN,NaN,NaN,NaN,NaN,NaN,NaN,NaN,NaN,NaN,NaN,NaN,NaN,NaN,NaN,NaN,NaN,NaN,NaN,NaN,NaN,NaN,NaN,NaN,NaN,NaN,NaN,NaN,NaN,NaN,NaN,NaN,NaN,NaN,NaN,NaN,NaN,NaN,NaN,NaN,NaN,NaN,NaN,NaN,NaN,NaN,NaN,NaN,NaN,NaN,NaN,NaN,NaN,NaN,NaN,NaN,NaN,NaN,NaN,NaN,NaN,NaN,NaN,NaN,NaN,NaN,NaN,NaN,NaN,NaN,NaN,NaN,NaN,NaN,NaN,NaN,NaN,NaN,NaN,NaN,NaN,NaN,NaN,NaN,NaN,NaN,NaN,NaN,NaN,NaN,NaN,NaN,NaN,NaN,NaN,NaN,NaN,NaN,NaN,NaN,NaN,NaN,NaN,NaN,NaN,NaN,NaN,NaN,NaN,NaN,NaN,NaN,NaN,NaN,NaN,NaN,NaN,NaN,NaN,NaN,NaN,NaN,NaN
NaN,NaN,NaN,NaN,NaN,NaN,NaN,NaN,NaN,NaN,NaN,NaN,NaN,NaN,NaN,NaN,NaN,NaN,NaN,NaN,NaN,NaN,NaN,NaN,NaN,NaN,NaN,NaN,NaN,NaN,NaN,NaN,NaN,NaN,NaN,NaN,NaN,NaN,NaN,NaN,NaN,NaN,NaN,NaN,NaN,NaN,NaN,NaN,NaN,NaN,NaN,NaN,NaN,NaN,NaN,NaN,NaN,NaN,NaN,NaN,NaN,NaN,NaN,NaN,NaN,NaN,NaN,NaN,NaN,NaN,NaN,NaN,NaN,NaN,NaN,NaN,NaN,NaN,NaN,NaN,NaN,NaN,NaN,NaN,NaN,NaN,NaN,NaN,NaN,NaN,NaN,NaN,NaN,NaN,NaN,NaN,NaN,NaN,NaN,NaN,NaN,NaN,NaN,NaN,NaN,NaN,NaN,NaN,NaN,NaN,NaN,NaN,NaN,NaN,NaN,NaN,NaN,NaN,NaN,NaN,NaN,NaN,NaN,NaN,NaN,NaN,NaN,NaN,NaN,NaN,NaN,NaN,NaN,NaN,NaN,NaN,NaN,NaN,NaN,NaN,NaN,NaN,NaN,NaN,NaN,NaN,NaN,NaN,NaN,NaN,NaN,NaN,NaN,NaN,NaN,NaN,NaN,NaN,NaN,NaN,NaN,NaN,NaN,NaN,NaN,NaN,NaN,NaN,NaN,NaN,NaN,NaN,NaN,NaN,NaN,NaN,NaN,NaN,NaN,NaN,NaN,NaN,NaN,NaN,NaN,NaN,NaN,NaN,NaN,NaN,NaN,NaN,NaN,NaN,NaN,NaN,NaN,NaN,NaN,NaN,NaN,NaN,NaN,NaN,NaN,NaN,NaN,NaN,NaN,NaN,NaN,NaN,NaN,NaN,NaN,NaN,NaN,NaN,NaN,NaN,NaN,NaN,NaN,NaN,NaN,NaN,NaN,NaN,NaN,NaN,NaN,NaN,NaN,NaN,NaN,NaN,NaN,NaN,NaN,NaN,NaN,NaN,NaN,NaN,NaN
NaN,NaN,NaN,NaN,NaN,NaN,NaN,NaN,NaN,NaN,NaN,NaN,NaN,NaN,NaN,NaN,NaN,NaN,NaN,NaN,NaN,NaN,NaN,NaN,NaN,NaN,NaN,NaN,NaN,NaN,NaN,NaN,NaN,NaN,NaN,NaN,NaN,NaN,NaN,NaN,NaN,NaN,NaN,NaN,NaN,NaN,NaN,NaN,NaN,NaN,NaN,NaN,NaN,NaN,NaN,NaN,NaN,NaN,NaN,NaN,NaN,NaN,NaN,NaN,NaN,NaN,NaN,NaN,NaN,NaN,NaN,NaN,NaN,NaN,NaN,NaN,NaN,NaN,NaN,NaN,NaN,NaN,NaN,NaN,NaN,NaN,NaN,NaN,NaN,NaN,NaN,NaN,NaN,NaN,NaN,NaN,NaN,NaN,NaN,NaN,NaN,NaN,NaN,NaN,NaN,NaN,NaN,NaN,NaN,NaN,NaN,NaN,NaN,NaN,NaN,NaN,NaN,NaN,NaN,NaN,NaN,NaN,NaN,NaN,NaN,NaN,NaN,NaN,NaN,NaN,NaN,NaN,NaN,NaN,NaN,NaN,NaN,NaN,NaN,NaN,NaN,NaN,NaN,NaN,NaN,NaN,NaN,NaN,NaN,NaN,NaN,NaN,NaN,NaN,NaN,NaN,NaN,NaN,NaN,NaN,NaN,NaN,NaN,NaN,NaN,NaN,NaN,NaN,NaN,NaN,NaN,NaN,NaN,NaN,NaN,NaN,NaN,NaN,NaN,NaN,NaN,NaN,NaN,NaN,NaN,NaN,NaN,NaN,NaN,NaN,NaN,NaN,NaN,NaN,NaN,NaN,NaN,NaN,NaN,NaN,NaN,NaN,NaN,NaN,NaN,NaN,NaN,NaN,NaN,NaN,NaN,NaN,NaN,NaN,NaN,NaN,NaN,NaN,NaN,NaN,NaN,NaN,NaN,NaN,NaN,NaN,NaN,NaN,NaN,NaN,NaN,NaN,NaN,NaN,NaN,NaN,NaN,NaN,NaN,NaN,NaN,NaN,NaN,NaN,NaN
NaN,NaN,NaN,NaN,NaN,NaN,NaN,NaN,NaN,NaN,NaN,NaN,NaN,NaN,NaN,NaN,NaN,NaN,NaN,NaN,NaN,NaN,NaN,NaN,NaN,NaN,NaN,NaN,NaN,NaN,NaN,NaN,NaN,NaN,NaN,NaN,NaN,NaN,NaN,NaN,NaN,NaN,NaN,NaN,NaN,NaN,NaN,NaN,NaN,NaN,NaN,NaN,NaN,NaN,NaN,NaN,NaN,NaN,NaN,NaN,NaN,NaN,NaN,NaN,NaN,NaN,NaN,NaN,NaN,NaN,NaN,NaN,NaN,NaN,NaN,NaN,NaN,NaN,NaN,NaN,NaN,NaN,NaN,NaN,NaN,NaN,NaN,NaN,NaN,NaN,NaN,NaN,NaN,NaN,NaN,NaN,NaN,NaN,NaN,NaN,NaN,NaN,NaN,NaN,NaN,NaN,NaN,NaN,NaN,NaN,NaN,NaN,NaN,NaN,NaN,NaN,NaN,NaN,NaN,NaN,NaN,NaN,NaN,NaN,NaN,NaN,NaN,NaN,NaN,NaN,NaN,NaN,NaN,NaN,NaN,NaN,NaN,NaN,NaN,NaN,NaN,NaN,NaN,NaN,NaN,NaN,NaN,NaN,NaN,NaN,NaN,NaN,NaN,NaN,NaN,NaN,NaN,NaN,NaN,NaN,NaN,NaN,NaN,NaN,NaN,NaN,NaN,NaN,NaN,NaN,NaN,NaN,NaN,NaN,NaN,NaN,NaN,NaN,NaN,NaN,NaN,NaN,NaN,NaN,NaN,NaN,NaN,NaN,NaN,NaN,NaN,NaN,NaN,NaN,NaN,NaN,NaN,NaN,NaN,NaN,NaN,NaN,NaN,NaN,NaN,NaN,NaN,NaN,NaN,NaN,NaN,NaN,NaN,NaN,NaN,NaN,NaN,NaN,NaN,NaN,NaN,NaN,NaN,NaN,NaN,NaN,NaN,NaN,NaN,NaN,NaN,NaN,NaN,NaN,NaN,NaN,NaN,NaN,NaN,NaN,NaN,NaN,NaN,NaN,NaN
NaN,NaN,NaN,NaN,NaN,NaN,NaN,NaN,NaN,NaN,NaN,NaN,NaN,NaN,NaN,NaN,NaN,NaN,NaN,NaN,NaN,NaN,NaN,NaN,NaN,NaN,NaN,NaN,NaN,NaN,NaN,NaN,NaN,NaN,NaN,NaN,NaN,NaN,NaN,NaN,NaN,NaN,NaN,NaN,NaN,NaN,NaN,NaN,NaN,NaN,NaN,NaN,NaN,NaN,NaN,NaN,NaN,NaN,NaN,NaN,NaN,NaN,NaN,NaN,NaN,NaN,NaN,NaN,NaN,NaN,NaN,NaN,NaN,NaN,NaN,NaN,NaN,NaN,NaN,NaN,NaN,NaN,NaN,NaN,NaN,NaN,NaN,NaN,NaN,NaN,NaN,NaN,NaN,NaN,NaN,NaN,NaN,NaN,NaN,NaN,NaN,NaN,NaN,NaN,NaN,NaN,NaN,NaN,NaN,NaN,NaN,NaN,NaN,NaN,NaN,NaN,NaN,NaN,NaN,NaN,NaN,NaN,NaN,NaN,NaN,NaN,NaN,NaN,NaN,NaN,NaN,NaN,NaN,NaN,NaN,NaN,NaN,NaN,NaN,NaN,NaN,NaN,NaN,NaN,NaN,NaN,NaN,NaN,NaN,NaN,NaN,NaN,NaN,NaN,NaN,NaN,NaN,NaN,NaN,NaN,NaN,NaN,NaN,NaN,NaN,NaN,NaN,NaN,NaN,NaN,NaN,NaN,NaN,NaN,NaN,NaN,NaN,NaN,NaN,NaN,NaN,NaN,NaN,NaN,NaN,NaN,NaN,NaN,NaN,NaN,NaN,NaN,NaN,NaN,NaN,NaN,NaN,NaN,NaN,NaN,NaN,NaN,NaN,NaN,NaN,NaN,NaN,NaN,NaN,NaN,NaN,NaN,NaN,NaN,NaN,NaN,NaN,NaN,NaN,NaN,NaN,NaN,NaN,NaN,NaN,NaN,NaN,NaN,NaN,NaN,NaN,NaN,NaN,NaN,NaN,NaN,NaN,NaN,NaN,NaN,NaN,NaN,NaN,NaN,NaN
NaN,NaN,NaN,NaN,NaN,NaN,NaN,NaN,NaN,NaN,NaN,NaN,NaN,NaN,NaN,NaN,NaN,NaN,NaN,NaN,NaN,NaN,NaN,NaN,NaN,NaN,NaN,NaN,NaN,NaN,NaN,NaN,NaN,NaN,NaN,NaN,NaN,NaN,NaN,NaN,NaN,NaN,NaN,NaN,NaN,NaN,NaN,NaN,NaN,NaN,NaN,NaN,NaN,NaN,NaN,NaN,NaN,NaN,NaN,NaN,NaN,NaN,NaN,NaN,NaN,NaN,NaN,NaN,NaN,NaN,NaN,NaN,NaN,NaN,NaN,NaN,NaN,NaN,NaN,NaN,NaN,NaN,NaN,NaN,NaN,NaN,NaN,NaN,NaN,NaN,NaN,NaN,NaN,NaN,NaN,NaN,NaN,NaN,NaN,NaN,NaN,NaN,NaN,NaN,NaN,NaN,NaN,NaN,NaN,NaN,NaN,NaN,NaN,NaN,NaN,NaN,NaN,NaN,NaN,NaN,NaN,NaN,NaN,NaN,NaN,NaN,NaN,NaN,NaN,NaN,NaN,NaN,NaN,NaN,NaN,NaN,NaN,NaN,NaN,NaN,NaN,NaN,NaN,NaN,NaN,NaN,NaN,NaN,NaN,NaN,NaN,NaN,NaN,NaN,NaN,NaN,NaN,NaN,NaN,NaN,NaN,NaN,NaN,NaN,NaN,NaN,NaN,NaN,NaN,NaN,NaN,NaN,NaN,NaN,NaN,NaN,NaN,NaN,NaN,NaN,NaN,NaN,NaN,NaN,NaN,NaN,NaN,NaN,NaN,NaN,NaN,NaN,NaN,NaN,NaN,NaN,NaN,NaN,NaN,NaN,NaN,NaN,NaN,NaN,NaN,NaN,NaN,NaN,NaN,NaN,NaN,NaN,NaN,NaN,NaN,NaN,NaN,NaN,NaN,NaN,NaN,NaN,NaN,NaN,NaN,NaN,NaN,NaN,NaN,NaN,NaN,NaN,NaN,NaN,NaN,NaN,NaN,NaN,NaN,NaN,NaN,NaN,NaN,NaN,NaN
NaN,NaN,NaN,NaN,NaN,NaN,NaN,NaN,NaN,NaN,NaN,NaN,NaN,NaN,NaN,NaN,NaN,NaN,NaN,NaN,NaN,NaN,NaN,NaN,NaN,NaN,NaN,NaN,NaN,NaN,NaN,NaN,NaN,NaN,NaN,NaN,NaN,NaN,NaN,NaN,NaN,NaN,NaN,NaN,NaN,NaN,NaN,NaN,NaN,NaN,NaN,NaN,NaN,NaN,NaN,NaN,NaN,NaN,NaN,NaN,NaN,NaN,NaN,NaN,NaN,NaN,NaN,NaN,NaN,NaN,NaN,NaN,NaN,NaN,NaN,NaN,NaN,NaN,NaN,NaN,NaN,NaN,NaN,NaN,NaN,NaN,NaN,NaN,NaN,NaN,NaN,NaN,NaN,NaN,NaN,NaN,NaN,NaN,NaN,NaN,NaN,NaN,NaN,NaN,NaN,NaN,NaN,NaN,NaN,NaN,NaN,NaN,NaN,NaN,NaN,NaN,NaN,NaN,NaN,NaN,NaN,NaN,NaN,NaN,NaN,NaN,NaN,NaN,NaN,NaN,NaN,NaN,NaN,NaN,NaN,NaN,NaN,NaN,NaN,NaN,NaN,NaN,NaN,NaN,NaN,NaN,NaN,NaN,NaN,NaN,NaN,NaN,NaN,NaN,NaN,NaN,NaN,NaN,NaN,NaN,NaN,NaN,NaN,NaN,NaN,NaN,NaN,NaN,NaN,NaN,NaN,NaN,NaN,NaN,NaN,NaN,NaN,NaN,NaN,NaN,NaN,NaN,NaN,NaN,NaN,NaN,NaN,NaN,NaN,NaN,NaN,NaN,NaN,NaN,NaN,NaN,NaN,NaN,NaN,NaN,NaN,NaN,NaN,NaN,NaN,NaN,NaN,NaN,NaN,NaN,NaN,NaN,NaN,NaN,NaN,NaN,NaN,NaN,NaN,NaN,NaN,NaN,NaN,NaN,NaN,NaN,NaN,NaN,NaN,NaN,NaN,NaN,NaN,NaN,NaN,NaN,NaN,NaN,NaN,NaN,NaN,NaN,NaN,NaN,NaN
NaN,NaN,NaN,NaN,NaN,NaN,NaN,NaN,NaN,NaN,NaN,NaN,NaN,NaN,NaN,NaN,NaN,NaN,NaN,NaN,NaN,NaN,NaN,NaN,NaN,NaN,NaN,NaN,NaN,NaN,NaN,NaN,NaN,NaN,NaN,NaN,NaN,NaN,NaN,NaN,NaN,NaN,NaN,NaN,NaN,NaN,NaN,NaN,NaN,NaN,NaN,NaN,NaN,NaN,NaN,NaN,NaN,NaN,NaN,NaN,NaN,NaN,NaN,NaN,NaN,NaN,NaN,NaN,NaN,NaN,NaN,NaN,NaN,NaN,NaN,NaN,NaN,NaN,NaN,NaN,NaN,NaN,NaN,NaN,NaN,NaN,NaN,NaN,NaN,NaN,NaN,NaN,NaN,NaN,NaN,NaN,NaN,NaN,NaN,NaN,NaN,NaN,NaN,NaN,NaN,NaN,NaN,NaN,NaN,NaN,NaN,NaN,NaN,NaN,NaN,NaN,NaN,NaN,NaN,NaN,NaN,NaN,NaN,NaN,NaN,NaN,NaN,NaN,NaN,NaN,NaN,NaN,NaN,NaN,NaN,NaN,NaN,NaN,NaN,NaN,NaN,NaN,NaN,NaN,NaN,NaN,NaN,NaN,NaN,NaN,NaN,NaN,NaN,NaN,NaN,NaN,NaN,NaN,NaN,NaN,NaN,NaN,NaN,NaN,NaN,NaN,NaN,NaN,NaN,NaN,NaN,NaN,NaN,NaN,NaN,NaN,NaN,NaN,NaN,NaN,NaN,NaN,NaN,NaN,NaN,NaN,NaN,NaN,NaN,NaN,NaN,NaN,NaN,NaN,NaN,NaN,NaN,NaN,NaN,NaN,NaN,NaN,NaN,NaN,NaN,NaN,NaN,NaN,NaN,NaN,NaN,NaN,NaN,NaN,NaN,NaN,NaN,NaN,NaN,NaN,NaN,NaN,NaN,NaN,NaN,NaN,NaN,NaN,NaN,NaN,NaN,NaN,NaN,NaN,NaN,NaN,NaN,NaN,NaN,NaN,NaN,NaN,NaN,NaN,NaN
NaN,NaN,NaN,NaN,NaN,NaN,NaN,NaN,NaN,NaN,NaN,NaN,NaN,NaN,NaN,NaN,NaN,NaN,NaN,NaN,NaN,NaN,NaN,NaN,NaN,NaN,NaN,NaN,NaN,NaN,NaN,NaN,NaN,NaN,NaN,NaN,NaN,NaN,NaN,NaN,NaN,NaN,NaN,NaN,NaN,NaN,NaN,NaN,NaN,NaN,NaN,NaN,NaN,NaN,NaN,NaN,NaN,NaN,NaN,NaN,NaN,NaN,NaN,NaN,NaN,NaN,NaN,NaN,NaN,NaN,NaN,NaN,NaN,NaN,NaN,NaN,NaN,NaN,NaN,NaN,NaN,NaN,NaN,NaN,NaN,NaN,NaN,NaN,NaN,NaN,NaN,NaN,NaN,NaN,NaN,NaN,NaN,NaN,NaN,NaN,NaN,NaN,NaN,NaN,NaN,NaN,NaN,NaN,NaN,NaN,NaN,NaN,NaN,NaN,NaN,NaN,NaN,NaN,NaN,NaN,NaN,NaN,NaN,NaN,NaN,NaN,NaN,NaN,NaN,NaN,NaN,NaN,NaN,NaN,NaN,NaN,NaN,NaN,NaN,NaN,NaN,NaN,NaN,NaN,NaN,NaN,NaN,NaN,NaN,NaN,NaN,NaN,NaN,NaN,NaN,NaN,NaN,NaN,NaN,NaN,NaN,NaN,NaN,NaN,NaN,NaN,NaN,NaN,NaN,NaN,NaN,NaN,NaN,NaN,NaN,NaN,NaN,NaN,NaN,NaN,NaN,NaN,NaN,NaN,NaN,NaN,NaN,NaN,NaN,NaN,NaN,NaN,NaN,NaN,NaN,NaN,NaN,NaN,NaN,NaN,NaN,NaN,NaN,NaN,NaN,NaN,NaN,NaN,NaN,NaN,NaN,NaN,NaN,NaN,NaN,NaN,NaN,NaN,NaN,NaN,NaN,NaN,NaN,NaN,NaN,NaN,NaN,NaN,NaN,NaN,NaN,NaN,NaN,NaN,NaN,NaN,NaN,NaN,NaN,NaN,NaN,NaN,NaN,NaN,NaN
NaN,NaN,NaN,NaN,NaN,NaN,NaN,NaN,NaN,NaN,NaN,NaN,NaN,NaN,NaN,NaN,NaN,NaN,NaN,NaN,NaN,NaN,NaN,NaN,NaN,NaN,NaN,NaN,NaN,NaN,NaN,NaN,NaN,NaN,NaN,NaN,NaN,NaN,NaN,NaN,NaN,NaN,NaN,NaN,NaN,NaN,NaN,NaN,NaN,NaN,NaN,NaN,NaN,NaN,NaN,NaN,NaN,NaN,NaN,NaN,NaN,NaN,NaN,NaN,NaN,NaN,NaN,NaN,NaN,NaN,NaN,NaN,NaN,NaN,NaN,NaN,NaN,NaN,NaN,NaN,NaN,NaN,NaN,NaN,NaN,NaN,NaN,NaN,NaN,NaN,NaN,NaN,NaN,NaN,NaN,NaN,NaN,NaN,NaN,NaN,NaN,NaN,NaN,NaN,NaN,NaN,NaN,NaN,NaN,NaN,NaN,NaN,NaN,NaN,NaN,NaN,NaN,NaN,NaN,NaN,NaN,NaN,NaN,NaN,NaN,NaN,NaN,NaN,NaN,NaN,NaN,NaN,NaN,NaN,NaN,NaN,NaN,NaN,NaN,NaN,NaN,NaN,NaN,NaN,NaN,NaN,NaN,NaN,NaN,NaN,NaN,NaN,NaN,NaN,NaN,NaN,NaN,NaN,NaN,NaN,NaN,NaN,NaN,NaN,NaN,NaN,NaN,NaN,NaN,NaN,NaN,NaN,NaN,NaN,NaN,NaN,NaN,NaN,NaN,NaN,NaN,NaN,NaN,NaN,NaN,NaN,NaN,NaN,NaN,NaN,NaN,NaN,NaN,NaN,NaN,NaN,NaN,NaN,NaN,NaN,NaN,NaN,NaN,NaN,NaN,NaN,NaN,NaN,NaN,NaN,NaN,NaN,NaN,NaN,NaN,NaN,NaN,NaN,NaN,NaN,NaN,NaN,NaN,NaN,NaN,NaN,NaN,NaN,NaN,NaN,NaN,NaN,NaN,NaN,NaN,NaN,NaN,NaN,NaN,NaN,NaN,NaN,NaN,NaN,NaN
NaN,NaN,NaN,NaN,NaN,NaN,NaN,NaN,NaN,NaN,NaN,NaN,NaN,NaN,NaN,NaN,NaN,NaN,NaN,NaN,NaN,NaN,NaN,NaN,NaN,NaN,NaN,NaN,NaN,NaN,NaN,NaN,NaN,NaN,NaN,NaN,NaN,NaN,NaN,NaN,NaN,NaN,NaN,NaN,NaN,NaN,NaN,NaN,NaN,NaN,NaN,NaN,NaN,NaN,NaN,NaN,NaN,NaN,NaN,NaN,NaN,NaN,NaN,NaN,NaN,NaN,NaN,NaN,NaN,NaN,NaN,NaN,NaN,NaN,NaN,NaN,NaN,NaN,NaN,NaN,NaN,NaN,NaN,NaN,NaN,NaN,NaN,NaN,NaN,NaN,NaN,NaN,NaN,NaN,NaN,NaN,NaN,NaN,NaN,NaN,NaN,NaN,NaN,NaN,NaN,NaN,NaN,NaN,NaN,NaN,NaN,NaN,NaN,NaN,NaN,NaN,NaN,NaN,NaN,NaN,NaN,NaN,NaN,NaN,NaN,NaN,NaN,NaN,NaN,NaN,NaN,NaN,NaN,NaN,NaN,NaN,NaN,NaN,NaN,NaN,NaN,NaN,NaN,NaN,NaN,NaN,NaN,NaN,NaN,NaN,NaN,NaN,NaN,NaN,NaN,NaN,NaN,NaN,NaN,NaN,NaN,NaN,NaN,NaN,NaN,NaN,NaN,NaN,NaN,NaN,NaN,NaN,NaN,NaN,NaN,NaN,NaN,NaN,NaN,NaN,NaN,NaN,NaN,NaN,NaN,NaN,NaN,NaN,NaN,NaN,NaN,NaN,NaN,NaN,NaN,NaN,NaN,NaN,NaN,NaN,NaN,NaN,NaN,NaN,NaN,NaN,NaN,NaN,NaN,NaN,NaN,NaN,NaN,NaN,NaN,NaN,NaN,NaN,NaN,NaN,NaN,NaN,NaN,NaN,NaN,NaN,NaN,NaN,NaN,NaN,NaN,NaN,NaN,NaN,NaN,NaN,NaN,NaN,NaN,NaN,NaN,NaN,NaN,NaN,NaN
NaN,NaN,NaN,NaN,NaN,NaN,NaN,NaN,NaN,NaN,NaN,NaN,NaN,NaN,NaN,NaN,NaN,NaN,NaN,NaN,NaN,NaN,NaN,NaN,NaN,NaN,NaN,NaN,NaN,NaN,NaN,NaN,NaN,NaN,NaN,NaN,NaN,NaN,NaN,NaN,NaN,NaN,NaN,NaN,NaN,NaN,NaN,NaN,NaN,NaN,NaN,NaN,NaN,NaN,NaN,NaN,NaN,NaN,NaN,NaN,NaN,NaN,NaN,NaN,NaN,NaN,NaN,NaN,NaN,NaN,NaN,NaN,NaN,NaN,NaN,NaN,NaN,NaN,NaN,NaN,NaN,NaN,NaN,NaN,NaN,NaN,NaN,NaN,NaN,NaN,NaN,NaN,NaN,NaN,NaN,NaN,NaN,NaN,NaN,NaN,NaN,NaN,NaN,NaN,NaN,NaN,NaN,NaN,NaN,NaN,NaN,NaN,NaN,NaN,NaN,NaN,NaN,NaN,NaN,NaN,NaN,NaN,NaN,NaN,NaN,NaN,NaN,NaN,NaN,NaN,NaN,NaN,NaN,NaN,NaN,NaN,NaN,NaN,NaN,NaN,NaN,NaN,NaN,NaN,NaN,NaN,NaN,NaN,NaN,NaN,NaN,NaN,NaN,NaN,NaN,NaN,NaN,NaN,NaN,NaN,NaN,NaN,NaN,NaN,NaN,NaN,NaN,NaN,NaN,NaN,NaN,NaN,NaN,NaN,NaN,NaN,NaN,NaN,NaN,NaN,NaN,NaN,NaN,NaN,NaN,NaN,NaN,NaN,NaN,NaN,NaN,NaN,NaN,NaN,NaN,NaN,NaN,NaN,NaN,NaN,NaN,NaN,NaN,NaN,NaN,NaN,NaN,NaN,NaN,NaN,NaN,NaN,NaN,NaN,NaN,NaN,NaN,NaN,NaN,NaN,NaN,NaN,NaN,NaN,NaN,NaN,NaN,NaN,NaN,NaN,NaN,NaN,NaN,NaN,NaN,NaN,NaN,NaN,NaN,NaN,NaN,NaN,NaN,NaN,NaN
NaN,NaN,NaN,NaN,NaN,NaN,NaN,NaN,NaN,NaN,NaN,NaN,NaN,NaN,NaN,NaN,NaN,NaN,NaN,NaN,NaN,NaN,NaN,NaN,NaN,NaN,NaN,NaN,NaN,NaN,NaN,NaN,NaN,NaN,NaN,NaN,NaN,NaN,NaN,NaN,NaN,NaN,NaN,NaN,NaN,NaN,NaN,NaN,NaN,NaN,NaN,NaN,NaN,NaN,NaN,NaN,NaN,NaN,NaN,NaN,NaN,NaN,NaN,NaN,NaN,NaN,NaN,NaN,NaN,NaN,NaN,NaN,NaN,NaN,NaN,NaN,NaN,NaN,NaN,NaN,NaN,NaN,NaN,NaN,NaN,NaN,NaN,NaN,NaN,NaN,NaN,NaN,NaN,NaN,NaN,NaN,NaN,NaN,NaN,NaN,NaN,NaN,NaN,NaN,NaN,NaN,NaN,NaN,NaN,NaN,NaN,NaN,NaN,NaN,NaN,NaN,NaN,NaN,NaN,NaN,NaN,NaN,NaN,NaN,NaN,NaN,NaN,NaN,NaN,NaN,NaN,NaN,NaN,NaN,NaN,NaN,NaN,NaN,NaN,NaN,NaN,NaN,NaN,NaN,NaN,NaN,NaN,NaN,NaN,NaN,NaN,NaN,NaN,NaN,NaN,NaN,NaN,NaN,NaN,NaN,NaN,NaN,NaN,NaN,NaN,NaN,NaN,NaN,NaN,NaN,NaN,NaN,NaN,NaN,NaN,NaN,NaN,NaN,NaN,NaN,NaN,NaN,NaN,NaN,NaN,NaN,NaN,NaN,NaN,NaN,NaN,NaN,NaN,NaN,NaN,NaN,NaN,NaN,NaN,NaN,NaN,NaN,NaN,NaN,NaN,NaN,NaN,NaN,NaN,NaN,NaN,NaN,NaN,NaN,NaN,NaN,NaN,NaN,NaN,NaN,NaN,NaN,NaN,NaN,NaN,NaN,NaN,NaN,NaN,NaN,NaN,NaN,NaN,NaN,NaN,NaN,NaN,NaN,NaN,NaN,NaN,NaN,NaN,NaN,NaN
NaN,NaN,NaN,NaN,NaN,NaN,NaN,NaN,NaN,NaN,NaN,NaN,NaN,NaN,NaN,NaN,NaN,NaN,NaN,NaN,NaN,NaN,NaN,NaN,NaN,NaN,NaN,NaN,NaN,NaN,NaN,NaN,NaN,NaN,NaN,NaN,NaN,NaN,NaN,NaN,NaN,NaN,NaN,NaN,NaN,NaN,NaN,NaN,NaN,NaN,NaN,NaN,NaN,NaN,NaN,NaN,NaN,NaN,NaN,NaN,NaN,NaN,NaN,NaN,NaN,NaN,NaN,NaN,NaN,NaN,NaN,NaN,NaN,NaN,NaN,NaN,NaN,NaN,NaN,NaN,NaN,NaN,NaN,NaN,NaN,NaN,NaN,NaN,NaN,NaN,NaN,NaN,NaN,NaN,NaN,NaN,NaN,NaN,NaN,NaN,NaN,NaN,NaN,NaN,NaN,NaN,NaN,NaN,NaN,NaN,NaN,NaN,NaN,NaN,NaN,NaN,NaN,NaN,NaN,NaN,NaN,NaN,NaN,NaN,NaN,NaN,NaN,NaN,NaN,NaN,NaN,NaN,NaN,NaN,NaN,NaN,NaN,NaN,NaN,NaN,NaN,NaN,NaN,NaN,NaN,NaN,NaN,NaN,NaN,NaN,NaN,NaN,NaN,NaN,NaN,NaN,NaN,NaN,NaN,NaN,NaN,NaN,NaN,NaN,NaN,NaN,NaN,NaN,NaN,NaN,NaN,NaN,NaN,NaN,NaN,NaN,NaN,NaN,NaN,NaN,NaN,NaN,NaN,NaN,NaN,NaN,NaN,NaN,NaN,NaN,NaN,NaN,NaN,NaN,NaN,NaN,NaN,NaN,NaN,NaN,NaN,NaN,NaN,NaN,NaN,NaN,NaN,NaN,NaN,NaN,NaN,NaN,NaN,NaN,NaN,NaN,NaN,NaN,NaN,NaN,NaN,NaN,NaN,NaN,NaN,NaN,NaN,NaN,NaN,NaN,NaN,NaN,NaN,NaN,NaN,NaN,NaN,NaN,NaN,NaN,NaN,NaN,NaN,NaN,NaN
NaN,NaN,NaN,NaN,NaN,NaN,NaN,NaN,NaN,NaN,NaN,NaN,NaN,NaN,NaN,NaN,NaN,NaN,NaN,NaN,NaN,NaN,NaN,NaN,NaN,NaN,NaN,NaN,NaN,NaN,NaN,NaN,NaN,NaN,NaN,NaN,NaN,NaN,NaN,NaN,NaN,NaN,NaN,NaN,NaN,NaN,NaN,NaN,NaN,NaN,NaN,NaN,NaN,NaN,NaN,NaN,NaN,NaN,NaN,NaN,NaN,NaN,NaN,NaN,NaN,NaN,NaN,NaN,NaN,NaN,NaN,NaN,NaN,NaN,NaN,NaN,NaN,NaN,NaN,NaN,NaN,NaN,NaN,NaN,NaN,NaN,NaN,NaN,NaN,NaN,NaN,NaN,NaN,NaN,NaN,NaN,NaN,NaN,NaN,NaN,NaN,NaN,NaN,NaN,NaN,NaN,NaN,NaN,NaN,NaN,NaN,NaN,NaN,NaN,NaN,NaN,NaN,NaN,NaN,NaN,NaN,NaN,NaN,NaN,NaN,NaN,NaN,NaN,NaN,NaN,NaN,NaN,NaN,NaN,NaN,NaN,NaN,NaN,NaN,NaN,NaN,NaN,NaN,NaN,NaN,NaN,NaN,NaN,NaN,NaN,NaN,NaN,NaN,NaN,NaN,NaN,NaN,NaN,NaN,NaN,NaN,NaN,NaN,NaN,NaN,NaN,NaN,NaN,NaN,NaN,NaN,NaN,NaN,NaN,NaN,NaN,NaN,NaN,NaN,NaN,NaN,NaN,NaN,NaN,NaN,NaN,NaN,NaN,NaN,NaN,NaN,NaN,NaN,NaN,NaN,NaN,NaN,NaN,NaN,NaN,NaN,NaN,NaN,NaN,NaN,NaN,NaN,NaN,NaN,NaN,NaN,NaN,NaN,NaN,NaN,NaN,NaN,NaN,NaN,NaN,NaN,NaN,NaN,NaN,NaN,NaN,NaN,NaN,NaN,NaN,NaN,NaN,NaN,NaN,NaN,NaN,NaN,NaN,NaN,NaN,NaN,NaN,NaN,NaN,NaN
NaN,NaN,NaN,NaN,NaN,NaN,NaN,NaN,NaN,NaN,NaN,NaN,NaN,NaN,NaN,NaN,NaN,NaN,NaN,NaN,NaN,NaN,NaN,NaN,NaN,NaN,NaN,NaN,NaN,NaN,NaN,NaN,NaN,NaN,NaN,NaN,NaN,NaN,NaN,NaN,NaN,NaN,NaN,NaN,NaN,NaN,NaN,NaN,NaN,NaN,NaN,NaN,NaN,NaN,NaN,NaN,NaN,NaN,NaN,NaN,NaN,NaN,NaN,NaN,NaN,NaN,NaN,NaN,NaN,NaN,NaN,NaN,NaN,NaN,NaN,NaN,NaN,NaN,NaN,NaN,NaN,NaN,NaN,NaN,NaN,NaN,NaN,NaN,NaN,NaN,NaN,NaN,NaN,NaN,NaN,NaN,NaN,NaN,NaN,NaN,NaN,NaN,NaN,NaN,NaN,NaN,NaN,NaN,NaN,NaN,NaN,NaN,NaN,NaN,NaN,NaN,NaN,NaN,NaN,NaN,NaN,NaN,NaN,NaN,NaN,NaN,NaN,NaN,NaN,NaN,NaN,NaN,NaN,NaN,NaN,NaN,NaN,NaN,NaN,NaN,NaN,NaN,NaN,NaN,NaN,NaN,NaN,NaN,NaN,NaN,NaN,NaN,NaN,NaN,NaN,NaN,NaN,NaN,NaN,NaN,NaN,NaN,NaN,NaN,NaN,NaN,NaN,NaN,NaN,NaN,NaN,NaN,NaN,NaN,NaN,NaN,NaN,NaN,NaN,NaN,NaN,NaN,NaN,NaN,NaN,NaN,NaN,NaN,NaN,NaN,NaN,NaN,NaN,NaN,NaN,NaN,NaN,NaN,NaN,NaN,NaN,NaN,NaN,NaN,NaN,NaN,NaN,NaN,NaN,NaN,NaN,NaN,NaN,NaN,NaN,NaN,NaN,NaN,NaN,NaN,NaN,NaN,NaN,NaN,NaN,NaN,NaN,NaN,NaN,NaN,NaN,NaN,NaN,NaN,NaN,NaN,NaN,NaN,NaN,NaN,NaN,NaN,NaN,NaN,NaN
NaN,NaN,NaN,NaN,NaN,NaN,NaN,NaN,NaN,NaN,NaN,NaN,NaN,NaN,NaN,NaN,NaN,NaN,NaN,NaN,NaN,NaN,NaN,NaN,NaN,NaN,NaN,NaN,NaN,NaN,NaN,NaN,NaN,NaN,NaN,NaN,NaN,NaN,NaN,NaN,NaN,NaN,NaN,NaN,NaN,NaN,NaN,NaN,NaN,NaN,NaN,NaN,NaN,NaN,NaN,NaN,NaN,NaN,NaN,NaN,NaN,NaN,NaN,NaN,NaN,NaN,NaN,NaN,NaN,NaN,NaN,NaN,NaN,NaN,NaN,NaN,NaN,NaN,NaN,NaN,NaN,NaN,NaN,NaN,NaN,NaN,NaN,NaN,NaN,NaN,NaN,NaN,NaN,NaN,NaN,NaN,NaN,NaN,NaN,NaN,NaN,NaN,NaN,NaN,NaN,NaN,NaN,NaN,NaN,NaN,NaN,NaN,NaN,NaN,NaN,NaN,NaN,NaN,NaN,NaN,NaN,NaN,NaN,NaN,NaN,NaN,NaN,NaN,NaN,NaN,NaN,NaN,NaN,NaN,NaN,NaN,NaN,NaN,NaN,NaN,NaN,NaN,NaN,NaN,NaN,NaN,NaN,NaN,NaN,NaN,NaN,NaN,NaN,NaN,NaN,NaN,NaN,NaN,NaN,NaN,NaN,NaN,NaN,NaN,NaN,NaN,NaN,NaN,NaN,NaN,NaN,NaN,NaN,NaN,NaN,NaN,NaN,NaN,NaN,NaN,NaN,NaN,NaN,NaN,NaN,NaN,NaN,NaN,NaN,NaN,NaN,NaN,NaN,NaN,NaN,NaN,NaN,NaN,NaN,NaN,NaN,NaN,NaN,NaN,NaN,NaN,NaN,NaN,NaN,NaN,NaN,NaN,NaN,NaN,NaN,NaN,NaN,NaN,NaN,NaN,NaN,NaN,NaN,NaN,NaN,NaN,NaN,NaN,NaN,NaN,NaN,NaN,NaN,NaN,NaN,NaN,NaN,NaN,NaN,NaN,NaN,NaN,NaN,NaN,NaN
NaN,NaN,NaN,NaN,NaN,NaN,NaN,NaN,NaN,NaN,NaN,NaN,NaN,NaN,NaN,NaN,NaN,NaN,NaN,NaN,NaN,NaN,NaN,NaN,NaN,NaN,NaN,NaN,NaN,NaN,NaN,NaN,NaN,NaN,NaN,NaN,NaN,NaN,NaN,NaN,NaN,NaN,NaN,NaN,NaN,NaN,NaN,NaN,NaN,NaN,NaN,NaN,NaN,NaN,NaN,NaN,NaN,NaN,NaN,NaN,NaN,NaN,NaN,NaN,NaN,NaN,NaN,NaN,NaN,NaN,NaN,NaN,NaN,NaN,NaN,NaN,NaN,NaN,NaN,NaN,NaN,NaN,NaN,NaN,NaN,NaN,NaN,NaN,NaN,NaN,NaN,NaN,NaN,NaN,NaN,NaN,NaN,NaN,NaN,NaN,NaN,NaN,NaN,NaN,NaN,NaN,NaN,NaN,NaN,NaN,NaN,NaN,NaN,NaN,NaN,NaN,NaN,NaN,NaN,NaN,NaN,NaN,NaN,NaN,NaN,NaN,NaN,NaN,NaN,NaN,NaN,NaN,NaN,NaN,NaN,NaN,NaN,NaN,NaN,NaN,NaN,NaN,NaN,NaN,NaN,NaN,NaN,NaN,NaN,NaN,NaN,NaN,NaN,NaN,NaN,NaN,NaN,NaN,NaN,NaN,NaN,NaN,NaN,NaN,NaN,NaN,NaN,NaN,NaN,NaN,NaN,NaN,NaN,NaN,NaN,NaN,NaN,NaN,NaN,NaN,NaN,NaN,NaN,NaN,NaN,NaN,NaN,NaN,NaN,NaN,NaN,NaN,NaN,NaN,NaN,NaN,NaN,NaN,NaN,NaN,NaN,NaN,NaN,NaN,NaN,NaN,NaN,NaN,NaN,NaN,NaN,NaN,NaN,NaN,NaN,NaN,NaN,NaN,NaN,NaN,NaN,NaN,NaN,NaN,NaN,NaN,NaN,NaN,NaN,NaN,NaN,NaN,NaN,NaN,NaN,NaN,NaN,NaN,NaN,NaN,NaN,NaN,NaN,NaN,NaN
NaN,NaN,NaN,NaN,NaN,NaN,NaN,NaN,NaN,NaN,NaN,NaN,NaN,NaN,NaN,NaN,NaN,NaN,NaN,NaN,NaN,NaN,NaN,NaN,NaN,NaN,NaN,NaN,NaN,NaN,NaN,NaN,NaN,NaN,NaN,NaN,NaN,NaN,NaN,NaN,NaN,NaN,NaN,NaN,NaN,NaN,NaN,NaN,NaN,NaN,NaN,NaN,NaN,NaN,NaN,NaN,NaN,NaN,NaN,NaN,NaN,NaN,NaN,NaN,NaN,NaN,NaN,NaN,NaN,NaN,NaN,NaN,NaN,NaN,NaN,NaN,NaN,NaN,NaN,NaN,NaN,NaN,NaN,NaN,NaN,NaN,NaN,NaN,NaN,NaN,NaN,NaN,NaN,NaN,NaN,NaN,NaN,NaN,NaN,NaN,NaN,NaN,NaN,NaN,NaN,NaN,NaN,NaN,NaN,NaN,NaN,NaN,NaN,NaN,NaN,NaN,NaN,NaN,NaN,NaN,NaN,NaN,NaN,NaN,NaN,NaN,NaN,NaN,NaN,NaN,NaN,NaN,NaN,NaN,NaN,NaN,NaN,NaN,NaN,NaN,NaN,NaN,NaN,NaN,NaN,NaN,NaN,NaN,NaN,NaN,NaN,NaN,NaN,NaN,NaN,NaN,NaN,NaN,NaN,NaN,NaN,NaN,NaN,NaN,NaN,NaN,NaN,NaN,NaN,NaN,NaN,NaN,NaN,NaN,NaN,NaN,NaN,NaN,NaN,NaN,NaN,NaN,NaN,NaN,NaN,NaN,NaN,NaN,NaN,NaN,NaN,NaN,NaN,NaN,NaN,NaN,NaN,NaN,NaN,NaN,NaN,NaN,NaN,NaN,NaN,NaN,NaN,NaN,NaN,NaN,NaN,NaN,NaN,NaN,NaN,NaN,NaN,NaN,NaN,NaN,NaN,NaN,NaN,NaN,NaN,NaN,NaN,NaN,NaN,NaN,NaN,NaN,NaN,NaN,NaN,NaN,NaN,NaN,NaN,NaN,NaN,NaN,NaN,NaN,NaN
NaN,NaN,NaN,NaN,NaN,NaN,NaN,NaN,NaN,NaN,NaN,NaN,NaN,NaN,NaN,NaN,NaN,NaN,NaN,NaN,NaN,NaN,NaN,NaN,NaN,NaN,NaN,NaN,NaN,NaN,NaN,NaN,NaN,NaN,NaN,NaN,NaN,NaN,NaN,NaN,NaN,NaN,NaN,NaN,NaN,NaN,NaN,NaN,NaN,NaN,NaN,NaN,NaN,NaN,NaN,NaN,NaN,NaN,NaN,NaN,NaN,NaN,NaN,NaN,NaN,NaN,NaN,NaN,NaN,NaN,NaN,NaN,NaN,NaN,NaN,NaN,NaN,NaN,NaN,NaN,NaN,NaN,NaN,NaN,NaN,NaN,NaN,NaN,NaN,NaN,NaN,NaN,NaN,NaN,NaN,NaN,NaN,NaN,NaN,NaN,NaN,NaN,NaN,NaN,NaN,NaN,NaN,NaN,NaN,NaN,NaN,NaN,NaN,NaN,NaN,NaN,NaN,NaN,NaN,NaN,NaN,NaN,NaN,NaN,NaN,NaN,NaN,NaN,NaN,NaN,NaN,NaN,NaN,NaN,NaN,NaN,NaN,NaN,NaN,NaN,NaN,NaN,NaN,NaN,NaN,NaN,NaN,NaN,NaN,NaN,NaN,NaN,NaN,NaN,NaN,NaN,NaN,NaN,NaN,NaN,NaN,NaN,NaN,NaN,NaN,NaN,NaN,NaN,NaN,NaN,NaN,NaN,NaN,NaN,NaN,NaN,NaN,NaN,NaN,NaN,NaN,NaN,NaN,NaN,NaN,NaN,NaN,NaN,NaN,NaN,NaN,NaN,NaN,NaN,NaN,NaN,NaN,NaN,NaN,NaN,NaN,NaN,NaN,NaN,NaN,NaN,NaN,NaN,NaN,NaN,NaN,NaN,NaN,NaN,NaN,NaN,NaN,NaN,NaN,NaN,NaN,NaN,NaN,NaN,NaN,NaN,NaN,NaN,NaN,NaN,NaN,NaN,NaN,NaN,NaN,NaN,NaN,NaN,NaN,NaN,NaN,NaN,NaN,NaN,NaN
NaN,NaN,NaN,NaN,NaN,NaN,NaN,NaN,NaN,NaN,NaN,NaN,NaN,NaN,NaN,NaN,NaN,NaN,NaN,NaN,NaN,NaN,NaN,NaN,NaN,NaN,NaN,NaN,NaN,NaN,NaN,NaN,NaN,NaN,NaN,NaN,NaN,NaN,NaN,NaN,NaN,NaN,NaN,NaN,NaN,NaN,NaN,NaN,NaN,NaN,NaN,NaN,NaN,NaN,NaN,NaN,NaN,NaN,NaN,NaN,NaN,NaN,NaN,NaN,NaN,NaN,NaN,NaN,NaN,NaN,NaN,NaN,NaN,NaN,NaN,NaN,NaN,NaN,NaN,NaN,NaN,NaN,NaN,NaN,NaN,NaN,NaN,NaN,NaN,NaN,NaN,NaN,NaN,NaN,NaN,NaN,NaN,NaN,NaN,NaN,NaN,NaN,NaN,NaN,NaN,NaN,NaN,NaN,NaN,NaN,NaN,NaN,NaN,NaN,NaN,NaN,NaN,NaN,NaN,NaN,NaN,NaN,NaN,NaN,NaN,NaN,NaN,NaN,NaN,NaN,NaN,NaN,NaN,NaN,NaN,NaN,NaN,NaN,NaN,NaN,NaN,NaN,NaN,NaN,NaN,NaN,NaN,NaN,NaN,NaN,NaN,NaN,NaN,NaN,NaN,NaN,NaN,NaN,NaN,NaN,NaN,NaN,NaN,NaN,NaN,NaN,NaN,NaN,NaN,NaN,NaN,NaN,NaN,NaN,NaN,NaN,NaN,NaN,NaN,NaN,NaN,NaN,NaN,NaN,NaN,NaN,NaN,NaN,NaN,NaN,NaN,NaN,NaN,NaN,NaN,NaN,NaN,NaN,NaN,NaN,NaN,NaN,NaN,NaN,NaN,NaN,NaN,NaN,NaN,NaN,NaN,NaN,NaN,NaN,NaN,NaN,NaN,NaN,NaN,NaN,NaN,NaN,NaN,NaN,NaN,NaN,NaN,NaN,NaN,NaN,NaN,NaN,NaN,NaN,NaN,NaN,NaN,NaN,NaN,NaN,NaN,NaN,NaN,NaN,NaN
NaN,NaN,NaN,NaN,NaN,NaN,NaN,NaN,NaN,NaN,NaN,NaN,NaN,NaN,NaN,NaN,NaN,NaN,NaN,NaN,NaN,NaN,NaN,NaN,NaN,NaN,NaN,NaN,NaN,NaN,NaN,NaN,NaN,NaN,NaN,NaN,NaN,NaN,NaN,NaN,NaN,NaN,NaN,NaN,NaN,NaN,NaN,NaN,NaN,NaN,NaN,NaN,NaN,NaN,NaN,NaN,NaN,NaN,NaN,NaN,NaN,NaN,NaN,NaN,NaN,NaN,NaN,NaN,NaN,NaN,NaN,NaN,NaN,NaN,NaN,NaN,NaN,NaN,NaN,NaN,NaN,NaN,NaN,NaN,NaN,NaN,NaN,NaN,NaN,NaN,NaN,NaN,NaN,NaN,NaN,NaN,NaN,NaN,NaN,NaN,NaN,NaN,NaN,NaN,NaN,NaN,NaN,NaN,NaN,NaN,NaN,NaN,NaN,NaN,NaN,NaN,NaN,NaN,NaN,NaN,NaN,NaN,NaN,NaN,NaN,NaN,NaN,NaN,NaN,NaN,NaN,NaN,NaN,NaN,NaN,NaN,NaN,NaN,NaN,NaN,NaN,NaN,NaN,NaN,NaN,NaN,NaN,NaN,NaN,NaN,NaN,NaN,NaN,NaN,NaN,NaN,NaN,NaN,NaN,NaN,NaN,NaN,NaN,NaN,NaN,NaN,NaN,NaN,NaN,NaN,NaN,NaN,NaN,NaN,NaN,NaN,NaN,NaN,NaN,NaN,NaN,NaN,NaN,NaN,NaN,NaN,NaN,NaN,NaN,NaN,NaN,NaN,NaN,NaN,NaN,NaN,NaN,NaN,NaN,NaN,NaN,NaN,NaN,NaN,NaN,NaN,NaN,NaN,NaN,NaN,NaN,NaN,NaN,NaN,NaN,NaN,NaN,NaN,NaN,NaN,NaN,NaN,NaN,NaN,NaN,NaN,NaN,NaN,NaN,NaN,NaN,NaN,NaN,NaN,NaN,NaN,NaN,NaN,NaN,NaN,NaN,NaN,NaN,NaN,NaN
NaN,NaN,NaN,NaN,NaN,NaN,NaN,NaN,NaN,NaN,NaN,NaN,NaN,NaN,NaN,NaN,NaN,NaN,NaN,NaN,NaN,NaN,NaN,NaN,NaN,NaN,NaN,NaN,NaN,NaN,NaN,NaN,NaN,NaN,NaN,NaN,NaN,NaN,NaN,NaN,NaN,NaN,NaN,NaN,NaN,NaN,NaN,NaN,NaN,NaN,NaN,NaN,NaN,NaN,NaN,NaN,NaN,NaN,NaN,NaN,NaN,NaN,NaN,NaN,NaN,NaN,NaN,NaN,NaN,NaN,NaN,NaN,NaN,NaN,NaN,NaN,NaN,NaN,NaN,NaN,NaN,NaN,NaN,NaN,NaN,NaN,NaN,NaN,NaN,NaN,NaN,NaN,NaN,NaN,NaN,NaN,NaN,NaN,NaN,NaN,NaN,NaN,NaN,NaN,NaN,NaN,NaN,NaN,NaN,NaN,NaN,NaN,NaN,NaN,NaN,NaN,NaN,NaN,NaN,NaN,NaN,NaN,NaN,NaN,NaN,NaN,NaN,NaN,NaN,NaN,NaN,NaN,NaN,NaN,NaN,NaN,NaN,NaN,NaN,NaN,NaN,NaN,NaN,NaN,NaN,NaN,NaN,NaN,NaN,NaN,NaN,NaN,NaN,NaN,NaN,NaN,NaN,NaN,NaN,NaN,NaN,NaN,NaN,NaN,NaN,NaN,NaN,NaN,NaN,NaN,NaN,NaN,NaN,NaN,NaN,NaN,NaN,NaN,NaN,NaN,NaN,NaN,NaN,NaN,NaN,NaN,NaN,NaN,NaN,NaN,NaN,NaN,NaN,NaN,NaN,NaN,NaN,NaN,NaN,NaN,NaN,NaN,NaN,NaN,NaN,NaN,NaN,NaN,NaN,NaN,NaN,NaN,NaN,NaN,NaN,NaN,NaN,NaN,NaN,NaN,NaN,NaN,NaN,NaN,NaN,NaN,NaN,NaN,NaN,NaN,NaN,NaN,NaN,NaN,NaN,NaN,NaN,NaN,NaN,NaN,NaN,NaN,NaN,NaN,NaN
NaN,NaN,NaN,NaN,NaN,NaN,NaN,NaN,NaN,NaN,NaN,NaN,NaN,NaN,NaN,NaN,NaN,NaN,NaN,NaN,NaN,NaN,NaN,NaN,NaN,NaN,NaN,NaN,NaN,NaN,NaN,NaN,NaN,NaN,NaN,NaN,NaN,NaN,NaN,NaN,NaN,NaN,NaN,NaN,NaN,NaN,NaN,NaN,NaN,NaN,NaN,NaN,NaN,NaN,NaN,NaN,NaN,NaN,NaN,NaN,NaN,NaN,NaN,NaN,NaN,NaN,NaN,NaN,NaN,NaN,NaN,NaN,NaN,NaN,NaN,NaN,NaN,NaN,NaN,NaN,NaN,NaN,NaN,NaN,NaN,NaN,NaN,NaN,NaN,NaN,NaN,NaN,NaN,NaN,NaN,NaN,NaN,NaN,NaN,NaN,NaN,NaN,NaN,NaN,NaN,NaN,NaN,NaN,NaN,NaN,NaN,NaN,NaN,NaN,NaN,NaN,NaN,NaN,NaN,NaN,NaN,NaN,NaN,NaN,NaN,NaN,NaN,NaN,NaN,NaN,NaN,NaN,NaN,NaN,NaN,NaN,NaN,NaN,NaN,NaN,NaN,NaN,NaN,NaN,NaN,NaN,NaN,NaN,NaN,NaN,NaN,NaN,NaN,NaN,NaN,NaN,NaN,NaN,NaN,NaN,NaN,NaN,NaN,NaN,NaN,NaN,NaN,NaN,NaN,NaN,NaN,NaN,NaN,NaN,NaN,NaN,NaN,NaN,NaN,NaN,NaN,NaN,NaN,NaN,NaN,NaN,NaN,NaN,NaN,NaN,NaN,NaN,NaN,NaN,NaN,NaN,NaN,NaN,NaN,NaN,NaN,NaN,NaN,NaN,NaN,NaN,NaN,NaN,NaN,NaN,NaN,NaN,NaN,NaN,NaN,NaN,NaN,NaN,NaN,NaN,NaN,NaN,NaN,NaN,NaN,NaN,NaN,NaN,NaN,NaN,NaN,NaN,NaN,NaN,NaN,NaN,NaN,NaN,NaN,NaN,NaN,NaN,NaN,NaN,NaN
NaN,NaN,NaN,NaN,NaN,NaN,NaN,NaN,NaN,NaN,NaN,NaN,NaN,NaN,NaN,NaN,NaN,NaN,NaN,NaN,NaN,NaN,NaN,NaN,NaN,NaN,NaN,NaN,NaN,NaN,NaN,NaN,NaN,NaN,NaN,NaN,NaN,NaN,NaN,NaN,NaN,NaN,NaN,NaN,NaN,NaN,NaN,NaN,NaN,NaN,NaN,NaN,NaN,NaN,NaN,NaN,NaN,NaN,NaN,NaN,NaN,NaN,NaN,NaN,NaN,NaN,NaN,NaN,NaN,NaN,NaN,NaN,NaN,NaN,NaN,NaN,NaN,NaN,NaN,NaN,NaN,NaN,NaN,NaN,NaN,NaN,NaN,NaN,NaN,NaN,NaN,NaN,NaN,NaN,NaN,NaN,NaN,NaN,NaN,NaN,NaN,NaN,NaN,NaN,NaN,NaN,NaN,NaN,NaN,NaN,NaN,NaN,NaN,NaN,NaN,NaN,NaN,NaN,NaN,NaN,NaN,NaN,NaN,NaN,NaN,NaN,NaN,NaN,NaN,NaN,NaN,NaN,NaN,NaN,NaN,NaN,NaN,NaN,NaN,NaN,NaN,NaN,NaN,NaN,NaN,NaN,NaN,NaN,NaN,NaN,NaN,NaN,NaN,NaN,NaN,NaN,NaN,NaN,NaN,NaN,NaN,NaN,NaN,NaN,NaN,NaN,NaN,NaN,NaN,NaN,NaN,NaN,NaN,NaN,NaN,NaN,NaN,NaN,NaN,NaN,NaN,NaN,NaN,NaN,NaN,NaN,NaN,NaN,NaN,NaN,NaN,NaN,NaN,NaN,NaN,NaN,NaN,NaN,NaN,NaN,NaN,NaN,NaN,NaN,NaN,NaN,NaN,NaN,NaN,NaN,NaN,NaN,NaN,NaN,NaN,NaN,NaN,NaN,NaN,NaN,NaN,NaN,NaN,NaN,NaN,NaN,NaN,NaN,NaN,NaN,NaN,NaN,NaN,NaN,NaN,NaN,NaN,NaN,NaN,NaN,NaN,NaN,NaN,NaN,NaN
NaN,NaN,NaN,NaN,NaN,NaN,NaN,NaN,NaN,NaN,NaN,NaN,NaN,NaN,NaN,NaN,NaN,NaN,NaN,NaN,NaN,NaN,NaN,NaN,NaN,NaN,NaN,NaN,NaN,NaN,NaN,NaN,NaN,NaN,NaN,NaN,NaN,NaN,NaN,NaN,NaN,NaN,NaN,NaN,NaN,NaN,NaN,NaN,NaN,NaN,NaN,NaN,NaN,NaN,NaN,NaN,NaN,NaN,NaN,NaN,NaN,NaN,NaN,NaN,NaN,NaN,NaN,NaN,NaN,NaN,NaN,NaN,NaN,NaN,NaN,NaN,NaN,NaN,NaN,NaN,NaN,NaN,NaN,NaN,NaN,NaN,NaN,NaN,NaN,NaN,NaN,NaN,NaN,NaN,NaN,NaN,NaN,NaN,NaN,NaN,NaN,NaN,NaN,NaN,NaN,NaN,NaN,NaN,NaN,NaN,NaN,NaN,NaN,NaN,NaN,NaN,NaN,NaN,NaN,NaN,NaN,NaN,NaN,NaN,NaN,NaN,NaN,NaN,NaN,NaN,NaN,NaN,NaN,NaN,NaN,NaN,NaN,NaN,NaN,NaN,NaN,NaN,NaN,NaN,NaN,NaN,NaN,NaN,NaN,NaN,NaN,NaN,NaN,NaN,NaN,NaN,NaN,NaN,NaN,NaN,NaN,NaN,NaN,NaN,NaN,NaN,NaN,NaN,NaN,NaN,NaN,NaN,NaN,NaN,NaN,NaN,NaN,NaN,NaN,NaN,NaN,NaN,NaN,NaN,NaN,NaN,NaN,NaN,NaN,NaN,NaN,NaN,NaN,NaN,NaN,NaN,NaN,NaN,NaN,NaN,NaN,NaN,NaN,NaN,NaN,NaN,NaN,NaN,NaN,NaN,NaN,NaN,NaN,NaN,NaN,NaN,NaN,NaN,NaN,NaN,NaN,NaN,NaN,NaN,NaN,NaN,NaN,NaN,NaN,NaN,NaN,NaN,NaN,NaN,NaN,NaN,NaN,NaN,NaN,NaN,NaN,NaN,NaN,NaN,NaN
NaN,NaN,NaN,NaN,NaN,NaN,NaN,NaN,NaN,NaN,NaN,NaN,NaN,NaN,NaN,NaN,NaN,NaN,NaN,NaN,NaN,NaN,NaN,NaN,NaN,NaN,NaN,NaN,NaN,NaN,NaN,NaN,NaN,NaN,NaN,NaN,NaN,NaN,NaN,NaN,NaN,NaN,NaN,NaN,NaN,NaN,NaN,NaN,NaN,NaN,NaN,NaN,NaN,NaN,NaN,NaN,NaN,NaN,NaN,NaN,NaN,NaN,NaN,NaN,NaN,NaN,NaN,NaN,NaN,NaN,NaN,NaN,NaN,NaN,NaN,NaN,NaN,NaN,NaN,NaN,NaN,NaN,NaN,NaN,NaN,NaN,NaN,NaN,NaN,NaN,NaN,NaN,NaN,NaN,NaN,NaN,NaN,NaN,NaN,NaN,NaN,NaN,NaN,NaN,NaN,NaN,NaN,NaN,NaN,NaN,NaN,NaN,NaN,NaN,NaN,NaN,NaN,NaN,NaN,NaN,NaN,NaN,NaN,NaN,NaN,NaN,NaN,NaN,NaN,NaN,NaN,NaN,NaN,NaN,NaN,NaN,NaN,NaN,NaN,NaN,NaN,NaN,NaN,NaN,NaN,NaN,NaN,NaN,NaN,NaN,NaN,NaN,NaN,NaN,NaN,NaN,NaN,NaN,NaN,NaN,NaN,NaN,NaN,NaN,NaN,NaN,NaN,NaN,NaN,NaN,NaN,NaN,NaN,NaN,NaN,NaN,NaN,NaN,NaN,NaN,NaN,NaN,NaN,NaN,NaN,NaN,NaN,NaN,NaN,NaN,NaN,NaN,NaN,NaN,NaN,NaN,NaN,NaN,NaN,NaN,NaN,NaN,NaN,NaN,NaN,NaN,NaN,NaN,NaN,NaN,NaN,NaN,NaN,NaN,NaN,NaN,NaN,NaN,NaN,NaN,NaN,NaN,NaN,NaN,NaN,NaN,NaN,NaN,NaN,NaN,NaN,NaN,NaN,NaN,NaN,NaN,NaN,NaN,NaN,NaN,NaN,NaN,NaN,NaN,NaN
NaN,NaN,NaN,NaN,NaN,NaN,NaN,NaN,NaN,NaN,NaN,NaN,NaN,NaN,NaN,NaN,NaN,NaN,NaN,NaN,NaN,NaN,NaN,NaN,NaN,NaN,NaN,NaN,NaN,NaN,NaN,NaN,NaN,NaN,NaN,NaN,NaN,NaN,NaN,NaN,NaN,NaN,NaN,NaN,NaN,NaN,NaN,NaN,NaN,NaN,NaN,NaN,NaN,NaN,NaN,NaN,NaN,NaN,NaN,NaN,NaN,NaN,NaN,NaN,NaN,NaN,NaN,NaN,NaN,NaN,NaN,NaN,NaN,NaN,NaN,NaN,NaN,NaN,NaN,NaN,NaN,NaN,NaN,NaN,NaN,NaN,NaN,NaN,NaN,NaN,NaN,NaN,NaN,NaN,NaN,NaN,NaN,NaN,NaN,NaN,NaN,NaN,NaN,NaN,NaN,NaN,NaN,NaN,NaN,NaN,NaN,NaN,NaN,NaN,NaN,NaN,NaN,NaN,NaN,NaN,NaN,NaN,NaN,NaN,NaN,NaN,NaN,NaN,NaN,NaN,NaN,NaN,NaN,NaN,NaN,NaN,NaN,NaN,NaN,NaN,NaN,NaN,NaN,NaN,NaN,NaN,NaN,NaN,NaN,NaN,NaN,NaN,NaN,NaN,NaN,NaN,NaN,NaN,NaN,NaN,NaN,NaN,NaN,NaN,NaN,NaN,NaN,NaN,NaN,NaN,NaN,NaN,NaN,NaN,NaN,NaN,NaN,NaN,NaN,NaN,NaN,NaN,NaN,NaN,NaN,NaN,NaN,NaN,NaN,NaN,NaN,NaN,NaN,NaN,NaN,NaN,NaN,NaN,NaN,NaN,NaN,NaN,NaN,NaN,NaN,NaN,NaN,NaN,NaN,NaN,NaN,NaN,NaN,NaN,NaN,NaN,NaN,NaN,NaN,NaN,NaN,NaN,NaN,NaN,NaN,NaN,NaN,NaN,NaN,NaN,NaN,NaN,NaN,NaN,NaN,NaN,NaN,NaN,NaN,NaN,NaN,NaN,NaN,NaN,NaN
NaN,NaN,NaN,NaN,NaN,NaN,NaN,NaN,NaN,NaN,NaN,NaN,NaN,NaN,NaN,NaN,NaN,NaN,NaN,NaN,NaN,NaN,NaN,NaN,NaN,NaN,NaN,NaN,NaN,NaN,NaN,NaN,NaN,NaN,NaN,NaN,NaN,NaN,NaN,NaN,NaN,NaN,NaN,NaN,NaN,NaN,NaN,NaN,NaN,NaN,NaN,NaN,NaN,NaN,NaN,NaN,NaN,NaN,NaN,NaN,NaN,NaN,NaN,NaN,NaN,NaN,NaN,NaN,NaN,NaN,NaN,NaN,NaN,NaN,NaN,NaN,NaN,NaN,NaN,NaN,NaN,NaN,NaN,NaN,NaN,NaN,NaN,NaN,NaN,NaN,NaN,NaN,NaN,NaN,NaN,NaN,NaN,NaN,NaN,NaN,NaN,NaN,NaN,NaN,NaN,NaN,NaN,NaN,NaN,NaN,NaN,NaN,NaN,NaN,NaN,NaN,NaN,NaN,NaN,NaN,NaN,NaN,NaN,NaN,NaN,NaN,NaN,NaN,NaN,NaN,NaN,NaN,NaN,NaN,NaN,NaN,NaN,NaN,NaN,NaN,NaN,NaN,NaN,NaN,NaN,NaN,NaN,NaN,NaN,NaN,NaN,NaN,NaN,NaN,NaN,NaN,NaN,NaN,NaN,NaN,NaN,NaN,NaN,NaN,NaN,NaN,NaN,NaN,NaN,NaN,NaN,NaN,NaN,NaN,NaN,NaN,NaN,NaN,NaN,NaN,NaN,NaN,NaN,NaN,NaN,NaN,NaN,NaN,NaN,NaN,NaN,NaN,NaN,NaN,NaN,NaN,NaN,NaN,NaN,NaN,NaN,NaN,NaN,NaN,NaN,NaN,NaN,NaN,NaN,NaN,NaN,NaN,NaN,NaN,NaN,NaN,NaN,NaN,NaN,NaN,NaN,NaN,NaN,NaN,NaN,NaN,NaN,NaN,NaN,NaN,NaN,NaN,NaN,NaN,NaN,NaN,NaN,NaN,NaN,NaN,NaN,NaN,NaN,NaN,NaN
NaN,NaN,NaN,NaN,NaN,NaN,NaN,NaN,NaN,NaN,NaN,NaN,NaN,NaN,NaN,NaN,NaN,NaN,NaN,NaN,NaN,NaN,NaN,NaN,NaN,NaN,NaN,NaN,NaN,NaN,NaN,NaN,NaN,NaN,NaN,NaN,NaN,NaN,NaN,NaN,NaN,NaN,NaN,NaN,NaN,NaN,NaN,NaN,NaN,NaN,NaN,NaN,NaN,NaN,NaN,NaN,NaN,NaN,NaN,NaN,NaN,NaN,NaN,NaN,NaN,NaN,NaN,NaN,NaN,NaN,NaN,NaN,NaN,NaN,NaN,NaN,NaN,NaN,NaN,NaN,NaN,NaN,NaN,NaN,NaN,NaN,NaN,NaN,NaN,NaN,NaN,NaN,NaN,NaN,NaN,NaN,NaN,NaN,NaN,NaN,NaN,NaN,NaN,NaN,NaN,NaN,NaN,NaN,NaN,NaN,NaN,NaN,NaN,NaN,NaN,NaN,NaN,NaN,NaN,NaN,NaN,NaN,NaN,NaN,NaN,NaN,NaN,NaN,NaN,NaN,NaN,NaN,NaN,NaN,NaN,NaN,NaN,NaN,NaN,NaN,NaN,NaN,NaN,NaN,NaN,NaN,NaN,NaN,NaN,NaN,NaN,NaN,NaN,NaN,NaN,NaN,NaN,NaN,NaN,NaN,NaN,NaN,NaN,NaN,NaN,NaN,NaN,NaN,NaN,NaN,NaN,NaN,NaN,NaN,NaN,NaN,NaN,NaN,NaN,NaN,NaN,NaN,NaN,NaN,NaN,NaN,NaN,NaN,NaN,NaN,NaN,NaN,NaN,NaN,NaN,NaN,NaN,NaN,NaN,NaN,NaN,NaN,NaN,NaN,NaN,NaN,NaN,NaN,NaN,NaN,NaN,NaN,NaN,NaN,NaN,NaN,NaN,NaN,NaN,NaN,NaN,NaN,NaN,NaN,NaN,NaN,NaN,NaN,NaN,NaN,NaN,NaN,NaN,NaN,NaN,NaN,NaN,NaN,NaN,NaN,NaN,NaN,NaN,NaN,NaN
NaN,NaN,NaN,NaN,NaN,NaN,NaN,NaN,NaN,NaN,NaN,NaN,NaN,NaN,NaN,NaN,NaN,NaN,NaN,NaN,NaN,NaN,NaN,NaN,NaN,NaN,NaN,NaN,NaN,NaN,NaN,NaN,NaN,NaN,NaN,NaN,NaN,NaN,NaN,NaN,NaN,NaN,NaN,NaN,NaN,NaN,NaN,NaN,NaN,NaN,NaN,NaN,NaN,NaN,NaN,NaN,NaN,NaN,NaN,NaN,NaN,NaN,NaN,NaN,NaN,NaN,NaN,NaN,NaN,NaN,NaN,NaN,NaN,NaN,NaN,NaN,NaN,NaN,NaN,NaN,NaN,NaN,NaN,NaN,NaN,NaN,NaN,NaN,NaN,NaN,NaN,NaN,NaN,NaN,NaN,NaN,NaN,NaN,NaN,NaN,NaN,NaN,NaN,NaN,NaN,NaN,NaN,NaN,NaN,NaN,NaN,NaN,NaN,NaN,NaN,NaN,NaN,NaN,NaN,NaN,NaN,NaN,NaN,NaN,NaN,NaN,NaN,NaN,NaN,NaN,NaN,NaN,NaN,NaN,NaN,NaN,NaN,NaN,NaN,NaN,NaN,NaN,NaN,NaN,NaN,NaN,NaN,NaN,NaN,NaN,NaN,NaN,NaN,NaN,NaN,NaN,NaN,NaN,NaN,NaN,NaN,NaN,NaN,NaN,NaN,NaN,NaN,NaN,NaN,NaN,NaN,NaN,NaN,NaN,NaN,NaN,NaN,NaN,NaN,NaN,NaN,NaN,NaN,NaN,NaN,NaN,NaN,NaN,NaN,NaN,NaN,NaN,NaN,NaN,NaN,NaN,NaN,NaN,NaN,NaN,NaN,NaN,NaN,NaN,NaN,NaN,NaN,NaN,NaN,NaN,NaN,NaN,NaN,NaN,NaN,NaN,NaN,NaN,NaN,NaN,NaN,NaN,NaN,NaN,NaN,NaN,NaN,NaN,NaN,NaN,NaN,NaN,NaN,NaN,NaN,NaN,NaN,NaN,NaN,NaN,NaN,NaN,NaN,NaN,NaN
NaN,NaN,NaN,NaN,NaN,NaN,NaN,NaN,NaN,NaN,NaN,NaN,NaN,NaN,NaN,NaN,NaN,NaN,NaN,NaN,NaN,NaN,NaN,NaN,NaN,NaN,NaN,NaN,NaN,NaN,NaN,NaN,NaN,NaN,NaN,NaN,NaN,NaN,NaN,NaN,NaN,NaN,NaN,NaN,NaN,NaN,NaN,NaN,NaN,NaN,NaN,NaN,NaN,NaN,NaN,NaN,NaN,NaN,NaN,NaN,NaN,NaN,NaN,NaN,NaN,NaN,NaN,NaN,NaN,NaN,NaN,NaN,NaN,NaN,NaN,NaN,NaN,NaN,NaN,NaN,NaN,NaN,NaN,NaN,NaN,NaN,NaN,NaN,NaN,NaN,NaN,NaN,NaN,NaN,NaN,NaN,NaN,NaN,NaN,NaN,NaN,NaN,NaN,NaN,NaN,NaN,NaN,NaN,NaN,NaN,NaN,NaN,NaN,NaN,NaN,NaN,NaN,NaN,NaN,NaN,NaN,NaN,NaN,NaN,NaN,NaN,NaN,NaN,NaN,NaN,NaN,NaN,NaN,NaN,NaN,NaN,NaN,NaN,NaN,NaN,NaN,NaN,NaN,NaN,NaN,NaN,NaN,NaN,NaN,NaN,NaN,NaN,NaN,NaN,NaN,NaN,NaN,NaN,NaN,NaN,NaN,NaN,NaN,NaN,NaN,NaN,NaN,NaN,NaN,NaN,NaN,NaN,NaN,NaN,NaN,NaN,NaN,NaN,NaN,NaN,NaN,NaN,NaN,NaN,NaN,NaN,NaN,NaN,NaN,NaN,NaN,NaN,NaN,NaN,NaN,NaN,NaN,NaN,NaN,NaN,NaN,NaN,NaN,NaN,NaN,NaN,NaN,NaN,NaN,NaN,NaN,NaN,NaN,NaN,NaN,NaN,NaN,NaN,NaN,NaN,NaN,NaN,NaN,NaN,NaN,NaN,NaN,NaN,NaN,NaN,NaN,NaN,NaN,NaN,NaN,NaN,NaN,NaN,NaN,NaN,NaN,NaN,NaN,NaN,NaN
