NaN,NaN,NaN,NaN,NaN,NaN,NaN,NaN,NaN,NaN,NaN,NaN,NaN,NaN,NaN,NaN,NaN,NaN,NaN,NaN,NaN,NaN,NaN,NaN,NaN,NaN,NaN,NaN,NaN,NaN,NaN,NaN,NaN,NaN,NaN,NaN,NaN,NaN,NaN,NaN,NaN,NaN,NaN,NaN,NaN,NaN,NaN,NaN,NaN,NaN,NaN,NaN,NaN,NaN,NaN,NaN,NaN,NaN,NaN,NaN,NaN,NaN,NaN,NaN,NaN,NaN,NaN,NaN,NaN,NaN,NaN,NaN,NaN,NaN,NaN,NaN,NaN,NaN,NaN,NaN,NaN,NaN,0.896659280804349,0.896635610503653,0.896631321342467,0.896626755719799,0.896623608114124,0.896630386260388,0.896645661983342,0.896662230908885,0.896684410160621,0.896707236868129,0.8967292056133,0.896754436289885,0.896782253381183,0.896808150414569,0.896835319930983,0.896862263733397,0.896888817720146,0.896910799512565,0.896927242173475,0.896941972780918,0.896952987046284,0.8969625944987,0.896971682117559,0.89697457889759,0.896972262104502,0.89696581168437,0.896954129973395,0.896938543702273,0.896915969290353,0.89688850581132,0.89685583922006,0.896825921830772,0.896799917203651,0.89677752282506,0.896756355185661,0.896741920930131,0.896734172590311,0.896732968126856,0.896738894080783,0.896755195648831,0.896776278720471,0.896791743851093,0.896802509854355,0.896811350765701,0.896819132058162,0.896824263242005,0.896824535725763,0.896820308592728,0.896813713259816,0.896805554740474,0.896795533040253,0.896783724702558,0.896770951033198,0.896756670742933,0.896740643962329,0.896721699624389,0.89669958876405,0.896675776803006,0.896651169514476,0.89662499396415,0.896597639356837,0.896570934804767,0.896544669192198,0.896518842606462,0.89649520856515,0.896474641651699,0.896456528433112,0.896441110693431,0.896429062588707,0.896418353786799,0.896408101841812,0.896400150218619,0.896395173089846,0.896393859763606,0.896397003286018,0.896403883821742,0.896412505164324,0.896420804563319,0.896428054440858,0.896433770765596,0.89643762332968,0.896440068954934,0.896441151074719,0.896441702437304,0.896442181275931,0.896440492784368,0.896435915557072,0.896429584891128,0.896421504236624,0.896412289215671,0.896402643582682,0.896391854045382,0.896380100179092,0.896368155368442,0.896355575635469,0.89634298364113,0.896330165780252,0.896316036013595,0.896299745672625,0.896281403496775,0.896263444782872,0.896247884640903,0.896234369953502,0.896223331172959,0.896213807831095,0.896206382211446,0.896201028621227,0.896198089319248,0.896197372536606,0.896197995216453,0.896200469899517,0.896204743356208,0.896211378046258,0.896220321317501,0.896230255513799,0.896240564636929,0.896252398370783,0.89626663644674,0.896283679293691,0.896304036077281,0.896328839997937,0.896360673170306,0.896403556200875,0.89644821775666,0.896492299544579,0.896535680430795,0.896578398430321,0.896620733892063,0.896662758194985,0.896703813243843,0.896743663600345,0.896782553591989,0.896821248749218,0.896859563981471,0.896897091145324,0.896933423880313,0.896969126351906,0.897004392806161,0.897038910282592,0.897071980456045,0.89710343392483,0.89713382206587,0.897163622573537,0.897192582430719,0.897220610625751,0.897248162574003,0.897275385242243,0.897302213739404,0.897328619775796,0.897354840554903,0.897380356298785,0.897405262620552,0.897429463231518,0.897452963560861,0.89747534259987,0.897496438194573,0.897515882898773,0.897533225882625,0.897548639499431,0.897560550773535,0.897573281233279,0.897504545366638,0.897503765825786
NaN,NaN,NaN,NaN,NaN,NaN,NaN,NaN,NaN,NaN,NaN,NaN,NaN,NaN,NaN,NaN,NaN,NaN,NaN,NaN,NaN,NaN,NaN,NaN,NaN,NaN,NaN,NaN,NaN,NaN,NaN,NaN,NaN,NaN,NaN,NaN,NaN,NaN,NaN,NaN,NaN,NaN,NaN,NaN,NaN,NaN,NaN,NaN,NaN,NaN,NaN,NaN,NaN,NaN,NaN,NaN,NaN,NaN,NaN,NaN,NaN,NaN,NaN,NaN,NaN,NaN,NaN,NaN,NaN,NaN,NaN,NaN,NaN,NaN,NaN,NaN,NaN,NaN,NaN,NaN,NaN,NaN,0.89732551456331,0.897300330829482,0.897294024866754,0.897287515178082,0.897282416891802,0.897287269433991,0.897300608197927,0.897315238112206,0.897335518668675,0.897356405080417,0.897376494699881,0.897399891253515,0.897425836390892,0.897449876521343,0.897475247285931,0.897500382005734,0.897525143288195,0.897545335727362,0.897559995837266,0.897573003263088,0.897582304605982,0.897590218399212,0.897597620546245,0.897598809743947,0.897594795141748,0.897586690172537,0.897573373370297,0.897556161342784,0.897531993569355,0.897502961910414,0.897468734439591,0.897437301619574,0.897409753704691,0.897385845583676,0.8973631785806,0.897347265672883,0.897338022330439,0.897335321013061,0.897339786240345,0.89735463118961,0.897374230840668,0.897389463019295,0.897400014321117,0.897408652247342,0.897416177201454,0.897421034935408,0.897421048727908,0.897416554221145,0.897409688768702,0.897401260490872,0.897390977153684,0.89737890053105,0.897365859905927,0.897351304382871,0.897334984526839,0.897315733899181,0.897293309449896,0.897269194777203,0.89724430045251,0.897217848113211,0.897190216787941,0.897163231531647,0.897136663945403,0.897110553414409,0.897086649127618,0.897065800099499,0.897047409628446,0.897031702788003,0.897019374130213,0.897008379914577,0.896997843272324,0.896989609519468,0.896984351270153,0.896982770891247,0.896985668409885,0.896992307652868,0.897000665693249,0.897008706593687,0.897015711052633,0.897021193233256,0.897024816999123,0.897027040475397,0.897027911448319,0.897028260410042,0.897028533639737,0.89702663827343,0.89702185794285,0.897015327009655,0.897007038277543,0.896997619369785,0.896987757924023,0.89697674331864,0.896964770452053,0.896952597417211,0.896939792075169,0.896926977291488,0.896913940914047,0.896899589578054,0.89688308053472,0.896864523296104,0.896846345401805,0.896830549458584,0.896816772586686,0.896805471960403,0.89679568578824,0.896788002432901,0.896782413391327,0.896779218537892,0.896778242874333,0.896778602491997,0.896780802968585,0.896784792924563,0.896791150646596,0.89679981196563,0.896809464056122,0.896819487684256,0.896831027017024,0.896844971002499,0.896861720950049,0.896881777375078,0.896906260188724,0.89693776941825,0.896978099001142,0.897020235193073,0.897061821501476,0.897102734654293,0.897143008208694,0.897182919381206,0.897222541443154,0.897261205307079,0.897298690255442,0.897335222210044,0.8973715771584,0.897407578354134,0.897442808049064,0.897476851872982,0.897510289629033,0.897543314883046,0.897575598017614,0.897606439208336,0.897635682444031,0.897663883780825,0.897691517958412,0.897718326033274,0.897744223301041,0.8977696806124,0.897794829224104,0.897819601210945,0.897843963948419,0.89786815692699,0.897891664243922,0.897914577204166,0.897936796485542,0.897958330430172,0.897978760904046,0.897997923982579,0.898015462826751,0.898030922106841,0.898044248327578,0.898055557960744,0.898065877717313,0.897876050641247,0.897502985935769
NaN,NaN,NaN,NaN,NaN,NaN,NaN,NaN,NaN,NaN,NaN,NaN,NaN,NaN,NaN,NaN,NaN,NaN,NaN,NaN,NaN,NaN,NaN,NaN,NaN,NaN,NaN,NaN,NaN,NaN,NaN,NaN,NaN,NaN,NaN,NaN,NaN,NaN,NaN,NaN,NaN,NaN,NaN,NaN,NaN,NaN,NaN,NaN,NaN,NaN,NaN,NaN,NaN,NaN,NaN,NaN,NaN,NaN,NaN,NaN,NaN,NaN,NaN,NaN,NaN,NaN,NaN,NaN,NaN,NaN,NaN,NaN,NaN,NaN,NaN,NaN,NaN,NaN,NaN,NaN,NaN,NaN,0.897446227495649,0.897432592076704,0.897434007040261,0.897430620203179,0.897432170850847,0.897440355179239,0.897456958126318,0.897472326962076,0.897491498432451,0.897512936096728,0.897536292219961,0.897560570221062,0.897586376269835,0.897613377678889,0.897639729686014,0.897665030256416,0.897688421871172,0.897710540008298,0.897728596827377,0.897744388632422,0.897758882663147,0.897769490459766,0.897777914341225,0.897783275328786,0.897782539587404,0.897777737085572,0.897769027550352,0.897756629155638,0.897736528422514,0.897711760444188,0.897684323683594,0.897658239504286,0.897634836898561,0.897613161066951,0.897593705781476,0.897580434039621,0.897571412502592,0.897565213090004,0.89756276015233,0.897566105490302,0.897571782482405,0.897577801026177,0.89758427830617,0.897589208609257,0.897593129203245,0.897595839544835,0.897595059084894,0.897590331790096,0.897583247977009,0.89757393925289,0.897562055435773,0.897548275726758,0.897532698359431,0.897516744152336,0.897499197768077,0.897479120171483,0.897457069856981,0.897433530613623,0.897409171188555,0.89738411744796,0.897357972211208,0.897331367666882,0.897305618127168,0.897281462894569,0.897258916068407,0.897237435855527,0.897217233795498,0.897198823408114,0.897182636521367,0.897169423109228,0.897159216743145,0.897151457705421,0.897145895388701,0.897142375638508,0.897141123540591,0.897142234349287,0.897143934456284,0.897146498719654,0.897149653654868,0.897151985236731,0.897153982274377,0.897155101532235,0.897155003139804,0.897153567303282,0.897151373293791,0.897147995872092,0.897142317571045,0.897135259318658,0.897127307778967,0.897118904642068,0.897110442319963,0.89710213699954,0.897093622282314,0.897085081226633,0.897076369871082,0.897067069296051,0.89705745123243,0.897047411447295,0.897037010824704,0.89702706926845,0.897017007599632,0.89700717745418,0.896999384986563,0.896993048371678,0.896987603960124,0.896983905466279,0.896983001646883,0.896985567582305,0.896990753442095,0.896997764970584,0.897006370533803,0.897016532963676,0.897027676338242,0.897039943786368,0.897053495015831,0.897068538671987,0.897085588040397,0.897104744128361,0.897126440018249,0.897151419184577,0.897179757051172,0.897211883594178,0.897249185074592,0.897289496302379,0.897330551694869,0.897371597352066,0.897412321628052,0.897452688447716,0.897492545856114,0.897531320873024,0.897568958284256,0.897606405270149,0.897643917319415,0.897680560637877,0.897716026162175,0.897750686727457,0.897785267570022,0.897819390001001,0.897852366070539,0.897883823609408,0.897913820026274,0.897942668500327,0.897971015707093,0.897998707703317,0.898025645176213,0.89805206782223,0.898077606005538,0.898102376514618,0.898126937390413,0.898151464679957,0.898175378659254,0.89819865749905,0.89822156435061,0.898243789947206,0.898264713292931,0.898284138925118,0.898301948045624,0.898317657007308,0.898331431346462,0.898339883240584,0.898365321786199,0.898152960225332,0.897663167206321
NaN,NaN,NaN,NaN,NaN,NaN,NaN,NaN,NaN,NaN,NaN,NaN,NaN,NaN,NaN,NaN,NaN,NaN,NaN,NaN,NaN,NaN,NaN,NaN,NaN,NaN,NaN,NaN,NaN,NaN,NaN,NaN,NaN,NaN,NaN,NaN,NaN,NaN,NaN,NaN,NaN,NaN,NaN,NaN,NaN,NaN,NaN,NaN,NaN,NaN,NaN,NaN,NaN,NaN,NaN,NaN,NaN,NaN,NaN,NaN,NaN,NaN,NaN,NaN,NaN,NaN,NaN,NaN,NaN,NaN,NaN,NaN,NaN,NaN,NaN,NaN,NaN,NaN,NaN,NaN,NaN,NaN,0.89744108298576,0.897429947336736,0.897433409343058,0.89743126365047,0.897434703530738,0.897443407018236,0.897460358996915,0.897475550957819,0.897494508327469,0.897515552717568,0.897537542149127,0.897561517027988,0.897587622898886,0.897612502532918,0.897638897073915,0.897665921341306,0.897689397436359,0.897711391920966,0.897731159753674,0.897749253652866,0.897763145212608,0.897772172460469,0.897781428606713,0.89778691050346,0.897786321266196,0.897781518307466,0.897773043986219,0.897759997723221,0.897739208656413,0.897713441023055,0.897684932734867,0.897657640293842,0.897632341633849,0.897608707518752,0.897587394902656,0.897571374789657,0.897560141965702,0.897552398877374,0.897548365783328,0.897547809676029,0.897551095559632,0.897557820273039,0.897566339445292,0.897573401420433,0.897580495448076,0.897585956156815,0.897588138301971,0.897586178419118,0.89758021256248,0.897571900108218,0.897561440973529,0.897548256044132,0.89753249614141,0.897516239727423,0.897499825258392,0.897481788847631,0.897461197551186,0.897438346711578,0.897415321744092,0.897391974148935,0.897366731617137,0.897341082564598,0.897317404826134,0.897294835726645,0.89727252646876,0.897251546654466,0.897232296262169,0.897214725305477,0.897198695025048,0.897184265826654,0.897172038607842,0.897162276909768,0.897154186752594,0.897147532313097,0.897143024160593,0.897140878135285,0.897140875359461,0.897141670215481,0.897142339795342,0.897142826765804,0.897142598526729,0.897141438823931,0.897139433448424,0.897137661819828,0.897135251892622,0.897131139646352,0.897125727650589,0.897119312449307,0.89711195302411,0.897104630645658,0.897097400115175,0.897089737210637,0.897082031652837,0.897074734936659,0.897068404692984,0.897061896815199,0.897054055594271,0.89704591429711,0.897038147238272,0.897030422126792,0.897022870457827,0.897015751632332,0.89700949640733,0.897004872873735,0.897001350198028,0.896999092157777,0.896999797265129,0.897004198396189,0.897011418643336,0.897021279727252,0.897033383545012,0.897047680450825,0.897062994692595,0.897078874241376,0.897096277791627,0.897115256007857,0.897136318999697,0.897159694351675,0.897185544985852,0.897214438150702,0.897245432143058,0.897277699542553,0.897313416478444,0.897351959940567,0.897392069497232,0.897433024032539,0.897473752092659,0.89751430870119,0.897554685765135,0.89759410956541,0.897632496772961,0.897670661641361,0.897708916979491,0.897746030316719,0.897781944983344,0.897817102747517,0.897852168593212,0.897887137304851,0.897921037661704,0.897953420861795,0.897984619754186,0.898014263427265,0.89804289829694,0.898070603766391,0.89809734205411,0.898123402841981,0.898149114709672,0.898174387918855,0.898199318345374,0.898224152478189,0.898248323145919,0.898271758691267,0.898294890278566,0.898317427533934,0.898338956736021,0.898359723768268,0.898379407199734,0.898397004388815,0.898412541856443,0.89842463023806,0.898448689150873,0.898257120773524,0.897763207707166
NaN,NaN,NaN,NaN,NaN,NaN,NaN,NaN,NaN,NaN,NaN,NaN,NaN,NaN,NaN,NaN,NaN,NaN,NaN,NaN,NaN,NaN,NaN,NaN,NaN,NaN,NaN,NaN,NaN,NaN,NaN,NaN,NaN,NaN,NaN,NaN,NaN,NaN,NaN,NaN,NaN,NaN,NaN,NaN,NaN,NaN,NaN,NaN,NaN,NaN,NaN,NaN,NaN,NaN,NaN,NaN,NaN,NaN,NaN,NaN,NaN,NaN,NaN,NaN,NaN,NaN,NaN,NaN,NaN,NaN,NaN,NaN,NaN,NaN,NaN,NaN,NaN,NaN,NaN,NaN,NaN,NaN,0.897449274388997,0.897436490682373,0.897438582549403,0.897436495355559,0.897444383347294,0.89745318106294,0.897468200265201,0.8974854399545,0.897502526191601,0.897523369713391,0.897545837394697,0.897569555849501,0.897596383214132,0.89762231399799,0.897649379862654,0.897675470706535,0.897698238765682,0.897721151349701,0.897741778065372,0.897759437377322,0.897773397691064,0.8977844661842,0.897793427079433,0.897797125915299,0.89779529753357,0.897789733438911,0.897779590789891,0.897764729473534,0.897743218768432,0.897717514323371,0.897689147104272,0.897662907319283,0.897638243658232,0.897615106444432,0.897595338411779,0.897580622132252,0.897570817222013,0.897563016649515,0.897557388444953,0.897554861347672,0.897557109064992,0.897562386877504,0.897569807081394,0.89757772292314,0.897585736899442,0.897592174358222,0.897596231829267,0.897596514450972,0.897591751667236,0.897583865659696,0.897573975948298,0.897561358279957,0.897545791900194,0.897529409333567,0.897513111188979,0.897495329070102,0.897475970875588,0.897455194719503,0.8974345460055,0.897411805476169,0.897385795320333,0.897361379966875,0.897338270074183,0.897312654040884,0.89728774859652,0.897266740827608,0.897248361171973,0.897232160531291,0.897216653558659,0.897201646876243,0.89718748330665,0.897174548311871,0.897163516273615,0.897154030444157,0.897145980594468,0.897140829378259,0.897138427330058,0.897137834080397,0.897137978493955,0.897137425815048,0.897136135871837,0.897133957146591,0.897130825506531,0.897127385952899,0.897124399216962,0.897120642826814,0.897115506738998,0.897109973736769,0.897104085268058,0.897097614463169,0.897090262190542,0.897082434137314,0.897075728893129,0.897069761880186,0.897064468799043,0.897060021358111,0.897055958774134,0.897052010574836,0.897047870134956,0.897043825808003,0.897039841410185,0.897035469859592,0.897031396786237,0.897028311172689,0.897027057527428,0.897027403436455,0.897029963755585,0.897035847070425,0.897045664695615,0.897059000161054,0.897074996990851,0.897092793489118,0.89711142368458,0.897130910319479,0.897152266414589,0.897175881172189,0.897200600383726,0.897227213312757,0.897256211139744,0.897287652997044,0.897320828646737,0.897354621059893,0.89739073437349,0.897429306173063,0.897469079532709,0.89751013057392,0.897551792701912,0.897593005304423,0.897633536799091,0.897673318403581,0.897712063155218,0.897750322247711,0.897789402047595,0.897827944566665,0.897865289353214,0.897901162590617,0.897936299809073,0.897971184461639,0.898005432850779,0.898038493399855,0.898070036809622,0.898100621868036,0.898129946438429,0.89815795595713,0.898184467577216,0.898210454828378,0.898236458406055,0.898261993817079,0.898286527530364,0.898310645405635,0.898334813809704,0.898359078130334,0.898382935300273,0.898406091658467,0.898427959768431,0.89844925400041,0.898469968037887,0.898489184156962,0.898506382867916,0.898520603680668,0.898548725148969,0.898358412428021,0.897862239909676
NaN,NaN,NaN,NaN,NaN,NaN,NaN,NaN,NaN,NaN,NaN,NaN,NaN,NaN,NaN,NaN,NaN,NaN,NaN,NaN,NaN,NaN,NaN,NaN,NaN,NaN,NaN,NaN,NaN,NaN,NaN,NaN,NaN,NaN,NaN,NaN,NaN,NaN,NaN,NaN,NaN,NaN,NaN,NaN,NaN,NaN,NaN,NaN,NaN,NaN,NaN,NaN,NaN,NaN,NaN,NaN,NaN,NaN,NaN,NaN,NaN,NaN,NaN,NaN,NaN,NaN,NaN,NaN,NaN,NaN,NaN,NaN,NaN,NaN,NaN,NaN,NaN,NaN,NaN,NaN,NaN,NaN,0.897457473902532,0.897442485504423,0.897443818395109,0.897442744843926,0.897451988339581,0.89746160976476,0.897474836478693,0.897490584758982,0.897507990538472,0.897528927584651,0.897551791407076,0.897576277930265,0.897603499935069,0.897629954971281,0.897656154319774,0.897680939013699,0.897703737442866,0.897727320365247,0.897746714688032,0.897763597312246,0.897778466842711,0.897790806851765,0.897800106640858,0.897803460012905,0.897801844218179,0.897796319025406,0.897785155320068,0.897768990166339,0.897748858236675,0.897724729481768,0.897699346088998,0.897677117312171,0.897654976210232,0.897631715444679,0.897612078180962,0.89759759332509,0.897587180211382,0.897577523923975,0.897570795290378,0.897566500623893,0.897566033122707,0.897569073949118,0.897575236709344,0.897582953708906,0.897592345680208,0.897601395409028,0.897607534944108,0.897607940285387,0.897603139577793,0.897596936854507,0.897588139193208,0.897575624422576,0.897560589766863,0.897544352895065,0.897527679224957,0.897510465322954,0.897492078554628,0.897474193680721,0.897457055699441,0.897435292489784,0.897410236314388,0.897386042236386,0.89735825257688,0.897329153318171,0.897304542763381,0.897284118251386,0.897266698889564,0.8972513961926,0.897236565526166,0.8972210433437,0.897205571042837,0.897190765682832,0.897176421225694,0.89716296044272,0.897151906314389,0.897144962204944,0.897140967547605,0.897137999996828,0.897136412208137,0.897135092200019,0.897133355830218,0.897130805623065,0.89712720733922,0.897123419385098,0.897118795706395,0.897112808803676,0.897107201393822,0.897102802916733,0.897098691020135,0.897093228613908,0.897086479578439,0.897079929822607,0.897074686403421,0.897069942287202,0.89706624621002,0.897063840718952,0.897062824585651,0.897062124771953,0.897061424375112,0.897060684888051,0.897059795063774,0.897058358991139,0.897056688340133,0.897056012230286,0.897056795557415,0.897059794169381,0.897064236851017,0.897070789528097,0.897081847881252,0.897097812460715,0.897117924597245,0.897141032824765,0.897164824690927,0.897187788537695,0.897211756019178,0.897238852449785,0.897266673292956,0.897295208663644,0.89732575451016,0.897359026774088,0.897394401305529,0.897430471109399,0.89746817230722,0.89750722730836,0.897547002628674,0.897588209569042,0.897630489100885,0.897672521483565,0.897713816847595,0.897754907640102,0.897795068622312,0.897833388311057,0.897871773405987,0.897911709438595,0.897951282691557,0.897987997150167,0.898023436234756,0.898058072679063,0.89809165422408,0.898124706716741,0.898156562297827,0.898187094061777,0.89821733553328,0.898245928986637,0.898273130456034,0.898298998497405,0.898324393367698,0.898349931564211,0.898374136344672,0.898397630015514,0.89842131388379,0.898445079325293,0.898469161965864,0.898492665218966,0.898515304336389,0.898537343199188,0.898558542000232,0.898578398596631,0.898596553848976,0.898611826555183,0.898642505116971,0.89845538404914,0.897955443846345
NaN,NaN,NaN,NaN,NaN,NaN,NaN,NaN,NaN,NaN,NaN,NaN,NaN,NaN,NaN,NaN,NaN,NaN,NaN,NaN,NaN,NaN,NaN,NaN,NaN,NaN,NaN,NaN,NaN,NaN,NaN,NaN,NaN,NaN,NaN,NaN,NaN,NaN,NaN,NaN,NaN,NaN,NaN,NaN,NaN,NaN,NaN,NaN,NaN,NaN,NaN,NaN,NaN,NaN,NaN,NaN,NaN,NaN,NaN,NaN,NaN,NaN,NaN,NaN,NaN,NaN,NaN,NaN,NaN,NaN,NaN,NaN,NaN,NaN,NaN,NaN,NaN,NaN,NaN,NaN,NaN,NaN,0.897463001315471,0.897447090268391,0.897449602824679,0.897449123343549,0.897457831019324,0.897467184313302,0.897480399885514,0.897494737915253,0.897512932043744,0.897534382516214,0.897557552233947,0.897582290359311,0.897609911228612,0.897637470161167,0.897662093378398,0.897685241475763,0.89770815424901,0.8977307121839,0.897751649461906,0.897767520264423,0.897782239804644,0.897795090710554,0.89780612854206,0.897809879755219,0.897807905731331,0.897802556418132,0.897791690699465,0.897776037725531,0.897756942828525,0.897734896979996,0.897714733802512,0.897696751121434,0.897675813766805,0.897652616048578,0.897633366163136,0.897618016504576,0.89760609285233,0.897595757682988,0.897587440692573,0.897579839939394,0.897576463439349,0.89757708651476,0.897581003923847,0.897587623024245,0.897599752839561,0.897613932162259,0.897622180062351,0.897620671004636,0.897615277425989,0.897611244426584,0.89760394918309,0.897591721150048,0.897576138291156,0.897558957302024,0.897543160334871,0.897527033535799,0.897510281235735,0.897496037414021,0.897483233574229,0.897462353285312,0.897434878619303,0.897406475549797,0.897376277161158,0.897348179215699,0.897324263038055,0.89730374205303,0.897286035251816,0.897270816873683,0.897256370099195,0.897241261768545,0.897224777532265,0.897207981196787,0.897190479035516,0.897173542885989,0.897160523577808,0.897151718005813,0.897145126661502,0.897139904580597,0.897136511023696,0.897135505947255,0.897134720073516,0.897132307319005,0.897128761886867,0.897124551384514,0.897119147246213,0.897112438205857,0.8971054779675,0.897100391018584,0.897096509137459,0.897090920266476,0.897085446959198,0.897081182646906,0.897077673969659,0.897075043160018,0.897073744340332,0.897073826500785,0.897075647285031,0.897077445697541,0.897078676809462,0.89707976838413,0.897081208147762,0.897082899639588,0.897085143338997,0.897087361616811,0.897090360976946,0.897095340367554,0.897102037196801,0.897110152126429,0.897122153649663,0.8971400480635,0.897163340564983,0.897190587289992,0.897220053619585,0.897248283303727,0.897275411024237,0.897304824429151,0.897336530366151,0.897366928333934,0.897398562085292,0.897432677505449,0.897469033377571,0.89750633236613,0.897545748700782,0.897585492314709,0.897626292265093,0.897667727252218,0.897710305983075,0.897752929433328,0.897794714116399,0.897836622692124,0.897878781896381,0.897918815043692,0.897955743548437,0.89799608796977,0.898037335254873,0.89807648901131,0.898112304922403,0.898146464998803,0.898180506344853,0.898213445327869,0.898245535387355,0.898276574997884,0.898306313004143,0.898335507921599,0.898363645168476,0.898389283717654,0.898413314913421,0.898437424470413,0.898461190850729,0.898484296027844,0.898508623570144,0.898531809448617,0.898555290458822,0.898579385547063,0.898602745961918,0.898624899400301,0.898646464621135,0.898666204536949,0.898684969102523,0.898701586959284,0.898734460244771,0.898549190317459,0.898045648557595
NaN,NaN,NaN,NaN,NaN,NaN,NaN,NaN,NaN,NaN,NaN,NaN,NaN,NaN,NaN,NaN,NaN,NaN,NaN,NaN,NaN,NaN,NaN,NaN,NaN,NaN,NaN,NaN,NaN,NaN,NaN,NaN,NaN,NaN,NaN,NaN,NaN,NaN,NaN,NaN,NaN,NaN,NaN,NaN,NaN,NaN,NaN,NaN,NaN,NaN,NaN,NaN,NaN,NaN,NaN,NaN,NaN,NaN,NaN,NaN,NaN,NaN,NaN,NaN,NaN,NaN,NaN,NaN,NaN,NaN,NaN,NaN,NaN,NaN,NaN,NaN,NaN,NaN,NaN,NaN,NaN,NaN,0.897466883047525,0.897452676756804,0.89745455204507,0.897455886706055,0.897462738098274,0.897472171944326,0.897485463325819,0.897500035651503,0.89751759848137,0.897538610941095,0.897562100723149,0.89758792695128,0.897614783093171,0.897640796636328,0.8976660134853,0.897689034066722,0.897711642735461,0.897733729612509,0.897756050635449,0.897772764350875,0.897786012405178,0.897798917561465,0.897811072420698,0.897816739717916,0.897814374526494,0.897808276441466,0.897798809729645,0.897785686946419,0.897768660949263,0.897750414039484,0.89773410123568,0.897717732335139,0.897697747472367,0.897677514506755,0.897657590082931,0.897638856210174,0.897625047711237,0.897615357568096,0.897605085708321,0.897593659104137,0.89758614600658,0.897583064419869,0.897585241377645,0.897593943089292,0.897610274530769,0.897627929671096,0.897634119036614,0.897630578514451,0.897628074907389,0.897625975406434,0.897619824421948,0.897608414710348,0.897593240164738,0.897576384189401,0.897561170019635,0.897547301391194,0.897534217961961,0.897524409430122,0.897512207715824,0.897485217901249,0.8974540191038,0.897425052977017,0.897397327246361,0.897370433636772,0.897345230017102,0.897323045060744,0.897304518223568,0.897289862270013,0.897276943493285,0.897263585256341,0.897248161378643,0.897229539176068,0.897208803009425,0.897189658781346,0.89717407285972,0.897162008318276,0.897150498040343,0.897141333298178,0.897137449062644,0.89713812777794,0.897138406074939,0.89713685236995,0.897134608960436,0.897130160760655,0.897123438572055,0.897115378891943,0.897108097742134,0.897103032238679,0.897098415143758,0.897093028682993,0.897087948990144,0.897084472189218,0.897082685260012,0.897082905823701,0.897085380931326,0.897089341655606,0.897092614979032,0.897095735127232,0.897098950610495,0.897101313503601,0.897103809410422,0.89710880230167,0.897114818539694,0.897120461410504,0.89712675043477,0.897133834551111,0.897142343972765,0.897151833568448,0.897164126100677,0.89718329600701,0.897209551475261,0.897240291317755,0.897274336353746,0.897309123012741,0.897340290113821,0.89737276142916,0.897406780246022,0.897441659958104,0.897475227156004,0.897509776411949,0.897547609944265,0.897584357470878,0.897624640772162,0.897665955910144,0.897707540774325,0.897749859931949,0.897793061994424,0.897836143980408,0.897877787722385,0.897919082690075,0.897961465035312,0.898003045222293,0.898041488613935,0.898080478880389,0.8981221043141,0.898163315087271,0.898201516010771,0.898235567105968,0.898269716879174,0.898302910938342,0.898335226900444,0.89836632870424,0.898395919867986,0.898424969126392,0.898452651708929,0.898479233681505,0.898503494996226,0.898526298497052,0.898548632614346,0.898570965189534,0.898594168986032,0.898618222927064,0.898642563064299,0.898666867784713,0.898691558026151,0.898712794557835,0.898733327921346,0.898753458838165,0.898772656842975,0.898790154278555,0.898824319091548,0.898640227480078,0.898133045809902
NaN,NaN,NaN,NaN,NaN,NaN,NaN,NaN,NaN,NaN,NaN,NaN,NaN,NaN,NaN,NaN,NaN,NaN,NaN,NaN,NaN,NaN,NaN,NaN,NaN,NaN,NaN,NaN,NaN,NaN,NaN,NaN,NaN,NaN,NaN,NaN,NaN,NaN,NaN,NaN,NaN,NaN,NaN,NaN,NaN,NaN,NaN,NaN,NaN,NaN,NaN,NaN,NaN,NaN,NaN,NaN,NaN,NaN,NaN,NaN,NaN,NaN,NaN,NaN,NaN,NaN,NaN,NaN,NaN,NaN,NaN,NaN,NaN,NaN,NaN,NaN,NaN,NaN,NaN,NaN,NaN,NaN,0.897471647810052,0.897458529967675,0.897460325150001,0.897462065432036,0.897467673234308,0.897476112684087,0.897489648029688,0.89750522675783,0.897521776548607,0.897541832877029,0.897565924148215,0.897591755449601,0.897619122797667,0.897643131066805,0.897667721035274,0.897690825657083,0.897714312967432,0.897737130227212,0.897759355431729,0.897777773551058,0.89779019593691,0.897802191459744,0.897815703648285,0.897824618762306,0.897823439567477,0.897816276646209,0.897807616062898,0.897797690662991,0.897784695256907,0.897769113357063,0.897754058632042,0.897739062442343,0.897722757783233,0.897705382222177,0.897683221333298,0.897660755640444,0.897645286302569,0.897635218786468,0.897620888776685,0.897606058203423,0.897593856373122,0.897588828794404,0.897592922256544,0.897603118266559,0.897620517810888,0.897638426236431,0.897640875738737,0.897638947930896,0.897640071107634,0.897639412453573,0.897634477898671,0.897624826633959,0.897610990916029,0.897595605030136,0.897582496288065,0.897571389465458,0.897562237041284,0.897557312399957,0.897541588037884,0.897505855872148,0.897472493465742,0.897445351009414,0.89741942143198,0.897392388676654,0.897366180608254,0.897342626266249,0.897323221946455,0.897307723648179,0.897294023621062,0.897282833971805,0.897270998773474,0.897252661662404,0.897229269348234,0.897206511402871,0.89718705327035,0.897170914228701,0.897153902753048,0.897141041658872,0.897140153679516,0.897143812644044,0.897143307260931,0.897142663350828,0.897140848730576,0.897136297200338,0.897130795440105,0.897123378393221,0.897114824340402,0.897108760195289,0.897103218765624,0.897097825490502,0.897093315571103,0.897089571485026,0.897088285206301,0.897091038004152,0.897096724678335,0.897103355461953,0.897109975175599,0.897116514316491,0.897122129005607,0.897126189696762,0.897131022985001,0.897138070626963,0.897146720465593,0.897156336276606,0.897167193723939,0.897175671117552,0.897184103435852,0.897194114323098,0.897206921822257,0.89722611632914,0.897253362986881,0.89728797676252,0.897326344865924,0.897365872877776,0.89740460231961,0.897440762000593,0.897478220869956,0.897515404292104,0.897550173379624,0.897587039261502,0.897626311510669,0.89766572950664,0.897705934808437,0.897747222098743,0.897789982307194,0.89783350400554,0.89787769509537,0.897920664161427,0.897962118717738,0.898003106230725,0.898044248684756,0.898085481948338,0.89812502241004,0.898161096596086,0.898205237477813,0.898246512400593,0.898287942293189,0.898324437483682,0.89835725890801,0.898390956268334,0.898424218764668,0.898456125275323,0.898486859889941,0.898515902937656,0.898543050145568,0.898568571556432,0.898592806859456,0.898615240297022,0.898637191012308,0.898659192074029,0.89868279176826,0.898704951969243,0.898728247475553,0.898752618210891,0.898776243790103,0.898799116673348,0.898820515205508,0.898840599760298,0.89885971882992,0.898877861109405,0.89891319874205,0.898730409344438,0.898219539710549
NaN,NaN,NaN,NaN,NaN,NaN,NaN,NaN,NaN,NaN,NaN,NaN,NaN,NaN,NaN,NaN,NaN,NaN,NaN,NaN,NaN,NaN,NaN,NaN,NaN,NaN,NaN,NaN,NaN,NaN,NaN,NaN,NaN,NaN,NaN,NaN,NaN,NaN,NaN,NaN,NaN,NaN,NaN,NaN,NaN,NaN,NaN,NaN,NaN,NaN,NaN,NaN,NaN,NaN,NaN,NaN,NaN,NaN,NaN,NaN,NaN,NaN,NaN,NaN,NaN,NaN,NaN,NaN,NaN,NaN,NaN,NaN,NaN,NaN,NaN,NaN,NaN,NaN,NaN,NaN,NaN,NaN,0.897476332681574,0.897464436940069,0.897466983964684,0.897467996691905,0.897473153601505,0.897481212872116,0.897494881184425,0.897509626728424,0.897525297425678,0.897546163151642,0.897568377945755,0.897594133902519,0.89762130045786,0.897646233259879,0.897669716614747,0.897691681352579,0.897715319946366,0.897738852419502,0.897761619088971,0.897781719425735,0.897797303843593,0.897808524269462,0.897820691609792,0.897831847229007,0.897831786158619,0.897825021512501,0.897817289818784,0.897808812870907,0.897799144893707,0.897786321443602,0.897774290517643,0.89776129183086,0.89774959779505,0.897733189362182,0.897707601769335,0.897681340512051,0.897667034715882,0.897654719317681,0.897636018554899,0.897618522582856,0.897602597881235,0.89759623400774,0.897599954364141,0.897610931822161,0.897631352551207,0.897642865538624,0.897641779240123,0.897644491818179,0.897647444834479,0.897647798357536,0.8976464649629,0.897641723467079,0.897630337036259,0.897615983066278,0.897605906717866,0.897597373855733,0.897593991051541,0.897591751304964,0.89756499305127,0.897524100136133,0.89748982388861,0.897463138372203,0.897438068450404,0.897411587554689,0.897385939669714,0.897362070301936,0.897340963949529,0.897321727527174,0.897307070171918,0.89730378062816,0.897296672408377,0.897272986037064,0.897246223864985,0.897220409379656,0.897198450227319,0.897178515956821,0.897154880144131,0.897141876396977,0.89714686819705,0.897150609609328,0.897149130341325,0.897147408007012,0.897145579481376,0.897143592964883,0.897141393597952,0.897135120671393,0.897124297669327,0.897114068024783,0.897108385575411,0.89710452231296,0.897099873317167,0.897097391633158,0.897097208508209,0.897100737085001,0.897108909121083,0.897118532485746,0.897126937189311,0.897136235607846,0.897146521331492,0.897155313502759,0.897163055107098,0.897171366123566,0.8971812529369,0.897195234993975,0.897212291150785,0.897223957897207,0.897231851787174,0.897241912332675,0.897253183383205,0.897269803638087,0.897296319574904,0.897333524552799,0.897375411475538,0.89741837989659,0.897465364282711,0.897508309081643,0.897549652681318,0.897591801239291,0.897627628378326,0.897663814061311,0.897702826886432,0.897745386716472,0.897789404961121,0.897829832226959,0.897873148088786,0.897918377734819,0.897963534959668,0.898006615160946,0.898047522530953,0.898087255829347,0.898126412277834,0.898168541125238,0.898209173700914,0.898241336381418,0.898283618927858,0.898330003285508,0.898372912691595,0.898410669468109,0.898444917343063,0.898480018652005,0.898513066475374,0.898545621032818,0.898577748497473,0.898607991507926,0.898635756251713,0.898660664342969,0.898683192722246,0.898704692054562,0.898726260908556,0.898748164583664,0.898771046155692,0.898793935490847,0.898815688491404,0.898838814643082,0.89886100612069,0.898883023582488,0.898905641578381,0.898927362139028,0.898947170846251,0.898965802255043,0.89900206388645,0.8988200234748,0.898305397044937
NaN,NaN,NaN,NaN,NaN,NaN,NaN,NaN,NaN,NaN,NaN,NaN,NaN,NaN,NaN,NaN,NaN,NaN,NaN,NaN,NaN,NaN,NaN,NaN,NaN,NaN,NaN,NaN,NaN,NaN,NaN,NaN,NaN,NaN,NaN,NaN,NaN,NaN,NaN,NaN,NaN,NaN,NaN,NaN,NaN,NaN,NaN,NaN,NaN,NaN,NaN,NaN,NaN,NaN,NaN,NaN,NaN,NaN,NaN,NaN,NaN,NaN,NaN,NaN,NaN,NaN,NaN,NaN,NaN,NaN,NaN,NaN,NaN,NaN,NaN,NaN,NaN,NaN,NaN,NaN,NaN,NaN,0.897481896331691,0.897470350433437,0.897473091252963,0.897474469184966,0.897478927247485,0.897486844255399,0.897499922609426,0.897514444942609,0.897529830033599,0.897550156419119,0.897570698455868,0.897594976806067,0.897622596125923,0.897649843427102,0.897674268837031,0.897695719841987,0.897717487311124,0.897742009331511,0.897765411667538,0.897785785364226,0.897803758671298,0.897817646560349,0.897827524125947,0.897836535990263,0.89783882337261,0.897832531793164,0.897825995371673,0.897818614320319,0.897812228475083,0.897804687445852,0.897794245459878,0.897782543777929,0.897773940398676,0.897756643681428,0.897729141312789,0.897707406428598,0.897694706060799,0.897678186574885,0.897655777132113,0.897632351297894,0.89761292198271,0.897604611540102,0.897606501952248,0.897618975753832,0.897637290901851,0.897640471425342,0.897642749967044,0.897649330018855,0.897654355414725,0.897659798329442,0.897664914624606,0.897659410237753,0.897645913281832,0.897634739627439,0.897627829049667,0.897621731958383,0.897625964662741,0.897621017213784,0.897581690757111,0.897538455654624,0.897503733641722,0.897477958132181,0.89745207339418,0.897424802405821,0.897399038155112,0.897377854107459,0.897360001057543,0.897341097672783,0.89733068474915,0.897327589439549,0.897312046888349,0.8972856952926,0.897258095082344,0.897232067214266,0.897210265518614,0.897186077257943,0.89715865532625,0.897150761240596,0.897160290047888,0.897161314003421,0.897155052159929,0.897154796493389,0.897153989657366,0.897154290908947,0.897156690342924,0.897149627733921,0.897133094120072,0.897121214017493,0.89711793685952,0.897113694506067,0.897111520626684,0.89711087522556,0.897110302252353,0.897114448152062,0.897124410031849,0.897134725240908,0.897144259971104,0.897155649619255,0.897171294723046,0.897186588240894,0.897197656660185,0.897208878435349,0.897222187083832,0.897237531174604,0.897259460195449,0.897277760808939,0.897287767375503,0.897295268563075,0.897307680456713,0.897324050593259,0.897345603160046,0.89738268013334,0.897426118597101,0.897462659168113,0.897516092681105,0.897572586831305,0.897619561727227,0.897668330460434,0.897710181709238,0.897744185089853,0.897782351185237,0.897823528719792,0.897870797478155,0.897915019143686,0.897957839019504,0.898004416969061,0.898051179752069,0.898095214440669,0.898135121935878,0.898173810314538,0.898210487593663,0.89824999546465,0.898292693631763,0.898324866787099,0.898362039201768,0.898410775163493,0.898457811909471,0.898494857122504,0.89852930530888,0.898566344876795,0.898602529057869,0.898635808674839,0.898668935312159,0.898700188888743,0.898728535609542,0.898753279785364,0.898773975899663,0.898794484831348,0.89881534151365,0.898837440071045,0.898859239673914,0.898880119407256,0.898902239216421,0.898923990044513,0.898946353306887,0.898968512353834,0.898991668245544,0.8990137674265,0.899034478802993,0.899054122857292,0.899091247904735,0.898909893968906,0.898391466485859
NaN,NaN,NaN,NaN,NaN,NaN,NaN,NaN,NaN,NaN,NaN,NaN,NaN,NaN,NaN,NaN,NaN,NaN,NaN,NaN,NaN,NaN,NaN,NaN,NaN,NaN,NaN,NaN,NaN,NaN,NaN,NaN,NaN,NaN,NaN,NaN,NaN,NaN,NaN,NaN,NaN,NaN,NaN,NaN,NaN,NaN,NaN,NaN,NaN,NaN,NaN,NaN,NaN,NaN,NaN,NaN,NaN,NaN,NaN,NaN,NaN,NaN,NaN,NaN,NaN,NaN,NaN,NaN,NaN,NaN,NaN,NaN,NaN,NaN,NaN,NaN,NaN,NaN,NaN,NaN,NaN,NaN,0.897488108840166,0.897476602784403,0.897478049299539,0.897479398950581,0.897485375168452,0.897492643391198,0.897505132436933,0.897519262395187,0.897534332073945,0.897552921453094,0.897574352238941,0.897596920031326,0.897622469554486,0.897650557712958,0.897677570381019,0.897701378233885,0.897722556274252,0.897744793502683,0.89776883749325,0.897790098904414,0.897809509891266,0.897822785416641,0.897835533699973,0.897843660988845,0.897845515823344,0.89784233994452,0.897836746136415,0.897829858827038,0.897827152846843,0.897824675706603,0.897814159900196,0.897805414104691,0.897797425401314,0.897778327242836,0.897752511866834,0.897737564362553,0.897724314807015,0.897700879424109,0.89767037491722,0.897640370887577,0.89762380761096,0.897616589235791,0.897615308725162,0.897630943874183,0.897641670465755,0.897639147966208,0.897646630206897,0.89765585419569,0.897661997182351,0.897667432167596,0.897670872959126,0.897668456448976,0.897662887170848,0.897654071610952,0.897646922746893,0.897648067545379,0.897659956975995,0.897643906384677,0.897592894927608,0.897546294665164,0.897514797525986,0.897490354931688,0.897462177993264,0.897432951844234,0.897410604626454,0.897399803792341,0.897385487116237,0.897359887714888,0.897346104985706,0.897343320197602,0.897326433343521,0.897300902428707,0.897272797414224,0.89724719689721,0.897224494796488,0.897193258788723,0.897171081003252,0.897169890822605,0.897170511626185,0.897169494658645,0.89717083708461,0.897168678061688,0.897166643228957,0.897168403575937,0.897168931167783,0.897159090807792,0.897139818238456,0.897130930153062,0.897130094073104,0.897125416329401,0.897124191524697,0.89712310726523,0.897121232531783,0.897129060132589,0.89714015725939,0.897150949926766,0.897161430161305,0.897173299475217,0.89719250422147,0.897214662939569,0.897230169973029,0.897246401410759,0.897267257997393,0.897287544939488,0.897310704238024,0.897333629741381,0.897349915877146,0.897356804749512,0.897366945664973,0.897384064890159,0.897405475752831,0.897438918625707,0.897485243560226,0.897516176294348,0.897561462958778,0.897623365143916,0.897681698051044,0.897737139698976,0.897794893374437,0.897831843384154,0.897864730768419,0.897905847247952,0.89795021824084,0.898000414244593,0.898045046687528,0.898091735164008,0.898138862177076,0.898186495843525,0.898226905301014,0.898262895179184,0.898296261718756,0.898334204227709,0.898373791483635,0.89840934924414,0.898443838010663,0.898486427107887,0.898540735948867,0.898579208342733,0.8986128624572,0.898649743760766,0.898687074222459,0.89872370120801,0.898756515923421,0.89878864261924,0.898819153621103,0.898844914734422,0.89886507696251,0.898884592449693,0.898903621612547,0.898926424836891,0.898949423677289,0.898966891763046,0.898988156510464,0.899010905960911,0.899032795487363,0.899055131239813,0.899078982191379,0.899101275468696,0.899122372971743,0.899142512904199,0.899180543599376,0.898999801648692,0.898477536878515
NaN,NaN,NaN,NaN,NaN,NaN,NaN,NaN,NaN,NaN,NaN,NaN,NaN,NaN,NaN,NaN,NaN,NaN,NaN,NaN,NaN,NaN,NaN,NaN,NaN,NaN,NaN,NaN,NaN,NaN,NaN,NaN,NaN,NaN,NaN,NaN,NaN,NaN,NaN,NaN,NaN,NaN,NaN,NaN,NaN,NaN,NaN,NaN,NaN,NaN,NaN,NaN,NaN,NaN,NaN,NaN,NaN,NaN,NaN,NaN,NaN,NaN,NaN,NaN,NaN,NaN,NaN,NaN,NaN,NaN,NaN,NaN,NaN,NaN,NaN,NaN,NaN,NaN,NaN,NaN,NaN,NaN,0.89749558023764,0.897483373569482,0.897483385629885,0.897483575891531,0.897490734575931,0.897498565551118,0.897510222304773,0.897524709354502,0.897539294909542,0.897556418615623,0.897577998478434,0.897600825043037,0.897624463268586,0.897651793302901,0.897678531137216,0.897702758082117,0.897726259950049,0.897749123523011,0.897772026446819,0.897793322479439,0.8978129438362,0.897828657431204,0.897838241953594,0.897849315579706,0.897856005848891,0.897856638689538,0.897848952147691,0.897842621624845,0.89784346325187,0.897840372997177,0.897832706583745,0.897826924570505,0.897815289795226,0.897795617955653,0.89777806448818,0.8977655234664,0.897742755148194,0.897710996813697,0.897677825562287,0.897649372919661,0.897632215086342,0.897622315411755,0.897628550620298,0.897644974711083,0.897644047126232,0.897642248170196,0.897650273895111,0.897658623503414,0.89766500179666,0.897673018642835,0.897680318317057,0.897683205129306,0.897681673374847,0.897676055104532,0.897671708874957,0.897684372004273,0.897685852962066,0.897645061732513,0.897593678937895,0.897552683186453,0.897526690840059,0.897500718154402,0.897471273998105,0.897443438039309,0.89742720819024,0.897417980107663,0.897391537384441,0.89735932231675,0.897354434130254,0.89736480363099,0.897349843371023,0.897321100035079,0.897292266002449,0.897265280450929,0.89723794123289,0.89720318639007,0.897181945164846,0.897177554033946,0.89718310672109,0.897186999459686,0.897187426057183,0.897183165375091,0.89718157894699,0.897179588363593,0.897176271095745,0.897167343099643,0.897150870200095,0.897143235668334,0.897141238322873,0.897138631209275,0.897136083019298,0.897133704991919,0.897138788139093,0.897148468466799,0.897156710393047,0.89716419386312,0.897176284521442,0.897189080162718,0.897209710420608,0.897238283823838,0.897256142324959,0.897276403461385,0.897306739812286,0.897340405826718,0.897368169105922,0.897389421454789,0.897410963013844,0.897425389888022,0.897435233978532,0.897450728537442,0.897473501702216,0.89750077774074,0.897539931547742,0.897577850012197,0.897619747577034,0.897677963327633,0.897738365990541,0.897799788040066,0.897859805700936,0.897917851591247,0.897955418065843,0.897991790277946,0.898035659854242,0.898083431421551,0.898133146898461,0.898182036730072,0.8982296168909,0.898276972361847,0.898323697237294,0.89835658605308,0.898387361849272,0.898420305128506,0.898457762449118,0.898490419412318,0.89852686736284,0.898571840350031,0.898619254471842,0.898663242729134,0.89869962690511,0.89873179762485,0.898771412992146,0.898806585247774,0.898838294808941,0.898874135287197,0.898908769712571,0.89893729704437,0.898958113985736,0.89897530812531,0.898992330040727,0.899010158077051,0.899034994094213,0.899058385486145,0.899076966215742,0.899098872609265,0.899120762147325,0.899143138811339,0.899167369126534,0.899190062991104,0.899211573742571,0.899232062256621,0.899270808916616,0.899090336395553,0.898564172803978
NaN,NaN,NaN,NaN,NaN,NaN,NaN,NaN,NaN,NaN,NaN,NaN,NaN,NaN,NaN,NaN,NaN,NaN,NaN,NaN,NaN,NaN,NaN,NaN,NaN,NaN,NaN,NaN,NaN,NaN,NaN,NaN,NaN,NaN,NaN,NaN,NaN,NaN,NaN,NaN,NaN,NaN,NaN,NaN,NaN,NaN,NaN,NaN,NaN,NaN,NaN,NaN,NaN,NaN,NaN,NaN,NaN,NaN,NaN,NaN,NaN,NaN,NaN,NaN,NaN,NaN,NaN,NaN,NaN,NaN,NaN,NaN,NaN,NaN,NaN,NaN,NaN,NaN,NaN,NaN,NaN,NaN,0.89750327627219,0.89748958578833,0.897490090297738,0.897489637405206,0.897495259092773,0.897503689106135,0.897514705960746,0.897528486945888,0.897545228792862,0.897561604817299,0.897581467954839,0.897604240690126,0.897628668386053,0.897654667529997,0.897681274519969,0.89770449773614,0.897727157667554,0.89775185521267,0.897774348120449,0.8977943469293,0.897815323219999,0.897833486558298,0.897844431240383,0.897856370846516,0.897865822100002,0.897864093603328,0.897861848162529,0.897857846530802,0.897858203071626,0.897854115592572,0.897849325215943,0.897841623698049,0.897828316754443,0.897812670997549,0.897800897375734,0.897782988719368,0.897752350913248,0.897720637184009,0.897688105212125,0.897660817431172,0.897640743119383,0.897630758781122,0.897645068217045,0.897658127781818,0.897650683626733,0.897648106636511,0.897655248866421,0.897663256066178,0.897671890715835,0.897681754888308,0.897692206057963,0.897701258426062,0.897706512404958,0.897702261350469,0.897701871279565,0.897703690333586,0.897680444956969,0.897636615721388,0.897591663279714,0.897559750564502,0.897534134402607,0.897504845827259,0.897475998717023,0.897450924734173,0.897431711637524,0.897411466741066,0.89738156454183,0.897366366521411,0.897386884568285,0.897399167465671,0.897374039443767,0.897337993508232,0.897307875223848,0.897279984978496,0.897248335374376,0.897216059192484,0.897189079651787,0.897184976696762,0.897200280250094,0.897203756814442,0.897202780480359,0.897199370515987,0.897198110599759,0.897196592822501,0.897185121930829,0.897166920273654,0.897161243440495,0.897164227808412,0.897159435193911,0.897150834757764,0.89714498643471,0.897150349171146,0.897165957095296,0.897175119077921,0.897174505517068,0.897178801386873,0.897191981588161,0.897207773220344,0.897227838254759,0.897258457228207,0.897280186531132,0.897300061000765,0.897339838078639,0.897389139297977,0.897426081719363,0.897446768386901,0.897464850653001,0.89748936493001,0.897506409688918,0.897522342585853,0.897554177347373,0.897577587254843,0.89759896488752,0.897633906637304,0.897678731483594,0.897735758552044,0.897798922778799,0.897865415830245,0.897936396573173,0.897986956950504,0.898035181070042,0.898076981903092,0.898124973073759,0.898170040517924,0.898220640074915,0.898274211916,0.898323165506129,0.89837067450198,0.898417076642268,0.898455659220835,0.898486212921636,0.898511243997523,0.898550900545779,0.898575424917374,0.898604033459679,0.89865341757585,0.898707958611832,0.898754134439883,0.89878399232288,0.89881653903425,0.898862011660821,0.898889618607743,0.898921960287183,0.898957606719602,0.898996875181021,0.899035022577642,0.899052479554297,0.899067409595075,0.899085195833432,0.899104732572273,0.899118289695167,0.899141294525115,0.899165661125515,0.899187847337236,0.899210567433027,0.899233768483789,0.899257536445067,0.899280068224477,0.899301576837586,0.899322447377479,0.89936170137974,0.899181430699865,0.898651310163327
NaN,NaN,NaN,NaN,NaN,NaN,NaN,NaN,NaN,NaN,NaN,NaN,NaN,NaN,NaN,NaN,NaN,NaN,NaN,NaN,NaN,NaN,NaN,NaN,NaN,NaN,NaN,NaN,NaN,NaN,NaN,NaN,NaN,NaN,NaN,NaN,NaN,NaN,NaN,NaN,NaN,NaN,NaN,NaN,NaN,NaN,NaN,NaN,NaN,NaN,NaN,NaN,NaN,NaN,NaN,NaN,NaN,NaN,NaN,NaN,NaN,NaN,NaN,NaN,NaN,NaN,NaN,NaN,NaN,NaN,NaN,NaN,NaN,NaN,NaN,NaN,NaN,NaN,NaN,NaN,NaN,NaN,0.897511021152343,0.897494848717597,0.897495968123978,0.897495823826714,0.897500149515108,0.897508567566385,0.897519829836411,0.897533480515439,0.897549917751918,0.897567211561063,0.897586245911988,0.89760872232115,0.897632950394433,0.897657682176949,0.897682478922988,0.897706933312244,0.89772896994704,0.897752631001782,0.897776298882136,0.897797449392494,0.897818164693629,0.897836620622628,0.89785125274565,0.897863013202937,0.897875465066031,0.897875179282397,0.897875846941699,0.897875435223054,0.897871643531064,0.897866951396315,0.897863435362407,0.897854258166218,0.897842845235386,0.897830918280547,0.897818722381788,0.89779707030661,0.897766014798099,0.897732222901474,0.897699434097327,0.897673561812985,0.897653465874001,0.897649799720859,0.897668619341748,0.89767385330878,0.897661346616445,0.897655446957778,0.897661844109016,0.897669516421059,0.897677165153963,0.897687651570098,0.897700120086222,0.897719932208943,0.897729933676394,0.897720673511438,0.897712246436169,0.897692933747827,0.897661542029603,0.897627084252106,0.897593837657014,0.897565454110517,0.897535284275065,0.897504112987328,0.897475882079366,0.897451856295041,0.897432290811109,0.897414088872873,0.897395540071668,0.89740056529542,0.897427940205615,0.897423935750936,0.897389128473038,0.897356914899196,0.897327514358056,0.897293365838501,0.897259007543984,0.897225197959607,0.897197237405648,0.89719947397441,0.897217037156834,0.897222715231098,0.897221555297053,0.897217795373406,0.89721401428687,0.897205154882739,0.89718105842325,0.897168142894411,0.897178253573347,0.897189509188124,0.897179737090586,0.897167642540063,0.897159948885953,0.897169598907016,0.897192533400176,0.897200932234668,0.897197715981195,0.897201432306953,0.897214742368062,0.897229721147156,0.897252314092415,0.897281307846021,0.8973049700182,0.897318883709406,0.897368070299183,0.897439293317292,0.897486107117477,0.897502279638345,0.897521783927109,0.897544665917087,0.897570299610345,0.897601874171959,0.897634075913649,0.89766092079312,0.897678436675219,0.897704074443597,0.897740109759229,0.897785565934008,0.897849062713663,0.897932973809733,0.898018537116463,0.898068858130781,0.898108789863705,0.89815775403178,0.898206706427592,0.898259282864643,0.898311359807847,0.898364514650385,0.89841764691751,0.898477336373544,0.898510409987875,0.898546540924636,0.89858518785957,0.898616423609993,0.898640026161366,0.898669826338074,0.898690954702347,0.898732095375605,0.898797442587914,0.898836604091186,0.898875640173616,0.898907520187735,0.898947056736234,0.898982918874448,0.8990077319367,0.899041919399451,0.899086394266128,0.899132277486218,0.899155413165983,0.89916805420021,0.899179489111163,0.899198722612595,0.899220441227262,0.899237152406438,0.89925743346544,0.899279635355694,0.899302430075107,0.899325656594822,0.899348729669444,0.8993709986865,0.899392537598466,0.899413455113079,0.899452763435298,0.89927292236133,0.898738798424471
NaN,NaN,NaN,NaN,NaN,NaN,NaN,NaN,NaN,NaN,NaN,NaN,NaN,NaN,NaN,NaN,NaN,NaN,NaN,NaN,NaN,NaN,NaN,NaN,NaN,NaN,NaN,NaN,NaN,NaN,NaN,NaN,NaN,NaN,NaN,NaN,NaN,NaN,NaN,NaN,NaN,NaN,NaN,NaN,NaN,NaN,NaN,NaN,NaN,NaN,NaN,NaN,NaN,NaN,NaN,NaN,NaN,NaN,NaN,NaN,NaN,NaN,NaN,NaN,NaN,NaN,NaN,NaN,NaN,NaN,NaN,NaN,NaN,NaN,NaN,NaN,NaN,NaN,NaN,NaN,NaN,NaN,0.89751770446784,0.897497313276173,0.897498950895911,0.897501284592199,0.897506645649615,0.897515947466923,0.897527795107237,0.89754258236826,0.89755782566948,0.897575123499818,0.897593118164016,0.897613634266521,0.897637243876621,0.897661125496251,0.897683887219306,0.897707210112662,0.897730595808695,0.897754249619267,0.897777344292766,0.897800733265744,0.897823605354883,0.897843879374174,0.89785899117365,0.897871898991637,0.897882698038237,0.897886853500709,0.897888584383531,0.897892110222961,0.89788640224947,0.897880584784349,0.897872681410438,0.897865504889695,0.897858078028143,0.897848543280758,0.897834335277283,0.897810584252529,0.897779641647943,0.897744870725869,0.897712096950981,0.89768740632109,0.897673683287454,0.897681460892413,0.897696925304564,0.89768646416438,0.897666455282393,0.897663956734467,0.897670690226617,0.897675529991281,0.897680968424161,0.897690173046936,0.897709879224743,0.897734047246328,0.897739094327944,0.897722415401453,0.897699165336917,0.897675219488213,0.897653667329764,0.897632181015206,0.897603266171997,0.897571420376744,0.897537035305269,0.897505942430507,0.897480761631745,0.897461446483114,0.897446977575332,0.897435807824011,0.897430531744255,0.897438672924816,0.897447721021139,0.897435301250248,0.897403082046141,0.897374867435871,0.897347805526488,0.897310180384414,0.897272794966455,0.897232962197122,0.897213499024177,0.897232203628562,0.897245744366124,0.897244187451649,0.897238237427279,0.897232124661932,0.897225176956711,0.89720804473314,0.89718785463263,0.8971875217946,0.897203464028849,0.897215856851691,0.897209870079377,0.897192438635002,0.897177831230519,0.897190830715735,0.89721389688406,0.897226900594962,0.897229804798,0.897230497578427,0.897246108029759,0.897256876115455,0.897281078310226,0.89730624292673,0.897328251794974,0.897346003542621,0.897399488422424,0.897475215008111,0.89754700270146,0.897567632014891,0.897580901412662,0.897597896368003,0.89762264222809,0.897683008025519,0.897728366243393,0.897736077742864,0.897745660518261,0.897794085108173,0.897827349300942,0.897845108287221,0.897897293335848,0.897986035425348,0.898095291995729,0.898148087408942,0.898190205532262,0.898236967695495,0.898290287922391,0.898345237299834,0.898397733165868,0.898450674498239,0.898511430401205,0.898578919069345,0.898616856333412,0.898643907599083,0.898677868885399,0.898721559024943,0.898744600667295,0.898760447421761,0.898782864216591,0.898818533224496,0.898877695787585,0.898925214153456,0.898961872724266,0.89901489489614,0.899039020796346,0.89907186555573,0.899101483618629,0.899129950416778,0.899163745004811,0.899222806157965,0.899259072231137,0.899267576130749,0.899284152788995,0.899301328608982,0.899319589901272,0.899335001615137,0.89935374778606,0.899374019251246,0.899394906732274,0.899417869108367,0.899440595456886,0.899462407860031,0.899483992154608,0.899504918049056,0.89954422165889,0.8993648329319,0.898826656154745
NaN,NaN,NaN,NaN,NaN,NaN,NaN,NaN,NaN,NaN,NaN,NaN,NaN,NaN,NaN,NaN,NaN,NaN,NaN,NaN,NaN,NaN,NaN,NaN,NaN,NaN,NaN,NaN,NaN,NaN,NaN,NaN,NaN,NaN,NaN,NaN,NaN,NaN,NaN,NaN,NaN,NaN,NaN,NaN,NaN,NaN,NaN,NaN,NaN,NaN,NaN,NaN,NaN,NaN,NaN,NaN,NaN,NaN,NaN,NaN,NaN,NaN,NaN,NaN,NaN,NaN,NaN,NaN,NaN,NaN,NaN,NaN,NaN,NaN,NaN,NaN,NaN,NaN,NaN,NaN,NaN,NaN,0.897521613793398,0.897498111702389,0.897499119171101,0.897504074541532,0.89751407264878,0.897525491661188,0.897539208852271,0.897554424351466,0.897570925155004,0.897586310244254,0.897603376530192,0.897621722292926,0.897643447342585,0.897665782879089,0.897686961044143,0.897708207863841,0.897730098742098,0.897753988263541,0.897778556363253,0.897803954171096,0.897829189582148,0.897852974597547,0.897871470086774,0.897884235992397,0.897892147344189,0.897901013291917,0.897902146399811,0.897903305203298,0.897899436374956,0.897892138732624,0.897883219940379,0.897876301462247,0.897867404157579,0.897854916930782,0.897840245902751,0.897816644456236,0.897789131100441,0.897757206609091,0.897726841227081,0.897705253235115,0.89769591231088,0.897709108541971,0.897712792603464,0.897690747417964,0.897674102509623,0.897677013702242,0.897681753556516,0.897682347010506,0.897684089640442,0.897691408265679,0.897711765861593,0.897733942819081,0.897741078402516,0.897725150437759,0.897700353348303,0.897683048404541,0.89767601302788,0.897655438515473,0.897615826122774,0.897574043713826,0.897536239859603,0.89750836830957,0.897488074104559,0.897471378349852,0.897464263445983,0.897459772601636,0.897450974720954,0.897456119539233,0.897468649219608,0.897448803778998,0.897416250422038,0.897398453560232,0.897368781987734,0.897325557414556,0.897284561670467,0.897250777920303,0.89724633092898,0.897263842671965,0.897266924811327,0.897261403943968,0.89725201535797,0.897241513464443,0.897232118813207,0.897219790697133,0.89721350393839,0.897225628185001,0.897239139048045,0.897239516353429,0.897229329474884,0.897212419773816,0.897205375921316,0.897223850127638,0.897240353929406,0.897255493996072,0.897265581003982,0.897271504399836,0.897282949709288,0.897292884961212,0.897319960834892,0.897337005977976,0.897348464289872,0.897377750597377,0.8974415320923,0.897521571106111,0.897591228542561,0.897628631661525,0.89763705630472,0.89765419513597,0.897678291371033,0.897747346551435,0.897814730039032,0.897832507168265,0.897832466957574,0.897851280339836,0.897913114015974,0.897938250009032,0.897965677406242,0.89804029051094,0.898152592122772,0.898224700066214,0.898272191565615,0.898319537687737,0.898370444363546,0.89842877942712,0.89848393908937,0.898534713589929,0.898602064741853,0.898673985058571,0.898716709092546,0.898755066602529,0.898780964206165,0.898814885513796,0.898847161710275,0.898863697801855,0.898879668427566,0.89891287661594,0.898961073713057,0.899007131524753,0.899048214723848,0.899094976953967,0.899142977599592,0.899169931406275,0.899195080227908,0.899218228403214,0.899250633906145,0.899301419250341,0.899353253100655,0.899364664227291,0.89938019618373,0.899402737947923,0.89941771715397,0.899431328735227,0.899449489061513,0.899467906137116,0.899488171313202,0.899511110492713,0.899533374721604,0.899554707233558,0.899576029808618,0.899596744763894,0.899635546806881,0.89945702221949,0.89891473819669
NaN,NaN,NaN,NaN,NaN,NaN,NaN,NaN,NaN,NaN,NaN,NaN,NaN,NaN,NaN,NaN,NaN,NaN,NaN,NaN,NaN,NaN,NaN,NaN,NaN,NaN,NaN,NaN,NaN,NaN,NaN,NaN,NaN,NaN,NaN,NaN,NaN,NaN,NaN,NaN,NaN,NaN,NaN,NaN,NaN,NaN,NaN,NaN,NaN,NaN,NaN,NaN,NaN,NaN,NaN,NaN,NaN,NaN,NaN,NaN,NaN,NaN,NaN,NaN,NaN,NaN,NaN,NaN,NaN,NaN,NaN,NaN,NaN,NaN,NaN,NaN,NaN,NaN,NaN,NaN,NaN,NaN,0.897525217576346,0.897499989144644,0.897500457256321,0.897506438471296,0.897519763509352,0.897535777492545,0.897553286147694,0.897568533276445,0.897584348926642,0.897600001939391,0.897616555662397,0.897632768963988,0.897652117817002,0.897671368220266,0.89769057465355,0.897708347918877,0.897727983101289,0.89775025794391,0.897778186082512,0.897807220265105,0.897837018807324,0.897861543924431,0.897881792446126,0.897896713979018,0.897905608027357,0.897913219671864,0.897919668317871,0.897918298506151,0.897908743514348,0.897898162969891,0.897891325530111,0.897881515701739,0.897870768471771,0.897854416743369,0.897840861872009,0.897820097843153,0.89779651256448,0.897768440662981,0.897741339691084,0.897721560077527,0.897713916825429,0.897730377990771,0.897721695767582,0.897693773926164,0.897686389743649,0.897691396581144,0.89769400517911,0.897691819698644,0.89768993802867,0.897693801882136,0.897711848779595,0.897749105716325,0.897776474681705,0.897756058089361,0.897735017644072,0.897728325670727,0.897697050209375,0.897644113800896,0.897607617348797,0.897569868724132,0.897534898715378,0.897511625024225,0.897494890098656,0.897481400175319,0.897473427222061,0.897468375859686,0.897461338111369,0.897476634695335,0.897496805809946,0.897476461548396,0.897446782958711,0.897418885783184,0.89737335137562,0.897328925863385,0.897297322450288,0.89728004322333,0.897285663299561,0.897292298784248,0.897289971206311,0.897271660731143,0.897254818779272,0.897249658779041,0.897256226487707,0.897253531061359,0.897251674977132,0.897260939331063,0.897263922509763,0.897255040759129,0.897235374754361,0.897229810556912,0.89724975826692,0.897265357294232,0.897270084755444,0.89728083820277,0.897295383339869,0.897312978770535,0.897322965199359,0.897333205843641,0.897359813750336,0.897375384636522,0.8973747903051,0.897408284967229,0.897479772965787,0.897585476906922,0.897643098189423,0.897691814971832,0.897692875596964,0.897696074965475,0.897739357703247,0.897818491279675,0.897883955727873,0.897914275242241,0.897926278768352,0.897942127651151,0.89797852903595,0.898029427253255,0.898054013162896,0.898108603372352,0.898213185222304,0.898292055409756,0.898354195065121,0.898407712129152,0.898451346502327,0.898509534381863,0.898569452536826,0.898618649489883,0.898682404584312,0.898773064606039,0.898815775248339,0.89884621425463,0.898886721439693,0.898921762273314,0.898947961250129,0.898963920924639,0.898970569746332,0.899002767947838,0.899057757329459,0.899094320666455,0.899135796102667,0.899185259028494,0.899233911425528,0.899265935747721,0.899290777995266,0.899309451163898,0.899338539022762,0.899382848243577,0.899440512051775,0.899466549153784,0.899474286611849,0.89949496799839,0.899516853624775,0.899531339283093,0.899544740735169,0.899563834727519,0.899583739986874,0.899605415233516,0.899627232398146,0.899648119281906,0.899668892455935,0.899689753901382,0.899727952569772,0.899549518492743,0.899003067519281
NaN,NaN,NaN,NaN,NaN,NaN,NaN,NaN,NaN,NaN,NaN,NaN,NaN,NaN,NaN,NaN,NaN,NaN,NaN,NaN,NaN,NaN,NaN,NaN,NaN,NaN,NaN,NaN,NaN,NaN,NaN,NaN,NaN,NaN,NaN,NaN,NaN,NaN,NaN,NaN,NaN,NaN,NaN,NaN,NaN,NaN,NaN,NaN,NaN,NaN,NaN,NaN,NaN,NaN,NaN,NaN,NaN,NaN,NaN,NaN,NaN,NaN,NaN,NaN,NaN,NaN,NaN,NaN,NaN,NaN,NaN,NaN,NaN,NaN,NaN,NaN,NaN,NaN,NaN,NaN,NaN,NaN,0.897525043217834,0.897502248369525,0.897501951570778,0.897508451979708,0.897528555710855,0.897547033771309,0.897566986739773,0.897585000447223,0.897602615812269,0.897617196528613,0.89763200624258,0.897646299347689,0.897661476457038,0.89767808613789,0.897693239356571,0.897709258339249,0.897725816008929,0.897744829782821,0.897775040566747,0.897809516138301,0.89784645154295,0.897873784262227,0.897894949055083,0.897910055829197,0.897918347781933,0.897927977217066,0.897931614715651,0.897928386930581,0.897918204338205,0.897906196027614,0.897895687883797,0.897882507734901,0.897870293230337,0.897856379356267,0.897844553068532,0.897826726291603,0.897804636932475,0.89777752722742,0.897751229826785,0.89773263851182,0.897739163198687,0.897743781315883,0.897717346070253,0.897698616255024,0.897700473777142,0.897705511082052,0.897707840351822,0.897706634075076,0.897703347379519,0.897703727797179,0.89773032276261,0.897808398632454,0.897827712277501,0.897782950169161,0.89775738435579,0.897714643808061,0.897661074805125,0.897627810270756,0.897602628023945,0.897563116773888,0.897531612734195,0.897515159314557,0.897501772621381,0.897490717699969,0.897484269344181,0.897482158649842,0.897487009058509,0.897512686784188,0.897527627666851,0.897497151778291,0.897459432578324,0.897413640430575,0.897367632058217,0.897341457457782,0.897328704385511,0.897324154540446,0.89732088313827,0.897309633264925,0.897293945242508,0.897278162916285,0.897275981470212,0.897292827917483,0.897292963712725,0.89728405775429,0.897291638507594,0.897278417580572,0.897271205483499,0.897263547453157,0.897266317463762,0.897277625310471,0.897291982141957,0.897296087095212,0.897295175480558,0.89730777076629,0.897332358385019,0.897354243823736,0.89736415820854,0.897383892033575,0.897406870829435,0.897413223977294,0.897403487740988,0.897438115809828,0.897515950613418,0.897621267284236,0.897710795565867,0.897758507787566,0.897753094902001,0.897770590389442,0.897802077327024,0.897854328775608,0.897946935950923,0.898004439436492,0.898014784971739,0.898031600208759,0.89807367030744,0.898123321217897,0.898140087970678,0.898192883852699,0.898279209479843,0.898358696441439,0.898428715954605,0.898508756098694,0.898539675438487,0.898590946960684,0.898654060606372,0.898711297676866,0.898768976441624,0.898842188545846,0.898926612437719,0.89895389967747,0.898977494124392,0.899013640400283,0.899053660260572,0.899070971476996,0.899078004824987,0.899098883573735,0.899144349739135,0.899183916963369,0.899225222979431,0.899277283041461,0.899327792949174,0.899370055234235,0.89938638574921,0.899402160707967,0.899429805273821,0.899472227303145,0.89951975645184,0.899567188886483,0.899576072640319,0.899590165520484,0.899612886162788,0.899628484592321,0.899642484093355,0.899659535284897,0.899679730127816,0.899701086621932,0.89972230833856,0.899742761560367,0.899762873385542,0.899783349863103,0.899820512484231,0.89964256797605,0.89909186728964
NaN,NaN,NaN,NaN,NaN,NaN,NaN,NaN,NaN,NaN,NaN,NaN,NaN,NaN,NaN,NaN,NaN,NaN,NaN,NaN,NaN,NaN,NaN,NaN,NaN,NaN,NaN,NaN,NaN,NaN,NaN,NaN,NaN,NaN,NaN,NaN,NaN,NaN,NaN,NaN,NaN,NaN,NaN,NaN,NaN,NaN,NaN,NaN,NaN,NaN,NaN,NaN,NaN,NaN,NaN,NaN,NaN,NaN,NaN,NaN,NaN,NaN,NaN,NaN,NaN,NaN,NaN,NaN,NaN,NaN,NaN,NaN,NaN,NaN,NaN,NaN,NaN,NaN,NaN,NaN,NaN,NaN,0.897535920798721,0.897518653850001,0.897512621233273,0.897513284676098,0.89754281115247,0.897557820650145,0.897584221339552,0.897604591622313,0.897622512673506,0.897638939650879,0.897651091315027,0.897662872533185,0.89767365686669,0.897684807277962,0.897696084707705,0.897708530247201,0.897724107599472,0.897741180930887,0.897771270912018,0.897812985937232,0.897854542708624,0.897888825178922,0.897914505802862,0.897928383976301,0.897935015337602,0.897941505125536,0.89794175568464,0.89793564069305,0.897927706123668,0.89791460469168,0.897900274061607,0.89788512829933,0.897872831120174,0.897861493302594,0.897848711954153,0.897832727256144,0.897814387387795,0.897789089833621,0.897767025655147,0.897753091461167,0.897756457844325,0.897741969834853,0.897713223942736,0.897705439493984,0.897709408004101,0.897715289913746,0.897722234362742,0.897722358912571,0.897712804763129,0.897707443190396,0.897772164477251,0.89785934162904,0.89781297653514,0.897774156353218,0.897738987339211,0.897682646934759,0.897640452037252,0.897622245475673,0.897596093205798,0.897556715737362,0.89753501675888,0.897526419361327,0.897512711098126,0.897506899164141,0.897502480248062,0.89749726241268,0.897511005171645,0.897544870667231,0.897549842663474,0.8975046265732,0.897445889458521,0.897401801474782,0.897378143965336,0.897370254997524,0.897368489118568,0.897366842458424,0.897350723452803,0.897324518681218,0.897312671452973,0.897315420541686,0.897326167098429,0.897327854942884,0.897312088680048,0.897308105623422,0.897302791511473,0.897291817796006,0.897298224940008,0.897300141509896,0.897315694598692,0.897324058214338,0.897327250017932,0.897321656607725,0.89732674571378,0.897350157466534,0.897372623289086,0.897394288721717,0.897404002629471,0.897432340714836,0.897455334030697,0.897454821379836,0.897448758161413,0.897484123267953,0.897556249276453,0.897649560038503,0.89776176120148,0.89783055661538,0.897820597352878,0.897856364208792,0.897905287429456,0.897905662831626,0.897984736011324,0.898060357750855,0.898083898823428,0.898114725548786,0.898169180560188,0.898243107885487,0.898257839674521,0.898286656474883,0.898357228168865,0.898426513412577,0.898493586578788,0.898582975300809,0.898641246154986,0.898688667985619,0.89874706670939,0.898808448123667,0.89886859607495,0.898932044191112,0.899003688478674,0.899052588005228,0.899086863096094,0.899107435093324,0.899146160609948,0.899182742806715,0.899175296594778,0.899190216187199,0.899233028697623,0.899282690713854,0.899319915308254,0.89936686516193,0.89941760987974,0.899460934978416,0.899492731077204,0.899510120962054,0.899529091056047,0.89956309458206,0.89960585110909,0.899649676346785,0.899681006816072,0.899685884347301,0.899706572684235,0.89972444910243,0.899738202125108,0.899755323408451,0.899775929862238,0.89979667696063,0.899817506213256,0.899837788259654,0.899857647858372,0.899876923134062,0.899913123860197,0.899735330565015,0.899180303258707
NaN,NaN,NaN,NaN,NaN,NaN,NaN,NaN,NaN,NaN,NaN,NaN,NaN,NaN,NaN,NaN,NaN,NaN,NaN,NaN,NaN,NaN,NaN,NaN,NaN,NaN,NaN,NaN,NaN,NaN,NaN,NaN,NaN,NaN,NaN,NaN,NaN,NaN,NaN,NaN,NaN,NaN,NaN,NaN,NaN,NaN,NaN,NaN,NaN,NaN,NaN,NaN,NaN,NaN,NaN,NaN,NaN,NaN,NaN,NaN,NaN,NaN,NaN,NaN,NaN,NaN,NaN,NaN,NaN,NaN,NaN,NaN,NaN,NaN,NaN,NaN,NaN,NaN,NaN,NaN,NaN,NaN,NaN,NaN,NaN,NaN,0.897577152282039,0.897561463970377,0.897603628741693,0.897624973906618,0.897641179728115,0.897659106408477,0.897670324842076,0.897680719024703,0.897690529669161,0.897695404813984,0.897700806226994,0.897707717014503,0.897721242480022,0.897739456851134,0.897765311220442,0.897811287458412,0.897860304273342,0.897903622765254,0.897939710260788,0.89794809279402,0.897954136445624,0.89795807788543,0.897954380345308,0.897947275517179,0.89793928230846,0.897926463476002,0.89790703365919,0.897888954998609,0.897876127489097,0.897867183260647,0.897855861411221,0.897840465674179,0.8978225911473,0.897800409494443,0.897780875929381,0.897766883107905,0.897759459221438,0.897736175792388,0.897714818449318,0.897710188481041,0.897710753057427,0.897718647665824,0.897728196132438,0.89772856530656,0.897713133052541,0.897721777858128,0.89781978016107,0.897844677831467,0.897799623343777,0.897763639133585,0.897701658350124,0.897665108607043,0.897653440457551,0.897634484033479,0.897591451216536,0.897553406805655,0.897537190744301,0.897540895716845,0.897528556586721,0.897513488432527,0.897508546565978,0.897508196535368,0.897523415899514,0.89755619444916,0.897560041089409,0.897502112429079,0.89743981601105,0.897412528527036,0.897406659426601,0.89740727822204,0.897405984220375,0.897408190263526,0.897384848307012,0.897354453943988,0.897347561691367,0.897357933069844,0.897359691232091,0.89734292815552,0.897328871168483,0.897332774598474,0.897324510537162,0.897327849172441,0.897337900229146,0.897358359396214,0.897363746543474,0.897372148971063,0.897372931455861,0.897356196201044,0.89736715001001,0.897391701901423,0.897418605801245,0.897434813821967,0.897452720457442,0.897477461147448,0.897493282493558,0.897504838555676,0.897499485887255,0.89753859025486,0.89761222311464,0.89769614349727,0.897785015378114,0.897870831581836,0.897913838714434,0.897967186004643,0.897973801346583,0.897994144712946,0.89806487485116,0.898116462431522,0.898149140948522,0.898182191247223,0.898243002814008,0.898311260816109,0.898367881632046,0.898403298942093,0.898454549386742,0.89851034577423,0.898569424351258,0.89864498751675,0.898719192356454,0.898778036585898,0.8988410011537,0.898909107123057,0.898971521909285,0.899033608632619,0.899111196689913,0.899136838577984,0.899163855171857,0.899211605030953,0.899235948697894,0.899285788653974,0.899297839056422,0.899287231549957,0.89933430576566,0.899368777537687,0.899411884249641,0.899461128618442,0.899507221599453,0.899550262635503,0.89958742428167,0.899609216723857,0.899632722157595,0.899658355402506,0.899693162435859,0.899734389980824,0.899774890008089,0.899789853437716,0.899801638195128,0.899818357570388,0.89983489534892,0.899852414419071,0.89987209703728,0.899892523900673,0.899912380819682,0.899932822647068,0.899952710803005,0.899970909226233,0.900005867849709,0.89982801866601,0.899268610935736
NaN,NaN,NaN,NaN,NaN,NaN,NaN,NaN,NaN,NaN,NaN,NaN,NaN,NaN,NaN,NaN,NaN,NaN,NaN,NaN,NaN,NaN,NaN,NaN,NaN,NaN,NaN,NaN,NaN,NaN,NaN,NaN,NaN,NaN,NaN,NaN,NaN,NaN,NaN,NaN,NaN,NaN,NaN,NaN,NaN,NaN,NaN,NaN,NaN,NaN,NaN,NaN,NaN,NaN,NaN,NaN,NaN,NaN,NaN,NaN,NaN,NaN,NaN,NaN,NaN,NaN,NaN,NaN,NaN,NaN,NaN,NaN,NaN,NaN,NaN,NaN,NaN,NaN,NaN,NaN,NaN,NaN,NaN,NaN,NaN,NaN,NaN,NaN,0.897646118973165,0.897648336953255,0.89765851419354,0.897675876702002,0.897687335041975,0.897697946813515,0.897707228073994,0.897709283068723,0.897709929325619,0.897710717649673,0.89771715385722,0.897730958747257,0.897751033560967,0.897786679560824,0.89785917880288,0.897900062416406,0.897958167146004,0.89797128509452,0.897972191677632,0.897973090112611,0.89796994026578,0.897961994996334,0.897951631163478,0.897937270118272,0.897917062284785,0.897894317323465,0.897879608920757,0.897872981808781,0.897862328211998,0.897848703057683,0.897833333235762,0.897813056010305,0.897792161491294,0.897774478999253,0.897762059031335,0.897736991193579,0.89772019950838,0.897708790196884,0.897707717504954,0.897717225260651,0.897727642681611,0.897727487968282,0.897713876302741,0.897764130657092,0.897864316277055,0.897819039247082,0.897791782040671,0.897730657556499,0.897681083533049,0.897687392800727,0.897679967014847,0.897628132462828,0.8975744460497,0.897541905925381,0.89754425804092,0.897549266271752,0.897526113497446,0.897504222772365,0.897506739277247,0.897514988926315,0.89752902201609,0.897568622894861,0.897564728694579,0.897492420255932,0.897442533922576,0.897438197889819,0.897438519231642,0.897436689664868,0.897436911901832,0.897445188957364,0.897423812278695,0.89738748903776,0.89738816730807,0.897395616525753,0.897394109101881,0.897373424504538,0.897352198053357,0.897361233467368,0.897378419552577,0.897386967791805,0.89739259562682,0.897408776481351,0.897420862841267,0.897438454248995,0.897414692041961,0.897403252912661,0.897410290780031,0.897431735595409,0.897466101023253,0.8974852495966,0.897498075241426,0.897524937241366,0.897546645447844,0.897550997835727,0.897565148277547,0.897601246233699,0.897668522718772,0.897751127604427,0.897834441617198,0.897888188926635,0.897958141465085,0.898071480861637,0.898085806200415,0.89806447727265,0.898114992765337,0.8981907154004,0.898226251861695,0.898263518282401,0.89832578879376,0.898394183819543,0.898447961252425,0.898501974380665,0.898558506067204,0.898608995020093,0.898656705009628,0.898718298497598,0.89879263568778,0.898861586140974,0.898928058215547,0.898997596681714,0.899074281555483,0.899144097591861,0.899214585059767,0.899251965531523,0.899252167500469,0.899288225818821,0.899327148508087,0.899372504507285,0.899397794374318,0.899403303049336,0.899426736527686,0.899475597289038,0.899515512327906,0.899555994794363,0.899597385039706,0.899638606097643,0.899685528575685,0.899707254519791,0.899732340486932,0.899755922962121,0.89978676059283,0.899822241685377,0.89986303345546,0.899888409449558,0.899899905155548,0.899913640318369,0.899932060771637,0.899951336349303,0.899969935675067,0.899988207121825,0.900007517559378,0.90002778476973,0.900047130195197,0.900064760658675,0.900098630912902,0.899921070040197,0.899357221788238
NaN,NaN,NaN,NaN,NaN,NaN,NaN,NaN,NaN,NaN,NaN,NaN,NaN,NaN,NaN,NaN,NaN,NaN,NaN,NaN,NaN,NaN,NaN,NaN,NaN,NaN,NaN,NaN,NaN,NaN,NaN,NaN,NaN,NaN,NaN,NaN,NaN,NaN,NaN,NaN,NaN,NaN,NaN,NaN,NaN,NaN,NaN,NaN,NaN,NaN,NaN,NaN,NaN,NaN,NaN,NaN,NaN,NaN,NaN,NaN,NaN,NaN,NaN,NaN,NaN,NaN,NaN,NaN,NaN,NaN,NaN,NaN,NaN,NaN,NaN,NaN,NaN,NaN,NaN,NaN,NaN,NaN,NaN,NaN,NaN,NaN,NaN,NaN,NaN,0.897690987021079,0.8976768175203,0.897696216696326,0.897705496031917,0.89771595947461,0.897727493697987,0.897728041906118,0.897725251382805,0.897721552833653,0.897721493916429,0.897728165952002,0.897743000051916,0.897751605456393,NaN,NaN,0.897999884582189,0.897997634749705,0.897991611397819,0.897991385882628,0.897988657231382,0.897979932731129,0.897966503985577,0.897947022649299,0.89792620738692,0.897902636771626,0.897885925059349,0.897881092448338,0.897873671076841,0.897859159310397,0.897845315421131,0.897824768434813,0.897804434834306,0.897787268931473,0.897769646923402,0.897744746433157,0.897724427144645,0.897709850020588,0.897709054204483,0.89771906668302,0.897732901347654,0.897736036636368,0.897745300922213,0.897840436481622,0.897864053922344,0.897809141451853,0.897788979640315,0.897715736212279,0.897704301268122,0.897710479739349,0.897652397601118,0.897607824525857,0.897570842167967,0.897552649869644,0.897564701514643,0.89753750052785,0.897493431032677,0.897483274766264,0.897506241857096,0.897523054482049,0.897542403011489,0.897585320120409,0.897555025515938,0.897481565267041,0.897464576619903,0.897465153646058,0.897465156976134,0.897461757507681,0.897464318599594,0.897478967111837,0.897459643265,0.897434944353308,0.897432783276526,0.897430595082048,0.897425781497902,0.897410924702522,0.897411418023147,0.897418799600683,0.897440880708578,0.897445137983436,0.897446382077251,0.897461480976566,0.89748308242105,0.897481433051041,0.89745370905138,0.897442694131615,0.897454140214117,0.897482290055568,0.897507782797455,0.897535336373266,0.897544898515125,0.897567703736583,0.897605740406539,0.897607777113347,0.897626220494183,0.897670733038853,0.89773247545551,0.897809508896446,0.897892538671091,0.897931450541,0.897989589469496,0.898131010078984,0.898201404078974,0.898176381961111,0.898186329687347,0.898242766495686,0.898292511533464,0.898338792817992,0.898407666990755,0.898474871784866,0.898533153389481,0.898587621635541,0.898650775375786,0.898722169632926,0.898750362437975,0.898794452569058,0.898868542751456,0.898946729587785,0.899018922834758,0.89908369886851,0.899153690859966,0.899262615975588,0.899330731363821,0.899349160212994,0.899370249774167,0.899380453317372,0.899415060953276,0.899452162937748,0.899482313731801,0.8995033809964,0.899533778425352,0.899573019856063,0.899614915368627,0.899654080838955,0.899692161543138,0.899727959743148,0.899783744437964,0.899811968201403,0.899830624456239,0.899858544511809,0.899881138267783,0.899915136617444,0.899956834793663,0.899982864517058,0.899997711891406,0.900014356658427,0.90003282264979,0.900050918502715,0.900067284170287,0.900085827324891,0.900104365410187,0.900123329661112,0.900141797057339,0.900158547432729,0.900191642661889,0.900015274753264,0.899446928392561
NaN,NaN,NaN,NaN,NaN,NaN,NaN,NaN,NaN,NaN,NaN,NaN,NaN,NaN,NaN,NaN,NaN,NaN,NaN,NaN,NaN,NaN,NaN,NaN,NaN,NaN,NaN,NaN,NaN,NaN,NaN,NaN,NaN,NaN,NaN,NaN,NaN,NaN,NaN,NaN,NaN,NaN,NaN,NaN,NaN,NaN,NaN,NaN,NaN,NaN,NaN,NaN,NaN,NaN,NaN,NaN,NaN,NaN,NaN,NaN,NaN,NaN,NaN,NaN,NaN,NaN,NaN,NaN,NaN,NaN,NaN,NaN,NaN,NaN,NaN,NaN,NaN,NaN,NaN,NaN,NaN,NaN,NaN,NaN,NaN,NaN,NaN,NaN,NaN,NaN,NaN,0.897743532301789,0.897729632344903,0.897729698163796,0.897748154657114,0.897750275040145,0.897743930133496,0.897738225860839,0.897734441831354,0.897731841495286,0.897737815931221,NaN,NaN,NaN,NaN,0.898028400055172,0.898013677829426,0.898013789014593,0.898012065103721,0.89800145393586,0.897982825678103,0.897963344729462,0.897939196259687,0.897914167411234,0.897899778929472,0.897892760524273,0.897890831262236,0.897882711338507,0.897858569512575,0.897831420038371,0.897811331834349,0.897796050056491,0.897777705710988,0.897755906367932,0.897734769253905,0.89771893164706,0.897717166719874,0.897727707065576,0.897744846905184,0.897758271817519,0.897795993315924,0.897883747737829,0.897836567338498,0.897818774739204,0.897774534375755,0.897708042901401,0.897713414968313,0.897685246155352,0.897636167022421,0.897615606170564,0.897583211595426,0.897562918632267,0.89753619118375,0.897485074781545,0.897457099443192,0.89747496607946,0.897520786109632,0.897542578854561,0.897568333343694,0.897598276529479,0.897547570323062,0.89748883841082,0.897478437818467,0.897489329418904,0.897495967943835,0.897490966195429,0.897489786847624,0.897509305389767,0.897506207443721,0.897499656184766,0.897486138550685,0.897478795538212,0.897466467513064,0.897462726469823,0.897477924833203,0.897488007345041,0.897502571573762,0.897497740310754,0.897500170014969,0.897542156386362,0.897542690222033,0.897523857035003,0.897507504696004,0.897496463693804,0.897511790978041,0.897530468065005,0.897553437464924,0.897600097901106,0.897629763486722,0.897628353228848,0.897650743000557,0.897668822021669,0.897690534464171,0.89773506251965,0.897795846577161,0.897872578899735,0.897947598617116,0.89798935726883,0.898046770778175,0.898164777471261,0.898278120187384,0.898281974929918,0.898289136278938,0.898323017493728,0.898370343337213,0.89841683304769,0.898478789903001,0.898555730781102,0.898612162555392,0.898661003111599,0.898730735004068,0.898812810520247,0.898846906149472,0.89887139761752,0.898927575037541,0.899025063088416,0.899111817194418,0.899179568039517,0.899240562851697,0.899340765191763,0.899441843510086,0.899478551552151,0.899488784509256,0.899483466998452,0.89951430694888,0.899547447186151,0.899564378715671,0.899593334295822,0.899631751423318,0.899676885972466,0.899716150224226,0.899750384081498,0.899785680291973,0.89982556543037,0.899870651990432,0.899911422236768,0.899939111793514,0.899967944289464,0.899985264376428,0.90001142851839,0.900047038638702,0.900078247145159,0.900100111351578,0.900113757784603,0.900130184075256,0.900152898655076,0.90016828892835,0.900183640054904,0.900201819775604,0.900219565938287,0.900236504582212,0.900252577965142,0.900285101355807,0.900110235009437,0.899537323770008
NaN,NaN,NaN,NaN,NaN,NaN,NaN,NaN,NaN,NaN,NaN,NaN,NaN,NaN,NaN,NaN,NaN,NaN,NaN,NaN,NaN,NaN,NaN,NaN,NaN,NaN,NaN,NaN,NaN,NaN,NaN,NaN,NaN,NaN,NaN,NaN,NaN,NaN,NaN,NaN,NaN,NaN,NaN,NaN,NaN,NaN,NaN,NaN,NaN,NaN,NaN,NaN,NaN,NaN,NaN,NaN,NaN,NaN,NaN,NaN,NaN,NaN,NaN,NaN,NaN,NaN,NaN,NaN,NaN,NaN,NaN,NaN,NaN,NaN,NaN,NaN,NaN,NaN,NaN,NaN,NaN,NaN,NaN,NaN,NaN,NaN,NaN,NaN,NaN,NaN,NaN,NaN,NaN,NaN,0.897792134024173,0.897778897725458,0.897767631949711,0.897757788601043,0.897754413115699,0.897751738476974,0.897646692654037,NaN,NaN,NaN,NaN,0.898043647386178,0.898040712073736,0.898037741782862,0.898035274231266,0.898024576361241,0.89800324609519,0.897977945154595,0.897948919338618,0.897929931928168,0.897920128680506,0.89791630693769,0.897921166110203,0.897902653853474,0.897861295305865,0.89783116002935,0.89781386059511,0.897800652023645,0.897784251876053,0.897767042304947,0.897748050221072,0.897733963799647,0.897732666307682,0.897741715009166,0.897759104600252,0.897784167839172,0.897828096662181,0.897852238991257,0.897829129430207,0.897813114413345,0.897726504643289,0.897698954607213,0.897711571057573,0.897680363675766,0.897649016621639,0.897620466733286,0.897575191222942,0.897530009926056,0.897496605819567,0.897465180701661,0.897447073070637,0.897488580185611,0.897550841630578,0.897569271529775,0.897596880690354,0.897601063205668,0.897540884201663,0.897498473964037,0.897506950442342,0.897524238325649,0.897523912121663,0.897517846979823,0.897536637926191,0.897562295926597,0.897563976443527,0.897542507539896,0.897522899370889,0.897522492956137,0.897530294400559,0.897541045307597,0.897548359913038,0.897544137541754,0.897559092500231,0.897574651836614,0.897590572984504,0.897578056008783,0.89758462108555,0.897580893536509,0.897558783327755,0.897544463713621,0.897566428933757,0.897582877222236,0.897618785564896,0.897668405623025,0.897701660280571,0.897704163724915,0.897709679819671,0.897727589224741,0.897750676463684,0.897802208124645,0.897862970578956,0.897934610063968,0.898005467512584,0.898056219565935,0.898115780380422,0.898222154922893,0.898326873796813,0.898364721758745,0.898379898933886,0.898409217930846,0.898454288994584,0.898506193587001,0.89856091326595,0.898627861868168,0.898702859641265,0.898744716957391,0.89879982273552,0.898899398562918,0.898961264000555,0.89897420383564,0.898976705802175,0.899082440747709,0.89919081221164,0.899284747199453,0.899347663416486,0.899421877691511,0.899521470149392,0.899573077975927,0.899601284025329,0.899595533268842,0.899607291392502,0.899642049564171,0.899655224895731,0.899686936288676,0.899733085716993,0.89978255572982,0.899822624653199,0.899848082272943,0.899882435930585,0.899921124658288,0.899961795208301,0.900006648682328,0.900035913285597,0.900065647767593,0.900094274258265,0.900113876863465,0.90014256733832,0.900173368623995,0.900195116448328,0.900211976769087,0.900227867426438,0.900247894893325,0.900267693000264,0.90028375887876,0.900299561187317,0.900315944590038,0.900332050785785,0.900347270487832,0.900378926323682,0.900205251601586,0.899627679288755
NaN,NaN,NaN,NaN,NaN,NaN,NaN,NaN,NaN,NaN,NaN,NaN,NaN,NaN,NaN,NaN,NaN,NaN,NaN,NaN,NaN,NaN,NaN,NaN,NaN,NaN,NaN,NaN,NaN,NaN,NaN,NaN,NaN,NaN,NaN,NaN,NaN,NaN,NaN,NaN,NaN,NaN,NaN,NaN,NaN,NaN,NaN,NaN,NaN,NaN,NaN,NaN,NaN,NaN,NaN,NaN,NaN,NaN,NaN,NaN,NaN,NaN,NaN,NaN,NaN,NaN,NaN,NaN,NaN,NaN,NaN,NaN,NaN,NaN,NaN,NaN,NaN,NaN,NaN,NaN,NaN,NaN,NaN,NaN,NaN,NaN,NaN,NaN,NaN,NaN,NaN,NaN,NaN,NaN,NaN,NaN,NaN,0.897694873256805,0.89777371495626,NaN,NaN,NaN,NaN,NaN,NaN,NaN,0.898058211835013,0.898061483316798,0.898059921899612,0.898041405847984,0.898008326928811,0.897984602107898,0.897953268117718,0.897941117548221,0.897942850370647,0.897945245616295,0.897943585212351,0.897902963039278,0.897862973742305,0.897835588594214,0.897819448939537,0.89780454561723,0.897790682094821,0.897777683911688,0.897762866301591,0.89775416058626,0.897754915674141,0.897764316522938,0.897784050232965,0.897811160641339,0.897843480531647,0.897847046447123,0.897844676778704,0.897784687297361,0.897729874269351,0.897733117826557,0.897719389732483,0.897682788363748,0.897659941504587,0.897631952554898,0.897578816955221,0.89753770693974,0.897486475739744,0.897432910418884,0.897439417145306,0.897520106429763,0.897579606553288,0.897590086356803,0.897611048092652,0.897585584355934,0.897530110747746,0.897526297190859,0.897550938068469,0.897553918580357,0.897544300789032,0.897557092271042,0.897586760171042,0.897600882019609,0.897576193026101,0.897561241074803,0.897610637275807,0.897628505756075,0.897618989771667,0.897625900908406,0.897632230326374,0.897646157520178,0.897641847471997,0.897627620911472,0.897644601081495,0.897625620901545,0.897623275566001,0.897627446198593,0.897606214347931,0.897615127144576,0.897628777392558,0.897656499992616,0.897687572081335,0.897726501337511,0.89775520202916,0.8977662606558,0.897774273597339,0.897800183401319,0.897823478366447,0.897870167159952,0.897932625241677,0.897999089021479,0.898067551619688,0.898125674336026,0.898190574226097,0.898291060039895,0.898385021522107,0.898434692273715,0.898467412770851,0.898500318063368,0.898543561555842,0.898595759221492,0.898645056440999,0.89870974042343,0.898776853908444,0.898828342710076,0.898881679904444,0.898963177432871,0.899037836418191,0.899079488438855,0.899106212981591,0.899166641820049,0.899269517381154,0.899346076531184,0.899467515771362,0.899527929969734,0.899607910398506,0.89967365836894,0.89970681652388,0.899711404062517,0.899686221063539,0.89971446543497,0.899743144241098,0.899782958987969,0.899833316119785,0.899890569939985,0.899934620777681,0.89994642675075,0.899977850610533,0.900023933784614,0.900052848476546,0.900098773022904,0.900134733377418,0.900165248650942,0.90019090098997,0.900216451514918,0.900243640309708,0.900270543637336,0.900293727385393,0.900307196204901,0.900323055786223,0.9003429761611,0.900362533705295,0.900380093695929,0.900396688881253,0.900412494978185,0.900428191214797,0.900442635211391,0.900473059299445,0.90030015712595,0.899717863318867
NaN,NaN,NaN,NaN,NaN,NaN,NaN,NaN,NaN,NaN,NaN,NaN,NaN,NaN,NaN,NaN,NaN,NaN,NaN,NaN,NaN,NaN,NaN,NaN,NaN,NaN,NaN,NaN,NaN,NaN,NaN,NaN,NaN,NaN,NaN,NaN,NaN,NaN,NaN,NaN,NaN,NaN,NaN,NaN,NaN,NaN,NaN,NaN,NaN,NaN,NaN,NaN,NaN,NaN,NaN,NaN,NaN,NaN,NaN,NaN,NaN,NaN,NaN,NaN,NaN,NaN,NaN,NaN,NaN,NaN,NaN,NaN,NaN,NaN,NaN,NaN,NaN,NaN,NaN,NaN,NaN,NaN,NaN,NaN,NaN,NaN,NaN,NaN,NaN,NaN,NaN,NaN,NaN,NaN,NaN,NaN,NaN,NaN,NaN,NaN,NaN,NaN,NaN,NaN,NaN,NaN,NaN,NaN,NaN,NaN,0.897770455554271,0.897980418065306,0.897953393555039,0.897948695484125,0.897965934040167,0.897966941652653,0.897952660757642,0.897901532758901,0.897861195324973,0.897836593349096,0.89782168843231,0.897808760922735,0.897798021749989,0.89778894738245,0.897782775128311,0.897779818237323,0.897785732012109,0.897801160121264,0.897831736313249,0.89786617778083,0.897892690845963,0.897930596756228,0.897944206190809,0.89784234608447,0.897791903493474,0.897760933535007,0.897758102864948,0.897745148354442,0.897715063904396,0.897651608084783,0.897581576904656,0.897497162372453,0.897420710806335,0.897389023328103,0.897458311686898,0.897552089489749,0.897585990562569,0.897594367811957,0.897598029902406,0.897564529030482,0.897540810221886,0.897563212466738,0.897578348686016,0.897568034366164,0.897575906364495,0.897597494662819,0.897614892649444,0.897620312614421,0.89761847324104,0.897671398890079,0.897721176148014,0.897700108710546,0.897705090946133,0.897745761269441,0.897787659630534,0.897766615345917,0.89768990614281,0.897652672926344,0.897652724659001,0.897644021451638,0.897700112089143,0.897669905540633,0.897658074333358,0.897671665233494,0.897690133958315,0.897724575992417,0.897755566410955,0.897783239508101,0.897812179103683,0.897827200292392,0.897839745444723,0.897868717007384,0.897904881353883,0.897944856613155,0.898004156956864,0.898070611433103,0.89813571230988,0.898197501512271,0.898268911748772,0.898361146719173,0.898448733039974,0.898505495203855,0.898547888386454,0.898591497855337,0.898637807003101,0.898693616578438,0.898740645327441,0.898800462468787,0.898864533884381,0.898918242846068,0.89897179743014,0.899039833813234,0.899102441281278,0.899143676520631,0.899176835571054,0.899246721695597,0.899380548737592,0.899421170262696,0.899544209615044,0.899646604614799,0.89970829346105,0.899776453192582,0.899816980248394,0.899813656934989,0.899799657744866,0.899818642693863,0.899814288541552,0.899863848424032,0.899935523755582,0.899987889718427,0.900045073197351,0.900055725729666,0.90006796394525,0.900130521094746,0.900164162517133,0.900181174121685,0.900229450651052,0.900262752867355,0.90028668927884,0.900317781506485,0.900347476791882,0.900367294501211,0.900390732208512,0.900407676063571,0.900420547677634,0.900437725291678,0.900455703089094,0.900473217512076,0.900491474373002,0.900508346472258,0.900523258985212,0.900537344658989,0.900566696649326,0.900393854846909,0.899806780043764
NaN,NaN,NaN,NaN,NaN,NaN,NaN,NaN,NaN,NaN,NaN,NaN,NaN,NaN,NaN,NaN,NaN,NaN,NaN,NaN,NaN,NaN,NaN,NaN,NaN,NaN,NaN,NaN,NaN,NaN,NaN,NaN,NaN,NaN,NaN,NaN,NaN,NaN,NaN,NaN,NaN,NaN,NaN,NaN,NaN,NaN,NaN,NaN,NaN,NaN,NaN,NaN,NaN,NaN,NaN,NaN,NaN,NaN,NaN,NaN,NaN,NaN,NaN,NaN,NaN,NaN,NaN,NaN,NaN,NaN,NaN,NaN,NaN,NaN,NaN,NaN,NaN,NaN,NaN,NaN,NaN,NaN,NaN,NaN,NaN,NaN,NaN,NaN,NaN,NaN,NaN,NaN,NaN,NaN,NaN,NaN,NaN,NaN,NaN,NaN,NaN,NaN,NaN,NaN,NaN,NaN,NaN,NaN,NaN,NaN,NaN,0.897594358680731,0.897932457736203,0.897957278676598,0.897989180234102,0.897952858998747,0.897897744945598,0.897872135572013,0.89785199948778,0.897833254566711,0.897822416229323,0.897816858899329,0.897808336152619,0.897803409097024,0.897802521391541,0.897807787069775,0.897820663685828,0.897844307155105,0.897889495770253,0.897944939928361,0.898010814396833,0.898104012303364,0.898010381432075,0.897882210104445,0.897864278537868,0.897891335444679,0.897932333639763,0.897820831073347,0.897690707042204,0.897604470776696,0.897502299334448,0.897395685994962,0.897357623117377,0.897401557920857,0.897494449506371,0.897557965984005,0.897575976547742,0.897582973405375,0.897573976207573,0.897555226357232,0.897561833615758,0.897585708784236,0.897586723975232,0.897580059496041,0.897606450252763,0.897637958824745,0.897658144376474,0.897672307376291,0.897712780496821,0.897796465856862,0.897749543462913,0.897737954490726,0.897787614423904,0.897869827108822,0.897875282804835,0.897784986370438,0.89767824682275,0.897657934087083,0.897676724620218,0.897749833244718,0.897727512554293,0.897688113543906,0.897704503531405,0.897736861007274,0.897756187618782,0.897786973363892,0.897820338195186,0.89784821212897,0.897873877887355,0.897894266191052,0.897914835757019,0.897941447511269,0.89797942484344,0.898025033619464,0.898080832047381,0.898144489901749,0.898209344830338,0.898274273469237,0.898349066889503,0.898433214701376,0.898513869450019,0.898575065470921,0.898627599424111,0.898681285518924,0.898735006091703,0.898793285910716,0.898842130940504,0.898897076885596,0.898958259846217,0.899017656743142,0.899074631594982,0.899134006438693,0.899183256762469,0.89922195028185,0.899262719653234,0.899330349708828,0.899437748454524,0.899541668622931,0.899626466502974,0.899726744705261,0.89981757226669,0.899874144842618,0.899918583318486,0.899936663155099,0.899903532413253,0.899891752808561,0.89991848359801,0.899961066459638,0.900028432347887,0.900092077116297,0.900136804515452,0.900164281391262,0.900176011864713,0.900210377998744,0.900275323486067,0.900300496767267,0.900309481429014,0.9003480705183,0.900395710785336,0.900421617905782,0.900442853428039,0.900466322583293,0.900485581967723,0.90050456739692,0.90051976312689,0.900534546695458,0.900550451215878,0.900566800440035,0.900584951037199,0.900602245949872,0.900617023150639,0.900630343932721,0.900658242782591,0.900485310503069,0.899893381500598
NaN,NaN,NaN,NaN,NaN,NaN,NaN,NaN,NaN,NaN,NaN,NaN,NaN,NaN,NaN,NaN,NaN,NaN,NaN,NaN,NaN,NaN,NaN,NaN,NaN,NaN,NaN,NaN,NaN,NaN,NaN,NaN,NaN,NaN,NaN,NaN,NaN,NaN,NaN,NaN,NaN,NaN,NaN,NaN,NaN,NaN,NaN,NaN,NaN,NaN,NaN,NaN,NaN,NaN,NaN,NaN,NaN,NaN,NaN,NaN,NaN,NaN,NaN,NaN,NaN,NaN,NaN,NaN,NaN,NaN,NaN,NaN,NaN,NaN,NaN,NaN,NaN,NaN,NaN,NaN,NaN,NaN,NaN,NaN,NaN,NaN,NaN,NaN,NaN,NaN,NaN,NaN,NaN,NaN,NaN,NaN,NaN,NaN,NaN,NaN,NaN,NaN,NaN,NaN,NaN,NaN,NaN,NaN,NaN,NaN,0.89714046806084,0.897884836290513,0.897909677455552,0.897959848155967,0.897611558826886,NaN,0.897688590153028,0.897849078227786,0.897842381127597,0.897834265645185,0.897829426289514,0.897826697520506,0.897820567916795,0.897817923802418,0.89781927136766,0.897829060904438,0.897844491065528,0.897875046763987,0.897927759881173,0.897996717082088,0.898096004736583,0.89810919939966,0.897914152715301,0.897891118923778,0.897925474888188,0.898035456446435,0.897898273941524,0.897635889003872,0.897535310053711,0.897466050460374,0.897375691809782,0.897340022663574,0.897371979021522,0.89744030444144,0.897509268349372,0.897548097399028,0.897555312378919,0.897555618595842,0.897557188863827,0.897558040935736,0.897568777437089,0.897586046292678,0.897591158710479,0.897607403708058,0.897641878449434,0.897679788920478,0.897704782828185,0.897723034814916,0.897781890006302,0.897825666762418,0.897808743772018,0.897825574131933,0.897872150497905,0.897880308804429,0.897839579867578,0.89776356803102,0.897698024048831,0.897695883296509,0.897737921070683,0.897791139627225,0.897771443289157,0.897774048306058,0.897779448624535,0.897798889783769,0.897819633669686,0.897853760031354,0.897888612956331,0.897917671006116,0.897941715717432,0.897962309132156,0.897989436100141,0.898019812902988,0.898055392298352,0.898099645689688,0.898155583687837,0.898218166290867,0.898284782135197,0.89835532089999,0.898430482396036,0.898508006910354,0.898578649757079,0.898645085540408,0.898704191890806,0.898767080088189,0.898830217566137,0.898895259538082,0.898945409158039,0.898999544041858,0.89905516868178,0.899115488753799,0.899177629645833,0.899239511028209,0.899273435909219,0.899302609342493,0.899349078036119,0.899423102863379,0.899520868079198,0.899619071661847,0.899711154156609,0.899804593075226,0.899912765544344,0.899979970677211,0.900011208788478,0.900036749471477,0.900015581321024,0.899984380070088,0.899999437871732,0.90006139366016,0.900121205803511,0.900176932318476,0.900233427751904,0.900270110567097,0.900286449409692,0.90031642283832,0.900350999722029,0.900408320140961,0.900420203126079,0.90043439826103,0.900488097980656,0.900527273615802,0.900544261575021,0.900566299519632,0.900582157656091,0.900599149932245,0.900618155659184,0.900633384627928,0.900647519678071,0.900662164442615,0.900679036778243,0.900695608806088,0.900709858673946,0.900722296825946,0.900748625280275,0.900575247756854,0.899978361866893
NaN,NaN,NaN,NaN,NaN,NaN,NaN,NaN,NaN,NaN,NaN,NaN,NaN,NaN,NaN,NaN,NaN,NaN,NaN,NaN,NaN,NaN,NaN,NaN,NaN,NaN,NaN,NaN,NaN,NaN,NaN,NaN,NaN,NaN,NaN,NaN,NaN,NaN,NaN,NaN,NaN,NaN,NaN,NaN,NaN,NaN,NaN,NaN,NaN,NaN,NaN,NaN,NaN,NaN,NaN,NaN,NaN,NaN,NaN,NaN,NaN,NaN,NaN,NaN,NaN,NaN,NaN,NaN,NaN,NaN,NaN,NaN,NaN,NaN,NaN,NaN,NaN,NaN,NaN,NaN,NaN,NaN,NaN,NaN,NaN,NaN,NaN,NaN,NaN,NaN,NaN,NaN,NaN,NaN,NaN,NaN,NaN,NaN,NaN,NaN,NaN,NaN,NaN,NaN,NaN,NaN,NaN,NaN,NaN,0.895515912454145,0.89787542053523,0.897882000483057,0.897909722854246,0.897942489269457,NaN,NaN,0.897022152706428,0.897858473993792,0.897850975244181,0.897845056517433,0.897843163878267,0.897840431632732,0.897836494699217,0.897832738338397,0.897833186768124,0.897844518832008,0.897862035254104,0.897892999029759,0.8979421333671,0.898013263672242,0.898098018232424,0.898008684362923,0.897840757462441,0.897840239439202,0.897873033061079,0.897783108356315,0.897491663292518,0.897386054241444,0.89736920943242,0.897342925066743,0.897330913425727,0.897360010913773,0.89740055967409,0.897455284646719,0.897500492527333,0.89752143472216,0.897523675547782,0.89753726006656,0.897555286827579,0.897568537209184,0.897572259100609,0.897590091779312,0.897614198656897,0.89764745080037,0.89768246617795,0.897717263367058,0.897744699717306,0.897781206767378,0.897824743140897,0.897849812070391,0.897857159662176,0.897881874253693,0.897901488009065,0.897887443379958,0.897856497635591,0.897799017898416,0.89776652329671,0.897772339924292,0.897811331728745,0.897843028444842,0.897836853387958,0.897838177233482,0.89785314173028,0.897850740911675,0.897883374329696,0.897922672657821,0.897957453454355,0.897987187665458,0.898011451332322,0.898037104925652,0.898066235076949,0.89809993709025,0.898136890240188,0.898179033512627,0.898230547200163,0.898291844711407,0.898361294516721,0.898438589752,0.898515959667128,0.898589322153162,0.898645235731054,0.898717124845357,0.898782103366081,0.898849000975127,0.898918485855707,0.898992873018545,0.899053073538806,0.899105729063781,0.89915514210945,0.899212550935307,0.899277657308701,0.899343273165512,0.89938676217198,0.899401556204971,0.899440687951454,0.899519784127507,0.899607084162762,0.899700865742573,0.899787906603128,0.899892902358701,0.900003907372792,0.900085128114149,0.900126850077614,0.900131687595105,0.900111128527373,0.90010485212894,0.900119590283953,0.900157435983013,0.900212852081572,0.900260030802646,0.900311171874104,0.900386272633262,0.900400353943436,0.900414671522437,0.90044799950787,0.900494400332277,0.900523888148579,0.900535575890921,0.900574118657675,0.90062240106728,0.900647854220537,0.900668222376003,0.900685320718561,0.900699683554011,0.900713671413249,0.900731532969089,0.90074671860668,0.900759182886237,0.900774172529025,0.900789578683878,0.900802418478932,0.900814241091389,0.900838640216283,0.900664265180033,0.900062341698309
NaN,NaN,NaN,NaN,NaN,NaN,NaN,NaN,NaN,NaN,NaN,NaN,NaN,NaN,NaN,NaN,NaN,NaN,NaN,NaN,NaN,NaN,NaN,NaN,NaN,NaN,NaN,NaN,NaN,NaN,NaN,NaN,NaN,NaN,NaN,NaN,NaN,NaN,NaN,NaN,NaN,NaN,NaN,NaN,NaN,NaN,NaN,NaN,NaN,NaN,NaN,NaN,NaN,NaN,NaN,NaN,NaN,NaN,NaN,NaN,NaN,NaN,NaN,NaN,NaN,NaN,NaN,NaN,NaN,NaN,NaN,NaN,NaN,NaN,NaN,NaN,NaN,NaN,NaN,NaN,NaN,NaN,NaN,NaN,NaN,NaN,NaN,NaN,NaN,NaN,NaN,NaN,NaN,NaN,NaN,NaN,NaN,NaN,NaN,NaN,NaN,NaN,NaN,NaN,NaN,NaN,NaN,NaN,NaN,0.895925345468119,0.897903860480753,0.897911376346917,0.897940101462968,0.897971539108326,NaN,NaN,0.880200943363669,0.897838242786466,0.897872807662445,0.897865119950161,0.89786045992223,0.897859417918135,0.897855535823153,0.897849341217335,0.89784870241598,0.897857944438024,0.897875127165108,0.897901345602405,0.89794064242185,0.898002820572342,0.898071908697756,0.897893379747552,0.897712462527875,0.897666570605781,0.897612833948882,0.897411610219687,0.897304140654012,0.897298772161334,0.897314396303546,0.897325867367466,0.897348691253255,0.897370505929211,0.897402736440002,0.897450810004945,0.897481005480268,0.89749688978223,0.897509289685591,0.897530287206115,0.897553966639858,0.897578890732699,0.897574223846939,0.897596270854713,0.897642883811425,0.897683017010797,0.897716804380706,0.897749878367268,0.897786005054771,0.897821396278167,0.897858168868963,0.897885379727055,0.897907588801388,0.897929966716248,0.897940028477022,0.897929077701577,0.897894642479672,0.897854519430853,0.897845284521645,0.897871136275011,0.897911092412651,0.897902225924824,0.897898821184935,0.897907212698354,0.897911420360541,0.897922601167948,0.897958323303874,0.897996110559978,0.898030669791666,0.898059310010248,0.898084706770684,0.898113713818241,0.898144623184611,0.89817218502631,0.898213897728192,0.898254249475823,0.898304371025484,0.898366142062319,0.898437695228578,0.898521231301082,0.898603929952355,0.898685015412844,0.898726696313758,0.898795195001671,0.898861133881249,0.898928674080743,0.899001789243678,0.899078759253226,0.899155364694036,0.899214887333448,0.899261959497233,0.899307678709436,0.899373410537354,0.899426845205718,0.899485184912398,0.899524792958716,0.899563898869944,0.899623564020687,0.899705225321043,0.899786239637331,0.89985397627905,0.899960067625723,0.900086515045195,0.900170796684296,0.900235989939503,0.900238177000009,0.900219182712103,0.900203196190284,0.900232829756493,0.900271477942799,0.900308727208592,0.900361812330468,0.900397879727487,0.900487898035164,0.900531358966441,0.900527159482178,0.900539864660701,0.900578717633204,0.900612394766789,0.900636083637513,0.900671968228753,0.900716541677858,0.900745779749378,0.900766607479689,0.900785367638181,0.900800394053634,0.900811515049029,0.900827949226505,0.900845335178246,0.900857622719232,0.900869758869145,0.900883371719021,0.900894655217546,0.900905075915671,0.900927561467241,0.900752338254834,0.900145281500144
NaN,NaN,NaN,NaN,NaN,NaN,NaN,NaN,NaN,NaN,NaN,NaN,NaN,NaN,NaN,NaN,NaN,NaN,NaN,NaN,NaN,NaN,NaN,NaN,NaN,NaN,NaN,NaN,NaN,NaN,NaN,NaN,NaN,NaN,NaN,NaN,NaN,NaN,NaN,NaN,NaN,NaN,NaN,NaN,NaN,NaN,NaN,NaN,NaN,NaN,NaN,NaN,NaN,NaN,NaN,NaN,NaN,NaN,NaN,NaN,NaN,NaN,NaN,NaN,NaN,NaN,NaN,NaN,NaN,NaN,NaN,NaN,NaN,NaN,NaN,NaN,NaN,NaN,NaN,NaN,NaN,NaN,NaN,NaN,NaN,NaN,NaN,NaN,NaN,NaN,NaN,NaN,NaN,NaN,NaN,NaN,NaN,NaN,NaN,NaN,NaN,NaN,NaN,NaN,NaN,NaN,NaN,NaN,NaN,0.896819342976541,0.897936173148651,0.897937411146034,0.89795118414783,NaN,NaN,NaN,0.792226893264212,0.885785636310667,0.89789265791136,0.897889817333764,0.897883193738024,0.897878705841652,0.897874614975211,0.89786924670742,0.897867500707845,0.897873859745651,0.897890439274983,0.897912452865196,0.897939616837626,0.897991644670465,0.898012077503528,0.897740535658081,0.897597809334357,0.897505658987419,0.897373698987943,0.897298367733478,0.897290553111166,0.897298762630612,0.89731598971374,0.897330911049261,0.897345972163907,0.897364457737625,0.897403076438415,0.897436023711192,0.897460198850656,0.897480622121246,0.89750110715828,0.897523910565882,0.897546943844326,0.897563105574582,0.897578969280987,0.89762125141075,0.897671321983369,0.897709740866963,0.897746257662932,0.897783225199897,0.89782520949619,0.897864210166056,0.897901020907504,0.897931003067602,0.897955938269507,0.897977518197706,0.897986507040032,0.897972580990542,0.897943590147624,0.897927412471622,0.89793687295973,0.897964781995303,0.897979334818304,0.897968558714938,0.897969587996302,0.897977208153727,0.897982473912881,0.897996953724296,0.898030347785968,0.898066076674734,0.898100771475769,0.89813281045024,0.898161209970637,0.898191489167748,0.89822644473288,0.898262854809222,0.89830130844353,0.898337148816176,0.898379241458494,0.898441772251592,0.898514011340652,0.898599360817827,0.898685225746134,0.898769971214589,0.898826591539959,0.898881247235394,0.898946449829007,0.899009122553647,0.899077861310732,0.899153823152908,0.899237292487299,0.89931771162555,0.899380084062215,0.899400470461379,0.899453583594627,0.899523934365989,0.899579229577811,0.899621906170431,0.899660871932969,0.899737244875518,0.899815218695724,0.899898471489663,0.899945924252352,0.900021718474375,0.900144127482109,0.900248840644785,0.900335032505406,0.900331460132834,0.900332439187079,0.900322479286233,0.900329250368816,0.900365051157844,0.900399254907563,0.900472774226175,0.900504958390468,0.900577407246108,0.900649935516874,0.900651887180234,0.900650893294512,0.90066908228643,0.900693307647812,0.900731977032427,0.900770967426901,0.900814448536232,0.900843427062252,0.900859021955471,0.90087852526053,0.900897584427705,0.900910643752742,0.900925307695235,0.900942121145627,0.900954674421286,0.900965783907349,0.90097711610298,0.90098655567879,0.900994904411959,0.90101575256566,0.900840051751379,0.900227778510474
NaN,NaN,NaN,NaN,NaN,NaN,NaN,NaN,NaN,NaN,NaN,NaN,NaN,NaN,NaN,NaN,NaN,NaN,NaN,NaN,NaN,NaN,NaN,NaN,NaN,NaN,NaN,NaN,NaN,NaN,NaN,NaN,NaN,NaN,NaN,NaN,NaN,NaN,NaN,NaN,NaN,NaN,NaN,NaN,NaN,NaN,NaN,NaN,NaN,NaN,NaN,NaN,NaN,NaN,NaN,NaN,NaN,NaN,NaN,NaN,NaN,NaN,NaN,NaN,NaN,NaN,NaN,NaN,NaN,NaN,NaN,NaN,NaN,NaN,NaN,NaN,NaN,NaN,NaN,NaN,NaN,NaN,NaN,NaN,NaN,NaN,NaN,NaN,NaN,NaN,NaN,NaN,NaN,NaN,NaN,NaN,NaN,NaN,NaN,NaN,NaN,NaN,NaN,NaN,NaN,NaN,NaN,NaN,NaN,0.897976264425572,0.897959295130257,0.897953607130353,0.891320394165902,NaN,NaN,NaN,NaN,0.793267738762053,0.886160791082451,0.897913588286777,0.897909030356107,0.897901906782419,0.897896124291115,0.89789132813365,0.897887321629225,0.897891339150892,0.897905109385475,0.897924874751424,0.897948031928663,0.897979700879429,0.897885635360986,0.897711345913702,0.897533120028128,0.897345485848931,0.897291476101775,0.897308831050932,0.897293358473544,0.897296791889986,0.897307770074585,0.897316193220628,0.897330572080277,0.897359293964521,0.897396607640735,0.897421800182123,0.897444747360382,0.897471235759997,0.897496506674718,0.897518395621186,0.897540869775843,0.897572198759128,0.897603942515678,0.897648392258273,0.897694016871369,0.897737728742469,0.897780469042438,0.897826778190352,0.897865057464187,0.897908340645571,0.897945064659851,0.897971547132045,0.897997510868288,0.898020345816707,0.89803112787842,0.898021955783591,0.898005676826907,0.898007230319344,0.898024543082788,0.898042203744228,0.898043923882298,0.89804139102914,0.89805113156587,0.898061616521553,0.89806604802308,0.898082333838306,0.898106425361876,0.898137895656379,0.898174400706811,0.898206954504158,0.898237619981851,0.898269168739837,0.898303581550287,0.89834385830138,0.898380700879591,0.89841889564971,0.898458393383631,0.898520416764348,0.898596583041865,0.898679030878775,0.89876495856347,0.898842837132742,0.898913432117727,0.898973474702625,0.899039192468888,0.899101180241341,0.899159132218692,0.899221885859701,0.899298873785798,0.899397740223598,0.899509028212877,0.899517363391381,0.89953348956461,0.899596759181874,0.899675722654446,0.899749400773106,0.899754152822164,0.89982992913974,0.89992153042616,0.900013144796743,0.900068174596865,0.900117234229809,0.900220048030591,0.900316702063022,0.900414008417013,0.900440504166892,0.900428146305502,0.900427217840584,0.90043880503516,0.900467345838627,0.900501103311909,0.900564031059613,0.900620265603942,0.900690284840592,0.900762631061801,0.900770357610717,0.900763653200959,0.900772686044502,0.900780584103034,0.900821732965393,0.900866828641598,0.90091294938201,0.900942905282031,0.900955523123416,0.900972300253221,0.900992829986203,0.901007913060894,0.901021713251469,0.901037733455498,0.901050700236257,0.901061753145231,0.901071175912424,0.901078413038238,0.90108473287624,0.901103255393012,0.900927241901173,0.900309665784284
NaN,NaN,NaN,NaN,NaN,NaN,NaN,NaN,NaN,NaN,NaN,NaN,NaN,NaN,NaN,NaN,NaN,NaN,NaN,NaN,NaN,NaN,NaN,NaN,NaN,NaN,NaN,NaN,NaN,NaN,NaN,NaN,NaN,NaN,NaN,NaN,NaN,NaN,NaN,NaN,NaN,NaN,NaN,NaN,NaN,NaN,NaN,NaN,NaN,NaN,NaN,NaN,NaN,NaN,NaN,NaN,NaN,NaN,NaN,NaN,NaN,NaN,NaN,NaN,NaN,NaN,NaN,NaN,NaN,NaN,NaN,NaN,NaN,NaN,NaN,NaN,NaN,NaN,NaN,NaN,NaN,NaN,NaN,NaN,NaN,NaN,NaN,NaN,NaN,NaN,NaN,NaN,NaN,NaN,NaN,NaN,NaN,NaN,NaN,NaN,NaN,NaN,NaN,NaN,NaN,NaN,NaN,NaN,NaN,NaN,0.897984366495947,0.890585470445889,0.810756200482726,0.683865312804661,NaN,NaN,NaN,NaN,0.801359445161414,0.88880495199874,0.897936268653704,0.897931122907764,0.897922245132691,0.897915344557216,0.897910557722306,0.897912063289136,0.897922504998812,0.897940562489928,0.897961688021193,0.897954016429251,0.897827936555675,0.897559205401807,0.897338581736413,0.897275067976853,0.897288968345138,0.897291937022493,0.897284548400555,0.897288058257134,0.897292424657416,0.897301703589657,0.897332504804554,0.89736901031325,0.897401187635868,0.897410734398586,0.897430841956406,0.897463564887444,0.897494723857446,0.897522572139976,0.897550458243038,0.897583766407555,0.897627411330002,0.897674395008533,0.897722072340948,0.897768168275006,0.897817121037352,0.897866080866655,0.897912323009707,0.89795479809013,0.897988340061069,0.898010881747788,0.898033608896646,0.898058024725386,0.898077313584205,0.898080480843298,0.898080694689473,0.898085496795606,0.898098360758748,0.898112107541153,0.898123307138197,0.89815345561332,0.898164417859849,0.898148352406787,0.898141583643207,0.898144894312681,0.898169002986871,0.898206631216111,0.89824948136663,0.898284481415297,0.898313639951644,0.898349932853102,0.898388131351618,0.898421954986253,0.89845893998243,0.898497621989368,0.898538595724171,0.898595315793749,0.898674598330174,0.898760566896337,0.898845622281736,0.898924851572042,0.898997528716136,0.899069312677219,0.899139999129011,0.899198567080069,0.899259152727113,0.899308913546735,0.899367584643982,0.899449869096689,0.899579662002749,0.899648628438322,0.899657159904178,0.899698849448187,0.899779209866957,0.899847952559182,0.899881829219377,0.899938859241247,0.900007628343205,0.90012988420015,0.90020232254707,0.900212773190031,0.900314008372736,0.900417563566896,0.900479017995321,0.900550506526556,0.900544240441664,0.90052921863632,0.900536169796811,0.900569517213757,0.900620553330736,0.900658169349322,0.900716241361248,0.900804313901557,0.900885399030938,0.900889488034991,0.900867929572023,0.900875871486493,0.900879940167311,0.900912873350798,0.900959955027756,0.901003974520346,0.901041042617956,0.901057874736701,0.901071169908677,0.901087424519146,0.90110336968463,0.901117640645715,0.901132454332794,0.901145822130228,0.90115686576873,0.901165022276557,0.901170637622648,0.901175057673354,0.90119098770273,0.901014574163921,0.900391600731523
NaN,NaN,NaN,NaN,NaN,NaN,NaN,NaN,NaN,NaN,NaN,NaN,NaN,NaN,NaN,NaN,NaN,NaN,NaN,NaN,NaN,NaN,NaN,NaN,NaN,NaN,NaN,NaN,NaN,NaN,NaN,NaN,NaN,NaN,NaN,NaN,NaN,NaN,NaN,NaN,NaN,NaN,NaN,NaN,NaN,NaN,NaN,NaN,NaN,NaN,NaN,NaN,NaN,NaN,NaN,NaN,NaN,NaN,NaN,NaN,NaN,NaN,NaN,NaN,NaN,NaN,NaN,NaN,NaN,NaN,NaN,NaN,NaN,NaN,NaN,NaN,NaN,NaN,NaN,NaN,NaN,NaN,NaN,NaN,NaN,NaN,NaN,NaN,NaN,NaN,NaN,NaN,NaN,NaN,NaN,NaN,NaN,NaN,NaN,NaN,NaN,NaN,NaN,NaN,NaN,NaN,NaN,NaN,NaN,NaN,NaN,NaN,0.683804134049877,0.685861974750491,NaN,NaN,NaN,NaN,NaN,NaN,0.888815703288659,0.89703020459658,0.897921468605107,0.897945678237397,0.897941182346047,0.89794084675871,0.897947876897393,0.897958098990695,0.897275839402715,0.888758020458686,0.891610633289255,0.896926696068272,0.897278877491035,0.897273266648556,0.897282711314608,0.897284870724751,0.897282512917168,0.897284811893378,0.897296431344731,0.897308772062137,0.897335363379118,0.897365071393689,0.89738442702573,0.89739558358208,0.897421928030079,0.897458369951253,0.897495013583339,0.89752933754234,0.897562124273251,0.897599219345204,0.89764559058621,0.897696157137664,0.897748045170453,0.897799675298605,0.897851688535343,0.897904342459626,0.897953097593294,0.897997367507709,0.898030406457407,0.898053428894133,0.898073504417074,0.898096932602438,0.89812551321275,0.898150730860228,0.898152708296503,0.898150722778805,0.898167397285738,0.898186369411615,0.898213112801496,0.898237228491615,0.898239369802768,0.8982204829012,0.898207110624365,0.898232304049456,0.898275484333758,0.898309120869993,0.898328681322474,0.898357803480475,0.898400955131289,0.898435923708102,0.898468177246852,0.898502116380993,0.898538937824173,0.898577140458724,0.898615740074123,0.898665391092604,0.89873998363671,0.898830802569014,0.898921383845805,0.899003776473795,0.899078310132941,0.899158465925034,0.899239103737727,0.899301739891367,0.899356662479506,0.899416036633217,0.899471816916147,0.899536065853856,0.899621235283034,0.899699935959348,0.89973276978841,0.899776920663367,0.899902773170107,0.899949076291859,0.899980289353985,0.900062234818632,0.900112076146187,0.900198350726405,0.90030991138688,0.900367511340815,0.90043894739242,0.900533344068678,0.900560185893273,0.900602107949329,0.900644274902954,0.900647364948194,0.900647815175438,0.900675100905801,0.900727414294725,0.900795265897715,0.900826428867581,0.90089503438753,0.900978358536308,0.901015475172392,0.900989222935348,0.90098524726282,0.900988689905103,0.901010021318727,0.901054455857796,0.901096823161979,0.901132734939897,0.901157655368468,0.901170062670912,0.901183505592951,0.901198684940793,0.901212586121179,0.901226531958325,0.901239851268795,0.901251120199846,0.901258435473714,0.901262841899997,0.901265671172817,0.90127912097715,0.901101448897816,0.9004729778774
NaN,NaN,NaN,NaN,NaN,NaN,NaN,NaN,NaN,NaN,NaN,NaN,NaN,NaN,NaN,NaN,NaN,NaN,NaN,NaN,NaN,NaN,NaN,NaN,NaN,NaN,NaN,NaN,NaN,NaN,NaN,NaN,NaN,NaN,NaN,NaN,NaN,NaN,NaN,NaN,NaN,NaN,NaN,NaN,NaN,NaN,NaN,NaN,NaN,NaN,NaN,NaN,NaN,NaN,NaN,NaN,NaN,NaN,NaN,NaN,NaN,NaN,NaN,NaN,NaN,NaN,NaN,NaN,NaN,NaN,NaN,NaN,NaN,NaN,NaN,NaN,NaN,NaN,NaN,NaN,NaN,NaN,NaN,NaN,NaN,NaN,NaN,NaN,NaN,NaN,NaN,NaN,NaN,NaN,NaN,NaN,NaN,NaN,NaN,NaN,NaN,NaN,NaN,NaN,NaN,NaN,NaN,NaN,NaN,NaN,NaN,NaN,NaN,NaN,NaN,NaN,NaN,NaN,NaN,NaN,NaN,0.852183747333274,0.882991854010877,0.89229152162811,0.895847419482441,0.897328668369952,0.896045387093065,0.887521460098922,0.855896391979549,NaN,NaN,NaN,0.896855189673121,0.897288154758454,0.89729163115673,0.897296144257736,0.897296226516374,0.897304158061435,0.897304495705203,0.897306656369769,0.897325629260115,0.89734785070858,0.897363619231566,0.897384360324576,0.897416926120353,0.897455077415945,0.897497229575892,0.897537557465729,0.89757633727892,0.897615098182158,0.897661354323149,0.897714962829886,0.897770522094636,0.897827073856014,0.897882694040157,0.897936782076142,0.897989112243284,0.898034500137926,0.89807159327945,0.898097358455529,0.89811557932303,0.898137349121222,0.898196326679722,0.898231618113248,0.898220991086897,0.898216559096041,0.898234234076803,0.898259229638828,0.89829136815883,0.898313416431481,0.898308886224096,0.898288853744547,0.898293694036836,0.898328604719593,0.898335115745954,0.898362640491605,0.898397912388174,0.898443569909456,0.898485680115214,0.89852105263493,0.898554648223649,0.898589282407202,0.898622909198201,0.898658505988615,0.898697059945094,0.898744326908074,0.898808267566373,0.89889458875902,0.898991250363931,0.899082103691781,0.899161783631945,0.899242706274361,0.899327512605667,0.899407418164873,0.899446344087223,0.899500008444637,0.899585166035579,0.89965259462758,0.899707034134323,0.899750267012023,0.899782036278699,0.899827666259223,0.899928814368444,0.900050060961508,0.900093437948662,0.900199848463049,0.900249100499612,0.900268390455154,0.90037985796243,0.900479428377735,0.900551816246388,0.900646125302054,0.900685024812071,0.900699795204132,0.900721694469877,0.900742998984935,0.90075314298304,0.900781080694501,0.900844584769621,0.90091142159103,0.900945149926786,0.901009487898121,0.901080332962983,0.901101037608359,0.901111458026152,0.901108145991787,0.901106173222503,0.901111561647949,0.901153746117031,0.90119441130671,0.901223411692949,0.901253497341801,0.901268049268536,0.901278244018414,0.901293836239494,0.901307709513041,0.901320444284068,0.901332871500651,0.90134372549353,0.901350952328476,0.901354457320333,0.901355503481132,0.901366577763651,0.901188386008389,0.900554319426619
NaN,NaN,NaN,NaN,NaN,NaN,NaN,NaN,NaN,NaN,NaN,NaN,NaN,NaN,NaN,NaN,NaN,NaN,NaN,NaN,NaN,NaN,NaN,NaN,NaN,NaN,NaN,NaN,NaN,NaN,NaN,NaN,NaN,NaN,NaN,NaN,NaN,NaN,NaN,NaN,NaN,NaN,NaN,NaN,NaN,NaN,NaN,NaN,NaN,NaN,NaN,NaN,NaN,NaN,NaN,NaN,NaN,NaN,NaN,NaN,NaN,NaN,NaN,NaN,NaN,NaN,NaN,NaN,NaN,NaN,NaN,NaN,NaN,NaN,NaN,NaN,NaN,NaN,NaN,NaN,NaN,NaN,NaN,NaN,NaN,NaN,NaN,NaN,NaN,NaN,NaN,NaN,NaN,NaN,NaN,NaN,NaN,NaN,NaN,NaN,NaN,NaN,NaN,NaN,NaN,NaN,NaN,NaN,NaN,NaN,NaN,NaN,NaN,NaN,NaN,NaN,NaN,NaN,NaN,NaN,NaN,NaN,NaN,NaN,NaN,0.856891709633006,0.84001647813756,NaN,NaN,NaN,NaN,NaN,NaN,0.896868589652152,0.897311221099398,0.897303481700343,0.897319524472002,0.897323304949711,0.897309060169419,0.89731264228032,0.897323103521963,0.897336531626456,0.897354166588888,0.897378738364708,0.897411707980772,0.897453257535247,0.897500673603629,0.897546786090768,0.897589371911861,0.897631274371408,0.897678066360847,0.89773051753725,0.897787750384756,0.897847629078753,0.897908976318588,0.897966548116536,0.898020867889424,0.898068382675064,0.898111114399196,0.898137982080858,0.898159882717256,0.898197174700265,0.898253460769293,0.89830982126445,0.898304428004115,0.898275024327821,0.898292084711804,0.898323527937906,0.89835574586666,0.898370812019643,0.898359903969115,0.898346710775361,0.898413182424658,0.898381688223565,0.898402003540443,0.898443071534596,0.89848910732204,0.898535637099089,0.898570287496601,0.89860748270783,0.89864544327838,0.898680779048055,0.898714195383145,0.898746975675822,0.898784601245682,0.898830630504771,0.898888118493678,0.898964300229257,0.899058629405653,0.899154177322061,0.899252525788914,0.899333325994448,0.89941596727926,0.899504661345237,0.899553909139513,0.89957644938166,0.899661599367756,0.899782769820234,0.899846045538145,0.899846261241648,0.899873696325877,0.899905497630398,0.899994968943029,0.900072022568939,0.900136224734098,0.900285785446185,0.900382442745798,0.900392288652599,0.900467321671902,0.900586667974561,0.900652698176595,0.900740463380686,0.900779756802126,0.900791536958797,0.900826553168495,0.900844888993223,0.900852218318023,0.900891772115904,0.900960835309932,0.901033673417321,0.901045826162945,0.901125330154981,0.901181464942162,0.90120372532538,0.901224543116197,0.901219043491123,0.901219607038802,0.901224166689911,0.901255115824755,0.901296297768223,0.901322838375162,0.901348206831912,0.901365269799301,0.901374523699046,0.901388665771566,0.901402298701413,0.90141438712005,0.901425826869509,0.901435382841928,0.901442259850193,0.901445401510202,0.901444828636429,0.901453723332637,0.901275502436488,0.900635751310387
NaN,NaN,NaN,NaN,NaN,NaN,NaN,NaN,NaN,NaN,NaN,NaN,NaN,NaN,NaN,NaN,NaN,NaN,NaN,NaN,NaN,NaN,NaN,NaN,NaN,NaN,NaN,NaN,NaN,NaN,NaN,NaN,NaN,NaN,NaN,NaN,NaN,NaN,NaN,NaN,NaN,NaN,NaN,NaN,NaN,NaN,NaN,NaN,NaN,NaN,NaN,NaN,NaN,NaN,NaN,NaN,NaN,NaN,NaN,NaN,NaN,NaN,NaN,NaN,NaN,NaN,NaN,NaN,NaN,NaN,NaN,NaN,NaN,NaN,NaN,NaN,NaN,NaN,NaN,NaN,NaN,NaN,NaN,NaN,NaN,NaN,NaN,NaN,NaN,NaN,NaN,NaN,NaN,NaN,NaN,NaN,NaN,NaN,NaN,NaN,NaN,NaN,NaN,NaN,NaN,NaN,NaN,NaN,NaN,NaN,NaN,NaN,NaN,NaN,NaN,NaN,NaN,NaN,NaN,NaN,NaN,NaN,NaN,NaN,NaN,NaN,NaN,NaN,NaN,NaN,NaN,NaN,NaN,NaN,NaN,NaN,0.897369134995075,0.897352207942913,0.897337501195725,0.897336210102377,0.897334422532474,0.897337904845458,0.897352451720354,0.89737829621027,0.897411607447929,0.897452296299106,0.897501996630557,0.897553239419178,0.897601768019644,0.897646103066315,0.897692180314714,0.897744096824024,0.897802287401691,0.897864849395381,0.897929415940153,0.897992949931605,0.898049637237637,0.898101999254939,0.898146037310338,0.898178574573671,0.898211089845032,0.898258065430833,0.898320819143242,0.898368457188938,0.898324341684485,0.898321765664844,0.898341291086513,0.898378788456142,0.898404847026062,0.898404625282649,0.898394965852663,0.898513892478991,0.8984701624538,0.898432565721088,0.898497409343682,0.898563988767805,0.898599148539846,0.898609854282718,0.898641937159138,0.898684368580114,0.898728446964062,0.898768254159976,0.898806997040553,0.898845790626308,0.898884246181855,0.898926641207961,0.898976891542092,0.899044392729949,0.899133000030183,0.89922455433335,0.899331016303656,0.899428231300418,0.899518557120442,0.899602056078869,0.899672828941631,0.899686856585029,0.899697114287957,0.89980988156485,0.899966054183041,0.899988781117931,0.900021889546581,0.900033245429042,0.900098754734729,0.900163295075619,0.900174469275063,0.900316960379346,0.900465167932505,0.900483659530135,0.900566075391501,0.900699452945385,0.9007421623366,0.900822208245319,0.900881776394201,0.900892518080643,0.900927051068702,0.900947650542942,0.900959073089567,0.901014592043937,0.901081417353071,0.901143096513899,0.901150878874106,0.901206082312558,0.901272120758631,0.901312060278782,0.901347943476839,0.901335263036382,0.901330993457484,0.901338747615109,0.901365371731405,0.901399831502328,0.901426723725905,0.901448137369225,0.901462811326059,0.901473253815101,0.901484361064758,0.901497432839982,0.901508466254215,0.901517854910686,0.90152683020776,0.901533452614245,0.901535975832953,0.901534835170549,0.901541467798035,0.901362654130549,0.900717108204371
NaN,NaN,NaN,NaN,NaN,NaN,NaN,NaN,NaN,NaN,NaN,NaN,NaN,NaN,NaN,NaN,NaN,NaN,NaN,NaN,NaN,NaN,NaN,NaN,NaN,NaN,NaN,NaN,NaN,NaN,NaN,NaN,NaN,NaN,NaN,NaN,NaN,NaN,NaN,NaN,NaN,NaN,NaN,NaN,NaN,NaN,NaN,NaN,NaN,NaN,NaN,NaN,NaN,NaN,NaN,NaN,NaN,NaN,NaN,NaN,NaN,NaN,NaN,NaN,NaN,NaN,NaN,NaN,NaN,NaN,NaN,NaN,NaN,NaN,NaN,NaN,NaN,NaN,NaN,NaN,NaN,NaN,NaN,NaN,NaN,NaN,NaN,NaN,NaN,NaN,NaN,NaN,NaN,NaN,NaN,NaN,NaN,NaN,NaN,NaN,NaN,NaN,NaN,NaN,NaN,NaN,NaN,NaN,NaN,NaN,NaN,NaN,NaN,NaN,NaN,NaN,NaN,NaN,NaN,NaN,NaN,NaN,NaN,NaN,NaN,NaN,NaN,NaN,NaN,NaN,NaN,NaN,NaN,NaN,NaN,NaN,0.894242157824528,0.894932901139629,0.897378246357808,0.897369200087129,0.897354417422234,0.897347008077154,0.897359186913916,0.897384113291062,0.897416834997668,0.897457412094553,0.897503075954123,0.897556472755702,0.897608736293717,0.897655488461582,0.897702271681347,0.897755483076932,0.897816049567764,0.897882059102043,0.897948015469906,0.898013549418924,0.898074910355849,0.898134954062137,0.898186008001963,0.898222749364675,0.898259522941777,0.898313142626931,0.898368432220502,0.898376113786776,0.898371637597828,0.898389773796377,0.898403815072604,0.898427141067427,0.898447837857504,0.898445937387602,0.898542554162384,0.898606832543673,0.898491639742724,0.898577562142096,0.898692259034162,0.898726429061366,0.898657655513933,0.898637920739798,0.898689475107454,0.898748604453177,0.898803337925466,0.898850197682016,0.898893633766174,0.898940379307109,0.898983381461968,0.899026182866034,0.899072199608631,0.899130523409436,0.899209738896928,0.899301802016367,0.899403761839617,0.899512107700357,0.899615202857362,0.899715271886038,0.899790062293832,0.899842901176065,0.899795434266787,0.899820598733288,0.899978143078488,0.9000725512641,0.900105675820816,0.900151585090361,0.900205267871691,0.90025663396331,0.900307628410646,0.900384190520065,0.900505014066493,0.90058838782203,0.90066756733381,0.900772815177092,0.900818719638707,0.900911690045796,0.900944987740198,0.900976820400439,0.901041689882067,0.901087525477571,0.901081335990471,0.901122058591924,0.90119860555712,0.901243098085965,0.901248176872989,0.90129669393484,0.901365157557526,0.901417370545298,0.901457436521036,0.901459436026965,0.901448928841365,0.901453149044814,0.901481924525568,0.901510075067011,0.901532187221246,0.901551973099449,0.901562955068255,0.901571783204902,0.901582393095833,0.901593853368498,0.901603183947827,0.901610777717633,0.901618688558757,0.901624502803986,0.901626802356423,0.901625600749063,0.901629857032511,0.901449009564901,0.900797572581311
NaN,NaN,NaN,NaN,NaN,NaN,NaN,NaN,NaN,NaN,NaN,NaN,NaN,NaN,NaN,NaN,NaN,NaN,NaN,NaN,NaN,NaN,NaN,NaN,NaN,NaN,NaN,NaN,NaN,NaN,NaN,NaN,NaN,NaN,NaN,NaN,NaN,NaN,NaN,NaN,NaN,NaN,NaN,NaN,NaN,NaN,NaN,NaN,NaN,NaN,NaN,NaN,NaN,NaN,NaN,NaN,NaN,NaN,NaN,NaN,NaN,NaN,NaN,NaN,NaN,NaN,NaN,NaN,NaN,NaN,NaN,NaN,NaN,NaN,NaN,NaN,NaN,NaN,NaN,NaN,NaN,NaN,NaN,NaN,NaN,NaN,NaN,NaN,NaN,NaN,NaN,NaN,NaN,NaN,NaN,NaN,NaN,NaN,NaN,NaN,NaN,NaN,NaN,NaN,NaN,NaN,NaN,NaN,NaN,NaN,NaN,NaN,NaN,NaN,NaN,NaN,NaN,NaN,NaN,NaN,NaN,NaN,NaN,NaN,NaN,NaN,NaN,NaN,NaN,NaN,NaN,NaN,NaN,NaN,NaN,NaN,NaN,0.83456483979369,0.894949032309668,0.896501111680853,0.897382201597285,0.897365654897944,0.897374929837209,0.89739817204651,0.897430610757755,0.897467156528755,0.897508746630527,0.897556965316557,0.897611650937947,0.897660839122308,0.897707215887746,0.897763551951765,0.89782968135457,0.897897120360934,0.897964631986353,0.898031909171721,0.898101578227582,0.898168388036831,0.898223396178845,0.898260891151852,0.898300895554034,0.898354488759946,0.898393781220028,0.898422403935094,0.89845555985054,0.898484076508168,0.898463988221274,0.898482734180121,0.898528020756407,0.898610317555881,0.898748829495633,0.898626499031425,0.898610737028758,0.898742698025684,0.898792570267896,0.898684329087354,0.898624169041463,0.898663987955732,0.89873011768587,0.898798147482288,0.898860065598621,0.898914888599038,0.898967388441159,0.899023373892177,0.899072322404675,0.899114932343673,0.899164237510454,0.899219897437016,0.899290810578254,0.899378180407381,0.899478251643359,0.899586698287865,0.899689085948017,0.899792368250142,0.899915848719839,0.899976264165766,0.8999902341021,0.899901394378541,0.900027345388583,0.900129089123163,0.900176162711727,0.900236000817635,0.900287857386642,0.900298714312115,0.900407993506661,0.90049197205304,0.900588014214914,0.900666550308074,0.900765697777102,0.900855844329845,0.900902808906121,0.900949395137818,0.900992229353904,0.901032877942537,0.901172009665784,0.901240715469197,0.901224695839174,0.901237587982161,0.901297893140907,0.901332690886699,0.901333919470902,0.901398235861624,0.901473663141348,0.90152797435611,0.901566576280879,0.901574347524292,0.901569213120927,0.901571925991322,0.901594958684077,0.901621658766378,0.901642606619457,0.901658567655287,0.901667358236656,0.901673317226009,0.901682209545388,0.901691426415229,0.901699226008664,0.901705666734639,0.90171216288713,0.901716767311258,0.901718474791996,0.901716335245722,0.901718118516387,0.901534898733526,0.9008774572813
NaN,NaN,NaN,NaN,NaN,NaN,NaN,NaN,NaN,NaN,NaN,NaN,NaN,NaN,NaN,NaN,NaN,NaN,NaN,NaN,NaN,NaN,NaN,NaN,NaN,NaN,NaN,NaN,NaN,NaN,NaN,NaN,NaN,NaN,NaN,NaN,NaN,NaN,NaN,NaN,NaN,NaN,NaN,NaN,NaN,NaN,NaN,NaN,NaN,NaN,NaN,NaN,NaN,NaN,NaN,NaN,NaN,NaN,NaN,NaN,NaN,NaN,NaN,NaN,NaN,NaN,NaN,NaN,NaN,NaN,NaN,NaN,NaN,NaN,NaN,NaN,NaN,NaN,NaN,NaN,NaN,NaN,NaN,NaN,NaN,NaN,NaN,NaN,NaN,NaN,NaN,NaN,NaN,NaN,NaN,NaN,NaN,NaN,NaN,NaN,NaN,NaN,NaN,NaN,NaN,NaN,NaN,NaN,NaN,NaN,NaN,NaN,NaN,NaN,NaN,NaN,NaN,NaN,NaN,NaN,NaN,NaN,NaN,NaN,NaN,NaN,NaN,NaN,NaN,NaN,NaN,NaN,NaN,NaN,NaN,NaN,NaN,NaN,0.834547792359544,0.884275486179157,0.892606756262586,0.897395926626227,0.897401645920543,0.897421814456337,0.897453340011367,0.897487294972393,0.897519743881908,0.897558403848709,0.897606825811964,0.89766125245463,0.897713958851926,0.897770793266186,0.897838986085151,0.897912317341436,0.897985042354845,0.89805563278329,0.898132403391477,0.898198732962641,0.898252732973457,0.898294588171555,0.898334906814002,0.898391272014986,0.898456661693402,0.898508834116691,0.898530461678647,0.898522131048298,0.898537698226247,0.898642858842409,0.898775350409753,0.89882020561003,0.898764091529606,0.898646930674612,0.898744934290867,0.898879982474281,0.898747697799103,0.898615144547122,0.89860759109527,0.898687427491191,0.898760490721262,0.898827012274342,0.898884595104335,0.898957480070968,0.899026832189983,0.899086808196564,0.899142025355007,0.899192733754888,0.899246024675763,0.89930919970727,0.899380088532813,0.899453392115696,0.899555002485023,0.899664564329228,0.899760587990156,0.899844491100649,0.899944089107486,0.900077732907284,0.900168820552689,0.900078748809282,0.900079304705883,0.9001901337492,0.900243547434294,0.900310202998078,0.900325518695917,0.900396106620805,0.900495003655769,0.900588579305975,0.900640585744327,0.90077059775442,0.900888990994789,0.900951190046796,0.900972197517145,0.901020230526172,0.901047109147093,0.90106337322551,0.901261054951189,0.901384957044085,0.901367857807242,0.901368664564941,0.901392821333262,0.901399256991934,0.901432194463758,0.901517072882449,0.901594395654171,0.901639672369191,0.901678443974022,0.90169666726391,0.901690491659525,0.901690999067221,0.901714538266311,0.901739275968241,0.901756842553321,0.901768118895099,0.901772027628914,0.901776089985071,0.90178358877831,0.901791369567319,0.901797402620951,0.901802559829147,0.901807820291904,0.901811485073068,0.901811705539364,0.901807873002428,0.901806939918033,0.9016213327001,0.900957752533557
NaN,NaN,NaN,NaN,NaN,NaN,NaN,NaN,NaN,NaN,NaN,NaN,NaN,NaN,NaN,NaN,NaN,NaN,NaN,NaN,NaN,NaN,NaN,NaN,NaN,NaN,NaN,NaN,NaN,NaN,NaN,NaN,NaN,NaN,NaN,NaN,NaN,NaN,NaN,NaN,NaN,NaN,NaN,NaN,NaN,NaN,NaN,NaN,NaN,NaN,NaN,NaN,NaN,NaN,NaN,NaN,NaN,NaN,NaN,NaN,NaN,NaN,NaN,NaN,NaN,NaN,NaN,NaN,NaN,NaN,NaN,NaN,NaN,NaN,NaN,NaN,NaN,NaN,NaN,NaN,NaN,NaN,NaN,NaN,NaN,NaN,NaN,NaN,NaN,NaN,NaN,NaN,NaN,NaN,NaN,NaN,NaN,NaN,NaN,NaN,NaN,NaN,NaN,NaN,NaN,NaN,NaN,NaN,NaN,NaN,NaN,NaN,NaN,NaN,NaN,NaN,NaN,NaN,NaN,NaN,NaN,NaN,NaN,NaN,NaN,NaN,NaN,NaN,NaN,NaN,NaN,NaN,NaN,NaN,NaN,NaN,NaN,NaN,NaN,0.803357418543003,0.888951383992764,0.89572433542665,0.897445158321864,0.897457334187251,0.897482261813163,0.897512017948397,0.897538737754245,0.897566799071305,0.897606049797489,0.897662185537858,0.89771910583886,0.897786604333142,0.897859067146533,0.897937702906657,0.898011149209991,0.89809247377527,0.89816646031981,0.898223606838773,0.898271975590128,0.898316992646059,0.898383808059328,0.898462348795004,0.898535265171033,0.898554174611385,0.898567584646388,0.898617692427653,0.898725157857095,0.898832218051493,0.898875077646032,0.898805856702941,0.898734343505235,0.898738512446679,0.898882571657287,0.898790069074546,0.898579801755764,0.898558945043968,0.898608727120188,0.898691148280429,0.898768298118864,0.898834858438968,0.898909232985663,0.898992913336233,0.899064723607697,0.89912508585064,0.89918998409735,0.899252980338399,0.89931543442134,0.899391415072782,0.899477845806533,0.899555324337413,0.899649429270616,0.899757499507721,0.899850790056075,0.899923908909224,0.899966131520121,0.900024307220738,0.90017345968555,0.900282195829047,0.900225667901893,0.900259577517976,0.900326451805827,0.900337034903083,0.900371831159594,0.900466909142213,0.900598753451586,0.900698731626188,0.900724711327639,0.900815889854197,0.900986162195457,0.901074632791097,0.901048450094514,0.901065332695248,0.901114304626521,0.901196106177481,0.901313531171518,0.901436579830681,0.901527359311819,0.901501146033113,0.901472337623224,0.901480959740774,0.901536232035321,0.901636172898309,0.901720861427099,0.90175624336416,0.901794295420211,0.901819239324412,0.901820976424531,0.90181962124851,0.901836369707062,0.901859766391286,0.901869862873354,0.901875244052896,0.901878019101996,0.90188192191087,0.901888160014127,0.901894666175323,0.90189963143545,0.90190319085021,0.901906960316196,0.901909361815975,0.901908132504877,0.901901868398773,0.901897705467464,0.901709038582963,0.901039148124373
NaN,NaN,NaN,NaN,NaN,NaN,NaN,NaN,NaN,NaN,NaN,NaN,NaN,NaN,NaN,NaN,NaN,NaN,NaN,NaN,NaN,NaN,NaN,NaN,NaN,NaN,NaN,NaN,NaN,NaN,NaN,NaN,NaN,NaN,NaN,NaN,NaN,NaN,NaN,NaN,NaN,NaN,NaN,NaN,NaN,NaN,NaN,NaN,NaN,NaN,NaN,NaN,NaN,NaN,NaN,NaN,NaN,NaN,NaN,NaN,NaN,NaN,NaN,NaN,NaN,NaN,NaN,NaN,NaN,NaN,NaN,NaN,NaN,NaN,NaN,NaN,NaN,NaN,NaN,NaN,NaN,NaN,NaN,NaN,NaN,NaN,NaN,NaN,NaN,NaN,NaN,NaN,NaN,NaN,NaN,NaN,NaN,NaN,NaN,NaN,NaN,NaN,NaN,NaN,NaN,NaN,NaN,NaN,NaN,NaN,NaN,NaN,NaN,NaN,NaN,NaN,NaN,NaN,NaN,NaN,NaN,NaN,NaN,NaN,NaN,NaN,NaN,NaN,NaN,NaN,NaN,NaN,NaN,NaN,NaN,NaN,NaN,NaN,NaN,NaN,0.803368912264922,0.845202174973932,0.893411663880019,0.897505945758285,0.897520365661751,0.897545543762109,0.897569087026099,0.897591123229206,0.8976179619611,0.897661753253166,0.897720172847271,0.897807691520553,0.897898905841,0.897977764575268,0.89805432793733,0.89812819416108,0.898186812082378,0.898234619268982,0.898285796960405,0.898350071366117,0.898435555130947,0.898525137641829,0.898573807094115,0.898593641682253,0.898651519738994,0.898744756521453,0.898853994647795,0.898875608456113,0.898818965950671,0.898753263717488,0.898751621736549,0.898849282693623,0.898799406665906,0.898601198465648,0.898550920407992,0.898562976596267,0.898621226679749,0.898674824007117,0.898745455922114,0.898816451001947,0.8989018512283,0.8989901968596,0.899070214025088,0.899141850895838,0.899215978377651,0.899291404226754,0.899368226106147,0.899455454796254,0.899556771058704,0.899659378291546,0.899754893081699,0.899869232192065,0.899976905978734,0.900057641119579,0.900064355251755,0.900067172726306,0.900150131222492,0.900255511455063,0.900328695613139,0.900383205422804,0.900426609004653,0.900390793083276,0.900393053032492,0.900487086637637,0.900668568493753,0.90073663375435,0.900814479490034,0.900918309906471,0.901056313147622,0.90119005166475,0.901146654936513,0.901118772934044,0.901170590501428,0.90128016922056,0.901416714485168,0.901499083346259,0.901580605631459,0.901613396167454,0.901594697884092,0.901562188760346,0.901628624203067,0.901769821728055,0.901840578228526,0.901878597745592,0.901930056307778,0.901946846469622,0.901940837123247,0.901944962139104,0.90196372674171,0.901981766700564,0.90198365394162,0.901982918970323,0.901987289323543,0.901993628578269,0.901998245568496,0.902001802857776,0.902004958500236,0.902007771712314,0.902010253483673,0.902011487668731,0.902009258933997,0.902002094042635,0.901996745566165,0.901806270965544,0.901132844389778
NaN,NaN,NaN,NaN,NaN,NaN,NaN,NaN,NaN,NaN,NaN,NaN,NaN,NaN,NaN,NaN,NaN,NaN,NaN,NaN,NaN,NaN,NaN,NaN,NaN,NaN,NaN,NaN,NaN,NaN,NaN,NaN,NaN,NaN,NaN,NaN,NaN,NaN,NaN,NaN,NaN,NaN,NaN,NaN,NaN,NaN,NaN,NaN,NaN,NaN,NaN,NaN,NaN,NaN,NaN,NaN,NaN,NaN,NaN,NaN,NaN,NaN,NaN,NaN,NaN,NaN,NaN,NaN,NaN,NaN,NaN,NaN,NaN,NaN,NaN,NaN,NaN,NaN,NaN,NaN,NaN,NaN,NaN,NaN,NaN,NaN,NaN,NaN,NaN,NaN,NaN,NaN,NaN,NaN,NaN,NaN,NaN,NaN,NaN,NaN,NaN,NaN,NaN,NaN,NaN,NaN,NaN,NaN,NaN,NaN,NaN,NaN,NaN,NaN,NaN,NaN,NaN,NaN,NaN,NaN,NaN,NaN,NaN,NaN,NaN,NaN,NaN,NaN,NaN,NaN,NaN,NaN,NaN,NaN,NaN,NaN,NaN,NaN,NaN,NaN,NaN,NaN,0.822956570105231,0.888992788373964,0.897478080591299,0.897590388352205,0.897606990700745,0.897623488288044,0.897642089237353,0.897670091430875,0.89772282080453,0.897827139735833,0.89795067059645,0.898022862209601,0.898094292337757,0.898153572474818,0.898198760170952,0.898250185164427,0.898305542555852,0.898387127926034,0.898471604423465,0.898551733674655,0.898613557884809,0.898666864241786,0.898733330409858,0.898808657280641,0.898862319734603,0.898840137757589,0.898802578707583,0.898809338241865,0.898841744560595,0.898821190231977,0.898744311883307,0.898644451180148,0.898626587181293,0.898580328945766,0.898581880288901,0.898637045348682,0.898705767116048,0.898772631391275,0.898864542914812,0.898960469879354,0.89904408205163,0.899128899731629,0.899218238290202,0.899306113815855,0.899398156258607,0.899496887864198,0.89961166411188,0.899735704233402,0.899855209083906,0.899983610840443,0.900118863458603,0.900240962464154,0.900233737737454,0.900216139885759,0.900318833694707,0.900293267400697,0.900285494422001,0.900422034502684,0.900549517049389,0.900467074446306,0.900457977803314,0.900518720667941,0.900667430113055,0.900736153948334,0.900836975713033,0.90100856401511,0.901126580364311,0.901240666267168,0.9012904067349,0.901184395636931,0.901194625256448,0.901334140032638,0.901532226131754,0.901578307937261,0.901617489055071,0.901678856083918,0.901661791350504,0.90171716124122,0.90175926957608,0.901873593237751,0.901954000680624,0.902010547897789,0.902069200128262,0.902072132191773,0.902061785998197,0.902071553792282,0.902090099595984,0.902099316883173,0.902097749833881,0.902094344223149,0.902099760496848,0.902108171721253,0.90211187299444,0.902113102044819,0.902114503944271,0.902116002184101,0.902117193289886,0.902117318937983,0.902113568237682,0.902105429801996,0.90209937655056,0.901906627764351,0.901229626238324
NaN,NaN,NaN,NaN,NaN,NaN,NaN,NaN,NaN,NaN,NaN,NaN,NaN,NaN,NaN,NaN,NaN,NaN,NaN,NaN,NaN,NaN,NaN,NaN,NaN,NaN,NaN,NaN,NaN,NaN,NaN,NaN,NaN,NaN,NaN,NaN,NaN,NaN,NaN,NaN,NaN,NaN,NaN,NaN,NaN,NaN,NaN,NaN,NaN,NaN,NaN,NaN,NaN,NaN,NaN,NaN,NaN,NaN,NaN,NaN,NaN,NaN,NaN,NaN,NaN,NaN,NaN,NaN,NaN,NaN,NaN,NaN,NaN,NaN,NaN,NaN,NaN,NaN,NaN,NaN,NaN,NaN,NaN,NaN,NaN,NaN,NaN,NaN,NaN,NaN,NaN,NaN,NaN,NaN,NaN,NaN,NaN,NaN,NaN,NaN,NaN,NaN,NaN,NaN,NaN,NaN,NaN,NaN,NaN,NaN,NaN,NaN,NaN,NaN,NaN,NaN,NaN,NaN,NaN,NaN,NaN,NaN,NaN,NaN,NaN,NaN,NaN,NaN,NaN,NaN,NaN,NaN,NaN,NaN,NaN,NaN,NaN,NaN,NaN,NaN,NaN,NaN,NaN,0.803184910279239,0.874022381871002,0.895500922687537,0.89764394240789,0.897656584144354,0.897668848928855,0.897684115683137,0.897726774485772,0.896957645592889,0.897006805356435,0.898057886149448,0.898137550999392,0.898174181669233,0.89820344407672,0.898252240356088,0.898310422422314,0.898424111316726,0.898527727455589,0.898618058397284,0.8986893936218,0.898737040117462,0.898779202132531,0.898831321006038,0.898876205731544,0.898884611270882,0.898907975934883,0.898944382975576,0.898959804360342,0.898871351670321,0.898784485897452,0.898691062385436,0.898580980350403,0.898515893592142,0.898509970102419,0.898578141719125,0.898640465474184,0.898718065824447,0.898835932158794,0.898892367003582,0.898973327823951,0.899083466857995,0.899185258788444,0.899294997642972,0.899405405205022,0.89951754627215,0.899637117408366,0.899775235771848,0.899916414975061,0.900062277220831,0.900233255116585,0.900421295212412,0.900477100784871,0.900426929501539,0.900518922393233,0.900578061185102,0.900364109820376,0.900335974548041,0.900541458300039,0.900588117364415,0.900548852937286,0.900604177691552,0.900710217655724,0.900714639872177,0.900879303575471,0.90108122212847,0.901191954449384,0.901263406823767,0.901395362800605,0.901237605921707,0.901240399743086,0.901383709191492,0.901574863434144,0.90166734980896,0.901704999337156,0.901733867703335,0.901752200597675,0.901836026175753,0.90190198157297,0.90198823043327,0.902067715757622,0.902141241714613,0.902207013898552,0.902198463630693,0.902185202646571,0.902195611964028,0.902213936119094,0.902217426990423,0.902212304545806,0.902211433087498,0.902217532770853,0.902224369207416,0.902227176544974,0.902227850614705,0.902228030331395,0.902227946448014,0.902227567622497,0.902226033779756,0.902221397123198,0.902211761642053,0.902204164766677,0.902008210956856,0.90132759184261
NaN,NaN,NaN,NaN,NaN,NaN,NaN,NaN,NaN,NaN,NaN,NaN,NaN,NaN,NaN,NaN,NaN,NaN,NaN,NaN,NaN,NaN,NaN,NaN,NaN,NaN,NaN,NaN,NaN,NaN,NaN,NaN,NaN,NaN,NaN,NaN,NaN,NaN,NaN,NaN,NaN,NaN,NaN,NaN,NaN,NaN,NaN,NaN,NaN,NaN,NaN,NaN,NaN,NaN,NaN,NaN,NaN,NaN,NaN,NaN,NaN,NaN,NaN,NaN,NaN,NaN,NaN,NaN,NaN,NaN,NaN,NaN,NaN,NaN,NaN,NaN,NaN,NaN,NaN,NaN,NaN,NaN,NaN,NaN,NaN,NaN,NaN,NaN,NaN,NaN,NaN,NaN,NaN,NaN,NaN,NaN,NaN,NaN,NaN,NaN,NaN,NaN,NaN,NaN,NaN,NaN,NaN,NaN,NaN,NaN,NaN,NaN,NaN,NaN,NaN,NaN,NaN,NaN,NaN,NaN,NaN,NaN,NaN,NaN,NaN,NaN,NaN,NaN,NaN,NaN,NaN,NaN,NaN,NaN,NaN,NaN,NaN,NaN,NaN,NaN,NaN,NaN,NaN,NaN,NaN,0.837692329171584,0.88615513443654,0.896299321559186,0.897391439944197,0.897602650987222,0.886455332360671,NaN,NaN,NaN,0.898211883466192,0.898199958406715,0.898210282040958,0.89823780147027,0.898305152202132,0.89845190024029,0.898605072320174,0.898692821671299,0.898739838496356,0.898777477481413,0.898814152843318,0.898876329779731,0.898920930654351,0.898944949635226,0.898989687961457,0.899003398674757,0.898988511194739,0.898917806793679,0.898800952196947,0.898679106521458,0.898541194005631,0.898451345355796,0.898442070054476,0.898497889096717,0.898546830281958,0.898628478471078,0.898713713305727,0.898795899178825,0.898892009417014,0.899000566749081,0.899120671575889,0.899258211515304,0.899391705941139,0.899516956495763,0.899638493623702,0.899767756787545,0.899912727750999,0.90006460953956,0.900242142953934,0.900487984863546,0.900640851432324,0.900659598754644,0.900718796160087,0.900821555559538,0.900768350227228,0.900489931371237,0.900539350752183,0.900708036719347,0.900693502143363,0.900696046869519,0.900839832556181,0.900878166726314,0.90089675899438,0.901081418105365,0.901277610660118,0.901301001148369,0.901390264531853,0.901355345465404,0.901317182696848,0.901464669172861,0.901613169301676,0.901730887666858,0.901748926516762,0.90177724095958,0.901851916457218,0.901958324088148,0.902034473940272,0.902121583393966,0.902210616647514,0.90227541085197,0.902322174016022,0.902328187484464,0.902317357045344,0.902322592132202,0.902335665537358,0.902335670722032,0.902329251513026,0.902330618404955,0.902337842162389,0.902343271389884,0.902345537806935,0.902345754484123,0.902344459661263,0.902342852243175,0.902340593288343,0.90233783124855,0.902331931635976,0.902320221578502,0.902311092940587,0.9021113754669,0.901427092479975
NaN,NaN,NaN,NaN,NaN,NaN,NaN,NaN,NaN,NaN,NaN,NaN,NaN,NaN,NaN,NaN,NaN,NaN,NaN,NaN,NaN,NaN,NaN,NaN,NaN,NaN,NaN,NaN,NaN,NaN,NaN,NaN,NaN,NaN,NaN,NaN,NaN,NaN,NaN,NaN,NaN,NaN,NaN,NaN,NaN,NaN,NaN,NaN,NaN,NaN,NaN,NaN,NaN,NaN,NaN,NaN,NaN,NaN,NaN,NaN,NaN,NaN,NaN,NaN,NaN,NaN,NaN,NaN,NaN,NaN,NaN,NaN,NaN,NaN,NaN,NaN,NaN,NaN,NaN,NaN,NaN,NaN,NaN,NaN,NaN,NaN,NaN,NaN,NaN,NaN,NaN,NaN,NaN,NaN,NaN,NaN,NaN,NaN,NaN,NaN,NaN,NaN,NaN,NaN,NaN,NaN,NaN,NaN,NaN,NaN,NaN,NaN,NaN,NaN,NaN,NaN,NaN,NaN,NaN,NaN,NaN,NaN,NaN,NaN,NaN,NaN,NaN,NaN,NaN,NaN,NaN,NaN,NaN,NaN,NaN,NaN,NaN,NaN,NaN,NaN,NaN,NaN,NaN,NaN,NaN,NaN,NaN,NaN,NaN,NaN,NaN,NaN,NaN,NaN,NaN,NaN,0.898247417871883,0.898202669848661,NaN,NaN,0.898690670287136,0.898747184642919,0.898779356544037,0.898819227886485,0.898863137977627,0.898931236156956,0.898974548358241,0.89901363579935,0.899047796730052,0.899060490455617,0.89901395609659,0.898962349071524,0.898811238342094,0.898668608002539,0.898516078625603,0.898389209798367,0.898395623099928,0.898431083964539,0.898447402157306,0.898500445704141,0.89858443301335,0.89867572514971,0.89877900328867,0.898891833288165,0.899036145154303,0.899187383813387,0.899344972094415,0.899489642432898,0.899620244656178,0.899743580204236,0.899873070676601,0.900012059414687,0.900169957170854,0.900388853473624,0.900607761289103,0.900690001298806,0.90076345429209,0.900880503312071,0.901024195700271,0.900873999867273,0.900679213372042,0.900773648681378,0.900881508216841,0.900878481063019,0.90087681174851,0.901035136782667,0.901139130987909,0.901235638789418,0.901371261883646,0.901397406599503,0.901361016113458,0.901357177010169,0.901384935009086,0.90156384286522,0.901705263783446,0.901803535409899,0.901695001340823,0.901786614465713,0.901979938574529,0.90212241238064,0.902169126969066,0.902254560289572,0.902343199497401,0.902410575037552,0.902445787292407,0.902447836324037,0.902444351898023,0.902446118859041,0.902457819903427,0.902457430313234,0.902452025917161,0.902455228713431,0.902461588063623,0.902464493195878,0.902466515537302,0.902466061379839,0.902463671248701,0.902460280144862,0.902455882307702,0.902451288103707,0.902443682149683,0.902430189690156,0.902419725050594,0.902216584966649,0.9015285974844
NaN,NaN,NaN,NaN,NaN,NaN,NaN,NaN,NaN,NaN,NaN,NaN,NaN,NaN,NaN,NaN,NaN,NaN,NaN,NaN,NaN,NaN,NaN,NaN,NaN,NaN,NaN,NaN,NaN,NaN,NaN,NaN,NaN,NaN,NaN,NaN,NaN,NaN,NaN,NaN,NaN,NaN,NaN,NaN,NaN,NaN,NaN,NaN,NaN,NaN,NaN,NaN,NaN,NaN,NaN,NaN,NaN,NaN,NaN,NaN,NaN,NaN,NaN,NaN,NaN,NaN,NaN,NaN,NaN,NaN,NaN,NaN,NaN,NaN,NaN,NaN,NaN,NaN,NaN,NaN,NaN,NaN,NaN,NaN,NaN,NaN,NaN,NaN,NaN,NaN,NaN,NaN,NaN,NaN,NaN,NaN,NaN,NaN,NaN,NaN,NaN,NaN,NaN,NaN,NaN,NaN,NaN,NaN,NaN,NaN,NaN,NaN,NaN,NaN,NaN,NaN,NaN,NaN,NaN,NaN,NaN,NaN,NaN,NaN,NaN,NaN,NaN,NaN,NaN,NaN,NaN,NaN,NaN,NaN,NaN,NaN,NaN,NaN,NaN,NaN,NaN,NaN,NaN,NaN,NaN,NaN,NaN,NaN,NaN,NaN,NaN,NaN,NaN,NaN,NaN,NaN,NaN,NaN,NaN,NaN,NaN,0.898773930643093,0.897507455748791,0.896621652251644,0.898929003383524,0.899002848906603,0.899055363524973,0.899083408754798,0.899095627357433,0.899091394642541,0.89909203929452,0.898998058522031,0.898842727922191,0.898668994949511,0.898498510448567,0.898386843131455,0.898417150604402,0.898383527837012,0.898374331080274,0.898416836796334,0.898447694399713,0.898538196966233,0.898632583920944,0.898766334864403,0.898927972178736,0.899089771491367,0.8992623559213,0.899429635147055,0.899574963006495,0.899700448424634,0.899817874221173,0.899930299704431,0.900051784129257,0.900214894388404,0.900422236680533,0.900551800192004,0.900644711134051,0.900783096574981,0.900924091493409,0.901030130350032,0.900950184396636,0.900955474276107,0.900958638530748,0.901016235339407,0.901042886397074,0.901144560014786,0.901317302182544,0.901436564713617,0.901553206237963,0.901603272271197,0.901466332073487,0.90124399639715,0.901363069166826,0.901703717949449,0.901853829635314,0.901797001617784,0.901623258102612,0.901830879897608,0.9021248695254,0.902271260534121,0.902319557602945,0.902392812554186,0.902458755562946,0.902554089871522,0.902566983024962,0.90256088051288,0.902571439874202,0.902570460562938,0.902580002008808,0.902580438024945,0.902577465734183,0.902581423990566,0.902586344091215,0.902587533259063,0.902589317013894,0.902588664823225,0.902585438888766,0.902580016422161,0.902572943784754,0.902565599859779,0.902556196847583,0.902540925533882,0.902529377879287,0.902324258982098,0.901632525613635
NaN,NaN,NaN,NaN,NaN,NaN,NaN,NaN,NaN,NaN,NaN,NaN,NaN,NaN,NaN,NaN,NaN,NaN,NaN,NaN,NaN,NaN,NaN,NaN,NaN,NaN,NaN,NaN,NaN,NaN,NaN,NaN,NaN,NaN,NaN,NaN,NaN,NaN,NaN,NaN,NaN,NaN,NaN,NaN,NaN,NaN,NaN,NaN,NaN,NaN,NaN,NaN,NaN,NaN,NaN,NaN,NaN,NaN,NaN,NaN,NaN,NaN,NaN,NaN,NaN,NaN,NaN,NaN,NaN,NaN,NaN,NaN,NaN,NaN,NaN,NaN,NaN,NaN,NaN,NaN,NaN,NaN,NaN,NaN,NaN,NaN,NaN,NaN,NaN,NaN,NaN,NaN,NaN,NaN,NaN,NaN,NaN,NaN,NaN,NaN,NaN,NaN,NaN,NaN,NaN,NaN,NaN,NaN,NaN,NaN,NaN,NaN,NaN,NaN,NaN,NaN,NaN,NaN,NaN,NaN,NaN,NaN,NaN,NaN,NaN,NaN,NaN,NaN,NaN,NaN,NaN,NaN,NaN,NaN,NaN,NaN,NaN,NaN,NaN,NaN,NaN,NaN,NaN,NaN,NaN,NaN,NaN,NaN,NaN,NaN,NaN,NaN,NaN,NaN,NaN,NaN,NaN,NaN,NaN,NaN,NaN,NaN,0.847718283440459,0.84096202753872,0.896713966198459,0.899065502605787,0.89910198818335,0.899114523752789,0.899127549985572,0.899137863759865,0.899127131053851,0.899033010275957,0.89888921074718,0.898743623607679,0.898509053849298,0.898359580733145,0.898329566285713,0.89827507363965,0.898341453388829,0.898345416409856,0.898354872615816,0.898409602821258,0.898492561505053,0.898636981392288,0.898803245173087,0.89897377864053,0.899153756663816,0.899343097583354,0.899511771332909,0.89964939695779,0.899761756188522,0.899854541513498,0.899930673238571,0.90001866054206,0.900239328602957,0.900402154889427,0.900476895164954,0.900613468209431,0.900702320527957,0.900819752269481,0.900932340362923,0.901008362493895,0.901126842110698,0.901075394978914,0.901135118466515,0.901264794568308,0.901436094917958,0.9015876470951,0.901720375617675,0.901818030274089,0.901724808463145,0.90136659270374,0.901298505420998,0.901695159401337,0.901919309854344,0.901792495770552,0.901623718845261,0.901915242278067,0.902212739563291,0.902380123741546,0.90247771666687,0.902536058651079,0.902594557271559,0.902660334026701,0.902685720076439,0.902694680886049,0.902703174086617,0.902691829366512,0.90269421054958,0.902700292472334,0.902702032926651,0.902707772126488,0.902712219450227,0.902713123180575,0.902714498139953,0.902713548747156,0.902709401300465,0.90270151550985,0.902691654371719,0.902681337546304,0.902670060414996,0.902653306952652,0.902640304706972,0.902433830701991,0.90173830333368
NaN,NaN,NaN,NaN,NaN,NaN,NaN,NaN,NaN,NaN,NaN,NaN,NaN,NaN,NaN,NaN,NaN,NaN,NaN,NaN,NaN,NaN,NaN,NaN,NaN,NaN,NaN,NaN,NaN,NaN,NaN,NaN,NaN,NaN,NaN,NaN,NaN,NaN,NaN,NaN,NaN,NaN,NaN,NaN,NaN,NaN,NaN,NaN,NaN,NaN,NaN,NaN,NaN,NaN,NaN,NaN,NaN,NaN,NaN,NaN,NaN,NaN,NaN,NaN,NaN,NaN,NaN,NaN,NaN,NaN,NaN,NaN,NaN,NaN,NaN,NaN,NaN,NaN,NaN,NaN,NaN,NaN,NaN,NaN,NaN,NaN,NaN,NaN,NaN,NaN,NaN,NaN,NaN,NaN,NaN,NaN,NaN,NaN,NaN,NaN,NaN,NaN,NaN,NaN,NaN,NaN,NaN,NaN,NaN,NaN,NaN,NaN,NaN,NaN,NaN,NaN,NaN,NaN,NaN,NaN,NaN,NaN,NaN,NaN,NaN,NaN,NaN,NaN,NaN,NaN,NaN,NaN,NaN,NaN,NaN,NaN,NaN,NaN,NaN,NaN,NaN,NaN,NaN,NaN,NaN,NaN,NaN,NaN,NaN,NaN,NaN,NaN,NaN,NaN,NaN,NaN,NaN,NaN,NaN,NaN,NaN,NaN,NaN,NaN,NaN,0.896897495790447,0.89914603544145,0.899157662594097,0.899173083733686,0.899173905273255,0.899150465734273,0.89907542975616,0.898965087989693,0.898836119944671,0.898500496917868,0.898283243126339,0.898207164433172,0.898205889996321,0.898185064503445,0.898173166736804,0.898275408251361,0.898326054445753,0.898412209109585,0.898539444076978,0.898671506865075,0.898838499730183,0.899034500506529,0.899245235289181,0.899439866944091,0.89959584540753,0.899714782345133,0.899815939223386,0.899920539566561,0.899964362787249,0.900118947481134,0.900272500401794,0.900288036482982,0.900413036495663,0.900472319851412,0.900483805892466,0.900698363471868,0.900845398894406,0.90106030295787,0.901162817566863,0.90126680102132,0.901368037694074,0.901536281391482,0.901708031918767,0.901852013329173,0.90196753577137,0.901949476070258,0.901673697551852,0.901451989001368,0.901703041667072,0.901937100304231,0.901734173285168,0.901585707708431,0.902000437346191,0.902309859557753,0.902496886189675,0.902603702963453,0.902652865480653,0.902709621286238,0.902780067044402,0.902818725103769,0.902816607221022,0.902815794719144,0.902808203867881,0.902812097946074,0.902821335694263,0.902829522516634,0.902837612247463,0.902841100681581,0.902841860494255,0.902842316681355,0.902840143127161,0.902834215480209,0.902824457063012,0.902812329138957,0.902799204457381,0.902785375658182,0.902766770667524,0.902752283928012,0.902544737457898,0.901845373009108
NaN,NaN,NaN,NaN,NaN,NaN,NaN,NaN,NaN,NaN,NaN,NaN,NaN,NaN,NaN,NaN,NaN,NaN,NaN,NaN,NaN,NaN,NaN,NaN,NaN,NaN,NaN,NaN,NaN,NaN,NaN,NaN,NaN,NaN,NaN,NaN,NaN,NaN,NaN,NaN,NaN,NaN,NaN,NaN,NaN,NaN,NaN,NaN,NaN,NaN,NaN,NaN,NaN,NaN,NaN,NaN,NaN,NaN,NaN,NaN,NaN,NaN,NaN,NaN,NaN,NaN,NaN,NaN,NaN,NaN,NaN,NaN,NaN,NaN,NaN,NaN,NaN,NaN,NaN,NaN,NaN,NaN,NaN,NaN,NaN,NaN,NaN,NaN,NaN,NaN,NaN,NaN,NaN,NaN,NaN,NaN,NaN,NaN,NaN,NaN,NaN,NaN,NaN,NaN,NaN,NaN,NaN,NaN,NaN,NaN,NaN,NaN,NaN,NaN,NaN,NaN,NaN,NaN,NaN,NaN,NaN,NaN,NaN,NaN,NaN,NaN,NaN,NaN,NaN,NaN,NaN,NaN,NaN,NaN,NaN,NaN,NaN,NaN,NaN,NaN,NaN,NaN,NaN,NaN,NaN,NaN,NaN,NaN,NaN,NaN,NaN,NaN,NaN,NaN,NaN,NaN,NaN,NaN,NaN,NaN,NaN,NaN,NaN,NaN,NaN,NaN,0.894582238880917,0.899201629406558,0.899206587437246,0.899201709232936,0.899169136993473,0.899110550022473,0.89905443073298,0.898773311924276,0.898369042613483,0.898176430545746,0.898055151043711,0.898036675705912,0.898003748718861,0.89802292567701,0.898126550744263,0.898232850758236,0.898363536532758,0.89846089255643,0.898529098046576,0.898673452541243,0.898888809887659,0.899141010573614,0.899359292606069,0.899522248481252,0.899639754957021,0.899733357293702,0.899861105151195,0.899953304990827,0.900055892632898,0.900244068350741,0.900303021485565,0.900202221914969,0.900289870108239,0.900227226537096,0.900290205815157,0.900609683782519,0.900874077891147,0.901120850503608,0.901352211923223,0.901484527931051,0.901634797588422,0.901836943069522,0.901956409685051,0.902044515961652,0.902072748102184,0.901905483056119,0.901760198870498,0.90188594168832,0.901937606681409,0.901735584514487,0.901728571473021,0.902081811225368,0.902365001563484,0.9025696277814,0.902678627674018,0.902747586272397,0.902816882613606,0.902914752817426,0.902945871784515,0.902920434227904,0.902918483040101,0.902915050619016,0.902934707982297,0.902949908985586,0.902959594314343,0.90296922787571,0.902971649251277,0.902971675793881,0.902971252626469,0.902967870970542,0.902960320780585,0.902948495778992,0.902934387065796,0.902918646511119,0.902901979268527,0.902880849352466,0.902864568505081,0.90265615198243,0.901952910980261
NaN,NaN,NaN,NaN,NaN,NaN,NaN,NaN,NaN,NaN,NaN,NaN,NaN,NaN,NaN,NaN,NaN,NaN,NaN,NaN,NaN,NaN,NaN,NaN,NaN,NaN,NaN,NaN,NaN,NaN,NaN,NaN,NaN,NaN,NaN,NaN,NaN,NaN,NaN,NaN,NaN,NaN,NaN,NaN,NaN,NaN,NaN,NaN,NaN,NaN,NaN,NaN,NaN,NaN,NaN,NaN,NaN,NaN,NaN,NaN,NaN,NaN,NaN,NaN,NaN,NaN,NaN,NaN,NaN,NaN,NaN,NaN,NaN,NaN,NaN,NaN,NaN,NaN,NaN,NaN,NaN,NaN,NaN,NaN,NaN,NaN,NaN,NaN,NaN,NaN,NaN,NaN,NaN,NaN,NaN,NaN,NaN,NaN,NaN,NaN,NaN,NaN,NaN,NaN,NaN,NaN,NaN,NaN,NaN,NaN,NaN,NaN,NaN,NaN,NaN,NaN,NaN,NaN,NaN,NaN,NaN,NaN,NaN,NaN,NaN,NaN,NaN,NaN,NaN,NaN,NaN,NaN,NaN,NaN,NaN,NaN,NaN,NaN,NaN,NaN,NaN,NaN,NaN,NaN,NaN,NaN,NaN,NaN,NaN,NaN,NaN,NaN,NaN,NaN,NaN,NaN,NaN,NaN,NaN,NaN,NaN,NaN,NaN,NaN,NaN,NaN,NaN,0.894620206318025,0.899231271363389,0.899216302325327,0.899180162126221,0.899123002557738,0.898927959707034,0.898501822423406,0.89818309251937,0.897958921761083,0.897749101619265,0.897688213185768,0.897702843336409,0.897820123228952,0.897979946444125,0.898095725702064,0.898264830719296,0.898327832708639,0.898396760427222,0.89857281226253,0.898832654795022,0.899066598382993,0.89926591652484,0.899424740866733,0.899535601060906,0.899600491719418,0.899659456223503,0.89978875242178,0.899854683762543,0.90008865536249,0.900318572416363,0.900321114776387,0.90018539240993,0.900062449551786,0.900079698706675,0.900319673329396,0.90066017186732,0.900918734099154,0.901216041673226,0.901517614883064,0.90182035773913,0.902006189984311,0.902052529817953,0.902097865607343,0.90217194539614,0.902080402154379,0.901953887486117,0.902056989543251,0.902037501905214,0.901825466718216,0.901951751977081,0.902191117264135,0.902411393918518,0.90259467036294,0.902726125274254,0.902826819017354,0.902908738890659,0.903037425820732,0.903048328205389,0.903021724001456,0.903017087480465,0.903033110514089,0.903047603710305,0.903076671964276,0.903097079069176,0.903103942920991,0.903103351490246,0.903102090399203,0.903100694105985,0.903096521988694,0.903087283671325,0.903072858634077,0.903056588499167,0.903038759586995,0.903018967450868,0.902995558270603,0.902977585225093,0.902769020964408,0.902061860630625
NaN,NaN,NaN,NaN,NaN,NaN,NaN,NaN,NaN,NaN,NaN,NaN,NaN,NaN,NaN,NaN,NaN,NaN,NaN,NaN,NaN,NaN,NaN,NaN,NaN,NaN,NaN,NaN,NaN,NaN,NaN,NaN,NaN,NaN,NaN,NaN,NaN,NaN,NaN,NaN,NaN,NaN,NaN,NaN,NaN,NaN,NaN,NaN,NaN,NaN,NaN,NaN,NaN,NaN,NaN,NaN,NaN,NaN,NaN,NaN,NaN,NaN,NaN,NaN,NaN,NaN,NaN,NaN,NaN,NaN,NaN,NaN,NaN,NaN,NaN,NaN,NaN,NaN,NaN,NaN,NaN,NaN,NaN,NaN,NaN,NaN,NaN,NaN,NaN,NaN,NaN,NaN,NaN,NaN,NaN,NaN,NaN,NaN,NaN,NaN,NaN,NaN,NaN,NaN,NaN,NaN,NaN,NaN,NaN,NaN,NaN,NaN,NaN,NaN,NaN,NaN,NaN,NaN,NaN,NaN,NaN,NaN,NaN,NaN,NaN,NaN,NaN,NaN,NaN,NaN,NaN,NaN,NaN,NaN,NaN,NaN,NaN,NaN,NaN,NaN,NaN,NaN,NaN,NaN,NaN,NaN,NaN,NaN,NaN,NaN,NaN,NaN,NaN,NaN,NaN,NaN,NaN,NaN,NaN,NaN,NaN,NaN,NaN,NaN,NaN,NaN,NaN,NaN,0.894642274118129,0.89914623530703,0.899108397184731,0.89872429066422,0.898392126621674,0.897993082077909,0.897736216659616,0.897486819062725,0.897449819500973,0.897514625360424,0.897544992334659,0.897715925030147,0.89775571631364,0.897832721164441,0.898007255794284,0.89811368164243,0.898276903508024,0.898558052318349,0.898797587753363,0.898948185866469,0.899131076386358,0.899316200823055,0.899448823869884,0.899532083923866,0.899546686770197,0.899582158552103,0.899686600044151,0.899808871402186,0.900106502958374,0.900304174451964,0.900260597520768,0.900057949338914,0.900018278448557,0.900115504978522,0.900302556397922,0.900578312694131,0.900984046822676,0.901576692033979,0.901977071442499,0.902106502434802,0.902144572153873,0.90220410128172,0.90223981195215,0.902194788931178,0.902129711829516,0.902211342366339,0.902121802796662,0.901946043502457,0.902166805668087,0.902326340393217,0.902448270884484,0.902613942508526,0.902768337235829,0.902893972549058,0.902998459543526,0.903119142854903,0.90317221883778,0.903121580603704,0.903106150243386,0.903136571543801,0.903173243975579,0.90321712342714,0.903237562816288,0.903238223131767,0.903236371684622,0.903233919648287,0.903230905851573,0.903225196054684,0.903213796095368,0.903197172893173,0.903178600957989,0.903158543533243,0.903136393006272,0.903110296125151,0.903090919809567,0.902883375973326,0.902172254114291
NaN,NaN,NaN,NaN,NaN,NaN,NaN,NaN,NaN,NaN,NaN,NaN,NaN,NaN,NaN,NaN,NaN,NaN,NaN,NaN,NaN,NaN,NaN,NaN,NaN,NaN,NaN,NaN,NaN,NaN,NaN,NaN,NaN,NaN,NaN,NaN,NaN,NaN,NaN,NaN,NaN,NaN,NaN,NaN,NaN,NaN,NaN,NaN,NaN,NaN,NaN,NaN,NaN,NaN,NaN,NaN,NaN,NaN,NaN,NaN,NaN,NaN,NaN,NaN,NaN,NaN,NaN,NaN,NaN,NaN,NaN,NaN,NaN,NaN,NaN,NaN,NaN,NaN,NaN,NaN,NaN,NaN,NaN,NaN,NaN,NaN,NaN,NaN,NaN,NaN,NaN,NaN,NaN,NaN,NaN,NaN,NaN,NaN,NaN,NaN,NaN,NaN,NaN,NaN,NaN,NaN,NaN,NaN,NaN,NaN,NaN,NaN,NaN,NaN,NaN,NaN,NaN,NaN,NaN,NaN,NaN,NaN,NaN,NaN,NaN,NaN,NaN,NaN,NaN,NaN,NaN,NaN,NaN,NaN,NaN,NaN,NaN,NaN,NaN,NaN,NaN,NaN,NaN,NaN,NaN,NaN,NaN,NaN,NaN,NaN,NaN,NaN,NaN,NaN,NaN,NaN,NaN,NaN,NaN,NaN,NaN,NaN,NaN,NaN,NaN,NaN,NaN,NaN,NaN,NaN,NaN,NaN,0.897839152051942,0.897280080120481,0.897017799188737,0.896935585269276,0.897104470486172,0.89724122739577,0.897342549200679,0.897411539128861,0.897393320756481,0.897564363129867,0.897741830685146,0.897850743252209,0.898083809383155,0.898385878212548,0.898573199379483,0.898777880120899,0.898983421340203,0.899182669486483,0.89934645590896,0.899468604377645,0.899575387501434,0.899596911440649,0.899734301029362,0.899748327976529,0.900044441871196,0.900239231142136,0.900239059979757,0.900066312413807,0.899864549948355,0.899875149291712,0.899964333341553,0.900161115305181,0.900750792574325,0.901590811389102,0.902058757035015,0.902211550885806,0.902232887665825,0.902262859549914,0.90231417341849,0.902268379668428,0.902232122186527,0.902306041063696,0.902179839711092,0.902224388772112,0.902338654003765,0.90241832140424,0.902503552591682,0.902631966974077,0.902795991660442,0.902939691875275,0.903060093603671,0.903181032453546,0.903263467546399,0.9032494854088,0.903217418023881,0.903249833759103,0.903298667695929,0.903354294425172,0.903375438916397,0.903375643076946,0.903372118870102,0.903366837071055,0.903360934926299,0.903352209742291,0.90333893164466,0.903320904402555,0.903300198409652,0.903277689779551,0.903253567323768,0.90322494609207,0.903204197439891,0.902999141688338,0.902284005897705
NaN,NaN,NaN,NaN,NaN,NaN,NaN,NaN,NaN,NaN,NaN,NaN,NaN,NaN,NaN,NaN,NaN,NaN,NaN,NaN,NaN,NaN,NaN,NaN,NaN,NaN,NaN,NaN,NaN,NaN,NaN,NaN,NaN,NaN,NaN,NaN,NaN,NaN,NaN,NaN,NaN,NaN,NaN,NaN,NaN,NaN,NaN,NaN,NaN,NaN,NaN,NaN,NaN,NaN,NaN,NaN,NaN,NaN,NaN,NaN,NaN,NaN,NaN,NaN,NaN,NaN,NaN,NaN,NaN,NaN,NaN,NaN,NaN,NaN,NaN,NaN,NaN,NaN,NaN,NaN,NaN,NaN,NaN,NaN,NaN,NaN,NaN,NaN,NaN,NaN,NaN,NaN,NaN,NaN,NaN,NaN,NaN,NaN,NaN,NaN,NaN,NaN,NaN,NaN,NaN,NaN,NaN,NaN,NaN,NaN,NaN,NaN,NaN,NaN,NaN,NaN,NaN,NaN,NaN,NaN,NaN,NaN,NaN,NaN,NaN,NaN,NaN,NaN,NaN,NaN,NaN,NaN,NaN,NaN,NaN,NaN,NaN,NaN,NaN,NaN,NaN,NaN,NaN,NaN,NaN,NaN,NaN,NaN,NaN,NaN,NaN,NaN,NaN,NaN,NaN,NaN,NaN,NaN,NaN,NaN,NaN,NaN,NaN,NaN,NaN,NaN,NaN,NaN,NaN,NaN,NaN,NaN,NaN,0.896538573657774,0.896405979342565,0.89641528453179,0.896528943357399,0.896591839121559,0.896762036144121,0.896891827618295,0.897050984112293,0.897335516540688,0.897413126124238,0.897531858486741,0.897912522014967,0.898089223555371,0.898278675835822,0.89854524963512,0.898764651022538,0.898978053302843,0.899172230829581,0.899336051440245,0.899480158857385,0.89958164889298,0.89973288779911,0.899759937537023,0.899909544260091,0.900125154628325,0.900081806132952,0.899966557475708,0.89990448800699,0.899815386131316,0.899702698471207,0.899739673179909,0.900575400158149,0.901506360054433,0.902010867017566,0.902245739652647,0.902311979721986,0.902274047919243,0.902341416878348,0.902332825190913,0.902310169856425,0.902360071460955,0.902333332807224,0.902373172787463,0.902444171659125,0.902547052900191,0.902614263573895,0.902621089244391,0.902789650992197,0.902954281208927,0.903090559310599,0.903232352238316,0.903332299840516,0.903350484206282,0.903330289986705,0.903373415340419,0.903442043389909,0.903500531230492,0.903517023613066,0.903513707126245,0.903508858476236,0.903500135613747,0.903489056202856,0.903476484029209,0.903461837721226,0.903443332109895,0.903421474996599,0.903396219388789,0.903369638903923,0.903339436377752,0.903317591496003,0.903115323953926,0.902396127123275
NaN,NaN,NaN,NaN,NaN,NaN,NaN,NaN,NaN,NaN,NaN,NaN,NaN,NaN,NaN,NaN,NaN,NaN,NaN,NaN,NaN,NaN,NaN,NaN,NaN,NaN,NaN,NaN,NaN,NaN,NaN,NaN,NaN,NaN,NaN,NaN,NaN,NaN,NaN,NaN,NaN,NaN,NaN,NaN,NaN,NaN,NaN,NaN,NaN,NaN,NaN,NaN,NaN,NaN,NaN,NaN,NaN,NaN,NaN,NaN,NaN,NaN,NaN,NaN,NaN,NaN,NaN,NaN,NaN,NaN,NaN,NaN,NaN,NaN,NaN,NaN,NaN,NaN,NaN,NaN,NaN,NaN,NaN,NaN,NaN,NaN,NaN,NaN,NaN,NaN,NaN,NaN,NaN,NaN,NaN,NaN,NaN,NaN,NaN,NaN,NaN,NaN,NaN,NaN,NaN,NaN,NaN,NaN,NaN,NaN,NaN,NaN,NaN,NaN,NaN,NaN,NaN,NaN,NaN,NaN,NaN,NaN,NaN,NaN,NaN,NaN,NaN,NaN,NaN,NaN,NaN,NaN,NaN,NaN,NaN,NaN,NaN,NaN,NaN,NaN,NaN,NaN,NaN,NaN,NaN,NaN,NaN,NaN,NaN,NaN,NaN,NaN,NaN,NaN,NaN,NaN,NaN,NaN,NaN,NaN,NaN,NaN,NaN,NaN,NaN,NaN,NaN,NaN,NaN,NaN,NaN,NaN,NaN,0.8960230196362,0.895947752148275,0.895961897908564,0.896001082962887,0.896091313129493,0.896318043123307,0.896397685550317,0.896604913928601,0.896816770969355,0.896931809773329,0.897189454107998,0.897512188117696,0.897680876944962,0.898017168880177,0.898262350775892,0.898460378612045,0.898699716293218,0.898929698310531,0.899122097906606,0.899278747956731,0.89939073141235,0.899548927642704,0.89964590168876,0.899695654544496,0.899840464208482,0.899815663184386,0.899653277982306,0.899632151328078,0.899657680553168,0.899575340119077,0.899663647298967,0.900445513956717,0.901231793966314,0.901711057094893,0.90204280234554,0.902266560170979,0.902327738606925,0.902318240874635,0.902380949708336,0.902430048604953,0.902449276916578,0.902447601854041,0.902457988261937,0.90250062943084,0.902587745297969,0.902684893337707,0.902709371469873,0.902769315780836,0.902895049170922,0.903073815957517,0.903246844195991,0.903393356926787,0.903435457448996,0.903451485608804,0.90354247539717,0.903612976376032,0.903651694824474,0.903656125458085,0.903649853147943,0.903643496313173,0.903630550813533,0.903615094263063,0.903600251395709,0.90358419387429,0.903564202881345,0.903540605924744,0.903513379438136,0.903485310519607,0.903453744601456,0.903430463217415,0.903231502588997,0.902508199241131
NaN,NaN,NaN,NaN,NaN,NaN,NaN,NaN,NaN,NaN,NaN,NaN,NaN,NaN,NaN,NaN,NaN,NaN,NaN,NaN,NaN,NaN,NaN,NaN,NaN,NaN,NaN,NaN,NaN,NaN,NaN,NaN,NaN,NaN,NaN,NaN,NaN,NaN,NaN,NaN,NaN,NaN,NaN,NaN,NaN,NaN,NaN,NaN,NaN,NaN,NaN,NaN,NaN,NaN,NaN,NaN,NaN,NaN,NaN,NaN,NaN,NaN,NaN,NaN,NaN,NaN,NaN,NaN,NaN,NaN,NaN,NaN,NaN,NaN,NaN,NaN,NaN,NaN,NaN,NaN,NaN,NaN,NaN,NaN,NaN,NaN,NaN,NaN,NaN,NaN,NaN,NaN,NaN,NaN,NaN,NaN,NaN,NaN,NaN,NaN,NaN,NaN,NaN,NaN,NaN,NaN,NaN,NaN,NaN,NaN,NaN,NaN,NaN,NaN,NaN,NaN,NaN,NaN,NaN,NaN,NaN,NaN,NaN,NaN,NaN,NaN,NaN,NaN,NaN,NaN,NaN,NaN,NaN,NaN,NaN,NaN,NaN,NaN,NaN,NaN,NaN,NaN,NaN,NaN,NaN,NaN,NaN,NaN,NaN,NaN,NaN,NaN,NaN,NaN,NaN,NaN,NaN,NaN,NaN,NaN,NaN,NaN,NaN,NaN,NaN,NaN,NaN,NaN,NaN,NaN,NaN,NaN,NaN,0.895483767666671,0.895465369627478,0.895501340318098,0.895580401935723,0.895737054505993,0.89588071096371,0.895973638183168,0.896198675119161,0.896376841933861,0.896524474286724,0.89684380300449,0.897069746970909,0.897415041852788,0.897774646195387,0.897892828975057,0.898096060184516,0.898349011996067,0.898609718893235,0.898808411564788,0.898959550807928,0.899092156698153,0.899231688168459,0.899384095518797,0.899392015131866,0.899515463666101,0.899534766653643,0.899370945996318,0.899323028008509,0.899385175829143,0.899318939233484,0.899537781241298,0.900383961706976,0.901018391362309,0.901390314949328,0.901693385160721,0.90202198851533,0.902235389089229,0.902330030473082,0.902422648562038,0.902482022965094,0.9025352505775,0.902557125639815,0.902554403220176,0.902580852591995,0.902646986381314,0.902728066723465,0.90272776011991,0.902743611163614,0.902800424478855,0.902973634937428,0.903168011869633,0.903391646901516,0.903515626621113,0.903642692561771,0.903739023919399,0.903787020766426,0.903803039953748,0.903798242483527,0.903786606505756,0.903775716650293,0.903759953723178,0.903741237181819,0.903722913973585,0.90370392797479,0.903681772752366,0.903656337380407,0.90362881046584,0.903599840145698,0.903567025394891,0.903542636552144,0.903347495502834,0.902620027223858
NaN,NaN,NaN,NaN,NaN,NaN,NaN,NaN,NaN,NaN,NaN,NaN,NaN,NaN,NaN,NaN,NaN,NaN,NaN,NaN,NaN,NaN,NaN,NaN,NaN,NaN,NaN,NaN,NaN,NaN,NaN,NaN,NaN,NaN,NaN,NaN,NaN,NaN,NaN,NaN,NaN,NaN,NaN,NaN,NaN,NaN,NaN,NaN,NaN,NaN,NaN,NaN,NaN,NaN,NaN,NaN,NaN,NaN,NaN,NaN,NaN,NaN,NaN,NaN,NaN,NaN,NaN,NaN,NaN,NaN,NaN,NaN,NaN,NaN,NaN,NaN,NaN,NaN,NaN,NaN,NaN,NaN,NaN,NaN,NaN,NaN,NaN,NaN,NaN,NaN,NaN,NaN,NaN,NaN,NaN,NaN,NaN,NaN,NaN,NaN,NaN,NaN,NaN,NaN,NaN,NaN,NaN,NaN,NaN,NaN,NaN,NaN,NaN,NaN,NaN,NaN,NaN,NaN,NaN,NaN,NaN,NaN,NaN,NaN,NaN,NaN,NaN,NaN,NaN,NaN,NaN,NaN,NaN,NaN,NaN,NaN,NaN,NaN,NaN,NaN,NaN,NaN,NaN,NaN,NaN,NaN,NaN,NaN,NaN,NaN,NaN,NaN,NaN,NaN,NaN,NaN,NaN,NaN,NaN,NaN,NaN,NaN,NaN,NaN,NaN,NaN,NaN,NaN,NaN,NaN,NaN,NaN,NaN,0.8949838126978,0.895010748106758,0.895117038740521,0.895253345550418,0.895437475845797,0.895539905184636,0.895684336849295,0.895916804662807,0.89609714316585,0.89626252048019,0.896530775051919,0.896766748082613,0.897115907476301,0.897298591159846,0.897429302073393,0.89767296357498,0.897927392066509,0.89819703787948,0.898397255818558,0.898516719787126,0.898664163701928,0.898791382099996,0.89900228015064,0.89912089678489,0.899136193713907,0.899205439533336,0.899109391035131,0.899084313939326,0.899008027312776,0.898761729080065,0.899145970866684,0.900008404814983,0.900704128401553,0.90115647084769,0.901452197777376,0.901785769493952,0.902118870090042,0.902318018747895,0.902486108193502,0.902574254018713,0.902607134533279,0.902627397817018,0.902643378413103,0.902675110840065,0.902710068689358,0.902756603741148,0.902774669457507,0.90275965924232,0.902730688906591,0.902818987486165,0.90303915446408,0.903413191580771,0.903711886016557,0.903872928953723,0.903951607996495,0.903973879107647,0.903968470556865,0.903949556034422,0.903929041447492,0.903910619152622,0.903889013900479,0.903865642645093,0.903843279850609,0.903820260187185,0.903795863275857,0.903769587379622,0.903741871778998,0.90371218232444,0.903678737364112,0.903653926834875,0.903463413466465,0.902731723032986
NaN,NaN,NaN,NaN,NaN,NaN,NaN,NaN,NaN,NaN,NaN,NaN,NaN,NaN,NaN,NaN,NaN,NaN,NaN,NaN,NaN,NaN,NaN,NaN,NaN,NaN,NaN,NaN,NaN,NaN,NaN,NaN,NaN,NaN,NaN,NaN,NaN,NaN,NaN,NaN,NaN,NaN,NaN,NaN,NaN,NaN,NaN,NaN,NaN,NaN,NaN,NaN,NaN,NaN,NaN,NaN,NaN,NaN,NaN,NaN,NaN,NaN,NaN,NaN,NaN,NaN,NaN,NaN,NaN,NaN,NaN,NaN,NaN,NaN,NaN,NaN,NaN,NaN,NaN,NaN,NaN,NaN,NaN,NaN,NaN,NaN,NaN,NaN,NaN,NaN,NaN,NaN,NaN,NaN,NaN,NaN,NaN,NaN,NaN,NaN,NaN,NaN,NaN,NaN,NaN,NaN,NaN,NaN,NaN,NaN,NaN,NaN,NaN,NaN,NaN,NaN,NaN,NaN,NaN,NaN,NaN,NaN,NaN,NaN,NaN,NaN,NaN,NaN,NaN,NaN,NaN,NaN,NaN,NaN,NaN,NaN,NaN,NaN,NaN,NaN,NaN,NaN,NaN,NaN,NaN,NaN,NaN,NaN,NaN,NaN,NaN,NaN,NaN,NaN,NaN,NaN,NaN,NaN,NaN,NaN,NaN,NaN,NaN,NaN,NaN,NaN,NaN,NaN,NaN,NaN,NaN,NaN,0.89468623257378,0.894770649331716,0.894846523230815,0.894962956142272,0.895095961976162,0.895222215088198,0.895264425751664,0.895387704637602,0.895638695304211,0.895790663969765,0.895962790512021,0.896154288493102,0.89640768073168,0.896667997852994,0.896773261465502,0.896962944252026,0.897197457300861,0.897459697028171,0.897691948232095,0.897873348093093,0.897965276345368,0.89810258845878,0.898214340873042,0.898338825351451,0.898709486085072,0.898832876047812,0.898828933313049,0.898788285874296,0.898790200342087,0.898687563991982,0.8984101240681,0.898672809406985,0.899520113214091,0.900186939663756,0.900703675749426,0.901121603034469,0.90158019299073,0.902044477899707,0.902358620306906,0.902572559180833,0.902633866516658,0.902619900425949,0.902638001091738,0.90268078877147,0.902714521360068,0.902750770913916,0.902852641220182,0.902864369653815,0.90282577793457,0.902773975324125,0.902780092351059,0.902961364898065,0.903649707171215,0.904039394997625,0.90415079446294,0.904177345969409,0.904166731896399,0.904139532017604,0.904102801767685,0.904071897280391,0.904044043106632,0.904015812788867,0.903988018629491,0.903960537955216,0.903934234724266,0.903907807530697,0.903880091774506,0.903851355303936,0.903821595573444,0.903787980792461,0.903763397316213,0.903577835813553,0.902841854366453
NaN,NaN,NaN,NaN,NaN,NaN,NaN,NaN,NaN,NaN,NaN,NaN,NaN,NaN,NaN,NaN,NaN,NaN,NaN,NaN,NaN,NaN,NaN,NaN,NaN,NaN,NaN,NaN,NaN,NaN,NaN,NaN,NaN,NaN,NaN,NaN,NaN,NaN,NaN,NaN,NaN,NaN,NaN,NaN,NaN,NaN,NaN,NaN,NaN,NaN,NaN,NaN,NaN,NaN,NaN,NaN,NaN,NaN,NaN,NaN,NaN,NaN,NaN,NaN,NaN,NaN,NaN,NaN,NaN,NaN,NaN,NaN,NaN,NaN,NaN,NaN,NaN,NaN,NaN,NaN,NaN,NaN,NaN,NaN,NaN,NaN,NaN,NaN,NaN,NaN,NaN,NaN,NaN,NaN,NaN,NaN,NaN,NaN,NaN,NaN,NaN,NaN,NaN,NaN,NaN,NaN,NaN,NaN,NaN,NaN,NaN,NaN,NaN,NaN,NaN,NaN,NaN,NaN,NaN,NaN,NaN,NaN,NaN,NaN,NaN,NaN,NaN,NaN,NaN,NaN,NaN,NaN,NaN,NaN,NaN,NaN,NaN,NaN,NaN,NaN,NaN,NaN,NaN,NaN,NaN,NaN,NaN,NaN,NaN,NaN,NaN,NaN,NaN,NaN,NaN,NaN,NaN,NaN,NaN,NaN,NaN,NaN,NaN,NaN,NaN,NaN,NaN,NaN,NaN,NaN,NaN,NaN,0.894724625018738,0.894772314942105,0.894836428550061,0.894905258560303,0.894976978770873,0.894997693055453,0.895026572817699,0.895110909600437,0.895255176324236,0.895425105802894,0.895586519048559,0.8957314111796,0.895975846655137,0.896157635382198,0.896236457177665,0.896405515039326,0.89666478690133,0.896891308896122,0.8970345826364,0.897178518408371,0.897306657667084,0.897373035923945,0.897473547956628,0.897501028701956,0.897750697641507,0.898264539703159,0.898360935609217,0.898373441686281,0.898450805246034,0.898413647174694,0.898304006068731,0.898443896380807,0.899074658528158,0.899672119555229,0.900167193857469,0.900643020899106,0.901287261146392,0.902077675480945,0.902453249824112,0.902621331804238,0.902681302476712,0.902659504354408,0.902665838806747,0.902714075865684,0.90272765337825,0.902690871965046,NaN,NaN,NaN,NaN,NaN,NaN,0.90424478591886,0.904418156584608,0.904428894574219,0.904397116104522,0.904357149692363,0.904302561763231,0.904249521537428,0.904208613863942,0.904174163164393,0.904139491922423,0.904105822436235,0.904073527967262,0.904044325964712,0.904015417136138,0.903986270826194,0.903956721203219,0.903926732757312,0.903893851061667,0.903870084334345,0.903690545693757,0.90295021252925
NaN,NaN,NaN,NaN,NaN,NaN,NaN,NaN,NaN,NaN,NaN,NaN,NaN,NaN,NaN,NaN,NaN,NaN,NaN,NaN,NaN,NaN,NaN,NaN,NaN,NaN,NaN,NaN,NaN,NaN,NaN,NaN,NaN,NaN,NaN,NaN,NaN,NaN,NaN,NaN,NaN,NaN,NaN,NaN,NaN,NaN,NaN,NaN,NaN,NaN,NaN,NaN,NaN,NaN,NaN,NaN,NaN,NaN,NaN,NaN,NaN,NaN,NaN,NaN,NaN,NaN,NaN,NaN,NaN,NaN,NaN,NaN,NaN,NaN,NaN,NaN,NaN,NaN,NaN,NaN,NaN,NaN,NaN,NaN,NaN,NaN,NaN,NaN,NaN,NaN,NaN,NaN,NaN,NaN,NaN,NaN,NaN,NaN,NaN,NaN,NaN,NaN,NaN,NaN,NaN,NaN,NaN,NaN,NaN,NaN,NaN,NaN,NaN,NaN,NaN,NaN,NaN,NaN,NaN,NaN,NaN,NaN,NaN,NaN,NaN,NaN,NaN,NaN,NaN,NaN,NaN,NaN,NaN,NaN,NaN,NaN,NaN,NaN,NaN,NaN,NaN,NaN,NaN,NaN,NaN,NaN,NaN,NaN,NaN,NaN,NaN,NaN,NaN,NaN,NaN,NaN,NaN,NaN,NaN,NaN,NaN,NaN,NaN,NaN,NaN,NaN,NaN,NaN,NaN,NaN,NaN,NaN,0.894788401549593,0.89482088123135,0.894830304901354,0.894830620543867,0.8948466244571,0.894852127324953,0.894869315370488,0.894889401063865,0.894908144386785,0.895071451634255,0.895216410389914,0.89532044500337,0.895496184237279,0.895567255095998,0.895585862504013,0.895730953520764,0.895983412357503,0.896142833044956,0.896199231880431,0.896378698665559,0.896529715567379,0.896556066501119,0.896493246508874,0.896278419423822,0.896066237367204,0.896561587005315,0.897502496330489,0.897808802892628,0.897965656880384,0.897975713603601,0.897964801181383,0.898188335450795,0.898661624441823,0.899181588962224,0.899658300737723,0.900209085058538,0.899985262691565,0.902038314512323,0.902524946243743,0.902676994836932,0.902730112015457,0.902717276874181,0.902696097919039,0.902385243658504,0.902662881739396,NaN,NaN,NaN,NaN,NaN,NaN,NaN,0.904600776430891,0.904616349512053,0.904598313232838,0.904560512487189,0.904496006195722,0.904436969007844,0.904383171187055,0.904335163593323,0.904292460964104,0.904252902296431,0.904216263727309,0.904180870232354,0.904148223187825,0.904118176298206,0.904088240142327,0.904057881273476,0.904027016129502,0.903994948835725,0.903972647978001,0.903800338619998,0.903055613801767
NaN,NaN,NaN,NaN,NaN,NaN,NaN,NaN,NaN,NaN,NaN,NaN,NaN,NaN,NaN,NaN,NaN,NaN,NaN,NaN,NaN,NaN,NaN,NaN,NaN,NaN,NaN,NaN,NaN,NaN,NaN,NaN,NaN,NaN,NaN,NaN,NaN,NaN,NaN,NaN,NaN,NaN,NaN,NaN,NaN,NaN,NaN,NaN,NaN,NaN,NaN,NaN,NaN,NaN,NaN,NaN,NaN,NaN,NaN,NaN,NaN,NaN,NaN,NaN,NaN,NaN,NaN,NaN,NaN,NaN,NaN,NaN,NaN,NaN,NaN,NaN,NaN,NaN,NaN,NaN,NaN,NaN,NaN,NaN,NaN,NaN,NaN,NaN,NaN,NaN,NaN,NaN,NaN,NaN,NaN,NaN,NaN,NaN,NaN,NaN,NaN,NaN,NaN,NaN,NaN,NaN,NaN,NaN,NaN,NaN,NaN,NaN,NaN,NaN,NaN,NaN,NaN,NaN,NaN,NaN,NaN,NaN,NaN,NaN,NaN,NaN,NaN,NaN,NaN,NaN,NaN,NaN,NaN,NaN,NaN,NaN,NaN,NaN,NaN,NaN,NaN,NaN,NaN,NaN,NaN,NaN,NaN,NaN,NaN,NaN,NaN,NaN,NaN,NaN,NaN,NaN,NaN,NaN,NaN,NaN,NaN,NaN,NaN,NaN,NaN,NaN,NaN,NaN,NaN,NaN,NaN,NaN,0.879518365570856,0.894817658924415,0.89482053284827,0.894793945087838,0.894778629541705,0.894763733144048,0.894733165778286,0.89469718105326,0.894681885327277,0.894773978073558,0.894892419431526,0.894973981948693,0.895009404271324,0.894957069788207,0.894925682488899,0.895123476900609,0.895216138700315,0.895225501653379,0.895307950346694,0.895521618340679,0.895662487806933,0.895754472914722,0.89564908919111,0.895320847578062,0.895053192791867,0.894873436788602,0.895780959040615,0.896836454678957,0.897150956288854,0.897200578434689,0.897246604581512,0.897558607930437,0.89803674768593,0.898471841017041,0.898715813355293,0.897472457652698,0.853737918094128,0.885724818925296,0.902560926647719,0.902740419196986,0.902783462153627,0.902774096923769,0.902733426582385,0.890366238653762,0.881997079107564,NaN,NaN,NaN,NaN,NaN,NaN,NaN,0.904748859043439,0.904724597935776,0.904703735084709,0.904658565298086,0.904604340265586,0.90455158863888,0.904498656621234,0.90444699142893,0.904399208601293,0.904356066376771,0.904317247871294,0.904281225843652,0.904246743204979,0.90421499516259,0.904184820608411,0.904153747888873,0.904122502823158,0.904090174698579,0.904069124387114,0.903904688217332,0.903155505368938
NaN,NaN,NaN,NaN,NaN,NaN,NaN,NaN,NaN,NaN,NaN,NaN,NaN,NaN,NaN,NaN,NaN,NaN,NaN,NaN,NaN,NaN,NaN,NaN,NaN,NaN,NaN,NaN,NaN,NaN,NaN,NaN,NaN,NaN,NaN,NaN,NaN,NaN,NaN,NaN,NaN,NaN,NaN,NaN,NaN,NaN,NaN,NaN,NaN,NaN,NaN,NaN,NaN,NaN,NaN,NaN,NaN,NaN,NaN,NaN,NaN,NaN,NaN,NaN,NaN,NaN,NaN,NaN,NaN,NaN,NaN,NaN,NaN,NaN,NaN,NaN,NaN,NaN,NaN,NaN,NaN,NaN,NaN,NaN,NaN,NaN,NaN,NaN,NaN,NaN,NaN,NaN,NaN,NaN,NaN,NaN,NaN,NaN,NaN,NaN,NaN,NaN,NaN,NaN,NaN,NaN,NaN,NaN,NaN,NaN,NaN,NaN,NaN,NaN,NaN,NaN,NaN,NaN,NaN,NaN,NaN,NaN,NaN,NaN,NaN,NaN,NaN,NaN,NaN,NaN,NaN,NaN,NaN,NaN,NaN,NaN,NaN,NaN,NaN,NaN,NaN,NaN,NaN,NaN,NaN,NaN,NaN,NaN,NaN,NaN,NaN,NaN,NaN,NaN,NaN,NaN,NaN,NaN,NaN,NaN,NaN,NaN,NaN,NaN,NaN,NaN,NaN,NaN,NaN,NaN,NaN,NaN,NaN,0.894384048637314,0.894726888361147,0.894694088926392,0.894665711980867,0.89463451549441,0.894613213611705,0.894591416226515,0.894558690973777,0.894537727734878,0.894660691589408,0.894668489478648,0.894532531991474,0.894395021251424,0.894398123307391,0.89442645344911,0.894325483500567,0.89427931065543,0.894439234770633,0.894643914204923,0.894726669993542,0.89477445274959,0.894798508530389,0.89476195448901,0.894700692366215,0.894503488532105,0.894531975700073,0.895633707850104,0.896079433080436,0.895984703821826,0.896186853146384,0.896660686305902,0.897269590434102,0.897750645622477,0.897775386567829,NaN,NaN,NaN,NaN,NaN,NaN,NaN,NaN,NaN,NaN,NaN,NaN,NaN,NaN,NaN,NaN,NaN,0.904858602580298,0.904823523541802,0.904790957373342,0.904748322036916,0.904702029884165,0.904651022711429,0.904597673837081,0.904545235464713,0.904495587913562,0.904450733223495,0.904410922542835,0.904373734212318,0.904338853148378,0.904305619738331,0.904275008770543,0.904244159989743,0.904212962329443,0.90418046449501,0.904159407002896,0.903997885994744,0.903244165888061
NaN,NaN,NaN,NaN,NaN,NaN,NaN,NaN,NaN,NaN,NaN,NaN,NaN,NaN,NaN,NaN,NaN,NaN,NaN,NaN,NaN,NaN,NaN,NaN,NaN,NaN,NaN,NaN,NaN,NaN,NaN,NaN,NaN,NaN,NaN,NaN,NaN,NaN,NaN,NaN,NaN,NaN,NaN,NaN,NaN,NaN,NaN,NaN,NaN,NaN,NaN,NaN,NaN,NaN,NaN,NaN,NaN,NaN,NaN,NaN,NaN,NaN,NaN,NaN,NaN,NaN,NaN,NaN,NaN,NaN,NaN,NaN,NaN,NaN,NaN,NaN,NaN,NaN,NaN,NaN,NaN,NaN,NaN,NaN,NaN,NaN,NaN,NaN,NaN,NaN,NaN,NaN,NaN,NaN,NaN,NaN,NaN,NaN,NaN,NaN,NaN,NaN,NaN,NaN,NaN,NaN,NaN,NaN,NaN,NaN,NaN,NaN,NaN,NaN,NaN,NaN,NaN,NaN,NaN,NaN,NaN,NaN,NaN,NaN,NaN,NaN,NaN,NaN,NaN,NaN,NaN,NaN,NaN,NaN,NaN,NaN,NaN,NaN,NaN,NaN,NaN,NaN,NaN,NaN,NaN,NaN,NaN,NaN,NaN,NaN,NaN,NaN,NaN,NaN,NaN,NaN,NaN,NaN,NaN,NaN,NaN,0.362809580023414,0.374423337197675,0.392167512114536,0.374941469793298,0.363370764764414,0.355735524294816,NaN,NaN,NaN,NaN,NaN,NaN,NaN,0.893952684200002,0.894460078111813,0.894460945861766,0.8944545510218,0.894477948400302,0.894481622285395,0.894502992192457,0.894434229915778,0.894439902729236,0.894324334937889,0.894091877497456,0.893873330286692,0.893750420063366,0.89356122985164,0.893453354777757,0.893412516865348,0.893493937035168,0.893563182749776,0.893576644155229,0.893547915798655,0.893576339581504,0.893745991561998,0.893986861821441,0.894332660107349,0.894183749129349,0.894410659422381,0.894822416590958,0.894574791144313,0.894797696177966,0.895436538640032,0.896177476863024,0.896936600775459,0.895188710105252,NaN,NaN,NaN,NaN,NaN,NaN,NaN,NaN,NaN,NaN,NaN,NaN,NaN,NaN,NaN,NaN,NaN,0.904943787457711,0.904909017925273,0.904872051862159,0.904830907663513,0.904784932904954,0.904735331021,0.904683064493803,0.904631217916687,0.904582048558897,0.904537023173768,0.904496898659664,0.904459001856433,0.904422904156701,0.904389618952297,0.904359245775536,0.90432980200982,0.904299545726988,0.904267159091152,0.904246186208076,0.904086781504434,0.903328480101394
NaN,NaN,NaN,NaN,NaN,NaN,NaN,NaN,NaN,NaN,NaN,NaN,NaN,NaN,NaN,NaN,NaN,NaN,NaN,NaN,NaN,NaN,NaN,NaN,NaN,NaN,NaN,NaN,NaN,NaN,NaN,NaN,NaN,NaN,NaN,NaN,NaN,NaN,NaN,NaN,NaN,NaN,NaN,NaN,NaN,NaN,NaN,NaN,NaN,NaN,NaN,NaN,NaN,NaN,NaN,NaN,NaN,NaN,NaN,NaN,NaN,NaN,NaN,NaN,NaN,NaN,NaN,NaN,NaN,NaN,NaN,NaN,NaN,NaN,NaN,NaN,NaN,NaN,NaN,NaN,NaN,NaN,NaN,NaN,NaN,NaN,NaN,NaN,NaN,NaN,NaN,NaN,NaN,NaN,NaN,NaN,NaN,NaN,NaN,NaN,NaN,NaN,NaN,NaN,NaN,NaN,NaN,NaN,NaN,NaN,NaN,NaN,NaN,NaN,NaN,NaN,NaN,NaN,NaN,NaN,NaN,NaN,NaN,NaN,NaN,NaN,NaN,NaN,NaN,NaN,NaN,NaN,NaN,NaN,NaN,NaN,NaN,NaN,NaN,NaN,NaN,NaN,NaN,NaN,NaN,NaN,NaN,NaN,NaN,NaN,NaN,NaN,NaN,NaN,NaN,NaN,NaN,NaN,NaN,NaN,NaN,0.374053876911622,0.391676119102521,0.419284565763056,0.392778745546034,0.374919123499136,0.363291285161484,NaN,NaN,NaN,NaN,NaN,NaN,NaN,0.891025789530616,0.894154259937996,0.894226896096675,0.894281570000191,0.894306296711195,0.89432232442945,0.894390643039512,0.8943722172813,0.894207015499591,0.89402551251393,0.893624507988167,0.89328925503283,0.893042377818468,0.892811681197287,0.89262267721385,0.892546943906617,0.892484964644648,0.892385171055553,0.892124060846001,0.892032575269762,0.892040288879956,0.89256211046356,0.893508482854948,0.894518081517736,0.890064709745872,0.888627397671241,0.891415489999392,0.891939643192326,0.89246552754202,0.892896329623308,0.891825891992518,0.875933256732597,NaN,NaN,NaN,NaN,NaN,NaN,NaN,NaN,NaN,NaN,NaN,NaN,NaN,NaN,NaN,NaN,NaN,NaN,0.905015378111725,0.904980187607752,0.904942205351719,0.904900488295974,0.904854616836614,0.904805992295942,0.904756418042245,0.904706315825339,0.904658439648486,0.904614364495315,0.904574006067721,0.90453607378147,0.904500344127692,0.904468527418456,0.904438861180705,0.90441066563524,0.904381749863778,0.904349744858557,0.904328908396214,0.90417259606342,0.903409653572178
NaN,NaN,NaN,NaN,NaN,NaN,NaN,NaN,NaN,NaN,NaN,NaN,NaN,NaN,NaN,NaN,NaN,NaN,NaN,NaN,NaN,NaN,NaN,NaN,NaN,NaN,NaN,NaN,NaN,NaN,NaN,NaN,NaN,NaN,NaN,NaN,NaN,NaN,NaN,NaN,NaN,NaN,NaN,NaN,NaN,NaN,NaN,NaN,NaN,NaN,NaN,NaN,NaN,NaN,NaN,NaN,NaN,NaN,NaN,NaN,NaN,NaN,NaN,NaN,NaN,NaN,NaN,NaN,NaN,NaN,NaN,NaN,NaN,NaN,NaN,NaN,NaN,NaN,NaN,NaN,NaN,NaN,NaN,NaN,NaN,NaN,NaN,NaN,NaN,NaN,NaN,NaN,NaN,NaN,NaN,NaN,NaN,NaN,NaN,NaN,NaN,NaN,NaN,NaN,NaN,NaN,NaN,NaN,NaN,NaN,NaN,NaN,NaN,NaN,NaN,NaN,NaN,NaN,NaN,NaN,NaN,NaN,NaN,NaN,NaN,NaN,NaN,NaN,NaN,NaN,NaN,NaN,NaN,NaN,NaN,NaN,NaN,NaN,NaN,NaN,NaN,NaN,NaN,NaN,NaN,NaN,NaN,NaN,NaN,NaN,NaN,NaN,NaN,NaN,NaN,NaN,NaN,NaN,NaN,NaN,NaN,NaN,NaN,0.461677038608276,0.420754265117096,0.392550405251649,0.374733216370446,NaN,NaN,NaN,NaN,NaN,NaN,NaN,0.892577326085867,0.893943478978349,0.894026199757077,0.894074957679196,0.894083895078739,0.894139674424893,0.894270921263564,0.894307717217244,0.894096227062468,0.893691735552743,0.893134451896077,0.892749696233663,0.892456058568259,0.89218995133239,0.891968104355414,0.891753144050613,0.891514666903763,0.891198609640084,0.890853149393139,0.890437849936643,0.890543942103887,0.891193281551713,0.892219895282422,0.888700762823925,0.882487017241626,0.88088286204027,0.883346488809436,0.885796202939325,0.886223709786495,0.88282655237507,0.883235350718433,0.806107323634835,NaN,NaN,NaN,NaN,NaN,NaN,NaN,NaN,NaN,NaN,NaN,NaN,NaN,NaN,NaN,NaN,NaN,NaN,0.905077924332224,0.905041763597755,0.905002875179033,0.904960552016276,0.904915272371078,0.904867667820541,0.904820235722364,0.904773091287631,0.904726430754797,0.904683319374409,0.904643421922598,0.904606666723085,0.904572585761042,0.904542053379029,0.904513562905401,0.904486600711208,0.904459812418413,0.904428385720679,0.904407916685378,0.904255541044581,0.903487902466153
NaN,NaN,NaN,NaN,NaN,NaN,NaN,NaN,NaN,NaN,NaN,NaN,NaN,NaN,NaN,NaN,NaN,NaN,NaN,NaN,NaN,NaN,NaN,NaN,NaN,NaN,NaN,NaN,NaN,NaN,NaN,NaN,NaN,NaN,NaN,NaN,NaN,NaN,NaN,NaN,NaN,NaN,NaN,NaN,NaN,NaN,NaN,NaN,NaN,NaN,NaN,NaN,NaN,NaN,NaN,NaN,NaN,NaN,NaN,NaN,NaN,NaN,NaN,NaN,NaN,NaN,NaN,NaN,NaN,NaN,NaN,NaN,NaN,NaN,NaN,NaN,NaN,NaN,NaN,NaN,NaN,NaN,NaN,NaN,NaN,NaN,NaN,NaN,NaN,NaN,NaN,NaN,NaN,NaN,NaN,NaN,NaN,NaN,NaN,NaN,NaN,NaN,NaN,NaN,NaN,NaN,NaN,NaN,NaN,NaN,NaN,NaN,NaN,NaN,NaN,NaN,NaN,NaN,NaN,NaN,NaN,NaN,NaN,NaN,NaN,NaN,NaN,NaN,NaN,NaN,NaN,NaN,NaN,NaN,NaN,NaN,NaN,NaN,NaN,NaN,NaN,NaN,NaN,NaN,NaN,NaN,NaN,NaN,NaN,NaN,NaN,NaN,NaN,NaN,NaN,NaN,NaN,NaN,NaN,NaN,NaN,NaN,NaN,0.523757087776921,0.4636218303349,NaN,NaN,NaN,NaN,NaN,NaN,NaN,NaN,NaN,0.890408041497951,0.893436383676347,0.893561636289681,0.893677457615647,0.893729350742559,0.8938618265274,0.894130783019561,0.894373424114554,0.894280932255158,0.893491909519695,0.892397629159003,0.892177221210865,0.891953299103263,0.891652474081019,0.891322499000964,0.891018810013248,0.890630322857163,0.890130352714627,0.889640366835068,0.889171939078262,0.889019943243246,0.889307020578022,0.889911099429965,0.884485819911072,0.879211779648386,0.87805682602939,0.87849977630755,0.88051059794247,0.881321540111259,0.882157384350682,0.867035647190733,NaN,NaN,NaN,NaN,NaN,NaN,NaN,NaN,NaN,NaN,NaN,NaN,NaN,NaN,NaN,NaN,NaN,NaN,NaN,0.905134444084086,0.905097059769462,0.905057876290637,0.905015022934124,0.904970133521482,0.904923467952191,0.904877767820722,0.904833483281951,0.904788600615895,0.904746021040192,0.904707099981153,0.904671919648876,0.904639111656102,0.904609957659031,0.904582923803392,0.90455759443731,0.90453289878564,0.904504029256692,0.904484403846351,0.904335280073956,0.903562871226566
NaN,NaN,NaN,NaN,NaN,NaN,NaN,NaN,NaN,NaN,NaN,NaN,NaN,NaN,NaN,NaN,NaN,NaN,NaN,NaN,NaN,NaN,NaN,NaN,NaN,NaN,NaN,NaN,NaN,NaN,NaN,NaN,NaN,NaN,NaN,NaN,NaN,NaN,NaN,NaN,NaN,NaN,NaN,NaN,NaN,NaN,NaN,NaN,NaN,NaN,NaN,NaN,NaN,NaN,NaN,NaN,NaN,NaN,NaN,NaN,NaN,NaN,NaN,NaN,NaN,NaN,NaN,NaN,NaN,NaN,NaN,NaN,NaN,NaN,NaN,NaN,NaN,NaN,NaN,NaN,NaN,NaN,NaN,NaN,NaN,NaN,NaN,NaN,NaN,NaN,NaN,NaN,NaN,NaN,NaN,NaN,NaN,NaN,NaN,NaN,NaN,NaN,NaN,NaN,NaN,NaN,NaN,NaN,NaN,NaN,NaN,NaN,NaN,NaN,NaN,NaN,NaN,NaN,NaN,NaN,NaN,NaN,NaN,NaN,NaN,NaN,NaN,NaN,NaN,NaN,NaN,NaN,NaN,NaN,NaN,NaN,NaN,NaN,NaN,NaN,NaN,NaN,NaN,NaN,NaN,NaN,NaN,NaN,NaN,NaN,NaN,NaN,NaN,NaN,NaN,NaN,NaN,NaN,NaN,NaN,NaN,NaN,NaN,0.61204768153235,0.525519837395169,NaN,NaN,NaN,NaN,NaN,NaN,NaN,NaN,NaN,NaN,0.89135001502694,0.892506442633947,0.893045965638754,0.893186469943274,0.893431234800389,0.893806366949342,0.894244900944784,NaN,NaN,0.890558628182547,0.89124282684691,0.891220819778902,0.890948467768849,0.890616956378571,0.890134348531612,0.889523146149708,0.888978034198542,0.888469098221789,0.888017248609654,0.88777601495893,0.888355573783474,0.887599184776345,0.881616740276272,0.877508256703962,0.876777387931972,0.876993222217491,0.877895118969861,0.879051650761504,0.879587661721537,0.858595691563737,NaN,NaN,NaN,NaN,NaN,NaN,NaN,NaN,NaN,NaN,NaN,NaN,NaN,NaN,NaN,NaN,NaN,NaN,NaN,0.905186991512501,0.905147924171543,0.905108736294028,0.905065735527705,0.905021047245003,0.904975208911405,0.904931275898492,0.904888445317893,0.904845670798446,0.90480453446877,0.904766911579343,0.904732783674328,0.904700979027017,0.904673206096187,0.90464776569992,0.904624232894338,0.904601148276199,0.90457532453899,0.90455723214751,0.904411062338731,0.903633791061506
NaN,NaN,NaN,NaN,NaN,NaN,NaN,NaN,NaN,NaN,NaN,NaN,NaN,NaN,NaN,NaN,NaN,NaN,NaN,NaN,NaN,NaN,NaN,NaN,NaN,NaN,NaN,NaN,NaN,NaN,NaN,NaN,NaN,NaN,NaN,NaN,NaN,NaN,NaN,NaN,NaN,NaN,NaN,NaN,NaN,NaN,NaN,NaN,NaN,NaN,NaN,NaN,NaN,NaN,NaN,NaN,NaN,NaN,NaN,NaN,NaN,NaN,NaN,NaN,NaN,NaN,NaN,NaN,NaN,NaN,NaN,NaN,NaN,NaN,NaN,NaN,NaN,NaN,NaN,NaN,NaN,NaN,NaN,NaN,NaN,NaN,NaN,NaN,NaN,NaN,NaN,NaN,NaN,NaN,NaN,NaN,NaN,NaN,NaN,NaN,NaN,NaN,NaN,NaN,NaN,NaN,NaN,NaN,NaN,NaN,NaN,NaN,NaN,NaN,NaN,NaN,NaN,NaN,NaN,NaN,NaN,NaN,NaN,NaN,NaN,NaN,NaN,NaN,NaN,NaN,NaN,NaN,NaN,NaN,NaN,NaN,NaN,NaN,NaN,NaN,NaN,NaN,NaN,NaN,NaN,NaN,NaN,NaN,NaN,NaN,NaN,NaN,NaN,NaN,NaN,NaN,NaN,NaN,NaN,NaN,NaN,NaN,NaN,0.725195659604654,0.613435282386792,NaN,NaN,NaN,NaN,NaN,0.74608867742589,0.75800335740481,0.857474635294962,0.864781231678657,0.876133225509747,0.887584620469028,0.890273485587048,0.891947967561513,0.892387397892713,0.892935133804286,0.893396325795463,0.89376062472644,NaN,NaN,0.890280655524789,0.89036849834776,0.890172583081925,0.889793380747459,0.889379938063576,0.888836414578394,0.888347267833688,0.887889837383088,0.887406435133307,0.886998099913426,0.886804841970538,0.886735729189003,0.884934913178254,0.879770818468051,0.876854433451225,0.876193749324313,0.876410663252432,0.876874623309291,0.877361013899817,0.877417728364055,0.87286076500271,0.801710623624066,NaN,NaN,NaN,NaN,NaN,NaN,NaN,NaN,NaN,NaN,NaN,NaN,NaN,NaN,NaN,NaN,NaN,NaN,0.90523631663492,0.90519595194033,0.905156136844235,0.9051132821681,0.905069131270633,0.90502453491341,0.904982107184532,0.904940045890059,0.904898611846129,0.904859726775384,0.904823546253868,0.90479021237554,0.904759029973818,0.904732444977671,0.904708910889955,0.904687041968251,0.904665103175241,0.904641149706656,0.904624509411847,0.904480232521155,0.903698021901271
NaN,NaN,NaN,NaN,NaN,NaN,NaN,NaN,NaN,NaN,NaN,NaN,NaN,NaN,NaN,NaN,NaN,NaN,NaN,NaN,NaN,NaN,NaN,NaN,NaN,NaN,NaN,NaN,NaN,NaN,NaN,NaN,NaN,NaN,NaN,NaN,NaN,NaN,NaN,NaN,NaN,NaN,NaN,NaN,NaN,NaN,NaN,NaN,NaN,NaN,NaN,NaN,NaN,NaN,NaN,NaN,NaN,NaN,NaN,NaN,NaN,NaN,NaN,NaN,NaN,NaN,NaN,NaN,NaN,NaN,NaN,NaN,NaN,NaN,NaN,NaN,NaN,NaN,NaN,NaN,NaN,NaN,NaN,NaN,NaN,NaN,NaN,NaN,NaN,NaN,NaN,NaN,NaN,NaN,NaN,NaN,NaN,NaN,NaN,NaN,NaN,NaN,NaN,NaN,NaN,NaN,NaN,NaN,NaN,NaN,NaN,NaN,NaN,NaN,NaN,NaN,NaN,NaN,NaN,NaN,NaN,NaN,NaN,NaN,NaN,NaN,NaN,NaN,NaN,NaN,NaN,NaN,NaN,NaN,NaN,NaN,NaN,NaN,NaN,NaN,NaN,NaN,NaN,NaN,NaN,NaN,NaN,NaN,NaN,NaN,NaN,NaN,NaN,NaN,NaN,NaN,NaN,NaN,NaN,NaN,0.722592773959356,0.727313209153822,0.725999326671201,0.818413731529149,0.726407115420053,NaN,0.732479649788493,0.738901015673698,0.739644961594868,0.843276492995787,0.846624787334226,0.854392203574935,0.866546095059432,0.876920585251093,0.882190801534426,0.88590661408897,0.888456917504338,0.890390883895619,0.891684167479613,0.892407433807717,0.893054759780284,0.889737692338418,NaN,NaN,0.889633090604103,0.889411783330383,0.88916456966729,0.888804893356289,0.888353209421384,0.887804304147676,0.887165810119243,0.886670508295436,0.886298266002447,0.885848455840342,0.885562791613982,0.884732735827312,0.882197088539185,0.8789492975506,0.877047129518876,0.876467306717258,0.876698812330171,0.876578387469754,0.876443263834685,0.876297514943463,0.876079106414749,0.871511908940252,NaN,NaN,NaN,NaN,NaN,NaN,NaN,NaN,NaN,NaN,NaN,NaN,NaN,NaN,NaN,NaN,NaN,NaN,0.905282620895705,0.905241654577357,0.905201027023798,0.905158482826991,0.905115229091326,0.905072162445905,0.905030226798339,0.904989383093613,0.90494884313389,0.904911623953684,0.904877006641753,0.904844279074787,0.904814300604836,0.904788549695838,0.904766724457184,0.904746167773098,0.904725194545972,0.904702046446388,0.904686444650292,0.904540886896418,0.903753654610415
NaN,NaN,NaN,NaN,NaN,NaN,NaN,NaN,NaN,NaN,NaN,NaN,NaN,NaN,NaN,NaN,NaN,NaN,NaN,NaN,NaN,NaN,NaN,NaN,NaN,NaN,NaN,NaN,NaN,NaN,NaN,NaN,NaN,NaN,NaN,NaN,NaN,NaN,NaN,NaN,NaN,NaN,NaN,NaN,NaN,NaN,NaN,NaN,NaN,NaN,NaN,NaN,NaN,NaN,NaN,NaN,NaN,NaN,NaN,NaN,NaN,NaN,NaN,NaN,NaN,NaN,NaN,NaN,NaN,NaN,NaN,NaN,NaN,NaN,NaN,NaN,NaN,NaN,NaN,NaN,NaN,NaN,NaN,NaN,NaN,NaN,NaN,NaN,NaN,NaN,NaN,NaN,NaN,NaN,NaN,NaN,NaN,NaN,NaN,NaN,NaN,NaN,NaN,NaN,NaN,NaN,NaN,NaN,NaN,NaN,NaN,NaN,NaN,NaN,NaN,NaN,NaN,NaN,NaN,NaN,NaN,NaN,NaN,NaN,NaN,NaN,NaN,NaN,NaN,NaN,NaN,NaN,NaN,NaN,NaN,NaN,NaN,NaN,NaN,NaN,NaN,NaN,NaN,NaN,NaN,NaN,NaN,NaN,NaN,NaN,NaN,NaN,NaN,NaN,NaN,NaN,NaN,NaN,NaN,NaN,0.726546927110311,0.722671886343002,0.726387598711188,0.819450876158097,0.820650017966238,0.731559201204801,0.833169034048978,0.838322732446836,0.840079086225162,0.842896942630616,0.849694989704483,0.862571445916055,0.873130962285165,0.877209674598562,0.880911440865134,0.88446294123847,0.887506854638667,0.889394599522825,0.890922869095981,0.891864450163035,0.888788078915603,0.821253583401515,NaN,NaN,0.889321587829103,0.889188363710639,0.888862315032115,0.888095980089615,0.887329291157472,0.886447482890072,0.886019855281174,0.885710249741207,0.885324514059695,0.884759572584187,0.884037951845259,0.883168379676873,0.881513648539267,0.879636644111554,0.878016917752227,0.877742553082593,0.877560341008676,0.876521120788993,0.87593957455469,0.875770525235234,0.875624703778665,0.875545563748064,NaN,NaN,NaN,NaN,NaN,NaN,NaN,NaN,NaN,NaN,NaN,NaN,NaN,NaN,NaN,NaN,NaN,NaN,0.905325980699045,0.905284610250223,0.905243728711768,0.905201744101435,0.905159724587901,0.905117953937617,0.905076656817751,0.905036842789146,0.904997824925542,0.904961548399179,0.904927867566424,0.904896260428153,0.904867392345253,0.904842197454662,0.904821271700407,0.904802067069556,0.904782283763172,0.904759984754259,0.904744940155497,0.904598013087914,0.903805693301931
NaN,NaN,NaN,NaN,NaN,NaN,NaN,NaN,NaN,NaN,NaN,NaN,NaN,NaN,NaN,NaN,NaN,NaN,NaN,NaN,NaN,NaN,NaN,NaN,NaN,NaN,NaN,NaN,NaN,NaN,NaN,NaN,NaN,NaN,NaN,NaN,NaN,NaN,NaN,NaN,NaN,NaN,NaN,NaN,NaN,NaN,NaN,NaN,NaN,NaN,NaN,NaN,NaN,NaN,NaN,NaN,NaN,NaN,NaN,NaN,NaN,NaN,NaN,NaN,NaN,NaN,NaN,NaN,NaN,NaN,NaN,NaN,NaN,NaN,NaN,NaN,NaN,NaN,NaN,NaN,NaN,NaN,NaN,NaN,NaN,NaN,NaN,NaN,NaN,NaN,NaN,NaN,NaN,NaN,NaN,NaN,NaN,NaN,NaN,NaN,NaN,NaN,NaN,NaN,NaN,NaN,NaN,NaN,NaN,NaN,NaN,NaN,NaN,NaN,NaN,NaN,NaN,NaN,NaN,NaN,NaN,NaN,NaN,NaN,NaN,NaN,NaN,NaN,NaN,NaN,NaN,NaN,NaN,NaN,NaN,NaN,NaN,NaN,NaN,NaN,NaN,NaN,NaN,NaN,NaN,NaN,NaN,NaN,NaN,NaN,NaN,NaN,NaN,NaN,NaN,NaN,NaN,NaN,NaN,NaN,0.726644562181258,0.725805063327323,0.81913731571381,0.820010924948598,0.822195091521328,0.827017393788439,0.834765906145276,0.845659105500233,0.845330650852309,0.842497916328661,0.854837356102992,0.86888139015535,0.87193999589716,0.875112285106336,0.879587044795773,0.883895151065387,0.886100264859089,0.888463778565104,0.890103574973718,0.887382997136278,0.868289202794181,NaN,NaN,NaN,0.883678544397526,0.888912679495152,0.888051699459192,0.886950757593329,0.885987434696522,0.885434599780725,0.885252751684055,0.885065608374172,0.884635915048858,0.883989329042821,0.883294410017756,0.882344190464575,0.8813822516239,0.879631491062439,0.87853291467724,0.878095576157007,0.876877409388793,0.875479441107932,0.875130954799374,0.875164393279218,0.87517282695956,0.875251192958663,NaN,NaN,NaN,NaN,NaN,NaN,NaN,NaN,NaN,NaN,NaN,NaN,NaN,NaN,NaN,NaN,NaN,NaN,0.905366858184629,0.905325190554893,0.905284617811337,0.905243451171263,0.905202716280536,0.905161314765598,0.905121162159655,0.905082323778571,0.905044412425837,0.905008777011984,0.904976439702829,0.904946087515921,0.904918111174583,0.904893367676793,0.904873409838391,0.904855178123406,0.904836298542412,0.904815412577833,0.904800735831401,0.904652277417783,0.903854780754391
NaN,NaN,NaN,NaN,NaN,NaN,NaN,NaN,NaN,NaN,NaN,NaN,NaN,NaN,NaN,NaN,NaN,NaN,NaN,NaN,NaN,NaN,NaN,NaN,NaN,NaN,NaN,NaN,NaN,NaN,NaN,NaN,NaN,NaN,NaN,NaN,NaN,NaN,NaN,NaN,NaN,NaN,NaN,NaN,NaN,NaN,NaN,NaN,NaN,NaN,NaN,NaN,NaN,NaN,NaN,NaN,NaN,NaN,NaN,NaN,NaN,NaN,NaN,NaN,NaN,NaN,NaN,NaN,NaN,NaN,NaN,NaN,NaN,NaN,NaN,NaN,NaN,NaN,NaN,NaN,NaN,NaN,NaN,NaN,NaN,NaN,NaN,NaN,NaN,NaN,NaN,NaN,NaN,NaN,NaN,NaN,NaN,NaN,NaN,NaN,NaN,NaN,NaN,NaN,NaN,NaN,NaN,NaN,NaN,NaN,NaN,NaN,NaN,NaN,NaN,NaN,NaN,NaN,NaN,NaN,NaN,NaN,NaN,NaN,NaN,NaN,NaN,NaN,NaN,NaN,NaN,NaN,NaN,NaN,NaN,NaN,NaN,NaN,NaN,NaN,NaN,NaN,NaN,NaN,NaN,NaN,NaN,NaN,NaN,NaN,NaN,NaN,NaN,NaN,NaN,NaN,NaN,NaN,NaN,0.613763091278989,0.725344808265753,0.694139057283227,0.802544324902899,0.727154205130295,0.751081054065176,0.727746759456134,0.754990103587399,0.848359962563783,0.860849757688,0.853486074633965,0.863898866972699,0.867514298864219,0.869630327810866,0.873335444687184,0.87726491740162,0.881933042107979,0.885380721619593,0.887448378090121,0.88547376819463,0.818551740975662,0.761243974431624,NaN,NaN,NaN,NaN,0.88276281490261,0.886355634393923,0.885875808727655,0.884989703108033,0.884566820267439,0.884378058994512,0.884350839492491,0.883787223148077,0.88306989977181,0.882330003755365,0.881338347800053,0.880284971279753,0.878887313179016,0.878168691331834,0.877118053002481,0.875850781538335,0.874775278484783,0.874665007628491,0.874905376549539,0.874885035881643,0.874795678503241,0.874599636320869,NaN,NaN,NaN,NaN,NaN,NaN,NaN,NaN,NaN,NaN,NaN,NaN,NaN,NaN,NaN,NaN,NaN,0.905405581303651,0.905363819069057,0.905324224341333,0.905283644230182,0.905243443982184,0.905203306940924,0.905164015771919,0.905126206089145,0.905089600010479,0.905054585271006,0.905023313640385,0.904993982377705,0.904966854248384,0.904942876060853,0.904923936760846,0.904906623241359,0.904888383969397,0.904868390722029,0.904854213517275,0.904703819256265,0.903901055631805
NaN,NaN,NaN,NaN,NaN,NaN,NaN,NaN,NaN,NaN,NaN,NaN,NaN,NaN,NaN,NaN,NaN,NaN,NaN,NaN,NaN,NaN,NaN,NaN,NaN,NaN,NaN,NaN,NaN,NaN,NaN,NaN,NaN,NaN,NaN,NaN,NaN,NaN,NaN,NaN,NaN,NaN,NaN,NaN,NaN,NaN,NaN,NaN,NaN,NaN,NaN,NaN,NaN,NaN,NaN,NaN,NaN,NaN,NaN,NaN,NaN,NaN,NaN,NaN,NaN,NaN,NaN,NaN,NaN,NaN,NaN,NaN,NaN,NaN,NaN,NaN,NaN,NaN,NaN,NaN,NaN,NaN,NaN,NaN,NaN,NaN,NaN,NaN,NaN,NaN,NaN,NaN,NaN,NaN,NaN,NaN,NaN,NaN,NaN,NaN,NaN,NaN,NaN,NaN,NaN,NaN,NaN,NaN,NaN,NaN,NaN,NaN,NaN,NaN,NaN,NaN,NaN,NaN,NaN,NaN,NaN,NaN,NaN,NaN,NaN,NaN,NaN,NaN,NaN,NaN,NaN,NaN,NaN,NaN,NaN,NaN,NaN,NaN,NaN,NaN,NaN,NaN,NaN,NaN,NaN,NaN,NaN,NaN,NaN,NaN,NaN,NaN,NaN,NaN,NaN,NaN,NaN,NaN,0.46662313213039,0.527210590630795,0.61389096792935,0.587772576368367,0.694397061549514,0.614643477223595,NaN,NaN,NaN,0.804940893367465,0.861518073990399,0.863297032075449,0.864994647826235,0.86578109156104,0.867191639478286,0.86978081123449,0.874499214861159,0.878129697943725,0.882383889746654,0.864193338880787,0.816932689472307,0.693435696995998,NaN,NaN,NaN,NaN,NaN,NaN,0.877008979907888,0.885288801513169,0.884095009199996,0.883657645978644,0.883667438093751,0.883511502133836,0.882994466742302,0.88235467565061,0.881520547452726,0.880520637433768,0.879590743429423,0.878725889528307,0.877685529398219,0.876679256554292,0.875683085627174,0.875167556075777,0.875486806395432,0.875271872598584,0.874758467293779,0.874472747360704,0.874347109277236,NaN,NaN,NaN,NaN,NaN,NaN,NaN,NaN,NaN,NaN,NaN,NaN,NaN,NaN,NaN,NaN,NaN,0.905442105642192,0.905401092267933,0.905362338324269,0.905322188208869,0.905283219699217,0.905244128342788,0.905205440202109,0.905168280960717,0.905133095108759,0.905099431608255,0.905068624050784,0.905040078427798,0.905014351266447,0.90499151004872,0.90497350581093,0.904956662433146,0.904938433416419,0.90491879830468,0.904905668743225,0.904753387845361,0.903945264760404
NaN,NaN,NaN,NaN,NaN,NaN,NaN,NaN,NaN,NaN,NaN,NaN,NaN,NaN,NaN,NaN,NaN,NaN,NaN,NaN,NaN,NaN,NaN,NaN,NaN,NaN,NaN,NaN,NaN,NaN,NaN,NaN,NaN,NaN,NaN,NaN,NaN,NaN,NaN,NaN,NaN,NaN,NaN,NaN,NaN,NaN,NaN,NaN,NaN,NaN,NaN,NaN,NaN,NaN,NaN,NaN,NaN,NaN,NaN,NaN,NaN,NaN,NaN,NaN,NaN,NaN,NaN,NaN,NaN,NaN,NaN,NaN,NaN,NaN,NaN,NaN,NaN,NaN,NaN,NaN,NaN,NaN,NaN,NaN,NaN,NaN,NaN,NaN,NaN,NaN,NaN,NaN,NaN,NaN,NaN,NaN,NaN,NaN,NaN,NaN,NaN,NaN,NaN,NaN,NaN,NaN,NaN,NaN,NaN,NaN,NaN,NaN,NaN,NaN,NaN,NaN,NaN,NaN,NaN,NaN,NaN,NaN,NaN,NaN,NaN,NaN,NaN,NaN,NaN,NaN,NaN,NaN,NaN,NaN,NaN,NaN,NaN,NaN,NaN,NaN,NaN,NaN,NaN,NaN,NaN,NaN,NaN,NaN,NaN,NaN,NaN,NaN,NaN,NaN,NaN,NaN,NaN,NaN,0.426096527842189,0.466611232798858,NaN,NaN,NaN,NaN,NaN,NaN,0.741839641966742,0.842598701737894,0.848618279504581,0.864506575724082,0.86479431437935,0.864922026447862,0.865592419317362,0.866889938757785,0.869314709926829,0.838316913111661,0.832621303973924,NaN,NaN,NaN,NaN,NaN,NaN,NaN,NaN,NaN,NaN,NaN,0.883181594589232,0.882911267536719,0.882975941495332,0.882667544752682,0.882187458921077,0.881481370292115,0.880414405014561,0.879565545177851,0.87884485737795,0.878034144157753,0.87717848528466,0.876337320177884,0.875824397283404,0.875583323047308,0.874951686336505,0.874184992530961,0.873797984700202,0.873546518097287,0.87328076130802,0.872764921435135,NaN,NaN,NaN,NaN,NaN,NaN,NaN,NaN,NaN,NaN,NaN,NaN,NaN,NaN,NaN,NaN,0.90547649548897,0.905436333344664,0.905398453389745,0.905359293062298,0.905321527887445,0.90528360380038,0.905245504714104,0.905208827763158,0.905174708252931,0.905142603147622,0.905112323571279,0.905084452250705,0.90506047585742,0.905039177836178,0.905021692539013,0.905005350095007,0.90498729285031,0.904967923408507,0.904954880774335,0.90480074942761,0.903987177908385
NaN,NaN,NaN,NaN,NaN,NaN,NaN,NaN,NaN,NaN,NaN,NaN,NaN,NaN,NaN,NaN,NaN,NaN,NaN,NaN,NaN,NaN,NaN,NaN,NaN,NaN,NaN,NaN,NaN,NaN,NaN,NaN,NaN,NaN,NaN,NaN,NaN,NaN,NaN,NaN,NaN,NaN,NaN,NaN,NaN,NaN,NaN,NaN,NaN,NaN,NaN,NaN,NaN,NaN,NaN,NaN,NaN,NaN,NaN,NaN,NaN,NaN,NaN,NaN,NaN,NaN,NaN,NaN,NaN,NaN,NaN,NaN,NaN,NaN,NaN,NaN,NaN,NaN,NaN,NaN,NaN,NaN,NaN,NaN,NaN,NaN,NaN,NaN,NaN,NaN,NaN,NaN,NaN,NaN,NaN,NaN,NaN,NaN,NaN,NaN,NaN,NaN,NaN,NaN,NaN,NaN,NaN,NaN,NaN,NaN,NaN,NaN,NaN,NaN,NaN,NaN,NaN,NaN,NaN,NaN,NaN,NaN,NaN,NaN,NaN,NaN,NaN,NaN,NaN,NaN,NaN,NaN,NaN,NaN,NaN,NaN,NaN,NaN,NaN,NaN,NaN,NaN,NaN,NaN,NaN,NaN,NaN,NaN,NaN,NaN,NaN,NaN,NaN,NaN,NaN,NaN,NaN,NaN,NaN,NaN,NaN,NaN,NaN,NaN,NaN,NaN,0.739681404875214,0.841608284924386,0.864258256384092,0.864573833388215,0.864727632727601,0.864640792445623,0.865035531139385,0.865733313730301,0.866608920874766,NaN,NaN,NaN,NaN,NaN,NaN,NaN,NaN,NaN,NaN,NaN,NaN,NaN,NaN,0.881911831657949,0.882014758008498,0.881573298829367,0.88084981962686,0.879847207539918,0.879110374654043,0.878731599892536,0.878308562747259,0.877505867542879,0.876612342589037,0.87586042523282,0.875390881580382,0.874683430948303,0.873938499641675,0.873521219151244,0.872913640972595,0.872620512044364,0.872449002728744,0.87223161082579,0.870175456195556,0.817592067536517,0.761996563119222,NaN,NaN,NaN,NaN,NaN,NaN,NaN,NaN,NaN,NaN,NaN,NaN,NaN,0.905508117192761,0.905469212774229,0.905433023749909,0.905395548272352,0.905358240590812,0.905321310834207,0.905284096847263,0.905247989483107,0.905214436979807,0.90518379186736,0.905154524700817,0.905127359675222,0.905104148634486,0.905084050232443,0.905067235785606,0.905051312152501,0.905034371366198,0.905015464774533,0.905002116593647,0.904845448108601,0.904026338748776
NaN,NaN,NaN,NaN,NaN,NaN,NaN,NaN,NaN,NaN,NaN,NaN,NaN,NaN,NaN,NaN,NaN,NaN,NaN,NaN,NaN,NaN,NaN,NaN,NaN,NaN,NaN,NaN,NaN,NaN,NaN,NaN,NaN,NaN,NaN,NaN,NaN,NaN,NaN,NaN,NaN,NaN,NaN,NaN,NaN,NaN,NaN,NaN,NaN,NaN,NaN,NaN,NaN,NaN,NaN,NaN,NaN,NaN,NaN,NaN,NaN,NaN,NaN,NaN,NaN,NaN,NaN,NaN,NaN,NaN,NaN,NaN,NaN,NaN,NaN,NaN,NaN,NaN,NaN,NaN,NaN,NaN,NaN,NaN,NaN,NaN,NaN,NaN,NaN,NaN,NaN,NaN,NaN,NaN,NaN,NaN,NaN,NaN,NaN,NaN,NaN,NaN,NaN,NaN,NaN,NaN,NaN,NaN,NaN,NaN,NaN,NaN,NaN,NaN,NaN,NaN,NaN,NaN,NaN,NaN,NaN,NaN,NaN,NaN,NaN,NaN,NaN,NaN,NaN,NaN,NaN,NaN,NaN,NaN,NaN,NaN,NaN,NaN,NaN,NaN,NaN,NaN,NaN,NaN,NaN,NaN,NaN,NaN,NaN,NaN,NaN,NaN,NaN,NaN,NaN,NaN,NaN,NaN,NaN,NaN,NaN,NaN,NaN,NaN,NaN,NaN,NaN,0.746884443789659,0.844684902778045,0.864164294226987,0.864208411903729,0.864154490584118,0.864542386709798,0.864973747254084,NaN,NaN,NaN,NaN,NaN,NaN,NaN,NaN,NaN,NaN,NaN,NaN,NaN,NaN,NaN,0.881074349942773,0.881145352253587,0.880549154034043,0.87999708489544,0.879728889441224,0.879458275937858,0.878963727194867,0.878122325872268,0.877023757180624,0.875970625122525,0.875231035071976,0.874828392683586,0.874396291705496,0.874453494876714,0.87354666376574,0.872681995710397,0.872276624539504,0.872008682661558,0.871756206111151,0.871345624627304,0.854110548647451,0.854985485004141,0.76830602743952,0.777725117300917,NaN,NaN,NaN,NaN,NaN,NaN,NaN,NaN,NaN,NaN,NaN,0.905538405597479,0.905500628551718,0.905466347856968,0.905430701231095,0.905393958027738,0.905357740384042,0.905321083496218,0.905285476637701,0.905252889363746,0.905223348637769,0.90519511676881,0.9051686189913,0.905145752604697,0.905126451414735,0.905110353418779,0.905094469317106,0.905078303662987,0.905060657039573,0.905047016801794,0.904887715964984,0.904062966082129
NaN,NaN,NaN,NaN,NaN,NaN,NaN,NaN,NaN,NaN,NaN,NaN,NaN,NaN,NaN,NaN,NaN,NaN,NaN,NaN,NaN,NaN,NaN,NaN,NaN,NaN,NaN,NaN,NaN,NaN,NaN,NaN,NaN,NaN,NaN,NaN,NaN,NaN,NaN,NaN,NaN,NaN,NaN,NaN,NaN,NaN,NaN,NaN,NaN,NaN,NaN,NaN,NaN,NaN,NaN,NaN,NaN,NaN,NaN,NaN,NaN,NaN,NaN,NaN,NaN,NaN,NaN,NaN,NaN,NaN,NaN,NaN,NaN,NaN,NaN,NaN,NaN,NaN,NaN,NaN,NaN,NaN,NaN,NaN,NaN,NaN,NaN,NaN,NaN,NaN,NaN,NaN,NaN,NaN,NaN,NaN,NaN,NaN,NaN,NaN,NaN,NaN,NaN,NaN,NaN,NaN,NaN,NaN,NaN,NaN,NaN,NaN,NaN,NaN,NaN,NaN,NaN,NaN,NaN,NaN,NaN,NaN,NaN,NaN,NaN,NaN,NaN,NaN,NaN,NaN,NaN,NaN,NaN,NaN,NaN,NaN,NaN,NaN,NaN,NaN,NaN,NaN,NaN,NaN,NaN,NaN,NaN,NaN,NaN,NaN,NaN,NaN,NaN,NaN,NaN,NaN,NaN,NaN,NaN,NaN,NaN,NaN,NaN,NaN,NaN,NaN,NaN,NaN,0.814205528617237,0.862165440733102,0.862722062964114,0.862728716255984,0.863236711315927,0.863525702104805,NaN,NaN,NaN,NaN,NaN,NaN,NaN,NaN,NaN,NaN,NaN,NaN,NaN,NaN,NaN,0.879544277750698,0.880926474464553,0.88063031754722,0.880584866984471,0.880465602489032,0.87963700222124,0.878683615197897,0.877593225118155,0.876329472841917,0.875126055335357,0.87434816831218,0.874066753176616,0.87396782307271,0.873405158375707,0.872521165614161,0.871920135298821,0.871547957501047,0.87121476444278,0.870958173407787,0.870357614753416,0.853573139942477,0.854547154662409,0.85590066833577,0.85779149641788,0.789664362525266,NaN,NaN,NaN,NaN,NaN,NaN,NaN,NaN,NaN,NaN,0.905565894202158,0.905530084367501,0.905498056671147,0.905463875020387,0.905428599049799,0.905393071490286,0.905357403861144,0.905322909453331,0.905290960125064,0.905262164127648,0.90523470292613,0.905208506507174,0.905186193657638,0.905166968346256,0.905151378127695,0.905136280152529,0.905120785822388,0.905103905259615,0.905090495002313,0.904927906390344,0.904097414396902
NaN,NaN,NaN,NaN,NaN,NaN,NaN,NaN,NaN,NaN,NaN,NaN,NaN,NaN,NaN,NaN,NaN,NaN,NaN,NaN,NaN,NaN,NaN,NaN,NaN,NaN,NaN,NaN,NaN,NaN,NaN,NaN,NaN,NaN,NaN,NaN,NaN,NaN,NaN,NaN,NaN,NaN,NaN,NaN,NaN,NaN,NaN,NaN,NaN,NaN,NaN,NaN,NaN,NaN,NaN,NaN,NaN,NaN,NaN,NaN,NaN,NaN,NaN,NaN,NaN,NaN,NaN,NaN,NaN,NaN,NaN,NaN,NaN,NaN,NaN,NaN,NaN,NaN,NaN,NaN,NaN,NaN,NaN,NaN,NaN,NaN,NaN,NaN,NaN,NaN,NaN,NaN,NaN,NaN,NaN,NaN,NaN,NaN,NaN,NaN,NaN,NaN,NaN,NaN,NaN,NaN,NaN,NaN,NaN,NaN,NaN,NaN,NaN,NaN,NaN,NaN,NaN,NaN,NaN,NaN,NaN,NaN,NaN,NaN,NaN,NaN,NaN,NaN,NaN,NaN,NaN,NaN,NaN,NaN,NaN,NaN,NaN,NaN,NaN,NaN,NaN,NaN,NaN,NaN,NaN,NaN,NaN,NaN,NaN,NaN,NaN,NaN,NaN,NaN,NaN,NaN,NaN,NaN,NaN,NaN,NaN,NaN,NaN,NaN,NaN,NaN,NaN,NaN,0.835458829959278,NaN,0.856260395699103,0.858801530681102,0.857896793374399,NaN,NaN,NaN,NaN,NaN,NaN,NaN,NaN,NaN,NaN,NaN,NaN,NaN,NaN,NaN,NaN,NaN,0.88087995311999,0.880744394811423,0.880656650679394,0.880249304092514,0.878965630596466,0.877762739873925,0.876481754230212,0.875093427399037,0.873957877018395,0.873413246312879,0.872800535873053,0.872553043718588,0.871903192611239,0.871217837567786,0.870574318524247,0.870184977078706,0.870049811999587,0.86996919596526,0.869935073767118,0.862995455406014,0.854459587819042,0.855846082041075,0.857768301768963,0.858510951116514,NaN,NaN,NaN,NaN,NaN,NaN,NaN,NaN,NaN,NaN,0.905589639755168,0.905555873236222,0.905526909542634,0.905494722089739,0.905461426063971,0.905427533639622,0.905392855405282,0.90535933295346,0.9053280892229,0.905299796313244,0.905272863844692,0.905246762398179,0.905224658795987,0.905206064874913,0.905190669648579,0.905175926800324,0.905161094782491,0.905145240110755,0.905132057230086,0.904966248975283,0.904129913353571
NaN,NaN,NaN,NaN,NaN,NaN,NaN,NaN,NaN,NaN,NaN,NaN,NaN,NaN,NaN,NaN,NaN,NaN,NaN,NaN,NaN,NaN,NaN,NaN,NaN,NaN,NaN,NaN,NaN,NaN,NaN,NaN,NaN,NaN,NaN,NaN,NaN,NaN,NaN,NaN,NaN,NaN,NaN,NaN,NaN,NaN,NaN,NaN,NaN,NaN,NaN,NaN,NaN,NaN,NaN,NaN,NaN,NaN,NaN,NaN,NaN,NaN,NaN,NaN,NaN,NaN,NaN,NaN,NaN,NaN,NaN,NaN,NaN,NaN,NaN,NaN,NaN,NaN,NaN,NaN,NaN,NaN,NaN,NaN,NaN,NaN,NaN,NaN,NaN,NaN,NaN,NaN,NaN,NaN,NaN,NaN,NaN,NaN,NaN,NaN,NaN,NaN,NaN,NaN,NaN,NaN,NaN,NaN,NaN,NaN,NaN,NaN,NaN,NaN,NaN,NaN,NaN,NaN,NaN,NaN,NaN,NaN,NaN,NaN,NaN,NaN,NaN,NaN,NaN,NaN,NaN,NaN,NaN,NaN,NaN,NaN,NaN,NaN,NaN,NaN,NaN,NaN,NaN,NaN,NaN,NaN,NaN,NaN,NaN,NaN,NaN,NaN,NaN,NaN,NaN,NaN,NaN,NaN,NaN,NaN,NaN,NaN,NaN,NaN,NaN,NaN,0.745458958359472,0.831081596026631,0.841629722980971,0.841150415795792,0.846051157225715,0.851219482854787,0.851960763022144,NaN,NaN,NaN,NaN,NaN,NaN,NaN,NaN,NaN,NaN,NaN,NaN,NaN,NaN,NaN,NaN,NaN,NaN,0.880588615741709,0.880330821515814,0.879605183479642,0.877573931278257,0.875467238029263,0.87371266499209,0.872135063674698,0.871583716124599,0.871570848103795,0.871271869463631,0.871214447761089,0.87111918658366,0.870728714863347,0.869954998352232,0.869460341489571,0.869486614822683,0.869510241748769,0.869562992055398,0.869085684194156,0.854590994210102,0.855839946132026,0.857714948819846,0.858563876863029,NaN,NaN,NaN,NaN,NaN,NaN,NaN,NaN,NaN,NaN,0.905609782598674,0.905578574125638,0.905552372044672,0.905522932611737,0.905492025724647,0.905459405865925,0.905426186980523,0.905394304703125,0.905364002127563,0.905335202570199,0.905308644715022,0.905283310081073,0.9052613732641,0.905243469167433,0.905228256833266,0.905213256847132,0.905198530188379,0.905183702757389,0.905171223432641,0.90500349997035,0.904161213356335
NaN,NaN,NaN,NaN,NaN,NaN,NaN,NaN,NaN,NaN,NaN,NaN,NaN,NaN,NaN,NaN,NaN,NaN,NaN,NaN,NaN,NaN,NaN,NaN,NaN,NaN,NaN,NaN,NaN,NaN,NaN,NaN,NaN,NaN,NaN,NaN,NaN,NaN,NaN,NaN,NaN,NaN,NaN,NaN,NaN,NaN,NaN,NaN,NaN,NaN,NaN,NaN,NaN,NaN,NaN,NaN,NaN,NaN,NaN,NaN,NaN,NaN,NaN,NaN,NaN,NaN,NaN,NaN,NaN,NaN,NaN,NaN,NaN,NaN,NaN,NaN,NaN,NaN,NaN,NaN,NaN,NaN,NaN,NaN,NaN,NaN,NaN,NaN,NaN,NaN,NaN,NaN,NaN,NaN,NaN,NaN,NaN,NaN,NaN,NaN,NaN,NaN,NaN,NaN,NaN,NaN,NaN,NaN,NaN,NaN,NaN,NaN,NaN,NaN,NaN,NaN,NaN,NaN,NaN,NaN,NaN,NaN,NaN,NaN,NaN,NaN,NaN,NaN,NaN,NaN,NaN,NaN,NaN,NaN,NaN,NaN,NaN,NaN,NaN,NaN,NaN,NaN,NaN,NaN,NaN,NaN,NaN,NaN,NaN,NaN,NaN,NaN,NaN,NaN,NaN,NaN,NaN,NaN,NaN,NaN,NaN,NaN,NaN,NaN,NaN,0.752273819676477,0.772195487698886,NaN,NaN,0.839988947802847,0.842233950366958,0.849034832055979,0.850464642716103,NaN,0.493994008708727,0.575413318549346,0.584691000901852,NaN,NaN,NaN,NaN,NaN,NaN,NaN,NaN,NaN,NaN,NaN,NaN,NaN,NaN,NaN,0.879941948382527,0.878445147093148,0.87386309193773,0.870727764089319,0.869741093893873,0.869234047062727,0.869331117404769,0.869441845034663,0.86987377186281,0.870121547807915,0.870426564062213,0.870379807974027,0.869810775162554,0.869353225015453,0.869366417110677,0.869379451963208,0.869371072362221,0.869271364405568,0.858301382882796,0.856461143284198,0.857656879521826,0.858414014803186,0.802921746412229,0.777510694214425,0.657577652306002,NaN,NaN,NaN,NaN,NaN,NaN,NaN,0.905629669363393,0.905600029170372,0.90557604422033,0.905548882478555,0.905519280297835,0.9054884627301,0.905457453097793,0.90542721892933,0.905397851896349,0.905369651137155,0.905343669380373,0.905319790546751,0.905299053777443,0.905281746325485,0.905265343359809,0.905249277611618,0.905234429171666,0.905218862321329,0.905206641732669,0.90503863699393,0.904190288388871
NaN,NaN,NaN,NaN,NaN,NaN,NaN,NaN,NaN,NaN,NaN,NaN,NaN,NaN,NaN,NaN,NaN,NaN,NaN,NaN,NaN,NaN,NaN,NaN,NaN,NaN,NaN,NaN,NaN,NaN,NaN,NaN,NaN,NaN,NaN,NaN,NaN,NaN,NaN,NaN,NaN,NaN,NaN,NaN,NaN,NaN,NaN,NaN,NaN,NaN,NaN,NaN,NaN,NaN,NaN,NaN,NaN,NaN,NaN,NaN,NaN,NaN,NaN,NaN,NaN,NaN,NaN,NaN,NaN,NaN,NaN,NaN,NaN,NaN,NaN,NaN,NaN,NaN,NaN,NaN,NaN,NaN,NaN,NaN,NaN,NaN,NaN,NaN,NaN,NaN,NaN,NaN,NaN,NaN,NaN,NaN,NaN,NaN,NaN,NaN,NaN,NaN,NaN,NaN,NaN,NaN,NaN,NaN,NaN,NaN,NaN,NaN,NaN,NaN,NaN,NaN,NaN,NaN,NaN,NaN,NaN,NaN,NaN,NaN,NaN,NaN,NaN,NaN,NaN,NaN,NaN,NaN,NaN,NaN,NaN,NaN,NaN,NaN,NaN,NaN,NaN,NaN,NaN,NaN,NaN,NaN,NaN,NaN,NaN,NaN,NaN,NaN,NaN,NaN,NaN,NaN,NaN,0.721888067019548,0.722641445763708,0.723390462866702,NaN,NaN,0.804751294675995,0.792154658509118,0.812572280417745,0.812438009193075,0.814045418244345,0.813798211684133,0.82688584335169,0.832971151118948,0.834198310566627,NaN,NaN,NaN,0.575473925902533,0.682317465936181,0.693109411980861,NaN,NaN,NaN,NaN,NaN,NaN,NaN,NaN,NaN,NaN,NaN,NaN,NaN,NaN,NaN,NaN,NaN,0.865595382199512,0.865632195546184,0.866098162708098,0.866609277026059,0.867428531668755,0.86808123218514,0.868646272440648,0.869233566099746,0.869823169155422,0.870008067065638,0.869662925553593,0.869197727639164,0.869207673348585,0.869231053650893,0.869167974088502,0.867967264103204,0.867174343500866,0.860298059086394,0.859050174527251,0.858232928263023,0.857626043461451,0.856473443030741,0.777382831683394,NaN,NaN,NaN,NaN,NaN,NaN,NaN,0.90564314643717,0.905616757190103,0.905593597344582,0.905566738545355,0.905539202356564,0.905511065667394,0.905482512265033,0.905454203323266,0.905426684539622,0.905400649175714,0.905376198486431,0.905354248046014,0.905335038655478,0.905318087524339,0.905301136339053,0.905284562476659,0.905268837662577,0.905252948730898,0.90524274151837,0.905072014857856,0.904217633158428
NaN,NaN,NaN,NaN,NaN,NaN,NaN,NaN,NaN,NaN,NaN,NaN,NaN,NaN,NaN,NaN,NaN,NaN,NaN,NaN,NaN,NaN,NaN,NaN,NaN,NaN,NaN,NaN,NaN,NaN,NaN,NaN,NaN,NaN,NaN,NaN,NaN,NaN,NaN,NaN,NaN,NaN,NaN,NaN,NaN,NaN,NaN,NaN,NaN,NaN,NaN,NaN,NaN,NaN,NaN,NaN,NaN,NaN,NaN,NaN,NaN,NaN,NaN,NaN,NaN,NaN,NaN,NaN,NaN,NaN,NaN,NaN,NaN,NaN,NaN,NaN,NaN,NaN,NaN,NaN,NaN,NaN,NaN,NaN,NaN,NaN,NaN,NaN,NaN,NaN,NaN,NaN,NaN,NaN,NaN,NaN,NaN,NaN,NaN,NaN,NaN,NaN,NaN,NaN,NaN,NaN,NaN,NaN,NaN,NaN,NaN,NaN,NaN,NaN,NaN,NaN,NaN,NaN,NaN,NaN,NaN,NaN,NaN,NaN,NaN,NaN,NaN,NaN,NaN,NaN,NaN,NaN,NaN,NaN,NaN,NaN,NaN,NaN,NaN,NaN,NaN,NaN,NaN,NaN,NaN,NaN,NaN,NaN,NaN,NaN,NaN,NaN,NaN,NaN,NaN,NaN,0.717561977342158,0.720857898785253,0.722809102943445,0.72463981968087,0.729587094119375,0.747234043240519,0.806335223165991,0.811562423589934,0.81436441121707,0.816438211362632,0.819277506548332,0.822423619362059,0.825359005709606,0.829019802610859,0.829696094525949,0.808728147489046,0.807821125766517,NaN,0.682425987007696,0.774230542351392,0.778487331423339,0.693111464509942,NaN,NaN,NaN,NaN,NaN,NaN,NaN,NaN,NaN,NaN,NaN,NaN,NaN,NaN,NaN,NaN,0.863769878191666,0.863710534281703,0.864259118765675,0.86501461138176,0.865590194214261,0.866703596064352,0.867564227836146,0.868554032955238,0.869383611978931,0.869756223712843,0.869474529073066,0.868983750482237,0.868994036389175,0.869080696469902,0.869054011423056,0.868340586051949,0.842122882981646,0.85985527048987,0.85907572472979,0.852750520069741,0.844610982919418,0.854638283921354,0.828702417965629,NaN,NaN,NaN,NaN,NaN,NaN,NaN,NaN,NaN,NaN,NaN,NaN,NaN,NaN,NaN,NaN,NaN,NaN,NaN,NaN,NaN,NaN,NaN,NaN,NaN,NaN,NaN,NaN
NaN,NaN,NaN,NaN,NaN,NaN,NaN,NaN,NaN,NaN,NaN,NaN,NaN,NaN,NaN,NaN,NaN,NaN,NaN,NaN,NaN,NaN,NaN,NaN,NaN,NaN,NaN,NaN,NaN,NaN,NaN,NaN,NaN,NaN,NaN,NaN,NaN,NaN,NaN,NaN,NaN,NaN,NaN,NaN,NaN,NaN,NaN,NaN,NaN,NaN,NaN,NaN,NaN,NaN,NaN,NaN,NaN,NaN,NaN,NaN,NaN,NaN,NaN,NaN,NaN,NaN,NaN,NaN,NaN,NaN,NaN,NaN,NaN,NaN,NaN,NaN,NaN,NaN,NaN,NaN,NaN,NaN,NaN,NaN,NaN,NaN,NaN,NaN,NaN,NaN,NaN,NaN,NaN,NaN,NaN,NaN,NaN,NaN,NaN,NaN,NaN,NaN,NaN,NaN,NaN,NaN,NaN,NaN,NaN,NaN,NaN,NaN,NaN,NaN,NaN,NaN,NaN,NaN,NaN,NaN,NaN,NaN,NaN,NaN,NaN,NaN,NaN,NaN,NaN,NaN,NaN,NaN,NaN,NaN,NaN,NaN,NaN,NaN,NaN,NaN,NaN,NaN,NaN,NaN,NaN,NaN,NaN,NaN,NaN,NaN,NaN,NaN,NaN,NaN,NaN,NaN,0.715767813722405,0.719876015223845,0.722677794310019,0.724787736533385,0.72411382856076,0.647061120744464,0.762354483775634,0.80529424182275,0.812876853972666,0.812523601337588,0.813228363170791,0.821092642184744,0.823932628799284,0.828018327454228,0.818634148245864,0.808716034642887,0.803726203684142,0.799267926712121,0.696349140239396,0.778681893953168,0.778719072859167,0.693080880356892,0.69310570261293,0.693045537829211,NaN,NaN,NaN,NaN,NaN,NaN,NaN,NaN,NaN,NaN,NaN,NaN,NaN,0.863905315102358,0.86350206727978,0.86263463697261,0.862263535530579,0.863368015600716,0.864511642305304,0.865579626384258,0.866883417344224,0.868230878202551,0.86922897251796,0.869713715459749,0.869470042996432,0.86894750579189,0.868955041717041,0.869115701450524,0.869152685909696,0.869090687647505,0.868811669585305,0.841613481128214,0.85862597954162,0.857954947126989,0.857501406980654,0.857193258184704,0.85704481564015,0.828557730970087,NaN,NaN,NaN,NaN,NaN,NaN,NaN,NaN,NaN,NaN,NaN,NaN,NaN,NaN,NaN,NaN,NaN,NaN,NaN,NaN,NaN,NaN,NaN,NaN,NaN,NaN,NaN
NaN,NaN,NaN,NaN,NaN,NaN,NaN,NaN,NaN,NaN,NaN,NaN,NaN,NaN,NaN,NaN,NaN,NaN,NaN,NaN,NaN,NaN,NaN,NaN,NaN,NaN,NaN,NaN,NaN,NaN,NaN,NaN,NaN,NaN,NaN,NaN,NaN,NaN,NaN,NaN,NaN,NaN,NaN,NaN,NaN,NaN,NaN,NaN,NaN,NaN,NaN,NaN,NaN,NaN,NaN,NaN,NaN,NaN,NaN,NaN,NaN,NaN,NaN,NaN,NaN,NaN,NaN,NaN,NaN,NaN,NaN,NaN,NaN,NaN,NaN,NaN,NaN,NaN,NaN,NaN,NaN,NaN,NaN,NaN,NaN,NaN,NaN,NaN,NaN,NaN,NaN,NaN,NaN,NaN,NaN,NaN,NaN,NaN,NaN,NaN,NaN,NaN,NaN,NaN,NaN,NaN,NaN,NaN,NaN,NaN,NaN,NaN,NaN,NaN,NaN,NaN,NaN,NaN,NaN,NaN,NaN,NaN,NaN,NaN,NaN,NaN,NaN,NaN,NaN,NaN,NaN,NaN,NaN,NaN,NaN,NaN,NaN,NaN,NaN,NaN,NaN,NaN,NaN,NaN,NaN,NaN,NaN,0.543446801020916,0.613743482214379,NaN,NaN,NaN,NaN,NaN,NaN,0.701305535680174,0.705854094545107,NaN,NaN,NaN,NaN,NaN,NaN,NaN,0.768823543294226,0.758904032274819,0.815931321663539,0.819112208765333,0.817794810340486,NaN,0.737935057627748,0.716922361476274,0.797296393361244,0.706216384874158,NaN,0.692576264447637,0.779396226665836,0.78046080220457,0.781010152389251,0.781245225729064,NaN,NaN,NaN,NaN,NaN,NaN,NaN,NaN,NaN,NaN,NaN,NaN,NaN,0.864451013124162,0.863833275007776,0.862343286830705,0.861279829746376,0.86155882833408,0.863235037112427,0.86490164189685,0.866694900619881,0.868240155074995,0.869390994366612,0.86995340392923,0.869831962670822,0.869413430356202,0.869373859676883,0.869492709829781,0.869498837181106,0.869416786836337,0.869264006908358,NaN,0.855359036341831,0.857886688313088,0.855135000548122,0.80518176064989,0.828572254960628,0.801589329589406,NaN,NaN,NaN,NaN,NaN,NaN,NaN,NaN,NaN,NaN,NaN,NaN,NaN,NaN,NaN,NaN,NaN,NaN,NaN,NaN,NaN,NaN,NaN,NaN,NaN,NaN,NaN
NaN,NaN,NaN,NaN,NaN,NaN,NaN,NaN,NaN,NaN,NaN,NaN,NaN,NaN,NaN,NaN,NaN,NaN,NaN,NaN,NaN,NaN,NaN,NaN,NaN,NaN,NaN,NaN,NaN,NaN,NaN,NaN,NaN,NaN,NaN,NaN,NaN,NaN,NaN,NaN,NaN,NaN,NaN,NaN,NaN,NaN,NaN,NaN,NaN,NaN,NaN,NaN,NaN,NaN,NaN,NaN,NaN,NaN,NaN,NaN,NaN,NaN,NaN,NaN,NaN,NaN,NaN,NaN,NaN,NaN,NaN,NaN,NaN,NaN,NaN,NaN,NaN,NaN,NaN,NaN,NaN,NaN,NaN,NaN,NaN,NaN,NaN,NaN,NaN,NaN,NaN,NaN,NaN,NaN,NaN,NaN,NaN,NaN,NaN,NaN,NaN,NaN,NaN,NaN,NaN,NaN,NaN,NaN,NaN,NaN,NaN,NaN,NaN,NaN,NaN,NaN,NaN,NaN,NaN,NaN,NaN,NaN,NaN,NaN,NaN,NaN,NaN,NaN,NaN,NaN,NaN,NaN,NaN,NaN,NaN,NaN,NaN,NaN,NaN,NaN,NaN,NaN,NaN,NaN,NaN,NaN,NaN,0.613140225523458,0.614285324467815,0.617173702533225,0.629129423111127,0.667975023642978,0.67304654391841,0.677722145922451,0.697765722174942,0.700396610249682,0.703431679087736,NaN,NaN,NaN,NaN,NaN,NaN,NaN,NaN,NaN,0.759742910988354,0.813078506263628,0.812210590695072,0.786342907324942,0.690368573709565,0.603447785156191,NaN,NaN,NaN,0.663875851955942,0.764808143155202,0.781541485062302,0.783668528246436,0.783092329373872,NaN,NaN,NaN,NaN,NaN,NaN,NaN,NaN,NaN,NaN,NaN,NaN,NaN,0.864714143510266,0.863793820017896,0.862126505887764,0.861003754849182,0.861213697149464,0.862695688771348,0.864662985844367,0.86673742677269,0.868427136094431,0.869656169132799,0.870307593944917,0.870358566770085,0.870162274628375,0.870108375263402,0.870034485370166,0.869875596578386,0.869696942839814,0.869664412874838,0.854305683044825,NaN,0.801697605853569,NaN,NaN,0.717319536054319,0.68268674144975,NaN,NaN,NaN,NaN,NaN,NaN,NaN,NaN,NaN,NaN,NaN,NaN,NaN,NaN,NaN,NaN,NaN,NaN,NaN,NaN,NaN,NaN,NaN,NaN,NaN,NaN,NaN
NaN,NaN,NaN,NaN,NaN,NaN,NaN,NaN,NaN,NaN,NaN,NaN,NaN,NaN,NaN,NaN,NaN,NaN,NaN,NaN,NaN,NaN,NaN,NaN,NaN,NaN,NaN,NaN,NaN,NaN,NaN,NaN,NaN,NaN,NaN,NaN,NaN,NaN,NaN,NaN,NaN,NaN,NaN,NaN,NaN,NaN,NaN,NaN,NaN,NaN,NaN,NaN,NaN,NaN,NaN,NaN,NaN,NaN,NaN,NaN,NaN,NaN,NaN,NaN,NaN,NaN,NaN,NaN,NaN,NaN,NaN,NaN,NaN,NaN,NaN,NaN,NaN,NaN,NaN,NaN,NaN,NaN,NaN,NaN,NaN,NaN,NaN,NaN,NaN,NaN,NaN,NaN,NaN,NaN,NaN,NaN,NaN,NaN,NaN,NaN,NaN,NaN,NaN,NaN,NaN,NaN,NaN,NaN,NaN,NaN,NaN,NaN,NaN,NaN,NaN,NaN,NaN,NaN,NaN,NaN,NaN,NaN,NaN,NaN,NaN,NaN,NaN,NaN,NaN,NaN,NaN,NaN,NaN,NaN,NaN,NaN,NaN,NaN,NaN,NaN,NaN,NaN,NaN,NaN,NaN,NaN,0.606697774381959,0.610524152143506,0.613490967204548,0.614218286724485,NaN,0.620222686549754,0.675110010588398,0.695317003730503,0.697294917476389,0.698293404885788,NaN,NaN,NaN,NaN,NaN,NaN,NaN,NaN,NaN,NaN,NaN,0.811448878533213,0.809517085095129,0.809457555375405,0.786140901570157,NaN,NaN,NaN,NaN,0.717212792553612,0.697713271596787,0.783811760656751,0.790872934484987,0.796622254358342,0.794403967189495,0.726426559683214,NaN,NaN,NaN,NaN,NaN,NaN,NaN,NaN,NaN,NaN,NaN,0.864306320894355,0.86269595698372,0.861514207101062,0.860668356094009,0.860984025350739,0.862636480299702,0.86491512087954,0.867046939768108,0.868722874616008,0.869841601010747,0.870601854776728,0.870786333782759,0.870804168517496,0.870696571096713,0.870435378450893,0.87015063195138,0.869927469625939,0.869736440792586,0.847431593179874,0.743784188668477,0.682791542840354,NaN,NaN,NaN,NaN,NaN,NaN,NaN,NaN,NaN,NaN,NaN,NaN,NaN,NaN,NaN,NaN,NaN,NaN,NaN,NaN,NaN,NaN,NaN,NaN,NaN,NaN,NaN,NaN,NaN,NaN,NaN
NaN,NaN,NaN,NaN,NaN,NaN,NaN,NaN,NaN,NaN,NaN,NaN,NaN,NaN,NaN,NaN,NaN,NaN,NaN,NaN,NaN,NaN,NaN,NaN,NaN,NaN,NaN,NaN,NaN,NaN,NaN,NaN,NaN,NaN,NaN,NaN,NaN,NaN,NaN,NaN,NaN,NaN,NaN,NaN,NaN,NaN,NaN,NaN,NaN,NaN,NaN,NaN,NaN,NaN,NaN,NaN,NaN,NaN,NaN,NaN,NaN,NaN,NaN,NaN,NaN,NaN,NaN,NaN,NaN,NaN,NaN,NaN,NaN,NaN,NaN,NaN,NaN,NaN,NaN,NaN,NaN,NaN,NaN,NaN,NaN,NaN,NaN,NaN,NaN,NaN,NaN,NaN,NaN,NaN,NaN,NaN,NaN,NaN,NaN,NaN,NaN,NaN,NaN,NaN,NaN,NaN,NaN,NaN,NaN,NaN,NaN,NaN,NaN,NaN,NaN,NaN,NaN,NaN,NaN,NaN,NaN,NaN,NaN,NaN,NaN,NaN,NaN,NaN,NaN,NaN,NaN,NaN,NaN,NaN,NaN,NaN,NaN,NaN,NaN,NaN,NaN,NaN,0.421419705056192,0.486640593550094,NaN,0.603074249960828,0.604697818519334,0.606914263183755,NaN,NaN,NaN,NaN,NaN,NaN,NaN,NaN,NaN,NaN,NaN,NaN,NaN,NaN,NaN,NaN,NaN,NaN,NaN,NaN,0.806808326796275,0.807305486588151,NaN,NaN,NaN,NaN,0.717430633550773,0.780705191900082,0.731936167515174,NaN,0.79210160656941,0.79959232775408,0.799623317429275,0.794400534645062,NaN,NaN,NaN,NaN,0.853042162234123,0.852753275930575,0.852489994021598,NaN,0.85672199563853,0.856410036384872,0.857942855785661,0.860531723372219,0.86033365738936,0.860111320525935,0.86008750149108,0.860778305458176,0.862892690698375,0.865492381193317,0.867641336586763,0.869093258294326,0.870136675110702,0.870873727973017,0.871266598715376,0.871235954996819,0.871011772017189,0.870667523463661,0.870322341240874,0.870033294021046,0.869475257821851,0.833907151257269,NaN,NaN,NaN,NaN,NaN,NaN,NaN,NaN,NaN,NaN,NaN,NaN,NaN,NaN,NaN,NaN,NaN,NaN,NaN,NaN,NaN,NaN,NaN,NaN,NaN,NaN,NaN,NaN,NaN,NaN,NaN,NaN,NaN
NaN,NaN,NaN,NaN,NaN,NaN,NaN,NaN,NaN,NaN,NaN,NaN,NaN,NaN,NaN,NaN,NaN,NaN,NaN,NaN,NaN,NaN,NaN,NaN,NaN,NaN,NaN,NaN,NaN,NaN,NaN,NaN,NaN,NaN,NaN,NaN,NaN,NaN,NaN,NaN,NaN,NaN,NaN,NaN,NaN,NaN,NaN,NaN,NaN,NaN,NaN,NaN,NaN,NaN,NaN,NaN,NaN,NaN,NaN,NaN,NaN,NaN,NaN,NaN,NaN,NaN,NaN,NaN,NaN,NaN,NaN,NaN,NaN,NaN,NaN,NaN,NaN,NaN,NaN,NaN,NaN,NaN,NaN,NaN,NaN,NaN,NaN,NaN,NaN,NaN,NaN,NaN,NaN,NaN,NaN,NaN,NaN,NaN,NaN,NaN,NaN,NaN,NaN,NaN,NaN,NaN,NaN,NaN,NaN,NaN,NaN,NaN,NaN,NaN,NaN,NaN,NaN,NaN,NaN,NaN,NaN,NaN,NaN,NaN,NaN,NaN,NaN,NaN,NaN,NaN,NaN,NaN,NaN,NaN,NaN,NaN,NaN,NaN,NaN,NaN,0.372261846029622,0.418669565501667,0.485733177965358,0.569468907973782,0.575674378840516,0.581997041028992,0.60293084903471,NaN,NaN,NaN,NaN,NaN,NaN,NaN,NaN,NaN,NaN,NaN,NaN,NaN,NaN,NaN,NaN,NaN,NaN,NaN,NaN,0.791948528277839,0.805024861235607,0.803010814361462,NaN,NaN,NaN,0.778931190104933,0.741534773539252,0.780885747791213,NaN,NaN,0.794341799380511,0.799972576014411,0.799955708623448,NaN,NaN,NaN,NaN,NaN,0.853102936565988,0.852875153247317,0.85279281197486,0.853374168071659,0.855408472757005,0.856334836985585,0.857207350314403,0.858559796253866,0.858874684974349,0.858619989184825,0.859311067695449,0.860794748778242,0.863188873893314,0.866290489943701,0.868762509083068,0.869787236252985,0.870430352354705,0.871237386923062,0.871685168127231,0.871527873165933,0.871181714566865,0.870838721694087,0.870683200874561,NaN,NaN,NaN,NaN,NaN,NaN,NaN,NaN,NaN,NaN,NaN,NaN,NaN,NaN,NaN,NaN,NaN,NaN,NaN,NaN,NaN,NaN,NaN,NaN,NaN,NaN,NaN,NaN,NaN,NaN,NaN,NaN,NaN,NaN,NaN,NaN
NaN,NaN,NaN,NaN,NaN,NaN,NaN,NaN,NaN,NaN,NaN,NaN,NaN,NaN,NaN,NaN,NaN,NaN,NaN,NaN,NaN,NaN,NaN,NaN,NaN,NaN,NaN,NaN,NaN,NaN,NaN,NaN,NaN,NaN,NaN,NaN,NaN,NaN,NaN,NaN,NaN,NaN,NaN,NaN,NaN,NaN,NaN,NaN,NaN,NaN,NaN,NaN,NaN,NaN,NaN,NaN,NaN,NaN,NaN,NaN,NaN,NaN,NaN,NaN,NaN,NaN,NaN,NaN,NaN,NaN,NaN,NaN,NaN,NaN,NaN,NaN,NaN,NaN,NaN,NaN,NaN,NaN,NaN,NaN,NaN,NaN,NaN,NaN,NaN,NaN,NaN,NaN,NaN,NaN,NaN,NaN,NaN,NaN,NaN,NaN,NaN,NaN,NaN,NaN,NaN,NaN,NaN,NaN,NaN,NaN,NaN,NaN,NaN,NaN,NaN,NaN,NaN,NaN,NaN,NaN,NaN,NaN,NaN,NaN,NaN,NaN,NaN,NaN,NaN,NaN,NaN,NaN,NaN,NaN,NaN,NaN,NaN,0.294027436138385,0.303247702896519,0.317796262398168,0.340542845440339,0.3728357211317,0.42018204363979,0.486706450717883,0.557814569357611,NaN,NaN,NaN,NaN,NaN,NaN,NaN,NaN,NaN,NaN,NaN,NaN,NaN,NaN,NaN,NaN,NaN,NaN,NaN,NaN,NaN,NaN,0.784608434243633,0.79503376656743,0.798507807871493,0.784501499476688,0.774862899940331,0.784142240629125,0.787941562317961,0.792967046782281,0.795084530400612,NaN,0.79448162053356,0.799405211422048,0.80028781238753,0.800550961103989,NaN,NaN,NaN,NaN,NaN,0.853056756140881,0.852653125749779,0.852720507318801,0.853482282259386,0.854998858762407,0.855677660586422,0.8564279784403,0.857398771605088,0.857922421943863,0.858250597066807,0.859176775606089,0.860618512544148,0.8629888960928,0.866858940452542,0.86985459100241,0.870961899885913,0.871277250495033,0.871635782855535,0.871868590208481,0.871713633310715,0.871353002724189,0.870946631201285,0.870763508025383,NaN,NaN,NaN,NaN,NaN,NaN,NaN,NaN,NaN,NaN,NaN,NaN,NaN,NaN,NaN,NaN,NaN,NaN,NaN,NaN,NaN,NaN,NaN,NaN,NaN,NaN,NaN,NaN,NaN,NaN,NaN,NaN,NaN,NaN,NaN,NaN
NaN,NaN,NaN,NaN,NaN,NaN,NaN,NaN,NaN,NaN,NaN,NaN,NaN,NaN,NaN,NaN,NaN,NaN,NaN,NaN,NaN,NaN,NaN,NaN,NaN,NaN,NaN,NaN,NaN,NaN,NaN,NaN,NaN,NaN,NaN,NaN,NaN,NaN,NaN,NaN,NaN,NaN,NaN,NaN,NaN,NaN,NaN,NaN,NaN,NaN,NaN,NaN,NaN,NaN,NaN,NaN,NaN,NaN,NaN,NaN,NaN,NaN,NaN,NaN,NaN,NaN,NaN,NaN,NaN,NaN,NaN,NaN,NaN,NaN,NaN,NaN,NaN,NaN,NaN,NaN,NaN,NaN,NaN,NaN,NaN,NaN,NaN,NaN,NaN,NaN,NaN,NaN,NaN,NaN,NaN,NaN,NaN,NaN,NaN,NaN,NaN,NaN,NaN,NaN,NaN,NaN,NaN,NaN,NaN,NaN,NaN,NaN,NaN,NaN,NaN,NaN,NaN,NaN,NaN,NaN,NaN,NaN,NaN,NaN,NaN,NaN,NaN,NaN,NaN,NaN,NaN,NaN,NaN,NaN,NaN,NaN,NaN,0.288136452890786,0.294334367246499,0.3041839998531,0.319138695478002,0.341143743361145,0.374388456423676,0.421192845571375,0.476324184556502,NaN,NaN,NaN,NaN,NaN,NaN,NaN,NaN,NaN,NaN,NaN,NaN,NaN,NaN,NaN,NaN,NaN,NaN,NaN,NaN,NaN,0.693030153723937,0.782795500269544,0.797780952375678,0.797495793789602,0.796934635984611,0.796673964104387,0.79143304058298,0.79308068661951,0.796333121016904,0.796958960476,0.797452533844695,0.79884295806991,0.800246133629835,0.801174344111213,0.802609140077928,NaN,NaN,NaN,NaN,NaN,0.851908560301445,0.851723475329629,0.852356987451862,0.853541447364123,0.854444262271269,0.8554046671693,0.856052444083676,0.856961424717533,0.857738304233502,0.858529264274272,0.859610368683927,0.860475505581396,0.861781577027221,0.867027510188053,0.87066875327468,0.871705462986915,0.872097879953021,0.872205532910151,0.872142501116221,0.87190088405888,0.871683495353349,NaN,NaN,NaN,NaN,NaN,NaN,NaN,NaN,NaN,NaN,NaN,NaN,NaN,NaN,NaN,NaN,NaN,NaN,NaN,NaN,NaN,NaN,NaN,NaN,NaN,NaN,NaN,NaN,NaN,NaN,NaN,NaN,NaN,NaN,NaN,NaN,NaN,NaN
NaN,NaN,NaN,NaN,NaN,NaN,NaN,NaN,NaN,NaN,NaN,NaN,NaN,NaN,NaN,NaN,NaN,NaN,NaN,NaN,NaN,NaN,NaN,NaN,NaN,NaN,NaN,NaN,NaN,NaN,NaN,NaN,NaN,NaN,NaN,NaN,NaN,NaN,NaN,NaN,NaN,NaN,NaN,NaN,NaN,NaN,NaN,NaN,NaN,NaN,NaN,NaN,NaN,NaN,NaN,NaN,NaN,NaN,NaN,NaN,NaN,NaN,NaN,NaN,NaN,NaN,NaN,NaN,NaN,NaN,NaN,NaN,NaN,NaN,NaN,NaN,NaN,NaN,NaN,NaN,NaN,NaN,NaN,NaN,NaN,NaN,NaN,NaN,NaN,NaN,NaN,NaN,NaN,NaN,NaN,NaN,NaN,NaN,NaN,NaN,NaN,NaN,NaN,NaN,NaN,NaN,NaN,NaN,NaN,NaN,NaN,NaN,NaN,NaN,NaN,NaN,NaN,NaN,NaN,NaN,NaN,NaN,NaN,NaN,NaN,NaN,NaN,NaN,NaN,NaN,NaN,NaN,NaN,NaN,NaN,NaN,NaN,0.283938031834515,0.288116462782836,0.294689262567125,0.304387245941986,0.318172490379137,NaN,NaN,NaN,NaN,NaN,NaN,NaN,NaN,NaN,NaN,NaN,NaN,NaN,NaN,NaN,NaN,NaN,NaN,NaN,NaN,NaN,NaN,0.665325418386612,0.766358038982641,0.781343598077633,0.781900454849813,0.784717152078332,0.797126518228782,0.796902484581519,0.796870053050551,0.79686723804289,0.796838406859811,0.796815596771438,0.796828083897837,0.79711525389953,0.79811277916668,0.800913182354887,0.80366780498086,0.809047599267403,NaN,NaN,NaN,NaN,0.849273733247637,0.849799716199489,0.850252307328404,0.851564270787229,0.8533678297285,0.855466306068053,0.855831262755277,0.856689189413389,0.857307375062516,0.85806931989614,0.859257489122628,0.860127360500238,0.860074783647806,0.859178111998768,NaN,NaN,NaN,0.8725217815053,0.872525991308699,NaN,NaN,NaN,NaN,NaN,NaN,NaN,NaN,NaN,NaN,NaN,NaN,NaN,NaN,NaN,NaN,NaN,NaN,NaN,NaN,NaN,NaN,NaN,NaN,NaN,NaN,NaN,NaN,NaN,NaN,NaN,NaN,NaN,NaN,NaN,NaN,NaN,NaN,NaN,NaN,NaN
NaN,NaN,NaN,NaN,NaN,NaN,NaN,NaN,NaN,NaN,NaN,NaN,NaN,NaN,NaN,NaN,NaN,NaN,NaN,NaN,NaN,NaN,NaN,NaN,NaN,NaN,NaN,NaN,NaN,NaN,NaN,NaN,NaN,NaN,NaN,NaN,NaN,NaN,NaN,NaN,NaN,NaN,NaN,NaN,NaN,NaN,NaN,NaN,NaN,NaN,NaN,NaN,NaN,NaN,NaN,NaN,NaN,NaN,NaN,NaN,NaN,NaN,NaN,NaN,NaN,NaN,NaN,NaN,NaN,NaN,NaN,NaN,NaN,NaN,NaN,NaN,NaN,NaN,NaN,NaN,NaN,NaN,NaN,NaN,NaN,NaN,NaN,NaN,NaN,NaN,NaN,NaN,NaN,NaN,NaN,NaN,NaN,NaN,NaN,NaN,NaN,NaN,NaN,NaN,NaN,NaN,NaN,NaN,NaN,NaN,NaN,NaN,NaN,NaN,NaN,NaN,NaN,NaN,NaN,NaN,NaN,NaN,NaN,NaN,NaN,NaN,NaN,NaN,NaN,NaN,NaN,NaN,NaN,NaN,NaN,NaN,NaN,0.28100839167804,0.283808341081268,0.288433884735067,0.294763686869943,0.30373860485376,NaN,NaN,NaN,NaN,NaN,NaN,NaN,NaN,NaN,NaN,NaN,NaN,NaN,NaN,NaN,NaN,NaN,NaN,NaN,NaN,NaN,NaN,0.560761493357288,0.66533410566919,0.748010530743431,0.781585964686717,0.782319189315527,0.79644708624942,0.796920878097218,0.796919788028665,0.796907182139978,0.796840653701326,0.796751789632583,0.796712812926696,0.796824189688711,0.797735839690463,0.801006941572329,0.8070843264832,0.815943830515574,0.823152145984964,NaN,NaN,0.848938460622942,0.848210716164395,0.847982524910798,0.847864258116833,0.850969347666404,0.853698768606939,0.85585355539894,0.857790989299852,0.859342311920896,0.858528069700426,0.858116208809322,0.859744481351838,0.860452976671447,0.859964621644826,0.859431580785165,NaN,NaN,NaN,NaN,NaN,NaN,NaN,NaN,NaN,NaN,NaN,NaN,NaN,NaN,NaN,NaN,NaN,NaN,NaN,NaN,NaN,NaN,NaN,NaN,NaN,NaN,NaN,NaN,NaN,NaN,NaN,NaN,NaN,NaN,NaN,NaN,NaN,NaN,NaN,NaN,NaN,NaN,NaN,NaN,NaN,NaN
NaN,NaN,NaN,NaN,NaN,NaN,NaN,NaN,NaN,NaN,NaN,NaN,NaN,NaN,NaN,NaN,NaN,NaN,NaN,NaN,NaN,NaN,NaN,NaN,NaN,NaN,NaN,NaN,NaN,NaN,NaN,NaN,NaN,NaN,NaN,NaN,NaN,NaN,NaN,NaN,NaN,NaN,NaN,NaN,NaN,NaN,NaN,NaN,NaN,NaN,NaN,NaN,NaN,NaN,NaN,NaN,NaN,NaN,NaN,NaN,NaN,NaN,NaN,NaN,NaN,NaN,NaN,NaN,NaN,NaN,NaN,NaN,NaN,NaN,NaN,NaN,NaN,NaN,NaN,NaN,NaN,NaN,NaN,NaN,NaN,NaN,NaN,NaN,NaN,NaN,NaN,NaN,NaN,NaN,NaN,NaN,NaN,NaN,NaN,NaN,NaN,NaN,NaN,NaN,NaN,NaN,NaN,NaN,NaN,NaN,NaN,NaN,NaN,NaN,NaN,NaN,NaN,NaN,NaN,NaN,NaN,NaN,NaN,NaN,NaN,NaN,NaN,NaN,NaN,NaN,NaN,NaN,NaN,NaN,NaN,NaN,NaN,0.279086215039805,0.280766962378966,NaN,0.288861109192699,0.294603232385064,NaN,NaN,NaN,NaN,NaN,NaN,NaN,NaN,NaN,NaN,NaN,NaN,NaN,NaN,NaN,NaN,NaN,NaN,NaN,NaN,NaN,0.465659656105782,0.536405390290014,0.634394946721284,0.743947584419761,0.782313225289156,0.786524852502744,0.794462165217382,0.796935265145526,0.79692197837455,0.796903450994286,0.796846366099972,0.796734672292803,0.796291807159874,0.795836537550619,0.797102608368882,0.801228060323076,0.809799937810261,0.820192717735806,0.828360083245948,0.83614331054879,0.836149367852526,0.843524342900362,0.845193108299848,0.846176864924787,0.846313991443116,0.847822068134582,0.853660745171101,0.856646326785919,0.860148273668248,0.861838296469708,0.860356006349427,0.858761242841747,0.859476980451746,0.860265782495075,0.860325393222408,0.860383318759183,NaN,NaN,NaN,NaN,NaN,NaN,NaN,NaN,NaN,0.33055789501026,0.327456970287806,0.325430198170626,NaN,NaN,NaN,NaN,NaN,NaN,NaN,NaN,NaN,NaN,NaN,NaN,NaN,NaN,NaN,NaN,NaN,NaN,NaN,NaN,NaN,NaN,NaN,NaN,NaN,NaN,NaN,NaN,NaN,NaN,NaN,NaN,NaN,NaN
NaN,NaN,NaN,NaN,NaN,NaN,NaN,NaN,NaN,NaN,NaN,NaN,NaN,NaN,NaN,NaN,NaN,NaN,NaN,NaN,NaN,NaN,NaN,NaN,NaN,NaN,NaN,NaN,NaN,NaN,NaN,NaN,NaN,NaN,NaN,NaN,NaN,NaN,NaN,NaN,NaN,NaN,NaN,NaN,NaN,NaN,NaN,NaN,NaN,NaN,NaN,NaN,NaN,NaN,NaN,NaN,NaN,NaN,NaN,NaN,NaN,NaN,NaN,NaN,NaN,NaN,NaN,NaN,NaN,NaN,NaN,NaN,NaN,NaN,NaN,NaN,NaN,NaN,NaN,NaN,NaN,NaN,NaN,NaN,NaN,NaN,NaN,NaN,NaN,NaN,NaN,NaN,NaN,NaN,NaN,NaN,NaN,NaN,NaN,NaN,NaN,NaN,NaN,NaN,NaN,NaN,NaN,NaN,NaN,NaN,NaN,NaN,NaN,NaN,NaN,NaN,NaN,NaN,NaN,NaN,NaN,NaN,NaN,NaN,NaN,NaN,NaN,NaN,NaN,NaN,NaN,NaN,NaN,NaN,NaN,NaN,NaN,NaN,NaN,NaN,NaN,NaN,NaN,NaN,NaN,NaN,NaN,NaN,NaN,NaN,NaN,NaN,NaN,NaN,NaN,NaN,NaN,NaN,NaN,NaN,NaN,NaN,NaN,0.534721032837629,0.631961652749421,0.741961935983806,0.786444131461822,0.786807054013341,0.796256108274985,0.796841096261864,0.796971488811468,0.796944198405473,0.796906928909129,0.796906077318269,0.796878968778417,0.796125903901459,0.795557608250548,0.796702796445367,0.800654128877897,0.809768664549302,0.821155343676559,0.828968972767859,0.834162846849162,0.837135926926116,0.84140643918321,0.844058105740292,0.845832291480532,0.845827353003409,0.84360288883021,NaN,0.862102084639468,0.861909253770914,0.862531653724568,0.86126681799456,0.859542899780766,0.859157140573309,0.85995385263237,0.860376080245634,0.860875262614983,NaN,NaN,NaN,NaN,NaN,NaN,NaN,NaN,0.343337560191851,0.335625590523708,0.330504502690931,0.327349974213449,NaN,NaN,NaN,NaN,NaN,NaN,NaN,NaN,NaN,NaN,NaN,NaN,NaN,NaN,NaN,NaN,NaN,NaN,NaN,NaN,NaN,NaN,NaN,NaN,NaN,NaN,NaN,NaN,NaN,NaN,NaN,NaN,NaN,NaN
NaN,NaN,NaN,NaN,NaN,NaN,NaN,NaN,NaN,NaN,NaN,NaN,NaN,NaN,NaN,NaN,NaN,NaN,NaN,NaN,NaN,NaN,NaN,NaN,NaN,NaN,NaN,NaN,NaN,NaN,NaN,NaN,NaN,NaN,NaN,NaN,NaN,NaN,NaN,NaN,NaN,NaN,NaN,NaN,NaN,NaN,NaN,NaN,NaN,NaN,NaN,NaN,NaN,NaN,NaN,NaN,NaN,NaN,NaN,NaN,NaN,NaN,NaN,NaN,NaN,NaN,NaN,NaN,NaN,NaN,NaN,NaN,NaN,NaN,NaN,NaN,NaN,NaN,NaN,NaN,NaN,NaN,NaN,NaN,NaN,NaN,NaN,NaN,NaN,NaN,NaN,NaN,NaN,NaN,NaN,NaN,NaN,NaN,NaN,NaN,NaN,NaN,NaN,NaN,NaN,NaN,NaN,NaN,NaN,NaN,NaN,NaN,NaN,NaN,NaN,NaN,NaN,NaN,NaN,NaN,NaN,NaN,NaN,NaN,NaN,NaN,NaN,NaN,NaN,NaN,NaN,NaN,NaN,NaN,NaN,NaN,NaN,NaN,NaN,NaN,NaN,NaN,NaN,NaN,NaN,NaN,NaN,NaN,NaN,NaN,NaN,NaN,NaN,NaN,NaN,NaN,NaN,NaN,NaN,0.373835909898557,0.401458606169187,0.443721078362022,0.507063269795318,0.596164875034773,0.632071141368463,0.631737690977768,0.735811960011454,0.793774653568034,0.796763065009181,0.796905799884518,0.797069357101737,0.797038186850438,0.797053712000657,0.797220920560161,0.797150259919901,0.796299350396067,0.795751746015614,0.796522981134215,0.800150904262944,0.809996758559908,0.820968616939734,0.828944480334376,0.83469156545262,0.836844294135541,0.840279908747823,0.844070523927388,0.847268031184929,0.847182402127133,0.845349375160822,0.844920031427159,0.855599618478157,0.859526817682529,0.861287211460982,0.860723481784783,0.859563927316766,0.859129747998124,0.859156499083682,0.859699053452979,NaN,NaN,NaN,NaN,NaN,0.506781861023263,0.448879482932069,0.406104911801057,0.376859676382881,0.355603283794655,0.342932168830678,0.335050676146158,0.330246929171407,NaN,NaN,NaN,NaN,NaN,NaN,NaN,NaN,NaN,NaN,NaN,NaN,NaN,NaN,NaN,NaN,NaN,NaN,NaN,NaN,NaN,NaN,NaN,NaN,NaN,NaN,NaN,NaN,NaN,NaN,NaN,NaN,NaN,NaN
NaN,NaN,NaN,NaN,NaN,NaN,NaN,NaN,NaN,NaN,NaN,NaN,NaN,NaN,NaN,NaN,NaN,NaN,NaN,NaN,NaN,NaN,NaN,NaN,NaN,NaN,NaN,NaN,NaN,NaN,NaN,NaN,NaN,NaN,NaN,NaN,NaN,NaN,NaN,NaN,NaN,NaN,NaN,NaN,NaN,NaN,NaN,NaN,NaN,NaN,NaN,NaN,NaN,NaN,NaN,NaN,NaN,NaN,NaN,NaN,NaN,NaN,NaN,NaN,NaN,NaN,NaN,NaN,NaN,NaN,NaN,NaN,NaN,NaN,NaN,NaN,NaN,NaN,NaN,NaN,NaN,NaN,NaN,NaN,NaN,NaN,NaN,NaN,NaN,NaN,NaN,NaN,NaN,NaN,NaN,NaN,NaN,NaN,NaN,NaN,NaN,NaN,NaN,NaN,NaN,NaN,NaN,NaN,NaN,NaN,NaN,NaN,NaN,NaN,NaN,NaN,NaN,NaN,NaN,NaN,NaN,NaN,NaN,NaN,NaN,NaN,NaN,NaN,NaN,NaN,NaN,NaN,NaN,NaN,NaN,NaN,NaN,NaN,NaN,NaN,NaN,NaN,NaN,NaN,NaN,NaN,NaN,NaN,NaN,NaN,NaN,NaN,NaN,NaN,NaN,NaN,NaN,NaN,NaN,0.370576901044549,0.396496760693635,0.435535533997507,NaN,NaN,NaN,0.681880529465995,0.685315021476205,0.779959029079165,0.796641920885904,0.796959835774892,0.797184782722229,0.797180141983918,0.797529987868631,0.797839760131593,0.797496214132209,0.796597308054187,0.796928129208845,0.797644115776222,0.800369336475267,0.812143728501463,0.821072661213402,0.824774825333417,0.835479055582873,0.836823779559385,0.839629817561214,0.840538418123093,0.846220036951094,0.847429987333498,0.849166786463935,0.852322288995353,0.856341080231158,0.85894717501431,0.860274182160691,0.859597052325443,0.859119058115918,0.85901883759492,0.858671052954949,0.858753364011706,0.858802593550058,NaN,NaN,NaN,0.701505071970866,0.590352960930261,0.506817459181651,NaN,NaN,NaN,NaN,NaN,NaN,NaN,NaN,NaN,NaN,NaN,NaN,NaN,NaN,NaN,NaN,NaN,NaN,NaN,NaN,NaN,NaN,NaN,NaN,NaN,NaN,NaN,NaN,NaN,NaN,NaN,NaN,NaN,NaN,NaN,NaN,NaN,NaN,NaN,NaN
NaN,NaN,NaN,NaN,NaN,NaN,NaN,NaN,NaN,NaN,NaN,NaN,NaN,NaN,NaN,NaN,NaN,NaN,NaN,NaN,NaN,NaN,NaN,NaN,NaN,NaN,NaN,NaN,NaN,NaN,NaN,NaN,NaN,NaN,NaN,NaN,NaN,NaN,NaN,NaN,NaN,NaN,NaN,NaN,NaN,NaN,NaN,NaN,NaN,NaN,NaN,NaN,NaN,NaN,NaN,NaN,NaN,NaN,NaN,NaN,NaN,NaN,NaN,NaN,NaN,NaN,NaN,NaN,NaN,NaN,NaN,NaN,NaN,NaN,NaN,NaN,NaN,NaN,NaN,NaN,NaN,NaN,NaN,NaN,NaN,NaN,NaN,NaN,NaN,NaN,NaN,NaN,NaN,NaN,NaN,NaN,NaN,NaN,NaN,NaN,NaN,NaN,NaN,NaN,NaN,NaN,NaN,NaN,NaN,NaN,NaN,NaN,NaN,NaN,NaN,NaN,NaN,NaN,NaN,NaN,NaN,NaN,NaN,NaN,NaN,NaN,NaN,NaN,NaN,NaN,NaN,NaN,NaN,NaN,NaN,NaN,NaN,NaN,NaN,NaN,NaN,NaN,NaN,NaN,NaN,NaN,NaN,NaN,NaN,NaN,NaN,NaN,NaN,NaN,NaN,NaN,NaN,NaN,NaN,NaN,0.435145466593402,0.492592328154915,0.574644649364637,0.675235093043438,0.676262019696599,0.679075934234299,0.681164045695957,NaN,NaN,0.796822868644116,0.797262431525724,NaN,NaN,0.799513078670634,0.798089014398213,0.797881234903823,0.798201318119395,0.799098790757925,0.805641200514173,0.82019804427675,0.821664071959803,0.814212183387694,NaN,NaN,NaN,NaN,0.850334933580042,0.85303069430106,0.855429636231095,0.856796879684512,0.857912340458645,0.859560052653683,0.860924380436286,0.859133327481717,0.858950270209852,0.859048120840763,0.858749552597108,0.858559230976146,0.858499562083586,0.859013748923873,NaN,NaN,0.807631149244014,0.70170371860572,NaN,NaN,NaN,NaN,NaN,NaN,NaN,NaN,NaN,NaN,NaN,NaN,NaN,NaN,NaN,NaN,NaN,NaN,NaN,NaN,NaN,NaN,NaN,NaN,NaN,NaN,NaN,NaN,NaN,NaN,NaN,NaN,NaN,NaN,NaN,NaN,NaN,NaN,NaN,NaN,NaN
NaN,NaN,NaN,NaN,NaN,NaN,NaN,NaN,NaN,NaN,NaN,NaN,NaN,NaN,NaN,NaN,NaN,NaN,NaN,NaN,NaN,NaN,NaN,NaN,NaN,NaN,NaN,NaN,NaN,NaN,NaN,NaN,NaN,NaN,NaN,NaN,NaN,NaN,NaN,NaN,NaN,NaN,NaN,NaN,NaN,NaN,NaN,NaN,NaN,NaN,NaN,NaN,NaN,NaN,NaN,NaN,NaN,NaN,NaN,NaN,NaN,NaN,NaN,NaN,NaN,NaN,NaN,NaN,NaN,NaN,NaN,NaN,NaN,NaN,NaN,NaN,NaN,NaN,NaN,NaN,NaN,NaN,NaN,NaN,NaN,NaN,NaN,NaN,NaN,NaN,NaN,NaN,NaN,NaN,NaN,NaN,NaN,NaN,NaN,NaN,NaN,NaN,NaN,NaN,NaN,NaN,NaN,NaN,NaN,NaN,NaN,NaN,NaN,NaN,NaN,NaN,NaN,NaN,NaN,NaN,NaN,NaN,NaN,NaN,NaN,NaN,NaN,NaN,NaN,NaN,NaN,NaN,NaN,NaN,NaN,NaN,NaN,NaN,NaN,NaN,NaN,NaN,NaN,NaN,NaN,NaN,NaN,NaN,NaN,NaN,NaN,NaN,NaN,NaN,NaN,NaN,NaN,NaN,0.395931768668585,0.43466696483249,0.492136361468772,0.574183759888555,0.674757149225818,0.675159161589585,0.675538501247576,0.676227136400851,NaN,NaN,NaN,0.797781213791465,0.799014671037895,0.799008900005445,NaN,0.800897139475683,0.800124311583374,0.798966568379522,0.794892817491896,0.795537864418229,0.80677241391447,0.826899994289112,0.828734779936837,NaN,NaN,NaN,NaN,NaN,NaN,0.857640139052588,0.858352330737933,0.858385865552684,0.857802373764961,NaN,NaN,0.85860902403894,0.859245427081591,0.859475784074116,0.859054793183906,0.858812018816128,0.858314845336314,0.857018819609617,0.850967945406987,0.84291707729061,0.837311060203793,0.781624135172492,NaN,NaN,NaN,NaN,NaN,NaN,NaN,NaN,NaN,NaN,NaN,NaN,NaN,NaN,NaN,NaN,NaN,NaN,NaN,NaN,NaN,NaN,NaN,NaN,NaN,NaN,NaN,NaN,NaN,NaN,NaN,NaN,NaN,NaN,NaN,NaN,NaN,NaN,NaN,NaN,NaN
NaN,NaN,NaN,NaN,NaN,NaN,NaN,NaN,NaN,NaN,NaN,NaN,NaN,NaN,NaN,NaN,NaN,NaN,NaN,NaN,NaN,NaN,NaN,NaN,NaN,NaN,NaN,NaN,NaN,NaN,NaN,NaN,NaN,NaN,NaN,NaN,NaN,NaN,NaN,NaN,NaN,NaN,NaN,NaN,NaN,NaN,NaN,NaN,NaN,NaN,NaN,NaN,NaN,NaN,NaN,NaN,NaN,NaN,NaN,NaN,NaN,NaN,NaN,NaN,NaN,NaN,NaN,NaN,NaN,NaN,NaN,NaN,NaN,NaN,NaN,NaN,NaN,NaN,NaN,NaN,NaN,NaN,NaN,NaN,NaN,NaN,NaN,NaN,NaN,NaN,NaN,NaN,NaN,NaN,NaN,NaN,NaN,NaN,NaN,NaN,NaN,NaN,NaN,NaN,NaN,NaN,NaN,NaN,NaN,NaN,NaN,NaN,NaN,NaN,NaN,NaN,NaN,NaN,NaN,NaN,NaN,NaN,NaN,NaN,NaN,NaN,NaN,NaN,NaN,NaN,NaN,NaN,NaN,NaN,NaN,NaN,NaN,NaN,NaN,NaN,NaN,NaN,NaN,NaN,NaN,NaN,NaN,NaN,NaN,NaN,NaN,NaN,NaN,NaN,NaN,NaN,NaN,NaN,0.415627716025563,0.464042064720506,0.534982019345118,0.631152638354731,0.674851866323689,0.67510939836692,0.675337219224551,0.675461277101672,NaN,NaN,NaN,0.797982340994709,0.798983751645088,0.799162953639269,0.799677472314897,0.800901597042837,0.802709722051388,0.797074260770228,0.788951260355141,0.79055022068374,0.802739095473484,NaN,NaN,NaN,NaN,NaN,NaN,NaN,NaN,NaN,NaN,NaN,NaN,NaN,NaN,0.858596093075178,0.858977320841503,NaN,0.858651675845205,0.85942278585066,0.858310460679537,0.854479423567385,0.845544724258766,0.8385283477481,0.838121130700073,NaN,NaN,NaN,NaN,NaN,NaN,NaN,NaN,NaN,NaN,NaN,NaN,NaN,NaN,NaN,NaN,NaN,NaN,NaN,NaN,NaN,NaN,NaN,NaN,NaN,NaN,NaN,NaN,NaN,NaN,NaN,NaN,NaN,NaN,NaN,NaN,NaN,NaN,NaN,NaN,NaN,NaN
NaN,NaN,NaN,NaN,NaN,NaN,NaN,NaN,NaN,NaN,NaN,NaN,NaN,NaN,NaN,NaN,NaN,NaN,NaN,NaN,NaN,NaN,NaN,NaN,NaN,NaN,NaN,NaN,NaN,NaN,NaN,NaN,NaN,NaN,NaN,NaN,NaN,NaN,NaN,NaN,NaN,NaN,NaN,NaN,NaN,NaN,NaN,NaN,NaN,NaN,NaN,NaN,NaN,NaN,NaN,NaN,NaN,NaN,NaN,NaN,NaN,NaN,NaN,NaN,NaN,NaN,NaN,NaN,NaN,NaN,NaN,NaN,NaN,NaN,NaN,NaN,NaN,NaN,NaN,NaN,NaN,NaN,NaN,NaN,NaN,NaN,NaN,NaN,NaN,NaN,NaN,NaN,NaN,NaN,NaN,NaN,NaN,NaN,NaN,NaN,NaN,NaN,NaN,NaN,NaN,NaN,NaN,NaN,NaN,NaN,NaN,NaN,NaN,NaN,NaN,NaN,NaN,NaN,NaN,NaN,NaN,NaN,NaN,NaN,NaN,NaN,NaN,NaN,NaN,NaN,NaN,NaN,NaN,NaN,NaN,NaN,NaN,NaN,NaN,NaN,NaN,NaN,NaN,NaN,NaN,NaN,NaN,NaN,NaN,NaN,NaN,NaN,NaN,NaN,NaN,NaN,NaN,NaN,NaN,NaN,NaN,NaN,0.631665497939916,0.656744104431488,0.675234760022023,0.675177093568483,NaN,NaN,NaN,0.796233693754782,0.797003755263623,0.797864631096504,0.798344320350414,NaN,NaN,0.789900335139583,0.782221043288541,0.77894085242256,0.787228482934567,NaN,NaN,NaN,NaN,NaN,NaN,NaN,NaN,NaN,NaN,NaN,NaN,NaN,0.856591963945679,0.857550860662976,0.858088702364112,NaN,NaN,NaN,NaN,0.84593925726452,0.836801694521757,0.834647842017443,0.835169415307657,NaN,NaN,NaN,NaN,NaN,NaN,NaN,NaN,NaN,NaN,NaN,NaN,NaN,NaN,NaN,NaN,NaN,NaN,NaN,NaN,NaN,NaN,NaN,NaN,NaN,NaN,NaN,NaN,NaN,NaN,NaN,NaN,NaN,NaN,NaN,NaN,NaN,NaN,NaN,NaN,NaN,NaN
NaN,NaN,NaN,NaN,NaN,NaN,NaN,NaN,NaN,NaN,NaN,NaN,NaN,NaN,NaN,NaN,NaN,NaN,NaN,NaN,NaN,NaN,NaN,NaN,NaN,NaN,NaN,NaN,NaN,NaN,NaN,NaN,NaN,NaN,NaN,NaN,NaN,NaN,NaN,NaN,NaN,NaN,NaN,NaN,NaN,NaN,NaN,NaN,NaN,NaN,NaN,NaN,NaN,NaN,NaN,NaN,NaN,NaN,NaN,NaN,NaN,NaN,NaN,NaN,NaN,NaN,NaN,NaN,NaN,NaN,NaN,NaN,NaN,NaN,NaN,NaN,NaN,NaN,NaN,NaN,NaN,NaN,NaN,NaN,NaN,NaN,NaN,NaN,NaN,NaN,NaN,NaN,NaN,NaN,NaN,NaN,NaN,NaN,NaN,NaN,NaN,NaN,NaN,NaN,NaN,NaN,NaN,NaN,NaN,NaN,NaN,NaN,NaN,NaN,NaN,NaN,NaN,NaN,NaN,NaN,NaN,NaN,NaN,NaN,NaN,NaN,NaN,NaN,NaN,NaN,NaN,NaN,NaN,NaN,NaN,NaN,NaN,NaN,NaN,NaN,NaN,NaN,NaN,NaN,NaN,NaN,NaN,NaN,NaN,NaN,NaN,NaN,NaN,NaN,NaN,NaN,NaN,NaN,NaN,NaN,NaN,NaN,NaN,NaN,NaN,NaN,NaN,0.686532478982693,0.772892245748583,0.787829487565843,0.793114341003043,0.793012524333882,NaN,NaN,NaN,0.779052185554338,0.774494977361492,0.770688938088661,0.772646043617517,NaN,NaN,NaN,NaN,NaN,NaN,NaN,NaN,NaN,NaN,NaN,NaN,0.856762828887868,0.856786158200183,0.857262545452507,0.857661606316952,0.857560126877438,NaN,NaN,NaN,NaN,0.829943543047921,0.830674502867516,0.83042951365097,NaN,NaN,NaN,NaN,NaN,NaN,NaN,NaN,NaN,NaN,NaN,NaN,NaN,NaN,NaN,NaN,NaN,NaN,NaN,NaN,NaN,NaN,NaN,NaN,NaN,NaN,NaN,NaN,NaN,NaN,NaN,NaN,NaN,NaN,NaN,NaN,NaN,NaN,NaN,NaN,NaN,NaN
NaN,NaN,NaN,NaN,NaN,NaN,NaN,NaN,NaN,NaN,NaN,NaN,NaN,NaN,NaN,NaN,NaN,NaN,NaN,NaN,NaN,NaN,NaN,NaN,NaN,NaN,NaN,NaN,NaN,NaN,NaN,NaN,NaN,NaN,NaN,NaN,NaN,NaN,NaN,NaN,NaN,NaN,NaN,NaN,NaN,NaN,NaN,NaN,NaN,NaN,NaN,NaN,NaN,NaN,NaN,NaN,NaN,NaN,NaN,NaN,NaN,NaN,NaN,NaN,NaN,NaN,NaN,NaN,NaN,NaN,NaN,NaN,NaN,NaN,NaN,NaN,NaN,NaN,NaN,NaN,NaN,NaN,NaN,NaN,NaN,NaN,NaN,NaN,NaN,NaN,NaN,NaN,NaN,NaN,NaN,NaN,NaN,NaN,NaN,NaN,NaN,NaN,NaN,NaN,NaN,NaN,NaN,NaN,NaN,NaN,NaN,NaN,NaN,NaN,NaN,NaN,NaN,NaN,NaN,NaN,NaN,NaN,NaN,NaN,NaN,NaN,NaN,NaN,NaN,NaN,NaN,NaN,NaN,NaN,NaN,NaN,NaN,NaN,NaN,NaN,NaN,NaN,NaN,NaN,NaN,NaN,NaN,NaN,NaN,NaN,NaN,NaN,NaN,NaN,NaN,NaN,NaN,NaN,NaN,NaN,NaN,NaN,NaN,NaN,NaN,NaN,NaN,0.769919057053643,0.774583193376409,0.779626760912617,0.787179131011505,0.786129915707619,0.716925530489846,NaN,NaN,0.769539219751003,0.769345185837308,0.767589118126001,0.772242714790239,NaN,NaN,NaN,NaN,NaN,NaN,NaN,NaN,NaN,NaN,NaN,NaN,0.856735590651437,0.856838998794865,0.857279413177641,0.857656156065887,0.857693165519335,NaN,NaN,NaN,NaN,0.826351132036924,0.826167113762643,0.824061267174517,0.820929741488391,0.819395401632563,0.788686580260232,NaN,NaN,NaN,NaN,NaN,NaN,NaN,NaN,NaN,NaN,NaN,NaN,NaN,NaN,NaN,NaN,NaN,NaN,NaN,NaN,NaN,NaN,NaN,NaN,NaN,NaN,NaN,NaN,NaN,NaN,NaN,NaN,NaN,NaN,NaN,NaN,NaN,NaN,NaN
NaN,NaN,NaN,NaN,NaN,NaN,NaN,NaN,NaN,NaN,NaN,NaN,NaN,NaN,NaN,NaN,NaN,NaN,NaN,NaN,NaN,NaN,NaN,NaN,NaN,NaN,NaN,NaN,NaN,NaN,NaN,NaN,NaN,NaN,NaN,NaN,NaN,NaN,NaN,NaN,NaN,NaN,NaN,NaN,NaN,NaN,NaN,NaN,NaN,NaN,NaN,NaN,NaN,NaN,NaN,NaN,NaN,NaN,NaN,NaN,NaN,NaN,NaN,NaN,NaN,NaN,NaN,NaN,NaN,NaN,NaN,NaN,NaN,NaN,NaN,NaN,NaN,NaN,NaN,NaN,NaN,NaN,NaN,NaN,NaN,NaN,NaN,NaN,NaN,NaN,NaN,NaN,NaN,NaN,NaN,NaN,NaN,NaN,NaN,NaN,NaN,NaN,NaN,NaN,NaN,NaN,NaN,NaN,NaN,NaN,NaN,NaN,NaN,NaN,NaN,NaN,NaN,NaN,NaN,NaN,NaN,NaN,NaN,NaN,NaN,NaN,NaN,NaN,NaN,NaN,NaN,NaN,NaN,NaN,NaN,NaN,NaN,NaN,NaN,NaN,NaN,NaN,NaN,NaN,NaN,NaN,NaN,NaN,NaN,NaN,NaN,NaN,NaN,NaN,NaN,NaN,NaN,NaN,NaN,NaN,NaN,NaN,NaN,NaN,NaN,NaN,NaN,0.769840914572703,0.778410265702074,0.778753572622768,0.781363119250269,0.720010450960333,0.610010462073334,NaN,0.755212399322816,0.762512914122522,0.765644405530133,0.764039342700816,0.763450575737053,0.756259816279321,NaN,NaN,NaN,NaN,NaN,NaN,NaN,NaN,NaN,NaN,0.855850535796465,0.85620770283799,0.856590624246011,0.857208415969786,0.858105712937305,NaN,NaN,NaN,NaN,NaN,0.823535452111417,0.823084389829841,0.82207437348617,0.820088978506455,0.818773629605268,0.815572027034689,0.791500905568459,0.78042144633803,0.795196422767736,0.791491009065195,NaN,NaN,NaN,NaN,NaN,NaN,NaN,NaN,NaN,NaN,NaN,NaN,NaN,NaN,NaN,NaN,NaN,NaN,NaN,NaN,NaN,NaN,NaN,NaN,NaN,NaN,NaN,NaN,NaN,NaN,NaN,NaN,NaN,NaN,NaN
NaN,NaN,NaN,NaN,NaN,NaN,NaN,NaN,NaN,NaN,NaN,NaN,NaN,NaN,NaN,NaN,NaN,NaN,NaN,NaN,NaN,NaN,NaN,NaN,NaN,NaN,NaN,NaN,NaN,NaN,NaN,NaN,NaN,NaN,NaN,NaN,NaN,NaN,NaN,NaN,NaN,NaN,NaN,NaN,NaN,NaN,NaN,NaN,NaN,NaN,NaN,NaN,NaN,NaN,NaN,NaN,NaN,NaN,NaN,NaN,NaN,NaN,NaN,NaN,NaN,NaN,NaN,NaN,NaN,NaN,NaN,NaN,NaN,NaN,NaN,NaN,NaN,NaN,NaN,NaN,NaN,NaN,NaN,NaN,NaN,NaN,NaN,NaN,NaN,NaN,NaN,NaN,NaN,NaN,NaN,NaN,NaN,NaN,NaN,NaN,NaN,NaN,NaN,NaN,NaN,NaN,NaN,NaN,NaN,NaN,NaN,NaN,NaN,NaN,NaN,NaN,NaN,NaN,NaN,NaN,NaN,NaN,NaN,NaN,NaN,NaN,NaN,NaN,NaN,NaN,NaN,NaN,NaN,NaN,NaN,NaN,NaN,NaN,NaN,NaN,NaN,NaN,NaN,NaN,NaN,NaN,NaN,NaN,NaN,NaN,NaN,NaN,NaN,NaN,NaN,NaN,NaN,NaN,NaN,NaN,NaN,NaN,NaN,NaN,NaN,NaN,NaN,0.735426857104428,0.775702609117342,0.775253699534357,0.775429341716898,NaN,NaN,0.760563428164294,0.760254679435319,0.762773800973457,0.764579501847365,0.762606699344311,0.759556002859383,0.75654394474426,NaN,NaN,NaN,NaN,NaN,NaN,NaN,NaN,0.854248904751663,0.854569144585555,0.855391600348344,0.855969909787538,0.8564261838271,0.85664581514977,NaN,NaN,NaN,NaN,NaN,NaN,0.813083059704371,0.821157453990891,0.820235490180056,0.818707886980322,0.817428929558397,0.815653057919648,0.814162681177466,0.809804469965213,0.798148475507222,0.791517117221039,0.697686964524189,NaN,NaN,NaN,NaN,NaN,NaN,NaN,NaN,NaN,NaN,NaN,NaN,NaN,NaN,NaN,NaN,NaN,NaN,NaN,NaN,NaN,NaN,NaN,NaN,NaN,NaN,NaN,NaN,NaN,NaN,NaN,NaN,NaN,NaN
NaN,NaN,NaN,NaN,NaN,NaN,NaN,NaN,NaN,NaN,NaN,NaN,NaN,NaN,NaN,NaN,NaN,NaN,NaN,NaN,NaN,NaN,NaN,NaN,NaN,NaN,NaN,NaN,NaN,NaN,NaN,NaN,NaN,NaN,NaN,NaN,NaN,NaN,NaN,NaN,NaN,NaN,NaN,NaN,NaN,NaN,NaN,NaN,NaN,NaN,NaN,NaN,NaN,NaN,NaN,NaN,NaN,NaN,NaN,NaN,NaN,NaN,NaN,NaN,NaN,NaN,NaN,NaN,NaN,NaN,NaN,NaN,NaN,NaN,NaN,NaN,NaN,NaN,NaN,NaN,NaN,NaN,NaN,NaN,NaN,NaN,NaN,NaN,NaN,NaN,NaN,NaN,NaN,NaN,NaN,NaN,NaN,NaN,NaN,NaN,NaN,NaN,NaN,NaN,NaN,NaN,NaN,NaN,NaN,NaN,NaN,NaN,NaN,NaN,NaN,NaN,NaN,NaN,NaN,NaN,NaN,NaN,NaN,NaN,NaN,NaN,NaN,NaN,NaN,NaN,NaN,NaN,NaN,NaN,NaN,NaN,NaN,NaN,NaN,NaN,NaN,NaN,NaN,NaN,NaN,NaN,NaN,NaN,NaN,NaN,NaN,NaN,NaN,NaN,NaN,NaN,NaN,NaN,NaN,NaN,NaN,NaN,NaN,NaN,NaN,NaN,NaN,0.669245906606952,0.755112826735552,0.76334646096932,NaN,NaN,0.761229330319016,0.761135627823389,0.763364004532741,0.76556169282209,0.763990410062029,0.763021045661655,0.759955676368106,0.759316738364011,NaN,NaN,NaN,NaN,NaN,NaN,NaN,0.853533566907509,0.854085059368565,0.854696838052463,0.855268752056811,0.855946300773501,0.85652447091368,0.856938874877058,NaN,NaN,NaN,NaN,NaN,0.679602816592491,0.785019631879868,0.81448258358759,0.81855835432652,0.81741713664385,0.816012641869141,0.814566425353934,0.813704319941838,0.812942238684342,0.799408007903175,0.791613776255496,0.790301259403671,NaN,NaN,NaN,NaN,NaN,NaN,NaN,NaN,NaN,NaN,NaN,NaN,NaN,NaN,NaN,NaN,NaN,NaN,NaN,NaN,NaN,NaN,NaN,NaN,NaN,NaN,NaN,NaN,NaN,NaN,NaN,NaN,NaN,NaN
NaN,NaN,NaN,NaN,NaN,NaN,NaN,NaN,NaN,NaN,NaN,NaN,NaN,NaN,NaN,NaN,NaN,NaN,NaN,NaN,NaN,NaN,NaN,NaN,NaN,NaN,NaN,NaN,NaN,NaN,NaN,NaN,NaN,NaN,NaN,NaN,NaN,NaN,NaN,NaN,NaN,NaN,NaN,NaN,NaN,NaN,NaN,NaN,NaN,NaN,NaN,NaN,NaN,NaN,NaN,NaN,NaN,NaN,NaN,NaN,NaN,NaN,NaN,NaN,NaN,NaN,NaN,NaN,NaN,NaN,NaN,NaN,NaN,NaN,NaN,NaN,NaN,NaN,NaN,NaN,NaN,NaN,NaN,NaN,NaN,NaN,NaN,NaN,NaN,NaN,NaN,NaN,NaN,NaN,NaN,NaN,NaN,NaN,NaN,NaN,NaN,NaN,NaN,NaN,NaN,NaN,NaN,NaN,NaN,NaN,NaN,NaN,NaN,NaN,NaN,NaN,NaN,NaN,NaN,NaN,NaN,NaN,NaN,NaN,NaN,NaN,NaN,NaN,NaN,NaN,NaN,NaN,NaN,NaN,NaN,NaN,NaN,NaN,NaN,NaN,NaN,NaN,NaN,NaN,NaN,NaN,NaN,NaN,NaN,NaN,NaN,NaN,NaN,NaN,NaN,NaN,NaN,NaN,NaN,NaN,NaN,NaN,NaN,NaN,NaN,NaN,NaN,NaN,0.743199675713636,0.706896982087611,0.748864679453524,0.753452386073099,0.757935116446313,0.760202391349936,0.762118236881885,0.763120588701994,0.760723534561677,0.760183322354774,0.758416780763396,0.761187191439481,NaN,NaN,NaN,NaN,NaN,NaN,NaN,0.853582335874075,0.854023852255712,0.854723441203465,0.855273849148995,0.856206079894143,0.856585230577068,NaN,NaN,NaN,NaN,NaN,NaN,0.573806398820393,0.679405499225107,0.744314266283248,0.811844362242481,0.816117048476443,0.814683236981822,0.813648816016204,0.812973582416945,0.812582637146949,0.81022519227912,0.791368284974333,0.697630762393943,NaN,NaN,NaN,NaN,NaN,NaN,NaN,NaN,NaN,NaN,NaN,NaN,NaN,NaN,NaN,NaN,NaN,NaN,NaN,NaN,NaN,NaN,NaN,NaN,NaN,NaN,NaN,NaN,NaN,NaN,NaN,NaN,NaN,NaN
NaN,NaN,NaN,NaN,NaN,NaN,NaN,NaN,NaN,NaN,NaN,NaN,NaN,NaN,NaN,NaN,NaN,NaN,NaN,NaN,NaN,NaN,NaN,NaN,NaN,NaN,NaN,NaN,NaN,NaN,NaN,NaN,NaN,NaN,NaN,NaN,NaN,NaN,NaN,NaN,NaN,NaN,NaN,NaN,NaN,NaN,NaN,NaN,NaN,NaN,NaN,NaN,NaN,NaN,NaN,NaN,NaN,NaN,NaN,NaN,NaN,NaN,NaN,NaN,NaN,NaN,NaN,NaN,NaN,NaN,NaN,NaN,NaN,NaN,NaN,NaN,NaN,NaN,NaN,NaN,NaN,NaN,NaN,NaN,NaN,NaN,NaN,NaN,NaN,NaN,NaN,NaN,NaN,NaN,NaN,NaN,NaN,NaN,NaN,NaN,NaN,NaN,NaN,NaN,NaN,NaN,NaN,NaN,NaN,NaN,NaN,NaN,NaN,NaN,NaN,NaN,NaN,NaN,NaN,NaN,NaN,NaN,NaN,NaN,NaN,NaN,NaN,NaN,NaN,NaN,NaN,NaN,NaN,NaN,NaN,NaN,NaN,NaN,NaN,NaN,NaN,NaN,NaN,NaN,NaN,NaN,NaN,NaN,NaN,NaN,NaN,NaN,NaN,NaN,NaN,NaN,NaN,NaN,NaN,NaN,NaN,NaN,NaN,NaN,NaN,NaN,NaN,NaN,0.660542309997334,0.715816508447441,0.745914239038828,0.751941433695526,0.751235501658243,0.753569164763463,0.754918244065263,0.755177925519396,0.756089103742033,0.756537704270267,0.755020533267322,NaN,NaN,NaN,NaN,NaN,NaN,NaN,NaN,0.853524888157004,0.853740931636584,0.854391098182531,0.854776815801914,NaN,NaN,NaN,NaN,NaN,NaN,0.404193102794442,0.440144403422589,0.494269569451763,NaN,0.703314294784168,0.796102804234926,0.809456238816382,0.813381491814604,0.812701645623035,0.812224811008285,0.811931662540002,0.81172120184118,0.79628280070842,0.708065380285421,NaN,NaN,NaN,NaN,NaN,NaN,NaN,NaN,NaN,NaN,NaN,NaN,NaN,NaN,NaN,NaN,NaN,NaN,NaN,NaN,NaN,NaN,NaN,NaN,NaN,NaN,NaN,NaN,NaN,NaN,NaN,NaN,NaN,NaN
NaN,NaN,NaN,NaN,NaN,NaN,NaN,NaN,NaN,NaN,NaN,NaN,NaN,NaN,NaN,NaN,NaN,NaN,NaN,NaN,NaN,NaN,NaN,NaN,NaN,NaN,NaN,NaN,NaN,NaN,NaN,NaN,NaN,NaN,NaN,NaN,NaN,NaN,NaN,NaN,NaN,NaN,NaN,NaN,NaN,NaN,NaN,NaN,NaN,NaN,NaN,NaN,NaN,NaN,NaN,NaN,NaN,NaN,NaN,NaN,NaN,NaN,NaN,NaN,NaN,NaN,NaN,NaN,NaN,NaN,NaN,NaN,NaN,NaN,NaN,NaN,NaN,NaN,NaN,NaN,NaN,NaN,NaN,NaN,NaN,NaN,NaN,NaN,NaN,NaN,NaN,NaN,NaN,NaN,NaN,NaN,NaN,NaN,NaN,NaN,NaN,NaN,NaN,NaN,NaN,NaN,NaN,NaN,NaN,NaN,NaN,NaN,NaN,NaN,NaN,NaN,NaN,NaN,NaN,NaN,NaN,NaN,NaN,NaN,NaN,NaN,NaN,NaN,NaN,NaN,NaN,NaN,NaN,NaN,NaN,NaN,NaN,NaN,NaN,NaN,NaN,NaN,NaN,NaN,NaN,NaN,NaN,NaN,NaN,NaN,NaN,NaN,NaN,NaN,NaN,NaN,NaN,NaN,NaN,NaN,NaN,NaN,NaN,NaN,NaN,NaN,NaN,NaN,0.713114282386281,0.733182821933204,0.733866190727329,NaN,0.746246503635963,0.745237767743715,0.74937683005971,0.752695414991271,0.753704759511756,0.754081737594244,0.753258790035622,NaN,NaN,NaN,NaN,NaN,NaN,NaN,NaN,0.849423149293312,0.852639504680068,0.853473008130042,NaN,NaN,NaN,NaN,NaN,NaN,NaN,0.410499858385913,0.449658911203386,0.507903937350754,0.591294562140502,0.700394444826413,0.794167653619007,0.793484365730587,0.810867539458307,0.811724149667221,0.811474155581251,0.811212115573961,0.811334667920393,0.810387878668818,NaN,NaN,NaN,NaN,NaN,NaN,NaN,NaN,NaN,NaN,NaN,NaN,NaN,NaN,NaN,NaN,NaN,NaN,NaN,NaN,NaN,NaN,NaN,NaN,NaN,NaN,NaN,NaN,NaN,NaN,NaN,NaN,NaN,NaN,NaN
NaN,NaN,NaN,NaN,NaN,NaN,NaN,NaN,NaN,NaN,NaN,NaN,NaN,NaN,NaN,NaN,NaN,NaN,NaN,NaN,NaN,NaN,NaN,NaN,NaN,NaN,NaN,NaN,NaN,NaN,NaN,NaN,NaN,NaN,NaN,NaN,NaN,NaN,NaN,NaN,NaN,NaN,NaN,NaN,NaN,NaN,NaN,NaN,NaN,NaN,NaN,NaN,NaN,NaN,NaN,NaN,NaN,NaN,NaN,NaN,NaN,NaN,NaN,NaN,NaN,NaN,NaN,NaN,NaN,NaN,NaN,NaN,NaN,NaN,NaN,NaN,NaN,NaN,NaN,NaN,NaN,NaN,NaN,NaN,NaN,NaN,NaN,NaN,NaN,NaN,NaN,NaN,NaN,NaN,NaN,NaN,NaN,NaN,NaN,NaN,NaN,NaN,NaN,NaN,NaN,NaN,NaN,NaN,NaN,NaN,NaN,NaN,NaN,NaN,NaN,NaN,NaN,NaN,NaN,NaN,NaN,NaN,NaN,NaN,NaN,NaN,NaN,NaN,NaN,NaN,NaN,NaN,NaN,NaN,NaN,NaN,NaN,NaN,NaN,NaN,NaN,NaN,NaN,NaN,NaN,NaN,NaN,NaN,NaN,NaN,NaN,NaN,NaN,NaN,NaN,NaN,NaN,NaN,NaN,NaN,NaN,NaN,NaN,NaN,NaN,NaN,NaN,NaN,NaN,0.730093705255418,0.731311466027486,0.730702500382803,0.738201447521674,0.744329881008807,0.750111100003213,0.751708182678215,0.752731966631969,0.753342562696589,0.753351479959789,NaN,NaN,NaN,NaN,NaN,NaN,NaN,NaN,0.842642593938213,0.850344853478221,NaN,NaN,NaN,NaN,NaN,NaN,NaN,NaN,0.384758582461589,0.410757008391201,0.450079849150217,0.508149520218479,0.591485163037965,NaN,0.72238634640727,0.801258462241458,0.810491425648824,0.810426299428989,0.810343263047709,0.810466193918591,NaN,NaN,NaN,NaN,NaN,NaN,NaN,NaN,NaN,NaN,NaN,NaN,NaN,NaN,NaN,NaN,NaN,NaN,NaN,NaN,NaN,NaN,NaN,NaN,NaN,NaN,NaN,NaN,NaN,NaN,NaN,NaN,NaN,NaN,NaN,NaN
NaN,NaN,NaN,NaN,NaN,NaN,NaN,NaN,NaN,NaN,NaN,NaN,NaN,NaN,NaN,NaN,NaN,NaN,NaN,NaN,NaN,NaN,NaN,NaN,NaN,NaN,NaN,NaN,NaN,NaN,NaN,NaN,NaN,NaN,NaN,NaN,NaN,NaN,NaN,NaN,NaN,NaN,NaN,NaN,NaN,NaN,NaN,NaN,NaN,NaN,NaN,NaN,NaN,NaN,NaN,NaN,NaN,NaN,NaN,NaN,NaN,NaN,NaN,NaN,NaN,NaN,NaN,NaN,NaN,NaN,NaN,NaN,NaN,NaN,NaN,NaN,NaN,NaN,NaN,NaN,NaN,NaN,NaN,NaN,NaN,NaN,NaN,NaN,NaN,NaN,NaN,NaN,NaN,NaN,NaN,NaN,NaN,NaN,NaN,NaN,NaN,NaN,NaN,NaN,NaN,NaN,NaN,NaN,NaN,NaN,NaN,NaN,NaN,NaN,NaN,NaN,NaN,NaN,NaN,NaN,NaN,NaN,NaN,NaN,NaN,NaN,NaN,NaN,NaN,NaN,NaN,NaN,NaN,NaN,NaN,NaN,NaN,NaN,NaN,NaN,NaN,NaN,NaN,NaN,NaN,NaN,NaN,NaN,NaN,NaN,NaN,NaN,NaN,NaN,NaN,NaN,NaN,NaN,NaN,NaN,NaN,NaN,NaN,NaN,NaN,NaN,NaN,NaN,NaN,0.731667507450393,0.732031519374658,0.732252068582045,0.73533449392279,0.742448912148686,0.750791215832668,0.753906601108625,0.753580708058067,0.75386588966123,0.754368636776635,NaN,NaN,NaN,NaN,NaN,NaN,0.802423504823198,0.811320252301198,0.822775384392137,NaN,NaN,NaN,NaN,NaN,NaN,NaN,NaN,NaN,NaN,NaN,NaN,NaN,NaN,NaN,0.776677533186901,0.790281474215399,0.808688718290385,0.80887089894469,0.808797189042917,0.808692801426658,0.799711400943731,NaN,NaN,NaN,NaN,NaN,NaN,NaN,NaN,NaN,NaN,NaN,NaN,NaN,NaN,NaN,NaN,NaN,NaN,NaN,NaN,NaN,NaN,NaN,NaN,NaN,NaN,NaN,NaN,NaN,NaN,NaN,NaN,NaN,NaN,NaN
NaN,NaN,NaN,NaN,NaN,NaN,NaN,NaN,NaN,NaN,NaN,NaN,NaN,NaN,NaN,NaN,NaN,NaN,NaN,NaN,NaN,NaN,NaN,NaN,NaN,NaN,NaN,NaN,NaN,NaN,NaN,NaN,NaN,NaN,NaN,NaN,NaN,NaN,NaN,NaN,NaN,NaN,NaN,NaN,NaN,NaN,NaN,NaN,NaN,NaN,NaN,NaN,NaN,NaN,NaN,NaN,NaN,NaN,NaN,NaN,NaN,NaN,NaN,NaN,NaN,NaN,NaN,NaN,NaN,NaN,NaN,NaN,NaN,NaN,NaN,NaN,NaN,NaN,NaN,NaN,NaN,NaN,NaN,NaN,NaN,NaN,NaN,NaN,NaN,NaN,NaN,NaN,NaN,NaN,NaN,NaN,NaN,NaN,NaN,NaN,NaN,NaN,NaN,NaN,NaN,NaN,NaN,NaN,NaN,NaN,NaN,NaN,NaN,NaN,NaN,NaN,NaN,NaN,NaN,NaN,NaN,NaN,NaN,NaN,NaN,NaN,NaN,NaN,NaN,NaN,NaN,NaN,NaN,NaN,NaN,NaN,NaN,NaN,NaN,NaN,NaN,NaN,NaN,NaN,NaN,NaN,NaN,NaN,NaN,NaN,NaN,NaN,NaN,NaN,NaN,NaN,NaN,NaN,NaN,NaN,NaN,NaN,NaN,NaN,NaN,NaN,NaN,NaN,NaN,0.7305059526216,0.730381548482031,0.730928203311227,0.73629137544993,0.741422972738981,0.748187705784306,0.753044236689152,0.754537934762281,0.754021007481626,NaN,NaN,NaN,NaN,NaN,NaN,0.79194677569247,0.796308603885414,0.812983958011687,0.826541703743528,NaN,NaN,NaN,NaN,NaN,NaN,NaN,NaN,NaN,NaN,NaN,NaN,NaN,NaN,NaN,0.694764666415809,0.786685664706326,0.806954467318871,0.807181138614911,0.807378850213768,0.807386799464446,0.803708248688114,0.742791987274855,0.743123993741982,0.742883861292578,0.685975741025115,NaN,NaN,NaN,NaN,NaN,NaN,NaN,NaN,NaN,NaN,NaN,NaN,NaN,NaN,NaN,NaN,NaN,NaN,NaN,NaN,NaN,NaN,NaN,NaN,NaN,NaN,NaN,NaN,NaN,NaN,NaN
NaN,NaN,NaN,NaN,NaN,NaN,NaN,NaN,NaN,NaN,NaN,NaN,NaN,NaN,NaN,NaN,NaN,NaN,NaN,NaN,NaN,NaN,NaN,NaN,NaN,NaN,NaN,NaN,NaN,NaN,NaN,NaN,NaN,NaN,NaN,NaN,NaN,NaN,NaN,NaN,NaN,NaN,NaN,NaN,NaN,NaN,NaN,NaN,NaN,NaN,NaN,NaN,NaN,NaN,NaN,NaN,NaN,NaN,NaN,NaN,NaN,NaN,NaN,NaN,NaN,NaN,NaN,NaN,NaN,NaN,NaN,NaN,NaN,NaN,NaN,NaN,NaN,NaN,NaN,NaN,NaN,NaN,NaN,NaN,NaN,NaN,NaN,NaN,NaN,NaN,NaN,NaN,NaN,NaN,NaN,NaN,NaN,NaN,NaN,NaN,NaN,NaN,NaN,NaN,NaN,NaN,NaN,NaN,NaN,NaN,NaN,NaN,NaN,NaN,NaN,NaN,NaN,NaN,NaN,NaN,NaN,NaN,NaN,NaN,NaN,NaN,NaN,NaN,NaN,NaN,NaN,NaN,NaN,NaN,NaN,NaN,NaN,NaN,NaN,NaN,NaN,NaN,NaN,NaN,NaN,NaN,NaN,NaN,NaN,NaN,NaN,NaN,NaN,NaN,NaN,NaN,NaN,NaN,NaN,NaN,NaN,NaN,NaN,NaN,NaN,NaN,NaN,NaN,NaN,0.727619195349703,0.727644542376431,0.729894725999206,0.734532255110355,0.742840184889795,0.749322414200189,0.752773609269304,0.755075367544621,0.755299756301034,0.755842147149844,0.756069478546663,0.756333749599784,0.758221471698643,0.761297034224642,0.762891738078177,0.77261538552509,0.779238127720619,NaN,NaN,NaN,NaN,NaN,NaN,NaN,NaN,NaN,NaN,NaN,NaN,NaN,NaN,NaN,NaN,NaN,NaN,0.799825988522855,0.805658318082209,0.806189460262778,0.806573486932431,0.806661098503749,0.801940994388254,0.784721897185779,0.73534208363106,0.742944831131173,0.686265180780736,NaN,NaN,NaN,NaN,NaN,NaN,NaN,NaN,NaN,NaN,NaN,NaN,NaN,NaN,NaN,NaN,NaN,NaN,NaN,NaN,NaN,NaN,NaN,NaN,NaN,NaN,NaN,NaN,NaN,NaN,NaN
NaN,NaN,NaN,NaN,NaN,NaN,NaN,NaN,NaN,NaN,NaN,NaN,NaN,NaN,NaN,NaN,NaN,NaN,NaN,NaN,NaN,NaN,NaN,NaN,NaN,NaN,NaN,NaN,NaN,NaN,NaN,NaN,NaN,NaN,NaN,NaN,NaN,NaN,NaN,NaN,NaN,NaN,NaN,NaN,NaN,NaN,NaN,NaN,NaN,NaN,NaN,NaN,NaN,NaN,NaN,NaN,NaN,NaN,NaN,NaN,NaN,NaN,NaN,NaN,NaN,NaN,NaN,NaN,NaN,NaN,NaN,NaN,NaN,NaN,NaN,NaN,NaN,NaN,NaN,NaN,NaN,NaN,NaN,NaN,NaN,NaN,NaN,NaN,NaN,NaN,NaN,NaN,NaN,NaN,NaN,NaN,NaN,NaN,NaN,NaN,NaN,NaN,NaN,NaN,NaN,NaN,NaN,NaN,NaN,NaN,NaN,NaN,NaN,NaN,NaN,NaN,NaN,NaN,NaN,NaN,NaN,NaN,NaN,NaN,NaN,NaN,NaN,NaN,NaN,NaN,NaN,NaN,NaN,NaN,NaN,NaN,NaN,NaN,NaN,NaN,NaN,NaN,NaN,NaN,NaN,NaN,NaN,NaN,NaN,NaN,NaN,NaN,NaN,NaN,NaN,NaN,NaN,NaN,NaN,NaN,NaN,NaN,NaN,NaN,NaN,NaN,NaN,NaN,NaN,0.730795397090676,0.725548613206135,0.72778426827131,0.732264533444115,0.741700642861833,0.749439455052028,0.753639088163115,0.755184447079365,0.755589391914026,0.755954052175067,0.756278806094934,0.756689049308041,0.757799543244805,0.760032241985143,0.766409998203855,0.769710069286284,NaN,NaN,NaN,NaN,NaN,NaN,NaN,NaN,NaN,NaN,NaN,NaN,NaN,NaN,NaN,NaN,NaN,NaN,NaN,0.802219296795115,0.803623928110126,0.805001011234805,0.805631818824287,0.804262649852585,0.791296211423778,0.756212617905895,0.649664676181806,NaN,NaN,NaN,NaN,NaN,NaN,NaN,NaN,NaN,NaN,NaN,NaN,NaN,NaN,NaN,NaN,NaN,NaN,NaN,NaN,NaN,NaN,NaN,NaN,NaN,NaN,NaN,NaN,NaN,NaN,NaN,NaN,NaN
NaN,NaN,NaN,NaN,NaN,NaN,NaN,NaN,NaN,NaN,NaN,NaN,NaN,NaN,NaN,NaN,NaN,NaN,NaN,NaN,NaN,NaN,NaN,NaN,NaN,NaN,NaN,NaN,NaN,NaN,NaN,NaN,NaN,NaN,NaN,NaN,NaN,NaN,NaN,NaN,NaN,NaN,NaN,NaN,NaN,NaN,NaN,NaN,NaN,NaN,NaN,NaN,NaN,NaN,NaN,NaN,NaN,NaN,NaN,NaN,NaN,NaN,NaN,NaN,NaN,NaN,NaN,NaN,NaN,NaN,NaN,NaN,NaN,NaN,NaN,NaN,NaN,NaN,NaN,NaN,NaN,NaN,NaN,NaN,NaN,NaN,NaN,NaN,NaN,NaN,NaN,NaN,NaN,NaN,NaN,NaN,NaN,NaN,NaN,NaN,NaN,NaN,NaN,NaN,NaN,NaN,NaN,NaN,NaN,NaN,NaN,NaN,NaN,NaN,NaN,NaN,NaN,NaN,NaN,NaN,NaN,NaN,NaN,NaN,NaN,NaN,NaN,NaN,NaN,NaN,NaN,NaN,NaN,NaN,NaN,NaN,NaN,NaN,NaN,NaN,NaN,NaN,NaN,NaN,NaN,NaN,NaN,NaN,NaN,NaN,NaN,NaN,NaN,NaN,NaN,NaN,NaN,NaN,NaN,NaN,NaN,NaN,NaN,NaN,NaN,NaN,NaN,0.669185972516569,0.679238595292556,0.707843151677617,0.718258123843719,0.721403065189368,0.72904209467924,0.739232583376983,0.749675654819538,0.754618935630967,0.75531418245338,0.755766792347178,0.756174615235662,0.756444230265064,0.756152961944928,NaN,NaN,0.76973476153056,0.768904712704371,NaN,NaN,NaN,NaN,NaN,NaN,NaN,NaN,NaN,NaN,NaN,NaN,NaN,NaN,NaN,NaN,NaN,NaN,NaN,0.801554524646382,0.802189825248355,0.803282361056763,0.804145312809754,0.80016222609114,0.736216255804524,0.649612340862593,0.551963664764459,NaN,NaN,NaN,NaN,NaN,NaN,NaN,NaN,NaN,NaN,NaN,NaN,NaN,NaN,NaN,NaN,NaN,NaN,NaN,NaN,NaN,NaN,NaN,NaN,NaN,NaN,NaN,NaN,NaN,NaN,NaN,NaN,NaN
NaN,NaN,NaN,NaN,NaN,NaN,NaN,NaN,NaN,NaN,NaN,NaN,NaN,NaN,NaN,NaN,NaN,NaN,NaN,NaN,NaN,NaN,NaN,NaN,NaN,NaN,NaN,NaN,NaN,NaN,NaN,NaN,NaN,NaN,NaN,NaN,NaN,NaN,NaN,NaN,NaN,NaN,NaN,NaN,NaN,NaN,NaN,NaN,NaN,NaN,NaN,NaN,NaN,NaN,NaN,NaN,NaN,NaN,NaN,NaN,NaN,NaN,NaN,NaN,NaN,NaN,NaN,NaN,NaN,NaN,NaN,NaN,NaN,NaN,NaN,NaN,NaN,NaN,NaN,NaN,NaN,NaN,NaN,NaN,NaN,NaN,NaN,NaN,NaN,NaN,NaN,NaN,NaN,NaN,NaN,NaN,NaN,NaN,NaN,NaN,NaN,NaN,NaN,NaN,NaN,NaN,NaN,NaN,NaN,NaN,NaN,NaN,NaN,NaN,NaN,NaN,NaN,NaN,NaN,NaN,NaN,NaN,NaN,NaN,NaN,NaN,NaN,NaN,NaN,NaN,NaN,NaN,NaN,NaN,NaN,NaN,NaN,NaN,NaN,NaN,NaN,NaN,NaN,NaN,NaN,NaN,NaN,NaN,NaN,NaN,NaN,NaN,NaN,NaN,NaN,NaN,NaN,NaN,NaN,NaN,NaN,NaN,NaN,NaN,NaN,NaN,0.66585566026161,0.670774843711868,0.681521221215557,0.699746541327308,0.710080608846933,0.712298252978652,NaN,NaN,NaN,0.755650594748076,0.755277100834808,0.756256699271621,0.756198381278672,NaN,NaN,NaN,NaN,NaN,NaN,NaN,NaN,NaN,NaN,NaN,NaN,NaN,NaN,NaN,NaN,NaN,NaN,NaN,NaN,NaN,NaN,NaN,NaN,0.80045018509839,0.800842179443206,0.801354948552125,0.802128135179208,0.802199251846406,0.769299908947178,NaN,NaN,NaN,NaN,NaN,NaN,NaN,NaN,NaN,NaN,NaN,NaN,NaN,NaN,NaN,NaN,NaN,NaN,NaN,NaN,NaN,NaN,NaN,NaN,NaN,NaN,NaN,NaN,NaN,NaN,NaN,NaN,NaN,NaN,NaN,NaN
NaN,NaN,NaN,NaN,NaN,NaN,NaN,NaN,NaN,NaN,NaN,NaN,NaN,NaN,NaN,NaN,NaN,NaN,NaN,NaN,NaN,NaN,NaN,NaN,NaN,NaN,NaN,NaN,NaN,NaN,NaN,NaN,NaN,NaN,NaN,NaN,NaN,NaN,NaN,NaN,NaN,NaN,NaN,NaN,NaN,NaN,NaN,NaN,NaN,NaN,NaN,NaN,NaN,NaN,NaN,NaN,NaN,NaN,NaN,NaN,NaN,NaN,NaN,NaN,NaN,NaN,NaN,NaN,NaN,NaN,NaN,NaN,NaN,NaN,NaN,NaN,NaN,NaN,NaN,NaN,NaN,NaN,NaN,NaN,NaN,NaN,NaN,NaN,NaN,NaN,NaN,NaN,NaN,NaN,NaN,NaN,NaN,NaN,NaN,NaN,NaN,NaN,NaN,NaN,NaN,NaN,NaN,NaN,NaN,NaN,NaN,NaN,NaN,NaN,NaN,NaN,NaN,NaN,NaN,NaN,NaN,NaN,NaN,NaN,NaN,NaN,NaN,NaN,NaN,NaN,NaN,NaN,NaN,NaN,NaN,NaN,NaN,NaN,NaN,NaN,NaN,NaN,NaN,NaN,NaN,NaN,NaN,NaN,NaN,NaN,NaN,NaN,NaN,NaN,NaN,NaN,NaN,NaN,NaN,NaN,NaN,NaN,NaN,NaN,NaN,NaN,0.668211516725814,0.672391978953203,0.681408234557254,0.691470363110695,0.70492600574139,NaN,NaN,NaN,0.733289399154509,0.751824461744464,0.752276812741552,NaN,NaN,NaN,NaN,NaN,NaN,NaN,NaN,NaN,NaN,NaN,NaN,NaN,NaN,NaN,NaN,NaN,NaN,NaN,NaN,NaN,NaN,NaN,NaN,NaN,NaN,0.800405402311944,0.800577292802853,0.800778633303431,0.800999600839773,0.786822569347036,0.701191319397482,NaN,NaN,NaN,NaN,NaN,NaN,NaN,NaN,NaN,NaN,NaN,NaN,NaN,NaN,NaN,NaN,NaN,NaN,NaN,NaN,NaN,NaN,NaN,NaN,NaN,NaN,NaN,NaN,NaN,NaN,NaN,NaN,NaN,NaN,NaN,NaN
NaN,NaN,NaN,NaN,NaN,NaN,NaN,NaN,NaN,NaN,NaN,NaN,NaN,NaN,NaN,NaN,NaN,NaN,NaN,NaN,NaN,NaN,NaN,NaN,NaN,NaN,NaN,NaN,NaN,NaN,NaN,NaN,NaN,NaN,NaN,NaN,NaN,NaN,NaN,NaN,NaN,NaN,NaN,NaN,NaN,NaN,NaN,NaN,NaN,NaN,NaN,NaN,NaN,NaN,NaN,NaN,NaN,NaN,NaN,NaN,NaN,NaN,NaN,NaN,NaN,NaN,NaN,NaN,NaN,NaN,NaN,NaN,NaN,NaN,NaN,NaN,NaN,NaN,NaN,NaN,NaN,NaN,NaN,NaN,NaN,NaN,NaN,NaN,NaN,NaN,NaN,NaN,NaN,NaN,NaN,NaN,NaN,NaN,NaN,NaN,NaN,NaN,NaN,NaN,NaN,NaN,NaN,NaN,NaN,NaN,NaN,NaN,NaN,NaN,NaN,NaN,NaN,NaN,NaN,NaN,NaN,NaN,NaN,NaN,NaN,NaN,NaN,NaN,NaN,NaN,NaN,NaN,NaN,NaN,NaN,NaN,NaN,NaN,NaN,NaN,NaN,NaN,NaN,NaN,NaN,NaN,NaN,NaN,NaN,NaN,NaN,NaN,NaN,NaN,NaN,NaN,NaN,NaN,NaN,NaN,NaN,NaN,NaN,NaN,NaN,NaN,0.672166630743648,0.673629823492907,0.677717930067167,0.679694697901751,NaN,NaN,0.66080444822773,0.664124997778281,0.700498310116172,NaN,NaN,NaN,NaN,NaN,NaN,NaN,NaN,NaN,NaN,NaN,NaN,NaN,NaN,NaN,NaN,NaN,NaN,NaN,NaN,NaN,NaN,NaN,NaN,NaN,NaN,NaN,0.80009446258817,0.800199155457874,0.800289110317981,0.8004190016289,0.800519757450355,0.792258157939509,0.716919269679297,NaN,NaN,NaN,NaN,NaN,NaN,NaN,NaN,NaN,NaN,NaN,NaN,NaN,NaN,NaN,NaN,NaN,NaN,NaN,NaN,NaN,NaN,NaN,NaN,NaN,NaN,NaN,NaN,NaN,NaN,NaN,NaN,NaN,NaN,NaN,NaN
NaN,NaN,NaN,NaN,NaN,NaN,NaN,NaN,NaN,NaN,NaN,NaN,NaN,NaN,NaN,NaN,NaN,NaN,NaN,NaN,NaN,NaN,NaN,NaN,NaN,NaN,NaN,NaN,NaN,NaN,NaN,NaN,NaN,NaN,NaN,NaN,NaN,NaN,NaN,NaN,NaN,NaN,NaN,NaN,NaN,NaN,NaN,NaN,NaN,NaN,NaN,NaN,NaN,NaN,NaN,NaN,NaN,NaN,NaN,NaN,NaN,NaN,NaN,NaN,NaN,NaN,NaN,NaN,NaN,NaN,NaN,NaN,NaN,NaN,NaN,NaN,NaN,NaN,NaN,NaN,NaN,NaN,NaN,NaN,NaN,NaN,NaN,NaN,NaN,NaN,NaN,NaN,NaN,NaN,NaN,NaN,NaN,NaN,NaN,NaN,NaN,NaN,NaN,NaN,NaN,NaN,NaN,NaN,NaN,NaN,NaN,NaN,NaN,NaN,NaN,NaN,NaN,NaN,NaN,NaN,NaN,NaN,NaN,NaN,NaN,NaN,NaN,NaN,NaN,NaN,NaN,NaN,NaN,NaN,NaN,NaN,NaN,NaN,NaN,NaN,NaN,NaN,NaN,NaN,NaN,NaN,NaN,NaN,NaN,NaN,NaN,NaN,0.262182237204168,0.267089582261791,0.274692820465765,0.286181411259979,0.303362292089061,0.328773565316659,NaN,NaN,NaN,NaN,NaN,NaN,NaN,NaN,0.672436548850839,0.671557678291478,0.669017329513356,0.682277120354639,NaN,NaN,0.650328792130445,0.64907564571091,NaN,NaN,NaN,NaN,NaN,NaN,NaN,NaN,NaN,NaN,NaN,NaN,NaN,NaN,NaN,NaN,NaN,NaN,NaN,NaN,NaN,NaN,NaN,NaN,NaN,NaN,NaN,NaN,0.798227634540723,0.800076933711324,0.800033771279495,0.800107517232585,0.79991547348221,0.776475792436416,NaN,NaN,NaN,NaN,NaN,NaN,NaN,NaN,NaN,NaN,NaN,NaN,NaN,NaN,NaN,NaN,NaN,NaN,NaN,NaN,NaN,NaN,NaN,NaN,NaN,NaN,NaN,NaN,NaN,NaN,NaN,NaN,NaN,NaN,NaN,NaN,NaN
NaN,NaN,NaN,NaN,NaN,NaN,NaN,NaN,NaN,NaN,NaN,NaN,NaN,NaN,NaN,NaN,NaN,NaN,NaN,NaN,NaN,NaN,NaN,NaN,NaN,NaN,NaN,NaN,NaN,NaN,NaN,NaN,NaN,NaN,NaN,NaN,NaN,NaN,NaN,NaN,NaN,NaN,NaN,NaN,NaN,NaN,NaN,NaN,NaN,NaN,NaN,NaN,NaN,NaN,NaN,NaN,NaN,NaN,NaN,NaN,NaN,NaN,NaN,NaN,NaN,NaN,NaN,NaN,NaN,NaN,NaN,NaN,NaN,NaN,NaN,NaN,NaN,NaN,NaN,NaN,NaN,NaN,NaN,NaN,NaN,NaN,NaN,NaN,NaN,NaN,NaN,NaN,NaN,NaN,NaN,NaN,NaN,NaN,NaN,NaN,NaN,NaN,NaN,NaN,NaN,NaN,NaN,NaN,NaN,NaN,NaN,NaN,NaN,NaN,NaN,NaN,NaN,NaN,NaN,NaN,NaN,NaN,NaN,NaN,NaN,NaN,NaN,NaN,NaN,NaN,NaN,NaN,NaN,NaN,NaN,NaN,NaN,NaN,NaN,NaN,NaN,NaN,NaN,NaN,NaN,NaN,NaN,NaN,NaN,NaN,NaN,NaN,0.266684546240036,0.274084314484994,0.285306971784516,0.302431185473501,0.328446040804681,0.367509309973984,0.425122977453313,0.504434199261124,0.596943114495107,NaN,NaN,NaN,NaN,NaN,0.670150365571891,0.667636059072833,0.661358751379509,0.658454657949609,0.64605580234681,0.644575156010032,0.64531418100075,0.643276222533331,NaN,NaN,NaN,NaN,NaN,NaN,NaN,NaN,NaN,NaN,NaN,NaN,NaN,NaN,NaN,NaN,NaN,NaN,NaN,NaN,NaN,NaN,NaN,NaN,NaN,NaN,NaN,0.689565476831156,0.780224037812332,0.798587047856461,0.799224181579128,0.798689675726441,0.797042316178475,NaN,NaN,NaN,NaN,NaN,NaN,NaN,NaN,NaN,NaN,NaN,NaN,NaN,NaN,NaN,NaN,NaN,NaN,NaN,NaN,NaN,NaN,NaN,NaN,NaN,NaN,NaN,NaN,NaN,NaN,NaN,NaN,NaN,NaN,NaN,NaN,NaN,NaN
NaN,NaN,NaN,NaN,NaN,NaN,NaN,NaN,NaN,NaN,NaN,NaN,NaN,NaN,NaN,NaN,NaN,NaN,NaN,NaN,NaN,NaN,NaN,NaN,NaN,NaN,NaN,NaN,NaN,NaN,NaN,NaN,NaN,NaN,NaN,NaN,NaN,NaN,NaN,NaN,NaN,NaN,NaN,NaN,NaN,NaN,NaN,NaN,NaN,NaN,NaN,NaN,NaN,NaN,NaN,NaN,NaN,NaN,NaN,NaN,NaN,NaN,NaN,NaN,NaN,NaN,NaN,NaN,NaN,NaN,NaN,NaN,NaN,NaN,NaN,NaN,NaN,NaN,NaN,NaN,NaN,NaN,NaN,NaN,NaN,NaN,NaN,NaN,NaN,NaN,NaN,NaN,NaN,NaN,NaN,NaN,NaN,NaN,NaN,NaN,NaN,NaN,NaN,NaN,NaN,NaN,NaN,NaN,NaN,NaN,NaN,NaN,NaN,NaN,NaN,NaN,NaN,NaN,NaN,NaN,NaN,NaN,NaN,NaN,NaN,NaN,NaN,NaN,NaN,NaN,NaN,NaN,NaN,NaN,NaN,NaN,NaN,NaN,NaN,NaN,NaN,NaN,NaN,NaN,NaN,NaN,NaN,NaN,NaN,NaN,NaN,NaN,NaN,0.284750806779347,0.301385143705476,0.32722782991433,0.366209940486025,0.423508673400984,0.503648736612479,0.596902138591415,0.597714722515859,NaN,NaN,0.669899792575495,0.669548048692079,0.670373174164592,0.671542735282299,0.66513749089068,0.656146783967025,0.648910306397301,0.645097770140164,0.646854610433368,0.647277775020873,NaN,NaN,NaN,NaN,NaN,NaN,NaN,NaN,NaN,NaN,NaN,NaN,NaN,NaN,NaN,NaN,NaN,NaN,NaN,NaN,NaN,NaN,NaN,NaN,NaN,NaN,0.687676687843003,0.777346385081115,0.777761365509606,0.779150407073509,0.795111876874792,0.79731212900713,0.794086629293292,0.744485738439337,NaN,NaN,NaN,NaN,NaN,NaN,NaN,NaN,NaN,NaN,NaN,NaN,NaN,NaN,NaN,NaN,NaN,NaN,NaN,NaN,NaN,NaN,NaN,NaN,NaN,NaN,NaN,NaN,NaN,NaN,NaN,NaN,NaN,NaN,NaN,NaN,NaN,NaN
NaN,NaN,NaN,NaN,NaN,NaN,NaN,NaN,NaN,NaN,NaN,NaN,NaN,NaN,NaN,NaN,NaN,NaN,NaN,NaN,NaN,NaN,NaN,NaN,NaN,NaN,NaN,NaN,NaN,NaN,NaN,NaN,NaN,NaN,NaN,NaN,NaN,NaN,NaN,NaN,NaN,NaN,NaN,NaN,NaN,NaN,NaN,NaN,NaN,NaN,NaN,NaN,NaN,NaN,NaN,NaN,NaN,NaN,NaN,NaN,NaN,NaN,NaN,NaN,NaN,NaN,NaN,NaN,NaN,NaN,NaN,NaN,NaN,NaN,NaN,NaN,NaN,NaN,NaN,NaN,NaN,NaN,NaN,NaN,NaN,NaN,NaN,NaN,NaN,NaN,NaN,NaN,NaN,NaN,NaN,NaN,NaN,NaN,NaN,NaN,NaN,NaN,NaN,NaN,NaN,NaN,NaN,NaN,NaN,NaN,NaN,NaN,NaN,NaN,NaN,NaN,NaN,NaN,NaN,NaN,NaN,NaN,NaN,NaN,NaN,NaN,NaN,NaN,NaN,NaN,NaN,NaN,NaN,NaN,NaN,NaN,NaN,NaN,NaN,NaN,NaN,NaN,NaN,NaN,NaN,NaN,NaN,NaN,NaN,NaN,NaN,NaN,NaN,NaN,NaN,NaN,NaN,NaN,0.425923296471619,0.505008375811746,0.598556300513791,0.613445443382569,0.660847637972515,0.667468437065613,0.668389336106209,NaN,0.673802896568593,0.658658929266585,0.651239569727718,0.646774899245222,0.645153134423192,0.647905631244211,0.648615491946535,NaN,NaN,NaN,NaN,NaN,NaN,NaN,NaN,NaN,NaN,NaN,NaN,NaN,NaN,NaN,NaN,NaN,NaN,NaN,NaN,NaN,NaN,NaN,NaN,NaN,NaN,0.583517095945198,0.687735691937386,0.68797041010008,0.689487780754907,0.739950079937162,0.791782665752732,0.776584116572738,0.766884782322146,0.682518778525835,NaN,NaN,NaN,NaN,NaN,NaN,NaN,NaN,NaN,NaN,NaN,NaN,NaN,NaN,NaN,NaN,NaN,NaN,NaN,NaN,NaN,NaN,NaN,NaN,NaN,NaN,NaN,NaN,NaN,NaN,NaN,NaN,NaN,NaN,NaN,NaN,NaN
NaN,NaN,NaN,NaN,NaN,NaN,NaN,NaN,NaN,NaN,NaN,NaN,NaN,NaN,NaN,NaN,NaN,NaN,NaN,NaN,NaN,NaN,NaN,NaN,NaN,NaN,NaN,NaN,NaN,NaN,NaN,NaN,NaN,NaN,NaN,NaN,NaN,NaN,NaN,NaN,NaN,NaN,NaN,NaN,NaN,NaN,NaN,NaN,NaN,NaN,NaN,NaN,NaN,NaN,NaN,NaN,NaN,NaN,NaN,NaN,NaN,NaN,NaN,NaN,NaN,NaN,NaN,NaN,NaN,NaN,NaN,NaN,NaN,NaN,NaN,NaN,NaN,NaN,NaN,NaN,NaN,NaN,NaN,NaN,NaN,NaN,NaN,NaN,NaN,NaN,NaN,NaN,NaN,NaN,NaN,NaN,NaN,NaN,NaN,NaN,NaN,NaN,NaN,NaN,NaN,NaN,NaN,NaN,NaN,NaN,NaN,NaN,NaN,NaN,NaN,NaN,NaN,NaN,NaN,NaN,NaN,NaN,NaN,NaN,NaN,NaN,NaN,NaN,NaN,NaN,NaN,NaN,NaN,NaN,NaN,NaN,NaN,NaN,NaN,NaN,NaN,NaN,NaN,NaN,NaN,NaN,NaN,NaN,NaN,NaN,NaN,NaN,NaN,NaN,NaN,NaN,NaN,NaN,NaN,NaN,NaN,0.660005770428165,0.661861316526003,0.661554403906174,NaN,NaN,NaN,0.638535673804625,0.645920169496419,0.645938327566442,0.644953537789019,0.647924113633717,0.648685246977861,NaN,NaN,NaN,NaN,NaN,NaN,NaN,NaN,NaN,NaN,NaN,NaN,NaN,NaN,NaN,NaN,NaN,NaN,NaN,NaN,NaN,NaN,NaN,NaN,NaN,NaN,NaN,NaN,NaN,NaN,NaN,0.73044763173651,0.761756926796436,0.756977566197056,0.75222840339451,NaN,NaN,NaN,NaN,NaN,NaN,NaN,NaN,NaN,NaN,NaN,NaN,NaN,NaN,NaN,NaN,NaN,NaN,NaN,NaN,NaN,NaN,NaN,NaN,NaN,NaN,NaN,NaN,NaN,NaN,NaN,NaN,NaN,NaN,NaN,NaN,NaN
NaN,NaN,NaN,NaN,NaN,NaN,NaN,NaN,NaN,NaN,NaN,NaN,NaN,NaN,NaN,NaN,NaN,NaN,NaN,NaN,NaN,NaN,NaN,NaN,NaN,NaN,NaN,NaN,NaN,NaN,NaN,NaN,NaN,NaN,NaN,NaN,NaN,NaN,NaN,NaN,NaN,NaN,NaN,NaN,NaN,NaN,NaN,NaN,NaN,NaN,NaN,NaN,NaN,NaN,NaN,NaN,NaN,NaN,NaN,NaN,NaN,NaN,NaN,NaN,NaN,NaN,NaN,NaN,NaN,NaN,NaN,NaN,NaN,NaN,NaN,NaN,NaN,NaN,NaN,NaN,NaN,NaN,NaN,NaN,NaN,NaN,NaN,NaN,NaN,NaN,NaN,NaN,NaN,NaN,NaN,NaN,NaN,NaN,NaN,NaN,NaN,NaN,NaN,NaN,NaN,NaN,NaN,NaN,NaN,NaN,NaN,NaN,NaN,NaN,NaN,NaN,NaN,NaN,NaN,NaN,NaN,NaN,NaN,NaN,NaN,NaN,NaN,NaN,NaN,NaN,NaN,NaN,NaN,NaN,NaN,NaN,NaN,NaN,NaN,NaN,NaN,NaN,NaN,NaN,NaN,NaN,NaN,NaN,NaN,NaN,NaN,NaN,NaN,NaN,NaN,NaN,NaN,NaN,NaN,NaN,NaN,0.648378384641552,0.661215892877555,0.658074029475937,0.644517764588143,0.645571186732408,NaN,0.640387443486577,0.642587171708353,0.644611206772277,0.645724499512345,0.647461917156023,0.648478446534879,NaN,NaN,NaN,NaN,NaN,NaN,NaN,NaN,NaN,NaN,NaN,NaN,NaN,NaN,NaN,NaN,NaN,NaN,NaN,NaN,NaN,NaN,NaN,NaN,NaN,NaN,NaN,NaN,NaN,NaN,NaN,0.753767035087789,0.752054736657233,0.749425715347862,0.747232396947785,NaN,NaN,NaN,NaN,NaN,NaN,NaN,NaN,NaN,NaN,NaN,NaN,NaN,NaN,NaN,NaN,NaN,NaN,NaN,NaN,NaN,NaN,NaN,NaN,NaN,NaN,NaN,NaN,NaN,NaN,NaN,NaN,NaN,NaN,NaN,NaN,NaN
NaN,NaN,NaN,NaN,NaN,NaN,NaN,NaN,NaN,NaN,NaN,NaN,NaN,NaN,NaN,NaN,NaN,NaN,NaN,NaN,NaN,NaN,NaN,NaN,NaN,NaN,NaN,NaN,NaN,NaN,NaN,NaN,NaN,NaN,NaN,NaN,NaN,NaN,NaN,NaN,NaN,NaN,NaN,NaN,NaN,NaN,NaN,NaN,NaN,NaN,NaN,NaN,NaN,NaN,NaN,NaN,NaN,NaN,NaN,NaN,NaN,NaN,NaN,NaN,NaN,NaN,NaN,NaN,NaN,NaN,NaN,NaN,NaN,NaN,NaN,NaN,NaN,NaN,NaN,NaN,NaN,NaN,NaN,NaN,NaN,NaN,NaN,NaN,NaN,NaN,NaN,NaN,NaN,NaN,NaN,NaN,NaN,NaN,NaN,NaN,NaN,NaN,NaN,NaN,NaN,NaN,NaN,NaN,NaN,NaN,NaN,NaN,NaN,NaN,NaN,NaN,NaN,NaN,NaN,NaN,NaN,NaN,NaN,NaN,NaN,NaN,NaN,NaN,NaN,NaN,NaN,NaN,NaN,NaN,NaN,NaN,NaN,NaN,NaN,NaN,NaN,NaN,NaN,NaN,NaN,NaN,NaN,NaN,NaN,NaN,NaN,NaN,NaN,NaN,NaN,NaN,NaN,NaN,NaN,NaN,NaN,NaN,NaN,NaN,0.642403707191382,0.643630135552665,NaN,0.640110868296757,0.640551702829015,0.642620501712575,0.647473916977196,0.647459684205473,0.647610098121914,NaN,NaN,NaN,NaN,NaN,NaN,NaN,NaN,NaN,NaN,NaN,NaN,NaN,NaN,NaN,NaN,NaN,NaN,NaN,NaN,NaN,NaN,NaN,NaN,NaN,NaN,NaN,NaN,NaN,NaN,NaN,0.673036929101908,0.746163477217672,0.742139329152398,0.739226627177431,0.677783756671596,0.580850148400044,NaN,NaN,NaN,NaN,NaN,NaN,NaN,NaN,NaN,NaN,NaN,NaN,NaN,NaN,NaN,NaN,NaN,NaN,NaN,NaN,NaN,NaN,NaN,NaN,NaN,NaN,NaN,NaN,NaN,NaN,NaN,NaN,NaN,NaN,NaN
NaN,NaN,NaN,NaN,NaN,NaN,NaN,NaN,NaN,NaN,NaN,NaN,NaN,NaN,NaN,NaN,NaN,NaN,NaN,NaN,NaN,NaN,NaN,NaN,NaN,NaN,NaN,NaN,NaN,NaN,NaN,NaN,NaN,NaN,NaN,NaN,NaN,NaN,NaN,NaN,NaN,NaN,NaN,NaN,NaN,NaN,NaN,NaN,NaN,NaN,NaN,NaN,NaN,NaN,NaN,NaN,NaN,NaN,NaN,NaN,NaN,NaN,NaN,NaN,NaN,NaN,NaN,NaN,NaN,NaN,NaN,NaN,NaN,NaN,NaN,NaN,NaN,NaN,NaN,NaN,NaN,NaN,NaN,NaN,NaN,NaN,NaN,NaN,NaN,NaN,NaN,NaN,NaN,NaN,NaN,NaN,NaN,NaN,NaN,NaN,NaN,NaN,NaN,NaN,NaN,NaN,NaN,NaN,NaN,NaN,NaN,NaN,NaN,NaN,NaN,NaN,NaN,NaN,NaN,NaN,NaN,NaN,NaN,NaN,NaN,NaN,NaN,NaN,NaN,NaN,NaN,NaN,NaN,NaN,NaN,NaN,NaN,NaN,NaN,NaN,NaN,NaN,NaN,NaN,NaN,NaN,NaN,NaN,NaN,NaN,NaN,NaN,NaN,NaN,NaN,NaN,NaN,NaN,NaN,NaN,NaN,NaN,NaN,NaN,0.641765590004843,0.642096535157372,0.641303518000514,0.641848963406811,0.642198194145184,0.642025531455202,0.642717252700808,0.643337085453531,0.646935091186752,NaN,NaN,NaN,NaN,NaN,NaN,NaN,NaN,NaN,NaN,NaN,NaN,NaN,NaN,NaN,NaN,NaN,NaN,NaN,NaN,NaN,NaN,NaN,NaN,NaN,NaN,NaN,NaN,NaN,NaN,NaN,NaN,0.666558856262828,0.734426424379838,0.730647906032787,0.725671074830177,0.673734703253231,NaN,NaN,NaN,NaN,NaN,NaN,NaN,NaN,NaN,NaN,NaN,NaN,NaN,NaN,NaN,NaN,NaN,NaN,NaN,NaN,NaN,NaN,NaN,NaN,NaN,NaN,NaN,NaN,NaN,NaN,NaN,NaN,NaN,NaN,NaN
NaN,NaN,NaN,NaN,NaN,NaN,NaN,NaN,NaN,NaN,NaN,NaN,NaN,NaN,NaN,NaN,NaN,NaN,NaN,NaN,NaN,NaN,NaN,NaN,NaN,NaN,NaN,NaN,NaN,NaN,NaN,NaN,NaN,NaN,NaN,NaN,NaN,NaN,NaN,NaN,NaN,NaN,NaN,NaN,NaN,NaN,NaN,NaN,NaN,NaN,NaN,NaN,NaN,NaN,NaN,NaN,NaN,NaN,NaN,NaN,NaN,NaN,NaN,NaN,NaN,NaN,NaN,NaN,NaN,NaN,NaN,NaN,NaN,NaN,NaN,NaN,NaN,NaN,NaN,NaN,NaN,NaN,NaN,NaN,NaN,NaN,NaN,NaN,NaN,NaN,NaN,NaN,NaN,NaN,NaN,NaN,NaN,NaN,NaN,NaN,NaN,NaN,NaN,NaN,NaN,NaN,NaN,NaN,NaN,NaN,NaN,NaN,NaN,NaN,NaN,NaN,NaN,NaN,NaN,NaN,NaN,NaN,NaN,NaN,NaN,NaN,NaN,NaN,NaN,NaN,NaN,NaN,NaN,NaN,NaN,NaN,NaN,NaN,NaN,NaN,NaN,NaN,NaN,NaN,NaN,NaN,NaN,NaN,NaN,NaN,NaN,NaN,NaN,NaN,NaN,NaN,NaN,NaN,NaN,NaN,NaN,-2.57961808379948e-18,NaN,NaN,0.642784595421464,0.643521952139613,0.643238020639194,0.642984479724161,0.641048077850783,0.639623952510259,0.638160024094963,0.638112636957773,NaN,NaN,NaN,NaN,NaN,NaN,NaN,NaN,NaN,NaN,NaN,NaN,NaN,NaN,NaN,NaN,NaN,NaN,NaN,NaN,NaN,NaN,NaN,NaN,NaN,NaN,NaN,NaN,NaN,NaN,NaN,NaN,NaN,0.719520016750113,0.71795870524666,0.724902467659355,0.721698417989382,0.719310704833715,NaN,NaN,NaN,NaN,NaN,NaN,NaN,NaN,NaN,NaN,NaN,NaN,NaN,NaN,NaN,NaN,NaN,NaN,NaN,NaN,NaN,NaN,NaN,NaN,NaN,NaN,NaN,NaN,NaN,NaN,NaN,NaN,NaN,NaN,NaN
NaN,NaN,NaN,NaN,NaN,NaN,NaN,NaN,NaN,NaN,NaN,NaN,NaN,NaN,NaN,NaN,NaN,NaN,NaN,NaN,NaN,NaN,NaN,NaN,NaN,NaN,NaN,NaN,NaN,NaN,NaN,NaN,NaN,NaN,NaN,NaN,NaN,NaN,NaN,NaN,NaN,NaN,NaN,NaN,NaN,NaN,NaN,NaN,NaN,NaN,NaN,NaN,NaN,NaN,NaN,NaN,NaN,NaN,NaN,NaN,NaN,NaN,NaN,NaN,NaN,NaN,NaN,NaN,NaN,NaN,NaN,NaN,NaN,NaN,NaN,NaN,NaN,NaN,NaN,NaN,NaN,NaN,NaN,NaN,NaN,NaN,NaN,NaN,NaN,NaN,NaN,NaN,NaN,NaN,NaN,NaN,NaN,NaN,NaN,NaN,NaN,NaN,NaN,NaN,NaN,NaN,NaN,NaN,NaN,NaN,NaN,NaN,NaN,NaN,NaN,NaN,NaN,NaN,NaN,NaN,NaN,NaN,NaN,NaN,NaN,NaN,NaN,NaN,NaN,NaN,NaN,NaN,NaN,NaN,NaN,NaN,NaN,NaN,NaN,NaN,NaN,NaN,NaN,NaN,NaN,NaN,NaN,NaN,NaN,NaN,NaN,NaN,NaN,NaN,NaN,NaN,NaN,NaN,NaN,NaN,NaN,NaN,NaN,0.643327895988408,0.643200004532184,NaN,0.643502235394601,0.642430967738603,0.6369574642085,0.634836304965851,0.635074500738745,0.636111488556253,NaN,NaN,NaN,NaN,NaN,NaN,NaN,NaN,NaN,NaN,NaN,NaN,NaN,NaN,NaN,NaN,NaN,NaN,NaN,NaN,NaN,NaN,NaN,NaN,NaN,NaN,NaN,NaN,NaN,NaN,NaN,NaN,NaN,NaN,0.636030103309491,0.714643108950327,0.717306264160371,0.715794779350938,0.654929437424523,0.657237569159252,NaN,NaN,NaN,NaN,NaN,NaN,NaN,NaN,NaN,NaN,NaN,NaN,NaN,NaN,NaN,NaN,NaN,NaN,NaN,NaN,NaN,NaN,NaN,NaN,NaN,NaN,NaN,NaN,NaN,NaN,NaN,NaN,NaN
NaN,NaN,NaN,NaN,NaN,NaN,NaN,NaN,NaN,NaN,NaN,NaN,NaN,NaN,NaN,NaN,NaN,NaN,NaN,NaN,NaN,NaN,NaN,NaN,NaN,NaN,NaN,NaN,NaN,NaN,NaN,NaN,NaN,NaN,NaN,NaN,NaN,NaN,NaN,NaN,NaN,NaN,NaN,NaN,NaN,NaN,NaN,NaN,NaN,NaN,NaN,NaN,NaN,NaN,NaN,NaN,NaN,NaN,NaN,NaN,NaN,NaN,NaN,NaN,NaN,NaN,NaN,NaN,NaN,NaN,NaN,NaN,NaN,NaN,NaN,NaN,NaN,NaN,NaN,NaN,NaN,NaN,NaN,NaN,NaN,NaN,NaN,NaN,NaN,NaN,NaN,NaN,NaN,NaN,NaN,NaN,NaN,NaN,NaN,NaN,NaN,NaN,NaN,NaN,NaN,NaN,NaN,NaN,NaN,NaN,NaN,NaN,NaN,NaN,NaN,NaN,NaN,NaN,NaN,NaN,NaN,NaN,NaN,NaN,NaN,NaN,NaN,NaN,NaN,NaN,NaN,NaN,NaN,NaN,NaN,NaN,NaN,NaN,NaN,NaN,NaN,NaN,NaN,NaN,NaN,NaN,NaN,NaN,NaN,NaN,NaN,NaN,NaN,NaN,NaN,NaN,NaN,NaN,NaN,NaN,NaN,NaN,NaN,0.643425448218734,0.644025981162749,0.644583410293608,0.644408910705193,0.640665107566985,0.633119509332793,0.63065024066959,0.628135596071911,0.626419774874439,0.623500171648354,NaN,NaN,NaN,NaN,NaN,NaN,NaN,NaN,NaN,NaN,NaN,NaN,NaN,NaN,NaN,NaN,NaN,NaN,NaN,NaN,NaN,NaN,NaN,NaN,NaN,NaN,NaN,NaN,NaN,NaN,NaN,NaN,NaN,0.652175737610497,0.652506008543437,0.712809955596068,0.712222526423091,0.664274618129645,0.664851007476735,NaN,NaN,NaN,NaN,NaN,NaN,NaN,NaN,NaN,NaN,NaN,NaN,NaN,NaN,NaN,NaN,NaN,NaN,NaN,NaN,NaN,NaN,NaN,NaN,NaN,NaN,NaN,NaN,NaN,NaN,NaN,NaN,NaN
NaN,NaN,NaN,NaN,NaN,NaN,NaN,NaN,NaN,NaN,NaN,NaN,NaN,NaN,NaN,NaN,NaN,NaN,NaN,NaN,NaN,NaN,NaN,NaN,NaN,NaN,NaN,NaN,NaN,NaN,NaN,NaN,NaN,NaN,NaN,NaN,NaN,NaN,NaN,NaN,NaN,NaN,NaN,NaN,NaN,NaN,NaN,NaN,NaN,NaN,NaN,NaN,NaN,NaN,NaN,NaN,NaN,NaN,NaN,NaN,NaN,NaN,NaN,NaN,NaN,NaN,NaN,NaN,NaN,NaN,NaN,NaN,NaN,NaN,NaN,NaN,NaN,NaN,NaN,NaN,NaN,NaN,NaN,NaN,NaN,NaN,NaN,NaN,NaN,NaN,NaN,NaN,NaN,NaN,NaN,NaN,NaN,NaN,NaN,NaN,NaN,NaN,NaN,NaN,NaN,NaN,NaN,NaN,NaN,NaN,NaN,NaN,NaN,NaN,NaN,NaN,NaN,NaN,NaN,NaN,NaN,NaN,NaN,NaN,NaN,NaN,NaN,NaN,NaN,NaN,NaN,NaN,NaN,NaN,NaN,NaN,NaN,NaN,NaN,NaN,NaN,NaN,NaN,NaN,NaN,NaN,NaN,NaN,NaN,NaN,NaN,NaN,NaN,NaN,NaN,NaN,NaN,NaN,NaN,NaN,NaN,NaN,NaN,NaN,0.643993886525999,0.644341807463317,NaN,NaN,0.624003394012837,0.626545323580854,0.625716611126934,0.62479366921056,0.625620564989303,0.62746450729057,0.625983594869195,NaN,NaN,NaN,NaN,NaN,NaN,NaN,NaN,NaN,NaN,NaN,NaN,NaN,NaN,NaN,NaN,NaN,NaN,NaN,NaN,NaN,NaN,NaN,NaN,NaN,NaN,NaN,NaN,NaN,NaN,0.650776941693252,0.708724461481731,0.709040419926774,0.709880881026187,0.709258225643138,0.707556816842574,0.707011191788516,NaN,NaN,NaN,NaN,NaN,NaN,NaN,NaN,NaN,NaN,NaN,NaN,NaN,NaN,NaN,NaN,NaN,NaN,NaN,NaN,NaN,NaN,NaN,NaN,NaN,NaN,NaN,NaN,NaN,NaN,NaN,NaN,NaN
NaN,NaN,NaN,NaN,NaN,NaN,NaN,NaN,NaN,NaN,NaN,NaN,NaN,NaN,NaN,NaN,NaN,NaN,NaN,NaN,NaN,NaN,NaN,NaN,NaN,NaN,NaN,NaN,NaN,NaN,NaN,NaN,NaN,NaN,NaN,NaN,NaN,NaN,NaN,NaN,NaN,NaN,NaN,NaN,NaN,NaN,NaN,NaN,NaN,NaN,NaN,NaN,NaN,NaN,NaN,NaN,NaN,NaN,NaN,NaN,NaN,NaN,NaN,NaN,NaN,NaN,NaN,NaN,NaN,NaN,NaN,NaN,NaN,NaN,NaN,NaN,NaN,NaN,NaN,NaN,NaN,NaN,NaN,NaN,NaN,NaN,NaN,NaN,NaN,NaN,NaN,NaN,NaN,NaN,NaN,NaN,NaN,NaN,NaN,NaN,NaN,NaN,NaN,NaN,NaN,NaN,NaN,NaN,NaN,NaN,NaN,NaN,NaN,NaN,NaN,NaN,NaN,NaN,NaN,NaN,NaN,NaN,NaN,NaN,NaN,NaN,NaN,NaN,NaN,NaN,NaN,NaN,NaN,NaN,NaN,NaN,NaN,NaN,NaN,NaN,NaN,NaN,NaN,NaN,NaN,NaN,NaN,NaN,NaN,NaN,NaN,NaN,NaN,NaN,NaN,NaN,NaN,NaN,NaN,NaN,NaN,NaN,NaN,NaN,NaN,NaN,NaN,NaN,0.62857085833611,0.626191650910496,0.624770206971649,0.624331802581856,0.62913025146733,0.629467603277553,0.627042474097336,NaN,NaN,NaN,NaN,NaN,NaN,NaN,NaN,NaN,NaN,NaN,NaN,NaN,NaN,NaN,NaN,NaN,NaN,NaN,NaN,NaN,NaN,NaN,NaN,NaN,NaN,NaN,NaN,NaN,NaN,0.650702462033534,0.708516218180832,0.708575914300288,0.694342309609576,0.704915452964827,0.706821963167594,0.706550373962996,NaN,NaN,NaN,NaN,NaN,NaN,NaN,NaN,NaN,NaN,NaN,NaN,NaN,NaN,NaN,NaN,NaN,NaN,NaN,NaN,NaN,NaN,NaN,NaN,NaN,NaN,NaN,NaN,NaN,NaN,NaN,NaN,NaN
NaN,NaN,NaN,NaN,NaN,NaN,NaN,NaN,NaN,NaN,NaN,NaN,NaN,NaN,NaN,NaN,NaN,NaN,NaN,NaN,NaN,NaN,NaN,NaN,NaN,NaN,NaN,NaN,NaN,NaN,NaN,NaN,NaN,NaN,NaN,NaN,NaN,NaN,NaN,NaN,NaN,NaN,NaN,NaN,NaN,NaN,NaN,NaN,NaN,NaN,NaN,NaN,NaN,NaN,NaN,NaN,NaN,NaN,NaN,NaN,NaN,NaN,NaN,NaN,NaN,NaN,NaN,NaN,NaN,NaN,NaN,NaN,NaN,NaN,NaN,NaN,NaN,-0.249505538084765,-0.275885505858613,-0.239125822355191,NaN,NaN,NaN,NaN,NaN,NaN,NaN,NaN,NaN,NaN,NaN,NaN,NaN,NaN,NaN,NaN,NaN,NaN,NaN,NaN,NaN,NaN,NaN,NaN,NaN,NaN,NaN,NaN,NaN,NaN,NaN,NaN,NaN,NaN,NaN,NaN,NaN,NaN,NaN,NaN,NaN,NaN,NaN,NaN,NaN,NaN,NaN,NaN,NaN,NaN,NaN,NaN,NaN,NaN,NaN,NaN,NaN,NaN,NaN,NaN,NaN,NaN,NaN,NaN,NaN,NaN,NaN,NaN,NaN,NaN,NaN,NaN,NaN,NaN,NaN,NaN,NaN,NaN,NaN,NaN,NaN,NaN,NaN,NaN,NaN,NaN,NaN,NaN,0.631212291089015,0.621961367324579,0.621660775279589,0.623664907231375,0.630099065072578,0.630471318592435,NaN,NaN,NaN,NaN,NaN,NaN,NaN,NaN,NaN,NaN,NaN,NaN,NaN,NaN,NaN,NaN,NaN,NaN,NaN,NaN,NaN,NaN,NaN,NaN,NaN,NaN,NaN,NaN,NaN,NaN,NaN,0.560686268057999,0.650554722843015,0.649594470906232,NaN,0.647255255108125,0.705803520474775,0.705864272371788,NaN,NaN,NaN,NaN,NaN,NaN,NaN,NaN,NaN,NaN,NaN,NaN,NaN,NaN,NaN,NaN,NaN,NaN,NaN,NaN,NaN,NaN,NaN,NaN,NaN,NaN,NaN,NaN,NaN,NaN,NaN,NaN,NaN
NaN,NaN,NaN,NaN,NaN,NaN,NaN,NaN,NaN,NaN,NaN,NaN,NaN,NaN,NaN,NaN,NaN,NaN,NaN,NaN,NaN,NaN,NaN,NaN,NaN,NaN,NaN,NaN,NaN,NaN,NaN,NaN,NaN,NaN,NaN,NaN,NaN,NaN,NaN,NaN,NaN,NaN,NaN,NaN,NaN,NaN,NaN,NaN,NaN,NaN,NaN,NaN,NaN,NaN,NaN,NaN,NaN,NaN,NaN,NaN,NaN,NaN,NaN,NaN,NaN,NaN,NaN,NaN,NaN,NaN,NaN,NaN,NaN,NaN,NaN,NaN,-0.257545695605666,-0.275955385747869,-0.275887992925518,-0.27587895633971,NaN,NaN,NaN,NaN,NaN,NaN,NaN,NaN,NaN,NaN,NaN,NaN,NaN,NaN,NaN,NaN,NaN,NaN,NaN,NaN,NaN,NaN,NaN,NaN,NaN,NaN,NaN,NaN,NaN,NaN,NaN,NaN,NaN,NaN,NaN,NaN,NaN,NaN,NaN,NaN,NaN,NaN,NaN,NaN,NaN,NaN,NaN,NaN,NaN,NaN,NaN,NaN,NaN,NaN,NaN,NaN,NaN,NaN,NaN,NaN,NaN,NaN,NaN,NaN,NaN,NaN,NaN,NaN,NaN,NaN,NaN,NaN,NaN,NaN,NaN,NaN,NaN,NaN,NaN,NaN,NaN,NaN,NaN,NaN,NaN,NaN,NaN,NaN,NaN,0.607011721872076,0.613963159712788,0.618182051955503,0.628250661938459,0.630560610688413,NaN,NaN,NaN,NaN,NaN,NaN,NaN,NaN,NaN,NaN,NaN,NaN,NaN,NaN,NaN,NaN,NaN,NaN,NaN,NaN,NaN,NaN,NaN,NaN,NaN,NaN,NaN,NaN,NaN,NaN,NaN,NaN,0.560175692750901,0.559475143820165,NaN,0.646403162693328,0.705111917088256,0.685428525096086,NaN,NaN,NaN,NaN,NaN,NaN,NaN,NaN,NaN,NaN,NaN,NaN,NaN,NaN,NaN,NaN,NaN,NaN,NaN,NaN,NaN,NaN,NaN,NaN,NaN,NaN,NaN,NaN,NaN,NaN,NaN,NaN,NaN
NaN,NaN,NaN,NaN,NaN,NaN,NaN,NaN,NaN,NaN,NaN,NaN,NaN,NaN,NaN,NaN,NaN,NaN,NaN,NaN,NaN,NaN,NaN,NaN,NaN,NaN,NaN,NaN,NaN,NaN,NaN,NaN,NaN,NaN,NaN,NaN,NaN,NaN,NaN,NaN,NaN,NaN,NaN,NaN,NaN,NaN,NaN,NaN,NaN,NaN,NaN,NaN,NaN,NaN,NaN,NaN,NaN,NaN,NaN,NaN,NaN,NaN,NaN,NaN,NaN,NaN,NaN,NaN,NaN,NaN,NaN,NaN,NaN,NaN,NaN,-0.257288599961275,-0.275784903996995,-0.275834549777173,-0.275808364097859,NaN,NaN,NaN,NaN,NaN,NaN,NaN,-0.212903770205067,-0.267098538983165,NaN,NaN,NaN,NaN,NaN,NaN,NaN,NaN,NaN,NaN,NaN,NaN,NaN,NaN,NaN,NaN,NaN,NaN,NaN,NaN,NaN,NaN,NaN,NaN,NaN,NaN,NaN,NaN,NaN,NaN,NaN,NaN,NaN,NaN,NaN,NaN,NaN,NaN,NaN,NaN,NaN,NaN,NaN,NaN,NaN,NaN,NaN,NaN,NaN,NaN,NaN,NaN,NaN,NaN,NaN,NaN,NaN,NaN,NaN,NaN,NaN,NaN,NaN,NaN,NaN,NaN,NaN,NaN,NaN,NaN,NaN,NaN,NaN,NaN,NaN,NaN,NaN,NaN,NaN,NaN,NaN,0.603998257420715,0.604697376443838,0.600236109158773,NaN,NaN,NaN,NaN,NaN,NaN,NaN,NaN,NaN,NaN,NaN,NaN,NaN,NaN,NaN,NaN,NaN,NaN,NaN,NaN,NaN,NaN,NaN,NaN,NaN,NaN,NaN,NaN,NaN,NaN,NaN,NaN,NaN,0.433282708726,0.486038978843143,NaN,NaN,NaN,0.647622660776791,0.684707555305434,0.622227008951566,NaN,NaN,NaN,NaN,NaN,NaN,NaN,NaN,NaN,NaN,NaN,NaN,NaN,NaN,NaN,NaN,NaN,NaN,NaN,NaN,NaN,NaN,NaN,NaN,NaN,NaN,NaN,NaN,NaN,NaN,NaN,NaN
NaN,NaN,NaN,NaN,NaN,NaN,NaN,NaN,NaN,NaN,NaN,NaN,NaN,NaN,NaN,NaN,NaN,NaN,NaN,NaN,NaN,NaN,NaN,NaN,NaN,NaN,NaN,NaN,NaN,NaN,NaN,NaN,NaN,NaN,NaN,NaN,NaN,NaN,NaN,NaN,NaN,NaN,NaN,NaN,NaN,NaN,NaN,NaN,NaN,NaN,NaN,NaN,NaN,NaN,NaN,NaN,NaN,NaN,NaN,NaN,NaN,NaN,NaN,NaN,NaN,NaN,NaN,NaN,NaN,NaN,NaN,NaN,NaN,NaN,NaN,-0.275333654995099,-0.275630285096248,-0.275715753867074,-0.275679211871257,NaN,NaN,NaN,NaN,NaN,NaN,NaN,-0.267058901468588,-0.267028257328899,-0.266965972975234,-0.212837750658033,NaN,NaN,NaN,NaN,NaN,NaN,NaN,NaN,NaN,NaN,NaN,NaN,NaN,NaN,NaN,NaN,NaN,NaN,NaN,NaN,NaN,NaN,NaN,NaN,NaN,NaN,NaN,NaN,NaN,NaN,NaN,NaN,NaN,NaN,NaN,NaN,NaN,NaN,NaN,NaN,NaN,NaN,NaN,NaN,NaN,NaN,NaN,NaN,NaN,NaN,NaN,NaN,NaN,NaN,NaN,NaN,NaN,NaN,NaN,NaN,NaN,NaN,NaN,NaN,NaN,NaN,NaN,NaN,NaN,NaN,NaN,NaN,NaN,NaN,NaN,NaN,NaN,NaN,NaN,0.597781396428247,0.597405501377933,0.594453234569244,NaN,NaN,NaN,NaN,NaN,NaN,NaN,NaN,NaN,NaN,NaN,NaN,NaN,NaN,NaN,NaN,NaN,NaN,NaN,NaN,NaN,NaN,NaN,NaN,NaN,NaN,NaN,NaN,NaN,NaN,NaN,NaN,NaN,0.397811345383978,0.433355287665295,NaN,NaN,NaN,0.643469986158102,0.684354718469566,0.643365536280653,NaN,NaN,NaN,NaN,NaN,NaN,NaN,NaN,NaN,NaN,NaN,NaN,NaN,NaN,NaN,NaN,NaN,NaN,NaN,NaN,NaN,NaN,NaN,NaN,NaN,NaN,NaN,NaN,NaN,NaN,NaN,NaN
NaN,NaN,NaN,NaN,NaN,NaN,NaN,NaN,NaN,NaN,NaN,NaN,NaN,NaN,NaN,NaN,NaN,NaN,NaN,NaN,NaN,NaN,NaN,NaN,NaN,NaN,NaN,NaN,NaN,NaN,NaN,NaN,NaN,NaN,NaN,NaN,NaN,NaN,NaN,NaN,NaN,NaN,NaN,NaN,NaN,NaN,NaN,NaN,NaN,NaN,NaN,NaN,NaN,NaN,NaN,NaN,NaN,NaN,NaN,NaN,NaN,NaN,NaN,NaN,NaN,NaN,NaN,NaN,NaN,NaN,NaN,NaN,NaN,NaN,-0.273582159656587,-0.274547216451814,-0.275262284636461,-0.275520645536325,-0.275599741012616,NaN,NaN,NaN,NaN,NaN,NaN,-0.26700938869952,-0.266979094925428,-0.266945758676323,-0.266817500925607,-0.266663545350077,NaN,NaN,NaN,NaN,NaN,NaN,NaN,NaN,NaN,NaN,NaN,NaN,NaN,NaN,NaN,NaN,NaN,NaN,NaN,NaN,NaN,NaN,NaN,NaN,NaN,NaN,NaN,NaN,NaN,NaN,NaN,NaN,NaN,NaN,NaN,NaN,NaN,NaN,NaN,NaN,NaN,NaN,NaN,NaN,NaN,NaN,NaN,NaN,NaN,NaN,NaN,NaN,NaN,NaN,NaN,NaN,NaN,NaN,NaN,NaN,NaN,NaN,NaN,NaN,NaN,NaN,NaN,NaN,NaN,NaN,NaN,NaN,NaN,NaN,NaN,NaN,NaN,NaN,NaN,0.597876538432403,0.592803002104011,0.58724683849198,NaN,NaN,NaN,NaN,NaN,NaN,NaN,NaN,NaN,NaN,NaN,NaN,NaN,NaN,NaN,NaN,NaN,NaN,NaN,NaN,NaN,NaN,NaN,NaN,NaN,NaN,NaN,NaN,NaN,NaN,NaN,NaN,NaN,NaN,NaN,NaN,NaN,NaN,0.569950026078411,0.657870233463306,0.569964809051623,NaN,NaN,NaN,NaN,NaN,NaN,NaN,NaN,NaN,NaN,NaN,NaN,NaN,NaN,NaN,NaN,NaN,NaN,NaN,NaN,NaN,NaN,NaN,NaN,NaN,NaN,NaN,NaN,NaN,NaN,NaN,NaN
NaN,NaN,NaN,NaN,NaN,NaN,NaN,NaN,NaN,NaN,NaN,NaN,NaN,NaN,NaN,NaN,NaN,NaN,NaN,NaN,NaN,NaN,NaN,NaN,NaN,NaN,NaN,NaN,NaN,NaN,NaN,NaN,NaN,NaN,NaN,NaN,NaN,NaN,NaN,NaN,NaN,NaN,NaN,NaN,NaN,NaN,NaN,NaN,NaN,NaN,NaN,NaN,NaN,NaN,NaN,NaN,NaN,NaN,NaN,NaN,NaN,NaN,NaN,NaN,NaN,NaN,NaN,NaN,NaN,NaN,NaN,NaN,NaN,-0.272245615551888,-0.276192002419516,-0.27368224341226,-0.255415220456872,-0.274856421494782,-0.257775685135339,NaN,NaN,-0.247352011196284,-0.257737663391816,-0.252596710419329,NaN,-0.235301375681487,-0.266882442217705,-0.266822488425307,-0.266574789935425,-0.266321113785826,-0.266029533887221,NaN,NaN,NaN,NaN,NaN,NaN,NaN,NaN,NaN,NaN,NaN,NaN,NaN,NaN,NaN,NaN,NaN,NaN,NaN,NaN,NaN,NaN,NaN,NaN,NaN,NaN,NaN,NaN,NaN,NaN,NaN,NaN,NaN,NaN,NaN,NaN,NaN,NaN,NaN,NaN,NaN,NaN,NaN,NaN,NaN,NaN,NaN,NaN,NaN,NaN,NaN,NaN,NaN,NaN,NaN,NaN,NaN,NaN,NaN,NaN,NaN,NaN,NaN,NaN,NaN,NaN,NaN,NaN,NaN,NaN,NaN,NaN,NaN,NaN,NaN,NaN,NaN,0.562331427590912,0.580104504612044,0.582951032538251,0.580523488171858,NaN,NaN,NaN,NaN,NaN,NaN,NaN,NaN,NaN,NaN,NaN,NaN,NaN,NaN,NaN,NaN,NaN,NaN,NaN,NaN,NaN,NaN,NaN,NaN,NaN,NaN,NaN,NaN,NaN,NaN,NaN,NaN,NaN,NaN,NaN,NaN,NaN,NaN,NaN,NaN,NaN,NaN,NaN,NaN,NaN,NaN,NaN,NaN,NaN,NaN,NaN,NaN,NaN,NaN,NaN,NaN,NaN,NaN,NaN,NaN,NaN,NaN,NaN,NaN,NaN,NaN,NaN,NaN,NaN,NaN,NaN,NaN,NaN
NaN,NaN,NaN,NaN,NaN,NaN,NaN,NaN,NaN,NaN,NaN,NaN,NaN,NaN,NaN,NaN,NaN,NaN,NaN,NaN,NaN,NaN,NaN,NaN,NaN,NaN,NaN,NaN,NaN,NaN,NaN,NaN,NaN,NaN,NaN,NaN,NaN,NaN,NaN,NaN,NaN,NaN,NaN,NaN,NaN,NaN,NaN,NaN,NaN,NaN,NaN,NaN,NaN,NaN,NaN,NaN,NaN,NaN,NaN,NaN,NaN,NaN,NaN,NaN,NaN,NaN,NaN,NaN,NaN,NaN,NaN,NaN,NaN,-0.274759253270809,-0.275361324756234,-0.258543057025006,-0.273453682198308,-0.273852942547171,-0.234814128499675,NaN,-0.247211521316697,-0.26562733716058,-0.265732425925228,-0.265805825616685,-0.265962000285066,-0.233198917855305,-0.235276172159526,-0.232610607182936,-0.26620697617885,-0.265921062503196,-0.265656021152559,NaN,NaN,NaN,NaN,NaN,NaN,NaN,NaN,NaN,NaN,NaN,NaN,NaN,NaN,NaN,NaN,NaN,NaN,NaN,NaN,NaN,NaN,NaN,NaN,NaN,NaN,NaN,NaN,NaN,NaN,NaN,NaN,NaN,NaN,NaN,NaN,NaN,NaN,NaN,NaN,NaN,NaN,NaN,NaN,NaN,NaN,NaN,NaN,NaN,NaN,NaN,NaN,NaN,NaN,NaN,NaN,NaN,NaN,NaN,NaN,NaN,NaN,NaN,NaN,NaN,NaN,NaN,NaN,NaN,NaN,NaN,NaN,NaN,NaN,NaN,NaN,0.577422904244757,0.570440265171661,0.577487740809838,0.587119073058643,0.591105303751942,0.59005074572032,NaN,NaN,NaN,NaN,NaN,NaN,NaN,NaN,NaN,NaN,NaN,NaN,NaN,NaN,NaN,NaN,NaN,NaN,NaN,NaN,NaN,NaN,NaN,NaN,NaN,NaN,NaN,NaN,NaN,NaN,NaN,NaN,NaN,NaN,NaN,NaN,NaN,NaN,NaN,NaN,NaN,NaN,NaN,NaN,NaN,NaN,NaN,NaN,NaN,NaN,NaN,NaN,NaN,NaN,NaN,NaN,NaN,NaN,NaN,NaN,NaN,NaN,NaN,NaN,NaN,NaN,NaN,NaN,NaN,NaN,NaN,NaN
NaN,NaN,NaN,NaN,NaN,NaN,NaN,NaN,NaN,NaN,NaN,NaN,NaN,NaN,NaN,NaN,NaN,NaN,NaN,NaN,NaN,NaN,NaN,NaN,NaN,NaN,NaN,NaN,NaN,NaN,NaN,NaN,NaN,NaN,NaN,NaN,NaN,NaN,NaN,NaN,NaN,NaN,NaN,NaN,NaN,NaN,NaN,NaN,NaN,NaN,NaN,NaN,NaN,NaN,NaN,NaN,NaN,NaN,NaN,NaN,NaN,NaN,NaN,NaN,NaN,NaN,NaN,NaN,NaN,NaN,NaN,NaN,-0.269403820265124,-0.274496861829338,-0.270319121948455,-0.270319615066152,-0.249591675537509,-0.260729361566136,-0.20223534250046,NaN,-0.242889798624074,-0.265351526903588,-0.257348270052442,-0.256293493155614,-0.260160470679512,-0.253193976407165,-0.260819854843113,-0.247095370852542,-0.248847319686363,-0.265223473331804,-0.264828744486277,-0.264152134363717,-0.263914049560795,NaN,NaN,NaN,NaN,NaN,NaN,NaN,NaN,NaN,NaN,NaN,NaN,NaN,NaN,NaN,NaN,NaN,NaN,NaN,NaN,NaN,NaN,NaN,NaN,NaN,NaN,NaN,NaN,NaN,NaN,NaN,NaN,NaN,NaN,NaN,NaN,NaN,NaN,NaN,NaN,NaN,NaN,NaN,NaN,NaN,NaN,NaN,NaN,NaN,NaN,NaN,NaN,NaN,NaN,NaN,NaN,NaN,NaN,NaN,NaN,NaN,NaN,NaN,NaN,NaN,NaN,NaN,NaN,NaN,NaN,NaN,NaN,NaN,NaN,0.574255797452709,0.573479250884849,0.579447820810512,0.594156896017089,0.598675665704417,0.594871338653884,0.595059457046418,NaN,NaN,NaN,NaN,NaN,NaN,NaN,NaN,NaN,NaN,NaN,NaN,NaN,NaN,NaN,NaN,NaN,NaN,NaN,NaN,NaN,NaN,NaN,NaN,NaN,NaN,NaN,NaN,NaN,NaN,NaN,NaN,NaN,NaN,NaN,NaN,NaN,NaN,NaN,NaN,NaN,NaN,NaN,NaN,NaN,NaN,NaN,NaN,NaN,NaN,NaN,NaN,NaN,NaN,NaN,NaN,NaN,NaN,NaN,NaN,NaN,NaN,NaN,NaN,NaN,NaN,NaN,NaN,NaN,NaN,NaN
NaN,NaN,NaN,NaN,NaN,NaN,NaN,NaN,NaN,NaN,NaN,NaN,NaN,NaN,NaN,NaN,NaN,NaN,NaN,NaN,NaN,NaN,NaN,NaN,NaN,NaN,NaN,NaN,NaN,NaN,NaN,NaN,NaN,NaN,NaN,NaN,NaN,NaN,NaN,NaN,NaN,NaN,NaN,NaN,NaN,NaN,NaN,NaN,NaN,NaN,NaN,NaN,NaN,NaN,NaN,NaN,NaN,NaN,NaN,NaN,NaN,NaN,NaN,NaN,NaN,NaN,NaN,NaN,NaN,NaN,NaN,NaN,-0.269143467651292,-0.273497738648998,-0.268534458363042,-0.263217926258387,-0.256531676129806,-0.26181373459905,-0.250436216265576,NaN,-0.210062324854086,-0.264033823138433,-0.270359353192102,-0.271823505731441,-0.271627872762565,-0.26651436079746,-0.264178842854159,-0.262762681213691,-0.262631010173536,-0.254865470697805,-0.264096625222767,-0.263834781351157,-0.263682202639467,-0.263447572256564,NaN,NaN,NaN,NaN,NaN,NaN,NaN,NaN,NaN,NaN,NaN,NaN,NaN,NaN,NaN,NaN,NaN,NaN,NaN,NaN,NaN,NaN,NaN,NaN,NaN,NaN,NaN,NaN,NaN,NaN,NaN,NaN,NaN,NaN,NaN,NaN,NaN,NaN,NaN,NaN,NaN,NaN,NaN,NaN,NaN,NaN,NaN,NaN,NaN,NaN,NaN,NaN,NaN,NaN,NaN,NaN,NaN,NaN,NaN,NaN,NaN,NaN,NaN,NaN,NaN,NaN,NaN,NaN,NaN,NaN,NaN,NaN,NaN,0.574341398108257,0.568949986836999,0.569069362539534,0.590115656608155,0.597410431747329,0.593747226625066,0.594792935443788,NaN,NaN,NaN,NaN,NaN,NaN,NaN,NaN,NaN,NaN,NaN,NaN,NaN,NaN,NaN,NaN,NaN,NaN,NaN,NaN,NaN,NaN,NaN,NaN,NaN,NaN,NaN,NaN,NaN,NaN,NaN,NaN,NaN,NaN,NaN,NaN,NaN,NaN,NaN,NaN,NaN,NaN,NaN,NaN,NaN,NaN,NaN,NaN,NaN,NaN,NaN,NaN,NaN,NaN,NaN,NaN,NaN,NaN,NaN,NaN,NaN,NaN,NaN,NaN,NaN,NaN,NaN,NaN,NaN,NaN,NaN
NaN,NaN,NaN,NaN,NaN,NaN,NaN,NaN,NaN,NaN,NaN,NaN,NaN,NaN,NaN,NaN,NaN,NaN,NaN,NaN,NaN,NaN,NaN,NaN,NaN,NaN,NaN,NaN,NaN,NaN,NaN,NaN,NaN,NaN,NaN,NaN,NaN,NaN,NaN,NaN,NaN,NaN,NaN,NaN,NaN,NaN,NaN,NaN,NaN,NaN,NaN,NaN,NaN,NaN,NaN,NaN,NaN,NaN,NaN,NaN,NaN,NaN,NaN,NaN,NaN,NaN,NaN,NaN,NaN,NaN,NaN,NaN,NaN,-0.271441557321304,-0.264649058937105,-0.280204449303135,-0.268975730244804,-0.265011952287309,-0.26811718564372,-0.26148811887807,-0.259224503127441,-0.272357912969813,-0.274070755240506,-0.275038918904492,-0.275689846539871,-0.275022340091541,-0.270013576797966,-0.268402027712691,-0.266265045148601,-0.264599406759205,-0.262701644470209,-0.263331025142518,-0.263300221908015,-0.263183785377007,-0.263159726421344,NaN,NaN,NaN,NaN,NaN,NaN,NaN,NaN,NaN,NaN,NaN,NaN,NaN,NaN,NaN,NaN,NaN,NaN,NaN,NaN,NaN,NaN,NaN,NaN,NaN,NaN,NaN,NaN,NaN,NaN,NaN,NaN,NaN,NaN,NaN,NaN,NaN,NaN,NaN,NaN,NaN,NaN,NaN,NaN,NaN,NaN,NaN,NaN,NaN,NaN,NaN,NaN,NaN,NaN,NaN,NaN,NaN,NaN,NaN,NaN,NaN,NaN,NaN,NaN,NaN,NaN,NaN,NaN,NaN,NaN,NaN,0.507424258231977,0.539097139980419,0.545435096229128,0.538389901413363,NaN,NaN,NaN,NaN,NaN,NaN,NaN,NaN,NaN,NaN,NaN,NaN,NaN,NaN,NaN,NaN,NaN,NaN,NaN,NaN,NaN,NaN,NaN,NaN,NaN,NaN,NaN,NaN,NaN,NaN,NaN,NaN,NaN,NaN,NaN,NaN,NaN,NaN,NaN,NaN,NaN,NaN,NaN,NaN,NaN,NaN,NaN,NaN,NaN,NaN,NaN,NaN,NaN,NaN,NaN,NaN,NaN,NaN,NaN,NaN,NaN,NaN,NaN,NaN,NaN,NaN,NaN,NaN,NaN,NaN,NaN,NaN,NaN,NaN,NaN
NaN,NaN,NaN,NaN,NaN,NaN,NaN,NaN,NaN,NaN,NaN,NaN,NaN,NaN,NaN,NaN,NaN,NaN,NaN,NaN,NaN,NaN,NaN,NaN,NaN,NaN,NaN,NaN,NaN,NaN,NaN,NaN,NaN,NaN,NaN,NaN,NaN,NaN,NaN,NaN,NaN,NaN,NaN,NaN,NaN,NaN,NaN,NaN,NaN,NaN,NaN,NaN,NaN,NaN,NaN,NaN,NaN,NaN,NaN,NaN,NaN,NaN,NaN,NaN,NaN,NaN,NaN,NaN,NaN,NaN,NaN,NaN,-0.244955355589643,-0.26879134318274,-0.263026599218546,-0.278365054436228,-0.271992633520322,-0.270669299852457,-0.272697884512381,-0.268435417451479,-0.271855300800107,-0.273820928265833,-0.275799472686204,-0.277395451815364,-0.277645599886081,-0.274394537188404,-0.273535028421457,-0.27203902724479,-0.271662448701804,-0.27007607521561,-0.265889429861379,-0.258784367156365,-0.26271244845236,-0.262808590990251,-0.263100887118558,NaN,NaN,NaN,NaN,NaN,NaN,NaN,NaN,NaN,NaN,NaN,NaN,NaN,NaN,NaN,NaN,NaN,NaN,NaN,NaN,NaN,NaN,NaN,NaN,NaN,NaN,NaN,NaN,NaN,NaN,NaN,NaN,NaN,NaN,NaN,NaN,NaN,NaN,NaN,NaN,NaN,NaN,NaN,NaN,NaN,NaN,NaN,NaN,NaN,NaN,NaN,NaN,NaN,NaN,NaN,NaN,NaN,NaN,NaN,NaN,NaN,NaN,NaN,NaN,NaN,NaN,NaN,NaN,NaN,NaN,0.489407897180355,0.50479132279162,0.528652396731986,0.537725231997914,0.544135636822276,NaN,NaN,NaN,NaN,NaN,NaN,NaN,NaN,NaN,NaN,NaN,NaN,NaN,NaN,NaN,NaN,NaN,NaN,NaN,NaN,NaN,NaN,NaN,NaN,NaN,NaN,NaN,NaN,NaN,NaN,NaN,NaN,NaN,NaN,NaN,NaN,NaN,NaN,NaN,NaN,NaN,NaN,NaN,NaN,NaN,NaN,NaN,NaN,NaN,NaN,NaN,NaN,NaN,NaN,NaN,NaN,NaN,NaN,NaN,NaN,NaN,NaN,NaN,NaN,NaN,NaN,NaN,NaN,NaN,NaN,NaN,NaN,NaN,NaN,NaN
NaN,NaN,NaN,NaN,NaN,NaN,NaN,NaN,NaN,NaN,NaN,NaN,NaN,NaN,NaN,NaN,NaN,NaN,NaN,NaN,NaN,NaN,NaN,NaN,NaN,NaN,NaN,NaN,NaN,NaN,NaN,NaN,NaN,NaN,NaN,NaN,NaN,NaN,NaN,NaN,NaN,NaN,NaN,NaN,NaN,NaN,NaN,NaN,NaN,NaN,NaN,NaN,NaN,NaN,NaN,NaN,NaN,NaN,NaN,NaN,NaN,NaN,NaN,NaN,NaN,NaN,NaN,NaN,NaN,NaN,NaN,NaN,-0.25753372112095,-0.266971735051502,-0.26697531673121,-0.276167906455816,-0.274702880185704,-0.273298862697492,-0.273542402837452,-0.27355593237453,-0.274151096576849,-0.273596486172617,-0.275113370817828,-0.275842302592285,-0.276101512349844,-0.276113127765853,-0.274311962783171,-0.27481883839447,-0.274071089000303,-0.272009762361118,-0.273743782528398,-0.26776916406765,-0.258901095810218,-0.261747298668885,NaN,NaN,NaN,NaN,NaN,NaN,NaN,NaN,NaN,NaN,NaN,NaN,NaN,NaN,NaN,NaN,NaN,NaN,NaN,NaN,NaN,NaN,NaN,NaN,NaN,NaN,NaN,NaN,NaN,NaN,NaN,NaN,NaN,NaN,NaN,NaN,NaN,NaN,NaN,NaN,NaN,NaN,NaN,NaN,NaN,NaN,NaN,NaN,NaN,NaN,NaN,NaN,NaN,NaN,NaN,NaN,NaN,NaN,NaN,NaN,NaN,NaN,NaN,NaN,NaN,NaN,NaN,NaN,NaN,NaN,0.464391251177236,0.477958413098258,0.498923662104566,0.535992336807085,0.539352636166734,NaN,NaN,NaN,NaN,NaN,NaN,NaN,NaN,NaN,NaN,NaN,NaN,NaN,NaN,NaN,NaN,NaN,NaN,NaN,NaN,NaN,NaN,NaN,NaN,NaN,NaN,NaN,NaN,NaN,NaN,NaN,NaN,NaN,NaN,NaN,NaN,NaN,NaN,NaN,NaN,NaN,NaN,NaN,NaN,NaN,NaN,NaN,NaN,NaN,NaN,NaN,NaN,NaN,NaN,NaN,NaN,NaN,NaN,NaN,NaN,NaN,NaN,NaN,NaN,NaN,NaN,NaN,NaN,NaN,NaN,NaN,NaN,NaN,NaN,NaN,NaN
NaN,NaN,NaN,NaN,NaN,NaN,NaN,NaN,NaN,NaN,NaN,NaN,NaN,NaN,NaN,NaN,NaN,NaN,NaN,NaN,NaN,NaN,NaN,NaN,NaN,NaN,NaN,NaN,NaN,NaN,NaN,NaN,NaN,NaN,NaN,NaN,NaN,NaN,NaN,NaN,NaN,NaN,NaN,NaN,NaN,NaN,NaN,NaN,NaN,NaN,NaN,NaN,NaN,NaN,NaN,NaN,NaN,NaN,NaN,NaN,NaN,NaN,NaN,NaN,NaN,NaN,NaN,NaN,NaN,NaN,NaN,NaN,-0.265130847573677,-0.265189421099175,-0.264732037341851,-0.273832925151992,-0.273268590455868,-0.273598823260949,-0.273581923999129,-0.273517174987654,-0.27326448623604,-0.257662964691381,-0.268460543899231,-0.273531289147353,-0.274184676894464,-0.270752922297124,-0.272982958874888,-0.253106062254024,-0.27055630158061,-0.273810473578995,-0.274106353582306,-0.268794822039221,-0.265270226030891,-0.253324710244219,-0.261493945140936,NaN,NaN,NaN,NaN,NaN,NaN,NaN,NaN,NaN,NaN,NaN,NaN,NaN,NaN,NaN,NaN,NaN,NaN,NaN,NaN,NaN,NaN,NaN,NaN,NaN,NaN,NaN,NaN,NaN,NaN,NaN,NaN,NaN,NaN,NaN,NaN,NaN,NaN,NaN,NaN,NaN,NaN,NaN,NaN,NaN,NaN,NaN,NaN,NaN,NaN,NaN,NaN,NaN,NaN,NaN,NaN,NaN,NaN,NaN,NaN,NaN,NaN,NaN,NaN,NaN,NaN,NaN,NaN,0.429615221639326,0.447627120739168,0.462270828776496,0.474637212125002,NaN,NaN,NaN,NaN,NaN,NaN,NaN,NaN,NaN,NaN,NaN,NaN,NaN,NaN,NaN,NaN,NaN,NaN,NaN,NaN,NaN,NaN,NaN,NaN,NaN,NaN,NaN,NaN,NaN,NaN,NaN,NaN,NaN,NaN,NaN,NaN,NaN,NaN,NaN,NaN,NaN,NaN,NaN,NaN,NaN,NaN,NaN,NaN,NaN,NaN,NaN,NaN,NaN,NaN,NaN,NaN,NaN,NaN,NaN,NaN,NaN,NaN,NaN,NaN,NaN,NaN,NaN,NaN,NaN,NaN,NaN,NaN,NaN,NaN,NaN,NaN,NaN,NaN
NaN,NaN,NaN,NaN,NaN,NaN,NaN,NaN,NaN,NaN,NaN,NaN,NaN,NaN,NaN,NaN,NaN,NaN,NaN,NaN,NaN,NaN,NaN,NaN,NaN,NaN,NaN,NaN,NaN,NaN,NaN,NaN,NaN,NaN,NaN,NaN,NaN,NaN,NaN,NaN,NaN,NaN,NaN,NaN,NaN,NaN,NaN,NaN,NaN,NaN,NaN,NaN,NaN,NaN,NaN,NaN,NaN,NaN,NaN,NaN,NaN,NaN,NaN,NaN,NaN,NaN,NaN,NaN,NaN,NaN,-0.186132975511246,-0.236703688249475,-0.254657079221739,-0.257843372320632,-0.266218698034255,-0.271039123672388,-0.272284463723107,-0.270336395800453,-0.271878669645886,-0.257533818315917,-0.258083093969104,-0.270982692543908,-0.272127379344136,-0.2727047546125,-0.266916754208964,-0.261510961341924,-0.271991938223156,-0.266370282492182,-0.271106800371131,-0.274678392892601,-0.274792042742669,-0.272869659433871,-0.269726980190221,-0.261000316068823,-0.261292926521099,-0.260624944803031,NaN,NaN,NaN,NaN,NaN,NaN,NaN,NaN,NaN,NaN,NaN,NaN,NaN,NaN,NaN,NaN,NaN,NaN,NaN,NaN,NaN,NaN,NaN,NaN,NaN,NaN,NaN,NaN,NaN,NaN,NaN,NaN,NaN,NaN,NaN,NaN,NaN,NaN,NaN,NaN,NaN,NaN,NaN,NaN,NaN,NaN,NaN,NaN,NaN,NaN,NaN,NaN,NaN,NaN,NaN,NaN,NaN,NaN,NaN,NaN,NaN,NaN,NaN,NaN,NaN,0.405179991258891,0.404198763314099,0.417893709275269,0.433328708606895,0.436975548498054,NaN,NaN,NaN,NaN,NaN,NaN,NaN,NaN,NaN,NaN,NaN,NaN,NaN,NaN,NaN,NaN,NaN,NaN,NaN,NaN,NaN,NaN,NaN,NaN,NaN,NaN,NaN,NaN,NaN,NaN,NaN,NaN,NaN,NaN,NaN,NaN,NaN,NaN,NaN,NaN,NaN,NaN,NaN,NaN,NaN,NaN,NaN,NaN,NaN,NaN,NaN,NaN,NaN,NaN,NaN,NaN,NaN,NaN,NaN,NaN,NaN,NaN,NaN,NaN,NaN,NaN,NaN,NaN,NaN,NaN,NaN,NaN,NaN,NaN,NaN,NaN,NaN,NaN,NaN
NaN,NaN,NaN,NaN,NaN,NaN,NaN,NaN,NaN,NaN,NaN,NaN,NaN,NaN,NaN,NaN,NaN,NaN,NaN,NaN,NaN,NaN,NaN,NaN,NaN,NaN,NaN,NaN,NaN,NaN,NaN,NaN,NaN,NaN,NaN,NaN,NaN,NaN,NaN,NaN,NaN,NaN,NaN,NaN,NaN,NaN,NaN,NaN,NaN,NaN,NaN,NaN,NaN,NaN,NaN,NaN,NaN,NaN,NaN,NaN,NaN,NaN,NaN,NaN,NaN,NaN,NaN,NaN,NaN,NaN,-0.236180302616897,-0.2381968195515,-0.237704634071244,-0.257812792502945,-0.263925117952197,-0.267367619718322,-0.269948900779178,-0.269377061294498,-0.26925494836434,-0.268928531647172,-0.268964744295165,-0.26940178081941,-0.26965263189018,-0.270386881455977,-0.269820467658834,-0.270634033121266,-0.269468349472961,-0.272809710749735,-0.27339551919455,-0.274578262013978,-0.274530293953619,-0.274440246082172,-0.271898176189142,-0.257325319452635,-0.260368086612233,-0.267414438350472,NaN,NaN,NaN,NaN,NaN,NaN,NaN,NaN,NaN,NaN,NaN,NaN,NaN,NaN,NaN,NaN,NaN,NaN,NaN,NaN,NaN,NaN,NaN,NaN,NaN,NaN,NaN,NaN,NaN,NaN,NaN,NaN,NaN,NaN,NaN,NaN,NaN,NaN,NaN,NaN,NaN,NaN,NaN,NaN,NaN,NaN,NaN,NaN,NaN,NaN,NaN,NaN,NaN,NaN,NaN,NaN,NaN,NaN,NaN,NaN,NaN,NaN,NaN,NaN,NaN,0.406876659969145,0.407815160563661,0.414172359972425,0.427486296726659,0.44529511494884,NaN,NaN,NaN,NaN,NaN,NaN,NaN,NaN,NaN,NaN,NaN,NaN,NaN,NaN,NaN,NaN,NaN,NaN,NaN,NaN,NaN,NaN,NaN,NaN,NaN,NaN,NaN,NaN,NaN,NaN,NaN,NaN,NaN,NaN,NaN,NaN,NaN,NaN,NaN,NaN,NaN,NaN,NaN,NaN,NaN,NaN,NaN,NaN,NaN,NaN,NaN,NaN,NaN,NaN,NaN,NaN,NaN,NaN,NaN,NaN,NaN,NaN,NaN,NaN,NaN,NaN,NaN,NaN,NaN,NaN,NaN,NaN,NaN,NaN,NaN,NaN,NaN,NaN,NaN
NaN,NaN,NaN,NaN,NaN,NaN,NaN,NaN,NaN,NaN,NaN,NaN,NaN,NaN,NaN,NaN,NaN,NaN,NaN,NaN,NaN,NaN,NaN,NaN,NaN,NaN,NaN,NaN,NaN,NaN,NaN,NaN,NaN,NaN,NaN,NaN,NaN,NaN,NaN,NaN,NaN,NaN,NaN,NaN,NaN,NaN,NaN,NaN,NaN,NaN,NaN,NaN,NaN,NaN,NaN,NaN,NaN,NaN,NaN,NaN,NaN,NaN,NaN,NaN,NaN,NaN,NaN,NaN,NaN,NaN,-0.18563957671891,-0.23520579145555,-0.233752141549579,-0.256456067680659,-0.264025615899645,-0.260943277459526,-0.254103113214348,-0.266628250934993,-0.249572485675223,-0.265133202737269,-0.266695276815386,-0.266888026614262,-0.266604853974332,-0.267972414456571,-0.268480390163517,-0.267819426522511,-0.2701269859853,-0.271445692322651,-0.272187627274918,-0.273327189122848,-0.273823878834777,-0.273786478165453,-0.272098005956886,-0.262864345280029,-0.253262358822033,-0.266987681680999,-0.25370394222497,NaN,NaN,NaN,NaN,NaN,NaN,NaN,NaN,NaN,NaN,NaN,NaN,NaN,NaN,NaN,NaN,NaN,NaN,NaN,NaN,NaN,NaN,NaN,NaN,NaN,NaN,NaN,NaN,NaN,NaN,NaN,NaN,NaN,NaN,NaN,NaN,NaN,NaN,NaN,NaN,NaN,NaN,NaN,NaN,NaN,NaN,NaN,NaN,NaN,NaN,NaN,NaN,NaN,NaN,NaN,NaN,NaN,NaN,NaN,NaN,NaN,NaN,NaN,NaN,0.410869165068718,0.408632889601316,0.408628329705459,0.411586919109051,NaN,NaN,NaN,NaN,NaN,NaN,NaN,NaN,NaN,NaN,NaN,NaN,NaN,NaN,NaN,NaN,NaN,NaN,NaN,NaN,NaN,NaN,NaN,NaN,NaN,NaN,NaN,NaN,NaN,NaN,NaN,NaN,NaN,NaN,NaN,NaN,NaN,NaN,NaN,NaN,NaN,NaN,NaN,NaN,NaN,NaN,NaN,NaN,NaN,NaN,NaN,NaN,NaN,NaN,NaN,NaN,NaN,NaN,NaN,NaN,NaN,NaN,NaN,NaN,NaN,NaN,NaN,NaN,NaN,NaN,NaN,NaN,NaN,NaN,NaN,NaN,NaN,NaN,NaN,NaN
NaN,NaN,NaN,NaN,NaN,NaN,NaN,NaN,NaN,NaN,NaN,NaN,NaN,NaN,NaN,NaN,NaN,NaN,NaN,NaN,NaN,NaN,NaN,NaN,NaN,NaN,NaN,NaN,NaN,NaN,NaN,NaN,NaN,NaN,NaN,NaN,NaN,NaN,NaN,NaN,NaN,NaN,NaN,NaN,NaN,NaN,NaN,NaN,NaN,NaN,NaN,NaN,NaN,NaN,NaN,NaN,NaN,NaN,NaN,NaN,NaN,NaN,NaN,NaN,NaN,NaN,NaN,NaN,NaN,NaN,-0.156412329145463,-0.193477480060408,-0.239714685672328,-0.257880595163613,-0.260174438902671,-0.260678622023838,-0.249482749322322,-0.246682258997033,-0.262748877454358,-0.262276620464534,-0.263776394432852,-0.264255782524267,-0.26477958056528,-0.265631854877511,-0.266397622576697,-0.266042804458324,-0.268418274484851,-0.269698254789778,-0.270743735196291,-0.271660838583146,-0.272576159973193,-0.272731713619898,-0.272513995618715,-0.26678535203205,-0.258367188634729,-0.266054808147799,-0.216250205885428,NaN,NaN,NaN,NaN,NaN,NaN,NaN,NaN,NaN,NaN,NaN,NaN,NaN,NaN,NaN,NaN,NaN,NaN,NaN,NaN,NaN,NaN,NaN,NaN,NaN,NaN,NaN,NaN,NaN,NaN,NaN,NaN,NaN,NaN,NaN,NaN,NaN,NaN,NaN,NaN,NaN,NaN,NaN,NaN,NaN,NaN,NaN,NaN,NaN,NaN,NaN,NaN,NaN,NaN,NaN,NaN,NaN,NaN,NaN,NaN,NaN,NaN,NaN,NaN,0.412570865047167,0.407609366977666,0.404082250681525,0.406117668083395,NaN,NaN,NaN,NaN,NaN,NaN,NaN,NaN,NaN,NaN,NaN,NaN,NaN,NaN,NaN,NaN,NaN,NaN,NaN,NaN,NaN,NaN,NaN,NaN,NaN,NaN,NaN,NaN,NaN,NaN,NaN,NaN,NaN,NaN,NaN,NaN,NaN,NaN,NaN,NaN,NaN,NaN,NaN,NaN,NaN,NaN,NaN,NaN,NaN,NaN,NaN,NaN,NaN,NaN,NaN,NaN,NaN,NaN,NaN,NaN,NaN,NaN,NaN,NaN,NaN,NaN,NaN,NaN,NaN,NaN,NaN,NaN,NaN,NaN,NaN,NaN,NaN,NaN,NaN,NaN
NaN,NaN,NaN,NaN,NaN,NaN,NaN,NaN,NaN,NaN,NaN,NaN,NaN,NaN,NaN,NaN,NaN,NaN,NaN,NaN,NaN,NaN,NaN,NaN,NaN,NaN,NaN,NaN,NaN,NaN,NaN,NaN,NaN,NaN,NaN,NaN,NaN,NaN,NaN,NaN,NaN,NaN,NaN,NaN,NaN,NaN,NaN,NaN,NaN,NaN,NaN,NaN,NaN,NaN,NaN,NaN,NaN,NaN,NaN,NaN,NaN,NaN,NaN,NaN,NaN,NaN,NaN,NaN,NaN,NaN,NaN,-0.193596786287683,-0.237279734557715,-0.254580666432214,-0.24681282705465,-0.257037066033655,-0.256765456984213,-0.245879567047964,-0.259737325046004,-0.260170629554169,-0.260931374367452,-0.261699344322044,-0.262526147345016,-0.263421682371137,-0.264382801909892,-0.265278137480188,-0.266557218745543,-0.26781065694117,-0.269028925258824,-0.270180040043235,-0.271297176760745,-0.272082352410627,-0.27080465156604,-0.268367445232791,-0.264287991504544,-0.26559019077281,NaN,NaN,NaN,NaN,NaN,NaN,NaN,NaN,NaN,NaN,NaN,NaN,NaN,NaN,NaN,NaN,NaN,NaN,NaN,NaN,NaN,NaN,NaN,NaN,NaN,NaN,NaN,NaN,NaN,NaN,NaN,NaN,NaN,NaN,NaN,NaN,NaN,NaN,NaN,NaN,NaN,NaN,NaN,NaN,NaN,NaN,NaN,NaN,NaN,NaN,NaN,NaN,NaN,NaN,NaN,NaN,NaN,NaN,NaN,NaN,NaN,NaN,NaN,NaN,NaN,0.415241911788683,0.405737959005961,0.396530153642368,0.396604277232786,NaN,NaN,NaN,NaN,NaN,NaN,NaN,NaN,NaN,NaN,NaN,NaN,NaN,NaN,NaN,NaN,NaN,NaN,NaN,NaN,NaN,NaN,NaN,NaN,NaN,NaN,NaN,NaN,NaN,NaN,NaN,NaN,NaN,NaN,NaN,NaN,NaN,NaN,NaN,NaN,NaN,NaN,NaN,NaN,NaN,NaN,NaN,NaN,NaN,NaN,NaN,NaN,NaN,NaN,NaN,NaN,NaN,NaN,NaN,NaN,NaN,NaN,NaN,NaN,NaN,NaN,NaN,NaN,NaN,NaN,NaN,NaN,NaN,NaN,NaN,NaN,NaN,NaN,NaN,NaN
NaN,NaN,NaN,NaN,NaN,NaN,NaN,NaN,NaN,NaN,NaN,NaN,NaN,NaN,NaN,NaN,NaN,NaN,NaN,NaN,NaN,NaN,NaN,NaN,NaN,NaN,NaN,NaN,NaN,NaN,NaN,NaN,NaN,NaN,NaN,NaN,NaN,NaN,NaN,NaN,NaN,NaN,NaN,NaN,NaN,NaN,NaN,NaN,NaN,NaN,NaN,NaN,NaN,NaN,NaN,NaN,NaN,NaN,NaN,NaN,NaN,NaN,NaN,NaN,NaN,NaN,NaN,NaN,NaN,NaN,NaN,NaN,-0.250545068103488,-0.250092430818976,-0.248360373082809,-0.254798853293705,-0.255117401912848,-0.254290874991332,-0.256734853553948,-0.257458782251754,-0.258297992772777,-0.259226955287058,-0.260223031245694,-0.261251322731366,-0.262381980411426,-0.263551055847265,-0.264799813040694,-0.266083613874264,-0.267395381718924,-0.268616319768182,-0.269631245844284,-0.270313379173924,-0.270982817239675,-0.270097295267923,-0.264922116072047,-0.253699470931633,-0.266585836091104,-0.266646930930973,NaN,NaN,NaN,NaN,NaN,NaN,NaN,NaN,NaN,NaN,NaN,NaN,NaN,NaN,NaN,NaN,NaN,NaN,NaN,NaN,NaN,NaN,NaN,NaN,NaN,NaN,NaN,NaN,NaN,NaN,NaN,NaN,NaN,NaN,NaN,NaN,NaN,NaN,NaN,NaN,NaN,NaN,NaN,NaN,NaN,NaN,NaN,NaN,NaN,NaN,NaN,NaN,NaN,NaN,NaN,NaN,NaN,NaN,NaN,NaN,NaN,NaN,NaN,0.415668011075,0.399850831392651,0.388395031481003,0.385820068327692,NaN,NaN,NaN,NaN,NaN,NaN,NaN,NaN,NaN,NaN,NaN,NaN,NaN,NaN,NaN,NaN,NaN,NaN,NaN,NaN,NaN,NaN,NaN,NaN,NaN,NaN,NaN,NaN,NaN,NaN,NaN,NaN,NaN,NaN,NaN,NaN,NaN,NaN,NaN,NaN,NaN,NaN,NaN,NaN,NaN,NaN,NaN,NaN,NaN,NaN,NaN,NaN,NaN,NaN,NaN,NaN,NaN,NaN,NaN,NaN,NaN,NaN,NaN,NaN,NaN,NaN,NaN,NaN,NaN,NaN,NaN,NaN,NaN,NaN,NaN,NaN,NaN,NaN,NaN,NaN
NaN,NaN,NaN,NaN,NaN,NaN,NaN,NaN,NaN,NaN,NaN,NaN,NaN,NaN,NaN,NaN,NaN,NaN,NaN,NaN,NaN,NaN,NaN,NaN,NaN,NaN,NaN,NaN,NaN,NaN,NaN,NaN,NaN,NaN,NaN,NaN,NaN,NaN,NaN,NaN,NaN,NaN,NaN,NaN,NaN,NaN,NaN,NaN,NaN,NaN,NaN,NaN,NaN,NaN,NaN,NaN,NaN,NaN,NaN,NaN,NaN,NaN,NaN,NaN,NaN,NaN,NaN,NaN,NaN,NaN,NaN,NaN,-0.22711852562011,-0.249280532066932,-0.250536320051037,-0.251223747093484,-0.251807304167299,-0.248518525105666,-0.253923632718895,-0.254768380343662,-0.255671725022026,-0.256739005794279,-0.25782249250497,-0.259057773744519,-0.260430477931861,-0.261832206576823,-0.263203880534533,-0.264519416991033,-0.265850946272004,-0.267165018825734,-0.268367394733209,-0.269753150859474,-0.270834696623614,-0.269983023968213,-0.261609151747358,-0.252822783743098,-0.26639085630712,-0.236018978078076,NaN,NaN,NaN,NaN,NaN,NaN,NaN,NaN,NaN,NaN,NaN,NaN,NaN,NaN,NaN,NaN,NaN,NaN,NaN,NaN,NaN,NaN,NaN,NaN,NaN,NaN,NaN,NaN,NaN,NaN,NaN,NaN,NaN,NaN,NaN,NaN,NaN,NaN,NaN,NaN,NaN,NaN,NaN,NaN,NaN,NaN,NaN,NaN,NaN,NaN,NaN,NaN,NaN,NaN,NaN,NaN,NaN,NaN,NaN,NaN,NaN,NaN,NaN,NaN,0.377082894302144,0.376039984008073,0.384205275942676,NaN,NaN,NaN,NaN,NaN,NaN,NaN,NaN,NaN,NaN,NaN,NaN,NaN,NaN,NaN,NaN,NaN,NaN,NaN,NaN,NaN,NaN,NaN,NaN,NaN,NaN,NaN,NaN,NaN,NaN,NaN,NaN,NaN,NaN,NaN,NaN,NaN,NaN,NaN,NaN,NaN,NaN,NaN,NaN,NaN,NaN,NaN,NaN,NaN,NaN,NaN,NaN,NaN,NaN,NaN,NaN,NaN,NaN,NaN,NaN,NaN,NaN,NaN,NaN,NaN,NaN,NaN,NaN,NaN,NaN,NaN,NaN,NaN,NaN,NaN,NaN,NaN,NaN,NaN,NaN
NaN,NaN,NaN,NaN,NaN,NaN,NaN,NaN,NaN,NaN,NaN,NaN,NaN,NaN,NaN,NaN,NaN,NaN,NaN,NaN,NaN,NaN,NaN,NaN,NaN,NaN,NaN,NaN,NaN,NaN,NaN,NaN,NaN,NaN,NaN,NaN,NaN,NaN,NaN,NaN,NaN,NaN,NaN,NaN,NaN,NaN,NaN,NaN,NaN,NaN,NaN,NaN,NaN,NaN,NaN,NaN,NaN,NaN,NaN,NaN,NaN,NaN,NaN,NaN,NaN,NaN,NaN,NaN,NaN,NaN,-0.149364506449664,-0.184226116970434,-0.227439564101031,-0.244637510769534,-0.246770179707084,-0.247636567145663,-0.24828324114672,-0.245578220322849,-0.250745228690888,-0.251857017962102,-0.253034490524873,-0.254231824946521,-0.255439708598167,-0.256851289900897,-0.258483712621991,-0.260025229560535,-0.261626744393433,-0.263053276563012,-0.264465203798939,-0.265827773697961,-0.267129583559498,-0.268498473235268,-0.269361108119056,-0.268665351706511,-0.263961336632879,-0.265661812765497,-0.266055076029407,NaN,NaN,NaN,NaN,NaN,NaN,NaN,NaN,NaN,NaN,NaN,NaN,NaN,NaN,NaN,NaN,NaN,NaN,NaN,NaN,NaN,NaN,NaN,NaN,NaN,NaN,NaN,NaN,NaN,NaN,NaN,NaN,NaN,NaN,NaN,NaN,NaN,NaN,NaN,NaN,NaN,NaN,NaN,NaN,NaN,NaN,NaN,NaN,NaN,NaN,NaN,NaN,NaN,NaN,NaN,NaN,NaN,NaN,NaN,NaN,NaN,NaN,NaN,NaN,0.347650877909652,0.354122771031061,0.358435757627327,0.361645892092806,0.350657583207317,NaN,NaN,NaN,NaN,NaN,NaN,NaN,NaN,NaN,NaN,NaN,NaN,NaN,NaN,NaN,NaN,NaN,NaN,NaN,NaN,NaN,NaN,NaN,NaN,NaN,NaN,NaN,NaN,NaN,NaN,NaN,NaN,NaN,NaN,NaN,NaN,NaN,NaN,NaN,NaN,NaN,NaN,NaN,NaN,NaN,NaN,NaN,NaN,NaN,NaN,NaN,NaN,NaN,NaN,NaN,NaN,NaN,NaN,NaN,NaN,NaN,NaN,NaN,NaN,NaN,NaN,NaN,NaN,NaN,NaN,NaN,NaN,NaN,NaN,NaN,NaN,NaN,NaN,NaN
NaN,NaN,NaN,NaN,NaN,NaN,NaN,NaN,NaN,NaN,NaN,NaN,NaN,NaN,NaN,NaN,NaN,NaN,NaN,NaN,NaN,NaN,NaN,NaN,NaN,NaN,NaN,NaN,NaN,NaN,NaN,NaN,NaN,NaN,NaN,NaN,NaN,NaN,NaN,NaN,NaN,NaN,NaN,NaN,NaN,NaN,NaN,NaN,NaN,NaN,NaN,NaN,NaN,NaN,NaN,NaN,NaN,NaN,NaN,NaN,NaN,NaN,NaN,NaN,NaN,NaN,NaN,NaN,NaN,NaN,-0.167919190339254,-0.207210853939195,-0.236213381529317,-0.242133211240379,-0.243356867815469,-0.244285507698224,-0.245187890146791,-0.245864151581574,-0.247435635528956,-0.248832855495159,-0.250252076428369,-0.251693609836441,-0.253425098043871,-0.254935919572219,-0.256601600314811,-0.258293933546738,-0.260013565094985,-0.261614729785996,-0.263121092155563,-0.264581411097091,-0.265939778117011,-0.26729090167591,-0.268363162407731,-0.269855718351398,-0.250337730068702,-0.235133013983173,-0.25601120437469,NaN,NaN,NaN,NaN,NaN,NaN,NaN,NaN,NaN,NaN,NaN,NaN,NaN,NaN,NaN,NaN,NaN,NaN,NaN,NaN,NaN,NaN,NaN,NaN,NaN,NaN,NaN,NaN,NaN,NaN,NaN,NaN,NaN,NaN,NaN,NaN,NaN,NaN,NaN,NaN,NaN,NaN,NaN,NaN,NaN,NaN,NaN,NaN,NaN,NaN,NaN,NaN,NaN,NaN,NaN,NaN,NaN,NaN,NaN,NaN,NaN,NaN,NaN,NaN,0.346975565659185,0.346696402611144,0.350476792000982,0.350761897808992,0.345485719894584,0.340728224846619,NaN,NaN,NaN,NaN,NaN,NaN,NaN,NaN,NaN,NaN,NaN,NaN,NaN,NaN,NaN,NaN,NaN,NaN,NaN,NaN,NaN,NaN,NaN,NaN,NaN,NaN,NaN,NaN,NaN,NaN,NaN,NaN,NaN,NaN,NaN,NaN,NaN,NaN,NaN,NaN,NaN,NaN,NaN,NaN,NaN,NaN,NaN,NaN,NaN,NaN,NaN,NaN,NaN,NaN,NaN,NaN,NaN,NaN,NaN,NaN,NaN,NaN,NaN,NaN,NaN,NaN,NaN,NaN,NaN,NaN,NaN,NaN,NaN,NaN,NaN,NaN,NaN,NaN
NaN,NaN,NaN,NaN,NaN,NaN,NaN,NaN,NaN,NaN,NaN,NaN,NaN,NaN,NaN,NaN,NaN,NaN,NaN,NaN,NaN,NaN,NaN,NaN,NaN,NaN,NaN,NaN,NaN,NaN,NaN,NaN,NaN,NaN,NaN,NaN,NaN,NaN,NaN,NaN,NaN,NaN,NaN,NaN,NaN,NaN,NaN,NaN,NaN,NaN,NaN,NaN,NaN,NaN,NaN,NaN,NaN,NaN,NaN,NaN,NaN,NaN,NaN,NaN,NaN,NaN,NaN,NaN,NaN,NaN,-0.169639724436564,-0.207340125917371,-0.236216412697706,-0.239011324314171,-0.240017533348006,-0.241065117363333,-0.242331649104145,-0.243077046109216,-0.244533155983327,-0.246089956084496,-0.247431434763828,-0.249097947279878,-0.251234450148891,-0.253167689463384,-0.254929326833466,-0.256701889119867,-0.258441500798304,-0.260193258749614,-0.261811555085548,-0.263347514439507,-0.26471876799838,-0.266064525964067,-0.267681922988945,-0.259962805271582,-0.21547881573987,NaN,NaN,NaN,NaN,NaN,NaN,NaN,NaN,NaN,NaN,NaN,NaN,NaN,NaN,NaN,NaN,NaN,NaN,NaN,NaN,NaN,NaN,NaN,NaN,NaN,NaN,NaN,NaN,NaN,NaN,NaN,NaN,NaN,NaN,NaN,NaN,NaN,NaN,NaN,NaN,NaN,NaN,NaN,NaN,NaN,NaN,NaN,NaN,NaN,NaN,NaN,NaN,NaN,NaN,NaN,NaN,NaN,NaN,NaN,NaN,NaN,NaN,NaN,NaN,NaN,0.339386135311463,0.342866274355608,0.343140685924834,0.345464666210762,0.345640123359981,0.342697306565033,0.340611717039513,NaN,NaN,NaN,NaN,NaN,NaN,NaN,NaN,NaN,NaN,NaN,NaN,NaN,NaN,NaN,NaN,NaN,NaN,NaN,NaN,NaN,NaN,NaN,NaN,NaN,NaN,NaN,NaN,NaN,NaN,NaN,NaN,NaN,NaN,NaN,NaN,NaN,NaN,NaN,NaN,NaN,NaN,NaN,NaN,NaN,NaN,NaN,NaN,NaN,NaN,NaN,NaN,NaN,NaN,NaN,NaN,NaN,NaN,NaN,NaN,NaN,NaN,NaN,NaN,NaN,NaN,NaN,NaN,NaN,NaN,NaN,NaN,NaN,NaN,NaN,NaN,NaN,NaN
NaN,NaN,NaN,NaN,NaN,NaN,NaN,NaN,NaN,NaN,NaN,NaN,NaN,NaN,NaN,NaN,NaN,NaN,NaN,NaN,NaN,NaN,NaN,NaN,NaN,NaN,NaN,NaN,NaN,NaN,NaN,NaN,NaN,NaN,NaN,NaN,NaN,NaN,NaN,NaN,NaN,NaN,NaN,NaN,NaN,NaN,NaN,NaN,NaN,NaN,NaN,NaN,NaN,NaN,NaN,NaN,NaN,NaN,NaN,NaN,NaN,NaN,NaN,NaN,NaN,NaN,NaN,NaN,NaN,NaN,NaN,-0.215755838641888,-0.23406833625205,-0.235494124704029,-0.236746714598003,-0.237705023537795,-0.23846875315229,-0.240114844053426,-0.24170373728376,-0.243604310573931,-0.245462425603828,-0.247045212264788,-0.249037028067854,-0.251235252051416,-0.253205829004571,-0.255171668137463,-0.257017063146773,-0.258827555400823,-0.260555094389309,-0.262169069384269,-0.263369567834657,-0.263825870598363,-0.247310999682821,NaN,NaN,NaN,NaN,NaN,NaN,NaN,NaN,NaN,NaN,NaN,NaN,NaN,NaN,NaN,NaN,NaN,NaN,NaN,NaN,NaN,NaN,NaN,NaN,NaN,NaN,NaN,NaN,NaN,NaN,NaN,NaN,NaN,NaN,NaN,NaN,NaN,NaN,NaN,NaN,NaN,NaN,NaN,NaN,NaN,NaN,NaN,NaN,NaN,NaN,NaN,NaN,NaN,NaN,NaN,NaN,NaN,NaN,NaN,NaN,NaN,NaN,NaN,NaN,NaN,NaN,0.33594085366093,0.337220637804161,0.338627052522001,0.340339843716362,0.342656552741988,0.343768721917155,0.342658094298553,0.341998377030365,NaN,NaN,NaN,NaN,NaN,NaN,NaN,NaN,NaN,NaN,NaN,NaN,NaN,NaN,NaN,NaN,NaN,NaN,NaN,NaN,NaN,NaN,NaN,NaN,NaN,NaN,NaN,NaN,NaN,NaN,NaN,NaN,NaN,NaN,NaN,NaN,NaN,NaN,NaN,NaN,NaN,NaN,NaN,NaN,NaN,NaN,NaN,NaN,NaN,NaN,NaN,NaN,NaN,NaN,NaN,NaN,NaN,NaN,NaN,NaN,NaN,NaN,NaN,NaN,NaN,NaN,NaN,NaN,NaN,NaN,NaN,NaN,NaN,NaN,NaN,NaN,NaN,NaN
NaN,NaN,NaN,NaN,NaN,NaN,NaN,NaN,NaN,NaN,NaN,NaN,NaN,NaN,NaN,NaN,NaN,NaN,NaN,NaN,NaN,NaN,NaN,NaN,NaN,NaN,NaN,NaN,NaN,NaN,NaN,NaN,NaN,NaN,NaN,NaN,NaN,NaN,NaN,NaN,NaN,NaN,NaN,NaN,NaN,NaN,NaN,NaN,NaN,NaN,NaN,NaN,NaN,NaN,NaN,NaN,NaN,NaN,NaN,NaN,NaN,NaN,NaN,NaN,NaN,NaN,NaN,NaN,NaN,NaN,NaN,-0.224610151089632,-0.230721626320525,-0.231988161494254,-0.233540073203834,-0.234263877554396,-0.234995227199668,-0.236818521645294,-0.238506201178786,-0.240423215396903,-0.243225758758941,-0.245278919422876,-0.247237172119643,-0.249427582855811,-0.251459354652189,-0.253545282758056,-0.255639887008643,-0.257546371522281,-0.259305650549327,-0.260090509107671,-0.261950733355414,-0.262582147044901,-0.244343541132622,NaN,NaN,NaN,NaN,NaN,NaN,NaN,NaN,NaN,NaN,NaN,NaN,NaN,NaN,NaN,NaN,NaN,NaN,NaN,NaN,NaN,NaN,NaN,NaN,NaN,NaN,NaN,NaN,NaN,NaN,NaN,NaN,NaN,NaN,NaN,NaN,NaN,NaN,NaN,NaN,NaN,NaN,NaN,NaN,NaN,NaN,NaN,NaN,NaN,NaN,NaN,NaN,NaN,NaN,NaN,NaN,NaN,NaN,NaN,NaN,NaN,NaN,NaN,NaN,NaN,NaN,0.335019665354181,0.335714281428346,0.336980825099809,0.337868193920449,0.340678609027713,0.343241015536684,0.343330789214206,0.343908656487657,NaN,NaN,NaN,NaN,NaN,NaN,NaN,NaN,NaN,NaN,NaN,NaN,NaN,NaN,NaN,NaN,NaN,NaN,NaN,NaN,NaN,NaN,NaN,NaN,NaN,NaN,NaN,NaN,NaN,NaN,NaN,NaN,NaN,NaN,NaN,NaN,NaN,NaN,NaN,NaN,NaN,NaN,NaN,NaN,NaN,NaN,NaN,NaN,NaN,NaN,NaN,NaN,NaN,NaN,NaN,NaN,NaN,NaN,NaN,NaN,NaN,NaN,NaN,NaN,NaN,NaN,NaN,NaN,NaN,NaN,NaN,NaN,NaN,NaN,NaN,NaN,NaN,NaN
NaN,NaN,NaN,NaN,NaN,NaN,NaN,NaN,NaN,NaN,NaN,NaN,NaN,NaN,NaN,NaN,NaN,NaN,NaN,NaN,NaN,NaN,NaN,NaN,NaN,NaN,NaN,NaN,NaN,NaN,NaN,NaN,NaN,NaN,NaN,NaN,NaN,NaN,NaN,NaN,NaN,NaN,NaN,NaN,NaN,NaN,NaN,NaN,NaN,NaN,NaN,NaN,NaN,NaN,NaN,NaN,NaN,NaN,NaN,NaN,NaN,NaN,NaN,NaN,NaN,NaN,NaN,NaN,NaN,NaN,-0.21616870986429,-0.225170123430845,-0.227103727296387,-0.228660300736141,-0.229610799196584,-0.230757579965696,-0.232231566399454,-0.233929531549702,-0.235905772254353,-0.238205360017071,-0.240360999491274,-0.242944877256674,-0.24525759445203,-0.247611664189405,-0.249770495076317,-0.251791400656274,-0.25397110597616,-0.25607716584525,-0.257595540816871,-0.259396729785004,-0.260814382258428,-0.261747025745533,-0.244520647356874,NaN,NaN,NaN,NaN,NaN,NaN,NaN,NaN,NaN,NaN,NaN,NaN,NaN,NaN,NaN,NaN,NaN,NaN,NaN,NaN,NaN,NaN,NaN,NaN,NaN,NaN,NaN,NaN,NaN,NaN,NaN,NaN,NaN,NaN,NaN,NaN,NaN,NaN,NaN,NaN,NaN,NaN,NaN,NaN,NaN,NaN,NaN,NaN,NaN,NaN,NaN,NaN,NaN,NaN,NaN,NaN,NaN,NaN,NaN,NaN,NaN,NaN,NaN,NaN,NaN,NaN,0.33531817734811,0.335195011025864,0.336079016164965,0.336756090784856,0.339861600276366,0.343532280913822,0.344577652693643,0.346217028703806,NaN,NaN,NaN,NaN,NaN,NaN,NaN,NaN,NaN,NaN,NaN,NaN,NaN,NaN,NaN,NaN,NaN,NaN,NaN,NaN,NaN,NaN,NaN,NaN,NaN,NaN,NaN,NaN,NaN,NaN,NaN,NaN,NaN,NaN,NaN,NaN,NaN,NaN,NaN,NaN,NaN,NaN,NaN,NaN,NaN,NaN,NaN,NaN,NaN,NaN,NaN,NaN,NaN,NaN,NaN,NaN,NaN,NaN,NaN,NaN,NaN,NaN,NaN,NaN,NaN,NaN,NaN,NaN,NaN,NaN,NaN,NaN,NaN,NaN,NaN,NaN,NaN,NaN
NaN,NaN,NaN,NaN,NaN,NaN,NaN,NaN,NaN,NaN,NaN,NaN,NaN,NaN,NaN,NaN,NaN,NaN,NaN,NaN,NaN,NaN,NaN,NaN,NaN,NaN,NaN,NaN,NaN,NaN,NaN,NaN,NaN,NaN,NaN,NaN,NaN,NaN,NaN,NaN,NaN,NaN,NaN,NaN,NaN,NaN,NaN,NaN,NaN,NaN,NaN,NaN,NaN,NaN,NaN,NaN,NaN,NaN,NaN,NaN,NaN,NaN,NaN,NaN,NaN,NaN,NaN,NaN,NaN,-0.218620187880938,-0.220239919943855,-0.222144057808438,-0.223749200147054,-0.225152728992874,-0.226139708398963,-0.227629380512886,-0.229363300135642,-0.231010569113167,-0.233220244342187,-0.235910813261337,-0.238363464543033,-0.240795921352741,-0.243264274927546,-0.245705326200177,-0.248061390175812,-0.250204830980664,-0.252368277854964,-0.254650041519437,-0.256276351421378,-0.257783622461399,-0.2597125887566,-0.261362821486846,-0.26202376980754,-0.244904838769101,-0.245802425560737,-0.246271722656849,-0.246466552506013,NaN,NaN,NaN,NaN,NaN,NaN,NaN,NaN,NaN,NaN,NaN,NaN,NaN,NaN,NaN,NaN,NaN,NaN,NaN,NaN,NaN,NaN,NaN,NaN,NaN,NaN,NaN,NaN,NaN,NaN,NaN,NaN,NaN,NaN,NaN,NaN,NaN,NaN,NaN,NaN,NaN,NaN,NaN,NaN,NaN,NaN,NaN,NaN,NaN,NaN,NaN,NaN,NaN,NaN,NaN,NaN,NaN,NaN,NaN,NaN,NaN,NaN,0.336587460155118,0.335496729997791,0.335224533500466,0.336160403031373,0.33904119297138,0.342982314003596,0.344817635761499,0.347979568062878,NaN,NaN,NaN,NaN,NaN,NaN,NaN,NaN,NaN,NaN,NaN,NaN,NaN,NaN,NaN,NaN,NaN,NaN,NaN,NaN,NaN,NaN,NaN,NaN,NaN,NaN,NaN,NaN,NaN,NaN,NaN,NaN,NaN,NaN,NaN,NaN,NaN,NaN,NaN,NaN,NaN,NaN,NaN,NaN,NaN,NaN,NaN,NaN,NaN,NaN,NaN,NaN,NaN,NaN,NaN,NaN,NaN,NaN,NaN,NaN,NaN,NaN,NaN,NaN,NaN,NaN,NaN,NaN,NaN,NaN,NaN,NaN,NaN,NaN,NaN,NaN,NaN,NaN
NaN,NaN,NaN,NaN,NaN,NaN,NaN,NaN,NaN,NaN,NaN,NaN,NaN,NaN,NaN,NaN,NaN,NaN,NaN,NaN,NaN,NaN,NaN,NaN,NaN,NaN,NaN,NaN,NaN,NaN,NaN,NaN,NaN,NaN,NaN,NaN,NaN,NaN,NaN,NaN,NaN,NaN,NaN,NaN,NaN,NaN,NaN,NaN,NaN,NaN,NaN,NaN,NaN,NaN,NaN,NaN,NaN,NaN,NaN,NaN,NaN,NaN,NaN,NaN,NaN,NaN,NaN,NaN,NaN,-0.217528348413039,-0.21716284916607,-0.219358503903913,-0.22058223994337,-0.221629103797178,-0.222991023530078,-0.225117437374388,-0.22685128670274,-0.228492986716414,-0.230804160394574,-0.232950085538399,-0.23580998532788,-0.23843360717761,-0.241059407291896,-0.243648468992046,-0.24608724215077,-0.248408949763898,-0.250843041103754,-0.25314931580394,-0.255106277002382,-0.256515354030094,-0.257995277205994,-0.260446470692951,-0.262109391556518,-0.263335352866026,-0.264424291048182,-0.265183013687759,-0.265502243113018,-0.246597694332504,NaN,NaN,NaN,NaN,NaN,NaN,NaN,NaN,NaN,NaN,NaN,NaN,NaN,NaN,NaN,NaN,NaN,NaN,NaN,NaN,NaN,NaN,NaN,NaN,NaN,NaN,NaN,NaN,NaN,NaN,NaN,NaN,NaN,NaN,NaN,NaN,NaN,NaN,NaN,NaN,NaN,NaN,NaN,NaN,NaN,NaN,NaN,NaN,NaN,NaN,NaN,NaN,NaN,NaN,NaN,NaN,NaN,NaN,NaN,NaN,0.332069279609604,0.334076576400577,0.334367942233643,0.334183919648417,0.33535133519451,0.337957452813903,0.340261968994538,0.341094412140354,NaN,NaN,NaN,NaN,NaN,NaN,NaN,NaN,NaN,NaN,NaN,NaN,NaN,NaN,NaN,NaN,NaN,NaN,NaN,NaN,NaN,NaN,NaN,NaN,NaN,NaN,NaN,NaN,NaN,NaN,NaN,NaN,NaN,NaN,NaN,NaN,NaN,NaN,NaN,NaN,NaN,NaN,NaN,NaN,NaN,NaN,NaN,NaN,NaN,NaN,NaN,NaN,NaN,NaN,NaN,NaN,NaN,NaN,NaN,NaN,NaN,NaN,NaN,NaN,NaN,NaN,NaN,NaN,NaN,NaN,NaN,NaN,NaN,NaN,NaN,NaN,NaN,NaN,NaN
NaN,NaN,NaN,NaN,NaN,NaN,NaN,NaN,NaN,NaN,NaN,NaN,NaN,NaN,NaN,NaN,NaN,NaN,NaN,NaN,NaN,NaN,NaN,NaN,NaN,NaN,NaN,NaN,NaN,NaN,NaN,NaN,NaN,NaN,NaN,NaN,NaN,NaN,NaN,NaN,NaN,NaN,NaN,NaN,NaN,NaN,NaN,NaN,NaN,NaN,NaN,NaN,NaN,NaN,NaN,NaN,NaN,NaN,NaN,NaN,NaN,NaN,NaN,NaN,NaN,NaN,-0.160747428042378,-0.194235558925102,-0.21124905990802,-0.213057615401068,-0.215339300488707,-0.216647296653602,-0.217617058578082,-0.218651878271944,-0.220224593319179,-0.222344230985204,-0.224133182076288,-0.226231555337498,-0.228241734308979,-0.230471996059427,-0.232937590101633,-0.235706169920651,-0.238533112264217,-0.241392375912212,-0.244064587340236,-0.24635439359487,-0.248835434608427,-0.251550848567326,-0.253883935034066,-0.25619145044125,-0.256638257994413,-0.259437750420417,-0.260697738992772,-0.257596763734485,-0.259232892874189,-0.264878166859725,-0.265863695535156,-0.246655839356478,NaN,NaN,NaN,NaN,NaN,NaN,NaN,NaN,NaN,NaN,NaN,NaN,NaN,NaN,NaN,NaN,NaN,NaN,NaN,NaN,NaN,NaN,NaN,NaN,NaN,NaN,NaN,NaN,NaN,NaN,NaN,NaN,NaN,NaN,NaN,NaN,NaN,NaN,NaN,NaN,NaN,NaN,NaN,NaN,NaN,NaN,NaN,NaN,NaN,NaN,NaN,NaN,NaN,NaN,NaN,NaN,NaN,NaN,NaN,NaN,0.331520948769619,0.332274924859586,0.332450694251225,0.332974506760209,0.334672730418031,0.337192439153513,0.339068127896672,0.339160479851756,NaN,NaN,NaN,NaN,NaN,NaN,NaN,NaN,NaN,NaN,NaN,NaN,NaN,NaN,NaN,NaN,NaN,NaN,NaN,NaN,NaN,NaN,NaN,NaN,NaN,NaN,NaN,NaN,NaN,NaN,NaN,NaN,NaN,NaN,NaN,NaN,NaN,NaN,NaN,NaN,NaN,NaN,NaN,NaN,NaN,NaN,NaN,NaN,NaN,NaN,NaN,NaN,NaN,NaN,NaN,NaN,NaN,NaN,NaN,NaN,NaN,NaN,NaN,NaN,NaN,NaN,NaN,NaN,NaN,NaN,NaN,NaN,NaN,NaN,NaN,NaN,NaN,NaN,NaN
NaN,NaN,NaN,NaN,NaN,NaN,NaN,NaN,NaN,NaN,NaN,NaN,NaN,NaN,NaN,NaN,NaN,NaN,NaN,NaN,NaN,NaN,NaN,NaN,NaN,NaN,NaN,NaN,NaN,NaN,NaN,NaN,NaN,NaN,NaN,NaN,NaN,NaN,NaN,NaN,NaN,NaN,NaN,NaN,NaN,NaN,NaN,NaN,NaN,NaN,NaN,NaN,NaN,NaN,NaN,NaN,NaN,NaN,NaN,NaN,NaN,NaN,NaN,NaN,NaN,NaN,-0.189136653667332,-0.208002133478749,-0.210309089285425,-0.211886822874011,-0.213076361189675,-0.214101579967318,-0.214953172771239,-0.216106104825515,-0.217802118932916,-0.219520284013218,-0.221263196141665,-0.223627303040997,-0.225153645308667,-0.22751785017997,-0.229863333121204,-0.232363015647391,-0.235512517009054,-0.238929128945216,-0.242192142990814,-0.244735027183607,-0.247281447171723,-0.250273414925601,-0.253101058581333,-0.255301347560504,-0.255773971359276,-0.256544595277646,-0.259139656466453,-0.255675102072814,-0.251785176703451,-0.246480882875625,-0.2664039967525,-0.265377001465622,NaN,NaN,NaN,NaN,NaN,NaN,NaN,NaN,NaN,NaN,NaN,NaN,NaN,NaN,NaN,NaN,NaN,NaN,NaN,NaN,NaN,NaN,NaN,NaN,NaN,NaN,NaN,NaN,NaN,NaN,NaN,NaN,NaN,NaN,NaN,NaN,NaN,NaN,NaN,NaN,NaN,NaN,NaN,NaN,NaN,NaN,NaN,NaN,NaN,NaN,NaN,NaN,NaN,NaN,NaN,NaN,NaN,NaN,NaN,NaN,0.330873149165378,0.331194981547341,0.331335180461117,0.332040410948642,0.334098978742377,0.33647426646339,0.338393104645934,0.33854205219579,NaN,NaN,NaN,NaN,NaN,NaN,NaN,NaN,NaN,NaN,NaN,NaN,NaN,NaN,NaN,NaN,NaN,NaN,NaN,NaN,NaN,NaN,NaN,NaN,NaN,NaN,NaN,NaN,NaN,NaN,NaN,NaN,NaN,NaN,NaN,NaN,NaN,NaN,NaN,NaN,NaN,NaN,NaN,NaN,NaN,NaN,NaN,NaN,NaN,NaN,NaN,NaN,NaN,NaN,NaN,NaN,NaN,NaN,NaN,NaN,NaN,NaN,NaN,NaN,NaN,NaN,NaN,NaN,NaN,NaN,NaN,NaN,NaN,NaN,NaN,NaN,NaN,NaN,NaN
NaN,NaN,NaN,NaN,NaN,NaN,NaN,NaN,NaN,NaN,NaN,NaN,NaN,NaN,NaN,NaN,NaN,NaN,NaN,NaN,NaN,NaN,NaN,NaN,NaN,NaN,NaN,NaN,NaN,NaN,NaN,NaN,NaN,NaN,NaN,NaN,NaN,NaN,NaN,NaN,NaN,NaN,NaN,NaN,NaN,NaN,NaN,NaN,NaN,NaN,NaN,NaN,NaN,NaN,NaN,NaN,NaN,NaN,NaN,NaN,NaN,NaN,NaN,NaN,NaN,NaN,-0.191665884752848,-0.20773055624148,-0.209357629934892,-0.210188909171947,-0.211025792016959,-0.211579027094402,-0.212195630090338,-0.213595750190147,-0.215009084598626,-0.216403567404563,-0.218255763504462,-0.220377561026705,-0.221947708607891,-0.223993043893277,-0.226344462233798,-0.228771824865662,-0.232020100187922,-0.236101055652278,-0.240168147369202,-0.243365739157753,-0.246278862158485,-0.249394216687705,-0.251871223932264,-0.253948648421579,-0.252794718355279,-0.254642764102759,-0.255579288640578,-0.253127040984592,-0.244570656436861,-0.252637168541588,-0.266659759797567,-0.266670715881965,NaN,NaN,NaN,NaN,NaN,NaN,NaN,NaN,NaN,NaN,NaN,NaN,NaN,NaN,NaN,NaN,NaN,NaN,NaN,NaN,NaN,NaN,NaN,NaN,NaN,NaN,NaN,NaN,NaN,NaN,NaN,NaN,NaN,NaN,NaN,NaN,NaN,NaN,NaN,NaN,NaN,NaN,NaN,NaN,NaN,NaN,NaN,NaN,NaN,NaN,NaN,NaN,NaN,NaN,NaN,NaN,NaN,NaN,NaN,NaN,0.330436854285591,0.330334264733866,0.330866138689698,0.331583767081707,0.333664355993548,0.335856266454677,0.33792712218867,0.338292845242439,NaN,NaN,NaN,NaN,NaN,NaN,NaN,NaN,NaN,NaN,NaN,NaN,NaN,NaN,NaN,NaN,NaN,NaN,NaN,NaN,NaN,NaN,NaN,NaN,NaN,NaN,NaN,NaN,NaN,NaN,NaN,NaN,NaN,NaN,NaN,NaN,NaN,NaN,NaN,NaN,NaN,NaN,NaN,NaN,NaN,NaN,NaN,NaN,NaN,NaN,NaN,NaN,NaN,NaN,NaN,NaN,NaN,NaN,NaN,NaN,NaN,NaN,NaN,NaN,NaN,NaN,NaN,NaN,NaN,NaN,NaN,NaN,NaN,NaN,NaN,NaN,NaN,NaN,NaN
NaN,NaN,NaN,NaN,NaN,NaN,NaN,NaN,NaN,NaN,NaN,NaN,NaN,NaN,NaN,NaN,NaN,NaN,NaN,NaN,NaN,NaN,NaN,NaN,NaN,NaN,NaN,NaN,NaN,NaN,NaN,NaN,NaN,NaN,NaN,NaN,NaN,NaN,NaN,NaN,NaN,NaN,NaN,NaN,NaN,NaN,NaN,NaN,NaN,NaN,NaN,NaN,NaN,NaN,NaN,NaN,NaN,NaN,NaN,NaN,NaN,NaN,NaN,NaN,NaN,-0.18935766170082,-0.206326107579621,-0.207072572191745,-0.207820348309994,-0.208383260908467,-0.208757857026499,-0.208914941637695,-0.2097213217507,-0.210593466599179,-0.211838225840428,-0.213079371479952,-0.214795937074377,-0.216299999358492,-0.2181520793619,-0.219833830341142,-0.222386407426599,-0.225297861122193,-0.22860057235587,-0.232839717156799,-0.237798036593621,-0.241927608869393,-0.245205058524228,-0.248393955350588,-0.249085233780417,-0.251681960087332,-0.253442851137268,-0.254518018450839,-0.252641786234115,-0.249500226152689,-0.265001082064037,-0.26679340765108,-0.26685723045447,-0.246763376556827,NaN,NaN,NaN,NaN,NaN,NaN,NaN,NaN,NaN,NaN,NaN,NaN,NaN,NaN,NaN,NaN,NaN,NaN,NaN,NaN,NaN,NaN,NaN,NaN,NaN,NaN,NaN,NaN,NaN,NaN,NaN,NaN,NaN,NaN,NaN,NaN,NaN,NaN,NaN,NaN,NaN,NaN,NaN,NaN,NaN,NaN,NaN,NaN,NaN,NaN,NaN,NaN,NaN,NaN,NaN,NaN,NaN,NaN,NaN,NaN,0.330113691742358,0.329944955100724,0.330710074442977,0.331491642143249,0.333390679899581,0.335528330194475,0.337542308186779,0.338443916244994,NaN,NaN,NaN,NaN,NaN,NaN,NaN,NaN,NaN,NaN,NaN,NaN,NaN,NaN,NaN,NaN,NaN,NaN,NaN,NaN,NaN,NaN,NaN,NaN,NaN,NaN,NaN,NaN,NaN,NaN,NaN,NaN,NaN,NaN,NaN,NaN,NaN,NaN,NaN,NaN,NaN,NaN,NaN,NaN,NaN,NaN,NaN,NaN,NaN,NaN,NaN,NaN,NaN,NaN,NaN,NaN,NaN,NaN,NaN,NaN,NaN,NaN,NaN,NaN,NaN,NaN,NaN,NaN,NaN,NaN,NaN,NaN,NaN,NaN,NaN,NaN,NaN,NaN,NaN
NaN,NaN,NaN,NaN,NaN,NaN,NaN,NaN,NaN,NaN,NaN,NaN,NaN,NaN,NaN,NaN,NaN,NaN,NaN,NaN,NaN,NaN,NaN,NaN,NaN,NaN,NaN,NaN,NaN,NaN,NaN,NaN,NaN,NaN,NaN,NaN,NaN,NaN,NaN,NaN,NaN,NaN,NaN,NaN,NaN,NaN,NaN,NaN,NaN,NaN,NaN,NaN,NaN,NaN,NaN,NaN,NaN,NaN,NaN,NaN,NaN,-0.190635736052926,-0.196725691330013,-0.198741365830535,-0.201226707278747,-0.204818304584493,-0.205338352817192,-0.206014158668432,-0.206435141500682,-0.206733313461208,-0.206567360465881,-0.206534767672595,-0.207203450958262,-0.207609833970266,-0.208412397353399,-0.210011839412483,-0.211420509137043,-0.212631087140898,-0.214319507798491,-0.216342473439933,-0.219249141237245,-0.222231561412306,-0.225579329938916,-0.229965261738735,-0.235197810509188,-0.240280468964664,-0.243901844775824,-0.243461192043974,-0.24309219243296,-0.251294105936303,-0.251973339602411,-0.250356135013456,-0.252934059258993,-0.243971908914272,-0.266564743035643,-0.266853023579872,-0.266977819849742,-0.24686361706318,-0.198876742517269,NaN,NaN,NaN,NaN,NaN,NaN,NaN,NaN,NaN,NaN,NaN,NaN,NaN,NaN,NaN,NaN,NaN,NaN,NaN,NaN,NaN,NaN,NaN,NaN,NaN,NaN,NaN,NaN,NaN,NaN,NaN,NaN,NaN,NaN,NaN,NaN,NaN,NaN,NaN,NaN,NaN,NaN,NaN,NaN,NaN,NaN,NaN,NaN,NaN,NaN,NaN,NaN,NaN,NaN,NaN,NaN,NaN,NaN,0.326850769355985,0.328123106582882,0.328809125364857,0.329952081227806,0.331036900457356,0.333051151555901,0.33522372574354,0.337096437901615,0.339357046885768,NaN,NaN,NaN,NaN,NaN,NaN,NaN,NaN,NaN,NaN,NaN,NaN,NaN,NaN,NaN,NaN,NaN,NaN,NaN,NaN,NaN,NaN,NaN,NaN,NaN,NaN,NaN,NaN,NaN,NaN,NaN,NaN,NaN,NaN,NaN,NaN,NaN,NaN,NaN,NaN,NaN,NaN,NaN,NaN,NaN,NaN,NaN,NaN,NaN,NaN,NaN,NaN,NaN,NaN,NaN,NaN,NaN,NaN,NaN,NaN,NaN,NaN,NaN,NaN,NaN,NaN,NaN,NaN,NaN,NaN,NaN,NaN,NaN,NaN,NaN,NaN,NaN,NaN,NaN
NaN,NaN,NaN,NaN,NaN,NaN,NaN,NaN,NaN,NaN,NaN,NaN,NaN,NaN,NaN,NaN,NaN,NaN,NaN,NaN,NaN,NaN,NaN,NaN,NaN,NaN,NaN,NaN,NaN,NaN,NaN,NaN,NaN,NaN,NaN,NaN,NaN,NaN,NaN,NaN,NaN,NaN,NaN,NaN,NaN,NaN,NaN,NaN,NaN,NaN,NaN,NaN,NaN,NaN,NaN,NaN,NaN,NaN,NaN,NaN,-0.190662764142775,-0.205057607288806,-0.205132294986711,-0.204996894704013,-0.204900320511851,-0.204895848017856,-0.204935110556392,-0.205062781041606,-0.205158213478806,-0.204855262867038,-0.204171356350042,-0.203998367874253,-0.204327778154033,-0.204561997897254,-0.205016172006813,-0.206493005818188,-0.207996132868465,-0.209452183948509,-0.211547014356748,-0.213646112789497,-0.216405918057109,-0.21964728899643,-0.22299914936569,-0.227295853827704,-0.2328369331307,-0.238596903584663,-0.242822346669345,-0.242416824796254,-0.24185625617859,-0.251069469786247,-0.252242452271268,-0.238942758927876,-0.227676936006803,-0.196505064606043,-0.245308455744049,-0.246641245837674,-0.246797660540829,-0.198723643590517,-0.15963808751198,NaN,NaN,NaN,NaN,NaN,NaN,NaN,NaN,NaN,NaN,NaN,NaN,NaN,NaN,NaN,NaN,NaN,NaN,NaN,NaN,NaN,NaN,NaN,NaN,NaN,NaN,NaN,NaN,NaN,NaN,NaN,NaN,NaN,NaN,NaN,NaN,NaN,NaN,NaN,NaN,NaN,NaN,NaN,NaN,NaN,NaN,NaN,NaN,NaN,NaN,NaN,NaN,NaN,NaN,NaN,NaN,NaN,0.328673420821213,0.327949478470415,0.327584452074363,0.327377818897593,0.327928039644155,0.329645141964817,0.332205792178149,0.334473540226182,0.335389622665008,NaN,NaN,NaN,NaN,NaN,NaN,NaN,NaN,NaN,NaN,NaN,NaN,NaN,NaN,NaN,NaN,NaN,NaN,NaN,NaN,NaN,NaN,NaN,NaN,NaN,NaN,NaN,NaN,NaN,NaN,NaN,NaN,NaN,NaN,NaN,NaN,NaN,NaN,NaN,NaN,NaN,NaN,NaN,NaN,NaN,NaN,NaN,NaN,NaN,NaN,NaN,NaN,NaN,NaN,NaN,NaN,NaN,NaN,NaN,NaN,NaN,NaN,NaN,NaN,NaN,NaN,NaN,NaN,NaN,NaN,NaN,NaN,NaN,NaN,NaN,NaN,NaN,NaN,NaN,NaN
NaN,NaN,NaN,NaN,NaN,NaN,NaN,NaN,NaN,NaN,NaN,NaN,NaN,NaN,NaN,NaN,NaN,NaN,NaN,NaN,NaN,NaN,NaN,NaN,NaN,NaN,NaN,NaN,NaN,NaN,NaN,NaN,NaN,NaN,NaN,NaN,NaN,NaN,NaN,NaN,NaN,NaN,NaN,NaN,NaN,NaN,NaN,NaN,NaN,NaN,NaN,NaN,NaN,NaN,NaN,NaN,NaN,NaN,NaN,NaN,-0.205175419394851,-0.205250698636356,-0.205134764665265,-0.204964813456079,-0.204794348950452,-0.204632887868417,-0.204414107237359,-0.204174920995134,-0.203801306226089,-0.201821404151306,-0.200753649655213,-0.200089395744643,-0.200331761058375,-0.200799070516388,-0.201328829752761,-0.201894484882118,-0.202916963226509,-0.204225553520612,-0.207450714821548,-0.210059848094497,-0.21197601226013,-0.215250847709766,-0.219120783553747,-0.224474652265483,-0.233337977992983,-0.238949893700858,-0.244162538748175,-0.245628827128402,-0.249017446212522,-0.250685136808684,-0.251712183559576,-0.237561028941545,NaN,NaN,NaN,NaN,NaN,NaN,NaN,NaN,NaN,NaN,NaN,NaN,NaN,NaN,NaN,NaN,NaN,NaN,NaN,NaN,NaN,NaN,NaN,NaN,NaN,NaN,NaN,NaN,NaN,NaN,NaN,NaN,NaN,NaN,NaN,NaN,NaN,NaN,NaN,NaN,NaN,NaN,NaN,NaN,NaN,NaN,NaN,NaN,NaN,NaN,NaN,NaN,NaN,NaN,NaN,NaN,NaN,NaN,NaN,NaN,NaN,NaN,NaN,NaN,0.329193107661894,0.328107066153409,0.327098914790455,0.326115699469759,0.326596693075403,0.328755083700349,0.331139169088939,0.334125183314413,0.335717548995571,NaN,NaN,NaN,NaN,NaN,NaN,NaN,NaN,NaN,NaN,NaN,NaN,NaN,NaN,NaN,NaN,NaN,NaN,NaN,NaN,NaN,NaN,NaN,NaN,NaN,NaN,NaN,NaN,NaN,NaN,NaN,NaN,NaN,NaN,NaN,NaN,NaN,NaN,NaN,NaN,NaN,NaN,NaN,NaN,NaN,NaN,NaN,NaN,NaN,NaN,NaN,NaN,NaN,NaN,NaN,NaN,NaN,NaN,NaN,NaN,NaN,NaN,NaN,NaN,NaN,NaN,NaN,NaN,NaN,NaN,NaN,NaN,NaN,NaN,NaN,NaN,NaN,NaN,NaN,NaN
NaN,NaN,NaN,NaN,NaN,NaN,NaN,NaN,NaN,NaN,NaN,NaN,NaN,NaN,NaN,NaN,NaN,NaN,NaN,NaN,NaN,NaN,NaN,NaN,NaN,NaN,NaN,NaN,NaN,NaN,NaN,NaN,NaN,NaN,NaN,NaN,NaN,NaN,NaN,NaN,NaN,NaN,NaN,NaN,NaN,NaN,NaN,NaN,NaN,NaN,NaN,NaN,NaN,NaN,NaN,NaN,NaN,-0.177727661582862,-0.194619333627797,NaN,-0.205383582305366,-0.205361007020401,-0.205136076107356,-0.204863505798907,-0.204563100089854,-0.204184578882857,-0.203705873974124,-0.20308538374799,-0.202039809581768,-0.199801143298388,-0.198203577296093,-0.197340630312534,-0.196493771102791,-0.19701252807129,-0.196880849143503,-0.196387278340431,-0.196052526914172,-0.196726731509373,-0.200011114770776,-0.203199896671387,-0.205365155981002,-0.20850200824404,-0.212240723616501,-0.215350584036122,NaN,NaN,-0.229648129596417,-0.213729946850696,-0.247645111910964,-0.235686977719261,-0.236496201989412,NaN,NaN,NaN,NaN,NaN,NaN,NaN,NaN,NaN,NaN,NaN,NaN,NaN,NaN,NaN,NaN,NaN,NaN,NaN,NaN,NaN,NaN,NaN,NaN,NaN,NaN,NaN,NaN,NaN,NaN,NaN,NaN,NaN,NaN,NaN,NaN,NaN,NaN,NaN,NaN,NaN,NaN,NaN,NaN,NaN,NaN,NaN,NaN,NaN,NaN,NaN,NaN,NaN,NaN,NaN,NaN,NaN,NaN,NaN,NaN,NaN,NaN,NaN,NaN,NaN,NaN,0.326431297600324,0.325945614547765,0.325597501765799,0.325749716785804,0.328127262300698,0.330423705025417,0.333259812394078,0.336057393458817,NaN,NaN,NaN,NaN,NaN,NaN,NaN,NaN,NaN,NaN,NaN,NaN,NaN,NaN,NaN,NaN,NaN,NaN,NaN,NaN,NaN,NaN,NaN,NaN,NaN,NaN,NaN,NaN,NaN,NaN,NaN,NaN,NaN,NaN,NaN,NaN,NaN,NaN,NaN,NaN,NaN,NaN,NaN,NaN,NaN,NaN,NaN,NaN,NaN,NaN,NaN,NaN,NaN,NaN,NaN,NaN,NaN,NaN,NaN,NaN,NaN,NaN,NaN,NaN,NaN,NaN,NaN,NaN,NaN,NaN,NaN,NaN,NaN,NaN,NaN,NaN,NaN,NaN,NaN,NaN
NaN,NaN,NaN,NaN,NaN,NaN,NaN,NaN,NaN,NaN,NaN,NaN,NaN,NaN,NaN,NaN,NaN,NaN,NaN,NaN,NaN,NaN,NaN,NaN,NaN,NaN,NaN,NaN,NaN,NaN,NaN,NaN,NaN,NaN,NaN,NaN,NaN,NaN,NaN,NaN,NaN,NaN,NaN,NaN,NaN,NaN,NaN,NaN,NaN,NaN,NaN,NaN,NaN,NaN,NaN,-0.146724713257073,-0.178130789913962,-0.206101786267065,-0.209089036051319,-0.202093006816735,-0.206237214394,-0.205554857694986,-0.205096866772413,-0.20465555073868,-0.204147297224132,-0.20350364969468,-0.202748495874372,-0.201773764984212,-0.200462543518303,-0.198517809941383,-0.196513635291372,-0.194967020298943,-0.193939067871383,-0.19341911871935,-0.192780763962125,-0.191687172944697,-0.190897277981434,-0.191898292419447,-0.193762085098405,-0.196069926317125,-0.198783799867146,-0.201339430220239,-0.204396529575159,-0.196315094340852,NaN,NaN,NaN,-0.173319170708185,-0.211150603422542,NaN,NaN,NaN,NaN,NaN,NaN,NaN,NaN,NaN,NaN,NaN,NaN,NaN,NaN,NaN,NaN,NaN,NaN,NaN,NaN,NaN,NaN,NaN,NaN,NaN,NaN,NaN,NaN,NaN,NaN,NaN,NaN,NaN,NaN,NaN,NaN,NaN,NaN,NaN,NaN,NaN,NaN,NaN,NaN,NaN,NaN,NaN,NaN,NaN,NaN,NaN,NaN,NaN,NaN,NaN,NaN,NaN,NaN,NaN,NaN,NaN,NaN,NaN,NaN,NaN,NaN,NaN,NaN,0.324128663017004,0.323464869645525,0.323841752250419,0.324808906573376,0.326642811633592,0.329592855673565,0.331486373297332,NaN,NaN,NaN,NaN,NaN,NaN,NaN,NaN,NaN,NaN,NaN,NaN,NaN,NaN,NaN,NaN,NaN,NaN,NaN,NaN,NaN,NaN,NaN,NaN,NaN,NaN,NaN,NaN,NaN,NaN,NaN,NaN,NaN,NaN,NaN,NaN,NaN,NaN,NaN,NaN,NaN,NaN,NaN,NaN,NaN,NaN,NaN,NaN,NaN,NaN,NaN,NaN,NaN,NaN,NaN,NaN,NaN,NaN,NaN,NaN,NaN,NaN,NaN,NaN,NaN,NaN,NaN,NaN,NaN,NaN,NaN,NaN,NaN,NaN,NaN,NaN,NaN,NaN,NaN,NaN,NaN
NaN,NaN,NaN,NaN,NaN,NaN,NaN,NaN,NaN,NaN,NaN,NaN,NaN,NaN,NaN,NaN,NaN,NaN,NaN,NaN,NaN,NaN,NaN,NaN,NaN,NaN,NaN,NaN,NaN,NaN,NaN,NaN,NaN,NaN,NaN,NaN,NaN,NaN,NaN,NaN,NaN,NaN,NaN,NaN,NaN,NaN,NaN,NaN,NaN,-0.206960858156062,-0.22709762403461,-0.218190716815766,-0.210943081624289,NaN,NaN,-0.161827788023088,-0.195396755882638,-0.209813165413261,-0.208953372161336,-0.207906085766813,-0.206638544530523,-0.205707091923875,-0.204971340918843,-0.204296866685594,-0.203555874532415,-0.202717734273107,-0.201746108056818,-0.200615673616164,-0.19916590909848,-0.197322432261698,-0.195053824348449,-0.193308028759571,-0.192421339926798,-0.190933727543557,-0.189752654750832,-0.188435498597137,-0.187615435733719,-0.188513605342953,-0.189395734288215,-0.190480246694535,-0.191590867023661,-0.193143655295466,-0.194568383563824,NaN,NaN,NaN,NaN,NaN,NaN,NaN,NaN,NaN,NaN,NaN,NaN,NaN,NaN,NaN,NaN,NaN,NaN,NaN,NaN,NaN,NaN,NaN,NaN,NaN,NaN,NaN,NaN,NaN,NaN,NaN,NaN,NaN,NaN,NaN,NaN,NaN,NaN,NaN,NaN,NaN,NaN,NaN,NaN,NaN,NaN,NaN,NaN,NaN,NaN,NaN,NaN,NaN,NaN,NaN,NaN,NaN,NaN,NaN,NaN,NaN,NaN,NaN,NaN,NaN,NaN,NaN,NaN,NaN,NaN,NaN,NaN,NaN,0.322706014917063,0.322477762417907,0.321197360448632,0.320902882529312,0.322762068606699,0.325252656031353,0.327912898715396,0.332111692934343,NaN,NaN,NaN,NaN,NaN,NaN,NaN,NaN,NaN,NaN,NaN,NaN,NaN,NaN,NaN,NaN,NaN,NaN,NaN,NaN,NaN,NaN,NaN,NaN,NaN,NaN,NaN,NaN,NaN,NaN,NaN,NaN,NaN,NaN,NaN,NaN,NaN,NaN,NaN,NaN,NaN,NaN,NaN,NaN,NaN,NaN,NaN,NaN,NaN,NaN,NaN,NaN,NaN,NaN,NaN,NaN,NaN,NaN,NaN,NaN,NaN,NaN,NaN,NaN,NaN,NaN,NaN,NaN,NaN,NaN,NaN,NaN,NaN,NaN,NaN,NaN,NaN,NaN,NaN,NaN,NaN
NaN,NaN,NaN,NaN,NaN,NaN,NaN,NaN,NaN,NaN,NaN,NaN,NaN,NaN,NaN,NaN,NaN,NaN,NaN,NaN,NaN,NaN,NaN,NaN,NaN,NaN,NaN,NaN,NaN,NaN,NaN,NaN,NaN,NaN,NaN,NaN,NaN,NaN,NaN,NaN,NaN,NaN,NaN,NaN,NaN,NaN,-0.232688298147262,-0.204099903332294,-0.208801458149198,-0.230116860536586,-0.229021444647265,-0.228120843966463,-0.226945227019854,-0.22141938834043,-0.20837839134591,NaN,-0.210123161171904,-0.210513319006086,-0.209357878822849,-0.20805911628238,-0.206803383189193,-0.205674576680394,-0.204687364852839,-0.203810018565537,-0.202892876031823,-0.201874993717022,-0.200734363522959,-0.199557010796012,-0.198095540118387,-0.196253497501549,-0.193914209261905,-0.19216213442785,-0.190784804889198,-0.189156400750072,-0.187329297492255,-0.185783132196201,-0.185309440691897,-0.18545594392656,-0.185570620855359,-0.186177023242835,-0.186241913586858,-0.185944794309546,-0.184653857236047,-0.178453027219971,-0.175359830388227,-0.166614171964849,NaN,NaN,NaN,NaN,NaN,NaN,NaN,NaN,NaN,NaN,NaN,NaN,NaN,NaN,NaN,NaN,NaN,NaN,NaN,NaN,NaN,NaN,NaN,NaN,NaN,NaN,NaN,NaN,NaN,NaN,NaN,NaN,NaN,NaN,NaN,NaN,NaN,NaN,NaN,NaN,NaN,NaN,NaN,NaN,NaN,NaN,NaN,NaN,NaN,NaN,NaN,NaN,NaN,NaN,NaN,NaN,NaN,NaN,NaN,NaN,NaN,NaN,NaN,NaN,NaN,NaN,NaN,NaN,NaN,NaN,0.32285230542995,0.320315410882449,0.318294857888352,0.318253851152203,0.319297408748778,0.321877696688103,0.323307867280191,NaN,NaN,NaN,NaN,NaN,NaN,NaN,NaN,NaN,NaN,NaN,NaN,NaN,NaN,NaN,NaN,NaN,NaN,NaN,NaN,NaN,NaN,NaN,NaN,NaN,NaN,NaN,NaN,NaN,NaN,NaN,NaN,NaN,NaN,NaN,NaN,NaN,NaN,NaN,NaN,NaN,NaN,NaN,NaN,NaN,NaN,NaN,NaN,NaN,NaN,NaN,NaN,NaN,NaN,NaN,NaN,NaN,NaN,NaN,NaN,NaN,NaN,NaN,NaN,NaN,NaN,NaN,NaN,NaN,NaN,NaN,NaN,NaN,NaN,NaN,NaN,NaN,NaN,NaN,NaN,NaN,NaN
NaN,NaN,NaN,NaN,NaN,NaN,NaN,NaN,NaN,NaN,NaN,NaN,NaN,NaN,NaN,NaN,NaN,NaN,NaN,NaN,NaN,NaN,NaN,NaN,NaN,NaN,NaN,NaN,NaN,NaN,NaN,NaN,NaN,NaN,NaN,NaN,NaN,NaN,NaN,NaN,NaN,NaN,NaN,NaN,NaN,-0.215605835747428,-0.233719878628592,-0.23295476420789,-0.231889370488871,-0.22725582192131,-0.224825848184435,-0.227669098024356,-0.22621547440849,-0.224053024570912,-0.221518381004782,-0.218072413252095,-0.214021184690654,-0.211504134436694,-0.209737408880778,-0.208206991951653,-0.206837452774049,-0.205453923722433,-0.20421120249604,-0.203171670848934,-0.202093374590614,-0.200841961521105,-0.199500141990088,-0.198139018649735,-0.196488112653904,-0.194350287585187,-0.192095397511017,-0.190287098302821,-0.188798257614315,-0.1870907856805,-0.185069576660127,-0.183723086160744,-0.183443238218565,-0.182947965194463,-0.182604377656484,-0.182647906451361,-0.182523140672717,-0.181659626650659,-0.180093232899252,-0.17779802560021,-0.17594554146738,-0.17440316806934,-0.173195826280628,-0.172938143905172,NaN,NaN,NaN,NaN,NaN,NaN,NaN,NaN,NaN,NaN,NaN,NaN,NaN,NaN,NaN,NaN,NaN,NaN,NaN,NaN,NaN,NaN,NaN,NaN,NaN,NaN,NaN,NaN,NaN,NaN,NaN,NaN,NaN,NaN,NaN,NaN,NaN,NaN,NaN,NaN,NaN,NaN,NaN,NaN,NaN,NaN,NaN,NaN,NaN,NaN,NaN,NaN,NaN,NaN,NaN,NaN,NaN,NaN,NaN,NaN,NaN,NaN,NaN,NaN,NaN,NaN,NaN,NaN,NaN,0.315668845925269,0.314665382535204,0.314896487851311,0.316367834756334,0.318297932195468,0.324183202339603,NaN,NaN,NaN,NaN,NaN,NaN,NaN,NaN,NaN,NaN,NaN,NaN,NaN,NaN,NaN,NaN,NaN,NaN,NaN,NaN,NaN,NaN,NaN,NaN,NaN,NaN,NaN,NaN,NaN,NaN,NaN,NaN,NaN,NaN,NaN,NaN,NaN,NaN,NaN,NaN,NaN,NaN,NaN,NaN,NaN,NaN,NaN,NaN,NaN,NaN,NaN,NaN,NaN,NaN,NaN,NaN,NaN,NaN,NaN,NaN,NaN,NaN,NaN,NaN,NaN,NaN,NaN,NaN,NaN,NaN,NaN,NaN,NaN,NaN,NaN,NaN,NaN,NaN,NaN,NaN,NaN,NaN
NaN,NaN,NaN,NaN,NaN,NaN,NaN,NaN,NaN,NaN,NaN,NaN,NaN,NaN,-0.272829547028034,-0.275807628721233,-0.277604800586234,-0.276585738469356,-0.277278082483155,-0.277029499743136,-0.276916764075921,-0.261541873466995,-0.207421213329806,NaN,NaN,NaN,NaN,NaN,NaN,NaN,NaN,NaN,NaN,NaN,NaN,NaN,NaN,NaN,NaN,NaN,NaN,NaN,NaN,NaN,NaN,-0.222482214709688,-0.233060148395585,-0.233162279357195,-0.231872696920363,-0.230167423949548,-0.229010062169294,-0.227456789601541,-0.225622677242022,-0.223408303079271,-0.220793922215999,-0.217846662052299,-0.214774863417001,-0.212197295538717,-0.21013487796105,-0.208373576699926,-0.206727896845842,-0.204960954084165,-0.203495110105541,-0.202174490075587,-0.200828390176893,-0.199027989300394,-0.197700228288412,-0.196132846448546,-0.194191797682187,-0.191824813493079,-0.189651129515416,-0.187811604188223,-0.186039750706817,-0.184226773619395,-0.182706105563629,-0.181591233028477,-0.181575940512287,-0.180645267304547,-0.180285005772973,-0.179893632703116,-0.179707662159444,-0.1789732467145,-0.17772211965345,-0.176127039128183,-0.174565264358119,-0.173489488633825,-0.172897173105064,-0.172708961273399,NaN,NaN,NaN,NaN,NaN,NaN,NaN,NaN,NaN,NaN,NaN,NaN,NaN,NaN,NaN,NaN,NaN,NaN,NaN,NaN,NaN,NaN,NaN,NaN,NaN,NaN,NaN,NaN,NaN,NaN,NaN,NaN,NaN,NaN,NaN,NaN,NaN,NaN,NaN,NaN,NaN,NaN,NaN,NaN,NaN,NaN,NaN,NaN,NaN,NaN,NaN,NaN,NaN,NaN,NaN,NaN,NaN,NaN,NaN,NaN,NaN,NaN,NaN,NaN,NaN,NaN,NaN,NaN,NaN,0.311840328257513,0.310591342964631,0.310222243909617,0.312258306677494,0.312473027398839,NaN,NaN,NaN,NaN,NaN,NaN,NaN,NaN,NaN,NaN,NaN,NaN,NaN,NaN,NaN,NaN,NaN,NaN,NaN,NaN,NaN,NaN,NaN,NaN,NaN,NaN,NaN,NaN,NaN,NaN,NaN,NaN,NaN,NaN,NaN,NaN,NaN,NaN,NaN,NaN,NaN,NaN,NaN,NaN,NaN,NaN,NaN,NaN,NaN,NaN,NaN,NaN,NaN,NaN,NaN,NaN,NaN,NaN,NaN,NaN,NaN,NaN,NaN,NaN,NaN,NaN,NaN,NaN,NaN,NaN,NaN,NaN,NaN,NaN,NaN,NaN,NaN,NaN,NaN,NaN,NaN,NaN,NaN
NaN,NaN,NaN,NaN,NaN,NaN,NaN,NaN,NaN,NaN,NaN,NaN,NaN,NaN,-0.277611615062446,-0.277606259245126,-0.277543369561214,-0.277508724240905,-0.277283992242884,-0.277003241724787,-0.276855900016524,-0.276663413571661,-0.261113882442976,-0.206889850585874,NaN,NaN,NaN,NaN,NaN,NaN,NaN,NaN,NaN,NaN,NaN,NaN,NaN,NaN,NaN,NaN,NaN,NaN,NaN,-0.212178681445775,-0.236775610674345,-0.235400999611868,-0.234016368661486,-0.233220968979223,-0.232318598027605,-0.230951096060378,-0.229268042232424,-0.227263179849881,-0.22519496019664,-0.222919762999493,-0.220359963904733,-0.217638883228169,-0.214937794022758,-0.212477520347725,-0.210349781413323,-0.208407512165213,-0.206299721086171,-0.204142038466948,-0.202319612168514,-0.200680326671549,-0.198937400264586,-0.197267431443333,-0.195743522698296,-0.193838864703201,-0.191630990785417,-0.189243131234065,-0.186933811396085,-0.184826885797081,-0.182653759785653,-0.18129586014109,-0.180558637654918,-0.180047199163727,-0.179435186870947,-0.17874640702473,-0.178268264067081,-0.177689881589374,-0.177230328147454,-0.17662378738175,-0.175509162209479,-0.174243287942679,-0.173144712505727,-0.17238472375497,-0.17201489967541,-0.171895693710003,NaN,NaN,NaN,NaN,NaN,NaN,NaN,NaN,NaN,NaN,NaN,NaN,NaN,NaN,NaN,NaN,NaN,NaN,NaN,NaN,NaN,NaN,NaN,NaN,NaN,NaN,NaN,NaN,NaN,NaN,NaN,NaN,NaN,NaN,NaN,NaN,NaN,NaN,NaN,NaN,NaN,NaN,NaN,NaN,NaN,NaN,NaN,NaN,NaN,NaN,NaN,NaN,NaN,NaN,NaN,NaN,NaN,NaN,NaN,NaN,NaN,NaN,NaN,NaN,NaN,NaN,NaN,NaN,NaN,0.309991222966267,0.305915483760204,0.306592584462418,0.310929420085804,0.315118829855479,NaN,NaN,NaN,NaN,NaN,NaN,NaN,NaN,NaN,NaN,NaN,NaN,NaN,NaN,NaN,NaN,NaN,NaN,NaN,NaN,NaN,NaN,NaN,NaN,NaN,NaN,NaN,NaN,NaN,NaN,NaN,NaN,NaN,NaN,NaN,NaN,NaN,NaN,NaN,NaN,NaN,NaN,NaN,NaN,NaN,NaN,NaN,NaN,NaN,NaN,NaN,NaN,NaN,NaN,NaN,NaN,NaN,NaN,NaN,NaN,NaN,NaN,NaN,NaN,NaN,NaN,NaN,NaN,NaN,NaN,NaN,NaN,NaN,NaN,NaN,NaN,NaN,NaN,NaN,NaN,NaN,NaN,NaN
NaN,NaN,NaN,NaN,NaN,NaN,NaN,NaN,NaN,NaN,NaN,NaN,NaN,-0.277659706775644,-0.277614066279411,-0.27757161327981,-0.277524929241628,-0.276433070070348,-0.271648830081775,-0.27693246585051,-0.276495450036314,-0.27616302052563,-0.275863137569754,-0.258288641290707,-0.214757219539083,-0.211217323284814,NaN,NaN,NaN,NaN,NaN,NaN,NaN,NaN,NaN,NaN,NaN,NaN,NaN,NaN,NaN,NaN,NaN,-0.20398382453818,-0.236140411885895,-0.235808609448541,-0.235213162016213,-0.233748205472022,-0.233088425712608,-0.23126234205974,-0.229396332165011,-0.227150946930818,-0.224919987363249,-0.222603663550101,-0.220054992194215,-0.217397613563911,-0.214850155120437,-0.212407382734988,-0.210294217664127,-0.207949125230122,-0.204857289459899,-0.202660705445793,-0.200780925386082,-0.198981589620647,-0.196848454255129,-0.195299840089693,-0.193812867141585,-0.19169916070731,-0.189152891432577,-0.186424848018418,-0.184088099976389,-0.182156622594005,-0.180466817729876,-0.179313466932781,-0.178478854681763,-0.178144723050306,-0.177387644118769,-0.177264047832873,-0.176511093779291,-0.175836291805589,-0.175080575602177,-0.174340545416111,-0.17341035370864,-0.172407603813751,-0.171560258880268,-0.17092610258492,-0.170496846237544,-0.170172255801112,NaN,NaN,NaN,NaN,NaN,NaN,NaN,NaN,NaN,NaN,NaN,NaN,NaN,NaN,NaN,NaN,NaN,NaN,NaN,NaN,NaN,NaN,NaN,NaN,NaN,NaN,NaN,NaN,NaN,NaN,NaN,NaN,NaN,NaN,NaN,NaN,NaN,NaN,NaN,NaN,NaN,NaN,NaN,NaN,NaN,NaN,NaN,NaN,NaN,NaN,NaN,NaN,NaN,NaN,NaN,NaN,NaN,NaN,NaN,NaN,NaN,NaN,NaN,NaN,NaN,NaN,NaN,0.266659460968565,0.272330498519909,0.288670879533521,0.294715855181526,0.299681091431928,0.305696711784084,0.315937819488442,NaN,NaN,NaN,NaN,NaN,NaN,NaN,NaN,NaN,NaN,NaN,NaN,NaN,NaN,NaN,NaN,NaN,NaN,NaN,NaN,NaN,NaN,NaN,NaN,NaN,NaN,NaN,NaN,NaN,NaN,NaN,NaN,NaN,NaN,NaN,NaN,NaN,NaN,NaN,NaN,NaN,NaN,NaN,NaN,NaN,NaN,NaN,NaN,NaN,NaN,NaN,NaN,NaN,NaN,NaN,NaN,NaN,NaN,NaN,NaN,NaN,NaN,NaN,NaN,NaN,NaN,NaN,NaN,NaN,NaN,NaN,NaN,NaN,NaN,NaN,NaN,NaN,NaN,NaN,NaN,NaN,NaN,NaN
NaN,NaN,NaN,NaN,NaN,NaN,NaN,NaN,NaN,NaN,NaN,NaN,NaN,-0.277733162066499,-0.277702900429829,NaN,NaN,NaN,NaN,NaN,-0.275735290050699,-0.2755724272673,-0.275259281226268,-0.274681229318547,-0.265388785906352,-0.26262152389406,NaN,NaN,NaN,NaN,NaN,NaN,NaN,NaN,NaN,NaN,NaN,NaN,NaN,NaN,NaN,-0.209246161114879,-0.240599283960819,-0.237655847197059,-0.237451981630148,-0.237469281522711,-0.235857163166184,-0.234492430501433,-0.233374444328868,-0.231666547141073,-0.227253370699764,-0.226973173897893,-0.224665233445934,-0.222259708776093,-0.219786217264231,-0.217163803154637,-0.214574758326634,-0.211907653175496,-0.209455827208979,-0.206503365952856,-0.203652972274808,-0.201339708982782,-0.199536618632332,-0.197321267342743,-0.195253088925226,-0.19416846923636,-0.192602635369108,-0.189794954627621,-0.187188997424153,-0.184805055304762,-0.182939501550787,-0.181246444402283,-0.179591424773462,-0.178060934631638,-0.176789358858652,-0.176036030604256,-0.175786224995036,-0.175580317402173,-0.175075267825021,-0.174221164776713,-0.173154814518745,-0.172107429996218,-0.171213731580499,-0.170421008771177,-0.169603235848115,-0.168907804305421,-0.168285635141321,-0.167338843967471,-0.163839945955751,NaN,NaN,NaN,NaN,NaN,NaN,NaN,NaN,NaN,NaN,NaN,NaN,NaN,NaN,NaN,NaN,NaN,NaN,NaN,NaN,NaN,NaN,NaN,NaN,NaN,NaN,NaN,NaN,NaN,NaN,NaN,NaN,NaN,NaN,NaN,NaN,NaN,NaN,NaN,NaN,NaN,NaN,NaN,NaN,NaN,NaN,NaN,NaN,NaN,NaN,NaN,NaN,NaN,NaN,NaN,NaN,NaN,NaN,NaN,NaN,NaN,NaN,NaN,NaN,NaN,0.261603041529157,0.26493248786099,0.268642565842083,0.276502328396664,0.282997730041678,0.286144994495487,0.289202259759076,NaN,NaN,NaN,NaN,NaN,NaN,NaN,NaN,NaN,NaN,NaN,NaN,NaN,NaN,NaN,NaN,NaN,NaN,NaN,NaN,NaN,NaN,NaN,NaN,NaN,NaN,NaN,NaN,NaN,NaN,NaN,NaN,NaN,NaN,NaN,NaN,NaN,NaN,NaN,NaN,NaN,NaN,NaN,NaN,NaN,NaN,NaN,NaN,NaN,NaN,NaN,NaN,NaN,NaN,NaN,NaN,NaN,NaN,NaN,NaN,NaN,NaN,NaN,NaN,NaN,NaN,NaN,NaN,NaN,NaN,NaN,NaN,NaN,NaN,NaN,NaN,NaN,NaN,NaN,NaN,NaN,NaN,NaN,NaN
NaN,NaN,NaN,NaN,NaN,NaN,NaN,NaN,NaN,NaN,NaN,NaN,NaN,NaN,NaN,NaN,NaN,NaN,NaN,NaN,NaN,-0.274938253263786,-0.274517141072946,-0.274013177091342,-0.273183374123982,-0.272201853472646,-0.270556032036101,-0.269572543600256,-0.268706937773919,-0.268821987205375,-0.240064199703022,NaN,NaN,NaN,NaN,NaN,NaN,NaN,NaN,NaN,-0.219586916448671,-0.242551461887141,-0.241111892495212,-0.239310069729608,-0.237983909248597,-0.238304982692364,-0.23698790388995,-0.235060017160801,-0.233473103492808,-0.231870909785134,-0.229803378885662,-0.22730398864189,-0.224367889007212,-0.221946443267715,-0.219383394749066,-0.216580066148063,-0.213814028890382,-0.21081898081249,-0.208330979581523,-0.20591256859552,-0.203076152081568,-0.200763834571829,-0.1989617509054,-0.196529809703916,-0.194564874657909,-0.193425032504524,-0.191601022925092,-0.188935358722273,-0.186699930469284,-0.184604036904607,-0.183001817727674,-0.181361092109108,-0.179573308124918,-0.177836874279524,-0.176312993467601,-0.175015630397231,-0.174030537705799,-0.173841085954497,-0.173591458610835,-0.172656114542696,-0.171480478723231,-0.170158960263885,-0.169069954627785,-0.168235535791731,-0.167364323403584,-0.166653426604481,-0.166011668882671,-0.165107442421892,-0.16389095957815,-0.156266525457581,NaN,NaN,NaN,NaN,NaN,NaN,NaN,NaN,NaN,NaN,NaN,NaN,NaN,NaN,NaN,NaN,NaN,NaN,NaN,NaN,NaN,NaN,NaN,NaN,NaN,NaN,NaN,NaN,NaN,NaN,NaN,NaN,NaN,NaN,NaN,NaN,NaN,NaN,NaN,NaN,NaN,NaN,NaN,NaN,NaN,NaN,NaN,NaN,NaN,NaN,NaN,NaN,NaN,NaN,NaN,NaN,NaN,NaN,NaN,NaN,NaN,NaN,NaN,0.257041595754944,0.258861602771239,0.261921167018386,0.266235074910176,0.271003330913106,0.27369776068032,0.274902940606268,0.275340203698464,0.27078312747877,NaN,NaN,NaN,NaN,NaN,NaN,NaN,NaN,NaN,NaN,NaN,NaN,NaN,NaN,NaN,NaN,NaN,NaN,NaN,NaN,NaN,NaN,NaN,NaN,NaN,NaN,NaN,NaN,NaN,NaN,NaN,NaN,NaN,NaN,NaN,NaN,NaN,NaN,NaN,NaN,NaN,NaN,NaN,NaN,NaN,NaN,NaN,NaN,NaN,NaN,NaN,NaN,NaN,NaN,NaN,NaN,NaN,NaN,NaN,NaN,NaN,NaN,NaN,NaN,NaN,NaN,NaN,NaN,NaN,NaN,NaN,NaN,NaN,NaN,NaN,NaN,NaN,NaN,NaN,NaN,NaN,NaN,NaN
NaN,NaN,NaN,NaN,NaN,NaN,NaN,NaN,NaN,NaN,NaN,NaN,NaN,NaN,NaN,NaN,NaN,NaN,NaN,NaN,NaN,NaN,-0.273475798884293,-0.273204008505491,-0.27242835293769,-0.271718870427764,-0.270586291441086,-0.269651285842606,-0.269120157670365,-0.269006777013015,-0.268746695750693,NaN,NaN,NaN,NaN,NaN,NaN,NaN,NaN,-0.221487112323152,-0.241478955667087,-0.23998177611141,-0.241546065672952,-0.240680572301735,-0.239236063697755,-0.238528078185463,-0.237285772449511,-0.235748816580436,-0.233951883886083,-0.232044252975616,-0.22987519906343,-0.226573508751295,-0.224339339908075,-0.221626632833674,-0.218826719275947,-0.215728690937088,-0.213115588113535,-0.210186040804952,-0.208032138076224,-0.205993317851606,-0.203042452196686,-0.200489518353924,-0.198543792492374,-0.19610579293682,-0.193948198285879,-0.192506600662129,-0.190610444809136,-0.188394798597523,-0.186418820715388,-0.184591556758484,-0.18340874496263,-0.181879348645,-0.179471721640393,-0.177616129620498,-0.17599690266213,-0.174482350116892,-0.173211563119591,-0.172525347802083,-0.171943023510699,-0.171089395717545,-0.169835202137106,-0.168527194503047,-0.167371500668316,-0.166259686078415,-0.164866218720821,-0.163815050644199,-0.163326362125235,-0.162614770738876,-0.161911508147976,-0.159159972607324,NaN,NaN,NaN,NaN,NaN,NaN,NaN,NaN,NaN,NaN,NaN,NaN,NaN,NaN,NaN,NaN,NaN,NaN,NaN,NaN,NaN,NaN,NaN,NaN,NaN,NaN,NaN,NaN,NaN,NaN,NaN,NaN,NaN,NaN,NaN,NaN,NaN,NaN,NaN,NaN,NaN,NaN,NaN,NaN,NaN,NaN,NaN,NaN,NaN,NaN,NaN,NaN,NaN,NaN,NaN,NaN,NaN,NaN,NaN,NaN,NaN,NaN,NaN,0.256519250502202,0.257393466959081,0.259541118065805,0.264269193235447,0.267200464530608,0.267794481372225,0.268827398161399,0.268104425709145,0.266884205326654,0.265797099140605,0.265123838691728,NaN,NaN,NaN,NaN,NaN,NaN,NaN,NaN,NaN,NaN,NaN,NaN,NaN,NaN,NaN,NaN,NaN,NaN,NaN,NaN,NaN,NaN,NaN,NaN,NaN,NaN,NaN,NaN,NaN,NaN,NaN,NaN,NaN,NaN,NaN,NaN,NaN,NaN,NaN,NaN,NaN,NaN,NaN,NaN,NaN,NaN,NaN,NaN,NaN,NaN,NaN,NaN,NaN,NaN,NaN,NaN,NaN,NaN,NaN,NaN,NaN,NaN,NaN,NaN,NaN,NaN,NaN,NaN,NaN,NaN,NaN,NaN,NaN,NaN,NaN,NaN,NaN,NaN,NaN,NaN,NaN
NaN,NaN,NaN,NaN,NaN,NaN,NaN,NaN,NaN,NaN,NaN,NaN,NaN,NaN,NaN,NaN,NaN,NaN,NaN,NaN,NaN,NaN,NaN,-0.261713437633067,-0.272183143381469,-0.271438398568665,-0.270113175392132,-0.269298959318489,-0.268852908111479,-0.268744873970793,-0.268615740226514,-0.267432558552548,-0.267140720428975,-0.25271165567482,-0.25667623966375,-0.241930825124667,-0.238844187015998,-0.25184192965589,-0.250756556224554,-0.223644440385797,-0.241758249415235,-0.240401850665186,-0.241215747133168,-0.240233280463473,-0.239220426812956,-0.238910094660387,-0.238098807523546,-0.236296425039218,-0.234430212902322,-0.232184307592672,-0.230049285120778,-0.227470325451835,-0.224435440996299,-0.221325958611678,-0.218143707516214,-0.215018956752363,-0.213115684964317,-0.210612493545395,-0.208302105069119,-0.206549605993304,-0.203701089034662,-0.200524973178067,-0.198288749578654,-0.195306358383539,-0.192947172177101,-0.19139898215271,-0.189736346819118,-0.18782682936594,-0.185586642257447,-0.184290093173075,-0.183395811528251,-0.1815788179429,-0.179591929942415,-0.177760543448861,-0.175506666800688,-0.173621084025115,-0.172159998139835,-0.171273817703115,-0.170450363496369,-0.169436007020773,-0.168231145319057,-0.166783268442948,-0.165646120663602,-0.164309669652919,-0.162522935632731,-0.161422553214315,-0.16071970338715,-0.159931978890585,-0.159448644946067,-0.159033908016083,NaN,NaN,NaN,NaN,NaN,NaN,NaN,NaN,NaN,NaN,NaN,NaN,NaN,NaN,NaN,NaN,NaN,NaN,NaN,NaN,NaN,NaN,NaN,NaN,NaN,NaN,NaN,NaN,NaN,NaN,NaN,NaN,NaN,NaN,NaN,NaN,NaN,NaN,NaN,NaN,NaN,NaN,NaN,NaN,NaN,NaN,NaN,NaN,NaN,NaN,NaN,NaN,NaN,NaN,NaN,NaN,NaN,NaN,NaN,NaN,NaN,NaN,NaN,0.255792714865307,0.256303851076793,0.257261464820507,0.259131506632946,0.26110859038633,0.262720972571128,0.265172930903785,0.265516133640596,0.265088549239516,0.264498711527058,0.264021419056939,0.262444831789961,0.250182797442669,NaN,NaN,NaN,NaN,NaN,NaN,NaN,NaN,NaN,NaN,NaN,NaN,NaN,NaN,NaN,NaN,NaN,NaN,NaN,NaN,NaN,NaN,NaN,NaN,NaN,NaN,NaN,NaN,NaN,NaN,NaN,NaN,NaN,NaN,NaN,NaN,NaN,NaN,NaN,NaN,NaN,NaN,NaN,NaN,NaN,NaN,NaN,NaN,NaN,NaN,NaN,NaN,NaN,NaN,NaN,NaN,NaN,NaN,NaN,NaN,NaN,NaN,NaN,NaN,NaN,NaN,NaN,NaN,NaN,NaN,NaN,NaN,NaN,NaN,NaN,NaN,NaN,NaN,NaN
NaN,NaN,NaN,NaN,NaN,NaN,NaN,NaN,NaN,NaN,NaN,NaN,NaN,NaN,NaN,NaN,NaN,NaN,NaN,NaN,NaN,NaN,NaN,NaN,NaN,NaN,-0.268970314396128,-0.268751717845457,-0.268500700075652,-0.268432080558444,-0.268235077755628,-0.267772779346183,-0.267079851501364,-0.26362341126749,-0.255815511457504,-0.214922398019091,-0.221617290147596,-0.251708859327369,-0.250027575083609,-0.247127190579666,-0.243955619642076,-0.245146627256048,-0.24329688210805,-0.24265506031349,-0.24114347207456,-0.239700199374247,-0.238366149021962,-0.236749348577334,-0.234489155722891,-0.232616693891657,-0.230144550338089,-0.22754172609995,-0.224437108757689,-0.220934329255025,-0.217884823228833,-0.215324400369383,-0.213499939978929,-0.21178130750892,-0.209447060309599,-0.207286197123033,-0.204166283136289,-0.200445321736325,-0.197350266759955,-0.194421423648352,-0.192798059195695,-0.191143108888072,-0.189230595468465,-0.186719557023961,-0.184933980265239,-0.18395021048341,-0.183035815983199,-0.181224266255172,-0.179279330968869,-0.177430600391656,-0.174355378799352,-0.172081590035852,-0.170745684363404,-0.169712957575894,-0.168711202945729,-0.167545547336721,-0.165875565125415,-0.164717257494758,-0.163951784744749,-0.162457004339576,-0.160988726955252,-0.16004381171309,-0.159206243145666,-0.158406070690516,-0.157880218564076,-0.157271905878681,-0.156398643653419,NaN,NaN,NaN,NaN,NaN,NaN,NaN,NaN,NaN,NaN,NaN,NaN,NaN,NaN,NaN,NaN,NaN,NaN,NaN,NaN,NaN,NaN,NaN,NaN,NaN,NaN,NaN,NaN,NaN,NaN,NaN,NaN,NaN,NaN,NaN,NaN,NaN,NaN,NaN,NaN,NaN,NaN,NaN,NaN,NaN,NaN,NaN,NaN,NaN,NaN,NaN,NaN,NaN,NaN,NaN,NaN,NaN,NaN,NaN,NaN,NaN,NaN,0.254365743683646,0.254504644011695,0.25478346841181,0.254190567721862,0.254929401139237,0.258171101843225,0.260908557720571,0.262550128819159,0.263184537577391,0.262978940043041,0.262246825998571,0.260686294918441,0.248134534922119,NaN,NaN,NaN,NaN,NaN,NaN,NaN,NaN,NaN,NaN,NaN,NaN,NaN,NaN,NaN,NaN,NaN,NaN,NaN,NaN,NaN,NaN,NaN,NaN,NaN,NaN,NaN,NaN,NaN,NaN,NaN,NaN,NaN,NaN,NaN,NaN,NaN,NaN,NaN,NaN,NaN,NaN,NaN,NaN,NaN,NaN,NaN,NaN,NaN,NaN,NaN,NaN,NaN,NaN,NaN,NaN,NaN,NaN,NaN,NaN,NaN,NaN,NaN,NaN,NaN,NaN,NaN,NaN,NaN,NaN,NaN,NaN,NaN,NaN,NaN,NaN,NaN,NaN,NaN
NaN,NaN,NaN,NaN,NaN,NaN,NaN,NaN,NaN,NaN,NaN,NaN,NaN,NaN,NaN,NaN,NaN,NaN,NaN,NaN,NaN,NaN,NaN,NaN,NaN,NaN,-0.246045789818436,-0.266098655978759,-0.268205834643377,-0.268127441164713,-0.267948480467677,-0.267473785995299,-0.26662071560291,-0.265784425693093,-0.260934934881316,-0.259160036857327,-0.256760186283938,-0.250105495371844,-0.246679276965254,-0.246948173799953,-0.242346985092567,-0.244302325778641,-0.245345210794133,-0.24391546073101,-0.235744911541804,-0.23000903524363,-0.2369395652489,-0.236489943917525,-0.234760832858708,-0.232756186336431,-0.230225995239005,-0.227546505826953,-0.224669400803447,-0.221253321508854,-0.218768575139822,-0.216759366891964,-0.214618570752044,-0.212534993733668,-0.210244495110085,-0.208035436262952,-0.204842880839255,-0.200094019702292,-0.196880883907831,-0.194790987324926,-0.193067547204699,-0.191007747459837,-0.188763180294585,-0.186182914051761,-0.18441891202551,-0.183531442941965,-0.182647521159478,-0.180894967040782,-0.178867115730403,-0.176803891459184,-0.173336938901178,-0.170820753525646,-0.169010190147728,-0.167553509434905,-0.16652111240541,-0.165084263788942,-0.164034646783088,-0.163306901798589,-0.162433428351806,-0.161147805461574,-0.159990144700071,-0.159191494688695,-0.158389427685435,-0.157583100240493,-0.15715366442649,-0.156707216408197,-0.156215614883492,-0.155954415172133,NaN,NaN,NaN,NaN,NaN,NaN,NaN,NaN,NaN,NaN,NaN,NaN,NaN,NaN,NaN,NaN,NaN,NaN,NaN,NaN,NaN,NaN,NaN,NaN,NaN,NaN,NaN,NaN,NaN,NaN,NaN,NaN,NaN,NaN,NaN,NaN,NaN,NaN,NaN,NaN,NaN,NaN,NaN,NaN,NaN,NaN,NaN,NaN,NaN,NaN,NaN,NaN,NaN,NaN,NaN,NaN,NaN,NaN,NaN,NaN,NaN,0.252407277808896,0.252439318760646,0.252581617611823,0.25232918555323,0.252338067821492,0.255051150599721,0.256827846408886,0.258732503893479,0.259994100651557,0.26015968688548,0.259589341945249,0.258181728668633,0.257299457359108,NaN,NaN,NaN,NaN,NaN,NaN,NaN,NaN,NaN,NaN,NaN,NaN,NaN,NaN,NaN,NaN,NaN,NaN,NaN,NaN,NaN,NaN,NaN,NaN,NaN,NaN,NaN,NaN,NaN,NaN,NaN,NaN,NaN,NaN,NaN,NaN,NaN,NaN,NaN,NaN,NaN,NaN,NaN,NaN,NaN,NaN,NaN,NaN,NaN,NaN,NaN,NaN,NaN,NaN,NaN,NaN,NaN,NaN,NaN,NaN,NaN,NaN,NaN,NaN,NaN,NaN,NaN,NaN,NaN,NaN,NaN,NaN,NaN,NaN,NaN,NaN,NaN,NaN,NaN
NaN,NaN,NaN,NaN,NaN,NaN,NaN,NaN,NaN,NaN,NaN,NaN,NaN,NaN,NaN,NaN,NaN,NaN,NaN,NaN,NaN,NaN,NaN,NaN,NaN,NaN,NaN,-0.248621543653696,-0.267846020239144,-0.267650776214711,-0.26729101187556,-0.266578767903212,-0.266035590635891,-0.263569911458507,-0.255769295705952,-0.253190241011,-0.256614401284124,-0.245506317450767,-0.243964186963083,-0.243367255501028,-0.244728009518262,-0.243047862689718,-0.24313720505144,-0.244667115063373,-0.242004485412222,-0.241346569332756,-0.239222487550169,-0.237600202279449,-0.235817861496959,-0.233146133411722,-0.230555170222939,-0.227606302983852,-0.225202046874706,-0.222209200224737,-0.219869926143431,-0.218028766770184,-0.215902262137134,-0.213541136966648,-0.211038304797349,-0.208020105209817,-0.204794353709186,-0.201149510385782,-0.197802945304306,-0.195261451243253,-0.193360710399836,-0.191217470320884,-0.188832929639553,-0.186352942063761,-0.184521267902718,-0.183516692142883,-0.182539323015713,-0.180806564140591,-0.178718179252537,-0.176433064013434,-0.172864935384498,-0.169946847330628,-0.167610915187909,-0.165673677996017,-0.164090790150899,-0.163094606746179,-0.162355459196307,-0.161762290798305,-0.161222053430329,-0.160341456977721,-0.159315118627559,-0.15864765611166,-0.157931646164859,-0.157082559232809,-0.156669990362336,-0.156301217257296,-0.156022669891593,-0.155931037849589,-0.155943441388339,NaN,NaN,NaN,NaN,NaN,NaN,NaN,NaN,NaN,NaN,NaN,NaN,NaN,NaN,NaN,NaN,NaN,NaN,NaN,NaN,NaN,NaN,NaN,NaN,NaN,NaN,NaN,NaN,NaN,NaN,NaN,NaN,NaN,NaN,NaN,NaN,NaN,NaN,NaN,NaN,NaN,NaN,NaN,NaN,NaN,NaN,NaN,NaN,NaN,NaN,NaN,NaN,NaN,NaN,NaN,NaN,NaN,NaN,NaN,NaN,0.249408858166347,0.249468197954485,0.249562674727047,0.249370488876528,0.249848441315712,0.251751922094947,0.253709272937228,0.255423031923409,0.256159190453489,0.256312798525739,0.256124047561216,0.255734056489408,0.255790327113796,NaN,NaN,NaN,NaN,NaN,NaN,NaN,NaN,NaN,NaN,NaN,NaN,NaN,NaN,NaN,NaN,NaN,NaN,NaN,NaN,NaN,NaN,NaN,NaN,NaN,NaN,NaN,NaN,NaN,NaN,NaN,NaN,NaN,NaN,NaN,NaN,NaN,NaN,NaN,NaN,NaN,NaN,NaN,NaN,NaN,NaN,NaN,NaN,NaN,NaN,NaN,NaN,NaN,NaN,NaN,NaN,NaN,NaN,NaN,NaN,NaN,NaN,NaN,NaN,NaN,NaN,NaN,NaN,NaN,NaN,NaN,NaN,NaN,NaN,NaN,NaN,NaN,NaN,NaN
NaN,NaN,NaN,NaN,NaN,NaN,NaN,NaN,NaN,NaN,NaN,NaN,NaN,NaN,NaN,NaN,NaN,NaN,NaN,NaN,NaN,NaN,NaN,NaN,NaN,NaN,NaN,NaN,-0.248006813509718,-0.26667156499911,-0.26606273407383,-0.26558112731543,-0.264849903020422,-0.263600894240458,-0.250419196089754,-0.254573990507025,-0.247902276631921,-0.246564517715671,-0.241849441780626,-0.241833205056932,-0.244003150326518,-0.243120439543045,-0.241717499009728,-0.244349449695343,-0.243151179063736,-0.241875369933913,-0.239948875218577,-0.238355824623514,-0.236448930255672,-0.234197729683223,-0.231128291804913,-0.228031225684601,-0.225648966682856,-0.223358361959226,-0.22081166605257,-0.218917182893018,-0.216974036309409,-0.2147648567085,-0.211908493426796,-0.207569742704547,-0.204861666746942,-0.202106314566068,-0.198693719576981,-0.196166716392602,-0.193688885383744,-0.191230621978125,-0.189062876304048,-0.187124477970727,-0.185451803786139,-0.183992734032645,-0.18271761835627,-0.180774932375179,-0.178853346271703,-0.176475254192908,-0.173284807110762,-0.170023402775036,-0.167021275564735,-0.16456249404073,-0.162721633669119,-0.161684035838594,-0.160727450615386,-0.16039431013144,-0.160192871737396,-0.159551719301499,-0.15869222777175,-0.158327403003652,-0.157667234136947,-0.156795141359847,-0.156424250770554,-0.156077407526967,-0.155775630073825,-0.155678199007704,-0.155949776777127,NaN,NaN,NaN,NaN,NaN,NaN,NaN,NaN,NaN,NaN,NaN,NaN,NaN,NaN,NaN,NaN,NaN,NaN,NaN,NaN,NaN,NaN,NaN,NaN,NaN,NaN,NaN,NaN,NaN,NaN,NaN,NaN,NaN,NaN,NaN,NaN,NaN,NaN,NaN,NaN,NaN,NaN,NaN,NaN,NaN,NaN,NaN,NaN,NaN,NaN,NaN,NaN,NaN,NaN,NaN,NaN,NaN,NaN,NaN,NaN,0.24480022835066,0.244795846816197,0.244902667165463,0.244968284328974,0.2459948176338,0.249059419644756,0.250988032700177,0.251266022371577,0.251183520743038,0.251363827365325,0.251818426144218,0.250509981180965,0.253326473247694,NaN,NaN,NaN,NaN,NaN,NaN,NaN,NaN,NaN,NaN,NaN,NaN,NaN,NaN,NaN,NaN,NaN,NaN,NaN,NaN,NaN,NaN,NaN,NaN,NaN,NaN,NaN,NaN,NaN,NaN,NaN,NaN,NaN,NaN,NaN,NaN,NaN,NaN,NaN,NaN,NaN,NaN,NaN,NaN,NaN,NaN,NaN,NaN,NaN,NaN,NaN,NaN,NaN,NaN,NaN,NaN,NaN,NaN,NaN,NaN,NaN,NaN,NaN,NaN,NaN,NaN,NaN,NaN,NaN,NaN,NaN,NaN,NaN,NaN,NaN,NaN,NaN,NaN,NaN
NaN,NaN,NaN,NaN,NaN,NaN,NaN,NaN,NaN,NaN,NaN,NaN,NaN,NaN,NaN,NaN,NaN,NaN,NaN,NaN,NaN,NaN,NaN,NaN,NaN,NaN,NaN,NaN,NaN,-0.246258887978946,-0.264762758647688,-0.264253913155094,-0.263573089350244,-0.263106847311494,-0.261592366610506,-0.253623982798411,-0.25253995218698,-0.244491222753708,-0.241201341942399,-0.240583760762361,-0.242272142487633,-0.244905874638332,-0.245026767892978,-0.244244658135972,-0.243498106147877,-0.242298435452396,-0.240504643747788,-0.238742579044677,-0.236974627716283,-0.234759530850361,-0.232147528326224,-0.229461268404768,-0.226513077065806,-0.223902608797958,-0.221603315477944,-0.219685180955954,-0.217884698377861,-0.21571330075965,-0.211553254161783,-0.20531216130733,-0.205183537391777,-0.200651787685041,-0.198478489793698,-0.196401376983163,-0.194230000432258,-0.192393039180427,-0.190171175737986,-0.187866879481069,-0.186295498335361,-0.184943433833862,-0.183197665809185,-0.181304022926747,-0.179207972221699,-0.176803074565747,-0.173973255474569,-0.170901246146351,-0.167663472424837,-0.164622599827448,-0.162321133168029,-0.161023217287696,-0.160008251950954,-0.159677420017302,-0.159570535724897,-0.158745185652632,-0.158172665699335,-0.157960733142912,-0.157309920165633,-0.156767442099774,-0.156489641350092,-0.156036260972745,-0.155605180607835,-0.155300272961704,-0.154524293670424,-0.152412188142588,-0.152538555448104,NaN,NaN,NaN,NaN,NaN,NaN,NaN,NaN,NaN,NaN,NaN,NaN,NaN,NaN,NaN,NaN,NaN,NaN,NaN,NaN,NaN,NaN,NaN,NaN,NaN,NaN,NaN,NaN,NaN,NaN,NaN,NaN,NaN,NaN,NaN,NaN,NaN,NaN,NaN,NaN,NaN,NaN,NaN,NaN,NaN,NaN,NaN,NaN,NaN,NaN,NaN,NaN,NaN,NaN,NaN,NaN,NaN,NaN,0.241170265168849,0.240129392153752,0.239426608573185,0.239187286951179,0.240940938512454,0.24494083222619,0.246777681201103,0.244934171803797,0.244893884596926,0.24529832520264,0.24645312183437,0.246213190855293,NaN,NaN,NaN,NaN,NaN,NaN,NaN,NaN,NaN,NaN,NaN,NaN,NaN,NaN,NaN,NaN,NaN,NaN,NaN,NaN,NaN,NaN,NaN,NaN,NaN,NaN,NaN,NaN,NaN,NaN,NaN,NaN,NaN,NaN,NaN,NaN,NaN,NaN,NaN,NaN,NaN,NaN,NaN,NaN,NaN,NaN,NaN,NaN,NaN,NaN,NaN,NaN,NaN,NaN,NaN,NaN,NaN,NaN,NaN,NaN,NaN,NaN,NaN,NaN,NaN,NaN,NaN,NaN,NaN,NaN,NaN,NaN,NaN,NaN,NaN,NaN,NaN,NaN,NaN,NaN
NaN,NaN,NaN,NaN,NaN,NaN,NaN,NaN,NaN,NaN,NaN,NaN,NaN,NaN,NaN,NaN,NaN,NaN,NaN,NaN,NaN,NaN,NaN,NaN,NaN,NaN,NaN,NaN,NaN,-0.241762445611008,-0.263911736447556,-0.263061218336278,-0.262599867111992,-0.26186103682236,-0.261040934984756,-0.259497038498087,-0.231329181826672,-0.255529857021693,-0.239837680185859,-0.24434277613798,-0.247684857387562,-0.246451368741243,-0.245021845650343,-0.244296381007098,-0.243648268924623,-0.242411649596692,-0.240509795797799,-0.238825031307209,-0.237233539339812,-0.235210810549272,-0.232788954931472,-0.229962158399047,-0.227511335910868,-0.225018337738714,-0.222633133134838,-0.220501727923384,-0.218593655479898,-0.213189667072536,-0.20522358070433,-0.202007473747368,-0.2025066544525,-0.200753974405284,-0.199549092476059,-0.19643071492995,-0.194257871536593,-0.193114486575733,-0.190941719728465,-0.188356335412079,-0.186623788625116,-0.185106894708573,-0.183117136514375,-0.181310373047302,-0.179435289354218,-0.176760001649414,-0.17417427359607,-0.171610013646571,-0.168777728217647,-0.165947921029278,-0.163407982788898,-0.161386361820986,-0.160055898118636,-0.159478851321513,-0.159110037946889,-0.158301396490833,-0.157895583210872,-0.157491128963502,-0.157032153879418,-0.156751845886144,-0.156467191318613,-0.156051051271661,-0.155629289646729,-0.155269575112082,-0.154066856600863,-0.152628676003513,-0.152038099074289,-0.151089805070157,-0.151232862012113,-0.151243932780978,-0.150983043499432,NaN,NaN,NaN,NaN,NaN,NaN,NaN,NaN,NaN,NaN,NaN,NaN,NaN,NaN,NaN,NaN,NaN,NaN,NaN,NaN,NaN,NaN,NaN,NaN,NaN,NaN,NaN,NaN,NaN,NaN,NaN,NaN,NaN,NaN,NaN,NaN,NaN,NaN,NaN,NaN,NaN,NaN,NaN,NaN,NaN,NaN,NaN,NaN,NaN,NaN,NaN,NaN,NaN,NaN,0.240292401702641,0.237226955635433,0.236423060112644,0.235692444613251,0.235941623648485,0.235804450454821,0.236622110850011,0.237732284337176,0.237784069241447,0.238373180590646,0.239059735635457,NaN,NaN,NaN,NaN,NaN,NaN,NaN,NaN,NaN,NaN,NaN,NaN,NaN,NaN,NaN,NaN,NaN,NaN,NaN,NaN,NaN,NaN,NaN,NaN,NaN,NaN,NaN,NaN,NaN,NaN,NaN,NaN,NaN,NaN,NaN,NaN,NaN,NaN,NaN,NaN,NaN,NaN,NaN,NaN,NaN,NaN,NaN,NaN,NaN,NaN,NaN,NaN,NaN,NaN,NaN,NaN,NaN,NaN,NaN,NaN,NaN,NaN,NaN,NaN,NaN,NaN,NaN,NaN,NaN,NaN,NaN,NaN,NaN,NaN,NaN,NaN,NaN,NaN,NaN,NaN,NaN
NaN,NaN,NaN,NaN,NaN,NaN,NaN,NaN,NaN,NaN,NaN,NaN,NaN,NaN,NaN,NaN,NaN,NaN,NaN,NaN,NaN,NaN,NaN,NaN,NaN,NaN,NaN,NaN,NaN,NaN,NaN,-0.261803861786966,-0.261144356365153,-0.260605314931347,-0.260053703961531,-0.259536585830449,-0.257039553080179,-0.254957836322044,-0.253020676630796,-0.251121489793972,-0.249230599204287,-0.247053657013354,-0.24532200535259,-0.244439845142834,-0.24390087876417,-0.242484222561012,-0.24026433817932,-0.238786678889469,-0.237261695747871,-0.235176280228173,-0.233203455079263,-0.230838284223267,-0.228027326369531,-0.225557179549814,-0.223466585449225,-0.220950309957971,-0.213683021000598,-0.211143470241585,-0.207537082662656,-0.207357096980441,-0.205869041267294,-0.203287331714423,-0.201508507869563,-0.198610062228296,-0.195624911907512,-0.193900616045692,-0.192162760764821,-0.18967128142785,-0.187050124729287,-0.184446939649387,-0.182445791068588,-0.180912624150649,-0.179178480778361,-0.176672604438555,-0.173817038368402,-0.171899294265572,-0.169386577421495,-0.166825686929707,-0.165256759149309,-0.163358196323162,-0.161271130759662,-0.15991633657877,-0.159077099160167,-0.158284911622538,-0.157677394987514,-0.156981400667745,-0.156599350838424,-0.156406307932323,-0.15628254988538,-0.156125318015531,-0.155750360679961,-0.155085438957235,-0.153948253689555,-0.15278993566128,-0.15184117923975,-0.150834263655107,-0.150740454407349,-0.150871443470043,-0.151433578879089,NaN,NaN,NaN,NaN,NaN,NaN,NaN,NaN,NaN,NaN,NaN,NaN,NaN,NaN,NaN,NaN,NaN,NaN,NaN,NaN,NaN,NaN,NaN,NaN,NaN,NaN,NaN,NaN,NaN,NaN,NaN,NaN,NaN,NaN,NaN,NaN,NaN,NaN,NaN,NaN,NaN,NaN,NaN,NaN,NaN,NaN,NaN,NaN,NaN,NaN,NaN,NaN,NaN,NaN,NaN,0.231902635634518,0.233011352690957,0.232918012164187,0.232024479713637,0.22955742482623,0.228788199417583,0.230646490963395,0.23160941527108,0.232367568072059,0.232986122492931,NaN,NaN,NaN,NaN,NaN,NaN,NaN,NaN,NaN,NaN,NaN,NaN,NaN,NaN,NaN,NaN,NaN,NaN,NaN,NaN,NaN,NaN,NaN,NaN,NaN,NaN,NaN,NaN,NaN,NaN,NaN,NaN,NaN,NaN,NaN,NaN,NaN,NaN,NaN,NaN,NaN,NaN,NaN,NaN,NaN,NaN,NaN,NaN,NaN,NaN,NaN,NaN,NaN,NaN,NaN,NaN,NaN,NaN,NaN,NaN,NaN,NaN,NaN,NaN,NaN,NaN,NaN,NaN,NaN,NaN,NaN,NaN,NaN,NaN,NaN,NaN,NaN,NaN,NaN,NaN,NaN
NaN,NaN,NaN,NaN,NaN,NaN,NaN,NaN,NaN,NaN,NaN,NaN,NaN,NaN,NaN,NaN,NaN,NaN,NaN,NaN,NaN,NaN,NaN,NaN,NaN,NaN,NaN,NaN,NaN,NaN,NaN,NaN,-0.259910060425088,-0.259775477378642,-0.259034735319624,-0.258867404502595,-0.256883936976081,-0.254432306267447,-0.252871764094493,-0.251266566626539,-0.249570025276315,-0.248033780763183,-0.246269278900248,-0.244893077501928,-0.244073703810556,-0.242331739213823,-0.240021232060982,-0.238576365490167,-0.236892523985739,-0.235315993191793,-0.23359741603688,-0.231450952160188,-0.228839070390703,-0.225573879066258,-0.224207306850326,-0.21819441587951,-0.215880621099,-0.214092945203222,-0.213682309244108,-0.210415435295562,-0.20807304111272,-0.205554062217903,-0.202908890855907,-0.200318065802382,-0.197268361090731,-0.194966401463824,-0.193211168752461,-0.19052362908455,-0.187924132439365,-0.184844138366868,-0.182254778183391,-0.179880976848927,-0.178163676861074,-0.176028267346589,-0.173259295506399,-0.171810921177535,-0.169554006894934,-0.167063693417254,-0.165832506952649,-0.164453565690379,-0.162553835818069,-0.160779860048842,-0.159301149679998,-0.158645252053196,-0.157769005073425,-0.156578255135235,-0.156061212651518,-0.155770184550942,-0.155715347538342,-0.155764153498085,-0.155554556980458,-0.155196142686785,-0.154096555183823,-0.152726684562066,-0.150684400353063,-0.148801890383778,-0.148804630749804,-0.14865266154417,NaN,NaN,NaN,NaN,NaN,NaN,NaN,-0.117620983403006,-0.12100019356408,-0.117574220431308,NaN,NaN,NaN,NaN,NaN,NaN,NaN,NaN,NaN,NaN,NaN,NaN,NaN,NaN,NaN,NaN,NaN,NaN,NaN,NaN,NaN,NaN,NaN,NaN,NaN,NaN,NaN,NaN,NaN,NaN,NaN,NaN,NaN,NaN,NaN,NaN,NaN,NaN,NaN,NaN,NaN,NaN,NaN,NaN,NaN,NaN,0.228622478473802,0.229191108640257,0.229148682683872,0.228224628481036,0.225594199640453,0.224134703546411,0.22484812619651,0.226219654501199,0.227125438471109,0.227702267942874,NaN,NaN,NaN,NaN,NaN,NaN,NaN,NaN,NaN,NaN,NaN,NaN,NaN,NaN,NaN,NaN,NaN,NaN,NaN,NaN,NaN,NaN,NaN,NaN,NaN,NaN,NaN,NaN,NaN,NaN,NaN,NaN,NaN,NaN,NaN,NaN,NaN,NaN,NaN,NaN,NaN,NaN,NaN,NaN,NaN,NaN,NaN,NaN,NaN,NaN,NaN,NaN,NaN,NaN,NaN,NaN,NaN,NaN,NaN,NaN,NaN,NaN,NaN,NaN,NaN,NaN,NaN,NaN,NaN,NaN,NaN,NaN,NaN,NaN,NaN,NaN,NaN,NaN,NaN,NaN,NaN
NaN,NaN,NaN,NaN,NaN,NaN,NaN,NaN,NaN,NaN,NaN,NaN,NaN,NaN,NaN,NaN,NaN,NaN,NaN,NaN,NaN,NaN,NaN,NaN,NaN,NaN,NaN,NaN,NaN,NaN,NaN,NaN,NaN,NaN,-0.258158723271764,-0.257979410905885,-0.254857220325091,-0.253430461142618,-0.252626063741605,-0.251711870833888,-0.250251210391738,-0.248561782308647,-0.246914367849316,-0.245479244306216,-0.244204031771236,-0.24218109849678,-0.240292110435083,-0.238587972953922,-0.236732358025574,-0.235578982302475,-0.234392474468926,-0.228548239896058,-0.225539665391485,-0.221361630726848,-0.220945090500097,-0.218905012995676,-0.217632843656128,-0.214307590090484,-0.214082006142604,-0.212022807115194,-0.20980047976033,-0.206850681427481,-0.203528210510998,-0.201300495808877,-0.199432494847386,-0.196642376969396,-0.194241132986213,-0.191688645920437,-0.189113600074355,-0.185791595297367,-0.182576827236074,-0.179794122695036,-0.17767207523664,-0.17482500934311,-0.172644302137762,-0.171398370762379,-0.169368608171132,-0.167081071979591,-0.16596293503375,-0.16504050807907,-0.16328779005715,-0.160980869848254,-0.159557869714819,-0.158770185056916,-0.157771339002996,-0.156354783918285,-0.155722112578406,-0.155239286660165,-0.154968942021367,-0.154929662372151,-0.154825157568548,-0.154324876611395,-0.153278540960125,-0.151062989092854,-0.147965066370994,-0.146554034714726,-0.145434052636709,-0.143921577571669,-0.140802427339197,NaN,NaN,NaN,NaN,NaN,NaN,-0.113926802740933,-0.120641122341461,-0.126786084987593,NaN,NaN,NaN,NaN,NaN,NaN,NaN,NaN,NaN,NaN,NaN,NaN,NaN,NaN,NaN,NaN,NaN,NaN,NaN,NaN,NaN,NaN,NaN,NaN,NaN,NaN,NaN,NaN,NaN,NaN,NaN,NaN,NaN,NaN,NaN,NaN,NaN,NaN,NaN,NaN,NaN,NaN,NaN,NaN,NaN,NaN,0.22319379620801,0.225020930882479,0.225469606892704,0.22423932249388,0.221550301541547,0.220205543674086,0.220808504802796,0.222060741750062,0.223156082541598,0.223779154951797,NaN,NaN,NaN,NaN,NaN,NaN,NaN,NaN,NaN,NaN,NaN,NaN,NaN,NaN,NaN,NaN,NaN,NaN,NaN,NaN,NaN,NaN,NaN,NaN,NaN,NaN,NaN,NaN,NaN,NaN,NaN,NaN,NaN,NaN,NaN,NaN,NaN,NaN,NaN,NaN,NaN,NaN,NaN,NaN,NaN,NaN,NaN,NaN,NaN,NaN,NaN,NaN,NaN,NaN,NaN,NaN,NaN,NaN,NaN,NaN,NaN,NaN,NaN,NaN,NaN,NaN,NaN,NaN,NaN,NaN,NaN,NaN,NaN,NaN,NaN,NaN,NaN,NaN,NaN,NaN,NaN
NaN,NaN,NaN,NaN,NaN,NaN,NaN,NaN,NaN,NaN,NaN,NaN,NaN,NaN,NaN,NaN,NaN,NaN,NaN,NaN,NaN,NaN,NaN,NaN,NaN,NaN,NaN,NaN,NaN,NaN,NaN,NaN,NaN,NaN,NaN,NaN,-0.253049689477282,-0.252587587197426,-0.252369781030043,-0.251842122975986,-0.250422343017917,-0.248398449585729,-0.247193805914406,-0.246069757759375,-0.244344437935509,-0.24259782622098,-0.241177110093357,-0.235766492208598,-0.236767547808961,-0.236033438909549,-0.232530154650459,-0.230205507340259,-0.225777609593971,-0.223575397456067,-0.220721670247406,-0.220777238525882,-0.218113331751427,-0.215698498985258,-0.215257065510114,-0.213109678751485,-0.211190197740313,-0.208153273591823,-0.205194220953467,-0.202536103111057,-0.200589993980872,-0.198327552519581,-0.195331990015137,-0.192640766319671,-0.190061741157433,-0.187039246136401,-0.182913887907346,-0.179875146189028,-0.177929151839042,-0.175310674236608,-0.172719035167331,-0.170809481988289,-0.168951850908319,-0.167137617934005,-0.165809271220195,-0.165053054262343,-0.163513297491383,-0.161275382835197,-0.159788542360589,-0.158787618897247,-0.157911003174073,-0.156514077274556,-0.15551427190188,-0.154925895018178,-0.154528049078846,-0.154224272035572,-0.153931352579343,-0.153360619765957,-0.152105814370102,-0.148393304828936,-0.145038508175596,-0.143523293096123,-0.141681629175942,-0.140688591604084,-0.136767750012536,-0.131329795175498,-0.130252930549245,NaN,NaN,-0.126353450160346,-0.121553515625617,-0.126180169169392,-0.125859453842475,-0.126619118864415,NaN,NaN,NaN,NaN,NaN,NaN,NaN,NaN,NaN,NaN,NaN,NaN,NaN,NaN,NaN,NaN,NaN,NaN,NaN,NaN,NaN,NaN,NaN,NaN,NaN,NaN,NaN,NaN,NaN,NaN,NaN,NaN,NaN,NaN,NaN,NaN,NaN,NaN,NaN,NaN,NaN,NaN,NaN,NaN,0.203655322432478,0.2035731757241,0.215053169688184,0.22027397536528,0.222248329778497,0.220572049649954,0.219558203815629,0.218123067623414,0.218612244678883,0.219873775277672,0.221229351052165,0.222265903674897,NaN,NaN,NaN,NaN,NaN,NaN,NaN,NaN,NaN,NaN,NaN,NaN,NaN,NaN,NaN,NaN,NaN,NaN,NaN,NaN,NaN,NaN,NaN,NaN,NaN,NaN,NaN,NaN,NaN,NaN,NaN,NaN,NaN,NaN,NaN,NaN,NaN,NaN,NaN,NaN,NaN,NaN,NaN,NaN,NaN,NaN,NaN,NaN,NaN,NaN,NaN,NaN,NaN,NaN,NaN,NaN,NaN,NaN,NaN,NaN,NaN,NaN,NaN,NaN,NaN,NaN,NaN,NaN,NaN,NaN,NaN,NaN,NaN,NaN,NaN,NaN,NaN,NaN,NaN,NaN,NaN
NaN,NaN,NaN,NaN,NaN,NaN,NaN,NaN,NaN,NaN,NaN,NaN,NaN,NaN,NaN,NaN,NaN,NaN,NaN,NaN,NaN,NaN,NaN,NaN,NaN,NaN,NaN,NaN,NaN,NaN,NaN,NaN,NaN,NaN,NaN,NaN,NaN,-0.252001717376809,-0.25212855164668,-0.250385399378899,-0.2474734610474,-0.248724972186676,-0.247533224297991,-0.24648160883743,-0.24268918758406,-0.24185318990002,-0.240749008681063,-0.239599345768527,-0.237989400315051,-0.236837007002974,-0.231854508352405,-0.230995568591267,-0.228759563332434,-0.221437328578341,-0.219546731456014,-0.219918833881966,-0.219572654056739,-0.216333913671878,-0.215762201481766,-0.21349202722846,-0.211783985602003,-0.209278627827868,-0.206146775618242,-0.204024806809706,-0.202196255399448,-0.199729798352534,-0.196479621347035,-0.193365521356495,-0.190384100377417,-0.188489755282582,-0.185442437542773,-0.180947792413969,-0.178264317118267,-0.175214791879597,-0.172667127974409,-0.17117358065426,-0.169350520638118,-0.167217115634847,-0.165860778471967,-0.165132061937126,-0.16382575689028,-0.161573075245231,-0.160088776689355,-0.158822903610485,-0.157949972034394,-0.157121254696073,-0.155918518533068,-0.154902151819907,-0.154379190187793,-0.153925406152736,-0.153442307524331,-0.152623960028342,-0.150600626966805,-0.145508789853034,-0.142141280475428,-0.139744132907403,-0.13829061193322,-0.136042436508932,-0.13300592868497,-0.130665740500341,-0.129207364312467,-0.127439883040197,-0.126583336251557,-0.126429728049588,-0.126325087348641,-0.126348292335223,-0.126263383839349,-0.126392410242809,NaN,NaN,NaN,NaN,NaN,NaN,NaN,NaN,NaN,NaN,NaN,NaN,NaN,NaN,NaN,NaN,NaN,NaN,NaN,NaN,NaN,NaN,NaN,NaN,NaN,NaN,NaN,NaN,NaN,NaN,NaN,NaN,NaN,NaN,NaN,NaN,NaN,NaN,NaN,NaN,NaN,NaN,NaN,NaN,0.200451258419642,0.202751086674573,0.210081149978018,0.214651130554596,0.216665145823345,0.215802922144576,0.2164131302275,0.215752979558097,0.216217488143697,0.21761053939206,0.220284059988853,NaN,NaN,NaN,NaN,NaN,NaN,NaN,NaN,NaN,NaN,NaN,NaN,NaN,NaN,NaN,NaN,NaN,NaN,NaN,NaN,NaN,NaN,NaN,NaN,NaN,NaN,NaN,NaN,NaN,NaN,NaN,NaN,NaN,NaN,NaN,NaN,NaN,NaN,NaN,NaN,NaN,NaN,NaN,NaN,NaN,NaN,NaN,NaN,NaN,NaN,NaN,NaN,NaN,NaN,NaN,NaN,NaN,NaN,NaN,NaN,NaN,NaN,NaN,NaN,NaN,NaN,NaN,NaN,NaN,NaN,NaN,NaN,NaN,NaN,NaN,NaN,NaN,NaN,NaN,NaN,NaN,NaN
NaN,NaN,NaN,NaN,NaN,NaN,NaN,NaN,NaN,NaN,NaN,NaN,NaN,NaN,NaN,NaN,NaN,NaN,NaN,NaN,NaN,NaN,NaN,NaN,NaN,NaN,NaN,NaN,NaN,NaN,NaN,NaN,NaN,NaN,NaN,NaN,NaN,NaN,-0.252427426913363,-0.252272320131967,-0.251660788668394,-0.250105238933206,-0.248281003357211,-0.245553581807218,-0.242427249859535,-0.241430142301298,-0.240526258160061,-0.238354797658714,-0.237633116538072,-0.233116012813423,-0.232480862088495,-0.229944815642419,-0.228339338508415,-0.221942590803459,-0.220680235826578,-0.218040922856166,-0.218885918190417,-0.217505520158734,-0.215872249525545,-0.214122100715663,-0.212236845448724,-0.207597324599148,-0.206572847393509,-0.20452274678833,-0.203256615226402,-0.201505200782948,-0.197023250829632,-0.192776208168084,-0.190666659873891,-0.189106915301848,-0.187329981762463,-0.183505328750142,-0.179785776837223,-0.175936003139095,-0.173217212535428,-0.171509108509636,-0.169879948851118,-0.167790852954669,-0.1662780441264,-0.165389885020726,-0.164171836860341,-0.162401296270451,-0.160809993830035,-0.159615704575091,-0.158524471879905,-0.157596409492095,-0.156451531099333,-0.155439648414683,-0.154703192507043,-0.154078334944857,-0.153430045501321,-0.152377361094057,-0.149428283727505,-0.14309835505673,-0.141809466293253,-0.135928226386972,-0.133895723701545,-0.132199746266366,-0.131143578991055,-0.129777202995347,-0.128696524438013,-0.127454028386387,-0.126657496163524,-0.126412988837782,-0.126240156067404,-0.126062274125654,-0.125953986678374,-0.119828620144658,NaN,NaN,NaN,NaN,NaN,NaN,NaN,NaN,NaN,NaN,NaN,NaN,NaN,NaN,NaN,NaN,NaN,NaN,NaN,NaN,NaN,NaN,NaN,NaN,NaN,NaN,NaN,NaN,NaN,NaN,NaN,NaN,NaN,0.0617487551504465,0.0649105188102833,NaN,NaN,NaN,NaN,NaN,NaN,NaN,0.180518838587608,0.180766053330677,0.189493943333388,0.193258586872006,0.199171369704711,0.207190982243219,0.208576924104173,0.209723400470422,0.209676622858325,0.211287742815625,0.212748609960553,0.213570603724746,NaN,NaN,NaN,NaN,NaN,NaN,NaN,NaN,NaN,NaN,NaN,NaN,NaN,NaN,NaN,NaN,NaN,NaN,NaN,NaN,NaN,NaN,NaN,NaN,NaN,NaN,NaN,NaN,NaN,NaN,NaN,NaN,NaN,NaN,NaN,NaN,NaN,NaN,NaN,NaN,NaN,NaN,NaN,NaN,NaN,NaN,NaN,NaN,NaN,NaN,NaN,NaN,NaN,NaN,NaN,NaN,NaN,NaN,NaN,NaN,NaN,NaN,NaN,NaN,NaN,NaN,NaN,NaN,NaN,NaN,NaN,NaN,NaN,NaN,NaN,NaN,NaN,NaN,NaN,NaN,NaN,NaN,NaN
NaN,NaN,NaN,NaN,NaN,NaN,NaN,NaN,NaN,NaN,NaN,NaN,NaN,NaN,NaN,NaN,NaN,NaN,NaN,NaN,NaN,NaN,NaN,NaN,NaN,NaN,NaN,NaN,NaN,NaN,NaN,NaN,NaN,NaN,NaN,NaN,NaN,-0.24947058262296,-0.25360171148778,-0.252853063214036,-0.252142119730466,-0.250867131436673,-0.238508107501127,-0.24748821719736,NaN,-0.222535953388961,-0.240251398053657,-0.221761036048795,-0.212558982975581,-0.221822618314696,-0.226902931659753,-0.226078379881178,-0.224844207217381,-0.22653906819597,-0.221390339547513,-0.218988644172682,-0.217936084096911,-0.219174287740511,-0.214049128140413,-0.211441546531368,-0.211268592224643,-0.209214054734324,-0.207526683190454,-0.20602016046982,-0.204318169590754,-0.202768586796554,-0.194361751302406,-0.194693056300712,-0.192095605583117,-0.190066432606962,-0.187532152878312,-0.184763902177767,-0.181767000295411,-0.176959401646649,-0.174527873863995,-0.172042196260863,-0.170703465573089,-0.168443700083903,-0.167014348617995,-0.165748712433934,-0.164830366696862,-0.163369766339239,-0.161972167972918,-0.160833210317856,-0.159765040982263,-0.158773589799228,-0.149757780810214,-0.156726581440649,-0.155904655126215,-0.154997739564767,-0.15416401148958,-0.152870070285203,-0.150700446408838,NaN,NaN,-0.130294404972247,-0.129931418644977,-0.129503697265239,-0.128994063606238,-0.128761625791597,-0.128574609581374,-0.127540218609306,-0.126832037304958,-0.126382128857634,-0.126091795682365,-0.125597754195525,-0.125210111535732,-0.124807107872877,NaN,NaN,NaN,NaN,NaN,NaN,NaN,NaN,NaN,NaN,NaN,NaN,NaN,NaN,NaN,NaN,NaN,NaN,NaN,NaN,NaN,NaN,NaN,NaN,NaN,NaN,NaN,NaN,NaN,NaN,NaN,NaN,NaN,0.0648252616105563,0.0645081761925054,0.0645061329897614,NaN,NaN,NaN,NaN,NaN,0.18108600066838,0.180790724475705,0.180230759155224,0.183151155162547,0.186417907609796,0.189306626468646,0.196844082753499,0.203541910245111,0.207228153062667,0.207817129719399,0.210429896396418,0.212251477867889,0.212937757179772,NaN,NaN,NaN,NaN,NaN,NaN,NaN,NaN,NaN,NaN,NaN,NaN,NaN,NaN,NaN,NaN,NaN,NaN,NaN,NaN,NaN,NaN,NaN,NaN,NaN,NaN,NaN,NaN,NaN,NaN,NaN,NaN,NaN,NaN,NaN,NaN,NaN,NaN,NaN,NaN,NaN,NaN,NaN,NaN,NaN,NaN,NaN,NaN,NaN,NaN,NaN,NaN,NaN,NaN,NaN,NaN,NaN,NaN,NaN,NaN,NaN,NaN,NaN,NaN,NaN,NaN,NaN,NaN,NaN,NaN,NaN,NaN,NaN,NaN,NaN,NaN,NaN,NaN,NaN,NaN,NaN,NaN,NaN
NaN,NaN,NaN,NaN,NaN,NaN,NaN,NaN,NaN,NaN,NaN,NaN,NaN,NaN,NaN,NaN,NaN,NaN,NaN,NaN,NaN,NaN,NaN,NaN,NaN,NaN,NaN,NaN,NaN,NaN,NaN,NaN,NaN,NaN,NaN,NaN,-0.250559345115035,-0.254816504389515,-0.254060587209055,-0.253241482309121,-0.25184879053097,-0.251241127463797,-0.221871555191058,-0.244453473126925,NaN,NaN,-0.222050061798165,-0.178275417876789,-0.209734030306109,-0.217598632065007,-0.225402664174306,-0.223274838716114,-0.224429023833942,-0.226964960981328,-0.22516673969899,-0.222402650081056,-0.217971401276816,-0.219502603314953,-0.217083556934771,-0.214376931269224,-0.213350009042599,-0.211117265375776,-0.209203374643552,-0.207682130091916,-0.20565221716184,-0.203906955346378,-0.200204463224596,-0.195292195949308,-0.193784417116248,-0.191916972066849,-0.188103374096219,-0.183723696829207,-0.182711914257873,-0.179716281103891,-0.176310043713375,-0.173488595051839,-0.171544994190929,-0.169823216956877,-0.167941958163925,-0.165672334098659,-0.165290261266538,-0.163867533413049,-0.163050769719761,-0.162133018492642,-0.16111878343059,-0.160636873872682,-0.144291759974248,-0.158363443434568,-0.158013613215539,-0.156899184436158,-0.155896614294174,-0.154333425960772,NaN,NaN,NaN,-0.128492805773762,-0.127313977026308,-0.126838985749699,-0.126840796892336,-0.12711036817988,-0.127348377747073,-0.127045042919437,-0.126771669168219,-0.126355018311815,-0.125731057223393,-0.124919412686761,-0.124215293257315,-0.123856470626769,NaN,NaN,NaN,NaN,NaN,NaN,NaN,NaN,NaN,NaN,NaN,NaN,NaN,NaN,NaN,NaN,NaN,NaN,NaN,NaN,NaN,NaN,NaN,NaN,NaN,NaN,NaN,NaN,NaN,NaN,NaN,NaN,NaN,NaN,0.0650254064188197,0.0645294363169448,0.0641043914965124,NaN,NaN,NaN,NaN,0.18140558697108,0.181168474330926,0.17953269107746,0.179371937609188,0.180540758960584,0.183226765125503,0.190615334217382,0.197796786202998,0.204058145438189,0.207452987110243,0.210333014443731,0.212208913082028,NaN,NaN,NaN,NaN,NaN,NaN,NaN,NaN,NaN,NaN,NaN,NaN,NaN,NaN,NaN,NaN,NaN,NaN,NaN,NaN,NaN,NaN,NaN,NaN,NaN,NaN,NaN,NaN,NaN,NaN,NaN,NaN,NaN,NaN,NaN,NaN,NaN,NaN,NaN,NaN,NaN,NaN,NaN,NaN,NaN,NaN,NaN,NaN,NaN,NaN,NaN,NaN,NaN,NaN,NaN,NaN,NaN,NaN,NaN,NaN,NaN,NaN,NaN,NaN,NaN,NaN,NaN,NaN,NaN,NaN,NaN,NaN,NaN,NaN,NaN,NaN,NaN,NaN,NaN,NaN,NaN,NaN,NaN,NaN
NaN,NaN,NaN,NaN,NaN,NaN,NaN,NaN,NaN,NaN,NaN,NaN,NaN,NaN,NaN,NaN,NaN,NaN,NaN,NaN,NaN,NaN,NaN,NaN,NaN,NaN,NaN,NaN,NaN,NaN,NaN,NaN,NaN,NaN,NaN,-0.25195145154775,-0.255863427104056,-0.254886974106609,-0.254139051183812,-0.24870395137039,-0.224256900549314,-0.22344868798217,NaN,NaN,NaN,NaN,NaN,-0.210035380646495,-0.213342177405279,-0.209395001723302,-0.215657760901711,-0.215380740944225,-0.218209969767241,-0.219468407743257,-0.223306706860152,-0.223018063718303,-0.219720517541706,-0.21615587409625,-0.216646458584167,-0.214159444716777,-0.213626558535164,-0.211734156866489,-0.210130807865005,-0.208761768144441,-0.206505121789922,-0.204697258370847,-0.199653678696917,-0.198369428567301,-0.195646433358608,-0.193976944443923,-0.190452596135185,-0.187062002069487,-0.184473969519029,-0.181197292214112,-0.176884572137789,-0.173943051673123,-0.172020019132137,-0.170447297423185,-0.168392370113084,-0.165476208377634,-0.165566562323067,-0.16465919934323,-0.163832208220678,-0.162663716798673,-0.162350273730794,-0.162337541633279,-0.161804836630297,-0.160759527753599,-0.159946879649833,-0.159095523802294,-0.157825705044251,-0.14829273147867,NaN,NaN,NaN,NaN,-0.124259158744668,-0.124375298941343,-0.124665437571122,-0.125441490244351,-0.125798238753764,-0.12600757209487,-0.126128972950318,-0.125853304663627,-0.124972798322977,-0.123933190596473,-0.123113531730678,-0.122129539718514,-0.120929306673238,NaN,NaN,NaN,NaN,NaN,NaN,NaN,NaN,NaN,NaN,NaN,NaN,NaN,NaN,NaN,NaN,NaN,NaN,NaN,NaN,NaN,NaN,NaN,NaN,NaN,NaN,NaN,NaN,NaN,NaN,NaN,NaN,NaN,0.0656247368632663,0.0649016800033527,0.0659139600560202,NaN,0.116131827059625,0.11260481472982,0.115195744099915,NaN,0.179288511060909,0.175755184683565,0.175928591006856,0.175637692598133,0.178631761643368,0.184274473173581,0.192887424103795,0.199764286904041,0.205058142980573,0.208564522055702,NaN,NaN,NaN,NaN,NaN,NaN,NaN,NaN,NaN,NaN,NaN,NaN,NaN,NaN,NaN,NaN,NaN,NaN,NaN,NaN,NaN,NaN,NaN,NaN,NaN,NaN,NaN,NaN,NaN,NaN,NaN,NaN,NaN,NaN,NaN,NaN,NaN,NaN,NaN,NaN,NaN,NaN,NaN,NaN,NaN,NaN,NaN,NaN,NaN,NaN,NaN,NaN,NaN,NaN,NaN,NaN,NaN,NaN,NaN,NaN,NaN,NaN,NaN,NaN,NaN,NaN,NaN,NaN,NaN,NaN,NaN,NaN,NaN,NaN,NaN,NaN,NaN,NaN,NaN,NaN,NaN,NaN,NaN,NaN,NaN
NaN,NaN,NaN,NaN,NaN,NaN,NaN,NaN,NaN,NaN,NaN,NaN,NaN,NaN,NaN,NaN,NaN,NaN,NaN,NaN,NaN,NaN,NaN,NaN,NaN,NaN,NaN,NaN,NaN,NaN,NaN,NaN,NaN,NaN,-0.240706919555806,-0.256402953846299,-0.255743168974262,-0.25493371776826,-0.249327728727796,-0.207763184373234,NaN,NaN,NaN,NaN,NaN,NaN,NaN,NaN,-0.213281497756258,-0.21307024029587,-0.210325200724982,-0.218663356553418,-0.217767802755121,-0.216612752430874,-0.225050495971016,-0.203320265866194,-0.214185023708677,-0.212524828076694,-0.213555586204741,-0.210716550614692,-0.210145154402492,-0.210251503367492,-0.210093145018063,-0.208091796511431,-0.206622926988562,-0.203870343290294,-0.202905326674281,-0.200882342236853,-0.198340905772693,-0.195518887165031,-0.193247556651774,-0.191057365482498,-0.180472207057078,-0.170196719245343,NaN,-0.162259155445873,-0.170857232536447,-0.158641289158179,NaN,NaN,NaN,-0.162617578506504,-0.163918325320064,-0.163237864952397,-0.162880586676514,-0.163293417581926,-0.16241838720583,-0.162015876524302,-0.161854948121264,-0.161483161998328,-0.160388237751091,NaN,NaN,NaN,NaN,NaN,-0.123010904712426,-0.123167404328795,-0.123393862711782,-0.124001591387099,-0.124339602044978,-0.124704650415863,-0.125264621048195,-0.124950097596085,-0.123923099159982,-0.12290456591872,-0.122063213684533,-0.12114076991371,-0.120128651293136,-0.118858733193815,-0.118224752203973,-0.110973093247228,-0.093242979917879,NaN,NaN,NaN,NaN,NaN,NaN,NaN,NaN,NaN,NaN,NaN,NaN,NaN,NaN,NaN,NaN,NaN,NaN,NaN,NaN,NaN,NaN,NaN,NaN,NaN,NaN,NaN,NaN,0.0671158783210197,0.0654235133703701,0.0653583285126307,0.0741049423349887,0.097682090685617,0.110738386205912,0.116733954779934,0.127208380402497,0.15012968095078,0.163685279620893,0.164860793675751,0.168028926414497,0.168606947115232,0.172349074803097,0.179546865673235,0.187198711746243,0.194496524489516,0.201769914944118,NaN,NaN,NaN,NaN,NaN,NaN,NaN,NaN,NaN,NaN,NaN,NaN,NaN,NaN,NaN,NaN,NaN,NaN,NaN,NaN,NaN,NaN,NaN,NaN,NaN,NaN,NaN,NaN,NaN,NaN,NaN,NaN,NaN,NaN,NaN,NaN,NaN,NaN,NaN,NaN,NaN,NaN,NaN,NaN,NaN,NaN,NaN,NaN,NaN,NaN,NaN,NaN,NaN,NaN,NaN,NaN,NaN,NaN,NaN,NaN,NaN,NaN,NaN,NaN,NaN,NaN,NaN,NaN,NaN,NaN,NaN,NaN,NaN,NaN,NaN,NaN,NaN,NaN,NaN,NaN,NaN,NaN,NaN,NaN,NaN,NaN
NaN,NaN,NaN,NaN,NaN,NaN,NaN,NaN,NaN,NaN,NaN,NaN,NaN,NaN,NaN,NaN,NaN,NaN,NaN,NaN,NaN,NaN,NaN,NaN,NaN,NaN,NaN,NaN,NaN,NaN,NaN,NaN,NaN,NaN,-0.24412925798419,-0.256612985987115,-0.255809431381313,-0.254905848787638,NaN,NaN,NaN,NaN,NaN,NaN,NaN,NaN,NaN,NaN,-0.21337154531056,-0.212785914555394,-0.229991313335755,-0.22919001130638,-0.228441857191356,-0.227589336556941,-0.226983824312307,NaN,-0.1758216252373,-0.191887375863823,-0.213142310902313,-0.211720372245289,-0.208794628138891,-0.207430015611416,-0.207077580370766,-0.205527664379527,-0.202164906862927,-0.199363799064358,-0.204362412892316,-0.202060813551869,-0.19750626145286,-0.192777427251478,-0.193170861216216,-0.193213706796715,NaN,NaN,NaN,NaN,-0.150070668032251,-0.133532766436325,NaN,NaN,NaN,-0.142113112529153,-0.15827375434686,-0.161196516402136,-0.163087453508468,-0.162739067688728,-0.163951355233016,-0.164686337665308,-0.164123778029602,-0.163665333666033,-0.15462933376757,NaN,NaN,NaN,NaN,NaN,-0.122643785290678,-0.122718178631574,-0.122842586130714,-0.123132790816183,-0.123304413999505,-0.123977268930669,-0.124609311153121,-0.123666037724949,-0.122404747597009,-0.12179715625899,-0.121082431189691,-0.120241905027172,-0.119290311827092,-0.118387217167916,-0.117613497047452,-0.116855027303282,-0.108221592241542,NaN,NaN,NaN,NaN,NaN,NaN,NaN,NaN,NaN,NaN,NaN,NaN,NaN,NaN,NaN,NaN,NaN,NaN,NaN,NaN,NaN,NaN,NaN,NaN,NaN,NaN,NaN,NaN,0.0623344929799316,0.0629614212741704,0.0659083466261784,0.0806914518631119,0.10003222273455,0.112194195866381,0.122610551896554,0.13252144777635,0.142783621183196,0.152968866689308,0.157850277807775,0.158533242392608,0.162577053485323,0.166592609130002,0.173171657247611,0.180359266965285,0.184115263793083,NaN,NaN,NaN,NaN,NaN,NaN,NaN,NaN,NaN,NaN,NaN,NaN,NaN,NaN,NaN,NaN,NaN,NaN,NaN,NaN,NaN,NaN,NaN,NaN,NaN,NaN,NaN,NaN,NaN,NaN,NaN,NaN,NaN,NaN,NaN,NaN,NaN,NaN,NaN,NaN,NaN,NaN,NaN,NaN,NaN,NaN,NaN,NaN,NaN,NaN,NaN,NaN,NaN,NaN,NaN,NaN,NaN,NaN,NaN,NaN,NaN,NaN,NaN,NaN,NaN,NaN,NaN,NaN,NaN,NaN,NaN,NaN,NaN,NaN,NaN,NaN,NaN,NaN,NaN,NaN,NaN,NaN,NaN,NaN,NaN,NaN,NaN
NaN,NaN,NaN,NaN,NaN,NaN,NaN,NaN,NaN,NaN,NaN,NaN,NaN,NaN,NaN,NaN,NaN,NaN,NaN,NaN,NaN,NaN,NaN,NaN,NaN,NaN,NaN,NaN,NaN,NaN,NaN,NaN,NaN,NaN,-0.209922389887265,-0.252809131346496,-0.256963496199212,NaN,NaN,NaN,NaN,NaN,NaN,NaN,NaN,NaN,NaN,NaN,-0.173366728221438,-0.170404723666056,-0.192341873004209,-0.218726577628192,-0.218083676689536,-0.217395398588104,-0.216860858493263,-0.173440586825334,-0.144131474312621,-0.16426824409443,-0.199099846075908,-0.211598491199905,-0.205396370140144,-0.207454014284837,-0.206646372683678,-0.209349791227709,-0.205540790662863,-0.201935052647513,-0.204831965055976,-0.192561669497681,-0.173522231378414,-0.166794045103891,-0.172093762036493,-0.17897501677077,NaN,NaN,NaN,NaN,NaN,NaN,NaN,NaN,NaN,-0.119301061106476,-0.134650717172319,-0.148793095099021,-0.158544816188451,-0.160940795401397,-0.162515601544837,-0.16636223718113,-0.166612862613141,-0.164358435939624,NaN,NaN,NaN,NaN,NaN,NaN,-0.122382331451608,-0.122490142754005,-0.122518164560902,-0.122621496499337,-0.122755737423756,-0.123320302361699,-0.122878165719054,-0.12167474712158,-0.120887356867872,-0.120540570180518,-0.119749373224236,-0.118927254800164,-0.118072015616713,-0.117161138568753,-0.116387596567793,-0.115737633163843,-0.115371548838785,NaN,NaN,NaN,NaN,NaN,NaN,NaN,NaN,NaN,NaN,NaN,NaN,NaN,NaN,NaN,NaN,NaN,NaN,NaN,NaN,NaN,NaN,NaN,NaN,NaN,0.0119178665689067,0.0118227754449195,0.0113249263388093,0.0369925860578741,0.0535525101783882,0.064269541342618,0.0806259747394672,0.103707645456019,0.119846367138061,0.129472447243808,0.138169686730086,0.144999602150304,0.148036828593578,0.155974474805986,0.159006472104851,0.161958988968946,0.164352723958388,0.168154900645943,0.173370944672956,0.180399595133866,NaN,NaN,NaN,NaN,NaN,NaN,NaN,NaN,NaN,NaN,NaN,NaN,NaN,NaN,NaN,NaN,NaN,NaN,NaN,NaN,NaN,NaN,NaN,NaN,NaN,NaN,NaN,NaN,NaN,NaN,NaN,NaN,NaN,NaN,NaN,NaN,NaN,NaN,NaN,NaN,NaN,NaN,NaN,NaN,NaN,NaN,NaN,NaN,NaN,NaN,NaN,NaN,NaN,NaN,NaN,NaN,NaN,NaN,NaN,NaN,NaN,NaN,NaN,NaN,NaN,NaN,NaN,NaN,NaN,NaN,NaN,NaN,NaN,NaN,NaN,NaN,NaN,NaN,NaN,NaN,NaN,NaN,NaN,NaN,NaN,NaN,NaN
NaN,NaN,NaN,NaN,NaN,NaN,NaN,NaN,NaN,NaN,NaN,NaN,NaN,NaN,NaN,NaN,NaN,NaN,NaN,NaN,NaN,NaN,NaN,NaN,NaN,NaN,NaN,NaN,NaN,NaN,NaN,NaN,NaN,NaN,NaN,-0.256407145302092,-0.246335206027825,NaN,NaN,NaN,NaN,NaN,NaN,NaN,NaN,NaN,NaN,NaN,-0.141403348518926,-0.139336757837411,-0.155199737901109,NaN,NaN,-0.174786903312748,-0.174714448466807,NaN,NaN,NaN,NaN,NaN,-0.212012571190474,-0.211553587940443,-0.210935010525374,-0.210329743386693,-0.204316794405085,-0.205827144143933,-0.207354220464013,NaN,-0.175300422492807,-0.143726025731434,NaN,NaN,NaN,NaN,NaN,NaN,NaN,NaN,NaN,NaN,NaN,NaN,NaN,-0.124751841503954,-0.134583529847678,-0.152930233616617,-0.157796807117729,-0.161393097551231,-0.166719744475217,-0.169512735179069,-0.172199601596305,-0.163274905035053,-0.135123517250689,-0.135680199660127,NaN,NaN,-0.121516843152225,-0.122316252562162,-0.122326338484647,-0.122217703081089,-0.122096751819115,-0.121869394951695,-0.120829444900616,-0.119913759986597,-0.119515790714914,-0.119014484267745,-0.118184924814565,-0.117311976194173,-0.116560778551245,-0.115783547512613,-0.114877181443546,-0.11407889347293,-0.113643296118041,NaN,NaN,NaN,NaN,NaN,NaN,NaN,NaN,NaN,NaN,NaN,NaN,NaN,NaN,NaN,NaN,NaN,NaN,NaN,NaN,NaN,NaN,NaN,NaN,NaN,0.0118042715237158,0.0118009791660325,0.012826170046941,0.0204475584364791,0.0366873330394636,0.0515903401171515,0.0760646465134796,0.101468450383311,0.126254317042557,0.138144184681567,0.1460837920485,0.15206517436311,0.153850473669005,0.155794065166394,0.15945210543982,0.161702680377613,0.163543846578714,0.165432318182329,0.167011833188106,NaN,NaN,NaN,NaN,NaN,NaN,NaN,NaN,NaN,NaN,NaN,NaN,NaN,NaN,NaN,NaN,NaN,NaN,NaN,NaN,NaN,NaN,NaN,NaN,NaN,NaN,NaN,NaN,NaN,NaN,NaN,NaN,NaN,NaN,NaN,NaN,NaN,NaN,NaN,NaN,NaN,NaN,NaN,NaN,NaN,NaN,NaN,NaN,NaN,NaN,NaN,NaN,NaN,NaN,NaN,NaN,NaN,NaN,NaN,NaN,NaN,NaN,NaN,NaN,NaN,NaN,NaN,NaN,NaN,NaN,NaN,NaN,NaN,NaN,NaN,NaN,NaN,NaN,NaN,NaN,NaN,NaN,NaN,NaN,NaN,NaN,NaN,NaN
NaN,NaN,NaN,NaN,NaN,NaN,NaN,NaN,NaN,NaN,NaN,NaN,NaN,NaN,NaN,NaN,NaN,NaN,NaN,NaN,NaN,NaN,NaN,NaN,NaN,NaN,NaN,NaN,NaN,NaN,NaN,NaN,NaN,NaN,NaN,-0.262532434278858,NaN,NaN,NaN,NaN,NaN,NaN,NaN,NaN,NaN,NaN,NaN,-0.107100419128583,-0.120601192870651,-0.118903959158118,-0.129274444260823,NaN,NaN,NaN,NaN,NaN,NaN,NaN,NaN,NaN,-0.196113739243986,-0.211452516738397,-0.211011722273973,-0.210459586482878,-0.209844295360494,-0.208690517526705,-0.207904941599952,-0.19099394358888,-0.155043225489743,NaN,NaN,NaN,NaN,NaN,NaN,NaN,NaN,NaN,NaN,NaN,NaN,NaN,NaN,NaN,NaN,-0.128281414608932,-0.133381494811634,-0.15925583312828,-0.164581760771836,-0.169275181014129,-0.17140823078298,-0.163492256196253,-0.165434283355419,-0.165969528562478,NaN,NaN,-0.107032923128365,-0.117324591331265,-0.122073648025898,-0.121858114316279,-0.12135364645394,-0.120496667126691,-0.119262381641251,-0.11841491715714,-0.117949045693447,-0.117122319788911,-0.116298320391167,-0.115575166108785,-0.114971537336734,-0.114223627153135,-0.113308216129699,-0.112272033770563,-0.111569765312262,NaN,NaN,NaN,NaN,NaN,NaN,NaN,NaN,NaN,NaN,NaN,NaN,NaN,NaN,NaN,NaN,NaN,NaN,NaN,NaN,NaN,NaN,NaN,NaN,NaN,0.00771183632278898,0.00743534688082475,0.0106151951239375,0.0108440141652819,0.0200046014437981,0.0355431162437164,0.0610474789691492,0.0972045514790989,0.13173585675265,0.147352837960588,0.154769825446899,0.157625656966396,0.15878187324462,0.159635826900904,0.160763789973937,0.1620568571001,0.163180325160881,0.164212234581714,0.164807036647883,NaN,NaN,NaN,NaN,NaN,NaN,NaN,NaN,NaN,NaN,NaN,NaN,NaN,NaN,NaN,NaN,NaN,NaN,NaN,NaN,NaN,NaN,NaN,NaN,NaN,NaN,NaN,NaN,NaN,NaN,NaN,NaN,NaN,NaN,NaN,NaN,NaN,NaN,NaN,NaN,NaN,NaN,NaN,NaN,NaN,NaN,NaN,NaN,NaN,NaN,NaN,NaN,NaN,NaN,NaN,NaN,NaN,NaN,NaN,NaN,NaN,NaN,NaN,NaN,NaN,NaN,NaN,NaN,NaN,NaN,NaN,NaN,NaN,NaN,NaN,NaN,NaN,NaN,NaN,NaN,NaN,NaN,NaN,NaN,NaN,NaN,NaN,NaN
NaN,NaN,NaN,NaN,NaN,NaN,NaN,NaN,NaN,NaN,NaN,NaN,NaN,NaN,NaN,NaN,NaN,NaN,NaN,NaN,NaN,NaN,NaN,NaN,NaN,NaN,NaN,NaN,NaN,NaN,NaN,NaN,NaN,NaN,NaN,-0.269293029278619,-0.235020739754017,NaN,NaN,NaN,NaN,NaN,NaN,NaN,NaN,NaN,NaN,-0.0977446044188067,-0.107067696830037,NaN,NaN,NaN,NaN,NaN,NaN,NaN,NaN,NaN,NaN,NaN,-0.160376043934375,-0.191743859694253,-0.195505714454789,-0.195021365720803,-0.210243306860862,NaN,NaN,NaN,NaN,NaN,NaN,NaN,NaN,NaN,NaN,NaN,NaN,NaN,NaN,NaN,NaN,NaN,NaN,NaN,NaN,NaN,-0.127793325810115,-0.156043188096965,-0.159570231703224,-0.169110050023047,-0.167349858130916,-0.162514468315162,-0.1660183701802,-0.166076423544574,NaN,NaN,-0.0899703994503908,-0.0995358064246415,-0.116936260564133,-0.121285022045135,-0.120507916059417,-0.119229564099604,-0.117886440603259,-0.116870423935875,-0.116059459057747,-0.115281323423888,-0.114450890593153,-0.113570756588269,-0.112885592895184,-0.112247426868876,-0.111343390166014,-0.109873462581563,-0.107064604800633,-0.103322625498932,NaN,NaN,NaN,NaN,NaN,NaN,NaN,NaN,NaN,NaN,NaN,NaN,NaN,NaN,NaN,NaN,NaN,NaN,NaN,NaN,NaN,NaN,-0.0314378972280954,-0.0311347235054389,-0.0193892531271934,-0.013088189439885,-0.00339765222476137,0.00285928941388914,0.00875457532497766,0.0255464010853556,0.0540423325105018,0.079975674981825,0.136424686292061,0.154740442056319,0.160735310929248,0.161606998051087,0.160543348698289,0.160806476562937,0.161352559209675,0.162018649717406,0.162903152743745,0.163601337007933,0.164096146117476,NaN,NaN,NaN,NaN,NaN,NaN,NaN,NaN,NaN,NaN,NaN,NaN,NaN,NaN,NaN,NaN,NaN,NaN,NaN,NaN,NaN,NaN,NaN,NaN,NaN,NaN,NaN,NaN,NaN,NaN,NaN,NaN,NaN,NaN,NaN,NaN,NaN,NaN,NaN,NaN,NaN,NaN,NaN,NaN,NaN,NaN,NaN,NaN,NaN,NaN,NaN,NaN,NaN,NaN,NaN,NaN,NaN,NaN,NaN,NaN,NaN,NaN,NaN,NaN,NaN,NaN,NaN,NaN,NaN,NaN,NaN,NaN,NaN,NaN,NaN,NaN,NaN,NaN,NaN,NaN,NaN,NaN,NaN,NaN,NaN,NaN,NaN,NaN
NaN,NaN,NaN,NaN,NaN,NaN,NaN,NaN,NaN,NaN,NaN,NaN,NaN,NaN,NaN,NaN,NaN,NaN,NaN,NaN,NaN,NaN,NaN,NaN,NaN,NaN,NaN,NaN,NaN,NaN,NaN,NaN,NaN,NaN,NaN,-0.237225666361158,-0.237164446375188,NaN,NaN,NaN,NaN,NaN,NaN,NaN,NaN,NaN,NaN,NaN,NaN,NaN,NaN,NaN,NaN,NaN,NaN,NaN,NaN,NaN,NaN,NaN,NaN,NaN,NaN,NaN,NaN,NaN,NaN,NaN,NaN,NaN,NaN,NaN,NaN,NaN,NaN,NaN,NaN,NaN,NaN,NaN,NaN,NaN,NaN,NaN,NaN,NaN,NaN,NaN,-0.1652095939752,-0.162683702507905,-0.161804669210596,-0.166106093475007,-0.166177890885029,-0.16617237462505,NaN,-0.0688908994912536,-0.0775377908680907,-0.0841209250030585,-0.0989379621786129,-0.111155586593223,-0.118965448578664,-0.117687852356576,-0.116371897446721,-0.11521040692866,-0.114215083288049,-0.113409022685569,-0.112342443599074,-0.111479821930444,-0.110955894519131,-0.110212432254489,-0.10923917269182,-0.107421206799403,-0.104530858392108,-0.101860585943058,-0.100353435482032,NaN,NaN,NaN,NaN,NaN,NaN,NaN,NaN,NaN,NaN,NaN,NaN,NaN,NaN,-0.03474781756309,-0.0387055339703487,-0.0420917230566284,-0.0431016726233149,-0.0426272065252901,-0.0419769350867475,-0.0402676578834064,-0.0353677830504921,-0.0322269159683064,-0.0305621849773949,-0.025102330049019,-0.0186436652928687,-0.00902424953809019,0.00135392992450891,0.0188250349544177,NaN,NaN,0.156286539855032,0.161700974379965,0.162941637300543,0.162386475795505,0.161384523834678,0.160992106790007,0.161307843305495,0.162024785082362,0.162613995572547,0.163018296762156,0.163125041445982,NaN,NaN,NaN,NaN,NaN,NaN,NaN,NaN,NaN,NaN,NaN,NaN,NaN,NaN,NaN,NaN,NaN,NaN,NaN,NaN,NaN,NaN,NaN,NaN,NaN,NaN,NaN,NaN,NaN,NaN,NaN,NaN,NaN,NaN,NaN,NaN,NaN,NaN,NaN,NaN,NaN,NaN,NaN,NaN,NaN,NaN,NaN,NaN,NaN,NaN,NaN,NaN,NaN,NaN,NaN,NaN,NaN,NaN,NaN,NaN,NaN,NaN,NaN,NaN,NaN,NaN,NaN,NaN,NaN,NaN,NaN,NaN,NaN,NaN,NaN,NaN,NaN,NaN,NaN,NaN,NaN,NaN,NaN,NaN,NaN,NaN,NaN,NaN
NaN,NaN,NaN,NaN,NaN,NaN,NaN,NaN,NaN,NaN,NaN,NaN,NaN,NaN,NaN,NaN,NaN,NaN,NaN,NaN,NaN,NaN,NaN,NaN,NaN,NaN,NaN,NaN,NaN,NaN,NaN,NaN,NaN,NaN,NaN,-0.242523263265359,-0.228535057960314,NaN,NaN,NaN,NaN,NaN,NaN,NaN,NaN,NaN,NaN,NaN,NaN,NaN,NaN,NaN,NaN,NaN,NaN,NaN,NaN,NaN,NaN,NaN,NaN,NaN,NaN,NaN,NaN,NaN,NaN,NaN,NaN,NaN,NaN,NaN,NaN,NaN,NaN,NaN,NaN,NaN,NaN,NaN,NaN,NaN,NaN,NaN,NaN,NaN,NaN,NaN,-0.166310759868791,-0.155821705361646,-0.166399985234344,-0.16634745609171,-0.166290347244641,NaN,NaN,-0.0628987815566052,-0.0690645957002765,NaN,NaN,-0.0987052799158508,-0.114134843555326,-0.116213333538051,-0.114900978386334,-0.113533934710341,-0.11239127938824,-0.111390635436538,-0.110471246626806,-0.109686298967107,-0.108800617603122,-0.107920393858761,-0.10693098883719,-0.10557317126381,-0.102768685143028,-0.100629100661778,-0.0993578622520885,-0.0984459265044979,NaN,NaN,NaN,NaN,NaN,NaN,NaN,NaN,NaN,NaN,NaN,-0.0435060808110443,-0.043405285037387,-0.0424960805034311,-0.0434231181184243,-0.0433106147590943,-0.0430645466877811,-0.0426997152301115,-0.0421630637216747,-0.0404922507280056,-0.0376225270433409,-0.031620574380777,-0.030232398695505,-0.0310949566486882,-0.025576237529401,-0.0186746305285942,-0.0119603753346139,NaN,NaN,NaN,NaN,0.163754272052762,0.162928540530878,0.161675227832937,0.160927366440862,0.16082643285259,0.16125938450868,0.161781926042356,0.162164948192082,0.162255237020948,0.158892477210695,NaN,NaN,NaN,NaN,NaN,NaN,NaN,NaN,NaN,NaN,NaN,NaN,NaN,NaN,NaN,NaN,NaN,NaN,NaN,NaN,NaN,NaN,NaN,NaN,NaN,NaN,NaN,NaN,NaN,NaN,NaN,NaN,NaN,NaN,NaN,NaN,NaN,NaN,NaN,NaN,NaN,NaN,NaN,NaN,NaN,NaN,NaN,NaN,NaN,NaN,NaN,NaN,NaN,NaN,NaN,NaN,NaN,NaN,NaN,NaN,NaN,NaN,NaN,NaN,NaN,NaN,NaN,NaN,NaN,NaN,NaN,NaN,NaN,NaN,NaN,NaN,NaN,NaN,NaN,NaN,NaN,NaN,NaN,NaN,NaN,NaN,NaN,NaN
NaN,NaN,NaN,NaN,NaN,NaN,NaN,NaN,NaN,NaN,NaN,NaN,NaN,NaN,NaN,NaN,NaN,NaN,NaN,NaN,NaN,NaN,NaN,NaN,NaN,NaN,NaN,NaN,NaN,NaN,NaN,NaN,NaN,NaN,NaN,-0.244829898961456,NaN,NaN,NaN,NaN,NaN,NaN,NaN,NaN,NaN,NaN,NaN,NaN,NaN,NaN,NaN,NaN,NaN,NaN,NaN,NaN,NaN,NaN,NaN,NaN,NaN,NaN,NaN,NaN,NaN,NaN,NaN,NaN,NaN,NaN,NaN,NaN,NaN,NaN,NaN,NaN,NaN,NaN,NaN,NaN,NaN,NaN,NaN,NaN,NaN,NaN,NaN,NaN,-0.166793071330493,-0.166653402223741,-0.166606383911866,NaN,NaN,NaN,NaN,-0.058922685538488,-0.0631674769317248,NaN,NaN,NaN,-0.0997410343082456,-0.113452900873307,-0.113203299475078,-0.111993006313272,-0.110670763245076,-0.109546601581719,-0.108482472906073,-0.107425055216672,-0.106557890150358,-0.105902942423535,-0.104978664687611,-0.103384855601537,-0.100958544734242,-0.0994605363628677,-0.0985904734641428,-0.098390479696353,NaN,NaN,NaN,NaN,NaN,NaN,NaN,NaN,NaN,NaN,NaN,-0.0389888261892688,-0.0431889964685256,-0.0430306262631526,-0.0432466623615106,-0.0432808755893804,-0.0431736310696316,-0.0428330280408249,-0.0422311955922669,-0.0413820777209122,-0.0422247726389739,-0.0361487888615644,-0.0322965078004975,-0.0327329479390758,-0.0314693340094198,-0.0289351966608045,-0.0271903587811751,NaN,NaN,NaN,NaN,0.16196613650989,0.161079975585277,0.160130233650005,0.159761372050602,0.159888396121977,0.160271659131722,0.160796626279807,0.161063949490105,0.160872310800963,0.160602233974605,NaN,NaN,NaN,NaN,NaN,NaN,NaN,NaN,NaN,NaN,NaN,NaN,NaN,NaN,NaN,NaN,NaN,NaN,NaN,NaN,NaN,NaN,NaN,NaN,NaN,NaN,NaN,NaN,NaN,NaN,NaN,NaN,NaN,NaN,NaN,NaN,NaN,NaN,NaN,NaN,NaN,NaN,NaN,NaN,NaN,NaN,NaN,NaN,NaN,NaN,NaN,NaN,NaN,NaN,NaN,NaN,NaN,NaN,NaN,NaN,NaN,NaN,NaN,NaN,NaN,NaN,NaN,NaN,NaN,NaN,NaN,NaN,NaN,NaN,NaN,NaN,NaN,NaN,NaN,NaN,NaN,NaN,NaN,NaN,NaN,NaN,NaN,NaN
NaN,NaN,NaN,NaN,NaN,NaN,NaN,NaN,NaN,NaN,NaN,NaN,NaN,NaN,NaN,NaN,NaN,NaN,NaN,NaN,NaN,NaN,NaN,NaN,NaN,NaN,NaN,NaN,NaN,NaN,NaN,NaN,NaN,NaN,NaN,-0.245566985030986,NaN,NaN,NaN,NaN,NaN,NaN,NaN,NaN,NaN,NaN,NaN,NaN,NaN,NaN,NaN,NaN,NaN,NaN,NaN,NaN,NaN,NaN,NaN,NaN,NaN,NaN,NaN,NaN,NaN,NaN,NaN,NaN,NaN,NaN,NaN,NaN,NaN,NaN,NaN,NaN,NaN,NaN,NaN,NaN,NaN,NaN,NaN,NaN,NaN,NaN,NaN,NaN,-0.148191970315621,NaN,NaN,NaN,NaN,NaN,NaN,NaN,NaN,NaN,NaN,NaN,-0.0894506724998262,-0.105979576108413,-0.111562124841657,-0.11022375942729,-0.10915522959893,-0.107741622207958,-0.106479900159517,-0.105449185544809,-0.104578476540755,-0.103809339973815,-0.103001693254119,-0.101377802337685,-0.0997084127292544,-0.0986957182076952,-0.0977818145547948,-0.0969298222650572,-0.0957164316770198,NaN,NaN,NaN,NaN,NaN,NaN,NaN,NaN,NaN,NaN,-0.0338397418263129,-0.041711967625861,-0.0428102104285961,-0.0430867675311775,-0.0433163869073695,-0.0432617281729341,-0.0428188171818446,-0.0421014352653774,-0.0414655777648107,-0.0426416415020872,-0.0423602453908193,-0.0373495194486251,-0.0354719475625351,-0.0340156095409323,-0.0327386189653252,-0.0318936465322457,NaN,NaN,NaN,NaN,0.15941655955573,0.15890224174107,0.158312148233302,0.158211543579858,0.158420450770597,0.159231492914935,0.159889282085214,0.159869265638884,0.159453755159543,0.159325717688447,NaN,NaN,NaN,NaN,NaN,NaN,NaN,NaN,NaN,NaN,NaN,NaN,NaN,NaN,NaN,NaN,NaN,NaN,NaN,NaN,NaN,NaN,NaN,NaN,NaN,NaN,NaN,NaN,NaN,NaN,NaN,NaN,NaN,NaN,NaN,NaN,NaN,NaN,NaN,NaN,NaN,NaN,NaN,NaN,NaN,NaN,NaN,NaN,NaN,NaN,NaN,NaN,NaN,NaN,NaN,NaN,NaN,NaN,NaN,NaN,NaN,NaN,NaN,NaN,NaN,NaN,NaN,NaN,NaN,NaN,NaN,NaN,NaN,NaN,NaN,NaN,NaN,NaN,NaN,NaN,NaN,NaN,NaN,NaN,NaN,NaN,NaN,NaN
NaN,NaN,NaN,NaN,NaN,NaN,NaN,NaN,NaN,NaN,NaN,NaN,NaN,NaN,NaN,NaN,NaN,NaN,NaN,NaN,NaN,NaN,NaN,NaN,NaN,NaN,NaN,NaN,NaN,NaN,NaN,NaN,NaN,NaN,-0.24808371437615,-0.246681969088236,NaN,NaN,NaN,NaN,NaN,NaN,NaN,NaN,NaN,NaN,NaN,NaN,NaN,NaN,NaN,NaN,NaN,NaN,NaN,NaN,NaN,NaN,NaN,NaN,NaN,NaN,NaN,NaN,NaN,NaN,NaN,NaN,NaN,NaN,NaN,NaN,NaN,NaN,NaN,NaN,NaN,NaN,NaN,NaN,NaN,NaN,NaN,NaN,NaN,NaN,NaN,NaN,-0.123021034281186,NaN,NaN,NaN,NaN,NaN,NaN,NaN,NaN,NaN,NaN,NaN,-0.0919603685748641,-0.107922200898113,-0.108876314446238,-0.10813718156048,-0.106889809837199,-0.105974181366731,-0.104604795078396,-0.10354699660037,-0.102728457061781,-0.102011463778766,-0.101209121032904,-0.0999884180593901,-0.098908401937927,-0.0980092005283002,-0.0971637775531103,-0.096155740339787,-0.0950517781858669,-0.0943695253259283,NaN,NaN,NaN,NaN,NaN,NaN,NaN,NaN,NaN,-0.0345924014761147,-0.041632135303374,-0.0423243660549052,-0.0427586736358948,-0.0431997385045174,-0.0430852525400031,-0.0424570684942688,-0.0418841344036001,-0.0410059617132153,-0.0399140480818123,-0.0395140661063516,-0.0376632098920793,-0.035727511328049,-0.034507091210921,-0.0335712012750412,-0.0330182069284537,NaN,NaN,NaN,NaN,0.157757474972146,0.157431226360353,0.157115965773039,0.1569761260893,0.157193984172676,0.158075387828884,0.158384212486573,0.158026091321342,0.157402718941781,0.151735305681726,NaN,NaN,NaN,NaN,NaN,NaN,NaN,NaN,NaN,NaN,NaN,NaN,NaN,NaN,NaN,NaN,NaN,NaN,NaN,NaN,NaN,NaN,NaN,NaN,NaN,NaN,NaN,NaN,NaN,NaN,NaN,NaN,NaN,NaN,NaN,NaN,NaN,NaN,NaN,NaN,NaN,NaN,NaN,NaN,NaN,NaN,NaN,NaN,NaN,NaN,NaN,NaN,NaN,NaN,NaN,NaN,NaN,NaN,NaN,NaN,NaN,NaN,NaN,NaN,NaN,NaN,NaN,NaN,NaN,NaN,NaN,NaN,NaN,NaN,NaN,NaN,NaN,NaN,NaN,NaN,NaN,NaN,NaN,NaN,NaN,NaN,NaN,NaN
NaN,NaN,NaN,NaN,NaN,NaN,NaN,NaN,NaN,NaN,NaN,NaN,NaN,NaN,NaN,NaN,NaN,NaN,NaN,NaN,NaN,NaN,NaN,NaN,NaN,NaN,NaN,NaN,NaN,NaN,NaN,NaN,NaN,NaN,-0.248254828049685,-0.247132234064605,NaN,NaN,NaN,NaN,NaN,NaN,NaN,NaN,NaN,NaN,NaN,NaN,NaN,NaN,NaN,NaN,NaN,NaN,NaN,NaN,NaN,NaN,NaN,NaN,NaN,NaN,NaN,NaN,NaN,NaN,NaN,NaN,NaN,NaN,NaN,NaN,NaN,NaN,NaN,NaN,NaN,NaN,NaN,NaN,NaN,NaN,NaN,NaN,NaN,NaN,NaN,-0.0953472531906144,-0.106027686907532,NaN,NaN,NaN,NaN,NaN,NaN,NaN,NaN,NaN,NaN,NaN,-0.0769388004553027,-0.0901743415141781,-0.105294064809567,-0.105536102615271,-0.104760677858898,-0.104343609299766,-0.10299585453523,-0.101909371417044,-0.101054926774525,-0.100433050533235,-0.0997644858259368,-0.0987161475844953,-0.0979048219046364,-0.0972853980879981,-0.0964509568934993,-0.0954770420033938,-0.0944960347344381,-0.0938560040809509,-0.0934744095882841,NaN,NaN,NaN,NaN,NaN,NaN,NaN,NaN,-0.0401187583606927,-0.0413358822127513,-0.0416087941734455,-0.0422052720743727,-0.0428551952083855,-0.0427349505496597,-0.0422726890658569,-0.041831050578789,-0.0408486061687678,-0.0405530869837472,-0.0389424893029966,-0.0376027424112772,-0.0360908065773883,-0.0350417976949239,-0.034237433661868,-0.0337906795654819,NaN,NaN,NaN,NaN,0.156594911583956,0.156249375331374,0.155931090030214,0.155742788979469,0.155658165392616,0.155928142502958,0.156021784970567,0.15566176458875,0.154906196474374,0.153871618187025,0.147725804063641,NaN,NaN,NaN,NaN,NaN,NaN,NaN,NaN,NaN,NaN,NaN,NaN,NaN,NaN,NaN,NaN,NaN,NaN,NaN,NaN,NaN,NaN,NaN,NaN,NaN,NaN,NaN,NaN,NaN,NaN,NaN,NaN,NaN,NaN,NaN,NaN,NaN,NaN,NaN,NaN,NaN,NaN,NaN,NaN,NaN,NaN,NaN,NaN,NaN,NaN,NaN,NaN,NaN,NaN,NaN,NaN,NaN,NaN,NaN,NaN,NaN,NaN,NaN,NaN,NaN,NaN,NaN,NaN,NaN,NaN,NaN,NaN,NaN,NaN,NaN,NaN,NaN,NaN,NaN,NaN,NaN,NaN,NaN,NaN,NaN,NaN,NaN
NaN,NaN,NaN,NaN,NaN,NaN,NaN,NaN,NaN,NaN,NaN,NaN,NaN,NaN,NaN,NaN,NaN,NaN,NaN,NaN,NaN,NaN,NaN,NaN,NaN,NaN,NaN,NaN,NaN,NaN,NaN,NaN,NaN,NaN,-0.248889677065838,NaN,NaN,NaN,NaN,NaN,NaN,NaN,NaN,NaN,NaN,NaN,NaN,NaN,NaN,NaN,NaN,NaN,NaN,NaN,NaN,NaN,NaN,NaN,NaN,NaN,NaN,NaN,NaN,NaN,NaN,NaN,NaN,NaN,NaN,NaN,NaN,NaN,NaN,NaN,NaN,NaN,NaN,NaN,NaN,NaN,NaN,NaN,NaN,NaN,NaN,NaN,NaN,-0.0889662902553922,NaN,NaN,NaN,NaN,NaN,NaN,NaN,NaN,NaN,NaN,NaN,NaN,NaN,-0.0881665418120532,-0.103662795767895,-0.103948207810588,-0.104188882900532,-0.102628744194418,-0.101723401013346,-0.10055800032927,-0.0997048185350543,-0.0989020953686141,-0.0982584978750521,-0.0975377402503769,-0.0970391185880193,-0.096410737406858,-0.0956393866099657,-0.0947456748924013,-0.0939327548580409,-0.0934900942731822,-0.0933062396979344,-0.0930898184321525,NaN,NaN,NaN,NaN,NaN,NaN,NaN,-0.0409967242801847,-0.0408401986611788,-0.0408947557967542,-0.0415242290627334,-0.0423394142646506,-0.0423045590950737,-0.0420445242609402,-0.0423737194927738,-0.0418137521370338,-0.0407735485793296,-0.0393764847139472,-0.0377147499158407,-0.0368245373426122,-0.035916477853675,-0.035057983685028,-0.0340730637800346,NaN,NaN,NaN,0.153658632673231,0.154762196080078,0.154842015364323,0.154569992792494,0.15430164013191,0.154013915129562,0.15391744450581,0.154086020224145,0.153824338899822,0.153236060841892,0.152432500409746,0.151607518918462,NaN,NaN,NaN,NaN,NaN,NaN,NaN,NaN,NaN,NaN,NaN,NaN,NaN,NaN,NaN,NaN,NaN,NaN,NaN,NaN,NaN,NaN,NaN,NaN,NaN,NaN,NaN,NaN,NaN,NaN,NaN,NaN,NaN,NaN,NaN,NaN,NaN,NaN,NaN,NaN,NaN,NaN,NaN,NaN,NaN,NaN,NaN,NaN,NaN,NaN,NaN,NaN,NaN,NaN,NaN,NaN,NaN,NaN,NaN,NaN,NaN,NaN,NaN,NaN,NaN,NaN,NaN,NaN,NaN,NaN,NaN,NaN,NaN,NaN,NaN,NaN,NaN,NaN,NaN,NaN,NaN,NaN,NaN,NaN,NaN,NaN,NaN
NaN,NaN,NaN,NaN,NaN,NaN,NaN,NaN,NaN,NaN,NaN,NaN,NaN,NaN,NaN,NaN,NaN,NaN,NaN,NaN,NaN,NaN,NaN,NaN,NaN,NaN,NaN,NaN,NaN,NaN,NaN,NaN,NaN,NaN,-0.24916119842773,NaN,NaN,NaN,NaN,NaN,NaN,NaN,NaN,NaN,NaN,NaN,NaN,NaN,NaN,NaN,NaN,NaN,NaN,NaN,NaN,NaN,NaN,NaN,NaN,NaN,NaN,NaN,NaN,NaN,NaN,NaN,NaN,NaN,NaN,NaN,NaN,NaN,NaN,NaN,NaN,NaN,NaN,NaN,NaN,NaN,NaN,NaN,NaN,NaN,NaN,NaN,-0.081380018824487,-0.0849602302848516,NaN,NaN,NaN,NaN,NaN,NaN,NaN,NaN,NaN,NaN,NaN,NaN,NaN,-0.0831726152210986,-0.098894829512798,-0.101943902994663,-0.102334030662237,-0.10132816651384,-0.100202921162673,-0.0994705854528495,-0.098488861153366,-0.0976601481510583,-0.0969165280368485,-0.0963559636753979,-0.0959779187305757,-0.0956456981214933,-0.0949365551890636,-0.0940443282259589,-0.0934221138625602,-0.0931378625040171,-0.0930544678136712,-0.0928908119491317,-0.0926386000060476,NaN,NaN,NaN,NaN,NaN,NaN,NaN,-0.0406247636038411,-0.040468341540521,-0.0409330194405433,-0.041556379462598,-0.0418362887368129,-0.0417786776685995,-0.0422708615044649,-0.0428813892654475,-0.0410055172861368,-0.0397428989662735,-0.0385269327120206,-0.0375939856233535,-0.0368656498791588,-0.036324646325553,NaN,NaN,NaN,NaN,0.15208919694123,0.153099616889732,0.153163923012813,0.152844836613842,0.152515170054723,0.152315754346343,0.152189324761107,0.152540016244285,0.152428404644784,0.151894552052543,0.15107354155758,0.150519912887568,0.145353163768795,NaN,NaN,NaN,NaN,NaN,NaN,NaN,NaN,NaN,NaN,NaN,NaN,NaN,NaN,NaN,NaN,NaN,NaN,NaN,NaN,NaN,NaN,NaN,NaN,NaN,NaN,NaN,NaN,NaN,NaN,NaN,NaN,NaN,NaN,NaN,NaN,NaN,NaN,NaN,NaN,NaN,NaN,NaN,NaN,NaN,NaN,NaN,NaN,NaN,NaN,NaN,NaN,NaN,NaN,NaN,NaN,NaN,NaN,NaN,NaN,NaN,NaN,NaN,NaN,NaN,NaN,NaN,NaN,NaN,NaN,NaN,NaN,NaN,NaN,NaN,NaN,NaN,NaN,NaN,NaN,NaN,NaN,NaN,NaN,NaN,NaN
NaN,NaN,NaN,NaN,NaN,NaN,NaN,NaN,NaN,NaN,NaN,NaN,NaN,NaN,NaN,NaN,NaN,NaN,NaN,NaN,NaN,NaN,NaN,NaN,NaN,NaN,NaN,NaN,NaN,NaN,NaN,NaN,NaN,NaN,-0.24947186983903,NaN,NaN,NaN,NaN,NaN,NaN,NaN,NaN,NaN,NaN,NaN,NaN,NaN,NaN,NaN,NaN,NaN,NaN,NaN,NaN,NaN,NaN,NaN,NaN,NaN,NaN,NaN,NaN,NaN,NaN,NaN,NaN,NaN,NaN,NaN,NaN,NaN,NaN,NaN,NaN,NaN,NaN,NaN,NaN,NaN,NaN,NaN,NaN,NaN,NaN,NaN,-0.0784566976932671,-0.0813201420334475,NaN,NaN,NaN,NaN,NaN,NaN,NaN,NaN,NaN,NaN,NaN,NaN,NaN,-0.0743265920610957,-0.0874621498630572,-0.101217713292012,-0.101444190649448,-0.100422921457236,-0.0993057340626519,-0.0982224947945402,-0.0973562603164466,-0.0964071203651105,-0.0955689876421593,-0.0949426493214869,-0.0946618335768449,-0.0946258235735254,-0.0944977050693213,-0.0938813521774866,-0.0929549716712077,-0.0925424865596182,-0.0923690899637157,-0.0925172499555805,-0.0927088642228644,-0.092720485170913,NaN,NaN,NaN,NaN,NaN,NaN,NaN,-0.0397486527918873,-0.0403240950545879,-0.0406664571164496,-0.0409983695779104,-0.0407818107570925,-0.0411683016274694,-0.0419816134548938,-0.0412487383899016,-0.0398334043216084,-0.0388933284538569,-0.038076622498722,-0.0374362589483188,-0.0370957874727607,NaN,NaN,NaN,0.145070616536582,0.150544722625154,0.151110402662204,0.151169833752683,0.150918177951798,0.150809814042394,0.150750461593073,0.150581259238469,0.15095051779588,0.150866325182579,0.150417233053507,0.149859261072929,0.149576114025806,0.144852090859645,NaN,NaN,NaN,NaN,NaN,NaN,NaN,NaN,NaN,NaN,NaN,NaN,NaN,NaN,NaN,NaN,NaN,NaN,NaN,NaN,NaN,NaN,NaN,NaN,NaN,NaN,NaN,NaN,NaN,NaN,NaN,NaN,NaN,NaN,NaN,NaN,NaN,NaN,NaN,NaN,NaN,NaN,NaN,NaN,NaN,NaN,NaN,NaN,NaN,NaN,NaN,NaN,NaN,NaN,NaN,NaN,NaN,NaN,NaN,NaN,NaN,NaN,NaN,NaN,NaN,NaN,NaN,NaN,NaN,NaN,NaN,NaN,NaN,NaN,NaN,NaN,NaN,NaN,NaN,NaN,NaN,NaN,NaN,NaN,NaN,NaN
NaN,NaN,NaN,NaN,NaN,NaN,NaN,NaN,NaN,NaN,NaN,NaN,NaN,NaN,NaN,NaN,NaN,NaN,NaN,NaN,NaN,NaN,NaN,NaN,NaN,NaN,NaN,NaN,NaN,NaN,NaN,NaN,NaN,NaN,-0.249883895007382,NaN,NaN,NaN,NaN,NaN,NaN,NaN,NaN,NaN,NaN,NaN,NaN,NaN,NaN,NaN,NaN,NaN,NaN,NaN,NaN,NaN,NaN,NaN,NaN,NaN,NaN,NaN,NaN,NaN,NaN,NaN,NaN,NaN,NaN,NaN,NaN,NaN,NaN,NaN,NaN,NaN,NaN,NaN,NaN,NaN,NaN,NaN,NaN,NaN,NaN,NaN,NaN,NaN,NaN,NaN,NaN,NaN,NaN,NaN,NaN,NaN,NaN,NaN,NaN,NaN,NaN,NaN,-0.0880085949318473,-0.100817854623146,-0.100424948939814,-0.0994395739358424,-0.098205408277919,-0.0970649310636677,-0.0959988559686792,-0.0950130766804775,-0.094097727556697,-0.0934156594805323,-0.0931573503682913,-0.0932890246555684,-0.0933694867061799,-0.0931429553340724,-0.0925077613730864,-0.0917333691510799,-0.0919016787306396,-0.0922343928437183,-0.0927302190579462,-0.0929561617784399,-0.0929148809403674,-0.0929807914310746,NaN,NaN,NaN,NaN,NaN,-0.0393949147713861,-0.039975197803243,-0.0404111324022049,-0.0407000498228591,-0.040424471144838,-0.0409006951351321,-0.0416124967310895,-0.0408978107930327,-0.0398452633649071,-0.0389726272124175,-0.0382330868457139,-0.0376792016740957,-0.0374570077800127,NaN,NaN,0.145018737364746,0.149804095061533,0.149786760185261,0.149677457326593,0.149482697128067,0.149080645889779,0.148995621767081,0.148946551511981,0.148835070310106,0.149049638480347,0.149065199162596,0.148971282865644,0.1487357866855,0.148512991583513,0.143879178300143,NaN,NaN,NaN,NaN,NaN,NaN,NaN,NaN,NaN,NaN,NaN,NaN,NaN,NaN,NaN,NaN,NaN,NaN,NaN,NaN,NaN,NaN,NaN,NaN,NaN,NaN,NaN,NaN,NaN,NaN,NaN,NaN,NaN,NaN,NaN,NaN,NaN,NaN,NaN,NaN,NaN,NaN,NaN,NaN,NaN,NaN,NaN,NaN,NaN,NaN,NaN,NaN,NaN,NaN,NaN,NaN,NaN,NaN,NaN,NaN,NaN,NaN,NaN,NaN,NaN,NaN,NaN,NaN,NaN,NaN,NaN,NaN,NaN,NaN,NaN,NaN,NaN,NaN,NaN,NaN,NaN,NaN,NaN,NaN,NaN,NaN
NaN,NaN,NaN,NaN,NaN,NaN,NaN,NaN,NaN,NaN,NaN,NaN,NaN,NaN,NaN,NaN,NaN,NaN,NaN,NaN,NaN,NaN,NaN,NaN,NaN,NaN,NaN,NaN,NaN,NaN,NaN,NaN,NaN,NaN,-0.250873430285941,-0.230270067573832,NaN,NaN,NaN,NaN,NaN,NaN,NaN,NaN,NaN,NaN,NaN,NaN,NaN,NaN,NaN,NaN,NaN,NaN,NaN,NaN,NaN,NaN,NaN,NaN,NaN,NaN,NaN,NaN,NaN,NaN,NaN,NaN,NaN,NaN,NaN,NaN,NaN,NaN,NaN,NaN,NaN,NaN,NaN,NaN,NaN,NaN,NaN,NaN,NaN,NaN,NaN,NaN,NaN,NaN,NaN,NaN,NaN,NaN,NaN,NaN,NaN,NaN,NaN,NaN,NaN,NaN,NaN,-0.0872620921303096,-0.0988496405002229,-0.0981020269262856,-0.0970289569050446,-0.0956655773504895,-0.0942423003185795,-0.0930637419780874,-0.0919301549247571,-0.0912477291973886,-0.0908808899711052,-0.0907099505023036,-0.0902288578054047,-0.0902473876799076,-0.0908399888344154,-0.0909626054698563,-0.0914582795166069,-0.0920986768184572,-0.0927309782799504,-0.0929949010988937,-0.092955752613433,-0.093127476663865,-0.0934516164872091,NaN,NaN,NaN,NaN,-0.0396850322405935,-0.0401696376407986,-0.0406674624122695,-0.0412548402260682,-0.0415542511497599,-0.0414430547025388,-0.0412623111118293,-0.0404713146000207,-0.0396931022140754,-0.0390029600361635,-0.0383947136709799,-0.0379936459849419,-0.0375361976735554,NaN,NaN,0.126376172698618,0.145033593071891,0.149194863932163,0.14901155315277,0.148328418630034,0.147608793130661,0.147033187160853,0.147185410361382,0.147230077860432,0.147264186236749,0.14762715967785,0.147785015412357,0.147648794862988,0.147288027217324,0.142283942172287,NaN,NaN,NaN,NaN,NaN,NaN,NaN,NaN,NaN,NaN,NaN,NaN,NaN,NaN,NaN,NaN,NaN,NaN,NaN,NaN,NaN,NaN,NaN,NaN,NaN,NaN,NaN,NaN,NaN,NaN,NaN,NaN,NaN,NaN,NaN,NaN,NaN,NaN,NaN,NaN,NaN,NaN,NaN,NaN,NaN,NaN,NaN,NaN,NaN,NaN,NaN,NaN,NaN,NaN,NaN,NaN,NaN,NaN,NaN,NaN,NaN,NaN,NaN,NaN,NaN,NaN,NaN,NaN,NaN,NaN,NaN,NaN,NaN,NaN,NaN,NaN,NaN,NaN,NaN,NaN,NaN,NaN,NaN,NaN,NaN,NaN
NaN,NaN,NaN,NaN,NaN,NaN,NaN,NaN,NaN,NaN,NaN,NaN,NaN,NaN,NaN,NaN,NaN,NaN,NaN,NaN,NaN,NaN,NaN,NaN,NaN,NaN,NaN,NaN,NaN,NaN,NaN,NaN,NaN,NaN,NaN,-0.214824752984029,NaN,NaN,NaN,NaN,NaN,NaN,NaN,NaN,NaN,NaN,NaN,NaN,NaN,NaN,NaN,NaN,NaN,NaN,NaN,NaN,NaN,NaN,NaN,NaN,NaN,NaN,NaN,NaN,NaN,NaN,NaN,NaN,NaN,NaN,NaN,NaN,NaN,NaN,NaN,NaN,NaN,NaN,NaN,NaN,NaN,NaN,NaN,NaN,NaN,NaN,NaN,NaN,NaN,NaN,NaN,NaN,NaN,NaN,NaN,NaN,NaN,NaN,NaN,NaN,NaN,NaN,NaN,-0.0779424428221244,-0.0919918337915683,-0.0970484220101624,-0.0957940401255946,-0.0940064009136212,-0.0923634995928525,-0.0907433763968998,-0.0896447348042483,-0.0890134768693412,-0.0887081925590496,-0.0882730958238184,-0.0879331332514047,-0.0882880825828683,-0.0893751111527991,-0.0902680087437824,-0.0911084109118492,-0.0918585025836128,-0.0927359892530563,-0.0933234917340166,-0.0934006324113903,-0.0934930706141126,-0.0935957494165042,NaN,NaN,NaN,-0.0418723264152844,-0.041215490236952,-0.0410717825912136,-0.0412651152281423,-0.0415900320873828,-0.0421720106374166,-0.0418364790364905,-0.0413027784881823,-0.0406135663377457,-0.0399620737626617,-0.0393078506547578,-0.038827955440738,-0.038570053749521,-0.0367686124256116,NaN,NaN,NaN,NaN,NaN,0.1479448577278,0.146822483728023,0.145948830786378,0.145464154821387,0.145604455230123,0.145813214669508,0.14601151403995,0.146570093440676,0.14680090400788,0.146689710642883,0.145902172379074,0.144659851857799,0.14393041434546,NaN,NaN,NaN,NaN,NaN,NaN,NaN,NaN,NaN,NaN,NaN,NaN,NaN,NaN,NaN,NaN,NaN,NaN,NaN,NaN,NaN,NaN,NaN,NaN,NaN,NaN,NaN,NaN,NaN,NaN,NaN,NaN,NaN,NaN,NaN,NaN,NaN,NaN,NaN,NaN,NaN,NaN,NaN,NaN,NaN,NaN,NaN,NaN,NaN,NaN,NaN,NaN,NaN,NaN,NaN,NaN,NaN,NaN,NaN,NaN,NaN,NaN,NaN,NaN,NaN,NaN,NaN,NaN,NaN,NaN,NaN,NaN,NaN,NaN,NaN,NaN,NaN,NaN,NaN,NaN,NaN,NaN,NaN,NaN,NaN
NaN,NaN,NaN,NaN,NaN,NaN,NaN,NaN,NaN,NaN,NaN,NaN,NaN,NaN,NaN,NaN,NaN,NaN,NaN,NaN,NaN,NaN,NaN,NaN,NaN,NaN,NaN,NaN,NaN,NaN,NaN,NaN,NaN,NaN,-0.219372534321524,-0.2176227712438,NaN,NaN,NaN,NaN,NaN,NaN,NaN,NaN,NaN,NaN,NaN,NaN,NaN,NaN,NaN,NaN,NaN,NaN,NaN,NaN,NaN,NaN,NaN,NaN,NaN,NaN,NaN,NaN,NaN,NaN,NaN,NaN,NaN,NaN,NaN,NaN,NaN,NaN,NaN,NaN,NaN,NaN,NaN,NaN,NaN,NaN,NaN,NaN,NaN,NaN,NaN,NaN,NaN,NaN,NaN,NaN,NaN,NaN,NaN,NaN,NaN,NaN,NaN,NaN,NaN,NaN,NaN,NaN,-0.0971742157722528,-0.0967428380041086,-0.092798203596304,-0.0922988083108521,-0.0906553149530741,-0.0892250994330849,-0.088520105197482,-0.0879439367674626,-0.0876104944708247,-0.0873324794283979,-0.0872220995511874,-0.0877627301017317,-0.0888359337957446,-0.0900885097467118,-0.0909144628998347,-0.091599503625381,-0.0927085041023782,-0.0936602640110093,-0.0939364332473841,-0.0939603293914312,-0.093943759875285,NaN,NaN,NaN,-0.0422145689443808,-0.0420783541574186,-0.0419216489866415,-0.0420260094601155,-0.0422373728637354,-0.0424643199725266,-0.0423496158927643,-0.0414489861508333,-0.0409204615731163,-0.0402587434292276,-0.0396696389212869,-0.0393292599547573,-0.0391931006460599,-0.0355977335877656,NaN,NaN,NaN,NaN,NaN,NaN,0.145097722366272,0.144767014721176,0.144602840769164,0.144549716050299,0.144836671057069,0.145062897159638,0.145493181089708,0.145704492808125,0.14555404580166,0.144691172962852,0.14381698025108,0.143625874163205,NaN,NaN,NaN,NaN,NaN,NaN,NaN,NaN,NaN,NaN,NaN,NaN,NaN,NaN,NaN,NaN,NaN,NaN,NaN,NaN,NaN,NaN,NaN,NaN,NaN,NaN,NaN,NaN,NaN,NaN,NaN,NaN,NaN,NaN,NaN,NaN,NaN,NaN,NaN,NaN,NaN,NaN,NaN,NaN,NaN,NaN,NaN,NaN,NaN,NaN,NaN,NaN,NaN,NaN,NaN,NaN,NaN,NaN,NaN,NaN,NaN,NaN,NaN,NaN,NaN,NaN,NaN,NaN,NaN,NaN,NaN,NaN,NaN,NaN,NaN,NaN,NaN,NaN,NaN,NaN,NaN,NaN,NaN,NaN,NaN
NaN,NaN,NaN,NaN,NaN,NaN,NaN,NaN,NaN,NaN,NaN,NaN,NaN,NaN,NaN,NaN,NaN,NaN,NaN,NaN,NaN,NaN,NaN,NaN,NaN,NaN,NaN,NaN,NaN,NaN,NaN,NaN,-0.220625956185625,-0.220601609272373,-0.220374631835135,NaN,NaN,NaN,NaN,NaN,NaN,NaN,NaN,NaN,NaN,NaN,NaN,NaN,NaN,NaN,NaN,NaN,NaN,NaN,NaN,NaN,NaN,NaN,NaN,NaN,NaN,NaN,NaN,NaN,NaN,NaN,NaN,NaN,NaN,NaN,NaN,NaN,NaN,NaN,NaN,NaN,NaN,NaN,NaN,NaN,NaN,NaN,NaN,NaN,NaN,NaN,NaN,NaN,NaN,NaN,NaN,NaN,NaN,NaN,NaN,NaN,NaN,NaN,NaN,NaN,NaN,NaN,NaN,NaN,NaN,NaN,-0.0819006428009,-0.0903483329779449,-0.0892771036267922,-0.0885845097604287,-0.0879121605939822,-0.0872041363927354,-0.0867930017658145,-0.0865285217443862,-0.0868987476824515,-0.0879196636792535,-0.0892183034203936,-0.0901371200658765,-0.0904282899699214,-0.0910505331036607,-0.0922579785921519,-0.0933756638211581,-0.0939141132545736,-0.0941598771241108,-0.0941271486072826,NaN,-0.0505687618643352,-0.0503871113023621,-0.0464218577393982,-0.0438211082594074,-0.0427746483765989,-0.0425756095541886,-0.0426733285251017,-0.0428829237308688,-0.0429078752045329,-0.042055364288472,-0.0414567596485928,-0.0408079250358315,-0.0403390634937869,-0.0401814588980552,-0.0401881062533437,NaN,NaN,NaN,NaN,NaN,NaN,NaN,0.145145143289972,0.144565057167455,0.144207067619525,0.143943373487486,0.143993056526045,0.14406414286424,0.144064780646777,0.144074988056745,0.143768388357044,0.143074586029961,0.142838118306525,0.142760576903782,0.142259397108307,NaN,NaN,NaN,NaN,NaN,NaN,NaN,NaN,NaN,NaN,NaN,NaN,NaN,NaN,NaN,NaN,NaN,NaN,NaN,NaN,NaN,NaN,NaN,NaN,NaN,NaN,NaN,NaN,NaN,NaN,NaN,NaN,NaN,NaN,NaN,NaN,NaN,NaN,NaN,NaN,NaN,NaN,NaN,NaN,NaN,NaN,NaN,NaN,NaN,NaN,NaN,NaN,NaN,NaN,NaN,NaN,NaN,NaN,NaN,NaN,NaN,NaN,NaN,NaN,NaN,NaN,NaN,NaN,NaN,NaN,NaN,NaN,NaN,NaN,NaN,NaN,NaN,NaN,NaN,NaN,NaN,NaN,NaN,NaN
NaN,NaN,NaN,NaN,NaN,NaN,NaN,NaN,NaN,NaN,NaN,NaN,NaN,NaN,NaN,NaN,NaN,NaN,NaN,NaN,NaN,NaN,NaN,NaN,NaN,NaN,NaN,NaN,NaN,NaN,NaN,NaN,-0.220630837009138,-0.220633679676779,NaN,NaN,NaN,NaN,NaN,NaN,NaN,NaN,NaN,NaN,NaN,NaN,NaN,NaN,NaN,NaN,NaN,NaN,NaN,NaN,NaN,NaN,NaN,NaN,NaN,NaN,NaN,NaN,NaN,NaN,NaN,NaN,NaN,NaN,NaN,NaN,NaN,NaN,NaN,NaN,NaN,NaN,NaN,NaN,NaN,NaN,NaN,NaN,NaN,NaN,NaN,NaN,NaN,NaN,NaN,NaN,NaN,NaN,NaN,NaN,NaN,NaN,NaN,NaN,NaN,NaN,NaN,NaN,NaN,NaN,NaN,NaN,-0.0707481063766989,-0.0838317522206582,-0.0885418758869012,-0.0879800766547861,-0.0874578365172066,-0.0869336768719039,-0.0865782905549434,-0.0863312739525698,-0.0869611369730437,-0.0886636813809139,-0.0908087163907839,-0.0897599343290577,-0.0892576106653214,-0.0900861769092982,-0.0914035297109468,-0.0924704497815872,-0.0929633004849802,-0.0938991255795243,NaN,NaN,-0.0505773160257193,-0.0500246979536693,-0.0488801619093034,-0.0469410402895367,-0.0448059877832645,-0.0440379567914061,-0.0436025628540935,-0.0433796787523317,-0.0433853560570577,-0.0427662807733928,-0.042255033485869,-0.0417617648630455,-0.0414156291695259,-0.0413004472869228,-0.0412657954312201,NaN,NaN,NaN,NaN,NaN,NaN,NaN,NaN,0.144188345385115,0.143943490246237,0.143548077882911,0.143155022074685,0.14288136717276,0.142219615502872,0.141857287317931,0.141335236907201,0.140964597888789,0.137950661455795,0.137501601559352,0.136150855512958,NaN,NaN,NaN,NaN,NaN,NaN,NaN,NaN,NaN,NaN,NaN,NaN,NaN,NaN,NaN,NaN,NaN,NaN,NaN,NaN,NaN,NaN,NaN,NaN,NaN,NaN,NaN,NaN,NaN,NaN,NaN,NaN,NaN,NaN,NaN,NaN,NaN,NaN,NaN,NaN,NaN,NaN,NaN,NaN,NaN,NaN,NaN,NaN,NaN,NaN,NaN,NaN,NaN,NaN,NaN,NaN,NaN,NaN,NaN,NaN,NaN,NaN,NaN,NaN,NaN,NaN,NaN,NaN,NaN,NaN,NaN,NaN,NaN,NaN,NaN,NaN,NaN,NaN,NaN,NaN,NaN,NaN,NaN,NaN
NaN,NaN,NaN,NaN,NaN,NaN,NaN,NaN,NaN,NaN,NaN,NaN,NaN,NaN,NaN,NaN,NaN,NaN,NaN,NaN,NaN,NaN,NaN,NaN,NaN,NaN,NaN,NaN,NaN,NaN,NaN,NaN,NaN,NaN,NaN,NaN,NaN,NaN,NaN,NaN,NaN,NaN,NaN,NaN,NaN,NaN,NaN,NaN,NaN,NaN,NaN,NaN,NaN,NaN,NaN,NaN,NaN,NaN,NaN,NaN,NaN,NaN,NaN,NaN,NaN,NaN,NaN,NaN,NaN,NaN,NaN,NaN,NaN,NaN,NaN,NaN,NaN,NaN,NaN,NaN,NaN,NaN,NaN,NaN,NaN,NaN,NaN,NaN,NaN,NaN,NaN,NaN,NaN,NaN,NaN,NaN,NaN,NaN,NaN,NaN,NaN,NaN,NaN,NaN,NaN,NaN,NaN,NaN,-0.0819907780137603,-0.0876051790142354,-0.0873482492175353,-0.0869422548284898,-0.0867888906443054,-0.0870248022544364,-0.0884036829222787,-0.0909730727875274,-0.0909803523659212,-0.0879810267536203,-0.0880044808130071,-0.0892967451413979,-0.0908332760375473,-0.0913700821721055,-0.0909013422477299,NaN,NaN,-0.0525773750094992,-0.0517337500624813,-0.0509525004417842,-0.0490417504871956,-0.0482798895975719,-0.0461445619026827,-0.0451176080434477,-0.0447183641005298,-0.0442908489716507,-0.0443599405547173,-0.0439010243574234,-0.0437255858485541,-0.0434375265472289,-0.0429808801290655,-0.0424280757388733,-0.0417779970272725,NaN,NaN,NaN,NaN,NaN,NaN,NaN,NaN,0.144130922388639,0.14377525917541,0.143240863092312,0.142534168128583,0.141805779773874,0.140544328100654,0.139308570284781,0.138471836875197,0.138167549678458,0.137739056876571,0.13425580356223,NaN,NaN,NaN,NaN,NaN,NaN,NaN,NaN,NaN,NaN,NaN,NaN,NaN,NaN,NaN,NaN,NaN,NaN,NaN,NaN,NaN,NaN,NaN,NaN,NaN,NaN,NaN,NaN,NaN,NaN,NaN,NaN,NaN,NaN,NaN,NaN,NaN,NaN,NaN,NaN,NaN,NaN,NaN,NaN,NaN,NaN,NaN,NaN,NaN,NaN,NaN,NaN,NaN,NaN,NaN,NaN,NaN,NaN,NaN,NaN,NaN,NaN,NaN,NaN,NaN,NaN,NaN,NaN,NaN,NaN,NaN,NaN,NaN,NaN,NaN,NaN,NaN,NaN,NaN,NaN,NaN,NaN,NaN,NaN,NaN
NaN,NaN,NaN,NaN,NaN,NaN,NaN,NaN,NaN,NaN,NaN,NaN,NaN,NaN,NaN,NaN,NaN,NaN,NaN,NaN,NaN,NaN,NaN,NaN,NaN,NaN,NaN,NaN,NaN,NaN,NaN,NaN,NaN,NaN,NaN,NaN,NaN,NaN,NaN,NaN,NaN,NaN,NaN,NaN,NaN,NaN,NaN,NaN,NaN,NaN,NaN,NaN,NaN,NaN,NaN,NaN,NaN,NaN,NaN,NaN,NaN,NaN,NaN,NaN,NaN,NaN,NaN,NaN,NaN,NaN,NaN,NaN,NaN,NaN,NaN,NaN,NaN,NaN,NaN,NaN,NaN,NaN,NaN,NaN,NaN,NaN,NaN,NaN,NaN,NaN,NaN,NaN,NaN,NaN,NaN,NaN,NaN,NaN,NaN,NaN,NaN,NaN,NaN,NaN,NaN,NaN,NaN,NaN,NaN,NaN,-0.0870509893556368,-0.0865879860111064,-0.0869479678032275,-0.0880875134754443,-0.0897383524668217,-0.0897387943341504,-0.0859510831699123,-0.0853675991997832,-0.0869151417660069,-0.088670279848424,-0.0899938236794191,-0.0896849427171687,-0.0883188323574642,NaN,NaN,-0.052692917641815,-0.0524385218158131,-0.0518369795186711,-0.0504898008487105,-0.0485646379591924,-0.046656811084685,-0.0453012306380134,-0.0451003881061696,-0.0450062028074367,-0.0451771882223387,-0.0460666604777296,-0.0462620230331058,-0.0458079689725722,-0.0448189083810158,-0.0433477583827485,NaN,NaN,NaN,NaN,NaN,NaN,NaN,NaN,NaN,NaN,0.143528288053846,0.142881681072328,0.141945158540696,0.140500518328727,0.138734340750806,0.137152587561859,0.136350397178065,0.136085473615039,0.136007183602535,0.135896611899109,NaN,NaN,NaN,NaN,NaN,NaN,NaN,NaN,NaN,NaN,NaN,NaN,NaN,NaN,NaN,NaN,NaN,NaN,NaN,NaN,NaN,NaN,NaN,NaN,NaN,NaN,NaN,NaN,NaN,NaN,NaN,NaN,NaN,NaN,NaN,NaN,NaN,NaN,NaN,NaN,NaN,NaN,NaN,NaN,NaN,NaN,NaN,NaN,NaN,NaN,NaN,NaN,NaN,NaN,NaN,NaN,NaN,NaN,NaN,NaN,NaN,NaN,NaN,NaN,NaN,NaN,NaN,NaN,NaN,NaN,NaN,NaN,NaN,NaN,NaN,NaN,NaN,NaN,NaN,NaN,NaN,NaN,NaN,NaN,NaN
NaN,NaN,NaN,NaN,NaN,NaN,NaN,NaN,NaN,NaN,NaN,NaN,NaN,NaN,NaN,NaN,NaN,NaN,NaN,NaN,NaN,NaN,NaN,NaN,NaN,NaN,NaN,NaN,NaN,NaN,NaN,NaN,NaN,NaN,NaN,NaN,NaN,NaN,NaN,NaN,NaN,NaN,NaN,NaN,NaN,NaN,NaN,NaN,NaN,NaN,NaN,NaN,NaN,NaN,NaN,NaN,NaN,NaN,NaN,NaN,NaN,NaN,NaN,NaN,NaN,NaN,NaN,NaN,NaN,NaN,NaN,NaN,NaN,NaN,NaN,NaN,NaN,NaN,NaN,NaN,NaN,NaN,NaN,NaN,NaN,NaN,NaN,NaN,NaN,NaN,NaN,NaN,NaN,NaN,NaN,NaN,NaN,NaN,NaN,NaN,NaN,NaN,NaN,NaN,NaN,NaN,NaN,NaN,NaN,NaN,NaN,-0.0811819763179642,-0.0817484973756641,-0.0827393371228643,-0.0822495432244116,-0.0807972782061058,-0.0805234270949697,-0.0826696453329988,-0.0851278257720035,-0.086987782273926,-0.0873619225543488,-0.0849360644842816,-0.0800616550509061,NaN,NaN,-0.0544104228629311,-0.0540244683200008,-0.0528810241467422,-0.0513769858945171,-0.0502632333014707,-0.047868208463554,-0.0460354582557239,-0.0454485892485644,-0.0458579416641785,-0.0458059995747684,-0.0474285505348851,-0.0477783351196263,-0.0472079623691739,-0.0462304491431154,NaN,NaN,NaN,NaN,NaN,NaN,NaN,NaN,NaN,NaN,NaN,NaN,0.142069076908151,0.140965962019896,0.139181075435478,0.137165258825343,0.135734770121547,0.134790920213035,0.134577929923772,0.134522763626478,0.134310903432109,0.133379031685735,NaN,NaN,NaN,NaN,NaN,NaN,NaN,NaN,NaN,NaN,NaN,NaN,NaN,NaN,NaN,NaN,NaN,NaN,NaN,NaN,NaN,NaN,NaN,NaN,NaN,NaN,NaN,NaN,NaN,NaN,NaN,NaN,NaN,NaN,NaN,NaN,NaN,NaN,NaN,NaN,NaN,NaN,NaN,NaN,NaN,NaN,NaN,NaN,NaN,NaN,NaN,NaN,NaN,NaN,NaN,NaN,NaN,NaN,NaN,NaN,NaN,NaN,NaN,NaN,NaN,NaN,NaN,NaN,NaN,NaN,NaN,NaN,NaN,NaN,NaN,NaN,NaN,NaN,NaN,NaN,NaN,NaN,NaN,NaN
NaN,NaN,NaN,NaN,NaN,NaN,NaN,NaN,NaN,NaN,NaN,NaN,NaN,NaN,NaN,NaN,NaN,NaN,NaN,NaN,NaN,NaN,NaN,NaN,NaN,NaN,NaN,NaN,NaN,NaN,NaN,NaN,NaN,NaN,NaN,NaN,NaN,NaN,NaN,NaN,NaN,NaN,NaN,NaN,NaN,NaN,NaN,NaN,NaN,NaN,NaN,NaN,NaN,NaN,NaN,NaN,NaN,NaN,NaN,NaN,NaN,NaN,NaN,NaN,NaN,NaN,NaN,NaN,NaN,NaN,NaN,NaN,NaN,NaN,NaN,NaN,NaN,NaN,NaN,NaN,NaN,NaN,NaN,NaN,NaN,NaN,NaN,NaN,NaN,NaN,NaN,NaN,NaN,NaN,NaN,NaN,NaN,NaN,NaN,NaN,NaN,NaN,NaN,NaN,NaN,NaN,NaN,NaN,NaN,NaN,NaN,-0.0754650898918908,-0.075617379022306,-0.0759312057284678,-0.0758893246572406,-0.076128012437967,-0.0774299296500234,-0.080332274444621,-0.0826994933890456,-0.084124077199589,-0.0827255860323968,-0.0754815547043409,-0.0672457733920803,-0.0612549587471349,-0.0591551468809894,-0.0554276720570101,-0.0545151104056196,-0.0545076217518991,-0.0522896820869388,-0.050319702973799,-0.0491848452740588,-0.0479684468723905,-0.0472502613388959,-0.0479857341350836,-0.0481074656367185,-0.0482265780080736,-0.0485128502364386,-0.0480943851787866,-0.0479255268719139,-0.0488284969216964,NaN,NaN,NaN,NaN,NaN,NaN,NaN,NaN,NaN,NaN,NaN,NaN,0.139690161662528,0.138611573033812,0.135914037824284,0.13430638512359,0.133566954234632,0.133228959076732,0.133114733040974,0.132958354322395,0.132845390624585,NaN,NaN,NaN,NaN,NaN,NaN,NaN,NaN,NaN,NaN,NaN,NaN,NaN,NaN,NaN,NaN,NaN,NaN,NaN,NaN,NaN,NaN,NaN,NaN,NaN,NaN,NaN,NaN,NaN,NaN,NaN,NaN,NaN,NaN,NaN,NaN,NaN,NaN,NaN,NaN,NaN,NaN,NaN,NaN,NaN,NaN,NaN,NaN,NaN,NaN,NaN,NaN,NaN,NaN,NaN,NaN,NaN,NaN,NaN,NaN,NaN,NaN,NaN,NaN,NaN,NaN,NaN,NaN,NaN,NaN,NaN,NaN,NaN,NaN,NaN,NaN,NaN,NaN,NaN,NaN,NaN,NaN,NaN,NaN
NaN,NaN,NaN,NaN,NaN,NaN,NaN,NaN,NaN,NaN,NaN,NaN,NaN,NaN,NaN,NaN,NaN,NaN,NaN,NaN,NaN,NaN,NaN,NaN,NaN,NaN,NaN,NaN,NaN,NaN,NaN,NaN,NaN,NaN,NaN,NaN,NaN,NaN,NaN,NaN,NaN,NaN,NaN,NaN,NaN,NaN,NaN,NaN,NaN,NaN,NaN,NaN,NaN,NaN,NaN,NaN,NaN,NaN,NaN,NaN,NaN,NaN,NaN,NaN,NaN,NaN,NaN,NaN,NaN,NaN,NaN,NaN,NaN,NaN,NaN,NaN,NaN,NaN,NaN,NaN,NaN,NaN,NaN,NaN,NaN,NaN,NaN,NaN,NaN,NaN,NaN,NaN,NaN,NaN,NaN,NaN,NaN,NaN,NaN,NaN,NaN,NaN,NaN,NaN,NaN,NaN,NaN,NaN,NaN,NaN,NaN,-0.0735961465422301,-0.0736796330631609,-0.0736533952490059,-0.0737855855559376,-0.0744284210069965,-0.0758052921166385,-0.0781487811032655,-0.0797798056072432,-0.080076185449687,-0.0753306856604287,-0.0687449839111742,-0.0653984147951509,-0.0601874316629068,-0.0568785525067577,-0.0544330600843915,-0.0540135382711712,-0.0546457937513793,-0.0544011103610973,-0.0513643958635663,-0.049208402293768,-0.0489806404147168,-0.0493594262964834,-0.0492367203085809,-0.0498662997153918,-0.0501229672945172,-0.0502413428355316,-0.0498084916724212,-0.0497522285187486,-0.0491284236163025,-0.0412363828943107,NaN,NaN,NaN,NaN,NaN,NaN,NaN,NaN,NaN,NaN,NaN,NaN,NaN,0.134624402937503,0.133284209193217,0.132453566884522,0.131889580902799,0.131678628121144,0.13155256818002,0.131619428253836,NaN,NaN,NaN,NaN,NaN,NaN,NaN,NaN,NaN,NaN,NaN,NaN,NaN,NaN,NaN,NaN,NaN,NaN,NaN,NaN,NaN,NaN,NaN,NaN,NaN,NaN,NaN,NaN,NaN,NaN,NaN,NaN,NaN,NaN,NaN,NaN,NaN,NaN,NaN,NaN,NaN,NaN,NaN,NaN,NaN,NaN,NaN,NaN,NaN,NaN,NaN,NaN,NaN,NaN,NaN,NaN,NaN,NaN,NaN,NaN,NaN,NaN,NaN,NaN,NaN,NaN,NaN,NaN,NaN,NaN,NaN,NaN,NaN,NaN,NaN,NaN,NaN,NaN,NaN,NaN,NaN,NaN,NaN,NaN
NaN,NaN,NaN,NaN,NaN,NaN,NaN,NaN,NaN,NaN,NaN,NaN,NaN,NaN,NaN,NaN,NaN,NaN,NaN,NaN,NaN,NaN,NaN,NaN,NaN,NaN,NaN,NaN,NaN,NaN,NaN,NaN,NaN,NaN,NaN,NaN,NaN,NaN,NaN,NaN,NaN,NaN,NaN,NaN,NaN,NaN,NaN,NaN,NaN,NaN,NaN,NaN,NaN,NaN,NaN,NaN,NaN,NaN,NaN,NaN,NaN,NaN,NaN,NaN,NaN,NaN,NaN,NaN,NaN,NaN,NaN,NaN,NaN,NaN,NaN,NaN,NaN,NaN,NaN,NaN,NaN,NaN,NaN,NaN,NaN,NaN,NaN,NaN,NaN,NaN,NaN,NaN,NaN,NaN,NaN,NaN,NaN,NaN,NaN,NaN,NaN,NaN,NaN,NaN,NaN,NaN,NaN,NaN,NaN,NaN,NaN,-0.0733006787512461,-0.0735268399798757,-0.0728856332916256,-0.0726742963897328,-0.0730801726537801,-0.0741213057574068,-0.0753334198403209,-0.0762865806381649,-0.075733359793883,-0.071996676794757,-0.069144841075981,-0.0661503469546588,-0.0608091769059377,-0.0575877733107963,-0.0550097355076267,-0.0539585915426832,-0.0544762725396523,-0.0544789670803726,-0.0530840844054531,-0.051683465027974,-0.0495313283836704,-0.0500883000966375,-0.0504479932805378,-0.0511719528529249,-0.0518043179443218,-0.0518962587390958,-0.0515342288735436,-0.0513939623472234,-0.0512711604643316,-0.0447249645002441,NaN,NaN,NaN,NaN,NaN,NaN,NaN,NaN,NaN,NaN,NaN,NaN,NaN,NaN,0.132032450225612,0.131325273691419,0.130533852217422,0.130127160060638,0.130469795369975,0.130778802655476,NaN,NaN,NaN,NaN,NaN,NaN,NaN,NaN,NaN,NaN,NaN,NaN,NaN,NaN,NaN,NaN,NaN,NaN,NaN,NaN,NaN,NaN,NaN,NaN,NaN,NaN,NaN,NaN,NaN,NaN,NaN,NaN,NaN,NaN,NaN,NaN,NaN,NaN,NaN,NaN,NaN,NaN,NaN,NaN,NaN,NaN,NaN,NaN,NaN,NaN,NaN,NaN,NaN,NaN,NaN,NaN,NaN,NaN,NaN,NaN,NaN,NaN,NaN,NaN,NaN,NaN,NaN,NaN,NaN,NaN,NaN,NaN,NaN,NaN,NaN,NaN,NaN,NaN,NaN,NaN,NaN,NaN,NaN,NaN
NaN,NaN,NaN,NaN,NaN,NaN,NaN,NaN,NaN,NaN,NaN,NaN,NaN,NaN,NaN,NaN,NaN,NaN,NaN,NaN,NaN,NaN,NaN,NaN,NaN,NaN,NaN,NaN,NaN,NaN,NaN,NaN,NaN,NaN,NaN,NaN,NaN,NaN,NaN,NaN,NaN,NaN,NaN,NaN,NaN,NaN,NaN,NaN,NaN,NaN,NaN,NaN,NaN,NaN,NaN,NaN,NaN,NaN,NaN,NaN,NaN,NaN,NaN,NaN,NaN,NaN,NaN,NaN,NaN,NaN,NaN,NaN,NaN,NaN,NaN,NaN,NaN,NaN,NaN,NaN,NaN,NaN,NaN,NaN,NaN,NaN,NaN,NaN,NaN,NaN,NaN,NaN,NaN,NaN,NaN,NaN,NaN,NaN,NaN,NaN,NaN,NaN,NaN,NaN,NaN,NaN,NaN,NaN,NaN,NaN,NaN,NaN,NaN,-0.0723560311862399,-0.0714729149118345,-0.07153113087998,-0.0722880120589945,-0.0728242156161077,-0.073344579676945,-0.0729714908259787,-0.0709980256891042,-0.0684388771704126,-0.0653469177629704,-0.0613922144985734,-0.0581773741280766,-0.0560434343583555,-0.0554264352624851,-0.0551467465140327,-0.0544457081604564,-0.0527484303311917,-0.0520716796675095,-0.0508394244957352,-0.0503998931510808,-0.0510659369399759,-0.0520668290080457,-0.0527813827071052,-0.0529432356847223,-0.0529516646203209,-0.0528113390417182,-0.0526964494594536,NaN,NaN,NaN,NaN,NaN,NaN,NaN,NaN,NaN,NaN,NaN,NaN,NaN,NaN,NaN,0.131708740942565,0.130526921063476,0.129247572681853,0.128736522416326,0.129120005856517,0.129661106847506,NaN,NaN,NaN,NaN,NaN,NaN,NaN,NaN,NaN,NaN,NaN,NaN,NaN,NaN,NaN,NaN,NaN,NaN,NaN,NaN,NaN,NaN,NaN,NaN,NaN,NaN,NaN,NaN,NaN,NaN,NaN,NaN,NaN,NaN,NaN,NaN,NaN,NaN,NaN,NaN,NaN,NaN,NaN,NaN,NaN,NaN,NaN,NaN,NaN,NaN,NaN,NaN,NaN,NaN,NaN,NaN,NaN,NaN,NaN,NaN,NaN,NaN,NaN,NaN,NaN,NaN,NaN,NaN,NaN,NaN,NaN,NaN,NaN,NaN,NaN,NaN,NaN,NaN,NaN,NaN,NaN,NaN,NaN,NaN
NaN,NaN,NaN,NaN,NaN,NaN,NaN,NaN,NaN,NaN,NaN,NaN,NaN,NaN,NaN,NaN,NaN,NaN,NaN,NaN,NaN,NaN,NaN,NaN,NaN,NaN,NaN,NaN,NaN,NaN,NaN,NaN,NaN,NaN,NaN,NaN,NaN,NaN,NaN,NaN,NaN,NaN,NaN,NaN,NaN,NaN,NaN,NaN,NaN,NaN,NaN,NaN,NaN,NaN,NaN,NaN,NaN,NaN,NaN,NaN,NaN,NaN,NaN,NaN,NaN,NaN,NaN,NaN,NaN,NaN,NaN,NaN,NaN,NaN,NaN,NaN,NaN,NaN,NaN,NaN,NaN,NaN,NaN,NaN,NaN,NaN,NaN,NaN,NaN,NaN,NaN,NaN,NaN,NaN,NaN,NaN,NaN,NaN,NaN,NaN,NaN,NaN,NaN,NaN,NaN,NaN,NaN,NaN,NaN,NaN,NaN,NaN,NaN,NaN,-0.0695973751429212,-0.0699210270495644,-0.0704571067781435,-0.0708005649499543,-0.0712138809010354,-0.0712546989075904,-0.0703280659331506,-0.0672586703157716,-0.0644655241832259,-0.0615579975500132,-0.0592937834850232,-0.0579822224199154,-0.0573376082881278,-0.0574859675153159,-0.0551938160898849,-0.0525297257494513,-0.0515251840922842,-0.0508398395545702,-0.0505862567647425,-0.0511584323982243,-0.05228420315256,-0.0532626502434022,-0.0541064639539949,-0.0542446638776852,-0.0541953950085759,-0.054788237060409,-0.056314664949311,NaN,NaN,NaN,NaN,NaN,NaN,NaN,NaN,NaN,NaN,NaN,NaN,NaN,NaN,NaN,0.130053088796579,0.127770612885803,0.127003457655581,0.126970764089031,0.127817956648593,NaN,NaN,NaN,NaN,NaN,NaN,NaN,NaN,NaN,NaN,NaN,NaN,NaN,NaN,NaN,NaN,NaN,NaN,NaN,NaN,NaN,NaN,NaN,NaN,NaN,NaN,NaN,NaN,NaN,NaN,NaN,NaN,NaN,NaN,NaN,NaN,NaN,NaN,NaN,NaN,NaN,NaN,NaN,NaN,NaN,NaN,NaN,NaN,NaN,NaN,NaN,NaN,NaN,NaN,NaN,NaN,NaN,NaN,NaN,NaN,NaN,NaN,NaN,NaN,NaN,NaN,NaN,NaN,NaN,NaN,NaN,NaN,NaN,NaN,NaN,NaN,NaN,NaN,NaN,NaN,NaN,NaN,NaN,NaN
NaN,NaN,NaN,NaN,NaN,NaN,NaN,NaN,NaN,NaN,NaN,NaN,NaN,NaN,NaN,NaN,NaN,NaN,NaN,NaN,NaN,NaN,NaN,NaN,NaN,NaN,NaN,NaN,NaN,NaN,NaN,NaN,NaN,NaN,NaN,NaN,NaN,NaN,NaN,NaN,NaN,NaN,NaN,NaN,NaN,NaN,NaN,NaN,NaN,NaN,NaN,NaN,NaN,NaN,NaN,NaN,NaN,NaN,NaN,NaN,NaN,NaN,NaN,NaN,NaN,NaN,NaN,NaN,NaN,NaN,NaN,NaN,NaN,NaN,NaN,NaN,NaN,NaN,NaN,NaN,NaN,NaN,NaN,NaN,NaN,NaN,NaN,NaN,NaN,NaN,NaN,NaN,NaN,NaN,NaN,NaN,NaN,NaN,NaN,NaN,NaN,NaN,NaN,NaN,NaN,NaN,NaN,NaN,NaN,NaN,NaN,NaN,NaN,NaN,-0.0683537117623873,-0.0687849723976117,-0.069204416233694,-0.0697076769557142,-0.0701661901821297,-0.0704598360396348,-0.0689549438062709,-0.0664870250873342,-0.0654271435834975,-0.0627363271512782,-0.0607307599376143,-0.0599973019510416,-0.0586882237219238,-0.0580485901814207,-0.0553685769078574,-0.0523114978577274,-0.0504841881911312,-0.049896813433365,-0.0502962905625146,-0.0508687067471291,-0.0520073443122613,-0.0545473782562243,-0.0557856877491319,-0.0554314075571908,-0.0554641490499114,-0.0568021518222694,-0.0599394559527714,-0.0624268627127229,-0.0633710987859938,-0.063522398406063,NaN,NaN,NaN,NaN,NaN,NaN,NaN,NaN,NaN,NaN,NaN,NaN,NaN,0.124855878377289,0.124682069638523,0.124498024617526,0.125578593607973,NaN,NaN,NaN,NaN,NaN,NaN,NaN,NaN,NaN,NaN,NaN,NaN,NaN,NaN,NaN,NaN,NaN,NaN,NaN,NaN,NaN,NaN,NaN,NaN,NaN,NaN,NaN,NaN,NaN,NaN,NaN,NaN,NaN,NaN,NaN,NaN,NaN,NaN,NaN,NaN,NaN,NaN,NaN,NaN,NaN,NaN,NaN,NaN,NaN,NaN,NaN,NaN,NaN,NaN,NaN,NaN,NaN,NaN,NaN,NaN,NaN,NaN,NaN,NaN,NaN,NaN,NaN,NaN,NaN,NaN,NaN,NaN,NaN,NaN,NaN,NaN,NaN,NaN,NaN,NaN,NaN,NaN,NaN,NaN
NaN,NaN,NaN,NaN,NaN,NaN,NaN,NaN,NaN,NaN,NaN,NaN,NaN,NaN,NaN,NaN,NaN,NaN,NaN,NaN,NaN,NaN,NaN,NaN,NaN,NaN,NaN,NaN,NaN,NaN,NaN,NaN,NaN,NaN,NaN,NaN,NaN,NaN,NaN,NaN,NaN,NaN,NaN,NaN,NaN,NaN,NaN,NaN,NaN,NaN,NaN,NaN,NaN,NaN,NaN,NaN,NaN,NaN,NaN,NaN,NaN,NaN,NaN,NaN,NaN,NaN,NaN,NaN,NaN,NaN,NaN,NaN,NaN,NaN,NaN,NaN,NaN,NaN,NaN,NaN,NaN,NaN,NaN,NaN,NaN,NaN,NaN,NaN,NaN,NaN,NaN,NaN,NaN,NaN,NaN,NaN,NaN,NaN,NaN,NaN,NaN,NaN,NaN,NaN,NaN,NaN,NaN,NaN,NaN,NaN,NaN,NaN,NaN,NaN,-0.0679675232898195,-0.068331211085102,-0.0687644433765457,-0.0693802864885254,-0.0698925938737224,-0.069750746172084,-0.0673727864700458,-0.0663686062415563,-0.065301758735061,-0.0633825208085875,-0.0623359633713307,-0.061633415357863,-0.0605545082011341,-0.0588447813538184,-0.0556821227645057,-0.0501248955717259,-0.0488849383725922,-0.0489565758895822,-0.0496899229266284,NaN,NaN,-0.0581463671432016,-0.0576952983960786,-0.0569529632247096,-0.0570010433837742,-0.0592155393209396,-0.061573571952396,-0.0626461447811824,-0.0636238424346239,-0.0644257842433118,-0.0655907175805098,-0.0666041294342223,-0.0665977149312857,NaN,NaN,NaN,NaN,NaN,NaN,NaN,NaN,NaN,NaN,0.122415084568066,0.121675421990538,0.121542750329682,0.122570419201592,NaN,NaN,NaN,NaN,NaN,NaN,NaN,NaN,NaN,NaN,NaN,NaN,NaN,NaN,NaN,NaN,NaN,NaN,NaN,NaN,NaN,NaN,NaN,NaN,NaN,NaN,NaN,NaN,NaN,NaN,NaN,NaN,NaN,NaN,NaN,NaN,NaN,NaN,NaN,NaN,NaN,NaN,NaN,NaN,NaN,NaN,NaN,NaN,NaN,NaN,NaN,NaN,NaN,NaN,NaN,NaN,NaN,NaN,NaN,NaN,NaN,NaN,NaN,NaN,NaN,NaN,NaN,NaN,NaN,NaN,NaN,NaN,NaN,NaN,NaN,NaN,NaN,NaN,NaN,NaN,NaN,NaN,NaN,NaN
NaN,NaN,NaN,NaN,NaN,NaN,NaN,NaN,NaN,NaN,NaN,NaN,NaN,NaN,NaN,NaN,NaN,NaN,NaN,NaN,NaN,NaN,NaN,NaN,NaN,NaN,NaN,NaN,NaN,NaN,NaN,NaN,NaN,NaN,NaN,NaN,NaN,NaN,NaN,NaN,NaN,NaN,NaN,NaN,NaN,NaN,NaN,NaN,NaN,NaN,NaN,NaN,NaN,NaN,NaN,NaN,NaN,NaN,NaN,NaN,NaN,NaN,NaN,NaN,NaN,NaN,NaN,NaN,NaN,NaN,NaN,NaN,NaN,NaN,NaN,NaN,NaN,NaN,NaN,NaN,NaN,NaN,NaN,NaN,NaN,NaN,NaN,NaN,NaN,NaN,NaN,NaN,NaN,NaN,NaN,NaN,NaN,NaN,NaN,NaN,NaN,NaN,NaN,NaN,NaN,NaN,NaN,NaN,NaN,NaN,NaN,NaN,NaN,NaN,-0.0680742218116083,-0.0684040370759973,-0.068759827592333,-0.0691809746750005,-0.0695991308128444,-0.0683391607365873,-0.066457898651151,-0.0660094847835505,-0.0646243793478262,-0.0633917434444729,-0.0630059880361051,-0.0627412299373516,-0.0622637836268767,-0.0614200188986955,-0.0607335848353575,NaN,NaN,NaN,NaN,NaN,-0.0596428689681583,-0.0594100411840919,-0.059053933988673,-0.0586681636490103,-0.0591012364523849,-0.060842137194931,-0.0619789355467714,-0.0627359056994212,-0.0637365686238878,-0.0648358533414824,-0.0659394880181065,-0.0671399109798135,-0.0675368072872084,NaN,NaN,NaN,NaN,NaN,NaN,NaN,NaN,NaN,NaN,0.121122542887983,0.117900156083213,0.117629821071773,0.11728926771123,NaN,NaN,NaN,NaN,NaN,NaN,NaN,NaN,NaN,NaN,NaN,NaN,NaN,NaN,NaN,NaN,NaN,NaN,NaN,NaN,NaN,NaN,NaN,NaN,NaN,NaN,NaN,NaN,NaN,NaN,NaN,NaN,NaN,NaN,NaN,NaN,NaN,NaN,NaN,NaN,NaN,NaN,NaN,NaN,NaN,NaN,NaN,NaN,NaN,NaN,NaN,NaN,NaN,NaN,NaN,NaN,NaN,NaN,NaN,NaN,NaN,NaN,NaN,NaN,NaN,NaN,NaN,NaN,NaN,NaN,NaN,NaN,NaN,NaN,NaN,NaN,NaN,NaN,NaN,NaN,NaN,NaN,NaN,NaN
NaN,NaN,NaN,NaN,NaN,NaN,NaN,NaN,NaN,NaN,NaN,NaN,NaN,NaN,NaN,NaN,NaN,NaN,NaN,NaN,NaN,NaN,NaN,NaN,NaN,NaN,NaN,NaN,NaN,NaN,NaN,NaN,NaN,NaN,NaN,NaN,NaN,NaN,NaN,NaN,NaN,NaN,NaN,NaN,NaN,NaN,NaN,NaN,NaN,NaN,NaN,NaN,NaN,NaN,NaN,NaN,NaN,NaN,NaN,NaN,NaN,NaN,NaN,NaN,NaN,NaN,NaN,NaN,NaN,NaN,NaN,NaN,NaN,NaN,NaN,NaN,NaN,NaN,NaN,NaN,NaN,NaN,NaN,NaN,NaN,NaN,NaN,NaN,NaN,NaN,NaN,NaN,NaN,NaN,NaN,NaN,NaN,NaN,NaN,NaN,NaN,NaN,NaN,NaN,NaN,NaN,NaN,NaN,NaN,NaN,NaN,NaN,NaN,NaN,-0.0690128647484838,-0.0691274263213754,-0.0692658138538994,-0.0693797923125662,-0.0689931615800329,-0.0668426793962406,-0.065805812333354,-0.0647849231040847,-0.0639676550809052,-0.0633300722841976,-0.0630524496969628,-0.0632407373614464,-0.0635414258574428,-0.0637806240382952,-0.0644385713302045,NaN,NaN,NaN,NaN,-0.0543045101088951,-0.0598832815978996,-0.0598645464177579,-0.0597371655779674,-0.0597668647149527,-0.0600908234862037,-0.0607189550827613,-0.0615363591310678,-0.0623563197524597,-0.063637619740227,-0.0651652202156169,-0.0670711716508387,-0.0684366417460687,-0.0690883838650811,-0.0696982073120927,NaN,NaN,NaN,NaN,NaN,NaN,NaN,NaN,NaN,NaN,0.112991987286282,0.113127126298353,0.11185237298443,NaN,NaN,NaN,NaN,NaN,NaN,NaN,NaN,NaN,NaN,NaN,NaN,NaN,NaN,NaN,NaN,NaN,NaN,NaN,NaN,NaN,NaN,NaN,NaN,NaN,NaN,NaN,NaN,NaN,NaN,NaN,NaN,NaN,NaN,NaN,NaN,NaN,NaN,NaN,NaN,NaN,NaN,NaN,NaN,NaN,NaN,NaN,NaN,NaN,NaN,NaN,NaN,NaN,NaN,NaN,NaN,NaN,NaN,NaN,NaN,NaN,NaN,NaN,NaN,NaN,NaN,NaN,NaN,NaN,NaN,NaN,NaN,NaN,NaN,NaN,NaN,NaN,NaN,NaN,NaN,NaN,NaN,NaN,NaN
NaN,NaN,NaN,NaN,NaN,NaN,NaN,NaN,NaN,NaN,NaN,NaN,NaN,NaN,NaN,NaN,NaN,NaN,NaN,NaN,NaN,NaN,NaN,NaN,NaN,NaN,NaN,NaN,NaN,NaN,NaN,NaN,NaN,NaN,NaN,NaN,NaN,NaN,NaN,NaN,NaN,NaN,NaN,NaN,NaN,NaN,NaN,NaN,NaN,NaN,NaN,NaN,NaN,NaN,NaN,NaN,NaN,NaN,NaN,NaN,NaN,NaN,NaN,NaN,NaN,NaN,NaN,NaN,NaN,NaN,NaN,NaN,NaN,NaN,NaN,NaN,NaN,NaN,NaN,NaN,NaN,NaN,NaN,NaN,NaN,NaN,NaN,NaN,NaN,NaN,NaN,NaN,NaN,NaN,NaN,NaN,NaN,NaN,NaN,NaN,NaN,NaN,NaN,NaN,NaN,NaN,NaN,NaN,NaN,NaN,NaN,-0.0786314728346164,-0.0784543445033606,NaN,-0.0710638745420753,-0.0705762772105098,-0.070103802677751,-0.069910171268401,-0.0684781060803314,-0.0654388553553011,-0.06432103393236,-0.0639121350048812,-0.0635006533467861,-0.0630696501662974,-0.0629763626163472,-0.0632539807239116,-0.0637625297048768,-0.0642330480483239,-0.0646643839781472,NaN,NaN,NaN,NaN,-0.0588358663712324,-0.0600207574992831,-0.059994562922845,-0.0599296588586892,-0.059920903430766,-0.0600315384202942,-0.0603289052142749,-0.0609341507204632,-0.0618458207160152,-0.0633547797795948,-0.0655333217233624,-0.0683221031667845,-0.069946196730909,-0.0707958394927071,-0.0705961617064293,NaN,NaN,NaN,NaN,NaN,NaN,NaN,NaN,NaN,NaN,0.111248505132428,0.108516678268833,0.103733958039568,0.0969731256317368,NaN,NaN,NaN,NaN,NaN,NaN,NaN,NaN,NaN,NaN,NaN,NaN,NaN,NaN,NaN,NaN,NaN,NaN,NaN,NaN,NaN,NaN,NaN,NaN,NaN,NaN,NaN,NaN,NaN,NaN,NaN,NaN,NaN,NaN,NaN,NaN,NaN,NaN,NaN,NaN,NaN,NaN,NaN,NaN,NaN,NaN,NaN,NaN,NaN,NaN,NaN,NaN,NaN,NaN,NaN,NaN,NaN,NaN,NaN,NaN,NaN,NaN,NaN,NaN,NaN,NaN,NaN,NaN,NaN,NaN,NaN,NaN,NaN,NaN,NaN,NaN,NaN,NaN,NaN,NaN,NaN,NaN,NaN
NaN,NaN,NaN,NaN,NaN,NaN,NaN,NaN,NaN,NaN,NaN,NaN,NaN,NaN,NaN,NaN,NaN,NaN,NaN,NaN,NaN,NaN,NaN,NaN,NaN,NaN,NaN,NaN,NaN,NaN,NaN,NaN,NaN,NaN,NaN,NaN,NaN,NaN,NaN,NaN,NaN,NaN,NaN,NaN,NaN,NaN,NaN,NaN,NaN,NaN,NaN,NaN,NaN,NaN,NaN,NaN,NaN,NaN,NaN,NaN,NaN,NaN,NaN,NaN,NaN,NaN,NaN,NaN,NaN,NaN,NaN,NaN,NaN,NaN,NaN,NaN,NaN,NaN,NaN,NaN,NaN,NaN,NaN,NaN,NaN,NaN,NaN,NaN,NaN,NaN,NaN,NaN,NaN,NaN,NaN,NaN,NaN,NaN,NaN,NaN,NaN,NaN,NaN,NaN,NaN,NaN,NaN,NaN,NaN,NaN,-0.0800373400918177,-0.0791348557939198,-0.0778084295509143,-0.0753064652413431,-0.0730383349028929,-0.0719204222007382,-0.0709562249060826,-0.0706767865105455,NaN,-0.0635414818900201,-0.0633826712268433,-0.0633327926497159,-0.0633547844124082,-0.0632556748305872,-0.0631542213479032,-0.0630765635547841,-0.0633434497508074,-0.0636745759780097,-0.0643657303623428,NaN,NaN,-0.0519352226345854,-0.0602222953094231,-0.060373447230016,-0.0601897679515917,-0.0599712361661779,-0.0599063766012558,-0.0598514640934911,-0.0598341017828646,-0.0599333485422609,-0.060358179209833,-0.0611533838586591,-0.0603033530508266,NaN,-0.0704321381550357,-0.0722374790715659,-0.0728050399810504,-0.0734278748829799,NaN,NaN,NaN,NaN,NaN,NaN,NaN,NaN,NaN,NaN,NaN,0.106923665451123,0.0988558139267271,0.0961653172243116,NaN,NaN,NaN,NaN,NaN,NaN,NaN,NaN,NaN,NaN,NaN,NaN,NaN,NaN,NaN,NaN,NaN,NaN,NaN,NaN,NaN,NaN,NaN,NaN,NaN,NaN,NaN,NaN,NaN,NaN,NaN,NaN,NaN,NaN,NaN,NaN,NaN,NaN,NaN,NaN,NaN,NaN,NaN,NaN,NaN,NaN,NaN,NaN,NaN,NaN,NaN,NaN,NaN,NaN,NaN,NaN,NaN,NaN,NaN,NaN,NaN,NaN,NaN,NaN,NaN,NaN,NaN,NaN,NaN,NaN,NaN,NaN,NaN,NaN,NaN,NaN,NaN,NaN,NaN,NaN,NaN,NaN,NaN
NaN,NaN,NaN,NaN,NaN,NaN,NaN,NaN,NaN,NaN,NaN,NaN,NaN,NaN,NaN,NaN,NaN,NaN,NaN,NaN,NaN,NaN,NaN,NaN,NaN,NaN,NaN,NaN,NaN,NaN,NaN,NaN,NaN,NaN,NaN,NaN,NaN,NaN,NaN,NaN,NaN,NaN,NaN,NaN,NaN,NaN,NaN,NaN,NaN,NaN,NaN,NaN,NaN,NaN,NaN,NaN,NaN,NaN,NaN,NaN,NaN,NaN,NaN,NaN,NaN,NaN,NaN,NaN,NaN,NaN,NaN,NaN,NaN,NaN,NaN,NaN,NaN,NaN,NaN,NaN,NaN,NaN,NaN,NaN,NaN,NaN,NaN,NaN,NaN,NaN,NaN,NaN,NaN,NaN,NaN,NaN,NaN,NaN,NaN,NaN,NaN,NaN,NaN,NaN,NaN,NaN,NaN,NaN,NaN,NaN,-0.0814719663878097,-0.0800761015792698,-0.077701615049225,-0.0751813075280964,-0.0732286561663088,-0.0722054693641839,-0.0713784363570882,-0.0709514043993785,NaN,NaN,NaN,NaN,NaN,NaN,-0.0629882684027262,-0.0628167484114599,-0.0631364671726377,-0.063309509643147,NaN,NaN,NaN,-0.0542660150089998,-0.060497177719004,-0.0604012244779758,-0.0601998708043191,-0.0599874736289933,-0.0597667631071414,-0.0597105995421455,-0.0596599359783541,-0.0597127142457249,-0.059947141156766,-0.0561487894189098,NaN,NaN,NaN,-0.0760786571499217,-0.0768871601064909,-0.0795373500089741,-0.0822116720134149,NaN,NaN,NaN,NaN,NaN,NaN,NaN,NaN,NaN,NaN,NaN,0.0812805692557003,0.0796093071817353,0.0625865721483258,0.0595229783367739,NaN,NaN,NaN,NaN,NaN,NaN,NaN,NaN,NaN,NaN,NaN,NaN,NaN,NaN,NaN,NaN,NaN,NaN,NaN,NaN,NaN,NaN,NaN,NaN,NaN,NaN,NaN,NaN,NaN,NaN,NaN,NaN,NaN,NaN,NaN,NaN,NaN,NaN,NaN,NaN,NaN,NaN,NaN,NaN,NaN,NaN,NaN,NaN,NaN,NaN,NaN,NaN,NaN,NaN,NaN,NaN,NaN,NaN,NaN,NaN,NaN,NaN,NaN,NaN,NaN,NaN,NaN,NaN,NaN,NaN,NaN,NaN,NaN,NaN,NaN,NaN,NaN,NaN,NaN,NaN,NaN
NaN,NaN,NaN,NaN,NaN,NaN,NaN,NaN,NaN,NaN,NaN,NaN,NaN,NaN,NaN,NaN,NaN,NaN,NaN,NaN,NaN,NaN,NaN,NaN,NaN,NaN,NaN,NaN,NaN,NaN,NaN,NaN,NaN,NaN,NaN,NaN,NaN,NaN,NaN,NaN,NaN,NaN,NaN,NaN,NaN,NaN,NaN,NaN,NaN,NaN,NaN,NaN,NaN,NaN,NaN,NaN,NaN,NaN,NaN,NaN,NaN,NaN,NaN,NaN,NaN,NaN,NaN,NaN,NaN,NaN,NaN,NaN,NaN,NaN,NaN,NaN,NaN,NaN,NaN,NaN,NaN,NaN,NaN,NaN,NaN,NaN,NaN,NaN,NaN,NaN,NaN,NaN,NaN,NaN,NaN,NaN,NaN,NaN,NaN,NaN,NaN,NaN,NaN,NaN,NaN,NaN,NaN,NaN,NaN,NaN,-0.0839325150730486,-0.0827956296048345,-0.0798132138218458,-0.0762172159178272,-0.0730485677185555,-0.0720893951859248,-0.0714576585237401,-0.070976825198375,NaN,NaN,NaN,NaN,NaN,NaN,NaN,NaN,NaN,NaN,NaN,NaN,NaN,NaN,-0.0542187620294145,-0.0545837458543417,-0.0543483169668067,-0.0541937342371874,-0.0541552133224984,-0.0593497510176615,-0.0595515051627455,-0.0590582054107498,-0.055532449573852,NaN,NaN,NaN,NaN,-0.0794960807065656,-0.0808907283384469,-0.082412270862347,-0.084691522837057,-0.0867926329899228,NaN,NaN,NaN,NaN,NaN,NaN,NaN,NaN,NaN,NaN,0.0738695372982091,0.0692461657043148,0.0603388996164745,0.0583378523765963,NaN,NaN,NaN,NaN,NaN,NaN,NaN,NaN,NaN,NaN,NaN,NaN,0.00136465217202764,0.00150564883027109,NaN,NaN,NaN,NaN,NaN,NaN,NaN,NaN,NaN,NaN,NaN,NaN,NaN,NaN,NaN,NaN,NaN,NaN,NaN,NaN,NaN,NaN,NaN,NaN,NaN,NaN,NaN,NaN,NaN,NaN,NaN,NaN,NaN,NaN,NaN,NaN,NaN,NaN,NaN,NaN,NaN,NaN,NaN,NaN,NaN,NaN,NaN,NaN,NaN,NaN,NaN,NaN,NaN,NaN,NaN,NaN,NaN,NaN,NaN,NaN,NaN,NaN,NaN,NaN,NaN,NaN,NaN
NaN,NaN,NaN,NaN,NaN,NaN,NaN,NaN,NaN,NaN,NaN,NaN,NaN,NaN,NaN,NaN,NaN,NaN,NaN,NaN,NaN,NaN,NaN,NaN,NaN,NaN,NaN,NaN,NaN,NaN,NaN,NaN,NaN,NaN,NaN,NaN,NaN,NaN,NaN,NaN,NaN,NaN,NaN,NaN,NaN,NaN,NaN,NaN,NaN,NaN,NaN,NaN,NaN,NaN,NaN,NaN,NaN,NaN,NaN,NaN,NaN,NaN,NaN,NaN,NaN,NaN,NaN,NaN,NaN,NaN,NaN,NaN,NaN,NaN,NaN,NaN,NaN,NaN,NaN,NaN,NaN,NaN,NaN,NaN,NaN,NaN,NaN,NaN,NaN,NaN,NaN,NaN,NaN,NaN,NaN,NaN,NaN,NaN,NaN,NaN,NaN,NaN,NaN,NaN,NaN,NaN,NaN,NaN,NaN,NaN,-0.0859608199426287,-0.0857260378390284,-0.0839916886250306,-0.0817077780139754,NaN,NaN,NaN,NaN,NaN,NaN,NaN,NaN,NaN,NaN,NaN,NaN,NaN,NaN,NaN,NaN,NaN,NaN,-0.04365757271819,-0.0440153058026595,NaN,NaN,NaN,NaN,NaN,NaN,NaN,NaN,NaN,NaN,NaN,-0.0741979166456631,-0.0835628910486914,-0.0855887607553456,-0.0878488337693069,-0.0888419732659265,NaN,NaN,NaN,NaN,NaN,NaN,NaN,NaN,NaN,NaN,0.0683243736971292,0.0611509610167148,0.0541302473596562,0.0493488098163613,0.0441135165312497,NaN,NaN,NaN,NaN,NaN,NaN,NaN,NaN,NaN,NaN,0.00174833990822454,0.00173654208709491,0.00132269625789851,NaN,NaN,NaN,NaN,NaN,NaN,NaN,NaN,NaN,NaN,NaN,NaN,NaN,NaN,NaN,NaN,NaN,NaN,NaN,NaN,NaN,NaN,NaN,NaN,NaN,NaN,NaN,NaN,NaN,NaN,NaN,NaN,NaN,NaN,NaN,NaN,NaN,NaN,NaN,NaN,NaN,NaN,NaN,NaN,NaN,NaN,NaN,NaN,NaN,NaN,NaN,NaN,NaN,NaN,NaN,NaN,NaN,NaN,NaN,NaN,NaN,NaN,NaN,NaN,NaN,NaN,NaN
NaN,NaN,NaN,NaN,NaN,NaN,NaN,NaN,NaN,NaN,NaN,NaN,NaN,NaN,NaN,NaN,NaN,NaN,NaN,NaN,NaN,NaN,NaN,NaN,NaN,NaN,NaN,NaN,NaN,NaN,NaN,NaN,NaN,NaN,NaN,NaN,NaN,NaN,NaN,NaN,NaN,NaN,NaN,NaN,NaN,NaN,NaN,NaN,NaN,NaN,NaN,NaN,NaN,NaN,NaN,NaN,NaN,NaN,NaN,NaN,NaN,NaN,NaN,NaN,NaN,NaN,NaN,NaN,NaN,NaN,NaN,NaN,NaN,NaN,NaN,NaN,NaN,NaN,NaN,NaN,NaN,NaN,NaN,NaN,NaN,NaN,NaN,NaN,NaN,NaN,NaN,NaN,NaN,NaN,NaN,NaN,NaN,NaN,NaN,NaN,NaN,NaN,NaN,NaN,NaN,NaN,NaN,NaN,NaN,-0.0904133217908338,-0.0887961571950668,-0.0882081507482467,-0.0873513913232693,-0.0855524625813403,NaN,NaN,NaN,NaN,NaN,NaN,NaN,NaN,NaN,NaN,NaN,NaN,NaN,NaN,NaN,NaN,NaN,NaN,NaN,NaN,NaN,NaN,NaN,NaN,NaN,NaN,NaN,NaN,NaN,NaN,NaN,NaN,-0.0853990955933184,-0.0894773468258374,-0.0907503467180035,-0.0927625916946623,-0.0942994660860159,NaN,NaN,NaN,NaN,NaN,NaN,NaN,NaN,NaN,NaN,0.0536897151301156,0.0469654092053894,0.0423626619469443,0.0372656825321671,0.0317793225932023,0.0296926687987001,0.0277765998205444,0.0266932682737823,NaN,NaN,NaN,NaN,-0.0076606686394938,0.000524993250569539,0.001486455488383,0.00180160837904814,NaN,NaN,NaN,NaN,NaN,NaN,NaN,NaN,NaN,NaN,NaN,NaN,NaN,NaN,NaN,NaN,NaN,NaN,NaN,NaN,NaN,NaN,NaN,NaN,NaN,NaN,NaN,NaN,NaN,NaN,NaN,NaN,NaN,NaN,NaN,NaN,NaN,NaN,NaN,NaN,NaN,NaN,NaN,NaN,NaN,NaN,NaN,NaN,NaN,NaN,NaN,NaN,NaN,NaN,NaN,NaN,NaN,NaN,NaN,NaN,NaN,NaN,NaN,NaN,NaN,NaN,NaN,NaN
NaN,NaN,NaN,NaN,NaN,NaN,NaN,NaN,NaN,NaN,NaN,NaN,NaN,NaN,NaN,NaN,NaN,NaN,NaN,NaN,NaN,NaN,NaN,NaN,NaN,NaN,NaN,NaN,NaN,NaN,NaN,NaN,NaN,NaN,NaN,NaN,NaN,NaN,NaN,NaN,NaN,NaN,NaN,NaN,NaN,NaN,NaN,NaN,NaN,NaN,NaN,NaN,NaN,NaN,NaN,NaN,NaN,NaN,NaN,NaN,NaN,NaN,NaN,NaN,NaN,NaN,NaN,NaN,NaN,NaN,NaN,NaN,NaN,NaN,NaN,NaN,NaN,NaN,NaN,NaN,NaN,NaN,NaN,NaN,NaN,NaN,NaN,NaN,NaN,NaN,NaN,NaN,NaN,NaN,NaN,NaN,NaN,NaN,NaN,NaN,NaN,NaN,NaN,NaN,NaN,NaN,NaN,NaN,-0.0910959617650731,-0.0913683229183561,-0.0908630117014758,-0.0904833422579953,-0.0901536991091657,-0.0894273135514929,NaN,NaN,NaN,NaN,NaN,NaN,NaN,NaN,NaN,NaN,NaN,NaN,NaN,NaN,NaN,NaN,NaN,NaN,NaN,NaN,NaN,NaN,NaN,NaN,NaN,NaN,NaN,NaN,NaN,NaN,NaN,NaN,-0.08227832927382,-0.09246798926537,-0.0942711608702407,-0.0957827460385051,-0.0959103232795093,NaN,NaN,NaN,NaN,NaN,NaN,NaN,NaN,NaN,NaN,NaN,0.0414856531634161,0.037554681901487,0.0340294614466884,0.0304625977222074,0.0284800224781924,0.0258631717777499,0.0225429826934325,0.0208740809014741,NaN,NaN,-0.0102396072352939,-0.0152149004827583,-0.00741437548704843,NaN,NaN,NaN,NaN,NaN,NaN,NaN,NaN,NaN,NaN,NaN,NaN,NaN,NaN,NaN,NaN,NaN,NaN,NaN,NaN,NaN,NaN,NaN,NaN,NaN,NaN,NaN,NaN,NaN,NaN,NaN,NaN,NaN,NaN,NaN,NaN,NaN,NaN,NaN,NaN,NaN,NaN,NaN,NaN,NaN,NaN,NaN,NaN,NaN,NaN,NaN,NaN,NaN,NaN,NaN,NaN,NaN,NaN,NaN,NaN,NaN,NaN,NaN,NaN,NaN,NaN,NaN,NaN,NaN,NaN
NaN,NaN,NaN,NaN,NaN,NaN,NaN,NaN,NaN,NaN,NaN,NaN,NaN,NaN,NaN,NaN,NaN,NaN,NaN,NaN,NaN,NaN,NaN,NaN,NaN,NaN,NaN,NaN,NaN,NaN,NaN,NaN,NaN,NaN,NaN,NaN,NaN,NaN,NaN,NaN,NaN,NaN,NaN,NaN,NaN,NaN,NaN,NaN,NaN,NaN,NaN,NaN,NaN,NaN,NaN,NaN,NaN,NaN,NaN,NaN,NaN,NaN,NaN,NaN,NaN,NaN,NaN,NaN,NaN,NaN,NaN,NaN,NaN,NaN,NaN,NaN,NaN,NaN,NaN,NaN,NaN,NaN,NaN,NaN,NaN,NaN,NaN,NaN,NaN,NaN,NaN,NaN,NaN,NaN,NaN,NaN,NaN,NaN,NaN,NaN,NaN,NaN,NaN,NaN,NaN,NaN,NaN,NaN,-0.0917317991753444,-0.0927218261204726,-0.0926503434146956,-0.0926473869874772,-0.0926382020365551,-0.0928821629965178,NaN,NaN,NaN,NaN,NaN,NaN,NaN,NaN,NaN,NaN,NaN,NaN,NaN,NaN,NaN,NaN,NaN,NaN,NaN,NaN,NaN,NaN,NaN,NaN,NaN,NaN,NaN,NaN,NaN,NaN,NaN,NaN,NaN,-0.0945651013408353,-0.0976063652764056,-0.0983964687173777,-0.0997299908862157,-0.101299021229228,NaN,NaN,NaN,NaN,NaN,NaN,NaN,NaN,NaN,NaN,NaN,0.0341089651693311,0.0307289126023296,0.0277386829885023,0.0251160152487468,0.0216409403504944,0.0170102046287324,0.0132681182062942,NaN,NaN,-0.0153320411209079,-0.0152746673382181,-0.00996531732419521,NaN,NaN,NaN,NaN,NaN,NaN,NaN,NaN,NaN,NaN,NaN,NaN,NaN,NaN,NaN,NaN,NaN,NaN,NaN,NaN,NaN,NaN,NaN,NaN,NaN,NaN,NaN,NaN,NaN,NaN,NaN,NaN,NaN,NaN,NaN,NaN,NaN,NaN,NaN,NaN,NaN,NaN,NaN,NaN,NaN,NaN,NaN,NaN,NaN,NaN,NaN,NaN,NaN,NaN,NaN,NaN,NaN,NaN,NaN,NaN,NaN,NaN,NaN,NaN,NaN,NaN,NaN,NaN,NaN,NaN
NaN,NaN,NaN,NaN,NaN,NaN,NaN,NaN,NaN,NaN,NaN,NaN,NaN,NaN,NaN,NaN,NaN,NaN,NaN,NaN,NaN,NaN,NaN,NaN,NaN,NaN,NaN,NaN,NaN,NaN,NaN,NaN,NaN,NaN,NaN,NaN,NaN,NaN,NaN,NaN,NaN,NaN,NaN,NaN,NaN,NaN,NaN,NaN,NaN,NaN,NaN,NaN,NaN,NaN,NaN,NaN,NaN,NaN,NaN,NaN,NaN,NaN,NaN,NaN,NaN,NaN,NaN,NaN,NaN,NaN,NaN,NaN,NaN,NaN,NaN,NaN,NaN,NaN,NaN,NaN,NaN,NaN,NaN,NaN,NaN,NaN,NaN,NaN,NaN,NaN,NaN,NaN,NaN,NaN,NaN,NaN,NaN,NaN,NaN,NaN,NaN,NaN,NaN,NaN,NaN,NaN,NaN,NaN,-0.0899747519861663,-0.0944956146823568,-0.0947561872369122,-0.0948932947884958,-0.095140488492092,-0.0958530763920503,-0.0917892313676617,NaN,NaN,NaN,NaN,NaN,NaN,NaN,NaN,NaN,NaN,NaN,NaN,NaN,NaN,NaN,NaN,NaN,NaN,NaN,NaN,NaN,NaN,NaN,NaN,NaN,NaN,NaN,NaN,NaN,NaN,NaN,NaN,NaN,-0.10073602627279,-0.101448893758948,-0.103127659556504,-0.103740359538051,NaN,NaN,NaN,NaN,NaN,NaN,NaN,NaN,NaN,NaN,NaN,NaN,0.0273475652911716,0.0241019388967103,0.0204552648985343,0.0163790334637989,0.00908468675081695,0.000912567957148299,-0.00959025059367138,-0.0125893548577265,-0.0151041589458214,-0.0152682988417103,NaN,NaN,NaN,NaN,NaN,NaN,NaN,NaN,NaN,NaN,NaN,NaN,NaN,NaN,NaN,NaN,NaN,NaN,NaN,NaN,NaN,NaN,NaN,NaN,NaN,NaN,NaN,NaN,NaN,NaN,NaN,NaN,NaN,NaN,NaN,NaN,NaN,NaN,NaN,NaN,NaN,NaN,NaN,NaN,NaN,NaN,NaN,NaN,NaN,NaN,NaN,NaN,NaN,NaN,NaN,NaN,NaN,NaN,NaN,NaN,NaN,NaN,NaN,NaN,NaN,NaN,NaN,NaN,NaN,NaN,NaN
NaN,NaN,NaN,NaN,NaN,NaN,NaN,NaN,NaN,NaN,NaN,NaN,NaN,NaN,NaN,NaN,NaN,NaN,NaN,NaN,NaN,NaN,NaN,NaN,NaN,NaN,NaN,NaN,NaN,NaN,NaN,NaN,NaN,NaN,NaN,NaN,NaN,NaN,NaN,NaN,NaN,NaN,NaN,NaN,NaN,NaN,NaN,NaN,NaN,NaN,NaN,NaN,NaN,NaN,NaN,NaN,NaN,NaN,NaN,NaN,NaN,NaN,NaN,NaN,NaN,NaN,NaN,NaN,NaN,NaN,NaN,NaN,NaN,NaN,NaN,NaN,NaN,NaN,NaN,NaN,NaN,NaN,NaN,NaN,NaN,NaN,NaN,NaN,NaN,NaN,NaN,NaN,NaN,NaN,NaN,NaN,NaN,NaN,NaN,NaN,NaN,NaN,NaN,NaN,NaN,NaN,NaN,NaN,NaN,-0.096961430988907,-0.097062308687767,-0.097265198468543,-0.0976920730797691,-0.0981213333001284,-0.0983211033892069,NaN,NaN,NaN,NaN,NaN,NaN,NaN,NaN,NaN,NaN,NaN,NaN,NaN,NaN,NaN,NaN,NaN,NaN,NaN,NaN,NaN,NaN,NaN,NaN,NaN,NaN,NaN,NaN,NaN,NaN,NaN,NaN,NaN,-0.10420994766969,-0.104839446373288,-0.106074172077695,-0.107636699715722,-0.111174708722662,-0.111086238670529,NaN,NaN,NaN,NaN,NaN,NaN,NaN,NaN,NaN,NaN,NaN,0.0202977793734269,0.0163789250240665,0.00992439853087063,0.00181438666405611,-0.00527165349020455,-0.0108099578442648,-0.0133361898804539,-0.0153318108323536,-0.0157170049437864,NaN,NaN,NaN,NaN,NaN,NaN,NaN,NaN,NaN,NaN,NaN,NaN,NaN,NaN,NaN,NaN,NaN,NaN,NaN,NaN,NaN,NaN,NaN,NaN,NaN,NaN,NaN,NaN,NaN,NaN,NaN,NaN,NaN,NaN,NaN,NaN,NaN,NaN,NaN,NaN,NaN,NaN,NaN,NaN,NaN,NaN,NaN,NaN,NaN,NaN,NaN,NaN,NaN,NaN,NaN,NaN,NaN,NaN,NaN,NaN,NaN,NaN,NaN,NaN,NaN,NaN,NaN,NaN,NaN,NaN,NaN
NaN,NaN,NaN,NaN,NaN,NaN,NaN,NaN,NaN,NaN,NaN,NaN,NaN,NaN,NaN,NaN,NaN,NaN,NaN,NaN,NaN,NaN,NaN,NaN,NaN,NaN,NaN,NaN,NaN,NaN,NaN,NaN,NaN,NaN,NaN,NaN,NaN,NaN,NaN,NaN,NaN,NaN,NaN,NaN,NaN,NaN,NaN,NaN,NaN,NaN,NaN,NaN,NaN,NaN,NaN,NaN,NaN,NaN,NaN,NaN,NaN,NaN,NaN,NaN,NaN,NaN,NaN,NaN,NaN,NaN,NaN,NaN,NaN,NaN,NaN,NaN,NaN,NaN,NaN,NaN,NaN,NaN,NaN,NaN,NaN,NaN,NaN,NaN,NaN,NaN,NaN,NaN,NaN,NaN,NaN,NaN,NaN,NaN,NaN,NaN,NaN,NaN,NaN,NaN,NaN,NaN,NaN,NaN,NaN,-0.0982984825499813,-0.0987875576717104,-0.0995438858442256,-0.0999956967801203,-0.0999772181679682,-0.0939702466680583,NaN,NaN,NaN,NaN,NaN,NaN,NaN,NaN,NaN,NaN,NaN,NaN,NaN,NaN,NaN,NaN,NaN,NaN,NaN,NaN,NaN,NaN,NaN,NaN,NaN,NaN,NaN,NaN,NaN,NaN,NaN,NaN,NaN,-0.0961757158967691,-0.106392089157215,-0.107910616631854,-0.109657022201898,-0.112203009285924,-0.113866977130472,-0.112169609394095,NaN,NaN,NaN,NaN,NaN,NaN,NaN,NaN,NaN,NaN,NaN,0.0118436086442102,0.00688476127958065,-0.00500103724649473,-0.0105156728977646,-0.012773541885147,-0.0149681430597585,-0.0169886185648499,-0.0188498289264933,-0.0226558667605443,-0.0235552529174753,NaN,NaN,NaN,NaN,NaN,NaN,NaN,NaN,NaN,NaN,NaN,NaN,NaN,NaN,NaN,NaN,NaN,NaN,NaN,NaN,NaN,NaN,NaN,NaN,NaN,NaN,NaN,NaN,NaN,NaN,NaN,NaN,NaN,NaN,NaN,NaN,NaN,NaN,NaN,NaN,NaN,NaN,NaN,NaN,NaN,NaN,NaN,NaN,NaN,NaN,NaN,NaN,NaN,NaN,NaN,NaN,NaN,NaN,NaN,NaN,NaN,NaN,NaN,NaN,NaN,NaN,NaN,NaN,NaN
NaN,NaN,NaN,NaN,NaN,NaN,NaN,NaN,NaN,NaN,NaN,NaN,NaN,NaN,NaN,NaN,NaN,NaN,NaN,NaN,NaN,NaN,NaN,NaN,NaN,NaN,NaN,NaN,NaN,NaN,NaN,NaN,NaN,NaN,NaN,NaN,NaN,NaN,NaN,NaN,NaN,NaN,NaN,NaN,NaN,NaN,NaN,NaN,NaN,NaN,NaN,NaN,NaN,NaN,NaN,NaN,NaN,NaN,NaN,NaN,NaN,NaN,NaN,NaN,NaN,NaN,NaN,NaN,NaN,NaN,NaN,NaN,NaN,NaN,NaN,NaN,NaN,NaN,NaN,NaN,NaN,NaN,NaN,NaN,NaN,NaN,NaN,NaN,NaN,NaN,NaN,NaN,NaN,NaN,NaN,NaN,NaN,NaN,NaN,NaN,NaN,NaN,NaN,NaN,NaN,NaN,NaN,NaN,NaN,-0.0986573487300486,-0.100905892021221,-0.101708096909667,-0.101666269362128,-0.101284768199183,-0.0985271579052335,NaN,NaN,NaN,NaN,NaN,NaN,NaN,NaN,NaN,NaN,NaN,NaN,NaN,NaN,NaN,NaN,NaN,NaN,NaN,NaN,NaN,NaN,NaN,NaN,NaN,NaN,NaN,NaN,NaN,NaN,NaN,NaN,NaN,-0.0768374238069488,-0.0933363556176467,-0.108947460763073,-0.111309732058139,-0.11359845432263,-0.114786189705399,-0.114732297767866,NaN,NaN,NaN,NaN,NaN,NaN,NaN,NaN,NaN,NaN,NaN,NaN,NaN,-0.0119867122702395,-0.0133761083415955,-0.014910742948721,-0.016654624268348,-0.0183891317062859,-0.0205521804290832,-0.02353535740212,-0.0258771128440562,-0.0277189484598247,-0.0275751645767768,NaN,NaN,NaN,NaN,NaN,NaN,NaN,NaN,NaN,NaN,NaN,NaN,NaN,NaN,NaN,NaN,NaN,NaN,NaN,NaN,NaN,NaN,NaN,NaN,NaN,NaN,NaN,NaN,NaN,NaN,NaN,NaN,NaN,NaN,NaN,NaN,NaN,NaN,NaN,NaN,NaN,NaN,NaN,NaN,NaN,NaN,NaN,NaN,NaN,NaN,NaN,NaN,NaN,NaN,NaN,NaN,NaN,NaN,NaN,NaN,NaN,NaN,NaN,NaN,NaN,NaN,NaN
NaN,NaN,NaN,NaN,NaN,NaN,NaN,NaN,NaN,NaN,NaN,NaN,NaN,NaN,NaN,NaN,NaN,NaN,NaN,NaN,NaN,NaN,NaN,NaN,NaN,NaN,NaN,NaN,NaN,NaN,NaN,NaN,NaN,NaN,NaN,NaN,NaN,NaN,NaN,NaN,NaN,NaN,NaN,NaN,NaN,NaN,NaN,NaN,NaN,NaN,NaN,NaN,NaN,NaN,NaN,NaN,NaN,NaN,NaN,NaN,NaN,NaN,NaN,NaN,NaN,NaN,NaN,NaN,NaN,NaN,NaN,NaN,NaN,NaN,NaN,NaN,NaN,NaN,NaN,NaN,NaN,NaN,NaN,NaN,NaN,NaN,NaN,NaN,NaN,NaN,NaN,NaN,NaN,NaN,NaN,NaN,NaN,NaN,NaN,NaN,NaN,NaN,NaN,NaN,NaN,NaN,NaN,NaN,NaN,NaN,-0.104548340154199,-0.103911513821392,-0.102550558604765,-0.101535695105481,-0.10105832772306,NaN,NaN,NaN,NaN,NaN,NaN,NaN,NaN,NaN,NaN,NaN,NaN,NaN,NaN,NaN,NaN,NaN,NaN,NaN,NaN,NaN,NaN,NaN,NaN,NaN,NaN,NaN,NaN,NaN,NaN,NaN,NaN,NaN,-0.0639877491943086,-0.0808374786195008,-0.103229690672602,-0.112310638207654,-0.115363776185076,-0.116235535172946,-0.116051479432317,NaN,NaN,NaN,NaN,NaN,NaN,NaN,NaN,NaN,NaN,NaN,NaN,NaN,NaN,-0.0152781897545495,-0.0156617045893154,-0.0175443940601176,-0.0193476190471744,-0.0216590035726353,-0.0242461437346471,-0.0266864541076871,-0.0282937893296737,-0.0293766654468147,-0.0318589426873754,-0.0303863024283958,NaN,NaN,NaN,NaN,NaN,NaN,NaN,NaN,NaN,NaN,NaN,NaN,NaN,NaN,NaN,NaN,NaN,NaN,NaN,NaN,NaN,NaN,NaN,NaN,NaN,NaN,NaN,NaN,NaN,NaN,NaN,NaN,NaN,NaN,NaN,NaN,NaN,NaN,NaN,NaN,NaN,NaN,NaN,NaN,NaN,NaN,NaN,NaN,NaN,NaN,NaN,NaN,NaN,NaN,NaN,NaN,NaN,NaN,NaN,NaN,NaN,NaN,NaN,NaN,NaN
NaN,NaN,NaN,NaN,NaN,NaN,NaN,NaN,NaN,NaN,NaN,NaN,NaN,NaN,NaN,NaN,NaN,NaN,NaN,NaN,NaN,NaN,NaN,NaN,NaN,NaN,NaN,NaN,NaN,NaN,NaN,NaN,NaN,NaN,NaN,NaN,NaN,NaN,NaN,NaN,NaN,NaN,NaN,NaN,NaN,NaN,NaN,NaN,NaN,NaN,NaN,NaN,NaN,NaN,NaN,NaN,NaN,NaN,NaN,NaN,NaN,NaN,NaN,NaN,NaN,NaN,NaN,NaN,NaN,NaN,NaN,NaN,NaN,NaN,NaN,NaN,NaN,NaN,NaN,NaN,NaN,NaN,NaN,NaN,NaN,NaN,NaN,NaN,NaN,NaN,NaN,NaN,NaN,NaN,NaN,NaN,NaN,NaN,NaN,NaN,NaN,NaN,NaN,NaN,NaN,NaN,NaN,NaN,NaN,NaN,-0.108037373018008,-0.107186572699837,-0.103627557382553,NaN,NaN,NaN,NaN,NaN,NaN,NaN,NaN,NaN,NaN,NaN,NaN,NaN,NaN,NaN,NaN,NaN,NaN,NaN,NaN,NaN,NaN,NaN,NaN,NaN,NaN,NaN,NaN,NaN,NaN,NaN,NaN,NaN,NaN,NaN,-0.05302434478603,-0.0643326791410206,-0.0812710279993079,NaN,-0.118337969242699,-0.117882037587755,-0.117594981469971,NaN,NaN,NaN,NaN,NaN,NaN,NaN,NaN,NaN,NaN,NaN,NaN,NaN,NaN,-0.0150147385712612,-0.0156207484065265,-0.0178236791471894,-0.0194845271831398,-0.0218265346868435,-0.0250531487987841,-0.0278953950880496,-0.0298342836510196,-0.0314592942143421,-0.0333638025533535,-0.0346184570231849,NaN,NaN,NaN,NaN,NaN,NaN,NaN,NaN,NaN,NaN,NaN,NaN,NaN,NaN,NaN,NaN,NaN,NaN,NaN,NaN,NaN,NaN,NaN,NaN,NaN,NaN,NaN,NaN,NaN,NaN,NaN,NaN,NaN,NaN,NaN,NaN,NaN,NaN,NaN,NaN,NaN,NaN,NaN,NaN,NaN,NaN,NaN,NaN,NaN,NaN,NaN,NaN,NaN,NaN,NaN,NaN,NaN,NaN,NaN,NaN,NaN,NaN,NaN,NaN,NaN
NaN,NaN,NaN,NaN,NaN,NaN,NaN,NaN,NaN,NaN,NaN,NaN,NaN,NaN,NaN,NaN,NaN,NaN,NaN,NaN,NaN,NaN,NaN,NaN,NaN,NaN,NaN,NaN,NaN,NaN,NaN,NaN,NaN,NaN,NaN,NaN,NaN,NaN,NaN,NaN,NaN,NaN,NaN,NaN,NaN,NaN,NaN,NaN,NaN,NaN,NaN,NaN,NaN,NaN,NaN,NaN,NaN,NaN,NaN,NaN,NaN,NaN,NaN,NaN,NaN,NaN,NaN,NaN,NaN,NaN,NaN,NaN,NaN,NaN,NaN,NaN,NaN,NaN,NaN,NaN,NaN,NaN,NaN,NaN,NaN,NaN,NaN,NaN,NaN,NaN,NaN,NaN,NaN,NaN,NaN,NaN,NaN,NaN,NaN,NaN,NaN,NaN,NaN,NaN,NaN,NaN,NaN,NaN,NaN,NaN,-0.113800577652753,-0.113811958141223,NaN,NaN,NaN,NaN,NaN,NaN,NaN,NaN,NaN,NaN,NaN,NaN,NaN,NaN,NaN,NaN,NaN,NaN,NaN,NaN,NaN,NaN,NaN,NaN,NaN,NaN,NaN,NaN,NaN,NaN,NaN,NaN,NaN,NaN,NaN,NaN,NaN,NaN,NaN,NaN,-0.119104786139135,-0.119196915609998,-0.119888707392131,-0.120823384827152,NaN,NaN,NaN,NaN,NaN,NaN,NaN,NaN,NaN,NaN,NaN,NaN,NaN,NaN,NaN,-0.0189676572910697,-0.0201792681928921,-0.0225484059858724,-0.0260777893976018,-0.0292027620419393,-0.0317983769196252,-0.0345034516184758,-0.0373607983588068,-0.0394658363342153,-0.0421077674822562,NaN,NaN,NaN,NaN,NaN,NaN,NaN,NaN,NaN,NaN,NaN,NaN,NaN,NaN,NaN,NaN,NaN,NaN,NaN,NaN,NaN,NaN,NaN,NaN,NaN,NaN,NaN,NaN,NaN,NaN,NaN,NaN,NaN,NaN,NaN,NaN,NaN,NaN,NaN,NaN,NaN,NaN,NaN,NaN,NaN,NaN,NaN,NaN,NaN,NaN,NaN,NaN,NaN,NaN,NaN,NaN,NaN,NaN,NaN,NaN,NaN,NaN,NaN,NaN
NaN,NaN,NaN,NaN,NaN,NaN,NaN,NaN,NaN,NaN,NaN,NaN,NaN,NaN,NaN,NaN,NaN,NaN,NaN,NaN,NaN,NaN,NaN,NaN,NaN,NaN,NaN,NaN,NaN,NaN,NaN,NaN,NaN,NaN,NaN,NaN,NaN,NaN,NaN,NaN,NaN,NaN,NaN,NaN,NaN,NaN,NaN,NaN,NaN,NaN,NaN,NaN,NaN,NaN,NaN,NaN,NaN,NaN,NaN,NaN,NaN,NaN,NaN,NaN,NaN,NaN,NaN,NaN,NaN,NaN,NaN,NaN,NaN,NaN,NaN,NaN,NaN,NaN,NaN,NaN,NaN,NaN,NaN,NaN,NaN,NaN,NaN,NaN,NaN,NaN,NaN,NaN,NaN,NaN,NaN,NaN,NaN,NaN,NaN,NaN,NaN,NaN,NaN,NaN,NaN,NaN,NaN,NaN,NaN,NaN,-0.120386957320704,-0.120985586083281,-0.123587177509652,NaN,NaN,NaN,NaN,NaN,NaN,NaN,NaN,NaN,NaN,NaN,NaN,NaN,NaN,NaN,NaN,NaN,NaN,NaN,NaN,NaN,NaN,NaN,NaN,NaN,NaN,NaN,NaN,NaN,NaN,NaN,NaN,NaN,NaN,NaN,NaN,NaN,NaN,NaN,-0.112486206295782,-0.120129118773428,-0.120870788603062,-0.121462185327899,NaN,NaN,NaN,NaN,NaN,NaN,NaN,NaN,NaN,NaN,NaN,NaN,NaN,NaN,NaN,NaN,-0.0208854693989621,-0.0230704594684427,-0.0282265299655485,-0.0315314963338101,-0.0347516656969746,-0.0383824008316526,-0.0408288503176768,-0.0424191705844028,-0.0434634662133277,-0.0445798869391814,NaN,NaN,NaN,NaN,NaN,NaN,NaN,NaN,NaN,NaN,NaN,NaN,NaN,NaN,NaN,NaN,NaN,NaN,NaN,NaN,NaN,NaN,NaN,NaN,NaN,NaN,NaN,NaN,NaN,NaN,NaN,NaN,NaN,NaN,NaN,NaN,NaN,NaN,NaN,NaN,NaN,NaN,NaN,NaN,NaN,NaN,NaN,NaN,NaN,NaN,NaN,NaN,NaN,NaN,NaN,NaN,NaN,NaN,NaN,NaN,NaN,NaN,NaN
NaN,NaN,NaN,NaN,NaN,NaN,NaN,NaN,NaN,NaN,NaN,NaN,NaN,NaN,NaN,NaN,NaN,NaN,NaN,NaN,NaN,NaN,NaN,NaN,NaN,NaN,NaN,NaN,NaN,NaN,NaN,NaN,NaN,NaN,NaN,NaN,NaN,NaN,NaN,NaN,NaN,NaN,NaN,NaN,NaN,NaN,NaN,NaN,NaN,NaN,NaN,NaN,NaN,NaN,NaN,NaN,NaN,NaN,NaN,NaN,NaN,NaN,NaN,NaN,NaN,NaN,NaN,NaN,NaN,NaN,NaN,NaN,NaN,NaN,NaN,NaN,NaN,NaN,NaN,NaN,NaN,NaN,NaN,NaN,NaN,NaN,NaN,NaN,NaN,NaN,NaN,NaN,NaN,NaN,NaN,NaN,NaN,NaN,NaN,NaN,NaN,NaN,NaN,NaN,NaN,NaN,NaN,NaN,NaN,NaN,-0.124426063114889,-0.124565839901717,-0.124842130109863,NaN,NaN,NaN,NaN,NaN,NaN,NaN,NaN,NaN,NaN,NaN,NaN,NaN,NaN,NaN,NaN,NaN,NaN,NaN,NaN,NaN,NaN,NaN,NaN,NaN,NaN,NaN,NaN,NaN,NaN,NaN,NaN,NaN,NaN,NaN,NaN,NaN,NaN,NaN,NaN,-0.121218962201645,-0.124069087561365,-0.126446433580313,NaN,NaN,NaN,NaN,NaN,NaN,NaN,NaN,NaN,NaN,NaN,NaN,NaN,NaN,NaN,NaN,NaN,NaN,-0.0315146291040022,-0.0342970257460848,-0.0382054461389998,-0.0413249433678894,-0.0435464198103791,-0.045416946007543,-0.0460949795479199,-0.0461784373700437,NaN,NaN,NaN,NaN,NaN,NaN,NaN,NaN,NaN,NaN,NaN,NaN,NaN,NaN,NaN,NaN,NaN,NaN,NaN,NaN,NaN,NaN,NaN,NaN,NaN,NaN,NaN,NaN,NaN,NaN,NaN,NaN,NaN,NaN,NaN,NaN,NaN,NaN,NaN,NaN,NaN,NaN,NaN,NaN,NaN,NaN,NaN,NaN,NaN,NaN,NaN,NaN,NaN,NaN,NaN,NaN,NaN,NaN,NaN,NaN,NaN,NaN,NaN
NaN,NaN,NaN,NaN,NaN,NaN,NaN,NaN,NaN,NaN,NaN,NaN,NaN,NaN,NaN,NaN,NaN,NaN,NaN,NaN,NaN,NaN,NaN,NaN,NaN,NaN,NaN,NaN,NaN,NaN,NaN,NaN,NaN,NaN,NaN,NaN,NaN,NaN,NaN,NaN,NaN,NaN,NaN,NaN,NaN,NaN,NaN,NaN,NaN,NaN,NaN,NaN,NaN,NaN,NaN,NaN,NaN,NaN,NaN,NaN,NaN,NaN,NaN,NaN,NaN,NaN,NaN,NaN,NaN,NaN,NaN,NaN,NaN,NaN,NaN,NaN,NaN,NaN,NaN,NaN,NaN,NaN,NaN,NaN,NaN,NaN,NaN,NaN,NaN,NaN,NaN,NaN,NaN,NaN,NaN,NaN,NaN,NaN,NaN,NaN,NaN,NaN,NaN,NaN,NaN,NaN,NaN,NaN,NaN,NaN,-0.127626221024778,-0.127128433809081,-0.126945313999875,NaN,NaN,NaN,NaN,NaN,NaN,NaN,NaN,NaN,NaN,NaN,NaN,NaN,NaN,NaN,NaN,NaN,NaN,NaN,NaN,NaN,NaN,NaN,NaN,NaN,NaN,NaN,NaN,NaN,NaN,NaN,NaN,NaN,NaN,NaN,NaN,NaN,NaN,NaN,NaN,NaN,-0.130651994812343,-0.131115855726428,-0.131783574274972,NaN,NaN,NaN,NaN,NaN,NaN,NaN,NaN,NaN,NaN,NaN,NaN,NaN,NaN,NaN,NaN,NaN,NaN,-0.0319545023418563,-0.0412992074568431,-0.0439685200971481,-0.0472242368837055,-0.049687194408188,-0.0512381902781949,-0.0515332483469026,NaN,NaN,NaN,NaN,NaN,NaN,NaN,NaN,NaN,NaN,NaN,NaN,NaN,NaN,NaN,NaN,NaN,NaN,NaN,NaN,NaN,NaN,NaN,NaN,NaN,NaN,NaN,NaN,NaN,NaN,NaN,NaN,NaN,NaN,NaN,NaN,NaN,NaN,NaN,NaN,NaN,NaN,NaN,NaN,NaN,NaN,NaN,NaN,NaN,NaN,NaN,NaN,NaN,NaN,NaN,NaN,NaN,NaN,NaN,NaN,NaN,NaN,NaN
NaN,NaN,NaN,NaN,NaN,NaN,NaN,NaN,NaN,NaN,NaN,NaN,NaN,NaN,NaN,NaN,NaN,NaN,NaN,NaN,NaN,NaN,NaN,NaN,NaN,NaN,NaN,NaN,NaN,NaN,NaN,NaN,NaN,NaN,NaN,NaN,NaN,NaN,NaN,NaN,NaN,NaN,NaN,NaN,NaN,NaN,NaN,NaN,NaN,NaN,NaN,NaN,NaN,NaN,NaN,NaN,NaN,NaN,NaN,NaN,NaN,NaN,NaN,NaN,NaN,NaN,NaN,NaN,NaN,NaN,NaN,NaN,NaN,NaN,NaN,NaN,NaN,NaN,NaN,NaN,NaN,NaN,NaN,NaN,NaN,NaN,NaN,NaN,NaN,NaN,NaN,NaN,NaN,NaN,NaN,NaN,NaN,NaN,NaN,NaN,NaN,NaN,NaN,NaN,-0.132091962107838,-0.157777536575718,NaN,NaN,-0.144213063391062,-0.138284203517127,-0.134397928039556,-0.131348840011764,-0.130352912887805,NaN,NaN,NaN,NaN,NaN,NaN,NaN,NaN,NaN,NaN,NaN,NaN,NaN,NaN,NaN,NaN,NaN,NaN,NaN,NaN,NaN,NaN,NaN,NaN,NaN,NaN,NaN,NaN,NaN,NaN,NaN,NaN,NaN,NaN,NaN,NaN,NaN,NaN,NaN,NaN,-0.133010168222078,-0.133479506015258,-0.132375123702333,-0.131819176214349,NaN,NaN,NaN,NaN,NaN,NaN,NaN,NaN,NaN,NaN,NaN,NaN,NaN,NaN,NaN,NaN,NaN,NaN,NaN,-0.0372979298601059,-0.0462838537299302,-0.051599514034628,-0.0549643164459005,-0.0581648051452724,-0.0621959327714364,-0.0695228789744451,-0.070271411322741,NaN,NaN,NaN,NaN,NaN,NaN,NaN,NaN,NaN,NaN,NaN,NaN,NaN,NaN,NaN,NaN,NaN,NaN,NaN,NaN,NaN,NaN,NaN,NaN,NaN,NaN,NaN,NaN,NaN,NaN,NaN,NaN,NaN,NaN,NaN,NaN,NaN,NaN,NaN,NaN,NaN,NaN,NaN,NaN,NaN,NaN,NaN,NaN,NaN,NaN,NaN,NaN,NaN,NaN,NaN,NaN,NaN,NaN,NaN,NaN,NaN
NaN,NaN,NaN,NaN,NaN,NaN,NaN,NaN,NaN,NaN,NaN,NaN,NaN,NaN,NaN,NaN,NaN,NaN,NaN,NaN,NaN,NaN,NaN,NaN,NaN,NaN,NaN,NaN,NaN,NaN,NaN,NaN,NaN,NaN,NaN,NaN,NaN,NaN,NaN,NaN,NaN,NaN,NaN,NaN,NaN,NaN,NaN,NaN,NaN,NaN,NaN,NaN,NaN,NaN,NaN,NaN,NaN,NaN,NaN,NaN,NaN,NaN,NaN,NaN,NaN,NaN,NaN,NaN,NaN,NaN,NaN,NaN,NaN,NaN,NaN,NaN,NaN,NaN,NaN,NaN,NaN,NaN,NaN,NaN,NaN,NaN,NaN,NaN,NaN,NaN,NaN,NaN,NaN,NaN,NaN,NaN,NaN,NaN,NaN,NaN,NaN,NaN,NaN,NaN,-0.16443329855843,-0.169894457498601,NaN,-0.148829115308641,-0.145861953996083,-0.143158505349564,-0.139563134198684,-0.136438380465998,-0.135483672829813,NaN,NaN,NaN,NaN,NaN,NaN,NaN,NaN,NaN,NaN,NaN,NaN,NaN,NaN,NaN,NaN,NaN,NaN,NaN,NaN,NaN,NaN,NaN,NaN,NaN,NaN,NaN,NaN,NaN,NaN,NaN,NaN,NaN,NaN,NaN,NaN,NaN,NaN,NaN,NaN,-0.134626307742051,-0.134128550807771,-0.133155675661269,-0.129089091034148,NaN,NaN,NaN,NaN,NaN,NaN,NaN,NaN,NaN,NaN,NaN,NaN,NaN,NaN,NaN,NaN,NaN,NaN,NaN,NaN,NaN,-0.0561815027783047,-0.0597738711320737,-0.0634177908496053,-0.0680363860658405,-0.0707314291919743,-0.0719353602383516,NaN,NaN,NaN,NaN,NaN,NaN,NaN,NaN,NaN,NaN,NaN,NaN,NaN,NaN,NaN,NaN,NaN,NaN,NaN,NaN,NaN,NaN,NaN,NaN,NaN,NaN,NaN,NaN,NaN,NaN,NaN,NaN,NaN,NaN,NaN,NaN,NaN,NaN,NaN,NaN,NaN,NaN,NaN,NaN,NaN,NaN,NaN,NaN,NaN,NaN,NaN,NaN,NaN,NaN,NaN,NaN,NaN,NaN,NaN,NaN,NaN
NaN,NaN,NaN,NaN,NaN,NaN,NaN,NaN,NaN,NaN,NaN,NaN,NaN,NaN,NaN,NaN,NaN,NaN,NaN,NaN,NaN,NaN,NaN,NaN,NaN,NaN,NaN,NaN,NaN,NaN,NaN,NaN,NaN,NaN,NaN,NaN,NaN,NaN,NaN,NaN,NaN,NaN,NaN,NaN,NaN,NaN,NaN,NaN,NaN,NaN,NaN,NaN,NaN,NaN,NaN,NaN,NaN,NaN,NaN,NaN,NaN,NaN,NaN,NaN,NaN,NaN,NaN,NaN,NaN,NaN,NaN,NaN,NaN,NaN,NaN,NaN,NaN,NaN,NaN,NaN,NaN,NaN,NaN,NaN,NaN,NaN,NaN,NaN,NaN,NaN,NaN,NaN,NaN,NaN,NaN,NaN,NaN,NaN,NaN,NaN,NaN,NaN,NaN,NaN,-0.170449840848381,-0.169267956740418,-0.163192746956815,-0.153078046066503,-0.147547513519977,-0.143759232575874,-0.141171596093454,-0.138775076527789,-0.137854850332925,NaN,NaN,NaN,NaN,NaN,NaN,NaN,NaN,NaN,NaN,NaN,NaN,NaN,NaN,NaN,NaN,NaN,NaN,NaN,NaN,NaN,NaN,NaN,NaN,NaN,NaN,NaN,NaN,NaN,NaN,NaN,NaN,NaN,NaN,NaN,NaN,NaN,NaN,NaN,NaN,-0.13332952532635,-0.135373176993629,-0.132773223776897,NaN,NaN,NaN,NaN,NaN,NaN,NaN,NaN,NaN,NaN,NaN,NaN,NaN,NaN,NaN,NaN,NaN,NaN,NaN,NaN,NaN,NaN,NaN,-0.0634511076763278,-0.0678479934691412,-0.0725439744617307,-0.0752400394984047,-0.0768788348779556,NaN,NaN,NaN,NaN,NaN,NaN,NaN,NaN,NaN,NaN,NaN,NaN,NaN,NaN,NaN,NaN,NaN,NaN,NaN,NaN,NaN,NaN,NaN,NaN,NaN,NaN,NaN,NaN,NaN,NaN,NaN,NaN,NaN,NaN,NaN,NaN,NaN,NaN,NaN,NaN,NaN,NaN,NaN,NaN,NaN,NaN,NaN,NaN,NaN,NaN,NaN,NaN,NaN,NaN,NaN,NaN,NaN,NaN,NaN,NaN,NaN
NaN,NaN,NaN,NaN,NaN,NaN,NaN,NaN,NaN,NaN,NaN,NaN,NaN,NaN,NaN,NaN,NaN,NaN,NaN,NaN,NaN,NaN,NaN,NaN,NaN,NaN,NaN,NaN,NaN,NaN,NaN,NaN,NaN,NaN,NaN,NaN,NaN,NaN,NaN,NaN,NaN,NaN,NaN,NaN,NaN,NaN,NaN,NaN,NaN,NaN,NaN,NaN,NaN,NaN,NaN,NaN,NaN,NaN,NaN,NaN,NaN,NaN,NaN,NaN,NaN,NaN,NaN,NaN,NaN,NaN,NaN,NaN,NaN,NaN,NaN,NaN,NaN,NaN,NaN,NaN,NaN,NaN,NaN,NaN,NaN,NaN,NaN,NaN,NaN,NaN,NaN,NaN,NaN,NaN,NaN,NaN,NaN,NaN,NaN,NaN,NaN,NaN,NaN,-0.173805097518661,-0.174406748032723,-0.170320808375708,-0.163141800369588,-0.154817023771767,-0.147671378021252,-0.143873814869907,-0.142053595774307,-0.135301224835434,-0.137583773532411,NaN,NaN,NaN,NaN,NaN,NaN,NaN,NaN,NaN,NaN,NaN,NaN,NaN,NaN,NaN,NaN,NaN,NaN,NaN,NaN,NaN,NaN,NaN,NaN,NaN,NaN,NaN,NaN,NaN,NaN,NaN,NaN,NaN,NaN,NaN,NaN,NaN,NaN,NaN,NaN,-0.135439297845376,-0.137613462104157,-0.137004060447798,NaN,NaN,NaN,NaN,NaN,NaN,NaN,NaN,NaN,NaN,NaN,NaN,NaN,NaN,NaN,NaN,NaN,NaN,NaN,NaN,NaN,NaN,NaN,NaN,-0.0720213073172084,-0.0786608941565662,-0.0833533016438707,-0.0865564943143865,NaN,NaN,NaN,NaN,NaN,NaN,NaN,NaN,NaN,NaN,NaN,NaN,NaN,NaN,NaN,NaN,NaN,NaN,NaN,NaN,NaN,NaN,NaN,NaN,NaN,NaN,NaN,NaN,NaN,NaN,NaN,NaN,NaN,NaN,NaN,NaN,NaN,NaN,NaN,NaN,NaN,NaN,NaN,NaN,NaN,NaN,NaN,NaN,NaN,NaN,NaN,NaN,NaN,NaN,NaN,NaN,NaN,NaN,NaN,NaN,NaN
NaN,NaN,NaN,NaN,NaN,NaN,NaN,NaN,NaN,NaN,NaN,NaN,NaN,NaN,NaN,NaN,NaN,NaN,NaN,NaN,NaN,NaN,NaN,NaN,NaN,NaN,NaN,NaN,NaN,NaN,NaN,NaN,NaN,NaN,NaN,NaN,NaN,NaN,NaN,NaN,NaN,NaN,NaN,NaN,NaN,NaN,NaN,NaN,NaN,NaN,NaN,NaN,NaN,NaN,NaN,NaN,NaN,NaN,NaN,NaN,NaN,NaN,NaN,NaN,NaN,NaN,NaN,NaN,NaN,NaN,NaN,NaN,NaN,NaN,NaN,NaN,NaN,NaN,NaN,NaN,NaN,NaN,NaN,NaN,NaN,NaN,NaN,NaN,NaN,NaN,NaN,NaN,NaN,NaN,NaN,NaN,NaN,NaN,NaN,NaN,NaN,NaN,NaN,-0.181152465996076,-0.180194207109287,-0.17775756039864,NaN,NaN,NaN,-0.142503496282892,-0.141868949455801,NaN,NaN,NaN,NaN,NaN,NaN,NaN,NaN,NaN,NaN,NaN,NaN,NaN,NaN,NaN,NaN,NaN,NaN,NaN,NaN,NaN,NaN,NaN,NaN,NaN,NaN,NaN,NaN,NaN,NaN,NaN,NaN,NaN,NaN,NaN,NaN,NaN,NaN,NaN,NaN,NaN,NaN,-0.140239647338528,-0.139830280571532,-0.137877102067149,NaN,NaN,NaN,NaN,NaN,NaN,NaN,NaN,NaN,NaN,NaN,NaN,NaN,NaN,NaN,NaN,NaN,NaN,NaN,NaN,NaN,NaN,NaN,NaN,NaN,-0.0918972664873131,-0.094970515667297,-0.101831989224944,-0.108879439117158,NaN,NaN,NaN,NaN,NaN,NaN,NaN,NaN,NaN,NaN,NaN,NaN,NaN,NaN,NaN,NaN,NaN,NaN,NaN,NaN,NaN,NaN,NaN,NaN,NaN,NaN,NaN,NaN,NaN,NaN,NaN,NaN,NaN,NaN,NaN,NaN,NaN,NaN,NaN,NaN,NaN,NaN,NaN,NaN,NaN,NaN,NaN,NaN,NaN,NaN,NaN,NaN,NaN,NaN,NaN,NaN,NaN,NaN,NaN,NaN
NaN,NaN,NaN,NaN,NaN,NaN,NaN,NaN,NaN,NaN,NaN,NaN,NaN,NaN,NaN,NaN,NaN,NaN,NaN,NaN,NaN,NaN,NaN,NaN,NaN,NaN,NaN,NaN,NaN,NaN,NaN,NaN,NaN,NaN,NaN,NaN,NaN,NaN,NaN,NaN,NaN,NaN,NaN,NaN,NaN,NaN,NaN,NaN,NaN,NaN,NaN,NaN,NaN,NaN,NaN,NaN,NaN,NaN,NaN,NaN,NaN,NaN,NaN,NaN,NaN,NaN,NaN,NaN,NaN,NaN,NaN,NaN,NaN,NaN,NaN,NaN,NaN,NaN,NaN,NaN,NaN,NaN,NaN,NaN,NaN,NaN,NaN,NaN,NaN,NaN,NaN,NaN,NaN,NaN,NaN,NaN,NaN,NaN,NaN,NaN,NaN,NaN,NaN,-0.185439493460532,-0.18394138745103,-0.182724233550569,NaN,NaN,NaN,NaN,NaN,NaN,NaN,NaN,NaN,NaN,NaN,NaN,NaN,NaN,NaN,NaN,NaN,NaN,NaN,NaN,NaN,NaN,NaN,NaN,NaN,NaN,NaN,NaN,NaN,NaN,NaN,NaN,NaN,NaN,NaN,NaN,NaN,NaN,NaN,NaN,NaN,NaN,NaN,NaN,NaN,NaN,NaN,-0.142946231706066,-0.143033853605241,NaN,NaN,NaN,NaN,NaN,NaN,NaN,NaN,NaN,NaN,NaN,NaN,NaN,NaN,NaN,NaN,NaN,NaN,NaN,NaN,NaN,NaN,NaN,NaN,NaN,NaN,-0.0976743850111655,-0.10343473481889,-0.108770598001394,-0.113689662269936,-0.120594229445424,-0.12111143769688,NaN,NaN,NaN,NaN,NaN,NaN,NaN,NaN,NaN,NaN,NaN,NaN,NaN,NaN,NaN,NaN,NaN,NaN,NaN,NaN,NaN,NaN,NaN,NaN,NaN,NaN,NaN,NaN,NaN,NaN,NaN,NaN,NaN,NaN,NaN,NaN,NaN,NaN,NaN,NaN,NaN,NaN,NaN,NaN,NaN,NaN,NaN,NaN,NaN,NaN,NaN,NaN,NaN,NaN,NaN,NaN,NaN,NaN
NaN,NaN,NaN,NaN,NaN,NaN,NaN,NaN,NaN,NaN,NaN,NaN,NaN,NaN,NaN,NaN,NaN,NaN,NaN,NaN,NaN,NaN,NaN,NaN,NaN,NaN,NaN,NaN,NaN,NaN,NaN,NaN,NaN,NaN,NaN,NaN,NaN,NaN,NaN,NaN,NaN,NaN,NaN,NaN,NaN,NaN,NaN,NaN,NaN,NaN,NaN,NaN,NaN,NaN,NaN,NaN,NaN,NaN,NaN,NaN,NaN,NaN,NaN,NaN,NaN,NaN,NaN,NaN,NaN,NaN,NaN,NaN,NaN,NaN,NaN,NaN,NaN,NaN,NaN,NaN,NaN,NaN,NaN,NaN,NaN,NaN,NaN,NaN,NaN,NaN,NaN,NaN,NaN,NaN,NaN,NaN,NaN,NaN,NaN,NaN,NaN,-0.197831168835836,-0.2012974268852,-0.193468199283588,-0.1881877513935,-0.166274425092208,NaN,NaN,NaN,NaN,NaN,NaN,NaN,NaN,NaN,NaN,NaN,NaN,NaN,NaN,NaN,NaN,NaN,NaN,NaN,NaN,NaN,NaN,NaN,NaN,NaN,NaN,NaN,NaN,NaN,NaN,NaN,NaN,NaN,NaN,NaN,NaN,NaN,NaN,NaN,NaN,NaN,NaN,NaN,NaN,NaN,NaN,NaN,-0.143987056242702,-0.146284233142907,-0.146655518886745,NaN,NaN,NaN,NaN,NaN,NaN,NaN,NaN,NaN,NaN,NaN,NaN,NaN,NaN,NaN,NaN,NaN,NaN,NaN,NaN,NaN,NaN,NaN,NaN,NaN,NaN,-0.108617182617864,-0.112981155194492,-0.118086161055156,-0.122583431591173,-0.124457847537504,-0.127810935789962,-0.130422521102903,-0.13274673379554,-0.133369191456796,-0.1338754913064,-0.121811490874296,NaN,NaN,NaN,NaN,NaN,NaN,NaN,NaN,NaN,NaN,NaN,NaN,NaN,NaN,NaN,NaN,NaN,NaN,NaN,NaN,NaN,NaN,NaN,NaN,NaN,NaN,NaN,NaN,NaN,NaN,NaN,NaN,NaN,NaN,NaN,NaN,NaN,NaN,NaN,NaN,NaN,NaN,NaN,NaN,NaN,NaN,NaN,NaN,NaN,NaN,NaN,NaN
NaN,NaN,NaN,NaN,NaN,NaN,NaN,NaN,NaN,NaN,NaN,NaN,NaN,NaN,NaN,NaN,NaN,NaN,NaN,NaN,NaN,NaN,NaN,NaN,NaN,NaN,NaN,NaN,NaN,NaN,NaN,NaN,NaN,NaN,NaN,NaN,NaN,NaN,NaN,NaN,NaN,NaN,NaN,NaN,NaN,NaN,NaN,NaN,NaN,NaN,NaN,NaN,NaN,NaN,NaN,NaN,NaN,NaN,NaN,NaN,NaN,NaN,NaN,NaN,NaN,NaN,NaN,NaN,NaN,NaN,NaN,NaN,NaN,NaN,NaN,NaN,NaN,NaN,NaN,NaN,NaN,NaN,NaN,NaN,NaN,NaN,NaN,NaN,NaN,NaN,NaN,NaN,NaN,NaN,NaN,NaN,NaN,NaN,NaN,NaN,NaN,-0.208279988510659,-0.205766000620451,-0.196738759650522,-0.184335991505783,NaN,NaN,NaN,NaN,NaN,NaN,NaN,NaN,NaN,NaN,NaN,NaN,NaN,NaN,NaN,NaN,NaN,NaN,NaN,NaN,NaN,NaN,NaN,NaN,NaN,NaN,NaN,NaN,NaN,NaN,NaN,NaN,NaN,NaN,NaN,NaN,NaN,NaN,NaN,NaN,NaN,NaN,NaN,NaN,NaN,NaN,NaN,NaN,NaN,-0.149128860966259,-0.129199494124985,NaN,NaN,NaN,NaN,NaN,NaN,NaN,NaN,NaN,NaN,NaN,NaN,NaN,NaN,NaN,NaN,NaN,NaN,NaN,NaN,NaN,NaN,NaN,NaN,NaN,NaN,NaN,-0.117099508407063,-0.120413301870142,-0.123607655523817,-0.125070415857002,-0.127108301958219,-0.129769772823714,-0.132219694124774,-0.133366982980507,-0.13415603555244,-0.134459725995118,NaN,NaN,NaN,NaN,NaN,NaN,NaN,NaN,NaN,NaN,NaN,NaN,NaN,NaN,NaN,NaN,NaN,NaN,NaN,NaN,NaN,NaN,NaN,NaN,NaN,NaN,NaN,NaN,NaN,NaN,NaN,NaN,NaN,NaN,NaN,NaN,NaN,NaN,NaN,NaN,NaN,NaN,NaN,NaN,NaN,NaN,NaN,NaN,NaN,NaN,NaN,NaN
NaN,NaN,NaN,NaN,NaN,NaN,NaN,NaN,NaN,NaN,NaN,NaN,NaN,NaN,NaN,NaN,NaN,NaN,NaN,NaN,NaN,NaN,NaN,NaN,NaN,NaN,NaN,NaN,NaN,NaN,NaN,NaN,NaN,NaN,NaN,NaN,NaN,NaN,NaN,NaN,NaN,NaN,NaN,NaN,NaN,NaN,NaN,NaN,NaN,NaN,NaN,NaN,NaN,NaN,NaN,NaN,NaN,NaN,NaN,NaN,NaN,NaN,NaN,NaN,NaN,NaN,NaN,NaN,NaN,NaN,NaN,NaN,NaN,NaN,NaN,NaN,NaN,NaN,NaN,NaN,NaN,NaN,NaN,NaN,NaN,NaN,NaN,NaN,NaN,NaN,NaN,NaN,NaN,NaN,NaN,NaN,NaN,NaN,NaN,NaN,-0.216597323749275,-0.213349727306325,-0.212160581215602,NaN,NaN,NaN,NaN,NaN,NaN,NaN,NaN,NaN,NaN,NaN,NaN,NaN,NaN,NaN,NaN,NaN,NaN,NaN,NaN,NaN,NaN,NaN,NaN,NaN,NaN,NaN,NaN,NaN,NaN,NaN,NaN,NaN,NaN,NaN,NaN,NaN,NaN,NaN,NaN,NaN,NaN,NaN,NaN,NaN,NaN,NaN,NaN,NaN,NaN,NaN,-0.134465493388166,-0.138277431607925,-0.144546639190857,-0.147516644524283,NaN,NaN,NaN,NaN,NaN,NaN,NaN,NaN,NaN,NaN,NaN,NaN,NaN,NaN,NaN,NaN,NaN,NaN,NaN,NaN,NaN,NaN,NaN,NaN,NaN,NaN,-0.122497400160411,-0.123660394259338,-0.125114239210929,-0.12696184102523,-0.129564663759817,-0.133463778810526,-0.13461023596276,-0.135318389919868,-0.135976108716381,-0.136405439406863,NaN,NaN,NaN,NaN,NaN,NaN,NaN,NaN,NaN,NaN,NaN,NaN,NaN,NaN,NaN,NaN,NaN,NaN,NaN,NaN,NaN,NaN,NaN,NaN,NaN,NaN,NaN,NaN,NaN,NaN,NaN,NaN,NaN,NaN,NaN,NaN,NaN,NaN,NaN,NaN,NaN,NaN,NaN,NaN,NaN,NaN,NaN,NaN,NaN,NaN,NaN
NaN,NaN,NaN,NaN,NaN,NaN,NaN,NaN,NaN,NaN,NaN,NaN,NaN,NaN,NaN,NaN,NaN,NaN,NaN,NaN,NaN,NaN,NaN,NaN,NaN,NaN,NaN,NaN,NaN,NaN,NaN,NaN,NaN,NaN,NaN,NaN,NaN,NaN,NaN,NaN,NaN,NaN,NaN,NaN,NaN,NaN,NaN,NaN,NaN,NaN,NaN,NaN,NaN,NaN,NaN,NaN,NaN,NaN,NaN,NaN,NaN,NaN,NaN,NaN,NaN,NaN,NaN,NaN,NaN,NaN,NaN,NaN,NaN,NaN,NaN,NaN,NaN,NaN,NaN,NaN,NaN,NaN,NaN,NaN,NaN,NaN,NaN,NaN,NaN,NaN,NaN,NaN,NaN,NaN,NaN,NaN,NaN,NaN,NaN,-0.214740169499728,-0.219185141922828,-0.215944721996705,-0.211285803313491,NaN,NaN,NaN,NaN,NaN,NaN,NaN,NaN,NaN,NaN,NaN,NaN,NaN,NaN,NaN,NaN,NaN,NaN,NaN,NaN,NaN,NaN,NaN,NaN,NaN,NaN,NaN,NaN,NaN,NaN,NaN,NaN,NaN,NaN,NaN,NaN,NaN,NaN,NaN,NaN,NaN,NaN,NaN,NaN,NaN,NaN,NaN,NaN,NaN,NaN,NaN,-0.117644358851709,-0.14163220469791,-0.14513692729235,-0.148854919639426,-0.150491208990836,NaN,NaN,NaN,NaN,NaN,NaN,NaN,NaN,NaN,NaN,NaN,NaN,NaN,NaN,NaN,NaN,NaN,NaN,NaN,NaN,NaN,NaN,NaN,NaN,NaN,NaN,NaN,NaN,NaN,NaN,-0.135859486435789,-0.136128536370442,-0.136855299277871,-0.137011635749884,-0.136616927368146,NaN,NaN,NaN,NaN,NaN,NaN,NaN,NaN,NaN,NaN,NaN,NaN,NaN,NaN,NaN,NaN,NaN,NaN,NaN,NaN,NaN,NaN,NaN,NaN,NaN,NaN,NaN,NaN,NaN,NaN,NaN,NaN,NaN,NaN,NaN,NaN,NaN,NaN,NaN,NaN,NaN,NaN,NaN,NaN,NaN,NaN,NaN,NaN,NaN,NaN,NaN
NaN,NaN,NaN,NaN,NaN,NaN,NaN,NaN,NaN,NaN,NaN,NaN,NaN,NaN,NaN,NaN,NaN,NaN,NaN,NaN,NaN,NaN,NaN,NaN,NaN,NaN,NaN,NaN,NaN,NaN,NaN,NaN,NaN,NaN,NaN,NaN,NaN,NaN,NaN,NaN,NaN,NaN,NaN,NaN,NaN,NaN,NaN,NaN,NaN,NaN,NaN,NaN,NaN,NaN,NaN,NaN,NaN,NaN,NaN,NaN,NaN,NaN,NaN,NaN,NaN,NaN,NaN,NaN,NaN,NaN,NaN,NaN,NaN,NaN,NaN,NaN,NaN,NaN,NaN,NaN,NaN,NaN,NaN,NaN,NaN,NaN,NaN,NaN,NaN,NaN,NaN,NaN,NaN,NaN,NaN,NaN,NaN,NaN,NaN,-0.224069695576007,-0.222707660426416,-0.217873841321818,NaN,NaN,NaN,NaN,NaN,NaN,NaN,NaN,NaN,NaN,NaN,NaN,NaN,NaN,NaN,NaN,NaN,NaN,NaN,NaN,NaN,NaN,NaN,NaN,NaN,NaN,NaN,NaN,NaN,NaN,NaN,NaN,NaN,NaN,NaN,NaN,NaN,NaN,NaN,NaN,NaN,NaN,NaN,NaN,NaN,NaN,NaN,NaN,NaN,NaN,NaN,NaN,NaN,NaN,NaN,-0.151397610243016,-0.151193575136126,NaN,NaN,NaN,NaN,NaN,NaN,NaN,NaN,NaN,NaN,NaN,NaN,NaN,NaN,NaN,NaN,NaN,NaN,NaN,NaN,NaN,NaN,NaN,NaN,NaN,NaN,NaN,NaN,NaN,NaN,-0.135553446824245,-0.137330776018284,-0.138220062361342,-0.138144440125781,-0.137390198209224,NaN,NaN,NaN,NaN,NaN,NaN,NaN,NaN,NaN,NaN,NaN,NaN,NaN,NaN,NaN,NaN,NaN,NaN,NaN,NaN,NaN,NaN,NaN,NaN,NaN,NaN,NaN,NaN,NaN,NaN,NaN,NaN,NaN,NaN,NaN,NaN,NaN,NaN,NaN,NaN,NaN,NaN,NaN,NaN,NaN,NaN,NaN,NaN,NaN,NaN,NaN
NaN,NaN,NaN,NaN,NaN,NaN,NaN,NaN,NaN,NaN,NaN,NaN,NaN,NaN,NaN,NaN,NaN,NaN,NaN,NaN,NaN,NaN,NaN,NaN,NaN,NaN,NaN,NaN,NaN,NaN,NaN,NaN,NaN,NaN,NaN,NaN,NaN,NaN,NaN,NaN,NaN,NaN,NaN,NaN,NaN,NaN,NaN,NaN,NaN,NaN,NaN,NaN,NaN,NaN,NaN,NaN,NaN,NaN,NaN,NaN,NaN,NaN,NaN,NaN,NaN,NaN,NaN,NaN,NaN,NaN,NaN,NaN,NaN,NaN,NaN,NaN,NaN,NaN,NaN,NaN,NaN,NaN,NaN,NaN,NaN,NaN,NaN,NaN,NaN,NaN,NaN,NaN,NaN,NaN,NaN,NaN,NaN,-0.232691891766187,-0.23232200313806,-0.229409796565033,-0.227105778362979,NaN,NaN,NaN,NaN,NaN,NaN,NaN,NaN,NaN,NaN,NaN,NaN,NaN,NaN,NaN,NaN,NaN,NaN,NaN,NaN,NaN,NaN,NaN,NaN,NaN,NaN,NaN,NaN,NaN,NaN,NaN,NaN,NaN,NaN,NaN,NaN,NaN,NaN,NaN,NaN,NaN,NaN,NaN,NaN,NaN,NaN,NaN,NaN,NaN,NaN,NaN,NaN,NaN,NaN,NaN,NaN,-0.152154204697246,-0.151925413819589,NaN,NaN,NaN,NaN,NaN,NaN,NaN,NaN,NaN,NaN,NaN,NaN,NaN,NaN,NaN,NaN,NaN,NaN,NaN,NaN,NaN,NaN,NaN,NaN,NaN,NaN,NaN,NaN,NaN,NaN,NaN,-0.139212064933209,-0.139296720838559,-0.139442254621227,-0.139612737014585,-0.140494359901378,NaN,NaN,NaN,NaN,NaN,NaN,NaN,NaN,NaN,NaN,NaN,NaN,NaN,NaN,NaN,NaN,NaN,NaN,NaN,NaN,NaN,NaN,NaN,NaN,NaN,NaN,NaN,NaN,NaN,NaN,NaN,NaN,NaN,NaN,NaN,NaN,NaN,NaN,NaN,NaN,NaN,NaN,NaN,NaN,NaN,NaN,NaN,NaN,NaN,NaN
NaN,NaN,NaN,NaN,NaN,NaN,NaN,NaN,NaN,NaN,NaN,NaN,NaN,NaN,NaN,NaN,NaN,NaN,NaN,NaN,NaN,NaN,NaN,NaN,NaN,NaN,NaN,NaN,NaN,NaN,NaN,NaN,NaN,NaN,NaN,NaN,NaN,NaN,NaN,NaN,NaN,NaN,NaN,NaN,NaN,NaN,NaN,NaN,NaN,NaN,NaN,NaN,NaN,NaN,NaN,NaN,NaN,NaN,NaN,NaN,NaN,NaN,NaN,NaN,NaN,NaN,NaN,NaN,NaN,NaN,NaN,NaN,NaN,NaN,NaN,NaN,NaN,NaN,NaN,NaN,NaN,NaN,NaN,NaN,NaN,NaN,NaN,NaN,NaN,NaN,NaN,NaN,NaN,NaN,NaN,NaN,NaN,-0.232952532616984,-0.232584086960831,-0.231234373730489,-0.229168253687604,NaN,NaN,NaN,NaN,NaN,NaN,NaN,NaN,NaN,NaN,NaN,NaN,NaN,NaN,NaN,NaN,NaN,NaN,NaN,NaN,NaN,NaN,NaN,NaN,NaN,NaN,NaN,NaN,NaN,NaN,NaN,NaN,NaN,NaN,NaN,NaN,NaN,NaN,NaN,NaN,NaN,NaN,NaN,NaN,NaN,NaN,NaN,NaN,NaN,NaN,NaN,NaN,NaN,NaN,NaN,NaN,-0.153129752999637,-0.153043197358296,NaN,NaN,NaN,NaN,NaN,NaN,NaN,NaN,NaN,NaN,NaN,NaN,NaN,NaN,NaN,NaN,NaN,NaN,NaN,NaN,NaN,NaN,NaN,NaN,NaN,NaN,NaN,NaN,NaN,NaN,NaN,-0.140106507744678,-0.140197675131292,-0.140322997193268,-0.1406161838601,-0.141028175301002,-0.141455580471949,NaN,NaN,NaN,NaN,NaN,NaN,NaN,NaN,NaN,NaN,NaN,NaN,NaN,NaN,NaN,NaN,NaN,NaN,NaN,NaN,NaN,NaN,NaN,NaN,NaN,NaN,NaN,NaN,NaN,NaN,NaN,NaN,NaN,NaN,NaN,NaN,NaN,NaN,NaN,NaN,NaN,NaN,NaN,NaN,NaN,NaN,NaN,NaN,NaN
NaN,NaN,NaN,NaN,NaN,NaN,NaN,NaN,NaN,NaN,NaN,NaN,NaN,NaN,NaN,NaN,NaN,NaN,NaN,NaN,NaN,NaN,NaN,NaN,NaN,NaN,NaN,NaN,NaN,NaN,NaN,NaN,NaN,NaN,NaN,NaN,NaN,NaN,NaN,NaN,NaN,NaN,NaN,NaN,NaN,NaN,NaN,NaN,NaN,NaN,NaN,NaN,NaN,NaN,NaN,NaN,NaN,NaN,NaN,NaN,NaN,NaN,NaN,NaN,NaN,NaN,NaN,NaN,NaN,NaN,NaN,NaN,NaN,NaN,NaN,NaN,NaN,NaN,NaN,NaN,NaN,NaN,NaN,NaN,NaN,NaN,NaN,NaN,NaN,NaN,NaN,NaN,NaN,NaN,NaN,NaN,NaN,-0.234572113184649,-0.233745524646766,-0.23336181802943,NaN,NaN,NaN,NaN,NaN,NaN,NaN,NaN,NaN,NaN,NaN,NaN,NaN,NaN,NaN,NaN,NaN,NaN,NaN,NaN,NaN,NaN,NaN,NaN,NaN,NaN,NaN,NaN,NaN,NaN,NaN,NaN,NaN,NaN,NaN,NaN,NaN,NaN,NaN,NaN,NaN,NaN,NaN,NaN,NaN,NaN,NaN,NaN,NaN,NaN,NaN,NaN,NaN,NaN,NaN,NaN,NaN,-0.155046688891232,-0.154656692593555,NaN,NaN,NaN,NaN,NaN,NaN,NaN,NaN,NaN,NaN,NaN,NaN,NaN,NaN,NaN,NaN,NaN,NaN,NaN,NaN,NaN,NaN,NaN,NaN,NaN,NaN,NaN,NaN,NaN,NaN,NaN,-0.141121370465079,-0.141217968490005,-0.141309621426392,-0.141764643836268,-0.141991088012984,-0.141206036224901,NaN,NaN,NaN,NaN,NaN,NaN,NaN,NaN,NaN,NaN,NaN,NaN,NaN,NaN,NaN,NaN,NaN,NaN,NaN,NaN,NaN,NaN,NaN,NaN,NaN,NaN,NaN,NaN,NaN,NaN,NaN,NaN,NaN,NaN,NaN,NaN,NaN,NaN,NaN,NaN,NaN,NaN,NaN,NaN,NaN,NaN,NaN,NaN,NaN
NaN,NaN,NaN,NaN,NaN,NaN,NaN,NaN,NaN,NaN,NaN,NaN,NaN,NaN,NaN,NaN,NaN,NaN,NaN,NaN,NaN,NaN,NaN,NaN,NaN,NaN,NaN,NaN,NaN,NaN,NaN,NaN,NaN,NaN,NaN,NaN,NaN,NaN,NaN,NaN,NaN,NaN,NaN,NaN,NaN,NaN,NaN,NaN,NaN,NaN,NaN,NaN,NaN,NaN,NaN,NaN,NaN,NaN,NaN,NaN,NaN,NaN,NaN,NaN,NaN,NaN,NaN,NaN,NaN,NaN,NaN,NaN,NaN,NaN,NaN,NaN,NaN,NaN,NaN,NaN,NaN,NaN,NaN,NaN,NaN,NaN,NaN,NaN,NaN,NaN,NaN,NaN,NaN,NaN,NaN,NaN,-0.238562121098449,-0.236996188797204,-0.234416348880925,-0.233937575313013,NaN,NaN,NaN,NaN,NaN,NaN,NaN,NaN,NaN,NaN,NaN,NaN,NaN,NaN,NaN,NaN,NaN,NaN,NaN,NaN,NaN,NaN,NaN,NaN,NaN,NaN,NaN,NaN,NaN,NaN,NaN,NaN,NaN,NaN,NaN,NaN,NaN,NaN,NaN,NaN,NaN,NaN,NaN,NaN,NaN,NaN,NaN,NaN,NaN,NaN,NaN,NaN,NaN,NaN,NaN,NaN,NaN,-0.158829548255631,-0.139987764968278,NaN,NaN,NaN,NaN,NaN,NaN,NaN,NaN,NaN,NaN,NaN,NaN,NaN,NaN,NaN,NaN,NaN,NaN,NaN,NaN,NaN,NaN,NaN,NaN,NaN,NaN,NaN,NaN,NaN,NaN,NaN,-0.143805814417432,-0.143552544540895,-0.143057332440407,-0.143161841263207,-0.143246145950622,-0.143577738913074,-0.144823245731989,-0.145094833004915,-0.124311416239631,-0.0909869159422018,NaN,NaN,NaN,NaN,NaN,NaN,NaN,NaN,NaN,NaN,NaN,NaN,NaN,NaN,NaN,NaN,NaN,NaN,NaN,NaN,NaN,NaN,NaN,NaN,NaN,NaN,NaN,NaN,NaN,NaN,NaN,NaN,NaN,NaN,NaN,NaN,NaN,NaN,NaN,NaN,NaN,NaN,NaN,NaN,NaN
NaN,NaN,NaN,NaN,NaN,NaN,NaN,NaN,NaN,NaN,NaN,NaN,NaN,NaN,NaN,NaN,NaN,NaN,NaN,NaN,NaN,NaN,NaN,NaN,NaN,NaN,NaN,NaN,NaN,NaN,NaN,NaN,NaN,NaN,NaN,NaN,NaN,NaN,NaN,NaN,NaN,NaN,NaN,NaN,NaN,NaN,NaN,NaN,NaN,NaN,NaN,NaN,NaN,NaN,NaN,NaN,NaN,NaN,NaN,NaN,NaN,NaN,NaN,NaN,NaN,NaN,NaN,NaN,NaN,NaN,NaN,NaN,NaN,NaN,NaN,NaN,NaN,NaN,NaN,NaN,NaN,NaN,NaN,NaN,NaN,NaN,NaN,NaN,NaN,NaN,NaN,NaN,NaN,NaN,-0.243503154451682,-0.243200968344337,-0.241589787132023,-0.240483780512774,NaN,NaN,NaN,NaN,NaN,NaN,NaN,NaN,NaN,NaN,NaN,NaN,NaN,NaN,NaN,NaN,NaN,NaN,NaN,NaN,NaN,NaN,NaN,NaN,NaN,NaN,NaN,NaN,NaN,NaN,NaN,NaN,NaN,NaN,NaN,NaN,NaN,NaN,NaN,NaN,NaN,NaN,NaN,NaN,NaN,NaN,NaN,NaN,NaN,NaN,NaN,NaN,NaN,NaN,NaN,NaN,NaN,NaN,NaN,-0.160286019240395,-0.15926232373952,NaN,NaN,NaN,NaN,NaN,NaN,NaN,NaN,NaN,NaN,NaN,NaN,NaN,NaN,NaN,NaN,NaN,NaN,NaN,NaN,NaN,NaN,NaN,NaN,NaN,NaN,NaN,NaN,NaN,NaN,NaN,-0.149411193408697,-0.148628270169235,-0.144228817583955,-0.143858822550805,-0.144407966656555,-0.14482549464772,-0.145328812352947,-0.144683940818265,-0.115191961249284,-0.0840866427407747,-0.064119244526872,-0.0522185119236619,NaN,NaN,NaN,NaN,NaN,NaN,NaN,NaN,NaN,NaN,NaN,NaN,NaN,NaN,NaN,NaN,NaN,NaN,NaN,NaN,NaN,NaN,NaN,NaN,NaN,NaN,NaN,NaN,NaN,NaN,NaN,NaN,NaN,NaN,NaN,NaN,NaN,NaN,NaN,NaN,NaN,NaN,NaN
NaN,NaN,NaN,NaN,NaN,NaN,NaN,NaN,NaN,NaN,NaN,NaN,NaN,NaN,NaN,NaN,NaN,NaN,NaN,NaN,NaN,NaN,NaN,NaN,NaN,NaN,NaN,NaN,NaN,NaN,NaN,NaN,NaN,NaN,NaN,NaN,NaN,NaN,NaN,NaN,NaN,NaN,NaN,NaN,NaN,NaN,NaN,NaN,NaN,NaN,NaN,NaN,NaN,NaN,NaN,NaN,NaN,NaN,NaN,NaN,NaN,NaN,NaN,NaN,NaN,NaN,NaN,NaN,NaN,NaN,NaN,NaN,NaN,NaN,NaN,NaN,NaN,NaN,NaN,NaN,NaN,NaN,NaN,NaN,NaN,NaN,NaN,NaN,NaN,NaN,-0.242612226077926,-0.245029886039508,-0.244791724441255,-0.244387171567494,-0.243901647686493,-0.243389791974766,-0.242268722951951,-0.241129230179321,NaN,NaN,NaN,NaN,NaN,NaN,NaN,NaN,NaN,NaN,NaN,NaN,NaN,NaN,NaN,NaN,NaN,NaN,NaN,NaN,NaN,NaN,NaN,NaN,NaN,NaN,NaN,NaN,NaN,NaN,NaN,NaN,NaN,NaN,NaN,NaN,NaN,NaN,NaN,NaN,NaN,NaN,NaN,NaN,NaN,NaN,NaN,NaN,NaN,NaN,NaN,NaN,NaN,NaN,NaN,NaN,NaN,NaN,NaN,-0.161771154297407,NaN,NaN,NaN,NaN,NaN,NaN,NaN,NaN,NaN,NaN,NaN,NaN,NaN,NaN,NaN,NaN,NaN,NaN,NaN,NaN,NaN,NaN,NaN,NaN,NaN,NaN,NaN,NaN,NaN,NaN,NaN,NaN,-0.155988246903322,-0.156157019803344,NaN,-0.144098926381872,-0.146177976738329,-0.146567306430321,-0.147317403060051,-0.148438616894676,-0.139935413148526,-0.103878218031039,-0.0764048626670266,-0.0594507119539645,NaN,NaN,NaN,NaN,NaN,NaN,NaN,NaN,NaN,NaN,NaN,NaN,NaN,NaN,NaN,NaN,NaN,NaN,NaN,NaN,NaN,NaN,NaN,NaN,NaN,NaN,NaN,NaN,NaN,NaN,NaN,NaN,NaN,NaN,NaN,NaN,NaN,NaN,NaN,NaN,NaN,NaN,NaN
NaN,NaN,NaN,NaN,NaN,NaN,NaN,NaN,NaN,NaN,NaN,NaN,NaN,NaN,NaN,NaN,NaN,NaN,NaN,NaN,NaN,NaN,NaN,NaN,NaN,NaN,NaN,NaN,NaN,NaN,NaN,NaN,NaN,NaN,NaN,NaN,NaN,NaN,NaN,NaN,NaN,NaN,NaN,NaN,NaN,NaN,NaN,NaN,NaN,NaN,NaN,NaN,NaN,NaN,NaN,NaN,NaN,NaN,NaN,NaN,NaN,NaN,NaN,NaN,NaN,NaN,NaN,NaN,NaN,NaN,NaN,NaN,NaN,NaN,NaN,NaN,NaN,NaN,NaN,NaN,NaN,NaN,NaN,NaN,NaN,NaN,NaN,-0.241885421028358,-0.241805493827844,-0.241660076327537,-0.240071526441087,-0.245014954983192,-0.244592598076703,-0.244332037759631,-0.243983929445803,-0.243503178490566,-0.234165735900515,NaN,NaN,NaN,NaN,NaN,NaN,NaN,NaN,NaN,NaN,NaN,NaN,NaN,NaN,NaN,NaN,NaN,NaN,NaN,NaN,NaN,NaN,NaN,NaN,NaN,NaN,NaN,NaN,NaN,NaN,NaN,NaN,NaN,NaN,NaN,NaN,NaN,NaN,NaN,NaN,NaN,NaN,NaN,NaN,NaN,NaN,NaN,NaN,NaN,NaN,NaN,NaN,NaN,NaN,NaN,NaN,NaN,NaN,NaN,-0.164358009408332,-0.163281774557422,NaN,NaN,NaN,NaN,NaN,NaN,NaN,NaN,NaN,NaN,NaN,NaN,NaN,NaN,NaN,NaN,NaN,NaN,NaN,NaN,NaN,NaN,NaN,NaN,NaN,NaN,NaN,NaN,NaN,NaN,NaN,NaN,-0.159720986376793,-0.15931827235245,NaN,NaN,-0.149390488517384,-0.149353518838643,-0.149873528076548,-0.150258582467378,-0.14129381077271,NaN,NaN,NaN,NaN,NaN,NaN,NaN,NaN,NaN,NaN,NaN,NaN,NaN,NaN,NaN,NaN,NaN,NaN,NaN,NaN,NaN,NaN,NaN,NaN,NaN,NaN,NaN,NaN,NaN,NaN,NaN,NaN,NaN,NaN,NaN,NaN,NaN,NaN,NaN,NaN,NaN,NaN,NaN,NaN,NaN,NaN
NaN,NaN,NaN,NaN,NaN,NaN,NaN,NaN,NaN,NaN,NaN,NaN,NaN,NaN,NaN,NaN,NaN,NaN,NaN,NaN,NaN,NaN,NaN,NaN,NaN,NaN,NaN,NaN,NaN,NaN,NaN,NaN,NaN,NaN,NaN,NaN,NaN,NaN,NaN,NaN,NaN,NaN,NaN,NaN,NaN,NaN,NaN,NaN,NaN,NaN,NaN,NaN,NaN,NaN,NaN,NaN,NaN,NaN,NaN,NaN,NaN,NaN,NaN,NaN,NaN,NaN,NaN,NaN,NaN,NaN,NaN,NaN,NaN,NaN,NaN,NaN,NaN,NaN,NaN,NaN,NaN,NaN,NaN,NaN,NaN,NaN,NaN,-0.241913234088225,-0.2418310512772,-0.241712515901062,-0.23274080467679,NaN,-0.244384219289891,-0.244242124380384,-0.244066432198678,NaN,NaN,NaN,NaN,NaN,NaN,NaN,NaN,NaN,NaN,NaN,NaN,NaN,NaN,NaN,NaN,NaN,NaN,NaN,NaN,NaN,NaN,NaN,NaN,NaN,NaN,NaN,NaN,NaN,NaN,NaN,NaN,NaN,NaN,NaN,NaN,NaN,NaN,NaN,NaN,NaN,NaN,NaN,NaN,NaN,NaN,NaN,NaN,NaN,NaN,NaN,NaN,NaN,NaN,NaN,NaN,NaN,NaN,NaN,NaN,NaN,-0.164294389871321,-0.163346568441708,NaN,NaN,NaN,NaN,NaN,NaN,NaN,NaN,NaN,NaN,NaN,NaN,NaN,NaN,NaN,NaN,NaN,NaN,NaN,NaN,NaN,NaN,NaN,NaN,NaN,NaN,NaN,NaN,NaN,NaN,NaN,NaN,-0.160653797149023,-0.160811997548837,NaN,NaN,-0.152149445830721,-0.152729783960007,-0.152714445439117,-0.152614695307612,-0.143235412636524,NaN,NaN,NaN,NaN,NaN,NaN,NaN,NaN,NaN,NaN,NaN,NaN,NaN,NaN,NaN,NaN,NaN,NaN,NaN,NaN,NaN,NaN,NaN,NaN,NaN,NaN,NaN,NaN,NaN,NaN,NaN,NaN,NaN,NaN,NaN,NaN,NaN,NaN,NaN,NaN,NaN,NaN,NaN,NaN,NaN,NaN
NaN,NaN,NaN,NaN,NaN,NaN,NaN,NaN,NaN,NaN,NaN,NaN,NaN,NaN,NaN,NaN,NaN,NaN,NaN,NaN,NaN,NaN,NaN,NaN,NaN,NaN,NaN,NaN,NaN,NaN,NaN,NaN,NaN,NaN,NaN,NaN,NaN,NaN,NaN,NaN,NaN,NaN,NaN,NaN,NaN,NaN,NaN,NaN,NaN,NaN,NaN,NaN,NaN,NaN,NaN,NaN,NaN,NaN,NaN,NaN,NaN,NaN,NaN,NaN,NaN,NaN,NaN,NaN,NaN,NaN,NaN,NaN,NaN,NaN,NaN,NaN,NaN,NaN,NaN,NaN,NaN,NaN,NaN,NaN,NaN,NaN,NaN,NaN,NaN,NaN,NaN,NaN,-0.207395270489223,-0.22491878410258,NaN,NaN,NaN,NaN,NaN,NaN,NaN,NaN,NaN,NaN,NaN,NaN,NaN,NaN,NaN,NaN,NaN,NaN,NaN,NaN,NaN,NaN,NaN,NaN,NaN,NaN,NaN,NaN,NaN,NaN,NaN,NaN,NaN,NaN,NaN,NaN,NaN,NaN,NaN,NaN,NaN,NaN,NaN,NaN,NaN,NaN,NaN,NaN,NaN,NaN,NaN,NaN,NaN,NaN,NaN,NaN,NaN,NaN,NaN,NaN,NaN,-0.157463842129972,-0.165984248805757,NaN,NaN,NaN,NaN,NaN,NaN,NaN,NaN,NaN,NaN,NaN,NaN,NaN,NaN,NaN,NaN,NaN,NaN,NaN,NaN,NaN,NaN,NaN,NaN,NaN,NaN,NaN,NaN,NaN,NaN,NaN,NaN,NaN,-0.161227971329504,-0.163963514142166,-0.167530577528459,NaN,-0.15575590641254,-0.155644051792439,-0.1552926006137,-0.154987688961231,-0.145579025299466,NaN,NaN,NaN,NaN,NaN,NaN,NaN,NaN,NaN,NaN,NaN,NaN,NaN,NaN,NaN,NaN,NaN,NaN,NaN,NaN,NaN,NaN,NaN,NaN,NaN,NaN,NaN,NaN,NaN,NaN,NaN,NaN,NaN,NaN,NaN,NaN,NaN,NaN,NaN,NaN,NaN,NaN,NaN,NaN,NaN,NaN
NaN,NaN,NaN,NaN,NaN,NaN,NaN,NaN,NaN,NaN,NaN,NaN,NaN,NaN,NaN,NaN,NaN,NaN,NaN,NaN,NaN,NaN,NaN,NaN,NaN,NaN,NaN,NaN,NaN,NaN,NaN,NaN,NaN,NaN,NaN,NaN,NaN,NaN,NaN,NaN,NaN,NaN,NaN,NaN,NaN,NaN,NaN,NaN,NaN,NaN,NaN,NaN,NaN,NaN,NaN,NaN,NaN,NaN,NaN,NaN,NaN,NaN,NaN,NaN,NaN,NaN,NaN,NaN,NaN,NaN,NaN,NaN,NaN,NaN,NaN,NaN,NaN,NaN,NaN,NaN,NaN,NaN,NaN,NaN,NaN,NaN,NaN,NaN,NaN,NaN,NaN,NaN,NaN,NaN,NaN,NaN,NaN,NaN,NaN,NaN,NaN,NaN,NaN,NaN,NaN,NaN,NaN,NaN,NaN,NaN,NaN,NaN,NaN,NaN,NaN,NaN,NaN,NaN,NaN,NaN,NaN,NaN,NaN,NaN,NaN,NaN,NaN,NaN,NaN,NaN,NaN,NaN,NaN,NaN,NaN,NaN,NaN,NaN,NaN,NaN,NaN,NaN,NaN,NaN,NaN,NaN,NaN,NaN,NaN,NaN,NaN,NaN,NaN,NaN,NaN,-0.166419149670218,-0.166603162085333,NaN,NaN,NaN,NaN,NaN,NaN,NaN,NaN,NaN,NaN,NaN,NaN,NaN,NaN,NaN,NaN,NaN,NaN,NaN,NaN,NaN,NaN,NaN,NaN,NaN,NaN,NaN,NaN,NaN,NaN,NaN,NaN,NaN,NaN,-0.17208494878661,-0.165236815554742,NaN,-0.15843409353751,-0.157888401042488,-0.157603889871131,-0.157167359727164,-0.157090250386221,NaN,NaN,NaN,NaN,NaN,NaN,NaN,NaN,NaN,NaN,NaN,NaN,NaN,NaN,NaN,NaN,NaN,NaN,NaN,NaN,NaN,NaN,NaN,NaN,NaN,NaN,NaN,NaN,NaN,NaN,NaN,NaN,NaN,NaN,NaN,NaN,NaN,NaN,NaN,NaN,NaN,NaN,NaN,NaN,NaN,NaN
NaN,NaN,NaN,NaN,NaN,NaN,NaN,NaN,NaN,NaN,NaN,NaN,NaN,NaN,NaN,NaN,NaN,NaN,NaN,NaN,NaN,NaN,NaN,NaN,NaN,NaN,NaN,NaN,NaN,NaN,NaN,NaN,NaN,NaN,NaN,NaN,NaN,NaN,NaN,NaN,NaN,NaN,NaN,NaN,NaN,NaN,NaN,NaN,NaN,NaN,NaN,NaN,NaN,NaN,NaN,NaN,NaN,NaN,NaN,NaN,NaN,NaN,NaN,NaN,NaN,NaN,NaN,NaN,NaN,NaN,NaN,NaN,NaN,NaN,NaN,NaN,NaN,NaN,NaN,NaN,NaN,NaN,NaN,NaN,NaN,NaN,NaN,NaN,NaN,NaN,NaN,NaN,NaN,NaN,NaN,NaN,NaN,NaN,NaN,NaN,NaN,NaN,NaN,NaN,NaN,NaN,NaN,NaN,NaN,NaN,NaN,NaN,NaN,NaN,NaN,NaN,NaN,NaN,NaN,NaN,NaN,NaN,NaN,NaN,NaN,NaN,NaN,NaN,NaN,NaN,NaN,NaN,NaN,NaN,NaN,NaN,NaN,NaN,NaN,NaN,NaN,NaN,NaN,NaN,NaN,NaN,NaN,NaN,NaN,NaN,NaN,NaN,NaN,NaN,NaN,NaN,-0.167218091222623,-0.167725575448479,NaN,NaN,NaN,NaN,NaN,NaN,NaN,NaN,NaN,NaN,NaN,NaN,NaN,NaN,NaN,NaN,NaN,NaN,NaN,NaN,NaN,NaN,NaN,NaN,NaN,NaN,NaN,NaN,NaN,NaN,NaN,NaN,NaN,-0.179140554221886,-0.179369088190329,NaN,-0.15935501478836,-0.159291603156351,-0.158967640755639,-0.158554869674483,-0.158451721166642,-0.149104574714125,NaN,NaN,NaN,NaN,NaN,NaN,NaN,NaN,NaN,NaN,NaN,NaN,NaN,NaN,NaN,NaN,NaN,NaN,NaN,NaN,NaN,NaN,NaN,NaN,NaN,NaN,NaN,NaN,NaN,NaN,NaN,NaN,NaN,NaN,NaN,NaN,NaN,NaN,NaN,NaN,NaN,NaN,NaN,NaN,NaN
NaN,NaN,NaN,NaN,NaN,NaN,NaN,NaN,NaN,NaN,NaN,NaN,NaN,NaN,NaN,NaN,NaN,NaN,NaN,NaN,NaN,NaN,NaN,NaN,NaN,NaN,NaN,NaN,NaN,NaN,NaN,NaN,NaN,NaN,NaN,NaN,NaN,NaN,NaN,NaN,NaN,NaN,NaN,NaN,NaN,NaN,NaN,NaN,NaN,NaN,NaN,NaN,NaN,NaN,NaN,NaN,NaN,NaN,NaN,NaN,NaN,NaN,NaN,NaN,NaN,NaN,NaN,NaN,NaN,NaN,NaN,NaN,NaN,NaN,NaN,NaN,NaN,NaN,NaN,NaN,NaN,NaN,NaN,NaN,NaN,NaN,NaN,NaN,NaN,NaN,NaN,NaN,NaN,NaN,NaN,NaN,NaN,NaN,NaN,NaN,NaN,NaN,NaN,NaN,NaN,NaN,NaN,NaN,NaN,NaN,NaN,NaN,NaN,NaN,NaN,NaN,NaN,NaN,NaN,NaN,NaN,NaN,NaN,NaN,NaN,NaN,NaN,NaN,NaN,NaN,NaN,NaN,NaN,NaN,NaN,NaN,NaN,NaN,NaN,NaN,NaN,NaN,NaN,NaN,NaN,NaN,NaN,NaN,NaN,NaN,NaN,NaN,NaN,NaN,NaN,NaN,NaN,-0.168237431556921,NaN,NaN,NaN,NaN,NaN,NaN,NaN,NaN,NaN,NaN,NaN,NaN,NaN,NaN,NaN,NaN,NaN,NaN,NaN,NaN,NaN,NaN,NaN,NaN,NaN,NaN,NaN,NaN,NaN,NaN,NaN,NaN,-0.186103319959466,-0.183630104087743,-0.182450651775124,NaN,-0.159181146111572,-0.159794676499473,-0.159561553879737,-0.159296369541745,-0.159223577581643,-0.159497684230034,-0.142691482754804,NaN,NaN,NaN,NaN,NaN,NaN,NaN,NaN,NaN,NaN,NaN,NaN,NaN,NaN,NaN,NaN,NaN,NaN,NaN,NaN,NaN,NaN,NaN,NaN,NaN,NaN,NaN,NaN,NaN,NaN,NaN,NaN,NaN,NaN,NaN,NaN,NaN,NaN,NaN,NaN,NaN,NaN,NaN,NaN
NaN,NaN,NaN,NaN,NaN,NaN,NaN,NaN,NaN,NaN,NaN,NaN,NaN,NaN,NaN,NaN,NaN,NaN,NaN,NaN,NaN,NaN,NaN,NaN,NaN,NaN,NaN,NaN,NaN,NaN,NaN,NaN,NaN,NaN,NaN,NaN,NaN,NaN,NaN,NaN,NaN,NaN,NaN,NaN,NaN,NaN,NaN,NaN,NaN,NaN,NaN,NaN,NaN,NaN,NaN,NaN,NaN,NaN,NaN,NaN,NaN,NaN,NaN,NaN,NaN,NaN,NaN,NaN,NaN,NaN,NaN,NaN,NaN,NaN,NaN,NaN,NaN,NaN,NaN,NaN,NaN,NaN,NaN,NaN,NaN,NaN,NaN,NaN,NaN,NaN,NaN,NaN,NaN,NaN,NaN,NaN,NaN,NaN,NaN,NaN,NaN,NaN,NaN,NaN,NaN,NaN,NaN,NaN,NaN,NaN,NaN,NaN,NaN,NaN,NaN,NaN,NaN,NaN,NaN,NaN,NaN,NaN,NaN,NaN,NaN,NaN,NaN,NaN,NaN,NaN,NaN,NaN,NaN,NaN,NaN,NaN,NaN,NaN,NaN,NaN,NaN,NaN,NaN,NaN,NaN,NaN,NaN,NaN,NaN,NaN,NaN,NaN,NaN,NaN,NaN,NaN,NaN,-0.143656228900708,-0.110867860207279,NaN,NaN,NaN,NaN,NaN,NaN,NaN,NaN,NaN,NaN,NaN,NaN,NaN,NaN,NaN,NaN,NaN,NaN,NaN,NaN,NaN,NaN,NaN,NaN,NaN,NaN,NaN,NaN,NaN,NaN,NaN,-0.186398649456135,-0.185617244805238,-0.183340275731863,NaN,NaN,-0.160535554235057,-0.160263731881636,-0.160035668393435,-0.159911352228161,-0.159827127684795,-0.139703445906144,NaN,NaN,NaN,NaN,-0.165378571069062,-0.16530581722577,-0.165216685696944,-0.16515424802677,-0.165069925736316,-0.164894009952648,NaN,NaN,NaN,NaN,NaN,NaN,NaN,NaN,NaN,NaN,NaN,NaN,NaN,NaN,NaN,NaN,NaN,NaN,NaN,NaN,NaN,NaN,NaN,NaN,NaN,NaN,NaN,NaN,NaN,NaN,NaN,NaN,NaN,NaN
NaN,NaN,NaN,NaN,NaN,NaN,NaN,NaN,NaN,NaN,NaN,NaN,NaN,NaN,NaN,NaN,NaN,NaN,NaN,NaN,NaN,NaN,NaN,NaN,NaN,NaN,NaN,NaN,NaN,NaN,NaN,NaN,NaN,NaN,NaN,NaN,NaN,NaN,NaN,NaN,NaN,NaN,NaN,NaN,NaN,NaN,NaN,NaN,NaN,NaN,NaN,NaN,NaN,NaN,NaN,NaN,NaN,NaN,NaN,NaN,NaN,NaN,NaN,NaN,NaN,NaN,NaN,NaN,NaN,NaN,NaN,NaN,NaN,NaN,NaN,NaN,NaN,NaN,NaN,NaN,NaN,NaN,NaN,NaN,NaN,NaN,NaN,NaN,NaN,NaN,NaN,NaN,NaN,NaN,NaN,NaN,NaN,NaN,NaN,NaN,NaN,NaN,NaN,NaN,NaN,NaN,NaN,NaN,NaN,NaN,NaN,NaN,NaN,NaN,NaN,NaN,NaN,NaN,NaN,NaN,NaN,NaN,NaN,NaN,NaN,NaN,NaN,NaN,NaN,NaN,NaN,NaN,NaN,NaN,NaN,NaN,NaN,NaN,NaN,NaN,NaN,NaN,NaN,NaN,NaN,NaN,NaN,NaN,NaN,NaN,NaN,NaN,NaN,NaN,NaN,NaN,NaN,-0.111174166076203,-0.0993913476135894,NaN,NaN,NaN,NaN,NaN,NaN,NaN,NaN,NaN,NaN,NaN,NaN,NaN,NaN,NaN,NaN,NaN,NaN,NaN,NaN,NaN,NaN,NaN,NaN,NaN,NaN,NaN,NaN,NaN,NaN,-0.191181008427673,-0.18909473354095,-0.188238892617428,NaN,NaN,NaN,-0.160382496150223,-0.160782435265294,-0.160814795116394,-0.160805500130186,-0.16044414740587,NaN,NaN,NaN,NaN,-0.165154918192652,-0.165309704143095,-0.165312547069397,-0.165209719694032,-0.165132020203862,-0.165084609561713,-0.165028697481196,NaN,NaN,NaN,NaN,NaN,NaN,NaN,NaN,NaN,NaN,NaN,NaN,NaN,NaN,NaN,NaN,NaN,NaN,NaN,NaN,NaN,NaN,NaN,NaN,NaN,NaN,NaN,NaN,NaN,NaN,NaN,NaN,NaN,NaN
NaN,NaN,NaN,NaN,NaN,NaN,NaN,NaN,NaN,NaN,NaN,NaN,NaN,NaN,NaN,NaN,NaN,NaN,NaN,NaN,NaN,NaN,NaN,NaN,NaN,NaN,NaN,NaN,NaN,NaN,NaN,NaN,NaN,NaN,NaN,NaN,NaN,NaN,NaN,NaN,NaN,NaN,NaN,NaN,NaN,NaN,NaN,NaN,NaN,NaN,NaN,NaN,NaN,NaN,NaN,NaN,NaN,NaN,NaN,NaN,NaN,NaN,NaN,NaN,NaN,NaN,NaN,NaN,NaN,NaN,NaN,NaN,NaN,NaN,NaN,NaN,NaN,NaN,NaN,NaN,NaN,NaN,NaN,NaN,NaN,NaN,NaN,NaN,NaN,NaN,NaN,NaN,NaN,NaN,NaN,NaN,NaN,NaN,NaN,NaN,NaN,NaN,NaN,NaN,NaN,NaN,NaN,NaN,NaN,NaN,NaN,NaN,NaN,NaN,NaN,NaN,NaN,NaN,NaN,NaN,NaN,NaN,NaN,NaN,NaN,NaN,NaN,NaN,NaN,NaN,NaN,NaN,NaN,NaN,NaN,NaN,NaN,NaN,NaN,NaN,NaN,NaN,NaN,NaN,NaN,NaN,NaN,NaN,NaN,NaN,NaN,NaN,NaN,NaN,NaN,NaN,NaN,-0.0999241083939022,-0.100556704848711,NaN,NaN,NaN,NaN,NaN,NaN,NaN,NaN,NaN,NaN,NaN,NaN,NaN,NaN,NaN,NaN,NaN,NaN,NaN,NaN,NaN,NaN,NaN,NaN,NaN,NaN,NaN,NaN,NaN,-0.195268924008507,-0.192978169597229,-0.191320507232371,-0.166223595038394,NaN,NaN,NaN,NaN,-0.161097888463635,-0.161875055387208,-0.161949467235136,-0.161804999153413,-0.162288579192574,-0.162669604123874,-0.16297924545242,-0.163525753406887,-0.164694915231502,-0.165003127984101,-0.165128627821748,-0.165023849093236,-0.164982101283539,-0.165086648757674,-0.165209304821414,-0.165250871063144,-0.164445413248695,NaN,NaN,NaN,NaN,NaN,NaN,NaN,NaN,NaN,NaN,NaN,NaN,NaN,NaN,NaN,NaN,NaN,NaN,NaN,NaN,NaN,NaN,NaN,NaN,NaN,NaN,NaN,NaN,NaN,NaN,NaN,NaN
NaN,NaN,NaN,NaN,NaN,NaN,NaN,NaN,NaN,NaN,NaN,NaN,NaN,NaN,NaN,NaN,NaN,NaN,NaN,NaN,NaN,NaN,NaN,NaN,NaN,NaN,NaN,NaN,NaN,NaN,NaN,NaN,NaN,NaN,NaN,NaN,NaN,NaN,NaN,NaN,NaN,NaN,NaN,NaN,NaN,NaN,NaN,NaN,NaN,NaN,NaN,NaN,NaN,NaN,NaN,NaN,NaN,NaN,NaN,NaN,NaN,NaN,NaN,NaN,NaN,NaN,NaN,NaN,NaN,NaN,NaN,NaN,NaN,NaN,NaN,NaN,NaN,NaN,NaN,NaN,NaN,NaN,NaN,NaN,NaN,NaN,NaN,NaN,NaN,NaN,NaN,NaN,NaN,NaN,NaN,NaN,NaN,NaN,NaN,NaN,NaN,NaN,NaN,NaN,NaN,NaN,NaN,NaN,NaN,NaN,NaN,NaN,NaN,NaN,NaN,NaN,NaN,NaN,NaN,NaN,NaN,NaN,NaN,NaN,NaN,NaN,NaN,NaN,NaN,NaN,NaN,NaN,NaN,NaN,NaN,NaN,NaN,NaN,NaN,NaN,NaN,NaN,NaN,NaN,NaN,NaN,NaN,NaN,NaN,NaN,NaN,NaN,NaN,NaN,NaN,NaN,NaN,-0.100724189631713,-0.100692525407802,NaN,NaN,NaN,NaN,NaN,NaN,NaN,NaN,NaN,NaN,NaN,NaN,NaN,NaN,NaN,NaN,NaN,NaN,NaN,NaN,NaN,NaN,NaN,NaN,NaN,NaN,NaN,NaN,-0.196963651639037,-0.19597879114689,-0.194605655897585,-0.1887495902973,-0.145318794438993,NaN,NaN,NaN,NaN,NaN,-0.163063691303439,-0.162685489251142,-0.162431611079362,-0.162546664420529,-0.1628294080628,-0.163302938285103,-0.163840040768596,-0.164487522893369,-0.164692729128176,-0.164846035592312,-0.164856599026717,-0.164823491274741,-0.165083041010208,-0.16522572583171,-0.165249430334773,-0.165208056924501,NaN,NaN,NaN,NaN,NaN,NaN,NaN,NaN,NaN,NaN,NaN,NaN,NaN,NaN,NaN,NaN,NaN,NaN,NaN,NaN,NaN,NaN,NaN,NaN,NaN,NaN,NaN,NaN,NaN,NaN,NaN,NaN
NaN,NaN,NaN,NaN,NaN,NaN,NaN,NaN,NaN,NaN,NaN,NaN,NaN,NaN,NaN,NaN,NaN,NaN,NaN,NaN,NaN,NaN,NaN,NaN,NaN,NaN,NaN,NaN,NaN,NaN,NaN,NaN,NaN,NaN,NaN,NaN,NaN,NaN,NaN,NaN,NaN,NaN,NaN,NaN,NaN,NaN,NaN,NaN,NaN,NaN,NaN,NaN,NaN,NaN,NaN,NaN,NaN,NaN,NaN,NaN,NaN,NaN,NaN,NaN,NaN,NaN,NaN,NaN,NaN,NaN,NaN,NaN,NaN,NaN,NaN,NaN,NaN,NaN,NaN,NaN,NaN,NaN,NaN,NaN,NaN,NaN,NaN,NaN,NaN,NaN,NaN,NaN,NaN,NaN,NaN,NaN,NaN,NaN,NaN,NaN,NaN,NaN,NaN,NaN,NaN,NaN,NaN,NaN,NaN,NaN,NaN,NaN,NaN,NaN,NaN,NaN,NaN,NaN,NaN,NaN,NaN,NaN,NaN,NaN,NaN,NaN,NaN,NaN,NaN,NaN,NaN,NaN,NaN,NaN,NaN,NaN,NaN,NaN,NaN,NaN,NaN,NaN,NaN,NaN,NaN,NaN,NaN,NaN,NaN,NaN,NaN,NaN,NaN,NaN,NaN,NaN,NaN,NaN,NaN,NaN,NaN,NaN,NaN,NaN,NaN,NaN,NaN,NaN,NaN,NaN,NaN,NaN,NaN,NaN,NaN,NaN,NaN,NaN,NaN,NaN,NaN,NaN,NaN,NaN,NaN,NaN,NaN,-0.196661346061073,-0.19620272034719,-0.194794487527272,-0.191741663656582,-0.151738718852353,NaN,NaN,NaN,NaN,NaN,-0.163266081895697,-0.16286385035376,-0.162554326435862,-0.162585870986896,-0.162892290920737,-0.163544772223521,-0.163990045588494,-0.164423294035177,-0.162185240494002,-0.163782229411587,NaN,NaN,-0.16512180562234,-0.165152140219159,-0.165209372149351,-0.165170814933157,-0.164537971285041,NaN,NaN,NaN,NaN,NaN,NaN,NaN,NaN,NaN,NaN,NaN,NaN,NaN,NaN,NaN,NaN,NaN,NaN,NaN,NaN,NaN,NaN,NaN,NaN,NaN,NaN,NaN,NaN,NaN,NaN,NaN
NaN,NaN,NaN,NaN,NaN,NaN,NaN,NaN,NaN,NaN,NaN,NaN,NaN,NaN,NaN,NaN,NaN,NaN,NaN,NaN,NaN,NaN,NaN,NaN,NaN,NaN,NaN,NaN,NaN,NaN,NaN,NaN,NaN,NaN,NaN,NaN,NaN,NaN,NaN,NaN,NaN,NaN,NaN,NaN,NaN,NaN,NaN,NaN,NaN,NaN,NaN,NaN,NaN,NaN,NaN,NaN,NaN,NaN,NaN,NaN,NaN,NaN,NaN,NaN,NaN,NaN,NaN,NaN,NaN,NaN,NaN,NaN,NaN,NaN,NaN,NaN,NaN,NaN,NaN,NaN,NaN,NaN,NaN,NaN,NaN,NaN,NaN,NaN,NaN,NaN,NaN,NaN,NaN,NaN,NaN,NaN,NaN,NaN,NaN,NaN,NaN,NaN,NaN,NaN,NaN,NaN,NaN,NaN,NaN,NaN,NaN,NaN,NaN,NaN,NaN,NaN,NaN,NaN,NaN,NaN,NaN,NaN,NaN,NaN,NaN,NaN,NaN,NaN,NaN,NaN,NaN,NaN,NaN,NaN,NaN,NaN,NaN,NaN,NaN,NaN,NaN,NaN,NaN,NaN,NaN,NaN,NaN,NaN,NaN,NaN,NaN,NaN,NaN,NaN,NaN,NaN,NaN,NaN,NaN,NaN,NaN,NaN,NaN,NaN,NaN,NaN,NaN,NaN,NaN,NaN,NaN,NaN,NaN,NaN,NaN,NaN,NaN,NaN,NaN,NaN,NaN,NaN,NaN,NaN,NaN,NaN,NaN,-0.197327748738725,-0.19750407136603,NaN,NaN,NaN,NaN,NaN,NaN,NaN,NaN,NaN,NaN,NaN,NaN,NaN,-0.163896959034807,-0.153439200500394,-0.161920174069125,NaN,NaN,NaN,NaN,-0.165110539717361,-0.16515244802164,-0.165186268380771,-0.165129720649334,-0.165046611211006,NaN,NaN,NaN,NaN,NaN,NaN,NaN,NaN,NaN,NaN,NaN,NaN,NaN,NaN,NaN,NaN,NaN,NaN,NaN,NaN,NaN,NaN,NaN,NaN,NaN,NaN,NaN,NaN,NaN,NaN,NaN
NaN,NaN,NaN,NaN,NaN,NaN,NaN,NaN,NaN,NaN,NaN,NaN,NaN,NaN,NaN,NaN,NaN,NaN,NaN,NaN,NaN,NaN,NaN,NaN,NaN,NaN,NaN,NaN,NaN,NaN,NaN,NaN,NaN,NaN,NaN,NaN,NaN,NaN,NaN,NaN,NaN,NaN,NaN,NaN,NaN,NaN,NaN,NaN,NaN,NaN,NaN,NaN,NaN,NaN,NaN,NaN,NaN,NaN,NaN,NaN,NaN,NaN,NaN,NaN,NaN,NaN,NaN,NaN,NaN,NaN,NaN,NaN,NaN,NaN,NaN,NaN,NaN,NaN,NaN,NaN,NaN,NaN,NaN,NaN,NaN,NaN,NaN,NaN,NaN,NaN,NaN,NaN,NaN,NaN,NaN,NaN,NaN,NaN,NaN,NaN,NaN,NaN,NaN,NaN,NaN,NaN,NaN,NaN,NaN,NaN,NaN,NaN,NaN,NaN,NaN,NaN,NaN,NaN,NaN,NaN,NaN,NaN,NaN,NaN,NaN,NaN,NaN,NaN,NaN,NaN,NaN,NaN,NaN,NaN,NaN,NaN,NaN,NaN,NaN,NaN,NaN,NaN,NaN,NaN,NaN,NaN,NaN,NaN,NaN,NaN,NaN,NaN,NaN,NaN,NaN,NaN,NaN,NaN,NaN,NaN,NaN,NaN,NaN,NaN,NaN,NaN,NaN,NaN,NaN,NaN,NaN,NaN,NaN,NaN,NaN,NaN,NaN,NaN,NaN,NaN,NaN,NaN,NaN,NaN,NaN,NaN,NaN,-0.197994643752314,-0.199199612292065,-0.200315632583097,NaN,NaN,NaN,NaN,NaN,NaN,NaN,NaN,NaN,NaN,NaN,NaN,NaN,NaN,NaN,NaN,NaN,NaN,NaN,NaN,-0.165173082647822,-0.165155061159113,-0.165081983612149,-0.165027010499836,NaN,NaN,NaN,NaN,NaN,NaN,NaN,NaN,NaN,NaN,NaN,NaN,NaN,NaN,NaN,NaN,NaN,NaN,NaN,NaN,NaN,NaN,NaN,NaN,NaN,NaN,NaN,NaN,NaN,NaN,NaN
NaN,NaN,NaN,NaN,NaN,NaN,NaN,NaN,NaN,NaN,NaN,NaN,NaN,NaN,NaN,NaN,NaN,NaN,NaN,NaN,NaN,NaN,NaN,NaN,NaN,NaN,NaN,NaN,NaN,NaN,NaN,NaN,NaN,NaN,NaN,NaN,NaN,NaN,NaN,NaN,NaN,NaN,NaN,NaN,NaN,NaN,NaN,NaN,NaN,NaN,NaN,NaN,NaN,NaN,NaN,NaN,NaN,NaN,NaN,NaN,NaN,NaN,NaN,NaN,NaN,NaN,NaN,NaN,NaN,NaN,NaN,NaN,NaN,NaN,NaN,NaN,NaN,NaN,NaN,NaN,NaN,NaN,NaN,NaN,NaN,NaN,NaN,NaN,NaN,NaN,NaN,NaN,NaN,NaN,NaN,NaN,NaN,NaN,NaN,NaN,NaN,NaN,NaN,NaN,NaN,NaN,NaN,NaN,NaN,NaN,NaN,NaN,NaN,NaN,NaN,NaN,NaN,NaN,NaN,NaN,NaN,NaN,NaN,NaN,NaN,NaN,NaN,NaN,NaN,NaN,NaN,NaN,NaN,NaN,NaN,NaN,NaN,NaN,NaN,NaN,NaN,NaN,NaN,NaN,NaN,NaN,NaN,NaN,NaN,NaN,NaN,NaN,NaN,NaN,NaN,NaN,NaN,NaN,NaN,NaN,NaN,NaN,NaN,NaN,NaN,NaN,NaN,NaN,NaN,NaN,NaN,NaN,NaN,NaN,NaN,NaN,NaN,NaN,NaN,NaN,NaN,NaN,NaN,NaN,NaN,NaN,NaN,NaN,-0.201053175693395,-0.199989906491035,NaN,NaN,NaN,NaN,NaN,NaN,NaN,NaN,NaN,NaN,NaN,NaN,NaN,NaN,NaN,NaN,NaN,NaN,NaN,NaN,-0.165207553924372,-0.165143296638696,-0.16506209603717,-0.165007965142975,NaN,NaN,NaN,NaN,NaN,NaN,NaN,NaN,NaN,NaN,NaN,NaN,NaN,NaN,NaN,NaN,NaN,NaN,NaN,NaN,NaN,NaN,NaN,NaN,NaN,NaN,NaN,NaN,NaN,NaN,NaN
NaN,NaN,NaN,NaN,NaN,NaN,NaN,NaN,NaN,NaN,NaN,NaN,NaN,NaN,NaN,NaN,NaN,NaN,NaN,NaN,NaN,NaN,NaN,NaN,NaN,NaN,NaN,NaN,NaN,NaN,NaN,NaN,NaN,NaN,NaN,NaN,NaN,NaN,NaN,NaN,NaN,NaN,NaN,NaN,NaN,NaN,NaN,NaN,NaN,NaN,NaN,NaN,NaN,NaN,NaN,NaN,NaN,NaN,NaN,NaN,NaN,NaN,NaN,NaN,NaN,NaN,NaN,NaN,NaN,NaN,NaN,NaN,NaN,NaN,NaN,NaN,NaN,NaN,NaN,NaN,NaN,NaN,NaN,NaN,NaN,NaN,NaN,NaN,NaN,NaN,NaN,NaN,NaN,NaN,NaN,NaN,NaN,NaN,NaN,NaN,NaN,NaN,NaN,NaN,NaN,NaN,NaN,NaN,NaN,NaN,NaN,NaN,NaN,NaN,NaN,NaN,NaN,NaN,NaN,NaN,NaN,NaN,NaN,NaN,NaN,NaN,NaN,NaN,NaN,NaN,NaN,NaN,NaN,NaN,NaN,NaN,NaN,NaN,NaN,NaN,NaN,NaN,NaN,NaN,NaN,NaN,NaN,NaN,NaN,NaN,NaN,NaN,NaN,NaN,NaN,NaN,NaN,NaN,NaN,NaN,NaN,NaN,NaN,NaN,NaN,NaN,NaN,NaN,NaN,NaN,NaN,NaN,NaN,NaN,NaN,NaN,NaN,NaN,NaN,NaN,NaN,NaN,NaN,NaN,NaN,NaN,NaN,NaN,-0.204567195287319,-0.185707371778377,NaN,NaN,NaN,NaN,NaN,NaN,NaN,NaN,NaN,NaN,NaN,NaN,NaN,NaN,NaN,NaN,NaN,NaN,NaN,NaN,-0.165229213392041,-0.165157440250849,-0.165078805582406,-0.165041704195095,NaN,NaN,NaN,NaN,NaN,NaN,NaN,NaN,NaN,NaN,NaN,NaN,NaN,NaN,NaN,NaN,NaN,NaN,NaN,NaN,NaN,NaN,NaN,NaN,NaN,NaN,NaN,NaN,NaN,NaN,NaN
NaN,NaN,NaN,NaN,NaN,NaN,NaN,NaN,NaN,NaN,NaN,NaN,NaN,NaN,NaN,NaN,NaN,NaN,NaN,NaN,NaN,NaN,NaN,NaN,NaN,NaN,NaN,NaN,NaN,NaN,NaN,NaN,NaN,NaN,NaN,NaN,NaN,NaN,NaN,NaN,NaN,NaN,NaN,NaN,NaN,NaN,NaN,NaN,NaN,NaN,NaN,NaN,NaN,NaN,NaN,NaN,NaN,NaN,NaN,NaN,NaN,NaN,NaN,NaN,NaN,NaN,NaN,NaN,NaN,NaN,NaN,NaN,NaN,NaN,NaN,NaN,NaN,NaN,NaN,NaN,NaN,NaN,NaN,NaN,NaN,NaN,NaN,NaN,NaN,NaN,NaN,NaN,NaN,NaN,NaN,NaN,NaN,NaN,NaN,NaN,NaN,NaN,NaN,NaN,NaN,NaN,NaN,NaN,NaN,NaN,NaN,NaN,NaN,NaN,NaN,NaN,NaN,NaN,NaN,NaN,NaN,NaN,NaN,NaN,NaN,NaN,NaN,NaN,NaN,NaN,NaN,NaN,NaN,NaN,NaN,NaN,NaN,NaN,NaN,NaN,NaN,NaN,NaN,NaN,NaN,NaN,NaN,NaN,NaN,NaN,NaN,NaN,NaN,NaN,NaN,NaN,NaN,NaN,NaN,NaN,NaN,NaN,NaN,NaN,NaN,NaN,NaN,NaN,NaN,NaN,NaN,NaN,NaN,NaN,NaN,NaN,NaN,NaN,NaN,NaN,NaN,NaN,NaN,NaN,NaN,NaN,NaN,NaN,-0.207533824982687,-0.20571495565789,NaN,NaN,NaN,NaN,NaN,NaN,NaN,NaN,NaN,NaN,NaN,NaN,NaN,NaN,NaN,NaN,NaN,NaN,NaN,NaN,-0.16490888845401,-0.16516237646531,-0.165105771852185,-0.165134200576923,-0.165017780266146,NaN,NaN,NaN,NaN,NaN,NaN,NaN,NaN,NaN,NaN,NaN,NaN,NaN,NaN,NaN,NaN,NaN,NaN,NaN,NaN,NaN,NaN,NaN,NaN,NaN,NaN,NaN,NaN,NaN,NaN
NaN,NaN,NaN,NaN,NaN,NaN,NaN,NaN,NaN,NaN,NaN,NaN,NaN,NaN,NaN,NaN,NaN,NaN,NaN,NaN,NaN,NaN,NaN,NaN,NaN,NaN,NaN,NaN,NaN,NaN,NaN,NaN,NaN,NaN,NaN,NaN,NaN,NaN,NaN,NaN,NaN,NaN,NaN,NaN,NaN,NaN,NaN,NaN,NaN,NaN,NaN,NaN,NaN,NaN,NaN,NaN,NaN,NaN,NaN,NaN,NaN,NaN,NaN,NaN,NaN,NaN,NaN,NaN,NaN,NaN,NaN,NaN,NaN,NaN,NaN,NaN,NaN,NaN,NaN,NaN,NaN,NaN,NaN,NaN,NaN,NaN,NaN,NaN,NaN,NaN,NaN,NaN,NaN,NaN,NaN,NaN,NaN,NaN,NaN,NaN,NaN,NaN,NaN,NaN,NaN,NaN,NaN,NaN,NaN,NaN,NaN,NaN,NaN,NaN,NaN,NaN,NaN,NaN,NaN,NaN,NaN,NaN,NaN,NaN,NaN,NaN,NaN,NaN,NaN,NaN,NaN,NaN,NaN,NaN,NaN,NaN,NaN,NaN,NaN,NaN,NaN,NaN,NaN,NaN,NaN,NaN,NaN,NaN,NaN,NaN,NaN,NaN,NaN,NaN,NaN,NaN,NaN,NaN,NaN,NaN,NaN,NaN,NaN,NaN,NaN,NaN,NaN,NaN,NaN,NaN,NaN,NaN,NaN,NaN,NaN,NaN,NaN,NaN,NaN,NaN,NaN,NaN,NaN,NaN,NaN,NaN,NaN,NaN,-0.211805153621994,NaN,NaN,NaN,NaN,NaN,NaN,NaN,NaN,NaN,NaN,NaN,NaN,NaN,NaN,NaN,NaN,NaN,NaN,NaN,NaN,NaN,NaN,-0.164859307712754,-0.165106921513512,-0.165082861080172,-0.165009550958703,NaN,NaN,NaN,NaN,NaN,NaN,NaN,NaN,NaN,NaN,NaN,NaN,NaN,NaN,NaN,NaN,NaN,NaN,NaN,NaN,NaN,NaN,NaN,NaN,NaN,NaN,NaN,NaN,NaN,NaN
NaN,NaN,NaN,NaN,NaN,NaN,NaN,NaN,NaN,NaN,NaN,NaN,NaN,NaN,NaN,NaN,NaN,NaN,NaN,NaN,NaN,NaN,NaN,NaN,NaN,NaN,NaN,NaN,NaN,NaN,NaN,NaN,NaN,NaN,NaN,NaN,NaN,NaN,NaN,NaN,NaN,NaN,NaN,NaN,NaN,NaN,NaN,NaN,NaN,NaN,NaN,NaN,NaN,NaN,NaN,NaN,NaN,NaN,NaN,NaN,NaN,NaN,NaN,NaN,NaN,NaN,NaN,NaN,NaN,NaN,NaN,NaN,NaN,NaN,NaN,NaN,NaN,NaN,NaN,NaN,NaN,NaN,NaN,NaN,NaN,NaN,NaN,NaN,NaN,NaN,NaN,NaN,NaN,NaN,NaN,NaN,NaN,NaN,NaN,NaN,NaN,NaN,NaN,NaN,NaN,NaN,NaN,NaN,NaN,NaN,NaN,NaN,NaN,NaN,NaN,NaN,NaN,NaN,NaN,NaN,NaN,NaN,NaN,NaN,NaN,NaN,NaN,NaN,NaN,NaN,NaN,NaN,NaN,NaN,NaN,NaN,NaN,NaN,NaN,NaN,NaN,NaN,NaN,NaN,NaN,NaN,NaN,NaN,NaN,NaN,NaN,NaN,NaN,NaN,NaN,NaN,NaN,NaN,NaN,NaN,NaN,NaN,NaN,NaN,NaN,NaN,NaN,NaN,NaN,NaN,NaN,NaN,NaN,NaN,NaN,NaN,NaN,NaN,NaN,NaN,NaN,NaN,NaN,NaN,NaN,NaN,NaN,NaN,-0.217397506410954,-0.215272941370212,NaN,NaN,NaN,NaN,-6.23332290346991e-20,-3.36522922580714e-20,NaN,NaN,NaN,NaN,NaN,NaN,NaN,NaN,NaN,NaN,NaN,NaN,NaN,NaN,NaN,NaN,-0.164764574783312,-0.165052594241917,-0.165023673360896,NaN,NaN,NaN,NaN,NaN,NaN,NaN,NaN,NaN,NaN,NaN,NaN,NaN,NaN,NaN,NaN,NaN,NaN,NaN,NaN,NaN,NaN,NaN,NaN,NaN,NaN,NaN,NaN,NaN,NaN
NaN,NaN,NaN,NaN,NaN,NaN,NaN,NaN,NaN,NaN,NaN,NaN,NaN,NaN,NaN,NaN,NaN,NaN,NaN,NaN,NaN,NaN,NaN,NaN,NaN,NaN,NaN,NaN,NaN,NaN,NaN,NaN,NaN,NaN,NaN,NaN,NaN,NaN,NaN,NaN,NaN,NaN,NaN,NaN,NaN,NaN,NaN,NaN,NaN,NaN,NaN,NaN,NaN,NaN,NaN,NaN,NaN,NaN,NaN,NaN,NaN,NaN,NaN,NaN,NaN,NaN,NaN,NaN,NaN,NaN,NaN,NaN,NaN,NaN,NaN,NaN,NaN,NaN,NaN,NaN,NaN,NaN,NaN,NaN,NaN,NaN,NaN,NaN,NaN,NaN,NaN,NaN,NaN,NaN,NaN,NaN,NaN,NaN,NaN,NaN,NaN,NaN,NaN,NaN,NaN,NaN,NaN,NaN,NaN,NaN,NaN,NaN,NaN,NaN,NaN,NaN,NaN,NaN,NaN,NaN,NaN,NaN,NaN,NaN,NaN,NaN,NaN,NaN,NaN,NaN,NaN,NaN,NaN,NaN,NaN,NaN,NaN,NaN,NaN,NaN,NaN,NaN,NaN,NaN,NaN,NaN,NaN,NaN,NaN,NaN,NaN,NaN,NaN,NaN,NaN,NaN,NaN,NaN,NaN,NaN,NaN,NaN,NaN,NaN,NaN,NaN,NaN,NaN,NaN,NaN,NaN,NaN,NaN,NaN,NaN,NaN,NaN,NaN,NaN,NaN,NaN,NaN,NaN,NaN,NaN,NaN,NaN,NaN,-0.2185472484011,-0.218860099777507,NaN,NaN,NaN,NaN,7.47392838617694e-20,-8.35400719890273e-20,NaN,NaN,NaN,NaN,NaN,NaN,NaN,NaN,NaN,NaN,NaN,NaN,NaN,NaN,NaN,NaN,NaN,NaN,NaN,NaN,NaN,NaN,NaN,NaN,NaN,NaN,NaN,NaN,NaN,NaN,NaN,NaN,NaN,NaN,NaN,NaN,NaN,NaN,NaN,NaN,NaN,NaN,NaN,NaN,NaN,NaN,NaN,NaN,NaN
NaN,NaN,NaN,NaN,NaN,NaN,NaN,NaN,NaN,NaN,NaN,NaN,NaN,NaN,NaN,NaN,NaN,NaN,NaN,NaN,NaN,NaN,NaN,NaN,NaN,NaN,NaN,NaN,NaN,NaN,NaN,NaN,NaN,NaN,NaN,NaN,NaN,NaN,NaN,NaN,NaN,NaN,NaN,NaN,NaN,NaN,NaN,NaN,NaN,NaN,NaN,NaN,NaN,NaN,NaN,NaN,NaN,NaN,NaN,NaN,NaN,NaN,NaN,NaN,NaN,NaN,NaN,NaN,NaN,NaN,NaN,NaN,NaN,NaN,NaN,NaN,NaN,NaN,NaN,NaN,NaN,NaN,NaN,NaN,NaN,NaN,NaN,NaN,NaN,NaN,NaN,NaN,NaN,NaN,NaN,NaN,NaN,NaN,NaN,NaN,NaN,NaN,NaN,NaN,NaN,NaN,NaN,NaN,NaN,NaN,NaN,NaN,NaN,NaN,NaN,NaN,NaN,NaN,NaN,NaN,NaN,NaN,NaN,NaN,NaN,NaN,NaN,NaN,NaN,NaN,NaN,NaN,NaN,NaN,NaN,NaN,NaN,NaN,NaN,NaN,NaN,NaN,NaN,NaN,NaN,NaN,NaN,NaN,NaN,NaN,NaN,NaN,NaN,NaN,NaN,NaN,NaN,NaN,NaN,NaN,NaN,NaN,NaN,NaN,NaN,NaN,NaN,NaN,NaN,NaN,NaN,NaN,NaN,NaN,NaN,NaN,NaN,NaN,NaN,NaN,NaN,NaN,NaN,NaN,NaN,NaN,-0.22220340692478,-0.222082472657032,-0.219872465819333,-0.215347714845433,NaN,NaN,NaN,NaN,NaN,NaN,NaN,NaN,NaN,NaN,NaN,NaN,NaN,NaN,NaN,NaN,NaN,NaN,NaN,NaN,NaN,NaN,NaN,NaN,NaN,NaN,NaN,NaN,NaN,NaN,NaN,NaN,NaN,NaN,NaN,NaN,NaN,NaN,NaN,NaN,NaN,NaN,NaN,NaN,NaN,NaN,NaN,NaN,NaN,NaN,NaN,NaN,NaN,NaN,NaN
NaN,NaN,NaN,NaN,NaN,NaN,NaN,NaN,NaN,NaN,NaN,NaN,NaN,NaN,NaN,NaN,NaN,NaN,NaN,NaN,NaN,NaN,NaN,NaN,NaN,NaN,NaN,NaN,NaN,NaN,NaN,NaN,NaN,NaN,NaN,NaN,NaN,NaN,NaN,NaN,NaN,NaN,NaN,NaN,NaN,NaN,NaN,NaN,NaN,NaN,NaN,NaN,NaN,NaN,NaN,NaN,NaN,NaN,NaN,NaN,NaN,NaN,NaN,NaN,NaN,NaN,NaN,NaN,NaN,NaN,NaN,NaN,NaN,NaN,NaN,NaN,NaN,NaN,NaN,NaN,NaN,NaN,NaN,NaN,NaN,NaN,NaN,NaN,NaN,NaN,NaN,NaN,NaN,NaN,NaN,NaN,NaN,NaN,NaN,NaN,NaN,NaN,NaN,NaN,NaN,NaN,NaN,NaN,NaN,NaN,NaN,NaN,NaN,NaN,NaN,NaN,NaN,NaN,NaN,NaN,NaN,NaN,NaN,NaN,NaN,NaN,NaN,NaN,NaN,NaN,NaN,NaN,NaN,NaN,NaN,NaN,NaN,NaN,NaN,NaN,NaN,NaN,NaN,NaN,NaN,NaN,NaN,NaN,NaN,NaN,NaN,NaN,NaN,NaN,NaN,NaN,NaN,NaN,NaN,NaN,NaN,NaN,NaN,NaN,NaN,NaN,NaN,NaN,NaN,NaN,NaN,NaN,NaN,NaN,NaN,NaN,NaN,NaN,NaN,NaN,NaN,NaN,NaN,NaN,NaN,NaN,-0.222035977767965,-0.22183065989643,NaN,NaN,NaN,NaN,NaN,NaN,NaN,NaN,NaN,NaN,NaN,NaN,NaN,NaN,NaN,NaN,NaN,NaN,NaN,NaN,NaN,NaN,NaN,NaN,NaN,NaN,NaN,NaN,NaN,NaN,NaN,NaN,NaN,NaN,NaN,NaN,NaN,NaN,NaN,NaN,NaN,NaN,NaN,NaN,NaN,NaN,NaN,NaN,NaN,NaN,NaN,NaN,NaN,NaN,NaN,NaN,NaN
NaN,NaN,NaN,NaN,NaN,NaN,NaN,NaN,NaN,NaN,NaN,NaN,NaN,NaN,NaN,NaN,NaN,NaN,NaN,NaN,NaN,NaN,NaN,NaN,NaN,NaN,NaN,NaN,NaN,NaN,NaN,NaN,NaN,NaN,NaN,NaN,NaN,NaN,NaN,NaN,NaN,NaN,NaN,NaN,NaN,NaN,NaN,NaN,NaN,NaN,NaN,NaN,NaN,NaN,NaN,NaN,NaN,NaN,NaN,NaN,NaN,NaN,NaN,NaN,NaN,NaN,NaN,NaN,NaN,NaN,NaN,NaN,NaN,NaN,NaN,NaN,NaN,NaN,NaN,NaN,NaN,NaN,NaN,NaN,NaN,NaN,NaN,NaN,NaN,NaN,NaN,NaN,NaN,NaN,NaN,NaN,NaN,NaN,NaN,NaN,NaN,NaN,NaN,NaN,NaN,NaN,NaN,NaN,NaN,NaN,NaN,NaN,NaN,NaN,NaN,NaN,NaN,NaN,NaN,NaN,NaN,NaN,NaN,NaN,NaN,NaN,NaN,NaN,NaN,NaN,NaN,NaN,NaN,NaN,NaN,NaN,NaN,NaN,NaN,NaN,NaN,NaN,NaN,NaN,NaN,NaN,NaN,NaN,NaN,NaN,NaN,NaN,NaN,NaN,NaN,NaN,NaN,NaN,NaN,NaN,NaN,NaN,NaN,NaN,NaN,NaN,NaN,NaN,NaN,NaN,NaN,NaN,NaN,NaN,NaN,NaN,NaN,NaN,NaN,NaN,NaN,NaN,NaN,NaN,NaN,NaN,-0.222177591002427,-0.221915203907941,NaN,NaN,NaN,NaN,NaN,NaN,NaN,NaN,NaN,NaN,NaN,NaN,NaN,NaN,NaN,NaN,NaN,NaN,NaN,NaN,NaN,NaN,NaN,NaN,NaN,NaN,NaN,NaN,NaN,NaN,NaN,NaN,NaN,NaN,NaN,NaN,NaN,NaN,NaN,NaN,NaN,NaN,NaN,NaN,NaN,NaN,NaN,NaN,NaN,NaN,NaN,NaN,NaN,NaN,NaN,NaN,NaN
NaN,NaN,NaN,NaN,NaN,NaN,NaN,NaN,NaN,NaN,NaN,NaN,NaN,NaN,NaN,NaN,NaN,NaN,NaN,NaN,NaN,NaN,NaN,NaN,NaN,NaN,NaN,NaN,NaN,NaN,NaN,NaN,NaN,NaN,NaN,NaN,NaN,NaN,NaN,NaN,NaN,NaN,NaN,NaN,NaN,NaN,NaN,NaN,NaN,NaN,NaN,NaN,NaN,NaN,NaN,NaN,NaN,NaN,NaN,NaN,NaN,NaN,NaN,NaN,NaN,NaN,NaN,NaN,NaN,NaN,NaN,NaN,NaN,NaN,NaN,NaN,NaN,NaN,NaN,NaN,NaN,NaN,NaN,NaN,NaN,NaN,NaN,NaN,NaN,NaN,NaN,NaN,NaN,NaN,NaN,NaN,NaN,NaN,NaN,NaN,NaN,NaN,NaN,NaN,NaN,NaN,NaN,NaN,NaN,NaN,NaN,NaN,NaN,NaN,NaN,NaN,NaN,NaN,NaN,NaN,NaN,NaN,NaN,NaN,NaN,NaN,NaN,NaN,NaN,NaN,NaN,NaN,NaN,NaN,NaN,NaN,NaN,NaN,NaN,NaN,NaN,NaN,NaN,NaN,NaN,NaN,NaN,NaN,NaN,NaN,NaN,NaN,NaN,NaN,NaN,NaN,NaN,NaN,NaN,NaN,NaN,NaN,NaN,NaN,NaN,NaN,NaN,NaN,NaN,NaN,NaN,NaN,NaN,NaN,NaN,NaN,NaN,NaN,NaN,NaN,NaN,NaN,NaN,NaN,NaN,NaN,-0.222873623530335,NaN,NaN,NaN,NaN,NaN,NaN,NaN,NaN,NaN,NaN,NaN,NaN,NaN,NaN,NaN,NaN,NaN,NaN,NaN,NaN,NaN,NaN,NaN,NaN,NaN,NaN,NaN,NaN,NaN,NaN,NaN,NaN,NaN,NaN,NaN,NaN,NaN,NaN,NaN,NaN,NaN,NaN,NaN,NaN,NaN,NaN,NaN,NaN,NaN,NaN,NaN,NaN,NaN,NaN,NaN,NaN,NaN,NaN
NaN,NaN,NaN,NaN,NaN,NaN,NaN,NaN,NaN,NaN,NaN,NaN,NaN,NaN,NaN,NaN,NaN,NaN,NaN,NaN,NaN,NaN,NaN,NaN,NaN,NaN,NaN,NaN,NaN,NaN,NaN,NaN,NaN,NaN,NaN,NaN,NaN,NaN,NaN,NaN,NaN,NaN,NaN,NaN,NaN,NaN,NaN,NaN,NaN,NaN,NaN,NaN,NaN,NaN,NaN,NaN,NaN,NaN,NaN,NaN,NaN,NaN,NaN,NaN,NaN,NaN,NaN,NaN,NaN,NaN,NaN,NaN,NaN,NaN,NaN,NaN,NaN,NaN,NaN,NaN,NaN,NaN,NaN,NaN,NaN,NaN,NaN,NaN,NaN,NaN,NaN,NaN,NaN,NaN,NaN,NaN,NaN,NaN,NaN,NaN,NaN,NaN,NaN,NaN,NaN,NaN,NaN,NaN,NaN,NaN,NaN,NaN,NaN,NaN,NaN,NaN,NaN,NaN,NaN,NaN,NaN,NaN,NaN,NaN,NaN,NaN,NaN,NaN,NaN,NaN,NaN,NaN,NaN,NaN,NaN,NaN,NaN,NaN,NaN,NaN,NaN,NaN,NaN,NaN,NaN,NaN,NaN,NaN,NaN,NaN,NaN,NaN,NaN,NaN,NaN,NaN,NaN,NaN,NaN,NaN,NaN,NaN,NaN,NaN,NaN,NaN,NaN,NaN,NaN,NaN,NaN,NaN,NaN,NaN,NaN,NaN,NaN,NaN,NaN,NaN,NaN,NaN,NaN,NaN,NaN,-0.20244444579846,-0.224528118038445,NaN,NaN,NaN,NaN,NaN,NaN,NaN,NaN,NaN,NaN,NaN,NaN,NaN,NaN,NaN,NaN,NaN,NaN,NaN,NaN,NaN,NaN,NaN,NaN,NaN,NaN,NaN,NaN,NaN,NaN,NaN,NaN,NaN,NaN,NaN,NaN,NaN,NaN,NaN,NaN,NaN,NaN,NaN,NaN,NaN,NaN,NaN,NaN,NaN,NaN,NaN,NaN,NaN,NaN,NaN,NaN,NaN,NaN
NaN,NaN,NaN,NaN,NaN,NaN,NaN,NaN,NaN,NaN,NaN,NaN,NaN,NaN,NaN,NaN,NaN,NaN,NaN,NaN,NaN,NaN,NaN,NaN,NaN,NaN,NaN,NaN,NaN,NaN,NaN,NaN,NaN,NaN,NaN,NaN,NaN,NaN,NaN,NaN,NaN,NaN,NaN,NaN,NaN,NaN,NaN,NaN,NaN,NaN,NaN,NaN,NaN,NaN,NaN,NaN,NaN,NaN,NaN,NaN,NaN,NaN,NaN,NaN,NaN,NaN,NaN,NaN,NaN,NaN,NaN,NaN,NaN,NaN,NaN,NaN,NaN,NaN,NaN,NaN,NaN,NaN,NaN,NaN,NaN,NaN,NaN,NaN,NaN,NaN,NaN,NaN,NaN,NaN,NaN,NaN,NaN,NaN,NaN,NaN,NaN,NaN,NaN,NaN,NaN,NaN,NaN,NaN,NaN,NaN,NaN,NaN,NaN,NaN,NaN,NaN,NaN,NaN,NaN,NaN,NaN,NaN,NaN,NaN,NaN,NaN,NaN,NaN,NaN,NaN,NaN,NaN,NaN,NaN,NaN,NaN,NaN,NaN,NaN,NaN,NaN,NaN,NaN,NaN,NaN,NaN,NaN,NaN,NaN,NaN,NaN,NaN,NaN,NaN,NaN,NaN,NaN,NaN,NaN,NaN,NaN,NaN,NaN,NaN,NaN,NaN,NaN,NaN,NaN,NaN,NaN,NaN,NaN,NaN,NaN,NaN,NaN,NaN,NaN,NaN,NaN,NaN,NaN,NaN,-0.195069896784925,-0.210221476291354,NaN,NaN,NaN,NaN,NaN,NaN,NaN,NaN,NaN,NaN,NaN,NaN,NaN,NaN,NaN,NaN,NaN,NaN,NaN,NaN,NaN,NaN,NaN,NaN,NaN,NaN,NaN,NaN,NaN,NaN,NaN,NaN,NaN,NaN,NaN,NaN,NaN,NaN,NaN,NaN,NaN,NaN,NaN,NaN,NaN,NaN,NaN,NaN,NaN,NaN,NaN,NaN,NaN,NaN,NaN,NaN,NaN,NaN,NaN
NaN,NaN,NaN,NaN,NaN,NaN,NaN,NaN,NaN,NaN,NaN,NaN,NaN,NaN,NaN,NaN,NaN,NaN,NaN,NaN,NaN,NaN,NaN,NaN,NaN,NaN,NaN,NaN,NaN,NaN,NaN,NaN,NaN,NaN,NaN,NaN,NaN,NaN,NaN,NaN,NaN,NaN,NaN,NaN,NaN,NaN,NaN,NaN,NaN,NaN,NaN,NaN,NaN,NaN,NaN,NaN,NaN,NaN,NaN,NaN,NaN,NaN,NaN,NaN,NaN,NaN,NaN,NaN,NaN,NaN,NaN,NaN,NaN,NaN,NaN,NaN,NaN,NaN,NaN,NaN,NaN,NaN,NaN,NaN,NaN,NaN,NaN,NaN,NaN,NaN,NaN,NaN,NaN,NaN,NaN,NaN,NaN,NaN,NaN,NaN,NaN,NaN,NaN,NaN,NaN,NaN,NaN,NaN,NaN,NaN,NaN,NaN,NaN,NaN,NaN,NaN,NaN,NaN,NaN,NaN,NaN,NaN,NaN,NaN,NaN,NaN,NaN,NaN,NaN,NaN,NaN,NaN,NaN,NaN,NaN,NaN,NaN,NaN,NaN,NaN,NaN,NaN,NaN,NaN,NaN,NaN,NaN,NaN,NaN,NaN,NaN,NaN,NaN,NaN,NaN,NaN,NaN,NaN,NaN,NaN,NaN,NaN,NaN,NaN,NaN,NaN,NaN,NaN,NaN,NaN,NaN,NaN,NaN,NaN,NaN,NaN,NaN,NaN,NaN,NaN,NaN,NaN,NaN,-0.196030738977538,-0.212120912526693,-0.21067360538447,NaN,NaN,NaN,NaN,NaN,NaN,NaN,NaN,NaN,NaN,NaN,NaN,NaN,NaN,NaN,NaN,NaN,NaN,NaN,NaN,NaN,NaN,NaN,NaN,NaN,NaN,NaN,NaN,NaN,NaN,NaN,NaN,NaN,NaN,NaN,NaN,NaN,NaN,NaN,NaN,NaN,NaN,NaN,NaN,NaN,NaN,NaN,NaN,NaN,NaN,NaN,NaN,NaN,NaN,NaN,NaN,NaN,NaN,NaN
NaN,NaN,NaN,NaN,NaN,NaN,NaN,NaN,NaN,NaN,NaN,NaN,NaN,NaN,NaN,NaN,NaN,NaN,NaN,NaN,NaN,NaN,NaN,NaN,NaN,NaN,NaN,NaN,NaN,NaN,NaN,NaN,NaN,NaN,NaN,NaN,NaN,NaN,NaN,NaN,NaN,NaN,NaN,NaN,NaN,NaN,NaN,NaN,NaN,NaN,NaN,NaN,NaN,NaN,NaN,NaN,NaN,NaN,NaN,NaN,NaN,NaN,NaN,NaN,NaN,NaN,NaN,NaN,NaN,NaN,NaN,NaN,NaN,NaN,NaN,NaN,NaN,NaN,NaN,NaN,NaN,NaN,NaN,NaN,NaN,NaN,NaN,NaN,NaN,NaN,NaN,NaN,NaN,NaN,NaN,NaN,NaN,NaN,NaN,NaN,NaN,NaN,NaN,NaN,NaN,NaN,NaN,NaN,NaN,NaN,NaN,NaN,NaN,NaN,NaN,NaN,NaN,NaN,NaN,NaN,NaN,NaN,NaN,NaN,NaN,NaN,NaN,NaN,NaN,NaN,NaN,NaN,NaN,NaN,NaN,NaN,NaN,NaN,NaN,NaN,NaN,NaN,NaN,NaN,NaN,NaN,NaN,NaN,NaN,NaN,NaN,NaN,NaN,NaN,NaN,NaN,NaN,NaN,NaN,NaN,NaN,NaN,NaN,NaN,NaN,NaN,NaN,NaN,NaN,NaN,NaN,NaN,NaN,NaN,NaN,NaN,NaN,NaN,NaN,NaN,NaN,NaN,NaN,-0.213297896810174,-0.213283519137979,NaN,NaN,NaN,NaN,NaN,NaN,NaN,NaN,NaN,NaN,NaN,NaN,NaN,NaN,NaN,NaN,NaN,NaN,NaN,NaN,NaN,NaN,NaN,NaN,NaN,NaN,NaN,NaN,NaN,NaN,NaN,NaN,NaN,NaN,NaN,NaN,NaN,NaN,NaN,NaN,NaN,NaN,NaN,NaN,NaN,NaN,NaN,NaN,NaN,NaN,NaN,NaN,NaN,NaN,NaN,NaN,NaN,NaN,NaN,NaN
NaN,NaN,NaN,NaN,NaN,NaN,NaN,NaN,NaN,NaN,NaN,NaN,NaN,NaN,NaN,NaN,NaN,NaN,NaN,NaN,NaN,NaN,NaN,NaN,NaN,NaN,NaN,NaN,NaN,NaN,NaN,NaN,NaN,NaN,NaN,NaN,NaN,NaN,NaN,NaN,NaN,NaN,NaN,NaN,NaN,NaN,NaN,NaN,NaN,NaN,NaN,NaN,NaN,NaN,NaN,NaN,NaN,NaN,NaN,NaN,NaN,NaN,NaN,NaN,NaN,NaN,NaN,NaN,NaN,NaN,NaN,NaN,NaN,NaN,NaN,NaN,NaN,NaN,NaN,NaN,NaN,NaN,NaN,NaN,NaN,NaN,NaN,NaN,NaN,NaN,NaN,NaN,NaN,NaN,NaN,NaN,NaN,NaN,NaN,NaN,NaN,NaN,NaN,NaN,NaN,NaN,NaN,NaN,NaN,NaN,NaN,NaN,NaN,NaN,NaN,NaN,NaN,NaN,NaN,NaN,NaN,NaN,NaN,NaN,NaN,NaN,NaN,NaN,NaN,NaN,NaN,NaN,NaN,NaN,NaN,NaN,NaN,NaN,NaN,NaN,NaN,NaN,NaN,NaN,NaN,NaN,NaN,NaN,NaN,NaN,NaN,NaN,NaN,NaN,NaN,NaN,NaN,NaN,NaN,NaN,NaN,NaN,NaN,NaN,NaN,NaN,NaN,NaN,NaN,NaN,NaN,NaN,NaN,NaN,NaN,NaN,NaN,NaN,NaN,NaN,NaN,NaN,NaN,-0.209127377886949,-0.213634420880675,NaN,NaN,NaN,NaN,NaN,NaN,NaN,NaN,NaN,NaN,NaN,NaN,NaN,NaN,NaN,NaN,NaN,NaN,NaN,NaN,NaN,NaN,NaN,NaN,NaN,NaN,NaN,NaN,NaN,NaN,NaN,NaN,NaN,NaN,NaN,NaN,NaN,NaN,NaN,NaN,NaN,NaN,NaN,NaN,NaN,NaN,NaN,NaN,NaN,NaN,NaN,NaN,NaN,NaN,NaN,NaN,NaN,NaN,NaN,NaN
NaN,NaN,NaN,NaN,NaN,NaN,NaN,NaN,NaN,NaN,NaN,NaN,NaN,NaN,NaN,NaN,NaN,NaN,NaN,NaN,NaN,NaN,NaN,NaN,NaN,NaN,NaN,NaN,NaN,NaN,NaN,NaN,NaN,NaN,NaN,NaN,NaN,NaN,NaN,NaN,NaN,NaN,NaN,NaN,NaN,NaN,NaN,NaN,NaN,NaN,NaN,NaN,NaN,NaN,NaN,NaN,NaN,NaN,NaN,NaN,NaN,NaN,NaN,NaN,NaN,NaN,NaN,NaN,NaN,NaN,NaN,NaN,NaN,NaN,NaN,NaN,NaN,NaN,NaN,NaN,NaN,NaN,NaN,NaN,NaN,NaN,NaN,NaN,NaN,NaN,NaN,NaN,NaN,NaN,NaN,NaN,NaN,NaN,NaN,NaN,NaN,NaN,NaN,NaN,NaN,NaN,NaN,NaN,NaN,NaN,NaN,NaN,NaN,NaN,NaN,NaN,NaN,NaN,NaN,NaN,NaN,NaN,NaN,NaN,NaN,NaN,NaN,NaN,NaN,NaN,NaN,NaN,NaN,NaN,NaN,NaN,NaN,NaN,NaN,NaN,NaN,NaN,NaN,NaN,NaN,NaN,NaN,NaN,NaN,NaN,NaN,NaN,NaN,NaN,NaN,NaN,NaN,NaN,NaN,NaN,NaN,NaN,NaN,NaN,NaN,NaN,NaN,NaN,NaN,NaN,NaN,NaN,NaN,NaN,NaN,NaN,NaN,NaN,NaN,NaN,NaN,NaN,NaN,-0.162139933980048,-0.209771711940284,NaN,NaN,NaN,NaN,NaN,NaN,NaN,NaN,NaN,NaN,NaN,NaN,NaN,NaN,NaN,NaN,NaN,NaN,NaN,NaN,NaN,NaN,NaN,NaN,NaN,NaN,NaN,NaN,NaN,NaN,NaN,NaN,NaN,NaN,NaN,NaN,NaN,NaN,NaN,NaN,NaN,NaN,NaN,NaN,NaN,NaN,NaN,NaN,NaN,NaN,NaN,NaN,NaN,NaN,NaN,NaN,NaN,NaN,NaN,NaN
NaN,NaN,NaN,NaN,NaN,NaN,NaN,NaN,NaN,NaN,NaN,NaN,NaN,NaN,NaN,NaN,NaN,NaN,NaN,NaN,NaN,NaN,NaN,NaN,NaN,NaN,NaN,NaN,NaN,NaN,NaN,NaN,NaN,NaN,NaN,NaN,NaN,NaN,NaN,NaN,NaN,NaN,NaN,NaN,NaN,NaN,NaN,NaN,NaN,NaN,NaN,NaN,NaN,NaN,NaN,NaN,NaN,NaN,NaN,NaN,NaN,NaN,NaN,NaN,NaN,NaN,NaN,NaN,NaN,NaN,NaN,NaN,NaN,NaN,NaN,NaN,NaN,NaN,NaN,NaN,NaN,NaN,NaN,NaN,NaN,NaN,NaN,NaN,NaN,NaN,NaN,NaN,NaN,NaN,NaN,NaN,NaN,NaN,NaN,NaN,NaN,NaN,NaN,NaN,NaN,NaN,NaN,NaN,NaN,NaN,NaN,NaN,NaN,NaN,NaN,NaN,NaN,NaN,NaN,NaN,NaN,NaN,NaN,NaN,NaN,NaN,NaN,NaN,NaN,NaN,NaN,NaN,NaN,NaN,NaN,NaN,NaN,NaN,NaN,NaN,NaN,NaN,NaN,NaN,NaN,NaN,NaN,NaN,NaN,NaN,NaN,NaN,NaN,NaN,NaN,NaN,NaN,NaN,NaN,NaN,NaN,NaN,NaN,NaN,NaN,NaN,NaN,NaN,NaN,NaN,NaN,NaN,NaN,NaN,NaN,NaN,NaN,NaN,NaN,NaN,NaN,NaN,-0.163706151882526,-0.164227656692675,-0.162630429740178,NaN,NaN,NaN,NaN,NaN,NaN,NaN,NaN,NaN,NaN,NaN,NaN,NaN,NaN,NaN,NaN,NaN,NaN,NaN,NaN,NaN,NaN,NaN,NaN,NaN,NaN,NaN,NaN,NaN,NaN,NaN,NaN,NaN,NaN,NaN,NaN,NaN,NaN,NaN,NaN,NaN,NaN,NaN,NaN,NaN,NaN,NaN,NaN,NaN,NaN,NaN,NaN,NaN,NaN,NaN,NaN,NaN,NaN,NaN,NaN
NaN,NaN,NaN,NaN,NaN,NaN,NaN,NaN,NaN,NaN,NaN,NaN,NaN,NaN,NaN,NaN,NaN,NaN,NaN,NaN,NaN,NaN,NaN,NaN,NaN,NaN,NaN,NaN,NaN,NaN,NaN,NaN,NaN,NaN,NaN,NaN,NaN,NaN,NaN,NaN,NaN,NaN,NaN,NaN,NaN,NaN,NaN,NaN,NaN,NaN,NaN,NaN,NaN,NaN,NaN,NaN,NaN,NaN,NaN,NaN,NaN,NaN,NaN,NaN,NaN,NaN,NaN,NaN,NaN,NaN,NaN,NaN,NaN,NaN,NaN,NaN,NaN,NaN,NaN,NaN,NaN,NaN,NaN,NaN,NaN,NaN,NaN,NaN,NaN,NaN,NaN,NaN,NaN,NaN,NaN,NaN,NaN,NaN,NaN,NaN,NaN,NaN,NaN,NaN,NaN,NaN,NaN,NaN,NaN,NaN,NaN,NaN,NaN,NaN,NaN,NaN,NaN,NaN,NaN,NaN,NaN,NaN,NaN,NaN,NaN,NaN,NaN,NaN,NaN,NaN,NaN,NaN,NaN,NaN,NaN,NaN,NaN,NaN,NaN,NaN,NaN,NaN,NaN,NaN,NaN,NaN,NaN,NaN,NaN,NaN,NaN,NaN,NaN,NaN,NaN,NaN,NaN,NaN,NaN,NaN,NaN,NaN,NaN,NaN,NaN,NaN,NaN,NaN,NaN,NaN,NaN,NaN,NaN,NaN,NaN,NaN,NaN,NaN,NaN,NaN,NaN,NaN,-0.164644372665152,-0.164559656577713,NaN,NaN,NaN,NaN,NaN,NaN,NaN,NaN,NaN,NaN,NaN,NaN,NaN,NaN,NaN,NaN,NaN,NaN,NaN,NaN,NaN,NaN,NaN,NaN,NaN,NaN,NaN,NaN,NaN,NaN,NaN,NaN,NaN,NaN,NaN,NaN,NaN,NaN,NaN,NaN,NaN,NaN,NaN,NaN,NaN,NaN,NaN,NaN,NaN,NaN,NaN,NaN,NaN,NaN,NaN,NaN,NaN,NaN,NaN,NaN,NaN
NaN,NaN,NaN,NaN,NaN,NaN,NaN,NaN,NaN,NaN,NaN,NaN,NaN,NaN,NaN,NaN,NaN,NaN,NaN,NaN,NaN,NaN,NaN,NaN,NaN,NaN,NaN,NaN,NaN,NaN,NaN,NaN,NaN,NaN,NaN,NaN,NaN,NaN,NaN,NaN,NaN,NaN,NaN,NaN,NaN,NaN,NaN,NaN,NaN,NaN,NaN,NaN,NaN,NaN,NaN,NaN,NaN,NaN,NaN,NaN,NaN,NaN,NaN,NaN,NaN,NaN,NaN,NaN,NaN,NaN,NaN,NaN,NaN,NaN,NaN,NaN,NaN,NaN,NaN,NaN,NaN,NaN,NaN,NaN,NaN,NaN,NaN,NaN,NaN,NaN,NaN,NaN,NaN,NaN,NaN,NaN,NaN,NaN,NaN,NaN,NaN,NaN,NaN,NaN,NaN,NaN,NaN,NaN,NaN,NaN,NaN,NaN,NaN,NaN,NaN,NaN,NaN,NaN,NaN,NaN,NaN,NaN,NaN,NaN,NaN,NaN,NaN,NaN,NaN,NaN,NaN,NaN,NaN,NaN,NaN,NaN,NaN,NaN,NaN,NaN,NaN,NaN,NaN,NaN,NaN,NaN,NaN,NaN,NaN,NaN,NaN,NaN,NaN,NaN,NaN,NaN,NaN,NaN,NaN,NaN,NaN,NaN,NaN,NaN,NaN,NaN,NaN,NaN,NaN,NaN,NaN,NaN,NaN,NaN,NaN,NaN,NaN,NaN,NaN,NaN,NaN,NaN,-0.1637418304086,-0.164651413342518,NaN,NaN,NaN,NaN,NaN,NaN,NaN,NaN,NaN,NaN,NaN,NaN,NaN,NaN,NaN,NaN,NaN,NaN,NaN,NaN,NaN,NaN,NaN,NaN,NaN,NaN,NaN,NaN,NaN,NaN,NaN,NaN,NaN,NaN,NaN,NaN,NaN,NaN,NaN,NaN,NaN,NaN,NaN,NaN,NaN,NaN,NaN,NaN,NaN,NaN,NaN,NaN,NaN,NaN,NaN,NaN,NaN,NaN,NaN,NaN,NaN
NaN,NaN,NaN,NaN,NaN,NaN,NaN,NaN,NaN,NaN,NaN,NaN,NaN,NaN,NaN,NaN,NaN,NaN,NaN,NaN,NaN,NaN,NaN,NaN,NaN,NaN,NaN,NaN,NaN,NaN,NaN,NaN,NaN,NaN,NaN,NaN,NaN,NaN,NaN,NaN,NaN,NaN,NaN,NaN,NaN,NaN,NaN,NaN,NaN,NaN,NaN,NaN,NaN,NaN,NaN,NaN,NaN,NaN,NaN,NaN,NaN,NaN,NaN,NaN,NaN,NaN,NaN,NaN,NaN,NaN,NaN,NaN,NaN,NaN,NaN,NaN,NaN,NaN,NaN,NaN,NaN,NaN,NaN,NaN,NaN,NaN,NaN,NaN,NaN,NaN,NaN,NaN,NaN,NaN,NaN,NaN,NaN,NaN,NaN,NaN,NaN,NaN,NaN,NaN,NaN,NaN,NaN,NaN,NaN,NaN,NaN,NaN,NaN,NaN,NaN,NaN,NaN,NaN,NaN,NaN,NaN,NaN,NaN,NaN,NaN,NaN,NaN,NaN,NaN,NaN,NaN,NaN,NaN,NaN,NaN,NaN,NaN,NaN,NaN,NaN,NaN,NaN,NaN,NaN,NaN,NaN,NaN,NaN,NaN,NaN,NaN,NaN,NaN,NaN,NaN,NaN,NaN,NaN,NaN,NaN,NaN,NaN,NaN,NaN,NaN,NaN,NaN,NaN,NaN,NaN,NaN,NaN,NaN,NaN,NaN,NaN,NaN,NaN,NaN,NaN,NaN,NaN,NaN,NaN,NaN,NaN,NaN,NaN,NaN,NaN,NaN,NaN,NaN,NaN,NaN,NaN,NaN,NaN,NaN,NaN,NaN,NaN,NaN,NaN,NaN,NaN,NaN,NaN,NaN,NaN,NaN,NaN,NaN,NaN,NaN,NaN,NaN,NaN,NaN,NaN,NaN,NaN,NaN,NaN,NaN,NaN,NaN,NaN,NaN,NaN,NaN,NaN,NaN,NaN,NaN,NaN,NaN,NaN,NaN,NaN,NaN,NaN,NaN,NaN,NaN
NaN,NaN,NaN,NaN,NaN,NaN,NaN,NaN,NaN,NaN,NaN,NaN,NaN,NaN,NaN,NaN,NaN,NaN,NaN,NaN,NaN,NaN,NaN,NaN,NaN,NaN,NaN,NaN,NaN,NaN,NaN,NaN,NaN,NaN,NaN,NaN,NaN,NaN,NaN,NaN,NaN,NaN,NaN,NaN,NaN,NaN,NaN,NaN,NaN,NaN,NaN,NaN,NaN,NaN,NaN,NaN,NaN,NaN,NaN,NaN,NaN,NaN,NaN,NaN,NaN,NaN,NaN,NaN,NaN,NaN,NaN,NaN,NaN,NaN,NaN,NaN,NaN,NaN,NaN,NaN,NaN,NaN,NaN,NaN,NaN,NaN,NaN,NaN,NaN,NaN,NaN,NaN,NaN,NaN,NaN,NaN,NaN,NaN,NaN,NaN,NaN,NaN,NaN,NaN,NaN,NaN,NaN,NaN,NaN,NaN,NaN,NaN,NaN,NaN,NaN,NaN,NaN,NaN,NaN,NaN,NaN,NaN,NaN,NaN,NaN,NaN,NaN,NaN,NaN,NaN,NaN,NaN,NaN,NaN,NaN,NaN,NaN,NaN,NaN,NaN,NaN,NaN,NaN,NaN,NaN,NaN,NaN,NaN,NaN,NaN,NaN,NaN,NaN,NaN,NaN,NaN,NaN,NaN,NaN,NaN,NaN,NaN,NaN,NaN,NaN,NaN,NaN,NaN,NaN,NaN,NaN,NaN,NaN,NaN,NaN,NaN,NaN,NaN,NaN,NaN,NaN,NaN,NaN,NaN,NaN,NaN,NaN,NaN,NaN,NaN,NaN,NaN,NaN,NaN,NaN,NaN,NaN,NaN,NaN,NaN,NaN,NaN,NaN,NaN,NaN,NaN,NaN,NaN,NaN,NaN,NaN,NaN,NaN,NaN,NaN,NaN,NaN,NaN,NaN,NaN,NaN,NaN,NaN,NaN,NaN,NaN,NaN,NaN,NaN,NaN,NaN,NaN,NaN,NaN,NaN,NaN,NaN,NaN,NaN,NaN,NaN,NaN,NaN,NaN,NaN
NaN,NaN,NaN,NaN,NaN,NaN,NaN,NaN,NaN,NaN,NaN,NaN,NaN,NaN,NaN,NaN,NaN,NaN,NaN,NaN,NaN,NaN,NaN,NaN,NaN,NaN,NaN,NaN,NaN,NaN,NaN,NaN,NaN,NaN,NaN,NaN,NaN,NaN,NaN,NaN,NaN,NaN,NaN,NaN,NaN,NaN,NaN,NaN,NaN,NaN,NaN,NaN,NaN,NaN,NaN,NaN,NaN,NaN,NaN,NaN,NaN,NaN,NaN,NaN,NaN,NaN,NaN,NaN,NaN,NaN,NaN,NaN,NaN,NaN,NaN,NaN,NaN,NaN,NaN,NaN,NaN,NaN,NaN,NaN,NaN,NaN,NaN,NaN,NaN,NaN,NaN,NaN,NaN,NaN,NaN,NaN,NaN,NaN,NaN,NaN,NaN,NaN,NaN,NaN,NaN,NaN,NaN,NaN,NaN,NaN,NaN,NaN,NaN,NaN,NaN,NaN,NaN,NaN,NaN,NaN,NaN,NaN,NaN,NaN,NaN,NaN,NaN,NaN,NaN,NaN,NaN,NaN,NaN,NaN,NaN,NaN,NaN,NaN,NaN,NaN,NaN,NaN,NaN,NaN,NaN,NaN,NaN,NaN,NaN,NaN,NaN,NaN,NaN,NaN,NaN,NaN,NaN,NaN,NaN,NaN,NaN,NaN,NaN,NaN,NaN,NaN,NaN,NaN,NaN,NaN,NaN,NaN,NaN,NaN,NaN,NaN,NaN,NaN,NaN,NaN,NaN,NaN,NaN,NaN,NaN,NaN,NaN,NaN,NaN,NaN,NaN,NaN,NaN,NaN,NaN,NaN,NaN,NaN,NaN,NaN,NaN,NaN,NaN,NaN,NaN,NaN,NaN,NaN,NaN,NaN,NaN,NaN,NaN,NaN,NaN,NaN,NaN,NaN,NaN,NaN,NaN,NaN,NaN,NaN,NaN,NaN,NaN,NaN,NaN,NaN,NaN,NaN,NaN,NaN,NaN,NaN,NaN,NaN,NaN,NaN,NaN,NaN,NaN,NaN,NaN
NaN,NaN,NaN,NaN,NaN,NaN,NaN,NaN,NaN,NaN,NaN,NaN,NaN,NaN,NaN,NaN,NaN,NaN,NaN,NaN,NaN,NaN,NaN,NaN,NaN,NaN,NaN,NaN,NaN,NaN,NaN,NaN,NaN,NaN,NaN,NaN,NaN,NaN,NaN,NaN,NaN,NaN,NaN,NaN,NaN,NaN,NaN,NaN,NaN,NaN,NaN,NaN,NaN,NaN,NaN,NaN,NaN,NaN,NaN,NaN,NaN,NaN,NaN,NaN,NaN,NaN,NaN,NaN,NaN,NaN,NaN,NaN,NaN,NaN,NaN,NaN,NaN,NaN,NaN,NaN,NaN,NaN,NaN,NaN,NaN,NaN,NaN,NaN,NaN,NaN,NaN,NaN,NaN,NaN,NaN,NaN,NaN,NaN,NaN,NaN,NaN,NaN,NaN,NaN,NaN,NaN,NaN,NaN,NaN,NaN,NaN,NaN,NaN,NaN,NaN,NaN,NaN,NaN,NaN,NaN,NaN,NaN,NaN,NaN,NaN,NaN,NaN,NaN,NaN,NaN,NaN,NaN,NaN,NaN,NaN,NaN,NaN,NaN,NaN,NaN,NaN,NaN,NaN,NaN,NaN,NaN,NaN,NaN,NaN,NaN,NaN,NaN,NaN,NaN,NaN,NaN,NaN,NaN,NaN,NaN,NaN,NaN,NaN,NaN,NaN,NaN,NaN,NaN,NaN,NaN,NaN,NaN,NaN,NaN,NaN,NaN,NaN,NaN,NaN,NaN,NaN,NaN,NaN,NaN,NaN,NaN,NaN,NaN,NaN,NaN,NaN,NaN,NaN,NaN,NaN,NaN,NaN,NaN,NaN,NaN,NaN,NaN,NaN,NaN,NaN,NaN,NaN,NaN,NaN,NaN,NaN,NaN,NaN,NaN,NaN,NaN,NaN,NaN,NaN,NaN,NaN,NaN,NaN,NaN,NaN,NaN,NaN,NaN,NaN,NaN,NaN,NaN,NaN,NaN,NaN,NaN,NaN,NaN,NaN,NaN,NaN,NaN,NaN,NaN,NaN
NaN,NaN,NaN,NaN,NaN,NaN,NaN,NaN,NaN,NaN,NaN,NaN,NaN,NaN,NaN,NaN,NaN,NaN,NaN,NaN,NaN,NaN,NaN,NaN,NaN,NaN,NaN,NaN,NaN,NaN,NaN,NaN,NaN,NaN,NaN,NaN,NaN,NaN,NaN,NaN,NaN,NaN,NaN,NaN,NaN,NaN,NaN,NaN,NaN,NaN,NaN,NaN,NaN,NaN,NaN,NaN,NaN,NaN,NaN,NaN,NaN,NaN,NaN,NaN,NaN,NaN,NaN,NaN,NaN,NaN,NaN,NaN,NaN,NaN,NaN,NaN,NaN,NaN,NaN,NaN,NaN,NaN,NaN,NaN,NaN,NaN,NaN,NaN,NaN,NaN,NaN,NaN,NaN,NaN,NaN,NaN,NaN,NaN,NaN,NaN,NaN,NaN,NaN,NaN,NaN,NaN,NaN,NaN,NaN,NaN,NaN,NaN,NaN,NaN,NaN,NaN,NaN,NaN,NaN,NaN,NaN,NaN,NaN,NaN,NaN,NaN,NaN,NaN,NaN,NaN,NaN,NaN,NaN,NaN,NaN,NaN,NaN,NaN,NaN,NaN,NaN,NaN,NaN,NaN,NaN,NaN,NaN,NaN,NaN,NaN,NaN,NaN,NaN,NaN,NaN,NaN,NaN,NaN,NaN,NaN,NaN,NaN,NaN,NaN,NaN,NaN,NaN,NaN,NaN,NaN,NaN,NaN,NaN,NaN,NaN,NaN,NaN,NaN,NaN,NaN,NaN,NaN,NaN,NaN,NaN,NaN,NaN,NaN,NaN,NaN,NaN,NaN,NaN,NaN,NaN,NaN,NaN,NaN,NaN,NaN,NaN,NaN,NaN,NaN,NaN,NaN,NaN,NaN,NaN,NaN,NaN,NaN,NaN,NaN,NaN,NaN,NaN,NaN,NaN,NaN,NaN,NaN,NaN,NaN,NaN,NaN,NaN,NaN,NaN,NaN,NaN,NaN,NaN,NaN,NaN,NaN,NaN,NaN,NaN,NaN,NaN,NaN,NaN,NaN,NaN
NaN,NaN,NaN,NaN,NaN,NaN,NaN,NaN,NaN,NaN,NaN,NaN,NaN,NaN,NaN,NaN,NaN,NaN,NaN,NaN,NaN,NaN,NaN,NaN,NaN,NaN,NaN,NaN,NaN,NaN,NaN,NaN,NaN,NaN,NaN,NaN,NaN,NaN,NaN,NaN,NaN,NaN,NaN,NaN,NaN,NaN,NaN,NaN,NaN,NaN,NaN,NaN,NaN,NaN,NaN,NaN,NaN,NaN,NaN,NaN,NaN,NaN,NaN,NaN,NaN,NaN,NaN,NaN,NaN,NaN,NaN,NaN,NaN,NaN,NaN,NaN,NaN,NaN,NaN,NaN,NaN,NaN,NaN,NaN,NaN,NaN,NaN,NaN,NaN,NaN,NaN,NaN,NaN,NaN,NaN,NaN,NaN,NaN,NaN,NaN,NaN,NaN,NaN,NaN,NaN,NaN,NaN,NaN,NaN,NaN,NaN,NaN,NaN,NaN,NaN,NaN,NaN,NaN,NaN,NaN,NaN,NaN,NaN,NaN,NaN,NaN,NaN,NaN,NaN,NaN,NaN,NaN,NaN,NaN,NaN,NaN,NaN,NaN,NaN,NaN,NaN,NaN,NaN,NaN,NaN,NaN,NaN,NaN,NaN,NaN,NaN,NaN,NaN,NaN,NaN,NaN,NaN,NaN,NaN,NaN,NaN,NaN,NaN,NaN,NaN,NaN,NaN,NaN,NaN,NaN,NaN,NaN,NaN,NaN,NaN,NaN,NaN,NaN,NaN,NaN,NaN,NaN,NaN,NaN,NaN,NaN,NaN,NaN,NaN,NaN,NaN,NaN,NaN,NaN,NaN,NaN,NaN,NaN,NaN,NaN,NaN,NaN,NaN,NaN,NaN,NaN,NaN,NaN,NaN,NaN,NaN,NaN,NaN,NaN,NaN,NaN,NaN,NaN,NaN,NaN,NaN,NaN,NaN,NaN,NaN,NaN,NaN,NaN,NaN,NaN,NaN,NaN,NaN,NaN,NaN,NaN,NaN,NaN,NaN,NaN,NaN,NaN,NaN,NaN,NaN
NaN,NaN,NaN,NaN,NaN,NaN,NaN,NaN,NaN,NaN,NaN,NaN,NaN,NaN,NaN,NaN,NaN,NaN,NaN,NaN,NaN,NaN,NaN,NaN,NaN,NaN,NaN,NaN,NaN,NaN,NaN,NaN,NaN,NaN,NaN,NaN,NaN,NaN,NaN,NaN,NaN,NaN,NaN,NaN,NaN,NaN,NaN,NaN,NaN,NaN,NaN,NaN,NaN,NaN,NaN,NaN,NaN,NaN,NaN,NaN,NaN,NaN,NaN,NaN,NaN,NaN,NaN,NaN,NaN,NaN,NaN,NaN,NaN,NaN,NaN,NaN,NaN,NaN,NaN,NaN,NaN,NaN,NaN,NaN,NaN,NaN,NaN,NaN,NaN,NaN,NaN,NaN,NaN,NaN,NaN,NaN,NaN,NaN,NaN,NaN,NaN,NaN,NaN,NaN,NaN,NaN,NaN,NaN,NaN,NaN,NaN,NaN,NaN,NaN,NaN,NaN,NaN,NaN,NaN,NaN,NaN,NaN,NaN,NaN,NaN,NaN,NaN,NaN,NaN,NaN,NaN,NaN,NaN,NaN,NaN,NaN,NaN,NaN,NaN,NaN,NaN,NaN,NaN,NaN,NaN,NaN,NaN,NaN,NaN,NaN,NaN,NaN,NaN,NaN,NaN,NaN,NaN,NaN,NaN,NaN,NaN,NaN,NaN,NaN,NaN,NaN,NaN,NaN,NaN,NaN,NaN,NaN,NaN,NaN,NaN,NaN,NaN,NaN,NaN,NaN,NaN,NaN,NaN,NaN,NaN,NaN,NaN,NaN,NaN,NaN,NaN,NaN,NaN,NaN,NaN,NaN,NaN,NaN,NaN,NaN,NaN,NaN,NaN,NaN,NaN,NaN,NaN,NaN,NaN,NaN,NaN,NaN,NaN,NaN,NaN,NaN,NaN,NaN,NaN,NaN,NaN,NaN,NaN,NaN,NaN,NaN,NaN,NaN,NaN,NaN,NaN,NaN,NaN,NaN,NaN,NaN,NaN,NaN,NaN,NaN,NaN,NaN,NaN,NaN,NaN
NaN,NaN,NaN,NaN,NaN,NaN,NaN,NaN,NaN,NaN,NaN,NaN,NaN,NaN,NaN,NaN,NaN,NaN,NaN,NaN,NaN,NaN,NaN,NaN,NaN,NaN,NaN,NaN,NaN,NaN,NaN,NaN,NaN,NaN,NaN,NaN,NaN,NaN,NaN,NaN,NaN,NaN,NaN,NaN,NaN,NaN,NaN,NaN,NaN,NaN,NaN,NaN,NaN,NaN,NaN,NaN,NaN,NaN,NaN,NaN,NaN,NaN,NaN,NaN,NaN,NaN,NaN,NaN,NaN,NaN,NaN,NaN,NaN,NaN,NaN,NaN,NaN,NaN,NaN,NaN,NaN,NaN,NaN,NaN,NaN,NaN,NaN,NaN,NaN,NaN,NaN,NaN,NaN,NaN,NaN,NaN,NaN,NaN,NaN,NaN,NaN,NaN,NaN,NaN,NaN,NaN,NaN,NaN,NaN,NaN,NaN,NaN,NaN,NaN,NaN,NaN,NaN,NaN,NaN,NaN,NaN,NaN,NaN,NaN,NaN,NaN,NaN,NaN,NaN,NaN,NaN,NaN,NaN,NaN,NaN,NaN,NaN,NaN,NaN,NaN,NaN,NaN,NaN,NaN,NaN,NaN,NaN,NaN,NaN,NaN,NaN,NaN,NaN,NaN,NaN,NaN,NaN,NaN,NaN,NaN,NaN,NaN,NaN,NaN,NaN,NaN,NaN,NaN,NaN,NaN,NaN,NaN,NaN,NaN,NaN,NaN,NaN,NaN,NaN,NaN,NaN,NaN,NaN,NaN,NaN,NaN,NaN,NaN,NaN,NaN,NaN,NaN,NaN,NaN,NaN,NaN,NaN,NaN,NaN,NaN,NaN,NaN,NaN,NaN,NaN,NaN,NaN,NaN,NaN,NaN,NaN,NaN,NaN,NaN,NaN,NaN,NaN,NaN,NaN,NaN,NaN,NaN,NaN,NaN,NaN,NaN,NaN,NaN,NaN,NaN,NaN,NaN,NaN,NaN,NaN,NaN,NaN,NaN,NaN,NaN,NaN,NaN,NaN,NaN,NaN
NaN,NaN,NaN,NaN,NaN,NaN,NaN,NaN,NaN,NaN,NaN,NaN,NaN,NaN,NaN,NaN,NaN,NaN,NaN,NaN,NaN,NaN,NaN,NaN,NaN,NaN,NaN,NaN,NaN,NaN,NaN,NaN,NaN,NaN,NaN,NaN,NaN,NaN,NaN,NaN,NaN,NaN,NaN,NaN,NaN,NaN,NaN,NaN,NaN,NaN,NaN,NaN,NaN,NaN,NaN,NaN,NaN,NaN,NaN,NaN,NaN,NaN,NaN,NaN,NaN,NaN,NaN,NaN,NaN,NaN,NaN,NaN,NaN,NaN,NaN,NaN,NaN,NaN,NaN,NaN,NaN,NaN,NaN,NaN,NaN,NaN,NaN,NaN,NaN,NaN,NaN,NaN,NaN,NaN,NaN,NaN,NaN,NaN,NaN,NaN,NaN,NaN,NaN,NaN,NaN,NaN,NaN,NaN,NaN,NaN,NaN,NaN,NaN,NaN,NaN,NaN,NaN,NaN,NaN,NaN,NaN,NaN,NaN,NaN,NaN,NaN,NaN,NaN,NaN,NaN,NaN,NaN,NaN,NaN,NaN,NaN,NaN,NaN,NaN,NaN,NaN,NaN,NaN,NaN,NaN,NaN,NaN,NaN,NaN,NaN,NaN,NaN,NaN,NaN,NaN,NaN,NaN,NaN,NaN,NaN,NaN,NaN,NaN,NaN,NaN,NaN,NaN,NaN,NaN,NaN,NaN,NaN,NaN,NaN,NaN,NaN,NaN,NaN,NaN,NaN,NaN,NaN,NaN,NaN,NaN,NaN,NaN,NaN,NaN,NaN,NaN,NaN,NaN,NaN,NaN,NaN,NaN,NaN,NaN,NaN,NaN,NaN,NaN,NaN,NaN,NaN,NaN,NaN,NaN,NaN,NaN,NaN,NaN,NaN,NaN,NaN,NaN,NaN,NaN,NaN,NaN,NaN,NaN,NaN,NaN,NaN,NaN,NaN,NaN,NaN,NaN,NaN,NaN,NaN,NaN,NaN,NaN,NaN,NaN,NaN,NaN,NaN,NaN,NaN,NaN
NaN,NaN,NaN,NaN,NaN,NaN,NaN,NaN,NaN,NaN,NaN,NaN,NaN,NaN,NaN,NaN,NaN,NaN,NaN,NaN,NaN,NaN,NaN,NaN,NaN,NaN,NaN,NaN,NaN,NaN,NaN,NaN,NaN,NaN,NaN,NaN,NaN,NaN,NaN,NaN,NaN,NaN,NaN,NaN,NaN,NaN,NaN,NaN,NaN,NaN,NaN,NaN,NaN,NaN,NaN,NaN,NaN,NaN,NaN,NaN,NaN,NaN,NaN,NaN,NaN,NaN,NaN,NaN,NaN,NaN,NaN,NaN,NaN,NaN,NaN,NaN,NaN,NaN,NaN,NaN,NaN,NaN,NaN,NaN,NaN,NaN,NaN,NaN,NaN,NaN,NaN,NaN,NaN,NaN,NaN,NaN,NaN,NaN,NaN,NaN,NaN,NaN,NaN,NaN,NaN,NaN,NaN,NaN,NaN,NaN,NaN,NaN,NaN,NaN,NaN,NaN,NaN,NaN,NaN,NaN,NaN,NaN,NaN,NaN,NaN,NaN,NaN,NaN,NaN,NaN,NaN,NaN,NaN,NaN,NaN,NaN,NaN,NaN,NaN,NaN,NaN,NaN,NaN,NaN,NaN,NaN,NaN,NaN,NaN,NaN,NaN,NaN,NaN,NaN,NaN,NaN,NaN,NaN,NaN,NaN,NaN,NaN,NaN,NaN,NaN,NaN,NaN,NaN,NaN,NaN,NaN,NaN,NaN,NaN,NaN,NaN,NaN,NaN,NaN,NaN,NaN,NaN,NaN,NaN,NaN,NaN,NaN,NaN,NaN,NaN,NaN,NaN,NaN,NaN,NaN,NaN,NaN,NaN,NaN,NaN,NaN,NaN,NaN,NaN,NaN,NaN,NaN,NaN,NaN,NaN,NaN,NaN,NaN,NaN,NaN,NaN,NaN,NaN,NaN,NaN,NaN,NaN,NaN,NaN,NaN,NaN,NaN,NaN,NaN,NaN,NaN,NaN,NaN,NaN,NaN,NaN,NaN,NaN,NaN,NaN,NaN,NaN,NaN,NaN,NaN
NaN,NaN,NaN,NaN,NaN,NaN,NaN,NaN,NaN,NaN,NaN,NaN,NaN,NaN,NaN,NaN,NaN,NaN,NaN,NaN,NaN,NaN,NaN,NaN,NaN,NaN,NaN,NaN,NaN,NaN,NaN,NaN,NaN,NaN,NaN,NaN,NaN,NaN,NaN,NaN,NaN,NaN,NaN,NaN,NaN,NaN,NaN,NaN,NaN,NaN,NaN,NaN,NaN,NaN,NaN,NaN,NaN,NaN,NaN,NaN,NaN,NaN,NaN,NaN,NaN,NaN,NaN,NaN,NaN,NaN,NaN,NaN,NaN,NaN,NaN,NaN,NaN,NaN,NaN,NaN,NaN,NaN,NaN,NaN,NaN,NaN,NaN,NaN,NaN,NaN,NaN,NaN,NaN,NaN,NaN,NaN,NaN,NaN,NaN,NaN,NaN,NaN,NaN,NaN,NaN,NaN,NaN,NaN,NaN,NaN,NaN,NaN,NaN,NaN,NaN,NaN,NaN,NaN,NaN,NaN,NaN,NaN,NaN,NaN,NaN,NaN,NaN,NaN,NaN,NaN,NaN,NaN,NaN,NaN,NaN,NaN,NaN,NaN,NaN,NaN,NaN,NaN,NaN,NaN,NaN,NaN,NaN,NaN,NaN,NaN,NaN,NaN,NaN,NaN,NaN,NaN,NaN,NaN,NaN,NaN,NaN,NaN,NaN,NaN,NaN,NaN,NaN,NaN,NaN,NaN,NaN,NaN,NaN,NaN,NaN,NaN,NaN,NaN,NaN,NaN,NaN,NaN,NaN,NaN,NaN,NaN,NaN,NaN,NaN,NaN,NaN,NaN,NaN,NaN,NaN,NaN,NaN,NaN,NaN,NaN,NaN,NaN,NaN,NaN,NaN,NaN,NaN,NaN,NaN,NaN,NaN,NaN,NaN,NaN,NaN,NaN,NaN,NaN,NaN,NaN,NaN,NaN,NaN,NaN,NaN,NaN,NaN,NaN,NaN,NaN,NaN,NaN,NaN,NaN,NaN,NaN,NaN,NaN,NaN,NaN,NaN,NaN,NaN,NaN,NaN
NaN,NaN,NaN,NaN,NaN,NaN,NaN,NaN,NaN,NaN,NaN,NaN,NaN,NaN,NaN,NaN,NaN,NaN,NaN,NaN,NaN,NaN,NaN,NaN,NaN,NaN,NaN,NaN,NaN,NaN,NaN,NaN,NaN,NaN,NaN,NaN,NaN,NaN,NaN,NaN,NaN,NaN,NaN,NaN,NaN,NaN,NaN,NaN,NaN,NaN,NaN,NaN,NaN,NaN,NaN,NaN,NaN,NaN,NaN,NaN,NaN,NaN,NaN,NaN,NaN,NaN,NaN,NaN,NaN,NaN,NaN,NaN,NaN,NaN,NaN,NaN,NaN,NaN,NaN,NaN,NaN,NaN,NaN,NaN,NaN,NaN,NaN,NaN,NaN,NaN,NaN,NaN,NaN,NaN,NaN,NaN,NaN,NaN,NaN,NaN,NaN,NaN,NaN,NaN,NaN,NaN,NaN,NaN,NaN,NaN,NaN,NaN,NaN,NaN,NaN,NaN,NaN,NaN,NaN,NaN,NaN,NaN,NaN,NaN,NaN,NaN,NaN,NaN,NaN,NaN,NaN,NaN,NaN,NaN,NaN,NaN,NaN,NaN,NaN,NaN,NaN,NaN,NaN,NaN,NaN,NaN,NaN,NaN,NaN,NaN,NaN,NaN,NaN,NaN,NaN,NaN,NaN,NaN,NaN,NaN,NaN,NaN,NaN,NaN,NaN,NaN,NaN,NaN,NaN,NaN,NaN,NaN,NaN,NaN,NaN,NaN,NaN,NaN,NaN,NaN,NaN,NaN,NaN,NaN,NaN,NaN,NaN,NaN,NaN,NaN,NaN,NaN,NaN,NaN,NaN,NaN,NaN,NaN,NaN,NaN,NaN,NaN,NaN,NaN,NaN,NaN,NaN,NaN,NaN,NaN,NaN,NaN,NaN,NaN,NaN,NaN,NaN,NaN,NaN,NaN,NaN,NaN,NaN,NaN,NaN,NaN,NaN,NaN,NaN,NaN,NaN,NaN,NaN,NaN,NaN,NaN,NaN,NaN,NaN,NaN,NaN,NaN,NaN,NaN,NaN
NaN,NaN,NaN,NaN,NaN,NaN,NaN,NaN,NaN,NaN,NaN,NaN,NaN,NaN,NaN,NaN,NaN,NaN,NaN,NaN,NaN,NaN,NaN,NaN,NaN,NaN,NaN,NaN,NaN,NaN,NaN,NaN,NaN,NaN,NaN,NaN,NaN,NaN,NaN,NaN,NaN,NaN,NaN,NaN,NaN,NaN,NaN,NaN,NaN,NaN,NaN,NaN,NaN,NaN,NaN,NaN,NaN,NaN,NaN,NaN,NaN,NaN,NaN,NaN,NaN,NaN,NaN,NaN,NaN,NaN,NaN,NaN,NaN,NaN,NaN,NaN,NaN,NaN,NaN,NaN,NaN,NaN,NaN,NaN,NaN,NaN,NaN,NaN,NaN,NaN,NaN,NaN,NaN,NaN,NaN,NaN,NaN,NaN,NaN,NaN,NaN,NaN,NaN,NaN,NaN,NaN,NaN,NaN,NaN,NaN,NaN,NaN,NaN,NaN,NaN,NaN,NaN,NaN,NaN,NaN,NaN,NaN,NaN,NaN,NaN,NaN,NaN,NaN,NaN,NaN,NaN,NaN,NaN,NaN,NaN,NaN,NaN,NaN,NaN,NaN,NaN,NaN,NaN,NaN,NaN,NaN,NaN,NaN,NaN,NaN,NaN,NaN,NaN,NaN,NaN,NaN,NaN,NaN,NaN,NaN,NaN,NaN,NaN,NaN,NaN,NaN,NaN,NaN,NaN,NaN,NaN,NaN,NaN,NaN,NaN,NaN,NaN,NaN,NaN,NaN,NaN,NaN,NaN,NaN,NaN,NaN,NaN,NaN,NaN,NaN,NaN,NaN,NaN,NaN,NaN,NaN,NaN,NaN,NaN,NaN,NaN,NaN,NaN,NaN,NaN,NaN,NaN,NaN,NaN,NaN,NaN,NaN,NaN,NaN,NaN,NaN,NaN,NaN,NaN,NaN,NaN,NaN,NaN,NaN,NaN,NaN,NaN,NaN,NaN,NaN,NaN,NaN,NaN,NaN,NaN,NaN,NaN,NaN,NaN,NaN,NaN,NaN,NaN,NaN,NaN
NaN,NaN,NaN,NaN,NaN,NaN,NaN,NaN,NaN,NaN,NaN,NaN,NaN,NaN,NaN,NaN,NaN,NaN,NaN,NaN,NaN,NaN,NaN,NaN,NaN,NaN,NaN,NaN,NaN,NaN,NaN,NaN,NaN,NaN,NaN,NaN,NaN,NaN,NaN,NaN,NaN,NaN,NaN,NaN,NaN,NaN,NaN,NaN,NaN,NaN,NaN,NaN,NaN,NaN,NaN,NaN,NaN,NaN,NaN,NaN,NaN,NaN,NaN,NaN,NaN,NaN,NaN,NaN,NaN,NaN,NaN,NaN,NaN,NaN,NaN,NaN,NaN,NaN,NaN,NaN,NaN,NaN,NaN,NaN,NaN,NaN,NaN,NaN,NaN,NaN,NaN,NaN,NaN,NaN,NaN,NaN,NaN,NaN,NaN,NaN,NaN,NaN,NaN,NaN,NaN,NaN,NaN,NaN,NaN,NaN,NaN,NaN,NaN,NaN,NaN,NaN,NaN,NaN,NaN,NaN,NaN,NaN,NaN,NaN,NaN,NaN,NaN,NaN,NaN,NaN,NaN,NaN,NaN,NaN,NaN,NaN,NaN,NaN,NaN,NaN,NaN,NaN,NaN,NaN,NaN,NaN,NaN,NaN,NaN,NaN,NaN,NaN,NaN,NaN,NaN,NaN,NaN,NaN,NaN,NaN,NaN,NaN,NaN,NaN,NaN,NaN,NaN,NaN,NaN,NaN,NaN,NaN,NaN,NaN,NaN,NaN,NaN,NaN,NaN,NaN,NaN,NaN,NaN,NaN,NaN,NaN,NaN,NaN,NaN,NaN,NaN,NaN,NaN,NaN,NaN,NaN,NaN,NaN,NaN,NaN,NaN,NaN,NaN,NaN,NaN,NaN,NaN,NaN,NaN,NaN,NaN,NaN,NaN,NaN,NaN,NaN,NaN,NaN,NaN,NaN,NaN,NaN,NaN,NaN,NaN,NaN,NaN,NaN,NaN,NaN,NaN,NaN,NaN,NaN,NaN,NaN,NaN,NaN,NaN,NaN,NaN,NaN,NaN,NaN,NaN
NaN,NaN,NaN,NaN,NaN,NaN,NaN,NaN,NaN,NaN,NaN,NaN,NaN,NaN,NaN,NaN,NaN,NaN,NaN,NaN,NaN,NaN,NaN,NaN,NaN,NaN,NaN,NaN,NaN,NaN,NaN,NaN,NaN,NaN,NaN,NaN,NaN,NaN,NaN,NaN,NaN,NaN,NaN,NaN,NaN,NaN,NaN,NaN,NaN,NaN,NaN,NaN,NaN,NaN,NaN,NaN,NaN,NaN,NaN,NaN,NaN,NaN,NaN,NaN,NaN,NaN,NaN,NaN,NaN,NaN,NaN,NaN,NaN,NaN,NaN,NaN,NaN,NaN,NaN,NaN,NaN,NaN,NaN,NaN,NaN,NaN,NaN,NaN,NaN,NaN,NaN,NaN,NaN,NaN,NaN,NaN,NaN,NaN,NaN,NaN,NaN,NaN,NaN,NaN,NaN,NaN,NaN,NaN,NaN,NaN,NaN,NaN,NaN,NaN,NaN,NaN,NaN,NaN,NaN,NaN,NaN,NaN,NaN,NaN,NaN,NaN,NaN,NaN,NaN,NaN,NaN,NaN,NaN,NaN,NaN,NaN,NaN,NaN,NaN,NaN,NaN,NaN,NaN,NaN,NaN,NaN,NaN,NaN,NaN,NaN,NaN,NaN,NaN,NaN,NaN,NaN,NaN,NaN,NaN,NaN,NaN,NaN,NaN,NaN,NaN,NaN,NaN,NaN,NaN,NaN,NaN,NaN,NaN,NaN,NaN,NaN,NaN,NaN,NaN,NaN,NaN,NaN,NaN,NaN,NaN,NaN,NaN,NaN,NaN,NaN,NaN,NaN,NaN,NaN,NaN,NaN,NaN,NaN,NaN,NaN,NaN,NaN,NaN,NaN,NaN,NaN,NaN,NaN,NaN,NaN,NaN,NaN,NaN,NaN,NaN,NaN,NaN,NaN,NaN,NaN,NaN,NaN,NaN,NaN,NaN,NaN,NaN,NaN,NaN,NaN,NaN,NaN,NaN,NaN,NaN,NaN,NaN,NaN,NaN,NaN,NaN,NaN,NaN,NaN,NaN
NaN,NaN,NaN,NaN,NaN,NaN,NaN,NaN,NaN,NaN,NaN,NaN,NaN,NaN,NaN,NaN,NaN,NaN,NaN,NaN,NaN,NaN,NaN,NaN,NaN,NaN,NaN,NaN,NaN,NaN,NaN,NaN,NaN,NaN,NaN,NaN,NaN,NaN,NaN,NaN,NaN,NaN,NaN,NaN,NaN,NaN,NaN,NaN,NaN,NaN,NaN,NaN,NaN,NaN,NaN,NaN,NaN,NaN,NaN,NaN,NaN,NaN,NaN,NaN,NaN,NaN,NaN,NaN,NaN,NaN,NaN,NaN,NaN,NaN,NaN,NaN,NaN,NaN,NaN,NaN,NaN,NaN,NaN,NaN,NaN,NaN,NaN,NaN,NaN,NaN,NaN,NaN,NaN,NaN,NaN,NaN,NaN,NaN,NaN,NaN,NaN,NaN,NaN,NaN,NaN,NaN,NaN,NaN,NaN,NaN,NaN,NaN,NaN,NaN,NaN,NaN,NaN,NaN,NaN,NaN,NaN,NaN,NaN,NaN,NaN,NaN,NaN,NaN,NaN,NaN,NaN,NaN,NaN,NaN,NaN,NaN,NaN,NaN,NaN,NaN,NaN,NaN,NaN,NaN,NaN,NaN,NaN,NaN,NaN,NaN,NaN,NaN,NaN,NaN,NaN,NaN,NaN,NaN,NaN,NaN,NaN,NaN,NaN,NaN,NaN,NaN,NaN,NaN,NaN,NaN,NaN,NaN,NaN,NaN,NaN,NaN,NaN,NaN,NaN,NaN,NaN,NaN,NaN,NaN,NaN,NaN,NaN,NaN,NaN,NaN,NaN,NaN,NaN,NaN,NaN,NaN,NaN,NaN,NaN,NaN,NaN,NaN,NaN,NaN,NaN,NaN,NaN,NaN,NaN,NaN,NaN,NaN,NaN,NaN,NaN,NaN,NaN,NaN,NaN,NaN,NaN,NaN,NaN,NaN,NaN,NaN,NaN,NaN,NaN,NaN,NaN,NaN,NaN,NaN,NaN,NaN,NaN,NaN,NaN,NaN,NaN,NaN,NaN,NaN,NaN
NaN,NaN,NaN,NaN,NaN,NaN,NaN,NaN,NaN,NaN,NaN,NaN,NaN,NaN,NaN,NaN,NaN,NaN,NaN,NaN,NaN,NaN,NaN,NaN,NaN,NaN,NaN,NaN,NaN,NaN,NaN,NaN,NaN,NaN,NaN,NaN,NaN,NaN,NaN,NaN,NaN,NaN,NaN,NaN,NaN,NaN,NaN,NaN,NaN,NaN,NaN,NaN,NaN,NaN,NaN,NaN,NaN,NaN,NaN,NaN,NaN,NaN,NaN,NaN,NaN,NaN,NaN,NaN,NaN,NaN,NaN,NaN,NaN,NaN,NaN,NaN,NaN,NaN,NaN,NaN,NaN,NaN,NaN,NaN,NaN,NaN,NaN,NaN,NaN,NaN,NaN,NaN,NaN,NaN,NaN,NaN,NaN,NaN,NaN,NaN,NaN,NaN,NaN,NaN,NaN,NaN,NaN,NaN,NaN,NaN,NaN,NaN,NaN,NaN,NaN,NaN,NaN,NaN,NaN,NaN,NaN,NaN,NaN,NaN,NaN,NaN,NaN,NaN,NaN,NaN,NaN,NaN,NaN,NaN,NaN,NaN,NaN,NaN,NaN,NaN,NaN,NaN,NaN,NaN,NaN,NaN,NaN,NaN,NaN,NaN,NaN,NaN,NaN,NaN,NaN,NaN,NaN,NaN,NaN,NaN,NaN,NaN,NaN,NaN,NaN,NaN,NaN,NaN,NaN,NaN,NaN,NaN,NaN,NaN,NaN,NaN,NaN,NaN,NaN,NaN,NaN,NaN,NaN,NaN,NaN,NaN,NaN,NaN,NaN,NaN,NaN,NaN,NaN,NaN,NaN,NaN,NaN,NaN,NaN,NaN,NaN,NaN,NaN,NaN,NaN,NaN,NaN,NaN,NaN,NaN,NaN,NaN,NaN,NaN,NaN,NaN,NaN,NaN,NaN,NaN,NaN,NaN,NaN,NaN,NaN,NaN,NaN,NaN,NaN,NaN,NaN,NaN,NaN,NaN,NaN,NaN,NaN,NaN,NaN,NaN,NaN,NaN,NaN,NaN,NaN
NaN,NaN,NaN,NaN,NaN,NaN,NaN,NaN,NaN,NaN,NaN,NaN,NaN,NaN,NaN,NaN,NaN,NaN,NaN,NaN,NaN,NaN,NaN,NaN,NaN,NaN,NaN,NaN,NaN,NaN,NaN,NaN,NaN,NaN,NaN,NaN,NaN,NaN,NaN,NaN,NaN,NaN,NaN,NaN,NaN,NaN,NaN,NaN,NaN,NaN,NaN,NaN,NaN,NaN,NaN,NaN,NaN,NaN,NaN,NaN,NaN,NaN,NaN,NaN,NaN,NaN,NaN,NaN,NaN,NaN,NaN,NaN,NaN,NaN,NaN,NaN,NaN,NaN,NaN,NaN,NaN,NaN,NaN,NaN,NaN,NaN,NaN,NaN,NaN,NaN,NaN,NaN,NaN,NaN,NaN,NaN,NaN,NaN,NaN,NaN,NaN,NaN,NaN,NaN,NaN,NaN,NaN,NaN,NaN,NaN,NaN,NaN,NaN,NaN,NaN,NaN,NaN,NaN,NaN,NaN,NaN,NaN,NaN,NaN,NaN,NaN,NaN,NaN,NaN,NaN,NaN,NaN,NaN,NaN,NaN,NaN,NaN,NaN,NaN,NaN,NaN,NaN,NaN,NaN,NaN,NaN,NaN,NaN,NaN,NaN,NaN,NaN,NaN,NaN,NaN,NaN,NaN,NaN,NaN,NaN,NaN,NaN,NaN,NaN,NaN,NaN,NaN,NaN,NaN,NaN,NaN,NaN,NaN,NaN,NaN,NaN,NaN,NaN,NaN,NaN,NaN,NaN,NaN,NaN,NaN,NaN,NaN,NaN,NaN,NaN,NaN,NaN,NaN,NaN,NaN,NaN,NaN,NaN,NaN,NaN,NaN,NaN,NaN,NaN,NaN,NaN,NaN,NaN,NaN,NaN,NaN,NaN,NaN,NaN,NaN,NaN,NaN,NaN,NaN,NaN,NaN,NaN,NaN,NaN,NaN,NaN,NaN,NaN,NaN,NaN,NaN,NaN,NaN,NaN,NaN,NaN,NaN,NaN,NaN,NaN,NaN,NaN,NaN,NaN,NaN
NaN,NaN,NaN,NaN,NaN,NaN,NaN,NaN,NaN,NaN,NaN,NaN,NaN,NaN,NaN,NaN,NaN,NaN,NaN,NaN,NaN,NaN,NaN,NaN,NaN,NaN,NaN,NaN,NaN,NaN,NaN,NaN,NaN,NaN,NaN,NaN,NaN,NaN,NaN,NaN,NaN,NaN,NaN,NaN,NaN,NaN,NaN,NaN,NaN,NaN,NaN,NaN,NaN,NaN,NaN,NaN,NaN,NaN,NaN,NaN,NaN,NaN,NaN,NaN,NaN,NaN,NaN,NaN,NaN,NaN,NaN,NaN,NaN,NaN,NaN,NaN,NaN,NaN,NaN,NaN,NaN,NaN,NaN,NaN,NaN,NaN,NaN,NaN,NaN,NaN,NaN,NaN,NaN,NaN,NaN,NaN,NaN,NaN,NaN,NaN,NaN,NaN,NaN,NaN,NaN,NaN,NaN,NaN,NaN,NaN,NaN,NaN,NaN,NaN,NaN,NaN,NaN,NaN,NaN,NaN,NaN,NaN,NaN,NaN,NaN,NaN,NaN,NaN,NaN,NaN,NaN,NaN,NaN,NaN,NaN,NaN,NaN,NaN,NaN,NaN,NaN,NaN,NaN,NaN,NaN,NaN,NaN,NaN,NaN,NaN,NaN,NaN,NaN,NaN,NaN,NaN,NaN,NaN,NaN,NaN,NaN,NaN,NaN,NaN,NaN,NaN,NaN,NaN,NaN,NaN,NaN,NaN,NaN,NaN,NaN,NaN,NaN,NaN,NaN,NaN,NaN,NaN,NaN,NaN,NaN,NaN,NaN,NaN,NaN,NaN,NaN,NaN,NaN,NaN,NaN,NaN,NaN,NaN,NaN,NaN,NaN,NaN,NaN,NaN,NaN,NaN,NaN,NaN,NaN,NaN,NaN,NaN,NaN,NaN,NaN,NaN,NaN,NaN,NaN,NaN,NaN,NaN,NaN,NaN,NaN,NaN,NaN,NaN,NaN,NaN,NaN,NaN,NaN,NaN,NaN,NaN,NaN,NaN,NaN,NaN,NaN,NaN,NaN,NaN,NaN
NaN,NaN,NaN,NaN,NaN,NaN,NaN,NaN,NaN,NaN,NaN,NaN,NaN,NaN,NaN,NaN,NaN,NaN,NaN,NaN,NaN,NaN,NaN,NaN,NaN,NaN,NaN,NaN,NaN,NaN,NaN,NaN,NaN,NaN,NaN,NaN,NaN,NaN,NaN,NaN,NaN,NaN,NaN,NaN,NaN,NaN,NaN,NaN,NaN,NaN,NaN,NaN,NaN,NaN,NaN,NaN,NaN,NaN,NaN,NaN,NaN,NaN,NaN,NaN,NaN,NaN,NaN,NaN,NaN,NaN,NaN,NaN,NaN,NaN,NaN,NaN,NaN,NaN,NaN,NaN,NaN,NaN,NaN,NaN,NaN,NaN,NaN,NaN,NaN,NaN,NaN,NaN,NaN,NaN,NaN,NaN,NaN,NaN,NaN,NaN,NaN,NaN,NaN,NaN,NaN,NaN,NaN,NaN,NaN,NaN,NaN,NaN,NaN,NaN,NaN,NaN,NaN,NaN,NaN,NaN,NaN,NaN,NaN,NaN,NaN,NaN,NaN,NaN,NaN,NaN,NaN,NaN,NaN,NaN,NaN,NaN,NaN,NaN,NaN,NaN,NaN,NaN,NaN,NaN,NaN,NaN,NaN,NaN,NaN,NaN,NaN,NaN,NaN,NaN,NaN,NaN,NaN,NaN,NaN,NaN,NaN,NaN,NaN,NaN,NaN,NaN,NaN,NaN,NaN,NaN,NaN,NaN,NaN,NaN,NaN,NaN,NaN,NaN,NaN,NaN,NaN,NaN,NaN,NaN,NaN,NaN,NaN,NaN,NaN,NaN,NaN,NaN,NaN,NaN,NaN,NaN,NaN,NaN,NaN,NaN,NaN,NaN,NaN,NaN,NaN,NaN,NaN,NaN,NaN,NaN,NaN,NaN,NaN,NaN,NaN,NaN,NaN,NaN,NaN,NaN,NaN,NaN,NaN,NaN,NaN,NaN,NaN,NaN,NaN,NaN,NaN,NaN,NaN,NaN,NaN,NaN,NaN,NaN,NaN,NaN,NaN,NaN,NaN,NaN,NaN
NaN,NaN,NaN,NaN,NaN,NaN,NaN,NaN,NaN,NaN,NaN,NaN,NaN,NaN,NaN,NaN,NaN,NaN,NaN,NaN,NaN,NaN,NaN,NaN,NaN,NaN,NaN,NaN,NaN,NaN,NaN,NaN,NaN,NaN,NaN,NaN,NaN,NaN,NaN,NaN,NaN,NaN,NaN,NaN,NaN,NaN,NaN,NaN,NaN,NaN,NaN,NaN,NaN,NaN,NaN,NaN,NaN,NaN,NaN,NaN,NaN,NaN,NaN,NaN,NaN,NaN,NaN,NaN,NaN,NaN,NaN,NaN,NaN,NaN,NaN,NaN,NaN,NaN,NaN,NaN,NaN,NaN,NaN,NaN,NaN,NaN,NaN,NaN,NaN,NaN,NaN,NaN,NaN,NaN,NaN,NaN,NaN,NaN,NaN,NaN,NaN,NaN,NaN,NaN,NaN,NaN,NaN,NaN,NaN,NaN,NaN,NaN,NaN,NaN,NaN,NaN,NaN,NaN,NaN,NaN,NaN,NaN,NaN,NaN,NaN,NaN,NaN,NaN,NaN,NaN,NaN,NaN,NaN,NaN,NaN,NaN,NaN,NaN,NaN,NaN,NaN,NaN,NaN,NaN,NaN,NaN,NaN,NaN,NaN,NaN,NaN,NaN,NaN,NaN,NaN,NaN,NaN,NaN,NaN,NaN,NaN,NaN,NaN,NaN,NaN,NaN,NaN,NaN,NaN,NaN,NaN,NaN,NaN,NaN,NaN,NaN,NaN,NaN,NaN,NaN,NaN,NaN,NaN,NaN,NaN,NaN,NaN,NaN,NaN,NaN,NaN,NaN,NaN,NaN,NaN,NaN,NaN,NaN,NaN,NaN,NaN,NaN,NaN,NaN,NaN,NaN,NaN,NaN,NaN,NaN,NaN,NaN,NaN,NaN,NaN,NaN,NaN,NaN,NaN,NaN,NaN,NaN,NaN,NaN,NaN,NaN,NaN,NaN,NaN,NaN,NaN,NaN,NaN,NaN,NaN,NaN,NaN,NaN,NaN,NaN,NaN,NaN,NaN,NaN,NaN
NaN,NaN,NaN,NaN,NaN,NaN,NaN,NaN,NaN,NaN,NaN,NaN,NaN,NaN,NaN,NaN,NaN,NaN,NaN,NaN,NaN,NaN,NaN,NaN,NaN,NaN,NaN,NaN,NaN,NaN,NaN,NaN,NaN,NaN,NaN,NaN,NaN,NaN,NaN,NaN,NaN,NaN,NaN,NaN,NaN,NaN,NaN,NaN,NaN,NaN,NaN,NaN,NaN,NaN,NaN,NaN,NaN,NaN,NaN,NaN,NaN,NaN,NaN,NaN,NaN,NaN,NaN,NaN,NaN,NaN,NaN,NaN,NaN,NaN,NaN,NaN,NaN,NaN,NaN,NaN,NaN,NaN,NaN,NaN,NaN,NaN,NaN,NaN,NaN,NaN,NaN,NaN,NaN,NaN,NaN,NaN,NaN,NaN,NaN,NaN,NaN,NaN,NaN,NaN,NaN,NaN,NaN,NaN,NaN,NaN,NaN,NaN,NaN,NaN,NaN,NaN,NaN,NaN,NaN,NaN,NaN,NaN,NaN,NaN,NaN,NaN,NaN,NaN,NaN,NaN,NaN,NaN,NaN,NaN,NaN,NaN,NaN,NaN,NaN,NaN,NaN,NaN,NaN,NaN,NaN,NaN,NaN,NaN,NaN,NaN,NaN,NaN,NaN,NaN,NaN,NaN,NaN,NaN,NaN,NaN,NaN,NaN,NaN,NaN,NaN,NaN,NaN,NaN,NaN,NaN,NaN,NaN,NaN,NaN,NaN,NaN,NaN,NaN,NaN,NaN,NaN,NaN,NaN,NaN,NaN,NaN,NaN,NaN,NaN,NaN,NaN,NaN,NaN,NaN,NaN,NaN,NaN,NaN,NaN,NaN,NaN,NaN,NaN,NaN,NaN,NaN,NaN,NaN,NaN,NaN,NaN,NaN,NaN,NaN,NaN,NaN,NaN,NaN,NaN,NaN,NaN,NaN,NaN,NaN,NaN,NaN,NaN,NaN,NaN,NaN,NaN,NaN,NaN,NaN,NaN,NaN,NaN,NaN,NaN,NaN,NaN,NaN,NaN,NaN,NaN
NaN,NaN,NaN,NaN,NaN,NaN,NaN,NaN,NaN,NaN,NaN,NaN,NaN,NaN,NaN,NaN,NaN,NaN,NaN,NaN,NaN,NaN,NaN,NaN,NaN,NaN,NaN,NaN,NaN,NaN,NaN,NaN,NaN,NaN,NaN,NaN,NaN,NaN,NaN,NaN,NaN,NaN,NaN,NaN,NaN,NaN,NaN,NaN,NaN,NaN,NaN,NaN,NaN,NaN,NaN,NaN,NaN,NaN,NaN,NaN,NaN,NaN,NaN,NaN,NaN,NaN,NaN,NaN,NaN,NaN,NaN,NaN,NaN,NaN,NaN,NaN,NaN,NaN,NaN,NaN,NaN,NaN,NaN,NaN,NaN,NaN,NaN,NaN,NaN,NaN,NaN,NaN,NaN,NaN,NaN,NaN,NaN,NaN,NaN,NaN,NaN,NaN,NaN,NaN,NaN,NaN,NaN,NaN,NaN,NaN,NaN,NaN,NaN,NaN,NaN,NaN,NaN,NaN,NaN,NaN,NaN,NaN,NaN,NaN,NaN,NaN,NaN,NaN,NaN,NaN,NaN,NaN,NaN,NaN,NaN,NaN,NaN,NaN,NaN,NaN,NaN,NaN,NaN,NaN,NaN,NaN,NaN,NaN,NaN,NaN,NaN,NaN,NaN,NaN,NaN,NaN,NaN,NaN,NaN,NaN,NaN,NaN,NaN,NaN,NaN,NaN,NaN,NaN,NaN,NaN,NaN,NaN,NaN,NaN,NaN,NaN,NaN,NaN,NaN,NaN,NaN,NaN,NaN,NaN,NaN,NaN,NaN,NaN,NaN,NaN,NaN,NaN,NaN,NaN,NaN,NaN,NaN,NaN,NaN,NaN,NaN,NaN,NaN,NaN,NaN,NaN,NaN,NaN,NaN,NaN,NaN,NaN,NaN,NaN,NaN,NaN,NaN,NaN,NaN,NaN,NaN,NaN,NaN,NaN,NaN,NaN,NaN,NaN,NaN,NaN,NaN,NaN,NaN,NaN,NaN,NaN,NaN,NaN,NaN,NaN,NaN,NaN,NaN,NaN,NaN
NaN,NaN,NaN,NaN,NaN,NaN,NaN,NaN,NaN,NaN,NaN,NaN,NaN,NaN,NaN,NaN,NaN,NaN,NaN,NaN,NaN,NaN,NaN,NaN,NaN,NaN,NaN,NaN,NaN,NaN,NaN,NaN,NaN,NaN,NaN,NaN,NaN,NaN,NaN,NaN,NaN,NaN,NaN,NaN,NaN,NaN,NaN,NaN,NaN,NaN,NaN,NaN,NaN,NaN,NaN,NaN,NaN,NaN,NaN,NaN,NaN,NaN,NaN,NaN,NaN,NaN,NaN,NaN,NaN,NaN,NaN,NaN,NaN,NaN,NaN,NaN,NaN,NaN,NaN,NaN,NaN,NaN,NaN,NaN,NaN,NaN,NaN,NaN,NaN,NaN,NaN,NaN,NaN,NaN,NaN,NaN,NaN,NaN,NaN,NaN,NaN,NaN,NaN,NaN,NaN,NaN,NaN,NaN,NaN,NaN,NaN,NaN,NaN,NaN,NaN,NaN,NaN,NaN,NaN,NaN,NaN,NaN,NaN,NaN,NaN,NaN,NaN,NaN,NaN,NaN,NaN,NaN,NaN,NaN,NaN,NaN,NaN,NaN,NaN,NaN,NaN,NaN,NaN,NaN,NaN,NaN,NaN,NaN,NaN,NaN,NaN,NaN,NaN,NaN,NaN,NaN,NaN,NaN,NaN,NaN,NaN,NaN,NaN,NaN,NaN,NaN,NaN,NaN,NaN,NaN,NaN,NaN,NaN,NaN,NaN,NaN,NaN,NaN,NaN,NaN,NaN,NaN,NaN,NaN,NaN,NaN,NaN,NaN,NaN,NaN,NaN,NaN,NaN,NaN,NaN,NaN,NaN,NaN,NaN,NaN,NaN,NaN,NaN,NaN,NaN,NaN,NaN,NaN,NaN,NaN,NaN,NaN,NaN,NaN,NaN,NaN,NaN,NaN,NaN,NaN,NaN,NaN,NaN,NaN,NaN,NaN,NaN,NaN,NaN,NaN,NaN,NaN,NaN,NaN,NaN,NaN,NaN,NaN,NaN,NaN,NaN,NaN,NaN,NaN,NaN
NaN,NaN,NaN,NaN,NaN,NaN,NaN,NaN,NaN,NaN,NaN,NaN,NaN,NaN,NaN,NaN,NaN,NaN,NaN,NaN,NaN,NaN,NaN,NaN,NaN,NaN,NaN,NaN,NaN,NaN,NaN,NaN,NaN,NaN,NaN,NaN,NaN,NaN,NaN,NaN,NaN,NaN,NaN,NaN,NaN,NaN,NaN,NaN,NaN,NaN,NaN,NaN,NaN,NaN,NaN,NaN,NaN,NaN,NaN,NaN,NaN,NaN,NaN,NaN,NaN,NaN,NaN,NaN,NaN,NaN,NaN,NaN,NaN,NaN,NaN,NaN,NaN,NaN,NaN,NaN,NaN,NaN,NaN,NaN,NaN,NaN,NaN,NaN,NaN,NaN,NaN,NaN,NaN,NaN,NaN,NaN,NaN,NaN,NaN,NaN,NaN,NaN,NaN,NaN,NaN,NaN,NaN,NaN,NaN,NaN,NaN,NaN,NaN,NaN,NaN,NaN,NaN,NaN,NaN,NaN,NaN,NaN,NaN,NaN,NaN,NaN,NaN,NaN,NaN,NaN,NaN,NaN,NaN,NaN,NaN,NaN,NaN,NaN,NaN,NaN,NaN,NaN,NaN,NaN,NaN,NaN,NaN,NaN,NaN,NaN,NaN,NaN,NaN,NaN,NaN,NaN,NaN,NaN,NaN,NaN,NaN,NaN,NaN,NaN,NaN,NaN,NaN,NaN,NaN,NaN,NaN,NaN,NaN,NaN,NaN,NaN,NaN,NaN,NaN,NaN,NaN,NaN,NaN,NaN,NaN,NaN,NaN,NaN,NaN,NaN,NaN,NaN,NaN,NaN,NaN,NaN,NaN,NaN,NaN,NaN,NaN,NaN,NaN,NaN,NaN,NaN,NaN,NaN,NaN,NaN,NaN,NaN,NaN,NaN,NaN,NaN,NaN,NaN,NaN,NaN,NaN,NaN,NaN,NaN,NaN,NaN,NaN,NaN,NaN,NaN,NaN,NaN,NaN,NaN,NaN,NaN,NaN,NaN,NaN,NaN,NaN,NaN,NaN,NaN,NaN
NaN,NaN,NaN,NaN,NaN,NaN,NaN,NaN,NaN,NaN,NaN,NaN,NaN,NaN,NaN,NaN,NaN,NaN,NaN,NaN,NaN,NaN,NaN,NaN,NaN,NaN,NaN,NaN,NaN,NaN,NaN,NaN,NaN,NaN,NaN,NaN,NaN,NaN,NaN,NaN,NaN,NaN,NaN,NaN,NaN,NaN,NaN,NaN,NaN,NaN,NaN,NaN,NaN,NaN,NaN,NaN,NaN,NaN,NaN,NaN,NaN,NaN,NaN,NaN,NaN,NaN,NaN,NaN,NaN,NaN,NaN,NaN,NaN,NaN,NaN,NaN,NaN,NaN,NaN,NaN,NaN,NaN,NaN,NaN,NaN,NaN,NaN,NaN,NaN,NaN,NaN,NaN,NaN,NaN,NaN,NaN,NaN,NaN,NaN,NaN,NaN,NaN,NaN,NaN,NaN,NaN,NaN,NaN,NaN,NaN,NaN,NaN,NaN,NaN,NaN,NaN,NaN,NaN,NaN,NaN,NaN,NaN,NaN,NaN,NaN,NaN,NaN,NaN,NaN,NaN,NaN,NaN,NaN,NaN,NaN,NaN,NaN,NaN,NaN,NaN,NaN,NaN,NaN,NaN,NaN,NaN,NaN,NaN,NaN,NaN,NaN,NaN,NaN,NaN,NaN,NaN,NaN,NaN,NaN,NaN,NaN,NaN,NaN,NaN,NaN,NaN,NaN,NaN,NaN,NaN,NaN,NaN,NaN,NaN,NaN,NaN,NaN,NaN,NaN,NaN,NaN,NaN,NaN,NaN,NaN,NaN,NaN,NaN,NaN,NaN,NaN,NaN,NaN,NaN,NaN,NaN,NaN,NaN,NaN,NaN,NaN,NaN,NaN,NaN,NaN,NaN,NaN,NaN,NaN,NaN,NaN,NaN,NaN,NaN,NaN,NaN,NaN,NaN,NaN,NaN,NaN,NaN,NaN,NaN,NaN,NaN,NaN,NaN,NaN,NaN,NaN,NaN,NaN,NaN,NaN,NaN,NaN,NaN,NaN,NaN,NaN,NaN,NaN,NaN,NaN
NaN,NaN,NaN,NaN,NaN,NaN,NaN,NaN,NaN,NaN,NaN,NaN,NaN,NaN,NaN,NaN,NaN,NaN,NaN,NaN,NaN,NaN,NaN,NaN,NaN,NaN,NaN,NaN,NaN,NaN,NaN,NaN,NaN,NaN,NaN,NaN,NaN,NaN,NaN,NaN,NaN,NaN,NaN,NaN,NaN,NaN,NaN,NaN,NaN,NaN,NaN,NaN,NaN,NaN,NaN,NaN,NaN,NaN,NaN,NaN,NaN,NaN,NaN,NaN,NaN,NaN,NaN,NaN,NaN,NaN,NaN,NaN,NaN,NaN,NaN,NaN,NaN,NaN,NaN,NaN,NaN,NaN,NaN,NaN,NaN,NaN,NaN,NaN,NaN,NaN,NaN,NaN,NaN,NaN,NaN,NaN,NaN,NaN,NaN,NaN,NaN,NaN,NaN,NaN,NaN,NaN,NaN,NaN,NaN,NaN,NaN,NaN,NaN,NaN,NaN,NaN,NaN,NaN,NaN,NaN,NaN,NaN,NaN,NaN,NaN,NaN,NaN,NaN,NaN,NaN,NaN,NaN,NaN,NaN,NaN,NaN,NaN,NaN,NaN,NaN,NaN,NaN,NaN,NaN,NaN,NaN,NaN,NaN,NaN,NaN,NaN,NaN,NaN,NaN,NaN,NaN,NaN,NaN,NaN,NaN,NaN,NaN,NaN,NaN,NaN,NaN,NaN,NaN,NaN,NaN,NaN,NaN,NaN,NaN,NaN,NaN,NaN,NaN,NaN,NaN,NaN,NaN,NaN,NaN,NaN,NaN,NaN,NaN,NaN,NaN,NaN,NaN,NaN,NaN,NaN,NaN,NaN,NaN,NaN,NaN,NaN,NaN,NaN,NaN,NaN,NaN,NaN,NaN,NaN,NaN,NaN,NaN,NaN,NaN,NaN,NaN,NaN,NaN,NaN,NaN,NaN,NaN,NaN,NaN,NaN,NaN,NaN,NaN,NaN,NaN,NaN,NaN,NaN,NaN,NaN,NaN,NaN,NaN,NaN,NaN,NaN,NaN,NaN,NaN,NaN
NaN,NaN,NaN,NaN,NaN,NaN,NaN,NaN,NaN,NaN,NaN,NaN,NaN,NaN,NaN,NaN,NaN,NaN,NaN,NaN,NaN,NaN,NaN,NaN,NaN,NaN,NaN,NaN,NaN,NaN,NaN,NaN,NaN,NaN,NaN,NaN,NaN,NaN,NaN,NaN,NaN,NaN,NaN,NaN,NaN,NaN,NaN,NaN,NaN,NaN,NaN,NaN,NaN,NaN,NaN,NaN,NaN,NaN,NaN,NaN,NaN,NaN,NaN,NaN,NaN,NaN,NaN,NaN,NaN,NaN,NaN,NaN,NaN,NaN,NaN,NaN,NaN,NaN,NaN,NaN,NaN,NaN,NaN,NaN,NaN,NaN,NaN,NaN,NaN,NaN,NaN,NaN,NaN,NaN,NaN,NaN,NaN,NaN,NaN,NaN,NaN,NaN,NaN,NaN,NaN,NaN,NaN,NaN,NaN,NaN,NaN,NaN,NaN,NaN,NaN,NaN,NaN,NaN,NaN,NaN,NaN,NaN,NaN,NaN,NaN,NaN,NaN,NaN,NaN,NaN,NaN,NaN,NaN,NaN,NaN,NaN,NaN,NaN,NaN,NaN,NaN,NaN,NaN,NaN,NaN,NaN,NaN,NaN,NaN,NaN,NaN,NaN,NaN,NaN,NaN,NaN,NaN,NaN,NaN,NaN,NaN,NaN,NaN,NaN,NaN,NaN,NaN,NaN,NaN,NaN,NaN,NaN,NaN,NaN,NaN,NaN,NaN,NaN,NaN,NaN,NaN,NaN,NaN,NaN,NaN,NaN,NaN,NaN,NaN,NaN,NaN,NaN,NaN,NaN,NaN,NaN,NaN,NaN,NaN,NaN,NaN,NaN,NaN,NaN,NaN,NaN,NaN,NaN,NaN,NaN,NaN,NaN,NaN,NaN,NaN,NaN,NaN,NaN,NaN,NaN,NaN,NaN,NaN,NaN,NaN,NaN,NaN,NaN,NaN,NaN,NaN,NaN,NaN,NaN,NaN,NaN,NaN,NaN,NaN,NaN,NaN,NaN,NaN,NaN,NaN
NaN,NaN,NaN,NaN,NaN,NaN,NaN,NaN,NaN,NaN,NaN,NaN,NaN,NaN,NaN,NaN,NaN,NaN,NaN,NaN,NaN,NaN,NaN,NaN,NaN,NaN,NaN,NaN,NaN,NaN,NaN,NaN,NaN,NaN,NaN,NaN,NaN,NaN,NaN,NaN,NaN,NaN,NaN,NaN,NaN,NaN,NaN,NaN,NaN,NaN,NaN,NaN,NaN,NaN,NaN,NaN,NaN,NaN,NaN,NaN,NaN,NaN,NaN,NaN,NaN,NaN,NaN,NaN,NaN,NaN,NaN,NaN,NaN,NaN,NaN,NaN,NaN,NaN,NaN,NaN,NaN,NaN,NaN,NaN,NaN,NaN,NaN,NaN,NaN,NaN,NaN,NaN,NaN,NaN,NaN,NaN,NaN,NaN,NaN,NaN,NaN,NaN,NaN,NaN,NaN,NaN,NaN,NaN,NaN,NaN,NaN,NaN,NaN,NaN,NaN,NaN,NaN,NaN,NaN,NaN,NaN,NaN,NaN,NaN,NaN,NaN,NaN,NaN,NaN,NaN,NaN,NaN,NaN,NaN,NaN,NaN,NaN,NaN,NaN,NaN,NaN,NaN,NaN,NaN,NaN,NaN,NaN,NaN,NaN,NaN,NaN,NaN,NaN,NaN,NaN,NaN,NaN,NaN,NaN,NaN,NaN,NaN,NaN,NaN,NaN,NaN,NaN,NaN,NaN,NaN,NaN,NaN,NaN,NaN,NaN,NaN,NaN,NaN,NaN,NaN,NaN,NaN,NaN,NaN,NaN,NaN,NaN,NaN,NaN,NaN,NaN,NaN,NaN,NaN,NaN,NaN,NaN,NaN,NaN,NaN,NaN,NaN,NaN,NaN,NaN,NaN,NaN,NaN,NaN,NaN,NaN,NaN,NaN,NaN,NaN,NaN,NaN,NaN,NaN,NaN,NaN,NaN,NaN,NaN,NaN,NaN,NaN,NaN,NaN,NaN,NaN,NaN,NaN,NaN,NaN,NaN,NaN,NaN,NaN,NaN,NaN,NaN,NaN,NaN,NaN
NaN,NaN,NaN,NaN,NaN,NaN,NaN,NaN,NaN,NaN,NaN,NaN,NaN,NaN,NaN,NaN,NaN,NaN,NaN,NaN,NaN,NaN,NaN,NaN,NaN,NaN,NaN,NaN,NaN,NaN,NaN,NaN,NaN,NaN,NaN,NaN,NaN,NaN,NaN,NaN,NaN,NaN,NaN,NaN,NaN,NaN,NaN,NaN,NaN,NaN,NaN,NaN,NaN,NaN,NaN,NaN,NaN,NaN,NaN,NaN,NaN,NaN,NaN,NaN,NaN,NaN,NaN,NaN,NaN,NaN,NaN,NaN,NaN,NaN,NaN,NaN,NaN,NaN,NaN,NaN,NaN,NaN,NaN,NaN,NaN,NaN,NaN,NaN,NaN,NaN,NaN,NaN,NaN,NaN,NaN,NaN,NaN,NaN,NaN,NaN,NaN,NaN,NaN,NaN,NaN,NaN,NaN,NaN,NaN,NaN,NaN,NaN,NaN,NaN,NaN,NaN,NaN,NaN,NaN,NaN,NaN,NaN,NaN,NaN,NaN,NaN,NaN,NaN,NaN,NaN,NaN,NaN,NaN,NaN,NaN,NaN,NaN,NaN,NaN,NaN,NaN,NaN,NaN,NaN,NaN,NaN,NaN,NaN,NaN,NaN,NaN,NaN,NaN,NaN,NaN,NaN,NaN,NaN,NaN,NaN,NaN,NaN,NaN,NaN,NaN,NaN,NaN,NaN,NaN,NaN,NaN,NaN,NaN,NaN,NaN,NaN,NaN,NaN,NaN,NaN,NaN,NaN,NaN,NaN,NaN,NaN,NaN,NaN,NaN,NaN,NaN,NaN,NaN,NaN,NaN,NaN,NaN,NaN,NaN,NaN,NaN,NaN,NaN,NaN,NaN,NaN,NaN,NaN,NaN,NaN,NaN,NaN,NaN,NaN,NaN,NaN,NaN,NaN,NaN,NaN,NaN,NaN,NaN,NaN,NaN,NaN,NaN,NaN,NaN,NaN,NaN,NaN,NaN,NaN,NaN,NaN,NaN,NaN,NaN,NaN,NaN,NaN,NaN,NaN,NaN
NaN,NaN,NaN,NaN,NaN,NaN,NaN,NaN,NaN,NaN,NaN,NaN,NaN,NaN,NaN,NaN,NaN,NaN,NaN,NaN,NaN,NaN,NaN,NaN,NaN,NaN,NaN,NaN,NaN,NaN,NaN,NaN,NaN,NaN,NaN,NaN,NaN,NaN,NaN,NaN,NaN,NaN,NaN,NaN,NaN,NaN,NaN,NaN,NaN,NaN,NaN,NaN,NaN,NaN,NaN,NaN,NaN,NaN,NaN,NaN,NaN,NaN,NaN,NaN,NaN,NaN,NaN,NaN,NaN,NaN,NaN,NaN,NaN,NaN,NaN,NaN,NaN,NaN,NaN,NaN,NaN,NaN,NaN,NaN,NaN,NaN,NaN,NaN,NaN,NaN,NaN,NaN,NaN,NaN,NaN,NaN,NaN,NaN,NaN,NaN,NaN,NaN,NaN,NaN,NaN,NaN,NaN,NaN,NaN,NaN,NaN,NaN,NaN,NaN,NaN,NaN,NaN,NaN,NaN,NaN,NaN,NaN,NaN,NaN,NaN,NaN,NaN,NaN,NaN,NaN,NaN,NaN,NaN,NaN,NaN,NaN,NaN,NaN,NaN,NaN,NaN,NaN,NaN,NaN,NaN,NaN,NaN,NaN,NaN,NaN,NaN,NaN,NaN,NaN,NaN,NaN,NaN,NaN,NaN,NaN,NaN,NaN,NaN,NaN,NaN,NaN,NaN,NaN,NaN,NaN,NaN,NaN,NaN,NaN,NaN,NaN,NaN,NaN,NaN,NaN,NaN,NaN,NaN,NaN,NaN,NaN,NaN,NaN,NaN,NaN,NaN,NaN,NaN,NaN,NaN,NaN,NaN,NaN,NaN,NaN,NaN,NaN,NaN,NaN,NaN,NaN,NaN,NaN,NaN,NaN,NaN,NaN,NaN,NaN,NaN,NaN,NaN,NaN,NaN,NaN,NaN,NaN,NaN,NaN,NaN,NaN,NaN,NaN,NaN,NaN,NaN,NaN,NaN,NaN,NaN,NaN,NaN,NaN,NaN,NaN,NaN,NaN,NaN,NaN,NaN
NaN,NaN,NaN,NaN,NaN,NaN,NaN,NaN,NaN,NaN,NaN,NaN,NaN,NaN,NaN,NaN,NaN,NaN,NaN,NaN,NaN,NaN,NaN,NaN,NaN,NaN,NaN,NaN,NaN,NaN,NaN,NaN,NaN,NaN,NaN,NaN,NaN,NaN,NaN,NaN,NaN,NaN,NaN,NaN,NaN,NaN,NaN,NaN,NaN,NaN,NaN,NaN,NaN,NaN,NaN,NaN,NaN,NaN,NaN,NaN,NaN,NaN,NaN,NaN,NaN,NaN,NaN,NaN,NaN,NaN,NaN,NaN,NaN,NaN,NaN,NaN,NaN,NaN,NaN,NaN,NaN,NaN,NaN,NaN,NaN,NaN,NaN,NaN,NaN,NaN,NaN,NaN,NaN,NaN,NaN,NaN,NaN,NaN,NaN,NaN,NaN,NaN,NaN,NaN,NaN,NaN,NaN,NaN,NaN,NaN,NaN,NaN,NaN,NaN,NaN,NaN,NaN,NaN,NaN,NaN,NaN,NaN,NaN,NaN,NaN,NaN,NaN,NaN,NaN,NaN,NaN,NaN,NaN,NaN,NaN,NaN,NaN,NaN,NaN,NaN,NaN,NaN,NaN,NaN,NaN,NaN,NaN,NaN,NaN,NaN,NaN,NaN,NaN,NaN,NaN,NaN,NaN,NaN,NaN,NaN,NaN,NaN,NaN,NaN,NaN,NaN,NaN,NaN,NaN,NaN,NaN,NaN,NaN,NaN,NaN,NaN,NaN,NaN,NaN,NaN,NaN,NaN,NaN,NaN,NaN,NaN,NaN,NaN,NaN,NaN,NaN,NaN,NaN,NaN,NaN,NaN,NaN,NaN,NaN,NaN,NaN,NaN,NaN,NaN,NaN,NaN,NaN,NaN,NaN,NaN,NaN,NaN,NaN,NaN,NaN,NaN,NaN,NaN,NaN,NaN,NaN,NaN,NaN,NaN,NaN,NaN,NaN,NaN,NaN,NaN,NaN,NaN,NaN,NaN,NaN,NaN,NaN,NaN,NaN,NaN,NaN,NaN,NaN,NaN,NaN
NaN,NaN,NaN,NaN,NaN,NaN,NaN,NaN,NaN,NaN,NaN,NaN,NaN,NaN,NaN,NaN,NaN,NaN,NaN,NaN,NaN,NaN,NaN,NaN,NaN,NaN,NaN,NaN,NaN,NaN,NaN,NaN,NaN,NaN,NaN,NaN,NaN,NaN,NaN,NaN,NaN,NaN,NaN,NaN,NaN,NaN,NaN,NaN,NaN,NaN,NaN,NaN,NaN,NaN,NaN,NaN,NaN,NaN,NaN,NaN,NaN,NaN,NaN,NaN,NaN,NaN,NaN,NaN,NaN,NaN,NaN,NaN,NaN,NaN,NaN,NaN,NaN,NaN,NaN,NaN,NaN,NaN,NaN,NaN,NaN,NaN,NaN,NaN,NaN,NaN,NaN,NaN,NaN,NaN,NaN,NaN,NaN,NaN,NaN,NaN,NaN,NaN,NaN,NaN,NaN,NaN,NaN,NaN,NaN,NaN,NaN,NaN,NaN,NaN,NaN,NaN,NaN,NaN,NaN,NaN,NaN,NaN,NaN,NaN,NaN,NaN,NaN,NaN,NaN,NaN,NaN,NaN,NaN,NaN,NaN,NaN,NaN,NaN,NaN,NaN,NaN,NaN,NaN,NaN,NaN,NaN,NaN,NaN,NaN,NaN,NaN,NaN,NaN,NaN,NaN,NaN,NaN,NaN,NaN,NaN,NaN,NaN,NaN,NaN,NaN,NaN,NaN,NaN,NaN,NaN,NaN,NaN,NaN,NaN,NaN,NaN,NaN,NaN,NaN,NaN,NaN,NaN,NaN,NaN,NaN,NaN,NaN,NaN,NaN,NaN,NaN,NaN,NaN,NaN,NaN,NaN,NaN,NaN,NaN,NaN,NaN,NaN,NaN,NaN,NaN,NaN,NaN,NaN,NaN,NaN,NaN,NaN,NaN,NaN,NaN,NaN,NaN,NaN,NaN,NaN,NaN,NaN,NaN,NaN,NaN,NaN,NaN,NaN,NaN,NaN,NaN,NaN,NaN,NaN,NaN,NaN,NaN,NaN,NaN,NaN,NaN,NaN,NaN,NaN,NaN
