NaN,NaN,NaN,NaN,NaN,NaN,NaN,NaN,NaN,NaN,NaN,NaN,NaN,NaN,NaN,NaN,NaN,NaN,NaN,NaN,NaN,NaN,NaN,NaN,NaN,NaN,NaN,NaN,NaN,NaN,NaN,NaN,NaN,NaN,NaN,NaN,NaN,NaN,NaN,NaN,NaN,NaN,NaN,NaN,NaN,NaN,NaN,NaN,NaN,NaN,NaN,NaN,NaN,NaN,NaN,NaN,NaN,NaN,NaN,NaN,NaN,NaN,NaN,NaN,NaN,NaN,NaN,NaN,NaN,NaN,NaN,NaN,NaN,NaN,NaN,NaN,NaN,NaN,NaN,NaN,NaN,NaN,0.0958122901099838,0.0957888468826395,0.0957725250510387,0.0957573752039275,0.0957502263704703,0.0957454167098744,0.0957402691681415,0.0957374365592554,0.0957337074107428,0.0957305607163937,0.0957269688659853,0.0957223956529784,0.0957211243476089,0.0957228878739312,0.0957264257458127,0.0957304674884868,0.0957396087451057,0.0957468426198309,0.0957485318540323,0.0957469579055022,0.0957473049305388,0.0957455123343764,0.095741344135856,0.0957372663397862,0.0957342269577242,0.0957321709024816,0.0957279767234932,0.0957219615851197,0.0957139393331959,0.0957100892829132,0.0957042069063004,0.0956933608936299,0.0956814316838516,0.095670861721524,0.0956625772073742,0.0956550449079796,0.0956467258443491,0.0956399633421672,0.095640489971739,0.0956436317075516,0.0956483662011382,0.0956565651295611,0.0956631846763702,0.0956690616103602,0.0956756074781161,0.0956803848794248,0.0956847854235504,0.0956876423380784,0.0956894978314109,0.0956910319052252,0.0956908149996355,0.0956878966135626,0.0956839398384831,0.0956803277918145,0.0956778363917142,0.0956762488239424,0.0956762568339875,0.0956778060304589,0.0956801832443439,0.0956809432979956,0.0956793841688952,0.0956763619241105,0.0956720773393233,0.0956686266140817,0.0956665234833206,0.0956653721139014,0.0956642211265516,0.0956636820319928,0.09566630707973,0.0956709031995545,0.0956761565798544,0.095683487377346,0.0956924048854417,0.0957021844272573,0.0957127386703762,0.095723176533851,0.0957318301254361,0.0957376258443791,0.095740346337582,0.0957401561971263,0.0957384912340456,0.095735541658107,0.0957308726470559,0.0957256773735314,0.0957223011385112,0.0957199129467911,0.0957174664180061,0.0957136013538387,0.0957080885564762,0.0957012357966965,0.0956931135059759,0.0956836469763617,0.0956733939003561,0.0956629628167938,0.0956523901621795,0.0956415482937359,0.0956306533371102,0.0956203680841379,0.095611087172446,0.0956029486033004,0.0955969128730199,0.0955931560568851,0.0955899195441164,0.095587199187205,0.0955842177967416,0.0955817983344509,0.0955796970316835,0.0955787038850477,0.0955785965255258,0.095579078763408,0.0955804209000805,0.0955819257298409,0.0955843997905388,0.0955876891481298,0.095591549643766,0.0955956469243971,0.0956004541377765,0.095606439343608,0.0956132972444547,0.0956210593808404,0.0956307534385298,0.0956435644140374,0.0956606926254266,0.0956788681882283,0.0956965014879605,0.0957135302612443,0.0957300441424548,0.0957464866918852,0.0957629720422417,0.0957794097447778,0.0957959484750225,0.095812392283746,0.095829017763447,0.0958457632798357,0.095862658470546,0.0958798588938145,0.09589713772682,0.0959144231277789,0.0959319272059984,0.0959491451721355,0.0959662735099092,0.0959836858667801,0.0960012337688829,0.0960184086117688,0.0960353658235576,0.0960526673694353,0.0960700546772844,0.0960872049935307,0.0961042645579924,0.0961213445458574,0.096138653991075,0.096156025720438,0.096173315307164,0.0961901011860248,0.0962069991279139,0.0962237720615956,0.0962397282279473,0.096254862617884,0.0962696018424322,0.0962834543425492,0.0962985758420616,0.0963038232900061,0.0963035872518307
NaN,NaN,NaN,NaN,NaN,NaN,NaN,NaN,NaN,NaN,NaN,NaN,NaN,NaN,NaN,NaN,NaN,NaN,NaN,NaN,NaN,NaN,NaN,NaN,NaN,NaN,NaN,NaN,NaN,NaN,NaN,NaN,NaN,NaN,NaN,NaN,NaN,NaN,NaN,NaN,NaN,NaN,NaN,NaN,NaN,NaN,NaN,NaN,NaN,NaN,NaN,NaN,NaN,NaN,NaN,NaN,NaN,NaN,NaN,NaN,NaN,NaN,NaN,NaN,NaN,NaN,NaN,NaN,NaN,NaN,NaN,NaN,NaN,NaN,NaN,NaN,NaN,NaN,NaN,NaN,NaN,NaN,0.0960131588606948,0.095989135155727,0.0959721749603452,0.0959564609949365,0.095948723698926,0.0959432774361068,0.0959375185076179,0.0959340794394215,0.0959297662845423,0.0959260379280672,0.0959218837919176,0.0959167611951743,0.0959149446096406,0.095916189619738,0.0959192051294877,0.0959227015218406,0.0959312851440226,0.0959379636574933,0.0959391159611977,0.0959370062179814,0.0959368399935394,0.09593452650041,0.0959298548465716,0.0959253036149716,0.0959217591431321,0.0959191740551246,0.0959144931739601,0.0959079985064654,0.095899510955289,0.0958951800918117,0.0958887593834679,0.0958773848675683,0.0958649589629134,0.0958539325904384,0.095845206807444,0.0958371966789815,0.0958283940507396,0.0958211887656652,0.0958212911224674,0.0958239479411086,0.0958282025622189,0.095836318322411,0.0958428734124968,0.0958487014304115,0.0958551652141889,0.095859850617569,0.0958641759619615,0.0958669630405499,0.0958687476532685,0.0958702060634529,0.0958699057492175,0.0958668718964847,0.0958628024341251,0.095859105928868,0.0958565286210817,0.0958548378370799,0.0958547448904233,0.0958562068575509,0.095858488669618,0.0958591342838364,0.0958574743752067,0.0958543616707689,0.0958500020493389,0.0958464752864057,0.095844284691721,0.095843020275818,0.0958417515707634,0.0958411082460714,0.095843635987031,0.0958481292004661,0.0958532868713432,0.0958605397146324,0.0958693757641977,0.0958790816281647,0.0958895648677322,0.0958999219148853,0.0959084748612421,0.095914168905469,0.0959167946076978,0.0959165239909216,0.0959147926399075,0.0959117788476155,0.0959070399763633,0.0959017873497978,0.0958983537777338,0.0958959095629687,0.0958933941902498,0.0958894622890751,0.0958838751916649,0.0958769560471894,0.0958687636588412,0.0958592295448404,0.0958489265503939,0.0958384461763317,0.095827817628594,0.0958169269163528,0.0958059742577155,0.0957956094027444,0.0957862516815723,0.0957780450927941,0.0957719374075871,0.0957681021361967,0.0957647932666212,0.0957620070301512,0.0957589411050622,0.0957564273300919,0.0957542441266292,0.0957531485332501,0.095752940935231,0.0957533262897811,0.0957545782102039,0.095755998499512,0.0957583902759435,0.0957615863503794,0.0957653517815895,0.0957693615923714,0.0957740754428297,0.0957799688244493,0.0957867392889506,0.0957944094676744,0.095804004296731,0.095816720054386,0.0958330745191733,0.0958504855221605,0.0958673696168127,0.0958836593233269,0.095899437283239,0.0959151512017011,0.0959309114838891,0.0959466268457576,0.0959624428136234,0.0959781721425762,0.0959940893721095,0.0960101372070686,0.0960263378850552,0.0960428425514499,0.0960594314435818,0.0960760363322704,0.0960928627319072,0.0961094085849109,0.0961258675600269,0.0961426227236805,0.0961595109469928,0.0961760267414363,0.0961923271402499,0.0962089789551419,0.0962257194034725,0.0962422241476401,0.0962586427374014,0.0962750878671941,0.0962917694070599,0.0963085188396458,0.0963251951840926,0.0963413801432788,0.0963576876318081,0.0963738689319387,0.0963892326385035,0.0964037738345496,0.0964178591080318,0.0964315310728702,0.0964458715641304,0.09641281766904,0.0963033529269921
NaN,NaN,NaN,NaN,NaN,NaN,NaN,NaN,NaN,NaN,NaN,NaN,NaN,NaN,NaN,NaN,NaN,NaN,NaN,NaN,NaN,NaN,NaN,NaN,NaN,NaN,NaN,NaN,NaN,NaN,NaN,NaN,NaN,NaN,NaN,NaN,NaN,NaN,NaN,NaN,NaN,NaN,NaN,NaN,NaN,NaN,NaN,NaN,NaN,NaN,NaN,NaN,NaN,NaN,NaN,NaN,NaN,NaN,NaN,NaN,NaN,NaN,NaN,NaN,NaN,NaN,NaN,NaN,NaN,NaN,NaN,NaN,NaN,NaN,NaN,NaN,NaN,NaN,NaN,NaN,NaN,NaN,0.0960453014594093,0.096025906339434,0.0960149046385104,0.0960019174361151,0.0959941864800435,0.0959889989125057,0.0959865189951692,0.0959826635418628,0.0959811268443311,0.0959785678449387,0.0959762400197451,0.0959747763971479,0.0959758896888909,0.0959790206546494,0.0959832095027604,0.0959877708969796,0.0959957103111524,0.0960007405837999,0.0960016106593005,0.096002274502921,0.096002276829931,0.0959987167652791,0.0959942363759702,0.095989306803228,0.0959858755645352,0.095981917873082,0.0959765938937784,0.0959703025257979,0.095962722632892,0.0959551816396854,0.0959466440643021,0.095935136561777,0.0959235821143855,0.0959139825508658,0.095906064934672,0.0958999687647667,0.0958938038407443,0.0958895397707916,0.0958892524441304,0.0958894999792038,0.0958920333305349,0.0958980884146016,0.0959061080249448,0.0959122355108258,0.0959162094311106,0.0959181280868736,0.0959194016212463,0.0959205693276644,0.095922732346926,0.0959244776739801,0.0959250186862784,0.0959233029855122,0.095919799977776,0.0959163075099642,0.0959131527134838,0.0959109978527364,0.0959096525808635,0.095909037402906,0.0959095042847564,0.0959098730841158,0.0959086924307593,0.0959056783797222,0.0959012360549361,0.0958982197213714,0.0958968567700194,0.0958964267351494,0.0958962656101464,0.0958961447506969,0.0958968130671362,0.0958995916088335,0.0959051346292559,0.0959117103384026,0.0959184913365952,0.0959252225011112,0.0959315680771835,0.0959380094579086,0.0959429767699982,0.0959469024706612,0.0959491461928125,0.0959486696630882,0.095946550509855,0.095943578589331,0.0959402787882514,0.0959363439206919,0.0959325003667373,0.0959296074375941,0.0959264669848761,0.0959219052469276,0.0959154914168632,0.0959083480142091,0.0959008935194589,0.0958929732288142,0.0958849081651105,0.0958768360239649,0.0958682506747914,0.0958594608822817,0.0958514810558614,0.0958444678900974,0.0958390160199872,0.095836243521046,0.0958335177781889,0.095829184427672,0.0958258015847722,0.0958239689682206,0.0958227130790299,0.0958219019962918,0.0958216942334987,0.0958222358467933,0.095822777370211,0.0958237085985773,0.0958253933859658,0.09582817400424,0.0958324353106352,0.0958378693387327,0.0958440702902918,0.0958507803908357,0.0958575151524644,0.095864492996281,0.0958725340447233,0.0958821849730689,0.0958930637740974,0.0959055447866742,0.0959197528816888,0.0959352547972077,0.0959513400955834,0.095967404397819,0.0959832565219251,0.0959989202595875,0.0960145719933222,0.09603023832024,0.0960457697289498,0.096061282351801,0.0960769952667693,0.0960926612467847,0.0961083457281188,0.0961243948838072,0.0961410864795625,0.0961577767938245,0.096174453593879,0.0961912671850932,0.0962078958064378,0.0962242272116221,0.0962406380301495,0.0962570512053026,0.0962731985160467,0.0962892184624036,0.0963053132990878,0.0963215830389857,0.0963378893745522,0.0963543507346432,0.0963710655787674,0.0963879592501404,0.0964043950553893,0.0964200536725032,0.0964355506594081,0.0964509878149933,0.0964657054417845,0.0964789513522093,0.0964916537508116,0.0965031440992864,0.0965189871810549,0.096467491559427,0.0963209178840808
NaN,NaN,NaN,NaN,NaN,NaN,NaN,NaN,NaN,NaN,NaN,NaN,NaN,NaN,NaN,NaN,NaN,NaN,NaN,NaN,NaN,NaN,NaN,NaN,NaN,NaN,NaN,NaN,NaN,NaN,NaN,NaN,NaN,NaN,NaN,NaN,NaN,NaN,NaN,NaN,NaN,NaN,NaN,NaN,NaN,NaN,NaN,NaN,NaN,NaN,NaN,NaN,NaN,NaN,NaN,NaN,NaN,NaN,NaN,NaN,NaN,NaN,NaN,NaN,NaN,NaN,NaN,NaN,NaN,NaN,NaN,NaN,NaN,NaN,NaN,NaN,NaN,NaN,NaN,NaN,NaN,NaN,0.0960369430462104,0.0960210346375635,0.0960121507298375,0.0959999286565002,0.0959925844727149,0.0959868330638255,0.0959851601862652,0.095981724464836,0.0959807804704755,0.0959788674876985,0.095979305883442,0.0959779413608344,0.0959763425709115,0.0959792307238168,0.0959851196764842,0.0959916490979513,0.0959978274673715,0.0960016181523459,0.0960037339664987,0.0960046442435546,0.0960041557934997,0.0960015871724304,0.0959961558734199,0.0959906848059873,0.0959851998445949,0.095979913474415,0.0959759031492515,0.0959684972381964,0.0959590495592163,0.0959512963984128,0.0959427199080657,0.0959307252528455,0.0959201689215621,0.0959121822583007,0.0959063349562665,0.0959016070966769,0.0958966769949611,0.0958930659534698,0.0958924634639749,0.0958927826558558,0.0958945554035487,0.0959000194156833,0.09590886469836,0.0959161901964553,0.0959213502453771,0.0959234675553212,0.0959248100641464,0.0959256496530139,0.0959270358797333,0.0959286597420038,0.0959295917005077,0.0959281149960742,0.0959244875612288,0.0959207096372282,0.0959180375397228,0.0959166293348435,0.0959158225601218,0.0959154958619464,0.0959159802611715,0.0959162301219831,0.0959147198264931,0.0959121730128198,0.0959091046342145,0.0959068408624434,0.0959058536690659,0.0959054333802511,0.0959047157889654,0.0959039355277052,0.0959040195692998,0.095905128233646,0.0959083709176478,0.0959135085811258,0.0959188872937188,0.0959236040028766,0.0959276104457748,0.0959313624318713,0.0959354353130356,0.0959389124940178,0.0959407195007623,0.0959406810191397,0.0959385755128761,0.0959353176169876,0.0959314610835628,0.0959282296837251,0.0959253060242696,0.0959221665182361,0.0959189558024824,0.0959153527333586,0.095910601606563,0.0959046983201885,0.0958979198562268,0.0958907280138083,0.0958833586359241,0.0958760058515606,0.095869483739474,0.0958625716938836,0.0958552079236761,0.0958487031743312,0.09584368414302,0.0958397614196053,0.0958365380201428,0.0958333241136897,0.0958305248755841,0.0958283318733456,0.095826581957792,0.0958259533181511,0.095826792960034,0.0958284325527147,0.0958305362125781,0.095832722319034,0.0958354668821662,0.0958395228359416,0.095844875785635,0.0958509951479267,0.0958580154279566,0.0958658172547753,0.0958742373849363,0.0958830773861451,0.0958918882658818,0.095901742371198,0.095913010395833,0.0959254051419061,0.0959391706105947,0.0959538242659135,0.0959689953488968,0.0959844664345518,0.0959999752758534,0.0960155440717481,0.0960311414887361,0.0960467923585131,0.0960622795560219,0.0960778808221004,0.0960936870157782,0.0961093168073827,0.0961247460816041,0.0961401650742819,0.0961560810146961,0.0961722896292363,0.096188761199245,0.0962054575349847,0.0962220755607118,0.0962386677461528,0.0962552349266449,0.0962717767219619,0.0962880028577888,0.0963039381164183,0.0963198579432818,0.0963356816656577,0.0963515669623882,0.0963676614340355,0.0963839805555224,0.0964005285814676,0.0964168348403717,0.0964324461147249,0.0964478833355059,0.0964632603450472,0.0964778453156313,0.0964908688746506,0.0965029731228837,0.0965135447312172,0.0965262381239938,0.0964766182449381,0.0963287006903655
NaN,NaN,NaN,NaN,NaN,NaN,NaN,NaN,NaN,NaN,NaN,NaN,NaN,NaN,NaN,NaN,NaN,NaN,NaN,NaN,NaN,NaN,NaN,NaN,NaN,NaN,NaN,NaN,NaN,NaN,NaN,NaN,NaN,NaN,NaN,NaN,NaN,NaN,NaN,NaN,NaN,NaN,NaN,NaN,NaN,NaN,NaN,NaN,NaN,NaN,NaN,NaN,NaN,NaN,NaN,NaN,NaN,NaN,NaN,NaN,NaN,NaN,NaN,NaN,NaN,NaN,NaN,NaN,NaN,NaN,NaN,NaN,NaN,NaN,NaN,NaN,NaN,NaN,NaN,NaN,NaN,NaN,0.0960353268662068,0.096018075418494,0.0960110941220458,0.0959988509381271,0.0959918871909788,0.0959865818002326,0.095984112899269,0.0959815522420233,0.0959808081290799,0.0959807688155809,0.0959815427328462,0.0959812271699846,0.0959801789849187,0.095982030866629,0.0959883892200143,0.0959953525552895,0.0960006853767679,0.096005184281078,0.0960076136690417,0.0960094611338996,0.0960096304781402,0.0960076955301193,0.0960025424074077,0.0959966639213264,0.0959898028243954,0.0959836895134702,0.0959781529275884,0.0959695715133249,0.0959595987436771,0.0959520070425956,0.0959444217708683,0.0959344888295167,0.095926002799085,0.0959201697242379,0.095917118422417,0.0959132005371096,0.0959080700829575,0.0959038927827412,0.0959021981827422,0.0959017815625859,0.0959046550890325,0.0959102230740181,0.0959182750346798,0.0959254723512028,0.0959297182022342,0.0959322460599214,0.0959343326695547,0.0959346985115234,0.0959356414485735,0.0959370324666824,0.0959373230609687,0.0959359754889561,0.0959334111026695,0.0959300667644484,0.0959266829061839,0.0959235755856092,0.0959216695935301,0.0959213139354061,0.0959214727615116,0.0959205757140703,0.095918842627627,0.0959171970567005,0.0959144489365091,0.0959108217525755,0.0959088337308735,0.0959078584586023,0.095906717834246,0.0959058900114963,0.0959050581128448,0.0959051176256105,0.0959064286325298,0.0959096484106928,0.0959137402347852,0.0959173798525438,0.0959202411504524,0.0959231201543989,0.0959260199247023,0.0959293931959324,0.0959319764659589,0.0959320951068534,0.0959301855023,0.0959270774142534,0.0959223892479785,0.0959167782907353,0.0959120690485831,0.0959084123631348,0.0959050209518101,0.0959016465787133,0.0958981809939771,0.0958935098949194,0.095887726127956,0.0958820113924319,0.0958772571362657,0.095872969906088,0.0958680224722929,0.0958627077007302,0.0958573441126198,0.0958518275889318,0.0958467188326456,0.0958425146686312,0.0958395167680757,0.0958370098615214,0.0958347890427865,0.0958340115055979,0.0958345311195703,0.0958351589216202,0.0958357473382956,0.0958372102476599,0.0958399578587397,0.0958436745451722,0.0958485876423875,0.0958540991112265,0.0958597243342307,0.0958659202277043,0.0958733561011737,0.0958822450992912,0.0958919459654429,0.0959024128547886,0.095913176165493,0.0959242323907865,0.0959356143422983,0.0959476725760111,0.0959608616421213,0.0959750672173024,0.0959897689471635,0.0960050906240313,0.096020782541946,0.0960363665193886,0.0960518647828506,0.0960673396555791,0.0960826004034575,0.0960978372001435,0.0961133603142456,0.0961288557359026,0.0961442076157006,0.0961594359537287,0.0961748468319347,0.096190681311873,0.0962071055346016,0.0962236498310179,0.0962400798005232,0.0962565918920308,0.0962731302128588,0.0962895892872174,0.0963058286824287,0.0963216927706847,0.096337330980699,0.0963527609060136,0.0963682004559899,0.0963837627059658,0.096399860645629,0.0964160254149935,0.0964321822265335,0.0964479884830494,0.0964635754941332,0.0964787166774305,0.096492865125124,0.0965059657003283,0.0965178996358555,0.0965281120344791,0.0965401434891873,0.0964881031412484,0.0963395003529067
NaN,NaN,NaN,NaN,NaN,NaN,NaN,NaN,NaN,NaN,NaN,NaN,NaN,NaN,NaN,NaN,NaN,NaN,NaN,NaN,NaN,NaN,NaN,NaN,NaN,NaN,NaN,NaN,NaN,NaN,NaN,NaN,NaN,NaN,NaN,NaN,NaN,NaN,NaN,NaN,NaN,NaN,NaN,NaN,NaN,NaN,NaN,NaN,NaN,NaN,NaN,NaN,NaN,NaN,NaN,NaN,NaN,NaN,NaN,NaN,NaN,NaN,NaN,NaN,NaN,NaN,NaN,NaN,NaN,NaN,NaN,NaN,NaN,NaN,NaN,NaN,NaN,NaN,NaN,NaN,NaN,NaN,0.0960299613711382,0.0960143159275154,0.0960086739897534,0.0959971279527303,0.0959915949566701,0.0959870842795731,0.0959829336426854,0.0959791779935562,0.0959794915354959,0.0959805417246559,0.0959818284598065,0.0959825785906487,0.0959818938555189,0.0959842752563717,0.0959897011548313,0.0959958495347606,0.0960007308101326,0.0960061574372484,0.0960095206703403,0.0960113431616019,0.0960120165046015,0.096010187777594,0.0960054924522123,0.0960002540690033,0.095993910229994,0.0959877748938308,0.0959800002861957,0.0959706504475836,0.0959619749586917,0.0959550473977383,0.0959486910946805,0.0959423392697128,0.0959361871877936,0.0959317510522463,0.0959294076393853,0.0959255107035134,0.0959198099643234,0.0959146820161557,0.0959124432376635,0.0959118378257207,0.0959144558486958,0.0959197573012749,0.0959275434905926,0.0959335724436437,0.0959378791648603,0.0959412983981401,0.0959436797866172,0.0959437834975316,0.0959443302611547,0.0959456011331173,0.0959458900358109,0.0959451212137086,0.0959434996964835,0.0959403872532587,0.0959358924513856,0.095931662910214,0.0959287008107484,0.095927883387812,0.0959275130667638,0.0959261635457535,0.0959256152017762,0.0959248342779965,0.0959218321322222,0.0959179071187653,0.0959147977319007,0.0959127499640789,0.0959109552960881,0.0959097088212443,0.0959085860518092,0.0959074652482169,0.0959078089259959,0.0959095300743025,0.0959114179506247,0.0959129230409125,0.0959152444232071,0.0959180313505967,0.0959203709062604,0.0959220246819586,0.0959237226416359,0.0959247596789165,0.0959238307976382,0.0959209290706256,0.0959167701328474,0.0959110193846431,0.0959039729028698,0.0958980213501492,0.0958940152520901,0.0958909740793102,0.0958873032453944,0.0958830925389886,0.0958788870414072,0.0958753796903134,0.0958731160387871,0.0958705332638001,0.0958672775445948,0.0958636012358315,0.0958600086151594,0.0958565592762528,0.0958526090883371,0.0958489813697452,0.0958460786281301,0.0958437797597601,0.0958415533105776,0.0958398936939218,0.0958397021175252,0.095841179959789,0.0958432085285896,0.0958451646924364,0.0958488236052641,0.0958540079774958,0.0958601105546976,0.0958668569395256,0.0958741392037801,0.0958815476273254,0.0958895076005311,0.0958990563686136,0.0959095886700894,0.0959207283593676,0.09593184326413,0.095943559816045,0.0959559588840542,0.0959688179418693,0.0959819877399819,0.0959956311510263,0.0960098561395297,0.0960248166608561,0.0960402776447356,0.0960559781873281,0.0960719874751468,0.0960882334301583,0.0961040931776764,0.0961191073694863,0.0961339616946417,0.0961492138643951,0.0961646107235771,0.0961797812930666,0.0961953487723965,0.0962109421175451,0.0962267871218214,0.0962428930241132,0.0962587709329603,0.0962745728596571,0.0962908841598196,0.0963071410418114,0.0963229941718475,0.0963388665956902,0.096354442306986,0.0963696363771052,0.0963848521675399,0.0964002348073689,0.0964161318340266,0.0964321878872202,0.0964486865109316,0.0964647647030796,0.0964801702927474,0.0964946590791002,0.0965084296539738,0.0965215424070806,0.0965335356068803,0.096543525496073,0.0965548549828537,0.0965021294671421,0.0963523931171143
NaN,NaN,NaN,NaN,NaN,NaN,NaN,NaN,NaN,NaN,NaN,NaN,NaN,NaN,NaN,NaN,NaN,NaN,NaN,NaN,NaN,NaN,NaN,NaN,NaN,NaN,NaN,NaN,NaN,NaN,NaN,NaN,NaN,NaN,NaN,NaN,NaN,NaN,NaN,NaN,NaN,NaN,NaN,NaN,NaN,NaN,NaN,NaN,NaN,NaN,NaN,NaN,NaN,NaN,NaN,NaN,NaN,NaN,NaN,NaN,NaN,NaN,NaN,NaN,NaN,NaN,NaN,NaN,NaN,NaN,NaN,NaN,NaN,NaN,NaN,NaN,NaN,NaN,NaN,NaN,NaN,NaN,0.0960242400062119,0.0960092680589654,0.0960043085908971,0.0959938520888342,0.095988864288282,0.0959837598705889,0.0959797418272642,0.095976063753371,0.095975097549156,0.0959773903026079,0.0959790517146895,0.0959812459028515,0.0959827578666973,0.0959851689867294,0.0959901604052341,0.0959964290964111,0.0959999370429828,0.0960056658959088,0.0960105561437176,0.096011948272433,0.0960128674200961,0.0960112988378576,0.0960080128651565,0.0960028515902408,0.0959965609187896,0.0959904332302428,0.0959822471232349,0.0959730762220179,0.0959662010865095,0.0959592255280532,0.0959546674722568,0.0959505712310792,0.0959460101821866,0.0959419884691405,0.0959399532318781,0.0959365434865903,0.0959315295311243,0.0959265353471844,0.0959231680681571,0.0959219907579413,0.0959240215975823,0.095928621008039,0.0959355929651064,0.0959408876076017,0.0959452762721436,0.0959493399928982,0.0959525192948608,0.0959528943444466,0.095952935085779,0.095953768932905,0.0959538362540325,0.095953519748684,0.0959519698276965,0.0959494554595085,0.0959466206423226,0.0959427661447333,0.0959387854032573,0.0959363243321272,0.0959343686865932,0.0959323958708803,0.0959308214296249,0.0959295790108253,0.0959275023934665,0.0959246944963129,0.095921287579037,0.0959181568036514,0.0959155730656076,0.0959135462579063,0.0959117901701664,0.0959100034248159,0.0959083264026938,0.0959080214083228,0.0959083982524968,0.0959088614735321,0.0959095327609057,0.0959104848932432,0.0959122569550811,0.0959140483886622,0.0959154929162415,0.0959169178496768,0.0959173302948813,0.0959149918207998,0.0959107544424832,0.0959055328383955,0.0958992426194503,0.0958924940529673,0.0958868661555407,0.0958832895120083,0.0958802307934281,0.0958757843030801,0.0958717704540623,0.0958686030000356,0.0958657509793821,0.0958636400261558,0.0958617599415188,0.0958598308353382,0.0958580318521909,0.0958568175703411,0.0958558606963894,0.095854748400487,0.095853550527365,0.0958519739755936,0.0958504121905907,0.0958485210296005,0.0958470165273643,0.0958474805400413,0.0958495644420396,0.0958526026503422,0.0958568889813383,0.0958631041179042,0.0958710222805354,0.0958795993235966,0.0958888033851784,0.0958978184669945,0.0959069299381726,0.0959167900547853,0.0959272757567381,0.0959379775027768,0.0959494371912612,0.0959615177626378,0.0959742009538923,0.0959876015814374,0.0960016751300152,0.0960157306576994,0.0960302899700785,0.096045156929625,0.0960603124026254,0.0960756882270035,0.0960913626160401,0.0961076491100518,0.096124113907635,0.0961397274971972,0.0961541677650305,0.0961695616816478,0.0961853001138535,0.0962006205803913,0.096215645843466,0.0962309128555835,0.0962468536041157,0.096262738660052,0.0962783294209418,0.0962934730861983,0.0963090137663787,0.0963250097789413,0.0963410814690456,0.0963567718695115,0.0963718857077434,0.0963868833515581,0.0964019431732975,0.0964168291079237,0.0964326441577484,0.0964486337477454,0.0964644754677572,0.0964807604460705,0.0964963897491495,0.0965104386790844,0.0965240671085845,0.0965373026363618,0.0965493024510531,0.096559689860233,0.0965710258408631,0.0965179046602067,0.096367094541392
NaN,NaN,NaN,NaN,NaN,NaN,NaN,NaN,NaN,NaN,NaN,NaN,NaN,NaN,NaN,NaN,NaN,NaN,NaN,NaN,NaN,NaN,NaN,NaN,NaN,NaN,NaN,NaN,NaN,NaN,NaN,NaN,NaN,NaN,NaN,NaN,NaN,NaN,NaN,NaN,NaN,NaN,NaN,NaN,NaN,NaN,NaN,NaN,NaN,NaN,NaN,NaN,NaN,NaN,NaN,NaN,NaN,NaN,NaN,NaN,NaN,NaN,NaN,NaN,NaN,NaN,NaN,NaN,NaN,NaN,NaN,NaN,NaN,NaN,NaN,NaN,NaN,NaN,NaN,NaN,NaN,NaN,0.0960158246733564,0.0960021874574726,0.0959982362622848,0.0959888666284469,0.095983691268955,0.0959785530592756,0.0959757397949756,0.0959725089520096,0.0959706255480382,0.0959729337476871,0.0959749486578216,0.0959791646588708,0.0959829421696454,0.0959861561193644,0.0959907800366836,0.0959974381587863,0.0960011413572971,0.0960051421389899,0.0960095006983967,0.0960112570193761,0.0960129596933691,0.0960119554903093,0.0960088280576199,0.0960049767702149,0.0959984531914214,0.0959916880380476,0.0959842165438143,0.0959772349641836,0.0959712505922129,0.0959648220284445,0.0959611404124017,0.0959578184411395,0.0959541555193034,0.0959511983472088,0.0959487884241741,0.0959461503430893,0.0959431174121082,0.0959384063718578,0.0959332008622793,0.0959302033101341,0.0959306731489891,0.0959337629519071,0.0959395026082737,0.0959454533284561,0.095950521974899,0.0959551698556804,0.0959580337337359,0.095958787282058,0.0959584503102219,0.0959581551351178,0.09595897991606,0.0959592677607455,0.0959576659030972,0.0959561795162846,0.0959548057236965,0.0959517444892812,0.0959476763166302,0.0959439148517206,0.0959399190709126,0.095936479667032,0.0959346541443725,0.095932829155075,0.0959303611251516,0.0959275093961077,0.0959245377543314,0.0959214983201252,0.0959184422670274,0.0959159696990306,0.0959138349774873,0.0959122495860284,0.095910425773708,0.095908254247444,0.0959065144799013,0.0959053500187404,0.0959048637832837,0.0959045355419834,0.0959045518798396,0.0959057738155526,0.0959079514090691,0.0959095318232944,0.0959099466769186,0.0959087624974751,0.0959048811883441,0.0958987979150287,0.0958918462994873,0.0958851496015909,0.0958795435282399,0.0958752978926796,0.0958717592735411,0.095868527906487,0.0958647227524113,0.0958618264338881,0.0958602581456184,0.0958595200784738,0.0958592410451549,0.0958589536525745,0.0958579369866759,0.095856587063884,0.0958562268736437,0.0958569134862341,0.0958577399813799,0.0958579385808936,0.0958572634255382,0.0958565561372645,0.095856030852308,0.0958559343888296,0.095857263948818,0.0958601018008811,0.0958647310053056,0.0958711774385587,0.0958798709971793,0.0958902011698584,0.0959015916430047,0.0959131783212938,0.0959241625107378,0.0959349477077077,0.0959458299120269,0.0959567508061532,0.095967609075135,0.0959790572252551,0.095991888989308,0.0960048233914925,0.096018815010408,0.0960332433381361,0.0960480446133492,0.0960634989001492,0.0960795431177787,0.0960956024127449,0.0961109159286206,0.0961260831935326,0.0961420338494265,0.0961581316511007,0.0961734407557627,0.096189033376175,0.096205209814475,0.096221080505844,0.0962361593861497,0.0962506500329274,0.0962662466322376,0.0962821171824263,0.0962979515692609,0.0963133282516589,0.0963284852619289,0.0963439911516848,0.0963595167540976,0.0963750710867914,0.0963899130185835,0.0964044693977014,0.0964190117527641,0.0964337750582095,0.0964491383060291,0.0964652204065594,0.0964809939640466,0.0964965296357122,0.0965124043322363,0.09652654051661,0.0965399634397035,0.0965533295586586,0.0965659067389763,0.096576662776795,0.0965878851845232,0.0965346544953236,0.0963827359777065
NaN,NaN,NaN,NaN,NaN,NaN,NaN,NaN,NaN,NaN,NaN,NaN,NaN,NaN,NaN,NaN,NaN,NaN,NaN,NaN,NaN,NaN,NaN,NaN,NaN,NaN,NaN,NaN,NaN,NaN,NaN,NaN,NaN,NaN,NaN,NaN,NaN,NaN,NaN,NaN,NaN,NaN,NaN,NaN,NaN,NaN,NaN,NaN,NaN,NaN,NaN,NaN,NaN,NaN,NaN,NaN,NaN,NaN,NaN,NaN,NaN,NaN,NaN,NaN,NaN,NaN,NaN,NaN,NaN,NaN,NaN,NaN,NaN,NaN,NaN,NaN,NaN,NaN,NaN,NaN,NaN,NaN,0.0960077487616152,0.0959954854183775,0.0959909910283861,0.0959830534952275,0.0959782069234464,0.0959731370952345,0.0959709793405863,0.0959692898747179,0.0959679318041383,0.0959677145437269,0.0959721978104552,0.0959772044710762,0.0959819836927403,0.09598603714095,0.0959906197090164,0.0959969204909518,0.0960010492623785,0.0960040045594982,0.0960070995745848,0.0960102333319819,0.0960122538075623,0.0960119852156755,0.0960093948038147,0.0960054232462877,0.0959993550106647,0.09599277870458,0.0959865405442447,0.095981728591265,0.0959759401574503,0.0959699864049453,0.0959669901731445,0.0959642674205151,0.0959621267690621,0.095959365610823,0.0959560082441098,0.0959544905482286,0.0959527238265235,0.0959475843587293,0.0959399666439338,0.0959351294755835,0.0959343190804147,0.0959373512202036,0.0959426139772653,0.0959476452508809,0.0959526978556218,0.0959570333623993,0.0959588540497326,0.0959605432631584,0.0959612784862406,0.0959610898418755,0.0959621331962243,0.0959626689419397,0.0959610617966736,0.0959599127842197,0.0959588108563061,0.095956289686604,0.0959521226592999,0.0959473859313731,0.0959424114878838,0.0959383403637185,0.0959368387386867,0.0959349108653875,0.0959316868835241,0.095927686717305,0.0959238770019016,0.0959211982397657,0.0959187773456558,0.0959162273066737,0.0959137711823698,0.0959126376038913,0.0959117469761068,0.0959094479607577,0.0959049766585533,0.0959005846662686,0.0958974718452544,0.0958955368567322,0.095894194834467,0.0958948243961439,0.0958981027460861,0.0959008403753542,0.0959013176336969,0.0959009207120093,0.0958987387153483,0.0958937749730411,0.0958870308925111,0.0958791595057533,0.0958723217732299,0.0958675531717364,0.0958641127498632,0.0958609293169757,0.0958580716653689,0.0958550871388628,0.0958536553405924,0.0958546105834009,0.0958565710531218,0.0958580738177312,0.0958586730626256,0.0958586426791598,0.0958580860963691,0.0958579606772249,0.0958592846709897,0.0958611878931199,0.0958628114163484,0.0958639964033446,0.095865191394851,0.0958656862573644,0.0958672086825219,0.0958702921648641,0.0958754528960609,0.0958821590721398,0.0958903376072202,0.0959005563552571,0.0959120737354423,0.0959246227940793,0.0959377420461581,0.0959503903667787,0.09596284151104,0.0959748543362681,0.0959862133768717,0.0959978194494974,0.0960100704849776,0.0960228110152949,0.0960363029968698,0.0960506634683474,0.0960657269030572,0.0960814009717517,0.0960978303123195,0.0961142233030963,0.0961299794074071,0.0961450139750778,0.0961600571077201,0.096175531145438,0.0961912205399846,0.0962065499155265,0.0962237939871368,0.096240490977538,0.0962569997584865,0.0962721774491101,0.0962868988062259,0.096302475357203,0.0963181204256668,0.0963334897236628,0.0963488551861832,0.096364078761612,0.0963789018244881,0.0963937331577392,0.0964086091222629,0.0964232097797103,0.0964375210876894,0.0964520619451247,0.0964671396557764,0.0964821837315631,0.0964976655782328,0.0965127204225717,0.0965279366835077,0.0965432344228231,0.0965573159616114,0.0965703028878654,0.0965829093207961,0.0965936311787861,0.0966052388525195,0.0965525722891249,0.0963995162941171
NaN,NaN,NaN,NaN,NaN,NaN,NaN,NaN,NaN,NaN,NaN,NaN,NaN,NaN,NaN,NaN,NaN,NaN,NaN,NaN,NaN,NaN,NaN,NaN,NaN,NaN,NaN,NaN,NaN,NaN,NaN,NaN,NaN,NaN,NaN,NaN,NaN,NaN,NaN,NaN,NaN,NaN,NaN,NaN,NaN,NaN,NaN,NaN,NaN,NaN,NaN,NaN,NaN,NaN,NaN,NaN,NaN,NaN,NaN,NaN,NaN,NaN,NaN,NaN,NaN,NaN,NaN,NaN,NaN,NaN,NaN,NaN,NaN,NaN,NaN,NaN,NaN,NaN,NaN,NaN,NaN,NaN,0.0960013492339727,0.0959900445258106,0.0959857372682338,0.0959769407394429,0.0959738946836572,0.0959702224509906,0.0959683096407923,0.0959663974843673,0.0959649687294287,0.0959652130947215,0.095969126548413,0.0959756461079682,0.095979736748474,0.0959847202212675,0.0959891042821654,0.0959941805936206,0.0959987621736796,0.0960012103841985,0.0960045224754235,0.0960079205145053,0.0960112492887898,0.0960118344478224,0.096010046573885,0.0960063245410805,0.0960001126557362,0.0959938897774662,0.0959891140267976,0.0959844739059596,0.0959784371110932,0.0959726470456798,0.0959716264847845,0.0959702913100921,0.0959693698587677,0.0959660411797338,0.0959613364576579,0.0959595550255632,0.0959584527667535,0.09595316425832,0.0959441960852468,0.0959384253507133,0.0959366220419725,0.0959380608309721,0.0959427911969074,0.0959478365946222,0.0959529703634665,0.0959548363067907,0.0959555786359526,0.0959588605669154,0.0959611942889903,0.0959625224993121,0.0959642696778499,0.0959648597459967,0.0959635973665759,0.0959622578745522,0.0959613079459464,0.0959588908812735,0.0959553566866992,0.0959491591206427,0.0959430357481758,0.095939497494017,0.0959377343492335,0.0959351154268101,0.0959315163575465,0.0959268198800464,0.0959224855213771,0.0959195480381788,0.0959178431723202,0.0959157592835047,0.0959134151944271,0.095913053445089,0.0959117116208677,0.0959080583501782,0.0959034360169036,0.0958978095774012,0.0958922788959142,0.0958884252918465,0.095885336614045,0.0958865773663323,0.0958905691795027,0.0958925784267239,0.0958926306710397,0.0958921216813017,0.0958912910213302,0.0958885903596094,0.0958826952333403,0.0958753040745988,0.095868202340096,0.0958625402196375,0.0958597111896774,0.0958573154740176,0.0958540941755997,0.0958511834085368,0.0958489700694086,0.0958492614061752,0.0958522286481561,0.0958548087343302,0.0958558698090237,0.0958568421907156,0.0958580481155808,0.0958595864263401,0.0958614572263059,0.0958636008647528,0.0958664127064237,0.0958703900826439,0.0958741627438703,0.0958756590464935,0.0958773404126596,0.0958809649828502,0.0958856228983351,0.0958918670002095,0.0959004110167998,0.0959114021047911,0.0959231671845083,0.0959355922709605,0.0959492953992445,0.0959627945131454,0.0959761931390216,0.0959897402654409,0.09600185667781,0.0960143097032007,0.0960272045369832,0.096040826142334,0.0960552485464489,0.0960691934163612,0.0960841680712551,0.0961001396566394,0.0961160779366747,0.0961317901199306,0.0961472941646676,0.096162620411404,0.0961778233175108,0.096193709430168,0.0962090387787239,0.0962227766048735,0.0962403498891575,0.0962591603033355,0.0962768605142263,0.0962929240233293,0.0963079706724438,0.0963234198844238,0.096338248302132,0.0963534166425458,0.0963689772035859,0.0963842334731076,0.0963991866834762,0.0964138169078741,0.0964279871276714,0.0964422911041846,0.0964566769811303,0.0964713262100321,0.0964864353231685,0.0965015326525916,0.0965162259108972,0.0965308193414484,0.0965453058821957,0.0965603030398519,0.0965749380507826,0.096588005175798,0.0965998670191582,0.0966101785834862,0.0966227447573219,0.0965712460595872,0.0964170602242127
NaN,NaN,NaN,NaN,NaN,NaN,NaN,NaN,NaN,NaN,NaN,NaN,NaN,NaN,NaN,NaN,NaN,NaN,NaN,NaN,NaN,NaN,NaN,NaN,NaN,NaN,NaN,NaN,NaN,NaN,NaN,NaN,NaN,NaN,NaN,NaN,NaN,NaN,NaN,NaN,NaN,NaN,NaN,NaN,NaN,NaN,NaN,NaN,NaN,NaN,NaN,NaN,NaN,NaN,NaN,NaN,NaN,NaN,NaN,NaN,NaN,NaN,NaN,NaN,NaN,NaN,NaN,NaN,NaN,NaN,NaN,NaN,NaN,NaN,NaN,NaN,NaN,NaN,NaN,NaN,NaN,NaN,0.0959954734354739,0.0959848081110697,0.0959796909352536,0.0959724279986299,0.0959694126746199,0.0959672794383427,0.095964841293119,0.0959636943062416,0.0959626075573128,0.0959641302654605,0.095966913828958,0.0959726905837958,0.0959775229684817,0.0959822746038532,0.0959871197824412,0.0959910135094159,0.0959950687570472,0.0959986357196846,0.0960027398795678,0.0960059605030284,0.0960092661942921,0.0960106550759679,0.0960098101857842,0.096006589395547,0.0960003284667647,0.0959937699918065,0.0959896980364144,0.0959847832804995,0.0959793979381219,0.095975437736251,0.0959757125284234,0.0959754174386772,0.0959744869934758,0.0959706583006552,0.0959651146714521,0.0959633369325352,0.0959624475406618,0.0959569301846974,0.0959479976608717,0.0959404766168453,0.0959369043718245,0.0959362265156955,0.0959399615478339,0.0959451568871691,0.0959498214940792,0.0959499662479903,0.0959519855690251,0.0959561054034922,0.0959589549956382,0.0959621833845342,0.095966041512176,0.0959663404473149,0.0959638443593703,0.0959622026845824,0.0959609763095426,0.0959591101546017,0.0959576315732188,0.0959506087809955,0.0959438815116243,0.0959411917730436,0.0959386196757609,0.0959350533316018,0.0959300769944546,0.095924767528245,0.095920324213013,0.0959176047373366,0.0959163871435768,0.095915460210344,0.095913695658524,0.0959112318114382,0.0959078581083651,0.0959036583235344,0.0959001300610591,0.0958962682031672,0.09589031769485,0.0958849808003258,0.0958816489243162,0.0958823618523314,0.0958857762324238,0.0958861337118986,0.0958852426131953,0.0958851163684478,0.0958846111836551,0.0958827767881855,0.0958777740655194,0.095869904489546,0.0958616489851511,0.0958564089083315,0.095854861785566,0.0958532095339436,0.095851514071725,0.0958494158746931,0.0958470611760254,0.0958464975058871,0.0958488004078598,0.0958514075374199,0.0958534160023636,0.0958555153089522,0.0958586442226822,0.0958623260974139,0.095865368047049,0.095868265505131,0.0958721577139295,0.0958764562479792,0.0958811715832481,0.0958848174736278,0.0958871026173639,0.0958898610992158,0.0958947926076763,0.0959011111108918,0.0959090868899201,0.0959199312696441,0.0959325727680553,0.0959439499086003,0.0959593583311223,0.0959752810491143,0.0959891002685582,0.0960038601002566,0.0960175824230391,0.0960297016681506,0.0960428576910391,0.0960567472358737,0.096072358842184,0.0960873437471724,0.0961021877183179,0.0961181927378655,0.0961343512132408,0.0961498281181316,0.0961646045347659,0.0961794438767858,0.0961942173941976,0.0962100567197249,0.0962264337651292,0.0962399973292992,0.0962559487900294,0.0962760085464716,0.096295598275849,0.0963123806943502,0.0963279953238844,0.0963440708087394,0.0963597279934505,0.0963745739190398,0.0963898451393743,0.0964052717157199,0.0964201345004944,0.0964343370693062,0.0964479480853936,0.0964619670503459,0.0964762342677548,0.09649111454803,0.0965059117569165,0.0965203519542663,0.0965351856926653,0.0965493917567792,0.0965638767069026,0.0965784664215353,0.0965928363773973,0.09660558267478,0.0966169785515902,0.0966269647206154,0.0966401813732042,0.0965893399961441,0.0964340219541985
NaN,NaN,NaN,NaN,NaN,NaN,NaN,NaN,NaN,NaN,NaN,NaN,NaN,NaN,NaN,NaN,NaN,NaN,NaN,NaN,NaN,NaN,NaN,NaN,NaN,NaN,NaN,NaN,NaN,NaN,NaN,NaN,NaN,NaN,NaN,NaN,NaN,NaN,NaN,NaN,NaN,NaN,NaN,NaN,NaN,NaN,NaN,NaN,NaN,NaN,NaN,NaN,NaN,NaN,NaN,NaN,NaN,NaN,NaN,NaN,NaN,NaN,NaN,NaN,NaN,NaN,NaN,NaN,NaN,NaN,NaN,NaN,NaN,NaN,NaN,NaN,NaN,NaN,NaN,NaN,NaN,NaN,0.0959913878220564,0.0959795716965626,0.0959736020065217,0.0959669236788491,0.0959643409384516,0.0959629110929069,0.0959610783258343,0.0959614471272203,0.0959612298231061,0.0959617366828841,0.0959652713744135,0.0959689047019384,0.0959735363347891,0.0959791486939526,0.0959840866283413,0.0959880844493808,0.0959912839506654,0.0959953994908888,0.096000006808273,0.0960034042012556,0.0960064947149291,0.0960073498259359,0.0960073003948143,0.0960059161208462,0.096001040291097,0.0959945194671398,0.0959906094360951,0.0959864334753717,0.0959818861389685,0.0959795407595772,0.0959794943911327,0.0959798184742565,0.0959782308717306,0.0959743430721513,0.0959686566773361,0.0959661010374105,0.0959633999239901,0.09595836079996,0.0959497572770347,0.0959415304747113,0.0959376550580618,0.0959353180193364,0.0959372995247194,0.0959430428886086,0.0959459607261182,0.095945266336345,0.0959492128791467,0.0959537713375578,0.0959553646321467,0.0959567734707211,0.0959606633108352,0.0959634924708778,0.0959630707011058,0.0959609022944183,0.0959599037553389,0.0959597619820222,0.0959585368207218,0.0959506722604687,0.0959433996289398,0.0959406747155358,0.0959377898370088,0.0959332393407402,0.0959273556278284,0.0959223794392393,0.0959192203222215,0.0959175402924461,0.095914986453367,0.0959120248854698,0.0959093443429799,0.0959064154853939,0.095902664651724,0.0958996636996718,0.0958965540878522,0.0958937903554302,0.0958873752682683,0.0958811043800135,0.0958794133178964,0.0958793240147733,0.0958799710497612,0.0958806700800244,0.0958798563072529,0.095878665843773,0.0958779173229339,0.0958766300306472,0.0958724030853617,0.0958642485446022,0.0958544823072257,0.0958490719766462,0.0958483276582469,0.0958474731530603,0.0958466292255529,0.0958447681976107,0.0958430125522645,0.0958444021394455,0.0958469962603792,0.0958494080134362,0.0958514354563904,0.0958548816363561,0.0958606393409596,0.0958663480067224,0.0958698727603367,0.0958747736128611,0.0958815710612276,0.095887393677379,0.0958915095630672,0.0958942644003086,0.0958971138969224,0.0958994271529011,0.0959038938537446,0.0959109495520455,0.0959191175821251,0.0959293163443717,0.0959414614801979,0.095951747122733,0.0959653995022392,0.0959830407032765,0.0960002516634629,0.0960169407973228,0.0960342542096496,0.0960471083479455,0.0960586529404859,0.0960723605959362,0.0960875163759618,0.0961043073261276,0.0961197683434178,0.0961355600384063,0.0961518538980439,0.096168121765925,0.0961827651893248,0.0961969595787393,0.0962107176835017,0.0962256410056278,0.0962414638054208,0.0962569243417276,0.0962724978187366,0.0962911530357508,0.0963130741134074,0.0963304563168996,0.0963462707921219,0.0963629640923327,0.09637941880978,0.0963953334719504,0.0964107243087649,0.0964265035546992,0.0964417651574701,0.0964559133061174,0.0964689209305847,0.096482152591956,0.0964957021733787,0.0965107867054665,0.0965257987964408,0.0965387278266753,0.0965529867578643,0.0965672369700568,0.09658142389892,0.0965958540666728,0.096610169074013,0.0966231509604903,0.0966348499589611,0.0966441402440197,0.0966575111894166,0.0966069158987582,0.0964504500262362
NaN,NaN,NaN,NaN,NaN,NaN,NaN,NaN,NaN,NaN,NaN,NaN,NaN,NaN,NaN,NaN,NaN,NaN,NaN,NaN,NaN,NaN,NaN,NaN,NaN,NaN,NaN,NaN,NaN,NaN,NaN,NaN,NaN,NaN,NaN,NaN,NaN,NaN,NaN,NaN,NaN,NaN,NaN,NaN,NaN,NaN,NaN,NaN,NaN,NaN,NaN,NaN,NaN,NaN,NaN,NaN,NaN,NaN,NaN,NaN,NaN,NaN,NaN,NaN,NaN,NaN,NaN,NaN,NaN,NaN,NaN,NaN,NaN,NaN,NaN,NaN,NaN,NaN,NaN,NaN,NaN,NaN,0.0959865284097932,0.0959761559595843,0.0959693941650703,0.095961933023951,0.0959597038149711,0.0959584644296786,0.0959575808042685,0.0959595492148059,0.0959600437158346,0.0959595291485147,0.0959618966124227,0.0959661056814032,0.0959709676073394,0.0959754748155046,0.0959802684634635,0.0959845799726367,0.095988050100236,0.0959917906775657,0.095995174369248,0.0959983355717941,0.0960021024037162,0.0960037878437855,0.0960029315848779,0.0960027699183417,0.096001149544485,0.0959979841992711,0.0959931910498655,0.0959881979931081,0.0959844204009442,0.09598267438962,0.0959821400608998,0.095982068243406,0.0959796723288523,0.0959754347453397,0.0959707259121745,0.0959669836646631,0.0959605740953053,0.0959550026378205,0.0959495529652429,0.0959434885902981,0.095937991798171,0.0959341192197909,0.0959368572659883,0.095941750449444,0.0959421064851907,0.0959419630131701,0.0959452261742759,0.0959489711633614,0.0959507835130718,0.0959531482036518,0.0959571700932864,0.0959606757983648,0.095962085340827,0.0959613461836963,0.0959606718451177,0.095961541783441,0.0959553610987817,0.095946012438789,0.0959410329698703,0.0959383838611542,0.0959350836065042,0.0959299727210721,0.0959244128113198,0.0959204742627155,0.0959184068780188,0.0959149761608029,0.0959084182260508,0.0959040828265547,0.0959019363389695,0.0959009473561461,0.0958970091665051,0.0958937569788217,0.0958908035838654,0.0958885265350983,0.0958829470175606,0.0958765552664573,0.0958740793847205,0.0958747660773398,0.0958751872488946,0.095875636441773,0.0958748151021469,0.095873779161066,0.0958733789714727,0.0958712438315044,0.0958655384620858,0.0958578115855802,0.0958480817673935,0.0958417178640451,0.0958414974195995,0.0958418020208862,0.0958407143108425,0.0958396711702343,0.095840075658464,0.0958434442497484,0.0958452444371375,0.0958457124456717,0.0958480442430568,0.0958525929504081,0.0958601557253219,0.0958683590913038,0.0958731477836989,0.0958797919667738,0.095890342961556,0.0959005090623887,0.0959062478306899,0.0959076299806347,0.0959096930106281,0.0959121629270148,0.0959159841344427,0.0959220069725435,0.0959297114681672,0.0959383392809644,0.0959491141038433,0.0959600159300278,0.0959727613814383,0.0959893845995609,0.0960078844825592,0.0960269094177442,0.0960454521163289,0.0960631308846694,0.0960760421813384,0.0960886662268073,0.0961032746160269,0.0961194198350174,0.0961364920343927,0.0961531738241578,0.0961693948767316,0.0961857927538018,0.0962020390988461,0.0962152530074061,0.0962281718350599,0.0962419619710642,0.0962571055077156,0.096271803196958,0.0962885627105523,0.0963076869526283,0.0963275431111906,0.0963459945589774,0.0963625648868053,0.0963788821529984,0.0963965911287714,0.0964131486235735,0.0964291644345227,0.0964462599913759,0.096463252176025,0.0964784464371097,0.0964910275083502,0.0965026222796368,0.0965146312103831,0.096527912356324,0.0965437524730464,0.0965584467060948,0.0965715905259888,0.0965851804510299,0.096598941343113,0.0966132248023768,0.0966277033938018,0.0966413740996129,0.0966533442388691,0.0966621647206359,0.0966752043630905,0.0966248072287748,0.096467165072768
NaN,NaN,NaN,NaN,NaN,NaN,NaN,NaN,NaN,NaN,NaN,NaN,NaN,NaN,NaN,NaN,NaN,NaN,NaN,NaN,NaN,NaN,NaN,NaN,NaN,NaN,NaN,NaN,NaN,NaN,NaN,NaN,NaN,NaN,NaN,NaN,NaN,NaN,NaN,NaN,NaN,NaN,NaN,NaN,NaN,NaN,NaN,NaN,NaN,NaN,NaN,NaN,NaN,NaN,NaN,NaN,NaN,NaN,NaN,NaN,NaN,NaN,NaN,NaN,NaN,NaN,NaN,NaN,NaN,NaN,NaN,NaN,NaN,NaN,NaN,NaN,NaN,NaN,NaN,NaN,NaN,NaN,0.0959822741733166,0.095972932147292,0.0959668516868335,0.0959594390291001,0.0959556909382304,0.0959538323608588,0.0959544003680088,0.095955871311493,0.0959571179723143,0.0959580096887172,0.0959590178388293,0.0959626012962307,0.0959688244778731,0.0959723289860195,0.0959764780639469,0.0959821980657398,0.0959843616568074,0.0959868518861269,0.0959900305430621,0.0959921066316948,0.0959952082954264,0.0959991121684788,0.0959993088404132,0.0960001978581215,0.096000813367694,0.095999098224977,0.0959954048755082,0.0959897029678869,0.0959856130705837,0.095984009278888,0.0959842563917283,0.0959834007054827,0.0959800147654105,0.0959752851608093,0.0959707512667432,0.0959654752482789,0.0959566897271228,0.0959513575167528,0.0959481585847466,0.0959441600822251,0.095938185512725,0.0959336373779644,0.0959371229463291,0.0959410373025458,0.0959406919004396,0.0959399901743677,0.0959417161260746,0.0959446782633215,0.0959479327389658,0.0959508358264993,0.0959549018621772,0.0959594082268851,0.095961974967516,0.0959606766329308,0.0959590418401699,0.0959553391987103,0.095948366517007,0.0959417079855534,0.095937735591932,0.0959349591824778,0.0959311897750148,0.0959261384022164,0.0959212746687716,0.0959171784735985,0.0959128674400396,0.0959072999452387,0.0959013750527758,0.0959013221965496,0.0959008148000246,0.0958973448567832,0.0958907437531981,0.0958865354117789,0.095883727755599,0.0958813030457264,0.0958768860929136,0.0958715002842911,0.0958688134796944,0.0958696654146965,0.09587184163465,0.0958726207089947,0.0958715156466205,0.0958706800282889,0.0958707827251796,0.0958674686063108,0.095859877520268,0.0958529674716967,0.0958458367026759,0.0958396217891437,0.0958376597006091,0.095837122289971,0.0958370080447693,0.0958394785952247,0.0958423961894563,0.0958444872951367,0.0958446666231592,0.0958442241659688,0.0958464672762594,0.0958512944867018,0.0958577437903566,0.0958659774911485,0.0958724783995009,0.0958806162203598,0.095894628736806,0.0959095800434864,0.0959181005090733,0.0959208373826317,0.0959225645986656,0.0959262562496647,0.0959297070462587,0.0959349042205662,0.0959431582801161,0.0959494039436036,0.0959564807125464,0.0959677798811969,0.0959817988557076,0.0959985244894805,0.0960167777857204,0.0960367012126598,0.0960580246203617,0.0960749361939745,0.0960911970109227,0.0961055807690002,0.0961206619602928,0.0961357579608291,0.0961527568403563,0.0961707442794771,0.0961873447382949,0.0962032506320679,0.0962195093094604,0.0962339994252175,0.096246156920678,0.0962579227036322,0.0962740030376226,0.0962867032695208,0.0963010698051214,0.0963219466691062,0.0963433852762266,0.0963621297777081,0.0963768957573256,0.0963927798285594,0.0964123783264191,0.0964279670697935,0.0964457009538625,0.0964638203016297,0.0964828218547443,0.0965004878871289,0.0965114328244394,0.0965230691969649,0.0965358394942579,0.096548640252581,0.0965599928333939,0.0965753919446181,0.0965904268472319,0.0966042890078871,0.096618205567131,0.096632254017166,0.0966462299468488,0.0966593149737242,0.0966711063249368,0.0966801308341793,0.0966932347349985,0.0966426031979725,0.0964837579077467
NaN,NaN,NaN,NaN,NaN,NaN,NaN,NaN,NaN,NaN,NaN,NaN,NaN,NaN,NaN,NaN,NaN,NaN,NaN,NaN,NaN,NaN,NaN,NaN,NaN,NaN,NaN,NaN,NaN,NaN,NaN,NaN,NaN,NaN,NaN,NaN,NaN,NaN,NaN,NaN,NaN,NaN,NaN,NaN,NaN,NaN,NaN,NaN,NaN,NaN,NaN,NaN,NaN,NaN,NaN,NaN,NaN,NaN,NaN,NaN,NaN,NaN,NaN,NaN,NaN,NaN,NaN,NaN,NaN,NaN,NaN,NaN,NaN,NaN,NaN,NaN,NaN,NaN,NaN,NaN,NaN,NaN,0.0959777043622473,0.0959688888036296,0.0959629287439272,0.0959565410761291,0.0959525284935563,0.0959512569985847,0.0959522572687609,0.0959528297897603,0.0959540616728388,0.095954752400016,0.0959556851079177,0.0959592967225888,0.095964409598495,0.0959686169049664,0.0959721273785726,0.0959768989863903,0.0959795743625946,0.0959814066346557,0.0959856642779723,0.0959882169328886,0.0959898590396609,0.0959936235770955,0.095996038148837,0.0959967401065161,0.0959989694921465,0.0959986367838475,0.0959960604260044,0.0959915846959357,0.0959862377914868,0.0959840753592608,0.0959850412179617,0.0959846874148617,0.0959816299771678,0.0959765403301631,0.095970408162868,0.0959640292067436,0.095955120057828,0.0959486371087406,0.095945188299258,0.0959426645518239,0.0959384221259128,0.0959359138349005,0.0959401520000537,0.0959417634204537,0.0959398895962578,0.0959376657709463,0.0959379993032139,0.0959400802005076,0.0959426820214581,0.095945803661752,0.0959510315233686,0.0959573917530419,0.0959588566251641,0.0959547602795967,0.0959508292985159,0.0959449494899937,0.0959400123809792,0.0959372815530365,0.0959341073350675,0.0959307148047544,0.0959265202805677,0.0959217190641312,0.0959169417631247,0.0959117580306799,0.0959071130431955,0.0959033645960969,0.0959008968298852,0.0959025260803114,0.0958996581505574,0.0958912193726159,0.0958845367555691,0.0958824029039499,0.0958790827547559,0.0958747126545234,0.0958697230879419,0.095865478983813,0.095864888262426,0.0958656861224639,0.0958691581887176,0.0958706810464313,0.0958697237576745,0.0958683783827346,0.0958673479761031,0.0958626952589998,0.0958554937177527,0.0958510873427049,0.0958484035174796,0.0958425817783227,0.095838158087964,0.0958365609097699,0.0958363160818187,0.0958400340863778,0.0958446236686642,0.0958466072274212,0.0958461131790385,0.0958455689612397,0.0958464969590883,0.0958504044943669,0.0958572206251537,0.0958643729778026,0.0958710601160427,0.0958789179018652,0.0958962863718486,0.0959161499832361,0.0959260329698234,0.0959286239292002,0.0959325322949838,0.0959369499436913,0.0959421418901719,0.0959496237319254,0.0959579193646952,0.0959642235069477,0.0959691800080173,0.0959778943052413,0.0959906971431962,0.0960053950200288,0.0960244171758249,0.0960483134731454,0.096072734846648,0.0960892849669861,0.0961037360543975,0.0961204889397016,0.0961370946822115,0.0961537446241057,0.0961702602697348,0.0961873360196302,0.0962047484100036,0.0962229514246883,0.0962356696859825,0.0962493311427028,0.0962639497479021,0.0962768421819077,0.0962888249471014,0.096302240128071,0.0963136999106772,0.0963328415887126,0.0963584879617354,0.0963768637325524,0.0963939247668094,0.0964082126495736,0.0964262839026866,0.0964445012303957,0.0964607206766522,0.0964799302647757,0.0965016371352849,0.0965225608074891,0.0965346319799394,0.0965448885893551,0.0965568457823257,0.0965708439007557,0.0965844305458772,0.0965970419094625,0.0966106815545927,0.0966243986509254,0.0966381818187278,0.0966517912896887,0.0966647847170833,0.0966772105817009,0.0966887876381681,0.0966977886082063,0.0967110153413898,0.0966606142573548,0.0965005322465806
NaN,NaN,NaN,NaN,NaN,NaN,NaN,NaN,NaN,NaN,NaN,NaN,NaN,NaN,NaN,NaN,NaN,NaN,NaN,NaN,NaN,NaN,NaN,NaN,NaN,NaN,NaN,NaN,NaN,NaN,NaN,NaN,NaN,NaN,NaN,NaN,NaN,NaN,NaN,NaN,NaN,NaN,NaN,NaN,NaN,NaN,NaN,NaN,NaN,NaN,NaN,NaN,NaN,NaN,NaN,NaN,NaN,NaN,NaN,NaN,NaN,NaN,NaN,NaN,NaN,NaN,NaN,NaN,NaN,NaN,NaN,NaN,NaN,NaN,NaN,NaN,NaN,NaN,NaN,NaN,NaN,NaN,0.0959737022933655,0.0959644991697925,0.0959596033345749,0.0959551410906259,0.0959514322218852,0.0959498686219153,0.0959504911574076,0.0959502862846343,0.0959504121344575,0.095950835957465,0.0959520630524388,0.0959561172069874,0.0959590375420331,0.0959628119698451,0.0959672122266642,0.0959712900751143,0.0959739200381136,0.0959774926065655,0.0959813783360953,0.0959853167926558,0.0959875604480164,0.095990522430942,0.0959936968120442,0.0959944940189805,0.0959954772515184,0.0959967468282781,0.095995115030722,0.0959930326347371,0.0959868902960189,0.0959856697882409,0.0959847093180242,0.0959839709647179,0.0959822439310945,0.0959774882846459,0.0959710690084138,0.0959633220527398,0.0959548289712345,0.0959479641343196,0.095943168930853,0.0959410765727071,0.0959402205708994,0.095941336022713,0.09594359853708,0.0959404603742845,0.0959362132437153,0.0959348656792917,0.0959348815188622,0.0959355817585414,0.0959372197991314,0.0959400704435491,0.0959478681091445,0.0959536057656945,0.0959522834835854,0.0959457661480182,0.0959403408880215,0.0959368918218605,0.0959353723497493,0.0959347200298358,0.0959314582670409,0.0959270709404424,0.0959226211217074,0.0959178610526848,0.0959131912775788,0.0959088058343147,0.0959050685895998,0.0959026114513962,0.0959026942454463,0.0959019539104758,0.0958950571556166,0.0958866451574648,0.0958811803956904,0.0958802114809213,0.0958776419989225,0.0958721191202159,0.0958648257217503,0.0958596856535109,0.0958612755133624,0.0958650455813309,0.0958676156606695,0.0958677258166397,0.0958664955135471,0.0958641869358066,0.0958607328442463,0.0958562484985594,0.0958514511855607,0.0958505155454039,0.095850496703702,0.0958454210880133,0.0958391377525591,0.0958351342619328,0.0958351721665443,0.0958396216103476,0.0958449558540054,0.0958472958803375,0.0958470176351245,0.0958466377615801,0.0958492276200193,0.0958518249448179,0.0958584193420619,0.0958643704768436,0.0958701103875382,0.0958784658831179,0.0958977445380314,0.0959193359314102,0.09593472462923,0.0959390576729287,0.0959426845975044,0.0959464901135005,0.0959526737943472,0.0959667983281634,0.0959760249044058,0.0959777654051338,0.095980763720131,0.0959936377792987,0.0960041739181613,0.0960117967181621,0.0960292150536891,0.0960562874494534,0.0960866627919211,0.0961041135439721,0.0961185829015699,0.0961345113963837,0.0961520848702968,0.0961696702800525,0.0961865478825178,0.0962034865706759,0.0962224580713537,0.096242285454671,0.0962549811379019,0.0962659780527833,0.0962799536566279,0.096296147413729,0.0963068712164827,0.0963162383171084,0.0963279637524803,0.0963455955850792,0.0963703731652342,0.0963911446148977,0.0964090534011938,0.096429945812687,0.0964429731262508,0.0964593723190088,0.0964764455870198,0.0964950422514879,0.0965150956660727,0.0965417361177233,0.0965583397461178,0.0965671866461215,0.0965799582514265,0.0965931550149846,0.0966065462435952,0.0966190198958663,0.0966319656621666,0.0966443955442804,0.0966573008923297,0.0966706469323795,0.0966835547536974,0.0966954154390358,0.0967062958954054,0.0967147467890622,0.0967278729819092,0.0966778385040653,0.0965164973182034
NaN,NaN,NaN,NaN,NaN,NaN,NaN,NaN,NaN,NaN,NaN,NaN,NaN,NaN,NaN,NaN,NaN,NaN,NaN,NaN,NaN,NaN,NaN,NaN,NaN,NaN,NaN,NaN,NaN,NaN,NaN,NaN,NaN,NaN,NaN,NaN,NaN,NaN,NaN,NaN,NaN,NaN,NaN,NaN,NaN,NaN,NaN,NaN,NaN,NaN,NaN,NaN,NaN,NaN,NaN,NaN,NaN,NaN,NaN,NaN,NaN,NaN,NaN,NaN,NaN,NaN,NaN,NaN,NaN,NaN,NaN,NaN,NaN,NaN,NaN,NaN,NaN,NaN,NaN,NaN,NaN,NaN,0.0959722225944101,0.0959616406773108,0.0959578813363241,0.0959556097196598,0.0959524485851614,0.0959498353465598,0.0959493988363179,0.0959490333613312,0.09594948741262,0.0959485810314162,0.0959495587187008,0.0959516654156713,0.09595493705797,0.09595835008502,0.0959620128812595,0.0959656015203943,0.0959692656654884,0.0959734941901552,0.095976149215287,0.0959806025278569,0.0959843808733593,0.0959880734447243,0.0959932353154085,0.0959949859242755,0.0959944336955267,0.0959959429325375,0.0959954774647496,0.0959917674157091,0.0959876780866815,0.0959864116734533,0.0959839091665389,0.0959820988132782,0.0959797471065742,0.095974691355046,0.0959683324546971,0.0959603336700929,0.095953138053713,0.0959471239485962,0.0959413967154476,0.0959396448430907,0.0959405294350987,0.0959433413744322,0.0959423929562558,0.0959356384322026,0.095931643280682,0.0959313110305909,0.0959306935844784,0.0959304378054016,0.0959310471886457,0.0959345081746446,0.0959416067510877,0.0959464332385191,0.0959442850001003,0.0959401525910356,0.0959365379939697,0.0959356373584486,0.0959364587874371,0.095934854266797,0.0959285948254578,0.0959217451776845,0.0959162671180957,0.0959123398620171,0.09590894557775,0.0959051408626035,0.0959027848078834,0.0958991711011686,0.0958964906430139,0.0958967264777254,0.0958912309300105,0.0958825224945975,0.0958788828644108,0.0958786042650088,0.0958746398337756,0.0958672346900032,0.095860049825528,0.0958557577984593,0.0958580045072356,0.095861769369805,0.095862393604558,0.0958621871640493,0.0958602388294838,0.095856367211039,0.0958537876392709,0.0958521659614236,0.0958502554737005,0.0958519871660598,0.0958517485683155,0.0958456611235365,0.095838178386423,0.0958333638848761,0.09583268611467,0.0958380457285355,0.0958440468116075,0.0958483409889763,0.0958499718458093,0.095849042281253,0.0958526610385489,0.0958560700912543,0.0958635067141297,0.0958671135893225,0.0958688257496998,0.09588003210006,0.0959007861596797,0.0959228635134098,0.0959403762817127,0.095948471485945,0.0959519958621274,0.095957023688807,0.0959640861458283,0.095981556384645,0.0959954603292383,0.095998655174058,0.0959985132555172,0.0960032434194643,0.0960182674798857,0.0960265258202746,0.0960377838093763,0.0960624675484249,0.096094418005114,0.0961169110296141,0.0961332055488981,0.0961489978108437,0.0961659961846329,0.0961845106339737,0.0962018103134629,0.0962186614240993,0.0962396044328134,0.0962609946047255,0.0962747263699971,0.0962880716215285,0.0962997638527232,0.0963132551714188,0.0963257101017937,0.0963341370824224,0.0963443730826117,0.0963613046857101,0.0963823049117482,0.0964027257590845,0.0964226895871992,0.0964441795564164,0.0964638279158948,0.0964767780061846,0.0964923813417798,0.0965095570249822,0.0965294953471081,0.0965548904450088,0.0965788809133201,0.0965873636273171,0.0965994554902787,0.0966139591712815,0.0966267043784525,0.0966390860384538,0.0966514491032384,0.0966634718731994,0.0966758338992175,0.0966886084596733,0.0967012523590968,0.096712982765772,0.0967236777083351,0.0967314523885046,0.0967444700235106,0.0966954401948927,0.0965328155926222
NaN,NaN,NaN,NaN,NaN,NaN,NaN,NaN,NaN,NaN,NaN,NaN,NaN,NaN,NaN,NaN,NaN,NaN,NaN,NaN,NaN,NaN,NaN,NaN,NaN,NaN,NaN,NaN,NaN,NaN,NaN,NaN,NaN,NaN,NaN,NaN,NaN,NaN,NaN,NaN,NaN,NaN,NaN,NaN,NaN,NaN,NaN,NaN,NaN,NaN,NaN,NaN,NaN,NaN,NaN,NaN,NaN,NaN,NaN,NaN,NaN,NaN,NaN,NaN,NaN,NaN,NaN,NaN,NaN,NaN,NaN,NaN,NaN,NaN,NaN,NaN,NaN,NaN,NaN,NaN,NaN,NaN,0.0959733602820164,0.0959620912912272,0.0959576147714356,0.0959557793880445,0.0959555536146968,0.0959520496098761,0.0959498235192344,0.0959482352351157,0.0959484521556937,0.095948597027777,0.0959488670582354,0.0959497314343698,0.0959516592620855,0.0959545914758851,0.0959583149507944,0.0959616216696067,0.0959647732506957,0.0959679621661773,0.095971664244623,0.0959761232728701,0.0959815606431099,0.0959870423212083,0.0959916635323398,0.095993944213872,0.0959946318630628,0.0959943186175351,0.0959948660373836,0.0959924663357194,0.0959887926504353,0.0959836244426384,0.0959805707131976,0.0959787267491111,0.0959747534403966,0.0959687271793554,0.0959631077990896,0.095956530245147,0.0959497420220209,0.0959441457277722,0.0959385715806478,0.0959367517698859,0.0959378188274546,0.0959419520595732,0.0959385332341416,0.0959301505956136,0.095927644745949,0.0959273272931769,0.0959258479298998,0.0959249226943784,0.0959239791056315,0.0959264034315338,0.095933894286293,0.0959420454422844,0.0959435930951472,0.0959412675073306,0.0959412824476651,0.0959428322943268,0.09593572744925,0.0959261056337752,0.0959213204025594,0.0959152966431659,0.0959091168542838,0.0959056661275624,0.095903135928355,0.0958999012815335,0.0958953852336657,0.0958912172292671,0.0958877485318854,0.0958890075030013,0.0958863745155788,0.0958799586504935,0.0958760418578652,0.0958713498775416,0.0958638172867142,0.0958577219641511,0.0958529031989245,0.0958518663146479,0.0958535415565361,0.0958544198359526,0.0958533226717157,0.0958515812035524,0.0958498233111385,0.0958492591013061,0.0958503399670181,0.0958514399865004,0.0958499034723662,0.0958515513377277,0.0958514323288996,0.0958445242202797,0.0958359675965381,0.0958341331361967,0.0958342638726518,0.0958377930842406,0.0958422251138409,0.0958479434661448,0.0958512786200542,0.095853336230076,0.0958566847183088,0.0958605728037164,0.0958689561809947,0.095870717193146,0.0958705585509754,0.0958839255075347,0.0959057702567104,0.0959314636048117,0.0959461769241641,0.0959570141552805,0.0959589751111678,0.0959617467484044,0.0959740599637248,0.0959933177255418,0.096007573530835,0.0960156275615567,0.0960194410895086,0.0960222921391903,0.0960305750867176,0.0960436447495489,0.0960530304854379,0.0960723754617225,0.0961025262449976,0.096126719771537,0.0961461829736887,0.0961630567555388,0.0961785341559543,0.096197737361389,0.0962169925289347,0.0962338117265365,0.0962549051234623,0.096281855390809,0.0962954522688206,0.0963065382411714,0.0963216155729174,0.096334948565753,0.0963455937122274,0.0963532182156542,0.0963599649110317,0.0963763441456175,0.096398755545472,0.0964160373957565,0.0964363273503795,0.0964590477027404,0.0964804486684759,0.0964956878221211,0.0965101695021841,0.0965253326862031,0.0965444790079401,0.0965691438765241,0.0965974787003757,0.0966106425523082,0.0966189070810522,0.0966326340593838,0.0966468375974354,0.0966582189164734,0.0966694199150916,0.0966819540681715,0.0966939537685599,0.0967062944601014,0.0967184696358311,0.0967298398420294,0.096740381843037,0.0967486681469182,0.0967623239211682,0.0967142446333461,0.0965503384703227
NaN,NaN,NaN,NaN,NaN,NaN,NaN,NaN,NaN,NaN,NaN,NaN,NaN,NaN,NaN,NaN,NaN,NaN,NaN,NaN,NaN,NaN,NaN,NaN,NaN,NaN,NaN,NaN,NaN,NaN,NaN,NaN,NaN,NaN,NaN,NaN,NaN,NaN,NaN,NaN,NaN,NaN,NaN,NaN,NaN,NaN,NaN,NaN,NaN,NaN,NaN,NaN,NaN,NaN,NaN,NaN,NaN,NaN,NaN,NaN,NaN,NaN,NaN,NaN,NaN,NaN,NaN,NaN,NaN,NaN,NaN,NaN,NaN,NaN,NaN,NaN,NaN,NaN,NaN,NaN,NaN,NaN,0.0959742747149389,0.0959644925267124,0.0959595849022297,0.0959569813728583,0.0959574516802817,0.0959557070638769,0.0959529890527763,0.0959494710510783,0.0959475923913524,0.0959478631201425,0.0959481176197681,0.0959494852368273,0.0959506640169877,0.0959522363612695,0.0959541967514823,0.0959572149517258,0.0959596909916084,0.0959621210427743,0.0959674829605106,0.0959736623334669,0.0959803003450614,0.0959875532666691,0.0959927021006253,0.095992970881229,0.0959930074504452,0.0959919969163759,0.0959928181542636,0.0959927634421281,0.0959882828349166,0.0959811068763298,0.0959758906595023,0.0959721134860682,0.0959665757452103,0.0959624803215535,0.0959581516289971,0.0959523271421007,0.0959445975199688,0.0959375790237186,0.0959330733498555,0.0959316448197719,0.0959361482876994,0.0959370176886856,0.0959293130459505,0.09592379742882,0.0959237418261258,0.0959230272940725,0.0959222671868305,0.0959211605925314,0.095918932612925,0.0959190036832577,0.095928615516982,0.0959441170673048,0.0959465155299196,0.0959422072504653,0.0959413168839908,0.0959325714432984,0.0959217058577138,0.0959168638872344,0.0959135640302136,0.095907369999838,0.0959013465596413,0.0958989259068215,0.095896969788947,0.0958943807729111,0.0958886413767731,0.0958850823849273,0.0958852212969124,0.0958861729769534,0.0958824720896913,0.09587699933281,0.0958709040798814,0.0958608823775779,0.0958543488591334,0.0958512398341966,0.0958504925714131,0.0958506471252205,0.0958495966525557,0.0958459633922691,0.0958439036958724,0.0958429848397271,0.0958459268912774,0.0958480371905685,0.0958479372520489,0.0958502383703514,0.0958489475063895,0.0958479216247586,0.0958478752494246,0.0958440491071999,0.0958387444569314,0.0958365992243798,0.0958366732855541,0.0958390472438253,0.0958417517790061,0.0958481752202071,0.0958525090259392,0.095855345980894,0.0958606486063482,0.0958669872532046,0.0958731910582224,0.0958737605898621,0.095873222362717,0.0958894203181234,0.095913398019821,0.0959382256239282,0.0959560680249609,0.0959665876248371,0.0959667530310486,0.0959725371070421,0.0959832125680863,0.0959958631336476,0.0960144367501843,0.0960290395326062,0.0960344743695257,0.0960399207377691,0.0960508987957946,0.0960634842104994,0.0960696146068898,0.0960867019108109,0.0961127169743519,0.0961359095843122,0.0961578233591437,0.0961805783043055,0.0961933415315118,0.0962107572886068,0.0962311152590557,0.0962500769724557,0.0962698868560275,0.0962944588906523,0.0963194469815009,0.0963284674260159,0.0963393383927498,0.096353981266986,0.0963678214788637,0.0963750550167916,0.0963809539469256,0.096393235229459,0.0964135271319944,0.0964315680792069,0.0964509615953323,0.0964743298702325,0.0964973776923511,0.0965168220503494,0.0965291600812299,0.0965425808615731,0.0965605807768196,0.0965847156662464,0.0966122855626669,0.0966346632993546,0.0966414450722187,0.0966519452426358,0.0966647147330618,0.0966758198458525,0.0966869821561075,0.0966989432871136,0.0967115115590055,0.0967239282393248,0.0967357527776067,0.0967462994733514,0.0967564820522417,0.096765146949432,0.0967800315748618,0.0967332741546196,0.096568077625293
NaN,NaN,NaN,NaN,NaN,NaN,NaN,NaN,NaN,NaN,NaN,NaN,NaN,NaN,NaN,NaN,NaN,NaN,NaN,NaN,NaN,NaN,NaN,NaN,NaN,NaN,NaN,NaN,NaN,NaN,NaN,NaN,NaN,NaN,NaN,NaN,NaN,NaN,NaN,NaN,NaN,NaN,NaN,NaN,NaN,NaN,NaN,NaN,NaN,NaN,NaN,NaN,NaN,NaN,NaN,NaN,NaN,NaN,NaN,NaN,NaN,NaN,NaN,NaN,NaN,NaN,NaN,NaN,NaN,NaN,NaN,NaN,NaN,NaN,NaN,NaN,NaN,NaN,NaN,NaN,NaN,NaN,0.0959793430802482,0.0959713543995361,0.0959651820464483,0.0959600170839649,0.0959598013411293,0.0959574319577666,0.095955129978489,0.0959517349271232,0.0959491676408143,0.0959488545096778,0.095948258352677,0.0959491746550065,0.0959486385884852,0.0959490531023764,0.0959499202205578,0.0959518849397258,0.0959547961953067,0.0959573115688192,0.0959630540269537,0.0959730620339552,0.0959807451596197,0.0959874269450082,0.0959931344925979,0.0959935254752509,0.0959920485703922,0.0959903462752599,0.0959902420184392,0.0959890222659725,0.0959849715662757,0.095978325837318,0.0959721843653503,0.0959652272082294,0.0959590609489334,0.0959574417067635,0.0959533827756327,0.095947074208907,0.0959406112275614,0.0959341704951389,0.095930116429654,0.0959292484851333,0.095931380850927,0.095927384841141,0.0959203391648242,0.0959180544665668,0.0959173384282565,0.0959160708097662,0.0959171533400302,0.0959167526463405,0.095913105748797,0.0959107779720912,0.095925196797265,0.0959435238922664,0.0959349908196692,0.0959320451456321,0.0959294359771798,0.0959184582654876,0.0959091704615073,0.0959059419318288,0.0959030840912952,0.0958976683558988,0.0958942121865272,0.095893333847445,0.0958908370625877,0.0958895675534116,0.0958846854840979,0.0958797574889035,0.0958824383315163,0.0958835015254071,0.0958799829534065,0.0958741785236069,0.0958650187423139,0.0958561291092448,0.0958527765833643,0.0958513646537976,0.0958508907747826,0.0958499719043569,0.0958471452061256,0.09584098013941,0.095838954661333,0.0958430111986044,0.0958469847808977,0.095845674148778,0.095845078258846,0.0958465689043008,0.0958474121029071,0.0958468373956803,0.0958491789787644,0.0958449352965342,0.0958410955919212,0.0958406515356036,0.0958388204437251,0.0958418116330616,0.0958468125384511,0.0958516635319448,0.0958529904395771,0.0958571283204945,0.0958604119815355,0.0958694753126339,0.0958766709797134,0.0958749327960061,0.0958776370804778,0.0958963613848241,0.095919840508477,0.0959422935676971,0.0959672125729815,0.0959808512900792,0.0959789229735003,0.0959890931552361,0.0960027706794241,0.0960039173584262,0.0960206612635295,0.0960368253979922,0.0960431842483705,0.096051778726314,0.0960678318314443,0.0960874166720561,0.0960931343062674,0.0961033287198635,0.0961247034131299,0.0961461536884392,0.0961668013468035,0.0961923713423587,0.0962107650124012,0.0962273542692497,0.0962471067638266,0.0962676348313984,0.0962878846149216,0.0963089791428307,0.0963314766084847,0.0963471039675415,0.0963588405169523,0.0963703251713296,0.0963864655022769,0.0963989316459981,0.0964005571351006,0.0964104930075279,0.0964293230768537,0.0964500111766206,0.0964680917057386,0.0964899064520381,0.0965131603001599,0.0965338603021343,0.0965505133733641,0.0965633278255664,0.0965783015159527,0.0966003932225546,0.0966270316315179,0.0966504703300458,0.0966635982076764,0.0966703913599352,0.0966827422657038,0.0966936411983739,0.0967040218986792,0.096715643049036,0.0967283013855232,0.0967405985784607,0.0967523132236687,0.0967626723218181,0.0967726551597415,0.0967815288422741,0.096797199795518,0.0967515956451259,0.0965850715644951
NaN,NaN,NaN,NaN,NaN,NaN,NaN,NaN,NaN,NaN,NaN,NaN,NaN,NaN,NaN,NaN,NaN,NaN,NaN,NaN,NaN,NaN,NaN,NaN,NaN,NaN,NaN,NaN,NaN,NaN,NaN,NaN,NaN,NaN,NaN,NaN,NaN,NaN,NaN,NaN,NaN,NaN,NaN,NaN,NaN,NaN,NaN,NaN,NaN,NaN,NaN,NaN,NaN,NaN,NaN,NaN,NaN,NaN,NaN,NaN,NaN,NaN,NaN,NaN,NaN,NaN,NaN,NaN,NaN,NaN,NaN,NaN,NaN,NaN,NaN,NaN,NaN,NaN,NaN,NaN,NaN,NaN,NaN,NaN,NaN,NaN,0.0959673313432586,0.095959309524048,0.0959568677792519,0.0959539350008037,0.0959515376394357,0.0959514959376927,0.0959499708024229,0.0959482277136203,0.0959485025017622,0.095947776676388,0.0959476480311766,0.0959490096806537,0.0959518454432826,0.0959556448524891,0.0959602981853867,0.0959711046834433,0.0959805132219623,0.0959855619238494,0.095990754917865,0.0959908598365927,0.0959896338758421,0.0959889431243201,0.0959886679684699,0.095985403041853,0.0959797033380893,0.0959748847458174,0.09596832209802,0.0959606133193743,0.0959556599264242,0.0959524047279664,0.0959483485612176,0.0959417025559922,0.0959356211664769,0.0959316120018648,0.0959267065203478,0.0959241489251758,0.0959231103383561,0.0959178213374168,0.0959132327907639,0.0959113682466587,0.0959095839314735,0.0959079186743508,0.0959086277534609,0.0959087501141232,0.0959043473733568,0.0959064406059996,0.0959237742935538,0.0959299956889378,0.095924364973917,0.0959218501376092,0.095912151542922,0.0959058699482057,0.0959025029830992,0.0958989137483997,0.0958926813627796,0.0958883206393725,0.0958849403885357,0.095886847673138,0.0958851513099239,0.0958820159926767,0.0958784052120021,0.0958746403524236,0.0958759642902443,0.0958777323309764,0.0958752855992348,0.0958714998647378,0.0958626554234279,0.095855729829584,0.0958547311013885,0.0958540314366271,0.0958510207522186,0.0958476423055923,0.0958438449407158,0.0958356332646758,0.0958348496169448,0.0958444286740419,0.0958485006082276,0.0958464396001073,0.09584476702075,0.0958468013208174,0.0958467327000498,0.0958462818983135,0.0958519667146345,0.0958500708614368,0.0958463852266414,0.0958438332526573,0.0958422077323078,0.0958443593864293,0.0958487977422272,0.095853859908744,0.0958562343948146,0.0958597270806992,0.0958628581055501,0.0958708905256207,0.0958744665685735,0.095874584233911,0.095880617530523,0.0959023930649878,0.0959279428718273,0.0959506276576965,0.0959715412049556,0.0959884164545226,0.0959985784739416,0.0960130661323772,0.0960151803978988,0.096017754313493,0.0960345284768397,0.0960471090696521,0.0960544525888452,0.0960653637105282,0.096083283694621,0.096101497490537,0.0961159753873937,0.0961266247175476,0.096141686827898,0.0961585900326846,0.0961776975723572,0.0962013026428468,0.0962237527635967,0.0962425662374436,0.0962634878265819,0.0962858444808442,0.0963070705681636,0.096327801551767,0.0963491761753007,0.0963578966203413,0.0963690643292247,0.0963862771799355,0.0964008669190408,0.0964200792869025,0.0964260748177073,0.0964284367679262,0.0964471738789471,0.0964647747616016,0.0964850647815484,0.0965068300023564,0.0965286052012434,0.0965493771716456,0.0965675648310935,0.0965826851463213,0.0965988792478261,0.0966174572109134,0.0966405810380487,0.0966638399394748,0.096681963034202,0.0966913093810551,0.0967009125914459,0.0967119715732381,0.0967223905297476,0.0967331456140134,0.0967448927963191,0.0967566263283697,0.0967679274975182,0.0967785592194196,0.0967889927465911,0.0967980505429234,0.0968140454372985,0.0967685751446697,0.0966006951786329
NaN,NaN,NaN,NaN,NaN,NaN,NaN,NaN,NaN,NaN,NaN,NaN,NaN,NaN,NaN,NaN,NaN,NaN,NaN,NaN,NaN,NaN,NaN,NaN,NaN,NaN,NaN,NaN,NaN,NaN,NaN,NaN,NaN,NaN,NaN,NaN,NaN,NaN,NaN,NaN,NaN,NaN,NaN,NaN,NaN,NaN,NaN,NaN,NaN,NaN,NaN,NaN,NaN,NaN,NaN,NaN,NaN,NaN,NaN,NaN,NaN,NaN,NaN,NaN,NaN,NaN,NaN,NaN,NaN,NaN,NaN,NaN,NaN,NaN,NaN,NaN,NaN,NaN,NaN,NaN,NaN,NaN,NaN,NaN,NaN,NaN,NaN,NaN,0.0959615777836724,0.0959550279925617,0.09595312084075,0.095952930547431,0.0959525533819154,0.0959511232710876,0.0959493051812021,0.0959476435211845,0.0959472831205683,0.0959481832468167,0.0959506685620525,0.0959535576526861,0.0959567048090353,0.0959618889723378,0.0959740595609668,0.0959811162566437,0.0959847781239654,0.0959843435774785,0.0959838543924273,0.0959862840610026,0.0959860148639695,0.0959819940161463,0.0959761239248376,0.0959708492367057,0.0959638396928004,0.0959568053511347,0.0959527962942032,0.0959481816023129,0.0959413980193612,0.0959355144038159,0.0959315685442838,0.0959295888709022,0.0959225508592427,0.0959177855460543,0.0959157737761809,0.0959107930508233,0.0959078069032261,0.0959040012131555,0.0959002294041641,0.0958996805874374,0.0958997250939016,0.0958998419190704,0.0958959514393984,0.0959045870937898,0.0959265713743973,0.0959179688846161,0.0959140142350496,0.0959069208633205,0.0959005367045446,0.0959014582090673,0.0958985257458977,0.0958905159845776,0.0958818879957418,0.095877384810672,0.0958745311164576,0.0958757390774791,0.095874458070841,0.095871412304691,0.0958703801807108,0.0958681321975778,0.0958708740502632,0.0958727022650259,0.0958703273808491,0.0958642076722532,0.0958574382375862,0.0958551859034961,0.0958534520122575,0.0958547336526161,0.0958477077616519,0.0958439042838745,0.0958400951302792,0.0958304029312534,0.0958317788511023,0.0958453175770215,0.0958515708326125,0.0958508088966905,0.0958460204560338,0.0958503794392724,0.0958536895391171,0.0958541113703059,0.0958557096331398,0.0958562001254506,0.095854931562119,0.0958494669145323,0.0958464997026889,0.0958478755923466,0.0958527819116449,0.0958563695344084,0.0958609820832445,0.0958646365130577,0.0958668513279853,0.0958730137142753,0.0958730092401109,0.0958738375126007,0.0958863302660158,0.0959073321644524,0.0959312949664187,0.0959550867666874,0.0959762259416817,0.0959896145581947,0.0960068857622334,0.0960353511423898,0.0960355784236296,0.0960290564199723,0.0960414370216195,0.0960589591898006,0.0960687679394917,0.0960812565211842,0.096099681940087,0.0961177837476948,0.0961321291669252,0.0961481627074882,0.0961647575246671,0.0961785953728551,0.0961928620027819,0.0962118766046245,0.0962341448830555,0.0962557369300183,0.0962773657568492,0.0963004599842297,0.0963260365265046,0.0963490436670015,0.0963683878793741,0.0963776325085636,0.0963816893555813,0.0963955422839842,0.0964125222837981,0.0964316313419807,0.0964439156967957,0.0964498909941807,0.0964627228525204,0.0964842673360501,0.0965043431592742,0.0965245907837878,0.096544589495473,0.096565346716641,0.0965870985326142,0.0966021425005834,0.0966184942649049,0.0966352943059375,0.0966556691197323,0.0966773994676533,0.0966975458450156,0.0967102657465462,0.0967196953231739,0.0967296195519678,0.096740533310746,0.0967514925267208,0.0967624204194702,0.0967730231982497,0.0967835312740262,0.096794422467445,0.0968054546722053,0.0968148148440432,0.0968305910016045,0.0967849413091704,0.0966156756898652
NaN,NaN,NaN,NaN,NaN,NaN,NaN,NaN,NaN,NaN,NaN,NaN,NaN,NaN,NaN,NaN,NaN,NaN,NaN,NaN,NaN,NaN,NaN,NaN,NaN,NaN,NaN,NaN,NaN,NaN,NaN,NaN,NaN,NaN,NaN,NaN,NaN,NaN,NaN,NaN,NaN,NaN,NaN,NaN,NaN,NaN,NaN,NaN,NaN,NaN,NaN,NaN,NaN,NaN,NaN,NaN,NaN,NaN,NaN,NaN,NaN,NaN,NaN,NaN,NaN,NaN,NaN,NaN,NaN,NaN,NaN,NaN,NaN,NaN,NaN,NaN,NaN,NaN,NaN,NaN,NaN,NaN,NaN,NaN,NaN,NaN,NaN,NaN,NaN,0.0959592420629808,0.0959535012343121,0.0959549540840422,0.0959541560468892,0.0959530001100785,0.0959526405904658,0.0959511642426281,0.0959506609148778,0.0959508252158441,0.095951856389833,0.0959530325810325,0.0959552556324078,0.095956187211443,NaN,NaN,0.0959797062646255,0.0959772703551176,0.0959796210262611,0.0959825586876308,0.095982519800708,0.0959792052827442,0.0959736857848676,0.0959663776560645,0.0959596281671484,0.0959518444508321,0.0959470038063049,0.0959411835216223,0.0959354544862701,0.0959301411625337,0.0959284803694526,0.0959258903324748,0.0959200363738671,0.095916219482071,0.0959103335113551,0.0959058016763396,0.0959010452435028,0.0958969853283465,0.0958931940508443,0.095892074863781,0.0958927454091093,0.0958941824593588,0.0958969771495376,0.0959130431366246,0.0959174032202529,0.0959065779703886,0.0959050417894053,0.0958947993771185,0.0958954631630243,0.0958981070176282,0.0958887159682761,0.0958808482140412,0.0958741983951257,0.0958696029503633,0.0958686185455047,0.0958640161973556,0.095860294930124,0.0958616465956414,0.0958645476331989,0.095864742265903,0.0958688575591897,0.0958698683507316,0.0958638208574263,0.0958569465213646,0.0958535369589705,0.0958522596759101,0.0958520053504729,0.0958542120328355,0.0958455715627579,0.0958442152898578,0.0958424585260165,0.0958282330354752,0.0958307938345529,0.0958455735785022,0.0958525187345079,0.0958565379297489,0.0958529150437441,0.0958567048731209,0.0958610781500327,0.095861312652506,0.0958611054960956,0.0958618100184487,0.0958591916729975,0.0958544100595721,0.0958494084867647,0.0958522079829135,0.0958586069447283,0.0958634256604094,0.0958685111790046,0.0958726203617415,0.0958706030220057,0.0958712012537097,0.0958768115953162,0.0958776767924071,0.0958901166961017,0.095911405996605,0.0959349356736493,0.0959577780709416,0.0959779347897091,0.0959875175361935,0.0960051464279628,0.0960453351188979,0.0960555879238283,0.0960475232842258,0.0960507963912843,0.0960646500681503,0.0960777749326379,0.0960925187836246,0.0961125383583892,0.0961315839405051,0.0961478412422039,0.096164962025385,0.0961852695984518,0.0962039864742792,0.096213159537826,0.0962260358284537,0.0962481368694783,0.0962723617113741,0.0962937813721371,0.0963138203575127,0.0963380908822046,0.0963728565812346,0.0963906098366988,0.0963953927559003,0.0964017573427862,0.0964090384518608,0.0964242449066737,0.0964405308683201,0.0964552352462135,0.0964667781402997,0.0964814527743727,0.0965011139799626,0.0965224842946298,0.0965430337143342,0.0965630172093396,0.0965834203021643,0.0966081372722986,0.0966240497676839,0.0966383518142125,0.0966548498568903,0.0966722162783503,0.0966932519640755,0.0967131999085282,0.0967271347624781,0.0967376048824931,0.0967480120586721,0.0967593072516954,0.0967702118521384,0.0967801934911866,0.0967903100564139,0.096799968202351,0.0968103798482624,0.096821585958472,0.0968314191837666,0.0968468536429445,0.0968009118113902,0.0966302428595871
NaN,NaN,NaN,NaN,NaN,NaN,NaN,NaN,NaN,NaN,NaN,NaN,NaN,NaN,NaN,NaN,NaN,NaN,NaN,NaN,NaN,NaN,NaN,NaN,NaN,NaN,NaN,NaN,NaN,NaN,NaN,NaN,NaN,NaN,NaN,NaN,NaN,NaN,NaN,NaN,NaN,NaN,NaN,NaN,NaN,NaN,NaN,NaN,NaN,NaN,NaN,NaN,NaN,NaN,NaN,NaN,NaN,NaN,NaN,NaN,NaN,NaN,NaN,NaN,NaN,NaN,NaN,NaN,NaN,NaN,NaN,NaN,NaN,NaN,NaN,NaN,NaN,NaN,NaN,NaN,NaN,NaN,NaN,NaN,NaN,NaN,NaN,NaN,NaN,NaN,NaN,0.0959604307643768,0.0959571517469128,0.0959537251038947,0.0959566207916947,0.0959569340499757,0.0959553327488062,0.0959551258340933,0.095954995595692,0.0959546442347744,0.0959549706238646,NaN,NaN,NaN,NaN,0.0959741197815572,0.0959761261305763,0.095982638481626,0.0959830017323455,0.0959780347401303,0.0959701833413766,0.0959632278439062,0.0959565662824551,0.0959483593688338,0.0959417614565597,0.0959362014984057,0.0959314236509798,0.0959295067232331,0.095923218131245,0.0959171995592371,0.0959128459090168,0.0959114924982157,0.0959051339825861,0.0958993151064477,0.0958949770095692,0.0958905825777526,0.0958884283522233,0.0958872660843572,0.0958878284958217,0.0958914933918019,0.095900794967778,0.0959175723973184,0.0959047891180763,0.0958992320742471,0.095893324698779,0.0958849292863016,0.095888738290931,0.0958866510371218,0.095880649382063,0.0958764923486748,0.0958687885180599,0.0958626452079377,0.0958566594632513,0.0958500016833246,0.0958509311675061,0.0958575271465189,0.0958638391961907,0.0958636524708437,0.0958674348323077,0.0958665323917785,0.095858525320394,0.0958510813967435,0.0958504025842605,0.0958500720553212,0.0958505879400295,0.0958528234384309,0.0958443901531655,0.0958490867026978,0.0958466583901462,0.0958304759831271,0.0958325095633864,0.095846143867401,0.095855414190696,0.0958619031919969,0.0958612664084083,0.0958612130369846,0.0958621111681211,0.095863318108653,0.0958657770882667,0.0958695827301968,0.0958646761503822,0.0958586179428951,0.0958575735664184,0.0958590279402478,0.0958632398539414,0.0958704179205851,0.0958790752886394,0.095886238315244,0.0958827715751464,0.0958740566060998,0.0958770194504127,0.0958843879434984,0.0958971519129555,0.0959156000128504,0.095936766791538,0.0959601454982545,0.0959795048774118,0.0959888197070451,0.0960063555885795,0.0960416779035396,0.0960638078000747,0.0960612307724568,0.0960626375951052,0.0960716131769811,0.0960853086480433,0.0961005112309875,0.0961202800386177,0.0961418795812733,0.0961584118122815,0.0961753779505138,0.0962003208656245,0.0962255408898892,0.0962347886778118,0.0962417924355576,0.0962613601986799,0.0962915211585619,0.096316581302069,0.0963353126041572,0.0963546528885589,0.0963864151871723,0.0964134561081281,0.0964200882597697,0.0964227833982163,0.0964257846071717,0.096439719594276,0.0964545734827006,0.0964669008377319,0.0964817449876763,0.0964992753769118,0.0965197846069285,0.0965408702244489,0.0965613690319028,0.096582280954775,0.0966049428982716,0.0966272133193222,0.0966460642447108,0.0966616388795828,0.0966775722123479,0.096692134386759,0.096709632489285,0.0967281613392504,0.0967437219092139,0.0967553182574129,0.0967656768147675,0.0967775354621015,0.096789474036813,0.0967988498486694,0.0968078671763628,0.0968170851417727,0.0968270038826969,0.096837807487966,0.0968477858610164,0.0968632044533445,0.0968167101387907,0.0966446190844412
NaN,NaN,NaN,NaN,NaN,NaN,NaN,NaN,NaN,NaN,NaN,NaN,NaN,NaN,NaN,NaN,NaN,NaN,NaN,NaN,NaN,NaN,NaN,NaN,NaN,NaN,NaN,NaN,NaN,NaN,NaN,NaN,NaN,NaN,NaN,NaN,NaN,NaN,NaN,NaN,NaN,NaN,NaN,NaN,NaN,NaN,NaN,NaN,NaN,NaN,NaN,NaN,NaN,NaN,NaN,NaN,NaN,NaN,NaN,NaN,NaN,NaN,NaN,NaN,NaN,NaN,NaN,NaN,NaN,NaN,NaN,NaN,NaN,NaN,NaN,NaN,NaN,NaN,NaN,NaN,NaN,NaN,NaN,NaN,NaN,NaN,NaN,NaN,NaN,NaN,NaN,NaN,NaN,NaN,0.095961422482702,0.0959615334323224,0.0959607889212237,0.0959597297094969,0.0959584704454334,0.0959566762392113,0.0959344320615514,NaN,NaN,NaN,NaN,0.0959722760750077,0.0959780399083049,0.0959818901961021,0.0959835049198651,0.0959769884044065,0.0959657571459943,0.0959565805939684,0.0959489160519735,0.0959438596334564,0.0959389313900664,0.0959342985409232,0.0959322857524314,0.0959261612853352,0.095912856414954,0.0959045609458685,0.0959026865340835,0.0959018439734482,0.0958968388518454,0.0958930491503331,0.0958906095430274,0.095887665636982,0.0958864287821786,0.095885556637409,0.0958855033098664,0.0958905432598075,0.0959018522464063,0.0959056187580765,0.0958973535261099,0.0958935151188349,0.0958783291471204,0.0958747322833053,0.0958798175669981,0.0958774809154934,0.0958753307230181,0.0958710594904369,0.0958599336531935,0.0958499686856421,0.0958435812724071,0.0958428209651782,0.0958473211817392,0.0958582197776625,0.0958643593364225,0.0958622620108998,0.0958647725584302,0.0958616591626457,0.095853662389194,0.0958486568977079,0.0958496199738025,0.0958496548852998,0.0958493951912726,0.0958501654907714,0.0958465509373388,0.095853169229218,0.0958523855490011,0.095838734030965,0.095835852258179,0.0958520193576492,0.0958659138206843,0.0958702956131066,0.095866560527819,0.0958643501589486,0.0958667066072435,0.0958723464045598,0.0958697722422922,0.0958732866230357,0.0958704319186311,0.0958658901765758,0.0958657592218126,0.0958656586737478,0.0958731480119184,0.0958816758864232,0.0958884171792494,0.0958943041608066,0.0958941222611861,0.0958846587896341,0.0958846113324356,0.0958925438877915,0.0959041757121489,0.0959223910358847,0.0959418566561935,0.0959632223872874,0.0959818844260129,0.0959947890847273,0.0960129678342446,0.0960427548981293,0.0960639229345065,0.0960681235406842,0.0960704204203858,0.0960785119548906,0.0960917854354638,0.0961079603932343,0.0961259718552021,0.0961471618705708,0.0961681826976556,0.0961831309501903,0.0962042898330196,0.0962367663992163,0.0962562011422267,0.096262186312644,0.0962685774048026,0.0963018972864778,0.0963365916718999,0.0963650069867333,0.0963829889977202,0.096403818529117,0.0964278637073547,0.0964379136374744,0.0964439634877692,0.0964445471004868,0.0964538929301918,0.0964702326879207,0.0964822561722479,0.0964981708817819,0.0965179048173847,0.0965394245047819,0.0965609202129578,0.0965795060205216,0.096600624042815,0.096623303814936,0.0966452795195888,0.0966659314354444,0.0966816373636746,0.096698037023277,0.0967141015429249,0.0967285698089595,0.0967447211047192,0.0967592886059027,0.0967714799492039,0.0967832848750746,0.0967952473295779,0.0968069434389893,0.0968173323814245,0.0968263316084971,0.0968352146705699,0.0968445505114634,0.0968544732310834,0.0968641098172265,0.096879293406573,0.0968330778362032,0.0966595434426069
NaN,NaN,NaN,NaN,NaN,NaN,NaN,NaN,NaN,NaN,NaN,NaN,NaN,NaN,NaN,NaN,NaN,NaN,NaN,NaN,NaN,NaN,NaN,NaN,NaN,NaN,NaN,NaN,NaN,NaN,NaN,NaN,NaN,NaN,NaN,NaN,NaN,NaN,NaN,NaN,NaN,NaN,NaN,NaN,NaN,NaN,NaN,NaN,NaN,NaN,NaN,NaN,NaN,NaN,NaN,NaN,NaN,NaN,NaN,NaN,NaN,NaN,NaN,NaN,NaN,NaN,NaN,NaN,NaN,NaN,NaN,NaN,NaN,NaN,NaN,NaN,NaN,NaN,NaN,NaN,NaN,NaN,NaN,NaN,NaN,NaN,NaN,NaN,NaN,NaN,NaN,NaN,NaN,NaN,NaN,NaN,NaN,0.0959458007744665,0.0959598583401194,NaN,NaN,NaN,NaN,NaN,NaN,NaN,0.0959798474494246,0.0959837717208504,0.0959844963218349,0.0959755395823799,0.0959571352052295,0.0959460286666453,0.0959359606593908,0.095935183642094,0.0959357398671631,0.0959333801228601,0.0959270137678157,0.095913793715161,0.0959009966227957,0.095894423156515,0.0958922820351838,0.0958905528210915,0.0958880642876521,0.0958857993332146,0.095886259122325,0.0958857963541721,0.0958855079650336,0.0958861736502026,0.095888497348622,0.0958951836546705,0.0959031511712704,0.0959016525550956,0.0959001355025453,0.0958863419411128,0.0958747746669454,0.0958756218291181,0.0958748419545174,0.0958711153917468,0.0958701940526936,0.0958658331718585,0.0958554608517897,0.0958473885744207,0.0958383534505029,0.0958328725363406,0.0958421405048061,0.0958595890626636,0.095863938633404,0.0958600875855935,0.095860255023137,0.0958549285797662,0.0958485891420257,0.0958488206833111,0.0958502750957077,0.0958497297716679,0.0958472830799651,0.0958458947079533,0.0958444535138186,0.0958484073462306,0.0958532858440909,0.0958409955296902,0.0958478865174058,0.0958672400268097,0.0958792878040027,0.0958798155392666,0.095877593842047,0.0958786753183335,0.0958757402428835,0.0958775045729997,0.0958782961982104,0.0958770843624347,0.0958695536620504,0.0958712800304335,0.0958749061238234,0.0958743317434338,0.0958840388253457,0.0958911286708992,0.0958942447146466,0.0958995873291983,0.0958987138023015,0.09589246171031,0.0958941354856717,0.0959049516712044,0.0959157102725452,0.0959330143540162,0.0959522128407035,0.0959700855410026,0.0959872285297979,0.0960029660437808,0.0960227855980289,0.0960497009568114,0.0960678148323515,0.0960742953889692,0.0960796439539035,0.0960878029062105,0.0961011900682268,0.0961175806031988,0.0961340741524604,0.0961545261076199,0.0961747985606664,0.0961905416062914,0.0962099961856354,0.0962378663454323,0.0962619472385695,0.0962761520674618,0.0962887620230174,0.09631504509148,0.0963507595870751,0.0963829234509287,0.0964154175566636,0.0964304708338635,0.0964464965151005,0.0964585795189368,0.0964654886045397,0.0964651695647854,0.0964650331737724,0.0964807231324122,0.0964972902236272,0.0965163901914147,0.0965380231724967,0.0965608486843338,0.0965823004701207,0.0965976741189985,0.0966189620555755,0.0966430663901309,0.0966621157531555,0.0966841342195455,0.0967025681737096,0.0967185124250978,0.0967338335047179,0.0967490351000297,0.0967625728905061,0.0967756387754453,0.0967884168846265,0.0967998297114275,0.0968120487309906,0.096823786218182,0.0968342546072545,0.0968439402308691,0.0968530823850006,0.0968623912161276,0.0968717068774394,0.0968806516118193,0.096894940656936,0.0968491522717996,0.0966741477024378
NaN,NaN,NaN,NaN,NaN,NaN,NaN,NaN,NaN,NaN,NaN,NaN,NaN,NaN,NaN,NaN,NaN,NaN,NaN,NaN,NaN,NaN,NaN,NaN,NaN,NaN,NaN,NaN,NaN,NaN,NaN,NaN,NaN,NaN,NaN,NaN,NaN,NaN,NaN,NaN,NaN,NaN,NaN,NaN,NaN,NaN,NaN,NaN,NaN,NaN,NaN,NaN,NaN,NaN,NaN,NaN,NaN,NaN,NaN,NaN,NaN,NaN,NaN,NaN,NaN,NaN,NaN,NaN,NaN,NaN,NaN,NaN,NaN,NaN,NaN,NaN,NaN,NaN,NaN,NaN,NaN,NaN,NaN,NaN,NaN,NaN,NaN,NaN,NaN,NaN,NaN,NaN,NaN,NaN,NaN,NaN,NaN,NaN,NaN,NaN,NaN,NaN,NaN,NaN,NaN,NaN,NaN,NaN,NaN,NaN,0.0958891172008835,0.0959305621784976,0.0959224283760374,0.095923224020498,0.0959320538902008,0.0959323734982443,0.0959156422755989,0.0958961171748327,0.0958856073170124,0.0958822622799707,0.0958800261976019,0.0958790671058429,0.0958788549733905,0.0958790190735733,0.0958811651496243,0.0958823628673984,0.0958840383241297,0.0958854525791298,0.0958930689841297,0.095905630198578,0.0959097368899825,0.0959156058790346,0.0959195340006166,0.0958968553712449,0.0958825968265851,0.0958760607434942,0.0958768278467088,0.0958763933506751,0.0958739464834781,0.0958629718207201,0.0958510863825657,0.0958366763282372,0.0958216987082414,0.0958227676927105,0.0958422203555038,0.095858345583209,0.0958597995749073,0.0958567939653582,0.0958544429722415,0.0958474992651311,0.0958447957369796,0.0958465973962152,0.095847390562504,0.0958459789435597,0.0958468500526278,0.0958457776768087,0.0958444770899339,0.0958487723478283,0.0958635623781273,0.0958643823197504,0.0958720095117135,0.0958851667379525,0.0958952569938718,0.0958983678737208,0.0958937348863968,0.0958826862528237,0.0958701835471712,0.0958679890051611,0.0958755842356478,0.0958791735827775,0.0958747725401339,0.0958765787972781,0.0958771311766286,0.0958799787332019,0.0958899829178588,0.0958968957531181,0.0958990836098745,0.0959007165058234,0.0959016689552436,0.0959002818866226,0.0959033563246316,0.0959139326238402,0.0959273517085998,0.095943878785677,0.0959637654896971,0.0959810820925256,0.0959960144165498,0.0960118542662272,0.0960327435520653,0.0960572279702405,0.0960751429329574,0.0960844504970378,0.0960910367724788,0.0961002363872229,0.096113274887958,0.0961303447028209,0.0961474442096097,0.0961679654244884,0.0961875366924396,0.0962028520024546,0.0962199511756118,0.0962428111488672,0.0962637141154411,0.0962792253561132,0.0962957818819292,0.0963249276241859,0.0963710716199051,0.0963973132976969,0.0964330563294185,0.0964592276183536,0.0964710689647841,0.0964820047459239,0.0964861924423094,0.0964850513685707,0.0964856154211322,0.0964962538701622,0.0965070378139908,0.0965322788257951,0.0965592424651894,0.0965821618897575,0.0966062897842341,0.0966190383388209,0.0966353138718303,0.0966635370928028,0.0966833800207786,0.096698814276519,0.0967205934020782,0.09673905191919,0.0967538636693745,0.0967675650510592,0.0967806684816097,0.0967926082567097,0.0968057005703123,0.0968176792538505,0.0968287723148191,0.0968403290985782,0.0968508578957147,0.0968605893458441,0.0968699838421421,0.0968792691377935,0.0968889062895104,0.0968971437021285,0.0969104752390493,0.0968646988433318,0.0966882058869981
NaN,NaN,NaN,NaN,NaN,NaN,NaN,NaN,NaN,NaN,NaN,NaN,NaN,NaN,NaN,NaN,NaN,NaN,NaN,NaN,NaN,NaN,NaN,NaN,NaN,NaN,NaN,NaN,NaN,NaN,NaN,NaN,NaN,NaN,NaN,NaN,NaN,NaN,NaN,NaN,NaN,NaN,NaN,NaN,NaN,NaN,NaN,NaN,NaN,NaN,NaN,NaN,NaN,NaN,NaN,NaN,NaN,NaN,NaN,NaN,NaN,NaN,NaN,NaN,NaN,NaN,NaN,NaN,NaN,NaN,NaN,NaN,NaN,NaN,NaN,NaN,NaN,NaN,NaN,NaN,NaN,NaN,NaN,NaN,NaN,NaN,NaN,NaN,NaN,NaN,NaN,NaN,NaN,NaN,NaN,NaN,NaN,NaN,NaN,NaN,NaN,NaN,NaN,NaN,NaN,NaN,NaN,NaN,NaN,NaN,NaN,0.095814460717362,0.0958935708524471,0.0959144984691523,0.0959323746777962,0.0959234303473801,0.095884093585664,0.0958714943893825,0.0958675868661665,0.0958675805929415,0.0958691835366316,0.0958699356239095,0.0958711039218993,0.0958749512600595,0.0958767712299157,0.0958784373739338,0.0958797905492719,0.0958842242728088,0.0958947916492049,0.0959097174041158,0.095919945654695,0.0959422528365333,0.0959251980891487,0.0958971274737161,0.0958916808154641,0.095896310454215,0.095906400516904,0.0958878121196517,0.0958638162481404,0.0958474060266732,0.0958307274601406,0.0958122302834451,0.0958081677214534,0.0958225737738741,0.0958417220236446,0.0958514714209607,0.0958523415839609,0.0958504982479956,0.0958462069000012,0.0958418666281395,0.0958422850398163,0.0958440660939413,0.0958433042102493,0.095845300581656,0.0958503359938937,0.0958541272566487,0.095857380743569,0.0958641388504597,0.0958852989049377,0.0958905626733906,0.0958878246183372,0.0958937071839187,0.0959048094326054,0.0959075306201379,0.0958926261123839,0.095867037077719,0.0958519467620279,0.095859031632064,0.0958811248137848,0.0958793257429339,0.0958761991096894,0.0958784387309443,0.0958799110841122,0.095885660936604,0.0958935707882984,0.0958990906960874,0.0959020667021159,0.0959033275907867,0.0959051584259848,0.095907972260279,0.0959137528803676,0.095922995331827,0.0959362239849099,0.09595424126496,0.0959733658671344,0.0959915803921565,0.0960077643196007,0.0960240190831391,0.0960437719367402,0.0960645770982479,0.096081164046275,0.0960928130454565,0.0961027980061853,0.0961142380547199,0.096127914529458,0.0961440289482652,0.0961599191496133,0.0961790627315567,0.0961994636063971,0.0962180604651068,0.0962359694780823,0.0962550380799961,0.0962720524503402,0.0962856201044048,0.0963041482664428,0.0963355610976212,0.0963797686813841,0.0964191044882229,0.0964495679506046,0.0964775471154039,0.0964962244382966,0.0965035323544519,0.096509706785402,0.0965090284314872,0.0965015781088022,0.0965074526524709,0.0965266007990979,0.0965504415911855,0.0965781235181699,0.096604822839727,0.0966266466318435,0.0966418437247851,0.0966542453199833,0.0966753731486572,0.0967034368448926,0.0967203775979708,0.0967337833099799,0.0967547717688778,0.0967757143953885,0.0967871180519522,0.0967982315257894,0.0968112731315853,0.0968228482988052,0.0968350885613006,0.0968462214797633,0.0968569455082463,0.0968672642464136,0.0968771761815977,0.0968866514882539,0.0968959892538797,0.0969056294260721,0.0969133490531278,0.0969255810846072,0.0968797653671659,0.0967017704398746
NaN,NaN,NaN,NaN,NaN,NaN,NaN,NaN,NaN,NaN,NaN,NaN,NaN,NaN,NaN,NaN,NaN,NaN,NaN,NaN,NaN,NaN,NaN,NaN,NaN,NaN,NaN,NaN,NaN,NaN,NaN,NaN,NaN,NaN,NaN,NaN,NaN,NaN,NaN,NaN,NaN,NaN,NaN,NaN,NaN,NaN,NaN,NaN,NaN,NaN,NaN,NaN,NaN,NaN,NaN,NaN,NaN,NaN,NaN,NaN,NaN,NaN,NaN,NaN,NaN,NaN,NaN,NaN,NaN,NaN,NaN,NaN,NaN,NaN,NaN,NaN,NaN,NaN,NaN,NaN,NaN,NaN,NaN,NaN,NaN,NaN,NaN,NaN,NaN,NaN,NaN,NaN,NaN,NaN,NaN,NaN,NaN,NaN,NaN,NaN,NaN,NaN,NaN,NaN,NaN,NaN,NaN,NaN,NaN,NaN,0.0957108742659066,0.0958588740960981,0.0958688249498864,0.0958972124642036,0.0958432365144123,NaN,0.0958213847172857,0.0958529394005147,0.0958544654699039,0.0958573440519691,0.09586197706818,0.0958641650243,0.0958659512928601,0.0958718992428812,0.0958736492900533,0.0958743021358804,0.0958758159651155,0.0958817420820939,0.0958930638248118,0.0959102161763028,0.0959373517702667,0.0959396426826308,0.0958948167598529,0.0958878603567095,0.0958947788269377,0.0959196334154706,0.0958955170789642,0.0958478446929326,0.0958304707334455,0.0958176049973724,0.0958033067308329,0.0957977673214154,0.0958066347504312,0.0958223350553769,0.0958368246674489,0.095843347921769,0.0958438163907106,0.0958430488702199,0.095841998325244,0.0958412380543853,0.0958420718684106,0.0958418308718055,0.0958431801489397,0.0958496288584271,0.0958584704842047,0.0958657876701003,0.0958694213776149,0.0958807258680759,0.0958989537400326,0.0959003546885507,0.0958969878446804,0.0959045756633004,0.0959086697895942,0.0958978573193522,0.0958751858719854,0.0958582457846731,0.0958562560018676,0.0958664729156508,0.0958807336634727,0.0958818393857475,0.0958827326728128,0.0958845437222334,0.0958826427455322,0.0958887521366168,0.0958961941452629,0.0959005056330161,0.095904233772658,0.0959062972521363,0.0959090967978026,0.095913567268344,0.0959210725044696,0.0959308666508251,0.0959430952865654,0.0959597901527417,0.0959796835036207,0.0959988381689242,0.0960171015138585,0.0960360444003783,0.0960553071714376,0.0960715998284152,0.0960859578487582,0.0960986648904767,0.0961115107289187,0.0961257759696668,0.096141857762139,0.0961595395803849,0.0961741109854989,0.0961913131993132,0.096209788150379,0.0962304416300179,0.096251261565144,0.0962700452957859,0.0962823834311306,0.0962936803711396,0.0963139006097807,0.0963476185816907,0.0963902081145258,0.0964317586153938,0.0964655699402618,0.0964923993929496,0.0965154874299723,0.0965256486443849,0.0965291023140259,0.0965291091543403,0.096521574111897,0.0965225725300854,0.0965418679259333,0.0965703979366123,0.0965967396005524,0.0966223996871792,0.0966475117924023,0.0966640320366223,0.0966746100950813,0.0966905327127864,0.0967122872018805,0.0967384279546387,0.0967515447568902,0.0967674118449563,0.0967915476158285,0.0968082334212456,0.0968183270899356,0.0968303496303106,0.0968412506136304,0.0968520553642157,0.0968635283220847,0.0968741765488568,0.0968840237819536,0.0968939262388065,0.0969034206838647,0.0969127711182045,0.0969220677456076,0.0969293270147146,0.0969407847000053,0.0968950860555978,0.0967155595140997
NaN,NaN,NaN,NaN,NaN,NaN,NaN,NaN,NaN,NaN,NaN,NaN,NaN,NaN,NaN,NaN,NaN,NaN,NaN,NaN,NaN,NaN,NaN,NaN,NaN,NaN,NaN,NaN,NaN,NaN,NaN,NaN,NaN,NaN,NaN,NaN,NaN,NaN,NaN,NaN,NaN,NaN,NaN,NaN,NaN,NaN,NaN,NaN,NaN,NaN,NaN,NaN,NaN,NaN,NaN,NaN,NaN,NaN,NaN,NaN,NaN,NaN,NaN,NaN,NaN,NaN,NaN,NaN,NaN,NaN,NaN,NaN,NaN,NaN,NaN,NaN,NaN,NaN,NaN,NaN,NaN,NaN,NaN,NaN,NaN,NaN,NaN,NaN,NaN,NaN,NaN,NaN,NaN,NaN,NaN,NaN,NaN,NaN,NaN,NaN,NaN,NaN,NaN,NaN,NaN,NaN,NaN,NaN,NaN,0.0952922974057244,0.0958457224854497,0.0958493580954141,0.0958594083559369,0.0958715439792168,NaN,NaN,0.0956805280002543,0.0958483975666045,0.0958511765091946,0.0958543523606819,0.0958579898390287,0.0958612207466098,0.0958646876959969,0.0958696487502244,0.0958731267075916,0.0958749157449806,0.0958762287436044,0.0958826627143979,0.095893948499279,0.0959152790405889,0.0959407149095371,0.0959149143135734,0.0958750236212689,0.0958730343162025,0.0958859214941404,0.0958703877759415,0.0958142591079625,0.0957959748292587,0.0957965247634526,0.0957937808259112,0.095792373384687,0.0957988063038887,0.0958078247495621,0.0958200909225118,0.0958314355158396,0.0958355782619873,0.0958356092977175,0.0958384459007154,0.0958408035317822,0.0958411454386784,0.095841270191197,0.0958443495133974,0.0958505494254145,0.0958569608889387,0.0958662840193586,0.0958741208301823,0.0958797981637141,0.0958902378424946,0.0959005282044544,0.0958997217042193,0.0959010296896576,0.0959053871692229,0.0959010785588245,0.0958868877224904,0.0958705564423743,0.0958662359758076,0.095871001185761,0.0958809002692098,0.0958873547281152,0.0958881022353337,0.0958893171278701,0.0958920590444723,0.095888154708892,0.0958911526017258,0.0958983781515651,0.0959043920381881,0.0959088408505429,0.0959110852595928,0.0959139290135185,0.095918668282914,0.0959262489553568,0.095936459896563,0.0959481082394781,0.0959624562721364,0.0959809207395834,0.0960016526185251,0.0960232267492268,0.0960440398847125,0.0960636878230578,0.0960806640740383,0.0960931737553153,0.0961070044743955,0.0961212195972909,0.0961376156130893,0.0961551901342187,0.0961745998214736,0.0961905477406314,0.0962058997191411,0.0962222779066787,0.0962418728258433,0.0962640814177564,0.0962844302676639,0.0962973198554208,0.0963046504838648,0.0963235995803425,0.0963588083544655,0.096398917100819,0.0964385131829429,0.0964750871596994,0.0965082789379429,0.0965330224446824,0.0965467768438553,0.0965497887321899,0.096544488682526,0.0965392260559344,0.0965451303383921,0.0965633748613105,0.096589637552298,0.0966176151020612,0.0966402095803444,0.0966632509765678,0.0966877945775909,0.0966940015432575,0.0967052123761584,0.0967253580141848,0.0967493742449292,0.0967686364362043,0.0967846606483453,0.096805086776352,0.0968240447645843,0.0968367765208541,0.0968488807356244,0.0968602551745195,0.0968702201458261,0.0968803496707677,0.0968913594975145,0.0969013724740749,0.0969110260938729,0.0969204598621075,0.0969298325017386,0.0969383957271983,0.0969447946037625,0.0969561707785105,0.0969110611496749,0.0967299813631929
NaN,NaN,NaN,NaN,NaN,NaN,NaN,NaN,NaN,NaN,NaN,NaN,NaN,NaN,NaN,NaN,NaN,NaN,NaN,NaN,NaN,NaN,NaN,NaN,NaN,NaN,NaN,NaN,NaN,NaN,NaN,NaN,NaN,NaN,NaN,NaN,NaN,NaN,NaN,NaN,NaN,NaN,NaN,NaN,NaN,NaN,NaN,NaN,NaN,NaN,NaN,NaN,NaN,NaN,NaN,NaN,NaN,NaN,NaN,NaN,NaN,NaN,NaN,NaN,NaN,NaN,NaN,NaN,NaN,NaN,NaN,NaN,NaN,NaN,NaN,NaN,NaN,NaN,NaN,NaN,NaN,NaN,NaN,NaN,NaN,NaN,NaN,NaN,NaN,NaN,NaN,NaN,NaN,NaN,NaN,NaN,NaN,NaN,NaN,NaN,NaN,NaN,NaN,NaN,NaN,NaN,NaN,NaN,NaN,0.0954082435762576,0.0958475567512011,0.095851210781865,0.0958605317911536,0.0958752277410423,NaN,NaN,0.0912986304843489,0.0958381879563091,0.0958529524257887,0.0958557446746703,0.0958591722284186,0.0958626544865151,0.0958650124864773,0.0958680526318653,0.09587335334788,0.0958767019666932,0.0958788927186254,0.095884058335221,0.0958927941469955,0.0959136972003746,0.0959330428806418,0.0958894861499962,0.0958493573252334,0.0958423092560056,0.0958363587734867,0.095798716276884,0.0957775817955004,0.0957796075564421,0.0957855165099752,0.0957893994245408,0.0957936065350998,0.0957971581167571,0.0958047262102981,0.0958161977180371,0.0958244623177764,0.0958287775079022,0.0958306600630863,0.0958358112301279,0.095838870717183,0.0958404683920076,0.0958432991512881,0.095851134891368,0.095857513207018,0.0958653175057986,0.0958738387642359,0.0958800358324658,0.0958847239657312,0.0958902322669913,0.0958960498259186,0.0958983485126612,0.0959020925766836,0.0959022859377998,0.0958941463657339,0.0958827654616587,0.095875997490154,0.0958762631109653,0.0958838185058455,0.0958937836832612,0.0958966081275235,0.0958986681244912,0.0959014971255404,0.0958996304241003,0.0958962631147251,0.0958993353152931,0.0959051525678308,0.0959105295288733,0.0959143780456734,0.0959179145700763,0.0959210363609347,0.09592551491759,0.0959325987848382,0.0959406628723657,0.0959509374531148,0.0959634759745372,0.0959804970791856,0.0960021843010714,0.0960251100514283,0.0960479447268912,0.0960692462483674,0.0960886224106265,0.0961000638061183,0.096116795072162,0.0961334599241912,0.0961513373967967,0.0961705087384474,0.0961899339366461,0.0962082081308713,0.0962231179923134,0.0962372620120614,0.0962547015351673,0.0962769969149525,0.0962952199064204,0.0963102738213561,0.0963225120595094,0.0963418116970985,0.0963718867111399,0.0964090605505589,0.0964447331942512,0.0964770262996885,0.0965155329986333,0.0965496667926104,0.0965656553493039,0.0965708692163866,0.0965630632090533,0.0965581082694218,0.096562184575372,0.0965848829393221,0.0966119580702935,0.0966395436907958,0.0966628323002755,0.0966793068118353,0.0967083888119978,0.096719473837626,0.0967234583832411,0.096736925389493,0.0967592516273932,0.0967815934230097,0.0968016913957224,0.0968209293955778,0.0968384576382189,0.0968514043695659,0.096863975172068,0.0968771481105235,0.0968881624140956,0.0968972425897372,0.0969078746273071,0.0969184979513741,0.0969281306484934,0.0969377726345507,0.096946906338477,0.0969549852499044,0.0969606251299422,0.0969711707839327,0.0969265718031883,0.0967439088929725
NaN,NaN,NaN,NaN,NaN,NaN,NaN,NaN,NaN,NaN,NaN,NaN,NaN,NaN,NaN,NaN,NaN,NaN,NaN,NaN,NaN,NaN,NaN,NaN,NaN,NaN,NaN,NaN,NaN,NaN,NaN,NaN,NaN,NaN,NaN,NaN,NaN,NaN,NaN,NaN,NaN,NaN,NaN,NaN,NaN,NaN,NaN,NaN,NaN,NaN,NaN,NaN,NaN,NaN,NaN,NaN,NaN,NaN,NaN,NaN,NaN,NaN,NaN,NaN,NaN,NaN,NaN,NaN,NaN,NaN,NaN,NaN,NaN,NaN,NaN,NaN,NaN,NaN,NaN,NaN,NaN,NaN,NaN,NaN,NaN,NaN,NaN,NaN,NaN,NaN,NaN,NaN,NaN,NaN,NaN,NaN,NaN,NaN,NaN,NaN,NaN,NaN,NaN,NaN,NaN,NaN,NaN,NaN,NaN,0.0956214541550089,0.0958489957647569,0.0958549246643127,0.0958606177299354,NaN,NaN,NaN,0.075074669127225,0.0926083062141783,0.0958534592158176,0.0958605067766117,0.0958632639284697,0.0958656781510242,0.0958682064958027,0.0958698376385441,0.0958737797131914,0.0958774706049406,0.095881104218086,0.0958858339121711,0.0958924863562159,0.0959087086424428,0.0959144919129232,0.0958542561311217,0.095823769237781,0.095807980870657,0.0957857013752884,0.0957733290592161,0.0957735913360022,0.095778895253635,0.0957850339418219,0.0957885520425736,0.0957920704067327,0.0957949669378891,0.0958022495413516,0.0958120939022403,0.0958187736233855,0.0958230732356591,0.0958276428798406,0.0958328692927157,0.0958374843744823,0.095838625584403,0.0958446879459948,0.0958543242500692,0.0958621628997159,0.0958702040154542,0.0958782208632036,0.0958842687200243,0.0958892906485501,0.0958929739377826,0.0958971231827137,0.0958997891994075,0.0959012212109258,0.0959007025888769,0.0958936332304765,0.0958855702119989,0.0958843855004705,0.0958893628393259,0.0958975225161933,0.0959038077611266,0.0959070717995694,0.095909191795257,0.095909848720568,0.0959101975231855,0.0959106472032414,0.0959134585770454,0.095917053866023,0.095919586926577,0.095922588138675,0.0959264285692034,0.0959304034620619,0.0959342990190739,0.0959413887341188,0.0959481172641657,0.0959583339024686,0.0959680345667868,0.0959818495177738,0.0960035619793346,0.0960275667895566,0.096051319507557,0.0960724453556245,0.0960949457452464,0.0961094458739595,0.096124854775758,0.0961430781873685,0.0961620211587065,0.0961817596717892,0.0962031546819157,0.0962251771460264,0.0962448378090671,0.0962588913386847,0.0962690346365284,0.0962887117096968,0.09630954940083,0.096325833280787,0.0963396576851144,0.0963605132409469,0.0963920282357937,0.0964244306347435,0.0964570844710463,0.0964824508595937,0.0965170186469091,0.0965568385650725,0.0965815094726794,0.096590097859397,0.0965826214058188,0.0965815680963295,0.0965848346975899,0.0966002176919493,0.096626042128753,0.0966533189133466,0.0966834026161389,0.0967020441879479,0.0967291066651001,0.096746190783783,0.0967474724455279,0.0967540004618367,0.0967694138721703,0.0967915347590861,0.0968162551082516,0.0968369890355386,0.0968552898613193,0.0968674373923311,0.0968786714140394,0.096891909383952,0.096904173473569,0.0969142406227932,0.0969248588953248,0.0969355317459006,0.0969453500462372,0.0969548268175894,0.0969639838851064,0.0969721969720171,0.0969775166257124,0.0969866231744057,0.0969413673117163,0.0967570991030178
NaN,NaN,NaN,NaN,NaN,NaN,NaN,NaN,NaN,NaN,NaN,NaN,NaN,NaN,NaN,NaN,NaN,NaN,NaN,NaN,NaN,NaN,NaN,NaN,NaN,NaN,NaN,NaN,NaN,NaN,NaN,NaN,NaN,NaN,NaN,NaN,NaN,NaN,NaN,NaN,NaN,NaN,NaN,NaN,NaN,NaN,NaN,NaN,NaN,NaN,NaN,NaN,NaN,NaN,NaN,NaN,NaN,NaN,NaN,NaN,NaN,NaN,NaN,NaN,NaN,NaN,NaN,NaN,NaN,NaN,NaN,NaN,NaN,NaN,NaN,NaN,NaN,NaN,NaN,NaN,NaN,NaN,NaN,NaN,NaN,NaN,NaN,NaN,NaN,NaN,NaN,NaN,NaN,NaN,NaN,NaN,NaN,NaN,NaN,NaN,NaN,NaN,NaN,NaN,NaN,NaN,NaN,NaN,NaN,0.0958542810802286,0.0958531996807161,0.0958549690968256,0.0941256297096287,NaN,NaN,NaN,NaN,0.075234163851225,0.0927073513118421,0.0958627558636921,0.095868302492602,0.0958709302869365,0.0958727954286231,0.0958742223374406,0.0958749027626999,0.0958769055564665,0.0958808584672152,0.0958866310057899,0.0958918416360635,0.0958974621421422,0.0958773846547752,0.0958403367155518,0.0958046946072038,0.0957716056514678,0.0957635574505654,0.0957700745113647,0.0957692137192567,0.0957733622447932,0.0957791082485294,0.0957829564445874,0.0957863222321596,0.0957915564796345,0.0957991529273327,0.0958072455443654,0.0958136278755087,0.0958183758099208,0.0958238354523632,0.0958291668782333,0.0958346564829047,0.0958398755902116,0.0958459943654489,0.095855827785819,0.095864547546069,0.0958731340786722,0.0958808493050528,0.0958889300784019,0.0958943757337733,0.0958985773558244,0.0959004779389526,0.0959015480080976,0.0959023185459485,0.0959027816642031,0.0958989109293262,0.0958928961124036,0.0958940156187453,0.0959024903309991,0.0959094618554361,0.0959127692636687,0.0959169278146505,0.0959205859266704,0.095922954719428,0.0959256150133739,0.0959268380564528,0.0959276774936405,0.0959281836925632,0.0959303944341916,0.0959333624319374,0.0959374593463463,0.0959414452603008,0.0959462981684298,0.0959516621245752,0.095957414772488,0.0959659142924006,0.0959751511049786,0.0959861121282964,0.0960056818868125,0.0960285536254448,0.0960532791923988,0.0960769854335755,0.0960977285988743,0.0961154339353746,0.0961321268262032,0.0961502753542089,0.0961702197614267,0.0961887930972918,0.0962086989821355,0.0962329743618357,0.096262871402592,0.0962895124278949,0.0962925778986784,0.0963019944902359,0.0963221189925533,0.0963457768236354,0.0963660258578722,0.0963780235273297,0.0964094817434777,0.0964450260219011,0.0964770322810996,0.0964994799797471,0.09652479994396,0.0965589987542347,0.0965856008277428,0.0966049063933205,0.0966051230999545,0.0966019642030219,0.0966080920119739,0.0966229889764241,0.0966445336793278,0.0966654967007285,0.096692932789564,0.0967254138843891,0.0967559626050729,0.0967718565523284,0.0967713442756687,0.0967734749679839,0.0967853769694685,0.0968030349330874,0.0968285806470919,0.0968518854130788,0.0968708879565439,0.0968840249414089,0.0968946896803194,0.0969067109022908,0.0969193148343904,0.0969311793063119,0.0969424106576148,0.0969527964414928,0.0969623414366214,0.0969721216617582,0.0969814145412704,0.0969894692199219,0.0969942397605241,0.0970022324460258,0.0969559068184958,0.0967700068473633
NaN,NaN,NaN,NaN,NaN,NaN,NaN,NaN,NaN,NaN,NaN,NaN,NaN,NaN,NaN,NaN,NaN,NaN,NaN,NaN,NaN,NaN,NaN,NaN,NaN,NaN,NaN,NaN,NaN,NaN,NaN,NaN,NaN,NaN,NaN,NaN,NaN,NaN,NaN,NaN,NaN,NaN,NaN,NaN,NaN,NaN,NaN,NaN,NaN,NaN,NaN,NaN,NaN,NaN,NaN,NaN,NaN,NaN,NaN,NaN,NaN,NaN,NaN,NaN,NaN,NaN,NaN,NaN,NaN,NaN,NaN,NaN,NaN,NaN,NaN,NaN,NaN,NaN,NaN,NaN,NaN,NaN,NaN,NaN,NaN,NaN,NaN,NaN,NaN,NaN,NaN,NaN,NaN,NaN,NaN,NaN,NaN,NaN,NaN,NaN,NaN,NaN,NaN,NaN,NaN,NaN,NaN,NaN,NaN,NaN,0.0958552561790009,0.0939329262187669,0.0778598415522314,0.0643303889025282,NaN,NaN,NaN,NaN,0.0764256192183295,0.093426131365625,0.0958717380990168,0.0958755926561787,0.0958775987848026,0.0958778809640732,0.0958785309310625,0.0958804053876354,0.095882149640121,0.095885768126812,0.0958869095501849,0.0958789781368554,0.0958524342830418,0.0958030483576473,0.0957651819740866,0.0957534175557483,0.0957575112266354,0.0957614419079781,0.095763352941728,0.0957668814160166,0.0957699744128496,0.095776833869882,0.0957849265577113,0.0957929388677038,0.0957994672360891,0.0958030234224693,0.095808965294701,0.0958155632332001,0.0958207261250489,0.0958272625918282,0.0958344055867178,0.0958406317489284,0.0958472724812769,0.0958553688335552,0.0958654243379338,0.0958756057783349,0.0958848195515258,0.0958931889942225,0.0958997660342288,0.0959026452670468,0.0959039651372976,0.0959047885431425,0.0959056293927934,0.0959071657591616,0.0959057408764993,0.0959019774303031,0.0959046872814674,0.0959125952648099,0.0959185703001464,0.0959226105853521,0.0959311983786388,0.0959380096889419,0.095938826691332,0.0959384073880086,0.0959376776049336,0.0959371095091911,0.0959390149124445,0.0959433409116123,0.0959463991892035,0.0959494839906876,0.0959535468737797,0.0959593322229272,0.0959641804202025,0.0959681857104095,0.0959736392403772,0.0959813973731334,0.0959909474771397,0.0960075519642897,0.0960305619291453,0.0960550527422085,0.0960794307231421,0.0961021867794091,0.09612226537434,0.0961406150405473,0.0961596620636871,0.0961769015323573,0.0961959519207861,0.0962131203556162,0.0962338336734997,0.0962623271982981,0.0963020533183106,0.0963178446454202,0.0963247189134361,0.0963424538716233,0.0963666422962727,0.0963885312057274,0.0964045020218241,0.0964298906994059,0.0964617086589566,0.09650202042362,0.0965248244333085,0.0965398504937904,0.0965710628257669,0.0965949558009785,0.0966112888570585,0.0966283313848333,0.096626901966227,0.0966294428924407,0.0966427291510996,0.0966643367465044,0.0966863945787025,0.096706543175408,0.096738125957069,0.0967760617952533,0.0967968773412365,0.0967954499088571,0.0967941832750312,0.0968044500612205,0.0968187526071547,0.0968420518775067,0.0968660314077117,0.0968848243910514,0.0969000791386993,0.0969112831684485,0.0969224664944359,0.0969355093051561,0.0969486142879927,0.0969604736483756,0.096970201264693,0.0969797282112508,0.0969897695959601,0.0969991038036339,0.0970064394266652,0.0970104852736251,0.097017379675544,0.0969703441379562,0.0967827746638342
NaN,NaN,NaN,NaN,NaN,NaN,NaN,NaN,NaN,NaN,NaN,NaN,NaN,NaN,NaN,NaN,NaN,NaN,NaN,NaN,NaN,NaN,NaN,NaN,NaN,NaN,NaN,NaN,NaN,NaN,NaN,NaN,NaN,NaN,NaN,NaN,NaN,NaN,NaN,NaN,NaN,NaN,NaN,NaN,NaN,NaN,NaN,NaN,NaN,NaN,NaN,NaN,NaN,NaN,NaN,NaN,NaN,NaN,NaN,NaN,NaN,NaN,NaN,NaN,NaN,NaN,NaN,NaN,NaN,NaN,NaN,NaN,NaN,NaN,NaN,NaN,NaN,NaN,NaN,NaN,NaN,NaN,NaN,NaN,NaN,NaN,NaN,NaN,NaN,NaN,NaN,NaN,NaN,NaN,NaN,NaN,NaN,NaN,NaN,NaN,NaN,NaN,NaN,NaN,NaN,NaN,NaN,NaN,NaN,NaN,NaN,NaN,0.0643437072679655,0.0645178173608362,NaN,NaN,NaN,NaN,NaN,NaN,0.0934321047229936,0.0956896461757196,0.0958719571187472,0.0958797604809159,0.0958819566598375,0.0958839232566196,0.0958842056076424,0.0958854939451953,0.0957469538312659,0.0934089155679107,0.0942122848940474,0.0956761643429312,0.0957492290309232,0.095746746417039,0.0957510020615123,0.0957545177237032,0.0957582922595644,0.0957604735249804,0.0957641616121075,0.0957703660650764,0.0957799850552998,0.0957886256926302,0.0957945691373668,0.0957974768960348,0.0958036872487155,0.0958116792664979,0.0958189007797067,0.0958267579386085,0.0958352505982815,0.0958410719558012,0.0958483926818115,0.0958562134778656,0.0958666648725856,0.0958777766237147,0.0958872817922117,0.0958965584059317,0.0959037903787637,0.0959072337982881,0.0959088903346934,0.0959092454292542,0.0959094636395523,0.0959132672535184,0.0959155894516981,0.0959131504130243,0.095912691318527,0.0959186679917968,0.0959275766323786,0.0959359507085357,0.0959447320278164,0.0959490160413497,0.0959492100826311,0.0959484131971673,0.0959504127040294,0.095953963412582,0.0959584359142604,0.0959601080923532,0.0959607550065466,0.095965071299045,0.0959691725788973,0.0959719005829314,0.0959753676963563,0.0959783620147708,0.0959821324335253,0.095987554381274,0.0959936673935722,0.0960057476530118,0.0960269213113749,0.0960531292902265,0.0960796419829199,0.0961032196556226,0.0961242769839023,0.0961461562040984,0.0961681538808523,0.0961862461182081,0.0962042703226863,0.0962229385379261,0.0962408544836599,0.0962643066941249,0.0962939622300185,0.0963182026007817,0.0963320969473735,0.0963555255535961,0.0963948229752681,0.0964113981068696,0.0964285421549015,0.0964570408843467,0.0964816742627584,0.096518174823824,0.0965520853589677,0.0965693049982369,0.0965917765453042,0.0966133993051957,0.0966210807754566,0.0966359151418936,0.0966505782435794,0.0966559402474719,0.0966635182466865,0.0966814263277462,0.0967056380012327,0.0967337441082025,0.0967583902620385,0.096789879778245,0.0968136170206202,0.0968203647061818,0.0968187674138705,0.0968257336353521,0.096837169255979,0.096857313415118,0.0968811081295438,0.0968997264667719,0.0969148599967839,0.0969276445029024,0.0969386991119645,0.0969519694521819,0.0969658938404128,0.0969779881860363,0.0969879025335287,0.0969975969250112,0.0970077935249617,0.0970170814647068,0.0970237061574601,0.0970269867991312,0.0970329746029439,0.0969858160349029,0.0967965539767673
NaN,NaN,NaN,NaN,NaN,NaN,NaN,NaN,NaN,NaN,NaN,NaN,NaN,NaN,NaN,NaN,NaN,NaN,NaN,NaN,NaN,NaN,NaN,NaN,NaN,NaN,NaN,NaN,NaN,NaN,NaN,NaN,NaN,NaN,NaN,NaN,NaN,NaN,NaN,NaN,NaN,NaN,NaN,NaN,NaN,NaN,NaN,NaN,NaN,NaN,NaN,NaN,NaN,NaN,NaN,NaN,NaN,NaN,NaN,NaN,NaN,NaN,NaN,NaN,NaN,NaN,NaN,NaN,NaN,NaN,NaN,NaN,NaN,NaN,NaN,NaN,NaN,NaN,NaN,NaN,NaN,NaN,NaN,NaN,NaN,NaN,NaN,NaN,NaN,NaN,NaN,NaN,NaN,NaN,NaN,NaN,NaN,NaN,NaN,NaN,NaN,NaN,NaN,NaN,NaN,NaN,NaN,NaN,NaN,NaN,NaN,NaN,NaN,NaN,NaN,NaN,NaN,NaN,NaN,NaN,NaN,0.0856291316948632,0.0919563838356676,0.0943876096321354,0.0953932552731425,0.095759254687289,0.0954475682029915,0.0930724525284126,0.0863914511816843,NaN,NaN,NaN,0.0956506402627188,0.0957442655570211,0.095747542068343,0.0957525113088047,0.0957536324900177,0.0957570675479972,0.0957587490602945,0.0957627346863597,0.0957707634229572,0.0957784994312643,0.095784715424385,0.0957901975194105,0.0957982913150016,0.095806690680858,0.0958163170364845,0.0958259475533252,0.0958350278536447,0.0958414920273815,0.0958474978221596,0.0958569313552536,0.095866912855842,0.095879252166951,0.0958890475508122,0.0958979602794839,0.0959065959777669,0.0959120124511222,0.095914358209748,0.095914537444576,0.0959142180773053,0.0959201429794078,0.095928926325075,0.0959263711173322,0.0959206238596345,0.095924964387579,0.09593614032204,0.0959471559746154,0.095955369516447,0.0959565492231188,0.0959567900935566,0.0959618010219487,0.0959669134183885,0.0959675495416565,0.0959687541545843,0.095971932381084,0.0959778132666466,0.0959848129684919,0.095988302287304,0.0959900513958967,0.0959920995900083,0.0959930419822744,0.0959940646690338,0.0959961728230872,0.0960000749744911,0.0960068259795995,0.0960237081869593,0.0960485465391867,0.0960761484765672,0.0961020902089511,0.0961248826531653,0.0961481212617916,0.0961719779423196,0.0961950858866712,0.0962111905321434,0.0962314792818664,0.0962558603883276,0.0962767428365347,0.0962952530806301,0.0963129073862675,0.0963277155120206,0.0963518428156103,0.0963909041037313,0.096430134085287,0.096453809210558,0.0964893928996289,0.096508379766645,0.0965290164434113,0.0965661321250125,0.0965925914441496,0.0966148017058436,0.0966373273119908,0.0966453412580754,0.0966526527086413,0.0966642179655192,0.0966745945522046,0.096683009300002,0.0966998129284236,0.0967264012808203,0.0967535520064721,0.0967777535175663,0.0968085131605581,0.0968296105008609,0.0968371583623336,0.0968439188610609,0.0968479655385549,0.0968582387152816,0.0968750891393794,0.0968985996274029,0.0969171526436136,0.0969309922764365,0.0969445206344957,0.096955412422729,0.0969678039450641,0.09698253945063,0.0969954626987162,0.0970054097140211,0.0970153909486447,0.0970258367195295,0.0970347786688964,0.0970411008215316,0.0970440638136058,0.0970491109108721,0.0970020452340878,0.0968110755922151
NaN,NaN,NaN,NaN,NaN,NaN,NaN,NaN,NaN,NaN,NaN,NaN,NaN,NaN,NaN,NaN,NaN,NaN,NaN,NaN,NaN,NaN,NaN,NaN,NaN,NaN,NaN,NaN,NaN,NaN,NaN,NaN,NaN,NaN,NaN,NaN,NaN,NaN,NaN,NaN,NaN,NaN,NaN,NaN,NaN,NaN,NaN,NaN,NaN,NaN,NaN,NaN,NaN,NaN,NaN,NaN,NaN,NaN,NaN,NaN,NaN,NaN,NaN,NaN,NaN,NaN,NaN,NaN,NaN,NaN,NaN,NaN,NaN,NaN,NaN,NaN,NaN,NaN,NaN,NaN,NaN,NaN,NaN,NaN,NaN,NaN,NaN,NaN,NaN,NaN,NaN,NaN,NaN,NaN,NaN,NaN,NaN,NaN,NaN,NaN,NaN,NaN,NaN,NaN,NaN,NaN,NaN,NaN,NaN,NaN,NaN,NaN,NaN,NaN,NaN,NaN,NaN,NaN,NaN,NaN,NaN,NaN,NaN,NaN,NaN,0.0865950472725574,0.0830968625353914,NaN,NaN,NaN,NaN,NaN,NaN,0.0956538396277888,0.0957497699546768,0.0957520352430303,0.095750625073029,0.0957499254799432,0.0957516418891303,0.0957575550251814,0.0957624677009961,0.0957682417100817,0.0957752413147393,0.095783282612709,0.0957921502511753,0.0958020401991298,0.0958125646831484,0.0958226083448762,0.0958329244980202,0.0958401570433334,0.0958460113875292,0.0958540767270208,0.0958648912140537,0.095878424552157,0.0958894958972489,0.0958988111065809,0.0959074703095765,0.0959146227912987,0.0959189556033206,0.0959193197918073,0.0959206933762928,0.0959265460413855,0.095937071546084,0.0959399116761592,0.095930086379231,0.095931944559961,0.0959437316760295,0.0959538376596993,0.0959590093206888,0.0959582562854046,0.0959612767287101,0.0959745838055178,0.0959807259777772,0.0959757166205167,0.0959821626406021,0.095988983465412,0.0959978536109175,0.09600238640672,0.0960042651672257,0.0960057148651939,0.0960068633123834,0.0960076567795347,0.0960088175295173,0.0960092734573144,0.0960103003359454,0.0960141895174523,0.0960254196971017,0.096045406776179,0.0960707672970793,0.0960983068721376,0.0961263510716661,0.0961505808387216,0.096174008616701,0.0961979649007101,0.096214222563341,0.0962297615106159,0.0962619957786541,0.096298391968185,0.0963142244580303,0.0963199931426741,0.0963331241474288,0.0963537426624499,0.0963884379568838,0.0964206320442636,0.0964562125361476,0.0965072333452384,0.0965358654681012,0.0965499359817537,0.0965815288564896,0.0966143929175219,0.09663467148864,0.0966573349595003,0.0966658669725253,0.0966735388915312,0.0966858981970131,0.0966935183234374,0.0967034362018324,0.096722062688595,0.0967490469833708,0.0967760759719357,0.09679336091461,0.0968253643907117,0.0968475722970572,0.0968588761190361,0.0968647351785937,0.096868783778543,0.096880713670637,0.0968966247820231,0.096916880299457,0.0969361394569523,0.0969498878747704,0.0969619072832379,0.0969729779257429,0.0969844583655764,0.09699886067957,0.0970119868682256,0.0970227710567055,0.0970328834664777,0.0970432796706699,0.0970520622193896,0.0970582911998333,0.097061326045508,0.0970653369869544,0.0970188824113391,0.096826172240189
NaN,NaN,NaN,NaN,NaN,NaN,NaN,NaN,NaN,NaN,NaN,NaN,NaN,NaN,NaN,NaN,NaN,NaN,NaN,NaN,NaN,NaN,NaN,NaN,NaN,NaN,NaN,NaN,NaN,NaN,NaN,NaN,NaN,NaN,NaN,NaN,NaN,NaN,NaN,NaN,NaN,NaN,NaN,NaN,NaN,NaN,NaN,NaN,NaN,NaN,NaN,NaN,NaN,NaN,NaN,NaN,NaN,NaN,NaN,NaN,NaN,NaN,NaN,NaN,NaN,NaN,NaN,NaN,NaN,NaN,NaN,NaN,NaN,NaN,NaN,NaN,NaN,NaN,NaN,NaN,NaN,NaN,NaN,NaN,NaN,NaN,NaN,NaN,NaN,NaN,NaN,NaN,NaN,NaN,NaN,NaN,NaN,NaN,NaN,NaN,NaN,NaN,NaN,NaN,NaN,NaN,NaN,NaN,NaN,NaN,NaN,NaN,NaN,NaN,NaN,NaN,NaN,NaN,NaN,NaN,NaN,NaN,NaN,NaN,NaN,NaN,NaN,NaN,NaN,NaN,NaN,NaN,NaN,NaN,NaN,NaN,0.0957456560245803,0.095745918035723,0.0957480178185558,0.09575140704931,0.0957569806863244,0.0957618211480987,0.0957676627181639,0.0957768502103856,0.0957864601491844,0.0957968640601028,0.0958075390343757,0.095818034115632,0.0958300601859548,0.0958373691480795,0.095843897956586,0.0958518755504782,0.0958617042402503,0.0958761235927618,0.0958893086290126,0.0958985204706316,0.0959068711632963,0.0959155225175682,0.0959227437446847,0.0959252846264424,0.0959283668750939,0.0959365272255896,0.0959468320007853,0.0959445553644658,0.0959365679109339,0.0959402743715864,0.0959489834742554,0.095957622381576,0.0959599081968682,0.0959597927132473,0.0959758200966891,0.0959958110261181,0.0959812240688885,0.0959859615213069,0.0960020761886965,0.0960169558660015,0.0960180707403064,0.0960111187333414,0.096012685401065,0.0960164332206931,0.0960194931392783,0.0960220212533146,0.0960226839117852,0.0960238645527655,0.0960239718410523,0.0960257906464319,0.09603170271037,0.0960462598588604,0.0960682328777592,0.0960942015218997,0.0961247352182021,0.0961544821132412,0.0961800630207647,0.0962025218057436,0.0962212650141241,0.0962269991511224,0.0962464040536862,0.0962914411021568,0.0963333102123437,0.0963431551808957,0.0963582810032463,0.0963709267931744,0.0963997968752519,0.0964271931683826,0.0964503698389391,0.0965022914593507,0.0965466411349846,0.0965643642960823,0.0965993214677356,0.0966352421175639,0.0966523498325029,0.0966768067380416,0.0966896980505052,0.0966962023025456,0.0967081813856578,0.0967137878725174,0.0967236592035888,0.0967469824470506,0.0967750607848694,0.0967990728209036,0.0968133204916931,0.0968385551373888,0.0968641726006638,0.0968797203676398,0.0968901840788565,0.0968926560910069,0.0969026220296016,0.0969178114435647,0.0969373122007222,0.0969556417925252,0.0969696700275299,0.0969807556773619,0.096990953271395,0.0970024233738143,0.0970154689809186,0.0970285910414612,0.0970398688847763,0.0970499929852744,0.0970606225706686,0.0970692907880717,0.097075700172554,0.0970787355290596,0.0970824881930367,0.0970360084813562,0.0968415198307227
NaN,NaN,NaN,NaN,NaN,NaN,NaN,NaN,NaN,NaN,NaN,NaN,NaN,NaN,NaN,NaN,NaN,NaN,NaN,NaN,NaN,NaN,NaN,NaN,NaN,NaN,NaN,NaN,NaN,NaN,NaN,NaN,NaN,NaN,NaN,NaN,NaN,NaN,NaN,NaN,NaN,NaN,NaN,NaN,NaN,NaN,NaN,NaN,NaN,NaN,NaN,NaN,NaN,NaN,NaN,NaN,NaN,NaN,NaN,NaN,NaN,NaN,NaN,NaN,NaN,NaN,NaN,NaN,NaN,NaN,NaN,NaN,NaN,NaN,NaN,NaN,NaN,NaN,NaN,NaN,NaN,NaN,NaN,NaN,NaN,NaN,NaN,NaN,NaN,NaN,NaN,NaN,NaN,NaN,NaN,NaN,NaN,NaN,NaN,NaN,NaN,NaN,NaN,NaN,NaN,NaN,NaN,NaN,NaN,NaN,NaN,NaN,NaN,NaN,NaN,NaN,NaN,NaN,NaN,NaN,NaN,NaN,NaN,NaN,NaN,NaN,NaN,NaN,NaN,NaN,NaN,NaN,NaN,NaN,NaN,NaN,0.0949451852484723,0.0951514831830961,0.0957454889838776,0.0957479201803547,0.0957524445209483,0.0957570964231836,0.0957632227505205,0.0957719401990644,0.0957822167464376,0.0957919453659976,0.0958014887909885,0.095812910713793,0.0958241823521787,0.0958341184669643,0.0958406364806023,0.0958489196422333,0.0958602569525361,0.0958732679741121,0.0958861620014354,0.0958965176464844,0.0959076278271771,0.0959201711093747,0.0959289117031112,0.095931544316943,0.09593436727446,0.0959441295198988,0.0959501417865025,0.0959488681692421,0.095949880059383,0.0959518557337243,0.0959571511862738,0.0959653744248428,0.0959696668939153,0.0959773950673468,0.0960023876319434,0.0959987428097195,0.0959886037435137,0.0960132408988073,0.0960395517013267,0.0960405905769523,0.0960172747883217,0.0960099329966897,0.0960163366840671,0.0960243966969121,0.0960312291583794,0.0960361770334355,0.0960365149394429,0.0960367838376767,0.0960368587500929,0.0960371727081776,0.0960385607553163,0.0960472901423592,0.0960662393704898,0.0960922532355303,0.0961215334731971,0.0961527952316079,0.0961840842981506,0.0962121936213441,0.0962345941244944,0.0962472001361927,0.0962378670455587,0.0962702984575739,0.0963228279901314,0.0963500876338462,0.0963681802553632,0.0963900326317901,0.0964164009590658,0.0964440561416764,0.0964662408537253,0.0965009219785506,0.0965447842119611,0.0965777126246058,0.0966119639808442,0.0966475928117174,0.0966682981632182,0.0966947629258446,0.0967064246452031,0.0967217953161732,0.0967366641262176,0.0967414432648368,0.0967446666593853,0.0967700114619346,0.0968002011260995,0.0968184565610492,0.096831892832641,0.0968558454088087,0.0968807113506704,0.0968997333816733,0.0969135020941573,0.0969203338326459,0.0969266648706244,0.0969401271851708,0.0969594169197251,0.0969761077203155,0.0969895223961597,0.0970006850084756,0.0970103211111391,0.0970211917637632,0.0970336300222627,0.0970459607822988,0.0970569285038026,0.097067212519278,0.0970782791888442,0.0970871040722501,0.0970933006982531,0.0970963410985974,0.0970997823432842,0.0970529673829725,0.0968566641704167
NaN,NaN,NaN,NaN,NaN,NaN,NaN,NaN,NaN,NaN,NaN,NaN,NaN,NaN,NaN,NaN,NaN,NaN,NaN,NaN,NaN,NaN,NaN,NaN,NaN,NaN,NaN,NaN,NaN,NaN,NaN,NaN,NaN,NaN,NaN,NaN,NaN,NaN,NaN,NaN,NaN,NaN,NaN,NaN,NaN,NaN,NaN,NaN,NaN,NaN,NaN,NaN,NaN,NaN,NaN,NaN,NaN,NaN,NaN,NaN,NaN,NaN,NaN,NaN,NaN,NaN,NaN,NaN,NaN,NaN,NaN,NaN,NaN,NaN,NaN,NaN,NaN,NaN,NaN,NaN,NaN,NaN,NaN,NaN,NaN,NaN,NaN,NaN,NaN,NaN,NaN,NaN,NaN,NaN,NaN,NaN,NaN,NaN,NaN,NaN,NaN,NaN,NaN,NaN,NaN,NaN,NaN,NaN,NaN,NaN,NaN,NaN,NaN,NaN,NaN,NaN,NaN,NaN,NaN,NaN,NaN,NaN,NaN,NaN,NaN,NaN,NaN,NaN,NaN,NaN,NaN,NaN,NaN,NaN,NaN,NaN,NaN,0.082019594428239,0.0951438652813982,0.0955624105921212,0.09574922421352,0.095754534441592,0.0957625480373022,0.0957719611281861,0.0957816314543549,0.0957882217726719,0.0957956944803449,0.0958056389351059,0.0958179142056035,0.0958285810328098,0.0958368158265493,0.095846535475393,0.0958579568662504,0.0958712131728649,0.0958850971750457,0.0958937306242815,0.0959070115372052,0.0959241612290713,0.0959340153072782,0.0959360296070778,0.0959398226744115,0.0959483812351936,0.0959540975887401,0.0959580933385772,0.095966048362522,0.0959677949041439,0.0959687688536283,0.0959808989510747,0.095994426049012,0.0960107927760569,0.0960213368655865,0.0959994429936318,0.096008314383406,0.0960402201442456,0.0960519183504359,0.0960228162647331,0.0960015711931936,0.0960060104835992,0.096015655870066,0.0960264137864754,0.0960350686439423,0.0960431824513189,0.0960462256545776,0.0960458947240156,0.0960453897349324,0.0960448637037994,0.0960470235363592,0.0960510417866417,0.0960646381836506,0.0960879077245305,0.0961161042248115,0.0961463579929949,0.0961794145905768,0.0962148576238542,0.0962510517902507,0.0962681743599051,0.0962624260618701,0.0962574223263588,0.0963105378143331,0.0963465429859592,0.0963709705546432,0.0963991047463805,0.0964262222796362,0.096447871007134,0.0964840014303318,0.0965132321661634,0.0965521890041259,0.0965857502106547,0.0966226298103778,0.0966565145453515,0.0966788054549204,0.0966995132751053,0.0967193282344746,0.0967397014211709,0.0967722131796782,0.0967785967200639,0.0967798073223717,0.0967951621133251,0.0968193201543203,0.0968367061286284,0.0968506755722953,0.0968763881492015,0.0969008771535281,0.0969204616038185,0.0969361625232006,0.0969452923032819,0.0969526537497955,0.0969649888616009,0.0969824588300359,0.0969984014527849,0.0970109505327127,0.0970214729910252,0.0970307957183694,0.0970411398136585,0.0970532119884784,0.0970648822535978,0.097075089209129,0.0970853463842758,0.0970960285703489,0.0971050533208702,0.0971110116861773,0.0971132124818738,0.097116703292255,0.0970699559769546,0.0968717997076484
NaN,NaN,NaN,NaN,NaN,NaN,NaN,NaN,NaN,NaN,NaN,NaN,NaN,NaN,NaN,NaN,NaN,NaN,NaN,NaN,NaN,NaN,NaN,NaN,NaN,NaN,NaN,NaN,NaN,NaN,NaN,NaN,NaN,NaN,NaN,NaN,NaN,NaN,NaN,NaN,NaN,NaN,NaN,NaN,NaN,NaN,NaN,NaN,NaN,NaN,NaN,NaN,NaN,NaN,NaN,NaN,NaN,NaN,NaN,NaN,NaN,NaN,NaN,NaN,NaN,NaN,NaN,NaN,NaN,NaN,NaN,NaN,NaN,NaN,NaN,NaN,NaN,NaN,NaN,NaN,NaN,NaN,NaN,NaN,NaN,NaN,NaN,NaN,NaN,NaN,NaN,NaN,NaN,NaN,NaN,NaN,NaN,NaN,NaN,NaN,NaN,NaN,NaN,NaN,NaN,NaN,NaN,NaN,NaN,NaN,NaN,NaN,NaN,NaN,NaN,NaN,NaN,NaN,NaN,NaN,NaN,NaN,NaN,NaN,NaN,NaN,NaN,NaN,NaN,NaN,NaN,NaN,NaN,NaN,NaN,NaN,NaN,NaN,0.0820088398756715,0.0922420025913343,0.0944866850345284,0.0957553809987344,0.0957650668028456,0.095775011192709,0.0957850158839756,0.0957903296588036,0.0957933573480508,0.0957996969287376,0.095810739291634,0.0958218046127265,0.095831683973976,0.0958426521126911,0.0958562632136911,0.0958709841941228,0.0958845139066617,0.0958936332032739,0.0959072812085356,0.0959228958712269,0.0959387251262659,0.0959406881602141,0.0959438094959987,0.0959528308531552,0.0959630416528747,0.0959710834332858,0.0959770548835641,0.0959779399647541,0.0959905881259861,0.0960164493359827,0.0960298184531663,0.096028789712738,0.0960134406327603,0.0960003680300048,0.0960273559469813,0.0960551938674261,0.0960253380249578,0.095993668711711,0.0959870822316281,0.0959969066048272,0.0960069996690736,0.0960173961311501,0.0960290479963066,0.0960417265954401,0.0960483702701528,0.0960478721304023,0.0960475067812655,0.0960500348723587,0.0960536255236463,0.0960582617421877,0.0960658703722016,0.096083828119734,0.0961111126074713,0.0961408182162116,0.0961709241166744,0.0962006078852196,0.0962394704994907,0.0962850994899846,0.096299773725107,0.0962715905638535,0.0962947889957281,0.0963397958944607,0.0963679083112531,0.0964008390759168,0.0964248831582163,0.0964587318737479,0.0964944113712529,0.0965258334323547,0.0965575026896127,0.0966054129954429,0.0966415694164329,0.0966654920840477,0.0966859040797955,0.0967082227184035,0.096723242064744,0.0967414502309573,0.0967960521419257,0.0968182252711602,0.0968179559913297,0.0968239543131492,0.0968397055271002,0.0968541708792189,0.0968750089801994,0.0969015100713381,0.0969250213877471,0.0969437101392181,0.0969605068863439,0.0969707431547496,0.0969780128218234,0.0969906003104104,0.0970076787203815,0.0970218348718506,0.0970325209370506,0.0970420170224014,0.0970514648783322,0.0970618577912833,0.0970730477098166,0.097084394265789,0.0970948146211056,0.0971047832624706,0.0971151425587461,0.0971239077214516,0.097128953397103,0.097130327220311,0.0971335254316703,0.097087477343649,0.0968874200589979
NaN,NaN,NaN,NaN,NaN,NaN,NaN,NaN,NaN,NaN,NaN,NaN,NaN,NaN,NaN,NaN,NaN,NaN,NaN,NaN,NaN,NaN,NaN,NaN,NaN,NaN,NaN,NaN,NaN,NaN,NaN,NaN,NaN,NaN,NaN,NaN,NaN,NaN,NaN,NaN,NaN,NaN,NaN,NaN,NaN,NaN,NaN,NaN,NaN,NaN,NaN,NaN,NaN,NaN,NaN,NaN,NaN,NaN,NaN,NaN,NaN,NaN,NaN,NaN,NaN,NaN,NaN,NaN,NaN,NaN,NaN,NaN,NaN,NaN,NaN,NaN,NaN,NaN,NaN,NaN,NaN,NaN,NaN,NaN,NaN,NaN,NaN,NaN,NaN,NaN,NaN,NaN,NaN,NaN,NaN,NaN,NaN,NaN,NaN,NaN,NaN,NaN,NaN,NaN,NaN,NaN,NaN,NaN,NaN,NaN,NaN,NaN,NaN,NaN,NaN,NaN,NaN,NaN,NaN,NaN,NaN,NaN,NaN,NaN,NaN,NaN,NaN,NaN,NaN,NaN,NaN,NaN,NaN,NaN,NaN,NaN,NaN,NaN,NaN,0.07669388514619,0.0934787015884734,0.0953840734330898,0.0957704822950829,0.0957805364958209,0.095788558493642,0.095793700184271,0.0957941969771621,0.0957959094150053,0.0958042645679324,0.0958194348675281,0.0958275204295621,0.0958399043828143,0.095856459929834,0.0958717886397256,0.0958851430304943,0.0958978261856811,0.0959102563875062,0.0959242628769337,0.0959377556254072,0.0959397315354717,0.0959500819800178,0.0959609936775332,0.0959688068354624,0.0959760264958702,0.0959856998894318,0.0959979194723996,0.0960172616794943,0.096033050172379,0.0960275681840321,0.0960106448103387,0.0959991341368361,0.0960110117761475,0.096039600598821,0.096016245102128,0.0959752590825023,0.0959650452282415,0.0959715203495365,0.0959800542846259,0.0959892357764891,0.0960004108202776,0.0960164782638824,0.0960289485973436,0.0960387987508754,0.0960412690096601,0.0960440580658268,0.0960503882595188,0.0960569714641467,0.0960651813063649,0.0960756422323658,0.0960880700550997,0.0961093830661166,0.0961381154963676,0.0961648245078826,0.0961873998504349,0.0962085661660159,0.0962457595383864,0.0962955315803388,0.0963138048205699,0.0963025777840187,0.0963280949448011,0.0963606226214168,0.0963877132414628,0.0964209335521016,0.0964645553084168,0.0965073834208778,0.0965427127115714,0.0965658217409589,0.0966116220259072,0.0966612343776849,0.0966864334031497,0.0966954972501841,0.0967143380303265,0.0967336358670568,0.0967607271247789,0.0967995008010454,0.0968416712371584,0.0968614509999319,0.0968542296642863,0.0968570655021894,0.0968717530494084,0.096899611642163,0.0969318152629111,0.0969551985742116,0.0969708689176864,0.0969864265017071,0.0969959661457979,0.0970046905590499,0.0970162141925016,0.0970315914109469,0.0970449344594622,0.0970533801107283,0.0970619216798483,0.0970718228889427,0.097082381176734,0.0970932772720864,0.0971042030194589,0.0971149827898332,0.0971251776280753,0.097135643547657,0.0971441950942469,0.0971482993368266,0.0971491923371375,0.0971511817524402,0.0971056141240877,0.096903618117846
NaN,NaN,NaN,NaN,NaN,NaN,NaN,NaN,NaN,NaN,NaN,NaN,NaN,NaN,NaN,NaN,NaN,NaN,NaN,NaN,NaN,NaN,NaN,NaN,NaN,NaN,NaN,NaN,NaN,NaN,NaN,NaN,NaN,NaN,NaN,NaN,NaN,NaN,NaN,NaN,NaN,NaN,NaN,NaN,NaN,NaN,NaN,NaN,NaN,NaN,NaN,NaN,NaN,NaN,NaN,NaN,NaN,NaN,NaN,NaN,NaN,NaN,NaN,NaN,NaN,NaN,NaN,NaN,NaN,NaN,NaN,NaN,NaN,NaN,NaN,NaN,NaN,NaN,NaN,NaN,NaN,NaN,NaN,NaN,NaN,NaN,NaN,NaN,NaN,NaN,NaN,NaN,NaN,NaN,NaN,NaN,NaN,NaN,NaN,NaN,NaN,NaN,NaN,NaN,NaN,NaN,NaN,NaN,NaN,NaN,NaN,NaN,NaN,NaN,NaN,NaN,NaN,NaN,NaN,NaN,NaN,NaN,NaN,NaN,NaN,NaN,NaN,NaN,NaN,NaN,NaN,NaN,NaN,NaN,NaN,NaN,NaN,NaN,NaN,NaN,0.0767035880111269,0.0841711603691174,0.0947281235680058,0.0957828954475169,0.0957914785051618,0.0957963855868056,0.095797787528173,0.0957979322720841,0.0958014063177656,0.0958122894311911,0.0958262153805238,0.0958423217536925,0.0958625469864689,0.0958773092959269,0.0958914858332977,0.0959038166280694,0.0959135450535852,0.0959243798854192,0.0959324642507726,0.0959420524847413,0.0959585480788456,0.0959681003195628,0.095972574948108,0.0959814700596233,0.095993684786664,0.0960070776943248,0.0960218776799224,0.0960219012239243,0.096004280194945,0.0959914136435727,0.095995741020745,0.0960147616301463,0.0960045636366598,0.0959668984337133,0.0959577065278844,0.0959558410630063,0.0959581455275691,0.0959592977007488,0.0959663085294419,0.0959778391868221,0.0959934727966858,0.0960063446394526,0.0960174349405423,0.0960257375950117,0.0960317170041754,0.0960414554048231,0.0960534572881593,0.0960672259646958,0.0960835488482451,0.0961017103334252,0.0961209308327843,0.0961485490218305,0.0961787322354273,0.0962000419983336,0.0962032895071023,0.0962152563277278,0.0962510075568066,0.0962907003789199,0.0963138384171053,0.0963358865667324,0.096357186707003,0.096372430210659,0.0964020826829863,0.0964546849534069,0.0965098601317445,0.0965421092972647,0.0965814063054053,0.0966246528869002,0.0966723589470819,0.0967106590409295,0.0967089203663799,0.0967167067997923,0.096741141409053,0.0967783349616018,0.0968181124195166,0.0968460686928172,0.0968753381603312,0.096890317075703,0.0968887113391327,0.0968907307233691,0.0969215915123573,0.0969655566451386,0.0969860176763607,0.0970004309344267,0.0970147719756761,0.0970212048052274,0.0970287767679228,0.0970413908852008,0.097054865273598,0.0970659159596261,0.0970738754638748,0.0970821056351306,0.0970917634749531,0.0971035238102726,0.0971140441062168,0.0971248854167597,0.0971356847240538,0.0971461260623195,0.0971568420273385,0.0971655454030388,0.0971698645065416,0.0971710832993333,0.0971730068713036,0.0971270880492362,0.0969239784952817
NaN,NaN,NaN,NaN,NaN,NaN,NaN,NaN,NaN,NaN,NaN,NaN,NaN,NaN,NaN,NaN,NaN,NaN,NaN,NaN,NaN,NaN,NaN,NaN,NaN,NaN,NaN,NaN,NaN,NaN,NaN,NaN,NaN,NaN,NaN,NaN,NaN,NaN,NaN,NaN,NaN,NaN,NaN,NaN,NaN,NaN,NaN,NaN,NaN,NaN,NaN,NaN,NaN,NaN,NaN,NaN,NaN,NaN,NaN,NaN,NaN,NaN,NaN,NaN,NaN,NaN,NaN,NaN,NaN,NaN,NaN,NaN,NaN,NaN,NaN,NaN,NaN,NaN,NaN,NaN,NaN,NaN,NaN,NaN,NaN,NaN,NaN,NaN,NaN,NaN,NaN,NaN,NaN,NaN,NaN,NaN,NaN,NaN,NaN,NaN,NaN,NaN,NaN,NaN,NaN,NaN,NaN,NaN,NaN,NaN,NaN,NaN,NaN,NaN,NaN,NaN,NaN,NaN,NaN,NaN,NaN,NaN,NaN,NaN,NaN,NaN,NaN,NaN,NaN,NaN,NaN,NaN,NaN,NaN,NaN,NaN,NaN,NaN,NaN,NaN,NaN,NaN,0.0798763853399161,0.0935022178887529,0.0957738842720424,0.0957965925715858,0.0957995690110188,0.0958016158937324,0.0958036502871413,0.0958084383258189,0.0958224554874417,0.0958429893327116,0.0958760247837641,0.0958921096160745,0.0959018658518242,0.0959098217067314,0.09591730844738,0.0959259642371664,0.0959327159442765,0.0959466473734985,0.0959620584218264,0.0959718741635758,0.095981995183833,0.095990037661609,0.0959960603020978,0.0960046677139287,0.0960097472483888,0.0960043273039368,0.0959957915523568,0.0959977131179685,0.0960037750802081,0.0960008326864297,0.0959832590522737,0.0959640934924501,0.0959571475036935,0.0959436287739684,0.0959356720894209,0.0959375729788603,0.0959416603719328,0.0959513402146936,0.0959682764951857,0.0959779720523129,0.095985258306703,0.0959989417605606,0.0960104142931389,0.0960256060491224,0.0960422841000957,0.0960594032659775,0.0960807645068384,0.0961061116000331,0.0961332140474028,0.096162943425132,0.0962018758582591,0.0962347898561974,0.0962350257758209,0.0962417204337893,0.0962595786586728,0.0962519121843313,0.0962767560932015,0.0963342234224658,0.0963683803535296,0.0963643529331138,0.0963880203329243,0.096431703774676,0.0964891503909601,0.0965268661863359,0.0965762240451759,0.0966326007447271,0.0966776315516394,0.0967210040697763,0.0967327797002995,0.0967192419476475,0.0967401266463615,0.0967875050807733,0.0968415242697745,0.0968629727251458,0.0968858015472014,0.0969070938734575,0.0969120003565458,0.0969318130456567,0.0969504150396747,0.0969904833666989,0.0970147349645831,0.0970293428242913,0.097041547340407,0.0970461303421809,0.097053773128465,0.0970651971491968,0.0970762213980232,0.0970856348212308,0.0970946474741353,0.0971036366767619,0.0971140388084796,0.0971255430632257,0.0971364970345569,0.0971469601910036,0.09715746475909,0.0971677581631399,0.0971781719802201,0.0971867504285245,0.0971917871035914,0.0971933714239581,0.0971962403073216,0.0971498001023315,0.096945572233405
NaN,NaN,NaN,NaN,NaN,NaN,NaN,NaN,NaN,NaN,NaN,NaN,NaN,NaN,NaN,NaN,NaN,NaN,NaN,NaN,NaN,NaN,NaN,NaN,NaN,NaN,NaN,NaN,NaN,NaN,NaN,NaN,NaN,NaN,NaN,NaN,NaN,NaN,NaN,NaN,NaN,NaN,NaN,NaN,NaN,NaN,NaN,NaN,NaN,NaN,NaN,NaN,NaN,NaN,NaN,NaN,NaN,NaN,NaN,NaN,NaN,NaN,NaN,NaN,NaN,NaN,NaN,NaN,NaN,NaN,NaN,NaN,NaN,NaN,NaN,NaN,NaN,NaN,NaN,NaN,NaN,NaN,NaN,NaN,NaN,NaN,NaN,NaN,NaN,NaN,NaN,NaN,NaN,NaN,NaN,NaN,NaN,NaN,NaN,NaN,NaN,NaN,NaN,NaN,NaN,NaN,NaN,NaN,NaN,NaN,NaN,NaN,NaN,NaN,NaN,NaN,NaN,NaN,NaN,NaN,NaN,NaN,NaN,NaN,NaN,NaN,NaN,NaN,NaN,NaN,NaN,NaN,NaN,NaN,NaN,NaN,NaN,NaN,NaN,NaN,NaN,NaN,NaN,0.0766834649958496,0.0900031765313939,0.0953017980308822,0.0957957700121902,0.0958012926086573,0.0958054660719151,0.0958097248779132,0.0958159976432546,0.0956584604989129,0.0956760187229003,0.095902463868859,0.0959132585111943,0.0959134368323365,0.0959168652701769,0.0959243168242662,0.095930114698915,0.0959497837295108,0.0959678199056106,0.0959805079518689,0.0959937217272447,0.0959967842582427,0.0959971436753838,0.0959993070391654,0.0960020989012185,0.0960014625428981,0.0960048395006219,0.0960095181063557,0.0960082586885911,0.0959963452615351,0.0959820224032306,0.0959645169029555,0.0959380706628709,0.0959193168793578,0.0959114554519866,0.0959147046595081,0.0959134708132634,0.0959254963562404,0.0959377181107369,0.0959400799262154,0.0959484702993656,0.0959632952777325,0.0959795079594588,0.0960011627057671,0.0960241066711091,0.0960441233364643,0.0960674066116035,0.0960960024915209,0.0961303627048757,0.09616805774392,0.0962163837027244,0.0962718705667875,0.0962903396027217,0.096290176352744,0.0963187443853287,0.096312151753323,0.0962530370310633,0.0962852607225465,0.0963597557210389,0.0963741690951119,0.0963843055362834,0.0964244376548978,0.0964681940836347,0.0964946857202012,0.0965625689962765,0.096631440752412,0.0966755500479974,0.0967157469188575,0.0967515070636915,0.0967255609926742,0.0967429977974203,0.0967926651144438,0.0968542200217021,0.0968872123955607,0.0969045303317759,0.0969207817948685,0.0969356664970621,0.0969597515799307,0.0969834471382215,0.0970119694543836,0.09703758195908,0.0970565342575197,0.0970698562635802,0.0970726964535541,0.0970793124371542,0.0970900604022221,0.0971003609632504,0.0971080709796677,0.0971167580043447,0.0971268649401323,0.0971375763348806,0.0971481691792791,0.0971594925299599,0.0971703424307981,0.097180359739523,0.0971902321157008,0.0971999999834836,0.0972082972232936,0.0972144588897569,0.097217054199454,0.0972203262125099,0.0971733051446035,0.0969679471033914
NaN,NaN,NaN,NaN,NaN,NaN,NaN,NaN,NaN,NaN,NaN,NaN,NaN,NaN,NaN,NaN,NaN,NaN,NaN,NaN,NaN,NaN,NaN,NaN,NaN,NaN,NaN,NaN,NaN,NaN,NaN,NaN,NaN,NaN,NaN,NaN,NaN,NaN,NaN,NaN,NaN,NaN,NaN,NaN,NaN,NaN,NaN,NaN,NaN,NaN,NaN,NaN,NaN,NaN,NaN,NaN,NaN,NaN,NaN,NaN,NaN,NaN,NaN,NaN,NaN,NaN,NaN,NaN,NaN,NaN,NaN,NaN,NaN,NaN,NaN,NaN,NaN,NaN,NaN,NaN,NaN,NaN,NaN,NaN,NaN,NaN,NaN,NaN,NaN,NaN,NaN,NaN,NaN,NaN,NaN,NaN,NaN,NaN,NaN,NaN,NaN,NaN,NaN,NaN,NaN,NaN,NaN,NaN,NaN,NaN,NaN,NaN,NaN,NaN,NaN,NaN,NaN,NaN,NaN,NaN,NaN,NaN,NaN,NaN,NaN,NaN,NaN,NaN,NaN,NaN,NaN,NaN,NaN,NaN,NaN,NaN,NaN,NaN,NaN,NaN,NaN,NaN,NaN,NaN,NaN,0.0826486976052016,0.0927042029398793,0.0955022958901457,0.0957346717587941,0.0957918857945487,0.0927849604954132,NaN,NaN,NaN,0.0959227343488901,0.0959168029068025,0.0959158130323856,0.095919596937316,0.0959244704471918,0.0959499870656362,0.0959776747539493,0.095989254452732,0.095997150673947,0.0960028080498665,0.0960047286920633,0.0960016760455872,0.095998074472829,0.0959985859760752,0.0960043774743542,0.0960076628287817,0.0960012515032065,0.095992005116166,0.0959777064648314,0.0959557774626669,0.0959244443061061,0.0959003041922496,0.0958914175533086,0.0958873031706631,0.0958833336339499,0.0958889193400284,0.095894558475631,0.0959004244459337,0.0959106418394041,0.0959229496080545,0.0959453892390182,0.0959724450147116,0.095999223568802,0.0960217710624261,0.0960448776956692,0.0960734551572901,0.0961082698944687,0.0961493889403894,0.0962033566664361,0.0962776853926443,0.0963265897380194,0.0963415707380185,0.0963719189208121,0.0964025463056443,0.0963632290818107,0.0962949171774407,0.09634149564849,0.0963966642074477,0.096405351658678,0.0964346681303301,0.0964887286159154,0.0965048306307952,0.0965318382900402,0.0966075036284331,0.0966687579171877,0.0967010767196956,0.0967534178177825,0.096754965899263,0.0967562774425802,0.096807359542524,0.096862489532491,0.0968997189125125,0.0969150180723632,0.0969372231816279,0.0969612123564644,0.0969877630980917,0.0970117961467964,0.0970375885564634,0.0970599820413509,0.0970771982631549,0.097092162626548,0.0971014204845213,0.0971062495152893,0.0971144803117691,0.097124402052344,0.0971324666391819,0.0971411951261064,0.0971515952012829,0.0971621018903114,0.0971725762448419,0.0971836588979071,0.0971946242251573,0.0972046340712326,0.0972140666323222,0.0972229163144389,0.0972313955756445,0.0972380430512564,0.097241221468743,0.097245063828361,0.0971973762499552,0.0969908680923032
NaN,NaN,NaN,NaN,NaN,NaN,NaN,NaN,NaN,NaN,NaN,NaN,NaN,NaN,NaN,NaN,NaN,NaN,NaN,NaN,NaN,NaN,NaN,NaN,NaN,NaN,NaN,NaN,NaN,NaN,NaN,NaN,NaN,NaN,NaN,NaN,NaN,NaN,NaN,NaN,NaN,NaN,NaN,NaN,NaN,NaN,NaN,NaN,NaN,NaN,NaN,NaN,NaN,NaN,NaN,NaN,NaN,NaN,NaN,NaN,NaN,NaN,NaN,NaN,NaN,NaN,NaN,NaN,NaN,NaN,NaN,NaN,NaN,NaN,NaN,NaN,NaN,NaN,NaN,NaN,NaN,NaN,NaN,NaN,NaN,NaN,NaN,NaN,NaN,NaN,NaN,NaN,NaN,NaN,NaN,NaN,NaN,NaN,NaN,NaN,NaN,NaN,NaN,NaN,NaN,NaN,NaN,NaN,NaN,NaN,NaN,NaN,NaN,NaN,NaN,NaN,NaN,NaN,NaN,NaN,NaN,NaN,NaN,NaN,NaN,NaN,NaN,NaN,NaN,NaN,NaN,NaN,NaN,NaN,NaN,NaN,NaN,NaN,NaN,NaN,NaN,NaN,NaN,NaN,NaN,NaN,NaN,NaN,NaN,NaN,NaN,NaN,NaN,NaN,NaN,NaN,0.095917755816002,0.0959071013124926,NaN,NaN,0.0959838033225174,0.0959959612311824,0.0960011880363617,0.0960059141092459,0.0960092012243366,0.0960062154817673,0.0960000440444905,0.096001234550151,0.0960060495489592,0.0960052875673294,0.0959943840881089,0.0959870157760982,0.0959700706834009,0.0959468678443198,0.0959126483915859,0.095882968597867,0.0958786701020532,0.0958712867064885,0.0958565692930271,0.0958498223066713,0.0958526404889981,0.0958582345338108,0.0958677123631561,0.0958842273257277,0.0959116613995175,0.0959415739188803,0.0959710069896254,0.0959954336343207,0.0960148475732205,0.0960407905017007,0.0960702541379826,0.0961094761627476,0.0961620819687257,0.096235786809063,0.0963107248451215,0.0963455763574947,0.0963824121667126,0.0964310633070691,0.0964583437350796,0.0963932782234155,0.0963577434723379,0.0964081881704619,0.0964496710306063,0.0964622057780059,0.0964891575102353,0.0965468869548619,0.0965806859243986,0.096619315849712,0.0966689335036126,0.0966973547349548,0.0967264170854259,0.096751417514822,0.0967763875814613,0.0968298249624088,0.0968774180380816,0.0969092483985737,0.0969065131613295,0.0969465181047671,0.0969924155680501,0.0970234659405306,0.0970377113557068,0.0970613804876512,0.0970838655680354,0.0971031015661253,0.0971147432065725,0.0971245932380097,0.097132585645047,0.0971400936886447,0.0971501792417794,0.09715803490699,0.0971670190995802,0.0971778260290004,0.0971881424935243,0.0971982308240816,0.0972093567050506,0.0972203555786394,0.0972305736879676,0.0972390026607337,0.0972468602455055,0.0972548284161233,0.0972617520630256,0.0972654659704233,0.097270197611384,0.0972215884731209,0.0970139221167011
NaN,NaN,NaN,NaN,NaN,NaN,NaN,NaN,NaN,NaN,NaN,NaN,NaN,NaN,NaN,NaN,NaN,NaN,NaN,NaN,NaN,NaN,NaN,NaN,NaN,NaN,NaN,NaN,NaN,NaN,NaN,NaN,NaN,NaN,NaN,NaN,NaN,NaN,NaN,NaN,NaN,NaN,NaN,NaN,NaN,NaN,NaN,NaN,NaN,NaN,NaN,NaN,NaN,NaN,NaN,NaN,NaN,NaN,NaN,NaN,NaN,NaN,NaN,NaN,NaN,NaN,NaN,NaN,NaN,NaN,NaN,NaN,NaN,NaN,NaN,NaN,NaN,NaN,NaN,NaN,NaN,NaN,NaN,NaN,NaN,NaN,NaN,NaN,NaN,NaN,NaN,NaN,NaN,NaN,NaN,NaN,NaN,NaN,NaN,NaN,NaN,NaN,NaN,NaN,NaN,NaN,NaN,NaN,NaN,NaN,NaN,NaN,NaN,NaN,NaN,NaN,NaN,NaN,NaN,NaN,NaN,NaN,NaN,NaN,NaN,NaN,NaN,NaN,NaN,NaN,NaN,NaN,NaN,NaN,NaN,NaN,NaN,NaN,NaN,NaN,NaN,NaN,NaN,NaN,NaN,NaN,NaN,NaN,NaN,NaN,NaN,NaN,NaN,NaN,NaN,NaN,NaN,NaN,NaN,NaN,NaN,0.0959954528321903,0.0957108186613236,0.0954640348605322,0.0960093370661857,0.0960151488061186,0.0960140641042727,0.096010320417788,0.0960064220390207,0.0959978208262111,0.0959909159771386,0.0959819209881979,0.0959587633548254,0.0959337180937922,0.0959030439254371,0.0958770786652939,0.0958702737908253,0.0958504803906681,0.0958463975486218,0.0958402488726206,0.095822402051148,0.0958212507382296,0.0958262743739847,0.0958466256880602,0.0958752881864258,0.0959079126681886,0.0959361773148064,0.0959629598623429,0.0959824696699621,0.0960026311299125,0.0960278900950594,0.0960591543057212,0.0961014421436756,0.0961631665736876,0.0962417483103652,0.0962951302610281,0.0963413281138393,0.0963961181276572,0.0964444306991475,0.0964551291931678,0.0964267237913088,0.0964415000831224,0.096462938245413,0.0964974824820403,0.0965195818327091,0.0965678121975151,0.0966256033951926,0.09666640414543,0.0967084998527341,0.0967327141574578,0.0967217506605192,0.0967075239003634,0.0967740593072113,0.0968635117985067,0.0969039211030324,0.0969037522230215,0.0968886806800825,0.0969543093397106,0.0970235469880566,0.0970567106315219,0.0970680523696177,0.0970847705229888,0.0971039205626079,0.0971286376602395,0.0971374251445282,0.0971478828166663,0.0971587832591844,0.0971647973539132,0.0971747751224842,0.0971828017024842,0.0971926696114662,0.0972042931896577,0.0972151248104475,0.0972246409627158,0.0972359176559726,0.0972466564512426,0.0972564574065985,0.0972642815508616,0.097271275576485,0.0972787151267826,0.0972855325470923,0.0972895776786401,0.0972955830174899,0.0972455464130819,0.0970367188922278
NaN,NaN,NaN,NaN,NaN,NaN,NaN,NaN,NaN,NaN,NaN,NaN,NaN,NaN,NaN,NaN,NaN,NaN,NaN,NaN,NaN,NaN,NaN,NaN,NaN,NaN,NaN,NaN,NaN,NaN,NaN,NaN,NaN,NaN,NaN,NaN,NaN,NaN,NaN,NaN,NaN,NaN,NaN,NaN,NaN,NaN,NaN,NaN,NaN,NaN,NaN,NaN,NaN,NaN,NaN,NaN,NaN,NaN,NaN,NaN,NaN,NaN,NaN,NaN,NaN,NaN,NaN,NaN,NaN,NaN,NaN,NaN,NaN,NaN,NaN,NaN,NaN,NaN,NaN,NaN,NaN,NaN,NaN,NaN,NaN,NaN,NaN,NaN,NaN,NaN,NaN,NaN,NaN,NaN,NaN,NaN,NaN,NaN,NaN,NaN,NaN,NaN,NaN,NaN,NaN,NaN,NaN,NaN,NaN,NaN,NaN,NaN,NaN,NaN,NaN,NaN,NaN,NaN,NaN,NaN,NaN,NaN,NaN,NaN,NaN,NaN,NaN,NaN,NaN,NaN,NaN,NaN,NaN,NaN,NaN,NaN,NaN,NaN,NaN,NaN,NaN,NaN,NaN,NaN,NaN,NaN,NaN,NaN,NaN,NaN,NaN,NaN,NaN,NaN,NaN,NaN,NaN,NaN,NaN,NaN,NaN,NaN,0.0845990403120597,0.0832017662455459,0.0954736151732447,0.0960194957599871,0.0960186013187709,0.0960110150142327,0.0960026387657383,0.0959959150495912,0.0959877506472849,0.095975818134909,0.0959505795610408,0.0959264064585609,0.095893905501539,0.0958666801279778,0.0958461986891308,0.0958269163103023,0.0958331585481257,0.0958185710331348,0.0958077146627782,0.0957961359939012,0.0958007157631441,0.0958165552499874,0.0958353759945735,0.0958628322201588,0.0958936545301665,0.0959248508242366,0.0959537226130198,0.0959711710829235,0.095988003383599,0.0960069123995652,0.0960327083087098,0.0960858243339961,0.0961668430134979,0.0962235733678586,0.0962688272332819,0.09632826896964,0.0963659308245905,0.0964058852829243,0.0964313447831915,0.0964655846589277,0.0964979997994388,0.0965019496792195,0.0965387051696044,0.0965927596029237,0.0966547571056982,0.0967071443101148,0.0967529183673765,0.0967890780371245,0.0967802847443511,0.0967137174657194,0.0967326940762264,0.0968587298568978,0.0969175242404087,0.096896836546751,0.096880166035273,0.0969620864498246,0.0970382938857422,0.0970775284285852,0.0970975989691062,0.0971123811387217,0.0971294768927646,0.0971472543167276,0.0971615089092884,0.097174044536959,0.0971836094203372,0.0971890495587077,0.0971984542457816,0.0972079721561059,0.0972183181884855,0.0972305841815027,0.0972421051268331,0.097252278942288,0.0972630623176401,0.0972737532285897,0.0972831673821652,0.0972904408715738,0.097296365358801,0.0973033366939788,0.0973099433240662,0.0973141477245828,0.0973205700499476,0.0972701333082218,0.0970601268725164
NaN,NaN,NaN,NaN,NaN,NaN,NaN,NaN,NaN,NaN,NaN,NaN,NaN,NaN,NaN,NaN,NaN,NaN,NaN,NaN,NaN,NaN,NaN,NaN,NaN,NaN,NaN,NaN,NaN,NaN,NaN,NaN,NaN,NaN,NaN,NaN,NaN,NaN,NaN,NaN,NaN,NaN,NaN,NaN,NaN,NaN,NaN,NaN,NaN,NaN,NaN,NaN,NaN,NaN,NaN,NaN,NaN,NaN,NaN,NaN,NaN,NaN,NaN,NaN,NaN,NaN,NaN,NaN,NaN,NaN,NaN,NaN,NaN,NaN,NaN,NaN,NaN,NaN,NaN,NaN,NaN,NaN,NaN,NaN,NaN,NaN,NaN,NaN,NaN,NaN,NaN,NaN,NaN,NaN,NaN,NaN,NaN,NaN,NaN,NaN,NaN,NaN,NaN,NaN,NaN,NaN,NaN,NaN,NaN,NaN,NaN,NaN,NaN,NaN,NaN,NaN,NaN,NaN,NaN,NaN,NaN,NaN,NaN,NaN,NaN,NaN,NaN,NaN,NaN,NaN,NaN,NaN,NaN,NaN,NaN,NaN,NaN,NaN,NaN,NaN,NaN,NaN,NaN,NaN,NaN,NaN,NaN,NaN,NaN,NaN,NaN,NaN,NaN,NaN,NaN,NaN,NaN,NaN,NaN,NaN,NaN,NaN,NaN,NaN,NaN,0.0954823276053686,0.0960123958735778,0.096008711250236,0.0960010344912774,0.0959968512389282,0.0959895496584341,0.0959759275593942,0.0959501891924664,0.0959234829398135,0.0958795649420111,0.0958475540889371,0.0958286850354627,0.0958181719425026,0.0957979311799351,0.0957800117640306,0.0957855580477469,0.0957853781568576,0.0957926260976437,0.095796465613179,0.0957951707449432,0.0958093807396501,0.0958454963133014,0.0958884208978764,0.0959296318789355,0.0959495233254039,0.0959586708295,0.0959726455572908,0.0959954094155792,0.0960223396597141,0.0960860900814913,0.0961458211521283,0.0961826986284755,0.0962473045262155,0.0962748543546865,0.0962985323147177,0.0963644675468871,0.0964199971136356,0.0964873607474781,0.096522355330377,0.0965650527174697,0.0966137953370039,0.0966791115768137,0.09673852544567,0.0967892027239513,0.0968322023951141,0.0968430522759328,0.0967856364097036,0.0967523231280067,0.0968434052959126,0.0969044791695589,0.0968649737355835,0.0968606504313954,0.0969753323203482,0.0970548043108856,0.0970939560864613,0.0971185669988841,0.0971371722484992,0.0971572741718247,0.0971755498177668,0.0971859971216669,0.0971963987738497,0.0972063603300312,0.0972132897294103,0.0972234221167513,0.0972346511955304,0.097246008256345,0.0972576198491047,0.0972694127402168,0.09728057434068,0.0972906466189486,0.0973006764440107,0.0973098333559543,0.0973167993458867,0.0973226570176416,0.0973293691114994,0.0973353684501005,0.0973399131655304,0.0973460431043438,0.0972953583229774,0.0970841622390317
NaN,NaN,NaN,NaN,NaN,NaN,NaN,NaN,NaN,NaN,NaN,NaN,NaN,NaN,NaN,NaN,NaN,NaN,NaN,NaN,NaN,NaN,NaN,NaN,NaN,NaN,NaN,NaN,NaN,NaN,NaN,NaN,NaN,NaN,NaN,NaN,NaN,NaN,NaN,NaN,NaN,NaN,NaN,NaN,NaN,NaN,NaN,NaN,NaN,NaN,NaN,NaN,NaN,NaN,NaN,NaN,NaN,NaN,NaN,NaN,NaN,NaN,NaN,NaN,NaN,NaN,NaN,NaN,NaN,NaN,NaN,NaN,NaN,NaN,NaN,NaN,NaN,NaN,NaN,NaN,NaN,NaN,NaN,NaN,NaN,NaN,NaN,NaN,NaN,NaN,NaN,NaN,NaN,NaN,NaN,NaN,NaN,NaN,NaN,NaN,NaN,NaN,NaN,NaN,NaN,NaN,NaN,NaN,NaN,NaN,NaN,NaN,NaN,NaN,NaN,NaN,NaN,NaN,NaN,NaN,NaN,NaN,NaN,NaN,NaN,NaN,NaN,NaN,NaN,NaN,NaN,NaN,NaN,NaN,NaN,NaN,NaN,NaN,NaN,NaN,NaN,NaN,NaN,NaN,NaN,NaN,NaN,NaN,NaN,NaN,NaN,NaN,NaN,NaN,NaN,NaN,NaN,NaN,NaN,NaN,NaN,NaN,NaN,NaN,NaN,NaN,0.0947982051742405,0.0960064355824563,0.0960026654909922,0.0959969832683391,0.0959893886774788,0.095978057423096,0.095955692843121,0.0959081725136579,0.0958508325357041,0.0958189156499239,0.0957946050498621,0.0957781223172642,0.0957560037092913,0.0957440232994792,0.0957519920960047,0.0957662037157806,0.095780777008198,0.095778229352048,0.0957571414589332,0.0957591386279594,0.0957991532503778,0.0958569148355751,0.0958996563842569,0.0959206783129042,0.0959266515547339,0.0959373423946054,0.0959755557057715,0.0959984791214776,0.0960437649582285,0.0961094480089831,0.0961446083125323,0.0961537855617984,0.0961920099999046,0.0961964763163321,0.0962475935511628,0.0963422737650379,0.0964283686984874,0.0965090835078609,0.0965855890164449,0.096639413529623,0.0966990220837182,0.0967646898911927,0.0968103864428641,0.0968514592352619,0.0968779718628995,0.0968527853621903,0.0968304237820903,0.0968736047170048,0.0968949100840505,0.0968574010376502,0.0968793333825149,0.0969821177104426,0.0970562326585919,0.0971014218911713,0.0971319225008961,0.0971580304722885,0.0971854315826467,0.0972102469138209,0.0972153513010645,0.097219273530718,0.0972283933303976,0.0972362642200725,0.0972491971711919,0.0972633400594313,0.0972755960124372,0.0972870077153303,0.0972979602998867,0.0973087583654281,0.0973183220737157,0.0973273654956615,0.0973359055635982,0.0973430114057226,0.0973496790378753,0.0973563535083946,0.0973622367914188,0.0973665647691881,0.0973722158121085,0.0973210683330475,0.0971086618510179
NaN,NaN,NaN,NaN,NaN,NaN,NaN,NaN,NaN,NaN,NaN,NaN,NaN,NaN,NaN,NaN,NaN,NaN,NaN,NaN,NaN,NaN,NaN,NaN,NaN,NaN,NaN,NaN,NaN,NaN,NaN,NaN,NaN,NaN,NaN,NaN,NaN,NaN,NaN,NaN,NaN,NaN,NaN,NaN,NaN,NaN,NaN,NaN,NaN,NaN,NaN,NaN,NaN,NaN,NaN,NaN,NaN,NaN,NaN,NaN,NaN,NaN,NaN,NaN,NaN,NaN,NaN,NaN,NaN,NaN,NaN,NaN,NaN,NaN,NaN,NaN,NaN,NaN,NaN,NaN,NaN,NaN,NaN,NaN,NaN,NaN,NaN,NaN,NaN,NaN,NaN,NaN,NaN,NaN,NaN,NaN,NaN,NaN,NaN,NaN,NaN,NaN,NaN,NaN,NaN,NaN,NaN,NaN,NaN,NaN,NaN,NaN,NaN,NaN,NaN,NaN,NaN,NaN,NaN,NaN,NaN,NaN,NaN,NaN,NaN,NaN,NaN,NaN,NaN,NaN,NaN,NaN,NaN,NaN,NaN,NaN,NaN,NaN,NaN,NaN,NaN,NaN,NaN,NaN,NaN,NaN,NaN,NaN,NaN,NaN,NaN,NaN,NaN,NaN,NaN,NaN,NaN,NaN,NaN,NaN,NaN,NaN,NaN,NaN,NaN,NaN,NaN,0.0947908942160749,0.0959982420086474,0.0959941656526296,0.0959880056755508,0.0959743000915922,0.095927299125971,0.0958600967101415,0.0958088860061984,0.0957656467278058,0.0957237824961324,0.0956987058469674,0.0956869125693968,0.0957010122804595,0.0957208315879627,0.0957364716264177,0.0957513646126216,0.0957369950584066,0.0957292904927197,0.0957536157130887,0.0958015447559808,0.0958370772289456,0.095864755375291,0.0958799556259975,0.0958841360875766,0.0958837057442848,0.0959109595506887,0.0959547468393871,0.0959786639063313,0.0960616309804078,0.09612534509452,0.0961234331932323,0.0961173103553426,0.0961221874871191,0.0961502664991203,0.0962380882676826,0.0963484114650279,0.0964446415397004,0.0965467181721247,0.0966475250816525,0.0967411882182354,0.0968007588755422,0.0968303011434106,0.0968643479096088,0.0969009545493607,0.0968973536759707,0.0968830265337394,0.0969185727000705,0.0969139720783952,0.0968751403404993,0.0969246929045194,0.0969937000488099,0.0970552145702815,0.0971054818960358,0.0971436714409183,0.0971770854712509,0.0972091561451385,0.0972407042824488,0.0972453017856445,0.0972403788631601,0.0972475833646956,0.0972606448104465,0.0972739149535558,0.0972919804043849,0.0973063387093077,0.0973170960112403,0.0973268733000615,0.0973366754661781,0.0973458916046318,0.0973544913826644,0.0973621723455517,0.0973692419142264,0.0973760880148034,0.0973829184423598,0.0973891830346326,0.0973931571018066,0.0973981197912943,0.0973467137852334,0.0971330900085542
NaN,NaN,NaN,NaN,NaN,NaN,NaN,NaN,NaN,NaN,NaN,NaN,NaN,NaN,NaN,NaN,NaN,NaN,NaN,NaN,NaN,NaN,NaN,NaN,NaN,NaN,NaN,NaN,NaN,NaN,NaN,NaN,NaN,NaN,NaN,NaN,NaN,NaN,NaN,NaN,NaN,NaN,NaN,NaN,NaN,NaN,NaN,NaN,NaN,NaN,NaN,NaN,NaN,NaN,NaN,NaN,NaN,NaN,NaN,NaN,NaN,NaN,NaN,NaN,NaN,NaN,NaN,NaN,NaN,NaN,NaN,NaN,NaN,NaN,NaN,NaN,NaN,NaN,NaN,NaN,NaN,NaN,NaN,NaN,NaN,NaN,NaN,NaN,NaN,NaN,NaN,NaN,NaN,NaN,NaN,NaN,NaN,NaN,NaN,NaN,NaN,NaN,NaN,NaN,NaN,NaN,NaN,NaN,NaN,NaN,NaN,NaN,NaN,NaN,NaN,NaN,NaN,NaN,NaN,NaN,NaN,NaN,NaN,NaN,NaN,NaN,NaN,NaN,NaN,NaN,NaN,NaN,NaN,NaN,NaN,NaN,NaN,NaN,NaN,NaN,NaN,NaN,NaN,NaN,NaN,NaN,NaN,NaN,NaN,NaN,NaN,NaN,NaN,NaN,NaN,NaN,NaN,NaN,NaN,NaN,NaN,NaN,NaN,NaN,NaN,NaN,NaN,NaN,0.0947833644103546,0.0959697679006853,0.0959669948465247,0.0958760954692689,0.0958259875372432,0.0957589193204368,0.0957148274980629,0.0956692251167551,0.0956523831659521,0.0956452887976345,0.0956474331650547,0.095676783092758,0.0956665277558509,0.0956688667772596,0.095682184753302,0.0956757298207175,0.095693587693433,0.0957459737410703,0.0957823028725701,0.0957936035937867,0.0958158556995845,0.095840374440778,0.0958441647172813,0.0958373438832221,0.0958196718773,0.0958500718634494,0.0958922174552837,0.0959509911834606,0.0960334784282421,0.0960914597913004,0.0960985122927162,0.0960796336615504,0.096099680487575,0.0961520422763481,0.0962370261180748,0.0963346601651559,0.0964761633308137,0.0966669281549397,0.0967821572803205,0.09682559163152,0.0968536144422899,0.096887003752551,0.0969155547994725,0.0969239513145706,0.0969254644752652,0.0969492615743707,0.0969277845109561,0.0969079880706766,0.0969710551933171,0.0970183398728562,0.0970643497358034,0.0971164839479228,0.0971609056680923,0.0971968915155731,0.0972295780474597,0.0972608690312012,0.0972707005168817,0.0972602860138233,0.0972645335866012,0.097283206824085,0.0973037975220079,0.0973242309661683,0.0973373857667993,0.09734668554263,0.0973558755671084,0.0973650362299221,0.0973735387604627,0.0973816824585841,0.097388662412328,0.0973954837856016,0.0974024976311339,0.0974092242335722,0.0974150297112866,0.0974186236862901,0.0974238681891492,0.0973727574522676,0.0971579008076888
NaN,NaN,NaN,NaN,NaN,NaN,NaN,NaN,NaN,NaN,NaN,NaN,NaN,NaN,NaN,NaN,NaN,NaN,NaN,NaN,NaN,NaN,NaN,NaN,NaN,NaN,NaN,NaN,NaN,NaN,NaN,NaN,NaN,NaN,NaN,NaN,NaN,NaN,NaN,NaN,NaN,NaN,NaN,NaN,NaN,NaN,NaN,NaN,NaN,NaN,NaN,NaN,NaN,NaN,NaN,NaN,NaN,NaN,NaN,NaN,NaN,NaN,NaN,NaN,NaN,NaN,NaN,NaN,NaN,NaN,NaN,NaN,NaN,NaN,NaN,NaN,NaN,NaN,NaN,NaN,NaN,NaN,NaN,NaN,NaN,NaN,NaN,NaN,NaN,NaN,NaN,NaN,NaN,NaN,NaN,NaN,NaN,NaN,NaN,NaN,NaN,NaN,NaN,NaN,NaN,NaN,NaN,NaN,NaN,NaN,NaN,NaN,NaN,NaN,NaN,NaN,NaN,NaN,NaN,NaN,NaN,NaN,NaN,NaN,NaN,NaN,NaN,NaN,NaN,NaN,NaN,NaN,NaN,NaN,NaN,NaN,NaN,NaN,NaN,NaN,NaN,NaN,NaN,NaN,NaN,NaN,NaN,NaN,NaN,NaN,NaN,NaN,NaN,NaN,NaN,NaN,NaN,NaN,NaN,NaN,NaN,NaN,NaN,NaN,NaN,NaN,NaN,NaN,NaN,NaN,NaN,NaN,0.0957129499832535,0.0956116114383147,0.0955639026874512,0.0955472893724655,0.0955630000085034,0.0955616601456484,0.09557347982395,0.0955782962069812,0.0955706693425084,0.0956002568277841,0.0956119918295699,0.0956058903507736,0.0956356029802034,0.0956833710779068,0.0956975311620726,0.0957249766519114,0.0957590781639572,0.0957915452504092,0.0958043539533577,0.0958057520081452,0.0958015257232532,0.0958125652102629,0.095872751089818,0.0958940428286316,0.0959970416757661,0.0960622850502586,0.0960745345948429,0.0960518860274131,0.0960313268704843,0.0960696192427733,0.0961218553309277,0.0962041572707421,0.0964099933183192,0.0966740938365659,0.096808736602531,0.0968518224248652,0.0968698633772677,0.0968978640201374,0.0969292041834331,0.0969365082921103,0.096945406814223,0.096967945334425,0.0969512650296172,0.0969751332683844,0.0970133843258744,0.0970492658871767,0.0970848719806656,0.0971289380594154,0.0971756512076648,0.0972120450155411,0.0972429818787774,0.0972717296059205,0.0972877426048431,0.0972862640196946,0.0972860141341532,0.0973085434302017,0.0973347191853249,0.0973578462655653,0.0973706015297611,0.0973783774984579,0.0973859191892297,0.0973941477118058,0.0974014781854545,0.0974088941332305,0.0974158262661774,0.0974220430161145,0.0974285389893675,0.0974348075399235,0.097440204887784,0.0974438974648736,0.097449799128318,0.097399265034736,0.0971831549282195
NaN,NaN,NaN,NaN,NaN,NaN,NaN,NaN,NaN,NaN,NaN,NaN,NaN,NaN,NaN,NaN,NaN,NaN,NaN,NaN,NaN,NaN,NaN,NaN,NaN,NaN,NaN,NaN,NaN,NaN,NaN,NaN,NaN,NaN,NaN,NaN,NaN,NaN,NaN,NaN,NaN,NaN,NaN,NaN,NaN,NaN,NaN,NaN,NaN,NaN,NaN,NaN,NaN,NaN,NaN,NaN,NaN,NaN,NaN,NaN,NaN,NaN,NaN,NaN,NaN,NaN,NaN,NaN,NaN,NaN,NaN,NaN,NaN,NaN,NaN,NaN,NaN,NaN,NaN,NaN,NaN,NaN,NaN,NaN,NaN,NaN,NaN,NaN,NaN,NaN,NaN,NaN,NaN,NaN,NaN,NaN,NaN,NaN,NaN,NaN,NaN,NaN,NaN,NaN,NaN,NaN,NaN,NaN,NaN,NaN,NaN,NaN,NaN,NaN,NaN,NaN,NaN,NaN,NaN,NaN,NaN,NaN,NaN,NaN,NaN,NaN,NaN,NaN,NaN,NaN,NaN,NaN,NaN,NaN,NaN,NaN,NaN,NaN,NaN,NaN,NaN,NaN,NaN,NaN,NaN,NaN,NaN,NaN,NaN,NaN,NaN,NaN,NaN,NaN,NaN,NaN,NaN,NaN,NaN,NaN,NaN,NaN,NaN,NaN,NaN,NaN,NaN,NaN,NaN,NaN,NaN,NaN,NaN,0.095449796552935,0.0954254336551627,0.0954250828373393,0.0954276416697374,0.095412328185941,0.0954271134743029,0.0954379630551123,0.0954666606522151,0.0955166973267547,0.095510294981506,0.09551238471511,0.0955774264953578,0.0955864724308562,0.0955970342609085,0.0956353264381006,0.0956734562063849,0.0957154936070503,0.0957472717534248,0.0957663749701669,0.0957870291301499,0.0958133134787064,0.0958709509101546,0.0958839149659945,0.0959551663483806,0.0960305811904947,0.0960304610688943,0.0960200314860213,0.0960252900191701,0.0960292031608777,0.0960283106946349,0.0960793479008343,0.0963696265598711,0.0966524644590576,0.0967948764083439,0.0968574580052741,0.096881500062376,0.0968945577800529,0.09693120932243,0.0969467062435818,0.0969573819235965,0.0969810272984846,0.096989425341968,0.0970160306499678,0.0970520437353148,0.0970918796950267,0.0971166086656798,0.0971335835791838,0.0971803315157563,0.0972203585735098,0.0972515571884208,0.0972806333872085,0.0973028713798156,0.0973088218429727,0.0973143395261603,0.0973409263974297,0.0973702713683028,0.0973915527294829,0.0974032680326245,0.0974098769624791,0.0974164696437957,0.0974236416338765,0.0974300591254752,0.0974365414061056,0.0974434741456407,0.0974491280201427,0.0974545378240528,0.0974600832133572,0.0974654055088256,0.0974696427793704,0.0974760885215498,0.0974260619856454,0.0972086814219435
NaN,NaN,NaN,NaN,NaN,NaN,NaN,NaN,NaN,NaN,NaN,NaN,NaN,NaN,NaN,NaN,NaN,NaN,NaN,NaN,NaN,NaN,NaN,NaN,NaN,NaN,NaN,NaN,NaN,NaN,NaN,NaN,NaN,NaN,NaN,NaN,NaN,NaN,NaN,NaN,NaN,NaN,NaN,NaN,NaN,NaN,NaN,NaN,NaN,NaN,NaN,NaN,NaN,NaN,NaN,NaN,NaN,NaN,NaN,NaN,NaN,NaN,NaN,NaN,NaN,NaN,NaN,NaN,NaN,NaN,NaN,NaN,NaN,NaN,NaN,NaN,NaN,NaN,NaN,NaN,NaN,NaN,NaN,NaN,NaN,NaN,NaN,NaN,NaN,NaN,NaN,NaN,NaN,NaN,NaN,NaN,NaN,NaN,NaN,NaN,NaN,NaN,NaN,NaN,NaN,NaN,NaN,NaN,NaN,NaN,NaN,NaN,NaN,NaN,NaN,NaN,NaN,NaN,NaN,NaN,NaN,NaN,NaN,NaN,NaN,NaN,NaN,NaN,NaN,NaN,NaN,NaN,NaN,NaN,NaN,NaN,NaN,NaN,NaN,NaN,NaN,NaN,NaN,NaN,NaN,NaN,NaN,NaN,NaN,NaN,NaN,NaN,NaN,NaN,NaN,NaN,NaN,NaN,NaN,NaN,NaN,NaN,NaN,NaN,NaN,NaN,NaN,NaN,NaN,NaN,NaN,NaN,NaN,0.0953320351245612,0.0953095641681946,0.0953096486281845,0.095303188815716,0.0952992536875553,0.0953102771055094,0.0953012145063293,0.0953419943052964,0.0953716989705398,0.0953685758979032,0.0954031859894111,0.0954490858863387,0.0954613038001889,0.0955142684911792,0.0955441227653651,0.0955698748938951,0.0956157558530717,0.0956682928699499,0.0957052590521817,0.0957400897751661,0.0957705848891185,0.0958290713976936,0.0958538306105954,0.0958854851723949,0.0959521167676147,0.0959556707716855,0.0959295819113301,0.0959617109415789,0.09598773298904,0.09598543154141,0.0960477711252047,0.0963279653362312,0.0965646987607248,0.0967074996754929,0.0968052271960973,0.09687151948044,0.0969011764280421,0.0969225127119654,0.0969555333287671,0.0969818582859679,0.0970014158634443,0.097018031027524,0.0970403235016857,0.0970702464734212,0.0971059322308367,0.0971413552372282,0.0971578228991776,0.0971794105647152,0.0972136330683624,0.09725329617572,0.0972870779538036,0.0973158749481195,0.0973292618646591,0.09735116702896,0.0973841841874397,0.0974087689959262,0.0974247178903457,0.0974346788746657,0.0974417202131438,0.0974474276899314,0.0974531833480535,0.0974588067919519,0.0974648396820074,0.0974710263250027,0.0974759764538863,0.0974806728113128,0.0974856195881857,0.0974909803718429,0.0974956474340395,0.0975020869746635,0.0974525723092627,0.0972339235189571
NaN,NaN,NaN,NaN,NaN,NaN,NaN,NaN,NaN,NaN,NaN,NaN,NaN,NaN,NaN,NaN,NaN,NaN,NaN,NaN,NaN,NaN,NaN,NaN,NaN,NaN,NaN,NaN,NaN,NaN,NaN,NaN,NaN,NaN,NaN,NaN,NaN,NaN,NaN,NaN,NaN,NaN,NaN,NaN,NaN,NaN,NaN,NaN,NaN,NaN,NaN,NaN,NaN,NaN,NaN,NaN,NaN,NaN,NaN,NaN,NaN,NaN,NaN,NaN,NaN,NaN,NaN,NaN,NaN,NaN,NaN,NaN,NaN,NaN,NaN,NaN,NaN,NaN,NaN,NaN,NaN,NaN,NaN,NaN,NaN,NaN,NaN,NaN,NaN,NaN,NaN,NaN,NaN,NaN,NaN,NaN,NaN,NaN,NaN,NaN,NaN,NaN,NaN,NaN,NaN,NaN,NaN,NaN,NaN,NaN,NaN,NaN,NaN,NaN,NaN,NaN,NaN,NaN,NaN,NaN,NaN,NaN,NaN,NaN,NaN,NaN,NaN,NaN,NaN,NaN,NaN,NaN,NaN,NaN,NaN,NaN,NaN,NaN,NaN,NaN,NaN,NaN,NaN,NaN,NaN,NaN,NaN,NaN,NaN,NaN,NaN,NaN,NaN,NaN,NaN,NaN,NaN,NaN,NaN,NaN,NaN,NaN,NaN,NaN,NaN,NaN,NaN,NaN,NaN,NaN,NaN,NaN,NaN,0.0951855755996763,0.0951787539514495,0.0951840448964067,0.0951899364366346,0.0951992968712762,0.0951939083953035,0.0951900046247564,0.0952287998137022,0.095250857094906,0.0952560688838978,0.0952983547277722,0.0953210483301022,0.0953759602602549,0.0954366222818826,0.0954345103646611,0.095456476909613,0.0955010172092416,0.0955638007698463,0.0956122881271172,0.0956553597340667,0.0956868515271947,0.0957359506471066,0.0957747696138685,0.0957898258866756,0.0958504766579803,0.0958654185991579,0.0958431123604876,0.0958765038975987,0.0959144752821971,0.0959064656964052,0.0960222206271406,0.0962935599454212,0.0964816509478831,0.0966014976263928,0.0967036007917392,0.0968080508630345,0.096874883662668,0.0969167719580451,0.0969602753576662,0.096994740336657,0.0970263021930375,0.0970473378151303,0.0970639198299439,0.0970878471509185,0.0971175616237033,0.0971494667550598,0.0971600217825458,0.0971722298426474,0.0971915704161874,0.097237149551268,0.0972723352098305,0.097317150062525,0.0973568242072119,0.0974010706749909,0.0974327856853332,0.0974505194583759,0.0974612208652789,0.0974691135242798,0.0974749245519869,0.0974792106953219,0.0974837033721588,0.097488448614294,0.0974933384690633,0.0974982347107637,0.0975027988724093,0.0975068343209199,0.0975116162451099,0.0975166570507468,0.0975210981221408,0.0975275733030063,0.0974794323004037,0.0972594964190498
NaN,NaN,NaN,NaN,NaN,NaN,NaN,NaN,NaN,NaN,NaN,NaN,NaN,NaN,NaN,NaN,NaN,NaN,NaN,NaN,NaN,NaN,NaN,NaN,NaN,NaN,NaN,NaN,NaN,NaN,NaN,NaN,NaN,NaN,NaN,NaN,NaN,NaN,NaN,NaN,NaN,NaN,NaN,NaN,NaN,NaN,NaN,NaN,NaN,NaN,NaN,NaN,NaN,NaN,NaN,NaN,NaN,NaN,NaN,NaN,NaN,NaN,NaN,NaN,NaN,NaN,NaN,NaN,NaN,NaN,NaN,NaN,NaN,NaN,NaN,NaN,NaN,NaN,NaN,NaN,NaN,NaN,NaN,NaN,NaN,NaN,NaN,NaN,NaN,NaN,NaN,NaN,NaN,NaN,NaN,NaN,NaN,NaN,NaN,NaN,NaN,NaN,NaN,NaN,NaN,NaN,NaN,NaN,NaN,NaN,NaN,NaN,NaN,NaN,NaN,NaN,NaN,NaN,NaN,NaN,NaN,NaN,NaN,NaN,NaN,NaN,NaN,NaN,NaN,NaN,NaN,NaN,NaN,NaN,NaN,NaN,NaN,NaN,NaN,NaN,NaN,NaN,NaN,NaN,NaN,NaN,NaN,NaN,NaN,NaN,NaN,NaN,NaN,NaN,NaN,NaN,NaN,NaN,NaN,NaN,NaN,NaN,NaN,NaN,NaN,NaN,NaN,NaN,NaN,NaN,NaN,NaN,NaN,0.095027946748085,0.0950401627748018,0.095069280527577,0.0950940008107105,0.0951106038800548,0.0951005495338892,0.0951062845847261,0.0951431428208371,0.0951589506076141,0.0951747992036765,0.0952024463330911,0.095227615652576,0.0952817833003344,0.0952915398870049,0.0952963680866923,0.0953332890065147,0.0953776076906138,0.0954343357739421,0.095487926722614,0.0955239376770187,0.0955613407266231,0.095602723502492,0.0956579338746955,0.0956941859634597,0.0957310061187705,0.0957717392124175,0.0957751176974804,0.0957974384711272,0.0957910360424163,0.0957479299695972,0.0959031121151344,0.0961701313444635,0.0963808673242122,0.0965215799572014,0.0966180596637048,0.0967276351400629,0.0968340820391051,0.0969031496116927,0.0969718674622451,0.0970165221023111,0.0970428309289743,0.0970632507042232,0.0970831718584207,0.097105474847691,0.0971259877660982,0.0971541540638828,0.0971706011257638,0.0971706694583101,0.0971669448105779,0.0971949409818315,0.0972372886975611,0.0973245542764708,0.0974126922621479,0.0974624560810714,0.0974853849555084,0.0974970506802452,0.0975026569039098,0.0975060457059846,0.097509426219432,0.0975117856773193,0.0975146293209939,0.0975179770256281,0.0975214230139712,0.0975251611459622,0.0975290545691288,0.0975324615950813,0.0975370108099279,0.0975417798481888,0.0975463758985751,0.0975531296870186,0.0975064496149758,0.097285194629104
NaN,NaN,NaN,NaN,NaN,NaN,NaN,NaN,NaN,NaN,NaN,NaN,NaN,NaN,NaN,NaN,NaN,NaN,NaN,NaN,NaN,NaN,NaN,NaN,NaN,NaN,NaN,NaN,NaN,NaN,NaN,NaN,NaN,NaN,NaN,NaN,NaN,NaN,NaN,NaN,NaN,NaN,NaN,NaN,NaN,NaN,NaN,NaN,NaN,NaN,NaN,NaN,NaN,NaN,NaN,NaN,NaN,NaN,NaN,NaN,NaN,NaN,NaN,NaN,NaN,NaN,NaN,NaN,NaN,NaN,NaN,NaN,NaN,NaN,NaN,NaN,NaN,NaN,NaN,NaN,NaN,NaN,NaN,NaN,NaN,NaN,NaN,NaN,NaN,NaN,NaN,NaN,NaN,NaN,NaN,NaN,NaN,NaN,NaN,NaN,NaN,NaN,NaN,NaN,NaN,NaN,NaN,NaN,NaN,NaN,NaN,NaN,NaN,NaN,NaN,NaN,NaN,NaN,NaN,NaN,NaN,NaN,NaN,NaN,NaN,NaN,NaN,NaN,NaN,NaN,NaN,NaN,NaN,NaN,NaN,NaN,NaN,NaN,NaN,NaN,NaN,NaN,NaN,NaN,NaN,NaN,NaN,NaN,NaN,NaN,NaN,NaN,NaN,NaN,NaN,NaN,NaN,NaN,NaN,NaN,NaN,NaN,NaN,NaN,NaN,NaN,NaN,NaN,NaN,NaN,NaN,NaN,0.0949026315880819,0.0949376067085443,0.0949674782683602,0.0950042700370937,0.0950319720612027,0.0950348733169097,0.0950110346865526,0.0950178689118432,0.0950474492744283,0.095053868244721,0.0950744697800379,0.0950888813729571,0.0951152395693072,0.0951516402790058,0.0951422719455069,0.095161376088776,0.0952036942430589,0.0952566954114154,0.095298377178671,0.0953346216657118,0.0953558287702626,0.0953935756379756,0.0954273009339583,0.095466050107027,0.0955773422248206,0.0956305825135291,0.0956658782516559,0.0956805624946508,0.0956973917574435,0.0956731826886644,0.0956229453646343,0.0957435207940931,0.0960132420005648,0.096221220685315,0.0963834767905904,0.0965115988324664,0.096651976113568,0.096800485901535,0.096914233933286,0.0969937797330736,0.0970243290723968,0.0970381544129264,0.0970596865113592,0.0970862210610631,0.0971071734480935,0.0971282090250242,0.0971756209806626,0.0971891429375155,0.0971828671227865,0.0971736214433797,0.0971773029859185,0.0972129195774555,0.0973849605841953,0.0974978415773426,0.0975338410122091,0.0975447840731667,0.0975484432041972,0.0975471250950289,0.0975453581171709,0.0975447700407963,0.0975453275137318,0.0975463917297011,0.0975472334867099,0.0975486360331924,0.0975515314645061,0.0975546186575008,0.097557868388789,0.0975619802448253,0.0975665070612211,0.0975709615764606,0.0975779376381009,0.0975330130641521,0.09731041591774
NaN,NaN,NaN,NaN,NaN,NaN,NaN,NaN,NaN,NaN,NaN,NaN,NaN,NaN,NaN,NaN,NaN,NaN,NaN,NaN,NaN,NaN,NaN,NaN,NaN,NaN,NaN,NaN,NaN,NaN,NaN,NaN,NaN,NaN,NaN,NaN,NaN,NaN,NaN,NaN,NaN,NaN,NaN,NaN,NaN,NaN,NaN,NaN,NaN,NaN,NaN,NaN,NaN,NaN,NaN,NaN,NaN,NaN,NaN,NaN,NaN,NaN,NaN,NaN,NaN,NaN,NaN,NaN,NaN,NaN,NaN,NaN,NaN,NaN,NaN,NaN,NaN,NaN,NaN,NaN,NaN,NaN,NaN,NaN,NaN,NaN,NaN,NaN,NaN,NaN,NaN,NaN,NaN,NaN,NaN,NaN,NaN,NaN,NaN,NaN,NaN,NaN,NaN,NaN,NaN,NaN,NaN,NaN,NaN,NaN,NaN,NaN,NaN,NaN,NaN,NaN,NaN,NaN,NaN,NaN,NaN,NaN,NaN,NaN,NaN,NaN,NaN,NaN,NaN,NaN,NaN,NaN,NaN,NaN,NaN,NaN,NaN,NaN,NaN,NaN,NaN,NaN,NaN,NaN,NaN,NaN,NaN,NaN,NaN,NaN,NaN,NaN,NaN,NaN,NaN,NaN,NaN,NaN,NaN,NaN,NaN,NaN,NaN,NaN,NaN,NaN,NaN,NaN,NaN,NaN,NaN,NaN,0.0949029387053455,0.0949221796691825,0.0949407354557707,0.0949607374919249,0.0949730834048288,0.0949531452086129,0.094931450642904,0.0949343084183639,0.0949308084979961,0.0949409859718916,0.0949603232548945,0.0949685166054427,0.0949908664405451,0.0950053357427557,0.0949930012763134,0.0950065838982675,0.0950606382456187,0.0951056266829536,0.0951287101051556,0.0951479390028086,0.0951790802399342,0.095194909074182,0.0952281292390535,0.0952483443577274,0.0953359836987748,0.0954751384226139,0.0955232891357143,0.0955564207797105,0.0955903852377875,0.0955846564692102,0.0955742562240356,0.0956491379108898,0.0958606222068572,0.0960534340791488,0.0962100992309429,0.0963579862263862,0.0965557322380735,0.0968149256004037,0.0969397649746304,0.0970021579292527,0.0970332357270679,0.0970416152744216,0.0970560287641626,0.0970818743601102,0.0970921372582607,0.0970943568291266,NaN,NaN,NaN,NaN,NaN,NaN,0.0975371280029118,0.0975895759920034,0.0976013044211591,0.0976026510952351,0.0975963920458965,0.0975884594705976,0.0975834411914033,0.0975800683694472,0.0975782460926076,0.0975778888896026,0.0975771120416033,0.0975761129033086,0.0975774207565084,0.0975796480792062,0.0975820789622251,0.0975861046831038,0.0975901224723058,0.0975939168108532,0.0976015767474604,0.0975591643649322,0.0973352101418181
NaN,NaN,NaN,NaN,NaN,NaN,NaN,NaN,NaN,NaN,NaN,NaN,NaN,NaN,NaN,NaN,NaN,NaN,NaN,NaN,NaN,NaN,NaN,NaN,NaN,NaN,NaN,NaN,NaN,NaN,NaN,NaN,NaN,NaN,NaN,NaN,NaN,NaN,NaN,NaN,NaN,NaN,NaN,NaN,NaN,NaN,NaN,NaN,NaN,NaN,NaN,NaN,NaN,NaN,NaN,NaN,NaN,NaN,NaN,NaN,NaN,NaN,NaN,NaN,NaN,NaN,NaN,NaN,NaN,NaN,NaN,NaN,NaN,NaN,NaN,NaN,NaN,NaN,NaN,NaN,NaN,NaN,NaN,NaN,NaN,NaN,NaN,NaN,NaN,NaN,NaN,NaN,NaN,NaN,NaN,NaN,NaN,NaN,NaN,NaN,NaN,NaN,NaN,NaN,NaN,NaN,NaN,NaN,NaN,NaN,NaN,NaN,NaN,NaN,NaN,NaN,NaN,NaN,NaN,NaN,NaN,NaN,NaN,NaN,NaN,NaN,NaN,NaN,NaN,NaN,NaN,NaN,NaN,NaN,NaN,NaN,NaN,NaN,NaN,NaN,NaN,NaN,NaN,NaN,NaN,NaN,NaN,NaN,NaN,NaN,NaN,NaN,NaN,NaN,NaN,NaN,NaN,NaN,NaN,NaN,NaN,NaN,NaN,NaN,NaN,NaN,NaN,NaN,NaN,NaN,NaN,NaN,0.0949060024011771,0.0949217782153418,0.094920419884073,0.0949177018590676,0.0949144900637516,0.0948936482654285,0.0948728720040123,0.0948520980442277,0.0948199188821397,0.0948300739478754,0.0948558933377797,0.0948587205186391,0.0948615028741825,0.0948431564644813,0.0948156815043802,0.0948245697623818,0.094874409736031,0.0948999195788644,0.0949038433833842,0.0949501506455487,0.0949872140689147,0.0949904229596229,0.094990627576808,0.0949531367671149,0.0948970322874779,0.0950311523418839,0.0952908410970855,0.0953862294564705,0.0954452252161452,0.0954586022046337,0.0954753841136557,0.0955643008463313,0.0957261338945298,0.0958994558878203,0.0960485268930271,0.0962149204274703,0.0962436406043854,0.0968023693142032,0.0969574939777566,0.0970140249749902,0.0970446093254096,0.0970536781435973,0.0970570512502518,0.0969860329778514,0.0970554841784504,NaN,NaN,NaN,NaN,NaN,NaN,NaN,0.0976307800303666,0.0976407955154868,0.0976463623482599,0.0976427619903433,0.0976330937622474,0.0976262378495564,0.0976208096069021,0.097615934875581,0.0976113415475644,0.0976084392913344,0.0976066751187363,0.0976039161032394,0.0976023751583341,0.0976034504548154,0.0976052283812681,0.0976087490772838,0.0976128398252171,0.0976163936892571,0.0976240839989477,0.0975846639103107,0.0973593390271729
NaN,NaN,NaN,NaN,NaN,NaN,NaN,NaN,NaN,NaN,NaN,NaN,NaN,NaN,NaN,NaN,NaN,NaN,NaN,NaN,NaN,NaN,NaN,NaN,NaN,NaN,NaN,NaN,NaN,NaN,NaN,NaN,NaN,NaN,NaN,NaN,NaN,NaN,NaN,NaN,NaN,NaN,NaN,NaN,NaN,NaN,NaN,NaN,NaN,NaN,NaN,NaN,NaN,NaN,NaN,NaN,NaN,NaN,NaN,NaN,NaN,NaN,NaN,NaN,NaN,NaN,NaN,NaN,NaN,NaN,NaN,NaN,NaN,NaN,NaN,NaN,NaN,NaN,NaN,NaN,NaN,NaN,NaN,NaN,NaN,NaN,NaN,NaN,NaN,NaN,NaN,NaN,NaN,NaN,NaN,NaN,NaN,NaN,NaN,NaN,NaN,NaN,NaN,NaN,NaN,NaN,NaN,NaN,NaN,NaN,NaN,NaN,NaN,NaN,NaN,NaN,NaN,NaN,NaN,NaN,NaN,NaN,NaN,NaN,NaN,NaN,NaN,NaN,NaN,NaN,NaN,NaN,NaN,NaN,NaN,NaN,NaN,NaN,NaN,NaN,NaN,NaN,NaN,NaN,NaN,NaN,NaN,NaN,NaN,NaN,NaN,NaN,NaN,NaN,NaN,NaN,NaN,NaN,NaN,NaN,NaN,NaN,NaN,NaN,NaN,NaN,NaN,NaN,NaN,NaN,NaN,NaN,0.0909368974656469,0.0949080544165443,0.0949006360645754,0.0948848825372212,0.0948722402201521,0.0948477597689594,0.0948204178162537,0.094788421807172,0.0947491991034561,0.0947462872733088,0.0947697846271636,0.0947656579309204,0.0947312748499114,0.0946807841504878,0.0946394071635578,0.0946661213296868,0.09466555658542,0.0946461051750378,0.0946655268082566,0.0947381656998268,0.0947797955638639,0.0948015145269688,0.0947662295896866,0.0946714170823188,0.0945908854630454,0.0945509294687253,0.0948129482678341,0.0950980984546082,0.0951943075811909,0.095223293739626,0.0952607621446311,0.0953762376167741,0.0955380662717176,0.095676461025955,0.0957504454762759,0.0955107399662045,0.0857830386859467,0.092487947701851,0.0969607985595385,0.0970236080485836,0.0970532655421358,0.0970623771738514,0.0970583935683414,0.0936973011197651,0.0917599565475503,NaN,NaN,NaN,NaN,NaN,NaN,NaN,0.0976797797949528,0.0976789680231682,0.0976805219976245,0.0976738983295714,0.0976678517292777,0.0976618329423402,0.0976547755263724,0.097648146816243,0.0976416446610658,0.0976365320131922,0.0976337915640279,0.0976305367542995,0.0976268132863608,0.0976266715887282,0.0976281066240766,0.0976310393181749,0.0976345229129678,0.0976375272526526,0.097644924759563,0.0976082834511699,0.0973815642176515
NaN,NaN,NaN,NaN,NaN,NaN,NaN,NaN,NaN,NaN,NaN,NaN,NaN,NaN,NaN,NaN,NaN,NaN,NaN,NaN,NaN,NaN,NaN,NaN,NaN,NaN,NaN,NaN,NaN,NaN,NaN,NaN,NaN,NaN,NaN,NaN,NaN,NaN,NaN,NaN,NaN,NaN,NaN,NaN,NaN,NaN,NaN,NaN,NaN,NaN,NaN,NaN,NaN,NaN,NaN,NaN,NaN,NaN,NaN,NaN,NaN,NaN,NaN,NaN,NaN,NaN,NaN,NaN,NaN,NaN,NaN,NaN,NaN,NaN,NaN,NaN,NaN,NaN,NaN,NaN,NaN,NaN,NaN,NaN,NaN,NaN,NaN,NaN,NaN,NaN,NaN,NaN,NaN,NaN,NaN,NaN,NaN,NaN,NaN,NaN,NaN,NaN,NaN,NaN,NaN,NaN,NaN,NaN,NaN,NaN,NaN,NaN,NaN,NaN,NaN,NaN,NaN,NaN,NaN,NaN,NaN,NaN,NaN,NaN,NaN,NaN,NaN,NaN,NaN,NaN,NaN,NaN,NaN,NaN,NaN,NaN,NaN,NaN,NaN,NaN,NaN,NaN,NaN,NaN,NaN,NaN,NaN,NaN,NaN,NaN,NaN,NaN,NaN,NaN,NaN,NaN,NaN,NaN,NaN,NaN,NaN,NaN,NaN,NaN,NaN,NaN,NaN,NaN,NaN,NaN,NaN,NaN,NaN,0.0947965717325135,0.0948551823400648,0.0948395268265268,0.0948179050694582,0.0947890124970193,0.09476331346977,0.094731275707343,0.0946997698910498,0.0946886453996437,0.0947117008979403,0.0946729050903719,0.0945967871818328,0.0945313556676557,0.0945079158375009,0.0944784371047821,0.0944165898885856,0.0943859955659915,0.094442195740813,0.0945187195219687,0.094555195864745,0.0945621997216163,0.094528004255207,0.0944928575913599,0.094465429284505,0.0944099757886908,0.0944380389212375,0.0947436303381334,0.0948651641271451,0.0948550575457927,0.0949341675248935,0.0950912294595756,0.0952853928377312,0.0954279785567536,0.0954221469492165,NaN,NaN,NaN,NaN,NaN,NaN,NaN,NaN,NaN,NaN,NaN,NaN,NaN,NaN,NaN,NaN,NaN,0.0977180015717312,0.0977159343747386,0.097713860651603,0.0977073403912816,0.0977008024172584,0.0976934338875113,0.0976850003376939,0.0976766038094075,0.0976691499073383,0.0976626786848288,0.0976584351339951,0.0976542213165527,0.097650391637097,0.0976494545009431,0.0976503585013087,0.0976526385554405,0.0976551024088744,0.0976568718539736,0.0976646911179999,0.0976276717073374,0.0973995309245779
NaN,NaN,NaN,NaN,NaN,NaN,NaN,NaN,NaN,NaN,NaN,NaN,NaN,NaN,NaN,NaN,NaN,NaN,NaN,NaN,NaN,NaN,NaN,NaN,NaN,NaN,NaN,NaN,NaN,NaN,NaN,NaN,NaN,NaN,NaN,NaN,NaN,NaN,NaN,NaN,NaN,NaN,NaN,NaN,NaN,NaN,NaN,NaN,NaN,NaN,NaN,NaN,NaN,NaN,NaN,NaN,NaN,NaN,NaN,NaN,NaN,NaN,NaN,NaN,NaN,NaN,NaN,NaN,NaN,NaN,NaN,NaN,NaN,NaN,NaN,NaN,NaN,NaN,NaN,NaN,NaN,NaN,NaN,NaN,NaN,NaN,NaN,NaN,NaN,NaN,NaN,NaN,NaN,NaN,NaN,NaN,NaN,NaN,NaN,NaN,NaN,NaN,NaN,NaN,NaN,NaN,NaN,NaN,NaN,NaN,NaN,NaN,NaN,NaN,NaN,NaN,NaN,NaN,NaN,NaN,NaN,NaN,NaN,NaN,NaN,NaN,NaN,NaN,NaN,NaN,NaN,NaN,NaN,NaN,NaN,NaN,NaN,NaN,NaN,NaN,NaN,NaN,NaN,NaN,NaN,NaN,NaN,NaN,NaN,NaN,NaN,NaN,NaN,NaN,NaN,NaN,NaN,NaN,NaN,NaN,NaN,0.0429861338910938,0.0433219252571495,0.0438233521442907,0.0434004555314797,0.0430281936782579,0.0427479096253957,NaN,NaN,NaN,NaN,NaN,NaN,NaN,0.0946512343742552,0.0947502576938851,0.0947283096436362,0.0947044789574782,0.0946823776239027,0.0946537975325684,0.0946533500100195,0.0946474340361488,0.0946322067593329,0.0945577689172143,0.0944659454897016,0.0943847428252422,0.0943251930719842,0.0942340968868325,0.0941703449840972,0.0941517440629033,0.0941916962383891,0.0942267547631229,0.0942459346778592,0.0942251050124345,0.0941944658391144,0.0942160750226245,0.0942623688140364,0.0943377874161174,0.0943039058362523,0.0943860178916114,0.0944945040497037,0.094436013063656,0.0945129268069657,0.0947025701976088,0.0949245787179032,0.0951471702568163,0.0947527128804822,NaN,NaN,NaN,NaN,NaN,NaN,NaN,NaN,NaN,NaN,NaN,NaN,NaN,NaN,NaN,NaN,NaN,0.0977482931216349,0.097746118116335,0.0977435202713522,0.097737383630633,0.0977300191994103,0.0977217333297477,0.0977123023363159,0.0977027386661748,0.0976940410053374,0.097686620376337,0.0976811244395033,0.0976762553402581,0.0976727042358403,0.0976712452125608,0.0976710552154597,0.0976727772073934,0.0976745510139413,0.0976755502643579,0.0976831981726066,0.0976462419967577,0.0974166736011203
NaN,NaN,NaN,NaN,NaN,NaN,NaN,NaN,NaN,NaN,NaN,NaN,NaN,NaN,NaN,NaN,NaN,NaN,NaN,NaN,NaN,NaN,NaN,NaN,NaN,NaN,NaN,NaN,NaN,NaN,NaN,NaN,NaN,NaN,NaN,NaN,NaN,NaN,NaN,NaN,NaN,NaN,NaN,NaN,NaN,NaN,NaN,NaN,NaN,NaN,NaN,NaN,NaN,NaN,NaN,NaN,NaN,NaN,NaN,NaN,NaN,NaN,NaN,NaN,NaN,NaN,NaN,NaN,NaN,NaN,NaN,NaN,NaN,NaN,NaN,NaN,NaN,NaN,NaN,NaN,NaN,NaN,NaN,NaN,NaN,NaN,NaN,NaN,NaN,NaN,NaN,NaN,NaN,NaN,NaN,NaN,NaN,NaN,NaN,NaN,NaN,NaN,NaN,NaN,NaN,NaN,NaN,NaN,NaN,NaN,NaN,NaN,NaN,NaN,NaN,NaN,NaN,NaN,NaN,NaN,NaN,NaN,NaN,NaN,NaN,NaN,NaN,NaN,NaN,NaN,NaN,NaN,NaN,NaN,NaN,NaN,NaN,NaN,NaN,NaN,NaN,NaN,NaN,NaN,NaN,NaN,NaN,NaN,NaN,NaN,NaN,NaN,NaN,NaN,NaN,NaN,NaN,NaN,NaN,NaN,NaN,0.0433226085173522,0.0437792329255943,0.0446636555725592,0.0439749792698058,0.043407679075759,0.043017625099958,NaN,NaN,NaN,NaN,NaN,NaN,NaN,0.0938411613894708,0.0946084205339163,0.0946105511395901,0.0946102417496239,0.0945939386465215,0.0945717562057106,0.0945989764805551,0.0945988297103483,0.0945437616091044,0.0944608948214292,0.0943295206311042,0.0942147500314342,0.0941156020625378,0.0940211313406897,0.0939405635915989,0.0939120233285147,0.0939057930112783,0.093898643202828,0.0938332638294716,0.0937951016388558,0.0937832004143485,0.0939118228554638,0.0941224392588417,0.0943231058826745,0.0932350119774448,0.0928897492674854,0.0935556885932174,0.0936985228287631,0.0938327759628948,0.0939769445593355,0.0937632890910627,0.0896730828656476,NaN,NaN,NaN,NaN,NaN,NaN,NaN,NaN,NaN,NaN,NaN,NaN,NaN,NaN,NaN,NaN,NaN,NaN,0.0977734332270423,0.0977712520706285,0.0977679066492995,0.0977616748567733,0.0977541020209126,0.0977458995178329,0.0977359388669796,0.0977259991566168,0.0977165917269798,0.0977085989230767,0.0977026265638165,0.0976975935585835,0.0976936067623883,0.0976913458350489,0.0976905861559794,0.0976913390019226,0.0976931711306374,0.0976939306335168,0.0977008041181837,0.0976644462690006,0.0974334360849274
NaN,NaN,NaN,NaN,NaN,NaN,NaN,NaN,NaN,NaN,NaN,NaN,NaN,NaN,NaN,NaN,NaN,NaN,NaN,NaN,NaN,NaN,NaN,NaN,NaN,NaN,NaN,NaN,NaN,NaN,NaN,NaN,NaN,NaN,NaN,NaN,NaN,NaN,NaN,NaN,NaN,NaN,NaN,NaN,NaN,NaN,NaN,NaN,NaN,NaN,NaN,NaN,NaN,NaN,NaN,NaN,NaN,NaN,NaN,NaN,NaN,NaN,NaN,NaN,NaN,NaN,NaN,NaN,NaN,NaN,NaN,NaN,NaN,NaN,NaN,NaN,NaN,NaN,NaN,NaN,NaN,NaN,NaN,NaN,NaN,NaN,NaN,NaN,NaN,NaN,NaN,NaN,NaN,NaN,NaN,NaN,NaN,NaN,NaN,NaN,NaN,NaN,NaN,NaN,NaN,NaN,NaN,NaN,NaN,NaN,NaN,NaN,NaN,NaN,NaN,NaN,NaN,NaN,NaN,NaN,NaN,NaN,NaN,NaN,NaN,NaN,NaN,NaN,NaN,NaN,NaN,NaN,NaN,NaN,NaN,NaN,NaN,NaN,NaN,NaN,NaN,NaN,NaN,NaN,NaN,NaN,NaN,NaN,NaN,NaN,NaN,NaN,NaN,NaN,NaN,NaN,NaN,NaN,NaN,NaN,NaN,NaN,NaN,0.0464458983611536,0.0450360071497947,0.0439556948082263,0.0433879496187314,NaN,NaN,NaN,NaN,NaN,NaN,NaN,0.0942381143266553,0.0945186629577846,0.0945202866214988,0.0945203734265911,0.0945058357019854,0.0945133440386829,0.0945517578011289,0.0945506021720529,0.0944917272612586,0.0943556211518096,0.0941820302752893,0.0940599891031774,0.0939536722531032,0.0938537169808038,0.0937729967529747,0.0937001895563747,0.0936308573485542,0.0935510028333404,0.0934663627185376,0.0933396304236942,0.093357665412722,0.0935344429250696,0.0937415633754291,0.0928346323568172,0.0912949318083194,0.0909051951882542,0.0915029188753307,0.0920737609164119,0.092175004160945,0.091302585616463,0.0913974821430168,0.0760540342045962,NaN,NaN,NaN,NaN,NaN,NaN,NaN,NaN,NaN,NaN,NaN,NaN,NaN,NaN,NaN,NaN,NaN,NaN,0.0977947016503164,0.0977925866026801,0.097789246128246,0.0977826110694198,0.0977745905436889,0.0977667298779033,0.0977567297789973,0.0977464489140918,0.0977373417855293,0.097729458765656,0.0977228012972381,0.0977175999351176,0.0977132583906653,0.0977105540626062,0.0977092791913814,0.0977092849570965,0.0977109938652713,0.0977116516268686,0.0977175907465313,0.0976817565479783,0.097449289442279
NaN,NaN,NaN,NaN,NaN,NaN,NaN,NaN,NaN,NaN,NaN,NaN,NaN,NaN,NaN,NaN,NaN,NaN,NaN,NaN,NaN,NaN,NaN,NaN,NaN,NaN,NaN,NaN,NaN,NaN,NaN,NaN,NaN,NaN,NaN,NaN,NaN,NaN,NaN,NaN,NaN,NaN,NaN,NaN,NaN,NaN,NaN,NaN,NaN,NaN,NaN,NaN,NaN,NaN,NaN,NaN,NaN,NaN,NaN,NaN,NaN,NaN,NaN,NaN,NaN,NaN,NaN,NaN,NaN,NaN,NaN,NaN,NaN,NaN,NaN,NaN,NaN,NaN,NaN,NaN,NaN,NaN,NaN,NaN,NaN,NaN,NaN,NaN,NaN,NaN,NaN,NaN,NaN,NaN,NaN,NaN,NaN,NaN,NaN,NaN,NaN,NaN,NaN,NaN,NaN,NaN,NaN,NaN,NaN,NaN,NaN,NaN,NaN,NaN,NaN,NaN,NaN,NaN,NaN,NaN,NaN,NaN,NaN,NaN,NaN,NaN,NaN,NaN,NaN,NaN,NaN,NaN,NaN,NaN,NaN,NaN,NaN,NaN,NaN,NaN,NaN,NaN,NaN,NaN,NaN,NaN,NaN,NaN,NaN,NaN,NaN,NaN,NaN,NaN,NaN,NaN,NaN,NaN,NaN,NaN,NaN,NaN,NaN,0.0487132583505049,0.0469566961364183,NaN,NaN,NaN,NaN,NaN,NaN,NaN,NaN,NaN,0.0936248263046461,0.094349825519657,0.0943812250428268,0.0944067623886516,0.094415429653541,0.0944404336017829,0.0944830727421578,0.0945219572752166,0.0945304583780079,0.0942990181570096,0.0939929440746779,0.0939172783096684,0.0938360991794282,0.0937304962902949,0.0936179056357309,0.0935176392413258,0.0933960666850451,0.0932429508333756,0.0931108143741379,0.0929775408698352,0.0929164674530158,0.0929892710381333,0.0931080663502654,0.0917229975449221,0.0904184535886653,0.0901110771047185,0.0901921533651249,0.0906554189073498,0.0908328363371542,0.0910217814121062,0.087292510740284,NaN,NaN,NaN,NaN,NaN,NaN,NaN,NaN,NaN,NaN,NaN,NaN,NaN,NaN,NaN,NaN,NaN,NaN,NaN,0.0978136793447603,0.0978110968487609,0.0978077389754813,0.0978013481662349,0.0977930896022588,0.0977854084333569,0.0977755573949938,0.0977655323251892,0.0977565294617855,0.0977492335533345,0.0977418158018633,0.0977359104554499,0.0977314285890606,0.0977285765135359,0.0977270243554879,0.0977267873686898,0.0977277939755111,0.0977284782700834,0.0977340196506713,0.0976986276686704,0.0974646794990983
NaN,NaN,NaN,NaN,NaN,NaN,NaN,NaN,NaN,NaN,NaN,NaN,NaN,NaN,NaN,NaN,NaN,NaN,NaN,NaN,NaN,NaN,NaN,NaN,NaN,NaN,NaN,NaN,NaN,NaN,NaN,NaN,NaN,NaN,NaN,NaN,NaN,NaN,NaN,NaN,NaN,NaN,NaN,NaN,NaN,NaN,NaN,NaN,NaN,NaN,NaN,NaN,NaN,NaN,NaN,NaN,NaN,NaN,NaN,NaN,NaN,NaN,NaN,NaN,NaN,NaN,NaN,NaN,NaN,NaN,NaN,NaN,NaN,NaN,NaN,NaN,NaN,NaN,NaN,NaN,NaN,NaN,NaN,NaN,NaN,NaN,NaN,NaN,NaN,NaN,NaN,NaN,NaN,NaN,NaN,NaN,NaN,NaN,NaN,NaN,NaN,NaN,NaN,NaN,NaN,NaN,NaN,NaN,NaN,NaN,NaN,NaN,NaN,NaN,NaN,NaN,NaN,NaN,NaN,NaN,NaN,NaN,NaN,NaN,NaN,NaN,NaN,NaN,NaN,NaN,NaN,NaN,NaN,NaN,NaN,NaN,NaN,NaN,NaN,NaN,NaN,NaN,NaN,NaN,NaN,NaN,NaN,NaN,NaN,NaN,NaN,NaN,NaN,NaN,NaN,NaN,NaN,NaN,NaN,NaN,NaN,NaN,NaN,0.0526448538188406,0.0492067773441367,NaN,NaN,NaN,NaN,NaN,NaN,NaN,NaN,NaN,NaN,0.0936984609694357,0.0940589056882764,0.0942230730812795,0.0942373298125282,0.0942744894871109,0.094337605611432,0.0944362276197671,NaN,NaN,0.0935711755175123,0.0937063615925615,0.0936662249806261,0.0935645057692555,0.0934515790450251,0.0933029991483101,0.0931048371990167,0.0929176268213582,0.092762473612108,0.0926478225715877,0.0925679252867936,0.0926812372414788,0.092455662870257,0.0909562218110719,0.0899288312934143,0.0897326417180164,0.0897409288063001,0.0899071162832591,0.0901498288252973,0.0902801659812156,0.0853549051044084,NaN,NaN,NaN,NaN,NaN,NaN,NaN,NaN,NaN,NaN,NaN,NaN,NaN,NaN,NaN,NaN,NaN,NaN,NaN,0.0978310818394875,0.0978277986159426,0.0978239855119437,0.0978178465534108,0.0978098913400762,0.0978023646213651,0.097793130058571,0.0977837745449984,0.0977749455050438,0.0977670797323415,0.0977599615442786,0.0977533340519923,0.0977485501121392,0.0977459162290392,0.0977438811665113,0.0977432064827084,0.09774396853842,0.0977449674295857,0.0977501018507181,0.0977151663199867,0.09747970359077
NaN,NaN,NaN,NaN,NaN,NaN,NaN,NaN,NaN,NaN,NaN,NaN,NaN,NaN,NaN,NaN,NaN,NaN,NaN,NaN,NaN,NaN,NaN,NaN,NaN,NaN,NaN,NaN,NaN,NaN,NaN,NaN,NaN,NaN,NaN,NaN,NaN,NaN,NaN,NaN,NaN,NaN,NaN,NaN,NaN,NaN,NaN,NaN,NaN,NaN,NaN,NaN,NaN,NaN,NaN,NaN,NaN,NaN,NaN,NaN,NaN,NaN,NaN,NaN,NaN,NaN,NaN,NaN,NaN,NaN,NaN,NaN,NaN,NaN,NaN,NaN,NaN,NaN,NaN,NaN,NaN,NaN,NaN,NaN,NaN,NaN,NaN,NaN,NaN,NaN,NaN,NaN,NaN,NaN,NaN,NaN,NaN,NaN,NaN,NaN,NaN,NaN,NaN,NaN,NaN,NaN,NaN,NaN,NaN,NaN,NaN,NaN,NaN,NaN,NaN,NaN,NaN,NaN,NaN,NaN,NaN,NaN,NaN,NaN,NaN,NaN,NaN,NaN,NaN,NaN,NaN,NaN,NaN,NaN,NaN,NaN,NaN,NaN,NaN,NaN,NaN,NaN,NaN,NaN,NaN,NaN,NaN,NaN,NaN,NaN,NaN,NaN,NaN,NaN,NaN,NaN,NaN,NaN,NaN,NaN,NaN,NaN,NaN,0.059613361988004,0.0530620362674411,NaN,NaN,NaN,NaN,NaN,0.0652571445248428,0.066974222525053,0.0840226675748028,0.0859352669875277,0.0890996533144852,0.0923796067589934,0.0932650764100939,0.0938237357084306,0.0939206235185852,0.0940580187364802,0.0941604114632519,0.0942542553450115,NaN,NaN,0.0934877018558242,0.0934811634933436,0.0934007602264746,0.0932692845055978,0.0931331103804533,0.0929590951731592,0.0927916989770203,0.0926269702278191,0.0924661730804023,0.0923606441405553,0.0923108530756802,0.0922453969090673,0.0917098076146968,0.0903835041500571,0.0896760271180419,0.08949301221726,0.089518743588657,0.0895840212124136,0.0896512569119764,0.0896410719420139,0.0885369661265164,0.074267601239909,NaN,NaN,NaN,NaN,NaN,NaN,NaN,NaN,NaN,NaN,NaN,NaN,NaN,NaN,NaN,NaN,NaN,NaN,0.0978472833406676,0.0978430972362088,0.0978392193836314,0.0978322512955564,0.0978251932231787,0.0978181812035912,0.0978093217970272,0.0978006488841893,0.0977922342597515,0.097784103489836,0.0977772388426513,0.0977704641871481,0.0977652416324189,0.0977629224745279,0.0977610479040636,0.0977596910212442,0.097760429860498,0.0977614624755336,0.0977659172505469,0.0977304693451641,0.0974934688929007
NaN,NaN,NaN,NaN,NaN,NaN,NaN,NaN,NaN,NaN,NaN,NaN,NaN,NaN,NaN,NaN,NaN,NaN,NaN,NaN,NaN,NaN,NaN,NaN,NaN,NaN,NaN,NaN,NaN,NaN,NaN,NaN,NaN,NaN,NaN,NaN,NaN,NaN,NaN,NaN,NaN,NaN,NaN,NaN,NaN,NaN,NaN,NaN,NaN,NaN,NaN,NaN,NaN,NaN,NaN,NaN,NaN,NaN,NaN,NaN,NaN,NaN,NaN,NaN,NaN,NaN,NaN,NaN,NaN,NaN,NaN,NaN,NaN,NaN,NaN,NaN,NaN,NaN,NaN,NaN,NaN,NaN,NaN,NaN,NaN,NaN,NaN,NaN,NaN,NaN,NaN,NaN,NaN,NaN,NaN,NaN,NaN,NaN,NaN,NaN,NaN,NaN,NaN,NaN,NaN,NaN,NaN,NaN,NaN,NaN,NaN,NaN,NaN,NaN,NaN,NaN,NaN,NaN,NaN,NaN,NaN,NaN,NaN,NaN,NaN,NaN,NaN,NaN,NaN,NaN,NaN,NaN,NaN,NaN,NaN,NaN,NaN,NaN,NaN,NaN,NaN,NaN,NaN,NaN,NaN,NaN,NaN,NaN,NaN,NaN,NaN,NaN,NaN,NaN,NaN,NaN,NaN,NaN,NaN,NaN,0.0594826789356785,0.059965770368344,0.0598619615199764,0.0717905489831718,0.0600008594576394,NaN,0.0623293734109398,0.0632105863289294,0.0636390706752423,0.0800532647317019,0.0810303427951532,0.0829337652614988,0.0860623379887726,0.0889658655787597,0.0905330751543091,0.0917675322926384,0.092593444611347,0.0932227852385658,0.0936243533176181,0.093827084035127,0.0940092877486806,0.093200798744634,NaN,NaN,0.0932668398360537,0.0931990988090744,0.093111030793118,0.0929877205903997,0.0928449462593131,0.0926753033655376,0.0924733168095773,0.0922965620882571,0.0921654110254625,0.0920456628769154,0.0919711774759077,0.0916780303931326,0.0909309275185772,0.0900706781310932,0.0896175367544573,0.0894685996839707,0.0894801982085748,0.0894253438580474,0.0893701324477752,0.0893068530041974,0.0892264335471179,0.0881216862920315,NaN,NaN,NaN,NaN,NaN,NaN,NaN,NaN,NaN,NaN,NaN,NaN,NaN,NaN,NaN,NaN,NaN,NaN,0.0978623549369594,0.09785765266212,0.0978536975881113,0.0978462339321667,0.0978395335661376,0.0978326379884792,0.0978246484558684,0.0978164114706103,0.0978086988601952,0.0978005993279848,0.0977933724993741,0.0977869763563757,0.097781908607438,0.0977790650667907,0.0977777520721918,0.0977763821484018,0.0977766568845185,0.0977771473180125,0.0977808195703638,0.0977438760296764,0.0975053168944228
NaN,NaN,NaN,NaN,NaN,NaN,NaN,NaN,NaN,NaN,NaN,NaN,NaN,NaN,NaN,NaN,NaN,NaN,NaN,NaN,NaN,NaN,NaN,NaN,NaN,NaN,NaN,NaN,NaN,NaN,NaN,NaN,NaN,NaN,NaN,NaN,NaN,NaN,NaN,NaN,NaN,NaN,NaN,NaN,NaN,NaN,NaN,NaN,NaN,NaN,NaN,NaN,NaN,NaN,NaN,NaN,NaN,NaN,NaN,NaN,NaN,NaN,NaN,NaN,NaN,NaN,NaN,NaN,NaN,NaN,NaN,NaN,NaN,NaN,NaN,NaN,NaN,NaN,NaN,NaN,NaN,NaN,NaN,NaN,NaN,NaN,NaN,NaN,NaN,NaN,NaN,NaN,NaN,NaN,NaN,NaN,NaN,NaN,NaN,NaN,NaN,NaN,NaN,NaN,NaN,NaN,NaN,NaN,NaN,NaN,NaN,NaN,NaN,NaN,NaN,NaN,NaN,NaN,NaN,NaN,NaN,NaN,NaN,NaN,NaN,NaN,NaN,NaN,NaN,NaN,NaN,NaN,NaN,NaN,NaN,NaN,NaN,NaN,NaN,NaN,NaN,NaN,NaN,NaN,NaN,NaN,NaN,NaN,NaN,NaN,NaN,NaN,NaN,NaN,NaN,NaN,NaN,NaN,NaN,NaN,0.0598349311904418,0.0595148604122495,0.0599896173100454,0.0720760559939286,0.0724940226575807,0.0614494233600887,0.0769362021716295,0.0782539367478213,0.0789525183293392,0.0798775180918733,0.0815484886402026,0.0847656316914369,0.0875989129795424,0.088857941598155,0.090068163168574,0.0912306372897835,0.0922099079072492,0.0928164220932585,0.0933139810088407,0.093591034676647,0.0928730082885942,0.0787668964373927,NaN,NaN,0.0931159578950468,0.0930820294290755,0.0929961895141915,0.0927889403018722,0.0925730861664947,0.0923122883584295,0.0921464924426092,0.0920141463401783,0.0918886349884795,0.0917372996495132,0.0915302211136426,0.0912350724795561,0.0907269648359037,0.0902327328688594,0.0898117533165415,0.0897275327438696,0.0896116843791348,0.0893450329773655,0.0891883240065998,0.0891321681020337,0.0890800382774522,0.0890481349932851,NaN,NaN,NaN,NaN,NaN,NaN,NaN,NaN,NaN,NaN,NaN,NaN,NaN,NaN,NaN,NaN,NaN,NaN,0.0978772597987857,0.0978718397833328,0.0978673623264767,0.0978598764102579,0.0978536535714912,0.0978469091959967,0.0978396375254281,0.0978314914762226,0.0978244435587856,0.0978169612620783,0.0978098029638417,0.0978032096823465,0.0977985692888697,0.0977948654476177,0.0977934406647653,0.0977920235093979,0.0977917871665833,0.0977915903509643,0.0977949257146781,0.0977563667888068,0.0975162244349924
NaN,NaN,NaN,NaN,NaN,NaN,NaN,NaN,NaN,NaN,NaN,NaN,NaN,NaN,NaN,NaN,NaN,NaN,NaN,NaN,NaN,NaN,NaN,NaN,NaN,NaN,NaN,NaN,NaN,NaN,NaN,NaN,NaN,NaN,NaN,NaN,NaN,NaN,NaN,NaN,NaN,NaN,NaN,NaN,NaN,NaN,NaN,NaN,NaN,NaN,NaN,NaN,NaN,NaN,NaN,NaN,NaN,NaN,NaN,NaN,NaN,NaN,NaN,NaN,NaN,NaN,NaN,NaN,NaN,NaN,NaN,NaN,NaN,NaN,NaN,NaN,NaN,NaN,NaN,NaN,NaN,NaN,NaN,NaN,NaN,NaN,NaN,NaN,NaN,NaN,NaN,NaN,NaN,NaN,NaN,NaN,NaN,NaN,NaN,NaN,NaN,NaN,NaN,NaN,NaN,NaN,NaN,NaN,NaN,NaN,NaN,NaN,NaN,NaN,NaN,NaN,NaN,NaN,NaN,NaN,NaN,NaN,NaN,NaN,NaN,NaN,NaN,NaN,NaN,NaN,NaN,NaN,NaN,NaN,NaN,NaN,NaN,NaN,NaN,NaN,NaN,NaN,NaN,NaN,NaN,NaN,NaN,NaN,NaN,NaN,NaN,NaN,NaN,NaN,NaN,NaN,NaN,NaN,NaN,NaN,0.0598307904761369,0.0598179985417818,0.0718703728327738,0.0722039435457467,0.0729790482470967,0.0746875967651666,0.0770035214560537,0.0796017220144204,0.0799554153838213,0.0797636195091685,0.0826138391677393,0.086186263759745,0.0871245230302443,0.0881545266368232,0.0895737536915754,0.0909511614056851,0.0916599368751204,0.0924382537106687,0.092974495137531,0.0923686678121343,0.0878018683834246,NaN,NaN,NaN,0.0916468943716592,0.0929756058045409,0.0927576097676549,0.092475942486324,0.092213993584083,0.0920301423071143,0.0919241935662528,0.09182515667507,0.0916978085577916,0.091525300884627,0.0913291477218742,0.0910489620403438,0.0907536957113303,0.0902563324426371,0.0899230112641547,0.0897622514015939,0.089395949070638,0.0890591953065676,0.0889710436639539,0.0889559864783411,0.0889399945814471,0.0889503574981965,NaN,NaN,NaN,NaN,NaN,NaN,NaN,NaN,NaN,NaN,NaN,NaN,NaN,NaN,NaN,NaN,NaN,NaN,0.0978915392683039,0.0978852326538158,0.0978803581877639,0.0978733900248023,0.0978674364524254,0.0978610271504581,0.0978539192890681,0.0978463861149958,0.0978398507969395,0.0978329912659064,0.0978267080179741,0.0978201257761986,0.0978153256094722,0.0978111181271365,0.0978090312825687,0.0978070792095215,0.0978062076080595,0.0978052835418595,0.0978079191044174,0.0977680205531834,0.097526266686964
NaN,NaN,NaN,NaN,NaN,NaN,NaN,NaN,NaN,NaN,NaN,NaN,NaN,NaN,NaN,NaN,NaN,NaN,NaN,NaN,NaN,NaN,NaN,NaN,NaN,NaN,NaN,NaN,NaN,NaN,NaN,NaN,NaN,NaN,NaN,NaN,NaN,NaN,NaN,NaN,NaN,NaN,NaN,NaN,NaN,NaN,NaN,NaN,NaN,NaN,NaN,NaN,NaN,NaN,NaN,NaN,NaN,NaN,NaN,NaN,NaN,NaN,NaN,NaN,NaN,NaN,NaN,NaN,NaN,NaN,NaN,NaN,NaN,NaN,NaN,NaN,NaN,NaN,NaN,NaN,NaN,NaN,NaN,NaN,NaN,NaN,NaN,NaN,NaN,NaN,NaN,NaN,NaN,NaN,NaN,NaN,NaN,NaN,NaN,NaN,NaN,NaN,NaN,NaN,NaN,NaN,NaN,NaN,NaN,NaN,NaN,NaN,NaN,NaN,NaN,NaN,NaN,NaN,NaN,NaN,NaN,NaN,NaN,NaN,NaN,NaN,NaN,NaN,NaN,NaN,NaN,NaN,NaN,NaN,NaN,NaN,NaN,NaN,NaN,NaN,NaN,NaN,NaN,NaN,NaN,NaN,NaN,NaN,NaN,NaN,NaN,NaN,NaN,NaN,NaN,NaN,NaN,NaN,NaN,0.0532640668086723,0.0597054804525263,0.0571561936817593,0.0697456917161781,0.0602359866049862,0.0631925723586518,0.0611276276840764,0.0647995317676552,0.0804307758616608,0.0835535869733583,0.0820046056331285,0.08473738918838,0.0856661453446635,0.0863636471636581,0.0875264024842023,0.0887505432328514,0.0902198257333273,0.091334133004929,0.0920323952073916,0.0916961385976568,0.0778631803871596,0.0696630881246437,NaN,NaN,NaN,NaN,0.0913840146430775,0.0923335363708948,0.0921721718438265,0.0919288991351283,0.0917847952184301,0.0916841318191875,0.0916346834362894,0.0914797605045518,0.0912884477340599,0.0910899443850423,0.0908080749764606,0.0905059808773376,0.0900392642864756,0.089796093735001,0.0894702561630034,0.0891127872142238,0.0888672741242792,0.0888331609918859,0.0888556044187679,0.0888301418690396,0.0887884428450216,0.088716222645958,NaN,NaN,NaN,NaN,NaN,NaN,NaN,NaN,NaN,NaN,NaN,NaN,NaN,NaN,NaN,NaN,NaN,0.097905749957227,0.0978987022144601,0.0978935161343026,0.0978868798769782,0.0978807189633012,0.0978744438054263,0.0978673279792119,0.0978604625847929,0.0978546307747943,0.0978482871159643,0.0978421808472549,0.09783677567918,0.0978316900620245,0.0978267090561821,0.0978241066073559,0.0978219320668144,0.0978203188389853,0.0978189367358603,0.0978202851881323,0.0977787822404304,0.0975354060882472
NaN,NaN,NaN,NaN,NaN,NaN,NaN,NaN,NaN,NaN,NaN,NaN,NaN,NaN,NaN,NaN,NaN,NaN,NaN,NaN,NaN,NaN,NaN,NaN,NaN,NaN,NaN,NaN,NaN,NaN,NaN,NaN,NaN,NaN,NaN,NaN,NaN,NaN,NaN,NaN,NaN,NaN,NaN,NaN,NaN,NaN,NaN,NaN,NaN,NaN,NaN,NaN,NaN,NaN,NaN,NaN,NaN,NaN,NaN,NaN,NaN,NaN,NaN,NaN,NaN,NaN,NaN,NaN,NaN,NaN,NaN,NaN,NaN,NaN,NaN,NaN,NaN,NaN,NaN,NaN,NaN,NaN,NaN,NaN,NaN,NaN,NaN,NaN,NaN,NaN,NaN,NaN,NaN,NaN,NaN,NaN,NaN,NaN,NaN,NaN,NaN,NaN,NaN,NaN,NaN,NaN,NaN,NaN,NaN,NaN,NaN,NaN,NaN,NaN,NaN,NaN,NaN,NaN,NaN,NaN,NaN,NaN,NaN,NaN,NaN,NaN,NaN,NaN,NaN,NaN,NaN,NaN,NaN,NaN,NaN,NaN,NaN,NaN,NaN,NaN,NaN,NaN,NaN,NaN,NaN,NaN,NaN,NaN,NaN,NaN,NaN,NaN,NaN,NaN,NaN,NaN,NaN,NaN,0.0479350281199932,0.0498172571264307,0.0533135790461349,0.0523321092825061,0.0572398217932542,0.0535121406323818,NaN,NaN,NaN,0.0727050685687517,0.0838035164799562,0.08436217413931,0.084818171713453,0.0850938143076466,0.08554277457626,0.0863741678647208,0.0878273636187614,0.0891626403694512,0.0904536119542328,0.086313987747948,0.0773550709750354,0.0632499137893718,NaN,NaN,NaN,NaN,NaN,NaN,0.089858850817476,0.0919871904255059,0.0916624550300234,0.0915219554421721,0.0914797089091655,0.0914062454889159,0.0912621525623302,0.0910962201589678,0.0908895500086626,0.0906093491264284,0.0903046833387714,0.0899887535160493,0.0896509519116256,0.089326326671318,0.0890460053407625,0.0889219049490434,0.0889568242697209,0.0888759511906843,0.0887528728886417,0.0886816230373637,0.088651982643306,NaN,NaN,NaN,NaN,NaN,NaN,NaN,NaN,NaN,NaN,NaN,NaN,NaN,NaN,NaN,NaN,NaN,0.097919591785662,0.0979120248097816,0.0979064996146228,0.0979003476865576,0.0978945107075931,0.0978881299596797,0.0978810695090859,0.097874562640227,0.0978692177049121,0.0978630943909893,0.0978570106801639,0.0978517988319376,0.0978467851237663,0.0978414388354918,0.0978384058569303,0.0978359944205095,0.0978337222829325,0.0978317362668664,0.097832768757726,0.0977900316636192,0.0975450119638934
NaN,NaN,NaN,NaN,NaN,NaN,NaN,NaN,NaN,NaN,NaN,NaN,NaN,NaN,NaN,NaN,NaN,NaN,NaN,NaN,NaN,NaN,NaN,NaN,NaN,NaN,NaN,NaN,NaN,NaN,NaN,NaN,NaN,NaN,NaN,NaN,NaN,NaN,NaN,NaN,NaN,NaN,NaN,NaN,NaN,NaN,NaN,NaN,NaN,NaN,NaN,NaN,NaN,NaN,NaN,NaN,NaN,NaN,NaN,NaN,NaN,NaN,NaN,NaN,NaN,NaN,NaN,NaN,NaN,NaN,NaN,NaN,NaN,NaN,NaN,NaN,NaN,NaN,NaN,NaN,NaN,NaN,NaN,NaN,NaN,NaN,NaN,NaN,NaN,NaN,NaN,NaN,NaN,NaN,NaN,NaN,NaN,NaN,NaN,NaN,NaN,NaN,NaN,NaN,NaN,NaN,NaN,NaN,NaN,NaN,NaN,NaN,NaN,NaN,NaN,NaN,NaN,NaN,NaN,NaN,NaN,NaN,NaN,NaN,NaN,NaN,NaN,NaN,NaN,NaN,NaN,NaN,NaN,NaN,NaN,NaN,NaN,NaN,NaN,NaN,NaN,NaN,NaN,NaN,NaN,NaN,NaN,NaN,NaN,NaN,NaN,NaN,NaN,NaN,NaN,NaN,NaN,NaN,0.0467046343383988,0.0479403894214115,NaN,NaN,NaN,NaN,NaN,NaN,0.0639428300582088,0.0796657301785231,0.0809082064283001,0.0845999500638134,0.0847148437717076,0.084760281786989,0.0849826482789074,0.0854092328317292,0.086258210648754,0.0803333853083577,0.0795266920502877,NaN,NaN,NaN,NaN,NaN,NaN,NaN,NaN,NaN,NaN,NaN,0.0914005940963955,0.0912988658446216,0.0912835720371364,0.0911753079354408,0.0910378229408398,0.0908715390983472,0.0906257915835834,0.0903784819214362,0.090104701996406,0.0897977913518378,0.0894924951668901,0.0891972133805177,0.0890298037538,0.0889592794595009,0.0887835141449296,0.0885971898741039,0.0885068764813096,0.0884442643782161,0.0883731311435728,0.0882579568601123,NaN,NaN,NaN,NaN,NaN,NaN,NaN,NaN,NaN,NaN,NaN,NaN,NaN,NaN,NaN,NaN,0.0979321375331944,0.0979245364237744,0.0979192859017811,0.0979135824018962,0.0979085729058393,0.0979023309429041,0.0978954570406162,0.0978888183887425,0.097883305446191,0.0978769997812774,0.0978710191720449,0.0978656699967034,0.0978606370481481,0.0978553522467212,0.0978520378478875,0.0978495749748897,0.0978465736009583,0.097843839209138,0.0978443890138561,0.0978008996316222,0.0975542063207683
NaN,NaN,NaN,NaN,NaN,NaN,NaN,NaN,NaN,NaN,NaN,NaN,NaN,NaN,NaN,NaN,NaN,NaN,NaN,NaN,NaN,NaN,NaN,NaN,NaN,NaN,NaN,NaN,NaN,NaN,NaN,NaN,NaN,NaN,NaN,NaN,NaN,NaN,NaN,NaN,NaN,NaN,NaN,NaN,NaN,NaN,NaN,NaN,NaN,NaN,NaN,NaN,NaN,NaN,NaN,NaN,NaN,NaN,NaN,NaN,NaN,NaN,NaN,NaN,NaN,NaN,NaN,NaN,NaN,NaN,NaN,NaN,NaN,NaN,NaN,NaN,NaN,NaN,NaN,NaN,NaN,NaN,NaN,NaN,NaN,NaN,NaN,NaN,NaN,NaN,NaN,NaN,NaN,NaN,NaN,NaN,NaN,NaN,NaN,NaN,NaN,NaN,NaN,NaN,NaN,NaN,NaN,NaN,NaN,NaN,NaN,NaN,NaN,NaN,NaN,NaN,NaN,NaN,NaN,NaN,NaN,NaN,NaN,NaN,NaN,NaN,NaN,NaN,NaN,NaN,NaN,NaN,NaN,NaN,NaN,NaN,NaN,NaN,NaN,NaN,NaN,NaN,NaN,NaN,NaN,NaN,NaN,NaN,NaN,NaN,NaN,NaN,NaN,NaN,NaN,NaN,NaN,NaN,NaN,NaN,NaN,NaN,NaN,NaN,NaN,NaN,0.0637112462865909,0.0795276182207811,0.0844809692182374,0.0845982596455999,0.0846612841286685,0.0846562097772803,0.0847746839068064,0.0849844781660781,0.0852961198552265,NaN,NaN,NaN,NaN,NaN,NaN,NaN,NaN,NaN,NaN,NaN,NaN,NaN,NaN,0.0910104947874242,0.0910250214876251,0.0908899262498911,0.0906992748954142,0.0904624341162713,0.0902722651662158,0.0901200020556726,0.0899356785585053,0.0896389444031626,0.0893070339830169,0.0890300138899834,0.0888552070681704,0.0886812815813622,0.088519009214898,0.0884142731593425,0.0882830376884996,0.0882108408035212,0.0881487259317946,0.0880890918170562,0.0876375292310348,0.0767354118311141,0.0679712878281015,NaN,NaN,NaN,NaN,NaN,NaN,NaN,NaN,NaN,NaN,NaN,NaN,NaN,0.0979437804510243,0.097936271263554,0.097931659908598,0.0979271553027206,0.0979223491799745,0.0979160791458075,0.0979095452074721,0.0979027361222379,0.0978967006962456,0.0978901599194074,0.0978841603541468,0.0978789120055842,0.097873500816831,0.0978678372639725,0.0978648085592216,0.0978624764242214,0.0978591265918061,0.0978555780540698,0.0978554246123469,0.0978115385411956,0.0975631498644393
NaN,NaN,NaN,NaN,NaN,NaN,NaN,NaN,NaN,NaN,NaN,NaN,NaN,NaN,NaN,NaN,NaN,NaN,NaN,NaN,NaN,NaN,NaN,NaN,NaN,NaN,NaN,NaN,NaN,NaN,NaN,NaN,NaN,NaN,NaN,NaN,NaN,NaN,NaN,NaN,NaN,NaN,NaN,NaN,NaN,NaN,NaN,NaN,NaN,NaN,NaN,NaN,NaN,NaN,NaN,NaN,NaN,NaN,NaN,NaN,NaN,NaN,NaN,NaN,NaN,NaN,NaN,NaN,NaN,NaN,NaN,NaN,NaN,NaN,NaN,NaN,NaN,NaN,NaN,NaN,NaN,NaN,NaN,NaN,NaN,NaN,NaN,NaN,NaN,NaN,NaN,NaN,NaN,NaN,NaN,NaN,NaN,NaN,NaN,NaN,NaN,NaN,NaN,NaN,NaN,NaN,NaN,NaN,NaN,NaN,NaN,NaN,NaN,NaN,NaN,NaN,NaN,NaN,NaN,NaN,NaN,NaN,NaN,NaN,NaN,NaN,NaN,NaN,NaN,NaN,NaN,NaN,NaN,NaN,NaN,NaN,NaN,NaN,NaN,NaN,NaN,NaN,NaN,NaN,NaN,NaN,NaN,NaN,NaN,NaN,NaN,NaN,NaN,NaN,NaN,NaN,NaN,NaN,NaN,NaN,NaN,NaN,NaN,NaN,NaN,NaN,NaN,0.0645368555544173,0.0800636074978897,0.084472729377765,0.0845025629392395,0.0845159452319839,0.0846066289885997,0.0847171927676261,NaN,NaN,NaN,NaN,NaN,NaN,NaN,NaN,NaN,NaN,NaN,NaN,NaN,NaN,NaN,0.0907890454318564,0.0907805710146865,0.0906165632516398,0.0904598442947195,0.0903738923890687,0.0902737305395869,0.0901107551310068,0.0898590180529899,0.0895009854320794,0.0891157070310892,0.0888308566405457,0.0886567302647469,0.0885490280216363,0.0885782474865683,0.0883719043050805,0.0881881862576418,0.0881005173309706,0.0880251196794272,0.0879539248718721,0.0878390471406603,0.083713279459225,0.0836828775613012,0.068626806647595,0.0698330139666568,NaN,NaN,NaN,NaN,NaN,NaN,NaN,NaN,NaN,NaN,NaN,0.0979546090380655,0.0979475976543048,0.0979438242426532,0.0979403862257958,0.0979356112611564,0.097928884955205,0.0979222251267594,0.0979162579257524,0.0979100962941493,0.0979036103890691,0.0978972523759628,0.0978915249330174,0.0978857235969295,0.0978798408973023,0.0978768420951025,0.0978742924475198,0.0978708213840295,0.0978670564089575,0.0978658008374211,0.0978214836698506,0.0975713672414375
NaN,NaN,NaN,NaN,NaN,NaN,NaN,NaN,NaN,NaN,NaN,NaN,NaN,NaN,NaN,NaN,NaN,NaN,NaN,NaN,NaN,NaN,NaN,NaN,NaN,NaN,NaN,NaN,NaN,NaN,NaN,NaN,NaN,NaN,NaN,NaN,NaN,NaN,NaN,NaN,NaN,NaN,NaN,NaN,NaN,NaN,NaN,NaN,NaN,NaN,NaN,NaN,NaN,NaN,NaN,NaN,NaN,NaN,NaN,NaN,NaN,NaN,NaN,NaN,NaN,NaN,NaN,NaN,NaN,NaN,NaN,NaN,NaN,NaN,NaN,NaN,NaN,NaN,NaN,NaN,NaN,NaN,NaN,NaN,NaN,NaN,NaN,NaN,NaN,NaN,NaN,NaN,NaN,NaN,NaN,NaN,NaN,NaN,NaN,NaN,NaN,NaN,NaN,NaN,NaN,NaN,NaN,NaN,NaN,NaN,NaN,NaN,NaN,NaN,NaN,NaN,NaN,NaN,NaN,NaN,NaN,NaN,NaN,NaN,NaN,NaN,NaN,NaN,NaN,NaN,NaN,NaN,NaN,NaN,NaN,NaN,NaN,NaN,NaN,NaN,NaN,NaN,NaN,NaN,NaN,NaN,NaN,NaN,NaN,NaN,NaN,NaN,NaN,NaN,NaN,NaN,NaN,NaN,NaN,NaN,NaN,NaN,NaN,NaN,NaN,NaN,NaN,NaN,0.0741593802797868,0.0840020662456203,0.0840840272046595,0.084096310624293,0.0841912182573035,0.0843765854772512,NaN,NaN,NaN,NaN,NaN,NaN,NaN,NaN,NaN,NaN,NaN,NaN,NaN,NaN,NaN,0.090413852998862,0.0906800390371176,0.0905955690067652,0.0905601429386555,0.09050600253649,0.0902806519346739,0.0900256096800561,0.0897193684206098,0.0893481225395847,0.088935591803595,0.0886025778047737,0.0884357128793859,0.0883639874095217,0.0882351595178727,0.0880798121327312,0.0879802758436804,0.0879187095754028,0.0878484168458845,0.0877779895054317,0.0876106005594593,0.083576593398658,0.0834920809221281,0.0834884638303586,0.0837110806176055,0.0715362293820901,NaN,NaN,NaN,NaN,NaN,NaN,NaN,NaN,NaN,NaN,0.0979646588627559,0.0979577595430141,0.0979549046801859,0.0979520062896451,0.0979476077814411,0.0979412939663417,0.0979341877254786,0.097928564555942,0.0979235672695319,0.0979171176118973,0.0979099249640759,0.0979026064764408,0.0978967539767023,0.0978913743864982,0.0978882715506676,0.0978853255494089,0.0978816468995016,0.097877707218484,0.0978757556575112,0.0978310854382657,0.0975792100079445
NaN,NaN,NaN,NaN,NaN,NaN,NaN,NaN,NaN,NaN,NaN,NaN,NaN,NaN,NaN,NaN,NaN,NaN,NaN,NaN,NaN,NaN,NaN,NaN,NaN,NaN,NaN,NaN,NaN,NaN,NaN,NaN,NaN,NaN,NaN,NaN,NaN,NaN,NaN,NaN,NaN,NaN,NaN,NaN,NaN,NaN,NaN,NaN,NaN,NaN,NaN,NaN,NaN,NaN,NaN,NaN,NaN,NaN,NaN,NaN,NaN,NaN,NaN,NaN,NaN,NaN,NaN,NaN,NaN,NaN,NaN,NaN,NaN,NaN,NaN,NaN,NaN,NaN,NaN,NaN,NaN,NaN,NaN,NaN,NaN,NaN,NaN,NaN,NaN,NaN,NaN,NaN,NaN,NaN,NaN,NaN,NaN,NaN,NaN,NaN,NaN,NaN,NaN,NaN,NaN,NaN,NaN,NaN,NaN,NaN,NaN,NaN,NaN,NaN,NaN,NaN,NaN,NaN,NaN,NaN,NaN,NaN,NaN,NaN,NaN,NaN,NaN,NaN,NaN,NaN,NaN,NaN,NaN,NaN,NaN,NaN,NaN,NaN,NaN,NaN,NaN,NaN,NaN,NaN,NaN,NaN,NaN,NaN,NaN,NaN,NaN,NaN,NaN,NaN,NaN,NaN,NaN,NaN,NaN,NaN,NaN,NaN,NaN,NaN,NaN,NaN,NaN,NaN,0.0772304928313593,NaN,0.0824566552892964,0.0829873526523666,0.0828129378184745,NaN,NaN,NaN,NaN,NaN,NaN,NaN,NaN,NaN,NaN,NaN,NaN,NaN,NaN,NaN,NaN,NaN,0.0906290823579591,0.0905829171225587,0.0905438396239425,0.0904272245672438,0.0901100527872082,0.089810991821317,0.0895023464908593,0.0891487419838653,0.0887655537976531,0.08844243716331,0.0881117811178549,0.0879589950523624,0.0878030449730798,0.0877036783898323,0.0876466167130538,0.0876183398864259,0.0875838520648672,0.0875545184292985,0.0875027401754424,0.0858014679601152,0.0834966770495099,0.0834767958083898,0.0836605365621641,0.0836836202604906,NaN,NaN,NaN,NaN,NaN,NaN,NaN,NaN,NaN,NaN,0.0979732925297435,0.0979659407887265,0.0979640766591081,0.0979617686563611,0.0979583358708984,0.0979529316035828,0.097946034466609,0.0979403332151609,0.0979356371053802,0.0979298630382484,0.0979224552206425,0.0979139689077381,0.0979077196071426,0.0979027244596512,0.0978988209007434,0.0978954847132505,0.0978920621740633,0.0978877193289645,0.0978849514913453,0.0978398600675014,0.0975861891994799
NaN,NaN,NaN,NaN,NaN,NaN,NaN,NaN,NaN,NaN,NaN,NaN,NaN,NaN,NaN,NaN,NaN,NaN,NaN,NaN,NaN,NaN,NaN,NaN,NaN,NaN,NaN,NaN,NaN,NaN,NaN,NaN,NaN,NaN,NaN,NaN,NaN,NaN,NaN,NaN,NaN,NaN,NaN,NaN,NaN,NaN,NaN,NaN,NaN,NaN,NaN,NaN,NaN,NaN,NaN,NaN,NaN,NaN,NaN,NaN,NaN,NaN,NaN,NaN,NaN,NaN,NaN,NaN,NaN,NaN,NaN,NaN,NaN,NaN,NaN,NaN,NaN,NaN,NaN,NaN,NaN,NaN,NaN,NaN,NaN,NaN,NaN,NaN,NaN,NaN,NaN,NaN,NaN,NaN,NaN,NaN,NaN,NaN,NaN,NaN,NaN,NaN,NaN,NaN,NaN,NaN,NaN,NaN,NaN,NaN,NaN,NaN,NaN,NaN,NaN,NaN,NaN,NaN,NaN,NaN,NaN,NaN,NaN,NaN,NaN,NaN,NaN,NaN,NaN,NaN,NaN,NaN,NaN,NaN,NaN,NaN,NaN,NaN,NaN,NaN,NaN,NaN,NaN,NaN,NaN,NaN,NaN,NaN,NaN,NaN,NaN,NaN,NaN,NaN,NaN,NaN,NaN,NaN,NaN,NaN,NaN,NaN,NaN,NaN,NaN,NaN,0.0610937793252221,0.0759867386056093,0.0784331272923292,0.0783158856563336,0.07963218077848,0.0809588306552923,0.081180694950707,NaN,NaN,NaN,NaN,NaN,NaN,NaN,NaN,NaN,NaN,NaN,NaN,NaN,NaN,NaN,NaN,NaN,NaN,0.0905096948326752,0.0904324169814534,0.0902444496688729,0.0897625292361058,0.0892671067565503,0.088889154650811,0.0885116407093843,0.0882289995515279,0.0880137892072415,0.0877239480500696,0.0876021833300177,0.0875679059974304,0.0875291853443986,0.087457652277598,0.0874377974633185,0.0874317546997794,0.0874138640856399,0.0873991543910094,0.087244736365419,0.0835991958823954,0.0834799639865174,0.0836370662342039,0.0836425187744085,NaN,NaN,NaN,NaN,NaN,NaN,NaN,NaN,NaN,NaN,0.0979801278788497,0.097973207564242,0.0979720706967277,0.097970429246419,0.097968062380772,0.0979638075015943,0.0979573219790179,0.0979519509941877,0.0979473668224792,0.097941665588296,0.0979344555640979,0.0979264816485399,0.0979206340903696,0.0979153385038616,0.0979107638528947,0.0979071593049479,0.0979038190679431,0.0978986998391237,0.0978947264109378,0.0978478684203913,0.0975923713641339
NaN,NaN,NaN,NaN,NaN,NaN,NaN,NaN,NaN,NaN,NaN,NaN,NaN,NaN,NaN,NaN,NaN,NaN,NaN,NaN,NaN,NaN,NaN,NaN,NaN,NaN,NaN,NaN,NaN,NaN,NaN,NaN,NaN,NaN,NaN,NaN,NaN,NaN,NaN,NaN,NaN,NaN,NaN,NaN,NaN,NaN,NaN,NaN,NaN,NaN,NaN,NaN,NaN,NaN,NaN,NaN,NaN,NaN,NaN,NaN,NaN,NaN,NaN,NaN,NaN,NaN,NaN,NaN,NaN,NaN,NaN,NaN,NaN,NaN,NaN,NaN,NaN,NaN,NaN,NaN,NaN,NaN,NaN,NaN,NaN,NaN,NaN,NaN,NaN,NaN,NaN,NaN,NaN,NaN,NaN,NaN,NaN,NaN,NaN,NaN,NaN,NaN,NaN,NaN,NaN,NaN,NaN,NaN,NaN,NaN,NaN,NaN,NaN,NaN,NaN,NaN,NaN,NaN,NaN,NaN,NaN,NaN,NaN,NaN,NaN,NaN,NaN,NaN,NaN,NaN,NaN,NaN,NaN,NaN,NaN,NaN,NaN,NaN,NaN,NaN,NaN,NaN,NaN,NaN,NaN,NaN,NaN,NaN,NaN,NaN,NaN,NaN,NaN,NaN,NaN,NaN,NaN,NaN,NaN,NaN,NaN,NaN,NaN,NaN,NaN,0.0608864125602081,0.0640974515246144,NaN,NaN,0.0779173070098634,0.0785290932001499,0.0803305270423432,0.080709880637538,NaN,0.0433702677377611,0.0464399150864716,0.0467839641876387,NaN,NaN,NaN,NaN,NaN,NaN,NaN,NaN,NaN,NaN,NaN,NaN,NaN,NaN,NaN,0.0903069926673205,0.0899282790561946,0.0888038368245875,0.0880531830078542,0.0878692184118172,0.0877184277914699,0.0875828567877627,0.0873923480791214,0.0873449815599742,0.0873050032907531,0.0873591639136587,0.0874047646538309,0.0873804480889788,0.0873755614990682,0.0873797801135215,0.0873519821147252,0.0873352703974445,0.0872568054438374,0.0844148562444048,0.0836292788071272,0.0836045205414863,0.0835305275863843,0.0735007692271112,0.0695408083271419,0.0586513911196079,NaN,NaN,NaN,NaN,NaN,NaN,NaN,0.0979851681494029,0.0979790374140797,0.097978935253441,0.0979779643761943,0.0979766746570805,0.0979722768696071,0.0979670345034992,0.0979619243421407,0.097957077541827,0.0979517238269193,0.0979452243031338,0.0979389320244954,0.0979335487875549,0.097928036105382,0.0979231183426292,0.0979189191513153,0.0979149804047392,0.097909413361475,0.0979037876870067,0.0978558152391723,0.097598465892022
NaN,NaN,NaN,NaN,NaN,NaN,NaN,NaN,NaN,NaN,NaN,NaN,NaN,NaN,NaN,NaN,NaN,NaN,NaN,NaN,NaN,NaN,NaN,NaN,NaN,NaN,NaN,NaN,NaN,NaN,NaN,NaN,NaN,NaN,NaN,NaN,NaN,NaN,NaN,NaN,NaN,NaN,NaN,NaN,NaN,NaN,NaN,NaN,NaN,NaN,NaN,NaN,NaN,NaN,NaN,NaN,NaN,NaN,NaN,NaN,NaN,NaN,NaN,NaN,NaN,NaN,NaN,NaN,NaN,NaN,NaN,NaN,NaN,NaN,NaN,NaN,NaN,NaN,NaN,NaN,NaN,NaN,NaN,NaN,NaN,NaN,NaN,NaN,NaN,NaN,NaN,NaN,NaN,NaN,NaN,NaN,NaN,NaN,NaN,NaN,NaN,NaN,NaN,NaN,NaN,NaN,NaN,NaN,NaN,NaN,NaN,NaN,NaN,NaN,NaN,NaN,NaN,NaN,NaN,NaN,NaN,NaN,NaN,NaN,NaN,NaN,NaN,NaN,NaN,NaN,NaN,NaN,NaN,NaN,NaN,NaN,NaN,NaN,NaN,NaN,NaN,NaN,NaN,NaN,NaN,NaN,NaN,NaN,NaN,NaN,NaN,NaN,NaN,NaN,NaN,NaN,NaN,0.0497343345699597,0.0499498856056712,0.0501888007273293,NaN,NaN,0.0685775592112494,0.0663770981926496,0.0703939196164225,0.0706810218725405,0.0713708523458905,0.0715511399453742,0.0744179033146052,0.0759891974347474,0.0763476102379057,NaN,NaN,NaN,0.0464880721828795,0.0523931673204475,0.0534208945154104,NaN,NaN,NaN,NaN,NaN,NaN,NaN,NaN,NaN,NaN,NaN,NaN,NaN,NaN,NaN,NaN,NaN,0.0865165282724525,0.0865691412132732,0.086772281809986,0.0868896485000833,0.0869894110867166,0.0869773254368824,0.0869906220957288,0.0870480659138662,0.087162900440028,0.0872608628170557,0.0872951260589375,0.0873098055379187,0.0873220522930761,0.0873049910947168,0.087274192987798,0.086960263435344,0.0864373109910877,0.084425930316994,0.0837869429179636,0.0833928742053926,0.0830973017868843,0.0828173223068019,0.0695011130716335,NaN,NaN,NaN,NaN,NaN,NaN,NaN,0.0979869952012957,0.0979833671700746,0.0979837579418863,0.0979825936010398,0.0979813703404232,0.0979776149904108,0.0979743929872605,0.0979702913308342,0.0979662784824944,0.0979615014242075,0.0979557663930255,0.0979504165315821,0.0979452754796447,0.0979392662190224,0.0979340164283584,0.0979293588800185,0.0979257089465874,0.0979206639586331,0.0979139367560309,0.0978663377859694,0.0976071404080508
NaN,NaN,NaN,NaN,NaN,NaN,NaN,NaN,NaN,NaN,NaN,NaN,NaN,NaN,NaN,NaN,NaN,NaN,NaN,NaN,NaN,NaN,NaN,NaN,NaN,NaN,NaN,NaN,NaN,NaN,NaN,NaN,NaN,NaN,NaN,NaN,NaN,NaN,NaN,NaN,NaN,NaN,NaN,NaN,NaN,NaN,NaN,NaN,NaN,NaN,NaN,NaN,NaN,NaN,NaN,NaN,NaN,NaN,NaN,NaN,NaN,NaN,NaN,NaN,NaN,NaN,NaN,NaN,NaN,NaN,NaN,NaN,NaN,NaN,NaN,NaN,NaN,NaN,NaN,NaN,NaN,NaN,NaN,NaN,NaN,NaN,NaN,NaN,NaN,NaN,NaN,NaN,NaN,NaN,NaN,NaN,NaN,NaN,NaN,NaN,NaN,NaN,NaN,NaN,NaN,NaN,NaN,NaN,NaN,NaN,NaN,NaN,NaN,NaN,NaN,NaN,NaN,NaN,NaN,NaN,NaN,NaN,NaN,NaN,NaN,NaN,NaN,NaN,NaN,NaN,NaN,NaN,NaN,NaN,NaN,NaN,NaN,NaN,NaN,NaN,NaN,NaN,NaN,NaN,NaN,NaN,NaN,NaN,NaN,NaN,NaN,NaN,NaN,NaN,NaN,NaN,0.0483926600365448,0.049419531780735,0.0500241069238595,0.0506120188927581,0.0520144208819407,0.0568577955477516,0.0684990520398424,0.0698145895561231,0.0706861566641918,0.0713650771841546,0.0722929754644454,0.0732422458481817,0.074007974307585,0.0749374124406441,0.075140177779484,0.070716433133303,0.0704177889341763,NaN,0.05242260177221,0.0639643966068156,0.0644702417080103,0.0534718287758761,NaN,NaN,NaN,NaN,NaN,NaN,NaN,NaN,NaN,NaN,NaN,NaN,NaN,NaN,NaN,NaN,0.0859208040456437,0.085965764683739,0.0861810142483735,0.0864059180124262,0.0864311395023975,0.0865697764055964,0.0866576783422007,0.0868281171850362,0.0870093739546823,0.0871331689105171,0.0871883293794842,0.0872163998452861,0.0872419955026681,0.0872416532332352,0.0872162470628077,0.0870595737363823,0.0811506431298473,0.0841201992396609,0.0837489218839061,0.0823938871606699,0.0808698754673245,0.0824359143601892,0.078000534386694,NaN,NaN,NaN,NaN,NaN,NaN,NaN,NaN,NaN,NaN,NaN,NaN,NaN,NaN,NaN,NaN,NaN,NaN,NaN,NaN,NaN,NaN,NaN,NaN,NaN,NaN,NaN,NaN
NaN,NaN,NaN,NaN,NaN,NaN,NaN,NaN,NaN,NaN,NaN,NaN,NaN,NaN,NaN,NaN,NaN,NaN,NaN,NaN,NaN,NaN,NaN,NaN,NaN,NaN,NaN,NaN,NaN,NaN,NaN,NaN,NaN,NaN,NaN,NaN,NaN,NaN,NaN,NaN,NaN,NaN,NaN,NaN,NaN,NaN,NaN,NaN,NaN,NaN,NaN,NaN,NaN,NaN,NaN,NaN,NaN,NaN,NaN,NaN,NaN,NaN,NaN,NaN,NaN,NaN,NaN,NaN,NaN,NaN,NaN,NaN,NaN,NaN,NaN,NaN,NaN,NaN,NaN,NaN,NaN,NaN,NaN,NaN,NaN,NaN,NaN,NaN,NaN,NaN,NaN,NaN,NaN,NaN,NaN,NaN,NaN,NaN,NaN,NaN,NaN,NaN,NaN,NaN,NaN,NaN,NaN,NaN,NaN,NaN,NaN,NaN,NaN,NaN,NaN,NaN,NaN,NaN,NaN,NaN,NaN,NaN,NaN,NaN,NaN,NaN,NaN,NaN,NaN,NaN,NaN,NaN,NaN,NaN,NaN,NaN,NaN,NaN,NaN,NaN,NaN,NaN,NaN,NaN,NaN,NaN,NaN,NaN,NaN,NaN,NaN,NaN,NaN,NaN,NaN,NaN,0.0479483778781478,0.0491788542303829,0.049991814669053,0.0506423264350383,0.0514429056865416,0.0472836197121458,0.0611131043482813,0.0687600273621659,0.070484580179097,0.0707417747422917,0.0713370017793553,0.072978393117302,0.0736769059826608,0.0747014173803813,0.0727368615974755,0.070616679668578,0.0696334846047832,0.0687994493956097,0.0538305357241567,0.0644419910584784,0.0645956459869253,0.0535274975399942,0.0535780709970386,0.0535915118202589,NaN,NaN,NaN,NaN,NaN,NaN,NaN,NaN,NaN,NaN,NaN,NaN,NaN,0.0856965897281724,0.0856911605267592,0.0855713924494447,0.085557389068767,0.0859172664093131,0.0861311522417111,0.0862352080781143,0.086419223959165,0.086681018140925,0.0868997604063294,0.0870387584640918,0.0871099019899857,0.0871456069124594,0.087182465613374,0.0871941253862478,0.087172093582826,0.0871343930270111,0.0870207041995376,0.0808430322914278,0.0834094264050621,0.0830870585322126,0.0828716169961185,0.0827254479765353,0.0826563846251354,0.0779387537120602,NaN,NaN,NaN,NaN,NaN,NaN,NaN,NaN,NaN,NaN,NaN,NaN,NaN,NaN,NaN,NaN,NaN,NaN,NaN,NaN,NaN,NaN,NaN,NaN,NaN,NaN,NaN
NaN,NaN,NaN,NaN,NaN,NaN,NaN,NaN,NaN,NaN,NaN,NaN,NaN,NaN,NaN,NaN,NaN,NaN,NaN,NaN,NaN,NaN,NaN,NaN,NaN,NaN,NaN,NaN,NaN,NaN,NaN,NaN,NaN,NaN,NaN,NaN,NaN,NaN,NaN,NaN,NaN,NaN,NaN,NaN,NaN,NaN,NaN,NaN,NaN,NaN,NaN,NaN,NaN,NaN,NaN,NaN,NaN,NaN,NaN,NaN,NaN,NaN,NaN,NaN,NaN,NaN,NaN,NaN,NaN,NaN,NaN,NaN,NaN,NaN,NaN,NaN,NaN,NaN,NaN,NaN,NaN,NaN,NaN,NaN,NaN,NaN,NaN,NaN,NaN,NaN,NaN,NaN,NaN,NaN,NaN,NaN,NaN,NaN,NaN,NaN,NaN,NaN,NaN,NaN,NaN,NaN,NaN,NaN,NaN,NaN,NaN,NaN,NaN,NaN,NaN,NaN,NaN,NaN,NaN,NaN,NaN,NaN,NaN,NaN,NaN,NaN,NaN,NaN,NaN,NaN,NaN,NaN,NaN,NaN,NaN,NaN,NaN,NaN,NaN,NaN,NaN,NaN,NaN,NaN,NaN,NaN,NaN,0.0269183008800108,0.0280849152481516,NaN,NaN,NaN,NaN,NaN,NaN,0.0437216370582788,0.0450237497658257,NaN,NaN,NaN,NaN,NaN,NaN,NaN,0.0630891238009036,0.0618670907910119,0.0720010657348586,0.0726202485140265,0.072468523842709,NaN,0.0594275147927172,0.0568787092765449,0.0685139087578398,0.0555646387968956,NaN,0.0534308171845713,0.0650362305992965,0.0655878795295479,0.0659016258974644,0.0660478646404799,NaN,NaN,NaN,NaN,NaN,NaN,NaN,NaN,NaN,NaN,NaN,NaN,NaN,0.0858005198754917,0.0857033160583155,0.085398000620327,0.0852236728333919,0.0853560896476354,0.0857543085970456,0.0860266952455292,0.0863087215019855,0.0866046343471372,0.0868594976127972,0.0870249304296869,0.0871006345249183,0.0871378699853956,0.0871712934091384,0.0871867257256587,0.0871679719942011,0.0871601615151833,0.0871386716063124,NaN,0.0827154869823314,0.0829965447121326,0.0825756182470396,0.0737683851941682,0.0779459850779263,0.0731542439060711,NaN,NaN,NaN,NaN,NaN,NaN,NaN,NaN,NaN,NaN,NaN,NaN,NaN,NaN,NaN,NaN,NaN,NaN,NaN,NaN,NaN,NaN,NaN,NaN,NaN,NaN,NaN
NaN,NaN,NaN,NaN,NaN,NaN,NaN,NaN,NaN,NaN,NaN,NaN,NaN,NaN,NaN,NaN,NaN,NaN,NaN,NaN,NaN,NaN,NaN,NaN,NaN,NaN,NaN,NaN,NaN,NaN,NaN,NaN,NaN,NaN,NaN,NaN,NaN,NaN,NaN,NaN,NaN,NaN,NaN,NaN,NaN,NaN,NaN,NaN,NaN,NaN,NaN,NaN,NaN,NaN,NaN,NaN,NaN,NaN,NaN,NaN,NaN,NaN,NaN,NaN,NaN,NaN,NaN,NaN,NaN,NaN,NaN,NaN,NaN,NaN,NaN,NaN,NaN,NaN,NaN,NaN,NaN,NaN,NaN,NaN,NaN,NaN,NaN,NaN,NaN,NaN,NaN,NaN,NaN,NaN,NaN,NaN,NaN,NaN,NaN,NaN,NaN,NaN,NaN,NaN,NaN,NaN,NaN,NaN,NaN,NaN,NaN,NaN,NaN,NaN,NaN,NaN,NaN,NaN,NaN,NaN,NaN,NaN,NaN,NaN,NaN,NaN,NaN,NaN,NaN,NaN,NaN,NaN,NaN,NaN,NaN,NaN,NaN,NaN,NaN,NaN,NaN,NaN,NaN,NaN,NaN,NaN,NaN,0.0279330662239918,0.0282446135173083,0.0290239483810898,0.0321044027681638,0.037907405236161,0.0391701825356331,0.0404526780284156,0.0426474887861809,0.0434190238290668,0.0443610226413173,NaN,NaN,NaN,NaN,NaN,NaN,NaN,NaN,NaN,0.0623969897327137,0.0716972660206739,0.0715491104268546,0.0669595411588397,0.0540054953004671,0.0491679503347526,NaN,NaN,NaN,0.0508831461518337,0.0632843339078596,0.0659867282982618,0.0665147151050318,0.0665673044072227,NaN,NaN,NaN,NaN,NaN,NaN,NaN,NaN,NaN,NaN,NaN,NaN,NaN,0.0858501445949116,0.085707030846974,0.0853719066313286,0.0851338490741824,0.0852157077742387,0.0855215786027326,0.0858817334361738,0.0862312778144449,0.0865800849143435,0.0868679559750744,0.0870478443009624,0.0871382168430811,0.0871738264236176,0.0871985202397143,0.0871962302739642,0.0871806672355375,0.0871747793132192,0.0871738633950902,0.0835931368991925,NaN,0.0732658076267502,NaN,NaN,0.062551140963225,0.0600094940462943,NaN,NaN,NaN,NaN,NaN,NaN,NaN,NaN,NaN,NaN,NaN,NaN,NaN,NaN,NaN,NaN,NaN,NaN,NaN,NaN,NaN,NaN,NaN,NaN,NaN,NaN,NaN
NaN,NaN,NaN,NaN,NaN,NaN,NaN,NaN,NaN,NaN,NaN,NaN,NaN,NaN,NaN,NaN,NaN,NaN,NaN,NaN,NaN,NaN,NaN,NaN,NaN,NaN,NaN,NaN,NaN,NaN,NaN,NaN,NaN,NaN,NaN,NaN,NaN,NaN,NaN,NaN,NaN,NaN,NaN,NaN,NaN,NaN,NaN,NaN,NaN,NaN,NaN,NaN,NaN,NaN,NaN,NaN,NaN,NaN,NaN,NaN,NaN,NaN,NaN,NaN,NaN,NaN,NaN,NaN,NaN,NaN,NaN,NaN,NaN,NaN,NaN,NaN,NaN,NaN,NaN,NaN,NaN,NaN,NaN,NaN,NaN,NaN,NaN,NaN,NaN,NaN,NaN,NaN,NaN,NaN,NaN,NaN,NaN,NaN,NaN,NaN,NaN,NaN,NaN,NaN,NaN,NaN,NaN,NaN,NaN,NaN,NaN,NaN,NaN,NaN,NaN,NaN,NaN,NaN,NaN,NaN,NaN,NaN,NaN,NaN,NaN,NaN,NaN,NaN,NaN,NaN,NaN,NaN,NaN,NaN,NaN,NaN,NaN,NaN,NaN,NaN,NaN,NaN,NaN,NaN,NaN,NaN,0.0261816399662989,0.0272106468015937,0.0280069101233594,0.0281984622916334,NaN,0.0356673725094196,0.0397713764830964,0.0419004099627102,0.042471945999814,0.0427564897705441,NaN,NaN,NaN,NaN,NaN,NaN,NaN,NaN,NaN,NaN,NaN,0.0714732346288225,0.071157242344683,0.0711673237962515,0.0669938286377551,NaN,NaN,NaN,NaN,0.0565548691601528,0.0541711268833808,0.0665525427999103,0.0682343502238269,0.069586168178394,0.0693218415690098,0.0580639410714538,NaN,NaN,NaN,NaN,NaN,NaN,NaN,NaN,NaN,NaN,NaN,0.0858393008423525,0.0855460606430293,0.0852742660607243,0.0850501696391975,0.0851016793757381,0.0854036751106446,0.085802416770563,0.086214792356304,0.0865703244491176,0.0868411354702464,0.0870406739470294,0.0871477133260885,0.0871941576834614,0.0872093230280177,0.0871979754851369,0.0871889169787291,0.0871907019278287,0.0871715189794883,0.082194362007893,0.0655098028818207,0.0601625485579629,NaN,NaN,NaN,NaN,NaN,NaN,NaN,NaN,NaN,NaN,NaN,NaN,NaN,NaN,NaN,NaN,NaN,NaN,NaN,NaN,NaN,NaN,NaN,NaN,NaN,NaN,NaN,NaN,NaN,NaN,NaN
NaN,NaN,NaN,NaN,NaN,NaN,NaN,NaN,NaN,NaN,NaN,NaN,NaN,NaN,NaN,NaN,NaN,NaN,NaN,NaN,NaN,NaN,NaN,NaN,NaN,NaN,NaN,NaN,NaN,NaN,NaN,NaN,NaN,NaN,NaN,NaN,NaN,NaN,NaN,NaN,NaN,NaN,NaN,NaN,NaN,NaN,NaN,NaN,NaN,NaN,NaN,NaN,NaN,NaN,NaN,NaN,NaN,NaN,NaN,NaN,NaN,NaN,NaN,NaN,NaN,NaN,NaN,NaN,NaN,NaN,NaN,NaN,NaN,NaN,NaN,NaN,NaN,NaN,NaN,NaN,NaN,NaN,NaN,NaN,NaN,NaN,NaN,NaN,NaN,NaN,NaN,NaN,NaN,NaN,NaN,NaN,NaN,NaN,NaN,NaN,NaN,NaN,NaN,NaN,NaN,NaN,NaN,NaN,NaN,NaN,NaN,NaN,NaN,NaN,NaN,NaN,NaN,NaN,NaN,NaN,NaN,NaN,NaN,NaN,NaN,NaN,NaN,NaN,NaN,NaN,NaN,NaN,NaN,NaN,NaN,NaN,NaN,NaN,NaN,NaN,NaN,NaN,0.0222882870003189,0.0213224745700799,NaN,0.0252109528500576,0.0256245936195891,0.0262616948603618,NaN,NaN,NaN,NaN,NaN,NaN,NaN,NaN,NaN,NaN,NaN,NaN,NaN,NaN,NaN,NaN,NaN,NaN,NaN,NaN,0.0706531499980517,0.0707508617722458,NaN,NaN,NaN,NaN,0.0566756283773212,0.066454676327454,0.0586201894173831,NaN,0.0687812946102692,0.0702284840362557,0.0702513666143599,0.0693388483840338,NaN,NaN,NaN,NaN,0.0826370529955206,0.0825946484769791,0.0825943773567984,NaN,0.0839861685272467,0.084001439121857,0.0844327526731211,0.0850711982468372,0.0850020555557492,0.0849030360263311,0.0848644040324801,0.0849649618195043,0.0853519926948622,0.0858295033538734,0.0862620952391502,0.0865963218784822,0.0868322123793206,0.0870289574358712,0.0871428210878205,0.0871865169629897,0.087203180718387,0.0872008403868212,0.0871992881183371,0.0872067630838519,0.0871233443141515,0.0796314840823197,NaN,NaN,NaN,NaN,NaN,NaN,NaN,NaN,NaN,NaN,NaN,NaN,NaN,NaN,NaN,NaN,NaN,NaN,NaN,NaN,NaN,NaN,NaN,NaN,NaN,NaN,NaN,NaN,NaN,NaN,NaN,NaN,NaN
NaN,NaN,NaN,NaN,NaN,NaN,NaN,NaN,NaN,NaN,NaN,NaN,NaN,NaN,NaN,NaN,NaN,NaN,NaN,NaN,NaN,NaN,NaN,NaN,NaN,NaN,NaN,NaN,NaN,NaN,NaN,NaN,NaN,NaN,NaN,NaN,NaN,NaN,NaN,NaN,NaN,NaN,NaN,NaN,NaN,NaN,NaN,NaN,NaN,NaN,NaN,NaN,NaN,NaN,NaN,NaN,NaN,NaN,NaN,NaN,NaN,NaN,NaN,NaN,NaN,NaN,NaN,NaN,NaN,NaN,NaN,NaN,NaN,NaN,NaN,NaN,NaN,NaN,NaN,NaN,NaN,NaN,NaN,NaN,NaN,NaN,NaN,NaN,NaN,NaN,NaN,NaN,NaN,NaN,NaN,NaN,NaN,NaN,NaN,NaN,NaN,NaN,NaN,NaN,NaN,NaN,NaN,NaN,NaN,NaN,NaN,NaN,NaN,NaN,NaN,NaN,NaN,NaN,NaN,NaN,NaN,NaN,NaN,NaN,NaN,NaN,NaN,NaN,NaN,NaN,NaN,NaN,NaN,NaN,NaN,NaN,NaN,NaN,NaN,NaN,0.0224266269617859,0.021629729757012,0.021127236981304,0.0213977159771109,0.0220362553834308,0.024012160700412,0.0250535331801171,NaN,NaN,NaN,NaN,NaN,NaN,NaN,NaN,NaN,NaN,NaN,NaN,NaN,NaN,NaN,NaN,NaN,NaN,NaN,NaN,0.06805044138717,0.0703999477586104,0.0701357957305018,NaN,NaN,NaN,0.0662870377123774,0.0602113429864473,0.0665682806799109,NaN,NaN,0.0693927220537709,0.070388258046909,0.0703819591135935,NaN,NaN,NaN,NaN,NaN,0.0826169053205439,0.0826150159941033,0.0827115789511406,0.0830854891613125,0.083658650728245,0.0839635274272778,0.0841945280341977,0.0845035798451791,0.0845369837755644,0.0844178157578307,0.0845876187665496,0.0849084612479992,0.0853386211858792,0.0859341408880783,0.0864221707109163,0.0866629670539629,0.0868721794252645,0.0870638241115682,0.0871638996362952,0.0871982787121685,0.0872107036439131,0.0872167562721441,0.0872255754463655,NaN,NaN,NaN,NaN,NaN,NaN,NaN,NaN,NaN,NaN,NaN,NaN,NaN,NaN,NaN,NaN,NaN,NaN,NaN,NaN,NaN,NaN,NaN,NaN,NaN,NaN,NaN,NaN,NaN,NaN,NaN,NaN,NaN,NaN,NaN,NaN
NaN,NaN,NaN,NaN,NaN,NaN,NaN,NaN,NaN,NaN,NaN,NaN,NaN,NaN,NaN,NaN,NaN,NaN,NaN,NaN,NaN,NaN,NaN,NaN,NaN,NaN,NaN,NaN,NaN,NaN,NaN,NaN,NaN,NaN,NaN,NaN,NaN,NaN,NaN,NaN,NaN,NaN,NaN,NaN,NaN,NaN,NaN,NaN,NaN,NaN,NaN,NaN,NaN,NaN,NaN,NaN,NaN,NaN,NaN,NaN,NaN,NaN,NaN,NaN,NaN,NaN,NaN,NaN,NaN,NaN,NaN,NaN,NaN,NaN,NaN,NaN,NaN,NaN,NaN,NaN,NaN,NaN,NaN,NaN,NaN,NaN,NaN,NaN,NaN,NaN,NaN,NaN,NaN,NaN,NaN,NaN,NaN,NaN,NaN,NaN,NaN,NaN,NaN,NaN,NaN,NaN,NaN,NaN,NaN,NaN,NaN,NaN,NaN,NaN,NaN,NaN,NaN,NaN,NaN,NaN,NaN,NaN,NaN,NaN,NaN,NaN,NaN,NaN,NaN,NaN,NaN,NaN,NaN,NaN,NaN,NaN,NaN,0.0221938902314505,0.0222046421875042,0.0223177805525606,0.022681403945909,0.0225656779842564,0.0220061822108357,0.0213530860199468,0.0212550336882591,NaN,NaN,NaN,NaN,NaN,NaN,NaN,NaN,NaN,NaN,NaN,NaN,NaN,NaN,NaN,NaN,NaN,NaN,NaN,NaN,NaN,NaN,0.0669342585641829,0.0689490656235382,0.0696679166363903,0.0671700393047782,0.0656102385575921,0.0671814240316051,0.0679711136906609,0.0690209262368662,0.0694199990989533,NaN,0.0695446163946822,0.0703871768034694,0.0705302202739182,0.0706038512858306,NaN,NaN,NaN,NaN,NaN,0.0825314309792988,0.0825331802784324,0.0826939130995193,0.0830547437728459,0.0835454633621951,0.0837599976028823,0.0839111481776155,0.0840788092545381,0.0841535559508722,0.0842151976537376,0.084489831841724,0.0848533499187895,0.0852836560862429,0.0860236121825428,0.0866253600825233,0.0868527160592017,0.086996309240297,0.0871094256344715,0.0871864926443628,0.0872220603244116,0.0872279762619609,0.0872410193800103,0.087247006998744,NaN,NaN,NaN,NaN,NaN,NaN,NaN,NaN,NaN,NaN,NaN,NaN,NaN,NaN,NaN,NaN,NaN,NaN,NaN,NaN,NaN,NaN,NaN,NaN,NaN,NaN,NaN,NaN,NaN,NaN,NaN,NaN,NaN,NaN,NaN,NaN
NaN,NaN,NaN,NaN,NaN,NaN,NaN,NaN,NaN,NaN,NaN,NaN,NaN,NaN,NaN,NaN,NaN,NaN,NaN,NaN,NaN,NaN,NaN,NaN,NaN,NaN,NaN,NaN,NaN,NaN,NaN,NaN,NaN,NaN,NaN,NaN,NaN,NaN,NaN,NaN,NaN,NaN,NaN,NaN,NaN,NaN,NaN,NaN,NaN,NaN,NaN,NaN,NaN,NaN,NaN,NaN,NaN,NaN,NaN,NaN,NaN,NaN,NaN,NaN,NaN,NaN,NaN,NaN,NaN,NaN,NaN,NaN,NaN,NaN,NaN,NaN,NaN,NaN,NaN,NaN,NaN,NaN,NaN,NaN,NaN,NaN,NaN,NaN,NaN,NaN,NaN,NaN,NaN,NaN,NaN,NaN,NaN,NaN,NaN,NaN,NaN,NaN,NaN,NaN,NaN,NaN,NaN,NaN,NaN,NaN,NaN,NaN,NaN,NaN,NaN,NaN,NaN,NaN,NaN,NaN,NaN,NaN,NaN,NaN,NaN,NaN,NaN,NaN,NaN,NaN,NaN,NaN,NaN,NaN,NaN,NaN,NaN,0.0222248322457813,0.0222675329880123,0.0224128471495749,0.022641700726209,0.0228561454548188,0.0229731846920178,0.0222514561636033,0.0214690271519691,NaN,NaN,NaN,NaN,NaN,NaN,NaN,NaN,NaN,NaN,NaN,NaN,NaN,NaN,NaN,NaN,NaN,NaN,NaN,NaN,NaN,0.0537270056428251,0.0667796865231495,0.0696397394955101,0.0696276797818958,0.0695881482191635,0.0695710045693316,0.0687325946982635,0.0690581111581442,0.0696365491811951,0.0697458033718863,0.0699381246676558,0.0702613509493468,0.0705646645549545,0.0708052781259122,0.0711958590418724,NaN,NaN,NaN,NaN,NaN,0.0822403683259968,0.0823463839260046,0.0826802582394718,0.0830800986285469,0.0833875499336798,0.0836371919352423,0.0836793290996709,0.0837843851623976,0.0839708144440359,0.0842160708906798,0.0845273301495635,0.0847445946620098,0.084970263415748,0.0859143643374931,0.0867200007126275,0.0869792314470622,0.0871107737371299,0.0871737739064621,0.0872293240848735,0.0872568447050438,0.0872470937901205,NaN,NaN,NaN,NaN,NaN,NaN,NaN,NaN,NaN,NaN,NaN,NaN,NaN,NaN,NaN,NaN,NaN,NaN,NaN,NaN,NaN,NaN,NaN,NaN,NaN,NaN,NaN,NaN,NaN,NaN,NaN,NaN,NaN,NaN,NaN,NaN,NaN,NaN
NaN,NaN,NaN,NaN,NaN,NaN,NaN,NaN,NaN,NaN,NaN,NaN,NaN,NaN,NaN,NaN,NaN,NaN,NaN,NaN,NaN,NaN,NaN,NaN,NaN,NaN,NaN,NaN,NaN,NaN,NaN,NaN,NaN,NaN,NaN,NaN,NaN,NaN,NaN,NaN,NaN,NaN,NaN,NaN,NaN,NaN,NaN,NaN,NaN,NaN,NaN,NaN,NaN,NaN,NaN,NaN,NaN,NaN,NaN,NaN,NaN,NaN,NaN,NaN,NaN,NaN,NaN,NaN,NaN,NaN,NaN,NaN,NaN,NaN,NaN,NaN,NaN,NaN,NaN,NaN,NaN,NaN,NaN,NaN,NaN,NaN,NaN,NaN,NaN,NaN,NaN,NaN,NaN,NaN,NaN,NaN,NaN,NaN,NaN,NaN,NaN,NaN,NaN,NaN,NaN,NaN,NaN,NaN,NaN,NaN,NaN,NaN,NaN,NaN,NaN,NaN,NaN,NaN,NaN,NaN,NaN,NaN,NaN,NaN,NaN,NaN,NaN,NaN,NaN,NaN,NaN,NaN,NaN,NaN,NaN,NaN,NaN,0.0221805984616681,0.0222210380004407,0.0223490929106334,0.022460208039936,0.022416347506984,NaN,NaN,NaN,NaN,NaN,NaN,NaN,NaN,NaN,NaN,NaN,NaN,NaN,NaN,NaN,NaN,NaN,NaN,NaN,NaN,NaN,NaN,0.0509666256974179,0.0638476834742176,0.0663146489056939,0.0665789664224045,0.0672327514166972,0.0696332398959743,0.0696176663053696,0.0696092661296485,0.0696238856225956,0.0696615505464639,0.0696840048015469,0.0697211917550555,0.0698413785381781,0.0701627228723484,0.0708246494811437,0.0714679450035122,0.0727568775559301,NaN,NaN,NaN,NaN,0.0817090556469303,0.0818884522010062,0.0821357252556313,0.0825594916864007,0.0830772521466286,0.0836389960670251,0.083677242046026,0.0836797200040615,0.0837343698059958,0.0839730338912831,0.0843261941720048,0.0845528716444935,0.0845225044317329,0.0843261649683697,NaN,NaN,NaN,0.0872218196526359,0.0872051512977162,NaN,NaN,NaN,NaN,NaN,NaN,NaN,NaN,NaN,NaN,NaN,NaN,NaN,NaN,NaN,NaN,NaN,NaN,NaN,NaN,NaN,NaN,NaN,NaN,NaN,NaN,NaN,NaN,NaN,NaN,NaN,NaN,NaN,NaN,NaN,NaN,NaN,NaN,NaN,NaN,NaN
NaN,NaN,NaN,NaN,NaN,NaN,NaN,NaN,NaN,NaN,NaN,NaN,NaN,NaN,NaN,NaN,NaN,NaN,NaN,NaN,NaN,NaN,NaN,NaN,NaN,NaN,NaN,NaN,NaN,NaN,NaN,NaN,NaN,NaN,NaN,NaN,NaN,NaN,NaN,NaN,NaN,NaN,NaN,NaN,NaN,NaN,NaN,NaN,NaN,NaN,NaN,NaN,NaN,NaN,NaN,NaN,NaN,NaN,NaN,NaN,NaN,NaN,NaN,NaN,NaN,NaN,NaN,NaN,NaN,NaN,NaN,NaN,NaN,NaN,NaN,NaN,NaN,NaN,NaN,NaN,NaN,NaN,NaN,NaN,NaN,NaN,NaN,NaN,NaN,NaN,NaN,NaN,NaN,NaN,NaN,NaN,NaN,NaN,NaN,NaN,NaN,NaN,NaN,NaN,NaN,NaN,NaN,NaN,NaN,NaN,NaN,NaN,NaN,NaN,NaN,NaN,NaN,NaN,NaN,NaN,NaN,NaN,NaN,NaN,NaN,NaN,NaN,NaN,NaN,NaN,NaN,NaN,NaN,NaN,NaN,NaN,NaN,0.0221115389480025,0.0221606678040126,0.0223039290191773,0.0223692852220204,0.0223273104204524,NaN,NaN,NaN,NaN,NaN,NaN,NaN,NaN,NaN,NaN,NaN,NaN,NaN,NaN,NaN,NaN,NaN,NaN,NaN,NaN,NaN,NaN,0.0458321536029334,0.0509933092806697,0.0610002426574989,0.0665342650925465,0.0668001138734581,0.0695709391593586,0.0696266213424121,0.0696271797247527,0.0696392282914697,0.069657009414954,0.0696712918264434,0.0697128430646953,0.0698535195706248,0.0701909628198871,0.0709647690965572,0.0723239309321732,0.0743437757017317,0.0759821140029739,NaN,NaN,0.0816321635219424,0.0815265591230162,0.0815734068544833,0.0816331659876493,0.0824423595421436,0.0831298230543084,0.0836343053190367,0.0840513432741095,0.0841282632075351,0.0839349214360496,0.0839427728641544,0.0843536909693055,0.0845162580838795,0.0843847056790793,0.0843504462975455,NaN,NaN,NaN,NaN,NaN,NaN,NaN,NaN,NaN,NaN,NaN,NaN,NaN,NaN,NaN,NaN,NaN,NaN,NaN,NaN,NaN,NaN,NaN,NaN,NaN,NaN,NaN,NaN,NaN,NaN,NaN,NaN,NaN,NaN,NaN,NaN,NaN,NaN,NaN,NaN,NaN,NaN,NaN,NaN,NaN,NaN
NaN,NaN,NaN,NaN,NaN,NaN,NaN,NaN,NaN,NaN,NaN,NaN,NaN,NaN,NaN,NaN,NaN,NaN,NaN,NaN,NaN,NaN,NaN,NaN,NaN,NaN,NaN,NaN,NaN,NaN,NaN,NaN,NaN,NaN,NaN,NaN,NaN,NaN,NaN,NaN,NaN,NaN,NaN,NaN,NaN,NaN,NaN,NaN,NaN,NaN,NaN,NaN,NaN,NaN,NaN,NaN,NaN,NaN,NaN,NaN,NaN,NaN,NaN,NaN,NaN,NaN,NaN,NaN,NaN,NaN,NaN,NaN,NaN,NaN,NaN,NaN,NaN,NaN,NaN,NaN,NaN,NaN,NaN,NaN,NaN,NaN,NaN,NaN,NaN,NaN,NaN,NaN,NaN,NaN,NaN,NaN,NaN,NaN,NaN,NaN,NaN,NaN,NaN,NaN,NaN,NaN,NaN,NaN,NaN,NaN,NaN,NaN,NaN,NaN,NaN,NaN,NaN,NaN,NaN,NaN,NaN,NaN,NaN,NaN,NaN,NaN,NaN,NaN,NaN,NaN,NaN,NaN,NaN,NaN,NaN,NaN,NaN,0.0221008932692583,0.0220637816342086,NaN,0.0224004782818715,0.0223318962893862,NaN,NaN,NaN,NaN,NaN,NaN,NaN,NaN,NaN,NaN,NaN,NaN,NaN,NaN,NaN,NaN,NaN,NaN,NaN,NaN,NaN,0.0422480294710863,0.0445629254013473,0.0488581988478459,0.0603533691824258,0.0666711461245023,0.0676042139559009,0.0692630348576053,0.0696430630692176,0.0696350909316279,0.0696381060078154,0.0696622405191357,0.0696803950348406,0.0696854406583494,0.0697705602786586,0.0701125176560076,0.0710636296313112,0.0729192583732715,0.0751985067862533,0.0771266762127311,0.0788301882464435,0.0788790266679441,0.0804423903407031,0.080878975010777,0.0811112566919444,0.0811185503692488,0.0815289061408112,0.0830436721073352,0.0835240467055632,0.0843140861682549,0.0845825997751807,0.0842134932224776,0.0839742558718063,0.0841939334893202,0.084341054454724,0.0843218559307019,0.0844284397383197,NaN,NaN,NaN,NaN,NaN,NaN,NaN,NaN,NaN,0.0367730078946338,0.0366451368272082,0.0365511171895649,NaN,NaN,NaN,NaN,NaN,NaN,NaN,NaN,NaN,NaN,NaN,NaN,NaN,NaN,NaN,NaN,NaN,NaN,NaN,NaN,NaN,NaN,NaN,NaN,NaN,NaN,NaN,NaN,NaN,NaN,NaN,NaN,NaN,NaN
NaN,NaN,NaN,NaN,NaN,NaN,NaN,NaN,NaN,NaN,NaN,NaN,NaN,NaN,NaN,NaN,NaN,NaN,NaN,NaN,NaN,NaN,NaN,NaN,NaN,NaN,NaN,NaN,NaN,NaN,NaN,NaN,NaN,NaN,NaN,NaN,NaN,NaN,NaN,NaN,NaN,NaN,NaN,NaN,NaN,NaN,NaN,NaN,NaN,NaN,NaN,NaN,NaN,NaN,NaN,NaN,NaN,NaN,NaN,NaN,NaN,NaN,NaN,NaN,NaN,NaN,NaN,NaN,NaN,NaN,NaN,NaN,NaN,NaN,NaN,NaN,NaN,NaN,NaN,NaN,NaN,NaN,NaN,NaN,NaN,NaN,NaN,NaN,NaN,NaN,NaN,NaN,NaN,NaN,NaN,NaN,NaN,NaN,NaN,NaN,NaN,NaN,NaN,NaN,NaN,NaN,NaN,NaN,NaN,NaN,NaN,NaN,NaN,NaN,NaN,NaN,NaN,NaN,NaN,NaN,NaN,NaN,NaN,NaN,NaN,NaN,NaN,NaN,NaN,NaN,NaN,NaN,NaN,NaN,NaN,NaN,NaN,NaN,NaN,NaN,NaN,NaN,NaN,NaN,NaN,NaN,NaN,NaN,NaN,NaN,NaN,NaN,NaN,NaN,NaN,NaN,NaN,NaN,NaN,NaN,NaN,NaN,NaN,0.0443297260276249,0.048493010809104,0.0599315683229483,0.0674085179928599,0.0675850704109456,0.0694278250701105,0.0695654367972627,0.0696479290284261,0.0696474655862829,0.0696293945544177,0.0696708158600399,0.0697038887609472,0.0697050675931281,0.0697267902142365,0.0700226704846092,0.0709129270125218,0.0729498299448105,0.0755050002340443,0.0772193763891097,0.0783176009382917,0.0789616873785819,0.0799309559569224,0.0805265552863922,0.0808441893080716,0.0807690806035978,0.080395658404333,NaN,0.0844309144394709,0.0845235258640183,0.0846548271701878,0.0843692385761756,0.0840742206326163,0.0839925788847765,0.0841455771785314,0.0842670600815891,0.0844963797999076,NaN,NaN,NaN,NaN,NaN,NaN,NaN,NaN,0.0374146844003163,0.0370544566471631,0.036768707347036,0.0366270666894697,NaN,NaN,NaN,NaN,NaN,NaN,NaN,NaN,NaN,NaN,NaN,NaN,NaN,NaN,NaN,NaN,NaN,NaN,NaN,NaN,NaN,NaN,NaN,NaN,NaN,NaN,NaN,NaN,NaN,NaN,NaN,NaN,NaN,NaN
NaN,NaN,NaN,NaN,NaN,NaN,NaN,NaN,NaN,NaN,NaN,NaN,NaN,NaN,NaN,NaN,NaN,NaN,NaN,NaN,NaN,NaN,NaN,NaN,NaN,NaN,NaN,NaN,NaN,NaN,NaN,NaN,NaN,NaN,NaN,NaN,NaN,NaN,NaN,NaN,NaN,NaN,NaN,NaN,NaN,NaN,NaN,NaN,NaN,NaN,NaN,NaN,NaN,NaN,NaN,NaN,NaN,NaN,NaN,NaN,NaN,NaN,NaN,NaN,NaN,NaN,NaN,NaN,NaN,NaN,NaN,NaN,NaN,NaN,NaN,NaN,NaN,NaN,NaN,NaN,NaN,NaN,NaN,NaN,NaN,NaN,NaN,NaN,NaN,NaN,NaN,NaN,NaN,NaN,NaN,NaN,NaN,NaN,NaN,NaN,NaN,NaN,NaN,NaN,NaN,NaN,NaN,NaN,NaN,NaN,NaN,NaN,NaN,NaN,NaN,NaN,NaN,NaN,NaN,NaN,NaN,NaN,NaN,NaN,NaN,NaN,NaN,NaN,NaN,NaN,NaN,NaN,NaN,NaN,NaN,NaN,NaN,NaN,NaN,NaN,NaN,NaN,NaN,NaN,NaN,NaN,NaN,NaN,NaN,NaN,NaN,NaN,NaN,NaN,NaN,NaN,NaN,NaN,NaN,0.0388946490635034,0.0396525128202967,0.0408457283422004,0.0429488276343939,0.0467734139434582,0.0484008116514377,0.0484462453932636,0.0590755718442597,0.0689948619650153,0.0694848754372125,0.0695564018970335,0.0696515005521114,0.0696697850206506,0.0696469892035957,0.0696799307508939,0.0696913416114331,0.0696965863100765,0.0696673492043501,0.069868775224914,0.0707215830404464,0.0730214092691639,0.0754791047790101,0.0771385988619469,0.0782807107819611,0.0787135676695934,0.0795535855319743,0.0804053598830022,0.0809939249749602,0.0810382121728453,0.0807444651326083,0.0807632685214139,0.0829919128554516,0.0838877139614816,0.0843159946361929,0.0842256022833229,0.0840135536427156,0.0838983836363147,0.0838243957853427,0.083894950508687,NaN,NaN,NaN,NaN,NaN,0.0459470807315335,0.04394980202708,0.041538619243295,0.0397590643031824,0.0381133071300336,0.0373496486683042,0.0369376090679229,0.0367222202333022,NaN,NaN,NaN,NaN,NaN,NaN,NaN,NaN,NaN,NaN,NaN,NaN,NaN,NaN,NaN,NaN,NaN,NaN,NaN,NaN,NaN,NaN,NaN,NaN,NaN,NaN,NaN,NaN,NaN,NaN,NaN,NaN,NaN,NaN
NaN,NaN,NaN,NaN,NaN,NaN,NaN,NaN,NaN,NaN,NaN,NaN,NaN,NaN,NaN,NaN,NaN,NaN,NaN,NaN,NaN,NaN,NaN,NaN,NaN,NaN,NaN,NaN,NaN,NaN,NaN,NaN,NaN,NaN,NaN,NaN,NaN,NaN,NaN,NaN,NaN,NaN,NaN,NaN,NaN,NaN,NaN,NaN,NaN,NaN,NaN,NaN,NaN,NaN,NaN,NaN,NaN,NaN,NaN,NaN,NaN,NaN,NaN,NaN,NaN,NaN,NaN,NaN,NaN,NaN,NaN,NaN,NaN,NaN,NaN,NaN,NaN,NaN,NaN,NaN,NaN,NaN,NaN,NaN,NaN,NaN,NaN,NaN,NaN,NaN,NaN,NaN,NaN,NaN,NaN,NaN,NaN,NaN,NaN,NaN,NaN,NaN,NaN,NaN,NaN,NaN,NaN,NaN,NaN,NaN,NaN,NaN,NaN,NaN,NaN,NaN,NaN,NaN,NaN,NaN,NaN,NaN,NaN,NaN,NaN,NaN,NaN,NaN,NaN,NaN,NaN,NaN,NaN,NaN,NaN,NaN,NaN,NaN,NaN,NaN,NaN,NaN,NaN,NaN,NaN,NaN,NaN,NaN,NaN,NaN,NaN,NaN,NaN,NaN,NaN,NaN,NaN,NaN,NaN,0.0388358209470279,0.0395110928593085,0.0404496606201584,NaN,NaN,NaN,0.0513094778918055,0.0521832888678923,0.0663274134687782,0.0694497924278143,0.0695349966656508,0.0696179188434058,0.0697122278035786,0.0697045951656952,0.0696245375051125,0.0695802478028217,0.0696204102698366,0.0695990194888012,0.0696331588591173,0.0704527112976166,0.0733917941200236,0.075394799347875,0.0761361656606425,0.0784918827458433,0.0786704135927153,0.079309004599623,0.079507530351166,0.0807285828863128,0.081087271712923,0.0815344152453798,0.0822378174384626,0.0830621026156975,0.0836485021137967,0.0840144586300401,0.0839376893003021,0.0838472402721801,0.0838032348008264,0.0836251424749169,0.0835106403724363,0.0834166327912881,NaN,NaN,NaN,0.0557040575783187,0.0496109903310992,0.046025713864551,NaN,NaN,NaN,NaN,NaN,NaN,NaN,NaN,NaN,NaN,NaN,NaN,NaN,NaN,NaN,NaN,NaN,NaN,NaN,NaN,NaN,NaN,NaN,NaN,NaN,NaN,NaN,NaN,NaN,NaN,NaN,NaN,NaN,NaN,NaN,NaN,NaN,NaN,NaN,NaN
NaN,NaN,NaN,NaN,NaN,NaN,NaN,NaN,NaN,NaN,NaN,NaN,NaN,NaN,NaN,NaN,NaN,NaN,NaN,NaN,NaN,NaN,NaN,NaN,NaN,NaN,NaN,NaN,NaN,NaN,NaN,NaN,NaN,NaN,NaN,NaN,NaN,NaN,NaN,NaN,NaN,NaN,NaN,NaN,NaN,NaN,NaN,NaN,NaN,NaN,NaN,NaN,NaN,NaN,NaN,NaN,NaN,NaN,NaN,NaN,NaN,NaN,NaN,NaN,NaN,NaN,NaN,NaN,NaN,NaN,NaN,NaN,NaN,NaN,NaN,NaN,NaN,NaN,NaN,NaN,NaN,NaN,NaN,NaN,NaN,NaN,NaN,NaN,NaN,NaN,NaN,NaN,NaN,NaN,NaN,NaN,NaN,NaN,NaN,NaN,NaN,NaN,NaN,NaN,NaN,NaN,NaN,NaN,NaN,NaN,NaN,NaN,NaN,NaN,NaN,NaN,NaN,NaN,NaN,NaN,NaN,NaN,NaN,NaN,NaN,NaN,NaN,NaN,NaN,NaN,NaN,NaN,NaN,NaN,NaN,NaN,NaN,NaN,NaN,NaN,NaN,NaN,NaN,NaN,NaN,NaN,NaN,NaN,NaN,NaN,NaN,NaN,NaN,NaN,NaN,NaN,NaN,NaN,NaN,NaN,0.0403704803005991,0.0416929906917947,0.0445178272209712,0.0495957488064532,0.0498483191418563,0.0505758720061746,0.051081745388159,NaN,NaN,0.0694257464777725,0.0694345507074481,NaN,NaN,0.0696721665004606,0.0695036134965762,0.0695593483623498,0.0694785813792194,0.0697537704164603,0.0715953472713396,0.0751433441326371,0.0754835920661251,0.0737269935824848,NaN,NaN,NaN,NaN,0.0815737868635581,0.082194172667238,0.0827263809289239,0.083019861707262,0.0832837475940768,0.0837303831329049,0.0841426458951041,0.0837965509470078,0.0837590952681455,0.0837835845694764,0.0836189563209457,0.0834247771960675,0.0833749272409784,0.0835450392872641,NaN,NaN,0.0702555127702636,0.0557901434488402,NaN,NaN,NaN,NaN,NaN,NaN,NaN,NaN,NaN,NaN,NaN,NaN,NaN,NaN,NaN,NaN,NaN,NaN,NaN,NaN,NaN,NaN,NaN,NaN,NaN,NaN,NaN,NaN,NaN,NaN,NaN,NaN,NaN,NaN,NaN,NaN,NaN,NaN,NaN,NaN,NaN
NaN,NaN,NaN,NaN,NaN,NaN,NaN,NaN,NaN,NaN,NaN,NaN,NaN,NaN,NaN,NaN,NaN,NaN,NaN,NaN,NaN,NaN,NaN,NaN,NaN,NaN,NaN,NaN,NaN,NaN,NaN,NaN,NaN,NaN,NaN,NaN,NaN,NaN,NaN,NaN,NaN,NaN,NaN,NaN,NaN,NaN,NaN,NaN,NaN,NaN,NaN,NaN,NaN,NaN,NaN,NaN,NaN,NaN,NaN,NaN,NaN,NaN,NaN,NaN,NaN,NaN,NaN,NaN,NaN,NaN,NaN,NaN,NaN,NaN,NaN,NaN,NaN,NaN,NaN,NaN,NaN,NaN,NaN,NaN,NaN,NaN,NaN,NaN,NaN,NaN,NaN,NaN,NaN,NaN,NaN,NaN,NaN,NaN,NaN,NaN,NaN,NaN,NaN,NaN,NaN,NaN,NaN,NaN,NaN,NaN,NaN,NaN,NaN,NaN,NaN,NaN,NaN,NaN,NaN,NaN,NaN,NaN,NaN,NaN,NaN,NaN,NaN,NaN,NaN,NaN,NaN,NaN,NaN,NaN,NaN,NaN,NaN,NaN,NaN,NaN,NaN,NaN,NaN,NaN,NaN,NaN,NaN,NaN,NaN,NaN,NaN,NaN,NaN,NaN,NaN,NaN,NaN,NaN,0.0394159670018886,0.0402639352764885,0.0416078434385469,0.0444278358314409,0.0494567798569358,0.0495442898378216,0.0496575531551243,0.0498403713402786,NaN,NaN,NaN,0.0694066246571915,0.0695216247365014,0.0694711886523843,NaN,0.0699973802767888,0.069864197457149,0.0696352006245617,0.0689254350819796,0.069656485876042,0.0724906356255904,0.0768279145174322,0.0770521867800711,NaN,NaN,NaN,NaN,NaN,NaN,0.0831131587306028,0.0832685829301032,0.0833230472324924,0.0832693013125495,NaN,NaN,0.0836055362741868,0.0838306692982706,0.0839006054537841,0.0837221327173687,0.0835813307921372,0.0833823646664465,0.0828267611595887,0.0804340699975508,0.0776537458083779,0.0761070570424014,0.065858363019023,NaN,NaN,NaN,NaN,NaN,NaN,NaN,NaN,NaN,NaN,NaN,NaN,NaN,NaN,NaN,NaN,NaN,NaN,NaN,NaN,NaN,NaN,NaN,NaN,NaN,NaN,NaN,NaN,NaN,NaN,NaN,NaN,NaN,NaN,NaN,NaN,NaN,NaN,NaN,NaN,NaN
NaN,NaN,NaN,NaN,NaN,NaN,NaN,NaN,NaN,NaN,NaN,NaN,NaN,NaN,NaN,NaN,NaN,NaN,NaN,NaN,NaN,NaN,NaN,NaN,NaN,NaN,NaN,NaN,NaN,NaN,NaN,NaN,NaN,NaN,NaN,NaN,NaN,NaN,NaN,NaN,NaN,NaN,NaN,NaN,NaN,NaN,NaN,NaN,NaN,NaN,NaN,NaN,NaN,NaN,NaN,NaN,NaN,NaN,NaN,NaN,NaN,NaN,NaN,NaN,NaN,NaN,NaN,NaN,NaN,NaN,NaN,NaN,NaN,NaN,NaN,NaN,NaN,NaN,NaN,NaN,NaN,NaN,NaN,NaN,NaN,NaN,NaN,NaN,NaN,NaN,NaN,NaN,NaN,NaN,NaN,NaN,NaN,NaN,NaN,NaN,NaN,NaN,NaN,NaN,NaN,NaN,NaN,NaN,NaN,NaN,NaN,NaN,NaN,NaN,NaN,NaN,NaN,NaN,NaN,NaN,NaN,NaN,NaN,NaN,NaN,NaN,NaN,NaN,NaN,NaN,NaN,NaN,NaN,NaN,NaN,NaN,NaN,NaN,NaN,NaN,NaN,NaN,NaN,NaN,NaN,NaN,NaN,NaN,NaN,NaN,NaN,NaN,NaN,NaN,NaN,NaN,NaN,NaN,0.0398384216563722,0.0408807392269553,0.0429020460156158,0.046642542515368,0.0494257217581006,0.0495065436164292,0.0495815647866858,0.0496209188956412,NaN,NaN,NaN,0.0693753733413267,0.0694891002697246,0.0695006846439433,0.0696364013890694,0.0700540848019339,0.0703392341226135,0.0693351167139047,0.0681734253822863,0.0692550312291922,0.0720549346961755,NaN,NaN,NaN,NaN,NaN,NaN,NaN,NaN,NaN,NaN,NaN,NaN,NaN,NaN,0.0835609780244339,0.0836822392154847,NaN,0.0835833518795609,0.0838473786625543,0.0833761297220049,0.0818189905877286,0.0784385525581167,0.0760522449636317,0.0758823550480818,NaN,NaN,NaN,NaN,NaN,NaN,NaN,NaN,NaN,NaN,NaN,NaN,NaN,NaN,NaN,NaN,NaN,NaN,NaN,NaN,NaN,NaN,NaN,NaN,NaN,NaN,NaN,NaN,NaN,NaN,NaN,NaN,NaN,NaN,NaN,NaN,NaN,NaN,NaN,NaN,NaN,NaN
NaN,NaN,NaN,NaN,NaN,NaN,NaN,NaN,NaN,NaN,NaN,NaN,NaN,NaN,NaN,NaN,NaN,NaN,NaN,NaN,NaN,NaN,NaN,NaN,NaN,NaN,NaN,NaN,NaN,NaN,NaN,NaN,NaN,NaN,NaN,NaN,NaN,NaN,NaN,NaN,NaN,NaN,NaN,NaN,NaN,NaN,NaN,NaN,NaN,NaN,NaN,NaN,NaN,NaN,NaN,NaN,NaN,NaN,NaN,NaN,NaN,NaN,NaN,NaN,NaN,NaN,NaN,NaN,NaN,NaN,NaN,NaN,NaN,NaN,NaN,NaN,NaN,NaN,NaN,NaN,NaN,NaN,NaN,NaN,NaN,NaN,NaN,NaN,NaN,NaN,NaN,NaN,NaN,NaN,NaN,NaN,NaN,NaN,NaN,NaN,NaN,NaN,NaN,NaN,NaN,NaN,NaN,NaN,NaN,NaN,NaN,NaN,NaN,NaN,NaN,NaN,NaN,NaN,NaN,NaN,NaN,NaN,NaN,NaN,NaN,NaN,NaN,NaN,NaN,NaN,NaN,NaN,NaN,NaN,NaN,NaN,NaN,NaN,NaN,NaN,NaN,NaN,NaN,NaN,NaN,NaN,NaN,NaN,NaN,NaN,NaN,NaN,NaN,NaN,NaN,NaN,NaN,NaN,NaN,NaN,NaN,NaN,0.0467809304887324,0.0482640048659888,0.0495558195869902,0.0496014851729312,NaN,NaN,NaN,0.0688214356633999,0.0689867516907912,0.0691825447159537,0.0692784651390172,NaN,NaN,0.0680597563383867,0.0669245547651504,0.0667611321482782,0.0686489069647082,NaN,NaN,NaN,NaN,NaN,NaN,NaN,NaN,NaN,NaN,NaN,NaN,NaN,0.0829576994056238,0.0832392562049739,0.0833905098339876,NaN,NaN,NaN,NaN,0.0786190793994101,0.0753751500487701,0.0746136110555417,0.0747356773091991,NaN,NaN,NaN,NaN,NaN,NaN,NaN,NaN,NaN,NaN,NaN,NaN,NaN,NaN,NaN,NaN,NaN,NaN,NaN,NaN,NaN,NaN,NaN,NaN,NaN,NaN,NaN,NaN,NaN,NaN,NaN,NaN,NaN,NaN,NaN,NaN,NaN,NaN,NaN,NaN,NaN,NaN
NaN,NaN,NaN,NaN,NaN,NaN,NaN,NaN,NaN,NaN,NaN,NaN,NaN,NaN,NaN,NaN,NaN,NaN,NaN,NaN,NaN,NaN,NaN,NaN,NaN,NaN,NaN,NaN,NaN,NaN,NaN,NaN,NaN,NaN,NaN,NaN,NaN,NaN,NaN,NaN,NaN,NaN,NaN,NaN,NaN,NaN,NaN,NaN,NaN,NaN,NaN,NaN,NaN,NaN,NaN,NaN,NaN,NaN,NaN,NaN,NaN,NaN,NaN,NaN,NaN,NaN,NaN,NaN,NaN,NaN,NaN,NaN,NaN,NaN,NaN,NaN,NaN,NaN,NaN,NaN,NaN,NaN,NaN,NaN,NaN,NaN,NaN,NaN,NaN,NaN,NaN,NaN,NaN,NaN,NaN,NaN,NaN,NaN,NaN,NaN,NaN,NaN,NaN,NaN,NaN,NaN,NaN,NaN,NaN,NaN,NaN,NaN,NaN,NaN,NaN,NaN,NaN,NaN,NaN,NaN,NaN,NaN,NaN,NaN,NaN,NaN,NaN,NaN,NaN,NaN,NaN,NaN,NaN,NaN,NaN,NaN,NaN,NaN,NaN,NaN,NaN,NaN,NaN,NaN,NaN,NaN,NaN,NaN,NaN,NaN,NaN,NaN,NaN,NaN,NaN,NaN,NaN,NaN,NaN,NaN,NaN,NaN,NaN,NaN,NaN,NaN,NaN,0.0515653371443201,0.063957918586075,0.06708739226581,0.0680125960731851,0.0680818118733481,NaN,NaN,NaN,0.0660717373777523,0.0653519855766184,0.0646431745078069,0.0651335773773826,NaN,NaN,NaN,NaN,NaN,NaN,NaN,NaN,NaN,NaN,NaN,NaN,0.0829278567985685,0.0829551469462045,0.0830910158652386,0.0832057960299865,0.0831539222407547,NaN,NaN,NaN,NaN,0.0728099919287576,0.0730734725397189,0.0728627690163836,NaN,NaN,NaN,NaN,NaN,NaN,NaN,NaN,NaN,NaN,NaN,NaN,NaN,NaN,NaN,NaN,NaN,NaN,NaN,NaN,NaN,NaN,NaN,NaN,NaN,NaN,NaN,NaN,NaN,NaN,NaN,NaN,NaN,NaN,NaN,NaN,NaN,NaN,NaN,NaN,NaN,NaN
NaN,NaN,NaN,NaN,NaN,NaN,NaN,NaN,NaN,NaN,NaN,NaN,NaN,NaN,NaN,NaN,NaN,NaN,NaN,NaN,NaN,NaN,NaN,NaN,NaN,NaN,NaN,NaN,NaN,NaN,NaN,NaN,NaN,NaN,NaN,NaN,NaN,NaN,NaN,NaN,NaN,NaN,NaN,NaN,NaN,NaN,NaN,NaN,NaN,NaN,NaN,NaN,NaN,NaN,NaN,NaN,NaN,NaN,NaN,NaN,NaN,NaN,NaN,NaN,NaN,NaN,NaN,NaN,NaN,NaN,NaN,NaN,NaN,NaN,NaN,NaN,NaN,NaN,NaN,NaN,NaN,NaN,NaN,NaN,NaN,NaN,NaN,NaN,NaN,NaN,NaN,NaN,NaN,NaN,NaN,NaN,NaN,NaN,NaN,NaN,NaN,NaN,NaN,NaN,NaN,NaN,NaN,NaN,NaN,NaN,NaN,NaN,NaN,NaN,NaN,NaN,NaN,NaN,NaN,NaN,NaN,NaN,NaN,NaN,NaN,NaN,NaN,NaN,NaN,NaN,NaN,NaN,NaN,NaN,NaN,NaN,NaN,NaN,NaN,NaN,NaN,NaN,NaN,NaN,NaN,NaN,NaN,NaN,NaN,NaN,NaN,NaN,NaN,NaN,NaN,NaN,NaN,NaN,NaN,NaN,NaN,NaN,NaN,NaN,NaN,NaN,NaN,0.063263456535751,0.0641552572171891,0.0652664724042072,0.0668466842807957,0.0667562948811216,0.0556354961317717,NaN,NaN,0.0642885066050855,0.0642583151941468,0.0637332666082068,0.0647187828508647,NaN,NaN,NaN,NaN,NaN,NaN,NaN,NaN,NaN,NaN,NaN,NaN,0.0829142408788464,0.0829415755975882,0.0830603285168258,0.0831692080226042,0.0831781467926029,NaN,NaN,NaN,NaN,0.0714601968084072,0.0713520434851828,0.0704864955275765,0.0692441587839526,0.0687094481030746,0.0631077962283938,NaN,NaN,NaN,NaN,NaN,NaN,NaN,NaN,NaN,NaN,NaN,NaN,NaN,NaN,NaN,NaN,NaN,NaN,NaN,NaN,NaN,NaN,NaN,NaN,NaN,NaN,NaN,NaN,NaN,NaN,NaN,NaN,NaN,NaN,NaN,NaN,NaN,NaN,NaN
NaN,NaN,NaN,NaN,NaN,NaN,NaN,NaN,NaN,NaN,NaN,NaN,NaN,NaN,NaN,NaN,NaN,NaN,NaN,NaN,NaN,NaN,NaN,NaN,NaN,NaN,NaN,NaN,NaN,NaN,NaN,NaN,NaN,NaN,NaN,NaN,NaN,NaN,NaN,NaN,NaN,NaN,NaN,NaN,NaN,NaN,NaN,NaN,NaN,NaN,NaN,NaN,NaN,NaN,NaN,NaN,NaN,NaN,NaN,NaN,NaN,NaN,NaN,NaN,NaN,NaN,NaN,NaN,NaN,NaN,NaN,NaN,NaN,NaN,NaN,NaN,NaN,NaN,NaN,NaN,NaN,NaN,NaN,NaN,NaN,NaN,NaN,NaN,NaN,NaN,NaN,NaN,NaN,NaN,NaN,NaN,NaN,NaN,NaN,NaN,NaN,NaN,NaN,NaN,NaN,NaN,NaN,NaN,NaN,NaN,NaN,NaN,NaN,NaN,NaN,NaN,NaN,NaN,NaN,NaN,NaN,NaN,NaN,NaN,NaN,NaN,NaN,NaN,NaN,NaN,NaN,NaN,NaN,NaN,NaN,NaN,NaN,NaN,NaN,NaN,NaN,NaN,NaN,NaN,NaN,NaN,NaN,NaN,NaN,NaN,NaN,NaN,NaN,NaN,NaN,NaN,NaN,NaN,NaN,NaN,NaN,NaN,NaN,NaN,NaN,NaN,NaN,0.0631913818412048,0.0647402801742628,0.0648525307817715,0.0654663286753243,0.0560216566186162,0.0465418758604893,NaN,0.0614500694353369,0.0629084901259928,0.063455540126501,0.0628243130300558,0.0625501132473477,0.0614382984713232,NaN,NaN,NaN,NaN,NaN,NaN,NaN,NaN,NaN,NaN,0.0826656265953493,0.0827656159054809,0.0828606712105728,0.0830390782373915,0.0832745133854709,NaN,NaN,NaN,NaN,NaN,0.0704179027260523,0.0701788747963433,0.0697447281991353,0.068940552448164,0.0683885299605323,0.0675211432246052,0.0629025676310318,0.0609273941789968,0.062956789702153,0.0623036925386092,NaN,NaN,NaN,NaN,NaN,NaN,NaN,NaN,NaN,NaN,NaN,NaN,NaN,NaN,NaN,NaN,NaN,NaN,NaN,NaN,NaN,NaN,NaN,NaN,NaN,NaN,NaN,NaN,NaN,NaN,NaN,NaN,NaN,NaN,NaN
NaN,NaN,NaN,NaN,NaN,NaN,NaN,NaN,NaN,NaN,NaN,NaN,NaN,NaN,NaN,NaN,NaN,NaN,NaN,NaN,NaN,NaN,NaN,NaN,NaN,NaN,NaN,NaN,NaN,NaN,NaN,NaN,NaN,NaN,NaN,NaN,NaN,NaN,NaN,NaN,NaN,NaN,NaN,NaN,NaN,NaN,NaN,NaN,NaN,NaN,NaN,NaN,NaN,NaN,NaN,NaN,NaN,NaN,NaN,NaN,NaN,NaN,NaN,NaN,NaN,NaN,NaN,NaN,NaN,NaN,NaN,NaN,NaN,NaN,NaN,NaN,NaN,NaN,NaN,NaN,NaN,NaN,NaN,NaN,NaN,NaN,NaN,NaN,NaN,NaN,NaN,NaN,NaN,NaN,NaN,NaN,NaN,NaN,NaN,NaN,NaN,NaN,NaN,NaN,NaN,NaN,NaN,NaN,NaN,NaN,NaN,NaN,NaN,NaN,NaN,NaN,NaN,NaN,NaN,NaN,NaN,NaN,NaN,NaN,NaN,NaN,NaN,NaN,NaN,NaN,NaN,NaN,NaN,NaN,NaN,NaN,NaN,NaN,NaN,NaN,NaN,NaN,NaN,NaN,NaN,NaN,NaN,NaN,NaN,NaN,NaN,NaN,NaN,NaN,NaN,NaN,NaN,NaN,NaN,NaN,NaN,NaN,NaN,NaN,NaN,NaN,NaN,0.0578250089845415,0.0641774924748663,0.0640966874327067,0.0642769037867883,NaN,NaN,0.0623157450736041,0.0623086418360038,0.0628630456948492,0.0631857862323158,0.0624973673080419,0.0615770127375021,0.0612072092812836,NaN,NaN,NaN,NaN,NaN,NaN,NaN,NaN,0.0822071015244738,0.0822946635364498,0.0825238394663175,0.0826740815150756,0.0827754370106586,0.0828487434068796,NaN,NaN,NaN,NaN,NaN,NaN,0.0680248645581155,0.0694238708534586,0.0690436129910636,0.0684249991065724,0.0678923222146133,0.0671997291764376,0.0666681254434789,0.0657829211116228,0.0634564283192892,0.0622953666090827,0.0504201844577039,NaN,NaN,NaN,NaN,NaN,NaN,NaN,NaN,NaN,NaN,NaN,NaN,NaN,NaN,NaN,NaN,NaN,NaN,NaN,NaN,NaN,NaN,NaN,NaN,NaN,NaN,NaN,NaN,NaN,NaN,NaN,NaN,NaN,NaN
NaN,NaN,NaN,NaN,NaN,NaN,NaN,NaN,NaN,NaN,NaN,NaN,NaN,NaN,NaN,NaN,NaN,NaN,NaN,NaN,NaN,NaN,NaN,NaN,NaN,NaN,NaN,NaN,NaN,NaN,NaN,NaN,NaN,NaN,NaN,NaN,NaN,NaN,NaN,NaN,NaN,NaN,NaN,NaN,NaN,NaN,NaN,NaN,NaN,NaN,NaN,NaN,NaN,NaN,NaN,NaN,NaN,NaN,NaN,NaN,NaN,NaN,NaN,NaN,NaN,NaN,NaN,NaN,NaN,NaN,NaN,NaN,NaN,NaN,NaN,NaN,NaN,NaN,NaN,NaN,NaN,NaN,NaN,NaN,NaN,NaN,NaN,NaN,NaN,NaN,NaN,NaN,NaN,NaN,NaN,NaN,NaN,NaN,NaN,NaN,NaN,NaN,NaN,NaN,NaN,NaN,NaN,NaN,NaN,NaN,NaN,NaN,NaN,NaN,NaN,NaN,NaN,NaN,NaN,NaN,NaN,NaN,NaN,NaN,NaN,NaN,NaN,NaN,NaN,NaN,NaN,NaN,NaN,NaN,NaN,NaN,NaN,NaN,NaN,NaN,NaN,NaN,NaN,NaN,NaN,NaN,NaN,NaN,NaN,NaN,NaN,NaN,NaN,NaN,NaN,NaN,NaN,NaN,NaN,NaN,NaN,NaN,NaN,NaN,NaN,NaN,NaN,0.0492303633597706,0.0605511622436923,0.0618911478480418,NaN,NaN,0.0623810526176047,0.0624215131282764,0.0629042825171998,0.0633113772017191,0.0630019696893225,0.0625792867606211,0.0616816691845955,0.0615097613969067,NaN,NaN,NaN,NaN,NaN,NaN,NaN,0.0819949552049656,0.0821493192101407,0.0823096481302274,0.0824646688147413,0.0826290605107411,0.0827728430233815,0.0828944612465261,NaN,NaN,NaN,NaN,NaN,0.0501477458214822,0.0629479520366344,0.0679687864007453,0.0683910962187422,0.0679316627837518,0.0673589064767965,0.0667999576781428,0.0664633060299301,0.0662053779248016,0.0636509116499788,0.0622793975228132,0.0619980429098076,NaN,NaN,NaN,NaN,NaN,NaN,NaN,NaN,NaN,NaN,NaN,NaN,NaN,NaN,NaN,NaN,NaN,NaN,NaN,NaN,NaN,NaN,NaN,NaN,NaN,NaN,NaN,NaN,NaN,NaN,NaN,NaN,NaN,NaN
NaN,NaN,NaN,NaN,NaN,NaN,NaN,NaN,NaN,NaN,NaN,NaN,NaN,NaN,NaN,NaN,NaN,NaN,NaN,NaN,NaN,NaN,NaN,NaN,NaN,NaN,NaN,NaN,NaN,NaN,NaN,NaN,NaN,NaN,NaN,NaN,NaN,NaN,NaN,NaN,NaN,NaN,NaN,NaN,NaN,NaN,NaN,NaN,NaN,NaN,NaN,NaN,NaN,NaN,NaN,NaN,NaN,NaN,NaN,NaN,NaN,NaN,NaN,NaN,NaN,NaN,NaN,NaN,NaN,NaN,NaN,NaN,NaN,NaN,NaN,NaN,NaN,NaN,NaN,NaN,NaN,NaN,NaN,NaN,NaN,NaN,NaN,NaN,NaN,NaN,NaN,NaN,NaN,NaN,NaN,NaN,NaN,NaN,NaN,NaN,NaN,NaN,NaN,NaN,NaN,NaN,NaN,NaN,NaN,NaN,NaN,NaN,NaN,NaN,NaN,NaN,NaN,NaN,NaN,NaN,NaN,NaN,NaN,NaN,NaN,NaN,NaN,NaN,NaN,NaN,NaN,NaN,NaN,NaN,NaN,NaN,NaN,NaN,NaN,NaN,NaN,NaN,NaN,NaN,NaN,NaN,NaN,NaN,NaN,NaN,NaN,NaN,NaN,NaN,NaN,NaN,NaN,NaN,NaN,NaN,NaN,NaN,NaN,NaN,NaN,NaN,NaN,NaN,0.0582572635634329,0.0528048955443947,0.0595164445031789,0.060498520196559,0.0616461134447013,0.0622535730916238,0.0627312196647026,0.0628692061973247,0.0622266121449325,0.0618270851378877,0.0613870386945106,0.0617405589931248,NaN,NaN,NaN,NaN,NaN,NaN,NaN,0.0820125178803247,0.0821305192639244,0.0823099811285279,0.0824471319353621,0.082658227473597,0.0827564341781903,NaN,NaN,NaN,NaN,NaN,NaN,0.0455009281908966,0.0501056235076394,0.0565252218758864,0.0669397243905714,0.0674120407080183,0.0668391526390513,0.0664387575186525,0.0661722839556087,0.066010689779992,0.0655927117205476,0.0622422873021836,0.0503828929924715,NaN,NaN,NaN,NaN,NaN,NaN,NaN,NaN,NaN,NaN,NaN,NaN,NaN,NaN,NaN,NaN,NaN,NaN,NaN,NaN,NaN,NaN,NaN,NaN,NaN,NaN,NaN,NaN,NaN,NaN,NaN,NaN,NaN,NaN
NaN,NaN,NaN,NaN,NaN,NaN,NaN,NaN,NaN,NaN,NaN,NaN,NaN,NaN,NaN,NaN,NaN,NaN,NaN,NaN,NaN,NaN,NaN,NaN,NaN,NaN,NaN,NaN,NaN,NaN,NaN,NaN,NaN,NaN,NaN,NaN,NaN,NaN,NaN,NaN,NaN,NaN,NaN,NaN,NaN,NaN,NaN,NaN,NaN,NaN,NaN,NaN,NaN,NaN,NaN,NaN,NaN,NaN,NaN,NaN,NaN,NaN,NaN,NaN,NaN,NaN,NaN,NaN,NaN,NaN,NaN,NaN,NaN,NaN,NaN,NaN,NaN,NaN,NaN,NaN,NaN,NaN,NaN,NaN,NaN,NaN,NaN,NaN,NaN,NaN,NaN,NaN,NaN,NaN,NaN,NaN,NaN,NaN,NaN,NaN,NaN,NaN,NaN,NaN,NaN,NaN,NaN,NaN,NaN,NaN,NaN,NaN,NaN,NaN,NaN,NaN,NaN,NaN,NaN,NaN,NaN,NaN,NaN,NaN,NaN,NaN,NaN,NaN,NaN,NaN,NaN,NaN,NaN,NaN,NaN,NaN,NaN,NaN,NaN,NaN,NaN,NaN,NaN,NaN,NaN,NaN,NaN,NaN,NaN,NaN,NaN,NaN,NaN,NaN,NaN,NaN,NaN,NaN,NaN,NaN,NaN,NaN,NaN,NaN,NaN,NaN,NaN,NaN,0.0464973209752038,0.0538858716524209,0.0587217485841178,0.060146879625692,0.0601908752554313,0.0608589132733986,0.0612244722918229,0.0611459531435651,0.0610411404802268,0.0608861141295975,0.0606044343670959,NaN,NaN,NaN,NaN,NaN,NaN,NaN,NaN,0.0820141048057151,0.08207083149568,0.0822268715000513,0.0823185597903148,NaN,NaN,NaN,NaN,NaN,NaN,0.0408934956600477,0.0416278515595202,0.0428391485650696,NaN,0.0515071525865744,0.0636959252361549,0.0659957329313757,0.0663183340356135,0.0660524879142329,0.065865563956056,0.0657433304564446,0.0656538580180693,0.062950564253963,0.0512641673487799,NaN,NaN,NaN,NaN,NaN,NaN,NaN,NaN,NaN,NaN,NaN,NaN,NaN,NaN,NaN,NaN,NaN,NaN,NaN,NaN,NaN,NaN,NaN,NaN,NaN,NaN,NaN,NaN,NaN,NaN,NaN,NaN,NaN,NaN
NaN,NaN,NaN,NaN,NaN,NaN,NaN,NaN,NaN,NaN,NaN,NaN,NaN,NaN,NaN,NaN,NaN,NaN,NaN,NaN,NaN,NaN,NaN,NaN,NaN,NaN,NaN,NaN,NaN,NaN,NaN,NaN,NaN,NaN,NaN,NaN,NaN,NaN,NaN,NaN,NaN,NaN,NaN,NaN,NaN,NaN,NaN,NaN,NaN,NaN,NaN,NaN,NaN,NaN,NaN,NaN,NaN,NaN,NaN,NaN,NaN,NaN,NaN,NaN,NaN,NaN,NaN,NaN,NaN,NaN,NaN,NaN,NaN,NaN,NaN,NaN,NaN,NaN,NaN,NaN,NaN,NaN,NaN,NaN,NaN,NaN,NaN,NaN,NaN,NaN,NaN,NaN,NaN,NaN,NaN,NaN,NaN,NaN,NaN,NaN,NaN,NaN,NaN,NaN,NaN,NaN,NaN,NaN,NaN,NaN,NaN,NaN,NaN,NaN,NaN,NaN,NaN,NaN,NaN,NaN,NaN,NaN,NaN,NaN,NaN,NaN,NaN,NaN,NaN,NaN,NaN,NaN,NaN,NaN,NaN,NaN,NaN,NaN,NaN,NaN,NaN,NaN,NaN,NaN,NaN,NaN,NaN,NaN,NaN,NaN,NaN,NaN,NaN,NaN,NaN,NaN,NaN,NaN,NaN,NaN,NaN,NaN,NaN,NaN,NaN,NaN,NaN,NaN,0.0533575449715851,0.055878343370679,0.0559827337057412,NaN,0.0591761616956087,0.0589216516695307,0.059768094541411,0.060307138611593,0.0602832663957608,0.0602501016209939,0.0601472705698774,NaN,NaN,NaN,NaN,NaN,NaN,NaN,NaN,0.0810914126815416,0.0818303027769555,0.0820138564971556,NaN,NaN,NaN,NaN,NaN,NaN,NaN,0.0410481388727093,0.0418165468531915,0.0429787849255538,0.0453442871549906,0.0510277071803194,0.0631372445117564,0.0628123315331237,0.0656716204170568,0.0656423245840468,0.0655459906604075,0.0654460819684304,0.0654624308032059,0.0654035060200139,NaN,NaN,NaN,NaN,NaN,NaN,NaN,NaN,NaN,NaN,NaN,NaN,NaN,NaN,NaN,NaN,NaN,NaN,NaN,NaN,NaN,NaN,NaN,NaN,NaN,NaN,NaN,NaN,NaN,NaN,NaN,NaN,NaN,NaN,NaN
NaN,NaN,NaN,NaN,NaN,NaN,NaN,NaN,NaN,NaN,NaN,NaN,NaN,NaN,NaN,NaN,NaN,NaN,NaN,NaN,NaN,NaN,NaN,NaN,NaN,NaN,NaN,NaN,NaN,NaN,NaN,NaN,NaN,NaN,NaN,NaN,NaN,NaN,NaN,NaN,NaN,NaN,NaN,NaN,NaN,NaN,NaN,NaN,NaN,NaN,NaN,NaN,NaN,NaN,NaN,NaN,NaN,NaN,NaN,NaN,NaN,NaN,NaN,NaN,NaN,NaN,NaN,NaN,NaN,NaN,NaN,NaN,NaN,NaN,NaN,NaN,NaN,NaN,NaN,NaN,NaN,NaN,NaN,NaN,NaN,NaN,NaN,NaN,NaN,NaN,NaN,NaN,NaN,NaN,NaN,NaN,NaN,NaN,NaN,NaN,NaN,NaN,NaN,NaN,NaN,NaN,NaN,NaN,NaN,NaN,NaN,NaN,NaN,NaN,NaN,NaN,NaN,NaN,NaN,NaN,NaN,NaN,NaN,NaN,NaN,NaN,NaN,NaN,NaN,NaN,NaN,NaN,NaN,NaN,NaN,NaN,NaN,NaN,NaN,NaN,NaN,NaN,NaN,NaN,NaN,NaN,NaN,NaN,NaN,NaN,NaN,NaN,NaN,NaN,NaN,NaN,NaN,NaN,NaN,NaN,NaN,NaN,NaN,NaN,NaN,NaN,NaN,NaN,NaN,0.0550467102034825,0.0553917231686037,0.0554297202841339,0.0572152316086803,0.0585356826298071,0.059669312466762,0.0598121879322126,0.0598433312798474,0.0599429633081109,0.0600420064055465,NaN,NaN,NaN,NaN,NaN,NaN,NaN,NaN,0.0795415673191232,0.0813097134456793,NaN,NaN,NaN,NaN,NaN,NaN,NaN,NaN,0.0405300645867446,0.0411001682339804,0.0419035796671609,0.0430161804131188,0.0453929468105988,NaN,0.0524540674856505,0.0635838932443465,0.06513315687549,0.0651087278867048,0.0650774974015744,0.0650797353260528,NaN,NaN,NaN,NaN,NaN,NaN,NaN,NaN,NaN,NaN,NaN,NaN,NaN,NaN,NaN,NaN,NaN,NaN,NaN,NaN,NaN,NaN,NaN,NaN,NaN,NaN,NaN,NaN,NaN,NaN,NaN,NaN,NaN,NaN,NaN,NaN
NaN,NaN,NaN,NaN,NaN,NaN,NaN,NaN,NaN,NaN,NaN,NaN,NaN,NaN,NaN,NaN,NaN,NaN,NaN,NaN,NaN,NaN,NaN,NaN,NaN,NaN,NaN,NaN,NaN,NaN,NaN,NaN,NaN,NaN,NaN,NaN,NaN,NaN,NaN,NaN,NaN,NaN,NaN,NaN,NaN,NaN,NaN,NaN,NaN,NaN,NaN,NaN,NaN,NaN,NaN,NaN,NaN,NaN,NaN,NaN,NaN,NaN,NaN,NaN,NaN,NaN,NaN,NaN,NaN,NaN,NaN,NaN,NaN,NaN,NaN,NaN,NaN,NaN,NaN,NaN,NaN,NaN,NaN,NaN,NaN,NaN,NaN,NaN,NaN,NaN,NaN,NaN,NaN,NaN,NaN,NaN,NaN,NaN,NaN,NaN,NaN,NaN,NaN,NaN,NaN,NaN,NaN,NaN,NaN,NaN,NaN,NaN,NaN,NaN,NaN,NaN,NaN,NaN,NaN,NaN,NaN,NaN,NaN,NaN,NaN,NaN,NaN,NaN,NaN,NaN,NaN,NaN,NaN,NaN,NaN,NaN,NaN,NaN,NaN,NaN,NaN,NaN,NaN,NaN,NaN,NaN,NaN,NaN,NaN,NaN,NaN,NaN,NaN,NaN,NaN,NaN,NaN,NaN,NaN,NaN,NaN,NaN,NaN,NaN,NaN,NaN,NaN,NaN,NaN,0.0552388934709301,0.0554451935353663,0.055694328284208,0.0564491522896055,0.0579920118480401,0.0596822817931727,0.0600874015464297,0.0598109655761871,0.0599269029704972,0.0601173780477629,NaN,NaN,NaN,NaN,NaN,NaN,0.0703531833287846,0.0723982453182108,0.0748962525596866,NaN,NaN,NaN,NaN,NaN,NaN,NaN,NaN,NaN,NaN,NaN,NaN,NaN,NaN,NaN,0.0593683217378957,0.0613970308866186,0.0644717399004892,0.0644872566173379,0.0644600019354885,0.0643914889571378,0.0627094974861431,NaN,NaN,NaN,NaN,NaN,NaN,NaN,NaN,NaN,NaN,NaN,NaN,NaN,NaN,NaN,NaN,NaN,NaN,NaN,NaN,NaN,NaN,NaN,NaN,NaN,NaN,NaN,NaN,NaN,NaN,NaN,NaN,NaN,NaN,NaN
NaN,NaN,NaN,NaN,NaN,NaN,NaN,NaN,NaN,NaN,NaN,NaN,NaN,NaN,NaN,NaN,NaN,NaN,NaN,NaN,NaN,NaN,NaN,NaN,NaN,NaN,NaN,NaN,NaN,NaN,NaN,NaN,NaN,NaN,NaN,NaN,NaN,NaN,NaN,NaN,NaN,NaN,NaN,NaN,NaN,NaN,NaN,NaN,NaN,NaN,NaN,NaN,NaN,NaN,NaN,NaN,NaN,NaN,NaN,NaN,NaN,NaN,NaN,NaN,NaN,NaN,NaN,NaN,NaN,NaN,NaN,NaN,NaN,NaN,NaN,NaN,NaN,NaN,NaN,NaN,NaN,NaN,NaN,NaN,NaN,NaN,NaN,NaN,NaN,NaN,NaN,NaN,NaN,NaN,NaN,NaN,NaN,NaN,NaN,NaN,NaN,NaN,NaN,NaN,NaN,NaN,NaN,NaN,NaN,NaN,NaN,NaN,NaN,NaN,NaN,NaN,NaN,NaN,NaN,NaN,NaN,NaN,NaN,NaN,NaN,NaN,NaN,NaN,NaN,NaN,NaN,NaN,NaN,NaN,NaN,NaN,NaN,NaN,NaN,NaN,NaN,NaN,NaN,NaN,NaN,NaN,NaN,NaN,NaN,NaN,NaN,NaN,NaN,NaN,NaN,NaN,NaN,NaN,NaN,NaN,NaN,NaN,NaN,NaN,NaN,NaN,NaN,NaN,NaN,0.0549277081554206,0.0550570794621007,0.0553523144775479,0.0565374372592985,0.0575552328503403,0.0588763442400798,0.0596828304770555,0.059821097649615,0.0598320159806332,NaN,NaN,NaN,NaN,NaN,NaN,0.068124496122684,0.0690497658557982,0.0727168143240181,0.0756007415121616,NaN,NaN,NaN,NaN,NaN,NaN,NaN,NaN,NaN,NaN,NaN,NaN,NaN,NaN,NaN,0.0493412963073583,0.0604399524025039,0.0637788896315198,0.0638421318048456,0.0639119595964557,0.0638934920415879,0.0633133085969473,0.054050342033955,0.0540010346035522,0.0539369375621186,0.0480704926949361,NaN,NaN,NaN,NaN,NaN,NaN,NaN,NaN,NaN,NaN,NaN,NaN,NaN,NaN,NaN,NaN,NaN,NaN,NaN,NaN,NaN,NaN,NaN,NaN,NaN,NaN,NaN,NaN,NaN,NaN,NaN
NaN,NaN,NaN,NaN,NaN,NaN,NaN,NaN,NaN,NaN,NaN,NaN,NaN,NaN,NaN,NaN,NaN,NaN,NaN,NaN,NaN,NaN,NaN,NaN,NaN,NaN,NaN,NaN,NaN,NaN,NaN,NaN,NaN,NaN,NaN,NaN,NaN,NaN,NaN,NaN,NaN,NaN,NaN,NaN,NaN,NaN,NaN,NaN,NaN,NaN,NaN,NaN,NaN,NaN,NaN,NaN,NaN,NaN,NaN,NaN,NaN,NaN,NaN,NaN,NaN,NaN,NaN,NaN,NaN,NaN,NaN,NaN,NaN,NaN,NaN,NaN,NaN,NaN,NaN,NaN,NaN,NaN,NaN,NaN,NaN,NaN,NaN,NaN,NaN,NaN,NaN,NaN,NaN,NaN,NaN,NaN,NaN,NaN,NaN,NaN,NaN,NaN,NaN,NaN,NaN,NaN,NaN,NaN,NaN,NaN,NaN,NaN,NaN,NaN,NaN,NaN,NaN,NaN,NaN,NaN,NaN,NaN,NaN,NaN,NaN,NaN,NaN,NaN,NaN,NaN,NaN,NaN,NaN,NaN,NaN,NaN,NaN,NaN,NaN,NaN,NaN,NaN,NaN,NaN,NaN,NaN,NaN,NaN,NaN,NaN,NaN,NaN,NaN,NaN,NaN,NaN,NaN,NaN,NaN,NaN,NaN,NaN,NaN,NaN,NaN,NaN,NaN,NaN,NaN,0.0543550452506073,0.0544892557476698,0.0550562232438287,0.0560712133762752,0.0577321884702262,0.0589143628956727,0.0594333928485981,0.059813803312499,0.0598884320627325,0.0599739973395935,0.0600258581177509,0.060121652643233,0.0605746902655417,0.0613087815286417,0.0617460203290033,0.0639086318478384,0.0653221255316004,NaN,NaN,NaN,NaN,NaN,NaN,NaN,NaN,NaN,NaN,NaN,NaN,NaN,NaN,NaN,NaN,NaN,NaN,0.0622696514360823,0.0632426532233844,0.0634497758492321,0.0635840309473157,0.0636006274161507,0.0628807121185099,0.0598920134358888,0.0529564624948912,0.0539224116460999,0.0480967416232672,NaN,NaN,NaN,NaN,NaN,NaN,NaN,NaN,NaN,NaN,NaN,NaN,NaN,NaN,NaN,NaN,NaN,NaN,NaN,NaN,NaN,NaN,NaN,NaN,NaN,NaN,NaN,NaN,NaN,NaN,NaN
NaN,NaN,NaN,NaN,NaN,NaN,NaN,NaN,NaN,NaN,NaN,NaN,NaN,NaN,NaN,NaN,NaN,NaN,NaN,NaN,NaN,NaN,NaN,NaN,NaN,NaN,NaN,NaN,NaN,NaN,NaN,NaN,NaN,NaN,NaN,NaN,NaN,NaN,NaN,NaN,NaN,NaN,NaN,NaN,NaN,NaN,NaN,NaN,NaN,NaN,NaN,NaN,NaN,NaN,NaN,NaN,NaN,NaN,NaN,NaN,NaN,NaN,NaN,NaN,NaN,NaN,NaN,NaN,NaN,NaN,NaN,NaN,NaN,NaN,NaN,NaN,NaN,NaN,NaN,NaN,NaN,NaN,NaN,NaN,NaN,NaN,NaN,NaN,NaN,NaN,NaN,NaN,NaN,NaN,NaN,NaN,NaN,NaN,NaN,NaN,NaN,NaN,NaN,NaN,NaN,NaN,NaN,NaN,NaN,NaN,NaN,NaN,NaN,NaN,NaN,NaN,NaN,NaN,NaN,NaN,NaN,NaN,NaN,NaN,NaN,NaN,NaN,NaN,NaN,NaN,NaN,NaN,NaN,NaN,NaN,NaN,NaN,NaN,NaN,NaN,NaN,NaN,NaN,NaN,NaN,NaN,NaN,NaN,NaN,NaN,NaN,NaN,NaN,NaN,NaN,NaN,NaN,NaN,NaN,NaN,NaN,NaN,NaN,NaN,NaN,NaN,NaN,NaN,NaN,0.0551583847082165,0.0540614128789271,0.0545567893591074,0.0555292322592301,0.0574068576235453,0.0587774283887767,0.0594515231810889,0.059749474210685,0.0598281551464814,0.0599500510678761,0.0600575249202603,0.0601634144439056,0.0604503317689831,0.0610114166947593,0.0624432788660241,0.0631839052085651,NaN,NaN,NaN,NaN,NaN,NaN,NaN,NaN,NaN,NaN,NaN,NaN,NaN,NaN,NaN,NaN,NaN,NaN,NaN,0.0621103312755874,0.0624739550475231,0.0629608143319223,0.0631914596231521,0.0631043583093461,0.0608538952568963,0.0557390608595641,0.045963378713913,NaN,NaN,NaN,NaN,NaN,NaN,NaN,NaN,NaN,NaN,NaN,NaN,NaN,NaN,NaN,NaN,NaN,NaN,NaN,NaN,NaN,NaN,NaN,NaN,NaN,NaN,NaN,NaN,NaN,NaN,NaN,NaN,NaN
NaN,NaN,NaN,NaN,NaN,NaN,NaN,NaN,NaN,NaN,NaN,NaN,NaN,NaN,NaN,NaN,NaN,NaN,NaN,NaN,NaN,NaN,NaN,NaN,NaN,NaN,NaN,NaN,NaN,NaN,NaN,NaN,NaN,NaN,NaN,NaN,NaN,NaN,NaN,NaN,NaN,NaN,NaN,NaN,NaN,NaN,NaN,NaN,NaN,NaN,NaN,NaN,NaN,NaN,NaN,NaN,NaN,NaN,NaN,NaN,NaN,NaN,NaN,NaN,NaN,NaN,NaN,NaN,NaN,NaN,NaN,NaN,NaN,NaN,NaN,NaN,NaN,NaN,NaN,NaN,NaN,NaN,NaN,NaN,NaN,NaN,NaN,NaN,NaN,NaN,NaN,NaN,NaN,NaN,NaN,NaN,NaN,NaN,NaN,NaN,NaN,NaN,NaN,NaN,NaN,NaN,NaN,NaN,NaN,NaN,NaN,NaN,NaN,NaN,NaN,NaN,NaN,NaN,NaN,NaN,NaN,NaN,NaN,NaN,NaN,NaN,NaN,NaN,NaN,NaN,NaN,NaN,NaN,NaN,NaN,NaN,NaN,NaN,NaN,NaN,NaN,NaN,NaN,NaN,NaN,NaN,NaN,NaN,NaN,NaN,NaN,NaN,NaN,NaN,NaN,NaN,NaN,NaN,NaN,NaN,NaN,NaN,NaN,NaN,NaN,NaN,NaN,0.0421330780622088,0.0441547435460409,0.0502633151767321,0.0525680520569019,0.0533409748004927,0.0548580337112343,0.0568087762005001,0.0587285062275538,0.0595922897565029,0.0597667900084834,0.059834357959703,0.0599444898188404,0.0600516589816723,0.0600172454618837,NaN,NaN,0.0631382668659566,0.0632099172371844,NaN,NaN,NaN,NaN,NaN,NaN,NaN,NaN,NaN,NaN,NaN,NaN,NaN,NaN,NaN,NaN,NaN,NaN,NaN,0.0616706134735061,0.0619052017750503,0.062288222111622,0.0625974016509266,0.0621801568593272,0.0530499840969412,0.0459586375184386,0.0428928037552462,NaN,NaN,NaN,NaN,NaN,NaN,NaN,NaN,NaN,NaN,NaN,NaN,NaN,NaN,NaN,NaN,NaN,NaN,NaN,NaN,NaN,NaN,NaN,NaN,NaN,NaN,NaN,NaN,NaN,NaN,NaN,NaN,NaN
NaN,NaN,NaN,NaN,NaN,NaN,NaN,NaN,NaN,NaN,NaN,NaN,NaN,NaN,NaN,NaN,NaN,NaN,NaN,NaN,NaN,NaN,NaN,NaN,NaN,NaN,NaN,NaN,NaN,NaN,NaN,NaN,NaN,NaN,NaN,NaN,NaN,NaN,NaN,NaN,NaN,NaN,NaN,NaN,NaN,NaN,NaN,NaN,NaN,NaN,NaN,NaN,NaN,NaN,NaN,NaN,NaN,NaN,NaN,NaN,NaN,NaN,NaN,NaN,NaN,NaN,NaN,NaN,NaN,NaN,NaN,NaN,NaN,NaN,NaN,NaN,NaN,NaN,NaN,NaN,NaN,NaN,NaN,NaN,NaN,NaN,NaN,NaN,NaN,NaN,NaN,NaN,NaN,NaN,NaN,NaN,NaN,NaN,NaN,NaN,NaN,NaN,NaN,NaN,NaN,NaN,NaN,NaN,NaN,NaN,NaN,NaN,NaN,NaN,NaN,NaN,NaN,NaN,NaN,NaN,NaN,NaN,NaN,NaN,NaN,NaN,NaN,NaN,NaN,NaN,NaN,NaN,NaN,NaN,NaN,NaN,NaN,NaN,NaN,NaN,NaN,NaN,NaN,NaN,NaN,NaN,NaN,NaN,NaN,NaN,NaN,NaN,NaN,NaN,NaN,NaN,NaN,NaN,NaN,NaN,NaN,NaN,NaN,NaN,NaN,NaN,0.0418459663407333,0.0423267616396203,0.0444137692327688,0.0486141712195544,0.0510285718639375,0.0515801521914165,NaN,NaN,NaN,0.0597405595137212,0.059669397396122,0.0599034095076416,0.0598936687834955,NaN,NaN,NaN,NaN,NaN,NaN,NaN,NaN,NaN,NaN,NaN,NaN,NaN,NaN,NaN,NaN,NaN,NaN,NaN,NaN,NaN,NaN,NaN,NaN,0.0612342256658561,0.0613795871097783,0.0615542834155557,0.0618306660120911,0.0620795559909137,0.0571179602826505,NaN,NaN,NaN,NaN,NaN,NaN,NaN,NaN,NaN,NaN,NaN,NaN,NaN,NaN,NaN,NaN,NaN,NaN,NaN,NaN,NaN,NaN,NaN,NaN,NaN,NaN,NaN,NaN,NaN,NaN,NaN,NaN,NaN,NaN,NaN,NaN
NaN,NaN,NaN,NaN,NaN,NaN,NaN,NaN,NaN,NaN,NaN,NaN,NaN,NaN,NaN,NaN,NaN,NaN,NaN,NaN,NaN,NaN,NaN,NaN,NaN,NaN,NaN,NaN,NaN,NaN,NaN,NaN,NaN,NaN,NaN,NaN,NaN,NaN,NaN,NaN,NaN,NaN,NaN,NaN,NaN,NaN,NaN,NaN,NaN,NaN,NaN,NaN,NaN,NaN,NaN,NaN,NaN,NaN,NaN,NaN,NaN,NaN,NaN,NaN,NaN,NaN,NaN,NaN,NaN,NaN,NaN,NaN,NaN,NaN,NaN,NaN,NaN,NaN,NaN,NaN,NaN,NaN,NaN,NaN,NaN,NaN,NaN,NaN,NaN,NaN,NaN,NaN,NaN,NaN,NaN,NaN,NaN,NaN,NaN,NaN,NaN,NaN,NaN,NaN,NaN,NaN,NaN,NaN,NaN,NaN,NaN,NaN,NaN,NaN,NaN,NaN,NaN,NaN,NaN,NaN,NaN,NaN,NaN,NaN,NaN,NaN,NaN,NaN,NaN,NaN,NaN,NaN,NaN,NaN,NaN,NaN,NaN,NaN,NaN,NaN,NaN,NaN,NaN,NaN,NaN,NaN,NaN,NaN,NaN,NaN,NaN,NaN,NaN,NaN,NaN,NaN,NaN,NaN,NaN,NaN,NaN,NaN,NaN,NaN,NaN,NaN,0.0418540415650527,0.0423283897265407,0.0444816263071519,0.0472156821557527,0.0500782025363344,NaN,NaN,NaN,0.054579318228988,0.0587979038666774,0.0588291931979412,NaN,NaN,NaN,NaN,NaN,NaN,NaN,NaN,NaN,NaN,NaN,NaN,NaN,NaN,NaN,NaN,NaN,NaN,NaN,NaN,NaN,NaN,NaN,NaN,NaN,NaN,0.061175832430838,0.0612450668353165,0.0613068949242693,0.061410476479747,0.0592498681953387,0.0486475423543284,NaN,NaN,NaN,NaN,NaN,NaN,NaN,NaN,NaN,NaN,NaN,NaN,NaN,NaN,NaN,NaN,NaN,NaN,NaN,NaN,NaN,NaN,NaN,NaN,NaN,NaN,NaN,NaN,NaN,NaN,NaN,NaN,NaN,NaN,NaN,NaN
NaN,NaN,NaN,NaN,NaN,NaN,NaN,NaN,NaN,NaN,NaN,NaN,NaN,NaN,NaN,NaN,NaN,NaN,NaN,NaN,NaN,NaN,NaN,NaN,NaN,NaN,NaN,NaN,NaN,NaN,NaN,NaN,NaN,NaN,NaN,NaN,NaN,NaN,NaN,NaN,NaN,NaN,NaN,NaN,NaN,NaN,NaN,NaN,NaN,NaN,NaN,NaN,NaN,NaN,NaN,NaN,NaN,NaN,NaN,NaN,NaN,NaN,NaN,NaN,NaN,NaN,NaN,NaN,NaN,NaN,NaN,NaN,NaN,NaN,NaN,NaN,NaN,NaN,NaN,NaN,NaN,NaN,NaN,NaN,NaN,NaN,NaN,NaN,NaN,NaN,NaN,NaN,NaN,NaN,NaN,NaN,NaN,NaN,NaN,NaN,NaN,NaN,NaN,NaN,NaN,NaN,NaN,NaN,NaN,NaN,NaN,NaN,NaN,NaN,NaN,NaN,NaN,NaN,NaN,NaN,NaN,NaN,NaN,NaN,NaN,NaN,NaN,NaN,NaN,NaN,NaN,NaN,NaN,NaN,NaN,NaN,NaN,NaN,NaN,NaN,NaN,NaN,NaN,NaN,NaN,NaN,NaN,NaN,NaN,NaN,NaN,NaN,NaN,NaN,NaN,NaN,NaN,NaN,NaN,NaN,NaN,NaN,NaN,NaN,NaN,NaN,0.0422424213903025,0.0424647123000133,0.0439936515954647,0.0450759774909381,NaN,NaN,0.0396574885547823,0.0402339200569351,0.0476607379323351,NaN,NaN,NaN,NaN,NaN,NaN,NaN,NaN,NaN,NaN,NaN,NaN,NaN,NaN,NaN,NaN,NaN,NaN,NaN,NaN,NaN,NaN,NaN,NaN,NaN,NaN,NaN,0.0610012448024574,0.0610607300346825,0.0611043430506162,0.0611396366938066,0.0611776309526772,0.0599562657397114,0.0500174965684211,NaN,NaN,NaN,NaN,NaN,NaN,NaN,NaN,NaN,NaN,NaN,NaN,NaN,NaN,NaN,NaN,NaN,NaN,NaN,NaN,NaN,NaN,NaN,NaN,NaN,NaN,NaN,NaN,NaN,NaN,NaN,NaN,NaN,NaN,NaN,NaN
NaN,NaN,NaN,NaN,NaN,NaN,NaN,NaN,NaN,NaN,NaN,NaN,NaN,NaN,NaN,NaN,NaN,NaN,NaN,NaN,NaN,NaN,NaN,NaN,NaN,NaN,NaN,NaN,NaN,NaN,NaN,NaN,NaN,NaN,NaN,NaN,NaN,NaN,NaN,NaN,NaN,NaN,NaN,NaN,NaN,NaN,NaN,NaN,NaN,NaN,NaN,NaN,NaN,NaN,NaN,NaN,NaN,NaN,NaN,NaN,NaN,NaN,NaN,NaN,NaN,NaN,NaN,NaN,NaN,NaN,NaN,NaN,NaN,NaN,NaN,NaN,NaN,NaN,NaN,NaN,NaN,NaN,NaN,NaN,NaN,NaN,NaN,NaN,NaN,NaN,NaN,NaN,NaN,NaN,NaN,NaN,NaN,NaN,NaN,NaN,NaN,NaN,NaN,NaN,NaN,NaN,NaN,NaN,NaN,NaN,NaN,NaN,NaN,NaN,NaN,NaN,NaN,NaN,NaN,NaN,NaN,NaN,NaN,NaN,NaN,NaN,NaN,NaN,NaN,NaN,NaN,NaN,NaN,NaN,NaN,NaN,NaN,NaN,NaN,NaN,NaN,NaN,NaN,NaN,NaN,NaN,NaN,NaN,NaN,NaN,NaN,NaN,0.021087419863248,0.0212243903363237,0.0214560236745318,0.021778730972412,0.0221620551592605,0.0224753745810576,NaN,NaN,NaN,NaN,NaN,NaN,NaN,NaN,0.0421296114553693,0.0420179982048446,0.0420031263412765,0.045175879259138,NaN,NaN,0.0374415348337409,0.0371915663533833,NaN,NaN,NaN,NaN,NaN,NaN,NaN,NaN,NaN,NaN,NaN,NaN,NaN,NaN,NaN,NaN,NaN,NaN,NaN,NaN,NaN,NaN,NaN,NaN,NaN,NaN,NaN,NaN,0.060800346398923,0.0609864830955818,0.060986747983655,0.0609901891358206,0.0609612524276203,0.0574591792652702,NaN,NaN,NaN,NaN,NaN,NaN,NaN,NaN,NaN,NaN,NaN,NaN,NaN,NaN,NaN,NaN,NaN,NaN,NaN,NaN,NaN,NaN,NaN,NaN,NaN,NaN,NaN,NaN,NaN,NaN,NaN,NaN,NaN,NaN,NaN,NaN,NaN
NaN,NaN,NaN,NaN,NaN,NaN,NaN,NaN,NaN,NaN,NaN,NaN,NaN,NaN,NaN,NaN,NaN,NaN,NaN,NaN,NaN,NaN,NaN,NaN,NaN,NaN,NaN,NaN,NaN,NaN,NaN,NaN,NaN,NaN,NaN,NaN,NaN,NaN,NaN,NaN,NaN,NaN,NaN,NaN,NaN,NaN,NaN,NaN,NaN,NaN,NaN,NaN,NaN,NaN,NaN,NaN,NaN,NaN,NaN,NaN,NaN,NaN,NaN,NaN,NaN,NaN,NaN,NaN,NaN,NaN,NaN,NaN,NaN,NaN,NaN,NaN,NaN,NaN,NaN,NaN,NaN,NaN,NaN,NaN,NaN,NaN,NaN,NaN,NaN,NaN,NaN,NaN,NaN,NaN,NaN,NaN,NaN,NaN,NaN,NaN,NaN,NaN,NaN,NaN,NaN,NaN,NaN,NaN,NaN,NaN,NaN,NaN,NaN,NaN,NaN,NaN,NaN,NaN,NaN,NaN,NaN,NaN,NaN,NaN,NaN,NaN,NaN,NaN,NaN,NaN,NaN,NaN,NaN,NaN,NaN,NaN,NaN,NaN,NaN,NaN,NaN,NaN,NaN,NaN,NaN,NaN,NaN,NaN,NaN,NaN,NaN,NaN,0.0211604864144016,0.0213465918428781,0.0216057600391495,0.0219756874042683,0.0224441680208219,0.0229713825175829,0.0240682443914567,0.0259745758025239,0.0310925508579077,NaN,NaN,NaN,NaN,NaN,0.0415592313198015,0.0411327278388984,0.0399782234246859,0.0394167851787848,0.0366146207762286,0.0362449636775222,0.0362969352523731,0.0359181029118682,NaN,NaN,NaN,NaN,NaN,NaN,NaN,NaN,NaN,NaN,NaN,NaN,NaN,NaN,NaN,NaN,NaN,NaN,NaN,NaN,NaN,NaN,NaN,NaN,NaN,NaN,NaN,0.0468529146930168,0.0576838326000602,0.060612561398949,0.0606700049109982,0.0605855635228548,0.0603441438672189,NaN,NaN,NaN,NaN,NaN,NaN,NaN,NaN,NaN,NaN,NaN,NaN,NaN,NaN,NaN,NaN,NaN,NaN,NaN,NaN,NaN,NaN,NaN,NaN,NaN,NaN,NaN,NaN,NaN,NaN,NaN,NaN,NaN,NaN,NaN,NaN,NaN,NaN
NaN,NaN,NaN,NaN,NaN,NaN,NaN,NaN,NaN,NaN,NaN,NaN,NaN,NaN,NaN,NaN,NaN,NaN,NaN,NaN,NaN,NaN,NaN,NaN,NaN,NaN,NaN,NaN,NaN,NaN,NaN,NaN,NaN,NaN,NaN,NaN,NaN,NaN,NaN,NaN,NaN,NaN,NaN,NaN,NaN,NaN,NaN,NaN,NaN,NaN,NaN,NaN,NaN,NaN,NaN,NaN,NaN,NaN,NaN,NaN,NaN,NaN,NaN,NaN,NaN,NaN,NaN,NaN,NaN,NaN,NaN,NaN,NaN,NaN,NaN,NaN,NaN,NaN,NaN,NaN,NaN,NaN,NaN,NaN,NaN,NaN,NaN,NaN,NaN,NaN,NaN,NaN,NaN,NaN,NaN,NaN,NaN,NaN,NaN,NaN,NaN,NaN,NaN,NaN,NaN,NaN,NaN,NaN,NaN,NaN,NaN,NaN,NaN,NaN,NaN,NaN,NaN,NaN,NaN,NaN,NaN,NaN,NaN,NaN,NaN,NaN,NaN,NaN,NaN,NaN,NaN,NaN,NaN,NaN,NaN,NaN,NaN,NaN,NaN,NaN,NaN,NaN,NaN,NaN,NaN,NaN,NaN,NaN,NaN,NaN,NaN,NaN,NaN,0.0215121408349532,0.0217607737484457,0.022212394115902,0.0226988099746596,0.0236844401609801,0.0258210774869347,0.0311003768035859,0.0312442417842341,NaN,NaN,0.041186046437675,0.0411142753992808,0.0413816301575637,0.0416369777722177,0.0405976324328778,0.0387410914635425,0.0371527096955495,0.0361807330497514,0.0364524916566542,0.0363826264550746,NaN,NaN,NaN,NaN,NaN,NaN,NaN,NaN,NaN,NaN,NaN,NaN,NaN,NaN,NaN,NaN,NaN,NaN,NaN,NaN,NaN,NaN,NaN,NaN,NaN,NaN,0.0465643717658049,0.0566965331948784,0.0568635542130438,0.0572860474526219,0.0598674077579165,0.0600200250101319,0.0595438078619135,0.0522408053593017,NaN,NaN,NaN,NaN,NaN,NaN,NaN,NaN,NaN,NaN,NaN,NaN,NaN,NaN,NaN,NaN,NaN,NaN,NaN,NaN,NaN,NaN,NaN,NaN,NaN,NaN,NaN,NaN,NaN,NaN,NaN,NaN,NaN,NaN,NaN,NaN,NaN,NaN
NaN,NaN,NaN,NaN,NaN,NaN,NaN,NaN,NaN,NaN,NaN,NaN,NaN,NaN,NaN,NaN,NaN,NaN,NaN,NaN,NaN,NaN,NaN,NaN,NaN,NaN,NaN,NaN,NaN,NaN,NaN,NaN,NaN,NaN,NaN,NaN,NaN,NaN,NaN,NaN,NaN,NaN,NaN,NaN,NaN,NaN,NaN,NaN,NaN,NaN,NaN,NaN,NaN,NaN,NaN,NaN,NaN,NaN,NaN,NaN,NaN,NaN,NaN,NaN,NaN,NaN,NaN,NaN,NaN,NaN,NaN,NaN,NaN,NaN,NaN,NaN,NaN,NaN,NaN,NaN,NaN,NaN,NaN,NaN,NaN,NaN,NaN,NaN,NaN,NaN,NaN,NaN,NaN,NaN,NaN,NaN,NaN,NaN,NaN,NaN,NaN,NaN,NaN,NaN,NaN,NaN,NaN,NaN,NaN,NaN,NaN,NaN,NaN,NaN,NaN,NaN,NaN,NaN,NaN,NaN,NaN,NaN,NaN,NaN,NaN,NaN,NaN,NaN,NaN,NaN,NaN,NaN,NaN,NaN,NaN,NaN,NaN,NaN,NaN,NaN,NaN,NaN,NaN,NaN,NaN,NaN,NaN,NaN,NaN,NaN,NaN,NaN,NaN,NaN,NaN,NaN,NaN,NaN,0.0243521836507742,0.026225684154913,0.0316176487420083,0.0342917966144509,0.0393952950316931,0.0405575565199179,0.0407647612208802,NaN,0.0421502239650785,0.0393252374689511,0.0377203112844727,0.0366908492849172,0.0361948859281047,0.0364469805452634,0.0364711542930051,NaN,NaN,NaN,NaN,NaN,NaN,NaN,NaN,NaN,NaN,NaN,NaN,NaN,NaN,NaN,NaN,NaN,NaN,NaN,NaN,NaN,NaN,NaN,NaN,NaN,NaN,0.0424070355521584,0.04658945625555,0.0466395803293537,0.0467810567843421,0.0519087450902302,0.0588196077661718,0.0555590254092869,0.0530226078725894,0.04414791116759,NaN,NaN,NaN,NaN,NaN,NaN,NaN,NaN,NaN,NaN,NaN,NaN,NaN,NaN,NaN,NaN,NaN,NaN,NaN,NaN,NaN,NaN,NaN,NaN,NaN,NaN,NaN,NaN,NaN,NaN,NaN,NaN,NaN,NaN,NaN,NaN,NaN
NaN,NaN,NaN,NaN,NaN,NaN,NaN,NaN,NaN,NaN,NaN,NaN,NaN,NaN,NaN,NaN,NaN,NaN,NaN,NaN,NaN,NaN,NaN,NaN,NaN,NaN,NaN,NaN,NaN,NaN,NaN,NaN,NaN,NaN,NaN,NaN,NaN,NaN,NaN,NaN,NaN,NaN,NaN,NaN,NaN,NaN,NaN,NaN,NaN,NaN,NaN,NaN,NaN,NaN,NaN,NaN,NaN,NaN,NaN,NaN,NaN,NaN,NaN,NaN,NaN,NaN,NaN,NaN,NaN,NaN,NaN,NaN,NaN,NaN,NaN,NaN,NaN,NaN,NaN,NaN,NaN,NaN,NaN,NaN,NaN,NaN,NaN,NaN,NaN,NaN,NaN,NaN,NaN,NaN,NaN,NaN,NaN,NaN,NaN,NaN,NaN,NaN,NaN,NaN,NaN,NaN,NaN,NaN,NaN,NaN,NaN,NaN,NaN,NaN,NaN,NaN,NaN,NaN,NaN,NaN,NaN,NaN,NaN,NaN,NaN,NaN,NaN,NaN,NaN,NaN,NaN,NaN,NaN,NaN,NaN,NaN,NaN,NaN,NaN,NaN,NaN,NaN,NaN,NaN,NaN,NaN,NaN,NaN,NaN,NaN,NaN,NaN,NaN,NaN,NaN,NaN,NaN,NaN,NaN,NaN,NaN,0.0391300555064726,0.0392272822909241,0.0392530767790656,NaN,NaN,NaN,0.0353059893303668,0.036664854150507,0.0365254779915704,0.036200857198968,0.0364754957209389,0.0365828014068213,NaN,NaN,NaN,NaN,NaN,NaN,NaN,NaN,NaN,NaN,NaN,NaN,NaN,NaN,NaN,NaN,NaN,NaN,NaN,NaN,NaN,NaN,NaN,NaN,NaN,NaN,NaN,NaN,NaN,NaN,NaN,0.0492723654462768,0.0516193803798098,0.0501899994393091,0.0488444931261753,NaN,NaN,NaN,NaN,NaN,NaN,NaN,NaN,NaN,NaN,NaN,NaN,NaN,NaN,NaN,NaN,NaN,NaN,NaN,NaN,NaN,NaN,NaN,NaN,NaN,NaN,NaN,NaN,NaN,NaN,NaN,NaN,NaN,NaN,NaN,NaN,NaN
NaN,NaN,NaN,NaN,NaN,NaN,NaN,NaN,NaN,NaN,NaN,NaN,NaN,NaN,NaN,NaN,NaN,NaN,NaN,NaN,NaN,NaN,NaN,NaN,NaN,NaN,NaN,NaN,NaN,NaN,NaN,NaN,NaN,NaN,NaN,NaN,NaN,NaN,NaN,NaN,NaN,NaN,NaN,NaN,NaN,NaN,NaN,NaN,NaN,NaN,NaN,NaN,NaN,NaN,NaN,NaN,NaN,NaN,NaN,NaN,NaN,NaN,NaN,NaN,NaN,NaN,NaN,NaN,NaN,NaN,NaN,NaN,NaN,NaN,NaN,NaN,NaN,NaN,NaN,NaN,NaN,NaN,NaN,NaN,NaN,NaN,NaN,NaN,NaN,NaN,NaN,NaN,NaN,NaN,NaN,NaN,NaN,NaN,NaN,NaN,NaN,NaN,NaN,NaN,NaN,NaN,NaN,NaN,NaN,NaN,NaN,NaN,NaN,NaN,NaN,NaN,NaN,NaN,NaN,NaN,NaN,NaN,NaN,NaN,NaN,NaN,NaN,NaN,NaN,NaN,NaN,NaN,NaN,NaN,NaN,NaN,NaN,NaN,NaN,NaN,NaN,NaN,NaN,NaN,NaN,NaN,NaN,NaN,NaN,NaN,NaN,NaN,NaN,NaN,NaN,NaN,NaN,NaN,NaN,NaN,NaN,0.0379434155750704,0.0390536844978899,0.038494102941407,0.0358345476994656,0.0359061424589267,NaN,0.035516078577715,0.0359159900353974,0.0361800788208911,0.0363669241983444,0.0364791011779456,0.0365277829718334,NaN,NaN,NaN,NaN,NaN,NaN,NaN,NaN,NaN,NaN,NaN,NaN,NaN,NaN,NaN,NaN,NaN,NaN,NaN,NaN,NaN,NaN,NaN,NaN,NaN,NaN,NaN,NaN,NaN,NaN,NaN,0.0494550303893868,0.0490199662888935,0.0480370741769191,0.0474223107114472,NaN,NaN,NaN,NaN,NaN,NaN,NaN,NaN,NaN,NaN,NaN,NaN,NaN,NaN,NaN,NaN,NaN,NaN,NaN,NaN,NaN,NaN,NaN,NaN,NaN,NaN,NaN,NaN,NaN,NaN,NaN,NaN,NaN,NaN,NaN,NaN,NaN
NaN,NaN,NaN,NaN,NaN,NaN,NaN,NaN,NaN,NaN,NaN,NaN,NaN,NaN,NaN,NaN,NaN,NaN,NaN,NaN,NaN,NaN,NaN,NaN,NaN,NaN,NaN,NaN,NaN,NaN,NaN,NaN,NaN,NaN,NaN,NaN,NaN,NaN,NaN,NaN,NaN,NaN,NaN,NaN,NaN,NaN,NaN,NaN,NaN,NaN,NaN,NaN,NaN,NaN,NaN,NaN,NaN,NaN,NaN,NaN,NaN,NaN,NaN,NaN,NaN,NaN,NaN,NaN,NaN,NaN,NaN,NaN,NaN,NaN,NaN,NaN,NaN,NaN,NaN,NaN,NaN,NaN,NaN,NaN,NaN,NaN,NaN,NaN,NaN,NaN,NaN,NaN,NaN,NaN,NaN,NaN,NaN,NaN,NaN,NaN,NaN,NaN,NaN,NaN,NaN,NaN,NaN,NaN,NaN,NaN,NaN,NaN,NaN,NaN,NaN,NaN,NaN,NaN,NaN,NaN,NaN,NaN,NaN,NaN,NaN,NaN,NaN,NaN,NaN,NaN,NaN,NaN,NaN,NaN,NaN,NaN,NaN,NaN,NaN,NaN,NaN,NaN,NaN,NaN,NaN,NaN,NaN,NaN,NaN,NaN,NaN,NaN,NaN,NaN,NaN,NaN,NaN,NaN,NaN,NaN,NaN,NaN,NaN,NaN,0.0353095691106979,0.0355157572109609,NaN,0.0352304573726827,0.0352381070794349,0.0355973089727544,0.0366172255667073,0.0363805580617056,0.036181183893423,NaN,NaN,NaN,NaN,NaN,NaN,NaN,NaN,NaN,NaN,NaN,NaN,NaN,NaN,NaN,NaN,NaN,NaN,NaN,NaN,NaN,NaN,NaN,NaN,NaN,NaN,NaN,NaN,NaN,NaN,NaN,0.0428614719214282,0.0473207221125318,0.0460083959022086,0.0451409372305173,0.0409202274609463,0.0378969296821254,NaN,NaN,NaN,NaN,NaN,NaN,NaN,NaN,NaN,NaN,NaN,NaN,NaN,NaN,NaN,NaN,NaN,NaN,NaN,NaN,NaN,NaN,NaN,NaN,NaN,NaN,NaN,NaN,NaN,NaN,NaN,NaN,NaN,NaN,NaN
NaN,NaN,NaN,NaN,NaN,NaN,NaN,NaN,NaN,NaN,NaN,NaN,NaN,NaN,NaN,NaN,NaN,NaN,NaN,NaN,NaN,NaN,NaN,NaN,NaN,NaN,NaN,NaN,NaN,NaN,NaN,NaN,NaN,NaN,NaN,NaN,NaN,NaN,NaN,NaN,NaN,NaN,NaN,NaN,NaN,NaN,NaN,NaN,NaN,NaN,NaN,NaN,NaN,NaN,NaN,NaN,NaN,NaN,NaN,NaN,NaN,NaN,NaN,NaN,NaN,NaN,NaN,NaN,NaN,NaN,NaN,NaN,NaN,NaN,NaN,NaN,NaN,NaN,NaN,NaN,NaN,NaN,NaN,NaN,NaN,NaN,NaN,NaN,NaN,NaN,NaN,NaN,NaN,NaN,NaN,NaN,NaN,NaN,NaN,NaN,NaN,NaN,NaN,NaN,NaN,NaN,NaN,NaN,NaN,NaN,NaN,NaN,NaN,NaN,NaN,NaN,NaN,NaN,NaN,NaN,NaN,NaN,NaN,NaN,NaN,NaN,NaN,NaN,NaN,NaN,NaN,NaN,NaN,NaN,NaN,NaN,NaN,NaN,NaN,NaN,NaN,NaN,NaN,NaN,NaN,NaN,NaN,NaN,NaN,NaN,NaN,NaN,NaN,NaN,NaN,NaN,NaN,NaN,NaN,NaN,NaN,NaN,NaN,NaN,0.0352026627396749,0.0353020259355428,0.0353169281924908,0.0352246272623058,0.035388429891152,0.0354127236323273,0.0355551590563045,0.0354884247798682,0.0360208065366454,NaN,NaN,NaN,NaN,NaN,NaN,NaN,NaN,NaN,NaN,NaN,NaN,NaN,NaN,NaN,NaN,NaN,NaN,NaN,NaN,NaN,NaN,NaN,NaN,NaN,NaN,NaN,NaN,NaN,NaN,NaN,NaN,0.0410093645458976,0.0438310861202295,0.0426918582341476,0.041236602564212,0.040053896506356,NaN,NaN,NaN,NaN,NaN,NaN,NaN,NaN,NaN,NaN,NaN,NaN,NaN,NaN,NaN,NaN,NaN,NaN,NaN,NaN,NaN,NaN,NaN,NaN,NaN,NaN,NaN,NaN,NaN,NaN,NaN,NaN,NaN,NaN,NaN
NaN,NaN,NaN,NaN,NaN,NaN,NaN,NaN,NaN,NaN,NaN,NaN,NaN,NaN,NaN,NaN,NaN,NaN,NaN,NaN,NaN,NaN,NaN,NaN,NaN,NaN,NaN,NaN,NaN,NaN,NaN,NaN,NaN,NaN,NaN,NaN,NaN,NaN,NaN,NaN,NaN,NaN,NaN,NaN,NaN,NaN,NaN,NaN,NaN,NaN,NaN,NaN,NaN,NaN,NaN,NaN,NaN,NaN,NaN,NaN,NaN,NaN,NaN,NaN,NaN,NaN,NaN,NaN,NaN,NaN,NaN,NaN,NaN,NaN,NaN,NaN,NaN,NaN,NaN,NaN,NaN,NaN,NaN,NaN,NaN,NaN,NaN,NaN,NaN,NaN,NaN,NaN,NaN,NaN,NaN,NaN,NaN,NaN,NaN,NaN,NaN,NaN,NaN,NaN,NaN,NaN,NaN,NaN,NaN,NaN,NaN,NaN,NaN,NaN,NaN,NaN,NaN,NaN,NaN,NaN,NaN,NaN,NaN,NaN,NaN,NaN,NaN,NaN,NaN,NaN,NaN,NaN,NaN,NaN,NaN,NaN,NaN,NaN,NaN,NaN,NaN,NaN,NaN,NaN,NaN,NaN,NaN,NaN,NaN,NaN,NaN,NaN,NaN,NaN,NaN,NaN,NaN,NaN,NaN,NaN,NaN,-5.39646272678636e-19,NaN,NaN,0.0353348760114497,0.0354715493446824,0.0354631733695791,0.0353435447692169,0.0352131548464664,0.0349557497829791,0.0345530306150509,0.0344030899260902,NaN,NaN,NaN,NaN,NaN,NaN,NaN,NaN,NaN,NaN,NaN,NaN,NaN,NaN,NaN,NaN,NaN,NaN,NaN,NaN,NaN,NaN,NaN,NaN,NaN,NaN,NaN,NaN,NaN,NaN,NaN,NaN,NaN,0.043816903123518,0.0434471034064884,0.0411751448759424,0.0401238183779394,0.0394478404481829,NaN,NaN,NaN,NaN,NaN,NaN,NaN,NaN,NaN,NaN,NaN,NaN,NaN,NaN,NaN,NaN,NaN,NaN,NaN,NaN,NaN,NaN,NaN,NaN,NaN,NaN,NaN,NaN,NaN,NaN,NaN,NaN,NaN,NaN,NaN
NaN,NaN,NaN,NaN,NaN,NaN,NaN,NaN,NaN,NaN,NaN,NaN,NaN,NaN,NaN,NaN,NaN,NaN,NaN,NaN,NaN,NaN,NaN,NaN,NaN,NaN,NaN,NaN,NaN,NaN,NaN,NaN,NaN,NaN,NaN,NaN,NaN,NaN,NaN,NaN,NaN,NaN,NaN,NaN,NaN,NaN,NaN,NaN,NaN,NaN,NaN,NaN,NaN,NaN,NaN,NaN,NaN,NaN,NaN,NaN,NaN,NaN,NaN,NaN,NaN,NaN,NaN,NaN,NaN,NaN,NaN,NaN,NaN,NaN,NaN,NaN,NaN,NaN,NaN,NaN,NaN,NaN,NaN,NaN,NaN,NaN,NaN,NaN,NaN,NaN,NaN,NaN,NaN,NaN,NaN,NaN,NaN,NaN,NaN,NaN,NaN,NaN,NaN,NaN,NaN,NaN,NaN,NaN,NaN,NaN,NaN,NaN,NaN,NaN,NaN,NaN,NaN,NaN,NaN,NaN,NaN,NaN,NaN,NaN,NaN,NaN,NaN,NaN,NaN,NaN,NaN,NaN,NaN,NaN,NaN,NaN,NaN,NaN,NaN,NaN,NaN,NaN,NaN,NaN,NaN,NaN,NaN,NaN,NaN,NaN,NaN,NaN,NaN,NaN,NaN,NaN,NaN,NaN,NaN,NaN,NaN,NaN,NaN,0.0352217007789726,0.0352405042462378,NaN,0.0354103469172619,0.0352193269806667,0.0343534999900719,0.0339229306109924,0.0338621293557135,0.0339199305015075,NaN,NaN,NaN,NaN,NaN,NaN,NaN,NaN,NaN,NaN,NaN,NaN,NaN,NaN,NaN,NaN,NaN,NaN,NaN,NaN,NaN,NaN,NaN,NaN,NaN,NaN,NaN,NaN,NaN,NaN,NaN,NaN,NaN,NaN,0.0382944068424822,0.0411581399879586,0.0389341149407956,0.0384220812137513,0.0379533646852213,0.0377886787143351,NaN,NaN,NaN,NaN,NaN,NaN,NaN,NaN,NaN,NaN,NaN,NaN,NaN,NaN,NaN,NaN,NaN,NaN,NaN,NaN,NaN,NaN,NaN,NaN,NaN,NaN,NaN,NaN,NaN,NaN,NaN,NaN,NaN
NaN,NaN,NaN,NaN,NaN,NaN,NaN,NaN,NaN,NaN,NaN,NaN,NaN,NaN,NaN,NaN,NaN,NaN,NaN,NaN,NaN,NaN,NaN,NaN,NaN,NaN,NaN,NaN,NaN,NaN,NaN,NaN,NaN,NaN,NaN,NaN,NaN,NaN,NaN,NaN,NaN,NaN,NaN,NaN,NaN,NaN,NaN,NaN,NaN,NaN,NaN,NaN,NaN,NaN,NaN,NaN,NaN,NaN,NaN,NaN,NaN,NaN,NaN,NaN,NaN,NaN,NaN,NaN,NaN,NaN,NaN,NaN,NaN,NaN,NaN,NaN,NaN,NaN,NaN,NaN,NaN,NaN,NaN,NaN,NaN,NaN,NaN,NaN,NaN,NaN,NaN,NaN,NaN,NaN,NaN,NaN,NaN,NaN,NaN,NaN,NaN,NaN,NaN,NaN,NaN,NaN,NaN,NaN,NaN,NaN,NaN,NaN,NaN,NaN,NaN,NaN,NaN,NaN,NaN,NaN,NaN,NaN,NaN,NaN,NaN,NaN,NaN,NaN,NaN,NaN,NaN,NaN,NaN,NaN,NaN,NaN,NaN,NaN,NaN,NaN,NaN,NaN,NaN,NaN,NaN,NaN,NaN,NaN,NaN,NaN,NaN,NaN,NaN,NaN,NaN,NaN,NaN,NaN,NaN,NaN,NaN,NaN,NaN,0.0352397579787698,0.0352882302849536,0.0353196178502578,0.0353537481828688,0.0347295778615142,0.0335131136018152,0.0329757575617062,0.0323457422792649,0.0318666143110163,0.0311425237937907,NaN,NaN,NaN,NaN,NaN,NaN,NaN,NaN,NaN,NaN,NaN,NaN,NaN,NaN,NaN,NaN,NaN,NaN,NaN,NaN,NaN,NaN,NaN,NaN,NaN,NaN,NaN,NaN,NaN,NaN,NaN,NaN,NaN,0.0379719797629957,0.0380684672822437,0.0375365256801007,0.0372541872393522,0.0380500370283852,0.0378847672603355,NaN,NaN,NaN,NaN,NaN,NaN,NaN,NaN,NaN,NaN,NaN,NaN,NaN,NaN,NaN,NaN,NaN,NaN,NaN,NaN,NaN,NaN,NaN,NaN,NaN,NaN,NaN,NaN,NaN,NaN,NaN,NaN,NaN
NaN,NaN,NaN,NaN,NaN,NaN,NaN,NaN,NaN,NaN,NaN,NaN,NaN,NaN,NaN,NaN,NaN,NaN,NaN,NaN,NaN,NaN,NaN,NaN,NaN,NaN,NaN,NaN,NaN,NaN,NaN,NaN,NaN,NaN,NaN,NaN,NaN,NaN,NaN,NaN,NaN,NaN,NaN,NaN,NaN,NaN,NaN,NaN,NaN,NaN,NaN,NaN,NaN,NaN,NaN,NaN,NaN,NaN,NaN,NaN,NaN,NaN,NaN,NaN,NaN,NaN,NaN,NaN,NaN,NaN,NaN,NaN,NaN,NaN,NaN,NaN,NaN,NaN,NaN,NaN,NaN,NaN,NaN,NaN,NaN,NaN,NaN,NaN,NaN,NaN,NaN,NaN,NaN,NaN,NaN,NaN,NaN,NaN,NaN,NaN,NaN,NaN,NaN,NaN,NaN,NaN,NaN,NaN,NaN,NaN,NaN,NaN,NaN,NaN,NaN,NaN,NaN,NaN,NaN,NaN,NaN,NaN,NaN,NaN,NaN,NaN,NaN,NaN,NaN,NaN,NaN,NaN,NaN,NaN,NaN,NaN,NaN,NaN,NaN,NaN,NaN,NaN,NaN,NaN,NaN,NaN,NaN,NaN,NaN,NaN,NaN,NaN,NaN,NaN,NaN,NaN,NaN,NaN,NaN,NaN,NaN,NaN,NaN,NaN,0.0353093966717654,0.0353090093166653,NaN,NaN,0.0315760019137875,0.0320448747091938,0.0317333674882634,0.0313953817104765,0.0314814529780769,0.0315621554724015,0.031314333522446,NaN,NaN,NaN,NaN,NaN,NaN,NaN,NaN,NaN,NaN,NaN,NaN,NaN,NaN,NaN,NaN,NaN,NaN,NaN,NaN,NaN,NaN,NaN,NaN,NaN,NaN,NaN,NaN,NaN,NaN,0.0376405191319979,0.0362297818307587,0.0363303790659098,0.0367058739817918,0.0363884644003092,0.0357804340171419,0.0356289881674766,NaN,NaN,NaN,NaN,NaN,NaN,NaN,NaN,NaN,NaN,NaN,NaN,NaN,NaN,NaN,NaN,NaN,NaN,NaN,NaN,NaN,NaN,NaN,NaN,NaN,NaN,NaN,NaN,NaN,NaN,NaN,NaN,NaN
NaN,NaN,NaN,NaN,NaN,NaN,NaN,NaN,NaN,NaN,NaN,NaN,NaN,NaN,NaN,NaN,NaN,NaN,NaN,NaN,NaN,NaN,NaN,NaN,NaN,NaN,NaN,NaN,NaN,NaN,NaN,NaN,NaN,NaN,NaN,NaN,NaN,NaN,NaN,NaN,NaN,NaN,NaN,NaN,NaN,NaN,NaN,NaN,NaN,NaN,NaN,NaN,NaN,NaN,NaN,NaN,NaN,NaN,NaN,NaN,NaN,NaN,NaN,NaN,NaN,NaN,NaN,NaN,NaN,NaN,NaN,NaN,NaN,NaN,NaN,NaN,NaN,NaN,NaN,NaN,NaN,NaN,NaN,NaN,NaN,NaN,NaN,NaN,NaN,NaN,NaN,NaN,NaN,NaN,NaN,NaN,NaN,NaN,NaN,NaN,NaN,NaN,NaN,NaN,NaN,NaN,NaN,NaN,NaN,NaN,NaN,NaN,NaN,NaN,NaN,NaN,NaN,NaN,NaN,NaN,NaN,NaN,NaN,NaN,NaN,NaN,NaN,NaN,NaN,NaN,NaN,NaN,NaN,NaN,NaN,NaN,NaN,NaN,NaN,NaN,NaN,NaN,NaN,NaN,NaN,NaN,NaN,NaN,NaN,NaN,NaN,NaN,NaN,NaN,NaN,NaN,NaN,NaN,NaN,NaN,NaN,NaN,NaN,NaN,NaN,NaN,NaN,NaN,0.0323770650072074,0.0318967434298921,0.0314855441437526,0.0311705789696738,0.031959748394083,0.0318376130901643,0.0314669417229317,NaN,NaN,NaN,NaN,NaN,NaN,NaN,NaN,NaN,NaN,NaN,NaN,NaN,NaN,NaN,NaN,NaN,NaN,NaN,NaN,NaN,NaN,NaN,NaN,NaN,NaN,NaN,NaN,NaN,NaN,0.0376370967299894,0.0361291336928606,0.0361882821592874,0.0390095895923909,0.0376799821499998,0.0355207305627416,0.0354427141207774,NaN,NaN,NaN,NaN,NaN,NaN,NaN,NaN,NaN,NaN,NaN,NaN,NaN,NaN,NaN,NaN,NaN,NaN,NaN,NaN,NaN,NaN,NaN,NaN,NaN,NaN,NaN,NaN,NaN,NaN,NaN,NaN,NaN
NaN,NaN,NaN,NaN,NaN,NaN,NaN,NaN,NaN,NaN,NaN,NaN,NaN,NaN,NaN,NaN,NaN,NaN,NaN,NaN,NaN,NaN,NaN,NaN,NaN,NaN,NaN,NaN,NaN,NaN,NaN,NaN,NaN,NaN,NaN,NaN,NaN,NaN,NaN,NaN,NaN,NaN,NaN,NaN,NaN,NaN,NaN,NaN,NaN,NaN,NaN,NaN,NaN,NaN,NaN,NaN,NaN,NaN,NaN,NaN,NaN,NaN,NaN,NaN,NaN,NaN,NaN,NaN,NaN,NaN,NaN,NaN,NaN,NaN,NaN,NaN,NaN,-0.124495105988989,-0.133771390479823,-0.121295480031598,NaN,NaN,NaN,NaN,NaN,NaN,NaN,NaN,NaN,NaN,NaN,NaN,NaN,NaN,NaN,NaN,NaN,NaN,NaN,NaN,NaN,NaN,NaN,NaN,NaN,NaN,NaN,NaN,NaN,NaN,NaN,NaN,NaN,NaN,NaN,NaN,NaN,NaN,NaN,NaN,NaN,NaN,NaN,NaN,NaN,NaN,NaN,NaN,NaN,NaN,NaN,NaN,NaN,NaN,NaN,NaN,NaN,NaN,NaN,NaN,NaN,NaN,NaN,NaN,NaN,NaN,NaN,NaN,NaN,NaN,NaN,NaN,NaN,NaN,NaN,NaN,NaN,NaN,NaN,NaN,NaN,NaN,NaN,NaN,NaN,NaN,NaN,NaN,0.0329297256011402,0.0311034068964449,0.030853113220233,0.0310183267677726,0.0319218621367471,0.0319412079027736,NaN,NaN,NaN,NaN,NaN,NaN,NaN,NaN,NaN,NaN,NaN,NaN,NaN,NaN,NaN,NaN,NaN,NaN,NaN,NaN,NaN,NaN,NaN,NaN,NaN,NaN,NaN,NaN,NaN,NaN,NaN,0.0365800447221509,0.0376065111252865,0.0375825585716631,NaN,0.0372147961599399,0.0354206807392302,0.0352219759247633,NaN,NaN,NaN,NaN,NaN,NaN,NaN,NaN,NaN,NaN,NaN,NaN,NaN,NaN,NaN,NaN,NaN,NaN,NaN,NaN,NaN,NaN,NaN,NaN,NaN,NaN,NaN,NaN,NaN,NaN,NaN,NaN,NaN
NaN,NaN,NaN,NaN,NaN,NaN,NaN,NaN,NaN,NaN,NaN,NaN,NaN,NaN,NaN,NaN,NaN,NaN,NaN,NaN,NaN,NaN,NaN,NaN,NaN,NaN,NaN,NaN,NaN,NaN,NaN,NaN,NaN,NaN,NaN,NaN,NaN,NaN,NaN,NaN,NaN,NaN,NaN,NaN,NaN,NaN,NaN,NaN,NaN,NaN,NaN,NaN,NaN,NaN,NaN,NaN,NaN,NaN,NaN,NaN,NaN,NaN,NaN,NaN,NaN,NaN,NaN,NaN,NaN,NaN,NaN,NaN,NaN,NaN,NaN,NaN,-0.127083505738683,-0.133746207884705,-0.133761322956935,-0.133768831689911,NaN,NaN,NaN,NaN,NaN,NaN,NaN,NaN,NaN,NaN,NaN,NaN,NaN,NaN,NaN,NaN,NaN,NaN,NaN,NaN,NaN,NaN,NaN,NaN,NaN,NaN,NaN,NaN,NaN,NaN,NaN,NaN,NaN,NaN,NaN,NaN,NaN,NaN,NaN,NaN,NaN,NaN,NaN,NaN,NaN,NaN,NaN,NaN,NaN,NaN,NaN,NaN,NaN,NaN,NaN,NaN,NaN,NaN,NaN,NaN,NaN,NaN,NaN,NaN,NaN,NaN,NaN,NaN,NaN,NaN,NaN,NaN,NaN,NaN,NaN,NaN,NaN,NaN,NaN,NaN,NaN,NaN,NaN,NaN,NaN,NaN,NaN,NaN,NaN,0.0281871914996399,0.0292825163816545,0.0299921866462793,0.0315068607261722,0.0319642831391889,NaN,NaN,NaN,NaN,NaN,NaN,NaN,NaN,NaN,NaN,NaN,NaN,NaN,NaN,NaN,NaN,NaN,NaN,NaN,NaN,NaN,NaN,NaN,NaN,NaN,NaN,NaN,NaN,NaN,NaN,NaN,NaN,0.0364604426233053,0.0365177502560834,NaN,0.0370691681656852,0.0352081372042698,0.0380447622226549,NaN,NaN,NaN,NaN,NaN,NaN,NaN,NaN,NaN,NaN,NaN,NaN,NaN,NaN,NaN,NaN,NaN,NaN,NaN,NaN,NaN,NaN,NaN,NaN,NaN,NaN,NaN,NaN,NaN,NaN,NaN,NaN,NaN
NaN,NaN,NaN,NaN,NaN,NaN,NaN,NaN,NaN,NaN,NaN,NaN,NaN,NaN,NaN,NaN,NaN,NaN,NaN,NaN,NaN,NaN,NaN,NaN,NaN,NaN,NaN,NaN,NaN,NaN,NaN,NaN,NaN,NaN,NaN,NaN,NaN,NaN,NaN,NaN,NaN,NaN,NaN,NaN,NaN,NaN,NaN,NaN,NaN,NaN,NaN,NaN,NaN,NaN,NaN,NaN,NaN,NaN,NaN,NaN,NaN,NaN,NaN,NaN,NaN,NaN,NaN,NaN,NaN,NaN,NaN,NaN,NaN,NaN,NaN,-0.127041307746484,-0.133695680292893,-0.133707675609583,-0.13372331512111,NaN,NaN,NaN,NaN,NaN,NaN,NaN,-0.113612957783981,-0.131748513691968,NaN,NaN,NaN,NaN,NaN,NaN,NaN,NaN,NaN,NaN,NaN,NaN,NaN,NaN,NaN,NaN,NaN,NaN,NaN,NaN,NaN,NaN,NaN,NaN,NaN,NaN,NaN,NaN,NaN,NaN,NaN,NaN,NaN,NaN,NaN,NaN,NaN,NaN,NaN,NaN,NaN,NaN,NaN,NaN,NaN,NaN,NaN,NaN,NaN,NaN,NaN,NaN,NaN,NaN,NaN,NaN,NaN,NaN,NaN,NaN,NaN,NaN,NaN,NaN,NaN,NaN,NaN,NaN,NaN,NaN,NaN,NaN,NaN,NaN,NaN,NaN,NaN,NaN,NaN,NaN,NaN,0.0274952698882415,0.0273685611043845,0.026388544245065,NaN,NaN,NaN,NaN,NaN,NaN,NaN,NaN,NaN,NaN,NaN,NaN,NaN,NaN,NaN,NaN,NaN,NaN,NaN,NaN,NaN,NaN,NaN,NaN,NaN,NaN,NaN,NaN,NaN,NaN,NaN,NaN,NaN,0.0366960532278829,0.0365099925671858,NaN,NaN,NaN,0.0368901112366389,0.0376685361153403,0.0363896905701665,NaN,NaN,NaN,NaN,NaN,NaN,NaN,NaN,NaN,NaN,NaN,NaN,NaN,NaN,NaN,NaN,NaN,NaN,NaN,NaN,NaN,NaN,NaN,NaN,NaN,NaN,NaN,NaN,NaN,NaN,NaN,NaN
NaN,NaN,NaN,NaN,NaN,NaN,NaN,NaN,NaN,NaN,NaN,NaN,NaN,NaN,NaN,NaN,NaN,NaN,NaN,NaN,NaN,NaN,NaN,NaN,NaN,NaN,NaN,NaN,NaN,NaN,NaN,NaN,NaN,NaN,NaN,NaN,NaN,NaN,NaN,NaN,NaN,NaN,NaN,NaN,NaN,NaN,NaN,NaN,NaN,NaN,NaN,NaN,NaN,NaN,NaN,NaN,NaN,NaN,NaN,NaN,NaN,NaN,NaN,NaN,NaN,NaN,NaN,NaN,NaN,NaN,NaN,NaN,NaN,NaN,NaN,-0.133640932488542,-0.133656737685882,-0.133670676411813,-0.133667484404394,NaN,NaN,NaN,NaN,NaN,NaN,NaN,-0.131723468877856,-0.131734989846337,-0.131743218001034,-0.113605173106973,NaN,NaN,NaN,NaN,NaN,NaN,NaN,NaN,NaN,NaN,NaN,NaN,NaN,NaN,NaN,NaN,NaN,NaN,NaN,NaN,NaN,NaN,NaN,NaN,NaN,NaN,NaN,NaN,NaN,NaN,NaN,NaN,NaN,NaN,NaN,NaN,NaN,NaN,NaN,NaN,NaN,NaN,NaN,NaN,NaN,NaN,NaN,NaN,NaN,NaN,NaN,NaN,NaN,NaN,NaN,NaN,NaN,NaN,NaN,NaN,NaN,NaN,NaN,NaN,NaN,NaN,NaN,NaN,NaN,NaN,NaN,NaN,NaN,NaN,NaN,NaN,NaN,NaN,NaN,0.0261387014126411,0.0257567197753036,0.0250322557222937,NaN,NaN,NaN,NaN,NaN,NaN,NaN,NaN,NaN,NaN,NaN,NaN,NaN,NaN,NaN,NaN,NaN,NaN,NaN,NaN,NaN,NaN,NaN,NaN,NaN,NaN,NaN,NaN,NaN,NaN,NaN,NaN,NaN,0.0368560005291113,0.0367237966838539,NaN,NaN,NaN,0.0366770554721179,0.037555141763713,0.0366488828671569,NaN,NaN,NaN,NaN,NaN,NaN,NaN,NaN,NaN,NaN,NaN,NaN,NaN,NaN,NaN,NaN,NaN,NaN,NaN,NaN,NaN,NaN,NaN,NaN,NaN,NaN,NaN,NaN,NaN,NaN,NaN,NaN
NaN,NaN,NaN,NaN,NaN,NaN,NaN,NaN,NaN,NaN,NaN,NaN,NaN,NaN,NaN,NaN,NaN,NaN,NaN,NaN,NaN,NaN,NaN,NaN,NaN,NaN,NaN,NaN,NaN,NaN,NaN,NaN,NaN,NaN,NaN,NaN,NaN,NaN,NaN,NaN,NaN,NaN,NaN,NaN,NaN,NaN,NaN,NaN,NaN,NaN,NaN,NaN,NaN,NaN,NaN,NaN,NaN,NaN,NaN,NaN,NaN,NaN,NaN,NaN,NaN,NaN,NaN,NaN,NaN,NaN,NaN,NaN,NaN,NaN,-0.133491301121144,-0.133577286860706,-0.133611921267463,-0.133634422235249,-0.133657738423627,NaN,NaN,NaN,NaN,NaN,NaN,-0.131699155789414,-0.131708908938782,-0.131717640981977,-0.131715235127993,-0.131711985114182,NaN,NaN,NaN,NaN,NaN,NaN,NaN,NaN,NaN,NaN,NaN,NaN,NaN,NaN,NaN,NaN,NaN,NaN,NaN,NaN,NaN,NaN,NaN,NaN,NaN,NaN,NaN,NaN,NaN,NaN,NaN,NaN,NaN,NaN,NaN,NaN,NaN,NaN,NaN,NaN,NaN,NaN,NaN,NaN,NaN,NaN,NaN,NaN,NaN,NaN,NaN,NaN,NaN,NaN,NaN,NaN,NaN,NaN,NaN,NaN,NaN,NaN,NaN,NaN,NaN,NaN,NaN,NaN,NaN,NaN,NaN,NaN,NaN,NaN,NaN,NaN,NaN,NaN,NaN,0.0260870935739082,0.0246787445546629,0.0234050854048887,NaN,NaN,NaN,NaN,NaN,NaN,NaN,NaN,NaN,NaN,NaN,NaN,NaN,NaN,NaN,NaN,NaN,NaN,NaN,NaN,NaN,NaN,NaN,NaN,NaN,NaN,NaN,NaN,NaN,NaN,NaN,NaN,NaN,NaN,NaN,NaN,NaN,NaN,0.0361782151294894,0.0368983782540212,0.0361715782312688,NaN,NaN,NaN,NaN,NaN,NaN,NaN,NaN,NaN,NaN,NaN,NaN,NaN,NaN,NaN,NaN,NaN,NaN,NaN,NaN,NaN,NaN,NaN,NaN,NaN,NaN,NaN,NaN,NaN,NaN,NaN,NaN
NaN,NaN,NaN,NaN,NaN,NaN,NaN,NaN,NaN,NaN,NaN,NaN,NaN,NaN,NaN,NaN,NaN,NaN,NaN,NaN,NaN,NaN,NaN,NaN,NaN,NaN,NaN,NaN,NaN,NaN,NaN,NaN,NaN,NaN,NaN,NaN,NaN,NaN,NaN,NaN,NaN,NaN,NaN,NaN,NaN,NaN,NaN,NaN,NaN,NaN,NaN,NaN,NaN,NaN,NaN,NaN,NaN,NaN,NaN,NaN,NaN,NaN,NaN,NaN,NaN,NaN,NaN,NaN,NaN,NaN,NaN,NaN,NaN,-0.133386321883856,-0.13499126174322,-0.133495932428267,-0.12669064872899,-0.133553349585622,-0.127272980480112,NaN,NaN,-0.125824738456904,-0.129806839674464,-0.127751649513554,NaN,-0.121024128259512,-0.131687525446283,-0.131694565610897,-0.131684205270252,-0.13166659863001,-0.13164978125376,NaN,NaN,NaN,NaN,NaN,NaN,NaN,NaN,NaN,NaN,NaN,NaN,NaN,NaN,NaN,NaN,NaN,NaN,NaN,NaN,NaN,NaN,NaN,NaN,NaN,NaN,NaN,NaN,NaN,NaN,NaN,NaN,NaN,NaN,NaN,NaN,NaN,NaN,NaN,NaN,NaN,NaN,NaN,NaN,NaN,NaN,NaN,NaN,NaN,NaN,NaN,NaN,NaN,NaN,NaN,NaN,NaN,NaN,NaN,NaN,NaN,NaN,NaN,NaN,NaN,NaN,NaN,NaN,NaN,NaN,NaN,NaN,NaN,NaN,NaN,NaN,NaN,0.018762686021408,0.0222172601516957,0.0224161745944357,0.0218122783376854,NaN,NaN,NaN,NaN,NaN,NaN,NaN,NaN,NaN,NaN,NaN,NaN,NaN,NaN,NaN,NaN,NaN,NaN,NaN,NaN,NaN,NaN,NaN,NaN,NaN,NaN,NaN,NaN,NaN,NaN,NaN,NaN,NaN,NaN,NaN,NaN,NaN,NaN,NaN,NaN,NaN,NaN,NaN,NaN,NaN,NaN,NaN,NaN,NaN,NaN,NaN,NaN,NaN,NaN,NaN,NaN,NaN,NaN,NaN,NaN,NaN,NaN,NaN,NaN,NaN,NaN,NaN,NaN,NaN,NaN,NaN,NaN,NaN
NaN,NaN,NaN,NaN,NaN,NaN,NaN,NaN,NaN,NaN,NaN,NaN,NaN,NaN,NaN,NaN,NaN,NaN,NaN,NaN,NaN,NaN,NaN,NaN,NaN,NaN,NaN,NaN,NaN,NaN,NaN,NaN,NaN,NaN,NaN,NaN,NaN,NaN,NaN,NaN,NaN,NaN,NaN,NaN,NaN,NaN,NaN,NaN,NaN,NaN,NaN,NaN,NaN,NaN,NaN,NaN,NaN,NaN,NaN,NaN,NaN,NaN,NaN,NaN,NaN,NaN,NaN,NaN,NaN,NaN,NaN,NaN,NaN,-0.134944241971323,-0.134935270797401,-0.128163321026967,-0.133392493514138,-0.133439208357293,-0.120155964699943,NaN,-0.125801892117331,-0.133244017964753,-0.133266639192253,-0.133285771726321,-0.133314446453326,-0.120654396783504,-0.121127106057972,-0.120204175139046,-0.131637820759979,-0.131616032600111,-0.131601488227185,NaN,NaN,NaN,NaN,NaN,NaN,NaN,NaN,NaN,NaN,NaN,NaN,NaN,NaN,NaN,NaN,NaN,NaN,NaN,NaN,NaN,NaN,NaN,NaN,NaN,NaN,NaN,NaN,NaN,NaN,NaN,NaN,NaN,NaN,NaN,NaN,NaN,NaN,NaN,NaN,NaN,NaN,NaN,NaN,NaN,NaN,NaN,NaN,NaN,NaN,NaN,NaN,NaN,NaN,NaN,NaN,NaN,NaN,NaN,NaN,NaN,NaN,NaN,NaN,NaN,NaN,NaN,NaN,NaN,NaN,NaN,NaN,NaN,NaN,NaN,NaN,0.0213466351828084,0.0200995950953969,0.0213630210840964,0.0229141882120135,0.0236388521531609,0.0234378577509162,NaN,NaN,NaN,NaN,NaN,NaN,NaN,NaN,NaN,NaN,NaN,NaN,NaN,NaN,NaN,NaN,NaN,NaN,NaN,NaN,NaN,NaN,NaN,NaN,NaN,NaN,NaN,NaN,NaN,NaN,NaN,NaN,NaN,NaN,NaN,NaN,NaN,NaN,NaN,NaN,NaN,NaN,NaN,NaN,NaN,NaN,NaN,NaN,NaN,NaN,NaN,NaN,NaN,NaN,NaN,NaN,NaN,NaN,NaN,NaN,NaN,NaN,NaN,NaN,NaN,NaN,NaN,NaN,NaN,NaN,NaN,NaN
NaN,NaN,NaN,NaN,NaN,NaN,NaN,NaN,NaN,NaN,NaN,NaN,NaN,NaN,NaN,NaN,NaN,NaN,NaN,NaN,NaN,NaN,NaN,NaN,NaN,NaN,NaN,NaN,NaN,NaN,NaN,NaN,NaN,NaN,NaN,NaN,NaN,NaN,NaN,NaN,NaN,NaN,NaN,NaN,NaN,NaN,NaN,NaN,NaN,NaN,NaN,NaN,NaN,NaN,NaN,NaN,NaN,NaN,NaN,NaN,NaN,NaN,NaN,NaN,NaN,NaN,NaN,NaN,NaN,NaN,NaN,NaN,-0.133148988713533,-0.135413294579371,-0.133225936950906,-0.133287341947591,-0.125342497257046,-0.129093226059174,-0.110026690072368,NaN,-0.124260361967117,-0.133203776532608,-0.129743169458961,-0.129294481988029,-0.130870984777691,-0.127933647784182,-0.130860594355734,-0.125347693495771,-0.125750586000142,-0.131531084810663,-0.131509165419761,-0.131447692035805,-0.131428922312499,NaN,NaN,NaN,NaN,NaN,NaN,NaN,NaN,NaN,NaN,NaN,NaN,NaN,NaN,NaN,NaN,NaN,NaN,NaN,NaN,NaN,NaN,NaN,NaN,NaN,NaN,NaN,NaN,NaN,NaN,NaN,NaN,NaN,NaN,NaN,NaN,NaN,NaN,NaN,NaN,NaN,NaN,NaN,NaN,NaN,NaN,NaN,NaN,NaN,NaN,NaN,NaN,NaN,NaN,NaN,NaN,NaN,NaN,NaN,NaN,NaN,NaN,NaN,NaN,NaN,NaN,NaN,NaN,NaN,NaN,NaN,NaN,NaN,NaN,0.0206657595570409,0.020516034091541,0.0215536661842212,0.0243283243124756,0.0251054208333592,0.0243012285323665,0.0242127700858588,NaN,NaN,NaN,NaN,NaN,NaN,NaN,NaN,NaN,NaN,NaN,NaN,NaN,NaN,NaN,NaN,NaN,NaN,NaN,NaN,NaN,NaN,NaN,NaN,NaN,NaN,NaN,NaN,NaN,NaN,NaN,NaN,NaN,NaN,NaN,NaN,NaN,NaN,NaN,NaN,NaN,NaN,NaN,NaN,NaN,NaN,NaN,NaN,NaN,NaN,NaN,NaN,NaN,NaN,NaN,NaN,NaN,NaN,NaN,NaN,NaN,NaN,NaN,NaN,NaN,NaN,NaN,NaN,NaN,NaN,NaN
NaN,NaN,NaN,NaN,NaN,NaN,NaN,NaN,NaN,NaN,NaN,NaN,NaN,NaN,NaN,NaN,NaN,NaN,NaN,NaN,NaN,NaN,NaN,NaN,NaN,NaN,NaN,NaN,NaN,NaN,NaN,NaN,NaN,NaN,NaN,NaN,NaN,NaN,NaN,NaN,NaN,NaN,NaN,NaN,NaN,NaN,NaN,NaN,NaN,NaN,NaN,NaN,NaN,NaN,NaN,NaN,NaN,NaN,NaN,NaN,NaN,NaN,NaN,NaN,NaN,NaN,NaN,NaN,NaN,NaN,NaN,NaN,-0.133133372646898,-0.135339214295167,-0.133089022054063,-0.131024592461505,-0.128531530094041,-0.13072982355318,-0.126727929360952,NaN,-0.113430360269375,-0.132978853222123,-0.136384084576413,-0.137237591259014,-0.137017257232062,-0.134073675562503,-0.13271900311268,-0.131861176923463,-0.131536266393698,-0.128080192997529,-0.131433989149837,-0.13140483378354,-0.131394088496939,-0.131377838445547,NaN,NaN,NaN,NaN,NaN,NaN,NaN,NaN,NaN,NaN,NaN,NaN,NaN,NaN,NaN,NaN,NaN,NaN,NaN,NaN,NaN,NaN,NaN,NaN,NaN,NaN,NaN,NaN,NaN,NaN,NaN,NaN,NaN,NaN,NaN,NaN,NaN,NaN,NaN,NaN,NaN,NaN,NaN,NaN,NaN,NaN,NaN,NaN,NaN,NaN,NaN,NaN,NaN,NaN,NaN,NaN,NaN,NaN,NaN,NaN,NaN,NaN,NaN,NaN,NaN,NaN,NaN,NaN,NaN,NaN,NaN,NaN,NaN,0.020912769526587,0.0195812931881036,0.0194028716008927,0.023490390149108,0.0248245421211972,0.0240599738314059,0.0241836351719209,NaN,NaN,NaN,NaN,NaN,NaN,NaN,NaN,NaN,NaN,NaN,NaN,NaN,NaN,NaN,NaN,NaN,NaN,NaN,NaN,NaN,NaN,NaN,NaN,NaN,NaN,NaN,NaN,NaN,NaN,NaN,NaN,NaN,NaN,NaN,NaN,NaN,NaN,NaN,NaN,NaN,NaN,NaN,NaN,NaN,NaN,NaN,NaN,NaN,NaN,NaN,NaN,NaN,NaN,NaN,NaN,NaN,NaN,NaN,NaN,NaN,NaN,NaN,NaN,NaN,NaN,NaN,NaN,NaN,NaN,NaN
NaN,NaN,NaN,NaN,NaN,NaN,NaN,NaN,NaN,NaN,NaN,NaN,NaN,NaN,NaN,NaN,NaN,NaN,NaN,NaN,NaN,NaN,NaN,NaN,NaN,NaN,NaN,NaN,NaN,NaN,NaN,NaN,NaN,NaN,NaN,NaN,NaN,NaN,NaN,NaN,NaN,NaN,NaN,NaN,NaN,NaN,NaN,NaN,NaN,NaN,NaN,NaN,NaN,NaN,NaN,NaN,NaN,NaN,NaN,NaN,NaN,NaN,NaN,NaN,NaN,NaN,NaN,NaN,NaN,NaN,NaN,NaN,NaN,-0.135208458026526,-0.132292269332745,-0.141318367509029,-0.1348113090132,-0.133165992655729,-0.135251208512222,-0.1325169562925,-0.131546339576756,-0.138384008989106,-0.139420546559049,-0.139987383044764,-0.140281844985781,-0.139615312126912,-0.136205858422594,-0.135043098583702,-0.133676755209918,-0.132594831978063,-0.131361780601015,-0.131355102868983,-0.131346087213814,-0.131338507044372,-0.131355620559133,NaN,NaN,NaN,NaN,NaN,NaN,NaN,NaN,NaN,NaN,NaN,NaN,NaN,NaN,NaN,NaN,NaN,NaN,NaN,NaN,NaN,NaN,NaN,NaN,NaN,NaN,NaN,NaN,NaN,NaN,NaN,NaN,NaN,NaN,NaN,NaN,NaN,NaN,NaN,NaN,NaN,NaN,NaN,NaN,NaN,NaN,NaN,NaN,NaN,NaN,NaN,NaN,NaN,NaN,NaN,NaN,NaN,NaN,NaN,NaN,NaN,NaN,NaN,NaN,NaN,NaN,NaN,NaN,NaN,NaN,NaN,0.00747033720812272,0.0136699819310505,0.0146528849871762,0.0130002976471584,NaN,NaN,NaN,NaN,NaN,NaN,NaN,NaN,NaN,NaN,NaN,NaN,NaN,NaN,NaN,NaN,NaN,NaN,NaN,NaN,NaN,NaN,NaN,NaN,NaN,NaN,NaN,NaN,NaN,NaN,NaN,NaN,NaN,NaN,NaN,NaN,NaN,NaN,NaN,NaN,NaN,NaN,NaN,NaN,NaN,NaN,NaN,NaN,NaN,NaN,NaN,NaN,NaN,NaN,NaN,NaN,NaN,NaN,NaN,NaN,NaN,NaN,NaN,NaN,NaN,NaN,NaN,NaN,NaN,NaN,NaN,NaN,NaN,NaN,NaN
NaN,NaN,NaN,NaN,NaN,NaN,NaN,NaN,NaN,NaN,NaN,NaN,NaN,NaN,NaN,NaN,NaN,NaN,NaN,NaN,NaN,NaN,NaN,NaN,NaN,NaN,NaN,NaN,NaN,NaN,NaN,NaN,NaN,NaN,NaN,NaN,NaN,NaN,NaN,NaN,NaN,NaN,NaN,NaN,NaN,NaN,NaN,NaN,NaN,NaN,NaN,NaN,NaN,NaN,NaN,NaN,NaN,NaN,NaN,NaN,NaN,NaN,NaN,NaN,NaN,NaN,NaN,NaN,NaN,NaN,NaN,NaN,-0.125488747854646,-0.135038503432479,-0.132386356037568,-0.141157043959865,-0.137535232235591,-0.137178933574017,-0.138841667941087,-0.136602593586299,-0.138885922855633,-0.140104967614668,-0.141443083569326,-0.142538264726581,-0.142537712435436,-0.139976092948735,-0.139115867891421,-0.137821495330038,-0.137273964938153,-0.136024069428659,-0.133545189328635,-0.130025948080327,-0.131283428945497,-0.131290764150998,-0.131337884432182,NaN,NaN,NaN,NaN,NaN,NaN,NaN,NaN,NaN,NaN,NaN,NaN,NaN,NaN,NaN,NaN,NaN,NaN,NaN,NaN,NaN,NaN,NaN,NaN,NaN,NaN,NaN,NaN,NaN,NaN,NaN,NaN,NaN,NaN,NaN,NaN,NaN,NaN,NaN,NaN,NaN,NaN,NaN,NaN,NaN,NaN,NaN,NaN,NaN,NaN,NaN,NaN,NaN,NaN,NaN,NaN,NaN,NaN,NaN,NaN,NaN,NaN,NaN,NaN,NaN,NaN,NaN,NaN,NaN,NaN,0.00348203363511543,0.00656491985079181,0.0111407910351156,0.0127678818155054,0.0139576535758375,NaN,NaN,NaN,NaN,NaN,NaN,NaN,NaN,NaN,NaN,NaN,NaN,NaN,NaN,NaN,NaN,NaN,NaN,NaN,NaN,NaN,NaN,NaN,NaN,NaN,NaN,NaN,NaN,NaN,NaN,NaN,NaN,NaN,NaN,NaN,NaN,NaN,NaN,NaN,NaN,NaN,NaN,NaN,NaN,NaN,NaN,NaN,NaN,NaN,NaN,NaN,NaN,NaN,NaN,NaN,NaN,NaN,NaN,NaN,NaN,NaN,NaN,NaN,NaN,NaN,NaN,NaN,NaN,NaN,NaN,NaN,NaN,NaN,NaN,NaN
NaN,NaN,NaN,NaN,NaN,NaN,NaN,NaN,NaN,NaN,NaN,NaN,NaN,NaN,NaN,NaN,NaN,NaN,NaN,NaN,NaN,NaN,NaN,NaN,NaN,NaN,NaN,NaN,NaN,NaN,NaN,NaN,NaN,NaN,NaN,NaN,NaN,NaN,NaN,NaN,NaN,NaN,NaN,NaN,NaN,NaN,NaN,NaN,NaN,NaN,NaN,NaN,NaN,NaN,NaN,NaN,NaN,NaN,NaN,NaN,NaN,NaN,NaN,NaN,NaN,NaN,NaN,NaN,NaN,NaN,NaN,NaN,-0.130830903021783,-0.134947629765642,-0.135167341751315,-0.140928541127807,-0.140393791661862,-0.139910211856321,-0.140383921678821,-0.140667055669015,-0.141170016643894,-0.140810122445166,-0.141990092225026,-0.142483689498913,-0.142491487246695,-0.142144449951337,-0.140532065101688,-0.14039751396073,-0.13966924706868,-0.138071756236726,-0.13893575744734,-0.134967136860391,-0.130366497280265,-0.131193981215619,NaN,NaN,NaN,NaN,NaN,NaN,NaN,NaN,NaN,NaN,NaN,NaN,NaN,NaN,NaN,NaN,NaN,NaN,NaN,NaN,NaN,NaN,NaN,NaN,NaN,NaN,NaN,NaN,NaN,NaN,NaN,NaN,NaN,NaN,NaN,NaN,NaN,NaN,NaN,NaN,NaN,NaN,NaN,NaN,NaN,NaN,NaN,NaN,NaN,NaN,NaN,NaN,NaN,NaN,NaN,NaN,NaN,NaN,NaN,NaN,NaN,NaN,NaN,NaN,NaN,NaN,NaN,NaN,NaN,NaN,-0.0019804148556359,0.000865278457932563,0.00521802975268575,0.0125105653998825,0.0129946813651634,NaN,NaN,NaN,NaN,NaN,NaN,NaN,NaN,NaN,NaN,NaN,NaN,NaN,NaN,NaN,NaN,NaN,NaN,NaN,NaN,NaN,NaN,NaN,NaN,NaN,NaN,NaN,NaN,NaN,NaN,NaN,NaN,NaN,NaN,NaN,NaN,NaN,NaN,NaN,NaN,NaN,NaN,NaN,NaN,NaN,NaN,NaN,NaN,NaN,NaN,NaN,NaN,NaN,NaN,NaN,NaN,NaN,NaN,NaN,NaN,NaN,NaN,NaN,NaN,NaN,NaN,NaN,NaN,NaN,NaN,NaN,NaN,NaN,NaN,NaN,NaN
NaN,NaN,NaN,NaN,NaN,NaN,NaN,NaN,NaN,NaN,NaN,NaN,NaN,NaN,NaN,NaN,NaN,NaN,NaN,NaN,NaN,NaN,NaN,NaN,NaN,NaN,NaN,NaN,NaN,NaN,NaN,NaN,NaN,NaN,NaN,NaN,NaN,NaN,NaN,NaN,NaN,NaN,NaN,NaN,NaN,NaN,NaN,NaN,NaN,NaN,NaN,NaN,NaN,NaN,NaN,NaN,NaN,NaN,NaN,NaN,NaN,NaN,NaN,NaN,NaN,NaN,NaN,NaN,NaN,NaN,NaN,NaN,-0.134815697975867,-0.134841413901144,-0.134984435689687,-0.140785910410141,-0.140827516853412,-0.141313852853419,-0.141585072318667,-0.141618186207596,-0.141624767032226,-0.132628035971112,-0.139038733204323,-0.142396930810165,-0.142375328809996,-0.13953657356629,-0.140927927807305,-0.129524118247746,-0.138417435413762,-0.140482081206936,-0.140341146662582,-0.136478715821299,-0.134285374776953,-0.128733743040136,-0.132786997786732,NaN,NaN,NaN,NaN,NaN,NaN,NaN,NaN,NaN,NaN,NaN,NaN,NaN,NaN,NaN,NaN,NaN,NaN,NaN,NaN,NaN,NaN,NaN,NaN,NaN,NaN,NaN,NaN,NaN,NaN,NaN,NaN,NaN,NaN,NaN,NaN,NaN,NaN,NaN,NaN,NaN,NaN,NaN,NaN,NaN,NaN,NaN,NaN,NaN,NaN,NaN,NaN,NaN,NaN,NaN,NaN,NaN,NaN,NaN,NaN,NaN,NaN,NaN,NaN,NaN,NaN,NaN,NaN,-0.00976551470808374,-0.00577845104136232,-0.00244950190401089,0.000281305805292089,NaN,NaN,NaN,NaN,NaN,NaN,NaN,NaN,NaN,NaN,NaN,NaN,NaN,NaN,NaN,NaN,NaN,NaN,NaN,NaN,NaN,NaN,NaN,NaN,NaN,NaN,NaN,NaN,NaN,NaN,NaN,NaN,NaN,NaN,NaN,NaN,NaN,NaN,NaN,NaN,NaN,NaN,NaN,NaN,NaN,NaN,NaN,NaN,NaN,NaN,NaN,NaN,NaN,NaN,NaN,NaN,NaN,NaN,NaN,NaN,NaN,NaN,NaN,NaN,NaN,NaN,NaN,NaN,NaN,NaN,NaN,NaN,NaN,NaN,NaN,NaN,NaN,NaN
NaN,NaN,NaN,NaN,NaN,NaN,NaN,NaN,NaN,NaN,NaN,NaN,NaN,NaN,NaN,NaN,NaN,NaN,NaN,NaN,NaN,NaN,NaN,NaN,NaN,NaN,NaN,NaN,NaN,NaN,NaN,NaN,NaN,NaN,NaN,NaN,NaN,NaN,NaN,NaN,NaN,NaN,NaN,NaN,NaN,NaN,NaN,NaN,NaN,NaN,NaN,NaN,NaN,NaN,NaN,NaN,NaN,NaN,NaN,NaN,NaN,NaN,NaN,NaN,NaN,NaN,NaN,NaN,NaN,NaN,-0.106038463533698,-0.123849648455443,-0.130498479984876,-0.132271497570097,-0.137233827007824,-0.140400458512493,-0.141485654003662,-0.140557276964053,-0.141882095044297,-0.133372332005721,-0.13401310539063,-0.143176513481515,-0.143817312921657,-0.143843089693974,-0.138894273768096,-0.135088255753742,-0.141819062694103,-0.137545828644211,-0.140330434751324,-0.142493750608465,-0.142118886622674,-0.140327012820032,-0.137762263159294,-0.132705405597865,-0.132931859534272,-0.132670903679831,NaN,NaN,NaN,NaN,NaN,NaN,NaN,NaN,NaN,NaN,NaN,NaN,NaN,NaN,NaN,NaN,NaN,NaN,NaN,NaN,NaN,NaN,NaN,NaN,NaN,NaN,NaN,NaN,NaN,NaN,NaN,NaN,NaN,NaN,NaN,NaN,NaN,NaN,NaN,NaN,NaN,NaN,NaN,NaN,NaN,NaN,NaN,NaN,NaN,NaN,NaN,NaN,NaN,NaN,NaN,NaN,NaN,NaN,NaN,NaN,NaN,NaN,NaN,NaN,NaN,-0.0146964499180753,-0.0150892110084603,-0.0123288685700254,-0.00869123278853892,-0.00756593172444725,NaN,NaN,NaN,NaN,NaN,NaN,NaN,NaN,NaN,NaN,NaN,NaN,NaN,NaN,NaN,NaN,NaN,NaN,NaN,NaN,NaN,NaN,NaN,NaN,NaN,NaN,NaN,NaN,NaN,NaN,NaN,NaN,NaN,NaN,NaN,NaN,NaN,NaN,NaN,NaN,NaN,NaN,NaN,NaN,NaN,NaN,NaN,NaN,NaN,NaN,NaN,NaN,NaN,NaN,NaN,NaN,NaN,NaN,NaN,NaN,NaN,NaN,NaN,NaN,NaN,NaN,NaN,NaN,NaN,NaN,NaN,NaN,NaN,NaN,NaN,NaN,NaN,NaN,NaN
NaN,NaN,NaN,NaN,NaN,NaN,NaN,NaN,NaN,NaN,NaN,NaN,NaN,NaN,NaN,NaN,NaN,NaN,NaN,NaN,NaN,NaN,NaN,NaN,NaN,NaN,NaN,NaN,NaN,NaN,NaN,NaN,NaN,NaN,NaN,NaN,NaN,NaN,NaN,NaN,NaN,NaN,NaN,NaN,NaN,NaN,NaN,NaN,NaN,NaN,NaN,NaN,NaN,NaN,NaN,NaN,NaN,NaN,NaN,NaN,NaN,NaN,NaN,NaN,NaN,NaN,NaN,NaN,NaN,NaN,-0.123786252932367,-0.124602556586608,-0.124453061517631,-0.133617422483404,-0.137525828504407,-0.139684620573588,-0.141288522083766,-0.14141523098043,-0.141819251655894,-0.142888604624216,-0.143608434989149,-0.143856910149747,-0.143506111695541,-0.143910608204498,-0.142979663033275,-0.143078867778739,-0.141604170217294,-0.143616495108468,-0.143435495604472,-0.143674439683688,-0.143129931308194,-0.142582779403578,-0.140264818474041,-0.13142166740538,-0.132621439796171,-0.136303014556146,NaN,NaN,NaN,NaN,NaN,NaN,NaN,NaN,NaN,NaN,NaN,NaN,NaN,NaN,NaN,NaN,NaN,NaN,NaN,NaN,NaN,NaN,NaN,NaN,NaN,NaN,NaN,NaN,NaN,NaN,NaN,NaN,NaN,NaN,NaN,NaN,NaN,NaN,NaN,NaN,NaN,NaN,NaN,NaN,NaN,NaN,NaN,NaN,NaN,NaN,NaN,NaN,NaN,NaN,NaN,NaN,NaN,NaN,NaN,NaN,NaN,NaN,NaN,NaN,NaN,-0.0144370863631461,-0.0144285128205511,-0.0128371885844837,-0.00970784863592025,-0.00606010098507296,NaN,NaN,NaN,NaN,NaN,NaN,NaN,NaN,NaN,NaN,NaN,NaN,NaN,NaN,NaN,NaN,NaN,NaN,NaN,NaN,NaN,NaN,NaN,NaN,NaN,NaN,NaN,NaN,NaN,NaN,NaN,NaN,NaN,NaN,NaN,NaN,NaN,NaN,NaN,NaN,NaN,NaN,NaN,NaN,NaN,NaN,NaN,NaN,NaN,NaN,NaN,NaN,NaN,NaN,NaN,NaN,NaN,NaN,NaN,NaN,NaN,NaN,NaN,NaN,NaN,NaN,NaN,NaN,NaN,NaN,NaN,NaN,NaN,NaN,NaN,NaN,NaN,NaN,NaN
NaN,NaN,NaN,NaN,NaN,NaN,NaN,NaN,NaN,NaN,NaN,NaN,NaN,NaN,NaN,NaN,NaN,NaN,NaN,NaN,NaN,NaN,NaN,NaN,NaN,NaN,NaN,NaN,NaN,NaN,NaN,NaN,NaN,NaN,NaN,NaN,NaN,NaN,NaN,NaN,NaN,NaN,NaN,NaN,NaN,NaN,NaN,NaN,NaN,NaN,NaN,NaN,NaN,NaN,NaN,NaN,NaN,NaN,NaN,NaN,NaN,NaN,NaN,NaN,NaN,NaN,NaN,NaN,NaN,NaN,-0.105967349357718,-0.123694263666489,-0.12374537418102,-0.134603686716584,-0.139926051584672,-0.137706520309961,-0.133282519904529,-0.141157661566888,-0.131592668896024,-0.142211787391772,-0.143790027380501,-0.143761088219087,-0.143025480923494,-0.143862240092312,-0.143853762689544,-0.142421291687098,-0.1435801414966,-0.144078781276785,-0.143850774286014,-0.144006070843403,-0.143681184125497,-0.143113238054025,-0.141340070329553,-0.134772578091899,-0.129750063358264,-0.136251463191389,-0.129810176529607,NaN,NaN,NaN,NaN,NaN,NaN,NaN,NaN,NaN,NaN,NaN,NaN,NaN,NaN,NaN,NaN,NaN,NaN,NaN,NaN,NaN,NaN,NaN,NaN,NaN,NaN,NaN,NaN,NaN,NaN,NaN,NaN,NaN,NaN,NaN,NaN,NaN,NaN,NaN,NaN,NaN,NaN,NaN,NaN,NaN,NaN,NaN,NaN,NaN,NaN,NaN,NaN,NaN,NaN,NaN,NaN,NaN,NaN,NaN,NaN,NaN,NaN,NaN,NaN,-0.0141544063733754,-0.0143794635556862,-0.0138734898442173,-0.0129978071238779,NaN,NaN,NaN,NaN,NaN,NaN,NaN,NaN,NaN,NaN,NaN,NaN,NaN,NaN,NaN,NaN,NaN,NaN,NaN,NaN,NaN,NaN,NaN,NaN,NaN,NaN,NaN,NaN,NaN,NaN,NaN,NaN,NaN,NaN,NaN,NaN,NaN,NaN,NaN,NaN,NaN,NaN,NaN,NaN,NaN,NaN,NaN,NaN,NaN,NaN,NaN,NaN,NaN,NaN,NaN,NaN,NaN,NaN,NaN,NaN,NaN,NaN,NaN,NaN,NaN,NaN,NaN,NaN,NaN,NaN,NaN,NaN,NaN,NaN,NaN,NaN,NaN,NaN,NaN,NaN
NaN,NaN,NaN,NaN,NaN,NaN,NaN,NaN,NaN,NaN,NaN,NaN,NaN,NaN,NaN,NaN,NaN,NaN,NaN,NaN,NaN,NaN,NaN,NaN,NaN,NaN,NaN,NaN,NaN,NaN,NaN,NaN,NaN,NaN,NaN,NaN,NaN,NaN,NaN,NaN,NaN,NaN,NaN,NaN,NaN,NaN,NaN,NaN,NaN,NaN,NaN,NaN,NaN,NaN,NaN,NaN,NaN,NaN,NaN,NaN,NaN,NaN,NaN,NaN,NaN,NaN,NaN,NaN,NaN,NaN,-0.0954239153178154,-0.10943778188333,-0.12754397024323,-0.137919692120733,-0.139591303449062,-0.140592969336142,-0.132995993984029,-0.131289715838439,-0.143304028439558,-0.142520414839312,-0.14358352546401,-0.143657049739852,-0.143740676506719,-0.143810337654081,-0.143939480798378,-0.142698517828066,-0.143893079477688,-0.144183240282185,-0.144222921290019,-0.143990879377344,-0.143885764819751,-0.143306667693211,-0.142573036694229,-0.137792516506755,-0.132516631133455,-0.136115945471024,-0.116185082306782,NaN,NaN,NaN,NaN,NaN,NaN,NaN,NaN,NaN,NaN,NaN,NaN,NaN,NaN,NaN,NaN,NaN,NaN,NaN,NaN,NaN,NaN,NaN,NaN,NaN,NaN,NaN,NaN,NaN,NaN,NaN,NaN,NaN,NaN,NaN,NaN,NaN,NaN,NaN,NaN,NaN,NaN,NaN,NaN,NaN,NaN,NaN,NaN,NaN,NaN,NaN,NaN,NaN,NaN,NaN,NaN,NaN,NaN,NaN,NaN,NaN,NaN,NaN,NaN,-0.0141710757210989,-0.0147495035361433,-0.0149833250771712,-0.0144211248935418,NaN,NaN,NaN,NaN,NaN,NaN,NaN,NaN,NaN,NaN,NaN,NaN,NaN,NaN,NaN,NaN,NaN,NaN,NaN,NaN,NaN,NaN,NaN,NaN,NaN,NaN,NaN,NaN,NaN,NaN,NaN,NaN,NaN,NaN,NaN,NaN,NaN,NaN,NaN,NaN,NaN,NaN,NaN,NaN,NaN,NaN,NaN,NaN,NaN,NaN,NaN,NaN,NaN,NaN,NaN,NaN,NaN,NaN,NaN,NaN,NaN,NaN,NaN,NaN,NaN,NaN,NaN,NaN,NaN,NaN,NaN,NaN,NaN,NaN,NaN,NaN,NaN,NaN,NaN,NaN
NaN,NaN,NaN,NaN,NaN,NaN,NaN,NaN,NaN,NaN,NaN,NaN,NaN,NaN,NaN,NaN,NaN,NaN,NaN,NaN,NaN,NaN,NaN,NaN,NaN,NaN,NaN,NaN,NaN,NaN,NaN,NaN,NaN,NaN,NaN,NaN,NaN,NaN,NaN,NaN,NaN,NaN,NaN,NaN,NaN,NaN,NaN,NaN,NaN,NaN,NaN,NaN,NaN,NaN,NaN,NaN,NaN,NaN,NaN,NaN,NaN,NaN,NaN,NaN,NaN,NaN,NaN,NaN,NaN,NaN,NaN,-0.110053962328121,-0.127980331472342,-0.138294921568665,-0.133045769082518,-0.141175122611379,-0.141290789877104,-0.13288181119283,-0.143120319493533,-0.143272853331482,-0.143366619016148,-0.143446674110232,-0.143541103435261,-0.143627831650606,-0.143755968788339,-0.143824615930025,-0.143997478552167,-0.144095306903031,-0.144196375405164,-0.144159381948877,-0.144074500458311,-0.14380050837842,-0.142161305141625,-0.139697126785274,-0.136263943124903,-0.136579020527465,NaN,NaN,NaN,NaN,NaN,NaN,NaN,NaN,NaN,NaN,NaN,NaN,NaN,NaN,NaN,NaN,NaN,NaN,NaN,NaN,NaN,NaN,NaN,NaN,NaN,NaN,NaN,NaN,NaN,NaN,NaN,NaN,NaN,NaN,NaN,NaN,NaN,NaN,NaN,NaN,NaN,NaN,NaN,NaN,NaN,NaN,NaN,NaN,NaN,NaN,NaN,NaN,NaN,NaN,NaN,NaN,NaN,NaN,NaN,NaN,NaN,NaN,NaN,NaN,NaN,-0.0137951754393336,-0.0153083323082442,-0.0167825569833088,-0.0165953282055006,NaN,NaN,NaN,NaN,NaN,NaN,NaN,NaN,NaN,NaN,NaN,NaN,NaN,NaN,NaN,NaN,NaN,NaN,NaN,NaN,NaN,NaN,NaN,NaN,NaN,NaN,NaN,NaN,NaN,NaN,NaN,NaN,NaN,NaN,NaN,NaN,NaN,NaN,NaN,NaN,NaN,NaN,NaN,NaN,NaN,NaN,NaN,NaN,NaN,NaN,NaN,NaN,NaN,NaN,NaN,NaN,NaN,NaN,NaN,NaN,NaN,NaN,NaN,NaN,NaN,NaN,NaN,NaN,NaN,NaN,NaN,NaN,NaN,NaN,NaN,NaN,NaN,NaN,NaN,NaN
NaN,NaN,NaN,NaN,NaN,NaN,NaN,NaN,NaN,NaN,NaN,NaN,NaN,NaN,NaN,NaN,NaN,NaN,NaN,NaN,NaN,NaN,NaN,NaN,NaN,NaN,NaN,NaN,NaN,NaN,NaN,NaN,NaN,NaN,NaN,NaN,NaN,NaN,NaN,NaN,NaN,NaN,NaN,NaN,NaN,NaN,NaN,NaN,NaN,NaN,NaN,NaN,NaN,NaN,NaN,NaN,NaN,NaN,NaN,NaN,NaN,NaN,NaN,NaN,NaN,NaN,NaN,NaN,NaN,NaN,NaN,NaN,-0.137998172019757,-0.137937710479276,-0.137127897313071,-0.142535479898212,-0.142623068518699,-0.141104414198728,-0.142887626135096,-0.142990051783421,-0.143104811045423,-0.143214504742727,-0.143311662198011,-0.143423323937412,-0.143562620810759,-0.143696408725795,-0.143847185133354,-0.143981634603029,-0.144114996504216,-0.144142438750273,-0.143798641227429,-0.143345215107029,-0.143137576792347,-0.141773360991888,-0.137291786463663,-0.130893658186352,-0.137796257314853,-0.137815806743206,NaN,NaN,NaN,NaN,NaN,NaN,NaN,NaN,NaN,NaN,NaN,NaN,NaN,NaN,NaN,NaN,NaN,NaN,NaN,NaN,NaN,NaN,NaN,NaN,NaN,NaN,NaN,NaN,NaN,NaN,NaN,NaN,NaN,NaN,NaN,NaN,NaN,NaN,NaN,NaN,NaN,NaN,NaN,NaN,NaN,NaN,NaN,NaN,NaN,NaN,NaN,NaN,NaN,NaN,NaN,NaN,NaN,NaN,NaN,NaN,NaN,NaN,NaN,-0.0137310226230641,-0.0165188680651753,-0.0186497523809086,-0.0190295730100802,NaN,NaN,NaN,NaN,NaN,NaN,NaN,NaN,NaN,NaN,NaN,NaN,NaN,NaN,NaN,NaN,NaN,NaN,NaN,NaN,NaN,NaN,NaN,NaN,NaN,NaN,NaN,NaN,NaN,NaN,NaN,NaN,NaN,NaN,NaN,NaN,NaN,NaN,NaN,NaN,NaN,NaN,NaN,NaN,NaN,NaN,NaN,NaN,NaN,NaN,NaN,NaN,NaN,NaN,NaN,NaN,NaN,NaN,NaN,NaN,NaN,NaN,NaN,NaN,NaN,NaN,NaN,NaN,NaN,NaN,NaN,NaN,NaN,NaN,NaN,NaN,NaN,NaN,NaN,NaN
NaN,NaN,NaN,NaN,NaN,NaN,NaN,NaN,NaN,NaN,NaN,NaN,NaN,NaN,NaN,NaN,NaN,NaN,NaN,NaN,NaN,NaN,NaN,NaN,NaN,NaN,NaN,NaN,NaN,NaN,NaN,NaN,NaN,NaN,NaN,NaN,NaN,NaN,NaN,NaN,NaN,NaN,NaN,NaN,NaN,NaN,NaN,NaN,NaN,NaN,NaN,NaN,NaN,NaN,NaN,NaN,NaN,NaN,NaN,NaN,NaN,NaN,NaN,NaN,NaN,NaN,NaN,NaN,NaN,NaN,NaN,NaN,-0.125647174043672,-0.14031912742518,-0.141694499377847,-0.142189805640648,-0.142261012540289,-0.13855492111305,-0.142597681319037,-0.142717241969589,-0.142834753720232,-0.142952810760211,-0.143066639226442,-0.143207466662519,-0.143380247508287,-0.143524753917809,-0.143688506852427,-0.143832211057153,-0.143950535555709,-0.144060058108039,-0.143910380651549,-0.144020384586014,-0.143907484288133,-0.142422173136544,-0.135690794025913,-0.130700715763433,-0.137769529588558,-0.123717547269684,NaN,NaN,NaN,NaN,NaN,NaN,NaN,NaN,NaN,NaN,NaN,NaN,NaN,NaN,NaN,NaN,NaN,NaN,NaN,NaN,NaN,NaN,NaN,NaN,NaN,NaN,NaN,NaN,NaN,NaN,NaN,NaN,NaN,NaN,NaN,NaN,NaN,NaN,NaN,NaN,NaN,NaN,NaN,NaN,NaN,NaN,NaN,NaN,NaN,NaN,NaN,NaN,NaN,NaN,NaN,NaN,NaN,NaN,NaN,NaN,NaN,NaN,NaN,NaN,-0.0207904589769528,-0.021260255081693,-0.0196529092365573,NaN,NaN,NaN,NaN,NaN,NaN,NaN,NaN,NaN,NaN,NaN,NaN,NaN,NaN,NaN,NaN,NaN,NaN,NaN,NaN,NaN,NaN,NaN,NaN,NaN,NaN,NaN,NaN,NaN,NaN,NaN,NaN,NaN,NaN,NaN,NaN,NaN,NaN,NaN,NaN,NaN,NaN,NaN,NaN,NaN,NaN,NaN,NaN,NaN,NaN,NaN,NaN,NaN,NaN,NaN,NaN,NaN,NaN,NaN,NaN,NaN,NaN,NaN,NaN,NaN,NaN,NaN,NaN,NaN,NaN,NaN,NaN,NaN,NaN,NaN,NaN,NaN,NaN,NaN,NaN
NaN,NaN,NaN,NaN,NaN,NaN,NaN,NaN,NaN,NaN,NaN,NaN,NaN,NaN,NaN,NaN,NaN,NaN,NaN,NaN,NaN,NaN,NaN,NaN,NaN,NaN,NaN,NaN,NaN,NaN,NaN,NaN,NaN,NaN,NaN,NaN,NaN,NaN,NaN,NaN,NaN,NaN,NaN,NaN,NaN,NaN,NaN,NaN,NaN,NaN,NaN,NaN,NaN,NaN,NaN,NaN,NaN,NaN,NaN,NaN,NaN,NaN,NaN,NaN,NaN,NaN,NaN,NaN,NaN,NaN,-0.095418929737388,-0.109817560261681,-0.128000152684007,-0.139690061440255,-0.141367960299154,-0.14188651944997,-0.141970927843914,-0.138854468662269,-0.142265048078366,-0.142389759074869,-0.142538811926229,-0.142673241727472,-0.14280467300819,-0.14297296217753,-0.143162754019938,-0.143324982406059,-0.143515943627823,-0.14366869353555,-0.14382388613697,-0.143962017030341,-0.143931180297653,-0.143908233893417,-0.143438085604871,-0.142086219675626,-0.137373769419463,-0.137666480907102,-0.137711680691297,NaN,NaN,NaN,NaN,NaN,NaN,NaN,NaN,NaN,NaN,NaN,NaN,NaN,NaN,NaN,NaN,NaN,NaN,NaN,NaN,NaN,NaN,NaN,NaN,NaN,NaN,NaN,NaN,NaN,NaN,NaN,NaN,NaN,NaN,NaN,NaN,NaN,NaN,NaN,NaN,NaN,NaN,NaN,NaN,NaN,NaN,NaN,NaN,NaN,NaN,NaN,NaN,NaN,NaN,NaN,NaN,NaN,NaN,NaN,NaN,NaN,NaN,NaN,NaN,-0.0274220607592622,-0.0256580516152584,-0.0249701402645391,-0.0244223162162502,-0.0266475899840992,NaN,NaN,NaN,NaN,NaN,NaN,NaN,NaN,NaN,NaN,NaN,NaN,NaN,NaN,NaN,NaN,NaN,NaN,NaN,NaN,NaN,NaN,NaN,NaN,NaN,NaN,NaN,NaN,NaN,NaN,NaN,NaN,NaN,NaN,NaN,NaN,NaN,NaN,NaN,NaN,NaN,NaN,NaN,NaN,NaN,NaN,NaN,NaN,NaN,NaN,NaN,NaN,NaN,NaN,NaN,NaN,NaN,NaN,NaN,NaN,NaN,NaN,NaN,NaN,NaN,NaN,NaN,NaN,NaN,NaN,NaN,NaN,NaN,NaN,NaN,NaN,NaN,NaN,NaN
NaN,NaN,NaN,NaN,NaN,NaN,NaN,NaN,NaN,NaN,NaN,NaN,NaN,NaN,NaN,NaN,NaN,NaN,NaN,NaN,NaN,NaN,NaN,NaN,NaN,NaN,NaN,NaN,NaN,NaN,NaN,NaN,NaN,NaN,NaN,NaN,NaN,NaN,NaN,NaN,NaN,NaN,NaN,NaN,NaN,NaN,NaN,NaN,NaN,NaN,NaN,NaN,NaN,NaN,NaN,NaN,NaN,NaN,NaN,NaN,NaN,NaN,NaN,NaN,NaN,NaN,NaN,NaN,NaN,NaN,-0.103218410355148,-0.119860381382714,-0.136223325329119,-0.140636638553259,-0.141383108022422,-0.141509775956166,-0.141610084073409,-0.141669632924224,-0.141914274545655,-0.142061743181242,-0.142220792978022,-0.142385177954973,-0.142568825190054,-0.142741153106081,-0.142945788090627,-0.143148290323005,-0.143341193779757,-0.143522298810232,-0.143673026586347,-0.143805268842204,-0.143864110638701,-0.143826171507012,-0.143446017256255,-0.143649480036403,-0.130468509668988,-0.123618083398966,-0.13214686878333,NaN,NaN,NaN,NaN,NaN,NaN,NaN,NaN,NaN,NaN,NaN,NaN,NaN,NaN,NaN,NaN,NaN,NaN,NaN,NaN,NaN,NaN,NaN,NaN,NaN,NaN,NaN,NaN,NaN,NaN,NaN,NaN,NaN,NaN,NaN,NaN,NaN,NaN,NaN,NaN,NaN,NaN,NaN,NaN,NaN,NaN,NaN,NaN,NaN,NaN,NaN,NaN,NaN,NaN,NaN,NaN,NaN,NaN,NaN,NaN,NaN,NaN,NaN,NaN,-0.0274630751853456,-0.027346950007115,-0.0267089973068006,-0.026802182123502,-0.027769922268979,-0.028523074604332,NaN,NaN,NaN,NaN,NaN,NaN,NaN,NaN,NaN,NaN,NaN,NaN,NaN,NaN,NaN,NaN,NaN,NaN,NaN,NaN,NaN,NaN,NaN,NaN,NaN,NaN,NaN,NaN,NaN,NaN,NaN,NaN,NaN,NaN,NaN,NaN,NaN,NaN,NaN,NaN,NaN,NaN,NaN,NaN,NaN,NaN,NaN,NaN,NaN,NaN,NaN,NaN,NaN,NaN,NaN,NaN,NaN,NaN,NaN,NaN,NaN,NaN,NaN,NaN,NaN,NaN,NaN,NaN,NaN,NaN,NaN,NaN,NaN,NaN,NaN,NaN,NaN,NaN
NaN,NaN,NaN,NaN,NaN,NaN,NaN,NaN,NaN,NaN,NaN,NaN,NaN,NaN,NaN,NaN,NaN,NaN,NaN,NaN,NaN,NaN,NaN,NaN,NaN,NaN,NaN,NaN,NaN,NaN,NaN,NaN,NaN,NaN,NaN,NaN,NaN,NaN,NaN,NaN,NaN,NaN,NaN,NaN,NaN,NaN,NaN,NaN,NaN,NaN,NaN,NaN,NaN,NaN,NaN,NaN,NaN,NaN,NaN,NaN,NaN,NaN,NaN,NaN,NaN,NaN,NaN,NaN,NaN,NaN,-0.104110972290799,-0.120712211441015,-0.138726653224991,-0.140812019543802,-0.141000939285584,-0.141136487605823,-0.141266306923841,-0.14138656651521,-0.141559128844144,-0.141727543018877,-0.141878489470518,-0.142077504240339,-0.142324057722959,-0.142537900549648,-0.142747411084171,-0.142961008017395,-0.143162116677754,-0.143351634203352,-0.143517522317586,-0.143645330567023,-0.143716499497327,-0.143714402304022,-0.143898183419248,-0.136768188131944,-0.117100217197637,NaN,NaN,NaN,NaN,NaN,NaN,NaN,NaN,NaN,NaN,NaN,NaN,NaN,NaN,NaN,NaN,NaN,NaN,NaN,NaN,NaN,NaN,NaN,NaN,NaN,NaN,NaN,NaN,NaN,NaN,NaN,NaN,NaN,NaN,NaN,NaN,NaN,NaN,NaN,NaN,NaN,NaN,NaN,NaN,NaN,NaN,NaN,NaN,NaN,NaN,NaN,NaN,NaN,NaN,NaN,NaN,NaN,NaN,NaN,NaN,NaN,NaN,NaN,NaN,NaN,-0.0291453358887273,-0.0283589063397754,-0.0281815527925418,-0.0278041603719606,-0.0279527518097398,-0.0284080601652501,-0.0286490715162824,NaN,NaN,NaN,NaN,NaN,NaN,NaN,NaN,NaN,NaN,NaN,NaN,NaN,NaN,NaN,NaN,NaN,NaN,NaN,NaN,NaN,NaN,NaN,NaN,NaN,NaN,NaN,NaN,NaN,NaN,NaN,NaN,NaN,NaN,NaN,NaN,NaN,NaN,NaN,NaN,NaN,NaN,NaN,NaN,NaN,NaN,NaN,NaN,NaN,NaN,NaN,NaN,NaN,NaN,NaN,NaN,NaN,NaN,NaN,NaN,NaN,NaN,NaN,NaN,NaN,NaN,NaN,NaN,NaN,NaN,NaN,NaN,NaN,NaN,NaN,NaN,NaN,NaN
NaN,NaN,NaN,NaN,NaN,NaN,NaN,NaN,NaN,NaN,NaN,NaN,NaN,NaN,NaN,NaN,NaN,NaN,NaN,NaN,NaN,NaN,NaN,NaN,NaN,NaN,NaN,NaN,NaN,NaN,NaN,NaN,NaN,NaN,NaN,NaN,NaN,NaN,NaN,NaN,NaN,NaN,NaN,NaN,NaN,NaN,NaN,NaN,NaN,NaN,NaN,NaN,NaN,NaN,NaN,NaN,NaN,NaN,NaN,NaN,NaN,NaN,NaN,NaN,NaN,NaN,NaN,NaN,NaN,NaN,NaN,-0.126481954959224,-0.139883965736646,-0.140465577294888,-0.140619026292015,-0.140741634535024,-0.140572087300472,-0.141045245019061,-0.141224261366193,-0.141436589036467,-0.14162761789132,-0.141809519203512,-0.142060911947397,-0.142317527441159,-0.142548598536389,-0.142781512025071,-0.142998144812123,-0.143195180627033,-0.143372589025401,-0.143471876712028,-0.143429957426502,-0.142865887926805,-0.131155912704881,NaN,NaN,NaN,NaN,NaN,NaN,NaN,NaN,NaN,NaN,NaN,NaN,NaN,NaN,NaN,NaN,NaN,NaN,NaN,NaN,NaN,NaN,NaN,NaN,NaN,NaN,NaN,NaN,NaN,NaN,NaN,NaN,NaN,NaN,NaN,NaN,NaN,NaN,NaN,NaN,NaN,NaN,NaN,NaN,NaN,NaN,NaN,NaN,NaN,NaN,NaN,NaN,NaN,NaN,NaN,NaN,NaN,NaN,NaN,NaN,NaN,NaN,NaN,NaN,NaN,NaN,-0.0300285194281702,-0.0297041811744112,-0.0292812673409349,-0.0288098232333993,-0.0284372887716466,-0.0284529804358971,-0.0285507084269903,-0.0286163390816053,NaN,NaN,NaN,NaN,NaN,NaN,NaN,NaN,NaN,NaN,NaN,NaN,NaN,NaN,NaN,NaN,NaN,NaN,NaN,NaN,NaN,NaN,NaN,NaN,NaN,NaN,NaN,NaN,NaN,NaN,NaN,NaN,NaN,NaN,NaN,NaN,NaN,NaN,NaN,NaN,NaN,NaN,NaN,NaN,NaN,NaN,NaN,NaN,NaN,NaN,NaN,NaN,NaN,NaN,NaN,NaN,NaN,NaN,NaN,NaN,NaN,NaN,NaN,NaN,NaN,NaN,NaN,NaN,NaN,NaN,NaN,NaN,NaN,NaN,NaN,NaN,NaN,NaN
NaN,NaN,NaN,NaN,NaN,NaN,NaN,NaN,NaN,NaN,NaN,NaN,NaN,NaN,NaN,NaN,NaN,NaN,NaN,NaN,NaN,NaN,NaN,NaN,NaN,NaN,NaN,NaN,NaN,NaN,NaN,NaN,NaN,NaN,NaN,NaN,NaN,NaN,NaN,NaN,NaN,NaN,NaN,NaN,NaN,NaN,NaN,NaN,NaN,NaN,NaN,NaN,NaN,NaN,NaN,NaN,NaN,NaN,NaN,NaN,NaN,NaN,NaN,NaN,NaN,NaN,NaN,NaN,NaN,NaN,NaN,-0.135305461137605,-0.139902797671028,-0.140041685217777,-0.140218743617775,-0.140334120364574,-0.140438763260569,-0.14065380835738,-0.140840779227221,-0.141066948041097,-0.141378716961515,-0.141599278216767,-0.141838410754656,-0.142098479341653,-0.142342558457491,-0.142596441078518,-0.142828184036869,-0.143030871352541,-0.143158009541627,-0.142267644627874,-0.142800015385492,-0.14274717173288,-0.130386448070942,NaN,NaN,NaN,NaN,NaN,NaN,NaN,NaN,NaN,NaN,NaN,NaN,NaN,NaN,NaN,NaN,NaN,NaN,NaN,NaN,NaN,NaN,NaN,NaN,NaN,NaN,NaN,NaN,NaN,NaN,NaN,NaN,NaN,NaN,NaN,NaN,NaN,NaN,NaN,NaN,NaN,NaN,NaN,NaN,NaN,NaN,NaN,NaN,NaN,NaN,NaN,NaN,NaN,NaN,NaN,NaN,NaN,NaN,NaN,NaN,NaN,NaN,NaN,NaN,NaN,NaN,-0.0301989124325601,-0.0300465711261663,-0.0296904715134961,-0.0293808561563938,-0.0289108243624418,-0.0286482428267561,-0.0285626563975528,-0.0285253420902507,NaN,NaN,NaN,NaN,NaN,NaN,NaN,NaN,NaN,NaN,NaN,NaN,NaN,NaN,NaN,NaN,NaN,NaN,NaN,NaN,NaN,NaN,NaN,NaN,NaN,NaN,NaN,NaN,NaN,NaN,NaN,NaN,NaN,NaN,NaN,NaN,NaN,NaN,NaN,NaN,NaN,NaN,NaN,NaN,NaN,NaN,NaN,NaN,NaN,NaN,NaN,NaN,NaN,NaN,NaN,NaN,NaN,NaN,NaN,NaN,NaN,NaN,NaN,NaN,NaN,NaN,NaN,NaN,NaN,NaN,NaN,NaN,NaN,NaN,NaN,NaN,NaN,NaN
NaN,NaN,NaN,NaN,NaN,NaN,NaN,NaN,NaN,NaN,NaN,NaN,NaN,NaN,NaN,NaN,NaN,NaN,NaN,NaN,NaN,NaN,NaN,NaN,NaN,NaN,NaN,NaN,NaN,NaN,NaN,NaN,NaN,NaN,NaN,NaN,NaN,NaN,NaN,NaN,NaN,NaN,NaN,NaN,NaN,NaN,NaN,NaN,NaN,NaN,NaN,NaN,NaN,NaN,NaN,NaN,NaN,NaN,NaN,NaN,NaN,NaN,NaN,NaN,NaN,NaN,NaN,NaN,NaN,NaN,-0.13271324811116,-0.13921496915657,-0.139444880887082,-0.139630361455455,-0.139412698624927,-0.139928408089612,-0.140086301706731,-0.140291170763785,-0.140517453484442,-0.140776013381836,-0.14103948401511,-0.141338052675452,-0.141609228983018,-0.141885961720113,-0.142138662721508,-0.142387869851533,-0.142571012920204,-0.142711393642379,-0.142312842547053,-0.142414721050238,-0.14241545834444,-0.142574430737612,-0.130872568720575,NaN,NaN,NaN,NaN,NaN,NaN,NaN,NaN,NaN,NaN,NaN,NaN,NaN,NaN,NaN,NaN,NaN,NaN,NaN,NaN,NaN,NaN,NaN,NaN,NaN,NaN,NaN,NaN,NaN,NaN,NaN,NaN,NaN,NaN,NaN,NaN,NaN,NaN,NaN,NaN,NaN,NaN,NaN,NaN,NaN,NaN,NaN,NaN,NaN,NaN,NaN,NaN,NaN,NaN,NaN,NaN,NaN,NaN,NaN,NaN,NaN,NaN,NaN,NaN,NaN,NaN,-0.0301761657224653,-0.0301833805884785,-0.0299255657327444,-0.0296952787169251,-0.0291569874850253,-0.0286169511545371,-0.0284578736705851,-0.0282977070559596,NaN,NaN,NaN,NaN,NaN,NaN,NaN,NaN,NaN,NaN,NaN,NaN,NaN,NaN,NaN,NaN,NaN,NaN,NaN,NaN,NaN,NaN,NaN,NaN,NaN,NaN,NaN,NaN,NaN,NaN,NaN,NaN,NaN,NaN,NaN,NaN,NaN,NaN,NaN,NaN,NaN,NaN,NaN,NaN,NaN,NaN,NaN,NaN,NaN,NaN,NaN,NaN,NaN,NaN,NaN,NaN,NaN,NaN,NaN,NaN,NaN,NaN,NaN,NaN,NaN,NaN,NaN,NaN,NaN,NaN,NaN,NaN,NaN,NaN,NaN,NaN,NaN,NaN
NaN,NaN,NaN,NaN,NaN,NaN,NaN,NaN,NaN,NaN,NaN,NaN,NaN,NaN,NaN,NaN,NaN,NaN,NaN,NaN,NaN,NaN,NaN,NaN,NaN,NaN,NaN,NaN,NaN,NaN,NaN,NaN,NaN,NaN,NaN,NaN,NaN,NaN,NaN,NaN,NaN,NaN,NaN,NaN,NaN,NaN,NaN,NaN,NaN,NaN,NaN,NaN,NaN,NaN,NaN,NaN,NaN,NaN,NaN,NaN,NaN,NaN,NaN,NaN,NaN,NaN,NaN,NaN,NaN,-0.138185065972954,-0.138376324335354,-0.138824646559986,-0.13902681758699,-0.139181045564647,-0.139350919428135,-0.139524708344767,-0.139724391325915,-0.139923558246221,-0.140192649682596,-0.140515286659613,-0.140793433774444,-0.141081456753889,-0.141373828742375,-0.14166354327473,-0.141936144506504,-0.142175950660234,-0.142362937505303,-0.14260325311055,-0.142192986517468,-0.141799659610045,-0.141996378141561,-0.142422250560029,-0.142450689905451,-0.130926727457661,-0.131033105502327,-0.131081679319742,-0.131109245109798,NaN,NaN,NaN,NaN,NaN,NaN,NaN,NaN,NaN,NaN,NaN,NaN,NaN,NaN,NaN,NaN,NaN,NaN,NaN,NaN,NaN,NaN,NaN,NaN,NaN,NaN,NaN,NaN,NaN,NaN,NaN,NaN,NaN,NaN,NaN,NaN,NaN,NaN,NaN,NaN,NaN,NaN,NaN,NaN,NaN,NaN,NaN,NaN,NaN,NaN,NaN,NaN,NaN,NaN,NaN,NaN,NaN,NaN,NaN,NaN,NaN,NaN,-0.0299855689164157,-0.0301809636750652,-0.0301559178475608,-0.029916074851739,-0.0294378830834644,-0.0288127066015813,-0.0284568490420399,-0.0280987216647179,NaN,NaN,NaN,NaN,NaN,NaN,NaN,NaN,NaN,NaN,NaN,NaN,NaN,NaN,NaN,NaN,NaN,NaN,NaN,NaN,NaN,NaN,NaN,NaN,NaN,NaN,NaN,NaN,NaN,NaN,NaN,NaN,NaN,NaN,NaN,NaN,NaN,NaN,NaN,NaN,NaN,NaN,NaN,NaN,NaN,NaN,NaN,NaN,NaN,NaN,NaN,NaN,NaN,NaN,NaN,NaN,NaN,NaN,NaN,NaN,NaN,NaN,NaN,NaN,NaN,NaN,NaN,NaN,NaN,NaN,NaN,NaN,NaN,NaN,NaN,NaN,NaN,NaN
NaN,NaN,NaN,NaN,NaN,NaN,NaN,NaN,NaN,NaN,NaN,NaN,NaN,NaN,NaN,NaN,NaN,NaN,NaN,NaN,NaN,NaN,NaN,NaN,NaN,NaN,NaN,NaN,NaN,NaN,NaN,NaN,NaN,NaN,NaN,NaN,NaN,NaN,NaN,NaN,NaN,NaN,NaN,NaN,NaN,NaN,NaN,NaN,NaN,NaN,NaN,NaN,NaN,NaN,NaN,NaN,NaN,NaN,NaN,NaN,NaN,NaN,NaN,NaN,NaN,NaN,NaN,NaN,NaN,-0.138052955790479,-0.137187329371313,-0.138491788534507,-0.138628661901116,-0.138786677390915,-0.138956679231494,-0.139205688351666,-0.139405956573586,-0.139599719035072,-0.139892751734382,-0.14016977542276,-0.140509746265413,-0.140814562864259,-0.141122861535556,-0.141407808414426,-0.141678630149063,-0.14193706125042,-0.142176752850341,-0.142235756758122,-0.142076938638869,-0.141573325473986,-0.141279865048701,-0.141926578455168,-0.142381628773995,-0.142537428947468,-0.142634623424982,-0.142689425527535,-0.14269798634965,-0.131124702491224,NaN,NaN,NaN,NaN,NaN,NaN,NaN,NaN,NaN,NaN,NaN,NaN,NaN,NaN,NaN,NaN,NaN,NaN,NaN,NaN,NaN,NaN,NaN,NaN,NaN,NaN,NaN,NaN,NaN,NaN,NaN,NaN,NaN,NaN,NaN,NaN,NaN,NaN,NaN,NaN,NaN,NaN,NaN,NaN,NaN,NaN,NaN,NaN,NaN,NaN,NaN,NaN,NaN,NaN,NaN,NaN,NaN,NaN,NaN,NaN,-0.0310011239469905,-0.0305627716211241,-0.0304703107092871,-0.0304254549940925,-0.0301716792265671,-0.0297684667342319,-0.0294410142861339,-0.0291641681397537,NaN,NaN,NaN,NaN,NaN,NaN,NaN,NaN,NaN,NaN,NaN,NaN,NaN,NaN,NaN,NaN,NaN,NaN,NaN,NaN,NaN,NaN,NaN,NaN,NaN,NaN,NaN,NaN,NaN,NaN,NaN,NaN,NaN,NaN,NaN,NaN,NaN,NaN,NaN,NaN,NaN,NaN,NaN,NaN,NaN,NaN,NaN,NaN,NaN,NaN,NaN,NaN,NaN,NaN,NaN,NaN,NaN,NaN,NaN,NaN,NaN,NaN,NaN,NaN,NaN,NaN,NaN,NaN,NaN,NaN,NaN,NaN,NaN,NaN,NaN,NaN,NaN,NaN,NaN
NaN,NaN,NaN,NaN,NaN,NaN,NaN,NaN,NaN,NaN,NaN,NaN,NaN,NaN,NaN,NaN,NaN,NaN,NaN,NaN,NaN,NaN,NaN,NaN,NaN,NaN,NaN,NaN,NaN,NaN,NaN,NaN,NaN,NaN,NaN,NaN,NaN,NaN,NaN,NaN,NaN,NaN,NaN,NaN,NaN,NaN,NaN,NaN,NaN,NaN,NaN,NaN,NaN,NaN,NaN,NaN,NaN,NaN,NaN,NaN,NaN,NaN,NaN,NaN,NaN,NaN,-0.106428870462864,-0.123523749925445,-0.13678173050721,-0.136583390458217,-0.138006484574837,-0.13815373716828,-0.138269786515973,-0.138397430257659,-0.138593460450201,-0.138859047166067,-0.139076031736723,-0.139319170330632,-0.139589105336226,-0.139865415060128,-0.140174274520322,-0.140507386923491,-0.140826942666151,-0.14114162955868,-0.141448782151258,-0.141734856249298,-0.141694576182991,-0.141810393760369,-0.141859074933004,-0.142092495493905,-0.140860795404289,-0.141585705579279,-0.141638377380302,-0.138568236466555,-0.139006029371782,-0.142367630558279,-0.142775995628054,-0.131115718202512,NaN,NaN,NaN,NaN,NaN,NaN,NaN,NaN,NaN,NaN,NaN,NaN,NaN,NaN,NaN,NaN,NaN,NaN,NaN,NaN,NaN,NaN,NaN,NaN,NaN,NaN,NaN,NaN,NaN,NaN,NaN,NaN,NaN,NaN,NaN,NaN,NaN,NaN,NaN,NaN,NaN,NaN,NaN,NaN,NaN,NaN,NaN,NaN,NaN,NaN,NaN,NaN,NaN,NaN,NaN,NaN,NaN,NaN,NaN,NaN,-0.0311230911619196,-0.0309548738589631,-0.0309004207420368,-0.0307147282468748,-0.0303875513586693,-0.0300159433033528,-0.029754582164741,-0.0296533540497582,NaN,NaN,NaN,NaN,NaN,NaN,NaN,NaN,NaN,NaN,NaN,NaN,NaN,NaN,NaN,NaN,NaN,NaN,NaN,NaN,NaN,NaN,NaN,NaN,NaN,NaN,NaN,NaN,NaN,NaN,NaN,NaN,NaN,NaN,NaN,NaN,NaN,NaN,NaN,NaN,NaN,NaN,NaN,NaN,NaN,NaN,NaN,NaN,NaN,NaN,NaN,NaN,NaN,NaN,NaN,NaN,NaN,NaN,NaN,NaN,NaN,NaN,NaN,NaN,NaN,NaN,NaN,NaN,NaN,NaN,NaN,NaN,NaN,NaN,NaN,NaN,NaN,NaN,NaN
NaN,NaN,NaN,NaN,NaN,NaN,NaN,NaN,NaN,NaN,NaN,NaN,NaN,NaN,NaN,NaN,NaN,NaN,NaN,NaN,NaN,NaN,NaN,NaN,NaN,NaN,NaN,NaN,NaN,NaN,NaN,NaN,NaN,NaN,NaN,NaN,NaN,NaN,NaN,NaN,NaN,NaN,NaN,NaN,NaN,NaN,NaN,NaN,NaN,NaN,NaN,NaN,NaN,NaN,NaN,NaN,NaN,NaN,NaN,NaN,NaN,NaN,NaN,NaN,NaN,NaN,-0.120981529812574,-0.135133876725816,-0.136620967260847,-0.137581232469564,-0.137711491772697,-0.137804924740374,-0.137928843002325,-0.138063676518902,-0.138283707161041,-0.138504370335305,-0.138723648643818,-0.139017717789644,-0.139223085496646,-0.139522496935756,-0.139814808177401,-0.140133261303835,-0.140495564729267,-0.14087063010428,-0.141235642722552,-0.141536949925262,-0.141731414114199,-0.141823382572119,-0.142106698472205,-0.142059354059515,-0.1407725109948,-0.139883176428396,-0.140743647429152,-0.137316674044201,-0.134202384830621,-0.131069663910257,-0.142876000376954,-0.14218959282298,NaN,NaN,NaN,NaN,NaN,NaN,NaN,NaN,NaN,NaN,NaN,NaN,NaN,NaN,NaN,NaN,NaN,NaN,NaN,NaN,NaN,NaN,NaN,NaN,NaN,NaN,NaN,NaN,NaN,NaN,NaN,NaN,NaN,NaN,NaN,NaN,NaN,NaN,NaN,NaN,NaN,NaN,NaN,NaN,NaN,NaN,NaN,NaN,NaN,NaN,NaN,NaN,NaN,NaN,NaN,NaN,NaN,NaN,NaN,NaN,-0.0312630673109815,-0.0312146624328327,-0.0311687132173875,-0.0309549201238273,-0.0305881464048327,-0.0302478557929422,-0.0299901506559254,-0.029900857951247,NaN,NaN,NaN,NaN,NaN,NaN,NaN,NaN,NaN,NaN,NaN,NaN,NaN,NaN,NaN,NaN,NaN,NaN,NaN,NaN,NaN,NaN,NaN,NaN,NaN,NaN,NaN,NaN,NaN,NaN,NaN,NaN,NaN,NaN,NaN,NaN,NaN,NaN,NaN,NaN,NaN,NaN,NaN,NaN,NaN,NaN,NaN,NaN,NaN,NaN,NaN,NaN,NaN,NaN,NaN,NaN,NaN,NaN,NaN,NaN,NaN,NaN,NaN,NaN,NaN,NaN,NaN,NaN,NaN,NaN,NaN,NaN,NaN,NaN,NaN,NaN,NaN,NaN,NaN
NaN,NaN,NaN,NaN,NaN,NaN,NaN,NaN,NaN,NaN,NaN,NaN,NaN,NaN,NaN,NaN,NaN,NaN,NaN,NaN,NaN,NaN,NaN,NaN,NaN,NaN,NaN,NaN,NaN,NaN,NaN,NaN,NaN,NaN,NaN,NaN,NaN,NaN,NaN,NaN,NaN,NaN,NaN,NaN,NaN,NaN,NaN,NaN,NaN,NaN,NaN,NaN,NaN,NaN,NaN,NaN,NaN,NaN,NaN,NaN,NaN,NaN,NaN,NaN,NaN,NaN,-0.123171940671119,-0.135880584338369,-0.137238062100751,-0.137350086198607,-0.137448276227166,-0.137514572688556,-0.137576841412507,-0.137752885949475,-0.137942343313454,-0.138121179533444,-0.138355876002486,-0.138638260136671,-0.138835658476558,-0.139111246210585,-0.139405975573234,-0.139710278137217,-0.14010937336921,-0.140574743133048,-0.141026411320963,-0.141387922434756,-0.141717976256609,-0.142079644034196,-0.141749197178779,-0.141444718933883,-0.138996587137623,-0.138864995737444,-0.138325902145917,-0.135640262524648,-0.130320592734579,-0.134215698570481,-0.142906025054012,-0.142913707869077,NaN,NaN,NaN,NaN,NaN,NaN,NaN,NaN,NaN,NaN,NaN,NaN,NaN,NaN,NaN,NaN,NaN,NaN,NaN,NaN,NaN,NaN,NaN,NaN,NaN,NaN,NaN,NaN,NaN,NaN,NaN,NaN,NaN,NaN,NaN,NaN,NaN,NaN,NaN,NaN,NaN,NaN,NaN,NaN,NaN,NaN,NaN,NaN,NaN,NaN,NaN,NaN,NaN,NaN,NaN,NaN,NaN,NaN,NaN,NaN,-0.03140890612659,-0.0314531018727793,-0.0312993426149263,-0.0311249344825808,-0.0307744997248434,-0.030471534667157,-0.030179341627495,-0.0300769884128811,NaN,NaN,NaN,NaN,NaN,NaN,NaN,NaN,NaN,NaN,NaN,NaN,NaN,NaN,NaN,NaN,NaN,NaN,NaN,NaN,NaN,NaN,NaN,NaN,NaN,NaN,NaN,NaN,NaN,NaN,NaN,NaN,NaN,NaN,NaN,NaN,NaN,NaN,NaN,NaN,NaN,NaN,NaN,NaN,NaN,NaN,NaN,NaN,NaN,NaN,NaN,NaN,NaN,NaN,NaN,NaN,NaN,NaN,NaN,NaN,NaN,NaN,NaN,NaN,NaN,NaN,NaN,NaN,NaN,NaN,NaN,NaN,NaN,NaN,NaN,NaN,NaN,NaN,NaN
NaN,NaN,NaN,NaN,NaN,NaN,NaN,NaN,NaN,NaN,NaN,NaN,NaN,NaN,NaN,NaN,NaN,NaN,NaN,NaN,NaN,NaN,NaN,NaN,NaN,NaN,NaN,NaN,NaN,NaN,NaN,NaN,NaN,NaN,NaN,NaN,NaN,NaN,NaN,NaN,NaN,NaN,NaN,NaN,NaN,NaN,NaN,NaN,NaN,NaN,NaN,NaN,NaN,NaN,NaN,NaN,NaN,NaN,NaN,NaN,NaN,NaN,NaN,NaN,NaN,-0.122874591321587,-0.136472103860193,-0.136802393876167,-0.137088159487598,-0.137129418578497,-0.13712716715455,-0.137178448620503,-0.13725627496279,-0.137381200105993,-0.137552550036911,-0.137702887245068,-0.137931010584166,-0.138143928905919,-0.138372945525609,-0.138593424781657,-0.13891656045723,-0.139280643045703,-0.139702863836152,-0.140227737627527,-0.140769760979806,-0.14123086043003,-0.141427043671187,-0.141631408043097,-0.139881834420249,-0.140015667480676,-0.13988728805342,-0.139179403177995,-0.136412685242566,-0.133233631693652,-0.142058849698293,-0.142924019120066,-0.142929183619917,-0.131085883700201,NaN,NaN,NaN,NaN,NaN,NaN,NaN,NaN,NaN,NaN,NaN,NaN,NaN,NaN,NaN,NaN,NaN,NaN,NaN,NaN,NaN,NaN,NaN,NaN,NaN,NaN,NaN,NaN,NaN,NaN,NaN,NaN,NaN,NaN,NaN,NaN,NaN,NaN,NaN,NaN,NaN,NaN,NaN,NaN,NaN,NaN,NaN,NaN,NaN,NaN,NaN,NaN,NaN,NaN,NaN,NaN,NaN,NaN,NaN,NaN,-0.0315632347278769,-0.0316002664392659,-0.0313740413914366,-0.0312246899590222,-0.0309276423381295,-0.0306413447304783,-0.0303486543386132,-0.0301813872997189,NaN,NaN,NaN,NaN,NaN,NaN,NaN,NaN,NaN,NaN,NaN,NaN,NaN,NaN,NaN,NaN,NaN,NaN,NaN,NaN,NaN,NaN,NaN,NaN,NaN,NaN,NaN,NaN,NaN,NaN,NaN,NaN,NaN,NaN,NaN,NaN,NaN,NaN,NaN,NaN,NaN,NaN,NaN,NaN,NaN,NaN,NaN,NaN,NaN,NaN,NaN,NaN,NaN,NaN,NaN,NaN,NaN,NaN,NaN,NaN,NaN,NaN,NaN,NaN,NaN,NaN,NaN,NaN,NaN,NaN,NaN,NaN,NaN,NaN,NaN,NaN,NaN,NaN,NaN
NaN,NaN,NaN,NaN,NaN,NaN,NaN,NaN,NaN,NaN,NaN,NaN,NaN,NaN,NaN,NaN,NaN,NaN,NaN,NaN,NaN,NaN,NaN,NaN,NaN,NaN,NaN,NaN,NaN,NaN,NaN,NaN,NaN,NaN,NaN,NaN,NaN,NaN,NaN,NaN,NaN,NaN,NaN,NaN,NaN,NaN,NaN,NaN,NaN,NaN,NaN,NaN,NaN,NaN,NaN,NaN,NaN,NaN,NaN,NaN,NaN,-0.124120289094956,-0.128709066370582,-0.130638527120675,-0.13307621812855,-0.13624982039001,-0.136407735191514,-0.136899966641715,-0.136917048091196,-0.136913797367988,-0.136880625190496,-0.136867334767925,-0.136941076432738,-0.136997794037092,-0.137118595898359,-0.137318061683104,-0.137498857526938,-0.137651942689862,-0.137858236799514,-0.138111480853551,-0.13849560350101,-0.138877958381408,-0.139317184058041,-0.139883074464238,-0.140269242729633,-0.140698418382394,-0.14084575209565,-0.137975925261886,-0.135173656098308,-0.139954583460647,-0.139325145848536,-0.13631162617825,-0.136823048963373,-0.130344778684064,-0.14289369625987,-0.142926009807252,-0.142942522168663,-0.131082734967692,-0.112129749686471,NaN,NaN,NaN,NaN,NaN,NaN,NaN,NaN,NaN,NaN,NaN,NaN,NaN,NaN,NaN,NaN,NaN,NaN,NaN,NaN,NaN,NaN,NaN,NaN,NaN,NaN,NaN,NaN,NaN,NaN,NaN,NaN,NaN,NaN,NaN,NaN,NaN,NaN,NaN,NaN,NaN,NaN,NaN,NaN,NaN,NaN,NaN,NaN,NaN,NaN,NaN,NaN,NaN,NaN,NaN,NaN,NaN,NaN,-0.0322955474156209,-0.0320404551984148,-0.0318914055280688,-0.0315772995876492,-0.03137184854744,-0.0310671936926437,-0.0307910678411724,-0.0305324605606522,-0.030135630844171,NaN,NaN,NaN,NaN,NaN,NaN,NaN,NaN,NaN,NaN,NaN,NaN,NaN,NaN,NaN,NaN,NaN,NaN,NaN,NaN,NaN,NaN,NaN,NaN,NaN,NaN,NaN,NaN,NaN,NaN,NaN,NaN,NaN,NaN,NaN,NaN,NaN,NaN,NaN,NaN,NaN,NaN,NaN,NaN,NaN,NaN,NaN,NaN,NaN,NaN,NaN,NaN,NaN,NaN,NaN,NaN,NaN,NaN,NaN,NaN,NaN,NaN,NaN,NaN,NaN,NaN,NaN,NaN,NaN,NaN,NaN,NaN,NaN,NaN,NaN,NaN,NaN,NaN,NaN
NaN,NaN,NaN,NaN,NaN,NaN,NaN,NaN,NaN,NaN,NaN,NaN,NaN,NaN,NaN,NaN,NaN,NaN,NaN,NaN,NaN,NaN,NaN,NaN,NaN,NaN,NaN,NaN,NaN,NaN,NaN,NaN,NaN,NaN,NaN,NaN,NaN,NaN,NaN,NaN,NaN,NaN,NaN,NaN,NaN,NaN,NaN,NaN,NaN,NaN,NaN,NaN,NaN,NaN,NaN,NaN,NaN,NaN,NaN,NaN,-0.124120211809576,-0.136587512696638,-0.136902975259769,-0.136887638233645,-0.136860002158856,-0.13682980627625,-0.136802766273446,-0.136778768568907,-0.13675530520019,-0.136434747246597,-0.136556252370202,-0.136562536694202,-0.136600376713594,-0.136617274451118,-0.136684276591073,-0.136901383790127,-0.137086098280233,-0.137254911672555,-0.13749051475659,-0.137751810092645,-0.138138434963663,-0.138546277251215,-0.13897587619429,-0.13950448192416,-0.139372037834135,-0.13983482161368,-0.140107053414126,-0.137180482636766,-0.134197078654943,-0.13998405520561,-0.140137049958975,-0.130163192073148,-0.123978266924352,-0.11155239130191,-0.130474085174682,-0.131028398351405,-0.131057297707454,-0.112105711457355,-0.0970954729266842,NaN,NaN,NaN,NaN,NaN,NaN,NaN,NaN,NaN,NaN,NaN,NaN,NaN,NaN,NaN,NaN,NaN,NaN,NaN,NaN,NaN,NaN,NaN,NaN,NaN,NaN,NaN,NaN,NaN,NaN,NaN,NaN,NaN,NaN,NaN,NaN,NaN,NaN,NaN,NaN,NaN,NaN,NaN,NaN,NaN,NaN,NaN,NaN,NaN,NaN,NaN,NaN,NaN,NaN,NaN,NaN,NaN,-0.0321357764754324,-0.0321722489858645,-0.0321973936885403,-0.03219918635739,-0.0320370540860498,-0.0317116392843457,-0.0313032982892288,-0.0310284402565439,-0.0309367146761916,NaN,NaN,NaN,NaN,NaN,NaN,NaN,NaN,NaN,NaN,NaN,NaN,NaN,NaN,NaN,NaN,NaN,NaN,NaN,NaN,NaN,NaN,NaN,NaN,NaN,NaN,NaN,NaN,NaN,NaN,NaN,NaN,NaN,NaN,NaN,NaN,NaN,NaN,NaN,NaN,NaN,NaN,NaN,NaN,NaN,NaN,NaN,NaN,NaN,NaN,NaN,NaN,NaN,NaN,NaN,NaN,NaN,NaN,NaN,NaN,NaN,NaN,NaN,NaN,NaN,NaN,NaN,NaN,NaN,NaN,NaN,NaN,NaN,NaN,NaN,NaN,NaN,NaN,NaN,NaN
NaN,NaN,NaN,NaN,NaN,NaN,NaN,NaN,NaN,NaN,NaN,NaN,NaN,NaN,NaN,NaN,NaN,NaN,NaN,NaN,NaN,NaN,NaN,NaN,NaN,NaN,NaN,NaN,NaN,NaN,NaN,NaN,NaN,NaN,NaN,NaN,NaN,NaN,NaN,NaN,NaN,NaN,NaN,NaN,NaN,NaN,NaN,NaN,NaN,NaN,NaN,NaN,NaN,NaN,NaN,NaN,NaN,NaN,NaN,NaN,-0.136591910296678,-0.136878108671159,-0.136931693444946,-0.13689057778998,-0.136835994788114,-0.136785123405075,-0.136722740713838,-0.136660389192117,-0.136582406768842,-0.1353009008241,-0.136157765280749,-0.136080930110905,-0.136123960522901,-0.136157389241562,-0.136233873645619,-0.136358604386154,-0.136513385844081,-0.136694035212907,-0.137047692285264,-0.137326607579699,-0.137555416041381,-0.137997607327865,-0.138447694987516,-0.139087368168697,-0.140203706896561,-0.140701973654558,-0.141296535872669,-0.139356621749294,-0.13975522733519,-0.139925124485014,-0.140057595416508,-0.129972541410191,NaN,NaN,NaN,NaN,NaN,NaN,NaN,NaN,NaN,NaN,NaN,NaN,NaN,NaN,NaN,NaN,NaN,NaN,NaN,NaN,NaN,NaN,NaN,NaN,NaN,NaN,NaN,NaN,NaN,NaN,NaN,NaN,NaN,NaN,NaN,NaN,NaN,NaN,NaN,NaN,NaN,NaN,NaN,NaN,NaN,NaN,NaN,NaN,NaN,NaN,NaN,NaN,NaN,NaN,NaN,NaN,NaN,NaN,NaN,NaN,NaN,NaN,NaN,NaN,-0.0320817497813704,-0.0321870240414173,-0.032289200927356,-0.0324382823411972,-0.0323729511599207,-0.0319830358490094,-0.0316118668335908,-0.0311868509317108,-0.0309815709909536,NaN,NaN,NaN,NaN,NaN,NaN,NaN,NaN,NaN,NaN,NaN,NaN,NaN,NaN,NaN,NaN,NaN,NaN,NaN,NaN,NaN,NaN,NaN,NaN,NaN,NaN,NaN,NaN,NaN,NaN,NaN,NaN,NaN,NaN,NaN,NaN,NaN,NaN,NaN,NaN,NaN,NaN,NaN,NaN,NaN,NaN,NaN,NaN,NaN,NaN,NaN,NaN,NaN,NaN,NaN,NaN,NaN,NaN,NaN,NaN,NaN,NaN,NaN,NaN,NaN,NaN,NaN,NaN,NaN,NaN,NaN,NaN,NaN,NaN,NaN,NaN,NaN,NaN,NaN,NaN
NaN,NaN,NaN,NaN,NaN,NaN,NaN,NaN,NaN,NaN,NaN,NaN,NaN,NaN,NaN,NaN,NaN,NaN,NaN,NaN,NaN,NaN,NaN,NaN,NaN,NaN,NaN,NaN,NaN,NaN,NaN,NaN,NaN,NaN,NaN,NaN,NaN,NaN,NaN,NaN,NaN,NaN,NaN,NaN,NaN,NaN,NaN,NaN,NaN,NaN,NaN,NaN,NaN,NaN,NaN,NaN,NaN,-0.115643482320313,-0.124861674759582,NaN,-0.136682237228014,-0.136967571781238,-0.136928367288783,-0.136864408761276,-0.136796192903636,-0.136713278623896,-0.136619501577708,-0.136520364559905,-0.136251652545639,-0.13565443618322,-0.135844782812864,-0.135704029018743,-0.135604798914233,-0.135680868281333,-0.135683925405487,-0.135659771277118,-0.13566684743755,-0.135762558195467,-0.13619859785558,-0.136554038190052,-0.136801463500276,-0.137179729577508,-0.137614050230826,-0.137041715301091,NaN,NaN,-0.129053596180913,-0.120583044279417,-0.138510317034134,-0.129712298524773,-0.129818535662971,NaN,NaN,NaN,NaN,NaN,NaN,NaN,NaN,NaN,NaN,NaN,NaN,NaN,NaN,NaN,NaN,NaN,NaN,NaN,NaN,NaN,NaN,NaN,NaN,NaN,NaN,NaN,NaN,NaN,NaN,NaN,NaN,NaN,NaN,NaN,NaN,NaN,NaN,NaN,NaN,NaN,NaN,NaN,NaN,NaN,NaN,NaN,NaN,NaN,NaN,NaN,NaN,NaN,NaN,NaN,NaN,NaN,NaN,NaN,NaN,NaN,NaN,NaN,NaN,NaN,NaN,-0.0325774658509989,-0.032560571962345,-0.0326112949694444,-0.0326300897177334,-0.0322135222460075,-0.0318717756872533,-0.0314516075853067,-0.031014746284989,NaN,NaN,NaN,NaN,NaN,NaN,NaN,NaN,NaN,NaN,NaN,NaN,NaN,NaN,NaN,NaN,NaN,NaN,NaN,NaN,NaN,NaN,NaN,NaN,NaN,NaN,NaN,NaN,NaN,NaN,NaN,NaN,NaN,NaN,NaN,NaN,NaN,NaN,NaN,NaN,NaN,NaN,NaN,NaN,NaN,NaN,NaN,NaN,NaN,NaN,NaN,NaN,NaN,NaN,NaN,NaN,NaN,NaN,NaN,NaN,NaN,NaN,NaN,NaN,NaN,NaN,NaN,NaN,NaN,NaN,NaN,NaN,NaN,NaN,NaN,NaN,NaN,NaN,NaN,NaN
NaN,NaN,NaN,NaN,NaN,NaN,NaN,NaN,NaN,NaN,NaN,NaN,NaN,NaN,NaN,NaN,NaN,NaN,NaN,NaN,NaN,NaN,NaN,NaN,NaN,NaN,NaN,NaN,NaN,NaN,NaN,NaN,NaN,NaN,NaN,NaN,NaN,NaN,NaN,NaN,NaN,NaN,NaN,NaN,NaN,NaN,NaN,NaN,NaN,NaN,NaN,NaN,NaN,NaN,NaN,-0.0998982129300307,-0.115694405519357,-0.13402282318764,-0.137189231582495,-0.131619598542793,-0.137107322207267,-0.137009613011727,-0.13691596526584,-0.136826710089065,-0.136725698139928,-0.136612453186511,-0.136487096936485,-0.136346617474421,-0.136172995250528,-0.135827686149556,-0.135608894632705,-0.135383679022513,-0.135224054302826,-0.135200016659317,-0.135128643495752,-0.134996940614363,-0.134890677679218,-0.135033780364382,-0.1353368688705,-0.135641326628794,-0.135949490504381,-0.136254795081233,-0.136343846975712,-0.1243127486165,NaN,NaN,NaN,-0.103801543749104,-0.11905773831489,NaN,NaN,NaN,NaN,NaN,NaN,NaN,NaN,NaN,NaN,NaN,NaN,NaN,NaN,NaN,NaN,NaN,NaN,NaN,NaN,NaN,NaN,NaN,NaN,NaN,NaN,NaN,NaN,NaN,NaN,NaN,NaN,NaN,NaN,NaN,NaN,NaN,NaN,NaN,NaN,NaN,NaN,NaN,NaN,NaN,NaN,NaN,NaN,NaN,NaN,NaN,NaN,NaN,NaN,NaN,NaN,NaN,NaN,NaN,NaN,NaN,NaN,NaN,NaN,NaN,NaN,NaN,NaN,-0.0331317944430155,-0.0331955038480147,-0.0330810431065828,-0.032911038501773,-0.0325986126384784,-0.0321403641221322,-0.0318644833553254,NaN,NaN,NaN,NaN,NaN,NaN,NaN,NaN,NaN,NaN,NaN,NaN,NaN,NaN,NaN,NaN,NaN,NaN,NaN,NaN,NaN,NaN,NaN,NaN,NaN,NaN,NaN,NaN,NaN,NaN,NaN,NaN,NaN,NaN,NaN,NaN,NaN,NaN,NaN,NaN,NaN,NaN,NaN,NaN,NaN,NaN,NaN,NaN,NaN,NaN,NaN,NaN,NaN,NaN,NaN,NaN,NaN,NaN,NaN,NaN,NaN,NaN,NaN,NaN,NaN,NaN,NaN,NaN,NaN,NaN,NaN,NaN,NaN,NaN,NaN,NaN,NaN,NaN,NaN,NaN,NaN
NaN,NaN,NaN,NaN,NaN,NaN,NaN,NaN,NaN,NaN,NaN,NaN,NaN,NaN,NaN,NaN,NaN,NaN,NaN,NaN,NaN,NaN,NaN,NaN,NaN,NaN,NaN,NaN,NaN,NaN,NaN,NaN,NaN,NaN,NaN,NaN,NaN,NaN,NaN,NaN,NaN,NaN,NaN,NaN,NaN,NaN,NaN,NaN,NaN,-0.124242015603575,-0.137929702675288,-0.131278996163301,-0.127041483847119,NaN,NaN,-0.107427748577063,-0.124862800323039,-0.137257436343159,-0.137151056683293,-0.137340295552632,-0.137158683506629,-0.137010141171502,-0.136886790105252,-0.136763418789098,-0.136634373627242,-0.136494996135081,-0.136346405836231,-0.136181751761046,-0.135987504860595,-0.135761818909025,-0.135464783697481,-0.135168279480605,-0.135011800615171,-0.134833585549184,-0.134690439756149,-0.134509646093397,-0.134368964489244,-0.134532389660735,-0.134698669301071,-0.134841606849832,-0.134985706744557,-0.135117324881632,-0.135193622304618,NaN,NaN,NaN,NaN,NaN,NaN,NaN,NaN,NaN,NaN,NaN,NaN,NaN,NaN,NaN,NaN,NaN,NaN,NaN,NaN,NaN,NaN,NaN,NaN,NaN,NaN,NaN,NaN,NaN,NaN,NaN,NaN,NaN,NaN,NaN,NaN,NaN,NaN,NaN,NaN,NaN,NaN,NaN,NaN,NaN,NaN,NaN,NaN,NaN,NaN,NaN,NaN,NaN,NaN,NaN,NaN,NaN,NaN,NaN,NaN,NaN,NaN,NaN,NaN,NaN,NaN,NaN,NaN,NaN,NaN,NaN,NaN,NaN,-0.0337494102376712,-0.0336776818096254,-0.0337886520850778,-0.0337937525321904,-0.0333931635378101,-0.0329543910738482,-0.0325689570382942,-0.0318325294645444,NaN,NaN,NaN,NaN,NaN,NaN,NaN,NaN,NaN,NaN,NaN,NaN,NaN,NaN,NaN,NaN,NaN,NaN,NaN,NaN,NaN,NaN,NaN,NaN,NaN,NaN,NaN,NaN,NaN,NaN,NaN,NaN,NaN,NaN,NaN,NaN,NaN,NaN,NaN,NaN,NaN,NaN,NaN,NaN,NaN,NaN,NaN,NaN,NaN,NaN,NaN,NaN,NaN,NaN,NaN,NaN,NaN,NaN,NaN,NaN,NaN,NaN,NaN,NaN,NaN,NaN,NaN,NaN,NaN,NaN,NaN,NaN,NaN,NaN,NaN,NaN,NaN,NaN,NaN,NaN,NaN
NaN,NaN,NaN,NaN,NaN,NaN,NaN,NaN,NaN,NaN,NaN,NaN,NaN,NaN,NaN,NaN,NaN,NaN,NaN,NaN,NaN,NaN,NaN,NaN,NaN,NaN,NaN,NaN,NaN,NaN,NaN,NaN,NaN,NaN,NaN,NaN,NaN,NaN,NaN,NaN,NaN,NaN,NaN,NaN,NaN,NaN,-0.138780414016123,-0.121780301891213,-0.124493834352245,-0.139606264876886,-0.139484042530815,-0.139675587988141,-0.139509739656432,-0.136069673439099,-0.127172831516496,NaN,-0.136080753249562,-0.137549347506512,-0.137507493001687,-0.137342746498795,-0.137157102007413,-0.136988539062652,-0.136831306638884,-0.136681084531412,-0.136530876796668,-0.136374794938103,-0.136205766628214,-0.136030136881843,-0.135827037684585,-0.135583654213673,-0.135237314718369,-0.135049075779643,-0.134834241499471,-0.134596881486278,-0.134350795902547,-0.134105971701852,-0.134000380032236,-0.134068882420835,-0.134119850848304,-0.134200635978282,-0.134191531959067,-0.134115721959868,-0.133703154838083,-0.131864932595279,-0.130640697580988,-0.122242165420194,NaN,NaN,NaN,NaN,NaN,NaN,NaN,NaN,NaN,NaN,NaN,NaN,NaN,NaN,NaN,NaN,NaN,NaN,NaN,NaN,NaN,NaN,NaN,NaN,NaN,NaN,NaN,NaN,NaN,NaN,NaN,NaN,NaN,NaN,NaN,NaN,NaN,NaN,NaN,NaN,NaN,NaN,NaN,NaN,NaN,NaN,NaN,NaN,NaN,NaN,NaN,NaN,NaN,NaN,NaN,NaN,NaN,NaN,NaN,NaN,NaN,NaN,NaN,NaN,NaN,NaN,NaN,NaN,NaN,NaN,-0.0337981003725559,-0.034182444739173,-0.0344337975680136,-0.0344348883972425,-0.0341808830570602,-0.0337043425865363,-0.0335343747124043,NaN,NaN,NaN,NaN,NaN,NaN,NaN,NaN,NaN,NaN,NaN,NaN,NaN,NaN,NaN,NaN,NaN,NaN,NaN,NaN,NaN,NaN,NaN,NaN,NaN,NaN,NaN,NaN,NaN,NaN,NaN,NaN,NaN,NaN,NaN,NaN,NaN,NaN,NaN,NaN,NaN,NaN,NaN,NaN,NaN,NaN,NaN,NaN,NaN,NaN,NaN,NaN,NaN,NaN,NaN,NaN,NaN,NaN,NaN,NaN,NaN,NaN,NaN,NaN,NaN,NaN,NaN,NaN,NaN,NaN,NaN,NaN,NaN,NaN,NaN,NaN,NaN,NaN,NaN,NaN,NaN,NaN
NaN,NaN,NaN,NaN,NaN,NaN,NaN,NaN,NaN,NaN,NaN,NaN,NaN,NaN,NaN,NaN,NaN,NaN,NaN,NaN,NaN,NaN,NaN,NaN,NaN,NaN,NaN,NaN,NaN,NaN,NaN,NaN,NaN,NaN,NaN,NaN,NaN,NaN,NaN,NaN,NaN,NaN,NaN,NaN,NaN,-0.127040922764072,-0.13942795639609,-0.139297279815072,-0.139320661541936,-0.136949901386061,-0.136191441153919,-0.139632923913961,-0.139495124192353,-0.139101522115601,-0.13887296446186,-0.1385350154051,-0.138072870794785,-0.137791304813296,-0.137554696698593,-0.137341441055572,-0.137143964907952,-0.136945737637283,-0.136754130248569,-0.136587945000521,-0.136420256783273,-0.136239173916162,-0.136048706826401,-0.135850642410692,-0.135615839026952,-0.135309841506171,-0.135010738752296,-0.134695985044879,-0.134598182821777,-0.134356727180684,-0.134049227668767,-0.133799870483034,-0.133714545564035,-0.133674688089114,-0.133637094806271,-0.133653856566899,-0.133607831268108,-0.133453488965481,-0.133198232097754,-0.132819008854876,-0.132371068457377,-0.132073090285263,-0.131748197429577,-0.131659309604766,NaN,NaN,NaN,NaN,NaN,NaN,NaN,NaN,NaN,NaN,NaN,NaN,NaN,NaN,NaN,NaN,NaN,NaN,NaN,NaN,NaN,NaN,NaN,NaN,NaN,NaN,NaN,NaN,NaN,NaN,NaN,NaN,NaN,NaN,NaN,NaN,NaN,NaN,NaN,NaN,NaN,NaN,NaN,NaN,NaN,NaN,NaN,NaN,NaN,NaN,NaN,NaN,NaN,NaN,NaN,NaN,NaN,NaN,NaN,NaN,NaN,NaN,NaN,NaN,NaN,NaN,NaN,NaN,NaN,-0.0350796115795731,-0.0351972777293111,-0.0351874640769352,-0.0348622196650179,-0.0345263327948901,-0.0334116080763407,NaN,NaN,NaN,NaN,NaN,NaN,NaN,NaN,NaN,NaN,NaN,NaN,NaN,NaN,NaN,NaN,NaN,NaN,NaN,NaN,NaN,NaN,NaN,NaN,NaN,NaN,NaN,NaN,NaN,NaN,NaN,NaN,NaN,NaN,NaN,NaN,NaN,NaN,NaN,NaN,NaN,NaN,NaN,NaN,NaN,NaN,NaN,NaN,NaN,NaN,NaN,NaN,NaN,NaN,NaN,NaN,NaN,NaN,NaN,NaN,NaN,NaN,NaN,NaN,NaN,NaN,NaN,NaN,NaN,NaN,NaN,NaN,NaN,NaN,NaN,NaN,NaN,NaN,NaN,NaN,NaN,NaN
NaN,NaN,NaN,NaN,NaN,NaN,NaN,NaN,NaN,NaN,NaN,NaN,NaN,NaN,-0.143837318019018,-0.145602217476225,-0.146759164789927,-0.146149094573001,-0.146739405106061,-0.146730654571017,-0.146703995099246,-0.137633371938562,-0.116416581375242,NaN,NaN,NaN,NaN,NaN,NaN,NaN,NaN,NaN,NaN,NaN,NaN,NaN,NaN,NaN,NaN,NaN,NaN,NaN,NaN,NaN,NaN,-0.130610970182106,-0.138748273123251,-0.139389971776183,-0.139293564810667,-0.139145318016447,-0.13963540801834,-0.139737910844638,-0.139591065413687,-0.139330751249264,-0.138989540929434,-0.138589477543231,-0.138178488775486,-0.13784658003897,-0.137577077994028,-0.137335980213047,-0.137110677199451,-0.136862128260764,-0.136659010644195,-0.136462896845836,-0.136253307337436,-0.135791561012957,-0.135833815148452,-0.135622358006831,-0.135341841426613,-0.135023480645495,-0.134739865159233,-0.134465444019849,-0.134197329116765,-0.133983095848169,-0.133722540172213,-0.133495609226245,-0.133449598811223,-0.133306683938081,-0.133247813671638,-0.133198852138682,-0.133157292159748,-0.133014118857135,-0.13280055230243,-0.132528353424308,-0.132278514223587,-0.132104275220938,-0.13198269648117,-0.131659665406022,NaN,NaN,NaN,NaN,NaN,NaN,NaN,NaN,NaN,NaN,NaN,NaN,NaN,NaN,NaN,NaN,NaN,NaN,NaN,NaN,NaN,NaN,NaN,NaN,NaN,NaN,NaN,NaN,NaN,NaN,NaN,NaN,NaN,NaN,NaN,NaN,NaN,NaN,NaN,NaN,NaN,NaN,NaN,NaN,NaN,NaN,NaN,NaN,NaN,NaN,NaN,NaN,NaN,NaN,NaN,NaN,NaN,NaN,NaN,NaN,NaN,NaN,NaN,NaN,NaN,NaN,NaN,NaN,NaN,-0.0358479942094522,-0.0360651617604515,-0.0362004574480614,-0.0357747487542906,-0.035823484316116,NaN,NaN,NaN,NaN,NaN,NaN,NaN,NaN,NaN,NaN,NaN,NaN,NaN,NaN,NaN,NaN,NaN,NaN,NaN,NaN,NaN,NaN,NaN,NaN,NaN,NaN,NaN,NaN,NaN,NaN,NaN,NaN,NaN,NaN,NaN,NaN,NaN,NaN,NaN,NaN,NaN,NaN,NaN,NaN,NaN,NaN,NaN,NaN,NaN,NaN,NaN,NaN,NaN,NaN,NaN,NaN,NaN,NaN,NaN,NaN,NaN,NaN,NaN,NaN,NaN,NaN,NaN,NaN,NaN,NaN,NaN,NaN,NaN,NaN,NaN,NaN,NaN,NaN,NaN,NaN,NaN,NaN,NaN
NaN,NaN,NaN,NaN,NaN,NaN,NaN,NaN,NaN,NaN,NaN,NaN,NaN,NaN,-0.146751496277863,-0.146744681580384,-0.146737666294489,-0.146758163928733,-0.146773946178786,-0.146727606551508,-0.146683946886086,-0.146647730294817,-0.137580601456319,-0.116350107340674,NaN,NaN,NaN,NaN,NaN,NaN,NaN,NaN,NaN,NaN,NaN,NaN,NaN,NaN,NaN,NaN,NaN,NaN,NaN,-0.124221928059304,-0.139276368373661,-0.139050237771615,-0.138974724117517,-0.139274885387961,-0.139625858546581,-0.139843985741023,-0.139957921952971,-0.139752664733402,-0.13954905184987,-0.139244700967113,-0.138904051024584,-0.13853407439579,-0.138172796154202,-0.137852210721857,-0.137568070319559,-0.137314496412425,-0.137048466291169,-0.136764108407613,-0.136504926104833,-0.136292533112807,-0.136054783464024,-0.13583580419501,-0.135594353648484,-0.135352320231488,-0.135058186120731,-0.134731089480601,-0.134396568501846,-0.134054039787464,-0.133708583621172,-0.133538653790351,-0.133397008042292,-0.133272166368288,-0.133143609492839,-0.132989086007924,-0.132907168988606,-0.132822132803317,-0.132747273225319,-0.132627785898327,-0.132431575718191,-0.132215842366372,-0.132029649688502,-0.131899095539909,-0.131836791153146,-0.131562592888757,NaN,NaN,NaN,NaN,NaN,NaN,NaN,NaN,NaN,NaN,NaN,NaN,NaN,NaN,NaN,NaN,NaN,NaN,NaN,NaN,NaN,NaN,NaN,NaN,NaN,NaN,NaN,NaN,NaN,NaN,NaN,NaN,NaN,NaN,NaN,NaN,NaN,NaN,NaN,NaN,NaN,NaN,NaN,NaN,NaN,NaN,NaN,NaN,NaN,NaN,NaN,NaN,NaN,NaN,NaN,NaN,NaN,NaN,NaN,NaN,NaN,NaN,NaN,NaN,NaN,NaN,NaN,NaN,NaN,-0.0362030340260393,-0.0370502155483112,-0.0370025159017967,-0.0361405280578556,-0.0354026019570311,NaN,NaN,NaN,NaN,NaN,NaN,NaN,NaN,NaN,NaN,NaN,NaN,NaN,NaN,NaN,NaN,NaN,NaN,NaN,NaN,NaN,NaN,NaN,NaN,NaN,NaN,NaN,NaN,NaN,NaN,NaN,NaN,NaN,NaN,NaN,NaN,NaN,NaN,NaN,NaN,NaN,NaN,NaN,NaN,NaN,NaN,NaN,NaN,NaN,NaN,NaN,NaN,NaN,NaN,NaN,NaN,NaN,NaN,NaN,NaN,NaN,NaN,NaN,NaN,NaN,NaN,NaN,NaN,NaN,NaN,NaN,NaN,NaN,NaN,NaN,NaN,NaN,NaN,NaN,NaN,NaN,NaN,NaN
NaN,NaN,NaN,NaN,NaN,NaN,NaN,NaN,NaN,NaN,NaN,NaN,NaN,-0.146757645721218,-0.146751400093696,-0.146729915182672,-0.14669820967803,-0.146094371309871,-0.143362357897373,-0.146727598741477,-0.146658476829966,-0.146595088457878,-0.146510595676569,-0.136495934929447,-0.119410413822689,-0.1181788501712,NaN,NaN,NaN,NaN,NaN,NaN,NaN,NaN,NaN,NaN,NaN,NaN,NaN,NaN,NaN,NaN,NaN,-0.120410259091942,-0.138557568954868,-0.13903081232189,-0.139491167280858,-0.139486835738491,-0.140186609955247,-0.13991982699276,-0.1400524595993,-0.139752657323547,-0.139497745197064,-0.139182354238545,-0.138843738588324,-0.138484986663358,-0.13814157996745,-0.137821219570965,-0.137533676649071,-0.136934585663888,-0.136393958215557,-0.136572228514369,-0.136318653474291,-0.136070794765058,-0.135789720580767,-0.135579139379747,-0.135396171365433,-0.135111141573405,-0.134749211170071,-0.134360114290602,-0.134006815401368,-0.133693146898771,-0.133407369003181,-0.133203753478203,-0.133058258388861,-0.132980099450683,-0.132814502869059,-0.132735918089579,-0.132606653593979,-0.13249900280935,-0.132378627106776,-0.132245977657954,-0.132078786878853,-0.131898222530747,-0.131744617652159,-0.131625757407511,-0.131548577670995,-0.13132942421607,NaN,NaN,NaN,NaN,NaN,NaN,NaN,NaN,NaN,NaN,NaN,NaN,NaN,NaN,NaN,NaN,NaN,NaN,NaN,NaN,NaN,NaN,NaN,NaN,NaN,NaN,NaN,NaN,NaN,NaN,NaN,NaN,NaN,NaN,NaN,NaN,NaN,NaN,NaN,NaN,NaN,NaN,NaN,NaN,NaN,NaN,NaN,NaN,NaN,NaN,NaN,NaN,NaN,NaN,NaN,NaN,NaN,NaN,NaN,NaN,NaN,NaN,NaN,NaN,NaN,NaN,NaN,-0.0451482794268752,-0.0439895805666266,-0.0405661457998779,-0.0393676622868387,-0.0384249634844378,-0.0372208743165068,-0.0352390375947762,NaN,NaN,NaN,NaN,NaN,NaN,NaN,NaN,NaN,NaN,NaN,NaN,NaN,NaN,NaN,NaN,NaN,NaN,NaN,NaN,NaN,NaN,NaN,NaN,NaN,NaN,NaN,NaN,NaN,NaN,NaN,NaN,NaN,NaN,NaN,NaN,NaN,NaN,NaN,NaN,NaN,NaN,NaN,NaN,NaN,NaN,NaN,NaN,NaN,NaN,NaN,NaN,NaN,NaN,NaN,NaN,NaN,NaN,NaN,NaN,NaN,NaN,NaN,NaN,NaN,NaN,NaN,NaN,NaN,NaN,NaN,NaN,NaN,NaN,NaN,NaN,NaN,NaN,NaN,NaN,NaN,NaN,NaN
NaN,NaN,NaN,NaN,NaN,NaN,NaN,NaN,NaN,NaN,NaN,NaN,NaN,-0.146749423857539,-0.146750792772766,NaN,NaN,NaN,NaN,NaN,-0.146463571278136,-0.146483319768447,-0.146430640690916,-0.146335087779093,-0.140905044948285,-0.13948500850821,NaN,NaN,NaN,NaN,NaN,NaN,NaN,NaN,NaN,NaN,NaN,NaN,NaN,NaN,NaN,-0.121578330730157,-0.138618638594891,-0.13752808819264,-0.138769071114117,-0.13978934257417,-0.139625992764787,-0.139778291111509,-0.140204190993642,-0.139953892218115,-0.137923553547335,-0.139642113532727,-0.13942158399874,-0.139121782433965,-0.138785729037739,-0.13844298274359,-0.13809416425604,-0.137704890122015,-0.137386112244815,-0.136641664859753,-0.136700929410786,-0.136402958106618,-0.136154891058468,-0.135864752180764,-0.135564761002722,-0.135413636219882,-0.135221150436826,-0.13486014595903,-0.134484941715745,-0.134111778895362,-0.133805247957656,-0.133524695067747,-0.133245379169731,-0.132982967068932,-0.132763087514804,-0.132624843323601,-0.132547091200707,-0.132467370675389,-0.132352705486135,-0.132218200027123,-0.132045326251108,-0.131856935570005,-0.131691221875316,-0.131553574196957,-0.131399471303177,-0.131265717819339,-0.131150601426257,-0.130992588746976,-0.128327577620058,NaN,NaN,NaN,NaN,NaN,NaN,NaN,NaN,NaN,NaN,NaN,NaN,NaN,NaN,NaN,NaN,NaN,NaN,NaN,NaN,NaN,NaN,NaN,NaN,NaN,NaN,NaN,NaN,NaN,NaN,NaN,NaN,NaN,NaN,NaN,NaN,NaN,NaN,NaN,NaN,NaN,NaN,NaN,NaN,NaN,NaN,NaN,NaN,NaN,NaN,NaN,NaN,NaN,NaN,NaN,NaN,NaN,NaN,NaN,NaN,NaN,NaN,NaN,NaN,NaN,-0.0462594738541442,-0.0455332407408152,-0.0447295775654653,-0.0430671297264397,-0.0417935813957901,-0.0411849620106324,-0.0405462094868801,NaN,NaN,NaN,NaN,NaN,NaN,NaN,NaN,NaN,NaN,NaN,NaN,NaN,NaN,NaN,NaN,NaN,NaN,NaN,NaN,NaN,NaN,NaN,NaN,NaN,NaN,NaN,NaN,NaN,NaN,NaN,NaN,NaN,NaN,NaN,NaN,NaN,NaN,NaN,NaN,NaN,NaN,NaN,NaN,NaN,NaN,NaN,NaN,NaN,NaN,NaN,NaN,NaN,NaN,NaN,NaN,NaN,NaN,NaN,NaN,NaN,NaN,NaN,NaN,NaN,NaN,NaN,NaN,NaN,NaN,NaN,NaN,NaN,NaN,NaN,NaN,NaN,NaN,NaN,NaN,NaN,NaN,NaN,NaN
NaN,NaN,NaN,NaN,NaN,NaN,NaN,NaN,NaN,NaN,NaN,NaN,NaN,NaN,NaN,NaN,NaN,NaN,NaN,NaN,NaN,-0.14629445824692,-0.14630721184643,-0.146227902735279,-0.146119719370349,-0.145978144542777,-0.145664248875878,-0.145467294111484,-0.145002106090193,-0.145065194406481,-0.129733450838381,NaN,NaN,NaN,NaN,NaN,NaN,NaN,NaN,NaN,-0.125465503340525,-0.13891741443452,-0.138690965148569,-0.138383293474872,-0.13866751163541,-0.140024084916702,-0.14013119850127,-0.139856674471359,-0.139986410444688,-0.14013417779269,-0.139942281700168,-0.139628657039641,-0.139111131616971,-0.139056079485857,-0.138670392141304,-0.138329072171899,-0.137982643961477,-0.137618963570181,-0.137303559814306,-0.136992987217628,-0.136621419269695,-0.136287150684309,-0.13604682511594,-0.13573084904189,-0.135442181329869,-0.135287993344339,-0.135080235577544,-0.134726726230194,-0.134386393565633,-0.13405243968767,-0.133788660755477,-0.133521084435731,-0.133224549633814,-0.132926431557195,-0.132666374792188,-0.132450856985109,-0.132255535311827,-0.132183278942512,-0.132119247508472,-0.13196123561291,-0.131757231593531,-0.131516659253958,-0.131315004930659,-0.131168763290907,-0.131009796392828,-0.130877428285344,-0.130750935014223,-0.130586316068697,-0.130280189558805,-0.122086869231807,NaN,NaN,NaN,NaN,NaN,NaN,NaN,NaN,NaN,NaN,NaN,NaN,NaN,NaN,NaN,NaN,NaN,NaN,NaN,NaN,NaN,NaN,NaN,NaN,NaN,NaN,NaN,NaN,NaN,NaN,NaN,NaN,NaN,NaN,NaN,NaN,NaN,NaN,NaN,NaN,NaN,NaN,NaN,NaN,NaN,NaN,NaN,NaN,NaN,NaN,NaN,NaN,NaN,NaN,NaN,NaN,NaN,NaN,NaN,NaN,NaN,NaN,NaN,-0.0472255046416686,-0.0468109393977823,-0.0461660024750804,-0.0452425348639755,-0.0442428257455784,-0.043757966137774,-0.0435700469876435,-0.0435442335814013,-0.0446558148204087,NaN,NaN,NaN,NaN,NaN,NaN,NaN,NaN,NaN,NaN,NaN,NaN,NaN,NaN,NaN,NaN,NaN,NaN,NaN,NaN,NaN,NaN,NaN,NaN,NaN,NaN,NaN,NaN,NaN,NaN,NaN,NaN,NaN,NaN,NaN,NaN,NaN,NaN,NaN,NaN,NaN,NaN,NaN,NaN,NaN,NaN,NaN,NaN,NaN,NaN,NaN,NaN,NaN,NaN,NaN,NaN,NaN,NaN,NaN,NaN,NaN,NaN,NaN,NaN,NaN,NaN,NaN,NaN,NaN,NaN,NaN,NaN,NaN,NaN,NaN,NaN,NaN,NaN,NaN,NaN,NaN,NaN,NaN
NaN,NaN,NaN,NaN,NaN,NaN,NaN,NaN,NaN,NaN,NaN,NaN,NaN,NaN,NaN,NaN,NaN,NaN,NaN,NaN,NaN,NaN,-0.145832765326319,-0.146119384484893,-0.145991642071708,-0.145873445556666,-0.145684602324907,-0.145511293264314,-0.145403066858973,-0.145350953635601,-0.145034648476551,NaN,NaN,NaN,NaN,NaN,NaN,NaN,NaN,-0.125765173164099,-0.136877557931638,-0.13659293402426,-0.138700764890766,-0.139067495087162,-0.139197432683949,-0.1398567206619,-0.140062223637259,-0.14012322631159,-0.140074210047286,-0.140017257781356,-0.139719813375847,-0.138740637304681,-0.139221020909599,-0.138973811446693,-0.138616916716634,-0.138208313592369,-0.137910627487227,-0.137531092172485,-0.137219697954322,-0.136980886054285,-0.136618774522525,-0.136250829823928,-0.135991171964797,-0.135683245537212,-0.135364079598422,-0.135161254127762,-0.134929320181166,-0.13461296198272,-0.134305268504403,-0.134006843640089,-0.133811827073851,-0.133599313294697,-0.133217611796395,-0.132877965437523,-0.132601015882808,-0.132352591670181,-0.132134899322321,-0.131978578595028,-0.131848019609481,-0.131698941552966,-0.131485083995097,-0.13124502174147,-0.13101967144375,-0.130812913453387,-0.130574107223085,-0.130389115059514,-0.130285996009271,-0.130141182105278,-0.13000027853533,-0.126917576334195,NaN,NaN,NaN,NaN,NaN,NaN,NaN,NaN,NaN,NaN,NaN,NaN,NaN,NaN,NaN,NaN,NaN,NaN,NaN,NaN,NaN,NaN,NaN,NaN,NaN,NaN,NaN,NaN,NaN,NaN,NaN,NaN,NaN,NaN,NaN,NaN,NaN,NaN,NaN,NaN,NaN,NaN,NaN,NaN,NaN,NaN,NaN,NaN,NaN,NaN,NaN,NaN,NaN,NaN,NaN,NaN,NaN,NaN,NaN,NaN,NaN,NaN,NaN,-0.047331252247218,-0.047113773906966,-0.0466667026268818,-0.0456785890927821,-0.0450866491091012,-0.0450388356434423,-0.0449075181266029,-0.045120292361185,-0.0456174552378912,-0.0459950054697697,-0.0462211547112246,NaN,NaN,NaN,NaN,NaN,NaN,NaN,NaN,NaN,NaN,NaN,NaN,NaN,NaN,NaN,NaN,NaN,NaN,NaN,NaN,NaN,NaN,NaN,NaN,NaN,NaN,NaN,NaN,NaN,NaN,NaN,NaN,NaN,NaN,NaN,NaN,NaN,NaN,NaN,NaN,NaN,NaN,NaN,NaN,NaN,NaN,NaN,NaN,NaN,NaN,NaN,NaN,NaN,NaN,NaN,NaN,NaN,NaN,NaN,NaN,NaN,NaN,NaN,NaN,NaN,NaN,NaN,NaN,NaN,NaN,NaN,NaN,NaN,NaN,NaN,NaN,NaN,NaN,NaN,NaN,NaN
NaN,NaN,NaN,NaN,NaN,NaN,NaN,NaN,NaN,NaN,NaN,NaN,NaN,NaN,NaN,NaN,NaN,NaN,NaN,NaN,NaN,NaN,NaN,-0.139224987381652,-0.145952248278259,-0.145842786298396,-0.145604918874533,-0.145440491402241,-0.145341405145049,-0.145296765373701,-0.145265362307348,-0.144797758290055,-0.144790838935979,-0.136192817610623,-0.138547712445448,-0.131480547208193,-0.131019686683242,-0.138668182746572,-0.138488471849347,-0.125960217224345,-0.13658285329819,-0.136590205812348,-0.138191996879657,-0.138478680135923,-0.138866000668332,-0.139838631953609,-0.140432965791547,-0.140249253789564,-0.140168122095588,-0.13987818065406,-0.139849488318435,-0.13950718295192,-0.139130824782763,-0.138881594536839,-0.138520500513937,-0.138127888096111,-0.13786543081648,-0.137567967565685,-0.137247245292927,-0.137045352636016,-0.136750930469883,-0.136331681874278,-0.136028666329626,-0.135648794137956,-0.135271216754401,-0.13502566450724,-0.134800050301487,-0.134543358027023,-0.134186512969208,-0.133934704016656,-0.133809148241734,-0.133574960446745,-0.133253731679702,-0.132952904472701,-0.132579010331139,-0.132233513881727,-0.131963902359655,-0.131804144438003,-0.131640025086147,-0.131440538674279,-0.131220285591657,-0.13095205624351,-0.130724843882796,-0.130476123967863,-0.130148505780619,-0.129937847761996,-0.129803416839083,-0.129637955026905,-0.129530849408451,-0.12921375082924,NaN,NaN,NaN,NaN,NaN,NaN,NaN,NaN,NaN,NaN,NaN,NaN,NaN,NaN,NaN,NaN,NaN,NaN,NaN,NaN,NaN,NaN,NaN,NaN,NaN,NaN,NaN,NaN,NaN,NaN,NaN,NaN,NaN,NaN,NaN,NaN,NaN,NaN,NaN,NaN,NaN,NaN,NaN,NaN,NaN,NaN,NaN,NaN,NaN,NaN,NaN,NaN,NaN,NaN,NaN,NaN,NaN,NaN,NaN,NaN,NaN,NaN,NaN,-0.0475025124019751,-0.0473691845681452,-0.0471511187732858,-0.0467329809913604,-0.0463614488126648,-0.0461380579053606,-0.0457366652329353,-0.0457399376338116,-0.0460249381670728,-0.0462913134727633,-0.0464693705303863,-0.0466484061393313,-0.0412193736922039,NaN,NaN,NaN,NaN,NaN,NaN,NaN,NaN,NaN,NaN,NaN,NaN,NaN,NaN,NaN,NaN,NaN,NaN,NaN,NaN,NaN,NaN,NaN,NaN,NaN,NaN,NaN,NaN,NaN,NaN,NaN,NaN,NaN,NaN,NaN,NaN,NaN,NaN,NaN,NaN,NaN,NaN,NaN,NaN,NaN,NaN,NaN,NaN,NaN,NaN,NaN,NaN,NaN,NaN,NaN,NaN,NaN,NaN,NaN,NaN,NaN,NaN,NaN,NaN,NaN,NaN,NaN,NaN,NaN,NaN,NaN,NaN,NaN,NaN,NaN,NaN,NaN,NaN,NaN
NaN,NaN,NaN,NaN,NaN,NaN,NaN,NaN,NaN,NaN,NaN,NaN,NaN,NaN,NaN,NaN,NaN,NaN,NaN,NaN,NaN,NaN,NaN,NaN,NaN,NaN,-0.145330171282351,-0.145360810455117,-0.145277536394742,-0.145233848871113,-0.14518270635907,-0.145097731134294,-0.144753775708307,-0.142942821161717,-0.138195645909929,-0.1206843558175,-0.123773958772346,-0.138649317369887,-0.138387472308945,-0.137991739540531,-0.137552978190378,-0.139799304019144,-0.139531386603219,-0.140014692825598,-0.139929737946899,-0.140099227083104,-0.140358939509783,-0.140303226701279,-0.139884821648578,-0.140071110092546,-0.139736065648682,-0.139486757321752,-0.138952104238381,-0.138646498480068,-0.138496979506287,-0.138141532347836,-0.137893529819509,-0.137703724355782,-0.137446211936606,-0.137207049770127,-0.136882700076798,-0.136414680294453,-0.135975594144181,-0.135532506220674,-0.135287693609389,-0.135064691197364,-0.134813535346667,-0.134441468753235,-0.134126734038714,-0.133954405061046,-0.133828236487315,-0.133574694685912,-0.13327164958056,-0.132989025444518,-0.132503565488953,-0.132062822224423,-0.131778161561766,-0.131576637857826,-0.131394516716414,-0.131175143287274,-0.13084693299615,-0.130589967060054,-0.130423437939234,-0.130145846550267,-0.129858609420651,-0.129668513135173,-0.129493027367394,-0.129305188884533,-0.129176227860377,-0.129025971024337,-0.128827695297109,NaN,NaN,NaN,NaN,NaN,NaN,NaN,NaN,NaN,NaN,NaN,NaN,NaN,NaN,NaN,NaN,NaN,NaN,NaN,NaN,NaN,NaN,NaN,NaN,NaN,NaN,NaN,NaN,NaN,NaN,NaN,NaN,NaN,NaN,NaN,NaN,NaN,NaN,NaN,NaN,NaN,NaN,NaN,NaN,NaN,NaN,NaN,NaN,NaN,NaN,NaN,NaN,NaN,NaN,NaN,NaN,NaN,NaN,NaN,NaN,NaN,NaN,-0.0478370543851488,-0.0477758307810128,-0.0476844036562576,-0.0477495726761743,-0.0476350620795366,-0.0471170264381982,-0.0466521863382229,-0.0464152870989872,-0.0464489044154488,-0.0466197214911344,-0.046863497663118,-0.0466045251968302,-0.0412733129254967,NaN,NaN,NaN,NaN,NaN,NaN,NaN,NaN,NaN,NaN,NaN,NaN,NaN,NaN,NaN,NaN,NaN,NaN,NaN,NaN,NaN,NaN,NaN,NaN,NaN,NaN,NaN,NaN,NaN,NaN,NaN,NaN,NaN,NaN,NaN,NaN,NaN,NaN,NaN,NaN,NaN,NaN,NaN,NaN,NaN,NaN,NaN,NaN,NaN,NaN,NaN,NaN,NaN,NaN,NaN,NaN,NaN,NaN,NaN,NaN,NaN,NaN,NaN,NaN,NaN,NaN,NaN,NaN,NaN,NaN,NaN,NaN,NaN,NaN,NaN,NaN,NaN,NaN,NaN
NaN,NaN,NaN,NaN,NaN,NaN,NaN,NaN,NaN,NaN,NaN,NaN,NaN,NaN,NaN,NaN,NaN,NaN,NaN,NaN,NaN,NaN,NaN,NaN,NaN,NaN,-0.13254128986348,-0.143801478669662,-0.145236241712717,-0.145180922202749,-0.145120533582458,-0.145022379974589,-0.144662500908634,-0.144407781850399,-0.141715499122225,-0.141325978323622,-0.140711118197793,-0.137566147747899,-0.136512331144741,-0.137940308887924,-0.136410821781798,-0.139278539759603,-0.141013326365516,-0.140763544249866,-0.135556540682656,-0.132761746308966,-0.139064421810767,-0.139802321161619,-0.139789060060806,-0.139883822223215,-0.139704275840536,-0.139464038784516,-0.139211995690014,-0.138916619468854,-0.138573061514246,-0.138326879595525,-0.138069133498578,-0.137820982246489,-0.137569063444992,-0.137320626650626,-0.136979717117668,-0.13640806041449,-0.135922842220298,-0.135617967825058,-0.135393731218941,-0.135119085214891,-0.134804527657759,-0.134408603669156,-0.134115978230003,-0.133965109108315,-0.133822601980177,-0.133556960475076,-0.133255032245795,-0.13293938344496,-0.132401237133692,-0.131948546043381,-0.131587925411523,-0.131284940924188,-0.131066713830785,-0.130777898729754,-0.130526908303205,-0.130334263067418,-0.130146506345045,-0.129900610962445,-0.129671953981066,-0.129503912320386,-0.129328875037798,-0.129137673949066,-0.129009503786372,-0.128877148171109,-0.128748369063161,-0.12868060023203,NaN,NaN,NaN,NaN,NaN,NaN,NaN,NaN,NaN,NaN,NaN,NaN,NaN,NaN,NaN,NaN,NaN,NaN,NaN,NaN,NaN,NaN,NaN,NaN,NaN,NaN,NaN,NaN,NaN,NaN,NaN,NaN,NaN,NaN,NaN,NaN,NaN,NaN,NaN,NaN,NaN,NaN,NaN,NaN,NaN,NaN,NaN,NaN,NaN,NaN,NaN,NaN,NaN,NaN,NaN,NaN,NaN,NaN,NaN,NaN,NaN,-0.0482784050577648,-0.0482423989925974,-0.0481793300043579,-0.0481989751512574,-0.0482349913050944,-0.0478072371613484,-0.0475374249999624,-0.0472497346376686,-0.0471359049310333,-0.0472201899661363,-0.0474283462679296,-0.0471393362177947,-0.0473955632299003,NaN,NaN,NaN,NaN,NaN,NaN,NaN,NaN,NaN,NaN,NaN,NaN,NaN,NaN,NaN,NaN,NaN,NaN,NaN,NaN,NaN,NaN,NaN,NaN,NaN,NaN,NaN,NaN,NaN,NaN,NaN,NaN,NaN,NaN,NaN,NaN,NaN,NaN,NaN,NaN,NaN,NaN,NaN,NaN,NaN,NaN,NaN,NaN,NaN,NaN,NaN,NaN,NaN,NaN,NaN,NaN,NaN,NaN,NaN,NaN,NaN,NaN,NaN,NaN,NaN,NaN,NaN,NaN,NaN,NaN,NaN,NaN,NaN,NaN,NaN,NaN,NaN,NaN,NaN
NaN,NaN,NaN,NaN,NaN,NaN,NaN,NaN,NaN,NaN,NaN,NaN,NaN,NaN,NaN,NaN,NaN,NaN,NaN,NaN,NaN,NaN,NaN,NaN,NaN,NaN,NaN,-0.13384879249043,-0.145114690102006,-0.14509932347287,-0.145011001935627,-0.144848076854116,-0.144749521462874,-0.143350012008637,-0.138743351032743,-0.13792310639326,-0.140741766682728,-0.134953043135099,-0.134999621905988,-0.135909482519346,-0.138338868781167,-0.138473593814059,-0.139700342930824,-0.141612392674267,-0.14012903815448,-0.140700028190686,-0.140298859104029,-0.140392610682529,-0.140363633228932,-0.139797134755804,-0.139932001202573,-0.139602515799209,-0.139339620928045,-0.139002083708406,-0.1386843241319,-0.138461649871625,-0.13823807466412,-0.137975967825455,-0.137704050217886,-0.137352993445621,-0.136967628464474,-0.136527647431947,-0.136085951120616,-0.135733072830121,-0.135473077945268,-0.13516223442043,-0.134837119606627,-0.134435500465655,-0.134170716609566,-0.134002921458657,-0.133840071083722,-0.133541721411311,-0.133242685977481,-0.132874119584153,-0.132337220145549,-0.131838072152776,-0.131406435909173,-0.131028431281281,-0.130698214384991,-0.130454985516906,-0.130257337902182,-0.130086756286283,-0.129937937424424,-0.129741560237843,-0.129528150514651,-0.129380577575997,-0.129213231617236,-0.129019493142175,-0.12889572139232,-0.128772943148384,-0.128676144678659,-0.12862944691949,-0.128606289436373,NaN,NaN,NaN,NaN,NaN,NaN,NaN,NaN,NaN,NaN,NaN,NaN,NaN,NaN,NaN,NaN,NaN,NaN,NaN,NaN,NaN,NaN,NaN,NaN,NaN,NaN,NaN,NaN,NaN,NaN,NaN,NaN,NaN,NaN,NaN,NaN,NaN,NaN,NaN,NaN,NaN,NaN,NaN,NaN,NaN,NaN,NaN,NaN,NaN,NaN,NaN,NaN,NaN,NaN,NaN,NaN,NaN,NaN,NaN,NaN,-0.0489276895369393,-0.0488928704327855,-0.0488481490065985,-0.0488652461047818,-0.0488069537767835,-0.048521551835726,-0.048236971070698,-0.0479771805757398,-0.0479493926083791,-0.0480254698632377,-0.0481266559721938,-0.047668577626434,-0.0477237808536833,NaN,NaN,NaN,NaN,NaN,NaN,NaN,NaN,NaN,NaN,NaN,NaN,NaN,NaN,NaN,NaN,NaN,NaN,NaN,NaN,NaN,NaN,NaN,NaN,NaN,NaN,NaN,NaN,NaN,NaN,NaN,NaN,NaN,NaN,NaN,NaN,NaN,NaN,NaN,NaN,NaN,NaN,NaN,NaN,NaN,NaN,NaN,NaN,NaN,NaN,NaN,NaN,NaN,NaN,NaN,NaN,NaN,NaN,NaN,NaN,NaN,NaN,NaN,NaN,NaN,NaN,NaN,NaN,NaN,NaN,NaN,NaN,NaN,NaN,NaN,NaN,NaN,NaN,NaN
NaN,NaN,NaN,NaN,NaN,NaN,NaN,NaN,NaN,NaN,NaN,NaN,NaN,NaN,NaN,NaN,NaN,NaN,NaN,NaN,NaN,NaN,NaN,NaN,NaN,NaN,NaN,NaN,-0.133717742610308,-0.144836462943444,-0.144804172889049,-0.144664740321845,-0.144564523914867,-0.143952906875423,-0.136073091595243,-0.139158091298613,-0.13579909359273,-0.135701829949702,-0.133919845895378,-0.135190278356957,-0.138100638853621,-0.138803594652622,-0.138927800397277,-0.141567589250123,-0.141115275055085,-0.141020152331699,-0.140660116439155,-0.140780261855393,-0.140594065007934,-0.140364193083086,-0.140057490445973,-0.139676900667853,-0.139363183360208,-0.139095849602507,-0.138790462633103,-0.138556323919131,-0.138360299771159,-0.13814193254649,-0.137867324313506,-0.137335533511144,-0.136969521686045,-0.136615451832205,-0.136214051762689,-0.135783541677171,-0.135100994918089,-0.134336174869794,-0.134250200832633,-0.134291700271041,-0.134202908153882,-0.133859406802156,-0.133699698282552,-0.133079914255669,-0.133156643372722,-0.132672862421314,-0.132159349280355,-0.131795121259006,-0.131305085162847,-0.130835573842391,-0.130464003297755,-0.130226136753734,-0.129989393651934,-0.129855617091669,-0.129755329412093,-0.129597471276464,-0.129400430741585,-0.129293737831384,-0.129129456505939,-0.128938131375201,-0.128828860227185,-0.128708022205836,-0.128604205116366,-0.128555015068614,-0.128573866961691,NaN,NaN,NaN,NaN,NaN,NaN,NaN,NaN,NaN,NaN,NaN,NaN,NaN,NaN,NaN,NaN,NaN,NaN,NaN,NaN,NaN,NaN,NaN,NaN,NaN,NaN,NaN,NaN,NaN,NaN,NaN,NaN,NaN,NaN,NaN,NaN,NaN,NaN,NaN,NaN,NaN,NaN,NaN,NaN,NaN,NaN,NaN,NaN,NaN,NaN,NaN,NaN,NaN,NaN,NaN,NaN,NaN,NaN,NaN,NaN,-0.049887036739642,-0.049877068831339,-0.0498383807039534,-0.0497972677875255,-0.0496203181483469,-0.0491305114850506,-0.0488605586057165,-0.0488732480659447,-0.0489730145241731,-0.0490257313301042,-0.0489796456305953,-0.0464713395611251,-0.0468640972742016,NaN,NaN,NaN,NaN,NaN,NaN,NaN,NaN,NaN,NaN,NaN,NaN,NaN,NaN,NaN,NaN,NaN,NaN,NaN,NaN,NaN,NaN,NaN,NaN,NaN,NaN,NaN,NaN,NaN,NaN,NaN,NaN,NaN,NaN,NaN,NaN,NaN,NaN,NaN,NaN,NaN,NaN,NaN,NaN,NaN,NaN,NaN,NaN,NaN,NaN,NaN,NaN,NaN,NaN,NaN,NaN,NaN,NaN,NaN,NaN,NaN,NaN,NaN,NaN,NaN,NaN,NaN,NaN,NaN,NaN,NaN,NaN,NaN,NaN,NaN,NaN,NaN,NaN,NaN
NaN,NaN,NaN,NaN,NaN,NaN,NaN,NaN,NaN,NaN,NaN,NaN,NaN,NaN,NaN,NaN,NaN,NaN,NaN,NaN,NaN,NaN,NaN,NaN,NaN,NaN,NaN,NaN,NaN,-0.133376480617421,-0.144529717278613,-0.144487262549883,-0.144348089842158,-0.144259796304193,-0.143593584382119,-0.138925814809765,-0.138851349505138,-0.134824789690786,-0.133898108152919,-0.134703121823706,-0.137192477041498,-0.140481814565855,-0.141727511610256,-0.141670150114784,-0.14153734281457,-0.141371872358997,-0.141156091777319,-0.140925399961802,-0.140695736787503,-0.140437943208998,-0.140136074822462,-0.139823413976828,-0.139476955540931,-0.139151613534705,-0.138876045719716,-0.138658355438235,-0.13846848876855,-0.13823822097714,-0.136453130656112,-0.134548408762765,-0.137013744154743,-0.134369991284727,-0.13503146196896,-0.135217032115661,-0.135192383526904,-0.13518975206148,-0.134973091166756,-0.13468427888627,-0.134452425972309,-0.13419728215332,-0.133897364271415,-0.133565026019113,-0.133231440564717,-0.132816217421476,-0.132312976218169,-0.131711316319645,-0.131213199735373,-0.130830954679085,-0.130369046581923,-0.130087486893257,-0.129849085833199,-0.129725454948306,-0.129652894414577,-0.129450951157892,-0.129272416669353,-0.129191843254566,-0.129033792247526,-0.128893523771046,-0.12880368705916,-0.128671761901276,-0.128545713282527,-0.128450895766638,-0.128269816705936,-0.127857051468718,-0.127836535541414,NaN,NaN,NaN,NaN,NaN,NaN,NaN,NaN,NaN,NaN,NaN,NaN,NaN,NaN,NaN,NaN,NaN,NaN,NaN,NaN,NaN,NaN,NaN,NaN,NaN,NaN,NaN,NaN,NaN,NaN,NaN,NaN,NaN,NaN,NaN,NaN,NaN,NaN,NaN,NaN,NaN,NaN,NaN,NaN,NaN,NaN,NaN,NaN,NaN,NaN,NaN,NaN,NaN,NaN,NaN,NaN,NaN,NaN,-0.0506685988453126,-0.0508569316871995,-0.0509740322221684,-0.0509840455513811,-0.0506600248675288,-0.0500100269731976,-0.0497601500317575,-0.0501450123054325,-0.050221410844339,-0.0502131667469106,-0.0499874144021452,-0.0462755711406891,NaN,NaN,NaN,NaN,NaN,NaN,NaN,NaN,NaN,NaN,NaN,NaN,NaN,NaN,NaN,NaN,NaN,NaN,NaN,NaN,NaN,NaN,NaN,NaN,NaN,NaN,NaN,NaN,NaN,NaN,NaN,NaN,NaN,NaN,NaN,NaN,NaN,NaN,NaN,NaN,NaN,NaN,NaN,NaN,NaN,NaN,NaN,NaN,NaN,NaN,NaN,NaN,NaN,NaN,NaN,NaN,NaN,NaN,NaN,NaN,NaN,NaN,NaN,NaN,NaN,NaN,NaN,NaN,NaN,NaN,NaN,NaN,NaN,NaN,NaN,NaN,NaN,NaN,NaN,NaN
NaN,NaN,NaN,NaN,NaN,NaN,NaN,NaN,NaN,NaN,NaN,NaN,NaN,NaN,NaN,NaN,NaN,NaN,NaN,NaN,NaN,NaN,NaN,NaN,NaN,NaN,NaN,NaN,NaN,-0.131552021345499,-0.144350948814857,-0.144324369787187,-0.144189735155915,-0.144080921889804,-0.143945172682688,-0.143151359114273,-0.128123115544781,-0.142880774060578,-0.133466809657966,-0.137613293540481,-0.141261837483746,-0.141952283254351,-0.141801735793098,-0.141654873567535,-0.141548482119502,-0.141387100197731,-0.141146079601488,-0.14091368826595,-0.140699287091107,-0.140457490689064,-0.140172844770774,-0.139838456901648,-0.139550522478738,-0.139277217675339,-0.139011784721713,-0.138776610899162,-0.138502268730699,-0.135219987959342,-0.130343051145401,-0.13018747485309,-0.133408859693079,-0.13384735758761,-0.135020420765611,-0.134434076711276,-0.134695044102433,-0.135469238364641,-0.13516644342385,-0.134777799453118,-0.134485180650799,-0.134233028542761,-0.133911873864293,-0.133603681328457,-0.133204175791984,-0.13282699776912,-0.132408767876046,-0.131803605898574,-0.131408398250232,-0.130773122188926,-0.130512673475143,-0.130133116578795,-0.129836674990068,-0.129679892064836,-0.129565007154715,-0.129355627115091,-0.129220279769007,-0.129094129736594,-0.128950587083038,-0.128858606776096,-0.128767056075712,-0.128652252972541,-0.128539782065458,-0.128426708527732,-0.128163522231049,-0.127862250245899,-0.127697409229262,-0.127450084754888,-0.127439881875095,-0.127451515897983,-0.126722425621972,NaN,NaN,NaN,NaN,NaN,NaN,NaN,NaN,NaN,NaN,NaN,NaN,NaN,NaN,NaN,NaN,NaN,NaN,NaN,NaN,NaN,NaN,NaN,NaN,NaN,NaN,NaN,NaN,NaN,NaN,NaN,NaN,NaN,NaN,NaN,NaN,NaN,NaN,NaN,NaN,NaN,NaN,NaN,NaN,NaN,NaN,NaN,NaN,NaN,NaN,NaN,NaN,NaN,NaN,-0.050895360835166,-0.0515075173060773,-0.051629679248542,-0.0517331027860069,-0.0517030176851918,-0.0517996840016037,-0.0517020204868476,-0.0515453306636895,-0.0516098963932681,-0.0515679237676639,-0.0514637048152576,NaN,NaN,NaN,NaN,NaN,NaN,NaN,NaN,NaN,NaN,NaN,NaN,NaN,NaN,NaN,NaN,NaN,NaN,NaN,NaN,NaN,NaN,NaN,NaN,NaN,NaN,NaN,NaN,NaN,NaN,NaN,NaN,NaN,NaN,NaN,NaN,NaN,NaN,NaN,NaN,NaN,NaN,NaN,NaN,NaN,NaN,NaN,NaN,NaN,NaN,NaN,NaN,NaN,NaN,NaN,NaN,NaN,NaN,NaN,NaN,NaN,NaN,NaN,NaN,NaN,NaN,NaN,NaN,NaN,NaN,NaN,NaN,NaN,NaN,NaN,NaN,NaN,NaN,NaN,NaN,NaN
NaN,NaN,NaN,NaN,NaN,NaN,NaN,NaN,NaN,NaN,NaN,NaN,NaN,NaN,NaN,NaN,NaN,NaN,NaN,NaN,NaN,NaN,NaN,NaN,NaN,NaN,NaN,NaN,NaN,NaN,NaN,-0.14396701742267,-0.143983904978243,-0.143862973064277,-0.143741712091177,-0.143648065735488,-0.142759211922199,-0.142917917381989,-0.142749614770625,-0.142593313102792,-0.14237572017904,-0.142127045301659,-0.141849185433384,-0.14166457576085,-0.141576890249233,-0.141436020301091,-0.141122063432747,-0.14087697502511,-0.140681599809624,-0.140418386191371,-0.140171464347445,-0.139925103218579,-0.139623397769529,-0.139338251462145,-0.139066027328087,-0.13815396124404,-0.133509076218265,-0.132975651987978,-0.131829970663373,-0.134144783436602,-0.135244242398364,-0.135255555117021,-0.136040455576614,-0.135999125989122,-0.135862343743777,-0.13558404475255,-0.135337325108371,-0.134978483324621,-0.134581629420133,-0.13415927684146,-0.13381238853076,-0.133540906073802,-0.133251402596168,-0.132835469475324,-0.13237547751249,-0.132028228326764,-0.131511866200075,-0.131119777217096,-0.130810652073458,-0.130449392350305,-0.13004314727388,-0.129750683232149,-0.129547105317641,-0.129348283451077,-0.129187323196554,-0.129021262598839,-0.12890134362095,-0.128815087949179,-0.128728386860255,-0.128644796846503,-0.128558294750821,-0.128398630927181,-0.12814618539687,-0.12790700228571,-0.127679223439248,-0.127406979618831,-0.127330903655328,-0.127366717579421,-0.127488652086769,NaN,NaN,NaN,NaN,NaN,NaN,NaN,NaN,NaN,NaN,NaN,NaN,NaN,NaN,NaN,NaN,NaN,NaN,NaN,NaN,NaN,NaN,NaN,NaN,NaN,NaN,NaN,NaN,NaN,NaN,NaN,NaN,NaN,NaN,NaN,NaN,NaN,NaN,NaN,NaN,NaN,NaN,NaN,NaN,NaN,NaN,NaN,NaN,NaN,NaN,NaN,NaN,NaN,NaN,NaN,-0.0526484913388708,-0.0523682673021331,-0.0523495313275574,-0.0525584076245129,-0.0530524249548338,-0.0532045296777578,-0.0529176995425741,-0.0528200359685569,-0.0527520785475493,-0.0526722572113504,NaN,NaN,NaN,NaN,NaN,NaN,NaN,NaN,NaN,NaN,NaN,NaN,NaN,NaN,NaN,NaN,NaN,NaN,NaN,NaN,NaN,NaN,NaN,NaN,NaN,NaN,NaN,NaN,NaN,NaN,NaN,NaN,NaN,NaN,NaN,NaN,NaN,NaN,NaN,NaN,NaN,NaN,NaN,NaN,NaN,NaN,NaN,NaN,NaN,NaN,NaN,NaN,NaN,NaN,NaN,NaN,NaN,NaN,NaN,NaN,NaN,NaN,NaN,NaN,NaN,NaN,NaN,NaN,NaN,NaN,NaN,NaN,NaN,NaN,NaN,NaN,NaN,NaN,NaN,NaN,NaN
NaN,NaN,NaN,NaN,NaN,NaN,NaN,NaN,NaN,NaN,NaN,NaN,NaN,NaN,NaN,NaN,NaN,NaN,NaN,NaN,NaN,NaN,NaN,NaN,NaN,NaN,NaN,NaN,NaN,NaN,NaN,NaN,-0.143762205689572,-0.143698354039671,-0.14353571188775,-0.14351718085463,-0.143327288109976,-0.143026189098941,-0.142802911210622,-0.142595341850375,-0.142382502230154,-0.142208896592287,-0.141990731989736,-0.141749988530919,-0.141598851564164,-0.141413014740369,-0.141089011297183,-0.140860755647643,-0.140630784466001,-0.140407580509153,-0.140219919454184,-0.13999555848527,-0.139679534023007,-0.138574889695873,-0.139091786845752,-0.135204682358224,-0.134882828430009,-0.135270436843269,-0.136783015906724,-0.136066654256126,-0.136285436980764,-0.136555462828117,-0.136697771108655,-0.136341949014249,-0.136086760550658,-0.135760146133358,-0.135468362048278,-0.135070020662303,-0.134681406555218,-0.134211033106256,-0.133807404828554,-0.133395451543082,-0.133092446853865,-0.132740297924158,-0.132272572158525,-0.13200061349879,-0.131604221337376,-0.131146303297932,-0.13089654890441,-0.130630167743445,-0.130257049827155,-0.129899251091609,-0.129580876063517,-0.129427708161586,-0.129246153052859,-0.128983139040088,-0.128839983349285,-0.128739075116452,-0.128674632174496,-0.128620087240927,-0.128549411028063,-0.128437338943282,-0.128173629914933,-0.127877169630729,-0.127489851783352,-0.127081506695122,-0.126984955972492,-0.126926109452687,NaN,NaN,NaN,NaN,NaN,NaN,NaN,-0.110701264299908,-0.114424372905567,-0.110706963324563,NaN,NaN,NaN,NaN,NaN,NaN,NaN,NaN,NaN,NaN,NaN,NaN,NaN,NaN,NaN,NaN,NaN,NaN,NaN,NaN,NaN,NaN,NaN,NaN,NaN,NaN,NaN,NaN,NaN,NaN,NaN,NaN,NaN,NaN,NaN,NaN,NaN,NaN,NaN,NaN,NaN,NaN,NaN,NaN,NaN,NaN,-0.0533349719077155,-0.0531736505205739,-0.0531684001222267,-0.0533809474877029,-0.0538810325060469,-0.0541477163790639,-0.0540589561797986,-0.0538855841427211,-0.0537791942413312,-0.0536868896577782,NaN,NaN,NaN,NaN,NaN,NaN,NaN,NaN,NaN,NaN,NaN,NaN,NaN,NaN,NaN,NaN,NaN,NaN,NaN,NaN,NaN,NaN,NaN,NaN,NaN,NaN,NaN,NaN,NaN,NaN,NaN,NaN,NaN,NaN,NaN,NaN,NaN,NaN,NaN,NaN,NaN,NaN,NaN,NaN,NaN,NaN,NaN,NaN,NaN,NaN,NaN,NaN,NaN,NaN,NaN,NaN,NaN,NaN,NaN,NaN,NaN,NaN,NaN,NaN,NaN,NaN,NaN,NaN,NaN,NaN,NaN,NaN,NaN,NaN,NaN,NaN,NaN,NaN,NaN,NaN,NaN
NaN,NaN,NaN,NaN,NaN,NaN,NaN,NaN,NaN,NaN,NaN,NaN,NaN,NaN,NaN,NaN,NaN,NaN,NaN,NaN,NaN,NaN,NaN,NaN,NaN,NaN,NaN,NaN,NaN,NaN,NaN,NaN,NaN,NaN,-0.143418809727701,-0.143410046688302,-0.143059645668685,-0.142837640960185,-0.142721606789814,-0.142613213742117,-0.142446598687121,-0.1422447965693,-0.142028769165164,-0.141815310386549,-0.141624527026575,-0.140950195185246,-0.14112627128425,-0.14089483539071,-0.140598042166736,-0.140467808097103,-0.140293444984815,-0.136795014018789,-0.136102657678719,-0.134249899710709,-0.135676200532061,-0.135360754507391,-0.135970838000748,-0.135126891388077,-0.136864538007616,-0.136982891925524,-0.137076690618355,-0.136827435519052,-0.136619021320687,-0.136589264055614,-0.136348569400633,-0.135974846100663,-0.135608651224213,-0.135229673646371,-0.134841345906682,-0.134053612007226,-0.13384990552235,-0.13338190520057,-0.133030637136687,-0.13255247766266,-0.132147763081786,-0.131912929941671,-0.13156110993429,-0.131135275271231,-0.130901074370002,-0.130718913087487,-0.130392272086282,-0.129939123145941,-0.129635608890698,-0.129473551242265,-0.129273122279204,-0.128968536948278,-0.128812658924181,-0.128688653353933,-0.128594551955665,-0.128535530009497,-0.128455073215108,-0.128301762257407,-0.128054846467824,-0.127620061005147,-0.127018258192306,-0.126702522935874,-0.126402460940726,-0.126055251490981,-0.125480651854313,NaN,NaN,NaN,NaN,NaN,NaN,-0.107643861098063,-0.114163457746236,-0.122066256608711,NaN,NaN,NaN,NaN,NaN,NaN,NaN,NaN,NaN,NaN,NaN,NaN,NaN,NaN,NaN,NaN,NaN,NaN,NaN,NaN,NaN,NaN,NaN,NaN,NaN,NaN,NaN,NaN,NaN,NaN,NaN,NaN,NaN,NaN,NaN,NaN,NaN,NaN,NaN,NaN,NaN,NaN,NaN,NaN,NaN,NaN,-0.054397518130873,-0.0540462784119486,-0.0539829996592219,-0.0542323032499648,-0.0547201798913982,-0.0549535139644613,-0.0548829276218835,-0.0547214932737649,-0.0545611689294152,-0.054448515180166,NaN,NaN,NaN,NaN,NaN,NaN,NaN,NaN,NaN,NaN,NaN,NaN,NaN,NaN,NaN,NaN,NaN,NaN,NaN,NaN,NaN,NaN,NaN,NaN,NaN,NaN,NaN,NaN,NaN,NaN,NaN,NaN,NaN,NaN,NaN,NaN,NaN,NaN,NaN,NaN,NaN,NaN,NaN,NaN,NaN,NaN,NaN,NaN,NaN,NaN,NaN,NaN,NaN,NaN,NaN,NaN,NaN,NaN,NaN,NaN,NaN,NaN,NaN,NaN,NaN,NaN,NaN,NaN,NaN,NaN,NaN,NaN,NaN,NaN,NaN,NaN,NaN,NaN,NaN,NaN,NaN
NaN,NaN,NaN,NaN,NaN,NaN,NaN,NaN,NaN,NaN,NaN,NaN,NaN,NaN,NaN,NaN,NaN,NaN,NaN,NaN,NaN,NaN,NaN,NaN,NaN,NaN,NaN,NaN,NaN,NaN,NaN,NaN,NaN,NaN,NaN,NaN,-0.142821354420152,-0.142711068055728,-0.142642563321782,-0.142583026668683,-0.142448095430584,-0.142221493592681,-0.142035147172551,-0.141841918810305,-0.141608623687688,-0.141380984578046,-0.141155732299693,-0.13810291558813,-0.14002554967773,-0.140536717164363,-0.138217193911196,-0.137254976037553,-0.135153743006277,-0.135048352911534,-0.134581579551745,-0.136437312375621,-0.136002160629197,-0.136129497785794,-0.137787703685159,-0.137745398280274,-0.137783684144798,-0.137124227511648,-0.136990281286823,-0.136771109738793,-0.136496807542694,-0.136131587293918,-0.135773281569942,-0.135362996703367,-0.134958015211437,-0.134108663994352,-0.133929547508052,-0.133415885241144,-0.133080621880227,-0.132647668095146,-0.132193971054153,-0.131841888355611,-0.131499081525276,-0.131158859058444,-0.130888862707438,-0.130724660660665,-0.13043657101993,-0.130007838078213,-0.129704765158945,-0.129499952919033,-0.129312566438298,-0.129022577349678,-0.128798380524815,-0.128657982238178,-0.128553857475885,-0.128455160165146,-0.128328201050312,-0.128158056109202,-0.127874850198867,-0.127184707048528,-0.126503632061939,-0.126167793994459,-0.125766212244829,-0.125477787752343,-0.124740585198149,-0.123718750931154,-0.123529461045385,NaN,NaN,-0.122551531455191,-0.11599480374473,-0.121862974308339,-0.121253282654606,-0.122031405394882,NaN,NaN,NaN,NaN,NaN,NaN,NaN,NaN,NaN,NaN,NaN,NaN,NaN,NaN,NaN,NaN,NaN,NaN,NaN,NaN,NaN,NaN,NaN,NaN,NaN,NaN,NaN,NaN,NaN,NaN,NaN,NaN,NaN,NaN,NaN,NaN,NaN,NaN,NaN,NaN,NaN,NaN,NaN,NaN,-0.0584432213043847,-0.058377561142106,-0.0560527571034177,-0.0550357796068497,-0.0546917412947607,-0.055022392698888,-0.0552009295250837,-0.0554439515664355,-0.0553860070501401,-0.055197776105318,-0.0549666780506404,-0.0547622745429389,NaN,NaN,NaN,NaN,NaN,NaN,NaN,NaN,NaN,NaN,NaN,NaN,NaN,NaN,NaN,NaN,NaN,NaN,NaN,NaN,NaN,NaN,NaN,NaN,NaN,NaN,NaN,NaN,NaN,NaN,NaN,NaN,NaN,NaN,NaN,NaN,NaN,NaN,NaN,NaN,NaN,NaN,NaN,NaN,NaN,NaN,NaN,NaN,NaN,NaN,NaN,NaN,NaN,NaN,NaN,NaN,NaN,NaN,NaN,NaN,NaN,NaN,NaN,NaN,NaN,NaN,NaN,NaN,NaN,NaN,NaN,NaN,NaN,NaN,NaN,NaN,NaN,NaN,NaN,NaN,NaN
NaN,NaN,NaN,NaN,NaN,NaN,NaN,NaN,NaN,NaN,NaN,NaN,NaN,NaN,NaN,NaN,NaN,NaN,NaN,NaN,NaN,NaN,NaN,NaN,NaN,NaN,NaN,NaN,NaN,NaN,NaN,NaN,NaN,NaN,NaN,NaN,NaN,-0.142415202369562,-0.142443236989825,-0.141212910366632,-0.139889530722609,-0.142222529450573,-0.142060097066285,-0.141907072023327,-0.140220602072818,-0.141271133637001,-0.141085859543815,-0.140923896902497,-0.140740945341071,-0.140554711652733,-0.137257509526107,-0.137380567291046,-0.136652416671479,-0.132550138978144,-0.132870965453999,-0.135272966738897,-0.136905273245575,-0.136417777080042,-0.138401988905442,-0.138171360633065,-0.137932495012773,-0.137608379576845,-0.137252482894634,-0.136943418325887,-0.13668861553238,-0.136311650083267,-0.135912989554869,-0.135478936167751,-0.13486998439374,-0.134633845720549,-0.134212039206714,-0.133629248345442,-0.133170990151616,-0.132665656615703,-0.132203810418001,-0.131925383296255,-0.131599296973278,-0.131208916525148,-0.130934136183751,-0.1307719233143,-0.130508623918414,-0.130083073789248,-0.129782440037732,-0.12952781446467,-0.129344569450817,-0.129159497560204,-0.12889847503198,-0.128665629007083,-0.128533556846658,-0.128418695946878,-0.128267121194827,-0.128052980063883,-0.12764112847814,-0.126694826670009,-0.125990974984502,-0.12546824118486,-0.125138917619475,-0.124668870932348,-0.124038943328875,-0.123549920399687,-0.123290128216631,-0.122984687391323,-0.122825747475305,-0.122772323368244,-0.122652474443333,-0.122469285626799,-0.122116677936425,-0.121967110902829,NaN,NaN,NaN,NaN,NaN,NaN,NaN,NaN,NaN,NaN,NaN,NaN,NaN,NaN,NaN,NaN,NaN,NaN,NaN,NaN,NaN,NaN,NaN,NaN,NaN,NaN,NaN,NaN,NaN,NaN,NaN,NaN,NaN,NaN,NaN,NaN,NaN,NaN,NaN,NaN,NaN,NaN,NaN,NaN,-0.0590879195961124,-0.0585827832173761,-0.0570801978166582,-0.0561843816758991,-0.0558263314997374,-0.0560140074051539,-0.0559203348401753,-0.056012496053625,-0.0559339936846574,-0.0556964286828765,-0.0551884502694693,NaN,NaN,NaN,NaN,NaN,NaN,NaN,NaN,NaN,NaN,NaN,NaN,NaN,NaN,NaN,NaN,NaN,NaN,NaN,NaN,NaN,NaN,NaN,NaN,NaN,NaN,NaN,NaN,NaN,NaN,NaN,NaN,NaN,NaN,NaN,NaN,NaN,NaN,NaN,NaN,NaN,NaN,NaN,NaN,NaN,NaN,NaN,NaN,NaN,NaN,NaN,NaN,NaN,NaN,NaN,NaN,NaN,NaN,NaN,NaN,NaN,NaN,NaN,NaN,NaN,NaN,NaN,NaN,NaN,NaN,NaN,NaN,NaN,NaN,NaN,NaN,NaN,NaN,NaN,NaN,NaN,NaN
NaN,NaN,NaN,NaN,NaN,NaN,NaN,NaN,NaN,NaN,NaN,NaN,NaN,NaN,NaN,NaN,NaN,NaN,NaN,NaN,NaN,NaN,NaN,NaN,NaN,NaN,NaN,NaN,NaN,NaN,NaN,NaN,NaN,NaN,NaN,NaN,NaN,NaN,-0.142357372100878,-0.142294181911704,-0.142223263389586,-0.142210588742951,-0.142124583413201,-0.140647467802124,-0.140213862412304,-0.141085468779103,-0.141062575932299,-0.139744025518995,-0.140116003783442,-0.137452177200529,-0.13744366983819,-0.136323127582038,-0.13600224496106,-0.132394134120528,-0.133100991727731,-0.133030858204819,-0.136035708649611,-0.13686287614365,-0.137722358091719,-0.138264659913367,-0.13791038119022,-0.135335796876073,-0.136708553284538,-0.136773108331974,-0.1368163986687,-0.136361782625849,-0.134841165153407,-0.134227347887892,-0.134995414784679,-0.134723963856315,-0.1344509146056,-0.133844641627066,-0.133308670266704,-0.132341259767184,-0.132327366830177,-0.132007676629923,-0.131682192014259,-0.131305811651155,-0.131036100559035,-0.130840756374411,-0.130106655516813,-0.129928066909844,-0.129644694775541,-0.129690352381989,-0.129475041482248,-0.129272805851594,-0.12883072643206,-0.128758907478233,-0.128600665198042,-0.128444726491459,-0.128272843850723,-0.128037796133653,-0.127458760135884,-0.126241621934779,-0.125940691465494,-0.124780666536621,-0.124331341175247,-0.123949888224855,-0.123676466473871,-0.12334673729099,-0.123124836218995,-0.122915397821402,-0.1227883248246,-0.122728520950804,-0.122664466549674,-0.12259374966989,-0.122452191176661,-0.11406669880128,NaN,NaN,NaN,NaN,NaN,NaN,NaN,NaN,NaN,NaN,NaN,NaN,NaN,NaN,NaN,NaN,NaN,NaN,NaN,NaN,NaN,NaN,NaN,NaN,NaN,NaN,NaN,NaN,NaN,NaN,NaN,NaN,NaN,-0.0686649691153301,-0.0816207320054899,NaN,NaN,NaN,NaN,NaN,NaN,NaN,-0.063182047182202,-0.0630803548567649,-0.0612827078949389,-0.0604816571279228,-0.0592690012808391,-0.0577027112105669,-0.0574520088252036,-0.057243648615739,-0.0572744292336967,-0.0569847777049943,-0.056732290526446,-0.0565995826068532,NaN,NaN,NaN,NaN,NaN,NaN,NaN,NaN,NaN,NaN,NaN,NaN,NaN,NaN,NaN,NaN,NaN,NaN,NaN,NaN,NaN,NaN,NaN,NaN,NaN,NaN,NaN,NaN,NaN,NaN,NaN,NaN,NaN,NaN,NaN,NaN,NaN,NaN,NaN,NaN,NaN,NaN,NaN,NaN,NaN,NaN,NaN,NaN,NaN,NaN,NaN,NaN,NaN,NaN,NaN,NaN,NaN,NaN,NaN,NaN,NaN,NaN,NaN,NaN,NaN,NaN,NaN,NaN,NaN,NaN,NaN,NaN,NaN,NaN,NaN,NaN,NaN,NaN,NaN,NaN,NaN,NaN,NaN
NaN,NaN,NaN,NaN,NaN,NaN,NaN,NaN,NaN,NaN,NaN,NaN,NaN,NaN,NaN,NaN,NaN,NaN,NaN,NaN,NaN,NaN,NaN,NaN,NaN,NaN,NaN,NaN,NaN,NaN,NaN,NaN,NaN,NaN,NaN,NaN,NaN,-0.139024266050112,-0.142429276442342,-0.142321374447379,-0.142243718802581,-0.141801739849765,-0.134374326207433,-0.140931824676243,NaN,-0.128814139379937,-0.140916683875808,-0.12867246639334,-0.124549433725496,-0.129480350161038,-0.133029188446357,-0.133050130732373,-0.133048206790607,-0.135498940962885,-0.133089227240104,-0.133216315395208,-0.134778164482567,-0.137631135255896,-0.135318886326616,-0.135100580287675,-0.136340440821139,-0.136056372062383,-0.136391121575016,-0.136935966421834,-0.13696665857437,-0.136470031881383,-0.130969910759913,-0.134830787880075,-0.135228936369759,-0.134908455946256,-0.133834982138382,-0.134025442260466,-0.133392865358656,-0.131274094332637,-0.13188249725188,-0.131390712256924,-0.131654787579589,-0.130578757059601,-0.130773126303758,-0.130514447282684,-0.130315993432734,-0.129701170917466,-0.129370468110044,-0.129401183361097,-0.129140151613509,-0.128820599438936,-0.119505160083475,-0.128639602513498,-0.128547973267057,-0.128490077180155,-0.128443136209051,-0.128160780560388,-0.127733587994896,NaN,NaN,-0.123763394480578,-0.123625494139232,-0.123461746334543,-0.123274000792785,-0.12313775254589,-0.12304359066286,-0.12285546526379,-0.122745394810505,-0.122645240699036,-0.122572654510658,-0.122461483304676,-0.122382043574911,-0.121849669405095,NaN,NaN,NaN,NaN,NaN,NaN,NaN,NaN,NaN,NaN,NaN,NaN,NaN,NaN,NaN,NaN,NaN,NaN,NaN,NaN,NaN,NaN,NaN,NaN,NaN,NaN,NaN,NaN,NaN,NaN,NaN,NaN,NaN,-0.0816137525331998,-0.0849142769242888,-0.0849238876937127,NaN,NaN,NaN,NaN,NaN,-0.0631571807688982,-0.0631874197608103,-0.0632068263064249,-0.0625789847025324,-0.0618843055587702,-0.0612594698793362,-0.0597924662010674,-0.0585279275666599,-0.057831594525359,-0.0577577139999964,-0.0573150569375343,-0.0569998731436729,-0.0568320709598781,NaN,NaN,NaN,NaN,NaN,NaN,NaN,NaN,NaN,NaN,NaN,NaN,NaN,NaN,NaN,NaN,NaN,NaN,NaN,NaN,NaN,NaN,NaN,NaN,NaN,NaN,NaN,NaN,NaN,NaN,NaN,NaN,NaN,NaN,NaN,NaN,NaN,NaN,NaN,NaN,NaN,NaN,NaN,NaN,NaN,NaN,NaN,NaN,NaN,NaN,NaN,NaN,NaN,NaN,NaN,NaN,NaN,NaN,NaN,NaN,NaN,NaN,NaN,NaN,NaN,NaN,NaN,NaN,NaN,NaN,NaN,NaN,NaN,NaN,NaN,NaN,NaN,NaN,NaN,NaN,NaN,NaN,NaN
NaN,NaN,NaN,NaN,NaN,NaN,NaN,NaN,NaN,NaN,NaN,NaN,NaN,NaN,NaN,NaN,NaN,NaN,NaN,NaN,NaN,NaN,NaN,NaN,NaN,NaN,NaN,NaN,NaN,NaN,NaN,NaN,NaN,NaN,NaN,NaN,-0.139031372331046,-0.142453763392916,-0.142402192155908,-0.142341999557967,-0.141899029521453,-0.141792675924983,-0.125674709690814,-0.138679707984864,NaN,NaN,-0.128717119059461,-0.109952054640257,-0.123092984880855,-0.127025767983736,-0.131716106201994,-0.130919531342011,-0.132425792098319,-0.13548637608624,-0.135645261165252,-0.135455436675676,-0.134323251265848,-0.137656572014201,-0.137324310911209,-0.136939280779254,-0.137906704943546,-0.13725610989,-0.13704556523941,-0.137374465885241,-0.137126423724429,-0.136740121954095,-0.134954444509645,-0.133514077888586,-0.134886600895433,-0.135111836498726,-0.132873344126125,-0.131453249318002,-0.133063947758502,-0.132787617621519,-0.132232121654716,-0.131755955682305,-0.131621091904077,-0.1312484902427,-0.130701564787186,-0.129623364334096,-0.130205563184568,-0.129423744589048,-0.129366937822763,-0.12918001292073,-0.128743231121755,-0.12870026064906,-0.113368969328531,-0.12833593958075,-0.128975403348481,-0.128755304129597,-0.128799195642946,-0.127870668051415,NaN,NaN,NaN,-0.123460669358781,-0.123182456385554,-0.123014933738708,-0.122913806690796,-0.122847815047091,-0.122805534293722,-0.122723951532983,-0.122680482371224,-0.122574615704302,-0.122434575340906,-0.122280682401103,-0.122152274107413,-0.122082101614948,NaN,NaN,NaN,NaN,NaN,NaN,NaN,NaN,NaN,NaN,NaN,NaN,NaN,NaN,NaN,NaN,NaN,NaN,NaN,NaN,NaN,NaN,NaN,NaN,NaN,NaN,NaN,NaN,NaN,NaN,NaN,NaN,NaN,NaN,-0.0848071396192571,-0.0848933716510442,-0.0849897644294915,NaN,NaN,NaN,NaN,-0.0631478844739514,-0.063188626259706,-0.0633899454274586,-0.063378757095393,-0.0630963395480535,-0.0625214424132338,-0.0611031253673123,-0.0597373195686854,-0.0585859335829294,-0.0579775635873337,-0.0574995251466499,-0.0571376698547712,NaN,NaN,NaN,NaN,NaN,NaN,NaN,NaN,NaN,NaN,NaN,NaN,NaN,NaN,NaN,NaN,NaN,NaN,NaN,NaN,NaN,NaN,NaN,NaN,NaN,NaN,NaN,NaN,NaN,NaN,NaN,NaN,NaN,NaN,NaN,NaN,NaN,NaN,NaN,NaN,NaN,NaN,NaN,NaN,NaN,NaN,NaN,NaN,NaN,NaN,NaN,NaN,NaN,NaN,NaN,NaN,NaN,NaN,NaN,NaN,NaN,NaN,NaN,NaN,NaN,NaN,NaN,NaN,NaN,NaN,NaN,NaN,NaN,NaN,NaN,NaN,NaN,NaN,NaN,NaN,NaN,NaN,NaN,NaN
NaN,NaN,NaN,NaN,NaN,NaN,NaN,NaN,NaN,NaN,NaN,NaN,NaN,NaN,NaN,NaN,NaN,NaN,NaN,NaN,NaN,NaN,NaN,NaN,NaN,NaN,NaN,NaN,NaN,NaN,NaN,NaN,NaN,NaN,NaN,-0.139108461081696,-0.14248434303017,-0.142413934019893,-0.142383974209822,-0.138918027977344,-0.126145663099524,-0.1258840063909,NaN,NaN,NaN,NaN,NaN,-0.123086885437577,-0.12458261863573,-0.123003236996806,-0.126154111072869,-0.126334917108227,-0.128263758230629,-0.129724619443555,-0.133668117719649,-0.135667565958413,-0.135228760752568,-0.134724470168905,-0.136949253075111,-0.136639067576313,-0.138058780666133,-0.137931078506311,-0.137691441598737,-0.137494326795421,-0.136616026820915,-0.136675186599554,-0.133750558814436,-0.134662234374432,-0.134614506128974,-0.135341008158981,-0.133497520761666,-0.133034985018463,-0.133552880277162,-0.133032137606181,-0.132310388337801,-0.131811977151681,-0.131326711115713,-0.131282534635894,-0.130887873756861,-0.129061236183018,-0.130261700239653,-0.129847947862016,-0.129394229610596,-0.128605517131986,-0.128673404353918,-0.128978064827379,-0.128748611520126,-0.128715515819234,-0.128895340409208,-0.12904556741935,-0.128985599142922,-0.119225966536097,NaN,NaN,NaN,NaN,-0.122625244906569,-0.122586442479444,-0.122559805921281,-0.122595838581039,-0.122560700324089,-0.122542241764683,-0.122535789362153,-0.122450209419947,-0.122256890500018,-0.122045534526921,-0.121893388706193,-0.121707172564234,-0.121467686194284,NaN,NaN,NaN,NaN,NaN,NaN,NaN,NaN,NaN,NaN,NaN,NaN,NaN,NaN,NaN,NaN,NaN,NaN,NaN,NaN,NaN,NaN,NaN,NaN,NaN,NaN,NaN,NaN,NaN,NaN,NaN,NaN,NaN,-0.0846974840638276,-0.0847851111517273,-0.0846752397996136,NaN,-0.0755343172480984,-0.076115246423669,-0.075699934709878,NaN,-0.063538851532766,-0.0641640650379305,-0.0641033497597151,-0.0640888266306349,-0.0634752881375286,-0.0623947883571448,-0.060805106182662,-0.0595502577692901,-0.058592787610993,-0.0579241141555759,NaN,NaN,NaN,NaN,NaN,NaN,NaN,NaN,NaN,NaN,NaN,NaN,NaN,NaN,NaN,NaN,NaN,NaN,NaN,NaN,NaN,NaN,NaN,NaN,NaN,NaN,NaN,NaN,NaN,NaN,NaN,NaN,NaN,NaN,NaN,NaN,NaN,NaN,NaN,NaN,NaN,NaN,NaN,NaN,NaN,NaN,NaN,NaN,NaN,NaN,NaN,NaN,NaN,NaN,NaN,NaN,NaN,NaN,NaN,NaN,NaN,NaN,NaN,NaN,NaN,NaN,NaN,NaN,NaN,NaN,NaN,NaN,NaN,NaN,NaN,NaN,NaN,NaN,NaN,NaN,NaN,NaN,NaN,NaN,NaN
NaN,NaN,NaN,NaN,NaN,NaN,NaN,NaN,NaN,NaN,NaN,NaN,NaN,NaN,NaN,NaN,NaN,NaN,NaN,NaN,NaN,NaN,NaN,NaN,NaN,NaN,NaN,NaN,NaN,NaN,NaN,NaN,NaN,NaN,-0.131937791970344,-0.142443359889469,-0.142415339447028,-0.142405652267516,-0.13892292622954,-0.119008543378773,NaN,NaN,NaN,NaN,NaN,NaN,NaN,NaN,-0.124552832864332,-0.124526177621876,-0.123590772434548,-0.127720568546703,-0.127595780476921,-0.127453074004103,-0.133093335631833,-0.123146296428461,-0.131089379345287,-0.131756725573177,-0.134484407909248,-0.133495649815999,-0.134607089021293,-0.135998531041022,-0.137009277347208,-0.136192775107077,-0.136053825452683,-0.135236328394041,-0.136073283926435,-0.136176081142322,-0.135854761854875,-0.135463400723383,-0.135051221251141,-0.134737749887152,-0.127852897778576,-0.120737637627068,NaN,-0.120558091723579,-0.129804808744279,-0.118421963144314,NaN,NaN,NaN,-0.127596306540668,-0.129060083500228,-0.128433179225145,-0.128181122252935,-0.128841515750078,-0.128112015533136,-0.128171283109424,-0.128833899772568,-0.129447792514353,-0.129255148492732,NaN,NaN,NaN,NaN,NaN,-0.122392770005028,-0.122357643016991,-0.122326689967775,-0.122357477683932,-0.122321283076861,-0.122316529195633,-0.122362151664562,-0.122256070885294,-0.122026160788014,-0.121809128636414,-0.121636989350729,-0.121465862341868,-0.121273532322538,-0.121020010396699,-0.120704641052809,-0.11125572206007,-0.0954242083138647,NaN,NaN,NaN,NaN,NaN,NaN,NaN,NaN,NaN,NaN,NaN,NaN,NaN,NaN,NaN,NaN,NaN,NaN,NaN,NaN,NaN,NaN,NaN,NaN,NaN,NaN,NaN,NaN,-0.084427217432884,-0.0846635793654186,-0.0846200257400152,-0.0830869300970103,-0.0788861976732531,-0.0764595562163296,-0.0753606822584781,-0.0734864815330912,-0.069202691281666,-0.0665481784744142,-0.0662492896800284,-0.0656328364848998,-0.0654638586920428,-0.0647495043274859,-0.0634212720497706,-0.0620373172767492,-0.0607211451234427,-0.0593059870586106,NaN,NaN,NaN,NaN,NaN,NaN,NaN,NaN,NaN,NaN,NaN,NaN,NaN,NaN,NaN,NaN,NaN,NaN,NaN,NaN,NaN,NaN,NaN,NaN,NaN,NaN,NaN,NaN,NaN,NaN,NaN,NaN,NaN,NaN,NaN,NaN,NaN,NaN,NaN,NaN,NaN,NaN,NaN,NaN,NaN,NaN,NaN,NaN,NaN,NaN,NaN,NaN,NaN,NaN,NaN,NaN,NaN,NaN,NaN,NaN,NaN,NaN,NaN,NaN,NaN,NaN,NaN,NaN,NaN,NaN,NaN,NaN,NaN,NaN,NaN,NaN,NaN,NaN,NaN,NaN,NaN,NaN,NaN,NaN,NaN,NaN
NaN,NaN,NaN,NaN,NaN,NaN,NaN,NaN,NaN,NaN,NaN,NaN,NaN,NaN,NaN,NaN,NaN,NaN,NaN,NaN,NaN,NaN,NaN,NaN,NaN,NaN,NaN,NaN,NaN,NaN,NaN,NaN,NaN,NaN,-0.133786398384573,-0.142439014565814,-0.142427808493824,-0.142411063470331,NaN,NaN,NaN,NaN,NaN,NaN,NaN,NaN,NaN,NaN,-0.124548293530992,-0.124431686288308,-0.133775303993313,-0.133665806452604,-0.133555965800811,-0.133430574250123,-0.133352104094523,NaN,-0.112187348084411,-0.120077805650881,-0.134462096979341,-0.134249556542194,-0.132986160579521,-0.133022409808429,-0.133729917375273,-0.13317683856759,-0.131296535700232,-0.130431202781896,-0.136647828848636,-0.136350597071748,-0.134037769887081,-0.132019605335587,-0.134105211599604,-0.135020492232207,NaN,NaN,NaN,NaN,-0.112482222414107,-0.10239401499702,NaN,NaN,NaN,-0.110171701399166,-0.122344827155965,-0.125503053021075,-0.127607246685517,-0.12715282103267,-0.128495668163416,-0.129322930384869,-0.129218745848902,-0.129797988443937,-0.121022333500461,NaN,NaN,NaN,NaN,NaN,-0.122299050930775,-0.122258301925018,-0.122209413073259,-0.122179134910995,-0.12212190052337,-0.122158732211925,-0.122217478944647,-0.122002141442111,-0.121726868462116,-0.121568822553536,-0.121410984301012,-0.121241450728877,-0.121067002939631,-0.120905102699265,-0.120765118603255,-0.12010017969757,-0.109090661755558,NaN,NaN,NaN,NaN,NaN,NaN,NaN,NaN,NaN,NaN,NaN,NaN,NaN,NaN,NaN,NaN,NaN,NaN,NaN,NaN,NaN,NaN,NaN,NaN,NaN,NaN,NaN,NaN,-0.0853033247270873,-0.0851141610041566,-0.0845974002911713,-0.0820323389175781,-0.0785080136910625,-0.0762185668043614,-0.0743171022560854,-0.0724888810004989,-0.0705264083375089,-0.0685559755096595,-0.0675660169221619,-0.0674319732175356,-0.0667043543076688,-0.0659941894819616,-0.0647776005923889,-0.063511561460856,-0.0628565215110857,NaN,NaN,NaN,NaN,NaN,NaN,NaN,NaN,NaN,NaN,NaN,NaN,NaN,NaN,NaN,NaN,NaN,NaN,NaN,NaN,NaN,NaN,NaN,NaN,NaN,NaN,NaN,NaN,NaN,NaN,NaN,NaN,NaN,NaN,NaN,NaN,NaN,NaN,NaN,NaN,NaN,NaN,NaN,NaN,NaN,NaN,NaN,NaN,NaN,NaN,NaN,NaN,NaN,NaN,NaN,NaN,NaN,NaN,NaN,NaN,NaN,NaN,NaN,NaN,NaN,NaN,NaN,NaN,NaN,NaN,NaN,NaN,NaN,NaN,NaN,NaN,NaN,NaN,NaN,NaN,NaN,NaN,NaN,NaN,NaN,NaN,NaN
NaN,NaN,NaN,NaN,NaN,NaN,NaN,NaN,NaN,NaN,NaN,NaN,NaN,NaN,NaN,NaN,NaN,NaN,NaN,NaN,NaN,NaN,NaN,NaN,NaN,NaN,NaN,NaN,NaN,NaN,NaN,NaN,NaN,NaN,-0.118811705225877,-0.138865767978264,-0.14227614075381,NaN,NaN,NaN,NaN,NaN,NaN,NaN,NaN,NaN,NaN,NaN,-0.107853791196523,-0.106631220074424,-0.116164550032951,-0.127704360182125,-0.127611305691466,-0.127506189775769,-0.127433852498781,-0.108922034573061,-0.0970103599840019,-0.10734000089819,-0.124731625295021,-0.134233758050817,-0.130216255680986,-0.132786911252918,-0.132744737053307,-0.135416195143791,-0.133236741336585,-0.131300136889724,-0.135161985734837,-0.126816508831805,-0.116308825974027,-0.113829687755531,-0.117481363298479,-0.12216827803745,NaN,NaN,NaN,NaN,NaN,NaN,NaN,NaN,NaN,-0.0955324222677206,-0.105275803517748,-0.114143591159193,-0.121873074063079,-0.124063138041212,-0.125530388472358,-0.129569597014744,-0.129596523850834,-0.127231874036653,NaN,NaN,NaN,NaN,NaN,NaN,-0.121811073037936,-0.12219758692784,-0.122138529046649,-0.122079778515264,-0.122012829816912,-0.122035406799092,-0.121906187522732,-0.121638914189196,-0.121440992564484,-0.121322457907212,-0.121138306101598,-0.12096300483875,-0.12079942471622,-0.1206439051289,-0.12052000667809,-0.120343752365763,-0.120061920068853,NaN,NaN,NaN,NaN,NaN,NaN,NaN,NaN,NaN,NaN,NaN,NaN,NaN,NaN,NaN,NaN,NaN,NaN,NaN,NaN,NaN,NaN,NaN,NaN,NaN,-0.0947920095627667,-0.0947683616710661,-0.0948585364469887,-0.0900961685065811,-0.0870301659971831,-0.0851266170402227,-0.0822296502610131,-0.0780405291260439,-0.0749957189976098,-0.0731650395569832,-0.0715071459765942,-0.0701931814384253,-0.0695184999876723,-0.0679790109935745,-0.067507730683017,-0.0670317689328227,-0.0665917423354706,-0.0658833584508934,-0.0649381974098731,-0.0635937902637638,NaN,NaN,NaN,NaN,NaN,NaN,NaN,NaN,NaN,NaN,NaN,NaN,NaN,NaN,NaN,NaN,NaN,NaN,NaN,NaN,NaN,NaN,NaN,NaN,NaN,NaN,NaN,NaN,NaN,NaN,NaN,NaN,NaN,NaN,NaN,NaN,NaN,NaN,NaN,NaN,NaN,NaN,NaN,NaN,NaN,NaN,NaN,NaN,NaN,NaN,NaN,NaN,NaN,NaN,NaN,NaN,NaN,NaN,NaN,NaN,NaN,NaN,NaN,NaN,NaN,NaN,NaN,NaN,NaN,NaN,NaN,NaN,NaN,NaN,NaN,NaN,NaN,NaN,NaN,NaN,NaN,NaN,NaN,NaN,NaN,NaN,NaN
NaN,NaN,NaN,NaN,NaN,NaN,NaN,NaN,NaN,NaN,NaN,NaN,NaN,NaN,NaN,NaN,NaN,NaN,NaN,NaN,NaN,NaN,NaN,NaN,NaN,NaN,NaN,NaN,NaN,NaN,NaN,NaN,NaN,NaN,NaN,-0.139331992476689,-0.133928243078656,NaN,NaN,NaN,NaN,NaN,NaN,NaN,NaN,NaN,NaN,NaN,-0.0939628960515923,-0.0931259891375609,-0.099964837863092,NaN,NaN,-0.109140341520141,-0.109140752204557,NaN,NaN,NaN,NaN,NaN,-0.136032891665367,-0.13596269998616,-0.135862326036121,-0.135762621367403,-0.131546570415593,-0.133767212521768,-0.135427837806038,NaN,-0.116684234479329,-0.100938588152287,NaN,NaN,NaN,NaN,NaN,NaN,NaN,NaN,NaN,NaN,NaN,NaN,NaN,-0.0987568638999231,-0.104880474377074,-0.116124381443837,-0.119525971157509,-0.122031408593368,-0.126719655851869,-0.127899397669214,-0.128246184889541,-0.118825812600672,-0.102289098338184,-0.10244603226916,NaN,NaN,-0.120500813724083,-0.121735006142788,-0.1220830407198,-0.1219929366367,-0.121890323779586,-0.121780081002671,-0.121539626916321,-0.12131093505479,-0.1211773220109,-0.121032961757605,-0.120835641711834,-0.120636513991622,-0.120481806183077,-0.12034768430565,-0.120202095223631,-0.120072108218299,-0.119757878257609,NaN,NaN,NaN,NaN,NaN,NaN,NaN,NaN,NaN,NaN,NaN,NaN,NaN,NaN,NaN,NaN,NaN,NaN,NaN,NaN,NaN,NaN,NaN,NaN,NaN,-0.0948037629312382,-0.0947354880361782,-0.0945250926768399,-0.093120892008315,-0.0902163511390006,-0.0875886551939719,-0.083238190978893,-0.0785361074352595,-0.073873318071177,-0.071647513762996,-0.0700830134205222,-0.0689578105281886,-0.0686253990729692,-0.0682096349199431,-0.0675391561680357,-0.0672138656848975,-0.0668853379545077,-0.0665451720295379,-0.0662699933455287,NaN,NaN,NaN,NaN,NaN,NaN,NaN,NaN,NaN,NaN,NaN,NaN,NaN,NaN,NaN,NaN,NaN,NaN,NaN,NaN,NaN,NaN,NaN,NaN,NaN,NaN,NaN,NaN,NaN,NaN,NaN,NaN,NaN,NaN,NaN,NaN,NaN,NaN,NaN,NaN,NaN,NaN,NaN,NaN,NaN,NaN,NaN,NaN,NaN,NaN,NaN,NaN,NaN,NaN,NaN,NaN,NaN,NaN,NaN,NaN,NaN,NaN,NaN,NaN,NaN,NaN,NaN,NaN,NaN,NaN,NaN,NaN,NaN,NaN,NaN,NaN,NaN,NaN,NaN,NaN,NaN,NaN,NaN,NaN,NaN,NaN,NaN,NaN
NaN,NaN,NaN,NaN,NaN,NaN,NaN,NaN,NaN,NaN,NaN,NaN,NaN,NaN,NaN,NaN,NaN,NaN,NaN,NaN,NaN,NaN,NaN,NaN,NaN,NaN,NaN,NaN,NaN,NaN,NaN,NaN,NaN,NaN,NaN,-0.139887704309235,NaN,NaN,NaN,NaN,NaN,NaN,NaN,NaN,NaN,NaN,NaN,-0.0776439276055284,-0.084244718131747,-0.0836073321899939,-0.0885394369335879,NaN,NaN,NaN,NaN,NaN,NaN,NaN,NaN,NaN,-0.12460396270277,-0.135937575762463,-0.135873682275356,-0.1357939630758,-0.135727874376989,-0.135568786762994,-0.135436716102137,-0.123167912963437,-0.105636945650091,NaN,NaN,NaN,NaN,NaN,NaN,NaN,NaN,NaN,NaN,NaN,NaN,NaN,NaN,NaN,NaN,-0.100376347260177,-0.103122097351971,-0.118170309340253,-0.121880793143135,-0.125349575563916,-0.126446738827665,-0.118137188967869,-0.118361955375461,-0.118432517531285,NaN,NaN,-0.104609512839815,-0.114897612589235,-0.121617788081921,-0.121907291901188,-0.121740515086221,-0.121520585797454,-0.121244167163156,-0.121028627473886,-0.120886057040643,-0.120686149564151,-0.120483173851073,-0.120301646816192,-0.120155109519361,-0.120014566729099,-0.11986004692901,-0.119683505660037,-0.119547368824901,NaN,NaN,NaN,NaN,NaN,NaN,NaN,NaN,NaN,NaN,NaN,NaN,NaN,NaN,NaN,NaN,NaN,NaN,NaN,NaN,NaN,NaN,NaN,NaN,NaN,-0.0956506120816345,-0.0956183619846841,-0.0949692467380017,-0.0948705331409987,-0.0932468317731337,-0.0904855087352586,-0.0859090175318357,-0.0793696227440601,-0.0728709722239936,-0.0700223811463078,-0.0686726479377085,-0.0680752867398651,-0.0677665365694316,-0.0676079085312676,-0.0674514303123065,-0.0672582239707086,-0.0670589968678962,-0.0668667257873233,-0.0667662099995865,NaN,NaN,NaN,NaN,NaN,NaN,NaN,NaN,NaN,NaN,NaN,NaN,NaN,NaN,NaN,NaN,NaN,NaN,NaN,NaN,NaN,NaN,NaN,NaN,NaN,NaN,NaN,NaN,NaN,NaN,NaN,NaN,NaN,NaN,NaN,NaN,NaN,NaN,NaN,NaN,NaN,NaN,NaN,NaN,NaN,NaN,NaN,NaN,NaN,NaN,NaN,NaN,NaN,NaN,NaN,NaN,NaN,NaN,NaN,NaN,NaN,NaN,NaN,NaN,NaN,NaN,NaN,NaN,NaN,NaN,NaN,NaN,NaN,NaN,NaN,NaN,NaN,NaN,NaN,NaN,NaN,NaN,NaN,NaN,NaN,NaN,NaN,NaN
NaN,NaN,NaN,NaN,NaN,NaN,NaN,NaN,NaN,NaN,NaN,NaN,NaN,NaN,NaN,NaN,NaN,NaN,NaN,NaN,NaN,NaN,NaN,NaN,NaN,NaN,NaN,NaN,NaN,NaN,NaN,NaN,NaN,NaN,NaN,-0.140541534089268,-0.122748894697726,NaN,NaN,NaN,NaN,NaN,NaN,NaN,NaN,NaN,NaN,-0.0731877381073166,-0.0776394166887446,NaN,NaN,NaN,NaN,NaN,NaN,NaN,NaN,NaN,NaN,NaN,-0.106988951460021,-0.122256192320415,-0.124521596746973,-0.124463101587844,-0.135795194355514,NaN,NaN,NaN,NaN,NaN,NaN,NaN,NaN,NaN,NaN,NaN,NaN,NaN,NaN,NaN,NaN,NaN,NaN,NaN,NaN,NaN,-0.0991661211173196,-0.115032717263809,-0.116387826361003,-0.123345277494851,-0.12110053046132,-0.116851821872063,-0.118428304739803,-0.118448437029736,NaN,NaN,-0.0905870730033343,-0.0984708882707321,-0.114760436796953,-0.121399903445524,-0.121576689023929,-0.121285431022688,-0.120993836566752,-0.120752511848148,-0.120545415360918,-0.120344547013461,-0.120141036233818,-0.119930306162092,-0.119761828118606,-0.119616041529022,-0.119443216051459,-0.119179649524388,-0.118654385534612,-0.117928268341239,NaN,NaN,NaN,NaN,NaN,NaN,NaN,NaN,NaN,NaN,NaN,NaN,NaN,NaN,NaN,NaN,NaN,NaN,NaN,NaN,NaN,NaN,-0.102995866144852,-0.102915893036651,-0.100660136412309,-0.0994465220659545,-0.0976395534861518,-0.0964407888511872,-0.095352478103823,-0.0922792710324485,-0.0869608335521809,-0.0827341973324479,-0.0722638958263664,-0.068764254410367,-0.0675816556202793,-0.0673739399229942,-0.0675811390561322,-0.0675231524708454,-0.0674200366738537,-0.0673282166258447,-0.0672013120951821,-0.0670825858666123,-0.0669861467090739,NaN,NaN,NaN,NaN,NaN,NaN,NaN,NaN,NaN,NaN,NaN,NaN,NaN,NaN,NaN,NaN,NaN,NaN,NaN,NaN,NaN,NaN,NaN,NaN,NaN,NaN,NaN,NaN,NaN,NaN,NaN,NaN,NaN,NaN,NaN,NaN,NaN,NaN,NaN,NaN,NaN,NaN,NaN,NaN,NaN,NaN,NaN,NaN,NaN,NaN,NaN,NaN,NaN,NaN,NaN,NaN,NaN,NaN,NaN,NaN,NaN,NaN,NaN,NaN,NaN,NaN,NaN,NaN,NaN,NaN,NaN,NaN,NaN,NaN,NaN,NaN,NaN,NaN,NaN,NaN,NaN,NaN,NaN,NaN,NaN,NaN,NaN,NaN
NaN,NaN,NaN,NaN,NaN,NaN,NaN,NaN,NaN,NaN,NaN,NaN,NaN,NaN,NaN,NaN,NaN,NaN,NaN,NaN,NaN,NaN,NaN,NaN,NaN,NaN,NaN,NaN,NaN,NaN,NaN,NaN,NaN,NaN,NaN,-0.122876244835497,-0.122965069245701,NaN,NaN,NaN,NaN,NaN,NaN,NaN,NaN,NaN,NaN,NaN,NaN,NaN,NaN,NaN,NaN,NaN,NaN,NaN,NaN,NaN,NaN,NaN,NaN,NaN,NaN,NaN,NaN,NaN,NaN,NaN,NaN,NaN,NaN,NaN,NaN,NaN,NaN,NaN,NaN,NaN,NaN,NaN,NaN,NaN,NaN,NaN,NaN,NaN,NaN,NaN,-0.118238752420193,-0.117077486753803,-0.116283666559998,-0.118424823433388,-0.118446862119081,-0.11845904647682,NaN,-0.0723592564468036,-0.0797619926421791,-0.0859164284395226,-0.0983099998061767,-0.109366539114238,-0.120647812435742,-0.121001720330335,-0.120728019517571,-0.120465993854439,-0.120221555332568,-0.120008716082379,-0.119756785591192,-0.119541678519731,-0.11939835826734,-0.119225381198696,-0.119017932674732,-0.118676220104067,-0.118137643150855,-0.117640978153251,-0.117363038113012,NaN,NaN,NaN,NaN,NaN,NaN,NaN,NaN,NaN,NaN,NaN,NaN,NaN,NaN,-0.0878080744508619,-0.0945536905214307,-0.102249134157045,-0.105276487919995,-0.105148907205647,-0.10497317259189,-0.104606463656195,-0.103683936470876,-0.10306800436041,-0.102656504024929,-0.101660917100465,-0.100514964670382,-0.0987912965444587,-0.0968548920087441,-0.0936160841131993,NaN,NaN,-0.0686119187767225,-0.0675147337167432,-0.0672048257252093,-0.0672825060336081,-0.0674735055091604,-0.0675396417157291,-0.0675013568242203,-0.0674078028872075,-0.0673252333467766,-0.0672706252825272,-0.0665690664255864,NaN,NaN,NaN,NaN,NaN,NaN,NaN,NaN,NaN,NaN,NaN,NaN,NaN,NaN,NaN,NaN,NaN,NaN,NaN,NaN,NaN,NaN,NaN,NaN,NaN,NaN,NaN,NaN,NaN,NaN,NaN,NaN,NaN,NaN,NaN,NaN,NaN,NaN,NaN,NaN,NaN,NaN,NaN,NaN,NaN,NaN,NaN,NaN,NaN,NaN,NaN,NaN,NaN,NaN,NaN,NaN,NaN,NaN,NaN,NaN,NaN,NaN,NaN,NaN,NaN,NaN,NaN,NaN,NaN,NaN,NaN,NaN,NaN,NaN,NaN,NaN,NaN,NaN,NaN,NaN,NaN,NaN,NaN,NaN,NaN,NaN,NaN,NaN
NaN,NaN,NaN,NaN,NaN,NaN,NaN,NaN,NaN,NaN,NaN,NaN,NaN,NaN,NaN,NaN,NaN,NaN,NaN,NaN,NaN,NaN,NaN,NaN,NaN,NaN,NaN,NaN,NaN,NaN,NaN,NaN,NaN,NaN,NaN,-0.123420280375373,-0.119449117752057,NaN,NaN,NaN,NaN,NaN,NaN,NaN,NaN,NaN,NaN,NaN,NaN,NaN,NaN,NaN,NaN,NaN,NaN,NaN,NaN,NaN,NaN,NaN,NaN,NaN,NaN,NaN,NaN,NaN,NaN,NaN,NaN,NaN,NaN,NaN,NaN,NaN,NaN,NaN,NaN,NaN,NaN,NaN,NaN,NaN,NaN,NaN,NaN,NaN,NaN,NaN,-0.118392642604423,-0.112910152433006,-0.118445300409314,-0.118459283084744,-0.118464282505023,NaN,NaN,-0.0672906152260632,-0.0723837826718734,NaN,NaN,-0.099552152478863,-0.115872044878497,-0.120679167326264,-0.120430601480747,-0.120162358954414,-0.119902571162766,-0.119654504784264,-0.119416754860755,-0.119213361887165,-0.119005176572098,-0.118797512879357,-0.118576030531198,-0.118303255750149,-0.117775370252538,-0.117376962219815,-0.117145388404258,-0.116957037205007,NaN,NaN,NaN,NaN,NaN,NaN,NaN,NaN,NaN,NaN,NaN,-0.104466241702264,-0.104430503510693,-0.102828783035316,-0.105041240717114,-0.105259568729941,-0.105251207027278,-0.10513213244609,-0.104983319175081,-0.104706513927533,-0.104136505602129,-0.102946220115556,-0.10262333951671,-0.102845780358303,-0.101888325928861,-0.100651712451057,-0.0993719430033001,NaN,NaN,NaN,NaN,-0.0671335845317667,-0.0672025227507647,-0.0674205484019288,-0.0675590039845047,-0.0675857818280171,-0.0675897369216864,-0.067539964011337,-0.0674845576509701,-0.0674149141123105,-0.0612499251852137,NaN,NaN,NaN,NaN,NaN,NaN,NaN,NaN,NaN,NaN,NaN,NaN,NaN,NaN,NaN,NaN,NaN,NaN,NaN,NaN,NaN,NaN,NaN,NaN,NaN,NaN,NaN,NaN,NaN,NaN,NaN,NaN,NaN,NaN,NaN,NaN,NaN,NaN,NaN,NaN,NaN,NaN,NaN,NaN,NaN,NaN,NaN,NaN,NaN,NaN,NaN,NaN,NaN,NaN,NaN,NaN,NaN,NaN,NaN,NaN,NaN,NaN,NaN,NaN,NaN,NaN,NaN,NaN,NaN,NaN,NaN,NaN,NaN,NaN,NaN,NaN,NaN,NaN,NaN,NaN,NaN,NaN,NaN,NaN,NaN,NaN,NaN,NaN
NaN,NaN,NaN,NaN,NaN,NaN,NaN,NaN,NaN,NaN,NaN,NaN,NaN,NaN,NaN,NaN,NaN,NaN,NaN,NaN,NaN,NaN,NaN,NaN,NaN,NaN,NaN,NaN,NaN,NaN,NaN,NaN,NaN,NaN,NaN,-0.123730638105601,NaN,NaN,NaN,NaN,NaN,NaN,NaN,NaN,NaN,NaN,NaN,NaN,NaN,NaN,NaN,NaN,NaN,NaN,NaN,NaN,NaN,NaN,NaN,NaN,NaN,NaN,NaN,NaN,NaN,NaN,NaN,NaN,NaN,NaN,NaN,NaN,NaN,NaN,NaN,NaN,NaN,NaN,NaN,NaN,NaN,NaN,NaN,NaN,NaN,NaN,NaN,NaN,-0.118466317785797,-0.118451004152775,-0.118467188309164,NaN,NaN,NaN,NaN,-0.0639696648415086,-0.0673255260524462,NaN,NaN,NaN,-0.102452984088811,-0.118425247500241,-0.119758688755354,-0.119863838913127,-0.119587671958896,-0.119328230405329,-0.119070048705136,-0.118815258813633,-0.118592393270576,-0.118412764155583,-0.118198180856868,-0.117873631642182,-0.117409816572004,-0.117137265145205,-0.116971449484437,-0.116919575236741,NaN,NaN,NaN,NaN,NaN,NaN,NaN,NaN,NaN,NaN,NaN,-0.0954296124595939,-0.104359255361393,-0.104362283392391,-0.105102485258387,-0.105313652886095,-0.105243955622841,-0.105127961337802,-0.104977977839687,-0.104854002149339,-0.104946838018276,-0.103784884910263,-0.103045562091783,-0.103194196855707,-0.10304129286671,-0.10254710985622,-0.102188910741183,NaN,NaN,NaN,NaN,-0.0674527262278253,-0.0675849560387825,-0.0677522782489248,-0.0678090625174606,-0.0678426689275903,-0.0678787170363015,-0.0678272300592429,-0.0677970050506576,-0.0675418496458137,-0.067551641697921,NaN,NaN,NaN,NaN,NaN,NaN,NaN,NaN,NaN,NaN,NaN,NaN,NaN,NaN,NaN,NaN,NaN,NaN,NaN,NaN,NaN,NaN,NaN,NaN,NaN,NaN,NaN,NaN,NaN,NaN,NaN,NaN,NaN,NaN,NaN,NaN,NaN,NaN,NaN,NaN,NaN,NaN,NaN,NaN,NaN,NaN,NaN,NaN,NaN,NaN,NaN,NaN,NaN,NaN,NaN,NaN,NaN,NaN,NaN,NaN,NaN,NaN,NaN,NaN,NaN,NaN,NaN,NaN,NaN,NaN,NaN,NaN,NaN,NaN,NaN,NaN,NaN,NaN,NaN,NaN,NaN,NaN,NaN,NaN,NaN,NaN,NaN,NaN
NaN,NaN,NaN,NaN,NaN,NaN,NaN,NaN,NaN,NaN,NaN,NaN,NaN,NaN,NaN,NaN,NaN,NaN,NaN,NaN,NaN,NaN,NaN,NaN,NaN,NaN,NaN,NaN,NaN,NaN,NaN,NaN,NaN,NaN,NaN,-0.12387091169096,NaN,NaN,NaN,NaN,NaN,NaN,NaN,NaN,NaN,NaN,NaN,NaN,NaN,NaN,NaN,NaN,NaN,NaN,NaN,NaN,NaN,NaN,NaN,NaN,NaN,NaN,NaN,NaN,NaN,NaN,NaN,NaN,NaN,NaN,NaN,NaN,NaN,NaN,NaN,NaN,NaN,NaN,NaN,NaN,NaN,NaN,NaN,NaN,NaN,NaN,NaN,NaN,-0.108647133000585,NaN,NaN,NaN,NaN,NaN,NaN,NaN,NaN,NaN,NaN,NaN,-0.094734350424272,-0.110301390126694,-0.119030116347878,-0.118702004970593,-0.119292641553805,-0.118995656308772,-0.118710439736749,-0.118458155639302,-0.118232397309122,-0.118021309549782,-0.117807226659401,-0.117464972377019,-0.117145445936105,-0.116967074129844,-0.116793300471762,-0.11662025312179,-0.11636449949627,NaN,NaN,NaN,NaN,NaN,NaN,NaN,NaN,NaN,NaN,-0.0872444014294598,-0.102337224699322,-0.104766760773165,-0.105298437715323,-0.105294445290483,-0.105233664969013,-0.105129104053297,-0.10498850264272,-0.104868548085851,-0.105021134557842,-0.104937751632581,-0.104115088511542,-0.103797414288666,-0.103531923653002,-0.103317086882133,-0.103157249408419,NaN,NaN,NaN,NaN,-0.0679636344364696,-0.0680545714202456,-0.0681656754728012,-0.0681714252550076,-0.0681840272839395,-0.0681181953928176,-0.0680827022075614,-0.0681206767974921,-0.0678995229878893,-0.0671134243502159,NaN,NaN,NaN,NaN,NaN,NaN,NaN,NaN,NaN,NaN,NaN,NaN,NaN,NaN,NaN,NaN,NaN,NaN,NaN,NaN,NaN,NaN,NaN,NaN,NaN,NaN,NaN,NaN,NaN,NaN,NaN,NaN,NaN,NaN,NaN,NaN,NaN,NaN,NaN,NaN,NaN,NaN,NaN,NaN,NaN,NaN,NaN,NaN,NaN,NaN,NaN,NaN,NaN,NaN,NaN,NaN,NaN,NaN,NaN,NaN,NaN,NaN,NaN,NaN,NaN,NaN,NaN,NaN,NaN,NaN,NaN,NaN,NaN,NaN,NaN,NaN,NaN,NaN,NaN,NaN,NaN,NaN,NaN,NaN,NaN,NaN,NaN,NaN
NaN,NaN,NaN,NaN,NaN,NaN,NaN,NaN,NaN,NaN,NaN,NaN,NaN,NaN,NaN,NaN,NaN,NaN,NaN,NaN,NaN,NaN,NaN,NaN,NaN,NaN,NaN,NaN,NaN,NaN,NaN,NaN,NaN,NaN,-0.124255950963431,-0.124070373722912,NaN,NaN,NaN,NaN,NaN,NaN,NaN,NaN,NaN,NaN,NaN,NaN,NaN,NaN,NaN,NaN,NaN,NaN,NaN,NaN,NaN,NaN,NaN,NaN,NaN,NaN,NaN,NaN,NaN,NaN,NaN,NaN,NaN,NaN,NaN,NaN,NaN,NaN,NaN,NaN,NaN,NaN,NaN,NaN,NaN,NaN,NaN,NaN,NaN,NaN,NaN,NaN,-0.0941369711191467,NaN,NaN,NaN,NaN,NaN,NaN,NaN,NaN,NaN,NaN,NaN,-0.0977056910864699,-0.114086543847405,-0.11689294825143,-0.117481161687756,-0.117697650464786,-0.118648933473442,-0.118358185198742,-0.118110262315328,-0.11789627828957,-0.117688893311132,-0.117463111587188,-0.117179672754571,-0.116959503007678,-0.116798324180356,-0.116636769571127,-0.116429836365172,-0.116201539299919,-0.11603282795235,NaN,NaN,NaN,NaN,NaN,NaN,NaN,NaN,NaN,-0.0899764842746957,-0.103926935661649,-0.105210015660159,-0.105232202084898,-0.105248548108553,-0.105202844488623,-0.105098850442231,-0.104999266334594,-0.104822239545777,-0.104610231447955,-0.104498653281681,-0.104261692508321,-0.103953228137086,-0.103703140737335,-0.103550570960719,-0.10347903166025,NaN,NaN,NaN,NaN,-0.0683694811173513,-0.068409822214445,-0.068448124455809,-0.0684557334871133,-0.0684634853555694,-0.0683733379376653,-0.0684182026188995,-0.0684019120547609,-0.0682859491253766,-0.059603772395345,NaN,NaN,NaN,NaN,NaN,NaN,NaN,NaN,NaN,NaN,NaN,NaN,NaN,NaN,NaN,NaN,NaN,NaN,NaN,NaN,NaN,NaN,NaN,NaN,NaN,NaN,NaN,NaN,NaN,NaN,NaN,NaN,NaN,NaN,NaN,NaN,NaN,NaN,NaN,NaN,NaN,NaN,NaN,NaN,NaN,NaN,NaN,NaN,NaN,NaN,NaN,NaN,NaN,NaN,NaN,NaN,NaN,NaN,NaN,NaN,NaN,NaN,NaN,NaN,NaN,NaN,NaN,NaN,NaN,NaN,NaN,NaN,NaN,NaN,NaN,NaN,NaN,NaN,NaN,NaN,NaN,NaN,NaN,NaN,NaN,NaN,NaN,NaN
NaN,NaN,NaN,NaN,NaN,NaN,NaN,NaN,NaN,NaN,NaN,NaN,NaN,NaN,NaN,NaN,NaN,NaN,NaN,NaN,NaN,NaN,NaN,NaN,NaN,NaN,NaN,NaN,NaN,NaN,NaN,NaN,NaN,NaN,-0.124235654735175,-0.124091521309357,NaN,NaN,NaN,NaN,NaN,NaN,NaN,NaN,NaN,NaN,NaN,NaN,NaN,NaN,NaN,NaN,NaN,NaN,NaN,NaN,NaN,NaN,NaN,NaN,NaN,NaN,NaN,NaN,NaN,NaN,NaN,NaN,NaN,NaN,NaN,NaN,NaN,NaN,NaN,NaN,NaN,NaN,NaN,NaN,NaN,NaN,NaN,NaN,NaN,NaN,NaN,-0.0766450279782824,-0.0837900844681288,NaN,NaN,NaN,NaN,NaN,NaN,NaN,NaN,NaN,NaN,NaN,-0.0850670148910704,-0.0974383990462572,-0.113695448414949,-0.115620509688273,-0.116587026818897,-0.118028350377908,-0.118036819821968,-0.117795753902265,-0.117585528451524,-0.11740636123351,-0.117204867354588,-0.116945086451374,-0.116754439104532,-0.116627306106348,-0.116468260724106,-0.11626816390078,-0.116054703044985,-0.115890540859296,-0.115767990226685,NaN,NaN,NaN,NaN,NaN,NaN,NaN,NaN,-0.102429528980334,-0.105113594143333,-0.105118896570278,-0.105161198953869,-0.105208995261911,-0.105169942268077,-0.105108145715784,-0.105058756461951,-0.10485467310688,-0.104789404029471,-0.104508409311158,-0.104309068850534,-0.104046720626539,-0.103858229756139,-0.103735890093622,-0.103686030804557,NaN,NaN,NaN,NaN,-0.0686668970948263,-0.0686963922042584,-0.0687106202715209,-0.068722815824859,-0.068790984584947,-0.0688110292671253,-0.0688929810019123,-0.0689278766575881,-0.0688029357704407,-0.0690680306712896,-0.0604373457254525,NaN,NaN,NaN,NaN,NaN,NaN,NaN,NaN,NaN,NaN,NaN,NaN,NaN,NaN,NaN,NaN,NaN,NaN,NaN,NaN,NaN,NaN,NaN,NaN,NaN,NaN,NaN,NaN,NaN,NaN,NaN,NaN,NaN,NaN,NaN,NaN,NaN,NaN,NaN,NaN,NaN,NaN,NaN,NaN,NaN,NaN,NaN,NaN,NaN,NaN,NaN,NaN,NaN,NaN,NaN,NaN,NaN,NaN,NaN,NaN,NaN,NaN,NaN,NaN,NaN,NaN,NaN,NaN,NaN,NaN,NaN,NaN,NaN,NaN,NaN,NaN,NaN,NaN,NaN,NaN,NaN,NaN,NaN,NaN,NaN,NaN,NaN
NaN,NaN,NaN,NaN,NaN,NaN,NaN,NaN,NaN,NaN,NaN,NaN,NaN,NaN,NaN,NaN,NaN,NaN,NaN,NaN,NaN,NaN,NaN,NaN,NaN,NaN,NaN,NaN,NaN,NaN,NaN,NaN,NaN,NaN,-0.124359462667456,NaN,NaN,NaN,NaN,NaN,NaN,NaN,NaN,NaN,NaN,NaN,NaN,NaN,NaN,NaN,NaN,NaN,NaN,NaN,NaN,NaN,NaN,NaN,NaN,NaN,NaN,NaN,NaN,NaN,NaN,NaN,NaN,NaN,NaN,NaN,NaN,NaN,NaN,NaN,NaN,NaN,NaN,NaN,NaN,NaN,NaN,NaN,NaN,NaN,NaN,NaN,NaN,-0.0719358695413517,NaN,NaN,NaN,NaN,NaN,NaN,NaN,NaN,NaN,NaN,NaN,NaN,NaN,-0.0969575909911536,-0.113287050538897,-0.115166328056281,-0.117258012648045,-0.116927895028928,-0.117743933312729,-0.11751869521686,-0.117321320799707,-0.117124241702392,-0.116942892404802,-0.116738403144152,-0.116584423750555,-0.116436185451401,-0.11628260199407,-0.116093618150626,-0.11591759013849,-0.115797118743726,-0.115691348307846,-0.115613379473854,NaN,NaN,NaN,NaN,NaN,NaN,NaN,-0.105063832134824,-0.105063809060899,-0.105039950432404,-0.105093849026099,-0.105175938873876,-0.105159961666541,-0.105136996783043,-0.10523928161854,-0.105094456258524,-0.104881970800232,-0.104702762760956,-0.104429207694204,-0.1042651160427,-0.104097400909658,-0.103953996563892,-0.103768020168506,NaN,NaN,NaN,-0.0689780691939028,-0.0690757095240517,-0.069010459267874,-0.0690133334996164,-0.069055997556434,-0.0691516167354525,-0.0692488011551044,-0.0693238393313492,-0.0694283757174567,-0.0692126542463207,-0.0694309699816988,-0.0686157710370591,NaN,NaN,NaN,NaN,NaN,NaN,NaN,NaN,NaN,NaN,NaN,NaN,NaN,NaN,NaN,NaN,NaN,NaN,NaN,NaN,NaN,NaN,NaN,NaN,NaN,NaN,NaN,NaN,NaN,NaN,NaN,NaN,NaN,NaN,NaN,NaN,NaN,NaN,NaN,NaN,NaN,NaN,NaN,NaN,NaN,NaN,NaN,NaN,NaN,NaN,NaN,NaN,NaN,NaN,NaN,NaN,NaN,NaN,NaN,NaN,NaN,NaN,NaN,NaN,NaN,NaN,NaN,NaN,NaN,NaN,NaN,NaN,NaN,NaN,NaN,NaN,NaN,NaN,NaN,NaN,NaN,NaN,NaN,NaN,NaN,NaN,NaN
NaN,NaN,NaN,NaN,NaN,NaN,NaN,NaN,NaN,NaN,NaN,NaN,NaN,NaN,NaN,NaN,NaN,NaN,NaN,NaN,NaN,NaN,NaN,NaN,NaN,NaN,NaN,NaN,NaN,NaN,NaN,NaN,NaN,NaN,-0.124398856067776,NaN,NaN,NaN,NaN,NaN,NaN,NaN,NaN,NaN,NaN,NaN,NaN,NaN,NaN,NaN,NaN,NaN,NaN,NaN,NaN,NaN,NaN,NaN,NaN,NaN,NaN,NaN,NaN,NaN,NaN,NaN,NaN,NaN,NaN,NaN,NaN,NaN,NaN,NaN,NaN,NaN,NaN,NaN,NaN,NaN,NaN,NaN,NaN,NaN,NaN,NaN,-0.0665853855867586,-0.0687254701107109,NaN,NaN,NaN,NaN,NaN,NaN,NaN,NaN,NaN,NaN,NaN,NaN,NaN,-0.0931887453561066,-0.108499277501215,-0.113929747516493,-0.116162495789264,-0.116348865012988,-0.116535279328558,-0.117284145192827,-0.11706896809102,-0.116881700863906,-0.116694162651196,-0.116528657127731,-0.116388108344419,-0.116268704738442,-0.116117617486556,-0.115945187765347,-0.115800843701034,-0.115718593931272,-0.115620685102966,-0.115530154468944,-0.115465348136681,NaN,NaN,NaN,NaN,NaN,NaN,NaN,-0.105048581411941,-0.105007126841872,-0.105044241601313,-0.105116220831093,-0.105162849271672,-0.105191972605914,-0.105321048022639,-0.105367599450111,-0.104984802233608,-0.104814360076535,-0.104638039176164,-0.104486403201075,-0.104366804140662,-0.104303203926647,NaN,NaN,NaN,NaN,-0.0674528440186559,-0.0693991137468749,-0.0693575016811615,-0.0693813427098774,-0.0694645106597782,-0.0695342189293482,-0.0696219142121856,-0.0696659268575792,-0.0697752049425843,-0.0695657554677915,-0.0697695831939526,-0.0699437233698238,-0.0610961609889016,NaN,NaN,NaN,NaN,NaN,NaN,NaN,NaN,NaN,NaN,NaN,NaN,NaN,NaN,NaN,NaN,NaN,NaN,NaN,NaN,NaN,NaN,NaN,NaN,NaN,NaN,NaN,NaN,NaN,NaN,NaN,NaN,NaN,NaN,NaN,NaN,NaN,NaN,NaN,NaN,NaN,NaN,NaN,NaN,NaN,NaN,NaN,NaN,NaN,NaN,NaN,NaN,NaN,NaN,NaN,NaN,NaN,NaN,NaN,NaN,NaN,NaN,NaN,NaN,NaN,NaN,NaN,NaN,NaN,NaN,NaN,NaN,NaN,NaN,NaN,NaN,NaN,NaN,NaN,NaN,NaN,NaN,NaN,NaN,NaN,NaN
NaN,NaN,NaN,NaN,NaN,NaN,NaN,NaN,NaN,NaN,NaN,NaN,NaN,NaN,NaN,NaN,NaN,NaN,NaN,NaN,NaN,NaN,NaN,NaN,NaN,NaN,NaN,NaN,NaN,NaN,NaN,NaN,NaN,NaN,-0.124451209970995,NaN,NaN,NaN,NaN,NaN,NaN,NaN,NaN,NaN,NaN,NaN,NaN,NaN,NaN,NaN,NaN,NaN,NaN,NaN,NaN,NaN,NaN,NaN,NaN,NaN,NaN,NaN,NaN,NaN,NaN,NaN,NaN,NaN,NaN,NaN,NaN,NaN,NaN,NaN,NaN,NaN,NaN,NaN,NaN,NaN,NaN,NaN,NaN,NaN,NaN,NaN,-0.0650718815926313,-0.0665694673689417,NaN,NaN,NaN,NaN,NaN,NaN,NaN,NaN,NaN,NaN,NaN,NaN,NaN,-0.08575890507308,-0.0984913434026436,-0.114797527766908,-0.116396572960326,-0.116455039669778,-0.11649058253529,-0.116535457086278,-0.116827539159612,-0.11662294370375,-0.116431715073313,-0.11626146423626,-0.116143361995679,-0.116067531583397,-0.115999566341834,-0.115884501214768,-0.115693121979503,-0.1155807507971,-0.115479982581843,-0.115438977145519,-0.115436088105404,-0.115440369236675,NaN,NaN,NaN,NaN,NaN,NaN,NaN,-0.104968725486691,-0.10501437068302,-0.105055730900629,-0.105101909994998,-0.105097498770586,-0.10520541199149,-0.105288390760437,-0.105132574916472,-0.104922210072403,-0.104773505671273,-0.10464737781488,-0.104562041831655,-0.104546689333278,NaN,NaN,NaN,-0.0606962626213449,-0.0695031246840305,-0.0697471925470021,-0.069750779520914,-0.0697733002335804,-0.0698362064764124,-0.0698823833850605,-0.0699898431429217,-0.0700207919152249,-0.0701197967468665,-0.0700517098525714,-0.0700650523021834,-0.0701900105008422,-0.0612221769733912,NaN,NaN,NaN,NaN,NaN,NaN,NaN,NaN,NaN,NaN,NaN,NaN,NaN,NaN,NaN,NaN,NaN,NaN,NaN,NaN,NaN,NaN,NaN,NaN,NaN,NaN,NaN,NaN,NaN,NaN,NaN,NaN,NaN,NaN,NaN,NaN,NaN,NaN,NaN,NaN,NaN,NaN,NaN,NaN,NaN,NaN,NaN,NaN,NaN,NaN,NaN,NaN,NaN,NaN,NaN,NaN,NaN,NaN,NaN,NaN,NaN,NaN,NaN,NaN,NaN,NaN,NaN,NaN,NaN,NaN,NaN,NaN,NaN,NaN,NaN,NaN,NaN,NaN,NaN,NaN,NaN,NaN,NaN,NaN,NaN,NaN
NaN,NaN,NaN,NaN,NaN,NaN,NaN,NaN,NaN,NaN,NaN,NaN,NaN,NaN,NaN,NaN,NaN,NaN,NaN,NaN,NaN,NaN,NaN,NaN,NaN,NaN,NaN,NaN,NaN,NaN,NaN,NaN,NaN,NaN,-0.124535301683438,NaN,NaN,NaN,NaN,NaN,NaN,NaN,NaN,NaN,NaN,NaN,NaN,NaN,NaN,NaN,NaN,NaN,NaN,NaN,NaN,NaN,NaN,NaN,NaN,NaN,NaN,NaN,NaN,NaN,NaN,NaN,NaN,NaN,NaN,NaN,NaN,NaN,NaN,NaN,NaN,NaN,NaN,NaN,NaN,NaN,NaN,NaN,NaN,NaN,NaN,NaN,NaN,NaN,NaN,NaN,NaN,NaN,NaN,NaN,NaN,NaN,NaN,NaN,NaN,NaN,NaN,NaN,-0.0997804455469988,-0.115698080267513,-0.116461263331459,-0.116533521195037,-0.116410078646148,-0.116463583142958,-0.11636146251954,-0.116333031798866,-0.1161365875121,-0.115964895275448,-0.115853396720344,-0.115806917820069,-0.115756092307089,-0.115686184500355,-0.115605616187158,-0.115411595529119,-0.115373337057231,-0.115366313069738,-0.115420834919561,-0.115471550455238,-0.115453502358371,-0.115430435896539,NaN,NaN,NaN,NaN,NaN,-0.104939702502046,-0.105004627142571,-0.105076172884358,-0.105125500619216,-0.105088422664621,-0.105198267004143,-0.105279545668638,-0.105172967369898,-0.105003782681054,-0.104843826399859,-0.104730543887544,-0.104672541596739,-0.104672970799714,NaN,NaN,-0.0607038174043101,-0.0697055019834042,-0.0696827555593186,-0.0699966842640222,-0.0700819432041645,-0.0701357994775795,-0.0702101053832146,-0.070278869023265,-0.0703701488927159,-0.0704514062382447,-0.0705207090632992,-0.0705938397967986,-0.0703405014295989,-0.0704558833902766,-0.0614714203789417,NaN,NaN,NaN,NaN,NaN,NaN,NaN,NaN,NaN,NaN,NaN,NaN,NaN,NaN,NaN,NaN,NaN,NaN,NaN,NaN,NaN,NaN,NaN,NaN,NaN,NaN,NaN,NaN,NaN,NaN,NaN,NaN,NaN,NaN,NaN,NaN,NaN,NaN,NaN,NaN,NaN,NaN,NaN,NaN,NaN,NaN,NaN,NaN,NaN,NaN,NaN,NaN,NaN,NaN,NaN,NaN,NaN,NaN,NaN,NaN,NaN,NaN,NaN,NaN,NaN,NaN,NaN,NaN,NaN,NaN,NaN,NaN,NaN,NaN,NaN,NaN,NaN,NaN,NaN,NaN,NaN,NaN,NaN,NaN,NaN,NaN
NaN,NaN,NaN,NaN,NaN,NaN,NaN,NaN,NaN,NaN,NaN,NaN,NaN,NaN,NaN,NaN,NaN,NaN,NaN,NaN,NaN,NaN,NaN,NaN,NaN,NaN,NaN,NaN,NaN,NaN,NaN,NaN,NaN,NaN,-0.124651936555506,-0.117514918792994,NaN,NaN,NaN,NaN,NaN,NaN,NaN,NaN,NaN,NaN,NaN,NaN,NaN,NaN,NaN,NaN,NaN,NaN,NaN,NaN,NaN,NaN,NaN,NaN,NaN,NaN,NaN,NaN,NaN,NaN,NaN,NaN,NaN,NaN,NaN,NaN,NaN,NaN,NaN,NaN,NaN,NaN,NaN,NaN,NaN,NaN,NaN,NaN,NaN,NaN,NaN,NaN,NaN,NaN,NaN,NaN,NaN,NaN,NaN,NaN,NaN,NaN,NaN,NaN,NaN,NaN,NaN,-0.100766359205972,-0.115885645590454,-0.11622647265458,-0.116448613351518,-0.116311947787276,-0.115929602559603,-0.115893280210076,-0.115710604751169,-0.115548395980177,-0.115423262786214,-0.115319579872646,-0.115193644312224,-0.115198545265224,-0.115297830416298,-0.11528633495301,-0.11527927494643,-0.115332066736486,-0.115421242637201,-0.115468081829627,-0.115458359449751,-0.115455394923553,-0.115528156882834,NaN,NaN,NaN,NaN,-0.105004903796139,-0.105054867965342,-0.105123622623987,-0.105261573010534,-0.10531875614719,-0.105284128556529,-0.105275456254273,-0.105164158063464,-0.105022123055245,-0.104889099421445,-0.104805948669023,-0.104771911628233,-0.103693104019179,NaN,NaN,-0.0515412674863789,-0.0606851735837391,-0.0681291051638708,-0.0702174054190909,-0.070319637985446,-0.0704414107606721,-0.0705951995404032,-0.0706563152696703,-0.0707339965809454,-0.0708612692056545,-0.0708664893107338,-0.0709240399238377,-0.0706261708887088,-0.0707486960127791,-0.0618064099022736,NaN,NaN,NaN,NaN,NaN,NaN,NaN,NaN,NaN,NaN,NaN,NaN,NaN,NaN,NaN,NaN,NaN,NaN,NaN,NaN,NaN,NaN,NaN,NaN,NaN,NaN,NaN,NaN,NaN,NaN,NaN,NaN,NaN,NaN,NaN,NaN,NaN,NaN,NaN,NaN,NaN,NaN,NaN,NaN,NaN,NaN,NaN,NaN,NaN,NaN,NaN,NaN,NaN,NaN,NaN,NaN,NaN,NaN,NaN,NaN,NaN,NaN,NaN,NaN,NaN,NaN,NaN,NaN,NaN,NaN,NaN,NaN,NaN,NaN,NaN,NaN,NaN,NaN,NaN,NaN,NaN,NaN,NaN,NaN,NaN,NaN
NaN,NaN,NaN,NaN,NaN,NaN,NaN,NaN,NaN,NaN,NaN,NaN,NaN,NaN,NaN,NaN,NaN,NaN,NaN,NaN,NaN,NaN,NaN,NaN,NaN,NaN,NaN,NaN,NaN,NaN,NaN,NaN,NaN,NaN,NaN,-0.11123454209674,NaN,NaN,NaN,NaN,NaN,NaN,NaN,NaN,NaN,NaN,NaN,NaN,NaN,NaN,NaN,NaN,NaN,NaN,NaN,NaN,NaN,NaN,NaN,NaN,NaN,NaN,NaN,NaN,NaN,NaN,NaN,NaN,NaN,NaN,NaN,NaN,NaN,NaN,NaN,NaN,NaN,NaN,NaN,NaN,NaN,NaN,NaN,NaN,NaN,NaN,NaN,NaN,NaN,NaN,NaN,NaN,NaN,NaN,NaN,NaN,NaN,NaN,NaN,NaN,NaN,NaN,NaN,-0.0925576169719746,-0.10781424001403,-0.11620721040281,-0.116258045041071,-0.116086273090559,-0.115773765887455,-0.115474721425734,-0.115266796688069,-0.115119721901535,-0.115020167587253,-0.114896730160192,-0.114824915186896,-0.114885676995512,-0.115014252323599,-0.115138891445649,-0.115203773404491,-0.115289174148876,-0.115386866664115,-0.115471991105058,-0.115491677720909,-0.115494921313909,-0.115522923342457,NaN,NaN,NaN,-0.105448458410237,-0.105294061484085,-0.10525123061715,-0.105267850852032,-0.105337258146116,-0.105454826236163,-0.105381548959486,-0.105285474315721,-0.105208907820346,-0.105088334528042,-0.104978305873477,-0.104922315832029,-0.104884609764717,-0.100674971098467,NaN,NaN,NaN,NaN,NaN,-0.0683614769726886,-0.0705721408180925,-0.0707656253087254,-0.0709183513942981,-0.0709988142058885,-0.071072026408552,-0.0711341847015034,-0.07111797799745,-0.0711695624215948,-0.0712440864188138,-0.0710747724050779,-0.0713861568368654,-0.0715098069647874,NaN,NaN,NaN,NaN,NaN,NaN,NaN,NaN,NaN,NaN,NaN,NaN,NaN,NaN,NaN,NaN,NaN,NaN,NaN,NaN,NaN,NaN,NaN,NaN,NaN,NaN,NaN,NaN,NaN,NaN,NaN,NaN,NaN,NaN,NaN,NaN,NaN,NaN,NaN,NaN,NaN,NaN,NaN,NaN,NaN,NaN,NaN,NaN,NaN,NaN,NaN,NaN,NaN,NaN,NaN,NaN,NaN,NaN,NaN,NaN,NaN,NaN,NaN,NaN,NaN,NaN,NaN,NaN,NaN,NaN,NaN,NaN,NaN,NaN,NaN,NaN,NaN,NaN,NaN,NaN,NaN,NaN,NaN,NaN,NaN
NaN,NaN,NaN,NaN,NaN,NaN,NaN,NaN,NaN,NaN,NaN,NaN,NaN,NaN,NaN,NaN,NaN,NaN,NaN,NaN,NaN,NaN,NaN,NaN,NaN,NaN,NaN,NaN,NaN,NaN,NaN,NaN,NaN,NaN,-0.111629291556814,-0.111496168672041,NaN,NaN,NaN,NaN,NaN,NaN,NaN,NaN,NaN,NaN,NaN,NaN,NaN,NaN,NaN,NaN,NaN,NaN,NaN,NaN,NaN,NaN,NaN,NaN,NaN,NaN,NaN,NaN,NaN,NaN,NaN,NaN,NaN,NaN,NaN,NaN,NaN,NaN,NaN,NaN,NaN,NaN,NaN,NaN,NaN,NaN,NaN,NaN,NaN,NaN,NaN,NaN,NaN,NaN,NaN,NaN,NaN,NaN,NaN,NaN,NaN,NaN,NaN,NaN,NaN,NaN,NaN,NaN,-0.116277063689615,-0.116181851267767,-0.113427146538561,-0.115810388679686,-0.115491775524438,-0.115194373188914,-0.11504428555886,-0.114909357481596,-0.114812019669043,-0.114719684307597,-0.114651677780522,-0.114714496519355,-0.114887186973757,-0.11506786415385,-0.115159448429317,-0.115225922989628,-0.115343925992528,-0.115477117204185,-0.115539108976799,-0.115556623791018,-0.115568618051846,NaN,NaN,NaN,-0.105525086810257,-0.105461467730184,-0.105410199044214,-0.105434920629217,-0.105470133745757,-0.105520398256782,-0.105524166705233,-0.1053460675829,-0.105277463276457,-0.105165546973101,-0.105080983537678,-0.10505029451639,-0.1049359620653,-0.0973095732707986,NaN,NaN,NaN,NaN,NaN,NaN,-0.0709356511148873,-0.0710453167297945,-0.0711625015377747,-0.0712696493601918,-0.0713192637819291,-0.0713317229683729,-0.0713192109960648,-0.071382067815147,-0.0715060038103098,-0.0713551759299424,-0.0716058212601241,-0.0717096741887698,NaN,NaN,NaN,NaN,NaN,NaN,NaN,NaN,NaN,NaN,NaN,NaN,NaN,NaN,NaN,NaN,NaN,NaN,NaN,NaN,NaN,NaN,NaN,NaN,NaN,NaN,NaN,NaN,NaN,NaN,NaN,NaN,NaN,NaN,NaN,NaN,NaN,NaN,NaN,NaN,NaN,NaN,NaN,NaN,NaN,NaN,NaN,NaN,NaN,NaN,NaN,NaN,NaN,NaN,NaN,NaN,NaN,NaN,NaN,NaN,NaN,NaN,NaN,NaN,NaN,NaN,NaN,NaN,NaN,NaN,NaN,NaN,NaN,NaN,NaN,NaN,NaN,NaN,NaN,NaN,NaN,NaN,NaN,NaN,NaN
NaN,NaN,NaN,NaN,NaN,NaN,NaN,NaN,NaN,NaN,NaN,NaN,NaN,NaN,NaN,NaN,NaN,NaN,NaN,NaN,NaN,NaN,NaN,NaN,NaN,NaN,NaN,NaN,NaN,NaN,NaN,NaN,-0.111741594176773,-0.111740059294784,-0.111717478515577,NaN,NaN,NaN,NaN,NaN,NaN,NaN,NaN,NaN,NaN,NaN,NaN,NaN,NaN,NaN,NaN,NaN,NaN,NaN,NaN,NaN,NaN,NaN,NaN,NaN,NaN,NaN,NaN,NaN,NaN,NaN,NaN,NaN,NaN,NaN,NaN,NaN,NaN,NaN,NaN,NaN,NaN,NaN,NaN,NaN,NaN,NaN,NaN,NaN,NaN,NaN,NaN,NaN,NaN,NaN,NaN,NaN,NaN,NaN,NaN,NaN,NaN,NaN,NaN,NaN,NaN,NaN,NaN,NaN,NaN,NaN,-0.101502441841528,-0.114735644200569,-0.115224963270066,-0.115063995256551,-0.114903366919582,-0.114756306575534,-0.114649234757657,-0.114552567878556,-0.114544589141874,-0.11467022122791,-0.114885636481978,-0.115028444383858,-0.11505852874877,-0.115113232251403,-0.115243735029833,-0.115413419119562,-0.115521576171355,-0.115590894126848,-0.115613127951244,NaN,-0.107028402353668,-0.107003437296308,-0.106290887798929,-0.105795021337332,-0.105565641202127,-0.105531195429837,-0.105561191559259,-0.105620638622318,-0.105644820626828,-0.105478176499526,-0.105396622751858,-0.105295922556297,-0.105237031817271,-0.105235923976513,-0.105151563638488,NaN,NaN,NaN,NaN,NaN,NaN,NaN,-0.0709126371301225,-0.07117014032553,-0.0713170841716546,-0.0714487145021419,-0.0715232702957187,-0.0715409263896431,-0.0715865297279952,-0.0716807698327098,-0.0718551348479037,-0.0717263888084944,-0.0718502004795739,-0.0719281933032618,-0.0701719047962745,NaN,NaN,NaN,NaN,NaN,NaN,NaN,NaN,NaN,NaN,NaN,NaN,NaN,NaN,NaN,NaN,NaN,NaN,NaN,NaN,NaN,NaN,NaN,NaN,NaN,NaN,NaN,NaN,NaN,NaN,NaN,NaN,NaN,NaN,NaN,NaN,NaN,NaN,NaN,NaN,NaN,NaN,NaN,NaN,NaN,NaN,NaN,NaN,NaN,NaN,NaN,NaN,NaN,NaN,NaN,NaN,NaN,NaN,NaN,NaN,NaN,NaN,NaN,NaN,NaN,NaN,NaN,NaN,NaN,NaN,NaN,NaN,NaN,NaN,NaN,NaN,NaN,NaN,NaN,NaN,NaN,NaN,NaN,NaN
NaN,NaN,NaN,NaN,NaN,NaN,NaN,NaN,NaN,NaN,NaN,NaN,NaN,NaN,NaN,NaN,NaN,NaN,NaN,NaN,NaN,NaN,NaN,NaN,NaN,NaN,NaN,NaN,NaN,NaN,NaN,NaN,-0.111739749997831,-0.111743801828522,NaN,NaN,NaN,NaN,NaN,NaN,NaN,NaN,NaN,NaN,NaN,NaN,NaN,NaN,NaN,NaN,NaN,NaN,NaN,NaN,NaN,NaN,NaN,NaN,NaN,NaN,NaN,NaN,NaN,NaN,NaN,NaN,NaN,NaN,NaN,NaN,NaN,NaN,NaN,NaN,NaN,NaN,NaN,NaN,NaN,NaN,NaN,NaN,NaN,NaN,NaN,NaN,NaN,NaN,NaN,NaN,NaN,NaN,NaN,NaN,NaN,NaN,NaN,NaN,NaN,NaN,NaN,NaN,NaN,NaN,NaN,NaN,-0.0908032107238511,-0.105772211616528,-0.114879559858772,-0.11493969024505,-0.114812529212149,-0.114695657065503,-0.114602733873312,-0.11449905613149,-0.114516848231075,-0.114744330066911,-0.115089609619273,-0.114967021269565,-0.114813725905032,-0.114917238666278,-0.115082820903437,-0.115256326704672,-0.115351658617544,-0.115554691512769,NaN,NaN,-0.107053417918745,-0.106939616559545,-0.106733044108045,-0.10637809848409,-0.105962948509406,-0.105819844599308,-0.105748023055542,-0.105727602224722,-0.105732350674799,-0.105630024885105,-0.105567428802103,-0.105495546379853,-0.105451173256313,-0.105375874198494,-0.105300285505908,NaN,NaN,NaN,NaN,NaN,NaN,NaN,NaN,-0.0713323123353495,-0.0714343082041708,-0.07157777260082,-0.0717238823938783,-0.0717767540288762,-0.0719376631373571,-0.0720941337309169,-0.0723086218110855,-0.0722716949172067,-0.0642442461678411,-0.0629748374612447,-0.0608894361407915,NaN,NaN,NaN,NaN,NaN,NaN,NaN,NaN,NaN,NaN,NaN,NaN,NaN,NaN,NaN,NaN,NaN,NaN,NaN,NaN,NaN,NaN,NaN,NaN,NaN,NaN,NaN,NaN,NaN,NaN,NaN,NaN,NaN,NaN,NaN,NaN,NaN,NaN,NaN,NaN,NaN,NaN,NaN,NaN,NaN,NaN,NaN,NaN,NaN,NaN,NaN,NaN,NaN,NaN,NaN,NaN,NaN,NaN,NaN,NaN,NaN,NaN,NaN,NaN,NaN,NaN,NaN,NaN,NaN,NaN,NaN,NaN,NaN,NaN,NaN,NaN,NaN,NaN,NaN,NaN,NaN,NaN,NaN,NaN
NaN,NaN,NaN,NaN,NaN,NaN,NaN,NaN,NaN,NaN,NaN,NaN,NaN,NaN,NaN,NaN,NaN,NaN,NaN,NaN,NaN,NaN,NaN,NaN,NaN,NaN,NaN,NaN,NaN,NaN,NaN,NaN,NaN,NaN,NaN,NaN,NaN,NaN,NaN,NaN,NaN,NaN,NaN,NaN,NaN,NaN,NaN,NaN,NaN,NaN,NaN,NaN,NaN,NaN,NaN,NaN,NaN,NaN,NaN,NaN,NaN,NaN,NaN,NaN,NaN,NaN,NaN,NaN,NaN,NaN,NaN,NaN,NaN,NaN,NaN,NaN,NaN,NaN,NaN,NaN,NaN,NaN,NaN,NaN,NaN,NaN,NaN,NaN,NaN,NaN,NaN,NaN,NaN,NaN,NaN,NaN,NaN,NaN,NaN,NaN,NaN,NaN,NaN,NaN,NaN,NaN,NaN,NaN,-0.105407508399992,-0.114667342879068,-0.114777938607087,-0.11465772050904,-0.114588548686128,-0.114562796157317,-0.11471095730751,-0.115085831500585,-0.115049181375623,-0.114575798260306,-0.114577509578635,-0.114741916457832,-0.114958158219446,-0.115045726418719,-0.114951483844099,NaN,NaN,-0.107487143653052,-0.107292094098803,-0.107138558963229,-0.106782066924964,-0.106628521596107,-0.10622068564185,-0.106042782030554,-0.105987581914548,-0.105920450724008,-0.105940419732378,-0.105870799659548,-0.105853812404973,-0.105802834611117,-0.105721672981569,-0.105491332231204,-0.105322108651415,NaN,NaN,NaN,NaN,NaN,NaN,NaN,NaN,-0.0707251811080572,-0.0715145870669526,-0.0716848164403194,-0.0718400637725555,-0.0719873724346498,-0.0722511852084188,-0.0725686309118417,-0.0728074012118088,-0.0729640235568836,-0.072303886147925,-0.0636733594706926,NaN,NaN,NaN,NaN,NaN,NaN,NaN,NaN,NaN,NaN,NaN,NaN,NaN,NaN,NaN,NaN,NaN,NaN,NaN,NaN,NaN,NaN,NaN,NaN,NaN,NaN,NaN,NaN,NaN,NaN,NaN,NaN,NaN,NaN,NaN,NaN,NaN,NaN,NaN,NaN,NaN,NaN,NaN,NaN,NaN,NaN,NaN,NaN,NaN,NaN,NaN,NaN,NaN,NaN,NaN,NaN,NaN,NaN,NaN,NaN,NaN,NaN,NaN,NaN,NaN,NaN,NaN,NaN,NaN,NaN,NaN,NaN,NaN,NaN,NaN,NaN,NaN,NaN,NaN,NaN,NaN,NaN,NaN,NaN,NaN
NaN,NaN,NaN,NaN,NaN,NaN,NaN,NaN,NaN,NaN,NaN,NaN,NaN,NaN,NaN,NaN,NaN,NaN,NaN,NaN,NaN,NaN,NaN,NaN,NaN,NaN,NaN,NaN,NaN,NaN,NaN,NaN,NaN,NaN,NaN,NaN,NaN,NaN,NaN,NaN,NaN,NaN,NaN,NaN,NaN,NaN,NaN,NaN,NaN,NaN,NaN,NaN,NaN,NaN,NaN,NaN,NaN,NaN,NaN,NaN,NaN,NaN,NaN,NaN,NaN,NaN,NaN,NaN,NaN,NaN,NaN,NaN,NaN,NaN,NaN,NaN,NaN,NaN,NaN,NaN,NaN,NaN,NaN,NaN,NaN,NaN,NaN,NaN,NaN,NaN,NaN,NaN,NaN,NaN,NaN,NaN,NaN,NaN,NaN,NaN,NaN,NaN,NaN,NaN,NaN,NaN,NaN,NaN,NaN,NaN,-0.114474556256115,-0.11451364297152,-0.114518568795626,-0.114647318603427,-0.114872903986932,-0.114825928836618,-0.114142020609242,-0.114020586690151,-0.114324976442459,-0.114583540044875,-0.114781715568417,-0.114712995239651,-0.114467572704004,NaN,NaN,-0.107527047017977,-0.107446405618579,-0.107326485230397,-0.107071942674004,-0.106703446820448,-0.106318103170506,-0.106093076859943,-0.106100342402473,-0.106111154056388,-0.106151961786426,-0.106288397976762,-0.106318117717548,-0.10623949913929,-0.106044266416189,-0.10545707297287,NaN,NaN,NaN,NaN,NaN,NaN,NaN,NaN,NaN,NaN,-0.0709282849862442,-0.0717754820464843,-0.0719606388390453,-0.0722576491397682,-0.0726131900154538,-0.0729752554741341,-0.073234664919255,-0.0733689812004059,-0.0734569436149032,-0.0731672616719094,NaN,NaN,NaN,NaN,NaN,NaN,NaN,NaN,NaN,NaN,NaN,NaN,NaN,NaN,NaN,NaN,NaN,NaN,NaN,NaN,NaN,NaN,NaN,NaN,NaN,NaN,NaN,NaN,NaN,NaN,NaN,NaN,NaN,NaN,NaN,NaN,NaN,NaN,NaN,NaN,NaN,NaN,NaN,NaN,NaN,NaN,NaN,NaN,NaN,NaN,NaN,NaN,NaN,NaN,NaN,NaN,NaN,NaN,NaN,NaN,NaN,NaN,NaN,NaN,NaN,NaN,NaN,NaN,NaN,NaN,NaN,NaN,NaN,NaN,NaN,NaN,NaN,NaN,NaN,NaN,NaN,NaN,NaN,NaN,NaN
NaN,NaN,NaN,NaN,NaN,NaN,NaN,NaN,NaN,NaN,NaN,NaN,NaN,NaN,NaN,NaN,NaN,NaN,NaN,NaN,NaN,NaN,NaN,NaN,NaN,NaN,NaN,NaN,NaN,NaN,NaN,NaN,NaN,NaN,NaN,NaN,NaN,NaN,NaN,NaN,NaN,NaN,NaN,NaN,NaN,NaN,NaN,NaN,NaN,NaN,NaN,NaN,NaN,NaN,NaN,NaN,NaN,NaN,NaN,NaN,NaN,NaN,NaN,NaN,NaN,NaN,NaN,NaN,NaN,NaN,NaN,NaN,NaN,NaN,NaN,NaN,NaN,NaN,NaN,NaN,NaN,NaN,NaN,NaN,NaN,NaN,NaN,NaN,NaN,NaN,NaN,NaN,NaN,NaN,NaN,NaN,NaN,NaN,NaN,NaN,NaN,NaN,NaN,NaN,NaN,NaN,NaN,NaN,NaN,NaN,NaN,-0.113300207666227,-0.113549484903895,-0.113665346350902,-0.113562992671965,-0.113291000070863,-0.113202705826867,-0.113506098834969,-0.113891348303312,-0.114207574252768,-0.114312000108364,-0.113880167471481,-0.113034980458297,NaN,NaN,-0.107870268434715,-0.107763934403364,-0.107550111608713,-0.107263610593882,-0.10703098998567,-0.106568918918442,-0.106249195078595,-0.106210535808938,-0.106332638212567,-0.106325372381206,-0.106570624927788,-0.106628985707409,-0.106543233206801,-0.106366976897831,NaN,NaN,NaN,NaN,NaN,NaN,NaN,NaN,NaN,NaN,NaN,NaN,-0.0712710615037205,-0.0721720106243959,-0.072505235976049,-0.0729445914111257,-0.073280527084647,-0.0735398160783285,-0.0736712593749533,-0.0737571922899452,-0.0738204941137583,-0.0714925387045809,NaN,NaN,NaN,NaN,NaN,NaN,NaN,NaN,NaN,NaN,NaN,NaN,NaN,NaN,NaN,NaN,NaN,NaN,NaN,NaN,NaN,NaN,NaN,NaN,NaN,NaN,NaN,NaN,NaN,NaN,NaN,NaN,NaN,NaN,NaN,NaN,NaN,NaN,NaN,NaN,NaN,NaN,NaN,NaN,NaN,NaN,NaN,NaN,NaN,NaN,NaN,NaN,NaN,NaN,NaN,NaN,NaN,NaN,NaN,NaN,NaN,NaN,NaN,NaN,NaN,NaN,NaN,NaN,NaN,NaN,NaN,NaN,NaN,NaN,NaN,NaN,NaN,NaN,NaN,NaN,NaN,NaN,NaN,NaN
NaN,NaN,NaN,NaN,NaN,NaN,NaN,NaN,NaN,NaN,NaN,NaN,NaN,NaN,NaN,NaN,NaN,NaN,NaN,NaN,NaN,NaN,NaN,NaN,NaN,NaN,NaN,NaN,NaN,NaN,NaN,NaN,NaN,NaN,NaN,NaN,NaN,NaN,NaN,NaN,NaN,NaN,NaN,NaN,NaN,NaN,NaN,NaN,NaN,NaN,NaN,NaN,NaN,NaN,NaN,NaN,NaN,NaN,NaN,NaN,NaN,NaN,NaN,NaN,NaN,NaN,NaN,NaN,NaN,NaN,NaN,NaN,NaN,NaN,NaN,NaN,NaN,NaN,NaN,NaN,NaN,NaN,NaN,NaN,NaN,NaN,NaN,NaN,NaN,NaN,NaN,NaN,NaN,NaN,NaN,NaN,NaN,NaN,NaN,NaN,NaN,NaN,NaN,NaN,NaN,NaN,NaN,NaN,NaN,NaN,NaN,-0.112478435485744,-0.112469984430581,-0.112491081559066,-0.112478682168356,-0.112498172041533,-0.112673713084604,-0.113103084231044,-0.113450210274579,-0.113655378907335,-0.113460419990516,-0.112223448890142,-0.110614160107114,-0.109308801010895,-0.10884584126165,-0.108078176583575,-0.107877733325063,-0.107867835647751,-0.107468613766585,-0.107097008211553,-0.106875806795445,-0.10667075381444,-0.106607695375258,-0.106757252927166,-0.106758507594231,-0.106755735725839,-0.106810269606059,-0.1067713925233,-0.10678896179406,-0.106810429491377,NaN,NaN,NaN,NaN,NaN,NaN,NaN,NaN,NaN,NaN,NaN,NaN,-0.0717490792818004,-0.0726544483906138,-0.0732124730022398,-0.0735945395506932,-0.0738110605699494,-0.0739496898376616,-0.0740137560008949,-0.0740726514494037,-0.073968190960654,NaN,NaN,NaN,NaN,NaN,NaN,NaN,NaN,NaN,NaN,NaN,NaN,NaN,NaN,NaN,NaN,NaN,NaN,NaN,NaN,NaN,NaN,NaN,NaN,NaN,NaN,NaN,NaN,NaN,NaN,NaN,NaN,NaN,NaN,NaN,NaN,NaN,NaN,NaN,NaN,NaN,NaN,NaN,NaN,NaN,NaN,NaN,NaN,NaN,NaN,NaN,NaN,NaN,NaN,NaN,NaN,NaN,NaN,NaN,NaN,NaN,NaN,NaN,NaN,NaN,NaN,NaN,NaN,NaN,NaN,NaN,NaN,NaN,NaN,NaN,NaN,NaN,NaN,NaN,NaN,NaN,NaN,NaN,NaN
NaN,NaN,NaN,NaN,NaN,NaN,NaN,NaN,NaN,NaN,NaN,NaN,NaN,NaN,NaN,NaN,NaN,NaN,NaN,NaN,NaN,NaN,NaN,NaN,NaN,NaN,NaN,NaN,NaN,NaN,NaN,NaN,NaN,NaN,NaN,NaN,NaN,NaN,NaN,NaN,NaN,NaN,NaN,NaN,NaN,NaN,NaN,NaN,NaN,NaN,NaN,NaN,NaN,NaN,NaN,NaN,NaN,NaN,NaN,NaN,NaN,NaN,NaN,NaN,NaN,NaN,NaN,NaN,NaN,NaN,NaN,NaN,NaN,NaN,NaN,NaN,NaN,NaN,NaN,NaN,NaN,NaN,NaN,NaN,NaN,NaN,NaN,NaN,NaN,NaN,NaN,NaN,NaN,NaN,NaN,NaN,NaN,NaN,NaN,NaN,NaN,NaN,NaN,NaN,NaN,NaN,NaN,NaN,NaN,NaN,NaN,-0.11213540381409,-0.112131827389185,-0.112096855173287,-0.112088900916561,-0.112181539254182,-0.112385241888878,-0.112734167912491,-0.112960670059882,-0.112977382829718,-0.112189381619723,-0.110897874826368,-0.11013253333223,-0.109022950001382,-0.108358596459262,-0.107920730935033,-0.107852947188872,-0.107950690961788,-0.107902575778999,-0.107355287799993,-0.106966505411795,-0.106939571840158,-0.107038766583876,-0.107007124651314,-0.107095677837057,-0.107118239667127,-0.107145545360357,-0.107101811629319,-0.107134837396112,-0.105098717432843,-0.0902145128542472,NaN,NaN,NaN,NaN,NaN,NaN,NaN,NaN,NaN,NaN,NaN,NaN,NaN,-0.0735227365573746,-0.0738320944860229,-0.0740265598323284,-0.0741899830302437,-0.0743094997694904,-0.0743607656545261,-0.0743359601809465,NaN,NaN,NaN,NaN,NaN,NaN,NaN,NaN,NaN,NaN,NaN,NaN,NaN,NaN,NaN,NaN,NaN,NaN,NaN,NaN,NaN,NaN,NaN,NaN,NaN,NaN,NaN,NaN,NaN,NaN,NaN,NaN,NaN,NaN,NaN,NaN,NaN,NaN,NaN,NaN,NaN,NaN,NaN,NaN,NaN,NaN,NaN,NaN,NaN,NaN,NaN,NaN,NaN,NaN,NaN,NaN,NaN,NaN,NaN,NaN,NaN,NaN,NaN,NaN,NaN,NaN,NaN,NaN,NaN,NaN,NaN,NaN,NaN,NaN,NaN,NaN,NaN,NaN,NaN,NaN,NaN,NaN,NaN,NaN
NaN,NaN,NaN,NaN,NaN,NaN,NaN,NaN,NaN,NaN,NaN,NaN,NaN,NaN,NaN,NaN,NaN,NaN,NaN,NaN,NaN,NaN,NaN,NaN,NaN,NaN,NaN,NaN,NaN,NaN,NaN,NaN,NaN,NaN,NaN,NaN,NaN,NaN,NaN,NaN,NaN,NaN,NaN,NaN,NaN,NaN,NaN,NaN,NaN,NaN,NaN,NaN,NaN,NaN,NaN,NaN,NaN,NaN,NaN,NaN,NaN,NaN,NaN,NaN,NaN,NaN,NaN,NaN,NaN,NaN,NaN,NaN,NaN,NaN,NaN,NaN,NaN,NaN,NaN,NaN,NaN,NaN,NaN,NaN,NaN,NaN,NaN,NaN,NaN,NaN,NaN,NaN,NaN,NaN,NaN,NaN,NaN,NaN,NaN,NaN,NaN,NaN,NaN,NaN,NaN,NaN,NaN,NaN,NaN,NaN,NaN,-0.112093121495524,-0.112117902723232,-0.111973128083887,-0.11189392997393,-0.111924680544483,-0.112076101540749,-0.112246361632779,-0.112381512576679,-0.112234370186173,-0.111495749077121,-0.110882825155022,-0.110261430904838,-0.109167173392741,-0.108567853585391,-0.108091566437596,-0.107907131251438,-0.108013682126274,-0.107999055128721,-0.107739192170652,-0.107493048052144,-0.107120962345032,-0.107212051195028,-0.107260858968086,-0.107360629360235,-0.107446012717469,-0.107466688338356,-0.107427253372599,-0.107437759019829,-0.106920595620385,-0.0949166822535757,NaN,NaN,NaN,NaN,NaN,NaN,NaN,NaN,NaN,NaN,NaN,NaN,NaN,NaN,-0.0741175563328981,-0.0742673315532794,-0.0744344477056738,-0.0746061741132416,-0.0746273861281629,-0.0745660281929859,NaN,NaN,NaN,NaN,NaN,NaN,NaN,NaN,NaN,NaN,NaN,NaN,NaN,NaN,NaN,NaN,NaN,NaN,NaN,NaN,NaN,NaN,NaN,NaN,NaN,NaN,NaN,NaN,NaN,NaN,NaN,NaN,NaN,NaN,NaN,NaN,NaN,NaN,NaN,NaN,NaN,NaN,NaN,NaN,NaN,NaN,NaN,NaN,NaN,NaN,NaN,NaN,NaN,NaN,NaN,NaN,NaN,NaN,NaN,NaN,NaN,NaN,NaN,NaN,NaN,NaN,NaN,NaN,NaN,NaN,NaN,NaN,NaN,NaN,NaN,NaN,NaN,NaN,NaN,NaN,NaN,NaN,NaN,NaN
NaN,NaN,NaN,NaN,NaN,NaN,NaN,NaN,NaN,NaN,NaN,NaN,NaN,NaN,NaN,NaN,NaN,NaN,NaN,NaN,NaN,NaN,NaN,NaN,NaN,NaN,NaN,NaN,NaN,NaN,NaN,NaN,NaN,NaN,NaN,NaN,NaN,NaN,NaN,NaN,NaN,NaN,NaN,NaN,NaN,NaN,NaN,NaN,NaN,NaN,NaN,NaN,NaN,NaN,NaN,NaN,NaN,NaN,NaN,NaN,NaN,NaN,NaN,NaN,NaN,NaN,NaN,NaN,NaN,NaN,NaN,NaN,NaN,NaN,NaN,NaN,NaN,NaN,NaN,NaN,NaN,NaN,NaN,NaN,NaN,NaN,NaN,NaN,NaN,NaN,NaN,NaN,NaN,NaN,NaN,NaN,NaN,NaN,NaN,NaN,NaN,NaN,NaN,NaN,NaN,NaN,NaN,NaN,NaN,NaN,NaN,NaN,NaN,-0.111899179249271,-0.11170206396701,-0.111665083842607,-0.11175815095963,-0.111816519384412,-0.111879093897554,-0.111800136260507,-0.111366033287357,-0.110858445748562,-0.110244239227671,-0.109476556802794,-0.108812807188095,-0.108394239097755,-0.108275533308739,-0.108241283696845,-0.108067764980165,-0.107733331918719,-0.107612935644248,-0.107404187166823,-0.107316496216774,-0.107418290125619,-0.107564502697311,-0.10766480209531,-0.107700767359061,-0.107727038383649,-0.107740221449315,-0.107565846929491,NaN,NaN,NaN,NaN,NaN,NaN,NaN,NaN,NaN,NaN,NaN,NaN,NaN,NaN,NaN,-0.0742213555957644,-0.074453418893396,-0.0746810029323493,-0.0748575660966733,-0.0749015284585008,-0.0748619600983617,NaN,NaN,NaN,NaN,NaN,NaN,NaN,NaN,NaN,NaN,NaN,NaN,NaN,NaN,NaN,NaN,NaN,NaN,NaN,NaN,NaN,NaN,NaN,NaN,NaN,NaN,NaN,NaN,NaN,NaN,NaN,NaN,NaN,NaN,NaN,NaN,NaN,NaN,NaN,NaN,NaN,NaN,NaN,NaN,NaN,NaN,NaN,NaN,NaN,NaN,NaN,NaN,NaN,NaN,NaN,NaN,NaN,NaN,NaN,NaN,NaN,NaN,NaN,NaN,NaN,NaN,NaN,NaN,NaN,NaN,NaN,NaN,NaN,NaN,NaN,NaN,NaN,NaN,NaN,NaN,NaN,NaN,NaN,NaN
NaN,NaN,NaN,NaN,NaN,NaN,NaN,NaN,NaN,NaN,NaN,NaN,NaN,NaN,NaN,NaN,NaN,NaN,NaN,NaN,NaN,NaN,NaN,NaN,NaN,NaN,NaN,NaN,NaN,NaN,NaN,NaN,NaN,NaN,NaN,NaN,NaN,NaN,NaN,NaN,NaN,NaN,NaN,NaN,NaN,NaN,NaN,NaN,NaN,NaN,NaN,NaN,NaN,NaN,NaN,NaN,NaN,NaN,NaN,NaN,NaN,NaN,NaN,NaN,NaN,NaN,NaN,NaN,NaN,NaN,NaN,NaN,NaN,NaN,NaN,NaN,NaN,NaN,NaN,NaN,NaN,NaN,NaN,NaN,NaN,NaN,NaN,NaN,NaN,NaN,NaN,NaN,NaN,NaN,NaN,NaN,NaN,NaN,NaN,NaN,NaN,NaN,NaN,NaN,NaN,NaN,NaN,NaN,NaN,NaN,NaN,NaN,NaN,NaN,-0.111373093894204,-0.111413649823489,-0.111466053106593,-0.111500018391559,-0.111566484390385,-0.111569636580314,-0.111380657912614,-0.110797439892409,-0.110239938895929,-0.10963023143319,-0.10914457403761,-0.108888862436492,-0.108752818390605,-0.108718924381633,-0.108232897942267,-0.107731263665024,-0.107585237436418,-0.107488000382456,-0.107434655817939,-0.107491789228152,-0.107648975585078,-0.107809093752052,-0.10798087757962,-0.108013150153603,-0.108029847986685,-0.108202623953997,-0.107563604457065,NaN,NaN,NaN,NaN,NaN,NaN,NaN,NaN,NaN,NaN,NaN,NaN,NaN,NaN,NaN,-0.0745809381958359,-0.0749958394065222,-0.0751878622353372,-0.0753147256462005,-0.075258055779411,NaN,NaN,NaN,NaN,NaN,NaN,NaN,NaN,NaN,NaN,NaN,NaN,NaN,NaN,NaN,NaN,NaN,NaN,NaN,NaN,NaN,NaN,NaN,NaN,NaN,NaN,NaN,NaN,NaN,NaN,NaN,NaN,NaN,NaN,NaN,NaN,NaN,NaN,NaN,NaN,NaN,NaN,NaN,NaN,NaN,NaN,NaN,NaN,NaN,NaN,NaN,NaN,NaN,NaN,NaN,NaN,NaN,NaN,NaN,NaN,NaN,NaN,NaN,NaN,NaN,NaN,NaN,NaN,NaN,NaN,NaN,NaN,NaN,NaN,NaN,NaN,NaN,NaN,NaN,NaN,NaN,NaN,NaN,NaN
NaN,NaN,NaN,NaN,NaN,NaN,NaN,NaN,NaN,NaN,NaN,NaN,NaN,NaN,NaN,NaN,NaN,NaN,NaN,NaN,NaN,NaN,NaN,NaN,NaN,NaN,NaN,NaN,NaN,NaN,NaN,NaN,NaN,NaN,NaN,NaN,NaN,NaN,NaN,NaN,NaN,NaN,NaN,NaN,NaN,NaN,NaN,NaN,NaN,NaN,NaN,NaN,NaN,NaN,NaN,NaN,NaN,NaN,NaN,NaN,NaN,NaN,NaN,NaN,NaN,NaN,NaN,NaN,NaN,NaN,NaN,NaN,NaN,NaN,NaN,NaN,NaN,NaN,NaN,NaN,NaN,NaN,NaN,NaN,NaN,NaN,NaN,NaN,NaN,NaN,NaN,NaN,NaN,NaN,NaN,NaN,NaN,NaN,NaN,NaN,NaN,NaN,NaN,NaN,NaN,NaN,NaN,NaN,NaN,NaN,NaN,NaN,NaN,NaN,-0.111136215303561,-0.111214395630219,-0.1112598032149,-0.111322195048326,-0.111385023966007,-0.111413877187208,-0.111147848971532,-0.110700345056603,-0.110453130090791,-0.109896752275335,-0.109498768870608,-0.109364847477234,-0.109084357894426,-0.108885709647962,-0.108337690689642,-0.107793622718309,-0.107520885674992,-0.107423837827257,-0.107463324395888,-0.107480945840933,-0.107637089143059,-0.108135034931347,-0.108341029932104,-0.108270507535146,-0.10829141677506,-0.108596852775931,-0.109174727196544,-0.109658719475342,-0.109865959777068,-0.109956138199859,NaN,NaN,NaN,NaN,NaN,NaN,NaN,NaN,NaN,NaN,NaN,NaN,NaN,-0.0755956305511925,-0.07563709762704,-0.0757927808267087,-0.0756983658716213,NaN,NaN,NaN,NaN,NaN,NaN,NaN,NaN,NaN,NaN,NaN,NaN,NaN,NaN,NaN,NaN,NaN,NaN,NaN,NaN,NaN,NaN,NaN,NaN,NaN,NaN,NaN,NaN,NaN,NaN,NaN,NaN,NaN,NaN,NaN,NaN,NaN,NaN,NaN,NaN,NaN,NaN,NaN,NaN,NaN,NaN,NaN,NaN,NaN,NaN,NaN,NaN,NaN,NaN,NaN,NaN,NaN,NaN,NaN,NaN,NaN,NaN,NaN,NaN,NaN,NaN,NaN,NaN,NaN,NaN,NaN,NaN,NaN,NaN,NaN,NaN,NaN,NaN,NaN,NaN,NaN,NaN,NaN,NaN
NaN,NaN,NaN,NaN,NaN,NaN,NaN,NaN,NaN,NaN,NaN,NaN,NaN,NaN,NaN,NaN,NaN,NaN,NaN,NaN,NaN,NaN,NaN,NaN,NaN,NaN,NaN,NaN,NaN,NaN,NaN,NaN,NaN,NaN,NaN,NaN,NaN,NaN,NaN,NaN,NaN,NaN,NaN,NaN,NaN,NaN,NaN,NaN,NaN,NaN,NaN,NaN,NaN,NaN,NaN,NaN,NaN,NaN,NaN,NaN,NaN,NaN,NaN,NaN,NaN,NaN,NaN,NaN,NaN,NaN,NaN,NaN,NaN,NaN,NaN,NaN,NaN,NaN,NaN,NaN,NaN,NaN,NaN,NaN,NaN,NaN,NaN,NaN,NaN,NaN,NaN,NaN,NaN,NaN,NaN,NaN,NaN,NaN,NaN,NaN,NaN,NaN,NaN,NaN,NaN,NaN,NaN,NaN,NaN,NaN,NaN,NaN,NaN,NaN,-0.111044160543035,-0.111109147207899,-0.111157712102983,-0.11122396889814,-0.111268512666894,-0.111233468789325,-0.110832576436255,-0.110620746396059,-0.110379777012501,-0.109997918469583,-0.109814910573999,-0.109706729120852,-0.109477329653415,-0.109123397688531,-0.108491478663063,-0.107498028693216,-0.10732181800949,-0.107334761416278,-0.107468000845118,NaN,NaN,-0.108819387129239,-0.108706900509297,-0.108590707128685,-0.108613373602847,-0.109004112467943,-0.109438945398113,-0.109683453645272,-0.109894688345644,-0.110087898185239,-0.110317400080648,-0.110512238076134,-0.109667869688079,NaN,NaN,NaN,NaN,NaN,NaN,NaN,NaN,NaN,NaN,-0.0760666648995775,-0.0762201417193412,-0.076345733435318,-0.0762599288130201,NaN,NaN,NaN,NaN,NaN,NaN,NaN,NaN,NaN,NaN,NaN,NaN,NaN,NaN,NaN,NaN,NaN,NaN,NaN,NaN,NaN,NaN,NaN,NaN,NaN,NaN,NaN,NaN,NaN,NaN,NaN,NaN,NaN,NaN,NaN,NaN,NaN,NaN,NaN,NaN,NaN,NaN,NaN,NaN,NaN,NaN,NaN,NaN,NaN,NaN,NaN,NaN,NaN,NaN,NaN,NaN,NaN,NaN,NaN,NaN,NaN,NaN,NaN,NaN,NaN,NaN,NaN,NaN,NaN,NaN,NaN,NaN,NaN,NaN,NaN,NaN,NaN,NaN,NaN,NaN,NaN,NaN,NaN,NaN
NaN,NaN,NaN,NaN,NaN,NaN,NaN,NaN,NaN,NaN,NaN,NaN,NaN,NaN,NaN,NaN,NaN,NaN,NaN,NaN,NaN,NaN,NaN,NaN,NaN,NaN,NaN,NaN,NaN,NaN,NaN,NaN,NaN,NaN,NaN,NaN,NaN,NaN,NaN,NaN,NaN,NaN,NaN,NaN,NaN,NaN,NaN,NaN,NaN,NaN,NaN,NaN,NaN,NaN,NaN,NaN,NaN,NaN,NaN,NaN,NaN,NaN,NaN,NaN,NaN,NaN,NaN,NaN,NaN,NaN,NaN,NaN,NaN,NaN,NaN,NaN,NaN,NaN,NaN,NaN,NaN,NaN,NaN,NaN,NaN,NaN,NaN,NaN,NaN,NaN,NaN,NaN,NaN,NaN,NaN,NaN,NaN,NaN,NaN,NaN,NaN,NaN,NaN,NaN,NaN,NaN,NaN,NaN,NaN,NaN,NaN,NaN,NaN,NaN,-0.111024789926284,-0.111074058047642,-0.111119440041291,-0.111151445693181,-0.111172120936574,-0.110950393085002,-0.110605702629009,-0.110484973523335,-0.110212957489626,-0.109973080476464,-0.109905994918954,-0.109853741311041,-0.109729630959789,-0.109536322173502,-0.109394123472789,NaN,NaN,NaN,NaN,NaN,-0.108753478767243,-0.109016804979868,-0.108952508070364,-0.108918551875481,-0.109005329638195,-0.109285136359782,-0.109502533703592,-0.109688100734501,-0.109917215542205,-0.110151553793056,-0.110377325669585,-0.110631572286476,-0.110750769575023,NaN,NaN,NaN,NaN,NaN,NaN,NaN,NaN,NaN,NaN,-0.0763811006633363,-0.0769694511073602,-0.0770835825647556,-0.0772199386240274,NaN,NaN,NaN,NaN,NaN,NaN,NaN,NaN,NaN,NaN,NaN,NaN,NaN,NaN,NaN,NaN,NaN,NaN,NaN,NaN,NaN,NaN,NaN,NaN,NaN,NaN,NaN,NaN,NaN,NaN,NaN,NaN,NaN,NaN,NaN,NaN,NaN,NaN,NaN,NaN,NaN,NaN,NaN,NaN,NaN,NaN,NaN,NaN,NaN,NaN,NaN,NaN,NaN,NaN,NaN,NaN,NaN,NaN,NaN,NaN,NaN,NaN,NaN,NaN,NaN,NaN,NaN,NaN,NaN,NaN,NaN,NaN,NaN,NaN,NaN,NaN,NaN,NaN,NaN,NaN,NaN,NaN,NaN,NaN
NaN,NaN,NaN,NaN,NaN,NaN,NaN,NaN,NaN,NaN,NaN,NaN,NaN,NaN,NaN,NaN,NaN,NaN,NaN,NaN,NaN,NaN,NaN,NaN,NaN,NaN,NaN,NaN,NaN,NaN,NaN,NaN,NaN,NaN,NaN,NaN,NaN,NaN,NaN,NaN,NaN,NaN,NaN,NaN,NaN,NaN,NaN,NaN,NaN,NaN,NaN,NaN,NaN,NaN,NaN,NaN,NaN,NaN,NaN,NaN,NaN,NaN,NaN,NaN,NaN,NaN,NaN,NaN,NaN,NaN,NaN,NaN,NaN,NaN,NaN,NaN,NaN,NaN,NaN,NaN,NaN,NaN,NaN,NaN,NaN,NaN,NaN,NaN,NaN,NaN,NaN,NaN,NaN,NaN,NaN,NaN,NaN,NaN,NaN,NaN,NaN,NaN,NaN,NaN,NaN,NaN,NaN,NaN,NaN,NaN,NaN,NaN,NaN,NaN,-0.111180418044286,-0.111177919572534,-0.111182048932115,-0.111182247824161,-0.111075359307572,-0.110670386019463,-0.110449799090522,-0.110237150088667,-0.110085933066001,-0.109971440456236,-0.109903808321973,-0.109912010492676,-0.109913659719908,-0.10987984093287,-0.109938872835512,NaN,NaN,NaN,NaN,-0.0987500518634387,-0.108853538764535,-0.109093119463955,-0.109075417328058,-0.109098142471509,-0.109153387727044,-0.109279387882787,-0.10945315480184,-0.109651768774353,-0.109940059587144,-0.110250577330153,-0.110621109556961,-0.110883076329169,-0.111055048289005,-0.111218927913065,NaN,NaN,NaN,NaN,NaN,NaN,NaN,NaN,NaN,NaN,-0.0779196314754168,-0.0779533703533927,-0.0782500755469657,NaN,NaN,NaN,NaN,NaN,NaN,NaN,NaN,NaN,NaN,NaN,NaN,NaN,NaN,NaN,NaN,NaN,NaN,NaN,NaN,NaN,NaN,NaN,NaN,NaN,NaN,NaN,NaN,NaN,NaN,NaN,NaN,NaN,NaN,NaN,NaN,NaN,NaN,NaN,NaN,NaN,NaN,NaN,NaN,NaN,NaN,NaN,NaN,NaN,NaN,NaN,NaN,NaN,NaN,NaN,NaN,NaN,NaN,NaN,NaN,NaN,NaN,NaN,NaN,NaN,NaN,NaN,NaN,NaN,NaN,NaN,NaN,NaN,NaN,NaN,NaN,NaN,NaN,NaN,NaN,NaN,NaN,NaN,NaN
NaN,NaN,NaN,NaN,NaN,NaN,NaN,NaN,NaN,NaN,NaN,NaN,NaN,NaN,NaN,NaN,NaN,NaN,NaN,NaN,NaN,NaN,NaN,NaN,NaN,NaN,NaN,NaN,NaN,NaN,NaN,NaN,NaN,NaN,NaN,NaN,NaN,NaN,NaN,NaN,NaN,NaN,NaN,NaN,NaN,NaN,NaN,NaN,NaN,NaN,NaN,NaN,NaN,NaN,NaN,NaN,NaN,NaN,NaN,NaN,NaN,NaN,NaN,NaN,NaN,NaN,NaN,NaN,NaN,NaN,NaN,NaN,NaN,NaN,NaN,NaN,NaN,NaN,NaN,NaN,NaN,NaN,NaN,NaN,NaN,NaN,NaN,NaN,NaN,NaN,NaN,NaN,NaN,NaN,NaN,NaN,NaN,NaN,NaN,NaN,NaN,NaN,NaN,NaN,NaN,NaN,NaN,NaN,NaN,NaN,NaN,-0.112806769482367,-0.112870725643225,NaN,-0.11157142497006,-0.111452274499792,-0.111326345056635,-0.111298504286181,-0.111022135912227,-0.11045891241006,-0.110210163159792,-0.110099925023858,-0.110010208616301,-0.109902742590864,-0.109869777342866,-0.109900454911968,-0.109948479091214,-0.109971497065625,-0.110023185516384,NaN,NaN,NaN,NaN,-0.106507957875239,-0.108877956394149,-0.109121059528561,-0.109107934108418,-0.109111037680662,-0.109135490957731,-0.109194987310895,-0.109352053225504,-0.109573911502285,-0.109891781968252,-0.110361340280691,-0.11090062496247,-0.111202474910481,-0.111382756989765,-0.111429874892769,NaN,NaN,NaN,NaN,NaN,NaN,NaN,NaN,NaN,NaN,-0.0783196924453189,-0.0788483228460354,-0.0797409220333643,-0.0809806500990284,NaN,NaN,NaN,NaN,NaN,NaN,NaN,NaN,NaN,NaN,NaN,NaN,NaN,NaN,NaN,NaN,NaN,NaN,NaN,NaN,NaN,NaN,NaN,NaN,NaN,NaN,NaN,NaN,NaN,NaN,NaN,NaN,NaN,NaN,NaN,NaN,NaN,NaN,NaN,NaN,NaN,NaN,NaN,NaN,NaN,NaN,NaN,NaN,NaN,NaN,NaN,NaN,NaN,NaN,NaN,NaN,NaN,NaN,NaN,NaN,NaN,NaN,NaN,NaN,NaN,NaN,NaN,NaN,NaN,NaN,NaN,NaN,NaN,NaN,NaN,NaN,NaN,NaN,NaN,NaN,NaN,NaN,NaN
NaN,NaN,NaN,NaN,NaN,NaN,NaN,NaN,NaN,NaN,NaN,NaN,NaN,NaN,NaN,NaN,NaN,NaN,NaN,NaN,NaN,NaN,NaN,NaN,NaN,NaN,NaN,NaN,NaN,NaN,NaN,NaN,NaN,NaN,NaN,NaN,NaN,NaN,NaN,NaN,NaN,NaN,NaN,NaN,NaN,NaN,NaN,NaN,NaN,NaN,NaN,NaN,NaN,NaN,NaN,NaN,NaN,NaN,NaN,NaN,NaN,NaN,NaN,NaN,NaN,NaN,NaN,NaN,NaN,NaN,NaN,NaN,NaN,NaN,NaN,NaN,NaN,NaN,NaN,NaN,NaN,NaN,NaN,NaN,NaN,NaN,NaN,NaN,NaN,NaN,NaN,NaN,NaN,NaN,NaN,NaN,NaN,NaN,NaN,NaN,NaN,NaN,NaN,NaN,NaN,NaN,NaN,NaN,NaN,NaN,-0.112945062620026,-0.112936152014881,-0.112760887185751,-0.112392170867505,-0.111938066609059,-0.111701948120143,-0.111513317776988,-0.1114716071835,NaN,-0.110155640904409,-0.110090576163311,-0.110032935323838,-0.109972617510147,-0.109914493773406,-0.109906457331272,-0.109903436352241,-0.109935258930093,-0.109956287557566,-0.110008477577946,NaN,NaN,-0.0949595491213456,-0.108397933249429,-0.108978375408554,-0.108926114685465,-0.108872363743491,-0.109100885692043,-0.109099379337357,-0.109106657135159,-0.109134109229817,-0.109251014251701,-0.109339698914658,-0.105999522713349,NaN,-0.111096375348492,-0.111670315778756,-0.111775599618443,-0.111982329246358,NaN,NaN,NaN,NaN,NaN,NaN,NaN,NaN,NaN,NaN,NaN,-0.0792812269565195,-0.0807357189780534,-0.0812478981645519,NaN,NaN,NaN,NaN,NaN,NaN,NaN,NaN,NaN,NaN,NaN,NaN,NaN,NaN,NaN,NaN,NaN,NaN,NaN,NaN,NaN,NaN,NaN,NaN,NaN,NaN,NaN,NaN,NaN,NaN,NaN,NaN,NaN,NaN,NaN,NaN,NaN,NaN,NaN,NaN,NaN,NaN,NaN,NaN,NaN,NaN,NaN,NaN,NaN,NaN,NaN,NaN,NaN,NaN,NaN,NaN,NaN,NaN,NaN,NaN,NaN,NaN,NaN,NaN,NaN,NaN,NaN,NaN,NaN,NaN,NaN,NaN,NaN,NaN,NaN,NaN,NaN,NaN,NaN,NaN,NaN,NaN,NaN
NaN,NaN,NaN,NaN,NaN,NaN,NaN,NaN,NaN,NaN,NaN,NaN,NaN,NaN,NaN,NaN,NaN,NaN,NaN,NaN,NaN,NaN,NaN,NaN,NaN,NaN,NaN,NaN,NaN,NaN,NaN,NaN,NaN,NaN,NaN,NaN,NaN,NaN,NaN,NaN,NaN,NaN,NaN,NaN,NaN,NaN,NaN,NaN,NaN,NaN,NaN,NaN,NaN,NaN,NaN,NaN,NaN,NaN,NaN,NaN,NaN,NaN,NaN,NaN,NaN,NaN,NaN,NaN,NaN,NaN,NaN,NaN,NaN,NaN,NaN,NaN,NaN,NaN,NaN,NaN,NaN,NaN,NaN,NaN,NaN,NaN,NaN,NaN,NaN,NaN,NaN,NaN,NaN,NaN,NaN,NaN,NaN,NaN,NaN,NaN,NaN,NaN,NaN,NaN,NaN,NaN,NaN,NaN,NaN,NaN,-0.113190109187736,-0.113081649013664,-0.112754626236515,-0.112335247117543,-0.111957964241701,-0.111758325473004,-0.111609268194179,-0.111538176829772,NaN,NaN,NaN,NaN,NaN,NaN,-0.109882349086403,-0.109875822577206,-0.109901666840493,-0.109935380567892,NaN,NaN,NaN,-0.0980516355024867,-0.10892547900698,-0.108989574498658,-0.108933869073477,-0.108878065551499,-0.108848841008299,-0.109083696363949,-0.109084567437391,-0.1091069090252,-0.109063021982143,-0.101491877062086,NaN,NaN,NaN,-0.112228737382778,-0.11255729884545,-0.113023502078207,-0.113550232902496,NaN,NaN,NaN,NaN,NaN,NaN,NaN,NaN,NaN,NaN,NaN,-0.083894341005658,-0.084212237149812,-0.0872162446560791,-0.0877069935060685,NaN,NaN,NaN,NaN,NaN,NaN,NaN,NaN,NaN,NaN,NaN,NaN,NaN,NaN,NaN,NaN,NaN,NaN,NaN,NaN,NaN,NaN,NaN,NaN,NaN,NaN,NaN,NaN,NaN,NaN,NaN,NaN,NaN,NaN,NaN,NaN,NaN,NaN,NaN,NaN,NaN,NaN,NaN,NaN,NaN,NaN,NaN,NaN,NaN,NaN,NaN,NaN,NaN,NaN,NaN,NaN,NaN,NaN,NaN,NaN,NaN,NaN,NaN,NaN,NaN,NaN,NaN,NaN,NaN,NaN,NaN,NaN,NaN,NaN,NaN,NaN,NaN,NaN,NaN,NaN,NaN
NaN,NaN,NaN,NaN,NaN,NaN,NaN,NaN,NaN,NaN,NaN,NaN,NaN,NaN,NaN,NaN,NaN,NaN,NaN,NaN,NaN,NaN,NaN,NaN,NaN,NaN,NaN,NaN,NaN,NaN,NaN,NaN,NaN,NaN,NaN,NaN,NaN,NaN,NaN,NaN,NaN,NaN,NaN,NaN,NaN,NaN,NaN,NaN,NaN,NaN,NaN,NaN,NaN,NaN,NaN,NaN,NaN,NaN,NaN,NaN,NaN,NaN,NaN,NaN,NaN,NaN,NaN,NaN,NaN,NaN,NaN,NaN,NaN,NaN,NaN,NaN,NaN,NaN,NaN,NaN,NaN,NaN,NaN,NaN,NaN,NaN,NaN,NaN,NaN,NaN,NaN,NaN,NaN,NaN,NaN,NaN,NaN,NaN,NaN,NaN,NaN,NaN,NaN,NaN,NaN,NaN,NaN,NaN,NaN,NaN,-0.113589857531397,-0.113488225852147,-0.113134374690498,-0.112572033386468,-0.111967106778724,-0.111761553843871,-0.111443108891941,-0.111544761006141,NaN,NaN,NaN,NaN,NaN,NaN,NaN,NaN,NaN,NaN,NaN,NaN,NaN,NaN,-0.0980444628059066,-0.0987747952735684,-0.0986959156985695,-0.0987100556257496,-0.0989920478084252,-0.108375913471082,-0.109074652333594,-0.107802883041901,-0.101346876302422,NaN,NaN,NaN,NaN,-0.112535516863895,-0.113254536054784,-0.113533109745167,-0.113984760654256,-0.113887451909405,NaN,NaN,NaN,NaN,NaN,NaN,NaN,NaN,NaN,NaN,-0.0853414428898019,-0.0860762233119335,-0.0875828135184291,-0.0879722071340363,NaN,NaN,NaN,NaN,NaN,NaN,NaN,NaN,NaN,NaN,NaN,NaN,-0.0507927288757991,-0.0486733906939183,NaN,NaN,NaN,NaN,NaN,NaN,NaN,NaN,NaN,NaN,NaN,NaN,NaN,NaN,NaN,NaN,NaN,NaN,NaN,NaN,NaN,NaN,NaN,NaN,NaN,NaN,NaN,NaN,NaN,NaN,NaN,NaN,NaN,NaN,NaN,NaN,NaN,NaN,NaN,NaN,NaN,NaN,NaN,NaN,NaN,NaN,NaN,NaN,NaN,NaN,NaN,NaN,NaN,NaN,NaN,NaN,NaN,NaN,NaN,NaN,NaN,NaN,NaN,NaN,NaN,NaN,NaN
NaN,NaN,NaN,NaN,NaN,NaN,NaN,NaN,NaN,NaN,NaN,NaN,NaN,NaN,NaN,NaN,NaN,NaN,NaN,NaN,NaN,NaN,NaN,NaN,NaN,NaN,NaN,NaN,NaN,NaN,NaN,NaN,NaN,NaN,NaN,NaN,NaN,NaN,NaN,NaN,NaN,NaN,NaN,NaN,NaN,NaN,NaN,NaN,NaN,NaN,NaN,NaN,NaN,NaN,NaN,NaN,NaN,NaN,NaN,NaN,NaN,NaN,NaN,NaN,NaN,NaN,NaN,NaN,NaN,NaN,NaN,NaN,NaN,NaN,NaN,NaN,NaN,NaN,NaN,NaN,NaN,NaN,NaN,NaN,NaN,NaN,NaN,NaN,NaN,NaN,NaN,NaN,NaN,NaN,NaN,NaN,NaN,NaN,NaN,NaN,NaN,NaN,NaN,NaN,NaN,NaN,NaN,NaN,NaN,NaN,-0.113934424156203,-0.113936890517229,-0.113784423217374,-0.113558435604111,NaN,NaN,NaN,NaN,NaN,NaN,NaN,NaN,NaN,NaN,NaN,NaN,NaN,NaN,NaN,NaN,NaN,NaN,-0.0839769456610399,-0.0844937337131745,NaN,NaN,NaN,NaN,NaN,NaN,NaN,NaN,NaN,NaN,NaN,-0.103011260356626,-0.11331047226831,-0.114138673710355,-0.114527056880017,-0.114738929369588,NaN,NaN,NaN,NaN,NaN,NaN,NaN,NaN,NaN,NaN,-0.0861933600631383,-0.0873955466771035,-0.0886101949095046,-0.0894981707578385,-0.0905230710002323,NaN,NaN,NaN,NaN,NaN,NaN,NaN,NaN,NaN,NaN,-0.0583344682100646,-0.0538158981688077,-0.0507886451389659,NaN,NaN,NaN,NaN,NaN,NaN,NaN,NaN,NaN,NaN,NaN,NaN,NaN,NaN,NaN,NaN,NaN,NaN,NaN,NaN,NaN,NaN,NaN,NaN,NaN,NaN,NaN,NaN,NaN,NaN,NaN,NaN,NaN,NaN,NaN,NaN,NaN,NaN,NaN,NaN,NaN,NaN,NaN,NaN,NaN,NaN,NaN,NaN,NaN,NaN,NaN,NaN,NaN,NaN,NaN,NaN,NaN,NaN,NaN,NaN,NaN,NaN,NaN,NaN,NaN,NaN,NaN
NaN,NaN,NaN,NaN,NaN,NaN,NaN,NaN,NaN,NaN,NaN,NaN,NaN,NaN,NaN,NaN,NaN,NaN,NaN,NaN,NaN,NaN,NaN,NaN,NaN,NaN,NaN,NaN,NaN,NaN,NaN,NaN,NaN,NaN,NaN,NaN,NaN,NaN,NaN,NaN,NaN,NaN,NaN,NaN,NaN,NaN,NaN,NaN,NaN,NaN,NaN,NaN,NaN,NaN,NaN,NaN,NaN,NaN,NaN,NaN,NaN,NaN,NaN,NaN,NaN,NaN,NaN,NaN,NaN,NaN,NaN,NaN,NaN,NaN,NaN,NaN,NaN,NaN,NaN,NaN,NaN,NaN,NaN,NaN,NaN,NaN,NaN,NaN,NaN,NaN,NaN,NaN,NaN,NaN,NaN,NaN,NaN,NaN,NaN,NaN,NaN,NaN,NaN,NaN,NaN,NaN,NaN,NaN,NaN,-0.114694995752854,-0.114407126708323,-0.114329141677859,-0.114268543287863,-0.113446830394479,NaN,NaN,NaN,NaN,NaN,NaN,NaN,NaN,NaN,NaN,NaN,NaN,NaN,NaN,NaN,NaN,NaN,NaN,NaN,NaN,NaN,NaN,NaN,NaN,NaN,NaN,NaN,NaN,NaN,NaN,NaN,NaN,-0.110215287141399,-0.114813760946262,-0.115064131544749,-0.11543792631812,-0.115680942723719,NaN,NaN,NaN,NaN,NaN,NaN,NaN,NaN,NaN,NaN,-0.0886200108113306,-0.0898565588085481,-0.090734873438083,-0.0916967636237777,-0.0927733203666071,-0.0932795154351735,-0.0937494575910775,-0.092768808802236,NaN,NaN,NaN,NaN,-0.0890120113397701,-0.0755195509750152,-0.0653921699655803,-0.0583147282258637,NaN,NaN,NaN,NaN,NaN,NaN,NaN,NaN,NaN,NaN,NaN,NaN,NaN,NaN,NaN,NaN,NaN,NaN,NaN,NaN,NaN,NaN,NaN,NaN,NaN,NaN,NaN,NaN,NaN,NaN,NaN,NaN,NaN,NaN,NaN,NaN,NaN,NaN,NaN,NaN,NaN,NaN,NaN,NaN,NaN,NaN,NaN,NaN,NaN,NaN,NaN,NaN,NaN,NaN,NaN,NaN,NaN,NaN,NaN,NaN,NaN,NaN,NaN,NaN,NaN,NaN,NaN,NaN
NaN,NaN,NaN,NaN,NaN,NaN,NaN,NaN,NaN,NaN,NaN,NaN,NaN,NaN,NaN,NaN,NaN,NaN,NaN,NaN,NaN,NaN,NaN,NaN,NaN,NaN,NaN,NaN,NaN,NaN,NaN,NaN,NaN,NaN,NaN,NaN,NaN,NaN,NaN,NaN,NaN,NaN,NaN,NaN,NaN,NaN,NaN,NaN,NaN,NaN,NaN,NaN,NaN,NaN,NaN,NaN,NaN,NaN,NaN,NaN,NaN,NaN,NaN,NaN,NaN,NaN,NaN,NaN,NaN,NaN,NaN,NaN,NaN,NaN,NaN,NaN,NaN,NaN,NaN,NaN,NaN,NaN,NaN,NaN,NaN,NaN,NaN,NaN,NaN,NaN,NaN,NaN,NaN,NaN,NaN,NaN,NaN,NaN,NaN,NaN,NaN,NaN,NaN,NaN,NaN,NaN,NaN,NaN,-0.113416966444724,-0.114824681257287,-0.114729299675063,-0.114687849341682,-0.114685562959857,-0.113563229132348,NaN,NaN,NaN,NaN,NaN,NaN,NaN,NaN,NaN,NaN,NaN,NaN,NaN,NaN,NaN,NaN,NaN,NaN,NaN,NaN,NaN,NaN,NaN,NaN,NaN,NaN,NaN,NaN,NaN,NaN,NaN,NaN,-0.104079602319536,-0.115133945029146,-0.115689879845379,-0.115986166024864,-0.116079857870833,NaN,NaN,NaN,NaN,NaN,NaN,NaN,NaN,NaN,NaN,NaN,-0.0908820018904938,-0.0916556973319849,-0.0923295961110605,-0.0930368588625757,-0.0935002603501078,-0.0940699592815833,-0.0946762098001799,-0.0894915650829229,NaN,NaN,-0.0930434599993859,-0.10087111171756,-0.0889151303001422,NaN,NaN,NaN,NaN,NaN,NaN,NaN,NaN,NaN,NaN,NaN,NaN,NaN,NaN,NaN,NaN,NaN,NaN,NaN,NaN,NaN,NaN,NaN,NaN,NaN,NaN,NaN,NaN,NaN,NaN,NaN,NaN,NaN,NaN,NaN,NaN,NaN,NaN,NaN,NaN,NaN,NaN,NaN,NaN,NaN,NaN,NaN,NaN,NaN,NaN,NaN,NaN,NaN,NaN,NaN,NaN,NaN,NaN,NaN,NaN,NaN,NaN,NaN,NaN,NaN,NaN,NaN,NaN,NaN,NaN
NaN,NaN,NaN,NaN,NaN,NaN,NaN,NaN,NaN,NaN,NaN,NaN,NaN,NaN,NaN,NaN,NaN,NaN,NaN,NaN,NaN,NaN,NaN,NaN,NaN,NaN,NaN,NaN,NaN,NaN,NaN,NaN,NaN,NaN,NaN,NaN,NaN,NaN,NaN,NaN,NaN,NaN,NaN,NaN,NaN,NaN,NaN,NaN,NaN,NaN,NaN,NaN,NaN,NaN,NaN,NaN,NaN,NaN,NaN,NaN,NaN,NaN,NaN,NaN,NaN,NaN,NaN,NaN,NaN,NaN,NaN,NaN,NaN,NaN,NaN,NaN,NaN,NaN,NaN,NaN,NaN,NaN,NaN,NaN,NaN,NaN,NaN,NaN,NaN,NaN,NaN,NaN,NaN,NaN,NaN,NaN,NaN,NaN,NaN,NaN,NaN,NaN,NaN,NaN,NaN,NaN,NaN,NaN,-0.113502188809633,-0.115021858793892,-0.115003405557177,-0.115018109783893,-0.115053160206165,-0.1150184385639,NaN,NaN,NaN,NaN,NaN,NaN,NaN,NaN,NaN,NaN,NaN,NaN,NaN,NaN,NaN,NaN,NaN,NaN,NaN,NaN,NaN,NaN,NaN,NaN,NaN,NaN,NaN,NaN,NaN,NaN,NaN,NaN,NaN,-0.114645688459776,-0.116311942368483,-0.116453047886207,-0.116771000724182,-0.116107910709266,NaN,NaN,NaN,NaN,NaN,NaN,NaN,NaN,NaN,NaN,NaN,-0.0923631082251472,-0.0929758901258604,-0.0935244251731278,-0.0940609926338915,-0.094743464160267,-0.0955695428377109,-0.0955844922613702,NaN,NaN,-0.10108292432983,-0.101075448605621,-0.0925830833783984,NaN,NaN,NaN,NaN,NaN,NaN,NaN,NaN,NaN,NaN,NaN,NaN,NaN,NaN,NaN,NaN,NaN,NaN,NaN,NaN,NaN,NaN,NaN,NaN,NaN,NaN,NaN,NaN,NaN,NaN,NaN,NaN,NaN,NaN,NaN,NaN,NaN,NaN,NaN,NaN,NaN,NaN,NaN,NaN,NaN,NaN,NaN,NaN,NaN,NaN,NaN,NaN,NaN,NaN,NaN,NaN,NaN,NaN,NaN,NaN,NaN,NaN,NaN,NaN,NaN,NaN,NaN,NaN,NaN,NaN
NaN,NaN,NaN,NaN,NaN,NaN,NaN,NaN,NaN,NaN,NaN,NaN,NaN,NaN,NaN,NaN,NaN,NaN,NaN,NaN,NaN,NaN,NaN,NaN,NaN,NaN,NaN,NaN,NaN,NaN,NaN,NaN,NaN,NaN,NaN,NaN,NaN,NaN,NaN,NaN,NaN,NaN,NaN,NaN,NaN,NaN,NaN,NaN,NaN,NaN,NaN,NaN,NaN,NaN,NaN,NaN,NaN,NaN,NaN,NaN,NaN,NaN,NaN,NaN,NaN,NaN,NaN,NaN,NaN,NaN,NaN,NaN,NaN,NaN,NaN,NaN,NaN,NaN,NaN,NaN,NaN,NaN,NaN,NaN,NaN,NaN,NaN,NaN,NaN,NaN,NaN,NaN,NaN,NaN,NaN,NaN,NaN,NaN,NaN,NaN,NaN,NaN,NaN,NaN,NaN,NaN,NaN,NaN,-0.110034704675688,-0.115255978722809,-0.115322521193433,-0.115355943914693,-0.115427033111913,-0.115451238703831,-0.108131493999738,NaN,NaN,NaN,NaN,NaN,NaN,NaN,NaN,NaN,NaN,NaN,NaN,NaN,NaN,NaN,NaN,NaN,NaN,NaN,NaN,NaN,NaN,NaN,NaN,NaN,NaN,NaN,NaN,NaN,NaN,NaN,NaN,NaN,-0.11603271377292,-0.117045640579544,-0.117359911723026,-0.117496419490775,NaN,NaN,NaN,NaN,NaN,NaN,NaN,NaN,NaN,NaN,NaN,NaN,-0.0936052758461702,-0.0941901151136066,-0.0948308797649877,-0.0955819820712977,-0.0967789923303208,-0.0980110691068957,-0.0997309559742251,-0.100261903694407,-0.100941875163697,-0.101024374228313,NaN,NaN,NaN,NaN,NaN,NaN,NaN,NaN,NaN,NaN,NaN,NaN,NaN,NaN,NaN,NaN,NaN,NaN,NaN,NaN,NaN,NaN,NaN,NaN,NaN,NaN,NaN,NaN,NaN,NaN,NaN,NaN,NaN,NaN,NaN,NaN,NaN,NaN,NaN,NaN,NaN,NaN,NaN,NaN,NaN,NaN,NaN,NaN,NaN,NaN,NaN,NaN,NaN,NaN,NaN,NaN,NaN,NaN,NaN,NaN,NaN,NaN,NaN,NaN,NaN,NaN,NaN,NaN,NaN,NaN,NaN
NaN,NaN,NaN,NaN,NaN,NaN,NaN,NaN,NaN,NaN,NaN,NaN,NaN,NaN,NaN,NaN,NaN,NaN,NaN,NaN,NaN,NaN,NaN,NaN,NaN,NaN,NaN,NaN,NaN,NaN,NaN,NaN,NaN,NaN,NaN,NaN,NaN,NaN,NaN,NaN,NaN,NaN,NaN,NaN,NaN,NaN,NaN,NaN,NaN,NaN,NaN,NaN,NaN,NaN,NaN,NaN,NaN,NaN,NaN,NaN,NaN,NaN,NaN,NaN,NaN,NaN,NaN,NaN,NaN,NaN,NaN,NaN,NaN,NaN,NaN,NaN,NaN,NaN,NaN,NaN,NaN,NaN,NaN,NaN,NaN,NaN,NaN,NaN,NaN,NaN,NaN,NaN,NaN,NaN,NaN,NaN,NaN,NaN,NaN,NaN,NaN,NaN,NaN,NaN,NaN,NaN,NaN,NaN,NaN,-0.115615048609393,-0.115655788986049,-0.115700874945437,-0.115757518279525,-0.115754159642177,-0.115752245422146,NaN,NaN,NaN,NaN,NaN,NaN,NaN,NaN,NaN,NaN,NaN,NaN,NaN,NaN,NaN,NaN,NaN,NaN,NaN,NaN,NaN,NaN,NaN,NaN,NaN,NaN,NaN,NaN,NaN,NaN,NaN,NaN,NaN,-0.117303565952791,-0.117601015436168,-0.117850645379505,-0.118174281880356,-0.118495865908306,-0.116696127096327,NaN,NaN,NaN,NaN,NaN,NaN,NaN,NaN,NaN,NaN,NaN,-0.0948768529982982,-0.0955478972509116,-0.0966082598609163,-0.0978565297214805,-0.0989779771724468,-0.099924808582882,-0.100518356531403,-0.101001954109401,-0.101109689453153,NaN,NaN,NaN,NaN,NaN,NaN,NaN,NaN,NaN,NaN,NaN,NaN,NaN,NaN,NaN,NaN,NaN,NaN,NaN,NaN,NaN,NaN,NaN,NaN,NaN,NaN,NaN,NaN,NaN,NaN,NaN,NaN,NaN,NaN,NaN,NaN,NaN,NaN,NaN,NaN,NaN,NaN,NaN,NaN,NaN,NaN,NaN,NaN,NaN,NaN,NaN,NaN,NaN,NaN,NaN,NaN,NaN,NaN,NaN,NaN,NaN,NaN,NaN,NaN,NaN,NaN,NaN,NaN,NaN,NaN,NaN
NaN,NaN,NaN,NaN,NaN,NaN,NaN,NaN,NaN,NaN,NaN,NaN,NaN,NaN,NaN,NaN,NaN,NaN,NaN,NaN,NaN,NaN,NaN,NaN,NaN,NaN,NaN,NaN,NaN,NaN,NaN,NaN,NaN,NaN,NaN,NaN,NaN,NaN,NaN,NaN,NaN,NaN,NaN,NaN,NaN,NaN,NaN,NaN,NaN,NaN,NaN,NaN,NaN,NaN,NaN,NaN,NaN,NaN,NaN,NaN,NaN,NaN,NaN,NaN,NaN,NaN,NaN,NaN,NaN,NaN,NaN,NaN,NaN,NaN,NaN,NaN,NaN,NaN,NaN,NaN,NaN,NaN,NaN,NaN,NaN,NaN,NaN,NaN,NaN,NaN,NaN,NaN,NaN,NaN,NaN,NaN,NaN,NaN,NaN,NaN,NaN,NaN,NaN,NaN,NaN,NaN,NaN,NaN,NaN,-0.115821692243306,-0.115911895718351,-0.116021529341661,-0.116059870729164,-0.115975985754977,-0.108752747423563,NaN,NaN,NaN,NaN,NaN,NaN,NaN,NaN,NaN,NaN,NaN,NaN,NaN,NaN,NaN,NaN,NaN,NaN,NaN,NaN,NaN,NaN,NaN,NaN,NaN,NaN,NaN,NaN,NaN,NaN,NaN,NaN,NaN,-0.106699274454504,-0.117207974941284,-0.118200032554629,-0.118530032869303,-0.118967830724201,-0.119230563192506,-0.116939189907537,NaN,NaN,NaN,NaN,NaN,NaN,NaN,NaN,NaN,NaN,NaN,-0.0962994656741236,-0.0970656396514057,-0.0989445881460868,-0.0998089336443381,-0.100265460232476,-0.100780845997033,-0.101189719484657,-0.101596202903604,-0.102273202095398,-0.102480768640218,NaN,NaN,NaN,NaN,NaN,NaN,NaN,NaN,NaN,NaN,NaN,NaN,NaN,NaN,NaN,NaN,NaN,NaN,NaN,NaN,NaN,NaN,NaN,NaN,NaN,NaN,NaN,NaN,NaN,NaN,NaN,NaN,NaN,NaN,NaN,NaN,NaN,NaN,NaN,NaN,NaN,NaN,NaN,NaN,NaN,NaN,NaN,NaN,NaN,NaN,NaN,NaN,NaN,NaN,NaN,NaN,NaN,NaN,NaN,NaN,NaN,NaN,NaN,NaN,NaN,NaN,NaN,NaN,NaN
NaN,NaN,NaN,NaN,NaN,NaN,NaN,NaN,NaN,NaN,NaN,NaN,NaN,NaN,NaN,NaN,NaN,NaN,NaN,NaN,NaN,NaN,NaN,NaN,NaN,NaN,NaN,NaN,NaN,NaN,NaN,NaN,NaN,NaN,NaN,NaN,NaN,NaN,NaN,NaN,NaN,NaN,NaN,NaN,NaN,NaN,NaN,NaN,NaN,NaN,NaN,NaN,NaN,NaN,NaN,NaN,NaN,NaN,NaN,NaN,NaN,NaN,NaN,NaN,NaN,NaN,NaN,NaN,NaN,NaN,NaN,NaN,NaN,NaN,NaN,NaN,NaN,NaN,NaN,NaN,NaN,NaN,NaN,NaN,NaN,NaN,NaN,NaN,NaN,NaN,NaN,NaN,NaN,NaN,NaN,NaN,NaN,NaN,NaN,NaN,NaN,NaN,NaN,NaN,NaN,NaN,NaN,NaN,NaN,-0.115071195621764,-0.116249593206646,-0.116320360540192,-0.116286149285582,-0.116209981611125,-0.112854615859321,NaN,NaN,NaN,NaN,NaN,NaN,NaN,NaN,NaN,NaN,NaN,NaN,NaN,NaN,NaN,NaN,NaN,NaN,NaN,NaN,NaN,NaN,NaN,NaN,NaN,NaN,NaN,NaN,NaN,NaN,NaN,NaN,NaN,-0.0908527492253502,-0.102869456651599,-0.117711968999431,-0.118807398926741,-0.119229100898733,-0.119449405067505,-0.119301699531493,NaN,NaN,NaN,NaN,NaN,NaN,NaN,NaN,NaN,NaN,NaN,NaN,NaN,-0.100083557681719,-0.100360358420885,-0.100653354555055,-0.100986702061077,-0.101360431343524,-0.101834986359391,-0.102384630528701,-0.102794094175563,-0.103150161956195,-0.103221979312291,NaN,NaN,NaN,NaN,NaN,NaN,NaN,NaN,NaN,NaN,NaN,NaN,NaN,NaN,NaN,NaN,NaN,NaN,NaN,NaN,NaN,NaN,NaN,NaN,NaN,NaN,NaN,NaN,NaN,NaN,NaN,NaN,NaN,NaN,NaN,NaN,NaN,NaN,NaN,NaN,NaN,NaN,NaN,NaN,NaN,NaN,NaN,NaN,NaN,NaN,NaN,NaN,NaN,NaN,NaN,NaN,NaN,NaN,NaN,NaN,NaN,NaN,NaN,NaN,NaN,NaN,NaN
NaN,NaN,NaN,NaN,NaN,NaN,NaN,NaN,NaN,NaN,NaN,NaN,NaN,NaN,NaN,NaN,NaN,NaN,NaN,NaN,NaN,NaN,NaN,NaN,NaN,NaN,NaN,NaN,NaN,NaN,NaN,NaN,NaN,NaN,NaN,NaN,NaN,NaN,NaN,NaN,NaN,NaN,NaN,NaN,NaN,NaN,NaN,NaN,NaN,NaN,NaN,NaN,NaN,NaN,NaN,NaN,NaN,NaN,NaN,NaN,NaN,NaN,NaN,NaN,NaN,NaN,NaN,NaN,NaN,NaN,NaN,NaN,NaN,NaN,NaN,NaN,NaN,NaN,NaN,NaN,NaN,NaN,NaN,NaN,NaN,NaN,NaN,NaN,NaN,NaN,NaN,NaN,NaN,NaN,NaN,NaN,NaN,NaN,NaN,NaN,NaN,NaN,NaN,NaN,NaN,NaN,NaN,NaN,NaN,NaN,-0.116791285588777,-0.116639902280409,-0.116437595166267,-0.11629991683746,-0.11577491377304,NaN,NaN,NaN,NaN,NaN,NaN,NaN,NaN,NaN,NaN,NaN,NaN,NaN,NaN,NaN,NaN,NaN,NaN,NaN,NaN,NaN,NaN,NaN,NaN,NaN,NaN,NaN,NaN,NaN,NaN,NaN,NaN,NaN,-0.080453901825349,-0.0930305675806431,-0.110239991446005,-0.118987426698557,-0.119580223277945,-0.119744470550555,-0.119766638599072,NaN,NaN,NaN,NaN,NaN,NaN,NaN,NaN,NaN,NaN,NaN,NaN,NaN,NaN,-0.100768002248986,-0.100833506328099,-0.101202692936739,-0.101572210192556,-0.102010222658652,-0.102479030225659,-0.102915389770632,-0.103231758731022,-0.103526950430179,-0.104045908949306,-0.100890803831858,NaN,NaN,NaN,NaN,NaN,NaN,NaN,NaN,NaN,NaN,NaN,NaN,NaN,NaN,NaN,NaN,NaN,NaN,NaN,NaN,NaN,NaN,NaN,NaN,NaN,NaN,NaN,NaN,NaN,NaN,NaN,NaN,NaN,NaN,NaN,NaN,NaN,NaN,NaN,NaN,NaN,NaN,NaN,NaN,NaN,NaN,NaN,NaN,NaN,NaN,NaN,NaN,NaN,NaN,NaN,NaN,NaN,NaN,NaN,NaN,NaN,NaN,NaN,NaN,NaN
NaN,NaN,NaN,NaN,NaN,NaN,NaN,NaN,NaN,NaN,NaN,NaN,NaN,NaN,NaN,NaN,NaN,NaN,NaN,NaN,NaN,NaN,NaN,NaN,NaN,NaN,NaN,NaN,NaN,NaN,NaN,NaN,NaN,NaN,NaN,NaN,NaN,NaN,NaN,NaN,NaN,NaN,NaN,NaN,NaN,NaN,NaN,NaN,NaN,NaN,NaN,NaN,NaN,NaN,NaN,NaN,NaN,NaN,NaN,NaN,NaN,NaN,NaN,NaN,NaN,NaN,NaN,NaN,NaN,NaN,NaN,NaN,NaN,NaN,NaN,NaN,NaN,NaN,NaN,NaN,NaN,NaN,NaN,NaN,NaN,NaN,NaN,NaN,NaN,NaN,NaN,NaN,NaN,NaN,NaN,NaN,NaN,NaN,NaN,NaN,NaN,NaN,NaN,NaN,NaN,NaN,NaN,NaN,NaN,NaN,-0.117280881463431,-0.117153962990886,-0.116658583224086,NaN,NaN,NaN,NaN,NaN,NaN,NaN,NaN,NaN,NaN,NaN,NaN,NaN,NaN,NaN,NaN,NaN,NaN,NaN,NaN,NaN,NaN,NaN,NaN,NaN,NaN,NaN,NaN,NaN,NaN,NaN,NaN,NaN,NaN,NaN,-0.0711446811381578,-0.0804994648937161,-0.0931170299141837,NaN,-0.120053138183519,-0.120054973340458,-0.120097001955843,NaN,NaN,NaN,NaN,NaN,NaN,NaN,NaN,NaN,NaN,NaN,NaN,NaN,NaN,-0.100802741517957,-0.100937455491031,-0.101361896005892,-0.101671044007317,-0.102118568231454,-0.102694058917048,-0.103163138930954,-0.10348799763812,-0.103823008929218,-0.104236413946385,-0.10447246841335,NaN,NaN,NaN,NaN,NaN,NaN,NaN,NaN,NaN,NaN,NaN,NaN,NaN,NaN,NaN,NaN,NaN,NaN,NaN,NaN,NaN,NaN,NaN,NaN,NaN,NaN,NaN,NaN,NaN,NaN,NaN,NaN,NaN,NaN,NaN,NaN,NaN,NaN,NaN,NaN,NaN,NaN,NaN,NaN,NaN,NaN,NaN,NaN,NaN,NaN,NaN,NaN,NaN,NaN,NaN,NaN,NaN,NaN,NaN,NaN,NaN,NaN,NaN,NaN,NaN
NaN,NaN,NaN,NaN,NaN,NaN,NaN,NaN,NaN,NaN,NaN,NaN,NaN,NaN,NaN,NaN,NaN,NaN,NaN,NaN,NaN,NaN,NaN,NaN,NaN,NaN,NaN,NaN,NaN,NaN,NaN,NaN,NaN,NaN,NaN,NaN,NaN,NaN,NaN,NaN,NaN,NaN,NaN,NaN,NaN,NaN,NaN,NaN,NaN,NaN,NaN,NaN,NaN,NaN,NaN,NaN,NaN,NaN,NaN,NaN,NaN,NaN,NaN,NaN,NaN,NaN,NaN,NaN,NaN,NaN,NaN,NaN,NaN,NaN,NaN,NaN,NaN,NaN,NaN,NaN,NaN,NaN,NaN,NaN,NaN,NaN,NaN,NaN,NaN,NaN,NaN,NaN,NaN,NaN,NaN,NaN,NaN,NaN,NaN,NaN,NaN,NaN,NaN,NaN,NaN,NaN,NaN,NaN,NaN,NaN,-0.118128634565869,-0.11818079723222,NaN,NaN,NaN,NaN,NaN,NaN,NaN,NaN,NaN,NaN,NaN,NaN,NaN,NaN,NaN,NaN,NaN,NaN,NaN,NaN,NaN,NaN,NaN,NaN,NaN,NaN,NaN,NaN,NaN,NaN,NaN,NaN,NaN,NaN,NaN,NaN,NaN,NaN,NaN,NaN,-0.120121095649319,-0.120295381644452,-0.120414539033485,-0.120615954235223,NaN,NaN,NaN,NaN,NaN,NaN,NaN,NaN,NaN,NaN,NaN,NaN,NaN,NaN,NaN,-0.101666195566813,-0.101899292064555,-0.102335089701068,-0.10294273363207,-0.103458074470723,-0.103876317438071,-0.104340121284196,-0.104847048407241,-0.105234098318384,-0.105716833721015,NaN,NaN,NaN,NaN,NaN,NaN,NaN,NaN,NaN,NaN,NaN,NaN,NaN,NaN,NaN,NaN,NaN,NaN,NaN,NaN,NaN,NaN,NaN,NaN,NaN,NaN,NaN,NaN,NaN,NaN,NaN,NaN,NaN,NaN,NaN,NaN,NaN,NaN,NaN,NaN,NaN,NaN,NaN,NaN,NaN,NaN,NaN,NaN,NaN,NaN,NaN,NaN,NaN,NaN,NaN,NaN,NaN,NaN,NaN,NaN,NaN,NaN,NaN,NaN
NaN,NaN,NaN,NaN,NaN,NaN,NaN,NaN,NaN,NaN,NaN,NaN,NaN,NaN,NaN,NaN,NaN,NaN,NaN,NaN,NaN,NaN,NaN,NaN,NaN,NaN,NaN,NaN,NaN,NaN,NaN,NaN,NaN,NaN,NaN,NaN,NaN,NaN,NaN,NaN,NaN,NaN,NaN,NaN,NaN,NaN,NaN,NaN,NaN,NaN,NaN,NaN,NaN,NaN,NaN,NaN,NaN,NaN,NaN,NaN,NaN,NaN,NaN,NaN,NaN,NaN,NaN,NaN,NaN,NaN,NaN,NaN,NaN,NaN,NaN,NaN,NaN,NaN,NaN,NaN,NaN,NaN,NaN,NaN,NaN,NaN,NaN,NaN,NaN,NaN,NaN,NaN,NaN,NaN,NaN,NaN,NaN,NaN,NaN,NaN,NaN,NaN,NaN,NaN,NaN,NaN,NaN,NaN,NaN,NaN,-0.119006943612036,-0.119130311239431,-0.119508649471905,NaN,NaN,NaN,NaN,NaN,NaN,NaN,NaN,NaN,NaN,NaN,NaN,NaN,NaN,NaN,NaN,NaN,NaN,NaN,NaN,NaN,NaN,NaN,NaN,NaN,NaN,NaN,NaN,NaN,NaN,NaN,NaN,NaN,NaN,NaN,NaN,NaN,NaN,NaN,-0.112866481200102,-0.12043841748845,-0.120607246745713,-0.120618337768967,NaN,NaN,NaN,NaN,NaN,NaN,NaN,NaN,NaN,NaN,NaN,NaN,NaN,NaN,NaN,NaN,-0.101594425264267,-0.102190046505792,-0.103353004725669,-0.103933000726824,-0.104433327330799,-0.104986180785223,-0.105380701270804,-0.105675174884129,-0.105941798760166,-0.106209141985684,NaN,NaN,NaN,NaN,NaN,NaN,NaN,NaN,NaN,NaN,NaN,NaN,NaN,NaN,NaN,NaN,NaN,NaN,NaN,NaN,NaN,NaN,NaN,NaN,NaN,NaN,NaN,NaN,NaN,NaN,NaN,NaN,NaN,NaN,NaN,NaN,NaN,NaN,NaN,NaN,NaN,NaN,NaN,NaN,NaN,NaN,NaN,NaN,NaN,NaN,NaN,NaN,NaN,NaN,NaN,NaN,NaN,NaN,NaN,NaN,NaN,NaN,NaN
NaN,NaN,NaN,NaN,NaN,NaN,NaN,NaN,NaN,NaN,NaN,NaN,NaN,NaN,NaN,NaN,NaN,NaN,NaN,NaN,NaN,NaN,NaN,NaN,NaN,NaN,NaN,NaN,NaN,NaN,NaN,NaN,NaN,NaN,NaN,NaN,NaN,NaN,NaN,NaN,NaN,NaN,NaN,NaN,NaN,NaN,NaN,NaN,NaN,NaN,NaN,NaN,NaN,NaN,NaN,NaN,NaN,NaN,NaN,NaN,NaN,NaN,NaN,NaN,NaN,NaN,NaN,NaN,NaN,NaN,NaN,NaN,NaN,NaN,NaN,NaN,NaN,NaN,NaN,NaN,NaN,NaN,NaN,NaN,NaN,NaN,NaN,NaN,NaN,NaN,NaN,NaN,NaN,NaN,NaN,NaN,NaN,NaN,NaN,NaN,NaN,NaN,NaN,NaN,NaN,NaN,NaN,NaN,NaN,NaN,-0.119575542209332,-0.119582998432819,-0.119638832956803,NaN,NaN,NaN,NaN,NaN,NaN,NaN,NaN,NaN,NaN,NaN,NaN,NaN,NaN,NaN,NaN,NaN,NaN,NaN,NaN,NaN,NaN,NaN,NaN,NaN,NaN,NaN,NaN,NaN,NaN,NaN,NaN,NaN,NaN,NaN,NaN,NaN,NaN,NaN,NaN,-0.120537818960876,-0.121124204592038,-0.121110335702912,NaN,NaN,NaN,NaN,NaN,NaN,NaN,NaN,NaN,NaN,NaN,NaN,NaN,NaN,NaN,NaN,NaN,NaN,-0.103966502729027,-0.104408290819965,-0.104981362082426,-0.105485240775675,-0.105843761583348,-0.106148539894649,-0.106348831140582,-0.106472317660705,NaN,NaN,NaN,NaN,NaN,NaN,NaN,NaN,NaN,NaN,NaN,NaN,NaN,NaN,NaN,NaN,NaN,NaN,NaN,NaN,NaN,NaN,NaN,NaN,NaN,NaN,NaN,NaN,NaN,NaN,NaN,NaN,NaN,NaN,NaN,NaN,NaN,NaN,NaN,NaN,NaN,NaN,NaN,NaN,NaN,NaN,NaN,NaN,NaN,NaN,NaN,NaN,NaN,NaN,NaN,NaN,NaN,NaN,NaN,NaN,NaN,NaN,NaN
NaN,NaN,NaN,NaN,NaN,NaN,NaN,NaN,NaN,NaN,NaN,NaN,NaN,NaN,NaN,NaN,NaN,NaN,NaN,NaN,NaN,NaN,NaN,NaN,NaN,NaN,NaN,NaN,NaN,NaN,NaN,NaN,NaN,NaN,NaN,NaN,NaN,NaN,NaN,NaN,NaN,NaN,NaN,NaN,NaN,NaN,NaN,NaN,NaN,NaN,NaN,NaN,NaN,NaN,NaN,NaN,NaN,NaN,NaN,NaN,NaN,NaN,NaN,NaN,NaN,NaN,NaN,NaN,NaN,NaN,NaN,NaN,NaN,NaN,NaN,NaN,NaN,NaN,NaN,NaN,NaN,NaN,NaN,NaN,NaN,NaN,NaN,NaN,NaN,NaN,NaN,NaN,NaN,NaN,NaN,NaN,NaN,NaN,NaN,NaN,NaN,NaN,NaN,NaN,NaN,NaN,NaN,NaN,NaN,NaN,-0.120072320925163,-0.1199433813189,-0.119938203624805,NaN,NaN,NaN,NaN,NaN,NaN,NaN,NaN,NaN,NaN,NaN,NaN,NaN,NaN,NaN,NaN,NaN,NaN,NaN,NaN,NaN,NaN,NaN,NaN,NaN,NaN,NaN,NaN,NaN,NaN,NaN,NaN,NaN,NaN,NaN,NaN,NaN,NaN,NaN,NaN,NaN,-0.121939651685425,-0.121952641385704,-0.121908321686932,NaN,NaN,NaN,NaN,NaN,NaN,NaN,NaN,NaN,NaN,NaN,NaN,NaN,NaN,NaN,NaN,NaN,NaN,-0.0966634173418773,-0.105489104025532,-0.10597064779046,-0.106456324400353,-0.106808109336775,-0.107127661651374,-0.107300317683285,NaN,NaN,NaN,NaN,NaN,NaN,NaN,NaN,NaN,NaN,NaN,NaN,NaN,NaN,NaN,NaN,NaN,NaN,NaN,NaN,NaN,NaN,NaN,NaN,NaN,NaN,NaN,NaN,NaN,NaN,NaN,NaN,NaN,NaN,NaN,NaN,NaN,NaN,NaN,NaN,NaN,NaN,NaN,NaN,NaN,NaN,NaN,NaN,NaN,NaN,NaN,NaN,NaN,NaN,NaN,NaN,NaN,NaN,NaN,NaN,NaN,NaN,NaN
NaN,NaN,NaN,NaN,NaN,NaN,NaN,NaN,NaN,NaN,NaN,NaN,NaN,NaN,NaN,NaN,NaN,NaN,NaN,NaN,NaN,NaN,NaN,NaN,NaN,NaN,NaN,NaN,NaN,NaN,NaN,NaN,NaN,NaN,NaN,NaN,NaN,NaN,NaN,NaN,NaN,NaN,NaN,NaN,NaN,NaN,NaN,NaN,NaN,NaN,NaN,NaN,NaN,NaN,NaN,NaN,NaN,NaN,NaN,NaN,NaN,NaN,NaN,NaN,NaN,NaN,NaN,NaN,NaN,NaN,NaN,NaN,NaN,NaN,NaN,NaN,NaN,NaN,NaN,NaN,NaN,NaN,NaN,NaN,NaN,NaN,NaN,NaN,NaN,NaN,NaN,NaN,NaN,NaN,NaN,NaN,NaN,NaN,NaN,NaN,NaN,NaN,NaN,NaN,-0.101644966601575,-0.114539061735634,NaN,NaN,-0.121611773178343,-0.117682404659502,-0.120957734419469,-0.120523404953396,-0.120104474630379,NaN,NaN,NaN,NaN,NaN,NaN,NaN,NaN,NaN,NaN,NaN,NaN,NaN,NaN,NaN,NaN,NaN,NaN,NaN,NaN,NaN,NaN,NaN,NaN,NaN,NaN,NaN,NaN,NaN,NaN,NaN,NaN,NaN,NaN,NaN,NaN,NaN,NaN,NaN,NaN,-0.12080065250563,-0.12234302477423,-0.122168721324985,-0.122126947470815,NaN,NaN,NaN,NaN,NaN,NaN,NaN,NaN,NaN,NaN,NaN,NaN,NaN,NaN,NaN,NaN,NaN,NaN,NaN,-0.0980226349087119,-0.106288527760963,-0.107115973800524,-0.107599145803902,-0.108123725814785,-0.108801388520789,-0.109929439330531,-0.10975847842485,NaN,NaN,NaN,NaN,NaN,NaN,NaN,NaN,NaN,NaN,NaN,NaN,NaN,NaN,NaN,NaN,NaN,NaN,NaN,NaN,NaN,NaN,NaN,NaN,NaN,NaN,NaN,NaN,NaN,NaN,NaN,NaN,NaN,NaN,NaN,NaN,NaN,NaN,NaN,NaN,NaN,NaN,NaN,NaN,NaN,NaN,NaN,NaN,NaN,NaN,NaN,NaN,NaN,NaN,NaN,NaN,NaN,NaN,NaN,NaN,NaN
NaN,NaN,NaN,NaN,NaN,NaN,NaN,NaN,NaN,NaN,NaN,NaN,NaN,NaN,NaN,NaN,NaN,NaN,NaN,NaN,NaN,NaN,NaN,NaN,NaN,NaN,NaN,NaN,NaN,NaN,NaN,NaN,NaN,NaN,NaN,NaN,NaN,NaN,NaN,NaN,NaN,NaN,NaN,NaN,NaN,NaN,NaN,NaN,NaN,NaN,NaN,NaN,NaN,NaN,NaN,NaN,NaN,NaN,NaN,NaN,NaN,NaN,NaN,NaN,NaN,NaN,NaN,NaN,NaN,NaN,NaN,NaN,NaN,NaN,NaN,NaN,NaN,NaN,NaN,NaN,NaN,NaN,NaN,NaN,NaN,NaN,NaN,NaN,NaN,NaN,NaN,NaN,NaN,NaN,NaN,NaN,NaN,NaN,NaN,NaN,NaN,NaN,NaN,NaN,-0.119482626155957,-0.124281764570414,NaN,-0.121797317920387,-0.121851352639476,-0.12159835232246,-0.121278149880096,-0.120951506376246,-0.119992428496896,NaN,NaN,NaN,NaN,NaN,NaN,NaN,NaN,NaN,NaN,NaN,NaN,NaN,NaN,NaN,NaN,NaN,NaN,NaN,NaN,NaN,NaN,NaN,NaN,NaN,NaN,NaN,NaN,NaN,NaN,NaN,NaN,NaN,NaN,NaN,NaN,NaN,NaN,NaN,NaN,-0.122565017996165,-0.122465578621559,-0.122330146670227,-0.119497072288309,NaN,NaN,NaN,NaN,NaN,NaN,NaN,NaN,NaN,NaN,NaN,NaN,NaN,NaN,NaN,NaN,NaN,NaN,NaN,NaN,NaN,-0.1078141506922,-0.108354860822206,-0.108885094716725,-0.109598965365554,-0.110034229260877,-0.110260724395219,NaN,NaN,NaN,NaN,NaN,NaN,NaN,NaN,NaN,NaN,NaN,NaN,NaN,NaN,NaN,NaN,NaN,NaN,NaN,NaN,NaN,NaN,NaN,NaN,NaN,NaN,NaN,NaN,NaN,NaN,NaN,NaN,NaN,NaN,NaN,NaN,NaN,NaN,NaN,NaN,NaN,NaN,NaN,NaN,NaN,NaN,NaN,NaN,NaN,NaN,NaN,NaN,NaN,NaN,NaN,NaN,NaN,NaN,NaN,NaN,NaN
NaN,NaN,NaN,NaN,NaN,NaN,NaN,NaN,NaN,NaN,NaN,NaN,NaN,NaN,NaN,NaN,NaN,NaN,NaN,NaN,NaN,NaN,NaN,NaN,NaN,NaN,NaN,NaN,NaN,NaN,NaN,NaN,NaN,NaN,NaN,NaN,NaN,NaN,NaN,NaN,NaN,NaN,NaN,NaN,NaN,NaN,NaN,NaN,NaN,NaN,NaN,NaN,NaN,NaN,NaN,NaN,NaN,NaN,NaN,NaN,NaN,NaN,NaN,NaN,NaN,NaN,NaN,NaN,NaN,NaN,NaN,NaN,NaN,NaN,NaN,NaN,NaN,NaN,NaN,NaN,NaN,NaN,NaN,NaN,NaN,NaN,NaN,NaN,NaN,NaN,NaN,NaN,NaN,NaN,NaN,NaN,NaN,NaN,NaN,NaN,NaN,NaN,NaN,NaN,-0.12420673065434,-0.124156663456887,-0.123659129877524,-0.12268754568187,-0.122039903070047,-0.121611327557832,-0.121307584278284,-0.121061996253322,-0.120922933900078,NaN,NaN,NaN,NaN,NaN,NaN,NaN,NaN,NaN,NaN,NaN,NaN,NaN,NaN,NaN,NaN,NaN,NaN,NaN,NaN,NaN,NaN,NaN,NaN,NaN,NaN,NaN,NaN,NaN,NaN,NaN,NaN,NaN,NaN,NaN,NaN,NaN,NaN,NaN,NaN,-0.120302113194989,-0.122666498084472,-0.120203666178559,NaN,NaN,NaN,NaN,NaN,NaN,NaN,NaN,NaN,NaN,NaN,NaN,NaN,NaN,NaN,NaN,NaN,NaN,NaN,NaN,NaN,NaN,NaN,-0.108956628573488,-0.109600365717636,-0.110281421102589,-0.110710923018727,-0.111005405278225,NaN,NaN,NaN,NaN,NaN,NaN,NaN,NaN,NaN,NaN,NaN,NaN,NaN,NaN,NaN,NaN,NaN,NaN,NaN,NaN,NaN,NaN,NaN,NaN,NaN,NaN,NaN,NaN,NaN,NaN,NaN,NaN,NaN,NaN,NaN,NaN,NaN,NaN,NaN,NaN,NaN,NaN,NaN,NaN,NaN,NaN,NaN,NaN,NaN,NaN,NaN,NaN,NaN,NaN,NaN,NaN,NaN,NaN,NaN,NaN,NaN
NaN,NaN,NaN,NaN,NaN,NaN,NaN,NaN,NaN,NaN,NaN,NaN,NaN,NaN,NaN,NaN,NaN,NaN,NaN,NaN,NaN,NaN,NaN,NaN,NaN,NaN,NaN,NaN,NaN,NaN,NaN,NaN,NaN,NaN,NaN,NaN,NaN,NaN,NaN,NaN,NaN,NaN,NaN,NaN,NaN,NaN,NaN,NaN,NaN,NaN,NaN,NaN,NaN,NaN,NaN,NaN,NaN,NaN,NaN,NaN,NaN,NaN,NaN,NaN,NaN,NaN,NaN,NaN,NaN,NaN,NaN,NaN,NaN,NaN,NaN,NaN,NaN,NaN,NaN,NaN,NaN,NaN,NaN,NaN,NaN,NaN,NaN,NaN,NaN,NaN,NaN,NaN,NaN,NaN,NaN,NaN,NaN,NaN,NaN,NaN,NaN,NaN,NaN,-0.121660764169212,-0.124755486220493,-0.124372516231259,-0.123578163057805,-0.122508024299339,-0.122123688977147,-0.121598597001093,-0.121334769449105,-0.116966535242801,-0.120240418088318,NaN,NaN,NaN,NaN,NaN,NaN,NaN,NaN,NaN,NaN,NaN,NaN,NaN,NaN,NaN,NaN,NaN,NaN,NaN,NaN,NaN,NaN,NaN,NaN,NaN,NaN,NaN,NaN,NaN,NaN,NaN,NaN,NaN,NaN,NaN,NaN,NaN,NaN,NaN,NaN,-0.120189067271098,-0.122927490449888,-0.122359708428955,NaN,NaN,NaN,NaN,NaN,NaN,NaN,NaN,NaN,NaN,NaN,NaN,NaN,NaN,NaN,NaN,NaN,NaN,NaN,NaN,NaN,NaN,NaN,NaN,-0.11026640803841,-0.111247852685542,-0.111950829384474,-0.112487970141151,NaN,NaN,NaN,NaN,NaN,NaN,NaN,NaN,NaN,NaN,NaN,NaN,NaN,NaN,NaN,NaN,NaN,NaN,NaN,NaN,NaN,NaN,NaN,NaN,NaN,NaN,NaN,NaN,NaN,NaN,NaN,NaN,NaN,NaN,NaN,NaN,NaN,NaN,NaN,NaN,NaN,NaN,NaN,NaN,NaN,NaN,NaN,NaN,NaN,NaN,NaN,NaN,NaN,NaN,NaN,NaN,NaN,NaN,NaN,NaN,NaN
NaN,NaN,NaN,NaN,NaN,NaN,NaN,NaN,NaN,NaN,NaN,NaN,NaN,NaN,NaN,NaN,NaN,NaN,NaN,NaN,NaN,NaN,NaN,NaN,NaN,NaN,NaN,NaN,NaN,NaN,NaN,NaN,NaN,NaN,NaN,NaN,NaN,NaN,NaN,NaN,NaN,NaN,NaN,NaN,NaN,NaN,NaN,NaN,NaN,NaN,NaN,NaN,NaN,NaN,NaN,NaN,NaN,NaN,NaN,NaN,NaN,NaN,NaN,NaN,NaN,NaN,NaN,NaN,NaN,NaN,NaN,NaN,NaN,NaN,NaN,NaN,NaN,NaN,NaN,NaN,NaN,NaN,NaN,NaN,NaN,NaN,NaN,NaN,NaN,NaN,NaN,NaN,NaN,NaN,NaN,NaN,NaN,NaN,NaN,NaN,NaN,NaN,NaN,-0.125095384661476,-0.125169330767197,-0.124599292564791,NaN,NaN,NaN,-0.1210589769249,-0.120545930374499,NaN,NaN,NaN,NaN,NaN,NaN,NaN,NaN,NaN,NaN,NaN,NaN,NaN,NaN,NaN,NaN,NaN,NaN,NaN,NaN,NaN,NaN,NaN,NaN,NaN,NaN,NaN,NaN,NaN,NaN,NaN,NaN,NaN,NaN,NaN,NaN,NaN,NaN,NaN,NaN,NaN,NaN,-0.122525517926526,-0.123199560644688,-0.122946725842293,NaN,NaN,NaN,NaN,NaN,NaN,NaN,NaN,NaN,NaN,NaN,NaN,NaN,NaN,NaN,NaN,NaN,NaN,NaN,NaN,NaN,NaN,NaN,NaN,NaN,-0.113217230516947,-0.113607106417084,-0.114610497494167,-0.115807921357735,NaN,NaN,NaN,NaN,NaN,NaN,NaN,NaN,NaN,NaN,NaN,NaN,NaN,NaN,NaN,NaN,NaN,NaN,NaN,NaN,NaN,NaN,NaN,NaN,NaN,NaN,NaN,NaN,NaN,NaN,NaN,NaN,NaN,NaN,NaN,NaN,NaN,NaN,NaN,NaN,NaN,NaN,NaN,NaN,NaN,NaN,NaN,NaN,NaN,NaN,NaN,NaN,NaN,NaN,NaN,NaN,NaN,NaN,NaN,NaN
NaN,NaN,NaN,NaN,NaN,NaN,NaN,NaN,NaN,NaN,NaN,NaN,NaN,NaN,NaN,NaN,NaN,NaN,NaN,NaN,NaN,NaN,NaN,NaN,NaN,NaN,NaN,NaN,NaN,NaN,NaN,NaN,NaN,NaN,NaN,NaN,NaN,NaN,NaN,NaN,NaN,NaN,NaN,NaN,NaN,NaN,NaN,NaN,NaN,NaN,NaN,NaN,NaN,NaN,NaN,NaN,NaN,NaN,NaN,NaN,NaN,NaN,NaN,NaN,NaN,NaN,NaN,NaN,NaN,NaN,NaN,NaN,NaN,NaN,NaN,NaN,NaN,NaN,NaN,NaN,NaN,NaN,NaN,NaN,NaN,NaN,NaN,NaN,NaN,NaN,NaN,NaN,NaN,NaN,NaN,NaN,NaN,NaN,NaN,NaN,NaN,NaN,NaN,-0.125621849386623,-0.125473851207507,-0.12531212143084,NaN,NaN,NaN,NaN,NaN,NaN,NaN,NaN,NaN,NaN,NaN,NaN,NaN,NaN,NaN,NaN,NaN,NaN,NaN,NaN,NaN,NaN,NaN,NaN,NaN,NaN,NaN,NaN,NaN,NaN,NaN,NaN,NaN,NaN,NaN,NaN,NaN,NaN,NaN,NaN,NaN,NaN,NaN,NaN,NaN,NaN,NaN,-0.123599879431143,-0.123633692363253,NaN,NaN,NaN,NaN,NaN,NaN,NaN,NaN,NaN,NaN,NaN,NaN,NaN,NaN,NaN,NaN,NaN,NaN,NaN,NaN,NaN,NaN,NaN,NaN,NaN,NaN,-0.113905480716781,-0.114760509022081,-0.115576717233472,-0.116471257054703,-0.117694814445052,-0.11780024933877,NaN,NaN,NaN,NaN,NaN,NaN,NaN,NaN,NaN,NaN,NaN,NaN,NaN,NaN,NaN,NaN,NaN,NaN,NaN,NaN,NaN,NaN,NaN,NaN,NaN,NaN,NaN,NaN,NaN,NaN,NaN,NaN,NaN,NaN,NaN,NaN,NaN,NaN,NaN,NaN,NaN,NaN,NaN,NaN,NaN,NaN,NaN,NaN,NaN,NaN,NaN,NaN,NaN,NaN,NaN,NaN,NaN,NaN
NaN,NaN,NaN,NaN,NaN,NaN,NaN,NaN,NaN,NaN,NaN,NaN,NaN,NaN,NaN,NaN,NaN,NaN,NaN,NaN,NaN,NaN,NaN,NaN,NaN,NaN,NaN,NaN,NaN,NaN,NaN,NaN,NaN,NaN,NaN,NaN,NaN,NaN,NaN,NaN,NaN,NaN,NaN,NaN,NaN,NaN,NaN,NaN,NaN,NaN,NaN,NaN,NaN,NaN,NaN,NaN,NaN,NaN,NaN,NaN,NaN,NaN,NaN,NaN,NaN,NaN,NaN,NaN,NaN,NaN,NaN,NaN,NaN,NaN,NaN,NaN,NaN,NaN,NaN,NaN,NaN,NaN,NaN,NaN,NaN,NaN,NaN,NaN,NaN,NaN,NaN,NaN,NaN,NaN,NaN,NaN,NaN,NaN,NaN,NaN,NaN,-0.121743137803293,-0.126125195293093,-0.12644680405738,-0.125875247335306,-0.113192552823489,NaN,NaN,NaN,NaN,NaN,NaN,NaN,NaN,NaN,NaN,NaN,NaN,NaN,NaN,NaN,NaN,NaN,NaN,NaN,NaN,NaN,NaN,NaN,NaN,NaN,NaN,NaN,NaN,NaN,NaN,NaN,NaN,NaN,NaN,NaN,NaN,NaN,NaN,NaN,NaN,NaN,NaN,NaN,NaN,NaN,NaN,NaN,-0.123750021495983,-0.124060500972882,-0.122738782971889,NaN,NaN,NaN,NaN,NaN,NaN,NaN,NaN,NaN,NaN,NaN,NaN,NaN,NaN,NaN,NaN,NaN,NaN,NaN,NaN,NaN,NaN,NaN,NaN,NaN,NaN,-0.115590384616874,-0.116262010678197,-0.117132532818629,-0.117931360546781,-0.118254654913467,-0.118873523432383,-0.119454988767561,-0.119938453175724,-0.120102178012897,-0.120214453949872,-0.110821947403613,NaN,NaN,NaN,NaN,NaN,NaN,NaN,NaN,NaN,NaN,NaN,NaN,NaN,NaN,NaN,NaN,NaN,NaN,NaN,NaN,NaN,NaN,NaN,NaN,NaN,NaN,NaN,NaN,NaN,NaN,NaN,NaN,NaN,NaN,NaN,NaN,NaN,NaN,NaN,NaN,NaN,NaN,NaN,NaN,NaN,NaN,NaN,NaN,NaN,NaN,NaN,NaN
NaN,NaN,NaN,NaN,NaN,NaN,NaN,NaN,NaN,NaN,NaN,NaN,NaN,NaN,NaN,NaN,NaN,NaN,NaN,NaN,NaN,NaN,NaN,NaN,NaN,NaN,NaN,NaN,NaN,NaN,NaN,NaN,NaN,NaN,NaN,NaN,NaN,NaN,NaN,NaN,NaN,NaN,NaN,NaN,NaN,NaN,NaN,NaN,NaN,NaN,NaN,NaN,NaN,NaN,NaN,NaN,NaN,NaN,NaN,NaN,NaN,NaN,NaN,NaN,NaN,NaN,NaN,NaN,NaN,NaN,NaN,NaN,NaN,NaN,NaN,NaN,NaN,NaN,NaN,NaN,NaN,NaN,NaN,NaN,NaN,NaN,NaN,NaN,NaN,NaN,NaN,NaN,NaN,NaN,NaN,NaN,NaN,NaN,NaN,NaN,NaN,-0.127385342326716,-0.127297338228495,-0.126381599474716,-0.120031976266288,NaN,NaN,NaN,NaN,NaN,NaN,NaN,NaN,NaN,NaN,NaN,NaN,NaN,NaN,NaN,NaN,NaN,NaN,NaN,NaN,NaN,NaN,NaN,NaN,NaN,NaN,NaN,NaN,NaN,NaN,NaN,NaN,NaN,NaN,NaN,NaN,NaN,NaN,NaN,NaN,NaN,NaN,NaN,NaN,NaN,NaN,NaN,NaN,NaN,-0.123045959462494,-0.105760016632814,NaN,NaN,NaN,NaN,NaN,NaN,NaN,NaN,NaN,NaN,NaN,NaN,NaN,NaN,NaN,NaN,NaN,NaN,NaN,NaN,NaN,NaN,NaN,NaN,NaN,NaN,NaN,-0.116943885728377,-0.117484446021612,-0.118028004081822,-0.118332818695289,-0.118799594936915,-0.11939748054019,-0.119850979036958,-0.120080932128756,-0.120302739728966,-0.120421701120418,NaN,NaN,NaN,NaN,NaN,NaN,NaN,NaN,NaN,NaN,NaN,NaN,NaN,NaN,NaN,NaN,NaN,NaN,NaN,NaN,NaN,NaN,NaN,NaN,NaN,NaN,NaN,NaN,NaN,NaN,NaN,NaN,NaN,NaN,NaN,NaN,NaN,NaN,NaN,NaN,NaN,NaN,NaN,NaN,NaN,NaN,NaN,NaN,NaN,NaN,NaN,NaN
NaN,NaN,NaN,NaN,NaN,NaN,NaN,NaN,NaN,NaN,NaN,NaN,NaN,NaN,NaN,NaN,NaN,NaN,NaN,NaN,NaN,NaN,NaN,NaN,NaN,NaN,NaN,NaN,NaN,NaN,NaN,NaN,NaN,NaN,NaN,NaN,NaN,NaN,NaN,NaN,NaN,NaN,NaN,NaN,NaN,NaN,NaN,NaN,NaN,NaN,NaN,NaN,NaN,NaN,NaN,NaN,NaN,NaN,NaN,NaN,NaN,NaN,NaN,NaN,NaN,NaN,NaN,NaN,NaN,NaN,NaN,NaN,NaN,NaN,NaN,NaN,NaN,NaN,NaN,NaN,NaN,NaN,NaN,NaN,NaN,NaN,NaN,NaN,NaN,NaN,NaN,NaN,NaN,NaN,NaN,NaN,NaN,NaN,NaN,NaN,-0.128466523384787,-0.128059123471667,-0.128046512573235,NaN,NaN,NaN,NaN,NaN,NaN,NaN,NaN,NaN,NaN,NaN,NaN,NaN,NaN,NaN,NaN,NaN,NaN,NaN,NaN,NaN,NaN,NaN,NaN,NaN,NaN,NaN,NaN,NaN,NaN,NaN,NaN,NaN,NaN,NaN,NaN,NaN,NaN,NaN,NaN,NaN,NaN,NaN,NaN,NaN,NaN,NaN,NaN,NaN,NaN,NaN,-0.106262740708053,-0.106551137632343,-0.107209857406664,-0.107475792470304,NaN,NaN,NaN,NaN,NaN,NaN,NaN,NaN,NaN,NaN,NaN,NaN,NaN,NaN,NaN,NaN,NaN,NaN,NaN,NaN,NaN,NaN,NaN,NaN,NaN,NaN,-0.117885039644898,-0.118163737135073,-0.11847124405612,-0.118866693431155,-0.119487571718764,-0.120176750370263,-0.120382095995116,-0.120556612580351,-0.120759217788153,-0.120759178722514,NaN,NaN,NaN,NaN,NaN,NaN,NaN,NaN,NaN,NaN,NaN,NaN,NaN,NaN,NaN,NaN,NaN,NaN,NaN,NaN,NaN,NaN,NaN,NaN,NaN,NaN,NaN,NaN,NaN,NaN,NaN,NaN,NaN,NaN,NaN,NaN,NaN,NaN,NaN,NaN,NaN,NaN,NaN,NaN,NaN,NaN,NaN,NaN,NaN,NaN,NaN
NaN,NaN,NaN,NaN,NaN,NaN,NaN,NaN,NaN,NaN,NaN,NaN,NaN,NaN,NaN,NaN,NaN,NaN,NaN,NaN,NaN,NaN,NaN,NaN,NaN,NaN,NaN,NaN,NaN,NaN,NaN,NaN,NaN,NaN,NaN,NaN,NaN,NaN,NaN,NaN,NaN,NaN,NaN,NaN,NaN,NaN,NaN,NaN,NaN,NaN,NaN,NaN,NaN,NaN,NaN,NaN,NaN,NaN,NaN,NaN,NaN,NaN,NaN,NaN,NaN,NaN,NaN,NaN,NaN,NaN,NaN,NaN,NaN,NaN,NaN,NaN,NaN,NaN,NaN,NaN,NaN,NaN,NaN,NaN,NaN,NaN,NaN,NaN,NaN,NaN,NaN,NaN,NaN,NaN,NaN,NaN,NaN,NaN,NaN,-0.124678155434467,-0.128740009912397,-0.128369234710392,-0.126967164866211,NaN,NaN,NaN,NaN,NaN,NaN,NaN,NaN,NaN,NaN,NaN,NaN,NaN,NaN,NaN,NaN,NaN,NaN,NaN,NaN,NaN,NaN,NaN,NaN,NaN,NaN,NaN,NaN,NaN,NaN,NaN,NaN,NaN,NaN,NaN,NaN,NaN,NaN,NaN,NaN,NaN,NaN,NaN,NaN,NaN,NaN,NaN,NaN,NaN,NaN,NaN,-0.0964449457648832,-0.106743314438761,-0.107166423703179,-0.107592162343516,-0.107780008343585,NaN,NaN,NaN,NaN,NaN,NaN,NaN,NaN,NaN,NaN,NaN,NaN,NaN,NaN,NaN,NaN,NaN,NaN,NaN,NaN,NaN,NaN,NaN,NaN,NaN,NaN,NaN,NaN,NaN,NaN,-0.120694726668579,-0.120732489321047,-0.120881926338634,-0.120979243655529,-0.121032625561222,NaN,NaN,NaN,NaN,NaN,NaN,NaN,NaN,NaN,NaN,NaN,NaN,NaN,NaN,NaN,NaN,NaN,NaN,NaN,NaN,NaN,NaN,NaN,NaN,NaN,NaN,NaN,NaN,NaN,NaN,NaN,NaN,NaN,NaN,NaN,NaN,NaN,NaN,NaN,NaN,NaN,NaN,NaN,NaN,NaN,NaN,NaN,NaN,NaN,NaN,NaN
NaN,NaN,NaN,NaN,NaN,NaN,NaN,NaN,NaN,NaN,NaN,NaN,NaN,NaN,NaN,NaN,NaN,NaN,NaN,NaN,NaN,NaN,NaN,NaN,NaN,NaN,NaN,NaN,NaN,NaN,NaN,NaN,NaN,NaN,NaN,NaN,NaN,NaN,NaN,NaN,NaN,NaN,NaN,NaN,NaN,NaN,NaN,NaN,NaN,NaN,NaN,NaN,NaN,NaN,NaN,NaN,NaN,NaN,NaN,NaN,NaN,NaN,NaN,NaN,NaN,NaN,NaN,NaN,NaN,NaN,NaN,NaN,NaN,NaN,NaN,NaN,NaN,NaN,NaN,NaN,NaN,NaN,NaN,NaN,NaN,NaN,NaN,NaN,NaN,NaN,NaN,NaN,NaN,NaN,NaN,NaN,NaN,NaN,NaN,-0.128779541847519,-0.129123291280838,-0.128119403246901,NaN,NaN,NaN,NaN,NaN,NaN,NaN,NaN,NaN,NaN,NaN,NaN,NaN,NaN,NaN,NaN,NaN,NaN,NaN,NaN,NaN,NaN,NaN,NaN,NaN,NaN,NaN,NaN,NaN,NaN,NaN,NaN,NaN,NaN,NaN,NaN,NaN,NaN,NaN,NaN,NaN,NaN,NaN,NaN,NaN,NaN,NaN,NaN,NaN,NaN,NaN,NaN,NaN,NaN,NaN,-0.107922677734651,-0.10788079630195,NaN,NaN,NaN,NaN,NaN,NaN,NaN,NaN,NaN,NaN,NaN,NaN,NaN,NaN,NaN,NaN,NaN,NaN,NaN,NaN,NaN,NaN,NaN,NaN,NaN,NaN,NaN,NaN,NaN,NaN,-0.120731012849445,-0.121035449950108,-0.12117484700376,-0.121202109846413,-0.12121462523738,NaN,NaN,NaN,NaN,NaN,NaN,NaN,NaN,NaN,NaN,NaN,NaN,NaN,NaN,NaN,NaN,NaN,NaN,NaN,NaN,NaN,NaN,NaN,NaN,NaN,NaN,NaN,NaN,NaN,NaN,NaN,NaN,NaN,NaN,NaN,NaN,NaN,NaN,NaN,NaN,NaN,NaN,NaN,NaN,NaN,NaN,NaN,NaN,NaN,NaN,NaN
NaN,NaN,NaN,NaN,NaN,NaN,NaN,NaN,NaN,NaN,NaN,NaN,NaN,NaN,NaN,NaN,NaN,NaN,NaN,NaN,NaN,NaN,NaN,NaN,NaN,NaN,NaN,NaN,NaN,NaN,NaN,NaN,NaN,NaN,NaN,NaN,NaN,NaN,NaN,NaN,NaN,NaN,NaN,NaN,NaN,NaN,NaN,NaN,NaN,NaN,NaN,NaN,NaN,NaN,NaN,NaN,NaN,NaN,NaN,NaN,NaN,NaN,NaN,NaN,NaN,NaN,NaN,NaN,NaN,NaN,NaN,NaN,NaN,NaN,NaN,NaN,NaN,NaN,NaN,NaN,NaN,NaN,NaN,NaN,NaN,NaN,NaN,NaN,NaN,NaN,NaN,NaN,NaN,NaN,NaN,NaN,NaN,-0.129699725023941,-0.129690864323465,-0.129361561556263,-0.129210224699992,NaN,NaN,NaN,NaN,NaN,NaN,NaN,NaN,NaN,NaN,NaN,NaN,NaN,NaN,NaN,NaN,NaN,NaN,NaN,NaN,NaN,NaN,NaN,NaN,NaN,NaN,NaN,NaN,NaN,NaN,NaN,NaN,NaN,NaN,NaN,NaN,NaN,NaN,NaN,NaN,NaN,NaN,NaN,NaN,NaN,NaN,NaN,NaN,NaN,NaN,NaN,NaN,NaN,NaN,NaN,NaN,-0.108020590594534,-0.108000908546349,NaN,NaN,NaN,NaN,NaN,NaN,NaN,NaN,NaN,NaN,NaN,NaN,NaN,NaN,NaN,NaN,NaN,NaN,NaN,NaN,NaN,NaN,NaN,NaN,NaN,NaN,NaN,NaN,NaN,NaN,NaN,-0.121435071883766,-0.121437869133074,-0.121468096302357,-0.121584433332231,-0.121827069861788,NaN,NaN,NaN,NaN,NaN,NaN,NaN,NaN,NaN,NaN,NaN,NaN,NaN,NaN,NaN,NaN,NaN,NaN,NaN,NaN,NaN,NaN,NaN,NaN,NaN,NaN,NaN,NaN,NaN,NaN,NaN,NaN,NaN,NaN,NaN,NaN,NaN,NaN,NaN,NaN,NaN,NaN,NaN,NaN,NaN,NaN,NaN,NaN,NaN,NaN
NaN,NaN,NaN,NaN,NaN,NaN,NaN,NaN,NaN,NaN,NaN,NaN,NaN,NaN,NaN,NaN,NaN,NaN,NaN,NaN,NaN,NaN,NaN,NaN,NaN,NaN,NaN,NaN,NaN,NaN,NaN,NaN,NaN,NaN,NaN,NaN,NaN,NaN,NaN,NaN,NaN,NaN,NaN,NaN,NaN,NaN,NaN,NaN,NaN,NaN,NaN,NaN,NaN,NaN,NaN,NaN,NaN,NaN,NaN,NaN,NaN,NaN,NaN,NaN,NaN,NaN,NaN,NaN,NaN,NaN,NaN,NaN,NaN,NaN,NaN,NaN,NaN,NaN,NaN,NaN,NaN,NaN,NaN,NaN,NaN,NaN,NaN,NaN,NaN,NaN,NaN,NaN,NaN,NaN,NaN,NaN,NaN,-0.129727869467296,-0.129673379237284,-0.1295224958834,-0.129228450105264,NaN,NaN,NaN,NaN,NaN,NaN,NaN,NaN,NaN,NaN,NaN,NaN,NaN,NaN,NaN,NaN,NaN,NaN,NaN,NaN,NaN,NaN,NaN,NaN,NaN,NaN,NaN,NaN,NaN,NaN,NaN,NaN,NaN,NaN,NaN,NaN,NaN,NaN,NaN,NaN,NaN,NaN,NaN,NaN,NaN,NaN,NaN,NaN,NaN,NaN,NaN,NaN,NaN,NaN,NaN,NaN,-0.108136039819926,-0.108139482750965,NaN,NaN,NaN,NaN,NaN,NaN,NaN,NaN,NaN,NaN,NaN,NaN,NaN,NaN,NaN,NaN,NaN,NaN,NaN,NaN,NaN,NaN,NaN,NaN,NaN,NaN,NaN,NaN,NaN,NaN,NaN,-0.121657014324903,-0.121653190685905,-0.12168032084962,-0.121812558654338,-0.122000587818122,-0.122191461659346,NaN,NaN,NaN,NaN,NaN,NaN,NaN,NaN,NaN,NaN,NaN,NaN,NaN,NaN,NaN,NaN,NaN,NaN,NaN,NaN,NaN,NaN,NaN,NaN,NaN,NaN,NaN,NaN,NaN,NaN,NaN,NaN,NaN,NaN,NaN,NaN,NaN,NaN,NaN,NaN,NaN,NaN,NaN,NaN,NaN,NaN,NaN,NaN,NaN
NaN,NaN,NaN,NaN,NaN,NaN,NaN,NaN,NaN,NaN,NaN,NaN,NaN,NaN,NaN,NaN,NaN,NaN,NaN,NaN,NaN,NaN,NaN,NaN,NaN,NaN,NaN,NaN,NaN,NaN,NaN,NaN,NaN,NaN,NaN,NaN,NaN,NaN,NaN,NaN,NaN,NaN,NaN,NaN,NaN,NaN,NaN,NaN,NaN,NaN,NaN,NaN,NaN,NaN,NaN,NaN,NaN,NaN,NaN,NaN,NaN,NaN,NaN,NaN,NaN,NaN,NaN,NaN,NaN,NaN,NaN,NaN,NaN,NaN,NaN,NaN,NaN,NaN,NaN,NaN,NaN,NaN,NaN,NaN,NaN,NaN,NaN,NaN,NaN,NaN,NaN,NaN,NaN,NaN,NaN,NaN,NaN,-0.129961868940534,-0.129828859233015,-0.129800735230877,NaN,NaN,NaN,NaN,NaN,NaN,NaN,NaN,NaN,NaN,NaN,NaN,NaN,NaN,NaN,NaN,NaN,NaN,NaN,NaN,NaN,NaN,NaN,NaN,NaN,NaN,NaN,NaN,NaN,NaN,NaN,NaN,NaN,NaN,NaN,NaN,NaN,NaN,NaN,NaN,NaN,NaN,NaN,NaN,NaN,NaN,NaN,NaN,NaN,NaN,NaN,NaN,NaN,NaN,NaN,NaN,NaN,-0.108336120585391,-0.108328133934759,NaN,NaN,NaN,NaN,NaN,NaN,NaN,NaN,NaN,NaN,NaN,NaN,NaN,NaN,NaN,NaN,NaN,NaN,NaN,NaN,NaN,NaN,NaN,NaN,NaN,NaN,NaN,NaN,NaN,NaN,NaN,-0.121898111508988,-0.121888470524596,-0.121940102213074,-0.122103059005273,-0.122215611263111,-0.12219875593377,NaN,NaN,NaN,NaN,NaN,NaN,NaN,NaN,NaN,NaN,NaN,NaN,NaN,NaN,NaN,NaN,NaN,NaN,NaN,NaN,NaN,NaN,NaN,NaN,NaN,NaN,NaN,NaN,NaN,NaN,NaN,NaN,NaN,NaN,NaN,NaN,NaN,NaN,NaN,NaN,NaN,NaN,NaN,NaN,NaN,NaN,NaN,NaN,NaN
NaN,NaN,NaN,NaN,NaN,NaN,NaN,NaN,NaN,NaN,NaN,NaN,NaN,NaN,NaN,NaN,NaN,NaN,NaN,NaN,NaN,NaN,NaN,NaN,NaN,NaN,NaN,NaN,NaN,NaN,NaN,NaN,NaN,NaN,NaN,NaN,NaN,NaN,NaN,NaN,NaN,NaN,NaN,NaN,NaN,NaN,NaN,NaN,NaN,NaN,NaN,NaN,NaN,NaN,NaN,NaN,NaN,NaN,NaN,NaN,NaN,NaN,NaN,NaN,NaN,NaN,NaN,NaN,NaN,NaN,NaN,NaN,NaN,NaN,NaN,NaN,NaN,NaN,NaN,NaN,NaN,NaN,NaN,NaN,NaN,NaN,NaN,NaN,NaN,NaN,NaN,NaN,NaN,NaN,NaN,NaN,-0.130282814575836,-0.130292949413663,-0.12993133404019,-0.129840755598563,NaN,NaN,NaN,NaN,NaN,NaN,NaN,NaN,NaN,NaN,NaN,NaN,NaN,NaN,NaN,NaN,NaN,NaN,NaN,NaN,NaN,NaN,NaN,NaN,NaN,NaN,NaN,NaN,NaN,NaN,NaN,NaN,NaN,NaN,NaN,NaN,NaN,NaN,NaN,NaN,NaN,NaN,NaN,NaN,NaN,NaN,NaN,NaN,NaN,NaN,NaN,NaN,NaN,NaN,NaN,NaN,NaN,-0.108605239050733,-0.101452075338578,NaN,NaN,NaN,NaN,NaN,NaN,NaN,NaN,NaN,NaN,NaN,NaN,NaN,NaN,NaN,NaN,NaN,NaN,NaN,NaN,NaN,NaN,NaN,NaN,NaN,NaN,NaN,NaN,NaN,NaN,NaN,-0.122249591504634,-0.122315284324018,-0.122308756710776,-0.12238949630852,-0.122466447657082,-0.122624335548256,-0.122955121263851,-0.122829486354927,-0.108414290345154,-0.091105552497278,NaN,NaN,NaN,NaN,NaN,NaN,NaN,NaN,NaN,NaN,NaN,NaN,NaN,NaN,NaN,NaN,NaN,NaN,NaN,NaN,NaN,NaN,NaN,NaN,NaN,NaN,NaN,NaN,NaN,NaN,NaN,NaN,NaN,NaN,NaN,NaN,NaN,NaN,NaN,NaN,NaN,NaN,NaN,NaN,NaN
NaN,NaN,NaN,NaN,NaN,NaN,NaN,NaN,NaN,NaN,NaN,NaN,NaN,NaN,NaN,NaN,NaN,NaN,NaN,NaN,NaN,NaN,NaN,NaN,NaN,NaN,NaN,NaN,NaN,NaN,NaN,NaN,NaN,NaN,NaN,NaN,NaN,NaN,NaN,NaN,NaN,NaN,NaN,NaN,NaN,NaN,NaN,NaN,NaN,NaN,NaN,NaN,NaN,NaN,NaN,NaN,NaN,NaN,NaN,NaN,NaN,NaN,NaN,NaN,NaN,NaN,NaN,NaN,NaN,NaN,NaN,NaN,NaN,NaN,NaN,NaN,NaN,NaN,NaN,NaN,NaN,NaN,NaN,NaN,NaN,NaN,NaN,NaN,NaN,NaN,NaN,NaN,NaN,NaN,-0.131103695961654,-0.131057296658112,-0.130850220654736,-0.130746917593163,NaN,NaN,NaN,NaN,NaN,NaN,NaN,NaN,NaN,NaN,NaN,NaN,NaN,NaN,NaN,NaN,NaN,NaN,NaN,NaN,NaN,NaN,NaN,NaN,NaN,NaN,NaN,NaN,NaN,NaN,NaN,NaN,NaN,NaN,NaN,NaN,NaN,NaN,NaN,NaN,NaN,NaN,NaN,NaN,NaN,NaN,NaN,NaN,NaN,NaN,NaN,NaN,NaN,NaN,NaN,NaN,NaN,NaN,NaN,-0.108733357029745,-0.108562737245567,NaN,NaN,NaN,NaN,NaN,NaN,NaN,NaN,NaN,NaN,NaN,NaN,NaN,NaN,NaN,NaN,NaN,NaN,NaN,NaN,NaN,NaN,NaN,NaN,NaN,NaN,NaN,NaN,NaN,NaN,NaN,-0.122836456454535,-0.122901496668362,-0.122531692041703,-0.122590482393995,-0.12275286711408,-0.122892369808969,-0.123074716812371,-0.1218463756437,-0.103651589170645,-0.0872618830554976,-0.0756373895126797,-0.0678101980494556,NaN,NaN,NaN,NaN,NaN,NaN,NaN,NaN,NaN,NaN,NaN,NaN,NaN,NaN,NaN,NaN,NaN,NaN,NaN,NaN,NaN,NaN,NaN,NaN,NaN,NaN,NaN,NaN,NaN,NaN,NaN,NaN,NaN,NaN,NaN,NaN,NaN,NaN,NaN,NaN,NaN,NaN,NaN
NaN,NaN,NaN,NaN,NaN,NaN,NaN,NaN,NaN,NaN,NaN,NaN,NaN,NaN,NaN,NaN,NaN,NaN,NaN,NaN,NaN,NaN,NaN,NaN,NaN,NaN,NaN,NaN,NaN,NaN,NaN,NaN,NaN,NaN,NaN,NaN,NaN,NaN,NaN,NaN,NaN,NaN,NaN,NaN,NaN,NaN,NaN,NaN,NaN,NaN,NaN,NaN,NaN,NaN,NaN,NaN,NaN,NaN,NaN,NaN,NaN,NaN,NaN,NaN,NaN,NaN,NaN,NaN,NaN,NaN,NaN,NaN,NaN,NaN,NaN,NaN,NaN,NaN,NaN,NaN,NaN,NaN,NaN,NaN,NaN,NaN,NaN,NaN,NaN,NaN,-0.130072493730155,-0.131374104235879,-0.131337801462023,-0.131269490695954,-0.131170799630377,-0.131080249447749,-0.130918722294553,-0.130779637153989,NaN,NaN,NaN,NaN,NaN,NaN,NaN,NaN,NaN,NaN,NaN,NaN,NaN,NaN,NaN,NaN,NaN,NaN,NaN,NaN,NaN,NaN,NaN,NaN,NaN,NaN,NaN,NaN,NaN,NaN,NaN,NaN,NaN,NaN,NaN,NaN,NaN,NaN,NaN,NaN,NaN,NaN,NaN,NaN,NaN,NaN,NaN,NaN,NaN,NaN,NaN,NaN,NaN,NaN,NaN,NaN,NaN,NaN,NaN,-0.108989538655457,NaN,NaN,NaN,NaN,NaN,NaN,NaN,NaN,NaN,NaN,NaN,NaN,NaN,NaN,NaN,NaN,NaN,NaN,NaN,NaN,NaN,NaN,NaN,NaN,NaN,NaN,NaN,NaN,NaN,NaN,NaN,NaN,-0.123662967764852,-0.123695452052032,NaN,-0.122775859544687,-0.123156516323754,-0.123266772539552,-0.123445452005688,-0.123621659871406,-0.116732352202054,-0.0975242211173553,-0.0828339464079274,-0.0725684495527833,NaN,NaN,NaN,NaN,NaN,NaN,NaN,NaN,NaN,NaN,NaN,NaN,NaN,NaN,NaN,NaN,NaN,NaN,NaN,NaN,NaN,NaN,NaN,NaN,NaN,NaN,NaN,NaN,NaN,NaN,NaN,NaN,NaN,NaN,NaN,NaN,NaN,NaN,NaN,NaN,NaN,NaN,NaN
NaN,NaN,NaN,NaN,NaN,NaN,NaN,NaN,NaN,NaN,NaN,NaN,NaN,NaN,NaN,NaN,NaN,NaN,NaN,NaN,NaN,NaN,NaN,NaN,NaN,NaN,NaN,NaN,NaN,NaN,NaN,NaN,NaN,NaN,NaN,NaN,NaN,NaN,NaN,NaN,NaN,NaN,NaN,NaN,NaN,NaN,NaN,NaN,NaN,NaN,NaN,NaN,NaN,NaN,NaN,NaN,NaN,NaN,NaN,NaN,NaN,NaN,NaN,NaN,NaN,NaN,NaN,NaN,NaN,NaN,NaN,NaN,NaN,NaN,NaN,NaN,NaN,NaN,NaN,NaN,NaN,NaN,NaN,NaN,NaN,NaN,NaN,-0.128497722939949,-0.128492827041169,-0.12848839705248,-0.128309642666676,-0.131370386967431,-0.131306285516591,-0.131260396041796,-0.131195448428877,-0.131110562709855,-0.126337691828358,NaN,NaN,NaN,NaN,NaN,NaN,NaN,NaN,NaN,NaN,NaN,NaN,NaN,NaN,NaN,NaN,NaN,NaN,NaN,NaN,NaN,NaN,NaN,NaN,NaN,NaN,NaN,NaN,NaN,NaN,NaN,NaN,NaN,NaN,NaN,NaN,NaN,NaN,NaN,NaN,NaN,NaN,NaN,NaN,NaN,NaN,NaN,NaN,NaN,NaN,NaN,NaN,NaN,NaN,NaN,NaN,NaN,NaN,NaN,-0.109426390912693,-0.109244072592259,NaN,NaN,NaN,NaN,NaN,NaN,NaN,NaN,NaN,NaN,NaN,NaN,NaN,NaN,NaN,NaN,NaN,NaN,NaN,NaN,NaN,NaN,NaN,NaN,NaN,NaN,NaN,NaN,NaN,NaN,NaN,NaN,-0.124115609819404,-0.124067180617368,NaN,NaN,-0.123767314278828,-0.123799287212111,-0.123881144822838,-0.123946109487551,-0.116974981717596,NaN,NaN,NaN,NaN,NaN,NaN,NaN,NaN,NaN,NaN,NaN,NaN,NaN,NaN,NaN,NaN,NaN,NaN,NaN,NaN,NaN,NaN,NaN,NaN,NaN,NaN,NaN,NaN,NaN,NaN,NaN,NaN,NaN,NaN,NaN,NaN,NaN,NaN,NaN,NaN,NaN,NaN,NaN,NaN,NaN,NaN
NaN,NaN,NaN,NaN,NaN,NaN,NaN,NaN,NaN,NaN,NaN,NaN,NaN,NaN,NaN,NaN,NaN,NaN,NaN,NaN,NaN,NaN,NaN,NaN,NaN,NaN,NaN,NaN,NaN,NaN,NaN,NaN,NaN,NaN,NaN,NaN,NaN,NaN,NaN,NaN,NaN,NaN,NaN,NaN,NaN,NaN,NaN,NaN,NaN,NaN,NaN,NaN,NaN,NaN,NaN,NaN,NaN,NaN,NaN,NaN,NaN,NaN,NaN,NaN,NaN,NaN,NaN,NaN,NaN,NaN,NaN,NaN,NaN,NaN,NaN,NaN,NaN,NaN,NaN,NaN,NaN,NaN,NaN,NaN,NaN,NaN,NaN,-0.128497303517332,-0.12849155155655,-0.128481026757804,-0.124355206366193,NaN,-0.131261062654347,-0.131247955079727,-0.131221746773458,NaN,NaN,NaN,NaN,NaN,NaN,NaN,NaN,NaN,NaN,NaN,NaN,NaN,NaN,NaN,NaN,NaN,NaN,NaN,NaN,NaN,NaN,NaN,NaN,NaN,NaN,NaN,NaN,NaN,NaN,NaN,NaN,NaN,NaN,NaN,NaN,NaN,NaN,NaN,NaN,NaN,NaN,NaN,NaN,NaN,NaN,NaN,NaN,NaN,NaN,NaN,NaN,NaN,NaN,NaN,NaN,NaN,NaN,NaN,NaN,NaN,-0.109417461014363,-0.109282612834089,NaN,NaN,NaN,NaN,NaN,NaN,NaN,NaN,NaN,NaN,NaN,NaN,NaN,NaN,NaN,NaN,NaN,NaN,NaN,NaN,NaN,NaN,NaN,NaN,NaN,NaN,NaN,NaN,NaN,NaN,NaN,NaN,-0.124297539868633,-0.124283494941757,NaN,NaN,-0.124276092850955,-0.124342845829303,-0.124372056871356,-0.124382900666394,-0.117341779241435,NaN,NaN,NaN,NaN,NaN,NaN,NaN,NaN,NaN,NaN,NaN,NaN,NaN,NaN,NaN,NaN,NaN,NaN,NaN,NaN,NaN,NaN,NaN,NaN,NaN,NaN,NaN,NaN,NaN,NaN,NaN,NaN,NaN,NaN,NaN,NaN,NaN,NaN,NaN,NaN,NaN,NaN,NaN,NaN,NaN,NaN
NaN,NaN,NaN,NaN,NaN,NaN,NaN,NaN,NaN,NaN,NaN,NaN,NaN,NaN,NaN,NaN,NaN,NaN,NaN,NaN,NaN,NaN,NaN,NaN,NaN,NaN,NaN,NaN,NaN,NaN,NaN,NaN,NaN,NaN,NaN,NaN,NaN,NaN,NaN,NaN,NaN,NaN,NaN,NaN,NaN,NaN,NaN,NaN,NaN,NaN,NaN,NaN,NaN,NaN,NaN,NaN,NaN,NaN,NaN,NaN,NaN,NaN,NaN,NaN,NaN,NaN,NaN,NaN,NaN,NaN,NaN,NaN,NaN,NaN,NaN,NaN,NaN,NaN,NaN,NaN,NaN,NaN,NaN,NaN,NaN,NaN,NaN,NaN,NaN,NaN,NaN,NaN,-0.115308390970399,-0.121741651780185,NaN,NaN,NaN,NaN,NaN,NaN,NaN,NaN,NaN,NaN,NaN,NaN,NaN,NaN,NaN,NaN,NaN,NaN,NaN,NaN,NaN,NaN,NaN,NaN,NaN,NaN,NaN,NaN,NaN,NaN,NaN,NaN,NaN,NaN,NaN,NaN,NaN,NaN,NaN,NaN,NaN,NaN,NaN,NaN,NaN,NaN,NaN,NaN,NaN,NaN,NaN,NaN,NaN,NaN,NaN,NaN,NaN,NaN,NaN,NaN,NaN,-0.106299347812751,-0.109684260341353,NaN,NaN,NaN,NaN,NaN,NaN,NaN,NaN,NaN,NaN,NaN,NaN,NaN,NaN,NaN,NaN,NaN,NaN,NaN,NaN,NaN,NaN,NaN,NaN,NaN,NaN,NaN,NaN,NaN,NaN,NaN,NaN,NaN,-0.124459525752498,-0.124816463814322,-0.125356758436799,NaN,-0.124856673134423,-0.12481128126419,-0.124831648916349,-0.124826263709441,-0.117746039452301,NaN,NaN,NaN,NaN,NaN,NaN,NaN,NaN,NaN,NaN,NaN,NaN,NaN,NaN,NaN,NaN,NaN,NaN,NaN,NaN,NaN,NaN,NaN,NaN,NaN,NaN,NaN,NaN,NaN,NaN,NaN,NaN,NaN,NaN,NaN,NaN,NaN,NaN,NaN,NaN,NaN,NaN,NaN,NaN,NaN,NaN
NaN,NaN,NaN,NaN,NaN,NaN,NaN,NaN,NaN,NaN,NaN,NaN,NaN,NaN,NaN,NaN,NaN,NaN,NaN,NaN,NaN,NaN,NaN,NaN,NaN,NaN,NaN,NaN,NaN,NaN,NaN,NaN,NaN,NaN,NaN,NaN,NaN,NaN,NaN,NaN,NaN,NaN,NaN,NaN,NaN,NaN,NaN,NaN,NaN,NaN,NaN,NaN,NaN,NaN,NaN,NaN,NaN,NaN,NaN,NaN,NaN,NaN,NaN,NaN,NaN,NaN,NaN,NaN,NaN,NaN,NaN,NaN,NaN,NaN,NaN,NaN,NaN,NaN,NaN,NaN,NaN,NaN,NaN,NaN,NaN,NaN,NaN,NaN,NaN,NaN,NaN,NaN,NaN,NaN,NaN,NaN,NaN,NaN,NaN,NaN,NaN,NaN,NaN,NaN,NaN,NaN,NaN,NaN,NaN,NaN,NaN,NaN,NaN,NaN,NaN,NaN,NaN,NaN,NaN,NaN,NaN,NaN,NaN,NaN,NaN,NaN,NaN,NaN,NaN,NaN,NaN,NaN,NaN,NaN,NaN,NaN,NaN,NaN,NaN,NaN,NaN,NaN,NaN,NaN,NaN,NaN,NaN,NaN,NaN,NaN,NaN,NaN,NaN,NaN,NaN,-0.109746289465807,-0.109788754614101,NaN,NaN,NaN,NaN,NaN,NaN,NaN,NaN,NaN,NaN,NaN,NaN,NaN,NaN,NaN,NaN,NaN,NaN,NaN,NaN,NaN,NaN,NaN,NaN,NaN,NaN,NaN,NaN,NaN,NaN,NaN,NaN,NaN,NaN,-0.125760258065034,-0.120675601583751,NaN,-0.125260889499733,-0.125229275594877,-0.125256706002404,-0.125236165764844,-0.125274030719656,NaN,NaN,NaN,NaN,NaN,NaN,NaN,NaN,NaN,NaN,NaN,NaN,NaN,NaN,NaN,NaN,NaN,NaN,NaN,NaN,NaN,NaN,NaN,NaN,NaN,NaN,NaN,NaN,NaN,NaN,NaN,NaN,NaN,NaN,NaN,NaN,NaN,NaN,NaN,NaN,NaN,NaN,NaN,NaN,NaN,NaN
NaN,NaN,NaN,NaN,NaN,NaN,NaN,NaN,NaN,NaN,NaN,NaN,NaN,NaN,NaN,NaN,NaN,NaN,NaN,NaN,NaN,NaN,NaN,NaN,NaN,NaN,NaN,NaN,NaN,NaN,NaN,NaN,NaN,NaN,NaN,NaN,NaN,NaN,NaN,NaN,NaN,NaN,NaN,NaN,NaN,NaN,NaN,NaN,NaN,NaN,NaN,NaN,NaN,NaN,NaN,NaN,NaN,NaN,NaN,NaN,NaN,NaN,NaN,NaN,NaN,NaN,NaN,NaN,NaN,NaN,NaN,NaN,NaN,NaN,NaN,NaN,NaN,NaN,NaN,NaN,NaN,NaN,NaN,NaN,NaN,NaN,NaN,NaN,NaN,NaN,NaN,NaN,NaN,NaN,NaN,NaN,NaN,NaN,NaN,NaN,NaN,NaN,NaN,NaN,NaN,NaN,NaN,NaN,NaN,NaN,NaN,NaN,NaN,NaN,NaN,NaN,NaN,NaN,NaN,NaN,NaN,NaN,NaN,NaN,NaN,NaN,NaN,NaN,NaN,NaN,NaN,NaN,NaN,NaN,NaN,NaN,NaN,NaN,NaN,NaN,NaN,NaN,NaN,NaN,NaN,NaN,NaN,NaN,NaN,NaN,NaN,NaN,NaN,NaN,NaN,NaN,-0.109893761700518,-0.109994782234453,NaN,NaN,NaN,NaN,NaN,NaN,NaN,NaN,NaN,NaN,NaN,NaN,NaN,NaN,NaN,NaN,NaN,NaN,NaN,NaN,NaN,NaN,NaN,NaN,NaN,NaN,NaN,NaN,NaN,NaN,NaN,NaN,NaN,-0.126263132583427,-0.126185016675566,NaN,-0.125517815972854,-0.125536723178326,-0.125537359994076,-0.125540788017146,-0.125574785941831,-0.118472253846584,NaN,NaN,NaN,NaN,NaN,NaN,NaN,NaN,NaN,NaN,NaN,NaN,NaN,NaN,NaN,NaN,NaN,NaN,NaN,NaN,NaN,NaN,NaN,NaN,NaN,NaN,NaN,NaN,NaN,NaN,NaN,NaN,NaN,NaN,NaN,NaN,NaN,NaN,NaN,NaN,NaN,NaN,NaN,NaN,NaN
NaN,NaN,NaN,NaN,NaN,NaN,NaN,NaN,NaN,NaN,NaN,NaN,NaN,NaN,NaN,NaN,NaN,NaN,NaN,NaN,NaN,NaN,NaN,NaN,NaN,NaN,NaN,NaN,NaN,NaN,NaN,NaN,NaN,NaN,NaN,NaN,NaN,NaN,NaN,NaN,NaN,NaN,NaN,NaN,NaN,NaN,NaN,NaN,NaN,NaN,NaN,NaN,NaN,NaN,NaN,NaN,NaN,NaN,NaN,NaN,NaN,NaN,NaN,NaN,NaN,NaN,NaN,NaN,NaN,NaN,NaN,NaN,NaN,NaN,NaN,NaN,NaN,NaN,NaN,NaN,NaN,NaN,NaN,NaN,NaN,NaN,NaN,NaN,NaN,NaN,NaN,NaN,NaN,NaN,NaN,NaN,NaN,NaN,NaN,NaN,NaN,NaN,NaN,NaN,NaN,NaN,NaN,NaN,NaN,NaN,NaN,NaN,NaN,NaN,NaN,NaN,NaN,NaN,NaN,NaN,NaN,NaN,NaN,NaN,NaN,NaN,NaN,NaN,NaN,NaN,NaN,NaN,NaN,NaN,NaN,NaN,NaN,NaN,NaN,NaN,NaN,NaN,NaN,NaN,NaN,NaN,NaN,NaN,NaN,NaN,NaN,NaN,NaN,NaN,NaN,NaN,NaN,-0.110046369373606,NaN,NaN,NaN,NaN,NaN,NaN,NaN,NaN,NaN,NaN,NaN,NaN,NaN,NaN,NaN,NaN,NaN,NaN,NaN,NaN,NaN,NaN,NaN,NaN,NaN,NaN,NaN,NaN,NaN,NaN,NaN,NaN,-0.127033468259076,-0.126712491626718,-0.126525136129737,NaN,-0.125554472992643,-0.125632085050288,-0.125665693860531,-0.125712605685339,-0.125756867342712,-0.125783327208124,-0.114584578324025,NaN,NaN,NaN,NaN,NaN,NaN,NaN,NaN,NaN,NaN,NaN,NaN,NaN,NaN,NaN,NaN,NaN,NaN,NaN,NaN,NaN,NaN,NaN,NaN,NaN,NaN,NaN,NaN,NaN,NaN,NaN,NaN,NaN,NaN,NaN,NaN,NaN,NaN,NaN,NaN,NaN,NaN,NaN,NaN
NaN,NaN,NaN,NaN,NaN,NaN,NaN,NaN,NaN,NaN,NaN,NaN,NaN,NaN,NaN,NaN,NaN,NaN,NaN,NaN,NaN,NaN,NaN,NaN,NaN,NaN,NaN,NaN,NaN,NaN,NaN,NaN,NaN,NaN,NaN,NaN,NaN,NaN,NaN,NaN,NaN,NaN,NaN,NaN,NaN,NaN,NaN,NaN,NaN,NaN,NaN,NaN,NaN,NaN,NaN,NaN,NaN,NaN,NaN,NaN,NaN,NaN,NaN,NaN,NaN,NaN,NaN,NaN,NaN,NaN,NaN,NaN,NaN,NaN,NaN,NaN,NaN,NaN,NaN,NaN,NaN,NaN,NaN,NaN,NaN,NaN,NaN,NaN,NaN,NaN,NaN,NaN,NaN,NaN,NaN,NaN,NaN,NaN,NaN,NaN,NaN,NaN,NaN,NaN,NaN,NaN,NaN,NaN,NaN,NaN,NaN,NaN,NaN,NaN,NaN,NaN,NaN,NaN,NaN,NaN,NaN,NaN,NaN,NaN,NaN,NaN,NaN,NaN,NaN,NaN,NaN,NaN,NaN,NaN,NaN,NaN,NaN,NaN,NaN,NaN,NaN,NaN,NaN,NaN,NaN,NaN,NaN,NaN,NaN,NaN,NaN,NaN,NaN,NaN,NaN,NaN,NaN,-0.100309336136411,-0.0863701068353493,NaN,NaN,NaN,NaN,NaN,NaN,NaN,NaN,NaN,NaN,NaN,NaN,NaN,NaN,NaN,NaN,NaN,NaN,NaN,NaN,NaN,NaN,NaN,NaN,NaN,NaN,NaN,NaN,NaN,NaN,NaN,-0.127124101037549,-0.127000141652446,-0.126600813059325,NaN,NaN,-0.125795968635056,-0.125809673408797,-0.125858204601527,-0.125894101255973,-0.125839156560191,-0.112978093005959,NaN,NaN,NaN,NaN,-0.127090082595893,-0.127066519512482,-0.127070756241433,-0.127082929166519,-0.127085665470224,-0.126966169255773,NaN,NaN,NaN,NaN,NaN,NaN,NaN,NaN,NaN,NaN,NaN,NaN,NaN,NaN,NaN,NaN,NaN,NaN,NaN,NaN,NaN,NaN,NaN,NaN,NaN,NaN,NaN,NaN,NaN,NaN,NaN,NaN,NaN,NaN
NaN,NaN,NaN,NaN,NaN,NaN,NaN,NaN,NaN,NaN,NaN,NaN,NaN,NaN,NaN,NaN,NaN,NaN,NaN,NaN,NaN,NaN,NaN,NaN,NaN,NaN,NaN,NaN,NaN,NaN,NaN,NaN,NaN,NaN,NaN,NaN,NaN,NaN,NaN,NaN,NaN,NaN,NaN,NaN,NaN,NaN,NaN,NaN,NaN,NaN,NaN,NaN,NaN,NaN,NaN,NaN,NaN,NaN,NaN,NaN,NaN,NaN,NaN,NaN,NaN,NaN,NaN,NaN,NaN,NaN,NaN,NaN,NaN,NaN,NaN,NaN,NaN,NaN,NaN,NaN,NaN,NaN,NaN,NaN,NaN,NaN,NaN,NaN,NaN,NaN,NaN,NaN,NaN,NaN,NaN,NaN,NaN,NaN,NaN,NaN,NaN,NaN,NaN,NaN,NaN,NaN,NaN,NaN,NaN,NaN,NaN,NaN,NaN,NaN,NaN,NaN,NaN,NaN,NaN,NaN,NaN,NaN,NaN,NaN,NaN,NaN,NaN,NaN,NaN,NaN,NaN,NaN,NaN,NaN,NaN,NaN,NaN,NaN,NaN,NaN,NaN,NaN,NaN,NaN,NaN,NaN,NaN,NaN,NaN,NaN,NaN,NaN,NaN,NaN,NaN,NaN,NaN,-0.0863826337471673,-0.0809531743447819,NaN,NaN,NaN,NaN,NaN,NaN,NaN,NaN,NaN,NaN,NaN,NaN,NaN,NaN,NaN,NaN,NaN,NaN,NaN,NaN,NaN,NaN,NaN,NaN,NaN,NaN,NaN,NaN,NaN,NaN,-0.127765238570298,-0.12749885327167,-0.127334551821833,NaN,NaN,NaN,-0.12579839708648,-0.125883255003119,-0.125956278552807,-0.126017608121788,-0.126035855132009,NaN,NaN,NaN,NaN,-0.126967219057001,-0.127047600991762,-0.127054067201079,-0.127050845840467,-0.127063808921556,-0.127082239910613,-0.127090663574674,NaN,NaN,NaN,NaN,NaN,NaN,NaN,NaN,NaN,NaN,NaN,NaN,NaN,NaN,NaN,NaN,NaN,NaN,NaN,NaN,NaN,NaN,NaN,NaN,NaN,NaN,NaN,NaN,NaN,NaN,NaN,NaN,NaN,NaN
NaN,NaN,NaN,NaN,NaN,NaN,NaN,NaN,NaN,NaN,NaN,NaN,NaN,NaN,NaN,NaN,NaN,NaN,NaN,NaN,NaN,NaN,NaN,NaN,NaN,NaN,NaN,NaN,NaN,NaN,NaN,NaN,NaN,NaN,NaN,NaN,NaN,NaN,NaN,NaN,NaN,NaN,NaN,NaN,NaN,NaN,NaN,NaN,NaN,NaN,NaN,NaN,NaN,NaN,NaN,NaN,NaN,NaN,NaN,NaN,NaN,NaN,NaN,NaN,NaN,NaN,NaN,NaN,NaN,NaN,NaN,NaN,NaN,NaN,NaN,NaN,NaN,NaN,NaN,NaN,NaN,NaN,NaN,NaN,NaN,NaN,NaN,NaN,NaN,NaN,NaN,NaN,NaN,NaN,NaN,NaN,NaN,NaN,NaN,NaN,NaN,NaN,NaN,NaN,NaN,NaN,NaN,NaN,NaN,NaN,NaN,NaN,NaN,NaN,NaN,NaN,NaN,NaN,NaN,NaN,NaN,NaN,NaN,NaN,NaN,NaN,NaN,NaN,NaN,NaN,NaN,NaN,NaN,NaN,NaN,NaN,NaN,NaN,NaN,NaN,NaN,NaN,NaN,NaN,NaN,NaN,NaN,NaN,NaN,NaN,NaN,NaN,NaN,NaN,NaN,NaN,NaN,-0.0810001712422152,-0.0812907177756754,NaN,NaN,NaN,NaN,NaN,NaN,NaN,NaN,NaN,NaN,NaN,NaN,NaN,NaN,NaN,NaN,NaN,NaN,NaN,NaN,NaN,NaN,NaN,NaN,NaN,NaN,NaN,NaN,NaN,-0.128215546125626,-0.127994637803012,-0.127735870722794,-0.113794240178615,NaN,NaN,NaN,NaN,-0.125972169876695,-0.126101796779901,-0.12616228388093,-0.126209316205913,-0.126308871897201,-0.12639027618613,-0.126506923568474,-0.126678043768907,-0.126852713709617,-0.126947199270529,-0.127022173381404,-0.127029883195495,-0.127058909228428,-0.127109745457319,-0.12714901001083,-0.127174611267034,-0.126568933193486,NaN,NaN,NaN,NaN,NaN,NaN,NaN,NaN,NaN,NaN,NaN,NaN,NaN,NaN,NaN,NaN,NaN,NaN,NaN,NaN,NaN,NaN,NaN,NaN,NaN,NaN,NaN,NaN,NaN,NaN,NaN,NaN
NaN,NaN,NaN,NaN,NaN,NaN,NaN,NaN,NaN,NaN,NaN,NaN,NaN,NaN,NaN,NaN,NaN,NaN,NaN,NaN,NaN,NaN,NaN,NaN,NaN,NaN,NaN,NaN,NaN,NaN,NaN,NaN,NaN,NaN,NaN,NaN,NaN,NaN,NaN,NaN,NaN,NaN,NaN,NaN,NaN,NaN,NaN,NaN,NaN,NaN,NaN,NaN,NaN,NaN,NaN,NaN,NaN,NaN,NaN,NaN,NaN,NaN,NaN,NaN,NaN,NaN,NaN,NaN,NaN,NaN,NaN,NaN,NaN,NaN,NaN,NaN,NaN,NaN,NaN,NaN,NaN,NaN,NaN,NaN,NaN,NaN,NaN,NaN,NaN,NaN,NaN,NaN,NaN,NaN,NaN,NaN,NaN,NaN,NaN,NaN,NaN,NaN,NaN,NaN,NaN,NaN,NaN,NaN,NaN,NaN,NaN,NaN,NaN,NaN,NaN,NaN,NaN,NaN,NaN,NaN,NaN,NaN,NaN,NaN,NaN,NaN,NaN,NaN,NaN,NaN,NaN,NaN,NaN,NaN,NaN,NaN,NaN,NaN,NaN,NaN,NaN,NaN,NaN,NaN,NaN,NaN,NaN,NaN,NaN,NaN,NaN,NaN,NaN,NaN,NaN,NaN,NaN,-0.0812930603533739,-0.0813041528450686,NaN,NaN,NaN,NaN,NaN,NaN,NaN,NaN,NaN,NaN,NaN,NaN,NaN,NaN,NaN,NaN,NaN,NaN,NaN,NaN,NaN,NaN,NaN,NaN,NaN,NaN,NaN,NaN,-0.128507046469201,-0.128342288806069,-0.12815077308028,-0.124859498744109,-0.104552954951603,NaN,NaN,NaN,NaN,NaN,-0.126310654643645,-0.126245184538809,-0.126257875401354,-0.126319798423863,-0.126390466222738,-0.126494401286885,-0.126650860299515,-0.126812545382241,-0.126896203785785,-0.126962909488042,-0.126997465102919,-0.12703304699753,-0.127118615085005,-0.127153267077266,-0.127167508066084,-0.127168992366619,NaN,NaN,NaN,NaN,NaN,NaN,NaN,NaN,NaN,NaN,NaN,NaN,NaN,NaN,NaN,NaN,NaN,NaN,NaN,NaN,NaN,NaN,NaN,NaN,NaN,NaN,NaN,NaN,NaN,NaN,NaN,NaN
NaN,NaN,NaN,NaN,NaN,NaN,NaN,NaN,NaN,NaN,NaN,NaN,NaN,NaN,NaN,NaN,NaN,NaN,NaN,NaN,NaN,NaN,NaN,NaN,NaN,NaN,NaN,NaN,NaN,NaN,NaN,NaN,NaN,NaN,NaN,NaN,NaN,NaN,NaN,NaN,NaN,NaN,NaN,NaN,NaN,NaN,NaN,NaN,NaN,NaN,NaN,NaN,NaN,NaN,NaN,NaN,NaN,NaN,NaN,NaN,NaN,NaN,NaN,NaN,NaN,NaN,NaN,NaN,NaN,NaN,NaN,NaN,NaN,NaN,NaN,NaN,NaN,NaN,NaN,NaN,NaN,NaN,NaN,NaN,NaN,NaN,NaN,NaN,NaN,NaN,NaN,NaN,NaN,NaN,NaN,NaN,NaN,NaN,NaN,NaN,NaN,NaN,NaN,NaN,NaN,NaN,NaN,NaN,NaN,NaN,NaN,NaN,NaN,NaN,NaN,NaN,NaN,NaN,NaN,NaN,NaN,NaN,NaN,NaN,NaN,NaN,NaN,NaN,NaN,NaN,NaN,NaN,NaN,NaN,NaN,NaN,NaN,NaN,NaN,NaN,NaN,NaN,NaN,NaN,NaN,NaN,NaN,NaN,NaN,NaN,NaN,NaN,NaN,NaN,NaN,NaN,NaN,NaN,NaN,NaN,NaN,NaN,NaN,NaN,NaN,NaN,NaN,NaN,NaN,NaN,NaN,NaN,NaN,NaN,NaN,NaN,NaN,NaN,NaN,NaN,NaN,NaN,NaN,NaN,NaN,NaN,NaN,-0.128478470920178,-0.128415679861912,-0.128237509509623,-0.126686260214565,-0.106897944097609,NaN,NaN,NaN,NaN,NaN,-0.126350646456502,-0.126266187199578,-0.126261405631279,-0.126307985935751,-0.126379663094275,-0.12653741683016,-0.126652486329365,-0.12676730832391,-0.12517252983388,-0.126209742875353,NaN,NaN,-0.127140122016465,-0.127151466693508,-0.127168937182622,-0.127173333158179,-0.12669558398808,NaN,NaN,NaN,NaN,NaN,NaN,NaN,NaN,NaN,NaN,NaN,NaN,NaN,NaN,NaN,NaN,NaN,NaN,NaN,NaN,NaN,NaN,NaN,NaN,NaN,NaN,NaN,NaN,NaN,NaN,NaN
NaN,NaN,NaN,NaN,NaN,NaN,NaN,NaN,NaN,NaN,NaN,NaN,NaN,NaN,NaN,NaN,NaN,NaN,NaN,NaN,NaN,NaN,NaN,NaN,NaN,NaN,NaN,NaN,NaN,NaN,NaN,NaN,NaN,NaN,NaN,NaN,NaN,NaN,NaN,NaN,NaN,NaN,NaN,NaN,NaN,NaN,NaN,NaN,NaN,NaN,NaN,NaN,NaN,NaN,NaN,NaN,NaN,NaN,NaN,NaN,NaN,NaN,NaN,NaN,NaN,NaN,NaN,NaN,NaN,NaN,NaN,NaN,NaN,NaN,NaN,NaN,NaN,NaN,NaN,NaN,NaN,NaN,NaN,NaN,NaN,NaN,NaN,NaN,NaN,NaN,NaN,NaN,NaN,NaN,NaN,NaN,NaN,NaN,NaN,NaN,NaN,NaN,NaN,NaN,NaN,NaN,NaN,NaN,NaN,NaN,NaN,NaN,NaN,NaN,NaN,NaN,NaN,NaN,NaN,NaN,NaN,NaN,NaN,NaN,NaN,NaN,NaN,NaN,NaN,NaN,NaN,NaN,NaN,NaN,NaN,NaN,NaN,NaN,NaN,NaN,NaN,NaN,NaN,NaN,NaN,NaN,NaN,NaN,NaN,NaN,NaN,NaN,NaN,NaN,NaN,NaN,NaN,NaN,NaN,NaN,NaN,NaN,NaN,NaN,NaN,NaN,NaN,NaN,NaN,NaN,NaN,NaN,NaN,NaN,NaN,NaN,NaN,NaN,NaN,NaN,NaN,NaN,NaN,NaN,NaN,NaN,NaN,-0.128608853166789,-0.128636702749769,NaN,NaN,NaN,NaN,NaN,NaN,NaN,NaN,NaN,NaN,NaN,NaN,NaN,-0.126636761167286,-0.119093012879046,-0.125076531925288,NaN,NaN,NaN,NaN,-0.127139878084548,-0.127160207790147,-0.127168582880939,-0.127167690810823,-0.12708883501455,NaN,NaN,NaN,NaN,NaN,NaN,NaN,NaN,NaN,NaN,NaN,NaN,NaN,NaN,NaN,NaN,NaN,NaN,NaN,NaN,NaN,NaN,NaN,NaN,NaN,NaN,NaN,NaN,NaN,NaN,NaN
NaN,NaN,NaN,NaN,NaN,NaN,NaN,NaN,NaN,NaN,NaN,NaN,NaN,NaN,NaN,NaN,NaN,NaN,NaN,NaN,NaN,NaN,NaN,NaN,NaN,NaN,NaN,NaN,NaN,NaN,NaN,NaN,NaN,NaN,NaN,NaN,NaN,NaN,NaN,NaN,NaN,NaN,NaN,NaN,NaN,NaN,NaN,NaN,NaN,NaN,NaN,NaN,NaN,NaN,NaN,NaN,NaN,NaN,NaN,NaN,NaN,NaN,NaN,NaN,NaN,NaN,NaN,NaN,NaN,NaN,NaN,NaN,NaN,NaN,NaN,NaN,NaN,NaN,NaN,NaN,NaN,NaN,NaN,NaN,NaN,NaN,NaN,NaN,NaN,NaN,NaN,NaN,NaN,NaN,NaN,NaN,NaN,NaN,NaN,NaN,NaN,NaN,NaN,NaN,NaN,NaN,NaN,NaN,NaN,NaN,NaN,NaN,NaN,NaN,NaN,NaN,NaN,NaN,NaN,NaN,NaN,NaN,NaN,NaN,NaN,NaN,NaN,NaN,NaN,NaN,NaN,NaN,NaN,NaN,NaN,NaN,NaN,NaN,NaN,NaN,NaN,NaN,NaN,NaN,NaN,NaN,NaN,NaN,NaN,NaN,NaN,NaN,NaN,NaN,NaN,NaN,NaN,NaN,NaN,NaN,NaN,NaN,NaN,NaN,NaN,NaN,NaN,NaN,NaN,NaN,NaN,NaN,NaN,NaN,NaN,NaN,NaN,NaN,NaN,NaN,NaN,NaN,NaN,NaN,NaN,NaN,NaN,-0.12874144351817,-0.12889458413234,-0.129094468272189,NaN,NaN,NaN,NaN,NaN,NaN,NaN,NaN,NaN,NaN,NaN,NaN,NaN,NaN,NaN,NaN,NaN,NaN,NaN,NaN,-0.127175331052996,-0.127166261109292,-0.127160649825513,-0.127159453732964,NaN,NaN,NaN,NaN,NaN,NaN,NaN,NaN,NaN,NaN,NaN,NaN,NaN,NaN,NaN,NaN,NaN,NaN,NaN,NaN,NaN,NaN,NaN,NaN,NaN,NaN,NaN,NaN,NaN,NaN,NaN
NaN,NaN,NaN,NaN,NaN,NaN,NaN,NaN,NaN,NaN,NaN,NaN,NaN,NaN,NaN,NaN,NaN,NaN,NaN,NaN,NaN,NaN,NaN,NaN,NaN,NaN,NaN,NaN,NaN,NaN,NaN,NaN,NaN,NaN,NaN,NaN,NaN,NaN,NaN,NaN,NaN,NaN,NaN,NaN,NaN,NaN,NaN,NaN,NaN,NaN,NaN,NaN,NaN,NaN,NaN,NaN,NaN,NaN,NaN,NaN,NaN,NaN,NaN,NaN,NaN,NaN,NaN,NaN,NaN,NaN,NaN,NaN,NaN,NaN,NaN,NaN,NaN,NaN,NaN,NaN,NaN,NaN,NaN,NaN,NaN,NaN,NaN,NaN,NaN,NaN,NaN,NaN,NaN,NaN,NaN,NaN,NaN,NaN,NaN,NaN,NaN,NaN,NaN,NaN,NaN,NaN,NaN,NaN,NaN,NaN,NaN,NaN,NaN,NaN,NaN,NaN,NaN,NaN,NaN,NaN,NaN,NaN,NaN,NaN,NaN,NaN,NaN,NaN,NaN,NaN,NaN,NaN,NaN,NaN,NaN,NaN,NaN,NaN,NaN,NaN,NaN,NaN,NaN,NaN,NaN,NaN,NaN,NaN,NaN,NaN,NaN,NaN,NaN,NaN,NaN,NaN,NaN,NaN,NaN,NaN,NaN,NaN,NaN,NaN,NaN,NaN,NaN,NaN,NaN,NaN,NaN,NaN,NaN,NaN,NaN,NaN,NaN,NaN,NaN,NaN,NaN,NaN,NaN,NaN,NaN,NaN,NaN,NaN,-0.129147449806819,-0.128565656449577,NaN,NaN,NaN,NaN,NaN,NaN,NaN,NaN,NaN,NaN,NaN,NaN,NaN,NaN,NaN,NaN,NaN,NaN,NaN,NaN,-0.127184840212276,-0.127165178894894,-0.127158727522201,-0.127158436294302,NaN,NaN,NaN,NaN,NaN,NaN,NaN,NaN,NaN,NaN,NaN,NaN,NaN,NaN,NaN,NaN,NaN,NaN,NaN,NaN,NaN,NaN,NaN,NaN,NaN,NaN,NaN,NaN,NaN,NaN,NaN
NaN,NaN,NaN,NaN,NaN,NaN,NaN,NaN,NaN,NaN,NaN,NaN,NaN,NaN,NaN,NaN,NaN,NaN,NaN,NaN,NaN,NaN,NaN,NaN,NaN,NaN,NaN,NaN,NaN,NaN,NaN,NaN,NaN,NaN,NaN,NaN,NaN,NaN,NaN,NaN,NaN,NaN,NaN,NaN,NaN,NaN,NaN,NaN,NaN,NaN,NaN,NaN,NaN,NaN,NaN,NaN,NaN,NaN,NaN,NaN,NaN,NaN,NaN,NaN,NaN,NaN,NaN,NaN,NaN,NaN,NaN,NaN,NaN,NaN,NaN,NaN,NaN,NaN,NaN,NaN,NaN,NaN,NaN,NaN,NaN,NaN,NaN,NaN,NaN,NaN,NaN,NaN,NaN,NaN,NaN,NaN,NaN,NaN,NaN,NaN,NaN,NaN,NaN,NaN,NaN,NaN,NaN,NaN,NaN,NaN,NaN,NaN,NaN,NaN,NaN,NaN,NaN,NaN,NaN,NaN,NaN,NaN,NaN,NaN,NaN,NaN,NaN,NaN,NaN,NaN,NaN,NaN,NaN,NaN,NaN,NaN,NaN,NaN,NaN,NaN,NaN,NaN,NaN,NaN,NaN,NaN,NaN,NaN,NaN,NaN,NaN,NaN,NaN,NaN,NaN,NaN,NaN,NaN,NaN,NaN,NaN,NaN,NaN,NaN,NaN,NaN,NaN,NaN,NaN,NaN,NaN,NaN,NaN,NaN,NaN,NaN,NaN,NaN,NaN,NaN,NaN,NaN,NaN,NaN,NaN,NaN,NaN,NaN,-0.129357219911384,-0.118591480722118,NaN,NaN,NaN,NaN,NaN,NaN,NaN,NaN,NaN,NaN,NaN,NaN,NaN,NaN,NaN,NaN,NaN,NaN,NaN,NaN,-0.127184797563659,-0.127165320747354,-0.127158693948912,-0.12715635511037,NaN,NaN,NaN,NaN,NaN,NaN,NaN,NaN,NaN,NaN,NaN,NaN,NaN,NaN,NaN,NaN,NaN,NaN,NaN,NaN,NaN,NaN,NaN,NaN,NaN,NaN,NaN,NaN,NaN,NaN,NaN
NaN,NaN,NaN,NaN,NaN,NaN,NaN,NaN,NaN,NaN,NaN,NaN,NaN,NaN,NaN,NaN,NaN,NaN,NaN,NaN,NaN,NaN,NaN,NaN,NaN,NaN,NaN,NaN,NaN,NaN,NaN,NaN,NaN,NaN,NaN,NaN,NaN,NaN,NaN,NaN,NaN,NaN,NaN,NaN,NaN,NaN,NaN,NaN,NaN,NaN,NaN,NaN,NaN,NaN,NaN,NaN,NaN,NaN,NaN,NaN,NaN,NaN,NaN,NaN,NaN,NaN,NaN,NaN,NaN,NaN,NaN,NaN,NaN,NaN,NaN,NaN,NaN,NaN,NaN,NaN,NaN,NaN,NaN,NaN,NaN,NaN,NaN,NaN,NaN,NaN,NaN,NaN,NaN,NaN,NaN,NaN,NaN,NaN,NaN,NaN,NaN,NaN,NaN,NaN,NaN,NaN,NaN,NaN,NaN,NaN,NaN,NaN,NaN,NaN,NaN,NaN,NaN,NaN,NaN,NaN,NaN,NaN,NaN,NaN,NaN,NaN,NaN,NaN,NaN,NaN,NaN,NaN,NaN,NaN,NaN,NaN,NaN,NaN,NaN,NaN,NaN,NaN,NaN,NaN,NaN,NaN,NaN,NaN,NaN,NaN,NaN,NaN,NaN,NaN,NaN,NaN,NaN,NaN,NaN,NaN,NaN,NaN,NaN,NaN,NaN,NaN,NaN,NaN,NaN,NaN,NaN,NaN,NaN,NaN,NaN,NaN,NaN,NaN,NaN,NaN,NaN,NaN,NaN,NaN,NaN,NaN,NaN,NaN,-0.129548775391268,-0.12934673838359,NaN,NaN,NaN,NaN,NaN,NaN,NaN,NaN,NaN,NaN,NaN,NaN,NaN,NaN,NaN,NaN,NaN,NaN,NaN,NaN,-0.126897588376839,-0.127165088446289,-0.127157922832726,-0.127146159138202,-0.127153259191376,NaN,NaN,NaN,NaN,NaN,NaN,NaN,NaN,NaN,NaN,NaN,NaN,NaN,NaN,NaN,NaN,NaN,NaN,NaN,NaN,NaN,NaN,NaN,NaN,NaN,NaN,NaN,NaN,NaN,NaN
NaN,NaN,NaN,NaN,NaN,NaN,NaN,NaN,NaN,NaN,NaN,NaN,NaN,NaN,NaN,NaN,NaN,NaN,NaN,NaN,NaN,NaN,NaN,NaN,NaN,NaN,NaN,NaN,NaN,NaN,NaN,NaN,NaN,NaN,NaN,NaN,NaN,NaN,NaN,NaN,NaN,NaN,NaN,NaN,NaN,NaN,NaN,NaN,NaN,NaN,NaN,NaN,NaN,NaN,NaN,NaN,NaN,NaN,NaN,NaN,NaN,NaN,NaN,NaN,NaN,NaN,NaN,NaN,NaN,NaN,NaN,NaN,NaN,NaN,NaN,NaN,NaN,NaN,NaN,NaN,NaN,NaN,NaN,NaN,NaN,NaN,NaN,NaN,NaN,NaN,NaN,NaN,NaN,NaN,NaN,NaN,NaN,NaN,NaN,NaN,NaN,NaN,NaN,NaN,NaN,NaN,NaN,NaN,NaN,NaN,NaN,NaN,NaN,NaN,NaN,NaN,NaN,NaN,NaN,NaN,NaN,NaN,NaN,NaN,NaN,NaN,NaN,NaN,NaN,NaN,NaN,NaN,NaN,NaN,NaN,NaN,NaN,NaN,NaN,NaN,NaN,NaN,NaN,NaN,NaN,NaN,NaN,NaN,NaN,NaN,NaN,NaN,NaN,NaN,NaN,NaN,NaN,NaN,NaN,NaN,NaN,NaN,NaN,NaN,NaN,NaN,NaN,NaN,NaN,NaN,NaN,NaN,NaN,NaN,NaN,NaN,NaN,NaN,NaN,NaN,NaN,NaN,NaN,NaN,NaN,NaN,NaN,NaN,-0.12994164797718,NaN,NaN,NaN,NaN,NaN,NaN,NaN,NaN,NaN,NaN,NaN,NaN,NaN,NaN,NaN,NaN,NaN,NaN,NaN,NaN,NaN,NaN,-0.126885354976652,-0.127148055338703,-0.127158833714141,-0.127152280500013,NaN,NaN,NaN,NaN,NaN,NaN,NaN,NaN,NaN,NaN,NaN,NaN,NaN,NaN,NaN,NaN,NaN,NaN,NaN,NaN,NaN,NaN,NaN,NaN,NaN,NaN,NaN,NaN,NaN,NaN
NaN,NaN,NaN,NaN,NaN,NaN,NaN,NaN,NaN,NaN,NaN,NaN,NaN,NaN,NaN,NaN,NaN,NaN,NaN,NaN,NaN,NaN,NaN,NaN,NaN,NaN,NaN,NaN,NaN,NaN,NaN,NaN,NaN,NaN,NaN,NaN,NaN,NaN,NaN,NaN,NaN,NaN,NaN,NaN,NaN,NaN,NaN,NaN,NaN,NaN,NaN,NaN,NaN,NaN,NaN,NaN,NaN,NaN,NaN,NaN,NaN,NaN,NaN,NaN,NaN,NaN,NaN,NaN,NaN,NaN,NaN,NaN,NaN,NaN,NaN,NaN,NaN,NaN,NaN,NaN,NaN,NaN,NaN,NaN,NaN,NaN,NaN,NaN,NaN,NaN,NaN,NaN,NaN,NaN,NaN,NaN,NaN,NaN,NaN,NaN,NaN,NaN,NaN,NaN,NaN,NaN,NaN,NaN,NaN,NaN,NaN,NaN,NaN,NaN,NaN,NaN,NaN,NaN,NaN,NaN,NaN,NaN,NaN,NaN,NaN,NaN,NaN,NaN,NaN,NaN,NaN,NaN,NaN,NaN,NaN,NaN,NaN,NaN,NaN,NaN,NaN,NaN,NaN,NaN,NaN,NaN,NaN,NaN,NaN,NaN,NaN,NaN,NaN,NaN,NaN,NaN,NaN,NaN,NaN,NaN,NaN,NaN,NaN,NaN,NaN,NaN,NaN,NaN,NaN,NaN,NaN,NaN,NaN,NaN,NaN,NaN,NaN,NaN,NaN,NaN,NaN,NaN,NaN,NaN,NaN,NaN,NaN,NaN,-0.130500517871346,-0.128697936731868,NaN,NaN,NaN,NaN,1.93535758111762e-19,3.63763014127851e-21,NaN,NaN,NaN,NaN,NaN,NaN,NaN,NaN,NaN,NaN,NaN,NaN,NaN,NaN,NaN,NaN,-0.126876938454083,-0.127155204837202,-0.127157885149219,NaN,NaN,NaN,NaN,NaN,NaN,NaN,NaN,NaN,NaN,NaN,NaN,NaN,NaN,NaN,NaN,NaN,NaN,NaN,NaN,NaN,NaN,NaN,NaN,NaN,NaN,NaN,NaN,NaN,NaN
NaN,NaN,NaN,NaN,NaN,NaN,NaN,NaN,NaN,NaN,NaN,NaN,NaN,NaN,NaN,NaN,NaN,NaN,NaN,NaN,NaN,NaN,NaN,NaN,NaN,NaN,NaN,NaN,NaN,NaN,NaN,NaN,NaN,NaN,NaN,NaN,NaN,NaN,NaN,NaN,NaN,NaN,NaN,NaN,NaN,NaN,NaN,NaN,NaN,NaN,NaN,NaN,NaN,NaN,NaN,NaN,NaN,NaN,NaN,NaN,NaN,NaN,NaN,NaN,NaN,NaN,NaN,NaN,NaN,NaN,NaN,NaN,NaN,NaN,NaN,NaN,NaN,NaN,NaN,NaN,NaN,NaN,NaN,NaN,NaN,NaN,NaN,NaN,NaN,NaN,NaN,NaN,NaN,NaN,NaN,NaN,NaN,NaN,NaN,NaN,NaN,NaN,NaN,NaN,NaN,NaN,NaN,NaN,NaN,NaN,NaN,NaN,NaN,NaN,NaN,NaN,NaN,NaN,NaN,NaN,NaN,NaN,NaN,NaN,NaN,NaN,NaN,NaN,NaN,NaN,NaN,NaN,NaN,NaN,NaN,NaN,NaN,NaN,NaN,NaN,NaN,NaN,NaN,NaN,NaN,NaN,NaN,NaN,NaN,NaN,NaN,NaN,NaN,NaN,NaN,NaN,NaN,NaN,NaN,NaN,NaN,NaN,NaN,NaN,NaN,NaN,NaN,NaN,NaN,NaN,NaN,NaN,NaN,NaN,NaN,NaN,NaN,NaN,NaN,NaN,NaN,NaN,NaN,NaN,NaN,NaN,NaN,NaN,-0.130609618873598,-0.130707658681558,NaN,NaN,NaN,NaN,9.69995930249722e-21,1.21484087457754e-19,NaN,NaN,NaN,NaN,NaN,NaN,NaN,NaN,NaN,NaN,NaN,NaN,NaN,NaN,NaN,NaN,NaN,NaN,NaN,NaN,NaN,NaN,NaN,NaN,NaN,NaN,NaN,NaN,NaN,NaN,NaN,NaN,NaN,NaN,NaN,NaN,NaN,NaN,NaN,NaN,NaN,NaN,NaN,NaN,NaN,NaN,NaN,NaN,NaN
NaN,NaN,NaN,NaN,NaN,NaN,NaN,NaN,NaN,NaN,NaN,NaN,NaN,NaN,NaN,NaN,NaN,NaN,NaN,NaN,NaN,NaN,NaN,NaN,NaN,NaN,NaN,NaN,NaN,NaN,NaN,NaN,NaN,NaN,NaN,NaN,NaN,NaN,NaN,NaN,NaN,NaN,NaN,NaN,NaN,NaN,NaN,NaN,NaN,NaN,NaN,NaN,NaN,NaN,NaN,NaN,NaN,NaN,NaN,NaN,NaN,NaN,NaN,NaN,NaN,NaN,NaN,NaN,NaN,NaN,NaN,NaN,NaN,NaN,NaN,NaN,NaN,NaN,NaN,NaN,NaN,NaN,NaN,NaN,NaN,NaN,NaN,NaN,NaN,NaN,NaN,NaN,NaN,NaN,NaN,NaN,NaN,NaN,NaN,NaN,NaN,NaN,NaN,NaN,NaN,NaN,NaN,NaN,NaN,NaN,NaN,NaN,NaN,NaN,NaN,NaN,NaN,NaN,NaN,NaN,NaN,NaN,NaN,NaN,NaN,NaN,NaN,NaN,NaN,NaN,NaN,NaN,NaN,NaN,NaN,NaN,NaN,NaN,NaN,NaN,NaN,NaN,NaN,NaN,NaN,NaN,NaN,NaN,NaN,NaN,NaN,NaN,NaN,NaN,NaN,NaN,NaN,NaN,NaN,NaN,NaN,NaN,NaN,NaN,NaN,NaN,NaN,NaN,NaN,NaN,NaN,NaN,NaN,NaN,NaN,NaN,NaN,NaN,NaN,NaN,NaN,NaN,NaN,NaN,NaN,NaN,-0.131118701776056,-0.131097321940162,-0.130761570429626,-0.128251623745751,NaN,NaN,NaN,NaN,NaN,NaN,NaN,NaN,NaN,NaN,NaN,NaN,NaN,NaN,NaN,NaN,NaN,NaN,NaN,NaN,NaN,NaN,NaN,NaN,NaN,NaN,NaN,NaN,NaN,NaN,NaN,NaN,NaN,NaN,NaN,NaN,NaN,NaN,NaN,NaN,NaN,NaN,NaN,NaN,NaN,NaN,NaN,NaN,NaN,NaN,NaN,NaN,NaN,NaN,NaN
NaN,NaN,NaN,NaN,NaN,NaN,NaN,NaN,NaN,NaN,NaN,NaN,NaN,NaN,NaN,NaN,NaN,NaN,NaN,NaN,NaN,NaN,NaN,NaN,NaN,NaN,NaN,NaN,NaN,NaN,NaN,NaN,NaN,NaN,NaN,NaN,NaN,NaN,NaN,NaN,NaN,NaN,NaN,NaN,NaN,NaN,NaN,NaN,NaN,NaN,NaN,NaN,NaN,NaN,NaN,NaN,NaN,NaN,NaN,NaN,NaN,NaN,NaN,NaN,NaN,NaN,NaN,NaN,NaN,NaN,NaN,NaN,NaN,NaN,NaN,NaN,NaN,NaN,NaN,NaN,NaN,NaN,NaN,NaN,NaN,NaN,NaN,NaN,NaN,NaN,NaN,NaN,NaN,NaN,NaN,NaN,NaN,NaN,NaN,NaN,NaN,NaN,NaN,NaN,NaN,NaN,NaN,NaN,NaN,NaN,NaN,NaN,NaN,NaN,NaN,NaN,NaN,NaN,NaN,NaN,NaN,NaN,NaN,NaN,NaN,NaN,NaN,NaN,NaN,NaN,NaN,NaN,NaN,NaN,NaN,NaN,NaN,NaN,NaN,NaN,NaN,NaN,NaN,NaN,NaN,NaN,NaN,NaN,NaN,NaN,NaN,NaN,NaN,NaN,NaN,NaN,NaN,NaN,NaN,NaN,NaN,NaN,NaN,NaN,NaN,NaN,NaN,NaN,NaN,NaN,NaN,NaN,NaN,NaN,NaN,NaN,NaN,NaN,NaN,NaN,NaN,NaN,NaN,NaN,NaN,NaN,-0.131095706478111,-0.131074005174571,NaN,NaN,NaN,NaN,NaN,NaN,NaN,NaN,NaN,NaN,NaN,NaN,NaN,NaN,NaN,NaN,NaN,NaN,NaN,NaN,NaN,NaN,NaN,NaN,NaN,NaN,NaN,NaN,NaN,NaN,NaN,NaN,NaN,NaN,NaN,NaN,NaN,NaN,NaN,NaN,NaN,NaN,NaN,NaN,NaN,NaN,NaN,NaN,NaN,NaN,NaN,NaN,NaN,NaN,NaN,NaN,NaN
NaN,NaN,NaN,NaN,NaN,NaN,NaN,NaN,NaN,NaN,NaN,NaN,NaN,NaN,NaN,NaN,NaN,NaN,NaN,NaN,NaN,NaN,NaN,NaN,NaN,NaN,NaN,NaN,NaN,NaN,NaN,NaN,NaN,NaN,NaN,NaN,NaN,NaN,NaN,NaN,NaN,NaN,NaN,NaN,NaN,NaN,NaN,NaN,NaN,NaN,NaN,NaN,NaN,NaN,NaN,NaN,NaN,NaN,NaN,NaN,NaN,NaN,NaN,NaN,NaN,NaN,NaN,NaN,NaN,NaN,NaN,NaN,NaN,NaN,NaN,NaN,NaN,NaN,NaN,NaN,NaN,NaN,NaN,NaN,NaN,NaN,NaN,NaN,NaN,NaN,NaN,NaN,NaN,NaN,NaN,NaN,NaN,NaN,NaN,NaN,NaN,NaN,NaN,NaN,NaN,NaN,NaN,NaN,NaN,NaN,NaN,NaN,NaN,NaN,NaN,NaN,NaN,NaN,NaN,NaN,NaN,NaN,NaN,NaN,NaN,NaN,NaN,NaN,NaN,NaN,NaN,NaN,NaN,NaN,NaN,NaN,NaN,NaN,NaN,NaN,NaN,NaN,NaN,NaN,NaN,NaN,NaN,NaN,NaN,NaN,NaN,NaN,NaN,NaN,NaN,NaN,NaN,NaN,NaN,NaN,NaN,NaN,NaN,NaN,NaN,NaN,NaN,NaN,NaN,NaN,NaN,NaN,NaN,NaN,NaN,NaN,NaN,NaN,NaN,NaN,NaN,NaN,NaN,NaN,NaN,NaN,-0.131132412850494,-0.13108879340325,NaN,NaN,NaN,NaN,NaN,NaN,NaN,NaN,NaN,NaN,NaN,NaN,NaN,NaN,NaN,NaN,NaN,NaN,NaN,NaN,NaN,NaN,NaN,NaN,NaN,NaN,NaN,NaN,NaN,NaN,NaN,NaN,NaN,NaN,NaN,NaN,NaN,NaN,NaN,NaN,NaN,NaN,NaN,NaN,NaN,NaN,NaN,NaN,NaN,NaN,NaN,NaN,NaN,NaN,NaN,NaN,NaN
NaN,NaN,NaN,NaN,NaN,NaN,NaN,NaN,NaN,NaN,NaN,NaN,NaN,NaN,NaN,NaN,NaN,NaN,NaN,NaN,NaN,NaN,NaN,NaN,NaN,NaN,NaN,NaN,NaN,NaN,NaN,NaN,NaN,NaN,NaN,NaN,NaN,NaN,NaN,NaN,NaN,NaN,NaN,NaN,NaN,NaN,NaN,NaN,NaN,NaN,NaN,NaN,NaN,NaN,NaN,NaN,NaN,NaN,NaN,NaN,NaN,NaN,NaN,NaN,NaN,NaN,NaN,NaN,NaN,NaN,NaN,NaN,NaN,NaN,NaN,NaN,NaN,NaN,NaN,NaN,NaN,NaN,NaN,NaN,NaN,NaN,NaN,NaN,NaN,NaN,NaN,NaN,NaN,NaN,NaN,NaN,NaN,NaN,NaN,NaN,NaN,NaN,NaN,NaN,NaN,NaN,NaN,NaN,NaN,NaN,NaN,NaN,NaN,NaN,NaN,NaN,NaN,NaN,NaN,NaN,NaN,NaN,NaN,NaN,NaN,NaN,NaN,NaN,NaN,NaN,NaN,NaN,NaN,NaN,NaN,NaN,NaN,NaN,NaN,NaN,NaN,NaN,NaN,NaN,NaN,NaN,NaN,NaN,NaN,NaN,NaN,NaN,NaN,NaN,NaN,NaN,NaN,NaN,NaN,NaN,NaN,NaN,NaN,NaN,NaN,NaN,NaN,NaN,NaN,NaN,NaN,NaN,NaN,NaN,NaN,NaN,NaN,NaN,NaN,NaN,NaN,NaN,NaN,NaN,NaN,NaN,-0.131239700752861,NaN,NaN,NaN,NaN,NaN,NaN,NaN,NaN,NaN,NaN,NaN,NaN,NaN,NaN,NaN,NaN,NaN,NaN,NaN,NaN,NaN,NaN,NaN,NaN,NaN,NaN,NaN,NaN,NaN,NaN,NaN,NaN,NaN,NaN,NaN,NaN,NaN,NaN,NaN,NaN,NaN,NaN,NaN,NaN,NaN,NaN,NaN,NaN,NaN,NaN,NaN,NaN,NaN,NaN,NaN,NaN,NaN,NaN
NaN,NaN,NaN,NaN,NaN,NaN,NaN,NaN,NaN,NaN,NaN,NaN,NaN,NaN,NaN,NaN,NaN,NaN,NaN,NaN,NaN,NaN,NaN,NaN,NaN,NaN,NaN,NaN,NaN,NaN,NaN,NaN,NaN,NaN,NaN,NaN,NaN,NaN,NaN,NaN,NaN,NaN,NaN,NaN,NaN,NaN,NaN,NaN,NaN,NaN,NaN,NaN,NaN,NaN,NaN,NaN,NaN,NaN,NaN,NaN,NaN,NaN,NaN,NaN,NaN,NaN,NaN,NaN,NaN,NaN,NaN,NaN,NaN,NaN,NaN,NaN,NaN,NaN,NaN,NaN,NaN,NaN,NaN,NaN,NaN,NaN,NaN,NaN,NaN,NaN,NaN,NaN,NaN,NaN,NaN,NaN,NaN,NaN,NaN,NaN,NaN,NaN,NaN,NaN,NaN,NaN,NaN,NaN,NaN,NaN,NaN,NaN,NaN,NaN,NaN,NaN,NaN,NaN,NaN,NaN,NaN,NaN,NaN,NaN,NaN,NaN,NaN,NaN,NaN,NaN,NaN,NaN,NaN,NaN,NaN,NaN,NaN,NaN,NaN,NaN,NaN,NaN,NaN,NaN,NaN,NaN,NaN,NaN,NaN,NaN,NaN,NaN,NaN,NaN,NaN,NaN,NaN,NaN,NaN,NaN,NaN,NaN,NaN,NaN,NaN,NaN,NaN,NaN,NaN,NaN,NaN,NaN,NaN,NaN,NaN,NaN,NaN,NaN,NaN,NaN,NaN,NaN,NaN,NaN,NaN,-0.117118598856897,-0.131433592141242,NaN,NaN,NaN,NaN,NaN,NaN,NaN,NaN,NaN,NaN,NaN,NaN,NaN,NaN,NaN,NaN,NaN,NaN,NaN,NaN,NaN,NaN,NaN,NaN,NaN,NaN,NaN,NaN,NaN,NaN,NaN,NaN,NaN,NaN,NaN,NaN,NaN,NaN,NaN,NaN,NaN,NaN,NaN,NaN,NaN,NaN,NaN,NaN,NaN,NaN,NaN,NaN,NaN,NaN,NaN,NaN,NaN,NaN
NaN,NaN,NaN,NaN,NaN,NaN,NaN,NaN,NaN,NaN,NaN,NaN,NaN,NaN,NaN,NaN,NaN,NaN,NaN,NaN,NaN,NaN,NaN,NaN,NaN,NaN,NaN,NaN,NaN,NaN,NaN,NaN,NaN,NaN,NaN,NaN,NaN,NaN,NaN,NaN,NaN,NaN,NaN,NaN,NaN,NaN,NaN,NaN,NaN,NaN,NaN,NaN,NaN,NaN,NaN,NaN,NaN,NaN,NaN,NaN,NaN,NaN,NaN,NaN,NaN,NaN,NaN,NaN,NaN,NaN,NaN,NaN,NaN,NaN,NaN,NaN,NaN,NaN,NaN,NaN,NaN,NaN,NaN,NaN,NaN,NaN,NaN,NaN,NaN,NaN,NaN,NaN,NaN,NaN,NaN,NaN,NaN,NaN,NaN,NaN,NaN,NaN,NaN,NaN,NaN,NaN,NaN,NaN,NaN,NaN,NaN,NaN,NaN,NaN,NaN,NaN,NaN,NaN,NaN,NaN,NaN,NaN,NaN,NaN,NaN,NaN,NaN,NaN,NaN,NaN,NaN,NaN,NaN,NaN,NaN,NaN,NaN,NaN,NaN,NaN,NaN,NaN,NaN,NaN,NaN,NaN,NaN,NaN,NaN,NaN,NaN,NaN,NaN,NaN,NaN,NaN,NaN,NaN,NaN,NaN,NaN,NaN,NaN,NaN,NaN,NaN,NaN,NaN,NaN,NaN,NaN,NaN,NaN,NaN,NaN,NaN,NaN,NaN,NaN,NaN,NaN,NaN,NaN,NaN,-0.111908465205162,-0.11795261343625,NaN,NaN,NaN,NaN,NaN,NaN,NaN,NaN,NaN,NaN,NaN,NaN,NaN,NaN,NaN,NaN,NaN,NaN,NaN,NaN,NaN,NaN,NaN,NaN,NaN,NaN,NaN,NaN,NaN,NaN,NaN,NaN,NaN,NaN,NaN,NaN,NaN,NaN,NaN,NaN,NaN,NaN,NaN,NaN,NaN,NaN,NaN,NaN,NaN,NaN,NaN,NaN,NaN,NaN,NaN,NaN,NaN,NaN,NaN
NaN,NaN,NaN,NaN,NaN,NaN,NaN,NaN,NaN,NaN,NaN,NaN,NaN,NaN,NaN,NaN,NaN,NaN,NaN,NaN,NaN,NaN,NaN,NaN,NaN,NaN,NaN,NaN,NaN,NaN,NaN,NaN,NaN,NaN,NaN,NaN,NaN,NaN,NaN,NaN,NaN,NaN,NaN,NaN,NaN,NaN,NaN,NaN,NaN,NaN,NaN,NaN,NaN,NaN,NaN,NaN,NaN,NaN,NaN,NaN,NaN,NaN,NaN,NaN,NaN,NaN,NaN,NaN,NaN,NaN,NaN,NaN,NaN,NaN,NaN,NaN,NaN,NaN,NaN,NaN,NaN,NaN,NaN,NaN,NaN,NaN,NaN,NaN,NaN,NaN,NaN,NaN,NaN,NaN,NaN,NaN,NaN,NaN,NaN,NaN,NaN,NaN,NaN,NaN,NaN,NaN,NaN,NaN,NaN,NaN,NaN,NaN,NaN,NaN,NaN,NaN,NaN,NaN,NaN,NaN,NaN,NaN,NaN,NaN,NaN,NaN,NaN,NaN,NaN,NaN,NaN,NaN,NaN,NaN,NaN,NaN,NaN,NaN,NaN,NaN,NaN,NaN,NaN,NaN,NaN,NaN,NaN,NaN,NaN,NaN,NaN,NaN,NaN,NaN,NaN,NaN,NaN,NaN,NaN,NaN,NaN,NaN,NaN,NaN,NaN,NaN,NaN,NaN,NaN,NaN,NaN,NaN,NaN,NaN,NaN,NaN,NaN,NaN,NaN,NaN,NaN,NaN,NaN,-0.111972827684943,-0.11810524947528,-0.117945883587383,NaN,NaN,NaN,NaN,NaN,NaN,NaN,NaN,NaN,NaN,NaN,NaN,NaN,NaN,NaN,NaN,NaN,NaN,NaN,NaN,NaN,NaN,NaN,NaN,NaN,NaN,NaN,NaN,NaN,NaN,NaN,NaN,NaN,NaN,NaN,NaN,NaN,NaN,NaN,NaN,NaN,NaN,NaN,NaN,NaN,NaN,NaN,NaN,NaN,NaN,NaN,NaN,NaN,NaN,NaN,NaN,NaN,NaN,NaN
NaN,NaN,NaN,NaN,NaN,NaN,NaN,NaN,NaN,NaN,NaN,NaN,NaN,NaN,NaN,NaN,NaN,NaN,NaN,NaN,NaN,NaN,NaN,NaN,NaN,NaN,NaN,NaN,NaN,NaN,NaN,NaN,NaN,NaN,NaN,NaN,NaN,NaN,NaN,NaN,NaN,NaN,NaN,NaN,NaN,NaN,NaN,NaN,NaN,NaN,NaN,NaN,NaN,NaN,NaN,NaN,NaN,NaN,NaN,NaN,NaN,NaN,NaN,NaN,NaN,NaN,NaN,NaN,NaN,NaN,NaN,NaN,NaN,NaN,NaN,NaN,NaN,NaN,NaN,NaN,NaN,NaN,NaN,NaN,NaN,NaN,NaN,NaN,NaN,NaN,NaN,NaN,NaN,NaN,NaN,NaN,NaN,NaN,NaN,NaN,NaN,NaN,NaN,NaN,NaN,NaN,NaN,NaN,NaN,NaN,NaN,NaN,NaN,NaN,NaN,NaN,NaN,NaN,NaN,NaN,NaN,NaN,NaN,NaN,NaN,NaN,NaN,NaN,NaN,NaN,NaN,NaN,NaN,NaN,NaN,NaN,NaN,NaN,NaN,NaN,NaN,NaN,NaN,NaN,NaN,NaN,NaN,NaN,NaN,NaN,NaN,NaN,NaN,NaN,NaN,NaN,NaN,NaN,NaN,NaN,NaN,NaN,NaN,NaN,NaN,NaN,NaN,NaN,NaN,NaN,NaN,NaN,NaN,NaN,NaN,NaN,NaN,NaN,NaN,NaN,NaN,NaN,NaN,-0.118216635033684,-0.118225292147529,NaN,NaN,NaN,NaN,NaN,NaN,NaN,NaN,NaN,NaN,NaN,NaN,NaN,NaN,NaN,NaN,NaN,NaN,NaN,NaN,NaN,NaN,NaN,NaN,NaN,NaN,NaN,NaN,NaN,NaN,NaN,NaN,NaN,NaN,NaN,NaN,NaN,NaN,NaN,NaN,NaN,NaN,NaN,NaN,NaN,NaN,NaN,NaN,NaN,NaN,NaN,NaN,NaN,NaN,NaN,NaN,NaN,NaN,NaN,NaN
NaN,NaN,NaN,NaN,NaN,NaN,NaN,NaN,NaN,NaN,NaN,NaN,NaN,NaN,NaN,NaN,NaN,NaN,NaN,NaN,NaN,NaN,NaN,NaN,NaN,NaN,NaN,NaN,NaN,NaN,NaN,NaN,NaN,NaN,NaN,NaN,NaN,NaN,NaN,NaN,NaN,NaN,NaN,NaN,NaN,NaN,NaN,NaN,NaN,NaN,NaN,NaN,NaN,NaN,NaN,NaN,NaN,NaN,NaN,NaN,NaN,NaN,NaN,NaN,NaN,NaN,NaN,NaN,NaN,NaN,NaN,NaN,NaN,NaN,NaN,NaN,NaN,NaN,NaN,NaN,NaN,NaN,NaN,NaN,NaN,NaN,NaN,NaN,NaN,NaN,NaN,NaN,NaN,NaN,NaN,NaN,NaN,NaN,NaN,NaN,NaN,NaN,NaN,NaN,NaN,NaN,NaN,NaN,NaN,NaN,NaN,NaN,NaN,NaN,NaN,NaN,NaN,NaN,NaN,NaN,NaN,NaN,NaN,NaN,NaN,NaN,NaN,NaN,NaN,NaN,NaN,NaN,NaN,NaN,NaN,NaN,NaN,NaN,NaN,NaN,NaN,NaN,NaN,NaN,NaN,NaN,NaN,NaN,NaN,NaN,NaN,NaN,NaN,NaN,NaN,NaN,NaN,NaN,NaN,NaN,NaN,NaN,NaN,NaN,NaN,NaN,NaN,NaN,NaN,NaN,NaN,NaN,NaN,NaN,NaN,NaN,NaN,NaN,NaN,NaN,NaN,NaN,NaN,-0.116482696865654,-0.118250694775373,NaN,NaN,NaN,NaN,NaN,NaN,NaN,NaN,NaN,NaN,NaN,NaN,NaN,NaN,NaN,NaN,NaN,NaN,NaN,NaN,NaN,NaN,NaN,NaN,NaN,NaN,NaN,NaN,NaN,NaN,NaN,NaN,NaN,NaN,NaN,NaN,NaN,NaN,NaN,NaN,NaN,NaN,NaN,NaN,NaN,NaN,NaN,NaN,NaN,NaN,NaN,NaN,NaN,NaN,NaN,NaN,NaN,NaN,NaN,NaN
NaN,NaN,NaN,NaN,NaN,NaN,NaN,NaN,NaN,NaN,NaN,NaN,NaN,NaN,NaN,NaN,NaN,NaN,NaN,NaN,NaN,NaN,NaN,NaN,NaN,NaN,NaN,NaN,NaN,NaN,NaN,NaN,NaN,NaN,NaN,NaN,NaN,NaN,NaN,NaN,NaN,NaN,NaN,NaN,NaN,NaN,NaN,NaN,NaN,NaN,NaN,NaN,NaN,NaN,NaN,NaN,NaN,NaN,NaN,NaN,NaN,NaN,NaN,NaN,NaN,NaN,NaN,NaN,NaN,NaN,NaN,NaN,NaN,NaN,NaN,NaN,NaN,NaN,NaN,NaN,NaN,NaN,NaN,NaN,NaN,NaN,NaN,NaN,NaN,NaN,NaN,NaN,NaN,NaN,NaN,NaN,NaN,NaN,NaN,NaN,NaN,NaN,NaN,NaN,NaN,NaN,NaN,NaN,NaN,NaN,NaN,NaN,NaN,NaN,NaN,NaN,NaN,NaN,NaN,NaN,NaN,NaN,NaN,NaN,NaN,NaN,NaN,NaN,NaN,NaN,NaN,NaN,NaN,NaN,NaN,NaN,NaN,NaN,NaN,NaN,NaN,NaN,NaN,NaN,NaN,NaN,NaN,NaN,NaN,NaN,NaN,NaN,NaN,NaN,NaN,NaN,NaN,NaN,NaN,NaN,NaN,NaN,NaN,NaN,NaN,NaN,NaN,NaN,NaN,NaN,NaN,NaN,NaN,NaN,NaN,NaN,NaN,NaN,NaN,NaN,NaN,NaN,NaN,-0.100257114399678,-0.11654216736598,NaN,NaN,NaN,NaN,NaN,NaN,NaN,NaN,NaN,NaN,NaN,NaN,NaN,NaN,NaN,NaN,NaN,NaN,NaN,NaN,NaN,NaN,NaN,NaN,NaN,NaN,NaN,NaN,NaN,NaN,NaN,NaN,NaN,NaN,NaN,NaN,NaN,NaN,NaN,NaN,NaN,NaN,NaN,NaN,NaN,NaN,NaN,NaN,NaN,NaN,NaN,NaN,NaN,NaN,NaN,NaN,NaN,NaN,NaN,NaN
NaN,NaN,NaN,NaN,NaN,NaN,NaN,NaN,NaN,NaN,NaN,NaN,NaN,NaN,NaN,NaN,NaN,NaN,NaN,NaN,NaN,NaN,NaN,NaN,NaN,NaN,NaN,NaN,NaN,NaN,NaN,NaN,NaN,NaN,NaN,NaN,NaN,NaN,NaN,NaN,NaN,NaN,NaN,NaN,NaN,NaN,NaN,NaN,NaN,NaN,NaN,NaN,NaN,NaN,NaN,NaN,NaN,NaN,NaN,NaN,NaN,NaN,NaN,NaN,NaN,NaN,NaN,NaN,NaN,NaN,NaN,NaN,NaN,NaN,NaN,NaN,NaN,NaN,NaN,NaN,NaN,NaN,NaN,NaN,NaN,NaN,NaN,NaN,NaN,NaN,NaN,NaN,NaN,NaN,NaN,NaN,NaN,NaN,NaN,NaN,NaN,NaN,NaN,NaN,NaN,NaN,NaN,NaN,NaN,NaN,NaN,NaN,NaN,NaN,NaN,NaN,NaN,NaN,NaN,NaN,NaN,NaN,NaN,NaN,NaN,NaN,NaN,NaN,NaN,NaN,NaN,NaN,NaN,NaN,NaN,NaN,NaN,NaN,NaN,NaN,NaN,NaN,NaN,NaN,NaN,NaN,NaN,NaN,NaN,NaN,NaN,NaN,NaN,NaN,NaN,NaN,NaN,NaN,NaN,NaN,NaN,NaN,NaN,NaN,NaN,NaN,NaN,NaN,NaN,NaN,NaN,NaN,NaN,NaN,NaN,NaN,NaN,NaN,NaN,NaN,NaN,NaN,-0.100370471940109,-0.100656143881115,-0.100297573361639,NaN,NaN,NaN,NaN,NaN,NaN,NaN,NaN,NaN,NaN,NaN,NaN,NaN,NaN,NaN,NaN,NaN,NaN,NaN,NaN,NaN,NaN,NaN,NaN,NaN,NaN,NaN,NaN,NaN,NaN,NaN,NaN,NaN,NaN,NaN,NaN,NaN,NaN,NaN,NaN,NaN,NaN,NaN,NaN,NaN,NaN,NaN,NaN,NaN,NaN,NaN,NaN,NaN,NaN,NaN,NaN,NaN,NaN,NaN,NaN
NaN,NaN,NaN,NaN,NaN,NaN,NaN,NaN,NaN,NaN,NaN,NaN,NaN,NaN,NaN,NaN,NaN,NaN,NaN,NaN,NaN,NaN,NaN,NaN,NaN,NaN,NaN,NaN,NaN,NaN,NaN,NaN,NaN,NaN,NaN,NaN,NaN,NaN,NaN,NaN,NaN,NaN,NaN,NaN,NaN,NaN,NaN,NaN,NaN,NaN,NaN,NaN,NaN,NaN,NaN,NaN,NaN,NaN,NaN,NaN,NaN,NaN,NaN,NaN,NaN,NaN,NaN,NaN,NaN,NaN,NaN,NaN,NaN,NaN,NaN,NaN,NaN,NaN,NaN,NaN,NaN,NaN,NaN,NaN,NaN,NaN,NaN,NaN,NaN,NaN,NaN,NaN,NaN,NaN,NaN,NaN,NaN,NaN,NaN,NaN,NaN,NaN,NaN,NaN,NaN,NaN,NaN,NaN,NaN,NaN,NaN,NaN,NaN,NaN,NaN,NaN,NaN,NaN,NaN,NaN,NaN,NaN,NaN,NaN,NaN,NaN,NaN,NaN,NaN,NaN,NaN,NaN,NaN,NaN,NaN,NaN,NaN,NaN,NaN,NaN,NaN,NaN,NaN,NaN,NaN,NaN,NaN,NaN,NaN,NaN,NaN,NaN,NaN,NaN,NaN,NaN,NaN,NaN,NaN,NaN,NaN,NaN,NaN,NaN,NaN,NaN,NaN,NaN,NaN,NaN,NaN,NaN,NaN,NaN,NaN,NaN,NaN,NaN,NaN,NaN,NaN,NaN,-0.10068665410822,-0.100687786227613,NaN,NaN,NaN,NaN,NaN,NaN,NaN,NaN,NaN,NaN,NaN,NaN,NaN,NaN,NaN,NaN,NaN,NaN,NaN,NaN,NaN,NaN,NaN,NaN,NaN,NaN,NaN,NaN,NaN,NaN,NaN,NaN,NaN,NaN,NaN,NaN,NaN,NaN,NaN,NaN,NaN,NaN,NaN,NaN,NaN,NaN,NaN,NaN,NaN,NaN,NaN,NaN,NaN,NaN,NaN,NaN,NaN,NaN,NaN,NaN,NaN
NaN,NaN,NaN,NaN,NaN,NaN,NaN,NaN,NaN,NaN,NaN,NaN,NaN,NaN,NaN,NaN,NaN,NaN,NaN,NaN,NaN,NaN,NaN,NaN,NaN,NaN,NaN,NaN,NaN,NaN,NaN,NaN,NaN,NaN,NaN,NaN,NaN,NaN,NaN,NaN,NaN,NaN,NaN,NaN,NaN,NaN,NaN,NaN,NaN,NaN,NaN,NaN,NaN,NaN,NaN,NaN,NaN,NaN,NaN,NaN,NaN,NaN,NaN,NaN,NaN,NaN,NaN,NaN,NaN,NaN,NaN,NaN,NaN,NaN,NaN,NaN,NaN,NaN,NaN,NaN,NaN,NaN,NaN,NaN,NaN,NaN,NaN,NaN,NaN,NaN,NaN,NaN,NaN,NaN,NaN,NaN,NaN,NaN,NaN,NaN,NaN,NaN,NaN,NaN,NaN,NaN,NaN,NaN,NaN,NaN,NaN,NaN,NaN,NaN,NaN,NaN,NaN,NaN,NaN,NaN,NaN,NaN,NaN,NaN,NaN,NaN,NaN,NaN,NaN,NaN,NaN,NaN,NaN,NaN,NaN,NaN,NaN,NaN,NaN,NaN,NaN,NaN,NaN,NaN,NaN,NaN,NaN,NaN,NaN,NaN,NaN,NaN,NaN,NaN,NaN,NaN,NaN,NaN,NaN,NaN,NaN,NaN,NaN,NaN,NaN,NaN,NaN,NaN,NaN,NaN,NaN,NaN,NaN,NaN,NaN,NaN,NaN,NaN,NaN,NaN,NaN,NaN,-0.100371341468357,-0.100697882614587,NaN,NaN,NaN,NaN,NaN,NaN,NaN,NaN,NaN,NaN,NaN,NaN,NaN,NaN,NaN,NaN,NaN,NaN,NaN,NaN,NaN,NaN,NaN,NaN,NaN,NaN,NaN,NaN,NaN,NaN,NaN,NaN,NaN,NaN,NaN,NaN,NaN,NaN,NaN,NaN,NaN,NaN,NaN,NaN,NaN,NaN,NaN,NaN,NaN,NaN,NaN,NaN,NaN,NaN,NaN,NaN,NaN,NaN,NaN,NaN,NaN
NaN,NaN,NaN,NaN,NaN,NaN,NaN,NaN,NaN,NaN,NaN,NaN,NaN,NaN,NaN,NaN,NaN,NaN,NaN,NaN,NaN,NaN,NaN,NaN,NaN,NaN,NaN,NaN,NaN,NaN,NaN,NaN,NaN,NaN,NaN,NaN,NaN,NaN,NaN,NaN,NaN,NaN,NaN,NaN,NaN,NaN,NaN,NaN,NaN,NaN,NaN,NaN,NaN,NaN,NaN,NaN,NaN,NaN,NaN,NaN,NaN,NaN,NaN,NaN,NaN,NaN,NaN,NaN,NaN,NaN,NaN,NaN,NaN,NaN,NaN,NaN,NaN,NaN,NaN,NaN,NaN,NaN,NaN,NaN,NaN,NaN,NaN,NaN,NaN,NaN,NaN,NaN,NaN,NaN,NaN,NaN,NaN,NaN,NaN,NaN,NaN,NaN,NaN,NaN,NaN,NaN,NaN,NaN,NaN,NaN,NaN,NaN,NaN,NaN,NaN,NaN,NaN,NaN,NaN,NaN,NaN,NaN,NaN,NaN,NaN,NaN,NaN,NaN,NaN,NaN,NaN,NaN,NaN,NaN,NaN,NaN,NaN,NaN,NaN,NaN,NaN,NaN,NaN,NaN,NaN,NaN,NaN,NaN,NaN,NaN,NaN,NaN,NaN,NaN,NaN,NaN,NaN,NaN,NaN,NaN,NaN,NaN,NaN,NaN,NaN,NaN,NaN,NaN,NaN,NaN,NaN,NaN,NaN,NaN,NaN,NaN,NaN,NaN,NaN,NaN,NaN,NaN,NaN,NaN,NaN,NaN,NaN,NaN,NaN,NaN,NaN,NaN,NaN,NaN,NaN,NaN,NaN,NaN,NaN,NaN,NaN,NaN,NaN,NaN,NaN,NaN,NaN,NaN,NaN,NaN,NaN,NaN,NaN,NaN,NaN,NaN,NaN,NaN,NaN,NaN,NaN,NaN,NaN,NaN,NaN,NaN,NaN,NaN,NaN,NaN,NaN,NaN,NaN,NaN,NaN,NaN,NaN,NaN,NaN,NaN,NaN,NaN,NaN,NaN,NaN
NaN,NaN,NaN,NaN,NaN,NaN,NaN,NaN,NaN,NaN,NaN,NaN,NaN,NaN,NaN,NaN,NaN,NaN,NaN,NaN,NaN,NaN,NaN,NaN,NaN,NaN,NaN,NaN,NaN,NaN,NaN,NaN,NaN,NaN,NaN,NaN,NaN,NaN,NaN,NaN,NaN,NaN,NaN,NaN,NaN,NaN,NaN,NaN,NaN,NaN,NaN,NaN,NaN,NaN,NaN,NaN,NaN,NaN,NaN,NaN,NaN,NaN,NaN,NaN,NaN,NaN,NaN,NaN,NaN,NaN,NaN,NaN,NaN,NaN,NaN,NaN,NaN,NaN,NaN,NaN,NaN,NaN,NaN,NaN,NaN,NaN,NaN,NaN,NaN,NaN,NaN,NaN,NaN,NaN,NaN,NaN,NaN,NaN,NaN,NaN,NaN,NaN,NaN,NaN,NaN,NaN,NaN,NaN,NaN,NaN,NaN,NaN,NaN,NaN,NaN,NaN,NaN,NaN,NaN,NaN,NaN,NaN,NaN,NaN,NaN,NaN,NaN,NaN,NaN,NaN,NaN,NaN,NaN,NaN,NaN,NaN,NaN,NaN,NaN,NaN,NaN,NaN,NaN,NaN,NaN,NaN,NaN,NaN,NaN,NaN,NaN,NaN,NaN,NaN,NaN,NaN,NaN,NaN,NaN,NaN,NaN,NaN,NaN,NaN,NaN,NaN,NaN,NaN,NaN,NaN,NaN,NaN,NaN,NaN,NaN,NaN,NaN,NaN,NaN,NaN,NaN,NaN,NaN,NaN,NaN,NaN,NaN,NaN,NaN,NaN,NaN,NaN,NaN,NaN,NaN,NaN,NaN,NaN,NaN,NaN,NaN,NaN,NaN,NaN,NaN,NaN,NaN,NaN,NaN,NaN,NaN,NaN,NaN,NaN,NaN,NaN,NaN,NaN,NaN,NaN,NaN,NaN,NaN,NaN,NaN,NaN,NaN,NaN,NaN,NaN,NaN,NaN,NaN,NaN,NaN,NaN,NaN,NaN,NaN,NaN,NaN,NaN,NaN,NaN,NaN
NaN,NaN,NaN,NaN,NaN,NaN,NaN,NaN,NaN,NaN,NaN,NaN,NaN,NaN,NaN,NaN,NaN,NaN,NaN,NaN,NaN,NaN,NaN,NaN,NaN,NaN,NaN,NaN,NaN,NaN,NaN,NaN,NaN,NaN,NaN,NaN,NaN,NaN,NaN,NaN,NaN,NaN,NaN,NaN,NaN,NaN,NaN,NaN,NaN,NaN,NaN,NaN,NaN,NaN,NaN,NaN,NaN,NaN,NaN,NaN,NaN,NaN,NaN,NaN,NaN,NaN,NaN,NaN,NaN,NaN,NaN,NaN,NaN,NaN,NaN,NaN,NaN,NaN,NaN,NaN,NaN,NaN,NaN,NaN,NaN,NaN,NaN,NaN,NaN,NaN,NaN,NaN,NaN,NaN,NaN,NaN,NaN,NaN,NaN,NaN,NaN,NaN,NaN,NaN,NaN,NaN,NaN,NaN,NaN,NaN,NaN,NaN,NaN,NaN,NaN,NaN,NaN,NaN,NaN,NaN,NaN,NaN,NaN,NaN,NaN,NaN,NaN,NaN,NaN,NaN,NaN,NaN,NaN,NaN,NaN,NaN,NaN,NaN,NaN,NaN,NaN,NaN,NaN,NaN,NaN,NaN,NaN,NaN,NaN,NaN,NaN,NaN,NaN,NaN,NaN,NaN,NaN,NaN,NaN,NaN,NaN,NaN,NaN,NaN,NaN,NaN,NaN,NaN,NaN,NaN,NaN,NaN,NaN,NaN,NaN,NaN,NaN,NaN,NaN,NaN,NaN,NaN,NaN,NaN,NaN,NaN,NaN,NaN,NaN,NaN,NaN,NaN,NaN,NaN,NaN,NaN,NaN,NaN,NaN,NaN,NaN,NaN,NaN,NaN,NaN,NaN,NaN,NaN,NaN,NaN,NaN,NaN,NaN,NaN,NaN,NaN,NaN,NaN,NaN,NaN,NaN,NaN,NaN,NaN,NaN,NaN,NaN,NaN,NaN,NaN,NaN,NaN,NaN,NaN,NaN,NaN,NaN,NaN,NaN,NaN,NaN,NaN,NaN,NaN,NaN
NaN,NaN,NaN,NaN,NaN,NaN,NaN,NaN,NaN,NaN,NaN,NaN,NaN,NaN,NaN,NaN,NaN,NaN,NaN,NaN,NaN,NaN,NaN,NaN,NaN,NaN,NaN,NaN,NaN,NaN,NaN,NaN,NaN,NaN,NaN,NaN,NaN,NaN,NaN,NaN,NaN,NaN,NaN,NaN,NaN,NaN,NaN,NaN,NaN,NaN,NaN,NaN,NaN,NaN,NaN,NaN,NaN,NaN,NaN,NaN,NaN,NaN,NaN,NaN,NaN,NaN,NaN,NaN,NaN,NaN,NaN,NaN,NaN,NaN,NaN,NaN,NaN,NaN,NaN,NaN,NaN,NaN,NaN,NaN,NaN,NaN,NaN,NaN,NaN,NaN,NaN,NaN,NaN,NaN,NaN,NaN,NaN,NaN,NaN,NaN,NaN,NaN,NaN,NaN,NaN,NaN,NaN,NaN,NaN,NaN,NaN,NaN,NaN,NaN,NaN,NaN,NaN,NaN,NaN,NaN,NaN,NaN,NaN,NaN,NaN,NaN,NaN,NaN,NaN,NaN,NaN,NaN,NaN,NaN,NaN,NaN,NaN,NaN,NaN,NaN,NaN,NaN,NaN,NaN,NaN,NaN,NaN,NaN,NaN,NaN,NaN,NaN,NaN,NaN,NaN,NaN,NaN,NaN,NaN,NaN,NaN,NaN,NaN,NaN,NaN,NaN,NaN,NaN,NaN,NaN,NaN,NaN,NaN,NaN,NaN,NaN,NaN,NaN,NaN,NaN,NaN,NaN,NaN,NaN,NaN,NaN,NaN,NaN,NaN,NaN,NaN,NaN,NaN,NaN,NaN,NaN,NaN,NaN,NaN,NaN,NaN,NaN,NaN,NaN,NaN,NaN,NaN,NaN,NaN,NaN,NaN,NaN,NaN,NaN,NaN,NaN,NaN,NaN,NaN,NaN,NaN,NaN,NaN,NaN,NaN,NaN,NaN,NaN,NaN,NaN,NaN,NaN,NaN,NaN,NaN,NaN,NaN,NaN,NaN,NaN,NaN,NaN,NaN,NaN,NaN
NaN,NaN,NaN,NaN,NaN,NaN,NaN,NaN,NaN,NaN,NaN,NaN,NaN,NaN,NaN,NaN,NaN,NaN,NaN,NaN,NaN,NaN,NaN,NaN,NaN,NaN,NaN,NaN,NaN,NaN,NaN,NaN,NaN,NaN,NaN,NaN,NaN,NaN,NaN,NaN,NaN,NaN,NaN,NaN,NaN,NaN,NaN,NaN,NaN,NaN,NaN,NaN,NaN,NaN,NaN,NaN,NaN,NaN,NaN,NaN,NaN,NaN,NaN,NaN,NaN,NaN,NaN,NaN,NaN,NaN,NaN,NaN,NaN,NaN,NaN,NaN,NaN,NaN,NaN,NaN,NaN,NaN,NaN,NaN,NaN,NaN,NaN,NaN,NaN,NaN,NaN,NaN,NaN,NaN,NaN,NaN,NaN,NaN,NaN,NaN,NaN,NaN,NaN,NaN,NaN,NaN,NaN,NaN,NaN,NaN,NaN,NaN,NaN,NaN,NaN,NaN,NaN,NaN,NaN,NaN,NaN,NaN,NaN,NaN,NaN,NaN,NaN,NaN,NaN,NaN,NaN,NaN,NaN,NaN,NaN,NaN,NaN,NaN,NaN,NaN,NaN,NaN,NaN,NaN,NaN,NaN,NaN,NaN,NaN,NaN,NaN,NaN,NaN,NaN,NaN,NaN,NaN,NaN,NaN,NaN,NaN,NaN,NaN,NaN,NaN,NaN,NaN,NaN,NaN,NaN,NaN,NaN,NaN,NaN,NaN,NaN,NaN,NaN,NaN,NaN,NaN,NaN,NaN,NaN,NaN,NaN,NaN,NaN,NaN,NaN,NaN,NaN,NaN,NaN,NaN,NaN,NaN,NaN,NaN,NaN,NaN,NaN,NaN,NaN,NaN,NaN,NaN,NaN,NaN,NaN,NaN,NaN,NaN,NaN,NaN,NaN,NaN,NaN,NaN,NaN,NaN,NaN,NaN,NaN,NaN,NaN,NaN,NaN,NaN,NaN,NaN,NaN,NaN,NaN,NaN,NaN,NaN,NaN,NaN,NaN,NaN,NaN,NaN,NaN,NaN
NaN,NaN,NaN,NaN,NaN,NaN,NaN,NaN,NaN,NaN,NaN,NaN,NaN,NaN,NaN,NaN,NaN,NaN,NaN,NaN,NaN,NaN,NaN,NaN,NaN,NaN,NaN,NaN,NaN,NaN,NaN,NaN,NaN,NaN,NaN,NaN,NaN,NaN,NaN,NaN,NaN,NaN,NaN,NaN,NaN,NaN,NaN,NaN,NaN,NaN,NaN,NaN,NaN,NaN,NaN,NaN,NaN,NaN,NaN,NaN,NaN,NaN,NaN,NaN,NaN,NaN,NaN,NaN,NaN,NaN,NaN,NaN,NaN,NaN,NaN,NaN,NaN,NaN,NaN,NaN,NaN,NaN,NaN,NaN,NaN,NaN,NaN,NaN,NaN,NaN,NaN,NaN,NaN,NaN,NaN,NaN,NaN,NaN,NaN,NaN,NaN,NaN,NaN,NaN,NaN,NaN,NaN,NaN,NaN,NaN,NaN,NaN,NaN,NaN,NaN,NaN,NaN,NaN,NaN,NaN,NaN,NaN,NaN,NaN,NaN,NaN,NaN,NaN,NaN,NaN,NaN,NaN,NaN,NaN,NaN,NaN,NaN,NaN,NaN,NaN,NaN,NaN,NaN,NaN,NaN,NaN,NaN,NaN,NaN,NaN,NaN,NaN,NaN,NaN,NaN,NaN,NaN,NaN,NaN,NaN,NaN,NaN,NaN,NaN,NaN,NaN,NaN,NaN,NaN,NaN,NaN,NaN,NaN,NaN,NaN,NaN,NaN,NaN,NaN,NaN,NaN,NaN,NaN,NaN,NaN,NaN,NaN,NaN,NaN,NaN,NaN,NaN,NaN,NaN,NaN,NaN,NaN,NaN,NaN,NaN,NaN,NaN,NaN,NaN,NaN,NaN,NaN,NaN,NaN,NaN,NaN,NaN,NaN,NaN,NaN,NaN,NaN,NaN,NaN,NaN,NaN,NaN,NaN,NaN,NaN,NaN,NaN,NaN,NaN,NaN,NaN,NaN,NaN,NaN,NaN,NaN,NaN,NaN,NaN,NaN,NaN,NaN,NaN,NaN,NaN
NaN,NaN,NaN,NaN,NaN,NaN,NaN,NaN,NaN,NaN,NaN,NaN,NaN,NaN,NaN,NaN,NaN,NaN,NaN,NaN,NaN,NaN,NaN,NaN,NaN,NaN,NaN,NaN,NaN,NaN,NaN,NaN,NaN,NaN,NaN,NaN,NaN,NaN,NaN,NaN,NaN,NaN,NaN,NaN,NaN,NaN,NaN,NaN,NaN,NaN,NaN,NaN,NaN,NaN,NaN,NaN,NaN,NaN,NaN,NaN,NaN,NaN,NaN,NaN,NaN,NaN,NaN,NaN,NaN,NaN,NaN,NaN,NaN,NaN,NaN,NaN,NaN,NaN,NaN,NaN,NaN,NaN,NaN,NaN,NaN,NaN,NaN,NaN,NaN,NaN,NaN,NaN,NaN,NaN,NaN,NaN,NaN,NaN,NaN,NaN,NaN,NaN,NaN,NaN,NaN,NaN,NaN,NaN,NaN,NaN,NaN,NaN,NaN,NaN,NaN,NaN,NaN,NaN,NaN,NaN,NaN,NaN,NaN,NaN,NaN,NaN,NaN,NaN,NaN,NaN,NaN,NaN,NaN,NaN,NaN,NaN,NaN,NaN,NaN,NaN,NaN,NaN,NaN,NaN,NaN,NaN,NaN,NaN,NaN,NaN,NaN,NaN,NaN,NaN,NaN,NaN,NaN,NaN,NaN,NaN,NaN,NaN,NaN,NaN,NaN,NaN,NaN,NaN,NaN,NaN,NaN,NaN,NaN,NaN,NaN,NaN,NaN,NaN,NaN,NaN,NaN,NaN,NaN,NaN,NaN,NaN,NaN,NaN,NaN,NaN,NaN,NaN,NaN,NaN,NaN,NaN,NaN,NaN,NaN,NaN,NaN,NaN,NaN,NaN,NaN,NaN,NaN,NaN,NaN,NaN,NaN,NaN,NaN,NaN,NaN,NaN,NaN,NaN,NaN,NaN,NaN,NaN,NaN,NaN,NaN,NaN,NaN,NaN,NaN,NaN,NaN,NaN,NaN,NaN,NaN,NaN,NaN,NaN,NaN,NaN,NaN,NaN,NaN,NaN,NaN
NaN,NaN,NaN,NaN,NaN,NaN,NaN,NaN,NaN,NaN,NaN,NaN,NaN,NaN,NaN,NaN,NaN,NaN,NaN,NaN,NaN,NaN,NaN,NaN,NaN,NaN,NaN,NaN,NaN,NaN,NaN,NaN,NaN,NaN,NaN,NaN,NaN,NaN,NaN,NaN,NaN,NaN,NaN,NaN,NaN,NaN,NaN,NaN,NaN,NaN,NaN,NaN,NaN,NaN,NaN,NaN,NaN,NaN,NaN,NaN,NaN,NaN,NaN,NaN,NaN,NaN,NaN,NaN,NaN,NaN,NaN,NaN,NaN,NaN,NaN,NaN,NaN,NaN,NaN,NaN,NaN,NaN,NaN,NaN,NaN,NaN,NaN,NaN,NaN,NaN,NaN,NaN,NaN,NaN,NaN,NaN,NaN,NaN,NaN,NaN,NaN,NaN,NaN,NaN,NaN,NaN,NaN,NaN,NaN,NaN,NaN,NaN,NaN,NaN,NaN,NaN,NaN,NaN,NaN,NaN,NaN,NaN,NaN,NaN,NaN,NaN,NaN,NaN,NaN,NaN,NaN,NaN,NaN,NaN,NaN,NaN,NaN,NaN,NaN,NaN,NaN,NaN,NaN,NaN,NaN,NaN,NaN,NaN,NaN,NaN,NaN,NaN,NaN,NaN,NaN,NaN,NaN,NaN,NaN,NaN,NaN,NaN,NaN,NaN,NaN,NaN,NaN,NaN,NaN,NaN,NaN,NaN,NaN,NaN,NaN,NaN,NaN,NaN,NaN,NaN,NaN,NaN,NaN,NaN,NaN,NaN,NaN,NaN,NaN,NaN,NaN,NaN,NaN,NaN,NaN,NaN,NaN,NaN,NaN,NaN,NaN,NaN,NaN,NaN,NaN,NaN,NaN,NaN,NaN,NaN,NaN,NaN,NaN,NaN,NaN,NaN,NaN,NaN,NaN,NaN,NaN,NaN,NaN,NaN,NaN,NaN,NaN,NaN,NaN,NaN,NaN,NaN,NaN,NaN,NaN,NaN,NaN,NaN,NaN,NaN,NaN,NaN,NaN,NaN,NaN
NaN,NaN,NaN,NaN,NaN,NaN,NaN,NaN,NaN,NaN,NaN,NaN,NaN,NaN,NaN,NaN,NaN,NaN,NaN,NaN,NaN,NaN,NaN,NaN,NaN,NaN,NaN,NaN,NaN,NaN,NaN,NaN,NaN,NaN,NaN,NaN,NaN,NaN,NaN,NaN,NaN,NaN,NaN,NaN,NaN,NaN,NaN,NaN,NaN,NaN,NaN,NaN,NaN,NaN,NaN,NaN,NaN,NaN,NaN,NaN,NaN,NaN,NaN,NaN,NaN,NaN,NaN,NaN,NaN,NaN,NaN,NaN,NaN,NaN,NaN,NaN,NaN,NaN,NaN,NaN,NaN,NaN,NaN,NaN,NaN,NaN,NaN,NaN,NaN,NaN,NaN,NaN,NaN,NaN,NaN,NaN,NaN,NaN,NaN,NaN,NaN,NaN,NaN,NaN,NaN,NaN,NaN,NaN,NaN,NaN,NaN,NaN,NaN,NaN,NaN,NaN,NaN,NaN,NaN,NaN,NaN,NaN,NaN,NaN,NaN,NaN,NaN,NaN,NaN,NaN,NaN,NaN,NaN,NaN,NaN,NaN,NaN,NaN,NaN,NaN,NaN,NaN,NaN,NaN,NaN,NaN,NaN,NaN,NaN,NaN,NaN,NaN,NaN,NaN,NaN,NaN,NaN,NaN,NaN,NaN,NaN,NaN,NaN,NaN,NaN,NaN,NaN,NaN,NaN,NaN,NaN,NaN,NaN,NaN,NaN,NaN,NaN,NaN,NaN,NaN,NaN,NaN,NaN,NaN,NaN,NaN,NaN,NaN,NaN,NaN,NaN,NaN,NaN,NaN,NaN,NaN,NaN,NaN,NaN,NaN,NaN,NaN,NaN,NaN,NaN,NaN,NaN,NaN,NaN,NaN,NaN,NaN,NaN,NaN,NaN,NaN,NaN,NaN,NaN,NaN,NaN,NaN,NaN,NaN,NaN,NaN,NaN,NaN,NaN,NaN,NaN,NaN,NaN,NaN,NaN,NaN,NaN,NaN,NaN,NaN,NaN,NaN,NaN,NaN,NaN
NaN,NaN,NaN,NaN,NaN,NaN,NaN,NaN,NaN,NaN,NaN,NaN,NaN,NaN,NaN,NaN,NaN,NaN,NaN,NaN,NaN,NaN,NaN,NaN,NaN,NaN,NaN,NaN,NaN,NaN,NaN,NaN,NaN,NaN,NaN,NaN,NaN,NaN,NaN,NaN,NaN,NaN,NaN,NaN,NaN,NaN,NaN,NaN,NaN,NaN,NaN,NaN,NaN,NaN,NaN,NaN,NaN,NaN,NaN,NaN,NaN,NaN,NaN,NaN,NaN,NaN,NaN,NaN,NaN,NaN,NaN,NaN,NaN,NaN,NaN,NaN,NaN,NaN,NaN,NaN,NaN,NaN,NaN,NaN,NaN,NaN,NaN,NaN,NaN,NaN,NaN,NaN,NaN,NaN,NaN,NaN,NaN,NaN,NaN,NaN,NaN,NaN,NaN,NaN,NaN,NaN,NaN,NaN,NaN,NaN,NaN,NaN,NaN,NaN,NaN,NaN,NaN,NaN,NaN,NaN,NaN,NaN,NaN,NaN,NaN,NaN,NaN,NaN,NaN,NaN,NaN,NaN,NaN,NaN,NaN,NaN,NaN,NaN,NaN,NaN,NaN,NaN,NaN,NaN,NaN,NaN,NaN,NaN,NaN,NaN,NaN,NaN,NaN,NaN,NaN,NaN,NaN,NaN,NaN,NaN,NaN,NaN,NaN,NaN,NaN,NaN,NaN,NaN,NaN,NaN,NaN,NaN,NaN,NaN,NaN,NaN,NaN,NaN,NaN,NaN,NaN,NaN,NaN,NaN,NaN,NaN,NaN,NaN,NaN,NaN,NaN,NaN,NaN,NaN,NaN,NaN,NaN,NaN,NaN,NaN,NaN,NaN,NaN,NaN,NaN,NaN,NaN,NaN,NaN,NaN,NaN,NaN,NaN,NaN,NaN,NaN,NaN,NaN,NaN,NaN,NaN,NaN,NaN,NaN,NaN,NaN,NaN,NaN,NaN,NaN,NaN,NaN,NaN,NaN,NaN,NaN,NaN,NaN,NaN,NaN,NaN,NaN,NaN,NaN,NaN
NaN,NaN,NaN,NaN,NaN,NaN,NaN,NaN,NaN,NaN,NaN,NaN,NaN,NaN,NaN,NaN,NaN,NaN,NaN,NaN,NaN,NaN,NaN,NaN,NaN,NaN,NaN,NaN,NaN,NaN,NaN,NaN,NaN,NaN,NaN,NaN,NaN,NaN,NaN,NaN,NaN,NaN,NaN,NaN,NaN,NaN,NaN,NaN,NaN,NaN,NaN,NaN,NaN,NaN,NaN,NaN,NaN,NaN,NaN,NaN,NaN,NaN,NaN,NaN,NaN,NaN,NaN,NaN,NaN,NaN,NaN,NaN,NaN,NaN,NaN,NaN,NaN,NaN,NaN,NaN,NaN,NaN,NaN,NaN,NaN,NaN,NaN,NaN,NaN,NaN,NaN,NaN,NaN,NaN,NaN,NaN,NaN,NaN,NaN,NaN,NaN,NaN,NaN,NaN,NaN,NaN,NaN,NaN,NaN,NaN,NaN,NaN,NaN,NaN,NaN,NaN,NaN,NaN,NaN,NaN,NaN,NaN,NaN,NaN,NaN,NaN,NaN,NaN,NaN,NaN,NaN,NaN,NaN,NaN,NaN,NaN,NaN,NaN,NaN,NaN,NaN,NaN,NaN,NaN,NaN,NaN,NaN,NaN,NaN,NaN,NaN,NaN,NaN,NaN,NaN,NaN,NaN,NaN,NaN,NaN,NaN,NaN,NaN,NaN,NaN,NaN,NaN,NaN,NaN,NaN,NaN,NaN,NaN,NaN,NaN,NaN,NaN,NaN,NaN,NaN,NaN,NaN,NaN,NaN,NaN,NaN,NaN,NaN,NaN,NaN,NaN,NaN,NaN,NaN,NaN,NaN,NaN,NaN,NaN,NaN,NaN,NaN,NaN,NaN,NaN,NaN,NaN,NaN,NaN,NaN,NaN,NaN,NaN,NaN,NaN,NaN,NaN,NaN,NaN,NaN,NaN,NaN,NaN,NaN,NaN,NaN,NaN,NaN,NaN,NaN,NaN,NaN,NaN,NaN,NaN,NaN,NaN,NaN,NaN,NaN,NaN,NaN,NaN,NaN,NaN
NaN,NaN,NaN,NaN,NaN,NaN,NaN,NaN,NaN,NaN,NaN,NaN,NaN,NaN,NaN,NaN,NaN,NaN,NaN,NaN,NaN,NaN,NaN,NaN,NaN,NaN,NaN,NaN,NaN,NaN,NaN,NaN,NaN,NaN,NaN,NaN,NaN,NaN,NaN,NaN,NaN,NaN,NaN,NaN,NaN,NaN,NaN,NaN,NaN,NaN,NaN,NaN,NaN,NaN,NaN,NaN,NaN,NaN,NaN,NaN,NaN,NaN,NaN,NaN,NaN,NaN,NaN,NaN,NaN,NaN,NaN,NaN,NaN,NaN,NaN,NaN,NaN,NaN,NaN,NaN,NaN,NaN,NaN,NaN,NaN,NaN,NaN,NaN,NaN,NaN,NaN,NaN,NaN,NaN,NaN,NaN,NaN,NaN,NaN,NaN,NaN,NaN,NaN,NaN,NaN,NaN,NaN,NaN,NaN,NaN,NaN,NaN,NaN,NaN,NaN,NaN,NaN,NaN,NaN,NaN,NaN,NaN,NaN,NaN,NaN,NaN,NaN,NaN,NaN,NaN,NaN,NaN,NaN,NaN,NaN,NaN,NaN,NaN,NaN,NaN,NaN,NaN,NaN,NaN,NaN,NaN,NaN,NaN,NaN,NaN,NaN,NaN,NaN,NaN,NaN,NaN,NaN,NaN,NaN,NaN,NaN,NaN,NaN,NaN,NaN,NaN,NaN,NaN,NaN,NaN,NaN,NaN,NaN,NaN,NaN,NaN,NaN,NaN,NaN,NaN,NaN,NaN,NaN,NaN,NaN,NaN,NaN,NaN,NaN,NaN,NaN,NaN,NaN,NaN,NaN,NaN,NaN,NaN,NaN,NaN,NaN,NaN,NaN,NaN,NaN,NaN,NaN,NaN,NaN,NaN,NaN,NaN,NaN,NaN,NaN,NaN,NaN,NaN,NaN,NaN,NaN,NaN,NaN,NaN,NaN,NaN,NaN,NaN,NaN,NaN,NaN,NaN,NaN,NaN,NaN,NaN,NaN,NaN,NaN,NaN,NaN,NaN,NaN,NaN,NaN
NaN,NaN,NaN,NaN,NaN,NaN,NaN,NaN,NaN,NaN,NaN,NaN,NaN,NaN,NaN,NaN,NaN,NaN,NaN,NaN,NaN,NaN,NaN,NaN,NaN,NaN,NaN,NaN,NaN,NaN,NaN,NaN,NaN,NaN,NaN,NaN,NaN,NaN,NaN,NaN,NaN,NaN,NaN,NaN,NaN,NaN,NaN,NaN,NaN,NaN,NaN,NaN,NaN,NaN,NaN,NaN,NaN,NaN,NaN,NaN,NaN,NaN,NaN,NaN,NaN,NaN,NaN,NaN,NaN,NaN,NaN,NaN,NaN,NaN,NaN,NaN,NaN,NaN,NaN,NaN,NaN,NaN,NaN,NaN,NaN,NaN,NaN,NaN,NaN,NaN,NaN,NaN,NaN,NaN,NaN,NaN,NaN,NaN,NaN,NaN,NaN,NaN,NaN,NaN,NaN,NaN,NaN,NaN,NaN,NaN,NaN,NaN,NaN,NaN,NaN,NaN,NaN,NaN,NaN,NaN,NaN,NaN,NaN,NaN,NaN,NaN,NaN,NaN,NaN,NaN,NaN,NaN,NaN,NaN,NaN,NaN,NaN,NaN,NaN,NaN,NaN,NaN,NaN,NaN,NaN,NaN,NaN,NaN,NaN,NaN,NaN,NaN,NaN,NaN,NaN,NaN,NaN,NaN,NaN,NaN,NaN,NaN,NaN,NaN,NaN,NaN,NaN,NaN,NaN,NaN,NaN,NaN,NaN,NaN,NaN,NaN,NaN,NaN,NaN,NaN,NaN,NaN,NaN,NaN,NaN,NaN,NaN,NaN,NaN,NaN,NaN,NaN,NaN,NaN,NaN,NaN,NaN,NaN,NaN,NaN,NaN,NaN,NaN,NaN,NaN,NaN,NaN,NaN,NaN,NaN,NaN,NaN,NaN,NaN,NaN,NaN,NaN,NaN,NaN,NaN,NaN,NaN,NaN,NaN,NaN,NaN,NaN,NaN,NaN,NaN,NaN,NaN,NaN,NaN,NaN,NaN,NaN,NaN,NaN,NaN,NaN,NaN,NaN,NaN,NaN
NaN,NaN,NaN,NaN,NaN,NaN,NaN,NaN,NaN,NaN,NaN,NaN,NaN,NaN,NaN,NaN,NaN,NaN,NaN,NaN,NaN,NaN,NaN,NaN,NaN,NaN,NaN,NaN,NaN,NaN,NaN,NaN,NaN,NaN,NaN,NaN,NaN,NaN,NaN,NaN,NaN,NaN,NaN,NaN,NaN,NaN,NaN,NaN,NaN,NaN,NaN,NaN,NaN,NaN,NaN,NaN,NaN,NaN,NaN,NaN,NaN,NaN,NaN,NaN,NaN,NaN,NaN,NaN,NaN,NaN,NaN,NaN,NaN,NaN,NaN,NaN,NaN,NaN,NaN,NaN,NaN,NaN,NaN,NaN,NaN,NaN,NaN,NaN,NaN,NaN,NaN,NaN,NaN,NaN,NaN,NaN,NaN,NaN,NaN,NaN,NaN,NaN,NaN,NaN,NaN,NaN,NaN,NaN,NaN,NaN,NaN,NaN,NaN,NaN,NaN,NaN,NaN,NaN,NaN,NaN,NaN,NaN,NaN,NaN,NaN,NaN,NaN,NaN,NaN,NaN,NaN,NaN,NaN,NaN,NaN,NaN,NaN,NaN,NaN,NaN,NaN,NaN,NaN,NaN,NaN,NaN,NaN,NaN,NaN,NaN,NaN,NaN,NaN,NaN,NaN,NaN,NaN,NaN,NaN,NaN,NaN,NaN,NaN,NaN,NaN,NaN,NaN,NaN,NaN,NaN,NaN,NaN,NaN,NaN,NaN,NaN,NaN,NaN,NaN,NaN,NaN,NaN,NaN,NaN,NaN,NaN,NaN,NaN,NaN,NaN,NaN,NaN,NaN,NaN,NaN,NaN,NaN,NaN,NaN,NaN,NaN,NaN,NaN,NaN,NaN,NaN,NaN,NaN,NaN,NaN,NaN,NaN,NaN,NaN,NaN,NaN,NaN,NaN,NaN,NaN,NaN,NaN,NaN,NaN,NaN,NaN,NaN,NaN,NaN,NaN,NaN,NaN,NaN,NaN,NaN,NaN,NaN,NaN,NaN,NaN,NaN,NaN,NaN,NaN,NaN
NaN,NaN,NaN,NaN,NaN,NaN,NaN,NaN,NaN,NaN,NaN,NaN,NaN,NaN,NaN,NaN,NaN,NaN,NaN,NaN,NaN,NaN,NaN,NaN,NaN,NaN,NaN,NaN,NaN,NaN,NaN,NaN,NaN,NaN,NaN,NaN,NaN,NaN,NaN,NaN,NaN,NaN,NaN,NaN,NaN,NaN,NaN,NaN,NaN,NaN,NaN,NaN,NaN,NaN,NaN,NaN,NaN,NaN,NaN,NaN,NaN,NaN,NaN,NaN,NaN,NaN,NaN,NaN,NaN,NaN,NaN,NaN,NaN,NaN,NaN,NaN,NaN,NaN,NaN,NaN,NaN,NaN,NaN,NaN,NaN,NaN,NaN,NaN,NaN,NaN,NaN,NaN,NaN,NaN,NaN,NaN,NaN,NaN,NaN,NaN,NaN,NaN,NaN,NaN,NaN,NaN,NaN,NaN,NaN,NaN,NaN,NaN,NaN,NaN,NaN,NaN,NaN,NaN,NaN,NaN,NaN,NaN,NaN,NaN,NaN,NaN,NaN,NaN,NaN,NaN,NaN,NaN,NaN,NaN,NaN,NaN,NaN,NaN,NaN,NaN,NaN,NaN,NaN,NaN,NaN,NaN,NaN,NaN,NaN,NaN,NaN,NaN,NaN,NaN,NaN,NaN,NaN,NaN,NaN,NaN,NaN,NaN,NaN,NaN,NaN,NaN,NaN,NaN,NaN,NaN,NaN,NaN,NaN,NaN,NaN,NaN,NaN,NaN,NaN,NaN,NaN,NaN,NaN,NaN,NaN,NaN,NaN,NaN,NaN,NaN,NaN,NaN,NaN,NaN,NaN,NaN,NaN,NaN,NaN,NaN,NaN,NaN,NaN,NaN,NaN,NaN,NaN,NaN,NaN,NaN,NaN,NaN,NaN,NaN,NaN,NaN,NaN,NaN,NaN,NaN,NaN,NaN,NaN,NaN,NaN,NaN,NaN,NaN,NaN,NaN,NaN,NaN,NaN,NaN,NaN,NaN,NaN,NaN,NaN,NaN,NaN,NaN,NaN,NaN,NaN
NaN,NaN,NaN,NaN,NaN,NaN,NaN,NaN,NaN,NaN,NaN,NaN,NaN,NaN,NaN,NaN,NaN,NaN,NaN,NaN,NaN,NaN,NaN,NaN,NaN,NaN,NaN,NaN,NaN,NaN,NaN,NaN,NaN,NaN,NaN,NaN,NaN,NaN,NaN,NaN,NaN,NaN,NaN,NaN,NaN,NaN,NaN,NaN,NaN,NaN,NaN,NaN,NaN,NaN,NaN,NaN,NaN,NaN,NaN,NaN,NaN,NaN,NaN,NaN,NaN,NaN,NaN,NaN,NaN,NaN,NaN,NaN,NaN,NaN,NaN,NaN,NaN,NaN,NaN,NaN,NaN,NaN,NaN,NaN,NaN,NaN,NaN,NaN,NaN,NaN,NaN,NaN,NaN,NaN,NaN,NaN,NaN,NaN,NaN,NaN,NaN,NaN,NaN,NaN,NaN,NaN,NaN,NaN,NaN,NaN,NaN,NaN,NaN,NaN,NaN,NaN,NaN,NaN,NaN,NaN,NaN,NaN,NaN,NaN,NaN,NaN,NaN,NaN,NaN,NaN,NaN,NaN,NaN,NaN,NaN,NaN,NaN,NaN,NaN,NaN,NaN,NaN,NaN,NaN,NaN,NaN,NaN,NaN,NaN,NaN,NaN,NaN,NaN,NaN,NaN,NaN,NaN,NaN,NaN,NaN,NaN,NaN,NaN,NaN,NaN,NaN,NaN,NaN,NaN,NaN,NaN,NaN,NaN,NaN,NaN,NaN,NaN,NaN,NaN,NaN,NaN,NaN,NaN,NaN,NaN,NaN,NaN,NaN,NaN,NaN,NaN,NaN,NaN,NaN,NaN,NaN,NaN,NaN,NaN,NaN,NaN,NaN,NaN,NaN,NaN,NaN,NaN,NaN,NaN,NaN,NaN,NaN,NaN,NaN,NaN,NaN,NaN,NaN,NaN,NaN,NaN,NaN,NaN,NaN,NaN,NaN,NaN,NaN,NaN,NaN,NaN,NaN,NaN,NaN,NaN,NaN,NaN,NaN,NaN,NaN,NaN,NaN,NaN,NaN,NaN
NaN,NaN,NaN,NaN,NaN,NaN,NaN,NaN,NaN,NaN,NaN,NaN,NaN,NaN,NaN,NaN,NaN,NaN,NaN,NaN,NaN,NaN,NaN,NaN,NaN,NaN,NaN,NaN,NaN,NaN,NaN,NaN,NaN,NaN,NaN,NaN,NaN,NaN,NaN,NaN,NaN,NaN,NaN,NaN,NaN,NaN,NaN,NaN,NaN,NaN,NaN,NaN,NaN,NaN,NaN,NaN,NaN,NaN,NaN,NaN,NaN,NaN,NaN,NaN,NaN,NaN,NaN,NaN,NaN,NaN,NaN,NaN,NaN,NaN,NaN,NaN,NaN,NaN,NaN,NaN,NaN,NaN,NaN,NaN,NaN,NaN,NaN,NaN,NaN,NaN,NaN,NaN,NaN,NaN,NaN,NaN,NaN,NaN,NaN,NaN,NaN,NaN,NaN,NaN,NaN,NaN,NaN,NaN,NaN,NaN,NaN,NaN,NaN,NaN,NaN,NaN,NaN,NaN,NaN,NaN,NaN,NaN,NaN,NaN,NaN,NaN,NaN,NaN,NaN,NaN,NaN,NaN,NaN,NaN,NaN,NaN,NaN,NaN,NaN,NaN,NaN,NaN,NaN,NaN,NaN,NaN,NaN,NaN,NaN,NaN,NaN,NaN,NaN,NaN,NaN,NaN,NaN,NaN,NaN,NaN,NaN,NaN,NaN,NaN,NaN,NaN,NaN,NaN,NaN,NaN,NaN,NaN,NaN,NaN,NaN,NaN,NaN,NaN,NaN,NaN,NaN,NaN,NaN,NaN,NaN,NaN,NaN,NaN,NaN,NaN,NaN,NaN,NaN,NaN,NaN,NaN,NaN,NaN,NaN,NaN,NaN,NaN,NaN,NaN,NaN,NaN,NaN,NaN,NaN,NaN,NaN,NaN,NaN,NaN,NaN,NaN,NaN,NaN,NaN,NaN,NaN,NaN,NaN,NaN,NaN,NaN,NaN,NaN,NaN,NaN,NaN,NaN,NaN,NaN,NaN,NaN,NaN,NaN,NaN,NaN,NaN,NaN,NaN,NaN,NaN
NaN,NaN,NaN,NaN,NaN,NaN,NaN,NaN,NaN,NaN,NaN,NaN,NaN,NaN,NaN,NaN,NaN,NaN,NaN,NaN,NaN,NaN,NaN,NaN,NaN,NaN,NaN,NaN,NaN,NaN,NaN,NaN,NaN,NaN,NaN,NaN,NaN,NaN,NaN,NaN,NaN,NaN,NaN,NaN,NaN,NaN,NaN,NaN,NaN,NaN,NaN,NaN,NaN,NaN,NaN,NaN,NaN,NaN,NaN,NaN,NaN,NaN,NaN,NaN,NaN,NaN,NaN,NaN,NaN,NaN,NaN,NaN,NaN,NaN,NaN,NaN,NaN,NaN,NaN,NaN,NaN,NaN,NaN,NaN,NaN,NaN,NaN,NaN,NaN,NaN,NaN,NaN,NaN,NaN,NaN,NaN,NaN,NaN,NaN,NaN,NaN,NaN,NaN,NaN,NaN,NaN,NaN,NaN,NaN,NaN,NaN,NaN,NaN,NaN,NaN,NaN,NaN,NaN,NaN,NaN,NaN,NaN,NaN,NaN,NaN,NaN,NaN,NaN,NaN,NaN,NaN,NaN,NaN,NaN,NaN,NaN,NaN,NaN,NaN,NaN,NaN,NaN,NaN,NaN,NaN,NaN,NaN,NaN,NaN,NaN,NaN,NaN,NaN,NaN,NaN,NaN,NaN,NaN,NaN,NaN,NaN,NaN,NaN,NaN,NaN,NaN,NaN,NaN,NaN,NaN,NaN,NaN,NaN,NaN,NaN,NaN,NaN,NaN,NaN,NaN,NaN,NaN,NaN,NaN,NaN,NaN,NaN,NaN,NaN,NaN,NaN,NaN,NaN,NaN,NaN,NaN,NaN,NaN,NaN,NaN,NaN,NaN,NaN,NaN,NaN,NaN,NaN,NaN,NaN,NaN,NaN,NaN,NaN,NaN,NaN,NaN,NaN,NaN,NaN,NaN,NaN,NaN,NaN,NaN,NaN,NaN,NaN,NaN,NaN,NaN,NaN,NaN,NaN,NaN,NaN,NaN,NaN,NaN,NaN,NaN,NaN,NaN,NaN,NaN,NaN
NaN,NaN,NaN,NaN,NaN,NaN,NaN,NaN,NaN,NaN,NaN,NaN,NaN,NaN,NaN,NaN,NaN,NaN,NaN,NaN,NaN,NaN,NaN,NaN,NaN,NaN,NaN,NaN,NaN,NaN,NaN,NaN,NaN,NaN,NaN,NaN,NaN,NaN,NaN,NaN,NaN,NaN,NaN,NaN,NaN,NaN,NaN,NaN,NaN,NaN,NaN,NaN,NaN,NaN,NaN,NaN,NaN,NaN,NaN,NaN,NaN,NaN,NaN,NaN,NaN,NaN,NaN,NaN,NaN,NaN,NaN,NaN,NaN,NaN,NaN,NaN,NaN,NaN,NaN,NaN,NaN,NaN,NaN,NaN,NaN,NaN,NaN,NaN,NaN,NaN,NaN,NaN,NaN,NaN,NaN,NaN,NaN,NaN,NaN,NaN,NaN,NaN,NaN,NaN,NaN,NaN,NaN,NaN,NaN,NaN,NaN,NaN,NaN,NaN,NaN,NaN,NaN,NaN,NaN,NaN,NaN,NaN,NaN,NaN,NaN,NaN,NaN,NaN,NaN,NaN,NaN,NaN,NaN,NaN,NaN,NaN,NaN,NaN,NaN,NaN,NaN,NaN,NaN,NaN,NaN,NaN,NaN,NaN,NaN,NaN,NaN,NaN,NaN,NaN,NaN,NaN,NaN,NaN,NaN,NaN,NaN,NaN,NaN,NaN,NaN,NaN,NaN,NaN,NaN,NaN,NaN,NaN,NaN,NaN,NaN,NaN,NaN,NaN,NaN,NaN,NaN,NaN,NaN,NaN,NaN,NaN,NaN,NaN,NaN,NaN,NaN,NaN,NaN,NaN,NaN,NaN,NaN,NaN,NaN,NaN,NaN,NaN,NaN,NaN,NaN,NaN,NaN,NaN,NaN,NaN,NaN,NaN,NaN,NaN,NaN,NaN,NaN,NaN,NaN,NaN,NaN,NaN,NaN,NaN,NaN,NaN,NaN,NaN,NaN,NaN,NaN,NaN,NaN,NaN,NaN,NaN,NaN,NaN,NaN,NaN,NaN,NaN,NaN,NaN,NaN
NaN,NaN,NaN,NaN,NaN,NaN,NaN,NaN,NaN,NaN,NaN,NaN,NaN,NaN,NaN,NaN,NaN,NaN,NaN,NaN,NaN,NaN,NaN,NaN,NaN,NaN,NaN,NaN,NaN,NaN,NaN,NaN,NaN,NaN,NaN,NaN,NaN,NaN,NaN,NaN,NaN,NaN,NaN,NaN,NaN,NaN,NaN,NaN,NaN,NaN,NaN,NaN,NaN,NaN,NaN,NaN,NaN,NaN,NaN,NaN,NaN,NaN,NaN,NaN,NaN,NaN,NaN,NaN,NaN,NaN,NaN,NaN,NaN,NaN,NaN,NaN,NaN,NaN,NaN,NaN,NaN,NaN,NaN,NaN,NaN,NaN,NaN,NaN,NaN,NaN,NaN,NaN,NaN,NaN,NaN,NaN,NaN,NaN,NaN,NaN,NaN,NaN,NaN,NaN,NaN,NaN,NaN,NaN,NaN,NaN,NaN,NaN,NaN,NaN,NaN,NaN,NaN,NaN,NaN,NaN,NaN,NaN,NaN,NaN,NaN,NaN,NaN,NaN,NaN,NaN,NaN,NaN,NaN,NaN,NaN,NaN,NaN,NaN,NaN,NaN,NaN,NaN,NaN,NaN,NaN,NaN,NaN,NaN,NaN,NaN,NaN,NaN,NaN,NaN,NaN,NaN,NaN,NaN,NaN,NaN,NaN,NaN,NaN,NaN,NaN,NaN,NaN,NaN,NaN,NaN,NaN,NaN,NaN,NaN,NaN,NaN,NaN,NaN,NaN,NaN,NaN,NaN,NaN,NaN,NaN,NaN,NaN,NaN,NaN,NaN,NaN,NaN,NaN,NaN,NaN,NaN,NaN,NaN,NaN,NaN,NaN,NaN,NaN,NaN,NaN,NaN,NaN,NaN,NaN,NaN,NaN,NaN,NaN,NaN,NaN,NaN,NaN,NaN,NaN,NaN,NaN,NaN,NaN,NaN,NaN,NaN,NaN,NaN,NaN,NaN,NaN,NaN,NaN,NaN,NaN,NaN,NaN,NaN,NaN,NaN,NaN,NaN,NaN,NaN,NaN
NaN,NaN,NaN,NaN,NaN,NaN,NaN,NaN,NaN,NaN,NaN,NaN,NaN,NaN,NaN,NaN,NaN,NaN,NaN,NaN,NaN,NaN,NaN,NaN,NaN,NaN,NaN,NaN,NaN,NaN,NaN,NaN,NaN,NaN,NaN,NaN,NaN,NaN,NaN,NaN,NaN,NaN,NaN,NaN,NaN,NaN,NaN,NaN,NaN,NaN,NaN,NaN,NaN,NaN,NaN,NaN,NaN,NaN,NaN,NaN,NaN,NaN,NaN,NaN,NaN,NaN,NaN,NaN,NaN,NaN,NaN,NaN,NaN,NaN,NaN,NaN,NaN,NaN,NaN,NaN,NaN,NaN,NaN,NaN,NaN,NaN,NaN,NaN,NaN,NaN,NaN,NaN,NaN,NaN,NaN,NaN,NaN,NaN,NaN,NaN,NaN,NaN,NaN,NaN,NaN,NaN,NaN,NaN,NaN,NaN,NaN,NaN,NaN,NaN,NaN,NaN,NaN,NaN,NaN,NaN,NaN,NaN,NaN,NaN,NaN,NaN,NaN,NaN,NaN,NaN,NaN,NaN,NaN,NaN,NaN,NaN,NaN,NaN,NaN,NaN,NaN,NaN,NaN,NaN,NaN,NaN,NaN,NaN,NaN,NaN,NaN,NaN,NaN,NaN,NaN,NaN,NaN,NaN,NaN,NaN,NaN,NaN,NaN,NaN,NaN,NaN,NaN,NaN,NaN,NaN,NaN,NaN,NaN,NaN,NaN,NaN,NaN,NaN,NaN,NaN,NaN,NaN,NaN,NaN,NaN,NaN,NaN,NaN,NaN,NaN,NaN,NaN,NaN,NaN,NaN,NaN,NaN,NaN,NaN,NaN,NaN,NaN,NaN,NaN,NaN,NaN,NaN,NaN,NaN,NaN,NaN,NaN,NaN,NaN,NaN,NaN,NaN,NaN,NaN,NaN,NaN,NaN,NaN,NaN,NaN,NaN,NaN,NaN,NaN,NaN,NaN,NaN,NaN,NaN,NaN,NaN,NaN,NaN,NaN,NaN,NaN,NaN,NaN,NaN,NaN
NaN,NaN,NaN,NaN,NaN,NaN,NaN,NaN,NaN,NaN,NaN,NaN,NaN,NaN,NaN,NaN,NaN,NaN,NaN,NaN,NaN,NaN,NaN,NaN,NaN,NaN,NaN,NaN,NaN,NaN,NaN,NaN,NaN,NaN,NaN,NaN,NaN,NaN,NaN,NaN,NaN,NaN,NaN,NaN,NaN,NaN,NaN,NaN,NaN,NaN,NaN,NaN,NaN,NaN,NaN,NaN,NaN,NaN,NaN,NaN,NaN,NaN,NaN,NaN,NaN,NaN,NaN,NaN,NaN,NaN,NaN,NaN,NaN,NaN,NaN,NaN,NaN,NaN,NaN,NaN,NaN,NaN,NaN,NaN,NaN,NaN,NaN,NaN,NaN,NaN,NaN,NaN,NaN,NaN,NaN,NaN,NaN,NaN,NaN,NaN,NaN,NaN,NaN,NaN,NaN,NaN,NaN,NaN,NaN,NaN,NaN,NaN,NaN,NaN,NaN,NaN,NaN,NaN,NaN,NaN,NaN,NaN,NaN,NaN,NaN,NaN,NaN,NaN,NaN,NaN,NaN,NaN,NaN,NaN,NaN,NaN,NaN,NaN,NaN,NaN,NaN,NaN,NaN,NaN,NaN,NaN,NaN,NaN,NaN,NaN,NaN,NaN,NaN,NaN,NaN,NaN,NaN,NaN,NaN,NaN,NaN,NaN,NaN,NaN,NaN,NaN,NaN,NaN,NaN,NaN,NaN,NaN,NaN,NaN,NaN,NaN,NaN,NaN,NaN,NaN,NaN,NaN,NaN,NaN,NaN,NaN,NaN,NaN,NaN,NaN,NaN,NaN,NaN,NaN,NaN,NaN,NaN,NaN,NaN,NaN,NaN,NaN,NaN,NaN,NaN,NaN,NaN,NaN,NaN,NaN,NaN,NaN,NaN,NaN,NaN,NaN,NaN,NaN,NaN,NaN,NaN,NaN,NaN,NaN,NaN,NaN,NaN,NaN,NaN,NaN,NaN,NaN,NaN,NaN,NaN,NaN,NaN,NaN,NaN,NaN,NaN,NaN,NaN,NaN,NaN
NaN,NaN,NaN,NaN,NaN,NaN,NaN,NaN,NaN,NaN,NaN,NaN,NaN,NaN,NaN,NaN,NaN,NaN,NaN,NaN,NaN,NaN,NaN,NaN,NaN,NaN,NaN,NaN,NaN,NaN,NaN,NaN,NaN,NaN,NaN,NaN,NaN,NaN,NaN,NaN,NaN,NaN,NaN,NaN,NaN,NaN,NaN,NaN,NaN,NaN,NaN,NaN,NaN,NaN,NaN,NaN,NaN,NaN,NaN,NaN,NaN,NaN,NaN,NaN,NaN,NaN,NaN,NaN,NaN,NaN,NaN,NaN,NaN,NaN,NaN,NaN,NaN,NaN,NaN,NaN,NaN,NaN,NaN,NaN,NaN,NaN,NaN,NaN,NaN,NaN,NaN,NaN,NaN,NaN,NaN,NaN,NaN,NaN,NaN,NaN,NaN,NaN,NaN,NaN,NaN,NaN,NaN,NaN,NaN,NaN,NaN,NaN,NaN,NaN,NaN,NaN,NaN,NaN,NaN,NaN,NaN,NaN,NaN,NaN,NaN,NaN,NaN,NaN,NaN,NaN,NaN,NaN,NaN,NaN,NaN,NaN,NaN,NaN,NaN,NaN,NaN,NaN,NaN,NaN,NaN,NaN,NaN,NaN,NaN,NaN,NaN,NaN,NaN,NaN,NaN,NaN,NaN,NaN,NaN,NaN,NaN,NaN,NaN,NaN,NaN,NaN,NaN,NaN,NaN,NaN,NaN,NaN,NaN,NaN,NaN,NaN,NaN,NaN,NaN,NaN,NaN,NaN,NaN,NaN,NaN,NaN,NaN,NaN,NaN,NaN,NaN,NaN,NaN,NaN,NaN,NaN,NaN,NaN,NaN,NaN,NaN,NaN,NaN,NaN,NaN,NaN,NaN,NaN,NaN,NaN,NaN,NaN,NaN,NaN,NaN,NaN,NaN,NaN,NaN,NaN,NaN,NaN,NaN,NaN,NaN,NaN,NaN,NaN,NaN,NaN,NaN,NaN,NaN,NaN,NaN,NaN,NaN,NaN,NaN,NaN,NaN,NaN,NaN,NaN,NaN
NaN,NaN,NaN,NaN,NaN,NaN,NaN,NaN,NaN,NaN,NaN,NaN,NaN,NaN,NaN,NaN,NaN,NaN,NaN,NaN,NaN,NaN,NaN,NaN,NaN,NaN,NaN,NaN,NaN,NaN,NaN,NaN,NaN,NaN,NaN,NaN,NaN,NaN,NaN,NaN,NaN,NaN,NaN,NaN,NaN,NaN,NaN,NaN,NaN,NaN,NaN,NaN,NaN,NaN,NaN,NaN,NaN,NaN,NaN,NaN,NaN,NaN,NaN,NaN,NaN,NaN,NaN,NaN,NaN,NaN,NaN,NaN,NaN,NaN,NaN,NaN,NaN,NaN,NaN,NaN,NaN,NaN,NaN,NaN,NaN,NaN,NaN,NaN,NaN,NaN,NaN,NaN,NaN,NaN,NaN,NaN,NaN,NaN,NaN,NaN,NaN,NaN,NaN,NaN,NaN,NaN,NaN,NaN,NaN,NaN,NaN,NaN,NaN,NaN,NaN,NaN,NaN,NaN,NaN,NaN,NaN,NaN,NaN,NaN,NaN,NaN,NaN,NaN,NaN,NaN,NaN,NaN,NaN,NaN,NaN,NaN,NaN,NaN,NaN,NaN,NaN,NaN,NaN,NaN,NaN,NaN,NaN,NaN,NaN,NaN,NaN,NaN,NaN,NaN,NaN,NaN,NaN,NaN,NaN,NaN,NaN,NaN,NaN,NaN,NaN,NaN,NaN,NaN,NaN,NaN,NaN,NaN,NaN,NaN,NaN,NaN,NaN,NaN,NaN,NaN,NaN,NaN,NaN,NaN,NaN,NaN,NaN,NaN,NaN,NaN,NaN,NaN,NaN,NaN,NaN,NaN,NaN,NaN,NaN,NaN,NaN,NaN,NaN,NaN,NaN,NaN,NaN,NaN,NaN,NaN,NaN,NaN,NaN,NaN,NaN,NaN,NaN,NaN,NaN,NaN,NaN,NaN,NaN,NaN,NaN,NaN,NaN,NaN,NaN,NaN,NaN,NaN,NaN,NaN,NaN,NaN,NaN,NaN,NaN,NaN,NaN,NaN,NaN,NaN,NaN
NaN,NaN,NaN,NaN,NaN,NaN,NaN,NaN,NaN,NaN,NaN,NaN,NaN,NaN,NaN,NaN,NaN,NaN,NaN,NaN,NaN,NaN,NaN,NaN,NaN,NaN,NaN,NaN,NaN,NaN,NaN,NaN,NaN,NaN,NaN,NaN,NaN,NaN,NaN,NaN,NaN,NaN,NaN,NaN,NaN,NaN,NaN,NaN,NaN,NaN,NaN,NaN,NaN,NaN,NaN,NaN,NaN,NaN,NaN,NaN,NaN,NaN,NaN,NaN,NaN,NaN,NaN,NaN,NaN,NaN,NaN,NaN,NaN,NaN,NaN,NaN,NaN,NaN,NaN,NaN,NaN,NaN,NaN,NaN,NaN,NaN,NaN,NaN,NaN,NaN,NaN,NaN,NaN,NaN,NaN,NaN,NaN,NaN,NaN,NaN,NaN,NaN,NaN,NaN,NaN,NaN,NaN,NaN,NaN,NaN,NaN,NaN,NaN,NaN,NaN,NaN,NaN,NaN,NaN,NaN,NaN,NaN,NaN,NaN,NaN,NaN,NaN,NaN,NaN,NaN,NaN,NaN,NaN,NaN,NaN,NaN,NaN,NaN,NaN,NaN,NaN,NaN,NaN,NaN,NaN,NaN,NaN,NaN,NaN,NaN,NaN,NaN,NaN,NaN,NaN,NaN,NaN,NaN,NaN,NaN,NaN,NaN,NaN,NaN,NaN,NaN,NaN,NaN,NaN,NaN,NaN,NaN,NaN,NaN,NaN,NaN,NaN,NaN,NaN,NaN,NaN,NaN,NaN,NaN,NaN,NaN,NaN,NaN,NaN,NaN,NaN,NaN,NaN,NaN,NaN,NaN,NaN,NaN,NaN,NaN,NaN,NaN,NaN,NaN,NaN,NaN,NaN,NaN,NaN,NaN,NaN,NaN,NaN,NaN,NaN,NaN,NaN,NaN,NaN,NaN,NaN,NaN,NaN,NaN,NaN,NaN,NaN,NaN,NaN,NaN,NaN,NaN,NaN,NaN,NaN,NaN,NaN,NaN,NaN,NaN,NaN,NaN,NaN,NaN,NaN
NaN,NaN,NaN,NaN,NaN,NaN,NaN,NaN,NaN,NaN,NaN,NaN,NaN,NaN,NaN,NaN,NaN,NaN,NaN,NaN,NaN,NaN,NaN,NaN,NaN,NaN,NaN,NaN,NaN,NaN,NaN,NaN,NaN,NaN,NaN,NaN,NaN,NaN,NaN,NaN,NaN,NaN,NaN,NaN,NaN,NaN,NaN,NaN,NaN,NaN,NaN,NaN,NaN,NaN,NaN,NaN,NaN,NaN,NaN,NaN,NaN,NaN,NaN,NaN,NaN,NaN,NaN,NaN,NaN,NaN,NaN,NaN,NaN,NaN,NaN,NaN,NaN,NaN,NaN,NaN,NaN,NaN,NaN,NaN,NaN,NaN,NaN,NaN,NaN,NaN,NaN,NaN,NaN,NaN,NaN,NaN,NaN,NaN,NaN,NaN,NaN,NaN,NaN,NaN,NaN,NaN,NaN,NaN,NaN,NaN,NaN,NaN,NaN,NaN,NaN,NaN,NaN,NaN,NaN,NaN,NaN,NaN,NaN,NaN,NaN,NaN,NaN,NaN,NaN,NaN,NaN,NaN,NaN,NaN,NaN,NaN,NaN,NaN,NaN,NaN,NaN,NaN,NaN,NaN,NaN,NaN,NaN,NaN,NaN,NaN,NaN,NaN,NaN,NaN,NaN,NaN,NaN,NaN,NaN,NaN,NaN,NaN,NaN,NaN,NaN,NaN,NaN,NaN,NaN,NaN,NaN,NaN,NaN,NaN,NaN,NaN,NaN,NaN,NaN,NaN,NaN,NaN,NaN,NaN,NaN,NaN,NaN,NaN,NaN,NaN,NaN,NaN,NaN,NaN,NaN,NaN,NaN,NaN,NaN,NaN,NaN,NaN,NaN,NaN,NaN,NaN,NaN,NaN,NaN,NaN,NaN,NaN,NaN,NaN,NaN,NaN,NaN,NaN,NaN,NaN,NaN,NaN,NaN,NaN,NaN,NaN,NaN,NaN,NaN,NaN,NaN,NaN,NaN,NaN,NaN,NaN,NaN,NaN,NaN,NaN,NaN,NaN,NaN,NaN,NaN
NaN,NaN,NaN,NaN,NaN,NaN,NaN,NaN,NaN,NaN,NaN,NaN,NaN,NaN,NaN,NaN,NaN,NaN,NaN,NaN,NaN,NaN,NaN,NaN,NaN,NaN,NaN,NaN,NaN,NaN,NaN,NaN,NaN,NaN,NaN,NaN,NaN,NaN,NaN,NaN,NaN,NaN,NaN,NaN,NaN,NaN,NaN,NaN,NaN,NaN,NaN,NaN,NaN,NaN,NaN,NaN,NaN,NaN,NaN,NaN,NaN,NaN,NaN,NaN,NaN,NaN,NaN,NaN,NaN,NaN,NaN,NaN,NaN,NaN,NaN,NaN,NaN,NaN,NaN,NaN,NaN,NaN,NaN,NaN,NaN,NaN,NaN,NaN,NaN,NaN,NaN,NaN,NaN,NaN,NaN,NaN,NaN,NaN,NaN,NaN,NaN,NaN,NaN,NaN,NaN,NaN,NaN,NaN,NaN,NaN,NaN,NaN,NaN,NaN,NaN,NaN,NaN,NaN,NaN,NaN,NaN,NaN,NaN,NaN,NaN,NaN,NaN,NaN,NaN,NaN,NaN,NaN,NaN,NaN,NaN,NaN,NaN,NaN,NaN,NaN,NaN,NaN,NaN,NaN,NaN,NaN,NaN,NaN,NaN,NaN,NaN,NaN,NaN,NaN,NaN,NaN,NaN,NaN,NaN,NaN,NaN,NaN,NaN,NaN,NaN,NaN,NaN,NaN,NaN,NaN,NaN,NaN,NaN,NaN,NaN,NaN,NaN,NaN,NaN,NaN,NaN,NaN,NaN,NaN,NaN,NaN,NaN,NaN,NaN,NaN,NaN,NaN,NaN,NaN,NaN,NaN,NaN,NaN,NaN,NaN,NaN,NaN,NaN,NaN,NaN,NaN,NaN,NaN,NaN,NaN,NaN,NaN,NaN,NaN,NaN,NaN,NaN,NaN,NaN,NaN,NaN,NaN,NaN,NaN,NaN,NaN,NaN,NaN,NaN,NaN,NaN,NaN,NaN,NaN,NaN,NaN,NaN,NaN,NaN,NaN,NaN,NaN,NaN,NaN,NaN
NaN,NaN,NaN,NaN,NaN,NaN,NaN,NaN,NaN,NaN,NaN,NaN,NaN,NaN,NaN,NaN,NaN,NaN,NaN,NaN,NaN,NaN,NaN,NaN,NaN,NaN,NaN,NaN,NaN,NaN,NaN,NaN,NaN,NaN,NaN,NaN,NaN,NaN,NaN,NaN,NaN,NaN,NaN,NaN,NaN,NaN,NaN,NaN,NaN,NaN,NaN,NaN,NaN,NaN,NaN,NaN,NaN,NaN,NaN,NaN,NaN,NaN,NaN,NaN,NaN,NaN,NaN,NaN,NaN,NaN,NaN,NaN,NaN,NaN,NaN,NaN,NaN,NaN,NaN,NaN,NaN,NaN,NaN,NaN,NaN,NaN,NaN,NaN,NaN,NaN,NaN,NaN,NaN,NaN,NaN,NaN,NaN,NaN,NaN,NaN,NaN,NaN,NaN,NaN,NaN,NaN,NaN,NaN,NaN,NaN,NaN,NaN,NaN,NaN,NaN,NaN,NaN,NaN,NaN,NaN,NaN,NaN,NaN,NaN,NaN,NaN,NaN,NaN,NaN,NaN,NaN,NaN,NaN,NaN,NaN,NaN,NaN,NaN,NaN,NaN,NaN,NaN,NaN,NaN,NaN,NaN,NaN,NaN,NaN,NaN,NaN,NaN,NaN,NaN,NaN,NaN,NaN,NaN,NaN,NaN,NaN,NaN,NaN,NaN,NaN,NaN,NaN,NaN,NaN,NaN,NaN,NaN,NaN,NaN,NaN,NaN,NaN,NaN,NaN,NaN,NaN,NaN,NaN,NaN,NaN,NaN,NaN,NaN,NaN,NaN,NaN,NaN,NaN,NaN,NaN,NaN,NaN,NaN,NaN,NaN,NaN,NaN,NaN,NaN,NaN,NaN,NaN,NaN,NaN,NaN,NaN,NaN,NaN,NaN,NaN,NaN,NaN,NaN,NaN,NaN,NaN,NaN,NaN,NaN,NaN,NaN,NaN,NaN,NaN,NaN,NaN,NaN,NaN,NaN,NaN,NaN,NaN,NaN,NaN,NaN,NaN,NaN,NaN,NaN,NaN
NaN,NaN,NaN,NaN,NaN,NaN,NaN,NaN,NaN,NaN,NaN,NaN,NaN,NaN,NaN,NaN,NaN,NaN,NaN,NaN,NaN,NaN,NaN,NaN,NaN,NaN,NaN,NaN,NaN,NaN,NaN,NaN,NaN,NaN,NaN,NaN,NaN,NaN,NaN,NaN,NaN,NaN,NaN,NaN,NaN,NaN,NaN,NaN,NaN,NaN,NaN,NaN,NaN,NaN,NaN,NaN,NaN,NaN,NaN,NaN,NaN,NaN,NaN,NaN,NaN,NaN,NaN,NaN,NaN,NaN,NaN,NaN,NaN,NaN,NaN,NaN,NaN,NaN,NaN,NaN,NaN,NaN,NaN,NaN,NaN,NaN,NaN,NaN,NaN,NaN,NaN,NaN,NaN,NaN,NaN,NaN,NaN,NaN,NaN,NaN,NaN,NaN,NaN,NaN,NaN,NaN,NaN,NaN,NaN,NaN,NaN,NaN,NaN,NaN,NaN,NaN,NaN,NaN,NaN,NaN,NaN,NaN,NaN,NaN,NaN,NaN,NaN,NaN,NaN,NaN,NaN,NaN,NaN,NaN,NaN,NaN,NaN,NaN,NaN,NaN,NaN,NaN,NaN,NaN,NaN,NaN,NaN,NaN,NaN,NaN,NaN,NaN,NaN,NaN,NaN,NaN,NaN,NaN,NaN,NaN,NaN,NaN,NaN,NaN,NaN,NaN,NaN,NaN,NaN,NaN,NaN,NaN,NaN,NaN,NaN,NaN,NaN,NaN,NaN,NaN,NaN,NaN,NaN,NaN,NaN,NaN,NaN,NaN,NaN,NaN,NaN,NaN,NaN,NaN,NaN,NaN,NaN,NaN,NaN,NaN,NaN,NaN,NaN,NaN,NaN,NaN,NaN,NaN,NaN,NaN,NaN,NaN,NaN,NaN,NaN,NaN,NaN,NaN,NaN,NaN,NaN,NaN,NaN,NaN,NaN,NaN,NaN,NaN,NaN,NaN,NaN,NaN,NaN,NaN,NaN,NaN,NaN,NaN,NaN,NaN,NaN,NaN,NaN,NaN,NaN
NaN,NaN,NaN,NaN,NaN,NaN,NaN,NaN,NaN,NaN,NaN,NaN,NaN,NaN,NaN,NaN,NaN,NaN,NaN,NaN,NaN,NaN,NaN,NaN,NaN,NaN,NaN,NaN,NaN,NaN,NaN,NaN,NaN,NaN,NaN,NaN,NaN,NaN,NaN,NaN,NaN,NaN,NaN,NaN,NaN,NaN,NaN,NaN,NaN,NaN,NaN,NaN,NaN,NaN,NaN,NaN,NaN,NaN,NaN,NaN,NaN,NaN,NaN,NaN,NaN,NaN,NaN,NaN,NaN,NaN,NaN,NaN,NaN,NaN,NaN,NaN,NaN,NaN,NaN,NaN,NaN,NaN,NaN,NaN,NaN,NaN,NaN,NaN,NaN,NaN,NaN,NaN,NaN,NaN,NaN,NaN,NaN,NaN,NaN,NaN,NaN,NaN,NaN,NaN,NaN,NaN,NaN,NaN,NaN,NaN,NaN,NaN,NaN,NaN,NaN,NaN,NaN,NaN,NaN,NaN,NaN,NaN,NaN,NaN,NaN,NaN,NaN,NaN,NaN,NaN,NaN,NaN,NaN,NaN,NaN,NaN,NaN,NaN,NaN,NaN,NaN,NaN,NaN,NaN,NaN,NaN,NaN,NaN,NaN,NaN,NaN,NaN,NaN,NaN,NaN,NaN,NaN,NaN,NaN,NaN,NaN,NaN,NaN,NaN,NaN,NaN,NaN,NaN,NaN,NaN,NaN,NaN,NaN,NaN,NaN,NaN,NaN,NaN,NaN,NaN,NaN,NaN,NaN,NaN,NaN,NaN,NaN,NaN,NaN,NaN,NaN,NaN,NaN,NaN,NaN,NaN,NaN,NaN,NaN,NaN,NaN,NaN,NaN,NaN,NaN,NaN,NaN,NaN,NaN,NaN,NaN,NaN,NaN,NaN,NaN,NaN,NaN,NaN,NaN,NaN,NaN,NaN,NaN,NaN,NaN,NaN,NaN,NaN,NaN,NaN,NaN,NaN,NaN,NaN,NaN,NaN,NaN,NaN,NaN,NaN,NaN,NaN,NaN,NaN,NaN
NaN,NaN,NaN,NaN,NaN,NaN,NaN,NaN,NaN,NaN,NaN,NaN,NaN,NaN,NaN,NaN,NaN,NaN,NaN,NaN,NaN,NaN,NaN,NaN,NaN,NaN,NaN,NaN,NaN,NaN,NaN,NaN,NaN,NaN,NaN,NaN,NaN,NaN,NaN,NaN,NaN,NaN,NaN,NaN,NaN,NaN,NaN,NaN,NaN,NaN,NaN,NaN,NaN,NaN,NaN,NaN,NaN,NaN,NaN,NaN,NaN,NaN,NaN,NaN,NaN,NaN,NaN,NaN,NaN,NaN,NaN,NaN,NaN,NaN,NaN,NaN,NaN,NaN,NaN,NaN,NaN,NaN,NaN,NaN,NaN,NaN,NaN,NaN,NaN,NaN,NaN,NaN,NaN,NaN,NaN,NaN,NaN,NaN,NaN,NaN,NaN,NaN,NaN,NaN,NaN,NaN,NaN,NaN,NaN,NaN,NaN,NaN,NaN,NaN,NaN,NaN,NaN,NaN,NaN,NaN,NaN,NaN,NaN,NaN,NaN,NaN,NaN,NaN,NaN,NaN,NaN,NaN,NaN,NaN,NaN,NaN,NaN,NaN,NaN,NaN,NaN,NaN,NaN,NaN,NaN,NaN,NaN,NaN,NaN,NaN,NaN,NaN,NaN,NaN,NaN,NaN,NaN,NaN,NaN,NaN,NaN,NaN,NaN,NaN,NaN,NaN,NaN,NaN,NaN,NaN,NaN,NaN,NaN,NaN,NaN,NaN,NaN,NaN,NaN,NaN,NaN,NaN,NaN,NaN,NaN,NaN,NaN,NaN,NaN,NaN,NaN,NaN,NaN,NaN,NaN,NaN,NaN,NaN,NaN,NaN,NaN,NaN,NaN,NaN,NaN,NaN,NaN,NaN,NaN,NaN,NaN,NaN,NaN,NaN,NaN,NaN,NaN,NaN,NaN,NaN,NaN,NaN,NaN,NaN,NaN,NaN,NaN,NaN,NaN,NaN,NaN,NaN,NaN,NaN,NaN,NaN,NaN,NaN,NaN,NaN,NaN,NaN,NaN,NaN,NaN
NaN,NaN,NaN,NaN,NaN,NaN,NaN,NaN,NaN,NaN,NaN,NaN,NaN,NaN,NaN,NaN,NaN,NaN,NaN,NaN,NaN,NaN,NaN,NaN,NaN,NaN,NaN,NaN,NaN,NaN,NaN,NaN,NaN,NaN,NaN,NaN,NaN,NaN,NaN,NaN,NaN,NaN,NaN,NaN,NaN,NaN,NaN,NaN,NaN,NaN,NaN,NaN,NaN,NaN,NaN,NaN,NaN,NaN,NaN,NaN,NaN,NaN,NaN,NaN,NaN,NaN,NaN,NaN,NaN,NaN,NaN,NaN,NaN,NaN,NaN,NaN,NaN,NaN,NaN,NaN,NaN,NaN,NaN,NaN,NaN,NaN,NaN,NaN,NaN,NaN,NaN,NaN,NaN,NaN,NaN,NaN,NaN,NaN,NaN,NaN,NaN,NaN,NaN,NaN,NaN,NaN,NaN,NaN,NaN,NaN,NaN,NaN,NaN,NaN,NaN,NaN,NaN,NaN,NaN,NaN,NaN,NaN,NaN,NaN,NaN,NaN,NaN,NaN,NaN,NaN,NaN,NaN,NaN,NaN,NaN,NaN,NaN,NaN,NaN,NaN,NaN,NaN,NaN,NaN,NaN,NaN,NaN,NaN,NaN,NaN,NaN,NaN,NaN,NaN,NaN,NaN,NaN,NaN,NaN,NaN,NaN,NaN,NaN,NaN,NaN,NaN,NaN,NaN,NaN,NaN,NaN,NaN,NaN,NaN,NaN,NaN,NaN,NaN,NaN,NaN,NaN,NaN,NaN,NaN,NaN,NaN,NaN,NaN,NaN,NaN,NaN,NaN,NaN,NaN,NaN,NaN,NaN,NaN,NaN,NaN,NaN,NaN,NaN,NaN,NaN,NaN,NaN,NaN,NaN,NaN,NaN,NaN,NaN,NaN,NaN,NaN,NaN,NaN,NaN,NaN,NaN,NaN,NaN,NaN,NaN,NaN,NaN,NaN,NaN,NaN,NaN,NaN,NaN,NaN,NaN,NaN,NaN,NaN,NaN,NaN,NaN,NaN,NaN,NaN,NaN
NaN,NaN,NaN,NaN,NaN,NaN,NaN,NaN,NaN,NaN,NaN,NaN,NaN,NaN,NaN,NaN,NaN,NaN,NaN,NaN,NaN,NaN,NaN,NaN,NaN,NaN,NaN,NaN,NaN,NaN,NaN,NaN,NaN,NaN,NaN,NaN,NaN,NaN,NaN,NaN,NaN,NaN,NaN,NaN,NaN,NaN,NaN,NaN,NaN,NaN,NaN,NaN,NaN,NaN,NaN,NaN,NaN,NaN,NaN,NaN,NaN,NaN,NaN,NaN,NaN,NaN,NaN,NaN,NaN,NaN,NaN,NaN,NaN,NaN,NaN,NaN,NaN,NaN,NaN,NaN,NaN,NaN,NaN,NaN,NaN,NaN,NaN,NaN,NaN,NaN,NaN,NaN,NaN,NaN,NaN,NaN,NaN,NaN,NaN,NaN,NaN,NaN,NaN,NaN,NaN,NaN,NaN,NaN,NaN,NaN,NaN,NaN,NaN,NaN,NaN,NaN,NaN,NaN,NaN,NaN,NaN,NaN,NaN,NaN,NaN,NaN,NaN,NaN,NaN,NaN,NaN,NaN,NaN,NaN,NaN,NaN,NaN,NaN,NaN,NaN,NaN,NaN,NaN,NaN,NaN,NaN,NaN,NaN,NaN,NaN,NaN,NaN,NaN,NaN,NaN,NaN,NaN,NaN,NaN,NaN,NaN,NaN,NaN,NaN,NaN,NaN,NaN,NaN,NaN,NaN,NaN,NaN,NaN,NaN,NaN,NaN,NaN,NaN,NaN,NaN,NaN,NaN,NaN,NaN,NaN,NaN,NaN,NaN,NaN,NaN,NaN,NaN,NaN,NaN,NaN,NaN,NaN,NaN,NaN,NaN,NaN,NaN,NaN,NaN,NaN,NaN,NaN,NaN,NaN,NaN,NaN,NaN,NaN,NaN,NaN,NaN,NaN,NaN,NaN,NaN,NaN,NaN,NaN,NaN,NaN,NaN,NaN,NaN,NaN,NaN,NaN,NaN,NaN,NaN,NaN,NaN,NaN,NaN,NaN,NaN,NaN,NaN,NaN,NaN,NaN
