NaN,NaN,NaN,NaN,NaN,NaN,NaN,NaN,NaN,NaN,NaN,NaN,NaN,NaN,NaN,NaN,NaN,NaN,NaN,NaN,NaN,NaN,NaN,NaN,NaN,NaN,NaN,NaN,NaN,NaN,NaN,NaN,NaN,NaN,NaN,NaN,NaN,NaN,NaN,NaN,NaN,NaN,NaN,NaN,NaN,NaN,NaN,NaN,NaN,NaN,NaN,NaN,NaN,NaN,NaN,NaN,NaN,NaN,NaN,NaN,NaN,NaN,NaN,NaN,NaN,NaN,NaN,NaN,NaN,NaN,NaN,NaN,NaN,NaN,NaN,NaN,NaN,NaN,NaN,NaN,NaN,NaN,0.00105305245565341,0.00106508184615937,0.00106729399372019,0.00107150542060275,0.00107969514086666,0.00108257504875947,0.00107917104198107,0.00107499151950024,0.00106836866054434,0.0010648809783558,0.00106277451360588,0.00106314071045383,0.00106108096587444,0.00105907898095863,0.00105850491673476,0.00106029971423949,0.001060800731267,0.00105946269279332,0.00105696496399509,0.00105641756695162,0.00106194673113626,0.0010677641906997,0.00107269111794644,0.00108042372744813,0.00108764304344438,0.00109352862302227,0.00109682989158432,0.00109954367311053,0.00110192314079965,0.00110327483041612,0.00110178901386131,0.00109918691698663,0.00109598484949769,0.00109561551034498,0.00109764219061712,0.0011036213830101,0.0011070473000212,0.0011079008628364,0.00111026737597123,0.00111618053932583,0.00111989683574815,0.00111899182154007,0.00111465405984031,0.00111023248025252,0.00110627818481796,0.001101716981315,0.00109598184023897,0.00108758848230019,0.00107688602766773,0.00106777547589796,0.0010625789482821,0.0010609607407537,0.00106213995814262,0.00106386123325053,0.00106522584134567,0.0010659823684764,0.00106724633236666,0.00106850366245828,0.00106978289179085,0.00107139691006066,0.00107352310548093,0.00107661703055774,0.00108141330868271,0.00108875783356912,0.00109729257863485,0.00110538461326718,0.00111177923539127,0.00111613089223505,0.00111772321195786,0.00111817730325308,0.00111916696509727,0.00112242893215131,0.00112728247098919,0.00113217786445968,0.00113503072917911,0.00113681587826786,0.00113848996882195,0.0011387151004455,0.00113680612130968,0.00113287843531564,0.00112764289593207,0.00112169603529362,0.00111398972363788,0.00110473573842946,0.00109571118850158,0.00108875805111763,0.00108374290342599,0.00107933278743245,0.00107529342883749,0.0010720096206487,0.0010691118840532,0.00106679335627336,0.00106486312589622,0.00106287348548421,0.00106154735852987,0.00106135697091062,0.0010616760874437,0.00106236690851069,0.00106378878220859,0.00106560318583918,0.00106953667375271,0.00107571168599773,0.00108326469426262,0.00109217082058425,0.00110226857941264,0.00111172542955128,0.00111977255728075,0.0011268659802763,0.00113268079267646,0.00113793216857078,0.00114338804428997,0.0011490323460746,0.00115484233010179,0.00116023844288458,0.00116481350470909,0.00116831279356401,0.00117104992612099,0.00117391629705322,0.00117660618831288,0.0011788883325146,0.00118094384017435,0.0011836002903728,0.00118711248075894,0.00119044846476957,0.00119293884659031,0.00119438474774742,0.00119558633430432,0.00119682426309729,0.00119820361622251,0.00119901066834716,0.00119964185084842,0.00120033822680929,0.00120087455284318,0.00120131218665085,0.00120182156138552,0.00120254699691095,0.00120373682714139,0.00120482962286007,0.0012056310543794,0.00120622982918027,0.00120662094578799,0.00120682345180647,0.00120740277990103,0.00120869851742722,0.00121028086720732,0.00121179575899556,0.00121332111713834,0.0012149790177685,0.0012171663301785,0.00121962965129655,0.00122239481703156,0.00122528090074328,0.00122822468631456,0.00123167684837679,0.00123580837740114,0.00123990997638027,0.00124480304810716,0.00125063867809108,0.00125648940655219,0.00126156850999132,0.00126458042739841,0.00126546623327384,0.0012654667309896
NaN,NaN,NaN,NaN,NaN,NaN,NaN,NaN,NaN,NaN,NaN,NaN,NaN,NaN,NaN,NaN,NaN,NaN,NaN,NaN,NaN,NaN,NaN,NaN,NaN,NaN,NaN,NaN,NaN,NaN,NaN,NaN,NaN,NaN,NaN,NaN,NaN,NaN,NaN,NaN,NaN,NaN,NaN,NaN,NaN,NaN,NaN,NaN,NaN,NaN,NaN,NaN,NaN,NaN,NaN,NaN,NaN,NaN,NaN,NaN,NaN,NaN,NaN,NaN,NaN,NaN,NaN,NaN,NaN,NaN,NaN,NaN,NaN,NaN,NaN,NaN,NaN,NaN,NaN,NaN,NaN,NaN,0.00105295816780845,0.00106502821362954,0.00106725044445157,0.00107148974579781,0.00107971255515606,0.00108260315703244,0.00107918625312858,0.00107502786598713,0.00106839814547235,0.00106493580387634,0.00106285772099865,0.00106322566714562,0.0010611911795793,0.00105921265858844,0.00105865492730195,0.00106045902359193,0.00106100384188645,0.0010596562113989,0.00105716128787095,0.00105662572240028,0.00106218036073902,0.0010679996104972,0.00107292189208327,0.00108064377947894,0.00108786516203668,0.00109372973364026,0.00109699010242617,0.00109964825510733,0.00110200183300964,0.00110334939035635,0.00110183633325967,0.00109923431963738,0.00109603403530387,0.00109565583214584,0.0010976731989319,0.00110364705548952,0.00110703649078681,0.00110786157394175,0.00111024273842371,0.00111613363535404,0.00111981588033444,0.00111892188886927,0.00111460176198063,0.00111019746665437,0.00110623490674335,0.00110164931800087,0.00109588007091574,0.00108745991673959,0.00107675144914634,0.00106764595429451,0.00106245014312564,0.0010608359435142,0.00106200083220492,0.00106370456752602,0.00106505050373143,0.00106579080686331,0.00106703713504108,0.0010682903056666,0.00106957192181289,0.00107118969073029,0.00107332827481956,0.00107643214083514,0.00108122582263144,0.00108856161086864,0.00109708608662121,0.00110517074030376,0.00111155877479327,0.00111592038782098,0.00111751075920093,0.00111794851662403,0.00111893627017043,0.00112221040632724,0.00112707872583772,0.00113199027273991,0.00113484145904819,0.00113663400883035,0.00113831509061558,0.00113851809357214,0.00113659830920083,0.0011326805932996,0.00112746692590199,0.00112154480478008,0.00111384505591389,0.0011045870630118,0.00109557101202505,0.00108863624061328,0.00108363880551608,0.00107924065601267,0.00107521611975872,0.00107194047719223,0.00106904619198722,0.00106673557232057,0.00106480757687053,0.00106281204599435,0.00106147986718352,0.00106129472700645,0.00106161706068077,0.00106230736175821,0.00106373992874953,0.00106557300451043,0.00106951812120437,0.00107567997172697,0.00108319140341982,0.00109206781246467,0.00110214272233575,0.00111159568586436,0.00111963899258592,0.00112673883925682,0.00113254953105722,0.00113779105269532,0.00114322751746602,0.00114884645170209,0.001154636069395,0.0011600183484209,0.00116459290480398,0.00116809437838433,0.00117082849480938,0.0011736829253047,0.00117635316410122,0.00117861807193338,0.00118065819297086,0.00118330817197699,0.00118681602319256,0.00119013961225763,0.00119261940328121,0.00119405794677575,0.00119525460205163,0.00119649084358013,0.00119787049889058,0.00119866717273269,0.00119929349250641,0.00119999019260396,0.00120053019417679,0.00120096733928438,0.00120147540504215,0.00120220613094636,0.00120340602096412,0.00120450781687192,0.00120531545588916,0.0012059139205316,0.00120630239788081,0.00120650530466101,0.00120708880904049,0.00120838420674713,0.00120995847009148,0.00121146956639499,0.00121299990468001,0.0012146666884342,0.00121686436832656,0.00121933149595353,0.00122209699056224,0.00122498912648358,0.00122794349623758,0.00123140269237033,0.00123554061481774,0.00123965150436681,0.00124455388641305,0.001250410221594,0.0012562693446123,0.00126145466135787,0.00126418965880909,0.00126537336455157,0.0012654674967377
NaN,NaN,NaN,NaN,NaN,NaN,NaN,NaN,NaN,NaN,NaN,NaN,NaN,NaN,NaN,NaN,NaN,NaN,NaN,NaN,NaN,NaN,NaN,NaN,NaN,NaN,NaN,NaN,NaN,NaN,NaN,NaN,NaN,NaN,NaN,NaN,NaN,NaN,NaN,NaN,NaN,NaN,NaN,NaN,NaN,NaN,NaN,NaN,NaN,NaN,NaN,NaN,NaN,NaN,NaN,NaN,NaN,NaN,NaN,NaN,NaN,NaN,NaN,NaN,NaN,NaN,NaN,NaN,NaN,NaN,NaN,NaN,NaN,NaN,NaN,NaN,NaN,NaN,NaN,NaN,NaN,NaN,0.00107327455222651,0.00107922702357027,0.00108032756550882,0.00108392881191929,0.00108761427623567,0.00109119460136135,0.0010909940558258,0.00108784417828412,0.00108362681325762,0.00108085948147617,0.001077523799383,0.00107659346163525,0.0010751069895617,0.00107297126616078,0.00107090493278154,0.00106915999035626,0.00106858706664577,0.00106931595017795,0.00106869546373983,0.00106906743160726,0.00107361220764152,0.00107792969247767,0.00108276036415527,0.00108871069383697,0.00109358888153696,0.00109696821906956,0.00109986387654037,0.00110138829037566,0.00110199559486486,0.00110148523600091,0.00109864614264383,0.00109292779987936,0.0010871303901256,0.0010845054775917,0.00108303572132123,0.00108450073690395,0.00108652734836603,0.00108797285366499,0.00109197283366649,0.00109833607594061,0.0011031992877443,0.00110429729162059,0.00110325774766773,0.00110205123176832,0.0011010314910683,0.00110002395755462,0.00109840426297721,0.00109415447161527,0.00108813332766143,0.00108293132859097,0.00107989763102566,0.00107898420794062,0.00107912773763187,0.00107993780111186,0.00108161644942906,0.00108438114269561,0.00108709740498092,0.00108872100581019,0.00108947461165372,0.00109021676023207,0.00109126301366394,0.00109270256029229,0.00109577150747816,0.00110048528181479,0.00110633195748335,0.00111216446790356,0.00111736681600345,0.00112124279912718,0.00112311748118064,0.0011228835466519,0.00112305060443979,0.0011256518621847,0.00113037533478524,0.00113494749095916,0.00113787519131425,0.00113856160255822,0.00113691246960058,0.00113367437953407,0.00112969486209804,0.00112493436186211,0.00111949896484975,0.00111309438791747,0.00110649902412383,0.00109934142844927,0.00109143028580121,0.00108394165819462,0.00107796778125247,0.00107317648358757,0.0010691286242589,0.00106589316883376,0.00106296798064669,0.00106118225396335,0.00106116236673582,0.00106193934787175,0.00106312997505678,0.00106446703756874,0.00106621384541602,0.00106852265147495,0.00107172195484256,0.00107686640539062,0.0010832238917427,0.00109121918016346,0.00110027714065856,0.00110926453244485,0.00111739193241475,0.00112554466719759,0.00113391017247879,0.00114199317715659,0.00114962794405463,0.00115652863855043,0.00116281792414549,0.00116887905953527,0.00117383156790729,0.00117785765121294,0.00118135293325172,0.0011843235420028,0.00118676936430217,0.00118907939647102,0.00119094476222564,0.00119232038479812,0.00119369748750691,0.00119526621799428,0.00119757920103877,0.00120003924638801,0.00120169893580766,0.00120284264746032,0.00120366600218611,0.00120421988133803,0.00120495550693652,0.00120576836446133,0.0012062197823335,0.0012062330956628,0.00120608823591856,0.00120582545822588,0.00120567483586429,0.00120585716878441,0.00120648723653509,0.00120709109011496,0.00120742335103201,0.00120762358398375,0.00120763140091673,0.00120763048197306,0.00120819805204947,0.0012096013878669,0.00121128541914195,0.00121294557817564,0.00121443536033888,0.00121590602359077,0.00121806490212492,0.00122064126487709,0.00122325251361412,0.00122578829368479,0.00122846824111026,0.00123219929526278,0.00123642896696457,0.00124046325095235,0.00124491097267697,0.00124989650236486,0.00125499708761237,0.00125916300127712,0.00126236793784721,0.00125994359820738,0.00126040930172616
NaN,NaN,NaN,NaN,NaN,NaN,NaN,NaN,NaN,NaN,NaN,NaN,NaN,NaN,NaN,NaN,NaN,NaN,NaN,NaN,NaN,NaN,NaN,NaN,NaN,NaN,NaN,NaN,NaN,NaN,NaN,NaN,NaN,NaN,NaN,NaN,NaN,NaN,NaN,NaN,NaN,NaN,NaN,NaN,NaN,NaN,NaN,NaN,NaN,NaN,NaN,NaN,NaN,NaN,NaN,NaN,NaN,NaN,NaN,NaN,NaN,NaN,NaN,NaN,NaN,NaN,NaN,NaN,NaN,NaN,NaN,NaN,NaN,NaN,NaN,NaN,NaN,NaN,NaN,NaN,NaN,NaN,0.00107052826618797,0.00108121643671872,0.00108198457258171,0.00108734897709794,0.00108994944153275,0.00109123739664851,0.00109145710245782,0.00108997140093524,0.0010880962081866,0.00108542436856764,0.00108206371347073,0.00108033587535102,0.00107894613115456,0.00107776384689227,0.00107648756810149,0.00107337576352939,0.00107353616537043,0.00107568455016616,0.00107620699987849,0.00107794048872347,0.00108236085720404,0.00108526153393513,0.00108879522158367,0.00109315335548598,0.00109840785908211,0.00110309747540552,0.00110637676919906,0.00110666978445761,0.00110560253383163,0.00110446168130478,0.00110004863979465,0.00109240247194055,0.0010853483931953,0.00108050389933499,0.00107769768228636,0.00107942289472493,0.00108351465896142,0.00108805845620413,0.00109409661865147,0.00110070905598691,0.00110441468120837,0.00110604003915121,0.00110744024419269,0.00110803812413082,0.00110817735977731,0.00110698768867838,0.00110509309523592,0.00110072870979353,0.00109519864644578,0.00109064550615809,0.00108678681480956,0.00108458334188407,0.00108397642487693,0.00108435632728737,0.00108508610827975,0.00108695414955149,0.00108978632092437,0.00109264354116681,0.00109533687811875,0.00109688130987499,0.00109785964831166,0.00109943870878632,0.001101911249757,0.00110557615688101,0.00111083779900669,0.00111710265994225,0.00112325836440408,0.00112765906725827,0.00113021939166691,0.00113118499740849,0.00113230271467431,0.00113412076055379,0.00113699904673537,0.0011398198433782,0.0011418006031824,0.00114224431277577,0.00114116167073473,0.00113826113007895,0.00113389469854884,0.00112961938429802,0.001124142106412,0.00111730348485834,0.00110991676710176,0.00110251563543756,0.00109513780550899,0.00108770654646159,0.00108093228802319,0.00107564246016798,0.00107131429903608,0.00106746954622756,0.00106453881356417,0.00106274695416172,0.00106244677895916,0.00106371463336569,0.00106589348276914,0.00106805202425364,0.00106972317827274,0.00107147034760367,0.00107438488687073,0.00107883855755539,0.00108494237025569,0.00109231943756281,0.00110070348112316,0.00110939276563652,0.00111723553939935,0.0011249328745274,0.00113280790459577,0.00114082641441372,0.00114832426832691,0.00115552513198529,0.0011621990928217,0.00116875136504959,0.00117457291503805,0.00117940430772878,0.00118359260478572,0.0011871953905904,0.00119041766306852,0.00119340900061821,0.00119596184461873,0.00119820112138028,0.00119993390490748,0.00120123253114414,0.00120262357066475,0.00120425458652687,0.00120586328180433,0.00120716744752974,0.00120824524376442,0.0012087579237329,0.00120899303042976,0.00120939170920089,0.00120976040619758,0.00120988623578132,0.00120949416033673,0.00120865191283284,0.00120760939709909,0.00120702725298385,0.00120703625545029,0.00120716827610687,0.00120745574326358,0.00120783043102937,0.00120841299171237,0.00120872141491565,0.00120914486730089,0.00120978154056807,0.00121073912897371,0.00121193985787868,0.00121360496081148,0.00121568163209912,0.00121811497098763,0.00122064954675571,0.00122293567822973,0.00122517602492131,0.00122811845262466,0.00123176991624271,0.00123602115918836,0.00124060195569441,0.00124521086626928,0.00124958858187729,0.00125432376623405,0.00125880711684146,0.00126225752563057,0.00125996742825005,0.00126022756863884
NaN,NaN,NaN,NaN,NaN,NaN,NaN,NaN,NaN,NaN,NaN,NaN,NaN,NaN,NaN,NaN,NaN,NaN,NaN,NaN,NaN,NaN,NaN,NaN,NaN,NaN,NaN,NaN,NaN,NaN,NaN,NaN,NaN,NaN,NaN,NaN,NaN,NaN,NaN,NaN,NaN,NaN,NaN,NaN,NaN,NaN,NaN,NaN,NaN,NaN,NaN,NaN,NaN,NaN,NaN,NaN,NaN,NaN,NaN,NaN,NaN,NaN,NaN,NaN,NaN,NaN,NaN,NaN,NaN,NaN,NaN,NaN,NaN,NaN,NaN,NaN,NaN,NaN,NaN,NaN,NaN,NaN,0.0010716322292614,0.00108244630424729,0.00108412715731789,0.00108854145886487,0.00109174659688327,0.00109253141861205,0.00109144623073556,0.00109089757629439,0.0010904359111839,0.00108771097768853,0.00108512515653404,0.00108366598273857,0.00108353834046032,0.0010820253424797,0.00108028999836606,0.00107786430863789,0.0010777023534338,0.00108065056499849,0.00108212130989972,0.00108446642149637,0.00108837812829639,0.00109052675672805,0.00109362452299601,0.00109790139184884,0.00110331361477912,0.00110747362727159,0.00110970796232487,0.00111080648060218,0.00111005527713612,0.00110800428910728,0.00110324867976668,0.00109612485576833,0.00109018721357376,0.00108580973652955,0.00108307413390607,0.00108583020396973,0.00109175771507136,0.00109812596285284,0.00110431731044526,0.00110929705252974,0.00111296139303209,0.00111639237330918,0.00111842765089746,0.00111990393688164,0.00112093720438515,0.00112002371339125,0.00111722482659835,0.00111230208530167,0.00110719116136463,0.00110214325012279,0.00109657183402022,0.00109249726897958,0.00109012083068396,0.00108938859847507,0.00108976283001866,0.00109169641556825,0.00109468770737014,0.00109790873616632,0.0011000424953167,0.00110070779485057,0.0011006763397603,0.00110143139441339,0.00110309809899807,0.00110595937774093,0.00111098989239945,0.00111751822472874,0.00112419172447301,0.00112983649432247,0.00113364913017648,0.00113541654405337,0.0011365342685337,0.00113780441050355,0.00113917417762911,0.00114065492425577,0.00114196401376656,0.00114189524165696,0.00114005470460843,0.00113683003393006,0.00113308732922325,0.00112844143689187,0.00112267093531349,0.00111618908287524,0.00110915246361949,0.0011013552415907,0.00109352898860848,0.00108584156203974,0.00107850917923916,0.00107193547489289,0.00106697170075729,0.00106276472521576,0.00105876065488764,0.00105561681471359,0.00105403960495129,0.00105436691523871,0.00105653609300264,0.00106004181726526,0.00106427795553379,0.00106855602509646,0.00107233533950415,0.00107678714671053,0.00108241296380481,0.00108905448520905,0.00109640514071572,0.00110426290599497,0.00111316761757974,0.00112219690765699,0.00113050125226826,0.00113884833677742,0.00114737012729594,0.0011548948992671,0.00116131347712992,0.00116664489484851,0.00117193965636656,0.00117753446822277,0.0011827524207088,0.00118716658777035,0.00119092112936499,0.00119414376556303,0.00119686297241731,0.00119923313721055,0.00120148835695522,0.00120350927556381,0.00120520126990485,0.0012068639769734,0.00120838508098193,0.00120968876741792,0.00121093336599623,0.00121216432710521,0.00121291295432881,0.00121306872814268,0.00121281372409753,0.00121246904679029,0.00121230770978858,0.00121175794495016,0.00121067406083852,0.00120982188618348,0.0012096008939637,0.00120968191998912,0.00120970608893005,0.00120974467891137,0.00120984137380581,0.00120997861881397,0.00121015438134891,0.00121013369274911,0.00121025564607125,0.00121081719804917,0.00121223300177658,0.00121454221930892,0.00121717419653866,0.00121986142333528,0.00122235709054023,0.0012248234065753,0.00122772484491784,0.00123118011437557,0.00123509845541595,0.00123936998312307,0.00124393491821639,0.00124827960554077,0.00125246352450594,0.0012568845698306,0.00126129141998963,0.00125912355595387,0.00125944095064347
NaN,NaN,NaN,NaN,NaN,NaN,NaN,NaN,NaN,NaN,NaN,NaN,NaN,NaN,NaN,NaN,NaN,NaN,NaN,NaN,NaN,NaN,NaN,NaN,NaN,NaN,NaN,NaN,NaN,NaN,NaN,NaN,NaN,NaN,NaN,NaN,NaN,NaN,NaN,NaN,NaN,NaN,NaN,NaN,NaN,NaN,NaN,NaN,NaN,NaN,NaN,NaN,NaN,NaN,NaN,NaN,NaN,NaN,NaN,NaN,NaN,NaN,NaN,NaN,NaN,NaN,NaN,NaN,NaN,NaN,NaN,NaN,NaN,NaN,NaN,NaN,NaN,NaN,NaN,NaN,NaN,NaN,0.00107022769483889,0.00108022658435436,0.00108257198529663,0.00108739645669942,0.00108984342888447,0.00109206534505656,0.00109196363522701,0.00109217178931279,0.00109120709867039,0.00108933499617097,0.0010881506464848,0.00108690747693668,0.00108689921974692,0.00108565408893317,0.00108419212909283,0.00108255915306045,0.00108246311663926,0.00108430631064568,0.0010860376361326,0.00108933326106347,0.00109331280349435,0.00109553884793575,0.0010983487650727,0.00110290558389567,0.00110791480558008,0.00111041212949645,0.00111260898304705,0.00111515950403515,0.00111561362350922,0.00111286585755613,0.00110700752987244,0.00110045612520871,0.00109669142191357,0.00109362628539624,0.00109142239633289,0.00109441937908332,0.00110005385544221,0.00110611436011565,0.00111172164228423,0.00111602522998286,0.00111974155279472,0.00112321409195405,0.00112499894510747,0.00112693740969521,0.00112926997427902,0.00112886598096353,0.00112597835930093,0.00112124095867288,0.00111669057267215,0.00111086285543814,0.00110452901928819,0.00109876578645862,0.00109450680869663,0.0010926477480325,0.00109307450763326,0.00109599981250916,0.00109960688539767,0.00110218685786425,0.00110313971111708,0.00110313130498509,0.00110312056141282,0.00110327333272608,0.00110416188781861,0.00110613283124073,0.00110959760255091,0.00111519019082322,0.00112224944357286,0.00112855230025398,0.00113268702478604,0.00113488054572311,0.0011361915409091,0.00113733048700668,0.00113870830602685,0.00114093029625778,0.00114283476457438,0.00114274709782439,0.00114071344919685,0.0011371493761058,0.00113292128383488,0.00112845048723109,0.00112314461083508,0.0011162051147658,0.00110823771890537,0.00110023428483125,0.00109242893441488,0.00108463251920109,0.00107665398496055,0.00106905561135487,0.00106294185688327,0.00105928163378044,0.00105614081307832,0.00105360086551119,0.00105204342497407,0.00105176429673864,0.00105340008356982,0.00105760640412392,0.00106301482098756,0.00106833798961636,0.001073318996822,0.00107767369179532,0.0010819598325206,0.00108711171442614,0.00109303134522831,0.00109954600871698,0.00110776755832426,0.00111737827815374,0.00112684557090639,0.00113541584712035,0.00114399615584867,0.00115214553799762,0.00115954596604078,0.0011655522767384,0.00117028050370767,0.00117459973371745,0.00117919284433782,0.00118390362194187,0.0011881453212522,0.00119182846491817,0.0011950656735546,0.00119805215158046,0.0012007100177658,0.00120307418715632,0.00120512089439259,0.00120709891808624,0.00120901374462675,0.0012109374353982,0.0012126973214388,0.00121412965994728,0.00121544852520872,0.00121646816548159,0.00121670461531531,0.00121622639028511,0.00121611056345352,0.00121636099374269,0.00121597353124424,0.00121472405179757,0.00121357872171475,0.00121290111276049,0.00121240632713518,0.00121218281275653,0.00121198760988118,0.0012115613959254,0.00121130207166718,0.00121091427468989,0.00121045290584428,0.00121037789336149,0.0012114855699644,0.00121353147140257,0.00121584528074315,0.00121864146120452,0.00122135987110873,0.00122424237260676,0.00122701276660534,0.00122971511136252,0.0012329015392514,0.00123692940387343,0.00124165146764922,0.00124632799536434,0.00125035645606051,0.00125384287404021,0.00125843973789472,0.0012575118656335,0.00125782452454946
NaN,NaN,NaN,NaN,NaN,NaN,NaN,NaN,NaN,NaN,NaN,NaN,NaN,NaN,NaN,NaN,NaN,NaN,NaN,NaN,NaN,NaN,NaN,NaN,NaN,NaN,NaN,NaN,NaN,NaN,NaN,NaN,NaN,NaN,NaN,NaN,NaN,NaN,NaN,NaN,NaN,NaN,NaN,NaN,NaN,NaN,NaN,NaN,NaN,NaN,NaN,NaN,NaN,NaN,NaN,NaN,NaN,NaN,NaN,NaN,NaN,NaN,NaN,NaN,NaN,NaN,NaN,NaN,NaN,NaN,NaN,NaN,NaN,NaN,NaN,NaN,NaN,NaN,NaN,NaN,NaN,NaN,0.00106944961523445,0.00108031676700652,0.00108223612631191,0.00108802809565752,0.00109096489906379,0.00109314620759201,0.00109270252467928,0.00109360358006127,0.00109338505475537,0.00109185940725335,0.00109014561957743,0.001089808491396,0.00108979472395299,0.00108837990521907,0.00108709726245221,0.00108619822936516,0.0010854513995353,0.00108674408663671,0.00109011936775481,0.00109303965894452,0.00109616759823193,0.00109913058091518,0.00110247338083614,0.00110636590748833,0.00111100458454973,0.0011135959030577,0.00111568803668187,0.00111842567898,0.00111914123200982,0.00111658357701133,0.00111151459423617,0.00110675068377353,0.00110422440089752,0.00110207202638909,0.00110045565649074,0.00110257310349789,0.00110737652163317,0.00111217239607476,0.00111680190871963,0.00112109849565103,0.00112452306536164,0.00112673661600832,0.00112857072884118,0.00113139555755803,0.00113499842522432,0.00113514041214524,0.00113206293041137,0.00112760736878903,0.00112382751028256,0.00111795539737717,0.00111103489789767,0.00110368918965114,0.00109776107912827,0.00109492217439012,0.0010959034278174,0.00109872429274214,0.00110199528140764,0.00110575405820934,0.00110728907621346,0.00110711857735598,0.00110646899087451,0.00110611200738721,0.00110662062680742,0.00110775524754463,0.00111055079272806,0.00111545113619225,0.00112159812766608,0.00112718536693391,0.00113094174191721,0.00113308573460512,0.00113448024882567,0.0011357757891813,0.00113757962686902,0.00113932727812146,0.00114116328019512,0.00114162896163775,0.00113974700514313,0.00113659828743142,0.0011331723808428,0.00112921997834841,0.00112375497875336,0.0011168704401208,0.00110962942143132,0.00110214715585067,0.00109468403435388,0.0010874921504983,0.00107948363728203,0.0010704454027399,0.00106301341020398,0.00105792526696414,0.001055352142733,0.00105380863638113,0.00105297378302976,0.00105378499460809,0.00105629970584911,0.00105975557112376,0.00106517202105192,0.00107047644823574,0.00107430104036611,0.00107795656626473,0.00108190299020189,0.00108605414513141,0.00109110117940908,0.00109696436027811,0.0011041871250838,0.00111252073541776,0.00112147135764046,0.00113062955158882,0.00113949289179447,0.00114856188928655,0.00115699005579343,0.00116374444246504,0.00116919897142408,0.00117354975117212,0.00117760156699076,0.00118204478385182,0.00118632276129274,0.00119004408126883,0.00119365736407528,0.00119707730478698,0.0012000146557958,0.0012024971238664,0.00120472032278502,0.00120652054245014,0.00120839455546162,0.00121038832633288,0.00121257301504167,0.00121478724078539,0.00121666532567455,0.00121838125159682,0.00121975844402824,0.0012200339098585,0.00121938786921115,0.00121965907027421,0.00121984141402859,0.00121910394279654,0.00121740035697938,0.00121608815794279,0.00121501551565503,0.00121397835339943,0.00121310648477879,0.00121205312487312,0.00121135091176336,0.00121101163343507,0.0012107734497579,0.00121053176515001,0.00121083190797213,0.0012120186187123,0.00121395615709557,0.00121638560425149,0.00121934415921154,0.00122204166916632,0.00122461996589927,0.00122726271162817,0.00123034275530344,0.00123393631983544,0.0012382578805958,0.00124269904447429,0.00124679400453355,0.00125038383238849,0.00125521352279012,0.00125487915002042,0.00125519160945418
NaN,NaN,NaN,NaN,NaN,NaN,NaN,NaN,NaN,NaN,NaN,NaN,NaN,NaN,NaN,NaN,NaN,NaN,NaN,NaN,NaN,NaN,NaN,NaN,NaN,NaN,NaN,NaN,NaN,NaN,NaN,NaN,NaN,NaN,NaN,NaN,NaN,NaN,NaN,NaN,NaN,NaN,NaN,NaN,NaN,NaN,NaN,NaN,NaN,NaN,NaN,NaN,NaN,NaN,NaN,NaN,NaN,NaN,NaN,NaN,NaN,NaN,NaN,NaN,NaN,NaN,NaN,NaN,NaN,NaN,NaN,NaN,NaN,NaN,NaN,NaN,NaN,NaN,NaN,NaN,NaN,NaN,0.00107132218613425,0.00108184518248324,0.00108451747782679,0.00108933309191807,0.00109247017913441,0.00109429394115518,0.0010948308206428,0.00109570705945476,0.00109580936611178,0.00109386959746072,0.00109169988338713,0.00109172115904568,0.00109113784454433,0.00108928841836753,0.00108905644942627,0.00108787222948884,0.00108613528778255,0.00108731954691487,0.00109152822850804,0.00109443978985942,0.001097299005507,0.00110079600484072,0.00110431102144493,0.00110798007432687,0.00111238728856078,0.00111643788049245,0.00111833130908601,0.00112009737130087,0.00112125163117754,0.00111973106747322,0.00111536216739497,0.0011121291244092,0.00111065604567274,0.0011086533073345,0.00110666824816039,0.00110802263463965,0.0011129554514035,0.00111677950149222,0.00112070808173206,0.00112476837578851,0.00112813506684516,0.00112960278443263,0.00113094374788343,0.00113372177617926,0.00113724773026247,0.00113793936509886,0.00113510059462595,0.00113168777200921,0.00112823443274911,0.00112220321667549,0.00111440772771765,0.0011059984015367,0.00109881887192786,0.00109563476125611,0.00109649739575783,0.0010986582986024,0.00110195719052402,0.00110671183311095,0.00110980260685163,0.00111018032504498,0.00110842765504315,0.00110708316777114,0.00110745243566066,0.00110909968528773,0.00111234315729043,0.00111673103225382,0.00112144520404336,0.00112605272081698,0.00112976462175644,0.0011327300412014,0.00113461704369089,0.00113572943344148,0.00113737543699993,0.00113915327246904,0.00114103071349382,0.00114239026334634,0.0011413687604738,0.00113906159211902,0.00113586172460564,0.00113124147932195,0.00112509396957293,0.00111846533896021,0.00111251608389656,0.00110722690041915,0.00110122194155099,0.00109406083234542,0.00108512185930399,0.00107571253305864,0.0010680224611166,0.00106231402551152,0.00105824755877903,0.00105659832539346,0.00105662964142184,0.0010575404920353,0.00106064072804019,0.00106575368456014,0.00107075300332759,0.00107500297801052,0.00107851543598166,0.00108065064234471,0.00108304442871422,0.00108633282407841,0.00109083621680309,0.0010954685568841,0.00110133006218481,0.00110872988074895,0.0011173836067642,0.0011265623505273,0.00113574953831876,0.0011452444933908,0.00115480655777167,0.00116291589708872,0.00116893013938289,0.00117332732896061,0.00117697260241786,0.00118082810878842,0.00118501395570724,0.00118902018591724,0.00119266436703983,0.00119610717240758,0.00119913697615304,0.00120133576398293,0.00120362343681539,0.00120570640684945,0.00120758816929939,0.001209424626287,0.00121152676196285,0.00121394459063696,0.00121620226716343,0.00121820704628806,0.00122000170936799,0.00122154965359747,0.00122197688383612,0.00122264169512246,0.00122322794809992,0.00122304666441627,0.00122136734497019,0.00121879360812881,0.00121728655408463,0.00121604938509003,0.00121473866399639,0.00121315548008883,0.00121165444175768,0.00121051597688669,0.00120980180164787,0.00120974904878666,0.00120968966609864,0.00121019230504338,0.00121153562149459,0.00121344799020658,0.00121595553710082,0.00121903304279343,0.00122193034227436,0.00122493769417231,0.00122803956226869,0.00123098757141138,0.00123485482539955,0.00123884971124437,0.00124289352718951,0.00124680944036132,0.00125119725841423,0.00125120983488932,0.00125153401638745
NaN,NaN,NaN,NaN,NaN,NaN,NaN,NaN,NaN,NaN,NaN,NaN,NaN,NaN,NaN,NaN,NaN,NaN,NaN,NaN,NaN,NaN,NaN,NaN,NaN,NaN,NaN,NaN,NaN,NaN,NaN,NaN,NaN,NaN,NaN,NaN,NaN,NaN,NaN,NaN,NaN,NaN,NaN,NaN,NaN,NaN,NaN,NaN,NaN,NaN,NaN,NaN,NaN,NaN,NaN,NaN,NaN,NaN,NaN,NaN,NaN,NaN,NaN,NaN,NaN,NaN,NaN,NaN,NaN,NaN,NaN,NaN,NaN,NaN,NaN,NaN,NaN,NaN,NaN,NaN,NaN,NaN,0.00107346037384104,0.00108284326969907,0.00108652564923516,0.00109050095939061,0.00109417639756162,0.00109658361278026,0.001097505724559,0.00109789481105722,0.00109887718643801,0.00109718218726082,0.00109466512071568,0.00109395455569331,0.00109357685967347,0.00109162524225077,0.00109046017219425,0.00108886710507738,0.00108696830535084,0.00108804843005626,0.00109130068385058,0.00109381424115429,0.00109649532535809,0.00109995146070071,0.00110462378358706,0.00110805047857457,0.00111237598696962,0.0011185246233162,0.00112079403686043,0.00112174214624439,0.00112359694165802,0.00112395713899976,0.00112051642643716,0.00111769351870493,0.00111674847759009,0.00111405074581941,0.00111225721414911,0.00111451267489473,0.00111857297417431,0.00112070038375405,0.0011238022036451,0.0011284231587891,0.00113247580677411,0.00113382859190278,0.00113397898613889,0.00113576699476202,0.00113890015920558,0.00113860319944736,0.00113680323202055,0.00113439464546599,0.00113135639178777,0.00112568629264307,0.00111774738544773,0.00110900200054154,0.00110059140185373,0.00109538885068028,0.00109506179414144,0.0010974516769926,0.00110151285603557,0.00110658775973694,0.00110997854904979,0.00110992226112375,0.00110816192792297,0.00110671504243273,0.00110659600682443,0.00110787288099778,0.00111050006643559,0.00111385589197438,0.00111818172589038,0.00112240527563428,0.0011256252086724,0.00112799884979575,0.00112961165559641,0.00113164685360111,0.00113377113267597,0.00113647002244378,0.00113928668322675,0.0011412826155305,0.00114220827882797,0.00114180827427771,0.00113783131639733,0.00113173885027517,0.0011257933725882,0.00111981391740308,0.00111478756132802,0.00111130240264839,0.00110769201918095,0.00110181699582842,0.00109331368879845,0.00108424786110463,0.00107639718915498,0.00107090036428484,0.00106657329896422,0.00106314320551536,0.0010616381553375,0.00106152972761349,0.00106370913202701,0.00106893502026654,0.0010755771976711,0.0010815759776937,0.00108570514747934,0.00108747400245939,0.00108795891154005,0.00109030379627073,0.00109373902074283,0.0010971208967348,0.00110131529895943,0.00110622951134555,0.00111267937023436,0.00112056408943929,0.00112977353890557,0.00113996144401516,0.00115096494207835,0.00116162805634555,0.00116989581895821,0.00117563325464354,0.0011785377667534,0.0011805016517244,0.00118306635381342,0.00118615502927377,0.00118944995186251,0.00119355267972715,0.00119740145778979,0.001200296362073,0.00120252711087065,0.00120456841595222,0.00120660795528446,0.00120850080222703,0.00121032387371159,0.00121210905058107,0.00121393293900923,0.00121614274491877,0.00121873358924662,0.0012211829339019,0.00122264642817488,0.0012236482953778,0.00122563992083283,0.00122594534800152,0.00122533837629372,0.0012229273410489,0.00122048080751065,0.00121887371698249,0.00121709764059676,0.00121491273702076,0.00121287788429187,0.00121083588760646,0.00120881472928606,0.00120741137984081,0.00120702744860053,0.00120753383477785,0.00120863275833526,0.00121028571798665,0.00121278011222348,0.00121565144821877,0.0012189931333495,0.00122209690083768,0.00122530118150869,0.00122862814925449,0.00123219822734353,0.00123559356938338,0.00123933271467014,0.00124225800068697,0.00124587587757185,0.00124622692415062,0.00124656973254144
NaN,NaN,NaN,NaN,NaN,NaN,NaN,NaN,NaN,NaN,NaN,NaN,NaN,NaN,NaN,NaN,NaN,NaN,NaN,NaN,NaN,NaN,NaN,NaN,NaN,NaN,NaN,NaN,NaN,NaN,NaN,NaN,NaN,NaN,NaN,NaN,NaN,NaN,NaN,NaN,NaN,NaN,NaN,NaN,NaN,NaN,NaN,NaN,NaN,NaN,NaN,NaN,NaN,NaN,NaN,NaN,NaN,NaN,NaN,NaN,NaN,NaN,NaN,NaN,NaN,NaN,NaN,NaN,NaN,NaN,NaN,NaN,NaN,NaN,NaN,NaN,NaN,NaN,NaN,NaN,NaN,NaN,0.00107673784648832,0.00108375984545728,0.00108732406708548,0.00109245245969292,0.0010969986651501,0.0010992740807353,0.00109925472929946,0.00110007104745122,0.00110157205710261,0.00110116370053253,0.00109881256246512,0.00109690270649423,0.00109593763845762,0.00109450629460503,0.00109214531900442,0.00108939884949123,0.00108732092741881,0.0010878555470869,0.00108971874312569,0.00109129456950609,0.00109418768342979,0.00109810390616679,0.00110271163292322,0.00110676328065876,0.00111185103957355,0.0011194535421112,0.00112315228765646,0.00112293794739516,0.00112541543829287,0.0011270966704354,0.00112429286820837,0.00112285109898425,0.00112266766045364,0.00111877428558507,0.00111715364806506,0.00112041865668169,0.00112285847898164,0.00112325094731809,0.00112562943050877,0.00113042522914975,0.00113478673819417,0.00113637869071181,0.00113592077274053,0.00113722435790727,0.00113875795167307,0.00113799125474887,0.00113693314166832,0.00113498349120578,0.00113229809681563,0.001127642321107,0.00112051260529929,0.00111152183751045,0.00110243622408492,0.00109526963342422,0.00109333787343335,0.00109551995963025,0.0011011817977587,0.00110662031338395,0.00111035763620142,0.00110951548740479,0.00110825577937096,0.00110706912407311,0.00110638879487111,0.00110665129486134,0.00110812679783027,0.00111029427674621,0.00111333245106215,0.00111649447514739,0.00111848476038921,0.00111964698522328,0.00112139380645657,0.0011249123186633,0.0011286745604685,0.00113198161567174,0.00113503787538365,0.00113820334863604,0.00114028031143238,0.00114074736114123,0.00113794549175231,0.00113309780220221,0.00112737391503392,0.00112113665763547,0.00111602979672074,0.00111363988248097,0.0011118965331115,0.00110863529040683,0.00110264443917973,0.00109428887050737,0.00108634527938595,0.00108020817897207,0.00107610925174343,0.00107305403726154,0.00106974015435457,0.00106785701520286,0.00106918696392385,0.00107447115739018,0.00108172910577999,0.00108909548835301,0.00109426265316075,0.00109541026148971,0.00109543125199603,0.00109645278902395,0.00109803098608142,0.00110050244075266,0.00110417526291737,0.00110727274914252,0.0011110918928806,0.00111679650044794,0.00112334154845813,0.00113150075490547,0.00114247557668992,0.00115517173107168,0.00116593377973698,0.00117430935119502,0.00117988719748208,0.00118192871906951,0.00118334888863431,0.00118501590096164,0.00118625726543909,0.00118926510940272,0.00119329963243012,0.001197586367098,0.00120082281693998,0.00120250064801207,0.00120444858143074,0.00120653195846696,0.001208306545943,0.00120972772503241,0.00121092450988214,0.00121232109408698,0.00121470255031624,0.0012181861492543,0.00122045703211604,0.00122115832750179,0.00122453786105239,0.00122724044111933,0.00122797751334193,0.00122683016254188,0.00122492501828015,0.00122306942395062,0.00122039128316486,0.00121786572260334,0.00121537574229547,0.00121235150636567,0.0012085158990652,0.00120500354740162,0.00120321474656503,0.00120353748572104,0.00120482252482734,0.00120687616802572,0.00120934755304011,0.00121227140102915,0.00121563349642715,0.00121908242070848,0.00122193309139979,0.00122493509378836,0.00122806602355106,0.00123138897699172,0.0012348763041579,0.00123732499402149,0.00124050772869599,0.0012399812929813,0.00124032928934678
NaN,NaN,NaN,NaN,NaN,NaN,NaN,NaN,NaN,NaN,NaN,NaN,NaN,NaN,NaN,NaN,NaN,NaN,NaN,NaN,NaN,NaN,NaN,NaN,NaN,NaN,NaN,NaN,NaN,NaN,NaN,NaN,NaN,NaN,NaN,NaN,NaN,NaN,NaN,NaN,NaN,NaN,NaN,NaN,NaN,NaN,NaN,NaN,NaN,NaN,NaN,NaN,NaN,NaN,NaN,NaN,NaN,NaN,NaN,NaN,NaN,NaN,NaN,NaN,NaN,NaN,NaN,NaN,NaN,NaN,NaN,NaN,NaN,NaN,NaN,NaN,NaN,NaN,NaN,NaN,NaN,NaN,0.00107881448067628,0.00108502436526872,0.00108806456485311,0.00109437349828308,0.00109913365469065,0.00110131311083428,0.00110086572693017,0.00110175533847737,0.00110392510409117,0.00110391662732164,0.00110277245339176,0.00110021882634386,0.0010981687624122,0.0010960579600481,0.00109316086833169,0.00109030105471451,0.00108779806096549,0.001086636145889,0.00108713154388616,0.00108816323675087,0.00108993020223816,0.00109470521378845,0.00110016451571418,0.00110461358275357,0.00111016381989827,0.00111825092456676,0.00112377544424702,0.00112317872074723,0.00112606717081312,0.00112807480596178,0.0011272334277255,0.00112889880418796,0.00112980002239223,0.0011253424518779,0.00112333127401095,0.00112588529066754,0.00112593086069098,0.00112468746787859,0.0011245657433448,0.00112935016174117,0.00113401545141366,0.00113599160941594,0.00113585554773998,0.00113638567160021,0.00113653523847196,0.00113695137701351,0.00113602177559287,0.00113372768869206,0.00113107390674218,0.00112803392996332,0.001122567158941,0.00111426470894016,0.00110458544836375,0.00109613387071827,0.00109210080353628,0.00109252532124144,0.00109809635954022,0.00110482339267752,0.00110908326444159,0.00110888357063463,0.00110787152411848,0.00110682444501717,0.00110581025969713,0.00110569255762096,0.00110613311054595,0.00110647750499454,0.001106915846264,0.00110891860569079,0.00111099361926688,0.00111154529932949,0.00111449523288184,0.00111808255408563,0.00112235894845944,0.00112678965589657,0.00112992818142845,0.00113398168542394,0.00113717400504318,0.00113712944001306,0.00113501266301648,0.00113250585772251,0.00112902219940457,0.0011242688703983,0.00111948726692378,0.00111689395552959,0.00111591747514857,0.00111608231509239,0.00111368064832807,0.00110656360557006,0.00109851136005386,0.00109212592900176,0.00108737117585192,0.00108516710191859,0.00108397463722085,0.001080192515893,0.00107923714026123,0.00108336134104427,0.00109082901665428,0.00109853757358153,0.00110409026613576,0.00110602332089608,0.00110538961750123,0.00110466270364152,0.00110367879947147,0.00110295486617862,0.0011062540736594,0.00111076823654474,0.00111368320350093,0.00111640226327292,0.00112116288502353,0.00112695326865116,0.00113507988220856,0.00114588571783877,0.00115758187917975,0.00116685700132372,0.00117628423021801,0.00118232600536722,0.00118442184473357,0.00118634699472376,0.00118678462762167,0.00118681154478445,0.00118955650772208,0.00119337080652111,0.00119744333299626,0.00119967167902332,0.00120098704069315,0.00120279574791355,0.00120470960777249,0.00120593248144185,0.00120660647182647,0.00120779300239356,0.00120951888756166,0.00121241571289406,0.00121612229705743,0.00121813938975371,0.00122157590574106,0.0012265371995579,0.00122908231601621,0.00122871177218937,0.00122780386864074,0.00122714063687167,0.00122526966379756,0.00122243712318985,0.00121934989460947,0.00121519373827225,0.00120976955187679,0.00120414445054999,0.00120019312118955,0.00119913237293858,0.00120004889655003,0.00120224948855204,0.00120482224995488,0.00120780686012047,0.0012113135152926,0.00121444482243371,0.00121716009355807,0.00121972888307498,0.00122271394546425,0.00122597294659197,0.0012293968051158,0.00123229051456228,0.00123540907603815,0.00123405270172086,0.00123438784056387
NaN,NaN,NaN,NaN,NaN,NaN,NaN,NaN,NaN,NaN,NaN,NaN,NaN,NaN,NaN,NaN,NaN,NaN,NaN,NaN,NaN,NaN,NaN,NaN,NaN,NaN,NaN,NaN,NaN,NaN,NaN,NaN,NaN,NaN,NaN,NaN,NaN,NaN,NaN,NaN,NaN,NaN,NaN,NaN,NaN,NaN,NaN,NaN,NaN,NaN,NaN,NaN,NaN,NaN,NaN,NaN,NaN,NaN,NaN,NaN,NaN,NaN,NaN,NaN,NaN,NaN,NaN,NaN,NaN,NaN,NaN,NaN,NaN,NaN,NaN,NaN,NaN,NaN,NaN,NaN,NaN,NaN,0.00108028968436151,0.00108742504876453,0.00108953895850795,0.00109451574635385,0.001099997898222,0.00110262573829294,0.00110348312869994,0.00110475518116045,0.00110557017612561,0.00110582245211818,0.0011054006356839,0.0011029964423388,0.00109995584219693,0.00109762148105854,0.00109366952597476,0.00109014889791546,0.00108756532549073,0.0010845002238227,0.00108375101697157,0.00108424178465675,0.00108554952902633,0.00109033247189747,0.00109614831204466,0.00110324294742337,0.00110916997983422,0.00111522968861481,0.00112113722454476,0.0011219641264511,0.0011241303570656,0.00112667107076718,0.00112992531939272,0.00113477984218544,0.0011367674589264,0.00113322490975449,0.00113118432187203,0.00113128865277506,0.00112879077680974,0.0011258119245393,0.00112362753683642,0.00112704223470874,0.00113147275137171,0.00113355739406701,0.00113527256202417,0.00113505858580281,0.00113505349331009,0.00113649016471804,0.00113553067110554,0.00113306170029683,0.00113066079710854,0.00112780603052718,0.00112284098781417,0.00111498471573311,0.00110532982651157,0.00109655475910726,0.00109042708643802,0.00108962918674699,0.00109490546427849,0.00110354469982915,0.00110584877172071,0.00110543410258203,0.00110468573479763,0.00110445818594428,0.00110381065274107,0.00110290856559399,0.00110236849198214,0.00110173916617579,0.00110219390965178,0.00110451568287351,0.00110617635781392,0.00110556017510629,0.00110704400717598,0.00111032849814472,0.00111377617736803,0.00111826696556727,0.00112295412228092,0.00112880945622522,0.00113364288254481,0.00113529219198029,0.00113396761609933,0.00113259843264171,0.00113054931802416,0.00112694090337711,0.00112230814544095,0.00111877332281684,0.00111990219007696,0.0011234242961421,0.0011230753430182,0.00111629782691157,0.00110960891992376,0.00110327312633425,0.00109892812717131,0.00109900994119269,0.00109637473902089,0.00109165477965998,0.00109005159780345,0.00109429555108056,0.00110151818252702,0.00110786390847155,0.00111195330252721,0.00111535786838812,0.00111610690330717,0.00111455420449731,0.00111238068443683,0.00110988977360322,0.00111006211901964,0.00111355201749248,0.00111723851647628,0.00111832382407563,0.0011206343348688,0.00112523581627257,0.00113109254618987,0.00113984027851448,0.00115152854001589,0.00115994890323534,0.00116882392439106,0.00117764722533342,0.00118305826841969,0.00118594649855891,0.00118740059136596,0.00118573289053471,0.00118536532674932,0.0011881581086382,0.00119156475943194,0.00119524130889164,0.00119688309565892,0.0011983833294364,0.00120017124991384,0.00120198904622056,0.00120239463592602,0.00120296977109363,0.00120449303666203,0.00120784346163349,0.00121168459901434,0.0012150269264263,0.00121857334323384,0.00122361561033846,0.001228572374672,0.0012286721429348,0.00122833662455515,0.00122866456706124,0.00122796721784292,0.00122618489788743,0.00122315116043197,0.00121889528621564,0.00121269784975084,0.00120495027835864,0.00119821686521615,0.00119483674810961,0.00119444885509795,0.00119658693127597,0.00119971591119682,0.00120225931066244,0.00120576663089103,0.00120868858414457,0.00121134378478827,0.00121408892175176,0.00121707557056995,0.00122009915788374,0.00122320835205128,0.00122674632358952,0.00122986781399223,0.0012273208806844,0.00122765339084767
NaN,NaN,NaN,NaN,NaN,NaN,NaN,NaN,NaN,NaN,NaN,NaN,NaN,NaN,NaN,NaN,NaN,NaN,NaN,NaN,NaN,NaN,NaN,NaN,NaN,NaN,NaN,NaN,NaN,NaN,NaN,NaN,NaN,NaN,NaN,NaN,NaN,NaN,NaN,NaN,NaN,NaN,NaN,NaN,NaN,NaN,NaN,NaN,NaN,NaN,NaN,NaN,NaN,NaN,NaN,NaN,NaN,NaN,NaN,NaN,NaN,NaN,NaN,NaN,NaN,NaN,NaN,NaN,NaN,NaN,NaN,NaN,NaN,NaN,NaN,NaN,NaN,NaN,NaN,NaN,NaN,NaN,0.00107987046140458,0.00108939050649227,0.00109101696478319,0.00109520026709242,0.00110087822666004,0.00110391089793475,0.00110594385427429,0.00110799923657413,0.00110765074390222,0.00110798656467376,0.00110730219268823,0.00110504860602892,0.00110137899265674,0.00109807630914058,0.00109413854634768,0.00109090734655531,0.00108740445351291,0.00108168592473228,0.00107976799786654,0.00108059841517977,0.00108222217934723,0.00108586514682542,0.00109184469040912,0.00109969113093789,0.00110610126156171,0.00111055600058563,0.00111799951016087,0.00112033683082605,0.001121126668584,0.00112568955410119,0.00113258758558062,0.0011384762762008,0.00114149787982539,0.00114108238979247,0.00113982856429723,0.00113718743398776,0.00113267168734876,0.0011289317799629,0.00112601822710636,0.00112603933516583,0.00112811106311198,0.0011316675806797,0.00113500998185343,0.001133715879556,0.00113301879434297,0.0011337785282988,0.0011335362343586,0.00113156877519604,0.00112865017585325,0.00112504425234941,0.00111928263811178,0.00111175414297479,0.00110369251747137,0.00109553331626101,0.00108871482380705,0.00108826176122876,0.00109476988728467,0.00110142036984058,0.0011021071705563,0.00110074659140769,0.00110029086781052,0.00110084426855255,0.00110042797994872,0.00109941372235927,0.00109925332246387,0.001100330768391,0.00110168752196396,0.00110135410372584,0.00109858845699649,0.00109613170295546,0.00109646630004151,0.00110004437394051,0.00110360222149495,0.00110906179077941,0.00111565198295313,0.00112198757087001,0.00112918242279205,0.00113475373101835,0.00113469760784738,0.00113349055969158,0.00113113682778948,0.00112764429080339,0.00112351238519718,0.00111961753525369,0.00112064758782416,0.00112763276639649,0.00113031225980154,0.00112497773316922,0.00111878930081802,0.00111315043290237,0.00111099693483384,0.00111115511408446,0.00110668689337924,0.00109925172766705,0.00109946337376927,0.00110527023798732,0.00111348348791133,0.00111689309883044,0.00111882645012225,0.00112385456430055,0.00112466514824615,0.00112193177204986,0.00111931171151566,0.00111871917285229,0.00111964997429571,0.00112055657555802,0.00112307449242851,0.00112388041068787,0.0011234653689778,0.00112528777877959,0.00112957263579869,0.00113547586332513,0.00114592836184408,0.00115579246074408,0.00116393575720995,0.00117224171004047,0.00117889264435418,0.00118238819945943,0.00118407736076411,0.00118560617381508,0.00118467850789285,0.00118469670665046,0.00118682262244473,0.00118987375269524,0.00119269955351987,0.00119466764498057,0.0011958562003333,0.00119708620445363,0.00119864202758837,0.00119849797811426,0.00119983849490485,0.00120329369601001,0.001207403060972,0.00121163302554775,0.00121712675752076,0.0012227507938502,0.00122668750983723,0.0012283256180647,0.00122881332569508,0.00122873248156729,0.00122944422435515,0.00122812555484511,0.00122592185166533,0.00122298859862173,0.00121672894350022,0.00120736161267192,0.00119776105561687,0.00119184712564563,0.00118964811341027,0.00119000237920958,0.00119323303664662,0.00119669894044074,0.00119936084550348,0.00120236235155216,0.00120512833947916,0.00120790976143272,0.00121093226712144,0.00121371878251455,0.00121628144864711,0.00121992041881885,0.00122357544476381,0.00122032965897249,0.00122065903988408
NaN,NaN,NaN,NaN,NaN,NaN,NaN,NaN,NaN,NaN,NaN,NaN,NaN,NaN,NaN,NaN,NaN,NaN,NaN,NaN,NaN,NaN,NaN,NaN,NaN,NaN,NaN,NaN,NaN,NaN,NaN,NaN,NaN,NaN,NaN,NaN,NaN,NaN,NaN,NaN,NaN,NaN,NaN,NaN,NaN,NaN,NaN,NaN,NaN,NaN,NaN,NaN,NaN,NaN,NaN,NaN,NaN,NaN,NaN,NaN,NaN,NaN,NaN,NaN,NaN,NaN,NaN,NaN,NaN,NaN,NaN,NaN,NaN,NaN,NaN,NaN,NaN,NaN,NaN,NaN,NaN,NaN,0.00107700505727185,0.00108849111671212,0.00109258411711745,0.00109662676173995,0.00110074025809589,0.00110485480264142,0.00110825941575425,0.00111055151200279,0.00111014451532999,0.00111050681155039,0.00110899588769402,0.00110616506520711,0.00110329116274127,0.00109845243725765,0.00109399859263586,0.001091428142993,0.00108736168023845,0.00108088596510701,0.00107734170322077,0.00107822462705798,0.00107955682128924,0.00108228006757452,0.00108759371003804,0.00109440273999325,0.00110117565805813,0.00110642812685899,0.00111503736632283,0.00111847872196771,0.00111964555303659,0.00112555685841849,0.00113373244313865,0.00114002503367696,0.00114524383195203,0.00114778430529538,0.00114750603881275,0.00114364070500908,0.0011379652942756,0.00113307192549416,0.0011291049901796,0.00112743368343113,0.00112759307731559,0.00113148601522675,0.0011340631469919,0.00113053306554495,0.00112799912321173,0.00112848650666297,0.00112921416493927,0.00112819734337682,0.0011254996437858,0.00112199665355547,0.00111632321907471,0.00111000683848032,0.00110307079431422,0.00109648227183987,0.00109060490551886,0.00108972121043692,0.00109500662391939,0.00109746423269166,0.00109768946478124,0.00109633410659714,0.00109579723240637,0.0010957093042489,0.00109530346662903,0.00109545781851757,0.00109638137247825,0.00109806248394464,0.00109739811820091,0.00109178327840386,0.00108453912944584,0.00108202100421374,0.00108439745978884,0.00108976113308512,0.0010948306282559,0.00110108940730054,0.0011080297983711,0.00111551936967691,0.00112541475755396,0.00113221996507595,0.00113410234850784,0.00113339361311787,0.00113130114906465,0.00112871077145816,0.00112569751969685,0.00112160545022948,0.00112251504484274,0.00113035473015177,0.00113664167466451,0.00113320171248255,0.00112638946649544,0.00112176826468557,0.00112166404410485,0.00112137071740441,0.00111678180358667,0.00111115947293081,0.00111233940790727,0.00111846774863603,0.0011246623789533,0.0011259593916061,0.00112675239875435,0.00113201431714914,0.0011333647849846,0.00112762351946998,0.0011241020032747,0.00112695298215755,0.00112933210616847,0.00113083252475467,0.00113058662666905,0.00113155197581584,0.00113035627206104,0.00112919019390318,0.00113193735262347,0.00113535589240621,0.00114106980137887,0.00115045413124221,0.0011598583565278,0.00116914824598458,0.00117657536904343,0.00118053777165815,0.00118169198008071,0.00118101418782551,0.00118243934522031,0.00118352886438396,0.00118545833449805,0.00118683807695933,0.00118920395326154,0.00119118681073052,0.0011917063244059,0.00119167380391577,0.00119310849247203,0.00119416992122729,0.0011948625535537,0.00119671405473567,0.00120316845262614,0.00120743331272628,0.00121332796308186,0.00122174255357514,0.00122720612034731,0.00123012735500768,0.00122955110141989,0.00122923308885385,0.00123099435674094,0.00122874624726207,0.00122795734437326,0.00122566533770514,0.00122049906830965,0.00121152989628389,0.00119902373120451,0.00119072433785008,0.00118668368361029,0.00118569519536181,0.00118559570132116,0.00118915379091112,0.00119240805912299,0.00119555774171289,0.00119845676439925,0.00120115056199703,0.00120394164180904,0.00120666286921717,0.00120936903503681,0.00121305739647499,0.00121663270259054,0.00121358515683094,0.00121390921703122
NaN,NaN,NaN,NaN,NaN,NaN,NaN,NaN,NaN,NaN,NaN,NaN,NaN,NaN,NaN,NaN,NaN,NaN,NaN,NaN,NaN,NaN,NaN,NaN,NaN,NaN,NaN,NaN,NaN,NaN,NaN,NaN,NaN,NaN,NaN,NaN,NaN,NaN,NaN,NaN,NaN,NaN,NaN,NaN,NaN,NaN,NaN,NaN,NaN,NaN,NaN,NaN,NaN,NaN,NaN,NaN,NaN,NaN,NaN,NaN,NaN,NaN,NaN,NaN,NaN,NaN,NaN,NaN,NaN,NaN,NaN,NaN,NaN,NaN,NaN,NaN,NaN,NaN,NaN,NaN,NaN,NaN,0.0010739850035695,0.00108612983724444,0.00109201294949032,0.00109649895983384,0.00110011889514876,0.00110558976007124,0.00111008167997351,0.00111172268958577,0.00111279323671639,0.00111310304107795,0.00111107326119823,0.00110701973870619,0.0011041529387245,0.00109977884671867,0.00109406920027742,0.00109160156955317,0.00108772143358874,0.0010820097970671,0.00107763833699887,0.00107709800787909,0.00107797369506867,0.00107933728138985,0.00108169197840679,0.00108813851044444,0.0010950483750856,0.00110158943021794,0.00111052567516341,0.0011165915180491,0.00111954135381241,0.00112648592921935,0.00113420425381818,0.00114275215542063,0.00114869312182226,0.00115137182522695,0.00115172089195912,0.00114958229885585,0.00114480261096956,0.00113842385539627,0.00113366192573682,0.00113170799684414,0.00113137356294384,0.00113403287956608,0.00113286758253204,0.00112648188626108,0.00112279128394598,0.00112394201620098,0.0011248930274752,0.00112411636639821,0.00112240286668525,0.00112042829760584,0.00111604138740274,0.00111086004486441,0.00110567601079306,0.00110030459416088,0.00109489450165061,0.0010925426433716,0.00109249252075311,0.00109315360527433,0.00109349426901212,0.00109272178869463,0.00109046270584864,0.00108833447710968,0.00108750100038966,0.00108694767066349,0.00108675135733536,0.00108631504585735,0.0010831384763851,0.00107536006012536,0.00107019250744962,0.00107040071472815,0.00107543111383351,0.00108152538334472,0.00108612613646069,0.00109200164032792,0.00109945096151477,0.00110959695794183,0.00111998439782179,0.0011246035320245,0.00112781757002999,0.00112827784030254,0.00112842563919398,0.00112815099492979,0.00112638296918679,0.00112608325737973,0.00112936164773173,0.00113521203257085,0.00114046448871785,0.00113828033518081,0.00113365333653124,0.00113196552976708,0.00113158942474916,0.00112932314390669,0.00112575342761326,0.00112662307231976,0.00113210909959006,0.0011366912976658,0.00113728516488943,0.0011368357643411,0.00113899503891419,0.00114339084025101,0.00114219506947312,0.00113296599807851,0.00112988313199966,0.00113674409002873,0.00114110588344633,0.00113949610453155,0.00113881024440809,0.00113779521662133,0.00113723060383315,0.00113631801405906,0.00113700661159159,0.00114058064203716,0.00114439149270608,0.00114833424614685,0.00115400485138712,0.00116266586869439,0.00117387121846671,0.00118092353572961,0.00118162502340549,0.00117915213356095,0.00117899450991422,0.00118136306335479,0.00118373784667414,0.00118618053856725,0.00118841499199489,0.00118991222809656,0.00118971646361456,0.00118831104423787,0.00118464468419342,0.00118598292221896,0.00118931659731057,0.00119162742694798,0.00119510064230643,0.00120151340737784,0.00120800003640524,0.00121816582147706,0.00122780051455715,0.00123032794645442,0.00123174802546432,0.00123038451745941,0.0012310981087582,0.00123046095330457,0.00122888405026019,0.00122786128746451,0.00122440819082806,0.0012163390600835,0.00120373380010352,0.00119294192506231,0.00118617967458948,0.00118396973470919,0.00118286431310586,0.00118306568423448,0.00118608816972288,0.00118960049440857,0.00119250076812101,0.00119463393574882,0.00119710545053046,0.00120017800423684,0.00120322825689691,0.00120675676761382,0.00120954923812894,0.00120669929328097,0.00120703368335997
NaN,NaN,NaN,NaN,NaN,NaN,NaN,NaN,NaN,NaN,NaN,NaN,NaN,NaN,NaN,NaN,NaN,NaN,NaN,NaN,NaN,NaN,NaN,NaN,NaN,NaN,NaN,NaN,NaN,NaN,NaN,NaN,NaN,NaN,NaN,NaN,NaN,NaN,NaN,NaN,NaN,NaN,NaN,NaN,NaN,NaN,NaN,NaN,NaN,NaN,NaN,NaN,NaN,NaN,NaN,NaN,NaN,NaN,NaN,NaN,NaN,NaN,NaN,NaN,NaN,NaN,NaN,NaN,NaN,NaN,NaN,NaN,NaN,NaN,NaN,NaN,NaN,NaN,NaN,NaN,NaN,NaN,0.00107058061405017,0.00108406230305728,0.00108920041211587,0.0010955092954432,0.00109959731194076,0.00110425992978854,0.00110945290638158,0.0011119827565479,0.00111387669468189,0.00111462988467278,0.00111222998154576,0.00110883811066017,0.00110480592483112,0.00110148862205516,0.0010966939949904,0.00109260615324824,0.00108911434584574,0.00108336356584,0.00107847224405508,0.00107763831124816,0.00107820064744749,0.00107731855426008,0.00107694817685183,0.00108108078465763,0.00108875100079469,0.0010963125752588,0.00110560283943763,0.00111358453283466,0.00111981238499966,0.00112775172642381,0.00113612695364237,0.00114454337218825,0.0011501836952541,0.00115326869579125,0.00115486387490853,0.00115500190244459,0.00115257550180026,0.00114572460620371,0.00114050342033918,0.00113901152016466,0.00113892143208999,0.00113825924165262,0.00113245588563168,0.00112387804955312,0.00112085532021666,0.00112209099328411,0.00112229001663614,0.00112012626656682,0.00111949284907545,0.00111864129338428,0.00111593029659924,0.00111151390998226,0.00110954690479287,0.00110399637874659,0.00109684495192616,0.00109001216682097,0.00108614784611076,0.00108583827522088,0.00108754684927666,0.00108775237443969,0.00108429574652955,0.00108058235542634,0.00107861704866321,0.00107716516308732,0.00107612516075026,0.00107381384224223,0.00107059934714998,0.00106555645832636,0.00106417652730135,0.00106641265556514,0.00107142012456972,0.00107622444539398,0.00107988512961535,0.00108586071207773,0.00109482144575132,0.00110786796296881,0.00111606108782271,0.00111814522701114,0.0011204262170709,0.00112310414856534,0.00112646586125012,0.00112974087800601,0.00113223263991615,0.00113700587276011,0.0011400818763126,0.00114284888444584,0.00114568781375659,0.00114500455653677,0.00114329084552244,0.00114478291930886,0.00114294685355054,0.00113722151481438,0.00113526041609568,0.00114160833152909,0.00115179315844116,0.00115398666552173,0.00115362819297382,0.00115213519952045,0.00115525519823395,0.00115842038345751,0.00115467686762716,0.00114354081880714,0.00113959325610403,0.00114588413735066,0.00115555180089036,0.00115342817205259,0.00114923942392748,0.00114617827469564,0.00114345713305347,0.00114581097049975,0.00114561284765735,0.00114657011308422,0.00114975627558896,0.00115560221366065,0.00115685188788791,0.00115696132502906,0.00116706443520417,0.00117772634672941,0.00118282864054847,0.00118004824881875,0.00117862948184606,0.00118021522054716,0.00118379161639732,0.00118643576316625,0.00118814055053795,0.00119030753847051,0.00119103302789848,0.00118796970090154,0.00118061792281804,0.00117722671048149,0.00117976806187292,0.00118628280560041,0.00118866008527027,0.00119276023613706,0.00120080478348549,0.001211121436716,0.00122170862901146,0.00122711487741025,0.00123016906197083,0.00123300833687274,0.00123005419155386,0.00123004798846286,0.00122889424713267,0.00122824241157193,0.00122621975314678,0.00122097160339969,0.0012080843365274,0.00119576289157277,0.00118920460311767,0.0011841937742733,0.00118147696523552,0.00118070797773514,0.00118275350782602,0.00118493937931055,0.00118734467790332,0.00118951213670067,0.00119166603208632,0.00119432654232143,0.00119763307660148,0.00120093296373276,0.00120265370619321,0.00119956227346048,0.00119991461769397
NaN,NaN,NaN,NaN,NaN,NaN,NaN,NaN,NaN,NaN,NaN,NaN,NaN,NaN,NaN,NaN,NaN,NaN,NaN,NaN,NaN,NaN,NaN,NaN,NaN,NaN,NaN,NaN,NaN,NaN,NaN,NaN,NaN,NaN,NaN,NaN,NaN,NaN,NaN,NaN,NaN,NaN,NaN,NaN,NaN,NaN,NaN,NaN,NaN,NaN,NaN,NaN,NaN,NaN,NaN,NaN,NaN,NaN,NaN,NaN,NaN,NaN,NaN,NaN,NaN,NaN,NaN,NaN,NaN,NaN,NaN,NaN,NaN,NaN,NaN,NaN,NaN,NaN,NaN,NaN,NaN,NaN,0.00106918065562448,0.00108121219419385,0.00108707786799824,0.00109295519989703,0.00109829881405295,0.00110336298386818,0.00110895036915702,0.0011120530007886,0.00111387789911399,0.00111524723071182,0.00111397824265147,0.00111054071841751,0.00110625648529003,0.0011022285628097,0.00109884819920425,0.0010952959660498,0.00109014162742025,0.00108455720753264,0.00108112930165192,0.00107817802584722,0.00107804152371513,0.00107727840622163,0.00107373625412536,0.00107595049529228,0.00108355867972761,0.00109183829508795,0.00110220800480843,0.00111162183087877,0.00111966150854058,0.00112723957049228,0.00113716412160092,0.00114558350136572,0.00115096567174093,0.00115527593749908,0.00115898302371221,0.00116100035592381,0.00115992859784236,0.00115417996526372,0.00114870800861557,0.00114657247020376,0.00114605161640492,0.00114117066274898,0.00113074099019705,0.00112274560788861,0.00112135309183955,0.00112144476701769,0.00111981990346523,0.0011164660345007,0.00111452964262689,0.00111326861854499,0.00111064337330149,0.0011072870874243,0.00110508473248277,0.00110024745587656,0.00109020551453828,0.00108178951433717,0.00107762720041478,0.00108143435880318,0.00108398688140487,0.0010839645555633,0.00108002602455636,0.00107543118246009,0.00107371495864646,0.0010724140699148,0.00107095334074784,0.00106817367323148,0.00106767345124998,0.00106438759231016,0.0010619817933869,0.00106394682044302,0.00106817905635086,0.00107112866937999,0.00107593916367362,0.00108450946711328,0.00109600060439042,0.00110661086461066,0.00110902381478918,0.00111281795365136,0.00111652628013856,0.00112291022949328,0.00113039689805656,0.00113614245815625,0.00114056085055478,0.00114503055191664,0.00114716465240311,0.00114889229981124,0.00115134538661458,0.00115359548557853,0.0011591951986667,0.00116603137069299,0.00115865724398459,0.00114707101047829,0.00114396301630634,0.00115466456128042,0.001167720188241,0.00117175756381054,0.0011727454984088,0.0011716542056822,0.00117565559488724,0.00117631407157343,0.00116799177361103,0.00115652193286702,0.00115434679194658,0.00116138855574947,0.00117004992780417,0.0011718564019712,0.00116563218761788,0.00116101263099524,0.00115568380893758,0.00115509849901955,0.00115745311715191,0.00115982258859904,0.00115866415322481,0.00116024466466301,0.00116661281579715,0.00116455035137036,0.00116544860733372,0.00117297969873842,0.00118065640358608,0.00118129997854788,0.00117969296367275,0.00117982959823182,0.00118246827003429,0.00118622417151215,0.00118806499881167,0.00118929484382563,0.00118998660781004,0.00118554421470734,0.00117795663728268,0.00117509652273245,0.00117352553235741,0.00117644212543111,0.00118063897571734,0.00118475440938188,0.00119282364502401,0.00120385927123845,0.00121374575982769,0.00122128807151891,0.00122585209781145,0.00122888070634728,0.00122920020958411,0.00122708821709577,0.00122652739074243,0.00122746426742903,0.00122811175194422,0.00122312083722923,0.00121125416689439,0.00119618730174663,0.0011893956319366,0.00118471078033,0.00118010483991296,0.00117846302525829,0.0011794318492071,0.00118037409418129,0.00118225353724816,0.00118459191554771,0.00118654743571846,0.00118904986992564,0.00119200143878492,0.00119490223645587,0.00119615550019209,0.00119286908639465,0.0011932365428
NaN,NaN,NaN,NaN,NaN,NaN,NaN,NaN,NaN,NaN,NaN,NaN,NaN,NaN,NaN,NaN,NaN,NaN,NaN,NaN,NaN,NaN,NaN,NaN,NaN,NaN,NaN,NaN,NaN,NaN,NaN,NaN,NaN,NaN,NaN,NaN,NaN,NaN,NaN,NaN,NaN,NaN,NaN,NaN,NaN,NaN,NaN,NaN,NaN,NaN,NaN,NaN,NaN,NaN,NaN,NaN,NaN,NaN,NaN,NaN,NaN,NaN,NaN,NaN,NaN,NaN,NaN,NaN,NaN,NaN,NaN,NaN,NaN,NaN,NaN,NaN,NaN,NaN,NaN,NaN,NaN,NaN,0.00106654274731466,0.00107714823761455,0.00108385040817218,0.00109002522504299,0.00109524933336533,0.00110115877735162,0.00110736378182585,0.00111135992888769,0.00111437191013287,0.00111585386167014,0.00111451027749794,0.00111050946282198,0.00110667734914594,0.00110332249581274,0.00110073712841051,0.00109836986795678,0.0010938056818187,0.00108782005708973,0.00108364042315321,0.00107956113243042,0.00107786788731646,0.0010768011341114,0.00107374385312482,0.00107497129710102,0.00108099234179848,0.00108789885329325,0.00109929787921226,0.00111113672828022,0.00112044042867368,0.00112803122923587,0.00113838234893251,0.0011471841005013,0.00115409592534692,0.00115968117799467,0.00116368095673994,0.0011666565151579,0.00116508704870308,0.00116042525770188,0.00115479802647647,0.00115148555607549,0.00115046100892541,0.00114218062644656,0.00112953181919394,0.00112321705876127,0.00112181646410946,0.00112047068258082,0.00111717689581918,0.00111256493323286,0.00110760536543454,0.00110392227916163,0.00110044518754336,0.00109512681308387,0.00109279521435973,0.00109126698061547,0.00108343171315296,0.00108201211121296,0.00108214920451285,0.00108411634644084,0.00108290829034709,0.00108267908575332,0.00107912159968844,0.00107449101341615,0.0010728249798556,0.00107212245069165,0.00107099154898685,0.00107053828516013,0.00106714679947634,0.00106139102882137,0.00105577573012483,0.00105931997006845,0.00106511723939127,0.00107102572842757,0.00107971197418019,0.00108941301274066,0.00109869730411727,0.00110384699760527,0.00110440989683103,0.00110975756186844,0.00111739707970958,0.00112864995275973,0.00113884415389698,0.00114178715528735,0.0011435433166087,0.00114746229223595,0.00114845449173119,0.00115317738493316,0.00116080687980143,0.00116901309184757,0.00117973653251899,0.00118286696553736,0.00117109604442384,0.00115772191244553,0.00115846053941306,0.00117210711633545,0.00118307408345287,0.00118719525399666,0.00119074259875508,0.00119261485123677,0.00119647016467874,0.00119712995889965,0.00118484865166174,0.00117178297859488,0.00117027650281769,0.00117915830876945,0.00118614681299348,0.00119056384908092,0.00118456422862022,0.00118084890462233,0.00117722190712348,0.00117188613421237,0.0011720581983696,0.0011749199046305,0.00117421213652807,0.00117199609181555,0.00117287558951555,0.00117460832194649,0.00117176650872233,0.00117410280982299,0.00118022566049736,0.0011823871481745,0.00118148572880503,0.00117919214733308,0.00117923148115083,0.00118360262550603,0.00118760034278828,0.00118851959872793,0.00118890428293869,0.00118588433370206,0.00117381129561809,0.00116766236658937,0.00116911680926764,0.00117160423019817,0.00117330756133888,0.00117635267646952,0.0011826257806262,0.00119428246434546,0.0012061179888314,0.0012137038216285,0.0012207949533136,0.00122522317912642,0.00122571631041546,0.00122234471228598,0.00122179265446594,0.00122413234556073,0.00122762190618853,0.00122401403633764,0.00121316518742723,0.00119666593146884,0.00118576230335089,0.00118290672357294,0.00117991691960201,0.00117648237680612,0.00117538402359052,0.00117633748243828,0.00117752709022041,0.00117914781023668,0.00118120785703289,0.00118374977385465,0.00118631299529484,0.00118939670652373,0.00119075345186614,0.00118660400338181,0.00118700200100118
NaN,NaN,NaN,NaN,NaN,NaN,NaN,NaN,NaN,NaN,NaN,NaN,NaN,NaN,NaN,NaN,NaN,NaN,NaN,NaN,NaN,NaN,NaN,NaN,NaN,NaN,NaN,NaN,NaN,NaN,NaN,NaN,NaN,NaN,NaN,NaN,NaN,NaN,NaN,NaN,NaN,NaN,NaN,NaN,NaN,NaN,NaN,NaN,NaN,NaN,NaN,NaN,NaN,NaN,NaN,NaN,NaN,NaN,NaN,NaN,NaN,NaN,NaN,NaN,NaN,NaN,NaN,NaN,NaN,NaN,NaN,NaN,NaN,NaN,NaN,NaN,NaN,NaN,NaN,NaN,NaN,NaN,0.00106276060188681,0.00107292269365324,0.00108049058466178,0.00108731815952286,0.00109196296540302,0.00109801251600787,0.00110316981427015,0.0011077573196533,0.00111056582684989,0.0011133682677962,0.00111431883730612,0.00111148918004261,0.00110885222616486,0.0011049867681643,0.00110338219227578,0.00110181892122861,0.00109772127268338,0.00109340708824808,0.00108880319572651,0.00108384913549571,0.00107959526266699,0.00107599862718236,0.00107351630966444,0.00107460988114055,0.00107985613660453,0.00108657907333692,0.00109680771385667,0.00111012925391127,0.00112064159932417,0.00112964324482268,0.00113962143742003,0.00115007533729943,0.00115789030263819,0.00116361988227081,0.00116701359272142,0.00116877932562168,0.00116760931804334,0.0011638587886446,0.00115755111169347,0.00115314978621,0.00115060880027114,0.00113974457543736,0.00112787095832319,0.00112386805188231,0.00112200967796544,0.00111916160332949,0.00111598233382773,0.00111019790971417,0.00110292009771291,0.00109668596120816,0.00109139652904804,0.00108482340746696,0.00109335813512546,0.00109480755485508,0.0010900841604563,0.0010926934544171,0.0010892371946201,0.00108224504787733,0.00108245871160219,0.0010824699923994,0.00107709221102669,0.00107253756306065,0.00107104085874718,0.00107118888732866,0.001070336549536,0.00107087110589954,0.00106600251298115,0.0010547455284396,0.00105276901029311,0.00106254895404682,0.00107393633603145,0.0010847182065472,0.00109234379208399,0.00109691630159211,0.00110185062028271,0.00110354045619778,0.00110507462128917,0.00111304042312245,0.00112749351661598,0.00114059078472306,0.00114396885664684,0.00114195069470671,0.00114525023394565,0.00115073172808008,0.00115344980455371,0.00116276457526976,0.001176278950239,0.00118895437780003,0.00119501303617993,0.00119188915225053,0.00117891691148622,0.00117271553623639,0.00118108740575671,0.00119398029091084,0.00120078329307389,0.00120549482283052,0.00120922839279341,0.00121447780951271,0.00122095129146527,0.00121920549837969,0.00120737673826131,0.00119214650578484,0.00118863724706303,0.00119589260503712,0.00120511924074444,0.00120809893031903,0.00120391516639252,0.00119999382820109,0.00119369944339818,0.00119009281138555,0.00119535825360576,0.00119668796079957,0.00119363915655701,0.00119053502374825,0.0011877072427213,0.0011852756166766,0.00118055372675331,0.00118051317837305,0.00118322388712761,0.00118659494935429,0.00118803571226589,0.00118607333907285,0.00118034345805333,0.00118103895038358,0.00118514433168566,0.0011871747164902,0.00118536389691031,0.00118292304600694,0.00117738683754919,0.00116466609427848,0.0011612851022461,0.00116459753382778,0.00116938413427392,0.00117076929900847,0.00117579507486631,0.0011854690097025,0.00119641406752759,0.00120457966495864,0.00121322457349437,0.0012205206552319,0.00122318747512934,0.0012203220172165,0.00121604808513884,0.00121830201735317,0.00122375520607349,0.00122411703983689,0.00121426539452289,0.00120113162149108,0.0011861197319558,0.00118083990409346,0.00117862819368236,0.00117507688882834,0.0011729364983556,0.00117272231290206,0.00117318795413342,0.00117430912025808,0.00117626525333036,0.00117852497399655,0.00118089609732393,0.00118399926936411,0.00118511916544053,0.00118033360724418,0.00118076025548153
NaN,NaN,NaN,NaN,NaN,NaN,NaN,NaN,NaN,NaN,NaN,NaN,NaN,NaN,NaN,NaN,NaN,NaN,NaN,NaN,NaN,NaN,NaN,NaN,NaN,NaN,NaN,NaN,NaN,NaN,NaN,NaN,NaN,NaN,NaN,NaN,NaN,NaN,NaN,NaN,NaN,NaN,NaN,NaN,NaN,NaN,NaN,NaN,NaN,NaN,NaN,NaN,NaN,NaN,NaN,NaN,NaN,NaN,NaN,NaN,NaN,NaN,NaN,NaN,NaN,NaN,NaN,NaN,NaN,NaN,NaN,NaN,NaN,NaN,NaN,NaN,NaN,NaN,NaN,NaN,NaN,NaN,0.0010637870101027,0.00107137006549252,0.00108050536994497,0.00108810444309878,0.0010881678584328,0.00109254648278704,0.00109592091386723,0.00110139330256106,0.00110538963909708,0.00110891925725869,0.00111230722257386,0.00111242696400279,0.00111050122938652,0.00110803128708945,0.00110751769297297,0.00110641799207245,0.00110292773423144,0.0011001854035901,0.00109582144518857,0.00108885779591955,0.00108167220777395,0.00107607322645729,0.0010728484628251,0.00107327660324748,0.00107992056705881,0.00108557828877356,0.00109557669587231,0.00110783324833639,0.00112064047278298,0.00113195868351938,0.00114098613441358,0.00115159634927985,0.00116056383058106,0.00116676832549481,0.00116996971486841,0.0011713239734708,0.00117105363313927,0.00116858856317973,0.00116094529939184,0.00115428296644808,0.00114753455183737,0.00113686247104142,0.00112840043121741,0.00112298996331972,0.00111902092031577,0.00111617035926386,0.00111458982152449,0.00110959866549392,0.00110196336709679,0.00109549478483161,0.00108717573619548,0.00108543798513412,0.00110079469972921,0.00109960856219365,0.00109883016806586,0.00109526662046147,0.0010875736479232,0.00108169639955709,0.00108363913127277,0.00108041186113711,0.00107311556042278,0.00106878224606516,0.00106714460119871,0.00106869328715869,0.00106993589122181,0.00107296998362956,0.00106704908661645,0.00105595878320584,0.00106012923945641,0.00107633182957981,0.00109238904648992,0.00110091839272835,0.00110314813740068,0.00110347064232896,0.00110716261732816,0.00110987614993394,0.00111372477698221,0.00112426628096073,0.00113823499318615,0.00114626828844334,0.00114541272532199,0.0011453950150297,0.00115387275857587,0.00116029026820884,0.00116706287854535,0.00117748792187115,0.00119037513608595,0.00119758984248114,0.0012031541630995,0.00120160504565697,0.00119182381182316,0.00119409344004051,0.0012049482064502,0.00121407812424061,0.00121949020853422,0.00122856185453746,0.00123226443223964,0.00123965813570641,0.00124992830375493,0.00124725429289001,0.0012350525586774,0.00121978356349622,0.0012123709961475,0.00121593405702155,0.00122514263228673,0.00123091655369959,0.00122668653007596,0.00122208997200815,0.00121655950912565,0.00120868883889642,0.00121210324029624,0.00121499553423048,0.00121527568956579,0.00121467037498896,0.00121156250755743,0.00120683260917904,0.00119889502898681,0.00119205439565332,0.00119072786058064,0.00119186075523297,0.00119305909535184,0.00119364342544523,0.00119103122504959,0.0011869995234007,0.00118628712560289,0.00118617711852574,0.001183750841443,0.00117898997521175,0.00117139205301631,0.00116198706063328,0.00115799627631675,0.00115784058059519,0.00116286967456278,0.00116807707079711,0.00116867461333513,0.00117699135666305,0.00118791539844769,0.00119864767151488,0.00120718414548704,0.00121449152566245,0.00121836527820538,0.00121796094216295,0.00121499417517302,0.00121501926799635,0.00121903657722123,0.00122240687966862,0.00121608618780811,0.0012044591489311,0.00119029375458732,0.0011791195549969,0.00117589176960758,0.00117287537884445,0.00117052235182832,0.0011694627712217,0.0011695389681575,0.00117004974237245,0.00117173275823578,0.00117374414320795,0.00117570869035114,0.00117854616817003,0.00117929433926445,0.00117401051560407,0.00117444901151265
NaN,NaN,NaN,NaN,NaN,NaN,NaN,NaN,NaN,NaN,NaN,NaN,NaN,NaN,NaN,NaN,NaN,NaN,NaN,NaN,NaN,NaN,NaN,NaN,NaN,NaN,NaN,NaN,NaN,NaN,NaN,NaN,NaN,NaN,NaN,NaN,NaN,NaN,NaN,NaN,NaN,NaN,NaN,NaN,NaN,NaN,NaN,NaN,NaN,NaN,NaN,NaN,NaN,NaN,NaN,NaN,NaN,NaN,NaN,NaN,NaN,NaN,NaN,NaN,NaN,NaN,NaN,NaN,NaN,NaN,NaN,NaN,NaN,NaN,NaN,NaN,NaN,NaN,NaN,NaN,NaN,NaN,NaN,NaN,NaN,NaN,0.00108252472275383,0.0010916567029735,0.00108935829252708,0.0010950888120238,0.00110064629704628,0.00110458404666234,0.00110775350092873,0.00110963567270933,0.00111103711651956,0.00111104084285341,0.00111184434528894,0.00111314637058526,0.00111175475072545,0.00110857113233838,0.00110324809810744,0.00109369633462944,0.00108266031925928,0.00107540513334667,0.00107134787543872,0.00107458862004167,0.00108037861528881,0.00108566478534905,0.00109493065179306,0.00110584215597065,0.00112017113405977,0.00113361948079294,0.00114294571221017,0.00115335908507885,0.00116200818748143,0.00116783801587222,0.00117229716156562,0.00117545383837681,0.00117481905731911,0.00116968541685754,0.0011613824083141,0.00115311844670629,0.00114419882990894,0.00113498735334237,0.00112870083794932,0.00112215838505083,0.00111558472929239,0.0011122871312067,0.0011116819857355,0.00110967561081003,0.00110461646747661,0.00109766860039365,0.00108124932738128,0.00109252578865158,0.00109747153222626,0.00110134401466074,0.00109946658911244,0.00109003257331641,0.0010849207461266,0.00108443072941096,0.00108586785935792,0.00108030278821931,0.00107177179304619,0.0010690399187042,0.00106831967664546,0.00107231542023728,0.00107621089508724,0.0010776408692195,0.00107436091608951,0.00106780580226758,0.00107449134069452,0.00109476073220145,0.00110776471238865,0.00111219744339956,0.00111307290740494,0.00111325216708777,0.00111655645946886,0.00112015719512911,0.00112669817961728,0.00113673045151149,0.00114705323209571,0.00115233240087559,0.00115286345597932,0.00115989812595826,0.00117014822894408,0.00117896471316624,0.00118265120614772,0.00118762932389901,0.00119838836572858,0.00120815102110544,0.00121553198021936,0.00120931517688168,0.00120607347325773,0.00121613323450103,0.00122785760060815,0.00123594085488536,0.00124331253180932,0.00125258947999761,0.00126076721804777,0.00127081648644409,0.00127634898909013,0.00127599641263734,0.00126620864374724,0.00125277927812293,0.00124308798575629,0.00124270159101075,0.00124905327660877,0.0012567636685572,0.00125432505272394,0.00124560387571613,0.00124023652311785,0.00123784842984585,0.00123542937622551,0.00123548234116485,0.00123711279150688,0.00123397060447451,0.00122836961130397,0.00122269525410557,0.00121978773388774,0.00121224436870618,0.00120530516085594,0.00120136957694631,0.00119972071013155,0.00119966729028531,0.00119938810638686,0.00119539382279493,0.00119174801659567,0.00118875545086001,0.00118449044558498,0.00117839617490385,0.00116718657739097,0.00115159321847841,0.00114829409241547,0.00115341796447406,0.00115655922860636,0.00116466105251265,0.00116763798615353,0.00117127873194367,0.00118294971302071,0.00119219988567084,0.00120191376730066,0.00120996945158813,0.00121481960144796,0.00121538051907853,0.00121278577748957,0.00121109298360898,0.00121331128019413,0.00121640410352017,0.00121475236281496,0.00120624793456883,0.0011929980053118,0.00117938805263236,0.00117234532018752,0.00116952066889481,0.00116716031954485,0.00116571400652066,0.00116565079261719,0.00116629846049038,0.00116750755548131,0.00116931110942391,0.00117091440640535,0.0011735097390806,0.00117424508804702,0.00116813926421078,0.00116859391010043
NaN,NaN,NaN,NaN,NaN,NaN,NaN,NaN,NaN,NaN,NaN,NaN,NaN,NaN,NaN,NaN,NaN,NaN,NaN,NaN,NaN,NaN,NaN,NaN,NaN,NaN,NaN,NaN,NaN,NaN,NaN,NaN,NaN,NaN,NaN,NaN,NaN,NaN,NaN,NaN,NaN,NaN,NaN,NaN,NaN,NaN,NaN,NaN,NaN,NaN,NaN,NaN,NaN,NaN,NaN,NaN,NaN,NaN,NaN,NaN,NaN,NaN,NaN,NaN,NaN,NaN,NaN,NaN,NaN,NaN,NaN,NaN,NaN,NaN,NaN,NaN,NaN,NaN,NaN,NaN,NaN,NaN,NaN,NaN,NaN,NaN,NaN,NaN,0.00108525171193863,0.00109074678514423,0.00109645835763961,0.00110174740188448,0.00110496525979859,0.00110799413536062,0.00111053554278345,0.00111363158324957,0.00111668016423411,0.00111929884733367,0.00112172780359995,0.00112127553794798,0.00111773377673055,0.0011091884987634,0.00108729280237217,0.00107725149796059,0.00106832306086055,0.00107514387765474,0.0010816373574352,0.00108833302011048,0.0010963343893039,0.00110667682240788,0.00112007001222552,0.00113324354946576,0.00114466205007489,0.00115397726933021,0.00116150050685227,0.0011685408456528,0.00117300184425527,0.00117511296124573,0.00117292345563587,0.00116758617953994,0.00116081591089402,0.00115113834659759,0.00114021936647076,0.00113035550274678,0.00112570742465516,0.00112036986409163,0.00111370166522614,0.00110866129283186,0.00110748027608992,0.00110798175631571,0.00110763593474082,0.00109709409824361,0.00108041224221841,0.0010886398207256,0.00109239082387858,0.0011012756636092,0.00108865324522251,0.00108176231478188,0.00108911209490338,0.00109482027399551,0.00109017463291613,0.00108738248534535,0.00107545111531106,0.00107747094097357,0.00108187129668902,0.00108071424503237,0.00108387805597755,0.00108674269594999,0.001086852386256,0.00107903188533989,0.00109541731169002,0.00111829022134857,0.00112264568431887,0.00112260826962202,0.00112528420129859,0.00112501195998306,0.00112681101923889,0.00113710507223176,0.00114971066445728,0.00115597929052348,0.00116247842996928,0.00116759899072629,0.00117346339487065,0.00118431816318163,0.00119045151833834,0.00119554191955501,0.00119558590050455,0.00119831938864692,0.00120894274575629,0.00122444610605742,0.00122402470587953,0.00121734959718874,0.00122534353189152,0.00124038544038917,0.00125468898595837,0.0012613044874675,0.00126906915610482,0.00128012489950061,0.00129126611161696,0.00129961925126182,0.00130228008282796,0.00130434481136554,0.00129809636887963,0.00128605460641662,0.00127834410379134,0.00127526424384541,0.00127822954161096,0.00128221274116397,0.00128166941579038,0.00127167876676122,0.0012670503537755,0.00126266214508261,0.00125884629429645,0.0012614367847805,0.00126247201211804,0.00125803664072185,0.00124951050647689,0.00124093760289091,0.00123517947859945,0.00122963326119321,0.0012218828891735,0.00121452449328757,0.0012090568059235,0.00120710960315095,0.00120760662423887,0.00120485572826788,0.00119971574545687,0.00119533946607089,0.00119028236121302,0.00117915508374544,0.00116139009121404,0.00114665932707687,0.00113795166735509,0.00114171944630403,0.00114922476803969,0.00115775263979145,0.0011649003756367,0.00117095078820166,0.00117897309426969,0.00118933048378109,0.00119796212442519,0.00120573885426356,0.00121239256214266,0.00121460572758181,0.00121063027876099,0.00120528119249774,0.00120565754542803,0.00120720278570778,0.00120869121821191,0.00120500481238751,0.00119444524890243,0.00118067162172875,0.00117064903128862,0.00116591436794202,0.00116328957460658,0.00116151940385367,0.00116133376821243,0.00116209424158141,0.00116317671072426,0.00116459971543374,0.00116620541505058,0.00116888703750151,0.00116968274303372,0.0011627329178505,0.00116321609078141
NaN,NaN,NaN,NaN,NaN,NaN,NaN,NaN,NaN,NaN,NaN,NaN,NaN,NaN,NaN,NaN,NaN,NaN,NaN,NaN,NaN,NaN,NaN,NaN,NaN,NaN,NaN,NaN,NaN,NaN,NaN,NaN,NaN,NaN,NaN,NaN,NaN,NaN,NaN,NaN,NaN,NaN,NaN,NaN,NaN,NaN,NaN,NaN,NaN,NaN,NaN,NaN,NaN,NaN,NaN,NaN,NaN,NaN,NaN,NaN,NaN,NaN,NaN,NaN,NaN,NaN,NaN,NaN,NaN,NaN,NaN,NaN,NaN,NaN,NaN,NaN,NaN,NaN,NaN,NaN,NaN,NaN,NaN,NaN,NaN,NaN,NaN,NaN,NaN,0.00109495979703844,0.001098780297432,0.00110014657857282,0.00110473247173086,0.00110751181016538,0.00111073533246161,0.00111398269577504,0.00111920751412279,0.00112375600833285,0.00112812839841261,0.0011318099686144,0.00113145352609445,0.00112559820610361,NaN,NaN,0.00106175253611739,0.00107323638882105,0.00108326145068921,0.00109126692131356,0.00109862584828263,0.00110898176338578,0.00112099692983333,0.00113265163004062,0.00114347554559232,0.00115352821319587,0.00116032886743851,0.00116837185397817,0.00117295350698684,0.00117120437492796,0.0011663372794198,0.00116384997386539,0.00116114335027062,0.00115088812817378,0.00113924533899889,0.00112762117073949,0.00112172616490605,0.00111754915388138,0.00111354984680137,0.00110734657934101,0.0011041551281304,0.00110584846154194,0.00110799713907174,0.00108263100571593,0.00107495381987166,0.00107786028260587,0.00108420563785294,0.00109116405875403,0.00108014137716684,0.00108283597285276,0.00109647250445855,0.00109778568284766,0.0010914542924648,0.00108756988786998,0.00108259844973176,0.00109432101392234,0.00109744627560003,0.00109121622980508,0.0010897463993704,0.00109498061479611,0.0010970676688784,0.00109361442898176,0.001120220314297,0.00113696133156491,0.00113054578134042,0.00113644860855194,0.0011398106822405,0.00113941270094473,0.00114430169963411,0.00116491617619302,0.00117871403326975,0.00117586194540041,0.00118004057144609,0.00118586223464283,0.00119558882406023,0.00120768473844922,0.00121237877334793,0.00120823312553327,0.00120372012490607,0.00120967315076848,0.00122608191450615,0.00123265787295512,0.00122636741908964,0.00123393684457301,0.0012498660394051,0.00126866863278502,0.00128236921748127,0.00128894114490167,0.00129679378713507,0.00131095194634937,0.00131988492196288,0.00132380947594569,0.00132998319370171,0.00133381891004693,0.00133049123847959,0.00132256935885288,0.00131566181267676,0.00131135730122996,0.0013125935316628,0.00131333765950497,0.00131035635487855,0.00129949836606309,0.00129850845337894,0.00129233101454728,0.00128435026668883,0.00128336461321573,0.00128477555874738,0.00128090606537165,0.00127273948987336,0.00126415604109431,0.00125624211429367,0.00124820783427275,0.00123999167105847,0.00123062981827493,0.00122116026405883,0.00121682765017306,0.00121669783067218,0.00121469367781424,0.00120822586054522,0.00120177236922567,0.00119882252095632,0.00118806572631986,0.00115865393076107,0.00114091192905392,0.00113323375572464,0.00113107488887669,0.0011391055737684,0.00114828723807159,0.00115834246154425,0.00116879297584472,0.00117869337561825,0.00118683625686784,0.00119447835772053,0.0012011401748176,0.00120745841380998,0.00121339001485776,0.00121338412025394,0.00120345949660663,0.00119816891968451,0.00119655307563515,0.00119707257512589,0.00119811187821098,0.00119309739102978,0.00118085430031127,0.00117057255678228,0.00116440610236994,0.00116069217944711,0.00115773123799431,0.00115674629611489,0.00115756904545945,0.00115843670377226,0.0011596705817085,0.00116135052624609,0.00116408488094298,0.00116468812655424,0.00115719508653078,0.00115771472631926
NaN,NaN,NaN,NaN,NaN,NaN,NaN,NaN,NaN,NaN,NaN,NaN,NaN,NaN,NaN,NaN,NaN,NaN,NaN,NaN,NaN,NaN,NaN,NaN,NaN,NaN,NaN,NaN,NaN,NaN,NaN,NaN,NaN,NaN,NaN,NaN,NaN,NaN,NaN,NaN,NaN,NaN,NaN,NaN,NaN,NaN,NaN,NaN,NaN,NaN,NaN,NaN,NaN,NaN,NaN,NaN,NaN,NaN,NaN,NaN,NaN,NaN,NaN,NaN,NaN,NaN,NaN,NaN,NaN,NaN,NaN,NaN,NaN,NaN,NaN,NaN,NaN,NaN,NaN,NaN,NaN,NaN,NaN,NaN,NaN,NaN,NaN,NaN,NaN,NaN,NaN,0.00110693361146894,0.00110787967594476,0.0011095866436896,0.00111194050427263,0.00111549661157468,0.00112137360995278,0.0011277165183015,0.00113321818560075,0.001139754605792,0.00114412769327035,NaN,NaN,NaN,NaN,0.00107756569800871,0.00108731641186048,0.00109429864389096,0.00110179240250647,0.00110988743592947,0.00111913514663895,0.0011288127099445,0.00114142071654332,0.00115136261529519,0.00116050737479428,0.00116705482968891,0.00117018043594905,0.00116629340660863,0.0011645952603532,0.00116355717472707,0.001161426963649,0.00115323992841863,0.00114229208712813,0.00112976164467812,0.00112135856331613,0.00111549502753363,0.00111194866661865,0.00110740038772713,0.00110307236544865,0.00110356997961878,0.00109840083916441,0.00107465749695398,0.00106918098008216,0.00106638880591045,0.00107967905933183,0.00108449285647795,0.00108084402525647,0.00109013912847549,0.00109100870804095,0.00109057433743699,0.00109518697707093,0.00109663256759119,0.00110521436620564,0.00110971421933861,0.00110126777256744,0.00108982420463084,0.00108954005061829,0.00109780283680281,0.00110541504957095,0.00111211636484767,0.00114157447580503,0.00114827570372244,0.00114488304302075,0.00114602359563155,0.00115331885737065,0.0011618164652023,0.00116964655766085,0.00118952087333419,0.00119453148544469,0.00119181488629221,0.0011973810140228,0.00120700546181352,0.00122051295223811,0.00123031704524727,0.00122754163404121,0.00121690636772175,0.00121390080556967,0.00122572790713819,0.00123569305170804,0.00124013005565694,0.00124567531931991,0.00125885133688301,0.00127801642351484,0.00129686139021837,0.00130823816404113,0.00132128646075358,0.00133428620623671,0.00134423214069986,0.0013500059573133,0.00135071766525492,0.00135856594478301,0.00136544483572981,0.00136655968188682,0.00136128453703296,0.00135531701514446,0.0013509488026573,0.00135072472847741,0.00134977060326345,0.00134319916864043,0.00133090586743366,0.00132983676916415,0.00132619995558267,0.00131769705145135,0.0013110135925696,0.00130731668851718,0.00130261362553098,0.00129472999426781,0.00128704315295128,0.00127851568938311,0.00126929067693149,0.00125879711357367,0.00124800260822384,0.00123902353783706,0.00123160438155118,0.00122876936095313,0.00122874083798986,0.00122126686848625,0.00121165812733496,0.00119967973089578,0.00118419289456397,0.00116443703139767,0.00114474192069715,0.0011311102444675,0.00112542229822454,0.00113168047145044,0.00114081854230104,0.00115120861202922,0.00116456575493776,0.00117724877304987,0.00118518382593,0.00119037918449363,0.00119713941038221,0.00120448693895743,0.00121012213096351,0.00121013799043623,0.00120364231746574,0.00119657815492613,0.00119060965019953,0.00118666679806796,0.00118747658649404,0.00118612086999826,0.00117909531509642,0.00117089751891131,0.00116392933102529,0.00115985415367904,0.00115639272240258,0.00115342049212009,0.00115317492482108,0.00115389740806833,0.00115511034858695,0.00115671242755504,0.00115914172964835,0.00115961654498402,0.00115076313584963,0.00115131970098912
NaN,NaN,NaN,NaN,NaN,NaN,NaN,NaN,NaN,NaN,NaN,NaN,NaN,NaN,NaN,NaN,NaN,NaN,NaN,NaN,NaN,NaN,NaN,NaN,NaN,NaN,NaN,NaN,NaN,NaN,NaN,NaN,NaN,NaN,NaN,NaN,NaN,NaN,NaN,NaN,NaN,NaN,NaN,NaN,NaN,NaN,NaN,NaN,NaN,NaN,NaN,NaN,NaN,NaN,NaN,NaN,NaN,NaN,NaN,NaN,NaN,NaN,NaN,NaN,NaN,NaN,NaN,NaN,NaN,NaN,NaN,NaN,NaN,NaN,NaN,NaN,NaN,NaN,NaN,NaN,NaN,NaN,NaN,NaN,NaN,NaN,NaN,NaN,NaN,NaN,NaN,NaN,NaN,NaN,0.00111992618764365,0.00111964774835384,0.00112541781330522,0.00113348303140243,0.00113790412324089,0.00114647042129483,0.00104110164536247,NaN,NaN,NaN,NaN,0.00108766215752697,0.00109414421269415,0.00109657038740291,0.00110091755686087,0.0011076780067759,0.00111442593383852,0.00112577171235801,0.00113970125692331,0.00114752706822503,0.00115920247746426,0.00116566624765727,0.00116341721173944,0.00116533989478837,0.00116993376637351,0.00116899233536585,0.00116308109114501,0.00115665015360044,0.0011463670889759,0.00113439710641839,0.00112457616858073,0.00111676131757721,0.00111106985592331,0.00110620836103884,0.00110283501651819,0.00110386937572341,0.00108592836556015,0.00107104761013099,0.00106288222574268,0.00106558832975904,0.00107930824879802,0.00107361247020185,0.00107488917077193,0.00108364928970844,0.0010840670280983,0.00108998088593681,0.00109906931823156,0.00110565715146642,0.00111148345929993,0.00110739645407388,0.00109887222814647,0.00108547901019514,0.00109061741528262,0.00110913804742746,0.00112016197264325,0.00113808300182704,0.00116645681562816,0.00116362356738416,0.00115723361727388,0.00116214552740775,0.00117978533456398,0.00119036119468793,0.00119293766187466,0.00120023279588215,0.00120673972330267,0.00121625995568349,0.00121700299590913,0.00122658816635263,0.00124386417885628,0.00124946592557503,0.00123892622510452,0.00122873672101603,0.00122608666216584,0.00123067509252667,0.00123731511985344,0.00125842772562817,0.00127569079445133,0.00128587215430705,0.00130673303805327,0.00132297979254878,0.00133918145706149,0.00135586621272273,0.00136405249491067,0.0013703551335678,0.0013787030949808,0.00138281342504171,0.00139184973319221,0.00140135569299698,0.00140389343418605,0.00140109601871991,0.00139756930616272,0.00139474123177975,0.00139223573240943,0.00138748719081528,0.00137791819097044,0.00136505216989567,0.00136268077076714,0.00136111399920394,0.00135187023042271,0.00134111524395882,0.00133259937830178,0.00132433865430712,0.00131605602298569,0.00130851729441829,0.00130102768368742,0.00129133363518126,0.00128164210052151,0.00127078444110939,0.00126372703511285,0.00125576063263254,0.00124950366205759,0.00124791308297638,0.00123955011451458,0.00122589508075269,0.00120453455648617,0.00118116147311553,0.00116059283965487,0.00114180615093164,0.0011295421302861,0.00112095466065908,0.00112294672482097,0.0011349557586978,0.00114782146972745,0.00116214186055304,0.00117553971382269,0.00118278376591086,0.00118663926309395,0.00119263506901888,0.00120101050332655,0.00120598971489818,0.0012051115217617,0.0011993835363584,0.001192226603959,0.00118728522534555,0.00118263095307208,0.00117933772691826,0.00117755437166234,0.00117326992358791,0.00116706179206672,0.00116208053576711,0.00115828222268835,0.00115523580159307,0.00115213052958578,0.00115012636315126,0.0011500524096121,0.00115087655032575,0.00115234253907194,0.00115475618394185,0.00115459301110893,0.00114429333677945,0.0011448793539006
NaN,NaN,NaN,NaN,NaN,NaN,NaN,NaN,NaN,NaN,NaN,NaN,NaN,NaN,NaN,NaN,NaN,NaN,NaN,NaN,NaN,NaN,NaN,NaN,NaN,NaN,NaN,NaN,NaN,NaN,NaN,NaN,NaN,NaN,NaN,NaN,NaN,NaN,NaN,NaN,NaN,NaN,NaN,NaN,NaN,NaN,NaN,NaN,NaN,NaN,NaN,NaN,NaN,NaN,NaN,NaN,NaN,NaN,NaN,NaN,NaN,NaN,NaN,NaN,NaN,NaN,NaN,NaN,NaN,NaN,NaN,NaN,NaN,NaN,NaN,NaN,NaN,NaN,NaN,NaN,NaN,NaN,NaN,NaN,NaN,NaN,NaN,NaN,NaN,NaN,NaN,NaN,NaN,NaN,NaN,NaN,NaN,0.00105347035644828,0.00114814535474498,NaN,NaN,NaN,NaN,NaN,NaN,NaN,0.00110159157703191,0.00110518749676577,0.00110600085089046,0.00110752560778965,0.00110809739785159,0.00111864856350216,0.00113257361892032,0.00114447149928642,0.00115742047379504,0.00116277181654167,0.0011584869321587,0.00116829021647818,0.00117476028852231,0.0011685256624837,0.00116258842792443,0.00115811395467247,0.0011508197844602,0.00114041167540845,0.00112982493403068,0.00112249055891488,0.00111474530044023,0.00110790978569466,0.00110393039974872,0.00110077576949963,0.00108336331454718,0.00106142375997915,0.00104829765272241,0.0010593546323793,0.00106064363767764,0.00105436063571471,0.00106051143093107,0.0010709189435173,0.00107519014059809,0.00108277985792686,0.00109258891164488,0.00109914285297851,0.00111256705012266,0.00112134825627656,0.00109909904027226,0.00107723061477612,0.00110384931721778,0.00112818786559505,0.00114287564693712,0.00117098267300639,0.00118945951431992,0.00118217378402177,0.00118020231433233,0.00119260919459753,0.00120571376297072,0.00121510901924285,0.00122312542890246,0.00123624137703501,0.0012580842725065,0.00124239350230584,0.00123171371882766,0.00123500155921841,0.00125167850741287,0.00126284916273847,0.00125739895877538,0.00123356389526474,0.00120655479192222,0.00121636222619339,0.00125490383928165,0.00129672070892814,0.00130524025616856,0.00131722521144909,0.00133960821081988,0.00135346220776604,0.00137029663088174,0.00138398416333739,0.00139191451134037,0.00139992313683872,0.00140649912124497,0.00141455426849213,0.00142707731514709,0.00143855847857267,0.00144242021688712,0.00144224254365933,0.00144027812095393,0.00143803889848282,0.00143487854399426,0.00142802839782398,0.00141565711450772,0.00140274185367244,0.00139814785654588,0.0013948121790968,0.00138701524579597,0.00137490384040298,0.00136170074026148,0.00134886023937772,0.00133843856512117,0.00132905945222853,0.00132017528479202,0.0013117957575167,0.00130275152049331,0.00129289368593102,0.00128690603482609,0.0012857334043619,0.00128266209654879,0.00127280497365012,0.00126069814015285,0.00124389305782263,0.00122309729020765,0.00118923898116688,0.00116494573451124,0.00114565194417415,0.00112893035507461,0.00111823807657599,0.00111372597945842,0.00112596429550086,0.00114280900814449,0.00116056642046369,0.00117450359120817,0.00118046547059153,0.00118316590874979,0.00118722232781922,0.00119616068907049,0.00119998962454238,0.00119764666150995,0.00119419038386397,0.00118805446020999,0.00118313635441657,0.00117932990578221,0.0011753953035639,0.00117109116061934,0.0011667486608683,0.00116138347155027,0.00115698246668599,0.00115440753288178,0.0011523603530902,0.00115045144911024,0.0011485747932345,0.00114766080676212,0.00114770124742524,0.00114892251391206,0.0011508814649032,0.00114970873572363,0.00113835412755414,0.00113896179003699
NaN,NaN,NaN,NaN,NaN,NaN,NaN,NaN,NaN,NaN,NaN,NaN,NaN,NaN,NaN,NaN,NaN,NaN,NaN,NaN,NaN,NaN,NaN,NaN,NaN,NaN,NaN,NaN,NaN,NaN,NaN,NaN,NaN,NaN,NaN,NaN,NaN,NaN,NaN,NaN,NaN,NaN,NaN,NaN,NaN,NaN,NaN,NaN,NaN,NaN,NaN,NaN,NaN,NaN,NaN,NaN,NaN,NaN,NaN,NaN,NaN,NaN,NaN,NaN,NaN,NaN,NaN,NaN,NaN,NaN,NaN,NaN,NaN,NaN,NaN,NaN,NaN,NaN,NaN,NaN,NaN,NaN,NaN,NaN,NaN,NaN,NaN,NaN,NaN,NaN,NaN,NaN,NaN,NaN,NaN,NaN,NaN,NaN,NaN,NaN,NaN,NaN,NaN,NaN,NaN,NaN,NaN,NaN,NaN,NaN,0.000819508106424949,0.0011031014659659,0.00112068149969466,0.00114217711351172,0.0011550507330073,0.00115842884709612,0.00115432923203141,0.00116154388430134,0.00116766859607019,0.00116571917212255,0.00116148266255059,0.00115726925612478,0.00115273375480419,0.00114470854183336,0.00113737949323528,0.00113040566700996,0.00112266332873562,0.00111473336800452,0.00110866455867714,0.0010950748646383,0.00106909264566641,0.00103160185744855,0.00102488235982815,0.00103615575933084,0.00103310911641465,0.00103112351426118,0.00103622642896653,0.00105143120096936,0.0010656016499912,0.00108358963136674,0.00109915209055411,0.00111899050308194,0.00113589097672218,0.0011136052333399,0.00108179712055183,0.00108753771928187,0.00112341715880481,0.00115041952157949,0.00116878214288911,0.00119782469768408,0.00120369531634715,0.00120240310749591,0.00121728747336527,0.00122886689150947,0.00123997987813936,0.00125474776646417,0.0012687093192818,0.00128088173515534,0.00126883508087922,0.00123135974567001,0.00122208423899449,0.00123854598488958,0.00126670200537363,0.00127905298532285,0.00125811878589762,0.0012123646204656,0.00119863941061571,0.00123568843574713,0.00129829693628849,0.00133739226798237,0.001335501999059,0.00134756306797691,0.00136592006001287,0.00137722378981328,0.00139444252745985,0.00140962647213143,0.00142012366869425,0.00142834199048947,0.0014368589847109,0.00144948262490807,0.00146206912643502,0.00147353592120631,0.00148087784689225,0.00148353056845949,0.00148211972677441,0.00147929710989164,0.00147463854909934,0.00146751755952012,0.00145523693210804,0.00144313844475794,0.00143739921233328,0.00143103956072751,0.0014216639799301,0.00140945736903988,0.00139513104520782,0.001379761571173,0.00136471440884033,0.00135192154583689,0.00134033186325874,0.00132973440168593,0.00131776651686588,0.00130685100866664,0.00129917329471912,0.0012977568165426,0.00130095791449233,0.00129732112566113,0.00127984980148839,0.00125938725612276,0.00123970594717585,0.00121122192326947,0.00118267446810597,0.00115807646327364,0.0011348097926043,0.0011200343513617,0.00111468091517097,0.00112465729391708,0.00113753125650117,0.00115472363486158,0.00117058628255641,0.00117789678567249,0.00118040613680262,0.00118270809365002,0.00119191386177452,0.00119616248601383,0.00118949364701407,0.00118604277585008,0.00118567084104151,0.0011807902962445,0.00117553162447432,0.00117167164823179,0.00116682342707607,0.00116155273142263,0.00115718189542871,0.00115215817560055,0.00114957278442728,0.00114826821017169,0.00114667660709681,0.00114540118556759,0.0011452235020939,0.00114537912091249,0.0011460950783486,0.00114704773270071,0.00114529785846151,0.00113372295839387,0.00113435947838403
NaN,NaN,NaN,NaN,NaN,NaN,NaN,NaN,NaN,NaN,NaN,NaN,NaN,NaN,NaN,NaN,NaN,NaN,NaN,NaN,NaN,NaN,NaN,NaN,NaN,NaN,NaN,NaN,NaN,NaN,NaN,NaN,NaN,NaN,NaN,NaN,NaN,NaN,NaN,NaN,NaN,NaN,NaN,NaN,NaN,NaN,NaN,NaN,NaN,NaN,NaN,NaN,NaN,NaN,NaN,NaN,NaN,NaN,NaN,NaN,NaN,NaN,NaN,NaN,NaN,NaN,NaN,NaN,NaN,NaN,NaN,NaN,NaN,NaN,NaN,NaN,NaN,NaN,NaN,NaN,NaN,NaN,NaN,NaN,NaN,NaN,NaN,NaN,NaN,NaN,NaN,NaN,NaN,NaN,NaN,NaN,NaN,NaN,NaN,NaN,NaN,NaN,NaN,NaN,NaN,NaN,NaN,NaN,NaN,NaN,NaN,0.000691497087994097,0.0011263384845879,0.00114802985401541,0.00116552709214529,0.00113890353398984,0.00113231060451068,0.0011546426716587,0.00116199348862955,0.00116268736589367,0.00115888749242439,0.00115563484053151,0.00115118491581363,0.00114678319334056,0.00114215423436458,0.00113502150766415,0.00112826680230051,0.00111934158858084,0.00110897174848448,0.00108796768448285,0.00103848708594517,0.00100623096554967,0.0010100571886526,0.00101626854745083,0.00101684911553028,0.00101409287863606,0.00102651038240367,0.00105382518215515,0.00107545749998842,0.00109668605560422,0.00112300579086744,0.00113830383364484,0.00112457541011393,0.00109945449953042,0.00108998516074915,0.00111117306884775,0.00114132075884399,0.00116789693350619,0.00119761597563872,0.00121849779547031,0.00122614576210939,0.00123952006876178,0.00125347783032885,0.00125925549344771,0.00127095040923562,0.00129271630603862,0.0013000769933552,0.00129705052736135,0.0012649678643335,0.00122388536666386,0.00122401488780994,0.00125608290795187,0.00128129271617694,0.00127749362878357,0.00124912453897284,0.00122619472078156,0.00124826083388102,0.00130812079696448,0.00136014018598093,0.0013644286545114,0.00136158647707033,0.00138403680745292,0.0013954711786783,0.00140242806185359,0.001418233434741,0.00143358341029881,0.00144540886705906,0.00145662624864709,0.00146849506028934,0.00148264673923993,0.00149602355071536,0.0015065538011278,0.00151499046620599,0.00151950206354925,0.00151964680723229,0.00151731955511758,0.00151238365341249,0.00150491413727635,0.00149503167594105,0.00148430441384307,0.00147752026415592,0.00146944441794231,0.0014582448928259,0.00144457389443355,0.00142953280978195,0.00141298131570283,0.00139588397541785,0.00137981044313691,0.00136523236157367,0.00135318677660961,0.00133962648321682,0.00132617868007944,0.00131600468992609,0.00131179802918745,0.00131014851582489,0.00130515429790746,0.00129370010478754,0.00127837300484314,0.00125182793938623,0.00123163754534717,0.00120249081916863,0.00116508281492158,0.00114177200834353,0.00112924035416717,0.00111790674853934,0.00112282059440724,0.00113984678922641,0.00115444253873107,0.00116704495273295,0.00117480111526639,0.00117607652462136,0.00117732785251709,0.00118076659834971,0.00118578549760839,0.00118421197221216,0.0011773161777271,0.00117770661944744,0.00118150444959439,0.00117742768407837,0.00116782448924902,0.00116147498954927,0.00115652764826722,0.00115253750593097,0.00114920933830114,0.0011462162623457,0.00114442809356897,0.00114310334671353,0.00114193104192717,0.00114187913707136,0.00114263196882019,0.0011432681966895,0.00114326737763829,0.00114108296339406,0.00113004650034812,0.0011307194876298
NaN,NaN,NaN,NaN,NaN,NaN,NaN,NaN,NaN,NaN,NaN,NaN,NaN,NaN,NaN,NaN,NaN,NaN,NaN,NaN,NaN,NaN,NaN,NaN,NaN,NaN,NaN,NaN,NaN,NaN,NaN,NaN,NaN,NaN,NaN,NaN,NaN,NaN,NaN,NaN,NaN,NaN,NaN,NaN,NaN,NaN,NaN,NaN,NaN,NaN,NaN,NaN,NaN,NaN,NaN,NaN,NaN,NaN,NaN,NaN,NaN,NaN,NaN,NaN,NaN,NaN,NaN,NaN,NaN,NaN,NaN,NaN,NaN,NaN,NaN,NaN,NaN,NaN,NaN,NaN,NaN,NaN,NaN,NaN,NaN,NaN,NaN,NaN,NaN,NaN,NaN,NaN,NaN,NaN,NaN,NaN,NaN,NaN,NaN,NaN,NaN,NaN,NaN,NaN,NaN,NaN,NaN,NaN,NaN,NaN,0.000342496761022649,0.00117326615967507,0.00117054828398404,0.00116697501813406,0.000687032941594248,NaN,0.000949909775895247,0.00115616662934895,0.00116007730105704,0.00116061897046094,0.00115688097727916,0.00115553081548524,0.00115169100114076,0.00114864039263018,0.0011442646501336,0.00113634254720408,0.00112765268838557,0.00111745714721717,0.00110063841866335,0.00106491656119294,0.00101588322106036,0.00100573968676263,0.00101684497657394,0.00102433965517193,0.00102859848580222,0.0010280228617224,0.00104944401833296,0.00107692942619789,0.00108987256140798,0.0011151042594218,0.00113154466305338,0.00111998975231787,0.00110436177546205,0.00109765504483721,0.0011059554587061,0.00113174637499427,0.0011666105932534,0.00119407247204939,0.00121659570113514,0.00123518457442205,0.00125188468519323,0.00126521450137835,0.00126820551508271,0.00126727960524862,0.00128588374177918,0.00129704695685988,0.00129800689765287,0.00130019592902464,0.00126719319183079,0.00125224697340772,0.00127458897891651,0.0013002749244706,0.00130422941027802,0.00129690806235876,0.00128730452613422,0.00129330934411936,0.0013276996108569,0.00137204864506331,0.00139809675679159,0.00140221059784778,0.0014145840781034,0.00142645671125052,0.00141997678521989,0.00142604587901568,0.00144367059556758,0.00145784046254746,0.00147101942400511,0.00148292432478561,0.00149726028790469,0.00151366639662781,0.00152848917142954,0.0015393670520308,0.00154717332974574,0.00155265379732066,0.00155521021347729,0.00155413559571577,0.00155005419252992,0.00154246816462237,0.00153335389452891,0.00152471925878794,0.00151684455371122,0.00150856586887638,0.00149677904503627,0.00148185672463762,0.00146573400310475,0.00144842933929365,0.00143029011593503,0.00141236789965421,0.0013953735323814,0.00138006656505449,0.00136433460356644,0.00134994292299839,0.00133642796971192,0.00132771438777679,0.00132095729136056,0.00131210658764922,0.00129828260550759,0.00128254261136104,0.00126604715239824,0.00124649011449542,0.00121370443944098,0.00117683936120671,0.00114861195996074,0.00113292059049175,0.00112598553321619,0.00112780851795781,0.00113909631830994,0.00115364437542031,0.00116418090560856,0.0011729187615058,0.00117683003279477,0.00117276502130542,0.00116595184573792,0.00116566506253348,0.00116701076909262,0.00116879521152683,0.00116955682003284,0.00117676626644099,0.00117814235355496,0.00116626666162515,0.00115654957209846,0.00115089218866242,0.00114622389876112,0.00114478231610688,0.00114370800198969,0.00114218138017261,0.00114056382954435,0.00113869051110325,0.00113819397140905,0.00113907696320916,0.00113964955057488,0.00113984134091416,0.00113766902269576,0.00112684944911776,0.00112756079466836
NaN,NaN,NaN,NaN,NaN,NaN,NaN,NaN,NaN,NaN,NaN,NaN,NaN,NaN,NaN,NaN,NaN,NaN,NaN,NaN,NaN,NaN,NaN,NaN,NaN,NaN,NaN,NaN,NaN,NaN,NaN,NaN,NaN,NaN,NaN,NaN,NaN,NaN,NaN,NaN,NaN,NaN,NaN,NaN,NaN,NaN,NaN,NaN,NaN,NaN,NaN,NaN,NaN,NaN,NaN,NaN,NaN,NaN,NaN,NaN,NaN,NaN,NaN,NaN,NaN,NaN,NaN,NaN,NaN,NaN,NaN,NaN,NaN,NaN,NaN,NaN,NaN,NaN,NaN,NaN,NaN,NaN,NaN,NaN,NaN,NaN,NaN,NaN,NaN,NaN,NaN,NaN,NaN,NaN,NaN,NaN,NaN,NaN,NaN,NaN,NaN,NaN,NaN,NaN,NaN,NaN,NaN,NaN,NaN,-0.00154810874110039,0.00123026234141121,0.00121409369744428,0.0012062494409974,0.0012019088309388,NaN,NaN,0.000145736016407549,0.00116395738302271,0.00116254869716392,0.00116112165385427,0.00115792081561742,0.00115443347847061,0.00115217864688166,0.0011487175565161,0.00114364097664518,0.00113526855899115,0.00112445232093987,0.00111244821841101,0.00108920517300759,0.00104811237963352,0.00102155282426741,0.0010158783277382,0.00102752850498844,0.00104269218381316,0.00104819479586929,0.00106162643720849,0.00109135449113618,0.00110021242191775,0.00110414822826936,0.00111094359611072,0.00110728720296362,0.00110273745154862,0.0011044244137002,0.00110789809234373,0.00112278927003979,0.00115101079123123,0.00118172731078103,0.00119981654532125,0.00122565334362946,0.00124888780669631,0.00126169918527769,0.00126880279842169,0.00126797491867784,0.00128217127230573,0.00129646564386583,0.00130454655619223,0.00131737452273217,0.00132095738099992,0.00130751489179787,0.00130746022108814,0.00132478367203532,0.00133538522455936,0.00133869936740309,0.00134141433281183,0.00134115679418271,0.00135877608240336,0.00139355692363751,0.00142774296649263,0.0014359844990955,0.00143164946496433,0.00144187772779646,0.0014472014984116,0.00144406216807758,0.00145382111546377,0.00146848343641127,0.00147986769670043,0.0014926731094933,0.00150695940591652,0.00152510767291295,0.00154271105646318,0.00155857238372064,0.0015725789595524,0.00158184239912356,0.00158862642692604,0.00159138221366239,0.00159106149115251,0.00158685029597546,0.00158072558178096,0.00157312707057852,0.0015644971595502,0.0015566265520314,0.00154852125229636,0.00153618594099266,0.00152110280089979,0.00150489801630816,0.00148710803472617,0.00146751884299315,0.00144648889494732,0.00142628554261169,0.00140846091044088,0.00139047907850043,0.0013742607097953,0.00136076286630771,0.0013473294982829,0.00133442695855854,0.00131983758373827,0.00130286428817664,0.00128544525506835,0.0012702749063343,0.00125389629885278,0.00122580468999788,0.00119374510159112,0.00116314333113787,0.00113988292989834,0.00113411001498466,0.00113778258074319,0.00114615186812138,0.00115290519999878,0.0011630919800115,0.0011739195894823,0.00117926425628714,0.00117038238120962,0.00114805897620703,0.00114123386876771,0.00114783946204586,0.00115528899033127,0.00116132901110246,0.00116786524434428,0.0011707223363743,0.00116365033637612,0.00115416690547131,0.00114774601737386,0.00114301098256041,0.00114091842774383,0.00114082166325502,0.00114058835224341,0.00113835804061215,0.00113597700533317,0.00113521443309432,0.00113546770871413,0.00113570211969331,0.00113663613702381,0.00113510628096227,0.00112400423939112,0.00112475735919591
NaN,NaN,NaN,NaN,NaN,NaN,NaN,NaN,NaN,NaN,NaN,NaN,NaN,NaN,NaN,NaN,NaN,NaN,NaN,NaN,NaN,NaN,NaN,NaN,NaN,NaN,NaN,NaN,NaN,NaN,NaN,NaN,NaN,NaN,NaN,NaN,NaN,NaN,NaN,NaN,NaN,NaN,NaN,NaN,NaN,NaN,NaN,NaN,NaN,NaN,NaN,NaN,NaN,NaN,NaN,NaN,NaN,NaN,NaN,NaN,NaN,NaN,NaN,NaN,NaN,NaN,NaN,NaN,NaN,NaN,NaN,NaN,NaN,NaN,NaN,NaN,NaN,NaN,NaN,NaN,NaN,NaN,NaN,NaN,NaN,NaN,NaN,NaN,NaN,NaN,NaN,NaN,NaN,NaN,NaN,NaN,NaN,NaN,NaN,NaN,NaN,NaN,NaN,NaN,NaN,NaN,NaN,NaN,NaN,-0.00108783117055883,0.00125431298885628,0.00124274353050274,0.00123261414957767,0.00122968422575121,NaN,NaN,-0.0188928266082031,0.00112595204966708,0.00116715366924451,0.00116337911348151,0.00115949692129963,0.00115560061721138,0.00115184202049935,0.00114650246150848,0.00114176957767753,0.00113457826351342,0.00112333600194663,0.00110943292852103,0.00108594352392061,0.00105243824745582,0.00103398228773137,0.00102387680799154,0.00103688277801061,0.00105229795042171,0.00106814926180872,0.00109172385886885,0.00109819087642171,0.0010949567521824,0.00109345484045707,0.00109289035486246,0.00109542155664367,0.0011067192738094,0.00111160471388994,0.001119315999422,0.00114180405532129,0.00116907987016055,0.00119278218472128,0.00121154242096801,0.00123713256461782,0.00126177103217134,0.00127135778460818,0.00126096683496947,0.00127550166663321,0.00129929653902962,0.00132060828852082,0.00133263643605497,0.00134983955012903,0.00135277195604185,0.00135078012140372,0.00135662153889603,0.00136832006246885,0.00137437187210857,0.00137601376365459,0.00137685358847158,0.00138780414788131,0.00141496992387425,0.00144750625938641,0.00146425943557907,0.0014569656569579,0.00146030917953596,0.00147596820429684,0.00147068709571927,0.00146701793250494,0.00147835291607185,0.00148911042229927,0.00149846421598488,0.00151122480655702,0.00152851206327159,0.00154935906837965,0.00156876931768389,0.00158689187735143,0.00160295463356343,0.00161488152258969,0.00162358479014433,0.00162766276803556,0.00162847296134723,0.0016257825842344,0.00161970963106992,0.00161302640172574,0.00160690008536886,0.00159740584458654,0.00158979757120499,0.00157648928683424,0.00156059145754803,0.00154425763074996,0.00152581329700736,0.00150590976991508,0.00148243077735465,0.00145795265370197,0.00143529253350981,0.00141536910190714,0.00139677557179571,0.00138534613849361,0.001371455474721,0.00135277229620589,0.0013303888509402,0.00130853183229224,0.00128620464601039,0.0012679881845018,0.00125391931033105,0.0012343624746944,0.00120707981213527,0.00117748232039964,0.00115263314968967,0.0011454265111917,0.00114588358619431,0.00115397075933816,0.00116137593313275,0.00116904086870952,0.0011778854402192,0.00118053251615188,0.00116861494593364,0.00113745819662426,0.0011221158233612,0.00112665037029305,0.00113947026515536,0.0011513824614591,0.001159312791327,0.0011612490245142,0.00115663568391121,0.00115028528563251,0.00114573163592108,0.00114198175061503,0.00113858691899117,0.00113759375663087,0.00113825957440311,0.00113662318973284,0.00113441483401865,0.00113361903096965,0.00113298416749105,0.00113276619976385,0.00113388500082337,0.00113276960925628,0.00112148007738882,0.00112227531318704
NaN,NaN,NaN,NaN,NaN,NaN,NaN,NaN,NaN,NaN,NaN,NaN,NaN,NaN,NaN,NaN,NaN,NaN,NaN,NaN,NaN,NaN,NaN,NaN,NaN,NaN,NaN,NaN,NaN,NaN,NaN,NaN,NaN,NaN,NaN,NaN,NaN,NaN,NaN,NaN,NaN,NaN,NaN,NaN,NaN,NaN,NaN,NaN,NaN,NaN,NaN,NaN,NaN,NaN,NaN,NaN,NaN,NaN,NaN,NaN,NaN,NaN,NaN,NaN,NaN,NaN,NaN,NaN,NaN,NaN,NaN,NaN,NaN,NaN,NaN,NaN,NaN,NaN,NaN,NaN,NaN,NaN,NaN,NaN,NaN,NaN,NaN,NaN,NaN,NaN,NaN,NaN,NaN,NaN,NaN,NaN,NaN,NaN,NaN,NaN,NaN,NaN,NaN,NaN,NaN,NaN,NaN,NaN,NaN,-4.07153937567184e-05,0.00127805444989038,0.00126338479191155,0.00125003775507273,NaN,NaN,NaN,-0.102299601547334,-0.0127132891873324,0.0011646817778311,0.00116515258629588,0.00116152615076737,0.00115620042776943,0.00115142613475341,0.00114628272262525,0.00114157796581742,0.00113391781487402,0.00112379497883005,0.00111038309554094,0.00108692035222557,0.00105950892747011,0.00104720680135697,0.0010364768088189,0.00104273534101075,0.00105510395669538,0.00107674147556679,0.00108472052106775,0.00108397080094137,0.0010839350468286,0.00108542652140022,0.00109118003478561,0.00110164711925548,0.00110900952694284,0.00111361097543184,0.00112936946665876,0.00115263330417492,0.00117824914965412,0.00120047035339255,0.00122471882696218,0.00124845454055103,0.00126361603741107,0.00126362969907622,0.00127325812084963,0.0013009653121219,0.00132957383645864,0.00134871914514889,0.00136563584294774,0.00137445294919281,0.00138460449037633,0.00138802565141591,0.00139796157694143,0.00141107877751767,0.00141651873276672,0.00141574323203863,0.00141831128271167,0.00143258155028481,0.00145721176271341,0.00147736199214385,0.00148000670880825,0.00148647010443247,0.00150744080412241,0.00150753968555273,0.00149434382284046,0.00148913989917436,0.00149311978970901,0.00150023962205464,0.00151084297355511,0.00152576354813906,0.00154576513367537,0.00156879408143484,0.00159169921378983,0.00161531419043915,0.00163182691713259,0.00164598828459877,0.00165767561804198,0.00166398814329238,0.00166555190820389,0.00166307293048346,0.00165745767244643,0.00165029619267794,0.00164550558201985,0.00163783515293956,0.00162782500794769,0.00161633799957526,0.0015999544009257,0.00158253367821343,0.00156330605254673,0.00154235448412122,0.00151681722131003,0.00148816079003679,0.00146074429572917,0.00144096991626008,0.00142238957583231,0.00140467126515241,0.00138705250726259,0.001367346146897,0.00134693741420682,0.00132193175808186,0.00129378581390045,0.00126600333614784,0.00124782072067487,0.00123504697011939,0.00121766367398207,0.00118969898757202,0.00116184839712167,0.00115346090914427,0.00115597405259914,0.00116030089510755,0.00116977207938707,0.00117989301125512,0.00118418252755262,0.0011784808099829,0.00115902763484977,0.00112963222410391,0.00111090147766322,0.00111063305556928,0.00112289166758728,0.0011401493532089,0.00115177275528631,0.00115401058961798,0.00114988170611097,0.00114351433388321,0.00114005089377231,0.00113838578261129,0.00113606299834609,0.00113466251432385,0.00113556294933359,0.00113546845408899,0.00113405456543965,0.00113278916098256,0.00113180117347203,0.00113092970451048,0.00113222391784322,0.00113069598915344,0.00111969979726486,0.00112054126571447
NaN,NaN,NaN,NaN,NaN,NaN,NaN,NaN,NaN,NaN,NaN,NaN,NaN,NaN,NaN,NaN,NaN,NaN,NaN,NaN,NaN,NaN,NaN,NaN,NaN,NaN,NaN,NaN,NaN,NaN,NaN,NaN,NaN,NaN,NaN,NaN,NaN,NaN,NaN,NaN,NaN,NaN,NaN,NaN,NaN,NaN,NaN,NaN,NaN,NaN,NaN,NaN,NaN,NaN,NaN,NaN,NaN,NaN,NaN,NaN,NaN,NaN,NaN,NaN,NaN,NaN,NaN,NaN,NaN,NaN,NaN,NaN,NaN,NaN,NaN,NaN,NaN,NaN,NaN,NaN,NaN,NaN,NaN,NaN,NaN,NaN,NaN,NaN,NaN,NaN,NaN,NaN,NaN,NaN,NaN,NaN,NaN,NaN,NaN,NaN,NaN,NaN,NaN,NaN,NaN,NaN,NaN,NaN,NaN,0.00130491319799018,0.00129815084848666,0.00128506085302837,-0.00645041974790883,NaN,NaN,NaN,NaN,-0.101453625132671,-0.0123155213452322,0.00116614352433526,0.00116317823983981,0.00115831189012083,0.00115443907827878,0.00114955338082823,0.00114181201217407,0.00113312802960255,0.00112486492890225,0.00111240407704385,0.00109529794379295,0.0010752092716281,0.00106575640002605,0.00105639280693414,0.00104364523839233,0.00105569800772281,0.00106567779929183,0.00106896019328475,0.00107708964828104,0.00108088026332432,0.00108643675863881,0.00109601194254641,0.00110554793972882,0.0011088170860614,0.00111269410422102,0.00112858410497186,0.00115466719170559,0.00118096689950034,0.00120624398391515,0.00123200017964049,0.00125373846810721,0.00127099766061078,0.00128683831498416,0.00130066212416986,0.00132669032853407,0.00135171656451284,0.00138023836893053,0.00139809122732069,0.00141029502374061,0.001414209422108,0.00142138434030957,0.00143596273273904,0.00145027495604775,0.00145570881247092,0.00145243071984028,0.00145265601773958,0.00146582060837808,0.00148593646190578,0.00150022915299297,0.00151091116655475,0.00153284875718556,0.00154554984608461,0.00153249043500305,0.00151644411790011,0.00150830463858718,0.00150681874326098,0.00151113327192173,0.00152341340271846,0.00153753021736163,0.00155665300331383,0.0015825624355714,0.00160791429944107,0.00163133647366809,0.00165301520778448,0.00167263254378275,0.00168720759569311,0.00169503548108772,0.00169825123203232,0.00169692210940199,0.00169179181128603,0.00168488988666694,0.00167835922563923,0.00167238167814687,0.00166233032528774,0.00164964001867607,0.00163568515080193,0.00161645281596716,0.00159718496662197,0.00157760005095036,0.00155321431384536,0.00152133835651046,0.00148745447895082,0.0014639887544731,0.00144626988944691,0.00142688870419162,0.00140442399123425,0.00137886308306697,0.00135771607783755,0.00133384772182327,0.00130515145232062,0.00127085872745373,0.00124667612018936,0.00123626674466313,0.00121894461978183,0.00119481843697185,0.00117691882981227,0.00115960574722797,0.00116187545602903,0.00116896463767218,0.00117739195910889,0.00118639684863454,0.00118838735352703,0.00118102387435065,0.00115413864650182,0.00112205168779677,0.00110155594828983,0.00109872247620458,0.00111068483790555,0.00112879603826008,0.00114302620386808,0.00114917571411148,0.0011462966378005,0.00113846853068035,0.00113361156693688,0.00113316219223792,0.00113358759884584,0.00113302229563677,0.00113326315366556,0.00113422391756259,0.0011339413164239,0.00113290856225531,0.00113120188625436,0.00113011171293922,0.001130870293627,0.00112918704325861,0.00111827942858933,0.00111916796449799
NaN,NaN,NaN,NaN,NaN,NaN,NaN,NaN,NaN,NaN,NaN,NaN,NaN,NaN,NaN,NaN,NaN,NaN,NaN,NaN,NaN,NaN,NaN,NaN,NaN,NaN,NaN,NaN,NaN,NaN,NaN,NaN,NaN,NaN,NaN,NaN,NaN,NaN,NaN,NaN,NaN,NaN,NaN,NaN,NaN,NaN,NaN,NaN,NaN,NaN,NaN,NaN,NaN,NaN,NaN,NaN,NaN,NaN,NaN,NaN,NaN,NaN,NaN,NaN,NaN,NaN,NaN,NaN,NaN,NaN,NaN,NaN,NaN,NaN,NaN,NaN,NaN,NaN,NaN,NaN,NaN,NaN,NaN,NaN,NaN,NaN,NaN,NaN,NaN,NaN,NaN,NaN,NaN,NaN,NaN,NaN,NaN,NaN,NaN,NaN,NaN,NaN,NaN,NaN,NaN,NaN,NaN,NaN,NaN,NaN,0.0013107145304241,-0.00726970886521638,-0.0865904356462606,-0.176550297015608,NaN,NaN,NaN,NaN,-0.0947514945701188,-0.00939133052120063,0.0011708857883595,0.0011647685200333,0.00115932159058598,0.00115366825365791,0.0011462161518975,0.00113627805499855,0.001128090886461,0.00112107547388057,0.00111255478564641,0.00110595168871101,0.00109009359827265,0.00104523565522801,0.00104765903736664,0.00106122060064894,0.00106311453626706,0.00107097197267088,0.00107722471887466,0.00108139113261909,0.00108370448360276,0.00108822827232348,0.00109432561224643,0.00109887905269854,0.00110936206048636,0.00113197920151284,0.00115720228432973,0.0011841578723021,0.00121063357819252,0.00123936468817457,0.0012652799384962,0.00128864850308705,0.00131125536132005,0.00133585969452814,0.00136278025118756,0.00138741075548758,0.00140984823627577,0.00142766868985955,0.0014402187133006,0.0014460939352621,0.00145537507915208,0.0014710516153898,0.00148678991134998,0.00149277633152675,0.00148619495703959,0.0014818823712698,0.00148951290944518,0.00150691182866263,0.00152627718369495,0.00155017422877778,0.00157720810312974,0.00157431149940672,0.00155525052708383,0.0015362895814806,0.00152527894898202,0.00151792597973105,0.0015166481850076,0.00152630850330826,0.00154149204623332,0.00156618515778857,0.00159443852530168,0.00162091201158152,0.00164587444386618,0.00167022974210343,0.00169330574566487,0.00171131311569095,0.00172302819682733,0.00172641857979927,0.00172675270633199,0.00172345267330362,0.00171781655803493,0.00171037077281797,0.00170294002205989,0.00169357482821473,0.00168126915524447,0.00166555389656489,0.00164824814281903,0.00162683151491952,0.00160645652963331,0.00158318294486627,0.00155514359800214,0.00152829396542531,0.00150017945863351,0.00147723588298994,0.00145268693397339,0.00142460380222042,0.00139847864605084,0.00136958238697471,0.00134422341368414,0.00132121563160452,0.00128520397554107,0.00125263037381808,0.00123347791161866,0.00121129800772767,0.00119106855490651,0.0011849471964015,0.00117331017519833,0.00117007023905458,0.00117628750163701,0.00118425084259824,0.00118748083096389,0.00118386865592952,0.00117354583708402,0.00115191831283904,0.00112371086816686,0.00110065036954421,0.00109173248869409,0.00110262071437306,0.00111894617722186,0.00113340784576822,0.00114171317944783,0.00114211441706536,0.00113652435687224,0.00113067761860392,0.00112940421957522,0.0011306518318086,0.00113140097075838,0.00113207858686825,0.00113332456151584,0.00113376132372322,0.00113341578982973,0.0011318949366723,0.00113030760221487,0.0011299572538162,0.00112775109125678,0.00111655389265716,0.00111748113972255
NaN,NaN,NaN,NaN,NaN,NaN,NaN,NaN,NaN,NaN,NaN,NaN,NaN,NaN,NaN,NaN,NaN,NaN,NaN,NaN,NaN,NaN,NaN,NaN,NaN,NaN,NaN,NaN,NaN,NaN,NaN,NaN,NaN,NaN,NaN,NaN,NaN,NaN,NaN,NaN,NaN,NaN,NaN,NaN,NaN,NaN,NaN,NaN,NaN,NaN,NaN,NaN,NaN,NaN,NaN,NaN,NaN,NaN,NaN,NaN,NaN,NaN,NaN,NaN,NaN,NaN,NaN,NaN,NaN,NaN,NaN,NaN,NaN,NaN,NaN,NaN,NaN,NaN,NaN,NaN,NaN,NaN,NaN,NaN,NaN,NaN,NaN,NaN,NaN,NaN,NaN,NaN,NaN,NaN,NaN,NaN,NaN,NaN,NaN,NaN,NaN,NaN,NaN,NaN,NaN,NaN,NaN,NaN,NaN,NaN,NaN,NaN,-0.176666527361785,-0.175466794425992,NaN,NaN,NaN,NaN,NaN,NaN,-0.00938472192868377,7.30897143800258e-05,0.0011400112074006,0.00116196457410228,0.00115315556247227,0.00114284974201239,0.00113803388839471,0.00113769542876209,0.000306811809848359,-0.00945685197334696,-0.00598584841369521,0.00049878929377663,0.00106631654323302,0.0010675102725129,0.00107133256331088,0.001078665614027,0.00107898114226887,0.00107548818850296,0.00107508769287991,0.00108111128085596,0.00108848178260523,0.00109755311737666,0.00111590870342139,0.0011374472696079,0.0011590198903266,0.00118673981077591,0.00121598624570193,0.00124599019695849,0.00127584231629565,0.00130569484130746,0.00133597955818949,0.00136668983167353,0.00139436246033575,0.00141768505468357,0.00143608436338474,0.00145297371025556,0.00146673355442751,0.0014774574756046,0.00148833885000959,0.00150400351193945,0.00151915326428242,0.00152670668897463,0.00151687879054955,0.00149849457794896,0.0015011761486122,0.00152334049881099,0.00155001704880586,0.0015761418969541,0.0015895938383617,0.00158690274950069,0.00157925278824167,0.00156666434842595,0.00155061206993248,0.00152347365339397,0.00151186878233598,0.00152499013503558,0.00154767801739382,0.00157688807681286,0.00160106871384902,0.00162663157300025,0.00165559186534975,0.0016815747178569,0.00170398430834774,0.00172444830987251,0.00174012682706943,0.00174661954223134,0.00174771684303141,0.00174732702606648,0.00174349443311232,0.0017368259176149,0.00172884538711961,0.00171863152187879,0.00170835258074576,0.00169280468966596,0.00167496801248392,0.00165335356047608,0.00162791197752402,0.00159995223384204,0.00157367777017322,0.00155466447910349,0.00153565715637402,0.00151211761571631,0.00148442074744219,0.00144965355996688,0.0014187610807289,0.00138597411994169,0.00134939130912894,0.00132458750676791,0.00130395382723554,0.00127200230895877,0.00124025387053651,0.00121309940183038,0.00118499617790311,0.00117383988081149,0.00117758178965858,0.00117990601237039,0.00118528885989925,0.00119362862628055,0.00119425419139549,0.00117722082695461,0.00114955346173775,0.00113392944184845,0.00112114223986536,0.0011083605424372,0.00109598928772715,0.0010991298728294,0.00111167843602414,0.0011250275944488,0.00113469053395091,0.00113703104261561,0.0011345520994685,0.00112962844592124,0.00112733901751439,0.00112874882002609,0.00113076627487535,0.00113137033876575,0.00113222126314888,0.00113351113123103,0.0011338190437174,0.00113302638615598,0.00113090625109486,0.00113006248845615,0.00112664944712996,0.00111517912516603,0.00111614276322157
NaN,NaN,NaN,NaN,NaN,NaN,NaN,NaN,NaN,NaN,NaN,NaN,NaN,NaN,NaN,NaN,NaN,NaN,NaN,NaN,NaN,NaN,NaN,NaN,NaN,NaN,NaN,NaN,NaN,NaN,NaN,NaN,NaN,NaN,NaN,NaN,NaN,NaN,NaN,NaN,NaN,NaN,NaN,NaN,NaN,NaN,NaN,NaN,NaN,NaN,NaN,NaN,NaN,NaN,NaN,NaN,NaN,NaN,NaN,NaN,NaN,NaN,NaN,NaN,NaN,NaN,NaN,NaN,NaN,NaN,NaN,NaN,NaN,NaN,NaN,NaN,NaN,NaN,NaN,NaN,NaN,NaN,NaN,NaN,NaN,NaN,NaN,NaN,NaN,NaN,NaN,NaN,NaN,NaN,NaN,NaN,NaN,NaN,NaN,NaN,NaN,NaN,NaN,NaN,NaN,NaN,NaN,NaN,NaN,NaN,NaN,NaN,NaN,NaN,NaN,NaN,NaN,NaN,NaN,NaN,NaN,-0.0482169571373149,-0.0159025082845137,-0.00544378313422242,-0.00135669496686858,0.000392556432126723,-0.00112931889836596,-0.0108645587574549,-0.0445488669326315,NaN,NaN,NaN,0.000535401734405139,0.00108315780757431,0.00108123269902541,0.00108212593748697,0.00107739367150446,0.00107038069836402,0.00107240474255871,0.0010793370688453,0.00108487550905029,0.00109767694416488,0.0011169542541236,0.00113685430425775,0.00116086081668307,0.00118834588213161,0.00121889248429964,0.00124921766618157,0.00128257627206996,0.00131704591218077,0.00135080480786273,0.00138411428344724,0.00141340620599467,0.00143895800619618,0.00145930750996185,0.00147611297511951,0.0014916479495557,0.0015056680770919,0.00151856878183877,0.00152941443546717,0.00154483680413518,0.00155407200394154,0.00153564061133351,0.00151234840773045,0.00151051594556781,0.00153355435915707,0.00156408740337357,0.00159167820401146,0.00160687650088156,0.0016100643074789,0.00160693111454761,0.00159519317917186,0.0015386602116657,0.00148172029011083,0.00149878003153844,0.00153548731092334,0.00155925873411072,0.00157289819662998,0.00159245585378622,0.00162420029304626,0.00165630079052551,0.00168274706479619,0.00170531206641629,0.0017262973053617,0.00174309341146513,0.00175394096472556,0.00175642963840318,0.00175777092041868,0.0017578033582226,0.00175489013464325,0.00174784793895155,0.00173831579186927,0.00172772617446881,0.00171673199038658,0.00169725191424784,0.00167454963692082,0.00164687526140583,0.00161397831204477,0.00158429915425682,0.00156319352932982,0.00154575343695381,0.00152522009462594,0.001502583459249,0.00148154740687763,0.00144479159293662,0.00140784249881436,0.00136565186341063,0.00133191982643832,0.00131143675424279,0.00127953637583589,0.00124530764857467,0.00121986547797011,0.00119422307110508,0.00117764249307961,0.00117508759420423,0.00117780075404732,0.00118542801346694,0.0011932261858047,0.00118836883351344,0.0011661439900359,0.00114630121704726,0.00113182548766874,0.00111360144200071,0.00110624291401501,0.00110347659683015,0.00110106515742805,0.00110808122523104,0.00111981574611773,0.00112991511193528,0.00113235020752126,0.00113080059350854,0.00112802264511446,0.00112506433204646,0.00112668267338983,0.00113008286118362,0.00113063497966814,0.00113110729555512,0.00113263723199996,0.00113390006805783,0.00113332978601843,0.00113129164157444,0.00113048845994369,0.00112622652621135,0.00111394761278833,0.00111494670745913
NaN,NaN,NaN,NaN,NaN,NaN,NaN,NaN,NaN,NaN,NaN,NaN,NaN,NaN,NaN,NaN,NaN,NaN,NaN,NaN,NaN,NaN,NaN,NaN,NaN,NaN,NaN,NaN,NaN,NaN,NaN,NaN,NaN,NaN,NaN,NaN,NaN,NaN,NaN,NaN,NaN,NaN,NaN,NaN,NaN,NaN,NaN,NaN,NaN,NaN,NaN,NaN,NaN,NaN,NaN,NaN,NaN,NaN,NaN,NaN,NaN,NaN,NaN,NaN,NaN,NaN,NaN,NaN,NaN,NaN,NaN,NaN,NaN,NaN,NaN,NaN,NaN,NaN,NaN,NaN,NaN,NaN,NaN,NaN,NaN,NaN,NaN,NaN,NaN,NaN,NaN,NaN,NaN,NaN,NaN,NaN,NaN,NaN,NaN,NaN,NaN,NaN,NaN,NaN,NaN,NaN,NaN,NaN,NaN,NaN,NaN,NaN,NaN,NaN,NaN,NaN,NaN,NaN,NaN,NaN,NaN,NaN,NaN,NaN,NaN,-0.0435533974298793,-0.0599680033421858,NaN,NaN,NaN,NaN,NaN,NaN,0.000549366905904181,0.00109419959628409,0.00109184289325364,0.00107074693714846,0.00106869102880876,0.00107200479100053,0.00107585614165313,0.00108192087612424,0.0010943607465557,0.00111419885155479,0.0011354440317194,0.00116060513849502,0.00118987935152663,0.00122062901311599,0.00125167571553903,0.00128557885499679,0.00132104300513164,0.00135370042657657,0.00139020677624991,0.00142337974235239,0.00145161115363098,0.00147569934030507,0.00149484936785795,0.0015118026552977,0.00152731411777788,0.00153846418136348,0.0015496141020119,0.00156065796739426,0.00156656748804757,0.00154994443375711,0.00152058971973122,0.00151921589717935,0.00154513935369209,0.00157446383861198,0.00160295679957238,0.00161539071449757,0.00161814839186147,0.00162449939964498,0.00157546308668826,0.00147821557880458,0.00146535479325454,0.00152524545596851,0.0015474991297357,0.00154444242608829,0.0015475751440189,0.00157823958506075,0.00161492646534591,0.00164531280161348,0.00167292995947195,0.00169703403239573,0.00171534511709867,0.00173105923582183,0.00174356841447066,0.00174988431141421,0.00175244460835084,0.0017566040850435,0.00175808986001062,0.0017570763484433,0.00174917032150775,0.00173848233012053,0.0017298630295087,0.00171392193050484,0.00168807805437432,0.00166209192526354,0.00163343448055131,0.00159806833250506,0.00156869627189863,0.00154719126900419,0.00152330389942179,0.001501641144387,0.00147806582631924,0.00145546803398559,0.00142592938497609,0.00138955145162412,0.00135333687437774,0.00132385144834616,0.00129180655711881,0.001255505061904,0.00122948646679203,0.00120443956220816,0.00118571492297737,0.00117968757547017,0.00117663561809462,0.00118310376587127,0.00118805932940906,0.00117457859359901,0.0011487611662882,0.00113573174860601,0.00113031494215135,0.00112030700576067,0.00111363845334028,0.00110588692562294,0.00109848050404759,0.0011052281207712,0.00111658304770889,0.0011249806076999,0.00112856438671784,0.00112736611700114,0.00112558880986118,0.00112395027573641,0.00112539741693175,0.00112878040259523,0.00113033316987554,0.00113111725182442,0.00113264100880686,0.00113402855025485,0.00113381515196558,0.00113148501759247,0.00113060695733831,0.00112622125247169,0.00111322551506458,0.00111427057783747
NaN,NaN,NaN,NaN,NaN,NaN,NaN,NaN,NaN,NaN,NaN,NaN,NaN,NaN,NaN,NaN,NaN,NaN,NaN,NaN,NaN,NaN,NaN,NaN,NaN,NaN,NaN,NaN,NaN,NaN,NaN,NaN,NaN,NaN,NaN,NaN,NaN,NaN,NaN,NaN,NaN,NaN,NaN,NaN,NaN,NaN,NaN,NaN,NaN,NaN,NaN,NaN,NaN,NaN,NaN,NaN,NaN,NaN,NaN,NaN,NaN,NaN,NaN,NaN,NaN,NaN,NaN,NaN,NaN,NaN,NaN,NaN,NaN,NaN,NaN,NaN,NaN,NaN,NaN,NaN,NaN,NaN,NaN,NaN,NaN,NaN,NaN,NaN,NaN,NaN,NaN,NaN,NaN,NaN,NaN,NaN,NaN,NaN,NaN,NaN,NaN,NaN,NaN,NaN,NaN,NaN,NaN,NaN,NaN,NaN,NaN,NaN,NaN,NaN,NaN,NaN,NaN,NaN,NaN,NaN,NaN,NaN,NaN,NaN,NaN,NaN,NaN,NaN,NaN,NaN,NaN,NaN,NaN,NaN,NaN,NaN,0.00105754808228288,0.00106827104657647,0.001069501522549,0.00107333898636191,0.0010814037065717,0.00109510332268962,0.00111393014339668,0.00113725170476995,0.00116237107088192,0.00119158127718082,0.00122268197987001,0.00125303402560581,0.00128635334591225,0.00132024169932295,0.00135303139896955,0.00138745227709257,0.00142411732179496,0.00145713959765243,0.00148264451698694,0.00150525174982988,0.00152740803749568,0.00154725441691325,0.00155972918352156,0.00156707158555482,0.00157062243052732,0.00157230809085345,0.00154965286546607,0.00152236235956808,0.00153733686697939,0.00155720016977758,0.00157961212064586,0.00160519845766723,0.00161365378402676,0.00162753933546415,0.00162258657239004,0.00150958461904425,0.00142424916385931,0.00148520830130965,0.00152216677961524,0.00151411842315988,0.00149873516358024,0.00151750320401346,0.00156228832557247,0.00159967377347132,0.00162874755697257,0.00165423349610624,0.00167899512880051,0.00169655520814334,0.00170846489160474,0.00171959139073948,0.00172769431680095,0.00173201637413422,0.0017381200147828,0.00174375182040387,0.0017472162942036,0.00174480330839804,0.00173724269583943,0.00172819446998379,0.00171769428740183,0.00168832204255012,0.00165819493997002,0.00163891292326671,0.00161990080226159,0.00158659752711073,0.00155980091906917,0.00152618352582288,0.00149670831526878,0.00146674748245516,0.00143902696322348,0.0014198948890395,0.00139427396186187,0.00136724468673288,0.00134251027575848,0.00130347069502693,0.00127212644726395,0.00124937869521323,0.00122407655435916,0.00120064228386319,0.00118422067435595,0.00117727701397762,0.00117781286867487,0.00117705780504282,0.00115638386867534,0.00113311830290141,0.00112455230004153,0.0011219560245421,0.00112425392890696,0.00112063242023097,0.00111043327901017,0.00110021548165207,0.00110331358364357,0.00111432189975258,0.00112224399807016,0.00112468331373808,0.00112499859995922,0.00112365511213605,0.00112369364937033,0.00112554055144204,0.00112782985654116,0.00112999738130167,0.00113213313726022,0.00113398365880731,0.001135415300757,0.0011349679569886,0.00113216929983142,0.00113091576931735,0.00112708346246152,0.0011135306056406,0.00111461883327205
NaN,NaN,NaN,NaN,NaN,NaN,NaN,NaN,NaN,NaN,NaN,NaN,NaN,NaN,NaN,NaN,NaN,NaN,NaN,NaN,NaN,NaN,NaN,NaN,NaN,NaN,NaN,NaN,NaN,NaN,NaN,NaN,NaN,NaN,NaN,NaN,NaN,NaN,NaN,NaN,NaN,NaN,NaN,NaN,NaN,NaN,NaN,NaN,NaN,NaN,NaN,NaN,NaN,NaN,NaN,NaN,NaN,NaN,NaN,NaN,NaN,NaN,NaN,NaN,NaN,NaN,NaN,NaN,NaN,NaN,NaN,NaN,NaN,NaN,NaN,NaN,NaN,NaN,NaN,NaN,NaN,NaN,NaN,NaN,NaN,NaN,NaN,NaN,NaN,NaN,NaN,NaN,NaN,NaN,NaN,NaN,NaN,NaN,NaN,NaN,NaN,NaN,NaN,NaN,NaN,NaN,NaN,NaN,NaN,NaN,NaN,NaN,NaN,NaN,NaN,NaN,NaN,NaN,NaN,NaN,NaN,NaN,NaN,NaN,NaN,NaN,NaN,NaN,NaN,NaN,NaN,NaN,NaN,NaN,NaN,NaN,-0.00265150469118559,-0.00183377170242378,0.00107434714120746,0.00107919338258033,0.00108871799753231,0.00110312338119467,0.00112007980917875,0.00114150079323194,0.00116686526817855,0.00119536255600544,0.0012246184782475,0.00125534353541709,0.00128436467791187,0.00131616426450352,0.00134900996689716,0.00138433866591184,0.00142117585945432,0.00145737301379,0.0014851272828539,0.00151062917738311,0.00154126908493463,0.00156582344710043,0.00157339432582101,0.00157293856729561,0.00157520713077308,0.00157313546998139,0.00155597400163786,0.00155508182451131,0.00156232280797786,0.00156403213343985,0.00158342783073789,0.00161029131664104,0.00162902535547941,0.00163650300164253,0.0015459169821587,0.00142469780893622,0.00143660370772036,0.00149297777578146,0.00148531793797045,0.00145550613449556,0.0014522108128574,0.00150242911261217,0.00155220045369775,0.00158291380263748,0.00160720222281274,0.00162945682807358,0.00165051563998742,0.0016674672064365,0.00167801366966607,0.00168601182701878,0.00169515204202974,0.0017020384725166,0.0017085788670547,0.00171773820483345,0.00172300259608462,0.00172450586884438,0.00172042259378682,0.00171560893765653,0.00170570051505288,0.00168629914395091,0.00164021128076442,0.00161071979818199,0.00160333306966717,0.00158653188472414,0.00156023040993756,0.00152970251783437,0.00149330634167899,0.00146283828868531,0.00143248354766353,0.0014043541620713,0.00138580708189208,0.00136459926344294,0.00133589250523453,0.00130930507837085,0.00128643936304694,0.00126467016137613,0.00124283074792783,0.00122794266477894,0.00120065601047849,0.00117296029288729,0.00115957268808325,0.00115284434652199,0.00114052150103755,0.00112704943688346,0.00112470309280206,0.00112619521244458,0.00112483510281524,0.00111877674245633,0.0011091508275964,0.0011043547052108,0.00110396199019536,0.0011121181370868,0.00112142967360135,0.00112290477741937,0.00112272701063702,0.0011229228803157,0.00112349281785243,0.00112612693985298,0.00112864061941775,0.00113042009534073,0.00113272906530115,0.00113518741642627,0.00113738182399315,0.00113672081548477,0.00113372190515285,0.00113209689774159,0.00112799215311543,0.0011145094790036,0.0011156376946353
NaN,NaN,NaN,NaN,NaN,NaN,NaN,NaN,NaN,NaN,NaN,NaN,NaN,NaN,NaN,NaN,NaN,NaN,NaN,NaN,NaN,NaN,NaN,NaN,NaN,NaN,NaN,NaN,NaN,NaN,NaN,NaN,NaN,NaN,NaN,NaN,NaN,NaN,NaN,NaN,NaN,NaN,NaN,NaN,NaN,NaN,NaN,NaN,NaN,NaN,NaN,NaN,NaN,NaN,NaN,NaN,NaN,NaN,NaN,NaN,NaN,NaN,NaN,NaN,NaN,NaN,NaN,NaN,NaN,NaN,NaN,NaN,NaN,NaN,NaN,NaN,NaN,NaN,NaN,NaN,NaN,NaN,NaN,NaN,NaN,NaN,NaN,NaN,NaN,NaN,NaN,NaN,NaN,NaN,NaN,NaN,NaN,NaN,NaN,NaN,NaN,NaN,NaN,NaN,NaN,NaN,NaN,NaN,NaN,NaN,NaN,NaN,NaN,NaN,NaN,NaN,NaN,NaN,NaN,NaN,NaN,NaN,NaN,NaN,NaN,NaN,NaN,NaN,NaN,NaN,NaN,NaN,NaN,NaN,NaN,NaN,NaN,-0.0647336966046849,-0.00182262929511612,2.82034374354497e-05,0.00110985430023816,0.00111822016172619,0.00113187208791589,0.00115064046570457,0.0011725786774179,0.00119814725093365,0.00122691335709568,0.00125579391626435,0.00128410956126385,0.00131226828627318,0.00134048125085008,0.00137763028770643,0.00141915360239183,0.00145474790712112,0.00148168122534449,0.00150836278717067,0.00154868984972273,0.00157640502348275,0.00157922431373208,0.00157542582820337,0.00158218829682311,0.00158151533212531,0.00157706731076282,0.00157304361992409,0.00156764635599758,0.00157008429334282,0.00160190591410819,0.00163308434526715,0.00163888038579978,0.00157776275594292,0.00147962307135565,0.00142210391400621,0.00145560803668417,0.00145091689558841,0.0014174702181396,0.00139520361885443,0.00143804330467322,0.00150333113582017,0.00153918398734329,0.00156023373219372,0.00158040088738515,0.00160185548917002,0.00161717116453305,0.00162865062814062,0.00163797525083455,0.0016433490175286,0.00165179044333028,0.00166188343196319,0.00166945256939665,0.00167820897046558,0.00168550909232751,0.00168972150942795,0.00168836960439184,0.00168552715049886,0.00168021443404612,0.00166407858757708,0.0016371981057039,0.00158603261767758,0.00157130275036432,0.00155626052924445,0.00153572463938086,0.00150699843655034,0.00147432751915957,0.00144627926995048,0.00142458936345138,0.00138949382711114,0.00136521461013382,0.00134270900739174,0.00132363884274454,0.00130183961686028,0.00127889526540752,0.00126140418129845,0.00125517635341783,0.00124664167657904,0.00121846067603251,0.00116629698859572,0.00114510709412228,0.00113396100625697,0.00112838910395959,0.00112819386676749,0.00113172144710363,0.00113108100146418,0.00112324310712122,0.00111574437564288,0.00110907497389851,0.00110520127005398,0.00110438980332246,0.00111019957802208,0.00111795538581776,0.00112105918417837,0.00112141914387185,0.00112250796749414,0.00112470790370786,0.00112766769112393,0.00113037878910943,0.00113188591568881,0.00113349068897855,0.00113639407082006,0.00113892618637396,0.00113892324406332,0.0011361273529998,0.00113407469654777,0.00112886604649466,0.00111579669808296,0.00111697328852093
NaN,NaN,NaN,NaN,NaN,NaN,NaN,NaN,NaN,NaN,NaN,NaN,NaN,NaN,NaN,NaN,NaN,NaN,NaN,NaN,NaN,NaN,NaN,NaN,NaN,NaN,NaN,NaN,NaN,NaN,NaN,NaN,NaN,NaN,NaN,NaN,NaN,NaN,NaN,NaN,NaN,NaN,NaN,NaN,NaN,NaN,NaN,NaN,NaN,NaN,NaN,NaN,NaN,NaN,NaN,NaN,NaN,NaN,NaN,NaN,NaN,NaN,NaN,NaN,NaN,NaN,NaN,NaN,NaN,NaN,NaN,NaN,NaN,NaN,NaN,NaN,NaN,NaN,NaN,NaN,NaN,NaN,NaN,NaN,NaN,NaN,NaN,NaN,NaN,NaN,NaN,NaN,NaN,NaN,NaN,NaN,NaN,NaN,NaN,NaN,NaN,NaN,NaN,NaN,NaN,NaN,NaN,NaN,NaN,NaN,NaN,NaN,NaN,NaN,NaN,NaN,NaN,NaN,NaN,NaN,NaN,NaN,NaN,NaN,NaN,NaN,NaN,NaN,NaN,NaN,NaN,NaN,NaN,NaN,NaN,NaN,NaN,NaN,-0.0647320485352804,-0.0138943213272676,-0.0044615414544275,0.00114053959911375,0.00114967858588331,0.00116477132386833,0.00118270677552502,0.00120474275366957,0.00122899888303487,0.00125370779273099,0.00128229268072799,0.00130885301863866,0.00133914112454852,0.00137225520455653,0.00141206692274292,0.00145159285456742,0.00147772537107754,0.00150655682077927,0.00155043418967208,0.00157898657393592,0.00158804443799676,0.00157035383811161,0.00157763554240786,0.00159270347335051,0.00157158995359934,0.00155677823408786,0.00157422891113658,0.00160649534289958,0.00163928371001049,0.00162659909416238,0.00157831863151583,0.00151402849329363,0.00147092056921472,0.00145754262767955,0.0014505445154037,0.00142326309372186,0.00136646695512353,0.00138141651729741,0.00143912179156063,0.0014920501228282,0.00151612359877363,0.00153200261526387,0.00155253129783676,0.00157071957895587,0.00157636730470355,0.0015788759410279,0.00158598641009264,0.00159171561685897,0.00159716398697826,0.0016070321115279,0.00161481929054999,0.00162347979149135,0.00163368520790241,0.00164065474748572,0.00164114492879602,0.00163308028047316,0.00162647377673408,0.00162649198865986,0.0016146617033946,0.00156329877009838,0.00152731587527788,0.00151473303487281,0.00149358609754457,0.00147005012369918,0.00144473792331753,0.0014229260606201,0.00139382490858414,0.00136416929278423,0.00134019549815715,0.00132625182329397,0.00130405668104386,0.00128205076696391,0.0012663119228814,0.00125578042262561,0.00124764194935808,0.00123876958132774,0.00121480176561434,0.00117364110703135,0.00114356656164422,0.00112439214852546,0.00112269634505334,0.00113274265699058,0.0011403367873703,0.00113551999571149,0.00112317292296519,0.0011130022821918,0.00110848981670469,0.00110431585917072,0.00110236400196342,0.00110668352037087,0.00111447037162255,0.00111795121631159,0.00111951237249181,0.00112227626094847,0.00112595206716614,0.00112974359749632,0.00113264101397336,0.00113413658595159,0.00113545787439882,0.00113778146631122,0.00114072671701388,0.00114168035727018,0.00113961753098102,0.00113699811327841,0.00113100965649028,0.00111682647924874,0.00111805260015337
NaN,NaN,NaN,NaN,NaN,NaN,NaN,NaN,NaN,NaN,NaN,NaN,NaN,NaN,NaN,NaN,NaN,NaN,NaN,NaN,NaN,NaN,NaN,NaN,NaN,NaN,NaN,NaN,NaN,NaN,NaN,NaN,NaN,NaN,NaN,NaN,NaN,NaN,NaN,NaN,NaN,NaN,NaN,NaN,NaN,NaN,NaN,NaN,NaN,NaN,NaN,NaN,NaN,NaN,NaN,NaN,NaN,NaN,NaN,NaN,NaN,NaN,NaN,NaN,NaN,NaN,NaN,NaN,NaN,NaN,NaN,NaN,NaN,NaN,NaN,NaN,NaN,NaN,NaN,NaN,NaN,NaN,NaN,NaN,NaN,NaN,NaN,NaN,NaN,NaN,NaN,NaN,NaN,NaN,NaN,NaN,NaN,NaN,NaN,NaN,NaN,NaN,NaN,NaN,NaN,NaN,NaN,NaN,NaN,NaN,NaN,NaN,NaN,NaN,NaN,NaN,NaN,NaN,NaN,NaN,NaN,NaN,NaN,NaN,NaN,NaN,NaN,NaN,NaN,NaN,NaN,NaN,NaN,NaN,NaN,NaN,NaN,NaN,NaN,-0.0926928398506081,-0.00864401378663751,-0.000867325444032902,0.00117582104609895,0.0011846073089714,0.00119710695553663,0.00121463950652508,0.00123493422505796,0.00125327860196981,0.00127477221065522,0.00130641494893705,0.00134270450797755,0.00138587167615857,0.00142181257460843,0.00145501638630696,0.00147729821298015,0.00150802340154639,0.00154087948871629,0.00156519035718464,0.00157567663211397,0.00155644593252696,0.00158036689607015,0.00157895727180285,0.00154914035792326,0.0015657073186076,0.00160993691705806,0.00161800277458167,0.00158756908819638,0.00154287701797092,0.00151059343331605,0.00151518124716471,0.00151769507186483,0.00148647876558338,0.00144006226988926,0.00135749366215075,0.00133725622348219,0.0013832238507334,0.00143312543459383,0.0014685649938126,0.00148902672941542,0.00150407327692027,0.0015253091833051,0.00153134206496165,0.00152743779959659,0.00152282995319226,0.00152364534317217,0.00152814934916357,0.00153124218821498,0.00153917975881601,0.00154858687630295,0.00155373525082702,0.00156300890651362,0.00157191395016821,0.00157570967284038,0.00156461173593333,0.00154184131371965,0.00153979155009219,0.00155137257728638,0.00154175246155442,0.00148871402310178,0.00146252178221621,0.00144022906162793,0.00141840256244584,0.00140647313807901,0.00139184178006177,0.00136537352094663,0.00133661575081785,0.00130940324292825,0.0012969827112435,0.00128631763628609,0.00126589748849749,0.00124814706115669,0.00124057851368599,0.00122855869700593,0.00120970988697692,0.00118722282520359,0.00117651505713597,0.00115180804751711,0.00112643403802305,0.00112301762385362,0.00113515241694795,0.00114723754746048,0.00114406243030185,0.00112701458298685,0.0011162176803033,0.00110759641726527,0.00110030469115271,0.00110064081717504,0.00110480876632067,0.00111025917097041,0.00111318759828791,0.00111542597542587,0.00112111804617678,0.00112704846187752,0.00113168311537912,0.00113507022491611,0.00113715613730185,0.00113855613495663,0.00114058199173931,0.00114296621948997,0.0011442561045143,0.00114256716622847,0.00114037309729078,0.00113401411380861,0.00111896964328256,0.00112025177449108
NaN,NaN,NaN,NaN,NaN,NaN,NaN,NaN,NaN,NaN,NaN,NaN,NaN,NaN,NaN,NaN,NaN,NaN,NaN,NaN,NaN,NaN,NaN,NaN,NaN,NaN,NaN,NaN,NaN,NaN,NaN,NaN,NaN,NaN,NaN,NaN,NaN,NaN,NaN,NaN,NaN,NaN,NaN,NaN,NaN,NaN,NaN,NaN,NaN,NaN,NaN,NaN,NaN,NaN,NaN,NaN,NaN,NaN,NaN,NaN,NaN,NaN,NaN,NaN,NaN,NaN,NaN,NaN,NaN,NaN,NaN,NaN,NaN,NaN,NaN,NaN,NaN,NaN,NaN,NaN,NaN,NaN,NaN,NaN,NaN,NaN,NaN,NaN,NaN,NaN,NaN,NaN,NaN,NaN,NaN,NaN,NaN,NaN,NaN,NaN,NaN,NaN,NaN,NaN,NaN,NaN,NaN,NaN,NaN,NaN,NaN,NaN,NaN,NaN,NaN,NaN,NaN,NaN,NaN,NaN,NaN,NaN,NaN,NaN,NaN,NaN,NaN,NaN,NaN,NaN,NaN,NaN,NaN,NaN,NaN,NaN,NaN,NaN,NaN,NaN,-0.0926880137291285,-0.0545828137333392,-0.00358486234517258,0.00120636985071138,0.00121395689226469,0.00122885302542476,0.00124397799112284,0.00125779207565576,0.00127270776393372,0.00129457126288326,0.00133376952175307,0.00139855081919015,0.00145610274713644,0.00147622473538046,0.00148752224514676,0.00149993614855316,0.00152106595012062,0.00154811075084422,0.00153886156204019,0.00153786052326001,0.00155380829559943,0.00155605231707771,0.00156206127080471,0.00159013969478275,0.00160620519400878,0.0015780272402911,0.00152764034148237,0.00151254709212801,0.00153646640334471,0.00157168417555206,0.00155142014879689,0.00147353415954715,0.00139795868657698,0.00134798358109486,0.00137263272401004,0.00138966392224509,0.00141847596783537,0.00143981605805051,0.00145826684959154,0.00147296839041574,0.00148510891991641,0.00148120525169445,0.00147171065026075,0.0014633317234863,0.00145612849518072,0.00145589906552638,0.00145682393698952,0.00146249033316984,0.00147285497244082,0.00148201464314729,0.00148760549460369,0.00149818810787387,0.00150502012235468,0.00149330312229219,0.00145645628012642,0.0014343605078517,0.0014246019659843,0.00142577839720978,0.00141760146745292,0.00139792563482588,0.0013750675421735,0.00135198161273231,0.00133901985153632,0.0013330438441825,0.00132174258880629,0.00130055375670446,0.00128895522804438,0.00127268568998577,0.00125869056963273,0.00124625376743993,0.00122260533263907,0.00121157046567773,0.00120264104688034,0.00119046722984698,0.00117246527509152,0.00115285557107763,0.001143583622807,0.00114003354961201,0.00113376112377195,0.00113773224054819,0.00114565450828182,0.0011483599003237,0.00113445532570609,0.00112439447134286,0.00110966732085045,0.0010954292063782,0.00109579773172334,0.00110229835745415,0.00110685656580618,0.00110870114612028,0.00111216384755875,0.00112000501279419,0.00112939759093006,0.00113542796365727,0.00113845468226286,0.00114084714382529,0.00114250336510305,0.00114441539255899,0.00114609688865954,0.00114703811095478,0.00114599443128848,0.00114476148492499,0.00113926067328923,0.00112450519565827,0.00112581726276173
NaN,NaN,NaN,NaN,NaN,NaN,NaN,NaN,NaN,NaN,NaN,NaN,NaN,NaN,NaN,NaN,NaN,NaN,NaN,NaN,NaN,NaN,NaN,NaN,NaN,NaN,NaN,NaN,NaN,NaN,NaN,NaN,NaN,NaN,NaN,NaN,NaN,NaN,NaN,NaN,NaN,NaN,NaN,NaN,NaN,NaN,NaN,NaN,NaN,NaN,NaN,NaN,NaN,NaN,NaN,NaN,NaN,NaN,NaN,NaN,NaN,NaN,NaN,NaN,NaN,NaN,NaN,NaN,NaN,NaN,NaN,NaN,NaN,NaN,NaN,NaN,NaN,NaN,NaN,NaN,NaN,NaN,NaN,NaN,NaN,NaN,NaN,NaN,NaN,NaN,NaN,NaN,NaN,NaN,NaN,NaN,NaN,NaN,NaN,NaN,NaN,NaN,NaN,NaN,NaN,NaN,NaN,NaN,NaN,NaN,NaN,NaN,NaN,NaN,NaN,NaN,NaN,NaN,NaN,NaN,NaN,NaN,NaN,NaN,NaN,NaN,NaN,NaN,NaN,NaN,NaN,NaN,NaN,NaN,NaN,NaN,NaN,NaN,NaN,NaN,NaN,NaN,-0.0754940942576793,-0.00869048309638399,0.00113705209258239,0.00124961227843835,0.00125863098884206,0.00126740721973733,0.00127599160664755,0.00128920743600958,0.00131766362271699,0.00140256309060335,0.00149416271918872,0.00150130746010965,0.00149027442005952,0.00148805887062592,0.00149245151620755,0.00150908571152158,0.00151172101762645,0.00152618575988051,0.00155049692066187,0.00157759912766303,0.00160614749140601,0.00159839477345598,0.00157806805790665,0.00155883136308166,0.00154227101152956,0.00156743829163181,0.00160564838294558,0.00160275948983197,0.0015388203479715,0.00147118932697723,0.00143442283933529,0.00140602680047973,0.00138303086460423,0.00136630349853467,0.00138327306666541,0.00140927114603932,0.00142207077044616,0.00143203237971484,0.00144061953211285,0.00142711006508357,0.00141108121183908,0.00140156534164744,0.00139108914593638,0.00138510125103773,0.001380970640404,0.00138437002060385,0.00139312773280408,0.00140169071975482,0.00140703075201929,0.00141952276489813,0.00143131984570047,0.00142458518544714,0.00137692386466712,0.00135146887810132,0.00133755376980576,0.00127921634866854,0.00126575586969681,0.00128807760109431,0.00129856605667673,0.00126953212897843,0.00125398035460474,0.00124278534544245,0.00123963738166196,0.00123444426572583,0.00123840801647139,0.00123886789581214,0.0012236750115997,0.00121385925710972,0.00120005093534642,0.001176043819267,0.00117230652623625,0.00116863063622883,0.00115842635954569,0.00114175258526627,0.00114033996272862,0.001142486740217,0.00114167288293776,0.00114362118239172,0.00113925642627521,0.00114176433240555,0.00113862940567199,0.00112840544457059,0.00110979555709653,0.00109312630883152,0.00109309648508099,0.00109899337891847,0.00110240709046587,0.00110513897018871,0.00111170697925544,0.00112121635740428,0.00113180040901736,0.00113919407843792,0.00114270109438671,0.00114502566216481,0.0011471399599929,0.00114928379191215,0.00115032572678705,0.00115069510365333,0.0011503003134112,0.0011497824182011,0.00114563015043002,0.00113122647834388,0.00113256788991605
NaN,NaN,NaN,NaN,NaN,NaN,NaN,NaN,NaN,NaN,NaN,NaN,NaN,NaN,NaN,NaN,NaN,NaN,NaN,NaN,NaN,NaN,NaN,NaN,NaN,NaN,NaN,NaN,NaN,NaN,NaN,NaN,NaN,NaN,NaN,NaN,NaN,NaN,NaN,NaN,NaN,NaN,NaN,NaN,NaN,NaN,NaN,NaN,NaN,NaN,NaN,NaN,NaN,NaN,NaN,NaN,NaN,NaN,NaN,NaN,NaN,NaN,NaN,NaN,NaN,NaN,NaN,NaN,NaN,NaN,NaN,NaN,NaN,NaN,NaN,NaN,NaN,NaN,NaN,NaN,NaN,NaN,NaN,NaN,NaN,NaN,NaN,NaN,NaN,NaN,NaN,NaN,NaN,NaN,NaN,NaN,NaN,NaN,NaN,NaN,NaN,NaN,NaN,NaN,NaN,NaN,NaN,NaN,NaN,NaN,NaN,NaN,NaN,NaN,NaN,NaN,NaN,NaN,NaN,NaN,NaN,NaN,NaN,NaN,NaN,NaN,NaN,NaN,NaN,NaN,NaN,NaN,NaN,NaN,NaN,NaN,NaN,NaN,NaN,NaN,NaN,NaN,NaN,-0.0928989334119857,-0.0252604150921312,-0.00127070238903304,0.0012768912981688,0.00128404531239257,0.00128912741779419,0.00129449467084777,0.00131163740872372,0.000330739509918224,0.000331740420083215,0.0015147281393837,0.00149458060218548,0.001480479691273,0.00146752475703847,0.00147144986470149,0.00149846744016464,0.00154402806072457,0.00156957040187712,0.00159709432042657,0.00159614444318135,0.00155765938939637,0.00157144195701691,0.00159222682958525,0.00158835458809394,0.00160448385165659,0.00160784795805002,0.00158406334286182,0.00154719159637906,0.00151694059237962,0.00146793567874388,0.0014036787601676,0.00133729674394309,0.00132719416558171,0.0013486474398201,0.00137363122665757,0.00138043428636597,0.00138974101821008,0.00138772147616361,0.00136790007598958,0.00135295735428946,0.00134011682962667,0.0013266711039303,0.0013167492786277,0.00130578245731162,0.00130294608598311,0.00131030806069207,0.00132243379959791,0.00132841498372948,0.00133777420798065,0.00135823715698914,0.00137082926472676,0.00133558606991254,0.00128343414407631,0.00127867908214746,0.00123505914685506,0.00111865151875028,0.00110416965002249,0.00116888087807643,0.00117407468520441,0.00114863428613736,0.00114291537053147,0.00114628386297668,0.00113779263973776,0.00116177712899154,0.00118123375244491,0.00118096458011708,0.00116844687741358,0.00116062002228573,0.00113966783772035,0.00113879653313532,0.00113848683816377,0.00114362472529451,0.00114353981398115,0.00114210960850717,0.00114141922293097,0.00114053422248595,0.00114013591841156,0.00114051397005476,0.00113804821303124,0.00112984723806306,0.00111770501642545,0.00110797551066674,0.00109522194812195,0.00109190416534499,0.0010960355271505,0.00109978496355528,0.00110340360384631,0.00111161669007509,0.00112344049548752,0.00113447653572843,0.00114287344074853,0.0011479885282953,0.0011509344009942,0.00115282766986735,0.00115470331256319,0.00115594317481701,0.00115623219320768,0.00115557713559989,0.0011553735397365,0.00115219035116154,0.00113806329705117,0.00113945287300399
NaN,NaN,NaN,NaN,NaN,NaN,NaN,NaN,NaN,NaN,NaN,NaN,NaN,NaN,NaN,NaN,NaN,NaN,NaN,NaN,NaN,NaN,NaN,NaN,NaN,NaN,NaN,NaN,NaN,NaN,NaN,NaN,NaN,NaN,NaN,NaN,NaN,NaN,NaN,NaN,NaN,NaN,NaN,NaN,NaN,NaN,NaN,NaN,NaN,NaN,NaN,NaN,NaN,NaN,NaN,NaN,NaN,NaN,NaN,NaN,NaN,NaN,NaN,NaN,NaN,NaN,NaN,NaN,NaN,NaN,NaN,NaN,NaN,NaN,NaN,NaN,NaN,NaN,NaN,NaN,NaN,NaN,NaN,NaN,NaN,NaN,NaN,NaN,NaN,NaN,NaN,NaN,NaN,NaN,NaN,NaN,NaN,NaN,NaN,NaN,NaN,NaN,NaN,NaN,NaN,NaN,NaN,NaN,NaN,NaN,NaN,NaN,NaN,NaN,NaN,NaN,NaN,NaN,NaN,NaN,NaN,NaN,NaN,NaN,NaN,NaN,NaN,NaN,NaN,NaN,NaN,NaN,NaN,NaN,NaN,NaN,NaN,NaN,NaN,NaN,NaN,NaN,NaN,NaN,NaN,-0.0618531094469316,-0.0119381825395286,-0.000352114418089882,0.000932632262274358,0.00120711545947559,-0.0115852591546163,NaN,NaN,NaN,0.0014950831622221,0.00148024313912499,0.00146347546239857,0.00145559434939588,0.00147030761322239,0.00155801240224047,0.00157715818465197,0.00158111345323585,0.00156273141035672,0.00155951750481216,0.00161416117564858,0.00162613683080804,0.00160494870504208,0.00160213796221056,0.00157941660560932,0.00156914978522421,0.00156309772983954,0.00153804844242683,0.00146319110306865,0.00137498179815631,0.00130500813858229,0.00129115489372224,0.00131297896043765,0.00133095266352564,0.00133766227991129,0.00133974562915571,0.00132903440396847,0.00131146925857439,0.00129373109994113,0.00127849455343793,0.0012657648182782,0.00125133198941444,0.00123521482603747,0.00122232158284006,0.00121947436506671,0.00122178231657207,0.00122630522081877,0.00123196132706275,0.00126152444573043,0.00130826275229728,0.00130942561761772,0.00126424076910917,0.00123518978745612,0.00122192766901505,0.00112847491065641,0.00100062665480085,0.001016067015571,0.00106647903329915,0.00105070982464334,0.0010390503143252,0.00106349385271107,0.00105663841224818,0.00104920310034697,0.00109232681672017,0.00111751462138644,0.00111041809666715,0.00111481209458475,0.00110886634265703,0.00110268096102589,0.00111259557947468,0.00112416286228938,0.00113260741785067,0.00113166783804949,0.00114029430339863,0.00114128346992948,0.00113912379059955,0.00113880328138943,0.00113868985772581,0.00112517684885289,0.00110638482551184,0.00109578444944962,0.00109487926156793,0.00109405004713858,0.0010968572126443,0.00110078230255048,0.00110418899717897,0.00111230464256374,0.00112518360372444,0.0011377769885903,0.00114767398342777,0.00115411030995062,0.00115730949924899,0.00115945696308109,0.00116119764371225,0.00116255296882605,0.00116272996754678,0.0011619913806973,0.00116195247957965,0.0011591889485679,0.00114479660490609,0.00114621804403841
NaN,NaN,NaN,NaN,NaN,NaN,NaN,NaN,NaN,NaN,NaN,NaN,NaN,NaN,NaN,NaN,NaN,NaN,NaN,NaN,NaN,NaN,NaN,NaN,NaN,NaN,NaN,NaN,NaN,NaN,NaN,NaN,NaN,NaN,NaN,NaN,NaN,NaN,NaN,NaN,NaN,NaN,NaN,NaN,NaN,NaN,NaN,NaN,NaN,NaN,NaN,NaN,NaN,NaN,NaN,NaN,NaN,NaN,NaN,NaN,NaN,NaN,NaN,NaN,NaN,NaN,NaN,NaN,NaN,NaN,NaN,NaN,NaN,NaN,NaN,NaN,NaN,NaN,NaN,NaN,NaN,NaN,NaN,NaN,NaN,NaN,NaN,NaN,NaN,NaN,NaN,NaN,NaN,NaN,NaN,NaN,NaN,NaN,NaN,NaN,NaN,NaN,NaN,NaN,NaN,NaN,NaN,NaN,NaN,NaN,NaN,NaN,NaN,NaN,NaN,NaN,NaN,NaN,NaN,NaN,NaN,NaN,NaN,NaN,NaN,NaN,NaN,NaN,NaN,NaN,NaN,NaN,NaN,NaN,NaN,NaN,NaN,NaN,NaN,NaN,NaN,NaN,NaN,NaN,NaN,NaN,NaN,NaN,NaN,NaN,NaN,NaN,NaN,NaN,NaN,NaN,0.00147102518350881,0.0014476373511735,NaN,NaN,0.00154570601722715,0.00156742721956782,0.00156029222447795,0.00161071718021057,0.0016629804404039,0.00166119460574092,0.00162950354456651,0.00158653346514805,0.00155064232454566,0.00154783282592781,0.00157096280660328,0.00153648532989322,0.00145010088695507,0.00133303128139055,0.00126183809609978,0.0012545140233271,0.00128714631644796,0.00129693137953324,0.00129230930736187,0.00128714024290418,0.00127194642576212,0.00125338937569094,0.0012310799767448,0.00121836562266096,0.0012074168862873,0.00118912919862184,0.00117049025462475,0.00114818149954508,0.00112885390158859,0.00111271322902678,0.00109296544668633,0.00108122748460926,0.00109181260525715,0.00115125567725847,0.001196648822529,0.00118283401415413,0.00116544355344651,0.00116041155329959,0.00113683624979977,0.00102281997344912,0.000942128061028336,0.000964015982771261,0.000985881353415963,0.00096723663738395,0.000964970801611839,0.00100292369828024,0.00100315252025966,0.00100963235846284,0.00103535992825444,0.00104127993019428,0.0010429380366942,0.00104974882800718,0.00106565853371965,0.00109110728654629,0.00110775674958428,0.00111274313233892,0.00111107317315141,0.00113443476999853,0.00114543998527253,0.00114101501100634,0.00113307576150695,0.00113122198031244,0.00112091659797222,0.00110772650323173,0.00108916241332361,0.0010875685421367,0.00109087504301619,0.00109595570389523,0.00110412553408891,0.00111017125990559,0.00111823492963944,0.00113003538695487,0.00114166327024695,0.00115249860422535,0.00116035708808531,0.00116432493432864,0.00116655112516909,0.00116841282597199,0.00116968318781609,0.00117011008991193,0.00116936694469161,0.00116934851245102,0.00116710758770225,0.00115258814075045,0.00115402932417898
NaN,NaN,NaN,NaN,NaN,NaN,NaN,NaN,NaN,NaN,NaN,NaN,NaN,NaN,NaN,NaN,NaN,NaN,NaN,NaN,NaN,NaN,NaN,NaN,NaN,NaN,NaN,NaN,NaN,NaN,NaN,NaN,NaN,NaN,NaN,NaN,NaN,NaN,NaN,NaN,NaN,NaN,NaN,NaN,NaN,NaN,NaN,NaN,NaN,NaN,NaN,NaN,NaN,NaN,NaN,NaN,NaN,NaN,NaN,NaN,NaN,NaN,NaN,NaN,NaN,NaN,NaN,NaN,NaN,NaN,NaN,NaN,NaN,NaN,NaN,NaN,NaN,NaN,NaN,NaN,NaN,NaN,NaN,NaN,NaN,NaN,NaN,NaN,NaN,NaN,NaN,NaN,NaN,NaN,NaN,NaN,NaN,NaN,NaN,NaN,NaN,NaN,NaN,NaN,NaN,NaN,NaN,NaN,NaN,NaN,NaN,NaN,NaN,NaN,NaN,NaN,NaN,NaN,NaN,NaN,NaN,NaN,NaN,NaN,NaN,NaN,NaN,NaN,NaN,NaN,NaN,NaN,NaN,NaN,NaN,NaN,NaN,NaN,NaN,NaN,NaN,NaN,NaN,NaN,NaN,NaN,NaN,NaN,NaN,NaN,NaN,NaN,NaN,NaN,NaN,NaN,NaN,NaN,NaN,NaN,NaN,0.00152492981835757,1.46890939058062e-05,-0.00103195201679066,0.00167743384602544,0.00166539452658476,0.00161838424629386,0.00154697729847186,0.0015118464323306,0.00154133153238724,0.00154194649154836,0.00151338740930962,0.0014111553601847,0.00128585505239929,0.00122579027195136,0.00123413590046123,0.00126264816593171,0.00124979699526958,0.0012431033951598,0.00123652466533786,0.00121609102351335,0.00119451961333389,0.00117266726005103,0.00116302015400914,0.00115007477242196,0.00113017160501341,0.00110982957050425,0.00108268329585399,0.00104528299292072,0.0010040591686729,0.000947955167039799,0.000896330786258559,0.00086067815818093,0.000900196604673765,0.000967859766386375,0.000976284179400406,0.000973496171217167,0.000988827013875714,0.00100497850995715,0.00100429907205564,0.000934770040201564,0.000908168047900343,0.000899757702020055,0.000913138738712396,0.000908722727380533,0.000925249458372579,0.000956577555111049,0.00097105263364383,0.000989437153298489,0.000989486207146173,0.000968732183227024,0.000952171517214329,0.00100258161423011,0.00107019199669821,0.00109292947736839,0.00108832510883834,0.00108587393765415,0.00111680111479354,0.00114551297916561,0.00114578420966341,0.00113741606068318,0.00112715800509447,0.00111894598973547,0.00110508421233635,0.00108557424565493,0.00108268413463379,0.00108751541905154,0.00109277694192031,0.00110602960648796,0.00111814650308097,0.00112888475605452,0.0011395009692953,0.00114862097464736,0.00115868871726057,0.00116712405748981,0.00117190291271492,0.00117448807849422,0.00117658658388065,0.00117791118040035,0.00117851656713897,0.00117782390823203,0.00117794579559839,0.00117584424400475,0.00116143736456331,0.0011628910128609
NaN,NaN,NaN,NaN,NaN,NaN,NaN,NaN,NaN,NaN,NaN,NaN,NaN,NaN,NaN,NaN,NaN,NaN,NaN,NaN,NaN,NaN,NaN,NaN,NaN,NaN,NaN,NaN,NaN,NaN,NaN,NaN,NaN,NaN,NaN,NaN,NaN,NaN,NaN,NaN,NaN,NaN,NaN,NaN,NaN,NaN,NaN,NaN,NaN,NaN,NaN,NaN,NaN,NaN,NaN,NaN,NaN,NaN,NaN,NaN,NaN,NaN,NaN,NaN,NaN,NaN,NaN,NaN,NaN,NaN,NaN,NaN,NaN,NaN,NaN,NaN,NaN,NaN,NaN,NaN,NaN,NaN,NaN,NaN,NaN,NaN,NaN,NaN,NaN,NaN,NaN,NaN,NaN,NaN,NaN,NaN,NaN,NaN,NaN,NaN,NaN,NaN,NaN,NaN,NaN,NaN,NaN,NaN,NaN,NaN,NaN,NaN,NaN,NaN,NaN,NaN,NaN,NaN,NaN,NaN,NaN,NaN,NaN,NaN,NaN,NaN,NaN,NaN,NaN,NaN,NaN,NaN,NaN,NaN,NaN,NaN,NaN,NaN,NaN,NaN,NaN,NaN,NaN,NaN,NaN,NaN,NaN,NaN,NaN,NaN,NaN,NaN,NaN,NaN,NaN,NaN,NaN,NaN,NaN,NaN,NaN,NaN,-0.0530412860224025,-0.0594973891683938,-0.00103119452518621,0.00164804838986106,0.00160139173372858,0.00154625427078917,0.00151626492863028,0.00150700449998945,0.00150396168531778,0.00146476097753889,0.00135529516288894,0.00127616768923067,0.00121452433214344,0.00119853254127051,0.00120778530843206,0.00119873457003792,0.00119193688942235,0.00115823805035345,0.00114906167906384,0.00113000346455774,0.00112386734919979,0.00112022049742715,0.00110106130651126,0.00107481936020382,0.00104984857129351,0.00102103721755984,0.000967915359223309,0.000897480855155861,0.000810629582731481,0.000708413799553612,0.000592083842818924,0.000522918566252534,0.000593049728267049,0.00065693776382135,0.000665886605545007,0.000714676780342822,0.000728148730651956,0.000781166600934732,0.000812765970638979,0.000830171646363479,0.000841010951109638,0.000813820651346495,0.000823666445112892,0.00084955332121099,0.000893055235879142,0.000933441192420877,0.000966919238618358,0.000973048827436207,0.000939145753337532,0.000891085788910617,0.000900018380358373,0.00101287343850567,0.00106540312779743,0.00105937699230237,0.00105044819340421,0.00109264307799471,0.00113639078049704,0.00114976222666182,0.0011449517833796,0.00113397665539385,0.00112106704768686,0.00109830184337692,0.00108393967837983,0.00107894862335823,0.00108128561239351,0.00108908766114337,0.00110685880735874,0.0011245822164919,0.00113867276634844,0.00114972489341956,0.00115807062439915,0.00116668840549265,0.00117495953650085,0.00118072799367269,0.0011838990696792,0.0011860189980174,0.00118717558610472,0.00118796400505609,0.00118718785680267,0.00118753028934492,0.00118565861580147,0.00117072464193738,0.0011721903139216
NaN,NaN,NaN,NaN,NaN,NaN,NaN,NaN,NaN,NaN,NaN,NaN,NaN,NaN,NaN,NaN,NaN,NaN,NaN,NaN,NaN,NaN,NaN,NaN,NaN,NaN,NaN,NaN,NaN,NaN,NaN,NaN,NaN,NaN,NaN,NaN,NaN,NaN,NaN,NaN,NaN,NaN,NaN,NaN,NaN,NaN,NaN,NaN,NaN,NaN,NaN,NaN,NaN,NaN,NaN,NaN,NaN,NaN,NaN,NaN,NaN,NaN,NaN,NaN,NaN,NaN,NaN,NaN,NaN,NaN,NaN,NaN,NaN,NaN,NaN,NaN,NaN,NaN,NaN,NaN,NaN,NaN,NaN,NaN,NaN,NaN,NaN,NaN,NaN,NaN,NaN,NaN,NaN,NaN,NaN,NaN,NaN,NaN,NaN,NaN,NaN,NaN,NaN,NaN,NaN,NaN,NaN,NaN,NaN,NaN,NaN,NaN,NaN,NaN,NaN,NaN,NaN,NaN,NaN,NaN,NaN,NaN,NaN,NaN,NaN,NaN,NaN,NaN,NaN,NaN,NaN,NaN,NaN,NaN,NaN,NaN,NaN,NaN,NaN,NaN,NaN,NaN,NaN,NaN,NaN,NaN,NaN,NaN,NaN,NaN,NaN,NaN,NaN,NaN,NaN,NaN,NaN,NaN,NaN,NaN,NaN,NaN,NaN,NaN,NaN,-0.00103965446369581,0.00159693927766745,0.00154585963797232,0.00149596979177657,0.00146255023890815,0.00144797547948201,0.0014022244390668,0.00133879343240735,0.00128795187178162,0.00120927196446565,0.00115257459240452,0.00114488890818828,0.00115322872996115,0.00112049099087419,0.00108837643585623,0.00106993655994533,0.00104510608232508,0.00105367774387638,0.00105737881573774,0.00103918478347614,0.00101493912060875,0.000985614774754048,0.000948242021044696,0.000880149329075431,0.000786700183371828,0.000683252385327043,0.000563554022903108,0.000428928116050323,0.00028277362922479,0.000302819881878494,0.000377727489473928,0.00036650460712826,0.000396077183902041,0.000422285282807948,0.000437147602244941,0.000539123796238351,0.00061629101232775,0.000696230325585415,0.000723650376867913,0.000736664706930457,0.00075726983866714,0.000817144881169283,0.000882764548810791,0.000935390092511043,0.000958489602341392,0.000940062546169559,0.000892142465851642,0.000870351743302191,0.000950631599248119,0.00100600005273733,0.000996897148381742,0.000995854464944899,0.00106816183225864,0.00112471371295744,0.00114105047698126,0.00113927419615461,0.00113905301168879,0.00113537813538428,0.00111283337819149,0.00107858080023663,0.00106306572174951,0.00107050697286043,0.00108847412383857,0.00111193098968274,0.00113190541812817,0.00114748752467853,0.00115919229886023,0.00116820074782714,0.00117641114456993,0.00118414207920717,0.00118986220325716,0.00119367105273573,0.00119604188604948,0.00119754599849098,0.00119842931406671,0.00119752445501349,0.0011973293130696,0.00119601441529738,0.00118065894157062,0.00118214559818079
NaN,NaN,NaN,NaN,NaN,NaN,NaN,NaN,NaN,NaN,NaN,NaN,NaN,NaN,NaN,NaN,NaN,NaN,NaN,NaN,NaN,NaN,NaN,NaN,NaN,NaN,NaN,NaN,NaN,NaN,NaN,NaN,NaN,NaN,NaN,NaN,NaN,NaN,NaN,NaN,NaN,NaN,NaN,NaN,NaN,NaN,NaN,NaN,NaN,NaN,NaN,NaN,NaN,NaN,NaN,NaN,NaN,NaN,NaN,NaN,NaN,NaN,NaN,NaN,NaN,NaN,NaN,NaN,NaN,NaN,NaN,NaN,NaN,NaN,NaN,NaN,NaN,NaN,NaN,NaN,NaN,NaN,NaN,NaN,NaN,NaN,NaN,NaN,NaN,NaN,NaN,NaN,NaN,NaN,NaN,NaN,NaN,NaN,NaN,NaN,NaN,NaN,NaN,NaN,NaN,NaN,NaN,NaN,NaN,NaN,NaN,NaN,NaN,NaN,NaN,NaN,NaN,NaN,NaN,NaN,NaN,NaN,NaN,NaN,NaN,NaN,NaN,NaN,NaN,NaN,NaN,NaN,NaN,NaN,NaN,NaN,NaN,NaN,NaN,NaN,NaN,NaN,NaN,NaN,NaN,NaN,NaN,NaN,NaN,NaN,NaN,NaN,NaN,NaN,NaN,NaN,NaN,NaN,NaN,NaN,NaN,NaN,NaN,NaN,NaN,NaN,-0.00383640166027997,0.00152738125993877,0.00147189959909882,0.00143110482918296,0.00140888636078642,0.00137557520669361,0.00133067598673467,0.0012499004017356,0.00116374378640044,0.00110735070201101,0.00107256431689071,0.00106313587176904,0.00103266438496032,0.00100931943018443,0.000983596763813437,0.000952236436922021,0.000949391539219815,0.000940038802851054,0.000932519517475982,0.000933075000949802,0.000917077189187246,0.000863348880357278,0.000772759719223038,0.000666263382891154,0.000551215290698704,0.00042105017635928,0.00033799576642264,0.000249737582698324,0.000159253832004483,0.000215862352448031,0.000226945850321359,0.000132580838003513,0.000146919501829388,0.000126370590922207,0.000169986038340506,0.000323180415166496,0.000451645419470345,0.000553696950130877,0.000628160017031767,0.00066529083762777,0.000732821306596065,0.000827696550942725,0.000889264565428257,0.000927998099179752,0.000940115778225034,0.000917519358466401,0.000904951221677826,0.000939417681464821,0.000970149746607374,0.000954816591683013,0.000945251169349999,0.00102708571513571,0.00109926637531142,0.00112432764293222,0.00113287724967553,0.00114013702305094,0.00114562399892835,0.00112684197728102,0.00107263164912695,0.00105061578831621,0.00106274853930806,0.00108902009928095,0.00111745782022722,0.00114135033030824,0.00115698258320196,0.00116880874860988,0.00117874271901618,0.00118675835089222,0.00119324071367641,0.00119864053595054,0.00120304259058784,0.00120615927854176,0.00120852792059562,0.0012101344270543,0.00120880549336046,0.00120761363225344,0.00120614689906392,0.00119119550313868,0.00119270810236684
NaN,NaN,NaN,NaN,NaN,NaN,NaN,NaN,NaN,NaN,NaN,NaN,NaN,NaN,NaN,NaN,NaN,NaN,NaN,NaN,NaN,NaN,NaN,NaN,NaN,NaN,NaN,NaN,NaN,NaN,NaN,NaN,NaN,NaN,NaN,NaN,NaN,NaN,NaN,NaN,NaN,NaN,NaN,NaN,NaN,NaN,NaN,NaN,NaN,NaN,NaN,NaN,NaN,NaN,NaN,NaN,NaN,NaN,NaN,NaN,NaN,NaN,NaN,NaN,NaN,NaN,NaN,NaN,NaN,NaN,NaN,NaN,NaN,NaN,NaN,NaN,NaN,NaN,NaN,NaN,NaN,NaN,NaN,NaN,NaN,NaN,NaN,NaN,NaN,NaN,NaN,NaN,NaN,NaN,NaN,NaN,NaN,NaN,NaN,NaN,NaN,NaN,NaN,NaN,NaN,NaN,NaN,NaN,NaN,NaN,NaN,NaN,NaN,NaN,NaN,NaN,NaN,NaN,NaN,NaN,NaN,NaN,NaN,NaN,NaN,NaN,NaN,NaN,NaN,NaN,NaN,NaN,NaN,NaN,NaN,NaN,NaN,NaN,NaN,NaN,NaN,NaN,NaN,NaN,NaN,NaN,NaN,NaN,NaN,NaN,NaN,NaN,NaN,NaN,NaN,NaN,NaN,NaN,NaN,NaN,NaN,NaN,NaN,NaN,NaN,NaN,NaN,-0.00391481284106276,0.00145349509255452,0.00141387850018215,0.00139238813564121,0.00135392162429955,0.00125333832655408,0.0011536913227572,0.00109237297955866,0.00101562616271846,0.000960981850597427,0.000954674609711811,0.000932257159366487,0.000922845322669235,0.000896520767727237,0.000865608996414664,0.000840754107380766,0.000794664178710839,0.00078174247191809,0.000795406337453807,0.000791119100826188,0.000737432079946305,0.000640327179326641,0.000534129463326216,0.000414693137500055,0.00024797430619363,3.94791491574676e-05,-2.26353796940471e-05,-0.000146053079650823,-9.86815635645032e-05,4.79389917993499e-05,6.30705156201495e-05,-1.43778072946483e-05,-6.32789927484276e-05,-8.12270314277166e-05,1.4226457089426e-05,0.000173164922873773,0.000289284392511447,0.000415644478584718,0.000555811274308663,0.000694384524303549,0.000792678349541109,0.000846281358914538,0.000897955248149015,0.000930388114666391,0.000922495421580845,0.000921685842689693,0.00095860748467823,0.0009516196933876,0.000909851599401703,0.000928355388531626,0.00100421196236827,0.00107182356252255,0.00110921167035898,0.00112719451112691,0.00113608416411779,0.00114454639485064,0.0011347188401263,0.0010841307078916,0.00104336837246313,0.00105695137517667,0.00109387500348004,0.00112473811161041,0.00115100137079468,0.00116690968044151,0.00117827767898852,0.00118851030026621,0.00119664005729093,0.00120233791887143,0.00120726304524863,0.00121220973361395,0.00121614231271257,0.00121920913975201,0.0012214251868249,0.00121980721194352,0.00121823092583687,0.0012165659763459,0.00120258789910543,0.00120412724484966
NaN,NaN,NaN,NaN,NaN,NaN,NaN,NaN,NaN,NaN,NaN,NaN,NaN,NaN,NaN,NaN,NaN,NaN,NaN,NaN,NaN,NaN,NaN,NaN,NaN,NaN,NaN,NaN,NaN,NaN,NaN,NaN,NaN,NaN,NaN,NaN,NaN,NaN,NaN,NaN,NaN,NaN,NaN,NaN,NaN,NaN,NaN,NaN,NaN,NaN,NaN,NaN,NaN,NaN,NaN,NaN,NaN,NaN,NaN,NaN,NaN,NaN,NaN,NaN,NaN,NaN,NaN,NaN,NaN,NaN,NaN,NaN,NaN,NaN,NaN,NaN,NaN,NaN,NaN,NaN,NaN,NaN,NaN,NaN,NaN,NaN,NaN,NaN,NaN,NaN,NaN,NaN,NaN,NaN,NaN,NaN,NaN,NaN,NaN,NaN,NaN,NaN,NaN,NaN,NaN,NaN,NaN,NaN,NaN,NaN,NaN,NaN,NaN,NaN,NaN,NaN,NaN,NaN,NaN,NaN,NaN,NaN,NaN,NaN,NaN,NaN,NaN,NaN,NaN,NaN,NaN,NaN,NaN,NaN,NaN,NaN,NaN,NaN,NaN,NaN,NaN,NaN,NaN,NaN,NaN,NaN,NaN,NaN,NaN,NaN,NaN,NaN,NaN,NaN,NaN,NaN,NaN,NaN,NaN,NaN,NaN,NaN,NaN,NaN,NaN,NaN,NaN,NaN,-0.00397997123339113,0.00130245233411408,0.00129169579521151,0.000909910103358946,0.00105769975431583,0.000983569938526298,0.000933863034872195,0.000858137759780664,0.000854069629566844,0.00088411102670227,0.000880016663575293,0.000860172578254881,0.000810370279859694,0.000779448003340071,0.000730118916814331,0.00067617863674616,0.000658107064614086,0.000645557587851741,0.000609432191256219,0.000570373110335819,0.000499269547348969,0.000403309035774752,0.000302488681356187,0.000182615419955224,-5.05608915427272e-05,-0.000205723274685155,-0.000301255208135599,-0.000363589820454318,-0.000175343343410069,-3.87496084662003e-05,-3.91649701124708e-05,-0.000131199261262624,-0.000202758921155944,-0.000210580347923717,-0.000155913077039735,-2.33508339590369e-05,0.000189082860247076,0.000480412272033286,0.000674226721324948,0.000766154766250745,0.00082413502696933,0.000879226833654445,0.000919552717026275,0.000921203513026381,0.000919729432184435,0.000943389358965823,0.000917991186330096,0.000886307715292258,0.000944293790819399,0.00100453619296379,0.00105945718968564,0.00110457853923684,0.00112716282405052,0.00113209609528397,0.00113281405431929,0.00112974275703126,0.00110099269431355,0.00104958791692729,0.00104647371377802,0.00109280878382313,0.00113334654751818,0.00116091577172438,0.00117600814761744,0.00118808208478107,0.00119816955888719,0.00120594959240091,0.0012116806033492,0.00121621851591035,0.00122083246412673,0.00122524769898936,0.00122866371527034,0.00123117491587046,0.00123016293708052,0.00122832270649403,0.0012263604148724,0.00121387523422896,0.00121544338841226
NaN,NaN,NaN,NaN,NaN,NaN,NaN,NaN,NaN,NaN,NaN,NaN,NaN,NaN,NaN,NaN,NaN,NaN,NaN,NaN,NaN,NaN,NaN,NaN,NaN,NaN,NaN,NaN,NaN,NaN,NaN,NaN,NaN,NaN,NaN,NaN,NaN,NaN,NaN,NaN,NaN,NaN,NaN,NaN,NaN,NaN,NaN,NaN,NaN,NaN,NaN,NaN,NaN,NaN,NaN,NaN,NaN,NaN,NaN,NaN,NaN,NaN,NaN,NaN,NaN,NaN,NaN,NaN,NaN,NaN,NaN,NaN,NaN,NaN,NaN,NaN,NaN,NaN,NaN,NaN,NaN,NaN,NaN,NaN,NaN,NaN,NaN,NaN,NaN,NaN,NaN,NaN,NaN,NaN,NaN,NaN,NaN,NaN,NaN,NaN,NaN,NaN,NaN,NaN,NaN,NaN,NaN,NaN,NaN,NaN,NaN,NaN,NaN,NaN,NaN,NaN,NaN,NaN,NaN,NaN,NaN,NaN,NaN,NaN,NaN,NaN,NaN,NaN,NaN,NaN,NaN,NaN,NaN,NaN,NaN,NaN,NaN,NaN,NaN,NaN,NaN,NaN,NaN,NaN,NaN,NaN,NaN,NaN,NaN,NaN,NaN,NaN,NaN,NaN,NaN,NaN,NaN,NaN,NaN,NaN,NaN,NaN,NaN,NaN,NaN,NaN,NaN,NaN,NaN,NaN,NaN,NaN,0.000791016632701974,0.000765283591218303,0.00075266710972761,0.000723003354787965,0.000746794064519454,0.000775903468366266,0.000782700741619745,0.000751605239541222,0.00072242290299656,0.000709979950818777,0.000655351614079713,0.000594228166584114,0.0005961569434265,0.000571433792404741,0.000520389627433417,0.000458345985335609,0.000395223304686575,0.000318184092947584,0.000251896996808784,0.000214539963249767,0.000124964745260908,-5.91190366691394e-05,-0.000209988843940604,-0.000366942226786775,-0.000275904683484818,-0.000155103142024715,-0.000117042298740956,-0.000186598300464329,-0.000343684923234211,-0.000429216817612566,-0.000444029974458876,-0.000322517900745363,9.78080571021998e-06,0.000420845428773712,0.000649507100243779,0.000745604155845327,0.000800832333461898,0.000854775706082578,0.000895611902829773,0.000895389604337048,0.000902832646452916,0.000922818910773614,0.000904666582117656,0.000917210532180524,0.000953469744488511,0.00100991605734841,0.00105853853181603,0.00110084517561512,0.00112822166170461,0.00112992581166747,0.00112332593261147,0.00111482746058322,0.00109828822307369,0.00106698579197778,0.00105425854864724,0.00109341034208733,0.0011417927095582,0.0011713617837126,0.00118535519325246,0.00119735953328085,0.0012076805110071,0.00121541622086725,0.00122108259588996,0.00122533210515412,0.00122935152173975,0.00123333663999116,0.00123702441500288,0.00123979559686238,0.0012396916870848,0.00123767822281455,0.00123513823615666,0.00122468658356132,0.00122627973259839
NaN,NaN,NaN,NaN,NaN,NaN,NaN,NaN,NaN,NaN,NaN,NaN,NaN,NaN,NaN,NaN,NaN,NaN,NaN,NaN,NaN,NaN,NaN,NaN,NaN,NaN,NaN,NaN,NaN,NaN,NaN,NaN,NaN,NaN,NaN,NaN,NaN,NaN,NaN,NaN,NaN,NaN,NaN,NaN,NaN,NaN,NaN,NaN,NaN,NaN,NaN,NaN,NaN,NaN,NaN,NaN,NaN,NaN,NaN,NaN,NaN,NaN,NaN,NaN,NaN,NaN,NaN,NaN,NaN,NaN,NaN,NaN,NaN,NaN,NaN,NaN,NaN,NaN,NaN,NaN,NaN,NaN,NaN,NaN,NaN,NaN,NaN,NaN,NaN,NaN,NaN,NaN,NaN,NaN,NaN,NaN,NaN,NaN,NaN,NaN,NaN,NaN,NaN,NaN,NaN,NaN,NaN,NaN,NaN,NaN,NaN,NaN,NaN,NaN,NaN,NaN,NaN,NaN,NaN,NaN,NaN,NaN,NaN,NaN,NaN,NaN,NaN,NaN,NaN,NaN,NaN,NaN,NaN,NaN,NaN,NaN,NaN,NaN,NaN,NaN,NaN,NaN,NaN,NaN,NaN,NaN,NaN,NaN,NaN,NaN,NaN,NaN,NaN,NaN,NaN,NaN,NaN,NaN,NaN,NaN,NaN,NaN,NaN,NaN,NaN,NaN,NaN,NaN,NaN,NaN,NaN,NaN,NaN,0.000647228680199279,0.000642536414405893,0.000623219790597512,0.000614294677377671,0.000636461407860264,0.000671295996573172,0.000665483489437982,0.000660187488801118,0.000629075053858756,0.000573955596313966,0.000533217381567926,0.000539821324751807,0.000517351500849983,0.000489889073367076,0.000426824770756024,0.00035487660944647,0.000291913638540418,0.000236357781842876,0.000205503697222766,0.0001530850738729,-1.21597131274298e-05,-0.000187295522441197,-0.000377064690633401,-0.000420949934431102,-0.000285312373583657,-0.000251233253163002,-0.000283143651563456,-0.000359405180085148,-0.00050668190936401,-0.000598094413614803,-0.000545851739327803,-0.000103505036834182,0.000342025914323564,0.000587100025961525,0.000703192522896597,0.000757227140609292,0.000790701448558251,0.000841364194609081,0.000854597054274122,0.000877762824696606,0.000907736206543497,0.000906959147495754,0.000924689362377843,0.000967929560140118,0.00102950723399516,0.00106515584554372,0.00108940100084554,0.0011302418217733,0.00113510343809399,0.00111642742892715,0.00109802587561981,0.00108716232243637,0.00106877109582514,0.00106478031000826,0.00110687090702105,0.00115452242596355,0.00118185940380976,0.00119323411458139,0.00120581806346755,0.00121752430095444,0.00122477033884229,0.00122979717746223,0.0012342367234266,0.00123804903321789,0.00124113948022922,0.00124473786333845,0.00124713272071408,0.00124763361058518,0.00124578214194376,0.00124340158230836,0.00123499982419873,0.00123662484816556
NaN,NaN,NaN,NaN,NaN,NaN,NaN,NaN,NaN,NaN,NaN,NaN,NaN,NaN,NaN,NaN,NaN,NaN,NaN,NaN,NaN,NaN,NaN,NaN,NaN,NaN,NaN,NaN,NaN,NaN,NaN,NaN,NaN,NaN,NaN,NaN,NaN,NaN,NaN,NaN,NaN,NaN,NaN,NaN,NaN,NaN,NaN,NaN,NaN,NaN,NaN,NaN,NaN,NaN,NaN,NaN,NaN,NaN,NaN,NaN,NaN,NaN,NaN,NaN,NaN,NaN,NaN,NaN,NaN,NaN,NaN,NaN,NaN,NaN,NaN,NaN,NaN,NaN,NaN,NaN,NaN,NaN,NaN,NaN,NaN,NaN,NaN,NaN,NaN,NaN,NaN,NaN,NaN,NaN,NaN,NaN,NaN,NaN,NaN,NaN,NaN,NaN,NaN,NaN,NaN,NaN,NaN,NaN,NaN,NaN,NaN,NaN,NaN,NaN,NaN,NaN,NaN,NaN,NaN,NaN,NaN,NaN,NaN,NaN,NaN,NaN,NaN,NaN,NaN,NaN,NaN,NaN,NaN,NaN,NaN,NaN,NaN,NaN,NaN,NaN,NaN,NaN,NaN,NaN,NaN,NaN,NaN,NaN,NaN,NaN,NaN,NaN,NaN,NaN,NaN,NaN,NaN,NaN,NaN,NaN,NaN,NaN,NaN,NaN,NaN,NaN,NaN,NaN,NaN,NaN,NaN,NaN,NaN,0.000580027885103457,0.000555679899231954,0.000534257504628046,0.000526379212746982,0.00056404314623697,0.000604197955173425,0.000607952913615639,0.000614043811036246,0.000570441164410705,0.000523896843243055,0.000506823761519403,0.000471482943191313,0.00045710390865311,0.000454070696026432,0.000412034034027794,0.000365849194728501,0.000294453362699898,0.000199125743748759,0.00011354576147532,3.6569308278341e-05,-0.000153118389418505,-0.000330795145179212,-0.000505487164813181,-0.000605073087513286,-0.000488223949223876,-0.000432821275657423,-0.000485458611261302,-0.000527253751983732,-0.000602011683486087,-0.000672046236306759,-0.000577348102938232,-0.000169611926563031,0.00019833415885731,0.000432304550115808,0.000589717848399681,0.000683678915909333,0.000721545566003056,0.000747236237327099,0.000796854102652434,0.000841432754897261,0.000875086684306726,0.000895014396614069,0.000917141546028899,0.000963177378809167,0.00103108728555226,0.00108174352604176,0.00110054452096875,0.00112487561751941,0.00114045710713945,0.00111518028734259,0.00107902823545889,0.00106219398353137,0.00105576337514374,0.00107454245076128,0.00112585943058806,0.00116904241616709,0.00119218240270781,0.00120339396234122,0.00121557540409238,0.00122720375390573,0.00123399108916972,0.00123881520207866,0.00124289561003857,0.00124671735564058,0.00124926023382023,0.00125182698432555,0.00125382018758242,0.00125452899802486,0.00125314468274058,0.00125089303607677,0.00124479266802697,0.0012464462074207
NaN,NaN,NaN,NaN,NaN,NaN,NaN,NaN,NaN,NaN,NaN,NaN,NaN,NaN,NaN,NaN,NaN,NaN,NaN,NaN,NaN,NaN,NaN,NaN,NaN,NaN,NaN,NaN,NaN,NaN,NaN,NaN,NaN,NaN,NaN,NaN,NaN,NaN,NaN,NaN,NaN,NaN,NaN,NaN,NaN,NaN,NaN,NaN,NaN,NaN,NaN,NaN,NaN,NaN,NaN,NaN,NaN,NaN,NaN,NaN,NaN,NaN,NaN,NaN,NaN,NaN,NaN,NaN,NaN,NaN,NaN,NaN,NaN,NaN,NaN,NaN,NaN,NaN,NaN,NaN,NaN,NaN,NaN,NaN,NaN,NaN,NaN,NaN,NaN,NaN,NaN,NaN,NaN,NaN,NaN,NaN,NaN,NaN,NaN,NaN,NaN,NaN,NaN,NaN,NaN,NaN,NaN,NaN,NaN,NaN,NaN,NaN,NaN,NaN,NaN,NaN,NaN,NaN,NaN,NaN,NaN,NaN,NaN,NaN,NaN,NaN,NaN,NaN,NaN,NaN,NaN,NaN,NaN,NaN,NaN,NaN,NaN,NaN,NaN,NaN,NaN,NaN,NaN,NaN,NaN,NaN,NaN,NaN,NaN,NaN,NaN,NaN,NaN,NaN,NaN,NaN,NaN,NaN,NaN,NaN,NaN,NaN,NaN,NaN,NaN,NaN,NaN,NaN,NaN,NaN,NaN,NaN,NaN,0.0005075598653916,0.000480915566972806,0.000461683579720195,0.000479118024995051,0.000513689648977429,0.000528316401181754,0.000564370425876999,0.000585413207365449,0.000564967258675547,0.00051728085524777,0.000478477908336078,0.000433809381513217,0.000414486642408521,0.000383560172471893,0.000343962081979285,0.00032301154265007,0.000273103960259607,0.000128093260423179,-4.92356606399091e-05,-0.000182379767180972,-0.000365556487618268,-0.000574168614734696,-0.000705353106919682,-0.000810364389224966,-0.000711111198180735,-0.000610998294656071,-0.000644798011718941,-0.000753987686897909,-0.000810984790023613,-0.000809551529371805,-0.00063495972218008,-0.00024533871515658,5.09873776942754e-05,0.000234512724192393,0.000374108676777995,0.000511732486404901,0.000603082046390301,0.000658918526987053,0.000731107813838621,0.00079546763540299,0.000859351883645238,0.000890745161048704,0.000911004912531792,0.00095370751268454,0.00101249367800383,0.00106588343853277,0.00108827326797155,0.00111589538613923,0.00112319640706591,0.00110800617363449,0.00104940811404978,0.0010217472925274,0.00104006656601355,0.00109638556237147,0.00114794218973295,0.00118124311102681,0.00120161910893537,0.00121431001938267,0.00122649575420718,0.00123647195706062,0.0012429726639689,0.00124777190733977,0.00125146266619387,0.00125502679179544,0.00125724549714082,0.00125923038027181,0.00126124407651256,0.00126168400998751,0.00126017746008245,0.00125785890756911,0.0012543204315304,0.00125599032865544
NaN,NaN,NaN,NaN,NaN,NaN,NaN,NaN,NaN,NaN,NaN,NaN,NaN,NaN,NaN,NaN,NaN,NaN,NaN,NaN,NaN,NaN,NaN,NaN,NaN,NaN,NaN,NaN,NaN,NaN,NaN,NaN,NaN,NaN,NaN,NaN,NaN,NaN,NaN,NaN,NaN,NaN,NaN,NaN,NaN,NaN,NaN,NaN,NaN,NaN,NaN,NaN,NaN,NaN,NaN,NaN,NaN,NaN,NaN,NaN,NaN,NaN,NaN,NaN,NaN,NaN,NaN,NaN,NaN,NaN,NaN,NaN,NaN,NaN,NaN,NaN,NaN,NaN,NaN,NaN,NaN,NaN,NaN,NaN,NaN,NaN,NaN,NaN,NaN,NaN,NaN,NaN,NaN,NaN,NaN,NaN,NaN,NaN,NaN,NaN,NaN,NaN,NaN,NaN,NaN,NaN,NaN,NaN,NaN,NaN,NaN,NaN,NaN,NaN,NaN,NaN,NaN,NaN,NaN,NaN,NaN,NaN,NaN,NaN,NaN,NaN,NaN,NaN,NaN,NaN,NaN,NaN,NaN,NaN,NaN,NaN,NaN,NaN,NaN,NaN,NaN,NaN,NaN,NaN,NaN,NaN,NaN,NaN,NaN,NaN,NaN,NaN,NaN,NaN,NaN,NaN,NaN,NaN,NaN,NaN,NaN,NaN,NaN,NaN,NaN,NaN,NaN,NaN,NaN,NaN,NaN,NaN,NaN,0.000501706312089889,0.000497071950866793,0.000469008612126324,0.000474459215993542,0.00047646839146981,0.000473681775848926,0.000512172843517417,0.000559104970554033,0.000564106490029692,0.000508875478967753,0.000438367152014793,0.000394983693800814,0.000357733616833152,0.000289259560968586,0.000238957080975493,0.000203177399826135,0.000168471822313379,3.02862901982731e-05,-0.000217371085830423,-0.000445660042652639,-0.000616915813550485,-0.000865131215356735,-0.000960881237644547,-0.000972636479408161,-0.00093376189322922,-0.000803940352657455,-0.000822308533039884,-0.000882483214284232,-0.000910638064649317,-0.000952991633450113,-0.000828551446241499,-0.000479819132159167,-0.000157999177727793,5.79045004862332e-05,0.000178697324046517,0.000310632391105918,0.000456368527697553,0.000565818542268287,0.000687792176216616,0.000783051549965906,0.000838479969795811,0.000870859394025019,0.000900056367211494,0.000939038464526165,0.000972291017701271,0.00102061987644175,0.00107298207864426,0.001085169879592,0.00107998588690333,0.00106364168049712,0.000980746843531138,0.00097011918812527,0.0010482654476584,0.00112007170378051,0.00116754798387104,0.00119525227322262,0.0012102582844997,0.00122305743471501,0.0012365382198826,0.00124595985982673,0.00125196412433382,0.00125623278165441,0.00125939641781184,0.00126231797972442,0.00126450596331023,0.00126656166329396,0.00126900285149604,0.0012691636221937,0.00126709905670292,0.00126406343652005,0.00126309051782147,0.00126477534613889
NaN,NaN,NaN,NaN,NaN,NaN,NaN,NaN,NaN,NaN,NaN,NaN,NaN,NaN,NaN,NaN,NaN,NaN,NaN,NaN,NaN,NaN,NaN,NaN,NaN,NaN,NaN,NaN,NaN,NaN,NaN,NaN,NaN,NaN,NaN,NaN,NaN,NaN,NaN,NaN,NaN,NaN,NaN,NaN,NaN,NaN,NaN,NaN,NaN,NaN,NaN,NaN,NaN,NaN,NaN,NaN,NaN,NaN,NaN,NaN,NaN,NaN,NaN,NaN,NaN,NaN,NaN,NaN,NaN,NaN,NaN,NaN,NaN,NaN,NaN,NaN,NaN,NaN,NaN,NaN,NaN,NaN,NaN,NaN,NaN,NaN,NaN,NaN,NaN,NaN,NaN,NaN,NaN,NaN,NaN,NaN,NaN,NaN,NaN,NaN,NaN,NaN,NaN,NaN,NaN,NaN,NaN,NaN,NaN,NaN,NaN,NaN,NaN,NaN,NaN,NaN,NaN,NaN,NaN,NaN,NaN,NaN,NaN,NaN,NaN,NaN,NaN,NaN,NaN,NaN,NaN,NaN,NaN,NaN,NaN,NaN,NaN,NaN,NaN,NaN,NaN,NaN,NaN,NaN,NaN,NaN,NaN,NaN,NaN,NaN,NaN,NaN,NaN,NaN,NaN,NaN,NaN,NaN,NaN,NaN,NaN,NaN,NaN,NaN,NaN,NaN,NaN,NaN,NaN,NaN,NaN,NaN,0.000594861519099044,0.000594386747854863,0.000562441530275639,0.000502148535995696,0.000456444071059033,0.000428749178684369,0.000431755355571564,0.000458411546087424,0.000524357853123429,0.000568720857685631,0.000505982088340817,0.000406077812985295,0.000341378258381971,0.000284727913974446,0.000199197684164193,0.000112946106155961,3.7681070344131e-05,-3.61262895060623e-05,-0.000135550214003107,-0.00035905635369251,-0.000643690063694548,-0.000885447834463812,-0.00113749833292474,-0.00129963088099379,-0.00120230160546293,-0.00112773831307095,-0.00105728552443071,-0.000989706700083415,-0.000936343533180284,-0.000934501840986531,-0.00102996455792781,-0.00105289430004986,-0.000757048371780248,-0.000451868316731527,-0.000222648032237579,-5.84933625461631e-05,0.000128880093356116,0.000344629920874777,0.00052475898548361,0.000679665900867614,0.000756034564368218,0.000793543983369375,0.000832549225481803,0.000877949941675954,0.000913489289227363,0.000925490255486737,0.000968211931634629,0.00104850780568541,0.00107191960857743,0.00106232514768962,0.00102128404872313,0.000906955895390988,0.00095692499923955,0.00109010191025237,0.00114992760899755,0.00118593575152391,0.00121031509229941,0.0012219742850163,0.00123296053286038,0.00124660844313032,0.00125666512266797,0.00126200875988971,0.00126478056830587,0.00126677605315162,0.00126912212292407,0.00127203537213446,0.00127412877736915,0.00127628115216094,0.00127620219700771,0.00127391897611304,0.00126977196596394,0.00127153868055435,0.00127324100681021
NaN,NaN,NaN,NaN,NaN,NaN,NaN,NaN,NaN,NaN,NaN,NaN,NaN,NaN,NaN,NaN,NaN,NaN,NaN,NaN,NaN,NaN,NaN,NaN,NaN,NaN,NaN,NaN,NaN,NaN,NaN,NaN,NaN,NaN,NaN,NaN,NaN,NaN,NaN,NaN,NaN,NaN,NaN,NaN,NaN,NaN,NaN,NaN,NaN,NaN,NaN,NaN,NaN,NaN,NaN,NaN,NaN,NaN,NaN,NaN,NaN,NaN,NaN,NaN,NaN,NaN,NaN,NaN,NaN,NaN,NaN,NaN,NaN,NaN,NaN,NaN,NaN,NaN,NaN,NaN,NaN,NaN,NaN,NaN,NaN,NaN,NaN,NaN,NaN,NaN,NaN,NaN,NaN,NaN,NaN,NaN,NaN,NaN,NaN,NaN,NaN,NaN,NaN,NaN,NaN,NaN,NaN,NaN,NaN,NaN,NaN,NaN,NaN,NaN,NaN,NaN,NaN,NaN,NaN,NaN,NaN,NaN,NaN,NaN,NaN,NaN,NaN,NaN,NaN,NaN,NaN,NaN,NaN,NaN,NaN,NaN,NaN,NaN,NaN,NaN,NaN,NaN,NaN,NaN,NaN,NaN,NaN,NaN,NaN,NaN,NaN,NaN,NaN,NaN,NaN,NaN,NaN,NaN,NaN,NaN,NaN,NaN,NaN,NaN,NaN,NaN,NaN,NaN,NaN,NaN,NaN,NaN,0.000615067789601563,0.000626396648995775,0.00059242675685991,0.000517465645102221,0.000421760860625358,0.000414163274566556,0.000421938564878421,0.000438683878781389,0.000513359157058136,0.000606801112164192,0.000539868202462823,0.000397411089107554,0.000304217689023884,0.000222419262779473,0.000119857977095692,-2.62937603946611e-06,-0.000122834485044703,-0.000240088406807115,-0.000342553537687932,-0.000471993833632228,-0.0007809366943788,-0.00112619604923861,-0.00144739213707283,-0.00176071571142583,-0.00184597664203254,-0.00154961623238235,-0.00130494173335991,-0.00114658489898556,-0.00105679985848395,-0.00104762272338178,-0.0011036304469928,-0.00115728258199281,-0.000971148275932411,-0.000711468163333649,-0.000517910663624597,-0.000353181539101022,-8.54973961725292e-05,0.000323352378300047,0.000537794795390776,0.000660346651594864,0.000738572529056256,0.000779031866587417,0.000816671836418824,0.000862059979937281,0.000868314945120411,0.000860839897163893,NaN,NaN,NaN,NaN,NaN,NaN,0.00107285153537502,0.00113362842192809,0.00116572350440519,0.00119816150641092,0.00121802615116332,0.00123065330429902,0.00124454379028505,0.00125739613873038,0.00126719139625225,0.00127290704582976,0.0012748335000067,0.0012753841147269,0.00127628011568312,0.00127889510222867,0.00128151455917899,0.00128299081029292,0.00128203177849406,0.00127986433672754,0.00127485272324371,0.00128005565360582,0.00128177278956317
NaN,NaN,NaN,NaN,NaN,NaN,NaN,NaN,NaN,NaN,NaN,NaN,NaN,NaN,NaN,NaN,NaN,NaN,NaN,NaN,NaN,NaN,NaN,NaN,NaN,NaN,NaN,NaN,NaN,NaN,NaN,NaN,NaN,NaN,NaN,NaN,NaN,NaN,NaN,NaN,NaN,NaN,NaN,NaN,NaN,NaN,NaN,NaN,NaN,NaN,NaN,NaN,NaN,NaN,NaN,NaN,NaN,NaN,NaN,NaN,NaN,NaN,NaN,NaN,NaN,NaN,NaN,NaN,NaN,NaN,NaN,NaN,NaN,NaN,NaN,NaN,NaN,NaN,NaN,NaN,NaN,NaN,NaN,NaN,NaN,NaN,NaN,NaN,NaN,NaN,NaN,NaN,NaN,NaN,NaN,NaN,NaN,NaN,NaN,NaN,NaN,NaN,NaN,NaN,NaN,NaN,NaN,NaN,NaN,NaN,NaN,NaN,NaN,NaN,NaN,NaN,NaN,NaN,NaN,NaN,NaN,NaN,NaN,NaN,NaN,NaN,NaN,NaN,NaN,NaN,NaN,NaN,NaN,NaN,NaN,NaN,NaN,NaN,NaN,NaN,NaN,NaN,NaN,NaN,NaN,NaN,NaN,NaN,NaN,NaN,NaN,NaN,NaN,NaN,NaN,NaN,NaN,NaN,NaN,NaN,NaN,NaN,NaN,NaN,NaN,NaN,NaN,NaN,NaN,NaN,NaN,NaN,0.000618878867301348,0.000630095170362289,0.000601630852401257,0.00054401603138326,0.000484252059008265,0.000480823022721787,0.000470298645935366,0.000465874137517293,0.00054758699892814,0.00066023239291028,0.000585513874624598,0.00039976519024737,0.000279675531591356,0.000182199082361362,6.2997438021514e-05,-6.52112678202762e-05,-0.000224521575860576,-0.000367561981472841,-0.000492678168947824,-0.000625367169777138,-0.000916209789955627,-0.00129647332580713,-0.00184861551417221,-0.00237164373006437,-0.00265701714860712,-0.00236321188337915,-0.00172944764056549,-0.00139435946075888,-0.00131424773561264,-0.00132277087620919,-0.00134367468224423,-0.00130664787733103,-0.00114777851972044,-0.000940813773722874,-0.000780624327545308,-0.000605944647857205,-0.00145255458635364,0.000262955280827252,0.000546182720416116,0.000658150624178273,0.000743277134025138,0.000798228136689108,0.000834516341642433,0.000464362133709775,0.000794146918216387,NaN,NaN,NaN,NaN,NaN,NaN,NaN,0.00115823713422157,0.00117580188986971,0.00119377834137928,0.00121467270192543,0.0012298097342069,0.00124537619333568,0.00126009447160695,0.00127081081166117,0.00127892276703856,0.00128369003312856,0.00128545415189243,0.0012845517447986,0.0012838431960655,0.0012852339809711,0.00128778517964672,0.00128917639766899,0.00128734038545724,0.0012848029376395,0.00127958013378462,0.00128797354751221,0.00128970444605728
NaN,NaN,NaN,NaN,NaN,NaN,NaN,NaN,NaN,NaN,NaN,NaN,NaN,NaN,NaN,NaN,NaN,NaN,NaN,NaN,NaN,NaN,NaN,NaN,NaN,NaN,NaN,NaN,NaN,NaN,NaN,NaN,NaN,NaN,NaN,NaN,NaN,NaN,NaN,NaN,NaN,NaN,NaN,NaN,NaN,NaN,NaN,NaN,NaN,NaN,NaN,NaN,NaN,NaN,NaN,NaN,NaN,NaN,NaN,NaN,NaN,NaN,NaN,NaN,NaN,NaN,NaN,NaN,NaN,NaN,NaN,NaN,NaN,NaN,NaN,NaN,NaN,NaN,NaN,NaN,NaN,NaN,NaN,NaN,NaN,NaN,NaN,NaN,NaN,NaN,NaN,NaN,NaN,NaN,NaN,NaN,NaN,NaN,NaN,NaN,NaN,NaN,NaN,NaN,NaN,NaN,NaN,NaN,NaN,NaN,NaN,NaN,NaN,NaN,NaN,NaN,NaN,NaN,NaN,NaN,NaN,NaN,NaN,NaN,NaN,NaN,NaN,NaN,NaN,NaN,NaN,NaN,NaN,NaN,NaN,NaN,NaN,NaN,NaN,NaN,NaN,NaN,NaN,NaN,NaN,NaN,NaN,NaN,NaN,NaN,NaN,NaN,NaN,NaN,NaN,NaN,NaN,NaN,NaN,NaN,NaN,NaN,NaN,NaN,NaN,NaN,NaN,NaN,NaN,NaN,NaN,NaN,-0.0168546438383038,0.000598005609622199,0.000601673055195999,0.000573461797274546,0.000564672754296635,0.000551086567587191,0.000537540864267289,0.000547642189670027,0.000616595297468492,0.000686643711104194,0.000601089489468835,0.000405182416995829,0.000261399606471838,0.000160023719567335,3.59000382174527e-05,-0.000107741051772295,-0.000269787484489431,-0.000442468540959084,-0.000609463038247719,-0.000844326424576538,-0.0011116882558671,-0.00149608587622226,-0.00196130234936231,-0.00229361537588564,-0.00247730757488385,-0.00261376611684137,-0.0022980723096227,-0.00174009272767701,-0.00161342649368351,-0.00166523847612934,-0.00167597103071831,-0.0015836242494387,-0.00139063323790059,-0.00121535714891393,-0.00112875681468787,-0.00351629231417165,-0.0508513465257354,-0.0182473641273465,0.000513416171443711,0.000669668755073437,0.000752356245890417,0.000806893945090783,0.000835394320042335,-0.0132004629505815,-0.0223677162816236,NaN,NaN,NaN,NaN,NaN,NaN,NaN,0.00121188185807309,0.00121866650861907,0.00122700186288045,0.00123678593677969,0.00125137306031689,0.0012654866733667,0.00127650536034805,0.00128467955832459,0.00129072241568451,0.00129424127187616,0.00129483076682549,0.00129282333744993,0.00129106258222431,0.00129118927259075,0.00129320624232467,0.00129441748058333,0.00129207293897184,0.00128842692418744,0.00128334416627847,0.00129421001272803,0.00129595807052429
NaN,NaN,NaN,NaN,NaN,NaN,NaN,NaN,NaN,NaN,NaN,NaN,NaN,NaN,NaN,NaN,NaN,NaN,NaN,NaN,NaN,NaN,NaN,NaN,NaN,NaN,NaN,NaN,NaN,NaN,NaN,NaN,NaN,NaN,NaN,NaN,NaN,NaN,NaN,NaN,NaN,NaN,NaN,NaN,NaN,NaN,NaN,NaN,NaN,NaN,NaN,NaN,NaN,NaN,NaN,NaN,NaN,NaN,NaN,NaN,NaN,NaN,NaN,NaN,NaN,NaN,NaN,NaN,NaN,NaN,NaN,NaN,NaN,NaN,NaN,NaN,NaN,NaN,NaN,NaN,NaN,NaN,NaN,NaN,NaN,NaN,NaN,NaN,NaN,NaN,NaN,NaN,NaN,NaN,NaN,NaN,NaN,NaN,NaN,NaN,NaN,NaN,NaN,NaN,NaN,NaN,NaN,NaN,NaN,NaN,NaN,NaN,NaN,NaN,NaN,NaN,NaN,NaN,NaN,NaN,NaN,NaN,NaN,NaN,NaN,NaN,NaN,NaN,NaN,NaN,NaN,NaN,NaN,NaN,NaN,NaN,NaN,NaN,NaN,NaN,NaN,NaN,NaN,NaN,NaN,NaN,NaN,NaN,NaN,NaN,NaN,NaN,NaN,NaN,NaN,NaN,NaN,NaN,NaN,NaN,NaN,NaN,NaN,NaN,NaN,NaN,NaN,NaN,NaN,NaN,NaN,NaN,NaN,4.26111247396442e-05,0.000577568885187281,0.000569827513646968,0.000565640946867858,0.000560315457136418,0.000565340998872473,0.000612927931794513,0.000669669234222608,0.000660902864284463,0.000598774711878122,0.000422401422277619,0.000258139477024571,0.000135203333306111,-6.07347665332065e-06,-0.000172444939476435,-0.00029963211957228,-0.000472717823242214,-0.00070791610164537,-0.00101916749242525,-0.00135634430682564,-0.00173613558588089,-0.00195267191653087,-0.00205339223013235,-0.00217392257221182,-0.00236199961822628,-0.00255787972944264,-0.00214539642973665,-0.00185970304265657,-0.00189858018685363,-0.0019516056060837,-0.00184802414570135,-0.00162976607859638,-0.00142753439152153,-0.00135285214630283,NaN,NaN,NaN,NaN,NaN,NaN,NaN,NaN,NaN,NaN,NaN,NaN,NaN,NaN,NaN,NaN,NaN,0.00124800085890602,0.00125439470464372,0.00125856414338134,0.00126440673369958,0.00127415573331002,0.00128379505866982,0.00129122397224569,0.0012970205258423,0.00130060079569545,0.00130296070252047,0.00130283339659609,0.00129954824784144,0.00129654763547382,0.00129649028384956,0.00129769681210658,0.00129800405310411,0.0012957057498376,0.0012916445395919,0.00128587249797353,0.00129843782778484,0.0013002071437705
NaN,NaN,NaN,NaN,NaN,NaN,NaN,NaN,NaN,NaN,NaN,NaN,NaN,NaN,NaN,NaN,NaN,NaN,NaN,NaN,NaN,NaN,NaN,NaN,NaN,NaN,NaN,NaN,NaN,NaN,NaN,NaN,NaN,NaN,NaN,NaN,NaN,NaN,NaN,NaN,NaN,NaN,NaN,NaN,NaN,NaN,NaN,NaN,NaN,NaN,NaN,NaN,NaN,NaN,NaN,NaN,NaN,NaN,NaN,NaN,NaN,NaN,NaN,NaN,NaN,NaN,NaN,NaN,NaN,NaN,NaN,NaN,NaN,NaN,NaN,NaN,NaN,NaN,NaN,NaN,NaN,NaN,NaN,NaN,NaN,NaN,NaN,NaN,NaN,NaN,NaN,NaN,NaN,NaN,NaN,NaN,NaN,NaN,NaN,NaN,NaN,NaN,NaN,NaN,NaN,NaN,NaN,NaN,NaN,NaN,NaN,NaN,NaN,NaN,NaN,NaN,NaN,NaN,NaN,NaN,NaN,NaN,NaN,NaN,NaN,NaN,NaN,NaN,NaN,NaN,NaN,NaN,NaN,NaN,NaN,NaN,NaN,NaN,NaN,NaN,NaN,NaN,NaN,NaN,NaN,NaN,NaN,NaN,NaN,NaN,NaN,NaN,NaN,NaN,NaN,NaN,NaN,NaN,NaN,NaN,NaN,-0.232425368918406,-0.233943303274498,-0.235491363772638,-0.233853500676169,-0.232342773725742,-0.231104849682871,NaN,NaN,NaN,NaN,NaN,NaN,NaN,-0.00013690538594356,0.000464094749364298,0.000466689255981798,0.000495043766042085,0.000565814459386366,0.000655201632900102,0.000698137749970014,0.000639285209511473,0.000587207357300122,0.0004380107164553,0.000263520521285712,0.000103631074929365,-7.00801327242665e-05,-0.00020552292894812,-0.000317374049518906,-0.000476645356130581,-0.000746559273412547,-0.00105581746982107,-0.00143585272950532,-0.00179893316894519,-0.00197676290872516,-0.0021225666010695,-0.00236057621675895,-0.00272147787722635,-0.00321087326217645,-0.00292142534033255,-0.00231663879457651,-0.00217038647062559,-0.00222805309791912,-0.00212259681992148,-0.00191233269549403,-0.00169276937789113,-0.00446942174301786,NaN,NaN,NaN,NaN,NaN,NaN,NaN,NaN,NaN,NaN,NaN,NaN,NaN,NaN,NaN,NaN,NaN,0.00127206822293418,0.00127923661172592,0.00128268939832688,0.00128560888274639,0.00129086991354637,0.00129725729881059,0.00130257645071543,0.00130642382244421,0.00130836029367407,0.00131017203735806,0.00130910865092063,0.00130514214688805,0.00130105571966455,0.00130008335344965,0.00130093353621619,0.00130161039857235,0.00129941420516516,0.00129451268845087,0.00128768755239636,0.00130133469984585,0.0013031242954602
NaN,NaN,NaN,NaN,NaN,NaN,NaN,NaN,NaN,NaN,NaN,NaN,NaN,NaN,NaN,NaN,NaN,NaN,NaN,NaN,NaN,NaN,NaN,NaN,NaN,NaN,NaN,NaN,NaN,NaN,NaN,NaN,NaN,NaN,NaN,NaN,NaN,NaN,NaN,NaN,NaN,NaN,NaN,NaN,NaN,NaN,NaN,NaN,NaN,NaN,NaN,NaN,NaN,NaN,NaN,NaN,NaN,NaN,NaN,NaN,NaN,NaN,NaN,NaN,NaN,NaN,NaN,NaN,NaN,NaN,NaN,NaN,NaN,NaN,NaN,NaN,NaN,NaN,NaN,NaN,NaN,NaN,NaN,NaN,NaN,NaN,NaN,NaN,NaN,NaN,NaN,NaN,NaN,NaN,NaN,NaN,NaN,NaN,NaN,NaN,NaN,NaN,NaN,NaN,NaN,NaN,NaN,NaN,NaN,NaN,NaN,NaN,NaN,NaN,NaN,NaN,NaN,NaN,NaN,NaN,NaN,NaN,NaN,NaN,NaN,NaN,NaN,NaN,NaN,NaN,NaN,NaN,NaN,NaN,NaN,NaN,NaN,NaN,NaN,NaN,NaN,NaN,NaN,NaN,NaN,NaN,NaN,NaN,NaN,NaN,NaN,NaN,NaN,NaN,NaN,NaN,NaN,NaN,NaN,NaN,NaN,-0.23402952956076,-0.235854459825312,-0.23693847487372,-0.235670939275181,-0.234002695816771,-0.232401444249577,NaN,NaN,NaN,NaN,NaN,NaN,NaN,-0.0033760558542068,0.000278240658204214,0.000320351163569813,0.00040027485476437,0.000526582238664145,0.000646019448601434,0.00070633332913757,0.000634469858657116,0.000528584364478667,0.000430174747507648,0.000261988621765743,8.53260952142225e-05,-8.84234284844188e-05,-0.000200018991418586,-0.000307676896312392,-0.000475461993018753,-0.000722957717329931,-0.000987013113315133,-0.00127317715114517,-0.00165049162230246,-0.0019605817661342,-0.00243788732669432,-0.00305757272037991,-0.00374022805231057,-0.00403223721008527,-0.00388972182211522,-0.00313233601458277,-0.00272307877290361,-0.00271586827818276,-0.00272582574044642,-0.00456445973304353,-0.0235355546799667,NaN,NaN,NaN,NaN,NaN,NaN,NaN,NaN,NaN,NaN,NaN,NaN,NaN,NaN,NaN,NaN,NaN,NaN,0.00128774948748496,0.00129534980422531,0.00129782092864822,0.00130047818134644,0.00130301778701835,0.00130631346181109,0.00130994049029864,0.00131272177399272,0.00131424469513208,0.00131559448740995,0.00131399219054787,0.00130928003590246,0.00130466221554013,0.00130300149968603,0.00130343158889106,0.00130452411535306,0.00130297413345232,0.00129753637867661,0.00128970454815821,0.00130404753945665,0.00130587587893459
NaN,NaN,NaN,NaN,NaN,NaN,NaN,NaN,NaN,NaN,NaN,NaN,NaN,NaN,NaN,NaN,NaN,NaN,NaN,NaN,NaN,NaN,NaN,NaN,NaN,NaN,NaN,NaN,NaN,NaN,NaN,NaN,NaN,NaN,NaN,NaN,NaN,NaN,NaN,NaN,NaN,NaN,NaN,NaN,NaN,NaN,NaN,NaN,NaN,NaN,NaN,NaN,NaN,NaN,NaN,NaN,NaN,NaN,NaN,NaN,NaN,NaN,NaN,NaN,NaN,NaN,NaN,NaN,NaN,NaN,NaN,NaN,NaN,NaN,NaN,NaN,NaN,NaN,NaN,NaN,NaN,NaN,NaN,NaN,NaN,NaN,NaN,NaN,NaN,NaN,NaN,NaN,NaN,NaN,NaN,NaN,NaN,NaN,NaN,NaN,NaN,NaN,NaN,NaN,NaN,NaN,NaN,NaN,NaN,NaN,NaN,NaN,NaN,NaN,NaN,NaN,NaN,NaN,NaN,NaN,NaN,NaN,NaN,NaN,NaN,NaN,NaN,NaN,NaN,NaN,NaN,NaN,NaN,NaN,NaN,NaN,NaN,NaN,NaN,NaN,NaN,NaN,NaN,NaN,NaN,NaN,NaN,NaN,NaN,NaN,NaN,NaN,NaN,NaN,NaN,NaN,NaN,NaN,NaN,NaN,NaN,NaN,NaN,-0.236048275410007,-0.237351727497425,-0.236047157001037,-0.234044747226148,NaN,NaN,NaN,NaN,NaN,NaN,NaN,-0.00153426370299281,8.67554154594063e-05,0.000203732105933473,0.000334944123977469,0.00045374635176975,0.000560303746330801,0.000595417233564341,0.000597891847511369,0.000499445684584331,0.000369003570430931,0.000257415268404559,8.32742120568079e-05,-7.89561004432282e-05,-0.000197164257562707,-0.000317224044195041,-0.000504542438070849,-0.000719358549460457,-0.000924176316417032,-0.00109261510195347,-0.00138139894136637,-0.00179264160532665,-0.00245610860578771,-0.00314579969598202,-0.00370384109296419,-0.00340141169654686,-0.00328610454985328,-0.00341140044297922,-0.00306143806203938,-0.00305451531646993,-0.00822094090552335,-0.00987918296662255,-0.0897102113299968,NaN,NaN,NaN,NaN,NaN,NaN,NaN,NaN,NaN,NaN,NaN,NaN,NaN,NaN,NaN,NaN,NaN,NaN,0.00129871658081521,0.00130561831161912,0.00130777182098204,0.00131000081864668,0.00131166142167154,0.00131301302033658,0.00131501706594827,0.00131682193262816,0.00131844720735903,0.00131929413548002,0.00131723187277897,0.0013120855046963,0.00130738035664326,0.00130478898366895,0.00130517624182699,0.00130636048262483,0.00130575306876258,0.00129994924441351,0.00129184956144928,0.00130738470189911,0.00130925207409907
NaN,NaN,NaN,NaN,NaN,NaN,NaN,NaN,NaN,NaN,NaN,NaN,NaN,NaN,NaN,NaN,NaN,NaN,NaN,NaN,NaN,NaN,NaN,NaN,NaN,NaN,NaN,NaN,NaN,NaN,NaN,NaN,NaN,NaN,NaN,NaN,NaN,NaN,NaN,NaN,NaN,NaN,NaN,NaN,NaN,NaN,NaN,NaN,NaN,NaN,NaN,NaN,NaN,NaN,NaN,NaN,NaN,NaN,NaN,NaN,NaN,NaN,NaN,NaN,NaN,NaN,NaN,NaN,NaN,NaN,NaN,NaN,NaN,NaN,NaN,NaN,NaN,NaN,NaN,NaN,NaN,NaN,NaN,NaN,NaN,NaN,NaN,NaN,NaN,NaN,NaN,NaN,NaN,NaN,NaN,NaN,NaN,NaN,NaN,NaN,NaN,NaN,NaN,NaN,NaN,NaN,NaN,NaN,NaN,NaN,NaN,NaN,NaN,NaN,NaN,NaN,NaN,NaN,NaN,NaN,NaN,NaN,NaN,NaN,NaN,NaN,NaN,NaN,NaN,NaN,NaN,NaN,NaN,NaN,NaN,NaN,NaN,NaN,NaN,NaN,NaN,NaN,NaN,NaN,NaN,NaN,NaN,NaN,NaN,NaN,NaN,NaN,NaN,NaN,NaN,NaN,NaN,NaN,NaN,NaN,NaN,NaN,NaN,-0.226276252591816,-0.23634653776116,NaN,NaN,NaN,NaN,NaN,NaN,NaN,NaN,NaN,-0.00408091440337162,-0.000205514745096397,2.67349614639365e-06,0.000215710432181404,0.000289225404252137,0.000385929329044598,0.000451332677238874,0.000514483566648883,0.000495580490983934,0.000299492613648331,0.000246343664828897,8.1505266974703e-05,-8.80305144941645e-05,-0.00023588250810424,-0.000400838133640045,-0.00060944578789596,-0.000817579959092124,-0.000953197290973318,-0.00104175491191468,-0.00117280378180298,-0.00149988533177277,-0.00195521230221374,-0.00240470785941856,-0.00257462213311397,-0.00228089394667145,-0.00215381289041538,-0.00235135373461786,-0.00248807188676197,-0.00242233247352368,-0.0027133925637855,-0.0217479094786946,NaN,NaN,NaN,NaN,NaN,NaN,NaN,NaN,NaN,NaN,NaN,NaN,NaN,NaN,NaN,NaN,NaN,NaN,NaN,0.00130694510329108,0.00131318053886583,0.00131444970044769,0.00131577850197479,0.00131696465814488,0.0013177611655507,0.00131884731370697,0.00131952447122967,0.00132098060161133,0.00132141470508325,0.00131902051147126,0.00131332762502369,0.00130902255125256,0.00130589647554296,0.00130588572241183,0.00130721174171877,0.00130708456129444,0.00130213091724986,0.00129458045028406,0.00131066910423298,0.00131257406322682
NaN,NaN,NaN,NaN,NaN,NaN,NaN,NaN,NaN,NaN,NaN,NaN,NaN,NaN,NaN,NaN,NaN,NaN,NaN,NaN,NaN,NaN,NaN,NaN,NaN,NaN,NaN,NaN,NaN,NaN,NaN,NaN,NaN,NaN,NaN,NaN,NaN,NaN,NaN,NaN,NaN,NaN,NaN,NaN,NaN,NaN,NaN,NaN,NaN,NaN,NaN,NaN,NaN,NaN,NaN,NaN,NaN,NaN,NaN,NaN,NaN,NaN,NaN,NaN,NaN,NaN,NaN,NaN,NaN,NaN,NaN,NaN,NaN,NaN,NaN,NaN,NaN,NaN,NaN,NaN,NaN,NaN,NaN,NaN,NaN,NaN,NaN,NaN,NaN,NaN,NaN,NaN,NaN,NaN,NaN,NaN,NaN,NaN,NaN,NaN,NaN,NaN,NaN,NaN,NaN,NaN,NaN,NaN,NaN,NaN,NaN,NaN,NaN,NaN,NaN,NaN,NaN,NaN,NaN,NaN,NaN,NaN,NaN,NaN,NaN,NaN,NaN,NaN,NaN,NaN,NaN,NaN,NaN,NaN,NaN,NaN,NaN,NaN,NaN,NaN,NaN,NaN,NaN,NaN,NaN,NaN,NaN,NaN,NaN,NaN,NaN,NaN,NaN,NaN,NaN,NaN,NaN,NaN,NaN,NaN,NaN,NaN,NaN,-0.194950025652876,-0.226327708192888,NaN,NaN,NaN,NaN,NaN,NaN,NaN,NaN,NaN,NaN,-0.00150368447563669,-0.000655923122068239,-0.000134323557107047,0.000107035311054218,0.000321223608236606,0.0004701810935916,0.000534780668808428,NaN,NaN,0.000154112261961548,5.22879910821094e-05,-0.000173325057213526,-0.000364506897176695,-0.000572205760392087,-0.000836031470686189,-0.00099502408589025,-0.00103348925653939,-0.0010580632036133,-0.0010958175213458,-0.00128284295925193,-0.00163166733492317,-0.00183271179656274,-0.00165693370218398,-0.00141041425754641,-0.0013331401925589,-0.00134896308181048,-0.00157362325103072,-0.00169371005662429,-0.00193506880871763,-0.0266881415160615,NaN,NaN,NaN,NaN,NaN,NaN,NaN,NaN,NaN,NaN,NaN,NaN,NaN,NaN,NaN,NaN,NaN,NaN,NaN,0.00131370729799692,0.00131836275662739,0.00131903136154168,0.00131952058954892,0.00132068260119844,0.00132129333692829,0.00132131933514568,0.00132149844422683,0.00132219951084017,0.00132237342134238,0.00132010693500584,0.00131435021605558,0.00131004850831918,0.00130675272767742,0.00130612587086081,0.0013077133079352,0.00130772178690008,0.00130436527181807,0.00129768212116665,0.00131332416845082,0.00131526176695513
NaN,NaN,NaN,NaN,NaN,NaN,NaN,NaN,NaN,NaN,NaN,NaN,NaN,NaN,NaN,NaN,NaN,NaN,NaN,NaN,NaN,NaN,NaN,NaN,NaN,NaN,NaN,NaN,NaN,NaN,NaN,NaN,NaN,NaN,NaN,NaN,NaN,NaN,NaN,NaN,NaN,NaN,NaN,NaN,NaN,NaN,NaN,NaN,NaN,NaN,NaN,NaN,NaN,NaN,NaN,NaN,NaN,NaN,NaN,NaN,NaN,NaN,NaN,NaN,NaN,NaN,NaN,NaN,NaN,NaN,NaN,NaN,NaN,NaN,NaN,NaN,NaN,NaN,NaN,NaN,NaN,NaN,NaN,NaN,NaN,NaN,NaN,NaN,NaN,NaN,NaN,NaN,NaN,NaN,NaN,NaN,NaN,NaN,NaN,NaN,NaN,NaN,NaN,NaN,NaN,NaN,NaN,NaN,NaN,NaN,NaN,NaN,NaN,NaN,NaN,NaN,NaN,NaN,NaN,NaN,NaN,NaN,NaN,NaN,NaN,NaN,NaN,NaN,NaN,NaN,NaN,NaN,NaN,NaN,NaN,NaN,NaN,NaN,NaN,NaN,NaN,NaN,NaN,NaN,NaN,NaN,NaN,NaN,NaN,NaN,NaN,NaN,NaN,NaN,NaN,NaN,NaN,NaN,NaN,NaN,NaN,NaN,NaN,-0.121305687848508,-0.19498472156227,NaN,NaN,NaN,NaN,NaN,-0.120120938336388,-0.112148848226399,-0.0197772965267656,-0.0155847033598436,-0.0086402249318627,-0.00127991422265904,-0.000868489933207803,-0.000428964253042244,0.00020431349569447,0.000447994382677368,0.000612113692009864,0.000633212340129039,NaN,NaN,0.000130830245738284,-6.162793200927e-05,-0.000334664152171426,-0.000560476256432979,-0.000773634436120394,-0.000993680006839043,-0.0011107894625226,-0.00112998566028986,-0.00113581396955914,-0.00117340758360806,-0.00130571273804278,-0.00153069242678985,-0.00144428354729823,-0.000981891963111742,-0.000713021860657721,-0.000697145181949493,-0.000685886908319289,-0.000697082647048903,-0.000749493081282081,-0.00074559921671935,-0.00585538164718156,-0.0782916577113199,NaN,NaN,NaN,NaN,NaN,NaN,NaN,NaN,NaN,NaN,NaN,NaN,NaN,NaN,NaN,NaN,NaN,NaN,0.00131795617425634,0.00132110014302399,0.00132242599400581,0.00132306937504004,0.00132350468939657,0.00132423875451307,0.00132326278615197,0.00132264645410063,0.00132267781397062,0.00132308326331764,0.00132124677610924,0.00131624973019939,0.00131124038915628,0.00130790907264679,0.00130643361089044,0.00130796901435201,0.0013080170574722,0.00130516977515102,0.00129986770522889,0.00131531911281868,0.0013172769181504
NaN,NaN,NaN,NaN,NaN,NaN,NaN,NaN,NaN,NaN,NaN,NaN,NaN,NaN,NaN,NaN,NaN,NaN,NaN,NaN,NaN,NaN,NaN,NaN,NaN,NaN,NaN,NaN,NaN,NaN,NaN,NaN,NaN,NaN,NaN,NaN,NaN,NaN,NaN,NaN,NaN,NaN,NaN,NaN,NaN,NaN,NaN,NaN,NaN,NaN,NaN,NaN,NaN,NaN,NaN,NaN,NaN,NaN,NaN,NaN,NaN,NaN,NaN,NaN,NaN,NaN,NaN,NaN,NaN,NaN,NaN,NaN,NaN,NaN,NaN,NaN,NaN,NaN,NaN,NaN,NaN,NaN,NaN,NaN,NaN,NaN,NaN,NaN,NaN,NaN,NaN,NaN,NaN,NaN,NaN,NaN,NaN,NaN,NaN,NaN,NaN,NaN,NaN,NaN,NaN,NaN,NaN,NaN,NaN,NaN,NaN,NaN,NaN,NaN,NaN,NaN,NaN,NaN,NaN,NaN,NaN,NaN,NaN,NaN,NaN,NaN,NaN,NaN,NaN,NaN,NaN,NaN,NaN,NaN,NaN,NaN,NaN,NaN,NaN,NaN,NaN,NaN,NaN,NaN,NaN,NaN,NaN,NaN,NaN,NaN,NaN,NaN,NaN,NaN,NaN,NaN,NaN,NaN,NaN,NaN,-0.123701036717204,-0.119827623890719,-0.121086399154177,-0.0290246723981312,-0.121616103700297,NaN,-0.124077471458472,-0.119729719412366,-0.12100292143992,-0.0245451344798463,-0.023634473192967,-0.0182641953399289,-0.00841594875126221,-0.000834904593717135,-1.99287541940812e-05,-0.000289581486393897,-0.000170746482932652,-6.68687250075102e-05,0.000421161388916347,0.000647605126388943,0.000714831332568791,-0.0036351936608952,NaN,NaN,2.72381902395397e-05,-0.000151896429617277,-0.000372606790369552,-0.000606708132518952,-0.000832825083843778,-0.00106081548088542,-0.00119610319336908,-0.00121344723513302,-0.00121467022041432,-0.00129803916730978,-0.00140867011267318,-0.00145130796034734,-0.00109863430829278,-0.000583330160563246,-0.000394745548717799,-0.000346984060205835,-0.000380071372437653,-0.000324919249194533,-0.000163249263380461,-8.78923394605095e-05,-1.51012727527282e-05,-0.00506920948661973,NaN,NaN,NaN,NaN,NaN,NaN,NaN,NaN,NaN,NaN,NaN,NaN,NaN,NaN,NaN,NaN,NaN,NaN,0.00132095220071031,0.00132339690160747,0.0013247975013824,0.00132555597649867,0.00132554326944763,0.00132602809146292,0.00132469486591814,0.00132369975741189,0.00132346925036142,0.00132383032299634,0.00132299984228318,0.00131870589365083,0.00131349270565228,0.00130997680255928,0.00130788451610805,0.00130849186138418,0.00130837093872672,0.00130483744313731,0.00130076412484291,0.0013165379818428,0.00131852063024393
NaN,NaN,NaN,NaN,NaN,NaN,NaN,NaN,NaN,NaN,NaN,NaN,NaN,NaN,NaN,NaN,NaN,NaN,NaN,NaN,NaN,NaN,NaN,NaN,NaN,NaN,NaN,NaN,NaN,NaN,NaN,NaN,NaN,NaN,NaN,NaN,NaN,NaN,NaN,NaN,NaN,NaN,NaN,NaN,NaN,NaN,NaN,NaN,NaN,NaN,NaN,NaN,NaN,NaN,NaN,NaN,NaN,NaN,NaN,NaN,NaN,NaN,NaN,NaN,NaN,NaN,NaN,NaN,NaN,NaN,NaN,NaN,NaN,NaN,NaN,NaN,NaN,NaN,NaN,NaN,NaN,NaN,NaN,NaN,NaN,NaN,NaN,NaN,NaN,NaN,NaN,NaN,NaN,NaN,NaN,NaN,NaN,NaN,NaN,NaN,NaN,NaN,NaN,NaN,NaN,NaN,NaN,NaN,NaN,NaN,NaN,NaN,NaN,NaN,NaN,NaN,NaN,NaN,NaN,NaN,NaN,NaN,NaN,NaN,NaN,NaN,NaN,NaN,NaN,NaN,NaN,NaN,NaN,NaN,NaN,NaN,NaN,NaN,NaN,NaN,NaN,NaN,NaN,NaN,NaN,NaN,NaN,NaN,NaN,NaN,NaN,NaN,NaN,NaN,NaN,NaN,NaN,NaN,NaN,NaN,-0.120365945022164,-0.123739985636015,-0.12110775890209,-0.0286969113376585,-0.0291466881871353,-0.122033842420295,-0.027300779476198,-0.0237253409333059,-0.0245230675152707,-0.0241826720062348,-0.01934775995221,-0.00770298565742006,0.000966756315978518,0.00104104072905324,0.00049644431537726,0.000242167732355303,0.000217729916911516,0.000432004949993154,0.000641441987585136,0.000790724745738201,-0.00361462588768931,-0.0738350330667769,NaN,NaN,6.04093941127941e-05,-5.04060659196615e-05,-0.000317631200409729,-0.000662491669844599,-0.000943332891179713,-0.00113073783179044,-0.0011383361972002,-0.00113431882261084,-0.00120220659597319,-0.00130701426972107,-0.00133791100391129,-0.00120792531099249,-0.000920896768818395,-0.000696214852353909,-0.00059055258560001,-0.000554427113850731,-0.00045934146020623,-0.000265340476629053,-8.38456464844171e-06,0.000137922174208328,0.000188573331834205,0.000212542142238519,NaN,NaN,NaN,NaN,NaN,NaN,NaN,NaN,NaN,NaN,NaN,NaN,NaN,NaN,NaN,NaN,NaN,NaN,0.00132347061362514,0.00132557711757479,0.00132640999465187,0.0013269144202995,0.00132681663238498,0.00132698082323801,0.00132599890756654,0.00132444348965467,0.00132455295424533,0.00132494053862907,0.00132469541007923,0.00132128468415362,0.00131576885681134,0.00131195651517085,0.00130962517618743,0.00130966766025847,0.0013090195322593,0.00130475432758379,0.00130142145501459,0.00131702458729004,0.00131903484100003
NaN,NaN,NaN,NaN,NaN,NaN,NaN,NaN,NaN,NaN,NaN,NaN,NaN,NaN,NaN,NaN,NaN,NaN,NaN,NaN,NaN,NaN,NaN,NaN,NaN,NaN,NaN,NaN,NaN,NaN,NaN,NaN,NaN,NaN,NaN,NaN,NaN,NaN,NaN,NaN,NaN,NaN,NaN,NaN,NaN,NaN,NaN,NaN,NaN,NaN,NaN,NaN,NaN,NaN,NaN,NaN,NaN,NaN,NaN,NaN,NaN,NaN,NaN,NaN,NaN,NaN,NaN,NaN,NaN,NaN,NaN,NaN,NaN,NaN,NaN,NaN,NaN,NaN,NaN,NaN,NaN,NaN,NaN,NaN,NaN,NaN,NaN,NaN,NaN,NaN,NaN,NaN,NaN,NaN,NaN,NaN,NaN,NaN,NaN,NaN,NaN,NaN,NaN,NaN,NaN,NaN,NaN,NaN,NaN,NaN,NaN,NaN,NaN,NaN,NaN,NaN,NaN,NaN,NaN,NaN,NaN,NaN,NaN,NaN,NaN,NaN,NaN,NaN,NaN,NaN,NaN,NaN,NaN,NaN,NaN,NaN,NaN,NaN,NaN,NaN,NaN,NaN,NaN,NaN,NaN,NaN,NaN,NaN,NaN,NaN,NaN,NaN,NaN,NaN,NaN,NaN,NaN,NaN,NaN,NaN,-0.120339741003675,-0.12124790009568,-0.0285160050992777,-0.0285042406283888,-0.0286009166921653,-0.028404760604331,-0.0248182844369345,-0.0156678799322867,-0.0185592978016719,-0.0240943129711936,-0.0124922119228406,0.00147694050778524,0.00175736307704409,0.00113511151152843,0.000454221363686477,0.000486769559396355,0.000630651345018769,0.000657065285250318,0.000829887462953906,-0.00350361550476094,-0.0254193245880611,NaN,NaN,NaN,-0.00652368342672121,-0.00011498019150838,-0.000481083134803479,-0.000841211184314865,-0.00105808504444476,-0.00108057594615937,-0.00104294810906188,-0.00104168423179757,-0.00117775271910456,-0.00130712956066516,-0.00134178217644051,-0.00134604968783672,-0.00121813017865662,-0.0011832385274574,-0.000900343607913931,-0.000801695480347881,-0.000456598720342078,-0.000149257389370328,0.000114131612369435,0.00027630660119325,0.000324561869093237,0.000264529701051051,NaN,NaN,NaN,NaN,NaN,NaN,NaN,NaN,NaN,NaN,NaN,NaN,NaN,NaN,NaN,NaN,NaN,NaN,0.00132580691778748,0.00132717118915903,0.00132707124065424,0.00132749022848203,0.00132764507878462,0.00132744984821879,0.00132647253093961,0.00132504587488334,0.00132519956992482,0.00132610513876731,0.00132636934323173,0.0013233426892346,0.00131783580576663,0.00131330333369906,0.00131102540214569,0.00131070028740643,0.00130995328811314,0.00130525290429449,0.00130180683136535,0.00131742599629736,0.00131947060452171
NaN,NaN,NaN,NaN,NaN,NaN,NaN,NaN,NaN,NaN,NaN,NaN,NaN,NaN,NaN,NaN,NaN,NaN,NaN,NaN,NaN,NaN,NaN,NaN,NaN,NaN,NaN,NaN,NaN,NaN,NaN,NaN,NaN,NaN,NaN,NaN,NaN,NaN,NaN,NaN,NaN,NaN,NaN,NaN,NaN,NaN,NaN,NaN,NaN,NaN,NaN,NaN,NaN,NaN,NaN,NaN,NaN,NaN,NaN,NaN,NaN,NaN,NaN,NaN,NaN,NaN,NaN,NaN,NaN,NaN,NaN,NaN,NaN,NaN,NaN,NaN,NaN,NaN,NaN,NaN,NaN,NaN,NaN,NaN,NaN,NaN,NaN,NaN,NaN,NaN,NaN,NaN,NaN,NaN,NaN,NaN,NaN,NaN,NaN,NaN,NaN,NaN,NaN,NaN,NaN,NaN,NaN,NaN,NaN,NaN,NaN,NaN,NaN,NaN,NaN,NaN,NaN,NaN,NaN,NaN,NaN,NaN,NaN,NaN,NaN,NaN,NaN,NaN,NaN,NaN,NaN,NaN,NaN,NaN,NaN,NaN,NaN,NaN,NaN,NaN,NaN,NaN,NaN,NaN,NaN,NaN,NaN,NaN,NaN,NaN,NaN,NaN,NaN,NaN,NaN,NaN,NaN,NaN,NaN,-0.194901035669124,-0.121423257607593,-0.146322919513258,-0.0481715061552803,-0.121239341585908,-0.10234045143411,-0.125023569710321,-0.10560124483604,-0.0142403640935953,-0.000645733300125406,-0.010911626063181,-0.000387384063754721,0.00224029102191425,0.00163918300761758,0.00098026353314719,0.000465226605043497,0.000260327875667736,0.000616082751385106,0.000677386971999228,-0.00350837866755203,-0.0736314178479691,-0.122467821456338,NaN,NaN,NaN,NaN,-0.00684155320273035,-0.00145163262748203,-0.000988273062071937,-0.00107285815565782,-0.00106580085469166,-0.00102377539813315,-0.0010466691415312,-0.0012351473330438,-0.00139617747417797,-0.00151312914527609,-0.00159247686151909,-0.00151888956939402,-0.0012198860667881,-0.000952144677818012,-0.000648287365692891,-0.000217685673166613,2.03542389230773e-05,0.000169160213047384,0.000293113425117916,0.00038631399673016,0.000417389616894592,0.000505854842876915,NaN,NaN,NaN,NaN,NaN,NaN,NaN,NaN,NaN,NaN,NaN,NaN,NaN,NaN,NaN,NaN,NaN,0.00132814079336265,0.00132895478178402,0.00132787724808728,0.00132750206571268,0.00132780935303085,0.0013273192980306,0.00132637323461623,0.00132547233673608,0.00132612942238973,0.00132705611919982,0.00132796169646283,0.00132517906799946,0.00132005295603984,0.00131562565205399,0.00131306635095799,0.00131225911313713,0.00131136257363078,0.00130686527079676,0.00130278281500196,0.00131832651812686,0.00132040154681767
NaN,NaN,NaN,NaN,NaN,NaN,NaN,NaN,NaN,NaN,NaN,NaN,NaN,NaN,NaN,NaN,NaN,NaN,NaN,NaN,NaN,NaN,NaN,NaN,NaN,NaN,NaN,NaN,NaN,NaN,NaN,NaN,NaN,NaN,NaN,NaN,NaN,NaN,NaN,NaN,NaN,NaN,NaN,NaN,NaN,NaN,NaN,NaN,NaN,NaN,NaN,NaN,NaN,NaN,NaN,NaN,NaN,NaN,NaN,NaN,NaN,NaN,NaN,NaN,NaN,NaN,NaN,NaN,NaN,NaN,NaN,NaN,NaN,NaN,NaN,NaN,NaN,NaN,NaN,NaN,NaN,NaN,NaN,NaN,NaN,NaN,NaN,NaN,NaN,NaN,NaN,NaN,NaN,NaN,NaN,NaN,NaN,NaN,NaN,NaN,NaN,NaN,NaN,NaN,NaN,NaN,NaN,NaN,NaN,NaN,NaN,NaN,NaN,NaN,NaN,NaN,NaN,NaN,NaN,NaN,NaN,NaN,NaN,NaN,NaN,NaN,NaN,NaN,NaN,NaN,NaN,NaN,NaN,NaN,NaN,NaN,NaN,NaN,NaN,NaN,NaN,NaN,NaN,NaN,NaN,NaN,NaN,NaN,NaN,NaN,NaN,NaN,NaN,NaN,NaN,NaN,NaN,NaN,-0.236038763812775,-0.226190207746575,-0.194908848955421,-0.206565273533803,-0.146338414787982,-0.194791182601076,NaN,NaN,NaN,-0.0623793528683291,-0.000359995765399961,0.00110588994125581,0.00253488154519563,0.00236374860060543,0.0017158268946665,0.000805489573863968,0.000154293268411322,-0.00183465158662963,-0.0010127809328295,-0.024899781165911,-0.0736529482129307,-0.167762127779626,NaN,NaN,NaN,NaN,NaN,NaN,-0.0113492807439989,-0.00114082031020712,-0.00112049349016404,-0.00105543402192735,-0.00100612553237553,-0.00108817698727604,-0.00125353963028084,-0.00143694190690457,-0.00165395749336598,-0.0017391657322493,-0.00156295220437762,-0.00125687683777731,-0.00100775957964351,-0.000644369163598611,-0.000226346707167692,-8.61230913811739e-05,-2.7837272814893e-05,0.000110396770632319,0.000292946744432365,0.000399732950442931,0.00039687566023464,NaN,NaN,NaN,NaN,NaN,NaN,NaN,NaN,NaN,NaN,NaN,NaN,NaN,NaN,NaN,NaN,NaN,0.00133045197645101,0.00133029120537895,0.00132895748726369,0.00132754766245847,0.00132727841471242,0.00132647010472563,0.00132586771925755,0.00132582582118574,0.00132713912931671,0.00132821269038394,0.00132907229421894,0.00132684107811012,0.00132244561047068,0.0013186128654142,0.00131567071404684,0.00131433108630121,0.00131317771608419,0.0013088877969787,0.0013039188420243,0.00131958664993287,0.00132169068479637
NaN,NaN,NaN,NaN,NaN,NaN,NaN,NaN,NaN,NaN,NaN,NaN,NaN,NaN,NaN,NaN,NaN,NaN,NaN,NaN,NaN,NaN,NaN,NaN,NaN,NaN,NaN,NaN,NaN,NaN,NaN,NaN,NaN,NaN,NaN,NaN,NaN,NaN,NaN,NaN,NaN,NaN,NaN,NaN,NaN,NaN,NaN,NaN,NaN,NaN,NaN,NaN,NaN,NaN,NaN,NaN,NaN,NaN,NaN,NaN,NaN,NaN,NaN,NaN,NaN,NaN,NaN,NaN,NaN,NaN,NaN,NaN,NaN,NaN,NaN,NaN,NaN,NaN,NaN,NaN,NaN,NaN,NaN,NaN,NaN,NaN,NaN,NaN,NaN,NaN,NaN,NaN,NaN,NaN,NaN,NaN,NaN,NaN,NaN,NaN,NaN,NaN,NaN,NaN,NaN,NaN,NaN,NaN,NaN,NaN,NaN,NaN,NaN,NaN,NaN,NaN,NaN,NaN,NaN,NaN,NaN,NaN,NaN,NaN,NaN,NaN,NaN,NaN,NaN,NaN,NaN,NaN,NaN,NaN,NaN,NaN,NaN,NaN,NaN,NaN,NaN,NaN,NaN,NaN,NaN,NaN,NaN,NaN,NaN,NaN,NaN,NaN,NaN,NaN,NaN,NaN,NaN,NaN,-0.237539041189593,-0.236076286297018,NaN,NaN,NaN,NaN,NaN,NaN,-0.118888249440697,-0.0226426736229158,-0.0158909607813535,0.00267430828551038,0.00281115829194151,0.00263177752706526,0.00207017344207291,0.00126538647452626,-0.000467490965595679,-0.0435555479948819,-0.0522348927528379,NaN,NaN,NaN,NaN,NaN,NaN,NaN,NaN,NaN,NaN,NaN,-0.00110384835910292,-0.00103084979860557,-0.00103897970625,-0.00116502933861919,-0.00132889408793708,-0.00160576970543181,-0.00189296675338048,-0.00186312982366308,-0.00157561979231352,-0.00129971290027547,-0.00106881933556288,-0.000748178104919486,-0.000425417756858826,-0.000316379185986817,-0.000187502553225459,4.10541296437662e-05,0.000252062413286217,0.000398303918507834,0.000418594847059492,0.000289778964593243,NaN,NaN,NaN,NaN,NaN,NaN,NaN,NaN,NaN,NaN,NaN,NaN,NaN,NaN,NaN,NaN,0.00133228584739763,0.00133134061656946,0.00132923439234307,0.00132762705987177,0.00132667074087236,0.00132524066909607,0.00132468258768368,0.00132586871072776,0.001327362969833,0.00132912477065302,0.00133002698221313,0.00132813398007832,0.00132444126437285,0.0013213660694036,0.00131823757660819,0.0013162501931269,0.00131469089582942,0.00131048328259981,0.0013049329811261,0.00131970597945072,0.00132183449111092
NaN,NaN,NaN,NaN,NaN,NaN,NaN,NaN,NaN,NaN,NaN,NaN,NaN,NaN,NaN,NaN,NaN,NaN,NaN,NaN,NaN,NaN,NaN,NaN,NaN,NaN,NaN,NaN,NaN,NaN,NaN,NaN,NaN,NaN,NaN,NaN,NaN,NaN,NaN,NaN,NaN,NaN,NaN,NaN,NaN,NaN,NaN,NaN,NaN,NaN,NaN,NaN,NaN,NaN,NaN,NaN,NaN,NaN,NaN,NaN,NaN,NaN,NaN,NaN,NaN,NaN,NaN,NaN,NaN,NaN,NaN,NaN,NaN,NaN,NaN,NaN,NaN,NaN,NaN,NaN,NaN,NaN,NaN,NaN,NaN,NaN,NaN,NaN,NaN,NaN,NaN,NaN,NaN,NaN,NaN,NaN,NaN,NaN,NaN,NaN,NaN,NaN,NaN,NaN,NaN,NaN,NaN,NaN,NaN,NaN,NaN,NaN,NaN,NaN,NaN,NaN,NaN,NaN,NaN,NaN,NaN,NaN,NaN,NaN,NaN,NaN,NaN,NaN,NaN,NaN,NaN,NaN,NaN,NaN,NaN,NaN,NaN,NaN,NaN,NaN,NaN,NaN,NaN,NaN,NaN,NaN,NaN,NaN,NaN,NaN,NaN,NaN,NaN,NaN,NaN,NaN,NaN,NaN,NaN,NaN,NaN,NaN,NaN,NaN,NaN,NaN,-0.120679114800621,-0.0238533493624871,0.00272768004117382,0.0028417181677853,0.00287037660832749,0.00281164252166013,0.00234805104746169,0.00170038085953654,0.00091373057311997,NaN,NaN,NaN,NaN,NaN,NaN,NaN,NaN,NaN,NaN,NaN,NaN,NaN,NaN,-0.00108608798793926,-0.00115271910458013,-0.0013289773934749,-0.00156252168330474,-0.00183702121316303,-0.0018768739447437,-0.0016615249745236,-0.00138114683446766,-0.0012049655070849,-0.00104470000754561,-0.0007946062004408,-0.000534195996350048,-0.000286119421532541,-4.02028151570797e-05,2.83209542185811e-05,0.000226091218777287,0.000392222976356751,0.000478025061638683,0.000457126603299637,-0.00157069463611868,-0.0580667831751989,-0.1077858568346,NaN,NaN,NaN,NaN,NaN,NaN,NaN,NaN,NaN,NaN,NaN,NaN,NaN,0.00133540567160512,0.00133333189516468,0.00132990592330647,0.00132752636780896,0.00132632579723762,0.00132441010447564,0.00132351722466098,0.00132502248509324,0.00132737332086948,0.00132948180532572,0.00133047945592281,0.001329041137721,0.00132585915126454,0.00132311567682876,0.00132023387394595,0.00131789942112446,0.00131626533709232,0.00131205626392248,0.00130561238905136,0.00131860300737334,0.00132075865662938
NaN,NaN,NaN,NaN,NaN,NaN,NaN,NaN,NaN,NaN,NaN,NaN,NaN,NaN,NaN,NaN,NaN,NaN,NaN,NaN,NaN,NaN,NaN,NaN,NaN,NaN,NaN,NaN,NaN,NaN,NaN,NaN,NaN,NaN,NaN,NaN,NaN,NaN,NaN,NaN,NaN,NaN,NaN,NaN,NaN,NaN,NaN,NaN,NaN,NaN,NaN,NaN,NaN,NaN,NaN,NaN,NaN,NaN,NaN,NaN,NaN,NaN,NaN,NaN,NaN,NaN,NaN,NaN,NaN,NaN,NaN,NaN,NaN,NaN,NaN,NaN,NaN,NaN,NaN,NaN,NaN,NaN,NaN,NaN,NaN,NaN,NaN,NaN,NaN,NaN,NaN,NaN,NaN,NaN,NaN,NaN,NaN,NaN,NaN,NaN,NaN,NaN,NaN,NaN,NaN,NaN,NaN,NaN,NaN,NaN,NaN,NaN,NaN,NaN,NaN,NaN,NaN,NaN,NaN,NaN,NaN,NaN,NaN,NaN,NaN,NaN,NaN,NaN,NaN,NaN,NaN,NaN,NaN,NaN,NaN,NaN,NaN,NaN,NaN,NaN,NaN,NaN,NaN,NaN,NaN,NaN,NaN,NaN,NaN,NaN,NaN,NaN,NaN,NaN,NaN,NaN,NaN,NaN,NaN,NaN,NaN,NaN,NaN,NaN,NaN,NaN,NaN,-0.114611665090189,-0.0196244817302516,0.00265149997682769,0.0027542433325875,0.00268154433105824,0.0022985757610863,0.00176718356855964,NaN,NaN,NaN,NaN,NaN,NaN,NaN,NaN,NaN,NaN,NaN,NaN,NaN,NaN,NaN,-0.00167565036010068,-0.00131266956975913,-0.00148605927684641,-0.00158460226529089,-0.00160444614384458,-0.00151958751584862,-0.00140486525274286,-0.00127340788726954,-0.0011901857388699,-0.0010626492287894,-0.000826481495486388,-0.000563621385285743,-0.000291874456425696,-0.000306596601183706,-0.000157868575007301,0.000114136955261793,0.000304148763075582,0.00043976034765103,0.000495438978674587,0.000396287859357901,-0.018951069703022,-0.0165856221568468,-0.101611170495001,-0.0929799689779798,NaN,NaN,NaN,NaN,NaN,NaN,NaN,NaN,NaN,NaN,NaN,0.00133937253714185,0.00133598529146561,0.00133125496522715,0.00132789279380505,0.00132610107920611,0.00132417575432509,0.00132304219750674,0.0013245798825313,0.00132756838780147,0.00133007746525858,0.00133108779648756,0.00132987951237184,0.00132709401118488,0.00132449547626132,0.00132188214369355,0.00131959300504323,0.001317764127624,0.00131301668439132,0.00130558991655084,0.00131715395796478,0.00131934676592879
NaN,NaN,NaN,NaN,NaN,NaN,NaN,NaN,NaN,NaN,NaN,NaN,NaN,NaN,NaN,NaN,NaN,NaN,NaN,NaN,NaN,NaN,NaN,NaN,NaN,NaN,NaN,NaN,NaN,NaN,NaN,NaN,NaN,NaN,NaN,NaN,NaN,NaN,NaN,NaN,NaN,NaN,NaN,NaN,NaN,NaN,NaN,NaN,NaN,NaN,NaN,NaN,NaN,NaN,NaN,NaN,NaN,NaN,NaN,NaN,NaN,NaN,NaN,NaN,NaN,NaN,NaN,NaN,NaN,NaN,NaN,NaN,NaN,NaN,NaN,NaN,NaN,NaN,NaN,NaN,NaN,NaN,NaN,NaN,NaN,NaN,NaN,NaN,NaN,NaN,NaN,NaN,NaN,NaN,NaN,NaN,NaN,NaN,NaN,NaN,NaN,NaN,NaN,NaN,NaN,NaN,NaN,NaN,NaN,NaN,NaN,NaN,NaN,NaN,NaN,NaN,NaN,NaN,NaN,NaN,NaN,NaN,NaN,NaN,NaN,NaN,NaN,NaN,NaN,NaN,NaN,NaN,NaN,NaN,NaN,NaN,NaN,NaN,NaN,NaN,NaN,NaN,NaN,NaN,NaN,NaN,NaN,NaN,NaN,NaN,NaN,NaN,NaN,NaN,NaN,NaN,NaN,NaN,NaN,NaN,NaN,NaN,NaN,NaN,NaN,NaN,NaN,NaN,-0.0480401606167799,0.00091995430536468,0.00221146175487248,0.00234126368369014,0.00218629564015416,0.000476808764089731,NaN,NaN,NaN,NaN,NaN,NaN,NaN,NaN,NaN,NaN,NaN,NaN,NaN,NaN,NaN,-0.00337599922590842,-0.00137594910494337,-0.00144779132922372,-0.0014382647127045,-0.00144167144199573,-0.00142747757441298,-0.00139253150470164,-0.00135157211772636,-0.00139315326548958,-0.00128164706752141,-0.000951125443193154,-0.000688247270366371,-0.000506162631449448,-0.000553296908817713,-0.000240195006789138,-1.39392784388459e-05,0.000187121679672381,0.000339317738090229,0.000413098803367796,3.5306245985689e-05,-0.0189585207843087,-0.0165379753932439,-0.0135787125438174,-0.0104272492473488,-0.0820409939599123,NaN,NaN,NaN,NaN,NaN,NaN,NaN,NaN,NaN,NaN,0.00134399024782129,0.00133908909347432,0.00133335788777944,0.00132880622617915,0.00132639176170154,0.00132472380452616,0.00132399299441246,0.00132611334727176,0.00132840329704117,0.00133094241380038,0.00133227703170061,0.00133158614526607,0.00132912741997575,0.00132651388552746,0.00132365267157021,0.00132142390716886,0.00131881938530365,0.00131364989103545,0.00130603128744716,0.00131635843379239,0.00131858652776543
NaN,NaN,NaN,NaN,NaN,NaN,NaN,NaN,NaN,NaN,NaN,NaN,NaN,NaN,NaN,NaN,NaN,NaN,NaN,NaN,NaN,NaN,NaN,NaN,NaN,NaN,NaN,NaN,NaN,NaN,NaN,NaN,NaN,NaN,NaN,NaN,NaN,NaN,NaN,NaN,NaN,NaN,NaN,NaN,NaN,NaN,NaN,NaN,NaN,NaN,NaN,NaN,NaN,NaN,NaN,NaN,NaN,NaN,NaN,NaN,NaN,NaN,NaN,NaN,NaN,NaN,NaN,NaN,NaN,NaN,NaN,NaN,NaN,NaN,NaN,NaN,NaN,NaN,NaN,NaN,NaN,NaN,NaN,NaN,NaN,NaN,NaN,NaN,NaN,NaN,NaN,NaN,NaN,NaN,NaN,NaN,NaN,NaN,NaN,NaN,NaN,NaN,NaN,NaN,NaN,NaN,NaN,NaN,NaN,NaN,NaN,NaN,NaN,NaN,NaN,NaN,NaN,NaN,NaN,NaN,NaN,NaN,NaN,NaN,NaN,NaN,NaN,NaN,NaN,NaN,NaN,NaN,NaN,NaN,NaN,NaN,NaN,NaN,NaN,NaN,NaN,NaN,NaN,NaN,NaN,NaN,NaN,NaN,NaN,NaN,NaN,NaN,NaN,NaN,NaN,NaN,NaN,NaN,NaN,NaN,NaN,NaN,NaN,NaN,NaN,NaN,NaN,NaN,-0.00887603716123075,NaN,0.000261705616370509,0.00212631801633589,0.00126865370258434,NaN,NaN,NaN,NaN,NaN,NaN,NaN,NaN,NaN,NaN,NaN,NaN,NaN,NaN,NaN,NaN,NaN,-0.00142770721898668,-0.0014648845624118,-0.00147451525159692,-0.00156036090282255,-0.00157251531368866,-0.00166992273454558,-0.00185698343383046,-0.00200953156954532,-0.00173790819610046,-0.00122299368580268,-0.000810339505497107,-0.000481394995254539,-0.000154425177865312,4.18363451578796e-05,7.56578110878774e-05,0.000196847258639648,0.000338180266404784,0.000377034435461776,0.00037820947005382,-0.00767262164905419,-0.016529616769076,-0.0136042421871684,-0.0103762392390532,-0.00899263920551371,NaN,NaN,NaN,NaN,NaN,NaN,NaN,NaN,NaN,NaN,0.00134818844219007,0.00134189665674502,0.00133568934195333,0.00133029656098767,0.00132782950384367,0.00132649886415459,0.00132631350518854,0.00132830061214812,0.00133073784086601,0.00133342723594128,0.00133469722085604,0.0013341870757097,0.00133126708992758,0.0013286452956978,0.00132597764245677,0.0013232452641424,0.00132010573975888,0.00131459615247056,0.00130706348202872,0.00131521753045035,0.00131747530749587
NaN,NaN,NaN,NaN,NaN,NaN,NaN,NaN,NaN,NaN,NaN,NaN,NaN,NaN,NaN,NaN,NaN,NaN,NaN,NaN,NaN,NaN,NaN,NaN,NaN,NaN,NaN,NaN,NaN,NaN,NaN,NaN,NaN,NaN,NaN,NaN,NaN,NaN,NaN,NaN,NaN,NaN,NaN,NaN,NaN,NaN,NaN,NaN,NaN,NaN,NaN,NaN,NaN,NaN,NaN,NaN,NaN,NaN,NaN,NaN,NaN,NaN,NaN,NaN,NaN,NaN,NaN,NaN,NaN,NaN,NaN,NaN,NaN,NaN,NaN,NaN,NaN,NaN,NaN,NaN,NaN,NaN,NaN,NaN,NaN,NaN,NaN,NaN,NaN,NaN,NaN,NaN,NaN,NaN,NaN,NaN,NaN,NaN,NaN,NaN,NaN,NaN,NaN,NaN,NaN,NaN,NaN,NaN,NaN,NaN,NaN,NaN,NaN,NaN,NaN,NaN,NaN,NaN,NaN,NaN,NaN,NaN,NaN,NaN,NaN,NaN,NaN,NaN,NaN,NaN,NaN,NaN,NaN,NaN,NaN,NaN,NaN,NaN,NaN,NaN,NaN,NaN,NaN,NaN,NaN,NaN,NaN,NaN,NaN,NaN,NaN,NaN,NaN,NaN,NaN,NaN,NaN,NaN,NaN,NaN,NaN,NaN,NaN,NaN,NaN,NaN,-0.0885271150938501,-0.0076872366293229,0.00302180666889229,0.00317756381636408,0.00306169158925655,0.00289353230570015,0.00263339501755638,NaN,NaN,NaN,NaN,NaN,NaN,NaN,NaN,NaN,NaN,NaN,NaN,NaN,NaN,NaN,NaN,NaN,NaN,-0.00153861730899049,-0.00160357316035578,-0.00174275224727456,-0.00203470569455939,-0.0025500999356512,-0.00279776330123159,-0.00258134555410109,-0.00190130021010576,-0.00128917189158932,-0.000720435122761093,-0.000338615356556527,8.5390289178634e-05,0.000281737695565193,0.000260335046095366,0.000276860271393921,0.000398789743483261,0.000439683267607421,0.000428942718425055,-0.0001082840091849,-0.0164458053422916,-0.0136302229469504,-0.0104025600269179,-0.00891892695508409,NaN,NaN,NaN,NaN,NaN,NaN,NaN,NaN,NaN,NaN,0.00135197536225441,0.00134472520415646,0.0013380682849071,0.00133239471034532,0.00132969182669773,0.00132876040604119,0.00132883132170514,0.00133047633079219,0.00133357267107772,0.00133668394941771,0.00133809543127772,0.00133746366802633,0.00133448973550378,0.00133101967728806,0.00132821968748254,0.00132518272856328,0.00132219434292021,0.00131785082806901,0.00130965594210369,0.00131480126769964,0.00131708823850718
NaN,NaN,NaN,NaN,NaN,NaN,NaN,NaN,NaN,NaN,NaN,NaN,NaN,NaN,NaN,NaN,NaN,NaN,NaN,NaN,NaN,NaN,NaN,NaN,NaN,NaN,NaN,NaN,NaN,NaN,NaN,NaN,NaN,NaN,NaN,NaN,NaN,NaN,NaN,NaN,NaN,NaN,NaN,NaN,NaN,NaN,NaN,NaN,NaN,NaN,NaN,NaN,NaN,NaN,NaN,NaN,NaN,NaN,NaN,NaN,NaN,NaN,NaN,NaN,NaN,NaN,NaN,NaN,NaN,NaN,NaN,NaN,NaN,NaN,NaN,NaN,NaN,NaN,NaN,NaN,NaN,NaN,NaN,NaN,NaN,NaN,NaN,NaN,NaN,NaN,NaN,NaN,NaN,NaN,NaN,NaN,NaN,NaN,NaN,NaN,NaN,NaN,NaN,NaN,NaN,NaN,NaN,NaN,NaN,NaN,NaN,NaN,NaN,NaN,NaN,NaN,NaN,NaN,NaN,NaN,NaN,NaN,NaN,NaN,NaN,NaN,NaN,NaN,NaN,NaN,NaN,NaN,NaN,NaN,NaN,NaN,NaN,NaN,NaN,NaN,NaN,NaN,NaN,NaN,NaN,NaN,NaN,NaN,NaN,NaN,NaN,NaN,NaN,NaN,NaN,NaN,NaN,NaN,NaN,NaN,NaN,NaN,NaN,NaN,NaN,-0.0696507731262362,-0.0515224468419479,NaN,NaN,0.00400152061798615,0.00399339188467345,0.00306963922931602,0.0034039101529113,NaN,-0.216339032486454,-0.186818745341129,-0.182166061274931,NaN,NaN,NaN,NaN,NaN,NaN,NaN,NaN,NaN,NaN,NaN,NaN,NaN,NaN,NaN,-0.00170779801838283,-0.00191198160077266,-0.00278815157377756,-0.00336570698039125,-0.00304512215328508,-0.00223991829407352,-0.00147340894177245,-0.000889540881547912,-0.000502991747078305,-0.000216486722828807,0.000125263081110533,0.000304474533887741,0.000301884087170178,0.00027476382603564,0.000371342422052099,0.000442696864221811,0.000450162687065769,0.00035205521483715,-0.0120088862554233,-0.0128815935645587,-0.0103808795654179,-0.00878650902118847,-0.0688917121918648,-0.0921562018260042,-0.178339801756967,NaN,NaN,NaN,NaN,NaN,NaN,NaN,0.00135616300775332,0.00134859019893988,0.00134120782508244,0.00133539457278285,0.00133193963697889,0.00133167847027483,0.00133211500988685,0.00133412277916875,0.001337422160155,0.0013410316884782,0.00134255350974857,0.00134185967208583,0.00133934187162485,0.00133568913551655,0.00133180403607575,0.00132787487411609,0.00132535997603234,0.00132177425369248,0.00131352607084871,0.00131681264263833,0.00131913234595415
NaN,NaN,NaN,NaN,NaN,NaN,NaN,NaN,NaN,NaN,NaN,NaN,NaN,NaN,NaN,NaN,NaN,NaN,NaN,NaN,NaN,NaN,NaN,NaN,NaN,NaN,NaN,NaN,NaN,NaN,NaN,NaN,NaN,NaN,NaN,NaN,NaN,NaN,NaN,NaN,NaN,NaN,NaN,NaN,NaN,NaN,NaN,NaN,NaN,NaN,NaN,NaN,NaN,NaN,NaN,NaN,NaN,NaN,NaN,NaN,NaN,NaN,NaN,NaN,NaN,NaN,NaN,NaN,NaN,NaN,NaN,NaN,NaN,NaN,NaN,NaN,NaN,NaN,NaN,NaN,NaN,NaN,NaN,NaN,NaN,NaN,NaN,NaN,NaN,NaN,NaN,NaN,NaN,NaN,NaN,NaN,NaN,NaN,NaN,NaN,NaN,NaN,NaN,NaN,NaN,NaN,NaN,NaN,NaN,NaN,NaN,NaN,NaN,NaN,NaN,NaN,NaN,NaN,NaN,NaN,NaN,NaN,NaN,NaN,NaN,NaN,NaN,NaN,NaN,NaN,NaN,NaN,NaN,NaN,NaN,NaN,NaN,NaN,NaN,NaN,NaN,NaN,NaN,NaN,NaN,NaN,NaN,NaN,NaN,NaN,NaN,NaN,NaN,NaN,NaN,NaN,NaN,-0.0520246061925995,-0.0518503178316142,-0.0520751903400479,NaN,NaN,-0.00206573018585076,-0.0185397530912935,0.00377847050739932,0.00051051572960211,-0.00106517890975384,-0.00556699494539534,0.0053806955144482,0.00526621416974024,0.00481457302027249,NaN,NaN,NaN,-0.186898949779846,-0.116884026336218,-0.10776327970288,NaN,NaN,NaN,NaN,NaN,NaN,NaN,NaN,NaN,NaN,NaN,NaN,NaN,NaN,NaN,NaN,NaN,-0.00287432720474126,-0.00267882456679036,-0.00210534431318145,-0.00134858303647165,-0.000861908774182487,-0.00044878636585675,-0.000248184947829807,-5.88250039775496e-05,0.000194639663081033,0.000326552079784572,0.000241491172946365,0.000167488146856631,0.000263932474663835,0.000363556751962327,0.000384772140334526,-0.000954691690942459,-0.00106038753727553,-0.00810825770554833,-0.00843100935223288,-0.00865168191352741,-0.00875374644405731,-0.00988941545635558,-0.0921275506031631,NaN,NaN,NaN,NaN,NaN,NaN,NaN,0.00136014729217879,0.00135246936852174,0.0013437377989772,0.00133771116595179,0.00133420369053484,0.00133474022254803,0.0013369683599629,0.00134019206934677,0.0013432564879382,0.00134634020718909,0.00134910645723166,0.00134821991253122,0.00134537619634818,0.00134129372639328,0.00133780168749483,0.00133494207475133,0.00133241860719902,0.00132873899614902,0.00132144675713153,0.00132328067410048,0.00132566324365731
NaN,NaN,NaN,NaN,NaN,NaN,NaN,NaN,NaN,NaN,NaN,NaN,NaN,NaN,NaN,NaN,NaN,NaN,NaN,NaN,NaN,NaN,NaN,NaN,NaN,NaN,NaN,NaN,NaN,NaN,NaN,NaN,NaN,NaN,NaN,NaN,NaN,NaN,NaN,NaN,NaN,NaN,NaN,NaN,NaN,NaN,NaN,NaN,NaN,NaN,NaN,NaN,NaN,NaN,NaN,NaN,NaN,NaN,NaN,NaN,NaN,NaN,NaN,NaN,NaN,NaN,NaN,NaN,NaN,NaN,NaN,NaN,NaN,NaN,NaN,NaN,NaN,NaN,NaN,NaN,NaN,NaN,NaN,NaN,NaN,NaN,NaN,NaN,NaN,NaN,NaN,NaN,NaN,NaN,NaN,NaN,NaN,NaN,NaN,NaN,NaN,NaN,NaN,NaN,NaN,NaN,NaN,NaN,NaN,NaN,NaN,NaN,NaN,NaN,NaN,NaN,NaN,NaN,NaN,NaN,NaN,NaN,NaN,NaN,NaN,NaN,NaN,NaN,NaN,NaN,NaN,NaN,NaN,NaN,NaN,NaN,NaN,NaN,NaN,NaN,NaN,NaN,NaN,NaN,NaN,NaN,NaN,NaN,NaN,NaN,NaN,NaN,NaN,NaN,NaN,NaN,-0.0511835950857612,-0.0522314255412024,-0.0521335748342491,-0.0523056291942862,-0.0538589561364778,-0.053595161980127,0.00245276537509614,0.00562988130887243,0.00608514931266283,0.00618861773972406,0.00633891849048749,0.00669762249858433,0.00662268467256613,0.00680383209408333,0.00667442759298523,-0.0137962422678026,-0.01280476095519,NaN,-0.117124078716805,-0.0247174034918841,-0.0191132981500688,-0.107703772206111,NaN,NaN,NaN,NaN,NaN,NaN,NaN,NaN,NaN,NaN,NaN,NaN,NaN,NaN,NaN,NaN,-0.00129867611131031,-0.00141537218002392,-0.0011905217349074,-0.000702265953606028,-0.000305107499406709,-6.49344464706677e-05,4.7719999366258e-05,0.000158508880325942,0.000323118694024358,0.000412079998944919,0.000275559057393166,9.88672477354668e-05,0.00017168451043037,0.00030157702804056,0.000327178161074055,-0.000506571875343546,-0.0301529609130991,-0.00820058376917185,-0.00835928075800703,-0.0156181250168825,-0.0247093706849273,-0.0121538455020525,-0.0419204861615619,NaN,NaN,NaN,NaN,NaN,NaN,NaN,NaN,NaN,NaN,NaN,NaN,NaN,NaN,NaN,NaN,NaN,NaN,NaN,NaN,NaN,NaN,NaN,NaN,NaN,NaN,NaN,NaN
NaN,NaN,NaN,NaN,NaN,NaN,NaN,NaN,NaN,NaN,NaN,NaN,NaN,NaN,NaN,NaN,NaN,NaN,NaN,NaN,NaN,NaN,NaN,NaN,NaN,NaN,NaN,NaN,NaN,NaN,NaN,NaN,NaN,NaN,NaN,NaN,NaN,NaN,NaN,NaN,NaN,NaN,NaN,NaN,NaN,NaN,NaN,NaN,NaN,NaN,NaN,NaN,NaN,NaN,NaN,NaN,NaN,NaN,NaN,NaN,NaN,NaN,NaN,NaN,NaN,NaN,NaN,NaN,NaN,NaN,NaN,NaN,NaN,NaN,NaN,NaN,NaN,NaN,NaN,NaN,NaN,NaN,NaN,NaN,NaN,NaN,NaN,NaN,NaN,NaN,NaN,NaN,NaN,NaN,NaN,NaN,NaN,NaN,NaN,NaN,NaN,NaN,NaN,NaN,NaN,NaN,NaN,NaN,NaN,NaN,NaN,NaN,NaN,NaN,NaN,NaN,NaN,NaN,NaN,NaN,NaN,NaN,NaN,NaN,NaN,NaN,NaN,NaN,NaN,NaN,NaN,NaN,NaN,NaN,NaN,NaN,NaN,NaN,NaN,NaN,NaN,NaN,NaN,NaN,NaN,NaN,NaN,NaN,NaN,NaN,NaN,NaN,NaN,NaN,NaN,NaN,-0.0527311184583806,-0.0537110385494088,-0.0526939128368737,-0.0524384364633106,-0.0591551897529394,-0.146847288954684,-0.0494391504252414,-0.00244590814766977,0.00396177501211466,0.000992753321902295,-0.000919737385928643,0.00694576813005585,0.00692401011970741,0.00668265628732432,-0.00306536532877522,-0.0118709458134592,-0.0153661062840255,-0.0161111128952197,-0.108105217753202,-0.0187432785915555,-0.0186184600435719,-0.10736900501797,-0.107255024327543,-0.107441400612624,NaN,NaN,NaN,NaN,NaN,NaN,NaN,NaN,NaN,NaN,NaN,NaN,NaN,0.000474744331642842,-0.000122436534453791,-0.000507501748254083,-0.000438103733887231,-0.000227861657833978,7.89853570560273e-05,0.000279810297542491,0.000361763638221721,0.000403592429541133,0.00049935233908795,0.000539165638290709,0.000378653736470632,0.000117662513188818,0.000157208561516551,0.000314358861837409,0.000401944643521558,0.000377937329974931,0.000197885921726204,-0.0303274554097842,-0.00844141633677195,-0.00852435012424151,-0.0085878032834295,-0.00862064435487339,-0.00862397749147185,-0.0418928091450479,NaN,NaN,NaN,NaN,NaN,NaN,NaN,NaN,NaN,NaN,NaN,NaN,NaN,NaN,NaN,NaN,NaN,NaN,NaN,NaN,NaN,NaN,NaN,NaN,NaN,NaN,NaN
NaN,NaN,NaN,NaN,NaN,NaN,NaN,NaN,NaN,NaN,NaN,NaN,NaN,NaN,NaN,NaN,NaN,NaN,NaN,NaN,NaN,NaN,NaN,NaN,NaN,NaN,NaN,NaN,NaN,NaN,NaN,NaN,NaN,NaN,NaN,NaN,NaN,NaN,NaN,NaN,NaN,NaN,NaN,NaN,NaN,NaN,NaN,NaN,NaN,NaN,NaN,NaN,NaN,NaN,NaN,NaN,NaN,NaN,NaN,NaN,NaN,NaN,NaN,NaN,NaN,NaN,NaN,NaN,NaN,NaN,NaN,NaN,NaN,NaN,NaN,NaN,NaN,NaN,NaN,NaN,NaN,NaN,NaN,NaN,NaN,NaN,NaN,NaN,NaN,NaN,NaN,NaN,NaN,NaN,NaN,NaN,NaN,NaN,NaN,NaN,NaN,NaN,NaN,NaN,NaN,NaN,NaN,NaN,NaN,NaN,NaN,NaN,NaN,NaN,NaN,NaN,NaN,NaN,NaN,NaN,NaN,NaN,NaN,NaN,NaN,NaN,NaN,NaN,NaN,NaN,NaN,NaN,NaN,NaN,NaN,NaN,NaN,NaN,NaN,NaN,NaN,NaN,NaN,NaN,NaN,NaN,NaN,-0.161998297243007,-0.0982682784425283,NaN,NaN,NaN,NaN,NaN,NaN,-0.0532081901454946,-0.05295482107213,NaN,NaN,NaN,NaN,NaN,NaN,NaN,-0.0491659669840496,-0.0610682707711279,0.0030519558858657,0.00702766186254641,0.00566241226475299,NaN,-0.0848727842862919,-0.103753706390322,-0.0227056431290392,-0.111543169661117,NaN,-0.107372208784361,-0.0180245446418289,-0.0176040461823134,-0.017476432393703,-0.0175520114455106,NaN,NaN,NaN,NaN,NaN,NaN,NaN,NaN,NaN,NaN,NaN,NaN,NaN,0.000548669195255304,0.000212630097663813,0.000107120142825125,0.000245578644841897,0.000446398105428366,0.000477607371044111,0.000533961020248885,0.000597935505542902,0.000598889374323869,0.000674875007332123,0.000687153891983114,0.000578698872871553,0.000356609620965634,0.000346022887011717,0.000440850655162307,0.000518548930234399,0.00051491347715286,0.000249708899420331,NaN,-0.0121223606953955,-0.00846425384107564,-0.0118020061363451,-0.0661899416412036,-0.0419726831578133,-0.0693918704023522,NaN,NaN,NaN,NaN,NaN,NaN,NaN,NaN,NaN,NaN,NaN,NaN,NaN,NaN,NaN,NaN,NaN,NaN,NaN,NaN,NaN,NaN,NaN,NaN,NaN,NaN,NaN
NaN,NaN,NaN,NaN,NaN,NaN,NaN,NaN,NaN,NaN,NaN,NaN,NaN,NaN,NaN,NaN,NaN,NaN,NaN,NaN,NaN,NaN,NaN,NaN,NaN,NaN,NaN,NaN,NaN,NaN,NaN,NaN,NaN,NaN,NaN,NaN,NaN,NaN,NaN,NaN,NaN,NaN,NaN,NaN,NaN,NaN,NaN,NaN,NaN,NaN,NaN,NaN,NaN,NaN,NaN,NaN,NaN,NaN,NaN,NaN,NaN,NaN,NaN,NaN,NaN,NaN,NaN,NaN,NaN,NaN,NaN,NaN,NaN,NaN,NaN,NaN,NaN,NaN,NaN,NaN,NaN,NaN,NaN,NaN,NaN,NaN,NaN,NaN,NaN,NaN,NaN,NaN,NaN,NaN,NaN,NaN,NaN,NaN,NaN,NaN,NaN,NaN,NaN,NaN,NaN,NaN,NaN,NaN,NaN,NaN,NaN,NaN,NaN,NaN,NaN,NaN,NaN,NaN,NaN,NaN,NaN,NaN,NaN,NaN,NaN,NaN,NaN,NaN,NaN,NaN,NaN,NaN,NaN,NaN,NaN,NaN,NaN,NaN,NaN,NaN,NaN,NaN,NaN,NaN,NaN,NaN,NaN,-0.0983292537227726,-0.0982900575532859,-0.0994270288735457,-0.102443766781769,-0.0738981582999199,-0.0726702253686883,-0.0729038879972238,-0.0528097950027822,-0.0522706240069849,-0.0518153268284328,NaN,NaN,NaN,NaN,NaN,NaN,NaN,NaN,NaN,-0.0601786401593128,0.0027456393146153,0.00477982860386189,-0.0251148999838133,-0.121059268787648,-0.181811364639301,NaN,NaN,NaN,-0.130880248210293,-0.0359529617033812,-0.0169032933801718,-0.0149006228889899,-0.0161572143943294,NaN,NaN,NaN,NaN,NaN,NaN,NaN,NaN,NaN,NaN,NaN,NaN,NaN,0.000602601930825111,0.000444458122161433,0.000483670261337269,0.000637684070307811,0.000868702780507397,0.000844448390044365,0.000756089386690473,0.000730637924810356,0.000685852695279227,0.000761474341695057,0.000791114285304054,0.000753305862551541,0.000654476322655361,0.000625860867215722,0.000623721314604863,0.000616207191893259,0.00053043701296552,0.000454791885393441,-0.0177186876344887,NaN,-0.0699779392905853,NaN,NaN,-0.140316483217645,-0.163553422589891,NaN,NaN,NaN,NaN,NaN,NaN,NaN,NaN,NaN,NaN,NaN,NaN,NaN,NaN,NaN,NaN,NaN,NaN,NaN,NaN,NaN,NaN,NaN,NaN,NaN,NaN,NaN
NaN,NaN,NaN,NaN,NaN,NaN,NaN,NaN,NaN,NaN,NaN,NaN,NaN,NaN,NaN,NaN,NaN,NaN,NaN,NaN,NaN,NaN,NaN,NaN,NaN,NaN,NaN,NaN,NaN,NaN,NaN,NaN,NaN,NaN,NaN,NaN,NaN,NaN,NaN,NaN,NaN,NaN,NaN,NaN,NaN,NaN,NaN,NaN,NaN,NaN,NaN,NaN,NaN,NaN,NaN,NaN,NaN,NaN,NaN,NaN,NaN,NaN,NaN,NaN,NaN,NaN,NaN,NaN,NaN,NaN,NaN,NaN,NaN,NaN,NaN,NaN,NaN,NaN,NaN,NaN,NaN,NaN,NaN,NaN,NaN,NaN,NaN,NaN,NaN,NaN,NaN,NaN,NaN,NaN,NaN,NaN,NaN,NaN,NaN,NaN,NaN,NaN,NaN,NaN,NaN,NaN,NaN,NaN,NaN,NaN,NaN,NaN,NaN,NaN,NaN,NaN,NaN,NaN,NaN,NaN,NaN,NaN,NaN,NaN,NaN,NaN,NaN,NaN,NaN,NaN,NaN,NaN,NaN,NaN,NaN,NaN,NaN,NaN,NaN,NaN,NaN,NaN,NaN,NaN,NaN,NaN,-0.0985564287584872,-0.0986855903134907,-0.0986721241841658,-0.0990294507742282,NaN,-0.128219726464689,-0.0727645845348917,-0.0522491974121057,-0.0519391791626835,-0.0517910960966233,NaN,NaN,NaN,NaN,NaN,NaN,NaN,NaN,NaN,NaN,NaN,0.00408289788131242,0.00435918551194416,0.00396985733025916,-0.0256187681282451,NaN,NaN,NaN,NaN,-0.085292412892947,-0.103255041999841,-0.0150399226244807,-0.00735696107955585,-0.00100058603642507,-0.00438104187019145,-0.0785505496642829,NaN,NaN,NaN,NaN,NaN,NaN,NaN,NaN,NaN,NaN,NaN,2.53842959536939e-05,0.000248046003167318,0.000446825730749675,0.000787262802697228,0.00100771796595339,0.000994801251133548,0.00089382313527274,0.000799199250794847,0.000726376574393755,0.000726807562781914,0.000843157623531471,0.00084074568322158,0.000866179725505826,0.000846581817191598,0.000753625006279007,0.00066689679605526,0.000570927598651103,0.00043212770199302,-0.0254370943067225,-0.121736062681771,-0.163959526122486,NaN,NaN,NaN,NaN,NaN,NaN,NaN,NaN,NaN,NaN,NaN,NaN,NaN,NaN,NaN,NaN,NaN,NaN,NaN,NaN,NaN,NaN,NaN,NaN,NaN,NaN,NaN,NaN,NaN,NaN,NaN
NaN,NaN,NaN,NaN,NaN,NaN,NaN,NaN,NaN,NaN,NaN,NaN,NaN,NaN,NaN,NaN,NaN,NaN,NaN,NaN,NaN,NaN,NaN,NaN,NaN,NaN,NaN,NaN,NaN,NaN,NaN,NaN,NaN,NaN,NaN,NaN,NaN,NaN,NaN,NaN,NaN,NaN,NaN,NaN,NaN,NaN,NaN,NaN,NaN,NaN,NaN,NaN,NaN,NaN,NaN,NaN,NaN,NaN,NaN,NaN,NaN,NaN,NaN,NaN,NaN,NaN,NaN,NaN,NaN,NaN,NaN,NaN,NaN,NaN,NaN,NaN,NaN,NaN,NaN,NaN,NaN,NaN,NaN,NaN,NaN,NaN,NaN,NaN,NaN,NaN,NaN,NaN,NaN,NaN,NaN,NaN,NaN,NaN,NaN,NaN,NaN,NaN,NaN,NaN,NaN,NaN,NaN,NaN,NaN,NaN,NaN,NaN,NaN,NaN,NaN,NaN,NaN,NaN,NaN,NaN,NaN,NaN,NaN,NaN,NaN,NaN,NaN,NaN,NaN,NaN,NaN,NaN,NaN,NaN,NaN,NaN,NaN,NaN,NaN,NaN,NaN,NaN,-0.209363087131885,-0.181729078657375,NaN,-0.0987246033631669,-0.098353454179002,-0.0988297541750941,NaN,NaN,NaN,NaN,NaN,NaN,NaN,NaN,NaN,NaN,NaN,NaN,NaN,NaN,NaN,NaN,NaN,NaN,NaN,NaN,0.005138047680612,0.00480436754263995,NaN,NaN,NaN,NaN,-0.0850227363720351,-0.0180086178300502,-0.0711010977167348,NaN,-0.00729733680320221,0.00199323927697232,0.00202714375859414,-0.0045442534793134,NaN,NaN,NaN,NaN,0.00152847678131947,0.001486676488563,0.00124362355997783,NaN,0.000435051192655467,0.000278285945968231,-0.000330448792348115,-0.000176024554453067,0.000211759729291565,0.000514517290646351,0.000792541550486792,0.00096213562739491,0.000917420582472652,0.000876425853473248,0.000813454952672876,0.000687352417776041,0.000694219375976998,0.000849001280022743,0.00103185578664439,0.00104200528708245,0.000957332827834711,0.000811970529614999,0.000686325360898212,0.000606620026933797,4.04803323031746e-05,-0.0401959397320961,NaN,NaN,NaN,NaN,NaN,NaN,NaN,NaN,NaN,NaN,NaN,NaN,NaN,NaN,NaN,NaN,NaN,NaN,NaN,NaN,NaN,NaN,NaN,NaN,NaN,NaN,NaN,NaN,NaN,NaN,NaN,NaN,NaN
NaN,NaN,NaN,NaN,NaN,NaN,NaN,NaN,NaN,NaN,NaN,NaN,NaN,NaN,NaN,NaN,NaN,NaN,NaN,NaN,NaN,NaN,NaN,NaN,NaN,NaN,NaN,NaN,NaN,NaN,NaN,NaN,NaN,NaN,NaN,NaN,NaN,NaN,NaN,NaN,NaN,NaN,NaN,NaN,NaN,NaN,NaN,NaN,NaN,NaN,NaN,NaN,NaN,NaN,NaN,NaN,NaN,NaN,NaN,NaN,NaN,NaN,NaN,NaN,NaN,NaN,NaN,NaN,NaN,NaN,NaN,NaN,NaN,NaN,NaN,NaN,NaN,NaN,NaN,NaN,NaN,NaN,NaN,NaN,NaN,NaN,NaN,NaN,NaN,NaN,NaN,NaN,NaN,NaN,NaN,NaN,NaN,NaN,NaN,NaN,NaN,NaN,NaN,NaN,NaN,NaN,NaN,NaN,NaN,NaN,NaN,NaN,NaN,NaN,NaN,NaN,NaN,NaN,NaN,NaN,NaN,NaN,NaN,NaN,NaN,NaN,NaN,NaN,NaN,NaN,NaN,NaN,NaN,NaN,NaN,NaN,NaN,NaN,NaN,NaN,-0.218401046884369,-0.209060083513263,-0.181715082307841,-0.120155240000447,-0.116787168985389,-0.118362485446426,-0.0978996647577813,NaN,NaN,NaN,NaN,NaN,NaN,NaN,NaN,NaN,NaN,NaN,NaN,NaN,NaN,NaN,NaN,NaN,NaN,NaN,NaN,-0.0083357895061932,0.00561146850347451,0.00267500925597294,NaN,NaN,NaN,-0.0203752499647023,-0.0615679695024617,-0.0180580992687441,NaN,NaN,-0.0050101157216052,0.00197846334719163,0.00194761179128746,NaN,NaN,NaN,NaN,NaN,0.00164321069385786,0.00141031863267649,0.00106440794832686,0.000454646034483405,0.000352536639964152,0.000244332829201246,0.00013441972427462,0.000182241985553611,0.000486254735574121,0.000738310371666717,0.000836021271991458,0.000766168085663821,0.000740594544602065,0.000747770846525081,0.000760050649031334,0.00062014929931739,0.00053430913353286,0.000818488412954158,0.00113778758987929,0.00107654440432074,0.000914747018609914,0.00076684931378889,0.000642652421290172,NaN,NaN,NaN,NaN,NaN,NaN,NaN,NaN,NaN,NaN,NaN,NaN,NaN,NaN,NaN,NaN,NaN,NaN,NaN,NaN,NaN,NaN,NaN,NaN,NaN,NaN,NaN,NaN,NaN,NaN,NaN,NaN,NaN,NaN,NaN,NaN
NaN,NaN,NaN,NaN,NaN,NaN,NaN,NaN,NaN,NaN,NaN,NaN,NaN,NaN,NaN,NaN,NaN,NaN,NaN,NaN,NaN,NaN,NaN,NaN,NaN,NaN,NaN,NaN,NaN,NaN,NaN,NaN,NaN,NaN,NaN,NaN,NaN,NaN,NaN,NaN,NaN,NaN,NaN,NaN,NaN,NaN,NaN,NaN,NaN,NaN,NaN,NaN,NaN,NaN,NaN,NaN,NaN,NaN,NaN,NaN,NaN,NaN,NaN,NaN,NaN,NaN,NaN,NaN,NaN,NaN,NaN,NaN,NaN,NaN,NaN,NaN,NaN,NaN,NaN,NaN,NaN,NaN,NaN,NaN,NaN,NaN,NaN,NaN,NaN,NaN,NaN,NaN,NaN,NaN,NaN,NaN,NaN,NaN,NaN,NaN,NaN,NaN,NaN,NaN,NaN,NaN,NaN,NaN,NaN,NaN,NaN,NaN,NaN,NaN,NaN,NaN,NaN,NaN,NaN,NaN,NaN,NaN,NaN,NaN,NaN,NaN,NaN,NaN,NaN,NaN,NaN,NaN,NaN,NaN,NaN,NaN,NaN,-0.217369172447418,-0.218399166721422,-0.219814172507817,-0.220660293285465,-0.218697081585286,-0.209465952852669,-0.181954307775783,-0.131836182857718,NaN,NaN,NaN,NaN,NaN,NaN,NaN,NaN,NaN,NaN,NaN,NaN,NaN,NaN,NaN,NaN,NaN,NaN,NaN,NaN,NaN,NaN,-0.016324232872137,-0.00319870629739326,0.0029817325013467,-0.0132437007925443,-0.02461330992314,-0.013895870326497,-0.00956466211407087,-0.0035930613826744,-0.00106674742387072,NaN,-0.00464983993125596,0.00121797473129245,0.00194260592863379,0.00182190327908218,NaN,NaN,NaN,NaN,NaN,0.00167579652906361,0.0013549377172573,0.000986182209689823,0.00059024873945316,0.000385885410091466,0.000385459209465168,0.00044249896885692,0.00061479196947456,0.000838354604890645,0.00102118030193733,0.000921847474743737,0.000618955385797017,0.000436135048132605,0.000500122753223965,0.00063831012513609,0.000706121151794081,0.000654434668669296,0.000800786913893699,0.00106189158234268,0.00101807843809763,0.000857582277996164,0.000703743674566128,0.000507617239912134,NaN,NaN,NaN,NaN,NaN,NaN,NaN,NaN,NaN,NaN,NaN,NaN,NaN,NaN,NaN,NaN,NaN,NaN,NaN,NaN,NaN,NaN,NaN,NaN,NaN,NaN,NaN,NaN,NaN,NaN,NaN,NaN,NaN,NaN,NaN,NaN
NaN,NaN,NaN,NaN,NaN,NaN,NaN,NaN,NaN,NaN,NaN,NaN,NaN,NaN,NaN,NaN,NaN,NaN,NaN,NaN,NaN,NaN,NaN,NaN,NaN,NaN,NaN,NaN,NaN,NaN,NaN,NaN,NaN,NaN,NaN,NaN,NaN,NaN,NaN,NaN,NaN,NaN,NaN,NaN,NaN,NaN,NaN,NaN,NaN,NaN,NaN,NaN,NaN,NaN,NaN,NaN,NaN,NaN,NaN,NaN,NaN,NaN,NaN,NaN,NaN,NaN,NaN,NaN,NaN,NaN,NaN,NaN,NaN,NaN,NaN,NaN,NaN,NaN,NaN,NaN,NaN,NaN,NaN,NaN,NaN,NaN,NaN,NaN,NaN,NaN,NaN,NaN,NaN,NaN,NaN,NaN,NaN,NaN,NaN,NaN,NaN,NaN,NaN,NaN,NaN,NaN,NaN,NaN,NaN,NaN,NaN,NaN,NaN,NaN,NaN,NaN,NaN,NaN,NaN,NaN,NaN,NaN,NaN,NaN,NaN,NaN,NaN,NaN,NaN,NaN,NaN,NaN,NaN,NaN,NaN,NaN,NaN,-0.216675871729631,-0.217543371190709,-0.21873126799152,-0.220076614379617,-0.221021728435548,-0.219273839863636,-0.209685781574412,-0.187779276775447,NaN,NaN,NaN,NaN,NaN,NaN,NaN,NaN,NaN,NaN,NaN,NaN,NaN,NaN,NaN,NaN,NaN,NaN,NaN,NaN,NaN,-0.106815125714318,-0.0166271279449339,0.00210810196749114,0.0023670105120586,0.00219587849105507,0.00186362013105615,-0.00506533688156854,-0.00331405224348019,0.000613816553823205,0.00109698803333552,0.000831298823063294,0.0011163111465032,0.00163724483300032,0.00179391728313023,0.00167837523059913,NaN,NaN,NaN,NaN,NaN,0.00134829581828066,0.00108739690524802,0.000775732563289709,0.000572006873397949,0.000442778877600848,0.000475789959883349,0.000777651754682557,0.0011004941669103,0.00118809093643386,0.0011197025544568,0.000894067155959637,0.000511775745239926,-9.47056246611962e-05,7.94281628342151e-05,0.000486303422466708,0.000727601445893599,0.000919298071512302,0.000927503873984212,0.00106346183641328,0.00101671453390942,0.000842246849421451,NaN,NaN,NaN,NaN,NaN,NaN,NaN,NaN,NaN,NaN,NaN,NaN,NaN,NaN,NaN,NaN,NaN,NaN,NaN,NaN,NaN,NaN,NaN,NaN,NaN,NaN,NaN,NaN,NaN,NaN,NaN,NaN,NaN,NaN,NaN,NaN,NaN,NaN
NaN,NaN,NaN,NaN,NaN,NaN,NaN,NaN,NaN,NaN,NaN,NaN,NaN,NaN,NaN,NaN,NaN,NaN,NaN,NaN,NaN,NaN,NaN,NaN,NaN,NaN,NaN,NaN,NaN,NaN,NaN,NaN,NaN,NaN,NaN,NaN,NaN,NaN,NaN,NaN,NaN,NaN,NaN,NaN,NaN,NaN,NaN,NaN,NaN,NaN,NaN,NaN,NaN,NaN,NaN,NaN,NaN,NaN,NaN,NaN,NaN,NaN,NaN,NaN,NaN,NaN,NaN,NaN,NaN,NaN,NaN,NaN,NaN,NaN,NaN,NaN,NaN,NaN,NaN,NaN,NaN,NaN,NaN,NaN,NaN,NaN,NaN,NaN,NaN,NaN,NaN,NaN,NaN,NaN,NaN,NaN,NaN,NaN,NaN,NaN,NaN,NaN,NaN,NaN,NaN,NaN,NaN,NaN,NaN,NaN,NaN,NaN,NaN,NaN,NaN,NaN,NaN,NaN,NaN,NaN,NaN,NaN,NaN,NaN,NaN,NaN,NaN,NaN,NaN,NaN,NaN,NaN,NaN,NaN,NaN,NaN,NaN,-0.216081680088024,-0.216750109951888,-0.217698937489225,-0.218845045927763,-0.220170899735495,NaN,NaN,NaN,NaN,NaN,NaN,NaN,NaN,NaN,NaN,NaN,NaN,NaN,NaN,NaN,NaN,NaN,NaN,NaN,NaN,NaN,NaN,-0.129144947269807,-0.034181688988031,-0.0169776849169021,-0.0168125072402048,-0.0138656052546088,0.00202157196819257,0.00198293235459319,0.00183939810757108,0.00172219876317223,0.00151570231840667,0.00128943777072479,0.00108576437928368,0.000888783090273569,0.000692199995579334,0.001188143508377,0.00153404532580037,0.00131588942656003,NaN,NaN,NaN,NaN,0.000543324757277311,0.000787570386001879,0.000709466582156511,0.000619023948090547,0.00046459878518924,0.000352216359121482,0.000501706461667853,0.00110963930086085,0.00144769652488405,0.00136813350102671,0.00119221663978613,0.000867544601068193,0.000380512384562194,-0.000744228031975044,NaN,NaN,NaN,0.000844470642811895,0.000860284165873808,NaN,NaN,NaN,NaN,NaN,NaN,NaN,NaN,NaN,NaN,NaN,NaN,NaN,NaN,NaN,NaN,NaN,NaN,NaN,NaN,NaN,NaN,NaN,NaN,NaN,NaN,NaN,NaN,NaN,NaN,NaN,NaN,NaN,NaN,NaN,NaN,NaN,NaN,NaN,NaN,NaN
NaN,NaN,NaN,NaN,NaN,NaN,NaN,NaN,NaN,NaN,NaN,NaN,NaN,NaN,NaN,NaN,NaN,NaN,NaN,NaN,NaN,NaN,NaN,NaN,NaN,NaN,NaN,NaN,NaN,NaN,NaN,NaN,NaN,NaN,NaN,NaN,NaN,NaN,NaN,NaN,NaN,NaN,NaN,NaN,NaN,NaN,NaN,NaN,NaN,NaN,NaN,NaN,NaN,NaN,NaN,NaN,NaN,NaN,NaN,NaN,NaN,NaN,NaN,NaN,NaN,NaN,NaN,NaN,NaN,NaN,NaN,NaN,NaN,NaN,NaN,NaN,NaN,NaN,NaN,NaN,NaN,NaN,NaN,NaN,NaN,NaN,NaN,NaN,NaN,NaN,NaN,NaN,NaN,NaN,NaN,NaN,NaN,NaN,NaN,NaN,NaN,NaN,NaN,NaN,NaN,NaN,NaN,NaN,NaN,NaN,NaN,NaN,NaN,NaN,NaN,NaN,NaN,NaN,NaN,NaN,NaN,NaN,NaN,NaN,NaN,NaN,NaN,NaN,NaN,NaN,NaN,NaN,NaN,NaN,NaN,NaN,NaN,-0.215628207584526,-0.216112430315173,-0.216873028427164,-0.217735734253436,-0.21869712227162,NaN,NaN,NaN,NaN,NaN,NaN,NaN,NaN,NaN,NaN,NaN,NaN,NaN,NaN,NaN,NaN,NaN,NaN,NaN,NaN,NaN,NaN,-0.192369163339203,-0.129161387191606,-0.0544364599357567,-0.0169532748766073,-0.0163456324448384,0.00114987424541235,0.00178282448506655,0.00170126557060013,0.00159972065598326,0.00146771481478603,0.00126791631981137,0.00104213294784688,0.000620676786303385,0.000324389697557607,0.000598489149596522,0.00109482232937121,0.00110611439108176,-0.000142892205926375,NaN,NaN,0.000414655305190814,0.000494396118228099,0.000729388285199689,0.000752510547493491,0.000517297156740191,0.000300998883813836,0.000292170258735583,0.000499245623045135,0.00147005411391732,0.00161711118986314,0.00130419719398662,0.00102814391142741,0.00072912872595865,0.000339751060541491,-0.000163324340821406,NaN,NaN,NaN,NaN,NaN,NaN,NaN,NaN,NaN,NaN,NaN,NaN,NaN,NaN,NaN,NaN,NaN,NaN,NaN,NaN,NaN,NaN,NaN,NaN,NaN,NaN,NaN,NaN,NaN,NaN,NaN,NaN,NaN,NaN,NaN,NaN,NaN,NaN,NaN,NaN,NaN,NaN,NaN,NaN,NaN,NaN
NaN,NaN,NaN,NaN,NaN,NaN,NaN,NaN,NaN,NaN,NaN,NaN,NaN,NaN,NaN,NaN,NaN,NaN,NaN,NaN,NaN,NaN,NaN,NaN,NaN,NaN,NaN,NaN,NaN,NaN,NaN,NaN,NaN,NaN,NaN,NaN,NaN,NaN,NaN,NaN,NaN,NaN,NaN,NaN,NaN,NaN,NaN,NaN,NaN,NaN,NaN,NaN,NaN,NaN,NaN,NaN,NaN,NaN,NaN,NaN,NaN,NaN,NaN,NaN,NaN,NaN,NaN,NaN,NaN,NaN,NaN,NaN,NaN,NaN,NaN,NaN,NaN,NaN,NaN,NaN,NaN,NaN,NaN,NaN,NaN,NaN,NaN,NaN,NaN,NaN,NaN,NaN,NaN,NaN,NaN,NaN,NaN,NaN,NaN,NaN,NaN,NaN,NaN,NaN,NaN,NaN,NaN,NaN,NaN,NaN,NaN,NaN,NaN,NaN,NaN,NaN,NaN,NaN,NaN,NaN,NaN,NaN,NaN,NaN,NaN,NaN,NaN,NaN,NaN,NaN,NaN,NaN,NaN,NaN,NaN,NaN,NaN,-0.215304531580568,-0.215628450072931,NaN,-0.216984216025629,-0.217727723331527,NaN,NaN,NaN,NaN,NaN,NaN,NaN,NaN,NaN,NaN,NaN,NaN,NaN,NaN,NaN,NaN,NaN,NaN,NaN,NaN,NaN,-0.221147479066249,-0.201947074091102,-0.1511185702873,-0.0584957283689763,-0.0160763929995775,-0.0111898482868197,-0.00148205295712585,0.00161326787215061,0.00156643376838639,0.00148179023304477,0.00139365597620612,0.00125072382334201,0.000788754808676754,8.72117633195317e-05,-4.4253238901105e-05,4.70926768630354e-05,0.000339066528811438,0.000594033896496409,0.000256560829861807,-0.000292027692574163,0.000202697229130538,0.000523162114176704,0.00070029855764551,0.000988499187143623,0.00112641071506628,0.000791754684355106,-0.000109921698548112,0.000746235749768366,0.00104082778502567,0.00150011151378635,0.00167706436744104,0.001107196581721,0.000393189242213321,0.000324257708396249,0.000247324269114668,-2.66660146186779e-05,NaN,NaN,NaN,NaN,NaN,NaN,NaN,NaN,NaN,-0.225581987569692,-0.225021875227626,-0.224654655994395,NaN,NaN,NaN,NaN,NaN,NaN,NaN,NaN,NaN,NaN,NaN,NaN,NaN,NaN,NaN,NaN,NaN,NaN,NaN,NaN,NaN,NaN,NaN,NaN,NaN,NaN,NaN,NaN,NaN,NaN,NaN,NaN,NaN,NaN
NaN,NaN,NaN,NaN,NaN,NaN,NaN,NaN,NaN,NaN,NaN,NaN,NaN,NaN,NaN,NaN,NaN,NaN,NaN,NaN,NaN,NaN,NaN,NaN,NaN,NaN,NaN,NaN,NaN,NaN,NaN,NaN,NaN,NaN,NaN,NaN,NaN,NaN,NaN,NaN,NaN,NaN,NaN,NaN,NaN,NaN,NaN,NaN,NaN,NaN,NaN,NaN,NaN,NaN,NaN,NaN,NaN,NaN,NaN,NaN,NaN,NaN,NaN,NaN,NaN,NaN,NaN,NaN,NaN,NaN,NaN,NaN,NaN,NaN,NaN,NaN,NaN,NaN,NaN,NaN,NaN,NaN,NaN,NaN,NaN,NaN,NaN,NaN,NaN,NaN,NaN,NaN,NaN,NaN,NaN,NaN,NaN,NaN,NaN,NaN,NaN,NaN,NaN,NaN,NaN,NaN,NaN,NaN,NaN,NaN,NaN,NaN,NaN,NaN,NaN,NaN,NaN,NaN,NaN,NaN,NaN,NaN,NaN,NaN,NaN,NaN,NaN,NaN,NaN,NaN,NaN,NaN,NaN,NaN,NaN,NaN,NaN,NaN,NaN,NaN,NaN,NaN,NaN,NaN,NaN,NaN,NaN,NaN,NaN,NaN,NaN,NaN,NaN,NaN,NaN,NaN,NaN,NaN,NaN,NaN,NaN,NaN,NaN,-0.202350304153816,-0.151991439722008,-0.0596557085418244,-0.0103906504608734,-0.0106546408872099,0.000919071182496845,0.00154358651663433,0.00149947545932771,0.00141572412022118,0.00137541086668812,0.00140033842090877,0.00134129114258682,0.00065926834873952,4.58547230596477e-05,-0.000294674628255359,-0.000516564474070231,-0.000148214932332746,0.000414578053632736,0.000530919684774311,0.000203284815957272,0.000330626326147702,0.000490531464418488,0.000830206006817394,0.00143837040190428,0.00182777979958043,0.00189408051413321,NaN,0.00103571470273536,0.00117463780068085,0.00145577229076756,0.00176382560407665,0.00148256557608483,0.000451338877972912,-6.75284781771949e-05,-6.61483843838725e-05,-0.000168148442283195,NaN,NaN,NaN,NaN,NaN,NaN,NaN,NaN,-0.227860271952947,-0.226376901188872,-0.225521473762035,-0.225001604917724,NaN,NaN,NaN,NaN,NaN,NaN,NaN,NaN,NaN,NaN,NaN,NaN,NaN,NaN,NaN,NaN,NaN,NaN,NaN,NaN,NaN,NaN,NaN,NaN,NaN,NaN,NaN,NaN,NaN,NaN,NaN,NaN,NaN,NaN
NaN,NaN,NaN,NaN,NaN,NaN,NaN,NaN,NaN,NaN,NaN,NaN,NaN,NaN,NaN,NaN,NaN,NaN,NaN,NaN,NaN,NaN,NaN,NaN,NaN,NaN,NaN,NaN,NaN,NaN,NaN,NaN,NaN,NaN,NaN,NaN,NaN,NaN,NaN,NaN,NaN,NaN,NaN,NaN,NaN,NaN,NaN,NaN,NaN,NaN,NaN,NaN,NaN,NaN,NaN,NaN,NaN,NaN,NaN,NaN,NaN,NaN,NaN,NaN,NaN,NaN,NaN,NaN,NaN,NaN,NaN,NaN,NaN,NaN,NaN,NaN,NaN,NaN,NaN,NaN,NaN,NaN,NaN,NaN,NaN,NaN,NaN,NaN,NaN,NaN,NaN,NaN,NaN,NaN,NaN,NaN,NaN,NaN,NaN,NaN,NaN,NaN,NaN,NaN,NaN,NaN,NaN,NaN,NaN,NaN,NaN,NaN,NaN,NaN,NaN,NaN,NaN,NaN,NaN,NaN,NaN,NaN,NaN,NaN,NaN,NaN,NaN,NaN,NaN,NaN,NaN,NaN,NaN,NaN,NaN,NaN,NaN,NaN,NaN,NaN,NaN,NaN,NaN,NaN,NaN,NaN,NaN,NaN,NaN,NaN,NaN,NaN,NaN,NaN,NaN,NaN,NaN,NaN,NaN,-0.225127231503157,-0.226174251872695,-0.223617839801962,-0.211160613104595,-0.17366554123576,-0.15165027218161,-0.152180927989919,-0.0663319830358353,-0.00213164983422858,0.00145852487745918,0.00148745336102902,0.00137581629653984,0.0012602004913013,0.00131624524897402,0.00152239258034872,0.00158330710904364,0.000918146388217818,0.000383478449287433,-3.66271751580598e-05,-0.000560605615612741,-0.000113914810599157,0.000448242649978096,0.000537378970934754,0.000529180540388202,0.000813513475147675,0.000819067992016599,0.00103774604832483,0.00164303455430592,0.00174148994889752,0.00155654428625087,0.000997209065442592,0.0010776224363875,0.00139195131831105,0.00161366681203582,0.00190357749454881,0.00197591762458938,0.00140133531408071,0.000792104977874949,0.000173453230314754,NaN,NaN,NaN,NaN,NaN,-0.226481336383134,-0.234337066514455,-0.234853009123845,-0.232523356602443,-0.229134122726518,-0.227188875494015,-0.226129452170085,-0.225458284694114,NaN,NaN,NaN,NaN,NaN,NaN,NaN,NaN,NaN,NaN,NaN,NaN,NaN,NaN,NaN,NaN,NaN,NaN,NaN,NaN,NaN,NaN,NaN,NaN,NaN,NaN,NaN,NaN,NaN,NaN,NaN,NaN,NaN,NaN
NaN,NaN,NaN,NaN,NaN,NaN,NaN,NaN,NaN,NaN,NaN,NaN,NaN,NaN,NaN,NaN,NaN,NaN,NaN,NaN,NaN,NaN,NaN,NaN,NaN,NaN,NaN,NaN,NaN,NaN,NaN,NaN,NaN,NaN,NaN,NaN,NaN,NaN,NaN,NaN,NaN,NaN,NaN,NaN,NaN,NaN,NaN,NaN,NaN,NaN,NaN,NaN,NaN,NaN,NaN,NaN,NaN,NaN,NaN,NaN,NaN,NaN,NaN,NaN,NaN,NaN,NaN,NaN,NaN,NaN,NaN,NaN,NaN,NaN,NaN,NaN,NaN,NaN,NaN,NaN,NaN,NaN,NaN,NaN,NaN,NaN,NaN,NaN,NaN,NaN,NaN,NaN,NaN,NaN,NaN,NaN,NaN,NaN,NaN,NaN,NaN,NaN,NaN,NaN,NaN,NaN,NaN,NaN,NaN,NaN,NaN,NaN,NaN,NaN,NaN,NaN,NaN,NaN,NaN,NaN,NaN,NaN,NaN,NaN,NaN,NaN,NaN,NaN,NaN,NaN,NaN,NaN,NaN,NaN,NaN,NaN,NaN,NaN,NaN,NaN,NaN,NaN,NaN,NaN,NaN,NaN,NaN,NaN,NaN,NaN,NaN,NaN,NaN,NaN,NaN,NaN,NaN,NaN,NaN,-0.224929164346507,-0.22618629351459,-0.22440293442403,NaN,NaN,NaN,-0.110929190299629,-0.110883639986961,-0.0193801155917219,0.00122741870989266,0.0014871071945894,0.00131558620669643,0.0010226594032195,0.00133517415883621,0.00226295104896013,0.00238865678570916,0.00162048932737931,0.00140778964463162,0.0013636533376048,0.00113172815587433,0.00106689108219369,0.00103092639200325,0.000905767875671023,0.00038373486250276,0.000782677493058126,0.000790731040194956,0.00113232307828903,0.00134436185224163,0.00131129173443515,0.00122056441990905,0.00130551052821098,0.0015460694542077,0.00177361769401654,0.00194908037318128,0.0020329629442618,0.00206493457303879,0.00185190879785641,0.00151601312679544,0.00107799010077659,0.000898368436529508,NaN,NaN,NaN,-0.13375838154293,-0.200192259886386,-0.227199217700061,NaN,NaN,NaN,NaN,NaN,NaN,NaN,NaN,NaN,NaN,NaN,NaN,NaN,NaN,NaN,NaN,NaN,NaN,NaN,NaN,NaN,NaN,NaN,NaN,NaN,NaN,NaN,NaN,NaN,NaN,NaN,NaN,NaN,NaN,NaN,NaN,NaN,NaN,NaN,NaN
NaN,NaN,NaN,NaN,NaN,NaN,NaN,NaN,NaN,NaN,NaN,NaN,NaN,NaN,NaN,NaN,NaN,NaN,NaN,NaN,NaN,NaN,NaN,NaN,NaN,NaN,NaN,NaN,NaN,NaN,NaN,NaN,NaN,NaN,NaN,NaN,NaN,NaN,NaN,NaN,NaN,NaN,NaN,NaN,NaN,NaN,NaN,NaN,NaN,NaN,NaN,NaN,NaN,NaN,NaN,NaN,NaN,NaN,NaN,NaN,NaN,NaN,NaN,NaN,NaN,NaN,NaN,NaN,NaN,NaN,NaN,NaN,NaN,NaN,NaN,NaN,NaN,NaN,NaN,NaN,NaN,NaN,NaN,NaN,NaN,NaN,NaN,NaN,NaN,NaN,NaN,NaN,NaN,NaN,NaN,NaN,NaN,NaN,NaN,NaN,NaN,NaN,NaN,NaN,NaN,NaN,NaN,NaN,NaN,NaN,NaN,NaN,NaN,NaN,NaN,NaN,NaN,NaN,NaN,NaN,NaN,NaN,NaN,NaN,NaN,NaN,NaN,NaN,NaN,NaN,NaN,NaN,NaN,NaN,NaN,NaN,NaN,NaN,NaN,NaN,NaN,NaN,NaN,NaN,NaN,NaN,NaN,NaN,NaN,NaN,NaN,NaN,NaN,NaN,NaN,NaN,NaN,NaN,NaN,NaN,-0.224352999676242,-0.213778027143552,-0.181601246717944,-0.110632243346623,-0.110847768270814,-0.110672989296927,-0.11072139126844,NaN,NaN,0.00120254574265736,0.00141699754569999,NaN,NaN,0.00429515777622405,0.00403146026542666,0.00330769362111142,0.00319580946846426,0.00299493366480509,0.0023537069574029,0.00150605485144033,0.00133154238175249,0.00141046112996166,NaN,NaN,NaN,NaN,0.000966169359213644,0.00112589653435674,0.00141851373705669,0.00172116356964021,0.00187896725215357,0.00182105045952523,0.00202323189855898,0.00218539034616685,0.0023555438788783,0.00226270316451358,0.001716358292428,0.00137244927014693,0.000990315286867279,3.33645067396778e-05,NaN,NaN,-0.0355032454627483,-0.133798117796833,NaN,NaN,NaN,NaN,NaN,NaN,NaN,NaN,NaN,NaN,NaN,NaN,NaN,NaN,NaN,NaN,NaN,NaN,NaN,NaN,NaN,NaN,NaN,NaN,NaN,NaN,NaN,NaN,NaN,NaN,NaN,NaN,NaN,NaN,NaN,NaN,NaN,NaN,NaN,NaN,NaN
NaN,NaN,NaN,NaN,NaN,NaN,NaN,NaN,NaN,NaN,NaN,NaN,NaN,NaN,NaN,NaN,NaN,NaN,NaN,NaN,NaN,NaN,NaN,NaN,NaN,NaN,NaN,NaN,NaN,NaN,NaN,NaN,NaN,NaN,NaN,NaN,NaN,NaN,NaN,NaN,NaN,NaN,NaN,NaN,NaN,NaN,NaN,NaN,NaN,NaN,NaN,NaN,NaN,NaN,NaN,NaN,NaN,NaN,NaN,NaN,NaN,NaN,NaN,NaN,NaN,NaN,NaN,NaN,NaN,NaN,NaN,NaN,NaN,NaN,NaN,NaN,NaN,NaN,NaN,NaN,NaN,NaN,NaN,NaN,NaN,NaN,NaN,NaN,NaN,NaN,NaN,NaN,NaN,NaN,NaN,NaN,NaN,NaN,NaN,NaN,NaN,NaN,NaN,NaN,NaN,NaN,NaN,NaN,NaN,NaN,NaN,NaN,NaN,NaN,NaN,NaN,NaN,NaN,NaN,NaN,NaN,NaN,NaN,NaN,NaN,NaN,NaN,NaN,NaN,NaN,NaN,NaN,NaN,NaN,NaN,NaN,NaN,NaN,NaN,NaN,NaN,NaN,NaN,NaN,NaN,NaN,NaN,NaN,NaN,NaN,NaN,NaN,NaN,NaN,NaN,NaN,NaN,NaN,-0.226150787926521,-0.224358773145684,-0.213786995655925,-0.181629713546395,-0.110607690128319,-0.110525286132661,-0.110538780380995,-0.110807665511877,NaN,NaN,NaN,0.00239624507644195,0.00397553836738,0.00406830122121826,NaN,0.00502734996732327,0.00526948629268076,0.00465588056129917,0.00391995849823512,0.00302655186270163,0.00192250732527524,0.000942994519089635,0.00124141325754958,NaN,NaN,NaN,NaN,NaN,NaN,0.00155178015726448,0.00164800544721082,0.00170154223301208,0.00165108786406544,NaN,NaN,0.00237421610856112,0.0024913055003305,0.00253935561034677,0.00168034716633696,0.00114572434089843,0.000774449510115472,-0.000370096195317471,-0.00220060179429617,0.000111303098050905,-0.00129550630430512,-0.0632586501759567,NaN,NaN,NaN,NaN,NaN,NaN,NaN,NaN,NaN,NaN,NaN,NaN,NaN,NaN,NaN,NaN,NaN,NaN,NaN,NaN,NaN,NaN,NaN,NaN,NaN,NaN,NaN,NaN,NaN,NaN,NaN,NaN,NaN,NaN,NaN,NaN,NaN,NaN,NaN,NaN,NaN
NaN,NaN,NaN,NaN,NaN,NaN,NaN,NaN,NaN,NaN,NaN,NaN,NaN,NaN,NaN,NaN,NaN,NaN,NaN,NaN,NaN,NaN,NaN,NaN,NaN,NaN,NaN,NaN,NaN,NaN,NaN,NaN,NaN,NaN,NaN,NaN,NaN,NaN,NaN,NaN,NaN,NaN,NaN,NaN,NaN,NaN,NaN,NaN,NaN,NaN,NaN,NaN,NaN,NaN,NaN,NaN,NaN,NaN,NaN,NaN,NaN,NaN,NaN,NaN,NaN,NaN,NaN,NaN,NaN,NaN,NaN,NaN,NaN,NaN,NaN,NaN,NaN,NaN,NaN,NaN,NaN,NaN,NaN,NaN,NaN,NaN,NaN,NaN,NaN,NaN,NaN,NaN,NaN,NaN,NaN,NaN,NaN,NaN,NaN,NaN,NaN,NaN,NaN,NaN,NaN,NaN,NaN,NaN,NaN,NaN,NaN,NaN,NaN,NaN,NaN,NaN,NaN,NaN,NaN,NaN,NaN,NaN,NaN,NaN,NaN,NaN,NaN,NaN,NaN,NaN,NaN,NaN,NaN,NaN,NaN,NaN,NaN,NaN,NaN,NaN,NaN,NaN,NaN,NaN,NaN,NaN,NaN,NaN,NaN,NaN,NaN,NaN,NaN,NaN,NaN,NaN,NaN,NaN,-0.225840145245016,-0.220078427961375,-0.199514495645355,-0.146074012554421,-0.110516043355802,-0.110474145497613,-0.110416672571837,-0.110433065309079,NaN,NaN,NaN,0.00331732197395544,0.00443289501645097,0.00442569818968991,0.00454150457393285,0.00481978953345395,0.00519673420144132,0.00399038084198042,0.00300264033308718,0.00288734743714092,0.00257184127274859,NaN,NaN,NaN,NaN,NaN,NaN,NaN,NaN,NaN,NaN,NaN,NaN,NaN,NaN,0.00222607252741254,0.00230626154699609,NaN,0.00132738838005271,0.000831192684197946,4.8903356410547e-05,-0.00224970510364191,-0.00412980286801978,-0.000588098838267548,0.00124438375202453,NaN,NaN,NaN,NaN,NaN,NaN,NaN,NaN,NaN,NaN,NaN,NaN,NaN,NaN,NaN,NaN,NaN,NaN,NaN,NaN,NaN,NaN,NaN,NaN,NaN,NaN,NaN,NaN,NaN,NaN,NaN,NaN,NaN,NaN,NaN,NaN,NaN,NaN,NaN,NaN,NaN,NaN
NaN,NaN,NaN,NaN,NaN,NaN,NaN,NaN,NaN,NaN,NaN,NaN,NaN,NaN,NaN,NaN,NaN,NaN,NaN,NaN,NaN,NaN,NaN,NaN,NaN,NaN,NaN,NaN,NaN,NaN,NaN,NaN,NaN,NaN,NaN,NaN,NaN,NaN,NaN,NaN,NaN,NaN,NaN,NaN,NaN,NaN,NaN,NaN,NaN,NaN,NaN,NaN,NaN,NaN,NaN,NaN,NaN,NaN,NaN,NaN,NaN,NaN,NaN,NaN,NaN,NaN,NaN,NaN,NaN,NaN,NaN,NaN,NaN,NaN,NaN,NaN,NaN,NaN,NaN,NaN,NaN,NaN,NaN,NaN,NaN,NaN,NaN,NaN,NaN,NaN,NaN,NaN,NaN,NaN,NaN,NaN,NaN,NaN,NaN,NaN,NaN,NaN,NaN,NaN,NaN,NaN,NaN,NaN,NaN,NaN,NaN,NaN,NaN,NaN,NaN,NaN,NaN,NaN,NaN,NaN,NaN,NaN,NaN,NaN,NaN,NaN,NaN,NaN,NaN,NaN,NaN,NaN,NaN,NaN,NaN,NaN,NaN,NaN,NaN,NaN,NaN,NaN,NaN,NaN,NaN,NaN,NaN,NaN,NaN,NaN,NaN,NaN,NaN,NaN,NaN,NaN,NaN,NaN,NaN,NaN,NaN,NaN,-0.145969634119399,-0.126588418873772,-0.110412500794354,-0.110478872223215,NaN,NaN,NaN,0.00423823884406023,0.00458674220706857,0.00454024106199281,0.0043730474412178,NaN,NaN,0.00261052056076072,0.00272803652540184,0.00348768720598543,0.00342285966579645,NaN,NaN,NaN,NaN,NaN,NaN,NaN,NaN,NaN,NaN,NaN,NaN,NaN,0.00233225594774523,0.00244474242600225,0.00247106515883068,NaN,NaN,NaN,NaN,-0.00589375640549617,-0.00477116407854601,-0.00125746431148333,-0.000686928975324165,NaN,NaN,NaN,NaN,NaN,NaN,NaN,NaN,NaN,NaN,NaN,NaN,NaN,NaN,NaN,NaN,NaN,NaN,NaN,NaN,NaN,NaN,NaN,NaN,NaN,NaN,NaN,NaN,NaN,NaN,NaN,NaN,NaN,NaN,NaN,NaN,NaN,NaN,NaN,NaN,NaN,NaN
NaN,NaN,NaN,NaN,NaN,NaN,NaN,NaN,NaN,NaN,NaN,NaN,NaN,NaN,NaN,NaN,NaN,NaN,NaN,NaN,NaN,NaN,NaN,NaN,NaN,NaN,NaN,NaN,NaN,NaN,NaN,NaN,NaN,NaN,NaN,NaN,NaN,NaN,NaN,NaN,NaN,NaN,NaN,NaN,NaN,NaN,NaN,NaN,NaN,NaN,NaN,NaN,NaN,NaN,NaN,NaN,NaN,NaN,NaN,NaN,NaN,NaN,NaN,NaN,NaN,NaN,NaN,NaN,NaN,NaN,NaN,NaN,NaN,NaN,NaN,NaN,NaN,NaN,NaN,NaN,NaN,NaN,NaN,NaN,NaN,NaN,NaN,NaN,NaN,NaN,NaN,NaN,NaN,NaN,NaN,NaN,NaN,NaN,NaN,NaN,NaN,NaN,NaN,NaN,NaN,NaN,NaN,NaN,NaN,NaN,NaN,NaN,NaN,NaN,NaN,NaN,NaN,NaN,NaN,NaN,NaN,NaN,NaN,NaN,NaN,NaN,NaN,NaN,NaN,NaN,NaN,NaN,NaN,NaN,NaN,NaN,NaN,NaN,NaN,NaN,NaN,NaN,NaN,NaN,NaN,NaN,NaN,NaN,NaN,NaN,NaN,NaN,NaN,NaN,NaN,NaN,NaN,NaN,NaN,NaN,NaN,NaN,NaN,NaN,NaN,NaN,NaN,-0.0995361232210989,-0.0110571299569032,0.000785208758184261,0.00483486259840026,0.00412809027892978,NaN,NaN,NaN,0.00344032610073273,0.00349967534125484,0.00414803681785681,0.00405082577644061,NaN,NaN,NaN,NaN,NaN,NaN,NaN,NaN,NaN,NaN,NaN,NaN,0.002385583183788,0.00242851271612825,0.00258217401873315,0.00270644668619226,0.00277696892578403,NaN,NaN,NaN,NaN,-0.00433218471957624,-0.00275512240717701,-0.00407436444201983,NaN,NaN,NaN,NaN,NaN,NaN,NaN,NaN,NaN,NaN,NaN,NaN,NaN,NaN,NaN,NaN,NaN,NaN,NaN,NaN,NaN,NaN,NaN,NaN,NaN,NaN,NaN,NaN,NaN,NaN,NaN,NaN,NaN,NaN,NaN,NaN,NaN,NaN,NaN,NaN,NaN,NaN
NaN,NaN,NaN,NaN,NaN,NaN,NaN,NaN,NaN,NaN,NaN,NaN,NaN,NaN,NaN,NaN,NaN,NaN,NaN,NaN,NaN,NaN,NaN,NaN,NaN,NaN,NaN,NaN,NaN,NaN,NaN,NaN,NaN,NaN,NaN,NaN,NaN,NaN,NaN,NaN,NaN,NaN,NaN,NaN,NaN,NaN,NaN,NaN,NaN,NaN,NaN,NaN,NaN,NaN,NaN,NaN,NaN,NaN,NaN,NaN,NaN,NaN,NaN,NaN,NaN,NaN,NaN,NaN,NaN,NaN,NaN,NaN,NaN,NaN,NaN,NaN,NaN,NaN,NaN,NaN,NaN,NaN,NaN,NaN,NaN,NaN,NaN,NaN,NaN,NaN,NaN,NaN,NaN,NaN,NaN,NaN,NaN,NaN,NaN,NaN,NaN,NaN,NaN,NaN,NaN,NaN,NaN,NaN,NaN,NaN,NaN,NaN,NaN,NaN,NaN,NaN,NaN,NaN,NaN,NaN,NaN,NaN,NaN,NaN,NaN,NaN,NaN,NaN,NaN,NaN,NaN,NaN,NaN,NaN,NaN,NaN,NaN,NaN,NaN,NaN,NaN,NaN,NaN,NaN,NaN,NaN,NaN,NaN,NaN,NaN,NaN,NaN,NaN,NaN,NaN,NaN,NaN,NaN,NaN,NaN,NaN,NaN,NaN,NaN,NaN,NaN,NaN,-0.0124540821137929,-0.00751434230465287,-0.00398735278641665,0.00167070991469962,-0.00149822677354409,-0.0768661006304077,NaN,NaN,0.0043000502293056,0.00422051660490518,0.00461482565376008,0.00462680450244553,NaN,NaN,NaN,NaN,NaN,NaN,NaN,NaN,NaN,NaN,NaN,NaN,0.00240367046056428,0.00249485460859462,0.00266068337677042,0.00285601330644333,0.00287977398028406,NaN,NaN,NaN,NaN,-0.00276453287776142,-0.00288073382478788,-0.00373145619120286,-0.00449773627470787,-0.0039037820487049,-0.0395735324340247,NaN,NaN,NaN,NaN,NaN,NaN,NaN,NaN,NaN,NaN,NaN,NaN,NaN,NaN,NaN,NaN,NaN,NaN,NaN,NaN,NaN,NaN,NaN,NaN,NaN,NaN,NaN,NaN,NaN,NaN,NaN,NaN,NaN,NaN,NaN,NaN,NaN,NaN,NaN
NaN,NaN,NaN,NaN,NaN,NaN,NaN,NaN,NaN,NaN,NaN,NaN,NaN,NaN,NaN,NaN,NaN,NaN,NaN,NaN,NaN,NaN,NaN,NaN,NaN,NaN,NaN,NaN,NaN,NaN,NaN,NaN,NaN,NaN,NaN,NaN,NaN,NaN,NaN,NaN,NaN,NaN,NaN,NaN,NaN,NaN,NaN,NaN,NaN,NaN,NaN,NaN,NaN,NaN,NaN,NaN,NaN,NaN,NaN,NaN,NaN,NaN,NaN,NaN,NaN,NaN,NaN,NaN,NaN,NaN,NaN,NaN,NaN,NaN,NaN,NaN,NaN,NaN,NaN,NaN,NaN,NaN,NaN,NaN,NaN,NaN,NaN,NaN,NaN,NaN,NaN,NaN,NaN,NaN,NaN,NaN,NaN,NaN,NaN,NaN,NaN,NaN,NaN,NaN,NaN,NaN,NaN,NaN,NaN,NaN,NaN,NaN,NaN,NaN,NaN,NaN,NaN,NaN,NaN,NaN,NaN,NaN,NaN,NaN,NaN,NaN,NaN,NaN,NaN,NaN,NaN,NaN,NaN,NaN,NaN,NaN,NaN,NaN,NaN,NaN,NaN,NaN,NaN,NaN,NaN,NaN,NaN,NaN,NaN,NaN,NaN,NaN,NaN,NaN,NaN,NaN,NaN,NaN,NaN,NaN,NaN,NaN,NaN,NaN,NaN,NaN,NaN,-0.0109245629542095,-9.16759398019364e-07,-9.96508715105744e-05,-0.000464252210195193,-0.0726132655149548,-0.160915974097057,NaN,0.006989569052759,0.00566133330926861,0.00478332051776253,0.00469385990796495,0.00456833472162606,0.00400428514710537,NaN,NaN,NaN,NaN,NaN,NaN,NaN,NaN,NaN,NaN,0.00245342151043316,0.00256748068985434,0.00269293283853432,0.0028375262807962,0.00305784050454968,NaN,NaN,NaN,NaN,NaN,-0.00255124435357457,-0.00232117752020854,-0.00254563862853967,-0.00325177207264536,-0.00323597783002754,-0.00518142433607393,-0.0319640959132239,-0.0428745569642117,-0.0244760027008487,-0.0286171820189255,NaN,NaN,NaN,NaN,NaN,NaN,NaN,NaN,NaN,NaN,NaN,NaN,NaN,NaN,NaN,NaN,NaN,NaN,NaN,NaN,NaN,NaN,NaN,NaN,NaN,NaN,NaN,NaN,NaN,NaN,NaN,NaN,NaN,NaN,NaN
NaN,NaN,NaN,NaN,NaN,NaN,NaN,NaN,NaN,NaN,NaN,NaN,NaN,NaN,NaN,NaN,NaN,NaN,NaN,NaN,NaN,NaN,NaN,NaN,NaN,NaN,NaN,NaN,NaN,NaN,NaN,NaN,NaN,NaN,NaN,NaN,NaN,NaN,NaN,NaN,NaN,NaN,NaN,NaN,NaN,NaN,NaN,NaN,NaN,NaN,NaN,NaN,NaN,NaN,NaN,NaN,NaN,NaN,NaN,NaN,NaN,NaN,NaN,NaN,NaN,NaN,NaN,NaN,NaN,NaN,NaN,NaN,NaN,NaN,NaN,NaN,NaN,NaN,NaN,NaN,NaN,NaN,NaN,NaN,NaN,NaN,NaN,NaN,NaN,NaN,NaN,NaN,NaN,NaN,NaN,NaN,NaN,NaN,NaN,NaN,NaN,NaN,NaN,NaN,NaN,NaN,NaN,NaN,NaN,NaN,NaN,NaN,NaN,NaN,NaN,NaN,NaN,NaN,NaN,NaN,NaN,NaN,NaN,NaN,NaN,NaN,NaN,NaN,NaN,NaN,NaN,NaN,NaN,NaN,NaN,NaN,NaN,NaN,NaN,NaN,NaN,NaN,NaN,NaN,NaN,NaN,NaN,NaN,NaN,NaN,NaN,NaN,NaN,NaN,NaN,NaN,NaN,NaN,NaN,NaN,NaN,NaN,NaN,NaN,NaN,NaN,NaN,-0.0477880761231907,0.000284166883123429,0.000361401989911477,-0.00347061953531487,NaN,NaN,0.00655395803862881,0.00662143192277531,0.00576620720926008,0.005102528706019,0.00482812368139139,0.00478170495541169,0.00452098183868488,NaN,NaN,NaN,NaN,NaN,NaN,NaN,NaN,0.00295510864810089,0.00282917083402106,0.00267763342003541,0.00274059350738207,0.0028074598809539,0.00280732927279485,NaN,NaN,NaN,NaN,NaN,NaN,-0.0131116157952769,-0.00214068032604206,-0.00242290842075215,-0.00283260196131544,-0.00301543814454494,-0.00299328188939176,-0.00292077623177399,-0.00739984763333993,-0.0210203835095805,-0.0285450774630008,-0.123850951843386,NaN,NaN,NaN,NaN,NaN,NaN,NaN,NaN,NaN,NaN,NaN,NaN,NaN,NaN,NaN,NaN,NaN,NaN,NaN,NaN,NaN,NaN,NaN,NaN,NaN,NaN,NaN,NaN,NaN,NaN,NaN,NaN,NaN,NaN
NaN,NaN,NaN,NaN,NaN,NaN,NaN,NaN,NaN,NaN,NaN,NaN,NaN,NaN,NaN,NaN,NaN,NaN,NaN,NaN,NaN,NaN,NaN,NaN,NaN,NaN,NaN,NaN,NaN,NaN,NaN,NaN,NaN,NaN,NaN,NaN,NaN,NaN,NaN,NaN,NaN,NaN,NaN,NaN,NaN,NaN,NaN,NaN,NaN,NaN,NaN,NaN,NaN,NaN,NaN,NaN,NaN,NaN,NaN,NaN,NaN,NaN,NaN,NaN,NaN,NaN,NaN,NaN,NaN,NaN,NaN,NaN,NaN,NaN,NaN,NaN,NaN,NaN,NaN,NaN,NaN,NaN,NaN,NaN,NaN,NaN,NaN,NaN,NaN,NaN,NaN,NaN,NaN,NaN,NaN,NaN,NaN,NaN,NaN,NaN,NaN,NaN,NaN,NaN,NaN,NaN,NaN,NaN,NaN,NaN,NaN,NaN,NaN,NaN,NaN,NaN,NaN,NaN,NaN,NaN,NaN,NaN,NaN,NaN,NaN,NaN,NaN,NaN,NaN,NaN,NaN,NaN,NaN,NaN,NaN,NaN,NaN,NaN,NaN,NaN,NaN,NaN,NaN,NaN,NaN,NaN,NaN,NaN,NaN,NaN,NaN,NaN,NaN,NaN,NaN,NaN,NaN,NaN,NaN,NaN,NaN,NaN,NaN,NaN,NaN,NaN,NaN,-0.108312926547675,-0.0153569829676575,-0.00153375169235388,NaN,NaN,0.00614645883107772,0.0062849873722327,0.00600227441247865,0.00533971852706482,0.00519008923891602,0.00478713513723208,0.00473745399326627,0.00496031374998268,NaN,NaN,NaN,NaN,NaN,NaN,NaN,0.0033658836000322,0.0030460544067655,0.00284172386829633,0.00282070454719062,0.00285822012224464,0.00290220060143958,0.00297648448483457,NaN,NaN,NaN,NaN,NaN,-0.142541187884968,-0.0441004558007006,-0.00886835258756058,-0.00253750321981772,-0.00278210614659334,-0.00308628974656119,-0.00297314586175235,-0.00271348706695622,-0.00284816341776132,-0.0193238358244191,-0.0282632446662311,-0.0295547380878249,NaN,NaN,NaN,NaN,NaN,NaN,NaN,NaN,NaN,NaN,NaN,NaN,NaN,NaN,NaN,NaN,NaN,NaN,NaN,NaN,NaN,NaN,NaN,NaN,NaN,NaN,NaN,NaN,NaN,NaN,NaN,NaN,NaN,NaN
NaN,NaN,NaN,NaN,NaN,NaN,NaN,NaN,NaN,NaN,NaN,NaN,NaN,NaN,NaN,NaN,NaN,NaN,NaN,NaN,NaN,NaN,NaN,NaN,NaN,NaN,NaN,NaN,NaN,NaN,NaN,NaN,NaN,NaN,NaN,NaN,NaN,NaN,NaN,NaN,NaN,NaN,NaN,NaN,NaN,NaN,NaN,NaN,NaN,NaN,NaN,NaN,NaN,NaN,NaN,NaN,NaN,NaN,NaN,NaN,NaN,NaN,NaN,NaN,NaN,NaN,NaN,NaN,NaN,NaN,NaN,NaN,NaN,NaN,NaN,NaN,NaN,NaN,NaN,NaN,NaN,NaN,NaN,NaN,NaN,NaN,NaN,NaN,NaN,NaN,NaN,NaN,NaN,NaN,NaN,NaN,NaN,NaN,NaN,NaN,NaN,NaN,NaN,NaN,NaN,NaN,NaN,NaN,NaN,NaN,NaN,NaN,NaN,NaN,NaN,NaN,NaN,NaN,NaN,NaN,NaN,NaN,NaN,NaN,NaN,NaN,NaN,NaN,NaN,NaN,NaN,NaN,NaN,NaN,NaN,NaN,NaN,NaN,NaN,NaN,NaN,NaN,NaN,NaN,NaN,NaN,NaN,NaN,NaN,NaN,NaN,NaN,NaN,NaN,NaN,NaN,NaN,NaN,NaN,NaN,NaN,NaN,NaN,NaN,NaN,NaN,NaN,NaN,-0.0126181348178486,-0.0497875294903888,0.00457956071971406,0.00568917485442434,0.0060691355949923,0.00607989925155331,0.00594993356632567,0.00562296406306925,0.00508944935814593,0.0044992475749569,0.00447044014773049,0.00514741988297074,NaN,NaN,NaN,NaN,NaN,NaN,NaN,0.00321712188438655,0.00291788869651383,0.00280732759216768,0.00287016329367777,0.00292539551721078,0.00294576147343739,NaN,NaN,NaN,NaN,NaN,NaN,-0.205316666801898,-0.142509345370066,-0.0853650907035508,-0.00942880281194308,-0.00304902991640549,-0.00333711899730904,-0.00316475632991175,-0.00289970769342088,-0.00272354266840795,-0.00536041298950252,-0.0284665927905145,-0.123835397430546,NaN,NaN,NaN,NaN,NaN,NaN,NaN,NaN,NaN,NaN,NaN,NaN,NaN,NaN,NaN,NaN,NaN,NaN,NaN,NaN,NaN,NaN,NaN,NaN,NaN,NaN,NaN,NaN,NaN,NaN,NaN,NaN,NaN,NaN
NaN,NaN,NaN,NaN,NaN,NaN,NaN,NaN,NaN,NaN,NaN,NaN,NaN,NaN,NaN,NaN,NaN,NaN,NaN,NaN,NaN,NaN,NaN,NaN,NaN,NaN,NaN,NaN,NaN,NaN,NaN,NaN,NaN,NaN,NaN,NaN,NaN,NaN,NaN,NaN,NaN,NaN,NaN,NaN,NaN,NaN,NaN,NaN,NaN,NaN,NaN,NaN,NaN,NaN,NaN,NaN,NaN,NaN,NaN,NaN,NaN,NaN,NaN,NaN,NaN,NaN,NaN,NaN,NaN,NaN,NaN,NaN,NaN,NaN,NaN,NaN,NaN,NaN,NaN,NaN,NaN,NaN,NaN,NaN,NaN,NaN,NaN,NaN,NaN,NaN,NaN,NaN,NaN,NaN,NaN,NaN,NaN,NaN,NaN,NaN,NaN,NaN,NaN,NaN,NaN,NaN,NaN,NaN,NaN,NaN,NaN,NaN,NaN,NaN,NaN,NaN,NaN,NaN,NaN,NaN,NaN,NaN,NaN,NaN,NaN,NaN,NaN,NaN,NaN,NaN,NaN,NaN,NaN,NaN,NaN,NaN,NaN,NaN,NaN,NaN,NaN,NaN,NaN,NaN,NaN,NaN,NaN,NaN,NaN,NaN,NaN,NaN,NaN,NaN,NaN,NaN,NaN,NaN,NaN,NaN,NaN,NaN,NaN,NaN,NaN,NaN,NaN,NaN,-0.09021315951076,-0.0291175957553756,0.00452989445720976,0.00544670604320853,0.00517846812957961,0.00570293649454471,0.00609500674372148,0.00573705085645931,0.00475489870500843,0.0043661174401497,0.00426169171971195,NaN,NaN,NaN,NaN,NaN,NaN,NaN,NaN,0.00277123196963952,0.00264986702998715,0.00267215923833167,0.00274141432892459,NaN,NaN,NaN,NaN,NaN,NaN,-0.236730932926206,-0.236846711738292,-0.229925372960021,NaN,-0.121707952179876,-0.026818093348818,-0.0100035933785263,-0.00363327891548082,-0.003462715867979,-0.0031317187903788,-0.00292992539934768,-0.00289887502283162,-0.0223032123522163,-0.114710755340258,NaN,NaN,NaN,NaN,NaN,NaN,NaN,NaN,NaN,NaN,NaN,NaN,NaN,NaN,NaN,NaN,NaN,NaN,NaN,NaN,NaN,NaN,NaN,NaN,NaN,NaN,NaN,NaN,NaN,NaN,NaN,NaN,NaN,NaN
NaN,NaN,NaN,NaN,NaN,NaN,NaN,NaN,NaN,NaN,NaN,NaN,NaN,NaN,NaN,NaN,NaN,NaN,NaN,NaN,NaN,NaN,NaN,NaN,NaN,NaN,NaN,NaN,NaN,NaN,NaN,NaN,NaN,NaN,NaN,NaN,NaN,NaN,NaN,NaN,NaN,NaN,NaN,NaN,NaN,NaN,NaN,NaN,NaN,NaN,NaN,NaN,NaN,NaN,NaN,NaN,NaN,NaN,NaN,NaN,NaN,NaN,NaN,NaN,NaN,NaN,NaN,NaN,NaN,NaN,NaN,NaN,NaN,NaN,NaN,NaN,NaN,NaN,NaN,NaN,NaN,NaN,NaN,NaN,NaN,NaN,NaN,NaN,NaN,NaN,NaN,NaN,NaN,NaN,NaN,NaN,NaN,NaN,NaN,NaN,NaN,NaN,NaN,NaN,NaN,NaN,NaN,NaN,NaN,NaN,NaN,NaN,NaN,NaN,NaN,NaN,NaN,NaN,NaN,NaN,NaN,NaN,NaN,NaN,NaN,NaN,NaN,NaN,NaN,NaN,NaN,NaN,NaN,NaN,NaN,NaN,NaN,NaN,NaN,NaN,NaN,NaN,NaN,NaN,NaN,NaN,NaN,NaN,NaN,NaN,NaN,NaN,NaN,NaN,NaN,NaN,NaN,NaN,NaN,NaN,NaN,NaN,NaN,NaN,NaN,NaN,NaN,NaN,-0.0293927494403967,0.00375653161591165,0.00414757566008905,NaN,0.00456409607591702,0.0051510735985034,0.00540510162262766,0.00503003467880686,0.00446356479516955,0.00453156538117629,0.00448443227725517,NaN,NaN,NaN,NaN,NaN,NaN,NaN,NaN,0.00233674568018894,0.00231928859231223,0.00252590631884472,NaN,NaN,NaN,NaN,NaN,NaN,NaN,-0.236997410531379,-0.236146002015603,-0.226820404161127,-0.196521574667974,-0.123386367442494,-0.0281760911766184,-0.028259271829427,-0.00566839888322771,-0.00379783304030135,-0.0034496246037987,-0.00317280500776192,-0.00303033709633715,-0.00453313374074879,NaN,NaN,NaN,NaN,NaN,NaN,NaN,NaN,NaN,NaN,NaN,NaN,NaN,NaN,NaN,NaN,NaN,NaN,NaN,NaN,NaN,NaN,NaN,NaN,NaN,NaN,NaN,NaN,NaN,NaN,NaN,NaN,NaN,NaN,NaN
NaN,NaN,NaN,NaN,NaN,NaN,NaN,NaN,NaN,NaN,NaN,NaN,NaN,NaN,NaN,NaN,NaN,NaN,NaN,NaN,NaN,NaN,NaN,NaN,NaN,NaN,NaN,NaN,NaN,NaN,NaN,NaN,NaN,NaN,NaN,NaN,NaN,NaN,NaN,NaN,NaN,NaN,NaN,NaN,NaN,NaN,NaN,NaN,NaN,NaN,NaN,NaN,NaN,NaN,NaN,NaN,NaN,NaN,NaN,NaN,NaN,NaN,NaN,NaN,NaN,NaN,NaN,NaN,NaN,NaN,NaN,NaN,NaN,NaN,NaN,NaN,NaN,NaN,NaN,NaN,NaN,NaN,NaN,NaN,NaN,NaN,NaN,NaN,NaN,NaN,NaN,NaN,NaN,NaN,NaN,NaN,NaN,NaN,NaN,NaN,NaN,NaN,NaN,NaN,NaN,NaN,NaN,NaN,NaN,NaN,NaN,NaN,NaN,NaN,NaN,NaN,NaN,NaN,NaN,NaN,NaN,NaN,NaN,NaN,NaN,NaN,NaN,NaN,NaN,NaN,NaN,NaN,NaN,NaN,NaN,NaN,NaN,NaN,NaN,NaN,NaN,NaN,NaN,NaN,NaN,NaN,NaN,NaN,NaN,NaN,NaN,NaN,NaN,NaN,NaN,NaN,NaN,NaN,NaN,NaN,NaN,NaN,NaN,NaN,NaN,NaN,NaN,NaN,NaN,0.00503208096982443,0.00496152556881029,0.00538000667059874,0.00495373505029122,0.00497210715721433,0.00471291220630935,0.00435928697330524,0.00450323263198069,0.00468227398470045,0.00465036151315429,NaN,NaN,NaN,NaN,NaN,NaN,NaN,NaN,0.00187204506960255,0.00156967742608734,NaN,NaN,NaN,NaN,NaN,NaN,NaN,NaN,-0.235280557341583,-0.237045293704241,-0.236134697017042,-0.226859377277782,-0.196443839070037,NaN,-0.102069908738113,-0.0162498682865453,-0.00416697677510478,-0.0038904661941913,-0.00358049864212667,-0.00359664806518856,NaN,NaN,NaN,NaN,NaN,NaN,NaN,NaN,NaN,NaN,NaN,NaN,NaN,NaN,NaN,NaN,NaN,NaN,NaN,NaN,NaN,NaN,NaN,NaN,NaN,NaN,NaN,NaN,NaN,NaN,NaN,NaN,NaN,NaN,NaN,NaN
NaN,NaN,NaN,NaN,NaN,NaN,NaN,NaN,NaN,NaN,NaN,NaN,NaN,NaN,NaN,NaN,NaN,NaN,NaN,NaN,NaN,NaN,NaN,NaN,NaN,NaN,NaN,NaN,NaN,NaN,NaN,NaN,NaN,NaN,NaN,NaN,NaN,NaN,NaN,NaN,NaN,NaN,NaN,NaN,NaN,NaN,NaN,NaN,NaN,NaN,NaN,NaN,NaN,NaN,NaN,NaN,NaN,NaN,NaN,NaN,NaN,NaN,NaN,NaN,NaN,NaN,NaN,NaN,NaN,NaN,NaN,NaN,NaN,NaN,NaN,NaN,NaN,NaN,NaN,NaN,NaN,NaN,NaN,NaN,NaN,NaN,NaN,NaN,NaN,NaN,NaN,NaN,NaN,NaN,NaN,NaN,NaN,NaN,NaN,NaN,NaN,NaN,NaN,NaN,NaN,NaN,NaN,NaN,NaN,NaN,NaN,NaN,NaN,NaN,NaN,NaN,NaN,NaN,NaN,NaN,NaN,NaN,NaN,NaN,NaN,NaN,NaN,NaN,NaN,NaN,NaN,NaN,NaN,NaN,NaN,NaN,NaN,NaN,NaN,NaN,NaN,NaN,NaN,NaN,NaN,NaN,NaN,NaN,NaN,NaN,NaN,NaN,NaN,NaN,NaN,NaN,NaN,NaN,NaN,NaN,NaN,NaN,NaN,NaN,NaN,NaN,NaN,NaN,NaN,0.00499676178083492,0.00490519150472589,0.00498809640950892,0.00479911847155204,0.00467785574517682,0.00451464748016879,0.00426144660795101,0.00473393881329337,0.00473918175415147,0.00476565933806173,NaN,NaN,NaN,NaN,NaN,NaN,0.00548606929219884,0.00534509092219154,0.0055023239131391,NaN,NaN,NaN,NaN,NaN,NaN,NaN,NaN,NaN,NaN,NaN,NaN,NaN,NaN,NaN,-0.0438793063496047,-0.0279066691061672,-0.00472426831434488,-0.00430150518038068,-0.00400328653177534,-0.00397039519989682,-0.0147390652904481,NaN,NaN,NaN,NaN,NaN,NaN,NaN,NaN,NaN,NaN,NaN,NaN,NaN,NaN,NaN,NaN,NaN,NaN,NaN,NaN,NaN,NaN,NaN,NaN,NaN,NaN,NaN,NaN,NaN,NaN,NaN,NaN,NaN,NaN,NaN
NaN,NaN,NaN,NaN,NaN,NaN,NaN,NaN,NaN,NaN,NaN,NaN,NaN,NaN,NaN,NaN,NaN,NaN,NaN,NaN,NaN,NaN,NaN,NaN,NaN,NaN,NaN,NaN,NaN,NaN,NaN,NaN,NaN,NaN,NaN,NaN,NaN,NaN,NaN,NaN,NaN,NaN,NaN,NaN,NaN,NaN,NaN,NaN,NaN,NaN,NaN,NaN,NaN,NaN,NaN,NaN,NaN,NaN,NaN,NaN,NaN,NaN,NaN,NaN,NaN,NaN,NaN,NaN,NaN,NaN,NaN,NaN,NaN,NaN,NaN,NaN,NaN,NaN,NaN,NaN,NaN,NaN,NaN,NaN,NaN,NaN,NaN,NaN,NaN,NaN,NaN,NaN,NaN,NaN,NaN,NaN,NaN,NaN,NaN,NaN,NaN,NaN,NaN,NaN,NaN,NaN,NaN,NaN,NaN,NaN,NaN,NaN,NaN,NaN,NaN,NaN,NaN,NaN,NaN,NaN,NaN,NaN,NaN,NaN,NaN,NaN,NaN,NaN,NaN,NaN,NaN,NaN,NaN,NaN,NaN,NaN,NaN,NaN,NaN,NaN,NaN,NaN,NaN,NaN,NaN,NaN,NaN,NaN,NaN,NaN,NaN,NaN,NaN,NaN,NaN,NaN,NaN,NaN,NaN,NaN,NaN,NaN,NaN,NaN,NaN,NaN,NaN,NaN,NaN,0.00495708597681022,0.00490881378532715,0.00482270044774828,0.00465943284483605,0.00410780836651119,0.00390484305113688,0.00423605272365296,0.00490018775344271,0.00462892882489767,NaN,NaN,NaN,NaN,NaN,NaN,0.00255300534477604,0.00418048004509712,0.00439419293656803,0.00532291011473146,NaN,NaN,NaN,NaN,NaN,NaN,NaN,NaN,NaN,NaN,NaN,NaN,NaN,NaN,NaN,-0.125312033251125,-0.0303302677576756,-0.00485364003003587,-0.00447268761276698,-0.00411297457105178,-0.00399552199456281,-0.00863224577090838,-0.0778655739722909,-0.0766720124176543,-0.0766977656719035,-0.130413880374631,NaN,NaN,NaN,NaN,NaN,NaN,NaN,NaN,NaN,NaN,NaN,NaN,NaN,NaN,NaN,NaN,NaN,NaN,NaN,NaN,NaN,NaN,NaN,NaN,NaN,NaN,NaN,NaN,NaN,NaN,NaN
NaN,NaN,NaN,NaN,NaN,NaN,NaN,NaN,NaN,NaN,NaN,NaN,NaN,NaN,NaN,NaN,NaN,NaN,NaN,NaN,NaN,NaN,NaN,NaN,NaN,NaN,NaN,NaN,NaN,NaN,NaN,NaN,NaN,NaN,NaN,NaN,NaN,NaN,NaN,NaN,NaN,NaN,NaN,NaN,NaN,NaN,NaN,NaN,NaN,NaN,NaN,NaN,NaN,NaN,NaN,NaN,NaN,NaN,NaN,NaN,NaN,NaN,NaN,NaN,NaN,NaN,NaN,NaN,NaN,NaN,NaN,NaN,NaN,NaN,NaN,NaN,NaN,NaN,NaN,NaN,NaN,NaN,NaN,NaN,NaN,NaN,NaN,NaN,NaN,NaN,NaN,NaN,NaN,NaN,NaN,NaN,NaN,NaN,NaN,NaN,NaN,NaN,NaN,NaN,NaN,NaN,NaN,NaN,NaN,NaN,NaN,NaN,NaN,NaN,NaN,NaN,NaN,NaN,NaN,NaN,NaN,NaN,NaN,NaN,NaN,NaN,NaN,NaN,NaN,NaN,NaN,NaN,NaN,NaN,NaN,NaN,NaN,NaN,NaN,NaN,NaN,NaN,NaN,NaN,NaN,NaN,NaN,NaN,NaN,NaN,NaN,NaN,NaN,NaN,NaN,NaN,NaN,NaN,NaN,NaN,NaN,NaN,NaN,NaN,NaN,NaN,NaN,NaN,NaN,0.00452441604655579,0.00474186362490307,0.00466780083339842,0.00435897124706748,0.00363006936816235,0.00335581653355585,0.004071182221262,0.00481415613822014,0.00453112400892169,0.00406043398906619,0.0038984095057555,0.00373003947228353,0.00355230381148372,0.00348101678680488,0.00319412889914724,0.00286659818356119,0.00428310006253001,NaN,NaN,NaN,NaN,NaN,NaN,NaN,NaN,NaN,NaN,NaN,NaN,NaN,NaN,NaN,NaN,NaN,NaN,-0.0119102570752981,-0.00501933880151501,-0.00455408698982003,-0.00416642630977907,-0.00403876256912743,-0.00998828080979829,-0.0307205776853786,-0.0848242129665006,-0.0766551098270137,-0.130221888394541,NaN,NaN,NaN,NaN,NaN,NaN,NaN,NaN,NaN,NaN,NaN,NaN,NaN,NaN,NaN,NaN,NaN,NaN,NaN,NaN,NaN,NaN,NaN,NaN,NaN,NaN,NaN,NaN,NaN,NaN,NaN
NaN,NaN,NaN,NaN,NaN,NaN,NaN,NaN,NaN,NaN,NaN,NaN,NaN,NaN,NaN,NaN,NaN,NaN,NaN,NaN,NaN,NaN,NaN,NaN,NaN,NaN,NaN,NaN,NaN,NaN,NaN,NaN,NaN,NaN,NaN,NaN,NaN,NaN,NaN,NaN,NaN,NaN,NaN,NaN,NaN,NaN,NaN,NaN,NaN,NaN,NaN,NaN,NaN,NaN,NaN,NaN,NaN,NaN,NaN,NaN,NaN,NaN,NaN,NaN,NaN,NaN,NaN,NaN,NaN,NaN,NaN,NaN,NaN,NaN,NaN,NaN,NaN,NaN,NaN,NaN,NaN,NaN,NaN,NaN,NaN,NaN,NaN,NaN,NaN,NaN,NaN,NaN,NaN,NaN,NaN,NaN,NaN,NaN,NaN,NaN,NaN,NaN,NaN,NaN,NaN,NaN,NaN,NaN,NaN,NaN,NaN,NaN,NaN,NaN,NaN,NaN,NaN,NaN,NaN,NaN,NaN,NaN,NaN,NaN,NaN,NaN,NaN,NaN,NaN,NaN,NaN,NaN,NaN,NaN,NaN,NaN,NaN,NaN,NaN,NaN,NaN,NaN,NaN,NaN,NaN,NaN,NaN,NaN,NaN,NaN,NaN,NaN,NaN,NaN,NaN,NaN,NaN,NaN,NaN,NaN,NaN,NaN,NaN,NaN,NaN,NaN,NaN,NaN,NaN,0.00460297952786419,0.00475453465896802,0.00445160622580663,0.00391482314816748,0.0033886597008262,0.00347681108399648,0.00419180990965895,0.00437634692464046,0.00418003152167007,0.00405834716372459,0.00383709117525211,0.00380180010622374,0.00349463414716031,0.00332238070240924,0.00292466913524814,0.00304125395099581,NaN,NaN,NaN,NaN,NaN,NaN,NaN,NaN,NaN,NaN,NaN,NaN,NaN,NaN,NaN,NaN,NaN,NaN,NaN,-0.00619934597286882,-0.00546645948180748,-0.0049371029182906,-0.00447202196966361,-0.00641528920658837,-0.0227125674290256,-0.0631784572118981,-0.158812997253173,NaN,NaN,NaN,NaN,NaN,NaN,NaN,NaN,NaN,NaN,NaN,NaN,NaN,NaN,NaN,NaN,NaN,NaN,NaN,NaN,NaN,NaN,NaN,NaN,NaN,NaN,NaN,NaN,NaN,NaN,NaN,NaN,NaN
NaN,NaN,NaN,NaN,NaN,NaN,NaN,NaN,NaN,NaN,NaN,NaN,NaN,NaN,NaN,NaN,NaN,NaN,NaN,NaN,NaN,NaN,NaN,NaN,NaN,NaN,NaN,NaN,NaN,NaN,NaN,NaN,NaN,NaN,NaN,NaN,NaN,NaN,NaN,NaN,NaN,NaN,NaN,NaN,NaN,NaN,NaN,NaN,NaN,NaN,NaN,NaN,NaN,NaN,NaN,NaN,NaN,NaN,NaN,NaN,NaN,NaN,NaN,NaN,NaN,NaN,NaN,NaN,NaN,NaN,NaN,NaN,NaN,NaN,NaN,NaN,NaN,NaN,NaN,NaN,NaN,NaN,NaN,NaN,NaN,NaN,NaN,NaN,NaN,NaN,NaN,NaN,NaN,NaN,NaN,NaN,NaN,NaN,NaN,NaN,NaN,NaN,NaN,NaN,NaN,NaN,NaN,NaN,NaN,NaN,NaN,NaN,NaN,NaN,NaN,NaN,NaN,NaN,NaN,NaN,NaN,NaN,NaN,NaN,NaN,NaN,NaN,NaN,NaN,NaN,NaN,NaN,NaN,NaN,NaN,NaN,NaN,NaN,NaN,NaN,NaN,NaN,NaN,NaN,NaN,NaN,NaN,NaN,NaN,NaN,NaN,NaN,NaN,NaN,NaN,NaN,NaN,NaN,NaN,NaN,NaN,NaN,NaN,NaN,NaN,NaN,NaN,0.00688665409922615,0.00642992814759534,0.00544730721589324,0.00493546262671235,0.00502004433892695,0.00397394296135047,0.00331501624353348,0.00363313063025261,0.00412278414931988,0.00433167423625497,0.00436419987344292,0.00422249112887193,0.00404624562985174,0.00403287684542465,NaN,NaN,0.00264862872670488,-6.75610792896102e-05,NaN,NaN,NaN,NaN,NaN,NaN,NaN,NaN,NaN,NaN,NaN,NaN,NaN,NaN,NaN,NaN,NaN,NaN,NaN,-0.00572506754373212,-0.00562069911358404,-0.0053661247658461,-0.0049473381391883,-0.0106179093642399,-0.0840914352997281,-0.158883730314536,-0.212367675602325,NaN,NaN,NaN,NaN,NaN,NaN,NaN,NaN,NaN,NaN,NaN,NaN,NaN,NaN,NaN,NaN,NaN,NaN,NaN,NaN,NaN,NaN,NaN,NaN,NaN,NaN,NaN,NaN,NaN,NaN,NaN,NaN,NaN
NaN,NaN,NaN,NaN,NaN,NaN,NaN,NaN,NaN,NaN,NaN,NaN,NaN,NaN,NaN,NaN,NaN,NaN,NaN,NaN,NaN,NaN,NaN,NaN,NaN,NaN,NaN,NaN,NaN,NaN,NaN,NaN,NaN,NaN,NaN,NaN,NaN,NaN,NaN,NaN,NaN,NaN,NaN,NaN,NaN,NaN,NaN,NaN,NaN,NaN,NaN,NaN,NaN,NaN,NaN,NaN,NaN,NaN,NaN,NaN,NaN,NaN,NaN,NaN,NaN,NaN,NaN,NaN,NaN,NaN,NaN,NaN,NaN,NaN,NaN,NaN,NaN,NaN,NaN,NaN,NaN,NaN,NaN,NaN,NaN,NaN,NaN,NaN,NaN,NaN,NaN,NaN,NaN,NaN,NaN,NaN,NaN,NaN,NaN,NaN,NaN,NaN,NaN,NaN,NaN,NaN,NaN,NaN,NaN,NaN,NaN,NaN,NaN,NaN,NaN,NaN,NaN,NaN,NaN,NaN,NaN,NaN,NaN,NaN,NaN,NaN,NaN,NaN,NaN,NaN,NaN,NaN,NaN,NaN,NaN,NaN,NaN,NaN,NaN,NaN,NaN,NaN,NaN,NaN,NaN,NaN,NaN,NaN,NaN,NaN,NaN,NaN,NaN,NaN,NaN,NaN,NaN,NaN,NaN,NaN,NaN,NaN,NaN,NaN,NaN,NaN,0.00572380035536197,0.00665507606486591,0.00631096872459385,0.00572937621845537,0.00577441017462044,0.00614855860377737,NaN,NaN,NaN,0.00455227896689566,0.00479189749029098,0.00447868024352488,0.00442766968967556,NaN,NaN,NaN,NaN,NaN,NaN,NaN,NaN,NaN,NaN,NaN,NaN,NaN,NaN,NaN,NaN,NaN,NaN,NaN,NaN,NaN,NaN,NaN,NaN,-0.00551763567074744,-0.00560307898490195,-0.00570973462427238,-0.00564111922601594,-0.00635798655914276,-0.0469868014079431,NaN,NaN,NaN,NaN,NaN,NaN,NaN,NaN,NaN,NaN,NaN,NaN,NaN,NaN,NaN,NaN,NaN,NaN,NaN,NaN,NaN,NaN,NaN,NaN,NaN,NaN,NaN,NaN,NaN,NaN,NaN,NaN,NaN,NaN,NaN,NaN
NaN,NaN,NaN,NaN,NaN,NaN,NaN,NaN,NaN,NaN,NaN,NaN,NaN,NaN,NaN,NaN,NaN,NaN,NaN,NaN,NaN,NaN,NaN,NaN,NaN,NaN,NaN,NaN,NaN,NaN,NaN,NaN,NaN,NaN,NaN,NaN,NaN,NaN,NaN,NaN,NaN,NaN,NaN,NaN,NaN,NaN,NaN,NaN,NaN,NaN,NaN,NaN,NaN,NaN,NaN,NaN,NaN,NaN,NaN,NaN,NaN,NaN,NaN,NaN,NaN,NaN,NaN,NaN,NaN,NaN,NaN,NaN,NaN,NaN,NaN,NaN,NaN,NaN,NaN,NaN,NaN,NaN,NaN,NaN,NaN,NaN,NaN,NaN,NaN,NaN,NaN,NaN,NaN,NaN,NaN,NaN,NaN,NaN,NaN,NaN,NaN,NaN,NaN,NaN,NaN,NaN,NaN,NaN,NaN,NaN,NaN,NaN,NaN,NaN,NaN,NaN,NaN,NaN,NaN,NaN,NaN,NaN,NaN,NaN,NaN,NaN,NaN,NaN,NaN,NaN,NaN,NaN,NaN,NaN,NaN,NaN,NaN,NaN,NaN,NaN,NaN,NaN,NaN,NaN,NaN,NaN,NaN,NaN,NaN,NaN,NaN,NaN,NaN,NaN,NaN,NaN,NaN,NaN,NaN,NaN,NaN,NaN,NaN,NaN,NaN,NaN,0.0061737803231638,0.00669365967021689,0.00632978333305008,0.00692009883024265,0.00649296484638946,NaN,NaN,NaN,0.00827681566207783,0.00557252507709865,0.00625632017642852,NaN,NaN,NaN,NaN,NaN,NaN,NaN,NaN,NaN,NaN,NaN,NaN,NaN,NaN,NaN,NaN,NaN,NaN,NaN,NaN,NaN,NaN,NaN,NaN,NaN,NaN,-0.00555265367762925,-0.00562854003048713,-0.00579684726739282,-0.00596109096528979,-0.0246222258860282,-0.11604243709966,NaN,NaN,NaN,NaN,NaN,NaN,NaN,NaN,NaN,NaN,NaN,NaN,NaN,NaN,NaN,NaN,NaN,NaN,NaN,NaN,NaN,NaN,NaN,NaN,NaN,NaN,NaN,NaN,NaN,NaN,NaN,NaN,NaN,NaN,NaN,NaN
NaN,NaN,NaN,NaN,NaN,NaN,NaN,NaN,NaN,NaN,NaN,NaN,NaN,NaN,NaN,NaN,NaN,NaN,NaN,NaN,NaN,NaN,NaN,NaN,NaN,NaN,NaN,NaN,NaN,NaN,NaN,NaN,NaN,NaN,NaN,NaN,NaN,NaN,NaN,NaN,NaN,NaN,NaN,NaN,NaN,NaN,NaN,NaN,NaN,NaN,NaN,NaN,NaN,NaN,NaN,NaN,NaN,NaN,NaN,NaN,NaN,NaN,NaN,NaN,NaN,NaN,NaN,NaN,NaN,NaN,NaN,NaN,NaN,NaN,NaN,NaN,NaN,NaN,NaN,NaN,NaN,NaN,NaN,NaN,NaN,NaN,NaN,NaN,NaN,NaN,NaN,NaN,NaN,NaN,NaN,NaN,NaN,NaN,NaN,NaN,NaN,NaN,NaN,NaN,NaN,NaN,NaN,NaN,NaN,NaN,NaN,NaN,NaN,NaN,NaN,NaN,NaN,NaN,NaN,NaN,NaN,NaN,NaN,NaN,NaN,NaN,NaN,NaN,NaN,NaN,NaN,NaN,NaN,NaN,NaN,NaN,NaN,NaN,NaN,NaN,NaN,NaN,NaN,NaN,NaN,NaN,NaN,NaN,NaN,NaN,NaN,NaN,NaN,NaN,NaN,NaN,NaN,NaN,NaN,NaN,NaN,NaN,NaN,NaN,NaN,NaN,0.00635133042805642,0.0064598603620882,0.00698660379337533,0.00902339085522197,NaN,NaN,0.00776780350465699,0.00995426476898532,0.00879518985922909,NaN,NaN,NaN,NaN,NaN,NaN,NaN,NaN,NaN,NaN,NaN,NaN,NaN,NaN,NaN,NaN,NaN,NaN,NaN,NaN,NaN,NaN,NaN,NaN,NaN,NaN,NaN,-0.00552029368863739,-0.00553469683189405,-0.00568469342086866,-0.00583257208013097,-0.00596014307717976,-0.0169602984836547,-0.100790559498203,NaN,NaN,NaN,NaN,NaN,NaN,NaN,NaN,NaN,NaN,NaN,NaN,NaN,NaN,NaN,NaN,NaN,NaN,NaN,NaN,NaN,NaN,NaN,NaN,NaN,NaN,NaN,NaN,NaN,NaN,NaN,NaN,NaN,NaN,NaN,NaN
NaN,NaN,NaN,NaN,NaN,NaN,NaN,NaN,NaN,NaN,NaN,NaN,NaN,NaN,NaN,NaN,NaN,NaN,NaN,NaN,NaN,NaN,NaN,NaN,NaN,NaN,NaN,NaN,NaN,NaN,NaN,NaN,NaN,NaN,NaN,NaN,NaN,NaN,NaN,NaN,NaN,NaN,NaN,NaN,NaN,NaN,NaN,NaN,NaN,NaN,NaN,NaN,NaN,NaN,NaN,NaN,NaN,NaN,NaN,NaN,NaN,NaN,NaN,NaN,NaN,NaN,NaN,NaN,NaN,NaN,NaN,NaN,NaN,NaN,NaN,NaN,NaN,NaN,NaN,NaN,NaN,NaN,NaN,NaN,NaN,NaN,NaN,NaN,NaN,NaN,NaN,NaN,NaN,NaN,NaN,NaN,NaN,NaN,NaN,NaN,NaN,NaN,NaN,NaN,NaN,NaN,NaN,NaN,NaN,NaN,NaN,NaN,NaN,NaN,NaN,NaN,NaN,NaN,NaN,NaN,NaN,NaN,NaN,NaN,NaN,NaN,NaN,NaN,NaN,NaN,NaN,NaN,NaN,NaN,NaN,NaN,NaN,NaN,NaN,NaN,NaN,NaN,NaN,NaN,NaN,NaN,NaN,NaN,NaN,NaN,NaN,NaN,-0.190931085244514,-0.191906333734417,-0.193279923651834,-0.195064253054831,-0.196833292714751,-0.197534545565254,NaN,NaN,NaN,NaN,NaN,NaN,NaN,NaN,0.00652762889224425,0.00642935381492464,0.00733760141013449,0.00747072661512282,NaN,NaN,0.00832249618541266,0.00910507710164073,NaN,NaN,NaN,NaN,NaN,NaN,NaN,NaN,NaN,NaN,NaN,NaN,NaN,NaN,NaN,NaN,NaN,NaN,NaN,NaN,NaN,NaN,NaN,NaN,NaN,NaN,NaN,NaN,-0.00807137369625807,-0.0056244988676599,-0.00580097562730314,-0.00596472834532592,-0.00631042920567882,-0.0361579542184634,NaN,NaN,NaN,NaN,NaN,NaN,NaN,NaN,NaN,NaN,NaN,NaN,NaN,NaN,NaN,NaN,NaN,NaN,NaN,NaN,NaN,NaN,NaN,NaN,NaN,NaN,NaN,NaN,NaN,NaN,NaN,NaN,NaN,NaN,NaN,NaN,NaN
NaN,NaN,NaN,NaN,NaN,NaN,NaN,NaN,NaN,NaN,NaN,NaN,NaN,NaN,NaN,NaN,NaN,NaN,NaN,NaN,NaN,NaN,NaN,NaN,NaN,NaN,NaN,NaN,NaN,NaN,NaN,NaN,NaN,NaN,NaN,NaN,NaN,NaN,NaN,NaN,NaN,NaN,NaN,NaN,NaN,NaN,NaN,NaN,NaN,NaN,NaN,NaN,NaN,NaN,NaN,NaN,NaN,NaN,NaN,NaN,NaN,NaN,NaN,NaN,NaN,NaN,NaN,NaN,NaN,NaN,NaN,NaN,NaN,NaN,NaN,NaN,NaN,NaN,NaN,NaN,NaN,NaN,NaN,NaN,NaN,NaN,NaN,NaN,NaN,NaN,NaN,NaN,NaN,NaN,NaN,NaN,NaN,NaN,NaN,NaN,NaN,NaN,NaN,NaN,NaN,NaN,NaN,NaN,NaN,NaN,NaN,NaN,NaN,NaN,NaN,NaN,NaN,NaN,NaN,NaN,NaN,NaN,NaN,NaN,NaN,NaN,NaN,NaN,NaN,NaN,NaN,NaN,NaN,NaN,NaN,NaN,NaN,NaN,NaN,NaN,NaN,NaN,NaN,NaN,NaN,NaN,NaN,NaN,NaN,NaN,NaN,NaN,-0.191841293480287,-0.193131868540367,-0.194843970654887,-0.196655279868757,-0.197455039293766,-0.194506522091852,-0.180106181462391,-0.139573419741705,-0.0593581030476488,NaN,NaN,NaN,NaN,NaN,0.00709026422730819,0.00676992047291858,0.00738743016145904,0.00826017269302927,0.00824618106491824,0.00917626755918163,0.00914657401590017,0.00897845949815408,NaN,NaN,NaN,NaN,NaN,NaN,NaN,NaN,NaN,NaN,NaN,NaN,NaN,NaN,NaN,NaN,NaN,NaN,NaN,NaN,NaN,NaN,NaN,NaN,NaN,NaN,NaN,-0.124059012107104,-0.0298023471066448,-0.00678460892532462,-0.00617380022090475,-0.00711406279242022,-0.0092679052224187,NaN,NaN,NaN,NaN,NaN,NaN,NaN,NaN,NaN,NaN,NaN,NaN,NaN,NaN,NaN,NaN,NaN,NaN,NaN,NaN,NaN,NaN,NaN,NaN,NaN,NaN,NaN,NaN,NaN,NaN,NaN,NaN,NaN,NaN,NaN,NaN,NaN,NaN
NaN,NaN,NaN,NaN,NaN,NaN,NaN,NaN,NaN,NaN,NaN,NaN,NaN,NaN,NaN,NaN,NaN,NaN,NaN,NaN,NaN,NaN,NaN,NaN,NaN,NaN,NaN,NaN,NaN,NaN,NaN,NaN,NaN,NaN,NaN,NaN,NaN,NaN,NaN,NaN,NaN,NaN,NaN,NaN,NaN,NaN,NaN,NaN,NaN,NaN,NaN,NaN,NaN,NaN,NaN,NaN,NaN,NaN,NaN,NaN,NaN,NaN,NaN,NaN,NaN,NaN,NaN,NaN,NaN,NaN,NaN,NaN,NaN,NaN,NaN,NaN,NaN,NaN,NaN,NaN,NaN,NaN,NaN,NaN,NaN,NaN,NaN,NaN,NaN,NaN,NaN,NaN,NaN,NaN,NaN,NaN,NaN,NaN,NaN,NaN,NaN,NaN,NaN,NaN,NaN,NaN,NaN,NaN,NaN,NaN,NaN,NaN,NaN,NaN,NaN,NaN,NaN,NaN,NaN,NaN,NaN,NaN,NaN,NaN,NaN,NaN,NaN,NaN,NaN,NaN,NaN,NaN,NaN,NaN,NaN,NaN,NaN,NaN,NaN,NaN,NaN,NaN,NaN,NaN,NaN,NaN,NaN,NaN,NaN,NaN,NaN,NaN,NaN,-0.194682269277936,-0.196404157405648,-0.197243683670088,-0.194313942191514,-0.180014051860697,-0.139694717719312,-0.0594826184944704,-0.0588517193224832,NaN,NaN,0.00805010809657091,0.00827686041468477,0.00788089646550061,0.00795301797780462,0.00703721049333794,0.00764394079062467,0.00866379774790761,0.00963156602500483,0.0100310301366843,0.00986269252342276,NaN,NaN,NaN,NaN,NaN,NaN,NaN,NaN,NaN,NaN,NaN,NaN,NaN,NaN,NaN,NaN,NaN,NaN,NaN,NaN,NaN,NaN,NaN,NaN,NaN,NaN,-0.125291380579527,-0.0312487932047289,-0.0310386167276639,-0.0298937805623133,-0.00984524426249611,-0.00685902256256735,-0.0109448422174676,-0.0697801448993789,NaN,NaN,NaN,NaN,NaN,NaN,NaN,NaN,NaN,NaN,NaN,NaN,NaN,NaN,NaN,NaN,NaN,NaN,NaN,NaN,NaN,NaN,NaN,NaN,NaN,NaN,NaN,NaN,NaN,NaN,NaN,NaN,NaN,NaN,NaN,NaN,NaN,NaN
NaN,NaN,NaN,NaN,NaN,NaN,NaN,NaN,NaN,NaN,NaN,NaN,NaN,NaN,NaN,NaN,NaN,NaN,NaN,NaN,NaN,NaN,NaN,NaN,NaN,NaN,NaN,NaN,NaN,NaN,NaN,NaN,NaN,NaN,NaN,NaN,NaN,NaN,NaN,NaN,NaN,NaN,NaN,NaN,NaN,NaN,NaN,NaN,NaN,NaN,NaN,NaN,NaN,NaN,NaN,NaN,NaN,NaN,NaN,NaN,NaN,NaN,NaN,NaN,NaN,NaN,NaN,NaN,NaN,NaN,NaN,NaN,NaN,NaN,NaN,NaN,NaN,NaN,NaN,NaN,NaN,NaN,NaN,NaN,NaN,NaN,NaN,NaN,NaN,NaN,NaN,NaN,NaN,NaN,NaN,NaN,NaN,NaN,NaN,NaN,NaN,NaN,NaN,NaN,NaN,NaN,NaN,NaN,NaN,NaN,NaN,NaN,NaN,NaN,NaN,NaN,NaN,NaN,NaN,NaN,NaN,NaN,NaN,NaN,NaN,NaN,NaN,NaN,NaN,NaN,NaN,NaN,NaN,NaN,NaN,NaN,NaN,NaN,NaN,NaN,NaN,NaN,NaN,NaN,NaN,NaN,NaN,NaN,NaN,NaN,NaN,NaN,NaN,NaN,NaN,NaN,NaN,NaN,-0.180246960815869,-0.139626253474353,-0.0594718287178937,-0.0503085621286899,0.00543596347561215,0.00801324926881492,0.00825151704725885,NaN,0.00763780266612167,0.00804674156450309,0.00827474857689967,0.0087740568847013,0.00956829784722376,0.0100722427626822,0.00979583660687056,NaN,NaN,NaN,NaN,NaN,NaN,NaN,NaN,NaN,NaN,NaN,NaN,NaN,NaN,NaN,NaN,NaN,NaN,NaN,NaN,NaN,NaN,NaN,NaN,NaN,NaN,-0.197403315404753,-0.125305205075606,-0.125136935400168,-0.123853238062465,-0.0744201562855596,-0.0115521131838925,-0.0274601540488858,-0.0347945117948408,-0.1229907750284,NaN,NaN,NaN,NaN,NaN,NaN,NaN,NaN,NaN,NaN,NaN,NaN,NaN,NaN,NaN,NaN,NaN,NaN,NaN,NaN,NaN,NaN,NaN,NaN,NaN,NaN,NaN,NaN,NaN,NaN,NaN,NaN,NaN,NaN,NaN,NaN,NaN
NaN,NaN,NaN,NaN,NaN,NaN,NaN,NaN,NaN,NaN,NaN,NaN,NaN,NaN,NaN,NaN,NaN,NaN,NaN,NaN,NaN,NaN,NaN,NaN,NaN,NaN,NaN,NaN,NaN,NaN,NaN,NaN,NaN,NaN,NaN,NaN,NaN,NaN,NaN,NaN,NaN,NaN,NaN,NaN,NaN,NaN,NaN,NaN,NaN,NaN,NaN,NaN,NaN,NaN,NaN,NaN,NaN,NaN,NaN,NaN,NaN,NaN,NaN,NaN,NaN,NaN,NaN,NaN,NaN,NaN,NaN,NaN,NaN,NaN,NaN,NaN,NaN,NaN,NaN,NaN,NaN,NaN,NaN,NaN,NaN,NaN,NaN,NaN,NaN,NaN,NaN,NaN,NaN,NaN,NaN,NaN,NaN,NaN,NaN,NaN,NaN,NaN,NaN,NaN,NaN,NaN,NaN,NaN,NaN,NaN,NaN,NaN,NaN,NaN,NaN,NaN,NaN,NaN,NaN,NaN,NaN,NaN,NaN,NaN,NaN,NaN,NaN,NaN,NaN,NaN,NaN,NaN,NaN,NaN,NaN,NaN,NaN,NaN,NaN,NaN,NaN,NaN,NaN,NaN,NaN,NaN,NaN,NaN,NaN,NaN,NaN,NaN,NaN,NaN,NaN,NaN,NaN,NaN,NaN,NaN,NaN,0.00569438472045227,0.00759306287128383,0.00728282380521306,NaN,NaN,NaN,0.0100910586881866,0.00896960345537033,0.00860700603864043,0.00883656668390278,0.00924853148172838,0.00901455849163447,NaN,NaN,NaN,NaN,NaN,NaN,NaN,NaN,NaN,NaN,NaN,NaN,NaN,NaN,NaN,NaN,NaN,NaN,NaN,NaN,NaN,NaN,NaN,NaN,NaN,NaN,NaN,NaN,NaN,NaN,NaN,-0.077596810753471,-0.037095635335357,-0.0394627032559106,-0.0417828646643863,NaN,NaN,NaN,NaN,NaN,NaN,NaN,NaN,NaN,NaN,NaN,NaN,NaN,NaN,NaN,NaN,NaN,NaN,NaN,NaN,NaN,NaN,NaN,NaN,NaN,NaN,NaN,NaN,NaN,NaN,NaN,NaN,NaN,NaN,NaN,NaN,NaN
NaN,NaN,NaN,NaN,NaN,NaN,NaN,NaN,NaN,NaN,NaN,NaN,NaN,NaN,NaN,NaN,NaN,NaN,NaN,NaN,NaN,NaN,NaN,NaN,NaN,NaN,NaN,NaN,NaN,NaN,NaN,NaN,NaN,NaN,NaN,NaN,NaN,NaN,NaN,NaN,NaN,NaN,NaN,NaN,NaN,NaN,NaN,NaN,NaN,NaN,NaN,NaN,NaN,NaN,NaN,NaN,NaN,NaN,NaN,NaN,NaN,NaN,NaN,NaN,NaN,NaN,NaN,NaN,NaN,NaN,NaN,NaN,NaN,NaN,NaN,NaN,NaN,NaN,NaN,NaN,NaN,NaN,NaN,NaN,NaN,NaN,NaN,NaN,NaN,NaN,NaN,NaN,NaN,NaN,NaN,NaN,NaN,NaN,NaN,NaN,NaN,NaN,NaN,NaN,NaN,NaN,NaN,NaN,NaN,NaN,NaN,NaN,NaN,NaN,NaN,NaN,NaN,NaN,NaN,NaN,NaN,NaN,NaN,NaN,NaN,NaN,NaN,NaN,NaN,NaN,NaN,NaN,NaN,NaN,NaN,NaN,NaN,NaN,NaN,NaN,NaN,NaN,NaN,NaN,NaN,NaN,NaN,NaN,NaN,NaN,NaN,NaN,NaN,NaN,NaN,NaN,NaN,NaN,NaN,NaN,NaN,-0.00988222440805289,0.00755526709923199,0.00716952466785206,0.0073385230201583,0.00726411002521983,NaN,0.00930594882155906,0.00914942413401956,0.00851358543258146,0.00852854655835503,0.0085842834037204,0.00898023661540448,NaN,NaN,NaN,NaN,NaN,NaN,NaN,NaN,NaN,NaN,NaN,NaN,NaN,NaN,NaN,NaN,NaN,NaN,NaN,NaN,NaN,NaN,NaN,NaN,NaN,NaN,NaN,NaN,NaN,NaN,NaN,-0.0414324766805946,-0.0419991992978963,-0.0429446266708841,-0.0444191264060578,NaN,NaN,NaN,NaN,NaN,NaN,NaN,NaN,NaN,NaN,NaN,NaN,NaN,NaN,NaN,NaN,NaN,NaN,NaN,NaN,NaN,NaN,NaN,NaN,NaN,NaN,NaN,NaN,NaN,NaN,NaN,NaN,NaN,NaN,NaN,NaN,NaN
NaN,NaN,NaN,NaN,NaN,NaN,NaN,NaN,NaN,NaN,NaN,NaN,NaN,NaN,NaN,NaN,NaN,NaN,NaN,NaN,NaN,NaN,NaN,NaN,NaN,NaN,NaN,NaN,NaN,NaN,NaN,NaN,NaN,NaN,NaN,NaN,NaN,NaN,NaN,NaN,NaN,NaN,NaN,NaN,NaN,NaN,NaN,NaN,NaN,NaN,NaN,NaN,NaN,NaN,NaN,NaN,NaN,NaN,NaN,NaN,NaN,NaN,NaN,NaN,NaN,NaN,NaN,NaN,NaN,NaN,NaN,NaN,NaN,NaN,NaN,NaN,NaN,NaN,NaN,NaN,NaN,NaN,NaN,NaN,NaN,NaN,NaN,NaN,NaN,NaN,NaN,NaN,NaN,NaN,NaN,NaN,NaN,NaN,NaN,NaN,NaN,NaN,NaN,NaN,NaN,NaN,NaN,NaN,NaN,NaN,NaN,NaN,NaN,NaN,NaN,NaN,NaN,NaN,NaN,NaN,NaN,NaN,NaN,NaN,NaN,NaN,NaN,NaN,NaN,NaN,NaN,NaN,NaN,NaN,NaN,NaN,NaN,NaN,NaN,NaN,NaN,NaN,NaN,NaN,NaN,NaN,NaN,NaN,NaN,NaN,NaN,NaN,NaN,NaN,NaN,NaN,NaN,NaN,NaN,NaN,NaN,NaN,NaN,NaN,0.00804287131986126,0.00797438529937012,NaN,0.00891203932713156,0.00883334387315557,0.00840964243171145,0.00879605575715751,0.00867836818162333,0.00921938550705858,NaN,NaN,NaN,NaN,NaN,NaN,NaN,NaN,NaN,NaN,NaN,NaN,NaN,NaN,NaN,NaN,NaN,NaN,NaN,NaN,NaN,NaN,NaN,NaN,NaN,NaN,NaN,NaN,NaN,NaN,NaN,-0.128312601647662,-0.0442916734238822,-0.0460399167571943,-0.0475109983942042,-0.115586789435016,-0.19079747339427,NaN,NaN,NaN,NaN,NaN,NaN,NaN,NaN,NaN,NaN,NaN,NaN,NaN,NaN,NaN,NaN,NaN,NaN,NaN,NaN,NaN,NaN,NaN,NaN,NaN,NaN,NaN,NaN,NaN,NaN,NaN,NaN,NaN,NaN,NaN
NaN,NaN,NaN,NaN,NaN,NaN,NaN,NaN,NaN,NaN,NaN,NaN,NaN,NaN,NaN,NaN,NaN,NaN,NaN,NaN,NaN,NaN,NaN,NaN,NaN,NaN,NaN,NaN,NaN,NaN,NaN,NaN,NaN,NaN,NaN,NaN,NaN,NaN,NaN,NaN,NaN,NaN,NaN,NaN,NaN,NaN,NaN,NaN,NaN,NaN,NaN,NaN,NaN,NaN,NaN,NaN,NaN,NaN,NaN,NaN,NaN,NaN,NaN,NaN,NaN,NaN,NaN,NaN,NaN,NaN,NaN,NaN,NaN,NaN,NaN,NaN,NaN,NaN,NaN,NaN,NaN,NaN,NaN,NaN,NaN,NaN,NaN,NaN,NaN,NaN,NaN,NaN,NaN,NaN,NaN,NaN,NaN,NaN,NaN,NaN,NaN,NaN,NaN,NaN,NaN,NaN,NaN,NaN,NaN,NaN,NaN,NaN,NaN,NaN,NaN,NaN,NaN,NaN,NaN,NaN,NaN,NaN,NaN,NaN,NaN,NaN,NaN,NaN,NaN,NaN,NaN,NaN,NaN,NaN,NaN,NaN,NaN,NaN,NaN,NaN,NaN,NaN,NaN,NaN,NaN,NaN,NaN,NaN,NaN,NaN,NaN,NaN,NaN,NaN,NaN,NaN,NaN,NaN,NaN,NaN,NaN,NaN,NaN,NaN,0.00809051601243669,0.00807682484200347,0.00803467187042578,0.00873989499771551,0.00832195860755778,0.00844181831164423,0.00870042231068121,0.00853076027936524,0.00912673897337045,NaN,NaN,NaN,NaN,NaN,NaN,NaN,NaN,NaN,NaN,NaN,NaN,NaN,NaN,NaN,NaN,NaN,NaN,NaN,NaN,NaN,NaN,NaN,NaN,NaN,NaN,NaN,NaN,NaN,NaN,NaN,NaN,-0.128995034714727,-0.0496194235063371,-0.0518707724727228,-0.0545839186839253,-0.115717882721542,NaN,NaN,NaN,NaN,NaN,NaN,NaN,NaN,NaN,NaN,NaN,NaN,NaN,NaN,NaN,NaN,NaN,NaN,NaN,NaN,NaN,NaN,NaN,NaN,NaN,NaN,NaN,NaN,NaN,NaN,NaN,NaN,NaN,NaN,NaN
NaN,NaN,NaN,NaN,NaN,NaN,NaN,NaN,NaN,NaN,NaN,NaN,NaN,NaN,NaN,NaN,NaN,NaN,NaN,NaN,NaN,NaN,NaN,NaN,NaN,NaN,NaN,NaN,NaN,NaN,NaN,NaN,NaN,NaN,NaN,NaN,NaN,NaN,NaN,NaN,NaN,NaN,NaN,NaN,NaN,NaN,NaN,NaN,NaN,NaN,NaN,NaN,NaN,NaN,NaN,NaN,NaN,NaN,NaN,NaN,NaN,NaN,NaN,NaN,NaN,NaN,NaN,NaN,NaN,NaN,NaN,NaN,NaN,NaN,NaN,NaN,NaN,NaN,NaN,NaN,NaN,NaN,NaN,NaN,NaN,NaN,NaN,NaN,NaN,NaN,NaN,NaN,NaN,NaN,NaN,NaN,NaN,NaN,NaN,NaN,NaN,NaN,NaN,NaN,NaN,NaN,NaN,NaN,NaN,NaN,NaN,NaN,NaN,NaN,NaN,NaN,NaN,NaN,NaN,NaN,NaN,NaN,NaN,NaN,NaN,NaN,NaN,NaN,NaN,NaN,NaN,NaN,NaN,NaN,NaN,NaN,NaN,NaN,NaN,NaN,NaN,NaN,NaN,NaN,NaN,NaN,NaN,NaN,NaN,NaN,NaN,NaN,NaN,NaN,NaN,NaN,NaN,NaN,NaN,NaN,NaN,-7.44678859027908e-19,NaN,NaN,0.00779378974852931,0.00815043673123893,0.00852489103875534,0.00862349867689871,0.00856762496345909,0.00886114571876364,0.00868308897928816,0.00852374118167821,NaN,NaN,NaN,NaN,NaN,NaN,NaN,NaN,NaN,NaN,NaN,NaN,NaN,NaN,NaN,NaN,NaN,NaN,NaN,NaN,NaN,NaN,NaN,NaN,NaN,NaN,NaN,NaN,NaN,NaN,NaN,NaN,NaN,-0.0677949392725067,-0.0683129682653583,-0.0548674468139296,-0.0566134876183075,-0.0581099581646945,NaN,NaN,NaN,NaN,NaN,NaN,NaN,NaN,NaN,NaN,NaN,NaN,NaN,NaN,NaN,NaN,NaN,NaN,NaN,NaN,NaN,NaN,NaN,NaN,NaN,NaN,NaN,NaN,NaN,NaN,NaN,NaN,NaN,NaN,NaN
NaN,NaN,NaN,NaN,NaN,NaN,NaN,NaN,NaN,NaN,NaN,NaN,NaN,NaN,NaN,NaN,NaN,NaN,NaN,NaN,NaN,NaN,NaN,NaN,NaN,NaN,NaN,NaN,NaN,NaN,NaN,NaN,NaN,NaN,NaN,NaN,NaN,NaN,NaN,NaN,NaN,NaN,NaN,NaN,NaN,NaN,NaN,NaN,NaN,NaN,NaN,NaN,NaN,NaN,NaN,NaN,NaN,NaN,NaN,NaN,NaN,NaN,NaN,NaN,NaN,NaN,NaN,NaN,NaN,NaN,NaN,NaN,NaN,NaN,NaN,NaN,NaN,NaN,NaN,NaN,NaN,NaN,NaN,NaN,NaN,NaN,NaN,NaN,NaN,NaN,NaN,NaN,NaN,NaN,NaN,NaN,NaN,NaN,NaN,NaN,NaN,NaN,NaN,NaN,NaN,NaN,NaN,NaN,NaN,NaN,NaN,NaN,NaN,NaN,NaN,NaN,NaN,NaN,NaN,NaN,NaN,NaN,NaN,NaN,NaN,NaN,NaN,NaN,NaN,NaN,NaN,NaN,NaN,NaN,NaN,NaN,NaN,NaN,NaN,NaN,NaN,NaN,NaN,NaN,NaN,NaN,NaN,NaN,NaN,NaN,NaN,NaN,NaN,NaN,NaN,NaN,NaN,NaN,NaN,NaN,NaN,NaN,NaN,0.00805262373022473,0.00797388673790871,NaN,0.00893436727125409,0.00913883531446971,0.00891561946310754,0.00901872926693823,0.00874660431818092,0.00844122344033961,NaN,NaN,NaN,NaN,NaN,NaN,NaN,NaN,NaN,NaN,NaN,NaN,NaN,NaN,NaN,NaN,NaN,NaN,NaN,NaN,NaN,NaN,NaN,NaN,NaN,NaN,NaN,NaN,NaN,NaN,NaN,NaN,NaN,NaN,-0.151035412846983,-0.0656529229017065,-0.059042732231822,-0.0597321068682199,-0.130407655723795,-0.126798231299066,NaN,NaN,NaN,NaN,NaN,NaN,NaN,NaN,NaN,NaN,NaN,NaN,NaN,NaN,NaN,NaN,NaN,NaN,NaN,NaN,NaN,NaN,NaN,NaN,NaN,NaN,NaN,NaN,NaN,NaN,NaN,NaN,NaN
NaN,NaN,NaN,NaN,NaN,NaN,NaN,NaN,NaN,NaN,NaN,NaN,NaN,NaN,NaN,NaN,NaN,NaN,NaN,NaN,NaN,NaN,NaN,NaN,NaN,NaN,NaN,NaN,NaN,NaN,NaN,NaN,NaN,NaN,NaN,NaN,NaN,NaN,NaN,NaN,NaN,NaN,NaN,NaN,NaN,NaN,NaN,NaN,NaN,NaN,NaN,NaN,NaN,NaN,NaN,NaN,NaN,NaN,NaN,NaN,NaN,NaN,NaN,NaN,NaN,NaN,NaN,NaN,NaN,NaN,NaN,NaN,NaN,NaN,NaN,NaN,NaN,NaN,NaN,NaN,NaN,NaN,NaN,NaN,NaN,NaN,NaN,NaN,NaN,NaN,NaN,NaN,NaN,NaN,NaN,NaN,NaN,NaN,NaN,NaN,NaN,NaN,NaN,NaN,NaN,NaN,NaN,NaN,NaN,NaN,NaN,NaN,NaN,NaN,NaN,NaN,NaN,NaN,NaN,NaN,NaN,NaN,NaN,NaN,NaN,NaN,NaN,NaN,NaN,NaN,NaN,NaN,NaN,NaN,NaN,NaN,NaN,NaN,NaN,NaN,NaN,NaN,NaN,NaN,NaN,NaN,NaN,NaN,NaN,NaN,NaN,NaN,NaN,NaN,NaN,NaN,NaN,NaN,NaN,NaN,NaN,NaN,NaN,0.0080428488184741,0.00840334743314443,0.0085970836630783,0.00890594412379601,0.00945577401056431,0.00899221033236693,0.00894593487470372,0.00864421957171827,0.00856565514154106,0.00831734957694998,NaN,NaN,NaN,NaN,NaN,NaN,NaN,NaN,NaN,NaN,NaN,NaN,NaN,NaN,NaN,NaN,NaN,NaN,NaN,NaN,NaN,NaN,NaN,NaN,NaN,NaN,NaN,NaN,NaN,NaN,NaN,NaN,NaN,-0.133318691050892,-0.133197684988141,-0.0616670471628377,-0.0618800744460586,-0.1198132381841,-0.118466573707986,NaN,NaN,NaN,NaN,NaN,NaN,NaN,NaN,NaN,NaN,NaN,NaN,NaN,NaN,NaN,NaN,NaN,NaN,NaN,NaN,NaN,NaN,NaN,NaN,NaN,NaN,NaN,NaN,NaN,NaN,NaN,NaN,NaN
NaN,NaN,NaN,NaN,NaN,NaN,NaN,NaN,NaN,NaN,NaN,NaN,NaN,NaN,NaN,NaN,NaN,NaN,NaN,NaN,NaN,NaN,NaN,NaN,NaN,NaN,NaN,NaN,NaN,NaN,NaN,NaN,NaN,NaN,NaN,NaN,NaN,NaN,NaN,NaN,NaN,NaN,NaN,NaN,NaN,NaN,NaN,NaN,NaN,NaN,NaN,NaN,NaN,NaN,NaN,NaN,NaN,NaN,NaN,NaN,NaN,NaN,NaN,NaN,NaN,NaN,NaN,NaN,NaN,NaN,NaN,NaN,NaN,NaN,NaN,NaN,NaN,NaN,NaN,NaN,NaN,NaN,NaN,NaN,NaN,NaN,NaN,NaN,NaN,NaN,NaN,NaN,NaN,NaN,NaN,NaN,NaN,NaN,NaN,NaN,NaN,NaN,NaN,NaN,NaN,NaN,NaN,NaN,NaN,NaN,NaN,NaN,NaN,NaN,NaN,NaN,NaN,NaN,NaN,NaN,NaN,NaN,NaN,NaN,NaN,NaN,NaN,NaN,NaN,NaN,NaN,NaN,NaN,NaN,NaN,NaN,NaN,NaN,NaN,NaN,NaN,NaN,NaN,NaN,NaN,NaN,NaN,NaN,NaN,NaN,NaN,NaN,NaN,NaN,NaN,NaN,NaN,NaN,NaN,NaN,NaN,NaN,NaN,NaN,0.00831049948614039,0.0085402300367084,NaN,NaN,0.00967428945965178,0.00908340855089894,0.00862486622260134,0.00878042047191471,0.00894353989376375,0.00903789441193758,0.00890556895124414,NaN,NaN,NaN,NaN,NaN,NaN,NaN,NaN,NaN,NaN,NaN,NaN,NaN,NaN,NaN,NaN,NaN,NaN,NaN,NaN,NaN,NaN,NaN,NaN,NaN,NaN,NaN,NaN,NaN,NaN,-0.133371029644531,-0.0646236042281742,-0.0643808667354098,-0.0635110745438306,-0.0639413830699018,-0.0652723977462203,-0.0655760431438486,NaN,NaN,NaN,NaN,NaN,NaN,NaN,NaN,NaN,NaN,NaN,NaN,NaN,NaN,NaN,NaN,NaN,NaN,NaN,NaN,NaN,NaN,NaN,NaN,NaN,NaN,NaN,NaN,NaN,NaN,NaN,NaN,NaN
NaN,NaN,NaN,NaN,NaN,NaN,NaN,NaN,NaN,NaN,NaN,NaN,NaN,NaN,NaN,NaN,NaN,NaN,NaN,NaN,NaN,NaN,NaN,NaN,NaN,NaN,NaN,NaN,NaN,NaN,NaN,NaN,NaN,NaN,NaN,NaN,NaN,NaN,NaN,NaN,NaN,NaN,NaN,NaN,NaN,NaN,NaN,NaN,NaN,NaN,NaN,NaN,NaN,NaN,NaN,NaN,NaN,NaN,NaN,NaN,NaN,NaN,NaN,NaN,NaN,NaN,NaN,NaN,NaN,NaN,NaN,NaN,NaN,NaN,NaN,NaN,NaN,NaN,NaN,NaN,NaN,NaN,NaN,NaN,NaN,NaN,NaN,NaN,NaN,NaN,NaN,NaN,NaN,NaN,NaN,NaN,NaN,NaN,NaN,NaN,NaN,NaN,NaN,NaN,NaN,NaN,NaN,NaN,NaN,NaN,NaN,NaN,NaN,NaN,NaN,NaN,NaN,NaN,NaN,NaN,NaN,NaN,NaN,NaN,NaN,NaN,NaN,NaN,NaN,NaN,NaN,NaN,NaN,NaN,NaN,NaN,NaN,NaN,NaN,NaN,NaN,NaN,NaN,NaN,NaN,NaN,NaN,NaN,NaN,NaN,NaN,NaN,NaN,NaN,NaN,NaN,NaN,NaN,NaN,NaN,NaN,NaN,NaN,NaN,NaN,NaN,NaN,NaN,0.00898673642953969,0.00904293421909992,0.0089623166152392,0.00934684798772626,0.00988427981753914,0.00967256735140004,0.00910408746207299,NaN,NaN,NaN,NaN,NaN,NaN,NaN,NaN,NaN,NaN,NaN,NaN,NaN,NaN,NaN,NaN,NaN,NaN,NaN,NaN,NaN,NaN,NaN,NaN,NaN,NaN,NaN,NaN,NaN,NaN,-0.133405687765269,-0.0646427763056902,-0.064613482396467,-0.084742314732687,-0.0696237762223629,-0.0657126088680501,-0.0658552953161451,NaN,NaN,NaN,NaN,NaN,NaN,NaN,NaN,NaN,NaN,NaN,NaN,NaN,NaN,NaN,NaN,NaN,NaN,NaN,NaN,NaN,NaN,NaN,NaN,NaN,NaN,NaN,NaN,NaN,NaN,NaN,NaN,NaN
NaN,NaN,NaN,NaN,NaN,NaN,NaN,NaN,NaN,NaN,NaN,NaN,NaN,NaN,NaN,NaN,NaN,NaN,NaN,NaN,NaN,NaN,NaN,NaN,NaN,NaN,NaN,NaN,NaN,NaN,NaN,NaN,NaN,NaN,NaN,NaN,NaN,NaN,NaN,NaN,NaN,NaN,NaN,NaN,NaN,NaN,NaN,NaN,NaN,NaN,NaN,NaN,NaN,NaN,NaN,NaN,NaN,NaN,NaN,NaN,NaN,NaN,NaN,NaN,NaN,NaN,NaN,NaN,NaN,NaN,NaN,NaN,NaN,NaN,NaN,NaN,NaN,0.0121997219156419,-0.0195514340321367,0.023417097956381,NaN,NaN,NaN,NaN,NaN,NaN,NaN,NaN,NaN,NaN,NaN,NaN,NaN,NaN,NaN,NaN,NaN,NaN,NaN,NaN,NaN,NaN,NaN,NaN,NaN,NaN,NaN,NaN,NaN,NaN,NaN,NaN,NaN,NaN,NaN,NaN,NaN,NaN,NaN,NaN,NaN,NaN,NaN,NaN,NaN,NaN,NaN,NaN,NaN,NaN,NaN,NaN,NaN,NaN,NaN,NaN,NaN,NaN,NaN,NaN,NaN,NaN,NaN,NaN,NaN,NaN,NaN,NaN,NaN,NaN,NaN,NaN,NaN,NaN,NaN,NaN,NaN,NaN,NaN,NaN,NaN,NaN,NaN,NaN,NaN,NaN,NaN,NaN,0.00891084386053113,0.00981105252687674,0.00931292075580767,0.0092389413314215,0.0101325365747319,0.00990415623820436,NaN,NaN,NaN,NaN,NaN,NaN,NaN,NaN,NaN,NaN,NaN,NaN,NaN,NaN,NaN,NaN,NaN,NaN,NaN,NaN,NaN,NaN,NaN,NaN,NaN,NaN,NaN,NaN,NaN,NaN,NaN,-0.199891016067764,-0.133475223769519,-0.134402111392282,NaN,-0.135998556106094,-0.0663850840315617,-0.0662783771978046,NaN,NaN,NaN,NaN,NaN,NaN,NaN,NaN,NaN,NaN,NaN,NaN,NaN,NaN,NaN,NaN,NaN,NaN,NaN,NaN,NaN,NaN,NaN,NaN,NaN,NaN,NaN,NaN,NaN,NaN,NaN,NaN,NaN
NaN,NaN,NaN,NaN,NaN,NaN,NaN,NaN,NaN,NaN,NaN,NaN,NaN,NaN,NaN,NaN,NaN,NaN,NaN,NaN,NaN,NaN,NaN,NaN,NaN,NaN,NaN,NaN,NaN,NaN,NaN,NaN,NaN,NaN,NaN,NaN,NaN,NaN,NaN,NaN,NaN,NaN,NaN,NaN,NaN,NaN,NaN,NaN,NaN,NaN,NaN,NaN,NaN,NaN,NaN,NaN,NaN,NaN,NaN,NaN,NaN,NaN,NaN,NaN,NaN,NaN,NaN,NaN,NaN,NaN,NaN,NaN,NaN,NaN,NaN,NaN,0.00292199064825277,-0.0194370138539264,-0.0194853895617197,-0.0195385773108082,NaN,NaN,NaN,NaN,NaN,NaN,NaN,NaN,NaN,NaN,NaN,NaN,NaN,NaN,NaN,NaN,NaN,NaN,NaN,NaN,NaN,NaN,NaN,NaN,NaN,NaN,NaN,NaN,NaN,NaN,NaN,NaN,NaN,NaN,NaN,NaN,NaN,NaN,NaN,NaN,NaN,NaN,NaN,NaN,NaN,NaN,NaN,NaN,NaN,NaN,NaN,NaN,NaN,NaN,NaN,NaN,NaN,NaN,NaN,NaN,NaN,NaN,NaN,NaN,NaN,NaN,NaN,NaN,NaN,NaN,NaN,NaN,NaN,NaN,NaN,NaN,NaN,NaN,NaN,NaN,NaN,NaN,NaN,NaN,NaN,NaN,NaN,NaN,NaN,0.0120001329167096,0.0100923334258358,0.00947327451639958,0.0095504125801298,0.00940069960264878,NaN,NaN,NaN,NaN,NaN,NaN,NaN,NaN,NaN,NaN,NaN,NaN,NaN,NaN,NaN,NaN,NaN,NaN,NaN,NaN,NaN,NaN,NaN,NaN,NaN,NaN,NaN,NaN,NaN,NaN,NaN,NaN,-0.200013405848403,-0.200451256707746,NaN,-0.136442239704819,-0.0667384108404124,-0.0935068224396652,NaN,NaN,NaN,NaN,NaN,NaN,NaN,NaN,NaN,NaN,NaN,NaN,NaN,NaN,NaN,NaN,NaN,NaN,NaN,NaN,NaN,NaN,NaN,NaN,NaN,NaN,NaN,NaN,NaN,NaN,NaN,NaN,NaN
NaN,NaN,NaN,NaN,NaN,NaN,NaN,NaN,NaN,NaN,NaN,NaN,NaN,NaN,NaN,NaN,NaN,NaN,NaN,NaN,NaN,NaN,NaN,NaN,NaN,NaN,NaN,NaN,NaN,NaN,NaN,NaN,NaN,NaN,NaN,NaN,NaN,NaN,NaN,NaN,NaN,NaN,NaN,NaN,NaN,NaN,NaN,NaN,NaN,NaN,NaN,NaN,NaN,NaN,NaN,NaN,NaN,NaN,NaN,NaN,NaN,NaN,NaN,NaN,NaN,NaN,NaN,NaN,NaN,NaN,NaN,NaN,NaN,NaN,NaN,0.00305941881448444,-0.0193274159192457,-0.0193492132481556,-0.0194184553872122,NaN,NaN,NaN,NaN,NaN,NaN,NaN,0.046630005265085,-0.012704547283871,NaN,NaN,NaN,NaN,NaN,NaN,NaN,NaN,NaN,NaN,NaN,NaN,NaN,NaN,NaN,NaN,NaN,NaN,NaN,NaN,NaN,NaN,NaN,NaN,NaN,NaN,NaN,NaN,NaN,NaN,NaN,NaN,NaN,NaN,NaN,NaN,NaN,NaN,NaN,NaN,NaN,NaN,NaN,NaN,NaN,NaN,NaN,NaN,NaN,NaN,NaN,NaN,NaN,NaN,NaN,NaN,NaN,NaN,NaN,NaN,NaN,NaN,NaN,NaN,NaN,NaN,NaN,NaN,NaN,NaN,NaN,NaN,NaN,NaN,NaN,NaN,NaN,NaN,NaN,NaN,NaN,0.0119992654267647,0.0108581405955132,0.0106692557106355,NaN,NaN,NaN,NaN,NaN,NaN,NaN,NaN,NaN,NaN,NaN,NaN,NaN,NaN,NaN,NaN,NaN,NaN,NaN,NaN,NaN,NaN,NaN,NaN,NaN,NaN,NaN,NaN,NaN,NaN,NaN,NaN,NaN,-0.23693916796168,-0.228636548358963,NaN,NaN,NaN,-0.134625365940963,-0.0933758090816902,-0.157255064546578,NaN,NaN,NaN,NaN,NaN,NaN,NaN,NaN,NaN,NaN,NaN,NaN,NaN,NaN,NaN,NaN,NaN,NaN,NaN,NaN,NaN,NaN,NaN,NaN,NaN,NaN,NaN,NaN,NaN,NaN,NaN,NaN
NaN,NaN,NaN,NaN,NaN,NaN,NaN,NaN,NaN,NaN,NaN,NaN,NaN,NaN,NaN,NaN,NaN,NaN,NaN,NaN,NaN,NaN,NaN,NaN,NaN,NaN,NaN,NaN,NaN,NaN,NaN,NaN,NaN,NaN,NaN,NaN,NaN,NaN,NaN,NaN,NaN,NaN,NaN,NaN,NaN,NaN,NaN,NaN,NaN,NaN,NaN,NaN,NaN,NaN,NaN,NaN,NaN,NaN,NaN,NaN,NaN,NaN,NaN,NaN,NaN,NaN,NaN,NaN,NaN,NaN,NaN,NaN,NaN,NaN,NaN,-0.0191370215827604,-0.0192558747205619,-0.0193047408097281,-0.0193203241706478,NaN,NaN,NaN,NaN,NaN,NaN,NaN,-0.0127003066372941,-0.0126770194922678,-0.012627197724294,0.046642514882702,NaN,NaN,NaN,NaN,NaN,NaN,NaN,NaN,NaN,NaN,NaN,NaN,NaN,NaN,NaN,NaN,NaN,NaN,NaN,NaN,NaN,NaN,NaN,NaN,NaN,NaN,NaN,NaN,NaN,NaN,NaN,NaN,NaN,NaN,NaN,NaN,NaN,NaN,NaN,NaN,NaN,NaN,NaN,NaN,NaN,NaN,NaN,NaN,NaN,NaN,NaN,NaN,NaN,NaN,NaN,NaN,NaN,NaN,NaN,NaN,NaN,NaN,NaN,NaN,NaN,NaN,NaN,NaN,NaN,NaN,NaN,NaN,NaN,NaN,NaN,NaN,NaN,NaN,NaN,0.0123406509634995,0.0111005936910135,0.0106088586588088,NaN,NaN,NaN,NaN,NaN,NaN,NaN,NaN,NaN,NaN,NaN,NaN,NaN,NaN,NaN,NaN,NaN,NaN,NaN,NaN,NaN,NaN,NaN,NaN,NaN,NaN,NaN,NaN,NaN,NaN,NaN,NaN,NaN,-0.237496725286586,-0.236857739513156,NaN,NaN,NaN,-0.138308859975907,-0.0934783139338559,-0.138281170258607,NaN,NaN,NaN,NaN,NaN,NaN,NaN,NaN,NaN,NaN,NaN,NaN,NaN,NaN,NaN,NaN,NaN,NaN,NaN,NaN,NaN,NaN,NaN,NaN,NaN,NaN,NaN,NaN,NaN,NaN,NaN,NaN
NaN,NaN,NaN,NaN,NaN,NaN,NaN,NaN,NaN,NaN,NaN,NaN,NaN,NaN,NaN,NaN,NaN,NaN,NaN,NaN,NaN,NaN,NaN,NaN,NaN,NaN,NaN,NaN,NaN,NaN,NaN,NaN,NaN,NaN,NaN,NaN,NaN,NaN,NaN,NaN,NaN,NaN,NaN,NaN,NaN,NaN,NaN,NaN,NaN,NaN,NaN,NaN,NaN,NaN,NaN,NaN,NaN,NaN,NaN,NaN,NaN,NaN,NaN,NaN,NaN,NaN,NaN,NaN,NaN,NaN,NaN,NaN,NaN,NaN,-0.018701465119107,-0.0189455724487211,-0.0191737159646729,-0.0192678496872802,-0.01932570922809,NaN,NaN,NaN,NaN,NaN,NaN,-0.0127598512475125,-0.0127091582216529,-0.0126537110965085,-0.0125493174547299,-0.012423478679675,NaN,NaN,NaN,NaN,NaN,NaN,NaN,NaN,NaN,NaN,NaN,NaN,NaN,NaN,NaN,NaN,NaN,NaN,NaN,NaN,NaN,NaN,NaN,NaN,NaN,NaN,NaN,NaN,NaN,NaN,NaN,NaN,NaN,NaN,NaN,NaN,NaN,NaN,NaN,NaN,NaN,NaN,NaN,NaN,NaN,NaN,NaN,NaN,NaN,NaN,NaN,NaN,NaN,NaN,NaN,NaN,NaN,NaN,NaN,NaN,NaN,NaN,NaN,NaN,NaN,NaN,NaN,NaN,NaN,NaN,NaN,NaN,NaN,NaN,NaN,NaN,NaN,NaN,NaN,0.0128461069482697,0.0113200500889118,0.0104949916407253,NaN,NaN,NaN,NaN,NaN,NaN,NaN,NaN,NaN,NaN,NaN,NaN,NaN,NaN,NaN,NaN,NaN,NaN,NaN,NaN,NaN,NaN,NaN,NaN,NaN,NaN,NaN,NaN,NaN,NaN,NaN,NaN,NaN,NaN,NaN,NaN,NaN,NaN,-0.194062081640616,-0.123590408906737,-0.194004986280464,NaN,NaN,NaN,NaN,NaN,NaN,NaN,NaN,NaN,NaN,NaN,NaN,NaN,NaN,NaN,NaN,NaN,NaN,NaN,NaN,NaN,NaN,NaN,NaN,NaN,NaN,NaN,NaN,NaN,NaN,NaN,NaN
NaN,NaN,NaN,NaN,NaN,NaN,NaN,NaN,NaN,NaN,NaN,NaN,NaN,NaN,NaN,NaN,NaN,NaN,NaN,NaN,NaN,NaN,NaN,NaN,NaN,NaN,NaN,NaN,NaN,NaN,NaN,NaN,NaN,NaN,NaN,NaN,NaN,NaN,NaN,NaN,NaN,NaN,NaN,NaN,NaN,NaN,NaN,NaN,NaN,NaN,NaN,NaN,NaN,NaN,NaN,NaN,NaN,NaN,NaN,NaN,NaN,NaN,NaN,NaN,NaN,NaN,NaN,NaN,NaN,NaN,NaN,NaN,NaN,-0.0182534569036912,-0.0226734266989229,-0.018641460202603,0.00434564152007458,-0.0190514694231519,0.00217926002827588,NaN,NaN,0.00815059587372071,-0.00502757116338894,0.00165528639966665,NaN,0.0243002715093657,-0.01270570494004,-0.0126206307738947,-0.0124352776662542,-0.0122723720352662,-0.0121118176124499,NaN,NaN,NaN,NaN,NaN,NaN,NaN,NaN,NaN,NaN,NaN,NaN,NaN,NaN,NaN,NaN,NaN,NaN,NaN,NaN,NaN,NaN,NaN,NaN,NaN,NaN,NaN,NaN,NaN,NaN,NaN,NaN,NaN,NaN,NaN,NaN,NaN,NaN,NaN,NaN,NaN,NaN,NaN,NaN,NaN,NaN,NaN,NaN,NaN,NaN,NaN,NaN,NaN,NaN,NaN,NaN,NaN,NaN,NaN,NaN,NaN,NaN,NaN,NaN,NaN,NaN,NaN,NaN,NaN,NaN,NaN,NaN,NaN,NaN,NaN,NaN,NaN,0.0150533991091125,0.013312131102536,0.0114136876976816,0.0104801560543563,NaN,NaN,NaN,NaN,NaN,NaN,NaN,NaN,NaN,NaN,NaN,NaN,NaN,NaN,NaN,NaN,NaN,NaN,NaN,NaN,NaN,NaN,NaN,NaN,NaN,NaN,NaN,NaN,NaN,NaN,NaN,NaN,NaN,NaN,NaN,NaN,NaN,NaN,NaN,NaN,NaN,NaN,NaN,NaN,NaN,NaN,NaN,NaN,NaN,NaN,NaN,NaN,NaN,NaN,NaN,NaN,NaN,NaN,NaN,NaN,NaN,NaN,NaN,NaN,NaN,NaN,NaN,NaN,NaN,NaN,NaN,NaN,NaN
NaN,NaN,NaN,NaN,NaN,NaN,NaN,NaN,NaN,NaN,NaN,NaN,NaN,NaN,NaN,NaN,NaN,NaN,NaN,NaN,NaN,NaN,NaN,NaN,NaN,NaN,NaN,NaN,NaN,NaN,NaN,NaN,NaN,NaN,NaN,NaN,NaN,NaN,NaN,NaN,NaN,NaN,NaN,NaN,NaN,NaN,NaN,NaN,NaN,NaN,NaN,NaN,NaN,NaN,NaN,NaN,NaN,NaN,NaN,NaN,NaN,NaN,NaN,NaN,NaN,NaN,NaN,NaN,NaN,NaN,NaN,NaN,NaN,-0.0222380684542768,-0.022353637159411,-0.000744799337353279,-0.0185776232750218,-0.0186889226312585,0.0272815389571822,NaN,0.00819464834974168,-0.0156572042158435,-0.0156800264055397,-0.0156784667191063,-0.0156669178401998,0.0256046041451752,0.0239566466532782,0.0270093930874785,-0.0122598731845398,-0.0120725955902052,-0.0118843742314333,NaN,NaN,NaN,NaN,NaN,NaN,NaN,NaN,NaN,NaN,NaN,NaN,NaN,NaN,NaN,NaN,NaN,NaN,NaN,NaN,NaN,NaN,NaN,NaN,NaN,NaN,NaN,NaN,NaN,NaN,NaN,NaN,NaN,NaN,NaN,NaN,NaN,NaN,NaN,NaN,NaN,NaN,NaN,NaN,NaN,NaN,NaN,NaN,NaN,NaN,NaN,NaN,NaN,NaN,NaN,NaN,NaN,NaN,NaN,NaN,NaN,NaN,NaN,NaN,NaN,NaN,NaN,NaN,NaN,NaN,NaN,NaN,NaN,NaN,NaN,NaN,0.0141508248480612,0.0140196601086249,0.0127496957496693,0.0111960915690492,0.0109550432518646,0.0109256359842727,NaN,NaN,NaN,NaN,NaN,NaN,NaN,NaN,NaN,NaN,NaN,NaN,NaN,NaN,NaN,NaN,NaN,NaN,NaN,NaN,NaN,NaN,NaN,NaN,NaN,NaN,NaN,NaN,NaN,NaN,NaN,NaN,NaN,NaN,NaN,NaN,NaN,NaN,NaN,NaN,NaN,NaN,NaN,NaN,NaN,NaN,NaN,NaN,NaN,NaN,NaN,NaN,NaN,NaN,NaN,NaN,NaN,NaN,NaN,NaN,NaN,NaN,NaN,NaN,NaN,NaN,NaN,NaN,NaN,NaN,NaN,NaN
NaN,NaN,NaN,NaN,NaN,NaN,NaN,NaN,NaN,NaN,NaN,NaN,NaN,NaN,NaN,NaN,NaN,NaN,NaN,NaN,NaN,NaN,NaN,NaN,NaN,NaN,NaN,NaN,NaN,NaN,NaN,NaN,NaN,NaN,NaN,NaN,NaN,NaN,NaN,NaN,NaN,NaN,NaN,NaN,NaN,NaN,NaN,NaN,NaN,NaN,NaN,NaN,NaN,NaN,NaN,NaN,NaN,NaN,NaN,NaN,NaN,NaN,NaN,NaN,NaN,NaN,NaN,NaN,NaN,NaN,NaN,NaN,-0.0170370471565908,-0.0231384268671354,-0.0172292298801072,-0.0171512816864405,0.00931479621485645,-0.00386093656408118,0.0563201136069714,NaN,0.0132821860046891,-0.0154902878195198,-0.00471810650537657,-0.00321064666696829,-0.00811906123111881,0.00136825864989058,-0.00803830179399545,0.00993118323282445,0.00830796652338857,-0.0117291333402107,-0.0114943030369652,-0.0111516267421171,-0.0110371709754776,NaN,NaN,NaN,NaN,NaN,NaN,NaN,NaN,NaN,NaN,NaN,NaN,NaN,NaN,NaN,NaN,NaN,NaN,NaN,NaN,NaN,NaN,NaN,NaN,NaN,NaN,NaN,NaN,NaN,NaN,NaN,NaN,NaN,NaN,NaN,NaN,NaN,NaN,NaN,NaN,NaN,NaN,NaN,NaN,NaN,NaN,NaN,NaN,NaN,NaN,NaN,NaN,NaN,NaN,NaN,NaN,NaN,NaN,NaN,NaN,NaN,NaN,NaN,NaN,NaN,NaN,NaN,NaN,NaN,NaN,NaN,NaN,NaN,NaN,0.0136950601996777,0.0134523264417918,0.012106083901237,0.0113799736255668,0.0115419933616638,0.0111442846939216,0.0110828028773885,NaN,NaN,NaN,NaN,NaN,NaN,NaN,NaN,NaN,NaN,NaN,NaN,NaN,NaN,NaN,NaN,NaN,NaN,NaN,NaN,NaN,NaN,NaN,NaN,NaN,NaN,NaN,NaN,NaN,NaN,NaN,NaN,NaN,NaN,NaN,NaN,NaN,NaN,NaN,NaN,NaN,NaN,NaN,NaN,NaN,NaN,NaN,NaN,NaN,NaN,NaN,NaN,NaN,NaN,NaN,NaN,NaN,NaN,NaN,NaN,NaN,NaN,NaN,NaN,NaN,NaN,NaN,NaN,NaN,NaN,NaN
NaN,NaN,NaN,NaN,NaN,NaN,NaN,NaN,NaN,NaN,NaN,NaN,NaN,NaN,NaN,NaN,NaN,NaN,NaN,NaN,NaN,NaN,NaN,NaN,NaN,NaN,NaN,NaN,NaN,NaN,NaN,NaN,NaN,NaN,NaN,NaN,NaN,NaN,NaN,NaN,NaN,NaN,NaN,NaN,NaN,NaN,NaN,NaN,NaN,NaN,NaN,NaN,NaN,NaN,NaN,NaN,NaN,NaN,NaN,NaN,NaN,NaN,NaN,NaN,NaN,NaN,NaN,NaN,NaN,NaN,NaN,NaN,-0.0168087711542103,-0.0227549560890318,-0.0164435716825059,-0.00978067781971928,-0.00128439461261351,-0.00822766502940725,0.00587737496039453,NaN,0.04707733054491,-0.0144939557298822,-0.0234431461766365,-0.0254032305790045,-0.0248637578810289,-0.0172416512300377,-0.013475416815226,-0.0110520713520154,-0.0103228907314246,0.000399145068792433,-0.0111173659068134,-0.0109943731522437,-0.0109210271013663,-0.0107982891339407,NaN,NaN,NaN,NaN,NaN,NaN,NaN,NaN,NaN,NaN,NaN,NaN,NaN,NaN,NaN,NaN,NaN,NaN,NaN,NaN,NaN,NaN,NaN,NaN,NaN,NaN,NaN,NaN,NaN,NaN,NaN,NaN,NaN,NaN,NaN,NaN,NaN,NaN,NaN,NaN,NaN,NaN,NaN,NaN,NaN,NaN,NaN,NaN,NaN,NaN,NaN,NaN,NaN,NaN,NaN,NaN,NaN,NaN,NaN,NaN,NaN,NaN,NaN,NaN,NaN,NaN,NaN,NaN,NaN,NaN,NaN,NaN,NaN,0.0153547305291638,0.014223289633735,0.0126025149417223,0.0113169300286956,0.0112703707050183,0.0109844382159091,0.0110019345186116,NaN,NaN,NaN,NaN,NaN,NaN,NaN,NaN,NaN,NaN,NaN,NaN,NaN,NaN,NaN,NaN,NaN,NaN,NaN,NaN,NaN,NaN,NaN,NaN,NaN,NaN,NaN,NaN,NaN,NaN,NaN,NaN,NaN,NaN,NaN,NaN,NaN,NaN,NaN,NaN,NaN,NaN,NaN,NaN,NaN,NaN,NaN,NaN,NaN,NaN,NaN,NaN,NaN,NaN,NaN,NaN,NaN,NaN,NaN,NaN,NaN,NaN,NaN,NaN,NaN,NaN,NaN,NaN,NaN,NaN,NaN
NaN,NaN,NaN,NaN,NaN,NaN,NaN,NaN,NaN,NaN,NaN,NaN,NaN,NaN,NaN,NaN,NaN,NaN,NaN,NaN,NaN,NaN,NaN,NaN,NaN,NaN,NaN,NaN,NaN,NaN,NaN,NaN,NaN,NaN,NaN,NaN,NaN,NaN,NaN,NaN,NaN,NaN,NaN,NaN,NaN,NaN,NaN,NaN,NaN,NaN,NaN,NaN,NaN,NaN,NaN,NaN,NaN,NaN,NaN,NaN,NaN,NaN,NaN,NaN,NaN,NaN,NaN,NaN,NaN,NaN,NaN,NaN,NaN,-0.0219705907813616,-0.0135079708233576,-0.0358180989710714,-0.0202048806423645,-0.0151504547152136,-0.020362481963855,-0.0127092239215433,-0.00967030693744425,-0.0277210128673395,-0.0300522027334947,-0.0312879502204468,-0.0319437376154277,-0.0305246804882734,-0.0227621325471826,-0.019924779579704,-0.0163815507455145,-0.0135440171085737,-0.0103290600009422,-0.0107226255038453,-0.010723183506788,-0.0106643617804756,-0.0106565353475431,NaN,NaN,NaN,NaN,NaN,NaN,NaN,NaN,NaN,NaN,NaN,NaN,NaN,NaN,NaN,NaN,NaN,NaN,NaN,NaN,NaN,NaN,NaN,NaN,NaN,NaN,NaN,NaN,NaN,NaN,NaN,NaN,NaN,NaN,NaN,NaN,NaN,NaN,NaN,NaN,NaN,NaN,NaN,NaN,NaN,NaN,NaN,NaN,NaN,NaN,NaN,NaN,NaN,NaN,NaN,NaN,NaN,NaN,NaN,NaN,NaN,NaN,NaN,NaN,NaN,NaN,NaN,NaN,NaN,NaN,NaN,0.0197848391674513,0.0170220766801551,0.0148016959590334,0.013922014778969,NaN,NaN,NaN,NaN,NaN,NaN,NaN,NaN,NaN,NaN,NaN,NaN,NaN,NaN,NaN,NaN,NaN,NaN,NaN,NaN,NaN,NaN,NaN,NaN,NaN,NaN,NaN,NaN,NaN,NaN,NaN,NaN,NaN,NaN,NaN,NaN,NaN,NaN,NaN,NaN,NaN,NaN,NaN,NaN,NaN,NaN,NaN,NaN,NaN,NaN,NaN,NaN,NaN,NaN,NaN,NaN,NaN,NaN,NaN,NaN,NaN,NaN,NaN,NaN,NaN,NaN,NaN,NaN,NaN,NaN,NaN,NaN,NaN,NaN,NaN
NaN,NaN,NaN,NaN,NaN,NaN,NaN,NaN,NaN,NaN,NaN,NaN,NaN,NaN,NaN,NaN,NaN,NaN,NaN,NaN,NaN,NaN,NaN,NaN,NaN,NaN,NaN,NaN,NaN,NaN,NaN,NaN,NaN,NaN,NaN,NaN,NaN,NaN,NaN,NaN,NaN,NaN,NaN,NaN,NaN,NaN,NaN,NaN,NaN,NaN,NaN,NaN,NaN,NaN,NaN,NaN,NaN,NaN,NaN,NaN,NaN,NaN,NaN,NaN,NaN,NaN,NaN,NaN,NaN,NaN,NaN,NaN,0.00872453000888422,-0.0212448807029653,-0.013565570157855,-0.0351412010330885,-0.0265519268118806,-0.0252648002565321,-0.0287709159803363,-0.0234239510554911,-0.0285335704553943,-0.0312748439576737,-0.0340510050739793,-0.0362079639114493,-0.0362164199670373,-0.0309700849337099,-0.0291637414596437,-0.0264404170486408,-0.0253786652538522,-0.0225774476528563,-0.0161067912487353,-0.00586934018618458,-0.010398646110507,-0.0104527405958425,-0.0105899335629158,NaN,NaN,NaN,NaN,NaN,NaN,NaN,NaN,NaN,NaN,NaN,NaN,NaN,NaN,NaN,NaN,NaN,NaN,NaN,NaN,NaN,NaN,NaN,NaN,NaN,NaN,NaN,NaN,NaN,NaN,NaN,NaN,NaN,NaN,NaN,NaN,NaN,NaN,NaN,NaN,NaN,NaN,NaN,NaN,NaN,NaN,NaN,NaN,NaN,NaN,NaN,NaN,NaN,NaN,NaN,NaN,NaN,NaN,NaN,NaN,NaN,NaN,NaN,NaN,NaN,NaN,NaN,NaN,NaN,NaN,0.01989240638436,0.0187469071964505,0.0157091203230654,0.0136506974808755,0.0125184416417188,NaN,NaN,NaN,NaN,NaN,NaN,NaN,NaN,NaN,NaN,NaN,NaN,NaN,NaN,NaN,NaN,NaN,NaN,NaN,NaN,NaN,NaN,NaN,NaN,NaN,NaN,NaN,NaN,NaN,NaN,NaN,NaN,NaN,NaN,NaN,NaN,NaN,NaN,NaN,NaN,NaN,NaN,NaN,NaN,NaN,NaN,NaN,NaN,NaN,NaN,NaN,NaN,NaN,NaN,NaN,NaN,NaN,NaN,NaN,NaN,NaN,NaN,NaN,NaN,NaN,NaN,NaN,NaN,NaN,NaN,NaN,NaN,NaN,NaN,NaN
NaN,NaN,NaN,NaN,NaN,NaN,NaN,NaN,NaN,NaN,NaN,NaN,NaN,NaN,NaN,NaN,NaN,NaN,NaN,NaN,NaN,NaN,NaN,NaN,NaN,NaN,NaN,NaN,NaN,NaN,NaN,NaN,NaN,NaN,NaN,NaN,NaN,NaN,NaN,NaN,NaN,NaN,NaN,NaN,NaN,NaN,NaN,NaN,NaN,NaN,NaN,NaN,NaN,NaN,NaN,NaN,NaN,NaN,NaN,NaN,NaN,NaN,NaN,NaN,NaN,NaN,NaN,NaN,NaN,NaN,NaN,NaN,-0.00879145130489343,-0.0207701516728808,-0.020996729297372,-0.0341887526793657,-0.0326216521969046,-0.0311547660147718,-0.0319316698684115,-0.0323677349301678,-0.0333293306160539,-0.0324389341612808,-0.0346759125547162,-0.0356123234822186,-0.0356418985788097,-0.0350800018039458,-0.0318682608660519,-0.0318988039843052,-0.0303960474103704,-0.0269279403675045,-0.0290219653309621,-0.0197507202955961,-0.00682296058058454,-0.00984846150827341,NaN,NaN,NaN,NaN,NaN,NaN,NaN,NaN,NaN,NaN,NaN,NaN,NaN,NaN,NaN,NaN,NaN,NaN,NaN,NaN,NaN,NaN,NaN,NaN,NaN,NaN,NaN,NaN,NaN,NaN,NaN,NaN,NaN,NaN,NaN,NaN,NaN,NaN,NaN,NaN,NaN,NaN,NaN,NaN,NaN,NaN,NaN,NaN,NaN,NaN,NaN,NaN,NaN,NaN,NaN,NaN,NaN,NaN,NaN,NaN,NaN,NaN,NaN,NaN,NaN,NaN,NaN,NaN,NaN,NaN,0.0192526787023837,0.0197942069224491,0.0194989957864954,0.0151190494036142,0.0135122518255772,NaN,NaN,NaN,NaN,NaN,NaN,NaN,NaN,NaN,NaN,NaN,NaN,NaN,NaN,NaN,NaN,NaN,NaN,NaN,NaN,NaN,NaN,NaN,NaN,NaN,NaN,NaN,NaN,NaN,NaN,NaN,NaN,NaN,NaN,NaN,NaN,NaN,NaN,NaN,NaN,NaN,NaN,NaN,NaN,NaN,NaN,NaN,NaN,NaN,NaN,NaN,NaN,NaN,NaN,NaN,NaN,NaN,NaN,NaN,NaN,NaN,NaN,NaN,NaN,NaN,NaN,NaN,NaN,NaN,NaN,NaN,NaN,NaN,NaN,NaN,NaN
NaN,NaN,NaN,NaN,NaN,NaN,NaN,NaN,NaN,NaN,NaN,NaN,NaN,NaN,NaN,NaN,NaN,NaN,NaN,NaN,NaN,NaN,NaN,NaN,NaN,NaN,NaN,NaN,NaN,NaN,NaN,NaN,NaN,NaN,NaN,NaN,NaN,NaN,NaN,NaN,NaN,NaN,NaN,NaN,NaN,NaN,NaN,NaN,NaN,NaN,NaN,NaN,NaN,NaN,NaN,NaN,NaN,NaN,NaN,NaN,NaN,NaN,NaN,NaN,NaN,NaN,NaN,NaN,NaN,NaN,NaN,NaN,-0.0203568712082601,-0.0202386502083762,-0.0200918502776247,-0.0332810421795223,-0.033008124586707,-0.0337773881589666,-0.0340777450362893,-0.0340395356343916,-0.0338100998761543,-0.0119130871182472,-0.027435390469561,-0.0345604139074691,-0.0347856102389042,-0.029017775008691,-0.0319477840196765,-0.00300669048443131,-0.0269942445231525,-0.0314746333309529,-0.0313890153509014,-0.023001799198376,-0.0175375249749776,-0.00114437811319037,-0.0131714182412459,NaN,NaN,NaN,NaN,NaN,NaN,NaN,NaN,NaN,NaN,NaN,NaN,NaN,NaN,NaN,NaN,NaN,NaN,NaN,NaN,NaN,NaN,NaN,NaN,NaN,NaN,NaN,NaN,NaN,NaN,NaN,NaN,NaN,NaN,NaN,NaN,NaN,NaN,NaN,NaN,NaN,NaN,NaN,NaN,NaN,NaN,NaN,NaN,NaN,NaN,NaN,NaN,NaN,NaN,NaN,NaN,NaN,NaN,NaN,NaN,NaN,NaN,NaN,NaN,NaN,NaN,NaN,NaN,0.0177046836050233,0.019542056321193,0.021197488678076,0.0222003612937452,NaN,NaN,NaN,NaN,NaN,NaN,NaN,NaN,NaN,NaN,NaN,NaN,NaN,NaN,NaN,NaN,NaN,NaN,NaN,NaN,NaN,NaN,NaN,NaN,NaN,NaN,NaN,NaN,NaN,NaN,NaN,NaN,NaN,NaN,NaN,NaN,NaN,NaN,NaN,NaN,NaN,NaN,NaN,NaN,NaN,NaN,NaN,NaN,NaN,NaN,NaN,NaN,NaN,NaN,NaN,NaN,NaN,NaN,NaN,NaN,NaN,NaN,NaN,NaN,NaN,NaN,NaN,NaN,NaN,NaN,NaN,NaN,NaN,NaN,NaN,NaN,NaN,NaN
NaN,NaN,NaN,NaN,NaN,NaN,NaN,NaN,NaN,NaN,NaN,NaN,NaN,NaN,NaN,NaN,NaN,NaN,NaN,NaN,NaN,NaN,NaN,NaN,NaN,NaN,NaN,NaN,NaN,NaN,NaN,NaN,NaN,NaN,NaN,NaN,NaN,NaN,NaN,NaN,NaN,NaN,NaN,NaN,NaN,NaN,NaN,NaN,NaN,NaN,NaN,NaN,NaN,NaN,NaN,NaN,NaN,NaN,NaN,NaN,NaN,NaN,NaN,NaN,NaN,NaN,NaN,NaN,NaN,NaN,0.0625674896425394,0.0136324695657319,-0.00804403791038746,-0.012575240226344,-0.0247880070175295,-0.0318359130062487,-0.0340445345273437,-0.031578936580714,-0.0341406875042323,-0.0138882627836392,-0.0151299675464155,-0.0348774729833901,-0.0361542784460198,-0.0363803848836245,-0.0265909315844387,-0.0179876583222828,-0.0329330864143547,-0.0239795271926693,-0.0301775012246893,-0.0348711700710625,-0.0343564088477488,-0.0308872310382329,-0.0256671703829385,-0.0128814689393443,-0.0134825286034767,-0.0128618588743452,NaN,NaN,NaN,NaN,NaN,NaN,NaN,NaN,NaN,NaN,NaN,NaN,NaN,NaN,NaN,NaN,NaN,NaN,NaN,NaN,NaN,NaN,NaN,NaN,NaN,NaN,NaN,NaN,NaN,NaN,NaN,NaN,NaN,NaN,NaN,NaN,NaN,NaN,NaN,NaN,NaN,NaN,NaN,NaN,NaN,NaN,NaN,NaN,NaN,NaN,NaN,NaN,NaN,NaN,NaN,NaN,NaN,NaN,NaN,NaN,NaN,NaN,NaN,NaN,NaN,0.0184226256812424,0.0173804975070742,0.0178572370910252,0.02033605739969,0.0229754947774611,NaN,NaN,NaN,NaN,NaN,NaN,NaN,NaN,NaN,NaN,NaN,NaN,NaN,NaN,NaN,NaN,NaN,NaN,NaN,NaN,NaN,NaN,NaN,NaN,NaN,NaN,NaN,NaN,NaN,NaN,NaN,NaN,NaN,NaN,NaN,NaN,NaN,NaN,NaN,NaN,NaN,NaN,NaN,NaN,NaN,NaN,NaN,NaN,NaN,NaN,NaN,NaN,NaN,NaN,NaN,NaN,NaN,NaN,NaN,NaN,NaN,NaN,NaN,NaN,NaN,NaN,NaN,NaN,NaN,NaN,NaN,NaN,NaN,NaN,NaN,NaN,NaN,NaN,NaN
NaN,NaN,NaN,NaN,NaN,NaN,NaN,NaN,NaN,NaN,NaN,NaN,NaN,NaN,NaN,NaN,NaN,NaN,NaN,NaN,NaN,NaN,NaN,NaN,NaN,NaN,NaN,NaN,NaN,NaN,NaN,NaN,NaN,NaN,NaN,NaN,NaN,NaN,NaN,NaN,NaN,NaN,NaN,NaN,NaN,NaN,NaN,NaN,NaN,NaN,NaN,NaN,NaN,NaN,NaN,NaN,NaN,NaN,NaN,NaN,NaN,NaN,NaN,NaN,NaN,NaN,NaN,NaN,NaN,NaN,0.013794512591137,0.0112633624068162,0.0119737105652264,-0.015362558891487,-0.0245457445043329,-0.0294328300472535,-0.0331191534858653,-0.0329173581875983,-0.0331323881813367,-0.0341105651679614,-0.034868078947919,-0.0352662859543903,-0.0349346973186052,-0.0355857930158258,-0.0340681388813686,-0.0344678007546158,-0.0316885432601489,-0.0360651718683181,-0.0359453356400648,-0.0367723520586763,-0.0358304149244796,-0.0349611058075566,-0.0304521061059043,-0.00885657359290324,-0.0126901574273852,-0.0226316658618674,NaN,NaN,NaN,NaN,NaN,NaN,NaN,NaN,NaN,NaN,NaN,NaN,NaN,NaN,NaN,NaN,NaN,NaN,NaN,NaN,NaN,NaN,NaN,NaN,NaN,NaN,NaN,NaN,NaN,NaN,NaN,NaN,NaN,NaN,NaN,NaN,NaN,NaN,NaN,NaN,NaN,NaN,NaN,NaN,NaN,NaN,NaN,NaN,NaN,NaN,NaN,NaN,NaN,NaN,NaN,NaN,NaN,NaN,NaN,NaN,NaN,NaN,NaN,NaN,NaN,0.0181526017982575,0.01797265124526,0.0189217162544563,0.0212854432180991,0.0216386530847677,NaN,NaN,NaN,NaN,NaN,NaN,NaN,NaN,NaN,NaN,NaN,NaN,NaN,NaN,NaN,NaN,NaN,NaN,NaN,NaN,NaN,NaN,NaN,NaN,NaN,NaN,NaN,NaN,NaN,NaN,NaN,NaN,NaN,NaN,NaN,NaN,NaN,NaN,NaN,NaN,NaN,NaN,NaN,NaN,NaN,NaN,NaN,NaN,NaN,NaN,NaN,NaN,NaN,NaN,NaN,NaN,NaN,NaN,NaN,NaN,NaN,NaN,NaN,NaN,NaN,NaN,NaN,NaN,NaN,NaN,NaN,NaN,NaN,NaN,NaN,NaN,NaN,NaN,NaN
NaN,NaN,NaN,NaN,NaN,NaN,NaN,NaN,NaN,NaN,NaN,NaN,NaN,NaN,NaN,NaN,NaN,NaN,NaN,NaN,NaN,NaN,NaN,NaN,NaN,NaN,NaN,NaN,NaN,NaN,NaN,NaN,NaN,NaN,NaN,NaN,NaN,NaN,NaN,NaN,NaN,NaN,NaN,NaN,NaN,NaN,NaN,NaN,NaN,NaN,NaN,NaN,NaN,NaN,NaN,NaN,NaN,NaN,NaN,NaN,NaN,NaN,NaN,NaN,NaN,NaN,NaN,NaN,NaN,NaN,0.0625898889844735,0.0141614458239471,0.014727529091156,-0.0167963460914243,-0.0284989681592104,-0.0237624836145195,-0.0134724944149267,-0.0317800719759094,-0.00807373517077498,-0.0316306073887238,-0.0343009581950119,-0.0342934363144749,-0.033245216094455,-0.034683450083351,-0.0347949339455733,-0.0325027634352961,-0.0351293712036156,-0.036167921689224,-0.0361889181243452,-0.0368034630739186,-0.0365437544525355,-0.0355703227198234,-0.0322124620948719,-0.0177715166325176,-0.00384472189733445,-0.0224411325899633,-0.00422315819938758,NaN,NaN,NaN,NaN,NaN,NaN,NaN,NaN,NaN,NaN,NaN,NaN,NaN,NaN,NaN,NaN,NaN,NaN,NaN,NaN,NaN,NaN,NaN,NaN,NaN,NaN,NaN,NaN,NaN,NaN,NaN,NaN,NaN,NaN,NaN,NaN,NaN,NaN,NaN,NaN,NaN,NaN,NaN,NaN,NaN,NaN,NaN,NaN,NaN,NaN,NaN,NaN,NaN,NaN,NaN,NaN,NaN,NaN,NaN,NaN,NaN,NaN,NaN,NaN,0.0164146668392015,0.0172456025168488,0.0195721725529717,0.0225364416588379,NaN,NaN,NaN,NaN,NaN,NaN,NaN,NaN,NaN,NaN,NaN,NaN,NaN,NaN,NaN,NaN,NaN,NaN,NaN,NaN,NaN,NaN,NaN,NaN,NaN,NaN,NaN,NaN,NaN,NaN,NaN,NaN,NaN,NaN,NaN,NaN,NaN,NaN,NaN,NaN,NaN,NaN,NaN,NaN,NaN,NaN,NaN,NaN,NaN,NaN,NaN,NaN,NaN,NaN,NaN,NaN,NaN,NaN,NaN,NaN,NaN,NaN,NaN,NaN,NaN,NaN,NaN,NaN,NaN,NaN,NaN,NaN,NaN,NaN,NaN,NaN,NaN,NaN,NaN,NaN
NaN,NaN,NaN,NaN,NaN,NaN,NaN,NaN,NaN,NaN,NaN,NaN,NaN,NaN,NaN,NaN,NaN,NaN,NaN,NaN,NaN,NaN,NaN,NaN,NaN,NaN,NaN,NaN,NaN,NaN,NaN,NaN,NaN,NaN,NaN,NaN,NaN,NaN,NaN,NaN,NaN,NaN,NaN,NaN,NaN,NaN,NaN,NaN,NaN,NaN,NaN,NaN,NaN,NaN,NaN,NaN,NaN,NaN,NaN,NaN,NaN,NaN,NaN,NaN,NaN,NaN,NaN,NaN,NaN,NaN,0.079409282179394,0.0552514631724998,0.00386223136086688,-0.0229946591421997,-0.026636284145801,-0.0280828082529482,-0.0113499754712612,-0.00699126661740477,-0.0323564370326636,-0.0312549469295208,-0.0330637115560077,-0.0332765772492338,-0.0334893926152052,-0.0338386653625552,-0.0341921977280525,-0.0324556714877642,-0.0348782850666118,-0.035664066042362,-0.0360842884546016,-0.0361878985024335,-0.0364037200360201,-0.0355602639597944,-0.0342789891577917,-0.0247338417550322,-0.0117389201113518,-0.021805217660559,0.0394930811760855,NaN,NaN,NaN,NaN,NaN,NaN,NaN,NaN,NaN,NaN,NaN,NaN,NaN,NaN,NaN,NaN,NaN,NaN,NaN,NaN,NaN,NaN,NaN,NaN,NaN,NaN,NaN,NaN,NaN,NaN,NaN,NaN,NaN,NaN,NaN,NaN,NaN,NaN,NaN,NaN,NaN,NaN,NaN,NaN,NaN,NaN,NaN,NaN,NaN,NaN,NaN,NaN,NaN,NaN,NaN,NaN,NaN,NaN,NaN,NaN,NaN,NaN,NaN,NaN,0.015704483134502,0.0167825641513288,0.0195138550687615,0.0212653546161258,NaN,NaN,NaN,NaN,NaN,NaN,NaN,NaN,NaN,NaN,NaN,NaN,NaN,NaN,NaN,NaN,NaN,NaN,NaN,NaN,NaN,NaN,NaN,NaN,NaN,NaN,NaN,NaN,NaN,NaN,NaN,NaN,NaN,NaN,NaN,NaN,NaN,NaN,NaN,NaN,NaN,NaN,NaN,NaN,NaN,NaN,NaN,NaN,NaN,NaN,NaN,NaN,NaN,NaN,NaN,NaN,NaN,NaN,NaN,NaN,NaN,NaN,NaN,NaN,NaN,NaN,NaN,NaN,NaN,NaN,NaN,NaN,NaN,NaN,NaN,NaN,NaN,NaN,NaN,NaN
NaN,NaN,NaN,NaN,NaN,NaN,NaN,NaN,NaN,NaN,NaN,NaN,NaN,NaN,NaN,NaN,NaN,NaN,NaN,NaN,NaN,NaN,NaN,NaN,NaN,NaN,NaN,NaN,NaN,NaN,NaN,NaN,NaN,NaN,NaN,NaN,NaN,NaN,NaN,NaN,NaN,NaN,NaN,NaN,NaN,NaN,NaN,NaN,NaN,NaN,NaN,NaN,NaN,NaN,NaN,NaN,NaN,NaN,NaN,NaN,NaN,NaN,NaN,NaN,NaN,NaN,NaN,NaN,NaN,NaN,NaN,0.0539010194065954,0.00288702326034746,-0.0226337063988873,-0.0111500824248157,-0.0277779432017198,-0.0277482720474559,-0.0103528001520142,-0.0313281473741536,-0.0315892837491335,-0.0319152979422801,-0.0322428233588916,-0.0325928753176149,-0.0329512534892462,-0.0333816128137954,-0.0337443521171942,-0.0343554233263331,-0.0349142293157291,-0.0354594565739097,-0.0358392886417523,-0.0361665583900203,-0.0361424968497032,-0.0330787698539165,-0.0283676069011275,-0.0213088374307932,-0.0225046025710193,NaN,NaN,NaN,NaN,NaN,NaN,NaN,NaN,NaN,NaN,NaN,NaN,NaN,NaN,NaN,NaN,NaN,NaN,NaN,NaN,NaN,NaN,NaN,NaN,NaN,NaN,NaN,NaN,NaN,NaN,NaN,NaN,NaN,NaN,NaN,NaN,NaN,NaN,NaN,NaN,NaN,NaN,NaN,NaN,NaN,NaN,NaN,NaN,NaN,NaN,NaN,NaN,NaN,NaN,NaN,NaN,NaN,NaN,NaN,NaN,NaN,NaN,NaN,NaN,NaN,0.015292175562879,0.016410704588472,0.0190201553190706,0.0203954221065223,NaN,NaN,NaN,NaN,NaN,NaN,NaN,NaN,NaN,NaN,NaN,NaN,NaN,NaN,NaN,NaN,NaN,NaN,NaN,NaN,NaN,NaN,NaN,NaN,NaN,NaN,NaN,NaN,NaN,NaN,NaN,NaN,NaN,NaN,NaN,NaN,NaN,NaN,NaN,NaN,NaN,NaN,NaN,NaN,NaN,NaN,NaN,NaN,NaN,NaN,NaN,NaN,NaN,NaN,NaN,NaN,NaN,NaN,NaN,NaN,NaN,NaN,NaN,NaN,NaN,NaN,NaN,NaN,NaN,NaN,NaN,NaN,NaN,NaN,NaN,NaN,NaN,NaN,NaN,NaN
NaN,NaN,NaN,NaN,NaN,NaN,NaN,NaN,NaN,NaN,NaN,NaN,NaN,NaN,NaN,NaN,NaN,NaN,NaN,NaN,NaN,NaN,NaN,NaN,NaN,NaN,NaN,NaN,NaN,NaN,NaN,NaN,NaN,NaN,NaN,NaN,NaN,NaN,NaN,NaN,NaN,NaN,NaN,NaN,NaN,NaN,NaN,NaN,NaN,NaN,NaN,NaN,NaN,NaN,NaN,NaN,NaN,NaN,NaN,NaN,NaN,NaN,NaN,NaN,NaN,NaN,NaN,NaN,NaN,NaN,NaN,NaN,-0.021278413470526,-0.0209188874355731,-0.0189147587353504,-0.0291512686878122,-0.0293201437515684,-0.0270824859394088,-0.0301993709107934,-0.0305157941738072,-0.0308612182515619,-0.0312539307627815,-0.0316549820320999,-0.0320774168485626,-0.0325764320344367,-0.0330942569817948,-0.0336535650565762,-0.0342289358136368,-0.0348208775133018,-0.0352827611103027,-0.0352894221240175,-0.0349259827533284,-0.0347389006804728,-0.032248766024575,-0.0233894576781964,-0.0068919055675366,-0.0251156548331184,-0.0251586486949471,NaN,NaN,NaN,NaN,NaN,NaN,NaN,NaN,NaN,NaN,NaN,NaN,NaN,NaN,NaN,NaN,NaN,NaN,NaN,NaN,NaN,NaN,NaN,NaN,NaN,NaN,NaN,NaN,NaN,NaN,NaN,NaN,NaN,NaN,NaN,NaN,NaN,NaN,NaN,NaN,NaN,NaN,NaN,NaN,NaN,NaN,NaN,NaN,NaN,NaN,NaN,NaN,NaN,NaN,NaN,NaN,NaN,NaN,NaN,NaN,NaN,NaN,NaN,0.0153916996255758,0.017199576113663,0.0187728237256645,0.0195372707731896,NaN,NaN,NaN,NaN,NaN,NaN,NaN,NaN,NaN,NaN,NaN,NaN,NaN,NaN,NaN,NaN,NaN,NaN,NaN,NaN,NaN,NaN,NaN,NaN,NaN,NaN,NaN,NaN,NaN,NaN,NaN,NaN,NaN,NaN,NaN,NaN,NaN,NaN,NaN,NaN,NaN,NaN,NaN,NaN,NaN,NaN,NaN,NaN,NaN,NaN,NaN,NaN,NaN,NaN,NaN,NaN,NaN,NaN,NaN,NaN,NaN,NaN,NaN,NaN,NaN,NaN,NaN,NaN,NaN,NaN,NaN,NaN,NaN,NaN,NaN,NaN,NaN,NaN,NaN,NaN
NaN,NaN,NaN,NaN,NaN,NaN,NaN,NaN,NaN,NaN,NaN,NaN,NaN,NaN,NaN,NaN,NaN,NaN,NaN,NaN,NaN,NaN,NaN,NaN,NaN,NaN,NaN,NaN,NaN,NaN,NaN,NaN,NaN,NaN,NaN,NaN,NaN,NaN,NaN,NaN,NaN,NaN,NaN,NaN,NaN,NaN,NaN,NaN,NaN,NaN,NaN,NaN,NaN,NaN,NaN,NaN,NaN,NaN,NaN,NaN,NaN,NaN,NaN,NaN,NaN,NaN,NaN,NaN,NaN,NaN,NaN,NaN,0.00891353704138372,-0.0248209635240121,-0.0271849127113017,-0.0278642858860567,-0.0280584911088054,-0.0214116399379203,-0.0291009470763402,-0.0294515355547002,-0.0298167037236707,-0.030250945534647,-0.0306839989251087,-0.0311981449175706,-0.0318042384766035,-0.0324056023253897,-0.0330153525455321,-0.0335957488100322,-0.0341732340319344,-0.034736611804691,-0.034986599413952,-0.0355811957223852,-0.0358335993969916,-0.0332111261626969,-0.0193228139352102,-0.00617916770260129,-0.0249923339631397,0.0158248771162046,NaN,NaN,NaN,NaN,NaN,NaN,NaN,NaN,NaN,NaN,NaN,NaN,NaN,NaN,NaN,NaN,NaN,NaN,NaN,NaN,NaN,NaN,NaN,NaN,NaN,NaN,NaN,NaN,NaN,NaN,NaN,NaN,NaN,NaN,NaN,NaN,NaN,NaN,NaN,NaN,NaN,NaN,NaN,NaN,NaN,NaN,NaN,NaN,NaN,NaN,NaN,NaN,NaN,NaN,NaN,NaN,NaN,NaN,NaN,NaN,NaN,NaN,NaN,NaN,0.0208207523075913,0.0193391825134398,0.0192321406767873,NaN,NaN,NaN,NaN,NaN,NaN,NaN,NaN,NaN,NaN,NaN,NaN,NaN,NaN,NaN,NaN,NaN,NaN,NaN,NaN,NaN,NaN,NaN,NaN,NaN,NaN,NaN,NaN,NaN,NaN,NaN,NaN,NaN,NaN,NaN,NaN,NaN,NaN,NaN,NaN,NaN,NaN,NaN,NaN,NaN,NaN,NaN,NaN,NaN,NaN,NaN,NaN,NaN,NaN,NaN,NaN,NaN,NaN,NaN,NaN,NaN,NaN,NaN,NaN,NaN,NaN,NaN,NaN,NaN,NaN,NaN,NaN,NaN,NaN,NaN,NaN,NaN,NaN,NaN,NaN
NaN,NaN,NaN,NaN,NaN,NaN,NaN,NaN,NaN,NaN,NaN,NaN,NaN,NaN,NaN,NaN,NaN,NaN,NaN,NaN,NaN,NaN,NaN,NaN,NaN,NaN,NaN,NaN,NaN,NaN,NaN,NaN,NaN,NaN,NaN,NaN,NaN,NaN,NaN,NaN,NaN,NaN,NaN,NaN,NaN,NaN,NaN,NaN,NaN,NaN,NaN,NaN,NaN,NaN,NaN,NaN,NaN,NaN,NaN,NaN,NaN,NaN,NaN,NaN,NaN,NaN,NaN,NaN,NaN,NaN,0.0746627676134328,0.0506757312127495,0.00235642200057428,-0.0229339861916484,-0.0259403535080958,-0.0266234643865277,-0.0268287281028175,-0.0212246622311913,-0.0278294268314482,-0.0282841237510031,-0.0287621507728076,-0.0292455407391085,-0.0297519944000263,-0.0303301267947858,-0.0310134465448148,-0.0316684275337232,-0.0323748225027765,-0.0330009601936064,-0.0336263366127216,-0.0342247515754187,-0.0346422992698493,-0.0350633529053718,-0.0347613263308983,-0.0322172425579541,-0.0232599703258598,-0.024543435242912,-0.0248294923259579,NaN,NaN,NaN,NaN,NaN,NaN,NaN,NaN,NaN,NaN,NaN,NaN,NaN,NaN,NaN,NaN,NaN,NaN,NaN,NaN,NaN,NaN,NaN,NaN,NaN,NaN,NaN,NaN,NaN,NaN,NaN,NaN,NaN,NaN,NaN,NaN,NaN,NaN,NaN,NaN,NaN,NaN,NaN,NaN,NaN,NaN,NaN,NaN,NaN,NaN,NaN,NaN,NaN,NaN,NaN,NaN,NaN,NaN,NaN,NaN,NaN,NaN,NaN,NaN,0.0190690779828913,0.0206322286364987,0.0193959980002867,0.0190772891173069,0.0186126678983648,NaN,NaN,NaN,NaN,NaN,NaN,NaN,NaN,NaN,NaN,NaN,NaN,NaN,NaN,NaN,NaN,NaN,NaN,NaN,NaN,NaN,NaN,NaN,NaN,NaN,NaN,NaN,NaN,NaN,NaN,NaN,NaN,NaN,NaN,NaN,NaN,NaN,NaN,NaN,NaN,NaN,NaN,NaN,NaN,NaN,NaN,NaN,NaN,NaN,NaN,NaN,NaN,NaN,NaN,NaN,NaN,NaN,NaN,NaN,NaN,NaN,NaN,NaN,NaN,NaN,NaN,NaN,NaN,NaN,NaN,NaN,NaN,NaN,NaN,NaN,NaN,NaN,NaN,NaN
NaN,NaN,NaN,NaN,NaN,NaN,NaN,NaN,NaN,NaN,NaN,NaN,NaN,NaN,NaN,NaN,NaN,NaN,NaN,NaN,NaN,NaN,NaN,NaN,NaN,NaN,NaN,NaN,NaN,NaN,NaN,NaN,NaN,NaN,NaN,NaN,NaN,NaN,NaN,NaN,NaN,NaN,NaN,NaN,NaN,NaN,NaN,NaN,NaN,NaN,NaN,NaN,NaN,NaN,NaN,NaN,NaN,NaN,NaN,NaN,NaN,NaN,NaN,NaN,NaN,NaN,NaN,NaN,NaN,NaN,0.0629632434880953,0.0246490666221672,-0.0154525354154284,-0.0240079920114556,-0.0251071395409209,-0.0254189567066542,-0.0257307161206055,-0.0259065002966202,-0.0265550088062427,-0.0271068905277676,-0.0276544943822003,-0.0282235852561577,-0.028942222081547,-0.0295777224691346,-0.0302592209914865,-0.0309785448279339,-0.0317157621271864,-0.0324243899873125,-0.0330846800614547,-0.0337254480189911,-0.0342507731413947,-0.0346346306716356,-0.0344544893189874,-0.035053088726016,-0.00477516504585266,0.0162786473940316,-0.0106016965991519,NaN,NaN,NaN,NaN,NaN,NaN,NaN,NaN,NaN,NaN,NaN,NaN,NaN,NaN,NaN,NaN,NaN,NaN,NaN,NaN,NaN,NaN,NaN,NaN,NaN,NaN,NaN,NaN,NaN,NaN,NaN,NaN,NaN,NaN,NaN,NaN,NaN,NaN,NaN,NaN,NaN,NaN,NaN,NaN,NaN,NaN,NaN,NaN,NaN,NaN,NaN,NaN,NaN,NaN,NaN,NaN,NaN,NaN,NaN,NaN,NaN,NaN,NaN,NaN,0.0197793800812508,0.0201079339623931,0.0193104267815166,0.0189656238324605,0.0188219213118557,0.019285780157519,NaN,NaN,NaN,NaN,NaN,NaN,NaN,NaN,NaN,NaN,NaN,NaN,NaN,NaN,NaN,NaN,NaN,NaN,NaN,NaN,NaN,NaN,NaN,NaN,NaN,NaN,NaN,NaN,NaN,NaN,NaN,NaN,NaN,NaN,NaN,NaN,NaN,NaN,NaN,NaN,NaN,NaN,NaN,NaN,NaN,NaN,NaN,NaN,NaN,NaN,NaN,NaN,NaN,NaN,NaN,NaN,NaN,NaN,NaN,NaN,NaN,NaN,NaN,NaN,NaN,NaN,NaN,NaN,NaN,NaN,NaN,NaN,NaN,NaN,NaN,NaN,NaN,NaN
NaN,NaN,NaN,NaN,NaN,NaN,NaN,NaN,NaN,NaN,NaN,NaN,NaN,NaN,NaN,NaN,NaN,NaN,NaN,NaN,NaN,NaN,NaN,NaN,NaN,NaN,NaN,NaN,NaN,NaN,NaN,NaN,NaN,NaN,NaN,NaN,NaN,NaN,NaN,NaN,NaN,NaN,NaN,NaN,NaN,NaN,NaN,NaN,NaN,NaN,NaN,NaN,NaN,NaN,NaN,NaN,NaN,NaN,NaN,NaN,NaN,NaN,NaN,NaN,NaN,NaN,NaN,NaN,NaN,NaN,0.0613097298423776,0.0221112715419411,-0.0197170762132279,-0.0234909696382516,-0.0239265081715923,-0.0242344381920026,-0.0246345112257749,-0.0249224687514111,-0.0254545513817581,-0.0260607452022866,-0.0266001915338884,-0.0272203107417439,-0.0280398003734134,-0.0288474920511097,-0.0295848732863865,-0.0303310659008912,-0.03107556969327,-0.0318426813917839,-0.0325648046871701,-0.0332495864259902,-0.0338065415495431,-0.0342104573759746,-0.0347940596060897,-0.0205491948980809,0.036783550838569,NaN,NaN,NaN,NaN,NaN,NaN,NaN,NaN,NaN,NaN,NaN,NaN,NaN,NaN,NaN,NaN,NaN,NaN,NaN,NaN,NaN,NaN,NaN,NaN,NaN,NaN,NaN,NaN,NaN,NaN,NaN,NaN,NaN,NaN,NaN,NaN,NaN,NaN,NaN,NaN,NaN,NaN,NaN,NaN,NaN,NaN,NaN,NaN,NaN,NaN,NaN,NaN,NaN,NaN,NaN,NaN,NaN,NaN,NaN,NaN,NaN,NaN,NaN,NaN,NaN,0.0203759363227014,0.0202136025968408,0.0200341660796427,0.0194246934044719,0.0190562695295451,0.0190856426096526,0.0193005225857498,NaN,NaN,NaN,NaN,NaN,NaN,NaN,NaN,NaN,NaN,NaN,NaN,NaN,NaN,NaN,NaN,NaN,NaN,NaN,NaN,NaN,NaN,NaN,NaN,NaN,NaN,NaN,NaN,NaN,NaN,NaN,NaN,NaN,NaN,NaN,NaN,NaN,NaN,NaN,NaN,NaN,NaN,NaN,NaN,NaN,NaN,NaN,NaN,NaN,NaN,NaN,NaN,NaN,NaN,NaN,NaN,NaN,NaN,NaN,NaN,NaN,NaN,NaN,NaN,NaN,NaN,NaN,NaN,NaN,NaN,NaN,NaN,NaN,NaN,NaN,NaN,NaN,NaN
NaN,NaN,NaN,NaN,NaN,NaN,NaN,NaN,NaN,NaN,NaN,NaN,NaN,NaN,NaN,NaN,NaN,NaN,NaN,NaN,NaN,NaN,NaN,NaN,NaN,NaN,NaN,NaN,NaN,NaN,NaN,NaN,NaN,NaN,NaN,NaN,NaN,NaN,NaN,NaN,NaN,NaN,NaN,NaN,NaN,NaN,NaN,NaN,NaN,NaN,NaN,NaN,NaN,NaN,NaN,NaN,NaN,NaN,NaN,NaN,NaN,NaN,NaN,NaN,NaN,NaN,NaN,NaN,NaN,NaN,NaN,0.00643658178758467,-0.0212999096570987,-0.0222998289321418,-0.0227522742745155,-0.0229818949436887,-0.0229014767959242,-0.0237746142325786,-0.0243471723993349,-0.0250468840001215,-0.0258361836648687,-0.0264472947260002,-0.0271726133434965,-0.0280492460240025,-0.0288631935353564,-0.0296910963131272,-0.0304905178347233,-0.0312909749847685,-0.032074143230814,-0.0328026495297579,-0.0332215086867077,-0.0326450007477537,-0.00653341656558783,NaN,NaN,NaN,NaN,NaN,NaN,NaN,NaN,NaN,NaN,NaN,NaN,NaN,NaN,NaN,NaN,NaN,NaN,NaN,NaN,NaN,NaN,NaN,NaN,NaN,NaN,NaN,NaN,NaN,NaN,NaN,NaN,NaN,NaN,NaN,NaN,NaN,NaN,NaN,NaN,NaN,NaN,NaN,NaN,NaN,NaN,NaN,NaN,NaN,NaN,NaN,NaN,NaN,NaN,NaN,NaN,NaN,NaN,NaN,NaN,NaN,NaN,NaN,NaN,NaN,NaN,0.0204848773130983,0.0204836808120833,0.0203553452842239,0.0202203540614458,0.0196237737760072,0.0190735252841377,0.0192451874179863,0.0194296693228293,NaN,NaN,NaN,NaN,NaN,NaN,NaN,NaN,NaN,NaN,NaN,NaN,NaN,NaN,NaN,NaN,NaN,NaN,NaN,NaN,NaN,NaN,NaN,NaN,NaN,NaN,NaN,NaN,NaN,NaN,NaN,NaN,NaN,NaN,NaN,NaN,NaN,NaN,NaN,NaN,NaN,NaN,NaN,NaN,NaN,NaN,NaN,NaN,NaN,NaN,NaN,NaN,NaN,NaN,NaN,NaN,NaN,NaN,NaN,NaN,NaN,NaN,NaN,NaN,NaN,NaN,NaN,NaN,NaN,NaN,NaN,NaN,NaN,NaN,NaN,NaN,NaN,NaN
NaN,NaN,NaN,NaN,NaN,NaN,NaN,NaN,NaN,NaN,NaN,NaN,NaN,NaN,NaN,NaN,NaN,NaN,NaN,NaN,NaN,NaN,NaN,NaN,NaN,NaN,NaN,NaN,NaN,NaN,NaN,NaN,NaN,NaN,NaN,NaN,NaN,NaN,NaN,NaN,NaN,NaN,NaN,NaN,NaN,NaN,NaN,NaN,NaN,NaN,NaN,NaN,NaN,NaN,NaN,NaN,NaN,NaN,NaN,NaN,NaN,NaN,NaN,NaN,NaN,NaN,NaN,NaN,NaN,NaN,NaN,-0.0119784491659429,-0.0207029050184817,-0.0211168567335469,-0.0215645524176214,-0.0216999271989039,-0.0219654726621494,-0.0225697580626132,-0.0231667602373213,-0.0238312439790347,-0.0248574709080157,-0.0257040554522277,-0.0264493969903981,-0.0273055796570435,-0.0281284815395776,-0.0289865379893686,-0.0298874331660486,-0.0307505334743618,-0.0315260131669477,-0.0307917769603889,-0.0322344511880843,-0.0323664581351356,-0.0044622344985213,NaN,NaN,NaN,NaN,NaN,NaN,NaN,NaN,NaN,NaN,NaN,NaN,NaN,NaN,NaN,NaN,NaN,NaN,NaN,NaN,NaN,NaN,NaN,NaN,NaN,NaN,NaN,NaN,NaN,NaN,NaN,NaN,NaN,NaN,NaN,NaN,NaN,NaN,NaN,NaN,NaN,NaN,NaN,NaN,NaN,NaN,NaN,NaN,NaN,NaN,NaN,NaN,NaN,NaN,NaN,NaN,NaN,NaN,NaN,NaN,NaN,NaN,NaN,NaN,NaN,NaN,0.0205695938575286,0.0204312200049154,0.0204183250004921,0.0204456075398188,0.0197424995386022,0.0189423102520009,0.019177586203699,0.0191952358406565,NaN,NaN,NaN,NaN,NaN,NaN,NaN,NaN,NaN,NaN,NaN,NaN,NaN,NaN,NaN,NaN,NaN,NaN,NaN,NaN,NaN,NaN,NaN,NaN,NaN,NaN,NaN,NaN,NaN,NaN,NaN,NaN,NaN,NaN,NaN,NaN,NaN,NaN,NaN,NaN,NaN,NaN,NaN,NaN,NaN,NaN,NaN,NaN,NaN,NaN,NaN,NaN,NaN,NaN,NaN,NaN,NaN,NaN,NaN,NaN,NaN,NaN,NaN,NaN,NaN,NaN,NaN,NaN,NaN,NaN,NaN,NaN,NaN,NaN,NaN,NaN,NaN,NaN
NaN,NaN,NaN,NaN,NaN,NaN,NaN,NaN,NaN,NaN,NaN,NaN,NaN,NaN,NaN,NaN,NaN,NaN,NaN,NaN,NaN,NaN,NaN,NaN,NaN,NaN,NaN,NaN,NaN,NaN,NaN,NaN,NaN,NaN,NaN,NaN,NaN,NaN,NaN,NaN,NaN,NaN,NaN,NaN,NaN,NaN,NaN,NaN,NaN,NaN,NaN,NaN,NaN,NaN,NaN,NaN,NaN,NaN,NaN,NaN,NaN,NaN,NaN,NaN,NaN,NaN,NaN,NaN,NaN,NaN,-0.00784433085210469,-0.0190993573385633,-0.0196552550068258,-0.0200031436884503,-0.0198089893503515,-0.0204466288935529,-0.0209843682476015,-0.02151436621367,-0.0221816663796482,-0.0230114929603105,-0.0237595887528468,-0.0247200375658818,-0.0256104371668289,-0.0265244523630042,-0.0274015310131914,-0.0282271248038907,-0.02910399953082,-0.0299714216494931,-0.03009473198112,-0.0309229390795975,-0.0315477048583241,-0.0321498877907189,-0.00604190038110762,NaN,NaN,NaN,NaN,NaN,NaN,NaN,NaN,NaN,NaN,NaN,NaN,NaN,NaN,NaN,NaN,NaN,NaN,NaN,NaN,NaN,NaN,NaN,NaN,NaN,NaN,NaN,NaN,NaN,NaN,NaN,NaN,NaN,NaN,NaN,NaN,NaN,NaN,NaN,NaN,NaN,NaN,NaN,NaN,NaN,NaN,NaN,NaN,NaN,NaN,NaN,NaN,NaN,NaN,NaN,NaN,NaN,NaN,NaN,NaN,NaN,NaN,NaN,NaN,NaN,NaN,0.0203688379731999,0.0202278828744982,0.02022521313516,0.0202337826718629,0.0195950569995681,0.0188404617667416,0.0190411819691391,0.019054180369895,NaN,NaN,NaN,NaN,NaN,NaN,NaN,NaN,NaN,NaN,NaN,NaN,NaN,NaN,NaN,NaN,NaN,NaN,NaN,NaN,NaN,NaN,NaN,NaN,NaN,NaN,NaN,NaN,NaN,NaN,NaN,NaN,NaN,NaN,NaN,NaN,NaN,NaN,NaN,NaN,NaN,NaN,NaN,NaN,NaN,NaN,NaN,NaN,NaN,NaN,NaN,NaN,NaN,NaN,NaN,NaN,NaN,NaN,NaN,NaN,NaN,NaN,NaN,NaN,NaN,NaN,NaN,NaN,NaN,NaN,NaN,NaN,NaN,NaN,NaN,NaN,NaN,NaN
NaN,NaN,NaN,NaN,NaN,NaN,NaN,NaN,NaN,NaN,NaN,NaN,NaN,NaN,NaN,NaN,NaN,NaN,NaN,NaN,NaN,NaN,NaN,NaN,NaN,NaN,NaN,NaN,NaN,NaN,NaN,NaN,NaN,NaN,NaN,NaN,NaN,NaN,NaN,NaN,NaN,NaN,NaN,NaN,NaN,NaN,NaN,NaN,NaN,NaN,NaN,NaN,NaN,NaN,NaN,NaN,NaN,NaN,NaN,NaN,NaN,NaN,NaN,NaN,NaN,NaN,NaN,NaN,NaN,-0.0174270336342998,-0.0177178094590392,-0.0183032042682964,-0.0185762691985566,-0.0187709454664976,-0.018933608807827,-0.0193987210049508,-0.0199625776161019,-0.0204409518951602,-0.0211456452383972,-0.0220434829790566,-0.0229620607894937,-0.0238460920624091,-0.0247587494120172,-0.0256934817556013,-0.0266350940628608,-0.0275089116057796,-0.0283850472356407,-0.0293965985827182,-0.0295344201450793,-0.0295622565773484,-0.0306763893048279,-0.0320507159860726,-0.032418498449081,-0.00661080038785783,-0.0072887115691662,-0.00763509589733483,-0.00778958403077776,NaN,NaN,NaN,NaN,NaN,NaN,NaN,NaN,NaN,NaN,NaN,NaN,NaN,NaN,NaN,NaN,NaN,NaN,NaN,NaN,NaN,NaN,NaN,NaN,NaN,NaN,NaN,NaN,NaN,NaN,NaN,NaN,NaN,NaN,NaN,NaN,NaN,NaN,NaN,NaN,NaN,NaN,NaN,NaN,NaN,NaN,NaN,NaN,NaN,NaN,NaN,NaN,NaN,NaN,NaN,NaN,NaN,NaN,NaN,NaN,NaN,NaN,0.0198610230563458,0.0198518724826842,0.019929144426288,0.0198161677412238,0.0192649401153325,0.0187910734242254,0.0188789753455205,0.0188671598407296,NaN,NaN,NaN,NaN,NaN,NaN,NaN,NaN,NaN,NaN,NaN,NaN,NaN,NaN,NaN,NaN,NaN,NaN,NaN,NaN,NaN,NaN,NaN,NaN,NaN,NaN,NaN,NaN,NaN,NaN,NaN,NaN,NaN,NaN,NaN,NaN,NaN,NaN,NaN,NaN,NaN,NaN,NaN,NaN,NaN,NaN,NaN,NaN,NaN,NaN,NaN,NaN,NaN,NaN,NaN,NaN,NaN,NaN,NaN,NaN,NaN,NaN,NaN,NaN,NaN,NaN,NaN,NaN,NaN,NaN,NaN,NaN,NaN,NaN,NaN,NaN,NaN,NaN
NaN,NaN,NaN,NaN,NaN,NaN,NaN,NaN,NaN,NaN,NaN,NaN,NaN,NaN,NaN,NaN,NaN,NaN,NaN,NaN,NaN,NaN,NaN,NaN,NaN,NaN,NaN,NaN,NaN,NaN,NaN,NaN,NaN,NaN,NaN,NaN,NaN,NaN,NaN,NaN,NaN,NaN,NaN,NaN,NaN,NaN,NaN,NaN,NaN,NaN,NaN,NaN,NaN,NaN,NaN,NaN,NaN,NaN,NaN,NaN,NaN,NaN,NaN,NaN,NaN,NaN,NaN,NaN,NaN,-0.0169263151486926,-0.0156229198145716,-0.0173656218524321,-0.0174987327866878,-0.0176001727854154,-0.0179049283297648,-0.018551578717149,-0.0190752913134295,-0.019564018121476,-0.0202563719337166,-0.0209237534088749,-0.0218948837783887,-0.0228446180900856,-0.0238055681847672,-0.0247796566740234,-0.0257317595232254,-0.0266511546845818,-0.0276618358267062,-0.0285234395348366,-0.02904693399,-0.0288356852376228,-0.02894449430354,-0.0310550255749546,-0.0325232884588788,-0.033394671313055,-0.0341447418788757,-0.0346630586704864,-0.0348535621791678,-0.00783871848809086,NaN,NaN,NaN,NaN,NaN,NaN,NaN,NaN,NaN,NaN,NaN,NaN,NaN,NaN,NaN,NaN,NaN,NaN,NaN,NaN,NaN,NaN,NaN,NaN,NaN,NaN,NaN,NaN,NaN,NaN,NaN,NaN,NaN,NaN,NaN,NaN,NaN,NaN,NaN,NaN,NaN,NaN,NaN,NaN,NaN,NaN,NaN,NaN,NaN,NaN,NaN,NaN,NaN,NaN,NaN,NaN,NaN,NaN,NaN,NaN,0.0198862494383272,0.0197178291099248,0.0195725238973549,0.0196394877099799,0.0193720597841618,0.0188164224802109,0.0185139034762175,0.0185054852507674,NaN,NaN,NaN,NaN,NaN,NaN,NaN,NaN,NaN,NaN,NaN,NaN,NaN,NaN,NaN,NaN,NaN,NaN,NaN,NaN,NaN,NaN,NaN,NaN,NaN,NaN,NaN,NaN,NaN,NaN,NaN,NaN,NaN,NaN,NaN,NaN,NaN,NaN,NaN,NaN,NaN,NaN,NaN,NaN,NaN,NaN,NaN,NaN,NaN,NaN,NaN,NaN,NaN,NaN,NaN,NaN,NaN,NaN,NaN,NaN,NaN,NaN,NaN,NaN,NaN,NaN,NaN,NaN,NaN,NaN,NaN,NaN,NaN,NaN,NaN,NaN,NaN,NaN,NaN
NaN,NaN,NaN,NaN,NaN,NaN,NaN,NaN,NaN,NaN,NaN,NaN,NaN,NaN,NaN,NaN,NaN,NaN,NaN,NaN,NaN,NaN,NaN,NaN,NaN,NaN,NaN,NaN,NaN,NaN,NaN,NaN,NaN,NaN,NaN,NaN,NaN,NaN,NaN,NaN,NaN,NaN,NaN,NaN,NaN,NaN,NaN,NaN,NaN,NaN,NaN,NaN,NaN,NaN,NaN,NaN,NaN,NaN,NaN,NaN,NaN,NaN,NaN,NaN,NaN,NaN,0.0501070238806667,0.0106380730241832,-0.0147385681952752,-0.0143355071921946,-0.0162732509433282,-0.016455972099627,-0.0164988337491533,-0.0166281267486268,-0.016978752903246,-0.0175551328846245,-0.0180454192487203,-0.0187144726715701,-0.0192525081573995,-0.0199683653932429,-0.0207606568600008,-0.0216964174438572,-0.0227058733084851,-0.0237757779790809,-0.0248348760135289,-0.0257336899051677,-0.0264315833997797,-0.0274877293890325,-0.0283699075836719,-0.0295141627017501,-0.0278361294480281,-0.0301763242463586,-0.0307697221250765,-0.0249447038185022,-0.0264365838292687,-0.034027283592363,-0.0351415072309291,-0.00784751072285698,NaN,NaN,NaN,NaN,NaN,NaN,NaN,NaN,NaN,NaN,NaN,NaN,NaN,NaN,NaN,NaN,NaN,NaN,NaN,NaN,NaN,NaN,NaN,NaN,NaN,NaN,NaN,NaN,NaN,NaN,NaN,NaN,NaN,NaN,NaN,NaN,NaN,NaN,NaN,NaN,NaN,NaN,NaN,NaN,NaN,NaN,NaN,NaN,NaN,NaN,NaN,NaN,NaN,NaN,NaN,NaN,NaN,NaN,NaN,NaN,0.0197461769598215,0.0195958291749017,0.0195073386048784,0.0194761056941474,0.01905999712114,0.0185495806124123,0.0184045030587379,0.0185226701368183,NaN,NaN,NaN,NaN,NaN,NaN,NaN,NaN,NaN,NaN,NaN,NaN,NaN,NaN,NaN,NaN,NaN,NaN,NaN,NaN,NaN,NaN,NaN,NaN,NaN,NaN,NaN,NaN,NaN,NaN,NaN,NaN,NaN,NaN,NaN,NaN,NaN,NaN,NaN,NaN,NaN,NaN,NaN,NaN,NaN,NaN,NaN,NaN,NaN,NaN,NaN,NaN,NaN,NaN,NaN,NaN,NaN,NaN,NaN,NaN,NaN,NaN,NaN,NaN,NaN,NaN,NaN,NaN,NaN,NaN,NaN,NaN,NaN,NaN,NaN,NaN,NaN,NaN,NaN
NaN,NaN,NaN,NaN,NaN,NaN,NaN,NaN,NaN,NaN,NaN,NaN,NaN,NaN,NaN,NaN,NaN,NaN,NaN,NaN,NaN,NaN,NaN,NaN,NaN,NaN,NaN,NaN,NaN,NaN,NaN,NaN,NaN,NaN,NaN,NaN,NaN,NaN,NaN,NaN,NaN,NaN,NaN,NaN,NaN,NaN,NaN,NaN,NaN,NaN,NaN,NaN,NaN,NaN,NaN,NaN,NaN,NaN,NaN,NaN,NaN,NaN,NaN,NaN,NaN,NaN,0.0167854565632045,-0.0115611915350607,-0.0143331705819835,-0.0153931417929743,-0.0155164918140471,-0.0155400331007341,-0.0155610816147078,-0.0157460726120111,-0.0161249453232744,-0.0165246103122172,-0.016969819155741,-0.0176898830415627,-0.018090949195152,-0.0187843082031686,-0.0195351537852757,-0.0203316567527073,-0.0214041929850778,-0.0226707888634371,-0.0239757693940095,-0.0250060289756771,-0.0259168308182892,-0.027013790650445,-0.0283869577498703,-0.0291793137967224,-0.0274298936147531,-0.0264256656177655,-0.0287992989065369,-0.0223004841001548,-0.0156647893343076,-0.0077023176046205,-0.035576817759647,-0.0340706163676846,NaN,NaN,NaN,NaN,NaN,NaN,NaN,NaN,NaN,NaN,NaN,NaN,NaN,NaN,NaN,NaN,NaN,NaN,NaN,NaN,NaN,NaN,NaN,NaN,NaN,NaN,NaN,NaN,NaN,NaN,NaN,NaN,NaN,NaN,NaN,NaN,NaN,NaN,NaN,NaN,NaN,NaN,NaN,NaN,NaN,NaN,NaN,NaN,NaN,NaN,NaN,NaN,NaN,NaN,NaN,NaN,NaN,NaN,NaN,NaN,0.0194887837183221,0.0194128121767105,0.0193417556143478,0.0192454943595504,0.0188586767538298,0.0185002548256534,0.0184432787938968,0.0185543218740697,NaN,NaN,NaN,NaN,NaN,NaN,NaN,NaN,NaN,NaN,NaN,NaN,NaN,NaN,NaN,NaN,NaN,NaN,NaN,NaN,NaN,NaN,NaN,NaN,NaN,NaN,NaN,NaN,NaN,NaN,NaN,NaN,NaN,NaN,NaN,NaN,NaN,NaN,NaN,NaN,NaN,NaN,NaN,NaN,NaN,NaN,NaN,NaN,NaN,NaN,NaN,NaN,NaN,NaN,NaN,NaN,NaN,NaN,NaN,NaN,NaN,NaN,NaN,NaN,NaN,NaN,NaN,NaN,NaN,NaN,NaN,NaN,NaN,NaN,NaN,NaN,NaN,NaN,NaN
NaN,NaN,NaN,NaN,NaN,NaN,NaN,NaN,NaN,NaN,NaN,NaN,NaN,NaN,NaN,NaN,NaN,NaN,NaN,NaN,NaN,NaN,NaN,NaN,NaN,NaN,NaN,NaN,NaN,NaN,NaN,NaN,NaN,NaN,NaN,NaN,NaN,NaN,NaN,NaN,NaN,NaN,NaN,NaN,NaN,NaN,NaN,NaN,NaN,NaN,NaN,NaN,NaN,NaN,NaN,NaN,NaN,NaN,NaN,NaN,NaN,NaN,NaN,NaN,NaN,NaN,0.0118220022042195,-0.0126963363979652,-0.0145971844945957,-0.0147094663732251,-0.0147266400666008,-0.0146006811092209,-0.0145687105872764,-0.0148142997888299,-0.0150710467027751,-0.0153437675218125,-0.0158226728233978,-0.0163756110613838,-0.0168489154332595,-0.0174021083297554,-0.0181384107343742,-0.0189297064574785,-0.0199798510266315,-0.0214175107771982,-0.0230181076616516,-0.0243353952619243,-0.0255319238435438,-0.0269212538628803,-0.0275160298906186,-0.0279028464345155,-0.0235842678611859,-0.0241471668709965,-0.0237472345134992,-0.0185934518292426,-0.00544162686671203,-0.0161791196421847,-0.0357674432963375,-0.0357466819481841,NaN,NaN,NaN,NaN,NaN,NaN,NaN,NaN,NaN,NaN,NaN,NaN,NaN,NaN,NaN,NaN,NaN,NaN,NaN,NaN,NaN,NaN,NaN,NaN,NaN,NaN,NaN,NaN,NaN,NaN,NaN,NaN,NaN,NaN,NaN,NaN,NaN,NaN,NaN,NaN,NaN,NaN,NaN,NaN,NaN,NaN,NaN,NaN,NaN,NaN,NaN,NaN,NaN,NaN,NaN,NaN,NaN,NaN,NaN,NaN,0.0192073522072365,0.0192213332694488,0.0191005133952716,0.018933033118938,0.0186659478502452,0.0185004222482553,0.0185306912151633,0.0186001235099043,NaN,NaN,NaN,NaN,NaN,NaN,NaN,NaN,NaN,NaN,NaN,NaN,NaN,NaN,NaN,NaN,NaN,NaN,NaN,NaN,NaN,NaN,NaN,NaN,NaN,NaN,NaN,NaN,NaN,NaN,NaN,NaN,NaN,NaN,NaN,NaN,NaN,NaN,NaN,NaN,NaN,NaN,NaN,NaN,NaN,NaN,NaN,NaN,NaN,NaN,NaN,NaN,NaN,NaN,NaN,NaN,NaN,NaN,NaN,NaN,NaN,NaN,NaN,NaN,NaN,NaN,NaN,NaN,NaN,NaN,NaN,NaN,NaN,NaN,NaN,NaN,NaN,NaN,NaN
NaN,NaN,NaN,NaN,NaN,NaN,NaN,NaN,NaN,NaN,NaN,NaN,NaN,NaN,NaN,NaN,NaN,NaN,NaN,NaN,NaN,NaN,NaN,NaN,NaN,NaN,NaN,NaN,NaN,NaN,NaN,NaN,NaN,NaN,NaN,NaN,NaN,NaN,NaN,NaN,NaN,NaN,NaN,NaN,NaN,NaN,NaN,NaN,NaN,NaN,NaN,NaN,NaN,NaN,NaN,NaN,NaN,NaN,NaN,NaN,NaN,NaN,NaN,NaN,NaN,0.0122555509055809,-0.0132793671635555,-0.0137133719636316,-0.0139919545695126,-0.0139899478024074,-0.0138216200416536,-0.0135912537174738,-0.0136703948292242,-0.0136925027206053,-0.0138583389663433,-0.014134130683066,-0.0145400368781493,-0.0148685133040293,-0.0154107167414838,-0.0158714354567061,-0.0166591524212348,-0.0176152374893675,-0.0186852922493635,-0.020066034159465,-0.0218972688094265,-0.0235909819271878,-0.0248021613423481,-0.0260805941693172,-0.0237069521377616,-0.0248978279444721,-0.0252934437881372,-0.0245944851572907,-0.0196682696271534,-0.0130923174511084,-0.0338168212273692,-0.0359123685991662,-0.0359055520574079,-0.00782711740018038,NaN,NaN,NaN,NaN,NaN,NaN,NaN,NaN,NaN,NaN,NaN,NaN,NaN,NaN,NaN,NaN,NaN,NaN,NaN,NaN,NaN,NaN,NaN,NaN,NaN,NaN,NaN,NaN,NaN,NaN,NaN,NaN,NaN,NaN,NaN,NaN,NaN,NaN,NaN,NaN,NaN,NaN,NaN,NaN,NaN,NaN,NaN,NaN,NaN,NaN,NaN,NaN,NaN,NaN,NaN,NaN,NaN,NaN,NaN,NaN,0.0187609156764303,0.0189687245483505,0.0189418804604786,0.0187375221894004,0.0184507294519984,0.0184369524873751,0.0186084499840906,0.0186342725186703,NaN,NaN,NaN,NaN,NaN,NaN,NaN,NaN,NaN,NaN,NaN,NaN,NaN,NaN,NaN,NaN,NaN,NaN,NaN,NaN,NaN,NaN,NaN,NaN,NaN,NaN,NaN,NaN,NaN,NaN,NaN,NaN,NaN,NaN,NaN,NaN,NaN,NaN,NaN,NaN,NaN,NaN,NaN,NaN,NaN,NaN,NaN,NaN,NaN,NaN,NaN,NaN,NaN,NaN,NaN,NaN,NaN,NaN,NaN,NaN,NaN,NaN,NaN,NaN,NaN,NaN,NaN,NaN,NaN,NaN,NaN,NaN,NaN,NaN,NaN,NaN,NaN,NaN,NaN
NaN,NaN,NaN,NaN,NaN,NaN,NaN,NaN,NaN,NaN,NaN,NaN,NaN,NaN,NaN,NaN,NaN,NaN,NaN,NaN,NaN,NaN,NaN,NaN,NaN,NaN,NaN,NaN,NaN,NaN,NaN,NaN,NaN,NaN,NaN,NaN,NaN,NaN,NaN,NaN,NaN,NaN,NaN,NaN,NaN,NaN,NaN,NaN,NaN,NaN,NaN,NaN,NaN,NaN,NaN,NaN,NaN,NaN,NaN,NaN,NaN,0.00935057650355281,-3.86959348166717e-05,-0.00334740731590893,-0.00732949306298679,-0.0127805304429973,-0.0129868525297419,-0.0134668534260819,-0.0134345476325539,-0.0133219791434429,-0.0129372937249413,-0.0126877728311243,-0.0127145628059983,-0.0125973783204938,-0.012602620220779,-0.012991847338309,-0.0133093944682797,-0.0135995698446422,-0.0140839894179563,-0.0146438376496953,-0.0154993158747745,-0.0164836564373474,-0.0175661635063761,-0.0189244073702438,-0.02048201450156,-0.022361118066681,-0.0235507031742269,-0.018730596955972,-0.014529328180907,-0.0247956175480569,-0.0238527297600393,-0.0187267443057088,-0.0203472621662695,-0.00530350480488869,-0.0358176812386518,-0.0359411110919134,-0.0359698247165031,-0.00781990071867559,0.0485049739420657,NaN,NaN,NaN,NaN,NaN,NaN,NaN,NaN,NaN,NaN,NaN,NaN,NaN,NaN,NaN,NaN,NaN,NaN,NaN,NaN,NaN,NaN,NaN,NaN,NaN,NaN,NaN,NaN,NaN,NaN,NaN,NaN,NaN,NaN,NaN,NaN,NaN,NaN,NaN,NaN,NaN,NaN,NaN,NaN,NaN,NaN,NaN,NaN,NaN,NaN,NaN,NaN,NaN,NaN,NaN,NaN,NaN,NaN,0.0193358805594715,0.0189654032440554,0.0187467649855248,0.0189743606689042,0.0188467992970386,0.0184546404723438,0.0184174261107659,0.0185626920552711,0.0183834550400425,NaN,NaN,NaN,NaN,NaN,NaN,NaN,NaN,NaN,NaN,NaN,NaN,NaN,NaN,NaN,NaN,NaN,NaN,NaN,NaN,NaN,NaN,NaN,NaN,NaN,NaN,NaN,NaN,NaN,NaN,NaN,NaN,NaN,NaN,NaN,NaN,NaN,NaN,NaN,NaN,NaN,NaN,NaN,NaN,NaN,NaN,NaN,NaN,NaN,NaN,NaN,NaN,NaN,NaN,NaN,NaN,NaN,NaN,NaN,NaN,NaN,NaN,NaN,NaN,NaN,NaN,NaN,NaN,NaN,NaN,NaN,NaN,NaN,NaN,NaN,NaN,NaN,NaN,NaN
NaN,NaN,NaN,NaN,NaN,NaN,NaN,NaN,NaN,NaN,NaN,NaN,NaN,NaN,NaN,NaN,NaN,NaN,NaN,NaN,NaN,NaN,NaN,NaN,NaN,NaN,NaN,NaN,NaN,NaN,NaN,NaN,NaN,NaN,NaN,NaN,NaN,NaN,NaN,NaN,NaN,NaN,NaN,NaN,NaN,NaN,NaN,NaN,NaN,NaN,NaN,NaN,NaN,NaN,NaN,NaN,NaN,NaN,NaN,NaN,0.00933836201205403,-0.0135209474659462,-0.0137772329756213,-0.0136520760593473,-0.0135039555895195,-0.0133466401924404,-0.0131918364388804,-0.0130715922664438,-0.0129167424227098,-0.0123593345331077,-0.0118943835630606,-0.011597212074378,-0.0114880337189656,-0.0114129592378092,-0.0113435139873544,-0.011560209139454,-0.0118734608459727,-0.012251194635712,-0.0129744444556642,-0.0135865050268654,-0.0143483601497295,-0.015472589988517,-0.0166008563929013,-0.0178618915288738,-0.0185238761773636,-0.0205052223704448,-0.0219656589181265,-0.0170985885858547,-0.0126193693111974,-0.0248237126181719,-0.0252885030981535,-0.00334633409715279,0.0144676828170597,0.0498569468786895,-0.00611076769961728,-0.00769695266895921,-0.00776279562938406,0.0486082790815704,0.0765614950559133,NaN,NaN,NaN,NaN,NaN,NaN,NaN,NaN,NaN,NaN,NaN,NaN,NaN,NaN,NaN,NaN,NaN,NaN,NaN,NaN,NaN,NaN,NaN,NaN,NaN,NaN,NaN,NaN,NaN,NaN,NaN,NaN,NaN,NaN,NaN,NaN,NaN,NaN,NaN,NaN,NaN,NaN,NaN,NaN,NaN,NaN,NaN,NaN,NaN,NaN,NaN,NaN,NaN,NaN,NaN,NaN,NaN,0.0190847434222061,0.0193092344721933,0.0190756187211547,0.0186091361501655,0.0188328001030072,0.0189096083379372,0.0186864476830241,0.0185878896699112,0.0187170067739534,NaN,NaN,NaN,NaN,NaN,NaN,NaN,NaN,NaN,NaN,NaN,NaN,NaN,NaN,NaN,NaN,NaN,NaN,NaN,NaN,NaN,NaN,NaN,NaN,NaN,NaN,NaN,NaN,NaN,NaN,NaN,NaN,NaN,NaN,NaN,NaN,NaN,NaN,NaN,NaN,NaN,NaN,NaN,NaN,NaN,NaN,NaN,NaN,NaN,NaN,NaN,NaN,NaN,NaN,NaN,NaN,NaN,NaN,NaN,NaN,NaN,NaN,NaN,NaN,NaN,NaN,NaN,NaN,NaN,NaN,NaN,NaN,NaN,NaN,NaN,NaN,NaN,NaN,NaN,NaN
NaN,NaN,NaN,NaN,NaN,NaN,NaN,NaN,NaN,NaN,NaN,NaN,NaN,NaN,NaN,NaN,NaN,NaN,NaN,NaN,NaN,NaN,NaN,NaN,NaN,NaN,NaN,NaN,NaN,NaN,NaN,NaN,NaN,NaN,NaN,NaN,NaN,NaN,NaN,NaN,NaN,NaN,NaN,NaN,NaN,NaN,NaN,NaN,NaN,NaN,NaN,NaN,NaN,NaN,NaN,NaN,NaN,NaN,NaN,NaN,-0.0136409564471834,-0.0138814398010541,-0.0137857642709763,-0.0136144074948591,-0.0134357241101948,-0.0132328775272938,-0.0129852619697701,-0.0127091658580437,-0.0123516504238197,-0.0101038109973408,-0.0104532063523791,-0.0100366878987518,-0.00986298100450895,-0.00993674087978055,-0.00990230126162816,-0.00969872965985535,-0.00972155770858235,-0.010000511512751,-0.0111128321419518,-0.0121086597123241,-0.0126904088181519,-0.0137973231680239,-0.0150331914997071,-0.0166092017890399,-0.0189527662049426,-0.0213933425420403,-0.0235165455260662,-0.0214761589340543,-0.0237158379104798,-0.0246386545547082,-0.0251151082773579,-0.00285356372127506,NaN,NaN,NaN,NaN,NaN,NaN,NaN,NaN,NaN,NaN,NaN,NaN,NaN,NaN,NaN,NaN,NaN,NaN,NaN,NaN,NaN,NaN,NaN,NaN,NaN,NaN,NaN,NaN,NaN,NaN,NaN,NaN,NaN,NaN,NaN,NaN,NaN,NaN,NaN,NaN,NaN,NaN,NaN,NaN,NaN,NaN,NaN,NaN,NaN,NaN,NaN,NaN,NaN,NaN,NaN,NaN,NaN,NaN,NaN,NaN,NaN,NaN,NaN,NaN,0.019090180259451,0.0192688877546964,0.0189372717222836,0.0184908241400283,0.0185496086104431,0.0186745862134319,0.0187032690157764,0.0186938828539478,0.0187881187592312,NaN,NaN,NaN,NaN,NaN,NaN,NaN,NaN,NaN,NaN,NaN,NaN,NaN,NaN,NaN,NaN,NaN,NaN,NaN,NaN,NaN,NaN,NaN,NaN,NaN,NaN,NaN,NaN,NaN,NaN,NaN,NaN,NaN,NaN,NaN,NaN,NaN,NaN,NaN,NaN,NaN,NaN,NaN,NaN,NaN,NaN,NaN,NaN,NaN,NaN,NaN,NaN,NaN,NaN,NaN,NaN,NaN,NaN,NaN,NaN,NaN,NaN,NaN,NaN,NaN,NaN,NaN,NaN,NaN,NaN,NaN,NaN,NaN,NaN,NaN,NaN,NaN,NaN,NaN,NaN
NaN,NaN,NaN,NaN,NaN,NaN,NaN,NaN,NaN,NaN,NaN,NaN,NaN,NaN,NaN,NaN,NaN,NaN,NaN,NaN,NaN,NaN,NaN,NaN,NaN,NaN,NaN,NaN,NaN,NaN,NaN,NaN,NaN,NaN,NaN,NaN,NaN,NaN,NaN,NaN,NaN,NaN,NaN,NaN,NaN,NaN,NaN,NaN,NaN,NaN,NaN,NaN,NaN,NaN,NaN,NaN,NaN,0.0306239426459592,0.00795449769904806,NaN,-0.0137732214807282,-0.0139582287803167,-0.0137713942356448,-0.0135504341205946,-0.01332489658529,-0.0130571341255359,-0.0127165803829043,-0.0122696498498586,-0.0115326313799707,-0.00994484763746398,-0.00948481508556524,-0.00899721443023855,-0.0084795596943941,-0.00849532317538798,-0.00821712045164187,-0.00772125095458671,-0.00734302332678978,-0.00749184995009273,-0.00845193461396762,-0.00963068590598735,-0.0104373266629284,-0.0113756327908911,-0.0124522865247076,-0.0126380811532276,NaN,NaN,0.00150998123469686,0.0243894057491792,-0.0213577151244257,-0.00218733529191279,-0.0026110453744636,NaN,NaN,NaN,NaN,NaN,NaN,NaN,NaN,NaN,NaN,NaN,NaN,NaN,NaN,NaN,NaN,NaN,NaN,NaN,NaN,NaN,NaN,NaN,NaN,NaN,NaN,NaN,NaN,NaN,NaN,NaN,NaN,NaN,NaN,NaN,NaN,NaN,NaN,NaN,NaN,NaN,NaN,NaN,NaN,NaN,NaN,NaN,NaN,NaN,NaN,NaN,NaN,NaN,NaN,NaN,NaN,NaN,NaN,NaN,NaN,NaN,NaN,NaN,NaN,NaN,NaN,0.0189296381177229,0.0187078325598724,0.0185073245135131,0.0184541338648299,0.0186503874001939,0.0186255450458043,0.0186093509920182,0.018595728905288,NaN,NaN,NaN,NaN,NaN,NaN,NaN,NaN,NaN,NaN,NaN,NaN,NaN,NaN,NaN,NaN,NaN,NaN,NaN,NaN,NaN,NaN,NaN,NaN,NaN,NaN,NaN,NaN,NaN,NaN,NaN,NaN,NaN,NaN,NaN,NaN,NaN,NaN,NaN,NaN,NaN,NaN,NaN,NaN,NaN,NaN,NaN,NaN,NaN,NaN,NaN,NaN,NaN,NaN,NaN,NaN,NaN,NaN,NaN,NaN,NaN,NaN,NaN,NaN,NaN,NaN,NaN,NaN,NaN,NaN,NaN,NaN,NaN,NaN,NaN,NaN,NaN,NaN,NaN,NaN
NaN,NaN,NaN,NaN,NaN,NaN,NaN,NaN,NaN,NaN,NaN,NaN,NaN,NaN,NaN,NaN,NaN,NaN,NaN,NaN,NaN,NaN,NaN,NaN,NaN,NaN,NaN,NaN,NaN,NaN,NaN,NaN,NaN,NaN,NaN,NaN,NaN,NaN,NaN,NaN,NaN,NaN,NaN,NaN,NaN,NaN,NaN,NaN,NaN,NaN,NaN,NaN,NaN,NaN,NaN,0.0609215360697871,0.0305981179959237,-0.00966907484410065,-0.0151785650755384,-0.0051663431438449,-0.0142501070349583,-0.0139870735676634,-0.0137211943862681,-0.0134450104446796,-0.0131454034205293,-0.0127765999951356,-0.0123295722389615,-0.0117437927812514,-0.0109818256258706,-0.00985554813534493,-0.00882562288296436,-0.00814478400414107,-0.00771372980147757,-0.00727677069994223,-0.00687148538193025,-0.00633171038738335,-0.00594006023871129,-0.00613263527442227,-0.00660601444137073,-0.0073803626138223,-0.00830618329596985,-0.00893842844203837,-0.00899396648336574,0.012108955253572,NaN,NaN,NaN,0.064319637033584,0.0286509307138886,NaN,NaN,NaN,NaN,NaN,NaN,NaN,NaN,NaN,NaN,NaN,NaN,NaN,NaN,NaN,NaN,NaN,NaN,NaN,NaN,NaN,NaN,NaN,NaN,NaN,NaN,NaN,NaN,NaN,NaN,NaN,NaN,NaN,NaN,NaN,NaN,NaN,NaN,NaN,NaN,NaN,NaN,NaN,NaN,NaN,NaN,NaN,NaN,NaN,NaN,NaN,NaN,NaN,NaN,NaN,NaN,NaN,NaN,NaN,NaN,NaN,NaN,NaN,NaN,NaN,NaN,NaN,NaN,0.0190118095106381,0.0188733163051676,0.0188130978332845,0.018720095163619,0.0187769232174602,0.0186847592429724,0.0185606485661038,NaN,NaN,NaN,NaN,NaN,NaN,NaN,NaN,NaN,NaN,NaN,NaN,NaN,NaN,NaN,NaN,NaN,NaN,NaN,NaN,NaN,NaN,NaN,NaN,NaN,NaN,NaN,NaN,NaN,NaN,NaN,NaN,NaN,NaN,NaN,NaN,NaN,NaN,NaN,NaN,NaN,NaN,NaN,NaN,NaN,NaN,NaN,NaN,NaN,NaN,NaN,NaN,NaN,NaN,NaN,NaN,NaN,NaN,NaN,NaN,NaN,NaN,NaN,NaN,NaN,NaN,NaN,NaN,NaN,NaN,NaN,NaN,NaN,NaN,NaN,NaN,NaN,NaN,NaN,NaN,NaN
NaN,NaN,NaN,NaN,NaN,NaN,NaN,NaN,NaN,NaN,NaN,NaN,NaN,NaN,NaN,NaN,NaN,NaN,NaN,NaN,NaN,NaN,NaN,NaN,NaN,NaN,NaN,NaN,NaN,NaN,NaN,NaN,NaN,NaN,NaN,NaN,NaN,NaN,NaN,NaN,NaN,NaN,NaN,NaN,NaN,NaN,NaN,NaN,NaN,0.0103241410828135,-0.0201366010828123,-0.00700218052428522,0.0032288588584369,NaN,NaN,0.0484140642947066,0.00781630939267078,-0.0155342900954344,-0.0151542667427232,-0.0149671892191951,-0.0144468591792619,-0.0140000108470111,-0.0136185508230118,-0.0132684269272916,-0.0128850919393257,-0.0124456749942436,-0.0119292084018175,-0.0113119209202429,-0.0105180849505983,-0.00951246243542333,-0.00830098650860408,-0.00755238730230184,-0.00720715548229418,-0.00658333571752695,-0.00604126592725734,-0.00554057088843682,-0.0053132165347554,-0.00526818430473104,-0.0054323971668455,-0.00587238046561362,-0.00621128408562115,-0.00650729315365733,-0.00605693664408826,NaN,NaN,NaN,NaN,NaN,NaN,NaN,NaN,NaN,NaN,NaN,NaN,NaN,NaN,NaN,NaN,NaN,NaN,NaN,NaN,NaN,NaN,NaN,NaN,NaN,NaN,NaN,NaN,NaN,NaN,NaN,NaN,NaN,NaN,NaN,NaN,NaN,NaN,NaN,NaN,NaN,NaN,NaN,NaN,NaN,NaN,NaN,NaN,NaN,NaN,NaN,NaN,NaN,NaN,NaN,NaN,NaN,NaN,NaN,NaN,NaN,NaN,NaN,NaN,NaN,NaN,NaN,NaN,NaN,NaN,NaN,NaN,NaN,0.0191066781784227,0.0192732930011263,0.0190099077629021,0.0189259407419458,0.0191581599932327,0.0191118930618565,0.0188528195072298,0.0186624229522646,NaN,NaN,NaN,NaN,NaN,NaN,NaN,NaN,NaN,NaN,NaN,NaN,NaN,NaN,NaN,NaN,NaN,NaN,NaN,NaN,NaN,NaN,NaN,NaN,NaN,NaN,NaN,NaN,NaN,NaN,NaN,NaN,NaN,NaN,NaN,NaN,NaN,NaN,NaN,NaN,NaN,NaN,NaN,NaN,NaN,NaN,NaN,NaN,NaN,NaN,NaN,NaN,NaN,NaN,NaN,NaN,NaN,NaN,NaN,NaN,NaN,NaN,NaN,NaN,NaN,NaN,NaN,NaN,NaN,NaN,NaN,NaN,NaN,NaN,NaN,NaN,NaN,NaN,NaN,NaN,NaN
NaN,NaN,NaN,NaN,NaN,NaN,NaN,NaN,NaN,NaN,NaN,NaN,NaN,NaN,NaN,NaN,NaN,NaN,NaN,NaN,NaN,NaN,NaN,NaN,NaN,NaN,NaN,NaN,NaN,NaN,NaN,NaN,NaN,NaN,NaN,NaN,NaN,NaN,NaN,NaN,NaN,NaN,NaN,NaN,NaN,NaN,-0.0233005508108148,0.0173929397401719,0.0100295087928489,-0.0235764230703772,-0.0231167728034877,-0.0229727625398193,-0.0223559226688142,-0.0154737868356369,0.00323744981010143,NaN,-0.0138717076301222,-0.0160549793007697,-0.015608599761615,-0.0150336679163945,-0.0144759185780935,-0.0139320236759288,-0.0134573775218014,-0.0130381263114213,-0.0125857302298117,-0.0120689734401572,-0.0114848809984596,-0.0108842610225609,-0.0101340827675396,-0.00918575695189353,-0.00797699555230255,-0.00717243881537154,-0.00660586247908259,-0.00600963443193557,-0.00536972423106544,-0.0049674799712015,-0.00488044441390204,-0.00456641940954564,-0.00445990276690458,-0.00477983216391142,-0.00498263931484147,-0.00494711063105822,-0.00443660423523945,-0.00230035735460124,-0.000712768604718397,0.0119915828921148,NaN,NaN,NaN,NaN,NaN,NaN,NaN,NaN,NaN,NaN,NaN,NaN,NaN,NaN,NaN,NaN,NaN,NaN,NaN,NaN,NaN,NaN,NaN,NaN,NaN,NaN,NaN,NaN,NaN,NaN,NaN,NaN,NaN,NaN,NaN,NaN,NaN,NaN,NaN,NaN,NaN,NaN,NaN,NaN,NaN,NaN,NaN,NaN,NaN,NaN,NaN,NaN,NaN,NaN,NaN,NaN,NaN,NaN,NaN,NaN,NaN,NaN,NaN,NaN,NaN,NaN,NaN,NaN,NaN,NaN,0.0189795742027839,0.0193427262980062,0.0189969324462346,0.0189054585645375,0.0192687813618767,0.0194407314894911,0.0190475320184721,NaN,NaN,NaN,NaN,NaN,NaN,NaN,NaN,NaN,NaN,NaN,NaN,NaN,NaN,NaN,NaN,NaN,NaN,NaN,NaN,NaN,NaN,NaN,NaN,NaN,NaN,NaN,NaN,NaN,NaN,NaN,NaN,NaN,NaN,NaN,NaN,NaN,NaN,NaN,NaN,NaN,NaN,NaN,NaN,NaN,NaN,NaN,NaN,NaN,NaN,NaN,NaN,NaN,NaN,NaN,NaN,NaN,NaN,NaN,NaN,NaN,NaN,NaN,NaN,NaN,NaN,NaN,NaN,NaN,NaN,NaN,NaN,NaN,NaN,NaN,NaN,NaN,NaN,NaN,NaN,NaN,NaN
NaN,NaN,NaN,NaN,NaN,NaN,NaN,NaN,NaN,NaN,NaN,NaN,NaN,NaN,NaN,NaN,NaN,NaN,NaN,NaN,NaN,NaN,NaN,NaN,NaN,NaN,NaN,NaN,NaN,NaN,NaN,NaN,NaN,NaN,NaN,NaN,NaN,NaN,NaN,NaN,NaN,NaN,NaN,NaN,NaN,0.00299802428611957,-0.0246445886475326,-0.0241793935710563,-0.0238701702952362,-0.0184176692497472,-0.0164842340361009,-0.0227566198044869,-0.0220988494030126,-0.0208744417225436,-0.0196196554076982,-0.0182779565357417,-0.0172445665218542,-0.0164617418843126,-0.0157207691987335,-0.0150519756684348,-0.0144405758106384,-0.0137903735598063,-0.0132021568644554,-0.0127230514433434,-0.0122025961986697,-0.0115726481822376,-0.010904312322741,-0.0102456065641589,-0.00942672853269724,-0.00839075936121906,-0.00736286573441013,-0.00654306356780236,-0.00595930143636237,-0.0053218986094459,-0.00468209469574636,-0.00445846915916233,-0.00441738883939954,-0.0040342534363112,-0.00382716495918992,-0.00390431628781024,-0.00410945210192903,-0.00406729673723811,-0.00377988727379182,-0.00343478489386142,-0.00300197639069014,-0.00254481474255946,-0.00222838477709779,-0.00213670807529857,NaN,NaN,NaN,NaN,NaN,NaN,NaN,NaN,NaN,NaN,NaN,NaN,NaN,NaN,NaN,NaN,NaN,NaN,NaN,NaN,NaN,NaN,NaN,NaN,NaN,NaN,NaN,NaN,NaN,NaN,NaN,NaN,NaN,NaN,NaN,NaN,NaN,NaN,NaN,NaN,NaN,NaN,NaN,NaN,NaN,NaN,NaN,NaN,NaN,NaN,NaN,NaN,NaN,NaN,NaN,NaN,NaN,NaN,NaN,NaN,NaN,NaN,NaN,NaN,NaN,NaN,NaN,NaN,NaN,0.0191982559957451,0.0189564697448689,0.0190153296232484,0.0193226416518575,0.0195869453078523,0.0190747711339997,NaN,NaN,NaN,NaN,NaN,NaN,NaN,NaN,NaN,NaN,NaN,NaN,NaN,NaN,NaN,NaN,NaN,NaN,NaN,NaN,NaN,NaN,NaN,NaN,NaN,NaN,NaN,NaN,NaN,NaN,NaN,NaN,NaN,NaN,NaN,NaN,NaN,NaN,NaN,NaN,NaN,NaN,NaN,NaN,NaN,NaN,NaN,NaN,NaN,NaN,NaN,NaN,NaN,NaN,NaN,NaN,NaN,NaN,NaN,NaN,NaN,NaN,NaN,NaN,NaN,NaN,NaN,NaN,NaN,NaN,NaN,NaN,NaN,NaN,NaN,NaN,NaN,NaN,NaN,NaN,NaN,NaN
NaN,NaN,NaN,NaN,NaN,NaN,NaN,NaN,NaN,NaN,NaN,NaN,NaN,NaN,-0.0334838663671167,-0.0375482794580258,-0.0400530213735189,-0.0386996629839565,-0.0399258167927806,-0.0398754576293767,-0.0398177477239689,-0.0185593397695022,0.0439496125704061,NaN,NaN,NaN,NaN,NaN,NaN,NaN,NaN,NaN,NaN,NaN,NaN,NaN,NaN,NaN,NaN,NaN,NaN,NaN,NaN,NaN,NaN,-0.0060927948724527,-0.0230898586109549,-0.0243138193545718,-0.0237726472775444,-0.0229915455947072,-0.0232709171246314,-0.0228411198294572,-0.0220403788941643,-0.0210104264317862,-0.0198138984979247,-0.0186435461348657,-0.0175839195331314,-0.0165894963809207,-0.0157318433334951,-0.0150028029351543,-0.0143076371927831,-0.0134930644070868,-0.0128144765327007,-0.0122029328957852,-0.0115473404161225,-0.0105076540314521,-0.010044997489166,-0.00931577761602813,-0.00842910961721399,-0.00741934159022468,-0.00655094755482029,-0.00583094529983135,-0.005134814319799,-0.00451497630497677,-0.00409594392404295,-0.00394751840342884,-0.00385855508725927,-0.00355833085402493,-0.00339362817440267,-0.00326766305819588,-0.00338535919641189,-0.00341711645989735,-0.00323753192146921,-0.00293595973669905,-0.00260300378246559,-0.00238452876992123,-0.00227400231206167,-0.00205585786068297,NaN,NaN,NaN,NaN,NaN,NaN,NaN,NaN,NaN,NaN,NaN,NaN,NaN,NaN,NaN,NaN,NaN,NaN,NaN,NaN,NaN,NaN,NaN,NaN,NaN,NaN,NaN,NaN,NaN,NaN,NaN,NaN,NaN,NaN,NaN,NaN,NaN,NaN,NaN,NaN,NaN,NaN,NaN,NaN,NaN,NaN,NaN,NaN,NaN,NaN,NaN,NaN,NaN,NaN,NaN,NaN,NaN,NaN,NaN,NaN,NaN,NaN,NaN,NaN,NaN,NaN,NaN,NaN,NaN,0.0190589686760415,0.0189744954429724,0.0190662780106928,0.0195730080545942,0.0200509317334847,NaN,NaN,NaN,NaN,NaN,NaN,NaN,NaN,NaN,NaN,NaN,NaN,NaN,NaN,NaN,NaN,NaN,NaN,NaN,NaN,NaN,NaN,NaN,NaN,NaN,NaN,NaN,NaN,NaN,NaN,NaN,NaN,NaN,NaN,NaN,NaN,NaN,NaN,NaN,NaN,NaN,NaN,NaN,NaN,NaN,NaN,NaN,NaN,NaN,NaN,NaN,NaN,NaN,NaN,NaN,NaN,NaN,NaN,NaN,NaN,NaN,NaN,NaN,NaN,NaN,NaN,NaN,NaN,NaN,NaN,NaN,NaN,NaN,NaN,NaN,NaN,NaN,NaN,NaN,NaN,NaN,NaN,NaN
NaN,NaN,NaN,NaN,NaN,NaN,NaN,NaN,NaN,NaN,NaN,NaN,NaN,NaN,-0.0401769538778859,-0.0401222000055547,-0.0400506172461612,-0.0400258915286126,-0.0399557953739384,-0.0398138533073056,-0.039717855980228,-0.039571781210524,-0.0183182770281935,0.0439325896971204,NaN,NaN,NaN,NaN,NaN,NaN,NaN,NaN,NaN,NaN,NaN,NaN,NaN,NaN,NaN,NaN,NaN,NaN,NaN,0.0116093170155657,-0.0244258217834705,-0.0240152284333732,-0.0236258895920476,-0.0240171457690634,-0.0243438409369798,-0.0242065564598578,-0.0237237545334268,-0.0227896991090806,-0.0218625835417245,-0.0208216748881988,-0.019679096655143,-0.0185578387429039,-0.0175183372491192,-0.0165413209005962,-0.0156886640360679,-0.0149120588930241,-0.0140116513562935,-0.0130232031004812,-0.0121776835755728,-0.0114061523632081,-0.0105752890136178,-0.00979727103756974,-0.00910718086734265,-0.00829156644699802,-0.007402578124582,-0.00650463164376891,-0.00568796659614813,-0.00496626805410836,-0.00428332805486259,-0.00394147967801655,-0.00372125257518668,-0.00358220733209756,-0.0033291467724344,-0.00322771052827899,-0.0030298469890315,-0.00279308756489674,-0.00271992243941794,-0.00277067725116438,-0.00264832047134804,-0.00241283380276577,-0.00220350798019735,-0.00207669744860516,-0.00201158738382092,-0.00179989013859997,NaN,NaN,NaN,NaN,NaN,NaN,NaN,NaN,NaN,NaN,NaN,NaN,NaN,NaN,NaN,NaN,NaN,NaN,NaN,NaN,NaN,NaN,NaN,NaN,NaN,NaN,NaN,NaN,NaN,NaN,NaN,NaN,NaN,NaN,NaN,NaN,NaN,NaN,NaN,NaN,NaN,NaN,NaN,NaN,NaN,NaN,NaN,NaN,NaN,NaN,NaN,NaN,NaN,NaN,NaN,NaN,NaN,NaN,NaN,NaN,NaN,NaN,NaN,NaN,NaN,NaN,NaN,NaN,NaN,0.0195541679736359,0.0196055879313335,0.0195255226157283,0.0199316975235822,0.0199539098008463,NaN,NaN,NaN,NaN,NaN,NaN,NaN,NaN,NaN,NaN,NaN,NaN,NaN,NaN,NaN,NaN,NaN,NaN,NaN,NaN,NaN,NaN,NaN,NaN,NaN,NaN,NaN,NaN,NaN,NaN,NaN,NaN,NaN,NaN,NaN,NaN,NaN,NaN,NaN,NaN,NaN,NaN,NaN,NaN,NaN,NaN,NaN,NaN,NaN,NaN,NaN,NaN,NaN,NaN,NaN,NaN,NaN,NaN,NaN,NaN,NaN,NaN,NaN,NaN,NaN,NaN,NaN,NaN,NaN,NaN,NaN,NaN,NaN,NaN,NaN,NaN,NaN,NaN,NaN,NaN,NaN,NaN,NaN
NaN,NaN,NaN,NaN,NaN,NaN,NaN,NaN,NaN,NaN,NaN,NaN,NaN,-0.0402510074601842,-0.0402074277475048,-0.0401388569106602,-0.0401001720620613,-0.0386512598574189,-0.0322406613975246,-0.0398228938114143,-0.0396459409200641,-0.0394776769841111,-0.0393017453631996,-0.0155729694140699,0.0353674263265145,0.0387778889051836,NaN,NaN,NaN,NaN,NaN,NaN,NaN,NaN,NaN,NaN,NaN,NaN,NaN,NaN,NaN,NaN,NaN,0.0228617859079408,-0.0229779940435691,-0.0239443768949952,-0.0247746652554131,-0.0243993934458127,-0.0252519839067509,-0.0243485890429313,-0.0237855563434858,-0.0226906726401788,-0.0216873266082439,-0.0206378523823968,-0.0195092793257261,-0.0183865397327583,-0.0173698908668142,-0.0164022945860967,-0.015559019807169,-0.0143378834349828,-0.0127469044347908,-0.01218396398343,-0.0113440073809969,-0.0105338108598116,-0.00954177729943292,-0.00888942047479866,-0.00828260751448616,-0.00742868115609224,-0.00648098130254462,-0.00560932535620967,-0.00498084131846114,-0.00448505516381673,-0.00408906880663269,-0.00377785080686621,-0.00346829375936165,-0.00321578847117373,-0.00301058255839173,-0.00295271090356426,-0.00271060501722406,-0.00245358411920623,-0.00219762871316952,-0.00211591205918543,-0.00206956420820373,-0.00193437033774708,-0.00180679332102366,-0.00172312429498503,-0.00162342874569053,-0.00136998471273724,NaN,NaN,NaN,NaN,NaN,NaN,NaN,NaN,NaN,NaN,NaN,NaN,NaN,NaN,NaN,NaN,NaN,NaN,NaN,NaN,NaN,NaN,NaN,NaN,NaN,NaN,NaN,NaN,NaN,NaN,NaN,NaN,NaN,NaN,NaN,NaN,NaN,NaN,NaN,NaN,NaN,NaN,NaN,NaN,NaN,NaN,NaN,NaN,NaN,NaN,NaN,NaN,NaN,NaN,NaN,NaN,NaN,NaN,NaN,NaN,NaN,NaN,NaN,NaN,NaN,NaN,NaN,0.0216297115555239,0.0214336418830818,0.0209806674116833,0.0208153637488494,0.0209088269064926,0.0211344110715395,0.0203013829393508,NaN,NaN,NaN,NaN,NaN,NaN,NaN,NaN,NaN,NaN,NaN,NaN,NaN,NaN,NaN,NaN,NaN,NaN,NaN,NaN,NaN,NaN,NaN,NaN,NaN,NaN,NaN,NaN,NaN,NaN,NaN,NaN,NaN,NaN,NaN,NaN,NaN,NaN,NaN,NaN,NaN,NaN,NaN,NaN,NaN,NaN,NaN,NaN,NaN,NaN,NaN,NaN,NaN,NaN,NaN,NaN,NaN,NaN,NaN,NaN,NaN,NaN,NaN,NaN,NaN,NaN,NaN,NaN,NaN,NaN,NaN,NaN,NaN,NaN,NaN,NaN,NaN,NaN,NaN,NaN,NaN,NaN,NaN
NaN,NaN,NaN,NaN,NaN,NaN,NaN,NaN,NaN,NaN,NaN,NaN,NaN,-0.0402611725225955,-0.0402572991569319,NaN,NaN,NaN,NaN,NaN,-0.0393654138504589,-0.0393536174485837,-0.039200632500064,-0.0389706262049789,-0.0266607362824246,-0.023198229660846,NaN,NaN,NaN,NaN,NaN,NaN,NaN,NaN,NaN,NaN,NaN,NaN,NaN,NaN,NaN,0.020496583895504,-0.0235945690289948,-0.0214360155090693,-0.0236185960126722,-0.0256330922619947,-0.0250581674697506,-0.0249933429779216,-0.0252957133876728,-0.0245024042020471,-0.0199919332358828,-0.0224561034133407,-0.0215050895419571,-0.0204484114661292,-0.0193794941506643,-0.0182669019409608,-0.0171833329786256,-0.0160445299933098,-0.0149938867294717,-0.0133500285651919,-0.0124969948331902,-0.0116010332518316,-0.0108349691515134,-0.00988051717582322,-0.00902557580115709,-0.00855564463114449,-0.00786561833581636,-0.00679747827214956,-0.00596272498574863,-0.00532950824335388,-0.00492031218354327,-0.00454486787541143,-0.00417753653724568,-0.00382547603252338,-0.00349620141841275,-0.00317389307645389,-0.00295332148842623,-0.00271936921513846,-0.00247901028711844,-0.00214269437553482,-0.00180537445836981,-0.00153730408408186,-0.00143589490226264,-0.00141584022017203,-0.00132868752327954,-0.00125721518001285,-0.00116410683015358,-0.00102955787421854,0.00214682176396636,NaN,NaN,NaN,NaN,NaN,NaN,NaN,NaN,NaN,NaN,NaN,NaN,NaN,NaN,NaN,NaN,NaN,NaN,NaN,NaN,NaN,NaN,NaN,NaN,NaN,NaN,NaN,NaN,NaN,NaN,NaN,NaN,NaN,NaN,NaN,NaN,NaN,NaN,NaN,NaN,NaN,NaN,NaN,NaN,NaN,NaN,NaN,NaN,NaN,NaN,NaN,NaN,NaN,NaN,NaN,NaN,NaN,NaN,NaN,NaN,NaN,NaN,NaN,NaN,NaN,0.0210579830111465,0.0213770197066313,0.0211679670778089,0.0210968983902598,0.0215307546438254,0.021983784421424,0.022520552486849,NaN,NaN,NaN,NaN,NaN,NaN,NaN,NaN,NaN,NaN,NaN,NaN,NaN,NaN,NaN,NaN,NaN,NaN,NaN,NaN,NaN,NaN,NaN,NaN,NaN,NaN,NaN,NaN,NaN,NaN,NaN,NaN,NaN,NaN,NaN,NaN,NaN,NaN,NaN,NaN,NaN,NaN,NaN,NaN,NaN,NaN,NaN,NaN,NaN,NaN,NaN,NaN,NaN,NaN,NaN,NaN,NaN,NaN,NaN,NaN,NaN,NaN,NaN,NaN,NaN,NaN,NaN,NaN,NaN,NaN,NaN,NaN,NaN,NaN,NaN,NaN,NaN,NaN,NaN,NaN,NaN,NaN,NaN,NaN
NaN,NaN,NaN,NaN,NaN,NaN,NaN,NaN,NaN,NaN,NaN,NaN,NaN,NaN,NaN,NaN,NaN,NaN,NaN,NaN,NaN,-0.0391462270337959,-0.0390685787410588,-0.0388488813445363,-0.0385259554610865,-0.0381930985178958,-0.0380099300121805,-0.0378769471913419,-0.037107658048513,-0.037345746020274,0.00198193964774743,NaN,NaN,NaN,NaN,NaN,NaN,NaN,NaN,NaN,0.00949449975041127,-0.0244400075459179,-0.0238906499984538,-0.0231780308178784,-0.0234823216329341,-0.0261491175043887,-0.0261003771314463,-0.0251603637284422,-0.0249123822760635,-0.0246446930168415,-0.023784620331728,-0.0226013859163623,-0.0210553104731028,-0.0202348405838816,-0.0191106801431509,-0.0178988955335234,-0.0167077130588046,-0.0154507992770847,-0.0144770603088168,-0.0134891784300833,-0.012355379113803,-0.0114924051016359,-0.0107552690554544,-0.00972442601152444,-0.00903609901535853,-0.00853142811467934,-0.00764639347452964,-0.0066887437787973,-0.00608242517540423,-0.00558985959703438,-0.00523562889721023,-0.00478250063683797,-0.00431378031245252,-0.00395620884275193,-0.00364453164781128,-0.00328050673449924,-0.00294927173663478,-0.00270599850381109,-0.00234887817545138,-0.00189045751896995,-0.00149114106043695,-0.0011576258969804,-0.000957598464437092,-0.000872870828644234,-0.000782009666382103,-0.000715533751450819,-0.000648486355489362,-0.000504960067543733,-0.000369610508942099,0.0106724278402579,NaN,NaN,NaN,NaN,NaN,NaN,NaN,NaN,NaN,NaN,NaN,NaN,NaN,NaN,NaN,NaN,NaN,NaN,NaN,NaN,NaN,NaN,NaN,NaN,NaN,NaN,NaN,NaN,NaN,NaN,NaN,NaN,NaN,NaN,NaN,NaN,NaN,NaN,NaN,NaN,NaN,NaN,NaN,NaN,NaN,NaN,NaN,NaN,NaN,NaN,NaN,NaN,NaN,NaN,NaN,NaN,NaN,NaN,NaN,NaN,NaN,NaN,NaN,0.0204244771911652,0.0206476393257661,0.02068856121283,0.0207142795678289,0.0208237239580581,0.0214275363444178,0.0216301784100974,0.0216162076818186,0.0206382624964744,NaN,NaN,NaN,NaN,NaN,NaN,NaN,NaN,NaN,NaN,NaN,NaN,NaN,NaN,NaN,NaN,NaN,NaN,NaN,NaN,NaN,NaN,NaN,NaN,NaN,NaN,NaN,NaN,NaN,NaN,NaN,NaN,NaN,NaN,NaN,NaN,NaN,NaN,NaN,NaN,NaN,NaN,NaN,NaN,NaN,NaN,NaN,NaN,NaN,NaN,NaN,NaN,NaN,NaN,NaN,NaN,NaN,NaN,NaN,NaN,NaN,NaN,NaN,NaN,NaN,NaN,NaN,NaN,NaN,NaN,NaN,NaN,NaN,NaN,NaN,NaN,NaN,NaN,NaN,NaN,NaN,NaN,NaN
NaN,NaN,NaN,NaN,NaN,NaN,NaN,NaN,NaN,NaN,NaN,NaN,NaN,NaN,NaN,NaN,NaN,NaN,NaN,NaN,NaN,NaN,-0.0383223932527802,-0.0386940997440618,-0.0384024336322856,-0.0381913990742525,-0.0380188540340592,-0.0378853978744308,-0.0378046104344156,-0.0377793124296559,-0.0372309753306573,NaN,NaN,NaN,NaN,NaN,NaN,NaN,NaN,0.00935152172823694,-0.0201129669418384,-0.0195372440495264,-0.0238456734421462,-0.0245800153686967,-0.0246099106263327,-0.0257282103891241,-0.0258837024945809,-0.0256099317453805,-0.0250854864676895,-0.0244836545915634,-0.0234988639499534,-0.021197722243629,-0.0210910360493682,-0.0200008095723957,-0.0187735137542774,-0.0174219864074029,-0.0163767083844372,-0.0152315603711813,-0.014467190326189,-0.0136075247896268,-0.0123416361421039,-0.0113934063781013,-0.0106038264735306,-0.00956707674794038,-0.00882617764026227,-0.00829425279258517,-0.00747675140966844,-0.00674904838192175,-0.00623062573314866,-0.00585949855211438,-0.00554292954614852,-0.0048445258469493,-0.00421883678917351,-0.00397315896008889,-0.00364734240143556,-0.00330245254321751,-0.00299039419252648,-0.00262548381002845,-0.00218478130276261,-0.00172775766459716,-0.00127252042200656,-0.000912551503094014,-0.000679744173955036,-0.000489472944568539,-0.000202560587483514,-2.17557397143282e-05,-1.32057118269782e-05,0.000111242446687544,0.000214878395138311,0.00430149560938184,NaN,NaN,NaN,NaN,NaN,NaN,NaN,NaN,NaN,NaN,NaN,NaN,NaN,NaN,NaN,NaN,NaN,NaN,NaN,NaN,NaN,NaN,NaN,NaN,NaN,NaN,NaN,NaN,NaN,NaN,NaN,NaN,NaN,NaN,NaN,NaN,NaN,NaN,NaN,NaN,NaN,NaN,NaN,NaN,NaN,NaN,NaN,NaN,NaN,NaN,NaN,NaN,NaN,NaN,NaN,NaN,NaN,NaN,NaN,NaN,NaN,NaN,NaN,0.0201309770020973,0.0201667064288412,0.0200975840015195,0.0205486792336415,0.0209247200958776,0.0210614699384312,0.021124722361527,0.0213183496124743,0.0211877856194858,0.0217580250690723,0.0218864797358008,NaN,NaN,NaN,NaN,NaN,NaN,NaN,NaN,NaN,NaN,NaN,NaN,NaN,NaN,NaN,NaN,NaN,NaN,NaN,NaN,NaN,NaN,NaN,NaN,NaN,NaN,NaN,NaN,NaN,NaN,NaN,NaN,NaN,NaN,NaN,NaN,NaN,NaN,NaN,NaN,NaN,NaN,NaN,NaN,NaN,NaN,NaN,NaN,NaN,NaN,NaN,NaN,NaN,NaN,NaN,NaN,NaN,NaN,NaN,NaN,NaN,NaN,NaN,NaN,NaN,NaN,NaN,NaN,NaN,NaN,NaN,NaN,NaN,NaN,NaN,NaN,NaN,NaN,NaN,NaN,NaN
NaN,NaN,NaN,NaN,NaN,NaN,NaN,NaN,NaN,NaN,NaN,NaN,NaN,NaN,NaN,NaN,NaN,NaN,NaN,NaN,NaN,NaN,NaN,-0.0231914978256288,-0.0383921771688915,-0.0381288627995523,-0.0378982679755421,-0.037777667487517,-0.0377201609005925,-0.0377041391715711,-0.0376772887682425,-0.0372060727501302,-0.037439302768118,-0.0178384592170106,-0.0241383006928487,-0.00544242554796133,-0.00435035546795095,-0.024529618477053,-0.0243956679916679,0.00912832509953818,-0.0192667289854751,-0.0194109208408047,-0.0226971657490967,-0.023234992395004,-0.0238502484433302,-0.0256113627270141,-0.0265006601219597,-0.0258130620522948,-0.025244425184669,-0.0242628612808902,-0.0235943432159239,-0.0224113486502903,-0.0210022135468318,-0.0197332023223627,-0.0183593708444753,-0.0171483968687265,-0.0164792214320276,-0.0154699072343113,-0.0146801219244259,-0.0139424726170326,-0.0125494296763389,-0.0112480556419334,-0.0103059858888608,-0.00904504604182982,-0.00833367727895704,-0.00790820496400895,-0.00731209538547784,-0.00659082974068071,-0.00601326761575014,-0.0058925640610694,-0.00548766403548509,-0.00469857980709168,-0.00420985384194287,-0.00367524179596282,-0.00305524635485408,-0.00278624280010484,-0.00265544443121017,-0.00240010751388955,-0.00192653736247424,-0.00141799747036359,-0.000982527954560193,-0.000682266220288006,-0.000464939946822908,-0.000188233232559514,0.00010471113333512,0.000326313396959888,0.000503698804746182,0.000704026237105664,0.000802963781199326,0.00107393103489055,NaN,NaN,NaN,NaN,NaN,NaN,NaN,NaN,NaN,NaN,NaN,NaN,NaN,NaN,NaN,NaN,NaN,NaN,NaN,NaN,NaN,NaN,NaN,NaN,NaN,NaN,NaN,NaN,NaN,NaN,NaN,NaN,NaN,NaN,NaN,NaN,NaN,NaN,NaN,NaN,NaN,NaN,NaN,NaN,NaN,NaN,NaN,NaN,NaN,NaN,NaN,NaN,NaN,NaN,NaN,NaN,NaN,NaN,NaN,NaN,NaN,NaN,NaN,0.0195666378131841,0.0194726756100044,0.019435762849609,0.0201545261121318,0.0208922366642741,0.0206545339438961,0.0209555016654777,0.0212771632945977,0.0214677943246235,0.021769658757128,0.0219900874287176,0.0219078616400202,0.00487716391865561,NaN,NaN,NaN,NaN,NaN,NaN,NaN,NaN,NaN,NaN,NaN,NaN,NaN,NaN,NaN,NaN,NaN,NaN,NaN,NaN,NaN,NaN,NaN,NaN,NaN,NaN,NaN,NaN,NaN,NaN,NaN,NaN,NaN,NaN,NaN,NaN,NaN,NaN,NaN,NaN,NaN,NaN,NaN,NaN,NaN,NaN,NaN,NaN,NaN,NaN,NaN,NaN,NaN,NaN,NaN,NaN,NaN,NaN,NaN,NaN,NaN,NaN,NaN,NaN,NaN,NaN,NaN,NaN,NaN,NaN,NaN,NaN,NaN,NaN,NaN,NaN,NaN,NaN,NaN
NaN,NaN,NaN,NaN,NaN,NaN,NaN,NaN,NaN,NaN,NaN,NaN,NaN,NaN,NaN,NaN,NaN,NaN,NaN,NaN,NaN,NaN,NaN,NaN,NaN,NaN,-0.0377529407499421,-0.0377540937872196,-0.0376947344596232,-0.0376714579943531,-0.0376447811466574,-0.0377150272794813,-0.0374475223548423,-0.0334103068390755,-0.023193502356227,0.0270865865567364,0.0173784905176758,-0.0245523637451436,-0.0241281813588803,-0.0229855119807909,-0.021591442020407,-0.0260739361701135,-0.0253912277686755,-0.0263605822461022,-0.0260558032162165,-0.026102794102122,-0.0263015397809689,-0.0259058905456149,-0.0247707156350662,-0.0245393511291831,-0.0234425485452246,-0.022350697251879,-0.0207645117532958,-0.0192908155604396,-0.01827965020546,-0.0174197989920423,-0.0168508970361786,-0.0161349149658621,-0.0151110885970397,-0.0141628265192309,-0.0126897751071195,-0.0111244988222766,-0.00991852760755971,-0.00894039314959778,-0.00846381646535743,-0.00786515853439009,-0.00713999198618365,-0.00630505511831307,-0.00587220472408151,-0.00564237249881616,-0.00526469320749835,-0.00456337161544494,-0.00395464905237031,-0.00326993584157879,-0.00232112873764514,-0.00207959895525721,-0.00201282535275352,-0.00181176281120804,-0.00145057495918419,-0.000969388625811687,-0.000664271150306683,-0.000592517300174032,-0.000367044274629575,-5.12573755118608e-05,9.66076347203385e-05,0.000276071893435657,0.000500331579775887,0.000722192232656068,0.000868680506491237,0.000949241388446354,0.000794512671695516,NaN,NaN,NaN,NaN,NaN,NaN,NaN,NaN,NaN,NaN,NaN,NaN,NaN,NaN,NaN,NaN,NaN,NaN,NaN,NaN,NaN,NaN,NaN,NaN,NaN,NaN,NaN,NaN,NaN,NaN,NaN,NaN,NaN,NaN,NaN,NaN,NaN,NaN,NaN,NaN,NaN,NaN,NaN,NaN,NaN,NaN,NaN,NaN,NaN,NaN,NaN,NaN,NaN,NaN,NaN,NaN,NaN,NaN,NaN,NaN,NaN,NaN,0.0189846140748548,0.0188399909013605,0.0187320284417866,0.0189790736379318,0.0195713095122697,0.0198756094371191,0.020651381641652,0.0209848827408241,0.021238156372798,0.0215219529467755,0.0217221498026858,0.0209433647794584,0.00337885651973062,NaN,NaN,NaN,NaN,NaN,NaN,NaN,NaN,NaN,NaN,NaN,NaN,NaN,NaN,NaN,NaN,NaN,NaN,NaN,NaN,NaN,NaN,NaN,NaN,NaN,NaN,NaN,NaN,NaN,NaN,NaN,NaN,NaN,NaN,NaN,NaN,NaN,NaN,NaN,NaN,NaN,NaN,NaN,NaN,NaN,NaN,NaN,NaN,NaN,NaN,NaN,NaN,NaN,NaN,NaN,NaN,NaN,NaN,NaN,NaN,NaN,NaN,NaN,NaN,NaN,NaN,NaN,NaN,NaN,NaN,NaN,NaN,NaN,NaN,NaN,NaN,NaN,NaN,NaN
NaN,NaN,NaN,NaN,NaN,NaN,NaN,NaN,NaN,NaN,NaN,NaN,NaN,NaN,NaN,NaN,NaN,NaN,NaN,NaN,NaN,NaN,NaN,NaN,NaN,NaN,-0.00630110438667296,-0.0343653606598555,-0.0377080805800211,-0.0376670131078856,-0.0376016251038589,-0.0375819633737583,-0.0372706589939591,-0.0370185262673032,-0.0311793030088237,-0.0304817510917992,-0.0292165620602961,-0.0221009832310606,-0.0196481920960519,-0.0228844757510547,-0.0190296901876406,-0.0247175648625929,-0.0284700128669198,-0.0279206893348426,-0.0170569313036547,-0.0106369156877091,-0.0234760875972747,-0.0249494418957874,-0.0246383561717678,-0.0243122638936498,-0.0233568317280592,-0.0222644176925375,-0.0210658970303467,-0.0196794290402969,-0.0188429741794415,-0.0181239697545729,-0.0173204462018726,-0.0165253089322561,-0.0155694176669965,-0.0145879236937292,-0.0130678326643575,-0.0110802954558364,-0.00992363716738737,-0.00920964751505656,-0.00861809768110318,-0.00786598313267292,-0.00705066980834779,-0.00617374630895311,-0.0056867789691898,-0.00545279292841773,-0.00513880701383023,-0.00449345214583411,-0.00377971179051143,-0.00305269711471642,-0.00198921729844137,-0.00155376498877305,-0.0013183308896437,-0.00115002734242484,-0.000961443004839284,-0.000797325120291847,-0.00080769797481739,-0.000695109067897671,-0.000379716562155139,-0.000167965479062888,-9.04122303032606e-05,9.22181070934056e-05,0.000344048940249624,0.000549422854880536,0.000727811168081971,0.000849516904948581,0.000784202657034751,0.000629899653423294,NaN,NaN,NaN,NaN,NaN,NaN,NaN,NaN,NaN,NaN,NaN,NaN,NaN,NaN,NaN,NaN,NaN,NaN,NaN,NaN,NaN,NaN,NaN,NaN,NaN,NaN,NaN,NaN,NaN,NaN,NaN,NaN,NaN,NaN,NaN,NaN,NaN,NaN,NaN,NaN,NaN,NaN,NaN,NaN,NaN,NaN,NaN,NaN,NaN,NaN,NaN,NaN,NaN,NaN,NaN,NaN,NaN,NaN,NaN,NaN,NaN,0.018456241382738,0.018309853342693,0.0181625737034599,0.0181094142767436,0.0183455349820809,0.0191097626460448,0.0200058788152898,0.020440127588958,0.0207001419629592,0.0209199701210044,0.0209899221401921,0.0200213505741626,0.0195420479163043,NaN,NaN,NaN,NaN,NaN,NaN,NaN,NaN,NaN,NaN,NaN,NaN,NaN,NaN,NaN,NaN,NaN,NaN,NaN,NaN,NaN,NaN,NaN,NaN,NaN,NaN,NaN,NaN,NaN,NaN,NaN,NaN,NaN,NaN,NaN,NaN,NaN,NaN,NaN,NaN,NaN,NaN,NaN,NaN,NaN,NaN,NaN,NaN,NaN,NaN,NaN,NaN,NaN,NaN,NaN,NaN,NaN,NaN,NaN,NaN,NaN,NaN,NaN,NaN,NaN,NaN,NaN,NaN,NaN,NaN,NaN,NaN,NaN,NaN,NaN,NaN,NaN,NaN,NaN
NaN,NaN,NaN,NaN,NaN,NaN,NaN,NaN,NaN,NaN,NaN,NaN,NaN,NaN,NaN,NaN,NaN,NaN,NaN,NaN,NaN,NaN,NaN,NaN,NaN,NaN,NaN,-0.0104580805155584,-0.0376745592935352,-0.0376409631188818,-0.0374605807300299,-0.0372414252235693,-0.0372558038086308,-0.0345316165993878,-0.024565136008166,-0.0227541166900024,-0.0294079535856828,-0.0158361104562928,-0.0160287921588791,-0.0179604601677088,-0.0227962639428795,-0.0227835048829388,-0.0252394420870793,-0.0291594553569313,-0.0263652116978558,-0.0273610240794758,-0.0262773118606309,-0.0260778034014783,-0.0256610843555442,-0.0243044511846216,-0.0236504501834944,-0.0224107252512696,-0.0214576439163634,-0.0202415367454297,-0.0194718505850576,-0.0188476171563928,-0.0179939148878458,-0.0170439224260056,-0.016015561841079,-0.0147074649224751,-0.0132831971388489,-0.011761856313497,-0.0104638987737268,-0.00953578905122796,-0.00887818928570938,-0.00812919472222382,-0.00728891904076044,-0.00639755954917859,-0.00581646970924225,-0.00553983363364335,-0.0052106398356965,-0.004588078229649,-0.00387269554336341,-0.00311052327628729,-0.00202022326272355,-0.00135202272955364,-0.000957318670672616,-0.000710811636747043,-0.000619439750226942,-0.000667087747741355,-0.000713941550504911,-0.000693881308127716,-0.000477820534054348,-0.000281844222795501,-0.00023318633125693,-6.29757415007739e-05,0.000229841061801729,0.00036681908249041,0.000540493291324792,0.000682073019115448,0.00070326702372404,0.000632687082447728,0.000505380018745155,NaN,NaN,NaN,NaN,NaN,NaN,NaN,NaN,NaN,NaN,NaN,NaN,NaN,NaN,NaN,NaN,NaN,NaN,NaN,NaN,NaN,NaN,NaN,NaN,NaN,NaN,NaN,NaN,NaN,NaN,NaN,NaN,NaN,NaN,NaN,NaN,NaN,NaN,NaN,NaN,NaN,NaN,NaN,NaN,NaN,NaN,NaN,NaN,NaN,NaN,NaN,NaN,NaN,NaN,NaN,NaN,NaN,NaN,NaN,NaN,0.0178277766790828,0.0177614691975852,0.0177601564250438,0.0178462142784995,0.0180122700797182,0.018636565177283,0.0193748602061982,0.0198949589528488,0.0200510097177169,0.0200866688274269,0.0200516230772431,0.0193461247498897,0.0192985255979283,NaN,NaN,NaN,NaN,NaN,NaN,NaN,NaN,NaN,NaN,NaN,NaN,NaN,NaN,NaN,NaN,NaN,NaN,NaN,NaN,NaN,NaN,NaN,NaN,NaN,NaN,NaN,NaN,NaN,NaN,NaN,NaN,NaN,NaN,NaN,NaN,NaN,NaN,NaN,NaN,NaN,NaN,NaN,NaN,NaN,NaN,NaN,NaN,NaN,NaN,NaN,NaN,NaN,NaN,NaN,NaN,NaN,NaN,NaN,NaN,NaN,NaN,NaN,NaN,NaN,NaN,NaN,NaN,NaN,NaN,NaN,NaN,NaN,NaN,NaN,NaN,NaN,NaN,NaN
NaN,NaN,NaN,NaN,NaN,NaN,NaN,NaN,NaN,NaN,NaN,NaN,NaN,NaN,NaN,NaN,NaN,NaN,NaN,NaN,NaN,NaN,NaN,NaN,NaN,NaN,NaN,NaN,-0.0104580010668104,-0.0373239524727272,-0.0371440524989373,-0.0369517990536906,-0.0367395304650713,-0.0357164665374558,-0.0179921631523115,-0.0253764119440159,-0.0177414949907822,-0.0177472848874879,-0.013171332339693,-0.0159986649121687,-0.0219818355705539,-0.02313240805301,-0.0232683175593319,-0.0288638916280437,-0.0281844413758651,-0.0278704838162491,-0.0269578524363959,-0.0267297064522697,-0.0260848024317718,-0.0252451956638144,-0.0239308669777456,-0.0226649901962712,-0.02180229997675,-0.0209439229617378,-0.0200126786376039,-0.0194114501182499,-0.0186620146159843,-0.0177432279206765,-0.0164829588639786,-0.0146213499722142,-0.013610328825749,-0.0125093193626773,-0.0111328766034193,-0.0101780036806666,-0.00902183501634516,-0.00774289180446643,-0.00724490044761257,-0.00694246090389762,-0.00646575709495443,-0.00585506846082393,-0.00544820324301707,-0.00450008433638925,-0.00412195492720627,-0.00331226930394927,-0.00228472082860525,-0.00145344654308579,-0.000869393689940783,-0.000548009917473985,-0.000445142413177828,-0.000405822778743725,-0.000476484594378981,-0.000548241212728952,-0.00039693942715513,-0.000209420032301302,-0.000209943129677608,-3.78290254776202e-05,0.000225950124412491,0.000238451589617126,0.000412596255037122,0.000591437949692157,0.000623784087147031,0.000599458787338796,0.000473062836306768,NaN,NaN,NaN,NaN,NaN,NaN,NaN,NaN,NaN,NaN,NaN,NaN,NaN,NaN,NaN,NaN,NaN,NaN,NaN,NaN,NaN,NaN,NaN,NaN,NaN,NaN,NaN,NaN,NaN,NaN,NaN,NaN,NaN,NaN,NaN,NaN,NaN,NaN,NaN,NaN,NaN,NaN,NaN,NaN,NaN,NaN,NaN,NaN,NaN,NaN,NaN,NaN,NaN,NaN,NaN,NaN,NaN,NaN,NaN,NaN,0.0168842709593532,0.0170385978050591,0.017331903975661,0.0177333285498893,0.0181127115218846,0.0187547294999576,0.0191611268613825,0.0193421126540015,0.0192147964553794,0.0190456176543226,0.0188813804111605,0.014502962123616,0.016613675017566,NaN,NaN,NaN,NaN,NaN,NaN,NaN,NaN,NaN,NaN,NaN,NaN,NaN,NaN,NaN,NaN,NaN,NaN,NaN,NaN,NaN,NaN,NaN,NaN,NaN,NaN,NaN,NaN,NaN,NaN,NaN,NaN,NaN,NaN,NaN,NaN,NaN,NaN,NaN,NaN,NaN,NaN,NaN,NaN,NaN,NaN,NaN,NaN,NaN,NaN,NaN,NaN,NaN,NaN,NaN,NaN,NaN,NaN,NaN,NaN,NaN,NaN,NaN,NaN,NaN,NaN,NaN,NaN,NaN,NaN,NaN,NaN,NaN,NaN,NaN,NaN,NaN,NaN,NaN
NaN,NaN,NaN,NaN,NaN,NaN,NaN,NaN,NaN,NaN,NaN,NaN,NaN,NaN,NaN,NaN,NaN,NaN,NaN,NaN,NaN,NaN,NaN,NaN,NaN,NaN,NaN,NaN,NaN,-0.0101033311529441,-0.0367113116980665,-0.0365455231586778,-0.0363078279499156,-0.0361505575766367,-0.034925817601819,-0.0246939670218223,-0.0247046883552828,-0.015210140678515,-0.0127169243782817,-0.0144472256562681,-0.0196507307868675,-0.0263123326858211,-0.0287860084322137,-0.028823880036635,-0.0286777197481521,-0.0282930495890365,-0.0276044539232467,-0.0269667455526564,-0.0263628929231936,-0.0255299435263299,-0.0245020814963922,-0.0234480890600176,-0.0222709673231861,-0.021322547855871,-0.020544855553941,-0.0199209459342039,-0.0192552783557574,-0.0183462256735252,-0.0149209179954835,-0.0102035630716865,-0.0139180488636729,-0.00941352237932353,-0.0100475224447429,-0.010074386596366,-0.00967338494544267,-0.00938585921021405,-0.0085783845571463,-0.00776520801516694,-0.00724769548253668,-0.00674005473442075,-0.00600197619339673,-0.00527852611817941,-0.00448398377353084,-0.00371235701235418,-0.00282163017391329,-0.00185383348809397,-0.00105296871345471,-0.000543204768941658,-0.000325816587889256,-0.000316901576459257,-0.000360582865396567,-0.000354088132245553,-0.000159692512231014,-3.93145219112664e-05,-0.000179783629864083,-3.24774534233769e-05,0.000163782970508153,0.000223331394818385,0.000427038944346583,0.000559005503486643,0.00056835646714188,0.000579146141408898,0.000445506034375172,0.000265078696735532,0.000115732751602869,NaN,NaN,NaN,NaN,NaN,NaN,NaN,NaN,NaN,NaN,NaN,NaN,NaN,NaN,NaN,NaN,NaN,NaN,NaN,NaN,NaN,NaN,NaN,NaN,NaN,NaN,NaN,NaN,NaN,NaN,NaN,NaN,NaN,NaN,NaN,NaN,NaN,NaN,NaN,NaN,NaN,NaN,NaN,NaN,NaN,NaN,NaN,NaN,NaN,NaN,NaN,NaN,NaN,NaN,NaN,NaN,NaN,NaN,0.0160193056777865,0.016377266194743,0.0167550505566332,0.0172259272507761,0.0179682478489338,0.0193122957504561,0.0191644931501747,0.0184333484634428,0.0181510518777983,0.0178932251725683,0.0174717023409209,0.0115709572871541,NaN,NaN,NaN,NaN,NaN,NaN,NaN,NaN,NaN,NaN,NaN,NaN,NaN,NaN,NaN,NaN,NaN,NaN,NaN,NaN,NaN,NaN,NaN,NaN,NaN,NaN,NaN,NaN,NaN,NaN,NaN,NaN,NaN,NaN,NaN,NaN,NaN,NaN,NaN,NaN,NaN,NaN,NaN,NaN,NaN,NaN,NaN,NaN,NaN,NaN,NaN,NaN,NaN,NaN,NaN,NaN,NaN,NaN,NaN,NaN,NaN,NaN,NaN,NaN,NaN,NaN,NaN,NaN,NaN,NaN,NaN,NaN,NaN,NaN,NaN,NaN,NaN,NaN,NaN,NaN
NaN,NaN,NaN,NaN,NaN,NaN,NaN,NaN,NaN,NaN,NaN,NaN,NaN,NaN,NaN,NaN,NaN,NaN,NaN,NaN,NaN,NaN,NaN,NaN,NaN,NaN,NaN,NaN,NaN,-0.00489333087722301,-0.0362768346957318,-0.0362214259801781,-0.0360428991437002,-0.0357011688988407,-0.0353776264806166,-0.0339673072989816,0.00378102797941933,-0.032447758208068,-0.011217412230965,-0.0204266992518032,-0.028039386137031,-0.0290026303187408,-0.0287994737132287,-0.0287388372459967,-0.0285819148755533,-0.0281857011070199,-0.0275503741652157,-0.0270774691426071,-0.0266040342318144,-0.0258815730532899,-0.0249777114633199,-0.0239092103643231,-0.0230427913875336,-0.0221285586974304,-0.0212709920692207,-0.0205019506452119,-0.0197762816378484,-0.0135806271214949,-0.00440266553110415,-0.00353271742851057,-0.00843242171815975,-0.00899144834885224,-0.0106682441494598,-0.00914932143732167,-0.00933346067239861,-0.00994361798354756,-0.00899104263266238,-0.00795112996308769,-0.00739482721933193,-0.0069408441426411,-0.00621969798195254,-0.00553043245131047,-0.00478873095168436,-0.00388573870919661,-0.00310319628217632,-0.00229573190074758,-0.00157398473171689,-0.000846328292148928,-0.000416174943825153,-0.000158278389922265,-0.000152489395615851,-0.000188968675150974,-0.000101447586590746,-5.44654400896449e-05,-1.50441782647413e-05,0.00013903079402406,0.000182172967793484,0.000230677924011317,0.000406662398128119,0.000506247590209952,0.000511073980710074,0.000581578198797599,0.000399451135905772,0.000245943627021722,0.000192335434158896,6.77397312183223e-05,4.97175383838554e-05,0.000182068674976903,0.000843037232709574,NaN,NaN,NaN,NaN,NaN,NaN,NaN,NaN,NaN,NaN,NaN,NaN,NaN,NaN,NaN,NaN,NaN,NaN,NaN,NaN,NaN,NaN,NaN,NaN,NaN,NaN,NaN,NaN,NaN,NaN,NaN,NaN,NaN,NaN,NaN,NaN,NaN,NaN,NaN,NaN,NaN,NaN,NaN,NaN,NaN,NaN,NaN,NaN,NaN,NaN,NaN,NaN,NaN,NaN,0.0157450375252785,0.0162437845463826,0.0165559438559623,0.0167087115920371,0.017260629287441,0.0181431933119427,0.0177601995575578,0.0172832770811892,0.017009619542422,0.0168335861154665,0.0165459217565193,NaN,NaN,NaN,NaN,NaN,NaN,NaN,NaN,NaN,NaN,NaN,NaN,NaN,NaN,NaN,NaN,NaN,NaN,NaN,NaN,NaN,NaN,NaN,NaN,NaN,NaN,NaN,NaN,NaN,NaN,NaN,NaN,NaN,NaN,NaN,NaN,NaN,NaN,NaN,NaN,NaN,NaN,NaN,NaN,NaN,NaN,NaN,NaN,NaN,NaN,NaN,NaN,NaN,NaN,NaN,NaN,NaN,NaN,NaN,NaN,NaN,NaN,NaN,NaN,NaN,NaN,NaN,NaN,NaN,NaN,NaN,NaN,NaN,NaN,NaN,NaN,NaN,NaN,NaN,NaN,NaN
NaN,NaN,NaN,NaN,NaN,NaN,NaN,NaN,NaN,NaN,NaN,NaN,NaN,NaN,NaN,NaN,NaN,NaN,NaN,NaN,NaN,NaN,NaN,NaN,NaN,NaN,NaN,NaN,NaN,NaN,NaN,-0.0357812799483698,-0.0356932405524177,-0.0354190776004764,-0.0351207338153426,-0.0348983903371286,-0.032800780432514,-0.032265514630067,-0.0315051961084581,-0.0308144716630658,-0.0300710049906344,-0.0292576753864677,-0.0288334266711476,-0.0288113297179938,-0.0287059120103257,-0.028174271035815,-0.0275412297261597,-0.0272305138820415,-0.0267827052445715,-0.0261150107569728,-0.025487635872454,-0.024603718707419,-0.0235118934512297,-0.0226327619075787,-0.021908148956518,-0.020309478938631,-0.0112602023833717,-0.0100724227769692,-0.00764379366066215,-0.0110959915078928,-0.0124976028128593,-0.0120604473753302,-0.0128980557587577,-0.0119650329084483,-0.0109522387144409,-0.0102981272562,-0.00952827157516052,-0.00843996095070622,-0.00740263599474864,-0.0065410288768068,-0.00597446840384602,-0.00555358801942058,-0.00495508109718913,-0.00402852357260779,-0.00311986656136679,-0.00256876037929832,-0.00185196977628596,-0.00130633412917844,-0.000976060341252722,-0.000504622280967728,-8.71499552401344e-05,1.26154969712159e-05,1.69795811053216e-05,0.000130289806442346,0.000200123446208984,0.000276899175167756,0.000368494179729743,0.000496629266624671,0.00055243498455656,0.000572879002626384,0.00062005640218143,0.000638396209593468,0.000514047398300925,0.000495000278180358,0.000548870792781457,0.00039354156223062,0.000165160176403629,0.00019567934707257,0.000173638962809812,NaN,NaN,NaN,NaN,NaN,NaN,NaN,NaN,NaN,NaN,NaN,NaN,NaN,NaN,NaN,NaN,NaN,NaN,NaN,NaN,NaN,NaN,NaN,NaN,NaN,NaN,NaN,NaN,NaN,NaN,NaN,NaN,NaN,NaN,NaN,NaN,NaN,NaN,NaN,NaN,NaN,NaN,NaN,NaN,NaN,NaN,NaN,NaN,NaN,NaN,NaN,NaN,NaN,NaN,NaN,0.0167622314205607,0.0168043425541557,0.0166236792776797,0.0164612069021767,0.0161377121111535,0.0159943238519296,0.0160754801906058,0.0160129494645035,0.015936502915814,0.0158245521231958,NaN,NaN,NaN,NaN,NaN,NaN,NaN,NaN,NaN,NaN,NaN,NaN,NaN,NaN,NaN,NaN,NaN,NaN,NaN,NaN,NaN,NaN,NaN,NaN,NaN,NaN,NaN,NaN,NaN,NaN,NaN,NaN,NaN,NaN,NaN,NaN,NaN,NaN,NaN,NaN,NaN,NaN,NaN,NaN,NaN,NaN,NaN,NaN,NaN,NaN,NaN,NaN,NaN,NaN,NaN,NaN,NaN,NaN,NaN,NaN,NaN,NaN,NaN,NaN,NaN,NaN,NaN,NaN,NaN,NaN,NaN,NaN,NaN,NaN,NaN,NaN,NaN,NaN,NaN,NaN,NaN
NaN,NaN,NaN,NaN,NaN,NaN,NaN,NaN,NaN,NaN,NaN,NaN,NaN,NaN,NaN,NaN,NaN,NaN,NaN,NaN,NaN,NaN,NaN,NaN,NaN,NaN,NaN,NaN,NaN,NaN,NaN,NaN,-0.0354371540463952,-0.0352778764421891,-0.0349649618737963,-0.0347139390332468,-0.0335591833925414,-0.0323315335185011,-0.0316598592625218,-0.0309697884890163,-0.0303118277687988,-0.0297695264993028,-0.0291822655701174,-0.028952941913409,-0.0289103826475582,-0.0282879266129639,-0.0275709400105444,-0.0273216717793825,-0.0268876045258326,-0.0264576249278183,-0.0259207610152403,-0.0251483973161546,-0.0240912392993752,-0.0219679818727087,-0.0224284433280087,-0.0150268906646857,-0.0141609154516038,-0.0144507388728952,-0.0170761995750137,-0.0152039284396185,-0.0150743682487488,-0.0148248031657394,-0.0142306506937535,-0.0131363360301504,-0.0117457682769054,-0.0107706088140582,-0.0100198613371704,-0.00885146599945624,-0.00781416705038443,-0.00664340127353734,-0.00585330927402432,-0.0051817686389745,-0.00468264602962211,-0.00394490086341746,-0.00303357147343308,-0.00263514429860783,-0.00197123485202456,-0.00140992995380242,-0.0012423993050378,-0.00093142384598921,-0.000449931580799167,-8.99381529786038e-05,0.000140887801087759,0.00027048837675652,0.000368736693495589,0.000494142500559867,0.00058561246614181,0.000620453263656877,0.000641660418577722,0.000731421065125189,0.000759587934287902,0.000939536862966028,0.00118785921747722,0.00135221310786383,0.0013450805627153,0.000851787531048487,0.0004601258943005,0.000450489885490238,NaN,NaN,NaN,NaN,NaN,NaN,NaN,0.0142579473936283,0.00905820216617777,0.0143119414904595,NaN,NaN,NaN,NaN,NaN,NaN,NaN,NaN,NaN,NaN,NaN,NaN,NaN,NaN,NaN,NaN,NaN,NaN,NaN,NaN,NaN,NaN,NaN,NaN,NaN,NaN,NaN,NaN,NaN,NaN,NaN,NaN,NaN,NaN,NaN,NaN,NaN,NaN,NaN,NaN,NaN,NaN,NaN,NaN,NaN,NaN,0.0169861659009893,0.0170978038919105,0.0166826220964079,0.0159619930327731,0.0150705616151425,0.0149594793007195,0.015075741379703,0.0150951722605536,0.0150598231827022,0.0150208513728823,NaN,NaN,NaN,NaN,NaN,NaN,NaN,NaN,NaN,NaN,NaN,NaN,NaN,NaN,NaN,NaN,NaN,NaN,NaN,NaN,NaN,NaN,NaN,NaN,NaN,NaN,NaN,NaN,NaN,NaN,NaN,NaN,NaN,NaN,NaN,NaN,NaN,NaN,NaN,NaN,NaN,NaN,NaN,NaN,NaN,NaN,NaN,NaN,NaN,NaN,NaN,NaN,NaN,NaN,NaN,NaN,NaN,NaN,NaN,NaN,NaN,NaN,NaN,NaN,NaN,NaN,NaN,NaN,NaN,NaN,NaN,NaN,NaN,NaN,NaN,NaN,NaN,NaN,NaN,NaN,NaN
NaN,NaN,NaN,NaN,NaN,NaN,NaN,NaN,NaN,NaN,NaN,NaN,NaN,NaN,NaN,NaN,NaN,NaN,NaN,NaN,NaN,NaN,NaN,NaN,NaN,NaN,NaN,NaN,NaN,NaN,NaN,NaN,NaN,NaN,-0.0348764435682779,-0.0344757301939398,-0.0329207420420027,-0.0322503169231246,-0.0318163975443917,-0.031400523690975,-0.0307976368410402,-0.0301687471975809,-0.0296500879036294,-0.0292765018605911,-0.0290788003802713,-0.0280319580991127,-0.0278719732308832,-0.0274651594372754,-0.0269654830532405,-0.0267878662580255,-0.0265380334786052,-0.0194576371042851,-0.017691896288122,-0.0140135970179991,-0.0162676338352747,-0.0155978042082607,-0.0164216635453931,-0.0144125937607681,-0.0174440006373911,-0.0173155362708287,-0.0169369188385121,-0.0157242724844031,-0.0144810769744607,-0.0138604181628357,-0.0129999727997849,-0.0116530891213168,-0.0106571603434311,-0.00958629631980943,-0.00853380264908105,-0.00699610173386957,-0.00604247790503093,-0.00520169774057058,-0.00453874701083092,-0.0035596963670725,-0.00300948576937961,-0.00268399142379202,-0.00208194078516077,-0.0015867438921251,-0.00148317873922976,-0.00130207238529361,-0.00086183924982483,-0.000241398903174053,9.29388384102293e-05,0.000208564509320142,0.000321795222790522,0.000620627631033386,0.000755328858685884,0.000774836190778698,0.000738532626559119,0.00072748057464726,0.000815277712943087,0.0010776566647259,0.00152318575639454,0.00208567907736953,0.00170346959242512,0.00116723703032532,0.00101545845468917,0.000965525341112273,0.00148336918399526,NaN,NaN,NaN,NaN,NaN,NaN,0.0194195432742021,0.00948077588944063,-0.000590728617446967,NaN,NaN,NaN,NaN,NaN,NaN,NaN,NaN,NaN,NaN,NaN,NaN,NaN,NaN,NaN,NaN,NaN,NaN,NaN,NaN,NaN,NaN,NaN,NaN,NaN,NaN,NaN,NaN,NaN,NaN,NaN,NaN,NaN,NaN,NaN,NaN,NaN,NaN,NaN,NaN,NaN,NaN,NaN,NaN,NaN,NaN,0.0175283813281441,0.0174300584802377,0.0165513025809661,0.015588024173625,0.014461127159818,0.0143053213737497,0.0143843043374629,0.0143578850052875,0.0142812381975946,0.0142497112576962,NaN,NaN,NaN,NaN,NaN,NaN,NaN,NaN,NaN,NaN,NaN,NaN,NaN,NaN,NaN,NaN,NaN,NaN,NaN,NaN,NaN,NaN,NaN,NaN,NaN,NaN,NaN,NaN,NaN,NaN,NaN,NaN,NaN,NaN,NaN,NaN,NaN,NaN,NaN,NaN,NaN,NaN,NaN,NaN,NaN,NaN,NaN,NaN,NaN,NaN,NaN,NaN,NaN,NaN,NaN,NaN,NaN,NaN,NaN,NaN,NaN,NaN,NaN,NaN,NaN,NaN,NaN,NaN,NaN,NaN,NaN,NaN,NaN,NaN,NaN,NaN,NaN,NaN,NaN,NaN,NaN
NaN,NaN,NaN,NaN,NaN,NaN,NaN,NaN,NaN,NaN,NaN,NaN,NaN,NaN,NaN,NaN,NaN,NaN,NaN,NaN,NaN,NaN,NaN,NaN,NaN,NaN,NaN,NaN,NaN,NaN,NaN,NaN,NaN,NaN,NaN,NaN,-0.0324976867808273,-0.0322479000249708,-0.031981703533823,-0.0317109557382674,-0.0309931189294524,-0.0301634958873315,-0.0299317292002174,-0.0297177133067501,-0.0292795832319021,-0.0288982990972593,-0.0287128052855982,-0.0224575002991462,-0.0265144063167256,-0.0272031470493521,-0.0230089755009568,-0.0211065707989693,-0.0166900909043073,-0.0161265517961804,-0.0147732048549387,-0.0178694331834441,-0.016678011472725,-0.0164026783280566,-0.0192500995011893,-0.0187993453237917,-0.0183605354291211,-0.016709187530575,-0.0156651886497623,-0.0146016015691382,-0.0137576893261945,-0.0126818733040035,-0.0113166128075377,-0.0101770093073266,-0.00913287883650842,-0.00759565146982089,-0.00624298299620327,-0.00534494924973319,-0.00471791324927231,-0.00385592854352083,-0.00313368368913158,-0.00267536299504123,-0.00219440523952779,-0.0018224032879721,-0.00165722770765721,-0.00153724992678391,-0.00115411070473914,-0.000468014427244682,-8.82970791845998e-05,7.72403366256371e-05,0.000174155122960913,0.000568893181914176,0.000845822001942116,0.000923607226679472,0.000906478934794425,0.000863992252973253,0.00092465037473277,0.00101326080494962,0.00146684151296692,0.00221192642322732,0.00193096345387733,0.00154277786151225,0.0011987867375615,0.00126589487496632,0.00129914934390521,0.000384939778554743,6.17317157243186e-05,NaN,NaN,-0.000554296095380989,0.00743079976423376,-3.82036848532673e-06,0.000728305614117408,-0.000456797125274613,NaN,NaN,NaN,NaN,NaN,NaN,NaN,NaN,NaN,NaN,NaN,NaN,NaN,NaN,NaN,NaN,NaN,NaN,NaN,NaN,NaN,NaN,NaN,NaN,NaN,NaN,NaN,NaN,NaN,NaN,NaN,NaN,NaN,NaN,NaN,NaN,NaN,NaN,NaN,NaN,NaN,NaN,NaN,NaN,0.0194969158917423,0.0198596994084606,0.0187079377223764,0.0178360297228475,0.0165958245926607,0.0153324494629481,0.014356075839652,0.0139916596440733,0.0139515862627804,0.013880090907178,0.0137435731653332,0.013794116468666,NaN,NaN,NaN,NaN,NaN,NaN,NaN,NaN,NaN,NaN,NaN,NaN,NaN,NaN,NaN,NaN,NaN,NaN,NaN,NaN,NaN,NaN,NaN,NaN,NaN,NaN,NaN,NaN,NaN,NaN,NaN,NaN,NaN,NaN,NaN,NaN,NaN,NaN,NaN,NaN,NaN,NaN,NaN,NaN,NaN,NaN,NaN,NaN,NaN,NaN,NaN,NaN,NaN,NaN,NaN,NaN,NaN,NaN,NaN,NaN,NaN,NaN,NaN,NaN,NaN,NaN,NaN,NaN,NaN,NaN,NaN,NaN,NaN,NaN,NaN,NaN,NaN,NaN,NaN,NaN,NaN
NaN,NaN,NaN,NaN,NaN,NaN,NaN,NaN,NaN,NaN,NaN,NaN,NaN,NaN,NaN,NaN,NaN,NaN,NaN,NaN,NaN,NaN,NaN,NaN,NaN,NaN,NaN,NaN,NaN,NaN,NaN,NaN,NaN,NaN,NaN,NaN,NaN,-0.031982036392175,-0.0317592774299957,-0.0290807399729392,-0.0258778813396041,-0.0301867104297561,-0.0299851444424555,-0.0297756599237413,-0.026658511828657,-0.0287777587915123,-0.0286974760983223,-0.0284774742214157,-0.0280491450060368,-0.0277954123752871,-0.021356089668594,-0.0217768134351323,-0.0201770158437678,-0.0117338219189783,-0.0119746119110512,-0.0159092221516958,-0.0186259262734571,-0.0171152202211949,-0.0201404939941575,-0.019453768294007,-0.0188046461480247,-0.0177206828919965,-0.0163985154366274,-0.0155421187381138,-0.0147527896393319,-0.0135125979823537,-0.0119666127865222,-0.0106122067027792,-0.00938437099112076,-0.00867359525292515,-0.00738699041550707,-0.00577708275081598,-0.00491526607904327,-0.00396573471472916,-0.00331981883872635,-0.00296559860764452,-0.00247199682194525,-0.00198222313311658,-0.00178498992975783,-0.00170299303705276,-0.00143801222785223,-0.000759918825527641,-0.00034885755210734,-3.70337941617793e-05,0.000152589928312366,0.000372710434980295,0.000673206442861805,0.000920377507195338,0.000991754435967694,0.000987245363702436,0.000999557568230563,0.00100958779722079,0.00131526527815329,0.00210200364434856,0.00212333738445251,0.00169658941874031,0.0013886711238473,0.00146385934771533,0.00108508613866251,0.000235801825799278,-0.000176828755595983,-0.000513739375807996,-0.000614557837592289,-0.000608169340211064,-0.000553986874020491,-0.000525120390041883,-0.00030640161763349,-0.000284614841565893,NaN,NaN,NaN,NaN,NaN,NaN,NaN,NaN,NaN,NaN,NaN,NaN,NaN,NaN,NaN,NaN,NaN,NaN,NaN,NaN,NaN,NaN,NaN,NaN,NaN,NaN,NaN,NaN,NaN,NaN,NaN,NaN,NaN,NaN,NaN,NaN,NaN,NaN,NaN,NaN,NaN,NaN,NaN,NaN,0.018664760058072,0.0191717276950351,0.0190200028463662,0.0181690053143421,0.0169652504794335,0.0150972145465266,0.0142786151847511,0.0137050910235404,0.0134721958826678,0.0133612457909284,0.0134511835153888,NaN,NaN,NaN,NaN,NaN,NaN,NaN,NaN,NaN,NaN,NaN,NaN,NaN,NaN,NaN,NaN,NaN,NaN,NaN,NaN,NaN,NaN,NaN,NaN,NaN,NaN,NaN,NaN,NaN,NaN,NaN,NaN,NaN,NaN,NaN,NaN,NaN,NaN,NaN,NaN,NaN,NaN,NaN,NaN,NaN,NaN,NaN,NaN,NaN,NaN,NaN,NaN,NaN,NaN,NaN,NaN,NaN,NaN,NaN,NaN,NaN,NaN,NaN,NaN,NaN,NaN,NaN,NaN,NaN,NaN,NaN,NaN,NaN,NaN,NaN,NaN,NaN,NaN,NaN,NaN,NaN,NaN
NaN,NaN,NaN,NaN,NaN,NaN,NaN,NaN,NaN,NaN,NaN,NaN,NaN,NaN,NaN,NaN,NaN,NaN,NaN,NaN,NaN,NaN,NaN,NaN,NaN,NaN,NaN,NaN,NaN,NaN,NaN,NaN,NaN,NaN,NaN,NaN,NaN,NaN,-0.0313310997492806,-0.0312077199103654,-0.031044399003155,-0.0305506831896998,-0.0300293340956873,-0.0271275448884153,-0.0263301911602986,-0.0285556053948286,-0.028755718553974,-0.0265104172055192,-0.027176007101114,-0.0216336180204436,-0.0219783504269154,-0.0196865067970395,-0.0191413512618555,-0.0118092533798228,-0.0128798983686587,-0.0122130093385082,-0.0171303165101923,-0.0184251935410965,-0.0195739934589467,-0.0198486059509455,-0.0191003606905835,-0.0142300709151782,-0.0161855904919747,-0.0157881266462811,-0.0155012666129195,-0.0145048801623017,-0.010982503403216,-0.00896820913447838,-0.00961744848722751,-0.00907754693275021,-0.0083930994710877,-0.00688664602752317,-0.00555244895448493,-0.00398414613756633,-0.00363381558112712,-0.00325543412988409,-0.00285827158075701,-0.00230436391943419,-0.00200903596450735,-0.00191257235271927,-0.00142205113644616,-0.00104243425651389,-0.000597014661758766,-0.000383736210411831,-3.18965633515449e-05,0.00022720013521197,0.000577380974448707,0.000779571544484944,0.000929171515231817,0.00101677018882023,0.00109398775135977,0.00114799906783193,0.00133486721747512,0.00212374635649219,0.00270806119344805,0.00161062580495312,0.00121364652198656,0.000915212448880112,0.000504826265921965,-3.6459345587983e-05,-0.000375340608226713,-0.000482606712291287,-0.000440108595813661,-0.00043535992054158,-0.000459484227717225,-0.000460707521867697,-0.000435247770888953,0.00986641474786271,NaN,NaN,NaN,NaN,NaN,NaN,NaN,NaN,NaN,NaN,NaN,NaN,NaN,NaN,NaN,NaN,NaN,NaN,NaN,NaN,NaN,NaN,NaN,NaN,NaN,NaN,NaN,NaN,NaN,NaN,NaN,NaN,NaN,-0.000196094540583434,0.00404194046978034,NaN,NaN,NaN,NaN,NaN,NaN,NaN,0.0161116305606147,0.0167355191447307,0.0174863690918161,0.0179601308493067,0.0188477466558004,0.0185518904472382,0.0165462336662994,0.0142706474440163,0.0133169106003335,0.013044360109624,0.0128286055532399,0.0127539033372124,NaN,NaN,NaN,NaN,NaN,NaN,NaN,NaN,NaN,NaN,NaN,NaN,NaN,NaN,NaN,NaN,NaN,NaN,NaN,NaN,NaN,NaN,NaN,NaN,NaN,NaN,NaN,NaN,NaN,NaN,NaN,NaN,NaN,NaN,NaN,NaN,NaN,NaN,NaN,NaN,NaN,NaN,NaN,NaN,NaN,NaN,NaN,NaN,NaN,NaN,NaN,NaN,NaN,NaN,NaN,NaN,NaN,NaN,NaN,NaN,NaN,NaN,NaN,NaN,NaN,NaN,NaN,NaN,NaN,NaN,NaN,NaN,NaN,NaN,NaN,NaN,NaN,NaN,NaN,NaN,NaN,NaN,NaN
NaN,NaN,NaN,NaN,NaN,NaN,NaN,NaN,NaN,NaN,NaN,NaN,NaN,NaN,NaN,NaN,NaN,NaN,NaN,NaN,NaN,NaN,NaN,NaN,NaN,NaN,NaN,NaN,NaN,NaN,NaN,NaN,NaN,NaN,NaN,NaN,NaN,-0.0237149386285076,-0.0311363976383715,-0.031123576855815,-0.0310752521235711,-0.0303585740851545,-0.0138748043847839,-0.0277902591432057,NaN,-0.00147917771577144,-0.0286661224578188,-0.00164320557519067,0.00950152578800223,-0.00446916772546011,-0.0131978924180668,-0.0134320991955821,-0.0134927649727957,-0.018341626197696,-0.0132771440507318,-0.012986507724412,-0.0152143569317565,-0.0205590231351438,-0.015489425966387,-0.0146182429847711,-0.0169810757963733,-0.0162095438416555,-0.0163981300823705,-0.0166957754466072,-0.0161886829700647,-0.015341111519268,-0.0049744790660712,-0.0104564165965368,-0.010293762353966,-0.00954423216450365,-0.00796958766270537,-0.0076107807371858,-0.00652423318017061,-0.00298144015272662,-0.00380748008482669,-0.00313204936125197,-0.00341426693478228,-0.00203657357854327,-0.00224013652200768,-0.0020522557573865,-0.00205785296225834,-0.00139549240527059,-0.000890898061000576,-0.000731403800277196,-0.000306268823613953,0.000143498089995133,0.0132789488467372,0.000496165188841309,0.00063968059994296,0.000803871921525368,0.000955485054044209,0.00109414322364367,0.00102550394561741,NaN,NaN,0.000797125904608117,0.000646605158609843,0.000473810639647107,0.000150668240095513,-0.000293325318620034,-0.000479583817361649,-0.000511061597539285,-0.000466491039019098,-0.000422568415413834,-0.000414690741467789,-0.000397280848768384,-0.000337576401941405,0.000189182856987005,NaN,NaN,NaN,NaN,NaN,NaN,NaN,NaN,NaN,NaN,NaN,NaN,NaN,NaN,NaN,NaN,NaN,NaN,NaN,NaN,NaN,NaN,NaN,NaN,NaN,NaN,NaN,NaN,NaN,NaN,NaN,NaN,NaN,0.00394244396150106,0.00329106367386222,0.0032122220493654,NaN,NaN,NaN,NaN,NaN,0.0156786161729098,0.0158238892379619,0.015959568650053,0.0164754257565686,0.0167779744127805,0.0172109537067741,0.0173706884869103,0.0157654802016402,0.0138052008845504,0.0128430432677237,0.012770468086275,0.0125900937542299,0.0124992003303689,NaN,NaN,NaN,NaN,NaN,NaN,NaN,NaN,NaN,NaN,NaN,NaN,NaN,NaN,NaN,NaN,NaN,NaN,NaN,NaN,NaN,NaN,NaN,NaN,NaN,NaN,NaN,NaN,NaN,NaN,NaN,NaN,NaN,NaN,NaN,NaN,NaN,NaN,NaN,NaN,NaN,NaN,NaN,NaN,NaN,NaN,NaN,NaN,NaN,NaN,NaN,NaN,NaN,NaN,NaN,NaN,NaN,NaN,NaN,NaN,NaN,NaN,NaN,NaN,NaN,NaN,NaN,NaN,NaN,NaN,NaN,NaN,NaN,NaN,NaN,NaN,NaN,NaN,NaN,NaN,NaN,NaN,NaN
NaN,NaN,NaN,NaN,NaN,NaN,NaN,NaN,NaN,NaN,NaN,NaN,NaN,NaN,NaN,NaN,NaN,NaN,NaN,NaN,NaN,NaN,NaN,NaN,NaN,NaN,NaN,NaN,NaN,NaN,NaN,NaN,NaN,NaN,NaN,NaN,-0.0236275513578672,-0.030898738750981,-0.0309611611409757,-0.0310681292015571,-0.030413668612766,-0.0304137028133027,0.00947313912156421,-0.0230876568789653,NaN,NaN,-0.00163684726075376,0.0486590334471592,0.0129273800436823,0.00165119468263153,-0.0106276323850857,-0.00886867798201691,-0.0124069670446301,-0.0185268058772082,-0.0185555909859629,-0.0176643508905893,-0.0147772563418162,-0.0208893810536437,-0.0199925292926075,-0.0188174982276853,-0.0200332796142685,-0.0188028948098595,-0.0181083720916745,-0.0179978672216566,-0.017060831282395,-0.0162445664066582,-0.0128631431770256,-0.00896095253623103,-0.010704441227864,-0.0105680787586781,-0.00679298425020505,-0.00399306823388055,-0.00665622284117418,-0.00601664129152761,-0.00510444484599611,-0.00438138915867116,-0.00395671910558104,-0.0034249003162532,-0.00281717023726302,-0.00128094237086692,-0.00247287873856545,-0.00154607199868078,-0.00153630888804643,-0.00119847831007617,-0.000527025425221023,-0.000578906193294868,0.0236734539811623,0.000258839051448091,-0.000443381037822719,-3.24229078739385e-05,0.000215725049358292,0.00119058422671359,NaN,NaN,NaN,0.000499512691292116,0.000243218723186656,0.000108172348990472,-6.34807665741658e-05,-0.000326554639643498,-0.000459264278921197,-0.000602470818265574,-0.000615690591348811,-0.000478506889804542,-0.000433739948116055,-0.000367538720719802,-0.000272150664830126,-0.000118275522719421,NaN,NaN,NaN,NaN,NaN,NaN,NaN,NaN,NaN,NaN,NaN,NaN,NaN,NaN,NaN,NaN,NaN,NaN,NaN,NaN,NaN,NaN,NaN,NaN,NaN,NaN,NaN,NaN,NaN,NaN,NaN,NaN,NaN,NaN,0.00334871135979543,0.0031086959251312,0.0031804026466429,NaN,NaN,NaN,NaN,0.0157803133456373,0.0159622720610763,0.015914532095872,0.0160184110736995,0.0157908355180467,0.0154249704058184,0.0154681520232293,0.0146987086606662,0.0136327743664544,0.012876686000442,0.0126549303690669,0.0125887768757574,NaN,NaN,NaN,NaN,NaN,NaN,NaN,NaN,NaN,NaN,NaN,NaN,NaN,NaN,NaN,NaN,NaN,NaN,NaN,NaN,NaN,NaN,NaN,NaN,NaN,NaN,NaN,NaN,NaN,NaN,NaN,NaN,NaN,NaN,NaN,NaN,NaN,NaN,NaN,NaN,NaN,NaN,NaN,NaN,NaN,NaN,NaN,NaN,NaN,NaN,NaN,NaN,NaN,NaN,NaN,NaN,NaN,NaN,NaN,NaN,NaN,NaN,NaN,NaN,NaN,NaN,NaN,NaN,NaN,NaN,NaN,NaN,NaN,NaN,NaN,NaN,NaN,NaN,NaN,NaN,NaN,NaN,NaN,NaN
NaN,NaN,NaN,NaN,NaN,NaN,NaN,NaN,NaN,NaN,NaN,NaN,NaN,NaN,NaN,NaN,NaN,NaN,NaN,NaN,NaN,NaN,NaN,NaN,NaN,NaN,NaN,NaN,NaN,NaN,NaN,NaN,NaN,NaN,NaN,-0.0234641906203908,-0.0306765480871425,-0.0308613581155139,-0.0309894060570049,-0.0237399521749359,0.00870391097241812,0.00936082767826183,NaN,NaN,NaN,NaN,NaN,0.0127665629863633,0.0080810451998949,0.012763668596755,0.00353075839222759,0.00276318034937504,-0.0026535253095719,-0.00642822300198054,-0.0149640942305025,-0.0182888100645776,-0.0170065729100748,-0.0153103878469902,-0.0193280444286427,-0.0183692455178433,-0.0204111025126785,-0.0198583946930417,-0.0192651113842679,-0.0187148334991518,-0.017104397358844,-0.016620267862912,-0.0109328472079023,-0.0120717959614626,-0.0112239270317561,-0.0117707160109999,-0.00858893865392194,-0.00717532739140323,-0.00770850447825481,-0.00657193039136231,-0.00550912830236931,-0.00492847982604313,-0.00403630224828139,-0.00367792618673183,-0.00336693536981047,-0.000743582514467347,-0.00295249764197949,-0.00278848209733936,-0.00215840839534727,-0.000918371467788104,-0.00110531439638311,-0.00174254288882224,-0.00153757805656494,-0.00111333448875655,-0.00112092084229398,-0.0010691198068529,-0.000676164821757165,0.0127395663756477,NaN,NaN,NaN,NaN,-0.000309815993943094,-0.000213190662076291,-0.000216901697234539,-0.000225545335849273,-0.000351628584784948,-0.000652066911560863,-0.000595112864056976,-0.000374750112728038,-0.000308006079919844,-0.000307009557236264,-0.000243313693938608,-0.000176434481346351,-0.0003019921692799,NaN,NaN,NaN,NaN,NaN,NaN,NaN,NaN,NaN,NaN,NaN,NaN,NaN,NaN,NaN,NaN,NaN,NaN,NaN,NaN,NaN,NaN,NaN,NaN,NaN,NaN,NaN,NaN,NaN,NaN,NaN,NaN,NaN,0.00337756083874919,0.00314246516922175,0.00379019710118203,NaN,0.0113755783804009,0.0110315258330077,0.0118294824126527,NaN,0.0166750902251946,0.0161461438186678,0.0159689436636944,0.0148623487923348,0.0139938487601692,0.0138367332135009,0.0137154881071392,0.0132827744987924,0.0127384742674239,0.0125605682790664,NaN,NaN,NaN,NaN,NaN,NaN,NaN,NaN,NaN,NaN,NaN,NaN,NaN,NaN,NaN,NaN,NaN,NaN,NaN,NaN,NaN,NaN,NaN,NaN,NaN,NaN,NaN,NaN,NaN,NaN,NaN,NaN,NaN,NaN,NaN,NaN,NaN,NaN,NaN,NaN,NaN,NaN,NaN,NaN,NaN,NaN,NaN,NaN,NaN,NaN,NaN,NaN,NaN,NaN,NaN,NaN,NaN,NaN,NaN,NaN,NaN,NaN,NaN,NaN,NaN,NaN,NaN,NaN,NaN,NaN,NaN,NaN,NaN,NaN,NaN,NaN,NaN,NaN,NaN,NaN,NaN,NaN,NaN,NaN,NaN
NaN,NaN,NaN,NaN,NaN,NaN,NaN,NaN,NaN,NaN,NaN,NaN,NaN,NaN,NaN,NaN,NaN,NaN,NaN,NaN,NaN,NaN,NaN,NaN,NaN,NaN,NaN,NaN,NaN,NaN,NaN,NaN,NaN,NaN,-0.00669916022336189,-0.030698729193424,-0.0307855068975424,-0.0309001216436132,-0.0238068399089516,0.0304938032311149,NaN,NaN,NaN,NaN,NaN,NaN,NaN,NaN,0.00798816024558054,0.00803061757556845,0.0107499301494897,-0.00146092856075605,-0.00130683370953191,-0.00107199985452109,-0.0150332531022177,0.011086640557441,-0.00898015852054461,-0.00994753853487085,-0.0146257607612292,-0.01270815073402,-0.0144002247812057,-0.0169130635081947,-0.0186403485816485,-0.0170369571173926,-0.0165156269964454,-0.0144563055307321,-0.0155244166139392,-0.0150203430055817,-0.0138226780457971,-0.0125136910220191,-0.0115035495842469,-0.0106972092504717,0.000868020636495006,0.0141909366141525,NaN,0.0126327724283621,-0.00171799983782047,0.0169391864266191,NaN,NaN,NaN,0.000255299688560418,-0.00200498624511013,-0.00111903426271981,-0.000871550110612948,-0.00196316944208043,-0.000933676042238627,-0.000915726517432436,-0.00174694031731656,-0.0023549484953624,-0.00168614819616214,NaN,NaN,NaN,NaN,NaN,-0.000567577045195552,-0.000421585320143247,-0.000322507956428612,-0.000240041751620894,-0.000321137927757232,-0.000563675975540397,-0.000399450380061944,-5.27349529075138e-05,-7.24428183966412e-05,-0.00023152608516462,-0.000238864858180513,-0.000138596917960049,-0.000230283616531216,-0.000434766765300673,-0.000410274968312277,0.010927519602942,0.0335978318383083,NaN,NaN,NaN,NaN,NaN,NaN,NaN,NaN,NaN,NaN,NaN,NaN,NaN,NaN,NaN,NaN,NaN,NaN,NaN,NaN,NaN,NaN,NaN,NaN,NaN,NaN,NaN,NaN,0.00385087717111936,0.0032718583267745,0.00352138930036337,0.00600440407981181,0.0101834313094084,0.0109003757520819,0.011713898901525,0.0134834972278663,0.0165486814650913,0.0164166990716144,0.0155077477473972,0.0149681918838616,0.0134070148945053,0.0128015149363646,0.0128271690930091,0.0129596627735819,0.0129935493742974,0.0126797393151651,NaN,NaN,NaN,NaN,NaN,NaN,NaN,NaN,NaN,NaN,NaN,NaN,NaN,NaN,NaN,NaN,NaN,NaN,NaN,NaN,NaN,NaN,NaN,NaN,NaN,NaN,NaN,NaN,NaN,NaN,NaN,NaN,NaN,NaN,NaN,NaN,NaN,NaN,NaN,NaN,NaN,NaN,NaN,NaN,NaN,NaN,NaN,NaN,NaN,NaN,NaN,NaN,NaN,NaN,NaN,NaN,NaN,NaN,NaN,NaN,NaN,NaN,NaN,NaN,NaN,NaN,NaN,NaN,NaN,NaN,NaN,NaN,NaN,NaN,NaN,NaN,NaN,NaN,NaN,NaN,NaN,NaN,NaN,NaN,NaN,NaN
NaN,NaN,NaN,NaN,NaN,NaN,NaN,NaN,NaN,NaN,NaN,NaN,NaN,NaN,NaN,NaN,NaN,NaN,NaN,NaN,NaN,NaN,NaN,NaN,NaN,NaN,NaN,NaN,NaN,NaN,NaN,NaN,NaN,NaN,-0.0118356692177088,-0.0306308537629975,-0.0308969895624376,-0.0309434020264714,NaN,NaN,NaN,NaN,NaN,NaN,NaN,NaN,NaN,NaN,0.00795161056789927,0.00836057413384976,-0.0166996474347553,-0.0165763426976437,-0.0164674202774552,-0.0162806328253902,-0.0160095987147568,NaN,0.0395274197927599,0.0185900606723654,-0.0146266214692204,-0.0143780910968472,-0.0120490085678752,-0.0119372614057505,-0.0129836036024163,-0.0118840128699677,-0.00825962110358868,-0.00619058892119085,-0.0167588367179616,-0.0157033940862301,-0.0109966378358149,-0.00671146862569111,-0.0100548957785305,-0.011224535712418,NaN,NaN,NaN,NaN,0.0291844672932774,0.0474220331515939,NaN,NaN,NaN,0.030570287095236,0.00747878021913369,0.00274563268399306,-0.000391636062662726,0.000128691921542365,-0.00197653095767593,-0.00340764803601199,-0.00311269561931316,-0.00363802195945049,0.00919374787800722,NaN,NaN,NaN,NaN,NaN,-0.000677142670241772,-0.000575842558401597,-0.000548411509137599,-0.000519202495550606,-0.000539398139881163,-0.000505086426548675,-3.46174445816533e-05,0.00023906638728179,-7.04581746539692e-06,-0.000209264704496108,-0.000174209420637183,-7.22108725726747e-05,-7.06468176669972e-06,-4.3583185927176e-05,-3.43670825567632e-05,0.000527487175372394,0.0141206080044425,NaN,NaN,NaN,NaN,NaN,NaN,NaN,NaN,NaN,NaN,NaN,NaN,NaN,NaN,NaN,NaN,NaN,NaN,NaN,NaN,NaN,NaN,NaN,NaN,NaN,NaN,NaN,NaN,0.00406622450597303,0.00339909291089457,0.00453138912807885,0.00781049065346691,0.0103292121814306,0.0109217895552675,0.011968998893049,0.013037187666251,0.0140040556247428,0.0145228812399793,0.0132630093476223,0.0120674639107664,0.0116777374642018,0.0116519338175144,0.0118657370444567,0.0120687312207915,0.0125501005149834,NaN,NaN,NaN,NaN,NaN,NaN,NaN,NaN,NaN,NaN,NaN,NaN,NaN,NaN,NaN,NaN,NaN,NaN,NaN,NaN,NaN,NaN,NaN,NaN,NaN,NaN,NaN,NaN,NaN,NaN,NaN,NaN,NaN,NaN,NaN,NaN,NaN,NaN,NaN,NaN,NaN,NaN,NaN,NaN,NaN,NaN,NaN,NaN,NaN,NaN,NaN,NaN,NaN,NaN,NaN,NaN,NaN,NaN,NaN,NaN,NaN,NaN,NaN,NaN,NaN,NaN,NaN,NaN,NaN,NaN,NaN,NaN,NaN,NaN,NaN,NaN,NaN,NaN,NaN,NaN,NaN,NaN,NaN,NaN,NaN,NaN,NaN
NaN,NaN,NaN,NaN,NaN,NaN,NaN,NaN,NaN,NaN,NaN,NaN,NaN,NaN,NaN,NaN,NaN,NaN,NaN,NaN,NaN,NaN,NaN,NaN,NaN,NaN,NaN,NaN,NaN,NaN,NaN,NaN,NaN,NaN,0.0314448364852908,-0.0231206656140778,-0.0304398780450855,NaN,NaN,NaN,NaN,NaN,NaN,NaN,NaN,NaN,NaN,NaN,0.0523646927011748,0.0546226794937024,0.0327375305946349,-0.00148764912117144,-0.00150317691090386,-0.00146083512190839,-0.00143737732116866,0.0478184246596058,0.0666881535777845,0.0492625989340219,0.00603359768238454,-0.0143722174535941,-0.00724493612425471,-0.0119881016765633,-0.0118331523885425,-0.017037447782631,-0.0124108835666222,-0.00854365687619974,-0.0151147634038353,0.000619398625810817,0.0255027792926739,0.0315804140166487,0.0223703891816843,0.0117508137578082,NaN,NaN,NaN,NaN,NaN,NaN,NaN,NaN,NaN,0.0535547848898352,0.0393884149546397,0.0220296718168363,0.00764072411845067,0.00408323299593973,0.00179154289109692,-0.00432761774084157,-0.00454709929855792,-0.000887855731712201,NaN,NaN,NaN,NaN,NaN,NaN,-0.000554601763454124,-0.000715500417983907,-0.000723732992971111,-0.000772551173158232,-0.000769892820366287,-0.000479531089090571,6.06521999254521e-05,8.19506964059857e-05,-0.000150892589351859,-0.000140252615035631,-3.91776426165991e-05,2.71043895600717e-05,0.000129943150886119,0.00025910060942456,0.000394747592281928,0.000609643661852341,0.00101034641528607,NaN,NaN,NaN,NaN,NaN,NaN,NaN,NaN,NaN,NaN,NaN,NaN,NaN,NaN,NaN,NaN,NaN,NaN,NaN,NaN,NaN,NaN,NaN,NaN,NaN,0.00166397058757622,0.00176566590133441,0.00323678759538813,0.0047853406552226,0.00535863833445777,0.00720541376095575,0.0105759963909112,0.0131244464553039,0.0124086150491309,0.0117472091109075,0.0118827843134877,0.0118584464431416,0.0123667572642866,0.0117913761832465,0.0107679336656874,0.0107114673430675,0.0106068975513638,0.0105112383150521,0.0104812556168388,0.011118770990765,NaN,NaN,NaN,NaN,NaN,NaN,NaN,NaN,NaN,NaN,NaN,NaN,NaN,NaN,NaN,NaN,NaN,NaN,NaN,NaN,NaN,NaN,NaN,NaN,NaN,NaN,NaN,NaN,NaN,NaN,NaN,NaN,NaN,NaN,NaN,NaN,NaN,NaN,NaN,NaN,NaN,NaN,NaN,NaN,NaN,NaN,NaN,NaN,NaN,NaN,NaN,NaN,NaN,NaN,NaN,NaN,NaN,NaN,NaN,NaN,NaN,NaN,NaN,NaN,NaN,NaN,NaN,NaN,NaN,NaN,NaN,NaN,NaN,NaN,NaN,NaN,NaN,NaN,NaN,NaN,NaN,NaN,NaN,NaN,NaN,NaN,NaN
NaN,NaN,NaN,NaN,NaN,NaN,NaN,NaN,NaN,NaN,NaN,NaN,NaN,NaN,NaN,NaN,NaN,NaN,NaN,NaN,NaN,NaN,NaN,NaN,NaN,NaN,NaN,NaN,NaN,NaN,NaN,NaN,NaN,NaN,NaN,-0.0238114034645217,-0.0121969980586816,NaN,NaN,NaN,NaN,NaN,NaN,NaN,NaN,NaN,NaN,NaN,0.073883137721879,0.0746336839310752,0.0660871173151348,NaN,NaN,0.0483292955867063,0.0483048109758774,NaN,NaN,NaN,NaN,NaN,-0.0188284007382079,-0.018624418301403,-0.0183708601149326,-0.0181282804617406,-0.00976414404204989,-0.0134867807886083,-0.0166534059628154,NaN,0.024361589799147,0.0560678516685754,NaN,NaN,NaN,NaN,NaN,NaN,NaN,NaN,NaN,NaN,NaN,NaN,NaN,0.0492923333804571,0.039872780865902,0.017385292151121,0.0106792976534574,0.0059506921388038,-0.00153570326587229,-0.0041345045465996,-0.00570904851367497,0.0090944299739617,0.0438550754432499,0.0434772950903869,NaN,NaN,0.000917741736639353,-0.000599192954857156,-0.000871467655236484,-0.000956810746997604,-0.00095722716460102,-0.000650396018558948,-0.000279834025882439,-0.000231096461676802,-0.000177966773748462,1.23665001632888e-05,9.18112628045213e-05,9.96525373389846e-05,0.000182104333893322,0.000368353908507635,0.000604498813945069,0.000854713029952588,0.00123705323151877,NaN,NaN,NaN,NaN,NaN,NaN,NaN,NaN,NaN,NaN,NaN,NaN,NaN,NaN,NaN,NaN,NaN,NaN,NaN,NaN,NaN,NaN,NaN,NaN,NaN,0.00140005008875362,0.00143705251568247,0.00188348319309778,0.00412777984626639,0.00685258866460076,0.0102831922469822,0.0146697082383761,0.0157576415397254,0.0132057451773636,0.0113181628151641,0.0107300225991442,0.0103111203592535,0.0106098784359897,0.0109553134783598,0.010296625324582,0.00995330866240258,0.00971949067172072,0.00954146909827831,0.00949469027271979,NaN,NaN,NaN,NaN,NaN,NaN,NaN,NaN,NaN,NaN,NaN,NaN,NaN,NaN,NaN,NaN,NaN,NaN,NaN,NaN,NaN,NaN,NaN,NaN,NaN,NaN,NaN,NaN,NaN,NaN,NaN,NaN,NaN,NaN,NaN,NaN,NaN,NaN,NaN,NaN,NaN,NaN,NaN,NaN,NaN,NaN,NaN,NaN,NaN,NaN,NaN,NaN,NaN,NaN,NaN,NaN,NaN,NaN,NaN,NaN,NaN,NaN,NaN,NaN,NaN,NaN,NaN,NaN,NaN,NaN,NaN,NaN,NaN,NaN,NaN,NaN,NaN,NaN,NaN,NaN,NaN,NaN,NaN,NaN,NaN,NaN,NaN,NaN
NaN,NaN,NaN,NaN,NaN,NaN,NaN,NaN,NaN,NaN,NaN,NaN,NaN,NaN,NaN,NaN,NaN,NaN,NaN,NaN,NaN,NaN,NaN,NaN,NaN,NaN,NaN,NaN,NaN,NaN,NaN,NaN,NaN,NaN,NaN,-0.0238806504526624,NaN,NaN,NaN,NaN,NaN,NaN,NaN,NaN,NaN,NaN,NaN,0.0827030637312107,0.0811920351606187,0.0812044640338744,0.0785153530232678,NaN,NaN,NaN,NaN,NaN,NaN,NaN,NaN,NaN,0.00485033636746392,-0.0186983471836791,-0.0185031353666229,-0.018265706385983,-0.0180239570535964,-0.0175792599717462,-0.0172378592521465,0.00791770432177237,0.0487672291085574,NaN,NaN,NaN,NaN,NaN,NaN,NaN,NaN,NaN,NaN,NaN,NaN,NaN,NaN,NaN,NaN,0.0470423435436582,0.0426956079767681,0.0114373917014916,0.00437564542307933,-0.00162660809083884,-0.00374157480628506,0.00957132775531565,0.00760314995175963,0.00703625159505601,NaN,NaN,0.0230029595660087,0.00769777212162634,-0.000746537768362644,-0.00113125224491949,-0.00115890376836314,-0.000920256596735898,-0.000604665422900484,-0.000414064083943178,-0.000148806663786721,7.7890772885977e-05,0.000132582742392192,0.000134808961965961,0.00021822467044659,0.000423197526866777,0.000686637788804984,0.000981582125703962,0.00140080725092638,NaN,NaN,NaN,NaN,NaN,NaN,NaN,NaN,NaN,NaN,NaN,NaN,NaN,NaN,NaN,NaN,NaN,NaN,NaN,NaN,NaN,NaN,NaN,NaN,NaN,0.00300143617578088,0.00300834076756325,0.00268699398809446,0.00389244507146759,0.00707940791139611,0.0112268952431806,0.0167629991965376,0.0179578984963621,0.0130221817213136,0.0105458282477196,0.00974723864683888,0.00989204597416577,0.00986010504508635,0.00976831862077778,0.00959218497345826,0.00935168472864248,0.00918584642464113,0.00919141610535538,0.00931891233443974,NaN,NaN,NaN,NaN,NaN,NaN,NaN,NaN,NaN,NaN,NaN,NaN,NaN,NaN,NaN,NaN,NaN,NaN,NaN,NaN,NaN,NaN,NaN,NaN,NaN,NaN,NaN,NaN,NaN,NaN,NaN,NaN,NaN,NaN,NaN,NaN,NaN,NaN,NaN,NaN,NaN,NaN,NaN,NaN,NaN,NaN,NaN,NaN,NaN,NaN,NaN,NaN,NaN,NaN,NaN,NaN,NaN,NaN,NaN,NaN,NaN,NaN,NaN,NaN,NaN,NaN,NaN,NaN,NaN,NaN,NaN,NaN,NaN,NaN,NaN,NaN,NaN,NaN,NaN,NaN,NaN,NaN,NaN,NaN,NaN,NaN,NaN,NaN
NaN,NaN,NaN,NaN,NaN,NaN,NaN,NaN,NaN,NaN,NaN,NaN,NaN,NaN,NaN,NaN,NaN,NaN,NaN,NaN,NaN,NaN,NaN,NaN,NaN,NaN,NaN,NaN,NaN,NaN,NaN,NaN,NaN,NaN,NaN,-0.0255182303394766,0.0231900652768902,NaN,NaN,NaN,NaN,NaN,NaN,NaN,NaN,NaN,NaN,0.0821391977451344,0.0826980520352636,NaN,NaN,NaN,NaN,NaN,NaN,NaN,NaN,NaN,NaN,NaN,0.0476325201814952,0.0107150122660471,0.0050081827202023,0.00516785452756793,-0.0181978726072611,NaN,NaN,NaN,NaN,NaN,NaN,NaN,NaN,NaN,NaN,NaN,NaN,NaN,NaN,NaN,NaN,NaN,NaN,NaN,NaN,NaN,0.0486430420116777,0.0172675188237242,0.01387442645167,0.000358628942726513,0.00380527187691381,0.0116946487359393,0.00704388436953185,0.00697621390136432,NaN,NaN,0.0412211804950494,0.0318765181489255,0.00753120205553403,-0.00100025570764895,-0.00130812301497375,-0.00108195907518773,-0.000775414928210259,-0.000528661432723647,-0.000245054978198692,7.61946136192373e-06,0.000163969748005684,0.000190797331472628,0.000232916977165105,0.00045338393118681,0.000766699176490081,0.00107312752959228,0.0013180854648035,0.00107950313284823,NaN,NaN,NaN,NaN,NaN,NaN,NaN,NaN,NaN,NaN,NaN,NaN,NaN,NaN,NaN,NaN,NaN,NaN,NaN,NaN,NaN,NaN,0.00339069734462583,0.00446395833852307,0.00522212171273589,0.00580708226568642,0.00583212100387641,0.00577463178486178,0.00771367518181309,0.0114181223580012,0.0175406342678287,0.0202538606354483,0.0125832988401123,0.00979496360229882,0.00906702394036606,0.0091464427449558,0.00938406503304488,0.00928608441241489,0.00916091799192912,0.00901512245757487,0.00896154344699459,0.00899935993051656,0.00908899571281385,NaN,NaN,NaN,NaN,NaN,NaN,NaN,NaN,NaN,NaN,NaN,NaN,NaN,NaN,NaN,NaN,NaN,NaN,NaN,NaN,NaN,NaN,NaN,NaN,NaN,NaN,NaN,NaN,NaN,NaN,NaN,NaN,NaN,NaN,NaN,NaN,NaN,NaN,NaN,NaN,NaN,NaN,NaN,NaN,NaN,NaN,NaN,NaN,NaN,NaN,NaN,NaN,NaN,NaN,NaN,NaN,NaN,NaN,NaN,NaN,NaN,NaN,NaN,NaN,NaN,NaN,NaN,NaN,NaN,NaN,NaN,NaN,NaN,NaN,NaN,NaN,NaN,NaN,NaN,NaN,NaN,NaN,NaN,NaN,NaN,NaN,NaN,NaN
NaN,NaN,NaN,NaN,NaN,NaN,NaN,NaN,NaN,NaN,NaN,NaN,NaN,NaN,NaN,NaN,NaN,NaN,NaN,NaN,NaN,NaN,NaN,NaN,NaN,NaN,NaN,NaN,NaN,NaN,NaN,NaN,NaN,NaN,NaN,0.0225248100145261,0.021700421102048,NaN,NaN,NaN,NaN,NaN,NaN,NaN,NaN,NaN,NaN,NaN,NaN,NaN,NaN,NaN,NaN,NaN,NaN,NaN,NaN,NaN,NaN,NaN,NaN,NaN,NaN,NaN,NaN,NaN,NaN,NaN,NaN,NaN,NaN,NaN,NaN,NaN,NaN,NaN,NaN,NaN,NaN,NaN,NaN,NaN,NaN,NaN,NaN,NaN,NaN,NaN,0.0080318190638765,0.0114558382567918,0.0129521703536104,0.00702786553715625,0.00693920007652944,0.00692753032018401,NaN,0.0522709291434992,0.0492652442061866,0.0450915934032232,0.0316695641819946,0.0138927660025649,-0.000799618450578105,-0.00110260874413623,-0.000813778730591793,-0.000571558930431952,-0.000342490650825167,-7.54289082564928e-05,0.000141180040470626,0.000173534743216643,0.000283937206470283,0.000537668596785389,0.000849601981000827,0.00111537741952589,0.00119248288223904,0.00095238974252467,0.000738369406433067,NaN,NaN,NaN,NaN,NaN,NaN,NaN,NaN,NaN,NaN,NaN,NaN,NaN,NaN,0.0151095536988888,0.0097173353979185,0.00418940522039091,0.00197544380467511,0.0020664247379116,0.00211024431065524,0.00223343367232091,0.0029776665044284,0.00314028964003446,0.00439067088206288,0.00565785348763372,0.00639062327592166,0.00686642168429236,0.00802012189432334,0.0106059846559612,NaN,NaN,0.00910103576670976,0.00881161498968287,0.00877413026093836,0.00874249419818582,0.00882664263644335,0.00881671024143762,0.00881410366147045,0.00890722146982527,0.00892908449904924,0.00888247094752936,0.0085723631669294,NaN,NaN,NaN,NaN,NaN,NaN,NaN,NaN,NaN,NaN,NaN,NaN,NaN,NaN,NaN,NaN,NaN,NaN,NaN,NaN,NaN,NaN,NaN,NaN,NaN,NaN,NaN,NaN,NaN,NaN,NaN,NaN,NaN,NaN,NaN,NaN,NaN,NaN,NaN,NaN,NaN,NaN,NaN,NaN,NaN,NaN,NaN,NaN,NaN,NaN,NaN,NaN,NaN,NaN,NaN,NaN,NaN,NaN,NaN,NaN,NaN,NaN,NaN,NaN,NaN,NaN,NaN,NaN,NaN,NaN,NaN,NaN,NaN,NaN,NaN,NaN,NaN,NaN,NaN,NaN,NaN,NaN,NaN,NaN,NaN,NaN,NaN,NaN
NaN,NaN,NaN,NaN,NaN,NaN,NaN,NaN,NaN,NaN,NaN,NaN,NaN,NaN,NaN,NaN,NaN,NaN,NaN,NaN,NaN,NaN,NaN,NaN,NaN,NaN,NaN,NaN,NaN,NaN,NaN,NaN,NaN,NaN,NaN,0.0206631675630568,0.0329230782975668,NaN,NaN,NaN,NaN,NaN,NaN,NaN,NaN,NaN,NaN,NaN,NaN,NaN,NaN,NaN,NaN,NaN,NaN,NaN,NaN,NaN,NaN,NaN,NaN,NaN,NaN,NaN,NaN,NaN,NaN,NaN,NaN,NaN,NaN,NaN,NaN,NaN,NaN,NaN,NaN,NaN,NaN,NaN,NaN,NaN,NaN,NaN,NaN,NaN,NaN,NaN,0.00721885403412275,0.0213983277454169,0.00689725762887379,0.00685003285294422,0.00688421708741755,NaN,NaN,0.0529654148183145,0.0523501302417446,NaN,NaN,0.0285116009933513,0.00453321858694922,-0.00113019130193977,-0.00085093181061165,-0.000572480903497174,-0.000350545288959549,-0.000142705957734762,5.01287216772748e-05,0.000225926075311422,0.00041603777311557,0.000592540218866539,0.000844153954614329,0.00111257186903766,0.00104091848701243,0.000762491297280399,0.000617463249882449,0.000585293504358099,NaN,NaN,NaN,NaN,NaN,NaN,NaN,NaN,NaN,NaN,NaN,0.00191186217014253,0.00193587294299675,0.00355004885673147,0.00183697312204626,0.00180326810942194,0.00187992604457123,0.00194251070447806,0.00202451912062295,0.00220055076377067,0.00335576081903286,0.0026170681138731,0.00269119190718919,0.00410284423972418,0.0047956069787302,0.00494616147614362,0.00562781404513693,NaN,NaN,NaN,NaN,0.0086741448285067,0.00872316709975433,0.0086831239125316,0.00851324325788132,0.00852357996715635,0.00866591909375424,0.00873802002876449,0.00877704510109236,0.00864411875653357,0.00338247105365638,NaN,NaN,NaN,NaN,NaN,NaN,NaN,NaN,NaN,NaN,NaN,NaN,NaN,NaN,NaN,NaN,NaN,NaN,NaN,NaN,NaN,NaN,NaN,NaN,NaN,NaN,NaN,NaN,NaN,NaN,NaN,NaN,NaN,NaN,NaN,NaN,NaN,NaN,NaN,NaN,NaN,NaN,NaN,NaN,NaN,NaN,NaN,NaN,NaN,NaN,NaN,NaN,NaN,NaN,NaN,NaN,NaN,NaN,NaN,NaN,NaN,NaN,NaN,NaN,NaN,NaN,NaN,NaN,NaN,NaN,NaN,NaN,NaN,NaN,NaN,NaN,NaN,NaN,NaN,NaN,NaN,NaN,NaN,NaN,NaN,NaN,NaN,NaN
NaN,NaN,NaN,NaN,NaN,NaN,NaN,NaN,NaN,NaN,NaN,NaN,NaN,NaN,NaN,NaN,NaN,NaN,NaN,NaN,NaN,NaN,NaN,NaN,NaN,NaN,NaN,NaN,NaN,NaN,NaN,NaN,NaN,NaN,NaN,0.0210607860707007,NaN,NaN,NaN,NaN,NaN,NaN,NaN,NaN,NaN,NaN,NaN,NaN,NaN,NaN,NaN,NaN,NaN,NaN,NaN,NaN,NaN,NaN,NaN,NaN,NaN,NaN,NaN,NaN,NaN,NaN,NaN,NaN,NaN,NaN,NaN,NaN,NaN,NaN,NaN,NaN,NaN,NaN,NaN,NaN,NaN,NaN,NaN,NaN,NaN,NaN,NaN,NaN,0.00705600745391054,0.00688055293461919,0.00682163168944416,NaN,NaN,NaN,NaN,0.0527564288501506,0.0530515987880618,NaN,NaN,NaN,0.0224195017445966,0.000888475744889843,-0.000732132431545428,-0.000591219228656758,-0.000327475546721888,-0.000137017248588418,7.18123124904208e-05,0.000285142043687276,0.000403847504910439,0.000563377540589848,0.000837530497377839,0.00101897842928275,0.000729903277151213,0.000482038657946708,0.000455166540252512,0.000612696702101881,NaN,NaN,NaN,NaN,NaN,NaN,NaN,NaN,NaN,NaN,NaN,0.00900600665156996,0.00204205972099224,0.00224878683462911,0.00184810528534607,0.00182064454098992,0.00186031412573494,0.00189500532778362,0.00201112542303539,0.00227915074253347,0.00410851944471639,0.00417055401087525,0.00314916115637753,0.00325664343755031,0.00352442296660794,0.00370688376951744,0.00389869074973837,NaN,NaN,NaN,NaN,0.00872455315637978,0.00872533240283073,0.00858544872309534,0.00826959075745091,0.00819262874474859,0.008257940576293,0.00835365634973624,0.00832781855585125,0.00800558806046252,0.00765184362928106,NaN,NaN,NaN,NaN,NaN,NaN,NaN,NaN,NaN,NaN,NaN,NaN,NaN,NaN,NaN,NaN,NaN,NaN,NaN,NaN,NaN,NaN,NaN,NaN,NaN,NaN,NaN,NaN,NaN,NaN,NaN,NaN,NaN,NaN,NaN,NaN,NaN,NaN,NaN,NaN,NaN,NaN,NaN,NaN,NaN,NaN,NaN,NaN,NaN,NaN,NaN,NaN,NaN,NaN,NaN,NaN,NaN,NaN,NaN,NaN,NaN,NaN,NaN,NaN,NaN,NaN,NaN,NaN,NaN,NaN,NaN,NaN,NaN,NaN,NaN,NaN,NaN,NaN,NaN,NaN,NaN,NaN,NaN,NaN,NaN,NaN,NaN,NaN
NaN,NaN,NaN,NaN,NaN,NaN,NaN,NaN,NaN,NaN,NaN,NaN,NaN,NaN,NaN,NaN,NaN,NaN,NaN,NaN,NaN,NaN,NaN,NaN,NaN,NaN,NaN,NaN,NaN,NaN,NaN,NaN,NaN,NaN,NaN,0.0212184800568071,NaN,NaN,NaN,NaN,NaN,NaN,NaN,NaN,NaN,NaN,NaN,NaN,NaN,NaN,NaN,NaN,NaN,NaN,NaN,NaN,NaN,NaN,NaN,NaN,NaN,NaN,NaN,NaN,NaN,NaN,NaN,NaN,NaN,NaN,NaN,NaN,NaN,NaN,NaN,NaN,NaN,NaN,NaN,NaN,NaN,NaN,NaN,NaN,NaN,NaN,NaN,NaN,0.0324135471809953,NaN,NaN,NaN,NaN,NaN,NaN,NaN,NaN,NaN,NaN,NaN,0.0320014118003594,0.0100769553414633,-0.000440221899714631,6.38425532781022e-06,-0.000342830351614442,-8.45077014874215e-05,0.000113610252156224,0.000260738934256556,0.000380081940654492,0.000529159619172165,0.00073741279305886,0.000722207191236939,0.000374622412371869,0.000249620628090485,0.00027525374562351,0.00036479948697056,0.000159453433519532,NaN,NaN,NaN,NaN,NaN,NaN,NaN,NaN,NaN,NaN,0.0153765721060637,0.00397519645585635,0.00209199144268362,0.00188951747924581,0.00189823061782988,0.00193010395908907,0.0019762363828363,0.00211628097089471,0.00240828804777953,0.003647053478756,0.00496661260229794,0.00392969651546495,0.00350914034447693,0.00316918808612846,0.00310742578548471,0.00323872905586941,NaN,NaN,NaN,NaN,0.00838568178563499,0.00838934766870045,0.00816882675520878,0.00787920276497024,0.00773442111142978,0.00793143945444542,0.00812585669980321,0.00800075648209039,0.00757543885712963,0.00717332639202338,NaN,NaN,NaN,NaN,NaN,NaN,NaN,NaN,NaN,NaN,NaN,NaN,NaN,NaN,NaN,NaN,NaN,NaN,NaN,NaN,NaN,NaN,NaN,NaN,NaN,NaN,NaN,NaN,NaN,NaN,NaN,NaN,NaN,NaN,NaN,NaN,NaN,NaN,NaN,NaN,NaN,NaN,NaN,NaN,NaN,NaN,NaN,NaN,NaN,NaN,NaN,NaN,NaN,NaN,NaN,NaN,NaN,NaN,NaN,NaN,NaN,NaN,NaN,NaN,NaN,NaN,NaN,NaN,NaN,NaN,NaN,NaN,NaN,NaN,NaN,NaN,NaN,NaN,NaN,NaN,NaN,NaN,NaN,NaN,NaN,NaN,NaN,NaN
NaN,NaN,NaN,NaN,NaN,NaN,NaN,NaN,NaN,NaN,NaN,NaN,NaN,NaN,NaN,NaN,NaN,NaN,NaN,NaN,NaN,NaN,NaN,NaN,NaN,NaN,NaN,NaN,NaN,NaN,NaN,NaN,NaN,NaN,0.0215251109106593,0.0214907803264191,NaN,NaN,NaN,NaN,NaN,NaN,NaN,NaN,NaN,NaN,NaN,NaN,NaN,NaN,NaN,NaN,NaN,NaN,NaN,NaN,NaN,NaN,NaN,NaN,NaN,NaN,NaN,NaN,NaN,NaN,NaN,NaN,NaN,NaN,NaN,NaN,NaN,NaN,NaN,NaN,NaN,NaN,NaN,NaN,NaN,NaN,NaN,NaN,NaN,NaN,NaN,NaN,0.0571404320504515,NaN,NaN,NaN,NaN,NaN,NaN,NaN,NaN,NaN,NaN,NaN,0.0278543651015803,0.00484831133581196,0.00173518942863356,0.00100793304488161,0.000833396560323212,-2.6132639892934e-05,0.000185067764554543,0.000302907930256695,0.000378030785852432,0.000463945471809666,0.000570196337636997,0.000516737217712353,0.0002880323794051,0.000133338363434747,0.0001576109246601,0.00017468308248854,9.7973410219653e-05,-2.28175093053064e-05,NaN,NaN,NaN,NaN,NaN,NaN,NaN,NaN,NaN,0.0135739320084609,0.00291067335308987,0.0020638757345607,0.00207167763923818,0.00204037982162246,0.00209390631752612,0.00216141015373861,0.00242137854696219,0.00260374661043562,0.00304133931190966,0.00356956145513263,0.00335420025453453,0.00296800422117161,0.00293177941481612,0.00298437745919995,0.00312168863980364,NaN,NaN,NaN,NaN,0.00819737696100743,0.00808879405262502,0.00777818652306691,0.00748378577781783,0.00736763008395995,0.00754445485062155,0.00764748648493078,0.00741490000845501,0.00697454633200367,-0.00150790914783807,NaN,NaN,NaN,NaN,NaN,NaN,NaN,NaN,NaN,NaN,NaN,NaN,NaN,NaN,NaN,NaN,NaN,NaN,NaN,NaN,NaN,NaN,NaN,NaN,NaN,NaN,NaN,NaN,NaN,NaN,NaN,NaN,NaN,NaN,NaN,NaN,NaN,NaN,NaN,NaN,NaN,NaN,NaN,NaN,NaN,NaN,NaN,NaN,NaN,NaN,NaN,NaN,NaN,NaN,NaN,NaN,NaN,NaN,NaN,NaN,NaN,NaN,NaN,NaN,NaN,NaN,NaN,NaN,NaN,NaN,NaN,NaN,NaN,NaN,NaN,NaN,NaN,NaN,NaN,NaN,NaN,NaN,NaN,NaN,NaN,NaN,NaN,NaN
NaN,NaN,NaN,NaN,NaN,NaN,NaN,NaN,NaN,NaN,NaN,NaN,NaN,NaN,NaN,NaN,NaN,NaN,NaN,NaN,NaN,NaN,NaN,NaN,NaN,NaN,NaN,NaN,NaN,NaN,NaN,NaN,NaN,NaN,0.0212967758381056,0.0211685249192682,NaN,NaN,NaN,NaN,NaN,NaN,NaN,NaN,NaN,NaN,NaN,NaN,NaN,NaN,NaN,NaN,NaN,NaN,NaN,NaN,NaN,NaN,NaN,NaN,NaN,NaN,NaN,NaN,NaN,NaN,NaN,NaN,NaN,NaN,NaN,NaN,NaN,NaN,NaN,NaN,NaN,NaN,NaN,NaN,NaN,NaN,NaN,NaN,NaN,NaN,NaN,0.0710962447285361,0.0672767414187829,NaN,NaN,NaN,NaN,NaN,NaN,NaN,NaN,NaN,NaN,NaN,0.0406121749317925,0.0275001145506754,0.0048427142459879,0.00267910771864707,0.00174051229797852,0.000129316319523761,0.00024203562937176,0.000357115499188098,0.000411651698370108,0.000456435407920775,0.000523831973216969,0.000531875001333745,0.000338054965713009,0.000175259805618011,9.17510278193631e-05,3.09442085330877e-05,-2.31469844732798e-05,-7.856843340107e-05,-0.000190219628500598,NaN,NaN,NaN,NaN,NaN,NaN,NaN,NaN,0.00430994177221789,0.0022729678602946,0.00231750529081513,0.0023751612680431,0.00232055627770131,0.00233822272528883,0.00252161722411065,0.0028592452073421,0.00290564909357758,0.00331149033636172,0.0032671429344938,0.0029944528121821,0.00283161951646237,0.00286621454220833,0.00292839822180788,0.0029806992636554,NaN,NaN,NaN,NaN,0.00804508979020804,0.00785045355800004,0.00745672190032743,0.00714991270343292,0.00697923371780822,0.00694305487831998,0.00695777433293293,0.00676390325932406,0.00628421848466455,0.00571902272504576,-0.00205580964285006,NaN,NaN,NaN,NaN,NaN,NaN,NaN,NaN,NaN,NaN,NaN,NaN,NaN,NaN,NaN,NaN,NaN,NaN,NaN,NaN,NaN,NaN,NaN,NaN,NaN,NaN,NaN,NaN,NaN,NaN,NaN,NaN,NaN,NaN,NaN,NaN,NaN,NaN,NaN,NaN,NaN,NaN,NaN,NaN,NaN,NaN,NaN,NaN,NaN,NaN,NaN,NaN,NaN,NaN,NaN,NaN,NaN,NaN,NaN,NaN,NaN,NaN,NaN,NaN,NaN,NaN,NaN,NaN,NaN,NaN,NaN,NaN,NaN,NaN,NaN,NaN,NaN,NaN,NaN,NaN,NaN,NaN,NaN,NaN,NaN,NaN,NaN
NaN,NaN,NaN,NaN,NaN,NaN,NaN,NaN,NaN,NaN,NaN,NaN,NaN,NaN,NaN,NaN,NaN,NaN,NaN,NaN,NaN,NaN,NaN,NaN,NaN,NaN,NaN,NaN,NaN,NaN,NaN,NaN,NaN,NaN,0.0215844879270977,NaN,NaN,NaN,NaN,NaN,NaN,NaN,NaN,NaN,NaN,NaN,NaN,NaN,NaN,NaN,NaN,NaN,NaN,NaN,NaN,NaN,NaN,NaN,NaN,NaN,NaN,NaN,NaN,NaN,NaN,NaN,NaN,NaN,NaN,NaN,NaN,NaN,NaN,NaN,NaN,NaN,NaN,NaN,NaN,NaN,NaN,NaN,NaN,NaN,NaN,NaN,NaN,0.0725384040024208,NaN,NaN,NaN,NaN,NaN,NaN,NaN,NaN,NaN,NaN,NaN,NaN,NaN,0.0271024386360572,0.00478852018584123,0.00276285957251935,0.000377080870306353,0.000901723995005432,0.000256423173142145,0.0004003051721546,0.000466448852411539,0.000516806423440966,0.000572831906535195,0.000577344268308763,0.000504149403499271,0.000364855898306701,0.000121138778490797,-6.64564593092349e-05,-0.000146446320563527,-0.000143723636112401,-0.00018131806601475,-0.000272083317480379,NaN,NaN,NaN,NaN,NaN,NaN,NaN,0.00237984062963505,0.00247432395935366,0.00262909602271764,0.00271896737523462,0.00259330086463023,0.00264398012655826,0.00289804667913727,0.0033545465454507,0.00339923058541195,0.00316202599562416,0.00294287274878707,0.00277974671560413,0.00275437368356314,0.00271090757590901,0.00273215398466213,0.00277866341192361,NaN,NaN,NaN,0.00765551851663744,0.00784170982377877,0.00758393081964667,0.00715569236941141,0.00683792683486178,0.00658286922998346,0.00641929760158537,0.00643745214278527,0.00632743122263029,0.00592029017576394,0.00546635010448513,0.00477455316517171,NaN,NaN,NaN,NaN,NaN,NaN,NaN,NaN,NaN,NaN,NaN,NaN,NaN,NaN,NaN,NaN,NaN,NaN,NaN,NaN,NaN,NaN,NaN,NaN,NaN,NaN,NaN,NaN,NaN,NaN,NaN,NaN,NaN,NaN,NaN,NaN,NaN,NaN,NaN,NaN,NaN,NaN,NaN,NaN,NaN,NaN,NaN,NaN,NaN,NaN,NaN,NaN,NaN,NaN,NaN,NaN,NaN,NaN,NaN,NaN,NaN,NaN,NaN,NaN,NaN,NaN,NaN,NaN,NaN,NaN,NaN,NaN,NaN,NaN,NaN,NaN,NaN,NaN,NaN,NaN,NaN,NaN,NaN,NaN,NaN,NaN,NaN
NaN,NaN,NaN,NaN,NaN,NaN,NaN,NaN,NaN,NaN,NaN,NaN,NaN,NaN,NaN,NaN,NaN,NaN,NaN,NaN,NaN,NaN,NaN,NaN,NaN,NaN,NaN,NaN,NaN,NaN,NaN,NaN,NaN,NaN,0.0216325975406603,NaN,NaN,NaN,NaN,NaN,NaN,NaN,NaN,NaN,NaN,NaN,NaN,NaN,NaN,NaN,NaN,NaN,NaN,NaN,NaN,NaN,NaN,NaN,NaN,NaN,NaN,NaN,NaN,NaN,NaN,NaN,NaN,NaN,NaN,NaN,NaN,NaN,NaN,NaN,NaN,NaN,NaN,NaN,NaN,NaN,NaN,NaN,NaN,NaN,NaN,NaN,0.0723588217624943,0.0727898159230811,NaN,NaN,NaN,NaN,NaN,NaN,NaN,NaN,NaN,NaN,NaN,NaN,NaN,0.0309350415205069,0.0102420192915232,0.00378922072141251,0.00137209521014258,0.00113528382503089,0.00101305768763971,0.00040391836167562,0.000507851472720595,0.00057962368574592,0.00062949275225696,0.000680041442236413,0.000722173899282533,0.000676389554049655,0.000391296135646313,-3.5760294132147e-06,-0.000179924062523779,-0.000210951484654428,-0.000204982958761546,-0.000262756824316178,-0.000272511069712933,NaN,NaN,NaN,NaN,NaN,NaN,NaN,0.00264912658345267,0.00282331312877318,0.00282030446679497,0.00270980494346633,0.00276451575707449,0.0029990710907345,0.0033174815413054,0.00375995431747421,0.00310954153732487,0.00296509092616459,0.0028559643612817,0.00268632876989895,0.00257288318314319,0.00257716092351744,NaN,NaN,NaN,NaN,0.00619182408598612,0.00727137291043473,0.00708856044358351,0.00670946950979809,0.00638702836175291,0.00613682980282158,0.00595903630540033,0.00604546176289994,0.00601967075434282,0.00565577358493915,0.00521571796929532,0.00499078741750993,-0.00219396749748635,NaN,NaN,NaN,NaN,NaN,NaN,NaN,NaN,NaN,NaN,NaN,NaN,NaN,NaN,NaN,NaN,NaN,NaN,NaN,NaN,NaN,NaN,NaN,NaN,NaN,NaN,NaN,NaN,NaN,NaN,NaN,NaN,NaN,NaN,NaN,NaN,NaN,NaN,NaN,NaN,NaN,NaN,NaN,NaN,NaN,NaN,NaN,NaN,NaN,NaN,NaN,NaN,NaN,NaN,NaN,NaN,NaN,NaN,NaN,NaN,NaN,NaN,NaN,NaN,NaN,NaN,NaN,NaN,NaN,NaN,NaN,NaN,NaN,NaN,NaN,NaN,NaN,NaN,NaN,NaN,NaN,NaN,NaN,NaN,NaN,NaN
NaN,NaN,NaN,NaN,NaN,NaN,NaN,NaN,NaN,NaN,NaN,NaN,NaN,NaN,NaN,NaN,NaN,NaN,NaN,NaN,NaN,NaN,NaN,NaN,NaN,NaN,NaN,NaN,NaN,NaN,NaN,NaN,NaN,NaN,0.0216848857477019,NaN,NaN,NaN,NaN,NaN,NaN,NaN,NaN,NaN,NaN,NaN,NaN,NaN,NaN,NaN,NaN,NaN,NaN,NaN,NaN,NaN,NaN,NaN,NaN,NaN,NaN,NaN,NaN,NaN,NaN,NaN,NaN,NaN,NaN,NaN,NaN,NaN,NaN,NaN,NaN,NaN,NaN,NaN,NaN,NaN,NaN,NaN,NaN,NaN,NaN,NaN,0.0716845144115513,0.0723008310762543,NaN,NaN,NaN,NaN,NaN,NaN,NaN,NaN,NaN,NaN,NaN,NaN,NaN,0.0378697311191858,0.024129451239412,0.00265198392869537,0.000665988738816797,0.000609766262361144,0.000625910120570454,0.000660690263796717,0.00051430208899137,0.000621472520924611,0.000708721126883231,0.000785791257680908,0.000895630879025017,0.00100892984466668,0.000967830873537918,0.00043431402890456,-9.39015175278455e-05,-0.000148935816561646,-0.000195172120744443,-0.000237497458424904,-0.000131398996334666,-3.44439222223075e-05,NaN,NaN,NaN,NaN,NaN,NaN,NaN,0.00255970981162257,0.00254841171721753,0.00255863052922345,0.00250737358593583,0.00240865807585723,0.00269948069277086,0.00314105593635714,0.00302327528831088,0.00287260257924987,0.00275248259236372,0.00258957076799361,0.00252125361960364,0.0026070873378557,NaN,NaN,NaN,-0.00187487415006061,0.00598608652510191,0.00645547849678767,0.00636853361916581,0.00609064300995258,0.00587961555337865,0.00574377782167085,0.0055682049132443,0.00564181177337775,0.00560134860586369,0.0053444370553255,0.00499326739335589,0.00483450845374246,-0.00230089796715941,NaN,NaN,NaN,NaN,NaN,NaN,NaN,NaN,NaN,NaN,NaN,NaN,NaN,NaN,NaN,NaN,NaN,NaN,NaN,NaN,NaN,NaN,NaN,NaN,NaN,NaN,NaN,NaN,NaN,NaN,NaN,NaN,NaN,NaN,NaN,NaN,NaN,NaN,NaN,NaN,NaN,NaN,NaN,NaN,NaN,NaN,NaN,NaN,NaN,NaN,NaN,NaN,NaN,NaN,NaN,NaN,NaN,NaN,NaN,NaN,NaN,NaN,NaN,NaN,NaN,NaN,NaN,NaN,NaN,NaN,NaN,NaN,NaN,NaN,NaN,NaN,NaN,NaN,NaN,NaN,NaN,NaN,NaN,NaN,NaN,NaN
NaN,NaN,NaN,NaN,NaN,NaN,NaN,NaN,NaN,NaN,NaN,NaN,NaN,NaN,NaN,NaN,NaN,NaN,NaN,NaN,NaN,NaN,NaN,NaN,NaN,NaN,NaN,NaN,NaN,NaN,NaN,NaN,NaN,NaN,0.0218390049381122,NaN,NaN,NaN,NaN,NaN,NaN,NaN,NaN,NaN,NaN,NaN,NaN,NaN,NaN,NaN,NaN,NaN,NaN,NaN,NaN,NaN,NaN,NaN,NaN,NaN,NaN,NaN,NaN,NaN,NaN,NaN,NaN,NaN,NaN,NaN,NaN,NaN,NaN,NaN,NaN,NaN,NaN,NaN,NaN,NaN,NaN,NaN,NaN,NaN,NaN,NaN,NaN,NaN,NaN,NaN,NaN,NaN,NaN,NaN,NaN,NaN,NaN,NaN,NaN,NaN,NaN,NaN,0.0219495951936376,0.00128895742790718,0.000247611322087902,0.00017107863939628,0.000381283107106195,0.000412057073246182,0.000549445270202237,0.000643242741092708,0.000768167424510639,0.000892953789440878,0.00101771884810984,0.00121968858353194,0.00128007422168116,0.000860387667691612,0.000100831324653871,-4.20581448473797e-05,-0.000201362940154354,-0.000222474894897177,-3.65354194108556e-05,0.000210429068469206,0.000319228019762965,0.000280406847258901,NaN,NaN,NaN,NaN,NaN,0.00195183370433846,0.00209587239714871,0.00220799056980363,0.00229553096939156,0.00202209025254232,0.00239992046578471,0.00282844533249137,0.00287583375748885,0.00274389248925746,0.00262026159494767,0.0025395294511957,0.00253274326323778,0.00262992122750738,NaN,NaN,-0.00209721126475559,0.00526543638274229,0.00548644162509171,0.00570388784174106,0.00570229959133458,0.00549229319906708,0.00536912781481278,0.00529240820799248,0.00515254754777501,0.00519255645899756,0.00511407118540811,0.00506338334415138,0.00480020266481258,0.00462435011918809,-0.00244111615925279,NaN,NaN,NaN,NaN,NaN,NaN,NaN,NaN,NaN,NaN,NaN,NaN,NaN,NaN,NaN,NaN,NaN,NaN,NaN,NaN,NaN,NaN,NaN,NaN,NaN,NaN,NaN,NaN,NaN,NaN,NaN,NaN,NaN,NaN,NaN,NaN,NaN,NaN,NaN,NaN,NaN,NaN,NaN,NaN,NaN,NaN,NaN,NaN,NaN,NaN,NaN,NaN,NaN,NaN,NaN,NaN,NaN,NaN,NaN,NaN,NaN,NaN,NaN,NaN,NaN,NaN,NaN,NaN,NaN,NaN,NaN,NaN,NaN,NaN,NaN,NaN,NaN,NaN,NaN,NaN,NaN,NaN,NaN,NaN,NaN,NaN
NaN,NaN,NaN,NaN,NaN,NaN,NaN,NaN,NaN,NaN,NaN,NaN,NaN,NaN,NaN,NaN,NaN,NaN,NaN,NaN,NaN,NaN,NaN,NaN,NaN,NaN,NaN,NaN,NaN,NaN,NaN,NaN,NaN,NaN,0.021721015919653,0.0453027388248752,NaN,NaN,NaN,NaN,NaN,NaN,NaN,NaN,NaN,NaN,NaN,NaN,NaN,NaN,NaN,NaN,NaN,NaN,NaN,NaN,NaN,NaN,NaN,NaN,NaN,NaN,NaN,NaN,NaN,NaN,NaN,NaN,NaN,NaN,NaN,NaN,NaN,NaN,NaN,NaN,NaN,NaN,NaN,NaN,NaN,NaN,NaN,NaN,NaN,NaN,NaN,NaN,NaN,NaN,NaN,NaN,NaN,NaN,NaN,NaN,NaN,NaN,NaN,NaN,NaN,NaN,NaN,0.0194213905158976,0.000685837791955282,0.00028638442102422,0.000120573129338869,0.00031191986995366,0.000650791897696101,0.000715113224322838,0.000812952791252346,0.000907617354824353,0.000935303039728708,0.000872989255174317,0.000529846461892483,0.000201361938750346,0.000291943371137273,-5.89773336693517e-05,-0.000220911735203324,-0.000153275922735006,8.00807797532565e-05,0.000357225611391665,0.00045718964664908,0.000331265079058939,0.000248412709385545,NaN,NaN,NaN,NaN,0.00159378947682345,0.00176631228114133,0.00175127361037013,0.00210392519816201,0.00241553413762838,0.0025842656423779,0.002675154864075,0.00280304646673511,0.0026354883359361,0.00253665143396623,0.00251105089530338,0.00252427483045346,0.00328123489553614,NaN,NaN,-0.0245095394187348,-0.00202425850720575,0.00470002794489738,0.00541543233169173,0.00525348509087824,0.00505782643158574,0.00482550241745023,0.00482895972719813,0.00478838043350836,0.00478461933410335,0.00482516242924607,0.00490413763324587,0.00470236030491981,0.00446051156082686,-0.0027279681808755,NaN,NaN,NaN,NaN,NaN,NaN,NaN,NaN,NaN,NaN,NaN,NaN,NaN,NaN,NaN,NaN,NaN,NaN,NaN,NaN,NaN,NaN,NaN,NaN,NaN,NaN,NaN,NaN,NaN,NaN,NaN,NaN,NaN,NaN,NaN,NaN,NaN,NaN,NaN,NaN,NaN,NaN,NaN,NaN,NaN,NaN,NaN,NaN,NaN,NaN,NaN,NaN,NaN,NaN,NaN,NaN,NaN,NaN,NaN,NaN,NaN,NaN,NaN,NaN,NaN,NaN,NaN,NaN,NaN,NaN,NaN,NaN,NaN,NaN,NaN,NaN,NaN,NaN,NaN,NaN,NaN,NaN,NaN,NaN,NaN,NaN
NaN,NaN,NaN,NaN,NaN,NaN,NaN,NaN,NaN,NaN,NaN,NaN,NaN,NaN,NaN,NaN,NaN,NaN,NaN,NaN,NaN,NaN,NaN,NaN,NaN,NaN,NaN,NaN,NaN,NaN,NaN,NaN,NaN,NaN,NaN,0.0626312663897515,NaN,NaN,NaN,NaN,NaN,NaN,NaN,NaN,NaN,NaN,NaN,NaN,NaN,NaN,NaN,NaN,NaN,NaN,NaN,NaN,NaN,NaN,NaN,NaN,NaN,NaN,NaN,NaN,NaN,NaN,NaN,NaN,NaN,NaN,NaN,NaN,NaN,NaN,NaN,NaN,NaN,NaN,NaN,NaN,NaN,NaN,NaN,NaN,NaN,NaN,NaN,NaN,NaN,NaN,NaN,NaN,NaN,NaN,NaN,NaN,NaN,NaN,NaN,NaN,NaN,NaN,NaN,0.0292913917603137,0.00976543744252146,0.000130565217070688,9.4831253927992e-05,0.000405316930728687,0.000700566662911635,0.000892371987391071,0.000884282544015402,0.000821790732984131,0.000674219936386596,0.000422589392942707,0.000176562807896104,3.81067414325358e-05,0.000235876865125401,9.26135952693046e-05,-5.75046571129543e-05,5.498049930784e-06,6.64154228412304e-05,0.000238237457205308,0.0003689060210921,0.000292322626390038,0.000221580240917956,NaN,NaN,NaN,0.00163853851613251,0.00165631371881994,0.00164186543885577,0.00163669395820341,0.00182001628265366,0.0023765950461302,0.0027542895930904,0.00280137361687295,0.00277966905371756,0.00260680596758122,0.00249808582989389,0.00244999361721455,0.00242093410568107,0.00553759533596678,NaN,NaN,NaN,NaN,NaN,0.00450397417390574,0.0047726800302027,0.00455529646412391,0.0044000665943823,0.00441083817626024,0.00449378375163275,0.0044757732732196,0.00464842605350631,0.00479674532684458,0.00476882075146939,0.00425366096310832,0.0036335734996503,0.00344316356917074,NaN,NaN,NaN,NaN,NaN,NaN,NaN,NaN,NaN,NaN,NaN,NaN,NaN,NaN,NaN,NaN,NaN,NaN,NaN,NaN,NaN,NaN,NaN,NaN,NaN,NaN,NaN,NaN,NaN,NaN,NaN,NaN,NaN,NaN,NaN,NaN,NaN,NaN,NaN,NaN,NaN,NaN,NaN,NaN,NaN,NaN,NaN,NaN,NaN,NaN,NaN,NaN,NaN,NaN,NaN,NaN,NaN,NaN,NaN,NaN,NaN,NaN,NaN,NaN,NaN,NaN,NaN,NaN,NaN,NaN,NaN,NaN,NaN,NaN,NaN,NaN,NaN,NaN,NaN,NaN,NaN,NaN,NaN,NaN,NaN
NaN,NaN,NaN,NaN,NaN,NaN,NaN,NaN,NaN,NaN,NaN,NaN,NaN,NaN,NaN,NaN,NaN,NaN,NaN,NaN,NaN,NaN,NaN,NaN,NaN,NaN,NaN,NaN,NaN,NaN,NaN,NaN,NaN,NaN,0.0614497839455138,0.0615487454600358,NaN,NaN,NaN,NaN,NaN,NaN,NaN,NaN,NaN,NaN,NaN,NaN,NaN,NaN,NaN,NaN,NaN,NaN,NaN,NaN,NaN,NaN,NaN,NaN,NaN,NaN,NaN,NaN,NaN,NaN,NaN,NaN,NaN,NaN,NaN,NaN,NaN,NaN,NaN,NaN,NaN,NaN,NaN,NaN,NaN,NaN,NaN,NaN,NaN,NaN,NaN,NaN,NaN,NaN,NaN,NaN,NaN,NaN,NaN,NaN,NaN,NaN,NaN,NaN,NaN,NaN,NaN,NaN,-0.000119655031812824,2.02971119202406e-05,0.00298567486187056,0.000537258991231911,0.000826131399824268,0.000945838761024236,0.000868754808637344,0.000756067954374103,0.000600703649988167,0.000455966467321745,0.000333855925069222,0.000270031903203688,0.000272852476161176,0.000307165829752777,0.000157729150054587,0.000101733319305517,-1.63184146098457e-05,-2.74015509010644e-05,0.000118762549304441,0.000209857222865365,0.000182055446491529,NaN,NaN,NaN,0.00184560058963781,0.00177290290694143,0.00154704346788623,0.00153229989288346,0.00170641280408745,0.00207512622176549,0.00240492938212658,0.00268801390935507,0.00265884944237732,0.00253744160365938,0.00243811284071883,0.002365982503887,0.00227203755824422,0.00786631912361074,NaN,NaN,NaN,NaN,NaN,NaN,0.00426133304397789,0.00420873501950634,0.00419723644686804,0.00419744051558099,0.00425118800545176,0.00427728014491107,0.00443142959916845,0.00461919902246489,0.00461943325755317,0.00410803649158078,0.00364370693101187,0.00345388166818676,NaN,NaN,NaN,NaN,NaN,NaN,NaN,NaN,NaN,NaN,NaN,NaN,NaN,NaN,NaN,NaN,NaN,NaN,NaN,NaN,NaN,NaN,NaN,NaN,NaN,NaN,NaN,NaN,NaN,NaN,NaN,NaN,NaN,NaN,NaN,NaN,NaN,NaN,NaN,NaN,NaN,NaN,NaN,NaN,NaN,NaN,NaN,NaN,NaN,NaN,NaN,NaN,NaN,NaN,NaN,NaN,NaN,NaN,NaN,NaN,NaN,NaN,NaN,NaN,NaN,NaN,NaN,NaN,NaN,NaN,NaN,NaN,NaN,NaN,NaN,NaN,NaN,NaN,NaN,NaN,NaN,NaN,NaN,NaN,NaN
NaN,NaN,NaN,NaN,NaN,NaN,NaN,NaN,NaN,NaN,NaN,NaN,NaN,NaN,NaN,NaN,NaN,NaN,NaN,NaN,NaN,NaN,NaN,NaN,NaN,NaN,NaN,NaN,NaN,NaN,NaN,NaN,0.0614882166701977,0.0615002093571124,0.0614528469119598,NaN,NaN,NaN,NaN,NaN,NaN,NaN,NaN,NaN,NaN,NaN,NaN,NaN,NaN,NaN,NaN,NaN,NaN,NaN,NaN,NaN,NaN,NaN,NaN,NaN,NaN,NaN,NaN,NaN,NaN,NaN,NaN,NaN,NaN,NaN,NaN,NaN,NaN,NaN,NaN,NaN,NaN,NaN,NaN,NaN,NaN,NaN,NaN,NaN,NaN,NaN,NaN,NaN,NaN,NaN,NaN,NaN,NaN,NaN,NaN,NaN,NaN,NaN,NaN,NaN,NaN,NaN,NaN,NaN,NaN,NaN,0.0159243504059915,0.00126720421074227,0.000896890409058725,0.000908181355058216,0.000867525588255253,0.000647273482552344,0.000412959866433629,0.000279132458179763,0.000335598149022225,0.000492637071365938,0.000498540567924612,0.000517075812294987,0.000293592152552119,8.42074273271857e-05,-9.28509885827891e-05,-0.000155955951811181,-2.68236669357443e-05,0.000151077325295208,0.000157069185388717,NaN,0.0022475762377573,0.00252687077860976,0.00253874652337525,0.00221205020712345,0.00161987911754028,0.00137463936033323,0.00154659544134723,0.00195666719172105,0.00224442407914309,0.00239626679197123,0.00244029114809546,0.00236495010160091,0.00227976460752976,0.00218826866993257,0.00209559882867678,NaN,NaN,NaN,NaN,NaN,NaN,NaN,0.00409211529127154,0.00418991115302586,0.00420019615244324,0.00412868081792136,0.00408792125132655,0.00411766317412998,0.00423246753056051,0.00433952350772476,0.00423631524484885,0.00379182272346275,0.00360393050111931,0.00347150798878221,0.00292026197029889,NaN,NaN,NaN,NaN,NaN,NaN,NaN,NaN,NaN,NaN,NaN,NaN,NaN,NaN,NaN,NaN,NaN,NaN,NaN,NaN,NaN,NaN,NaN,NaN,NaN,NaN,NaN,NaN,NaN,NaN,NaN,NaN,NaN,NaN,NaN,NaN,NaN,NaN,NaN,NaN,NaN,NaN,NaN,NaN,NaN,NaN,NaN,NaN,NaN,NaN,NaN,NaN,NaN,NaN,NaN,NaN,NaN,NaN,NaN,NaN,NaN,NaN,NaN,NaN,NaN,NaN,NaN,NaN,NaN,NaN,NaN,NaN,NaN,NaN,NaN,NaN,NaN,NaN,NaN,NaN,NaN,NaN,NaN,NaN
NaN,NaN,NaN,NaN,NaN,NaN,NaN,NaN,NaN,NaN,NaN,NaN,NaN,NaN,NaN,NaN,NaN,NaN,NaN,NaN,NaN,NaN,NaN,NaN,NaN,NaN,NaN,NaN,NaN,NaN,NaN,NaN,0.0614792265766766,0.0614961026085101,NaN,NaN,NaN,NaN,NaN,NaN,NaN,NaN,NaN,NaN,NaN,NaN,NaN,NaN,NaN,NaN,NaN,NaN,NaN,NaN,NaN,NaN,NaN,NaN,NaN,NaN,NaN,NaN,NaN,NaN,NaN,NaN,NaN,NaN,NaN,NaN,NaN,NaN,NaN,NaN,NaN,NaN,NaN,NaN,NaN,NaN,NaN,NaN,NaN,NaN,NaN,NaN,NaN,NaN,NaN,NaN,NaN,NaN,NaN,NaN,NaN,NaN,NaN,NaN,NaN,NaN,NaN,NaN,NaN,NaN,NaN,NaN,0.0283012355049899,0.0107571266401028,0.000929433515283963,0.000878269945449712,0.000781508385655844,0.000548109140429972,0.000382284623824206,0.000312427319455404,0.000443275329327561,0.0008664493593397,0.00130004773885274,0.000750686933928245,0.000385420593813303,1.681741077593e-05,-0.000162890311103454,-0.000121041139271882,-3.42965593222485e-05,0.000161082616662629,NaN,NaN,0.00210371870017519,0.00227151028060465,0.00248454422942539,0.00263647627098262,0.00205804525993021,0.00167101775236525,0.00168286442022982,0.00194490253601658,0.00205198403988229,0.00216466013625002,0.0021782333901868,0.00208450701328552,0.00197899726662985,0.00190316429271866,0.00186032167971448,NaN,NaN,NaN,NaN,NaN,NaN,NaN,NaN,0.00418746283648635,0.00417829367154599,0.00406055904718189,0.00392567463136117,0.00388841890865772,0.00392055478382787,0.00392660659791946,0.00372545423074471,0.00336647860873307,-0.00137995592450803,-0.00295917964604393,-0.00601024892738924,NaN,NaN,NaN,NaN,NaN,NaN,NaN,NaN,NaN,NaN,NaN,NaN,NaN,NaN,NaN,NaN,NaN,NaN,NaN,NaN,NaN,NaN,NaN,NaN,NaN,NaN,NaN,NaN,NaN,NaN,NaN,NaN,NaN,NaN,NaN,NaN,NaN,NaN,NaN,NaN,NaN,NaN,NaN,NaN,NaN,NaN,NaN,NaN,NaN,NaN,NaN,NaN,NaN,NaN,NaN,NaN,NaN,NaN,NaN,NaN,NaN,NaN,NaN,NaN,NaN,NaN,NaN,NaN,NaN,NaN,NaN,NaN,NaN,NaN,NaN,NaN,NaN,NaN,NaN,NaN,NaN,NaN,NaN,NaN
NaN,NaN,NaN,NaN,NaN,NaN,NaN,NaN,NaN,NaN,NaN,NaN,NaN,NaN,NaN,NaN,NaN,NaN,NaN,NaN,NaN,NaN,NaN,NaN,NaN,NaN,NaN,NaN,NaN,NaN,NaN,NaN,NaN,NaN,NaN,NaN,NaN,NaN,NaN,NaN,NaN,NaN,NaN,NaN,NaN,NaN,NaN,NaN,NaN,NaN,NaN,NaN,NaN,NaN,NaN,NaN,NaN,NaN,NaN,NaN,NaN,NaN,NaN,NaN,NaN,NaN,NaN,NaN,NaN,NaN,NaN,NaN,NaN,NaN,NaN,NaN,NaN,NaN,NaN,NaN,NaN,NaN,NaN,NaN,NaN,NaN,NaN,NaN,NaN,NaN,NaN,NaN,NaN,NaN,NaN,NaN,NaN,NaN,NaN,NaN,NaN,NaN,NaN,NaN,NaN,NaN,NaN,NaN,0.0105467207680235,0.000842255944233098,0.000713322015209394,0.000581391941457774,0.00053577353111363,0.000635460846179539,0.00101617768290918,0.00189018424672344,0.00220558731575006,0.000993516195620702,0.000382376693744684,-6.58744333498217e-06,-0.000290261254460494,-0.000180450475907788,-0.000189939948156042,NaN,NaN,0.0017418524092297,0.00197226041529394,0.00219568679030247,0.00222753716640566,0.00222888226202815,0.00188296656147526,0.00145469034945196,0.0015237591343908,0.00170841612264062,0.00180198796485395,0.00182652662991871,0.00179410476570486,0.00163182688847239,0.00148677260922042,0.00149056686200901,0.00169623021634768,NaN,NaN,NaN,NaN,NaN,NaN,NaN,NaN,0.00386445370551371,0.00409451826994842,0.00403515323134171,0.00380646258924968,0.00367568240802842,0.00356977157525009,0.00334557539505287,0.0030758005105792,0.00280712676055176,0.00207196136841413,-0.00342508791062143,NaN,NaN,NaN,NaN,NaN,NaN,NaN,NaN,NaN,NaN,NaN,NaN,NaN,NaN,NaN,NaN,NaN,NaN,NaN,NaN,NaN,NaN,NaN,NaN,NaN,NaN,NaN,NaN,NaN,NaN,NaN,NaN,NaN,NaN,NaN,NaN,NaN,NaN,NaN,NaN,NaN,NaN,NaN,NaN,NaN,NaN,NaN,NaN,NaN,NaN,NaN,NaN,NaN,NaN,NaN,NaN,NaN,NaN,NaN,NaN,NaN,NaN,NaN,NaN,NaN,NaN,NaN,NaN,NaN,NaN,NaN,NaN,NaN,NaN,NaN,NaN,NaN,NaN,NaN,NaN,NaN,NaN,NaN,NaN,NaN
NaN,NaN,NaN,NaN,NaN,NaN,NaN,NaN,NaN,NaN,NaN,NaN,NaN,NaN,NaN,NaN,NaN,NaN,NaN,NaN,NaN,NaN,NaN,NaN,NaN,NaN,NaN,NaN,NaN,NaN,NaN,NaN,NaN,NaN,NaN,NaN,NaN,NaN,NaN,NaN,NaN,NaN,NaN,NaN,NaN,NaN,NaN,NaN,NaN,NaN,NaN,NaN,NaN,NaN,NaN,NaN,NaN,NaN,NaN,NaN,NaN,NaN,NaN,NaN,NaN,NaN,NaN,NaN,NaN,NaN,NaN,NaN,NaN,NaN,NaN,NaN,NaN,NaN,NaN,NaN,NaN,NaN,NaN,NaN,NaN,NaN,NaN,NaN,NaN,NaN,NaN,NaN,NaN,NaN,NaN,NaN,NaN,NaN,NaN,NaN,NaN,NaN,NaN,NaN,NaN,NaN,NaN,NaN,NaN,NaN,0.000640918724183189,0.00053973994055718,0.000684142020170205,0.00109602033251471,0.00181568476750761,0.00240374033366635,0.00151925867420302,0.000793465960047257,0.000372436351591232,2.46722877294188e-05,-0.000349607599801565,-0.00018300446997414,-1.23803604741294e-05,NaN,NaN,0.00167084209185859,0.00195014464926071,0.00213933941044991,0.00222368458369312,0.0021418814551805,0.00158651580051283,0.00100821539019335,0.00111950159240773,0.00143612948829418,0.00161649060223549,0.00139352411262409,0.00135590377591169,0.00120498626459942,0.000989773441342212,0.0010642954591642,NaN,NaN,NaN,NaN,NaN,NaN,NaN,NaN,NaN,NaN,0.0038529343670799,0.00393864918482345,0.00373255684502971,0.00344325898205362,0.00311625533378556,0.00282840947508599,0.0026657046010794,0.00250521055427143,0.00213053364289495,0.00149920464272282,NaN,NaN,NaN,NaN,NaN,NaN,NaN,NaN,NaN,NaN,NaN,NaN,NaN,NaN,NaN,NaN,NaN,NaN,NaN,NaN,NaN,NaN,NaN,NaN,NaN,NaN,NaN,NaN,NaN,NaN,NaN,NaN,NaN,NaN,NaN,NaN,NaN,NaN,NaN,NaN,NaN,NaN,NaN,NaN,NaN,NaN,NaN,NaN,NaN,NaN,NaN,NaN,NaN,NaN,NaN,NaN,NaN,NaN,NaN,NaN,NaN,NaN,NaN,NaN,NaN,NaN,NaN,NaN,NaN,NaN,NaN,NaN,NaN,NaN,NaN,NaN,NaN,NaN,NaN,NaN,NaN,NaN,NaN,NaN,NaN
NaN,NaN,NaN,NaN,NaN,NaN,NaN,NaN,NaN,NaN,NaN,NaN,NaN,NaN,NaN,NaN,NaN,NaN,NaN,NaN,NaN,NaN,NaN,NaN,NaN,NaN,NaN,NaN,NaN,NaN,NaN,NaN,NaN,NaN,NaN,NaN,NaN,NaN,NaN,NaN,NaN,NaN,NaN,NaN,NaN,NaN,NaN,NaN,NaN,NaN,NaN,NaN,NaN,NaN,NaN,NaN,NaN,NaN,NaN,NaN,NaN,NaN,NaN,NaN,NaN,NaN,NaN,NaN,NaN,NaN,NaN,NaN,NaN,NaN,NaN,NaN,NaN,NaN,NaN,NaN,NaN,NaN,NaN,NaN,NaN,NaN,NaN,NaN,NaN,NaN,NaN,NaN,NaN,NaN,NaN,NaN,NaN,NaN,NaN,NaN,NaN,NaN,NaN,NaN,NaN,NaN,NaN,NaN,NaN,NaN,NaN,9.1502042527961e-05,0.000352679240635148,0.00073910755884346,0.00105200983348804,0.000746507606343373,0.000154374370133557,0.000275181804928018,0.000360560462260333,0.000123342669184921,-1.76554929089986e-05,0.000251484466719217,0.000625128406301346,NaN,NaN,0.0018044876252379,0.00208912060816039,0.00231880555642912,0.00233252985439119,0.00222223088408043,0.00191865761102427,0.00125470527159737,0.00109937168614379,0.00121935227611176,0.00140489990419808,0.00122212150871537,0.00115542449413653,0.00110452819819996,0.000881921501833232,NaN,NaN,NaN,NaN,NaN,NaN,NaN,NaN,NaN,NaN,NaN,NaN,0.00354520291170934,0.00341426475992378,0.00300575903211867,0.00269784754147048,0.00250216590386109,0.00236094934186034,0.00226001367569248,0.00209451923532773,0.00178912635275387,0.00118880208505654,NaN,NaN,NaN,NaN,NaN,NaN,NaN,NaN,NaN,NaN,NaN,NaN,NaN,NaN,NaN,NaN,NaN,NaN,NaN,NaN,NaN,NaN,NaN,NaN,NaN,NaN,NaN,NaN,NaN,NaN,NaN,NaN,NaN,NaN,NaN,NaN,NaN,NaN,NaN,NaN,NaN,NaN,NaN,NaN,NaN,NaN,NaN,NaN,NaN,NaN,NaN,NaN,NaN,NaN,NaN,NaN,NaN,NaN,NaN,NaN,NaN,NaN,NaN,NaN,NaN,NaN,NaN,NaN,NaN,NaN,NaN,NaN,NaN,NaN,NaN,NaN,NaN,NaN,NaN,NaN,NaN,NaN,NaN,NaN
NaN,NaN,NaN,NaN,NaN,NaN,NaN,NaN,NaN,NaN,NaN,NaN,NaN,NaN,NaN,NaN,NaN,NaN,NaN,NaN,NaN,NaN,NaN,NaN,NaN,NaN,NaN,NaN,NaN,NaN,NaN,NaN,NaN,NaN,NaN,NaN,NaN,NaN,NaN,NaN,NaN,NaN,NaN,NaN,NaN,NaN,NaN,NaN,NaN,NaN,NaN,NaN,NaN,NaN,NaN,NaN,NaN,NaN,NaN,NaN,NaN,NaN,NaN,NaN,NaN,NaN,NaN,NaN,NaN,NaN,NaN,NaN,NaN,NaN,NaN,NaN,NaN,NaN,NaN,NaN,NaN,NaN,NaN,NaN,NaN,NaN,NaN,NaN,NaN,NaN,NaN,NaN,NaN,NaN,NaN,NaN,NaN,NaN,NaN,NaN,NaN,NaN,NaN,NaN,NaN,NaN,NaN,NaN,NaN,NaN,NaN,-0.00044277730428416,-0.000372884640447319,-0.000374513634774985,-0.000422849511490509,-0.000607767015543813,-0.000554104649256429,-1.59433239175102e-05,0.000415450609392615,0.000705053528586156,0.0012918664175936,0.00230832777688045,0.00272076939234306,0.00241825407109661,0.00249607474415819,0.00207914655625985,0.0019622217718916,0.00250496758968983,0.0027034902700186,0.00226039514559268,0.00187270278775034,0.00148954016528591,0.00122267311741255,0.00081667715161017,0.0007910121809814,0.000982773873698708,0.000983052602116126,0.0010279872881771,0.000951750510030575,0.00092793381308855,NaN,NaN,NaN,NaN,NaN,NaN,NaN,NaN,NaN,NaN,NaN,NaN,0.00270309723402166,0.00254574209828441,0.00234525559999843,0.00225557043932068,0.0021760616335672,0.00204187420336982,0.00189383931706043,0.00171201436375035,0.0013438603440902,NaN,NaN,NaN,NaN,NaN,NaN,NaN,NaN,NaN,NaN,NaN,NaN,NaN,NaN,NaN,NaN,NaN,NaN,NaN,NaN,NaN,NaN,NaN,NaN,NaN,NaN,NaN,NaN,NaN,NaN,NaN,NaN,NaN,NaN,NaN,NaN,NaN,NaN,NaN,NaN,NaN,NaN,NaN,NaN,NaN,NaN,NaN,NaN,NaN,NaN,NaN,NaN,NaN,NaN,NaN,NaN,NaN,NaN,NaN,NaN,NaN,NaN,NaN,NaN,NaN,NaN,NaN,NaN,NaN,NaN,NaN,NaN,NaN,NaN,NaN,NaN,NaN,NaN,NaN,NaN,NaN,NaN,NaN,NaN
NaN,NaN,NaN,NaN,NaN,NaN,NaN,NaN,NaN,NaN,NaN,NaN,NaN,NaN,NaN,NaN,NaN,NaN,NaN,NaN,NaN,NaN,NaN,NaN,NaN,NaN,NaN,NaN,NaN,NaN,NaN,NaN,NaN,NaN,NaN,NaN,NaN,NaN,NaN,NaN,NaN,NaN,NaN,NaN,NaN,NaN,NaN,NaN,NaN,NaN,NaN,NaN,NaN,NaN,NaN,NaN,NaN,NaN,NaN,NaN,NaN,NaN,NaN,NaN,NaN,NaN,NaN,NaN,NaN,NaN,NaN,NaN,NaN,NaN,NaN,NaN,NaN,NaN,NaN,NaN,NaN,NaN,NaN,NaN,NaN,NaN,NaN,NaN,NaN,NaN,NaN,NaN,NaN,NaN,NaN,NaN,NaN,NaN,NaN,NaN,NaN,NaN,NaN,NaN,NaN,NaN,NaN,NaN,NaN,NaN,NaN,-0.000923241428569484,-0.0009044793395574,-0.000949333418254136,-0.000996534470368211,-0.00102730942125902,-0.000677906084056649,5.36623762441568e-05,0.000657058222251818,0.00145919367979867,0.0027767287995609,0.00309686389002268,0.00271791055658123,0.00241178609970687,0.00211073848121938,0.00167378124536363,0.00137688661616759,0.00155220844177697,0.00226406144506372,0.00236701639405995,0.00186852910712319,0.00121432711507618,0.000616849505625347,0.000452613139390329,0.000429149661169561,0.000559193800243517,0.000648749644622887,0.000644047557721864,0.000516550458025594,0.00220151013829232,0.0147057974281344,NaN,NaN,NaN,NaN,NaN,NaN,NaN,NaN,NaN,NaN,NaN,NaN,NaN,0.0021869192326351,0.00217041469092072,0.00208238096735522,0.00195407479632837,0.00170124998858683,0.00142545366171875,0.00111820582027313,NaN,NaN,NaN,NaN,NaN,NaN,NaN,NaN,NaN,NaN,NaN,NaN,NaN,NaN,NaN,NaN,NaN,NaN,NaN,NaN,NaN,NaN,NaN,NaN,NaN,NaN,NaN,NaN,NaN,NaN,NaN,NaN,NaN,NaN,NaN,NaN,NaN,NaN,NaN,NaN,NaN,NaN,NaN,NaN,NaN,NaN,NaN,NaN,NaN,NaN,NaN,NaN,NaN,NaN,NaN,NaN,NaN,NaN,NaN,NaN,NaN,NaN,NaN,NaN,NaN,NaN,NaN,NaN,NaN,NaN,NaN,NaN,NaN,NaN,NaN,NaN,NaN,NaN,NaN,NaN,NaN,NaN,NaN,NaN
NaN,NaN,NaN,NaN,NaN,NaN,NaN,NaN,NaN,NaN,NaN,NaN,NaN,NaN,NaN,NaN,NaN,NaN,NaN,NaN,NaN,NaN,NaN,NaN,NaN,NaN,NaN,NaN,NaN,NaN,NaN,NaN,NaN,NaN,NaN,NaN,NaN,NaN,NaN,NaN,NaN,NaN,NaN,NaN,NaN,NaN,NaN,NaN,NaN,NaN,NaN,NaN,NaN,NaN,NaN,NaN,NaN,NaN,NaN,NaN,NaN,NaN,NaN,NaN,NaN,NaN,NaN,NaN,NaN,NaN,NaN,NaN,NaN,NaN,NaN,NaN,NaN,NaN,NaN,NaN,NaN,NaN,NaN,NaN,NaN,NaN,NaN,NaN,NaN,NaN,NaN,NaN,NaN,NaN,NaN,NaN,NaN,NaN,NaN,NaN,NaN,NaN,NaN,NaN,NaN,NaN,NaN,NaN,NaN,NaN,NaN,-0.0010588557167121,-0.00098493781951196,-0.0011668213030438,-0.00129716638578676,-0.00129994862955416,-0.000813287633373684,-2.50021740943264e-05,0.000738906094069658,0.00168757835090771,0.0022567906911621,0.00210073025831987,0.00215776677619876,0.00188559447250714,0.00175368487461121,0.00140099666572301,0.000998603375582631,0.000870621385939206,0.00105412474545635,0.00127378162144388,0.00137781081622196,0.000985497238592361,0.000173112483352711,0.000103501896054376,0.000183463891941423,0.000327463391206206,0.000410800814564285,0.000261018463814505,2.65154747248887e-05,5.01897382712106e-05,0.010173551097827,NaN,NaN,NaN,NaN,NaN,NaN,NaN,NaN,NaN,NaN,NaN,NaN,NaN,NaN,0.00214934455107632,0.00200727218187485,0.00189530614704277,0.00157208302597133,0.00124003240888118,0.00111320781801638,NaN,NaN,NaN,NaN,NaN,NaN,NaN,NaN,NaN,NaN,NaN,NaN,NaN,NaN,NaN,NaN,NaN,NaN,NaN,NaN,NaN,NaN,NaN,NaN,NaN,NaN,NaN,NaN,NaN,NaN,NaN,NaN,NaN,NaN,NaN,NaN,NaN,NaN,NaN,NaN,NaN,NaN,NaN,NaN,NaN,NaN,NaN,NaN,NaN,NaN,NaN,NaN,NaN,NaN,NaN,NaN,NaN,NaN,NaN,NaN,NaN,NaN,NaN,NaN,NaN,NaN,NaN,NaN,NaN,NaN,NaN,NaN,NaN,NaN,NaN,NaN,NaN,NaN,NaN,NaN,NaN,NaN,NaN,NaN
NaN,NaN,NaN,NaN,NaN,NaN,NaN,NaN,NaN,NaN,NaN,NaN,NaN,NaN,NaN,NaN,NaN,NaN,NaN,NaN,NaN,NaN,NaN,NaN,NaN,NaN,NaN,NaN,NaN,NaN,NaN,NaN,NaN,NaN,NaN,NaN,NaN,NaN,NaN,NaN,NaN,NaN,NaN,NaN,NaN,NaN,NaN,NaN,NaN,NaN,NaN,NaN,NaN,NaN,NaN,NaN,NaN,NaN,NaN,NaN,NaN,NaN,NaN,NaN,NaN,NaN,NaN,NaN,NaN,NaN,NaN,NaN,NaN,NaN,NaN,NaN,NaN,NaN,NaN,NaN,NaN,NaN,NaN,NaN,NaN,NaN,NaN,NaN,NaN,NaN,NaN,NaN,NaN,NaN,NaN,NaN,NaN,NaN,NaN,NaN,NaN,NaN,NaN,NaN,NaN,NaN,NaN,NaN,NaN,NaN,NaN,NaN,NaN,-0.00140551898369336,-0.00159984594682983,-0.00160764021621373,-0.00126030589268844,-0.000617700101995691,0.000113119538478594,0.000954495870702144,0.00131165820172652,0.00159768016017084,0.00176152686654324,0.00168644253652775,0.00135722285068065,0.000993163903339196,0.000820807139145002,0.000740849993771439,0.000510863714658561,0.000335718721995948,0.0002415969132778,0.000289958669679845,6.31440824201968e-05,-4.60286150347337e-05,0.000149308269490119,0.000286768163891742,0.000289971218801691,-4.70108848503205e-05,-0.00026964739233825,-0.00045523912375986,NaN,NaN,NaN,NaN,NaN,NaN,NaN,NaN,NaN,NaN,NaN,NaN,NaN,NaN,NaN,0.00198229812622135,0.00190624161336191,0.00186081369803607,0.00153247350061928,0.00114569857233371,0.00103889158043014,NaN,NaN,NaN,NaN,NaN,NaN,NaN,NaN,NaN,NaN,NaN,NaN,NaN,NaN,NaN,NaN,NaN,NaN,NaN,NaN,NaN,NaN,NaN,NaN,NaN,NaN,NaN,NaN,NaN,NaN,NaN,NaN,NaN,NaN,NaN,NaN,NaN,NaN,NaN,NaN,NaN,NaN,NaN,NaN,NaN,NaN,NaN,NaN,NaN,NaN,NaN,NaN,NaN,NaN,NaN,NaN,NaN,NaN,NaN,NaN,NaN,NaN,NaN,NaN,NaN,NaN,NaN,NaN,NaN,NaN,NaN,NaN,NaN,NaN,NaN,NaN,NaN,NaN,NaN,NaN,NaN,NaN,NaN,NaN
NaN,NaN,NaN,NaN,NaN,NaN,NaN,NaN,NaN,NaN,NaN,NaN,NaN,NaN,NaN,NaN,NaN,NaN,NaN,NaN,NaN,NaN,NaN,NaN,NaN,NaN,NaN,NaN,NaN,NaN,NaN,NaN,NaN,NaN,NaN,NaN,NaN,NaN,NaN,NaN,NaN,NaN,NaN,NaN,NaN,NaN,NaN,NaN,NaN,NaN,NaN,NaN,NaN,NaN,NaN,NaN,NaN,NaN,NaN,NaN,NaN,NaN,NaN,NaN,NaN,NaN,NaN,NaN,NaN,NaN,NaN,NaN,NaN,NaN,NaN,NaN,NaN,NaN,NaN,NaN,NaN,NaN,NaN,NaN,NaN,NaN,NaN,NaN,NaN,NaN,NaN,NaN,NaN,NaN,NaN,NaN,NaN,NaN,NaN,NaN,NaN,NaN,NaN,NaN,NaN,NaN,NaN,NaN,NaN,NaN,NaN,NaN,NaN,NaN,-0.00207637689188168,-0.00194581535829021,-0.00179978373985489,-0.00148304176863494,-0.000857358033514503,8.18973023910193e-05,0.000976003980914731,0.00152572637767021,0.00162213727862672,0.00142885437423017,0.000938615472917792,0.000627494971940631,0.000397978165586643,0.000215317220754649,0.00020822170274834,0.000190893397168614,-2.78660241219446e-05,-0.000177856471964936,-4.46440768255412e-05,1.63349858401574e-05,0.000272941728973638,0.000425164202406236,0.000102567459943802,-0.00026735538894687,-0.000453321816450464,-0.000814036207291685,-0.00094597147261046,NaN,NaN,NaN,NaN,NaN,NaN,NaN,NaN,NaN,NaN,NaN,NaN,NaN,NaN,NaN,0.0018475876960829,0.00188656763521815,0.00155408958517871,0.00107958127930241,0.000878979564664436,NaN,NaN,NaN,NaN,NaN,NaN,NaN,NaN,NaN,NaN,NaN,NaN,NaN,NaN,NaN,NaN,NaN,NaN,NaN,NaN,NaN,NaN,NaN,NaN,NaN,NaN,NaN,NaN,NaN,NaN,NaN,NaN,NaN,NaN,NaN,NaN,NaN,NaN,NaN,NaN,NaN,NaN,NaN,NaN,NaN,NaN,NaN,NaN,NaN,NaN,NaN,NaN,NaN,NaN,NaN,NaN,NaN,NaN,NaN,NaN,NaN,NaN,NaN,NaN,NaN,NaN,NaN,NaN,NaN,NaN,NaN,NaN,NaN,NaN,NaN,NaN,NaN,NaN,NaN,NaN,NaN,NaN,NaN,NaN
NaN,NaN,NaN,NaN,NaN,NaN,NaN,NaN,NaN,NaN,NaN,NaN,NaN,NaN,NaN,NaN,NaN,NaN,NaN,NaN,NaN,NaN,NaN,NaN,NaN,NaN,NaN,NaN,NaN,NaN,NaN,NaN,NaN,NaN,NaN,NaN,NaN,NaN,NaN,NaN,NaN,NaN,NaN,NaN,NaN,NaN,NaN,NaN,NaN,NaN,NaN,NaN,NaN,NaN,NaN,NaN,NaN,NaN,NaN,NaN,NaN,NaN,NaN,NaN,NaN,NaN,NaN,NaN,NaN,NaN,NaN,NaN,NaN,NaN,NaN,NaN,NaN,NaN,NaN,NaN,NaN,NaN,NaN,NaN,NaN,NaN,NaN,NaN,NaN,NaN,NaN,NaN,NaN,NaN,NaN,NaN,NaN,NaN,NaN,NaN,NaN,NaN,NaN,NaN,NaN,NaN,NaN,NaN,NaN,NaN,NaN,NaN,NaN,NaN,-0.00228539018084932,-0.00214556008298415,-0.00204364514965386,-0.00190425529941803,-0.00139851014613683,-0.000587465083130372,0.00041599503825459,0.000665327930330204,0.000721573888040945,0.000872409834724483,0.000432897896373615,0.000277298598484188,0.000209118225484858,-3.98190468286001e-06,1.60504229932569e-05,4.80493088796506e-05,-3.85242631204347e-06,-0.000162512257691892,4.29225515045701e-05,0.00010947394475642,0.000425328523827104,0.000313238449953545,-0.000343010699552709,-0.000497540466584598,-0.000688402898813581,-0.00129583741108744,-0.00269200846421107,-0.00350742847553866,-0.00389071353604366,-0.00406750202550629,NaN,NaN,NaN,NaN,NaN,NaN,NaN,NaN,NaN,NaN,NaN,NaN,NaN,0.00189929218554524,0.00153858525646322,0.00101357497606324,0.000761950316829089,NaN,NaN,NaN,NaN,NaN,NaN,NaN,NaN,NaN,NaN,NaN,NaN,NaN,NaN,NaN,NaN,NaN,NaN,NaN,NaN,NaN,NaN,NaN,NaN,NaN,NaN,NaN,NaN,NaN,NaN,NaN,NaN,NaN,NaN,NaN,NaN,NaN,NaN,NaN,NaN,NaN,NaN,NaN,NaN,NaN,NaN,NaN,NaN,NaN,NaN,NaN,NaN,NaN,NaN,NaN,NaN,NaN,NaN,NaN,NaN,NaN,NaN,NaN,NaN,NaN,NaN,NaN,NaN,NaN,NaN,NaN,NaN,NaN,NaN,NaN,NaN,NaN,NaN,NaN,NaN,NaN,NaN,NaN,NaN
NaN,NaN,NaN,NaN,NaN,NaN,NaN,NaN,NaN,NaN,NaN,NaN,NaN,NaN,NaN,NaN,NaN,NaN,NaN,NaN,NaN,NaN,NaN,NaN,NaN,NaN,NaN,NaN,NaN,NaN,NaN,NaN,NaN,NaN,NaN,NaN,NaN,NaN,NaN,NaN,NaN,NaN,NaN,NaN,NaN,NaN,NaN,NaN,NaN,NaN,NaN,NaN,NaN,NaN,NaN,NaN,NaN,NaN,NaN,NaN,NaN,NaN,NaN,NaN,NaN,NaN,NaN,NaN,NaN,NaN,NaN,NaN,NaN,NaN,NaN,NaN,NaN,NaN,NaN,NaN,NaN,NaN,NaN,NaN,NaN,NaN,NaN,NaN,NaN,NaN,NaN,NaN,NaN,NaN,NaN,NaN,NaN,NaN,NaN,NaN,NaN,NaN,NaN,NaN,NaN,NaN,NaN,NaN,NaN,NaN,NaN,NaN,NaN,NaN,-0.0023319076974071,-0.00217033718396336,-0.00206409164807288,-0.00200787800641363,-0.00170752766328711,-0.000942204698477434,-0.000205536855023384,-0.000303126527869048,-7.37643471686537e-05,4.46132989591339e-05,-0.000217709999161352,-0.000197653054936116,-0.000171776984961085,-0.000170651006509856,-0.000111502331344681,-0.000188020996176,1.61292582283035e-05,-8.39939976837734e-06,0.000163869617157282,NaN,NaN,-0.00110724083694616,-0.00110154438323728,-0.000896387144755247,-0.00109611027920119,-0.00215153414121704,-0.00322730108495023,-0.00358759340186971,-0.00392266098628946,-0.00420882076468569,-0.00453792693460709,-0.00499203784852443,-0.00460118122182556,NaN,NaN,NaN,NaN,NaN,NaN,NaN,NaN,NaN,NaN,0.00132248895108803,0.00119513071306938,0.000813424132784575,0.000693577490176592,NaN,NaN,NaN,NaN,NaN,NaN,NaN,NaN,NaN,NaN,NaN,NaN,NaN,NaN,NaN,NaN,NaN,NaN,NaN,NaN,NaN,NaN,NaN,NaN,NaN,NaN,NaN,NaN,NaN,NaN,NaN,NaN,NaN,NaN,NaN,NaN,NaN,NaN,NaN,NaN,NaN,NaN,NaN,NaN,NaN,NaN,NaN,NaN,NaN,NaN,NaN,NaN,NaN,NaN,NaN,NaN,NaN,NaN,NaN,NaN,NaN,NaN,NaN,NaN,NaN,NaN,NaN,NaN,NaN,NaN,NaN,NaN,NaN,NaN,NaN,NaN,NaN,NaN,NaN,NaN,NaN,NaN,NaN,NaN
NaN,NaN,NaN,NaN,NaN,NaN,NaN,NaN,NaN,NaN,NaN,NaN,NaN,NaN,NaN,NaN,NaN,NaN,NaN,NaN,NaN,NaN,NaN,NaN,NaN,NaN,NaN,NaN,NaN,NaN,NaN,NaN,NaN,NaN,NaN,NaN,NaN,NaN,NaN,NaN,NaN,NaN,NaN,NaN,NaN,NaN,NaN,NaN,NaN,NaN,NaN,NaN,NaN,NaN,NaN,NaN,NaN,NaN,NaN,NaN,NaN,NaN,NaN,NaN,NaN,NaN,NaN,NaN,NaN,NaN,NaN,NaN,NaN,NaN,NaN,NaN,NaN,NaN,NaN,NaN,NaN,NaN,NaN,NaN,NaN,NaN,NaN,NaN,NaN,NaN,NaN,NaN,NaN,NaN,NaN,NaN,NaN,NaN,NaN,NaN,NaN,NaN,NaN,NaN,NaN,NaN,NaN,NaN,NaN,NaN,NaN,NaN,NaN,NaN,-0.00229648137338724,-0.00219523594584531,-0.00210564658283018,-0.00201418722908507,-0.00179888658828099,-0.00117043074170589,-0.000958479184999684,-0.00101747245551866,-0.000618093722434473,-0.000601147195882612,-0.000765366863256866,-0.000723641750628366,-0.000746527023356286,-0.00104229764922007,-0.00133934692671692,NaN,NaN,NaN,NaN,NaN,-0.00214257049668047,-0.00201191901830622,-0.00176017208249198,-0.00156061260718599,-0.00190940766524681,-0.00286062199723864,-0.00338756997941673,-0.00361007782402266,-0.00390662636849517,-0.00422707834964685,-0.00458295880669126,-0.00514291286455241,-0.00557384168487628,NaN,NaN,NaN,NaN,NaN,NaN,NaN,NaN,NaN,NaN,0.000842481719725136,0.000622371500251613,0.000468178755691391,0.000299513373432073,NaN,NaN,NaN,NaN,NaN,NaN,NaN,NaN,NaN,NaN,NaN,NaN,NaN,NaN,NaN,NaN,NaN,NaN,NaN,NaN,NaN,NaN,NaN,NaN,NaN,NaN,NaN,NaN,NaN,NaN,NaN,NaN,NaN,NaN,NaN,NaN,NaN,NaN,NaN,NaN,NaN,NaN,NaN,NaN,NaN,NaN,NaN,NaN,NaN,NaN,NaN,NaN,NaN,NaN,NaN,NaN,NaN,NaN,NaN,NaN,NaN,NaN,NaN,NaN,NaN,NaN,NaN,NaN,NaN,NaN,NaN,NaN,NaN,NaN,NaN,NaN,NaN,NaN,NaN,NaN,NaN,NaN,NaN,NaN
NaN,NaN,NaN,NaN,NaN,NaN,NaN,NaN,NaN,NaN,NaN,NaN,NaN,NaN,NaN,NaN,NaN,NaN,NaN,NaN,NaN,NaN,NaN,NaN,NaN,NaN,NaN,NaN,NaN,NaN,NaN,NaN,NaN,NaN,NaN,NaN,NaN,NaN,NaN,NaN,NaN,NaN,NaN,NaN,NaN,NaN,NaN,NaN,NaN,NaN,NaN,NaN,NaN,NaN,NaN,NaN,NaN,NaN,NaN,NaN,NaN,NaN,NaN,NaN,NaN,NaN,NaN,NaN,NaN,NaN,NaN,NaN,NaN,NaN,NaN,NaN,NaN,NaN,NaN,NaN,NaN,NaN,NaN,NaN,NaN,NaN,NaN,NaN,NaN,NaN,NaN,NaN,NaN,NaN,NaN,NaN,NaN,NaN,NaN,NaN,NaN,NaN,NaN,NaN,NaN,NaN,NaN,NaN,NaN,NaN,NaN,NaN,NaN,NaN,-0.00213296448575576,-0.00213094526469694,-0.00211037755315236,-0.0020336692969694,-0.00191613024028231,-0.00158388312604635,-0.00150251722295118,-0.00136276517002445,-0.00124501129814123,-0.00121139062111927,-0.00120750059700403,-0.00125423090559571,-0.00139701766123663,-0.00173517689245054,-0.00207414104021533,NaN,NaN,NaN,NaN,0.0067420678194765,-0.00240414103591047,-0.00239818352884447,-0.0022230937915365,-0.00218272028505603,-0.00244442401556481,-0.00281148927629451,-0.00319406764566768,-0.00344368898397581,-0.0038112775128794,-0.00417722787558481,-0.00479642584262789,-0.00537922925556157,-0.00585317325062235,-0.00618691903692342,NaN,NaN,NaN,NaN,NaN,NaN,NaN,NaN,NaN,NaN,5.50937113677086e-05,5.14811420473568e-05,-0.000127971577068574,NaN,NaN,NaN,NaN,NaN,NaN,NaN,NaN,NaN,NaN,NaN,NaN,NaN,NaN,NaN,NaN,NaN,NaN,NaN,NaN,NaN,NaN,NaN,NaN,NaN,NaN,NaN,NaN,NaN,NaN,NaN,NaN,NaN,NaN,NaN,NaN,NaN,NaN,NaN,NaN,NaN,NaN,NaN,NaN,NaN,NaN,NaN,NaN,NaN,NaN,NaN,NaN,NaN,NaN,NaN,NaN,NaN,NaN,NaN,NaN,NaN,NaN,NaN,NaN,NaN,NaN,NaN,NaN,NaN,NaN,NaN,NaN,NaN,NaN,NaN,NaN,NaN,NaN,NaN,NaN,NaN,NaN,NaN,NaN
NaN,NaN,NaN,NaN,NaN,NaN,NaN,NaN,NaN,NaN,NaN,NaN,NaN,NaN,NaN,NaN,NaN,NaN,NaN,NaN,NaN,NaN,NaN,NaN,NaN,NaN,NaN,NaN,NaN,NaN,NaN,NaN,NaN,NaN,NaN,NaN,NaN,NaN,NaN,NaN,NaN,NaN,NaN,NaN,NaN,NaN,NaN,NaN,NaN,NaN,NaN,NaN,NaN,NaN,NaN,NaN,NaN,NaN,NaN,NaN,NaN,NaN,NaN,NaN,NaN,NaN,NaN,NaN,NaN,NaN,NaN,NaN,NaN,NaN,NaN,NaN,NaN,NaN,NaN,NaN,NaN,NaN,NaN,NaN,NaN,NaN,NaN,NaN,NaN,NaN,NaN,NaN,NaN,NaN,NaN,NaN,NaN,NaN,NaN,NaN,NaN,NaN,NaN,NaN,NaN,NaN,NaN,NaN,NaN,NaN,NaN,-0.0041334960334299,-0.00397658926811462,NaN,-0.00210925477346959,-0.00216578982213871,-0.00206414825435974,-0.00205196591739279,-0.00191494461862455,-0.00168711699621038,-0.00165549976422824,-0.00167522572483187,-0.00159485545538923,-0.00153277124482062,-0.00150626030433049,-0.00151401106969967,-0.00169668059825685,-0.00194765575984577,-0.0021748733582873,NaN,NaN,NaN,NaN,-0.000440136334091963,-0.00253874331382402,-0.00254454778351233,-0.0024426482811517,-0.00240877714848566,-0.00250769446156351,-0.00269417879110145,-0.00292499945172613,-0.00325070629522576,-0.00373009016294412,-0.00418727507888948,-0.00507358059653298,-0.00567275731208708,-0.00626536821398571,-0.00648077091775372,NaN,NaN,NaN,NaN,NaN,NaN,NaN,NaN,NaN,NaN,-0.000523252112155345,-0.000599098125744879,-0.000694389621117072,-0.000926329942876913,NaN,NaN,NaN,NaN,NaN,NaN,NaN,NaN,NaN,NaN,NaN,NaN,NaN,NaN,NaN,NaN,NaN,NaN,NaN,NaN,NaN,NaN,NaN,NaN,NaN,NaN,NaN,NaN,NaN,NaN,NaN,NaN,NaN,NaN,NaN,NaN,NaN,NaN,NaN,NaN,NaN,NaN,NaN,NaN,NaN,NaN,NaN,NaN,NaN,NaN,NaN,NaN,NaN,NaN,NaN,NaN,NaN,NaN,NaN,NaN,NaN,NaN,NaN,NaN,NaN,NaN,NaN,NaN,NaN,NaN,NaN,NaN,NaN,NaN,NaN,NaN,NaN,NaN,NaN,NaN,NaN,NaN,NaN
NaN,NaN,NaN,NaN,NaN,NaN,NaN,NaN,NaN,NaN,NaN,NaN,NaN,NaN,NaN,NaN,NaN,NaN,NaN,NaN,NaN,NaN,NaN,NaN,NaN,NaN,NaN,NaN,NaN,NaN,NaN,NaN,NaN,NaN,NaN,NaN,NaN,NaN,NaN,NaN,NaN,NaN,NaN,NaN,NaN,NaN,NaN,NaN,NaN,NaN,NaN,NaN,NaN,NaN,NaN,NaN,NaN,NaN,NaN,NaN,NaN,NaN,NaN,NaN,NaN,NaN,NaN,NaN,NaN,NaN,NaN,NaN,NaN,NaN,NaN,NaN,NaN,NaN,NaN,NaN,NaN,NaN,NaN,NaN,NaN,NaN,NaN,NaN,NaN,NaN,NaN,NaN,NaN,NaN,NaN,NaN,NaN,NaN,NaN,NaN,NaN,NaN,NaN,NaN,NaN,NaN,NaN,NaN,NaN,NaN,-0.00498787179678527,-0.00444315984433776,-0.00358633048156291,-0.00241674509103249,-0.00235030818839679,-0.00244218148459074,-0.00219509681774057,-0.00210334537287525,NaN,-0.0016632938681292,-0.00167819184671364,-0.00171755880673763,-0.00179870211471006,-0.00184857568028143,-0.00174286269507007,-0.00159877836430034,-0.00165952015621384,-0.00180026508090561,-0.00214648655270063,NaN,NaN,0.0105606128547991,-0.00250303408280613,-0.00292249737800276,-0.00272894355595693,-0.00252116905416705,-0.00255879251865018,-0.00251722365367935,-0.00252083684549974,-0.0025702594349806,-0.00271112987692129,-0.00307171829020461,-0.000112636205609764,NaN,-0.00575272625962075,-0.00642759627231444,-0.00677099008158463,-0.00722549153803172,NaN,NaN,NaN,NaN,NaN,NaN,NaN,NaN,NaN,NaN,NaN,-0.000619186385281711,-0.000652269409758145,-0.00106025819909761,NaN,NaN,NaN,NaN,NaN,NaN,NaN,NaN,NaN,NaN,NaN,NaN,NaN,NaN,NaN,NaN,NaN,NaN,NaN,NaN,NaN,NaN,NaN,NaN,NaN,NaN,NaN,NaN,NaN,NaN,NaN,NaN,NaN,NaN,NaN,NaN,NaN,NaN,NaN,NaN,NaN,NaN,NaN,NaN,NaN,NaN,NaN,NaN,NaN,NaN,NaN,NaN,NaN,NaN,NaN,NaN,NaN,NaN,NaN,NaN,NaN,NaN,NaN,NaN,NaN,NaN,NaN,NaN,NaN,NaN,NaN,NaN,NaN,NaN,NaN,NaN,NaN,NaN,NaN,NaN,NaN,NaN,NaN
NaN,NaN,NaN,NaN,NaN,NaN,NaN,NaN,NaN,NaN,NaN,NaN,NaN,NaN,NaN,NaN,NaN,NaN,NaN,NaN,NaN,NaN,NaN,NaN,NaN,NaN,NaN,NaN,NaN,NaN,NaN,NaN,NaN,NaN,NaN,NaN,NaN,NaN,NaN,NaN,NaN,NaN,NaN,NaN,NaN,NaN,NaN,NaN,NaN,NaN,NaN,NaN,NaN,NaN,NaN,NaN,NaN,NaN,NaN,NaN,NaN,NaN,NaN,NaN,NaN,NaN,NaN,NaN,NaN,NaN,NaN,NaN,NaN,NaN,NaN,NaN,NaN,NaN,NaN,NaN,NaN,NaN,NaN,NaN,NaN,NaN,NaN,NaN,NaN,NaN,NaN,NaN,NaN,NaN,NaN,NaN,NaN,NaN,NaN,NaN,NaN,NaN,NaN,NaN,NaN,NaN,NaN,NaN,NaN,NaN,-0.00585850905609249,-0.00492685529546662,-0.00368176523385049,-0.00285151054761129,-0.0027086794538802,-0.00268297369763616,-0.00242424944014754,-0.00224235345500047,NaN,NaN,NaN,NaN,NaN,NaN,-0.00186695618871158,-0.00167767128020795,-0.00174697222661636,-0.00176415680330032,NaN,NaN,NaN,0.00718610665977855,-0.00303562959619695,-0.00298036151445985,-0.00283602767593412,-0.00267629086292686,-0.00251352349995035,-0.00254527497571239,-0.00251902726981784,-0.00254983638430907,-0.0026392457657422,0.00429067251719074,NaN,NaN,NaN,-0.00766114935221701,-0.00821425821444553,-0.00940796604816586,-0.0103707751274845,NaN,NaN,NaN,NaN,NaN,NaN,NaN,NaN,NaN,NaN,NaN,-0.00142980401719289,-0.00212644382852166,-0.00406273652242503,-0.00634117927589527,NaN,NaN,NaN,NaN,NaN,NaN,NaN,NaN,NaN,NaN,NaN,NaN,NaN,NaN,NaN,NaN,NaN,NaN,NaN,NaN,NaN,NaN,NaN,NaN,NaN,NaN,NaN,NaN,NaN,NaN,NaN,NaN,NaN,NaN,NaN,NaN,NaN,NaN,NaN,NaN,NaN,NaN,NaN,NaN,NaN,NaN,NaN,NaN,NaN,NaN,NaN,NaN,NaN,NaN,NaN,NaN,NaN,NaN,NaN,NaN,NaN,NaN,NaN,NaN,NaN,NaN,NaN,NaN,NaN,NaN,NaN,NaN,NaN,NaN,NaN,NaN,NaN,NaN,NaN,NaN,NaN
NaN,NaN,NaN,NaN,NaN,NaN,NaN,NaN,NaN,NaN,NaN,NaN,NaN,NaN,NaN,NaN,NaN,NaN,NaN,NaN,NaN,NaN,NaN,NaN,NaN,NaN,NaN,NaN,NaN,NaN,NaN,NaN,NaN,NaN,NaN,NaN,NaN,NaN,NaN,NaN,NaN,NaN,NaN,NaN,NaN,NaN,NaN,NaN,NaN,NaN,NaN,NaN,NaN,NaN,NaN,NaN,NaN,NaN,NaN,NaN,NaN,NaN,NaN,NaN,NaN,NaN,NaN,NaN,NaN,NaN,NaN,NaN,NaN,NaN,NaN,NaN,NaN,NaN,NaN,NaN,NaN,NaN,NaN,NaN,NaN,NaN,NaN,NaN,NaN,NaN,NaN,NaN,NaN,NaN,NaN,NaN,NaN,NaN,NaN,NaN,NaN,NaN,NaN,NaN,NaN,NaN,NaN,NaN,NaN,NaN,-0.00706600395429399,-0.00617058351507026,-0.0045545984335455,-0.00311227327090765,-0.00272159487165028,-0.00278781874055839,-0.00254178767140099,-0.00233888953951622,NaN,NaN,NaN,NaN,NaN,NaN,NaN,NaN,NaN,NaN,NaN,NaN,NaN,NaN,0.00719545606889736,0.0065415321089439,0.00661067200290115,0.00663558531673026,0.00649282438601662,-0.00212688844056499,-0.00254971903529369,-0.00153754529712356,0.00440262683332864,NaN,NaN,NaN,NaN,-0.00914861894554574,-0.0100670281929947,-0.0107853405576268,-0.0117931413639612,-0.0127505983807441,NaN,NaN,NaN,NaN,NaN,NaN,NaN,NaN,NaN,NaN,-0.00364548693826745,-0.00425645836797942,-0.00581111939183919,-0.00695762254079086,NaN,NaN,NaN,NaN,NaN,NaN,NaN,NaN,NaN,NaN,NaN,NaN,2.56643868656244e-05,-2.63058882338153e-05,NaN,NaN,NaN,NaN,NaN,NaN,NaN,NaN,NaN,NaN,NaN,NaN,NaN,NaN,NaN,NaN,NaN,NaN,NaN,NaN,NaN,NaN,NaN,NaN,NaN,NaN,NaN,NaN,NaN,NaN,NaN,NaN,NaN,NaN,NaN,NaN,NaN,NaN,NaN,NaN,NaN,NaN,NaN,NaN,NaN,NaN,NaN,NaN,NaN,NaN,NaN,NaN,NaN,NaN,NaN,NaN,NaN,NaN,NaN,NaN,NaN,NaN,NaN,NaN,NaN,NaN,NaN
NaN,NaN,NaN,NaN,NaN,NaN,NaN,NaN,NaN,NaN,NaN,NaN,NaN,NaN,NaN,NaN,NaN,NaN,NaN,NaN,NaN,NaN,NaN,NaN,NaN,NaN,NaN,NaN,NaN,NaN,NaN,NaN,NaN,NaN,NaN,NaN,NaN,NaN,NaN,NaN,NaN,NaN,NaN,NaN,NaN,NaN,NaN,NaN,NaN,NaN,NaN,NaN,NaN,NaN,NaN,NaN,NaN,NaN,NaN,NaN,NaN,NaN,NaN,NaN,NaN,NaN,NaN,NaN,NaN,NaN,NaN,NaN,NaN,NaN,NaN,NaN,NaN,NaN,NaN,NaN,NaN,NaN,NaN,NaN,NaN,NaN,NaN,NaN,NaN,NaN,NaN,NaN,NaN,NaN,NaN,NaN,NaN,NaN,NaN,NaN,NaN,NaN,NaN,NaN,NaN,NaN,NaN,NaN,NaN,NaN,-0.00774273359221977,-0.00739424729569815,-0.00620690322226747,-0.00461114967532488,NaN,NaN,NaN,NaN,NaN,NaN,NaN,NaN,NaN,NaN,NaN,NaN,NaN,NaN,NaN,NaN,NaN,NaN,0.0201481335847653,0.0197836892270707,NaN,NaN,NaN,NaN,NaN,NaN,NaN,NaN,NaN,NaN,NaN,0.00112139900873677,-0.0109960175231538,-0.0121696502141079,-0.0133332129732262,-0.0141220917397107,NaN,NaN,NaN,NaN,NaN,NaN,NaN,NaN,NaN,NaN,-0.00489170030036385,-0.00597550877855519,-0.00725259136748418,-0.00838902587547963,-0.00944745328709081,NaN,NaN,NaN,NaN,NaN,NaN,NaN,NaN,NaN,NaN,-0.000148431848201283,-0.000107722554789098,5.10324502501142e-05,NaN,NaN,NaN,NaN,NaN,NaN,NaN,NaN,NaN,NaN,NaN,NaN,NaN,NaN,NaN,NaN,NaN,NaN,NaN,NaN,NaN,NaN,NaN,NaN,NaN,NaN,NaN,NaN,NaN,NaN,NaN,NaN,NaN,NaN,NaN,NaN,NaN,NaN,NaN,NaN,NaN,NaN,NaN,NaN,NaN,NaN,NaN,NaN,NaN,NaN,NaN,NaN,NaN,NaN,NaN,NaN,NaN,NaN,NaN,NaN,NaN,NaN,NaN,NaN,NaN,NaN,NaN
NaN,NaN,NaN,NaN,NaN,NaN,NaN,NaN,NaN,NaN,NaN,NaN,NaN,NaN,NaN,NaN,NaN,NaN,NaN,NaN,NaN,NaN,NaN,NaN,NaN,NaN,NaN,NaN,NaN,NaN,NaN,NaN,NaN,NaN,NaN,NaN,NaN,NaN,NaN,NaN,NaN,NaN,NaN,NaN,NaN,NaN,NaN,NaN,NaN,NaN,NaN,NaN,NaN,NaN,NaN,NaN,NaN,NaN,NaN,NaN,NaN,NaN,NaN,NaN,NaN,NaN,NaN,NaN,NaN,NaN,NaN,NaN,NaN,NaN,NaN,NaN,NaN,NaN,NaN,NaN,NaN,NaN,NaN,NaN,NaN,NaN,NaN,NaN,NaN,NaN,NaN,NaN,NaN,NaN,NaN,NaN,NaN,NaN,NaN,NaN,NaN,NaN,NaN,NaN,NaN,NaN,NaN,NaN,NaN,-0.00911509279547622,-0.00863920385132642,-0.0083748875237728,-0.00779910282099055,-0.00626731583305233,NaN,NaN,NaN,NaN,NaN,NaN,NaN,NaN,NaN,NaN,NaN,NaN,NaN,NaN,NaN,NaN,NaN,NaN,NaN,NaN,NaN,NaN,NaN,NaN,NaN,NaN,NaN,NaN,NaN,NaN,NaN,NaN,-0.00821404748373767,-0.0139372605661553,-0.0145698160645272,-0.0156143682877644,-0.0164063829033574,NaN,NaN,NaN,NaN,NaN,NaN,NaN,NaN,NaN,NaN,-0.00767608148820256,-0.00875937906791713,-0.00968645190453124,-0.0105222344263916,-0.0112880215475108,-0.0122953511252159,-0.0130419744820112,-0.0129858024294245,NaN,NaN,NaN,NaN,-0.0107462932239808,-0.00182871653047423,-0.000300208516664457,-0.00016612901777863,NaN,NaN,NaN,NaN,NaN,NaN,NaN,NaN,NaN,NaN,NaN,NaN,NaN,NaN,NaN,NaN,NaN,NaN,NaN,NaN,NaN,NaN,NaN,NaN,NaN,NaN,NaN,NaN,NaN,NaN,NaN,NaN,NaN,NaN,NaN,NaN,NaN,NaN,NaN,NaN,NaN,NaN,NaN,NaN,NaN,NaN,NaN,NaN,NaN,NaN,NaN,NaN,NaN,NaN,NaN,NaN,NaN,NaN,NaN,NaN,NaN,NaN,NaN,NaN,NaN,NaN,NaN,NaN
NaN,NaN,NaN,NaN,NaN,NaN,NaN,NaN,NaN,NaN,NaN,NaN,NaN,NaN,NaN,NaN,NaN,NaN,NaN,NaN,NaN,NaN,NaN,NaN,NaN,NaN,NaN,NaN,NaN,NaN,NaN,NaN,NaN,NaN,NaN,NaN,NaN,NaN,NaN,NaN,NaN,NaN,NaN,NaN,NaN,NaN,NaN,NaN,NaN,NaN,NaN,NaN,NaN,NaN,NaN,NaN,NaN,NaN,NaN,NaN,NaN,NaN,NaN,NaN,NaN,NaN,NaN,NaN,NaN,NaN,NaN,NaN,NaN,NaN,NaN,NaN,NaN,NaN,NaN,NaN,NaN,NaN,NaN,NaN,NaN,NaN,NaN,NaN,NaN,NaN,NaN,NaN,NaN,NaN,NaN,NaN,NaN,NaN,NaN,NaN,NaN,NaN,NaN,NaN,NaN,NaN,NaN,NaN,-0.00856882937297804,-0.00981694845712903,-0.00961842703906779,-0.00937688640164457,-0.00915358590460807,-0.00794580435706023,NaN,NaN,NaN,NaN,NaN,NaN,NaN,NaN,NaN,NaN,NaN,NaN,NaN,NaN,NaN,NaN,NaN,NaN,NaN,NaN,NaN,NaN,NaN,NaN,NaN,NaN,NaN,NaN,NaN,NaN,NaN,NaN,-0.0013732149592318,-0.0153610634821004,-0.0160646471461928,-0.0169381644155735,-0.0172222406212238,NaN,NaN,NaN,NaN,NaN,NaN,NaN,NaN,NaN,NaN,NaN,-0.00982441317889872,-0.0106938301582307,-0.0115302860931065,-0.0123337084638613,-0.0129381518118038,-0.0137120921330789,-0.0148779965968261,-0.0125364497780751,NaN,NaN,-0.0149993719055807,-0.0228009958660514,-0.0109024352339713,NaN,NaN,NaN,NaN,NaN,NaN,NaN,NaN,NaN,NaN,NaN,NaN,NaN,NaN,NaN,NaN,NaN,NaN,NaN,NaN,NaN,NaN,NaN,NaN,NaN,NaN,NaN,NaN,NaN,NaN,NaN,NaN,NaN,NaN,NaN,NaN,NaN,NaN,NaN,NaN,NaN,NaN,NaN,NaN,NaN,NaN,NaN,NaN,NaN,NaN,NaN,NaN,NaN,NaN,NaN,NaN,NaN,NaN,NaN,NaN,NaN,NaN,NaN,NaN,NaN,NaN,NaN,NaN,NaN,NaN
NaN,NaN,NaN,NaN,NaN,NaN,NaN,NaN,NaN,NaN,NaN,NaN,NaN,NaN,NaN,NaN,NaN,NaN,NaN,NaN,NaN,NaN,NaN,NaN,NaN,NaN,NaN,NaN,NaN,NaN,NaN,NaN,NaN,NaN,NaN,NaN,NaN,NaN,NaN,NaN,NaN,NaN,NaN,NaN,NaN,NaN,NaN,NaN,NaN,NaN,NaN,NaN,NaN,NaN,NaN,NaN,NaN,NaN,NaN,NaN,NaN,NaN,NaN,NaN,NaN,NaN,NaN,NaN,NaN,NaN,NaN,NaN,NaN,NaN,NaN,NaN,NaN,NaN,NaN,NaN,NaN,NaN,NaN,NaN,NaN,NaN,NaN,NaN,NaN,NaN,NaN,NaN,NaN,NaN,NaN,NaN,NaN,NaN,NaN,NaN,NaN,NaN,NaN,NaN,NaN,NaN,NaN,NaN,-0.00902796386711349,-0.0106317047251721,-0.0104944752879754,-0.0103770996525248,-0.0103392965022476,-0.0105091032025012,NaN,NaN,NaN,NaN,NaN,NaN,NaN,NaN,NaN,NaN,NaN,NaN,NaN,NaN,NaN,NaN,NaN,NaN,NaN,NaN,NaN,NaN,NaN,NaN,NaN,NaN,NaN,NaN,NaN,NaN,NaN,NaN,NaN,-0.0154691196020904,-0.0175023914922387,-0.0179635859983802,-0.0186138824457463,-0.0185177675369862,NaN,NaN,NaN,NaN,NaN,NaN,NaN,NaN,NaN,NaN,NaN,-0.0112814485264304,-0.0121628659176312,-0.012928993669936,-0.0136171152724672,-0.0146688492085287,-0.0162148883740695,-0.0177473644634476,NaN,NaN,-0.0229599373878143,-0.022962115356607,-0.0146110325068464,NaN,NaN,NaN,NaN,NaN,NaN,NaN,NaN,NaN,NaN,NaN,NaN,NaN,NaN,NaN,NaN,NaN,NaN,NaN,NaN,NaN,NaN,NaN,NaN,NaN,NaN,NaN,NaN,NaN,NaN,NaN,NaN,NaN,NaN,NaN,NaN,NaN,NaN,NaN,NaN,NaN,NaN,NaN,NaN,NaN,NaN,NaN,NaN,NaN,NaN,NaN,NaN,NaN,NaN,NaN,NaN,NaN,NaN,NaN,NaN,NaN,NaN,NaN,NaN,NaN,NaN,NaN,NaN,NaN,NaN
NaN,NaN,NaN,NaN,NaN,NaN,NaN,NaN,NaN,NaN,NaN,NaN,NaN,NaN,NaN,NaN,NaN,NaN,NaN,NaN,NaN,NaN,NaN,NaN,NaN,NaN,NaN,NaN,NaN,NaN,NaN,NaN,NaN,NaN,NaN,NaN,NaN,NaN,NaN,NaN,NaN,NaN,NaN,NaN,NaN,NaN,NaN,NaN,NaN,NaN,NaN,NaN,NaN,NaN,NaN,NaN,NaN,NaN,NaN,NaN,NaN,NaN,NaN,NaN,NaN,NaN,NaN,NaN,NaN,NaN,NaN,NaN,NaN,NaN,NaN,NaN,NaN,NaN,NaN,NaN,NaN,NaN,NaN,NaN,NaN,NaN,NaN,NaN,NaN,NaN,NaN,NaN,NaN,NaN,NaN,NaN,NaN,NaN,NaN,NaN,NaN,NaN,NaN,NaN,NaN,NaN,NaN,NaN,-0.00528953889989211,-0.0115552934248403,-0.0114801965881759,-0.0114325338391185,-0.0115192878519839,-0.0118454692780302,-0.00326867583143854,NaN,NaN,NaN,NaN,NaN,NaN,NaN,NaN,NaN,NaN,NaN,NaN,NaN,NaN,NaN,NaN,NaN,NaN,NaN,NaN,NaN,NaN,NaN,NaN,NaN,NaN,NaN,NaN,NaN,NaN,NaN,NaN,NaN,-0.0177708421184898,-0.019158656563883,-0.0201144057573415,-0.0206209270576563,NaN,NaN,NaN,NaN,NaN,NaN,NaN,NaN,NaN,NaN,NaN,NaN,-0.0128735609828528,-0.0137503354882222,-0.014718561059659,-0.015705518421076,-0.017587843169633,-0.0194273630469565,-0.0207829302595852,-0.0217817310729951,-0.0226897146143313,-0.0228484143029867,NaN,NaN,NaN,NaN,NaN,NaN,NaN,NaN,NaN,NaN,NaN,NaN,NaN,NaN,NaN,NaN,NaN,NaN,NaN,NaN,NaN,NaN,NaN,NaN,NaN,NaN,NaN,NaN,NaN,NaN,NaN,NaN,NaN,NaN,NaN,NaN,NaN,NaN,NaN,NaN,NaN,NaN,NaN,NaN,NaN,NaN,NaN,NaN,NaN,NaN,NaN,NaN,NaN,NaN,NaN,NaN,NaN,NaN,NaN,NaN,NaN,NaN,NaN,NaN,NaN,NaN,NaN,NaN,NaN,NaN,NaN
NaN,NaN,NaN,NaN,NaN,NaN,NaN,NaN,NaN,NaN,NaN,NaN,NaN,NaN,NaN,NaN,NaN,NaN,NaN,NaN,NaN,NaN,NaN,NaN,NaN,NaN,NaN,NaN,NaN,NaN,NaN,NaN,NaN,NaN,NaN,NaN,NaN,NaN,NaN,NaN,NaN,NaN,NaN,NaN,NaN,NaN,NaN,NaN,NaN,NaN,NaN,NaN,NaN,NaN,NaN,NaN,NaN,NaN,NaN,NaN,NaN,NaN,NaN,NaN,NaN,NaN,NaN,NaN,NaN,NaN,NaN,NaN,NaN,NaN,NaN,NaN,NaN,NaN,NaN,NaN,NaN,NaN,NaN,NaN,NaN,NaN,NaN,NaN,NaN,NaN,NaN,NaN,NaN,NaN,NaN,NaN,NaN,NaN,NaN,NaN,NaN,NaN,NaN,NaN,NaN,NaN,NaN,NaN,NaN,-0.0126512224079814,-0.012575691834912,-0.0125603681692452,-0.0128079796942052,-0.0130993908409264,-0.0133263384908595,NaN,NaN,NaN,NaN,NaN,NaN,NaN,NaN,NaN,NaN,NaN,NaN,NaN,NaN,NaN,NaN,NaN,NaN,NaN,NaN,NaN,NaN,NaN,NaN,NaN,NaN,NaN,NaN,NaN,NaN,NaN,NaN,NaN,-0.0202260431409807,-0.0207541911381797,-0.0213720689094309,-0.0219483465925837,-0.0230737422343383,-0.0216361494563502,NaN,NaN,NaN,NaN,NaN,NaN,NaN,NaN,NaN,NaN,NaN,-0.0147511773450222,-0.0159380097658885,-0.0175451789954714,-0.0191291641374742,-0.0205859267097331,-0.0215962624201544,-0.0220995839776956,-0.0225943564448261,-0.0229513281033373,NaN,NaN,NaN,NaN,NaN,NaN,NaN,NaN,NaN,NaN,NaN,NaN,NaN,NaN,NaN,NaN,NaN,NaN,NaN,NaN,NaN,NaN,NaN,NaN,NaN,NaN,NaN,NaN,NaN,NaN,NaN,NaN,NaN,NaN,NaN,NaN,NaN,NaN,NaN,NaN,NaN,NaN,NaN,NaN,NaN,NaN,NaN,NaN,NaN,NaN,NaN,NaN,NaN,NaN,NaN,NaN,NaN,NaN,NaN,NaN,NaN,NaN,NaN,NaN,NaN,NaN,NaN,NaN,NaN,NaN,NaN
NaN,NaN,NaN,NaN,NaN,NaN,NaN,NaN,NaN,NaN,NaN,NaN,NaN,NaN,NaN,NaN,NaN,NaN,NaN,NaN,NaN,NaN,NaN,NaN,NaN,NaN,NaN,NaN,NaN,NaN,NaN,NaN,NaN,NaN,NaN,NaN,NaN,NaN,NaN,NaN,NaN,NaN,NaN,NaN,NaN,NaN,NaN,NaN,NaN,NaN,NaN,NaN,NaN,NaN,NaN,NaN,NaN,NaN,NaN,NaN,NaN,NaN,NaN,NaN,NaN,NaN,NaN,NaN,NaN,NaN,NaN,NaN,NaN,NaN,NaN,NaN,NaN,NaN,NaN,NaN,NaN,NaN,NaN,NaN,NaN,NaN,NaN,NaN,NaN,NaN,NaN,NaN,NaN,NaN,NaN,NaN,NaN,NaN,NaN,NaN,NaN,NaN,NaN,NaN,NaN,NaN,NaN,NaN,NaN,-0.0133736397041877,-0.0133663598594628,-0.0136333327597216,-0.0140267221707483,-0.0141795120945918,-0.00471194608836375,NaN,NaN,NaN,NaN,NaN,NaN,NaN,NaN,NaN,NaN,NaN,NaN,NaN,NaN,NaN,NaN,NaN,NaN,NaN,NaN,NaN,NaN,NaN,NaN,NaN,NaN,NaN,NaN,NaN,NaN,NaN,NaN,NaN,-0.00578096874855636,-0.0210816850395719,-0.0223762372125702,-0.0230560847290847,-0.0242016457218307,-0.0253012363120938,-0.0219874829663519,NaN,NaN,NaN,NaN,NaN,NaN,NaN,NaN,NaN,NaN,NaN,-0.0173854344005963,-0.0187961450488935,-0.0207423808548696,-0.0219628688291026,-0.0223198372584352,-0.0224526627385611,-0.0227495197027675,-0.0232381226417437,-0.024070712176489,-0.0249662159888376,NaN,NaN,NaN,NaN,NaN,NaN,NaN,NaN,NaN,NaN,NaN,NaN,NaN,NaN,NaN,NaN,NaN,NaN,NaN,NaN,NaN,NaN,NaN,NaN,NaN,NaN,NaN,NaN,NaN,NaN,NaN,NaN,NaN,NaN,NaN,NaN,NaN,NaN,NaN,NaN,NaN,NaN,NaN,NaN,NaN,NaN,NaN,NaN,NaN,NaN,NaN,NaN,NaN,NaN,NaN,NaN,NaN,NaN,NaN,NaN,NaN,NaN,NaN,NaN,NaN,NaN,NaN,NaN,NaN
NaN,NaN,NaN,NaN,NaN,NaN,NaN,NaN,NaN,NaN,NaN,NaN,NaN,NaN,NaN,NaN,NaN,NaN,NaN,NaN,NaN,NaN,NaN,NaN,NaN,NaN,NaN,NaN,NaN,NaN,NaN,NaN,NaN,NaN,NaN,NaN,NaN,NaN,NaN,NaN,NaN,NaN,NaN,NaN,NaN,NaN,NaN,NaN,NaN,NaN,NaN,NaN,NaN,NaN,NaN,NaN,NaN,NaN,NaN,NaN,NaN,NaN,NaN,NaN,NaN,NaN,NaN,NaN,NaN,NaN,NaN,NaN,NaN,NaN,NaN,NaN,NaN,NaN,NaN,NaN,NaN,NaN,NaN,NaN,NaN,NaN,NaN,NaN,NaN,NaN,NaN,NaN,NaN,NaN,NaN,NaN,NaN,NaN,NaN,NaN,NaN,NaN,NaN,NaN,NaN,NaN,NaN,NaN,NaN,-0.0128334492754685,-0.0141769125020799,-0.0145668438954392,-0.0148978257014719,-0.015013602576754,-0.010709951236456,NaN,NaN,NaN,NaN,NaN,NaN,NaN,NaN,NaN,NaN,NaN,NaN,NaN,NaN,NaN,NaN,NaN,NaN,NaN,NaN,NaN,NaN,NaN,NaN,NaN,NaN,NaN,NaN,NaN,NaN,NaN,NaN,NaN,0.0192554761492391,0.000382514787500979,-0.0223528045077891,-0.023897766346171,-0.0247024863357836,-0.0254467829011189,-0.0256666241485432,NaN,NaN,NaN,NaN,NaN,NaN,NaN,NaN,NaN,NaN,NaN,NaN,NaN,-0.0223000886177911,-0.02272492142608,-0.0229843717848698,-0.0230956039766653,-0.0232005472463027,-0.0234443151702355,-0.0242069908610888,-0.0252206643559463,-0.0257512970694305,-0.0261356848549209,NaN,NaN,NaN,NaN,NaN,NaN,NaN,NaN,NaN,NaN,NaN,NaN,NaN,NaN,NaN,NaN,NaN,NaN,NaN,NaN,NaN,NaN,NaN,NaN,NaN,NaN,NaN,NaN,NaN,NaN,NaN,NaN,NaN,NaN,NaN,NaN,NaN,NaN,NaN,NaN,NaN,NaN,NaN,NaN,NaN,NaN,NaN,NaN,NaN,NaN,NaN,NaN,NaN,NaN,NaN,NaN,NaN,NaN,NaN,NaN,NaN,NaN,NaN,NaN,NaN,NaN,NaN
NaN,NaN,NaN,NaN,NaN,NaN,NaN,NaN,NaN,NaN,NaN,NaN,NaN,NaN,NaN,NaN,NaN,NaN,NaN,NaN,NaN,NaN,NaN,NaN,NaN,NaN,NaN,NaN,NaN,NaN,NaN,NaN,NaN,NaN,NaN,NaN,NaN,NaN,NaN,NaN,NaN,NaN,NaN,NaN,NaN,NaN,NaN,NaN,NaN,NaN,NaN,NaN,NaN,NaN,NaN,NaN,NaN,NaN,NaN,NaN,NaN,NaN,NaN,NaN,NaN,NaN,NaN,NaN,NaN,NaN,NaN,NaN,NaN,NaN,NaN,NaN,NaN,NaN,NaN,NaN,NaN,NaN,NaN,NaN,NaN,NaN,NaN,NaN,NaN,NaN,NaN,NaN,NaN,NaN,NaN,NaN,NaN,NaN,NaN,NaN,NaN,NaN,NaN,NaN,NaN,NaN,NaN,NaN,NaN,NaN,-0.0152509071341727,-0.0152426783227643,-0.0152948798164895,-0.0152493633556792,-0.0149206948879132,NaN,NaN,NaN,NaN,NaN,NaN,NaN,NaN,NaN,NaN,NaN,NaN,NaN,NaN,NaN,NaN,NaN,NaN,NaN,NaN,NaN,NaN,NaN,NaN,NaN,NaN,NaN,NaN,NaN,NaN,NaN,NaN,NaN,0.0297300650661539,0.0161646044295998,-0.0121969408821265,-0.0245956540105871,-0.0251832051614763,-0.0256803996049772,-0.025834490313318,NaN,NaN,NaN,NaN,NaN,NaN,NaN,NaN,NaN,NaN,NaN,NaN,NaN,NaN,-0.0231940120880758,-0.0234479852836578,-0.0234843607719315,-0.0235399144726339,-0.0239128204382285,-0.0243686891216718,-0.0250321380657235,-0.0256598134654644,-0.0263515642230757,-0.0271619142311719,-0.0241594640008459,NaN,NaN,NaN,NaN,NaN,NaN,NaN,NaN,NaN,NaN,NaN,NaN,NaN,NaN,NaN,NaN,NaN,NaN,NaN,NaN,NaN,NaN,NaN,NaN,NaN,NaN,NaN,NaN,NaN,NaN,NaN,NaN,NaN,NaN,NaN,NaN,NaN,NaN,NaN,NaN,NaN,NaN,NaN,NaN,NaN,NaN,NaN,NaN,NaN,NaN,NaN,NaN,NaN,NaN,NaN,NaN,NaN,NaN,NaN,NaN,NaN,NaN,NaN,NaN,NaN
NaN,NaN,NaN,NaN,NaN,NaN,NaN,NaN,NaN,NaN,NaN,NaN,NaN,NaN,NaN,NaN,NaN,NaN,NaN,NaN,NaN,NaN,NaN,NaN,NaN,NaN,NaN,NaN,NaN,NaN,NaN,NaN,NaN,NaN,NaN,NaN,NaN,NaN,NaN,NaN,NaN,NaN,NaN,NaN,NaN,NaN,NaN,NaN,NaN,NaN,NaN,NaN,NaN,NaN,NaN,NaN,NaN,NaN,NaN,NaN,NaN,NaN,NaN,NaN,NaN,NaN,NaN,NaN,NaN,NaN,NaN,NaN,NaN,NaN,NaN,NaN,NaN,NaN,NaN,NaN,NaN,NaN,NaN,NaN,NaN,NaN,NaN,NaN,NaN,NaN,NaN,NaN,NaN,NaN,NaN,NaN,NaN,NaN,NaN,NaN,NaN,NaN,NaN,NaN,NaN,NaN,NaN,NaN,NaN,NaN,-0.0164040820506946,-0.0160280051620296,-0.0153705857074671,NaN,NaN,NaN,NaN,NaN,NaN,NaN,NaN,NaN,NaN,NaN,NaN,NaN,NaN,NaN,NaN,NaN,NaN,NaN,NaN,NaN,NaN,NaN,NaN,NaN,NaN,NaN,NaN,NaN,NaN,NaN,NaN,NaN,NaN,NaN,0.0346187380643728,0.0296995265622549,0.01595200012551,NaN,-0.0257930675380512,-0.0258125612888705,-0.0257449544614056,NaN,NaN,NaN,NaN,NaN,NaN,NaN,NaN,NaN,NaN,NaN,NaN,NaN,NaN,-0.0235619831470509,-0.0236637908044702,-0.0236257691427477,-0.0237120207652282,-0.023887834892177,-0.0243587878036406,-0.0251325761856592,-0.0258967897118796,-0.0266246040369857,-0.0277096944980538,-0.0289348016239092,NaN,NaN,NaN,NaN,NaN,NaN,NaN,NaN,NaN,NaN,NaN,NaN,NaN,NaN,NaN,NaN,NaN,NaN,NaN,NaN,NaN,NaN,NaN,NaN,NaN,NaN,NaN,NaN,NaN,NaN,NaN,NaN,NaN,NaN,NaN,NaN,NaN,NaN,NaN,NaN,NaN,NaN,NaN,NaN,NaN,NaN,NaN,NaN,NaN,NaN,NaN,NaN,NaN,NaN,NaN,NaN,NaN,NaN,NaN,NaN,NaN,NaN,NaN,NaN,NaN
NaN,NaN,NaN,NaN,NaN,NaN,NaN,NaN,NaN,NaN,NaN,NaN,NaN,NaN,NaN,NaN,NaN,NaN,NaN,NaN,NaN,NaN,NaN,NaN,NaN,NaN,NaN,NaN,NaN,NaN,NaN,NaN,NaN,NaN,NaN,NaN,NaN,NaN,NaN,NaN,NaN,NaN,NaN,NaN,NaN,NaN,NaN,NaN,NaN,NaN,NaN,NaN,NaN,NaN,NaN,NaN,NaN,NaN,NaN,NaN,NaN,NaN,NaN,NaN,NaN,NaN,NaN,NaN,NaN,NaN,NaN,NaN,NaN,NaN,NaN,NaN,NaN,NaN,NaN,NaN,NaN,NaN,NaN,NaN,NaN,NaN,NaN,NaN,NaN,NaN,NaN,NaN,NaN,NaN,NaN,NaN,NaN,NaN,NaN,NaN,NaN,NaN,NaN,NaN,NaN,NaN,NaN,NaN,NaN,NaN,-0.0178677373373002,-0.0173631399936959,NaN,NaN,NaN,NaN,NaN,NaN,NaN,NaN,NaN,NaN,NaN,NaN,NaN,NaN,NaN,NaN,NaN,NaN,NaN,NaN,NaN,NaN,NaN,NaN,NaN,NaN,NaN,NaN,NaN,NaN,NaN,NaN,NaN,NaN,NaN,NaN,NaN,NaN,NaN,NaN,-0.0260071510995607,-0.0259427861361301,-0.0259129752588673,-0.0258967578109716,NaN,NaN,NaN,NaN,NaN,NaN,NaN,NaN,NaN,NaN,NaN,NaN,NaN,NaN,NaN,-0.0238000826017251,-0.0238740358839836,-0.02411909593751,-0.0246193663931739,-0.0253653113167042,-0.026140204706379,-0.0270333683589764,-0.0284701038226309,-0.0299911321762629,-0.0311064070749108,NaN,NaN,NaN,NaN,NaN,NaN,NaN,NaN,NaN,NaN,NaN,NaN,NaN,NaN,NaN,NaN,NaN,NaN,NaN,NaN,NaN,NaN,NaN,NaN,NaN,NaN,NaN,NaN,NaN,NaN,NaN,NaN,NaN,NaN,NaN,NaN,NaN,NaN,NaN,NaN,NaN,NaN,NaN,NaN,NaN,NaN,NaN,NaN,NaN,NaN,NaN,NaN,NaN,NaN,NaN,NaN,NaN,NaN,NaN,NaN,NaN,NaN,NaN,NaN
NaN,NaN,NaN,NaN,NaN,NaN,NaN,NaN,NaN,NaN,NaN,NaN,NaN,NaN,NaN,NaN,NaN,NaN,NaN,NaN,NaN,NaN,NaN,NaN,NaN,NaN,NaN,NaN,NaN,NaN,NaN,NaN,NaN,NaN,NaN,NaN,NaN,NaN,NaN,NaN,NaN,NaN,NaN,NaN,NaN,NaN,NaN,NaN,NaN,NaN,NaN,NaN,NaN,NaN,NaN,NaN,NaN,NaN,NaN,NaN,NaN,NaN,NaN,NaN,NaN,NaN,NaN,NaN,NaN,NaN,NaN,NaN,NaN,NaN,NaN,NaN,NaN,NaN,NaN,NaN,NaN,NaN,NaN,NaN,NaN,NaN,NaN,NaN,NaN,NaN,NaN,NaN,NaN,NaN,NaN,NaN,NaN,NaN,NaN,NaN,NaN,NaN,NaN,NaN,NaN,NaN,NaN,NaN,NaN,NaN,-0.0198935301505277,-0.0198468982895535,-0.0205523692561285,NaN,NaN,NaN,NaN,NaN,NaN,NaN,NaN,NaN,NaN,NaN,NaN,NaN,NaN,NaN,NaN,NaN,NaN,NaN,NaN,NaN,NaN,NaN,NaN,NaN,NaN,NaN,NaN,NaN,NaN,NaN,NaN,NaN,NaN,NaN,NaN,NaN,NaN,NaN,-0.0152505256025602,-0.0262097209631908,-0.0261837172653955,-0.0263491148093399,NaN,NaN,NaN,NaN,NaN,NaN,NaN,NaN,NaN,NaN,NaN,NaN,NaN,NaN,NaN,NaN,-0.0236460491647393,-0.024229594129804,-0.0252659538081873,-0.0260716777853932,-0.0269729711809421,-0.028265721384284,-0.0296205934781403,-0.030880556849931,-0.0318779552726919,-0.032780414653557,NaN,NaN,NaN,NaN,NaN,NaN,NaN,NaN,NaN,NaN,NaN,NaN,NaN,NaN,NaN,NaN,NaN,NaN,NaN,NaN,NaN,NaN,NaN,NaN,NaN,NaN,NaN,NaN,NaN,NaN,NaN,NaN,NaN,NaN,NaN,NaN,NaN,NaN,NaN,NaN,NaN,NaN,NaN,NaN,NaN,NaN,NaN,NaN,NaN,NaN,NaN,NaN,NaN,NaN,NaN,NaN,NaN,NaN,NaN,NaN,NaN,NaN,NaN
NaN,NaN,NaN,NaN,NaN,NaN,NaN,NaN,NaN,NaN,NaN,NaN,NaN,NaN,NaN,NaN,NaN,NaN,NaN,NaN,NaN,NaN,NaN,NaN,NaN,NaN,NaN,NaN,NaN,NaN,NaN,NaN,NaN,NaN,NaN,NaN,NaN,NaN,NaN,NaN,NaN,NaN,NaN,NaN,NaN,NaN,NaN,NaN,NaN,NaN,NaN,NaN,NaN,NaN,NaN,NaN,NaN,NaN,NaN,NaN,NaN,NaN,NaN,NaN,NaN,NaN,NaN,NaN,NaN,NaN,NaN,NaN,NaN,NaN,NaN,NaN,NaN,NaN,NaN,NaN,NaN,NaN,NaN,NaN,NaN,NaN,NaN,NaN,NaN,NaN,NaN,NaN,NaN,NaN,NaN,NaN,NaN,NaN,NaN,NaN,NaN,NaN,NaN,NaN,NaN,NaN,NaN,NaN,NaN,NaN,-0.0213580833131129,-0.021443955937166,-0.0215505287215209,NaN,NaN,NaN,NaN,NaN,NaN,NaN,NaN,NaN,NaN,NaN,NaN,NaN,NaN,NaN,NaN,NaN,NaN,NaN,NaN,NaN,NaN,NaN,NaN,NaN,NaN,NaN,NaN,NaN,NaN,NaN,NaN,NaN,NaN,NaN,NaN,NaN,NaN,NaN,NaN,-0.0264136459304741,-0.027014539222293,-0.0283009928752158,NaN,NaN,NaN,NaN,NaN,NaN,NaN,NaN,NaN,NaN,NaN,NaN,NaN,NaN,NaN,NaN,NaN,NaN,-0.026238735234469,-0.0269736497934821,-0.0283677604937684,-0.029491191339824,-0.030354781622181,-0.0313885349655493,-0.0323972157980766,-0.0333450851630387,NaN,NaN,NaN,NaN,NaN,NaN,NaN,NaN,NaN,NaN,NaN,NaN,NaN,NaN,NaN,NaN,NaN,NaN,NaN,NaN,NaN,NaN,NaN,NaN,NaN,NaN,NaN,NaN,NaN,NaN,NaN,NaN,NaN,NaN,NaN,NaN,NaN,NaN,NaN,NaN,NaN,NaN,NaN,NaN,NaN,NaN,NaN,NaN,NaN,NaN,NaN,NaN,NaN,NaN,NaN,NaN,NaN,NaN,NaN,NaN,NaN,NaN,NaN
NaN,NaN,NaN,NaN,NaN,NaN,NaN,NaN,NaN,NaN,NaN,NaN,NaN,NaN,NaN,NaN,NaN,NaN,NaN,NaN,NaN,NaN,NaN,NaN,NaN,NaN,NaN,NaN,NaN,NaN,NaN,NaN,NaN,NaN,NaN,NaN,NaN,NaN,NaN,NaN,NaN,NaN,NaN,NaN,NaN,NaN,NaN,NaN,NaN,NaN,NaN,NaN,NaN,NaN,NaN,NaN,NaN,NaN,NaN,NaN,NaN,NaN,NaN,NaN,NaN,NaN,NaN,NaN,NaN,NaN,NaN,NaN,NaN,NaN,NaN,NaN,NaN,NaN,NaN,NaN,NaN,NaN,NaN,NaN,NaN,NaN,NaN,NaN,NaN,NaN,NaN,NaN,NaN,NaN,NaN,NaN,NaN,NaN,NaN,NaN,NaN,NaN,NaN,NaN,NaN,NaN,NaN,NaN,NaN,NaN,-0.0222663976041989,-0.0223952212426673,-0.0224645845185407,NaN,NaN,NaN,NaN,NaN,NaN,NaN,NaN,NaN,NaN,NaN,NaN,NaN,NaN,NaN,NaN,NaN,NaN,NaN,NaN,NaN,NaN,NaN,NaN,NaN,NaN,NaN,NaN,NaN,NaN,NaN,NaN,NaN,NaN,NaN,NaN,NaN,NaN,NaN,NaN,NaN,-0.0291049621098238,-0.0297766313269062,-0.0297436193476677,NaN,NaN,NaN,NaN,NaN,NaN,NaN,NaN,NaN,NaN,NaN,NaN,NaN,NaN,NaN,NaN,NaN,NaN,-0.0182164694171644,-0.0299250396080469,-0.0308780252121339,-0.0314818045310402,-0.0321913477798935,-0.0329682135035082,-0.0335911294978914,NaN,NaN,NaN,NaN,NaN,NaN,NaN,NaN,NaN,NaN,NaN,NaN,NaN,NaN,NaN,NaN,NaN,NaN,NaN,NaN,NaN,NaN,NaN,NaN,NaN,NaN,NaN,NaN,NaN,NaN,NaN,NaN,NaN,NaN,NaN,NaN,NaN,NaN,NaN,NaN,NaN,NaN,NaN,NaN,NaN,NaN,NaN,NaN,NaN,NaN,NaN,NaN,NaN,NaN,NaN,NaN,NaN,NaN,NaN,NaN,NaN,NaN,NaN
NaN,NaN,NaN,NaN,NaN,NaN,NaN,NaN,NaN,NaN,NaN,NaN,NaN,NaN,NaN,NaN,NaN,NaN,NaN,NaN,NaN,NaN,NaN,NaN,NaN,NaN,NaN,NaN,NaN,NaN,NaN,NaN,NaN,NaN,NaN,NaN,NaN,NaN,NaN,NaN,NaN,NaN,NaN,NaN,NaN,NaN,NaN,NaN,NaN,NaN,NaN,NaN,NaN,NaN,NaN,NaN,NaN,NaN,NaN,NaN,NaN,NaN,NaN,NaN,NaN,NaN,NaN,NaN,NaN,NaN,NaN,NaN,NaN,NaN,NaN,NaN,NaN,NaN,NaN,NaN,NaN,NaN,NaN,NaN,NaN,NaN,NaN,NaN,NaN,NaN,NaN,NaN,NaN,NaN,NaN,NaN,NaN,NaN,NaN,NaN,NaN,NaN,NaN,NaN,0.0146500299411367,-0.0176263196175919,NaN,NaN,-0.0288046274165899,-0.0207631190953308,-0.0244366603860814,-0.0238727018370029,-0.0233591582672341,NaN,NaN,NaN,NaN,NaN,NaN,NaN,NaN,NaN,NaN,NaN,NaN,NaN,NaN,NaN,NaN,NaN,NaN,NaN,NaN,NaN,NaN,NaN,NaN,NaN,NaN,NaN,NaN,NaN,NaN,NaN,NaN,NaN,NaN,NaN,NaN,NaN,NaN,NaN,NaN,-0.0267260023210393,-0.0297717109951121,-0.0298809833113002,-0.0301484544069925,NaN,NaN,NaN,NaN,NaN,NaN,NaN,NaN,NaN,NaN,NaN,NaN,NaN,NaN,NaN,NaN,NaN,NaN,NaN,-0.0207845183710464,-0.03242015632763,-0.0331463611607616,-0.033498010285512,-0.0343319142203275,-0.0352482742928788,-0.0369225596329968,-0.0378557290930956,NaN,NaN,NaN,NaN,NaN,NaN,NaN,NaN,NaN,NaN,NaN,NaN,NaN,NaN,NaN,NaN,NaN,NaN,NaN,NaN,NaN,NaN,NaN,NaN,NaN,NaN,NaN,NaN,NaN,NaN,NaN,NaN,NaN,NaN,NaN,NaN,NaN,NaN,NaN,NaN,NaN,NaN,NaN,NaN,NaN,NaN,NaN,NaN,NaN,NaN,NaN,NaN,NaN,NaN,NaN,NaN,NaN,NaN,NaN,NaN,NaN
NaN,NaN,NaN,NaN,NaN,NaN,NaN,NaN,NaN,NaN,NaN,NaN,NaN,NaN,NaN,NaN,NaN,NaN,NaN,NaN,NaN,NaN,NaN,NaN,NaN,NaN,NaN,NaN,NaN,NaN,NaN,NaN,NaN,NaN,NaN,NaN,NaN,NaN,NaN,NaN,NaN,NaN,NaN,NaN,NaN,NaN,NaN,NaN,NaN,NaN,NaN,NaN,NaN,NaN,NaN,NaN,NaN,NaN,NaN,NaN,NaN,NaN,NaN,NaN,NaN,NaN,NaN,NaN,NaN,NaN,NaN,NaN,NaN,NaN,NaN,NaN,NaN,NaN,NaN,NaN,NaN,NaN,NaN,NaN,NaN,NaN,NaN,NaN,NaN,NaN,NaN,NaN,NaN,NaN,NaN,NaN,NaN,NaN,NaN,NaN,NaN,NaN,NaN,NaN,-0.0276013613809658,-0.0363494446803921,NaN,-0.0299857917447284,-0.0294219365708441,-0.0283883400771188,-0.0270312191881988,-0.0260619097959954,-0.0252091578189473,NaN,NaN,NaN,NaN,NaN,NaN,NaN,NaN,NaN,NaN,NaN,NaN,NaN,NaN,NaN,NaN,NaN,NaN,NaN,NaN,NaN,NaN,NaN,NaN,NaN,NaN,NaN,NaN,NaN,NaN,NaN,NaN,NaN,NaN,NaN,NaN,NaN,NaN,NaN,NaN,-0.0299876473105956,-0.030066218560452,-0.030001970219443,-0.0258141510315951,NaN,NaN,NaN,NaN,NaN,NaN,NaN,NaN,NaN,NaN,NaN,NaN,NaN,NaN,NaN,NaN,NaN,NaN,NaN,NaN,NaN,-0.0345109415000431,-0.0352646192121926,-0.0356883884713552,-0.0369487003883741,-0.0382237563512007,-0.0392612566324841,NaN,NaN,NaN,NaN,NaN,NaN,NaN,NaN,NaN,NaN,NaN,NaN,NaN,NaN,NaN,NaN,NaN,NaN,NaN,NaN,NaN,NaN,NaN,NaN,NaN,NaN,NaN,NaN,NaN,NaN,NaN,NaN,NaN,NaN,NaN,NaN,NaN,NaN,NaN,NaN,NaN,NaN,NaN,NaN,NaN,NaN,NaN,NaN,NaN,NaN,NaN,NaN,NaN,NaN,NaN,NaN,NaN,NaN,NaN,NaN,NaN
NaN,NaN,NaN,NaN,NaN,NaN,NaN,NaN,NaN,NaN,NaN,NaN,NaN,NaN,NaN,NaN,NaN,NaN,NaN,NaN,NaN,NaN,NaN,NaN,NaN,NaN,NaN,NaN,NaN,NaN,NaN,NaN,NaN,NaN,NaN,NaN,NaN,NaN,NaN,NaN,NaN,NaN,NaN,NaN,NaN,NaN,NaN,NaN,NaN,NaN,NaN,NaN,NaN,NaN,NaN,NaN,NaN,NaN,NaN,NaN,NaN,NaN,NaN,NaN,NaN,NaN,NaN,NaN,NaN,NaN,NaN,NaN,NaN,NaN,NaN,NaN,NaN,NaN,NaN,NaN,NaN,NaN,NaN,NaN,NaN,NaN,NaN,NaN,NaN,NaN,NaN,NaN,NaN,NaN,NaN,NaN,NaN,NaN,NaN,NaN,NaN,NaN,NaN,NaN,-0.0365121242472421,-0.0359278676113087,-0.0336446325921986,-0.031401443917515,-0.0299940948341566,-0.0288916552218,-0.0280926254099247,-0.027357955092775,-0.0271665881018421,NaN,NaN,NaN,NaN,NaN,NaN,NaN,NaN,NaN,NaN,NaN,NaN,NaN,NaN,NaN,NaN,NaN,NaN,NaN,NaN,NaN,NaN,NaN,NaN,NaN,NaN,NaN,NaN,NaN,NaN,NaN,NaN,NaN,NaN,NaN,NaN,NaN,NaN,NaN,NaN,-0.0260816269570212,-0.0302628114095851,-0.0262807807847476,NaN,NaN,NaN,NaN,NaN,NaN,NaN,NaN,NaN,NaN,NaN,NaN,NaN,NaN,NaN,NaN,NaN,NaN,NaN,NaN,NaN,NaN,NaN,-0.0365770017221518,-0.0370464720607818,-0.0377526369996537,-0.0390907834415534,-0.0403206730274069,NaN,NaN,NaN,NaN,NaN,NaN,NaN,NaN,NaN,NaN,NaN,NaN,NaN,NaN,NaN,NaN,NaN,NaN,NaN,NaN,NaN,NaN,NaN,NaN,NaN,NaN,NaN,NaN,NaN,NaN,NaN,NaN,NaN,NaN,NaN,NaN,NaN,NaN,NaN,NaN,NaN,NaN,NaN,NaN,NaN,NaN,NaN,NaN,NaN,NaN,NaN,NaN,NaN,NaN,NaN,NaN,NaN,NaN,NaN,NaN,NaN
NaN,NaN,NaN,NaN,NaN,NaN,NaN,NaN,NaN,NaN,NaN,NaN,NaN,NaN,NaN,NaN,NaN,NaN,NaN,NaN,NaN,NaN,NaN,NaN,NaN,NaN,NaN,NaN,NaN,NaN,NaN,NaN,NaN,NaN,NaN,NaN,NaN,NaN,NaN,NaN,NaN,NaN,NaN,NaN,NaN,NaN,NaN,NaN,NaN,NaN,NaN,NaN,NaN,NaN,NaN,NaN,NaN,NaN,NaN,NaN,NaN,NaN,NaN,NaN,NaN,NaN,NaN,NaN,NaN,NaN,NaN,NaN,NaN,NaN,NaN,NaN,NaN,NaN,NaN,NaN,NaN,NaN,NaN,NaN,NaN,NaN,NaN,NaN,NaN,NaN,NaN,NaN,NaN,NaN,NaN,NaN,NaN,NaN,NaN,NaN,NaN,NaN,NaN,-0.0318086075590475,-0.0373148381688709,-0.0358425425468665,-0.0339473036580323,-0.0317497610614708,-0.0301930565006106,-0.0293996271783246,-0.0287972444160331,-0.0209834615885726,-0.0264929618169222,NaN,NaN,NaN,NaN,NaN,NaN,NaN,NaN,NaN,NaN,NaN,NaN,NaN,NaN,NaN,NaN,NaN,NaN,NaN,NaN,NaN,NaN,NaN,NaN,NaN,NaN,NaN,NaN,NaN,NaN,NaN,NaN,NaN,NaN,NaN,NaN,NaN,NaN,NaN,NaN,-0.0263033119896067,-0.0310359230838941,-0.0308699596524064,NaN,NaN,NaN,NaN,NaN,NaN,NaN,NaN,NaN,NaN,NaN,NaN,NaN,NaN,NaN,NaN,NaN,NaN,NaN,NaN,NaN,NaN,NaN,NaN,-0.0379936642020553,-0.0384076771721343,-0.0400289907589416,-0.0409734411194549,NaN,NaN,NaN,NaN,NaN,NaN,NaN,NaN,NaN,NaN,NaN,NaN,NaN,NaN,NaN,NaN,NaN,NaN,NaN,NaN,NaN,NaN,NaN,NaN,NaN,NaN,NaN,NaN,NaN,NaN,NaN,NaN,NaN,NaN,NaN,NaN,NaN,NaN,NaN,NaN,NaN,NaN,NaN,NaN,NaN,NaN,NaN,NaN,NaN,NaN,NaN,NaN,NaN,NaN,NaN,NaN,NaN,NaN,NaN,NaN,NaN
NaN,NaN,NaN,NaN,NaN,NaN,NaN,NaN,NaN,NaN,NaN,NaN,NaN,NaN,NaN,NaN,NaN,NaN,NaN,NaN,NaN,NaN,NaN,NaN,NaN,NaN,NaN,NaN,NaN,NaN,NaN,NaN,NaN,NaN,NaN,NaN,NaN,NaN,NaN,NaN,NaN,NaN,NaN,NaN,NaN,NaN,NaN,NaN,NaN,NaN,NaN,NaN,NaN,NaN,NaN,NaN,NaN,NaN,NaN,NaN,NaN,NaN,NaN,NaN,NaN,NaN,NaN,NaN,NaN,NaN,NaN,NaN,NaN,NaN,NaN,NaN,NaN,NaN,NaN,NaN,NaN,NaN,NaN,NaN,NaN,NaN,NaN,NaN,NaN,NaN,NaN,NaN,NaN,NaN,NaN,NaN,NaN,NaN,NaN,NaN,NaN,NaN,NaN,-0.0395436372598732,-0.038807012748494,-0.0359676549875074,NaN,NaN,NaN,-0.0289505668052193,-0.0280655653171807,NaN,NaN,NaN,NaN,NaN,NaN,NaN,NaN,NaN,NaN,NaN,NaN,NaN,NaN,NaN,NaN,NaN,NaN,NaN,NaN,NaN,NaN,NaN,NaN,NaN,NaN,NaN,NaN,NaN,NaN,NaN,NaN,NaN,NaN,NaN,NaN,NaN,NaN,NaN,NaN,NaN,NaN,-0.0307474582807139,-0.0316189806099147,-0.0317490452479811,NaN,NaN,NaN,NaN,NaN,NaN,NaN,NaN,NaN,NaN,NaN,NaN,NaN,NaN,NaN,NaN,NaN,NaN,NaN,NaN,NaN,NaN,NaN,NaN,NaN,-0.0398906672118698,-0.0417038391395695,-0.0429108372029532,-0.0435764363638276,NaN,NaN,NaN,NaN,NaN,NaN,NaN,NaN,NaN,NaN,NaN,NaN,NaN,NaN,NaN,NaN,NaN,NaN,NaN,NaN,NaN,NaN,NaN,NaN,NaN,NaN,NaN,NaN,NaN,NaN,NaN,NaN,NaN,NaN,NaN,NaN,NaN,NaN,NaN,NaN,NaN,NaN,NaN,NaN,NaN,NaN,NaN,NaN,NaN,NaN,NaN,NaN,NaN,NaN,NaN,NaN,NaN,NaN,NaN,NaN
NaN,NaN,NaN,NaN,NaN,NaN,NaN,NaN,NaN,NaN,NaN,NaN,NaN,NaN,NaN,NaN,NaN,NaN,NaN,NaN,NaN,NaN,NaN,NaN,NaN,NaN,NaN,NaN,NaN,NaN,NaN,NaN,NaN,NaN,NaN,NaN,NaN,NaN,NaN,NaN,NaN,NaN,NaN,NaN,NaN,NaN,NaN,NaN,NaN,NaN,NaN,NaN,NaN,NaN,NaN,NaN,NaN,NaN,NaN,NaN,NaN,NaN,NaN,NaN,NaN,NaN,NaN,NaN,NaN,NaN,NaN,NaN,NaN,NaN,NaN,NaN,NaN,NaN,NaN,NaN,NaN,NaN,NaN,NaN,NaN,NaN,NaN,NaN,NaN,NaN,NaN,NaN,NaN,NaN,NaN,NaN,NaN,NaN,NaN,NaN,NaN,NaN,NaN,-0.0403175984679555,-0.0400577085313356,-0.0392806232025932,NaN,NaN,NaN,NaN,NaN,NaN,NaN,NaN,NaN,NaN,NaN,NaN,NaN,NaN,NaN,NaN,NaN,NaN,NaN,NaN,NaN,NaN,NaN,NaN,NaN,NaN,NaN,NaN,NaN,NaN,NaN,NaN,NaN,NaN,NaN,NaN,NaN,NaN,NaN,NaN,NaN,NaN,NaN,NaN,NaN,NaN,NaN,-0.0321893478942675,-0.0317725182820445,NaN,NaN,NaN,NaN,NaN,NaN,NaN,NaN,NaN,NaN,NaN,NaN,NaN,NaN,NaN,NaN,NaN,NaN,NaN,NaN,NaN,NaN,NaN,NaN,NaN,NaN,-0.0423266223070865,-0.0436717689438539,-0.0447318059497641,-0.0446555143861535,-0.0457712903853053,-0.0467267800877396,NaN,NaN,NaN,NaN,NaN,NaN,NaN,NaN,NaN,NaN,NaN,NaN,NaN,NaN,NaN,NaN,NaN,NaN,NaN,NaN,NaN,NaN,NaN,NaN,NaN,NaN,NaN,NaN,NaN,NaN,NaN,NaN,NaN,NaN,NaN,NaN,NaN,NaN,NaN,NaN,NaN,NaN,NaN,NaN,NaN,NaN,NaN,NaN,NaN,NaN,NaN,NaN,NaN,NaN,NaN,NaN,NaN,NaN
NaN,NaN,NaN,NaN,NaN,NaN,NaN,NaN,NaN,NaN,NaN,NaN,NaN,NaN,NaN,NaN,NaN,NaN,NaN,NaN,NaN,NaN,NaN,NaN,NaN,NaN,NaN,NaN,NaN,NaN,NaN,NaN,NaN,NaN,NaN,NaN,NaN,NaN,NaN,NaN,NaN,NaN,NaN,NaN,NaN,NaN,NaN,NaN,NaN,NaN,NaN,NaN,NaN,NaN,NaN,NaN,NaN,NaN,NaN,NaN,NaN,NaN,NaN,NaN,NaN,NaN,NaN,NaN,NaN,NaN,NaN,NaN,NaN,NaN,NaN,NaN,NaN,NaN,NaN,NaN,NaN,NaN,NaN,NaN,NaN,NaN,NaN,NaN,NaN,NaN,NaN,NaN,NaN,NaN,NaN,NaN,NaN,NaN,NaN,NaN,NaN,-0.0343121550795086,-0.0415293818243045,-0.0424987019130327,-0.0414429621839481,-0.0131545509006439,NaN,NaN,NaN,NaN,NaN,NaN,NaN,NaN,NaN,NaN,NaN,NaN,NaN,NaN,NaN,NaN,NaN,NaN,NaN,NaN,NaN,NaN,NaN,NaN,NaN,NaN,NaN,NaN,NaN,NaN,NaN,NaN,NaN,NaN,NaN,NaN,NaN,NaN,NaN,NaN,NaN,NaN,NaN,NaN,NaN,NaN,NaN,-0.0324474074116295,-0.0322960764359347,-0.0300910223534824,NaN,NaN,NaN,NaN,NaN,NaN,NaN,NaN,NaN,NaN,NaN,NaN,NaN,NaN,NaN,NaN,NaN,NaN,NaN,NaN,NaN,NaN,NaN,NaN,NaN,NaN,-0.0446588486825327,-0.0455687545667678,-0.045956489104727,-0.0463934854855267,-0.0462482450305587,-0.045582914333519,-0.0456543830609408,-0.0458679801176067,-0.0458981933591819,-0.0460016780654348,-0.0279941533434491,NaN,NaN,NaN,NaN,NaN,NaN,NaN,NaN,NaN,NaN,NaN,NaN,NaN,NaN,NaN,NaN,NaN,NaN,NaN,NaN,NaN,NaN,NaN,NaN,NaN,NaN,NaN,NaN,NaN,NaN,NaN,NaN,NaN,NaN,NaN,NaN,NaN,NaN,NaN,NaN,NaN,NaN,NaN,NaN,NaN,NaN,NaN,NaN,NaN,NaN,NaN,NaN
NaN,NaN,NaN,NaN,NaN,NaN,NaN,NaN,NaN,NaN,NaN,NaN,NaN,NaN,NaN,NaN,NaN,NaN,NaN,NaN,NaN,NaN,NaN,NaN,NaN,NaN,NaN,NaN,NaN,NaN,NaN,NaN,NaN,NaN,NaN,NaN,NaN,NaN,NaN,NaN,NaN,NaN,NaN,NaN,NaN,NaN,NaN,NaN,NaN,NaN,NaN,NaN,NaN,NaN,NaN,NaN,NaN,NaN,NaN,NaN,NaN,NaN,NaN,NaN,NaN,NaN,NaN,NaN,NaN,NaN,NaN,NaN,NaN,NaN,NaN,NaN,NaN,NaN,NaN,NaN,NaN,NaN,NaN,NaN,NaN,NaN,NaN,NaN,NaN,NaN,NaN,NaN,NaN,NaN,NaN,NaN,NaN,NaN,NaN,NaN,NaN,-0.0469601776321052,-0.0458018026114306,-0.0438916408353847,-0.0306538363944719,NaN,NaN,NaN,NaN,NaN,NaN,NaN,NaN,NaN,NaN,NaN,NaN,NaN,NaN,NaN,NaN,NaN,NaN,NaN,NaN,NaN,NaN,NaN,NaN,NaN,NaN,NaN,NaN,NaN,NaN,NaN,NaN,NaN,NaN,NaN,NaN,NaN,NaN,NaN,NaN,NaN,NaN,NaN,NaN,NaN,NaN,NaN,NaN,NaN,-0.0299189808503639,0.00050757582008808,NaN,NaN,NaN,NaN,NaN,NaN,NaN,NaN,NaN,NaN,NaN,NaN,NaN,NaN,NaN,NaN,NaN,NaN,NaN,NaN,NaN,NaN,NaN,NaN,NaN,NaN,NaN,-0.0461084152563512,-0.0464070679908839,-0.0468092224692696,-0.0466566034941868,-0.0462288741533056,-0.0460590783368012,-0.0459876766969814,-0.0460047985442741,-0.0461351083367219,-0.0464648129651458,NaN,NaN,NaN,NaN,NaN,NaN,NaN,NaN,NaN,NaN,NaN,NaN,NaN,NaN,NaN,NaN,NaN,NaN,NaN,NaN,NaN,NaN,NaN,NaN,NaN,NaN,NaN,NaN,NaN,NaN,NaN,NaN,NaN,NaN,NaN,NaN,NaN,NaN,NaN,NaN,NaN,NaN,NaN,NaN,NaN,NaN,NaN,NaN,NaN,NaN,NaN,NaN
NaN,NaN,NaN,NaN,NaN,NaN,NaN,NaN,NaN,NaN,NaN,NaN,NaN,NaN,NaN,NaN,NaN,NaN,NaN,NaN,NaN,NaN,NaN,NaN,NaN,NaN,NaN,NaN,NaN,NaN,NaN,NaN,NaN,NaN,NaN,NaN,NaN,NaN,NaN,NaN,NaN,NaN,NaN,NaN,NaN,NaN,NaN,NaN,NaN,NaN,NaN,NaN,NaN,NaN,NaN,NaN,NaN,NaN,NaN,NaN,NaN,NaN,NaN,NaN,NaN,NaN,NaN,NaN,NaN,NaN,NaN,NaN,NaN,NaN,NaN,NaN,NaN,NaN,NaN,NaN,NaN,NaN,NaN,NaN,NaN,NaN,NaN,NaN,NaN,NaN,NaN,NaN,NaN,NaN,NaN,NaN,NaN,NaN,NaN,NaN,-0.0481334124078295,-0.0476128410147377,-0.0470152869952929,NaN,NaN,NaN,NaN,NaN,NaN,NaN,NaN,NaN,NaN,NaN,NaN,NaN,NaN,NaN,NaN,NaN,NaN,NaN,NaN,NaN,NaN,NaN,NaN,NaN,NaN,NaN,NaN,NaN,NaN,NaN,NaN,NaN,NaN,NaN,NaN,NaN,NaN,NaN,NaN,NaN,NaN,NaN,NaN,NaN,NaN,NaN,NaN,NaN,NaN,NaN,-0.000702669540341316,-0.00270604100424664,-0.00434209573889454,-0.00586570416424126,NaN,NaN,NaN,NaN,NaN,NaN,NaN,NaN,NaN,NaN,NaN,NaN,NaN,NaN,NaN,NaN,NaN,NaN,NaN,NaN,NaN,NaN,NaN,NaN,NaN,NaN,-0.0468835181077316,-0.0470837957089839,-0.0468416895447733,-0.0463816455583979,-0.0458414583457718,-0.0455255645194169,-0.0456575100427949,-0.0458326018956073,-0.0462857967163442,-0.0464198387387038,NaN,NaN,NaN,NaN,NaN,NaN,NaN,NaN,NaN,NaN,NaN,NaN,NaN,NaN,NaN,NaN,NaN,NaN,NaN,NaN,NaN,NaN,NaN,NaN,NaN,NaN,NaN,NaN,NaN,NaN,NaN,NaN,NaN,NaN,NaN,NaN,NaN,NaN,NaN,NaN,NaN,NaN,NaN,NaN,NaN,NaN,NaN,NaN,NaN,NaN,NaN
NaN,NaN,NaN,NaN,NaN,NaN,NaN,NaN,NaN,NaN,NaN,NaN,NaN,NaN,NaN,NaN,NaN,NaN,NaN,NaN,NaN,NaN,NaN,NaN,NaN,NaN,NaN,NaN,NaN,NaN,NaN,NaN,NaN,NaN,NaN,NaN,NaN,NaN,NaN,NaN,NaN,NaN,NaN,NaN,NaN,NaN,NaN,NaN,NaN,NaN,NaN,NaN,NaN,NaN,NaN,NaN,NaN,NaN,NaN,NaN,NaN,NaN,NaN,NaN,NaN,NaN,NaN,NaN,NaN,NaN,NaN,NaN,NaN,NaN,NaN,NaN,NaN,NaN,NaN,NaN,NaN,NaN,NaN,NaN,NaN,NaN,NaN,NaN,NaN,NaN,NaN,NaN,NaN,NaN,NaN,NaN,NaN,NaN,NaN,-0.0396855688491701,-0.0490765053542476,-0.0483990561135969,-0.0449051793357047,NaN,NaN,NaN,NaN,NaN,NaN,NaN,NaN,NaN,NaN,NaN,NaN,NaN,NaN,NaN,NaN,NaN,NaN,NaN,NaN,NaN,NaN,NaN,NaN,NaN,NaN,NaN,NaN,NaN,NaN,NaN,NaN,NaN,NaN,NaN,NaN,NaN,NaN,NaN,NaN,NaN,NaN,NaN,NaN,NaN,NaN,NaN,NaN,NaN,NaN,NaN,0.0199756723902369,-0.0049446984810147,-0.00517744220674319,-0.00576755384774011,-0.00610918499399805,NaN,NaN,NaN,NaN,NaN,NaN,NaN,NaN,NaN,NaN,NaN,NaN,NaN,NaN,NaN,NaN,NaN,NaN,NaN,NaN,NaN,NaN,NaN,NaN,NaN,NaN,NaN,NaN,NaN,NaN,-0.0452111825608375,-0.0453397085303293,-0.0455429167741749,-0.0460972867980074,-0.0468122653655209,NaN,NaN,NaN,NaN,NaN,NaN,NaN,NaN,NaN,NaN,NaN,NaN,NaN,NaN,NaN,NaN,NaN,NaN,NaN,NaN,NaN,NaN,NaN,NaN,NaN,NaN,NaN,NaN,NaN,NaN,NaN,NaN,NaN,NaN,NaN,NaN,NaN,NaN,NaN,NaN,NaN,NaN,NaN,NaN,NaN,NaN,NaN,NaN,NaN,NaN,NaN
NaN,NaN,NaN,NaN,NaN,NaN,NaN,NaN,NaN,NaN,NaN,NaN,NaN,NaN,NaN,NaN,NaN,NaN,NaN,NaN,NaN,NaN,NaN,NaN,NaN,NaN,NaN,NaN,NaN,NaN,NaN,NaN,NaN,NaN,NaN,NaN,NaN,NaN,NaN,NaN,NaN,NaN,NaN,NaN,NaN,NaN,NaN,NaN,NaN,NaN,NaN,NaN,NaN,NaN,NaN,NaN,NaN,NaN,NaN,NaN,NaN,NaN,NaN,NaN,NaN,NaN,NaN,NaN,NaN,NaN,NaN,NaN,NaN,NaN,NaN,NaN,NaN,NaN,NaN,NaN,NaN,NaN,NaN,NaN,NaN,NaN,NaN,NaN,NaN,NaN,NaN,NaN,NaN,NaN,NaN,NaN,NaN,NaN,NaN,-0.0493365226183579,-0.0500077925162516,-0.0476021572342146,NaN,NaN,NaN,NaN,NaN,NaN,NaN,NaN,NaN,NaN,NaN,NaN,NaN,NaN,NaN,NaN,NaN,NaN,NaN,NaN,NaN,NaN,NaN,NaN,NaN,NaN,NaN,NaN,NaN,NaN,NaN,NaN,NaN,NaN,NaN,NaN,NaN,NaN,NaN,NaN,NaN,NaN,NaN,NaN,NaN,NaN,NaN,NaN,NaN,NaN,NaN,NaN,NaN,NaN,NaN,-0.00569139807676326,-0.00607420395518416,NaN,NaN,NaN,NaN,NaN,NaN,NaN,NaN,NaN,NaN,NaN,NaN,NaN,NaN,NaN,NaN,NaN,NaN,NaN,NaN,NaN,NaN,NaN,NaN,NaN,NaN,NaN,NaN,NaN,NaN,-0.0456146616671693,-0.0451767990100735,-0.0453479176146398,-0.0457901358404769,-0.0462434825886898,NaN,NaN,NaN,NaN,NaN,NaN,NaN,NaN,NaN,NaN,NaN,NaN,NaN,NaN,NaN,NaN,NaN,NaN,NaN,NaN,NaN,NaN,NaN,NaN,NaN,NaN,NaN,NaN,NaN,NaN,NaN,NaN,NaN,NaN,NaN,NaN,NaN,NaN,NaN,NaN,NaN,NaN,NaN,NaN,NaN,NaN,NaN,NaN,NaN,NaN,NaN
NaN,NaN,NaN,NaN,NaN,NaN,NaN,NaN,NaN,NaN,NaN,NaN,NaN,NaN,NaN,NaN,NaN,NaN,NaN,NaN,NaN,NaN,NaN,NaN,NaN,NaN,NaN,NaN,NaN,NaN,NaN,NaN,NaN,NaN,NaN,NaN,NaN,NaN,NaN,NaN,NaN,NaN,NaN,NaN,NaN,NaN,NaN,NaN,NaN,NaN,NaN,NaN,NaN,NaN,NaN,NaN,NaN,NaN,NaN,NaN,NaN,NaN,NaN,NaN,NaN,NaN,NaN,NaN,NaN,NaN,NaN,NaN,NaN,NaN,NaN,NaN,NaN,NaN,NaN,NaN,NaN,NaN,NaN,NaN,NaN,NaN,NaN,NaN,NaN,NaN,NaN,NaN,NaN,NaN,NaN,NaN,NaN,-0.0514277689300568,-0.0511347416303649,-0.0505221114496757,-0.0497204042432967,NaN,NaN,NaN,NaN,NaN,NaN,NaN,NaN,NaN,NaN,NaN,NaN,NaN,NaN,NaN,NaN,NaN,NaN,NaN,NaN,NaN,NaN,NaN,NaN,NaN,NaN,NaN,NaN,NaN,NaN,NaN,NaN,NaN,NaN,NaN,NaN,NaN,NaN,NaN,NaN,NaN,NaN,NaN,NaN,NaN,NaN,NaN,NaN,NaN,NaN,NaN,NaN,NaN,NaN,NaN,NaN,-0.00566837635687952,-0.00578776172512734,NaN,NaN,NaN,NaN,NaN,NaN,NaN,NaN,NaN,NaN,NaN,NaN,NaN,NaN,NaN,NaN,NaN,NaN,NaN,NaN,NaN,NaN,NaN,NaN,NaN,NaN,NaN,NaN,NaN,NaN,NaN,-0.0451088233930015,-0.0452224771819354,-0.0455443344922866,-0.0457306397892698,-0.0459478495939274,NaN,NaN,NaN,NaN,NaN,NaN,NaN,NaN,NaN,NaN,NaN,NaN,NaN,NaN,NaN,NaN,NaN,NaN,NaN,NaN,NaN,NaN,NaN,NaN,NaN,NaN,NaN,NaN,NaN,NaN,NaN,NaN,NaN,NaN,NaN,NaN,NaN,NaN,NaN,NaN,NaN,NaN,NaN,NaN,NaN,NaN,NaN,NaN,NaN,NaN
NaN,NaN,NaN,NaN,NaN,NaN,NaN,NaN,NaN,NaN,NaN,NaN,NaN,NaN,NaN,NaN,NaN,NaN,NaN,NaN,NaN,NaN,NaN,NaN,NaN,NaN,NaN,NaN,NaN,NaN,NaN,NaN,NaN,NaN,NaN,NaN,NaN,NaN,NaN,NaN,NaN,NaN,NaN,NaN,NaN,NaN,NaN,NaN,NaN,NaN,NaN,NaN,NaN,NaN,NaN,NaN,NaN,NaN,NaN,NaN,NaN,NaN,NaN,NaN,NaN,NaN,NaN,NaN,NaN,NaN,NaN,NaN,NaN,NaN,NaN,NaN,NaN,NaN,NaN,NaN,NaN,NaN,NaN,NaN,NaN,NaN,NaN,NaN,NaN,NaN,NaN,NaN,NaN,NaN,NaN,NaN,NaN,-0.0515269739650027,-0.0513997054782828,-0.0511013597652394,-0.0507558982059668,NaN,NaN,NaN,NaN,NaN,NaN,NaN,NaN,NaN,NaN,NaN,NaN,NaN,NaN,NaN,NaN,NaN,NaN,NaN,NaN,NaN,NaN,NaN,NaN,NaN,NaN,NaN,NaN,NaN,NaN,NaN,NaN,NaN,NaN,NaN,NaN,NaN,NaN,NaN,NaN,NaN,NaN,NaN,NaN,NaN,NaN,NaN,NaN,NaN,NaN,NaN,NaN,NaN,NaN,NaN,NaN,-0.00545985132891348,-0.00558773223738243,NaN,NaN,NaN,NaN,NaN,NaN,NaN,NaN,NaN,NaN,NaN,NaN,NaN,NaN,NaN,NaN,NaN,NaN,NaN,NaN,NaN,NaN,NaN,NaN,NaN,NaN,NaN,NaN,NaN,NaN,NaN,-0.0451170296253212,-0.0450808833919906,-0.0453246985811017,-0.0455763074864009,-0.045794522213794,-0.0461691813947574,NaN,NaN,NaN,NaN,NaN,NaN,NaN,NaN,NaN,NaN,NaN,NaN,NaN,NaN,NaN,NaN,NaN,NaN,NaN,NaN,NaN,NaN,NaN,NaN,NaN,NaN,NaN,NaN,NaN,NaN,NaN,NaN,NaN,NaN,NaN,NaN,NaN,NaN,NaN,NaN,NaN,NaN,NaN,NaN,NaN,NaN,NaN,NaN,NaN
NaN,NaN,NaN,NaN,NaN,NaN,NaN,NaN,NaN,NaN,NaN,NaN,NaN,NaN,NaN,NaN,NaN,NaN,NaN,NaN,NaN,NaN,NaN,NaN,NaN,NaN,NaN,NaN,NaN,NaN,NaN,NaN,NaN,NaN,NaN,NaN,NaN,NaN,NaN,NaN,NaN,NaN,NaN,NaN,NaN,NaN,NaN,NaN,NaN,NaN,NaN,NaN,NaN,NaN,NaN,NaN,NaN,NaN,NaN,NaN,NaN,NaN,NaN,NaN,NaN,NaN,NaN,NaN,NaN,NaN,NaN,NaN,NaN,NaN,NaN,NaN,NaN,NaN,NaN,NaN,NaN,NaN,NaN,NaN,NaN,NaN,NaN,NaN,NaN,NaN,NaN,NaN,NaN,NaN,NaN,NaN,NaN,-0.0517250552767408,-0.0516381339227739,-0.0515009811095306,NaN,NaN,NaN,NaN,NaN,NaN,NaN,NaN,NaN,NaN,NaN,NaN,NaN,NaN,NaN,NaN,NaN,NaN,NaN,NaN,NaN,NaN,NaN,NaN,NaN,NaN,NaN,NaN,NaN,NaN,NaN,NaN,NaN,NaN,NaN,NaN,NaN,NaN,NaN,NaN,NaN,NaN,NaN,NaN,NaN,NaN,NaN,NaN,NaN,NaN,NaN,NaN,NaN,NaN,NaN,NaN,NaN,-0.00560035305652326,-0.00561797956937592,NaN,NaN,NaN,NaN,NaN,NaN,NaN,NaN,NaN,NaN,NaN,NaN,NaN,NaN,NaN,NaN,NaN,NaN,NaN,NaN,NaN,NaN,NaN,NaN,NaN,NaN,NaN,NaN,NaN,NaN,NaN,-0.0451286101045126,-0.0450507938614277,-0.0451712414526942,-0.0455321543671921,-0.0457015902745697,-0.0461218564170426,NaN,NaN,NaN,NaN,NaN,NaN,NaN,NaN,NaN,NaN,NaN,NaN,NaN,NaN,NaN,NaN,NaN,NaN,NaN,NaN,NaN,NaN,NaN,NaN,NaN,NaN,NaN,NaN,NaN,NaN,NaN,NaN,NaN,NaN,NaN,NaN,NaN,NaN,NaN,NaN,NaN,NaN,NaN,NaN,NaN,NaN,NaN,NaN,NaN
NaN,NaN,NaN,NaN,NaN,NaN,NaN,NaN,NaN,NaN,NaN,NaN,NaN,NaN,NaN,NaN,NaN,NaN,NaN,NaN,NaN,NaN,NaN,NaN,NaN,NaN,NaN,NaN,NaN,NaN,NaN,NaN,NaN,NaN,NaN,NaN,NaN,NaN,NaN,NaN,NaN,NaN,NaN,NaN,NaN,NaN,NaN,NaN,NaN,NaN,NaN,NaN,NaN,NaN,NaN,NaN,NaN,NaN,NaN,NaN,NaN,NaN,NaN,NaN,NaN,NaN,NaN,NaN,NaN,NaN,NaN,NaN,NaN,NaN,NaN,NaN,NaN,NaN,NaN,NaN,NaN,NaN,NaN,NaN,NaN,NaN,NaN,NaN,NaN,NaN,NaN,NaN,NaN,NaN,NaN,NaN,-0.0514193368161684,-0.05188376635104,-0.0518007376259601,-0.0519052575149839,NaN,NaN,NaN,NaN,NaN,NaN,NaN,NaN,NaN,NaN,NaN,NaN,NaN,NaN,NaN,NaN,NaN,NaN,NaN,NaN,NaN,NaN,NaN,NaN,NaN,NaN,NaN,NaN,NaN,NaN,NaN,NaN,NaN,NaN,NaN,NaN,NaN,NaN,NaN,NaN,NaN,NaN,NaN,NaN,NaN,NaN,NaN,NaN,NaN,NaN,NaN,NaN,NaN,NaN,NaN,NaN,NaN,-0.0071053167156549,0.0136455116764102,NaN,NaN,NaN,NaN,NaN,NaN,NaN,NaN,NaN,NaN,NaN,NaN,NaN,NaN,NaN,NaN,NaN,NaN,NaN,NaN,NaN,NaN,NaN,NaN,NaN,NaN,NaN,NaN,NaN,NaN,NaN,-0.0454343897556288,-0.0454463550079597,-0.045455257549037,-0.0456493255635848,-0.0455570622976684,-0.0453220987409414,-0.0449551462757948,-0.0446886647615898,-0.0142379548501148,0.019539911794617,NaN,NaN,NaN,NaN,NaN,NaN,NaN,NaN,NaN,NaN,NaN,NaN,NaN,NaN,NaN,NaN,NaN,NaN,NaN,NaN,NaN,NaN,NaN,NaN,NaN,NaN,NaN,NaN,NaN,NaN,NaN,NaN,NaN,NaN,NaN,NaN,NaN,NaN,NaN,NaN,NaN,NaN,NaN,NaN,NaN
NaN,NaN,NaN,NaN,NaN,NaN,NaN,NaN,NaN,NaN,NaN,NaN,NaN,NaN,NaN,NaN,NaN,NaN,NaN,NaN,NaN,NaN,NaN,NaN,NaN,NaN,NaN,NaN,NaN,NaN,NaN,NaN,NaN,NaN,NaN,NaN,NaN,NaN,NaN,NaN,NaN,NaN,NaN,NaN,NaN,NaN,NaN,NaN,NaN,NaN,NaN,NaN,NaN,NaN,NaN,NaN,NaN,NaN,NaN,NaN,NaN,NaN,NaN,NaN,NaN,NaN,NaN,NaN,NaN,NaN,NaN,NaN,NaN,NaN,NaN,NaN,NaN,NaN,NaN,NaN,NaN,NaN,NaN,NaN,NaN,NaN,NaN,NaN,NaN,NaN,NaN,NaN,NaN,NaN,-0.0533156357591596,-0.0531188953853615,-0.0528298538918668,-0.0524755993348677,NaN,NaN,NaN,NaN,NaN,NaN,NaN,NaN,NaN,NaN,NaN,NaN,NaN,NaN,NaN,NaN,NaN,NaN,NaN,NaN,NaN,NaN,NaN,NaN,NaN,NaN,NaN,NaN,NaN,NaN,NaN,NaN,NaN,NaN,NaN,NaN,NaN,NaN,NaN,NaN,NaN,NaN,NaN,NaN,NaN,NaN,NaN,NaN,NaN,NaN,NaN,NaN,NaN,NaN,NaN,NaN,NaN,NaN,NaN,-0.00729935398222549,-0.00771977246151743,NaN,NaN,NaN,NaN,NaN,NaN,NaN,NaN,NaN,NaN,NaN,NaN,NaN,NaN,NaN,NaN,NaN,NaN,NaN,NaN,NaN,NaN,NaN,NaN,NaN,NaN,NaN,NaN,NaN,NaN,NaN,-0.0466455430888946,-0.0466416377082944,-0.0457611471391717,-0.0458622739084243,-0.0455163018042979,-0.0452525647734797,-0.0452142640560878,-0.0427766923344994,-0.00255352970454033,0.0244413450917447,0.0330904166630338,0.0347872327132608,NaN,NaN,NaN,NaN,NaN,NaN,NaN,NaN,NaN,NaN,NaN,NaN,NaN,NaN,NaN,NaN,NaN,NaN,NaN,NaN,NaN,NaN,NaN,NaN,NaN,NaN,NaN,NaN,NaN,NaN,NaN,NaN,NaN,NaN,NaN,NaN,NaN,NaN,NaN,NaN,NaN,NaN,NaN
NaN,NaN,NaN,NaN,NaN,NaN,NaN,NaN,NaN,NaN,NaN,NaN,NaN,NaN,NaN,NaN,NaN,NaN,NaN,NaN,NaN,NaN,NaN,NaN,NaN,NaN,NaN,NaN,NaN,NaN,NaN,NaN,NaN,NaN,NaN,NaN,NaN,NaN,NaN,NaN,NaN,NaN,NaN,NaN,NaN,NaN,NaN,NaN,NaN,NaN,NaN,NaN,NaN,NaN,NaN,NaN,NaN,NaN,NaN,NaN,NaN,NaN,NaN,NaN,NaN,NaN,NaN,NaN,NaN,NaN,NaN,NaN,NaN,NaN,NaN,NaN,NaN,NaN,NaN,NaN,NaN,NaN,NaN,NaN,NaN,NaN,NaN,NaN,NaN,NaN,-0.0503800031425549,-0.0536942932229123,-0.05357122946516,-0.0533840681222434,-0.0533255018210509,-0.0532239609189735,-0.0530493540612985,-0.0529263911536431,NaN,NaN,NaN,NaN,NaN,NaN,NaN,NaN,NaN,NaN,NaN,NaN,NaN,NaN,NaN,NaN,NaN,NaN,NaN,NaN,NaN,NaN,NaN,NaN,NaN,NaN,NaN,NaN,NaN,NaN,NaN,NaN,NaN,NaN,NaN,NaN,NaN,NaN,NaN,NaN,NaN,NaN,NaN,NaN,NaN,NaN,NaN,NaN,NaN,NaN,NaN,NaN,NaN,NaN,NaN,NaN,NaN,NaN,NaN,-0.00686112276345667,NaN,NaN,NaN,NaN,NaN,NaN,NaN,NaN,NaN,NaN,NaN,NaN,NaN,NaN,NaN,NaN,NaN,NaN,NaN,NaN,NaN,NaN,NaN,NaN,NaN,NaN,NaN,NaN,NaN,NaN,NaN,NaN,-0.0480409708303582,-0.0477813947032505,NaN,-0.0460693536542085,-0.045678243480159,-0.0455039578045505,-0.0458915176238847,-0.0465171282515066,-0.0332116490195479,0.00982574376015711,0.0288929337335368,0.0341218745928283,NaN,NaN,NaN,NaN,NaN,NaN,NaN,NaN,NaN,NaN,NaN,NaN,NaN,NaN,NaN,NaN,NaN,NaN,NaN,NaN,NaN,NaN,NaN,NaN,NaN,NaN,NaN,NaN,NaN,NaN,NaN,NaN,NaN,NaN,NaN,NaN,NaN,NaN,NaN,NaN,NaN,NaN,NaN
NaN,NaN,NaN,NaN,NaN,NaN,NaN,NaN,NaN,NaN,NaN,NaN,NaN,NaN,NaN,NaN,NaN,NaN,NaN,NaN,NaN,NaN,NaN,NaN,NaN,NaN,NaN,NaN,NaN,NaN,NaN,NaN,NaN,NaN,NaN,NaN,NaN,NaN,NaN,NaN,NaN,NaN,NaN,NaN,NaN,NaN,NaN,NaN,NaN,NaN,NaN,NaN,NaN,NaN,NaN,NaN,NaN,NaN,NaN,NaN,NaN,NaN,NaN,NaN,NaN,NaN,NaN,NaN,NaN,NaN,NaN,NaN,NaN,NaN,NaN,NaN,NaN,NaN,NaN,NaN,NaN,NaN,NaN,NaN,NaN,NaN,NaN,-0.0472273456553709,-0.0471940453912824,-0.0471284815032242,-0.0463480429501189,-0.05368309905944,-0.053571786724824,-0.0534645833401116,-0.0534152750963424,-0.0534027085717207,-0.0420102923286169,NaN,NaN,NaN,NaN,NaN,NaN,NaN,NaN,NaN,NaN,NaN,NaN,NaN,NaN,NaN,NaN,NaN,NaN,NaN,NaN,NaN,NaN,NaN,NaN,NaN,NaN,NaN,NaN,NaN,NaN,NaN,NaN,NaN,NaN,NaN,NaN,NaN,NaN,NaN,NaN,NaN,NaN,NaN,NaN,NaN,NaN,NaN,NaN,NaN,NaN,NaN,NaN,NaN,NaN,NaN,NaN,NaN,NaN,NaN,-0.00644781794369519,-0.00652752833607777,NaN,NaN,NaN,NaN,NaN,NaN,NaN,NaN,NaN,NaN,NaN,NaN,NaN,NaN,NaN,NaN,NaN,NaN,NaN,NaN,NaN,NaN,NaN,NaN,NaN,NaN,NaN,NaN,NaN,NaN,NaN,NaN,-0.048755425960021,-0.048627717539451,NaN,NaN,-0.0459418786468856,-0.0461190809007205,-0.046700938814549,-0.0471558093226435,-0.0336162146561843,NaN,NaN,NaN,NaN,NaN,NaN,NaN,NaN,NaN,NaN,NaN,NaN,NaN,NaN,NaN,NaN,NaN,NaN,NaN,NaN,NaN,NaN,NaN,NaN,NaN,NaN,NaN,NaN,NaN,NaN,NaN,NaN,NaN,NaN,NaN,NaN,NaN,NaN,NaN,NaN,NaN,NaN,NaN,NaN,NaN,NaN
NaN,NaN,NaN,NaN,NaN,NaN,NaN,NaN,NaN,NaN,NaN,NaN,NaN,NaN,NaN,NaN,NaN,NaN,NaN,NaN,NaN,NaN,NaN,NaN,NaN,NaN,NaN,NaN,NaN,NaN,NaN,NaN,NaN,NaN,NaN,NaN,NaN,NaN,NaN,NaN,NaN,NaN,NaN,NaN,NaN,NaN,NaN,NaN,NaN,NaN,NaN,NaN,NaN,NaN,NaN,NaN,NaN,NaN,NaN,NaN,NaN,NaN,NaN,NaN,NaN,NaN,NaN,NaN,NaN,NaN,NaN,NaN,NaN,NaN,NaN,NaN,NaN,NaN,NaN,NaN,NaN,NaN,NaN,NaN,NaN,NaN,NaN,-0.0472560552161954,-0.0472248663534574,-0.0471957067748404,-0.0361482366587173,NaN,-0.0536710671147034,-0.0535802103991333,-0.0535253993032907,NaN,NaN,NaN,NaN,NaN,NaN,NaN,NaN,NaN,NaN,NaN,NaN,NaN,NaN,NaN,NaN,NaN,NaN,NaN,NaN,NaN,NaN,NaN,NaN,NaN,NaN,NaN,NaN,NaN,NaN,NaN,NaN,NaN,NaN,NaN,NaN,NaN,NaN,NaN,NaN,NaN,NaN,NaN,NaN,NaN,NaN,NaN,NaN,NaN,NaN,NaN,NaN,NaN,NaN,NaN,NaN,NaN,NaN,NaN,NaN,NaN,-0.00650435078993606,-0.00669309914152443,NaN,NaN,NaN,NaN,NaN,NaN,NaN,NaN,NaN,NaN,NaN,NaN,NaN,NaN,NaN,NaN,NaN,NaN,NaN,NaN,NaN,NaN,NaN,NaN,NaN,NaN,NaN,NaN,NaN,NaN,NaN,NaN,-0.0487311298769335,-0.0485680821668437,NaN,NaN,-0.0465531264737634,-0.0472301767778646,-0.0476239636618444,-0.0479237258810834,-0.0340699537718759,NaN,NaN,NaN,NaN,NaN,NaN,NaN,NaN,NaN,NaN,NaN,NaN,NaN,NaN,NaN,NaN,NaN,NaN,NaN,NaN,NaN,NaN,NaN,NaN,NaN,NaN,NaN,NaN,NaN,NaN,NaN,NaN,NaN,NaN,NaN,NaN,NaN,NaN,NaN,NaN,NaN,NaN,NaN,NaN,NaN,NaN
NaN,NaN,NaN,NaN,NaN,NaN,NaN,NaN,NaN,NaN,NaN,NaN,NaN,NaN,NaN,NaN,NaN,NaN,NaN,NaN,NaN,NaN,NaN,NaN,NaN,NaN,NaN,NaN,NaN,NaN,NaN,NaN,NaN,NaN,NaN,NaN,NaN,NaN,NaN,NaN,NaN,NaN,NaN,NaN,NaN,NaN,NaN,NaN,NaN,NaN,NaN,NaN,NaN,NaN,NaN,NaN,NaN,NaN,NaN,NaN,NaN,NaN,NaN,NaN,NaN,NaN,NaN,NaN,NaN,NaN,NaN,NaN,NaN,NaN,NaN,NaN,NaN,NaN,NaN,NaN,NaN,NaN,NaN,NaN,NaN,NaN,NaN,NaN,NaN,NaN,NaN,NaN,-0.00808762236489663,-0.0288432300339168,NaN,NaN,NaN,NaN,NaN,NaN,NaN,NaN,NaN,NaN,NaN,NaN,NaN,NaN,NaN,NaN,NaN,NaN,NaN,NaN,NaN,NaN,NaN,NaN,NaN,NaN,NaN,NaN,NaN,NaN,NaN,NaN,NaN,NaN,NaN,NaN,NaN,NaN,NaN,NaN,NaN,NaN,NaN,NaN,NaN,NaN,NaN,NaN,NaN,NaN,NaN,NaN,NaN,NaN,NaN,NaN,NaN,NaN,NaN,NaN,NaN,0.00484840422773591,-0.00602618746473494,NaN,NaN,NaN,NaN,NaN,NaN,NaN,NaN,NaN,NaN,NaN,NaN,NaN,NaN,NaN,NaN,NaN,NaN,NaN,NaN,NaN,NaN,NaN,NaN,NaN,NaN,NaN,NaN,NaN,NaN,NaN,NaN,NaN,-0.0485442203720849,-0.0482806670925287,-0.0485023370213618,NaN,-0.0477511746371943,-0.0481978273912954,-0.0483936756455879,-0.0486006202715458,-0.0346336143058501,NaN,NaN,NaN,NaN,NaN,NaN,NaN,NaN,NaN,NaN,NaN,NaN,NaN,NaN,NaN,NaN,NaN,NaN,NaN,NaN,NaN,NaN,NaN,NaN,NaN,NaN,NaN,NaN,NaN,NaN,NaN,NaN,NaN,NaN,NaN,NaN,NaN,NaN,NaN,NaN,NaN,NaN,NaN,NaN,NaN,NaN
NaN,NaN,NaN,NaN,NaN,NaN,NaN,NaN,NaN,NaN,NaN,NaN,NaN,NaN,NaN,NaN,NaN,NaN,NaN,NaN,NaN,NaN,NaN,NaN,NaN,NaN,NaN,NaN,NaN,NaN,NaN,NaN,NaN,NaN,NaN,NaN,NaN,NaN,NaN,NaN,NaN,NaN,NaN,NaN,NaN,NaN,NaN,NaN,NaN,NaN,NaN,NaN,NaN,NaN,NaN,NaN,NaN,NaN,NaN,NaN,NaN,NaN,NaN,NaN,NaN,NaN,NaN,NaN,NaN,NaN,NaN,NaN,NaN,NaN,NaN,NaN,NaN,NaN,NaN,NaN,NaN,NaN,NaN,NaN,NaN,NaN,NaN,NaN,NaN,NaN,NaN,NaN,NaN,NaN,NaN,NaN,NaN,NaN,NaN,NaN,NaN,NaN,NaN,NaN,NaN,NaN,NaN,NaN,NaN,NaN,NaN,NaN,NaN,NaN,NaN,NaN,NaN,NaN,NaN,NaN,NaN,NaN,NaN,NaN,NaN,NaN,NaN,NaN,NaN,NaN,NaN,NaN,NaN,NaN,NaN,NaN,NaN,NaN,NaN,NaN,NaN,NaN,NaN,NaN,NaN,NaN,NaN,NaN,NaN,NaN,NaN,NaN,NaN,NaN,NaN,-0.00622498559239042,-0.00598893867697068,NaN,NaN,NaN,NaN,NaN,NaN,NaN,NaN,NaN,NaN,NaN,NaN,NaN,NaN,NaN,NaN,NaN,NaN,NaN,NaN,NaN,NaN,NaN,NaN,NaN,NaN,NaN,NaN,NaN,NaN,NaN,NaN,NaN,NaN,-0.0493252920079188,-0.0394932118128126,NaN,-0.048828850451742,-0.0489112281588974,-0.0490874196402375,-0.0492215138442383,-0.0494858522910262,NaN,NaN,NaN,NaN,NaN,NaN,NaN,NaN,NaN,NaN,NaN,NaN,NaN,NaN,NaN,NaN,NaN,NaN,NaN,NaN,NaN,NaN,NaN,NaN,NaN,NaN,NaN,NaN,NaN,NaN,NaN,NaN,NaN,NaN,NaN,NaN,NaN,NaN,NaN,NaN,NaN,NaN,NaN,NaN,NaN,NaN
NaN,NaN,NaN,NaN,NaN,NaN,NaN,NaN,NaN,NaN,NaN,NaN,NaN,NaN,NaN,NaN,NaN,NaN,NaN,NaN,NaN,NaN,NaN,NaN,NaN,NaN,NaN,NaN,NaN,NaN,NaN,NaN,NaN,NaN,NaN,NaN,NaN,NaN,NaN,NaN,NaN,NaN,NaN,NaN,NaN,NaN,NaN,NaN,NaN,NaN,NaN,NaN,NaN,NaN,NaN,NaN,NaN,NaN,NaN,NaN,NaN,NaN,NaN,NaN,NaN,NaN,NaN,NaN,NaN,NaN,NaN,NaN,NaN,NaN,NaN,NaN,NaN,NaN,NaN,NaN,NaN,NaN,NaN,NaN,NaN,NaN,NaN,NaN,NaN,NaN,NaN,NaN,NaN,NaN,NaN,NaN,NaN,NaN,NaN,NaN,NaN,NaN,NaN,NaN,NaN,NaN,NaN,NaN,NaN,NaN,NaN,NaN,NaN,NaN,NaN,NaN,NaN,NaN,NaN,NaN,NaN,NaN,NaN,NaN,NaN,NaN,NaN,NaN,NaN,NaN,NaN,NaN,NaN,NaN,NaN,NaN,NaN,NaN,NaN,NaN,NaN,NaN,NaN,NaN,NaN,NaN,NaN,NaN,NaN,NaN,NaN,NaN,NaN,NaN,NaN,NaN,-0.00583842838737302,-0.00565082817873271,NaN,NaN,NaN,NaN,NaN,NaN,NaN,NaN,NaN,NaN,NaN,NaN,NaN,NaN,NaN,NaN,NaN,NaN,NaN,NaN,NaN,NaN,NaN,NaN,NaN,NaN,NaN,NaN,NaN,NaN,NaN,NaN,NaN,-0.0509387128430225,-0.0515809186667389,NaN,-0.0493278581233373,-0.0493632592341163,-0.0494445475959196,-0.0494827908579826,-0.0494665526207506,-0.0347562454969277,NaN,NaN,NaN,NaN,NaN,NaN,NaN,NaN,NaN,NaN,NaN,NaN,NaN,NaN,NaN,NaN,NaN,NaN,NaN,NaN,NaN,NaN,NaN,NaN,NaN,NaN,NaN,NaN,NaN,NaN,NaN,NaN,NaN,NaN,NaN,NaN,NaN,NaN,NaN,NaN,NaN,NaN,NaN,NaN,NaN
NaN,NaN,NaN,NaN,NaN,NaN,NaN,NaN,NaN,NaN,NaN,NaN,NaN,NaN,NaN,NaN,NaN,NaN,NaN,NaN,NaN,NaN,NaN,NaN,NaN,NaN,NaN,NaN,NaN,NaN,NaN,NaN,NaN,NaN,NaN,NaN,NaN,NaN,NaN,NaN,NaN,NaN,NaN,NaN,NaN,NaN,NaN,NaN,NaN,NaN,NaN,NaN,NaN,NaN,NaN,NaN,NaN,NaN,NaN,NaN,NaN,NaN,NaN,NaN,NaN,NaN,NaN,NaN,NaN,NaN,NaN,NaN,NaN,NaN,NaN,NaN,NaN,NaN,NaN,NaN,NaN,NaN,NaN,NaN,NaN,NaN,NaN,NaN,NaN,NaN,NaN,NaN,NaN,NaN,NaN,NaN,NaN,NaN,NaN,NaN,NaN,NaN,NaN,NaN,NaN,NaN,NaN,NaN,NaN,NaN,NaN,NaN,NaN,NaN,NaN,NaN,NaN,NaN,NaN,NaN,NaN,NaN,NaN,NaN,NaN,NaN,NaN,NaN,NaN,NaN,NaN,NaN,NaN,NaN,NaN,NaN,NaN,NaN,NaN,NaN,NaN,NaN,NaN,NaN,NaN,NaN,NaN,NaN,NaN,NaN,NaN,NaN,NaN,NaN,NaN,NaN,NaN,-0.00543875018972484,NaN,NaN,NaN,NaN,NaN,NaN,NaN,NaN,NaN,NaN,NaN,NaN,NaN,NaN,NaN,NaN,NaN,NaN,NaN,NaN,NaN,NaN,NaN,NaN,NaN,NaN,NaN,NaN,NaN,NaN,NaN,NaN,-0.0524289931831036,-0.051964796552602,-0.0523587421585888,NaN,-0.0495850406088519,-0.0494980558101797,-0.0495387510946244,-0.0495253018716497,-0.0495476844776604,-0.0496790658632258,-0.0252732749318466,NaN,NaN,NaN,NaN,NaN,NaN,NaN,NaN,NaN,NaN,NaN,NaN,NaN,NaN,NaN,NaN,NaN,NaN,NaN,NaN,NaN,NaN,NaN,NaN,NaN,NaN,NaN,NaN,NaN,NaN,NaN,NaN,NaN,NaN,NaN,NaN,NaN,NaN,NaN,NaN,NaN,NaN,NaN,NaN
NaN,NaN,NaN,NaN,NaN,NaN,NaN,NaN,NaN,NaN,NaN,NaN,NaN,NaN,NaN,NaN,NaN,NaN,NaN,NaN,NaN,NaN,NaN,NaN,NaN,NaN,NaN,NaN,NaN,NaN,NaN,NaN,NaN,NaN,NaN,NaN,NaN,NaN,NaN,NaN,NaN,NaN,NaN,NaN,NaN,NaN,NaN,NaN,NaN,NaN,NaN,NaN,NaN,NaN,NaN,NaN,NaN,NaN,NaN,NaN,NaN,NaN,NaN,NaN,NaN,NaN,NaN,NaN,NaN,NaN,NaN,NaN,NaN,NaN,NaN,NaN,NaN,NaN,NaN,NaN,NaN,NaN,NaN,NaN,NaN,NaN,NaN,NaN,NaN,NaN,NaN,NaN,NaN,NaN,NaN,NaN,NaN,NaN,NaN,NaN,NaN,NaN,NaN,NaN,NaN,NaN,NaN,NaN,NaN,NaN,NaN,NaN,NaN,NaN,NaN,NaN,NaN,NaN,NaN,NaN,NaN,NaN,NaN,NaN,NaN,NaN,NaN,NaN,NaN,NaN,NaN,NaN,NaN,NaN,NaN,NaN,NaN,NaN,NaN,NaN,NaN,NaN,NaN,NaN,NaN,NaN,NaN,NaN,NaN,NaN,NaN,NaN,NaN,NaN,NaN,NaN,NaN,0.0233255433353399,0.0467147008566692,NaN,NaN,NaN,NaN,NaN,NaN,NaN,NaN,NaN,NaN,NaN,NaN,NaN,NaN,NaN,NaN,NaN,NaN,NaN,NaN,NaN,NaN,NaN,NaN,NaN,NaN,NaN,NaN,NaN,NaN,NaN,-0.0524012459183909,-0.0521362257409888,-0.0525324619139969,NaN,NaN,-0.0495952782853905,-0.0495882327625519,-0.0495745939940692,-0.0496777449025156,-0.049692362429107,-0.0212532379033218,NaN,NaN,NaN,NaN,-0.0494207614607395,-0.0495023131694256,-0.0495852483766507,-0.0496395674157802,-0.0497095898654712,-0.049633552653443,NaN,NaN,NaN,NaN,NaN,NaN,NaN,NaN,NaN,NaN,NaN,NaN,NaN,NaN,NaN,NaN,NaN,NaN,NaN,NaN,NaN,NaN,NaN,NaN,NaN,NaN,NaN,NaN,NaN,NaN,NaN,NaN,NaN,NaN
NaN,NaN,NaN,NaN,NaN,NaN,NaN,NaN,NaN,NaN,NaN,NaN,NaN,NaN,NaN,NaN,NaN,NaN,NaN,NaN,NaN,NaN,NaN,NaN,NaN,NaN,NaN,NaN,NaN,NaN,NaN,NaN,NaN,NaN,NaN,NaN,NaN,NaN,NaN,NaN,NaN,NaN,NaN,NaN,NaN,NaN,NaN,NaN,NaN,NaN,NaN,NaN,NaN,NaN,NaN,NaN,NaN,NaN,NaN,NaN,NaN,NaN,NaN,NaN,NaN,NaN,NaN,NaN,NaN,NaN,NaN,NaN,NaN,NaN,NaN,NaN,NaN,NaN,NaN,NaN,NaN,NaN,NaN,NaN,NaN,NaN,NaN,NaN,NaN,NaN,NaN,NaN,NaN,NaN,NaN,NaN,NaN,NaN,NaN,NaN,NaN,NaN,NaN,NaN,NaN,NaN,NaN,NaN,NaN,NaN,NaN,NaN,NaN,NaN,NaN,NaN,NaN,NaN,NaN,NaN,NaN,NaN,NaN,NaN,NaN,NaN,NaN,NaN,NaN,NaN,NaN,NaN,NaN,NaN,NaN,NaN,NaN,NaN,NaN,NaN,NaN,NaN,NaN,NaN,NaN,NaN,NaN,NaN,NaN,NaN,NaN,NaN,NaN,NaN,NaN,NaN,NaN,0.0467630493101104,0.0515316458060314,NaN,NaN,NaN,NaN,NaN,NaN,NaN,NaN,NaN,NaN,NaN,NaN,NaN,NaN,NaN,NaN,NaN,NaN,NaN,NaN,NaN,NaN,NaN,NaN,NaN,NaN,NaN,NaN,NaN,NaN,-0.0525882738319652,-0.0523710922075843,-0.0518454120238704,NaN,NaN,NaN,-0.0496748646405498,-0.0496097933683423,-0.0496236247911009,-0.0497186094174997,-0.0497323492547867,NaN,NaN,NaN,NaN,-0.0494471173708529,-0.0494571755139516,-0.0495338682837392,-0.0496480660575722,-0.0497208220730687,-0.0497683887869618,-0.0498093181059879,NaN,NaN,NaN,NaN,NaN,NaN,NaN,NaN,NaN,NaN,NaN,NaN,NaN,NaN,NaN,NaN,NaN,NaN,NaN,NaN,NaN,NaN,NaN,NaN,NaN,NaN,NaN,NaN,NaN,NaN,NaN,NaN,NaN,NaN
NaN,NaN,NaN,NaN,NaN,NaN,NaN,NaN,NaN,NaN,NaN,NaN,NaN,NaN,NaN,NaN,NaN,NaN,NaN,NaN,NaN,NaN,NaN,NaN,NaN,NaN,NaN,NaN,NaN,NaN,NaN,NaN,NaN,NaN,NaN,NaN,NaN,NaN,NaN,NaN,NaN,NaN,NaN,NaN,NaN,NaN,NaN,NaN,NaN,NaN,NaN,NaN,NaN,NaN,NaN,NaN,NaN,NaN,NaN,NaN,NaN,NaN,NaN,NaN,NaN,NaN,NaN,NaN,NaN,NaN,NaN,NaN,NaN,NaN,NaN,NaN,NaN,NaN,NaN,NaN,NaN,NaN,NaN,NaN,NaN,NaN,NaN,NaN,NaN,NaN,NaN,NaN,NaN,NaN,NaN,NaN,NaN,NaN,NaN,NaN,NaN,NaN,NaN,NaN,NaN,NaN,NaN,NaN,NaN,NaN,NaN,NaN,NaN,NaN,NaN,NaN,NaN,NaN,NaN,NaN,NaN,NaN,NaN,NaN,NaN,NaN,NaN,NaN,NaN,NaN,NaN,NaN,NaN,NaN,NaN,NaN,NaN,NaN,NaN,NaN,NaN,NaN,NaN,NaN,NaN,NaN,NaN,NaN,NaN,NaN,NaN,NaN,NaN,NaN,NaN,NaN,NaN,0.0516180814321868,0.0514190598483578,NaN,NaN,NaN,NaN,NaN,NaN,NaN,NaN,NaN,NaN,NaN,NaN,NaN,NaN,NaN,NaN,NaN,NaN,NaN,NaN,NaN,NaN,NaN,NaN,NaN,NaN,NaN,NaN,NaN,-0.0531757956321565,-0.052791011323758,-0.0525939362566372,-0.0191221924786281,NaN,NaN,NaN,NaN,-0.0496528431754674,-0.049563015141813,-0.0495802612128383,-0.0495302553973982,-0.0493852061793323,-0.0493580457905372,-0.0493997260797965,-0.0494404669844229,-0.0494501725698531,-0.0495345855289957,-0.0496628330592039,-0.0497522970112111,-0.0497991648455776,-0.0498004745457708,-0.049773360554789,-0.0497922907378694,-0.0486005328972671,NaN,NaN,NaN,NaN,NaN,NaN,NaN,NaN,NaN,NaN,NaN,NaN,NaN,NaN,NaN,NaN,NaN,NaN,NaN,NaN,NaN,NaN,NaN,NaN,NaN,NaN,NaN,NaN,NaN,NaN,NaN,NaN
NaN,NaN,NaN,NaN,NaN,NaN,NaN,NaN,NaN,NaN,NaN,NaN,NaN,NaN,NaN,NaN,NaN,NaN,NaN,NaN,NaN,NaN,NaN,NaN,NaN,NaN,NaN,NaN,NaN,NaN,NaN,NaN,NaN,NaN,NaN,NaN,NaN,NaN,NaN,NaN,NaN,NaN,NaN,NaN,NaN,NaN,NaN,NaN,NaN,NaN,NaN,NaN,NaN,NaN,NaN,NaN,NaN,NaN,NaN,NaN,NaN,NaN,NaN,NaN,NaN,NaN,NaN,NaN,NaN,NaN,NaN,NaN,NaN,NaN,NaN,NaN,NaN,NaN,NaN,NaN,NaN,NaN,NaN,NaN,NaN,NaN,NaN,NaN,NaN,NaN,NaN,NaN,NaN,NaN,NaN,NaN,NaN,NaN,NaN,NaN,NaN,NaN,NaN,NaN,NaN,NaN,NaN,NaN,NaN,NaN,NaN,NaN,NaN,NaN,NaN,NaN,NaN,NaN,NaN,NaN,NaN,NaN,NaN,NaN,NaN,NaN,NaN,NaN,NaN,NaN,NaN,NaN,NaN,NaN,NaN,NaN,NaN,NaN,NaN,NaN,NaN,NaN,NaN,NaN,NaN,NaN,NaN,NaN,NaN,NaN,NaN,NaN,NaN,NaN,NaN,NaN,NaN,0.0514667301426779,0.0514479666490555,NaN,NaN,NaN,NaN,NaN,NaN,NaN,NaN,NaN,NaN,NaN,NaN,NaN,NaN,NaN,NaN,NaN,NaN,NaN,NaN,NaN,NaN,NaN,NaN,NaN,NaN,NaN,NaN,-0.0532103336917997,-0.0531010845172452,-0.0531695436872075,-0.0464381113560049,0.00620634209160859,NaN,NaN,NaN,NaN,NaN,-0.0494962366982613,-0.0495725048400814,-0.0495463830707227,-0.0494381766052858,-0.049382433239684,-0.0494078370190557,-0.0495044279133063,-0.0495126682130885,-0.0495896352103573,-0.0497716103512616,-0.0498087593413267,-0.0498392201134719,-0.049831549077447,-0.049805496337549,-0.0498125368302797,-0.0498286698499673,NaN,NaN,NaN,NaN,NaN,NaN,NaN,NaN,NaN,NaN,NaN,NaN,NaN,NaN,NaN,NaN,NaN,NaN,NaN,NaN,NaN,NaN,NaN,NaN,NaN,NaN,NaN,NaN,NaN,NaN,NaN,NaN
NaN,NaN,NaN,NaN,NaN,NaN,NaN,NaN,NaN,NaN,NaN,NaN,NaN,NaN,NaN,NaN,NaN,NaN,NaN,NaN,NaN,NaN,NaN,NaN,NaN,NaN,NaN,NaN,NaN,NaN,NaN,NaN,NaN,NaN,NaN,NaN,NaN,NaN,NaN,NaN,NaN,NaN,NaN,NaN,NaN,NaN,NaN,NaN,NaN,NaN,NaN,NaN,NaN,NaN,NaN,NaN,NaN,NaN,NaN,NaN,NaN,NaN,NaN,NaN,NaN,NaN,NaN,NaN,NaN,NaN,NaN,NaN,NaN,NaN,NaN,NaN,NaN,NaN,NaN,NaN,NaN,NaN,NaN,NaN,NaN,NaN,NaN,NaN,NaN,NaN,NaN,NaN,NaN,NaN,NaN,NaN,NaN,NaN,NaN,NaN,NaN,NaN,NaN,NaN,NaN,NaN,NaN,NaN,NaN,NaN,NaN,NaN,NaN,NaN,NaN,NaN,NaN,NaN,NaN,NaN,NaN,NaN,NaN,NaN,NaN,NaN,NaN,NaN,NaN,NaN,NaN,NaN,NaN,NaN,NaN,NaN,NaN,NaN,NaN,NaN,NaN,NaN,NaN,NaN,NaN,NaN,NaN,NaN,NaN,NaN,NaN,NaN,NaN,NaN,NaN,NaN,NaN,NaN,NaN,NaN,NaN,NaN,NaN,NaN,NaN,NaN,NaN,NaN,NaN,NaN,NaN,NaN,NaN,NaN,NaN,NaN,NaN,NaN,NaN,NaN,NaN,NaN,NaN,NaN,NaN,NaN,NaN,-0.0533025288885091,-0.0530503837612385,-0.0532645953244337,-0.0501823618901307,-8.92621103294288e-05,NaN,NaN,NaN,NaN,NaN,-0.0494823822639052,-0.0496315943834837,-0.0495972902318123,-0.0495111581282786,-0.049448464314549,-0.0492740510796296,-0.0494585685635474,-0.0496353949683848,-0.0459927453170158,-0.0483714311769908,NaN,NaN,-0.0498801482356624,-0.0498856517396536,-0.0498850959333633,-0.0499050167005015,-0.0489778037231481,NaN,NaN,NaN,NaN,NaN,NaN,NaN,NaN,NaN,NaN,NaN,NaN,NaN,NaN,NaN,NaN,NaN,NaN,NaN,NaN,NaN,NaN,NaN,NaN,NaN,NaN,NaN,NaN,NaN,NaN,NaN
NaN,NaN,NaN,NaN,NaN,NaN,NaN,NaN,NaN,NaN,NaN,NaN,NaN,NaN,NaN,NaN,NaN,NaN,NaN,NaN,NaN,NaN,NaN,NaN,NaN,NaN,NaN,NaN,NaN,NaN,NaN,NaN,NaN,NaN,NaN,NaN,NaN,NaN,NaN,NaN,NaN,NaN,NaN,NaN,NaN,NaN,NaN,NaN,NaN,NaN,NaN,NaN,NaN,NaN,NaN,NaN,NaN,NaN,NaN,NaN,NaN,NaN,NaN,NaN,NaN,NaN,NaN,NaN,NaN,NaN,NaN,NaN,NaN,NaN,NaN,NaN,NaN,NaN,NaN,NaN,NaN,NaN,NaN,NaN,NaN,NaN,NaN,NaN,NaN,NaN,NaN,NaN,NaN,NaN,NaN,NaN,NaN,NaN,NaN,NaN,NaN,NaN,NaN,NaN,NaN,NaN,NaN,NaN,NaN,NaN,NaN,NaN,NaN,NaN,NaN,NaN,NaN,NaN,NaN,NaN,NaN,NaN,NaN,NaN,NaN,NaN,NaN,NaN,NaN,NaN,NaN,NaN,NaN,NaN,NaN,NaN,NaN,NaN,NaN,NaN,NaN,NaN,NaN,NaN,NaN,NaN,NaN,NaN,NaN,NaN,NaN,NaN,NaN,NaN,NaN,NaN,NaN,NaN,NaN,NaN,NaN,NaN,NaN,NaN,NaN,NaN,NaN,NaN,NaN,NaN,NaN,NaN,NaN,NaN,NaN,NaN,NaN,NaN,NaN,NaN,NaN,NaN,NaN,NaN,NaN,NaN,NaN,-0.0530485220444126,-0.0526836990227488,NaN,NaN,NaN,NaN,NaN,NaN,NaN,NaN,NaN,NaN,NaN,NaN,NaN,-0.0491915379970968,-0.0336281769573413,-0.0461051657567397,NaN,NaN,NaN,NaN,-0.0498967701467456,-0.0499219717186303,-0.049929845480209,-0.0499501232050464,-0.0498887659675413,NaN,NaN,NaN,NaN,NaN,NaN,NaN,NaN,NaN,NaN,NaN,NaN,NaN,NaN,NaN,NaN,NaN,NaN,NaN,NaN,NaN,NaN,NaN,NaN,NaN,NaN,NaN,NaN,NaN,NaN,NaN
NaN,NaN,NaN,NaN,NaN,NaN,NaN,NaN,NaN,NaN,NaN,NaN,NaN,NaN,NaN,NaN,NaN,NaN,NaN,NaN,NaN,NaN,NaN,NaN,NaN,NaN,NaN,NaN,NaN,NaN,NaN,NaN,NaN,NaN,NaN,NaN,NaN,NaN,NaN,NaN,NaN,NaN,NaN,NaN,NaN,NaN,NaN,NaN,NaN,NaN,NaN,NaN,NaN,NaN,NaN,NaN,NaN,NaN,NaN,NaN,NaN,NaN,NaN,NaN,NaN,NaN,NaN,NaN,NaN,NaN,NaN,NaN,NaN,NaN,NaN,NaN,NaN,NaN,NaN,NaN,NaN,NaN,NaN,NaN,NaN,NaN,NaN,NaN,NaN,NaN,NaN,NaN,NaN,NaN,NaN,NaN,NaN,NaN,NaN,NaN,NaN,NaN,NaN,NaN,NaN,NaN,NaN,NaN,NaN,NaN,NaN,NaN,NaN,NaN,NaN,NaN,NaN,NaN,NaN,NaN,NaN,NaN,NaN,NaN,NaN,NaN,NaN,NaN,NaN,NaN,NaN,NaN,NaN,NaN,NaN,NaN,NaN,NaN,NaN,NaN,NaN,NaN,NaN,NaN,NaN,NaN,NaN,NaN,NaN,NaN,NaN,NaN,NaN,NaN,NaN,NaN,NaN,NaN,NaN,NaN,NaN,NaN,NaN,NaN,NaN,NaN,NaN,NaN,NaN,NaN,NaN,NaN,NaN,NaN,NaN,NaN,NaN,NaN,NaN,NaN,NaN,NaN,NaN,NaN,NaN,NaN,NaN,-0.0529108131487096,-0.0523930081237965,-0.052141478842584,NaN,NaN,NaN,NaN,NaN,NaN,NaN,NaN,NaN,NaN,NaN,NaN,NaN,NaN,NaN,NaN,NaN,NaN,NaN,NaN,-0.0499470524270093,-0.0499510250712282,-0.0499715219912992,-0.0499806604732217,NaN,NaN,NaN,NaN,NaN,NaN,NaN,NaN,NaN,NaN,NaN,NaN,NaN,NaN,NaN,NaN,NaN,NaN,NaN,NaN,NaN,NaN,NaN,NaN,NaN,NaN,NaN,NaN,NaN,NaN,NaN
NaN,NaN,NaN,NaN,NaN,NaN,NaN,NaN,NaN,NaN,NaN,NaN,NaN,NaN,NaN,NaN,NaN,NaN,NaN,NaN,NaN,NaN,NaN,NaN,NaN,NaN,NaN,NaN,NaN,NaN,NaN,NaN,NaN,NaN,NaN,NaN,NaN,NaN,NaN,NaN,NaN,NaN,NaN,NaN,NaN,NaN,NaN,NaN,NaN,NaN,NaN,NaN,NaN,NaN,NaN,NaN,NaN,NaN,NaN,NaN,NaN,NaN,NaN,NaN,NaN,NaN,NaN,NaN,NaN,NaN,NaN,NaN,NaN,NaN,NaN,NaN,NaN,NaN,NaN,NaN,NaN,NaN,NaN,NaN,NaN,NaN,NaN,NaN,NaN,NaN,NaN,NaN,NaN,NaN,NaN,NaN,NaN,NaN,NaN,NaN,NaN,NaN,NaN,NaN,NaN,NaN,NaN,NaN,NaN,NaN,NaN,NaN,NaN,NaN,NaN,NaN,NaN,NaN,NaN,NaN,NaN,NaN,NaN,NaN,NaN,NaN,NaN,NaN,NaN,NaN,NaN,NaN,NaN,NaN,NaN,NaN,NaN,NaN,NaN,NaN,NaN,NaN,NaN,NaN,NaN,NaN,NaN,NaN,NaN,NaN,NaN,NaN,NaN,NaN,NaN,NaN,NaN,NaN,NaN,NaN,NaN,NaN,NaN,NaN,NaN,NaN,NaN,NaN,NaN,NaN,NaN,NaN,NaN,NaN,NaN,NaN,NaN,NaN,NaN,NaN,NaN,NaN,NaN,NaN,NaN,NaN,NaN,NaN,-0.052206112220859,-0.0509571501745937,NaN,NaN,NaN,NaN,NaN,NaN,NaN,NaN,NaN,NaN,NaN,NaN,NaN,NaN,NaN,NaN,NaN,NaN,NaN,NaN,-0.0499616571001399,-0.0499591158208087,-0.0499775520994246,-0.0499860363230645,NaN,NaN,NaN,NaN,NaN,NaN,NaN,NaN,NaN,NaN,NaN,NaN,NaN,NaN,NaN,NaN,NaN,NaN,NaN,NaN,NaN,NaN,NaN,NaN,NaN,NaN,NaN,NaN,NaN,NaN,NaN
NaN,NaN,NaN,NaN,NaN,NaN,NaN,NaN,NaN,NaN,NaN,NaN,NaN,NaN,NaN,NaN,NaN,NaN,NaN,NaN,NaN,NaN,NaN,NaN,NaN,NaN,NaN,NaN,NaN,NaN,NaN,NaN,NaN,NaN,NaN,NaN,NaN,NaN,NaN,NaN,NaN,NaN,NaN,NaN,NaN,NaN,NaN,NaN,NaN,NaN,NaN,NaN,NaN,NaN,NaN,NaN,NaN,NaN,NaN,NaN,NaN,NaN,NaN,NaN,NaN,NaN,NaN,NaN,NaN,NaN,NaN,NaN,NaN,NaN,NaN,NaN,NaN,NaN,NaN,NaN,NaN,NaN,NaN,NaN,NaN,NaN,NaN,NaN,NaN,NaN,NaN,NaN,NaN,NaN,NaN,NaN,NaN,NaN,NaN,NaN,NaN,NaN,NaN,NaN,NaN,NaN,NaN,NaN,NaN,NaN,NaN,NaN,NaN,NaN,NaN,NaN,NaN,NaN,NaN,NaN,NaN,NaN,NaN,NaN,NaN,NaN,NaN,NaN,NaN,NaN,NaN,NaN,NaN,NaN,NaN,NaN,NaN,NaN,NaN,NaN,NaN,NaN,NaN,NaN,NaN,NaN,NaN,NaN,NaN,NaN,NaN,NaN,NaN,NaN,NaN,NaN,NaN,NaN,NaN,NaN,NaN,NaN,NaN,NaN,NaN,NaN,NaN,NaN,NaN,NaN,NaN,NaN,NaN,NaN,NaN,NaN,NaN,NaN,NaN,NaN,NaN,NaN,NaN,NaN,NaN,NaN,NaN,NaN,-0.052831072168526,-0.0280538972057578,NaN,NaN,NaN,NaN,NaN,NaN,NaN,NaN,NaN,NaN,NaN,NaN,NaN,NaN,NaN,NaN,NaN,NaN,NaN,NaN,-0.0499778717153285,-0.0499762965868598,-0.0499882779102853,-0.0500051959426455,NaN,NaN,NaN,NaN,NaN,NaN,NaN,NaN,NaN,NaN,NaN,NaN,NaN,NaN,NaN,NaN,NaN,NaN,NaN,NaN,NaN,NaN,NaN,NaN,NaN,NaN,NaN,NaN,NaN,NaN,NaN
NaN,NaN,NaN,NaN,NaN,NaN,NaN,NaN,NaN,NaN,NaN,NaN,NaN,NaN,NaN,NaN,NaN,NaN,NaN,NaN,NaN,NaN,NaN,NaN,NaN,NaN,NaN,NaN,NaN,NaN,NaN,NaN,NaN,NaN,NaN,NaN,NaN,NaN,NaN,NaN,NaN,NaN,NaN,NaN,NaN,NaN,NaN,NaN,NaN,NaN,NaN,NaN,NaN,NaN,NaN,NaN,NaN,NaN,NaN,NaN,NaN,NaN,NaN,NaN,NaN,NaN,NaN,NaN,NaN,NaN,NaN,NaN,NaN,NaN,NaN,NaN,NaN,NaN,NaN,NaN,NaN,NaN,NaN,NaN,NaN,NaN,NaN,NaN,NaN,NaN,NaN,NaN,NaN,NaN,NaN,NaN,NaN,NaN,NaN,NaN,NaN,NaN,NaN,NaN,NaN,NaN,NaN,NaN,NaN,NaN,NaN,NaN,NaN,NaN,NaN,NaN,NaN,NaN,NaN,NaN,NaN,NaN,NaN,NaN,NaN,NaN,NaN,NaN,NaN,NaN,NaN,NaN,NaN,NaN,NaN,NaN,NaN,NaN,NaN,NaN,NaN,NaN,NaN,NaN,NaN,NaN,NaN,NaN,NaN,NaN,NaN,NaN,NaN,NaN,NaN,NaN,NaN,NaN,NaN,NaN,NaN,NaN,NaN,NaN,NaN,NaN,NaN,NaN,NaN,NaN,NaN,NaN,NaN,NaN,NaN,NaN,NaN,NaN,NaN,NaN,NaN,NaN,NaN,NaN,NaN,NaN,NaN,NaN,-0.0530044584473183,-0.0534485757272394,NaN,NaN,NaN,NaN,NaN,NaN,NaN,NaN,NaN,NaN,NaN,NaN,NaN,NaN,NaN,NaN,NaN,NaN,NaN,NaN,-0.0494737138332328,-0.0500020877610375,-0.0499980276377426,-0.050018763026149,-0.0500214182815253,NaN,NaN,NaN,NaN,NaN,NaN,NaN,NaN,NaN,NaN,NaN,NaN,NaN,NaN,NaN,NaN,NaN,NaN,NaN,NaN,NaN,NaN,NaN,NaN,NaN,NaN,NaN,NaN,NaN,NaN
NaN,NaN,NaN,NaN,NaN,NaN,NaN,NaN,NaN,NaN,NaN,NaN,NaN,NaN,NaN,NaN,NaN,NaN,NaN,NaN,NaN,NaN,NaN,NaN,NaN,NaN,NaN,NaN,NaN,NaN,NaN,NaN,NaN,NaN,NaN,NaN,NaN,NaN,NaN,NaN,NaN,NaN,NaN,NaN,NaN,NaN,NaN,NaN,NaN,NaN,NaN,NaN,NaN,NaN,NaN,NaN,NaN,NaN,NaN,NaN,NaN,NaN,NaN,NaN,NaN,NaN,NaN,NaN,NaN,NaN,NaN,NaN,NaN,NaN,NaN,NaN,NaN,NaN,NaN,NaN,NaN,NaN,NaN,NaN,NaN,NaN,NaN,NaN,NaN,NaN,NaN,NaN,NaN,NaN,NaN,NaN,NaN,NaN,NaN,NaN,NaN,NaN,NaN,NaN,NaN,NaN,NaN,NaN,NaN,NaN,NaN,NaN,NaN,NaN,NaN,NaN,NaN,NaN,NaN,NaN,NaN,NaN,NaN,NaN,NaN,NaN,NaN,NaN,NaN,NaN,NaN,NaN,NaN,NaN,NaN,NaN,NaN,NaN,NaN,NaN,NaN,NaN,NaN,NaN,NaN,NaN,NaN,NaN,NaN,NaN,NaN,NaN,NaN,NaN,NaN,NaN,NaN,NaN,NaN,NaN,NaN,NaN,NaN,NaN,NaN,NaN,NaN,NaN,NaN,NaN,NaN,NaN,NaN,NaN,NaN,NaN,NaN,NaN,NaN,NaN,NaN,NaN,NaN,NaN,NaN,NaN,NaN,NaN,-0.0526599139480678,NaN,NaN,NaN,NaN,NaN,NaN,NaN,NaN,NaN,NaN,NaN,NaN,NaN,NaN,NaN,NaN,NaN,NaN,NaN,NaN,NaN,NaN,-0.0495239947014473,-0.0500206236182205,-0.0500190808224764,-0.0500243730794469,NaN,NaN,NaN,NaN,NaN,NaN,NaN,NaN,NaN,NaN,NaN,NaN,NaN,NaN,NaN,NaN,NaN,NaN,NaN,NaN,NaN,NaN,NaN,NaN,NaN,NaN,NaN,NaN,NaN,NaN
NaN,NaN,NaN,NaN,NaN,NaN,NaN,NaN,NaN,NaN,NaN,NaN,NaN,NaN,NaN,NaN,NaN,NaN,NaN,NaN,NaN,NaN,NaN,NaN,NaN,NaN,NaN,NaN,NaN,NaN,NaN,NaN,NaN,NaN,NaN,NaN,NaN,NaN,NaN,NaN,NaN,NaN,NaN,NaN,NaN,NaN,NaN,NaN,NaN,NaN,NaN,NaN,NaN,NaN,NaN,NaN,NaN,NaN,NaN,NaN,NaN,NaN,NaN,NaN,NaN,NaN,NaN,NaN,NaN,NaN,NaN,NaN,NaN,NaN,NaN,NaN,NaN,NaN,NaN,NaN,NaN,NaN,NaN,NaN,NaN,NaN,NaN,NaN,NaN,NaN,NaN,NaN,NaN,NaN,NaN,NaN,NaN,NaN,NaN,NaN,NaN,NaN,NaN,NaN,NaN,NaN,NaN,NaN,NaN,NaN,NaN,NaN,NaN,NaN,NaN,NaN,NaN,NaN,NaN,NaN,NaN,NaN,NaN,NaN,NaN,NaN,NaN,NaN,NaN,NaN,NaN,NaN,NaN,NaN,NaN,NaN,NaN,NaN,NaN,NaN,NaN,NaN,NaN,NaN,NaN,NaN,NaN,NaN,NaN,NaN,NaN,NaN,NaN,NaN,NaN,NaN,NaN,NaN,NaN,NaN,NaN,NaN,NaN,NaN,NaN,NaN,NaN,NaN,NaN,NaN,NaN,NaN,NaN,NaN,NaN,NaN,NaN,NaN,NaN,NaN,NaN,NaN,NaN,NaN,NaN,NaN,NaN,NaN,-0.0530149629273568,-0.0483771617805463,NaN,NaN,NaN,NaN,-4.19711895173804e-20,1.5707828960137e-19,NaN,NaN,NaN,NaN,NaN,NaN,NaN,NaN,NaN,NaN,NaN,NaN,NaN,NaN,NaN,NaN,-0.0495286272091944,-0.0500376303168176,-0.0500110809035197,NaN,NaN,NaN,NaN,NaN,NaN,NaN,NaN,NaN,NaN,NaN,NaN,NaN,NaN,NaN,NaN,NaN,NaN,NaN,NaN,NaN,NaN,NaN,NaN,NaN,NaN,NaN,NaN,NaN,NaN
NaN,NaN,NaN,NaN,NaN,NaN,NaN,NaN,NaN,NaN,NaN,NaN,NaN,NaN,NaN,NaN,NaN,NaN,NaN,NaN,NaN,NaN,NaN,NaN,NaN,NaN,NaN,NaN,NaN,NaN,NaN,NaN,NaN,NaN,NaN,NaN,NaN,NaN,NaN,NaN,NaN,NaN,NaN,NaN,NaN,NaN,NaN,NaN,NaN,NaN,NaN,NaN,NaN,NaN,NaN,NaN,NaN,NaN,NaN,NaN,NaN,NaN,NaN,NaN,NaN,NaN,NaN,NaN,NaN,NaN,NaN,NaN,NaN,NaN,NaN,NaN,NaN,NaN,NaN,NaN,NaN,NaN,NaN,NaN,NaN,NaN,NaN,NaN,NaN,NaN,NaN,NaN,NaN,NaN,NaN,NaN,NaN,NaN,NaN,NaN,NaN,NaN,NaN,NaN,NaN,NaN,NaN,NaN,NaN,NaN,NaN,NaN,NaN,NaN,NaN,NaN,NaN,NaN,NaN,NaN,NaN,NaN,NaN,NaN,NaN,NaN,NaN,NaN,NaN,NaN,NaN,NaN,NaN,NaN,NaN,NaN,NaN,NaN,NaN,NaN,NaN,NaN,NaN,NaN,NaN,NaN,NaN,NaN,NaN,NaN,NaN,NaN,NaN,NaN,NaN,NaN,NaN,NaN,NaN,NaN,NaN,NaN,NaN,NaN,NaN,NaN,NaN,NaN,NaN,NaN,NaN,NaN,NaN,NaN,NaN,NaN,NaN,NaN,NaN,NaN,NaN,NaN,NaN,NaN,NaN,NaN,NaN,NaN,-0.0530695972443855,-0.0532790158140005,NaN,NaN,NaN,NaN,7.16020398299487e-20,7.59198773910357e-20,NaN,NaN,NaN,NaN,NaN,NaN,NaN,NaN,NaN,NaN,NaN,NaN,NaN,NaN,NaN,NaN,NaN,NaN,NaN,NaN,NaN,NaN,NaN,NaN,NaN,NaN,NaN,NaN,NaN,NaN,NaN,NaN,NaN,NaN,NaN,NaN,NaN,NaN,NaN,NaN,NaN,NaN,NaN,NaN,NaN,NaN,NaN,NaN,NaN
NaN,NaN,NaN,NaN,NaN,NaN,NaN,NaN,NaN,NaN,NaN,NaN,NaN,NaN,NaN,NaN,NaN,NaN,NaN,NaN,NaN,NaN,NaN,NaN,NaN,NaN,NaN,NaN,NaN,NaN,NaN,NaN,NaN,NaN,NaN,NaN,NaN,NaN,NaN,NaN,NaN,NaN,NaN,NaN,NaN,NaN,NaN,NaN,NaN,NaN,NaN,NaN,NaN,NaN,NaN,NaN,NaN,NaN,NaN,NaN,NaN,NaN,NaN,NaN,NaN,NaN,NaN,NaN,NaN,NaN,NaN,NaN,NaN,NaN,NaN,NaN,NaN,NaN,NaN,NaN,NaN,NaN,NaN,NaN,NaN,NaN,NaN,NaN,NaN,NaN,NaN,NaN,NaN,NaN,NaN,NaN,NaN,NaN,NaN,NaN,NaN,NaN,NaN,NaN,NaN,NaN,NaN,NaN,NaN,NaN,NaN,NaN,NaN,NaN,NaN,NaN,NaN,NaN,NaN,NaN,NaN,NaN,NaN,NaN,NaN,NaN,NaN,NaN,NaN,NaN,NaN,NaN,NaN,NaN,NaN,NaN,NaN,NaN,NaN,NaN,NaN,NaN,NaN,NaN,NaN,NaN,NaN,NaN,NaN,NaN,NaN,NaN,NaN,NaN,NaN,NaN,NaN,NaN,NaN,NaN,NaN,NaN,NaN,NaN,NaN,NaN,NaN,NaN,NaN,NaN,NaN,NaN,NaN,NaN,NaN,NaN,NaN,NaN,NaN,NaN,NaN,NaN,NaN,NaN,NaN,NaN,-0.0525178084406809,-0.0523725240438019,-0.0530585216333468,-0.0476560569555341,NaN,NaN,NaN,NaN,NaN,NaN,NaN,NaN,NaN,NaN,NaN,NaN,NaN,NaN,NaN,NaN,NaN,NaN,NaN,NaN,NaN,NaN,NaN,NaN,NaN,NaN,NaN,NaN,NaN,NaN,NaN,NaN,NaN,NaN,NaN,NaN,NaN,NaN,NaN,NaN,NaN,NaN,NaN,NaN,NaN,NaN,NaN,NaN,NaN,NaN,NaN,NaN,NaN,NaN,NaN
NaN,NaN,NaN,NaN,NaN,NaN,NaN,NaN,NaN,NaN,NaN,NaN,NaN,NaN,NaN,NaN,NaN,NaN,NaN,NaN,NaN,NaN,NaN,NaN,NaN,NaN,NaN,NaN,NaN,NaN,NaN,NaN,NaN,NaN,NaN,NaN,NaN,NaN,NaN,NaN,NaN,NaN,NaN,NaN,NaN,NaN,NaN,NaN,NaN,NaN,NaN,NaN,NaN,NaN,NaN,NaN,NaN,NaN,NaN,NaN,NaN,NaN,NaN,NaN,NaN,NaN,NaN,NaN,NaN,NaN,NaN,NaN,NaN,NaN,NaN,NaN,NaN,NaN,NaN,NaN,NaN,NaN,NaN,NaN,NaN,NaN,NaN,NaN,NaN,NaN,NaN,NaN,NaN,NaN,NaN,NaN,NaN,NaN,NaN,NaN,NaN,NaN,NaN,NaN,NaN,NaN,NaN,NaN,NaN,NaN,NaN,NaN,NaN,NaN,NaN,NaN,NaN,NaN,NaN,NaN,NaN,NaN,NaN,NaN,NaN,NaN,NaN,NaN,NaN,NaN,NaN,NaN,NaN,NaN,NaN,NaN,NaN,NaN,NaN,NaN,NaN,NaN,NaN,NaN,NaN,NaN,NaN,NaN,NaN,NaN,NaN,NaN,NaN,NaN,NaN,NaN,NaN,NaN,NaN,NaN,NaN,NaN,NaN,NaN,NaN,NaN,NaN,NaN,NaN,NaN,NaN,NaN,NaN,NaN,NaN,NaN,NaN,NaN,NaN,NaN,NaN,NaN,NaN,NaN,NaN,NaN,-0.0525177544734142,-0.0525100244645839,NaN,NaN,NaN,NaN,NaN,NaN,NaN,NaN,NaN,NaN,NaN,NaN,NaN,NaN,NaN,NaN,NaN,NaN,NaN,NaN,NaN,NaN,NaN,NaN,NaN,NaN,NaN,NaN,NaN,NaN,NaN,NaN,NaN,NaN,NaN,NaN,NaN,NaN,NaN,NaN,NaN,NaN,NaN,NaN,NaN,NaN,NaN,NaN,NaN,NaN,NaN,NaN,NaN,NaN,NaN,NaN,NaN
NaN,NaN,NaN,NaN,NaN,NaN,NaN,NaN,NaN,NaN,NaN,NaN,NaN,NaN,NaN,NaN,NaN,NaN,NaN,NaN,NaN,NaN,NaN,NaN,NaN,NaN,NaN,NaN,NaN,NaN,NaN,NaN,NaN,NaN,NaN,NaN,NaN,NaN,NaN,NaN,NaN,NaN,NaN,NaN,NaN,NaN,NaN,NaN,NaN,NaN,NaN,NaN,NaN,NaN,NaN,NaN,NaN,NaN,NaN,NaN,NaN,NaN,NaN,NaN,NaN,NaN,NaN,NaN,NaN,NaN,NaN,NaN,NaN,NaN,NaN,NaN,NaN,NaN,NaN,NaN,NaN,NaN,NaN,NaN,NaN,NaN,NaN,NaN,NaN,NaN,NaN,NaN,NaN,NaN,NaN,NaN,NaN,NaN,NaN,NaN,NaN,NaN,NaN,NaN,NaN,NaN,NaN,NaN,NaN,NaN,NaN,NaN,NaN,NaN,NaN,NaN,NaN,NaN,NaN,NaN,NaN,NaN,NaN,NaN,NaN,NaN,NaN,NaN,NaN,NaN,NaN,NaN,NaN,NaN,NaN,NaN,NaN,NaN,NaN,NaN,NaN,NaN,NaN,NaN,NaN,NaN,NaN,NaN,NaN,NaN,NaN,NaN,NaN,NaN,NaN,NaN,NaN,NaN,NaN,NaN,NaN,NaN,NaN,NaN,NaN,NaN,NaN,NaN,NaN,NaN,NaN,NaN,NaN,NaN,NaN,NaN,NaN,NaN,NaN,NaN,NaN,NaN,NaN,NaN,NaN,NaN,-0.0524661404601004,-0.0525967078430158,NaN,NaN,NaN,NaN,NaN,NaN,NaN,NaN,NaN,NaN,NaN,NaN,NaN,NaN,NaN,NaN,NaN,NaN,NaN,NaN,NaN,NaN,NaN,NaN,NaN,NaN,NaN,NaN,NaN,NaN,NaN,NaN,NaN,NaN,NaN,NaN,NaN,NaN,NaN,NaN,NaN,NaN,NaN,NaN,NaN,NaN,NaN,NaN,NaN,NaN,NaN,NaN,NaN,NaN,NaN,NaN,NaN
NaN,NaN,NaN,NaN,NaN,NaN,NaN,NaN,NaN,NaN,NaN,NaN,NaN,NaN,NaN,NaN,NaN,NaN,NaN,NaN,NaN,NaN,NaN,NaN,NaN,NaN,NaN,NaN,NaN,NaN,NaN,NaN,NaN,NaN,NaN,NaN,NaN,NaN,NaN,NaN,NaN,NaN,NaN,NaN,NaN,NaN,NaN,NaN,NaN,NaN,NaN,NaN,NaN,NaN,NaN,NaN,NaN,NaN,NaN,NaN,NaN,NaN,NaN,NaN,NaN,NaN,NaN,NaN,NaN,NaN,NaN,NaN,NaN,NaN,NaN,NaN,NaN,NaN,NaN,NaN,NaN,NaN,NaN,NaN,NaN,NaN,NaN,NaN,NaN,NaN,NaN,NaN,NaN,NaN,NaN,NaN,NaN,NaN,NaN,NaN,NaN,NaN,NaN,NaN,NaN,NaN,NaN,NaN,NaN,NaN,NaN,NaN,NaN,NaN,NaN,NaN,NaN,NaN,NaN,NaN,NaN,NaN,NaN,NaN,NaN,NaN,NaN,NaN,NaN,NaN,NaN,NaN,NaN,NaN,NaN,NaN,NaN,NaN,NaN,NaN,NaN,NaN,NaN,NaN,NaN,NaN,NaN,NaN,NaN,NaN,NaN,NaN,NaN,NaN,NaN,NaN,NaN,NaN,NaN,NaN,NaN,NaN,NaN,NaN,NaN,NaN,NaN,NaN,NaN,NaN,NaN,NaN,NaN,NaN,NaN,NaN,NaN,NaN,NaN,NaN,NaN,NaN,NaN,NaN,NaN,NaN,-0.0520775880579284,NaN,NaN,NaN,NaN,NaN,NaN,NaN,NaN,NaN,NaN,NaN,NaN,NaN,NaN,NaN,NaN,NaN,NaN,NaN,NaN,NaN,NaN,NaN,NaN,NaN,NaN,NaN,NaN,NaN,NaN,NaN,NaN,NaN,NaN,NaN,NaN,NaN,NaN,NaN,NaN,NaN,NaN,NaN,NaN,NaN,NaN,NaN,NaN,NaN,NaN,NaN,NaN,NaN,NaN,NaN,NaN,NaN,NaN
NaN,NaN,NaN,NaN,NaN,NaN,NaN,NaN,NaN,NaN,NaN,NaN,NaN,NaN,NaN,NaN,NaN,NaN,NaN,NaN,NaN,NaN,NaN,NaN,NaN,NaN,NaN,NaN,NaN,NaN,NaN,NaN,NaN,NaN,NaN,NaN,NaN,NaN,NaN,NaN,NaN,NaN,NaN,NaN,NaN,NaN,NaN,NaN,NaN,NaN,NaN,NaN,NaN,NaN,NaN,NaN,NaN,NaN,NaN,NaN,NaN,NaN,NaN,NaN,NaN,NaN,NaN,NaN,NaN,NaN,NaN,NaN,NaN,NaN,NaN,NaN,NaN,NaN,NaN,NaN,NaN,NaN,NaN,NaN,NaN,NaN,NaN,NaN,NaN,NaN,NaN,NaN,NaN,NaN,NaN,NaN,NaN,NaN,NaN,NaN,NaN,NaN,NaN,NaN,NaN,NaN,NaN,NaN,NaN,NaN,NaN,NaN,NaN,NaN,NaN,NaN,NaN,NaN,NaN,NaN,NaN,NaN,NaN,NaN,NaN,NaN,NaN,NaN,NaN,NaN,NaN,NaN,NaN,NaN,NaN,NaN,NaN,NaN,NaN,NaN,NaN,NaN,NaN,NaN,NaN,NaN,NaN,NaN,NaN,NaN,NaN,NaN,NaN,NaN,NaN,NaN,NaN,NaN,NaN,NaN,NaN,NaN,NaN,NaN,NaN,NaN,NaN,NaN,NaN,NaN,NaN,NaN,NaN,NaN,NaN,NaN,NaN,NaN,NaN,NaN,NaN,NaN,NaN,NaN,NaN,-0.0151294277172609,-0.0518902325798421,NaN,NaN,NaN,NaN,NaN,NaN,NaN,NaN,NaN,NaN,NaN,NaN,NaN,NaN,NaN,NaN,NaN,NaN,NaN,NaN,NaN,NaN,NaN,NaN,NaN,NaN,NaN,NaN,NaN,NaN,NaN,NaN,NaN,NaN,NaN,NaN,NaN,NaN,NaN,NaN,NaN,NaN,NaN,NaN,NaN,NaN,NaN,NaN,NaN,NaN,NaN,NaN,NaN,NaN,NaN,NaN,NaN,NaN
NaN,NaN,NaN,NaN,NaN,NaN,NaN,NaN,NaN,NaN,NaN,NaN,NaN,NaN,NaN,NaN,NaN,NaN,NaN,NaN,NaN,NaN,NaN,NaN,NaN,NaN,NaN,NaN,NaN,NaN,NaN,NaN,NaN,NaN,NaN,NaN,NaN,NaN,NaN,NaN,NaN,NaN,NaN,NaN,NaN,NaN,NaN,NaN,NaN,NaN,NaN,NaN,NaN,NaN,NaN,NaN,NaN,NaN,NaN,NaN,NaN,NaN,NaN,NaN,NaN,NaN,NaN,NaN,NaN,NaN,NaN,NaN,NaN,NaN,NaN,NaN,NaN,NaN,NaN,NaN,NaN,NaN,NaN,NaN,NaN,NaN,NaN,NaN,NaN,NaN,NaN,NaN,NaN,NaN,NaN,NaN,NaN,NaN,NaN,NaN,NaN,NaN,NaN,NaN,NaN,NaN,NaN,NaN,NaN,NaN,NaN,NaN,NaN,NaN,NaN,NaN,NaN,NaN,NaN,NaN,NaN,NaN,NaN,NaN,NaN,NaN,NaN,NaN,NaN,NaN,NaN,NaN,NaN,NaN,NaN,NaN,NaN,NaN,NaN,NaN,NaN,NaN,NaN,NaN,NaN,NaN,NaN,NaN,NaN,NaN,NaN,NaN,NaN,NaN,NaN,NaN,NaN,NaN,NaN,NaN,NaN,NaN,NaN,NaN,NaN,NaN,NaN,NaN,NaN,NaN,NaN,NaN,NaN,NaN,NaN,NaN,NaN,NaN,NaN,NaN,NaN,NaN,NaN,NaN,0.00307347725895036,-0.0156593185918638,NaN,NaN,NaN,NaN,NaN,NaN,NaN,NaN,NaN,NaN,NaN,NaN,NaN,NaN,NaN,NaN,NaN,NaN,NaN,NaN,NaN,NaN,NaN,NaN,NaN,NaN,NaN,NaN,NaN,NaN,NaN,NaN,NaN,NaN,NaN,NaN,NaN,NaN,NaN,NaN,NaN,NaN,NaN,NaN,NaN,NaN,NaN,NaN,NaN,NaN,NaN,NaN,NaN,NaN,NaN,NaN,NaN,NaN,NaN
NaN,NaN,NaN,NaN,NaN,NaN,NaN,NaN,NaN,NaN,NaN,NaN,NaN,NaN,NaN,NaN,NaN,NaN,NaN,NaN,NaN,NaN,NaN,NaN,NaN,NaN,NaN,NaN,NaN,NaN,NaN,NaN,NaN,NaN,NaN,NaN,NaN,NaN,NaN,NaN,NaN,NaN,NaN,NaN,NaN,NaN,NaN,NaN,NaN,NaN,NaN,NaN,NaN,NaN,NaN,NaN,NaN,NaN,NaN,NaN,NaN,NaN,NaN,NaN,NaN,NaN,NaN,NaN,NaN,NaN,NaN,NaN,NaN,NaN,NaN,NaN,NaN,NaN,NaN,NaN,NaN,NaN,NaN,NaN,NaN,NaN,NaN,NaN,NaN,NaN,NaN,NaN,NaN,NaN,NaN,NaN,NaN,NaN,NaN,NaN,NaN,NaN,NaN,NaN,NaN,NaN,NaN,NaN,NaN,NaN,NaN,NaN,NaN,NaN,NaN,NaN,NaN,NaN,NaN,NaN,NaN,NaN,NaN,NaN,NaN,NaN,NaN,NaN,NaN,NaN,NaN,NaN,NaN,NaN,NaN,NaN,NaN,NaN,NaN,NaN,NaN,NaN,NaN,NaN,NaN,NaN,NaN,NaN,NaN,NaN,NaN,NaN,NaN,NaN,NaN,NaN,NaN,NaN,NaN,NaN,NaN,NaN,NaN,NaN,NaN,NaN,NaN,NaN,NaN,NaN,NaN,NaN,NaN,NaN,NaN,NaN,NaN,NaN,NaN,NaN,NaN,NaN,NaN,0.00274796097858612,-0.0158595442534768,-0.0161501287455015,NaN,NaN,NaN,NaN,NaN,NaN,NaN,NaN,NaN,NaN,NaN,NaN,NaN,NaN,NaN,NaN,NaN,NaN,NaN,NaN,NaN,NaN,NaN,NaN,NaN,NaN,NaN,NaN,NaN,NaN,NaN,NaN,NaN,NaN,NaN,NaN,NaN,NaN,NaN,NaN,NaN,NaN,NaN,NaN,NaN,NaN,NaN,NaN,NaN,NaN,NaN,NaN,NaN,NaN,NaN,NaN,NaN,NaN,NaN
NaN,NaN,NaN,NaN,NaN,NaN,NaN,NaN,NaN,NaN,NaN,NaN,NaN,NaN,NaN,NaN,NaN,NaN,NaN,NaN,NaN,NaN,NaN,NaN,NaN,NaN,NaN,NaN,NaN,NaN,NaN,NaN,NaN,NaN,NaN,NaN,NaN,NaN,NaN,NaN,NaN,NaN,NaN,NaN,NaN,NaN,NaN,NaN,NaN,NaN,NaN,NaN,NaN,NaN,NaN,NaN,NaN,NaN,NaN,NaN,NaN,NaN,NaN,NaN,NaN,NaN,NaN,NaN,NaN,NaN,NaN,NaN,NaN,NaN,NaN,NaN,NaN,NaN,NaN,NaN,NaN,NaN,NaN,NaN,NaN,NaN,NaN,NaN,NaN,NaN,NaN,NaN,NaN,NaN,NaN,NaN,NaN,NaN,NaN,NaN,NaN,NaN,NaN,NaN,NaN,NaN,NaN,NaN,NaN,NaN,NaN,NaN,NaN,NaN,NaN,NaN,NaN,NaN,NaN,NaN,NaN,NaN,NaN,NaN,NaN,NaN,NaN,NaN,NaN,NaN,NaN,NaN,NaN,NaN,NaN,NaN,NaN,NaN,NaN,NaN,NaN,NaN,NaN,NaN,NaN,NaN,NaN,NaN,NaN,NaN,NaN,NaN,NaN,NaN,NaN,NaN,NaN,NaN,NaN,NaN,NaN,NaN,NaN,NaN,NaN,NaN,NaN,NaN,NaN,NaN,NaN,NaN,NaN,NaN,NaN,NaN,NaN,NaN,NaN,NaN,NaN,NaN,NaN,-0.015868275733853,-0.0157312340403431,NaN,NaN,NaN,NaN,NaN,NaN,NaN,NaN,NaN,NaN,NaN,NaN,NaN,NaN,NaN,NaN,NaN,NaN,NaN,NaN,NaN,NaN,NaN,NaN,NaN,NaN,NaN,NaN,NaN,NaN,NaN,NaN,NaN,NaN,NaN,NaN,NaN,NaN,NaN,NaN,NaN,NaN,NaN,NaN,NaN,NaN,NaN,NaN,NaN,NaN,NaN,NaN,NaN,NaN,NaN,NaN,NaN,NaN,NaN,NaN
NaN,NaN,NaN,NaN,NaN,NaN,NaN,NaN,NaN,NaN,NaN,NaN,NaN,NaN,NaN,NaN,NaN,NaN,NaN,NaN,NaN,NaN,NaN,NaN,NaN,NaN,NaN,NaN,NaN,NaN,NaN,NaN,NaN,NaN,NaN,NaN,NaN,NaN,NaN,NaN,NaN,NaN,NaN,NaN,NaN,NaN,NaN,NaN,NaN,NaN,NaN,NaN,NaN,NaN,NaN,NaN,NaN,NaN,NaN,NaN,NaN,NaN,NaN,NaN,NaN,NaN,NaN,NaN,NaN,NaN,NaN,NaN,NaN,NaN,NaN,NaN,NaN,NaN,NaN,NaN,NaN,NaN,NaN,NaN,NaN,NaN,NaN,NaN,NaN,NaN,NaN,NaN,NaN,NaN,NaN,NaN,NaN,NaN,NaN,NaN,NaN,NaN,NaN,NaN,NaN,NaN,NaN,NaN,NaN,NaN,NaN,NaN,NaN,NaN,NaN,NaN,NaN,NaN,NaN,NaN,NaN,NaN,NaN,NaN,NaN,NaN,NaN,NaN,NaN,NaN,NaN,NaN,NaN,NaN,NaN,NaN,NaN,NaN,NaN,NaN,NaN,NaN,NaN,NaN,NaN,NaN,NaN,NaN,NaN,NaN,NaN,NaN,NaN,NaN,NaN,NaN,NaN,NaN,NaN,NaN,NaN,NaN,NaN,NaN,NaN,NaN,NaN,NaN,NaN,NaN,NaN,NaN,NaN,NaN,NaN,NaN,NaN,NaN,NaN,NaN,NaN,NaN,NaN,-0.0103467313707578,-0.0157370403077816,NaN,NaN,NaN,NaN,NaN,NaN,NaN,NaN,NaN,NaN,NaN,NaN,NaN,NaN,NaN,NaN,NaN,NaN,NaN,NaN,NaN,NaN,NaN,NaN,NaN,NaN,NaN,NaN,NaN,NaN,NaN,NaN,NaN,NaN,NaN,NaN,NaN,NaN,NaN,NaN,NaN,NaN,NaN,NaN,NaN,NaN,NaN,NaN,NaN,NaN,NaN,NaN,NaN,NaN,NaN,NaN,NaN,NaN,NaN,NaN
NaN,NaN,NaN,NaN,NaN,NaN,NaN,NaN,NaN,NaN,NaN,NaN,NaN,NaN,NaN,NaN,NaN,NaN,NaN,NaN,NaN,NaN,NaN,NaN,NaN,NaN,NaN,NaN,NaN,NaN,NaN,NaN,NaN,NaN,NaN,NaN,NaN,NaN,NaN,NaN,NaN,NaN,NaN,NaN,NaN,NaN,NaN,NaN,NaN,NaN,NaN,NaN,NaN,NaN,NaN,NaN,NaN,NaN,NaN,NaN,NaN,NaN,NaN,NaN,NaN,NaN,NaN,NaN,NaN,NaN,NaN,NaN,NaN,NaN,NaN,NaN,NaN,NaN,NaN,NaN,NaN,NaN,NaN,NaN,NaN,NaN,NaN,NaN,NaN,NaN,NaN,NaN,NaN,NaN,NaN,NaN,NaN,NaN,NaN,NaN,NaN,NaN,NaN,NaN,NaN,NaN,NaN,NaN,NaN,NaN,NaN,NaN,NaN,NaN,NaN,NaN,NaN,NaN,NaN,NaN,NaN,NaN,NaN,NaN,NaN,NaN,NaN,NaN,NaN,NaN,NaN,NaN,NaN,NaN,NaN,NaN,NaN,NaN,NaN,NaN,NaN,NaN,NaN,NaN,NaN,NaN,NaN,NaN,NaN,NaN,NaN,NaN,NaN,NaN,NaN,NaN,NaN,NaN,NaN,NaN,NaN,NaN,NaN,NaN,NaN,NaN,NaN,NaN,NaN,NaN,NaN,NaN,NaN,NaN,NaN,NaN,NaN,NaN,NaN,NaN,NaN,NaN,NaN,0.034312423829425,-0.0102971738168731,NaN,NaN,NaN,NaN,NaN,NaN,NaN,NaN,NaN,NaN,NaN,NaN,NaN,NaN,NaN,NaN,NaN,NaN,NaN,NaN,NaN,NaN,NaN,NaN,NaN,NaN,NaN,NaN,NaN,NaN,NaN,NaN,NaN,NaN,NaN,NaN,NaN,NaN,NaN,NaN,NaN,NaN,NaN,NaN,NaN,NaN,NaN,NaN,NaN,NaN,NaN,NaN,NaN,NaN,NaN,NaN,NaN,NaN,NaN,NaN
NaN,NaN,NaN,NaN,NaN,NaN,NaN,NaN,NaN,NaN,NaN,NaN,NaN,NaN,NaN,NaN,NaN,NaN,NaN,NaN,NaN,NaN,NaN,NaN,NaN,NaN,NaN,NaN,NaN,NaN,NaN,NaN,NaN,NaN,NaN,NaN,NaN,NaN,NaN,NaN,NaN,NaN,NaN,NaN,NaN,NaN,NaN,NaN,NaN,NaN,NaN,NaN,NaN,NaN,NaN,NaN,NaN,NaN,NaN,NaN,NaN,NaN,NaN,NaN,NaN,NaN,NaN,NaN,NaN,NaN,NaN,NaN,NaN,NaN,NaN,NaN,NaN,NaN,NaN,NaN,NaN,NaN,NaN,NaN,NaN,NaN,NaN,NaN,NaN,NaN,NaN,NaN,NaN,NaN,NaN,NaN,NaN,NaN,NaN,NaN,NaN,NaN,NaN,NaN,NaN,NaN,NaN,NaN,NaN,NaN,NaN,NaN,NaN,NaN,NaN,NaN,NaN,NaN,NaN,NaN,NaN,NaN,NaN,NaN,NaN,NaN,NaN,NaN,NaN,NaN,NaN,NaN,NaN,NaN,NaN,NaN,NaN,NaN,NaN,NaN,NaN,NaN,NaN,NaN,NaN,NaN,NaN,NaN,NaN,NaN,NaN,NaN,NaN,NaN,NaN,NaN,NaN,NaN,NaN,NaN,NaN,NaN,NaN,NaN,NaN,NaN,NaN,NaN,NaN,NaN,NaN,NaN,NaN,NaN,NaN,NaN,NaN,NaN,NaN,NaN,NaN,NaN,0.0342253499049942,0.033586229016448,0.0342183034120124,NaN,NaN,NaN,NaN,NaN,NaN,NaN,NaN,NaN,NaN,NaN,NaN,NaN,NaN,NaN,NaN,NaN,NaN,NaN,NaN,NaN,NaN,NaN,NaN,NaN,NaN,NaN,NaN,NaN,NaN,NaN,NaN,NaN,NaN,NaN,NaN,NaN,NaN,NaN,NaN,NaN,NaN,NaN,NaN,NaN,NaN,NaN,NaN,NaN,NaN,NaN,NaN,NaN,NaN,NaN,NaN,NaN,NaN,NaN,NaN
NaN,NaN,NaN,NaN,NaN,NaN,NaN,NaN,NaN,NaN,NaN,NaN,NaN,NaN,NaN,NaN,NaN,NaN,NaN,NaN,NaN,NaN,NaN,NaN,NaN,NaN,NaN,NaN,NaN,NaN,NaN,NaN,NaN,NaN,NaN,NaN,NaN,NaN,NaN,NaN,NaN,NaN,NaN,NaN,NaN,NaN,NaN,NaN,NaN,NaN,NaN,NaN,NaN,NaN,NaN,NaN,NaN,NaN,NaN,NaN,NaN,NaN,NaN,NaN,NaN,NaN,NaN,NaN,NaN,NaN,NaN,NaN,NaN,NaN,NaN,NaN,NaN,NaN,NaN,NaN,NaN,NaN,NaN,NaN,NaN,NaN,NaN,NaN,NaN,NaN,NaN,NaN,NaN,NaN,NaN,NaN,NaN,NaN,NaN,NaN,NaN,NaN,NaN,NaN,NaN,NaN,NaN,NaN,NaN,NaN,NaN,NaN,NaN,NaN,NaN,NaN,NaN,NaN,NaN,NaN,NaN,NaN,NaN,NaN,NaN,NaN,NaN,NaN,NaN,NaN,NaN,NaN,NaN,NaN,NaN,NaN,NaN,NaN,NaN,NaN,NaN,NaN,NaN,NaN,NaN,NaN,NaN,NaN,NaN,NaN,NaN,NaN,NaN,NaN,NaN,NaN,NaN,NaN,NaN,NaN,NaN,NaN,NaN,NaN,NaN,NaN,NaN,NaN,NaN,NaN,NaN,NaN,NaN,NaN,NaN,NaN,NaN,NaN,NaN,NaN,NaN,NaN,0.0335964851155312,0.0335962338802147,NaN,NaN,NaN,NaN,NaN,NaN,NaN,NaN,NaN,NaN,NaN,NaN,NaN,NaN,NaN,NaN,NaN,NaN,NaN,NaN,NaN,NaN,NaN,NaN,NaN,NaN,NaN,NaN,NaN,NaN,NaN,NaN,NaN,NaN,NaN,NaN,NaN,NaN,NaN,NaN,NaN,NaN,NaN,NaN,NaN,NaN,NaN,NaN,NaN,NaN,NaN,NaN,NaN,NaN,NaN,NaN,NaN,NaN,NaN,NaN,NaN
NaN,NaN,NaN,NaN,NaN,NaN,NaN,NaN,NaN,NaN,NaN,NaN,NaN,NaN,NaN,NaN,NaN,NaN,NaN,NaN,NaN,NaN,NaN,NaN,NaN,NaN,NaN,NaN,NaN,NaN,NaN,NaN,NaN,NaN,NaN,NaN,NaN,NaN,NaN,NaN,NaN,NaN,NaN,NaN,NaN,NaN,NaN,NaN,NaN,NaN,NaN,NaN,NaN,NaN,NaN,NaN,NaN,NaN,NaN,NaN,NaN,NaN,NaN,NaN,NaN,NaN,NaN,NaN,NaN,NaN,NaN,NaN,NaN,NaN,NaN,NaN,NaN,NaN,NaN,NaN,NaN,NaN,NaN,NaN,NaN,NaN,NaN,NaN,NaN,NaN,NaN,NaN,NaN,NaN,NaN,NaN,NaN,NaN,NaN,NaN,NaN,NaN,NaN,NaN,NaN,NaN,NaN,NaN,NaN,NaN,NaN,NaN,NaN,NaN,NaN,NaN,NaN,NaN,NaN,NaN,NaN,NaN,NaN,NaN,NaN,NaN,NaN,NaN,NaN,NaN,NaN,NaN,NaN,NaN,NaN,NaN,NaN,NaN,NaN,NaN,NaN,NaN,NaN,NaN,NaN,NaN,NaN,NaN,NaN,NaN,NaN,NaN,NaN,NaN,NaN,NaN,NaN,NaN,NaN,NaN,NaN,NaN,NaN,NaN,NaN,NaN,NaN,NaN,NaN,NaN,NaN,NaN,NaN,NaN,NaN,NaN,NaN,NaN,NaN,NaN,NaN,NaN,0.034273966081378,0.0335919896298596,NaN,NaN,NaN,NaN,NaN,NaN,NaN,NaN,NaN,NaN,NaN,NaN,NaN,NaN,NaN,NaN,NaN,NaN,NaN,NaN,NaN,NaN,NaN,NaN,NaN,NaN,NaN,NaN,NaN,NaN,NaN,NaN,NaN,NaN,NaN,NaN,NaN,NaN,NaN,NaN,NaN,NaN,NaN,NaN,NaN,NaN,NaN,NaN,NaN,NaN,NaN,NaN,NaN,NaN,NaN,NaN,NaN,NaN,NaN,NaN,NaN
NaN,NaN,NaN,NaN,NaN,NaN,NaN,NaN,NaN,NaN,NaN,NaN,NaN,NaN,NaN,NaN,NaN,NaN,NaN,NaN,NaN,NaN,NaN,NaN,NaN,NaN,NaN,NaN,NaN,NaN,NaN,NaN,NaN,NaN,NaN,NaN,NaN,NaN,NaN,NaN,NaN,NaN,NaN,NaN,NaN,NaN,NaN,NaN,NaN,NaN,NaN,NaN,NaN,NaN,NaN,NaN,NaN,NaN,NaN,NaN,NaN,NaN,NaN,NaN,NaN,NaN,NaN,NaN,NaN,NaN,NaN,NaN,NaN,NaN,NaN,NaN,NaN,NaN,NaN,NaN,NaN,NaN,NaN,NaN,NaN,NaN,NaN,NaN,NaN,NaN,NaN,NaN,NaN,NaN,NaN,NaN,NaN,NaN,NaN,NaN,NaN,NaN,NaN,NaN,NaN,NaN,NaN,NaN,NaN,NaN,NaN,NaN,NaN,NaN,NaN,NaN,NaN,NaN,NaN,NaN,NaN,NaN,NaN,NaN,NaN,NaN,NaN,NaN,NaN,NaN,NaN,NaN,NaN,NaN,NaN,NaN,NaN,NaN,NaN,NaN,NaN,NaN,NaN,NaN,NaN,NaN,NaN,NaN,NaN,NaN,NaN,NaN,NaN,NaN,NaN,NaN,NaN,NaN,NaN,NaN,NaN,NaN,NaN,NaN,NaN,NaN,NaN,NaN,NaN,NaN,NaN,NaN,NaN,NaN,NaN,NaN,NaN,NaN,NaN,NaN,NaN,NaN,NaN,NaN,NaN,NaN,NaN,NaN,NaN,NaN,NaN,NaN,NaN,NaN,NaN,NaN,NaN,NaN,NaN,NaN,NaN,NaN,NaN,NaN,NaN,NaN,NaN,NaN,NaN,NaN,NaN,NaN,NaN,NaN,NaN,NaN,NaN,NaN,NaN,NaN,NaN,NaN,NaN,NaN,NaN,NaN,NaN,NaN,NaN,NaN,NaN,NaN,NaN,NaN,NaN,NaN,NaN,NaN,NaN,NaN,NaN,NaN,NaN,NaN,NaN
NaN,NaN,NaN,NaN,NaN,NaN,NaN,NaN,NaN,NaN,NaN,NaN,NaN,NaN,NaN,NaN,NaN,NaN,NaN,NaN,NaN,NaN,NaN,NaN,NaN,NaN,NaN,NaN,NaN,NaN,NaN,NaN,NaN,NaN,NaN,NaN,NaN,NaN,NaN,NaN,NaN,NaN,NaN,NaN,NaN,NaN,NaN,NaN,NaN,NaN,NaN,NaN,NaN,NaN,NaN,NaN,NaN,NaN,NaN,NaN,NaN,NaN,NaN,NaN,NaN,NaN,NaN,NaN,NaN,NaN,NaN,NaN,NaN,NaN,NaN,NaN,NaN,NaN,NaN,NaN,NaN,NaN,NaN,NaN,NaN,NaN,NaN,NaN,NaN,NaN,NaN,NaN,NaN,NaN,NaN,NaN,NaN,NaN,NaN,NaN,NaN,NaN,NaN,NaN,NaN,NaN,NaN,NaN,NaN,NaN,NaN,NaN,NaN,NaN,NaN,NaN,NaN,NaN,NaN,NaN,NaN,NaN,NaN,NaN,NaN,NaN,NaN,NaN,NaN,NaN,NaN,NaN,NaN,NaN,NaN,NaN,NaN,NaN,NaN,NaN,NaN,NaN,NaN,NaN,NaN,NaN,NaN,NaN,NaN,NaN,NaN,NaN,NaN,NaN,NaN,NaN,NaN,NaN,NaN,NaN,NaN,NaN,NaN,NaN,NaN,NaN,NaN,NaN,NaN,NaN,NaN,NaN,NaN,NaN,NaN,NaN,NaN,NaN,NaN,NaN,NaN,NaN,NaN,NaN,NaN,NaN,NaN,NaN,NaN,NaN,NaN,NaN,NaN,NaN,NaN,NaN,NaN,NaN,NaN,NaN,NaN,NaN,NaN,NaN,NaN,NaN,NaN,NaN,NaN,NaN,NaN,NaN,NaN,NaN,NaN,NaN,NaN,NaN,NaN,NaN,NaN,NaN,NaN,NaN,NaN,NaN,NaN,NaN,NaN,NaN,NaN,NaN,NaN,NaN,NaN,NaN,NaN,NaN,NaN,NaN,NaN,NaN,NaN,NaN,NaN
NaN,NaN,NaN,NaN,NaN,NaN,NaN,NaN,NaN,NaN,NaN,NaN,NaN,NaN,NaN,NaN,NaN,NaN,NaN,NaN,NaN,NaN,NaN,NaN,NaN,NaN,NaN,NaN,NaN,NaN,NaN,NaN,NaN,NaN,NaN,NaN,NaN,NaN,NaN,NaN,NaN,NaN,NaN,NaN,NaN,NaN,NaN,NaN,NaN,NaN,NaN,NaN,NaN,NaN,NaN,NaN,NaN,NaN,NaN,NaN,NaN,NaN,NaN,NaN,NaN,NaN,NaN,NaN,NaN,NaN,NaN,NaN,NaN,NaN,NaN,NaN,NaN,NaN,NaN,NaN,NaN,NaN,NaN,NaN,NaN,NaN,NaN,NaN,NaN,NaN,NaN,NaN,NaN,NaN,NaN,NaN,NaN,NaN,NaN,NaN,NaN,NaN,NaN,NaN,NaN,NaN,NaN,NaN,NaN,NaN,NaN,NaN,NaN,NaN,NaN,NaN,NaN,NaN,NaN,NaN,NaN,NaN,NaN,NaN,NaN,NaN,NaN,NaN,NaN,NaN,NaN,NaN,NaN,NaN,NaN,NaN,NaN,NaN,NaN,NaN,NaN,NaN,NaN,NaN,NaN,NaN,NaN,NaN,NaN,NaN,NaN,NaN,NaN,NaN,NaN,NaN,NaN,NaN,NaN,NaN,NaN,NaN,NaN,NaN,NaN,NaN,NaN,NaN,NaN,NaN,NaN,NaN,NaN,NaN,NaN,NaN,NaN,NaN,NaN,NaN,NaN,NaN,NaN,NaN,NaN,NaN,NaN,NaN,NaN,NaN,NaN,NaN,NaN,NaN,NaN,NaN,NaN,NaN,NaN,NaN,NaN,NaN,NaN,NaN,NaN,NaN,NaN,NaN,NaN,NaN,NaN,NaN,NaN,NaN,NaN,NaN,NaN,NaN,NaN,NaN,NaN,NaN,NaN,NaN,NaN,NaN,NaN,NaN,NaN,NaN,NaN,NaN,NaN,NaN,NaN,NaN,NaN,NaN,NaN,NaN,NaN,NaN,NaN,NaN,NaN
NaN,NaN,NaN,NaN,NaN,NaN,NaN,NaN,NaN,NaN,NaN,NaN,NaN,NaN,NaN,NaN,NaN,NaN,NaN,NaN,NaN,NaN,NaN,NaN,NaN,NaN,NaN,NaN,NaN,NaN,NaN,NaN,NaN,NaN,NaN,NaN,NaN,NaN,NaN,NaN,NaN,NaN,NaN,NaN,NaN,NaN,NaN,NaN,NaN,NaN,NaN,NaN,NaN,NaN,NaN,NaN,NaN,NaN,NaN,NaN,NaN,NaN,NaN,NaN,NaN,NaN,NaN,NaN,NaN,NaN,NaN,NaN,NaN,NaN,NaN,NaN,NaN,NaN,NaN,NaN,NaN,NaN,NaN,NaN,NaN,NaN,NaN,NaN,NaN,NaN,NaN,NaN,NaN,NaN,NaN,NaN,NaN,NaN,NaN,NaN,NaN,NaN,NaN,NaN,NaN,NaN,NaN,NaN,NaN,NaN,NaN,NaN,NaN,NaN,NaN,NaN,NaN,NaN,NaN,NaN,NaN,NaN,NaN,NaN,NaN,NaN,NaN,NaN,NaN,NaN,NaN,NaN,NaN,NaN,NaN,NaN,NaN,NaN,NaN,NaN,NaN,NaN,NaN,NaN,NaN,NaN,NaN,NaN,NaN,NaN,NaN,NaN,NaN,NaN,NaN,NaN,NaN,NaN,NaN,NaN,NaN,NaN,NaN,NaN,NaN,NaN,NaN,NaN,NaN,NaN,NaN,NaN,NaN,NaN,NaN,NaN,NaN,NaN,NaN,NaN,NaN,NaN,NaN,NaN,NaN,NaN,NaN,NaN,NaN,NaN,NaN,NaN,NaN,NaN,NaN,NaN,NaN,NaN,NaN,NaN,NaN,NaN,NaN,NaN,NaN,NaN,NaN,NaN,NaN,NaN,NaN,NaN,NaN,NaN,NaN,NaN,NaN,NaN,NaN,NaN,NaN,NaN,NaN,NaN,NaN,NaN,NaN,NaN,NaN,NaN,NaN,NaN,NaN,NaN,NaN,NaN,NaN,NaN,NaN,NaN,NaN,NaN,NaN,NaN,NaN
NaN,NaN,NaN,NaN,NaN,NaN,NaN,NaN,NaN,NaN,NaN,NaN,NaN,NaN,NaN,NaN,NaN,NaN,NaN,NaN,NaN,NaN,NaN,NaN,NaN,NaN,NaN,NaN,NaN,NaN,NaN,NaN,NaN,NaN,NaN,NaN,NaN,NaN,NaN,NaN,NaN,NaN,NaN,NaN,NaN,NaN,NaN,NaN,NaN,NaN,NaN,NaN,NaN,NaN,NaN,NaN,NaN,NaN,NaN,NaN,NaN,NaN,NaN,NaN,NaN,NaN,NaN,NaN,NaN,NaN,NaN,NaN,NaN,NaN,NaN,NaN,NaN,NaN,NaN,NaN,NaN,NaN,NaN,NaN,NaN,NaN,NaN,NaN,NaN,NaN,NaN,NaN,NaN,NaN,NaN,NaN,NaN,NaN,NaN,NaN,NaN,NaN,NaN,NaN,NaN,NaN,NaN,NaN,NaN,NaN,NaN,NaN,NaN,NaN,NaN,NaN,NaN,NaN,NaN,NaN,NaN,NaN,NaN,NaN,NaN,NaN,NaN,NaN,NaN,NaN,NaN,NaN,NaN,NaN,NaN,NaN,NaN,NaN,NaN,NaN,NaN,NaN,NaN,NaN,NaN,NaN,NaN,NaN,NaN,NaN,NaN,NaN,NaN,NaN,NaN,NaN,NaN,NaN,NaN,NaN,NaN,NaN,NaN,NaN,NaN,NaN,NaN,NaN,NaN,NaN,NaN,NaN,NaN,NaN,NaN,NaN,NaN,NaN,NaN,NaN,NaN,NaN,NaN,NaN,NaN,NaN,NaN,NaN,NaN,NaN,NaN,NaN,NaN,NaN,NaN,NaN,NaN,NaN,NaN,NaN,NaN,NaN,NaN,NaN,NaN,NaN,NaN,NaN,NaN,NaN,NaN,NaN,NaN,NaN,NaN,NaN,NaN,NaN,NaN,NaN,NaN,NaN,NaN,NaN,NaN,NaN,NaN,NaN,NaN,NaN,NaN,NaN,NaN,NaN,NaN,NaN,NaN,NaN,NaN,NaN,NaN,NaN,NaN,NaN,NaN
NaN,NaN,NaN,NaN,NaN,NaN,NaN,NaN,NaN,NaN,NaN,NaN,NaN,NaN,NaN,NaN,NaN,NaN,NaN,NaN,NaN,NaN,NaN,NaN,NaN,NaN,NaN,NaN,NaN,NaN,NaN,NaN,NaN,NaN,NaN,NaN,NaN,NaN,NaN,NaN,NaN,NaN,NaN,NaN,NaN,NaN,NaN,NaN,NaN,NaN,NaN,NaN,NaN,NaN,NaN,NaN,NaN,NaN,NaN,NaN,NaN,NaN,NaN,NaN,NaN,NaN,NaN,NaN,NaN,NaN,NaN,NaN,NaN,NaN,NaN,NaN,NaN,NaN,NaN,NaN,NaN,NaN,NaN,NaN,NaN,NaN,NaN,NaN,NaN,NaN,NaN,NaN,NaN,NaN,NaN,NaN,NaN,NaN,NaN,NaN,NaN,NaN,NaN,NaN,NaN,NaN,NaN,NaN,NaN,NaN,NaN,NaN,NaN,NaN,NaN,NaN,NaN,NaN,NaN,NaN,NaN,NaN,NaN,NaN,NaN,NaN,NaN,NaN,NaN,NaN,NaN,NaN,NaN,NaN,NaN,NaN,NaN,NaN,NaN,NaN,NaN,NaN,NaN,NaN,NaN,NaN,NaN,NaN,NaN,NaN,NaN,NaN,NaN,NaN,NaN,NaN,NaN,NaN,NaN,NaN,NaN,NaN,NaN,NaN,NaN,NaN,NaN,NaN,NaN,NaN,NaN,NaN,NaN,NaN,NaN,NaN,NaN,NaN,NaN,NaN,NaN,NaN,NaN,NaN,NaN,NaN,NaN,NaN,NaN,NaN,NaN,NaN,NaN,NaN,NaN,NaN,NaN,NaN,NaN,NaN,NaN,NaN,NaN,NaN,NaN,NaN,NaN,NaN,NaN,NaN,NaN,NaN,NaN,NaN,NaN,NaN,NaN,NaN,NaN,NaN,NaN,NaN,NaN,NaN,NaN,NaN,NaN,NaN,NaN,NaN,NaN,NaN,NaN,NaN,NaN,NaN,NaN,NaN,NaN,NaN,NaN,NaN,NaN,NaN,NaN
NaN,NaN,NaN,NaN,NaN,NaN,NaN,NaN,NaN,NaN,NaN,NaN,NaN,NaN,NaN,NaN,NaN,NaN,NaN,NaN,NaN,NaN,NaN,NaN,NaN,NaN,NaN,NaN,NaN,NaN,NaN,NaN,NaN,NaN,NaN,NaN,NaN,NaN,NaN,NaN,NaN,NaN,NaN,NaN,NaN,NaN,NaN,NaN,NaN,NaN,NaN,NaN,NaN,NaN,NaN,NaN,NaN,NaN,NaN,NaN,NaN,NaN,NaN,NaN,NaN,NaN,NaN,NaN,NaN,NaN,NaN,NaN,NaN,NaN,NaN,NaN,NaN,NaN,NaN,NaN,NaN,NaN,NaN,NaN,NaN,NaN,NaN,NaN,NaN,NaN,NaN,NaN,NaN,NaN,NaN,NaN,NaN,NaN,NaN,NaN,NaN,NaN,NaN,NaN,NaN,NaN,NaN,NaN,NaN,NaN,NaN,NaN,NaN,NaN,NaN,NaN,NaN,NaN,NaN,NaN,NaN,NaN,NaN,NaN,NaN,NaN,NaN,NaN,NaN,NaN,NaN,NaN,NaN,NaN,NaN,NaN,NaN,NaN,NaN,NaN,NaN,NaN,NaN,NaN,NaN,NaN,NaN,NaN,NaN,NaN,NaN,NaN,NaN,NaN,NaN,NaN,NaN,NaN,NaN,NaN,NaN,NaN,NaN,NaN,NaN,NaN,NaN,NaN,NaN,NaN,NaN,NaN,NaN,NaN,NaN,NaN,NaN,NaN,NaN,NaN,NaN,NaN,NaN,NaN,NaN,NaN,NaN,NaN,NaN,NaN,NaN,NaN,NaN,NaN,NaN,NaN,NaN,NaN,NaN,NaN,NaN,NaN,NaN,NaN,NaN,NaN,NaN,NaN,NaN,NaN,NaN,NaN,NaN,NaN,NaN,NaN,NaN,NaN,NaN,NaN,NaN,NaN,NaN,NaN,NaN,NaN,NaN,NaN,NaN,NaN,NaN,NaN,NaN,NaN,NaN,NaN,NaN,NaN,NaN,NaN,NaN,NaN,NaN,NaN,NaN
NaN,NaN,NaN,NaN,NaN,NaN,NaN,NaN,NaN,NaN,NaN,NaN,NaN,NaN,NaN,NaN,NaN,NaN,NaN,NaN,NaN,NaN,NaN,NaN,NaN,NaN,NaN,NaN,NaN,NaN,NaN,NaN,NaN,NaN,NaN,NaN,NaN,NaN,NaN,NaN,NaN,NaN,NaN,NaN,NaN,NaN,NaN,NaN,NaN,NaN,NaN,NaN,NaN,NaN,NaN,NaN,NaN,NaN,NaN,NaN,NaN,NaN,NaN,NaN,NaN,NaN,NaN,NaN,NaN,NaN,NaN,NaN,NaN,NaN,NaN,NaN,NaN,NaN,NaN,NaN,NaN,NaN,NaN,NaN,NaN,NaN,NaN,NaN,NaN,NaN,NaN,NaN,NaN,NaN,NaN,NaN,NaN,NaN,NaN,NaN,NaN,NaN,NaN,NaN,NaN,NaN,NaN,NaN,NaN,NaN,NaN,NaN,NaN,NaN,NaN,NaN,NaN,NaN,NaN,NaN,NaN,NaN,NaN,NaN,NaN,NaN,NaN,NaN,NaN,NaN,NaN,NaN,NaN,NaN,NaN,NaN,NaN,NaN,NaN,NaN,NaN,NaN,NaN,NaN,NaN,NaN,NaN,NaN,NaN,NaN,NaN,NaN,NaN,NaN,NaN,NaN,NaN,NaN,NaN,NaN,NaN,NaN,NaN,NaN,NaN,NaN,NaN,NaN,NaN,NaN,NaN,NaN,NaN,NaN,NaN,NaN,NaN,NaN,NaN,NaN,NaN,NaN,NaN,NaN,NaN,NaN,NaN,NaN,NaN,NaN,NaN,NaN,NaN,NaN,NaN,NaN,NaN,NaN,NaN,NaN,NaN,NaN,NaN,NaN,NaN,NaN,NaN,NaN,NaN,NaN,NaN,NaN,NaN,NaN,NaN,NaN,NaN,NaN,NaN,NaN,NaN,NaN,NaN,NaN,NaN,NaN,NaN,NaN,NaN,NaN,NaN,NaN,NaN,NaN,NaN,NaN,NaN,NaN,NaN,NaN,NaN,NaN,NaN,NaN,NaN
NaN,NaN,NaN,NaN,NaN,NaN,NaN,NaN,NaN,NaN,NaN,NaN,NaN,NaN,NaN,NaN,NaN,NaN,NaN,NaN,NaN,NaN,NaN,NaN,NaN,NaN,NaN,NaN,NaN,NaN,NaN,NaN,NaN,NaN,NaN,NaN,NaN,NaN,NaN,NaN,NaN,NaN,NaN,NaN,NaN,NaN,NaN,NaN,NaN,NaN,NaN,NaN,NaN,NaN,NaN,NaN,NaN,NaN,NaN,NaN,NaN,NaN,NaN,NaN,NaN,NaN,NaN,NaN,NaN,NaN,NaN,NaN,NaN,NaN,NaN,NaN,NaN,NaN,NaN,NaN,NaN,NaN,NaN,NaN,NaN,NaN,NaN,NaN,NaN,NaN,NaN,NaN,NaN,NaN,NaN,NaN,NaN,NaN,NaN,NaN,NaN,NaN,NaN,NaN,NaN,NaN,NaN,NaN,NaN,NaN,NaN,NaN,NaN,NaN,NaN,NaN,NaN,NaN,NaN,NaN,NaN,NaN,NaN,NaN,NaN,NaN,NaN,NaN,NaN,NaN,NaN,NaN,NaN,NaN,NaN,NaN,NaN,NaN,NaN,NaN,NaN,NaN,NaN,NaN,NaN,NaN,NaN,NaN,NaN,NaN,NaN,NaN,NaN,NaN,NaN,NaN,NaN,NaN,NaN,NaN,NaN,NaN,NaN,NaN,NaN,NaN,NaN,NaN,NaN,NaN,NaN,NaN,NaN,NaN,NaN,NaN,NaN,NaN,NaN,NaN,NaN,NaN,NaN,NaN,NaN,NaN,NaN,NaN,NaN,NaN,NaN,NaN,NaN,NaN,NaN,NaN,NaN,NaN,NaN,NaN,NaN,NaN,NaN,NaN,NaN,NaN,NaN,NaN,NaN,NaN,NaN,NaN,NaN,NaN,NaN,NaN,NaN,NaN,NaN,NaN,NaN,NaN,NaN,NaN,NaN,NaN,NaN,NaN,NaN,NaN,NaN,NaN,NaN,NaN,NaN,NaN,NaN,NaN,NaN,NaN,NaN,NaN,NaN,NaN,NaN
NaN,NaN,NaN,NaN,NaN,NaN,NaN,NaN,NaN,NaN,NaN,NaN,NaN,NaN,NaN,NaN,NaN,NaN,NaN,NaN,NaN,NaN,NaN,NaN,NaN,NaN,NaN,NaN,NaN,NaN,NaN,NaN,NaN,NaN,NaN,NaN,NaN,NaN,NaN,NaN,NaN,NaN,NaN,NaN,NaN,NaN,NaN,NaN,NaN,NaN,NaN,NaN,NaN,NaN,NaN,NaN,NaN,NaN,NaN,NaN,NaN,NaN,NaN,NaN,NaN,NaN,NaN,NaN,NaN,NaN,NaN,NaN,NaN,NaN,NaN,NaN,NaN,NaN,NaN,NaN,NaN,NaN,NaN,NaN,NaN,NaN,NaN,NaN,NaN,NaN,NaN,NaN,NaN,NaN,NaN,NaN,NaN,NaN,NaN,NaN,NaN,NaN,NaN,NaN,NaN,NaN,NaN,NaN,NaN,NaN,NaN,NaN,NaN,NaN,NaN,NaN,NaN,NaN,NaN,NaN,NaN,NaN,NaN,NaN,NaN,NaN,NaN,NaN,NaN,NaN,NaN,NaN,NaN,NaN,NaN,NaN,NaN,NaN,NaN,NaN,NaN,NaN,NaN,NaN,NaN,NaN,NaN,NaN,NaN,NaN,NaN,NaN,NaN,NaN,NaN,NaN,NaN,NaN,NaN,NaN,NaN,NaN,NaN,NaN,NaN,NaN,NaN,NaN,NaN,NaN,NaN,NaN,NaN,NaN,NaN,NaN,NaN,NaN,NaN,NaN,NaN,NaN,NaN,NaN,NaN,NaN,NaN,NaN,NaN,NaN,NaN,NaN,NaN,NaN,NaN,NaN,NaN,NaN,NaN,NaN,NaN,NaN,NaN,NaN,NaN,NaN,NaN,NaN,NaN,NaN,NaN,NaN,NaN,NaN,NaN,NaN,NaN,NaN,NaN,NaN,NaN,NaN,NaN,NaN,NaN,NaN,NaN,NaN,NaN,NaN,NaN,NaN,NaN,NaN,NaN,NaN,NaN,NaN,NaN,NaN,NaN,NaN,NaN,NaN,NaN
NaN,NaN,NaN,NaN,NaN,NaN,NaN,NaN,NaN,NaN,NaN,NaN,NaN,NaN,NaN,NaN,NaN,NaN,NaN,NaN,NaN,NaN,NaN,NaN,NaN,NaN,NaN,NaN,NaN,NaN,NaN,NaN,NaN,NaN,NaN,NaN,NaN,NaN,NaN,NaN,NaN,NaN,NaN,NaN,NaN,NaN,NaN,NaN,NaN,NaN,NaN,NaN,NaN,NaN,NaN,NaN,NaN,NaN,NaN,NaN,NaN,NaN,NaN,NaN,NaN,NaN,NaN,NaN,NaN,NaN,NaN,NaN,NaN,NaN,NaN,NaN,NaN,NaN,NaN,NaN,NaN,NaN,NaN,NaN,NaN,NaN,NaN,NaN,NaN,NaN,NaN,NaN,NaN,NaN,NaN,NaN,NaN,NaN,NaN,NaN,NaN,NaN,NaN,NaN,NaN,NaN,NaN,NaN,NaN,NaN,NaN,NaN,NaN,NaN,NaN,NaN,NaN,NaN,NaN,NaN,NaN,NaN,NaN,NaN,NaN,NaN,NaN,NaN,NaN,NaN,NaN,NaN,NaN,NaN,NaN,NaN,NaN,NaN,NaN,NaN,NaN,NaN,NaN,NaN,NaN,NaN,NaN,NaN,NaN,NaN,NaN,NaN,NaN,NaN,NaN,NaN,NaN,NaN,NaN,NaN,NaN,NaN,NaN,NaN,NaN,NaN,NaN,NaN,NaN,NaN,NaN,NaN,NaN,NaN,NaN,NaN,NaN,NaN,NaN,NaN,NaN,NaN,NaN,NaN,NaN,NaN,NaN,NaN,NaN,NaN,NaN,NaN,NaN,NaN,NaN,NaN,NaN,NaN,NaN,NaN,NaN,NaN,NaN,NaN,NaN,NaN,NaN,NaN,NaN,NaN,NaN,NaN,NaN,NaN,NaN,NaN,NaN,NaN,NaN,NaN,NaN,NaN,NaN,NaN,NaN,NaN,NaN,NaN,NaN,NaN,NaN,NaN,NaN,NaN,NaN,NaN,NaN,NaN,NaN,NaN,NaN,NaN,NaN,NaN,NaN
NaN,NaN,NaN,NaN,NaN,NaN,NaN,NaN,NaN,NaN,NaN,NaN,NaN,NaN,NaN,NaN,NaN,NaN,NaN,NaN,NaN,NaN,NaN,NaN,NaN,NaN,NaN,NaN,NaN,NaN,NaN,NaN,NaN,NaN,NaN,NaN,NaN,NaN,NaN,NaN,NaN,NaN,NaN,NaN,NaN,NaN,NaN,NaN,NaN,NaN,NaN,NaN,NaN,NaN,NaN,NaN,NaN,NaN,NaN,NaN,NaN,NaN,NaN,NaN,NaN,NaN,NaN,NaN,NaN,NaN,NaN,NaN,NaN,NaN,NaN,NaN,NaN,NaN,NaN,NaN,NaN,NaN,NaN,NaN,NaN,NaN,NaN,NaN,NaN,NaN,NaN,NaN,NaN,NaN,NaN,NaN,NaN,NaN,NaN,NaN,NaN,NaN,NaN,NaN,NaN,NaN,NaN,NaN,NaN,NaN,NaN,NaN,NaN,NaN,NaN,NaN,NaN,NaN,NaN,NaN,NaN,NaN,NaN,NaN,NaN,NaN,NaN,NaN,NaN,NaN,NaN,NaN,NaN,NaN,NaN,NaN,NaN,NaN,NaN,NaN,NaN,NaN,NaN,NaN,NaN,NaN,NaN,NaN,NaN,NaN,NaN,NaN,NaN,NaN,NaN,NaN,NaN,NaN,NaN,NaN,NaN,NaN,NaN,NaN,NaN,NaN,NaN,NaN,NaN,NaN,NaN,NaN,NaN,NaN,NaN,NaN,NaN,NaN,NaN,NaN,NaN,NaN,NaN,NaN,NaN,NaN,NaN,NaN,NaN,NaN,NaN,NaN,NaN,NaN,NaN,NaN,NaN,NaN,NaN,NaN,NaN,NaN,NaN,NaN,NaN,NaN,NaN,NaN,NaN,NaN,NaN,NaN,NaN,NaN,NaN,NaN,NaN,NaN,NaN,NaN,NaN,NaN,NaN,NaN,NaN,NaN,NaN,NaN,NaN,NaN,NaN,NaN,NaN,NaN,NaN,NaN,NaN,NaN,NaN,NaN,NaN,NaN,NaN,NaN,NaN
NaN,NaN,NaN,NaN,NaN,NaN,NaN,NaN,NaN,NaN,NaN,NaN,NaN,NaN,NaN,NaN,NaN,NaN,NaN,NaN,NaN,NaN,NaN,NaN,NaN,NaN,NaN,NaN,NaN,NaN,NaN,NaN,NaN,NaN,NaN,NaN,NaN,NaN,NaN,NaN,NaN,NaN,NaN,NaN,NaN,NaN,NaN,NaN,NaN,NaN,NaN,NaN,NaN,NaN,NaN,NaN,NaN,NaN,NaN,NaN,NaN,NaN,NaN,NaN,NaN,NaN,NaN,NaN,NaN,NaN,NaN,NaN,NaN,NaN,NaN,NaN,NaN,NaN,NaN,NaN,NaN,NaN,NaN,NaN,NaN,NaN,NaN,NaN,NaN,NaN,NaN,NaN,NaN,NaN,NaN,NaN,NaN,NaN,NaN,NaN,NaN,NaN,NaN,NaN,NaN,NaN,NaN,NaN,NaN,NaN,NaN,NaN,NaN,NaN,NaN,NaN,NaN,NaN,NaN,NaN,NaN,NaN,NaN,NaN,NaN,NaN,NaN,NaN,NaN,NaN,NaN,NaN,NaN,NaN,NaN,NaN,NaN,NaN,NaN,NaN,NaN,NaN,NaN,NaN,NaN,NaN,NaN,NaN,NaN,NaN,NaN,NaN,NaN,NaN,NaN,NaN,NaN,NaN,NaN,NaN,NaN,NaN,NaN,NaN,NaN,NaN,NaN,NaN,NaN,NaN,NaN,NaN,NaN,NaN,NaN,NaN,NaN,NaN,NaN,NaN,NaN,NaN,NaN,NaN,NaN,NaN,NaN,NaN,NaN,NaN,NaN,NaN,NaN,NaN,NaN,NaN,NaN,NaN,NaN,NaN,NaN,NaN,NaN,NaN,NaN,NaN,NaN,NaN,NaN,NaN,NaN,NaN,NaN,NaN,NaN,NaN,NaN,NaN,NaN,NaN,NaN,NaN,NaN,NaN,NaN,NaN,NaN,NaN,NaN,NaN,NaN,NaN,NaN,NaN,NaN,NaN,NaN,NaN,NaN,NaN,NaN,NaN,NaN,NaN,NaN
NaN,NaN,NaN,NaN,NaN,NaN,NaN,NaN,NaN,NaN,NaN,NaN,NaN,NaN,NaN,NaN,NaN,NaN,NaN,NaN,NaN,NaN,NaN,NaN,NaN,NaN,NaN,NaN,NaN,NaN,NaN,NaN,NaN,NaN,NaN,NaN,NaN,NaN,NaN,NaN,NaN,NaN,NaN,NaN,NaN,NaN,NaN,NaN,NaN,NaN,NaN,NaN,NaN,NaN,NaN,NaN,NaN,NaN,NaN,NaN,NaN,NaN,NaN,NaN,NaN,NaN,NaN,NaN,NaN,NaN,NaN,NaN,NaN,NaN,NaN,NaN,NaN,NaN,NaN,NaN,NaN,NaN,NaN,NaN,NaN,NaN,NaN,NaN,NaN,NaN,NaN,NaN,NaN,NaN,NaN,NaN,NaN,NaN,NaN,NaN,NaN,NaN,NaN,NaN,NaN,NaN,NaN,NaN,NaN,NaN,NaN,NaN,NaN,NaN,NaN,NaN,NaN,NaN,NaN,NaN,NaN,NaN,NaN,NaN,NaN,NaN,NaN,NaN,NaN,NaN,NaN,NaN,NaN,NaN,NaN,NaN,NaN,NaN,NaN,NaN,NaN,NaN,NaN,NaN,NaN,NaN,NaN,NaN,NaN,NaN,NaN,NaN,NaN,NaN,NaN,NaN,NaN,NaN,NaN,NaN,NaN,NaN,NaN,NaN,NaN,NaN,NaN,NaN,NaN,NaN,NaN,NaN,NaN,NaN,NaN,NaN,NaN,NaN,NaN,NaN,NaN,NaN,NaN,NaN,NaN,NaN,NaN,NaN,NaN,NaN,NaN,NaN,NaN,NaN,NaN,NaN,NaN,NaN,NaN,NaN,NaN,NaN,NaN,NaN,NaN,NaN,NaN,NaN,NaN,NaN,NaN,NaN,NaN,NaN,NaN,NaN,NaN,NaN,NaN,NaN,NaN,NaN,NaN,NaN,NaN,NaN,NaN,NaN,NaN,NaN,NaN,NaN,NaN,NaN,NaN,NaN,NaN,NaN,NaN,NaN,NaN,NaN,NaN,NaN,NaN
NaN,NaN,NaN,NaN,NaN,NaN,NaN,NaN,NaN,NaN,NaN,NaN,NaN,NaN,NaN,NaN,NaN,NaN,NaN,NaN,NaN,NaN,NaN,NaN,NaN,NaN,NaN,NaN,NaN,NaN,NaN,NaN,NaN,NaN,NaN,NaN,NaN,NaN,NaN,NaN,NaN,NaN,NaN,NaN,NaN,NaN,NaN,NaN,NaN,NaN,NaN,NaN,NaN,NaN,NaN,NaN,NaN,NaN,NaN,NaN,NaN,NaN,NaN,NaN,NaN,NaN,NaN,NaN,NaN,NaN,NaN,NaN,NaN,NaN,NaN,NaN,NaN,NaN,NaN,NaN,NaN,NaN,NaN,NaN,NaN,NaN,NaN,NaN,NaN,NaN,NaN,NaN,NaN,NaN,NaN,NaN,NaN,NaN,NaN,NaN,NaN,NaN,NaN,NaN,NaN,NaN,NaN,NaN,NaN,NaN,NaN,NaN,NaN,NaN,NaN,NaN,NaN,NaN,NaN,NaN,NaN,NaN,NaN,NaN,NaN,NaN,NaN,NaN,NaN,NaN,NaN,NaN,NaN,NaN,NaN,NaN,NaN,NaN,NaN,NaN,NaN,NaN,NaN,NaN,NaN,NaN,NaN,NaN,NaN,NaN,NaN,NaN,NaN,NaN,NaN,NaN,NaN,NaN,NaN,NaN,NaN,NaN,NaN,NaN,NaN,NaN,NaN,NaN,NaN,NaN,NaN,NaN,NaN,NaN,NaN,NaN,NaN,NaN,NaN,NaN,NaN,NaN,NaN,NaN,NaN,NaN,NaN,NaN,NaN,NaN,NaN,NaN,NaN,NaN,NaN,NaN,NaN,NaN,NaN,NaN,NaN,NaN,NaN,NaN,NaN,NaN,NaN,NaN,NaN,NaN,NaN,NaN,NaN,NaN,NaN,NaN,NaN,NaN,NaN,NaN,NaN,NaN,NaN,NaN,NaN,NaN,NaN,NaN,NaN,NaN,NaN,NaN,NaN,NaN,NaN,NaN,NaN,NaN,NaN,NaN,NaN,NaN,NaN,NaN,NaN
NaN,NaN,NaN,NaN,NaN,NaN,NaN,NaN,NaN,NaN,NaN,NaN,NaN,NaN,NaN,NaN,NaN,NaN,NaN,NaN,NaN,NaN,NaN,NaN,NaN,NaN,NaN,NaN,NaN,NaN,NaN,NaN,NaN,NaN,NaN,NaN,NaN,NaN,NaN,NaN,NaN,NaN,NaN,NaN,NaN,NaN,NaN,NaN,NaN,NaN,NaN,NaN,NaN,NaN,NaN,NaN,NaN,NaN,NaN,NaN,NaN,NaN,NaN,NaN,NaN,NaN,NaN,NaN,NaN,NaN,NaN,NaN,NaN,NaN,NaN,NaN,NaN,NaN,NaN,NaN,NaN,NaN,NaN,NaN,NaN,NaN,NaN,NaN,NaN,NaN,NaN,NaN,NaN,NaN,NaN,NaN,NaN,NaN,NaN,NaN,NaN,NaN,NaN,NaN,NaN,NaN,NaN,NaN,NaN,NaN,NaN,NaN,NaN,NaN,NaN,NaN,NaN,NaN,NaN,NaN,NaN,NaN,NaN,NaN,NaN,NaN,NaN,NaN,NaN,NaN,NaN,NaN,NaN,NaN,NaN,NaN,NaN,NaN,NaN,NaN,NaN,NaN,NaN,NaN,NaN,NaN,NaN,NaN,NaN,NaN,NaN,NaN,NaN,NaN,NaN,NaN,NaN,NaN,NaN,NaN,NaN,NaN,NaN,NaN,NaN,NaN,NaN,NaN,NaN,NaN,NaN,NaN,NaN,NaN,NaN,NaN,NaN,NaN,NaN,NaN,NaN,NaN,NaN,NaN,NaN,NaN,NaN,NaN,NaN,NaN,NaN,NaN,NaN,NaN,NaN,NaN,NaN,NaN,NaN,NaN,NaN,NaN,NaN,NaN,NaN,NaN,NaN,NaN,NaN,NaN,NaN,NaN,NaN,NaN,NaN,NaN,NaN,NaN,NaN,NaN,NaN,NaN,NaN,NaN,NaN,NaN,NaN,NaN,NaN,NaN,NaN,NaN,NaN,NaN,NaN,NaN,NaN,NaN,NaN,NaN,NaN,NaN,NaN,NaN,NaN
NaN,NaN,NaN,NaN,NaN,NaN,NaN,NaN,NaN,NaN,NaN,NaN,NaN,NaN,NaN,NaN,NaN,NaN,NaN,NaN,NaN,NaN,NaN,NaN,NaN,NaN,NaN,NaN,NaN,NaN,NaN,NaN,NaN,NaN,NaN,NaN,NaN,NaN,NaN,NaN,NaN,NaN,NaN,NaN,NaN,NaN,NaN,NaN,NaN,NaN,NaN,NaN,NaN,NaN,NaN,NaN,NaN,NaN,NaN,NaN,NaN,NaN,NaN,NaN,NaN,NaN,NaN,NaN,NaN,NaN,NaN,NaN,NaN,NaN,NaN,NaN,NaN,NaN,NaN,NaN,NaN,NaN,NaN,NaN,NaN,NaN,NaN,NaN,NaN,NaN,NaN,NaN,NaN,NaN,NaN,NaN,NaN,NaN,NaN,NaN,NaN,NaN,NaN,NaN,NaN,NaN,NaN,NaN,NaN,NaN,NaN,NaN,NaN,NaN,NaN,NaN,NaN,NaN,NaN,NaN,NaN,NaN,NaN,NaN,NaN,NaN,NaN,NaN,NaN,NaN,NaN,NaN,NaN,NaN,NaN,NaN,NaN,NaN,NaN,NaN,NaN,NaN,NaN,NaN,NaN,NaN,NaN,NaN,NaN,NaN,NaN,NaN,NaN,NaN,NaN,NaN,NaN,NaN,NaN,NaN,NaN,NaN,NaN,NaN,NaN,NaN,NaN,NaN,NaN,NaN,NaN,NaN,NaN,NaN,NaN,NaN,NaN,NaN,NaN,NaN,NaN,NaN,NaN,NaN,NaN,NaN,NaN,NaN,NaN,NaN,NaN,NaN,NaN,NaN,NaN,NaN,NaN,NaN,NaN,NaN,NaN,NaN,NaN,NaN,NaN,NaN,NaN,NaN,NaN,NaN,NaN,NaN,NaN,NaN,NaN,NaN,NaN,NaN,NaN,NaN,NaN,NaN,NaN,NaN,NaN,NaN,NaN,NaN,NaN,NaN,NaN,NaN,NaN,NaN,NaN,NaN,NaN,NaN,NaN,NaN,NaN,NaN,NaN,NaN,NaN
NaN,NaN,NaN,NaN,NaN,NaN,NaN,NaN,NaN,NaN,NaN,NaN,NaN,NaN,NaN,NaN,NaN,NaN,NaN,NaN,NaN,NaN,NaN,NaN,NaN,NaN,NaN,NaN,NaN,NaN,NaN,NaN,NaN,NaN,NaN,NaN,NaN,NaN,NaN,NaN,NaN,NaN,NaN,NaN,NaN,NaN,NaN,NaN,NaN,NaN,NaN,NaN,NaN,NaN,NaN,NaN,NaN,NaN,NaN,NaN,NaN,NaN,NaN,NaN,NaN,NaN,NaN,NaN,NaN,NaN,NaN,NaN,NaN,NaN,NaN,NaN,NaN,NaN,NaN,NaN,NaN,NaN,NaN,NaN,NaN,NaN,NaN,NaN,NaN,NaN,NaN,NaN,NaN,NaN,NaN,NaN,NaN,NaN,NaN,NaN,NaN,NaN,NaN,NaN,NaN,NaN,NaN,NaN,NaN,NaN,NaN,NaN,NaN,NaN,NaN,NaN,NaN,NaN,NaN,NaN,NaN,NaN,NaN,NaN,NaN,NaN,NaN,NaN,NaN,NaN,NaN,NaN,NaN,NaN,NaN,NaN,NaN,NaN,NaN,NaN,NaN,NaN,NaN,NaN,NaN,NaN,NaN,NaN,NaN,NaN,NaN,NaN,NaN,NaN,NaN,NaN,NaN,NaN,NaN,NaN,NaN,NaN,NaN,NaN,NaN,NaN,NaN,NaN,NaN,NaN,NaN,NaN,NaN,NaN,NaN,NaN,NaN,NaN,NaN,NaN,NaN,NaN,NaN,NaN,NaN,NaN,NaN,NaN,NaN,NaN,NaN,NaN,NaN,NaN,NaN,NaN,NaN,NaN,NaN,NaN,NaN,NaN,NaN,NaN,NaN,NaN,NaN,NaN,NaN,NaN,NaN,NaN,NaN,NaN,NaN,NaN,NaN,NaN,NaN,NaN,NaN,NaN,NaN,NaN,NaN,NaN,NaN,NaN,NaN,NaN,NaN,NaN,NaN,NaN,NaN,NaN,NaN,NaN,NaN,NaN,NaN,NaN,NaN,NaN,NaN
NaN,NaN,NaN,NaN,NaN,NaN,NaN,NaN,NaN,NaN,NaN,NaN,NaN,NaN,NaN,NaN,NaN,NaN,NaN,NaN,NaN,NaN,NaN,NaN,NaN,NaN,NaN,NaN,NaN,NaN,NaN,NaN,NaN,NaN,NaN,NaN,NaN,NaN,NaN,NaN,NaN,NaN,NaN,NaN,NaN,NaN,NaN,NaN,NaN,NaN,NaN,NaN,NaN,NaN,NaN,NaN,NaN,NaN,NaN,NaN,NaN,NaN,NaN,NaN,NaN,NaN,NaN,NaN,NaN,NaN,NaN,NaN,NaN,NaN,NaN,NaN,NaN,NaN,NaN,NaN,NaN,NaN,NaN,NaN,NaN,NaN,NaN,NaN,NaN,NaN,NaN,NaN,NaN,NaN,NaN,NaN,NaN,NaN,NaN,NaN,NaN,NaN,NaN,NaN,NaN,NaN,NaN,NaN,NaN,NaN,NaN,NaN,NaN,NaN,NaN,NaN,NaN,NaN,NaN,NaN,NaN,NaN,NaN,NaN,NaN,NaN,NaN,NaN,NaN,NaN,NaN,NaN,NaN,NaN,NaN,NaN,NaN,NaN,NaN,NaN,NaN,NaN,NaN,NaN,NaN,NaN,NaN,NaN,NaN,NaN,NaN,NaN,NaN,NaN,NaN,NaN,NaN,NaN,NaN,NaN,NaN,NaN,NaN,NaN,NaN,NaN,NaN,NaN,NaN,NaN,NaN,NaN,NaN,NaN,NaN,NaN,NaN,NaN,NaN,NaN,NaN,NaN,NaN,NaN,NaN,NaN,NaN,NaN,NaN,NaN,NaN,NaN,NaN,NaN,NaN,NaN,NaN,NaN,NaN,NaN,NaN,NaN,NaN,NaN,NaN,NaN,NaN,NaN,NaN,NaN,NaN,NaN,NaN,NaN,NaN,NaN,NaN,NaN,NaN,NaN,NaN,NaN,NaN,NaN,NaN,NaN,NaN,NaN,NaN,NaN,NaN,NaN,NaN,NaN,NaN,NaN,NaN,NaN,NaN,NaN,NaN,NaN,NaN,NaN,NaN
NaN,NaN,NaN,NaN,NaN,NaN,NaN,NaN,NaN,NaN,NaN,NaN,NaN,NaN,NaN,NaN,NaN,NaN,NaN,NaN,NaN,NaN,NaN,NaN,NaN,NaN,NaN,NaN,NaN,NaN,NaN,NaN,NaN,NaN,NaN,NaN,NaN,NaN,NaN,NaN,NaN,NaN,NaN,NaN,NaN,NaN,NaN,NaN,NaN,NaN,NaN,NaN,NaN,NaN,NaN,NaN,NaN,NaN,NaN,NaN,NaN,NaN,NaN,NaN,NaN,NaN,NaN,NaN,NaN,NaN,NaN,NaN,NaN,NaN,NaN,NaN,NaN,NaN,NaN,NaN,NaN,NaN,NaN,NaN,NaN,NaN,NaN,NaN,NaN,NaN,NaN,NaN,NaN,NaN,NaN,NaN,NaN,NaN,NaN,NaN,NaN,NaN,NaN,NaN,NaN,NaN,NaN,NaN,NaN,NaN,NaN,NaN,NaN,NaN,NaN,NaN,NaN,NaN,NaN,NaN,NaN,NaN,NaN,NaN,NaN,NaN,NaN,NaN,NaN,NaN,NaN,NaN,NaN,NaN,NaN,NaN,NaN,NaN,NaN,NaN,NaN,NaN,NaN,NaN,NaN,NaN,NaN,NaN,NaN,NaN,NaN,NaN,NaN,NaN,NaN,NaN,NaN,NaN,NaN,NaN,NaN,NaN,NaN,NaN,NaN,NaN,NaN,NaN,NaN,NaN,NaN,NaN,NaN,NaN,NaN,NaN,NaN,NaN,NaN,NaN,NaN,NaN,NaN,NaN,NaN,NaN,NaN,NaN,NaN,NaN,NaN,NaN,NaN,NaN,NaN,NaN,NaN,NaN,NaN,NaN,NaN,NaN,NaN,NaN,NaN,NaN,NaN,NaN,NaN,NaN,NaN,NaN,NaN,NaN,NaN,NaN,NaN,NaN,NaN,NaN,NaN,NaN,NaN,NaN,NaN,NaN,NaN,NaN,NaN,NaN,NaN,NaN,NaN,NaN,NaN,NaN,NaN,NaN,NaN,NaN,NaN,NaN,NaN,NaN,NaN
NaN,NaN,NaN,NaN,NaN,NaN,NaN,NaN,NaN,NaN,NaN,NaN,NaN,NaN,NaN,NaN,NaN,NaN,NaN,NaN,NaN,NaN,NaN,NaN,NaN,NaN,NaN,NaN,NaN,NaN,NaN,NaN,NaN,NaN,NaN,NaN,NaN,NaN,NaN,NaN,NaN,NaN,NaN,NaN,NaN,NaN,NaN,NaN,NaN,NaN,NaN,NaN,NaN,NaN,NaN,NaN,NaN,NaN,NaN,NaN,NaN,NaN,NaN,NaN,NaN,NaN,NaN,NaN,NaN,NaN,NaN,NaN,NaN,NaN,NaN,NaN,NaN,NaN,NaN,NaN,NaN,NaN,NaN,NaN,NaN,NaN,NaN,NaN,NaN,NaN,NaN,NaN,NaN,NaN,NaN,NaN,NaN,NaN,NaN,NaN,NaN,NaN,NaN,NaN,NaN,NaN,NaN,NaN,NaN,NaN,NaN,NaN,NaN,NaN,NaN,NaN,NaN,NaN,NaN,NaN,NaN,NaN,NaN,NaN,NaN,NaN,NaN,NaN,NaN,NaN,NaN,NaN,NaN,NaN,NaN,NaN,NaN,NaN,NaN,NaN,NaN,NaN,NaN,NaN,NaN,NaN,NaN,NaN,NaN,NaN,NaN,NaN,NaN,NaN,NaN,NaN,NaN,NaN,NaN,NaN,NaN,NaN,NaN,NaN,NaN,NaN,NaN,NaN,NaN,NaN,NaN,NaN,NaN,NaN,NaN,NaN,NaN,NaN,NaN,NaN,NaN,NaN,NaN,NaN,NaN,NaN,NaN,NaN,NaN,NaN,NaN,NaN,NaN,NaN,NaN,NaN,NaN,NaN,NaN,NaN,NaN,NaN,NaN,NaN,NaN,NaN,NaN,NaN,NaN,NaN,NaN,NaN,NaN,NaN,NaN,NaN,NaN,NaN,NaN,NaN,NaN,NaN,NaN,NaN,NaN,NaN,NaN,NaN,NaN,NaN,NaN,NaN,NaN,NaN,NaN,NaN,NaN,NaN,NaN,NaN,NaN,NaN,NaN,NaN,NaN
NaN,NaN,NaN,NaN,NaN,NaN,NaN,NaN,NaN,NaN,NaN,NaN,NaN,NaN,NaN,NaN,NaN,NaN,NaN,NaN,NaN,NaN,NaN,NaN,NaN,NaN,NaN,NaN,NaN,NaN,NaN,NaN,NaN,NaN,NaN,NaN,NaN,NaN,NaN,NaN,NaN,NaN,NaN,NaN,NaN,NaN,NaN,NaN,NaN,NaN,NaN,NaN,NaN,NaN,NaN,NaN,NaN,NaN,NaN,NaN,NaN,NaN,NaN,NaN,NaN,NaN,NaN,NaN,NaN,NaN,NaN,NaN,NaN,NaN,NaN,NaN,NaN,NaN,NaN,NaN,NaN,NaN,NaN,NaN,NaN,NaN,NaN,NaN,NaN,NaN,NaN,NaN,NaN,NaN,NaN,NaN,NaN,NaN,NaN,NaN,NaN,NaN,NaN,NaN,NaN,NaN,NaN,NaN,NaN,NaN,NaN,NaN,NaN,NaN,NaN,NaN,NaN,NaN,NaN,NaN,NaN,NaN,NaN,NaN,NaN,NaN,NaN,NaN,NaN,NaN,NaN,NaN,NaN,NaN,NaN,NaN,NaN,NaN,NaN,NaN,NaN,NaN,NaN,NaN,NaN,NaN,NaN,NaN,NaN,NaN,NaN,NaN,NaN,NaN,NaN,NaN,NaN,NaN,NaN,NaN,NaN,NaN,NaN,NaN,NaN,NaN,NaN,NaN,NaN,NaN,NaN,NaN,NaN,NaN,NaN,NaN,NaN,NaN,NaN,NaN,NaN,NaN,NaN,NaN,NaN,NaN,NaN,NaN,NaN,NaN,NaN,NaN,NaN,NaN,NaN,NaN,NaN,NaN,NaN,NaN,NaN,NaN,NaN,NaN,NaN,NaN,NaN,NaN,NaN,NaN,NaN,NaN,NaN,NaN,NaN,NaN,NaN,NaN,NaN,NaN,NaN,NaN,NaN,NaN,NaN,NaN,NaN,NaN,NaN,NaN,NaN,NaN,NaN,NaN,NaN,NaN,NaN,NaN,NaN,NaN,NaN,NaN,NaN,NaN,NaN
NaN,NaN,NaN,NaN,NaN,NaN,NaN,NaN,NaN,NaN,NaN,NaN,NaN,NaN,NaN,NaN,NaN,NaN,NaN,NaN,NaN,NaN,NaN,NaN,NaN,NaN,NaN,NaN,NaN,NaN,NaN,NaN,NaN,NaN,NaN,NaN,NaN,NaN,NaN,NaN,NaN,NaN,NaN,NaN,NaN,NaN,NaN,NaN,NaN,NaN,NaN,NaN,NaN,NaN,NaN,NaN,NaN,NaN,NaN,NaN,NaN,NaN,NaN,NaN,NaN,NaN,NaN,NaN,NaN,NaN,NaN,NaN,NaN,NaN,NaN,NaN,NaN,NaN,NaN,NaN,NaN,NaN,NaN,NaN,NaN,NaN,NaN,NaN,NaN,NaN,NaN,NaN,NaN,NaN,NaN,NaN,NaN,NaN,NaN,NaN,NaN,NaN,NaN,NaN,NaN,NaN,NaN,NaN,NaN,NaN,NaN,NaN,NaN,NaN,NaN,NaN,NaN,NaN,NaN,NaN,NaN,NaN,NaN,NaN,NaN,NaN,NaN,NaN,NaN,NaN,NaN,NaN,NaN,NaN,NaN,NaN,NaN,NaN,NaN,NaN,NaN,NaN,NaN,NaN,NaN,NaN,NaN,NaN,NaN,NaN,NaN,NaN,NaN,NaN,NaN,NaN,NaN,NaN,NaN,NaN,NaN,NaN,NaN,NaN,NaN,NaN,NaN,NaN,NaN,NaN,NaN,NaN,NaN,NaN,NaN,NaN,NaN,NaN,NaN,NaN,NaN,NaN,NaN,NaN,NaN,NaN,NaN,NaN,NaN,NaN,NaN,NaN,NaN,NaN,NaN,NaN,NaN,NaN,NaN,NaN,NaN,NaN,NaN,NaN,NaN,NaN,NaN,NaN,NaN,NaN,NaN,NaN,NaN,NaN,NaN,NaN,NaN,NaN,NaN,NaN,NaN,NaN,NaN,NaN,NaN,NaN,NaN,NaN,NaN,NaN,NaN,NaN,NaN,NaN,NaN,NaN,NaN,NaN,NaN,NaN,NaN,NaN,NaN,NaN,NaN
NaN,NaN,NaN,NaN,NaN,NaN,NaN,NaN,NaN,NaN,NaN,NaN,NaN,NaN,NaN,NaN,NaN,NaN,NaN,NaN,NaN,NaN,NaN,NaN,NaN,NaN,NaN,NaN,NaN,NaN,NaN,NaN,NaN,NaN,NaN,NaN,NaN,NaN,NaN,NaN,NaN,NaN,NaN,NaN,NaN,NaN,NaN,NaN,NaN,NaN,NaN,NaN,NaN,NaN,NaN,NaN,NaN,NaN,NaN,NaN,NaN,NaN,NaN,NaN,NaN,NaN,NaN,NaN,NaN,NaN,NaN,NaN,NaN,NaN,NaN,NaN,NaN,NaN,NaN,NaN,NaN,NaN,NaN,NaN,NaN,NaN,NaN,NaN,NaN,NaN,NaN,NaN,NaN,NaN,NaN,NaN,NaN,NaN,NaN,NaN,NaN,NaN,NaN,NaN,NaN,NaN,NaN,NaN,NaN,NaN,NaN,NaN,NaN,NaN,NaN,NaN,NaN,NaN,NaN,NaN,NaN,NaN,NaN,NaN,NaN,NaN,NaN,NaN,NaN,NaN,NaN,NaN,NaN,NaN,NaN,NaN,NaN,NaN,NaN,NaN,NaN,NaN,NaN,NaN,NaN,NaN,NaN,NaN,NaN,NaN,NaN,NaN,NaN,NaN,NaN,NaN,NaN,NaN,NaN,NaN,NaN,NaN,NaN,NaN,NaN,NaN,NaN,NaN,NaN,NaN,NaN,NaN,NaN,NaN,NaN,NaN,NaN,NaN,NaN,NaN,NaN,NaN,NaN,NaN,NaN,NaN,NaN,NaN,NaN,NaN,NaN,NaN,NaN,NaN,NaN,NaN,NaN,NaN,NaN,NaN,NaN,NaN,NaN,NaN,NaN,NaN,NaN,NaN,NaN,NaN,NaN,NaN,NaN,NaN,NaN,NaN,NaN,NaN,NaN,NaN,NaN,NaN,NaN,NaN,NaN,NaN,NaN,NaN,NaN,NaN,NaN,NaN,NaN,NaN,NaN,NaN,NaN,NaN,NaN,NaN,NaN,NaN,NaN,NaN,NaN
NaN,NaN,NaN,NaN,NaN,NaN,NaN,NaN,NaN,NaN,NaN,NaN,NaN,NaN,NaN,NaN,NaN,NaN,NaN,NaN,NaN,NaN,NaN,NaN,NaN,NaN,NaN,NaN,NaN,NaN,NaN,NaN,NaN,NaN,NaN,NaN,NaN,NaN,NaN,NaN,NaN,NaN,NaN,NaN,NaN,NaN,NaN,NaN,NaN,NaN,NaN,NaN,NaN,NaN,NaN,NaN,NaN,NaN,NaN,NaN,NaN,NaN,NaN,NaN,NaN,NaN,NaN,NaN,NaN,NaN,NaN,NaN,NaN,NaN,NaN,NaN,NaN,NaN,NaN,NaN,NaN,NaN,NaN,NaN,NaN,NaN,NaN,NaN,NaN,NaN,NaN,NaN,NaN,NaN,NaN,NaN,NaN,NaN,NaN,NaN,NaN,NaN,NaN,NaN,NaN,NaN,NaN,NaN,NaN,NaN,NaN,NaN,NaN,NaN,NaN,NaN,NaN,NaN,NaN,NaN,NaN,NaN,NaN,NaN,NaN,NaN,NaN,NaN,NaN,NaN,NaN,NaN,NaN,NaN,NaN,NaN,NaN,NaN,NaN,NaN,NaN,NaN,NaN,NaN,NaN,NaN,NaN,NaN,NaN,NaN,NaN,NaN,NaN,NaN,NaN,NaN,NaN,NaN,NaN,NaN,NaN,NaN,NaN,NaN,NaN,NaN,NaN,NaN,NaN,NaN,NaN,NaN,NaN,NaN,NaN,NaN,NaN,NaN,NaN,NaN,NaN,NaN,NaN,NaN,NaN,NaN,NaN,NaN,NaN,NaN,NaN,NaN,NaN,NaN,NaN,NaN,NaN,NaN,NaN,NaN,NaN,NaN,NaN,NaN,NaN,NaN,NaN,NaN,NaN,NaN,NaN,NaN,NaN,NaN,NaN,NaN,NaN,NaN,NaN,NaN,NaN,NaN,NaN,NaN,NaN,NaN,NaN,NaN,NaN,NaN,NaN,NaN,NaN,NaN,NaN,NaN,NaN,NaN,NaN,NaN,NaN,NaN,NaN,NaN,NaN
NaN,NaN,NaN,NaN,NaN,NaN,NaN,NaN,NaN,NaN,NaN,NaN,NaN,NaN,NaN,NaN,NaN,NaN,NaN,NaN,NaN,NaN,NaN,NaN,NaN,NaN,NaN,NaN,NaN,NaN,NaN,NaN,NaN,NaN,NaN,NaN,NaN,NaN,NaN,NaN,NaN,NaN,NaN,NaN,NaN,NaN,NaN,NaN,NaN,NaN,NaN,NaN,NaN,NaN,NaN,NaN,NaN,NaN,NaN,NaN,NaN,NaN,NaN,NaN,NaN,NaN,NaN,NaN,NaN,NaN,NaN,NaN,NaN,NaN,NaN,NaN,NaN,NaN,NaN,NaN,NaN,NaN,NaN,NaN,NaN,NaN,NaN,NaN,NaN,NaN,NaN,NaN,NaN,NaN,NaN,NaN,NaN,NaN,NaN,NaN,NaN,NaN,NaN,NaN,NaN,NaN,NaN,NaN,NaN,NaN,NaN,NaN,NaN,NaN,NaN,NaN,NaN,NaN,NaN,NaN,NaN,NaN,NaN,NaN,NaN,NaN,NaN,NaN,NaN,NaN,NaN,NaN,NaN,NaN,NaN,NaN,NaN,NaN,NaN,NaN,NaN,NaN,NaN,NaN,NaN,NaN,NaN,NaN,NaN,NaN,NaN,NaN,NaN,NaN,NaN,NaN,NaN,NaN,NaN,NaN,NaN,NaN,NaN,NaN,NaN,NaN,NaN,NaN,NaN,NaN,NaN,NaN,NaN,NaN,NaN,NaN,NaN,NaN,NaN,NaN,NaN,NaN,NaN,NaN,NaN,NaN,NaN,NaN,NaN,NaN,NaN,NaN,NaN,NaN,NaN,NaN,NaN,NaN,NaN,NaN,NaN,NaN,NaN,NaN,NaN,NaN,NaN,NaN,NaN,NaN,NaN,NaN,NaN,NaN,NaN,NaN,NaN,NaN,NaN,NaN,NaN,NaN,NaN,NaN,NaN,NaN,NaN,NaN,NaN,NaN,NaN,NaN,NaN,NaN,NaN,NaN,NaN,NaN,NaN,NaN,NaN,NaN,NaN,NaN,NaN
NaN,NaN,NaN,NaN,NaN,NaN,NaN,NaN,NaN,NaN,NaN,NaN,NaN,NaN,NaN,NaN,NaN,NaN,NaN,NaN,NaN,NaN,NaN,NaN,NaN,NaN,NaN,NaN,NaN,NaN,NaN,NaN,NaN,NaN,NaN,NaN,NaN,NaN,NaN,NaN,NaN,NaN,NaN,NaN,NaN,NaN,NaN,NaN,NaN,NaN,NaN,NaN,NaN,NaN,NaN,NaN,NaN,NaN,NaN,NaN,NaN,NaN,NaN,NaN,NaN,NaN,NaN,NaN,NaN,NaN,NaN,NaN,NaN,NaN,NaN,NaN,NaN,NaN,NaN,NaN,NaN,NaN,NaN,NaN,NaN,NaN,NaN,NaN,NaN,NaN,NaN,NaN,NaN,NaN,NaN,NaN,NaN,NaN,NaN,NaN,NaN,NaN,NaN,NaN,NaN,NaN,NaN,NaN,NaN,NaN,NaN,NaN,NaN,NaN,NaN,NaN,NaN,NaN,NaN,NaN,NaN,NaN,NaN,NaN,NaN,NaN,NaN,NaN,NaN,NaN,NaN,NaN,NaN,NaN,NaN,NaN,NaN,NaN,NaN,NaN,NaN,NaN,NaN,NaN,NaN,NaN,NaN,NaN,NaN,NaN,NaN,NaN,NaN,NaN,NaN,NaN,NaN,NaN,NaN,NaN,NaN,NaN,NaN,NaN,NaN,NaN,NaN,NaN,NaN,NaN,NaN,NaN,NaN,NaN,NaN,NaN,NaN,NaN,NaN,NaN,NaN,NaN,NaN,NaN,NaN,NaN,NaN,NaN,NaN,NaN,NaN,NaN,NaN,NaN,NaN,NaN,NaN,NaN,NaN,NaN,NaN,NaN,NaN,NaN,NaN,NaN,NaN,NaN,NaN,NaN,NaN,NaN,NaN,NaN,NaN,NaN,NaN,NaN,NaN,NaN,NaN,NaN,NaN,NaN,NaN,NaN,NaN,NaN,NaN,NaN,NaN,NaN,NaN,NaN,NaN,NaN,NaN,NaN,NaN,NaN,NaN,NaN,NaN,NaN,NaN
NaN,NaN,NaN,NaN,NaN,NaN,NaN,NaN,NaN,NaN,NaN,NaN,NaN,NaN,NaN,NaN,NaN,NaN,NaN,NaN,NaN,NaN,NaN,NaN,NaN,NaN,NaN,NaN,NaN,NaN,NaN,NaN,NaN,NaN,NaN,NaN,NaN,NaN,NaN,NaN,NaN,NaN,NaN,NaN,NaN,NaN,NaN,NaN,NaN,NaN,NaN,NaN,NaN,NaN,NaN,NaN,NaN,NaN,NaN,NaN,NaN,NaN,NaN,NaN,NaN,NaN,NaN,NaN,NaN,NaN,NaN,NaN,NaN,NaN,NaN,NaN,NaN,NaN,NaN,NaN,NaN,NaN,NaN,NaN,NaN,NaN,NaN,NaN,NaN,NaN,NaN,NaN,NaN,NaN,NaN,NaN,NaN,NaN,NaN,NaN,NaN,NaN,NaN,NaN,NaN,NaN,NaN,NaN,NaN,NaN,NaN,NaN,NaN,NaN,NaN,NaN,NaN,NaN,NaN,NaN,NaN,NaN,NaN,NaN,NaN,NaN,NaN,NaN,NaN,NaN,NaN,NaN,NaN,NaN,NaN,NaN,NaN,NaN,NaN,NaN,NaN,NaN,NaN,NaN,NaN,NaN,NaN,NaN,NaN,NaN,NaN,NaN,NaN,NaN,NaN,NaN,NaN,NaN,NaN,NaN,NaN,NaN,NaN,NaN,NaN,NaN,NaN,NaN,NaN,NaN,NaN,NaN,NaN,NaN,NaN,NaN,NaN,NaN,NaN,NaN,NaN,NaN,NaN,NaN,NaN,NaN,NaN,NaN,NaN,NaN,NaN,NaN,NaN,NaN,NaN,NaN,NaN,NaN,NaN,NaN,NaN,NaN,NaN,NaN,NaN,NaN,NaN,NaN,NaN,NaN,NaN,NaN,NaN,NaN,NaN,NaN,NaN,NaN,NaN,NaN,NaN,NaN,NaN,NaN,NaN,NaN,NaN,NaN,NaN,NaN,NaN,NaN,NaN,NaN,NaN,NaN,NaN,NaN,NaN,NaN,NaN,NaN,NaN,NaN,NaN
NaN,NaN,NaN,NaN,NaN,NaN,NaN,NaN,NaN,NaN,NaN,NaN,NaN,NaN,NaN,NaN,NaN,NaN,NaN,NaN,NaN,NaN,NaN,NaN,NaN,NaN,NaN,NaN,NaN,NaN,NaN,NaN,NaN,NaN,NaN,NaN,NaN,NaN,NaN,NaN,NaN,NaN,NaN,NaN,NaN,NaN,NaN,NaN,NaN,NaN,NaN,NaN,NaN,NaN,NaN,NaN,NaN,NaN,NaN,NaN,NaN,NaN,NaN,NaN,NaN,NaN,NaN,NaN,NaN,NaN,NaN,NaN,NaN,NaN,NaN,NaN,NaN,NaN,NaN,NaN,NaN,NaN,NaN,NaN,NaN,NaN,NaN,NaN,NaN,NaN,NaN,NaN,NaN,NaN,NaN,NaN,NaN,NaN,NaN,NaN,NaN,NaN,NaN,NaN,NaN,NaN,NaN,NaN,NaN,NaN,NaN,NaN,NaN,NaN,NaN,NaN,NaN,NaN,NaN,NaN,NaN,NaN,NaN,NaN,NaN,NaN,NaN,NaN,NaN,NaN,NaN,NaN,NaN,NaN,NaN,NaN,NaN,NaN,NaN,NaN,NaN,NaN,NaN,NaN,NaN,NaN,NaN,NaN,NaN,NaN,NaN,NaN,NaN,NaN,NaN,NaN,NaN,NaN,NaN,NaN,NaN,NaN,NaN,NaN,NaN,NaN,NaN,NaN,NaN,NaN,NaN,NaN,NaN,NaN,NaN,NaN,NaN,NaN,NaN,NaN,NaN,NaN,NaN,NaN,NaN,NaN,NaN,NaN,NaN,NaN,NaN,NaN,NaN,NaN,NaN,NaN,NaN,NaN,NaN,NaN,NaN,NaN,NaN,NaN,NaN,NaN,NaN,NaN,NaN,NaN,NaN,NaN,NaN,NaN,NaN,NaN,NaN,NaN,NaN,NaN,NaN,NaN,NaN,NaN,NaN,NaN,NaN,NaN,NaN,NaN,NaN,NaN,NaN,NaN,NaN,NaN,NaN,NaN,NaN,NaN,NaN,NaN,NaN,NaN,NaN
NaN,NaN,NaN,NaN,NaN,NaN,NaN,NaN,NaN,NaN,NaN,NaN,NaN,NaN,NaN,NaN,NaN,NaN,NaN,NaN,NaN,NaN,NaN,NaN,NaN,NaN,NaN,NaN,NaN,NaN,NaN,NaN,NaN,NaN,NaN,NaN,NaN,NaN,NaN,NaN,NaN,NaN,NaN,NaN,NaN,NaN,NaN,NaN,NaN,NaN,NaN,NaN,NaN,NaN,NaN,NaN,NaN,NaN,NaN,NaN,NaN,NaN,NaN,NaN,NaN,NaN,NaN,NaN,NaN,NaN,NaN,NaN,NaN,NaN,NaN,NaN,NaN,NaN,NaN,NaN,NaN,NaN,NaN,NaN,NaN,NaN,NaN,NaN,NaN,NaN,NaN,NaN,NaN,NaN,NaN,NaN,NaN,NaN,NaN,NaN,NaN,NaN,NaN,NaN,NaN,NaN,NaN,NaN,NaN,NaN,NaN,NaN,NaN,NaN,NaN,NaN,NaN,NaN,NaN,NaN,NaN,NaN,NaN,NaN,NaN,NaN,NaN,NaN,NaN,NaN,NaN,NaN,NaN,NaN,NaN,NaN,NaN,NaN,NaN,NaN,NaN,NaN,NaN,NaN,NaN,NaN,NaN,NaN,NaN,NaN,NaN,NaN,NaN,NaN,NaN,NaN,NaN,NaN,NaN,NaN,NaN,NaN,NaN,NaN,NaN,NaN,NaN,NaN,NaN,NaN,NaN,NaN,NaN,NaN,NaN,NaN,NaN,NaN,NaN,NaN,NaN,NaN,NaN,NaN,NaN,NaN,NaN,NaN,NaN,NaN,NaN,NaN,NaN,NaN,NaN,NaN,NaN,NaN,NaN,NaN,NaN,NaN,NaN,NaN,NaN,NaN,NaN,NaN,NaN,NaN,NaN,NaN,NaN,NaN,NaN,NaN,NaN,NaN,NaN,NaN,NaN,NaN,NaN,NaN,NaN,NaN,NaN,NaN,NaN,NaN,NaN,NaN,NaN,NaN,NaN,NaN,NaN,NaN,NaN,NaN,NaN,NaN,NaN,NaN,NaN
NaN,NaN,NaN,NaN,NaN,NaN,NaN,NaN,NaN,NaN,NaN,NaN,NaN,NaN,NaN,NaN,NaN,NaN,NaN,NaN,NaN,NaN,NaN,NaN,NaN,NaN,NaN,NaN,NaN,NaN,NaN,NaN,NaN,NaN,NaN,NaN,NaN,NaN,NaN,NaN,NaN,NaN,NaN,NaN,NaN,NaN,NaN,NaN,NaN,NaN,NaN,NaN,NaN,NaN,NaN,NaN,NaN,NaN,NaN,NaN,NaN,NaN,NaN,NaN,NaN,NaN,NaN,NaN,NaN,NaN,NaN,NaN,NaN,NaN,NaN,NaN,NaN,NaN,NaN,NaN,NaN,NaN,NaN,NaN,NaN,NaN,NaN,NaN,NaN,NaN,NaN,NaN,NaN,NaN,NaN,NaN,NaN,NaN,NaN,NaN,NaN,NaN,NaN,NaN,NaN,NaN,NaN,NaN,NaN,NaN,NaN,NaN,NaN,NaN,NaN,NaN,NaN,NaN,NaN,NaN,NaN,NaN,NaN,NaN,NaN,NaN,NaN,NaN,NaN,NaN,NaN,NaN,NaN,NaN,NaN,NaN,NaN,NaN,NaN,NaN,NaN,NaN,NaN,NaN,NaN,NaN,NaN,NaN,NaN,NaN,NaN,NaN,NaN,NaN,NaN,NaN,NaN,NaN,NaN,NaN,NaN,NaN,NaN,NaN,NaN,NaN,NaN,NaN,NaN,NaN,NaN,NaN,NaN,NaN,NaN,NaN,NaN,NaN,NaN,NaN,NaN,NaN,NaN,NaN,NaN,NaN,NaN,NaN,NaN,NaN,NaN,NaN,NaN,NaN,NaN,NaN,NaN,NaN,NaN,NaN,NaN,NaN,NaN,NaN,NaN,NaN,NaN,NaN,NaN,NaN,NaN,NaN,NaN,NaN,NaN,NaN,NaN,NaN,NaN,NaN,NaN,NaN,NaN,NaN,NaN,NaN,NaN,NaN,NaN,NaN,NaN,NaN,NaN,NaN,NaN,NaN,NaN,NaN,NaN,NaN,NaN,NaN,NaN,NaN,NaN
NaN,NaN,NaN,NaN,NaN,NaN,NaN,NaN,NaN,NaN,NaN,NaN,NaN,NaN,NaN,NaN,NaN,NaN,NaN,NaN,NaN,NaN,NaN,NaN,NaN,NaN,NaN,NaN,NaN,NaN,NaN,NaN,NaN,NaN,NaN,NaN,NaN,NaN,NaN,NaN,NaN,NaN,NaN,NaN,NaN,NaN,NaN,NaN,NaN,NaN,NaN,NaN,NaN,NaN,NaN,NaN,NaN,NaN,NaN,NaN,NaN,NaN,NaN,NaN,NaN,NaN,NaN,NaN,NaN,NaN,NaN,NaN,NaN,NaN,NaN,NaN,NaN,NaN,NaN,NaN,NaN,NaN,NaN,NaN,NaN,NaN,NaN,NaN,NaN,NaN,NaN,NaN,NaN,NaN,NaN,NaN,NaN,NaN,NaN,NaN,NaN,NaN,NaN,NaN,NaN,NaN,NaN,NaN,NaN,NaN,NaN,NaN,NaN,NaN,NaN,NaN,NaN,NaN,NaN,NaN,NaN,NaN,NaN,NaN,NaN,NaN,NaN,NaN,NaN,NaN,NaN,NaN,NaN,NaN,NaN,NaN,NaN,NaN,NaN,NaN,NaN,NaN,NaN,NaN,NaN,NaN,NaN,NaN,NaN,NaN,NaN,NaN,NaN,NaN,NaN,NaN,NaN,NaN,NaN,NaN,NaN,NaN,NaN,NaN,NaN,NaN,NaN,NaN,NaN,NaN,NaN,NaN,NaN,NaN,NaN,NaN,NaN,NaN,NaN,NaN,NaN,NaN,NaN,NaN,NaN,NaN,NaN,NaN,NaN,NaN,NaN,NaN,NaN,NaN,NaN,NaN,NaN,NaN,NaN,NaN,NaN,NaN,NaN,NaN,NaN,NaN,NaN,NaN,NaN,NaN,NaN,NaN,NaN,NaN,NaN,NaN,NaN,NaN,NaN,NaN,NaN,NaN,NaN,NaN,NaN,NaN,NaN,NaN,NaN,NaN,NaN,NaN,NaN,NaN,NaN,NaN,NaN,NaN,NaN,NaN,NaN,NaN,NaN,NaN,NaN
NaN,NaN,NaN,NaN,NaN,NaN,NaN,NaN,NaN,NaN,NaN,NaN,NaN,NaN,NaN,NaN,NaN,NaN,NaN,NaN,NaN,NaN,NaN,NaN,NaN,NaN,NaN,NaN,NaN,NaN,NaN,NaN,NaN,NaN,NaN,NaN,NaN,NaN,NaN,NaN,NaN,NaN,NaN,NaN,NaN,NaN,NaN,NaN,NaN,NaN,NaN,NaN,NaN,NaN,NaN,NaN,NaN,NaN,NaN,NaN,NaN,NaN,NaN,NaN,NaN,NaN,NaN,NaN,NaN,NaN,NaN,NaN,NaN,NaN,NaN,NaN,NaN,NaN,NaN,NaN,NaN,NaN,NaN,NaN,NaN,NaN,NaN,NaN,NaN,NaN,NaN,NaN,NaN,NaN,NaN,NaN,NaN,NaN,NaN,NaN,NaN,NaN,NaN,NaN,NaN,NaN,NaN,NaN,NaN,NaN,NaN,NaN,NaN,NaN,NaN,NaN,NaN,NaN,NaN,NaN,NaN,NaN,NaN,NaN,NaN,NaN,NaN,NaN,NaN,NaN,NaN,NaN,NaN,NaN,NaN,NaN,NaN,NaN,NaN,NaN,NaN,NaN,NaN,NaN,NaN,NaN,NaN,NaN,NaN,NaN,NaN,NaN,NaN,NaN,NaN,NaN,NaN,NaN,NaN,NaN,NaN,NaN,NaN,NaN,NaN,NaN,NaN,NaN,NaN,NaN,NaN,NaN,NaN,NaN,NaN,NaN,NaN,NaN,NaN,NaN,NaN,NaN,NaN,NaN,NaN,NaN,NaN,NaN,NaN,NaN,NaN,NaN,NaN,NaN,NaN,NaN,NaN,NaN,NaN,NaN,NaN,NaN,NaN,NaN,NaN,NaN,NaN,NaN,NaN,NaN,NaN,NaN,NaN,NaN,NaN,NaN,NaN,NaN,NaN,NaN,NaN,NaN,NaN,NaN,NaN,NaN,NaN,NaN,NaN,NaN,NaN,NaN,NaN,NaN,NaN,NaN,NaN,NaN,NaN,NaN,NaN,NaN,NaN,NaN,NaN
