NaN,NaN,NaN,NaN,NaN,NaN,NaN,NaN,NaN,NaN,NaN,NaN,NaN,NaN,NaN,NaN,NaN,NaN,NaN,NaN,NaN,NaN,NaN,NaN,NaN,NaN,NaN,NaN,NaN,NaN,NaN,NaN,NaN,NaN,NaN,NaN,NaN,NaN,NaN,NaN,NaN,NaN,NaN,NaN,NaN,NaN,NaN,NaN,NaN,NaN,NaN,NaN,NaN,NaN,NaN,NaN,NaN,NaN,NaN,NaN,NaN,NaN,NaN,NaN,NaN,NaN,NaN,NaN,NaN,NaN,NaN,NaN,NaN,NaN,NaN,NaN,NaN,NaN,NaN,NaN,NaN,NaN,-0.0799457200032245,-0.0799584317110007,-0.0799663473824447,-0.0799734545567605,-0.079976859787332,-0.0799812249250841,-0.0799920117885025,-0.0800052285814444,-0.080016879255462,-0.0800248046220729,-0.0800336293234113,-0.0800438019770015,-0.0800531036916642,-0.0800630533541665,-0.0800706363570945,-0.0800791071816862,-0.0800866577316416,-0.0800900933669711,-0.0800903530519197,-0.0800898496039913,-0.0800900627158874,-0.0800893715334935,-0.0800907333855545,-0.080093091483432,-0.0800970887715387,-0.0801025746318512,-0.0801103112315087,-0.0801187260630145,-0.0801257285123196,-0.0801340296845704,-0.0801428351827219,-0.0801485937692968,-0.0801518936736528,-0.0801519897459896,-0.0801517782511693,-0.0801530400569687,-0.0801562632993825,-0.0801577957988788,-0.0801590646887649,-0.0801637873590634,-0.0801693155622545,-0.0801749757575599,-0.0801769584882757,-0.0801750070622882,-0.0801740782277311,-0.0801747819967084,-0.0801749765403784,-0.0801741780481196,-0.0801737819189743,-0.0801726383108531,-0.0801693108486158,-0.0801643666134991,-0.0801617119395843,-0.0801619020273958,-0.0801617613672056,-0.0801615169404654,-0.0801627334816389,-0.0801650888278922,-0.0801673230702396,-0.0801697688496868,-0.0801712979619143,-0.0801714157194541,-0.0801713739848347,-0.0801709717853838,-0.0801698028629345,-0.0801681880691013,-0.0801676135276348,-0.0801674650678821,-0.0801678733032125,-0.0801690193376109,-0.0801699513921767,-0.0801695241436848,-0.0801687677384848,-0.0801683211181214,-0.0801670853675048,-0.0801641469730962,-0.0801620574519654,-0.0801607873371906,-0.0801599914754929,-0.0801599674807494,-0.0801592649870248,-0.0801570510222998,-0.0801552144206928,-0.0801544089772923,-0.0801538180148431,-0.0801533459212417,-0.0801537911760001,-0.0801563159122552,-0.0801596451223889,-0.0801638808964611,-0.0801686464055963,-0.0801731210176283,-0.0801760326705073,-0.0801782888437758,-0.0801811115828399,-0.0801846361860949,-0.0801879453389873,-0.0801911974536344,-0.0801954032815482,-0.0802007307162356,-0.0802055700963997,-0.0802097141399095,-0.0802131250875744,-0.0802145541765359,-0.0802144765286704,-0.080213572351373,-0.0802129765612733,-0.0802138435968536,-0.0802146034150669,-0.0802154833895991,-0.0802159653585611,-0.080215002301485,-0.0802136466997819,-0.0802123373608873,-0.0802108269297224,-0.0802091802886066,-0.080207390711581,-0.0802048663178374,-0.0802022154095511,-0.080199677567329,-0.0801965568975193,-0.0801919893239599,-0.0801859972170842,-0.0801806423066935,-0.0801750767640532,-0.0801692960318714,-0.0801636538737777,-0.080158293218114,-0.0801530382921415,-0.0801483052350569,-0.0801440269086957,-0.0801402206055657,-0.0801364133926964,-0.0801324919138097,-0.0801289355127489,-0.0801256429041622,-0.0801222713870706,-0.0801184638799083,-0.0801143612853065,-0.0801099752174102,-0.0801055016754278,-0.0801012348587581,-0.0800975293903278,-0.0800943037457577,-0.0800915697263584,-0.0800890706035608,-0.0800866735619615,-0.0800846068709367,-0.0800829421316091,-0.0800814230582966,-0.0800794668322297,-0.0800774140637478,-0.0800749728024338,-0.0800724256510267,-0.080069915140826,-0.0800677580155023,-0.080066099029499,-0.0800647934248645,-0.0800636434517956,-0.0800626880280672,-0.0800641852157559,-0.0800687713993874,-0.0800688122868116
NaN,NaN,NaN,NaN,NaN,NaN,NaN,NaN,NaN,NaN,NaN,NaN,NaN,NaN,NaN,NaN,NaN,NaN,NaN,NaN,NaN,NaN,NaN,NaN,NaN,NaN,NaN,NaN,NaN,NaN,NaN,NaN,NaN,NaN,NaN,NaN,NaN,NaN,NaN,NaN,NaN,NaN,NaN,NaN,NaN,NaN,NaN,NaN,NaN,NaN,NaN,NaN,NaN,NaN,NaN,NaN,NaN,NaN,NaN,NaN,NaN,NaN,NaN,NaN,NaN,NaN,NaN,NaN,NaN,NaN,NaN,NaN,NaN,NaN,NaN,NaN,NaN,NaN,NaN,NaN,NaN,NaN,-0.0799119203802015,-0.0799248215096063,-0.0799328427780917,-0.079940010923977,-0.0799434698270556,-0.0799479531936859,-0.0799588980705557,-0.0799722357962902,-0.0799839811472581,-0.0799919784608555,-0.0800008796745992,-0.0800111200289039,-0.0800205092723198,-0.0800305438771437,-0.0800382202691269,-0.0800467967689771,-0.0800544174864912,-0.0800578794984875,-0.0800582414414181,-0.0800578531437397,-0.0800581555285114,-0.0800575607022971,-0.0800590304173122,-0.0800614926092678,-0.0800655763507258,-0.0800711519608295,-0.0800789855265422,-0.0800874964353792,-0.080094554869004,-0.0801028869210557,-0.0801117142289905,-0.0801175419538878,-0.0801208991997922,-0.0801210584016398,-0.0801209087635012,-0.0801222662736713,-0.0801255563345189,-0.0801271533337599,-0.0801285215063691,-0.0801333526063641,-0.0801389938682958,-0.0801446622940127,-0.0801466629730667,-0.0801447468857712,-0.0801438476180321,-0.0801445653277685,-0.0801447779658382,-0.0801439961075122,-0.0801436298484745,-0.0801424952410879,-0.0801391783480323,-0.0801342523710205,-0.0801316300203198,-0.0801318405800787,-0.080131710185042,-0.080131505532844,-0.080132770593244,-0.0801351502396829,-0.0801373965512911,-0.0801398666873514,-0.0801414023812562,-0.0801415138793682,-0.0801414763030641,-0.0801410789450244,-0.0801399268904773,-0.080138338467956,-0.0801377849474132,-0.0801376509918057,-0.0801380801410627,-0.0801392462828288,-0.0801402012282172,-0.0801397870252221,-0.0801390554383244,-0.0801386210379084,-0.0801373830492648,-0.0801344597986333,-0.0801323907089884,-0.0801311429172059,-0.0801303664126001,-0.0801303518477277,-0.0801296477974028,-0.0801274400780763,-0.0801256463917902,-0.0801248768857399,-0.0801242929267822,-0.0801238182221744,-0.0801242618496,-0.0801267895573701,-0.0801301287920443,-0.0801343844450007,-0.0801391689631886,-0.0801436446128327,-0.0801465376943608,-0.0801487852073082,-0.0801516214015484,-0.080155147606761,-0.0801584473144176,-0.080161685946261,-0.0801658970472335,-0.0801712424862314,-0.0801760972201467,-0.0801802654613607,-0.0801837100683916,-0.0801851683800489,-0.080185127836998,-0.080184264172126,-0.0801836930428194,-0.0801845497418836,-0.0801852896499395,-0.0801861729282606,-0.0801866741555981,-0.0801857295746825,-0.0801843778643319,-0.0801830658803082,-0.08018156162001,-0.080179926743087,-0.0801781517712383,-0.0801756484660997,-0.0801730190659886,-0.0801705061487384,-0.0801674056583784,-0.0801628584640077,-0.0801570031471146,-0.0801517848286983,-0.0801463509091904,-0.0801407027503953,-0.0801351924714914,-0.0801299669803163,-0.0801248378298633,-0.0801202270737943,-0.0801160742699028,-0.080112397087832,-0.0801087162214445,-0.0801049201220828,-0.08010148733549,-0.0800983183252207,-0.080095073043527,-0.080091385171185,-0.0800874008821726,-0.0800831336640135,-0.0800787753182439,-0.0800746221754622,-0.0800710301077033,-0.0800679211112595,-0.080065309889023,-0.0800629315780199,-0.0800606519710342,-0.0800586990150247,-0.0800571529703062,-0.0800557489517769,-0.0800538998129599,-0.080051952723501,-0.080049616706573,-0.0800471772816125,-0.0800447696453644,-0.0800427179336034,-0.0800411682967286,-0.0800399559050072,-0.0800389156058065,-0.0800379973020161,-0.0800395885937427,-0.08005082758813,-0.0800688514011574
NaN,NaN,NaN,NaN,NaN,NaN,NaN,NaN,NaN,NaN,NaN,NaN,NaN,NaN,NaN,NaN,NaN,NaN,NaN,NaN,NaN,NaN,NaN,NaN,NaN,NaN,NaN,NaN,NaN,NaN,NaN,NaN,NaN,NaN,NaN,NaN,NaN,NaN,NaN,NaN,NaN,NaN,NaN,NaN,NaN,NaN,NaN,NaN,NaN,NaN,NaN,NaN,NaN,NaN,NaN,NaN,NaN,NaN,NaN,NaN,NaN,NaN,NaN,NaN,NaN,NaN,NaN,NaN,NaN,NaN,NaN,NaN,NaN,NaN,NaN,NaN,NaN,NaN,NaN,NaN,NaN,NaN,-0.0799110706705396,-0.0799254298407518,-0.0799298077974938,-0.0799354105106506,-0.0799356020417783,-0.0799396433973581,-0.0799480670994095,-0.0799575337518193,-0.0799667046632497,-0.0799746852753244,-0.0799817729203255,-0.0799889154549249,-0.0799975475886897,-0.0800063659967915,-0.0800127189276079,-0.0800193866078671,-0.0800256644469833,-0.080031673889113,-0.0800338677402229,-0.0800339012031314,-0.0800320290364953,-0.0800307575186796,-0.0800333318624842,-0.0800367112819901,-0.0800414872077527,-0.08004666087612,-0.0800545539978643,-0.0800628308987437,-0.0800701850042343,-0.0800772981444963,-0.0800833072825861,-0.0800873656706631,-0.0800878220020732,-0.0800881258275521,-0.0800908030421514,-0.0800943605893175,-0.0800985758550382,-0.0801004502654644,-0.0801022366150657,-0.0801059155410555,-0.0801101064179531,-0.0801133501295038,-0.0801139501126798,-0.0801144852500522,-0.080116323608401,-0.080118379667262,-0.0801202032624713,-0.0801215702256202,-0.0801237344242823,-0.0801249128824782,-0.0801218885346285,-0.0801178871742199,-0.080115591742812,-0.0801152981451785,-0.0801153819497286,-0.0801155832963365,-0.0801160381874287,-0.0801168676479489,-0.0801179733022603,-0.0801194324818852,-0.0801210376959354,-0.0801225394662879,-0.0801241473063337,-0.0801259062633672,-0.080127338460258,-0.0801286627043679,-0.0801298674060011,-0.080130071914509,-0.0801295519451493,-0.0801303454766224,-0.0801312441824532,-0.0801307982413181,-0.0801302331236284,-0.0801302454276322,-0.080130074481044,-0.08012953991545,-0.0801292783877712,-0.0801285004871031,-0.0801273855517615,-0.0801256808535548,-0.0801247068761783,-0.0801253298266364,-0.0801259380857808,-0.0801260360634446,-0.0801252252039458,-0.0801241528081582,-0.0801245278214328,-0.0801263612142944,-0.0801293188685413,-0.0801321219217999,-0.0801349216522537,-0.0801387502686429,-0.080143095113759,-0.080147116956176,-0.0801512656198192,-0.0801556827028949,-0.0801599827751523,-0.080163449074923,-0.0801659229411718,-0.0801672540458022,-0.0801694612014314,-0.0801709432588736,-0.0801712760438534,-0.0801733275914896,-0.0801763159920391,-0.0801779602353339,-0.0801795870271765,-0.0801800844049252,-0.0801791617079918,-0.0801781670226561,-0.0801778116328976,-0.080177883260832,-0.0801776418837997,-0.0801764903653198,-0.0801742749344158,-0.0801713544750704,-0.0801688290060017,-0.080166428028136,-0.0801639419072548,-0.0801616118607112,-0.0801587982428754,-0.0801547439626892,-0.0801488820566362,-0.0801426649019117,-0.0801365702201682,-0.0801307645915822,-0.0801254284448474,-0.0801204386172784,-0.0801155122376497,-0.0801106878953373,-0.0801060961519652,-0.0801017972513812,-0.0800974489132161,-0.0800929045971193,-0.0800885246655958,-0.080084524965537,-0.0800805460666212,-0.080076755561055,-0.0800730943812612,-0.0800692849843964,-0.0800653052897845,-0.0800613043970768,-0.0800573723494819,-0.080053811697222,-0.0800506961180926,-0.0800478504188726,-0.080045165900508,-0.08004287574781,-0.0800410771984402,-0.0800394958729659,-0.0800379218575934,-0.0800358803987459,-0.0800336892901172,-0.0800313959635825,-0.0800293130616633,-0.0800274679401142,-0.0800262676216089,-0.0800256872660859,-0.0800249439966376,-0.0800235930399777,-0.0800244835798754,-0.0800358848633003,-0.0800603890537823
NaN,NaN,NaN,NaN,NaN,NaN,NaN,NaN,NaN,NaN,NaN,NaN,NaN,NaN,NaN,NaN,NaN,NaN,NaN,NaN,NaN,NaN,NaN,NaN,NaN,NaN,NaN,NaN,NaN,NaN,NaN,NaN,NaN,NaN,NaN,NaN,NaN,NaN,NaN,NaN,NaN,NaN,NaN,NaN,NaN,NaN,NaN,NaN,NaN,NaN,NaN,NaN,NaN,NaN,NaN,NaN,NaN,NaN,NaN,NaN,NaN,NaN,NaN,NaN,NaN,NaN,NaN,NaN,NaN,NaN,NaN,NaN,NaN,NaN,NaN,NaN,NaN,NaN,NaN,NaN,NaN,NaN,-0.0799033240660168,-0.0799215823253553,-0.0799263262948536,-0.0799342965637056,-0.0799361166122032,-0.0799417514851978,-0.0799500279344004,-0.0799565559469927,-0.0799629729324753,-0.0799709834665728,-0.0799780678167147,-0.0799846752885544,-0.0799941917569226,-0.0800032583743392,-0.0800113852813539,-0.0800177547450711,-0.0800231858995354,-0.0800282641279278,-0.080031400763103,-0.0800330281765982,-0.0800317589338747,-0.0800307709651447,-0.0800336129200575,-0.0800374187557664,-0.080041281107287,-0.0800469965757391,-0.0800541957449752,-0.0800598348007729,-0.0800645918836582,-0.0800691002853195,-0.0800741692399968,-0.0800778608213353,-0.0800793489518366,-0.0800809939905269,-0.0800853203979721,-0.0800879110485438,-0.0800906512659155,-0.0800915660888579,-0.0800930133886932,-0.0800961965608466,-0.0800994716447301,-0.0801019702380489,-0.0801039145880284,-0.0801055692493373,-0.0801078428445096,-0.0801109686293189,-0.080113994973742,-0.0801166847970688,-0.0801197107591979,-0.0801206626687362,-0.0801180925452547,-0.0801152983324408,-0.0801130221886933,-0.0801115045301981,-0.0801117724203627,-0.0801125286689062,-0.080112568860142,-0.0801132040007118,-0.080114715266681,-0.0801167326290248,-0.0801183238505514,-0.0801193656952373,-0.0801200464861118,-0.0801207270542233,-0.0801215412552872,-0.0801220955648431,-0.0801222826829132,-0.0801225108117453,-0.0801235704287892,-0.0801244931950519,-0.080124398324304,-0.0801244975014446,-0.0801248876295164,-0.0801251635770995,-0.080124959322384,-0.0801244991860159,-0.0801237993432723,-0.0801227686073715,-0.0801223356651002,-0.0801221706753874,-0.0801226354227201,-0.0801236014923656,-0.0801250388938732,-0.0801262133720442,-0.0801268648587934,-0.0801268458136196,-0.0801264208423127,-0.0801274535540779,-0.0801296282500574,-0.0801325659998534,-0.0801351026292112,-0.0801372224874847,-0.0801405243978599,-0.080145138587215,-0.0801497113356743,-0.0801544453055323,-0.0801593007501129,-0.0801632531923759,-0.0801661180744666,-0.0801677823639133,-0.0801683451955119,-0.0801691951482362,-0.080170007385105,-0.0801706584379152,-0.0801724051297081,-0.0801761407106254,-0.0801793099209876,-0.0801817433543772,-0.0801830349757106,-0.0801827575424913,-0.0801813486746542,-0.0801798881283628,-0.0801789811220123,-0.0801780865890328,-0.0801767300845696,-0.080174453786716,-0.0801714973280732,-0.0801679386971396,-0.0801646675778741,-0.0801618303821033,-0.0801590038148132,-0.080155129324353,-0.0801497870237349,-0.0801436950639719,-0.0801376503672881,-0.0801319242188032,-0.080126751958376,-0.0801217114082518,-0.0801164916925341,-0.0801111888571391,-0.0801060372542485,-0.0801011481828009,-0.0800962906135991,-0.0800915156487879,-0.0800869939504869,-0.0800827244789091,-0.0800784319158123,-0.0800741476680698,-0.0800701487438637,-0.0800665692119561,-0.0800630522336884,-0.0800593918900583,-0.0800557549685585,-0.0800522029866673,-0.0800486676642349,-0.0800455006117686,-0.0800429259220305,-0.080040442094236,-0.0800379027501488,-0.0800360011113323,-0.0800344326712665,-0.0800327022448379,-0.0800311423353783,-0.0800295903412525,-0.0800281525163694,-0.0800264820387264,-0.0800253859069222,-0.0800249595745128,-0.0800240663931147,-0.0800220793628469,-0.0800218421241594,-0.0800316106394296,-0.0800563041001434
NaN,NaN,NaN,NaN,NaN,NaN,NaN,NaN,NaN,NaN,NaN,NaN,NaN,NaN,NaN,NaN,NaN,NaN,NaN,NaN,NaN,NaN,NaN,NaN,NaN,NaN,NaN,NaN,NaN,NaN,NaN,NaN,NaN,NaN,NaN,NaN,NaN,NaN,NaN,NaN,NaN,NaN,NaN,NaN,NaN,NaN,NaN,NaN,NaN,NaN,NaN,NaN,NaN,NaN,NaN,NaN,NaN,NaN,NaN,NaN,NaN,NaN,NaN,NaN,NaN,NaN,NaN,NaN,NaN,NaN,NaN,NaN,NaN,NaN,NaN,NaN,NaN,NaN,NaN,NaN,NaN,NaN,-0.0799018210058819,-0.0799212608458633,-0.0799266999343156,-0.0799366002513278,-0.0799401525631476,-0.0799437189033623,-0.0799501297870726,-0.0799563973968965,-0.0799612500067655,-0.0799670808309836,-0.0799748232161531,-0.0799819682299791,-0.0799898865730735,-0.0799998677691423,-0.0800084512437546,-0.0800149795658495,-0.0800196691146181,-0.0800252716253541,-0.0800293054812645,-0.0800324099756781,-0.0800330813269494,-0.0800328141568599,-0.0800342666184188,-0.0800360326382469,-0.0800399524623418,-0.080044939584987,-0.0800494734395227,-0.0800525514806387,-0.080056088102317,-0.0800605059645634,-0.0800656209097506,-0.0800698699230001,-0.0800739143157058,-0.080076547607748,-0.0800805498247681,-0.0800827237439786,-0.0800849275419662,-0.0800864605140133,-0.0800887323106545,-0.0800918077166415,-0.0800937634438839,-0.0800957094192036,-0.0800986231120091,-0.0801004482938048,-0.0801027715290098,-0.0801065369289414,-0.0801098604018083,-0.080112380883921,-0.0801147806115992,-0.0801154422718604,-0.0801140883916136,-0.0801117233956836,-0.0801100734538354,-0.0801093180763767,-0.0801094484118899,-0.0801100879175855,-0.0801103355895362,-0.080110268531688,-0.080111032181196,-0.0801120488955255,-0.0801132337817814,-0.0801145065153962,-0.0801156075882576,-0.080116473513929,-0.0801170303355986,-0.0801175030647698,-0.0801179887352876,-0.0801185859957335,-0.0801200094401595,-0.0801210457578672,-0.0801207243829974,-0.0801195342000416,-0.0801190345448118,-0.0801197627811003,-0.0801211271355938,-0.080122186004093,-0.0801230035937491,-0.0801229300643039,-0.0801228359150648,-0.0801238957514639,-0.0801255368375631,-0.0801272344925882,-0.0801291415205654,-0.080131099466581,-0.0801326867086221,-0.0801336743434365,-0.0801333456332368,-0.0801326512118588,-0.0801336658768162,-0.0801361020763637,-0.0801386836258899,-0.0801409873057775,-0.08014341322993,-0.0801465400294046,-0.0801506132579392,-0.0801545270784138,-0.0801581308379424,-0.0801608609131093,-0.0801626200373755,-0.0801637547138298,-0.0801645512300461,-0.0801651275099198,-0.0801667000506852,-0.0801683310436028,-0.0801699232428956,-0.0801715108547336,-0.0801750788263094,-0.0801782043970749,-0.0801804986095866,-0.0801821945032598,-0.0801829367025514,-0.0801823000159152,-0.0801804615169365,-0.0801782238083534,-0.0801759379280413,-0.0801736069235613,-0.0801708271049211,-0.0801670726036741,-0.0801627830685575,-0.0801585147058918,-0.0801548642936941,-0.08015126760699,-0.0801469331675269,-0.0801413699820927,-0.0801353911860708,-0.0801297621938535,-0.0801244117251678,-0.080119133471914,-0.080113586238851,-0.0801078647554447,-0.0801023475470098,-0.0800973457287174,-0.0800929321850751,-0.0800885826851594,-0.0800841440265497,-0.0800796083032079,-0.0800748946257234,-0.0800702225723183,-0.0800658228232488,-0.0800620129760513,-0.0800585091525626,-0.0800552048192233,-0.0800521138241964,-0.0800489046945017,-0.0800455869047567,-0.0800423429035162,-0.0800392825752613,-0.0800363996708151,-0.080033741170997,-0.0800318671128307,-0.0800303149100225,-0.080029119134088,-0.0800281407917831,-0.0800268270698335,-0.0800252560847731,-0.0800238157351573,-0.0800225943162197,-0.0800217262971805,-0.0800209349434643,-0.080019355921822,-0.0800179925513763,-0.0800262490834722,-0.0800510894428924
NaN,NaN,NaN,NaN,NaN,NaN,NaN,NaN,NaN,NaN,NaN,NaN,NaN,NaN,NaN,NaN,NaN,NaN,NaN,NaN,NaN,NaN,NaN,NaN,NaN,NaN,NaN,NaN,NaN,NaN,NaN,NaN,NaN,NaN,NaN,NaN,NaN,NaN,NaN,NaN,NaN,NaN,NaN,NaN,NaN,NaN,NaN,NaN,NaN,NaN,NaN,NaN,NaN,NaN,NaN,NaN,NaN,NaN,NaN,NaN,NaN,NaN,NaN,NaN,NaN,NaN,NaN,NaN,NaN,NaN,NaN,NaN,NaN,NaN,NaN,NaN,NaN,NaN,NaN,NaN,NaN,NaN,-0.0799016346926787,-0.0799225481680959,-0.0799270820590499,-0.0799365877276916,-0.0799402506659333,-0.0799445557812665,-0.0799501161462171,-0.0799543720437774,-0.0799587816832841,-0.0799636500698116,-0.0799715292327564,-0.0799796889778861,-0.0799872919514009,-0.0799974817688015,-0.080005372264165,-0.0800120652567603,-0.0800181115793478,-0.0800239004402899,-0.0800288213468268,-0.0800320744972876,-0.0800332952479217,-0.0800340636739815,-0.0800354499100204,-0.0800367975625597,-0.0800398070802874,-0.0800428997391566,-0.0800459415936947,-0.0800477486454272,-0.0800498596640139,-0.080052662219592,-0.0800570352684559,-0.0800621572807237,-0.0800673839613076,-0.0800708265513427,-0.0800737445470453,-0.0800763534273662,-0.0800790241373548,-0.0800813579918754,-0.0800848095065735,-0.0800873500487449,-0.0800880147430649,-0.0800899276064426,-0.0800942174780291,-0.0800968007983146,-0.0800991720435088,-0.0801028288645758,-0.0801053920044486,-0.0801071853893787,-0.0801094151971531,-0.0801107502313472,-0.0801103316367189,-0.0801082782491878,-0.0801066935900884,-0.0801057369315786,-0.0801060615830214,-0.0801070957003374,-0.0801075834958483,-0.0801074739049637,-0.0801077592230394,-0.0801080089713734,-0.0801085193361182,-0.0801096843955682,-0.0801112744002519,-0.0801122738322544,-0.08011243484003,-0.080112503444424,-0.0801129389585443,-0.0801138160669037,-0.0801145817658776,-0.0801150805923834,-0.0801151229444558,-0.0801141986719375,-0.0801128326510359,-0.0801128898735828,-0.0801146739209162,-0.0801173108770984,-0.0801196109628619,-0.0801209460965418,-0.0801214659326446,-0.0801226879838722,-0.0801247175908079,-0.0801271801741812,-0.080129604833886,-0.0801318956136036,-0.0801338944457592,-0.0801356673163893,-0.0801369523157677,-0.0801375562998552,-0.0801380942074419,-0.0801395804277264,-0.0801416939529759,-0.0801439995085111,-0.080146193964563,-0.0801484141641544,-0.080150762437516,-0.080154672935606,-0.0801580725452527,-0.0801605354426237,-0.0801624269979139,-0.0801637458278777,-0.0801646829131389,-0.0801656166423654,-0.0801664677529401,-0.0801676181322348,-0.0801682131221648,-0.080169445835693,-0.0801712637041606,-0.08017455327379,-0.0801768236786435,-0.0801782632777314,-0.0801792741521905,-0.0801797249701253,-0.0801795311362527,-0.0801780527215237,-0.0801752100909359,-0.0801719435969671,-0.0801686872252761,-0.0801650000830738,-0.0801609252966715,-0.080156415114658,-0.0801516685347234,-0.0801470918798811,-0.0801425292635018,-0.0801374977278922,-0.0801321539021289,-0.0801267496511989,-0.0801214020226618,-0.0801159302667606,-0.0801102378319362,-0.0801045070372414,-0.0800991271874402,-0.0800940100161469,-0.0800891670311126,-0.0800846546700779,-0.0800804912389934,-0.0800760265328054,-0.0800711675872253,-0.0800661850855002,-0.0800616454396024,-0.0800577715848601,-0.0800543910180325,-0.0800511834516132,-0.080047952254585,-0.0800448334172527,-0.0800419999900569,-0.0800392730491558,-0.0800362900135433,-0.0800331259167836,-0.0800300827807491,-0.08002783177603,-0.0800260755813672,-0.0800245473014998,-0.080023074901217,-0.0800218300644274,-0.0800204996820356,-0.0800192528182974,-0.0800180104428777,-0.080016835836663,-0.0800160132034715,-0.0800149941999455,-0.0800131641969654,-0.08002019016416,-0.0800452401669861
NaN,NaN,NaN,NaN,NaN,NaN,NaN,NaN,NaN,NaN,NaN,NaN,NaN,NaN,NaN,NaN,NaN,NaN,NaN,NaN,NaN,NaN,NaN,NaN,NaN,NaN,NaN,NaN,NaN,NaN,NaN,NaN,NaN,NaN,NaN,NaN,NaN,NaN,NaN,NaN,NaN,NaN,NaN,NaN,NaN,NaN,NaN,NaN,NaN,NaN,NaN,NaN,NaN,NaN,NaN,NaN,NaN,NaN,NaN,NaN,NaN,NaN,NaN,NaN,NaN,NaN,NaN,NaN,NaN,NaN,NaN,NaN,NaN,NaN,NaN,NaN,NaN,NaN,NaN,NaN,NaN,NaN,-0.0799023493463826,-0.0799226065617309,-0.0799281919950193,-0.0799367467499293,-0.0799411234036969,-0.0799458466653855,-0.0799504640148319,-0.0799534775768849,-0.0799567200866328,-0.0799620076075884,-0.0799690519755323,-0.0799779921513549,-0.0799853273067098,-0.0799946509287525,-0.0800023034038421,-0.0800088652935439,-0.0800158018935098,-0.0800217240610265,-0.080028068248364,-0.080032206109797,-0.0800345894457424,-0.0800361525337128,-0.0800372478049305,-0.0800390146396844,-0.0800392694440746,-0.0800401359954971,-0.0800426950743448,-0.0800440465148316,-0.0800456746145247,-0.080047751544595,-0.0800514571282103,-0.0800555048009549,-0.0800602089725313,-0.0800639179863042,-0.0800675017415293,-0.0800699913145813,-0.0800730601940905,-0.080077090015142,-0.0800807988850163,-0.0800832464770776,-0.080083865230098,-0.0800863970311726,-0.0800914068020267,-0.0800948376647521,-0.0800971060745758,-0.0800998090428272,-0.0801010781857953,-0.0801023585664667,-0.0801047939650125,-0.0801056849443555,-0.0801043147312438,-0.0801017005041333,-0.0800994427866063,-0.0800985113512492,-0.0800994644972283,-0.080101403433979,-0.0801028314127188,-0.0801034524580352,-0.0801036044028474,-0.0801038651224984,-0.0801044419018745,-0.0801054321999062,-0.0801065837638003,-0.0801074250891028,-0.0801080241648662,-0.0801083727288934,-0.0801093205806013,-0.080110502709202,-0.0801109011760573,-0.0801105930737229,-0.0801104324899932,-0.0801104907819288,-0.0801101757401718,-0.0801096048855861,-0.0801098033422057,-0.0801123630651019,-0.0801157933210296,-0.0801183764297523,-0.0801201995717854,-0.080122068840278,-0.0801242719310576,-0.0801267843847787,-0.0801295853781003,-0.0801318178646668,-0.0801341362427253,-0.0801363543270249,-0.0801381517503799,-0.0801400136896842,-0.0801412117754288,-0.0801416427602863,-0.0801428114895431,-0.0801442195980735,-0.0801456596042146,-0.0801478474670935,-0.0801507045604012,-0.0801537004644741,-0.0801572708345999,-0.0801609499925776,-0.0801633888421044,-0.0801651991946832,-0.0801665038584694,-0.0801673394776374,-0.080168294390836,-0.0801691166836292,-0.0801694227388134,-0.0801695709042147,-0.0801703851695455,-0.0801712872062567,-0.0801720191692907,-0.0801725921238451,-0.0801728722088618,-0.0801726869181999,-0.0801723225033144,-0.0801716697625176,-0.0801703768891165,-0.0801681117713094,-0.0801651236851153,-0.0801616251818742,-0.0801577148352891,-0.0801536957818871,-0.0801493272298653,-0.0801443977171431,-0.0801392381706157,-0.0801339387523451,-0.0801281743103454,-0.0801222970024609,-0.0801167074505189,-0.0801113155736281,-0.0801058754011911,-0.0801004994971818,-0.0800953940117222,-0.0800903441923609,-0.0800854376422656,-0.0800802671359074,-0.080075240906241,-0.0800707775156346,-0.0800663878805409,-0.0800618986624095,-0.0800576110025863,-0.08005393289871,-0.0800504171284581,-0.0800467623312118,-0.0800433221890389,-0.080040076283814,-0.0800371440416686,-0.0800346075320968,-0.0800324040343131,-0.0800300123515019,-0.0800273919768716,-0.0800249064504054,-0.0800226501385012,-0.0800203908549965,-0.0800186919873583,-0.0800172900030049,-0.0800158956646566,-0.0800147422953228,-0.0800137663170879,-0.0800125100003553,-0.0800116470725021,-0.0800102863932055,-0.0800075391977705,-0.0800131822569608,-0.0800384285640929
NaN,NaN,NaN,NaN,NaN,NaN,NaN,NaN,NaN,NaN,NaN,NaN,NaN,NaN,NaN,NaN,NaN,NaN,NaN,NaN,NaN,NaN,NaN,NaN,NaN,NaN,NaN,NaN,NaN,NaN,NaN,NaN,NaN,NaN,NaN,NaN,NaN,NaN,NaN,NaN,NaN,NaN,NaN,NaN,NaN,NaN,NaN,NaN,NaN,NaN,NaN,NaN,NaN,NaN,NaN,NaN,NaN,NaN,NaN,NaN,NaN,NaN,NaN,NaN,NaN,NaN,NaN,NaN,NaN,NaN,NaN,NaN,NaN,NaN,NaN,NaN,NaN,NaN,NaN,NaN,NaN,NaN,-0.0799063007124193,-0.0799251980912965,-0.0799296913105056,-0.0799388403640539,-0.0799432020750234,-0.0799461142701615,-0.079951236579587,-0.0799546105603339,-0.0799564366675225,-0.0799618525206384,-0.0799679458604739,-0.0799764220008119,-0.0799839835069797,-0.0799925201538384,-0.0799998141205791,-0.0800070726529783,-0.0800133518692436,-0.0800192080103801,-0.0800264374115821,-0.0800319477494596,-0.0800350851185829,-0.0800379104642963,-0.0800397409874054,-0.0800403936509781,-0.0800387191082663,-0.0800373479689548,-0.0800388014940304,-0.0800409155055727,-0.0800427137276419,-0.0800444777907529,-0.0800467352478358,-0.0800489060889675,-0.0800527452623995,-0.0800562225174709,-0.0800606640811586,-0.0800638161825449,-0.0800679231739568,-0.0800731447109161,-0.0800770635904622,-0.0800796087584069,-0.0800811527042579,-0.0800843036874073,-0.0800885193254695,-0.0800920311320542,-0.0800942334936692,-0.0800967814817341,-0.0800983121499988,-0.0800993357396957,-0.0801001922764551,-0.0801000185340184,-0.0800982146057598,-0.0800957212965692,-0.0800931722064567,-0.0800919662161414,-0.0800925680855109,-0.0800939380619655,-0.0800961221207996,-0.0800984329393265,-0.0800997965235533,-0.080099968192921,-0.0801000087369972,-0.0801004060350303,-0.0801015259662656,-0.0801023248546964,-0.0801024550668832,-0.0801031098360155,-0.0801044696248328,-0.0801058381067606,-0.0801066477969311,-0.0801065307600691,-0.0801060241230975,-0.0801064133340495,-0.0801071535296455,-0.0801078688353848,-0.0801091168366639,-0.0801112715582906,-0.0801139894044891,-0.080117486135499,-0.0801211915846568,-0.0801241584468819,-0.0801261809277547,-0.0801280571676115,-0.0801303074699807,-0.0801323224778861,-0.0801349287269971,-0.0801378690716009,-0.0801406629702241,-0.0801422298411356,-0.0801433662576476,-0.0801436130809852,-0.08014313169076,-0.0801436832629608,-0.0801450492244564,-0.0801468990022951,-0.0801496468895904,-0.0801530930590068,-0.0801565016373748,-0.0801597731380406,-0.0801626778366758,-0.0801644369310093,-0.0801655763992475,-0.0801659695325786,-0.0801663140491021,-0.0801669345965214,-0.0801683566887044,-0.0801693552341335,-0.080169712599978,-0.0801700867612596,-0.0801697632119669,-0.0801692584282301,-0.0801685642292016,-0.0801673107721499,-0.0801658225627679,-0.0801649246696767,-0.0801639607906836,-0.0801623003670238,-0.0801602620618541,-0.0801576475403671,-0.0801540336386789,-0.0801499614317775,-0.0801460055168352,-0.0801417897603014,-0.0801369901278535,-0.0801317438925359,-0.0801257363025555,-0.0801191672877458,-0.0801128132419512,-0.080106553607345,-0.080100460975183,-0.0800948399606446,-0.0800895691513963,-0.0800846030714561,-0.0800798175277867,-0.0800747917590526,-0.0800698386308685,-0.0800652872752928,-0.0800607602683355,-0.0800566307369518,-0.080053024036962,-0.0800495606664538,-0.0800458190649014,-0.0800419729410599,-0.0800384761412449,-0.0800354281961827,-0.0800323617122994,-0.0800294663898189,-0.080027019829099,-0.0800252607096308,-0.0800238427814736,-0.0800222221605883,-0.0800200288296392,-0.0800175342305643,-0.080015539188639,-0.0800138858782384,-0.080012787228922,-0.0800115846353362,-0.0800100018774726,-0.0800083800093556,-0.0800072503764255,-0.0800054672449158,-0.0800017162301169,-0.080006969009067,-0.0800324108428606
NaN,NaN,NaN,NaN,NaN,NaN,NaN,NaN,NaN,NaN,NaN,NaN,NaN,NaN,NaN,NaN,NaN,NaN,NaN,NaN,NaN,NaN,NaN,NaN,NaN,NaN,NaN,NaN,NaN,NaN,NaN,NaN,NaN,NaN,NaN,NaN,NaN,NaN,NaN,NaN,NaN,NaN,NaN,NaN,NaN,NaN,NaN,NaN,NaN,NaN,NaN,NaN,NaN,NaN,NaN,NaN,NaN,NaN,NaN,NaN,NaN,NaN,NaN,NaN,NaN,NaN,NaN,NaN,NaN,NaN,NaN,NaN,NaN,NaN,NaN,NaN,NaN,NaN,NaN,NaN,NaN,NaN,-0.0799117056711204,-0.0799279662932741,-0.0799329126245751,-0.0799422771282348,-0.0799455443688772,-0.0799471043456629,-0.0799513181730652,-0.0799550979662122,-0.0799570681598378,-0.0799608941021443,-0.0799677089608924,-0.0799748445669743,-0.0799830463553161,-0.0799911065555714,-0.079999307663451,-0.0800057570075585,-0.0800109690609706,-0.0800171170750975,-0.0800241473706968,-0.0800304490880498,-0.080034570489639,-0.0800387878310115,-0.0800415004319557,-0.0800417148153164,-0.0800404048919079,-0.0800374275005827,-0.0800376539471211,-0.0800396640701871,-0.0800408325183814,-0.0800418838000946,-0.0800427220583095,-0.0800429883671151,-0.0800457977635176,-0.0800488044378047,-0.0800536035201392,-0.0800578852462528,-0.0800631376615176,-0.0800689900297702,-0.0800728018573827,-0.0800753555386453,-0.0800777472912772,-0.0800812271295583,-0.080084360498149,-0.0800878236831832,-0.0800906620686622,-0.0800935011754348,-0.0800955877405566,-0.0800965259490574,-0.0800960858597609,-0.0800956065720138,-0.080094227332409,-0.0800918827464278,-0.0800894606730696,-0.0800879640425005,-0.0800870647441224,-0.0800877554013882,-0.0800896890876049,-0.0800928383185156,-0.0800948357346825,-0.080094022742263,-0.0800934124511294,-0.0800939329162093,-0.0800953991940022,-0.0800966472306552,-0.080097171783542,-0.0800977053160423,-0.0800988815699218,-0.0801001159621641,-0.0801005770646232,-0.0801007363705605,-0.0801007346713068,-0.0801013653588984,-0.0801025880051664,-0.0801042842925291,-0.0801062145937322,-0.0801084207075387,-0.0801118364653666,-0.0801153994782178,-0.080119052346891,-0.0801228466964285,-0.0801258533964122,-0.0801281301672819,-0.0801297478133382,-0.0801309044608981,-0.0801328930298966,-0.0801363035713908,-0.0801401693001626,-0.08014339712725,-0.0801443437255616,-0.0801437971865314,-0.0801434211800091,-0.0801429610065477,-0.0801444348080243,-0.0801469184084106,-0.0801488571361062,-0.0801515873535808,-0.0801550602596365,-0.080157990494653,-0.0801601153011852,-0.0801625266779727,-0.0801634941592808,-0.0801630780667669,-0.0801628400152006,-0.0801633306722122,-0.0801642825633037,-0.0801665870671536,-0.0801681633380004,-0.0801688938281833,-0.0801689999065296,-0.0801682995577156,-0.0801679864177286,-0.0801672004393938,-0.0801651569507368,-0.0801625800746123,-0.0801601264248729,-0.0801576305597552,-0.080155531396097,-0.0801535932070802,-0.0801509156041046,-0.0801473230119827,-0.0801433618044946,-0.0801393717058216,-0.0801347931602027,-0.0801295754613783,-0.0801236258639912,-0.0801172561450242,-0.0801107987908467,-0.0801039208739677,-0.0800970267831232,-0.0800905641538046,-0.0800846193028208,-0.080079248014672,-0.080074121445859,-0.0800692887787217,-0.0800647957088169,-0.0800604867073061,-0.0800561411378204,-0.0800518463778049,-0.0800479344239709,-0.0800443426830595,-0.0800408910221228,-0.08003732583186,-0.0800338908813303,-0.0800307652423402,-0.0800278036266021,-0.080024940038797,-0.0800225260267195,-0.0800209689961946,-0.0800199865031582,-0.0800189779928122,-0.0800172271781505,-0.0800147648906402,-0.080012583237185,-0.0800110522230521,-0.0800097284481164,-0.0800081087123622,-0.0800063143489948,-0.0800042517554612,-0.0800026127943451,-0.08000061109673,-0.0799966742504101,-0.0800017068005216,-0.0800273524213663
NaN,NaN,NaN,NaN,NaN,NaN,NaN,NaN,NaN,NaN,NaN,NaN,NaN,NaN,NaN,NaN,NaN,NaN,NaN,NaN,NaN,NaN,NaN,NaN,NaN,NaN,NaN,NaN,NaN,NaN,NaN,NaN,NaN,NaN,NaN,NaN,NaN,NaN,NaN,NaN,NaN,NaN,NaN,NaN,NaN,NaN,NaN,NaN,NaN,NaN,NaN,NaN,NaN,NaN,NaN,NaN,NaN,NaN,NaN,NaN,NaN,NaN,NaN,NaN,NaN,NaN,NaN,NaN,NaN,NaN,NaN,NaN,NaN,NaN,NaN,NaN,NaN,NaN,NaN,NaN,NaN,NaN,-0.0799151137717154,-0.0799294378632473,-0.0799361153508682,-0.0799435303214655,-0.0799471000147127,-0.0799494074519773,-0.0799515642127289,-0.0799545204278443,-0.0799585603091943,-0.0799614510238848,-0.0799670225551695,-0.0799742891499689,-0.0799819428084327,-0.0799906347120496,-0.0799988775996412,-0.0800053285479196,-0.080010126949775,-0.0800153275808265,-0.0800220791703206,-0.0800290525423475,-0.0800341779926022,-0.0800381800184472,-0.0800419680730607,-0.0800429714484686,-0.0800422111241754,-0.080039270083172,-0.0800380087172093,-0.0800387346480208,-0.0800388566640265,-0.0800386927205613,-0.0800379196411585,-0.0800362871326679,-0.0800378111987171,-0.080041425876215,-0.0800468098053552,-0.0800523622343674,-0.0800583334716592,-0.0800649804508398,-0.0800692343894353,-0.0800708083674375,-0.0800726976720535,-0.0800762985895811,-0.0800786467985664,-0.0800822963799754,-0.0800862087894807,-0.0800888765070145,-0.0800912736430077,-0.0800930150732743,-0.0800931980055371,-0.0800931181776932,-0.0800919049874154,-0.0800893170756727,-0.0800863134243708,-0.0800839915023596,-0.0800825831466126,-0.0800834495914717,-0.0800854121511301,-0.0800894257444762,-0.080090058759074,-0.0800878972531319,-0.0800867503827589,-0.0800875095235248,-0.080088920317156,-0.0800903088005715,-0.0800909938211444,-0.0800911605777003,-0.0800913418226314,-0.0800917375301218,-0.0800924117059124,-0.0800934252447146,-0.0800953278586673,-0.0800969567648311,-0.0800987196323855,-0.0801008058765078,-0.0801031807290816,-0.0801053324213285,-0.080107776514721,-0.0801105488330353,-0.0801141346741863,-0.0801184255624054,-0.0801227681522255,-0.0801265225390945,-0.0801288644040266,-0.0801301625005164,-0.0801321276167867,-0.0801348193096967,-0.0801383377517794,-0.0801418546329818,-0.0801437597215056,-0.0801442446790049,-0.0801439537740118,-0.0801438183622857,-0.080144115077844,-0.0801459174275841,-0.0801478662471197,-0.0801498184808259,-0.0801525200248456,-0.080155443432982,-0.0801582371244363,-0.0801602379893627,-0.0801608681487394,-0.0801597963795085,-0.0801590291527368,-0.0801594385790087,-0.0801599247279631,-0.0801613015023838,-0.0801628623343012,-0.0801640322906976,-0.0801653374484831,-0.0801663361030524,-0.0801663850872237,-0.0801659988122948,-0.0801650355789244,-0.080162907600551,-0.0801600688970532,-0.0801568259621047,-0.0801529095279409,-0.0801491587757698,-0.0801462996836078,-0.0801427757215575,-0.0801387802608094,-0.0801344933473869,-0.0801302090957169,-0.0801254924275689,-0.0801201354132159,-0.0801144966221026,-0.0801084405063016,-0.0801019812843829,-0.0800952790859926,-0.0800885483016232,-0.0800818139350157,-0.0800755372218223,-0.0800703327617968,-0.0800658257936058,-0.080061390398304,-0.0800573601546632,-0.0800531346186734,-0.0800481502407467,-0.0800434171302677,-0.0800390511514357,-0.0800355583581918,-0.0800326465412804,-0.080029648149916,-0.0800266868285506,-0.0800238919741075,-0.0800210668036305,-0.0800187927419359,-0.0800171621824573,-0.0800160069330734,-0.0800148266857744,-0.0800132259870579,-0.0800110593940507,-0.0800090433241412,-0.080007447930687,-0.0800058171592986,-0.0800041977320897,-0.0800021239843503,-0.0799996870297116,-0.0799978180828904,-0.0799954286976605,-0.0799916620354681,-0.0799961434720663,-0.0800219823022487
NaN,NaN,NaN,NaN,NaN,NaN,NaN,NaN,NaN,NaN,NaN,NaN,NaN,NaN,NaN,NaN,NaN,NaN,NaN,NaN,NaN,NaN,NaN,NaN,NaN,NaN,NaN,NaN,NaN,NaN,NaN,NaN,NaN,NaN,NaN,NaN,NaN,NaN,NaN,NaN,NaN,NaN,NaN,NaN,NaN,NaN,NaN,NaN,NaN,NaN,NaN,NaN,NaN,NaN,NaN,NaN,NaN,NaN,NaN,NaN,NaN,NaN,NaN,NaN,NaN,NaN,NaN,NaN,NaN,NaN,NaN,NaN,NaN,NaN,NaN,NaN,NaN,NaN,NaN,NaN,NaN,NaN,-0.0799171530205111,-0.0799309600589706,-0.079937624336721,-0.0799435509548373,-0.0799474611399825,-0.079951083401896,-0.0799528424651925,-0.0799548155073134,-0.0799593866036252,-0.0799628569306173,-0.0799658967956211,-0.0799722072661675,-0.0799803923603917,-0.0799896629984664,-0.0799969280622981,-0.0800036629146005,-0.0800093645628716,-0.080013615880684,-0.0800191729155624,-0.0800259651325407,-0.0800321650593226,-0.0800359543079544,-0.080039975179643,-0.0800421255838706,-0.0800418315096909,-0.0800407677005805,-0.0800391660331106,-0.0800370307360052,-0.0800357168316636,-0.0800344272869427,-0.0800328254052727,-0.0800305846823142,-0.0800321843598345,-0.080036015066377,-0.0800417502974499,-0.0800479107482233,-0.0800549005541414,-0.0800615110897035,-0.0800658292680339,-0.0800668451076107,-0.0800671263037935,-0.0800704847665541,-0.0800743080404109,-0.0800780152493662,-0.0800811824721701,-0.0800831860253074,-0.0800855086135612,-0.0800875870366562,-0.080088773340296,-0.0800892280391265,-0.080087942777978,-0.0800854281682864,-0.080082454234898,-0.0800802974860562,-0.0800796259858078,-0.0800812987817042,-0.0800842760387943,-0.0800881375038061,-0.0800866107994306,-0.0800833357979389,-0.0800819288121239,-0.0800824075000896,-0.0800839589494117,-0.0800853031811403,-0.0800856195849009,-0.0800859406495405,-0.0800855873318002,-0.0800846152048029,-0.0800854658981286,-0.0800882018218142,-0.080090292393203,-0.0800921992005396,-0.0800939450037399,-0.0800954459175993,-0.0800981366004307,-0.0801000097262688,-0.0801021334345347,-0.0801053541503692,-0.0801094041612754,-0.0801134334236673,-0.0801175050797299,-0.0801215537313141,-0.0801247009696504,-0.0801272538668452,-0.0801308035383498,-0.080133990314044,-0.0801365456607356,-0.0801396416349475,-0.0801419145245771,-0.0801432412498276,-0.0801442150339442,-0.0801439752302442,-0.0801439021425505,-0.0801448857203927,-0.0801464113606016,-0.0801475666442408,-0.0801491634132788,-0.0801519913459015,-0.0801555957333553,-0.0801583522089636,-0.0801586453274433,-0.0801577071076545,-0.0801567778531614,-0.0801555110053011,-0.080155316076933,-0.0801569962409946,-0.0801589091787957,-0.0801592722914346,-0.0801593684634439,-0.080160042706317,-0.080160585835972,-0.0801612624326476,-0.0801611725816625,-0.0801600666231694,-0.0801575175742555,-0.0801543508828294,-0.0801506919991292,-0.0801464349151199,-0.0801423487533832,-0.0801378927099863,-0.080133064858771,-0.0801284250467167,-0.0801234496239495,-0.0801188266596464,-0.0801143461900866,-0.0801094920706483,-0.0801042213963541,-0.0800985958291232,-0.0800926175908926,-0.0800863277523084,-0.0800801206801998,-0.080074108019121,-0.0800686920195293,-0.0800638037935694,-0.0800591256699329,-0.0800542366362138,-0.0800494882024708,-0.0800449038036135,-0.0800402316373948,-0.0800355697448986,-0.0800315658139118,-0.0800283761715029,-0.0800256856566905,-0.0800230768017745,-0.0800203592700104,-0.0800177691588832,-0.0800156796308814,-0.0800139934545498,-0.0800125972951984,-0.0800110521239722,-0.0800091662396668,-0.0800071497710157,-0.0800053044188618,-0.0800037221163039,-0.0800019018645895,-0.0799999146716382,-0.0799975389495483,-0.0799949500988746,-0.079992935815709,-0.0799903469968056,-0.0799869276214414,-0.0799916140352425,-0.0800176433567552
NaN,NaN,NaN,NaN,NaN,NaN,NaN,NaN,NaN,NaN,NaN,NaN,NaN,NaN,NaN,NaN,NaN,NaN,NaN,NaN,NaN,NaN,NaN,NaN,NaN,NaN,NaN,NaN,NaN,NaN,NaN,NaN,NaN,NaN,NaN,NaN,NaN,NaN,NaN,NaN,NaN,NaN,NaN,NaN,NaN,NaN,NaN,NaN,NaN,NaN,NaN,NaN,NaN,NaN,NaN,NaN,NaN,NaN,NaN,NaN,NaN,NaN,NaN,NaN,NaN,NaN,NaN,NaN,NaN,NaN,NaN,NaN,NaN,NaN,NaN,NaN,NaN,NaN,NaN,NaN,NaN,NaN,-0.0799199069931984,-0.0799344005413245,-0.0799381573712419,-0.0799433285022251,-0.0799471961517234,-0.079951587360029,-0.0799544208229497,-0.0799569522848478,-0.0799608860577265,-0.0799642516649674,-0.0799659813570919,-0.0799717230651989,-0.0799783064991939,-0.0799875939947817,-0.0799945347806472,-0.0800013154279102,-0.0800069597765353,-0.0800116429784206,-0.0800157532779909,-0.0800219164637403,-0.0800287367920861,-0.0800324531129684,-0.0800357965368088,-0.0800391097311703,-0.080039580729234,-0.0800404550972569,-0.0800401332779111,-0.0800364444737518,-0.0800326600983055,-0.0800297334560362,-0.0800280779211609,-0.0800267935247822,-0.0800286622089225,-0.0800320691454865,-0.0800378123758107,-0.0800438282475007,-0.0800514994995077,-0.080058281623322,-0.0800631856762798,-0.0800646126350425,-0.0800635524021386,-0.0800656638859645,-0.0800706327892265,-0.0800739123411963,-0.0800756810151687,-0.0800772891960946,-0.0800791292282668,-0.0800815040266866,-0.0800833496715252,-0.0800851518981499,-0.0800844452245311,-0.080081347117108,-0.0800778098426106,-0.080076234409958,-0.0800764144176147,-0.0800788777084057,-0.0800832624665718,-0.0800856343774001,-0.0800834043255342,-0.0800807164845394,-0.0800800475995352,-0.0800805784834642,-0.0800810251007302,-0.0800816060562595,-0.0800825298842003,-0.0800832559834097,-0.0800835527267706,-0.0800825788361987,-0.080083232035196,-0.0800865656869802,-0.0800885977449552,-0.0800897577328506,-0.0800903076306091,-0.0800911452737202,-0.0800941967850635,-0.080096672046531,-0.0800991920713498,-0.0801033482650573,-0.0801081390078663,-0.0801111799511987,-0.0801146325148243,-0.0801178643728401,-0.0801205440632426,-0.0801234367436818,-0.0801268499314031,-0.0801299141218056,-0.0801332201260549,-0.0801368006850226,-0.0801389662756671,-0.0801409298176035,-0.0801426186725068,-0.0801426924162008,-0.0801436784266972,-0.0801446429177365,-0.0801450019743497,-0.0801461448319307,-0.0801479687529359,-0.08015057842991,-0.0801534531127934,-0.080155728834208,-0.0801564776281223,-0.0801561159682203,-0.0801556551803741,-0.080153845763547,-0.0801519894318378,-0.0801524457928016,-0.0801545165339373,-0.0801563915599445,-0.0801562830532657,-0.0801555350655574,-0.0801545820182404,-0.0801535736096524,-0.0801531242579842,-0.0801524360280909,-0.0801509685425996,-0.0801490000365541,-0.0801459572415505,-0.0801416269975791,-0.0801371987737082,-0.080133379093752,-0.0801287835728144,-0.0801232986786055,-0.0801177254731124,-0.0801123974743807,-0.0801074642884644,-0.0801026067173164,-0.0800977743156173,-0.0800926802413116,-0.0800876235878859,-0.0800824771432675,-0.0800770763814841,-0.08007159493636,-0.0800662973950198,-0.0800612707200178,-0.0800564331910141,-0.080051252697646,-0.0800459297705751,-0.0800412325635911,-0.080037164012969,-0.0800331978264472,-0.080029228386362,-0.0800258949490942,-0.080022916501764,-0.0800201446226681,-0.080017592408431,-0.0800150373456563,-0.0800128709310099,-0.0800111834112265,-0.0800094287033629,-0.0800077303594301,-0.080005763633283,-0.0800036076535252,-0.0800016787547072,-0.0799998811409602,-0.0799979661652532,-0.0799954527176246,-0.0799930036748699,-0.079990406812289,-0.0799881514454185,-0.0799854388908623,-0.0799819210402387,-0.0799871646259103,-0.0800133965855349
NaN,NaN,NaN,NaN,NaN,NaN,NaN,NaN,NaN,NaN,NaN,NaN,NaN,NaN,NaN,NaN,NaN,NaN,NaN,NaN,NaN,NaN,NaN,NaN,NaN,NaN,NaN,NaN,NaN,NaN,NaN,NaN,NaN,NaN,NaN,NaN,NaN,NaN,NaN,NaN,NaN,NaN,NaN,NaN,NaN,NaN,NaN,NaN,NaN,NaN,NaN,NaN,NaN,NaN,NaN,NaN,NaN,NaN,NaN,NaN,NaN,NaN,NaN,NaN,NaN,NaN,NaN,NaN,NaN,NaN,NaN,NaN,NaN,NaN,NaN,NaN,NaN,NaN,NaN,NaN,NaN,NaN,-0.0799241541338081,-0.0799355457820471,-0.079938025878476,-0.0799425929052002,-0.0799466374344233,-0.0799525962341697,-0.0799554272069965,-0.0799587376468519,-0.0799626835988607,-0.0799665024551662,-0.0799684214853017,-0.0799736118106219,-0.0799794688277939,-0.0799856744593662,-0.0799934582586802,-0.0799986214683538,-0.0800033538231728,-0.0800085072080669,-0.0800137258450511,-0.0800194610636499,-0.0800256659108491,-0.0800287566364408,-0.0800316376924923,-0.0800342645966338,-0.0800356994788458,-0.0800375966425812,-0.080038434698577,-0.0800349223025349,-0.080030202242364,-0.0800278626111552,-0.0800270436677491,-0.0800259625000338,-0.0800273201167231,-0.0800299049078103,-0.0800346634451689,-0.0800405461216791,-0.0800483971022576,-0.0800547986755995,-0.0800603693933297,-0.0800632746397071,-0.0800625504410187,-0.0800629129072188,-0.0800668451590993,-0.0800706487540526,-0.0800721858822319,-0.0800727843122591,-0.0800740684899644,-0.0800761089738177,-0.0800781722820414,-0.0800809232584887,-0.0800809149620435,-0.0800785955371078,-0.080074978716766,-0.0800736519448929,-0.0800747513521269,-0.0800774301457293,-0.0800814236385132,-0.0800820800512937,-0.0800799465234622,-0.0800781742239622,-0.080078228031029,-0.0800787265897964,-0.0800784940925418,-0.0800787922546597,-0.0800801392611131,-0.0800819733666777,-0.0800828159290654,-0.0800832596344795,-0.0800857511779412,-0.0800891959346125,-0.0800908198345985,-0.0800904217098093,-0.0800898444679865,-0.0800900032618232,-0.0800935783045347,-0.0800975004965667,-0.080099863801667,-0.0801032086553808,-0.0801077214705071,-0.0801111114406057,-0.080114853639143,-0.0801175138517068,-0.0801194314509763,-0.0801212330656863,-0.0801231949379698,-0.0801253228347318,-0.080129314279999,-0.0801342158797868,-0.0801371598257801,-0.0801395092015833,-0.0801408576269914,-0.0801411067446156,-0.0801423551588558,-0.0801431447449661,-0.0801429739828329,-0.0801437415555145,-0.0801460883126527,-0.0801492597238933,-0.0801523502910024,-0.0801539839177716,-0.0801547714414816,-0.0801556238760672,-0.0801551917760992,-0.0801529394096182,-0.0801501413714659,-0.0801482160563372,-0.0801489112893677,-0.0801512988364387,-0.0801527742666555,-0.0801519086407132,-0.0801509694391746,-0.0801491168305808,-0.080146986256172,-0.0801455880628606,-0.0801431130602722,-0.080140570095624,-0.0801382646942067,-0.0801354132186816,-0.0801315588144671,-0.0801274171939211,-0.0801233981881102,-0.0801190297227028,-0.0801135888714473,-0.0801078884725364,-0.0801027174510222,-0.0800977702741009,-0.0800924286881614,-0.0800867474899105,-0.0800814543744999,-0.0800772017353425,-0.0800726508669491,-0.0800676155597079,-0.0800624925682137,-0.0800575931770869,-0.0800530358900597,-0.0800484145828458,-0.0800433231705775,-0.0800383335347902,-0.080034021525323,-0.080030310316838,-0.0800268378788171,-0.0800234830090701,-0.0800201061918523,-0.0800170969758923,-0.0800145113740409,-0.0800121363948677,-0.0800098336911689,-0.0800073150995824,-0.0800050619314618,-0.0800034110193313,-0.0800019451847756,-0.0800002109823052,-0.0799985182981308,-0.0799966605273261,-0.0799943337039756,-0.0799912239387513,-0.0799886100318609,-0.0799860446928598,-0.0799834650257917,-0.0799804889426009,-0.0799765291626502,-0.0799816535306956,-0.0800081043530315
NaN,NaN,NaN,NaN,NaN,NaN,NaN,NaN,NaN,NaN,NaN,NaN,NaN,NaN,NaN,NaN,NaN,NaN,NaN,NaN,NaN,NaN,NaN,NaN,NaN,NaN,NaN,NaN,NaN,NaN,NaN,NaN,NaN,NaN,NaN,NaN,NaN,NaN,NaN,NaN,NaN,NaN,NaN,NaN,NaN,NaN,NaN,NaN,NaN,NaN,NaN,NaN,NaN,NaN,NaN,NaN,NaN,NaN,NaN,NaN,NaN,NaN,NaN,NaN,NaN,NaN,NaN,NaN,NaN,NaN,NaN,NaN,NaN,NaN,NaN,NaN,NaN,NaN,NaN,NaN,NaN,NaN,-0.0799288241063382,-0.0799361186680289,-0.079939147962575,-0.0799439259950718,-0.0799474415373477,-0.0799529446458031,-0.079956943886201,-0.0799612082261276,-0.0799655986778065,-0.0799699845870693,-0.0799720319769985,-0.0799757865670828,-0.0799814751494587,-0.0799850785012984,-0.0799911814440873,-0.0799960183708552,-0.080000406146355,-0.0800053007002534,-0.080010982045071,-0.0800163697124448,-0.0800219605488746,-0.0800261864414798,-0.0800260011474814,-0.0800276204564314,-0.0800298322811847,-0.0800327796733769,-0.0800343997021056,-0.080033224880976,-0.0800301948246417,-0.0800292738851257,-0.080028310656999,-0.0800268573789177,-0.0800281334978896,-0.0800292909920436,-0.0800326768361883,-0.0800378259705468,-0.0800454080916043,-0.0800516361087197,-0.080057499959995,-0.0800610827650076,-0.0800610107615656,-0.0800608199435202,-0.0800642582271623,-0.0800677835569564,-0.0800693700354864,-0.0800694542202597,-0.0800698980164797,-0.0800709674275716,-0.080072732863778,-0.0800758382200525,-0.0800767042486016,-0.0800758413801016,-0.0800738038178687,-0.0800733432693787,-0.0800754915274244,-0.0800787192211354,-0.0800792763056575,-0.08007806046593,-0.0800764855649379,-0.0800763016029962,-0.0800765357535893,-0.0800763983103809,-0.0800756360965159,-0.080075951889802,-0.0800780372498359,-0.0800806179406608,-0.0800830624434389,-0.080084702493666,-0.0800892577158107,-0.0800944622095123,-0.0800959001630436,-0.0800938904907836,-0.0800921394926681,-0.0800917397290699,-0.0800939915027672,-0.0800976473954724,-0.0801006557240922,-0.0801043393686285,-0.0801081493311668,-0.0801111210381488,-0.0801148599629769,-0.080118024955055,-0.0801194461063147,-0.0801202583328862,-0.0801209147064831,-0.0801209289200992,-0.0801246565745217,-0.080130516423317,-0.0801351751224676,-0.0801389776657814,-0.0801406738017794,-0.0801416916946546,-0.0801435376401834,-0.0801436243709249,-0.0801424122052937,-0.0801406636528115,-0.0801419924601088,-0.080145728445131,-0.0801489546890615,-0.0801512678717227,-0.0801540616451987,-0.0801564560849415,-0.0801564742191935,-0.0801535105748228,-0.0801489959460091,-0.0801467394640718,-0.0801460855745552,-0.080147065352852,-0.0801482752276486,-0.0801479321963903,-0.0801454979695023,-0.0801442568935653,-0.080142997403061,-0.0801418475629651,-0.0801388918739147,-0.0801347157070795,-0.0801312232535929,-0.0801283346881325,-0.0801249152558795,-0.0801212684844304,-0.0801178023894023,-0.0801141622293204,-0.080109848557867,-0.0801050159064342,-0.0800999719029192,-0.0800946723666623,-0.0800894890019999,-0.0800837619391436,-0.0800772008881455,-0.0800716744744429,-0.0800674750813535,-0.0800632108016098,-0.0800583701999269,-0.0800541879632945,-0.0800498600480801,-0.0800452131297083,-0.0800406384582009,-0.0800363751082158,-0.0800321595083097,-0.0800281614157924,-0.080024457909136,-0.0800208138294682,-0.08001747121984,-0.080014304389677,-0.0800112368271046,-0.0800090618630963,-0.0800068442509155,-0.0800036807373063,-0.080000761898223,-0.0799988407065291,-0.0799978756914964,-0.0799966823049728,-0.0799953910942301,-0.0799937255292715,-0.0799906371611032,-0.0799869706297108,-0.0799840384163497,-0.0799814372971893,-0.0799789565018728,-0.0799755676570413,-0.0799714279839003,-0.0799768518125734,-0.0800035252442871
NaN,NaN,NaN,NaN,NaN,NaN,NaN,NaN,NaN,NaN,NaN,NaN,NaN,NaN,NaN,NaN,NaN,NaN,NaN,NaN,NaN,NaN,NaN,NaN,NaN,NaN,NaN,NaN,NaN,NaN,NaN,NaN,NaN,NaN,NaN,NaN,NaN,NaN,NaN,NaN,NaN,NaN,NaN,NaN,NaN,NaN,NaN,NaN,NaN,NaN,NaN,NaN,NaN,NaN,NaN,NaN,NaN,NaN,NaN,NaN,NaN,NaN,NaN,NaN,NaN,NaN,NaN,NaN,NaN,NaN,NaN,NaN,NaN,NaN,NaN,NaN,NaN,NaN,NaN,NaN,NaN,NaN,-0.0799333683052244,-0.0799372539811647,-0.0799398169910775,-0.0799457838817951,-0.079949322001609,-0.0799531844959335,-0.0799585457028245,-0.0799647555654941,-0.0799700480835559,-0.0799729715829028,-0.0799745800174077,-0.0799787481278502,-0.0799831547112586,-0.0799859047750858,-0.0799899636499518,-0.079994208587358,-0.0799990304837142,-0.0800038737292707,-0.0800082319514062,-0.0800125046518825,-0.0800166007629776,-0.0800214303393912,-0.0800213169042094,-0.0800215870461915,-0.0800239616135224,-0.0800281080778202,-0.080031508810736,-0.0800321430537425,-0.0800311570737489,-0.0800313898562449,-0.0800292284698969,-0.0800284017383841,-0.0800292188620909,-0.0800293613859277,-0.0800317807625539,-0.0800353896702818,-0.0800417244099804,-0.0800481694847457,-0.0800542595654799,-0.0800579953582713,-0.0800578346820321,-0.0800577910855513,-0.0800625378467059,-0.0800659390407512,-0.08006637338716,-0.0800665846729693,-0.0800673935053422,-0.0800678608609329,-0.0800690690669351,-0.0800715751488543,-0.080072191682596,-0.0800729663567127,-0.0800723848601627,-0.0800729122980923,-0.0800753576039656,-0.0800775193142415,-0.0800775174387549,-0.0800759868636593,-0.0800754322967548,-0.0800758643874497,-0.080076231954756,-0.0800755314913234,-0.0800747919708306,-0.0800748898768944,-0.0800761018157781,-0.0800785382893232,-0.0800813349489852,-0.0800847749768268,-0.0800920455076111,-0.0800986394180543,-0.080099394343038,-0.0800965234600607,-0.0800941727357839,-0.0800931002835517,-0.0800948808514604,-0.0800977342353259,-0.0801006746679513,-0.0801050648062971,-0.0801083226070713,-0.0801108264087595,-0.0801141376174478,-0.0801174789424398,-0.0801194378040271,-0.0801204450652646,-0.0801200396006273,-0.0801195997136628,-0.0801219169574262,-0.0801264793033269,-0.0801307140405596,-0.0801344375642092,-0.080137953888743,-0.0801412643071474,-0.0801438614076904,-0.0801424408331274,-0.0801401733175803,-0.080139861305177,-0.0801401586882315,-0.0801423642041878,-0.0801441392865412,-0.0801462412241647,-0.080150923463526,-0.0801554913866721,-0.0801555840056313,-0.0801518778922152,-0.080147601063788,-0.0801451471856218,-0.080144638448782,-0.080144008306024,-0.0801445141854069,-0.0801441218644183,-0.0801410175416355,-0.0801380106651936,-0.0801376022347018,-0.080136864155553,-0.0801344276794697,-0.0801307104276087,-0.0801271706794924,-0.0801232595116099,-0.0801183972431576,-0.0801142638192031,-0.0801111674301976,-0.0801085725113225,-0.0801055584640085,-0.080102065448045,-0.0800975461952805,-0.0800929087328278,-0.0800881147008035,-0.0800820547254848,-0.0800754528901972,-0.080069339404562,-0.0800642133582526,-0.0800595322913822,-0.0800548739979967,-0.0800507591086697,-0.0800468792106171,-0.0800425750573667,-0.08003768222996,-0.0800333887085077,-0.0800298853262732,-0.0800264921176806,-0.080022491827262,-0.0800181676173787,-0.0800150008524173,-0.0800126162512406,-0.0800094125964935,-0.0800056766535138,-0.0800030490457261,-0.0800007906559877,-0.0799984179831001,-0.0799967945472839,-0.0799955960782182,-0.0799942912675638,-0.0799928706967073,-0.0799904824200209,-0.0799870148163704,-0.0799832025523171,-0.0799799656876662,-0.0799771970903024,-0.0799743801622505,-0.0799701611161633,-0.0799663495944967,-0.0799725759900874,-0.0799994767497462
NaN,NaN,NaN,NaN,NaN,NaN,NaN,NaN,NaN,NaN,NaN,NaN,NaN,NaN,NaN,NaN,NaN,NaN,NaN,NaN,NaN,NaN,NaN,NaN,NaN,NaN,NaN,NaN,NaN,NaN,NaN,NaN,NaN,NaN,NaN,NaN,NaN,NaN,NaN,NaN,NaN,NaN,NaN,NaN,NaN,NaN,NaN,NaN,NaN,NaN,NaN,NaN,NaN,NaN,NaN,NaN,NaN,NaN,NaN,NaN,NaN,NaN,NaN,NaN,NaN,NaN,NaN,NaN,NaN,NaN,NaN,NaN,NaN,NaN,NaN,NaN,NaN,NaN,NaN,NaN,NaN,NaN,-0.079935298437415,-0.0799375400260111,-0.0799396613102699,-0.0799461869932567,-0.0799514009853413,-0.0799565875927513,-0.079962026508438,-0.0799677177674838,-0.0799746158460732,-0.0799767245998614,-0.0799774826871597,-0.0799817187584973,-0.0799870135564947,-0.0799887454499712,-0.0799899778582987,-0.0799934211909284,-0.0799978811493655,-0.080001624346542,-0.080005420726764,-0.0800076925876493,-0.0800108567758966,-0.0800139317469653,-0.0800155183131297,-0.0800168298265114,-0.080018665234044,-0.0800236797152256,-0.0800298814187113,-0.0800305255235865,-0.0800298214325308,-0.0800305909375773,-0.0800306606763661,-0.0800304751618523,-0.080030765875166,-0.0800303678937165,-0.0800327165190418,-0.0800353296772343,-0.0800395350325973,-0.0800451632712342,-0.0800506145788843,-0.0800538841811755,-0.0800543476788517,-0.080055871654943,-0.0800620145505664,-0.0800646932787886,-0.0800647164769294,-0.0800650332034525,-0.0800649301872103,-0.0800647354144843,-0.0800656093971353,-0.0800679291340315,-0.0800684161661376,-0.0800711878886217,-0.0800719605938628,-0.0800721302966607,-0.0800738382867255,-0.0800740721152446,-0.0800738059678216,-0.0800733481039034,-0.0800732409008349,-0.0800739318942547,-0.0800749190422108,-0.0800749020159193,-0.0800748589521211,-0.0800755382915235,-0.0800762044288582,-0.0800766987645839,-0.0800777451017682,-0.0800823152232925,-0.0800907236446866,-0.0800977984800253,-0.080099579861249,-0.0800968054065454,-0.0800933861093272,-0.0800917958013853,-0.0800946584797666,-0.080097925759572,-0.0801014959574029,-0.0801048056486101,-0.0801065803288862,-0.0801085312680709,-0.0801111880603924,-0.0801141581403174,-0.0801166414987096,-0.0801183888025958,-0.0801192494547583,-0.0801196465643729,-0.080120612923632,-0.0801236732239845,-0.0801276455157005,-0.0801311210956825,-0.080134301318362,-0.0801382424531098,-0.0801402796896613,-0.080138857645401,-0.0801369523442903,-0.0801369937092337,-0.0801388379988483,-0.0801392939908083,-0.080139271429909,-0.0801421385744385,-0.0801483998538911,-0.0801532009664918,-0.08015159915507,-0.0801463041784343,-0.0801415011507388,-0.080140273305311,-0.0801405104995621,-0.0801411633410313,-0.0801414754713689,-0.0801396839085418,-0.0801360524037558,-0.0801335216698358,-0.080132665820672,-0.0801304710427365,-0.0801278317790396,-0.0801255780861893,-0.0801229974914109,-0.080118975323721,-0.0801140603465332,-0.0801098578117966,-0.0801060918605782,-0.0801025551393512,-0.0800992591659164,-0.0800964634354747,-0.0800929568603808,-0.0800887707240819,-0.0800844579374498,-0.0800790251681645,-0.0800734532099984,-0.0800678279712942,-0.080062422460798,-0.0800572736191801,-0.080052536704322,-0.0800481374830488,-0.0800443030827641,-0.0800404039095973,-0.080035516902543,-0.0800309384409903,-0.0800280742281385,-0.0800251312894783,-0.0800207385852644,-0.0800167907812245,-0.0800134652594426,-0.080010496062252,-0.0800077225475484,-0.080004277653648,-0.0800008554507782,-0.0799991305757787,-0.0799977253367778,-0.079995807423355,-0.07999400345659,-0.0799924402790955,-0.079990596894221,-0.0799877200037316,-0.0799841828002212,-0.079980636015915,-0.0799770614366151,-0.0799736847710172,-0.0799703260361993,-0.0799657328544667,-0.0799619389256293,-0.0799688049072161,-0.079995936004128
NaN,NaN,NaN,NaN,NaN,NaN,NaN,NaN,NaN,NaN,NaN,NaN,NaN,NaN,NaN,NaN,NaN,NaN,NaN,NaN,NaN,NaN,NaN,NaN,NaN,NaN,NaN,NaN,NaN,NaN,NaN,NaN,NaN,NaN,NaN,NaN,NaN,NaN,NaN,NaN,NaN,NaN,NaN,NaN,NaN,NaN,NaN,NaN,NaN,NaN,NaN,NaN,NaN,NaN,NaN,NaN,NaN,NaN,NaN,NaN,NaN,NaN,NaN,NaN,NaN,NaN,NaN,NaN,NaN,NaN,NaN,NaN,NaN,NaN,NaN,NaN,NaN,NaN,NaN,NaN,NaN,NaN,-0.0799359423435754,-0.0799369862757076,-0.0799398654531746,-0.0799468168295937,-0.0799533968488532,-0.0799607016888836,-0.0799668200969524,-0.0799718301270316,-0.0799781184586153,-0.0799816336907653,-0.0799821848753607,-0.0799857444559324,-0.0799903054007907,-0.0799920518659161,-0.0799933728014756,-0.0799949970095337,-0.0799965383597751,-0.0799987827539606,-0.0800018599159908,-0.0800034438018999,-0.0800048556755783,-0.0800069623227774,-0.0800096202128925,-0.0800118407148041,-0.0800136973623128,-0.080018372341144,-0.080026949399216,-0.0800278006741819,-0.0800288157757573,-0.08003032426908,-0.0800312333667785,-0.0800326749706593,-0.0800329469012934,-0.0800332559210835,-0.0800349559398695,-0.0800379305591491,-0.0800415678178386,-0.0800442563238404,-0.0800480977688924,-0.0800498778841063,-0.0800523026185901,-0.0800572344117586,-0.0800642203748255,-0.0800647625329914,-0.0800641387102654,-0.0800641216362715,-0.080062377854218,-0.0800614753776086,-0.0800622108176283,-0.0800648350553451,-0.0800659809876332,-0.0800699128051236,-0.0800730104677718,-0.080072170077972,-0.0800725957746814,-0.0800719455782701,-0.0800716096327205,-0.080071563207388,-0.0800714399818889,-0.0800716064065895,-0.0800726250939608,-0.0800735343178749,-0.0800742035681322,-0.0800752118821086,-0.0800761298212175,-0.0800768403133172,-0.0800766834034449,-0.0800790669995277,-0.0800871935799981,-0.0800954084840445,-0.0800987090132055,-0.0800973658765787,-0.0800930949454789,-0.0800914212448154,-0.0800934195545095,-0.0800964505823381,-0.080100249411254,-0.0801027575796956,-0.0801046699158032,-0.0801067618252065,-0.0801088585135985,-0.0801121248604169,-0.0801151177820287,-0.080117154286751,-0.0801193208077331,-0.0801209109642214,-0.0801215507354605,-0.0801235469735265,-0.080125113765517,-0.0801275138026021,-0.0801318439226689,-0.0801353830118986,-0.0801347795885187,-0.0801327026084296,-0.0801316334974294,-0.0801340262832583,-0.0801354453278341,-0.0801358754516864,-0.080133890902776,-0.0801372794273689,-0.0801462849839175,-0.0801506764550843,-0.0801465024188846,-0.0801391710302254,-0.080133255582368,-0.0801331603755493,-0.0801345356575627,-0.0801365276814354,-0.0801374183783618,-0.0801340027403122,-0.0801294818419234,-0.0801280392522637,-0.0801272611095449,-0.0801251728485729,-0.0801227818476045,-0.0801202206317218,-0.080117826438066,-0.0801146549385076,-0.0801101277773087,-0.0801062935835656,-0.0801028148098301,-0.0800990062374275,-0.0800945302985114,-0.0800904792504382,-0.0800869529302971,-0.0800835812443864,-0.0800786981931211,-0.0800733625075728,-0.0800688789954757,-0.0800638692889393,-0.0800587020069249,-0.0800537970260475,-0.0800496536708694,-0.0800458444188542,-0.0800423126712862,-0.0800383227164895,-0.0800333561103117,-0.0800290713352897,-0.0800259846135862,-0.0800230051517329,-0.0800193510575808,-0.0800156693112414,-0.0800124963161969,-0.0800093778248274,-0.0800064034326172,-0.0800027602594774,-0.0799989990983322,-0.0799972996499613,-0.0799967675801486,-0.0799948227865284,-0.0799918634662223,-0.0799896413959434,-0.0799874816888732,-0.0799845150408708,-0.0799815018202827,-0.0799786719711528,-0.0799754139752692,-0.0799714091085105,-0.079967414899115,-0.0799626681290115,-0.0799585795539121,-0.0799657832648761,-0.0799931300607479
NaN,NaN,NaN,NaN,NaN,NaN,NaN,NaN,NaN,NaN,NaN,NaN,NaN,NaN,NaN,NaN,NaN,NaN,NaN,NaN,NaN,NaN,NaN,NaN,NaN,NaN,NaN,NaN,NaN,NaN,NaN,NaN,NaN,NaN,NaN,NaN,NaN,NaN,NaN,NaN,NaN,NaN,NaN,NaN,NaN,NaN,NaN,NaN,NaN,NaN,NaN,NaN,NaN,NaN,NaN,NaN,NaN,NaN,NaN,NaN,NaN,NaN,NaN,NaN,NaN,NaN,NaN,NaN,NaN,NaN,NaN,NaN,NaN,NaN,NaN,NaN,NaN,NaN,NaN,NaN,NaN,NaN,-0.0799372245275365,-0.0799370980859815,-0.0799402989155486,-0.0799468939346766,-0.0799552347434569,-0.0799644951793664,-0.0799730356446967,-0.0799776785348692,-0.0799829673783512,-0.0799862583433209,-0.0799873212875148,-0.0799907674822326,-0.0799935497583129,-0.0799955514055145,-0.079996460904289,-0.0799980431335466,-0.079997465401629,-0.0799968159952881,-0.0799988093133921,-0.0799994519398992,-0.0800003304359925,-0.0800023206267295,-0.0800041294822358,-0.0800072030387495,-0.0800108277939007,-0.0800158020383328,-0.0800220944797478,-0.0800257965927164,-0.0800284295133732,-0.0800312227923803,-0.08003287778175,-0.0800349946726268,-0.0800337875501515,-0.080036292869825,-0.0800380044484794,-0.080040757982349,-0.0800441173412237,-0.080045825386821,-0.0800479816153224,-0.0800471170430118,-0.0800513429164429,-0.0800601488916729,-0.0800652764864926,-0.0800651671284473,-0.0800647572582816,-0.0800641903416124,-0.0800608988842112,-0.0800589488597472,-0.0800591681623838,-0.0800613354655894,-0.0800622654045321,-0.0800665492933511,-0.0800706824334045,-0.0800701253767501,-0.0800698759987176,-0.0800690809876557,-0.0800701181194682,-0.0800701196206292,-0.0800699742014564,-0.0800701775518358,-0.0800708368816548,-0.0800723539096662,-0.080074406316628,-0.0800758805082791,-0.0800772028675206,-0.0800773363654231,-0.0800772508493225,-0.0800785617582266,-0.0800846806402148,-0.0800935877265203,-0.080098400432047,-0.0800988828632544,-0.0800953968924681,-0.080092875928641,-0.080092586791206,-0.0800934702802907,-0.0800959745239981,-0.0800991616822578,-0.0801030114386799,-0.0801056605575316,-0.0801071167924053,-0.0801110097204712,-0.0801148480913419,-0.0801165924353248,-0.0801203283762414,-0.0801213777381568,-0.0801209343145205,-0.0801222867502654,-0.0801239732321149,-0.080126975712618,-0.080132426720593,-0.0801327943268754,-0.0801295433105391,-0.0801256009618609,-0.0801252505037978,-0.0801279623454352,-0.0801301884629929,-0.0801315079170723,-0.0801307538150521,-0.080134609535814,-0.0801441715434341,-0.0801465494174712,-0.0801419034705846,-0.0801334117875742,-0.080129573743306,-0.0801281839922701,-0.08012910290917,-0.0801320651143704,-0.0801310843318809,-0.0801252441273858,-0.0801226986164553,-0.0801236010537344,-0.0801225210377637,-0.0801206387100418,-0.0801179081153384,-0.0801144584822905,-0.0801105209771024,-0.0801082476070883,-0.0801049865567385,-0.0801014377472841,-0.0800985472284948,-0.0800954993722274,-0.080091786432603,-0.0800878324087488,-0.0800832859129266,-0.080078560620844,-0.0800733837519056,-0.0800675036930923,-0.0800627324846742,-0.0800580118028032,-0.0800534683813305,-0.0800495089544784,-0.0800459441474475,-0.0800429554106186,-0.0800399047612447,-0.0800360830944889,-0.0800318314278338,-0.0800277324930574,-0.0800241590405923,-0.0800203144754271,-0.0800170662389063,-0.0800142313548367,-0.0800114245501164,-0.0800085009241513,-0.0800055632458089,-0.0800017557195531,-0.0799970528904055,-0.0799946542131774,-0.0799940427433214,-0.0799930951240157,-0.0799900516681146,-0.0799870325192347,-0.0799841796126365,-0.0799812394277539,-0.0799787989069061,-0.0799767325587863,-0.0799740535873333,-0.0799701716932867,-0.0799656526916308,-0.0799607549607321,-0.0799563835480942,-0.0799626456778291,-0.0799902024130004
NaN,NaN,NaN,NaN,NaN,NaN,NaN,NaN,NaN,NaN,NaN,NaN,NaN,NaN,NaN,NaN,NaN,NaN,NaN,NaN,NaN,NaN,NaN,NaN,NaN,NaN,NaN,NaN,NaN,NaN,NaN,NaN,NaN,NaN,NaN,NaN,NaN,NaN,NaN,NaN,NaN,NaN,NaN,NaN,NaN,NaN,NaN,NaN,NaN,NaN,NaN,NaN,NaN,NaN,NaN,NaN,NaN,NaN,NaN,NaN,NaN,NaN,NaN,NaN,NaN,NaN,NaN,NaN,NaN,NaN,NaN,NaN,NaN,NaN,NaN,NaN,NaN,NaN,NaN,NaN,NaN,NaN,-0.0799363603417048,-0.0799365913134054,-0.0799410997708891,-0.0799499888731809,-0.0799581586918566,-0.0799685247574109,-0.0799786827960837,-0.0799860200033226,-0.0799896761846908,-0.0799930612364689,-0.0799939570164051,-0.0799959703808431,-0.0799984975959039,-0.0799997131389693,-0.0799994281902864,-0.0800004046979707,-0.0799994171175293,-0.0799979310107763,-0.079997681046634,-0.0799968337372988,-0.0799970274018873,-0.0799996588991198,-0.0800014284476926,-0.0800038113809179,-0.0800089110306451,-0.080015311908063,-0.0800199172387673,-0.0800245869329308,-0.0800283686292419,-0.0800323498595329,-0.0800352373769875,-0.0800368061645589,-0.0800363037527155,-0.0800385223891666,-0.080041835041607,-0.080044420552554,-0.0800468787634343,-0.0800493857084828,-0.0800495164934633,-0.0800485341730699,-0.0800532825761461,-0.080062764568634,-0.0800659429377467,-0.080065854300413,-0.0800666882644108,-0.0800652881945653,-0.0800617337097117,-0.0800581296454024,-0.080056599390228,-0.0800580843337317,-0.0800594684771597,-0.0800638076068274,-0.0800671367466471,-0.080067490269981,-0.0800692030658211,-0.0800703313614356,-0.0800693067027234,-0.0800692904533716,-0.0800694849461786,-0.0800705172496949,-0.0800718375465318,-0.0800731904169639,-0.0800751613639071,-0.0800770235994501,-0.0800791704374466,-0.0800789888318575,-0.0800773165255216,-0.080079569905815,-0.080085668548454,-0.0800934472845153,-0.0800978617018429,-0.0800992153774568,-0.0800973184185492,-0.0800945847278847,-0.0800918083955572,-0.0800906281724035,-0.0800929072332888,-0.0800986785366659,-0.0801043116927916,-0.0801068940717549,-0.0801079230495569,-0.0801127348708336,-0.0801166562772985,-0.0801170560888438,-0.0801213732264311,-0.0801216808198766,-0.0801200659123852,-0.0801200533577855,-0.0801241751511138,-0.0801298790737158,-0.0801352108670079,-0.0801327523777437,-0.0801271341238925,-0.0801208050283205,-0.0801212181272896,-0.080123401375554,-0.0801248985253804,-0.0801270521442917,-0.0801285339088599,-0.080133315019023,-0.0801407734665437,-0.0801391148492008,-0.0801330515959459,-0.0801274660465823,-0.0801257569358267,-0.0801241566124782,-0.0801271349415385,-0.0801272701112897,-0.0801220003330035,-0.0801181775687131,-0.0801172027922665,-0.0801173699336189,-0.0801173459547248,-0.0801165309018677,-0.0801141309482057,-0.0801094170186257,-0.0801054596197708,-0.0801018092158814,-0.0800986434156028,-0.0800961656222797,-0.0800934940346679,-0.0800896432899123,-0.0800860947666154,-0.0800831082589547,-0.0800799163526558,-0.0800751396199603,-0.0800685421286302,-0.080062088446185,-0.0800564928244412,-0.0800514062879095,-0.0800474567371892,-0.0800446825528001,-0.080042332810807,-0.0800404485515787,-0.0800377128319653,-0.0800339122603572,-0.0800299175643152,-0.0800263948250325,-0.0800227004143227,-0.0800194415012406,-0.0800165441659513,-0.0800130537470356,-0.0800100434462161,-0.0800079056465336,-0.0800051850671928,-0.0800011854968237,-0.0799954650105704,-0.0799915604469574,-0.0799905345545461,-0.0799900920331821,-0.0799878875006719,-0.0799845457249412,-0.0799811562426324,-0.0799779629218238,-0.079975779319455,-0.0799741131369201,-0.0799720334887517,-0.0799688203849457,-0.0799643918830743,-0.0799595033522291,-0.0799549652819215,-0.0799611445817662,-0.0799889203055213
NaN,NaN,NaN,NaN,NaN,NaN,NaN,NaN,NaN,NaN,NaN,NaN,NaN,NaN,NaN,NaN,NaN,NaN,NaN,NaN,NaN,NaN,NaN,NaN,NaN,NaN,NaN,NaN,NaN,NaN,NaN,NaN,NaN,NaN,NaN,NaN,NaN,NaN,NaN,NaN,NaN,NaN,NaN,NaN,NaN,NaN,NaN,NaN,NaN,NaN,NaN,NaN,NaN,NaN,NaN,NaN,NaN,NaN,NaN,NaN,NaN,NaN,NaN,NaN,NaN,NaN,NaN,NaN,NaN,NaN,NaN,NaN,NaN,NaN,NaN,NaN,NaN,NaN,NaN,NaN,NaN,NaN,-0.0799343577353173,-0.0799364840683839,-0.0799404010324429,-0.0799500848576351,-0.0799655493015414,-0.0799731186513065,-0.0799830857123099,-0.0799915943000908,-0.0799960610070972,-0.0800003823715929,-0.0800017522917201,-0.0800014211179417,-0.0800036603342725,-0.0800044030853047,-0.0800032725401509,-0.0800024126477896,-0.0800010946406507,-0.0799998608714864,-0.0799983018656345,-0.0799960282474747,-0.0799948220969631,-0.0799966566489064,-0.0799991937267815,-0.0800036995805468,-0.0800085697199826,-0.0800135732653244,-0.0800185788245678,-0.0800238524110793,-0.0800295650279092,-0.0800349064263637,-0.0800380683352958,-0.0800388986210758,-0.0800392326205234,-0.0800403103476032,-0.0800438733703059,-0.0800474354458922,-0.0800495057075726,-0.0800525650499458,-0.0800532574201895,-0.0800537655009603,-0.0800577521133012,-0.0800631345813098,-0.0800672854007669,-0.0800696476422506,-0.0800704223029456,-0.0800687122551561,-0.0800654904713766,-0.0800601392950276,-0.0800558215658477,-0.0800558029125106,-0.0800600022260073,-0.0800636250448037,-0.080066459215017,-0.0800670194976466,-0.0800685528557529,-0.0800696101744841,-0.0800703573707733,-0.0800713943109058,-0.0800718716315788,-0.080071884000585,-0.0800728947815395,-0.080074230344542,-0.0800766471912739,-0.0800780552776461,-0.080080213979738,-0.0800815136809295,-0.0800794674087593,-0.080081600498624,-0.0800883820649219,-0.0800949974809344,-0.0800969801667011,-0.0800969774605618,-0.0800967597318608,-0.0800947725049211,-0.080091007113445,-0.0800887749644983,-0.0800920431371188,-0.0800995431066712,-0.0801054184354598,-0.0801068492494099,-0.0801091216492106,-0.0801137410384269,-0.0801164384009157,-0.0801182192034741,-0.0801198856611974,-0.0801201556047136,-0.0801189350010228,-0.0801204156164905,-0.0801249767766353,-0.0801307221318048,-0.080137152349243,-0.0801331963399049,-0.0801257659940492,-0.0801202272995668,-0.0801194387234792,-0.0801187093466754,-0.0801204281595112,-0.080122926890687,-0.0801258903165738,-0.0801324795723815,-0.0801372408862802,-0.0801325460527395,-0.0801259730066467,-0.0801216288698394,-0.0801174729333789,-0.0801175383090753,-0.0801230233186176,-0.0801214920209663,-0.0801143268115302,-0.0801130576928086,-0.080113222718561,-0.0801116161214899,-0.0801126817316719,-0.0801137404007333,-0.0801114480308082,-0.0801065265512761,-0.0801022525150781,-0.0800979591695757,-0.080093248321374,-0.080089896069393,-0.0800871815628476,-0.0800846083599764,-0.080081495025417,-0.0800777875456415,-0.080074322011907,-0.0800697723552099,-0.0800643766004868,-0.0800578155513839,-0.0800503904425815,-0.0800444322278135,-0.0800405076463836,-0.0800384240393112,-0.0800371036773979,-0.0800360320951173,-0.080034816877936,-0.0800319776047147,-0.0800282006711056,-0.0800247355465345,-0.0800214634565566,-0.0800187437849006,-0.0800164887541732,-0.0800134882249902,-0.0800100407663916,-0.080007104561028,-0.0800044709558991,-0.0800002399828123,-0.0799943442914139,-0.0799892860361748,-0.079987761934966,-0.079986270678832,-0.079984266221911,-0.0799816474940922,-0.0799785430051055,-0.0799753098487534,-0.079972705644414,-0.0799709221407373,-0.079969247404158,-0.0799668620250137,-0.0799626779654679,-0.0799580661807905,-0.079953821998214,-0.0799606251913688,-0.0799886377482444
NaN,NaN,NaN,NaN,NaN,NaN,NaN,NaN,NaN,NaN,NaN,NaN,NaN,NaN,NaN,NaN,NaN,NaN,NaN,NaN,NaN,NaN,NaN,NaN,NaN,NaN,NaN,NaN,NaN,NaN,NaN,NaN,NaN,NaN,NaN,NaN,NaN,NaN,NaN,NaN,NaN,NaN,NaN,NaN,NaN,NaN,NaN,NaN,NaN,NaN,NaN,NaN,NaN,NaN,NaN,NaN,NaN,NaN,NaN,NaN,NaN,NaN,NaN,NaN,NaN,NaN,NaN,NaN,NaN,NaN,NaN,NaN,NaN,NaN,NaN,NaN,NaN,NaN,NaN,NaN,NaN,NaN,NaN,NaN,NaN,NaN,-0.0799744710420885,-0.0799751032017251,-0.0799897750547358,-0.0799975022972912,-0.0800027384771698,-0.0800062778780981,-0.0800088836993953,-0.0800089885115105,-0.0800090877945268,-0.0800090475833084,-0.0800074370010437,-0.0800065365408389,-0.0800054327761758,-0.0800029285953407,-0.0799990228380772,-0.0799991128151658,-0.0799977423178233,-0.0799965315523197,-0.07999890579255,-0.0800063618622707,-0.0800107824311079,-0.0800156364566804,-0.0800192260810122,-0.0800240307554969,-0.0800298208777035,-0.0800363274178162,-0.0800405901815184,-0.0800423064955042,-0.0800421621208103,-0.0800421769549324,-0.0800448483854442,-0.0800483478312199,-0.080052403297296,-0.0800553351561451,-0.080057446113934,-0.0800601298452178,-0.0800623936337684,-0.0800657407129199,-0.0800693998571716,-0.0800723478748241,-0.0800722949113132,-0.0800706077482907,-0.0800688373571021,-0.080063400520586,-0.080056683923959,-0.080054449099521,-0.0800592121412378,-0.0800621184455434,-0.0800652631701397,-0.0800668824120277,-0.0800678786992538,-0.0800689288887158,-0.0800708971783804,-0.0800728563079175,-0.0800739819912247,-0.0800730748363706,-0.0800730929660287,-0.0800745696497587,-0.0800767135758408,-0.080078309022523,-0.0800793745845045,-0.0800805433341734,-0.080081623346978,-0.0800856484802827,-0.0800936691552414,-0.0800966639254674,-0.0800966370672883,-0.0800970252448488,-0.0800962298409073,-0.0800945205297243,-0.0800920845726582,-0.0800892272778835,-0.0800918634475464,-0.0801001579521887,-0.0801065211457676,-0.0801067864193191,-0.0801080899114342,-0.0801123431599245,-0.0801174709323371,-0.0801196166043267,-0.0801207468079659,-0.0801215389850695,-0.0801192925212299,-0.0801218640556914,-0.0801256956207495,-0.0801329915439353,-0.0801375002615806,-0.0801330376401836,-0.0801272400523962,-0.0801228891844291,-0.0801210629036158,-0.0801176120711362,-0.0801180350658479,-0.0801195564847516,-0.0801244279199461,-0.0801326019046675,-0.08013468943389,-0.0801294756613175,-0.0801223183743846,-0.0801164458917085,-0.0801120777743482,-0.0801126665080822,-0.0801160643196556,-0.0801119164044629,-0.0801082038833847,-0.0801086102084033,-0.0801073953779245,-0.0801076317172648,-0.0801083312019921,-0.0801082235770157,-0.0801053788876133,-0.0801021326778708,-0.0800994514997481,-0.0800952576758986,-0.0800898533892421,-0.0800854616422645,-0.0800818266184508,-0.0800794356832182,-0.0800775442074574,-0.0800740800912759,-0.0800698072812384,-0.0800651935804441,-0.0800603261952583,-0.0800546638078289,-0.0800460293722278,-0.0800378537474744,-0.0800344933679172,-0.0800336468092528,-0.0800321400311561,-0.0800310168186334,-0.0800298061150422,-0.0800288815399743,-0.0800266612414453,-0.0800238366504053,-0.0800212541912151,-0.0800180530972645,-0.0800153831914243,-0.0800128984671181,-0.0800100290937524,-0.0800071144963523,-0.0800035172552849,-0.0799987468341359,-0.0799939180304945,-0.0799891235080774,-0.0799859842144721,-0.0799837658184877,-0.0799809137416473,-0.0799787897424194,-0.0799759112598915,-0.0799728345879616,-0.0799702262453893,-0.0799676797914477,-0.0799658612949649,-0.0799639482621655,-0.0799603792776001,-0.0799560789501689,-0.0799524663741542,-0.0799597557802213,-0.0799880080226665
NaN,NaN,NaN,NaN,NaN,NaN,NaN,NaN,NaN,NaN,NaN,NaN,NaN,NaN,NaN,NaN,NaN,NaN,NaN,NaN,NaN,NaN,NaN,NaN,NaN,NaN,NaN,NaN,NaN,NaN,NaN,NaN,NaN,NaN,NaN,NaN,NaN,NaN,NaN,NaN,NaN,NaN,NaN,NaN,NaN,NaN,NaN,NaN,NaN,NaN,NaN,NaN,NaN,NaN,NaN,NaN,NaN,NaN,NaN,NaN,NaN,NaN,NaN,NaN,NaN,NaN,NaN,NaN,NaN,NaN,NaN,NaN,NaN,NaN,NaN,NaN,NaN,NaN,NaN,NaN,NaN,NaN,NaN,NaN,NaN,NaN,NaN,NaN,-0.0800015430501665,-0.0800053956018282,-0.080008764772044,-0.0800120245004045,-0.0800152276595914,-0.0800162552817168,-0.0800152400670837,-0.0800134436644772,-0.080012179370434,-0.0800118219976436,-0.0800113899827035,-0.0800092875112047,-0.0800041293186916,-0.0800039408029084,-0.0800131390761858,-0.0800102077393172,-0.0800060680790597,-0.0800120477724956,-0.0800162801449027,-0.0800195231533852,-0.0800229474068042,-0.0800254663874723,-0.0800305879058521,-0.0800366989294036,-0.0800419086695432,-0.0800446446308542,-0.0800447594337492,-0.0800450466844945,-0.0800469371885034,-0.0800484724432777,-0.0800528211042736,-0.080057191131944,-0.0800603669337272,-0.080065175550024,-0.08006609368093,-0.0800686396400436,-0.0800718958124264,-0.0800740909724727,-0.0800733967423258,-0.0800708100024164,-0.08006798212611,-0.0800637130053095,-0.0800565102867742,-0.0800554074932035,-0.0800555098541048,-0.0800615947198003,-0.0800652710576574,-0.0800661158030814,-0.0800664381106695,-0.0800703332023491,-0.0800736348748877,-0.0800748651700892,-0.080075775695912,-0.080074853120729,-0.0800741748348075,-0.0800761223468656,-0.0800765353432937,-0.0800772660577113,-0.080078243137423,-0.0800798340853799,-0.080083745513337,-0.0800908235080435,-0.0800965655325148,-0.0800978734241787,-0.0800973696495215,-0.0800969635768625,-0.0800966089714087,-0.0800942768514452,-0.0800932112425232,-0.080090582104012,-0.0800919258317076,-0.080101842472116,-0.0801086856882404,-0.0801085402490821,-0.0801098467231477,-0.0801132449913326,-0.0801190954594583,-0.0801213214302473,-0.0801226530487394,-0.080121843658276,-0.0801200850046022,-0.0801216454284421,-0.0801259954454829,-0.0801345919153779,-0.0801359859402041,-0.0801314398105508,-0.0801255410586749,-0.0801232783825462,-0.0801226436963821,-0.0801204206009402,-0.0801195834956746,-0.0801199955170193,-0.0801260341757223,-0.0801327059365694,-0.0801324389394717,-0.0801273856411511,-0.0801207385586047,-0.0801137741944245,-0.0801087960212199,-0.0801084466942055,-0.0801101672841601,-0.0801050923297453,-0.0801036272553508,-0.0801033607301273,-0.0801020345865977,-0.0801025189002234,-0.0801038366639876,-0.0801035866108555,-0.0801015553856729,-0.0800978171928248,-0.0800944634999409,-0.0800898719188236,-0.0800855568521204,-0.0800816963232532,-0.0800775908911306,-0.0800742638948914,-0.0800726445000418,-0.0800703861363357,-0.0800672740462529,-0.0800626005912835,-0.0800571318689432,-0.0800510759501845,-0.0800427932625283,-0.0800349217840121,-0.0800306276450295,-0.0800295402941282,-0.0800289578573871,-0.0800275747673181,-0.0800263048288668,-0.0800259377360013,-0.0800253527815159,-0.0800233634119859,-0.0800205636418788,-0.0800178805966965,-0.0800148485172715,-0.0800124721948035,-0.0800094034688038,-0.0800058176537426,-0.0800012076743585,-0.0799966337428423,-0.0799927896979196,-0.0799884983112069,-0.0799846731744581,-0.0799814156078881,-0.0799783059875725,-0.079975860236526,-0.0799731628125073,-0.0799701700358683,-0.0799675033236894,-0.0799647192554489,-0.0799623279596972,-0.0799603010219385,-0.0799574851925662,-0.0799537998337464,-0.0799511058198487,-0.0799587152995729,-0.079987201427778
NaN,NaN,NaN,NaN,NaN,NaN,NaN,NaN,NaN,NaN,NaN,NaN,NaN,NaN,NaN,NaN,NaN,NaN,NaN,NaN,NaN,NaN,NaN,NaN,NaN,NaN,NaN,NaN,NaN,NaN,NaN,NaN,NaN,NaN,NaN,NaN,NaN,NaN,NaN,NaN,NaN,NaN,NaN,NaN,NaN,NaN,NaN,NaN,NaN,NaN,NaN,NaN,NaN,NaN,NaN,NaN,NaN,NaN,NaN,NaN,NaN,NaN,NaN,NaN,NaN,NaN,NaN,NaN,NaN,NaN,NaN,NaN,NaN,NaN,NaN,NaN,NaN,NaN,NaN,NaN,NaN,NaN,NaN,NaN,NaN,NaN,NaN,NaN,NaN,-0.0800107881672373,-0.0800116123706302,-0.0800188500001836,-0.0800222006034843,-0.0800230826992691,-0.0800223768816107,-0.080019633075793,-0.0800163915842408,-0.0800150082303446,-0.0800153466606011,-0.0800159675710384,-0.0800148867537067,-0.0800094697748465,NaN,NaN,-0.0800167439720626,-0.080018670232339,-0.0800210268021999,-0.0800228643693844,-0.0800249075310783,-0.0800274487652588,-0.0800316240882074,-0.0800394626108605,-0.080044135621392,-0.0800468478588926,-0.0800475563073974,-0.080047738910088,-0.0800486181908567,-0.0800506339723352,-0.0800533413042279,-0.0800591469772027,-0.0800622345238167,-0.0800673884560152,-0.0800686906940855,-0.0800720286626657,-0.0800737874220153,-0.0800743551279161,-0.0800735301165189,-0.0800701379646677,-0.0800641756564619,-0.0800590942335677,-0.0800526108188322,-0.080052547907207,-0.0800554030188037,-0.0800618776625927,-0.080066034602775,-0.0800667315872914,-0.0800671257041213,-0.080072473315159,-0.0800763787077761,-0.080077522602942,-0.0800788366808911,-0.0800788614413053,-0.0800779866135585,-0.0800782913264308,-0.0800777731450489,-0.0800777751289345,-0.0800786332786273,-0.0800814801231993,-0.0800862205840603,-0.0800942134564436,-0.0800975881960893,-0.0800983218457856,-0.0800984840234015,-0.0800977991763709,-0.080098697016101,-0.080097681488869,-0.080097065881288,-0.0800929225859048,-0.0800938720023702,-0.0801044496920219,-0.0801107129281096,-0.0801112473570096,-0.0801120342220634,-0.0801140938857987,-0.0801213065456831,-0.0801237905749594,-0.0801234226944566,-0.0801205459079316,-0.0801184199379628,-0.0801196484377454,-0.0801253212832364,-0.0801318187697731,-0.0801328724820702,-0.0801281423477363,-0.0801230792180804,-0.080120549577745,-0.080119007601488,-0.0801189817069905,-0.0801202423605921,-0.0801227502259404,-0.0801271347138831,-0.0801306592568581,-0.0801295711584665,-0.0801253440284953,-0.080119532215555,-0.0801129746029539,-0.0801079763272965,-0.0801057895754868,-0.0801028455363464,-0.0800972399524576,-0.0800972889556499,-0.0800978988795883,-0.0800978555526781,-0.0800985155375445,-0.0800990800885446,-0.0800992889538521,-0.0800975900635491,-0.0800940768567887,-0.0800895762714693,-0.0800849356107513,-0.0800815563377212,-0.0800778057259643,-0.0800743362912304,-0.0800719025933732,-0.0800695305586055,-0.0800672932443236,-0.0800646714332846,-0.0800604913328974,-0.0800553825513766,-0.0800470255400574,-0.0800373415591172,-0.0800330056279584,-0.0800297762089935,-0.08002602911986,-0.0800254671133191,-0.0800249357351564,-0.0800242487152724,-0.0800244333233244,-0.0800230297773091,-0.080020920033138,-0.0800191386952532,-0.080017266926093,-0.0800143504997818,-0.0800113519828929,-0.0800077557338157,-0.0800023138564616,-0.0799981063290331,-0.0799939064841458,-0.0799900328386858,-0.0799863674397276,-0.0799822847843149,-0.0799788792150845,-0.0799759254639488,-0.0799729962930542,-0.0799701109909256,-0.0799675133591302,-0.0799650075837653,-0.0799621415737319,-0.0799594493895371,-0.0799569865761968,-0.0799547920589271,-0.0799518643525367,-0.0799495142162646,-0.0799575213596018,-0.0799862451966677
NaN,NaN,NaN,NaN,NaN,NaN,NaN,NaN,NaN,NaN,NaN,NaN,NaN,NaN,NaN,NaN,NaN,NaN,NaN,NaN,NaN,NaN,NaN,NaN,NaN,NaN,NaN,NaN,NaN,NaN,NaN,NaN,NaN,NaN,NaN,NaN,NaN,NaN,NaN,NaN,NaN,NaN,NaN,NaN,NaN,NaN,NaN,NaN,NaN,NaN,NaN,NaN,NaN,NaN,NaN,NaN,NaN,NaN,NaN,NaN,NaN,NaN,NaN,NaN,NaN,NaN,NaN,NaN,NaN,NaN,NaN,NaN,NaN,NaN,NaN,NaN,NaN,NaN,NaN,NaN,NaN,NaN,NaN,NaN,NaN,NaN,NaN,NaN,NaN,NaN,NaN,-0.0800293719774311,-0.0800268554503137,-0.0800263625350246,-0.080028765234979,-0.0800272184021816,-0.0800231515946699,-0.0800205641269118,-0.0800193093820033,-0.0800189002988988,-0.0800181142019949,NaN,NaN,NaN,NaN,-0.0800248349134101,-0.0800294959773977,-0.0800282039596203,-0.0800285009687394,-0.0800305956423533,-0.0800363849321978,-0.0800421194674786,-0.0800462886728026,-0.0800494377342458,-0.0800491385707152,-0.08004849969859,-0.0800505543829961,-0.0800536789733336,-0.0800550745029648,-0.0800618149049796,-0.0800653951438119,-0.0800679501794855,-0.0800712270739956,-0.0800744431637627,-0.080075990099086,-0.0800741671718543,-0.0800710524468285,-0.0800665621814595,-0.0800604213606715,-0.0800538932887011,-0.0800526520194702,-0.0800474853867692,-0.0800542360391593,-0.0800618389370592,-0.08006628146071,-0.0800684373757451,-0.0800703447675139,-0.0800731418207395,-0.0800758582990948,-0.0800788396085226,-0.0800814527957206,-0.0800823789124519,-0.0800824195152089,-0.0800813263456288,-0.08007956296132,-0.0800778607181419,-0.0800792841388483,-0.0800831780697912,-0.0800874982522636,-0.0800928198992968,-0.0800960559268264,-0.0800977427258689,-0.0800972832529482,-0.0800978551073623,-0.0800998352597934,-0.0801005835124758,-0.0801007684440996,-0.0800981771884941,-0.0801015658425836,-0.0801086576067028,-0.0801123021704602,-0.0801133306564857,-0.0801120028761823,-0.0801135363043407,-0.0801209427169717,-0.0801243076801528,-0.0801233358186306,-0.0801179490881753,-0.0801143609197276,-0.0801162323496742,-0.0801222729269583,-0.0801281202426108,-0.0801286280885174,-0.0801255888189907,-0.080123541946524,-0.0801190083496958,-0.0801148052434626,-0.0801144349293061,-0.0801184928004341,-0.0801247540682537,-0.0801282339559061,-0.0801279889710065,-0.0801245236918645,-0.080120381253252,-0.080116362250165,-0.0801119659318732,-0.080107197217828,-0.0801044355955675,-0.0800993075488226,-0.080091803917442,-0.080088444361917,-0.080089139013423,-0.0800917041526428,-0.0800933985465646,-0.0800939763011974,-0.0800928429273809,-0.0800911610614943,-0.0800888407630736,-0.0800853269569289,-0.0800813843248761,-0.0800771165351359,-0.0800735475924439,-0.0800708961826505,-0.080068813758826,-0.0800678911159021,-0.0800664282375941,-0.0800634497211897,-0.0800593230107567,-0.0800540398488689,-0.0800457521197798,-0.0800367074329961,-0.0800307688980739,-0.0800262371957244,-0.080023529324758,-0.0800222401434212,-0.080021427654733,-0.0800221132016882,-0.0800232690473328,-0.0800224179328617,-0.0800191876385664,-0.0800162811954063,-0.0800146421890317,-0.0800127518906489,-0.0800091401460753,-0.0800036654900506,-0.0799985146973886,-0.0799946310224346,-0.0799906800062787,-0.0799865998228143,-0.0799827009608629,-0.0799791592304649,-0.0799765058482233,-0.0799734989030249,-0.079970176598162,-0.0799673912124337,-0.0799648836763645,-0.0799623998632056,-0.0799596365406039,-0.0799570925798961,-0.0799545786485183,-0.0799525055293204,-0.0799503376844104,-0.0799478952932852,-0.079956981995806,-0.0799859584387159
NaN,NaN,NaN,NaN,NaN,NaN,NaN,NaN,NaN,NaN,NaN,NaN,NaN,NaN,NaN,NaN,NaN,NaN,NaN,NaN,NaN,NaN,NaN,NaN,NaN,NaN,NaN,NaN,NaN,NaN,NaN,NaN,NaN,NaN,NaN,NaN,NaN,NaN,NaN,NaN,NaN,NaN,NaN,NaN,NaN,NaN,NaN,NaN,NaN,NaN,NaN,NaN,NaN,NaN,NaN,NaN,NaN,NaN,NaN,NaN,NaN,NaN,NaN,NaN,NaN,NaN,NaN,NaN,NaN,NaN,NaN,NaN,NaN,NaN,NaN,NaN,NaN,NaN,NaN,NaN,NaN,NaN,NaN,NaN,NaN,NaN,NaN,NaN,NaN,NaN,NaN,NaN,NaN,NaN,-0.0800384217579522,-0.0800336735567126,-0.0800280972693365,-0.0800247526999981,-0.0800231040616299,-0.0800193233610488,-0.0799512896664159,NaN,NaN,NaN,NaN,-0.0800245902818925,-0.0800361459643153,-0.080035290516232,-0.0800353617011336,-0.0800375032966582,-0.0800438525114783,-0.0800490975752909,-0.0800523421219774,-0.0800533206041388,-0.0800516981498736,-0.080051704161331,-0.0800539533381035,-0.0800560943909061,-0.0800594092798271,-0.0800656627109373,-0.080069725849725,-0.0800713861739909,-0.0800744747476401,-0.0800767151790845,-0.0800749931906664,-0.0800719098620516,-0.080066287613669,-0.0800599130906062,-0.0800541903096612,-0.0800495397787038,-0.0800532694614152,-0.0800483581657076,-0.0800543906481753,-0.0800628309824072,-0.0800681263894101,-0.0800696700140213,-0.0800727200478479,-0.0800743791258516,-0.0800763870941369,-0.0800806599750697,-0.0800842875180015,-0.0800859675106065,-0.0800849738890661,-0.0800828567076597,-0.0800797545785936,-0.0800769325648921,-0.0800787548803046,-0.0800828485376601,-0.0800881359995081,-0.0800923619318209,-0.0800952535353564,-0.0800949360423202,-0.0800932222464606,-0.0800952607357068,-0.0800996190490293,-0.0801023425740242,-0.0801033780467307,-0.0801021958295099,-0.0801024996166039,-0.0801070944826866,-0.0801136838851365,-0.0801147159845554,-0.0801128204507024,-0.0801137557830205,-0.080118340704702,-0.0801207415603913,-0.080119215350161,-0.080114028446671,-0.0801144672950473,-0.0801117907571553,-0.0801166604456942,-0.0801237055542782,-0.0801245240699194,-0.0801240745527667,-0.0801224841235885,-0.0801173354675596,-0.0801131850583122,-0.0801115601433995,-0.0801143991756443,-0.080122874964749,-0.0801270323814981,-0.0801266067668867,-0.0801242410748977,-0.0801196796211352,-0.0801147183696903,-0.0801111825823028,-0.0801076826370505,-0.0801036351702128,-0.0800974751090195,-0.0800894113774722,-0.0800829526376592,-0.080081149197783,-0.080082491725905,-0.080084548160034,-0.0800861692847834,-0.0800853467225657,-0.0800831747028724,-0.0800818842791588,-0.0800794337392682,-0.0800760813957003,-0.0800722811839588,-0.0800677609614142,-0.0800642975130423,-0.080062369755867,-0.0800648830332086,-0.0800652139979793,-0.0800615730735909,-0.0800571052051872,-0.080051468311891,-0.0800448619955898,-0.0800368604322691,-0.0800303286763015,-0.0800239468121099,-0.0800195185066385,-0.0800180932930506,-0.0800185545314003,-0.0800197211004978,-0.0800209697302956,-0.0800208223094076,-0.0800184916270678,-0.0800146355090502,-0.0800116499191617,-0.0800096467705854,-0.0800054431307049,-0.0799990754087924,-0.0799932314957751,-0.0799897479808086,-0.079987124887356,-0.0799834717942911,-0.0799793186410514,-0.0799760988206163,-0.0799733612193735,-0.0799703767248675,-0.0799673933745894,-0.0799644745638177,-0.0799622440353071,-0.0799601515678946,-0.0799572526444809,-0.0799546528882816,-0.0799525903465998,-0.0799508315470623,-0.0799489329722256,-0.0799470889219696,-0.0799570054217317,-0.0799862390368596
NaN,NaN,NaN,NaN,NaN,NaN,NaN,NaN,NaN,NaN,NaN,NaN,NaN,NaN,NaN,NaN,NaN,NaN,NaN,NaN,NaN,NaN,NaN,NaN,NaN,NaN,NaN,NaN,NaN,NaN,NaN,NaN,NaN,NaN,NaN,NaN,NaN,NaN,NaN,NaN,NaN,NaN,NaN,NaN,NaN,NaN,NaN,NaN,NaN,NaN,NaN,NaN,NaN,NaN,NaN,NaN,NaN,NaN,NaN,NaN,NaN,NaN,NaN,NaN,NaN,NaN,NaN,NaN,NaN,NaN,NaN,NaN,NaN,NaN,NaN,NaN,NaN,NaN,NaN,NaN,NaN,NaN,NaN,NaN,NaN,NaN,NaN,NaN,NaN,NaN,NaN,NaN,NaN,NaN,NaN,NaN,NaN,-0.079967594842925,-0.0800249468293867,NaN,NaN,NaN,NaN,NaN,NaN,NaN,-0.0800334983926747,-0.0800433525398396,-0.0800444728317727,-0.0800485688909999,-0.0800588408072062,-0.0800637667894496,-0.0800669622760783,-0.080063433708907,-0.0800581585414018,-0.0800582268208629,-0.0800601711934665,-0.0800609203139531,-0.0800669929258829,-0.080072568941149,-0.0800751997251773,-0.0800771050640663,-0.0800784945497713,-0.0800789863786071,-0.0800768960425493,-0.0800710368658106,-0.0800628943132174,-0.0800546457381736,-0.0800475395042367,-0.0800439676152624,-0.0800473681409707,-0.08005098124164,-0.0800575667414279,-0.0800629673421402,-0.080066610231105,-0.0800691532617582,-0.0800743490226786,-0.0800767366487051,-0.0800780459750808,-0.0800815240603882,-0.0800853531250141,-0.0800864623882777,-0.0800866231850803,-0.0800857716926814,-0.080081019311123,-0.0800751276244192,-0.080078580020914,-0.0800829588900557,-0.0800875362806537,-0.0800905674928561,-0.0800922993113016,-0.0800905931843903,-0.0800897456169097,-0.0800937074291562,-0.0800986054446427,-0.080100320969322,-0.0801005980672139,-0.0801017958433824,-0.0801024222907306,-0.0801119802584925,-0.0801161983829863,-0.0801175139160357,-0.0801119787835217,-0.0801091078611583,-0.080110419899825,-0.0801144749361535,-0.08011689929024,-0.0801138940838212,-0.0801107472559137,-0.0801087274240672,-0.0801151137985077,-0.080119654316855,-0.0801191657567354,-0.0801216841117136,-0.0801191676538463,-0.0801157645960078,-0.0801128267850221,-0.080109337937233,-0.080110884259734,-0.0801181154511305,-0.0801218530795373,-0.0801216517844408,-0.0801212161621604,-0.0801188674341575,-0.0801142455020684,-0.080110019380919,-0.0801068086736719,-0.0801024568432298,-0.0800955260800696,-0.0800870358427909,-0.0800801304141522,-0.0800770718845918,-0.0800761969490445,-0.0800761538262825,-0.080076107590968,-0.0800758903628173,-0.0800754014401957,-0.0800743667359189,-0.0800728990689985,-0.0800706833752665,-0.0800684134865436,-0.0800640213156756,-0.0800600658212277,-0.0800592359461071,-0.080059546571945,-0.0800594346961744,-0.0800581070299364,-0.0800549377115075,-0.0800491161496683,-0.0800416241603839,-0.0800357569465805,-0.0800311094732664,-0.0800237713364584,-0.0800157684437006,-0.0800125464842274,-0.0800162540800316,-0.0800187671149734,-0.0800197128123778,-0.0800190060968067,-0.0800163831850425,-0.080013203455059,-0.0800093209056236,-0.0800063044766425,-0.0800010164868931,-0.0799946826264184,-0.0799898240983621,-0.0799856804287777,-0.0799828263930275,-0.0799798456548275,-0.0799769787776982,-0.0799741107940361,-0.0799708108873751,-0.0799678362689801,-0.0799652226464357,-0.0799623395030333,-0.0799598498363405,-0.0799579231805052,-0.0799555009665451,-0.0799529258780958,-0.0799508898824543,-0.0799492247804414,-0.0799474516262462,-0.0799464578994231,-0.0799570083872884,-0.0799865080321182
NaN,NaN,NaN,NaN,NaN,NaN,NaN,NaN,NaN,NaN,NaN,NaN,NaN,NaN,NaN,NaN,NaN,NaN,NaN,NaN,NaN,NaN,NaN,NaN,NaN,NaN,NaN,NaN,NaN,NaN,NaN,NaN,NaN,NaN,NaN,NaN,NaN,NaN,NaN,NaN,NaN,NaN,NaN,NaN,NaN,NaN,NaN,NaN,NaN,NaN,NaN,NaN,NaN,NaN,NaN,NaN,NaN,NaN,NaN,NaN,NaN,NaN,NaN,NaN,NaN,NaN,NaN,NaN,NaN,NaN,NaN,NaN,NaN,NaN,NaN,NaN,NaN,NaN,NaN,NaN,NaN,NaN,NaN,NaN,NaN,NaN,NaN,NaN,NaN,NaN,NaN,NaN,NaN,NaN,NaN,NaN,NaN,NaN,NaN,NaN,NaN,NaN,NaN,NaN,NaN,NaN,NaN,NaN,NaN,NaN,-0.0799320450736882,-0.0800817348114822,-0.0800852015960004,-0.0800767386081243,-0.0800667686889077,-0.0800658873251238,-0.0800697826569707,-0.080072765613098,-0.080078753662745,-0.0800821641248762,-0.0800839833811337,-0.0800847172296903,-0.0800851509188369,-0.0800845595015943,-0.0800814357695852,-0.0800755016869218,-0.080066129026246,-0.0800560786906209,-0.0800447003724275,-0.0800409392504016,-0.0800439525046763,-0.0800460717558317,-0.080052199129298,-0.08005892781259,-0.0800650927767282,-0.0800711075619118,-0.0800743837645985,-0.0800760780370929,-0.0800788053562939,-0.0800843873366929,-0.0800884243363265,-0.0800920843201704,-0.0800946714990872,-0.0800910006378759,-0.0800806979242462,-0.0800764469481644,-0.0800806915005644,-0.0800838841811856,-0.0800860369576016,-0.0800889046312865,-0.0800882396518704,-0.0800853841522033,-0.0800879458494094,-0.0800936169143293,-0.0800962482023837,-0.0800969085231511,-0.0800977868839491,-0.0801000677636522,-0.0801031710937196,-0.0801092976916201,-0.0801075920327523,-0.0801082936621269,-0.0801042188645375,-0.0801030452783777,-0.0801105688092277,-0.0801190841052799,-0.0801192689763123,-0.0801160600757688,-0.0801090880994015,-0.0801067408117786,-0.0801162037330892,-0.0801153525591061,-0.0801153800501698,-0.0801169711465241,-0.0801159004849282,-0.0801135552599245,-0.0801116100368547,-0.0801095654098036,-0.0801103100121608,-0.0801133198041519,-0.0801157644789049,-0.0801155546497743,-0.0801150286667576,-0.0801141974178737,-0.0801117933056729,-0.0801081738028729,-0.0801049984673913,-0.0801004519249604,-0.0800940777971363,-0.0800867613080334,-0.0800803232189232,-0.0800755954820938,-0.0800728257192986,-0.0800708595830409,-0.0800702282156574,-0.0800693624159328,-0.0800684504198843,-0.0800673493295245,-0.0800659082429134,-0.0800652689639672,-0.0800638292962597,-0.080060955922182,-0.0800568947451775,-0.0800540509073,-0.080054373136834,-0.0800551176620859,-0.0800529162626496,-0.0800490015147338,-0.0800451764517228,-0.0800385541981493,-0.0800349990764914,-0.0800289214304189,-0.080020820333021,-0.080013236545772,-0.0800093600796378,-0.08001105884259,-0.0800153408180567,-0.0800176461124902,-0.0800171844781435,-0.0800155647154327,-0.0800117437223709,-0.080006935853495,-0.0800036069811549,-0.0799977246503608,-0.0799904197749782,-0.0799866596198147,-0.079983082738922,-0.0799792822726434,-0.0799770038459814,-0.0799752144731754,-0.0799723561137887,-0.079969216363757,-0.0799664928623319,-0.0799637141031488,-0.0799606637444197,-0.079957900435214,-0.0799557584656707,-0.0799538652454607,-0.0799516749035522,-0.0799495046312707,-0.0799475187001654,-0.0799455907097088,-0.079945265402248,-0.0799563396938672,-0.0799861038268183
NaN,NaN,NaN,NaN,NaN,NaN,NaN,NaN,NaN,NaN,NaN,NaN,NaN,NaN,NaN,NaN,NaN,NaN,NaN,NaN,NaN,NaN,NaN,NaN,NaN,NaN,NaN,NaN,NaN,NaN,NaN,NaN,NaN,NaN,NaN,NaN,NaN,NaN,NaN,NaN,NaN,NaN,NaN,NaN,NaN,NaN,NaN,NaN,NaN,NaN,NaN,NaN,NaN,NaN,NaN,NaN,NaN,NaN,NaN,NaN,NaN,NaN,NaN,NaN,NaN,NaN,NaN,NaN,NaN,NaN,NaN,NaN,NaN,NaN,NaN,NaN,NaN,NaN,NaN,NaN,NaN,NaN,NaN,NaN,NaN,NaN,NaN,NaN,NaN,NaN,NaN,NaN,NaN,NaN,NaN,NaN,NaN,NaN,NaN,NaN,NaN,NaN,NaN,NaN,NaN,NaN,NaN,NaN,NaN,NaN,NaN,-0.0799254997762067,-0.0801014019647193,-0.0800903457709402,-0.0800759676884067,-0.0800516904668774,-0.080071632050559,-0.0800873434994333,-0.080089543282631,-0.0800919134907132,-0.0800931548219185,-0.0800927533623283,-0.0800925908666658,-0.0800901037709325,-0.0800865085542605,-0.0800810662780979,-0.0800723401105382,-0.0800632918180514,-0.0800512941965055,-0.0800469408856808,-0.0800516866710432,-0.080047812460174,-0.0800483131779591,-0.0800556132016351,-0.0800637677209027,-0.0800707304171497,-0.0800719652912917,-0.080076604578121,-0.0800833918464107,-0.0800905857840358,-0.0800970785693329,-0.0801015524089203,-0.0800980991094824,-0.0800899043255123,-0.0800820938824405,-0.0800816228284148,-0.0800840405524437,-0.0800865538190482,-0.0800874705523971,-0.0800872846770373,-0.0800842122122197,-0.0800830493932348,-0.0800880005286164,-0.0800929037279459,-0.0800928746377271,-0.080095421181283,-0.0800971524760371,-0.0800995607509787,-0.0800984059682598,-0.0800950248421626,-0.0800980486263579,-0.0801028777777478,-0.0800988808236583,-0.0800983844093399,-0.0801102175522276,-0.0801222457415931,-0.0801223476687998,-0.0801157896113428,-0.0801061871597727,-0.0801136994108828,-0.0801149546726753,-0.0801105104233906,-0.0801122792072663,-0.0801144479544648,-0.0801125985983058,-0.0801103253484556,-0.0801091116115991,-0.0801092323438191,-0.080110681360845,-0.0801116321412333,-0.0801107004747353,-0.0801097989727155,-0.0801090672695346,-0.0801089693556778,-0.0801083900415384,-0.0801060006783141,-0.080102963483638,-0.0800979756062617,-0.0800905041504913,-0.0800847639736487,-0.0800808824273831,-0.080076965884404,-0.080072724093213,-0.0800683032427365,-0.0800655264822986,-0.0800643184201831,-0.0800633292268164,-0.080062548184904,-0.0800614851601266,-0.080060969756129,-0.0800601165209882,-0.0800576588207435,-0.0800543319940856,-0.0800506744091547,-0.0800492562890181,-0.0800497896387422,-0.0800482361894406,-0.0800439423647045,-0.080038645690428,-0.0800362531110042,-0.0800329476181425,-0.0800253869728182,-0.0800177145434257,-0.0800117155755999,-0.0800056521811152,-0.0800070460762987,-0.0800124622679202,-0.0800135720705129,-0.0800140005577,-0.0800133919256559,-0.0800107750653264,-0.0800054725345089,-0.0799996975957413,-0.0799941598994617,-0.079987914932447,-0.0799828353072215,-0.079980980773462,-0.0799787791696849,-0.0799751543354883,-0.079972406777853,-0.0799703019848396,-0.0799682874942509,-0.0799655247506011,-0.0799623712472281,-0.0799593521366772,-0.0799565443424469,-0.0799543737364789,-0.0799525512499879,-0.0799505968200836,-0.0799481256567446,-0.0799458289048522,-0.0799441914751322,-0.0799441496265599,-0.0799551449305022,-0.0799851646519471
NaN,NaN,NaN,NaN,NaN,NaN,NaN,NaN,NaN,NaN,NaN,NaN,NaN,NaN,NaN,NaN,NaN,NaN,NaN,NaN,NaN,NaN,NaN,NaN,NaN,NaN,NaN,NaN,NaN,NaN,NaN,NaN,NaN,NaN,NaN,NaN,NaN,NaN,NaN,NaN,NaN,NaN,NaN,NaN,NaN,NaN,NaN,NaN,NaN,NaN,NaN,NaN,NaN,NaN,NaN,NaN,NaN,NaN,NaN,NaN,NaN,NaN,NaN,NaN,NaN,NaN,NaN,NaN,NaN,NaN,NaN,NaN,NaN,NaN,NaN,NaN,NaN,NaN,NaN,NaN,NaN,NaN,NaN,NaN,NaN,NaN,NaN,NaN,NaN,NaN,NaN,NaN,NaN,NaN,NaN,NaN,NaN,NaN,NaN,NaN,NaN,NaN,NaN,NaN,NaN,NaN,NaN,NaN,NaN,NaN,-0.0798999090442913,-0.0801133988007673,-0.080113550172057,-0.0801022506978205,-0.0799008300336965,NaN,-0.0799878921019277,-0.0800949381214355,-0.0800947900351734,-0.0800979817549968,-0.0800991443839177,-0.0800981678070909,-0.0800977893085508,-0.0800951425314202,-0.0800921484477372,-0.0800867432669318,-0.0800787161035304,-0.0800705944320478,-0.0800592387099836,-0.0800537724946687,-0.0800572952059747,-0.0800568154037296,-0.0800612725199036,-0.0800668496398867,-0.0800697028059729,-0.0800664973332416,-0.0800728245267886,-0.0800838898336089,-0.0800918717038585,-0.0801008680656004,-0.0801048194630388,-0.0801018654893024,-0.0800949651629946,-0.0800894462316225,-0.0800861029687691,-0.0800865585625132,-0.0800883036765287,-0.0800897398217254,-0.0800884710286166,-0.0800861026196702,-0.0800849252930533,-0.0800872296986695,-0.0800915815718868,-0.0800920675918249,-0.0800926183886648,-0.0800977451273037,-0.0800989114513312,-0.0800964431167288,-0.0800901963318566,-0.0800862044452883,-0.0800957354703672,-0.080097455656179,-0.0800970992160818,-0.080101261060925,-0.080112491741953,-0.0801194719537468,-0.0801172975924797,-0.0801117847669536,-0.0801077317116188,-0.0801128458237856,-0.0801109095252348,-0.0801094180036549,-0.0801111618290614,-0.0801120794852913,-0.0801100495153855,-0.0801087759544898,-0.0801081530511109,-0.0801093882623533,-0.0801107130485212,-0.0801111582103991,-0.0801100253208025,-0.0801073459025057,-0.0801055618653045,-0.080105643386745,-0.0801055735019589,-0.0801039630667147,-0.0801003068697033,-0.0800949132958399,-0.0800874856582087,-0.0800811025009019,-0.0800779122690405,-0.0800754927580236,-0.0800729415587257,-0.0800685148402627,-0.080063652789484,-0.0800604029173557,-0.0800590494366312,-0.0800580976852913,-0.0800571776072441,-0.0800570799341046,-0.080056591638963,-0.0800539870293616,-0.080050630203347,-0.080048250326291,-0.0800458068258385,-0.0800438569246316,-0.0800419465008195,-0.0800389568384178,-0.0800344068179641,-0.0800314991087887,-0.0800281523731674,-0.0800219541167315,-0.0800147970845766,-0.0800091173768194,-0.0800046348904173,-0.0800045218903933,-0.0800082382330333,-0.0800099736497771,-0.0800113328495421,-0.0800124991324373,-0.0800105305700282,-0.0800050853452813,-0.0799976687932896,-0.0799894664531619,-0.0799842604090494,-0.0799813994781795,-0.0799783938718593,-0.0799773173163846,-0.0799747484758586,-0.079970038822567,-0.079967928525169,-0.0799668078963305,-0.0799644485263197,-0.0799612175735485,-0.0799583597014242,-0.0799557469290514,-0.0799537518328027,-0.0799519329882935,-0.0799495929908612,-0.0799467886696871,-0.0799446717223803,-0.0799436736092628,-0.0799434245056665,-0.0799535670953643,-0.0799838481708209
NaN,NaN,NaN,NaN,NaN,NaN,NaN,NaN,NaN,NaN,NaN,NaN,NaN,NaN,NaN,NaN,NaN,NaN,NaN,NaN,NaN,NaN,NaN,NaN,NaN,NaN,NaN,NaN,NaN,NaN,NaN,NaN,NaN,NaN,NaN,NaN,NaN,NaN,NaN,NaN,NaN,NaN,NaN,NaN,NaN,NaN,NaN,NaN,NaN,NaN,NaN,NaN,NaN,NaN,NaN,NaN,NaN,NaN,NaN,NaN,NaN,NaN,NaN,NaN,NaN,NaN,NaN,NaN,NaN,NaN,NaN,NaN,NaN,NaN,NaN,NaN,NaN,NaN,NaN,NaN,NaN,NaN,NaN,NaN,NaN,NaN,NaN,NaN,NaN,NaN,NaN,NaN,NaN,NaN,NaN,NaN,NaN,NaN,NaN,NaN,NaN,NaN,NaN,NaN,NaN,NaN,NaN,NaN,NaN,-0.079693632039553,-0.0801172845041771,-0.080119167923359,-0.0801179441006291,-0.0801154949124435,NaN,NaN,-0.0798594696935359,-0.0800959944835856,-0.0800965037895182,-0.0800991298503656,-0.0801012788748264,-0.0801018214401946,-0.0801008367571968,-0.0801002947350029,-0.0800986527778465,-0.080092408532545,-0.0800845313083862,-0.0800755303467863,-0.0800626540257255,-0.0800561134120695,-0.0800575353900389,-0.0800665783294286,-0.080073167349459,-0.0800790149831461,-0.0800762958892664,-0.0800782331167382,-0.080090962717133,-0.0800983762856821,-0.0801002463702258,-0.0801019781205843,-0.0801004887129921,-0.0800967551165287,-0.0800940781538875,-0.0800912209803642,-0.0800897112905257,-0.080090384941424,-0.0800906149312985,-0.0800901067966388,-0.0800884280239615,-0.0800881395862455,-0.080091233278397,-0.0800949438181194,-0.0800944092429435,-0.0800939157255621,-0.080095178370364,-0.0800961502392382,-0.0800945873059632,-0.0800895158418353,-0.0800844409094769,-0.0800886961307639,-0.0800959615893774,-0.0800980061081602,-0.0800995894935213,-0.0801046408707424,-0.0801119745021667,-0.0801142033327703,-0.0801114079905944,-0.080106436605274,-0.0801050290676574,-0.0801079855822839,-0.0801062929094798,-0.0801045401991126,-0.0801076786317405,-0.0801066500103597,-0.0801070790174401,-0.0801079111163108,-0.0801088938643718,-0.0801098124538112,-0.0801094236496534,-0.0801083164535467,-0.0801072444356222,-0.0801051221797815,-0.0801031250172147,-0.0801023273737865,-0.0801032785963615,-0.080102977536722,-0.0800997213837807,-0.0800937459676127,-0.0800865358692297,-0.0800796849297368,-0.0800754502510698,-0.080073563636138,-0.0800710057272961,-0.0800664844443336,-0.080062251224746,-0.080058682948398,-0.0800565930287416,-0.0800549494312137,-0.0800540964690203,-0.0800532071934957,-0.0800518853760529,-0.0800487761093657,-0.0800466412282008,-0.0800467809040356,-0.0800454779922285,-0.0800411047221122,-0.0800367981167574,-0.080034242056372,-0.0800318070165823,-0.0800294182485668,-0.0800245464230781,-0.0800183993322248,-0.0800110172893848,-0.0800061985587446,-0.0800040343767324,-0.0800051668955927,-0.0800063539147224,-0.080007353182691,-0.0800092739155268,-0.0800116950660799,-0.0800115703985536,-0.0800044136760044,-0.0799944092995933,-0.0799859684192938,-0.0799814067119659,-0.0799791775318285,-0.0799776400332108,-0.0799762497427629,-0.0799741342942346,-0.0799696449999305,-0.0799664393700268,-0.0799646803785568,-0.079962535801755,-0.079959923870532,-0.0799575155679702,-0.0799552807843888,-0.0799532309344831,-0.0799513076835424,-0.0799489072090291,-0.0799460248639498,-0.0799442001778608,-0.0799432125095918,-0.0799427859770734,-0.0799520917271773,-0.0799826368155939
NaN,NaN,NaN,NaN,NaN,NaN,NaN,NaN,NaN,NaN,NaN,NaN,NaN,NaN,NaN,NaN,NaN,NaN,NaN,NaN,NaN,NaN,NaN,NaN,NaN,NaN,NaN,NaN,NaN,NaN,NaN,NaN,NaN,NaN,NaN,NaN,NaN,NaN,NaN,NaN,NaN,NaN,NaN,NaN,NaN,NaN,NaN,NaN,NaN,NaN,NaN,NaN,NaN,NaN,NaN,NaN,NaN,NaN,NaN,NaN,NaN,NaN,NaN,NaN,NaN,NaN,NaN,NaN,NaN,NaN,NaN,NaN,NaN,NaN,NaN,NaN,NaN,NaN,NaN,NaN,NaN,NaN,NaN,NaN,NaN,NaN,NaN,NaN,NaN,NaN,NaN,NaN,NaN,NaN,NaN,NaN,NaN,NaN,NaN,NaN,NaN,NaN,NaN,NaN,NaN,NaN,NaN,NaN,NaN,-0.0797614570609493,-0.0801179298771392,-0.0801201585817684,-0.080119413419257,-0.0801168890564888,NaN,NaN,-0.0806830876316106,-0.0800514392762917,-0.0800985802351619,-0.0800992745595371,-0.0801014518510127,-0.0801028893640616,-0.0801038026821521,-0.0801052065060631,-0.0801040959241533,-0.0800983992770515,-0.0800907671371624,-0.0800808481813673,-0.0800665799307613,-0.0800592752290831,-0.0800612037209294,-0.0800747704932091,-0.0800819804272241,-0.0800820853630534,-0.0800854548734196,-0.0800932777593493,-0.0800985934455227,-0.0801008667118672,-0.0801010601288056,-0.0800999590192045,-0.0800984642627156,-0.0800980207400161,-0.0800969649911386,-0.0800954283114559,-0.0800950187285595,-0.0800933086454891,-0.0800913043271139,-0.0800896178515054,-0.0800898989048099,-0.0800917333288962,-0.0800948648541499,-0.0800930490747952,-0.0800877837443485,-0.0800878635876109,-0.0800901239024706,-0.0800900707642876,-0.080090776627315,-0.0800869883627667,-0.0800882456944415,-0.0800942843977699,-0.0800970693417349,-0.0800968193792561,-0.0800993999296138,-0.0801055693108665,-0.0801090025035411,-0.0801091604869539,-0.0801069760446825,-0.0801040339758625,-0.0801030610434711,-0.0800998067109734,-0.0800974239231973,-0.0800979398983864,-0.0801003229164832,-0.0801001375196853,-0.0801023496369524,-0.0801046103670994,-0.0801071001786509,-0.0801085091676119,-0.0801072585016147,-0.0801048515805228,-0.080102735228001,-0.0801014865164975,-0.0800997416922426,-0.0800982694586595,-0.0800984475524337,-0.0800985638741422,-0.080096841218205,-0.080091635731691,-0.0800860834363842,-0.080079279518688,-0.0800739863844063,-0.0800714621970841,-0.0800689582390325,-0.0800658702114693,-0.0800617474872105,-0.0800583392744839,-0.0800560491210387,-0.0800532243237828,-0.0800512285599377,-0.0800491261564547,-0.0800473895608884,-0.0800454020975623,-0.0800453044276763,-0.0800457329208986,-0.0800446974402873,-0.0800404977514575,-0.0800354014281136,-0.0800309556173737,-0.0800278610283292,-0.0800266155236273,-0.0800233663585835,-0.0800168532544851,-0.080010271396742,-0.0800039908732248,-0.0800019081675245,-0.0800041102028475,-0.0800062390262884,-0.0800066865356113,-0.0800082991529713,-0.0800104624628961,-0.0800102477951129,-0.0800029741714277,-0.0799913041712274,-0.0799829423196257,-0.0799800065571249,-0.0799784829939726,-0.0799770427031645,-0.0799754547800704,-0.0799735393490878,-0.0799701687229341,-0.07996667266281,-0.0799636055478909,-0.0799609161805025,-0.0799589457893021,-0.0799572201661421,-0.079955336692181,-0.0799533916865512,-0.0799509538139029,-0.0799483567184886,-0.0799458401212636,-0.0799438101646599,-0.0799426634527825,-0.0799417380045289,-0.0799514021220673,-0.0799822176330365
NaN,NaN,NaN,NaN,NaN,NaN,NaN,NaN,NaN,NaN,NaN,NaN,NaN,NaN,NaN,NaN,NaN,NaN,NaN,NaN,NaN,NaN,NaN,NaN,NaN,NaN,NaN,NaN,NaN,NaN,NaN,NaN,NaN,NaN,NaN,NaN,NaN,NaN,NaN,NaN,NaN,NaN,NaN,NaN,NaN,NaN,NaN,NaN,NaN,NaN,NaN,NaN,NaN,NaN,NaN,NaN,NaN,NaN,NaN,NaN,NaN,NaN,NaN,NaN,NaN,NaN,NaN,NaN,NaN,NaN,NaN,NaN,NaN,NaN,NaN,NaN,NaN,NaN,NaN,NaN,NaN,NaN,NaN,NaN,NaN,NaN,NaN,NaN,NaN,NaN,NaN,NaN,NaN,NaN,NaN,NaN,NaN,NaN,NaN,NaN,NaN,NaN,NaN,NaN,NaN,NaN,NaN,NaN,NaN,-0.0798674013775104,-0.0801164515131527,-0.0801188274552298,-0.0801194742131338,NaN,NaN,NaN,-0.0855847252474001,-0.0800671420712271,-0.0800958203086176,-0.0801020827041177,-0.0801011301118048,-0.0801027787595385,-0.0801053277465913,-0.0801078231589122,-0.0801087894492561,-0.0801051837064078,-0.0800979715787048,-0.080087925471131,-0.0800761892750338,-0.0800662690710363,-0.0800688631911678,-0.080082439013287,-0.0800876473333097,-0.080090627132713,-0.0800936241731355,-0.0800951408751572,-0.0800972067527044,-0.0800996199671938,-0.0801008880126575,-0.0801015715933059,-0.0801010122671215,-0.0801017820162184,-0.0801015628769792,-0.0801004990074081,-0.0800992170114481,-0.0800960461993651,-0.0800921592924354,-0.0800903142068491,-0.0800910143025892,-0.0800931945426219,-0.0800885894918489,-0.0800794742777767,-0.0800772690401004,-0.0800811955159674,-0.0800840446383912,-0.0800866910608704,-0.0800866761409948,-0.0800896850114803,-0.0800926504891681,-0.08009616090666,-0.0800969734128048,-0.0800963809634813,-0.080098195190252,-0.0801027510866581,-0.0801036791117552,-0.080102219905554,-0.0801007547151558,-0.0800996204238425,-0.0800957891630658,-0.0800918926732379,-0.080089880564291,-0.0800900580097622,-0.0800920815473151,-0.0800946597870452,-0.0800977250523578,-0.0801001169218708,-0.0801027916157434,-0.0801050579622593,-0.0801059149669323,-0.0801042639081934,-0.0801002895653547,-0.0800972540659555,-0.0800950125755381,-0.0800931505023548,-0.0800931046572957,-0.0800946255581245,-0.0800938275874102,-0.0800892158257267,-0.0800830682677368,-0.0800785066466981,-0.0800726182726042,-0.0800674636337915,-0.0800640233249315,-0.0800625473025656,-0.0800609189091578,-0.0800589032963,-0.0800562702763798,-0.0800532144091607,-0.0800480684567458,-0.0800435345050389,-0.0800426113699869,-0.0800433174957302,-0.0800427612844208,-0.0800418971250323,-0.0800413514899136,-0.080039288056204,-0.0800340626471157,-0.0800273072994423,-0.080023318881793,-0.0800217074034798,-0.0800190615128641,-0.0800149363174298,-0.0800095437657721,-0.0800026439066757,-0.0800005491752303,-0.0800015821447795,-0.0800039873778825,-0.0800050730611876,-0.0800066066421445,-0.0800088791731632,-0.0800056177088334,-0.0800000959417783,-0.0799907014162679,-0.0799819946970374,-0.0799778933999149,-0.0799764246574594,-0.0799756260073611,-0.0799743335516238,-0.0799726948554228,-0.0799700975278191,-0.0799664644084574,-0.0799629913632217,-0.0799600120826297,-0.0799577678186484,-0.079956664839959,-0.0799553079512824,-0.0799536204425576,-0.0799509910593076,-0.0799480375644301,-0.0799451797588004,-0.0799431266474097,-0.0799414842047315,-0.0799406874802528,-0.079950813082066,-0.0799819026978547
NaN,NaN,NaN,NaN,NaN,NaN,NaN,NaN,NaN,NaN,NaN,NaN,NaN,NaN,NaN,NaN,NaN,NaN,NaN,NaN,NaN,NaN,NaN,NaN,NaN,NaN,NaN,NaN,NaN,NaN,NaN,NaN,NaN,NaN,NaN,NaN,NaN,NaN,NaN,NaN,NaN,NaN,NaN,NaN,NaN,NaN,NaN,NaN,NaN,NaN,NaN,NaN,NaN,NaN,NaN,NaN,NaN,NaN,NaN,NaN,NaN,NaN,NaN,NaN,NaN,NaN,NaN,NaN,NaN,NaN,NaN,NaN,NaN,NaN,NaN,NaN,NaN,NaN,NaN,NaN,NaN,NaN,NaN,NaN,NaN,NaN,NaN,NaN,NaN,NaN,NaN,NaN,NaN,NaN,NaN,NaN,NaN,NaN,NaN,NaN,NaN,NaN,NaN,NaN,NaN,NaN,NaN,NaN,NaN,-0.0801121521372079,-0.0801144363380926,-0.0801189136147651,-0.0796350060284414,NaN,NaN,NaN,NaN,-0.0855722590828713,-0.0800329477557862,-0.0801014658175479,-0.0801047355599459,-0.0801047880550693,-0.080105653622453,-0.0801075094302796,-0.0801104551206001,-0.0801102000685711,-0.0801059010416075,-0.080099330028726,-0.0800880677056158,-0.0800801975937513,-0.0800842371119029,-0.080087916824955,-0.0800961545259512,-0.0800994299879027,-0.0800932676931628,-0.0800959337500708,-0.0800994375682297,-0.0801021749380902,-0.0801046869751765,-0.0801053741341603,-0.0801043094763273,-0.0801036821083164,-0.0801053580103419,-0.0801053022524298,-0.0801032641134383,-0.0800989362171641,-0.0800939945141132,-0.0800903618403662,-0.0800883696770414,-0.0800860515786587,-0.0800765690875314,-0.0800682597688303,-0.0800701465287969,-0.0800755368727366,-0.0800790924816391,-0.0800821311461392,-0.0800859214382819,-0.0800909476868204,-0.0800940253379342,-0.0800962523083498,-0.0800963193014887,-0.0800951277447722,-0.0800956887680495,-0.0800974596711085,-0.080097015783494,-0.0800941703889508,-0.0800929397493346,-0.0800916225542842,-0.0800888221511885,-0.0800852094842538,-0.080083777297132,-0.0800830290754626,-0.0800841908398596,-0.0800865334328728,-0.0800896805248258,-0.0800924566424565,-0.0800958682696046,-0.0800998796076907,-0.0801027403070816,-0.080103277380691,-0.0800997399243931,-0.0800959123366128,-0.0800923459117724,-0.0800899346203767,-0.0800890352616278,-0.0800893165100499,-0.0800899282924083,-0.0800874292036062,-0.0800824328010677,-0.0800766346091673,-0.0800724099665497,-0.080065548017244,-0.0800595597875337,-0.0800557543680549,-0.0800546358196507,-0.0800547771132714,-0.0800549009399235,-0.0800541532937995,-0.0800462114512154,-0.0800394125309731,-0.0800379164828568,-0.0800397419313591,-0.0800406087220876,-0.0800382505702,-0.0800373934836015,-0.0800366656028532,-0.0800323976174555,-0.0800252103615593,-0.0800200198372861,-0.0800171877236861,-0.0800139010693643,-0.0800103104517521,-0.0800059608124303,-0.0800002886780119,-0.079998510901736,-0.0800001560885244,-0.0800037006503069,-0.0800044223158015,-0.0800043843540342,-0.0800045325731092,-0.0800001737900044,-0.0799955995786982,-0.0799889537958398,-0.0799805591270528,-0.0799752574926356,-0.0799731963166709,-0.0799733092116655,-0.0799734058876708,-0.0799717896907614,-0.079969169029787,-0.0799655220872112,-0.0799616385825572,-0.079958789202319,-0.0799563895661427,-0.0799552987694876,-0.0799542508131924,-0.0799528358138758,-0.0799507242093024,-0.0799475054045014,-0.0799444716251847,-0.079942110380388,-0.0799402715592955,-0.0799393205770906,-0.0799504480953752,-0.0799818075637969
NaN,NaN,NaN,NaN,NaN,NaN,NaN,NaN,NaN,NaN,NaN,NaN,NaN,NaN,NaN,NaN,NaN,NaN,NaN,NaN,NaN,NaN,NaN,NaN,NaN,NaN,NaN,NaN,NaN,NaN,NaN,NaN,NaN,NaN,NaN,NaN,NaN,NaN,NaN,NaN,NaN,NaN,NaN,NaN,NaN,NaN,NaN,NaN,NaN,NaN,NaN,NaN,NaN,NaN,NaN,NaN,NaN,NaN,NaN,NaN,NaN,NaN,NaN,NaN,NaN,NaN,NaN,NaN,NaN,NaN,NaN,NaN,NaN,NaN,NaN,NaN,NaN,NaN,NaN,NaN,NaN,NaN,NaN,NaN,NaN,NaN,NaN,NaN,NaN,NaN,NaN,NaN,NaN,NaN,NaN,NaN,NaN,NaN,NaN,NaN,NaN,NaN,NaN,NaN,NaN,NaN,NaN,NaN,NaN,NaN,-0.0801124665400351,-0.0796896731724393,-0.0853458071173274,-0.0856981919040466,NaN,NaN,NaN,NaN,-0.0854916070558174,-0.0798047467716692,-0.0801100095644278,-0.0801087045807844,-0.0801092646313221,-0.0801110903448331,-0.0801125345373326,-0.0801127141113434,-0.0801107900561566,-0.0801083784608231,-0.0801032836222772,-0.0800976451933407,-0.0800973996903701,-0.080104081888148,-0.0801052967153924,-0.0800988441570787,-0.0800981208727872,-0.080100625140738,-0.0801001396520722,-0.0801003366238618,-0.080102665530937,-0.0801022299893378,-0.0801019613043986,-0.0801032297063648,-0.080110130957369,-0.080111400761923,-0.0801071257900391,-0.0801008539754963,-0.0800951549760784,-0.080088260034155,-0.0800823058196615,-0.0800773204072205,-0.0800701742734139,-0.0800639897400704,-0.080066364782457,-0.0800703394840823,-0.0800734124676351,-0.080077074100349,-0.0800830203101966,-0.0800882124793877,-0.0800932414803418,-0.0800944687777748,-0.0800940303908922,-0.0800918188048496,-0.080092359641808,-0.0800927904932525,-0.0800910326758225,-0.0800875196201421,-0.0800855201052074,-0.0800842409346355,-0.0800811351701436,-0.0800789821788315,-0.0800784733025181,-0.0800759142211197,-0.080075333633755,-0.0800759023338156,-0.0800783764545155,-0.0800832086312673,-0.0800876801305967,-0.0800908414902124,-0.0800946799598681,-0.0800966606759421,-0.0800962721934905,-0.0800931118206674,-0.0800889260699298,-0.0800866371053657,-0.0800862228503282,-0.0800856167058351,-0.08008526896565,-0.080084510430983,-0.0800808536594169,-0.0800767153176667,-0.0800725955098208,-0.0800654287639787,-0.0800577755298546,-0.0800514128418705,-0.0800464449197793,-0.0800460999971689,-0.0800484585515773,-0.0800502178090397,-0.0800453060246401,-0.0800391035541416,-0.0800366161543323,-0.0800379898593445,-0.0800383937935314,-0.0800358845774131,-0.0800351757025381,-0.0800331582678191,-0.0800315323669942,-0.0800264816377652,-0.0800172371580155,-0.080012730464534,-0.0800104935232242,-0.080005932312447,-0.0800031016069669,-0.0799997717846221,-0.0799951848920497,-0.0799975921498628,-0.080001905594308,-0.0800038220999318,-0.0800025414395007,-0.0799988439185992,-0.07999413316034,-0.0799895066741606,-0.0799844489876877,-0.0799785179024326,-0.0799736082208472,-0.0799715558427235,-0.0799703604100256,-0.079970363642486,-0.0799699721926702,-0.0799678351153926,-0.0799644784314214,-0.0799607655816436,-0.079957883349723,-0.0799560274024761,-0.0799543282607369,-0.0799531011007725,-0.0799520645872717,-0.0799498812967539,-0.0799468793348088,-0.0799441988050904,-0.079941301142615,-0.0799393023144385,-0.0799383763818456,-0.0799506348925224,-0.0799822832938362
NaN,NaN,NaN,NaN,NaN,NaN,NaN,NaN,NaN,NaN,NaN,NaN,NaN,NaN,NaN,NaN,NaN,NaN,NaN,NaN,NaN,NaN,NaN,NaN,NaN,NaN,NaN,NaN,NaN,NaN,NaN,NaN,NaN,NaN,NaN,NaN,NaN,NaN,NaN,NaN,NaN,NaN,NaN,NaN,NaN,NaN,NaN,NaN,NaN,NaN,NaN,NaN,NaN,NaN,NaN,NaN,NaN,NaN,NaN,NaN,NaN,NaN,NaN,NaN,NaN,NaN,NaN,NaN,NaN,NaN,NaN,NaN,NaN,NaN,NaN,NaN,NaN,NaN,NaN,NaN,NaN,NaN,NaN,NaN,NaN,NaN,NaN,NaN,NaN,NaN,NaN,NaN,NaN,NaN,NaN,NaN,NaN,NaN,NaN,NaN,NaN,NaN,NaN,NaN,NaN,NaN,NaN,NaN,NaN,NaN,NaN,NaN,-0.0857024657388042,-0.0857325421055607,NaN,NaN,NaN,NaN,NaN,NaN,-0.0798072949855495,-0.0798749564806103,-0.0800866955253978,-0.0801166588584682,-0.0801175630968413,-0.0801180331810435,-0.0801176467807667,-0.0801190057602145,-0.0799057099786413,-0.0798022743312844,-0.0795948672107439,-0.0799210101730538,-0.0801033872193971,-0.0801017295950756,-0.0801014806341122,-0.0801018242363527,-0.0800991036745122,-0.0800972554896253,-0.080099438323593,-0.0801007348298219,-0.0801017582245403,-0.0801049580193908,-0.0801109265061435,-0.0801126833037305,-0.0801102883843152,-0.0801045301615453,-0.0800961884597637,-0.0800871938480479,-0.080077526748982,-0.0800711894493217,-0.0800670835269164,-0.0800637916291512,-0.0800642256240423,-0.0800668219977947,-0.0800690260572324,-0.0800732988638631,-0.080078754503706,-0.0800834653291051,-0.0800886447175306,-0.080090151619762,-0.0800899991313792,-0.080087456599398,-0.0800864052820834,-0.0800876373465016,-0.0800863635595457,-0.0800815159704591,-0.0800789343270351,-0.080077111788258,-0.0800730763425783,-0.0800712839772874,-0.0800703184448744,-0.0800685933462828,-0.0800668723740977,-0.0800661878560353,-0.0800678741528205,-0.0800738069108003,-0.0800790459665578,-0.0800805668502062,-0.0800826721189295,-0.0800864322527883,-0.0800883051656783,-0.0800866684627679,-0.0800833503405744,-0.0800815214323097,-0.0800814985825103,-0.0800827052443098,-0.0800824773532985,-0.0800821653063269,-0.0800789435258137,-0.0800751721129781,-0.0800717152176279,-0.0800657255812505,-0.0800559718584579,-0.0800481338251011,-0.0800418922036176,-0.0800385113967456,-0.0800386256167466,-0.0800395373691997,-0.0800385061715253,-0.0800369190788525,-0.0800370901227243,-0.080038810536152,-0.0800365867969329,-0.080033874219782,-0.0800336678497087,-0.0800314521264661,-0.0800289036140185,-0.0800263536078346,-0.0800199312981627,-0.0800131604553359,-0.0800075613588484,-0.0800005305058254,-0.0799983752571351,-0.07999836947079,-0.0799958341141005,-0.0799964401450074,-0.0799994406587849,-0.0800009724120566,-0.0799987833320298,-0.0799940344733172,-0.0799909623851988,-0.0799866389533747,-0.0799824115513667,-0.0799768470560197,-0.0799713938064761,-0.0799687405441668,-0.0799674785678885,-0.0799673551525425,-0.0799673082116317,-0.0799658017591307,-0.0799627463090367,-0.0799594885202126,-0.0799570285441576,-0.0799552896350927,-0.0799531658777832,-0.0799516944330505,-0.0799508267263231,-0.0799487195783316,-0.0799462786126435,-0.0799438948417253,-0.0799411645801499,-0.0799387562075561,-0.0799380463083966,-0.0799509847463207,-0.079982923194934
NaN,NaN,NaN,NaN,NaN,NaN,NaN,NaN,NaN,NaN,NaN,NaN,NaN,NaN,NaN,NaN,NaN,NaN,NaN,NaN,NaN,NaN,NaN,NaN,NaN,NaN,NaN,NaN,NaN,NaN,NaN,NaN,NaN,NaN,NaN,NaN,NaN,NaN,NaN,NaN,NaN,NaN,NaN,NaN,NaN,NaN,NaN,NaN,NaN,NaN,NaN,NaN,NaN,NaN,NaN,NaN,NaN,NaN,NaN,NaN,NaN,NaN,NaN,NaN,NaN,NaN,NaN,NaN,NaN,NaN,NaN,NaN,NaN,NaN,NaN,NaN,NaN,NaN,NaN,NaN,NaN,NaN,NaN,NaN,NaN,NaN,NaN,NaN,NaN,NaN,NaN,NaN,NaN,NaN,NaN,NaN,NaN,NaN,NaN,NaN,NaN,NaN,NaN,NaN,NaN,NaN,NaN,NaN,NaN,NaN,NaN,NaN,NaN,NaN,NaN,NaN,NaN,NaN,NaN,NaN,NaN,-0.0834383912803859,-0.0803848793299446,-0.0795934112169431,-0.0797387256270232,-0.07991839272692,-0.0797731994584294,-0.0799164544955896,-0.0831669687255915,NaN,NaN,NaN,-0.0799072989114992,-0.0800978763862562,-0.0800980811853998,-0.0800976958095051,-0.0800954613185707,-0.0800978008815879,-0.0801006081481701,-0.0801020836576367,-0.080104741821175,-0.0801079231464543,-0.0801105975252636,-0.0801113716273233,-0.0801083866208352,-0.0801041183543823,-0.0800969398622787,-0.0800890397024038,-0.0800800292166882,-0.0800707485093313,-0.0800660762592003,-0.0800642581409316,-0.0800630381162608,-0.0800639219845372,-0.0800670226773172,-0.0800709678664898,-0.0800755563807803,-0.0800781931829309,-0.080083463254858,-0.0800862374690123,-0.080085750597998,-0.0800815039453069,-0.0800796563549428,-0.0800812365943027,-0.0800818516309959,-0.0800779500472148,-0.0800737750025191,-0.0800700235042047,-0.0800648842758996,-0.0800620770008593,-0.0800596764880615,-0.0800568949152965,-0.0800556565373678,-0.0800580269409805,-0.080060408977487,-0.0800652857295039,-0.0800689041727031,-0.0800699626082716,-0.0800704299543024,-0.0800735709235834,-0.0800771186799314,-0.0800772729228096,-0.0800745295873714,-0.0800729038015536,-0.080073046932655,-0.0800745196670815,-0.0800760643042934,-0.0800777292267925,-0.0800780671114111,-0.0800737199742257,-0.0800694143699966,-0.0800651158337203,-0.0800557269118704,-0.0800459050605914,-0.0800391167088644,-0.0800360271608391,-0.080033289828812,-0.080031859005587,-0.0800303155458706,-0.0800299208721923,-0.0800314909088943,-0.0800336491626668,-0.0800337223275485,-0.0800321574597792,-0.0800301457503495,-0.0800271578877416,-0.080023689523472,-0.0800225521177019,-0.080020989052127,-0.0800146194284905,-0.0800067064391005,-0.0799993011705301,-0.0799955018300741,-0.0799946505282231,-0.0799949645124703,-0.0799955024990829,-0.0799976792107187,-0.0799987418338395,-0.0799962149029079,-0.0799911074368938,-0.0799864730746313,-0.0799833281258133,-0.0799810644702691,-0.0799763429208594,-0.0799715830769614,-0.079967913597173,-0.079965539805992,-0.0799646668232197,-0.0799648065581834,-0.0799632712009515,-0.0799608574661467,-0.0799578261577738,-0.0799555117004861,-0.0799536150768584,-0.0799513037751288,-0.0799496874010398,-0.0799492790979976,-0.0799476769007364,-0.0799454667972015,-0.0799435055263598,-0.0799409944041429,-0.0799384334917853,-0.0799381019627226,-0.0799512753579555,-0.0799835027615026
NaN,NaN,NaN,NaN,NaN,NaN,NaN,NaN,NaN,NaN,NaN,NaN,NaN,NaN,NaN,NaN,NaN,NaN,NaN,NaN,NaN,NaN,NaN,NaN,NaN,NaN,NaN,NaN,NaN,NaN,NaN,NaN,NaN,NaN,NaN,NaN,NaN,NaN,NaN,NaN,NaN,NaN,NaN,NaN,NaN,NaN,NaN,NaN,NaN,NaN,NaN,NaN,NaN,NaN,NaN,NaN,NaN,NaN,NaN,NaN,NaN,NaN,NaN,NaN,NaN,NaN,NaN,NaN,NaN,NaN,NaN,NaN,NaN,NaN,NaN,NaN,NaN,NaN,NaN,NaN,NaN,NaN,NaN,NaN,NaN,NaN,NaN,NaN,NaN,NaN,NaN,NaN,NaN,NaN,NaN,NaN,NaN,NaN,NaN,NaN,NaN,NaN,NaN,NaN,NaN,NaN,NaN,NaN,NaN,NaN,NaN,NaN,NaN,NaN,NaN,NaN,NaN,NaN,NaN,NaN,NaN,NaN,NaN,NaN,NaN,-0.0830790271651473,-0.084154973656787,NaN,NaN,NaN,NaN,NaN,NaN,-0.0799056245680845,-0.0800971211377791,-0.080100152619888,-0.0800973629243426,-0.0801008192486414,-0.0801004021334466,-0.0801030858614198,-0.0801062244492379,-0.080109425855808,-0.0801096767312683,-0.0801095320602198,-0.0801074924921587,-0.0801024133577367,-0.0800962107926175,-0.0800894361353531,-0.0800833181507297,-0.0800767352052261,-0.0800695071683699,-0.0800652767677771,-0.0800637379187138,-0.0800627620368689,-0.0800632602337033,-0.0800680457887741,-0.0800722091021733,-0.0800743520906545,-0.0800780142700318,-0.0800826549584787,-0.0800825560049773,-0.0800783990118358,-0.0800722618402068,-0.0800726593510752,-0.0800775279260578,-0.0800744677364921,-0.0800691820012885,-0.0800643921122967,-0.0800602715305657,-0.0800565026716979,-0.0800517872219532,-0.0800457986907908,-0.0800499068188258,-0.0800516769413634,-0.0800513943307474,-0.0800526281634153,-0.0800549761996042,-0.0800580351630392,-0.0800574202709234,-0.0800580635097135,-0.0800626289920591,-0.0800644796461856,-0.0800647316758835,-0.0800622471184866,-0.0800620470552658,-0.0800640428133705,-0.0800671804451444,-0.0800695172939076,-0.080071532071334,-0.0800702522661701,-0.0800652413428768,-0.0800608944399862,-0.0800563838606015,-0.0800460771305579,-0.0800368115394672,-0.0800326236745852,-0.0800307171985209,-0.0800282123208143,-0.0800241128059812,-0.0800221139811471,-0.0800246194291463,-0.0800277719189785,-0.0800278467112414,-0.0800265994662811,-0.0800266884273598,-0.0800233310297335,-0.0800192388712998,-0.0800172446470159,-0.0800165317122145,-0.0800133293932179,-0.0800051559928951,-0.0799988323526506,-0.0799957749812183,-0.0799943786727076,-0.0799944995556581,-0.0799941209840274,-0.0799957015352084,-0.0799966133683473,-0.0799945796006629,-0.0799878357337285,-0.0799833251404166,-0.079981448649755,-0.0799776425349773,-0.0799745128644108,-0.0799717924672637,-0.0799680004843256,-0.0799652897254546,-0.079963440193895,-0.0799627205010404,-0.0799606789185933,-0.07995845327142,-0.0799559472261599,-0.0799531626654796,-0.0799509604717612,-0.0799492185169586,-0.0799480424511331,-0.0799478426799386,-0.0799465194978005,-0.0799444938901993,-0.0799429102369903,-0.0799407924196567,-0.0799380355423084,-0.079937964937119,-0.0799514658453345,-0.0799839948355767
NaN,NaN,NaN,NaN,NaN,NaN,NaN,NaN,NaN,NaN,NaN,NaN,NaN,NaN,NaN,NaN,NaN,NaN,NaN,NaN,NaN,NaN,NaN,NaN,NaN,NaN,NaN,NaN,NaN,NaN,NaN,NaN,NaN,NaN,NaN,NaN,NaN,NaN,NaN,NaN,NaN,NaN,NaN,NaN,NaN,NaN,NaN,NaN,NaN,NaN,NaN,NaN,NaN,NaN,NaN,NaN,NaN,NaN,NaN,NaN,NaN,NaN,NaN,NaN,NaN,NaN,NaN,NaN,NaN,NaN,NaN,NaN,NaN,NaN,NaN,NaN,NaN,NaN,NaN,NaN,NaN,NaN,NaN,NaN,NaN,NaN,NaN,NaN,NaN,NaN,NaN,NaN,NaN,NaN,NaN,NaN,NaN,NaN,NaN,NaN,NaN,NaN,NaN,NaN,NaN,NaN,NaN,NaN,NaN,NaN,NaN,NaN,NaN,NaN,NaN,NaN,NaN,NaN,NaN,NaN,NaN,NaN,NaN,NaN,NaN,NaN,NaN,NaN,NaN,NaN,NaN,NaN,NaN,NaN,NaN,NaN,-0.0801005825384083,-0.0801044617415109,-0.0801030479265476,-0.0801045643084846,-0.0801069666294859,-0.0801084061690694,-0.0801093125442343,-0.0801083284962089,-0.0801065566023038,-0.0801021275390133,-0.080096398491099,-0.0800905981153953,-0.0800855673764351,-0.0800806291859156,-0.0800750476240287,-0.0800675314049022,-0.0800641455613217,-0.0800629298059663,-0.0800617684894153,-0.0800642154467716,-0.0800679047004325,-0.0800700928432842,-0.0800729573855345,-0.0800770009046615,-0.0800773164972597,-0.0800718628106708,-0.0800660328045363,-0.0800702784792255,-0.0800731449585946,-0.0800699486600241,-0.0800640045988387,-0.0800599107954525,-0.0800584556585002,-0.0800573634052945,-0.0800466919979766,-0.0800400318068528,-0.0800454514288462,-0.0800430604256667,-0.080038411728681,-0.0800345507798514,-0.0800377838996383,-0.0800438989829163,-0.0800454730127443,-0.0800454891384098,-0.0800473813273854,-0.0800502585272935,-0.0800520075171121,-0.0800520353504074,-0.0800519578013345,-0.0800535561129341,-0.080057318090178,-0.080061218309053,-0.0800635644581271,-0.0800648641139473,-0.0800621421675139,-0.0800564218487295,-0.0800521841995057,-0.0800453534498359,-0.080035794343218,-0.0800290040281653,-0.0800256559187994,-0.0800262030992178,-0.080024129325632,-0.0800218614426847,-0.080021575089233,-0.0800227021944182,-0.080022320142883,-0.0800188860892985,-0.0800194791629016,-0.0800184171806961,-0.0800143500715824,-0.0800143763934254,-0.0800121469909763,-0.0800049667370707,-0.0800013168563021,-0.0799998833189296,-0.0799965823407852,-0.0799947341496074,-0.0799946538485339,-0.0799947620405523,-0.0799948856491497,-0.0799920360821681,-0.0799871066679934,-0.0799830510913244,-0.0799799516389188,-0.07997876868615,-0.0799755506847492,-0.0799724541297854,-0.0799706282436426,-0.0799664064469066,-0.0799635403218455,-0.0799624488217465,-0.0799607953462184,-0.0799584918714988,-0.0799561683948429,-0.0799535763757964,-0.0799508635447007,-0.0799488217771772,-0.0799474658140237,-0.0799468439454581,-0.079946373752987,-0.0799447045810397,-0.0799435081769668,-0.0799422274613456,-0.079940135020767,-0.0799379688939386,-0.0799380795140586,-0.0799515439631169,-0.0799843899926197
NaN,NaN,NaN,NaN,NaN,NaN,NaN,NaN,NaN,NaN,NaN,NaN,NaN,NaN,NaN,NaN,NaN,NaN,NaN,NaN,NaN,NaN,NaN,NaN,NaN,NaN,NaN,NaN,NaN,NaN,NaN,NaN,NaN,NaN,NaN,NaN,NaN,NaN,NaN,NaN,NaN,NaN,NaN,NaN,NaN,NaN,NaN,NaN,NaN,NaN,NaN,NaN,NaN,NaN,NaN,NaN,NaN,NaN,NaN,NaN,NaN,NaN,NaN,NaN,NaN,NaN,NaN,NaN,NaN,NaN,NaN,NaN,NaN,NaN,NaN,NaN,NaN,NaN,NaN,NaN,NaN,NaN,NaN,NaN,NaN,NaN,NaN,NaN,NaN,NaN,NaN,NaN,NaN,NaN,NaN,NaN,NaN,NaN,NaN,NaN,NaN,NaN,NaN,NaN,NaN,NaN,NaN,NaN,NaN,NaN,NaN,NaN,NaN,NaN,NaN,NaN,NaN,NaN,NaN,NaN,NaN,NaN,NaN,NaN,NaN,NaN,NaN,NaN,NaN,NaN,NaN,NaN,NaN,NaN,NaN,NaN,-0.0795650354332847,-0.0796632451478145,-0.0801088367188883,-0.0801086891905351,-0.0801082462849259,-0.0801080850163847,-0.0801066126790868,-0.0801063114846764,-0.0801054558818079,-0.0801022381047301,-0.0800977811139526,-0.0800918042967374,-0.0800862021578784,-0.0800823974579223,-0.0800784438872758,-0.0800721506412044,-0.0800657431164707,-0.0800612477843991,-0.0800625570366171,-0.0800623171881207,-0.0800631280874034,-0.0800653926640637,-0.0800660054606699,-0.0800700132866832,-0.0800695346175287,-0.0800656402000045,-0.0800658676186631,-0.0800697331822782,-0.0800694774087645,-0.0800656562959242,-0.0800589549727884,-0.0800543747084654,-0.0800549403170767,-0.0800508946230506,-0.080035402172287,-0.080036754441718,-0.0800366240067151,-0.0800294897222678,-0.0800238216609157,-0.0800255740885805,-0.0800321756779026,-0.0800345555617216,-0.0800357884603412,-0.0800357842694943,-0.0800362783647231,-0.0800397471776985,-0.0800414089472153,-0.0800428522327485,-0.0800443541074775,-0.0800450623282227,-0.080048365829664,-0.0800527660692762,-0.0800557189178018,-0.0800587442374787,-0.0800577091811961,-0.0800530786750526,-0.0800468116063386,-0.0800407866333387,-0.0800327997644733,-0.0800244013817855,-0.0800191293191283,-0.0800198672860005,-0.0800197988594998,-0.0800188520425499,-0.0800186310655678,-0.0800203137718074,-0.08001949286987,-0.0800169628601713,-0.0800157531239079,-0.0800138222374504,-0.0800113913730262,-0.0800082896800555,-0.0800024925585154,-0.0799974448439576,-0.0799987168997409,-0.0800007369580963,-0.0799964858313957,-0.0799962402504918,-0.0799955077689325,-0.0799928836274348,-0.0799898096854917,-0.0799853807291715,-0.0799812322968123,-0.0799792652374129,-0.0799777555168052,-0.0799762091381952,-0.0799740255102209,-0.0799708976233439,-0.0799685330793487,-0.0799650204917262,-0.079961835340695,-0.0799602675143595,-0.079958711606198,-0.0799559646563579,-0.0799532895671063,-0.0799511268226996,-0.0799490463024758,-0.0799471727047862,-0.0799459756475297,-0.0799449229879942,-0.0799441185861346,-0.0799426168544315,-0.079941633902389,-0.0799406842722397,-0.0799393134083643,-0.0799375800164075,-0.0799379414461453,-0.0799512837941768,-0.0799844500011784
NaN,NaN,NaN,NaN,NaN,NaN,NaN,NaN,NaN,NaN,NaN,NaN,NaN,NaN,NaN,NaN,NaN,NaN,NaN,NaN,NaN,NaN,NaN,NaN,NaN,NaN,NaN,NaN,NaN,NaN,NaN,NaN,NaN,NaN,NaN,NaN,NaN,NaN,NaN,NaN,NaN,NaN,NaN,NaN,NaN,NaN,NaN,NaN,NaN,NaN,NaN,NaN,NaN,NaN,NaN,NaN,NaN,NaN,NaN,NaN,NaN,NaN,NaN,NaN,NaN,NaN,NaN,NaN,NaN,NaN,NaN,NaN,NaN,NaN,NaN,NaN,NaN,NaN,NaN,NaN,NaN,NaN,NaN,NaN,NaN,NaN,NaN,NaN,NaN,NaN,NaN,NaN,NaN,NaN,NaN,NaN,NaN,NaN,NaN,NaN,NaN,NaN,NaN,NaN,NaN,NaN,NaN,NaN,NaN,NaN,NaN,NaN,NaN,NaN,NaN,NaN,NaN,NaN,NaN,NaN,NaN,NaN,NaN,NaN,NaN,NaN,NaN,NaN,NaN,NaN,NaN,NaN,NaN,NaN,NaN,NaN,NaN,-0.0844146351824446,-0.0796733869647671,-0.0798740449531768,-0.0801108804453926,-0.080109217726953,-0.0801069563631084,-0.0801039103064359,-0.0801028593351878,-0.0801007027420033,-0.0800978742720489,-0.080093828475876,-0.0800879068593647,-0.0800843599111388,-0.0800820692011755,-0.080077776138615,-0.0800707317169551,-0.0800631602518231,-0.0800605955973225,-0.0800620314559295,-0.0800582539763313,-0.0800572922657642,-0.0800588385625262,-0.0800643014264038,-0.080063952267475,-0.0800618079889771,-0.0800647661043312,-0.0800674675469863,-0.0800647259352405,-0.0800626652325973,-0.0800553360410554,-0.0800471736261284,-0.0800433563787602,-0.0800320499870955,-0.0800284516296459,-0.0800362163675885,-0.0800302696057856,-0.0800233108813595,-0.0800225875571384,-0.0800291553255039,-0.0800322622378461,-0.0800291844602283,-0.0800288272736859,-0.0800293318609989,-0.0800295774741511,-0.0800325370228172,-0.080035792885905,-0.0800370118516307,-0.0800389121771588,-0.0800404218863037,-0.0800423378320309,-0.0800461459744535,-0.0800492229726883,-0.0800525440359767,-0.0800529942189104,-0.0800491178121276,-0.0800413943099248,-0.080035263115939,-0.0800268033100117,-0.0800173728545232,-0.0800132771434601,-0.0800142720134851,-0.0800142920397618,-0.080012026056405,-0.0800116815528879,-0.0800131912461911,-0.0800136441992949,-0.0800158400449624,-0.0800146307225538,-0.0800096732122501,-0.0800057607779483,-0.0800021213006035,-0.0799984571448295,-0.0799968587161724,-0.0799959459668688,-0.0799953965491552,-0.079997630145951,-0.0799973734877952,-0.079994130371597,-0.0799870046863777,-0.0799818202696772,-0.0799792224025239,-0.0799771026156174,-0.0799761868240131,-0.0799764141818136,-0.0799754615688991,-0.0799725760939131,-0.0799689192131529,-0.0799662806943431,-0.0799635417549905,-0.0799611193290043,-0.0799589251560266,-0.0799563837721814,-0.0799532566099562,-0.0799511826706411,-0.0799492168678228,-0.0799470559506943,-0.0799449951798065,-0.079943283530768,-0.0799420343965632,-0.0799414847267867,-0.0799406220119032,-0.0799395855506767,-0.0799387538619823,-0.0799378496901785,-0.079936632155176,-0.0799371297351668,-0.0799503429689682,-0.0799838354773039
NaN,NaN,NaN,NaN,NaN,NaN,NaN,NaN,NaN,NaN,NaN,NaN,NaN,NaN,NaN,NaN,NaN,NaN,NaN,NaN,NaN,NaN,NaN,NaN,NaN,NaN,NaN,NaN,NaN,NaN,NaN,NaN,NaN,NaN,NaN,NaN,NaN,NaN,NaN,NaN,NaN,NaN,NaN,NaN,NaN,NaN,NaN,NaN,NaN,NaN,NaN,NaN,NaN,NaN,NaN,NaN,NaN,NaN,NaN,NaN,NaN,NaN,NaN,NaN,NaN,NaN,NaN,NaN,NaN,NaN,NaN,NaN,NaN,NaN,NaN,NaN,NaN,NaN,NaN,NaN,NaN,NaN,NaN,NaN,NaN,NaN,NaN,NaN,NaN,NaN,NaN,NaN,NaN,NaN,NaN,NaN,NaN,NaN,NaN,NaN,NaN,NaN,NaN,NaN,NaN,NaN,NaN,NaN,NaN,NaN,NaN,NaN,NaN,NaN,NaN,NaN,NaN,NaN,NaN,NaN,NaN,NaN,NaN,NaN,NaN,NaN,NaN,NaN,NaN,NaN,NaN,NaN,NaN,NaN,NaN,NaN,NaN,NaN,-0.0844288716341188,-0.0801838999723096,-0.0795571523740977,-0.0801144935622471,-0.0801086064269209,-0.0801042217727568,-0.0801001167508174,-0.0800986239988482,-0.0800978159877152,-0.0800966513025234,-0.0800922401643223,-0.0800889979745322,-0.0800867400065778,-0.080082600129084,-0.0800757965999598,-0.0800670768789737,-0.0800604562312128,-0.080058006735322,-0.080054086747404,-0.0800492437596848,-0.0800506310299383,-0.0800593494871203,-0.0800611027916222,-0.0800558036448882,-0.0800591718499067,-0.0800628551437998,-0.0800604100342807,-0.0800564096577627,-0.0800468617621095,-0.0800358542194669,-0.080030237963064,-0.0800265982832314,-0.0800327048848601,-0.0800345705257672,-0.0800284419865203,-0.0800266999404579,-0.0800338041018733,-0.0800373470313563,-0.0800345250545749,-0.0800294583895975,-0.0800264509578347,-0.0800257890095543,-0.0800260478930802,-0.0800267406750465,-0.0800317817453561,-0.0800355880263894,-0.0800385129780416,-0.0800403397218967,-0.0800405741205049,-0.0800414793744042,-0.0800430673048684,-0.0800450053609403,-0.0800476165685177,-0.0800441029555868,-0.0800368057124008,-0.0800285046801111,-0.080023451968665,-0.0800151466667105,-0.0800058227400178,-0.080006490030543,-0.0800083637021147,-0.0800059895392738,-0.0800044196406553,-0.0800045344642046,-0.0800080883214798,-0.0800112054860859,-0.0800087687450353,-0.0800058645774559,-0.0800030485851962,-0.080000349797079,-0.0799954909203642,-0.0799943259175195,-0.079994747657095,-0.0799936823811846,-0.0799950751268153,-0.0799934408780822,-0.0799881380538409,-0.0799817877455329,-0.0799794370484994,-0.0799760888848498,-0.079974562570832,-0.0799754501349157,-0.0799739150131773,-0.0799725346488928,-0.0799711843529964,-0.0799675266739113,-0.0799652319703019,-0.0799630811634091,-0.0799600730635144,-0.0799570000958723,-0.0799538450172502,-0.0799504139821429,-0.0799482455434829,-0.0799465554599238,-0.0799447505664344,-0.0799427252475755,-0.0799407095368341,-0.0799387336782401,-0.0799383160265742,-0.0799383363259411,-0.0799376472780613,-0.0799365083676795,-0.0799356058513882,-0.0799351535819322,-0.079936481349701,-0.0799491744462426,-0.079982996924575
NaN,NaN,NaN,NaN,NaN,NaN,NaN,NaN,NaN,NaN,NaN,NaN,NaN,NaN,NaN,NaN,NaN,NaN,NaN,NaN,NaN,NaN,NaN,NaN,NaN,NaN,NaN,NaN,NaN,NaN,NaN,NaN,NaN,NaN,NaN,NaN,NaN,NaN,NaN,NaN,NaN,NaN,NaN,NaN,NaN,NaN,NaN,NaN,NaN,NaN,NaN,NaN,NaN,NaN,NaN,NaN,NaN,NaN,NaN,NaN,NaN,NaN,NaN,NaN,NaN,NaN,NaN,NaN,NaN,NaN,NaN,NaN,NaN,NaN,NaN,NaN,NaN,NaN,NaN,NaN,NaN,NaN,NaN,NaN,NaN,NaN,NaN,NaN,NaN,NaN,NaN,NaN,NaN,NaN,NaN,NaN,NaN,NaN,NaN,NaN,NaN,NaN,NaN,NaN,NaN,NaN,NaN,NaN,NaN,NaN,NaN,NaN,NaN,NaN,NaN,NaN,NaN,NaN,NaN,NaN,NaN,NaN,NaN,NaN,NaN,NaN,NaN,NaN,NaN,NaN,NaN,NaN,NaN,NaN,NaN,NaN,NaN,NaN,NaN,-0.0854490075422924,-0.0797658072938513,-0.0797878451632997,-0.0801099211905522,-0.080104747662679,-0.0801011269265991,-0.0800975212996197,-0.0800954020331253,-0.0800971656648293,-0.0800992419975743,-0.0800925883070251,-0.0800877413103156,-0.0800811209653999,-0.080073738711772,-0.0800660737019869,-0.0800604991437138,-0.080053209771437,-0.0800475960256574,-0.0800441457956151,-0.0800453290335187,-0.0800552202695268,-0.0800511824651008,-0.0800462561419988,-0.0800555754689002,-0.0800583778002622,-0.0800499643755092,-0.0800406989096834,-0.080031753910119,-0.0800263596975378,-0.080031942562926,-0.0800348055957689,-0.0800362650101357,-0.0800335109015222,-0.0800333169457292,-0.0800429631117914,-0.0800478534422344,-0.0800462001127046,-0.080039107949714,-0.0800332690200525,-0.0800307998246151,-0.0800288804530613,-0.0800277161406251,-0.0800276390612506,-0.0800327180103706,-0.080040311816254,-0.0800435341870046,-0.080043763236834,-0.0800435296621438,-0.0800423152726625,-0.080041330059345,-0.0800384981527211,-0.0800372307446349,-0.080037058636179,-0.0800327367279358,-0.0800240818498556,-0.0800160879438279,-0.0800136296232385,-0.0800067124029119,-0.0800022588907225,-0.0800004894915938,-0.08000075108942,-0.0799979814661093,-0.0799985668538991,-0.0800033360446287,-0.0800032999817215,-0.0800010676377302,-0.0800000630632268,-0.0800001510966609,-0.0799978014415043,-0.0799944453931257,-0.0799922394729941,-0.0799925140786267,-0.0799941197243017,-0.0799941302112454,-0.0799902960383549,-0.0799842722528308,-0.0799819254732514,-0.0799793252097214,-0.0799752330328488,-0.079973624368153,-0.079973991789354,-0.0799721223356698,-0.0799705813430913,-0.0799696952616526,-0.0799662392205262,-0.0799635425112395,-0.0799607286222586,-0.0799579799519471,-0.0799546392931546,-0.0799513296545311,-0.079947678986238,-0.079944405553812,-0.0799426250336766,-0.0799411783779397,-0.0799399345595582,-0.0799378578226362,-0.0799356149865376,-0.0799346297522414,-0.0799348661733259,-0.0799346710734964,-0.079934029043172,-0.0799331456259261,-0.0799326507428882,-0.0799346239214213,-0.079948056261812,-0.0799822124801396
NaN,NaN,NaN,NaN,NaN,NaN,NaN,NaN,NaN,NaN,NaN,NaN,NaN,NaN,NaN,NaN,NaN,NaN,NaN,NaN,NaN,NaN,NaN,NaN,NaN,NaN,NaN,NaN,NaN,NaN,NaN,NaN,NaN,NaN,NaN,NaN,NaN,NaN,NaN,NaN,NaN,NaN,NaN,NaN,NaN,NaN,NaN,NaN,NaN,NaN,NaN,NaN,NaN,NaN,NaN,NaN,NaN,NaN,NaN,NaN,NaN,NaN,NaN,NaN,NaN,NaN,NaN,NaN,NaN,NaN,NaN,NaN,NaN,NaN,NaN,NaN,NaN,NaN,NaN,NaN,NaN,NaN,NaN,NaN,NaN,NaN,NaN,NaN,NaN,NaN,NaN,NaN,NaN,NaN,NaN,NaN,NaN,NaN,NaN,NaN,NaN,NaN,NaN,NaN,NaN,NaN,NaN,NaN,NaN,NaN,NaN,NaN,NaN,NaN,NaN,NaN,NaN,NaN,NaN,NaN,NaN,NaN,NaN,NaN,NaN,NaN,NaN,NaN,NaN,NaN,NaN,NaN,NaN,NaN,NaN,NaN,NaN,NaN,NaN,NaN,-0.0854523720400586,-0.0837991392585425,-0.0795230257822877,-0.0801045571738119,-0.080102008032392,-0.080098383490265,-0.0800958471632823,-0.0800982643281844,-0.0801009613454815,-0.0800975715639486,-0.0800881468979828,-0.0800802273820766,-0.0800662061385158,-0.0800594111575245,-0.0800538050268191,-0.0800490167714294,-0.0800431387897346,-0.0800369529591109,-0.0800391725004638,-0.0800430965643178,-0.0800433665646904,-0.0800423890391221,-0.080048095787168,-0.080046123736989,-0.0800344017180687,-0.0800268662905662,-0.0800281416436981,-0.0800318669331678,-0.0800364058075769,-0.0800339326022486,-0.0800330158765799,-0.080038118848074,-0.0800453364682963,-0.0800531738073226,-0.0800518202301631,-0.0800477839345832,-0.0800430677585996,-0.080038411328538,-0.0800367404348636,-0.0800365127894754,-0.0800375289474977,-0.0800385047599845,-0.0800395355849414,-0.080044987680672,-0.0800484383811649,-0.0800494994998332,-0.0800478203535807,-0.0800451966040261,-0.0800438206503494,-0.0800402702631895,-0.0800342415588376,-0.0800321748170736,-0.0800305120036888,-0.0800243278865674,-0.0800139080041762,-0.0800082512233837,-0.0800041285916712,-0.07999910569205,-0.0799987725076245,-0.0799975557723414,-0.0799941586281976,-0.0799944383170298,-0.0799989955801878,-0.0799968623946216,-0.0799935054135808,-0.0799946085523001,-0.0799977195035367,-0.0799958030583541,-0.0799918891401905,-0.0799900924114722,-0.0799900663731036,-0.0799934794805291,-0.079993204142133,-0.0799895284605302,-0.0799848122020406,-0.0799796585033827,-0.0799774434529689,-0.0799781753946048,-0.0799759811951541,-0.0799729178727102,-0.0799692801878571,-0.079967327365527,-0.0799669495705266,-0.0799645499842189,-0.0799601518791785,-0.0799565913020237,-0.0799546608351757,-0.0799513825811084,-0.079947147607302,-0.0799431141662372,-0.079939253997997,-0.0799379663808064,-0.0799374941772086,-0.0799370853240344,-0.0799351151069002,-0.0799321690474264,-0.0799305848360195,-0.0799307124258411,-0.0799310709733782,-0.0799304281143498,-0.0799294142290123,-0.0799283798385643,-0.0799298024176219,-0.0799431055168836,-0.0799774527911408
NaN,NaN,NaN,NaN,NaN,NaN,NaN,NaN,NaN,NaN,NaN,NaN,NaN,NaN,NaN,NaN,NaN,NaN,NaN,NaN,NaN,NaN,NaN,NaN,NaN,NaN,NaN,NaN,NaN,NaN,NaN,NaN,NaN,NaN,NaN,NaN,NaN,NaN,NaN,NaN,NaN,NaN,NaN,NaN,NaN,NaN,NaN,NaN,NaN,NaN,NaN,NaN,NaN,NaN,NaN,NaN,NaN,NaN,NaN,NaN,NaN,NaN,NaN,NaN,NaN,NaN,NaN,NaN,NaN,NaN,NaN,NaN,NaN,NaN,NaN,NaN,NaN,NaN,NaN,NaN,NaN,NaN,NaN,NaN,NaN,NaN,NaN,NaN,NaN,NaN,NaN,NaN,NaN,NaN,NaN,NaN,NaN,NaN,NaN,NaN,NaN,NaN,NaN,NaN,NaN,NaN,NaN,NaN,NaN,NaN,NaN,NaN,NaN,NaN,NaN,NaN,NaN,NaN,NaN,NaN,NaN,NaN,NaN,NaN,NaN,NaN,NaN,NaN,NaN,NaN,NaN,NaN,NaN,NaN,NaN,NaN,NaN,NaN,NaN,NaN,NaN,NaN,-0.0849907249749877,-0.0797462265322488,-0.0800417827859866,-0.0801030591938866,-0.0800992254330896,-0.0800978675954626,-0.0801003387349194,-0.0801000068231077,-0.0800936578705815,-0.0800808442283899,-0.080059011237032,-0.0800497681837035,-0.0800475317086099,-0.0800461270759368,-0.0800433059344096,-0.0800351775517805,-0.0800341930518041,-0.0800333376113461,-0.0800335648088328,-0.0800319324013486,-0.0800305735848373,-0.0800303146068354,-0.08002682301653,-0.0800254788926198,-0.0800317963972714,-0.0800331604159231,-0.0800294092143951,-0.0800255475498711,-0.0800282888010521,-0.0800366038588353,-0.0800461758309143,-0.0800492117480605,-0.0800503758313537,-0.0800513400899219,-0.0800489604888315,-0.0800441350356015,-0.0800428138562551,-0.0800447732386262,-0.0800452459255176,-0.0800488522217601,-0.0800485219244801,-0.0800481195932715,-0.0800531505989021,-0.0800535047828886,-0.0800514026952494,-0.0800477201738117,-0.0800434970039814,-0.0800414349285701,-0.0800360897659073,-0.08003083432489,-0.080028751684192,-0.0800222421341095,-0.080017818926414,-0.0800139484213199,-0.0800053042098279,-0.079996826134302,-0.0799978525369374,-0.0799969258357102,-0.0799920777150811,-0.0799938185850191,-0.0799945666804028,-0.0799913686049545,-0.079988397440074,-0.0799903471874105,-0.0799914157710066,-0.0799891885234047,-0.079987552684726,-0.0799874191016086,-0.0799896092332175,-0.0799933054496577,-0.0799934770582837,-0.0799870627400378,-0.0799827569521157,-0.0799790453829735,-0.0799777983470919,-0.0799793068687397,-0.0799774565794728,-0.0799712964654705,-0.0799643644404583,-0.079963505377702,-0.0799628945717749,-0.0799611615125487,-0.0799577212768656,-0.0799526667060181,-0.0799494272534973,-0.0799454893784671,-0.0799412834275201,-0.0799375499977575,-0.0799349817002084,-0.079933653132006,-0.0799331448920243,-0.0799327237865915,-0.0799307137752027,-0.0799280288972787,-0.079926306658571,-0.0799263306421958,-0.0799268425880654,-0.0799260526694535,-0.0799247932571212,-0.0799233416628709,-0.0799237849241991,-0.0799370019215399,-0.0799715467717056
NaN,NaN,NaN,NaN,NaN,NaN,NaN,NaN,NaN,NaN,NaN,NaN,NaN,NaN,NaN,NaN,NaN,NaN,NaN,NaN,NaN,NaN,NaN,NaN,NaN,NaN,NaN,NaN,NaN,NaN,NaN,NaN,NaN,NaN,NaN,NaN,NaN,NaN,NaN,NaN,NaN,NaN,NaN,NaN,NaN,NaN,NaN,NaN,NaN,NaN,NaN,NaN,NaN,NaN,NaN,NaN,NaN,NaN,NaN,NaN,NaN,NaN,NaN,NaN,NaN,NaN,NaN,NaN,NaN,NaN,NaN,NaN,NaN,NaN,NaN,NaN,NaN,NaN,NaN,NaN,NaN,NaN,NaN,NaN,NaN,NaN,NaN,NaN,NaN,NaN,NaN,NaN,NaN,NaN,NaN,NaN,NaN,NaN,NaN,NaN,NaN,NaN,NaN,NaN,NaN,NaN,NaN,NaN,NaN,NaN,NaN,NaN,NaN,NaN,NaN,NaN,NaN,NaN,NaN,NaN,NaN,NaN,NaN,NaN,NaN,NaN,NaN,NaN,NaN,NaN,NaN,NaN,NaN,NaN,NaN,NaN,NaN,NaN,NaN,NaN,NaN,NaN,NaN,-0.0854492156069413,-0.0813391758431958,-0.0797157337860715,-0.0800969754178834,-0.0800991063867489,-0.0800996458049819,-0.0801019193920587,-0.080097546122997,-0.0798469151460662,-0.0798070928184453,-0.08004282337858,-0.080039941436498,-0.0800455546503856,-0.0800476093849902,-0.0800416916632575,-0.0800365131488681,-0.0800279241572677,-0.0800210603305836,-0.08001724212024,-0.08001680138687,-0.0800248907958346,-0.0800235447839042,-0.0800197040068182,-0.0800229264762403,-0.0800253164128256,-0.0800217600598555,-0.0800227772241886,-0.080026023860028,-0.0800312456135665,-0.08004066529447,-0.0800455827848506,-0.0800520161905081,-0.0800548473683218,-0.0800514197052137,-0.0800477018826494,-0.0800470875719329,-0.0800493005299301,-0.0800494153195962,-0.0800529452887812,-0.0800534817963723,-0.0800540106344843,-0.0800570204026317,-0.0800565604260595,-0.0800535760757118,-0.0800490534424383,-0.0800457273463396,-0.0800432205418862,-0.0800406967720775,-0.0800358805674344,-0.0800321507287395,-0.0800243699179422,-0.0800191083300171,-0.0800182558063827,-0.080009119159699,-0.079998662713801,-0.0799962128010207,-0.0799941127897522,-0.0799906296159646,-0.0799925393885352,-0.0799919442905294,-0.0799890479353119,-0.0799873248917135,-0.07998953498988,-0.0799841051034977,-0.079979908973175,-0.079982157568912,-0.0799838813843756,-0.0799878455341273,-0.0799935497392876,-0.0799933189841151,-0.0799844096169653,-0.0799814324564167,-0.0799804087595804,-0.0799785838381641,-0.0799771198018273,-0.0799728798466307,-0.079966219279824,-0.0799611419853855,-0.0799585879914223,-0.0799579564544954,-0.0799561049284993,-0.0799527818504284,-0.0799487554844032,-0.079944099229817,-0.0799398538464185,-0.0799356800754378,-0.0799323724489473,-0.0799311281842329,-0.0799298245702771,-0.0799282545445099,-0.0799272571745178,-0.0799256593930927,-0.0799232356420102,-0.0799219317055396,-0.0799217927937923,-0.0799220717436619,-0.0799208351037118,-0.0799191459803786,-0.0799174715532122,-0.0799173235202361,-0.0799299608765316,-0.0799647095257354
NaN,NaN,NaN,NaN,NaN,NaN,NaN,NaN,NaN,NaN,NaN,NaN,NaN,NaN,NaN,NaN,NaN,NaN,NaN,NaN,NaN,NaN,NaN,NaN,NaN,NaN,NaN,NaN,NaN,NaN,NaN,NaN,NaN,NaN,NaN,NaN,NaN,NaN,NaN,NaN,NaN,NaN,NaN,NaN,NaN,NaN,NaN,NaN,NaN,NaN,NaN,NaN,NaN,NaN,NaN,NaN,NaN,NaN,NaN,NaN,NaN,NaN,NaN,NaN,NaN,NaN,NaN,NaN,NaN,NaN,NaN,NaN,NaN,NaN,NaN,NaN,NaN,NaN,NaN,NaN,NaN,NaN,NaN,NaN,NaN,NaN,NaN,NaN,NaN,NaN,NaN,NaN,NaN,NaN,NaN,NaN,NaN,NaN,NaN,NaN,NaN,NaN,NaN,NaN,NaN,NaN,NaN,NaN,NaN,NaN,NaN,NaN,NaN,NaN,NaN,NaN,NaN,NaN,NaN,NaN,NaN,NaN,NaN,NaN,NaN,NaN,NaN,NaN,NaN,NaN,NaN,NaN,NaN,NaN,NaN,NaN,NaN,NaN,NaN,NaN,NaN,NaN,NaN,NaN,NaN,-0.084251668341028,-0.0799823624658393,-0.0798112984572109,-0.0799306801932165,-0.0800408649131731,-0.0799577294358256,NaN,NaN,NaN,-0.0800300808287261,-0.0800399143698857,-0.0800462364430145,-0.0800450414765265,-0.0800272610245396,-0.0800244096378414,-0.0800099353497246,-0.0800098055722449,-0.0800123600946882,-0.0800196461226293,-0.0800129017376305,-0.0800114616605915,-0.0800143677178762,-0.0800154997600364,-0.0800162112850899,-0.0800183468206397,-0.0800227453257173,-0.080026156174503,-0.0800354166142399,-0.0800438513202306,-0.08004963626157,-0.0800536928909741,-0.0800492580570513,-0.0800458979366115,-0.0800482155965177,-0.0800517806334875,-0.0800561140297447,-0.0800593084924002,-0.0800588973708847,-0.0800589127024917,-0.080061805953443,-0.0800597003971356,-0.0800566051262924,-0.0800505287970975,-0.0800459751521304,-0.0800424089636749,-0.0800402157617741,-0.0800409465407345,-0.0800392431083242,-0.0800335571179365,-0.0800282469608734,-0.080025966288493,-0.0800159017202304,-0.0800056747771146,-0.0800007810496654,-0.0799982616207126,-0.0799944913375746,-0.0799922294780573,-0.0799922815285111,-0.0799895920921981,-0.0799854250342507,-0.0799860176941294,-0.0799820462336777,-0.0799781094436009,-0.0799785879510216,-0.0799828942162693,-0.0799890916606688,-0.0799946762698199,-0.0799913015986263,-0.0799826955238916,-0.0799782402159378,-0.07997841173428,-0.0799795998595524,-0.0799793913633347,-0.0799690167963816,-0.0799598113517314,-0.0799554985579574,-0.0799536615400126,-0.0799517972472321,-0.0799493416987893,-0.0799479852892468,-0.0799443634457008,-0.0799394132073109,-0.079935086528559,-0.0799310066822519,-0.0799284830718651,-0.0799271887283425,-0.079925841578948,-0.0799238269311298,-0.0799221169574908,-0.0799206625459832,-0.0799185943553083,-0.0799173832423097,-0.0799170893948182,-0.0799164318721541,-0.079914822903863,-0.0799130831377117,-0.0799114609264875,-0.0799107428596035,-0.0799228707742725,-0.079957827850104
NaN,NaN,NaN,NaN,NaN,NaN,NaN,NaN,NaN,NaN,NaN,NaN,NaN,NaN,NaN,NaN,NaN,NaN,NaN,NaN,NaN,NaN,NaN,NaN,NaN,NaN,NaN,NaN,NaN,NaN,NaN,NaN,NaN,NaN,NaN,NaN,NaN,NaN,NaN,NaN,NaN,NaN,NaN,NaN,NaN,NaN,NaN,NaN,NaN,NaN,NaN,NaN,NaN,NaN,NaN,NaN,NaN,NaN,NaN,NaN,NaN,NaN,NaN,NaN,NaN,NaN,NaN,NaN,NaN,NaN,NaN,NaN,NaN,NaN,NaN,NaN,NaN,NaN,NaN,NaN,NaN,NaN,NaN,NaN,NaN,NaN,NaN,NaN,NaN,NaN,NaN,NaN,NaN,NaN,NaN,NaN,NaN,NaN,NaN,NaN,NaN,NaN,NaN,NaN,NaN,NaN,NaN,NaN,NaN,NaN,NaN,NaN,NaN,NaN,NaN,NaN,NaN,NaN,NaN,NaN,NaN,NaN,NaN,NaN,NaN,NaN,NaN,NaN,NaN,NaN,NaN,NaN,NaN,NaN,NaN,NaN,NaN,NaN,NaN,NaN,NaN,NaN,NaN,NaN,NaN,NaN,NaN,NaN,NaN,NaN,NaN,NaN,NaN,NaN,NaN,NaN,-0.0800410856484189,-0.0800360875676548,NaN,NaN,-0.0799698166260725,-0.0800090477929362,-0.0800114513049417,-0.0800101340925174,-0.0799996358105281,-0.0800021288625204,-0.0800047428905221,-0.0800037447596235,-0.0800076844892448,-0.080011973179249,-0.0800141166677877,-0.080018906688295,-0.0800284604926975,-0.0800405629768688,-0.0800467823118312,-0.0800470634447412,-0.08004326141363,-0.0800440654216512,-0.0800521945451896,-0.0800583515871656,-0.0800661801168996,-0.0800703787435393,-0.0800717753057124,-0.0800696508130357,-0.080070020137615,-0.0800681760067959,-0.0800641292589186,-0.0800560535050269,-0.0800464052276857,-0.0800407269213798,-0.0800354271692993,-0.0800369939158938,-0.0800384037314156,-0.0800368413243265,-0.0800347215222039,-0.0800304088820717,-0.0800239384922599,-0.0800169005804564,-0.0800055784487435,-0.0800050709809126,-0.0800018312706885,-0.0799942670026522,-0.0799908502177616,-0.0799898128194862,-0.079986912838021,-0.0799845822679627,-0.0799809436250728,-0.0799777464436558,-0.0799780444545307,-0.0799819609148628,-0.0799868764176321,-0.0799917478614112,-0.0799897729948982,-0.0799808093388679,-0.0799746485891136,-0.0799783313445006,-0.0799867376477094,-0.0799804945629445,-0.0799622990503238,-0.0799534614524569,-0.0799500150675932,-0.0799478251616492,-0.0799454649038248,-0.0799429237730455,-0.0799409865509204,-0.0799390667742055,-0.0799358382791561,-0.0799321752177159,-0.0799288585857269,-0.0799265863612751,-0.0799247827206577,-0.0799219906179619,-0.0799192245508229,-0.0799171097694935,-0.0799155635767897,-0.0799137309969887,-0.079912334556632,-0.0799121443893764,-0.0799111376379765,-0.079909286957013,-0.0799075303067196,-0.079905535787664,-0.0799041351470108,-0.0799157004868347,-0.0799508743119522
NaN,NaN,NaN,NaN,NaN,NaN,NaN,NaN,NaN,NaN,NaN,NaN,NaN,NaN,NaN,NaN,NaN,NaN,NaN,NaN,NaN,NaN,NaN,NaN,NaN,NaN,NaN,NaN,NaN,NaN,NaN,NaN,NaN,NaN,NaN,NaN,NaN,NaN,NaN,NaN,NaN,NaN,NaN,NaN,NaN,NaN,NaN,NaN,NaN,NaN,NaN,NaN,NaN,NaN,NaN,NaN,NaN,NaN,NaN,NaN,NaN,NaN,NaN,NaN,NaN,NaN,NaN,NaN,NaN,NaN,NaN,NaN,NaN,NaN,NaN,NaN,NaN,NaN,NaN,NaN,NaN,NaN,NaN,NaN,NaN,NaN,NaN,NaN,NaN,NaN,NaN,NaN,NaN,NaN,NaN,NaN,NaN,NaN,NaN,NaN,NaN,NaN,NaN,NaN,NaN,NaN,NaN,NaN,NaN,NaN,NaN,NaN,NaN,NaN,NaN,NaN,NaN,NaN,NaN,NaN,NaN,NaN,NaN,NaN,NaN,NaN,NaN,NaN,NaN,NaN,NaN,NaN,NaN,NaN,NaN,NaN,NaN,NaN,NaN,NaN,NaN,NaN,NaN,NaN,NaN,NaN,NaN,NaN,NaN,NaN,NaN,NaN,NaN,NaN,NaN,NaN,NaN,NaN,NaN,NaN,NaN,-0.0799754398720365,-0.079738424489417,-0.079590477046694,-0.0799914046235948,-0.0799878519955929,-0.0799915366236305,-0.0799956215570469,-0.0800005346026739,-0.0800046582089736,-0.0800062823867141,-0.0800126795365001,-0.0800238257716601,-0.0800329242366173,-0.0800353846207494,-0.0800354289207259,-0.0800397605902009,-0.0800494955715443,-0.080052884426907,-0.0800558063331381,-0.0800689763739681,-0.0800803393467013,-0.08008604995433,-0.0800847229074965,-0.0800811875526404,-0.0800779950090628,-0.0800724775482596,-0.08006414983113,-0.0800505759456086,-0.0800406054944511,-0.0800362707733086,-0.0800336822996092,-0.0800340228276515,-0.0800320414470736,-0.0800315579354426,-0.0800297869481895,-0.0800238202193328,-0.0800202472875871,-0.0800132100686958,-0.0800099182179285,-0.0800056731526434,-0.0799972837230558,-0.079992552304324,-0.0799895059462696,-0.079987240125901,-0.0799831712539317,-0.0799792443635248,-0.0799768331559617,-0.0799773565484943,-0.0799789931666104,-0.0799842476317933,-0.0799912418909352,-0.0799849927421347,-0.0799747222607515,-0.0799733617363825,-0.0799840044077353,-0.0799941205969931,-0.0799689686084853,-0.0799512096102029,-0.0799472256566764,-0.0799438115781848,-0.0799409027693606,-0.0799382350919593,-0.0799365160396157,-0.0799348726717409,-0.0799339230914486,-0.0799314350001509,-0.0799294332303546,-0.0799277996095119,-0.0799257069990503,-0.0799230797598792,-0.0799192005668791,-0.0799152373129158,-0.0799123432665228,-0.0799105145770077,-0.0799088720981929,-0.0799072574069937,-0.0799069604498757,-0.0799066115700025,-0.0799048049595654,-0.0799024371085345,-0.0799001590921602,-0.0798978549406115,-0.0799086002424571,-0.0799439925299265
NaN,NaN,NaN,NaN,NaN,NaN,NaN,NaN,NaN,NaN,NaN,NaN,NaN,NaN,NaN,NaN,NaN,NaN,NaN,NaN,NaN,NaN,NaN,NaN,NaN,NaN,NaN,NaN,NaN,NaN,NaN,NaN,NaN,NaN,NaN,NaN,NaN,NaN,NaN,NaN,NaN,NaN,NaN,NaN,NaN,NaN,NaN,NaN,NaN,NaN,NaN,NaN,NaN,NaN,NaN,NaN,NaN,NaN,NaN,NaN,NaN,NaN,NaN,NaN,NaN,NaN,NaN,NaN,NaN,NaN,NaN,NaN,NaN,NaN,NaN,NaN,NaN,NaN,NaN,NaN,NaN,NaN,NaN,NaN,NaN,NaN,NaN,NaN,NaN,NaN,NaN,NaN,NaN,NaN,NaN,NaN,NaN,NaN,NaN,NaN,NaN,NaN,NaN,NaN,NaN,NaN,NaN,NaN,NaN,NaN,NaN,NaN,NaN,NaN,NaN,NaN,NaN,NaN,NaN,NaN,NaN,NaN,NaN,NaN,NaN,NaN,NaN,NaN,NaN,NaN,NaN,NaN,NaN,NaN,NaN,NaN,NaN,NaN,NaN,NaN,NaN,NaN,NaN,NaN,NaN,NaN,NaN,NaN,NaN,NaN,NaN,NaN,NaN,NaN,NaN,NaN,NaN,NaN,NaN,NaN,NaN,NaN,-0.0836764231904614,-0.0840482483373426,-0.0795790056882881,-0.0799807547892074,-0.0799818495168061,-0.079987774523905,-0.0799906660318769,-0.0799938027925496,-0.0799992374073986,-0.080008200273059,-0.080022493604668,-0.0800251618897145,-0.0800235292492688,-0.0800264464604932,-0.0800378182231309,-0.0800493485836531,-0.0800535392857194,-0.080061585910831,-0.0800661074683123,-0.080078222203275,-0.0800933950852841,-0.0800970831819911,-0.0800930189665409,-0.0800854494406162,-0.0800765372351223,-0.0800684740507798,-0.0800554451591405,-0.0800405674683646,-0.0800365630999932,-0.0800330264525961,-0.0800268587536837,-0.080020390023731,-0.0800237891338893,-0.0800254206062287,-0.0800216333046326,-0.0800160049828126,-0.0800097770450811,-0.0800081502629412,-0.0800069648564999,-0.0799984363200066,-0.0799926575499292,-0.0799892843351184,-0.0799849053780733,-0.0799790849937834,-0.0799775384959515,-0.0799782002965228,-0.0799773827175437,-0.0799765081096048,-0.0799810666328629,-0.0799878338765561,-0.0799826586857931,-0.0799705420464336,-0.0799743508076878,-0.0799867449534979,-0.0799861737325566,-0.079957509979171,-0.0799425781973848,-0.0799384056492713,-0.0799358749562801,-0.0799350138355226,-0.0799333985582393,-0.0799319974408792,-0.0799312209159457,-0.0799283755717334,-0.0799272420575337,-0.079926817176637,-0.0799261145378764,-0.0799239241939339,-0.0799204270645712,-0.0799163484516836,-0.0799119147907688,-0.0799080783401073,-0.0799054933470179,-0.0799039347085965,-0.0799023262835239,-0.0799016431789373,-0.0799017150656709,-0.0799003406202951,-0.0798978299757682,-0.0798952464336232,-0.0798924986959169,-0.0799021605589171,-0.0799377678606946
NaN,NaN,NaN,NaN,NaN,NaN,NaN,NaN,NaN,NaN,NaN,NaN,NaN,NaN,NaN,NaN,NaN,NaN,NaN,NaN,NaN,NaN,NaN,NaN,NaN,NaN,NaN,NaN,NaN,NaN,NaN,NaN,NaN,NaN,NaN,NaN,NaN,NaN,NaN,NaN,NaN,NaN,NaN,NaN,NaN,NaN,NaN,NaN,NaN,NaN,NaN,NaN,NaN,NaN,NaN,NaN,NaN,NaN,NaN,NaN,NaN,NaN,NaN,NaN,NaN,NaN,NaN,NaN,NaN,NaN,NaN,NaN,NaN,NaN,NaN,NaN,NaN,NaN,NaN,NaN,NaN,NaN,NaN,NaN,NaN,NaN,NaN,NaN,NaN,NaN,NaN,NaN,NaN,NaN,NaN,NaN,NaN,NaN,NaN,NaN,NaN,NaN,NaN,NaN,NaN,NaN,NaN,NaN,NaN,NaN,NaN,NaN,NaN,NaN,NaN,NaN,NaN,NaN,NaN,NaN,NaN,NaN,NaN,NaN,NaN,NaN,NaN,NaN,NaN,NaN,NaN,NaN,NaN,NaN,NaN,NaN,NaN,NaN,NaN,NaN,NaN,NaN,NaN,NaN,NaN,NaN,NaN,NaN,NaN,NaN,NaN,NaN,NaN,NaN,NaN,NaN,NaN,NaN,NaN,NaN,NaN,NaN,NaN,NaN,NaN,-0.0795675703846158,-0.079976703486868,-0.0799795148157192,-0.0799833823961372,-0.0799841171087747,-0.07998831241403,-0.0799970008096797,-0.0800045406205643,-0.0800117683853591,-0.0800199387439589,-0.0800216657991198,-0.0800285640568142,-0.0800382857896673,-0.0800540483012788,-0.0800681496763727,-0.0800695032949113,-0.0800717883151547,-0.0800833530884701,-0.0800941228476048,-0.080097694439694,-0.0800914778728274,-0.0800800892426117,-0.0800669413898563,-0.0800536952253105,-0.0800412279214148,-0.0800348956183379,-0.0800346526100454,-0.0800307268957522,-0.0800274197432257,-0.0800311094355999,-0.0800266673598856,-0.0800208608875558,-0.0800107611314937,-0.0800068895078689,-0.0800009160571832,-0.0799991576217884,-0.0799956246246527,-0.0799905245824272,-0.0799856193821096,-0.0799783691439586,-0.0799741155917418,-0.0799739757241408,-0.0799751413571468,-0.0799760149353604,-0.0799755931678762,-0.0799772632827359,-0.0799833222259653,-0.0799796648407233,-0.0799675857792208,-0.0799724819494956,-0.0799847093529017,-0.0799782741089747,-0.0799464237755861,-0.079934235291824,-0.0799295316293708,-0.0799285881367355,-0.0799301709082196,-0.0799304568391784,-0.0799283127239748,-0.0799271398422662,-0.0799265577251946,-0.0799273978237082,-0.0799273318817486,-0.0799253616706261,-0.0799215746658038,-0.0799176288760733,-0.079913323883578,-0.0799089867343307,-0.0799049010344756,-0.0799012801880608,-0.0798989282107382,-0.0798976519432081,-0.0798968209921335,-0.0798968309070729,-0.0798955220481777,-0.0798929664278537,-0.0798902702700912,-0.0798872686135584,-0.079896685269125,-0.0799325002820427
NaN,NaN,NaN,NaN,NaN,NaN,NaN,NaN,NaN,NaN,NaN,NaN,NaN,NaN,NaN,NaN,NaN,NaN,NaN,NaN,NaN,NaN,NaN,NaN,NaN,NaN,NaN,NaN,NaN,NaN,NaN,NaN,NaN,NaN,NaN,NaN,NaN,NaN,NaN,NaN,NaN,NaN,NaN,NaN,NaN,NaN,NaN,NaN,NaN,NaN,NaN,NaN,NaN,NaN,NaN,NaN,NaN,NaN,NaN,NaN,NaN,NaN,NaN,NaN,NaN,NaN,NaN,NaN,NaN,NaN,NaN,NaN,NaN,NaN,NaN,NaN,NaN,NaN,NaN,NaN,NaN,NaN,NaN,NaN,NaN,NaN,NaN,NaN,NaN,NaN,NaN,NaN,NaN,NaN,NaN,NaN,NaN,NaN,NaN,NaN,NaN,NaN,NaN,NaN,NaN,NaN,NaN,NaN,NaN,NaN,NaN,NaN,NaN,NaN,NaN,NaN,NaN,NaN,NaN,NaN,NaN,NaN,NaN,NaN,NaN,NaN,NaN,NaN,NaN,NaN,NaN,NaN,NaN,NaN,NaN,NaN,NaN,NaN,NaN,NaN,NaN,NaN,NaN,NaN,NaN,NaN,NaN,NaN,NaN,NaN,NaN,NaN,NaN,NaN,NaN,NaN,NaN,NaN,NaN,NaN,NaN,NaN,NaN,NaN,NaN,NaN,-0.079412710284544,-0.0799725586914283,-0.0799781446946898,-0.0799803098516608,-0.0799801397794485,-0.079980096642647,-0.0799833967739768,-0.0799972845501219,-0.0800145527313648,-0.0800229747988848,-0.0800265550105865,-0.0800395842940901,-0.0800527881080363,-0.080066372882697,-0.080076764377866,-0.0800766226517567,-0.0800716564026662,-0.0800802472375239,-0.0800919311134063,-0.0800929968717832,-0.0800826859379587,-0.0800614791771457,-0.0800497179654678,-0.0800442016001747,-0.0800354967579449,-0.0800342562740335,-0.0800340902948708,-0.0800416514072187,-0.0800383612489809,-0.0800308228004112,-0.0800238785901387,-0.0800114032084094,-0.080003469481369,-0.0800014025172388,-0.0799937482903599,-0.0799873952463833,-0.0799803125968911,-0.0799771494496126,-0.079972529957761,-0.0799730338483647,-0.0799710966917503,-0.0799677305994515,-0.0799687983779602,-0.0799717346862266,-0.0799739868186711,-0.0799763337595468,-0.079970773091096,-0.0799664312928073,-0.0799742582062278,-0.0799810738501107,-0.0799615966590206,-0.079936415035168,-0.0799279252423424,-0.0799236439604824,-0.0799253507251449,-0.0799282068516022,-0.0799277057093687,-0.0799236616210612,-0.0799237593659283,-0.0799286607936208,-0.0799295016342474,-0.0799273206948124,-0.0799242375015488,-0.0799191130318738,-0.0799142615869223,-0.0799101912876264,-0.0799063729595605,-0.079901911966885,-0.0798977341839198,-0.0798947984728378,-0.0798933739564499,-0.0798923223578154,-0.0798919554341409,-0.07989063569153,-0.0798881131420832,-0.0798856205810929,-0.079882037905984,-0.0798911278985922,-0.0799271538564442
NaN,NaN,NaN,NaN,NaN,NaN,NaN,NaN,NaN,NaN,NaN,NaN,NaN,NaN,NaN,NaN,NaN,NaN,NaN,NaN,NaN,NaN,NaN,NaN,NaN,NaN,NaN,NaN,NaN,NaN,NaN,NaN,NaN,NaN,NaN,NaN,NaN,NaN,NaN,NaN,NaN,NaN,NaN,NaN,NaN,NaN,NaN,NaN,NaN,NaN,NaN,NaN,NaN,NaN,NaN,NaN,NaN,NaN,NaN,NaN,NaN,NaN,NaN,NaN,NaN,NaN,NaN,NaN,NaN,NaN,NaN,NaN,NaN,NaN,NaN,NaN,NaN,NaN,NaN,NaN,NaN,NaN,NaN,NaN,NaN,NaN,NaN,NaN,NaN,NaN,NaN,NaN,NaN,NaN,NaN,NaN,NaN,NaN,NaN,NaN,NaN,NaN,NaN,NaN,NaN,NaN,NaN,NaN,NaN,NaN,NaN,NaN,NaN,NaN,NaN,NaN,NaN,NaN,NaN,NaN,NaN,NaN,NaN,NaN,NaN,NaN,NaN,NaN,NaN,NaN,NaN,NaN,NaN,NaN,NaN,NaN,NaN,NaN,NaN,NaN,NaN,NaN,NaN,NaN,NaN,NaN,NaN,NaN,NaN,NaN,NaN,NaN,NaN,NaN,NaN,NaN,NaN,NaN,NaN,NaN,NaN,NaN,NaN,NaN,NaN,NaN,NaN,-0.0794074664471925,-0.0799721369557707,-0.0799742234185079,-0.0799729703093502,-0.0799688918468074,-0.0799719509205564,-0.0799877244670991,-0.0800037007450163,-0.0800247497986847,-0.0800401483150048,-0.0800488851627981,-0.0800589736989,-0.0800650004762321,-0.080073250008668,-0.0800790142285263,-0.080072441527666,-0.0800703164269721,-0.0800726922495463,-0.0800703298191163,-0.080060366261699,-0.0800505504654699,-0.0800435715412666,-0.0800420896218338,-0.0800347205232963,-0.0800270452466947,-0.0800236336349432,-0.0800309231512327,-0.0800307638314413,-0.0800288262421149,-0.0800250471920138,-0.0800185651954335,-0.0800073396444085,-0.080004498958116,-0.0799949016292896,-0.0799787126353125,-0.0799718944945296,-0.0799688688244518,-0.0799718657110334,-0.0799734451915199,-0.0799657022443868,-0.079962388054892,-0.0799649589038706,-0.079966630697272,-0.0799685843681605,-0.0799720587741772,-0.0799697113797118,-0.079965998534127,-0.0799687569762333,-0.0799696944031722,-0.0799466062468031,-0.0799324604602482,-0.0799271010255496,-0.0799237247251941,-0.0799241837448164,-0.0799245337485605,-0.0799208231893558,-0.0799191912289268,-0.0799240348436221,-0.0799271988324675,-0.0799294698365643,-0.0799276028325757,-0.0799225331422021,-0.0799160871108424,-0.0799107253383836,-0.0799069857936906,-0.0799033634147138,-0.0798987803035083,-0.0798941054942382,-0.0798905379910254,-0.07988871543819,-0.0798879076880463,-0.0798871136477965,-0.0798861239435848,-0.0798836317988769,-0.0798812183879444,-0.079876994852048,-0.0798849632934549,-0.0799212115722606
NaN,NaN,NaN,NaN,NaN,NaN,NaN,NaN,NaN,NaN,NaN,NaN,NaN,NaN,NaN,NaN,NaN,NaN,NaN,NaN,NaN,NaN,NaN,NaN,NaN,NaN,NaN,NaN,NaN,NaN,NaN,NaN,NaN,NaN,NaN,NaN,NaN,NaN,NaN,NaN,NaN,NaN,NaN,NaN,NaN,NaN,NaN,NaN,NaN,NaN,NaN,NaN,NaN,NaN,NaN,NaN,NaN,NaN,NaN,NaN,NaN,NaN,NaN,NaN,NaN,NaN,NaN,NaN,NaN,NaN,NaN,NaN,NaN,NaN,NaN,NaN,NaN,NaN,NaN,NaN,NaN,NaN,NaN,NaN,NaN,NaN,NaN,NaN,NaN,NaN,NaN,NaN,NaN,NaN,NaN,NaN,NaN,NaN,NaN,NaN,NaN,NaN,NaN,NaN,NaN,NaN,NaN,NaN,NaN,NaN,NaN,NaN,NaN,NaN,NaN,NaN,NaN,NaN,NaN,NaN,NaN,NaN,NaN,NaN,NaN,NaN,NaN,NaN,NaN,NaN,NaN,NaN,NaN,NaN,NaN,NaN,NaN,NaN,NaN,NaN,NaN,NaN,NaN,NaN,NaN,NaN,NaN,NaN,NaN,NaN,NaN,NaN,NaN,NaN,NaN,NaN,NaN,NaN,NaN,NaN,NaN,NaN,NaN,NaN,NaN,NaN,NaN,NaN,-0.0794079544280129,-0.0799021342791102,-0.0799081865818033,-0.0797940023424326,-0.0799678379727268,-0.0799866933868225,-0.0800108515328539,-0.0800350067208778,-0.0800494241370773,-0.080050325811093,-0.0800528066709484,-0.0800594569066279,-0.0800784909253637,-0.080089303001941,-0.0800850883563239,-0.080077681090727,-0.0800635545278754,-0.0800452725493121,-0.0800398175411667,-0.0800427525026762,-0.0800412787691201,-0.0800349838876901,-0.0800313158620657,-0.080032142247542,-0.0800380200997165,-0.0800406733797921,-0.0800337322567141,-0.0800324334451175,-0.0800336511279347,-0.080026356914942,-0.0800195920251663,-0.0800124605173839,-0.0799909682119495,-0.0799749153391818,-0.0799712420755767,-0.0799715617355613,-0.0799712942651551,-0.07996273630815,-0.0799572695151591,-0.0799592337715387,-0.0799615748432015,-0.0799626640161656,-0.079964425456242,-0.0799657856440797,-0.0799638647538775,-0.0799611419821524,-0.0799628515872303,-0.0799555123756889,-0.0799361539644827,-0.0799305650500723,-0.07992863329318,-0.0799256582644288,-0.0799216402947895,-0.0799181268754058,-0.0799158210096185,-0.079917746905807,-0.0799244876494962,-0.0799265282536621,-0.0799265279441582,-0.0799254384670694,-0.0799199949645185,-0.0799134550754841,-0.0799080215713233,-0.079904196332876,-0.079900374928891,-0.0798957278297458,-0.0798908017193796,-0.0798866817756558,-0.0798841148711688,-0.079883281825087,-0.0798824995059687,-0.0798817939663126,-0.0798795795221042,-0.0798770045265383,-0.0798719878493956,-0.07987883863276,-0.0799153132559981
NaN,NaN,NaN,NaN,NaN,NaN,NaN,NaN,NaN,NaN,NaN,NaN,NaN,NaN,NaN,NaN,NaN,NaN,NaN,NaN,NaN,NaN,NaN,NaN,NaN,NaN,NaN,NaN,NaN,NaN,NaN,NaN,NaN,NaN,NaN,NaN,NaN,NaN,NaN,NaN,NaN,NaN,NaN,NaN,NaN,NaN,NaN,NaN,NaN,NaN,NaN,NaN,NaN,NaN,NaN,NaN,NaN,NaN,NaN,NaN,NaN,NaN,NaN,NaN,NaN,NaN,NaN,NaN,NaN,NaN,NaN,NaN,NaN,NaN,NaN,NaN,NaN,NaN,NaN,NaN,NaN,NaN,NaN,NaN,NaN,NaN,NaN,NaN,NaN,NaN,NaN,NaN,NaN,NaN,NaN,NaN,NaN,NaN,NaN,NaN,NaN,NaN,NaN,NaN,NaN,NaN,NaN,NaN,NaN,NaN,NaN,NaN,NaN,NaN,NaN,NaN,NaN,NaN,NaN,NaN,NaN,NaN,NaN,NaN,NaN,NaN,NaN,NaN,NaN,NaN,NaN,NaN,NaN,NaN,NaN,NaN,NaN,NaN,NaN,NaN,NaN,NaN,NaN,NaN,NaN,NaN,NaN,NaN,NaN,NaN,NaN,NaN,NaN,NaN,NaN,NaN,NaN,NaN,NaN,NaN,NaN,NaN,NaN,NaN,NaN,NaN,NaN,NaN,NaN,NaN,NaN,NaN,-0.0799688124923978,-0.0799995721156245,-0.080032025240096,-0.0800522028509567,-0.0800561927587295,-0.0800666211245511,-0.0800660917273754,-0.0800737376834841,-0.0800897726819205,-0.0800955296177089,-0.080099155681056,-0.0800948983142314,-0.0800733396403814,-0.080052465241448,-0.0800529837281596,-0.0800478848376009,-0.0800419592166417,-0.0800364220602451,-0.0800393943455597,-0.0800497097026585,-0.0800610193904005,-0.0800611373893458,-0.0800491543743032,-0.0800469002754257,-0.0800414297707583,-0.0800319392230928,-0.0800254355584633,-0.0800147388928237,-0.0799929168072069,-0.079977712920982,-0.07997227835399,-0.0799698733329197,-0.0799628515355489,-0.0799477798557865,-0.0799488980203109,-0.0799542775376366,-0.0799559308203285,-0.0799573387969352,-0.0799610173297308,-0.0799627420419258,-0.0799599556072811,-0.0799586496787305,-0.0799557203188931,-0.0799426310119616,-0.0799358495126308,-0.0799332919558884,-0.0799293049575494,-0.0799254153775111,-0.0799212946160261,-0.079917921083703,-0.0799184884243468,-0.0799190605005236,-0.0799224483052208,-0.079926135653391,-0.0799249527217157,-0.0799214093363798,-0.07991498300596,-0.0799089445991198,-0.0799046823791148,-0.0799012925489383,-0.0798976306123995,-0.0798931481132239,-0.0798883674805361,-0.0798838818484663,-0.0798805693742553,-0.0798794874131429,-0.0798783399614248,-0.0798773854372697,-0.0798753759472826,-0.0798729578793163,-0.0798674659494626,-0.0798731777751158,-0.0799098707032589
NaN,NaN,NaN,NaN,NaN,NaN,NaN,NaN,NaN,NaN,NaN,NaN,NaN,NaN,NaN,NaN,NaN,NaN,NaN,NaN,NaN,NaN,NaN,NaN,NaN,NaN,NaN,NaN,NaN,NaN,NaN,NaN,NaN,NaN,NaN,NaN,NaN,NaN,NaN,NaN,NaN,NaN,NaN,NaN,NaN,NaN,NaN,NaN,NaN,NaN,NaN,NaN,NaN,NaN,NaN,NaN,NaN,NaN,NaN,NaN,NaN,NaN,NaN,NaN,NaN,NaN,NaN,NaN,NaN,NaN,NaN,NaN,NaN,NaN,NaN,NaN,NaN,NaN,NaN,NaN,NaN,NaN,NaN,NaN,NaN,NaN,NaN,NaN,NaN,NaN,NaN,NaN,NaN,NaN,NaN,NaN,NaN,NaN,NaN,NaN,NaN,NaN,NaN,NaN,NaN,NaN,NaN,NaN,NaN,NaN,NaN,NaN,NaN,NaN,NaN,NaN,NaN,NaN,NaN,NaN,NaN,NaN,NaN,NaN,NaN,NaN,NaN,NaN,NaN,NaN,NaN,NaN,NaN,NaN,NaN,NaN,NaN,NaN,NaN,NaN,NaN,NaN,NaN,NaN,NaN,NaN,NaN,NaN,NaN,NaN,NaN,NaN,NaN,NaN,NaN,NaN,NaN,NaN,NaN,NaN,NaN,NaN,NaN,NaN,NaN,NaN,NaN,NaN,NaN,NaN,NaN,NaN,NaN,-0.0800274807544327,-0.0800548457912534,-0.0800706218326227,-0.0800878023079835,-0.0801021061087369,-0.0801086939603035,-0.0801083886237498,-0.0801065979519065,-0.0801029582306851,-0.0801135734708309,-0.0801183977169637,-0.0800866311742415,-0.080078576126148,-0.080079422119688,-0.080069759407869,-0.0800583701812298,-0.0800498138621948,-0.0800562902723302,-0.0800613188471222,-0.0800653795631264,-0.0800678158665556,-0.0800560477754718,-0.0800530742942213,-0.0800474210699948,-0.0800369288841524,-0.0800286513989365,-0.0800179266307115,-0.0800021156022455,-0.0799836367720554,-0.0799723568545609,-0.0799655052492056,-0.0799409938308494,-0.0799286168958638,-0.0799387764203028,-0.0799491516033369,-0.0799550111590499,-0.0799564393862818,-0.0799599744284327,-0.0799618820279478,-0.0799573610049749,-0.0799540974533482,-0.079948338517684,-0.079939372746165,-0.0799348911430004,-0.0799307039426336,-0.0799287663365512,-0.0799259544929932,-0.0799236149367778,-0.079922795466029,-0.0799215992531431,-0.0799178778718881,-0.0799193027707801,-0.0799246276846732,-0.079923809269452,-0.0799182375254471,-0.079910444844853,-0.079904176881235,-0.0799006667044407,-0.079897907589477,-0.0798944726205213,-0.0798910501303006,-0.0798868783045409,-0.0798819189880602,-0.0798778951327992,-0.0798762606312601,-0.0798751675167078,-0.079873446396548,-0.0798712900027541,-0.0798688978676998,-0.0798629062799487,-0.0798674395461215,-0.0799043562233506
NaN,NaN,NaN,NaN,NaN,NaN,NaN,NaN,NaN,NaN,NaN,NaN,NaN,NaN,NaN,NaN,NaN,NaN,NaN,NaN,NaN,NaN,NaN,NaN,NaN,NaN,NaN,NaN,NaN,NaN,NaN,NaN,NaN,NaN,NaN,NaN,NaN,NaN,NaN,NaN,NaN,NaN,NaN,NaN,NaN,NaN,NaN,NaN,NaN,NaN,NaN,NaN,NaN,NaN,NaN,NaN,NaN,NaN,NaN,NaN,NaN,NaN,NaN,NaN,NaN,NaN,NaN,NaN,NaN,NaN,NaN,NaN,NaN,NaN,NaN,NaN,NaN,NaN,NaN,NaN,NaN,NaN,NaN,NaN,NaN,NaN,NaN,NaN,NaN,NaN,NaN,NaN,NaN,NaN,NaN,NaN,NaN,NaN,NaN,NaN,NaN,NaN,NaN,NaN,NaN,NaN,NaN,NaN,NaN,NaN,NaN,NaN,NaN,NaN,NaN,NaN,NaN,NaN,NaN,NaN,NaN,NaN,NaN,NaN,NaN,NaN,NaN,NaN,NaN,NaN,NaN,NaN,NaN,NaN,NaN,NaN,NaN,NaN,NaN,NaN,NaN,NaN,NaN,NaN,NaN,NaN,NaN,NaN,NaN,NaN,NaN,NaN,NaN,NaN,NaN,NaN,NaN,NaN,NaN,NaN,NaN,NaN,NaN,NaN,NaN,NaN,NaN,NaN,NaN,NaN,NaN,NaN,NaN,-0.0800651615970418,-0.0800809282143002,-0.080093679509814,-0.0801150731945387,-0.0801276983748411,-0.0801338716288487,-0.0801428798666217,-0.0801345380495008,-0.0801366656046305,-0.0801421692677708,-0.0801359901722822,-0.0801246421617302,-0.0801113654160259,-0.080096585551344,-0.0800949733612533,-0.0800883091690762,-0.0800741766153735,-0.0800700097276724,-0.0800654090856494,-0.080062557314054,-0.0800641625442692,-0.0800516442540706,-0.080046825981162,-0.0800429250208191,-0.0800362343757741,-0.0800327585109873,-0.0800217936209201,-0.0800034473982914,-0.0799827573661521,-0.0799695705982994,-0.0799587979888596,-0.0799295811622801,-0.0799194981923722,-0.0799283484219545,-0.0799397900688342,-0.0799491767934704,-0.0799538771147522,-0.0799555791533341,-0.0799567558568895,-0.0799505546946151,-0.0799459203614561,-0.0799422753344522,-0.0799375828053145,-0.0799321352958677,-0.0799279775120602,-0.0799269172472584,-0.0799247734889706,-0.0799238713249864,-0.0799246081727782,-0.0799231109936137,-0.079918759149009,-0.0799172442739918,-0.0799196740511791,-0.0799176927258588,-0.0799118621072048,-0.079906241961664,-0.0799009598606835,-0.0798971263124828,-0.0798942575186497,-0.0798915722902615,-0.0798885981097063,-0.0798850992220031,-0.0798802157727905,-0.0798758136453863,-0.0798731804545897,-0.0798719966524697,-0.0798697101275369,-0.079867265102627,-0.0798649792024917,-0.0798587644722183,-0.0798621433302928,-0.0798993015463009
NaN,NaN,NaN,NaN,NaN,NaN,NaN,NaN,NaN,NaN,NaN,NaN,NaN,NaN,NaN,NaN,NaN,NaN,NaN,NaN,NaN,NaN,NaN,NaN,NaN,NaN,NaN,NaN,NaN,NaN,NaN,NaN,NaN,NaN,NaN,NaN,NaN,NaN,NaN,NaN,NaN,NaN,NaN,NaN,NaN,NaN,NaN,NaN,NaN,NaN,NaN,NaN,NaN,NaN,NaN,NaN,NaN,NaN,NaN,NaN,NaN,NaN,NaN,NaN,NaN,NaN,NaN,NaN,NaN,NaN,NaN,NaN,NaN,NaN,NaN,NaN,NaN,NaN,NaN,NaN,NaN,NaN,NaN,NaN,NaN,NaN,NaN,NaN,NaN,NaN,NaN,NaN,NaN,NaN,NaN,NaN,NaN,NaN,NaN,NaN,NaN,NaN,NaN,NaN,NaN,NaN,NaN,NaN,NaN,NaN,NaN,NaN,NaN,NaN,NaN,NaN,NaN,NaN,NaN,NaN,NaN,NaN,NaN,NaN,NaN,NaN,NaN,NaN,NaN,NaN,NaN,NaN,NaN,NaN,NaN,NaN,NaN,NaN,NaN,NaN,NaN,NaN,NaN,NaN,NaN,NaN,NaN,NaN,NaN,NaN,NaN,NaN,NaN,NaN,NaN,NaN,NaN,NaN,NaN,NaN,NaN,NaN,NaN,NaN,NaN,NaN,NaN,NaN,NaN,NaN,NaN,NaN,NaN,-0.0801120671603506,-0.0801189700971463,-0.0801286087730653,-0.0801400737758696,-0.0801481007028625,-0.0801552994147909,-0.0801590434757751,-0.0801572163565514,-0.0801617072753485,-0.080161942379479,-0.0801515358951638,-0.0801555774606711,-0.0801302011961675,-0.0801085808830659,-0.080118265204173,-0.080112093331694,-0.0801015804809466,-0.0800811684096736,-0.0800640038687388,-0.0800574549475451,-0.0800579416518269,-0.0800454679730625,-0.0800386605183422,-0.080037464246469,-0.0800335633339439,-0.0800316724019719,-0.0800191358587061,-0.0799932003832605,-0.0799714000115842,-0.0799624902322798,-0.0799485544434247,-0.0799295530413744,-0.0799248688007825,-0.0799284098121206,-0.0799339506670077,-0.079941452885898,-0.0799494033144052,-0.0799516180606752,-0.079951490708683,-0.0799444675148867,-0.0799381050154461,-0.0799349798997855,-0.0799308621316359,-0.0799264247576158,-0.0799238251549814,-0.0799224595936611,-0.0799192781859879,-0.0799191417320523,-0.0799180508984187,-0.0799208889744661,-0.0799184449872473,-0.079915209789619,-0.0799103619092769,-0.0799082950029475,-0.0799048204156035,-0.079900782790842,-0.0798969946542504,-0.0798937226601775,-0.0798912267066395,-0.0798892544807345,-0.0798861290224361,-0.0798827588341549,-0.0798782140331851,-0.0798737019677317,-0.0798699554416299,-0.0798681578947055,-0.0798659283061426,-0.0798635662616533,-0.0798614962573529,-0.0798551027409497,-0.07985752409917,-0.079894925796809
NaN,NaN,NaN,NaN,NaN,NaN,NaN,NaN,NaN,NaN,NaN,NaN,NaN,NaN,NaN,NaN,NaN,NaN,NaN,NaN,NaN,NaN,NaN,NaN,NaN,NaN,NaN,NaN,NaN,NaN,NaN,NaN,NaN,NaN,NaN,NaN,NaN,NaN,NaN,NaN,NaN,NaN,NaN,NaN,NaN,NaN,NaN,NaN,NaN,NaN,NaN,NaN,NaN,NaN,NaN,NaN,NaN,NaN,NaN,NaN,NaN,NaN,NaN,NaN,NaN,NaN,NaN,NaN,NaN,NaN,NaN,NaN,NaN,NaN,NaN,NaN,NaN,NaN,NaN,NaN,NaN,NaN,NaN,NaN,NaN,NaN,NaN,NaN,NaN,NaN,NaN,NaN,NaN,NaN,NaN,NaN,NaN,NaN,NaN,NaN,NaN,NaN,NaN,NaN,NaN,NaN,NaN,NaN,NaN,NaN,NaN,NaN,NaN,NaN,NaN,NaN,NaN,NaN,NaN,NaN,NaN,NaN,NaN,NaN,NaN,NaN,NaN,NaN,NaN,NaN,NaN,NaN,NaN,NaN,NaN,NaN,NaN,NaN,NaN,NaN,NaN,NaN,NaN,NaN,NaN,NaN,NaN,NaN,NaN,NaN,NaN,NaN,NaN,NaN,NaN,NaN,NaN,NaN,NaN,NaN,NaN,NaN,NaN,NaN,NaN,NaN,NaN,NaN,NaN,NaN,NaN,NaN,NaN,-0.0801639422102588,-0.0801635590907282,-0.0801651337671691,-0.0801640885385864,-0.0801649806407058,-0.0801713866184104,-0.0801662710878034,-0.0801658147897569,-0.0801742036944387,-0.080174688206227,-0.0801689956468832,-0.0801669771473137,-0.0801466462513226,-0.0801448273489092,-0.0801438457234543,-0.0801295706231038,-0.0801163957673388,-0.0800938827974059,-0.0800660225843193,-0.0800559652510094,-0.0800522824121627,-0.0800410054087538,-0.0800331469764902,-0.0800365947524147,-0.0800334595327811,-0.0800267494721733,-0.080011644949966,-0.0799905095409913,-0.0799761591224659,-0.0799678906460003,-0.0799472645289223,-0.079930069159677,-0.0799276429080185,-0.0799309238643747,-0.0799357195539193,-0.0799404822093724,-0.0799491429649916,-0.0799522034755245,-0.0799476778783432,-0.0799419690117142,-0.0799362997924602,-0.0799319556415399,-0.0799274060681667,-0.0799234909165961,-0.079919672289742,-0.0799158677839606,-0.0799145170967068,-0.079912496190392,-0.0799106694981415,-0.0799122518904412,-0.0799107592324195,-0.0799078707425643,-0.0799019458906167,-0.0798988271151414,-0.0798970746872179,-0.0798950132730862,-0.0798927184887611,-0.0798902834359124,-0.0798886842049385,-0.0798865430462549,-0.0798838829235752,-0.0798805468156611,-0.0798758672549946,-0.0798708938576065,-0.0798668248884442,-0.0798648823575627,-0.0798625624908333,-0.0798602738924654,-0.0798582481104992,-0.079852023694354,-0.0798531811059552,-0.0798908239554267
NaN,NaN,NaN,NaN,NaN,NaN,NaN,NaN,NaN,NaN,NaN,NaN,NaN,NaN,NaN,NaN,NaN,NaN,NaN,NaN,NaN,NaN,NaN,NaN,NaN,NaN,NaN,NaN,NaN,NaN,NaN,NaN,NaN,NaN,NaN,NaN,NaN,NaN,NaN,NaN,NaN,NaN,NaN,NaN,NaN,NaN,NaN,NaN,NaN,NaN,NaN,NaN,NaN,NaN,NaN,NaN,NaN,NaN,NaN,NaN,NaN,NaN,NaN,NaN,NaN,NaN,NaN,NaN,NaN,NaN,NaN,NaN,NaN,NaN,NaN,NaN,NaN,NaN,NaN,NaN,NaN,NaN,NaN,NaN,NaN,NaN,NaN,NaN,NaN,NaN,NaN,NaN,NaN,NaN,NaN,NaN,NaN,NaN,NaN,NaN,NaN,NaN,NaN,NaN,NaN,NaN,NaN,NaN,NaN,NaN,NaN,NaN,NaN,NaN,NaN,NaN,NaN,NaN,NaN,NaN,NaN,NaN,NaN,NaN,NaN,NaN,NaN,NaN,NaN,NaN,NaN,NaN,NaN,NaN,NaN,NaN,NaN,NaN,NaN,NaN,NaN,NaN,NaN,NaN,NaN,NaN,NaN,NaN,NaN,NaN,NaN,NaN,NaN,NaN,NaN,NaN,NaN,NaN,NaN,NaN,NaN,NaN,NaN,NaN,NaN,NaN,NaN,NaN,NaN,NaN,NaN,NaN,-0.0801855817578229,-0.0801966560655634,-0.0801872676434181,-0.0801819030677697,-0.0801759292065375,-0.0801785491006827,-0.0801855512896013,-0.0801870364183197,-0.0801845483797298,-0.0801952901963673,-0.0801981130145347,-0.0801937849191138,-0.080187741071214,-0.0801787571795154,-0.0801798115259306,-0.0801665407731259,-0.0801455831306751,-0.0801220396414277,-0.0801041367590819,-0.0800800127680257,-0.0800624829244095,-0.0800505557534732,-0.0800359680684157,-0.0800310910882753,-0.0800321787959902,-0.0800278259645461,-0.0800114172326321,-0.0800025344881102,-0.0799999604332748,-0.0799999036829128,-0.0799860291454016,-0.0799565883779687,-0.0799318433139914,-0.0799263660038009,-0.0799318706881743,-0.0799389202274299,-0.0799433978888066,-0.0799491287805173,-0.0799480566533705,-0.0799435952502272,-0.0799426164863353,-0.0799393621242594,-0.079934076291398,-0.0799288815259308,-0.0799236397691214,-0.0799178129587757,-0.0799117341255617,-0.0799127052873361,-0.0799126481204632,-0.0799119804570404,-0.0799077788836016,-0.0798961817362508,-0.0798886301065697,-0.0798894368621871,-0.0798895921924981,-0.0798886190816613,-0.0798893362605132,-0.0798883474341798,-0.079886535884885,-0.0798849668385096,-0.0798832652569325,-0.079880800644255,-0.0798777264309512,-0.0798734765313693,-0.079868460881156,-0.0798641106581128,-0.0798622565443372,-0.0798602183551286,-0.0798574322987888,-0.0798554550849628,-0.0798489832267442,-0.0798494091842495,-0.0798872958491306
NaN,NaN,NaN,NaN,NaN,NaN,NaN,NaN,NaN,NaN,NaN,NaN,NaN,NaN,NaN,NaN,NaN,NaN,NaN,NaN,NaN,NaN,NaN,NaN,NaN,NaN,NaN,NaN,NaN,NaN,NaN,NaN,NaN,NaN,NaN,NaN,NaN,NaN,NaN,NaN,NaN,NaN,NaN,NaN,NaN,NaN,NaN,NaN,NaN,NaN,NaN,NaN,NaN,NaN,NaN,NaN,NaN,NaN,NaN,NaN,NaN,NaN,NaN,NaN,NaN,NaN,NaN,NaN,NaN,NaN,NaN,NaN,NaN,NaN,NaN,NaN,NaN,NaN,NaN,NaN,NaN,NaN,NaN,NaN,NaN,NaN,NaN,NaN,NaN,NaN,NaN,NaN,NaN,NaN,NaN,NaN,NaN,NaN,NaN,NaN,NaN,NaN,NaN,NaN,NaN,NaN,NaN,NaN,NaN,NaN,NaN,NaN,NaN,NaN,NaN,NaN,NaN,NaN,NaN,NaN,NaN,NaN,NaN,NaN,NaN,NaN,NaN,NaN,NaN,NaN,NaN,NaN,NaN,NaN,NaN,NaN,NaN,NaN,NaN,NaN,NaN,NaN,NaN,NaN,NaN,NaN,NaN,NaN,NaN,NaN,NaN,NaN,NaN,NaN,NaN,NaN,NaN,NaN,NaN,NaN,NaN,NaN,NaN,NaN,NaN,NaN,NaN,NaN,NaN,NaN,NaN,NaN,-0.0801701317655204,-0.0802025845538141,-0.0801948667692863,-0.0801912956748279,-0.0801939658052949,-0.0802008831518821,-0.0802046478244995,-0.080210317399286,-0.0802222730229838,-0.0802336456695896,-0.0802327665821069,-0.0802263047137082,-0.0802183436996449,-0.080214124755725,-0.0802098891676691,-0.0801959348781022,-0.0801655811545909,-0.0801335425835618,-0.0801162220546583,-0.0801031932502891,-0.0800754839284672,-0.0800505165128572,-0.0800274981038772,-0.0800150001408468,-0.0800010263997885,-0.0799987249483697,-0.0799973566888005,-0.0799937343312469,-0.0799952108721143,-0.080002700475551,-0.0799948362559432,-0.0799652759305235,-0.0799386486571554,-0.0799312601392413,-0.079932550793439,-0.0799331814160518,-0.079915476079313,-0.0799424768300113,-0.0799462593930361,-0.0799449694431317,-0.0799434870482654,-0.0799410788871547,-0.0799365301205262,-0.0799315082038461,-0.0799277584029786,-0.0799165460173256,NaN,NaN,NaN,NaN,NaN,NaN,-0.0798786880241003,-0.0798779744543516,-0.0798791314487869,-0.0798814692271082,-0.0798833959780567,-0.0798839613356143,-0.0798830136301673,-0.0798819661092278,-0.0798804425149272,-0.0798777505287775,-0.0798752629921115,-0.0798715457449251,-0.0798665192527852,-0.0798619154934631,-0.0798593641774571,-0.0798580521250104,-0.0798547539568734,-0.079852381538183,-0.0798456784689521,-0.0798459987492693,-0.0798841408272133
NaN,NaN,NaN,NaN,NaN,NaN,NaN,NaN,NaN,NaN,NaN,NaN,NaN,NaN,NaN,NaN,NaN,NaN,NaN,NaN,NaN,NaN,NaN,NaN,NaN,NaN,NaN,NaN,NaN,NaN,NaN,NaN,NaN,NaN,NaN,NaN,NaN,NaN,NaN,NaN,NaN,NaN,NaN,NaN,NaN,NaN,NaN,NaN,NaN,NaN,NaN,NaN,NaN,NaN,NaN,NaN,NaN,NaN,NaN,NaN,NaN,NaN,NaN,NaN,NaN,NaN,NaN,NaN,NaN,NaN,NaN,NaN,NaN,NaN,NaN,NaN,NaN,NaN,NaN,NaN,NaN,NaN,NaN,NaN,NaN,NaN,NaN,NaN,NaN,NaN,NaN,NaN,NaN,NaN,NaN,NaN,NaN,NaN,NaN,NaN,NaN,NaN,NaN,NaN,NaN,NaN,NaN,NaN,NaN,NaN,NaN,NaN,NaN,NaN,NaN,NaN,NaN,NaN,NaN,NaN,NaN,NaN,NaN,NaN,NaN,NaN,NaN,NaN,NaN,NaN,NaN,NaN,NaN,NaN,NaN,NaN,NaN,NaN,NaN,NaN,NaN,NaN,NaN,NaN,NaN,NaN,NaN,NaN,NaN,NaN,NaN,NaN,NaN,NaN,NaN,NaN,NaN,NaN,NaN,NaN,NaN,NaN,NaN,NaN,NaN,NaN,NaN,NaN,NaN,NaN,NaN,NaN,-0.0801660589507025,-0.0802023538348935,-0.0802007518899831,-0.0802074923443056,-0.080218791266518,-0.0802248240959405,-0.0802300494675184,-0.0802449113339509,-0.0802621199917148,-0.0802716718819216,-0.0802679271219869,-0.0802612200809069,-0.0802530634851115,-0.0802535867424943,-0.0802529153065704,-0.0802412384396339,-0.080206086740822,-0.0801723090732413,-0.0801470264042452,-0.080119154441756,-0.0800847716031232,-0.0800524603743386,-0.0800165646144329,-0.079994106383546,-0.0799792771540948,-0.0799725042598621,-0.0799792325174496,-0.0799850492674412,-0.079981549508307,-0.0799840171705939,-0.0799817410606504,-0.0799621910821254,-0.0799368191359565,-0.0799238765254368,-0.0799183995620671,-0.0799260190401154,-0.0796887220816657,-0.0798979230847348,-0.0799468449221156,-0.0799494371778901,-0.0799472995708879,-0.0799445128325718,-0.0799423816440377,-0.0797647985595698,-0.0798859814946654,NaN,NaN,NaN,NaN,NaN,NaN,NaN,-0.0798718040825468,-0.0798728655520529,-0.0798742756698856,-0.0798774814702169,-0.079880213210237,-0.0798813915478982,-0.0798807573753145,-0.0798798536420308,-0.0798777419480416,-0.0798750592734458,-0.0798721428223106,-0.0798688673216918,-0.0798643896854057,-0.0798598453622785,-0.0798569892197723,-0.0798554495730776,-0.0798527632844933,-0.0798495541534924,-0.0798424080321488,-0.0798423019744114,-0.0798807070502661
NaN,NaN,NaN,NaN,NaN,NaN,NaN,NaN,NaN,NaN,NaN,NaN,NaN,NaN,NaN,NaN,NaN,NaN,NaN,NaN,NaN,NaN,NaN,NaN,NaN,NaN,NaN,NaN,NaN,NaN,NaN,NaN,NaN,NaN,NaN,NaN,NaN,NaN,NaN,NaN,NaN,NaN,NaN,NaN,NaN,NaN,NaN,NaN,NaN,NaN,NaN,NaN,NaN,NaN,NaN,NaN,NaN,NaN,NaN,NaN,NaN,NaN,NaN,NaN,NaN,NaN,NaN,NaN,NaN,NaN,NaN,NaN,NaN,NaN,NaN,NaN,NaN,NaN,NaN,NaN,NaN,NaN,NaN,NaN,NaN,NaN,NaN,NaN,NaN,NaN,NaN,NaN,NaN,NaN,NaN,NaN,NaN,NaN,NaN,NaN,NaN,NaN,NaN,NaN,NaN,NaN,NaN,NaN,NaN,NaN,NaN,NaN,NaN,NaN,NaN,NaN,NaN,NaN,NaN,NaN,NaN,NaN,NaN,NaN,NaN,NaN,NaN,NaN,NaN,NaN,NaN,NaN,NaN,NaN,NaN,NaN,NaN,NaN,NaN,NaN,NaN,NaN,NaN,NaN,NaN,NaN,NaN,NaN,NaN,NaN,NaN,NaN,NaN,NaN,NaN,NaN,NaN,NaN,NaN,NaN,NaN,NaN,NaN,NaN,NaN,NaN,NaN,NaN,NaN,NaN,NaN,NaN,-0.0805363197656632,-0.0801675468713976,-0.080204877740927,-0.0802154055566909,-0.0802312383710027,-0.08024272308477,-0.0802541351288639,-0.080274638307033,-0.0802844519300359,-0.0802909654482367,-0.0802877891953791,-0.0802851659992093,-0.0802874531910921,-0.0802901842878207,-0.080293141177106,-0.080274841582149,-0.0802555957481064,-0.0802351811494374,-0.0801973847352847,-0.0801389460373275,-0.080095497927119,-0.0800547653512307,-0.0800201880908434,-0.0800145556267337,-0.0800169138509483,-0.0800078827128324,-0.0799899362729702,-0.0799855898716444,-0.0799794560418591,-0.0799723910119445,-0.079965359638109,-0.0799466922956823,-0.0799249814140286,-0.0799067380907707,-0.079883391027675,-0.0794936527367161,-0.0833810137334497,-0.0803701101159538,-0.0799055561346279,-0.0799512256731266,-0.0799497576329889,-0.0799460502698515,-0.0799319266005759,-0.079942370189596,-0.0808991569460443,NaN,NaN,NaN,NaN,NaN,NaN,NaN,-0.079865603195678,-0.0798692831504653,-0.0798731193964947,-0.0798753656634276,-0.0798765769622998,-0.0798779467869806,-0.0798780355500954,-0.0798771492591784,-0.0798746201124789,-0.079871537994883,-0.0798685181568862,-0.0798659859346655,-0.0798623341811871,-0.0798579087910517,-0.0798548859325437,-0.0798534817446733,-0.0798507836711742,-0.0798472183195637,-0.0798394700508847,-0.0798387273062801,-0.0798773922720254
NaN,NaN,NaN,NaN,NaN,NaN,NaN,NaN,NaN,NaN,NaN,NaN,NaN,NaN,NaN,NaN,NaN,NaN,NaN,NaN,NaN,NaN,NaN,NaN,NaN,NaN,NaN,NaN,NaN,NaN,NaN,NaN,NaN,NaN,NaN,NaN,NaN,NaN,NaN,NaN,NaN,NaN,NaN,NaN,NaN,NaN,NaN,NaN,NaN,NaN,NaN,NaN,NaN,NaN,NaN,NaN,NaN,NaN,NaN,NaN,NaN,NaN,NaN,NaN,NaN,NaN,NaN,NaN,NaN,NaN,NaN,NaN,NaN,NaN,NaN,NaN,NaN,NaN,NaN,NaN,NaN,NaN,NaN,NaN,NaN,NaN,NaN,NaN,NaN,NaN,NaN,NaN,NaN,NaN,NaN,NaN,NaN,NaN,NaN,NaN,NaN,NaN,NaN,NaN,NaN,NaN,NaN,NaN,NaN,NaN,NaN,NaN,NaN,NaN,NaN,NaN,NaN,NaN,NaN,NaN,NaN,NaN,NaN,NaN,NaN,NaN,NaN,NaN,NaN,NaN,NaN,NaN,NaN,NaN,NaN,NaN,NaN,NaN,NaN,NaN,NaN,NaN,NaN,NaN,NaN,NaN,NaN,NaN,NaN,NaN,NaN,NaN,NaN,NaN,NaN,NaN,NaN,NaN,NaN,NaN,NaN,NaN,NaN,NaN,NaN,NaN,NaN,NaN,NaN,NaN,NaN,NaN,NaN,-0.080010607496375,-0.0802068998811376,-0.0802180057062253,-0.0802319872188319,-0.0802494495995344,-0.0802667163487557,-0.0802852268656668,-0.0802920292498291,-0.0802925708910997,-0.0802915994668798,-0.0803037572681444,-0.0803175048993862,-0.0803232669537299,-0.0803131176104235,-0.0803041997071448,-0.0803079930339841,-0.0802927049910255,-0.0802426562801519,-0.0801610690678603,-0.0801064488662998,-0.0800644267103471,-0.0800449089415168,-0.0800499076190727,-0.0800562734862275,-0.0800483069288905,-0.0800207673896083,-0.0799930804346384,-0.0799976217936044,-0.0799951704016346,-0.0799737704154753,-0.079947907411924,-0.0799210609585966,-0.0798967434950862,-0.0798693297462838,NaN,NaN,NaN,NaN,NaN,NaN,NaN,NaN,NaN,NaN,NaN,NaN,NaN,NaN,NaN,NaN,NaN,-0.0798600373196657,-0.0798640458911996,-0.0798691642201378,-0.0798706298622046,-0.0798710599930108,-0.0798733633446077,-0.0798745564203662,-0.0798737028915861,-0.0798712879937768,-0.0798680022043794,-0.0798649456188048,-0.0798628794122919,-0.0798605329624964,-0.0798562412269578,-0.0798529312169805,-0.0798512444889874,-0.0798486178133957,-0.0798448453793642,-0.0798369327312837,-0.0798353975991826,-0.0798743292675276
NaN,NaN,NaN,NaN,NaN,NaN,NaN,NaN,NaN,NaN,NaN,NaN,NaN,NaN,NaN,NaN,NaN,NaN,NaN,NaN,NaN,NaN,NaN,NaN,NaN,NaN,NaN,NaN,NaN,NaN,NaN,NaN,NaN,NaN,NaN,NaN,NaN,NaN,NaN,NaN,NaN,NaN,NaN,NaN,NaN,NaN,NaN,NaN,NaN,NaN,NaN,NaN,NaN,NaN,NaN,NaN,NaN,NaN,NaN,NaN,NaN,NaN,NaN,NaN,NaN,NaN,NaN,NaN,NaN,NaN,NaN,NaN,NaN,NaN,NaN,NaN,NaN,NaN,NaN,NaN,NaN,NaN,NaN,NaN,NaN,NaN,NaN,NaN,NaN,NaN,NaN,NaN,NaN,NaN,NaN,NaN,NaN,NaN,NaN,NaN,NaN,NaN,NaN,NaN,NaN,NaN,NaN,NaN,NaN,NaN,NaN,NaN,NaN,NaN,NaN,NaN,NaN,NaN,NaN,NaN,NaN,NaN,NaN,NaN,NaN,NaN,NaN,NaN,NaN,NaN,NaN,NaN,NaN,NaN,NaN,NaN,NaN,NaN,NaN,NaN,NaN,NaN,NaN,NaN,NaN,NaN,NaN,NaN,NaN,NaN,NaN,NaN,NaN,NaN,NaN,NaN,NaN,NaN,NaN,NaN,NaN,-0.0750493514348088,-0.0758327129878806,-0.076920351745895,-0.0758480201629731,-0.0750732668882217,-0.0745325936850391,NaN,NaN,NaN,NaN,NaN,NaN,NaN,-0.0800127406518118,-0.0802177114064264,-0.0802314816138575,-0.0802494911292884,-0.0802728051991157,-0.0802911005902871,-0.0802998694284092,-0.0802917929980873,-0.0802993239308883,-0.0803234937026968,-0.0803401979583144,-0.0803524644559923,-0.0803484762362043,-0.0803567751503993,-0.0803604869874427,-0.0803377085017027,-0.0802838159327015,-0.0802099922672802,-0.0801378486391352,-0.0800998108155215,-0.0800825832176209,-0.0800723337605016,-0.0800522563454837,-0.0800105474537,-0.07996418067043,-0.0799550681909705,-0.0799925427724388,-0.0800227140160163,-0.0800018255532514,-0.0799721741147864,-0.0799105571276296,-0.0798546273060433,-0.0794243417329654,NaN,NaN,NaN,NaN,NaN,NaN,NaN,NaN,NaN,NaN,NaN,NaN,NaN,NaN,NaN,NaN,NaN,-0.0798553128248257,-0.0798590754765014,-0.0798636539819159,-0.0798657955967959,-0.0798670851958299,-0.0798690905685604,-0.0798709122588422,-0.0798697940500536,-0.0798673031353688,-0.0798646242408766,-0.0798614850993401,-0.0798596997029898,-0.0798581126134257,-0.0798539243782196,-0.0798504113174777,-0.0798485001669853,-0.0798463435943004,-0.0798427839801552,-0.0798347306581481,-0.0798328979854107,-0.0798720999227445
NaN,NaN,NaN,NaN,NaN,NaN,NaN,NaN,NaN,NaN,NaN,NaN,NaN,NaN,NaN,NaN,NaN,NaN,NaN,NaN,NaN,NaN,NaN,NaN,NaN,NaN,NaN,NaN,NaN,NaN,NaN,NaN,NaN,NaN,NaN,NaN,NaN,NaN,NaN,NaN,NaN,NaN,NaN,NaN,NaN,NaN,NaN,NaN,NaN,NaN,NaN,NaN,NaN,NaN,NaN,NaN,NaN,NaN,NaN,NaN,NaN,NaN,NaN,NaN,NaN,NaN,NaN,NaN,NaN,NaN,NaN,NaN,NaN,NaN,NaN,NaN,NaN,NaN,NaN,NaN,NaN,NaN,NaN,NaN,NaN,NaN,NaN,NaN,NaN,NaN,NaN,NaN,NaN,NaN,NaN,NaN,NaN,NaN,NaN,NaN,NaN,NaN,NaN,NaN,NaN,NaN,NaN,NaN,NaN,NaN,NaN,NaN,NaN,NaN,NaN,NaN,NaN,NaN,NaN,NaN,NaN,NaN,NaN,NaN,NaN,NaN,NaN,NaN,NaN,NaN,NaN,NaN,NaN,NaN,NaN,NaN,NaN,NaN,NaN,NaN,NaN,NaN,NaN,NaN,NaN,NaN,NaN,NaN,NaN,NaN,NaN,NaN,NaN,NaN,NaN,NaN,NaN,NaN,NaN,NaN,NaN,-0.0758316520882197,-0.0769250382149175,-0.0784294020497601,-0.0769215899898256,-0.0758482605143619,-0.075080614540092,NaN,NaN,NaN,NaN,NaN,NaN,NaN,-0.0796970542802156,-0.0802271633931374,-0.0802368804621652,-0.080255325463432,-0.0802827269484274,-0.0803039680291776,-0.0803054802604877,-0.0803041011046369,-0.0803160765247018,-0.0803371827529558,-0.0803582528501153,-0.0803790349578248,-0.0803973167802599,-0.0804151921046967,-0.0804152627417887,-0.0803917103895742,-0.0803423916804487,-0.0802906197161915,-0.080236986009467,-0.0801804223733203,-0.0801327268284422,-0.0800623448018448,-0.0799711627379755,-0.0798765561322194,-0.0800653306722504,-0.0801217601226876,-0.0800501890675702,-0.0800749093061339,-0.0800625366986197,-0.0798823728538724,-0.0796499170342315,-0.080726710904466,NaN,NaN,NaN,NaN,NaN,NaN,NaN,NaN,NaN,NaN,NaN,NaN,NaN,NaN,NaN,NaN,NaN,NaN,-0.0798509774850701,-0.0798548740893091,-0.0798583778330427,-0.0798611402003993,-0.079863264639936,-0.0798648022859573,-0.0798663567767937,-0.0798652433940448,-0.079863019796604,-0.0798606800971027,-0.0798580514150534,-0.0798560997943311,-0.0798546275469088,-0.079851180198875,-0.079847188186798,-0.0798450008372418,-0.0798430815349104,-0.0798398293645096,-0.0798320629368337,-0.079830214389823,-0.0798696820314648
NaN,NaN,NaN,NaN,NaN,NaN,NaN,NaN,NaN,NaN,NaN,NaN,NaN,NaN,NaN,NaN,NaN,NaN,NaN,NaN,NaN,NaN,NaN,NaN,NaN,NaN,NaN,NaN,NaN,NaN,NaN,NaN,NaN,NaN,NaN,NaN,NaN,NaN,NaN,NaN,NaN,NaN,NaN,NaN,NaN,NaN,NaN,NaN,NaN,NaN,NaN,NaN,NaN,NaN,NaN,NaN,NaN,NaN,NaN,NaN,NaN,NaN,NaN,NaN,NaN,NaN,NaN,NaN,NaN,NaN,NaN,NaN,NaN,NaN,NaN,NaN,NaN,NaN,NaN,NaN,NaN,NaN,NaN,NaN,NaN,NaN,NaN,NaN,NaN,NaN,NaN,NaN,NaN,NaN,NaN,NaN,NaN,NaN,NaN,NaN,NaN,NaN,NaN,NaN,NaN,NaN,NaN,NaN,NaN,NaN,NaN,NaN,NaN,NaN,NaN,NaN,NaN,NaN,NaN,NaN,NaN,NaN,NaN,NaN,NaN,NaN,NaN,NaN,NaN,NaN,NaN,NaN,NaN,NaN,NaN,NaN,NaN,NaN,NaN,NaN,NaN,NaN,NaN,NaN,NaN,NaN,NaN,NaN,NaN,NaN,NaN,NaN,NaN,NaN,NaN,NaN,NaN,NaN,NaN,NaN,NaN,NaN,NaN,-0.0803818946625546,-0.0784261863195557,-0.0769149044023436,-0.0758500778299445,NaN,NaN,NaN,NaN,NaN,NaN,NaN,-0.0799593861371461,-0.080230272330176,-0.0802465795798795,-0.0802701360087962,-0.0802938634587062,-0.0803070527246807,-0.0803034267314041,-0.0803142271974515,-0.0803361060532005,-0.0803520068651361,-0.0803763750617023,-0.0804011397953993,-0.0804262750406413,-0.0804558256797633,-0.0804614923328661,-0.0804426782595239,-0.0804095432175511,-0.0803758172029674,-0.0803405502512571,-0.0803036072456441,-0.0802087401273538,-0.0800782964118081,-0.0799601279715252,-0.0801348694491226,-0.0804995523970291,-0.0805508111458341,-0.080402745918239,-0.0803397843315218,-0.0803234721652286,-0.0797423631486235,-0.0797017951407797,-0.0852684900520674,NaN,NaN,NaN,NaN,NaN,NaN,NaN,NaN,NaN,NaN,NaN,NaN,NaN,NaN,NaN,NaN,NaN,NaN,-0.0798469343222046,-0.0798507906299997,-0.0798539208209479,-0.0798562466670985,-0.0798581842444165,-0.0798598518803324,-0.0798609205340292,-0.0798602137983944,-0.0798587084601692,-0.0798563277741235,-0.079854217392103,-0.079852503826245,-0.0798508651314365,-0.0798483969281168,-0.0798439760570844,-0.0798413211159585,-0.0798391636254812,-0.0798360267455682,-0.0798283742236901,-0.0798262944268986,-0.0798660334674296
NaN,NaN,NaN,NaN,NaN,NaN,NaN,NaN,NaN,NaN,NaN,NaN,NaN,NaN,NaN,NaN,NaN,NaN,NaN,NaN,NaN,NaN,NaN,NaN,NaN,NaN,NaN,NaN,NaN,NaN,NaN,NaN,NaN,NaN,NaN,NaN,NaN,NaN,NaN,NaN,NaN,NaN,NaN,NaN,NaN,NaN,NaN,NaN,NaN,NaN,NaN,NaN,NaN,NaN,NaN,NaN,NaN,NaN,NaN,NaN,NaN,NaN,NaN,NaN,NaN,NaN,NaN,NaN,NaN,NaN,NaN,NaN,NaN,NaN,NaN,NaN,NaN,NaN,NaN,NaN,NaN,NaN,NaN,NaN,NaN,NaN,NaN,NaN,NaN,NaN,NaN,NaN,NaN,NaN,NaN,NaN,NaN,NaN,NaN,NaN,NaN,NaN,NaN,NaN,NaN,NaN,NaN,NaN,NaN,NaN,NaN,NaN,NaN,NaN,NaN,NaN,NaN,NaN,NaN,NaN,NaN,NaN,NaN,NaN,NaN,NaN,NaN,NaN,NaN,NaN,NaN,NaN,NaN,NaN,NaN,NaN,NaN,NaN,NaN,NaN,NaN,NaN,NaN,NaN,NaN,NaN,NaN,NaN,NaN,NaN,NaN,NaN,NaN,NaN,NaN,NaN,NaN,NaN,NaN,NaN,NaN,NaN,NaN,-0.0828476366302578,-0.0803749266596477,NaN,NaN,NaN,NaN,NaN,NaN,NaN,NaN,NaN,-0.079680434893129,-0.0802197594947992,-0.080245716752937,-0.080277495063236,-0.0802956893124397,-0.0803082403870611,-0.0803077032253188,-0.0803167800930746,-0.0803674657927524,-0.0803566896385396,-0.0803767380266809,-0.0804204186687489,-0.0804425931556874,-0.0804654736072632,-0.0804842622839055,-0.0804743373226437,-0.0804585068314906,-0.0804521679121953,-0.0804357254023897,-0.0804140471572291,-0.0803356642201356,-0.0802056264177841,-0.0801112859113544,-0.0804472604502955,-0.0807782773416529,-0.0808199561038875,-0.0807484056676999,-0.0806523890623007,-0.0806407709428522,-0.0805685539155325,-0.0809493694187832,NaN,NaN,NaN,NaN,NaN,NaN,NaN,NaN,NaN,NaN,NaN,NaN,NaN,NaN,NaN,NaN,NaN,NaN,NaN,-0.079843632902774,-0.0798468442451773,-0.0798489773239528,-0.0798507214353948,-0.0798523329932799,-0.0798536220461327,-0.0798549303815313,-0.0798544993399009,-0.0798532579191105,-0.0798510876400673,-0.0798491813307101,-0.0798478303519505,-0.0798462913789423,-0.0798444114481247,-0.0798403831380821,-0.0798371831720526,-0.0798352989949463,-0.0798319607161028,-0.0798243528729797,-0.0798216620949535,-0.0798616623391171
NaN,NaN,NaN,NaN,NaN,NaN,NaN,NaN,NaN,NaN,NaN,NaN,NaN,NaN,NaN,NaN,NaN,NaN,NaN,NaN,NaN,NaN,NaN,NaN,NaN,NaN,NaN,NaN,NaN,NaN,NaN,NaN,NaN,NaN,NaN,NaN,NaN,NaN,NaN,NaN,NaN,NaN,NaN,NaN,NaN,NaN,NaN,NaN,NaN,NaN,NaN,NaN,NaN,NaN,NaN,NaN,NaN,NaN,NaN,NaN,NaN,NaN,NaN,NaN,NaN,NaN,NaN,NaN,NaN,NaN,NaN,NaN,NaN,NaN,NaN,NaN,NaN,NaN,NaN,NaN,NaN,NaN,NaN,NaN,NaN,NaN,NaN,NaN,NaN,NaN,NaN,NaN,NaN,NaN,NaN,NaN,NaN,NaN,NaN,NaN,NaN,NaN,NaN,NaN,NaN,NaN,NaN,NaN,NaN,NaN,NaN,NaN,NaN,NaN,NaN,NaN,NaN,NaN,NaN,NaN,NaN,NaN,NaN,NaN,NaN,NaN,NaN,NaN,NaN,NaN,NaN,NaN,NaN,NaN,NaN,NaN,NaN,NaN,NaN,NaN,NaN,NaN,NaN,NaN,NaN,NaN,NaN,NaN,NaN,NaN,NaN,NaN,NaN,NaN,NaN,NaN,NaN,NaN,NaN,NaN,NaN,NaN,NaN,-0.0858395160450862,-0.0828503496001546,NaN,NaN,NaN,NaN,NaN,NaN,NaN,NaN,NaN,NaN,-0.0800781072741757,-0.0802177144439967,-0.0802624062162938,-0.0803019363342915,-0.0803273325741865,-0.0803304481324102,-0.0803257700644139,NaN,NaN,-0.0803750956636958,-0.0804247101148708,-0.0804482211304353,-0.0804668086415795,-0.0804813623209329,-0.0804855026309348,-0.0805011668796166,-0.0805265946114948,-0.08052967083834,-0.080507048562991,-0.0804497798383894,-0.0803008125352117,-0.0802822467063395,-0.0806745241865007,-0.080956841444595,-0.0809815984700302,-0.0809270032103566,-0.0808503449842322,-0.0808077832787412,-0.0807222898578793,-0.0817574210304334,NaN,NaN,NaN,NaN,NaN,NaN,NaN,NaN,NaN,NaN,NaN,NaN,NaN,NaN,NaN,NaN,NaN,NaN,NaN,-0.0798410146352601,-0.0798433320956351,-0.0798440068969926,-0.0798448687697084,-0.0798463323875335,-0.0798475759683369,-0.0798483682247784,-0.0798486622216884,-0.0798474908533521,-0.0798454315423397,-0.0798431902097534,-0.0798423063973314,-0.079841519682649,-0.0798397681445115,-0.0798365810586509,-0.0798329149842259,-0.0798314176400039,-0.0798282473347817,-0.0798209546625337,-0.0798181192660448,-0.0798583801405067
NaN,NaN,NaN,NaN,NaN,NaN,NaN,NaN,NaN,NaN,NaN,NaN,NaN,NaN,NaN,NaN,NaN,NaN,NaN,NaN,NaN,NaN,NaN,NaN,NaN,NaN,NaN,NaN,NaN,NaN,NaN,NaN,NaN,NaN,NaN,NaN,NaN,NaN,NaN,NaN,NaN,NaN,NaN,NaN,NaN,NaN,NaN,NaN,NaN,NaN,NaN,NaN,NaN,NaN,NaN,NaN,NaN,NaN,NaN,NaN,NaN,NaN,NaN,NaN,NaN,NaN,NaN,NaN,NaN,NaN,NaN,NaN,NaN,NaN,NaN,NaN,NaN,NaN,NaN,NaN,NaN,NaN,NaN,NaN,NaN,NaN,NaN,NaN,NaN,NaN,NaN,NaN,NaN,NaN,NaN,NaN,NaN,NaN,NaN,NaN,NaN,NaN,NaN,NaN,NaN,NaN,NaN,NaN,NaN,NaN,NaN,NaN,NaN,NaN,NaN,NaN,NaN,NaN,NaN,NaN,NaN,NaN,NaN,NaN,NaN,NaN,NaN,NaN,NaN,NaN,NaN,NaN,NaN,NaN,NaN,NaN,NaN,NaN,NaN,NaN,NaN,NaN,NaN,NaN,NaN,NaN,NaN,NaN,NaN,NaN,NaN,NaN,NaN,NaN,NaN,NaN,NaN,NaN,NaN,NaN,NaN,NaN,NaN,-0.0876774864967655,-0.0858227931660647,NaN,NaN,NaN,NaN,NaN,-0.0868640441922254,-0.0866201854902223,-0.0819028794953343,-0.0811262368903645,-0.0801188330603484,-0.0803874028378324,-0.0803314584034678,-0.0802985936926737,-0.0803533069033672,-0.0803701413409726,-0.0803728075750607,-0.0803504796917154,NaN,NaN,-0.0804106044252484,-0.0804359862033824,-0.0804607160669046,-0.0804866295212893,-0.0805045908691775,-0.080520970812664,-0.0805453228411218,-0.080575968329707,-0.0805962879208406,-0.0805718058985501,-0.0805143830138295,-0.0804136538413769,-0.0804825816601782,-0.0808429293448012,-0.0810466879216504,-0.0810726039094898,-0.0810322366793912,-0.0809728459288753,-0.0809471811430425,-0.0809492447676255,-0.0803857008093751,-0.0856091791558431,NaN,NaN,NaN,NaN,NaN,NaN,NaN,NaN,NaN,NaN,NaN,NaN,NaN,NaN,NaN,NaN,NaN,NaN,-0.0798371935046868,-0.0798393330430319,-0.0798392918064862,-0.0798394145508444,-0.0798402810597069,-0.0798419523836562,-0.079842446816137,-0.079842408265914,-0.0798413643454413,-0.0798391702781469,-0.07983726277796,-0.0798366233335165,-0.0798365080414376,-0.0798351839481343,-0.0798326856826025,-0.0798289119282882,-0.0798277133915832,-0.0798248989606413,-0.0798181098992939,-0.0798154573410624,-0.079855980756551
NaN,NaN,NaN,NaN,NaN,NaN,NaN,NaN,NaN,NaN,NaN,NaN,NaN,NaN,NaN,NaN,NaN,NaN,NaN,NaN,NaN,NaN,NaN,NaN,NaN,NaN,NaN,NaN,NaN,NaN,NaN,NaN,NaN,NaN,NaN,NaN,NaN,NaN,NaN,NaN,NaN,NaN,NaN,NaN,NaN,NaN,NaN,NaN,NaN,NaN,NaN,NaN,NaN,NaN,NaN,NaN,NaN,NaN,NaN,NaN,NaN,NaN,NaN,NaN,NaN,NaN,NaN,NaN,NaN,NaN,NaN,NaN,NaN,NaN,NaN,NaN,NaN,NaN,NaN,NaN,NaN,NaN,NaN,NaN,NaN,NaN,NaN,NaN,NaN,NaN,NaN,NaN,NaN,NaN,NaN,NaN,NaN,NaN,NaN,NaN,NaN,NaN,NaN,NaN,NaN,NaN,NaN,NaN,NaN,NaN,NaN,NaN,NaN,NaN,NaN,NaN,NaN,NaN,NaN,NaN,NaN,NaN,NaN,NaN,NaN,NaN,NaN,NaN,NaN,NaN,NaN,NaN,NaN,NaN,NaN,NaN,NaN,NaN,NaN,NaN,NaN,NaN,NaN,NaN,NaN,NaN,NaN,NaN,NaN,NaN,NaN,NaN,NaN,NaN,NaN,NaN,NaN,NaN,NaN,NaN,-0.0877712346615444,-0.0877589707150523,-0.0877298977542592,-0.0853301718983167,-0.0876474333570549,NaN,-0.0873122396044107,-0.0872312203225371,-0.087143485901441,-0.0831381699143193,-0.0828886243644511,-0.0821180343090827,-0.0809590342073027,-0.0808179543740979,-0.0807959431925279,-0.0805947136630056,-0.0805005954386816,-0.0804270628432146,-0.0804216784183756,-0.080426021205491,-0.0804124887258052,-0.0798271398760651,NaN,NaN,-0.0804589350751399,-0.0804814408790842,-0.0805054325954148,-0.0805265212397307,-0.0805416218067288,-0.0805552623490586,-0.0805830829943381,-0.080622753566204,-0.0806477655678357,-0.0806306374859242,-0.0805785093488093,-0.0805817158374598,-0.0807428218123814,-0.0809689792215484,-0.0810659188109892,-0.0810763877295562,-0.0810378117941405,-0.0810289341822215,-0.0810380235682012,-0.0810503759747005,-0.0810758216770014,-0.0805197506025263,NaN,NaN,NaN,NaN,NaN,NaN,NaN,NaN,NaN,NaN,NaN,NaN,NaN,NaN,NaN,NaN,NaN,NaN,-0.0798326354278386,-0.079835207046334,-0.0798349120176635,-0.0798346335224699,-0.0798347225773696,-0.0798366665451764,-0.0798372057988068,-0.0798367984666113,-0.079835544746152,-0.0798332940782666,-0.0798317570744971,-0.079831084753724,-0.079831370885712,-0.0798306617182186,-0.0798287387436792,-0.0798255175263933,-0.0798244575879189,-0.0798220204309754,-0.0798151385357028,-0.0798130977773832,-0.0798538987318158
NaN,NaN,NaN,NaN,NaN,NaN,NaN,NaN,NaN,NaN,NaN,NaN,NaN,NaN,NaN,NaN,NaN,NaN,NaN,NaN,NaN,NaN,NaN,NaN,NaN,NaN,NaN,NaN,NaN,NaN,NaN,NaN,NaN,NaN,NaN,NaN,NaN,NaN,NaN,NaN,NaN,NaN,NaN,NaN,NaN,NaN,NaN,NaN,NaN,NaN,NaN,NaN,NaN,NaN,NaN,NaN,NaN,NaN,NaN,NaN,NaN,NaN,NaN,NaN,NaN,NaN,NaN,NaN,NaN,NaN,NaN,NaN,NaN,NaN,NaN,NaN,NaN,NaN,NaN,NaN,NaN,NaN,NaN,NaN,NaN,NaN,NaN,NaN,NaN,NaN,NaN,NaN,NaN,NaN,NaN,NaN,NaN,NaN,NaN,NaN,NaN,NaN,NaN,NaN,NaN,NaN,NaN,NaN,NaN,NaN,NaN,NaN,NaN,NaN,NaN,NaN,NaN,NaN,NaN,NaN,NaN,NaN,NaN,NaN,NaN,NaN,NaN,NaN,NaN,NaN,NaN,NaN,NaN,NaN,NaN,NaN,NaN,NaN,NaN,NaN,NaN,NaN,NaN,NaN,NaN,NaN,NaN,NaN,NaN,NaN,NaN,NaN,NaN,NaN,NaN,NaN,NaN,NaN,NaN,NaN,-0.0877724676281888,-0.0877531541977606,-0.0877036416313986,-0.0852765814771004,-0.0851789969670387,-0.0874392158081541,-0.0839878081852492,-0.0835418667612707,-0.0834270597838241,-0.0831834490643293,-0.0825197352945414,-0.0812790034319625,-0.0812944372968223,-0.081212992592117,-0.0809503336358566,-0.0807453063235153,-0.0806046736184135,-0.0805417949424131,-0.0805004567401493,-0.0804838582457937,-0.0798911557202752,-0.0851413931245822,NaN,NaN,-0.0805035084726315,-0.080512999199255,-0.0805276098327665,-0.0805532326315151,-0.0805701795329043,-0.0806001216665179,-0.0806355468359475,-0.0806692549524832,-0.0806943077371772,-0.0806934735363622,-0.0806978396818573,-0.0807488479019713,-0.0808658731547411,-0.0809443977967095,-0.0810011432464661,-0.0809831779405215,-0.0809791761264069,-0.081043904379649,-0.0810884311625726,-0.0811106116033028,-0.0811273535773407,-0.0811481551737107,NaN,NaN,NaN,NaN,NaN,NaN,NaN,NaN,NaN,NaN,NaN,NaN,NaN,NaN,NaN,NaN,NaN,NaN,-0.0798294467433876,-0.0798323485219472,-0.0798315582026505,-0.0798309646498116,-0.0798302272373394,-0.0798313576822398,-0.0798320177808754,-0.0798318350510469,-0.0798300652714306,-0.0798281709100851,-0.0798266712215791,-0.0798261304375755,-0.0798265315123166,-0.0798265618415511,-0.0798249332480379,-0.0798221073094995,-0.0798213168425101,-0.0798194556038107,-0.0798122957489959,-0.0798110426740227,-0.0798521246351204
NaN,NaN,NaN,NaN,NaN,NaN,NaN,NaN,NaN,NaN,NaN,NaN,NaN,NaN,NaN,NaN,NaN,NaN,NaN,NaN,NaN,NaN,NaN,NaN,NaN,NaN,NaN,NaN,NaN,NaN,NaN,NaN,NaN,NaN,NaN,NaN,NaN,NaN,NaN,NaN,NaN,NaN,NaN,NaN,NaN,NaN,NaN,NaN,NaN,NaN,NaN,NaN,NaN,NaN,NaN,NaN,NaN,NaN,NaN,NaN,NaN,NaN,NaN,NaN,NaN,NaN,NaN,NaN,NaN,NaN,NaN,NaN,NaN,NaN,NaN,NaN,NaN,NaN,NaN,NaN,NaN,NaN,NaN,NaN,NaN,NaN,NaN,NaN,NaN,NaN,NaN,NaN,NaN,NaN,NaN,NaN,NaN,NaN,NaN,NaN,NaN,NaN,NaN,NaN,NaN,NaN,NaN,NaN,NaN,NaN,NaN,NaN,NaN,NaN,NaN,NaN,NaN,NaN,NaN,NaN,NaN,NaN,NaN,NaN,NaN,NaN,NaN,NaN,NaN,NaN,NaN,NaN,NaN,NaN,NaN,NaN,NaN,NaN,NaN,NaN,NaN,NaN,NaN,NaN,NaN,NaN,NaN,NaN,NaN,NaN,NaN,NaN,NaN,NaN,NaN,NaN,NaN,NaN,NaN,NaN,-0.0877553916516575,-0.0877488419266691,-0.0853165502079044,-0.0852332437473845,-0.085046628362362,-0.0846082769885383,-0.0838706122073452,-0.082732678632946,-0.0828351453093819,-0.0832090532682699,-0.0818823012501504,-0.0816352628405688,-0.0816198111701504,-0.0813683997789964,-0.0810580982612986,-0.0808244686550811,-0.0807447796039498,-0.0806443233500752,-0.0805896531785567,-0.0799809856368953,-0.0817436572121688,NaN,NaN,NaN,-0.0799882135102527,-0.0805315823231674,-0.0805529072450916,-0.0805859991819774,-0.0806131962871049,-0.0806436753454356,-0.080673531974574,-0.0806980646439375,-0.0807134078946625,-0.0807277060291463,-0.0807429559846592,-0.0807796531362427,-0.0808120270475869,-0.080877323097909,-0.0809384069310583,-0.0809551277930036,-0.081038807493747,-0.0811316417530041,-0.0811559382863065,-0.0811642844895203,-0.0811701983043474,-0.0811718329486086,NaN,NaN,NaN,NaN,NaN,NaN,NaN,NaN,NaN,NaN,NaN,NaN,NaN,NaN,NaN,NaN,NaN,NaN,-0.0798271179463463,-0.0798296772831195,-0.0798289947294706,-0.0798281470732541,-0.079826687094498,-0.0798265484221903,-0.0798273494945976,-0.0798270145811199,-0.0798252989646513,-0.0798235545171422,-0.079822248880043,-0.0798216826457494,-0.0798220364364834,-0.079822682618978,-0.07982151242145,-0.0798190839337998,-0.0798185214848933,-0.0798166841996195,-0.0798092867976989,-0.0798085134476209,-0.0798498750583576
NaN,NaN,NaN,NaN,NaN,NaN,NaN,NaN,NaN,NaN,NaN,NaN,NaN,NaN,NaN,NaN,NaN,NaN,NaN,NaN,NaN,NaN,NaN,NaN,NaN,NaN,NaN,NaN,NaN,NaN,NaN,NaN,NaN,NaN,NaN,NaN,NaN,NaN,NaN,NaN,NaN,NaN,NaN,NaN,NaN,NaN,NaN,NaN,NaN,NaN,NaN,NaN,NaN,NaN,NaN,NaN,NaN,NaN,NaN,NaN,NaN,NaN,NaN,NaN,NaN,NaN,NaN,NaN,NaN,NaN,NaN,NaN,NaN,NaN,NaN,NaN,NaN,NaN,NaN,NaN,NaN,NaN,NaN,NaN,NaN,NaN,NaN,NaN,NaN,NaN,NaN,NaN,NaN,NaN,NaN,NaN,NaN,NaN,NaN,NaN,NaN,NaN,NaN,NaN,NaN,NaN,NaN,NaN,NaN,NaN,NaN,NaN,NaN,NaN,NaN,NaN,NaN,NaN,NaN,NaN,NaN,NaN,NaN,NaN,NaN,NaN,NaN,NaN,NaN,NaN,NaN,NaN,NaN,NaN,NaN,NaN,NaN,NaN,NaN,NaN,NaN,NaN,NaN,NaN,NaN,NaN,NaN,NaN,NaN,NaN,NaN,NaN,NaN,NaN,NaN,NaN,NaN,NaN,NaN,-0.0859039729088713,-0.0877989185156989,-0.0876053563942561,-0.0863848734892132,-0.0876642139092704,-0.0874368956771114,-0.0874842982344506,-0.0870714623882662,-0.0824567665851966,-0.0819096326868545,-0.0819695495157349,-0.0816655955369284,-0.0819615573467501,-0.0817672822247942,-0.0814939225686708,-0.0812322951177148,-0.0809709869263811,-0.0808285567295004,-0.0806921614547733,-0.0801123609131014,-0.085282603683592,-0.0864345211704627,NaN,NaN,NaN,NaN,-0.0800269873761211,-0.08040821197431,-0.0806391716142464,-0.0806515672762192,-0.0806684788823953,-0.0806906531851824,-0.0807063510238974,-0.080713529055105,-0.0807270240625988,-0.080734609535199,-0.0807548108866314,-0.0807903560554118,-0.080896210020871,-0.0809601731959566,-0.081041755229625,-0.0811336923635491,-0.0811847083446902,-0.0811850743150859,-0.0811774929933209,-0.0811878315878937,-0.0812000083411834,-0.081223658383628,NaN,NaN,NaN,NaN,NaN,NaN,NaN,NaN,NaN,NaN,NaN,NaN,NaN,NaN,NaN,NaN,NaN,-0.0798249436875726,-0.0798271832779401,-0.0798266497887778,-0.0798258072662222,-0.079823954653741,-0.0798228923854732,-0.0798230124790413,-0.0798225982243258,-0.0798208819819193,-0.0798196570673379,-0.07981882719708,-0.079818733969238,-0.0798188558536373,-0.0798194598359311,-0.079818037632748,-0.0798162540155606,-0.079815672825482,-0.07981327415098,-0.0798060430914275,-0.0798053756974664,-0.0798470158353183
NaN,NaN,NaN,NaN,NaN,NaN,NaN,NaN,NaN,NaN,NaN,NaN,NaN,NaN,NaN,NaN,NaN,NaN,NaN,NaN,NaN,NaN,NaN,NaN,NaN,NaN,NaN,NaN,NaN,NaN,NaN,NaN,NaN,NaN,NaN,NaN,NaN,NaN,NaN,NaN,NaN,NaN,NaN,NaN,NaN,NaN,NaN,NaN,NaN,NaN,NaN,NaN,NaN,NaN,NaN,NaN,NaN,NaN,NaN,NaN,NaN,NaN,NaN,NaN,NaN,NaN,NaN,NaN,NaN,NaN,NaN,NaN,NaN,NaN,NaN,NaN,NaN,NaN,NaN,NaN,NaN,NaN,NaN,NaN,NaN,NaN,NaN,NaN,NaN,NaN,NaN,NaN,NaN,NaN,NaN,NaN,NaN,NaN,NaN,NaN,NaN,NaN,NaN,NaN,NaN,NaN,NaN,NaN,NaN,NaN,NaN,NaN,NaN,NaN,NaN,NaN,NaN,NaN,NaN,NaN,NaN,NaN,NaN,NaN,NaN,NaN,NaN,NaN,NaN,NaN,NaN,NaN,NaN,NaN,NaN,NaN,NaN,NaN,NaN,NaN,NaN,NaN,NaN,NaN,NaN,NaN,NaN,NaN,NaN,NaN,NaN,NaN,NaN,NaN,NaN,NaN,NaN,NaN,-0.0804339929154943,-0.0828684301182406,-0.0858991354004798,-0.0850359842755216,-0.0876024267638406,-0.0858682372780167,NaN,NaN,NaN,-0.0858895080612113,-0.0818497155347349,-0.0819470326099814,-0.0820940409835729,-0.082077242613632,-0.081940170713228,-0.0817102634668002,-0.0813994411429071,-0.0807999294108193,-0.0806770907133718,-0.0819423469375787,-0.0853664595639036,-0.0862480066333408,NaN,NaN,NaN,NaN,NaN,NaN,-0.080343293787604,-0.0806682674462624,-0.0806621052182143,-0.0806786448205841,-0.0806965263827462,-0.0807051672289147,-0.0807129082779955,-0.0807219403301183,-0.0807206503487136,-0.0807414406227164,-0.080801879349962,-0.0808956817400393,-0.0809849815730341,-0.081085232465985,-0.0811468495878099,-0.0811491518373092,-0.0811295777910168,-0.0811558288163169,-0.0811914116452161,-0.0812161237315207,-0.0812287885774488,NaN,NaN,NaN,NaN,NaN,NaN,NaN,NaN,NaN,NaN,NaN,NaN,NaN,NaN,NaN,NaN,NaN,-0.0798230677441168,-0.0798248032445297,-0.0798248376703384,-0.0798241339671105,-0.0798221465460414,-0.079820516046919,-0.0798197689829068,-0.0798193695857967,-0.0798180514300429,-0.0798171534549399,-0.0798164548668774,-0.0798163310605367,-0.0798162922493059,-0.0798166522684282,-0.0798148471326515,-0.079813335297639,-0.0798131007859213,-0.0798105603842886,-0.079802938554475,-0.0798021046143819,-0.0798440382060033
NaN,NaN,NaN,NaN,NaN,NaN,NaN,NaN,NaN,NaN,NaN,NaN,NaN,NaN,NaN,NaN,NaN,NaN,NaN,NaN,NaN,NaN,NaN,NaN,NaN,NaN,NaN,NaN,NaN,NaN,NaN,NaN,NaN,NaN,NaN,NaN,NaN,NaN,NaN,NaN,NaN,NaN,NaN,NaN,NaN,NaN,NaN,NaN,NaN,NaN,NaN,NaN,NaN,NaN,NaN,NaN,NaN,NaN,NaN,NaN,NaN,NaN,NaN,NaN,NaN,NaN,NaN,NaN,NaN,NaN,NaN,NaN,NaN,NaN,NaN,NaN,NaN,NaN,NaN,NaN,NaN,NaN,NaN,NaN,NaN,NaN,NaN,NaN,NaN,NaN,NaN,NaN,NaN,NaN,NaN,NaN,NaN,NaN,NaN,NaN,NaN,NaN,NaN,NaN,NaN,NaN,NaN,NaN,NaN,NaN,NaN,NaN,NaN,NaN,NaN,NaN,NaN,NaN,NaN,NaN,NaN,NaN,NaN,NaN,NaN,NaN,NaN,NaN,NaN,NaN,NaN,NaN,NaN,NaN,NaN,NaN,NaN,NaN,NaN,NaN,NaN,NaN,NaN,NaN,NaN,NaN,NaN,NaN,NaN,NaN,NaN,NaN,NaN,NaN,NaN,NaN,NaN,NaN,-0.0784757917653636,-0.0804372145443868,NaN,NaN,NaN,NaN,NaN,NaN,-0.0871321072431074,-0.0831931677993464,-0.0824918514107363,-0.0821384301830058,-0.082176498419302,-0.0821501592050055,-0.0820683252880472,-0.0819239798272564,-0.0814967546265547,-0.0839517662228442,-0.0844070212859345,NaN,NaN,NaN,NaN,NaN,NaN,NaN,NaN,NaN,NaN,NaN,-0.0806439240867608,-0.08066549641239,-0.0806920378537259,-0.0806983282373012,-0.0807044596487843,-0.0806968904284699,-0.0806921861084692,-0.0807277239849059,-0.0808027614700081,-0.0808943098115118,-0.0809995941524444,-0.0810902632734894,-0.0811178320667773,-0.0811185743742921,-0.0811802181860664,-0.0812235142472458,-0.0812404669815376,-0.0812632468702575,-0.0812763603154987,-0.0812396551164273,NaN,NaN,NaN,NaN,NaN,NaN,NaN,NaN,NaN,NaN,NaN,NaN,NaN,NaN,NaN,NaN,-0.0798216619085832,-0.0798227162040113,-0.0798232452498074,-0.0798224888512832,-0.0798208704200912,-0.0798195405885257,-0.0798179067058278,-0.0798171106774608,-0.0798160328889498,-0.0798157354750437,-0.0798152156066358,-0.0798145099187012,-0.0798139130582885,-0.0798140249912191,-0.0798122588464268,-0.0798112162883059,-0.0798112027429662,-0.079808076321235,-0.0798001764418908,-0.0797998283641489,-0.0798420820279719
NaN,NaN,NaN,NaN,NaN,NaN,NaN,NaN,NaN,NaN,NaN,NaN,NaN,NaN,NaN,NaN,NaN,NaN,NaN,NaN,NaN,NaN,NaN,NaN,NaN,NaN,NaN,NaN,NaN,NaN,NaN,NaN,NaN,NaN,NaN,NaN,NaN,NaN,NaN,NaN,NaN,NaN,NaN,NaN,NaN,NaN,NaN,NaN,NaN,NaN,NaN,NaN,NaN,NaN,NaN,NaN,NaN,NaN,NaN,NaN,NaN,NaN,NaN,NaN,NaN,NaN,NaN,NaN,NaN,NaN,NaN,NaN,NaN,NaN,NaN,NaN,NaN,NaN,NaN,NaN,NaN,NaN,NaN,NaN,NaN,NaN,NaN,NaN,NaN,NaN,NaN,NaN,NaN,NaN,NaN,NaN,NaN,NaN,NaN,NaN,NaN,NaN,NaN,NaN,NaN,NaN,NaN,NaN,NaN,NaN,NaN,NaN,NaN,NaN,NaN,NaN,NaN,NaN,NaN,NaN,NaN,NaN,NaN,NaN,NaN,NaN,NaN,NaN,NaN,NaN,NaN,NaN,NaN,NaN,NaN,NaN,NaN,NaN,NaN,NaN,NaN,NaN,NaN,NaN,NaN,NaN,NaN,NaN,NaN,NaN,NaN,NaN,NaN,NaN,NaN,NaN,NaN,NaN,NaN,NaN,NaN,NaN,NaN,NaN,NaN,NaN,-0.0871529814601898,-0.0832736831552952,-0.0821458908548414,-0.0821957174713649,-0.0821820025522805,-0.0821763313307665,-0.0821184026914433,-0.0820205032404621,-0.0818363791642573,NaN,NaN,NaN,NaN,NaN,NaN,NaN,NaN,NaN,NaN,NaN,NaN,NaN,NaN,-0.0806514223896322,-0.08068130561026,-0.080687080296267,-0.0806822592059339,-0.0806795943664962,-0.0807032964369454,-0.080764997973745,-0.0808372882816389,-0.080920198933646,-0.0810230459495997,-0.0811104758470025,-0.0811375726556264,-0.0811974306907312,-0.0812612684294235,-0.0812713026458536,-0.0812904428740546,-0.0813123702767714,-0.0813277059471001,-0.081344912112606,-0.0810485819455667,-0.0849502616021589,-0.0864593436907147,NaN,NaN,NaN,NaN,NaN,NaN,NaN,NaN,NaN,NaN,NaN,NaN,NaN,-0.07982061312184,-0.0798220546729167,-0.0798228730051017,-0.079822591111667,-0.0798210158780772,-0.0798196130111992,-0.0798170956403589,-0.0798153891278231,-0.0798146013520848,-0.0798144959179986,-0.0798138980478095,-0.0798128496271232,-0.0798118254540278,-0.0798114781627372,-0.0798099305598699,-0.0798094237902436,-0.0798093296790224,-0.0798056401037171,-0.0797975784369603,-0.0797971518054511,-0.0798397314843712
NaN,NaN,NaN,NaN,NaN,NaN,NaN,NaN,NaN,NaN,NaN,NaN,NaN,NaN,NaN,NaN,NaN,NaN,NaN,NaN,NaN,NaN,NaN,NaN,NaN,NaN,NaN,NaN,NaN,NaN,NaN,NaN,NaN,NaN,NaN,NaN,NaN,NaN,NaN,NaN,NaN,NaN,NaN,NaN,NaN,NaN,NaN,NaN,NaN,NaN,NaN,NaN,NaN,NaN,NaN,NaN,NaN,NaN,NaN,NaN,NaN,NaN,NaN,NaN,NaN,NaN,NaN,NaN,NaN,NaN,NaN,NaN,NaN,NaN,NaN,NaN,NaN,NaN,NaN,NaN,NaN,NaN,NaN,NaN,NaN,NaN,NaN,NaN,NaN,NaN,NaN,NaN,NaN,NaN,NaN,NaN,NaN,NaN,NaN,NaN,NaN,NaN,NaN,NaN,NaN,NaN,NaN,NaN,NaN,NaN,NaN,NaN,NaN,NaN,NaN,NaN,NaN,NaN,NaN,NaN,NaN,NaN,NaN,NaN,NaN,NaN,NaN,NaN,NaN,NaN,NaN,NaN,NaN,NaN,NaN,NaN,NaN,NaN,NaN,NaN,NaN,NaN,NaN,NaN,NaN,NaN,NaN,NaN,NaN,NaN,NaN,NaN,NaN,NaN,NaN,NaN,NaN,NaN,NaN,NaN,NaN,NaN,NaN,NaN,NaN,NaN,NaN,-0.0870353922152434,-0.08281876435369,-0.0821366091993604,-0.0821719490628371,-0.0821567815041272,-0.0821152667001754,-0.0820100790848503,NaN,NaN,NaN,NaN,NaN,NaN,NaN,NaN,NaN,NaN,NaN,NaN,NaN,NaN,NaN,-0.0804989612006508,-0.0806880289571114,-0.0806838690936183,-0.0806767918432603,-0.0806928477314435,-0.0807336503347429,-0.0807822064118436,-0.080849544308908,-0.0809324011882987,-0.0810372727149286,-0.0811351147894501,-0.0811788530860613,-0.0812284218288336,-0.0812130411438257,-0.08126454670717,-0.0812993711410755,-0.0813249414505341,-0.0813505347823518,-0.0813811210310374,-0.0813443231753374,-0.0819287977280019,-0.0817859264680065,-0.0864129426899676,-0.0862793694807912,NaN,NaN,NaN,NaN,NaN,NaN,NaN,NaN,NaN,NaN,NaN,-0.0798194811758331,-0.0798220745653436,-0.0798235715415142,-0.0798236022591406,-0.0798214752420349,-0.0798196894898097,-0.079816583387955,-0.0798141135935114,-0.0798136351647964,-0.0798128159227729,-0.0798122585436652,-0.0798112699373674,-0.0798094758596514,-0.0798088154031354,-0.0798074785889349,-0.0798066661715202,-0.0798063728455123,-0.0798032071012393,-0.0797953243395259,-0.079793673687739,-0.0798365836187297
NaN,NaN,NaN,NaN,NaN,NaN,NaN,NaN,NaN,NaN,NaN,NaN,NaN,NaN,NaN,NaN,NaN,NaN,NaN,NaN,NaN,NaN,NaN,NaN,NaN,NaN,NaN,NaN,NaN,NaN,NaN,NaN,NaN,NaN,NaN,NaN,NaN,NaN,NaN,NaN,NaN,NaN,NaN,NaN,NaN,NaN,NaN,NaN,NaN,NaN,NaN,NaN,NaN,NaN,NaN,NaN,NaN,NaN,NaN,NaN,NaN,NaN,NaN,NaN,NaN,NaN,NaN,NaN,NaN,NaN,NaN,NaN,NaN,NaN,NaN,NaN,NaN,NaN,NaN,NaN,NaN,NaN,NaN,NaN,NaN,NaN,NaN,NaN,NaN,NaN,NaN,NaN,NaN,NaN,NaN,NaN,NaN,NaN,NaN,NaN,NaN,NaN,NaN,NaN,NaN,NaN,NaN,NaN,NaN,NaN,NaN,NaN,NaN,NaN,NaN,NaN,NaN,NaN,NaN,NaN,NaN,NaN,NaN,NaN,NaN,NaN,NaN,NaN,NaN,NaN,NaN,NaN,NaN,NaN,NaN,NaN,NaN,NaN,NaN,NaN,NaN,NaN,NaN,NaN,NaN,NaN,NaN,NaN,NaN,NaN,NaN,NaN,NaN,NaN,NaN,NaN,NaN,NaN,NaN,NaN,NaN,NaN,NaN,NaN,NaN,NaN,NaN,NaN,-0.0850882378496119,-0.0819219666116975,-0.0821333269496593,-0.0821369429842719,-0.08213433402918,-0.0818419924204983,NaN,NaN,NaN,NaN,NaN,NaN,NaN,NaN,NaN,NaN,NaN,NaN,NaN,NaN,NaN,-0.0803674792638603,-0.0806939387519089,-0.0806801308105101,-0.0806755302178379,-0.0806879574818413,-0.0807156194032983,-0.080751574544291,-0.0808196530987975,-0.0808984792663859,-0.081003277121845,-0.0811362882646196,-0.0811939584792156,-0.0812296811855422,-0.081260861231559,-0.0813300697365719,-0.0813430967210438,-0.0813586840390324,-0.0813903015736911,-0.081418556976891,-0.081274345546289,-0.0819664247020915,-0.081830979177179,-0.0817598161492828,-0.0816913618822074,-0.0861248192682743,NaN,NaN,NaN,NaN,NaN,NaN,NaN,NaN,NaN,NaN,-0.0798187892392246,-0.079822133383821,-0.079823766584049,-0.0798237602064056,-0.0798214149484756,-0.0798190609705319,-0.0798162588092437,-0.0798136977778463,-0.0798130134452947,-0.0798116740160012,-0.0798104868665275,-0.0798095286998998,-0.0798079404717236,-0.0798067809669706,-0.0798050944932549,-0.0798043620784017,-0.0798033674752866,-0.0798007139149073,-0.0797925517839857,-0.0797902887046013,-0.0798335152462591
NaN,NaN,NaN,NaN,NaN,NaN,NaN,NaN,NaN,NaN,NaN,NaN,NaN,NaN,NaN,NaN,NaN,NaN,NaN,NaN,NaN,NaN,NaN,NaN,NaN,NaN,NaN,NaN,NaN,NaN,NaN,NaN,NaN,NaN,NaN,NaN,NaN,NaN,NaN,NaN,NaN,NaN,NaN,NaN,NaN,NaN,NaN,NaN,NaN,NaN,NaN,NaN,NaN,NaN,NaN,NaN,NaN,NaN,NaN,NaN,NaN,NaN,NaN,NaN,NaN,NaN,NaN,NaN,NaN,NaN,NaN,NaN,NaN,NaN,NaN,NaN,NaN,NaN,NaN,NaN,NaN,NaN,NaN,NaN,NaN,NaN,NaN,NaN,NaN,NaN,NaN,NaN,NaN,NaN,NaN,NaN,NaN,NaN,NaN,NaN,NaN,NaN,NaN,NaN,NaN,NaN,NaN,NaN,NaN,NaN,NaN,NaN,NaN,NaN,NaN,NaN,NaN,NaN,NaN,NaN,NaN,NaN,NaN,NaN,NaN,NaN,NaN,NaN,NaN,NaN,NaN,NaN,NaN,NaN,NaN,NaN,NaN,NaN,NaN,NaN,NaN,NaN,NaN,NaN,NaN,NaN,NaN,NaN,NaN,NaN,NaN,NaN,NaN,NaN,NaN,NaN,NaN,NaN,NaN,NaN,NaN,NaN,NaN,NaN,NaN,NaN,NaN,NaN,-0.0819342226900746,NaN,-0.0819288407091993,-0.082218340887692,-0.0820146292416253,NaN,NaN,NaN,NaN,NaN,NaN,NaN,NaN,NaN,NaN,NaN,NaN,NaN,NaN,NaN,NaN,NaN,-0.0806868530032523,-0.0806692497189639,-0.0806573172905142,-0.0806483456097781,-0.0806521786487295,-0.0806632625875593,-0.0807024683058709,-0.080741152089066,-0.0808765890232471,-0.0810716359120377,-0.0812186476628331,-0.0813097060062853,-0.0814082353206327,-0.0814503989862837,-0.0814370843738678,-0.0814367783384939,-0.0814518038206461,-0.0814689453823668,-0.0814889576317759,-0.0810476555114888,-0.0818288693365083,-0.081762069233557,-0.0816955587931289,-0.0817566586104592,NaN,NaN,NaN,NaN,NaN,NaN,NaN,NaN,NaN,NaN,-0.0798180790288526,-0.0798224129965519,-0.0798232826490543,-0.0798224012539575,-0.0798197576498552,-0.079817627566632,-0.0798159262559459,-0.0798143075587005,-0.0798127960570422,-0.0798106562034891,-0.0798085949216834,-0.0798076499432794,-0.079806022298116,-0.0798039200853734,-0.0798017268980054,-0.0798014346317341,-0.0798003485677218,-0.079797683404105,-0.0797894343505982,-0.0797862814628599,-0.0798298357234913
NaN,NaN,NaN,NaN,NaN,NaN,NaN,NaN,NaN,NaN,NaN,NaN,NaN,NaN,NaN,NaN,NaN,NaN,NaN,NaN,NaN,NaN,NaN,NaN,NaN,NaN,NaN,NaN,NaN,NaN,NaN,NaN,NaN,NaN,NaN,NaN,NaN,NaN,NaN,NaN,NaN,NaN,NaN,NaN,NaN,NaN,NaN,NaN,NaN,NaN,NaN,NaN,NaN,NaN,NaN,NaN,NaN,NaN,NaN,NaN,NaN,NaN,NaN,NaN,NaN,NaN,NaN,NaN,NaN,NaN,NaN,NaN,NaN,NaN,NaN,NaN,NaN,NaN,NaN,NaN,NaN,NaN,NaN,NaN,NaN,NaN,NaN,NaN,NaN,NaN,NaN,NaN,NaN,NaN,NaN,NaN,NaN,NaN,NaN,NaN,NaN,NaN,NaN,NaN,NaN,NaN,NaN,NaN,NaN,NaN,NaN,NaN,NaN,NaN,NaN,NaN,NaN,NaN,NaN,NaN,NaN,NaN,NaN,NaN,NaN,NaN,NaN,NaN,NaN,NaN,NaN,NaN,NaN,NaN,NaN,NaN,NaN,NaN,NaN,NaN,NaN,NaN,NaN,NaN,NaN,NaN,NaN,NaN,NaN,NaN,NaN,NaN,NaN,NaN,NaN,NaN,NaN,NaN,NaN,NaN,NaN,NaN,NaN,NaN,NaN,NaN,-0.0871100465114227,-0.0821571532207412,-0.0825857570586062,-0.0825499056711058,-0.0826252144073433,-0.0826026095299322,-0.0824768087269804,NaN,NaN,NaN,NaN,NaN,NaN,NaN,NaN,NaN,NaN,NaN,NaN,NaN,NaN,NaN,NaN,NaN,NaN,-0.0806499632817941,-0.0806339007617057,-0.0806105921435755,-0.0805553514145598,-0.0804948753931567,-0.0804840224996057,-0.0805683431262924,-0.080814534921215,-0.0810668073852366,-0.0812852317335363,-0.0814083760872889,-0.0814921659894857,-0.0815126428516446,-0.0815112055845363,-0.0814976859732689,-0.0814953971252009,-0.0815092421680467,-0.0815214042142875,-0.0813605831004141,-0.0818181455101644,-0.0817451750065685,-0.081699870964501,-0.0817445371324779,NaN,NaN,NaN,NaN,NaN,NaN,NaN,NaN,NaN,NaN,-0.0798154386678087,-0.0798206570691978,-0.0798210877888784,-0.0798200147977675,-0.0798174478345955,-0.0798153514272206,-0.0798143973621369,-0.0798133222396187,-0.0798114436118088,-0.0798096515569421,-0.0798072911918371,-0.0798053612046341,-0.0798037778909244,-0.0798012093239808,-0.0797983084408236,-0.0797980730339483,-0.0797964200389768,-0.0797939858624596,-0.0797867887260139,-0.079782110247103,-0.0798259941889114
NaN,NaN,NaN,NaN,NaN,NaN,NaN,NaN,NaN,NaN,NaN,NaN,NaN,NaN,NaN,NaN,NaN,NaN,NaN,NaN,NaN,NaN,NaN,NaN,NaN,NaN,NaN,NaN,NaN,NaN,NaN,NaN,NaN,NaN,NaN,NaN,NaN,NaN,NaN,NaN,NaN,NaN,NaN,NaN,NaN,NaN,NaN,NaN,NaN,NaN,NaN,NaN,NaN,NaN,NaN,NaN,NaN,NaN,NaN,NaN,NaN,NaN,NaN,NaN,NaN,NaN,NaN,NaN,NaN,NaN,NaN,NaN,NaN,NaN,NaN,NaN,NaN,NaN,NaN,NaN,NaN,NaN,NaN,NaN,NaN,NaN,NaN,NaN,NaN,NaN,NaN,NaN,NaN,NaN,NaN,NaN,NaN,NaN,NaN,NaN,NaN,NaN,NaN,NaN,NaN,NaN,NaN,NaN,NaN,NaN,NaN,NaN,NaN,NaN,NaN,NaN,NaN,NaN,NaN,NaN,NaN,NaN,NaN,NaN,NaN,NaN,NaN,NaN,NaN,NaN,NaN,NaN,NaN,NaN,NaN,NaN,NaN,NaN,NaN,NaN,NaN,NaN,NaN,NaN,NaN,NaN,NaN,NaN,NaN,NaN,NaN,NaN,NaN,NaN,NaN,NaN,NaN,NaN,NaN,NaN,NaN,NaN,NaN,NaN,NaN,-0.0870433423457328,-0.0863944193951885,NaN,NaN,-0.0827354869280088,-0.0827200821563327,-0.0826990618407717,-0.0826755931667793,NaN,-0.0823992803719032,-0.0854257388897197,-0.0857360305306197,NaN,NaN,NaN,NaN,NaN,NaN,NaN,NaN,NaN,NaN,NaN,NaN,NaN,NaN,NaN,-0.0806215952626811,-0.0805596271781729,-0.0803905482968241,-0.0803615674482274,-0.0804121024261381,-0.0806173487360458,-0.0809216049345629,-0.0812047798115867,-0.0813815659352539,-0.081481855640297,-0.0815253584121702,-0.0815340844887828,-0.0815384886898885,-0.0815287797222944,-0.0815255442874429,-0.0815361004258938,-0.0815455380237413,-0.0815068080724635,-0.0814427005406037,-0.0816752413407892,-0.0816875450347518,-0.0817485976061785,-0.0857766549552196,-0.0863734593137651,-0.0860089487233863,NaN,NaN,NaN,NaN,NaN,NaN,NaN,-0.0798123271872794,-0.0798171493868176,-0.0798176434033329,-0.0798166842131733,-0.0798150928960402,-0.0798131546959851,-0.0798126878511892,-0.0798119259252655,-0.0798102162978719,-0.0798081289417492,-0.0798057655890289,-0.0798038627970719,-0.079801228473733,-0.0797985721919565,-0.0797955225584465,-0.0797942149466996,-0.0797919642668895,-0.079790311671735,-0.0797842294767546,-0.0797774702693223,-0.079821707188869
NaN,NaN,NaN,NaN,NaN,NaN,NaN,NaN,NaN,NaN,NaN,NaN,NaN,NaN,NaN,NaN,NaN,NaN,NaN,NaN,NaN,NaN,NaN,NaN,NaN,NaN,NaN,NaN,NaN,NaN,NaN,NaN,NaN,NaN,NaN,NaN,NaN,NaN,NaN,NaN,NaN,NaN,NaN,NaN,NaN,NaN,NaN,NaN,NaN,NaN,NaN,NaN,NaN,NaN,NaN,NaN,NaN,NaN,NaN,NaN,NaN,NaN,NaN,NaN,NaN,NaN,NaN,NaN,NaN,NaN,NaN,NaN,NaN,NaN,NaN,NaN,NaN,NaN,NaN,NaN,NaN,NaN,NaN,NaN,NaN,NaN,NaN,NaN,NaN,NaN,NaN,NaN,NaN,NaN,NaN,NaN,NaN,NaN,NaN,NaN,NaN,NaN,NaN,NaN,NaN,NaN,NaN,NaN,NaN,NaN,NaN,NaN,NaN,NaN,NaN,NaN,NaN,NaN,NaN,NaN,NaN,NaN,NaN,NaN,NaN,NaN,NaN,NaN,NaN,NaN,NaN,NaN,NaN,NaN,NaN,NaN,NaN,NaN,NaN,NaN,NaN,NaN,NaN,NaN,NaN,NaN,NaN,NaN,NaN,NaN,NaN,NaN,NaN,NaN,NaN,NaN,NaN,-0.08917146700101,-0.0891357408069017,-0.0890877937851313,NaN,NaN,-0.083732129299461,-0.0847994651165406,-0.0838093740665554,-0.0833600429624379,-0.0831737885854753,-0.0831060219669991,-0.0832069298064445,-0.0830076656387591,-0.0827009659378856,NaN,NaN,NaN,-0.0854029607094194,-0.087422993836257,-0.0874005616763078,NaN,NaN,NaN,NaN,NaN,NaN,NaN,NaN,NaN,NaN,NaN,NaN,NaN,NaN,NaN,NaN,NaN,-0.0804888110665364,-0.0805687927081741,-0.0806545512646912,-0.0808755590382674,-0.0810939122439191,-0.0813326488481574,-0.0814766320489041,-0.0815456245768464,-0.0815593993492723,-0.0815583540410876,-0.0815573086995159,-0.0815514954730334,-0.0815565918849146,-0.0815669238832318,-0.0815768597634146,-0.0813460358661767,-0.0814506379410086,-0.0814525800334956,-0.0816434415308989,-0.0817683498023192,-0.0818563921103134,-0.0818935828621575,-0.0863888032591373,NaN,NaN,NaN,NaN,NaN,NaN,NaN,-0.0798084624944002,-0.0798129324033854,-0.0798135875388832,-0.0798123535175701,-0.0798109665429867,-0.0798097083370377,-0.0798094832222924,-0.0798094066377506,-0.0798072978433774,-0.0798052366500358,-0.0798028962343036,-0.0798011858224398,-0.0797985389561799,-0.0797962348536562,-0.0797938990018056,-0.0797910204010612,-0.0797880504522004,-0.0797867765723685,-0.0797806930596368,-0.0797723439055378,-0.0798169535047363
NaN,NaN,NaN,NaN,NaN,NaN,NaN,NaN,NaN,NaN,NaN,NaN,NaN,NaN,NaN,NaN,NaN,NaN,NaN,NaN,NaN,NaN,NaN,NaN,NaN,NaN,NaN,NaN,NaN,NaN,NaN,NaN,NaN,NaN,NaN,NaN,NaN,NaN,NaN,NaN,NaN,NaN,NaN,NaN,NaN,NaN,NaN,NaN,NaN,NaN,NaN,NaN,NaN,NaN,NaN,NaN,NaN,NaN,NaN,NaN,NaN,NaN,NaN,NaN,NaN,NaN,NaN,NaN,NaN,NaN,NaN,NaN,NaN,NaN,NaN,NaN,NaN,NaN,NaN,NaN,NaN,NaN,NaN,NaN,NaN,NaN,NaN,NaN,NaN,NaN,NaN,NaN,NaN,NaN,NaN,NaN,NaN,NaN,NaN,NaN,NaN,NaN,NaN,NaN,NaN,NaN,NaN,NaN,NaN,NaN,NaN,NaN,NaN,NaN,NaN,NaN,NaN,NaN,NaN,NaN,NaN,NaN,NaN,NaN,NaN,NaN,NaN,NaN,NaN,NaN,NaN,NaN,NaN,NaN,NaN,NaN,NaN,NaN,NaN,NaN,NaN,NaN,NaN,NaN,NaN,NaN,NaN,NaN,NaN,NaN,NaN,NaN,NaN,NaN,NaN,NaN,-0.0894247565272884,-0.0891981762728787,-0.0890859904754621,-0.0889661995374059,-0.0886549161173317,-0.0877355400479035,-0.0841156125549093,-0.0842076430975982,-0.0841129233140804,-0.0839955961608509,-0.0838176464835646,-0.0836253739961511,-0.0834603677594334,-0.0833347996537397,-0.0830365012000334,-0.0835360403014306,-0.0836274250713173,NaN,-0.0874056974584315,-0.0851029254741004,-0.0847733443622318,-0.0874106809366201,NaN,NaN,NaN,NaN,NaN,NaN,NaN,NaN,NaN,NaN,NaN,NaN,NaN,NaN,NaN,NaN,-0.0808454511326387,-0.0808613894014599,-0.0808750342365646,-0.0810428088872416,-0.081253734436401,-0.081437036841446,-0.0815618439816768,-0.0816052378648057,-0.0816028653841152,-0.0815891902711312,-0.0815851731018313,-0.081583514269316,-0.0815853178349786,-0.0815951676390699,-0.0816042352580094,-0.0813925832676149,-0.0831711964563465,-0.0815061190765183,-0.0816257342004385,-0.0820600239166324,-0.0830243411714452,-0.0820026659928907,-0.0845912153716371,NaN,NaN,NaN,NaN,NaN,NaN,NaN,NaN,NaN,NaN,NaN,NaN,NaN,NaN,NaN,NaN,NaN,NaN,NaN,NaN,NaN,NaN,NaN,NaN,NaN,NaN,NaN,NaN
NaN,NaN,NaN,NaN,NaN,NaN,NaN,NaN,NaN,NaN,NaN,NaN,NaN,NaN,NaN,NaN,NaN,NaN,NaN,NaN,NaN,NaN,NaN,NaN,NaN,NaN,NaN,NaN,NaN,NaN,NaN,NaN,NaN,NaN,NaN,NaN,NaN,NaN,NaN,NaN,NaN,NaN,NaN,NaN,NaN,NaN,NaN,NaN,NaN,NaN,NaN,NaN,NaN,NaN,NaN,NaN,NaN,NaN,NaN,NaN,NaN,NaN,NaN,NaN,NaN,NaN,NaN,NaN,NaN,NaN,NaN,NaN,NaN,NaN,NaN,NaN,NaN,NaN,NaN,NaN,NaN,NaN,NaN,NaN,NaN,NaN,NaN,NaN,NaN,NaN,NaN,NaN,NaN,NaN,NaN,NaN,NaN,NaN,NaN,NaN,NaN,NaN,NaN,NaN,NaN,NaN,NaN,NaN,NaN,NaN,NaN,NaN,NaN,NaN,NaN,NaN,NaN,NaN,NaN,NaN,NaN,NaN,NaN,NaN,NaN,NaN,NaN,NaN,NaN,NaN,NaN,NaN,NaN,NaN,NaN,NaN,NaN,NaN,NaN,NaN,NaN,NaN,NaN,NaN,NaN,NaN,NaN,NaN,NaN,NaN,NaN,NaN,NaN,NaN,NaN,NaN,-0.0893701228011522,-0.0891310474382004,-0.0890510982583875,-0.0889626498653839,-0.0888505342495532,-0.0880343004321194,-0.0869099226003463,-0.0836476847376584,-0.0838234249310316,-0.0833971951459509,-0.0832082816054983,-0.0837003686209866,-0.0835377339526694,-0.0833854081565047,-0.0828303045754566,-0.0835914004235127,-0.0840023843131583,-0.0841107075401048,-0.0873145610127203,-0.0846977855031343,-0.0846715992486204,-0.0873636459570316,-0.08734189901696,-0.0873467273882417,NaN,NaN,NaN,NaN,NaN,NaN,NaN,NaN,NaN,NaN,NaN,NaN,NaN,-0.0809068169953241,-0.0809011572155074,-0.0809504715371084,-0.081016925849443,-0.0810972512165635,-0.0813060535038468,-0.0815228214880852,-0.0816318603873728,-0.0816549883945842,-0.0816367479658919,-0.0816251761397953,-0.0816193457664544,-0.0816157389653699,-0.0816140388919618,-0.0816155157330922,-0.0816221810667895,-0.0815787790291985,-0.0815668213520211,-0.0832804190771207,-0.0817080676673107,-0.0818004204000763,-0.0818704536871748,-0.081924781773784,-0.0819650290826583,-0.084620422979051,NaN,NaN,NaN,NaN,NaN,NaN,NaN,NaN,NaN,NaN,NaN,NaN,NaN,NaN,NaN,NaN,NaN,NaN,NaN,NaN,NaN,NaN,NaN,NaN,NaN,NaN,NaN
NaN,NaN,NaN,NaN,NaN,NaN,NaN,NaN,NaN,NaN,NaN,NaN,NaN,NaN,NaN,NaN,NaN,NaN,NaN,NaN,NaN,NaN,NaN,NaN,NaN,NaN,NaN,NaN,NaN,NaN,NaN,NaN,NaN,NaN,NaN,NaN,NaN,NaN,NaN,NaN,NaN,NaN,NaN,NaN,NaN,NaN,NaN,NaN,NaN,NaN,NaN,NaN,NaN,NaN,NaN,NaN,NaN,NaN,NaN,NaN,NaN,NaN,NaN,NaN,NaN,NaN,NaN,NaN,NaN,NaN,NaN,NaN,NaN,NaN,NaN,NaN,NaN,NaN,NaN,NaN,NaN,NaN,NaN,NaN,NaN,NaN,NaN,NaN,NaN,NaN,NaN,NaN,NaN,NaN,NaN,NaN,NaN,NaN,NaN,NaN,NaN,NaN,NaN,NaN,NaN,NaN,NaN,NaN,NaN,NaN,NaN,NaN,NaN,NaN,NaN,NaN,NaN,NaN,NaN,NaN,NaN,NaN,NaN,NaN,NaN,NaN,NaN,NaN,NaN,NaN,NaN,NaN,NaN,NaN,NaN,NaN,NaN,NaN,NaN,NaN,NaN,NaN,NaN,NaN,NaN,NaN,NaN,-0.0893900039601586,-0.091988419857492,NaN,NaN,NaN,NaN,NaN,NaN,-0.0898052286665469,-0.0896846584145823,NaN,NaN,NaN,NaN,NaN,NaN,NaN,-0.0867155270078319,-0.0870433468190283,-0.0832690590035398,-0.0837601779947119,-0.0832893624301813,NaN,-0.0871141668488229,-0.0874802181689266,-0.0847826071554253,-0.0875217304020888,NaN,-0.0873181769363511,-0.0844543667266386,-0.0842539170606678,-0.084150561756409,-0.0841153954396215,NaN,NaN,NaN,NaN,NaN,NaN,NaN,NaN,NaN,NaN,NaN,NaN,NaN,-0.0808576417801036,-0.08087943215685,-0.0809810859031699,-0.0810821273342893,-0.0812024614816601,-0.081368426366669,-0.0815645151130341,-0.0816653710749041,-0.0816782493987871,-0.0816645595074487,-0.0816512477859067,-0.0816468564888025,-0.0816367479406708,-0.0816304486467016,-0.0816256688171512,-0.0816317648453264,-0.0816317035855757,-0.0815200258087238,NaN,-0.0819062824762466,-0.0818222451512061,-0.081961905791054,-0.0857431197905078,-0.0846230814217898,-0.0858983881428846,NaN,NaN,NaN,NaN,NaN,NaN,NaN,NaN,NaN,NaN,NaN,NaN,NaN,NaN,NaN,NaN,NaN,NaN,NaN,NaN,NaN,NaN,NaN,NaN,NaN,NaN,NaN
NaN,NaN,NaN,NaN,NaN,NaN,NaN,NaN,NaN,NaN,NaN,NaN,NaN,NaN,NaN,NaN,NaN,NaN,NaN,NaN,NaN,NaN,NaN,NaN,NaN,NaN,NaN,NaN,NaN,NaN,NaN,NaN,NaN,NaN,NaN,NaN,NaN,NaN,NaN,NaN,NaN,NaN,NaN,NaN,NaN,NaN,NaN,NaN,NaN,NaN,NaN,NaN,NaN,NaN,NaN,NaN,NaN,NaN,NaN,NaN,NaN,NaN,NaN,NaN,NaN,NaN,NaN,NaN,NaN,NaN,NaN,NaN,NaN,NaN,NaN,NaN,NaN,NaN,NaN,NaN,NaN,NaN,NaN,NaN,NaN,NaN,NaN,NaN,NaN,NaN,NaN,NaN,NaN,NaN,NaN,NaN,NaN,NaN,NaN,NaN,NaN,NaN,NaN,NaN,NaN,NaN,NaN,NaN,NaN,NaN,NaN,NaN,NaN,NaN,NaN,NaN,NaN,NaN,NaN,NaN,NaN,NaN,NaN,NaN,NaN,NaN,NaN,NaN,NaN,NaN,NaN,NaN,NaN,NaN,NaN,NaN,NaN,NaN,NaN,NaN,NaN,NaN,NaN,NaN,NaN,NaN,NaN,-0.0919906578103249,-0.0919225295727222,-0.0917265034087315,-0.0911571962189618,-0.0907301846817818,-0.0906112247738533,-0.0904316818997141,-0.0900455260256982,-0.0899536882275621,-0.0899246753774592,NaN,NaN,NaN,NaN,NaN,NaN,NaN,NaN,NaN,-0.0869310181347864,-0.0832228335504275,-0.0835027711147536,-0.0848482349526402,-0.0875198289971409,-0.0861156147869064,NaN,NaN,NaN,-0.087264429822815,-0.0856651153708392,-0.0840841332242728,-0.0838149771249205,-0.0838838832063991,NaN,NaN,NaN,NaN,NaN,NaN,NaN,NaN,NaN,NaN,NaN,NaN,NaN,-0.0808492496231348,-0.0808856935118388,-0.0809854083561566,-0.0810954877412647,-0.0812611795957022,-0.0814500619651461,-0.0816004594688981,-0.0816779783206837,-0.0816798016918884,-0.0816691325035901,-0.0816594394435985,-0.0816523926563972,-0.081638499874661,-0.081631295068915,-0.0816309432233314,-0.08163483298918,-0.0816324748202014,-0.0815948825296266,-0.0819609410909358,NaN,-0.085844926193174,NaN,NaN,-0.0870309971325835,-0.086667178892631,NaN,NaN,NaN,NaN,NaN,NaN,NaN,NaN,NaN,NaN,NaN,NaN,NaN,NaN,NaN,NaN,NaN,NaN,NaN,NaN,NaN,NaN,NaN,NaN,NaN,NaN,NaN
NaN,NaN,NaN,NaN,NaN,NaN,NaN,NaN,NaN,NaN,NaN,NaN,NaN,NaN,NaN,NaN,NaN,NaN,NaN,NaN,NaN,NaN,NaN,NaN,NaN,NaN,NaN,NaN,NaN,NaN,NaN,NaN,NaN,NaN,NaN,NaN,NaN,NaN,NaN,NaN,NaN,NaN,NaN,NaN,NaN,NaN,NaN,NaN,NaN,NaN,NaN,NaN,NaN,NaN,NaN,NaN,NaN,NaN,NaN,NaN,NaN,NaN,NaN,NaN,NaN,NaN,NaN,NaN,NaN,NaN,NaN,NaN,NaN,NaN,NaN,NaN,NaN,NaN,NaN,NaN,NaN,NaN,NaN,NaN,NaN,NaN,NaN,NaN,NaN,NaN,NaN,NaN,NaN,NaN,NaN,NaN,NaN,NaN,NaN,NaN,NaN,NaN,NaN,NaN,NaN,NaN,NaN,NaN,NaN,NaN,NaN,NaN,NaN,NaN,NaN,NaN,NaN,NaN,NaN,NaN,NaN,NaN,NaN,NaN,NaN,NaN,NaN,NaN,NaN,NaN,NaN,NaN,NaN,NaN,NaN,NaN,NaN,NaN,NaN,NaN,NaN,NaN,NaN,NaN,NaN,NaN,-0.0921714854741397,-0.092025894897547,-0.0919200099393126,-0.0918630828106494,NaN,-0.0900321757612024,-0.0905461407081491,-0.0902079853683515,-0.0901284526945846,-0.0900783414033772,NaN,NaN,NaN,NaN,NaN,NaN,NaN,NaN,NaN,NaN,NaN,-0.0835941653957318,-0.0835300193686624,-0.0835779889211851,-0.0848132115112582,NaN,NaN,NaN,NaN,-0.0870523698849329,-0.0872712106870794,-0.0838094429789745,-0.0831194222185859,-0.0830258441212357,-0.0828844896673941,-0.0868230819074865,NaN,NaN,NaN,NaN,NaN,NaN,NaN,NaN,NaN,NaN,NaN,-0.0808629909114169,-0.080938160927967,-0.0810204786906809,-0.0811435463327431,-0.08131462841064,-0.0815050277061559,-0.0816360935011126,-0.0816797675691791,-0.0816745648482842,-0.0816734051747537,-0.0816612580855251,-0.0816484448153516,-0.081635446500629,-0.0816338162140029,-0.0816398621025618,-0.081633817369924,-0.0816259938026816,-0.0815600397732145,-0.082705316660535,-0.0868033171399782,-0.0865829229762122,NaN,NaN,NaN,NaN,NaN,NaN,NaN,NaN,NaN,NaN,NaN,NaN,NaN,NaN,NaN,NaN,NaN,NaN,NaN,NaN,NaN,NaN,NaN,NaN,NaN,NaN,NaN,NaN,NaN,NaN,NaN
NaN,NaN,NaN,NaN,NaN,NaN,NaN,NaN,NaN,NaN,NaN,NaN,NaN,NaN,NaN,NaN,NaN,NaN,NaN,NaN,NaN,NaN,NaN,NaN,NaN,NaN,NaN,NaN,NaN,NaN,NaN,NaN,NaN,NaN,NaN,NaN,NaN,NaN,NaN,NaN,NaN,NaN,NaN,NaN,NaN,NaN,NaN,NaN,NaN,NaN,NaN,NaN,NaN,NaN,NaN,NaN,NaN,NaN,NaN,NaN,NaN,NaN,NaN,NaN,NaN,NaN,NaN,NaN,NaN,NaN,NaN,NaN,NaN,NaN,NaN,NaN,NaN,NaN,NaN,NaN,NaN,NaN,NaN,NaN,NaN,NaN,NaN,NaN,NaN,NaN,NaN,NaN,NaN,NaN,NaN,NaN,NaN,NaN,NaN,NaN,NaN,NaN,NaN,NaN,NaN,NaN,NaN,NaN,NaN,NaN,NaN,NaN,NaN,NaN,NaN,NaN,NaN,NaN,NaN,NaN,NaN,NaN,NaN,NaN,NaN,NaN,NaN,NaN,NaN,NaN,NaN,NaN,NaN,NaN,NaN,NaN,NaN,NaN,NaN,NaN,NaN,NaN,-0.0845681616154936,-0.0882818568738949,NaN,-0.0922215999703492,-0.0922234404764493,-0.0921368873306947,NaN,NaN,NaN,NaN,NaN,NaN,NaN,NaN,NaN,NaN,NaN,NaN,NaN,NaN,NaN,NaN,NaN,NaN,NaN,NaN,-0.083366041527661,-0.0834265372537593,NaN,NaN,NaN,NaN,-0.0870660268408456,-0.083913169998396,-0.0867553032460813,NaN,-0.0829601183201443,-0.0834314818152924,-0.0834755202623795,-0.0828837404614556,NaN,NaN,NaN,NaN,-0.0816250759657401,-0.0816273801445723,-0.0816267528194369,NaN,-0.0813099847790792,-0.0813071208064957,-0.0811758507286427,-0.0810448552838152,-0.0810980029755693,-0.0811415182718082,-0.0812310203085128,-0.0814048664523229,-0.0815542560661195,-0.0816550693782248,-0.0816783987441424,-0.0816783898525518,-0.0816837363600653,-0.0816667810840027,-0.081651778421762,-0.0816450091123367,-0.0816409884407004,-0.0816384505558188,-0.0816247974675426,-0.0816109127081382,-0.081426198844212,-0.084021715459842,NaN,NaN,NaN,NaN,NaN,NaN,NaN,NaN,NaN,NaN,NaN,NaN,NaN,NaN,NaN,NaN,NaN,NaN,NaN,NaN,NaN,NaN,NaN,NaN,NaN,NaN,NaN,NaN,NaN,NaN,NaN,NaN,NaN
NaN,NaN,NaN,NaN,NaN,NaN,NaN,NaN,NaN,NaN,NaN,NaN,NaN,NaN,NaN,NaN,NaN,NaN,NaN,NaN,NaN,NaN,NaN,NaN,NaN,NaN,NaN,NaN,NaN,NaN,NaN,NaN,NaN,NaN,NaN,NaN,NaN,NaN,NaN,NaN,NaN,NaN,NaN,NaN,NaN,NaN,NaN,NaN,NaN,NaN,NaN,NaN,NaN,NaN,NaN,NaN,NaN,NaN,NaN,NaN,NaN,NaN,NaN,NaN,NaN,NaN,NaN,NaN,NaN,NaN,NaN,NaN,NaN,NaN,NaN,NaN,NaN,NaN,NaN,NaN,NaN,NaN,NaN,NaN,NaN,NaN,NaN,NaN,NaN,NaN,NaN,NaN,NaN,NaN,NaN,NaN,NaN,NaN,NaN,NaN,NaN,NaN,NaN,NaN,NaN,NaN,NaN,NaN,NaN,NaN,NaN,NaN,NaN,NaN,NaN,NaN,NaN,NaN,NaN,NaN,NaN,NaN,NaN,NaN,NaN,NaN,NaN,NaN,NaN,NaN,NaN,NaN,NaN,NaN,NaN,NaN,NaN,NaN,NaN,NaN,-0.0814381218244847,-0.0845818105116077,-0.0882682966824649,-0.0917622544582362,-0.0918590038552044,-0.0916964817498973,-0.0923268173653198,NaN,NaN,NaN,NaN,NaN,NaN,NaN,NaN,NaN,NaN,NaN,NaN,NaN,NaN,NaN,NaN,NaN,NaN,NaN,NaN,-0.0832593787654995,-0.0833547782993543,-0.0830206833664981,NaN,NaN,NaN,-0.0841347710659612,-0.0865261936676045,-0.0839085713841521,NaN,NaN,-0.08284856149215,-0.0834327902927123,-0.0834385693349048,NaN,NaN,NaN,NaN,NaN,-0.0816204941671187,-0.081619266350419,-0.0815823774145968,-0.0814640244845717,-0.0813709766104043,-0.0813336564334971,-0.0812909391600467,-0.0812330766297574,-0.0812616451404701,-0.0813140733171936,-0.08136463013038,-0.0814839037068875,-0.0815990594107574,-0.0816687513109189,-0.0816744264607877,-0.0816821612062836,-0.0816942189746768,-0.0816780223032191,-0.0816599449644183,-0.0816518681673685,-0.0816403143697699,-0.0816357945412299,-0.0816340025597185,NaN,NaN,NaN,NaN,NaN,NaN,NaN,NaN,NaN,NaN,NaN,NaN,NaN,NaN,NaN,NaN,NaN,NaN,NaN,NaN,NaN,NaN,NaN,NaN,NaN,NaN,NaN,NaN,NaN,NaN,NaN,NaN,NaN,NaN,NaN,NaN
NaN,NaN,NaN,NaN,NaN,NaN,NaN,NaN,NaN,NaN,NaN,NaN,NaN,NaN,NaN,NaN,NaN,NaN,NaN,NaN,NaN,NaN,NaN,NaN,NaN,NaN,NaN,NaN,NaN,NaN,NaN,NaN,NaN,NaN,NaN,NaN,NaN,NaN,NaN,NaN,NaN,NaN,NaN,NaN,NaN,NaN,NaN,NaN,NaN,NaN,NaN,NaN,NaN,NaN,NaN,NaN,NaN,NaN,NaN,NaN,NaN,NaN,NaN,NaN,NaN,NaN,NaN,NaN,NaN,NaN,NaN,NaN,NaN,NaN,NaN,NaN,NaN,NaN,NaN,NaN,NaN,NaN,NaN,NaN,NaN,NaN,NaN,NaN,NaN,NaN,NaN,NaN,NaN,NaN,NaN,NaN,NaN,NaN,NaN,NaN,NaN,NaN,NaN,NaN,NaN,NaN,NaN,NaN,NaN,NaN,NaN,NaN,NaN,NaN,NaN,NaN,NaN,NaN,NaN,NaN,NaN,NaN,NaN,NaN,NaN,NaN,NaN,NaN,NaN,NaN,NaN,NaN,NaN,NaN,NaN,NaN,NaN,-0.0754961367316889,-0.0762569266962918,-0.0773470193459889,-0.0790693777458422,-0.0814197039353536,-0.0845535811766419,-0.0882406254930916,-0.0912222207194658,NaN,NaN,NaN,NaN,NaN,NaN,NaN,NaN,NaN,NaN,NaN,NaN,NaN,NaN,NaN,NaN,NaN,NaN,NaN,NaN,NaN,NaN,-0.0839064837639133,-0.0829513568941627,-0.0834161487890628,-0.0835646220994999,-0.084548266625443,-0.0835391105874335,-0.0831916575149545,-0.0829912153562904,-0.0831787103331155,NaN,-0.0828271459798081,-0.0832086665911227,-0.0833872313553621,-0.0833610919477617,NaN,NaN,NaN,NaN,NaN,-0.0816297170324883,-0.0816237906697251,-0.0815817390375517,-0.0815024602971476,-0.0814254418226297,-0.0814210333491675,-0.081409814757613,-0.0813844700286097,-0.0814005540354554,-0.0814591620646017,-0.0814997206200809,-0.0815321021840886,-0.0816020675997522,-0.0816499907997794,-0.0816548606884579,-0.0816738993853779,-0.0816861728920466,-0.0816796929396972,-0.0816602600242633,-0.0816508170458851,-0.0816365236569516,-0.0816267718642973,-0.0816272947290776,NaN,NaN,NaN,NaN,NaN,NaN,NaN,NaN,NaN,NaN,NaN,NaN,NaN,NaN,NaN,NaN,NaN,NaN,NaN,NaN,NaN,NaN,NaN,NaN,NaN,NaN,NaN,NaN,NaN,NaN,NaN,NaN,NaN,NaN,NaN,NaN
NaN,NaN,NaN,NaN,NaN,NaN,NaN,NaN,NaN,NaN,NaN,NaN,NaN,NaN,NaN,NaN,NaN,NaN,NaN,NaN,NaN,NaN,NaN,NaN,NaN,NaN,NaN,NaN,NaN,NaN,NaN,NaN,NaN,NaN,NaN,NaN,NaN,NaN,NaN,NaN,NaN,NaN,NaN,NaN,NaN,NaN,NaN,NaN,NaN,NaN,NaN,NaN,NaN,NaN,NaN,NaN,NaN,NaN,NaN,NaN,NaN,NaN,NaN,NaN,NaN,NaN,NaN,NaN,NaN,NaN,NaN,NaN,NaN,NaN,NaN,NaN,NaN,NaN,NaN,NaN,NaN,NaN,NaN,NaN,NaN,NaN,NaN,NaN,NaN,NaN,NaN,NaN,NaN,NaN,NaN,NaN,NaN,NaN,NaN,NaN,NaN,NaN,NaN,NaN,NaN,NaN,NaN,NaN,NaN,NaN,NaN,NaN,NaN,NaN,NaN,NaN,NaN,NaN,NaN,NaN,NaN,NaN,NaN,NaN,NaN,NaN,NaN,NaN,NaN,NaN,NaN,NaN,NaN,NaN,NaN,NaN,NaN,-0.0749880607285488,-0.0754802746041639,-0.076222092517745,-0.0773004302755421,-0.0790292589828443,-0.0813653249194188,-0.0845359962417746,-0.0877568083742205,NaN,NaN,NaN,NaN,NaN,NaN,NaN,NaN,NaN,NaN,NaN,NaN,NaN,NaN,NaN,NaN,NaN,NaN,NaN,NaN,NaN,-0.0872669818712938,-0.0838698733499655,-0.0834687708660838,-0.0835422209680891,-0.083552058236741,-0.0834924683027496,-0.0829806670509811,-0.0829778271982632,-0.0833685715766156,-0.0835449580568114,-0.083502029256948,-0.0834357674167794,-0.083365405485645,-0.0833003256421218,-0.0831428041776417,NaN,NaN,NaN,NaN,NaN,-0.0816162149530383,-0.0816252058024105,-0.0815648796447516,-0.0815072680919764,-0.0814984113514229,-0.0815168593741747,-0.0815425963163736,-0.0815170410856976,-0.0815208022640867,-0.081569940622526,-0.0815658491556112,-0.0815309873152797,-0.0815193074026232,-0.081585434195696,-0.0816254233943619,-0.0816374372940366,-0.0816604048808312,-0.0816636986239257,-0.0816490125774735,-0.0816425928432275,-0.0816419774228631,NaN,NaN,NaN,NaN,NaN,NaN,NaN,NaN,NaN,NaN,NaN,NaN,NaN,NaN,NaN,NaN,NaN,NaN,NaN,NaN,NaN,NaN,NaN,NaN,NaN,NaN,NaN,NaN,NaN,NaN,NaN,NaN,NaN,NaN,NaN,NaN,NaN,NaN
NaN,NaN,NaN,NaN,NaN,NaN,NaN,NaN,NaN,NaN,NaN,NaN,NaN,NaN,NaN,NaN,NaN,NaN,NaN,NaN,NaN,NaN,NaN,NaN,NaN,NaN,NaN,NaN,NaN,NaN,NaN,NaN,NaN,NaN,NaN,NaN,NaN,NaN,NaN,NaN,NaN,NaN,NaN,NaN,NaN,NaN,NaN,NaN,NaN,NaN,NaN,NaN,NaN,NaN,NaN,NaN,NaN,NaN,NaN,NaN,NaN,NaN,NaN,NaN,NaN,NaN,NaN,NaN,NaN,NaN,NaN,NaN,NaN,NaN,NaN,NaN,NaN,NaN,NaN,NaN,NaN,NaN,NaN,NaN,NaN,NaN,NaN,NaN,NaN,NaN,NaN,NaN,NaN,NaN,NaN,NaN,NaN,NaN,NaN,NaN,NaN,NaN,NaN,NaN,NaN,NaN,NaN,NaN,NaN,NaN,NaN,NaN,NaN,NaN,NaN,NaN,NaN,NaN,NaN,NaN,NaN,NaN,NaN,NaN,NaN,NaN,NaN,NaN,NaN,NaN,NaN,NaN,NaN,NaN,NaN,NaN,NaN,-0.0746894540726511,-0.0749979847457996,-0.0754732138346137,-0.0762230670603496,-0.0773223318915709,NaN,NaN,NaN,NaN,NaN,NaN,NaN,NaN,NaN,NaN,NaN,NaN,NaN,NaN,NaN,NaN,NaN,NaN,NaN,NaN,NaN,NaN,-0.0872866796935413,-0.0854131180682611,-0.0839547693031033,-0.0838938074197113,-0.0835618478061679,-0.083540527518169,-0.0835640107644624,-0.0835613087541068,-0.0835603421178256,-0.0835607892435773,-0.0835568363174753,-0.083545526988227,-0.0835151113564568,-0.0834025128611174,-0.0832243772197173,-0.0831027902587533,-0.082767861459404,NaN,NaN,NaN,NaN,-0.0814441540183223,-0.0815663825022933,-0.0815927719376583,-0.0815347380092143,-0.0814703280718869,-0.0814759097386623,-0.0816164443894892,-0.0816487036135679,-0.0815924273531664,-0.081594938893986,-0.0816135921457699,-0.0815679661871969,-0.0815010993543925,-0.0814242504571628,NaN,NaN,NaN,-0.0816538973514421,-0.0816546462289854,NaN,NaN,NaN,NaN,NaN,NaN,NaN,NaN,NaN,NaN,NaN,NaN,NaN,NaN,NaN,NaN,NaN,NaN,NaN,NaN,NaN,NaN,NaN,NaN,NaN,NaN,NaN,NaN,NaN,NaN,NaN,NaN,NaN,NaN,NaN,NaN,NaN,NaN,NaN,NaN,NaN
NaN,NaN,NaN,NaN,NaN,NaN,NaN,NaN,NaN,NaN,NaN,NaN,NaN,NaN,NaN,NaN,NaN,NaN,NaN,NaN,NaN,NaN,NaN,NaN,NaN,NaN,NaN,NaN,NaN,NaN,NaN,NaN,NaN,NaN,NaN,NaN,NaN,NaN,NaN,NaN,NaN,NaN,NaN,NaN,NaN,NaN,NaN,NaN,NaN,NaN,NaN,NaN,NaN,NaN,NaN,NaN,NaN,NaN,NaN,NaN,NaN,NaN,NaN,NaN,NaN,NaN,NaN,NaN,NaN,NaN,NaN,NaN,NaN,NaN,NaN,NaN,NaN,NaN,NaN,NaN,NaN,NaN,NaN,NaN,NaN,NaN,NaN,NaN,NaN,NaN,NaN,NaN,NaN,NaN,NaN,NaN,NaN,NaN,NaN,NaN,NaN,NaN,NaN,NaN,NaN,NaN,NaN,NaN,NaN,NaN,NaN,NaN,NaN,NaN,NaN,NaN,NaN,NaN,NaN,NaN,NaN,NaN,NaN,NaN,NaN,NaN,NaN,NaN,NaN,NaN,NaN,NaN,NaN,NaN,NaN,NaN,NaN,-0.0744737481565739,-0.0746942292791066,-0.0749912425275291,-0.0754822200672289,-0.0762594588280292,NaN,NaN,NaN,NaN,NaN,NaN,NaN,NaN,NaN,NaN,NaN,NaN,NaN,NaN,NaN,NaN,NaN,NaN,NaN,NaN,NaN,NaN,-0.0848630355524912,-0.0872736581029844,-0.0862958119128793,-0.0838805657372228,-0.0837853454666333,-0.083364222238999,-0.0835595312356607,-0.0835623677317963,-0.0835611204111628,-0.0835584377701646,-0.083557545225154,-0.083549616144997,-0.0835105514863687,-0.0833973200482792,-0.0831948972508691,-0.082855491992867,-0.0823277617173738,-0.081833553654208,NaN,NaN,-0.0810830132301488,-0.0813793091247832,-0.0815814605511481,-0.0816408026139769,-0.0814793663594804,-0.0813965255179779,-0.0815026109845877,-0.0816346061429157,-0.081667220901779,-0.0816376017031418,-0.08159700438471,-0.0815713806160585,-0.0815369376834231,-0.0814762419995269,-0.0814557751216508,NaN,NaN,NaN,NaN,NaN,NaN,NaN,NaN,NaN,NaN,NaN,NaN,NaN,NaN,NaN,NaN,NaN,NaN,NaN,NaN,NaN,NaN,NaN,NaN,NaN,NaN,NaN,NaN,NaN,NaN,NaN,NaN,NaN,NaN,NaN,NaN,NaN,NaN,NaN,NaN,NaN,NaN,NaN,NaN,NaN,NaN
NaN,NaN,NaN,NaN,NaN,NaN,NaN,NaN,NaN,NaN,NaN,NaN,NaN,NaN,NaN,NaN,NaN,NaN,NaN,NaN,NaN,NaN,NaN,NaN,NaN,NaN,NaN,NaN,NaN,NaN,NaN,NaN,NaN,NaN,NaN,NaN,NaN,NaN,NaN,NaN,NaN,NaN,NaN,NaN,NaN,NaN,NaN,NaN,NaN,NaN,NaN,NaN,NaN,NaN,NaN,NaN,NaN,NaN,NaN,NaN,NaN,NaN,NaN,NaN,NaN,NaN,NaN,NaN,NaN,NaN,NaN,NaN,NaN,NaN,NaN,NaN,NaN,NaN,NaN,NaN,NaN,NaN,NaN,NaN,NaN,NaN,NaN,NaN,NaN,NaN,NaN,NaN,NaN,NaN,NaN,NaN,NaN,NaN,NaN,NaN,NaN,NaN,NaN,NaN,NaN,NaN,NaN,NaN,NaN,NaN,NaN,NaN,NaN,NaN,NaN,NaN,NaN,NaN,NaN,NaN,NaN,NaN,NaN,NaN,NaN,NaN,NaN,NaN,NaN,NaN,NaN,NaN,NaN,NaN,NaN,NaN,NaN,-0.0743135971033363,-0.0744880578466799,NaN,-0.0749891362031697,-0.0755070753852492,NaN,NaN,NaN,NaN,NaN,NaN,NaN,NaN,NaN,NaN,NaN,NaN,NaN,NaN,NaN,NaN,NaN,NaN,NaN,NaN,NaN,-0.0812779671179424,-0.0840846408282839,-0.0869701286372143,-0.0864580087399703,-0.0837681351832225,-0.0833171006489644,-0.0830482019308987,-0.0835578791765604,-0.0835599805965131,-0.0835587410638005,-0.0835554406463671,-0.0835535007690361,-0.0835465441656985,-0.0835075433685508,-0.0833962823771681,-0.0831548462398757,-0.0826703514984025,-0.0820451126197714,-0.0815372716874839,-0.0811911764691551,-0.0811752793895465,-0.081245210619729,-0.0815002236709069,-0.0816546999533668,-0.0817544474562008,-0.0815759474993701,-0.081220211929144,-0.0815709798099124,-0.0816580282317413,-0.081681310620424,-0.0816875480860707,-0.0815939093166993,-0.0814899087836929,-0.0814882929699985,-0.0815058299368246,-0.0814726019300798,NaN,NaN,NaN,NaN,NaN,NaN,NaN,NaN,NaN,-0.0743280059381429,-0.0741152208878248,-0.0739813687185624,NaN,NaN,NaN,NaN,NaN,NaN,NaN,NaN,NaN,NaN,NaN,NaN,NaN,NaN,NaN,NaN,NaN,NaN,NaN,NaN,NaN,NaN,NaN,NaN,NaN,NaN,NaN,NaN,NaN,NaN,NaN,NaN,NaN,NaN
NaN,NaN,NaN,NaN,NaN,NaN,NaN,NaN,NaN,NaN,NaN,NaN,NaN,NaN,NaN,NaN,NaN,NaN,NaN,NaN,NaN,NaN,NaN,NaN,NaN,NaN,NaN,NaN,NaN,NaN,NaN,NaN,NaN,NaN,NaN,NaN,NaN,NaN,NaN,NaN,NaN,NaN,NaN,NaN,NaN,NaN,NaN,NaN,NaN,NaN,NaN,NaN,NaN,NaN,NaN,NaN,NaN,NaN,NaN,NaN,NaN,NaN,NaN,NaN,NaN,NaN,NaN,NaN,NaN,NaN,NaN,NaN,NaN,NaN,NaN,NaN,NaN,NaN,NaN,NaN,NaN,NaN,NaN,NaN,NaN,NaN,NaN,NaN,NaN,NaN,NaN,NaN,NaN,NaN,NaN,NaN,NaN,NaN,NaN,NaN,NaN,NaN,NaN,NaN,NaN,NaN,NaN,NaN,NaN,NaN,NaN,NaN,NaN,NaN,NaN,NaN,NaN,NaN,NaN,NaN,NaN,NaN,NaN,NaN,NaN,NaN,NaN,NaN,NaN,NaN,NaN,NaN,NaN,NaN,NaN,NaN,NaN,NaN,NaN,NaN,NaN,NaN,NaN,NaN,NaN,NaN,NaN,NaN,NaN,NaN,NaN,NaN,NaN,NaN,NaN,NaN,NaN,NaN,NaN,NaN,NaN,NaN,NaN,-0.0840657041638581,-0.0869761434266626,-0.0865332845892404,-0.0833203549338883,-0.0832959577612527,-0.0833973358871648,-0.0835619288999563,-0.0835644240367506,-0.0835649945573329,-0.083559121651854,-0.0835560693260552,-0.0835526934242247,-0.0835370145506206,-0.0835206701806048,-0.083422521138669,-0.0831163962634899,-0.082473194613532,-0.081787291739504,-0.0815182879328948,-0.081459216247287,-0.0814500285270086,-0.0814396855402983,-0.0815747406562495,-0.0817185139108379,-0.0817866684044277,-0.0817411189161316,NaN,-0.0817122880954061,-0.0817050945616158,-0.081709435519271,-0.0817507410987497,-0.0817064485001507,-0.0815489596454908,-0.081510564161236,-0.0815101339512665,-0.081473702018382,NaN,NaN,NaN,NaN,NaN,NaN,NaN,NaN,-0.0751173239108085,-0.0746478122342073,-0.074332938557106,-0.0741317735503923,NaN,NaN,NaN,NaN,NaN,NaN,NaN,NaN,NaN,NaN,NaN,NaN,NaN,NaN,NaN,NaN,NaN,NaN,NaN,NaN,NaN,NaN,NaN,NaN,NaN,NaN,NaN,NaN,NaN,NaN,NaN,NaN,NaN,NaN
NaN,NaN,NaN,NaN,NaN,NaN,NaN,NaN,NaN,NaN,NaN,NaN,NaN,NaN,NaN,NaN,NaN,NaN,NaN,NaN,NaN,NaN,NaN,NaN,NaN,NaN,NaN,NaN,NaN,NaN,NaN,NaN,NaN,NaN,NaN,NaN,NaN,NaN,NaN,NaN,NaN,NaN,NaN,NaN,NaN,NaN,NaN,NaN,NaN,NaN,NaN,NaN,NaN,NaN,NaN,NaN,NaN,NaN,NaN,NaN,NaN,NaN,NaN,NaN,NaN,NaN,NaN,NaN,NaN,NaN,NaN,NaN,NaN,NaN,NaN,NaN,NaN,NaN,NaN,NaN,NaN,NaN,NaN,NaN,NaN,NaN,NaN,NaN,NaN,NaN,NaN,NaN,NaN,NaN,NaN,NaN,NaN,NaN,NaN,NaN,NaN,NaN,NaN,NaN,NaN,NaN,NaN,NaN,NaN,NaN,NaN,NaN,NaN,NaN,NaN,NaN,NaN,NaN,NaN,NaN,NaN,NaN,NaN,NaN,NaN,NaN,NaN,NaN,NaN,NaN,NaN,NaN,NaN,NaN,NaN,NaN,NaN,NaN,NaN,NaN,NaN,NaN,NaN,NaN,NaN,NaN,NaN,NaN,NaN,NaN,NaN,NaN,NaN,NaN,NaN,NaN,NaN,NaN,NaN,-0.0767421887830649,-0.0782532125678674,-0.08049045939206,-0.0831951331427021,-0.0861651005754412,-0.0869809393979057,-0.0869817787250475,-0.0866706988726502,-0.0830651330463302,-0.0835753436091744,-0.0835675658937009,-0.0835578321422298,-0.0835559701729828,-0.083557174059189,-0.0835622848983698,-0.0835654989490774,-0.0835587051651715,-0.0835380087591951,-0.0834397050635451,-0.0830709732968645,-0.0822504278108668,-0.0815694537080216,-0.0813838984745174,-0.0814429719683066,-0.0815347617043409,-0.0814762194608227,-0.0815222027216131,-0.0816774721450515,-0.0817012509548734,-0.0816634687649137,-0.0813222531320182,-0.0815903160999054,-0.0817044846485975,-0.0817397428603046,-0.0817869061438008,-0.0817717171930943,-0.0816857411835779,-0.0816505613289542,-0.0815801590811913,NaN,NaN,NaN,NaN,NaN,-0.082411496551947,-0.0799348977994324,-0.0780339698815077,-0.076701253170435,-0.0757939554833508,-0.0751327278495523,-0.0746597749996601,-0.0743556988117293,NaN,NaN,NaN,NaN,NaN,NaN,NaN,NaN,NaN,NaN,NaN,NaN,NaN,NaN,NaN,NaN,NaN,NaN,NaN,NaN,NaN,NaN,NaN,NaN,NaN,NaN,NaN,NaN,NaN,NaN,NaN,NaN,NaN,NaN
NaN,NaN,NaN,NaN,NaN,NaN,NaN,NaN,NaN,NaN,NaN,NaN,NaN,NaN,NaN,NaN,NaN,NaN,NaN,NaN,NaN,NaN,NaN,NaN,NaN,NaN,NaN,NaN,NaN,NaN,NaN,NaN,NaN,NaN,NaN,NaN,NaN,NaN,NaN,NaN,NaN,NaN,NaN,NaN,NaN,NaN,NaN,NaN,NaN,NaN,NaN,NaN,NaN,NaN,NaN,NaN,NaN,NaN,NaN,NaN,NaN,NaN,NaN,NaN,NaN,NaN,NaN,NaN,NaN,NaN,NaN,NaN,NaN,NaN,NaN,NaN,NaN,NaN,NaN,NaN,NaN,NaN,NaN,NaN,NaN,NaN,NaN,NaN,NaN,NaN,NaN,NaN,NaN,NaN,NaN,NaN,NaN,NaN,NaN,NaN,NaN,NaN,NaN,NaN,NaN,NaN,NaN,NaN,NaN,NaN,NaN,NaN,NaN,NaN,NaN,NaN,NaN,NaN,NaN,NaN,NaN,NaN,NaN,NaN,NaN,NaN,NaN,NaN,NaN,NaN,NaN,NaN,NaN,NaN,NaN,NaN,NaN,NaN,NaN,NaN,NaN,NaN,NaN,NaN,NaN,NaN,NaN,NaN,NaN,NaN,NaN,NaN,NaN,NaN,NaN,NaN,NaN,NaN,NaN,-0.07656120300951,-0.0779908770249842,-0.0801195064520657,NaN,NaN,NaN,-0.0877149454790294,-0.0874795863838741,-0.0840089484371343,-0.0835153373562885,-0.0835723940612183,-0.083508352262499,-0.0835521979524595,-0.0835562933753194,-0.0835790106092763,-0.0835875484365359,-0.0836064468940028,-0.0835684174832658,-0.0834421077657864,-0.0829732259204696,-0.081916232313086,-0.0813623678843041,-0.0812833935813859,-0.0811287408681968,-0.0814607492590182,-0.0814489554543539,-0.081361603228511,-0.0815507882804914,-0.0816642380093798,-0.0816939229047196,-0.081688521189904,-0.081772930796494,-0.0817903560242622,-0.0818047437635042,-0.0817758458143168,-0.0817663541190534,-0.0817266720279572,-0.0817144174167773,-0.0816961500436243,-0.081695231196783,NaN,NaN,NaN,-0.0875286459482614,-0.0852504626072392,-0.0823554133532929,NaN,NaN,NaN,NaN,NaN,NaN,NaN,NaN,NaN,NaN,NaN,NaN,NaN,NaN,NaN,NaN,NaN,NaN,NaN,NaN,NaN,NaN,NaN,NaN,NaN,NaN,NaN,NaN,NaN,NaN,NaN,NaN,NaN,NaN,NaN,NaN,NaN,NaN,NaN,NaN
NaN,NaN,NaN,NaN,NaN,NaN,NaN,NaN,NaN,NaN,NaN,NaN,NaN,NaN,NaN,NaN,NaN,NaN,NaN,NaN,NaN,NaN,NaN,NaN,NaN,NaN,NaN,NaN,NaN,NaN,NaN,NaN,NaN,NaN,NaN,NaN,NaN,NaN,NaN,NaN,NaN,NaN,NaN,NaN,NaN,NaN,NaN,NaN,NaN,NaN,NaN,NaN,NaN,NaN,NaN,NaN,NaN,NaN,NaN,NaN,NaN,NaN,NaN,NaN,NaN,NaN,NaN,NaN,NaN,NaN,NaN,NaN,NaN,NaN,NaN,NaN,NaN,NaN,NaN,NaN,NaN,NaN,NaN,NaN,NaN,NaN,NaN,NaN,NaN,NaN,NaN,NaN,NaN,NaN,NaN,NaN,NaN,NaN,NaN,NaN,NaN,NaN,NaN,NaN,NaN,NaN,NaN,NaN,NaN,NaN,NaN,NaN,NaN,NaN,NaN,NaN,NaN,NaN,NaN,NaN,NaN,NaN,NaN,NaN,NaN,NaN,NaN,NaN,NaN,NaN,NaN,NaN,NaN,NaN,NaN,NaN,NaN,NaN,NaN,NaN,NaN,NaN,NaN,NaN,NaN,NaN,NaN,NaN,NaN,NaN,NaN,NaN,NaN,NaN,NaN,NaN,NaN,NaN,NaN,NaN,-0.0801317650011089,-0.0828965698678857,-0.085987380023866,-0.0880304715283022,-0.087961566893885,-0.0878278733801016,-0.0877204280332349,NaN,NaN,-0.0833299582666644,-0.0832861455363211,NaN,NaN,-0.0835797020818501,-0.0835988717075896,-0.0835945220333989,-0.0834869648363837,-0.0832052508813168,-0.0824950232859484,-0.0814791323285271,-0.0812614073172805,-0.0814657820945608,NaN,NaN,NaN,NaN,-0.0817017354915863,-0.081810900779592,-0.081869125141321,-0.0818840547510059,-0.0818735932879104,-0.0818695641045857,-0.0819181089174194,-0.081800149930716,-0.0817665539072059,-0.0817484959000553,-0.0817298225872158,-0.0817220333746551,-0.0816633003008711,-0.0815502936872681,NaN,NaN,-0.0849815270288568,-0.0875131819011397,NaN,NaN,NaN,NaN,NaN,NaN,NaN,NaN,NaN,NaN,NaN,NaN,NaN,NaN,NaN,NaN,NaN,NaN,NaN,NaN,NaN,NaN,NaN,NaN,NaN,NaN,NaN,NaN,NaN,NaN,NaN,NaN,NaN,NaN,NaN,NaN,NaN,NaN,NaN,NaN,NaN
NaN,NaN,NaN,NaN,NaN,NaN,NaN,NaN,NaN,NaN,NaN,NaN,NaN,NaN,NaN,NaN,NaN,NaN,NaN,NaN,NaN,NaN,NaN,NaN,NaN,NaN,NaN,NaN,NaN,NaN,NaN,NaN,NaN,NaN,NaN,NaN,NaN,NaN,NaN,NaN,NaN,NaN,NaN,NaN,NaN,NaN,NaN,NaN,NaN,NaN,NaN,NaN,NaN,NaN,NaN,NaN,NaN,NaN,NaN,NaN,NaN,NaN,NaN,NaN,NaN,NaN,NaN,NaN,NaN,NaN,NaN,NaN,NaN,NaN,NaN,NaN,NaN,NaN,NaN,NaN,NaN,NaN,NaN,NaN,NaN,NaN,NaN,NaN,NaN,NaN,NaN,NaN,NaN,NaN,NaN,NaN,NaN,NaN,NaN,NaN,NaN,NaN,NaN,NaN,NaN,NaN,NaN,NaN,NaN,NaN,NaN,NaN,NaN,NaN,NaN,NaN,NaN,NaN,NaN,NaN,NaN,NaN,NaN,NaN,NaN,NaN,NaN,NaN,NaN,NaN,NaN,NaN,NaN,NaN,NaN,NaN,NaN,NaN,NaN,NaN,NaN,NaN,NaN,NaN,NaN,NaN,NaN,NaN,NaN,NaN,NaN,NaN,NaN,NaN,NaN,NaN,NaN,NaN,-0.0780154900284815,-0.0801422654147842,-0.0829126795188189,-0.0859978023367547,-0.0880695948556441,-0.0880324235084749,-0.0880121601719997,-0.0879807124987147,NaN,NaN,NaN,-0.0832777202341055,-0.0835701886863259,-0.0835945753353955,NaN,-0.083543494192943,-0.08357029571562,-0.0835546247838871,-0.0833676945818844,-0.0827516128135728,-0.0816902644117055,-0.0808657939717939,-0.0809366543844717,NaN,NaN,NaN,NaN,NaN,NaN,-0.0819054371907921,-0.0819242729314366,-0.081921325523065,-0.0818934661337187,NaN,NaN,-0.081780212389242,-0.081760011744751,-0.0817487637058828,-0.0816893651134019,-0.0816385743985005,-0.0816057773203809,-0.0816228832812874,-0.0819986352419658,-0.0827440561888753,-0.082621559346657,-0.0864726226765021,NaN,NaN,NaN,NaN,NaN,NaN,NaN,NaN,NaN,NaN,NaN,NaN,NaN,NaN,NaN,NaN,NaN,NaN,NaN,NaN,NaN,NaN,NaN,NaN,NaN,NaN,NaN,NaN,NaN,NaN,NaN,NaN,NaN,NaN,NaN,NaN,NaN,NaN,NaN,NaN,NaN
NaN,NaN,NaN,NaN,NaN,NaN,NaN,NaN,NaN,NaN,NaN,NaN,NaN,NaN,NaN,NaN,NaN,NaN,NaN,NaN,NaN,NaN,NaN,NaN,NaN,NaN,NaN,NaN,NaN,NaN,NaN,NaN,NaN,NaN,NaN,NaN,NaN,NaN,NaN,NaN,NaN,NaN,NaN,NaN,NaN,NaN,NaN,NaN,NaN,NaN,NaN,NaN,NaN,NaN,NaN,NaN,NaN,NaN,NaN,NaN,NaN,NaN,NaN,NaN,NaN,NaN,NaN,NaN,NaN,NaN,NaN,NaN,NaN,NaN,NaN,NaN,NaN,NaN,NaN,NaN,NaN,NaN,NaN,NaN,NaN,NaN,NaN,NaN,NaN,NaN,NaN,NaN,NaN,NaN,NaN,NaN,NaN,NaN,NaN,NaN,NaN,NaN,NaN,NaN,NaN,NaN,NaN,NaN,NaN,NaN,NaN,NaN,NaN,NaN,NaN,NaN,NaN,NaN,NaN,NaN,NaN,NaN,NaN,NaN,NaN,NaN,NaN,NaN,NaN,NaN,NaN,NaN,NaN,NaN,NaN,NaN,NaN,NaN,NaN,NaN,NaN,NaN,NaN,NaN,NaN,NaN,NaN,NaN,NaN,NaN,NaN,NaN,NaN,NaN,NaN,NaN,NaN,NaN,-0.0791153923733245,-0.0816554504433439,-0.0845645763899629,-0.0874965276394483,-0.0880687432458376,-0.088047306149831,-0.0880322436916438,-0.0880246150559993,NaN,NaN,NaN,-0.0832867030458885,-0.0835120878441478,-0.0834898576644259,-0.0834414721635965,-0.0835051399577729,-0.0836212720503391,-0.0836223788724937,-0.0832860819478163,-0.0822720213369351,-0.0810813676619907,NaN,NaN,NaN,NaN,NaN,NaN,NaN,NaN,NaN,NaN,NaN,NaN,NaN,NaN,-0.0817832479795668,-0.0817967032164673,NaN,-0.0816500336758565,-0.0815590862537596,-0.0815825436530336,-0.0817498963537296,-0.0823979092006279,-0.0831232438170605,-0.0832858284487915,NaN,NaN,NaN,NaN,NaN,NaN,NaN,NaN,NaN,NaN,NaN,NaN,NaN,NaN,NaN,NaN,NaN,NaN,NaN,NaN,NaN,NaN,NaN,NaN,NaN,NaN,NaN,NaN,NaN,NaN,NaN,NaN,NaN,NaN,NaN,NaN,NaN,NaN,NaN,NaN,NaN,NaN
NaN,NaN,NaN,NaN,NaN,NaN,NaN,NaN,NaN,NaN,NaN,NaN,NaN,NaN,NaN,NaN,NaN,NaN,NaN,NaN,NaN,NaN,NaN,NaN,NaN,NaN,NaN,NaN,NaN,NaN,NaN,NaN,NaN,NaN,NaN,NaN,NaN,NaN,NaN,NaN,NaN,NaN,NaN,NaN,NaN,NaN,NaN,NaN,NaN,NaN,NaN,NaN,NaN,NaN,NaN,NaN,NaN,NaN,NaN,NaN,NaN,NaN,NaN,NaN,NaN,NaN,NaN,NaN,NaN,NaN,NaN,NaN,NaN,NaN,NaN,NaN,NaN,NaN,NaN,NaN,NaN,NaN,NaN,NaN,NaN,NaN,NaN,NaN,NaN,NaN,NaN,NaN,NaN,NaN,NaN,NaN,NaN,NaN,NaN,NaN,NaN,NaN,NaN,NaN,NaN,NaN,NaN,NaN,NaN,NaN,NaN,NaN,NaN,NaN,NaN,NaN,NaN,NaN,NaN,NaN,NaN,NaN,NaN,NaN,NaN,NaN,NaN,NaN,NaN,NaN,NaN,NaN,NaN,NaN,NaN,NaN,NaN,NaN,NaN,NaN,NaN,NaN,NaN,NaN,NaN,NaN,NaN,NaN,NaN,NaN,NaN,NaN,NaN,NaN,NaN,NaN,NaN,NaN,NaN,NaN,NaN,NaN,-0.0875168807933257,-0.0878029887543131,-0.0880653541953442,-0.0880632245037023,NaN,NaN,NaN,-0.0833149862652808,-0.0833870998209678,-0.0833514402810455,-0.0833212468758734,NaN,NaN,-0.0835365903954332,-0.0832208410036754,-0.0825925983066371,-0.0820858876308999,NaN,NaN,NaN,NaN,NaN,NaN,NaN,NaN,NaN,NaN,NaN,NaN,NaN,-0.0818802860786112,-0.0818489616627647,-0.0818536573311277,NaN,NaN,NaN,NaN,-0.0822161477751848,-0.0830255881033214,-0.083404772114247,-0.0834568945213595,NaN,NaN,NaN,NaN,NaN,NaN,NaN,NaN,NaN,NaN,NaN,NaN,NaN,NaN,NaN,NaN,NaN,NaN,NaN,NaN,NaN,NaN,NaN,NaN,NaN,NaN,NaN,NaN,NaN,NaN,NaN,NaN,NaN,NaN,NaN,NaN,NaN,NaN,NaN,NaN,NaN,NaN
NaN,NaN,NaN,NaN,NaN,NaN,NaN,NaN,NaN,NaN,NaN,NaN,NaN,NaN,NaN,NaN,NaN,NaN,NaN,NaN,NaN,NaN,NaN,NaN,NaN,NaN,NaN,NaN,NaN,NaN,NaN,NaN,NaN,NaN,NaN,NaN,NaN,NaN,NaN,NaN,NaN,NaN,NaN,NaN,NaN,NaN,NaN,NaN,NaN,NaN,NaN,NaN,NaN,NaN,NaN,NaN,NaN,NaN,NaN,NaN,NaN,NaN,NaN,NaN,NaN,NaN,NaN,NaN,NaN,NaN,NaN,NaN,NaN,NaN,NaN,NaN,NaN,NaN,NaN,NaN,NaN,NaN,NaN,NaN,NaN,NaN,NaN,NaN,NaN,NaN,NaN,NaN,NaN,NaN,NaN,NaN,NaN,NaN,NaN,NaN,NaN,NaN,NaN,NaN,NaN,NaN,NaN,NaN,NaN,NaN,NaN,NaN,NaN,NaN,NaN,NaN,NaN,NaN,NaN,NaN,NaN,NaN,NaN,NaN,NaN,NaN,NaN,NaN,NaN,NaN,NaN,NaN,NaN,NaN,NaN,NaN,NaN,NaN,NaN,NaN,NaN,NaN,NaN,NaN,NaN,NaN,NaN,NaN,NaN,NaN,NaN,NaN,NaN,NaN,NaN,NaN,NaN,NaN,NaN,NaN,NaN,NaN,NaN,NaN,NaN,NaN,NaN,-0.0872365757768708,-0.0836263155623017,-0.0829341815978761,-0.0834041623788797,-0.0831670737426811,NaN,NaN,NaN,-0.0832704448995336,-0.0831834779463713,-0.0829722112045304,-0.0827444757176296,NaN,NaN,NaN,NaN,NaN,NaN,NaN,NaN,NaN,NaN,NaN,NaN,-0.0819560225421291,-0.0819346725716371,-0.0819319536680141,-0.0819474812470785,-0.0819850385191303,NaN,NaN,NaN,NaN,-0.083586932834186,-0.0836483303130912,-0.0836861476110513,NaN,NaN,NaN,NaN,NaN,NaN,NaN,NaN,NaN,NaN,NaN,NaN,NaN,NaN,NaN,NaN,NaN,NaN,NaN,NaN,NaN,NaN,NaN,NaN,NaN,NaN,NaN,NaN,NaN,NaN,NaN,NaN,NaN,NaN,NaN,NaN,NaN,NaN,NaN,NaN,NaN,NaN
NaN,NaN,NaN,NaN,NaN,NaN,NaN,NaN,NaN,NaN,NaN,NaN,NaN,NaN,NaN,NaN,NaN,NaN,NaN,NaN,NaN,NaN,NaN,NaN,NaN,NaN,NaN,NaN,NaN,NaN,NaN,NaN,NaN,NaN,NaN,NaN,NaN,NaN,NaN,NaN,NaN,NaN,NaN,NaN,NaN,NaN,NaN,NaN,NaN,NaN,NaN,NaN,NaN,NaN,NaN,NaN,NaN,NaN,NaN,NaN,NaN,NaN,NaN,NaN,NaN,NaN,NaN,NaN,NaN,NaN,NaN,NaN,NaN,NaN,NaN,NaN,NaN,NaN,NaN,NaN,NaN,NaN,NaN,NaN,NaN,NaN,NaN,NaN,NaN,NaN,NaN,NaN,NaN,NaN,NaN,NaN,NaN,NaN,NaN,NaN,NaN,NaN,NaN,NaN,NaN,NaN,NaN,NaN,NaN,NaN,NaN,NaN,NaN,NaN,NaN,NaN,NaN,NaN,NaN,NaN,NaN,NaN,NaN,NaN,NaN,NaN,NaN,NaN,NaN,NaN,NaN,NaN,NaN,NaN,NaN,NaN,NaN,NaN,NaN,NaN,NaN,NaN,NaN,NaN,NaN,NaN,NaN,NaN,NaN,NaN,NaN,NaN,NaN,NaN,NaN,NaN,NaN,NaN,NaN,NaN,NaN,NaN,NaN,NaN,NaN,NaN,NaN,-0.0839834960065262,-0.0835229285125742,-0.0831473374566753,-0.0830488321489021,-0.0829455208482918,-0.0868933788137831,NaN,NaN,-0.0829851807524254,-0.0832068865249664,-0.0831827953815474,-0.0828560703110268,NaN,NaN,NaN,NaN,NaN,NaN,NaN,NaN,NaN,NaN,NaN,NaN,-0.0819523822270113,-0.0819521480113164,-0.0819716509462306,-0.0819836436268249,-0.0819856901722809,NaN,NaN,NaN,NaN,-0.0839662344726252,-0.0840069349315084,-0.0841866767410845,-0.0844290624016465,-0.0844410297399884,-0.0863289061391424,NaN,NaN,NaN,NaN,NaN,NaN,NaN,NaN,NaN,NaN,NaN,NaN,NaN,NaN,NaN,NaN,NaN,NaN,NaN,NaN,NaN,NaN,NaN,NaN,NaN,NaN,NaN,NaN,NaN,NaN,NaN,NaN,NaN,NaN,NaN,NaN,NaN,NaN,NaN
NaN,NaN,NaN,NaN,NaN,NaN,NaN,NaN,NaN,NaN,NaN,NaN,NaN,NaN,NaN,NaN,NaN,NaN,NaN,NaN,NaN,NaN,NaN,NaN,NaN,NaN,NaN,NaN,NaN,NaN,NaN,NaN,NaN,NaN,NaN,NaN,NaN,NaN,NaN,NaN,NaN,NaN,NaN,NaN,NaN,NaN,NaN,NaN,NaN,NaN,NaN,NaN,NaN,NaN,NaN,NaN,NaN,NaN,NaN,NaN,NaN,NaN,NaN,NaN,NaN,NaN,NaN,NaN,NaN,NaN,NaN,NaN,NaN,NaN,NaN,NaN,NaN,NaN,NaN,NaN,NaN,NaN,NaN,NaN,NaN,NaN,NaN,NaN,NaN,NaN,NaN,NaN,NaN,NaN,NaN,NaN,NaN,NaN,NaN,NaN,NaN,NaN,NaN,NaN,NaN,NaN,NaN,NaN,NaN,NaN,NaN,NaN,NaN,NaN,NaN,NaN,NaN,NaN,NaN,NaN,NaN,NaN,NaN,NaN,NaN,NaN,NaN,NaN,NaN,NaN,NaN,NaN,NaN,NaN,NaN,NaN,NaN,NaN,NaN,NaN,NaN,NaN,NaN,NaN,NaN,NaN,NaN,NaN,NaN,NaN,NaN,NaN,NaN,NaN,NaN,NaN,NaN,NaN,NaN,NaN,NaN,NaN,NaN,NaN,NaN,NaN,NaN,-0.0838767479567788,-0.0832944713228561,-0.0832289583085026,-0.0831777043647308,-0.0868174895850359,-0.0864582099316036,NaN,-0.0827483532723968,-0.0829697403979035,-0.0833313046695658,-0.0835162205001865,-0.0835663206105559,-0.0838818077512164,NaN,NaN,NaN,NaN,NaN,NaN,NaN,NaN,NaN,NaN,-0.0819510807939065,-0.0819602553263175,-0.0819716573071265,-0.081974819619496,-0.0819563449540858,NaN,NaN,NaN,NaN,NaN,-0.0840932400778687,-0.0842966327192762,-0.0844075352820202,-0.0845532856585968,-0.0846911304681314,-0.0845183490340527,-0.0860472562003077,-0.0870654539297387,-0.0856788693952431,-0.0860633546137025,NaN,NaN,NaN,NaN,NaN,NaN,NaN,NaN,NaN,NaN,NaN,NaN,NaN,NaN,NaN,NaN,NaN,NaN,NaN,NaN,NaN,NaN,NaN,NaN,NaN,NaN,NaN,NaN,NaN,NaN,NaN,NaN,NaN,NaN,NaN
NaN,NaN,NaN,NaN,NaN,NaN,NaN,NaN,NaN,NaN,NaN,NaN,NaN,NaN,NaN,NaN,NaN,NaN,NaN,NaN,NaN,NaN,NaN,NaN,NaN,NaN,NaN,NaN,NaN,NaN,NaN,NaN,NaN,NaN,NaN,NaN,NaN,NaN,NaN,NaN,NaN,NaN,NaN,NaN,NaN,NaN,NaN,NaN,NaN,NaN,NaN,NaN,NaN,NaN,NaN,NaN,NaN,NaN,NaN,NaN,NaN,NaN,NaN,NaN,NaN,NaN,NaN,NaN,NaN,NaN,NaN,NaN,NaN,NaN,NaN,NaN,NaN,NaN,NaN,NaN,NaN,NaN,NaN,NaN,NaN,NaN,NaN,NaN,NaN,NaN,NaN,NaN,NaN,NaN,NaN,NaN,NaN,NaN,NaN,NaN,NaN,NaN,NaN,NaN,NaN,NaN,NaN,NaN,NaN,NaN,NaN,NaN,NaN,NaN,NaN,NaN,NaN,NaN,NaN,NaN,NaN,NaN,NaN,NaN,NaN,NaN,NaN,NaN,NaN,NaN,NaN,NaN,NaN,NaN,NaN,NaN,NaN,NaN,NaN,NaN,NaN,NaN,NaN,NaN,NaN,NaN,NaN,NaN,NaN,NaN,NaN,NaN,NaN,NaN,NaN,NaN,NaN,NaN,NaN,NaN,NaN,NaN,NaN,NaN,NaN,NaN,NaN,-0.0863472187339791,-0.083281059649947,-0.0831842604663195,-0.0832570154074025,NaN,NaN,-0.0830609026175189,-0.0830441860104831,-0.0832094518796712,-0.0833701700366722,-0.0836221222355793,-0.083858415059895,-0.0839458448197256,NaN,NaN,NaN,NaN,NaN,NaN,NaN,NaN,-0.0820801603660475,-0.0820392987436477,-0.0819873713585839,-0.0819938824409294,-0.0820177559862913,-0.0820178055427216,NaN,NaN,NaN,NaN,NaN,NaN,-0.0839262991628722,-0.0844872503220371,-0.0845795494566639,-0.0847021067605913,-0.0848259047980092,-0.0850074346846113,-0.0850673157146704,-0.0846178477916691,-0.0853398973939612,-0.0860563829766055,-0.0886578979335556,NaN,NaN,NaN,NaN,NaN,NaN,NaN,NaN,NaN,NaN,NaN,NaN,NaN,NaN,NaN,NaN,NaN,NaN,NaN,NaN,NaN,NaN,NaN,NaN,NaN,NaN,NaN,NaN,NaN,NaN,NaN,NaN,NaN,NaN
NaN,NaN,NaN,NaN,NaN,NaN,NaN,NaN,NaN,NaN,NaN,NaN,NaN,NaN,NaN,NaN,NaN,NaN,NaN,NaN,NaN,NaN,NaN,NaN,NaN,NaN,NaN,NaN,NaN,NaN,NaN,NaN,NaN,NaN,NaN,NaN,NaN,NaN,NaN,NaN,NaN,NaN,NaN,NaN,NaN,NaN,NaN,NaN,NaN,NaN,NaN,NaN,NaN,NaN,NaN,NaN,NaN,NaN,NaN,NaN,NaN,NaN,NaN,NaN,NaN,NaN,NaN,NaN,NaN,NaN,NaN,NaN,NaN,NaN,NaN,NaN,NaN,NaN,NaN,NaN,NaN,NaN,NaN,NaN,NaN,NaN,NaN,NaN,NaN,NaN,NaN,NaN,NaN,NaN,NaN,NaN,NaN,NaN,NaN,NaN,NaN,NaN,NaN,NaN,NaN,NaN,NaN,NaN,NaN,NaN,NaN,NaN,NaN,NaN,NaN,NaN,NaN,NaN,NaN,NaN,NaN,NaN,NaN,NaN,NaN,NaN,NaN,NaN,NaN,NaN,NaN,NaN,NaN,NaN,NaN,NaN,NaN,NaN,NaN,NaN,NaN,NaN,NaN,NaN,NaN,NaN,NaN,NaN,NaN,NaN,NaN,NaN,NaN,NaN,NaN,NaN,NaN,NaN,NaN,NaN,NaN,NaN,NaN,NaN,NaN,NaN,NaN,-0.0873765540094625,-0.0842626036050206,-0.0829823576929664,NaN,NaN,-0.0831239657644138,-0.0830794574834774,-0.083130209347714,-0.0833478227486154,-0.0833730379320603,-0.0835829959144182,-0.0838963592722723,-0.0839397526486832,NaN,NaN,NaN,NaN,NaN,NaN,NaN,-0.0821551713152475,-0.0820923445750169,-0.0820440863439535,-0.0820159903302106,-0.0820226771771298,-0.0820347426922489,-0.0820381490871928,NaN,NaN,NaN,NaN,NaN,-0.0881551198474556,-0.0866308627300614,-0.0840134253640581,-0.0847362755275227,-0.0848343698048647,-0.0849585048842693,-0.0851019174733944,-0.085199584384084,-0.0851673551415441,-0.085176233335775,-0.0860409967579751,-0.086193539375638,NaN,NaN,NaN,NaN,NaN,NaN,NaN,NaN,NaN,NaN,NaN,NaN,NaN,NaN,NaN,NaN,NaN,NaN,NaN,NaN,NaN,NaN,NaN,NaN,NaN,NaN,NaN,NaN,NaN,NaN,NaN,NaN,NaN,NaN
NaN,NaN,NaN,NaN,NaN,NaN,NaN,NaN,NaN,NaN,NaN,NaN,NaN,NaN,NaN,NaN,NaN,NaN,NaN,NaN,NaN,NaN,NaN,NaN,NaN,NaN,NaN,NaN,NaN,NaN,NaN,NaN,NaN,NaN,NaN,NaN,NaN,NaN,NaN,NaN,NaN,NaN,NaN,NaN,NaN,NaN,NaN,NaN,NaN,NaN,NaN,NaN,NaN,NaN,NaN,NaN,NaN,NaN,NaN,NaN,NaN,NaN,NaN,NaN,NaN,NaN,NaN,NaN,NaN,NaN,NaN,NaN,NaN,NaN,NaN,NaN,NaN,NaN,NaN,NaN,NaN,NaN,NaN,NaN,NaN,NaN,NaN,NaN,NaN,NaN,NaN,NaN,NaN,NaN,NaN,NaN,NaN,NaN,NaN,NaN,NaN,NaN,NaN,NaN,NaN,NaN,NaN,NaN,NaN,NaN,NaN,NaN,NaN,NaN,NaN,NaN,NaN,NaN,NaN,NaN,NaN,NaN,NaN,NaN,NaN,NaN,NaN,NaN,NaN,NaN,NaN,NaN,NaN,NaN,NaN,NaN,NaN,NaN,NaN,NaN,NaN,NaN,NaN,NaN,NaN,NaN,NaN,NaN,NaN,NaN,NaN,NaN,NaN,NaN,NaN,NaN,NaN,NaN,NaN,NaN,NaN,NaN,NaN,NaN,NaN,NaN,NaN,NaN,-0.0840285521056954,-0.0861824821556954,-0.08338402638049,-0.0835689822893781,-0.0832552766509443,-0.0830445183448849,-0.0829739803786258,-0.0831908401695756,-0.0834853909848976,-0.0837870127139517,-0.0839872386933695,-0.0839266717005699,NaN,NaN,NaN,NaN,NaN,NaN,NaN,-0.0821299147301086,-0.0820742826407955,-0.0820219659854011,-0.0820013616009069,-0.0820270196332252,-0.0820368811026176,NaN,NaN,NaN,NaN,NaN,NaN,-0.0855645872623414,-0.0881721225096633,-0.0880175599253962,-0.0842546463625097,-0.0849551776346598,-0.0850807174426624,-0.0851830938865751,-0.0852601552068646,-0.0853121005954856,-0.0848942435217495,-0.0860484746862952,-0.0886665266828969,NaN,NaN,NaN,NaN,NaN,NaN,NaN,NaN,NaN,NaN,NaN,NaN,NaN,NaN,NaN,NaN,NaN,NaN,NaN,NaN,NaN,NaN,NaN,NaN,NaN,NaN,NaN,NaN,NaN,NaN,NaN,NaN,NaN,NaN
NaN,NaN,NaN,NaN,NaN,NaN,NaN,NaN,NaN,NaN,NaN,NaN,NaN,NaN,NaN,NaN,NaN,NaN,NaN,NaN,NaN,NaN,NaN,NaN,NaN,NaN,NaN,NaN,NaN,NaN,NaN,NaN,NaN,NaN,NaN,NaN,NaN,NaN,NaN,NaN,NaN,NaN,NaN,NaN,NaN,NaN,NaN,NaN,NaN,NaN,NaN,NaN,NaN,NaN,NaN,NaN,NaN,NaN,NaN,NaN,NaN,NaN,NaN,NaN,NaN,NaN,NaN,NaN,NaN,NaN,NaN,NaN,NaN,NaN,NaN,NaN,NaN,NaN,NaN,NaN,NaN,NaN,NaN,NaN,NaN,NaN,NaN,NaN,NaN,NaN,NaN,NaN,NaN,NaN,NaN,NaN,NaN,NaN,NaN,NaN,NaN,NaN,NaN,NaN,NaN,NaN,NaN,NaN,NaN,NaN,NaN,NaN,NaN,NaN,NaN,NaN,NaN,NaN,NaN,NaN,NaN,NaN,NaN,NaN,NaN,NaN,NaN,NaN,NaN,NaN,NaN,NaN,NaN,NaN,NaN,NaN,NaN,NaN,NaN,NaN,NaN,NaN,NaN,NaN,NaN,NaN,NaN,NaN,NaN,NaN,NaN,NaN,NaN,NaN,NaN,NaN,NaN,NaN,NaN,NaN,NaN,NaN,NaN,NaN,NaN,NaN,NaN,NaN,-0.0871074649765773,-0.0854001802240415,-0.0836973097589256,-0.0836689753177142,-0.0835027071182766,-0.0832020841312767,-0.0830987468769517,-0.0833892448499918,-0.0838306778628446,-0.0841058639693202,-0.0841978900870388,NaN,NaN,NaN,NaN,NaN,NaN,NaN,NaN,-0.0820061184532676,-0.0820027959101093,-0.0819776263918772,-0.0819705044273353,NaN,NaN,NaN,NaN,NaN,NaN,-0.0779481108780943,-0.0798077637247295,-0.0825189188675022,NaN,-0.0884436600331226,-0.0855620608216424,-0.084459468632505,-0.0851864673976613,-0.0852635465659905,-0.0853214422610673,-0.08536503103696,-0.0853575280442641,-0.0855373724662813,-0.0886638868003754,NaN,NaN,NaN,NaN,NaN,NaN,NaN,NaN,NaN,NaN,NaN,NaN,NaN,NaN,NaN,NaN,NaN,NaN,NaN,NaN,NaN,NaN,NaN,NaN,NaN,NaN,NaN,NaN,NaN,NaN,NaN,NaN,NaN,NaN
NaN,NaN,NaN,NaN,NaN,NaN,NaN,NaN,NaN,NaN,NaN,NaN,NaN,NaN,NaN,NaN,NaN,NaN,NaN,NaN,NaN,NaN,NaN,NaN,NaN,NaN,NaN,NaN,NaN,NaN,NaN,NaN,NaN,NaN,NaN,NaN,NaN,NaN,NaN,NaN,NaN,NaN,NaN,NaN,NaN,NaN,NaN,NaN,NaN,NaN,NaN,NaN,NaN,NaN,NaN,NaN,NaN,NaN,NaN,NaN,NaN,NaN,NaN,NaN,NaN,NaN,NaN,NaN,NaN,NaN,NaN,NaN,NaN,NaN,NaN,NaN,NaN,NaN,NaN,NaN,NaN,NaN,NaN,NaN,NaN,NaN,NaN,NaN,NaN,NaN,NaN,NaN,NaN,NaN,NaN,NaN,NaN,NaN,NaN,NaN,NaN,NaN,NaN,NaN,NaN,NaN,NaN,NaN,NaN,NaN,NaN,NaN,NaN,NaN,NaN,NaN,NaN,NaN,NaN,NaN,NaN,NaN,NaN,NaN,NaN,NaN,NaN,NaN,NaN,NaN,NaN,NaN,NaN,NaN,NaN,NaN,NaN,NaN,NaN,NaN,NaN,NaN,NaN,NaN,NaN,NaN,NaN,NaN,NaN,NaN,NaN,NaN,NaN,NaN,NaN,NaN,NaN,NaN,NaN,NaN,NaN,NaN,NaN,NaN,NaN,NaN,NaN,NaN,-0.0855644700170538,-0.0839816208209767,-0.0839985020163137,NaN,-0.0835366907867372,-0.083688925132814,-0.0836875864646962,-0.0839041864228903,-0.0841832564576241,-0.0843053516474801,-0.0843313076010146,NaN,NaN,NaN,NaN,NaN,NaN,NaN,NaN,-0.0819568243290638,-0.0819010424881022,-0.0819383861897376,NaN,NaN,NaN,NaN,NaN,NaN,NaN,-0.0782929038949523,-0.0803630310256446,-0.0831911684679653,-0.0864477039582632,-0.0885187661819619,-0.0857717415563923,-0.0857832434112234,-0.0849886816639818,-0.0853475083870232,-0.0853834339213572,-0.0854252205636898,-0.0854406601860695,-0.0851451608673965,NaN,NaN,NaN,NaN,NaN,NaN,NaN,NaN,NaN,NaN,NaN,NaN,NaN,NaN,NaN,NaN,NaN,NaN,NaN,NaN,NaN,NaN,NaN,NaN,NaN,NaN,NaN,NaN,NaN,NaN,NaN,NaN,NaN,NaN,NaN
NaN,NaN,NaN,NaN,NaN,NaN,NaN,NaN,NaN,NaN,NaN,NaN,NaN,NaN,NaN,NaN,NaN,NaN,NaN,NaN,NaN,NaN,NaN,NaN,NaN,NaN,NaN,NaN,NaN,NaN,NaN,NaN,NaN,NaN,NaN,NaN,NaN,NaN,NaN,NaN,NaN,NaN,NaN,NaN,NaN,NaN,NaN,NaN,NaN,NaN,NaN,NaN,NaN,NaN,NaN,NaN,NaN,NaN,NaN,NaN,NaN,NaN,NaN,NaN,NaN,NaN,NaN,NaN,NaN,NaN,NaN,NaN,NaN,NaN,NaN,NaN,NaN,NaN,NaN,NaN,NaN,NaN,NaN,NaN,NaN,NaN,NaN,NaN,NaN,NaN,NaN,NaN,NaN,NaN,NaN,NaN,NaN,NaN,NaN,NaN,NaN,NaN,NaN,NaN,NaN,NaN,NaN,NaN,NaN,NaN,NaN,NaN,NaN,NaN,NaN,NaN,NaN,NaN,NaN,NaN,NaN,NaN,NaN,NaN,NaN,NaN,NaN,NaN,NaN,NaN,NaN,NaN,NaN,NaN,NaN,NaN,NaN,NaN,NaN,NaN,NaN,NaN,NaN,NaN,NaN,NaN,NaN,NaN,NaN,NaN,NaN,NaN,NaN,NaN,NaN,NaN,NaN,NaN,NaN,NaN,NaN,NaN,NaN,NaN,NaN,NaN,NaN,NaN,NaN,-0.0840023179892304,-0.0841677498181562,-0.0842110865713554,-0.0839524445747805,-0.083916741149334,-0.0839992776463758,-0.0842623100453934,-0.0843870599172707,-0.0843871022685634,-0.0843617372923593,NaN,NaN,NaN,NaN,NaN,NaN,NaN,NaN,-0.0818588594420633,-0.0817364181855004,NaN,NaN,NaN,NaN,NaN,NaN,NaN,NaN,-0.0768552841674778,-0.0782917175168424,-0.08039147771414,-0.0832056122776484,-0.0864700623125905,NaN,-0.0886228839485234,-0.0849762635420402,-0.0854511873052356,-0.0854690578889888,-0.085492046339693,-0.0854929836807511,NaN,NaN,NaN,NaN,NaN,NaN,NaN,NaN,NaN,NaN,NaN,NaN,NaN,NaN,NaN,NaN,NaN,NaN,NaN,NaN,NaN,NaN,NaN,NaN,NaN,NaN,NaN,NaN,NaN,NaN,NaN,NaN,NaN,NaN,NaN,NaN
NaN,NaN,NaN,NaN,NaN,NaN,NaN,NaN,NaN,NaN,NaN,NaN,NaN,NaN,NaN,NaN,NaN,NaN,NaN,NaN,NaN,NaN,NaN,NaN,NaN,NaN,NaN,NaN,NaN,NaN,NaN,NaN,NaN,NaN,NaN,NaN,NaN,NaN,NaN,NaN,NaN,NaN,NaN,NaN,NaN,NaN,NaN,NaN,NaN,NaN,NaN,NaN,NaN,NaN,NaN,NaN,NaN,NaN,NaN,NaN,NaN,NaN,NaN,NaN,NaN,NaN,NaN,NaN,NaN,NaN,NaN,NaN,NaN,NaN,NaN,NaN,NaN,NaN,NaN,NaN,NaN,NaN,NaN,NaN,NaN,NaN,NaN,NaN,NaN,NaN,NaN,NaN,NaN,NaN,NaN,NaN,NaN,NaN,NaN,NaN,NaN,NaN,NaN,NaN,NaN,NaN,NaN,NaN,NaN,NaN,NaN,NaN,NaN,NaN,NaN,NaN,NaN,NaN,NaN,NaN,NaN,NaN,NaN,NaN,NaN,NaN,NaN,NaN,NaN,NaN,NaN,NaN,NaN,NaN,NaN,NaN,NaN,NaN,NaN,NaN,NaN,NaN,NaN,NaN,NaN,NaN,NaN,NaN,NaN,NaN,NaN,NaN,NaN,NaN,NaN,NaN,NaN,NaN,NaN,NaN,NaN,NaN,NaN,NaN,NaN,NaN,NaN,NaN,NaN,-0.0840859298937813,-0.084184835117897,-0.0842095001869329,-0.0842071307457362,-0.0840554850981217,-0.0839654574228392,-0.0842318343973839,-0.0843949669286717,-0.0843847010447434,-0.0843551366972452,NaN,NaN,NaN,NaN,NaN,NaN,-0.082760979477876,-0.0822312121152307,-0.0824127772091095,NaN,NaN,NaN,NaN,NaN,NaN,NaN,NaN,NaN,NaN,NaN,NaN,NaN,NaN,NaN,-0.0873212126740725,-0.0860337833246981,-0.085493117193633,-0.0856015352598203,-0.0856191655591186,-0.0856376520206757,-0.0851464110022617,NaN,NaN,NaN,NaN,NaN,NaN,NaN,NaN,NaN,NaN,NaN,NaN,NaN,NaN,NaN,NaN,NaN,NaN,NaN,NaN,NaN,NaN,NaN,NaN,NaN,NaN,NaN,NaN,NaN,NaN,NaN,NaN,NaN,NaN,NaN
NaN,NaN,NaN,NaN,NaN,NaN,NaN,NaN,NaN,NaN,NaN,NaN,NaN,NaN,NaN,NaN,NaN,NaN,NaN,NaN,NaN,NaN,NaN,NaN,NaN,NaN,NaN,NaN,NaN,NaN,NaN,NaN,NaN,NaN,NaN,NaN,NaN,NaN,NaN,NaN,NaN,NaN,NaN,NaN,NaN,NaN,NaN,NaN,NaN,NaN,NaN,NaN,NaN,NaN,NaN,NaN,NaN,NaN,NaN,NaN,NaN,NaN,NaN,NaN,NaN,NaN,NaN,NaN,NaN,NaN,NaN,NaN,NaN,NaN,NaN,NaN,NaN,NaN,NaN,NaN,NaN,NaN,NaN,NaN,NaN,NaN,NaN,NaN,NaN,NaN,NaN,NaN,NaN,NaN,NaN,NaN,NaN,NaN,NaN,NaN,NaN,NaN,NaN,NaN,NaN,NaN,NaN,NaN,NaN,NaN,NaN,NaN,NaN,NaN,NaN,NaN,NaN,NaN,NaN,NaN,NaN,NaN,NaN,NaN,NaN,NaN,NaN,NaN,NaN,NaN,NaN,NaN,NaN,NaN,NaN,NaN,NaN,NaN,NaN,NaN,NaN,NaN,NaN,NaN,NaN,NaN,NaN,NaN,NaN,NaN,NaN,NaN,NaN,NaN,NaN,NaN,NaN,NaN,NaN,NaN,NaN,NaN,NaN,NaN,NaN,NaN,NaN,NaN,NaN,-0.0841121291795229,-0.0841654647730203,-0.0841881015048711,-0.0841507853900432,-0.0842204308402842,-0.0841850191400741,-0.0842677179131372,-0.0843649813069648,-0.0843695842070045,NaN,NaN,NaN,NaN,NaN,NaN,-0.0834191682471555,-0.0829664684354645,-0.0825549230286804,-0.0829173492872579,NaN,NaN,NaN,NaN,NaN,NaN,NaN,NaN,NaN,NaN,NaN,NaN,NaN,NaN,NaN,-0.0887745187495756,-0.0863658038464642,-0.085701336787567,-0.0857467128158586,-0.085742284612308,-0.0857586431467221,-0.0851518410705031,-0.0886800505938987,-0.0888209963757569,-0.0888503274349994,-0.0889299439145212,NaN,NaN,NaN,NaN,NaN,NaN,NaN,NaN,NaN,NaN,NaN,NaN,NaN,NaN,NaN,NaN,NaN,NaN,NaN,NaN,NaN,NaN,NaN,NaN,NaN,NaN,NaN,NaN,NaN,NaN,NaN
NaN,NaN,NaN,NaN,NaN,NaN,NaN,NaN,NaN,NaN,NaN,NaN,NaN,NaN,NaN,NaN,NaN,NaN,NaN,NaN,NaN,NaN,NaN,NaN,NaN,NaN,NaN,NaN,NaN,NaN,NaN,NaN,NaN,NaN,NaN,NaN,NaN,NaN,NaN,NaN,NaN,NaN,NaN,NaN,NaN,NaN,NaN,NaN,NaN,NaN,NaN,NaN,NaN,NaN,NaN,NaN,NaN,NaN,NaN,NaN,NaN,NaN,NaN,NaN,NaN,NaN,NaN,NaN,NaN,NaN,NaN,NaN,NaN,NaN,NaN,NaN,NaN,NaN,NaN,NaN,NaN,NaN,NaN,NaN,NaN,NaN,NaN,NaN,NaN,NaN,NaN,NaN,NaN,NaN,NaN,NaN,NaN,NaN,NaN,NaN,NaN,NaN,NaN,NaN,NaN,NaN,NaN,NaN,NaN,NaN,NaN,NaN,NaN,NaN,NaN,NaN,NaN,NaN,NaN,NaN,NaN,NaN,NaN,NaN,NaN,NaN,NaN,NaN,NaN,NaN,NaN,NaN,NaN,NaN,NaN,NaN,NaN,NaN,NaN,NaN,NaN,NaN,NaN,NaN,NaN,NaN,NaN,NaN,NaN,NaN,NaN,NaN,NaN,NaN,NaN,NaN,NaN,NaN,NaN,NaN,NaN,NaN,NaN,NaN,NaN,NaN,NaN,NaN,NaN,-0.0841131749295435,-0.0841197713741249,-0.0841182052565696,-0.0840949014649069,-0.0841559379096976,-0.0843118774035212,-0.0843917619740673,-0.0843765134618933,-0.0843972156781652,-0.0844127382830969,-0.0843820271454277,-0.0843375519093653,-0.0842103707752233,-0.084085522776951,-0.0839366561687953,-0.0837234323518325,-0.0831744678058652,NaN,NaN,NaN,NaN,NaN,NaN,NaN,NaN,NaN,NaN,NaN,NaN,NaN,NaN,NaN,NaN,NaN,NaN,-0.0853170385173742,-0.0858761456022916,-0.0858336637927035,-0.0858138378787031,-0.085826880912156,-0.0852187416598298,-0.0865781766468916,-0.0888294370892886,-0.0888619139299183,-0.0889408873813592,NaN,NaN,NaN,NaN,NaN,NaN,NaN,NaN,NaN,NaN,NaN,NaN,NaN,NaN,NaN,NaN,NaN,NaN,NaN,NaN,NaN,NaN,NaN,NaN,NaN,NaN,NaN,NaN,NaN,NaN,NaN
NaN,NaN,NaN,NaN,NaN,NaN,NaN,NaN,NaN,NaN,NaN,NaN,NaN,NaN,NaN,NaN,NaN,NaN,NaN,NaN,NaN,NaN,NaN,NaN,NaN,NaN,NaN,NaN,NaN,NaN,NaN,NaN,NaN,NaN,NaN,NaN,NaN,NaN,NaN,NaN,NaN,NaN,NaN,NaN,NaN,NaN,NaN,NaN,NaN,NaN,NaN,NaN,NaN,NaN,NaN,NaN,NaN,NaN,NaN,NaN,NaN,NaN,NaN,NaN,NaN,NaN,NaN,NaN,NaN,NaN,NaN,NaN,NaN,NaN,NaN,NaN,NaN,NaN,NaN,NaN,NaN,NaN,NaN,NaN,NaN,NaN,NaN,NaN,NaN,NaN,NaN,NaN,NaN,NaN,NaN,NaN,NaN,NaN,NaN,NaN,NaN,NaN,NaN,NaN,NaN,NaN,NaN,NaN,NaN,NaN,NaN,NaN,NaN,NaN,NaN,NaN,NaN,NaN,NaN,NaN,NaN,NaN,NaN,NaN,NaN,NaN,NaN,NaN,NaN,NaN,NaN,NaN,NaN,NaN,NaN,NaN,NaN,NaN,NaN,NaN,NaN,NaN,NaN,NaN,NaN,NaN,NaN,NaN,NaN,NaN,NaN,NaN,NaN,NaN,NaN,NaN,NaN,NaN,NaN,NaN,NaN,NaN,NaN,NaN,NaN,NaN,NaN,NaN,NaN,-0.0832933568985594,-0.0838460401016785,-0.0839602890488338,-0.0840864858219523,-0.0841523060288815,-0.0843278603338625,-0.0843972334176992,-0.0844164609138377,-0.0844325698701323,-0.0843888462389167,-0.0843644369757591,-0.0843291639033653,-0.0842349832559559,-0.0841171456019569,-0.0842187014211907,-0.0841602982933917,NaN,NaN,NaN,NaN,NaN,NaN,NaN,NaN,NaN,NaN,NaN,NaN,NaN,NaN,NaN,NaN,NaN,NaN,NaN,-0.0859584680300047,-0.0860416210835567,-0.0859382869491161,-0.0858940634624889,-0.0855065083834192,-0.0858936989354314,-0.0883643739994523,-0.0884722547783526,NaN,NaN,NaN,NaN,NaN,NaN,NaN,NaN,NaN,NaN,NaN,NaN,NaN,NaN,NaN,NaN,NaN,NaN,NaN,NaN,NaN,NaN,NaN,NaN,NaN,NaN,NaN,NaN,NaN,NaN,NaN,NaN,NaN
NaN,NaN,NaN,NaN,NaN,NaN,NaN,NaN,NaN,NaN,NaN,NaN,NaN,NaN,NaN,NaN,NaN,NaN,NaN,NaN,NaN,NaN,NaN,NaN,NaN,NaN,NaN,NaN,NaN,NaN,NaN,NaN,NaN,NaN,NaN,NaN,NaN,NaN,NaN,NaN,NaN,NaN,NaN,NaN,NaN,NaN,NaN,NaN,NaN,NaN,NaN,NaN,NaN,NaN,NaN,NaN,NaN,NaN,NaN,NaN,NaN,NaN,NaN,NaN,NaN,NaN,NaN,NaN,NaN,NaN,NaN,NaN,NaN,NaN,NaN,NaN,NaN,NaN,NaN,NaN,NaN,NaN,NaN,NaN,NaN,NaN,NaN,NaN,NaN,NaN,NaN,NaN,NaN,NaN,NaN,NaN,NaN,NaN,NaN,NaN,NaN,NaN,NaN,NaN,NaN,NaN,NaN,NaN,NaN,NaN,NaN,NaN,NaN,NaN,NaN,NaN,NaN,NaN,NaN,NaN,NaN,NaN,NaN,NaN,NaN,NaN,NaN,NaN,NaN,NaN,NaN,NaN,NaN,NaN,NaN,NaN,NaN,NaN,NaN,NaN,NaN,NaN,NaN,NaN,NaN,NaN,NaN,NaN,NaN,NaN,NaN,NaN,NaN,NaN,NaN,NaN,NaN,NaN,NaN,NaN,NaN,NaN,NaN,NaN,NaN,NaN,NaN,-0.0858001614113233,-0.0850281267859008,-0.083890322286714,-0.0836472027475186,-0.0835577958600333,-0.0838162505774432,-0.0841683081789789,-0.0843121175708861,-0.0843486267446587,-0.0843611801642965,-0.0843767908589154,-0.0843519519747742,-0.0843462099122181,-0.0843219406483316,NaN,NaN,-0.0843815246754178,-0.0839602207445287,NaN,NaN,NaN,NaN,NaN,NaN,NaN,NaN,NaN,NaN,NaN,NaN,NaN,NaN,NaN,NaN,NaN,NaN,NaN,-0.0862248983619161,-0.086168842509084,-0.0860860972623128,-0.0860244729490283,-0.0853724778807051,-0.0887894951272567,-0.0884665750452673,-0.0853645294383071,NaN,NaN,NaN,NaN,NaN,NaN,NaN,NaN,NaN,NaN,NaN,NaN,NaN,NaN,NaN,NaN,NaN,NaN,NaN,NaN,NaN,NaN,NaN,NaN,NaN,NaN,NaN,NaN,NaN,NaN,NaN,NaN,NaN
NaN,NaN,NaN,NaN,NaN,NaN,NaN,NaN,NaN,NaN,NaN,NaN,NaN,NaN,NaN,NaN,NaN,NaN,NaN,NaN,NaN,NaN,NaN,NaN,NaN,NaN,NaN,NaN,NaN,NaN,NaN,NaN,NaN,NaN,NaN,NaN,NaN,NaN,NaN,NaN,NaN,NaN,NaN,NaN,NaN,NaN,NaN,NaN,NaN,NaN,NaN,NaN,NaN,NaN,NaN,NaN,NaN,NaN,NaN,NaN,NaN,NaN,NaN,NaN,NaN,NaN,NaN,NaN,NaN,NaN,NaN,NaN,NaN,NaN,NaN,NaN,NaN,NaN,NaN,NaN,NaN,NaN,NaN,NaN,NaN,NaN,NaN,NaN,NaN,NaN,NaN,NaN,NaN,NaN,NaN,NaN,NaN,NaN,NaN,NaN,NaN,NaN,NaN,NaN,NaN,NaN,NaN,NaN,NaN,NaN,NaN,NaN,NaN,NaN,NaN,NaN,NaN,NaN,NaN,NaN,NaN,NaN,NaN,NaN,NaN,NaN,NaN,NaN,NaN,NaN,NaN,NaN,NaN,NaN,NaN,NaN,NaN,NaN,NaN,NaN,NaN,NaN,NaN,NaN,NaN,NaN,NaN,NaN,NaN,NaN,NaN,NaN,NaN,NaN,NaN,NaN,NaN,NaN,NaN,NaN,NaN,NaN,NaN,NaN,NaN,NaN,-0.0859993261809835,-0.0858190534123089,-0.0851435179594676,-0.0839521517323037,-0.083278002586053,-0.0829978452607421,NaN,NaN,NaN,-0.0843126241165864,-0.0843492974540831,-0.0843304913074209,-0.0843419685261954,NaN,NaN,NaN,NaN,NaN,NaN,NaN,NaN,NaN,NaN,NaN,NaN,NaN,NaN,NaN,NaN,NaN,NaN,NaN,NaN,NaN,NaN,NaN,NaN,-0.0863338807042448,-0.0862901132189647,-0.0862498786128703,-0.0861716568296054,-0.0859061004493393,-0.0878706017909201,NaN,NaN,NaN,NaN,NaN,NaN,NaN,NaN,NaN,NaN,NaN,NaN,NaN,NaN,NaN,NaN,NaN,NaN,NaN,NaN,NaN,NaN,NaN,NaN,NaN,NaN,NaN,NaN,NaN,NaN,NaN,NaN,NaN,NaN,NaN,NaN
NaN,NaN,NaN,NaN,NaN,NaN,NaN,NaN,NaN,NaN,NaN,NaN,NaN,NaN,NaN,NaN,NaN,NaN,NaN,NaN,NaN,NaN,NaN,NaN,NaN,NaN,NaN,NaN,NaN,NaN,NaN,NaN,NaN,NaN,NaN,NaN,NaN,NaN,NaN,NaN,NaN,NaN,NaN,NaN,NaN,NaN,NaN,NaN,NaN,NaN,NaN,NaN,NaN,NaN,NaN,NaN,NaN,NaN,NaN,NaN,NaN,NaN,NaN,NaN,NaN,NaN,NaN,NaN,NaN,NaN,NaN,NaN,NaN,NaN,NaN,NaN,NaN,NaN,NaN,NaN,NaN,NaN,NaN,NaN,NaN,NaN,NaN,NaN,NaN,NaN,NaN,NaN,NaN,NaN,NaN,NaN,NaN,NaN,NaN,NaN,NaN,NaN,NaN,NaN,NaN,NaN,NaN,NaN,NaN,NaN,NaN,NaN,NaN,NaN,NaN,NaN,NaN,NaN,NaN,NaN,NaN,NaN,NaN,NaN,NaN,NaN,NaN,NaN,NaN,NaN,NaN,NaN,NaN,NaN,NaN,NaN,NaN,NaN,NaN,NaN,NaN,NaN,NaN,NaN,NaN,NaN,NaN,NaN,NaN,NaN,NaN,NaN,NaN,NaN,NaN,NaN,NaN,NaN,NaN,NaN,NaN,NaN,NaN,NaN,NaN,NaN,-0.0860722464973017,-0.0858350472875938,-0.0849315641772764,-0.0834611073328418,-0.0829429600849979,NaN,NaN,NaN,-0.0847800003018477,-0.0843320635991721,-0.0845518492597056,NaN,NaN,NaN,NaN,NaN,NaN,NaN,NaN,NaN,NaN,NaN,NaN,NaN,NaN,NaN,NaN,NaN,NaN,NaN,NaN,NaN,NaN,NaN,NaN,NaN,NaN,-0.0863385748897126,-0.0863230627824271,-0.0863076538570471,-0.0862201125672463,-0.0862483537221436,-0.0891031256667429,NaN,NaN,NaN,NaN,NaN,NaN,NaN,NaN,NaN,NaN,NaN,NaN,NaN,NaN,NaN,NaN,NaN,NaN,NaN,NaN,NaN,NaN,NaN,NaN,NaN,NaN,NaN,NaN,NaN,NaN,NaN,NaN,NaN,NaN,NaN,NaN
NaN,NaN,NaN,NaN,NaN,NaN,NaN,NaN,NaN,NaN,NaN,NaN,NaN,NaN,NaN,NaN,NaN,NaN,NaN,NaN,NaN,NaN,NaN,NaN,NaN,NaN,NaN,NaN,NaN,NaN,NaN,NaN,NaN,NaN,NaN,NaN,NaN,NaN,NaN,NaN,NaN,NaN,NaN,NaN,NaN,NaN,NaN,NaN,NaN,NaN,NaN,NaN,NaN,NaN,NaN,NaN,NaN,NaN,NaN,NaN,NaN,NaN,NaN,NaN,NaN,NaN,NaN,NaN,NaN,NaN,NaN,NaN,NaN,NaN,NaN,NaN,NaN,NaN,NaN,NaN,NaN,NaN,NaN,NaN,NaN,NaN,NaN,NaN,NaN,NaN,NaN,NaN,NaN,NaN,NaN,NaN,NaN,NaN,NaN,NaN,NaN,NaN,NaN,NaN,NaN,NaN,NaN,NaN,NaN,NaN,NaN,NaN,NaN,NaN,NaN,NaN,NaN,NaN,NaN,NaN,NaN,NaN,NaN,NaN,NaN,NaN,NaN,NaN,NaN,NaN,NaN,NaN,NaN,NaN,NaN,NaN,NaN,NaN,NaN,NaN,NaN,NaN,NaN,NaN,NaN,NaN,NaN,NaN,NaN,NaN,NaN,NaN,NaN,NaN,NaN,NaN,NaN,NaN,NaN,NaN,NaN,NaN,NaN,NaN,NaN,NaN,-0.0861628631709231,-0.0858583104300613,-0.0844926598743318,-0.0827538545577297,NaN,NaN,-0.0861287509040048,-0.0855068872967737,-0.0853670850702754,NaN,NaN,NaN,NaN,NaN,NaN,NaN,NaN,NaN,NaN,NaN,NaN,NaN,NaN,NaN,NaN,NaN,NaN,NaN,NaN,NaN,NaN,NaN,NaN,NaN,NaN,NaN,-0.0863692308836235,-0.0863566753786127,-0.0863538638573351,-0.0863417677130185,-0.0863098701324153,-0.085793223325974,-0.0891575018030725,NaN,NaN,NaN,NaN,NaN,NaN,NaN,NaN,NaN,NaN,NaN,NaN,NaN,NaN,NaN,NaN,NaN,NaN,NaN,NaN,NaN,NaN,NaN,NaN,NaN,NaN,NaN,NaN,NaN,NaN,NaN,NaN,NaN,NaN,NaN,NaN
NaN,NaN,NaN,NaN,NaN,NaN,NaN,NaN,NaN,NaN,NaN,NaN,NaN,NaN,NaN,NaN,NaN,NaN,NaN,NaN,NaN,NaN,NaN,NaN,NaN,NaN,NaN,NaN,NaN,NaN,NaN,NaN,NaN,NaN,NaN,NaN,NaN,NaN,NaN,NaN,NaN,NaN,NaN,NaN,NaN,NaN,NaN,NaN,NaN,NaN,NaN,NaN,NaN,NaN,NaN,NaN,NaN,NaN,NaN,NaN,NaN,NaN,NaN,NaN,NaN,NaN,NaN,NaN,NaN,NaN,NaN,NaN,NaN,NaN,NaN,NaN,NaN,NaN,NaN,NaN,NaN,NaN,NaN,NaN,NaN,NaN,NaN,NaN,NaN,NaN,NaN,NaN,NaN,NaN,NaN,NaN,NaN,NaN,NaN,NaN,NaN,NaN,NaN,NaN,NaN,NaN,NaN,NaN,NaN,NaN,NaN,NaN,NaN,NaN,NaN,NaN,NaN,NaN,NaN,NaN,NaN,NaN,NaN,NaN,NaN,NaN,NaN,NaN,NaN,NaN,NaN,NaN,NaN,NaN,NaN,NaN,NaN,NaN,NaN,NaN,NaN,NaN,NaN,NaN,NaN,NaN,NaN,NaN,NaN,NaN,NaN,NaN,-0.0729255189144735,-0.0733117521724867,-0.0738758849751959,-0.0746864531889716,-0.0759780604972717,-0.0778710650891798,NaN,NaN,NaN,NaN,NaN,NaN,NaN,NaN,-0.0861881934086695,-0.0858933235729355,-0.0847499290683413,-0.0833561002389448,NaN,NaN,-0.0859856578911215,-0.0856019101307038,NaN,NaN,NaN,NaN,NaN,NaN,NaN,NaN,NaN,NaN,NaN,NaN,NaN,NaN,NaN,NaN,NaN,NaN,NaN,NaN,NaN,NaN,NaN,NaN,NaN,NaN,NaN,NaN,-0.0859291001821885,-0.0863733688610825,-0.086385133566704,-0.0863707833553692,-0.0862864035079711,-0.0872731010540528,NaN,NaN,NaN,NaN,NaN,NaN,NaN,NaN,NaN,NaN,NaN,NaN,NaN,NaN,NaN,NaN,NaN,NaN,NaN,NaN,NaN,NaN,NaN,NaN,NaN,NaN,NaN,NaN,NaN,NaN,NaN,NaN,NaN,NaN,NaN,NaN,NaN
NaN,NaN,NaN,NaN,NaN,NaN,NaN,NaN,NaN,NaN,NaN,NaN,NaN,NaN,NaN,NaN,NaN,NaN,NaN,NaN,NaN,NaN,NaN,NaN,NaN,NaN,NaN,NaN,NaN,NaN,NaN,NaN,NaN,NaN,NaN,NaN,NaN,NaN,NaN,NaN,NaN,NaN,NaN,NaN,NaN,NaN,NaN,NaN,NaN,NaN,NaN,NaN,NaN,NaN,NaN,NaN,NaN,NaN,NaN,NaN,NaN,NaN,NaN,NaN,NaN,NaN,NaN,NaN,NaN,NaN,NaN,NaN,NaN,NaN,NaN,NaN,NaN,NaN,NaN,NaN,NaN,NaN,NaN,NaN,NaN,NaN,NaN,NaN,NaN,NaN,NaN,NaN,NaN,NaN,NaN,NaN,NaN,NaN,NaN,NaN,NaN,NaN,NaN,NaN,NaN,NaN,NaN,NaN,NaN,NaN,NaN,NaN,NaN,NaN,NaN,NaN,NaN,NaN,NaN,NaN,NaN,NaN,NaN,NaN,NaN,NaN,NaN,NaN,NaN,NaN,NaN,NaN,NaN,NaN,NaN,NaN,NaN,NaN,NaN,NaN,NaN,NaN,NaN,NaN,NaN,NaN,NaN,NaN,NaN,NaN,NaN,NaN,-0.0733113104279285,-0.0738725090866031,-0.0746998781370255,-0.0759896244489664,-0.0778673028686247,-0.08042278886051,-0.0835856584024431,-0.0868094176947767,-0.0885393237539422,NaN,NaN,NaN,NaN,NaN,-0.0861445293476892,-0.0860126499959915,-0.085534720825333,-0.0851829317954226,-0.0860222913969375,-0.0860888768679093,-0.0860277635707927,-0.0859953903653494,NaN,NaN,NaN,NaN,NaN,NaN,NaN,NaN,NaN,NaN,NaN,NaN,NaN,NaN,NaN,NaN,NaN,NaN,NaN,NaN,NaN,NaN,NaN,NaN,NaN,NaN,NaN,-0.0892588690978432,-0.0868692597418128,-0.086236625228608,-0.0864660234876418,-0.0862503582549216,-0.0859917026111407,NaN,NaN,NaN,NaN,NaN,NaN,NaN,NaN,NaN,NaN,NaN,NaN,NaN,NaN,NaN,NaN,NaN,NaN,NaN,NaN,NaN,NaN,NaN,NaN,NaN,NaN,NaN,NaN,NaN,NaN,NaN,NaN,NaN,NaN,NaN,NaN,NaN,NaN
NaN,NaN,NaN,NaN,NaN,NaN,NaN,NaN,NaN,NaN,NaN,NaN,NaN,NaN,NaN,NaN,NaN,NaN,NaN,NaN,NaN,NaN,NaN,NaN,NaN,NaN,NaN,NaN,NaN,NaN,NaN,NaN,NaN,NaN,NaN,NaN,NaN,NaN,NaN,NaN,NaN,NaN,NaN,NaN,NaN,NaN,NaN,NaN,NaN,NaN,NaN,NaN,NaN,NaN,NaN,NaN,NaN,NaN,NaN,NaN,NaN,NaN,NaN,NaN,NaN,NaN,NaN,NaN,NaN,NaN,NaN,NaN,NaN,NaN,NaN,NaN,NaN,NaN,NaN,NaN,NaN,NaN,NaN,NaN,NaN,NaN,NaN,NaN,NaN,NaN,NaN,NaN,NaN,NaN,NaN,NaN,NaN,NaN,NaN,NaN,NaN,NaN,NaN,NaN,NaN,NaN,NaN,NaN,NaN,NaN,NaN,NaN,NaN,NaN,NaN,NaN,NaN,NaN,NaN,NaN,NaN,NaN,NaN,NaN,NaN,NaN,NaN,NaN,NaN,NaN,NaN,NaN,NaN,NaN,NaN,NaN,NaN,NaN,NaN,NaN,NaN,NaN,NaN,NaN,NaN,NaN,NaN,NaN,NaN,NaN,NaN,NaN,NaN,-0.0747286664342335,-0.0760026356206306,-0.0778851088758883,-0.0804423966035444,-0.0836172224044902,-0.0868079737177785,-0.0885137343358772,-0.0885141275814259,NaN,NaN,-0.0861102710123995,-0.0861097121342451,-0.0861021892149744,-0.0862527175407362,-0.0860996292458964,-0.085850217588993,-0.0858104032956501,-0.0860972179319258,-0.0860273624221123,-0.0860482650087695,NaN,NaN,NaN,NaN,NaN,NaN,NaN,NaN,NaN,NaN,NaN,NaN,NaN,NaN,NaN,NaN,NaN,NaN,NaN,NaN,NaN,NaN,NaN,NaN,NaN,NaN,-0.0893185969537025,-0.0872335170014485,-0.0871657643341377,-0.0869698786701297,-0.0859567235590353,-0.0866106317026352,-0.0859623906902292,-0.0889789939081678,NaN,NaN,NaN,NaN,NaN,NaN,NaN,NaN,NaN,NaN,NaN,NaN,NaN,NaN,NaN,NaN,NaN,NaN,NaN,NaN,NaN,NaN,NaN,NaN,NaN,NaN,NaN,NaN,NaN,NaN,NaN,NaN,NaN,NaN,NaN,NaN,NaN,NaN
NaN,NaN,NaN,NaN,NaN,NaN,NaN,NaN,NaN,NaN,NaN,NaN,NaN,NaN,NaN,NaN,NaN,NaN,NaN,NaN,NaN,NaN,NaN,NaN,NaN,NaN,NaN,NaN,NaN,NaN,NaN,NaN,NaN,NaN,NaN,NaN,NaN,NaN,NaN,NaN,NaN,NaN,NaN,NaN,NaN,NaN,NaN,NaN,NaN,NaN,NaN,NaN,NaN,NaN,NaN,NaN,NaN,NaN,NaN,NaN,NaN,NaN,NaN,NaN,NaN,NaN,NaN,NaN,NaN,NaN,NaN,NaN,NaN,NaN,NaN,NaN,NaN,NaN,NaN,NaN,NaN,NaN,NaN,NaN,NaN,NaN,NaN,NaN,NaN,NaN,NaN,NaN,NaN,NaN,NaN,NaN,NaN,NaN,NaN,NaN,NaN,NaN,NaN,NaN,NaN,NaN,NaN,NaN,NaN,NaN,NaN,NaN,NaN,NaN,NaN,NaN,NaN,NaN,NaN,NaN,NaN,NaN,NaN,NaN,NaN,NaN,NaN,NaN,NaN,NaN,NaN,NaN,NaN,NaN,NaN,NaN,NaN,NaN,NaN,NaN,NaN,NaN,NaN,NaN,NaN,NaN,NaN,NaN,NaN,NaN,NaN,NaN,NaN,NaN,NaN,NaN,NaN,NaN,-0.0835793163729578,-0.086794856780907,-0.0884332135985261,-0.0880227129046371,-0.0857604237481608,-0.0860427032135108,-0.0860245473197428,NaN,-0.0862513812355507,-0.0859010550680235,-0.0858941588995368,-0.0859110344799912,-0.0860903018832405,-0.0860884337500127,-0.0861113495447,NaN,NaN,NaN,NaN,NaN,NaN,NaN,NaN,NaN,NaN,NaN,NaN,NaN,NaN,NaN,NaN,NaN,NaN,NaN,NaN,NaN,NaN,NaN,NaN,NaN,NaN,-0.0869719126603035,-0.0893077419463413,-0.0892865708004391,-0.0892825322487527,-0.0891108539882938,-0.0861286821985879,-0.0870801567495478,-0.0878656964921881,-0.0898864761059386,NaN,NaN,NaN,NaN,NaN,NaN,NaN,NaN,NaN,NaN,NaN,NaN,NaN,NaN,NaN,NaN,NaN,NaN,NaN,NaN,NaN,NaN,NaN,NaN,NaN,NaN,NaN,NaN,NaN,NaN,NaN,NaN,NaN,NaN,NaN,NaN,NaN
NaN,NaN,NaN,NaN,NaN,NaN,NaN,NaN,NaN,NaN,NaN,NaN,NaN,NaN,NaN,NaN,NaN,NaN,NaN,NaN,NaN,NaN,NaN,NaN,NaN,NaN,NaN,NaN,NaN,NaN,NaN,NaN,NaN,NaN,NaN,NaN,NaN,NaN,NaN,NaN,NaN,NaN,NaN,NaN,NaN,NaN,NaN,NaN,NaN,NaN,NaN,NaN,NaN,NaN,NaN,NaN,NaN,NaN,NaN,NaN,NaN,NaN,NaN,NaN,NaN,NaN,NaN,NaN,NaN,NaN,NaN,NaN,NaN,NaN,NaN,NaN,NaN,NaN,NaN,NaN,NaN,NaN,NaN,NaN,NaN,NaN,NaN,NaN,NaN,NaN,NaN,NaN,NaN,NaN,NaN,NaN,NaN,NaN,NaN,NaN,NaN,NaN,NaN,NaN,NaN,NaN,NaN,NaN,NaN,NaN,NaN,NaN,NaN,NaN,NaN,NaN,NaN,NaN,NaN,NaN,NaN,NaN,NaN,NaN,NaN,NaN,NaN,NaN,NaN,NaN,NaN,NaN,NaN,NaN,NaN,NaN,NaN,NaN,NaN,NaN,NaN,NaN,NaN,NaN,NaN,NaN,NaN,NaN,NaN,NaN,NaN,NaN,NaN,NaN,NaN,NaN,NaN,NaN,NaN,NaN,NaN,-0.085955020215013,-0.086220490526518,-0.0859779801564979,NaN,NaN,NaN,-0.0854870498744857,-0.085822966274651,-0.0859659462738095,-0.0861546544514092,-0.086144550082067,-0.0861329853976242,NaN,NaN,NaN,NaN,NaN,NaN,NaN,NaN,NaN,NaN,NaN,NaN,NaN,NaN,NaN,NaN,NaN,NaN,NaN,NaN,NaN,NaN,NaN,NaN,NaN,NaN,NaN,NaN,NaN,NaN,NaN,-0.0895845726718915,-0.0882331793577611,-0.0886736609209637,-0.089063556054757,NaN,NaN,NaN,NaN,NaN,NaN,NaN,NaN,NaN,NaN,NaN,NaN,NaN,NaN,NaN,NaN,NaN,NaN,NaN,NaN,NaN,NaN,NaN,NaN,NaN,NaN,NaN,NaN,NaN,NaN,NaN,NaN,NaN,NaN,NaN,NaN,NaN
NaN,NaN,NaN,NaN,NaN,NaN,NaN,NaN,NaN,NaN,NaN,NaN,NaN,NaN,NaN,NaN,NaN,NaN,NaN,NaN,NaN,NaN,NaN,NaN,NaN,NaN,NaN,NaN,NaN,NaN,NaN,NaN,NaN,NaN,NaN,NaN,NaN,NaN,NaN,NaN,NaN,NaN,NaN,NaN,NaN,NaN,NaN,NaN,NaN,NaN,NaN,NaN,NaN,NaN,NaN,NaN,NaN,NaN,NaN,NaN,NaN,NaN,NaN,NaN,NaN,NaN,NaN,NaN,NaN,NaN,NaN,NaN,NaN,NaN,NaN,NaN,NaN,NaN,NaN,NaN,NaN,NaN,NaN,NaN,NaN,NaN,NaN,NaN,NaN,NaN,NaN,NaN,NaN,NaN,NaN,NaN,NaN,NaN,NaN,NaN,NaN,NaN,NaN,NaN,NaN,NaN,NaN,NaN,NaN,NaN,NaN,NaN,NaN,NaN,NaN,NaN,NaN,NaN,NaN,NaN,NaN,NaN,NaN,NaN,NaN,NaN,NaN,NaN,NaN,NaN,NaN,NaN,NaN,NaN,NaN,NaN,NaN,NaN,NaN,NaN,NaN,NaN,NaN,NaN,NaN,NaN,NaN,NaN,NaN,NaN,NaN,NaN,NaN,NaN,NaN,NaN,NaN,NaN,NaN,NaN,NaN,-0.08649753861399,-0.0862854522602901,-0.0862048875111986,-0.0863149215558783,-0.0866718633578326,NaN,-0.0859096291215085,-0.0859187227717861,-0.0860668868173547,-0.0861382521852107,-0.0861579677287913,-0.0861681075666285,NaN,NaN,NaN,NaN,NaN,NaN,NaN,NaN,NaN,NaN,NaN,NaN,NaN,NaN,NaN,NaN,NaN,NaN,NaN,NaN,NaN,NaN,NaN,NaN,NaN,NaN,NaN,NaN,NaN,NaN,NaN,-0.0889740063707406,-0.0890204116671933,-0.0892344157693435,-0.0894066725545053,NaN,NaN,NaN,NaN,NaN,NaN,NaN,NaN,NaN,NaN,NaN,NaN,NaN,NaN,NaN,NaN,NaN,NaN,NaN,NaN,NaN,NaN,NaN,NaN,NaN,NaN,NaN,NaN,NaN,NaN,NaN,NaN,NaN,NaN,NaN,NaN,NaN
NaN,NaN,NaN,NaN,NaN,NaN,NaN,NaN,NaN,NaN,NaN,NaN,NaN,NaN,NaN,NaN,NaN,NaN,NaN,NaN,NaN,NaN,NaN,NaN,NaN,NaN,NaN,NaN,NaN,NaN,NaN,NaN,NaN,NaN,NaN,NaN,NaN,NaN,NaN,NaN,NaN,NaN,NaN,NaN,NaN,NaN,NaN,NaN,NaN,NaN,NaN,NaN,NaN,NaN,NaN,NaN,NaN,NaN,NaN,NaN,NaN,NaN,NaN,NaN,NaN,NaN,NaN,NaN,NaN,NaN,NaN,NaN,NaN,NaN,NaN,NaN,NaN,NaN,NaN,NaN,NaN,NaN,NaN,NaN,NaN,NaN,NaN,NaN,NaN,NaN,NaN,NaN,NaN,NaN,NaN,NaN,NaN,NaN,NaN,NaN,NaN,NaN,NaN,NaN,NaN,NaN,NaN,NaN,NaN,NaN,NaN,NaN,NaN,NaN,NaN,NaN,NaN,NaN,NaN,NaN,NaN,NaN,NaN,NaN,NaN,NaN,NaN,NaN,NaN,NaN,NaN,NaN,NaN,NaN,NaN,NaN,NaN,NaN,NaN,NaN,NaN,NaN,NaN,NaN,NaN,NaN,NaN,NaN,NaN,NaN,NaN,NaN,NaN,NaN,NaN,NaN,NaN,NaN,NaN,NaN,NaN,NaN,NaN,NaN,-0.0864633244421162,-0.0865269516110021,NaN,-0.0862436577147797,-0.0862626829841368,-0.0862493488368426,-0.0859941295549891,-0.0861134549871245,-0.0862257477243623,NaN,NaN,NaN,NaN,NaN,NaN,NaN,NaN,NaN,NaN,NaN,NaN,NaN,NaN,NaN,NaN,NaN,NaN,NaN,NaN,NaN,NaN,NaN,NaN,NaN,NaN,NaN,NaN,NaN,NaN,NaN,-0.089992850982857,-0.0894396533928535,-0.0897584287560669,-0.0899567818309402,-0.0908208630959352,-0.0881017379357695,NaN,NaN,NaN,NaN,NaN,NaN,NaN,NaN,NaN,NaN,NaN,NaN,NaN,NaN,NaN,NaN,NaN,NaN,NaN,NaN,NaN,NaN,NaN,NaN,NaN,NaN,NaN,NaN,NaN,NaN,NaN,NaN,NaN,NaN,NaN
NaN,NaN,NaN,NaN,NaN,NaN,NaN,NaN,NaN,NaN,NaN,NaN,NaN,NaN,NaN,NaN,NaN,NaN,NaN,NaN,NaN,NaN,NaN,NaN,NaN,NaN,NaN,NaN,NaN,NaN,NaN,NaN,NaN,NaN,NaN,NaN,NaN,NaN,NaN,NaN,NaN,NaN,NaN,NaN,NaN,NaN,NaN,NaN,NaN,NaN,NaN,NaN,NaN,NaN,NaN,NaN,NaN,NaN,NaN,NaN,NaN,NaN,NaN,NaN,NaN,NaN,NaN,NaN,NaN,NaN,NaN,NaN,NaN,NaN,NaN,NaN,NaN,NaN,NaN,NaN,NaN,NaN,NaN,NaN,NaN,NaN,NaN,NaN,NaN,NaN,NaN,NaN,NaN,NaN,NaN,NaN,NaN,NaN,NaN,NaN,NaN,NaN,NaN,NaN,NaN,NaN,NaN,NaN,NaN,NaN,NaN,NaN,NaN,NaN,NaN,NaN,NaN,NaN,NaN,NaN,NaN,NaN,NaN,NaN,NaN,NaN,NaN,NaN,NaN,NaN,NaN,NaN,NaN,NaN,NaN,NaN,NaN,NaN,NaN,NaN,NaN,NaN,NaN,NaN,NaN,NaN,NaN,NaN,NaN,NaN,NaN,NaN,NaN,NaN,NaN,NaN,NaN,NaN,NaN,NaN,NaN,NaN,NaN,NaN,-0.0864894799484546,-0.0865038542785038,-0.0865420406359496,-0.0864713831565482,-0.0864919577336009,-0.0862678118409391,-0.0861203673575322,-0.0862055439900559,-0.0862345464752297,NaN,NaN,NaN,NaN,NaN,NaN,NaN,NaN,NaN,NaN,NaN,NaN,NaN,NaN,NaN,NaN,NaN,NaN,NaN,NaN,NaN,NaN,NaN,NaN,NaN,NaN,NaN,NaN,NaN,NaN,NaN,NaN,-0.0903727192316557,-0.0902863298631733,-0.0905807819936777,-0.0909478655083651,-0.0910816177667366,NaN,NaN,NaN,NaN,NaN,NaN,NaN,NaN,NaN,NaN,NaN,NaN,NaN,NaN,NaN,NaN,NaN,NaN,NaN,NaN,NaN,NaN,NaN,NaN,NaN,NaN,NaN,NaN,NaN,NaN,NaN,NaN,NaN,NaN,NaN
NaN,NaN,NaN,NaN,NaN,NaN,NaN,NaN,NaN,NaN,NaN,NaN,NaN,NaN,NaN,NaN,NaN,NaN,NaN,NaN,NaN,NaN,NaN,NaN,NaN,NaN,NaN,NaN,NaN,NaN,NaN,NaN,NaN,NaN,NaN,NaN,NaN,NaN,NaN,NaN,NaN,NaN,NaN,NaN,NaN,NaN,NaN,NaN,NaN,NaN,NaN,NaN,NaN,NaN,NaN,NaN,NaN,NaN,NaN,NaN,NaN,NaN,NaN,NaN,NaN,NaN,NaN,NaN,NaN,NaN,NaN,NaN,NaN,NaN,NaN,NaN,NaN,NaN,NaN,NaN,NaN,NaN,NaN,NaN,NaN,NaN,NaN,NaN,NaN,NaN,NaN,NaN,NaN,NaN,NaN,NaN,NaN,NaN,NaN,NaN,NaN,NaN,NaN,NaN,NaN,NaN,NaN,NaN,NaN,NaN,NaN,NaN,NaN,NaN,NaN,NaN,NaN,NaN,NaN,NaN,NaN,NaN,NaN,NaN,NaN,NaN,NaN,NaN,NaN,NaN,NaN,NaN,NaN,NaN,NaN,NaN,NaN,NaN,NaN,NaN,NaN,NaN,NaN,NaN,NaN,NaN,NaN,NaN,NaN,NaN,NaN,NaN,NaN,NaN,NaN,NaN,NaN,NaN,NaN,NaN,NaN,-1.18695372099623e-18,NaN,NaN,-0.0865493805890495,-0.0865368592902474,-0.0865160544836323,-0.0865128429295869,-0.0863640789813268,-0.0861228806352517,-0.0861916785315743,-0.0861997582233205,NaN,NaN,NaN,NaN,NaN,NaN,NaN,NaN,NaN,NaN,NaN,NaN,NaN,NaN,NaN,NaN,NaN,NaN,NaN,NaN,NaN,NaN,NaN,NaN,NaN,NaN,NaN,NaN,NaN,NaN,NaN,NaN,NaN,-0.0905149943646925,-0.0906199784351811,-0.0909517133425822,-0.0912319430311189,-0.091410061047684,NaN,NaN,NaN,NaN,NaN,NaN,NaN,NaN,NaN,NaN,NaN,NaN,NaN,NaN,NaN,NaN,NaN,NaN,NaN,NaN,NaN,NaN,NaN,NaN,NaN,NaN,NaN,NaN,NaN,NaN,NaN,NaN,NaN,NaN,NaN
NaN,NaN,NaN,NaN,NaN,NaN,NaN,NaN,NaN,NaN,NaN,NaN,NaN,NaN,NaN,NaN,NaN,NaN,NaN,NaN,NaN,NaN,NaN,NaN,NaN,NaN,NaN,NaN,NaN,NaN,NaN,NaN,NaN,NaN,NaN,NaN,NaN,NaN,NaN,NaN,NaN,NaN,NaN,NaN,NaN,NaN,NaN,NaN,NaN,NaN,NaN,NaN,NaN,NaN,NaN,NaN,NaN,NaN,NaN,NaN,NaN,NaN,NaN,NaN,NaN,NaN,NaN,NaN,NaN,NaN,NaN,NaN,NaN,NaN,NaN,NaN,NaN,NaN,NaN,NaN,NaN,NaN,NaN,NaN,NaN,NaN,NaN,NaN,NaN,NaN,NaN,NaN,NaN,NaN,NaN,NaN,NaN,NaN,NaN,NaN,NaN,NaN,NaN,NaN,NaN,NaN,NaN,NaN,NaN,NaN,NaN,NaN,NaN,NaN,NaN,NaN,NaN,NaN,NaN,NaN,NaN,NaN,NaN,NaN,NaN,NaN,NaN,NaN,NaN,NaN,NaN,NaN,NaN,NaN,NaN,NaN,NaN,NaN,NaN,NaN,NaN,NaN,NaN,NaN,NaN,NaN,NaN,NaN,NaN,NaN,NaN,NaN,NaN,NaN,NaN,NaN,NaN,NaN,NaN,NaN,NaN,NaN,NaN,-0.0865789647999987,-0.0865755737075412,NaN,-0.0864481430055097,-0.086482523744565,-0.0862954065520269,-0.0861408917400092,-0.0861842005199936,-0.0861917815773086,NaN,NaN,NaN,NaN,NaN,NaN,NaN,NaN,NaN,NaN,NaN,NaN,NaN,NaN,NaN,NaN,NaN,NaN,NaN,NaN,NaN,NaN,NaN,NaN,NaN,NaN,NaN,NaN,NaN,NaN,NaN,NaN,NaN,NaN,-0.0900479862637137,-0.0910526339254826,-0.0915096575501087,-0.0916642375664957,-0.091080496403465,-0.0913281536486491,NaN,NaN,NaN,NaN,NaN,NaN,NaN,NaN,NaN,NaN,NaN,NaN,NaN,NaN,NaN,NaN,NaN,NaN,NaN,NaN,NaN,NaN,NaN,NaN,NaN,NaN,NaN,NaN,NaN,NaN,NaN,NaN,NaN
NaN,NaN,NaN,NaN,NaN,NaN,NaN,NaN,NaN,NaN,NaN,NaN,NaN,NaN,NaN,NaN,NaN,NaN,NaN,NaN,NaN,NaN,NaN,NaN,NaN,NaN,NaN,NaN,NaN,NaN,NaN,NaN,NaN,NaN,NaN,NaN,NaN,NaN,NaN,NaN,NaN,NaN,NaN,NaN,NaN,NaN,NaN,NaN,NaN,NaN,NaN,NaN,NaN,NaN,NaN,NaN,NaN,NaN,NaN,NaN,NaN,NaN,NaN,NaN,NaN,NaN,NaN,NaN,NaN,NaN,NaN,NaN,NaN,NaN,NaN,NaN,NaN,NaN,NaN,NaN,NaN,NaN,NaN,NaN,NaN,NaN,NaN,NaN,NaN,NaN,NaN,NaN,NaN,NaN,NaN,NaN,NaN,NaN,NaN,NaN,NaN,NaN,NaN,NaN,NaN,NaN,NaN,NaN,NaN,NaN,NaN,NaN,NaN,NaN,NaN,NaN,NaN,NaN,NaN,NaN,NaN,NaN,NaN,NaN,NaN,NaN,NaN,NaN,NaN,NaN,NaN,NaN,NaN,NaN,NaN,NaN,NaN,NaN,NaN,NaN,NaN,NaN,NaN,NaN,NaN,NaN,NaN,NaN,NaN,NaN,NaN,NaN,NaN,NaN,NaN,NaN,NaN,NaN,NaN,NaN,NaN,NaN,NaN,-0.08652430574747,-0.0865597635164299,-0.0865575656535376,-0.0865003665468384,-0.0863833205915447,-0.0862474571420497,-0.0862144696121093,-0.0864174989416549,-0.086555884330352,-0.0867635682793661,NaN,NaN,NaN,NaN,NaN,NaN,NaN,NaN,NaN,NaN,NaN,NaN,NaN,NaN,NaN,NaN,NaN,NaN,NaN,NaN,NaN,NaN,NaN,NaN,NaN,NaN,NaN,NaN,NaN,NaN,NaN,NaN,NaN,-0.0909858386316141,-0.0909442548256095,-0.0918546835949775,-0.0919538818509567,-0.0915279563035261,-0.0916241101600168,NaN,NaN,NaN,NaN,NaN,NaN,NaN,NaN,NaN,NaN,NaN,NaN,NaN,NaN,NaN,NaN,NaN,NaN,NaN,NaN,NaN,NaN,NaN,NaN,NaN,NaN,NaN,NaN,NaN,NaN,NaN,NaN,NaN
NaN,NaN,NaN,NaN,NaN,NaN,NaN,NaN,NaN,NaN,NaN,NaN,NaN,NaN,NaN,NaN,NaN,NaN,NaN,NaN,NaN,NaN,NaN,NaN,NaN,NaN,NaN,NaN,NaN,NaN,NaN,NaN,NaN,NaN,NaN,NaN,NaN,NaN,NaN,NaN,NaN,NaN,NaN,NaN,NaN,NaN,NaN,NaN,NaN,NaN,NaN,NaN,NaN,NaN,NaN,NaN,NaN,NaN,NaN,NaN,NaN,NaN,NaN,NaN,NaN,NaN,NaN,NaN,NaN,NaN,NaN,NaN,NaN,NaN,NaN,NaN,NaN,NaN,NaN,NaN,NaN,NaN,NaN,NaN,NaN,NaN,NaN,NaN,NaN,NaN,NaN,NaN,NaN,NaN,NaN,NaN,NaN,NaN,NaN,NaN,NaN,NaN,NaN,NaN,NaN,NaN,NaN,NaN,NaN,NaN,NaN,NaN,NaN,NaN,NaN,NaN,NaN,NaN,NaN,NaN,NaN,NaN,NaN,NaN,NaN,NaN,NaN,NaN,NaN,NaN,NaN,NaN,NaN,NaN,NaN,NaN,NaN,NaN,NaN,NaN,NaN,NaN,NaN,NaN,NaN,NaN,NaN,NaN,NaN,NaN,NaN,NaN,NaN,NaN,NaN,NaN,NaN,NaN,NaN,NaN,NaN,NaN,NaN,NaN,-0.08645589492406,-0.0865583449844613,NaN,NaN,-0.0860285033756259,-0.0862446124912391,-0.0865444217445748,-0.0866644488377803,-0.0867070194051045,-0.0866771893097143,-0.0867363916401734,NaN,NaN,NaN,NaN,NaN,NaN,NaN,NaN,NaN,NaN,NaN,NaN,NaN,NaN,NaN,NaN,NaN,NaN,NaN,NaN,NaN,NaN,NaN,NaN,NaN,NaN,NaN,NaN,NaN,NaN,-0.0910645233765752,-0.0921939843750618,-0.0921598887965354,-0.0920624816697873,-0.0921557135373572,-0.0923096021871457,-0.0923513476115519,NaN,NaN,NaN,NaN,NaN,NaN,NaN,NaN,NaN,NaN,NaN,NaN,NaN,NaN,NaN,NaN,NaN,NaN,NaN,NaN,NaN,NaN,NaN,NaN,NaN,NaN,NaN,NaN,NaN,NaN,NaN,NaN,NaN
NaN,NaN,NaN,NaN,NaN,NaN,NaN,NaN,NaN,NaN,NaN,NaN,NaN,NaN,NaN,NaN,NaN,NaN,NaN,NaN,NaN,NaN,NaN,NaN,NaN,NaN,NaN,NaN,NaN,NaN,NaN,NaN,NaN,NaN,NaN,NaN,NaN,NaN,NaN,NaN,NaN,NaN,NaN,NaN,NaN,NaN,NaN,NaN,NaN,NaN,NaN,NaN,NaN,NaN,NaN,NaN,NaN,NaN,NaN,NaN,NaN,NaN,NaN,NaN,NaN,NaN,NaN,NaN,NaN,NaN,NaN,NaN,NaN,NaN,NaN,NaN,NaN,NaN,NaN,NaN,NaN,NaN,NaN,NaN,NaN,NaN,NaN,NaN,NaN,NaN,NaN,NaN,NaN,NaN,NaN,NaN,NaN,NaN,NaN,NaN,NaN,NaN,NaN,NaN,NaN,NaN,NaN,NaN,NaN,NaN,NaN,NaN,NaN,NaN,NaN,NaN,NaN,NaN,NaN,NaN,NaN,NaN,NaN,NaN,NaN,NaN,NaN,NaN,NaN,NaN,NaN,NaN,NaN,NaN,NaN,NaN,NaN,NaN,NaN,NaN,NaN,NaN,NaN,NaN,NaN,NaN,NaN,NaN,NaN,NaN,NaN,NaN,NaN,NaN,NaN,NaN,NaN,NaN,NaN,NaN,NaN,NaN,NaN,NaN,NaN,NaN,NaN,NaN,-0.086251151318674,-0.0862711078752607,-0.0864648259245098,-0.0866703599885639,-0.0865532098164929,-0.086596898440334,-0.0867058562529702,NaN,NaN,NaN,NaN,NaN,NaN,NaN,NaN,NaN,NaN,NaN,NaN,NaN,NaN,NaN,NaN,NaN,NaN,NaN,NaN,NaN,NaN,NaN,NaN,NaN,NaN,NaN,NaN,NaN,NaN,-0.0910717181186421,-0.0922212691771958,-0.0921899197748789,-0.0918045812195959,-0.0918526254544379,-0.0923783400877686,-0.0924020698613631,NaN,NaN,NaN,NaN,NaN,NaN,NaN,NaN,NaN,NaN,NaN,NaN,NaN,NaN,NaN,NaN,NaN,NaN,NaN,NaN,NaN,NaN,NaN,NaN,NaN,NaN,NaN,NaN,NaN,NaN,NaN,NaN,NaN
NaN,NaN,NaN,NaN,NaN,NaN,NaN,NaN,NaN,NaN,NaN,NaN,NaN,NaN,NaN,NaN,NaN,NaN,NaN,NaN,NaN,NaN,NaN,NaN,NaN,NaN,NaN,NaN,NaN,NaN,NaN,NaN,NaN,NaN,NaN,NaN,NaN,NaN,NaN,NaN,NaN,NaN,NaN,NaN,NaN,NaN,NaN,NaN,NaN,NaN,NaN,NaN,NaN,NaN,NaN,NaN,NaN,NaN,NaN,NaN,NaN,NaN,NaN,NaN,NaN,NaN,NaN,NaN,NaN,NaN,NaN,NaN,NaN,NaN,NaN,NaN,NaN,-0.0948482173889129,-0.0991325395581214,-0.0933493738238212,NaN,NaN,NaN,NaN,NaN,NaN,NaN,NaN,NaN,NaN,NaN,NaN,NaN,NaN,NaN,NaN,NaN,NaN,NaN,NaN,NaN,NaN,NaN,NaN,NaN,NaN,NaN,NaN,NaN,NaN,NaN,NaN,NaN,NaN,NaN,NaN,NaN,NaN,NaN,NaN,NaN,NaN,NaN,NaN,NaN,NaN,NaN,NaN,NaN,NaN,NaN,NaN,NaN,NaN,NaN,NaN,NaN,NaN,NaN,NaN,NaN,NaN,NaN,NaN,NaN,NaN,NaN,NaN,NaN,NaN,NaN,NaN,NaN,NaN,NaN,NaN,NaN,NaN,NaN,NaN,NaN,NaN,NaN,NaN,NaN,NaN,NaN,NaN,-0.0861562637270296,-0.0860266969317252,-0.0863296085430432,-0.0866402271070134,-0.0866008975956807,-0.0866144355551099,NaN,NaN,NaN,NaN,NaN,NaN,NaN,NaN,NaN,NaN,NaN,NaN,NaN,NaN,NaN,NaN,NaN,NaN,NaN,NaN,NaN,NaN,NaN,NaN,NaN,NaN,NaN,NaN,NaN,NaN,NaN,-0.0877106829251533,-0.0910841690704545,-0.0910423406560634,NaN,-0.0910643267193653,-0.0923567979138884,-0.0924382648221343,NaN,NaN,NaN,NaN,NaN,NaN,NaN,NaN,NaN,NaN,NaN,NaN,NaN,NaN,NaN,NaN,NaN,NaN,NaN,NaN,NaN,NaN,NaN,NaN,NaN,NaN,NaN,NaN,NaN,NaN,NaN,NaN,NaN
NaN,NaN,NaN,NaN,NaN,NaN,NaN,NaN,NaN,NaN,NaN,NaN,NaN,NaN,NaN,NaN,NaN,NaN,NaN,NaN,NaN,NaN,NaN,NaN,NaN,NaN,NaN,NaN,NaN,NaN,NaN,NaN,NaN,NaN,NaN,NaN,NaN,NaN,NaN,NaN,NaN,NaN,NaN,NaN,NaN,NaN,NaN,NaN,NaN,NaN,NaN,NaN,NaN,NaN,NaN,NaN,NaN,NaN,NaN,NaN,NaN,NaN,NaN,NaN,NaN,NaN,NaN,NaN,NaN,NaN,NaN,NaN,NaN,NaN,NaN,NaN,-0.0960847492666704,-0.0991499113632665,-0.099133491127559,-0.0991310316716471,NaN,NaN,NaN,NaN,NaN,NaN,NaN,NaN,NaN,NaN,NaN,NaN,NaN,NaN,NaN,NaN,NaN,NaN,NaN,NaN,NaN,NaN,NaN,NaN,NaN,NaN,NaN,NaN,NaN,NaN,NaN,NaN,NaN,NaN,NaN,NaN,NaN,NaN,NaN,NaN,NaN,NaN,NaN,NaN,NaN,NaN,NaN,NaN,NaN,NaN,NaN,NaN,NaN,NaN,NaN,NaN,NaN,NaN,NaN,NaN,NaN,NaN,NaN,NaN,NaN,NaN,NaN,NaN,NaN,NaN,NaN,NaN,NaN,NaN,NaN,NaN,NaN,NaN,NaN,NaN,NaN,NaN,NaN,NaN,NaN,NaN,NaN,NaN,NaN,-0.0854924430974851,-0.0860905401755442,-0.0863986663628819,-0.0866596775427116,-0.0866575658890031,NaN,NaN,NaN,NaN,NaN,NaN,NaN,NaN,NaN,NaN,NaN,NaN,NaN,NaN,NaN,NaN,NaN,NaN,NaN,NaN,NaN,NaN,NaN,NaN,NaN,NaN,NaN,NaN,NaN,NaN,NaN,NaN,-0.0877186810965645,-0.0876926370904643,NaN,-0.0911040553606093,-0.0924161774758659,-0.0920706690024969,NaN,NaN,NaN,NaN,NaN,NaN,NaN,NaN,NaN,NaN,NaN,NaN,NaN,NaN,NaN,NaN,NaN,NaN,NaN,NaN,NaN,NaN,NaN,NaN,NaN,NaN,NaN,NaN,NaN,NaN,NaN,NaN,NaN
NaN,NaN,NaN,NaN,NaN,NaN,NaN,NaN,NaN,NaN,NaN,NaN,NaN,NaN,NaN,NaN,NaN,NaN,NaN,NaN,NaN,NaN,NaN,NaN,NaN,NaN,NaN,NaN,NaN,NaN,NaN,NaN,NaN,NaN,NaN,NaN,NaN,NaN,NaN,NaN,NaN,NaN,NaN,NaN,NaN,NaN,NaN,NaN,NaN,NaN,NaN,NaN,NaN,NaN,NaN,NaN,NaN,NaN,NaN,NaN,NaN,NaN,NaN,NaN,NaN,NaN,NaN,NaN,NaN,NaN,NaN,NaN,NaN,NaN,NaN,-0.0960630685762797,-0.0991496724823855,-0.0991355954210936,-0.0991240140999552,NaN,NaN,NaN,NaN,NaN,NaN,NaN,-0.0900344033072991,-0.0981416013876608,NaN,NaN,NaN,NaN,NaN,NaN,NaN,NaN,NaN,NaN,NaN,NaN,NaN,NaN,NaN,NaN,NaN,NaN,NaN,NaN,NaN,NaN,NaN,NaN,NaN,NaN,NaN,NaN,NaN,NaN,NaN,NaN,NaN,NaN,NaN,NaN,NaN,NaN,NaN,NaN,NaN,NaN,NaN,NaN,NaN,NaN,NaN,NaN,NaN,NaN,NaN,NaN,NaN,NaN,NaN,NaN,NaN,NaN,NaN,NaN,NaN,NaN,NaN,NaN,NaN,NaN,NaN,NaN,NaN,NaN,NaN,NaN,NaN,NaN,NaN,NaN,NaN,NaN,NaN,NaN,NaN,-0.0855042502210055,-0.0859456914742076,-0.0861212084930574,NaN,NaN,NaN,NaN,NaN,NaN,NaN,NaN,NaN,NaN,NaN,NaN,NaN,NaN,NaN,NaN,NaN,NaN,NaN,NaN,NaN,NaN,NaN,NaN,NaN,NaN,NaN,NaN,NaN,NaN,NaN,NaN,NaN,-0.080739089643446,-0.084000571260156,NaN,NaN,NaN,-0.0912627348576127,-0.092135152628699,-0.0902785275967399,NaN,NaN,NaN,NaN,NaN,NaN,NaN,NaN,NaN,NaN,NaN,NaN,NaN,NaN,NaN,NaN,NaN,NaN,NaN,NaN,NaN,NaN,NaN,NaN,NaN,NaN,NaN,NaN,NaN,NaN,NaN,NaN
NaN,NaN,NaN,NaN,NaN,NaN,NaN,NaN,NaN,NaN,NaN,NaN,NaN,NaN,NaN,NaN,NaN,NaN,NaN,NaN,NaN,NaN,NaN,NaN,NaN,NaN,NaN,NaN,NaN,NaN,NaN,NaN,NaN,NaN,NaN,NaN,NaN,NaN,NaN,NaN,NaN,NaN,NaN,NaN,NaN,NaN,NaN,NaN,NaN,NaN,NaN,NaN,NaN,NaN,NaN,NaN,NaN,NaN,NaN,NaN,NaN,NaN,NaN,NaN,NaN,NaN,NaN,NaN,NaN,NaN,NaN,NaN,NaN,NaN,NaN,-0.099147824852818,-0.0991416766155203,-0.0991323864891744,-0.0991216200645417,NaN,NaN,NaN,NaN,NaN,NaN,NaN,-0.0981516587103601,-0.0981383046043125,-0.098125046936449,-0.0900333775827855,NaN,NaN,NaN,NaN,NaN,NaN,NaN,NaN,NaN,NaN,NaN,NaN,NaN,NaN,NaN,NaN,NaN,NaN,NaN,NaN,NaN,NaN,NaN,NaN,NaN,NaN,NaN,NaN,NaN,NaN,NaN,NaN,NaN,NaN,NaN,NaN,NaN,NaN,NaN,NaN,NaN,NaN,NaN,NaN,NaN,NaN,NaN,NaN,NaN,NaN,NaN,NaN,NaN,NaN,NaN,NaN,NaN,NaN,NaN,NaN,NaN,NaN,NaN,NaN,NaN,NaN,NaN,NaN,NaN,NaN,NaN,NaN,NaN,NaN,NaN,NaN,NaN,NaN,NaN,-0.0855120289373744,-0.0860945510169104,-0.0865341086569299,NaN,NaN,NaN,NaN,NaN,NaN,NaN,NaN,NaN,NaN,NaN,NaN,NaN,NaN,NaN,NaN,NaN,NaN,NaN,NaN,NaN,NaN,NaN,NaN,NaN,NaN,NaN,NaN,NaN,NaN,NaN,NaN,NaN,-0.0785122212708956,-0.0807446734981699,NaN,NaN,NaN,-0.0911478217497785,-0.0921658002015842,-0.0911519429492909,NaN,NaN,NaN,NaN,NaN,NaN,NaN,NaN,NaN,NaN,NaN,NaN,NaN,NaN,NaN,NaN,NaN,NaN,NaN,NaN,NaN,NaN,NaN,NaN,NaN,NaN,NaN,NaN,NaN,NaN,NaN,NaN
NaN,NaN,NaN,NaN,NaN,NaN,NaN,NaN,NaN,NaN,NaN,NaN,NaN,NaN,NaN,NaN,NaN,NaN,NaN,NaN,NaN,NaN,NaN,NaN,NaN,NaN,NaN,NaN,NaN,NaN,NaN,NaN,NaN,NaN,NaN,NaN,NaN,NaN,NaN,NaN,NaN,NaN,NaN,NaN,NaN,NaN,NaN,NaN,NaN,NaN,NaN,NaN,NaN,NaN,NaN,NaN,NaN,NaN,NaN,NaN,NaN,NaN,NaN,NaN,NaN,NaN,NaN,NaN,NaN,NaN,NaN,NaN,NaN,NaN,-0.0990737928334276,-0.0991191899664731,-0.0991347095282523,-0.0991305602330783,-0.0991217779494377,NaN,NaN,NaN,NaN,NaN,NaN,-0.0981724471438675,-0.0981546432014748,-0.0981365267941575,-0.0981206845498011,-0.0981013995641632,NaN,NaN,NaN,NaN,NaN,NaN,NaN,NaN,NaN,NaN,NaN,NaN,NaN,NaN,NaN,NaN,NaN,NaN,NaN,NaN,NaN,NaN,NaN,NaN,NaN,NaN,NaN,NaN,NaN,NaN,NaN,NaN,NaN,NaN,NaN,NaN,NaN,NaN,NaN,NaN,NaN,NaN,NaN,NaN,NaN,NaN,NaN,NaN,NaN,NaN,NaN,NaN,NaN,NaN,NaN,NaN,NaN,NaN,NaN,NaN,NaN,NaN,NaN,NaN,NaN,NaN,NaN,NaN,NaN,NaN,NaN,NaN,NaN,NaN,NaN,NaN,NaN,NaN,NaN,-0.0851795476574392,-0.0862468130342971,-0.0869610191356156,NaN,NaN,NaN,NaN,NaN,NaN,NaN,NaN,NaN,NaN,NaN,NaN,NaN,NaN,NaN,NaN,NaN,NaN,NaN,NaN,NaN,NaN,NaN,NaN,NaN,NaN,NaN,NaN,NaN,NaN,NaN,NaN,NaN,NaN,NaN,NaN,NaN,NaN,-0.0882293422365912,-0.0918131456865069,-0.0882335368064623,NaN,NaN,NaN,NaN,NaN,NaN,NaN,NaN,NaN,NaN,NaN,NaN,NaN,NaN,NaN,NaN,NaN,NaN,NaN,NaN,NaN,NaN,NaN,NaN,NaN,NaN,NaN,NaN,NaN,NaN,NaN,NaN
NaN,NaN,NaN,NaN,NaN,NaN,NaN,NaN,NaN,NaN,NaN,NaN,NaN,NaN,NaN,NaN,NaN,NaN,NaN,NaN,NaN,NaN,NaN,NaN,NaN,NaN,NaN,NaN,NaN,NaN,NaN,NaN,NaN,NaN,NaN,NaN,NaN,NaN,NaN,NaN,NaN,NaN,NaN,NaN,NaN,NaN,NaN,NaN,NaN,NaN,NaN,NaN,NaN,NaN,NaN,NaN,NaN,NaN,NaN,NaN,NaN,NaN,NaN,NaN,NaN,NaN,NaN,NaN,NaN,NaN,NaN,NaN,NaN,-0.0990313035787493,-0.0998605666372695,-0.0990745673073839,-0.0959054026545773,-0.0991089226177954,-0.0961658244384211,NaN,NaN,-0.0955444184502082,-0.0972726116715263,-0.0963751155767455,NaN,-0.0932606380420048,-0.0981670187782991,-0.0981423438124626,-0.0981138726077074,-0.0980869809850546,-0.0980590887118299,NaN,NaN,NaN,NaN,NaN,NaN,NaN,NaN,NaN,NaN,NaN,NaN,NaN,NaN,NaN,NaN,NaN,NaN,NaN,NaN,NaN,NaN,NaN,NaN,NaN,NaN,NaN,NaN,NaN,NaN,NaN,NaN,NaN,NaN,NaN,NaN,NaN,NaN,NaN,NaN,NaN,NaN,NaN,NaN,NaN,NaN,NaN,NaN,NaN,NaN,NaN,NaN,NaN,NaN,NaN,NaN,NaN,NaN,NaN,NaN,NaN,NaN,NaN,NaN,NaN,NaN,NaN,NaN,NaN,NaN,NaN,NaN,NaN,NaN,NaN,NaN,NaN,-0.0859071772737137,-0.0859734518595364,-0.0868629279935986,-0.0874930640549797,NaN,NaN,NaN,NaN,NaN,NaN,NaN,NaN,NaN,NaN,NaN,NaN,NaN,NaN,NaN,NaN,NaN,NaN,NaN,NaN,NaN,NaN,NaN,NaN,NaN,NaN,NaN,NaN,NaN,NaN,NaN,NaN,NaN,NaN,NaN,NaN,NaN,NaN,NaN,NaN,NaN,NaN,NaN,NaN,NaN,NaN,NaN,NaN,NaN,NaN,NaN,NaN,NaN,NaN,NaN,NaN,NaN,NaN,NaN,NaN,NaN,NaN,NaN,NaN,NaN,NaN,NaN,NaN,NaN,NaN,NaN,NaN,NaN
NaN,NaN,NaN,NaN,NaN,NaN,NaN,NaN,NaN,NaN,NaN,NaN,NaN,NaN,NaN,NaN,NaN,NaN,NaN,NaN,NaN,NaN,NaN,NaN,NaN,NaN,NaN,NaN,NaN,NaN,NaN,NaN,NaN,NaN,NaN,NaN,NaN,NaN,NaN,NaN,NaN,NaN,NaN,NaN,NaN,NaN,NaN,NaN,NaN,NaN,NaN,NaN,NaN,NaN,NaN,NaN,NaN,NaN,NaN,NaN,NaN,NaN,NaN,NaN,NaN,NaN,NaN,NaN,NaN,NaN,NaN,NaN,NaN,-0.0998568857656595,-0.0998306700490255,-0.0965798674426443,-0.0990670327163283,-0.099057781993245,-0.0928588119850446,NaN,-0.0955344165079352,-0.0988391500952306,-0.0988221585617336,-0.0988151234617327,-0.0988077807824328,-0.0931414414102483,-0.0933214156610279,-0.0929017794919373,-0.0981104168679532,-0.09807245318833,-0.0980478181126759,NaN,NaN,NaN,NaN,NaN,NaN,NaN,NaN,NaN,NaN,NaN,NaN,NaN,NaN,NaN,NaN,NaN,NaN,NaN,NaN,NaN,NaN,NaN,NaN,NaN,NaN,NaN,NaN,NaN,NaN,NaN,NaN,NaN,NaN,NaN,NaN,NaN,NaN,NaN,NaN,NaN,NaN,NaN,NaN,NaN,NaN,NaN,NaN,NaN,NaN,NaN,NaN,NaN,NaN,NaN,NaN,NaN,NaN,NaN,NaN,NaN,NaN,NaN,NaN,NaN,NaN,NaN,NaN,NaN,NaN,NaN,NaN,NaN,NaN,NaN,NaN,-0.086131862137033,-0.0862490108186625,-0.086590241217977,-0.0871865005231334,-0.0873390643012106,-0.0874775277552098,NaN,NaN,NaN,NaN,NaN,NaN,NaN,NaN,NaN,NaN,NaN,NaN,NaN,NaN,NaN,NaN,NaN,NaN,NaN,NaN,NaN,NaN,NaN,NaN,NaN,NaN,NaN,NaN,NaN,NaN,NaN,NaN,NaN,NaN,NaN,NaN,NaN,NaN,NaN,NaN,NaN,NaN,NaN,NaN,NaN,NaN,NaN,NaN,NaN,NaN,NaN,NaN,NaN,NaN,NaN,NaN,NaN,NaN,NaN,NaN,NaN,NaN,NaN,NaN,NaN,NaN,NaN,NaN,NaN,NaN,NaN,NaN
NaN,NaN,NaN,NaN,NaN,NaN,NaN,NaN,NaN,NaN,NaN,NaN,NaN,NaN,NaN,NaN,NaN,NaN,NaN,NaN,NaN,NaN,NaN,NaN,NaN,NaN,NaN,NaN,NaN,NaN,NaN,NaN,NaN,NaN,NaN,NaN,NaN,NaN,NaN,NaN,NaN,NaN,NaN,NaN,NaN,NaN,NaN,NaN,NaN,NaN,NaN,NaN,NaN,NaN,NaN,NaN,NaN,NaN,NaN,NaN,NaN,NaN,NaN,NaN,NaN,NaN,NaN,NaN,NaN,NaN,NaN,NaN,-0.0989104398611144,-0.100096169586497,-0.0989211222219213,-0.098932877674562,-0.0952831785897065,-0.0970012322669713,-0.0884954683621065,NaN,-0.0948099151171465,-0.0988251641989747,-0.0972294357238201,-0.0970184491174768,-0.0977152505276055,-0.0964069664921847,-0.0976824863225566,-0.0952573015073965,-0.0954481713729006,-0.098044261384026,-0.0980069917256062,-0.0979610478438394,-0.0979342068718609,NaN,NaN,NaN,NaN,NaN,NaN,NaN,NaN,NaN,NaN,NaN,NaN,NaN,NaN,NaN,NaN,NaN,NaN,NaN,NaN,NaN,NaN,NaN,NaN,NaN,NaN,NaN,NaN,NaN,NaN,NaN,NaN,NaN,NaN,NaN,NaN,NaN,NaN,NaN,NaN,NaN,NaN,NaN,NaN,NaN,NaN,NaN,NaN,NaN,NaN,NaN,NaN,NaN,NaN,NaN,NaN,NaN,NaN,NaN,NaN,NaN,NaN,NaN,NaN,NaN,NaN,NaN,NaN,NaN,NaN,NaN,NaN,NaN,NaN,-0.0861837674795948,-0.0863198401845176,-0.0867809823407819,-0.0870704346820964,-0.0870348393504312,-0.0872514997338883,-0.0872986473575501,NaN,NaN,NaN,NaN,NaN,NaN,NaN,NaN,NaN,NaN,NaN,NaN,NaN,NaN,NaN,NaN,NaN,NaN,NaN,NaN,NaN,NaN,NaN,NaN,NaN,NaN,NaN,NaN,NaN,NaN,NaN,NaN,NaN,NaN,NaN,NaN,NaN,NaN,NaN,NaN,NaN,NaN,NaN,NaN,NaN,NaN,NaN,NaN,NaN,NaN,NaN,NaN,NaN,NaN,NaN,NaN,NaN,NaN,NaN,NaN,NaN,NaN,NaN,NaN,NaN,NaN,NaN,NaN,NaN,NaN,NaN
NaN,NaN,NaN,NaN,NaN,NaN,NaN,NaN,NaN,NaN,NaN,NaN,NaN,NaN,NaN,NaN,NaN,NaN,NaN,NaN,NaN,NaN,NaN,NaN,NaN,NaN,NaN,NaN,NaN,NaN,NaN,NaN,NaN,NaN,NaN,NaN,NaN,NaN,NaN,NaN,NaN,NaN,NaN,NaN,NaN,NaN,NaN,NaN,NaN,NaN,NaN,NaN,NaN,NaN,NaN,NaN,NaN,NaN,NaN,NaN,NaN,NaN,NaN,NaN,NaN,NaN,NaN,NaN,NaN,NaN,NaN,NaN,-0.0988978368602011,-0.100056713128693,-0.0988581640754344,-0.0978886346410257,-0.0967538815850114,-0.0977296620670597,-0.0959202585392929,NaN,-0.090027392401401,-0.0987230829108044,-0.100204840838272,-0.100552092669285,-0.10045269864473,-0.0991865829979139,-0.0985368175790526,-0.0981418668220793,-0.0979971930703693,-0.0964921239925051,-0.0979776386156011,-0.0979479125931664,-0.0979273062617965,-0.0979090203921731,NaN,NaN,NaN,NaN,NaN,NaN,NaN,NaN,NaN,NaN,NaN,NaN,NaN,NaN,NaN,NaN,NaN,NaN,NaN,NaN,NaN,NaN,NaN,NaN,NaN,NaN,NaN,NaN,NaN,NaN,NaN,NaN,NaN,NaN,NaN,NaN,NaN,NaN,NaN,NaN,NaN,NaN,NaN,NaN,NaN,NaN,NaN,NaN,NaN,NaN,NaN,NaN,NaN,NaN,NaN,NaN,NaN,NaN,NaN,NaN,NaN,NaN,NaN,NaN,NaN,NaN,NaN,NaN,NaN,NaN,NaN,NaN,NaN,-0.08496282274012,-0.0859150830157097,-0.0866724808158131,-0.0870547978401108,-0.0871184250264461,-0.087318401674699,-0.0873070068523476,NaN,NaN,NaN,NaN,NaN,NaN,NaN,NaN,NaN,NaN,NaN,NaN,NaN,NaN,NaN,NaN,NaN,NaN,NaN,NaN,NaN,NaN,NaN,NaN,NaN,NaN,NaN,NaN,NaN,NaN,NaN,NaN,NaN,NaN,NaN,NaN,NaN,NaN,NaN,NaN,NaN,NaN,NaN,NaN,NaN,NaN,NaN,NaN,NaN,NaN,NaN,NaN,NaN,NaN,NaN,NaN,NaN,NaN,NaN,NaN,NaN,NaN,NaN,NaN,NaN,NaN,NaN,NaN,NaN,NaN,NaN
NaN,NaN,NaN,NaN,NaN,NaN,NaN,NaN,NaN,NaN,NaN,NaN,NaN,NaN,NaN,NaN,NaN,NaN,NaN,NaN,NaN,NaN,NaN,NaN,NaN,NaN,NaN,NaN,NaN,NaN,NaN,NaN,NaN,NaN,NaN,NaN,NaN,NaN,NaN,NaN,NaN,NaN,NaN,NaN,NaN,NaN,NaN,NaN,NaN,NaN,NaN,NaN,NaN,NaN,NaN,NaN,NaN,NaN,NaN,NaN,NaN,NaN,NaN,NaN,NaN,NaN,NaN,NaN,NaN,NaN,NaN,NaN,NaN,-0.10002072852294,-0.0984988427447532,-0.102598436937676,-0.0996522361713535,-0.0988990520198678,-0.0998198952950151,-0.0986055152985277,-0.0981314802131099,-0.101070323820223,-0.101480879500178,-0.101713735126693,-0.101840676204943,-0.101506607039572,-0.100106087234211,-0.0995942161787975,-0.0989955177193507,-0.0984936556192512,-0.0979428003647091,-0.0979325503762982,-0.0979110730708787,-0.0978976152297502,-0.0978842074460925,NaN,NaN,NaN,NaN,NaN,NaN,NaN,NaN,NaN,NaN,NaN,NaN,NaN,NaN,NaN,NaN,NaN,NaN,NaN,NaN,NaN,NaN,NaN,NaN,NaN,NaN,NaN,NaN,NaN,NaN,NaN,NaN,NaN,NaN,NaN,NaN,NaN,NaN,NaN,NaN,NaN,NaN,NaN,NaN,NaN,NaN,NaN,NaN,NaN,NaN,NaN,NaN,NaN,NaN,NaN,NaN,NaN,NaN,NaN,NaN,NaN,NaN,NaN,NaN,NaN,NaN,NaN,NaN,NaN,NaN,NaN,-0.08492687366079,-0.0853252764632778,-0.0863184160911916,-0.0868562489212018,NaN,NaN,NaN,NaN,NaN,NaN,NaN,NaN,NaN,NaN,NaN,NaN,NaN,NaN,NaN,NaN,NaN,NaN,NaN,NaN,NaN,NaN,NaN,NaN,NaN,NaN,NaN,NaN,NaN,NaN,NaN,NaN,NaN,NaN,NaN,NaN,NaN,NaN,NaN,NaN,NaN,NaN,NaN,NaN,NaN,NaN,NaN,NaN,NaN,NaN,NaN,NaN,NaN,NaN,NaN,NaN,NaN,NaN,NaN,NaN,NaN,NaN,NaN,NaN,NaN,NaN,NaN,NaN,NaN,NaN,NaN,NaN,NaN,NaN,NaN
NaN,NaN,NaN,NaN,NaN,NaN,NaN,NaN,NaN,NaN,NaN,NaN,NaN,NaN,NaN,NaN,NaN,NaN,NaN,NaN,NaN,NaN,NaN,NaN,NaN,NaN,NaN,NaN,NaN,NaN,NaN,NaN,NaN,NaN,NaN,NaN,NaN,NaN,NaN,NaN,NaN,NaN,NaN,NaN,NaN,NaN,NaN,NaN,NaN,NaN,NaN,NaN,NaN,NaN,NaN,NaN,NaN,NaN,NaN,NaN,NaN,NaN,NaN,NaN,NaN,NaN,NaN,NaN,NaN,NaN,NaN,NaN,-0.0954713101509465,-0.0999702875687054,-0.0985951299597566,-0.102560181772557,-0.100866702578863,-0.100676038426038,-0.101410719856751,-0.100405040527513,-0.101357965917193,-0.10188344666835,-0.102450907924398,-0.10285990166421,-0.102832012023847,-0.101693130630901,-0.101295870852422,-0.100784048429848,-0.100559266591599,-0.1000350883466,-0.0989417763006648,-0.0973348726364093,-0.097903035768354,-0.0978858760572859,-0.0978937847159216,NaN,NaN,NaN,NaN,NaN,NaN,NaN,NaN,NaN,NaN,NaN,NaN,NaN,NaN,NaN,NaN,NaN,NaN,NaN,NaN,NaN,NaN,NaN,NaN,NaN,NaN,NaN,NaN,NaN,NaN,NaN,NaN,NaN,NaN,NaN,NaN,NaN,NaN,NaN,NaN,NaN,NaN,NaN,NaN,NaN,NaN,NaN,NaN,NaN,NaN,NaN,NaN,NaN,NaN,NaN,NaN,NaN,NaN,NaN,NaN,NaN,NaN,NaN,NaN,NaN,NaN,NaN,NaN,NaN,NaN,-0.085841880987868,-0.0856162576980651,-0.0863206991791087,-0.0870376867466359,-0.0874396288393642,NaN,NaN,NaN,NaN,NaN,NaN,NaN,NaN,NaN,NaN,NaN,NaN,NaN,NaN,NaN,NaN,NaN,NaN,NaN,NaN,NaN,NaN,NaN,NaN,NaN,NaN,NaN,NaN,NaN,NaN,NaN,NaN,NaN,NaN,NaN,NaN,NaN,NaN,NaN,NaN,NaN,NaN,NaN,NaN,NaN,NaN,NaN,NaN,NaN,NaN,NaN,NaN,NaN,NaN,NaN,NaN,NaN,NaN,NaN,NaN,NaN,NaN,NaN,NaN,NaN,NaN,NaN,NaN,NaN,NaN,NaN,NaN,NaN,NaN,NaN
NaN,NaN,NaN,NaN,NaN,NaN,NaN,NaN,NaN,NaN,NaN,NaN,NaN,NaN,NaN,NaN,NaN,NaN,NaN,NaN,NaN,NaN,NaN,NaN,NaN,NaN,NaN,NaN,NaN,NaN,NaN,NaN,NaN,NaN,NaN,NaN,NaN,NaN,NaN,NaN,NaN,NaN,NaN,NaN,NaN,NaN,NaN,NaN,NaN,NaN,NaN,NaN,NaN,NaN,NaN,NaN,NaN,NaN,NaN,NaN,NaN,NaN,NaN,NaN,NaN,NaN,NaN,NaN,NaN,NaN,NaN,NaN,-0.0979468691416941,-0.0999295254886412,-0.0999516595139294,-0.102489559371683,-0.102228281797756,-0.101968585942277,-0.102166467524641,-0.10226486739237,-0.102457408584929,-0.10224715100386,-0.102700101323217,-0.102873583016042,-0.102840332704425,-0.102669168634755,-0.101952133534579,-0.101877609785207,-0.10153073412039,-0.100871288105678,-0.101174736168158,-0.0995457472169452,-0.09748694792473,-0.0978732221018627,NaN,NaN,NaN,NaN,NaN,NaN,NaN,NaN,NaN,NaN,NaN,NaN,NaN,NaN,NaN,NaN,NaN,NaN,NaN,NaN,NaN,NaN,NaN,NaN,NaN,NaN,NaN,NaN,NaN,NaN,NaN,NaN,NaN,NaN,NaN,NaN,NaN,NaN,NaN,NaN,NaN,NaN,NaN,NaN,NaN,NaN,NaN,NaN,NaN,NaN,NaN,NaN,NaN,NaN,NaN,NaN,NaN,NaN,NaN,NaN,NaN,NaN,NaN,NaN,NaN,NaN,NaN,NaN,NaN,NaN,-0.0871573354666958,-0.0861214572326329,-0.085330323033359,-0.0862402986120563,-0.0870472541848358,NaN,NaN,NaN,NaN,NaN,NaN,NaN,NaN,NaN,NaN,NaN,NaN,NaN,NaN,NaN,NaN,NaN,NaN,NaN,NaN,NaN,NaN,NaN,NaN,NaN,NaN,NaN,NaN,NaN,NaN,NaN,NaN,NaN,NaN,NaN,NaN,NaN,NaN,NaN,NaN,NaN,NaN,NaN,NaN,NaN,NaN,NaN,NaN,NaN,NaN,NaN,NaN,NaN,NaN,NaN,NaN,NaN,NaN,NaN,NaN,NaN,NaN,NaN,NaN,NaN,NaN,NaN,NaN,NaN,NaN,NaN,NaN,NaN,NaN,NaN,NaN
NaN,NaN,NaN,NaN,NaN,NaN,NaN,NaN,NaN,NaN,NaN,NaN,NaN,NaN,NaN,NaN,NaN,NaN,NaN,NaN,NaN,NaN,NaN,NaN,NaN,NaN,NaN,NaN,NaN,NaN,NaN,NaN,NaN,NaN,NaN,NaN,NaN,NaN,NaN,NaN,NaN,NaN,NaN,NaN,NaN,NaN,NaN,NaN,NaN,NaN,NaN,NaN,NaN,NaN,NaN,NaN,NaN,NaN,NaN,NaN,NaN,NaN,NaN,NaN,NaN,NaN,NaN,NaN,NaN,NaN,NaN,NaN,-0.0999159444272265,-0.0998992484820076,-0.0998887974208211,-0.102457179704625,-0.102448432635456,-0.102631851404655,-0.102718905111074,-0.102727644391003,-0.102698442021009,-0.098715299915578,-0.101326418285103,-0.102846047811876,-0.102814716079116,-0.101527605976955,-0.102124221662748,-0.0972165298044778,-0.101025168316691,-0.101826390302085,-0.101756363606688,-0.100226246060604,-0.0992671447955753,-0.0968033103221617,-0.0986104848361331,NaN,NaN,NaN,NaN,NaN,NaN,NaN,NaN,NaN,NaN,NaN,NaN,NaN,NaN,NaN,NaN,NaN,NaN,NaN,NaN,NaN,NaN,NaN,NaN,NaN,NaN,NaN,NaN,NaN,NaN,NaN,NaN,NaN,NaN,NaN,NaN,NaN,NaN,NaN,NaN,NaN,NaN,NaN,NaN,NaN,NaN,NaN,NaN,NaN,NaN,NaN,NaN,NaN,NaN,NaN,NaN,NaN,NaN,NaN,NaN,NaN,NaN,NaN,NaN,NaN,NaN,NaN,NaN,-0.0887481448854584,-0.0874443360779979,-0.0859126955295738,-0.0847119385597466,NaN,NaN,NaN,NaN,NaN,NaN,NaN,NaN,NaN,NaN,NaN,NaN,NaN,NaN,NaN,NaN,NaN,NaN,NaN,NaN,NaN,NaN,NaN,NaN,NaN,NaN,NaN,NaN,NaN,NaN,NaN,NaN,NaN,NaN,NaN,NaN,NaN,NaN,NaN,NaN,NaN,NaN,NaN,NaN,NaN,NaN,NaN,NaN,NaN,NaN,NaN,NaN,NaN,NaN,NaN,NaN,NaN,NaN,NaN,NaN,NaN,NaN,NaN,NaN,NaN,NaN,NaN,NaN,NaN,NaN,NaN,NaN,NaN,NaN,NaN,NaN,NaN,NaN
NaN,NaN,NaN,NaN,NaN,NaN,NaN,NaN,NaN,NaN,NaN,NaN,NaN,NaN,NaN,NaN,NaN,NaN,NaN,NaN,NaN,NaN,NaN,NaN,NaN,NaN,NaN,NaN,NaN,NaN,NaN,NaN,NaN,NaN,NaN,NaN,NaN,NaN,NaN,NaN,NaN,NaN,NaN,NaN,NaN,NaN,NaN,NaN,NaN,NaN,NaN,NaN,NaN,NaN,NaN,NaN,NaN,NaN,NaN,NaN,NaN,NaN,NaN,NaN,NaN,NaN,NaN,NaN,NaN,NaN,-0.0870585394575031,-0.0948373755083181,-0.0978726601570302,-0.0987066740406634,-0.100853281639288,-0.102299468563779,-0.102817047736679,-0.102312857325897,-0.102911649876753,-0.0991057055366355,-0.0993573626438481,-0.103314528628304,-0.103609622202377,-0.103604040878642,-0.101258839772069,-0.0997395721878767,-0.102534410445174,-0.100706004423173,-0.101778036385828,-0.102751637175042,-0.102563903187649,-0.101721649639677,-0.100733693166297,-0.0985927582708364,-0.0986351704645631,-0.0985753634160604,NaN,NaN,NaN,NaN,NaN,NaN,NaN,NaN,NaN,NaN,NaN,NaN,NaN,NaN,NaN,NaN,NaN,NaN,NaN,NaN,NaN,NaN,NaN,NaN,NaN,NaN,NaN,NaN,NaN,NaN,NaN,NaN,NaN,NaN,NaN,NaN,NaN,NaN,NaN,NaN,NaN,NaN,NaN,NaN,NaN,NaN,NaN,NaN,NaN,NaN,NaN,NaN,NaN,NaN,NaN,NaN,NaN,NaN,NaN,NaN,NaN,NaN,NaN,NaN,NaN,-0.090403701608699,-0.0903982572934594,-0.0894622236232225,-0.0877704959298338,-0.0862577584044475,NaN,NaN,NaN,NaN,NaN,NaN,NaN,NaN,NaN,NaN,NaN,NaN,NaN,NaN,NaN,NaN,NaN,NaN,NaN,NaN,NaN,NaN,NaN,NaN,NaN,NaN,NaN,NaN,NaN,NaN,NaN,NaN,NaN,NaN,NaN,NaN,NaN,NaN,NaN,NaN,NaN,NaN,NaN,NaN,NaN,NaN,NaN,NaN,NaN,NaN,NaN,NaN,NaN,NaN,NaN,NaN,NaN,NaN,NaN,NaN,NaN,NaN,NaN,NaN,NaN,NaN,NaN,NaN,NaN,NaN,NaN,NaN,NaN,NaN,NaN,NaN,NaN,NaN,NaN
NaN,NaN,NaN,NaN,NaN,NaN,NaN,NaN,NaN,NaN,NaN,NaN,NaN,NaN,NaN,NaN,NaN,NaN,NaN,NaN,NaN,NaN,NaN,NaN,NaN,NaN,NaN,NaN,NaN,NaN,NaN,NaN,NaN,NaN,NaN,NaN,NaN,NaN,NaN,NaN,NaN,NaN,NaN,NaN,NaN,NaN,NaN,NaN,NaN,NaN,NaN,NaN,NaN,NaN,NaN,NaN,NaN,NaN,NaN,NaN,NaN,NaN,NaN,NaN,NaN,NaN,NaN,NaN,NaN,NaN,-0.0948232784655409,-0.0951928588520796,-0.0951165952133909,-0.0993196991430454,-0.100978388460452,-0.101967394670251,-0.102754512374802,-0.102774896380248,-0.102857230536062,-0.103283717816057,-0.103531952476839,-0.103557972583461,-0.103489442088524,-0.103592529833517,-0.103183116014774,-0.103203895327229,-0.10242538166295,-0.103464764328367,-0.10332261490936,-0.103433698042233,-0.103067872756165,-0.102764032267878,-0.101688915275923,-0.0980492610221851,-0.0985696047629672,-0.100194817054741,NaN,NaN,NaN,NaN,NaN,NaN,NaN,NaN,NaN,NaN,NaN,NaN,NaN,NaN,NaN,NaN,NaN,NaN,NaN,NaN,NaN,NaN,NaN,NaN,NaN,NaN,NaN,NaN,NaN,NaN,NaN,NaN,NaN,NaN,NaN,NaN,NaN,NaN,NaN,NaN,NaN,NaN,NaN,NaN,NaN,NaN,NaN,NaN,NaN,NaN,NaN,NaN,NaN,NaN,NaN,NaN,NaN,NaN,NaN,NaN,NaN,NaN,NaN,NaN,NaN,-0.0904264826185121,-0.090327252735009,-0.089409217186973,-0.0876092276909264,-0.0866393451981312,NaN,NaN,NaN,NaN,NaN,NaN,NaN,NaN,NaN,NaN,NaN,NaN,NaN,NaN,NaN,NaN,NaN,NaN,NaN,NaN,NaN,NaN,NaN,NaN,NaN,NaN,NaN,NaN,NaN,NaN,NaN,NaN,NaN,NaN,NaN,NaN,NaN,NaN,NaN,NaN,NaN,NaN,NaN,NaN,NaN,NaN,NaN,NaN,NaN,NaN,NaN,NaN,NaN,NaN,NaN,NaN,NaN,NaN,NaN,NaN,NaN,NaN,NaN,NaN,NaN,NaN,NaN,NaN,NaN,NaN,NaN,NaN,NaN,NaN,NaN,NaN,NaN,NaN,NaN
NaN,NaN,NaN,NaN,NaN,NaN,NaN,NaN,NaN,NaN,NaN,NaN,NaN,NaN,NaN,NaN,NaN,NaN,NaN,NaN,NaN,NaN,NaN,NaN,NaN,NaN,NaN,NaN,NaN,NaN,NaN,NaN,NaN,NaN,NaN,NaN,NaN,NaN,NaN,NaN,NaN,NaN,NaN,NaN,NaN,NaN,NaN,NaN,NaN,NaN,NaN,NaN,NaN,NaN,NaN,NaN,NaN,NaN,NaN,NaN,NaN,NaN,NaN,NaN,NaN,NaN,NaN,NaN,NaN,NaN,-0.0870508889202322,-0.0947979945373677,-0.094822281208276,-0.0997754959282558,-0.102041901615762,-0.101038037355921,-0.0991803534783603,-0.102724761564825,-0.0984351609511086,-0.102873909348123,-0.103518466331402,-0.103510913716168,-0.103286033799139,-0.103559814464111,-0.103568418524181,-0.102867779322925,-0.103496550289746,-0.103661664756647,-0.103578019539299,-0.103622794358271,-0.103440289041053,-0.103060914586768,-0.102186877019664,-0.0995256139776178,-0.0972995319895248,-0.100181135136606,-0.097307891032962,NaN,NaN,NaN,NaN,NaN,NaN,NaN,NaN,NaN,NaN,NaN,NaN,NaN,NaN,NaN,NaN,NaN,NaN,NaN,NaN,NaN,NaN,NaN,NaN,NaN,NaN,NaN,NaN,NaN,NaN,NaN,NaN,NaN,NaN,NaN,NaN,NaN,NaN,NaN,NaN,NaN,NaN,NaN,NaN,NaN,NaN,NaN,NaN,NaN,NaN,NaN,NaN,NaN,NaN,NaN,NaN,NaN,NaN,NaN,NaN,NaN,NaN,NaN,NaN,-0.0908125804512011,-0.0904700727302589,-0.0892967370117425,-0.0876681717576703,NaN,NaN,NaN,NaN,NaN,NaN,NaN,NaN,NaN,NaN,NaN,NaN,NaN,NaN,NaN,NaN,NaN,NaN,NaN,NaN,NaN,NaN,NaN,NaN,NaN,NaN,NaN,NaN,NaN,NaN,NaN,NaN,NaN,NaN,NaN,NaN,NaN,NaN,NaN,NaN,NaN,NaN,NaN,NaN,NaN,NaN,NaN,NaN,NaN,NaN,NaN,NaN,NaN,NaN,NaN,NaN,NaN,NaN,NaN,NaN,NaN,NaN,NaN,NaN,NaN,NaN,NaN,NaN,NaN,NaN,NaN,NaN,NaN,NaN,NaN,NaN,NaN,NaN,NaN,NaN
NaN,NaN,NaN,NaN,NaN,NaN,NaN,NaN,NaN,NaN,NaN,NaN,NaN,NaN,NaN,NaN,NaN,NaN,NaN,NaN,NaN,NaN,NaN,NaN,NaN,NaN,NaN,NaN,NaN,NaN,NaN,NaN,NaN,NaN,NaN,NaN,NaN,NaN,NaN,NaN,NaN,NaN,NaN,NaN,NaN,NaN,NaN,NaN,NaN,NaN,NaN,NaN,NaN,NaN,NaN,NaN,NaN,NaN,NaN,NaN,NaN,NaN,NaN,NaN,NaN,NaN,NaN,NaN,NaN,NaN,-0.082233882273436,-0.0885481026858896,-0.096692724554941,-0.101122790143127,-0.101897661882266,-0.102280235327687,-0.0991279746207575,-0.0983729976930037,-0.103425663204646,-0.103138429504492,-0.103457373755568,-0.103485286551156,-0.10349989219888,-0.103506151064621,-0.103550092452841,-0.103089382614048,-0.103591589121963,-0.103659077265412,-0.103670400593417,-0.103631275806066,-0.103566443579309,-0.103214430912663,-0.102773156392057,-0.100758673678721,-0.0985711554844342,-0.10013199969947,-0.0912108994916925,NaN,NaN,NaN,NaN,NaN,NaN,NaN,NaN,NaN,NaN,NaN,NaN,NaN,NaN,NaN,NaN,NaN,NaN,NaN,NaN,NaN,NaN,NaN,NaN,NaN,NaN,NaN,NaN,NaN,NaN,NaN,NaN,NaN,NaN,NaN,NaN,NaN,NaN,NaN,NaN,NaN,NaN,NaN,NaN,NaN,NaN,NaN,NaN,NaN,NaN,NaN,NaN,NaN,NaN,NaN,NaN,NaN,NaN,NaN,NaN,NaN,NaN,NaN,NaN,-0.0909581093755441,-0.0905792853586155,-0.0894028861625173,-0.0885265881711902,NaN,NaN,NaN,NaN,NaN,NaN,NaN,NaN,NaN,NaN,NaN,NaN,NaN,NaN,NaN,NaN,NaN,NaN,NaN,NaN,NaN,NaN,NaN,NaN,NaN,NaN,NaN,NaN,NaN,NaN,NaN,NaN,NaN,NaN,NaN,NaN,NaN,NaN,NaN,NaN,NaN,NaN,NaN,NaN,NaN,NaN,NaN,NaN,NaN,NaN,NaN,NaN,NaN,NaN,NaN,NaN,NaN,NaN,NaN,NaN,NaN,NaN,NaN,NaN,NaN,NaN,NaN,NaN,NaN,NaN,NaN,NaN,NaN,NaN,NaN,NaN,NaN,NaN,NaN,NaN
NaN,NaN,NaN,NaN,NaN,NaN,NaN,NaN,NaN,NaN,NaN,NaN,NaN,NaN,NaN,NaN,NaN,NaN,NaN,NaN,NaN,NaN,NaN,NaN,NaN,NaN,NaN,NaN,NaN,NaN,NaN,NaN,NaN,NaN,NaN,NaN,NaN,NaN,NaN,NaN,NaN,NaN,NaN,NaN,NaN,NaN,NaN,NaN,NaN,NaN,NaN,NaN,NaN,NaN,NaN,NaN,NaN,NaN,NaN,NaN,NaN,NaN,NaN,NaN,NaN,NaN,NaN,NaN,NaN,NaN,NaN,-0.0888451960371302,-0.0970269635212399,-0.101303302752968,-0.0992413438577835,-0.102601970134363,-0.10263394115189,-0.0991287858690621,-0.103365874734187,-0.103394626584476,-0.103430376598112,-0.103446048667972,-0.103462989127251,-0.103455355326371,-0.103505872219089,-0.103511404134495,-0.103570194593957,-0.10359677886362,-0.10363896887163,-0.103654880475104,-0.103645955672668,-0.103523427295777,-0.102626411918856,-0.10148902579888,-0.10019465999037,-0.100290304612088,NaN,NaN,NaN,NaN,NaN,NaN,NaN,NaN,NaN,NaN,NaN,NaN,NaN,NaN,NaN,NaN,NaN,NaN,NaN,NaN,NaN,NaN,NaN,NaN,NaN,NaN,NaN,NaN,NaN,NaN,NaN,NaN,NaN,NaN,NaN,NaN,NaN,NaN,NaN,NaN,NaN,NaN,NaN,NaN,NaN,NaN,NaN,NaN,NaN,NaN,NaN,NaN,NaN,NaN,NaN,NaN,NaN,NaN,NaN,NaN,NaN,NaN,NaN,NaN,NaN,-0.0909818343747975,-0.0906591526010563,-0.089745922654721,-0.0891449778754257,NaN,NaN,NaN,NaN,NaN,NaN,NaN,NaN,NaN,NaN,NaN,NaN,NaN,NaN,NaN,NaN,NaN,NaN,NaN,NaN,NaN,NaN,NaN,NaN,NaN,NaN,NaN,NaN,NaN,NaN,NaN,NaN,NaN,NaN,NaN,NaN,NaN,NaN,NaN,NaN,NaN,NaN,NaN,NaN,NaN,NaN,NaN,NaN,NaN,NaN,NaN,NaN,NaN,NaN,NaN,NaN,NaN,NaN,NaN,NaN,NaN,NaN,NaN,NaN,NaN,NaN,NaN,NaN,NaN,NaN,NaN,NaN,NaN,NaN,NaN,NaN,NaN,NaN,NaN,NaN
NaN,NaN,NaN,NaN,NaN,NaN,NaN,NaN,NaN,NaN,NaN,NaN,NaN,NaN,NaN,NaN,NaN,NaN,NaN,NaN,NaN,NaN,NaN,NaN,NaN,NaN,NaN,NaN,NaN,NaN,NaN,NaN,NaN,NaN,NaN,NaN,NaN,NaN,NaN,NaN,NaN,NaN,NaN,NaN,NaN,NaN,NaN,NaN,NaN,NaN,NaN,NaN,NaN,NaN,NaN,NaN,NaN,NaN,NaN,NaN,NaN,NaN,NaN,NaN,NaN,NaN,NaN,NaN,NaN,NaN,NaN,NaN,-0.101229408615627,-0.10119635014912,-0.100823344894562,-0.103245959883942,-0.103243950213123,-0.102614443006558,-0.103306461216515,-0.103336763461125,-0.103376642172409,-0.103405106604394,-0.103405898607384,-0.103420268750731,-0.103463456278725,-0.103499002469264,-0.103543855407879,-0.103576891453214,-0.103610101980777,-0.103631329763463,-0.103566412781027,-0.103338937750729,-0.103166392510606,-0.102438711486316,-0.100597446396297,-0.0978803680873886,-0.100850198747781,-0.100847983861527,NaN,NaN,NaN,NaN,NaN,NaN,NaN,NaN,NaN,NaN,NaN,NaN,NaN,NaN,NaN,NaN,NaN,NaN,NaN,NaN,NaN,NaN,NaN,NaN,NaN,NaN,NaN,NaN,NaN,NaN,NaN,NaN,NaN,NaN,NaN,NaN,NaN,NaN,NaN,NaN,NaN,NaN,NaN,NaN,NaN,NaN,NaN,NaN,NaN,NaN,NaN,NaN,NaN,NaN,NaN,NaN,NaN,NaN,NaN,NaN,NaN,NaN,NaN,-0.0908162192655086,-0.0903127540818558,-0.090020980087967,-0.089817759848155,NaN,NaN,NaN,NaN,NaN,NaN,NaN,NaN,NaN,NaN,NaN,NaN,NaN,NaN,NaN,NaN,NaN,NaN,NaN,NaN,NaN,NaN,NaN,NaN,NaN,NaN,NaN,NaN,NaN,NaN,NaN,NaN,NaN,NaN,NaN,NaN,NaN,NaN,NaN,NaN,NaN,NaN,NaN,NaN,NaN,NaN,NaN,NaN,NaN,NaN,NaN,NaN,NaN,NaN,NaN,NaN,NaN,NaN,NaN,NaN,NaN,NaN,NaN,NaN,NaN,NaN,NaN,NaN,NaN,NaN,NaN,NaN,NaN,NaN,NaN,NaN,NaN,NaN,NaN,NaN
NaN,NaN,NaN,NaN,NaN,NaN,NaN,NaN,NaN,NaN,NaN,NaN,NaN,NaN,NaN,NaN,NaN,NaN,NaN,NaN,NaN,NaN,NaN,NaN,NaN,NaN,NaN,NaN,NaN,NaN,NaN,NaN,NaN,NaN,NaN,NaN,NaN,NaN,NaN,NaN,NaN,NaN,NaN,NaN,NaN,NaN,NaN,NaN,NaN,NaN,NaN,NaN,NaN,NaN,NaN,NaN,NaN,NaN,NaN,NaN,NaN,NaN,NaN,NaN,NaN,NaN,NaN,NaN,NaN,NaN,NaN,NaN,-0.0961469271890667,-0.102423566122763,-0.10310495446813,-0.10316134116154,-0.103165523452462,-0.101397753001115,-0.103262451495452,-0.103299029644781,-0.103329951079602,-0.103348366884822,-0.103357828791644,-0.103385032397056,-0.103443266919885,-0.103460094399128,-0.103508343356004,-0.103543430757343,-0.103554790780566,-0.103589336732394,-0.103590096887836,-0.103622356180161,-0.103590804561704,-0.102762547345338,-0.0999671154328023,-0.0978024884529368,-0.100844004995501,-0.0946577490438125,NaN,NaN,NaN,NaN,NaN,NaN,NaN,NaN,NaN,NaN,NaN,NaN,NaN,NaN,NaN,NaN,NaN,NaN,NaN,NaN,NaN,NaN,NaN,NaN,NaN,NaN,NaN,NaN,NaN,NaN,NaN,NaN,NaN,NaN,NaN,NaN,NaN,NaN,NaN,NaN,NaN,NaN,NaN,NaN,NaN,NaN,NaN,NaN,NaN,NaN,NaN,NaN,NaN,NaN,NaN,NaN,NaN,NaN,NaN,NaN,NaN,NaN,NaN,NaN,-0.0892141176349019,-0.090144743515617,-0.0899417106739105,NaN,NaN,NaN,NaN,NaN,NaN,NaN,NaN,NaN,NaN,NaN,NaN,NaN,NaN,NaN,NaN,NaN,NaN,NaN,NaN,NaN,NaN,NaN,NaN,NaN,NaN,NaN,NaN,NaN,NaN,NaN,NaN,NaN,NaN,NaN,NaN,NaN,NaN,NaN,NaN,NaN,NaN,NaN,NaN,NaN,NaN,NaN,NaN,NaN,NaN,NaN,NaN,NaN,NaN,NaN,NaN,NaN,NaN,NaN,NaN,NaN,NaN,NaN,NaN,NaN,NaN,NaN,NaN,NaN,NaN,NaN,NaN,NaN,NaN,NaN,NaN,NaN,NaN,NaN,NaN
NaN,NaN,NaN,NaN,NaN,NaN,NaN,NaN,NaN,NaN,NaN,NaN,NaN,NaN,NaN,NaN,NaN,NaN,NaN,NaN,NaN,NaN,NaN,NaN,NaN,NaN,NaN,NaN,NaN,NaN,NaN,NaN,NaN,NaN,NaN,NaN,NaN,NaN,NaN,NaN,NaN,NaN,NaN,NaN,NaN,NaN,NaN,NaN,NaN,NaN,NaN,NaN,NaN,NaN,NaN,NaN,NaN,NaN,NaN,NaN,NaN,NaN,NaN,NaN,NaN,NaN,NaN,NaN,NaN,NaN,-0.0829424617127044,-0.0893325690525369,-0.0974904245196229,-0.10223513163964,-0.103053704819454,-0.103126750911193,-0.103135103719593,-0.101622788228099,-0.103193423936022,-0.103221485590504,-0.103262350143885,-0.103285105185889,-0.103310723740918,-0.103345415580654,-0.103388566569788,-0.103406740941266,-0.10345967982025,-0.103495172696468,-0.103537240591303,-0.103572093275018,-0.103576046083469,-0.103594274294693,-0.103406281209498,-0.102633054789664,-0.100680911375498,-0.100812647270801,-0.100827558742077,NaN,NaN,NaN,NaN,NaN,NaN,NaN,NaN,NaN,NaN,NaN,NaN,NaN,NaN,NaN,NaN,NaN,NaN,NaN,NaN,NaN,NaN,NaN,NaN,NaN,NaN,NaN,NaN,NaN,NaN,NaN,NaN,NaN,NaN,NaN,NaN,NaN,NaN,NaN,NaN,NaN,NaN,NaN,NaN,NaN,NaN,NaN,NaN,NaN,NaN,NaN,NaN,NaN,NaN,NaN,NaN,NaN,NaN,NaN,NaN,NaN,NaN,NaN,NaN,-0.0912063008913348,-0.0905088616258766,-0.0909880454651538,-0.0910575632299892,-0.09169255661481,NaN,NaN,NaN,NaN,NaN,NaN,NaN,NaN,NaN,NaN,NaN,NaN,NaN,NaN,NaN,NaN,NaN,NaN,NaN,NaN,NaN,NaN,NaN,NaN,NaN,NaN,NaN,NaN,NaN,NaN,NaN,NaN,NaN,NaN,NaN,NaN,NaN,NaN,NaN,NaN,NaN,NaN,NaN,NaN,NaN,NaN,NaN,NaN,NaN,NaN,NaN,NaN,NaN,NaN,NaN,NaN,NaN,NaN,NaN,NaN,NaN,NaN,NaN,NaN,NaN,NaN,NaN,NaN,NaN,NaN,NaN,NaN,NaN,NaN,NaN,NaN,NaN,NaN,NaN
NaN,NaN,NaN,NaN,NaN,NaN,NaN,NaN,NaN,NaN,NaN,NaN,NaN,NaN,NaN,NaN,NaN,NaN,NaN,NaN,NaN,NaN,NaN,NaN,NaN,NaN,NaN,NaN,NaN,NaN,NaN,NaN,NaN,NaN,NaN,NaN,NaN,NaN,NaN,NaN,NaN,NaN,NaN,NaN,NaN,NaN,NaN,NaN,NaN,NaN,NaN,NaN,NaN,NaN,NaN,NaN,NaN,NaN,NaN,NaN,NaN,NaN,NaN,NaN,NaN,NaN,NaN,NaN,NaN,NaN,-0.0866129084238177,-0.0938664357602324,-0.100780026863791,-0.102872758751975,-0.103032752409128,-0.103067124639159,-0.103071975924962,-0.103040050451839,-0.103147338569696,-0.103169250499943,-0.103194756149477,-0.103222076272548,-0.10325642336447,-0.103292243560953,-0.10333457409406,-0.103380629018173,-0.103413319596785,-0.103466323329388,-0.10349355320383,-0.103518749274284,-0.103549875834686,-0.103570650859972,-0.103433425110952,-0.103481763126271,-0.0977741750343906,-0.0946252226258157,-0.0984654718807627,NaN,NaN,NaN,NaN,NaN,NaN,NaN,NaN,NaN,NaN,NaN,NaN,NaN,NaN,NaN,NaN,NaN,NaN,NaN,NaN,NaN,NaN,NaN,NaN,NaN,NaN,NaN,NaN,NaN,NaN,NaN,NaN,NaN,NaN,NaN,NaN,NaN,NaN,NaN,NaN,NaN,NaN,NaN,NaN,NaN,NaN,NaN,NaN,NaN,NaN,NaN,NaN,NaN,NaN,NaN,NaN,NaN,NaN,NaN,NaN,NaN,NaN,NaN,NaN,-0.0912017317992915,-0.0912396819596159,-0.0914848034313666,-0.0916376029071426,-0.091997054833385,-0.0921716598377758,NaN,NaN,NaN,NaN,NaN,NaN,NaN,NaN,NaN,NaN,NaN,NaN,NaN,NaN,NaN,NaN,NaN,NaN,NaN,NaN,NaN,NaN,NaN,NaN,NaN,NaN,NaN,NaN,NaN,NaN,NaN,NaN,NaN,NaN,NaN,NaN,NaN,NaN,NaN,NaN,NaN,NaN,NaN,NaN,NaN,NaN,NaN,NaN,NaN,NaN,NaN,NaN,NaN,NaN,NaN,NaN,NaN,NaN,NaN,NaN,NaN,NaN,NaN,NaN,NaN,NaN,NaN,NaN,NaN,NaN,NaN,NaN,NaN,NaN,NaN,NaN,NaN,NaN
NaN,NaN,NaN,NaN,NaN,NaN,NaN,NaN,NaN,NaN,NaN,NaN,NaN,NaN,NaN,NaN,NaN,NaN,NaN,NaN,NaN,NaN,NaN,NaN,NaN,NaN,NaN,NaN,NaN,NaN,NaN,NaN,NaN,NaN,NaN,NaN,NaN,NaN,NaN,NaN,NaN,NaN,NaN,NaN,NaN,NaN,NaN,NaN,NaN,NaN,NaN,NaN,NaN,NaN,NaN,NaN,NaN,NaN,NaN,NaN,NaN,NaN,NaN,NaN,NaN,NaN,NaN,NaN,NaN,NaN,-0.087039468173284,-0.0943446403032596,-0.102026019544618,-0.102904242076145,-0.102973412153687,-0.103000525287142,-0.102995976182462,-0.103044623718979,-0.103074210010895,-0.103100815081293,-0.103125376971862,-0.103160788212875,-0.10320568720936,-0.103247715656672,-0.103289663543085,-0.10333520782015,-0.103375773485066,-0.103412469562421,-0.103445373062517,-0.103472252653116,-0.103510106104576,-0.103541394526485,-0.10359449421481,-0.10042610289467,-0.0917551481344321,NaN,NaN,NaN,NaN,NaN,NaN,NaN,NaN,NaN,NaN,NaN,NaN,NaN,NaN,NaN,NaN,NaN,NaN,NaN,NaN,NaN,NaN,NaN,NaN,NaN,NaN,NaN,NaN,NaN,NaN,NaN,NaN,NaN,NaN,NaN,NaN,NaN,NaN,NaN,NaN,NaN,NaN,NaN,NaN,NaN,NaN,NaN,NaN,NaN,NaN,NaN,NaN,NaN,NaN,NaN,NaN,NaN,NaN,NaN,NaN,NaN,NaN,NaN,NaN,NaN,-0.0917440392624392,-0.0915184353938192,-0.0916051566211188,-0.0917860703802941,-0.0919119582827469,-0.0921102188648415,-0.0921612636918506,NaN,NaN,NaN,NaN,NaN,NaN,NaN,NaN,NaN,NaN,NaN,NaN,NaN,NaN,NaN,NaN,NaN,NaN,NaN,NaN,NaN,NaN,NaN,NaN,NaN,NaN,NaN,NaN,NaN,NaN,NaN,NaN,NaN,NaN,NaN,NaN,NaN,NaN,NaN,NaN,NaN,NaN,NaN,NaN,NaN,NaN,NaN,NaN,NaN,NaN,NaN,NaN,NaN,NaN,NaN,NaN,NaN,NaN,NaN,NaN,NaN,NaN,NaN,NaN,NaN,NaN,NaN,NaN,NaN,NaN,NaN,NaN,NaN,NaN,NaN,NaN,NaN,NaN
NaN,NaN,NaN,NaN,NaN,NaN,NaN,NaN,NaN,NaN,NaN,NaN,NaN,NaN,NaN,NaN,NaN,NaN,NaN,NaN,NaN,NaN,NaN,NaN,NaN,NaN,NaN,NaN,NaN,NaN,NaN,NaN,NaN,NaN,NaN,NaN,NaN,NaN,NaN,NaN,NaN,NaN,NaN,NaN,NaN,NaN,NaN,NaN,NaN,NaN,NaN,NaN,NaN,NaN,NaN,NaN,NaN,NaN,NaN,NaN,NaN,NaN,NaN,NaN,NaN,NaN,NaN,NaN,NaN,NaN,NaN,-0.0972019793899417,-0.102778364453433,-0.102868222340591,-0.10291144589499,-0.102924180262376,-0.102849888766647,-0.102977388157773,-0.103007588075302,-0.103044000865909,-0.103075842684804,-0.103105555881709,-0.103152032203215,-0.103201323173636,-0.103248852454394,-0.103294774902631,-0.103345588064342,-0.103380600106949,-0.103408705322376,-0.103421704168048,-0.103447690687386,-0.103271491403229,-0.0982554158483704,NaN,NaN,NaN,NaN,NaN,NaN,NaN,NaN,NaN,NaN,NaN,NaN,NaN,NaN,NaN,NaN,NaN,NaN,NaN,NaN,NaN,NaN,NaN,NaN,NaN,NaN,NaN,NaN,NaN,NaN,NaN,NaN,NaN,NaN,NaN,NaN,NaN,NaN,NaN,NaN,NaN,NaN,NaN,NaN,NaN,NaN,NaN,NaN,NaN,NaN,NaN,NaN,NaN,NaN,NaN,NaN,NaN,NaN,NaN,NaN,NaN,NaN,NaN,NaN,NaN,NaN,-0.0920450191036392,-0.0918916484774424,-0.0917631159317304,-0.0917440311807046,-0.0919118993201961,-0.0920497305343003,-0.0921468238735862,-0.0921498376080655,NaN,NaN,NaN,NaN,NaN,NaN,NaN,NaN,NaN,NaN,NaN,NaN,NaN,NaN,NaN,NaN,NaN,NaN,NaN,NaN,NaN,NaN,NaN,NaN,NaN,NaN,NaN,NaN,NaN,NaN,NaN,NaN,NaN,NaN,NaN,NaN,NaN,NaN,NaN,NaN,NaN,NaN,NaN,NaN,NaN,NaN,NaN,NaN,NaN,NaN,NaN,NaN,NaN,NaN,NaN,NaN,NaN,NaN,NaN,NaN,NaN,NaN,NaN,NaN,NaN,NaN,NaN,NaN,NaN,NaN,NaN,NaN,NaN,NaN,NaN,NaN,NaN,NaN
NaN,NaN,NaN,NaN,NaN,NaN,NaN,NaN,NaN,NaN,NaN,NaN,NaN,NaN,NaN,NaN,NaN,NaN,NaN,NaN,NaN,NaN,NaN,NaN,NaN,NaN,NaN,NaN,NaN,NaN,NaN,NaN,NaN,NaN,NaN,NaN,NaN,NaN,NaN,NaN,NaN,NaN,NaN,NaN,NaN,NaN,NaN,NaN,NaN,NaN,NaN,NaN,NaN,NaN,NaN,NaN,NaN,NaN,NaN,NaN,NaN,NaN,NaN,NaN,NaN,NaN,NaN,NaN,NaN,NaN,NaN,-0.10073726788282,-0.102787397876837,-0.102801351099714,-0.102819124719685,-0.102844781675231,-0.102870800036673,-0.102903983994468,-0.10293294577541,-0.102974669972539,-0.103029450905444,-0.10306506612271,-0.103109648224037,-0.10315903683991,-0.10320788019705,-0.103259753274442,-0.10329762278312,-0.103332364003783,-0.103337986326266,-0.103054781737091,-0.103286193849805,-0.103256731707686,-0.0979653417311706,NaN,NaN,NaN,NaN,NaN,NaN,NaN,NaN,NaN,NaN,NaN,NaN,NaN,NaN,NaN,NaN,NaN,NaN,NaN,NaN,NaN,NaN,NaN,NaN,NaN,NaN,NaN,NaN,NaN,NaN,NaN,NaN,NaN,NaN,NaN,NaN,NaN,NaN,NaN,NaN,NaN,NaN,NaN,NaN,NaN,NaN,NaN,NaN,NaN,NaN,NaN,NaN,NaN,NaN,NaN,NaN,NaN,NaN,NaN,NaN,NaN,NaN,NaN,NaN,NaN,NaN,-0.0920698865335082,-0.0919922590857999,-0.0918888004309438,-0.0918305183913469,-0.0919897048767962,-0.0921642021954237,-0.0921894693763612,-0.0921933667408888,NaN,NaN,NaN,NaN,NaN,NaN,NaN,NaN,NaN,NaN,NaN,NaN,NaN,NaN,NaN,NaN,NaN,NaN,NaN,NaN,NaN,NaN,NaN,NaN,NaN,NaN,NaN,NaN,NaN,NaN,NaN,NaN,NaN,NaN,NaN,NaN,NaN,NaN,NaN,NaN,NaN,NaN,NaN,NaN,NaN,NaN,NaN,NaN,NaN,NaN,NaN,NaN,NaN,NaN,NaN,NaN,NaN,NaN,NaN,NaN,NaN,NaN,NaN,NaN,NaN,NaN,NaN,NaN,NaN,NaN,NaN,NaN,NaN,NaN,NaN,NaN,NaN,NaN
NaN,NaN,NaN,NaN,NaN,NaN,NaN,NaN,NaN,NaN,NaN,NaN,NaN,NaN,NaN,NaN,NaN,NaN,NaN,NaN,NaN,NaN,NaN,NaN,NaN,NaN,NaN,NaN,NaN,NaN,NaN,NaN,NaN,NaN,NaN,NaN,NaN,NaN,NaN,NaN,NaN,NaN,NaN,NaN,NaN,NaN,NaN,NaN,NaN,NaN,NaN,NaN,NaN,NaN,NaN,NaN,NaN,NaN,NaN,NaN,NaN,NaN,NaN,NaN,NaN,NaN,NaN,NaN,NaN,NaN,-0.100027607471068,-0.102684829952306,-0.10271658829509,-0.102734567408599,-0.102672870557578,-0.10278823766348,-0.102806443872719,-0.102837383026938,-0.102873858045052,-0.102917684688142,-0.102963884546524,-0.103017235375209,-0.10306798478285,-0.103120050420728,-0.10316893579798,-0.103221275250925,-0.10319909745441,-0.103251170832615,-0.103147574350903,-0.103157698340593,-0.103143861237114,-0.103213311716555,-0.0982168668116985,NaN,NaN,NaN,NaN,NaN,NaN,NaN,NaN,NaN,NaN,NaN,NaN,NaN,NaN,NaN,NaN,NaN,NaN,NaN,NaN,NaN,NaN,NaN,NaN,NaN,NaN,NaN,NaN,NaN,NaN,NaN,NaN,NaN,NaN,NaN,NaN,NaN,NaN,NaN,NaN,NaN,NaN,NaN,NaN,NaN,NaN,NaN,NaN,NaN,NaN,NaN,NaN,NaN,NaN,NaN,NaN,NaN,NaN,NaN,NaN,NaN,NaN,NaN,NaN,NaN,NaN,-0.0921031742071652,-0.0920805573882782,-0.0919926205094092,-0.0919548892590867,-0.0920798111242411,-0.0922209249384818,-0.0922111974323382,-0.0922108010179107,NaN,NaN,NaN,NaN,NaN,NaN,NaN,NaN,NaN,NaN,NaN,NaN,NaN,NaN,NaN,NaN,NaN,NaN,NaN,NaN,NaN,NaN,NaN,NaN,NaN,NaN,NaN,NaN,NaN,NaN,NaN,NaN,NaN,NaN,NaN,NaN,NaN,NaN,NaN,NaN,NaN,NaN,NaN,NaN,NaN,NaN,NaN,NaN,NaN,NaN,NaN,NaN,NaN,NaN,NaN,NaN,NaN,NaN,NaN,NaN,NaN,NaN,NaN,NaN,NaN,NaN,NaN,NaN,NaN,NaN,NaN,NaN,NaN,NaN,NaN,NaN,NaN,NaN
NaN,NaN,NaN,NaN,NaN,NaN,NaN,NaN,NaN,NaN,NaN,NaN,NaN,NaN,NaN,NaN,NaN,NaN,NaN,NaN,NaN,NaN,NaN,NaN,NaN,NaN,NaN,NaN,NaN,NaN,NaN,NaN,NaN,NaN,NaN,NaN,NaN,NaN,NaN,NaN,NaN,NaN,NaN,NaN,NaN,NaN,NaN,NaN,NaN,NaN,NaN,NaN,NaN,NaN,NaN,NaN,NaN,NaN,NaN,NaN,NaN,NaN,NaN,NaN,NaN,NaN,NaN,NaN,NaN,-0.102562688748946,-0.102567006395834,-0.102633542730108,-0.102649433552534,-0.102635085765005,-0.102695588596301,-0.102719555830089,-0.102743508975449,-0.10277251681677,-0.10281651312591,-0.102870349712046,-0.102918048687885,-0.102969798994902,-0.103024172440002,-0.103079134508198,-0.103129073118856,-0.103161659028882,-0.103160839589161,-0.103223685910917,-0.103129912009297,-0.10288595337889,-0.102949208692649,-0.103170385888135,-0.103189510416128,-0.0982682051660325,-0.0982998760959139,-0.0983122394115759,-0.0983141557647484,NaN,NaN,NaN,NaN,NaN,NaN,NaN,NaN,NaN,NaN,NaN,NaN,NaN,NaN,NaN,NaN,NaN,NaN,NaN,NaN,NaN,NaN,NaN,NaN,NaN,NaN,NaN,NaN,NaN,NaN,NaN,NaN,NaN,NaN,NaN,NaN,NaN,NaN,NaN,NaN,NaN,NaN,NaN,NaN,NaN,NaN,NaN,NaN,NaN,NaN,NaN,NaN,NaN,NaN,NaN,NaN,NaN,NaN,NaN,NaN,NaN,NaN,-0.0920914595291531,-0.0921391177006453,-0.0921086291245665,-0.0921077812393531,-0.0922053356976329,-0.0922473203121483,-0.0922285392776462,-0.0922033584575889,NaN,NaN,NaN,NaN,NaN,NaN,NaN,NaN,NaN,NaN,NaN,NaN,NaN,NaN,NaN,NaN,NaN,NaN,NaN,NaN,NaN,NaN,NaN,NaN,NaN,NaN,NaN,NaN,NaN,NaN,NaN,NaN,NaN,NaN,NaN,NaN,NaN,NaN,NaN,NaN,NaN,NaN,NaN,NaN,NaN,NaN,NaN,NaN,NaN,NaN,NaN,NaN,NaN,NaN,NaN,NaN,NaN,NaN,NaN,NaN,NaN,NaN,NaN,NaN,NaN,NaN,NaN,NaN,NaN,NaN,NaN,NaN,NaN,NaN,NaN,NaN,NaN,NaN
NaN,NaN,NaN,NaN,NaN,NaN,NaN,NaN,NaN,NaN,NaN,NaN,NaN,NaN,NaN,NaN,NaN,NaN,NaN,NaN,NaN,NaN,NaN,NaN,NaN,NaN,NaN,NaN,NaN,NaN,NaN,NaN,NaN,NaN,NaN,NaN,NaN,NaN,NaN,NaN,NaN,NaN,NaN,NaN,NaN,NaN,NaN,NaN,NaN,NaN,NaN,NaN,NaN,NaN,NaN,NaN,NaN,NaN,NaN,NaN,NaN,NaN,NaN,NaN,NaN,NaN,NaN,NaN,NaN,-0.102525162767612,-0.10219303615533,-0.102594303213345,-0.102582956618421,-0.102616282264521,-0.102638795421658,-0.102667940565032,-0.102690791946263,-0.102717246833218,-0.102761841564594,-0.102807861754855,-0.102867383559723,-0.102922110289995,-0.102978885517309,-0.103013851819031,-0.103048785707585,-0.103079317713747,-0.103130825261646,-0.103192303985302,-0.103123015906396,-0.102807149169785,-0.102578579271098,-0.102920041490892,-0.103177521378213,-0.103271773765605,-0.103341895837624,-0.103376897799431,-0.103377770227313,-0.0983110140565046,NaN,NaN,NaN,NaN,NaN,NaN,NaN,NaN,NaN,NaN,NaN,NaN,NaN,NaN,NaN,NaN,NaN,NaN,NaN,NaN,NaN,NaN,NaN,NaN,NaN,NaN,NaN,NaN,NaN,NaN,NaN,NaN,NaN,NaN,NaN,NaN,NaN,NaN,NaN,NaN,NaN,NaN,NaN,NaN,NaN,NaN,NaN,NaN,NaN,NaN,NaN,NaN,NaN,NaN,NaN,NaN,NaN,NaN,NaN,NaN,-0.0924436332081049,-0.0922889531348685,-0.0922603843174423,-0.0922357997587122,-0.0922686269039856,-0.092369920858856,-0.0923981722556222,-0.092370704744122,NaN,NaN,NaN,NaN,NaN,NaN,NaN,NaN,NaN,NaN,NaN,NaN,NaN,NaN,NaN,NaN,NaN,NaN,NaN,NaN,NaN,NaN,NaN,NaN,NaN,NaN,NaN,NaN,NaN,NaN,NaN,NaN,NaN,NaN,NaN,NaN,NaN,NaN,NaN,NaN,NaN,NaN,NaN,NaN,NaN,NaN,NaN,NaN,NaN,NaN,NaN,NaN,NaN,NaN,NaN,NaN,NaN,NaN,NaN,NaN,NaN,NaN,NaN,NaN,NaN,NaN,NaN,NaN,NaN,NaN,NaN,NaN,NaN,NaN,NaN,NaN,NaN,NaN,NaN
NaN,NaN,NaN,NaN,NaN,NaN,NaN,NaN,NaN,NaN,NaN,NaN,NaN,NaN,NaN,NaN,NaN,NaN,NaN,NaN,NaN,NaN,NaN,NaN,NaN,NaN,NaN,NaN,NaN,NaN,NaN,NaN,NaN,NaN,NaN,NaN,NaN,NaN,NaN,NaN,NaN,NaN,NaN,NaN,NaN,NaN,NaN,NaN,NaN,NaN,NaN,NaN,NaN,NaN,NaN,NaN,NaN,NaN,NaN,NaN,NaN,NaN,NaN,NaN,NaN,NaN,-0.0892966461791966,-0.096883542040851,-0.102319249173124,-0.102084199038221,-0.102546635205619,-0.102547192299614,-0.102546770187702,-0.102556702894262,-0.102576730329944,-0.102609057759071,-0.102637993191287,-0.102672010371516,-0.102712811974158,-0.102756380842286,-0.102807585904108,-0.102864597354418,-0.102910046825751,-0.102953417012877,-0.103010031378344,-0.103068915877203,-0.10307359199334,-0.103089568075038,-0.103059316134245,-0.103113777977206,-0.102412898021858,-0.102752457903484,-0.102759814387483,-0.101355673408951,-0.101588536038584,-0.103199615191615,-0.103436885883257,-0.0983130541227365,NaN,NaN,NaN,NaN,NaN,NaN,NaN,NaN,NaN,NaN,NaN,NaN,NaN,NaN,NaN,NaN,NaN,NaN,NaN,NaN,NaN,NaN,NaN,NaN,NaN,NaN,NaN,NaN,NaN,NaN,NaN,NaN,NaN,NaN,NaN,NaN,NaN,NaN,NaN,NaN,NaN,NaN,NaN,NaN,NaN,NaN,NaN,NaN,NaN,NaN,NaN,NaN,NaN,NaN,NaN,NaN,NaN,NaN,NaN,NaN,-0.0924769254519903,-0.0924126444739323,-0.0923814128743348,-0.0923422097163014,-0.0923954156097945,-0.0924897228406812,-0.0925332171952521,-0.0924974977897656,NaN,NaN,NaN,NaN,NaN,NaN,NaN,NaN,NaN,NaN,NaN,NaN,NaN,NaN,NaN,NaN,NaN,NaN,NaN,NaN,NaN,NaN,NaN,NaN,NaN,NaN,NaN,NaN,NaN,NaN,NaN,NaN,NaN,NaN,NaN,NaN,NaN,NaN,NaN,NaN,NaN,NaN,NaN,NaN,NaN,NaN,NaN,NaN,NaN,NaN,NaN,NaN,NaN,NaN,NaN,NaN,NaN,NaN,NaN,NaN,NaN,NaN,NaN,NaN,NaN,NaN,NaN,NaN,NaN,NaN,NaN,NaN,NaN,NaN,NaN,NaN,NaN,NaN,NaN
NaN,NaN,NaN,NaN,NaN,NaN,NaN,NaN,NaN,NaN,NaN,NaN,NaN,NaN,NaN,NaN,NaN,NaN,NaN,NaN,NaN,NaN,NaN,NaN,NaN,NaN,NaN,NaN,NaN,NaN,NaN,NaN,NaN,NaN,NaN,NaN,NaN,NaN,NaN,NaN,NaN,NaN,NaN,NaN,NaN,NaN,NaN,NaN,NaN,NaN,NaN,NaN,NaN,NaN,NaN,NaN,NaN,NaN,NaN,NaN,NaN,NaN,NaN,NaN,NaN,NaN,-0.0957405425748141,-0.101498386144937,-0.102254138891543,-0.102498261884444,-0.102494341017948,-0.102464875689446,-0.102493579928706,-0.102502275095749,-0.102526196672656,-0.102550723208788,-0.10258073443931,-0.10262320228895,-0.102653644574766,-0.102700912752225,-0.102747546266145,-0.102799583680452,-0.102847151163058,-0.102900568407186,-0.102972460580747,-0.103031993393096,-0.103046118291297,-0.103117504712354,-0.103189788182327,-0.103137717721264,-0.102409331313573,-0.10193201597,-0.102338072488823,-0.100861867049119,-0.0996464580881928,-0.0983173226202255,-0.103529361648669,-0.10312360207702,NaN,NaN,NaN,NaN,NaN,NaN,NaN,NaN,NaN,NaN,NaN,NaN,NaN,NaN,NaN,NaN,NaN,NaN,NaN,NaN,NaN,NaN,NaN,NaN,NaN,NaN,NaN,NaN,NaN,NaN,NaN,NaN,NaN,NaN,NaN,NaN,NaN,NaN,NaN,NaN,NaN,NaN,NaN,NaN,NaN,NaN,NaN,NaN,NaN,NaN,NaN,NaN,NaN,NaN,NaN,NaN,NaN,NaN,NaN,NaN,-0.0925262434156725,-0.0925033425565837,-0.0924856623833618,-0.0924438355585508,-0.0924793854028899,-0.0925455723644357,-0.0925891093314721,-0.0925617307909863,NaN,NaN,NaN,NaN,NaN,NaN,NaN,NaN,NaN,NaN,NaN,NaN,NaN,NaN,NaN,NaN,NaN,NaN,NaN,NaN,NaN,NaN,NaN,NaN,NaN,NaN,NaN,NaN,NaN,NaN,NaN,NaN,NaN,NaN,NaN,NaN,NaN,NaN,NaN,NaN,NaN,NaN,NaN,NaN,NaN,NaN,NaN,NaN,NaN,NaN,NaN,NaN,NaN,NaN,NaN,NaN,NaN,NaN,NaN,NaN,NaN,NaN,NaN,NaN,NaN,NaN,NaN,NaN,NaN,NaN,NaN,NaN,NaN,NaN,NaN,NaN,NaN,NaN,NaN
NaN,NaN,NaN,NaN,NaN,NaN,NaN,NaN,NaN,NaN,NaN,NaN,NaN,NaN,NaN,NaN,NaN,NaN,NaN,NaN,NaN,NaN,NaN,NaN,NaN,NaN,NaN,NaN,NaN,NaN,NaN,NaN,NaN,NaN,NaN,NaN,NaN,NaN,NaN,NaN,NaN,NaN,NaN,NaN,NaN,NaN,NaN,NaN,NaN,NaN,NaN,NaN,NaN,NaN,NaN,NaN,NaN,NaN,NaN,NaN,NaN,NaN,NaN,NaN,NaN,NaN,-0.0968041486221624,-0.101971940078856,-0.102411096108989,-0.102443553836684,-0.102445152518129,-0.10244329284252,-0.102436534431736,-0.102452006201836,-0.102470850598753,-0.102488420032755,-0.102520109311599,-0.102561176239545,-0.102588626849647,-0.102632275682198,-0.102677651857027,-0.102726275455485,-0.102786998584686,-0.102852037410606,-0.102938476017066,-0.103008198865897,-0.103048955709365,-0.103134418961276,-0.103079312913782,-0.102879661534557,-0.1015503256713,-0.101477211328618,-0.101242981345596,-0.100227509922283,-0.0979956933062732,-0.0996895945546122,-0.103570060203452,-0.103553829272686,NaN,NaN,NaN,NaN,NaN,NaN,NaN,NaN,NaN,NaN,NaN,NaN,NaN,NaN,NaN,NaN,NaN,NaN,NaN,NaN,NaN,NaN,NaN,NaN,NaN,NaN,NaN,NaN,NaN,NaN,NaN,NaN,NaN,NaN,NaN,NaN,NaN,NaN,NaN,NaN,NaN,NaN,NaN,NaN,NaN,NaN,NaN,NaN,NaN,NaN,NaN,NaN,NaN,NaN,NaN,NaN,NaN,NaN,NaN,NaN,-0.0925793890811235,-0.0925769247447997,-0.0925463698682184,-0.0925363172977466,-0.0925488877750041,-0.0925815579985186,-0.0926081626058556,-0.0925989707843856,NaN,NaN,NaN,NaN,NaN,NaN,NaN,NaN,NaN,NaN,NaN,NaN,NaN,NaN,NaN,NaN,NaN,NaN,NaN,NaN,NaN,NaN,NaN,NaN,NaN,NaN,NaN,NaN,NaN,NaN,NaN,NaN,NaN,NaN,NaN,NaN,NaN,NaN,NaN,NaN,NaN,NaN,NaN,NaN,NaN,NaN,NaN,NaN,NaN,NaN,NaN,NaN,NaN,NaN,NaN,NaN,NaN,NaN,NaN,NaN,NaN,NaN,NaN,NaN,NaN,NaN,NaN,NaN,NaN,NaN,NaN,NaN,NaN,NaN,NaN,NaN,NaN,NaN,NaN
NaN,NaN,NaN,NaN,NaN,NaN,NaN,NaN,NaN,NaN,NaN,NaN,NaN,NaN,NaN,NaN,NaN,NaN,NaN,NaN,NaN,NaN,NaN,NaN,NaN,NaN,NaN,NaN,NaN,NaN,NaN,NaN,NaN,NaN,NaN,NaN,NaN,NaN,NaN,NaN,NaN,NaN,NaN,NaN,NaN,NaN,NaN,NaN,NaN,NaN,NaN,NaN,NaN,NaN,NaN,NaN,NaN,NaN,NaN,NaN,NaN,NaN,NaN,NaN,NaN,-0.0967859735127873,-0.102336779818495,-0.102349453040812,-0.10241907150838,-0.102403642764444,-0.102350504034258,-0.102387916150569,-0.102383991068127,-0.102388677365123,-0.102404770047201,-0.102418534351872,-0.10244926607888,-0.102479504854113,-0.102509751176099,-0.102540374686372,-0.102590497604104,-0.102652108367042,-0.102725760743197,-0.102805901867313,-0.102872868944753,-0.102966245046716,-0.103015566531481,-0.103092943133247,-0.102097195880926,-0.102112430450339,-0.10199641370314,-0.101619045105525,-0.10052487787485,-0.0992797629042588,-0.103162029882625,-0.103623112540741,-0.10360716291573,-0.0983168132108214,NaN,NaN,NaN,NaN,NaN,NaN,NaN,NaN,NaN,NaN,NaN,NaN,NaN,NaN,NaN,NaN,NaN,NaN,NaN,NaN,NaN,NaN,NaN,NaN,NaN,NaN,NaN,NaN,NaN,NaN,NaN,NaN,NaN,NaN,NaN,NaN,NaN,NaN,NaN,NaN,NaN,NaN,NaN,NaN,NaN,NaN,NaN,NaN,NaN,NaN,NaN,NaN,NaN,NaN,NaN,NaN,NaN,NaN,NaN,NaN,-0.0925970204829621,-0.0925978639103592,-0.0925544747811794,-0.0925874314410593,-0.092618285986897,-0.0926330152278254,-0.0926235203177573,-0.0926206566834157,NaN,NaN,NaN,NaN,NaN,NaN,NaN,NaN,NaN,NaN,NaN,NaN,NaN,NaN,NaN,NaN,NaN,NaN,NaN,NaN,NaN,NaN,NaN,NaN,NaN,NaN,NaN,NaN,NaN,NaN,NaN,NaN,NaN,NaN,NaN,NaN,NaN,NaN,NaN,NaN,NaN,NaN,NaN,NaN,NaN,NaN,NaN,NaN,NaN,NaN,NaN,NaN,NaN,NaN,NaN,NaN,NaN,NaN,NaN,NaN,NaN,NaN,NaN,NaN,NaN,NaN,NaN,NaN,NaN,NaN,NaN,NaN,NaN,NaN,NaN,NaN,NaN,NaN,NaN
NaN,NaN,NaN,NaN,NaN,NaN,NaN,NaN,NaN,NaN,NaN,NaN,NaN,NaN,NaN,NaN,NaN,NaN,NaN,NaN,NaN,NaN,NaN,NaN,NaN,NaN,NaN,NaN,NaN,NaN,NaN,NaN,NaN,NaN,NaN,NaN,NaN,NaN,NaN,NaN,NaN,NaN,NaN,NaN,NaN,NaN,NaN,NaN,NaN,NaN,NaN,NaN,NaN,NaN,NaN,NaN,NaN,NaN,NaN,NaN,NaN,-0.0974375865098644,-0.099201823451256,-0.0998582468581458,-0.100790527448801,-0.102319858461835,-0.102330311707449,-0.102409054693645,-0.10238708733438,-0.102353808474792,-0.102338661415471,-0.102335401384925,-0.102331609699443,-0.102323355574221,-0.102332212684396,-0.1023578052534,-0.102377984102664,-0.10239693722879,-0.102422855260504,-0.102457962021877,-0.102521774903395,-0.102585941557239,-0.102659590383676,-0.102750991320276,-0.102778484361867,-0.102887918342551,-0.102871453740049,-0.101276581945938,-0.10016776587641,-0.102128034354586,-0.101749127124146,-0.100522518973045,-0.10066304368379,-0.0980407167787544,-0.103644526576166,-0.103637764143472,-0.103628502216708,-0.0983269115044508,-0.0898126469174127,NaN,NaN,NaN,NaN,NaN,NaN,NaN,NaN,NaN,NaN,NaN,NaN,NaN,NaN,NaN,NaN,NaN,NaN,NaN,NaN,NaN,NaN,NaN,NaN,NaN,NaN,NaN,NaN,NaN,NaN,NaN,NaN,NaN,NaN,NaN,NaN,NaN,NaN,NaN,NaN,NaN,NaN,NaN,NaN,NaN,NaN,NaN,NaN,NaN,NaN,NaN,NaN,NaN,NaN,NaN,NaN,NaN,NaN,-0.0927665748240084,-0.092699015667025,-0.0926405675039235,-0.0925360635893983,-0.0925724723066774,-0.0926389521203472,-0.0926717635954078,-0.0926432271509013,-0.0926375956495836,NaN,NaN,NaN,NaN,NaN,NaN,NaN,NaN,NaN,NaN,NaN,NaN,NaN,NaN,NaN,NaN,NaN,NaN,NaN,NaN,NaN,NaN,NaN,NaN,NaN,NaN,NaN,NaN,NaN,NaN,NaN,NaN,NaN,NaN,NaN,NaN,NaN,NaN,NaN,NaN,NaN,NaN,NaN,NaN,NaN,NaN,NaN,NaN,NaN,NaN,NaN,NaN,NaN,NaN,NaN,NaN,NaN,NaN,NaN,NaN,NaN,NaN,NaN,NaN,NaN,NaN,NaN,NaN,NaN,NaN,NaN,NaN,NaN,NaN,NaN,NaN,NaN,NaN,NaN
NaN,NaN,NaN,NaN,NaN,NaN,NaN,NaN,NaN,NaN,NaN,NaN,NaN,NaN,NaN,NaN,NaN,NaN,NaN,NaN,NaN,NaN,NaN,NaN,NaN,NaN,NaN,NaN,NaN,NaN,NaN,NaN,NaN,NaN,NaN,NaN,NaN,NaN,NaN,NaN,NaN,NaN,NaN,NaN,NaN,NaN,NaN,NaN,NaN,NaN,NaN,NaN,NaN,NaN,NaN,NaN,NaN,NaN,NaN,NaN,-0.0974325432740006,-0.102445366256801,-0.102454035253843,-0.102460231914616,-0.102458635332776,-0.102440787005621,-0.102416474209046,-0.102387183492162,-0.102358759862153,-0.102242482859644,-0.102247928891192,-0.102281591496018,-0.102275131223443,-0.102260603398819,-0.102262107667254,-0.102292824222256,-0.102314023250402,-0.102333916286492,-0.102367104811463,-0.102404641170713,-0.10246751184703,-0.102531939164057,-0.102599672548656,-0.102650687432094,-0.102509930128331,-0.102548785280345,-0.102538971105087,-0.100959743567066,-0.0998513919552561,-0.102153707810689,-0.102185300463555,-0.0980830263466182,-0.0950784950292806,-0.0895844353383972,-0.0980784496106198,-0.0983174538895379,-0.0983174736516526,-0.0897986189925535,-0.0832064263755416,NaN,NaN,NaN,NaN,NaN,NaN,NaN,NaN,NaN,NaN,NaN,NaN,NaN,NaN,NaN,NaN,NaN,NaN,NaN,NaN,NaN,NaN,NaN,NaN,NaN,NaN,NaN,NaN,NaN,NaN,NaN,NaN,NaN,NaN,NaN,NaN,NaN,NaN,NaN,NaN,NaN,NaN,NaN,NaN,NaN,NaN,NaN,NaN,NaN,NaN,NaN,NaN,NaN,NaN,NaN,NaN,NaN,-0.0927616434038182,-0.0927454838884398,-0.092752158015653,-0.0927179434003913,-0.09260972280085,-0.092586875956343,-0.0926160192282981,-0.0926625970964836,-0.0926358098497995,NaN,NaN,NaN,NaN,NaN,NaN,NaN,NaN,NaN,NaN,NaN,NaN,NaN,NaN,NaN,NaN,NaN,NaN,NaN,NaN,NaN,NaN,NaN,NaN,NaN,NaN,NaN,NaN,NaN,NaN,NaN,NaN,NaN,NaN,NaN,NaN,NaN,NaN,NaN,NaN,NaN,NaN,NaN,NaN,NaN,NaN,NaN,NaN,NaN,NaN,NaN,NaN,NaN,NaN,NaN,NaN,NaN,NaN,NaN,NaN,NaN,NaN,NaN,NaN,NaN,NaN,NaN,NaN,NaN,NaN,NaN,NaN,NaN,NaN,NaN,NaN,NaN,NaN,NaN,NaN
NaN,NaN,NaN,NaN,NaN,NaN,NaN,NaN,NaN,NaN,NaN,NaN,NaN,NaN,NaN,NaN,NaN,NaN,NaN,NaN,NaN,NaN,NaN,NaN,NaN,NaN,NaN,NaN,NaN,NaN,NaN,NaN,NaN,NaN,NaN,NaN,NaN,NaN,NaN,NaN,NaN,NaN,NaN,NaN,NaN,NaN,NaN,NaN,NaN,NaN,NaN,NaN,NaN,NaN,NaN,NaN,NaN,NaN,NaN,NaN,-0.102465059125136,-0.102455564115096,-0.102487009133417,-0.102472413562663,-0.10244823240228,-0.102425588876522,-0.102396663325311,-0.102363714425234,-0.102320402469724,-0.101891450403274,-0.102183941213619,-0.102193880453939,-0.102194226986291,-0.102188971750354,-0.102190466066254,-0.102206714000486,-0.102225096133953,-0.102248514518286,-0.10230124500941,-0.10234132359013,-0.102328831413755,-0.102411412429781,-0.102448224674455,-0.102550376067708,-0.102744242569408,-0.102882190263836,-0.103010851681223,-0.101949089638522,-0.102090266387223,-0.102142857360841,-0.102171738327018,-0.098053860338496,NaN,NaN,NaN,NaN,NaN,NaN,NaN,NaN,NaN,NaN,NaN,NaN,NaN,NaN,NaN,NaN,NaN,NaN,NaN,NaN,NaN,NaN,NaN,NaN,NaN,NaN,NaN,NaN,NaN,NaN,NaN,NaN,NaN,NaN,NaN,NaN,NaN,NaN,NaN,NaN,NaN,NaN,NaN,NaN,NaN,NaN,NaN,NaN,NaN,NaN,NaN,NaN,NaN,NaN,NaN,NaN,NaN,NaN,NaN,NaN,NaN,NaN,NaN,NaN,-0.0927559494583854,-0.0927352900074482,-0.0927631296502147,-0.0927797224509123,-0.0927133519404969,-0.092656143069833,-0.0926325642124208,-0.092656584264123,-0.0926653386097648,NaN,NaN,NaN,NaN,NaN,NaN,NaN,NaN,NaN,NaN,NaN,NaN,NaN,NaN,NaN,NaN,NaN,NaN,NaN,NaN,NaN,NaN,NaN,NaN,NaN,NaN,NaN,NaN,NaN,NaN,NaN,NaN,NaN,NaN,NaN,NaN,NaN,NaN,NaN,NaN,NaN,NaN,NaN,NaN,NaN,NaN,NaN,NaN,NaN,NaN,NaN,NaN,NaN,NaN,NaN,NaN,NaN,NaN,NaN,NaN,NaN,NaN,NaN,NaN,NaN,NaN,NaN,NaN,NaN,NaN,NaN,NaN,NaN,NaN,NaN,NaN,NaN,NaN,NaN,NaN
NaN,NaN,NaN,NaN,NaN,NaN,NaN,NaN,NaN,NaN,NaN,NaN,NaN,NaN,NaN,NaN,NaN,NaN,NaN,NaN,NaN,NaN,NaN,NaN,NaN,NaN,NaN,NaN,NaN,NaN,NaN,NaN,NaN,NaN,NaN,NaN,NaN,NaN,NaN,NaN,NaN,NaN,NaN,NaN,NaN,NaN,NaN,NaN,NaN,NaN,NaN,NaN,NaN,NaN,NaN,NaN,NaN,-0.0933753270251279,-0.0976468740428507,NaN,-0.102468879268408,-0.102491487448004,-0.10248572401259,-0.102458998315142,-0.102433007963081,-0.102402325100378,-0.10237077547187,-0.102335202364156,-0.102218823989926,-0.102095231354406,-0.102163261828653,-0.102124688136086,-0.102103308561916,-0.102113008722839,-0.102103326103509,-0.102092629209375,-0.102089413051163,-0.102099293855485,-0.102171562544751,-0.102227150124388,-0.102258105968396,-0.102272089477064,-0.102299938982452,-0.102093570661418,NaN,NaN,-0.0978956095044375,-0.0938923447432662,-0.101481963069407,-0.0980102680980841,-0.0980364415899646,NaN,NaN,NaN,NaN,NaN,NaN,NaN,NaN,NaN,NaN,NaN,NaN,NaN,NaN,NaN,NaN,NaN,NaN,NaN,NaN,NaN,NaN,NaN,NaN,NaN,NaN,NaN,NaN,NaN,NaN,NaN,NaN,NaN,NaN,NaN,NaN,NaN,NaN,NaN,NaN,NaN,NaN,NaN,NaN,NaN,NaN,NaN,NaN,NaN,NaN,NaN,NaN,NaN,NaN,NaN,NaN,NaN,NaN,NaN,NaN,NaN,NaN,NaN,NaN,NaN,NaN,-0.0927334490089304,-0.0927245044882254,-0.092736477469535,-0.0927369216962119,-0.0926667940660119,-0.0926569463531769,-0.0926504159618597,-0.0926692793553494,NaN,NaN,NaN,NaN,NaN,NaN,NaN,NaN,NaN,NaN,NaN,NaN,NaN,NaN,NaN,NaN,NaN,NaN,NaN,NaN,NaN,NaN,NaN,NaN,NaN,NaN,NaN,NaN,NaN,NaN,NaN,NaN,NaN,NaN,NaN,NaN,NaN,NaN,NaN,NaN,NaN,NaN,NaN,NaN,NaN,NaN,NaN,NaN,NaN,NaN,NaN,NaN,NaN,NaN,NaN,NaN,NaN,NaN,NaN,NaN,NaN,NaN,NaN,NaN,NaN,NaN,NaN,NaN,NaN,NaN,NaN,NaN,NaN,NaN,NaN,NaN,NaN,NaN,NaN,NaN
NaN,NaN,NaN,NaN,NaN,NaN,NaN,NaN,NaN,NaN,NaN,NaN,NaN,NaN,NaN,NaN,NaN,NaN,NaN,NaN,NaN,NaN,NaN,NaN,NaN,NaN,NaN,NaN,NaN,NaN,NaN,NaN,NaN,NaN,NaN,NaN,NaN,NaN,NaN,NaN,NaN,NaN,NaN,NaN,NaN,NaN,NaN,NaN,NaN,NaN,NaN,NaN,NaN,NaN,NaN,-0.0863327862081311,-0.0933818208992842,-0.101107586254036,-0.102641126626807,-0.100164400905193,-0.10251843576475,-0.102510456264911,-0.102478139835916,-0.102445473194613,-0.102412884183494,-0.102374417093908,-0.102336067325156,-0.102297064039638,-0.102258300170987,-0.102129111700149,-0.102111750402221,-0.102074627001137,-0.102045044364835,-0.102040422687569,-0.102019955216679,-0.101989439775194,-0.101964090213179,-0.101980440144796,-0.102032469885251,-0.102084909368186,-0.102113133382785,-0.102109829608329,-0.102075548679839,-0.0970686941504515,NaN,NaN,NaN,-0.0865965389018786,-0.0932025750876002,NaN,NaN,NaN,NaN,NaN,NaN,NaN,NaN,NaN,NaN,NaN,NaN,NaN,NaN,NaN,NaN,NaN,NaN,NaN,NaN,NaN,NaN,NaN,NaN,NaN,NaN,NaN,NaN,NaN,NaN,NaN,NaN,NaN,NaN,NaN,NaN,NaN,NaN,NaN,NaN,NaN,NaN,NaN,NaN,NaN,NaN,NaN,NaN,NaN,NaN,NaN,NaN,NaN,NaN,NaN,NaN,NaN,NaN,NaN,NaN,NaN,NaN,NaN,NaN,NaN,NaN,NaN,NaN,-0.0927078590103701,-0.0927018454637481,-0.092653798563874,-0.092658721743142,-0.0926359658527513,-0.092637953174453,-0.0926365765146037,NaN,NaN,NaN,NaN,NaN,NaN,NaN,NaN,NaN,NaN,NaN,NaN,NaN,NaN,NaN,NaN,NaN,NaN,NaN,NaN,NaN,NaN,NaN,NaN,NaN,NaN,NaN,NaN,NaN,NaN,NaN,NaN,NaN,NaN,NaN,NaN,NaN,NaN,NaN,NaN,NaN,NaN,NaN,NaN,NaN,NaN,NaN,NaN,NaN,NaN,NaN,NaN,NaN,NaN,NaN,NaN,NaN,NaN,NaN,NaN,NaN,NaN,NaN,NaN,NaN,NaN,NaN,NaN,NaN,NaN,NaN,NaN,NaN,NaN,NaN,NaN,NaN,NaN,NaN,NaN,NaN
NaN,NaN,NaN,NaN,NaN,NaN,NaN,NaN,NaN,NaN,NaN,NaN,NaN,NaN,NaN,NaN,NaN,NaN,NaN,NaN,NaN,NaN,NaN,NaN,NaN,NaN,NaN,NaN,NaN,NaN,NaN,NaN,NaN,NaN,NaN,NaN,NaN,NaN,NaN,NaN,NaN,NaN,NaN,NaN,NaN,NaN,NaN,NaN,NaN,-0.0965529683977054,-0.102359436758264,-0.0997200792463687,-0.0979824641346772,NaN,NaN,-0.0897586525541184,-0.0976354090844881,-0.102675225285505,-0.102622299140513,-0.102608795397946,-0.102553492302768,-0.102509588752192,-0.102466419589205,-0.102428434931884,-0.102387393228456,-0.102341847227996,-0.102301169183815,-0.102260265207249,-0.102220290524334,-0.102179555501308,-0.102111480981169,-0.102053746096406,-0.10201967675754,-0.101992712609626,-0.101964533877675,-0.101926591454906,-0.101902152834751,-0.101918640668738,-0.101943226162232,-0.101968942071332,-0.101974561284894,-0.101925027541994,-0.10184120758133,NaN,NaN,NaN,NaN,NaN,NaN,NaN,NaN,NaN,NaN,NaN,NaN,NaN,NaN,NaN,NaN,NaN,NaN,NaN,NaN,NaN,NaN,NaN,NaN,NaN,NaN,NaN,NaN,NaN,NaN,NaN,NaN,NaN,NaN,NaN,NaN,NaN,NaN,NaN,NaN,NaN,NaN,NaN,NaN,NaN,NaN,NaN,NaN,NaN,NaN,NaN,NaN,NaN,NaN,NaN,NaN,NaN,NaN,NaN,NaN,NaN,NaN,NaN,NaN,NaN,NaN,NaN,NaN,NaN,NaN,NaN,NaN,NaN,-0.0927683949984493,-0.0927363283919551,-0.092722345414666,-0.0926610883031057,-0.0925557512314015,-0.0925494111105971,-0.0925718117797694,-0.0926196023528979,NaN,NaN,NaN,NaN,NaN,NaN,NaN,NaN,NaN,NaN,NaN,NaN,NaN,NaN,NaN,NaN,NaN,NaN,NaN,NaN,NaN,NaN,NaN,NaN,NaN,NaN,NaN,NaN,NaN,NaN,NaN,NaN,NaN,NaN,NaN,NaN,NaN,NaN,NaN,NaN,NaN,NaN,NaN,NaN,NaN,NaN,NaN,NaN,NaN,NaN,NaN,NaN,NaN,NaN,NaN,NaN,NaN,NaN,NaN,NaN,NaN,NaN,NaN,NaN,NaN,NaN,NaN,NaN,NaN,NaN,NaN,NaN,NaN,NaN,NaN,NaN,NaN,NaN,NaN,NaN,NaN
NaN,NaN,NaN,NaN,NaN,NaN,NaN,NaN,NaN,NaN,NaN,NaN,NaN,NaN,NaN,NaN,NaN,NaN,NaN,NaN,NaN,NaN,NaN,NaN,NaN,NaN,NaN,NaN,NaN,NaN,NaN,NaN,NaN,NaN,NaN,NaN,NaN,NaN,NaN,NaN,NaN,NaN,NaN,NaN,NaN,NaN,-0.102775105017188,-0.0952950534011787,-0.0966126213412124,-0.103269895316582,-0.103223723106685,-0.103282158979316,-0.103220078666166,-0.101546870873256,-0.0981663861983092,NaN,-0.102087409515894,-0.102690196602237,-0.102656608282541,-0.102612874463292,-0.102552838893061,-0.102499665948094,-0.102450719304856,-0.102406252753563,-0.102357925167412,-0.102309970641532,-0.102263277711228,-0.102220832014709,-0.102179937064975,-0.102127906916046,-0.102030874797865,-0.102048663329196,-0.102010631076708,-0.101971643241585,-0.101929074609865,-0.10188444383871,-0.101866845929866,-0.101869758300854,-0.101870767115416,-0.101886484120406,-0.101886323207505,-0.101851080527433,-0.101688162635036,-0.101306387150117,-0.10084643090493,-0.0977851141186002,NaN,NaN,NaN,NaN,NaN,NaN,NaN,NaN,NaN,NaN,NaN,NaN,NaN,NaN,NaN,NaN,NaN,NaN,NaN,NaN,NaN,NaN,NaN,NaN,NaN,NaN,NaN,NaN,NaN,NaN,NaN,NaN,NaN,NaN,NaN,NaN,NaN,NaN,NaN,NaN,NaN,NaN,NaN,NaN,NaN,NaN,NaN,NaN,NaN,NaN,NaN,NaN,NaN,NaN,NaN,NaN,NaN,NaN,NaN,NaN,NaN,NaN,NaN,NaN,NaN,NaN,NaN,NaN,NaN,NaN,-0.0927794539701825,-0.0927521782076246,-0.0927315810170489,-0.0926698400816735,-0.0925489759080218,-0.0924698446283582,-0.0925030175232797,NaN,NaN,NaN,NaN,NaN,NaN,NaN,NaN,NaN,NaN,NaN,NaN,NaN,NaN,NaN,NaN,NaN,NaN,NaN,NaN,NaN,NaN,NaN,NaN,NaN,NaN,NaN,NaN,NaN,NaN,NaN,NaN,NaN,NaN,NaN,NaN,NaN,NaN,NaN,NaN,NaN,NaN,NaN,NaN,NaN,NaN,NaN,NaN,NaN,NaN,NaN,NaN,NaN,NaN,NaN,NaN,NaN,NaN,NaN,NaN,NaN,NaN,NaN,NaN,NaN,NaN,NaN,NaN,NaN,NaN,NaN,NaN,NaN,NaN,NaN,NaN,NaN,NaN,NaN,NaN,NaN,NaN
NaN,NaN,NaN,NaN,NaN,NaN,NaN,NaN,NaN,NaN,NaN,NaN,NaN,NaN,NaN,NaN,NaN,NaN,NaN,NaN,NaN,NaN,NaN,NaN,NaN,NaN,NaN,NaN,NaN,NaN,NaN,NaN,NaN,NaN,NaN,NaN,NaN,NaN,NaN,NaN,NaN,NaN,NaN,NaN,NaN,-0.0978228877449517,-0.103135160591282,-0.103065455917303,-0.103107160881843,-0.101860869615352,-0.101535618548062,-0.103266093772933,-0.103200962932115,-0.1031071720774,-0.103021651468923,-0.10291628429747,-0.102812245980435,-0.102750385313555,-0.102677588644184,-0.102606345285943,-0.102543635035874,-0.102490944839169,-0.102433156286938,-0.102381220550956,-0.102330141395128,-0.10227864980433,-0.102231089352637,-0.102188422433783,-0.102135139951154,-0.10205783570321,-0.102005111109243,-0.101939251812598,-0.101994750291978,-0.10195495265905,-0.101904492688841,-0.101861226581506,-0.101837552591394,-0.101827174506189,-0.101813461178088,-0.101817657405761,-0.101814228709454,-0.101791267883841,-0.101762544431486,-0.101729155943676,-0.101608132882158,-0.101567955091178,-0.101535672278613,-0.101532332570551,NaN,NaN,NaN,NaN,NaN,NaN,NaN,NaN,NaN,NaN,NaN,NaN,NaN,NaN,NaN,NaN,NaN,NaN,NaN,NaN,NaN,NaN,NaN,NaN,NaN,NaN,NaN,NaN,NaN,NaN,NaN,NaN,NaN,NaN,NaN,NaN,NaN,NaN,NaN,NaN,NaN,NaN,NaN,NaN,NaN,NaN,NaN,NaN,NaN,NaN,NaN,NaN,NaN,NaN,NaN,NaN,NaN,NaN,NaN,NaN,NaN,NaN,NaN,NaN,NaN,NaN,NaN,NaN,NaN,-0.0926667422503624,-0.0927007575951208,-0.0926381768866028,-0.0925507125156112,-0.0924433685422687,-0.0924946241727061,NaN,NaN,NaN,NaN,NaN,NaN,NaN,NaN,NaN,NaN,NaN,NaN,NaN,NaN,NaN,NaN,NaN,NaN,NaN,NaN,NaN,NaN,NaN,NaN,NaN,NaN,NaN,NaN,NaN,NaN,NaN,NaN,NaN,NaN,NaN,NaN,NaN,NaN,NaN,NaN,NaN,NaN,NaN,NaN,NaN,NaN,NaN,NaN,NaN,NaN,NaN,NaN,NaN,NaN,NaN,NaN,NaN,NaN,NaN,NaN,NaN,NaN,NaN,NaN,NaN,NaN,NaN,NaN,NaN,NaN,NaN,NaN,NaN,NaN,NaN,NaN,NaN,NaN,NaN,NaN,NaN,NaN
NaN,NaN,NaN,NaN,NaN,NaN,NaN,NaN,NaN,NaN,NaN,NaN,NaN,NaN,-0.104836288920071,-0.105719791667487,-0.106340974013929,-0.106017595683349,-0.106296546813849,-0.106284238638092,-0.106271377382002,-0.101777146451192,-0.0917858454706149,NaN,NaN,NaN,NaN,NaN,NaN,NaN,NaN,NaN,NaN,NaN,NaN,NaN,NaN,NaN,NaN,NaN,NaN,NaN,NaN,NaN,NaN,-0.0994101931431836,-0.102762644188479,-0.103128263646123,-0.103097003348012,-0.103053921296474,-0.103300042626865,-0.103247418549588,-0.103184275447921,-0.103110981994432,-0.10302782967832,-0.102940709383191,-0.102851397955723,-0.102762207537019,-0.102679734952859,-0.10259801847851,-0.102531491448442,-0.102461018671805,-0.102410923571737,-0.102354866898805,-0.102277538166183,-0.102158081610387,-0.102199643278954,-0.102161606957609,-0.102086510543742,-0.102028490797014,-0.101999456864028,-0.101959535355337,-0.101908765348709,-0.101919863743094,-0.101877710133984,-0.101844433118647,-0.101813664148132,-0.101790016406697,-0.101773880132231,-0.10176250701827,-0.10176085751429,-0.101742448927982,-0.101713718012367,-0.101677331145883,-0.10167006059481,-0.101672655466881,-0.10165076976916,-0.101521562210437,NaN,NaN,NaN,NaN,NaN,NaN,NaN,NaN,NaN,NaN,NaN,NaN,NaN,NaN,NaN,NaN,NaN,NaN,NaN,NaN,NaN,NaN,NaN,NaN,NaN,NaN,NaN,NaN,NaN,NaN,NaN,NaN,NaN,NaN,NaN,NaN,NaN,NaN,NaN,NaN,NaN,NaN,NaN,NaN,NaN,NaN,NaN,NaN,NaN,NaN,NaN,NaN,NaN,NaN,NaN,NaN,NaN,NaN,NaN,NaN,NaN,NaN,NaN,NaN,NaN,NaN,NaN,NaN,NaN,-0.0925401831748114,-0.0926433663676877,-0.0926545681927553,-0.0925380174658125,-0.0923940378664096,NaN,NaN,NaN,NaN,NaN,NaN,NaN,NaN,NaN,NaN,NaN,NaN,NaN,NaN,NaN,NaN,NaN,NaN,NaN,NaN,NaN,NaN,NaN,NaN,NaN,NaN,NaN,NaN,NaN,NaN,NaN,NaN,NaN,NaN,NaN,NaN,NaN,NaN,NaN,NaN,NaN,NaN,NaN,NaN,NaN,NaN,NaN,NaN,NaN,NaN,NaN,NaN,NaN,NaN,NaN,NaN,NaN,NaN,NaN,NaN,NaN,NaN,NaN,NaN,NaN,NaN,NaN,NaN,NaN,NaN,NaN,NaN,NaN,NaN,NaN,NaN,NaN,NaN,NaN,NaN,NaN,NaN,NaN
NaN,NaN,NaN,NaN,NaN,NaN,NaN,NaN,NaN,NaN,NaN,NaN,NaN,NaN,-0.106346377149641,-0.10633687399148,-0.10632418917292,-0.106329478683046,-0.106323449312658,-0.106286956681236,-0.106260637809473,-0.10623552716525,-0.101742802667768,-0.0917446595194239,NaN,NaN,NaN,NaN,NaN,NaN,NaN,NaN,NaN,NaN,NaN,NaN,NaN,NaN,NaN,NaN,NaN,NaN,NaN,-0.0962994751411847,-0.103009382629239,-0.102918319074399,-0.102888803023783,-0.103073759478766,-0.103274147006308,-0.103394228627185,-0.103345198230796,-0.103255554353346,-0.10319232892622,-0.103110057980148,-0.103023798240682,-0.102937152768034,-0.102849081899787,-0.102758882350155,-0.102672360143541,-0.102589353090683,-0.10250564290758,-0.102433439425669,-0.102364278004704,-0.102322684231036,-0.102257885229112,-0.102225897454014,-0.102153027033173,-0.102121839155143,-0.10207435226633,-0.102024789695937,-0.101978194026142,-0.101904833332106,-0.101850321502191,-0.101875269655811,-0.101856337635603,-0.101832766844647,-0.101791019235846,-0.101762519670206,-0.101741218685083,-0.101719158091043,-0.1017075660565,-0.101698907790406,-0.101672976361048,-0.101651465526641,-0.101642039190485,-0.101639227610624,-0.10164406203649,-0.10150200089206,NaN,NaN,NaN,NaN,NaN,NaN,NaN,NaN,NaN,NaN,NaN,NaN,NaN,NaN,NaN,NaN,NaN,NaN,NaN,NaN,NaN,NaN,NaN,NaN,NaN,NaN,NaN,NaN,NaN,NaN,NaN,NaN,NaN,NaN,NaN,NaN,NaN,NaN,NaN,NaN,NaN,NaN,NaN,NaN,NaN,NaN,NaN,NaN,NaN,NaN,NaN,NaN,NaN,NaN,NaN,NaN,NaN,NaN,NaN,NaN,NaN,NaN,NaN,NaN,NaN,NaN,NaN,NaN,NaN,-0.0920244736849104,-0.0924744388633774,-0.0925816598266195,-0.0924764587073514,-0.0924664983099938,NaN,NaN,NaN,NaN,NaN,NaN,NaN,NaN,NaN,NaN,NaN,NaN,NaN,NaN,NaN,NaN,NaN,NaN,NaN,NaN,NaN,NaN,NaN,NaN,NaN,NaN,NaN,NaN,NaN,NaN,NaN,NaN,NaN,NaN,NaN,NaN,NaN,NaN,NaN,NaN,NaN,NaN,NaN,NaN,NaN,NaN,NaN,NaN,NaN,NaN,NaN,NaN,NaN,NaN,NaN,NaN,NaN,NaN,NaN,NaN,NaN,NaN,NaN,NaN,NaN,NaN,NaN,NaN,NaN,NaN,NaN,NaN,NaN,NaN,NaN,NaN,NaN,NaN,NaN,NaN,NaN,NaN,NaN
NaN,NaN,NaN,NaN,NaN,NaN,NaN,NaN,NaN,NaN,NaN,NaN,NaN,-0.106368262043934,-0.106352697852672,-0.10633149282961,-0.106311673958068,-0.10599474456761,-0.104584177131045,-0.106283547092499,-0.106244023346406,-0.10620801148228,-0.106151627795799,-0.101229282080258,-0.0931920266352853,-0.0926410646050164,NaN,NaN,NaN,NaN,NaN,NaN,NaN,NaN,NaN,NaN,NaN,NaN,NaN,NaN,NaN,NaN,NaN,-0.0944866954255933,-0.102633924805898,-0.102900223241539,-0.103178255099768,-0.103198422926706,-0.10354040555472,-0.103437886024242,-0.103369840602079,-0.103269830931062,-0.103192377248885,-0.103103159251905,-0.103014269884019,-0.102923574701027,-0.102836174966776,-0.102744205108344,-0.102654478642787,-0.102512485334756,-0.102390672830562,-0.102382091293663,-0.102326134595942,-0.102265503541216,-0.102209131188634,-0.102177760670514,-0.102160889179196,-0.102109624833884,-0.102036160947775,-0.101987972315295,-0.101956756996762,-0.101921749538799,-0.101883743633,-0.101848055237087,-0.101822516782943,-0.101809636496597,-0.1017786589188,-0.101745656387072,-0.101716278914407,-0.101689637343327,-0.10166571963461,-0.101653970717781,-0.101636435728108,-0.10161751544427,-0.10160599905869,-0.101601671515289,-0.101599902758455,-0.101477879358588,NaN,NaN,NaN,NaN,NaN,NaN,NaN,NaN,NaN,NaN,NaN,NaN,NaN,NaN,NaN,NaN,NaN,NaN,NaN,NaN,NaN,NaN,NaN,NaN,NaN,NaN,NaN,NaN,NaN,NaN,NaN,NaN,NaN,NaN,NaN,NaN,NaN,NaN,NaN,NaN,NaN,NaN,NaN,NaN,NaN,NaN,NaN,NaN,NaN,NaN,NaN,NaN,NaN,NaN,NaN,NaN,NaN,NaN,NaN,NaN,NaN,NaN,NaN,NaN,NaN,NaN,NaN,-0.0933268486319875,-0.0929673767602298,-0.092472799063305,-0.0924914559410406,-0.0923751175326237,-0.0921555387025122,-0.0923058331485243,NaN,NaN,NaN,NaN,NaN,NaN,NaN,NaN,NaN,NaN,NaN,NaN,NaN,NaN,NaN,NaN,NaN,NaN,NaN,NaN,NaN,NaN,NaN,NaN,NaN,NaN,NaN,NaN,NaN,NaN,NaN,NaN,NaN,NaN,NaN,NaN,NaN,NaN,NaN,NaN,NaN,NaN,NaN,NaN,NaN,NaN,NaN,NaN,NaN,NaN,NaN,NaN,NaN,NaN,NaN,NaN,NaN,NaN,NaN,NaN,NaN,NaN,NaN,NaN,NaN,NaN,NaN,NaN,NaN,NaN,NaN,NaN,NaN,NaN,NaN,NaN,NaN,NaN,NaN,NaN,NaN,NaN,NaN
NaN,NaN,NaN,NaN,NaN,NaN,NaN,NaN,NaN,NaN,NaN,NaN,NaN,-0.106372049106524,-0.10636102959953,NaN,NaN,NaN,NaN,NaN,-0.106160738197419,-0.106158439440637,-0.106125070538342,-0.106066088300188,-0.103393386353463,-0.102705830262059,NaN,NaN,NaN,NaN,NaN,NaN,NaN,NaN,NaN,NaN,NaN,NaN,NaN,NaN,NaN,-0.094889917699264,-0.102585238058038,-0.102107200137606,-0.102726186747458,-0.10331835630828,-0.103252296262864,-0.103359929533711,-0.103560543359199,-0.10345673481266,-0.102451600203986,-0.103264144901301,-0.103174482409595,-0.103094504374538,-0.102998233337282,-0.102903759826871,-0.102808126852798,-0.102685803245328,-0.102589232293233,-0.10243895464572,-0.102418747645036,-0.102374347607893,-0.102313229217709,-0.102248254482201,-0.102188620089246,-0.102158975028627,-0.102124607502705,-0.102071771870351,-0.102018940573177,-0.101971663413086,-0.101936356254306,-0.101904513441531,-0.101867267251421,-0.101822505873998,-0.101785101326533,-0.101764662394783,-0.101752674655331,-0.101731714688238,-0.101704471117091,-0.101670471467527,-0.101635168185082,-0.10160773403148,-0.101580835858237,-0.101583208977446,-0.101568070834123,-0.101556931707072,-0.101549699241347,-0.101538099403239,-0.100486318993201,NaN,NaN,NaN,NaN,NaN,NaN,NaN,NaN,NaN,NaN,NaN,NaN,NaN,NaN,NaN,NaN,NaN,NaN,NaN,NaN,NaN,NaN,NaN,NaN,NaN,NaN,NaN,NaN,NaN,NaN,NaN,NaN,NaN,NaN,NaN,NaN,NaN,NaN,NaN,NaN,NaN,NaN,NaN,NaN,NaN,NaN,NaN,NaN,NaN,NaN,NaN,NaN,NaN,NaN,NaN,NaN,NaN,NaN,NaN,NaN,NaN,NaN,NaN,NaN,NaN,-0.0936502643490436,-0.0934318564351032,-0.0932434878337171,-0.0929242533684477,-0.0926382967902137,-0.0923688425950801,-0.091774746247235,NaN,NaN,NaN,NaN,NaN,NaN,NaN,NaN,NaN,NaN,NaN,NaN,NaN,NaN,NaN,NaN,NaN,NaN,NaN,NaN,NaN,NaN,NaN,NaN,NaN,NaN,NaN,NaN,NaN,NaN,NaN,NaN,NaN,NaN,NaN,NaN,NaN,NaN,NaN,NaN,NaN,NaN,NaN,NaN,NaN,NaN,NaN,NaN,NaN,NaN,NaN,NaN,NaN,NaN,NaN,NaN,NaN,NaN,NaN,NaN,NaN,NaN,NaN,NaN,NaN,NaN,NaN,NaN,NaN,NaN,NaN,NaN,NaN,NaN,NaN,NaN,NaN,NaN,NaN,NaN,NaN,NaN,NaN,NaN
NaN,NaN,NaN,NaN,NaN,NaN,NaN,NaN,NaN,NaN,NaN,NaN,NaN,NaN,NaN,NaN,NaN,NaN,NaN,NaN,NaN,-0.106086221391829,-0.106081077141296,-0.106042201581826,-0.105991769680058,-0.105911776168919,-0.105773993129704,-0.105701608503914,-0.105536825693861,-0.105581673188438,-0.0981454508257358,NaN,NaN,NaN,NaN,NaN,NaN,NaN,NaN,NaN,-0.0966913587677544,-0.102742221443031,-0.10263486397395,-0.102499439522196,-0.102672315540659,-0.103451957145565,-0.103523120269263,-0.103400352529496,-0.103475995357699,-0.103493224643167,-0.103386124409224,-0.103281322273591,-0.103158002537493,-0.103076578673939,-0.102954711894221,-0.102856360452591,-0.102757429270372,-0.102673080471852,-0.102617691269163,-0.102530366140275,-0.102431247521735,-0.102342996553008,-0.10228423553574,-0.102216249404047,-0.102157058091317,-0.102131466561539,-0.102102605410186,-0.102044957531118,-0.101995459132755,-0.101952401776255,-0.101920553203897,-0.101886762804065,-0.101846531685211,-0.101809921338945,-0.101778577874143,-0.101751450573821,-0.101723708030769,-0.101702268599177,-0.101680859333968,-0.101651092544582,-0.101615432470328,-0.101579892180864,-0.101553120265225,-0.101541298729489,-0.1015233582137,-0.101508361880433,-0.101496804248101,-0.101484962469431,-0.101390712677199,-0.0983141556537257,NaN,NaN,NaN,NaN,NaN,NaN,NaN,NaN,NaN,NaN,NaN,NaN,NaN,NaN,NaN,NaN,NaN,NaN,NaN,NaN,NaN,NaN,NaN,NaN,NaN,NaN,NaN,NaN,NaN,NaN,NaN,NaN,NaN,NaN,NaN,NaN,NaN,NaN,NaN,NaN,NaN,NaN,NaN,NaN,NaN,NaN,NaN,NaN,NaN,NaN,NaN,NaN,NaN,NaN,NaN,NaN,NaN,NaN,NaN,NaN,NaN,NaN,NaN,-0.0939799134096905,-0.0938031676251088,-0.0936070308117458,-0.0934347607628655,-0.0932388723194762,-0.0929998191078986,-0.0928961142988957,-0.0927449750943782,-0.093105134404498,NaN,NaN,NaN,NaN,NaN,NaN,NaN,NaN,NaN,NaN,NaN,NaN,NaN,NaN,NaN,NaN,NaN,NaN,NaN,NaN,NaN,NaN,NaN,NaN,NaN,NaN,NaN,NaN,NaN,NaN,NaN,NaN,NaN,NaN,NaN,NaN,NaN,NaN,NaN,NaN,NaN,NaN,NaN,NaN,NaN,NaN,NaN,NaN,NaN,NaN,NaN,NaN,NaN,NaN,NaN,NaN,NaN,NaN,NaN,NaN,NaN,NaN,NaN,NaN,NaN,NaN,NaN,NaN,NaN,NaN,NaN,NaN,NaN,NaN,NaN,NaN,NaN,NaN,NaN,NaN,NaN,NaN,NaN
NaN,NaN,NaN,NaN,NaN,NaN,NaN,NaN,NaN,NaN,NaN,NaN,NaN,NaN,NaN,NaN,NaN,NaN,NaN,NaN,NaN,NaN,-0.105899271471991,-0.106005252549884,-0.105940482762008,-0.105881954793445,-0.105803576067642,-0.105739085392823,-0.105706489956988,-0.105693598442594,-0.105583880348042,NaN,NaN,NaN,NaN,NaN,NaN,NaN,NaN,-0.0967652718853399,-0.101861176415113,-0.101739228974023,-0.102647023718929,-0.102852844548844,-0.102940940047838,-0.10333989558897,-0.103480169398584,-0.103531089918417,-0.103519954787051,-0.103492069062437,-0.103377918896541,-0.102995456220222,-0.10315111160632,-0.103046949514246,-0.102946339194331,-0.102822370883662,-0.102786800818866,-0.102678704387924,-0.102596828695338,-0.102535705836495,-0.102447196994393,-0.102353146203247,-0.102288116699866,-0.102226309944871,-0.102160945659605,-0.102119316601853,-0.10208042245626,-0.102026563662254,-0.101979316080873,-0.101942026458798,-0.101914309475894,-0.101887515067936,-0.101841061060053,-0.10179520583551,-0.101756066296998,-0.101723596536715,-0.101700291655443,-0.10168129536705,-0.101657851649269,-0.101625837059652,-0.101590039191744,-0.101555972980578,-0.101531051904213,-0.101508415336771,-0.101470971121188,-0.101446203833806,-0.101437156879593,-0.101418780407974,-0.101400091184527,-0.100149698714641,NaN,NaN,NaN,NaN,NaN,NaN,NaN,NaN,NaN,NaN,NaN,NaN,NaN,NaN,NaN,NaN,NaN,NaN,NaN,NaN,NaN,NaN,NaN,NaN,NaN,NaN,NaN,NaN,NaN,NaN,NaN,NaN,NaN,NaN,NaN,NaN,NaN,NaN,NaN,NaN,NaN,NaN,NaN,NaN,NaN,NaN,NaN,NaN,NaN,NaN,NaN,NaN,NaN,NaN,NaN,NaN,NaN,NaN,NaN,NaN,NaN,NaN,NaN,-0.0939970528166655,-0.0938970744513642,-0.093758866650966,-0.0935526015741838,-0.0933884738402708,-0.0933121184932496,-0.0932979786433326,-0.093292679911298,-0.0934497630987967,-0.0935503313998814,-0.0936356063634133,NaN,NaN,NaN,NaN,NaN,NaN,NaN,NaN,NaN,NaN,NaN,NaN,NaN,NaN,NaN,NaN,NaN,NaN,NaN,NaN,NaN,NaN,NaN,NaN,NaN,NaN,NaN,NaN,NaN,NaN,NaN,NaN,NaN,NaN,NaN,NaN,NaN,NaN,NaN,NaN,NaN,NaN,NaN,NaN,NaN,NaN,NaN,NaN,NaN,NaN,NaN,NaN,NaN,NaN,NaN,NaN,NaN,NaN,NaN,NaN,NaN,NaN,NaN,NaN,NaN,NaN,NaN,NaN,NaN,NaN,NaN,NaN,NaN,NaN,NaN,NaN,NaN,NaN,NaN,NaN,NaN
NaN,NaN,NaN,NaN,NaN,NaN,NaN,NaN,NaN,NaN,NaN,NaN,NaN,NaN,NaN,NaN,NaN,NaN,NaN,NaN,NaN,NaN,NaN,-0.102629579497665,-0.1059205067125,-0.10585946569484,-0.105765478433822,-0.105707719116871,-0.105685024561477,-0.105679151208734,-0.105677759034748,-0.105503888403355,-0.105485880822647,-0.101315073205466,-0.102548347066352,-0.0991507090921685,-0.099024542281409,-0.102624787733016,-0.102563641420522,-0.0968122290021025,-0.101732292139524,-0.101743796460577,-0.102406484524541,-0.10253321341165,-0.102747780192938,-0.103314519378818,-0.103661324857997,-0.103583487333426,-0.10356240348094,-0.103455719289962,-0.103375747813631,-0.103258384829625,-0.103144884894174,-0.103020818889289,-0.10292505856639,-0.10285095909053,-0.102773681308661,-0.102696113980236,-0.102608221172052,-0.102552379058181,-0.102486532257689,-0.102388736288733,-0.102319254389412,-0.102246166976654,-0.102166435010287,-0.102113457960088,-0.10206784655281,-0.102023914865526,-0.10196896271645,-0.10192285323237,-0.101901898100054,-0.101875529676098,-0.101835671324399,-0.10179786993483,-0.101752552393265,-0.101712529232795,-0.101680861917963,-0.101651101643227,-0.101621812648262,-0.101594958009386,-0.101563146325393,-0.101526678410661,-0.101495262478416,-0.101461530763337,-0.101421342509535,-0.101396157868812,-0.101377878876987,-0.101349611384223,-0.101335966277258,-0.101178234172185,NaN,NaN,NaN,NaN,NaN,NaN,NaN,NaN,NaN,NaN,NaN,NaN,NaN,NaN,NaN,NaN,NaN,NaN,NaN,NaN,NaN,NaN,NaN,NaN,NaN,NaN,NaN,NaN,NaN,NaN,NaN,NaN,NaN,NaN,NaN,NaN,NaN,NaN,NaN,NaN,NaN,NaN,NaN,NaN,NaN,NaN,NaN,NaN,NaN,NaN,NaN,NaN,NaN,NaN,NaN,NaN,NaN,NaN,NaN,NaN,NaN,NaN,NaN,-0.0940563972576734,-0.094003376632439,-0.0939206511431155,-0.0936986124533119,-0.0935229855882134,-0.0935654722647257,-0.0935296579975156,-0.093519765278145,-0.0935806532458591,-0.0936559683544419,-0.0937143221713965,-0.0936672870068095,-0.0924150756678767,NaN,NaN,NaN,NaN,NaN,NaN,NaN,NaN,NaN,NaN,NaN,NaN,NaN,NaN,NaN,NaN,NaN,NaN,NaN,NaN,NaN,NaN,NaN,NaN,NaN,NaN,NaN,NaN,NaN,NaN,NaN,NaN,NaN,NaN,NaN,NaN,NaN,NaN,NaN,NaN,NaN,NaN,NaN,NaN,NaN,NaN,NaN,NaN,NaN,NaN,NaN,NaN,NaN,NaN,NaN,NaN,NaN,NaN,NaN,NaN,NaN,NaN,NaN,NaN,NaN,NaN,NaN,NaN,NaN,NaN,NaN,NaN,NaN,NaN,NaN,NaN,NaN,NaN,NaN
NaN,NaN,NaN,NaN,NaN,NaN,NaN,NaN,NaN,NaN,NaN,NaN,NaN,NaN,NaN,NaN,NaN,NaN,NaN,NaN,NaN,NaN,NaN,NaN,NaN,NaN,-0.105665087045865,-0.10568146389656,-0.105658499659136,-0.105650814962552,-0.105645214279407,-0.105622216587815,-0.10548125712394,-0.104486945204274,-0.102307236181653,-0.0940645062961694,-0.0955587072942256,-0.102633685696562,-0.102537228080916,-0.102366939787018,-0.102150745276834,-0.103219223000872,-0.103071392018951,-0.10334119632038,-0.103311340097625,-0.103442390003452,-0.103619160576352,-0.103602565280006,-0.103440102998328,-0.103496681315895,-0.103370862210014,-0.103258623257584,-0.103139746254391,-0.102992916928672,-0.102962129246511,-0.10285529359974,-0.102782224643821,-0.102735293603746,-0.102669868234483,-0.102603668518928,-0.102529233408742,-0.102420948364484,-0.102322506819657,-0.102224089561962,-0.102172339732278,-0.102132203243866,-0.102084787999671,-0.102017526390303,-0.101961977288943,-0.10193136510954,-0.101906924530333,-0.101868895138896,-0.101830324394675,-0.101792480617116,-0.101732182529481,-0.101682405461587,-0.101654088696689,-0.101625517129741,-0.101589722597617,-0.10155212750953,-0.101521127645318,-0.10149965337815,-0.101468522963893,-0.101427197576128,-0.101401290373554,-0.101382818121107,-0.101356549528775,-0.101319622063518,-0.101303602084434,-0.10128727188092,-0.101261406347372,NaN,NaN,NaN,NaN,NaN,NaN,NaN,NaN,NaN,NaN,NaN,NaN,NaN,NaN,NaN,NaN,NaN,NaN,NaN,NaN,NaN,NaN,NaN,NaN,NaN,NaN,NaN,NaN,NaN,NaN,NaN,NaN,NaN,NaN,NaN,NaN,NaN,NaN,NaN,NaN,NaN,NaN,NaN,NaN,NaN,NaN,NaN,NaN,NaN,NaN,NaN,NaN,NaN,NaN,NaN,NaN,NaN,NaN,NaN,NaN,NaN,NaN,-0.0941405816870456,-0.0941157151599674,-0.0940863802707881,-0.0939870441345465,-0.0938566723415917,-0.093833509533024,-0.0937145808013584,-0.0936878140472427,-0.0937094864776607,-0.093753571910433,-0.093819146209823,-0.0936558814297413,-0.0924039042888803,NaN,NaN,NaN,NaN,NaN,NaN,NaN,NaN,NaN,NaN,NaN,NaN,NaN,NaN,NaN,NaN,NaN,NaN,NaN,NaN,NaN,NaN,NaN,NaN,NaN,NaN,NaN,NaN,NaN,NaN,NaN,NaN,NaN,NaN,NaN,NaN,NaN,NaN,NaN,NaN,NaN,NaN,NaN,NaN,NaN,NaN,NaN,NaN,NaN,NaN,NaN,NaN,NaN,NaN,NaN,NaN,NaN,NaN,NaN,NaN,NaN,NaN,NaN,NaN,NaN,NaN,NaN,NaN,NaN,NaN,NaN,NaN,NaN,NaN,NaN,NaN,NaN,NaN,NaN
NaN,NaN,NaN,NaN,NaN,NaN,NaN,NaN,NaN,NaN,NaN,NaN,NaN,NaN,NaN,NaN,NaN,NaN,NaN,NaN,NaN,NaN,NaN,NaN,NaN,NaN,-0.0994870997121296,-0.104856330607036,-0.105640861801821,-0.105622558931574,-0.105608597436437,-0.105581857980845,-0.105446255680122,-0.105356489414028,-0.103949032668635,-0.103788545081943,-0.103538644534476,-0.102121221696532,-0.101654035989115,-0.102366858526388,-0.10164456224742,-0.102896426652047,-0.103882845696843,-0.103754749307479,-0.101270157956898,-0.100193613354722,-0.102877627841989,-0.103352714420073,-0.103390408247702,-0.103453339954148,-0.103362451648192,-0.103246840503201,-0.103134637438144,-0.103093952740748,-0.102982462134896,-0.102906462408936,-0.102835235967706,-0.102769048407455,-0.102705479056186,-0.102641326368305,-0.102562801739444,-0.102432630872402,-0.102310795302513,-0.10224350649755,-0.102197186695028,-0.102148241985478,-0.102090788533606,-0.102015317572968,-0.101966513633417,-0.101945008453793,-0.101916785510558,-0.101872169586016,-0.101836520947943,-0.10179273854596,-0.10172256216321,-0.101667477825203,-0.101626086559221,-0.101591588932872,-0.101561345553193,-0.101525824051575,-0.101498252013322,-0.101473836488005,-0.10144821790428,-0.10142189633728,-0.101406010862969,-0.101386017127804,-0.10135632170031,-0.101328027176755,-0.101312302538186,-0.101296006711633,-0.101270289185653,-0.101261106523067,NaN,NaN,NaN,NaN,NaN,NaN,NaN,NaN,NaN,NaN,NaN,NaN,NaN,NaN,NaN,NaN,NaN,NaN,NaN,NaN,NaN,NaN,NaN,NaN,NaN,NaN,NaN,NaN,NaN,NaN,NaN,NaN,NaN,NaN,NaN,NaN,NaN,NaN,NaN,NaN,NaN,NaN,NaN,NaN,NaN,NaN,NaN,NaN,NaN,NaN,NaN,NaN,NaN,NaN,NaN,NaN,NaN,NaN,NaN,NaN,NaN,-0.0942215570220618,-0.0942068741383704,-0.0942045386182597,-0.094188004566282,-0.0941448678968903,-0.0940554324548545,-0.0939422353384584,-0.0938852015072597,-0.0938762199157556,-0.0938986598298081,-0.0939509822135608,-0.0937773399688359,-0.0938484228719208,NaN,NaN,NaN,NaN,NaN,NaN,NaN,NaN,NaN,NaN,NaN,NaN,NaN,NaN,NaN,NaN,NaN,NaN,NaN,NaN,NaN,NaN,NaN,NaN,NaN,NaN,NaN,NaN,NaN,NaN,NaN,NaN,NaN,NaN,NaN,NaN,NaN,NaN,NaN,NaN,NaN,NaN,NaN,NaN,NaN,NaN,NaN,NaN,NaN,NaN,NaN,NaN,NaN,NaN,NaN,NaN,NaN,NaN,NaN,NaN,NaN,NaN,NaN,NaN,NaN,NaN,NaN,NaN,NaN,NaN,NaN,NaN,NaN,NaN,NaN,NaN,NaN,NaN,NaN
NaN,NaN,NaN,NaN,NaN,NaN,NaN,NaN,NaN,NaN,NaN,NaN,NaN,NaN,NaN,NaN,NaN,NaN,NaN,NaN,NaN,NaN,NaN,NaN,NaN,NaN,NaN,-0.100165807993901,-0.105596399040326,-0.105594051040535,-0.105556229275602,-0.105494690283501,-0.105474513693551,-0.104747834325467,-0.10259438110455,-0.102242625692648,-0.103603501846766,-0.100930016547225,-0.100987479214875,-0.101408131211275,-0.102421930660634,-0.102480302363889,-0.103136164617197,-0.104066822601068,-0.103400868593064,-0.10372706908325,-0.10355798515566,-0.103611495291255,-0.103583040564306,-0.103412781700822,-0.103360720395311,-0.103286054600755,-0.103219875166176,-0.103115257505398,-0.103010584902161,-0.102943772756722,-0.10288545964604,-0.102818329871853,-0.102748396195246,-0.102669929081595,-0.102582667915581,-0.102472174159909,-0.102360709979427,-0.102280603669202,-0.102227262946351,-0.102153966784098,-0.102114060816498,-0.102008543399918,-0.101992401075538,-0.101969170965032,-0.101939949464452,-0.101868015493858,-0.10184973438209,-0.101783078358536,-0.101726653618376,-0.101666021093683,-0.101612476316308,-0.10156452195248,-0.10152704005379,-0.101505137616893,-0.101486052392587,-0.101467066839757,-0.10144281736573,-0.101416486317937,-0.101408156784584,-0.101393572013307,-0.101358276939553,-0.101337790584288,-0.101322733198828,-0.101304423780437,-0.101282305128541,-0.101260065728588,-0.101258337428731,NaN,NaN,NaN,NaN,NaN,NaN,NaN,NaN,NaN,NaN,NaN,NaN,NaN,NaN,NaN,NaN,NaN,NaN,NaN,NaN,NaN,NaN,NaN,NaN,NaN,NaN,NaN,NaN,NaN,NaN,NaN,NaN,NaN,NaN,NaN,NaN,NaN,NaN,NaN,NaN,NaN,NaN,NaN,NaN,NaN,NaN,NaN,NaN,NaN,NaN,NaN,NaN,NaN,NaN,NaN,NaN,NaN,NaN,NaN,NaN,-0.0943097552933828,-0.0942861242802205,-0.0942716196972729,-0.0942519679022212,-0.094247847715863,-0.0941930886243151,-0.0941214136561202,-0.0940426715909042,-0.0940450837802867,-0.0940741346067366,-0.0940757720157205,-0.0939045425354353,-0.0939256696364727,NaN,NaN,NaN,NaN,NaN,NaN,NaN,NaN,NaN,NaN,NaN,NaN,NaN,NaN,NaN,NaN,NaN,NaN,NaN,NaN,NaN,NaN,NaN,NaN,NaN,NaN,NaN,NaN,NaN,NaN,NaN,NaN,NaN,NaN,NaN,NaN,NaN,NaN,NaN,NaN,NaN,NaN,NaN,NaN,NaN,NaN,NaN,NaN,NaN,NaN,NaN,NaN,NaN,NaN,NaN,NaN,NaN,NaN,NaN,NaN,NaN,NaN,NaN,NaN,NaN,NaN,NaN,NaN,NaN,NaN,NaN,NaN,NaN,NaN,NaN,NaN,NaN,NaN,NaN
NaN,NaN,NaN,NaN,NaN,NaN,NaN,NaN,NaN,NaN,NaN,NaN,NaN,NaN,NaN,NaN,NaN,NaN,NaN,NaN,NaN,NaN,NaN,NaN,NaN,NaN,NaN,NaN,-0.100126804610849,-0.105489562427126,-0.105468961477071,-0.105416337185935,-0.105373237901213,-0.105126620698327,-0.101320058928683,-0.102840511599109,-0.101285701604873,-0.101295547585567,-0.100515595324109,-0.101075734614778,-0.102293413126439,-0.102602482890777,-0.10269461211543,-0.104038790164326,-0.103896253321219,-0.103847350056037,-0.103708865672579,-0.103680504578687,-0.103593874468951,-0.103542471825938,-0.103458679462306,-0.103324972138112,-0.103223096372651,-0.103144862528993,-0.103043972770112,-0.102974884150645,-0.10292461902778,-0.102873024753373,-0.102812586050864,-0.102664906153051,-0.102594958775551,-0.102497874863599,-0.102408053334,-0.102264938428476,-0.102133380440813,-0.101930210462387,-0.101977176369344,-0.101984478409419,-0.101971378921131,-0.10188746456643,-0.101859293523212,-0.101760385663418,-0.101791616124221,-0.101692206978629,-0.10161362281353,-0.101627213498261,-0.101605313074424,-0.101549031016728,-0.101509666098924,-0.101479694314425,-0.101460604143367,-0.101449711120702,-0.101428174066295,-0.101402914629582,-0.101396683037464,-0.101374565329708,-0.101336694767239,-0.101329193664279,-0.101312901417861,-0.101291554460777,-0.101283034147317,-0.101264664467582,-0.101238148141964,NaN,NaN,NaN,NaN,NaN,NaN,NaN,NaN,NaN,NaN,NaN,NaN,NaN,NaN,NaN,NaN,NaN,NaN,NaN,NaN,NaN,NaN,NaN,NaN,NaN,NaN,NaN,NaN,NaN,NaN,NaN,NaN,NaN,NaN,NaN,NaN,NaN,NaN,NaN,NaN,NaN,NaN,NaN,NaN,NaN,NaN,NaN,NaN,NaN,NaN,NaN,NaN,NaN,NaN,NaN,NaN,NaN,NaN,NaN,NaN,-0.0944310028787129,-0.0943824844865556,-0.0943323069853592,-0.0942822062069514,-0.0942609544971899,-0.0941963960896529,-0.0941687270507172,-0.0941686206126363,-0.0942278570281807,-0.0942664353844959,-0.0942588062192876,-0.0933313928384559,-0.0934570855956611,NaN,NaN,NaN,NaN,NaN,NaN,NaN,NaN,NaN,NaN,NaN,NaN,NaN,NaN,NaN,NaN,NaN,NaN,NaN,NaN,NaN,NaN,NaN,NaN,NaN,NaN,NaN,NaN,NaN,NaN,NaN,NaN,NaN,NaN,NaN,NaN,NaN,NaN,NaN,NaN,NaN,NaN,NaN,NaN,NaN,NaN,NaN,NaN,NaN,NaN,NaN,NaN,NaN,NaN,NaN,NaN,NaN,NaN,NaN,NaN,NaN,NaN,NaN,NaN,NaN,NaN,NaN,NaN,NaN,NaN,NaN,NaN,NaN,NaN,NaN,NaN,NaN,NaN,NaN
NaN,NaN,NaN,NaN,NaN,NaN,NaN,NaN,NaN,NaN,NaN,NaN,NaN,NaN,NaN,NaN,NaN,NaN,NaN,NaN,NaN,NaN,NaN,NaN,NaN,NaN,NaN,NaN,NaN,-0.100020689684362,-0.105353891582389,-0.105329752297473,-0.105259441498803,-0.10523722701065,-0.104966829430374,-0.102666934951674,-0.10262560543883,-0.100862229391263,-0.100492648285857,-0.100853510358143,-0.10187717349537,-0.103495312428492,-0.104054168667431,-0.104057350737339,-0.103999491827641,-0.103928272010723,-0.103845271435351,-0.10375818452866,-0.103678612648694,-0.103590103247935,-0.103486018643439,-0.103379836853826,-0.103266315600141,-0.103164382480641,-0.103081063650894,-0.103022280642035,-0.102978785752093,-0.102905601848662,-0.10227761973115,-0.101391113309329,-0.1026068414668,-0.101477694053083,-0.101986569084037,-0.10219467066732,-0.102202659586694,-0.1021718292609,-0.102152839661385,-0.102126725045102,-0.102104653401578,-0.102033803369681,-0.101971398471688,-0.101890858843287,-0.101836472160484,-0.101764064459127,-0.10167940538829,-0.101561858484034,-0.101515104023339,-0.101548909932437,-0.101495753133796,-0.101465661435127,-0.101446326762517,-0.101431083193121,-0.101402578800255,-0.10137255165636,-0.101360630928798,-0.101336223149846,-0.101315080987975,-0.101310549736426,-0.101292096922682,-0.101276285150379,-0.10126889544394,-0.101239894341675,-0.101197972183875,-0.101158076880589,-0.101162782762068,NaN,NaN,NaN,NaN,NaN,NaN,NaN,NaN,NaN,NaN,NaN,NaN,NaN,NaN,NaN,NaN,NaN,NaN,NaN,NaN,NaN,NaN,NaN,NaN,NaN,NaN,NaN,NaN,NaN,NaN,NaN,NaN,NaN,NaN,NaN,NaN,NaN,NaN,NaN,NaN,NaN,NaN,NaN,NaN,NaN,NaN,NaN,NaN,NaN,NaN,NaN,NaN,NaN,NaN,NaN,NaN,NaN,NaN,-0.0945512301699015,-0.0944949691970251,-0.0944535331686099,-0.0944041474845754,-0.0943171494568685,-0.0941157118524764,-0.0941603871848193,-0.0943569674576116,-0.0944399292851968,-0.0944732563765986,-0.0944071325746343,-0.0932784940626929,NaN,NaN,NaN,NaN,NaN,NaN,NaN,NaN,NaN,NaN,NaN,NaN,NaN,NaN,NaN,NaN,NaN,NaN,NaN,NaN,NaN,NaN,NaN,NaN,NaN,NaN,NaN,NaN,NaN,NaN,NaN,NaN,NaN,NaN,NaN,NaN,NaN,NaN,NaN,NaN,NaN,NaN,NaN,NaN,NaN,NaN,NaN,NaN,NaN,NaN,NaN,NaN,NaN,NaN,NaN,NaN,NaN,NaN,NaN,NaN,NaN,NaN,NaN,NaN,NaN,NaN,NaN,NaN,NaN,NaN,NaN,NaN,NaN,NaN,NaN,NaN,NaN,NaN,NaN,NaN
NaN,NaN,NaN,NaN,NaN,NaN,NaN,NaN,NaN,NaN,NaN,NaN,NaN,NaN,NaN,NaN,NaN,NaN,NaN,NaN,NaN,NaN,NaN,NaN,NaN,NaN,NaN,NaN,NaN,-0.0991356679771085,-0.10526385630523,-0.105244075500999,-0.105187084485686,-0.10513498467899,-0.105077294091187,-0.104760003298444,-0.0977098076942887,-0.104611970138815,-0.100296196468282,-0.102019941606957,-0.103872371719252,-0.104127993750791,-0.104094752851101,-0.104036444738503,-0.103995369552239,-0.103929497323992,-0.103838539334186,-0.103758651178353,-0.103686832771691,-0.103603311918163,-0.103501751753701,-0.103393659622461,-0.103301481832579,-0.103220289068619,-0.103147697236205,-0.103085616254849,-0.102974893321484,-0.101516987510349,-0.0996894305833931,-0.0996897872255567,-0.100997586838582,-0.101262557086003,-0.101962735176758,-0.101758551547606,-0.102040557256923,-0.102330478843273,-0.102258621273718,-0.102173421415081,-0.102111093808686,-0.102060442604177,-0.102003763093887,-0.101950647187226,-0.101826068795152,-0.101789364052287,-0.10174448037191,-0.101596287390458,-0.101578046838135,-0.101444819569735,-0.101490116055281,-0.101467383549194,-0.101435947371339,-0.101415778533303,-0.101382997421506,-0.101352472524316,-0.101334300421493,-0.101304000579571,-0.101285073598886,-0.101281179699072,-0.101269319282715,-0.101265573261932,-0.101255615808017,-0.101218501565042,-0.101188249545047,-0.101169891797027,-0.101133652389391,-0.101073332132375,-0.101082673114993,-0.101101448301187,-0.100888963164072,NaN,NaN,NaN,NaN,NaN,NaN,NaN,NaN,NaN,NaN,NaN,NaN,NaN,NaN,NaN,NaN,NaN,NaN,NaN,NaN,NaN,NaN,NaN,NaN,NaN,NaN,NaN,NaN,NaN,NaN,NaN,NaN,NaN,NaN,NaN,NaN,NaN,NaN,NaN,NaN,NaN,NaN,NaN,NaN,NaN,NaN,NaN,NaN,NaN,NaN,NaN,NaN,NaN,NaN,-0.0945766576866528,-0.0945225915347058,-0.0945418112132838,-0.0945522810225333,-0.0944787979764817,-0.0943670370054212,-0.0944482211776171,-0.0945931825302883,-0.0946808311776387,-0.0947049652132266,-0.0946729450312744,NaN,NaN,NaN,NaN,NaN,NaN,NaN,NaN,NaN,NaN,NaN,NaN,NaN,NaN,NaN,NaN,NaN,NaN,NaN,NaN,NaN,NaN,NaN,NaN,NaN,NaN,NaN,NaN,NaN,NaN,NaN,NaN,NaN,NaN,NaN,NaN,NaN,NaN,NaN,NaN,NaN,NaN,NaN,NaN,NaN,NaN,NaN,NaN,NaN,NaN,NaN,NaN,NaN,NaN,NaN,NaN,NaN,NaN,NaN,NaN,NaN,NaN,NaN,NaN,NaN,NaN,NaN,NaN,NaN,NaN,NaN,NaN,NaN,NaN,NaN,NaN,NaN,NaN,NaN,NaN,NaN
NaN,NaN,NaN,NaN,NaN,NaN,NaN,NaN,NaN,NaN,NaN,NaN,NaN,NaN,NaN,NaN,NaN,NaN,NaN,NaN,NaN,NaN,NaN,NaN,NaN,NaN,NaN,NaN,NaN,NaN,NaN,-0.105109040082216,-0.105095767042221,-0.105033525325476,-0.104981372224462,-0.104938989263036,-0.104581928523869,-0.104617223337528,-0.104494628063555,-0.104404387485527,-0.104320492751377,-0.104211804951013,-0.104086742898463,-0.104020504081236,-0.103997753421266,-0.103948499977064,-0.103831655708065,-0.10375149518636,-0.103689829968519,-0.103598627185004,-0.103511728208119,-0.103440261319745,-0.103346961808046,-0.103260006233268,-0.103151996751886,-0.102935749314484,-0.100751417154748,-0.10059990986602,-0.100214573235341,-0.1012157307616,-0.101798039731653,-0.1019429045476,-0.102486935543903,-0.102419131836037,-0.102429015961626,-0.102362681072256,-0.102305097549556,-0.102223369711396,-0.102139234304717,-0.102061138241445,-0.101998725776145,-0.101952969059953,-0.101904044035919,-0.101829100772743,-0.101772814320683,-0.10173070916601,-0.101611206452201,-0.101618183945087,-0.101578010886421,-0.101521558052392,-0.101459258587232,-0.101413047768315,-0.101374239952098,-0.101336607277583,-0.101308365172552,-0.101277544613855,-0.101256564481183,-0.101237542773736,-0.10122998128604,-0.101242156693481,-0.101226694516108,-0.101185580212769,-0.101155123679334,-0.10112913189353,-0.1010892914145,-0.101050289572676,-0.101059773842853,-0.101094352687453,-0.101134975573742,NaN,NaN,NaN,NaN,NaN,NaN,NaN,NaN,NaN,NaN,NaN,NaN,NaN,NaN,NaN,NaN,NaN,NaN,NaN,NaN,NaN,NaN,NaN,NaN,NaN,NaN,NaN,NaN,NaN,NaN,NaN,NaN,NaN,NaN,NaN,NaN,NaN,NaN,NaN,NaN,NaN,NaN,NaN,NaN,NaN,NaN,NaN,NaN,NaN,NaN,NaN,NaN,NaN,NaN,NaN,-0.0944278079007939,-0.0945276016035224,-0.0946085998244763,-0.0946598095549177,-0.0947755148434887,-0.0948500888592555,-0.0948597201597763,-0.0949042705683799,-0.0949272061507891,-0.094920473582809,NaN,NaN,NaN,NaN,NaN,NaN,NaN,NaN,NaN,NaN,NaN,NaN,NaN,NaN,NaN,NaN,NaN,NaN,NaN,NaN,NaN,NaN,NaN,NaN,NaN,NaN,NaN,NaN,NaN,NaN,NaN,NaN,NaN,NaN,NaN,NaN,NaN,NaN,NaN,NaN,NaN,NaN,NaN,NaN,NaN,NaN,NaN,NaN,NaN,NaN,NaN,NaN,NaN,NaN,NaN,NaN,NaN,NaN,NaN,NaN,NaN,NaN,NaN,NaN,NaN,NaN,NaN,NaN,NaN,NaN,NaN,NaN,NaN,NaN,NaN,NaN,NaN,NaN,NaN,NaN,NaN
NaN,NaN,NaN,NaN,NaN,NaN,NaN,NaN,NaN,NaN,NaN,NaN,NaN,NaN,NaN,NaN,NaN,NaN,NaN,NaN,NaN,NaN,NaN,NaN,NaN,NaN,NaN,NaN,NaN,NaN,NaN,NaN,-0.105013928163202,-0.104955504784258,-0.104893525954289,-0.104887161114602,-0.104791991084127,-0.104637993289676,-0.104523185129547,-0.104423198144663,-0.104322308292096,-0.104234169212963,-0.104136967650191,-0.104044458162086,-0.104001844581958,-0.103947760448115,-0.10382958868612,-0.103760301966877,-0.103697150427171,-0.103616380268182,-0.103550588861655,-0.103467548160806,-0.103341383624009,-0.103041627016908,-0.103172343258619,-0.101407624766926,-0.101316390522445,-0.101552030468119,-0.102425680688593,-0.102132257257713,-0.102396275984244,-0.102636299716607,-0.102590451910502,-0.102504570749791,-0.102478004652238,-0.102417869648828,-0.102321446964397,-0.102220709166357,-0.102140772945674,-0.102056195660879,-0.102012290956183,-0.101941514523572,-0.101893072261082,-0.101833489002102,-0.101763131445038,-0.101728640346753,-0.10167659814486,-0.101622008345941,-0.101594803698347,-0.101552283094971,-0.101488872117274,-0.10142585888721,-0.101376057610581,-0.101350275108358,-0.101310314274447,-0.101260219477084,-0.101236480315386,-0.101218505122781,-0.101205127354492,-0.101210835877682,-0.101186878928293,-0.101137992285082,-0.101063947160398,-0.101002197100542,-0.100969420927864,-0.100978788997075,-0.100975433634657,-0.100968811386324,NaN,NaN,NaN,NaN,NaN,NaN,NaN,-0.0963893586451563,-0.0977056561496455,-0.0963774225078348,NaN,NaN,NaN,NaN,NaN,NaN,NaN,NaN,NaN,NaN,NaN,NaN,NaN,NaN,NaN,NaN,NaN,NaN,NaN,NaN,NaN,NaN,NaN,NaN,NaN,NaN,NaN,NaN,NaN,NaN,NaN,NaN,NaN,NaN,NaN,NaN,NaN,NaN,NaN,NaN,NaN,NaN,NaN,NaN,NaN,NaN,-0.0944188937810138,-0.0945138515112595,-0.0946510813248497,-0.0947963357980365,-0.0950142422830075,-0.0951052367513613,-0.0951055440502507,-0.095106351050619,-0.0951226904041905,-0.0950927190773507,NaN,NaN,NaN,NaN,NaN,NaN,NaN,NaN,NaN,NaN,NaN,NaN,NaN,NaN,NaN,NaN,NaN,NaN,NaN,NaN,NaN,NaN,NaN,NaN,NaN,NaN,NaN,NaN,NaN,NaN,NaN,NaN,NaN,NaN,NaN,NaN,NaN,NaN,NaN,NaN,NaN,NaN,NaN,NaN,NaN,NaN,NaN,NaN,NaN,NaN,NaN,NaN,NaN,NaN,NaN,NaN,NaN,NaN,NaN,NaN,NaN,NaN,NaN,NaN,NaN,NaN,NaN,NaN,NaN,NaN,NaN,NaN,NaN,NaN,NaN,NaN,NaN,NaN,NaN,NaN,NaN
NaN,NaN,NaN,NaN,NaN,NaN,NaN,NaN,NaN,NaN,NaN,NaN,NaN,NaN,NaN,NaN,NaN,NaN,NaN,NaN,NaN,NaN,NaN,NaN,NaN,NaN,NaN,NaN,NaN,NaN,NaN,NaN,NaN,NaN,-0.104866641641606,-0.104838302639441,-0.104664563219501,-0.104555925886529,-0.104490960380143,-0.104433218078478,-0.104351944036544,-0.104253172420663,-0.104157280646366,-0.104089240351351,-0.10402190687691,-0.103834144408572,-0.10384603795039,-0.103780102939479,-0.103668399969358,-0.103656285376594,-0.103569052673099,-0.10190588971588,-0.101638570012355,-0.100938056298588,-0.101570649598255,-0.101478889883199,-0.101800903261367,-0.101491949062604,-0.102474691653552,-0.1026402946049,-0.102787140869879,-0.102736349669269,-0.102630636834568,-0.102624968766731,-0.102560399424579,-0.102453362639658,-0.102363853798833,-0.102278518057086,-0.102192270607517,-0.102005959087737,-0.102013221162376,-0.101938099921913,-0.101894700164783,-0.101811383585921,-0.101755731912302,-0.101722530563762,-0.101670524925535,-0.101618989547361,-0.101589724950717,-0.101557403795527,-0.10149782449156,-0.101423366555823,-0.101380907957917,-0.101353828137749,-0.101309394649274,-0.101258352493715,-0.101236432823333,-0.101216702477471,-0.101199057809498,-0.101182705227964,-0.101147132845698,-0.101085593738928,-0.100984100087463,-0.100875067407927,-0.100872606580802,-0.100897489788189,-0.100848683768557,-0.100784788634546,-0.100630222296833,NaN,NaN,NaN,NaN,NaN,NaN,-0.0949696611246768,-0.0975900406768453,-0.100712804284992,NaN,NaN,NaN,NaN,NaN,NaN,NaN,NaN,NaN,NaN,NaN,NaN,NaN,NaN,NaN,NaN,NaN,NaN,NaN,NaN,NaN,NaN,NaN,NaN,NaN,NaN,NaN,NaN,NaN,NaN,NaN,NaN,NaN,NaN,NaN,NaN,NaN,NaN,NaN,NaN,NaN,NaN,NaN,NaN,NaN,NaN,-0.0942700031726613,-0.094506755115552,-0.094738424536439,-0.0949141792067874,-0.0951669581301214,-0.0952646008454212,-0.095276392973555,-0.0952704202566618,-0.0952763137125657,-0.0952530520218886,NaN,NaN,NaN,NaN,NaN,NaN,NaN,NaN,NaN,NaN,NaN,NaN,NaN,NaN,NaN,NaN,NaN,NaN,NaN,NaN,NaN,NaN,NaN,NaN,NaN,NaN,NaN,NaN,NaN,NaN,NaN,NaN,NaN,NaN,NaN,NaN,NaN,NaN,NaN,NaN,NaN,NaN,NaN,NaN,NaN,NaN,NaN,NaN,NaN,NaN,NaN,NaN,NaN,NaN,NaN,NaN,NaN,NaN,NaN,NaN,NaN,NaN,NaN,NaN,NaN,NaN,NaN,NaN,NaN,NaN,NaN,NaN,NaN,NaN,NaN,NaN,NaN,NaN,NaN,NaN,NaN
NaN,NaN,NaN,NaN,NaN,NaN,NaN,NaN,NaN,NaN,NaN,NaN,NaN,NaN,NaN,NaN,NaN,NaN,NaN,NaN,NaN,NaN,NaN,NaN,NaN,NaN,NaN,NaN,NaN,NaN,NaN,NaN,NaN,NaN,NaN,NaN,-0.104576275967914,-0.10451126762452,-0.104459428330127,-0.104424245467918,-0.104345003705321,-0.104233823536569,-0.104170377471132,-0.104118705832861,-0.104036324270916,-0.103961742925161,-0.103869180238492,-0.102419901733972,-0.103552682208257,-0.103706137210586,-0.102636543997875,-0.102160630589937,-0.101253614825748,-0.101258298003177,-0.101099021021916,-0.10195677099925,-0.101814534264709,-0.101937782681485,-0.102971431082559,-0.103004256136245,-0.102942257627367,-0.102823445399085,-0.102722473281241,-0.102687682534819,-0.102612905203745,-0.102487829146408,-0.102415528988055,-0.102319561717973,-0.102228310841735,-0.102051677420125,-0.102043597772364,-0.101973699309127,-0.10191746080586,-0.101839868708818,-0.101767071239706,-0.10171582570588,-0.101668262959771,-0.10162121077977,-0.10158825684018,-0.101560440092475,-0.101504701871713,-0.101429132438788,-0.101381945953897,-0.101353583299618,-0.101318693988333,-0.101271544683672,-0.101239567753139,-0.101217952436897,-0.101197302126866,-0.101166127283437,-0.10111814872813,-0.101055425097842,-0.100929750535925,-0.100771231355662,-0.100758193446753,-0.100773682089409,-0.100769215782121,-0.100701341023835,-0.100607729070693,-0.100630238112212,-0.100713285366124,NaN,NaN,-0.100747520826723,-0.0982297711493678,-0.100596078313476,-0.10027869534341,-0.100691118401992,NaN,NaN,NaN,NaN,NaN,NaN,NaN,NaN,NaN,NaN,NaN,NaN,NaN,NaN,NaN,NaN,NaN,NaN,NaN,NaN,NaN,NaN,NaN,NaN,NaN,NaN,NaN,NaN,NaN,NaN,NaN,NaN,NaN,NaN,NaN,NaN,NaN,NaN,NaN,NaN,NaN,NaN,NaN,NaN,-0.0943104470250466,-0.0941416570456097,-0.0942368052774546,-0.094502776877821,-0.0947562988144763,-0.0949882557990049,-0.0951988978237866,-0.095323335115443,-0.095352462281702,-0.0953522631084557,-0.0953581030927083,-0.0953268996413991,NaN,NaN,NaN,NaN,NaN,NaN,NaN,NaN,NaN,NaN,NaN,NaN,NaN,NaN,NaN,NaN,NaN,NaN,NaN,NaN,NaN,NaN,NaN,NaN,NaN,NaN,NaN,NaN,NaN,NaN,NaN,NaN,NaN,NaN,NaN,NaN,NaN,NaN,NaN,NaN,NaN,NaN,NaN,NaN,NaN,NaN,NaN,NaN,NaN,NaN,NaN,NaN,NaN,NaN,NaN,NaN,NaN,NaN,NaN,NaN,NaN,NaN,NaN,NaN,NaN,NaN,NaN,NaN,NaN,NaN,NaN,NaN,NaN,NaN,NaN,NaN,NaN,NaN,NaN,NaN,NaN
NaN,NaN,NaN,NaN,NaN,NaN,NaN,NaN,NaN,NaN,NaN,NaN,NaN,NaN,NaN,NaN,NaN,NaN,NaN,NaN,NaN,NaN,NaN,NaN,NaN,NaN,NaN,NaN,NaN,NaN,NaN,NaN,NaN,NaN,NaN,NaN,NaN,-0.104421662932231,-0.104385973723775,-0.103785495963301,-0.103099639283758,-0.104222923461132,-0.10418635503156,-0.104137108060736,-0.103446604731992,-0.103920781483861,-0.103869076509822,-0.103827346245961,-0.103787879563797,-0.103726389387308,-0.102134150954941,-0.102279876223111,-0.101906311662463,-0.100326541623288,-0.100465193340534,-0.101431765073498,-0.102260188022732,-0.102084506628879,-0.103112196264314,-0.103037463496987,-0.10297426931288,-0.102885513759109,-0.102824524306782,-0.102741887699631,-0.102660604373748,-0.102535687498133,-0.102445011693215,-0.102350294640219,-0.102187955026905,-0.102163429557658,-0.102074930527956,-0.102024010505184,-0.101944457653575,-0.101855788822475,-0.101784614078034,-0.101740804897618,-0.101688335749254,-0.101630356395115,-0.101594353726175,-0.101573453534314,-0.101525029382829,-0.101448492390436,-0.101395459265396,-0.101351878287531,-0.101326213339238,-0.101298085935542,-0.101253704818483,-0.101214250671734,-0.101185276924407,-0.101152607628705,-0.101108699473924,-0.101031937512909,-0.100887452543997,-0.10067965420331,-0.100621002292132,-0.100647499405238,-0.10066033966383,-0.100610583858203,-0.100614441455728,-0.100674714729062,-0.100738648069876,-0.100790901222011,-0.100834768839543,-0.100857175705955,-0.10079284663834,-0.100721900690217,-0.100681665312447,-0.100655400568498,NaN,NaN,NaN,NaN,NaN,NaN,NaN,NaN,NaN,NaN,NaN,NaN,NaN,NaN,NaN,NaN,NaN,NaN,NaN,NaN,NaN,NaN,NaN,NaN,NaN,NaN,NaN,NaN,NaN,NaN,NaN,NaN,NaN,NaN,NaN,NaN,NaN,NaN,NaN,NaN,NaN,NaN,NaN,NaN,-0.0943648101611868,-0.0942559141441371,-0.0942150924473601,-0.0944401005969232,-0.0946981443249137,-0.0950543477216337,-0.095205218400326,-0.0953450698560053,-0.0954016732708456,-0.0954000397169176,-0.0953621621712196,NaN,NaN,NaN,NaN,NaN,NaN,NaN,NaN,NaN,NaN,NaN,NaN,NaN,NaN,NaN,NaN,NaN,NaN,NaN,NaN,NaN,NaN,NaN,NaN,NaN,NaN,NaN,NaN,NaN,NaN,NaN,NaN,NaN,NaN,NaN,NaN,NaN,NaN,NaN,NaN,NaN,NaN,NaN,NaN,NaN,NaN,NaN,NaN,NaN,NaN,NaN,NaN,NaN,NaN,NaN,NaN,NaN,NaN,NaN,NaN,NaN,NaN,NaN,NaN,NaN,NaN,NaN,NaN,NaN,NaN,NaN,NaN,NaN,NaN,NaN,NaN,NaN,NaN,NaN,NaN,NaN,NaN
NaN,NaN,NaN,NaN,NaN,NaN,NaN,NaN,NaN,NaN,NaN,NaN,NaN,NaN,NaN,NaN,NaN,NaN,NaN,NaN,NaN,NaN,NaN,NaN,NaN,NaN,NaN,NaN,NaN,NaN,NaN,NaN,NaN,NaN,NaN,NaN,NaN,NaN,-0.104363872238547,-0.104346016907396,-0.104301248238458,-0.104256564778365,-0.104187976852906,-0.103567523411312,-0.103445068245025,-0.103920293387285,-0.103892865253491,-0.103406918871143,-0.103624168405404,-0.102207872103056,-0.102279374357375,-0.101748492040976,-0.101640382405476,-0.100282398498798,-0.100572383544651,-0.100564360250784,-0.101832124930774,-0.102333657276137,-0.102924903142922,-0.103074063208399,-0.103000365690906,-0.101863835066612,-0.102737463993463,-0.102705576860458,-0.102715072026694,-0.102607284525211,-0.102063048271291,-0.101891487911239,-0.102245300968587,-0.102193564029625,-0.102138657503026,-0.102003975367514,-0.101917496395316,-0.101736880969049,-0.101813512809989,-0.101762430389456,-0.101685535652428,-0.101623499007677,-0.101620398430384,-0.101593487705872,-0.101383483561387,-0.101336536142488,-0.101281611210985,-0.101381339360758,-0.101345530594803,-0.101317968625209,-0.101159383731937,-0.101203426296309,-0.101186298806602,-0.101145155225674,-0.101094772173041,-0.101017851114925,-0.100862777120743,-0.100588347683829,-0.100476839554548,-0.100556929043257,-0.100597673608231,-0.100611087396944,-0.100661508068383,-0.100710282833546,-0.100760820190683,-0.10079159348711,-0.100820407485992,-0.100833266367247,-0.100835126994011,-0.100826435651695,-0.100759243984328,-0.0975422986554869,NaN,NaN,NaN,NaN,NaN,NaN,NaN,NaN,NaN,NaN,NaN,NaN,NaN,NaN,NaN,NaN,NaN,NaN,NaN,NaN,NaN,NaN,NaN,NaN,NaN,NaN,NaN,NaN,NaN,NaN,NaN,NaN,NaN,-0.091742966504807,-0.0971020562624274,NaN,NaN,NaN,NaN,NaN,NaN,NaN,-0.0947217699390297,-0.094688796844498,-0.0945534223078699,-0.0944631185177763,-0.0942787950774251,-0.0944042214279879,-0.0948246665702935,-0.0952484173854439,-0.0954280217568447,-0.0954877915799402,-0.0955096374032123,-0.0955173157792998,NaN,NaN,NaN,NaN,NaN,NaN,NaN,NaN,NaN,NaN,NaN,NaN,NaN,NaN,NaN,NaN,NaN,NaN,NaN,NaN,NaN,NaN,NaN,NaN,NaN,NaN,NaN,NaN,NaN,NaN,NaN,NaN,NaN,NaN,NaN,NaN,NaN,NaN,NaN,NaN,NaN,NaN,NaN,NaN,NaN,NaN,NaN,NaN,NaN,NaN,NaN,NaN,NaN,NaN,NaN,NaN,NaN,NaN,NaN,NaN,NaN,NaN,NaN,NaN,NaN,NaN,NaN,NaN,NaN,NaN,NaN,NaN,NaN,NaN,NaN,NaN,NaN,NaN,NaN,NaN,NaN,NaN,NaN
NaN,NaN,NaN,NaN,NaN,NaN,NaN,NaN,NaN,NaN,NaN,NaN,NaN,NaN,NaN,NaN,NaN,NaN,NaN,NaN,NaN,NaN,NaN,NaN,NaN,NaN,NaN,NaN,NaN,NaN,NaN,NaN,NaN,NaN,NaN,NaN,NaN,-0.102634150591396,-0.104380399058308,-0.104351768184778,-0.10431948091301,-0.104161253283295,-0.10072557520765,-0.103655915331747,NaN,-0.0985973684764985,-0.103904503227261,-0.0985764331837794,-0.0965784139201545,-0.0989939809855283,-0.100462749674739,-0.100495908400993,-0.100512026296559,-0.10151006285824,-0.100580944113801,-0.100649746943347,-0.101283402988328,-0.102815090142697,-0.101656562349048,-0.101615559922659,-0.102365489440309,-0.102295450259339,-0.102559336439903,-0.10280200976135,-0.102779903928076,-0.102682261278786,-0.100278510008804,-0.102167490589431,-0.102304873051196,-0.102250484610491,-0.102017731031734,-0.102050468904521,-0.101949983749973,-0.101152463443441,-0.10167801187054,-0.101588247817976,-0.101639914071294,-0.101413138926599,-0.101514185654331,-0.101475537274224,-0.101449675410017,-0.101329767179133,-0.101254757481616,-0.101265414161991,-0.101213676924983,-0.101151122078827,-0.0975335551874074,-0.101131307246219,-0.101086557514883,-0.101083595878649,-0.101120695559473,-0.101045615260109,-0.100940731798645,NaN,NaN,-0.100583904864542,-0.100624247157904,-0.100653187875417,-0.100678191094481,-0.100725641994335,-0.100756781718818,-0.100773897899638,-0.100799449653539,-0.10080716423814,-0.100806064491716,-0.100808824100926,-0.10080854851281,-0.100623102643753,NaN,NaN,NaN,NaN,NaN,NaN,NaN,NaN,NaN,NaN,NaN,NaN,NaN,NaN,NaN,NaN,NaN,NaN,NaN,NaN,NaN,NaN,NaN,NaN,NaN,NaN,NaN,NaN,NaN,NaN,NaN,NaN,NaN,-0.0971192774876384,-0.0983436181629085,-0.0983592511727104,NaN,NaN,NaN,NaN,NaN,-0.0947347595096735,-0.0947548422221634,-0.0947369097033322,-0.0947274157877875,-0.0947490086900216,-0.0947035333734651,-0.0947060627958943,-0.0950011898564523,-0.0953524920900777,-0.0955636410638674,-0.0955688337228478,-0.0955763015186623,-0.0955933084260952,NaN,NaN,NaN,NaN,NaN,NaN,NaN,NaN,NaN,NaN,NaN,NaN,NaN,NaN,NaN,NaN,NaN,NaN,NaN,NaN,NaN,NaN,NaN,NaN,NaN,NaN,NaN,NaN,NaN,NaN,NaN,NaN,NaN,NaN,NaN,NaN,NaN,NaN,NaN,NaN,NaN,NaN,NaN,NaN,NaN,NaN,NaN,NaN,NaN,NaN,NaN,NaN,NaN,NaN,NaN,NaN,NaN,NaN,NaN,NaN,NaN,NaN,NaN,NaN,NaN,NaN,NaN,NaN,NaN,NaN,NaN,NaN,NaN,NaN,NaN,NaN,NaN,NaN,NaN,NaN,NaN,NaN,NaN
NaN,NaN,NaN,NaN,NaN,NaN,NaN,NaN,NaN,NaN,NaN,NaN,NaN,NaN,NaN,NaN,NaN,NaN,NaN,NaN,NaN,NaN,NaN,NaN,NaN,NaN,NaN,NaN,NaN,NaN,NaN,NaN,NaN,NaN,NaN,NaN,-0.102651843897666,-0.104387629674935,-0.104365297425331,-0.104356871319053,-0.10419078834429,-0.104147560732249,-0.0966936225385666,-0.102463891182839,NaN,NaN,-0.0985999765074256,-0.0898770730884327,-0.0958768613052113,-0.097906290494317,-0.0999635378615441,-0.0996637949215211,-0.100274604461941,-0.10149687327098,-0.101584248388185,-0.101541405870532,-0.101112820917444,-0.102843811643548,-0.102751217821043,-0.102624760162216,-0.103111707842445,-0.102937950137062,-0.102894683102805,-0.102888569057556,-0.102834047133081,-0.102749764824288,-0.102091936576757,-0.101382914083345,-0.102283993029419,-0.102299878660722,-0.101408106844209,-0.100911271156699,-0.10188545095328,-0.101895757537498,-0.101793162668732,-0.101720422234322,-0.10168783682326,-0.101632967878142,-0.101544279752456,-0.101103104093183,-0.101469612656597,-0.101177446695459,-0.101219417984493,-0.101172481988475,-0.100988653389963,-0.101015397530491,-0.094864542382055,-0.100995684524635,-0.101179665472727,-0.101121417952233,-0.101212260210899,-0.100944983040021,NaN,NaN,NaN,-0.100629700707888,-0.100670941149056,-0.100689919338227,-0.100705772137235,-0.100720829208884,-0.100731672841434,-0.100763831141511,-0.100788690025953,-0.10078281020883,-0.100767807061227,-0.100765624242404,-0.100767702809189,-0.100741517973866,NaN,NaN,NaN,NaN,NaN,NaN,NaN,NaN,NaN,NaN,NaN,NaN,NaN,NaN,NaN,NaN,NaN,NaN,NaN,NaN,NaN,NaN,NaN,NaN,NaN,NaN,NaN,NaN,NaN,NaN,NaN,NaN,NaN,NaN,-0.0983469926476357,-0.0983750082906473,-0.0983889288822591,NaN,NaN,NaN,NaN,-0.0947779071094758,-0.0947224640088165,-0.094758824857478,-0.0949097768884078,-0.0950854274703354,-0.0951699982311191,-0.0951254208750518,-0.0952210642753104,-0.0953762923891363,-0.0955178307408227,-0.0955577844083188,-0.0955769757002965,NaN,NaN,NaN,NaN,NaN,NaN,NaN,NaN,NaN,NaN,NaN,NaN,NaN,NaN,NaN,NaN,NaN,NaN,NaN,NaN,NaN,NaN,NaN,NaN,NaN,NaN,NaN,NaN,NaN,NaN,NaN,NaN,NaN,NaN,NaN,NaN,NaN,NaN,NaN,NaN,NaN,NaN,NaN,NaN,NaN,NaN,NaN,NaN,NaN,NaN,NaN,NaN,NaN,NaN,NaN,NaN,NaN,NaN,NaN,NaN,NaN,NaN,NaN,NaN,NaN,NaN,NaN,NaN,NaN,NaN,NaN,NaN,NaN,NaN,NaN,NaN,NaN,NaN,NaN,NaN,NaN,NaN,NaN,NaN
NaN,NaN,NaN,NaN,NaN,NaN,NaN,NaN,NaN,NaN,NaN,NaN,NaN,NaN,NaN,NaN,NaN,NaN,NaN,NaN,NaN,NaN,NaN,NaN,NaN,NaN,NaN,NaN,NaN,NaN,NaN,NaN,NaN,NaN,NaN,-0.102684151994239,-0.104396711110242,-0.1043693089564,-0.104364194534314,-0.102606125579222,-0.0968725135185356,-0.0967412604338388,NaN,NaN,NaN,NaN,NaN,-0.095887885743521,-0.0966637909657818,-0.0958686785753783,-0.0975480182069405,-0.0976578252973206,-0.0985594451785681,-0.0992346286970755,-0.100809793654726,-0.101653702165781,-0.101526859860407,-0.101350233014883,-0.102524966024675,-0.102441797271916,-0.103134963755513,-0.103056020198024,-0.10299242407792,-0.102939911276684,-0.102786884223705,-0.102799040008217,-0.101399921719576,-0.102005611318124,-0.102091051641219,-0.102386413831539,-0.101712188467717,-0.101599238720249,-0.10205153173169,-0.101950888977575,-0.101831347239893,-0.101771795819301,-0.101656679154482,-0.101676855258672,-0.10161004793564,-0.100819189346309,-0.101509211028586,-0.101422441016777,-0.101221917511353,-0.100838605786337,-0.100916031057649,-0.101117226449055,-0.101033769934453,-0.101082059584402,-0.101217153575296,-0.101225629018609,-0.101202429398475,-0.0975125593412174,NaN,NaN,NaN,NaN,-0.100737340564042,-0.100730531477967,-0.100736519663649,-0.100740157325503,-0.100736935949059,-0.100772054332168,-0.100785162554144,-0.100753768926888,-0.100724439927005,-0.100721461123316,-0.100723484429733,-0.100703650534891,-0.100666647025738,NaN,NaN,NaN,NaN,NaN,NaN,NaN,NaN,NaN,NaN,NaN,NaN,NaN,NaN,NaN,NaN,NaN,NaN,NaN,NaN,NaN,NaN,NaN,NaN,NaN,NaN,NaN,NaN,NaN,NaN,NaN,NaN,NaN,-0.0983040873373446,-0.0983379255012524,-0.0983337322097437,NaN,-0.0968204358567128,-0.0969840723906163,-0.0968813237822378,NaN,-0.0945601981453112,-0.0948873097491725,-0.0951163437771734,-0.0953904713100449,-0.095500475951062,-0.0954629232946215,-0.0954206857925163,-0.095433461798892,-0.095476791354078,-0.0955218766809522,NaN,NaN,NaN,NaN,NaN,NaN,NaN,NaN,NaN,NaN,NaN,NaN,NaN,NaN,NaN,NaN,NaN,NaN,NaN,NaN,NaN,NaN,NaN,NaN,NaN,NaN,NaN,NaN,NaN,NaN,NaN,NaN,NaN,NaN,NaN,NaN,NaN,NaN,NaN,NaN,NaN,NaN,NaN,NaN,NaN,NaN,NaN,NaN,NaN,NaN,NaN,NaN,NaN,NaN,NaN,NaN,NaN,NaN,NaN,NaN,NaN,NaN,NaN,NaN,NaN,NaN,NaN,NaN,NaN,NaN,NaN,NaN,NaN,NaN,NaN,NaN,NaN,NaN,NaN,NaN,NaN,NaN,NaN,NaN,NaN
NaN,NaN,NaN,NaN,NaN,NaN,NaN,NaN,NaN,NaN,NaN,NaN,NaN,NaN,NaN,NaN,NaN,NaN,NaN,NaN,NaN,NaN,NaN,NaN,NaN,NaN,NaN,NaN,NaN,NaN,NaN,NaN,NaN,NaN,-0.0996424229738244,-0.104395788955376,-0.104368068162197,-0.104365786184068,-0.102615866115272,-0.0934594917371346,NaN,NaN,NaN,NaN,NaN,NaN,NaN,NaN,-0.0966723782181183,-0.0966469015582416,-0.0961946794825214,-0.0982893648675681,-0.0982583873850547,-0.0982347239387917,-0.100621214086191,-0.0963145313988203,-0.0999607345971775,-0.100232886490358,-0.101321087329254,-0.100950804647476,-0.101490971188868,-0.102248528275238,-0.10287071772141,-0.102512939805264,-0.102497042978446,-0.10210747431055,-0.102625551238296,-0.102605843005595,-0.102525626459545,-0.102429295796604,-0.102372216581232,-0.102317877112547,-0.0995493639172146,-0.0969056104336237,NaN,-0.0974096566561564,-0.100862194047624,-0.0965055128848959,NaN,NaN,NaN,-0.100398472470132,-0.101062388530688,-0.100751290335457,-0.100653494832176,-0.101016803158801,-0.100667030928665,-0.100725717365547,-0.101108928796955,-0.101329514856866,-0.101280361115747,NaN,NaN,NaN,NaN,NaN,-0.100787067702169,-0.100758119296173,-0.100751501703816,-0.100748219647786,-0.100751087561937,-0.10077054094649,-0.100753695652378,-0.100703104664001,-0.10068479486677,-0.100690262182491,-0.100688287809064,-0.1006797745199,-0.100664623185536,-0.10065393053122,-0.100543836982009,-0.0970076538060528,-0.0899951946193305,NaN,NaN,NaN,NaN,NaN,NaN,NaN,NaN,NaN,NaN,NaN,NaN,NaN,NaN,NaN,NaN,NaN,NaN,NaN,NaN,NaN,NaN,NaN,NaN,NaN,NaN,NaN,NaN,-0.0982675465966203,-0.0983071612504991,-0.0982531347953259,-0.0979459451888716,-0.0971620668813973,-0.0969306986982602,-0.0967840215511973,-0.0963549831930941,-0.0952331811541285,-0.0951050453035773,-0.0954046522235438,-0.0955235389600176,-0.0957292890346319,-0.0957479759477608,-0.095677027001708,-0.0955738979851387,-0.0954685503340061,-0.0954099503723301,NaN,NaN,NaN,NaN,NaN,NaN,NaN,NaN,NaN,NaN,NaN,NaN,NaN,NaN,NaN,NaN,NaN,NaN,NaN,NaN,NaN,NaN,NaN,NaN,NaN,NaN,NaN,NaN,NaN,NaN,NaN,NaN,NaN,NaN,NaN,NaN,NaN,NaN,NaN,NaN,NaN,NaN,NaN,NaN,NaN,NaN,NaN,NaN,NaN,NaN,NaN,NaN,NaN,NaN,NaN,NaN,NaN,NaN,NaN,NaN,NaN,NaN,NaN,NaN,NaN,NaN,NaN,NaN,NaN,NaN,NaN,NaN,NaN,NaN,NaN,NaN,NaN,NaN,NaN,NaN,NaN,NaN,NaN,NaN,NaN,NaN
NaN,NaN,NaN,NaN,NaN,NaN,NaN,NaN,NaN,NaN,NaN,NaN,NaN,NaN,NaN,NaN,NaN,NaN,NaN,NaN,NaN,NaN,NaN,NaN,NaN,NaN,NaN,NaN,NaN,NaN,NaN,NaN,NaN,NaN,-0.100423554538338,-0.104385507811554,-0.104350973879037,-0.104361751398042,NaN,NaN,NaN,NaN,NaN,NaN,NaN,NaN,NaN,NaN,-0.0966879181738309,-0.0966214200123378,-0.10085136087117,-0.100813455952711,-0.100785033677645,-0.100746720380973,-0.100715311991124,NaN,-0.0915163399445587,-0.0951645965079278,-0.101364206960406,-0.101317167168242,-0.100820681546038,-0.100871172466349,-0.101204346538197,-0.100990846048615,-0.100288323408209,-0.0999952162442329,-0.102736671912514,-0.102673279661046,-0.101678867563367,-0.100852342726603,-0.101973419508721,-0.102393697959983,NaN,NaN,NaN,NaN,-0.0938405053539185,-0.0892762900390297,NaN,NaN,NaN,-0.0932879182916588,-0.098457328923423,-0.0996375038784164,-0.100442440595604,-0.100286150677927,-0.100824147782337,-0.101275094837139,-0.101230777350446,-0.10142854468315,-0.0980599756087923,NaN,NaN,NaN,NaN,NaN,-0.100809256216442,-0.100775453248675,-0.10076155259011,-0.10075158614369,-0.100749978481698,-0.100744735508797,-0.100700008661913,-0.100649463897656,-0.100653798879548,-0.100671357355395,-0.100661986795569,-0.10065030701602,-0.100638073572755,-0.100634931953256,-0.100631783034327,-0.100435891121627,-0.0963026352443583,NaN,NaN,NaN,NaN,NaN,NaN,NaN,NaN,NaN,NaN,NaN,NaN,NaN,NaN,NaN,NaN,NaN,NaN,NaN,NaN,NaN,NaN,NaN,NaN,NaN,NaN,NaN,NaN,-0.0981452390404938,-0.0982278112419092,-0.0980200394234716,-0.097498654496888,-0.097013781855289,-0.0968357258489088,-0.0966059232323167,-0.0963368086790593,-0.0959790763342913,-0.0957930689737801,-0.0959826534646881,-0.0961342745882902,-0.0960893569794957,-0.0959973757918545,-0.0958679811051864,-0.0957592846799285,-0.0956531540383569,NaN,NaN,NaN,NaN,NaN,NaN,NaN,NaN,NaN,NaN,NaN,NaN,NaN,NaN,NaN,NaN,NaN,NaN,NaN,NaN,NaN,NaN,NaN,NaN,NaN,NaN,NaN,NaN,NaN,NaN,NaN,NaN,NaN,NaN,NaN,NaN,NaN,NaN,NaN,NaN,NaN,NaN,NaN,NaN,NaN,NaN,NaN,NaN,NaN,NaN,NaN,NaN,NaN,NaN,NaN,NaN,NaN,NaN,NaN,NaN,NaN,NaN,NaN,NaN,NaN,NaN,NaN,NaN,NaN,NaN,NaN,NaN,NaN,NaN,NaN,NaN,NaN,NaN,NaN,NaN,NaN,NaN,NaN,NaN,NaN,NaN,NaN
NaN,NaN,NaN,NaN,NaN,NaN,NaN,NaN,NaN,NaN,NaN,NaN,NaN,NaN,NaN,NaN,NaN,NaN,NaN,NaN,NaN,NaN,NaN,NaN,NaN,NaN,NaN,NaN,NaN,NaN,NaN,NaN,NaN,NaN,-0.0933402221418812,-0.102566320858452,-0.10431442325176,NaN,NaN,NaN,NaN,NaN,NaN,NaN,NaN,NaN,NaN,NaN,-0.0890044444609142,-0.0885070042035432,-0.0927706462916254,-0.0982887191546666,-0.0982726953058719,-0.0982616078876148,-0.098253021960038,-0.0897058935144655,-0.0846371391234455,-0.089463388993467,-0.0974913332193123,-0.101328642251128,-0.0998718041828378,-0.100811803523802,-0.10080818813253,-0.102057958571393,-0.101025350273887,-0.100317362426915,-0.102041161860638,-0.0989131101950577,-0.0942017199077847,-0.0931610816411343,-0.0949642778030905,-0.0971610460342121,NaN,NaN,NaN,NaN,NaN,NaN,NaN,NaN,NaN,-0.0864606047733666,-0.0910558064350547,-0.0950479929693926,-0.0983093280866327,-0.0991153148767266,-0.0996639533605831,-0.101347117911099,-0.101342368250612,-0.100275263670625,NaN,NaN,NaN,NaN,NaN,NaN,-0.100678051927097,-0.100798516680867,-0.100778734821948,-0.100760174422426,-0.100739580405736,-0.100699810723089,-0.100642971091187,-0.100633004797927,-0.100645039811766,-0.10063787503031,-0.100623619138569,-0.100617210136711,-0.100611611550455,-0.100604283924198,-0.100601141070549,-0.100533051984596,-0.100430587148055,NaN,NaN,NaN,NaN,NaN,NaN,NaN,NaN,NaN,NaN,NaN,NaN,NaN,NaN,NaN,NaN,NaN,NaN,NaN,NaN,NaN,NaN,NaN,NaN,NaN,-0.0988047361217513,-0.0988121763791047,-0.0985707117961083,-0.098148168373536,-0.0979557880994175,-0.0975923473343377,-0.096998488895777,-0.096520923410413,-0.0965336157479255,-0.0965870438448344,-0.0965036439223864,-0.0964118048809245,-0.0962808243154068,-0.096261479693702,-0.0964214749769579,-0.0963611863922087,-0.0962687533610731,-0.0961665048749746,-0.0960523487665612,-0.095893077438617,NaN,NaN,NaN,NaN,NaN,NaN,NaN,NaN,NaN,NaN,NaN,NaN,NaN,NaN,NaN,NaN,NaN,NaN,NaN,NaN,NaN,NaN,NaN,NaN,NaN,NaN,NaN,NaN,NaN,NaN,NaN,NaN,NaN,NaN,NaN,NaN,NaN,NaN,NaN,NaN,NaN,NaN,NaN,NaN,NaN,NaN,NaN,NaN,NaN,NaN,NaN,NaN,NaN,NaN,NaN,NaN,NaN,NaN,NaN,NaN,NaN,NaN,NaN,NaN,NaN,NaN,NaN,NaN,NaN,NaN,NaN,NaN,NaN,NaN,NaN,NaN,NaN,NaN,NaN,NaN,NaN,NaN,NaN,NaN,NaN,NaN,NaN
NaN,NaN,NaN,NaN,NaN,NaN,NaN,NaN,NaN,NaN,NaN,NaN,NaN,NaN,NaN,NaN,NaN,NaN,NaN,NaN,NaN,NaN,NaN,NaN,NaN,NaN,NaN,NaN,NaN,NaN,NaN,NaN,NaN,NaN,NaN,-0.10272103395575,-0.100458421637545,NaN,NaN,NaN,NaN,NaN,NaN,NaN,NaN,NaN,NaN,NaN,-0.0824974486024137,-0.0821081627921338,-0.085536683074488,NaN,NaN,-0.0897051631858607,-0.0897055925262234,NaN,NaN,NaN,NaN,NaN,-0.102333109398794,-0.102300882415159,-0.102270651250984,-0.102235436420784,-0.100387588921121,-0.101265062528973,-0.102122834558789,NaN,-0.0942921629589079,-0.0872616079875208,NaN,NaN,NaN,NaN,NaN,NaN,NaN,NaN,NaN,NaN,NaN,NaN,NaN,-0.0880640060611625,-0.0908860859623935,-0.095964346422123,-0.0974564949938633,-0.0983204758913219,-0.100038100778647,-0.100441574554364,-0.100507132348998,-0.096948224067008,-0.089455578585214,-0.0895251585135553,NaN,NaN,-0.100131319235424,-0.100670158098275,-0.100800258760359,-0.100773090195825,-0.100729892421655,-0.100674717455864,-0.100636927450926,-0.100630315667423,-0.100625150571151,-0.100599334313745,-0.10058446804795,-0.100584366191318,-0.100585778185039,-0.100577512307929,-0.100565972911723,-0.10055234776107,-0.100387803469992,NaN,NaN,NaN,NaN,NaN,NaN,NaN,NaN,NaN,NaN,NaN,NaN,NaN,NaN,NaN,NaN,NaN,NaN,NaN,NaN,NaN,NaN,NaN,NaN,NaN,-0.0987976574391781,-0.0987775179917448,-0.0986793284310845,-0.0982523251397065,-0.0977220885146507,-0.097062945045765,-0.0962993583862137,-0.096021488263899,-0.0962632738551527,-0.0965150886148106,-0.096565559114016,-0.0966190910654649,-0.0966184858808875,-0.096518698817034,-0.0965383630217925,-0.0965267219322281,-0.0964734738561615,-0.0964182643005141,-0.0963501508044079,NaN,NaN,NaN,NaN,NaN,NaN,NaN,NaN,NaN,NaN,NaN,NaN,NaN,NaN,NaN,NaN,NaN,NaN,NaN,NaN,NaN,NaN,NaN,NaN,NaN,NaN,NaN,NaN,NaN,NaN,NaN,NaN,NaN,NaN,NaN,NaN,NaN,NaN,NaN,NaN,NaN,NaN,NaN,NaN,NaN,NaN,NaN,NaN,NaN,NaN,NaN,NaN,NaN,NaN,NaN,NaN,NaN,NaN,NaN,NaN,NaN,NaN,NaN,NaN,NaN,NaN,NaN,NaN,NaN,NaN,NaN,NaN,NaN,NaN,NaN,NaN,NaN,NaN,NaN,NaN,NaN,NaN,NaN,NaN,NaN,NaN,NaN,NaN
NaN,NaN,NaN,NaN,NaN,NaN,NaN,NaN,NaN,NaN,NaN,NaN,NaN,NaN,NaN,NaN,NaN,NaN,NaN,NaN,NaN,NaN,NaN,NaN,NaN,NaN,NaN,NaN,NaN,NaN,NaN,NaN,NaN,NaN,NaN,-0.102745873949338,NaN,NaN,NaN,NaN,NaN,NaN,NaN,NaN,NaN,NaN,NaN,-0.0741801069603648,-0.0775932897320078,-0.07732493856379,-0.0798142225129614,NaN,NaN,NaN,NaN,NaN,NaN,NaN,NaN,NaN,-0.0976969928164034,-0.102321069070754,-0.102289956511737,-0.102260351031093,-0.102232956496319,-0.102197511199986,-0.102156111075151,-0.0971281197232724,-0.0893152722869043,NaN,NaN,NaN,NaN,NaN,NaN,NaN,NaN,NaN,NaN,NaN,NaN,NaN,NaN,NaN,NaN,-0.0887948665311414,-0.0900469482535305,-0.096804333267852,-0.0982030555094972,-0.099450602848006,-0.0998353010049716,-0.0966359570253656,-0.0966820919987435,-0.0966903598037472,NaN,NaN,-0.0937204904677764,-0.0980018815142043,-0.100668768343737,-0.100786104046502,-0.100731021638044,-0.100673112400927,-0.100639461327594,-0.100619956724183,-0.1005944992889,-0.100568251331717,-0.100557021813194,-0.100555578856752,-0.100553373709638,-0.100542088006734,-0.10052395034044,-0.100495601172853,-0.100424116773453,NaN,NaN,NaN,NaN,NaN,NaN,NaN,NaN,NaN,NaN,NaN,NaN,NaN,NaN,NaN,NaN,NaN,NaN,NaN,NaN,NaN,NaN,NaN,NaN,NaN,-0.0984976041644478,-0.0985543287599063,-0.0985639887568331,-0.0983092324229958,-0.097631350633724,-0.0966942118305464,-0.0956791877361945,-0.0954819350670305,-0.0961409527189785,-0.096551528633129,-0.0966808064657502,-0.096695631389221,-0.0966975928236031,-0.0966874081539151,-0.0966646337847953,-0.0966345467097935,-0.0965873859693628,-0.0965430317934793,-0.0965126246639524,NaN,NaN,NaN,NaN,NaN,NaN,NaN,NaN,NaN,NaN,NaN,NaN,NaN,NaN,NaN,NaN,NaN,NaN,NaN,NaN,NaN,NaN,NaN,NaN,NaN,NaN,NaN,NaN,NaN,NaN,NaN,NaN,NaN,NaN,NaN,NaN,NaN,NaN,NaN,NaN,NaN,NaN,NaN,NaN,NaN,NaN,NaN,NaN,NaN,NaN,NaN,NaN,NaN,NaN,NaN,NaN,NaN,NaN,NaN,NaN,NaN,NaN,NaN,NaN,NaN,NaN,NaN,NaN,NaN,NaN,NaN,NaN,NaN,NaN,NaN,NaN,NaN,NaN,NaN,NaN,NaN,NaN,NaN,NaN,NaN,NaN,NaN,NaN
NaN,NaN,NaN,NaN,NaN,NaN,NaN,NaN,NaN,NaN,NaN,NaN,NaN,NaN,NaN,NaN,NaN,NaN,NaN,NaN,NaN,NaN,NaN,NaN,NaN,NaN,NaN,NaN,NaN,NaN,NaN,NaN,NaN,NaN,NaN,-0.102856014773654,-0.094464894262959,NaN,NaN,NaN,NaN,NaN,NaN,NaN,NaN,NaN,NaN,-0.0717425198479881,-0.0741785221794549,NaN,NaN,NaN,NaN,NaN,NaN,NaN,NaN,NaN,NaN,NaN,-0.0896613911817966,-0.096567688678004,-0.0976770844250217,-0.0976645636747077,-0.102257725756394,NaN,NaN,NaN,NaN,NaN,NaN,NaN,NaN,NaN,NaN,NaN,NaN,NaN,NaN,NaN,NaN,NaN,NaN,NaN,NaN,NaN,-0.0881382519893763,-0.0953226720325176,-0.095862715392719,-0.0987116530692131,-0.0979202831724714,-0.0960093777897948,-0.09671428286136,-0.0967131862624777,NaN,NaN,-0.0871292119724283,-0.0909939127701699,-0.097996055430676,-0.100644627138484,-0.100729990202242,-0.100668490157809,-0.100631211171286,-0.100603363690751,-0.100572514532186,-0.100546702954867,-0.100528879914721,-0.100523059636129,-0.100519497198618,-0.100502271878879,-0.100473844638186,-0.100431818253227,-0.100363440902195,-0.100329470336989,NaN,NaN,NaN,NaN,NaN,NaN,NaN,NaN,NaN,NaN,NaN,NaN,NaN,NaN,NaN,NaN,NaN,NaN,NaN,NaN,NaN,NaN,-0.0987496770480708,-0.0985783534665722,-0.0983662731608003,-0.098242986895003,-0.0981064180745457,-0.0979876960642468,-0.0974137352880386,-0.096292974131401,-0.0950673437116832,-0.0949827521916161,-0.0961788563806884,-0.0966103317252192,-0.0967798550631281,-0.0968109714685026,-0.0967562666897373,-0.0967380297112041,-0.096725221972101,-0.0966906311301741,-0.0966411618704457,-0.0966014192087292,-0.0965439069900559,NaN,NaN,NaN,NaN,NaN,NaN,NaN,NaN,NaN,NaN,NaN,NaN,NaN,NaN,NaN,NaN,NaN,NaN,NaN,NaN,NaN,NaN,NaN,NaN,NaN,NaN,NaN,NaN,NaN,NaN,NaN,NaN,NaN,NaN,NaN,NaN,NaN,NaN,NaN,NaN,NaN,NaN,NaN,NaN,NaN,NaN,NaN,NaN,NaN,NaN,NaN,NaN,NaN,NaN,NaN,NaN,NaN,NaN,NaN,NaN,NaN,NaN,NaN,NaN,NaN,NaN,NaN,NaN,NaN,NaN,NaN,NaN,NaN,NaN,NaN,NaN,NaN,NaN,NaN,NaN,NaN,NaN,NaN,NaN,NaN,NaN,NaN,NaN
NaN,NaN,NaN,NaN,NaN,NaN,NaN,NaN,NaN,NaN,NaN,NaN,NaN,NaN,NaN,NaN,NaN,NaN,NaN,NaN,NaN,NaN,NaN,NaN,NaN,NaN,NaN,NaN,NaN,NaN,NaN,NaN,NaN,NaN,NaN,-0.0944939975360278,-0.0945183325076299,NaN,NaN,NaN,NaN,NaN,NaN,NaN,NaN,NaN,NaN,NaN,NaN,NaN,NaN,NaN,NaN,NaN,NaN,NaN,NaN,NaN,NaN,NaN,NaN,NaN,NaN,NaN,NaN,NaN,NaN,NaN,NaN,NaN,NaN,NaN,NaN,NaN,NaN,NaN,NaN,NaN,NaN,NaN,NaN,NaN,NaN,NaN,NaN,NaN,NaN,NaN,-0.0967318912095999,-0.0961360753916087,-0.0957579509383304,-0.0967398162228596,-0.0967416966674732,-0.0967393756938866,NaN,-0.0773564688612147,-0.0814991953927972,-0.0847833453968095,-0.0909721526423788,-0.0961032324554252,-0.100505380239879,-0.100654749489126,-0.100621033515218,-0.100588279867305,-0.100556290299331,-0.100525404895498,-0.100500585543902,-0.100494284708111,-0.100484769143093,-0.100460968652682,-0.100427944519634,-0.100390901380777,-0.100355837515263,-0.100362227523481,-0.100378863851098,NaN,NaN,NaN,NaN,NaN,NaN,NaN,NaN,NaN,NaN,NaN,NaN,NaN,NaN,-0.0921215224567733,-0.0954026874254295,-0.0981932631246511,-0.0993552197040362,-0.099315488023564,-0.099251282497011,-0.0991285343853726,-0.0989203721830246,-0.0988792722106353,-0.0986320707407982,-0.0983213727475716,-0.0980733425306695,-0.0977858115698684,-0.0972533643230839,-0.0962555168381144,NaN,NaN,-0.096689119776015,-0.0968154726616914,-0.0968456796573175,-0.0968610986408984,-0.0968313497917942,-0.0967776707173663,-0.0967335763921404,-0.0966958311660074,-0.0966664861436782,-0.0966425533368601,-0.096408866354261,NaN,NaN,NaN,NaN,NaN,NaN,NaN,NaN,NaN,NaN,NaN,NaN,NaN,NaN,NaN,NaN,NaN,NaN,NaN,NaN,NaN,NaN,NaN,NaN,NaN,NaN,NaN,NaN,NaN,NaN,NaN,NaN,NaN,NaN,NaN,NaN,NaN,NaN,NaN,NaN,NaN,NaN,NaN,NaN,NaN,NaN,NaN,NaN,NaN,NaN,NaN,NaN,NaN,NaN,NaN,NaN,NaN,NaN,NaN,NaN,NaN,NaN,NaN,NaN,NaN,NaN,NaN,NaN,NaN,NaN,NaN,NaN,NaN,NaN,NaN,NaN,NaN,NaN,NaN,NaN,NaN,NaN,NaN,NaN,NaN,NaN,NaN,NaN
NaN,NaN,NaN,NaN,NaN,NaN,NaN,NaN,NaN,NaN,NaN,NaN,NaN,NaN,NaN,NaN,NaN,NaN,NaN,NaN,NaN,NaN,NaN,NaN,NaN,NaN,NaN,NaN,NaN,NaN,NaN,NaN,NaN,NaN,NaN,-0.0946294384141267,-0.0928071888745662,NaN,NaN,NaN,NaN,NaN,NaN,NaN,NaN,NaN,NaN,NaN,NaN,NaN,NaN,NaN,NaN,NaN,NaN,NaN,NaN,NaN,NaN,NaN,NaN,NaN,NaN,NaN,NaN,NaN,NaN,NaN,NaN,NaN,NaN,NaN,NaN,NaN,NaN,NaN,NaN,NaN,NaN,NaN,NaN,NaN,NaN,NaN,NaN,NaN,NaN,NaN,-0.0968041533637365,-0.0942213430772237,-0.0967675222141988,-0.0967764425269002,-0.0967622133480753,NaN,NaN,-0.0743074907571675,-0.0773579493875547,NaN,NaN,-0.0917345289185882,-0.0987532964944608,-0.100618667511711,-0.100593400133646,-0.100575046078372,-0.100539091359683,-0.100505860251901,-0.1004790046015,-0.100457524575398,-0.100437765146766,-0.100422246697244,-0.10039454660834,-0.100365712383298,-0.100356559392202,-0.100378036855546,-0.100389223153187,-0.100392277226841,NaN,NaN,NaN,NaN,NaN,NaN,NaN,NaN,NaN,NaN,NaN,-0.0991474450767359,-0.0991147069678721,-0.0983881852596187,-0.0992491560747548,-0.0993083743223079,-0.0993394994902123,-0.0992961577875075,-0.0992366616361046,-0.0991480163091991,-0.0989447417761682,-0.0990223577880959,-0.0989519719577877,-0.09862730329827,-0.0984071639561948,-0.0981952610025756,-0.0978952468774216,NaN,NaN,NaN,NaN,-0.0968862675843381,-0.0968609996311808,-0.0968406853708844,-0.0968243501059055,-0.0967727736050039,-0.0967286348157347,-0.0966989389449282,-0.0966826554214671,-0.096604769526038,-0.094848802180811,NaN,NaN,NaN,NaN,NaN,NaN,NaN,NaN,NaN,NaN,NaN,NaN,NaN,NaN,NaN,NaN,NaN,NaN,NaN,NaN,NaN,NaN,NaN,NaN,NaN,NaN,NaN,NaN,NaN,NaN,NaN,NaN,NaN,NaN,NaN,NaN,NaN,NaN,NaN,NaN,NaN,NaN,NaN,NaN,NaN,NaN,NaN,NaN,NaN,NaN,NaN,NaN,NaN,NaN,NaN,NaN,NaN,NaN,NaN,NaN,NaN,NaN,NaN,NaN,NaN,NaN,NaN,NaN,NaN,NaN,NaN,NaN,NaN,NaN,NaN,NaN,NaN,NaN,NaN,NaN,NaN,NaN,NaN,NaN,NaN,NaN,NaN,NaN
NaN,NaN,NaN,NaN,NaN,NaN,NaN,NaN,NaN,NaN,NaN,NaN,NaN,NaN,NaN,NaN,NaN,NaN,NaN,NaN,NaN,NaN,NaN,NaN,NaN,NaN,NaN,NaN,NaN,NaN,NaN,NaN,NaN,NaN,NaN,-0.0946481518613634,NaN,NaN,NaN,NaN,NaN,NaN,NaN,NaN,NaN,NaN,NaN,NaN,NaN,NaN,NaN,NaN,NaN,NaN,NaN,NaN,NaN,NaN,NaN,NaN,NaN,NaN,NaN,NaN,NaN,NaN,NaN,NaN,NaN,NaN,NaN,NaN,NaN,NaN,NaN,NaN,NaN,NaN,NaN,NaN,NaN,NaN,NaN,NaN,NaN,NaN,NaN,NaN,-0.0968209715343807,-0.0968052420418791,-0.0967938890391011,NaN,NaN,NaN,NaN,-0.0720940599987333,-0.0743123756524265,NaN,NaN,NaN,-0.093327908912866,-0.099831082985243,-0.10046507966622,-0.100564495144921,-0.100522824198961,-0.100485830125001,-0.100450112126916,-0.100420675707405,-0.100405120753654,-0.100390125832263,-0.100364997019799,-0.100340515871752,-0.100366210486378,-0.100393736418466,-0.100392051732337,-0.100372925029023,NaN,NaN,NaN,NaN,NaN,NaN,NaN,NaN,NaN,NaN,NaN,-0.0957748444693664,-0.0990671298334851,-0.0990291192588122,-0.0992333326024103,-0.0993490036293235,-0.0993259984526668,-0.0992936117020006,-0.0992398407384786,-0.0991535747538899,-0.0988575897459344,-0.0988355743580453,-0.0989356615046023,-0.098838972859661,-0.0987245419040274,-0.0986072503409466,-0.0985198628330215,NaN,NaN,NaN,NaN,-0.0968798849726435,-0.0968510828304918,-0.0968235244356589,-0.0968045224020117,-0.0967683654198943,-0.0967622351497609,-0.0967509358865367,-0.0967364205812347,-0.0965894341729807,-0.0966071191312265,NaN,NaN,NaN,NaN,NaN,NaN,NaN,NaN,NaN,NaN,NaN,NaN,NaN,NaN,NaN,NaN,NaN,NaN,NaN,NaN,NaN,NaN,NaN,NaN,NaN,NaN,NaN,NaN,NaN,NaN,NaN,NaN,NaN,NaN,NaN,NaN,NaN,NaN,NaN,NaN,NaN,NaN,NaN,NaN,NaN,NaN,NaN,NaN,NaN,NaN,NaN,NaN,NaN,NaN,NaN,NaN,NaN,NaN,NaN,NaN,NaN,NaN,NaN,NaN,NaN,NaN,NaN,NaN,NaN,NaN,NaN,NaN,NaN,NaN,NaN,NaN,NaN,NaN,NaN,NaN,NaN,NaN,NaN,NaN,NaN,NaN,NaN,NaN
NaN,NaN,NaN,NaN,NaN,NaN,NaN,NaN,NaN,NaN,NaN,NaN,NaN,NaN,NaN,NaN,NaN,NaN,NaN,NaN,NaN,NaN,NaN,NaN,NaN,NaN,NaN,NaN,NaN,NaN,NaN,NaN,NaN,NaN,NaN,-0.0946693025194934,NaN,NaN,NaN,NaN,NaN,NaN,NaN,NaN,NaN,NaN,NaN,NaN,NaN,NaN,NaN,NaN,NaN,NaN,NaN,NaN,NaN,NaN,NaN,NaN,NaN,NaN,NaN,NaN,NaN,NaN,NaN,NaN,NaN,NaN,NaN,NaN,NaN,NaN,NaN,NaN,NaN,NaN,NaN,NaN,NaN,NaN,NaN,NaN,NaN,NaN,NaN,NaN,-0.0921573033271194,NaN,NaN,NaN,NaN,NaN,NaN,NaN,NaN,NaN,NaN,NaN,-0.0899102901934124,-0.0969195262038177,-0.100356074464701,-0.100274852207159,-0.100509452222092,-0.10046310191673,-0.100424484723226,-0.100396805717426,-0.100378446687014,-0.10036132549237,-0.1003425843821,-0.10034250425725,-0.100384613508457,-0.100403745212397,-0.100392672950525,-0.100375642479377,-0.100362492984741,NaN,NaN,NaN,NaN,NaN,NaN,NaN,NaN,NaN,NaN,-0.0918484596955686,-0.0982338649898157,-0.0991862775641364,-0.0993402817818496,-0.0993270442329318,-0.0993040787240882,-0.0992846362981397,-0.0992481187754737,-0.0991857552618292,-0.0989957689850591,-0.0988099981640896,-0.0988921367986912,-0.0989001208810425,-0.0988495121781541,-0.0988080462896306,-0.0987699590067805,NaN,NaN,NaN,NaN,-0.0968926809093216,-0.0968799475403888,-0.0968675843586913,-0.096848620659056,-0.0968279584789708,-0.0968118389214028,-0.096802174328593,-0.0968012756071737,-0.0966537408752393,-0.0963518043073469,NaN,NaN,NaN,NaN,NaN,NaN,NaN,NaN,NaN,NaN,NaN,NaN,NaN,NaN,NaN,NaN,NaN,NaN,NaN,NaN,NaN,NaN,NaN,NaN,NaN,NaN,NaN,NaN,NaN,NaN,NaN,NaN,NaN,NaN,NaN,NaN,NaN,NaN,NaN,NaN,NaN,NaN,NaN,NaN,NaN,NaN,NaN,NaN,NaN,NaN,NaN,NaN,NaN,NaN,NaN,NaN,NaN,NaN,NaN,NaN,NaN,NaN,NaN,NaN,NaN,NaN,NaN,NaN,NaN,NaN,NaN,NaN,NaN,NaN,NaN,NaN,NaN,NaN,NaN,NaN,NaN,NaN,NaN,NaN,NaN,NaN,NaN,NaN
NaN,NaN,NaN,NaN,NaN,NaN,NaN,NaN,NaN,NaN,NaN,NaN,NaN,NaN,NaN,NaN,NaN,NaN,NaN,NaN,NaN,NaN,NaN,NaN,NaN,NaN,NaN,NaN,NaN,NaN,NaN,NaN,NaN,NaN,-0.0947482884327592,-0.0947047061374232,NaN,NaN,NaN,NaN,NaN,NaN,NaN,NaN,NaN,NaN,NaN,NaN,NaN,NaN,NaN,NaN,NaN,NaN,NaN,NaN,NaN,NaN,NaN,NaN,NaN,NaN,NaN,NaN,NaN,NaN,NaN,NaN,NaN,NaN,NaN,NaN,NaN,NaN,NaN,NaN,NaN,NaN,NaN,NaN,NaN,NaN,NaN,NaN,NaN,NaN,NaN,NaN,-0.0854264609837979,NaN,NaN,NaN,NaN,NaN,NaN,NaN,NaN,NaN,NaN,NaN,-0.0914567305342613,-0.0984755172056589,-0.0995285990534897,-0.0997988918237579,-0.10001111845473,-0.100439526509153,-0.100399525465547,-0.100373084582499,-0.100354868717581,-0.100341781247308,-0.100331304106897,-0.100341085301949,-0.100375854591826,-0.10039708403563,-0.100393648788763,-0.10038231155117,-0.100367754208669,-0.100363640953929,NaN,NaN,NaN,NaN,NaN,NaN,NaN,NaN,NaN,-0.0933852838430657,-0.0988882844644259,-0.099332373522234,-0.0993174039430609,-0.0992992550480476,-0.0992858270267203,-0.0992706186575267,-0.0992339260855325,-0.0992032899946902,-0.0991140265888685,-0.0990026568831831,-0.0989719903177574,-0.0989516591183041,-0.098913647842066,-0.0988855149565465,-0.0988724985838543,NaN,NaN,NaN,NaN,-0.0969240155999606,-0.0969296060440374,-0.0969281478053089,-0.0969092320601913,-0.0968898875911867,-0.0968589200543268,-0.0968603148243494,-0.0967616056344943,-0.0967253104312119,-0.0940755453952102,NaN,NaN,NaN,NaN,NaN,NaN,NaN,NaN,NaN,NaN,NaN,NaN,NaN,NaN,NaN,NaN,NaN,NaN,NaN,NaN,NaN,NaN,NaN,NaN,NaN,NaN,NaN,NaN,NaN,NaN,NaN,NaN,NaN,NaN,NaN,NaN,NaN,NaN,NaN,NaN,NaN,NaN,NaN,NaN,NaN,NaN,NaN,NaN,NaN,NaN,NaN,NaN,NaN,NaN,NaN,NaN,NaN,NaN,NaN,NaN,NaN,NaN,NaN,NaN,NaN,NaN,NaN,NaN,NaN,NaN,NaN,NaN,NaN,NaN,NaN,NaN,NaN,NaN,NaN,NaN,NaN,NaN,NaN,NaN,NaN,NaN,NaN,NaN
NaN,NaN,NaN,NaN,NaN,NaN,NaN,NaN,NaN,NaN,NaN,NaN,NaN,NaN,NaN,NaN,NaN,NaN,NaN,NaN,NaN,NaN,NaN,NaN,NaN,NaN,NaN,NaN,NaN,NaN,NaN,NaN,NaN,NaN,-0.0947031243114049,-0.0946800774205097,NaN,NaN,NaN,NaN,NaN,NaN,NaN,NaN,NaN,NaN,NaN,NaN,NaN,NaN,NaN,NaN,NaN,NaN,NaN,NaN,NaN,NaN,NaN,NaN,NaN,NaN,NaN,NaN,NaN,NaN,NaN,NaN,NaN,NaN,NaN,NaN,NaN,NaN,NaN,NaN,NaN,NaN,NaN,NaN,NaN,NaN,NaN,NaN,NaN,NaN,NaN,-0.0760502506225827,-0.0800298977489854,NaN,NaN,NaN,NaN,NaN,NaN,NaN,NaN,NaN,NaN,NaN,-0.0852501435119153,-0.0914837120811524,-0.098490727739052,-0.0992297547601609,-0.099627386780346,-0.100269941568721,-0.100380197778625,-0.100352537109773,-0.100335178798248,-0.100322714067397,-0.100313728426446,-0.100318601801539,-0.100344925917155,-0.100369161707287,-0.100379274128296,-0.100378049360843,-0.100369751199606,-0.100364360735354,-0.100361957786343,NaN,NaN,NaN,NaN,NaN,NaN,NaN,NaN,-0.0983049963726891,-0.0993473296573759,-0.0993238741496203,-0.0993031657581619,-0.0992838748247934,-0.0992757221289658,-0.0992565924071561,-0.0992056046614614,-0.0992039797068792,-0.0991194469547672,-0.0990670548535439,-0.0990426473047803,-0.0990002769456837,-0.098957047805518,-0.0989336871022791,-0.0989278259706286,NaN,NaN,NaN,NaN,-0.0969533112814236,-0.0969785190375175,-0.0969773098625832,-0.0969586609971257,-0.0969514268514233,-0.0969390954259064,-0.0969408476576921,-0.0968770687725709,-0.0968296765681752,-0.0968731936885303,-0.0941828569452926,NaN,NaN,NaN,NaN,NaN,NaN,NaN,NaN,NaN,NaN,NaN,NaN,NaN,NaN,NaN,NaN,NaN,NaN,NaN,NaN,NaN,NaN,NaN,NaN,NaN,NaN,NaN,NaN,NaN,NaN,NaN,NaN,NaN,NaN,NaN,NaN,NaN,NaN,NaN,NaN,NaN,NaN,NaN,NaN,NaN,NaN,NaN,NaN,NaN,NaN,NaN,NaN,NaN,NaN,NaN,NaN,NaN,NaN,NaN,NaN,NaN,NaN,NaN,NaN,NaN,NaN,NaN,NaN,NaN,NaN,NaN,NaN,NaN,NaN,NaN,NaN,NaN,NaN,NaN,NaN,NaN,NaN,NaN,NaN,NaN,NaN,NaN
NaN,NaN,NaN,NaN,NaN,NaN,NaN,NaN,NaN,NaN,NaN,NaN,NaN,NaN,NaN,NaN,NaN,NaN,NaN,NaN,NaN,NaN,NaN,NaN,NaN,NaN,NaN,NaN,NaN,NaN,NaN,NaN,NaN,NaN,-0.0947265989045689,NaN,NaN,NaN,NaN,NaN,NaN,NaN,NaN,NaN,NaN,NaN,NaN,NaN,NaN,NaN,NaN,NaN,NaN,NaN,NaN,NaN,NaN,NaN,NaN,NaN,NaN,NaN,NaN,NaN,NaN,NaN,NaN,NaN,NaN,NaN,NaN,NaN,NaN,NaN,NaN,NaN,NaN,NaN,NaN,NaN,NaN,NaN,NaN,NaN,NaN,NaN,NaN,-0.0732298810171826,NaN,NaN,NaN,NaN,NaN,NaN,NaN,NaN,NaN,NaN,NaN,NaN,NaN,-0.0914354993924901,-0.0984558604812264,-0.0991909440945573,-0.100099662694826,-0.100010827630573,-0.100336591485692,-0.100336981769338,-0.100315148683612,-0.100300578755539,-0.10029022658211,-0.100289205172678,-0.100302877506383,-0.10032344075523,-0.100349698327135,-0.100365435970647,-0.100371267771274,-0.100366311475242,-0.100356614653035,-0.10035551664273,NaN,NaN,NaN,NaN,NaN,NaN,NaN,-0.0993280339325358,-0.0993471375380428,-0.0993262945129168,-0.0993093072099331,-0.0992954970904059,-0.0992852820092,-0.0992588776531008,-0.0991926365077254,-0.0991695517958177,-0.0991599078445569,-0.0991416091393768,-0.0990934857446828,-0.0990538795413935,-0.0990199703796303,-0.0989933059836435,-0.0989513079096821,NaN,NaN,NaN,-0.0969194504006664,-0.0970207769802986,-0.0970170559360145,-0.0970167456710357,-0.0970032353814661,-0.0970089049740681,-0.0970180138910031,-0.0970187068671676,-0.0970164595013581,-0.0969070560019285,-0.096942421014177,-0.0965423737553851,NaN,NaN,NaN,NaN,NaN,NaN,NaN,NaN,NaN,NaN,NaN,NaN,NaN,NaN,NaN,NaN,NaN,NaN,NaN,NaN,NaN,NaN,NaN,NaN,NaN,NaN,NaN,NaN,NaN,NaN,NaN,NaN,NaN,NaN,NaN,NaN,NaN,NaN,NaN,NaN,NaN,NaN,NaN,NaN,NaN,NaN,NaN,NaN,NaN,NaN,NaN,NaN,NaN,NaN,NaN,NaN,NaN,NaN,NaN,NaN,NaN,NaN,NaN,NaN,NaN,NaN,NaN,NaN,NaN,NaN,NaN,NaN,NaN,NaN,NaN,NaN,NaN,NaN,NaN,NaN,NaN,NaN,NaN,NaN,NaN,NaN,NaN
NaN,NaN,NaN,NaN,NaN,NaN,NaN,NaN,NaN,NaN,NaN,NaN,NaN,NaN,NaN,NaN,NaN,NaN,NaN,NaN,NaN,NaN,NaN,NaN,NaN,NaN,NaN,NaN,NaN,NaN,NaN,NaN,NaN,NaN,-0.0947383858671024,NaN,NaN,NaN,NaN,NaN,NaN,NaN,NaN,NaN,NaN,NaN,NaN,NaN,NaN,NaN,NaN,NaN,NaN,NaN,NaN,NaN,NaN,NaN,NaN,NaN,NaN,NaN,NaN,NaN,NaN,NaN,NaN,NaN,NaN,NaN,NaN,NaN,NaN,NaN,NaN,NaN,NaN,NaN,NaN,NaN,NaN,NaN,NaN,NaN,NaN,NaN,-0.069668677189025,-0.0711341975914475,NaN,NaN,NaN,NaN,NaN,NaN,NaN,NaN,NaN,NaN,NaN,NaN,NaN,-0.0897368201312798,-0.0967182182676412,-0.0988615768405552,-0.099679597891253,-0.0998400951142988,-0.100033054918782,-0.100327975246352,-0.100299011263809,-0.100280293793104,-0.100266159542192,-0.100258166148529,-0.100257228398758,-0.10026823839127,-0.10030185790535,-0.100339053613601,-0.100366643757547,-0.100363706545424,-0.100349388733015,-0.100342018508413,-0.100345456123981,NaN,NaN,NaN,NaN,NaN,NaN,NaN,-0.0993412284055762,-0.0993313491909797,-0.0993297242179538,-0.0993238055989468,-0.0993272553274409,-0.0992998426979438,-0.0992424794035778,-0.0991705656245572,-0.0991835421387703,-0.0991702752326992,-0.0991481481281931,-0.0991243711934263,-0.0991010856497611,-0.0990959504381572,NaN,NaN,NaN,NaN,-0.096229749816742,-0.0970702373620252,-0.0970639082128763,-0.0970621835540191,-0.0970636901662128,-0.097069450002102,-0.0970819494534072,-0.0970807817413649,-0.0970883048983225,-0.0969593137386069,-0.0969980248305974,-0.0970227144207134,-0.0942752296004995,NaN,NaN,NaN,NaN,NaN,NaN,NaN,NaN,NaN,NaN,NaN,NaN,NaN,NaN,NaN,NaN,NaN,NaN,NaN,NaN,NaN,NaN,NaN,NaN,NaN,NaN,NaN,NaN,NaN,NaN,NaN,NaN,NaN,NaN,NaN,NaN,NaN,NaN,NaN,NaN,NaN,NaN,NaN,NaN,NaN,NaN,NaN,NaN,NaN,NaN,NaN,NaN,NaN,NaN,NaN,NaN,NaN,NaN,NaN,NaN,NaN,NaN,NaN,NaN,NaN,NaN,NaN,NaN,NaN,NaN,NaN,NaN,NaN,NaN,NaN,NaN,NaN,NaN,NaN,NaN,NaN,NaN,NaN,NaN,NaN,NaN
NaN,NaN,NaN,NaN,NaN,NaN,NaN,NaN,NaN,NaN,NaN,NaN,NaN,NaN,NaN,NaN,NaN,NaN,NaN,NaN,NaN,NaN,NaN,NaN,NaN,NaN,NaN,NaN,NaN,NaN,NaN,NaN,NaN,NaN,-0.0947462176816951,NaN,NaN,NaN,NaN,NaN,NaN,NaN,NaN,NaN,NaN,NaN,NaN,NaN,NaN,NaN,NaN,NaN,NaN,NaN,NaN,NaN,NaN,NaN,NaN,NaN,NaN,NaN,NaN,NaN,NaN,NaN,NaN,NaN,NaN,NaN,NaN,NaN,NaN,NaN,NaN,NaN,NaN,NaN,NaN,NaN,NaN,NaN,NaN,NaN,NaN,NaN,-0.0686928438024762,-0.0696675176805949,NaN,NaN,NaN,NaN,NaN,NaN,NaN,NaN,NaN,NaN,NaN,NaN,NaN,-0.086076554943276,-0.0924138295350709,-0.099252362700407,-0.0999287563409252,-0.100033837011723,-0.100115041087333,-0.10016260378244,-0.1002916162556,-0.100262413666437,-0.100240237262479,-0.100224865460892,-0.10021596112332,-0.100209644029916,-0.100229271931466,-0.10028212134761,-0.100336022574051,-0.100339167700404,-0.100334386769914,-0.100336913031901,-0.100337277508017,-0.100346328263094,NaN,NaN,NaN,NaN,NaN,NaN,NaN,-0.0994176546732304,-0.0993854357872855,-0.0993572177081662,-0.0993804615954778,-0.0993856337532388,-0.0993155277681005,-0.0992594597774191,-0.0992445571623011,-0.0992099730395929,-0.0991926632003305,-0.0991765254203957,-0.0991620158142325,-0.0991743711994107,NaN,NaN,NaN,-0.0942952487697301,-0.0970361987402011,-0.0971012626504334,-0.0971272347674234,-0.0971225046316488,-0.0971223226799712,-0.0971235266124697,-0.0971402710009814,-0.0971381799301289,-0.0971417632387137,-0.0970191903144871,-0.0970425806265501,-0.0970584679334055,-0.0942945376001846,NaN,NaN,NaN,NaN,NaN,NaN,NaN,NaN,NaN,NaN,NaN,NaN,NaN,NaN,NaN,NaN,NaN,NaN,NaN,NaN,NaN,NaN,NaN,NaN,NaN,NaN,NaN,NaN,NaN,NaN,NaN,NaN,NaN,NaN,NaN,NaN,NaN,NaN,NaN,NaN,NaN,NaN,NaN,NaN,NaN,NaN,NaN,NaN,NaN,NaN,NaN,NaN,NaN,NaN,NaN,NaN,NaN,NaN,NaN,NaN,NaN,NaN,NaN,NaN,NaN,NaN,NaN,NaN,NaN,NaN,NaN,NaN,NaN,NaN,NaN,NaN,NaN,NaN,NaN,NaN,NaN,NaN,NaN,NaN,NaN,NaN
NaN,NaN,NaN,NaN,NaN,NaN,NaN,NaN,NaN,NaN,NaN,NaN,NaN,NaN,NaN,NaN,NaN,NaN,NaN,NaN,NaN,NaN,NaN,NaN,NaN,NaN,NaN,NaN,NaN,NaN,NaN,NaN,NaN,NaN,-0.0947893351942383,NaN,NaN,NaN,NaN,NaN,NaN,NaN,NaN,NaN,NaN,NaN,NaN,NaN,NaN,NaN,NaN,NaN,NaN,NaN,NaN,NaN,NaN,NaN,NaN,NaN,NaN,NaN,NaN,NaN,NaN,NaN,NaN,NaN,NaN,NaN,NaN,NaN,NaN,NaN,NaN,NaN,NaN,NaN,NaN,NaN,NaN,NaN,NaN,NaN,NaN,NaN,NaN,NaN,NaN,NaN,NaN,NaN,NaN,NaN,NaN,NaN,NaN,NaN,NaN,NaN,NaN,NaN,-0.0930748401748812,-0.0996672479584698,-0.100097125354044,-0.100187026866401,-0.100168314624537,-0.100178368419784,-0.100171013917432,-0.100249676182495,-0.100215688447991,-0.100191782168705,-0.100175555148693,-0.100159585591423,-0.100168594172059,-0.100213978401501,-0.100303021114116,-0.100315121314265,-0.100332580466033,-0.10033338685966,-0.100335190895636,-0.100344683935991,-0.100336143486022,-0.100326776076824,NaN,NaN,NaN,NaN,NaN,-0.0994529222944505,-0.0994299824908582,-0.0994022792384523,-0.0993866362354006,-0.099409427506798,-0.0993470534998541,-0.0992897228358098,-0.0992691467120647,-0.0992436182664299,-0.0992164837681236,-0.0991952239927764,-0.0991940005901407,-0.0992187705421728,NaN,NaN,-0.0943200581049924,-0.097118386123732,-0.097084325050066,-0.0971365536058342,-0.0971853137394545,-0.0971750633517497,-0.0971722543803361,-0.0971839841739006,-0.0972007521737916,-0.0972080652520617,-0.0972087082369773,-0.0971699668975575,-0.0970799001273083,-0.0970981326425659,-0.0943169600527976,NaN,NaN,NaN,NaN,NaN,NaN,NaN,NaN,NaN,NaN,NaN,NaN,NaN,NaN,NaN,NaN,NaN,NaN,NaN,NaN,NaN,NaN,NaN,NaN,NaN,NaN,NaN,NaN,NaN,NaN,NaN,NaN,NaN,NaN,NaN,NaN,NaN,NaN,NaN,NaN,NaN,NaN,NaN,NaN,NaN,NaN,NaN,NaN,NaN,NaN,NaN,NaN,NaN,NaN,NaN,NaN,NaN,NaN,NaN,NaN,NaN,NaN,NaN,NaN,NaN,NaN,NaN,NaN,NaN,NaN,NaN,NaN,NaN,NaN,NaN,NaN,NaN,NaN,NaN,NaN,NaN,NaN,NaN,NaN,NaN,NaN
NaN,NaN,NaN,NaN,NaN,NaN,NaN,NaN,NaN,NaN,NaN,NaN,NaN,NaN,NaN,NaN,NaN,NaN,NaN,NaN,NaN,NaN,NaN,NaN,NaN,NaN,NaN,NaN,NaN,NaN,NaN,NaN,NaN,NaN,-0.0948111150999897,-0.091367641822217,NaN,NaN,NaN,NaN,NaN,NaN,NaN,NaN,NaN,NaN,NaN,NaN,NaN,NaN,NaN,NaN,NaN,NaN,NaN,NaN,NaN,NaN,NaN,NaN,NaN,NaN,NaN,NaN,NaN,NaN,NaN,NaN,NaN,NaN,NaN,NaN,NaN,NaN,NaN,NaN,NaN,NaN,NaN,NaN,NaN,NaN,NaN,NaN,NaN,NaN,NaN,NaN,NaN,NaN,NaN,NaN,NaN,NaN,NaN,NaN,NaN,NaN,NaN,NaN,NaN,NaN,NaN,-0.0937471810895141,-0.0999275720847107,-0.100164404267885,-0.100233561862807,-0.100220070316128,-0.100129097673202,-0.100185923963336,-0.100198612463576,-0.100174066718277,-0.100167891092997,-0.10018063318391,-0.10022646352296,-0.10027254800268,-0.100270361482583,-0.10030389545222,-0.100322694844614,-0.100329323213071,-0.100335452526424,-0.100338671078457,-0.100335665647939,-0.100330820524539,-0.100346768836543,NaN,NaN,NaN,NaN,-0.0994308452075906,-0.0994400278530745,-0.0994464751022917,-0.0993888132489455,-0.0993484909492144,-0.0993286843456239,-0.0993042033346288,-0.0992709582505071,-0.0992550116446839,-0.0992274328175413,-0.0992107508220636,-0.099218956242062,-0.0988513528281405,NaN,NaN,-0.0889812580218931,-0.0943073876379823,-0.0963830793068408,-0.097219357218401,-0.0972201979054051,-0.0972179637034625,-0.0972302649680434,-0.0972400298851448,-0.0972555682056526,-0.0972744992856147,-0.0972679047568342,-0.097258358078525,-0.097116646000966,-0.0971278421134395,-0.0943452133905674,NaN,NaN,NaN,NaN,NaN,NaN,NaN,NaN,NaN,NaN,NaN,NaN,NaN,NaN,NaN,NaN,NaN,NaN,NaN,NaN,NaN,NaN,NaN,NaN,NaN,NaN,NaN,NaN,NaN,NaN,NaN,NaN,NaN,NaN,NaN,NaN,NaN,NaN,NaN,NaN,NaN,NaN,NaN,NaN,NaN,NaN,NaN,NaN,NaN,NaN,NaN,NaN,NaN,NaN,NaN,NaN,NaN,NaN,NaN,NaN,NaN,NaN,NaN,NaN,NaN,NaN,NaN,NaN,NaN,NaN,NaN,NaN,NaN,NaN,NaN,NaN,NaN,NaN,NaN,NaN,NaN,NaN,NaN,NaN,NaN,NaN
NaN,NaN,NaN,NaN,NaN,NaN,NaN,NaN,NaN,NaN,NaN,NaN,NaN,NaN,NaN,NaN,NaN,NaN,NaN,NaN,NaN,NaN,NaN,NaN,NaN,NaN,NaN,NaN,NaN,NaN,NaN,NaN,NaN,NaN,NaN,-0.0883435260642567,NaN,NaN,NaN,NaN,NaN,NaN,NaN,NaN,NaN,NaN,NaN,NaN,NaN,NaN,NaN,NaN,NaN,NaN,NaN,NaN,NaN,NaN,NaN,NaN,NaN,NaN,NaN,NaN,NaN,NaN,NaN,NaN,NaN,NaN,NaN,NaN,NaN,NaN,NaN,NaN,NaN,NaN,NaN,NaN,NaN,NaN,NaN,NaN,NaN,NaN,NaN,NaN,NaN,NaN,NaN,NaN,NaN,NaN,NaN,NaN,NaN,NaN,NaN,NaN,NaN,NaN,NaN,-0.089973231224116,-0.096899636100441,-0.100232032210937,-0.100230405893173,-0.10024555595115,-0.100205143796574,-0.100180909287507,-0.100200180287511,-0.100192802277274,-0.100203574920285,-0.100250050473487,-0.100299674293746,-0.100317945147575,-0.100292013084365,-0.10028563226681,-0.100304658020873,-0.100310174465476,-0.100322832038556,-0.100332508071606,-0.100331978210593,-0.100332695212908,-0.100342532865138,NaN,NaN,NaN,-0.0993931254880062,-0.0994080315185128,-0.0994283021975157,-0.0994278414399152,-0.0994009548408417,-0.099346413117588,-0.0993077689516344,-0.0992968318675868,-0.0992884069795916,-0.099277121595166,-0.0992500930279004,-0.0992424716361921,-0.0992157681974424,-0.0977071182833538,NaN,NaN,NaN,NaN,NaN,-0.0963934759540228,-0.0972276394345067,-0.0972600068983755,-0.0972794987239301,-0.0972923143585854,-0.0973033812336422,-0.0973171069079116,-0.0973101825117721,-0.0973011407089582,-0.0972655839764341,-0.0971901218199642,-0.09724240108045,-0.0972360052420736,NaN,NaN,NaN,NaN,NaN,NaN,NaN,NaN,NaN,NaN,NaN,NaN,NaN,NaN,NaN,NaN,NaN,NaN,NaN,NaN,NaN,NaN,NaN,NaN,NaN,NaN,NaN,NaN,NaN,NaN,NaN,NaN,NaN,NaN,NaN,NaN,NaN,NaN,NaN,NaN,NaN,NaN,NaN,NaN,NaN,NaN,NaN,NaN,NaN,NaN,NaN,NaN,NaN,NaN,NaN,NaN,NaN,NaN,NaN,NaN,NaN,NaN,NaN,NaN,NaN,NaN,NaN,NaN,NaN,NaN,NaN,NaN,NaN,NaN,NaN,NaN,NaN,NaN,NaN,NaN,NaN,NaN,NaN,NaN,NaN
NaN,NaN,NaN,NaN,NaN,NaN,NaN,NaN,NaN,NaN,NaN,NaN,NaN,NaN,NaN,NaN,NaN,NaN,NaN,NaN,NaN,NaN,NaN,NaN,NaN,NaN,NaN,NaN,NaN,NaN,NaN,NaN,NaN,NaN,-0.0884386208778738,-0.0884059747082455,NaN,NaN,NaN,NaN,NaN,NaN,NaN,NaN,NaN,NaN,NaN,NaN,NaN,NaN,NaN,NaN,NaN,NaN,NaN,NaN,NaN,NaN,NaN,NaN,NaN,NaN,NaN,NaN,NaN,NaN,NaN,NaN,NaN,NaN,NaN,NaN,NaN,NaN,NaN,NaN,NaN,NaN,NaN,NaN,NaN,NaN,NaN,NaN,NaN,NaN,NaN,NaN,NaN,NaN,NaN,NaN,NaN,NaN,NaN,NaN,NaN,NaN,NaN,NaN,NaN,NaN,NaN,NaN,-0.100303156087501,-0.100251560330144,-0.0992114058663127,-0.100252612811745,-0.100230288533409,-0.100213775471299,-0.100217951726954,-0.100213774176416,-0.100218242734188,-0.10024874413306,-0.100281077172285,-0.100290965248963,-0.100285909015439,-0.100281972074986,-0.10029111368816,-0.100291121523677,-0.100300858158618,-0.100324748801565,-0.100337962499064,-0.100343965220782,-0.100347885516778,NaN,NaN,NaN,-0.09936135298021,-0.0994109407589224,-0.0994499506780211,-0.099439349125334,-0.0994080500613859,-0.0993840215496992,-0.0993525515915656,-0.0993235857717474,-0.0993183274814717,-0.0993029080549895,-0.099280867084692,-0.0992795880146296,-0.0991998017715845,-0.0964352492732339,NaN,NaN,NaN,NaN,NaN,NaN,-0.0972513862035779,-0.0972895135720832,-0.0973156371562396,-0.0973329592329926,-0.0973377052177079,-0.0973426015643605,-0.0973387597897934,-0.0973346021115683,-0.0973440605085109,-0.0972392655218988,-0.0972817007529404,-0.0972939168195409,NaN,NaN,NaN,NaN,NaN,NaN,NaN,NaN,NaN,NaN,NaN,NaN,NaN,NaN,NaN,NaN,NaN,NaN,NaN,NaN,NaN,NaN,NaN,NaN,NaN,NaN,NaN,NaN,NaN,NaN,NaN,NaN,NaN,NaN,NaN,NaN,NaN,NaN,NaN,NaN,NaN,NaN,NaN,NaN,NaN,NaN,NaN,NaN,NaN,NaN,NaN,NaN,NaN,NaN,NaN,NaN,NaN,NaN,NaN,NaN,NaN,NaN,NaN,NaN,NaN,NaN,NaN,NaN,NaN,NaN,NaN,NaN,NaN,NaN,NaN,NaN,NaN,NaN,NaN,NaN,NaN,NaN,NaN,NaN,NaN
NaN,NaN,NaN,NaN,NaN,NaN,NaN,NaN,NaN,NaN,NaN,NaN,NaN,NaN,NaN,NaN,NaN,NaN,NaN,NaN,NaN,NaN,NaN,NaN,NaN,NaN,NaN,NaN,NaN,NaN,NaN,NaN,-0.0884668881077618,-0.0884643039481163,-0.0884615409012896,NaN,NaN,NaN,NaN,NaN,NaN,NaN,NaN,NaN,NaN,NaN,NaN,NaN,NaN,NaN,NaN,NaN,NaN,NaN,NaN,NaN,NaN,NaN,NaN,NaN,NaN,NaN,NaN,NaN,NaN,NaN,NaN,NaN,NaN,NaN,NaN,NaN,NaN,NaN,NaN,NaN,NaN,NaN,NaN,NaN,NaN,NaN,NaN,NaN,NaN,NaN,NaN,NaN,NaN,NaN,NaN,NaN,NaN,NaN,NaN,NaN,NaN,NaN,NaN,NaN,NaN,NaN,NaN,NaN,NaN,NaN,-0.0947866241450396,-0.100003740036675,-0.100226323047623,-0.100217250863746,-0.100214984661511,-0.100234946956835,-0.100248300630445,-0.10026548800932,-0.100272164523693,-0.100263258273663,-0.100247740811257,-0.10024407777968,-0.100258667749019,-0.100268754704579,-0.100279090712149,-0.100312826762367,-0.100338469867083,-0.100355941553037,-0.100360601574354,NaN,-0.0993754143182562,-0.0993307279382424,-0.0993042110323621,-0.0993607290582066,-0.0994364388061072,-0.0994549596122345,-0.0994240699705287,-0.0994175286417859,-0.0994076820404587,-0.0993697549820002,-0.0993586782546158,-0.0993380486051873,-0.0993222605598709,-0.0993279394781593,-0.0992540053696649,NaN,NaN,NaN,NaN,NaN,NaN,NaN,-0.0971887868153504,-0.0973128925376143,-0.0973383618007552,-0.0973575391389699,-0.0973606011904796,-0.0973641165864459,-0.0973629839855748,-0.097372136268784,-0.0973913714609194,-0.0972881876939032,-0.0973089743470795,-0.0973152795415405,-0.096542810099745,NaN,NaN,NaN,NaN,NaN,NaN,NaN,NaN,NaN,NaN,NaN,NaN,NaN,NaN,NaN,NaN,NaN,NaN,NaN,NaN,NaN,NaN,NaN,NaN,NaN,NaN,NaN,NaN,NaN,NaN,NaN,NaN,NaN,NaN,NaN,NaN,NaN,NaN,NaN,NaN,NaN,NaN,NaN,NaN,NaN,NaN,NaN,NaN,NaN,NaN,NaN,NaN,NaN,NaN,NaN,NaN,NaN,NaN,NaN,NaN,NaN,NaN,NaN,NaN,NaN,NaN,NaN,NaN,NaN,NaN,NaN,NaN,NaN,NaN,NaN,NaN,NaN,NaN,NaN,NaN,NaN,NaN,NaN,NaN
NaN,NaN,NaN,NaN,NaN,NaN,NaN,NaN,NaN,NaN,NaN,NaN,NaN,NaN,NaN,NaN,NaN,NaN,NaN,NaN,NaN,NaN,NaN,NaN,NaN,NaN,NaN,NaN,NaN,NaN,NaN,NaN,-0.0884586615753366,-0.0884602898145051,NaN,NaN,NaN,NaN,NaN,NaN,NaN,NaN,NaN,NaN,NaN,NaN,NaN,NaN,NaN,NaN,NaN,NaN,NaN,NaN,NaN,NaN,NaN,NaN,NaN,NaN,NaN,NaN,NaN,NaN,NaN,NaN,NaN,NaN,NaN,NaN,NaN,NaN,NaN,NaN,NaN,NaN,NaN,NaN,NaN,NaN,NaN,NaN,NaN,NaN,NaN,NaN,NaN,NaN,NaN,NaN,NaN,NaN,NaN,NaN,NaN,NaN,NaN,NaN,NaN,NaN,NaN,NaN,NaN,NaN,NaN,NaN,-0.0897752851090464,-0.0966259703069483,-0.100111246647476,-0.100206658453903,-0.100210442876224,-0.100245131809562,-0.100263452788887,-0.100264263831668,-0.100249075225144,-0.100209897688323,-0.100152259126207,-0.100162178944836,-0.100200081555391,-0.100233808799774,-0.100260869961316,-0.100284775099419,-0.100306243634045,-0.100351849297929,NaN,NaN,-0.0993803963191608,-0.099359459919568,-0.0993276397249334,-0.0993060758950468,-0.0993773920338417,-0.0994233002632017,-0.0994192016174763,-0.0994377501811765,-0.0994415779428304,-0.0994138626535754,-0.0994075588468209,-0.0993863506817026,-0.0993710981005845,-0.0993167730480276,-0.0992809720119919,NaN,NaN,NaN,NaN,NaN,NaN,NaN,NaN,-0.0973372199503248,-0.097358344713486,-0.0973727573269313,-0.0973862333568635,-0.0973856989035564,-0.0974031161029425,-0.097417022912743,-0.0974443884057416,-0.0973386818095778,-0.0949646531369288,-0.0944694566957824,-0.0935339000340428,NaN,NaN,NaN,NaN,NaN,NaN,NaN,NaN,NaN,NaN,NaN,NaN,NaN,NaN,NaN,NaN,NaN,NaN,NaN,NaN,NaN,NaN,NaN,NaN,NaN,NaN,NaN,NaN,NaN,NaN,NaN,NaN,NaN,NaN,NaN,NaN,NaN,NaN,NaN,NaN,NaN,NaN,NaN,NaN,NaN,NaN,NaN,NaN,NaN,NaN,NaN,NaN,NaN,NaN,NaN,NaN,NaN,NaN,NaN,NaN,NaN,NaN,NaN,NaN,NaN,NaN,NaN,NaN,NaN,NaN,NaN,NaN,NaN,NaN,NaN,NaN,NaN,NaN,NaN,NaN,NaN,NaN,NaN,NaN
NaN,NaN,NaN,NaN,NaN,NaN,NaN,NaN,NaN,NaN,NaN,NaN,NaN,NaN,NaN,NaN,NaN,NaN,NaN,NaN,NaN,NaN,NaN,NaN,NaN,NaN,NaN,NaN,NaN,NaN,NaN,NaN,NaN,NaN,NaN,NaN,NaN,NaN,NaN,NaN,NaN,NaN,NaN,NaN,NaN,NaN,NaN,NaN,NaN,NaN,NaN,NaN,NaN,NaN,NaN,NaN,NaN,NaN,NaN,NaN,NaN,NaN,NaN,NaN,NaN,NaN,NaN,NaN,NaN,NaN,NaN,NaN,NaN,NaN,NaN,NaN,NaN,NaN,NaN,NaN,NaN,NaN,NaN,NaN,NaN,NaN,NaN,NaN,NaN,NaN,NaN,NaN,NaN,NaN,NaN,NaN,NaN,NaN,NaN,NaN,NaN,NaN,NaN,NaN,NaN,NaN,NaN,NaN,-0.0966216921319455,-0.100087359671412,-0.100183027706062,-0.100196562130068,-0.100204289500558,-0.100192200914297,-0.100149710946744,-0.100071079458035,-0.100027049803865,-0.100123351263961,-0.100174157489916,-0.100201067590554,-0.100235677000986,-0.100235368269531,-0.100211749143281,NaN,NaN,-0.0994287758467823,-0.09939793171478,-0.099372229739994,-0.0993769426584314,-0.0993715271018357,-0.0994152959995167,-0.099465195138978,-0.0994617125548069,-0.0994710256141703,-0.0994869775494908,-0.0994723157396468,-0.0994719180982311,-0.0994500962004418,-0.0994226166587711,-0.0993076171237976,-0.0992875817192029,NaN,NaN,NaN,NaN,NaN,NaN,NaN,NaN,-0.0971553245619151,-0.0973802120755489,-0.0973917827710299,-0.0974055367035321,-0.0974146673500128,-0.0974410995887853,-0.0974826168472915,-0.0975105478277167,-0.097502041000695,-0.0972396132543325,-0.0945397580768109,NaN,NaN,NaN,NaN,NaN,NaN,NaN,NaN,NaN,NaN,NaN,NaN,NaN,NaN,NaN,NaN,NaN,NaN,NaN,NaN,NaN,NaN,NaN,NaN,NaN,NaN,NaN,NaN,NaN,NaN,NaN,NaN,NaN,NaN,NaN,NaN,NaN,NaN,NaN,NaN,NaN,NaN,NaN,NaN,NaN,NaN,NaN,NaN,NaN,NaN,NaN,NaN,NaN,NaN,NaN,NaN,NaN,NaN,NaN,NaN,NaN,NaN,NaN,NaN,NaN,NaN,NaN,NaN,NaN,NaN,NaN,NaN,NaN,NaN,NaN,NaN,NaN,NaN,NaN,NaN,NaN,NaN,NaN,NaN,NaN
NaN,NaN,NaN,NaN,NaN,NaN,NaN,NaN,NaN,NaN,NaN,NaN,NaN,NaN,NaN,NaN,NaN,NaN,NaN,NaN,NaN,NaN,NaN,NaN,NaN,NaN,NaN,NaN,NaN,NaN,NaN,NaN,NaN,NaN,NaN,NaN,NaN,NaN,NaN,NaN,NaN,NaN,NaN,NaN,NaN,NaN,NaN,NaN,NaN,NaN,NaN,NaN,NaN,NaN,NaN,NaN,NaN,NaN,NaN,NaN,NaN,NaN,NaN,NaN,NaN,NaN,NaN,NaN,NaN,NaN,NaN,NaN,NaN,NaN,NaN,NaN,NaN,NaN,NaN,NaN,NaN,NaN,NaN,NaN,NaN,NaN,NaN,NaN,NaN,NaN,NaN,NaN,NaN,NaN,NaN,NaN,NaN,NaN,NaN,NaN,NaN,NaN,NaN,NaN,NaN,NaN,NaN,NaN,NaN,NaN,-0.100020236806775,-0.100136924312077,-0.10012195574362,-0.100083193621932,-0.100013096667705,-0.099966675484983,-0.100051230213484,-0.100149240942722,-0.100156899631029,-0.10017094382619,-0.100194702391152,-0.100159984519324,-0.100101984599476,NaN,NaN,-0.0994207600067378,-0.0993983555547166,-0.0993924636264841,-0.0993802456426936,-0.0994034839642389,-0.0994593569803636,-0.099528852208217,-0.0995350784877633,-0.0995230475787184,-0.0995351656196295,-0.0995618257952564,-0.0995695783457035,-0.0995441068358202,-0.0994897102831844,-0.09928871838526,NaN,NaN,NaN,NaN,NaN,NaN,NaN,NaN,NaN,NaN,-0.0971842125315447,-0.0974168240009061,-0.0974263741063877,-0.0974508203312277,-0.0974946003845571,-0.0975434790120099,-0.0975713573734649,-0.0975642969022962,-0.0975440712296541,-0.0974155524805806,NaN,NaN,NaN,NaN,NaN,NaN,NaN,NaN,NaN,NaN,NaN,NaN,NaN,NaN,NaN,NaN,NaN,NaN,NaN,NaN,NaN,NaN,NaN,NaN,NaN,NaN,NaN,NaN,NaN,NaN,NaN,NaN,NaN,NaN,NaN,NaN,NaN,NaN,NaN,NaN,NaN,NaN,NaN,NaN,NaN,NaN,NaN,NaN,NaN,NaN,NaN,NaN,NaN,NaN,NaN,NaN,NaN,NaN,NaN,NaN,NaN,NaN,NaN,NaN,NaN,NaN,NaN,NaN,NaN,NaN,NaN,NaN,NaN,NaN,NaN,NaN,NaN,NaN,NaN,NaN,NaN,NaN,NaN,NaN,NaN
NaN,NaN,NaN,NaN,NaN,NaN,NaN,NaN,NaN,NaN,NaN,NaN,NaN,NaN,NaN,NaN,NaN,NaN,NaN,NaN,NaN,NaN,NaN,NaN,NaN,NaN,NaN,NaN,NaN,NaN,NaN,NaN,NaN,NaN,NaN,NaN,NaN,NaN,NaN,NaN,NaN,NaN,NaN,NaN,NaN,NaN,NaN,NaN,NaN,NaN,NaN,NaN,NaN,NaN,NaN,NaN,NaN,NaN,NaN,NaN,NaN,NaN,NaN,NaN,NaN,NaN,NaN,NaN,NaN,NaN,NaN,NaN,NaN,NaN,NaN,NaN,NaN,NaN,NaN,NaN,NaN,NaN,NaN,NaN,NaN,NaN,NaN,NaN,NaN,NaN,NaN,NaN,NaN,NaN,NaN,NaN,NaN,NaN,NaN,NaN,NaN,NaN,NaN,NaN,NaN,NaN,NaN,NaN,NaN,NaN,NaN,-0.100019989422077,-0.100103602926678,-0.100057126208463,-0.100036030248372,-0.100086677150551,-0.100163597993964,-0.100186131054402,-0.1001606855803,-0.100129942277147,-0.100095433008176,-0.0999735954674092,-0.0997934771735772,NaN,NaN,-0.0993673814295257,-0.0993819013319398,-0.0993788742528413,-0.0994017102228794,-0.0994106699462228,-0.0994417439140141,-0.0995214037194671,-0.0995588783032709,-0.0995727881028773,-0.0995651900318956,-0.0996241695608209,-0.099645253818795,-0.0996268642793371,-0.0995793369132466,NaN,NaN,NaN,NaN,NaN,NaN,NaN,NaN,NaN,NaN,NaN,NaN,-0.097231087044959,-0.0974581737876954,-0.0974883788106511,-0.0975408213698761,-0.0975858575347758,-0.0976138476120631,-0.0976110578030899,-0.097608130963227,-0.0976068777739005,-0.096660064069181,NaN,NaN,NaN,NaN,NaN,NaN,NaN,NaN,NaN,NaN,NaN,NaN,NaN,NaN,NaN,NaN,NaN,NaN,NaN,NaN,NaN,NaN,NaN,NaN,NaN,NaN,NaN,NaN,NaN,NaN,NaN,NaN,NaN,NaN,NaN,NaN,NaN,NaN,NaN,NaN,NaN,NaN,NaN,NaN,NaN,NaN,NaN,NaN,NaN,NaN,NaN,NaN,NaN,NaN,NaN,NaN,NaN,NaN,NaN,NaN,NaN,NaN,NaN,NaN,NaN,NaN,NaN,NaN,NaN,NaN,NaN,NaN,NaN,NaN,NaN,NaN,NaN,NaN,NaN,NaN,NaN,NaN,NaN,NaN
NaN,NaN,NaN,NaN,NaN,NaN,NaN,NaN,NaN,NaN,NaN,NaN,NaN,NaN,NaN,NaN,NaN,NaN,NaN,NaN,NaN,NaN,NaN,NaN,NaN,NaN,NaN,NaN,NaN,NaN,NaN,NaN,NaN,NaN,NaN,NaN,NaN,NaN,NaN,NaN,NaN,NaN,NaN,NaN,NaN,NaN,NaN,NaN,NaN,NaN,NaN,NaN,NaN,NaN,NaN,NaN,NaN,NaN,NaN,NaN,NaN,NaN,NaN,NaN,NaN,NaN,NaN,NaN,NaN,NaN,NaN,NaN,NaN,NaN,NaN,NaN,NaN,NaN,NaN,NaN,NaN,NaN,NaN,NaN,NaN,NaN,NaN,NaN,NaN,NaN,NaN,NaN,NaN,NaN,NaN,NaN,NaN,NaN,NaN,NaN,NaN,NaN,NaN,NaN,NaN,NaN,NaN,NaN,NaN,NaN,NaN,-0.10019279062172,-0.100168504049019,-0.100166535868646,-0.100186837291894,-0.100220151275395,-0.10023407326926,-0.100204145109483,-0.100159168653082,-0.100064250084295,-0.0999022364206491,-0.0996285377399247,-0.0993716390454511,-0.0992349139691936,-0.0992216318313661,-0.0993391470231294,-0.09941245313793,-0.0993806000847749,-0.0993710889936741,-0.0994402319245628,-0.0994853780442451,-0.0995340718035964,-0.0995829243832736,-0.0996523479310924,-0.0996559083324374,-0.0996683421495573,-0.099688579915201,-0.0996894104431394,-0.0996914638991559,-0.0996139987933384,NaN,NaN,NaN,NaN,NaN,NaN,NaN,NaN,NaN,NaN,NaN,NaN,-0.0972888875475868,-0.0975103952132412,-0.0975617216198735,-0.0976201358681557,-0.0976448525500945,-0.0976400948686901,-0.0976391739249668,-0.0976563917197314,-0.0975720702911147,NaN,NaN,NaN,NaN,NaN,NaN,NaN,NaN,NaN,NaN,NaN,NaN,NaN,NaN,NaN,NaN,NaN,NaN,NaN,NaN,NaN,NaN,NaN,NaN,NaN,NaN,NaN,NaN,NaN,NaN,NaN,NaN,NaN,NaN,NaN,NaN,NaN,NaN,NaN,NaN,NaN,NaN,NaN,NaN,NaN,NaN,NaN,NaN,NaN,NaN,NaN,NaN,NaN,NaN,NaN,NaN,NaN,NaN,NaN,NaN,NaN,NaN,NaN,NaN,NaN,NaN,NaN,NaN,NaN,NaN,NaN,NaN,NaN,NaN,NaN,NaN,NaN,NaN,NaN,NaN,NaN,NaN,NaN,NaN
NaN,NaN,NaN,NaN,NaN,NaN,NaN,NaN,NaN,NaN,NaN,NaN,NaN,NaN,NaN,NaN,NaN,NaN,NaN,NaN,NaN,NaN,NaN,NaN,NaN,NaN,NaN,NaN,NaN,NaN,NaN,NaN,NaN,NaN,NaN,NaN,NaN,NaN,NaN,NaN,NaN,NaN,NaN,NaN,NaN,NaN,NaN,NaN,NaN,NaN,NaN,NaN,NaN,NaN,NaN,NaN,NaN,NaN,NaN,NaN,NaN,NaN,NaN,NaN,NaN,NaN,NaN,NaN,NaN,NaN,NaN,NaN,NaN,NaN,NaN,NaN,NaN,NaN,NaN,NaN,NaN,NaN,NaN,NaN,NaN,NaN,NaN,NaN,NaN,NaN,NaN,NaN,NaN,NaN,NaN,NaN,NaN,NaN,NaN,NaN,NaN,NaN,NaN,NaN,NaN,NaN,NaN,NaN,NaN,NaN,NaN,-0.100246637323099,-0.100234546720271,-0.100234083874884,-0.100241933422447,-0.100254978293025,-0.100250890813101,-0.100204529793997,-0.100134120754398,-0.0999810444522247,-0.0997293708516152,-0.0995599267911229,-0.0994764865819731,-0.0993352353513332,-0.0993427212368608,-0.0994491036126915,-0.0995284060453445,-0.0995333194283524,-0.0994664704354556,-0.0994555995496753,-0.0995239199714138,-0.0996220065963471,-0.0996836531983314,-0.09971742478038,-0.0997396448493381,-0.0997406837446249,-0.0997453604260229,-0.0997438205655045,-0.0997530315375836,-0.0988903816924503,-0.0928282273358748,NaN,NaN,NaN,NaN,NaN,NaN,NaN,NaN,NaN,NaN,NaN,NaN,NaN,-0.0975687996792482,-0.0976217325778778,-0.0976629588814356,-0.0976721914986825,-0.0976711777260071,-0.0976770654782426,-0.0977022811298975,NaN,NaN,NaN,NaN,NaN,NaN,NaN,NaN,NaN,NaN,NaN,NaN,NaN,NaN,NaN,NaN,NaN,NaN,NaN,NaN,NaN,NaN,NaN,NaN,NaN,NaN,NaN,NaN,NaN,NaN,NaN,NaN,NaN,NaN,NaN,NaN,NaN,NaN,NaN,NaN,NaN,NaN,NaN,NaN,NaN,NaN,NaN,NaN,NaN,NaN,NaN,NaN,NaN,NaN,NaN,NaN,NaN,NaN,NaN,NaN,NaN,NaN,NaN,NaN,NaN,NaN,NaN,NaN,NaN,NaN,NaN,NaN,NaN,NaN,NaN,NaN,NaN,NaN,NaN,NaN,NaN,NaN,NaN,NaN
NaN,NaN,NaN,NaN,NaN,NaN,NaN,NaN,NaN,NaN,NaN,NaN,NaN,NaN,NaN,NaN,NaN,NaN,NaN,NaN,NaN,NaN,NaN,NaN,NaN,NaN,NaN,NaN,NaN,NaN,NaN,NaN,NaN,NaN,NaN,NaN,NaN,NaN,NaN,NaN,NaN,NaN,NaN,NaN,NaN,NaN,NaN,NaN,NaN,NaN,NaN,NaN,NaN,NaN,NaN,NaN,NaN,NaN,NaN,NaN,NaN,NaN,NaN,NaN,NaN,NaN,NaN,NaN,NaN,NaN,NaN,NaN,NaN,NaN,NaN,NaN,NaN,NaN,NaN,NaN,NaN,NaN,NaN,NaN,NaN,NaN,NaN,NaN,NaN,NaN,NaN,NaN,NaN,NaN,NaN,NaN,NaN,NaN,NaN,NaN,NaN,NaN,NaN,NaN,NaN,NaN,NaN,NaN,NaN,NaN,NaN,-0.100264022855294,-0.100243784204193,-0.100247342099812,-0.100258866499404,-0.10026426713501,-0.100245762014543,-0.100209607694014,-0.10012642246353,-0.0999698549401662,-0.0998270070388613,-0.0997819524654058,-0.0996990828165422,-0.0995677261857301,-0.0995414632341812,-0.0995701645866664,-0.0996459319501978,-0.0997004391692332,-0.0996803777772016,-0.0996518492144782,-0.099652527815551,-0.0996791792245646,-0.0997585558367664,-0.0997888483437431,-0.0998031625466185,-0.0998054775425633,-0.0998045344802049,-0.099800739346254,-0.0998028663729609,-0.0996421719198666,-0.0951707184783579,NaN,NaN,NaN,NaN,NaN,NaN,NaN,NaN,NaN,NaN,NaN,NaN,NaN,NaN,-0.0976432910780228,-0.0976822501729094,-0.0977000971726306,-0.0977105456797861,-0.0977048241354649,-0.0977262807511857,NaN,NaN,NaN,NaN,NaN,NaN,NaN,NaN,NaN,NaN,NaN,NaN,NaN,NaN,NaN,NaN,NaN,NaN,NaN,NaN,NaN,NaN,NaN,NaN,NaN,NaN,NaN,NaN,NaN,NaN,NaN,NaN,NaN,NaN,NaN,NaN,NaN,NaN,NaN,NaN,NaN,NaN,NaN,NaN,NaN,NaN,NaN,NaN,NaN,NaN,NaN,NaN,NaN,NaN,NaN,NaN,NaN,NaN,NaN,NaN,NaN,NaN,NaN,NaN,NaN,NaN,NaN,NaN,NaN,NaN,NaN,NaN,NaN,NaN,NaN,NaN,NaN,NaN,NaN,NaN,NaN,NaN,NaN,NaN
NaN,NaN,NaN,NaN,NaN,NaN,NaN,NaN,NaN,NaN,NaN,NaN,NaN,NaN,NaN,NaN,NaN,NaN,NaN,NaN,NaN,NaN,NaN,NaN,NaN,NaN,NaN,NaN,NaN,NaN,NaN,NaN,NaN,NaN,NaN,NaN,NaN,NaN,NaN,NaN,NaN,NaN,NaN,NaN,NaN,NaN,NaN,NaN,NaN,NaN,NaN,NaN,NaN,NaN,NaN,NaN,NaN,NaN,NaN,NaN,NaN,NaN,NaN,NaN,NaN,NaN,NaN,NaN,NaN,NaN,NaN,NaN,NaN,NaN,NaN,NaN,NaN,NaN,NaN,NaN,NaN,NaN,NaN,NaN,NaN,NaN,NaN,NaN,NaN,NaN,NaN,NaN,NaN,NaN,NaN,NaN,NaN,NaN,NaN,NaN,NaN,NaN,NaN,NaN,NaN,NaN,NaN,NaN,NaN,NaN,NaN,NaN,NaN,-0.100258721822591,-0.100286840236834,-0.100290208419987,-0.100266235631715,-0.100243413796862,-0.1002002915603,-0.100092973601011,-0.0999988004300048,-0.0999237267905731,-0.0998367606618022,-0.0997547848851632,-0.0997166530723795,-0.0997393188831785,-0.0997861768618974,-0.0997992974359945,-0.0997907775931341,-0.0997966212019263,-0.0998083851886889,-0.0997752923139029,-0.0997999004189866,-0.0998371604995618,-0.0998521424773025,-0.0998532305793205,-0.0998476321388402,-0.0998557096209347,-0.0998549002470434,-0.0997310322219564,NaN,NaN,NaN,NaN,NaN,NaN,NaN,NaN,NaN,NaN,NaN,NaN,NaN,NaN,NaN,-0.0976625530325421,-0.0976933306978079,-0.0977172267321011,-0.0977392741419675,-0.0977272669086804,-0.0977394050842301,NaN,NaN,NaN,NaN,NaN,NaN,NaN,NaN,NaN,NaN,NaN,NaN,NaN,NaN,NaN,NaN,NaN,NaN,NaN,NaN,NaN,NaN,NaN,NaN,NaN,NaN,NaN,NaN,NaN,NaN,NaN,NaN,NaN,NaN,NaN,NaN,NaN,NaN,NaN,NaN,NaN,NaN,NaN,NaN,NaN,NaN,NaN,NaN,NaN,NaN,NaN,NaN,NaN,NaN,NaN,NaN,NaN,NaN,NaN,NaN,NaN,NaN,NaN,NaN,NaN,NaN,NaN,NaN,NaN,NaN,NaN,NaN,NaN,NaN,NaN,NaN,NaN,NaN,NaN,NaN,NaN,NaN,NaN,NaN
NaN,NaN,NaN,NaN,NaN,NaN,NaN,NaN,NaN,NaN,NaN,NaN,NaN,NaN,NaN,NaN,NaN,NaN,NaN,NaN,NaN,NaN,NaN,NaN,NaN,NaN,NaN,NaN,NaN,NaN,NaN,NaN,NaN,NaN,NaN,NaN,NaN,NaN,NaN,NaN,NaN,NaN,NaN,NaN,NaN,NaN,NaN,NaN,NaN,NaN,NaN,NaN,NaN,NaN,NaN,NaN,NaN,NaN,NaN,NaN,NaN,NaN,NaN,NaN,NaN,NaN,NaN,NaN,NaN,NaN,NaN,NaN,NaN,NaN,NaN,NaN,NaN,NaN,NaN,NaN,NaN,NaN,NaN,NaN,NaN,NaN,NaN,NaN,NaN,NaN,NaN,NaN,NaN,NaN,NaN,NaN,NaN,NaN,NaN,NaN,NaN,NaN,NaN,NaN,NaN,NaN,NaN,NaN,NaN,NaN,NaN,NaN,NaN,NaN,-0.10032975568978,-0.100324366666503,-0.100319368876535,-0.100306997558255,-0.1002887788741,-0.100216854104826,-0.100090134151447,-0.0999815710610738,-0.0999239454587797,-0.0998763767415238,-0.0998743395918134,-0.0998968854897565,-0.0999415510832852,-0.0999368812060318,-0.0998544447462564,-0.0998251471869706,-0.0998426056790069,-0.0998403162820849,-0.0998414154664264,-0.0998642924530166,-0.099870247097339,-0.099878360372176,-0.0998991257981081,-0.0999117323758803,-0.0999066936460697,-0.0999270263514233,-0.0996034852664032,NaN,NaN,NaN,NaN,NaN,NaN,NaN,NaN,NaN,NaN,NaN,NaN,NaN,NaN,NaN,-0.0976855516602554,-0.0977203526733739,-0.0977431606831494,-0.0977498608795698,-0.0977601111398329,NaN,NaN,NaN,NaN,NaN,NaN,NaN,NaN,NaN,NaN,NaN,NaN,NaN,NaN,NaN,NaN,NaN,NaN,NaN,NaN,NaN,NaN,NaN,NaN,NaN,NaN,NaN,NaN,NaN,NaN,NaN,NaN,NaN,NaN,NaN,NaN,NaN,NaN,NaN,NaN,NaN,NaN,NaN,NaN,NaN,NaN,NaN,NaN,NaN,NaN,NaN,NaN,NaN,NaN,NaN,NaN,NaN,NaN,NaN,NaN,NaN,NaN,NaN,NaN,NaN,NaN,NaN,NaN,NaN,NaN,NaN,NaN,NaN,NaN,NaN,NaN,NaN,NaN,NaN,NaN,NaN,NaN,NaN,NaN
NaN,NaN,NaN,NaN,NaN,NaN,NaN,NaN,NaN,NaN,NaN,NaN,NaN,NaN,NaN,NaN,NaN,NaN,NaN,NaN,NaN,NaN,NaN,NaN,NaN,NaN,NaN,NaN,NaN,NaN,NaN,NaN,NaN,NaN,NaN,NaN,NaN,NaN,NaN,NaN,NaN,NaN,NaN,NaN,NaN,NaN,NaN,NaN,NaN,NaN,NaN,NaN,NaN,NaN,NaN,NaN,NaN,NaN,NaN,NaN,NaN,NaN,NaN,NaN,NaN,NaN,NaN,NaN,NaN,NaN,NaN,NaN,NaN,NaN,NaN,NaN,NaN,NaN,NaN,NaN,NaN,NaN,NaN,NaN,NaN,NaN,NaN,NaN,NaN,NaN,NaN,NaN,NaN,NaN,NaN,NaN,NaN,NaN,NaN,NaN,NaN,NaN,NaN,NaN,NaN,NaN,NaN,NaN,NaN,NaN,NaN,NaN,NaN,NaN,-0.100372637388122,-0.10037209095913,-0.100363036279724,-0.100350494165871,-0.10032974519014,-0.100264748300857,-0.100142249057912,-0.100094239994977,-0.10005015110233,-0.0999760899883469,-0.0999983358849762,-0.10002850737525,-0.100012702637709,-0.0999876726843286,-0.0999085914166809,-0.0998500156520189,-0.0998455765366175,-0.0998482103836571,-0.0998554566589115,-0.0998782301923883,-0.0998685593080122,-0.0999168237346595,-0.099962220020822,-0.0999583262572403,-0.0999507034439794,-0.0999948249943898,-0.100090010828597,-0.100176437022027,-0.100220189941059,-0.100240891254406,NaN,NaN,NaN,NaN,NaN,NaN,NaN,NaN,NaN,NaN,NaN,NaN,NaN,-0.0977336249104336,-0.097756257591395,-0.0977845189118209,-0.0977844024558764,NaN,NaN,NaN,NaN,NaN,NaN,NaN,NaN,NaN,NaN,NaN,NaN,NaN,NaN,NaN,NaN,NaN,NaN,NaN,NaN,NaN,NaN,NaN,NaN,NaN,NaN,NaN,NaN,NaN,NaN,NaN,NaN,NaN,NaN,NaN,NaN,NaN,NaN,NaN,NaN,NaN,NaN,NaN,NaN,NaN,NaN,NaN,NaN,NaN,NaN,NaN,NaN,NaN,NaN,NaN,NaN,NaN,NaN,NaN,NaN,NaN,NaN,NaN,NaN,NaN,NaN,NaN,NaN,NaN,NaN,NaN,NaN,NaN,NaN,NaN,NaN,NaN,NaN,NaN,NaN,NaN,NaN,NaN,NaN
NaN,NaN,NaN,NaN,NaN,NaN,NaN,NaN,NaN,NaN,NaN,NaN,NaN,NaN,NaN,NaN,NaN,NaN,NaN,NaN,NaN,NaN,NaN,NaN,NaN,NaN,NaN,NaN,NaN,NaN,NaN,NaN,NaN,NaN,NaN,NaN,NaN,NaN,NaN,NaN,NaN,NaN,NaN,NaN,NaN,NaN,NaN,NaN,NaN,NaN,NaN,NaN,NaN,NaN,NaN,NaN,NaN,NaN,NaN,NaN,NaN,NaN,NaN,NaN,NaN,NaN,NaN,NaN,NaN,NaN,NaN,NaN,NaN,NaN,NaN,NaN,NaN,NaN,NaN,NaN,NaN,NaN,NaN,NaN,NaN,NaN,NaN,NaN,NaN,NaN,NaN,NaN,NaN,NaN,NaN,NaN,NaN,NaN,NaN,NaN,NaN,NaN,NaN,NaN,NaN,NaN,NaN,NaN,NaN,NaN,NaN,NaN,NaN,NaN,-0.10037767312611,-0.100369186910476,-0.100360283185855,-0.10034633283861,-0.1003219071368,-0.1002443515691,-0.100177284400591,-0.100173341792012,-0.100119435114047,-0.100088546106755,-0.100117947229264,-0.10011500328654,-0.100065220382449,-0.100016176980924,-0.0999111253043466,-0.0997964758401016,-0.0998363819416972,-0.0998490287618964,-0.0998668331065832,NaN,NaN,-0.100027096371129,-0.100027284139992,-0.100012153891009,-0.100009525536047,-0.100053193619716,-0.10013807345751,-0.100189333145247,-0.10023016665172,-0.100264314728336,-0.100298994099787,-0.100332679519753,-0.100023597760468,NaN,NaN,NaN,NaN,NaN,NaN,NaN,NaN,NaN,NaN,-0.0978126552931071,-0.0978114558623955,-0.0978207836435157,-0.0978021152877858,NaN,NaN,NaN,NaN,NaN,NaN,NaN,NaN,NaN,NaN,NaN,NaN,NaN,NaN,NaN,NaN,NaN,NaN,NaN,NaN,NaN,NaN,NaN,NaN,NaN,NaN,NaN,NaN,NaN,NaN,NaN,NaN,NaN,NaN,NaN,NaN,NaN,NaN,NaN,NaN,NaN,NaN,NaN,NaN,NaN,NaN,NaN,NaN,NaN,NaN,NaN,NaN,NaN,NaN,NaN,NaN,NaN,NaN,NaN,NaN,NaN,NaN,NaN,NaN,NaN,NaN,NaN,NaN,NaN,NaN,NaN,NaN,NaN,NaN,NaN,NaN,NaN,NaN,NaN,NaN,NaN,NaN,NaN,NaN
NaN,NaN,NaN,NaN,NaN,NaN,NaN,NaN,NaN,NaN,NaN,NaN,NaN,NaN,NaN,NaN,NaN,NaN,NaN,NaN,NaN,NaN,NaN,NaN,NaN,NaN,NaN,NaN,NaN,NaN,NaN,NaN,NaN,NaN,NaN,NaN,NaN,NaN,NaN,NaN,NaN,NaN,NaN,NaN,NaN,NaN,NaN,NaN,NaN,NaN,NaN,NaN,NaN,NaN,NaN,NaN,NaN,NaN,NaN,NaN,NaN,NaN,NaN,NaN,NaN,NaN,NaN,NaN,NaN,NaN,NaN,NaN,NaN,NaN,NaN,NaN,NaN,NaN,NaN,NaN,NaN,NaN,NaN,NaN,NaN,NaN,NaN,NaN,NaN,NaN,NaN,NaN,NaN,NaN,NaN,NaN,NaN,NaN,NaN,NaN,NaN,NaN,NaN,NaN,NaN,NaN,NaN,NaN,NaN,NaN,NaN,NaN,NaN,NaN,-0.100368066859725,-0.100357428604596,-0.100351946816631,-0.100330087175253,-0.100282118385052,-0.10021639967771,-0.100209616404848,-0.100206078354791,-0.100157441878917,-0.100157636523399,-0.100179712678614,-0.100163240277076,-0.100123805605086,-0.100118291803043,-0.100086432767134,NaN,NaN,NaN,NaN,NaN,-0.0999598226365651,-0.100072405452874,-0.100068294540446,-0.100068987301891,-0.100088319161155,-0.100125056888753,-0.100156374301952,-0.100191228606762,-0.100228223457794,-0.100263913079251,-0.100300172685854,-0.100349571044033,-0.100371826425588,NaN,NaN,NaN,NaN,NaN,NaN,NaN,NaN,NaN,NaN,-0.0978593784904783,-0.0978847335182988,-0.0978819481609954,-0.0978565296381027,NaN,NaN,NaN,NaN,NaN,NaN,NaN,NaN,NaN,NaN,NaN,NaN,NaN,NaN,NaN,NaN,NaN,NaN,NaN,NaN,NaN,NaN,NaN,NaN,NaN,NaN,NaN,NaN,NaN,NaN,NaN,NaN,NaN,NaN,NaN,NaN,NaN,NaN,NaN,NaN,NaN,NaN,NaN,NaN,NaN,NaN,NaN,NaN,NaN,NaN,NaN,NaN,NaN,NaN,NaN,NaN,NaN,NaN,NaN,NaN,NaN,NaN,NaN,NaN,NaN,NaN,NaN,NaN,NaN,NaN,NaN,NaN,NaN,NaN,NaN,NaN,NaN,NaN,NaN,NaN,NaN,NaN,NaN,NaN
NaN,NaN,NaN,NaN,NaN,NaN,NaN,NaN,NaN,NaN,NaN,NaN,NaN,NaN,NaN,NaN,NaN,NaN,NaN,NaN,NaN,NaN,NaN,NaN,NaN,NaN,NaN,NaN,NaN,NaN,NaN,NaN,NaN,NaN,NaN,NaN,NaN,NaN,NaN,NaN,NaN,NaN,NaN,NaN,NaN,NaN,NaN,NaN,NaN,NaN,NaN,NaN,NaN,NaN,NaN,NaN,NaN,NaN,NaN,NaN,NaN,NaN,NaN,NaN,NaN,NaN,NaN,NaN,NaN,NaN,NaN,NaN,NaN,NaN,NaN,NaN,NaN,NaN,NaN,NaN,NaN,NaN,NaN,NaN,NaN,NaN,NaN,NaN,NaN,NaN,NaN,NaN,NaN,NaN,NaN,NaN,NaN,NaN,NaN,NaN,NaN,NaN,NaN,NaN,NaN,NaN,NaN,NaN,NaN,NaN,NaN,NaN,NaN,NaN,-0.100369690419599,-0.100360380404457,-0.100358072564602,-0.100330891784345,-0.100258928828996,-0.100214525880568,-0.100214579548433,-0.100198910678099,-0.100197891534496,-0.10020225307714,-0.100208948969991,-0.10020463605321,-0.100187781142553,-0.100189584478844,-0.100204290191989,NaN,NaN,NaN,NaN,-0.0962558558993042,-0.099987658175189,-0.100100840949744,-0.100090005312561,-0.100093499086318,-0.100106262982742,-0.100127549881268,-0.100153138703836,-0.100184371123738,-0.100227499636654,-0.100266948962319,-0.100324699533008,-0.100371555953205,-0.100406786763294,-0.100430564365536,NaN,NaN,NaN,NaN,NaN,NaN,NaN,NaN,NaN,NaN,-0.0979642411201632,-0.097939579299473,-0.0978734971971885,NaN,NaN,NaN,NaN,NaN,NaN,NaN,NaN,NaN,NaN,NaN,NaN,NaN,NaN,NaN,NaN,NaN,NaN,NaN,NaN,NaN,NaN,NaN,NaN,NaN,NaN,NaN,NaN,NaN,NaN,NaN,NaN,NaN,NaN,NaN,NaN,NaN,NaN,NaN,NaN,NaN,NaN,NaN,NaN,NaN,NaN,NaN,NaN,NaN,NaN,NaN,NaN,NaN,NaN,NaN,NaN,NaN,NaN,NaN,NaN,NaN,NaN,NaN,NaN,NaN,NaN,NaN,NaN,NaN,NaN,NaN,NaN,NaN,NaN,NaN,NaN,NaN,NaN,NaN,NaN,NaN,NaN,NaN,NaN
NaN,NaN,NaN,NaN,NaN,NaN,NaN,NaN,NaN,NaN,NaN,NaN,NaN,NaN,NaN,NaN,NaN,NaN,NaN,NaN,NaN,NaN,NaN,NaN,NaN,NaN,NaN,NaN,NaN,NaN,NaN,NaN,NaN,NaN,NaN,NaN,NaN,NaN,NaN,NaN,NaN,NaN,NaN,NaN,NaN,NaN,NaN,NaN,NaN,NaN,NaN,NaN,NaN,NaN,NaN,NaN,NaN,NaN,NaN,NaN,NaN,NaN,NaN,NaN,NaN,NaN,NaN,NaN,NaN,NaN,NaN,NaN,NaN,NaN,NaN,NaN,NaN,NaN,NaN,NaN,NaN,NaN,NaN,NaN,NaN,NaN,NaN,NaN,NaN,NaN,NaN,NaN,NaN,NaN,NaN,NaN,NaN,NaN,NaN,NaN,NaN,NaN,NaN,NaN,NaN,NaN,NaN,NaN,NaN,NaN,NaN,-0.100568591444264,-0.100630218498678,NaN,-0.100399636658353,-0.100380851260118,-0.100354641802317,-0.100337141783301,-0.100242627690092,-0.100224953080783,-0.100223930128513,-0.100228629764047,-0.100226450657674,-0.100217762198184,-0.100218394772333,-0.100217995741089,-0.100220257055355,-0.10022261186081,-0.100237272259232,NaN,NaN,NaN,NaN,-0.0991147391538691,-0.100001677687784,-0.100111613616805,-0.100097163877453,-0.10009018832867,-0.100093410185233,-0.100105916649781,-0.100132482515099,-0.100170497252914,-0.100202928657233,-0.100260806006131,-0.100340183805118,-0.100403042069865,-0.100439820419033,-0.100456017973379,NaN,NaN,NaN,NaN,NaN,NaN,NaN,NaN,NaN,NaN,-0.0980416931973139,-0.0980069938377247,-0.0980132100216084,-0.098079656412847,NaN,NaN,NaN,NaN,NaN,NaN,NaN,NaN,NaN,NaN,NaN,NaN,NaN,NaN,NaN,NaN,NaN,NaN,NaN,NaN,NaN,NaN,NaN,NaN,NaN,NaN,NaN,NaN,NaN,NaN,NaN,NaN,NaN,NaN,NaN,NaN,NaN,NaN,NaN,NaN,NaN,NaN,NaN,NaN,NaN,NaN,NaN,NaN,NaN,NaN,NaN,NaN,NaN,NaN,NaN,NaN,NaN,NaN,NaN,NaN,NaN,NaN,NaN,NaN,NaN,NaN,NaN,NaN,NaN,NaN,NaN,NaN,NaN,NaN,NaN,NaN,NaN,NaN,NaN,NaN,NaN,NaN,NaN
NaN,NaN,NaN,NaN,NaN,NaN,NaN,NaN,NaN,NaN,NaN,NaN,NaN,NaN,NaN,NaN,NaN,NaN,NaN,NaN,NaN,NaN,NaN,NaN,NaN,NaN,NaN,NaN,NaN,NaN,NaN,NaN,NaN,NaN,NaN,NaN,NaN,NaN,NaN,NaN,NaN,NaN,NaN,NaN,NaN,NaN,NaN,NaN,NaN,NaN,NaN,NaN,NaN,NaN,NaN,NaN,NaN,NaN,NaN,NaN,NaN,NaN,NaN,NaN,NaN,NaN,NaN,NaN,NaN,NaN,NaN,NaN,NaN,NaN,NaN,NaN,NaN,NaN,NaN,NaN,NaN,NaN,NaN,NaN,NaN,NaN,NaN,NaN,NaN,NaN,NaN,NaN,NaN,NaN,NaN,NaN,NaN,NaN,NaN,NaN,NaN,NaN,NaN,NaN,NaN,NaN,NaN,NaN,NaN,NaN,-0.100598469163549,-0.10065074595872,-0.100604886646179,-0.100510817813812,-0.100455440090605,-0.100418280598706,-0.100376593336395,-0.100359555455339,NaN,-0.100255620232113,-0.100250760359791,-0.100250019306022,-0.100241091836966,-0.100234140919259,-0.100231940274063,-0.100220520979323,-0.100216245113849,-0.10022955607993,-0.100244747931335,NaN,NaN,-0.094660466987262,-0.0999250706465544,-0.100061004777268,-0.100027644962222,-0.0999897238757693,-0.10009608752441,-0.100087415280633,-0.100087444824412,-0.100094952169775,-0.100116495678595,-0.100077354333521,-0.0988189591972018,NaN,-0.100270235416553,-0.100463357965316,-0.100482587352094,-0.100518987270045,NaN,NaN,NaN,NaN,NaN,NaN,NaN,NaN,NaN,NaN,NaN,-0.0979423987051922,-0.0980515069667444,-0.0980960187107847,NaN,NaN,NaN,NaN,NaN,NaN,NaN,NaN,NaN,NaN,NaN,NaN,NaN,NaN,NaN,NaN,NaN,NaN,NaN,NaN,NaN,NaN,NaN,NaN,NaN,NaN,NaN,NaN,NaN,NaN,NaN,NaN,NaN,NaN,NaN,NaN,NaN,NaN,NaN,NaN,NaN,NaN,NaN,NaN,NaN,NaN,NaN,NaN,NaN,NaN,NaN,NaN,NaN,NaN,NaN,NaN,NaN,NaN,NaN,NaN,NaN,NaN,NaN,NaN,NaN,NaN,NaN,NaN,NaN,NaN,NaN,NaN,NaN,NaN,NaN,NaN,NaN,NaN,NaN,NaN,NaN,NaN,NaN
NaN,NaN,NaN,NaN,NaN,NaN,NaN,NaN,NaN,NaN,NaN,NaN,NaN,NaN,NaN,NaN,NaN,NaN,NaN,NaN,NaN,NaN,NaN,NaN,NaN,NaN,NaN,NaN,NaN,NaN,NaN,NaN,NaN,NaN,NaN,NaN,NaN,NaN,NaN,NaN,NaN,NaN,NaN,NaN,NaN,NaN,NaN,NaN,NaN,NaN,NaN,NaN,NaN,NaN,NaN,NaN,NaN,NaN,NaN,NaN,NaN,NaN,NaN,NaN,NaN,NaN,NaN,NaN,NaN,NaN,NaN,NaN,NaN,NaN,NaN,NaN,NaN,NaN,NaN,NaN,NaN,NaN,NaN,NaN,NaN,NaN,NaN,NaN,NaN,NaN,NaN,NaN,NaN,NaN,NaN,NaN,NaN,NaN,NaN,NaN,NaN,NaN,NaN,NaN,NaN,NaN,NaN,NaN,NaN,NaN,-0.1006827560618,-0.100687277491094,-0.10060062315985,-0.100511658307451,-0.100461924868518,-0.100436543640145,-0.100406926387736,-0.100386253325049,NaN,NaN,NaN,NaN,NaN,NaN,-0.100236253526273,-0.100230534458893,-0.100222879675306,-0.10023795977771,NaN,NaN,NaN,-0.0960071704016091,-0.10010024138332,-0.100071292944119,-0.100034350300707,-0.0999979482879647,-0.0999733527107428,-0.10008777249233,-0.100085474969845,-0.100095272910756,-0.100027055178486,-0.0971706824408132,NaN,NaN,NaN,-0.100469624497196,-0.100602141288758,-0.100667725304581,-0.100727904557344,NaN,NaN,NaN,NaN,NaN,NaN,NaN,NaN,NaN,NaN,NaN,-0.0983448740784008,-0.0984268730402447,-0.0987652854088518,-0.0989242083041725,NaN,NaN,NaN,NaN,NaN,NaN,NaN,NaN,NaN,NaN,NaN,NaN,NaN,NaN,NaN,NaN,NaN,NaN,NaN,NaN,NaN,NaN,NaN,NaN,NaN,NaN,NaN,NaN,NaN,NaN,NaN,NaN,NaN,NaN,NaN,NaN,NaN,NaN,NaN,NaN,NaN,NaN,NaN,NaN,NaN,NaN,NaN,NaN,NaN,NaN,NaN,NaN,NaN,NaN,NaN,NaN,NaN,NaN,NaN,NaN,NaN,NaN,NaN,NaN,NaN,NaN,NaN,NaN,NaN,NaN,NaN,NaN,NaN,NaN,NaN,NaN,NaN,NaN,NaN,NaN,NaN
NaN,NaN,NaN,NaN,NaN,NaN,NaN,NaN,NaN,NaN,NaN,NaN,NaN,NaN,NaN,NaN,NaN,NaN,NaN,NaN,NaN,NaN,NaN,NaN,NaN,NaN,NaN,NaN,NaN,NaN,NaN,NaN,NaN,NaN,NaN,NaN,NaN,NaN,NaN,NaN,NaN,NaN,NaN,NaN,NaN,NaN,NaN,NaN,NaN,NaN,NaN,NaN,NaN,NaN,NaN,NaN,NaN,NaN,NaN,NaN,NaN,NaN,NaN,NaN,NaN,NaN,NaN,NaN,NaN,NaN,NaN,NaN,NaN,NaN,NaN,NaN,NaN,NaN,NaN,NaN,NaN,NaN,NaN,NaN,NaN,NaN,NaN,NaN,NaN,NaN,NaN,NaN,NaN,NaN,NaN,NaN,NaN,NaN,NaN,NaN,NaN,NaN,NaN,NaN,NaN,NaN,NaN,NaN,NaN,NaN,-0.100794225775299,-0.100760612340977,-0.100669773587749,-0.100546747512542,-0.100468790377906,-0.100453347868196,-0.100313968829051,-0.100384955798397,NaN,NaN,NaN,NaN,NaN,NaN,NaN,NaN,NaN,NaN,NaN,NaN,NaN,NaN,-0.0959947885903045,-0.0962633834868031,-0.0962364647110376,-0.0962395918934423,-0.0963443563475127,-0.099877117564767,-0.100090478124263,-0.0996149524104583,-0.0971529723031628,NaN,NaN,NaN,NaN,-0.100547629582105,-0.100727370096688,-0.100765145258305,-0.100833921828708,-0.100750688125851,NaN,NaN,NaN,NaN,NaN,NaN,NaN,NaN,NaN,NaN,-0.0987433596950719,-0.098778848417601,-0.0989375048165446,-0.0989945056911462,NaN,NaN,NaN,NaN,NaN,NaN,NaN,NaN,NaN,NaN,NaN,NaN,-0.0740197616827128,-0.0724214342990849,NaN,NaN,NaN,NaN,NaN,NaN,NaN,NaN,NaN,NaN,NaN,NaN,NaN,NaN,NaN,NaN,NaN,NaN,NaN,NaN,NaN,NaN,NaN,NaN,NaN,NaN,NaN,NaN,NaN,NaN,NaN,NaN,NaN,NaN,NaN,NaN,NaN,NaN,NaN,NaN,NaN,NaN,NaN,NaN,NaN,NaN,NaN,NaN,NaN,NaN,NaN,NaN,NaN,NaN,NaN,NaN,NaN,NaN,NaN,NaN,NaN,NaN,NaN,NaN,NaN,NaN,NaN
NaN,NaN,NaN,NaN,NaN,NaN,NaN,NaN,NaN,NaN,NaN,NaN,NaN,NaN,NaN,NaN,NaN,NaN,NaN,NaN,NaN,NaN,NaN,NaN,NaN,NaN,NaN,NaN,NaN,NaN,NaN,NaN,NaN,NaN,NaN,NaN,NaN,NaN,NaN,NaN,NaN,NaN,NaN,NaN,NaN,NaN,NaN,NaN,NaN,NaN,NaN,NaN,NaN,NaN,NaN,NaN,NaN,NaN,NaN,NaN,NaN,NaN,NaN,NaN,NaN,NaN,NaN,NaN,NaN,NaN,NaN,NaN,NaN,NaN,NaN,NaN,NaN,NaN,NaN,NaN,NaN,NaN,NaN,NaN,NaN,NaN,NaN,NaN,NaN,NaN,NaN,NaN,NaN,NaN,NaN,NaN,NaN,NaN,NaN,NaN,NaN,NaN,NaN,NaN,NaN,NaN,NaN,NaN,NaN,NaN,-0.100847283618821,-0.100837783488053,-0.100788349448936,-0.100701153159181,NaN,NaN,NaN,NaN,NaN,NaN,NaN,NaN,NaN,NaN,NaN,NaN,NaN,NaN,NaN,NaN,NaN,NaN,-0.0892563543014828,-0.089530530618601,NaN,NaN,NaN,NaN,NaN,NaN,NaN,NaN,NaN,NaN,NaN,-0.0968283827836697,-0.100672939822945,-0.100873180105263,-0.100935237031673,-0.100979830068545,NaN,NaN,NaN,NaN,NaN,NaN,NaN,NaN,NaN,NaN,-0.0988658351739901,-0.0990067542763287,-0.0991223042319357,-0.099219719124111,-0.0993458678271603,NaN,NaN,NaN,NaN,NaN,NaN,NaN,NaN,NaN,NaN,-0.0795466425821499,-0.0762650885877353,-0.0740233265453257,NaN,NaN,NaN,NaN,NaN,NaN,NaN,NaN,NaN,NaN,NaN,NaN,NaN,NaN,NaN,NaN,NaN,NaN,NaN,NaN,NaN,NaN,NaN,NaN,NaN,NaN,NaN,NaN,NaN,NaN,NaN,NaN,NaN,NaN,NaN,NaN,NaN,NaN,NaN,NaN,NaN,NaN,NaN,NaN,NaN,NaN,NaN,NaN,NaN,NaN,NaN,NaN,NaN,NaN,NaN,NaN,NaN,NaN,NaN,NaN,NaN,NaN,NaN,NaN,NaN,NaN,NaN
NaN,NaN,NaN,NaN,NaN,NaN,NaN,NaN,NaN,NaN,NaN,NaN,NaN,NaN,NaN,NaN,NaN,NaN,NaN,NaN,NaN,NaN,NaN,NaN,NaN,NaN,NaN,NaN,NaN,NaN,NaN,NaN,NaN,NaN,NaN,NaN,NaN,NaN,NaN,NaN,NaN,NaN,NaN,NaN,NaN,NaN,NaN,NaN,NaN,NaN,NaN,NaN,NaN,NaN,NaN,NaN,NaN,NaN,NaN,NaN,NaN,NaN,NaN,NaN,NaN,NaN,NaN,NaN,NaN,NaN,NaN,NaN,NaN,NaN,NaN,NaN,NaN,NaN,NaN,NaN,NaN,NaN,NaN,NaN,NaN,NaN,NaN,NaN,NaN,NaN,NaN,NaN,NaN,NaN,NaN,NaN,NaN,NaN,NaN,NaN,NaN,NaN,NaN,NaN,NaN,NaN,NaN,NaN,NaN,-0.100972964772714,-0.100926372804094,-0.100910291111728,-0.100892188040911,-0.100627433503323,NaN,NaN,NaN,NaN,NaN,NaN,NaN,NaN,NaN,NaN,NaN,NaN,NaN,NaN,NaN,NaN,NaN,NaN,NaN,NaN,NaN,NaN,NaN,NaN,NaN,NaN,NaN,NaN,NaN,NaN,NaN,NaN,-0.0992943231911025,-0.100976212998438,-0.101033072358636,-0.101092882061809,-0.101069801150993,NaN,NaN,NaN,NaN,NaN,NaN,NaN,NaN,NaN,NaN,-0.0991957697392234,-0.0993168470398132,-0.0994257473838438,-0.0995457399615961,-0.0997068530722416,-0.0998545663721038,-0.0999561845128295,-0.0995095540073697,NaN,NaN,NaN,NaN,-0.0964299841368633,-0.0896639217816316,-0.0839655244499884,-0.0795555754405567,NaN,NaN,NaN,NaN,NaN,NaN,NaN,NaN,NaN,NaN,NaN,NaN,NaN,NaN,NaN,NaN,NaN,NaN,NaN,NaN,NaN,NaN,NaN,NaN,NaN,NaN,NaN,NaN,NaN,NaN,NaN,NaN,NaN,NaN,NaN,NaN,NaN,NaN,NaN,NaN,NaN,NaN,NaN,NaN,NaN,NaN,NaN,NaN,NaN,NaN,NaN,NaN,NaN,NaN,NaN,NaN,NaN,NaN,NaN,NaN,NaN,NaN,NaN,NaN,NaN,NaN,NaN,NaN
NaN,NaN,NaN,NaN,NaN,NaN,NaN,NaN,NaN,NaN,NaN,NaN,NaN,NaN,NaN,NaN,NaN,NaN,NaN,NaN,NaN,NaN,NaN,NaN,NaN,NaN,NaN,NaN,NaN,NaN,NaN,NaN,NaN,NaN,NaN,NaN,NaN,NaN,NaN,NaN,NaN,NaN,NaN,NaN,NaN,NaN,NaN,NaN,NaN,NaN,NaN,NaN,NaN,NaN,NaN,NaN,NaN,NaN,NaN,NaN,NaN,NaN,NaN,NaN,NaN,NaN,NaN,NaN,NaN,NaN,NaN,NaN,NaN,NaN,NaN,NaN,NaN,NaN,NaN,NaN,NaN,NaN,NaN,NaN,NaN,NaN,NaN,NaN,NaN,NaN,NaN,NaN,NaN,NaN,NaN,NaN,NaN,NaN,NaN,NaN,NaN,NaN,NaN,NaN,NaN,NaN,NaN,NaN,-0.1004233354552,-0.101015394260618,-0.100993711478561,-0.100983659561222,-0.10098685002112,-0.100574960215426,NaN,NaN,NaN,NaN,NaN,NaN,NaN,NaN,NaN,NaN,NaN,NaN,NaN,NaN,NaN,NaN,NaN,NaN,NaN,NaN,NaN,NaN,NaN,NaN,NaN,NaN,NaN,NaN,NaN,NaN,NaN,NaN,-0.0968678982812928,-0.100987672789939,-0.101127512063277,-0.101188408066196,-0.101182367958365,NaN,NaN,NaN,NaN,NaN,NaN,NaN,NaN,NaN,NaN,NaN,-0.099453827471509,-0.099574299060505,-0.099685885676636,-0.0998111315029381,-0.0999059100281634,-0.100010549441962,-0.100081753521199,-0.098141854297402,NaN,NaN,-0.0980501841780705,-0.100998297047534,-0.0963976303803417,NaN,NaN,NaN,NaN,NaN,NaN,NaN,NaN,NaN,NaN,NaN,NaN,NaN,NaN,NaN,NaN,NaN,NaN,NaN,NaN,NaN,NaN,NaN,NaN,NaN,NaN,NaN,NaN,NaN,NaN,NaN,NaN,NaN,NaN,NaN,NaN,NaN,NaN,NaN,NaN,NaN,NaN,NaN,NaN,NaN,NaN,NaN,NaN,NaN,NaN,NaN,NaN,NaN,NaN,NaN,NaN,NaN,NaN,NaN,NaN,NaN,NaN,NaN,NaN,NaN,NaN,NaN,NaN,NaN,NaN
NaN,NaN,NaN,NaN,NaN,NaN,NaN,NaN,NaN,NaN,NaN,NaN,NaN,NaN,NaN,NaN,NaN,NaN,NaN,NaN,NaN,NaN,NaN,NaN,NaN,NaN,NaN,NaN,NaN,NaN,NaN,NaN,NaN,NaN,NaN,NaN,NaN,NaN,NaN,NaN,NaN,NaN,NaN,NaN,NaN,NaN,NaN,NaN,NaN,NaN,NaN,NaN,NaN,NaN,NaN,NaN,NaN,NaN,NaN,NaN,NaN,NaN,NaN,NaN,NaN,NaN,NaN,NaN,NaN,NaN,NaN,NaN,NaN,NaN,NaN,NaN,NaN,NaN,NaN,NaN,NaN,NaN,NaN,NaN,NaN,NaN,NaN,NaN,NaN,NaN,NaN,NaN,NaN,NaN,NaN,NaN,NaN,NaN,NaN,NaN,NaN,NaN,NaN,NaN,NaN,NaN,NaN,NaN,-0.100465307522586,-0.101075964257441,-0.101059158663607,-0.101061226279318,-0.101074180338274,-0.101016708612961,NaN,NaN,NaN,NaN,NaN,NaN,NaN,NaN,NaN,NaN,NaN,NaN,NaN,NaN,NaN,NaN,NaN,NaN,NaN,NaN,NaN,NaN,NaN,NaN,NaN,NaN,NaN,NaN,NaN,NaN,NaN,NaN,NaN,-0.100731151082763,-0.101253108035065,-0.101266223778708,-0.101320474455906,-0.100994309309855,NaN,NaN,NaN,NaN,NaN,NaN,NaN,NaN,NaN,NaN,NaN,-0.0996833135391005,-0.0997940999355687,-0.0998951653496856,-0.0999931337305899,-0.10010907590664,-0.100247626125681,-0.100163457995161,NaN,NaN,-0.101042397377701,-0.101025756442115,-0.097860679238234,NaN,NaN,NaN,NaN,NaN,NaN,NaN,NaN,NaN,NaN,NaN,NaN,NaN,NaN,NaN,NaN,NaN,NaN,NaN,NaN,NaN,NaN,NaN,NaN,NaN,NaN,NaN,NaN,NaN,NaN,NaN,NaN,NaN,NaN,NaN,NaN,NaN,NaN,NaN,NaN,NaN,NaN,NaN,NaN,NaN,NaN,NaN,NaN,NaN,NaN,NaN,NaN,NaN,NaN,NaN,NaN,NaN,NaN,NaN,NaN,NaN,NaN,NaN,NaN,NaN,NaN,NaN,NaN,NaN,NaN
NaN,NaN,NaN,NaN,NaN,NaN,NaN,NaN,NaN,NaN,NaN,NaN,NaN,NaN,NaN,NaN,NaN,NaN,NaN,NaN,NaN,NaN,NaN,NaN,NaN,NaN,NaN,NaN,NaN,NaN,NaN,NaN,NaN,NaN,NaN,NaN,NaN,NaN,NaN,NaN,NaN,NaN,NaN,NaN,NaN,NaN,NaN,NaN,NaN,NaN,NaN,NaN,NaN,NaN,NaN,NaN,NaN,NaN,NaN,NaN,NaN,NaN,NaN,NaN,NaN,NaN,NaN,NaN,NaN,NaN,NaN,NaN,NaN,NaN,NaN,NaN,NaN,NaN,NaN,NaN,NaN,NaN,NaN,NaN,NaN,NaN,NaN,NaN,NaN,NaN,NaN,NaN,NaN,NaN,NaN,NaN,NaN,NaN,NaN,NaN,NaN,NaN,NaN,NaN,NaN,NaN,NaN,NaN,-0.0991789716104499,-0.101103914032703,-0.101136252611673,-0.101141748662422,-0.101157623540053,-0.101102945359576,-0.0982158844235047,NaN,NaN,NaN,NaN,NaN,NaN,NaN,NaN,NaN,NaN,NaN,NaN,NaN,NaN,NaN,NaN,NaN,NaN,NaN,NaN,NaN,NaN,NaN,NaN,NaN,NaN,NaN,NaN,NaN,NaN,NaN,NaN,NaN,-0.101022633910721,-0.101365014362817,-0.101433522113717,-0.101444015850255,NaN,NaN,NaN,NaN,NaN,NaN,NaN,NaN,NaN,NaN,NaN,NaN,-0.0998925201124168,-0.0999893993953126,-0.100099885743955,-0.100220646612217,-0.100410724119036,-0.100561778388055,-0.100762184273565,-0.100842009705584,-0.101012661400181,-0.101026072286934,NaN,NaN,NaN,NaN,NaN,NaN,NaN,NaN,NaN,NaN,NaN,NaN,NaN,NaN,NaN,NaN,NaN,NaN,NaN,NaN,NaN,NaN,NaN,NaN,NaN,NaN,NaN,NaN,NaN,NaN,NaN,NaN,NaN,NaN,NaN,NaN,NaN,NaN,NaN,NaN,NaN,NaN,NaN,NaN,NaN,NaN,NaN,NaN,NaN,NaN,NaN,NaN,NaN,NaN,NaN,NaN,NaN,NaN,NaN,NaN,NaN,NaN,NaN,NaN,NaN,NaN,NaN,NaN,NaN,NaN,NaN
NaN,NaN,NaN,NaN,NaN,NaN,NaN,NaN,NaN,NaN,NaN,NaN,NaN,NaN,NaN,NaN,NaN,NaN,NaN,NaN,NaN,NaN,NaN,NaN,NaN,NaN,NaN,NaN,NaN,NaN,NaN,NaN,NaN,NaN,NaN,NaN,NaN,NaN,NaN,NaN,NaN,NaN,NaN,NaN,NaN,NaN,NaN,NaN,NaN,NaN,NaN,NaN,NaN,NaN,NaN,NaN,NaN,NaN,NaN,NaN,NaN,NaN,NaN,NaN,NaN,NaN,NaN,NaN,NaN,NaN,NaN,NaN,NaN,NaN,NaN,NaN,NaN,NaN,NaN,NaN,NaN,NaN,NaN,NaN,NaN,NaN,NaN,NaN,NaN,NaN,NaN,NaN,NaN,NaN,NaN,NaN,NaN,NaN,NaN,NaN,NaN,NaN,NaN,NaN,NaN,NaN,NaN,NaN,NaN,-0.101183288898098,-0.101214641959533,-0.101226590344773,-0.101223266800292,-0.101186553775566,-0.101169676331956,NaN,NaN,NaN,NaN,NaN,NaN,NaN,NaN,NaN,NaN,NaN,NaN,NaN,NaN,NaN,NaN,NaN,NaN,NaN,NaN,NaN,NaN,NaN,NaN,NaN,NaN,NaN,NaN,NaN,NaN,NaN,NaN,NaN,-0.101363551521849,-0.101441265555102,-0.101528392512821,-0.101594575823329,-0.101609852004652,-0.100746794895476,NaN,NaN,NaN,NaN,NaN,NaN,NaN,NaN,NaN,NaN,NaN,-0.100093357202175,-0.100212404357338,-0.100384985404065,-0.100552108197965,-0.100713205571954,-0.100852930530588,-0.100966662168424,-0.101055808559193,-0.10103979138929,NaN,NaN,NaN,NaN,NaN,NaN,NaN,NaN,NaN,NaN,NaN,NaN,NaN,NaN,NaN,NaN,NaN,NaN,NaN,NaN,NaN,NaN,NaN,NaN,NaN,NaN,NaN,NaN,NaN,NaN,NaN,NaN,NaN,NaN,NaN,NaN,NaN,NaN,NaN,NaN,NaN,NaN,NaN,NaN,NaN,NaN,NaN,NaN,NaN,NaN,NaN,NaN,NaN,NaN,NaN,NaN,NaN,NaN,NaN,NaN,NaN,NaN,NaN,NaN,NaN,NaN,NaN,NaN,NaN,NaN,NaN
NaN,NaN,NaN,NaN,NaN,NaN,NaN,NaN,NaN,NaN,NaN,NaN,NaN,NaN,NaN,NaN,NaN,NaN,NaN,NaN,NaN,NaN,NaN,NaN,NaN,NaN,NaN,NaN,NaN,NaN,NaN,NaN,NaN,NaN,NaN,NaN,NaN,NaN,NaN,NaN,NaN,NaN,NaN,NaN,NaN,NaN,NaN,NaN,NaN,NaN,NaN,NaN,NaN,NaN,NaN,NaN,NaN,NaN,NaN,NaN,NaN,NaN,NaN,NaN,NaN,NaN,NaN,NaN,NaN,NaN,NaN,NaN,NaN,NaN,NaN,NaN,NaN,NaN,NaN,NaN,NaN,NaN,NaN,NaN,NaN,NaN,NaN,NaN,NaN,NaN,NaN,NaN,NaN,NaN,NaN,NaN,NaN,NaN,NaN,NaN,NaN,NaN,NaN,NaN,NaN,NaN,NaN,NaN,NaN,-0.101252427864771,-0.10127923113351,-0.101304111527706,-0.101312949740091,-0.101249622037227,-0.0984268999517757,NaN,NaN,NaN,NaN,NaN,NaN,NaN,NaN,NaN,NaN,NaN,NaN,NaN,NaN,NaN,NaN,NaN,NaN,NaN,NaN,NaN,NaN,NaN,NaN,NaN,NaN,NaN,NaN,NaN,NaN,NaN,NaN,NaN,-0.0971885475579873,-0.101343760424932,-0.101613398308182,-0.101677671501194,-0.101763934791803,-0.101816954562987,-0.100799196052062,NaN,NaN,NaN,NaN,NaN,NaN,NaN,NaN,NaN,NaN,NaN,-0.100351500988813,-0.100467529276435,-0.100707914142498,-0.100855753292286,-0.100937533578866,-0.101023978726442,-0.101087435328589,-0.101135517725769,-0.101225447108555,-0.101277054716324,NaN,NaN,NaN,NaN,NaN,NaN,NaN,NaN,NaN,NaN,NaN,NaN,NaN,NaN,NaN,NaN,NaN,NaN,NaN,NaN,NaN,NaN,NaN,NaN,NaN,NaN,NaN,NaN,NaN,NaN,NaN,NaN,NaN,NaN,NaN,NaN,NaN,NaN,NaN,NaN,NaN,NaN,NaN,NaN,NaN,NaN,NaN,NaN,NaN,NaN,NaN,NaN,NaN,NaN,NaN,NaN,NaN,NaN,NaN,NaN,NaN,NaN,NaN,NaN,NaN,NaN,NaN,NaN,NaN
NaN,NaN,NaN,NaN,NaN,NaN,NaN,NaN,NaN,NaN,NaN,NaN,NaN,NaN,NaN,NaN,NaN,NaN,NaN,NaN,NaN,NaN,NaN,NaN,NaN,NaN,NaN,NaN,NaN,NaN,NaN,NaN,NaN,NaN,NaN,NaN,NaN,NaN,NaN,NaN,NaN,NaN,NaN,NaN,NaN,NaN,NaN,NaN,NaN,NaN,NaN,NaN,NaN,NaN,NaN,NaN,NaN,NaN,NaN,NaN,NaN,NaN,NaN,NaN,NaN,NaN,NaN,NaN,NaN,NaN,NaN,NaN,NaN,NaN,NaN,NaN,NaN,NaN,NaN,NaN,NaN,NaN,NaN,NaN,NaN,NaN,NaN,NaN,NaN,NaN,NaN,NaN,NaN,NaN,NaN,NaN,NaN,NaN,NaN,NaN,NaN,NaN,NaN,NaN,NaN,NaN,NaN,NaN,NaN,-0.101020368237085,-0.101355539510516,-0.101370055139205,-0.101370926911599,-0.101339260821469,-0.100032520886559,NaN,NaN,NaN,NaN,NaN,NaN,NaN,NaN,NaN,NaN,NaN,NaN,NaN,NaN,NaN,NaN,NaN,NaN,NaN,NaN,NaN,NaN,NaN,NaN,NaN,NaN,NaN,NaN,NaN,NaN,NaN,NaN,NaN,-0.0897699744134585,-0.0954660626978112,-0.101472899397946,-0.101712573835742,-0.101826098137816,-0.101862311353669,-0.101796029862861,NaN,NaN,NaN,NaN,NaN,NaN,NaN,NaN,NaN,NaN,NaN,NaN,NaN,-0.10084514860464,-0.10092531355668,-0.100988925344075,-0.101043838521354,-0.101096167230734,-0.101168945784408,-0.101258502921379,-0.101322400285256,-0.101371185394915,-0.101390479961634,NaN,NaN,NaN,NaN,NaN,NaN,NaN,NaN,NaN,NaN,NaN,NaN,NaN,NaN,NaN,NaN,NaN,NaN,NaN,NaN,NaN,NaN,NaN,NaN,NaN,NaN,NaN,NaN,NaN,NaN,NaN,NaN,NaN,NaN,NaN,NaN,NaN,NaN,NaN,NaN,NaN,NaN,NaN,NaN,NaN,NaN,NaN,NaN,NaN,NaN,NaN,NaN,NaN,NaN,NaN,NaN,NaN,NaN,NaN,NaN,NaN,NaN,NaN,NaN,NaN,NaN,NaN
NaN,NaN,NaN,NaN,NaN,NaN,NaN,NaN,NaN,NaN,NaN,NaN,NaN,NaN,NaN,NaN,NaN,NaN,NaN,NaN,NaN,NaN,NaN,NaN,NaN,NaN,NaN,NaN,NaN,NaN,NaN,NaN,NaN,NaN,NaN,NaN,NaN,NaN,NaN,NaN,NaN,NaN,NaN,NaN,NaN,NaN,NaN,NaN,NaN,NaN,NaN,NaN,NaN,NaN,NaN,NaN,NaN,NaN,NaN,NaN,NaN,NaN,NaN,NaN,NaN,NaN,NaN,NaN,NaN,NaN,NaN,NaN,NaN,NaN,NaN,NaN,NaN,NaN,NaN,NaN,NaN,NaN,NaN,NaN,NaN,NaN,NaN,NaN,NaN,NaN,NaN,NaN,NaN,NaN,NaN,NaN,NaN,NaN,NaN,NaN,NaN,NaN,NaN,NaN,NaN,NaN,NaN,NaN,NaN,NaN,-0.101445589233972,-0.101426765605616,-0.101406119872043,-0.101393582060769,-0.101252057857756,NaN,NaN,NaN,NaN,NaN,NaN,NaN,NaN,NaN,NaN,NaN,NaN,NaN,NaN,NaN,NaN,NaN,NaN,NaN,NaN,NaN,NaN,NaN,NaN,NaN,NaN,NaN,NaN,NaN,NaN,NaN,NaN,NaN,-0.0844780586727655,-0.0907708201228478,-0.098396827347922,-0.101755195975505,-0.101840945573291,-0.101905469685072,-0.101928390523565,NaN,NaN,NaN,NaN,NaN,NaN,NaN,NaN,NaN,NaN,NaN,NaN,NaN,NaN,-0.100990746265696,-0.101012653384551,-0.101069736751535,-0.10112782548872,-0.101196810419831,-0.101266365743293,-0.101340144056451,-0.101390107471947,-0.101448831300548,-0.101542564660767,-0.100337747909375,NaN,NaN,NaN,NaN,NaN,NaN,NaN,NaN,NaN,NaN,NaN,NaN,NaN,NaN,NaN,NaN,NaN,NaN,NaN,NaN,NaN,NaN,NaN,NaN,NaN,NaN,NaN,NaN,NaN,NaN,NaN,NaN,NaN,NaN,NaN,NaN,NaN,NaN,NaN,NaN,NaN,NaN,NaN,NaN,NaN,NaN,NaN,NaN,NaN,NaN,NaN,NaN,NaN,NaN,NaN,NaN,NaN,NaN,NaN,NaN,NaN,NaN,NaN,NaN,NaN
NaN,NaN,NaN,NaN,NaN,NaN,NaN,NaN,NaN,NaN,NaN,NaN,NaN,NaN,NaN,NaN,NaN,NaN,NaN,NaN,NaN,NaN,NaN,NaN,NaN,NaN,NaN,NaN,NaN,NaN,NaN,NaN,NaN,NaN,NaN,NaN,NaN,NaN,NaN,NaN,NaN,NaN,NaN,NaN,NaN,NaN,NaN,NaN,NaN,NaN,NaN,NaN,NaN,NaN,NaN,NaN,NaN,NaN,NaN,NaN,NaN,NaN,NaN,NaN,NaN,NaN,NaN,NaN,NaN,NaN,NaN,NaN,NaN,NaN,NaN,NaN,NaN,NaN,NaN,NaN,NaN,NaN,NaN,NaN,NaN,NaN,NaN,NaN,NaN,NaN,NaN,NaN,NaN,NaN,NaN,NaN,NaN,NaN,NaN,NaN,NaN,NaN,NaN,NaN,NaN,NaN,NaN,NaN,NaN,NaN,-0.101533589184427,-0.101508128530057,-0.101444586558478,NaN,NaN,NaN,NaN,NaN,NaN,NaN,NaN,NaN,NaN,NaN,NaN,NaN,NaN,NaN,NaN,NaN,NaN,NaN,NaN,NaN,NaN,NaN,NaN,NaN,NaN,NaN,NaN,NaN,NaN,NaN,NaN,NaN,NaN,NaN,-0.0796121332458413,-0.084485836123093,-0.0908101315068769,NaN,-0.101878373759237,-0.101950053187918,-0.101967637611567,NaN,NaN,NaN,NaN,NaN,NaN,NaN,NaN,NaN,NaN,NaN,NaN,NaN,NaN,-0.100998676383807,-0.101036914994507,-0.101092008925106,-0.101139258920654,-0.101212312147389,-0.101301392432385,-0.101371425120497,-0.101425521326994,-0.101492346032576,-0.101586060325279,-0.101649524476431,NaN,NaN,NaN,NaN,NaN,NaN,NaN,NaN,NaN,NaN,NaN,NaN,NaN,NaN,NaN,NaN,NaN,NaN,NaN,NaN,NaN,NaN,NaN,NaN,NaN,NaN,NaN,NaN,NaN,NaN,NaN,NaN,NaN,NaN,NaN,NaN,NaN,NaN,NaN,NaN,NaN,NaN,NaN,NaN,NaN,NaN,NaN,NaN,NaN,NaN,NaN,NaN,NaN,NaN,NaN,NaN,NaN,NaN,NaN,NaN,NaN,NaN,NaN,NaN,NaN
NaN,NaN,NaN,NaN,NaN,NaN,NaN,NaN,NaN,NaN,NaN,NaN,NaN,NaN,NaN,NaN,NaN,NaN,NaN,NaN,NaN,NaN,NaN,NaN,NaN,NaN,NaN,NaN,NaN,NaN,NaN,NaN,NaN,NaN,NaN,NaN,NaN,NaN,NaN,NaN,NaN,NaN,NaN,NaN,NaN,NaN,NaN,NaN,NaN,NaN,NaN,NaN,NaN,NaN,NaN,NaN,NaN,NaN,NaN,NaN,NaN,NaN,NaN,NaN,NaN,NaN,NaN,NaN,NaN,NaN,NaN,NaN,NaN,NaN,NaN,NaN,NaN,NaN,NaN,NaN,NaN,NaN,NaN,NaN,NaN,NaN,NaN,NaN,NaN,NaN,NaN,NaN,NaN,NaN,NaN,NaN,NaN,NaN,NaN,NaN,NaN,NaN,NaN,NaN,NaN,NaN,NaN,NaN,NaN,NaN,-0.101664977544915,-0.101651991476697,NaN,NaN,NaN,NaN,NaN,NaN,NaN,NaN,NaN,NaN,NaN,NaN,NaN,NaN,NaN,NaN,NaN,NaN,NaN,NaN,NaN,NaN,NaN,NaN,NaN,NaN,NaN,NaN,NaN,NaN,NaN,NaN,NaN,NaN,NaN,NaN,NaN,NaN,NaN,NaN,-0.101916065823528,-0.101994703319068,-0.102014309921236,-0.102054869090042,NaN,NaN,NaN,NaN,NaN,NaN,NaN,NaN,NaN,NaN,NaN,NaN,NaN,NaN,NaN,-0.101141319850793,-0.101172969021839,-0.1012416012644,-0.101333894137684,-0.1014135843884,-0.101480459543616,-0.101571661276833,-0.101678664067257,-0.101748455895211,-0.101814790054957,NaN,NaN,NaN,NaN,NaN,NaN,NaN,NaN,NaN,NaN,NaN,NaN,NaN,NaN,NaN,NaN,NaN,NaN,NaN,NaN,NaN,NaN,NaN,NaN,NaN,NaN,NaN,NaN,NaN,NaN,NaN,NaN,NaN,NaN,NaN,NaN,NaN,NaN,NaN,NaN,NaN,NaN,NaN,NaN,NaN,NaN,NaN,NaN,NaN,NaN,NaN,NaN,NaN,NaN,NaN,NaN,NaN,NaN,NaN,NaN,NaN,NaN,NaN,NaN
NaN,NaN,NaN,NaN,NaN,NaN,NaN,NaN,NaN,NaN,NaN,NaN,NaN,NaN,NaN,NaN,NaN,NaN,NaN,NaN,NaN,NaN,NaN,NaN,NaN,NaN,NaN,NaN,NaN,NaN,NaN,NaN,NaN,NaN,NaN,NaN,NaN,NaN,NaN,NaN,NaN,NaN,NaN,NaN,NaN,NaN,NaN,NaN,NaN,NaN,NaN,NaN,NaN,NaN,NaN,NaN,NaN,NaN,NaN,NaN,NaN,NaN,NaN,NaN,NaN,NaN,NaN,NaN,NaN,NaN,NaN,NaN,NaN,NaN,NaN,NaN,NaN,NaN,NaN,NaN,NaN,NaN,NaN,NaN,NaN,NaN,NaN,NaN,NaN,NaN,NaN,NaN,NaN,NaN,NaN,NaN,NaN,NaN,NaN,NaN,NaN,NaN,NaN,NaN,NaN,NaN,NaN,NaN,NaN,NaN,-0.101807055914119,-0.101835516473074,-0.101908690255336,NaN,NaN,NaN,NaN,NaN,NaN,NaN,NaN,NaN,NaN,NaN,NaN,NaN,NaN,NaN,NaN,NaN,NaN,NaN,NaN,NaN,NaN,NaN,NaN,NaN,NaN,NaN,NaN,NaN,NaN,NaN,NaN,NaN,NaN,NaN,NaN,NaN,NaN,NaN,-0.099046565305964,-0.101992115268451,-0.102046582711087,-0.10200304430694,NaN,NaN,NaN,NaN,NaN,NaN,NaN,NaN,NaN,NaN,NaN,NaN,NaN,NaN,NaN,NaN,-0.101066741237175,-0.101196105537536,-0.101366687551692,-0.101495884276313,-0.101572945702898,-0.10166882393535,-0.101742100330151,-0.101790181869423,-0.101845630435871,-0.101909235428924,NaN,NaN,NaN,NaN,NaN,NaN,NaN,NaN,NaN,NaN,NaN,NaN,NaN,NaN,NaN,NaN,NaN,NaN,NaN,NaN,NaN,NaN,NaN,NaN,NaN,NaN,NaN,NaN,NaN,NaN,NaN,NaN,NaN,NaN,NaN,NaN,NaN,NaN,NaN,NaN,NaN,NaN,NaN,NaN,NaN,NaN,NaN,NaN,NaN,NaN,NaN,NaN,NaN,NaN,NaN,NaN,NaN,NaN,NaN,NaN,NaN,NaN,NaN
NaN,NaN,NaN,NaN,NaN,NaN,NaN,NaN,NaN,NaN,NaN,NaN,NaN,NaN,NaN,NaN,NaN,NaN,NaN,NaN,NaN,NaN,NaN,NaN,NaN,NaN,NaN,NaN,NaN,NaN,NaN,NaN,NaN,NaN,NaN,NaN,NaN,NaN,NaN,NaN,NaN,NaN,NaN,NaN,NaN,NaN,NaN,NaN,NaN,NaN,NaN,NaN,NaN,NaN,NaN,NaN,NaN,NaN,NaN,NaN,NaN,NaN,NaN,NaN,NaN,NaN,NaN,NaN,NaN,NaN,NaN,NaN,NaN,NaN,NaN,NaN,NaN,NaN,NaN,NaN,NaN,NaN,NaN,NaN,NaN,NaN,NaN,NaN,NaN,NaN,NaN,NaN,NaN,NaN,NaN,NaN,NaN,NaN,NaN,NaN,NaN,NaN,NaN,NaN,NaN,NaN,NaN,NaN,NaN,NaN,-0.10192569222757,-0.101930354063822,-0.10195417788559,NaN,NaN,NaN,NaN,NaN,NaN,NaN,NaN,NaN,NaN,NaN,NaN,NaN,NaN,NaN,NaN,NaN,NaN,NaN,NaN,NaN,NaN,NaN,NaN,NaN,NaN,NaN,NaN,NaN,NaN,NaN,NaN,NaN,NaN,NaN,NaN,NaN,NaN,NaN,NaN,-0.102023668331269,-0.102107325307065,-0.102150100596473,NaN,NaN,NaN,NaN,NaN,NaN,NaN,NaN,NaN,NaN,NaN,NaN,NaN,NaN,NaN,NaN,NaN,NaN,-0.101467339304405,-0.101536780949611,-0.101645104888311,-0.101740550581205,-0.101798672119942,-0.101852890050587,-0.101897750839645,-0.101953060345372,NaN,NaN,NaN,NaN,NaN,NaN,NaN,NaN,NaN,NaN,NaN,NaN,NaN,NaN,NaN,NaN,NaN,NaN,NaN,NaN,NaN,NaN,NaN,NaN,NaN,NaN,NaN,NaN,NaN,NaN,NaN,NaN,NaN,NaN,NaN,NaN,NaN,NaN,NaN,NaN,NaN,NaN,NaN,NaN,NaN,NaN,NaN,NaN,NaN,NaN,NaN,NaN,NaN,NaN,NaN,NaN,NaN,NaN,NaN,NaN,NaN,NaN,NaN
NaN,NaN,NaN,NaN,NaN,NaN,NaN,NaN,NaN,NaN,NaN,NaN,NaN,NaN,NaN,NaN,NaN,NaN,NaN,NaN,NaN,NaN,NaN,NaN,NaN,NaN,NaN,NaN,NaN,NaN,NaN,NaN,NaN,NaN,NaN,NaN,NaN,NaN,NaN,NaN,NaN,NaN,NaN,NaN,NaN,NaN,NaN,NaN,NaN,NaN,NaN,NaN,NaN,NaN,NaN,NaN,NaN,NaN,NaN,NaN,NaN,NaN,NaN,NaN,NaN,NaN,NaN,NaN,NaN,NaN,NaN,NaN,NaN,NaN,NaN,NaN,NaN,NaN,NaN,NaN,NaN,NaN,NaN,NaN,NaN,NaN,NaN,NaN,NaN,NaN,NaN,NaN,NaN,NaN,NaN,NaN,NaN,NaN,NaN,NaN,NaN,NaN,NaN,NaN,NaN,NaN,NaN,NaN,NaN,NaN,-0.102024366993935,-0.102003847734894,-0.102022649492044,NaN,NaN,NaN,NaN,NaN,NaN,NaN,NaN,NaN,NaN,NaN,NaN,NaN,NaN,NaN,NaN,NaN,NaN,NaN,NaN,NaN,NaN,NaN,NaN,NaN,NaN,NaN,NaN,NaN,NaN,NaN,NaN,NaN,NaN,NaN,NaN,NaN,NaN,NaN,NaN,NaN,-0.102263997301696,-0.102278063744498,-0.102291576837091,NaN,NaN,NaN,NaN,NaN,NaN,NaN,NaN,NaN,NaN,NaN,NaN,NaN,NaN,NaN,NaN,NaN,NaN,-0.0984058780017803,-0.101725212432789,-0.101829554921502,-0.101898274328627,-0.101951695023628,-0.102010626379748,-0.102056371376899,NaN,NaN,NaN,NaN,NaN,NaN,NaN,NaN,NaN,NaN,NaN,NaN,NaN,NaN,NaN,NaN,NaN,NaN,NaN,NaN,NaN,NaN,NaN,NaN,NaN,NaN,NaN,NaN,NaN,NaN,NaN,NaN,NaN,NaN,NaN,NaN,NaN,NaN,NaN,NaN,NaN,NaN,NaN,NaN,NaN,NaN,NaN,NaN,NaN,NaN,NaN,NaN,NaN,NaN,NaN,NaN,NaN,NaN,NaN,NaN,NaN,NaN,NaN
NaN,NaN,NaN,NaN,NaN,NaN,NaN,NaN,NaN,NaN,NaN,NaN,NaN,NaN,NaN,NaN,NaN,NaN,NaN,NaN,NaN,NaN,NaN,NaN,NaN,NaN,NaN,NaN,NaN,NaN,NaN,NaN,NaN,NaN,NaN,NaN,NaN,NaN,NaN,NaN,NaN,NaN,NaN,NaN,NaN,NaN,NaN,NaN,NaN,NaN,NaN,NaN,NaN,NaN,NaN,NaN,NaN,NaN,NaN,NaN,NaN,NaN,NaN,NaN,NaN,NaN,NaN,NaN,NaN,NaN,NaN,NaN,NaN,NaN,NaN,NaN,NaN,NaN,NaN,NaN,NaN,NaN,NaN,NaN,NaN,NaN,NaN,NaN,NaN,NaN,NaN,NaN,NaN,NaN,NaN,NaN,NaN,NaN,NaN,NaN,NaN,NaN,NaN,NaN,-0.0923591894136071,-0.0986770862947665,NaN,NaN,-0.102298351942945,-0.10062231316609,-0.102158393374245,-0.102122322953404,-0.10202888107538,NaN,NaN,NaN,NaN,NaN,NaN,NaN,NaN,NaN,NaN,NaN,NaN,NaN,NaN,NaN,NaN,NaN,NaN,NaN,NaN,NaN,NaN,NaN,NaN,NaN,NaN,NaN,NaN,NaN,NaN,NaN,NaN,NaN,NaN,NaN,NaN,NaN,NaN,NaN,NaN,-0.101634943228215,-0.102356057078565,-0.102320156496432,-0.102329283373099,NaN,NaN,NaN,NaN,NaN,NaN,NaN,NaN,NaN,NaN,NaN,NaN,NaN,NaN,NaN,NaN,NaN,NaN,NaN,-0.098697772719501,-0.101875233072103,-0.102004952868589,-0.10205970800757,-0.102135202413069,-0.102216281652869,-0.102351407952483,-0.102323397434755,NaN,NaN,NaN,NaN,NaN,NaN,NaN,NaN,NaN,NaN,NaN,NaN,NaN,NaN,NaN,NaN,NaN,NaN,NaN,NaN,NaN,NaN,NaN,NaN,NaN,NaN,NaN,NaN,NaN,NaN,NaN,NaN,NaN,NaN,NaN,NaN,NaN,NaN,NaN,NaN,NaN,NaN,NaN,NaN,NaN,NaN,NaN,NaN,NaN,NaN,NaN,NaN,NaN,NaN,NaN,NaN,NaN,NaN,NaN,NaN,NaN
NaN,NaN,NaN,NaN,NaN,NaN,NaN,NaN,NaN,NaN,NaN,NaN,NaN,NaN,NaN,NaN,NaN,NaN,NaN,NaN,NaN,NaN,NaN,NaN,NaN,NaN,NaN,NaN,NaN,NaN,NaN,NaN,NaN,NaN,NaN,NaN,NaN,NaN,NaN,NaN,NaN,NaN,NaN,NaN,NaN,NaN,NaN,NaN,NaN,NaN,NaN,NaN,NaN,NaN,NaN,NaN,NaN,NaN,NaN,NaN,NaN,NaN,NaN,NaN,NaN,NaN,NaN,NaN,NaN,NaN,NaN,NaN,NaN,NaN,NaN,NaN,NaN,NaN,NaN,NaN,NaN,NaN,NaN,NaN,NaN,NaN,NaN,NaN,NaN,NaN,NaN,NaN,NaN,NaN,NaN,NaN,NaN,NaN,NaN,NaN,NaN,NaN,NaN,NaN,-0.100634325466105,-0.102862632598158,NaN,-0.102414505806396,-0.102372099452782,-0.102319841768265,-0.102256345837508,-0.102191876323166,-0.101931760295402,NaN,NaN,NaN,NaN,NaN,NaN,NaN,NaN,NaN,NaN,NaN,NaN,NaN,NaN,NaN,NaN,NaN,NaN,NaN,NaN,NaN,NaN,NaN,NaN,NaN,NaN,NaN,NaN,NaN,NaN,NaN,NaN,NaN,NaN,NaN,NaN,NaN,NaN,NaN,NaN,-0.102417451975142,-0.102371452097155,-0.102351582012737,-0.101166442520772,NaN,NaN,NaN,NaN,NaN,NaN,NaN,NaN,NaN,NaN,NaN,NaN,NaN,NaN,NaN,NaN,NaN,NaN,NaN,NaN,NaN,-0.102097346826813,-0.102174570085257,-0.102236358869267,-0.1023237421878,-0.102369520590674,-0.102425685710103,NaN,NaN,NaN,NaN,NaN,NaN,NaN,NaN,NaN,NaN,NaN,NaN,NaN,NaN,NaN,NaN,NaN,NaN,NaN,NaN,NaN,NaN,NaN,NaN,NaN,NaN,NaN,NaN,NaN,NaN,NaN,NaN,NaN,NaN,NaN,NaN,NaN,NaN,NaN,NaN,NaN,NaN,NaN,NaN,NaN,NaN,NaN,NaN,NaN,NaN,NaN,NaN,NaN,NaN,NaN,NaN,NaN,NaN,NaN,NaN,NaN
NaN,NaN,NaN,NaN,NaN,NaN,NaN,NaN,NaN,NaN,NaN,NaN,NaN,NaN,NaN,NaN,NaN,NaN,NaN,NaN,NaN,NaN,NaN,NaN,NaN,NaN,NaN,NaN,NaN,NaN,NaN,NaN,NaN,NaN,NaN,NaN,NaN,NaN,NaN,NaN,NaN,NaN,NaN,NaN,NaN,NaN,NaN,NaN,NaN,NaN,NaN,NaN,NaN,NaN,NaN,NaN,NaN,NaN,NaN,NaN,NaN,NaN,NaN,NaN,NaN,NaN,NaN,NaN,NaN,NaN,NaN,NaN,NaN,NaN,NaN,NaN,NaN,NaN,NaN,NaN,NaN,NaN,NaN,NaN,NaN,NaN,NaN,NaN,NaN,NaN,NaN,NaN,NaN,NaN,NaN,NaN,NaN,NaN,NaN,NaN,NaN,NaN,NaN,NaN,-0.102824912301182,-0.102814326089721,-0.102739777671184,-0.102557215823924,-0.102423204596574,-0.102334899783582,-0.102265168058265,-0.102207614813316,-0.102169721718311,NaN,NaN,NaN,NaN,NaN,NaN,NaN,NaN,NaN,NaN,NaN,NaN,NaN,NaN,NaN,NaN,NaN,NaN,NaN,NaN,NaN,NaN,NaN,NaN,NaN,NaN,NaN,NaN,NaN,NaN,NaN,NaN,NaN,NaN,NaN,NaN,NaN,NaN,NaN,NaN,-0.101344498365894,-0.102410719675242,-0.101297966062721,NaN,NaN,NaN,NaN,NaN,NaN,NaN,NaN,NaN,NaN,NaN,NaN,NaN,NaN,NaN,NaN,NaN,NaN,NaN,NaN,NaN,NaN,NaN,-0.102272094155568,-0.102356861054196,-0.102442159978365,-0.102464050645005,-0.102533412147098,NaN,NaN,NaN,NaN,NaN,NaN,NaN,NaN,NaN,NaN,NaN,NaN,NaN,NaN,NaN,NaN,NaN,NaN,NaN,NaN,NaN,NaN,NaN,NaN,NaN,NaN,NaN,NaN,NaN,NaN,NaN,NaN,NaN,NaN,NaN,NaN,NaN,NaN,NaN,NaN,NaN,NaN,NaN,NaN,NaN,NaN,NaN,NaN,NaN,NaN,NaN,NaN,NaN,NaN,NaN,NaN,NaN,NaN,NaN,NaN,NaN
NaN,NaN,NaN,NaN,NaN,NaN,NaN,NaN,NaN,NaN,NaN,NaN,NaN,NaN,NaN,NaN,NaN,NaN,NaN,NaN,NaN,NaN,NaN,NaN,NaN,NaN,NaN,NaN,NaN,NaN,NaN,NaN,NaN,NaN,NaN,NaN,NaN,NaN,NaN,NaN,NaN,NaN,NaN,NaN,NaN,NaN,NaN,NaN,NaN,NaN,NaN,NaN,NaN,NaN,NaN,NaN,NaN,NaN,NaN,NaN,NaN,NaN,NaN,NaN,NaN,NaN,NaN,NaN,NaN,NaN,NaN,NaN,NaN,NaN,NaN,NaN,NaN,NaN,NaN,NaN,NaN,NaN,NaN,NaN,NaN,NaN,NaN,NaN,NaN,NaN,NaN,NaN,NaN,NaN,NaN,NaN,NaN,NaN,NaN,NaN,NaN,NaN,NaN,-0.101329167677034,-0.102951670970624,-0.102852549677851,-0.102717019366968,-0.102548021662224,-0.10244404916364,-0.102344782979201,-0.102261587948927,-0.100461649246561,-0.102004549197096,NaN,NaN,NaN,NaN,NaN,NaN,NaN,NaN,NaN,NaN,NaN,NaN,NaN,NaN,NaN,NaN,NaN,NaN,NaN,NaN,NaN,NaN,NaN,NaN,NaN,NaN,NaN,NaN,NaN,NaN,NaN,NaN,NaN,NaN,NaN,NaN,NaN,NaN,NaN,NaN,-0.101260301475569,-0.102493779961886,-0.102369363665461,NaN,NaN,NaN,NaN,NaN,NaN,NaN,NaN,NaN,NaN,NaN,NaN,NaN,NaN,NaN,NaN,NaN,NaN,NaN,NaN,NaN,NaN,NaN,NaN,-0.102451751877914,-0.102583920594654,-0.102640882090737,-0.102717678008192,NaN,NaN,NaN,NaN,NaN,NaN,NaN,NaN,NaN,NaN,NaN,NaN,NaN,NaN,NaN,NaN,NaN,NaN,NaN,NaN,NaN,NaN,NaN,NaN,NaN,NaN,NaN,NaN,NaN,NaN,NaN,NaN,NaN,NaN,NaN,NaN,NaN,NaN,NaN,NaN,NaN,NaN,NaN,NaN,NaN,NaN,NaN,NaN,NaN,NaN,NaN,NaN,NaN,NaN,NaN,NaN,NaN,NaN,NaN,NaN,NaN
NaN,NaN,NaN,NaN,NaN,NaN,NaN,NaN,NaN,NaN,NaN,NaN,NaN,NaN,NaN,NaN,NaN,NaN,NaN,NaN,NaN,NaN,NaN,NaN,NaN,NaN,NaN,NaN,NaN,NaN,NaN,NaN,NaN,NaN,NaN,NaN,NaN,NaN,NaN,NaN,NaN,NaN,NaN,NaN,NaN,NaN,NaN,NaN,NaN,NaN,NaN,NaN,NaN,NaN,NaN,NaN,NaN,NaN,NaN,NaN,NaN,NaN,NaN,NaN,NaN,NaN,NaN,NaN,NaN,NaN,NaN,NaN,NaN,NaN,NaN,NaN,NaN,NaN,NaN,NaN,NaN,NaN,NaN,NaN,NaN,NaN,NaN,NaN,NaN,NaN,NaN,NaN,NaN,NaN,NaN,NaN,NaN,NaN,NaN,NaN,NaN,NaN,NaN,-0.103015824047841,-0.103017215498428,-0.102773840683673,NaN,NaN,NaN,-0.102299605970461,-0.102064530800947,NaN,NaN,NaN,NaN,NaN,NaN,NaN,NaN,NaN,NaN,NaN,NaN,NaN,NaN,NaN,NaN,NaN,NaN,NaN,NaN,NaN,NaN,NaN,NaN,NaN,NaN,NaN,NaN,NaN,NaN,NaN,NaN,NaN,NaN,NaN,NaN,NaN,NaN,NaN,NaN,NaN,NaN,-0.102337040363037,-0.102556310564842,-0.102522578798031,NaN,NaN,NaN,NaN,NaN,NaN,NaN,NaN,NaN,NaN,NaN,NaN,NaN,NaN,NaN,NaN,NaN,NaN,NaN,NaN,NaN,NaN,NaN,NaN,NaN,-0.102865595321351,-0.102873749199896,-0.10297414370924,-0.103099610424176,NaN,NaN,NaN,NaN,NaN,NaN,NaN,NaN,NaN,NaN,NaN,NaN,NaN,NaN,NaN,NaN,NaN,NaN,NaN,NaN,NaN,NaN,NaN,NaN,NaN,NaN,NaN,NaN,NaN,NaN,NaN,NaN,NaN,NaN,NaN,NaN,NaN,NaN,NaN,NaN,NaN,NaN,NaN,NaN,NaN,NaN,NaN,NaN,NaN,NaN,NaN,NaN,NaN,NaN,NaN,NaN,NaN,NaN,NaN,NaN
NaN,NaN,NaN,NaN,NaN,NaN,NaN,NaN,NaN,NaN,NaN,NaN,NaN,NaN,NaN,NaN,NaN,NaN,NaN,NaN,NaN,NaN,NaN,NaN,NaN,NaN,NaN,NaN,NaN,NaN,NaN,NaN,NaN,NaN,NaN,NaN,NaN,NaN,NaN,NaN,NaN,NaN,NaN,NaN,NaN,NaN,NaN,NaN,NaN,NaN,NaN,NaN,NaN,NaN,NaN,NaN,NaN,NaN,NaN,NaN,NaN,NaN,NaN,NaN,NaN,NaN,NaN,NaN,NaN,NaN,NaN,NaN,NaN,NaN,NaN,NaN,NaN,NaN,NaN,NaN,NaN,NaN,NaN,NaN,NaN,NaN,NaN,NaN,NaN,NaN,NaN,NaN,NaN,NaN,NaN,NaN,NaN,NaN,NaN,NaN,NaN,NaN,NaN,-0.103143375573238,-0.103082329189999,-0.103058967071571,NaN,NaN,NaN,NaN,NaN,NaN,NaN,NaN,NaN,NaN,NaN,NaN,NaN,NaN,NaN,NaN,NaN,NaN,NaN,NaN,NaN,NaN,NaN,NaN,NaN,NaN,NaN,NaN,NaN,NaN,NaN,NaN,NaN,NaN,NaN,NaN,NaN,NaN,NaN,NaN,NaN,NaN,NaN,NaN,NaN,NaN,NaN,-0.10263843495613,-0.102614293023633,NaN,NaN,NaN,NaN,NaN,NaN,NaN,NaN,NaN,NaN,NaN,NaN,NaN,NaN,NaN,NaN,NaN,NaN,NaN,NaN,NaN,NaN,NaN,NaN,NaN,NaN,-0.102999149784958,-0.103067933938031,-0.103156637598375,-0.103250645677493,-0.103432063933167,-0.103449559082043,NaN,NaN,NaN,NaN,NaN,NaN,NaN,NaN,NaN,NaN,NaN,NaN,NaN,NaN,NaN,NaN,NaN,NaN,NaN,NaN,NaN,NaN,NaN,NaN,NaN,NaN,NaN,NaN,NaN,NaN,NaN,NaN,NaN,NaN,NaN,NaN,NaN,NaN,NaN,NaN,NaN,NaN,NaN,NaN,NaN,NaN,NaN,NaN,NaN,NaN,NaN,NaN,NaN,NaN,NaN,NaN,NaN,NaN
NaN,NaN,NaN,NaN,NaN,NaN,NaN,NaN,NaN,NaN,NaN,NaN,NaN,NaN,NaN,NaN,NaN,NaN,NaN,NaN,NaN,NaN,NaN,NaN,NaN,NaN,NaN,NaN,NaN,NaN,NaN,NaN,NaN,NaN,NaN,NaN,NaN,NaN,NaN,NaN,NaN,NaN,NaN,NaN,NaN,NaN,NaN,NaN,NaN,NaN,NaN,NaN,NaN,NaN,NaN,NaN,NaN,NaN,NaN,NaN,NaN,NaN,NaN,NaN,NaN,NaN,NaN,NaN,NaN,NaN,NaN,NaN,NaN,NaN,NaN,NaN,NaN,NaN,NaN,NaN,NaN,NaN,NaN,NaN,NaN,NaN,NaN,NaN,NaN,NaN,NaN,NaN,NaN,NaN,NaN,NaN,NaN,NaN,NaN,NaN,NaN,-0.100758604004104,-0.102875124911536,-0.10334982784477,-0.103207475337791,-0.0973829236141518,NaN,NaN,NaN,NaN,NaN,NaN,NaN,NaN,NaN,NaN,NaN,NaN,NaN,NaN,NaN,NaN,NaN,NaN,NaN,NaN,NaN,NaN,NaN,NaN,NaN,NaN,NaN,NaN,NaN,NaN,NaN,NaN,NaN,NaN,NaN,NaN,NaN,NaN,NaN,NaN,NaN,NaN,NaN,NaN,NaN,NaN,NaN,-0.102690747345154,-0.102698120600606,-0.101998363650896,NaN,NaN,NaN,NaN,NaN,NaN,NaN,NaN,NaN,NaN,NaN,NaN,NaN,NaN,NaN,NaN,NaN,NaN,NaN,NaN,NaN,NaN,NaN,NaN,NaN,NaN,-0.103223771727344,-0.103293280804839,-0.103384418876923,-0.103491362494661,-0.10357919131533,-0.103718956513017,-0.103795872006669,-0.103876448361382,-0.103926681195951,-0.103940948653471,-0.0999999720079062,NaN,NaN,NaN,NaN,NaN,NaN,NaN,NaN,NaN,NaN,NaN,NaN,NaN,NaN,NaN,NaN,NaN,NaN,NaN,NaN,NaN,NaN,NaN,NaN,NaN,NaN,NaN,NaN,NaN,NaN,NaN,NaN,NaN,NaN,NaN,NaN,NaN,NaN,NaN,NaN,NaN,NaN,NaN,NaN,NaN,NaN,NaN,NaN,NaN,NaN,NaN,NaN
NaN,NaN,NaN,NaN,NaN,NaN,NaN,NaN,NaN,NaN,NaN,NaN,NaN,NaN,NaN,NaN,NaN,NaN,NaN,NaN,NaN,NaN,NaN,NaN,NaN,NaN,NaN,NaN,NaN,NaN,NaN,NaN,NaN,NaN,NaN,NaN,NaN,NaN,NaN,NaN,NaN,NaN,NaN,NaN,NaN,NaN,NaN,NaN,NaN,NaN,NaN,NaN,NaN,NaN,NaN,NaN,NaN,NaN,NaN,NaN,NaN,NaN,NaN,NaN,NaN,NaN,NaN,NaN,NaN,NaN,NaN,NaN,NaN,NaN,NaN,NaN,NaN,NaN,NaN,NaN,NaN,NaN,NaN,NaN,NaN,NaN,NaN,NaN,NaN,NaN,NaN,NaN,NaN,NaN,NaN,NaN,NaN,NaN,NaN,NaN,NaN,-0.10356824393306,-0.103529123964988,-0.103328484261392,-0.10035790630004,NaN,NaN,NaN,NaN,NaN,NaN,NaN,NaN,NaN,NaN,NaN,NaN,NaN,NaN,NaN,NaN,NaN,NaN,NaN,NaN,NaN,NaN,NaN,NaN,NaN,NaN,NaN,NaN,NaN,NaN,NaN,NaN,NaN,NaN,NaN,NaN,NaN,NaN,NaN,NaN,NaN,NaN,NaN,NaN,NaN,NaN,NaN,NaN,NaN,-0.10200373916327,-0.094599425910571,NaN,NaN,NaN,NaN,NaN,NaN,NaN,NaN,NaN,NaN,NaN,NaN,NaN,NaN,NaN,NaN,NaN,NaN,NaN,NaN,NaN,NaN,NaN,NaN,NaN,NaN,NaN,-0.10345533755373,-0.103511378440335,-0.103562203218685,-0.103588066113775,-0.103622235912296,-0.10367414397211,-0.103782471402058,-0.103874837629258,-0.103933239562956,-0.103965551308189,NaN,NaN,NaN,NaN,NaN,NaN,NaN,NaN,NaN,NaN,NaN,NaN,NaN,NaN,NaN,NaN,NaN,NaN,NaN,NaN,NaN,NaN,NaN,NaN,NaN,NaN,NaN,NaN,NaN,NaN,NaN,NaN,NaN,NaN,NaN,NaN,NaN,NaN,NaN,NaN,NaN,NaN,NaN,NaN,NaN,NaN,NaN,NaN,NaN,NaN,NaN,NaN
NaN,NaN,NaN,NaN,NaN,NaN,NaN,NaN,NaN,NaN,NaN,NaN,NaN,NaN,NaN,NaN,NaN,NaN,NaN,NaN,NaN,NaN,NaN,NaN,NaN,NaN,NaN,NaN,NaN,NaN,NaN,NaN,NaN,NaN,NaN,NaN,NaN,NaN,NaN,NaN,NaN,NaN,NaN,NaN,NaN,NaN,NaN,NaN,NaN,NaN,NaN,NaN,NaN,NaN,NaN,NaN,NaN,NaN,NaN,NaN,NaN,NaN,NaN,NaN,NaN,NaN,NaN,NaN,NaN,NaN,NaN,NaN,NaN,NaN,NaN,NaN,NaN,NaN,NaN,NaN,NaN,NaN,NaN,NaN,NaN,NaN,NaN,NaN,NaN,NaN,NaN,NaN,NaN,NaN,NaN,NaN,NaN,NaN,NaN,NaN,-0.103871269354497,-0.103749764920709,-0.10371767441904,NaN,NaN,NaN,NaN,NaN,NaN,NaN,NaN,NaN,NaN,NaN,NaN,NaN,NaN,NaN,NaN,NaN,NaN,NaN,NaN,NaN,NaN,NaN,NaN,NaN,NaN,NaN,NaN,NaN,NaN,NaN,NaN,NaN,NaN,NaN,NaN,NaN,NaN,NaN,NaN,NaN,NaN,NaN,NaN,NaN,NaN,NaN,NaN,NaN,NaN,NaN,-0.094663533456974,-0.0946689121797898,-0.0947420361649772,-0.0947984986809505,NaN,NaN,NaN,NaN,NaN,NaN,NaN,NaN,NaN,NaN,NaN,NaN,NaN,NaN,NaN,NaN,NaN,NaN,NaN,NaN,NaN,NaN,NaN,NaN,NaN,NaN,-0.103541374228771,-0.10360695081523,-0.103628338862266,-0.10363742051966,-0.103661107545495,-0.103801353173591,-0.103892878605204,-0.103954010466105,-0.103986084216241,-0.103977866109377,NaN,NaN,NaN,NaN,NaN,NaN,NaN,NaN,NaN,NaN,NaN,NaN,NaN,NaN,NaN,NaN,NaN,NaN,NaN,NaN,NaN,NaN,NaN,NaN,NaN,NaN,NaN,NaN,NaN,NaN,NaN,NaN,NaN,NaN,NaN,NaN,NaN,NaN,NaN,NaN,NaN,NaN,NaN,NaN,NaN,NaN,NaN,NaN,NaN,NaN,NaN
NaN,NaN,NaN,NaN,NaN,NaN,NaN,NaN,NaN,NaN,NaN,NaN,NaN,NaN,NaN,NaN,NaN,NaN,NaN,NaN,NaN,NaN,NaN,NaN,NaN,NaN,NaN,NaN,NaN,NaN,NaN,NaN,NaN,NaN,NaN,NaN,NaN,NaN,NaN,NaN,NaN,NaN,NaN,NaN,NaN,NaN,NaN,NaN,NaN,NaN,NaN,NaN,NaN,NaN,NaN,NaN,NaN,NaN,NaN,NaN,NaN,NaN,NaN,NaN,NaN,NaN,NaN,NaN,NaN,NaN,NaN,NaN,NaN,NaN,NaN,NaN,NaN,NaN,NaN,NaN,NaN,NaN,NaN,NaN,NaN,NaN,NaN,NaN,NaN,NaN,NaN,NaN,NaN,NaN,NaN,NaN,NaN,NaN,NaN,-0.101769209499995,-0.10397946962442,-0.103851698706415,-0.103108546463865,NaN,NaN,NaN,NaN,NaN,NaN,NaN,NaN,NaN,NaN,NaN,NaN,NaN,NaN,NaN,NaN,NaN,NaN,NaN,NaN,NaN,NaN,NaN,NaN,NaN,NaN,NaN,NaN,NaN,NaN,NaN,NaN,NaN,NaN,NaN,NaN,NaN,NaN,NaN,NaN,NaN,NaN,NaN,NaN,NaN,NaN,NaN,NaN,NaN,NaN,NaN,-0.0899669535593722,-0.0947328564995383,-0.0947357838691801,-0.0947970477093744,-0.0948467450821242,NaN,NaN,NaN,NaN,NaN,NaN,NaN,NaN,NaN,NaN,NaN,NaN,NaN,NaN,NaN,NaN,NaN,NaN,NaN,NaN,NaN,NaN,NaN,NaN,NaN,NaN,NaN,NaN,NaN,NaN,-0.103827320106459,-0.103899479234719,-0.103967842178092,-0.103981660692025,-0.104004484549346,NaN,NaN,NaN,NaN,NaN,NaN,NaN,NaN,NaN,NaN,NaN,NaN,NaN,NaN,NaN,NaN,NaN,NaN,NaN,NaN,NaN,NaN,NaN,NaN,NaN,NaN,NaN,NaN,NaN,NaN,NaN,NaN,NaN,NaN,NaN,NaN,NaN,NaN,NaN,NaN,NaN,NaN,NaN,NaN,NaN,NaN,NaN,NaN,NaN,NaN,NaN
NaN,NaN,NaN,NaN,NaN,NaN,NaN,NaN,NaN,NaN,NaN,NaN,NaN,NaN,NaN,NaN,NaN,NaN,NaN,NaN,NaN,NaN,NaN,NaN,NaN,NaN,NaN,NaN,NaN,NaN,NaN,NaN,NaN,NaN,NaN,NaN,NaN,NaN,NaN,NaN,NaN,NaN,NaN,NaN,NaN,NaN,NaN,NaN,NaN,NaN,NaN,NaN,NaN,NaN,NaN,NaN,NaN,NaN,NaN,NaN,NaN,NaN,NaN,NaN,NaN,NaN,NaN,NaN,NaN,NaN,NaN,NaN,NaN,NaN,NaN,NaN,NaN,NaN,NaN,NaN,NaN,NaN,NaN,NaN,NaN,NaN,NaN,NaN,NaN,NaN,NaN,NaN,NaN,NaN,NaN,NaN,NaN,NaN,NaN,-0.103897745785612,-0.104136282535672,-0.103638021567368,NaN,NaN,NaN,NaN,NaN,NaN,NaN,NaN,NaN,NaN,NaN,NaN,NaN,NaN,NaN,NaN,NaN,NaN,NaN,NaN,NaN,NaN,NaN,NaN,NaN,NaN,NaN,NaN,NaN,NaN,NaN,NaN,NaN,NaN,NaN,NaN,NaN,NaN,NaN,NaN,NaN,NaN,NaN,NaN,NaN,NaN,NaN,NaN,NaN,NaN,NaN,NaN,NaN,NaN,NaN,-0.0948176977605453,-0.0948284707659789,NaN,NaN,NaN,NaN,NaN,NaN,NaN,NaN,NaN,NaN,NaN,NaN,NaN,NaN,NaN,NaN,NaN,NaN,NaN,NaN,NaN,NaN,NaN,NaN,NaN,NaN,NaN,NaN,NaN,NaN,-0.103844924321501,-0.10395815501416,-0.104022348864175,-0.104033121562989,-0.104040181034589,NaN,NaN,NaN,NaN,NaN,NaN,NaN,NaN,NaN,NaN,NaN,NaN,NaN,NaN,NaN,NaN,NaN,NaN,NaN,NaN,NaN,NaN,NaN,NaN,NaN,NaN,NaN,NaN,NaN,NaN,NaN,NaN,NaN,NaN,NaN,NaN,NaN,NaN,NaN,NaN,NaN,NaN,NaN,NaN,NaN,NaN,NaN,NaN,NaN,NaN,NaN
NaN,NaN,NaN,NaN,NaN,NaN,NaN,NaN,NaN,NaN,NaN,NaN,NaN,NaN,NaN,NaN,NaN,NaN,NaN,NaN,NaN,NaN,NaN,NaN,NaN,NaN,NaN,NaN,NaN,NaN,NaN,NaN,NaN,NaN,NaN,NaN,NaN,NaN,NaN,NaN,NaN,NaN,NaN,NaN,NaN,NaN,NaN,NaN,NaN,NaN,NaN,NaN,NaN,NaN,NaN,NaN,NaN,NaN,NaN,NaN,NaN,NaN,NaN,NaN,NaN,NaN,NaN,NaN,NaN,NaN,NaN,NaN,NaN,NaN,NaN,NaN,NaN,NaN,NaN,NaN,NaN,NaN,NaN,NaN,NaN,NaN,NaN,NaN,NaN,NaN,NaN,NaN,NaN,NaN,NaN,NaN,NaN,-0.104273522622201,-0.104241138870076,-0.104109130140458,-0.104018185920162,NaN,NaN,NaN,NaN,NaN,NaN,NaN,NaN,NaN,NaN,NaN,NaN,NaN,NaN,NaN,NaN,NaN,NaN,NaN,NaN,NaN,NaN,NaN,NaN,NaN,NaN,NaN,NaN,NaN,NaN,NaN,NaN,NaN,NaN,NaN,NaN,NaN,NaN,NaN,NaN,NaN,NaN,NaN,NaN,NaN,NaN,NaN,NaN,NaN,NaN,NaN,NaN,NaN,NaN,NaN,NaN,-0.0948367173712845,-0.0948461780768938,NaN,NaN,NaN,NaN,NaN,NaN,NaN,NaN,NaN,NaN,NaN,NaN,NaN,NaN,NaN,NaN,NaN,NaN,NaN,NaN,NaN,NaN,NaN,NaN,NaN,NaN,NaN,NaN,NaN,NaN,NaN,-0.104058134479325,-0.104070822284721,-0.104082073504071,-0.104108558585811,-0.104159482220236,NaN,NaN,NaN,NaN,NaN,NaN,NaN,NaN,NaN,NaN,NaN,NaN,NaN,NaN,NaN,NaN,NaN,NaN,NaN,NaN,NaN,NaN,NaN,NaN,NaN,NaN,NaN,NaN,NaN,NaN,NaN,NaN,NaN,NaN,NaN,NaN,NaN,NaN,NaN,NaN,NaN,NaN,NaN,NaN,NaN,NaN,NaN,NaN,NaN,NaN
NaN,NaN,NaN,NaN,NaN,NaN,NaN,NaN,NaN,NaN,NaN,NaN,NaN,NaN,NaN,NaN,NaN,NaN,NaN,NaN,NaN,NaN,NaN,NaN,NaN,NaN,NaN,NaN,NaN,NaN,NaN,NaN,NaN,NaN,NaN,NaN,NaN,NaN,NaN,NaN,NaN,NaN,NaN,NaN,NaN,NaN,NaN,NaN,NaN,NaN,NaN,NaN,NaN,NaN,NaN,NaN,NaN,NaN,NaN,NaN,NaN,NaN,NaN,NaN,NaN,NaN,NaN,NaN,NaN,NaN,NaN,NaN,NaN,NaN,NaN,NaN,NaN,NaN,NaN,NaN,NaN,NaN,NaN,NaN,NaN,NaN,NaN,NaN,NaN,NaN,NaN,NaN,NaN,NaN,NaN,NaN,NaN,-0.104282869326369,-0.104248397043281,-0.104185303071912,-0.104037959363397,NaN,NaN,NaN,NaN,NaN,NaN,NaN,NaN,NaN,NaN,NaN,NaN,NaN,NaN,NaN,NaN,NaN,NaN,NaN,NaN,NaN,NaN,NaN,NaN,NaN,NaN,NaN,NaN,NaN,NaN,NaN,NaN,NaN,NaN,NaN,NaN,NaN,NaN,NaN,NaN,NaN,NaN,NaN,NaN,NaN,NaN,NaN,NaN,NaN,NaN,NaN,NaN,NaN,NaN,NaN,NaN,-0.0948545344283468,-0.0948605173066865,NaN,NaN,NaN,NaN,NaN,NaN,NaN,NaN,NaN,NaN,NaN,NaN,NaN,NaN,NaN,NaN,NaN,NaN,NaN,NaN,NaN,NaN,NaN,NaN,NaN,NaN,NaN,NaN,NaN,NaN,NaN,-0.104118777159583,-0.104104512686312,-0.104111137586197,-0.104130500308662,-0.104181281927512,-0.104250652486136,NaN,NaN,NaN,NaN,NaN,NaN,NaN,NaN,NaN,NaN,NaN,NaN,NaN,NaN,NaN,NaN,NaN,NaN,NaN,NaN,NaN,NaN,NaN,NaN,NaN,NaN,NaN,NaN,NaN,NaN,NaN,NaN,NaN,NaN,NaN,NaN,NaN,NaN,NaN,NaN,NaN,NaN,NaN,NaN,NaN,NaN,NaN,NaN,NaN
NaN,NaN,NaN,NaN,NaN,NaN,NaN,NaN,NaN,NaN,NaN,NaN,NaN,NaN,NaN,NaN,NaN,NaN,NaN,NaN,NaN,NaN,NaN,NaN,NaN,NaN,NaN,NaN,NaN,NaN,NaN,NaN,NaN,NaN,NaN,NaN,NaN,NaN,NaN,NaN,NaN,NaN,NaN,NaN,NaN,NaN,NaN,NaN,NaN,NaN,NaN,NaN,NaN,NaN,NaN,NaN,NaN,NaN,NaN,NaN,NaN,NaN,NaN,NaN,NaN,NaN,NaN,NaN,NaN,NaN,NaN,NaN,NaN,NaN,NaN,NaN,NaN,NaN,NaN,NaN,NaN,NaN,NaN,NaN,NaN,NaN,NaN,NaN,NaN,NaN,NaN,NaN,NaN,NaN,NaN,NaN,NaN,-0.104391758529453,-0.104326870390691,-0.104308516164582,NaN,NaN,NaN,NaN,NaN,NaN,NaN,NaN,NaN,NaN,NaN,NaN,NaN,NaN,NaN,NaN,NaN,NaN,NaN,NaN,NaN,NaN,NaN,NaN,NaN,NaN,NaN,NaN,NaN,NaN,NaN,NaN,NaN,NaN,NaN,NaN,NaN,NaN,NaN,NaN,NaN,NaN,NaN,NaN,NaN,NaN,NaN,NaN,NaN,NaN,NaN,NaN,NaN,NaN,NaN,NaN,NaN,-0.094894689029855,-0.0948858225879723,NaN,NaN,NaN,NaN,NaN,NaN,NaN,NaN,NaN,NaN,NaN,NaN,NaN,NaN,NaN,NaN,NaN,NaN,NaN,NaN,NaN,NaN,NaN,NaN,NaN,NaN,NaN,NaN,NaN,NaN,NaN,-0.104161326668263,-0.10414315759257,-0.104158493883572,-0.104177027705217,-0.104208308597586,-0.104205153823103,NaN,NaN,NaN,NaN,NaN,NaN,NaN,NaN,NaN,NaN,NaN,NaN,NaN,NaN,NaN,NaN,NaN,NaN,NaN,NaN,NaN,NaN,NaN,NaN,NaN,NaN,NaN,NaN,NaN,NaN,NaN,NaN,NaN,NaN,NaN,NaN,NaN,NaN,NaN,NaN,NaN,NaN,NaN,NaN,NaN,NaN,NaN,NaN,NaN
NaN,NaN,NaN,NaN,NaN,NaN,NaN,NaN,NaN,NaN,NaN,NaN,NaN,NaN,NaN,NaN,NaN,NaN,NaN,NaN,NaN,NaN,NaN,NaN,NaN,NaN,NaN,NaN,NaN,NaN,NaN,NaN,NaN,NaN,NaN,NaN,NaN,NaN,NaN,NaN,NaN,NaN,NaN,NaN,NaN,NaN,NaN,NaN,NaN,NaN,NaN,NaN,NaN,NaN,NaN,NaN,NaN,NaN,NaN,NaN,NaN,NaN,NaN,NaN,NaN,NaN,NaN,NaN,NaN,NaN,NaN,NaN,NaN,NaN,NaN,NaN,NaN,NaN,NaN,NaN,NaN,NaN,NaN,NaN,NaN,NaN,NaN,NaN,NaN,NaN,NaN,NaN,NaN,NaN,NaN,NaN,-0.104407357113942,-0.104509850091318,-0.104379209728059,-0.104352327519811,NaN,NaN,NaN,NaN,NaN,NaN,NaN,NaN,NaN,NaN,NaN,NaN,NaN,NaN,NaN,NaN,NaN,NaN,NaN,NaN,NaN,NaN,NaN,NaN,NaN,NaN,NaN,NaN,NaN,NaN,NaN,NaN,NaN,NaN,NaN,NaN,NaN,NaN,NaN,NaN,NaN,NaN,NaN,NaN,NaN,NaN,NaN,NaN,NaN,NaN,NaN,NaN,NaN,NaN,NaN,NaN,NaN,-0.0949750871045381,-0.0914606032306191,NaN,NaN,NaN,NaN,NaN,NaN,NaN,NaN,NaN,NaN,NaN,NaN,NaN,NaN,NaN,NaN,NaN,NaN,NaN,NaN,NaN,NaN,NaN,NaN,NaN,NaN,NaN,NaN,NaN,NaN,NaN,-0.10418730883214,-0.104201553755556,-0.104224434378962,-0.104245572625337,-0.104284379919891,-0.10436287903682,-0.104476222510651,-0.104436828870308,-0.0979165378038994,-0.0898287889130952,NaN,NaN,NaN,NaN,NaN,NaN,NaN,NaN,NaN,NaN,NaN,NaN,NaN,NaN,NaN,NaN,NaN,NaN,NaN,NaN,NaN,NaN,NaN,NaN,NaN,NaN,NaN,NaN,NaN,NaN,NaN,NaN,NaN,NaN,NaN,NaN,NaN,NaN,NaN,NaN,NaN,NaN,NaN,NaN,NaN
NaN,NaN,NaN,NaN,NaN,NaN,NaN,NaN,NaN,NaN,NaN,NaN,NaN,NaN,NaN,NaN,NaN,NaN,NaN,NaN,NaN,NaN,NaN,NaN,NaN,NaN,NaN,NaN,NaN,NaN,NaN,NaN,NaN,NaN,NaN,NaN,NaN,NaN,NaN,NaN,NaN,NaN,NaN,NaN,NaN,NaN,NaN,NaN,NaN,NaN,NaN,NaN,NaN,NaN,NaN,NaN,NaN,NaN,NaN,NaN,NaN,NaN,NaN,NaN,NaN,NaN,NaN,NaN,NaN,NaN,NaN,NaN,NaN,NaN,NaN,NaN,NaN,NaN,NaN,NaN,NaN,NaN,NaN,NaN,NaN,NaN,NaN,NaN,NaN,NaN,NaN,NaN,NaN,NaN,-0.104938378238059,-0.104884325782955,-0.104777966255256,-0.104698295340864,NaN,NaN,NaN,NaN,NaN,NaN,NaN,NaN,NaN,NaN,NaN,NaN,NaN,NaN,NaN,NaN,NaN,NaN,NaN,NaN,NaN,NaN,NaN,NaN,NaN,NaN,NaN,NaN,NaN,NaN,NaN,NaN,NaN,NaN,NaN,NaN,NaN,NaN,NaN,NaN,NaN,NaN,NaN,NaN,NaN,NaN,NaN,NaN,NaN,NaN,NaN,NaN,NaN,NaN,NaN,NaN,NaN,NaN,NaN,-0.0950065109895379,-0.0949616838954217,NaN,NaN,NaN,NaN,NaN,NaN,NaN,NaN,NaN,NaN,NaN,NaN,NaN,NaN,NaN,NaN,NaN,NaN,NaN,NaN,NaN,NaN,NaN,NaN,NaN,NaN,NaN,NaN,NaN,NaN,NaN,-0.10424373306342,-0.104275434609077,-0.104276603276937,-0.104297502081308,-0.104362711750621,-0.104436599617251,-0.10447743748782,-0.103882521550581,-0.0955827901377588,-0.0879656581524401,-0.0818688520871493,-0.0776789874053782,NaN,NaN,NaN,NaN,NaN,NaN,NaN,NaN,NaN,NaN,NaN,NaN,NaN,NaN,NaN,NaN,NaN,NaN,NaN,NaN,NaN,NaN,NaN,NaN,NaN,NaN,NaN,NaN,NaN,NaN,NaN,NaN,NaN,NaN,NaN,NaN,NaN,NaN,NaN,NaN,NaN,NaN,NaN
NaN,NaN,NaN,NaN,NaN,NaN,NaN,NaN,NaN,NaN,NaN,NaN,NaN,NaN,NaN,NaN,NaN,NaN,NaN,NaN,NaN,NaN,NaN,NaN,NaN,NaN,NaN,NaN,NaN,NaN,NaN,NaN,NaN,NaN,NaN,NaN,NaN,NaN,NaN,NaN,NaN,NaN,NaN,NaN,NaN,NaN,NaN,NaN,NaN,NaN,NaN,NaN,NaN,NaN,NaN,NaN,NaN,NaN,NaN,NaN,NaN,NaN,NaN,NaN,NaN,NaN,NaN,NaN,NaN,NaN,NaN,NaN,NaN,NaN,NaN,NaN,NaN,NaN,NaN,NaN,NaN,NaN,NaN,NaN,NaN,NaN,NaN,NaN,NaN,NaN,-0.104266778032465,-0.10509190265071,-0.105065400250585,-0.105014935453565,-0.104960620475818,-0.10490178341867,-0.10480778901113,-0.104742268266136,NaN,NaN,NaN,NaN,NaN,NaN,NaN,NaN,NaN,NaN,NaN,NaN,NaN,NaN,NaN,NaN,NaN,NaN,NaN,NaN,NaN,NaN,NaN,NaN,NaN,NaN,NaN,NaN,NaN,NaN,NaN,NaN,NaN,NaN,NaN,NaN,NaN,NaN,NaN,NaN,NaN,NaN,NaN,NaN,NaN,NaN,NaN,NaN,NaN,NaN,NaN,NaN,NaN,NaN,NaN,NaN,NaN,NaN,NaN,-0.0950385413228589,NaN,NaN,NaN,NaN,NaN,NaN,NaN,NaN,NaN,NaN,NaN,NaN,NaN,NaN,NaN,NaN,NaN,NaN,NaN,NaN,NaN,NaN,NaN,NaN,NaN,NaN,NaN,NaN,NaN,NaN,NaN,NaN,-0.104332080300108,-0.104339690346772,NaN,-0.104348641446092,-0.10447888667754,-0.104544385584216,-0.10456691783505,-0.104629955213076,-0.101644842950684,-0.092812113273331,-0.0856426586575047,-0.0802347182815878,NaN,NaN,NaN,NaN,NaN,NaN,NaN,NaN,NaN,NaN,NaN,NaN,NaN,NaN,NaN,NaN,NaN,NaN,NaN,NaN,NaN,NaN,NaN,NaN,NaN,NaN,NaN,NaN,NaN,NaN,NaN,NaN,NaN,NaN,NaN,NaN,NaN,NaN,NaN,NaN,NaN,NaN,NaN
NaN,NaN,NaN,NaN,NaN,NaN,NaN,NaN,NaN,NaN,NaN,NaN,NaN,NaN,NaN,NaN,NaN,NaN,NaN,NaN,NaN,NaN,NaN,NaN,NaN,NaN,NaN,NaN,NaN,NaN,NaN,NaN,NaN,NaN,NaN,NaN,NaN,NaN,NaN,NaN,NaN,NaN,NaN,NaN,NaN,NaN,NaN,NaN,NaN,NaN,NaN,NaN,NaN,NaN,NaN,NaN,NaN,NaN,NaN,NaN,NaN,NaN,NaN,NaN,NaN,NaN,NaN,NaN,NaN,NaN,NaN,NaN,NaN,NaN,NaN,NaN,NaN,NaN,NaN,NaN,NaN,NaN,NaN,NaN,NaN,NaN,NaN,-0.103524568148041,-0.103505673360789,-0.103485655955681,-0.103355504613563,-0.105089323726233,-0.105053612527833,-0.105017241990487,-0.104978344967195,-0.104930539269373,-0.102231654562008,NaN,NaN,NaN,NaN,NaN,NaN,NaN,NaN,NaN,NaN,NaN,NaN,NaN,NaN,NaN,NaN,NaN,NaN,NaN,NaN,NaN,NaN,NaN,NaN,NaN,NaN,NaN,NaN,NaN,NaN,NaN,NaN,NaN,NaN,NaN,NaN,NaN,NaN,NaN,NaN,NaN,NaN,NaN,NaN,NaN,NaN,NaN,NaN,NaN,NaN,NaN,NaN,NaN,NaN,NaN,NaN,NaN,NaN,NaN,-0.0951392839950527,-0.0950911675152909,NaN,NaN,NaN,NaN,NaN,NaN,NaN,NaN,NaN,NaN,NaN,NaN,NaN,NaN,NaN,NaN,NaN,NaN,NaN,NaN,NaN,NaN,NaN,NaN,NaN,NaN,NaN,NaN,NaN,NaN,NaN,NaN,-0.104422555128708,-0.104389109965309,NaN,NaN,-0.104658236692161,-0.104699705377151,-0.104698053496213,-0.104714926448565,-0.101682790526005,NaN,NaN,NaN,NaN,NaN,NaN,NaN,NaN,NaN,NaN,NaN,NaN,NaN,NaN,NaN,NaN,NaN,NaN,NaN,NaN,NaN,NaN,NaN,NaN,NaN,NaN,NaN,NaN,NaN,NaN,NaN,NaN,NaN,NaN,NaN,NaN,NaN,NaN,NaN,NaN,NaN,NaN,NaN,NaN,NaN,NaN
NaN,NaN,NaN,NaN,NaN,NaN,NaN,NaN,NaN,NaN,NaN,NaN,NaN,NaN,NaN,NaN,NaN,NaN,NaN,NaN,NaN,NaN,NaN,NaN,NaN,NaN,NaN,NaN,NaN,NaN,NaN,NaN,NaN,NaN,NaN,NaN,NaN,NaN,NaN,NaN,NaN,NaN,NaN,NaN,NaN,NaN,NaN,NaN,NaN,NaN,NaN,NaN,NaN,NaN,NaN,NaN,NaN,NaN,NaN,NaN,NaN,NaN,NaN,NaN,NaN,NaN,NaN,NaN,NaN,NaN,NaN,NaN,NaN,NaN,NaN,NaN,NaN,NaN,NaN,NaN,NaN,NaN,NaN,NaN,NaN,NaN,NaN,-0.103526392057872,-0.103513283309279,-0.103499466063511,-0.101091098179048,NaN,-0.105055096043298,-0.105027951370872,-0.104996623814288,NaN,NaN,NaN,NaN,NaN,NaN,NaN,NaN,NaN,NaN,NaN,NaN,NaN,NaN,NaN,NaN,NaN,NaN,NaN,NaN,NaN,NaN,NaN,NaN,NaN,NaN,NaN,NaN,NaN,NaN,NaN,NaN,NaN,NaN,NaN,NaN,NaN,NaN,NaN,NaN,NaN,NaN,NaN,NaN,NaN,NaN,NaN,NaN,NaN,NaN,NaN,NaN,NaN,NaN,NaN,NaN,NaN,NaN,NaN,NaN,NaN,-0.0951158388004061,-0.095097548800776,NaN,NaN,NaN,NaN,NaN,NaN,NaN,NaN,NaN,NaN,NaN,NaN,NaN,NaN,NaN,NaN,NaN,NaN,NaN,NaN,NaN,NaN,NaN,NaN,NaN,NaN,NaN,NaN,NaN,NaN,NaN,NaN,-0.104494128138659,-0.104446616509026,NaN,NaN,-0.104873165665003,-0.104886849720564,-0.104865698456828,-0.104856692278902,-0.101774658640963,NaN,NaN,NaN,NaN,NaN,NaN,NaN,NaN,NaN,NaN,NaN,NaN,NaN,NaN,NaN,NaN,NaN,NaN,NaN,NaN,NaN,NaN,NaN,NaN,NaN,NaN,NaN,NaN,NaN,NaN,NaN,NaN,NaN,NaN,NaN,NaN,NaN,NaN,NaN,NaN,NaN,NaN,NaN,NaN,NaN,NaN
NaN,NaN,NaN,NaN,NaN,NaN,NaN,NaN,NaN,NaN,NaN,NaN,NaN,NaN,NaN,NaN,NaN,NaN,NaN,NaN,NaN,NaN,NaN,NaN,NaN,NaN,NaN,NaN,NaN,NaN,NaN,NaN,NaN,NaN,NaN,NaN,NaN,NaN,NaN,NaN,NaN,NaN,NaN,NaN,NaN,NaN,NaN,NaN,NaN,NaN,NaN,NaN,NaN,NaN,NaN,NaN,NaN,NaN,NaN,NaN,NaN,NaN,NaN,NaN,NaN,NaN,NaN,NaN,NaN,NaN,NaN,NaN,NaN,NaN,NaN,NaN,NaN,NaN,NaN,NaN,NaN,NaN,NaN,NaN,NaN,NaN,NaN,NaN,NaN,NaN,NaN,NaN,-0.0963981326674575,-0.0997443801660813,NaN,NaN,NaN,NaN,NaN,NaN,NaN,NaN,NaN,NaN,NaN,NaN,NaN,NaN,NaN,NaN,NaN,NaN,NaN,NaN,NaN,NaN,NaN,NaN,NaN,NaN,NaN,NaN,NaN,NaN,NaN,NaN,NaN,NaN,NaN,NaN,NaN,NaN,NaN,NaN,NaN,NaN,NaN,NaN,NaN,NaN,NaN,NaN,NaN,NaN,NaN,NaN,NaN,NaN,NaN,NaN,NaN,NaN,NaN,NaN,NaN,-0.0933622859039307,-0.0951594747789285,NaN,NaN,NaN,NaN,NaN,NaN,NaN,NaN,NaN,NaN,NaN,NaN,NaN,NaN,NaN,NaN,NaN,NaN,NaN,NaN,NaN,NaN,NaN,NaN,NaN,NaN,NaN,NaN,NaN,NaN,NaN,NaN,NaN,-0.104589891451659,-0.104604361500724,-0.104743174535778,NaN,-0.105102301671299,-0.105052146538869,-0.10503759765819,-0.105019913909712,-0.101891883161717,NaN,NaN,NaN,NaN,NaN,NaN,NaN,NaN,NaN,NaN,NaN,NaN,NaN,NaN,NaN,NaN,NaN,NaN,NaN,NaN,NaN,NaN,NaN,NaN,NaN,NaN,NaN,NaN,NaN,NaN,NaN,NaN,NaN,NaN,NaN,NaN,NaN,NaN,NaN,NaN,NaN,NaN,NaN,NaN,NaN,NaN
NaN,NaN,NaN,NaN,NaN,NaN,NaN,NaN,NaN,NaN,NaN,NaN,NaN,NaN,NaN,NaN,NaN,NaN,NaN,NaN,NaN,NaN,NaN,NaN,NaN,NaN,NaN,NaN,NaN,NaN,NaN,NaN,NaN,NaN,NaN,NaN,NaN,NaN,NaN,NaN,NaN,NaN,NaN,NaN,NaN,NaN,NaN,NaN,NaN,NaN,NaN,NaN,NaN,NaN,NaN,NaN,NaN,NaN,NaN,NaN,NaN,NaN,NaN,NaN,NaN,NaN,NaN,NaN,NaN,NaN,NaN,NaN,NaN,NaN,NaN,NaN,NaN,NaN,NaN,NaN,NaN,NaN,NaN,NaN,NaN,NaN,NaN,NaN,NaN,NaN,NaN,NaN,NaN,NaN,NaN,NaN,NaN,NaN,NaN,NaN,NaN,NaN,NaN,NaN,NaN,NaN,NaN,NaN,NaN,NaN,NaN,NaN,NaN,NaN,NaN,NaN,NaN,NaN,NaN,NaN,NaN,NaN,NaN,NaN,NaN,NaN,NaN,NaN,NaN,NaN,NaN,NaN,NaN,NaN,NaN,NaN,NaN,NaN,NaN,NaN,NaN,NaN,NaN,NaN,NaN,NaN,NaN,NaN,NaN,NaN,NaN,NaN,NaN,NaN,NaN,-0.0951860530838662,-0.0951752240240661,NaN,NaN,NaN,NaN,NaN,NaN,NaN,NaN,NaN,NaN,NaN,NaN,NaN,NaN,NaN,NaN,NaN,NaN,NaN,NaN,NaN,NaN,NaN,NaN,NaN,NaN,NaN,NaN,NaN,NaN,NaN,NaN,NaN,NaN,-0.104674406329712,-0.102248540817184,NaN,-0.105253498151006,-0.105214054919933,-0.105202130746488,-0.105178466807582,-0.105181439062345,NaN,NaN,NaN,NaN,NaN,NaN,NaN,NaN,NaN,NaN,NaN,NaN,NaN,NaN,NaN,NaN,NaN,NaN,NaN,NaN,NaN,NaN,NaN,NaN,NaN,NaN,NaN,NaN,NaN,NaN,NaN,NaN,NaN,NaN,NaN,NaN,NaN,NaN,NaN,NaN,NaN,NaN,NaN,NaN,NaN,NaN
NaN,NaN,NaN,NaN,NaN,NaN,NaN,NaN,NaN,NaN,NaN,NaN,NaN,NaN,NaN,NaN,NaN,NaN,NaN,NaN,NaN,NaN,NaN,NaN,NaN,NaN,NaN,NaN,NaN,NaN,NaN,NaN,NaN,NaN,NaN,NaN,NaN,NaN,NaN,NaN,NaN,NaN,NaN,NaN,NaN,NaN,NaN,NaN,NaN,NaN,NaN,NaN,NaN,NaN,NaN,NaN,NaN,NaN,NaN,NaN,NaN,NaN,NaN,NaN,NaN,NaN,NaN,NaN,NaN,NaN,NaN,NaN,NaN,NaN,NaN,NaN,NaN,NaN,NaN,NaN,NaN,NaN,NaN,NaN,NaN,NaN,NaN,NaN,NaN,NaN,NaN,NaN,NaN,NaN,NaN,NaN,NaN,NaN,NaN,NaN,NaN,NaN,NaN,NaN,NaN,NaN,NaN,NaN,NaN,NaN,NaN,NaN,NaN,NaN,NaN,NaN,NaN,NaN,NaN,NaN,NaN,NaN,NaN,NaN,NaN,NaN,NaN,NaN,NaN,NaN,NaN,NaN,NaN,NaN,NaN,NaN,NaN,NaN,NaN,NaN,NaN,NaN,NaN,NaN,NaN,NaN,NaN,NaN,NaN,NaN,NaN,NaN,NaN,NaN,NaN,NaN,-0.0951994094510909,-0.0951846144934766,NaN,NaN,NaN,NaN,NaN,NaN,NaN,NaN,NaN,NaN,NaN,NaN,NaN,NaN,NaN,NaN,NaN,NaN,NaN,NaN,NaN,NaN,NaN,NaN,NaN,NaN,NaN,NaN,NaN,NaN,NaN,NaN,NaN,-0.1047194590421,-0.10469361110116,NaN,-0.105338405552064,-0.105325427449306,-0.105309954564877,-0.105304039296086,-0.10530561484314,-0.102126313618585,NaN,NaN,NaN,NaN,NaN,NaN,NaN,NaN,NaN,NaN,NaN,NaN,NaN,NaN,NaN,NaN,NaN,NaN,NaN,NaN,NaN,NaN,NaN,NaN,NaN,NaN,NaN,NaN,NaN,NaN,NaN,NaN,NaN,NaN,NaN,NaN,NaN,NaN,NaN,NaN,NaN,NaN,NaN,NaN,NaN
NaN,NaN,NaN,NaN,NaN,NaN,NaN,NaN,NaN,NaN,NaN,NaN,NaN,NaN,NaN,NaN,NaN,NaN,NaN,NaN,NaN,NaN,NaN,NaN,NaN,NaN,NaN,NaN,NaN,NaN,NaN,NaN,NaN,NaN,NaN,NaN,NaN,NaN,NaN,NaN,NaN,NaN,NaN,NaN,NaN,NaN,NaN,NaN,NaN,NaN,NaN,NaN,NaN,NaN,NaN,NaN,NaN,NaN,NaN,NaN,NaN,NaN,NaN,NaN,NaN,NaN,NaN,NaN,NaN,NaN,NaN,NaN,NaN,NaN,NaN,NaN,NaN,NaN,NaN,NaN,NaN,NaN,NaN,NaN,NaN,NaN,NaN,NaN,NaN,NaN,NaN,NaN,NaN,NaN,NaN,NaN,NaN,NaN,NaN,NaN,NaN,NaN,NaN,NaN,NaN,NaN,NaN,NaN,NaN,NaN,NaN,NaN,NaN,NaN,NaN,NaN,NaN,NaN,NaN,NaN,NaN,NaN,NaN,NaN,NaN,NaN,NaN,NaN,NaN,NaN,NaN,NaN,NaN,NaN,NaN,NaN,NaN,NaN,NaN,NaN,NaN,NaN,NaN,NaN,NaN,NaN,NaN,NaN,NaN,NaN,NaN,NaN,NaN,NaN,NaN,NaN,NaN,-0.0951579856260453,NaN,NaN,NaN,NaN,NaN,NaN,NaN,NaN,NaN,NaN,NaN,NaN,NaN,NaN,NaN,NaN,NaN,NaN,NaN,NaN,NaN,NaN,NaN,NaN,NaN,NaN,NaN,NaN,NaN,NaN,NaN,NaN,-0.104874738819839,-0.104805074430174,-0.104770669503016,NaN,-0.105350856553554,-0.10537224281413,-0.105366546542235,-0.105366658932306,-0.105365377839265,-0.105353302039427,-0.100387597002791,NaN,NaN,NaN,NaN,NaN,NaN,NaN,NaN,NaN,NaN,NaN,NaN,NaN,NaN,NaN,NaN,NaN,NaN,NaN,NaN,NaN,NaN,NaN,NaN,NaN,NaN,NaN,NaN,NaN,NaN,NaN,NaN,NaN,NaN,NaN,NaN,NaN,NaN,NaN,NaN,NaN,NaN,NaN,NaN
NaN,NaN,NaN,NaN,NaN,NaN,NaN,NaN,NaN,NaN,NaN,NaN,NaN,NaN,NaN,NaN,NaN,NaN,NaN,NaN,NaN,NaN,NaN,NaN,NaN,NaN,NaN,NaN,NaN,NaN,NaN,NaN,NaN,NaN,NaN,NaN,NaN,NaN,NaN,NaN,NaN,NaN,NaN,NaN,NaN,NaN,NaN,NaN,NaN,NaN,NaN,NaN,NaN,NaN,NaN,NaN,NaN,NaN,NaN,NaN,NaN,NaN,NaN,NaN,NaN,NaN,NaN,NaN,NaN,NaN,NaN,NaN,NaN,NaN,NaN,NaN,NaN,NaN,NaN,NaN,NaN,NaN,NaN,NaN,NaN,NaN,NaN,NaN,NaN,NaN,NaN,NaN,NaN,NaN,NaN,NaN,NaN,NaN,NaN,NaN,NaN,NaN,NaN,NaN,NaN,NaN,NaN,NaN,NaN,NaN,NaN,NaN,NaN,NaN,NaN,NaN,NaN,NaN,NaN,NaN,NaN,NaN,NaN,NaN,NaN,NaN,NaN,NaN,NaN,NaN,NaN,NaN,NaN,NaN,NaN,NaN,NaN,NaN,NaN,NaN,NaN,NaN,NaN,NaN,NaN,NaN,NaN,NaN,NaN,NaN,NaN,NaN,NaN,NaN,NaN,NaN,NaN,-0.0902637113480624,-0.0836883297894879,NaN,NaN,NaN,NaN,NaN,NaN,NaN,NaN,NaN,NaN,NaN,NaN,NaN,NaN,NaN,NaN,NaN,NaN,NaN,NaN,NaN,NaN,NaN,NaN,NaN,NaN,NaN,NaN,NaN,NaN,NaN,-0.104886975397037,-0.10490414434831,-0.1048234042262,NaN,NaN,-0.105431407647286,-0.105411715607403,-0.105406337424999,-0.10539292726448,-0.105366033892034,-0.0995658911400416,NaN,NaN,NaN,NaN,-0.10580428145213,-0.105801042014906,-0.10579996684127,-0.105800802735898,-0.105799626943528,-0.105754105104568,NaN,NaN,NaN,NaN,NaN,NaN,NaN,NaN,NaN,NaN,NaN,NaN,NaN,NaN,NaN,NaN,NaN,NaN,NaN,NaN,NaN,NaN,NaN,NaN,NaN,NaN,NaN,NaN,NaN,NaN,NaN,NaN,NaN,NaN
NaN,NaN,NaN,NaN,NaN,NaN,NaN,NaN,NaN,NaN,NaN,NaN,NaN,NaN,NaN,NaN,NaN,NaN,NaN,NaN,NaN,NaN,NaN,NaN,NaN,NaN,NaN,NaN,NaN,NaN,NaN,NaN,NaN,NaN,NaN,NaN,NaN,NaN,NaN,NaN,NaN,NaN,NaN,NaN,NaN,NaN,NaN,NaN,NaN,NaN,NaN,NaN,NaN,NaN,NaN,NaN,NaN,NaN,NaN,NaN,NaN,NaN,NaN,NaN,NaN,NaN,NaN,NaN,NaN,NaN,NaN,NaN,NaN,NaN,NaN,NaN,NaN,NaN,NaN,NaN,NaN,NaN,NaN,NaN,NaN,NaN,NaN,NaN,NaN,NaN,NaN,NaN,NaN,NaN,NaN,NaN,NaN,NaN,NaN,NaN,NaN,NaN,NaN,NaN,NaN,NaN,NaN,NaN,NaN,NaN,NaN,NaN,NaN,NaN,NaN,NaN,NaN,NaN,NaN,NaN,NaN,NaN,NaN,NaN,NaN,NaN,NaN,NaN,NaN,NaN,NaN,NaN,NaN,NaN,NaN,NaN,NaN,NaN,NaN,NaN,NaN,NaN,NaN,NaN,NaN,NaN,NaN,NaN,NaN,NaN,NaN,NaN,NaN,NaN,NaN,NaN,NaN,-0.0836661090532061,-0.0809282694548883,NaN,NaN,NaN,NaN,NaN,NaN,NaN,NaN,NaN,NaN,NaN,NaN,NaN,NaN,NaN,NaN,NaN,NaN,NaN,NaN,NaN,NaN,NaN,NaN,NaN,NaN,NaN,NaN,NaN,NaN,-0.105047230523409,-0.104971812959498,-0.10494875906341,NaN,NaN,NaN,-0.105430893278776,-0.105436237023875,-0.105424912586392,-0.105419317902151,-0.10541384664736,NaN,NaN,NaN,NaN,-0.10579034058564,-0.10580580750038,-0.105803992497297,-0.105802853091819,-0.105800534377062,-0.105802449716832,-0.105803740700888,NaN,NaN,NaN,NaN,NaN,NaN,NaN,NaN,NaN,NaN,NaN,NaN,NaN,NaN,NaN,NaN,NaN,NaN,NaN,NaN,NaN,NaN,NaN,NaN,NaN,NaN,NaN,NaN,NaN,NaN,NaN,NaN,NaN,NaN
NaN,NaN,NaN,NaN,NaN,NaN,NaN,NaN,NaN,NaN,NaN,NaN,NaN,NaN,NaN,NaN,NaN,NaN,NaN,NaN,NaN,NaN,NaN,NaN,NaN,NaN,NaN,NaN,NaN,NaN,NaN,NaN,NaN,NaN,NaN,NaN,NaN,NaN,NaN,NaN,NaN,NaN,NaN,NaN,NaN,NaN,NaN,NaN,NaN,NaN,NaN,NaN,NaN,NaN,NaN,NaN,NaN,NaN,NaN,NaN,NaN,NaN,NaN,NaN,NaN,NaN,NaN,NaN,NaN,NaN,NaN,NaN,NaN,NaN,NaN,NaN,NaN,NaN,NaN,NaN,NaN,NaN,NaN,NaN,NaN,NaN,NaN,NaN,NaN,NaN,NaN,NaN,NaN,NaN,NaN,NaN,NaN,NaN,NaN,NaN,NaN,NaN,NaN,NaN,NaN,NaN,NaN,NaN,NaN,NaN,NaN,NaN,NaN,NaN,NaN,NaN,NaN,NaN,NaN,NaN,NaN,NaN,NaN,NaN,NaN,NaN,NaN,NaN,NaN,NaN,NaN,NaN,NaN,NaN,NaN,NaN,NaN,NaN,NaN,NaN,NaN,NaN,NaN,NaN,NaN,NaN,NaN,NaN,NaN,NaN,NaN,NaN,NaN,NaN,NaN,NaN,NaN,-0.0809163004085147,-0.0810624442779927,NaN,NaN,NaN,NaN,NaN,NaN,NaN,NaN,NaN,NaN,NaN,NaN,NaN,NaN,NaN,NaN,NaN,NaN,NaN,NaN,NaN,NaN,NaN,NaN,NaN,NaN,NaN,NaN,NaN,-0.10520954345148,-0.105122800855934,-0.105061697067164,-0.0983946272491413,NaN,NaN,NaN,NaN,-0.1054620563812,-0.105492906995137,-0.105502721881208,-0.105514226834713,-0.105564769284562,-0.105616233335834,-0.105652079804231,-0.105685021454665,-0.105745413418518,-0.105778690659457,-0.105794094201867,-0.105792314955324,-0.105798130466174,-0.10580604929554,-0.105806354694785,-0.105803021111414,-0.105555279099352,NaN,NaN,NaN,NaN,NaN,NaN,NaN,NaN,NaN,NaN,NaN,NaN,NaN,NaN,NaN,NaN,NaN,NaN,NaN,NaN,NaN,NaN,NaN,NaN,NaN,NaN,NaN,NaN,NaN,NaN,NaN,NaN
NaN,NaN,NaN,NaN,NaN,NaN,NaN,NaN,NaN,NaN,NaN,NaN,NaN,NaN,NaN,NaN,NaN,NaN,NaN,NaN,NaN,NaN,NaN,NaN,NaN,NaN,NaN,NaN,NaN,NaN,NaN,NaN,NaN,NaN,NaN,NaN,NaN,NaN,NaN,NaN,NaN,NaN,NaN,NaN,NaN,NaN,NaN,NaN,NaN,NaN,NaN,NaN,NaN,NaN,NaN,NaN,NaN,NaN,NaN,NaN,NaN,NaN,NaN,NaN,NaN,NaN,NaN,NaN,NaN,NaN,NaN,NaN,NaN,NaN,NaN,NaN,NaN,NaN,NaN,NaN,NaN,NaN,NaN,NaN,NaN,NaN,NaN,NaN,NaN,NaN,NaN,NaN,NaN,NaN,NaN,NaN,NaN,NaN,NaN,NaN,NaN,NaN,NaN,NaN,NaN,NaN,NaN,NaN,NaN,NaN,NaN,NaN,NaN,NaN,NaN,NaN,NaN,NaN,NaN,NaN,NaN,NaN,NaN,NaN,NaN,NaN,NaN,NaN,NaN,NaN,NaN,NaN,NaN,NaN,NaN,NaN,NaN,NaN,NaN,NaN,NaN,NaN,NaN,NaN,NaN,NaN,NaN,NaN,NaN,NaN,NaN,NaN,NaN,NaN,NaN,NaN,NaN,-0.0810809481163558,-0.0810680659939722,NaN,NaN,NaN,NaN,NaN,NaN,NaN,NaN,NaN,NaN,NaN,NaN,NaN,NaN,NaN,NaN,NaN,NaN,NaN,NaN,NaN,NaN,NaN,NaN,NaN,NaN,NaN,NaN,-0.105340503392922,-0.105260498302051,-0.105179854692828,-0.103498961193132,-0.0939843822242357,NaN,NaN,NaN,NaN,NaN,-0.105615862446589,-0.105581213596012,-0.105566798897168,-0.105580638735944,-0.105619321010264,-0.105661625407129,-0.105693094211493,-0.105733976997315,-0.10576572142409,-0.105784891526892,-0.105785466422452,-0.1057947755339,-0.105807301084353,-0.105807321526218,-0.105801309456994,-0.105796082461627,NaN,NaN,NaN,NaN,NaN,NaN,NaN,NaN,NaN,NaN,NaN,NaN,NaN,NaN,NaN,NaN,NaN,NaN,NaN,NaN,NaN,NaN,NaN,NaN,NaN,NaN,NaN,NaN,NaN,NaN,NaN,NaN
NaN,NaN,NaN,NaN,NaN,NaN,NaN,NaN,NaN,NaN,NaN,NaN,NaN,NaN,NaN,NaN,NaN,NaN,NaN,NaN,NaN,NaN,NaN,NaN,NaN,NaN,NaN,NaN,NaN,NaN,NaN,NaN,NaN,NaN,NaN,NaN,NaN,NaN,NaN,NaN,NaN,NaN,NaN,NaN,NaN,NaN,NaN,NaN,NaN,NaN,NaN,NaN,NaN,NaN,NaN,NaN,NaN,NaN,NaN,NaN,NaN,NaN,NaN,NaN,NaN,NaN,NaN,NaN,NaN,NaN,NaN,NaN,NaN,NaN,NaN,NaN,NaN,NaN,NaN,NaN,NaN,NaN,NaN,NaN,NaN,NaN,NaN,NaN,NaN,NaN,NaN,NaN,NaN,NaN,NaN,NaN,NaN,NaN,NaN,NaN,NaN,NaN,NaN,NaN,NaN,NaN,NaN,NaN,NaN,NaN,NaN,NaN,NaN,NaN,NaN,NaN,NaN,NaN,NaN,NaN,NaN,NaN,NaN,NaN,NaN,NaN,NaN,NaN,NaN,NaN,NaN,NaN,NaN,NaN,NaN,NaN,NaN,NaN,NaN,NaN,NaN,NaN,NaN,NaN,NaN,NaN,NaN,NaN,NaN,NaN,NaN,NaN,NaN,NaN,NaN,NaN,NaN,NaN,NaN,NaN,NaN,NaN,NaN,NaN,NaN,NaN,NaN,NaN,NaN,NaN,NaN,NaN,NaN,NaN,NaN,NaN,NaN,NaN,NaN,NaN,NaN,NaN,NaN,NaN,NaN,NaN,NaN,-0.105303715813397,-0.105274598873532,-0.105217973324706,-0.104414122658017,-0.095061003447504,NaN,NaN,NaN,NaN,NaN,-0.105655836919915,-0.105613276085476,-0.105584485658459,-0.105580995048279,-0.105601146678683,-0.10566544238423,-0.105708082770039,-0.105739556517517,-0.104922424378249,-0.105485341186248,NaN,NaN,-0.105811885400694,-0.105809776342395,-0.105801527137315,-0.10579471701056,-0.105610035191176,NaN,NaN,NaN,NaN,NaN,NaN,NaN,NaN,NaN,NaN,NaN,NaN,NaN,NaN,NaN,NaN,NaN,NaN,NaN,NaN,NaN,NaN,NaN,NaN,NaN,NaN,NaN,NaN,NaN,NaN,NaN
NaN,NaN,NaN,NaN,NaN,NaN,NaN,NaN,NaN,NaN,NaN,NaN,NaN,NaN,NaN,NaN,NaN,NaN,NaN,NaN,NaN,NaN,NaN,NaN,NaN,NaN,NaN,NaN,NaN,NaN,NaN,NaN,NaN,NaN,NaN,NaN,NaN,NaN,NaN,NaN,NaN,NaN,NaN,NaN,NaN,NaN,NaN,NaN,NaN,NaN,NaN,NaN,NaN,NaN,NaN,NaN,NaN,NaN,NaN,NaN,NaN,NaN,NaN,NaN,NaN,NaN,NaN,NaN,NaN,NaN,NaN,NaN,NaN,NaN,NaN,NaN,NaN,NaN,NaN,NaN,NaN,NaN,NaN,NaN,NaN,NaN,NaN,NaN,NaN,NaN,NaN,NaN,NaN,NaN,NaN,NaN,NaN,NaN,NaN,NaN,NaN,NaN,NaN,NaN,NaN,NaN,NaN,NaN,NaN,NaN,NaN,NaN,NaN,NaN,NaN,NaN,NaN,NaN,NaN,NaN,NaN,NaN,NaN,NaN,NaN,NaN,NaN,NaN,NaN,NaN,NaN,NaN,NaN,NaN,NaN,NaN,NaN,NaN,NaN,NaN,NaN,NaN,NaN,NaN,NaN,NaN,NaN,NaN,NaN,NaN,NaN,NaN,NaN,NaN,NaN,NaN,NaN,NaN,NaN,NaN,NaN,NaN,NaN,NaN,NaN,NaN,NaN,NaN,NaN,NaN,NaN,NaN,NaN,NaN,NaN,NaN,NaN,NaN,NaN,NaN,NaN,NaN,NaN,NaN,NaN,NaN,NaN,-0.105333730633011,-0.105303530726378,NaN,NaN,NaN,NaN,NaN,NaN,NaN,NaN,NaN,NaN,NaN,NaN,NaN,-0.105704914313708,-0.102355109819038,-0.104916170222071,NaN,NaN,NaN,NaN,-0.105810449905516,-0.1058051147572,-0.105801478250511,-0.105790284520786,-0.105754794021771,NaN,NaN,NaN,NaN,NaN,NaN,NaN,NaN,NaN,NaN,NaN,NaN,NaN,NaN,NaN,NaN,NaN,NaN,NaN,NaN,NaN,NaN,NaN,NaN,NaN,NaN,NaN,NaN,NaN,NaN,NaN
NaN,NaN,NaN,NaN,NaN,NaN,NaN,NaN,NaN,NaN,NaN,NaN,NaN,NaN,NaN,NaN,NaN,NaN,NaN,NaN,NaN,NaN,NaN,NaN,NaN,NaN,NaN,NaN,NaN,NaN,NaN,NaN,NaN,NaN,NaN,NaN,NaN,NaN,NaN,NaN,NaN,NaN,NaN,NaN,NaN,NaN,NaN,NaN,NaN,NaN,NaN,NaN,NaN,NaN,NaN,NaN,NaN,NaN,NaN,NaN,NaN,NaN,NaN,NaN,NaN,NaN,NaN,NaN,NaN,NaN,NaN,NaN,NaN,NaN,NaN,NaN,NaN,NaN,NaN,NaN,NaN,NaN,NaN,NaN,NaN,NaN,NaN,NaN,NaN,NaN,NaN,NaN,NaN,NaN,NaN,NaN,NaN,NaN,NaN,NaN,NaN,NaN,NaN,NaN,NaN,NaN,NaN,NaN,NaN,NaN,NaN,NaN,NaN,NaN,NaN,NaN,NaN,NaN,NaN,NaN,NaN,NaN,NaN,NaN,NaN,NaN,NaN,NaN,NaN,NaN,NaN,NaN,NaN,NaN,NaN,NaN,NaN,NaN,NaN,NaN,NaN,NaN,NaN,NaN,NaN,NaN,NaN,NaN,NaN,NaN,NaN,NaN,NaN,NaN,NaN,NaN,NaN,NaN,NaN,NaN,NaN,NaN,NaN,NaN,NaN,NaN,NaN,NaN,NaN,NaN,NaN,NaN,NaN,NaN,NaN,NaN,NaN,NaN,NaN,NaN,NaN,NaN,NaN,NaN,NaN,NaN,NaN,-0.105382962548248,-0.105398585003489,-0.105469687336674,NaN,NaN,NaN,NaN,NaN,NaN,NaN,NaN,NaN,NaN,NaN,NaN,NaN,NaN,NaN,NaN,NaN,NaN,NaN,NaN,-0.105803859070495,-0.105800113626399,-0.105788939258337,-0.10578127828509,NaN,NaN,NaN,NaN,NaN,NaN,NaN,NaN,NaN,NaN,NaN,NaN,NaN,NaN,NaN,NaN,NaN,NaN,NaN,NaN,NaN,NaN,NaN,NaN,NaN,NaN,NaN,NaN,NaN,NaN,NaN
NaN,NaN,NaN,NaN,NaN,NaN,NaN,NaN,NaN,NaN,NaN,NaN,NaN,NaN,NaN,NaN,NaN,NaN,NaN,NaN,NaN,NaN,NaN,NaN,NaN,NaN,NaN,NaN,NaN,NaN,NaN,NaN,NaN,NaN,NaN,NaN,NaN,NaN,NaN,NaN,NaN,NaN,NaN,NaN,NaN,NaN,NaN,NaN,NaN,NaN,NaN,NaN,NaN,NaN,NaN,NaN,NaN,NaN,NaN,NaN,NaN,NaN,NaN,NaN,NaN,NaN,NaN,NaN,NaN,NaN,NaN,NaN,NaN,NaN,NaN,NaN,NaN,NaN,NaN,NaN,NaN,NaN,NaN,NaN,NaN,NaN,NaN,NaN,NaN,NaN,NaN,NaN,NaN,NaN,NaN,NaN,NaN,NaN,NaN,NaN,NaN,NaN,NaN,NaN,NaN,NaN,NaN,NaN,NaN,NaN,NaN,NaN,NaN,NaN,NaN,NaN,NaN,NaN,NaN,NaN,NaN,NaN,NaN,NaN,NaN,NaN,NaN,NaN,NaN,NaN,NaN,NaN,NaN,NaN,NaN,NaN,NaN,NaN,NaN,NaN,NaN,NaN,NaN,NaN,NaN,NaN,NaN,NaN,NaN,NaN,NaN,NaN,NaN,NaN,NaN,NaN,NaN,NaN,NaN,NaN,NaN,NaN,NaN,NaN,NaN,NaN,NaN,NaN,NaN,NaN,NaN,NaN,NaN,NaN,NaN,NaN,NaN,NaN,NaN,NaN,NaN,NaN,NaN,NaN,NaN,NaN,NaN,NaN,-0.10546293169339,-0.105176449619036,NaN,NaN,NaN,NaN,NaN,NaN,NaN,NaN,NaN,NaN,NaN,NaN,NaN,NaN,NaN,NaN,NaN,NaN,NaN,NaN,-0.105805032649488,-0.10579812840156,-0.105788720157124,-0.105781285390068,NaN,NaN,NaN,NaN,NaN,NaN,NaN,NaN,NaN,NaN,NaN,NaN,NaN,NaN,NaN,NaN,NaN,NaN,NaN,NaN,NaN,NaN,NaN,NaN,NaN,NaN,NaN,NaN,NaN,NaN,NaN
NaN,NaN,NaN,NaN,NaN,NaN,NaN,NaN,NaN,NaN,NaN,NaN,NaN,NaN,NaN,NaN,NaN,NaN,NaN,NaN,NaN,NaN,NaN,NaN,NaN,NaN,NaN,NaN,NaN,NaN,NaN,NaN,NaN,NaN,NaN,NaN,NaN,NaN,NaN,NaN,NaN,NaN,NaN,NaN,NaN,NaN,NaN,NaN,NaN,NaN,NaN,NaN,NaN,NaN,NaN,NaN,NaN,NaN,NaN,NaN,NaN,NaN,NaN,NaN,NaN,NaN,NaN,NaN,NaN,NaN,NaN,NaN,NaN,NaN,NaN,NaN,NaN,NaN,NaN,NaN,NaN,NaN,NaN,NaN,NaN,NaN,NaN,NaN,NaN,NaN,NaN,NaN,NaN,NaN,NaN,NaN,NaN,NaN,NaN,NaN,NaN,NaN,NaN,NaN,NaN,NaN,NaN,NaN,NaN,NaN,NaN,NaN,NaN,NaN,NaN,NaN,NaN,NaN,NaN,NaN,NaN,NaN,NaN,NaN,NaN,NaN,NaN,NaN,NaN,NaN,NaN,NaN,NaN,NaN,NaN,NaN,NaN,NaN,NaN,NaN,NaN,NaN,NaN,NaN,NaN,NaN,NaN,NaN,NaN,NaN,NaN,NaN,NaN,NaN,NaN,NaN,NaN,NaN,NaN,NaN,NaN,NaN,NaN,NaN,NaN,NaN,NaN,NaN,NaN,NaN,NaN,NaN,NaN,NaN,NaN,NaN,NaN,NaN,NaN,NaN,NaN,NaN,NaN,NaN,NaN,NaN,NaN,NaN,-0.105499327008896,-0.100315925377043,NaN,NaN,NaN,NaN,NaN,NaN,NaN,NaN,NaN,NaN,NaN,NaN,NaN,NaN,NaN,NaN,NaN,NaN,NaN,NaN,-0.105804083971355,-0.105795487579107,-0.105786596572513,-0.105785531079954,NaN,NaN,NaN,NaN,NaN,NaN,NaN,NaN,NaN,NaN,NaN,NaN,NaN,NaN,NaN,NaN,NaN,NaN,NaN,NaN,NaN,NaN,NaN,NaN,NaN,NaN,NaN,NaN,NaN,NaN,NaN
NaN,NaN,NaN,NaN,NaN,NaN,NaN,NaN,NaN,NaN,NaN,NaN,NaN,NaN,NaN,NaN,NaN,NaN,NaN,NaN,NaN,NaN,NaN,NaN,NaN,NaN,NaN,NaN,NaN,NaN,NaN,NaN,NaN,NaN,NaN,NaN,NaN,NaN,NaN,NaN,NaN,NaN,NaN,NaN,NaN,NaN,NaN,NaN,NaN,NaN,NaN,NaN,NaN,NaN,NaN,NaN,NaN,NaN,NaN,NaN,NaN,NaN,NaN,NaN,NaN,NaN,NaN,NaN,NaN,NaN,NaN,NaN,NaN,NaN,NaN,NaN,NaN,NaN,NaN,NaN,NaN,NaN,NaN,NaN,NaN,NaN,NaN,NaN,NaN,NaN,NaN,NaN,NaN,NaN,NaN,NaN,NaN,NaN,NaN,NaN,NaN,NaN,NaN,NaN,NaN,NaN,NaN,NaN,NaN,NaN,NaN,NaN,NaN,NaN,NaN,NaN,NaN,NaN,NaN,NaN,NaN,NaN,NaN,NaN,NaN,NaN,NaN,NaN,NaN,NaN,NaN,NaN,NaN,NaN,NaN,NaN,NaN,NaN,NaN,NaN,NaN,NaN,NaN,NaN,NaN,NaN,NaN,NaN,NaN,NaN,NaN,NaN,NaN,NaN,NaN,NaN,NaN,NaN,NaN,NaN,NaN,NaN,NaN,NaN,NaN,NaN,NaN,NaN,NaN,NaN,NaN,NaN,NaN,NaN,NaN,NaN,NaN,NaN,NaN,NaN,NaN,NaN,NaN,NaN,NaN,NaN,NaN,NaN,-0.105529815146572,-0.105510102125681,NaN,NaN,NaN,NaN,NaN,NaN,NaN,NaN,NaN,NaN,NaN,NaN,NaN,NaN,NaN,NaN,NaN,NaN,NaN,NaN,-0.105725191794256,-0.105795843713776,-0.105786331409756,-0.105782695740345,-0.105783696944558,NaN,NaN,NaN,NaN,NaN,NaN,NaN,NaN,NaN,NaN,NaN,NaN,NaN,NaN,NaN,NaN,NaN,NaN,NaN,NaN,NaN,NaN,NaN,NaN,NaN,NaN,NaN,NaN,NaN,NaN
NaN,NaN,NaN,NaN,NaN,NaN,NaN,NaN,NaN,NaN,NaN,NaN,NaN,NaN,NaN,NaN,NaN,NaN,NaN,NaN,NaN,NaN,NaN,NaN,NaN,NaN,NaN,NaN,NaN,NaN,NaN,NaN,NaN,NaN,NaN,NaN,NaN,NaN,NaN,NaN,NaN,NaN,NaN,NaN,NaN,NaN,NaN,NaN,NaN,NaN,NaN,NaN,NaN,NaN,NaN,NaN,NaN,NaN,NaN,NaN,NaN,NaN,NaN,NaN,NaN,NaN,NaN,NaN,NaN,NaN,NaN,NaN,NaN,NaN,NaN,NaN,NaN,NaN,NaN,NaN,NaN,NaN,NaN,NaN,NaN,NaN,NaN,NaN,NaN,NaN,NaN,NaN,NaN,NaN,NaN,NaN,NaN,NaN,NaN,NaN,NaN,NaN,NaN,NaN,NaN,NaN,NaN,NaN,NaN,NaN,NaN,NaN,NaN,NaN,NaN,NaN,NaN,NaN,NaN,NaN,NaN,NaN,NaN,NaN,NaN,NaN,NaN,NaN,NaN,NaN,NaN,NaN,NaN,NaN,NaN,NaN,NaN,NaN,NaN,NaN,NaN,NaN,NaN,NaN,NaN,NaN,NaN,NaN,NaN,NaN,NaN,NaN,NaN,NaN,NaN,NaN,NaN,NaN,NaN,NaN,NaN,NaN,NaN,NaN,NaN,NaN,NaN,NaN,NaN,NaN,NaN,NaN,NaN,NaN,NaN,NaN,NaN,NaN,NaN,NaN,NaN,NaN,NaN,NaN,NaN,NaN,NaN,NaN,-0.10555803397211,NaN,NaN,NaN,NaN,NaN,NaN,NaN,NaN,NaN,NaN,NaN,NaN,NaN,NaN,NaN,NaN,NaN,NaN,NaN,NaN,NaN,NaN,-0.105720802135251,-0.105786482350803,-0.105782642279139,-0.105778540615695,NaN,NaN,NaN,NaN,NaN,NaN,NaN,NaN,NaN,NaN,NaN,NaN,NaN,NaN,NaN,NaN,NaN,NaN,NaN,NaN,NaN,NaN,NaN,NaN,NaN,NaN,NaN,NaN,NaN,NaN
NaN,NaN,NaN,NaN,NaN,NaN,NaN,NaN,NaN,NaN,NaN,NaN,NaN,NaN,NaN,NaN,NaN,NaN,NaN,NaN,NaN,NaN,NaN,NaN,NaN,NaN,NaN,NaN,NaN,NaN,NaN,NaN,NaN,NaN,NaN,NaN,NaN,NaN,NaN,NaN,NaN,NaN,NaN,NaN,NaN,NaN,NaN,NaN,NaN,NaN,NaN,NaN,NaN,NaN,NaN,NaN,NaN,NaN,NaN,NaN,NaN,NaN,NaN,NaN,NaN,NaN,NaN,NaN,NaN,NaN,NaN,NaN,NaN,NaN,NaN,NaN,NaN,NaN,NaN,NaN,NaN,NaN,NaN,NaN,NaN,NaN,NaN,NaN,NaN,NaN,NaN,NaN,NaN,NaN,NaN,NaN,NaN,NaN,NaN,NaN,NaN,NaN,NaN,NaN,NaN,NaN,NaN,NaN,NaN,NaN,NaN,NaN,NaN,NaN,NaN,NaN,NaN,NaN,NaN,NaN,NaN,NaN,NaN,NaN,NaN,NaN,NaN,NaN,NaN,NaN,NaN,NaN,NaN,NaN,NaN,NaN,NaN,NaN,NaN,NaN,NaN,NaN,NaN,NaN,NaN,NaN,NaN,NaN,NaN,NaN,NaN,NaN,NaN,NaN,NaN,NaN,NaN,NaN,NaN,NaN,NaN,NaN,NaN,NaN,NaN,NaN,NaN,NaN,NaN,NaN,NaN,NaN,NaN,NaN,NaN,NaN,NaN,NaN,NaN,NaN,NaN,NaN,NaN,NaN,NaN,NaN,NaN,NaN,-0.105637427184426,-0.104603965404863,NaN,NaN,NaN,NaN,3.66159769952723e-20,-4.21342022591901e-20,NaN,NaN,NaN,NaN,NaN,NaN,NaN,NaN,NaN,NaN,NaN,NaN,NaN,NaN,NaN,NaN,-0.105709905861483,-0.105782017619802,-0.105769822785752,NaN,NaN,NaN,NaN,NaN,NaN,NaN,NaN,NaN,NaN,NaN,NaN,NaN,NaN,NaN,NaN,NaN,NaN,NaN,NaN,NaN,NaN,NaN,NaN,NaN,NaN,NaN,NaN,NaN,NaN
NaN,NaN,NaN,NaN,NaN,NaN,NaN,NaN,NaN,NaN,NaN,NaN,NaN,NaN,NaN,NaN,NaN,NaN,NaN,NaN,NaN,NaN,NaN,NaN,NaN,NaN,NaN,NaN,NaN,NaN,NaN,NaN,NaN,NaN,NaN,NaN,NaN,NaN,NaN,NaN,NaN,NaN,NaN,NaN,NaN,NaN,NaN,NaN,NaN,NaN,NaN,NaN,NaN,NaN,NaN,NaN,NaN,NaN,NaN,NaN,NaN,NaN,NaN,NaN,NaN,NaN,NaN,NaN,NaN,NaN,NaN,NaN,NaN,NaN,NaN,NaN,NaN,NaN,NaN,NaN,NaN,NaN,NaN,NaN,NaN,NaN,NaN,NaN,NaN,NaN,NaN,NaN,NaN,NaN,NaN,NaN,NaN,NaN,NaN,NaN,NaN,NaN,NaN,NaN,NaN,NaN,NaN,NaN,NaN,NaN,NaN,NaN,NaN,NaN,NaN,NaN,NaN,NaN,NaN,NaN,NaN,NaN,NaN,NaN,NaN,NaN,NaN,NaN,NaN,NaN,NaN,NaN,NaN,NaN,NaN,NaN,NaN,NaN,NaN,NaN,NaN,NaN,NaN,NaN,NaN,NaN,NaN,NaN,NaN,NaN,NaN,NaN,NaN,NaN,NaN,NaN,NaN,NaN,NaN,NaN,NaN,NaN,NaN,NaN,NaN,NaN,NaN,NaN,NaN,NaN,NaN,NaN,NaN,NaN,NaN,NaN,NaN,NaN,NaN,NaN,NaN,NaN,NaN,NaN,NaN,NaN,NaN,NaN,-0.105657407311485,-0.105687074950557,NaN,NaN,NaN,NaN,1.96093503963352e-22,-4.10395321160528e-21,NaN,NaN,NaN,NaN,NaN,NaN,NaN,NaN,NaN,NaN,NaN,NaN,NaN,NaN,NaN,NaN,NaN,NaN,NaN,NaN,NaN,NaN,NaN,NaN,NaN,NaN,NaN,NaN,NaN,NaN,NaN,NaN,NaN,NaN,NaN,NaN,NaN,NaN,NaN,NaN,NaN,NaN,NaN,NaN,NaN,NaN,NaN,NaN,NaN
NaN,NaN,NaN,NaN,NaN,NaN,NaN,NaN,NaN,NaN,NaN,NaN,NaN,NaN,NaN,NaN,NaN,NaN,NaN,NaN,NaN,NaN,NaN,NaN,NaN,NaN,NaN,NaN,NaN,NaN,NaN,NaN,NaN,NaN,NaN,NaN,NaN,NaN,NaN,NaN,NaN,NaN,NaN,NaN,NaN,NaN,NaN,NaN,NaN,NaN,NaN,NaN,NaN,NaN,NaN,NaN,NaN,NaN,NaN,NaN,NaN,NaN,NaN,NaN,NaN,NaN,NaN,NaN,NaN,NaN,NaN,NaN,NaN,NaN,NaN,NaN,NaN,NaN,NaN,NaN,NaN,NaN,NaN,NaN,NaN,NaN,NaN,NaN,NaN,NaN,NaN,NaN,NaN,NaN,NaN,NaN,NaN,NaN,NaN,NaN,NaN,NaN,NaN,NaN,NaN,NaN,NaN,NaN,NaN,NaN,NaN,NaN,NaN,NaN,NaN,NaN,NaN,NaN,NaN,NaN,NaN,NaN,NaN,NaN,NaN,NaN,NaN,NaN,NaN,NaN,NaN,NaN,NaN,NaN,NaN,NaN,NaN,NaN,NaN,NaN,NaN,NaN,NaN,NaN,NaN,NaN,NaN,NaN,NaN,NaN,NaN,NaN,NaN,NaN,NaN,NaN,NaN,NaN,NaN,NaN,NaN,NaN,NaN,NaN,NaN,NaN,NaN,NaN,NaN,NaN,NaN,NaN,NaN,NaN,NaN,NaN,NaN,NaN,NaN,NaN,NaN,NaN,NaN,NaN,NaN,NaN,-0.105750564594128,-0.105726049564918,-0.105688962846856,-0.104371655963414,NaN,NaN,NaN,NaN,NaN,NaN,NaN,NaN,NaN,NaN,NaN,NaN,NaN,NaN,NaN,NaN,NaN,NaN,NaN,NaN,NaN,NaN,NaN,NaN,NaN,NaN,NaN,NaN,NaN,NaN,NaN,NaN,NaN,NaN,NaN,NaN,NaN,NaN,NaN,NaN,NaN,NaN,NaN,NaN,NaN,NaN,NaN,NaN,NaN,NaN,NaN,NaN,NaN,NaN,NaN
NaN,NaN,NaN,NaN,NaN,NaN,NaN,NaN,NaN,NaN,NaN,NaN,NaN,NaN,NaN,NaN,NaN,NaN,NaN,NaN,NaN,NaN,NaN,NaN,NaN,NaN,NaN,NaN,NaN,NaN,NaN,NaN,NaN,NaN,NaN,NaN,NaN,NaN,NaN,NaN,NaN,NaN,NaN,NaN,NaN,NaN,NaN,NaN,NaN,NaN,NaN,NaN,NaN,NaN,NaN,NaN,NaN,NaN,NaN,NaN,NaN,NaN,NaN,NaN,NaN,NaN,NaN,NaN,NaN,NaN,NaN,NaN,NaN,NaN,NaN,NaN,NaN,NaN,NaN,NaN,NaN,NaN,NaN,NaN,NaN,NaN,NaN,NaN,NaN,NaN,NaN,NaN,NaN,NaN,NaN,NaN,NaN,NaN,NaN,NaN,NaN,NaN,NaN,NaN,NaN,NaN,NaN,NaN,NaN,NaN,NaN,NaN,NaN,NaN,NaN,NaN,NaN,NaN,NaN,NaN,NaN,NaN,NaN,NaN,NaN,NaN,NaN,NaN,NaN,NaN,NaN,NaN,NaN,NaN,NaN,NaN,NaN,NaN,NaN,NaN,NaN,NaN,NaN,NaN,NaN,NaN,NaN,NaN,NaN,NaN,NaN,NaN,NaN,NaN,NaN,NaN,NaN,NaN,NaN,NaN,NaN,NaN,NaN,NaN,NaN,NaN,NaN,NaN,NaN,NaN,NaN,NaN,NaN,NaN,NaN,NaN,NaN,NaN,NaN,NaN,NaN,NaN,NaN,NaN,NaN,NaN,-0.105734397114722,-0.105713222413923,NaN,NaN,NaN,NaN,NaN,NaN,NaN,NaN,NaN,NaN,NaN,NaN,NaN,NaN,NaN,NaN,NaN,NaN,NaN,NaN,NaN,NaN,NaN,NaN,NaN,NaN,NaN,NaN,NaN,NaN,NaN,NaN,NaN,NaN,NaN,NaN,NaN,NaN,NaN,NaN,NaN,NaN,NaN,NaN,NaN,NaN,NaN,NaN,NaN,NaN,NaN,NaN,NaN,NaN,NaN,NaN,NaN
NaN,NaN,NaN,NaN,NaN,NaN,NaN,NaN,NaN,NaN,NaN,NaN,NaN,NaN,NaN,NaN,NaN,NaN,NaN,NaN,NaN,NaN,NaN,NaN,NaN,NaN,NaN,NaN,NaN,NaN,NaN,NaN,NaN,NaN,NaN,NaN,NaN,NaN,NaN,NaN,NaN,NaN,NaN,NaN,NaN,NaN,NaN,NaN,NaN,NaN,NaN,NaN,NaN,NaN,NaN,NaN,NaN,NaN,NaN,NaN,NaN,NaN,NaN,NaN,NaN,NaN,NaN,NaN,NaN,NaN,NaN,NaN,NaN,NaN,NaN,NaN,NaN,NaN,NaN,NaN,NaN,NaN,NaN,NaN,NaN,NaN,NaN,NaN,NaN,NaN,NaN,NaN,NaN,NaN,NaN,NaN,NaN,NaN,NaN,NaN,NaN,NaN,NaN,NaN,NaN,NaN,NaN,NaN,NaN,NaN,NaN,NaN,NaN,NaN,NaN,NaN,NaN,NaN,NaN,NaN,NaN,NaN,NaN,NaN,NaN,NaN,NaN,NaN,NaN,NaN,NaN,NaN,NaN,NaN,NaN,NaN,NaN,NaN,NaN,NaN,NaN,NaN,NaN,NaN,NaN,NaN,NaN,NaN,NaN,NaN,NaN,NaN,NaN,NaN,NaN,NaN,NaN,NaN,NaN,NaN,NaN,NaN,NaN,NaN,NaN,NaN,NaN,NaN,NaN,NaN,NaN,NaN,NaN,NaN,NaN,NaN,NaN,NaN,NaN,NaN,NaN,NaN,NaN,NaN,NaN,NaN,-0.105740982310554,-0.105726476536885,NaN,NaN,NaN,NaN,NaN,NaN,NaN,NaN,NaN,NaN,NaN,NaN,NaN,NaN,NaN,NaN,NaN,NaN,NaN,NaN,NaN,NaN,NaN,NaN,NaN,NaN,NaN,NaN,NaN,NaN,NaN,NaN,NaN,NaN,NaN,NaN,NaN,NaN,NaN,NaN,NaN,NaN,NaN,NaN,NaN,NaN,NaN,NaN,NaN,NaN,NaN,NaN,NaN,NaN,NaN,NaN,NaN
NaN,NaN,NaN,NaN,NaN,NaN,NaN,NaN,NaN,NaN,NaN,NaN,NaN,NaN,NaN,NaN,NaN,NaN,NaN,NaN,NaN,NaN,NaN,NaN,NaN,NaN,NaN,NaN,NaN,NaN,NaN,NaN,NaN,NaN,NaN,NaN,NaN,NaN,NaN,NaN,NaN,NaN,NaN,NaN,NaN,NaN,NaN,NaN,NaN,NaN,NaN,NaN,NaN,NaN,NaN,NaN,NaN,NaN,NaN,NaN,NaN,NaN,NaN,NaN,NaN,NaN,NaN,NaN,NaN,NaN,NaN,NaN,NaN,NaN,NaN,NaN,NaN,NaN,NaN,NaN,NaN,NaN,NaN,NaN,NaN,NaN,NaN,NaN,NaN,NaN,NaN,NaN,NaN,NaN,NaN,NaN,NaN,NaN,NaN,NaN,NaN,NaN,NaN,NaN,NaN,NaN,NaN,NaN,NaN,NaN,NaN,NaN,NaN,NaN,NaN,NaN,NaN,NaN,NaN,NaN,NaN,NaN,NaN,NaN,NaN,NaN,NaN,NaN,NaN,NaN,NaN,NaN,NaN,NaN,NaN,NaN,NaN,NaN,NaN,NaN,NaN,NaN,NaN,NaN,NaN,NaN,NaN,NaN,NaN,NaN,NaN,NaN,NaN,NaN,NaN,NaN,NaN,NaN,NaN,NaN,NaN,NaN,NaN,NaN,NaN,NaN,NaN,NaN,NaN,NaN,NaN,NaN,NaN,NaN,NaN,NaN,NaN,NaN,NaN,NaN,NaN,NaN,NaN,NaN,NaN,NaN,-0.105739302083301,NaN,NaN,NaN,NaN,NaN,NaN,NaN,NaN,NaN,NaN,NaN,NaN,NaN,NaN,NaN,NaN,NaN,NaN,NaN,NaN,NaN,NaN,NaN,NaN,NaN,NaN,NaN,NaN,NaN,NaN,NaN,NaN,NaN,NaN,NaN,NaN,NaN,NaN,NaN,NaN,NaN,NaN,NaN,NaN,NaN,NaN,NaN,NaN,NaN,NaN,NaN,NaN,NaN,NaN,NaN,NaN,NaN,NaN
NaN,NaN,NaN,NaN,NaN,NaN,NaN,NaN,NaN,NaN,NaN,NaN,NaN,NaN,NaN,NaN,NaN,NaN,NaN,NaN,NaN,NaN,NaN,NaN,NaN,NaN,NaN,NaN,NaN,NaN,NaN,NaN,NaN,NaN,NaN,NaN,NaN,NaN,NaN,NaN,NaN,NaN,NaN,NaN,NaN,NaN,NaN,NaN,NaN,NaN,NaN,NaN,NaN,NaN,NaN,NaN,NaN,NaN,NaN,NaN,NaN,NaN,NaN,NaN,NaN,NaN,NaN,NaN,NaN,NaN,NaN,NaN,NaN,NaN,NaN,NaN,NaN,NaN,NaN,NaN,NaN,NaN,NaN,NaN,NaN,NaN,NaN,NaN,NaN,NaN,NaN,NaN,NaN,NaN,NaN,NaN,NaN,NaN,NaN,NaN,NaN,NaN,NaN,NaN,NaN,NaN,NaN,NaN,NaN,NaN,NaN,NaN,NaN,NaN,NaN,NaN,NaN,NaN,NaN,NaN,NaN,NaN,NaN,NaN,NaN,NaN,NaN,NaN,NaN,NaN,NaN,NaN,NaN,NaN,NaN,NaN,NaN,NaN,NaN,NaN,NaN,NaN,NaN,NaN,NaN,NaN,NaN,NaN,NaN,NaN,NaN,NaN,NaN,NaN,NaN,NaN,NaN,NaN,NaN,NaN,NaN,NaN,NaN,NaN,NaN,NaN,NaN,NaN,NaN,NaN,NaN,NaN,NaN,NaN,NaN,NaN,NaN,NaN,NaN,NaN,NaN,NaN,NaN,NaN,NaN,-0.0985069770500381,-0.105810030043355,NaN,NaN,NaN,NaN,NaN,NaN,NaN,NaN,NaN,NaN,NaN,NaN,NaN,NaN,NaN,NaN,NaN,NaN,NaN,NaN,NaN,NaN,NaN,NaN,NaN,NaN,NaN,NaN,NaN,NaN,NaN,NaN,NaN,NaN,NaN,NaN,NaN,NaN,NaN,NaN,NaN,NaN,NaN,NaN,NaN,NaN,NaN,NaN,NaN,NaN,NaN,NaN,NaN,NaN,NaN,NaN,NaN,NaN
NaN,NaN,NaN,NaN,NaN,NaN,NaN,NaN,NaN,NaN,NaN,NaN,NaN,NaN,NaN,NaN,NaN,NaN,NaN,NaN,NaN,NaN,NaN,NaN,NaN,NaN,NaN,NaN,NaN,NaN,NaN,NaN,NaN,NaN,NaN,NaN,NaN,NaN,NaN,NaN,NaN,NaN,NaN,NaN,NaN,NaN,NaN,NaN,NaN,NaN,NaN,NaN,NaN,NaN,NaN,NaN,NaN,NaN,NaN,NaN,NaN,NaN,NaN,NaN,NaN,NaN,NaN,NaN,NaN,NaN,NaN,NaN,NaN,NaN,NaN,NaN,NaN,NaN,NaN,NaN,NaN,NaN,NaN,NaN,NaN,NaN,NaN,NaN,NaN,NaN,NaN,NaN,NaN,NaN,NaN,NaN,NaN,NaN,NaN,NaN,NaN,NaN,NaN,NaN,NaN,NaN,NaN,NaN,NaN,NaN,NaN,NaN,NaN,NaN,NaN,NaN,NaN,NaN,NaN,NaN,NaN,NaN,NaN,NaN,NaN,NaN,NaN,NaN,NaN,NaN,NaN,NaN,NaN,NaN,NaN,NaN,NaN,NaN,NaN,NaN,NaN,NaN,NaN,NaN,NaN,NaN,NaN,NaN,NaN,NaN,NaN,NaN,NaN,NaN,NaN,NaN,NaN,NaN,NaN,NaN,NaN,NaN,NaN,NaN,NaN,NaN,NaN,NaN,NaN,NaN,NaN,NaN,NaN,NaN,NaN,NaN,NaN,NaN,NaN,NaN,NaN,NaN,NaN,NaN,-0.0957947534762427,-0.0987075883305463,NaN,NaN,NaN,NaN,NaN,NaN,NaN,NaN,NaN,NaN,NaN,NaN,NaN,NaN,NaN,NaN,NaN,NaN,NaN,NaN,NaN,NaN,NaN,NaN,NaN,NaN,NaN,NaN,NaN,NaN,NaN,NaN,NaN,NaN,NaN,NaN,NaN,NaN,NaN,NaN,NaN,NaN,NaN,NaN,NaN,NaN,NaN,NaN,NaN,NaN,NaN,NaN,NaN,NaN,NaN,NaN,NaN,NaN,NaN
NaN,NaN,NaN,NaN,NaN,NaN,NaN,NaN,NaN,NaN,NaN,NaN,NaN,NaN,NaN,NaN,NaN,NaN,NaN,NaN,NaN,NaN,NaN,NaN,NaN,NaN,NaN,NaN,NaN,NaN,NaN,NaN,NaN,NaN,NaN,NaN,NaN,NaN,NaN,NaN,NaN,NaN,NaN,NaN,NaN,NaN,NaN,NaN,NaN,NaN,NaN,NaN,NaN,NaN,NaN,NaN,NaN,NaN,NaN,NaN,NaN,NaN,NaN,NaN,NaN,NaN,NaN,NaN,NaN,NaN,NaN,NaN,NaN,NaN,NaN,NaN,NaN,NaN,NaN,NaN,NaN,NaN,NaN,NaN,NaN,NaN,NaN,NaN,NaN,NaN,NaN,NaN,NaN,NaN,NaN,NaN,NaN,NaN,NaN,NaN,NaN,NaN,NaN,NaN,NaN,NaN,NaN,NaN,NaN,NaN,NaN,NaN,NaN,NaN,NaN,NaN,NaN,NaN,NaN,NaN,NaN,NaN,NaN,NaN,NaN,NaN,NaN,NaN,NaN,NaN,NaN,NaN,NaN,NaN,NaN,NaN,NaN,NaN,NaN,NaN,NaN,NaN,NaN,NaN,NaN,NaN,NaN,NaN,NaN,NaN,NaN,NaN,NaN,NaN,NaN,NaN,NaN,NaN,NaN,NaN,NaN,NaN,NaN,NaN,NaN,NaN,NaN,NaN,NaN,NaN,NaN,NaN,NaN,NaN,NaN,NaN,NaN,NaN,NaN,NaN,NaN,NaN,NaN,-0.0958082994707068,-0.0987566845356711,-0.0987202772722404,NaN,NaN,NaN,NaN,NaN,NaN,NaN,NaN,NaN,NaN,NaN,NaN,NaN,NaN,NaN,NaN,NaN,NaN,NaN,NaN,NaN,NaN,NaN,NaN,NaN,NaN,NaN,NaN,NaN,NaN,NaN,NaN,NaN,NaN,NaN,NaN,NaN,NaN,NaN,NaN,NaN,NaN,NaN,NaN,NaN,NaN,NaN,NaN,NaN,NaN,NaN,NaN,NaN,NaN,NaN,NaN,NaN,NaN,NaN
NaN,NaN,NaN,NaN,NaN,NaN,NaN,NaN,NaN,NaN,NaN,NaN,NaN,NaN,NaN,NaN,NaN,NaN,NaN,NaN,NaN,NaN,NaN,NaN,NaN,NaN,NaN,NaN,NaN,NaN,NaN,NaN,NaN,NaN,NaN,NaN,NaN,NaN,NaN,NaN,NaN,NaN,NaN,NaN,NaN,NaN,NaN,NaN,NaN,NaN,NaN,NaN,NaN,NaN,NaN,NaN,NaN,NaN,NaN,NaN,NaN,NaN,NaN,NaN,NaN,NaN,NaN,NaN,NaN,NaN,NaN,NaN,NaN,NaN,NaN,NaN,NaN,NaN,NaN,NaN,NaN,NaN,NaN,NaN,NaN,NaN,NaN,NaN,NaN,NaN,NaN,NaN,NaN,NaN,NaN,NaN,NaN,NaN,NaN,NaN,NaN,NaN,NaN,NaN,NaN,NaN,NaN,NaN,NaN,NaN,NaN,NaN,NaN,NaN,NaN,NaN,NaN,NaN,NaN,NaN,NaN,NaN,NaN,NaN,NaN,NaN,NaN,NaN,NaN,NaN,NaN,NaN,NaN,NaN,NaN,NaN,NaN,NaN,NaN,NaN,NaN,NaN,NaN,NaN,NaN,NaN,NaN,NaN,NaN,NaN,NaN,NaN,NaN,NaN,NaN,NaN,NaN,NaN,NaN,NaN,NaN,NaN,NaN,NaN,NaN,NaN,NaN,NaN,NaN,NaN,NaN,NaN,NaN,NaN,NaN,NaN,NaN,NaN,NaN,NaN,NaN,NaN,NaN,-0.0988035362365391,-0.09878884564801,NaN,NaN,NaN,NaN,NaN,NaN,NaN,NaN,NaN,NaN,NaN,NaN,NaN,NaN,NaN,NaN,NaN,NaN,NaN,NaN,NaN,NaN,NaN,NaN,NaN,NaN,NaN,NaN,NaN,NaN,NaN,NaN,NaN,NaN,NaN,NaN,NaN,NaN,NaN,NaN,NaN,NaN,NaN,NaN,NaN,NaN,NaN,NaN,NaN,NaN,NaN,NaN,NaN,NaN,NaN,NaN,NaN,NaN,NaN,NaN
NaN,NaN,NaN,NaN,NaN,NaN,NaN,NaN,NaN,NaN,NaN,NaN,NaN,NaN,NaN,NaN,NaN,NaN,NaN,NaN,NaN,NaN,NaN,NaN,NaN,NaN,NaN,NaN,NaN,NaN,NaN,NaN,NaN,NaN,NaN,NaN,NaN,NaN,NaN,NaN,NaN,NaN,NaN,NaN,NaN,NaN,NaN,NaN,NaN,NaN,NaN,NaN,NaN,NaN,NaN,NaN,NaN,NaN,NaN,NaN,NaN,NaN,NaN,NaN,NaN,NaN,NaN,NaN,NaN,NaN,NaN,NaN,NaN,NaN,NaN,NaN,NaN,NaN,NaN,NaN,NaN,NaN,NaN,NaN,NaN,NaN,NaN,NaN,NaN,NaN,NaN,NaN,NaN,NaN,NaN,NaN,NaN,NaN,NaN,NaN,NaN,NaN,NaN,NaN,NaN,NaN,NaN,NaN,NaN,NaN,NaN,NaN,NaN,NaN,NaN,NaN,NaN,NaN,NaN,NaN,NaN,NaN,NaN,NaN,NaN,NaN,NaN,NaN,NaN,NaN,NaN,NaN,NaN,NaN,NaN,NaN,NaN,NaN,NaN,NaN,NaN,NaN,NaN,NaN,NaN,NaN,NaN,NaN,NaN,NaN,NaN,NaN,NaN,NaN,NaN,NaN,NaN,NaN,NaN,NaN,NaN,NaN,NaN,NaN,NaN,NaN,NaN,NaN,NaN,NaN,NaN,NaN,NaN,NaN,NaN,NaN,NaN,NaN,NaN,NaN,NaN,NaN,NaN,-0.0978967960006357,-0.0988049982194476,NaN,NaN,NaN,NaN,NaN,NaN,NaN,NaN,NaN,NaN,NaN,NaN,NaN,NaN,NaN,NaN,NaN,NaN,NaN,NaN,NaN,NaN,NaN,NaN,NaN,NaN,NaN,NaN,NaN,NaN,NaN,NaN,NaN,NaN,NaN,NaN,NaN,NaN,NaN,NaN,NaN,NaN,NaN,NaN,NaN,NaN,NaN,NaN,NaN,NaN,NaN,NaN,NaN,NaN,NaN,NaN,NaN,NaN,NaN,NaN
NaN,NaN,NaN,NaN,NaN,NaN,NaN,NaN,NaN,NaN,NaN,NaN,NaN,NaN,NaN,NaN,NaN,NaN,NaN,NaN,NaN,NaN,NaN,NaN,NaN,NaN,NaN,NaN,NaN,NaN,NaN,NaN,NaN,NaN,NaN,NaN,NaN,NaN,NaN,NaN,NaN,NaN,NaN,NaN,NaN,NaN,NaN,NaN,NaN,NaN,NaN,NaN,NaN,NaN,NaN,NaN,NaN,NaN,NaN,NaN,NaN,NaN,NaN,NaN,NaN,NaN,NaN,NaN,NaN,NaN,NaN,NaN,NaN,NaN,NaN,NaN,NaN,NaN,NaN,NaN,NaN,NaN,NaN,NaN,NaN,NaN,NaN,NaN,NaN,NaN,NaN,NaN,NaN,NaN,NaN,NaN,NaN,NaN,NaN,NaN,NaN,NaN,NaN,NaN,NaN,NaN,NaN,NaN,NaN,NaN,NaN,NaN,NaN,NaN,NaN,NaN,NaN,NaN,NaN,NaN,NaN,NaN,NaN,NaN,NaN,NaN,NaN,NaN,NaN,NaN,NaN,NaN,NaN,NaN,NaN,NaN,NaN,NaN,NaN,NaN,NaN,NaN,NaN,NaN,NaN,NaN,NaN,NaN,NaN,NaN,NaN,NaN,NaN,NaN,NaN,NaN,NaN,NaN,NaN,NaN,NaN,NaN,NaN,NaN,NaN,NaN,NaN,NaN,NaN,NaN,NaN,NaN,NaN,NaN,NaN,NaN,NaN,NaN,NaN,NaN,NaN,NaN,NaN,-0.0902012181410121,-0.0979122142175751,NaN,NaN,NaN,NaN,NaN,NaN,NaN,NaN,NaN,NaN,NaN,NaN,NaN,NaN,NaN,NaN,NaN,NaN,NaN,NaN,NaN,NaN,NaN,NaN,NaN,NaN,NaN,NaN,NaN,NaN,NaN,NaN,NaN,NaN,NaN,NaN,NaN,NaN,NaN,NaN,NaN,NaN,NaN,NaN,NaN,NaN,NaN,NaN,NaN,NaN,NaN,NaN,NaN,NaN,NaN,NaN,NaN,NaN,NaN,NaN
NaN,NaN,NaN,NaN,NaN,NaN,NaN,NaN,NaN,NaN,NaN,NaN,NaN,NaN,NaN,NaN,NaN,NaN,NaN,NaN,NaN,NaN,NaN,NaN,NaN,NaN,NaN,NaN,NaN,NaN,NaN,NaN,NaN,NaN,NaN,NaN,NaN,NaN,NaN,NaN,NaN,NaN,NaN,NaN,NaN,NaN,NaN,NaN,NaN,NaN,NaN,NaN,NaN,NaN,NaN,NaN,NaN,NaN,NaN,NaN,NaN,NaN,NaN,NaN,NaN,NaN,NaN,NaN,NaN,NaN,NaN,NaN,NaN,NaN,NaN,NaN,NaN,NaN,NaN,NaN,NaN,NaN,NaN,NaN,NaN,NaN,NaN,NaN,NaN,NaN,NaN,NaN,NaN,NaN,NaN,NaN,NaN,NaN,NaN,NaN,NaN,NaN,NaN,NaN,NaN,NaN,NaN,NaN,NaN,NaN,NaN,NaN,NaN,NaN,NaN,NaN,NaN,NaN,NaN,NaN,NaN,NaN,NaN,NaN,NaN,NaN,NaN,NaN,NaN,NaN,NaN,NaN,NaN,NaN,NaN,NaN,NaN,NaN,NaN,NaN,NaN,NaN,NaN,NaN,NaN,NaN,NaN,NaN,NaN,NaN,NaN,NaN,NaN,NaN,NaN,NaN,NaN,NaN,NaN,NaN,NaN,NaN,NaN,NaN,NaN,NaN,NaN,NaN,NaN,NaN,NaN,NaN,NaN,NaN,NaN,NaN,NaN,NaN,NaN,NaN,NaN,NaN,-0.0902050007699653,-0.0903777051122029,-0.0902066608744094,NaN,NaN,NaN,NaN,NaN,NaN,NaN,NaN,NaN,NaN,NaN,NaN,NaN,NaN,NaN,NaN,NaN,NaN,NaN,NaN,NaN,NaN,NaN,NaN,NaN,NaN,NaN,NaN,NaN,NaN,NaN,NaN,NaN,NaN,NaN,NaN,NaN,NaN,NaN,NaN,NaN,NaN,NaN,NaN,NaN,NaN,NaN,NaN,NaN,NaN,NaN,NaN,NaN,NaN,NaN,NaN,NaN,NaN,NaN,NaN
NaN,NaN,NaN,NaN,NaN,NaN,NaN,NaN,NaN,NaN,NaN,NaN,NaN,NaN,NaN,NaN,NaN,NaN,NaN,NaN,NaN,NaN,NaN,NaN,NaN,NaN,NaN,NaN,NaN,NaN,NaN,NaN,NaN,NaN,NaN,NaN,NaN,NaN,NaN,NaN,NaN,NaN,NaN,NaN,NaN,NaN,NaN,NaN,NaN,NaN,NaN,NaN,NaN,NaN,NaN,NaN,NaN,NaN,NaN,NaN,NaN,NaN,NaN,NaN,NaN,NaN,NaN,NaN,NaN,NaN,NaN,NaN,NaN,NaN,NaN,NaN,NaN,NaN,NaN,NaN,NaN,NaN,NaN,NaN,NaN,NaN,NaN,NaN,NaN,NaN,NaN,NaN,NaN,NaN,NaN,NaN,NaN,NaN,NaN,NaN,NaN,NaN,NaN,NaN,NaN,NaN,NaN,NaN,NaN,NaN,NaN,NaN,NaN,NaN,NaN,NaN,NaN,NaN,NaN,NaN,NaN,NaN,NaN,NaN,NaN,NaN,NaN,NaN,NaN,NaN,NaN,NaN,NaN,NaN,NaN,NaN,NaN,NaN,NaN,NaN,NaN,NaN,NaN,NaN,NaN,NaN,NaN,NaN,NaN,NaN,NaN,NaN,NaN,NaN,NaN,NaN,NaN,NaN,NaN,NaN,NaN,NaN,NaN,NaN,NaN,NaN,NaN,NaN,NaN,NaN,NaN,NaN,NaN,NaN,NaN,NaN,NaN,NaN,NaN,NaN,NaN,NaN,-0.0903994917567826,-0.0903853809589792,NaN,NaN,NaN,NaN,NaN,NaN,NaN,NaN,NaN,NaN,NaN,NaN,NaN,NaN,NaN,NaN,NaN,NaN,NaN,NaN,NaN,NaN,NaN,NaN,NaN,NaN,NaN,NaN,NaN,NaN,NaN,NaN,NaN,NaN,NaN,NaN,NaN,NaN,NaN,NaN,NaN,NaN,NaN,NaN,NaN,NaN,NaN,NaN,NaN,NaN,NaN,NaN,NaN,NaN,NaN,NaN,NaN,NaN,NaN,NaN,NaN
NaN,NaN,NaN,NaN,NaN,NaN,NaN,NaN,NaN,NaN,NaN,NaN,NaN,NaN,NaN,NaN,NaN,NaN,NaN,NaN,NaN,NaN,NaN,NaN,NaN,NaN,NaN,NaN,NaN,NaN,NaN,NaN,NaN,NaN,NaN,NaN,NaN,NaN,NaN,NaN,NaN,NaN,NaN,NaN,NaN,NaN,NaN,NaN,NaN,NaN,NaN,NaN,NaN,NaN,NaN,NaN,NaN,NaN,NaN,NaN,NaN,NaN,NaN,NaN,NaN,NaN,NaN,NaN,NaN,NaN,NaN,NaN,NaN,NaN,NaN,NaN,NaN,NaN,NaN,NaN,NaN,NaN,NaN,NaN,NaN,NaN,NaN,NaN,NaN,NaN,NaN,NaN,NaN,NaN,NaN,NaN,NaN,NaN,NaN,NaN,NaN,NaN,NaN,NaN,NaN,NaN,NaN,NaN,NaN,NaN,NaN,NaN,NaN,NaN,NaN,NaN,NaN,NaN,NaN,NaN,NaN,NaN,NaN,NaN,NaN,NaN,NaN,NaN,NaN,NaN,NaN,NaN,NaN,NaN,NaN,NaN,NaN,NaN,NaN,NaN,NaN,NaN,NaN,NaN,NaN,NaN,NaN,NaN,NaN,NaN,NaN,NaN,NaN,NaN,NaN,NaN,NaN,NaN,NaN,NaN,NaN,NaN,NaN,NaN,NaN,NaN,NaN,NaN,NaN,NaN,NaN,NaN,NaN,NaN,NaN,NaN,NaN,NaN,NaN,NaN,NaN,NaN,-0.0902017492317505,-0.0904003845844967,NaN,NaN,NaN,NaN,NaN,NaN,NaN,NaN,NaN,NaN,NaN,NaN,NaN,NaN,NaN,NaN,NaN,NaN,NaN,NaN,NaN,NaN,NaN,NaN,NaN,NaN,NaN,NaN,NaN,NaN,NaN,NaN,NaN,NaN,NaN,NaN,NaN,NaN,NaN,NaN,NaN,NaN,NaN,NaN,NaN,NaN,NaN,NaN,NaN,NaN,NaN,NaN,NaN,NaN,NaN,NaN,NaN,NaN,NaN,NaN,NaN
NaN,NaN,NaN,NaN,NaN,NaN,NaN,NaN,NaN,NaN,NaN,NaN,NaN,NaN,NaN,NaN,NaN,NaN,NaN,NaN,NaN,NaN,NaN,NaN,NaN,NaN,NaN,NaN,NaN,NaN,NaN,NaN,NaN,NaN,NaN,NaN,NaN,NaN,NaN,NaN,NaN,NaN,NaN,NaN,NaN,NaN,NaN,NaN,NaN,NaN,NaN,NaN,NaN,NaN,NaN,NaN,NaN,NaN,NaN,NaN,NaN,NaN,NaN,NaN,NaN,NaN,NaN,NaN,NaN,NaN,NaN,NaN,NaN,NaN,NaN,NaN,NaN,NaN,NaN,NaN,NaN,NaN,NaN,NaN,NaN,NaN,NaN,NaN,NaN,NaN,NaN,NaN,NaN,NaN,NaN,NaN,NaN,NaN,NaN,NaN,NaN,NaN,NaN,NaN,NaN,NaN,NaN,NaN,NaN,NaN,NaN,NaN,NaN,NaN,NaN,NaN,NaN,NaN,NaN,NaN,NaN,NaN,NaN,NaN,NaN,NaN,NaN,NaN,NaN,NaN,NaN,NaN,NaN,NaN,NaN,NaN,NaN,NaN,NaN,NaN,NaN,NaN,NaN,NaN,NaN,NaN,NaN,NaN,NaN,NaN,NaN,NaN,NaN,NaN,NaN,NaN,NaN,NaN,NaN,NaN,NaN,NaN,NaN,NaN,NaN,NaN,NaN,NaN,NaN,NaN,NaN,NaN,NaN,NaN,NaN,NaN,NaN,NaN,NaN,NaN,NaN,NaN,NaN,NaN,NaN,NaN,NaN,NaN,NaN,NaN,NaN,NaN,NaN,NaN,NaN,NaN,NaN,NaN,NaN,NaN,NaN,NaN,NaN,NaN,NaN,NaN,NaN,NaN,NaN,NaN,NaN,NaN,NaN,NaN,NaN,NaN,NaN,NaN,NaN,NaN,NaN,NaN,NaN,NaN,NaN,NaN,NaN,NaN,NaN,NaN,NaN,NaN,NaN,NaN,NaN,NaN,NaN,NaN,NaN,NaN,NaN,NaN,NaN,NaN,NaN
NaN,NaN,NaN,NaN,NaN,NaN,NaN,NaN,NaN,NaN,NaN,NaN,NaN,NaN,NaN,NaN,NaN,NaN,NaN,NaN,NaN,NaN,NaN,NaN,NaN,NaN,NaN,NaN,NaN,NaN,NaN,NaN,NaN,NaN,NaN,NaN,NaN,NaN,NaN,NaN,NaN,NaN,NaN,NaN,NaN,NaN,NaN,NaN,NaN,NaN,NaN,NaN,NaN,NaN,NaN,NaN,NaN,NaN,NaN,NaN,NaN,NaN,NaN,NaN,NaN,NaN,NaN,NaN,NaN,NaN,NaN,NaN,NaN,NaN,NaN,NaN,NaN,NaN,NaN,NaN,NaN,NaN,NaN,NaN,NaN,NaN,NaN,NaN,NaN,NaN,NaN,NaN,NaN,NaN,NaN,NaN,NaN,NaN,NaN,NaN,NaN,NaN,NaN,NaN,NaN,NaN,NaN,NaN,NaN,NaN,NaN,NaN,NaN,NaN,NaN,NaN,NaN,NaN,NaN,NaN,NaN,NaN,NaN,NaN,NaN,NaN,NaN,NaN,NaN,NaN,NaN,NaN,NaN,NaN,NaN,NaN,NaN,NaN,NaN,NaN,NaN,NaN,NaN,NaN,NaN,NaN,NaN,NaN,NaN,NaN,NaN,NaN,NaN,NaN,NaN,NaN,NaN,NaN,NaN,NaN,NaN,NaN,NaN,NaN,NaN,NaN,NaN,NaN,NaN,NaN,NaN,NaN,NaN,NaN,NaN,NaN,NaN,NaN,NaN,NaN,NaN,NaN,NaN,NaN,NaN,NaN,NaN,NaN,NaN,NaN,NaN,NaN,NaN,NaN,NaN,NaN,NaN,NaN,NaN,NaN,NaN,NaN,NaN,NaN,NaN,NaN,NaN,NaN,NaN,NaN,NaN,NaN,NaN,NaN,NaN,NaN,NaN,NaN,NaN,NaN,NaN,NaN,NaN,NaN,NaN,NaN,NaN,NaN,NaN,NaN,NaN,NaN,NaN,NaN,NaN,NaN,NaN,NaN,NaN,NaN,NaN,NaN,NaN,NaN,NaN
NaN,NaN,NaN,NaN,NaN,NaN,NaN,NaN,NaN,NaN,NaN,NaN,NaN,NaN,NaN,NaN,NaN,NaN,NaN,NaN,NaN,NaN,NaN,NaN,NaN,NaN,NaN,NaN,NaN,NaN,NaN,NaN,NaN,NaN,NaN,NaN,NaN,NaN,NaN,NaN,NaN,NaN,NaN,NaN,NaN,NaN,NaN,NaN,NaN,NaN,NaN,NaN,NaN,NaN,NaN,NaN,NaN,NaN,NaN,NaN,NaN,NaN,NaN,NaN,NaN,NaN,NaN,NaN,NaN,NaN,NaN,NaN,NaN,NaN,NaN,NaN,NaN,NaN,NaN,NaN,NaN,NaN,NaN,NaN,NaN,NaN,NaN,NaN,NaN,NaN,NaN,NaN,NaN,NaN,NaN,NaN,NaN,NaN,NaN,NaN,NaN,NaN,NaN,NaN,NaN,NaN,NaN,NaN,NaN,NaN,NaN,NaN,NaN,NaN,NaN,NaN,NaN,NaN,NaN,NaN,NaN,NaN,NaN,NaN,NaN,NaN,NaN,NaN,NaN,NaN,NaN,NaN,NaN,NaN,NaN,NaN,NaN,NaN,NaN,NaN,NaN,NaN,NaN,NaN,NaN,NaN,NaN,NaN,NaN,NaN,NaN,NaN,NaN,NaN,NaN,NaN,NaN,NaN,NaN,NaN,NaN,NaN,NaN,NaN,NaN,NaN,NaN,NaN,NaN,NaN,NaN,NaN,NaN,NaN,NaN,NaN,NaN,NaN,NaN,NaN,NaN,NaN,NaN,NaN,NaN,NaN,NaN,NaN,NaN,NaN,NaN,NaN,NaN,NaN,NaN,NaN,NaN,NaN,NaN,NaN,NaN,NaN,NaN,NaN,NaN,NaN,NaN,NaN,NaN,NaN,NaN,NaN,NaN,NaN,NaN,NaN,NaN,NaN,NaN,NaN,NaN,NaN,NaN,NaN,NaN,NaN,NaN,NaN,NaN,NaN,NaN,NaN,NaN,NaN,NaN,NaN,NaN,NaN,NaN,NaN,NaN,NaN,NaN,NaN,NaN
NaN,NaN,NaN,NaN,NaN,NaN,NaN,NaN,NaN,NaN,NaN,NaN,NaN,NaN,NaN,NaN,NaN,NaN,NaN,NaN,NaN,NaN,NaN,NaN,NaN,NaN,NaN,NaN,NaN,NaN,NaN,NaN,NaN,NaN,NaN,NaN,NaN,NaN,NaN,NaN,NaN,NaN,NaN,NaN,NaN,NaN,NaN,NaN,NaN,NaN,NaN,NaN,NaN,NaN,NaN,NaN,NaN,NaN,NaN,NaN,NaN,NaN,NaN,NaN,NaN,NaN,NaN,NaN,NaN,NaN,NaN,NaN,NaN,NaN,NaN,NaN,NaN,NaN,NaN,NaN,NaN,NaN,NaN,NaN,NaN,NaN,NaN,NaN,NaN,NaN,NaN,NaN,NaN,NaN,NaN,NaN,NaN,NaN,NaN,NaN,NaN,NaN,NaN,NaN,NaN,NaN,NaN,NaN,NaN,NaN,NaN,NaN,NaN,NaN,NaN,NaN,NaN,NaN,NaN,NaN,NaN,NaN,NaN,NaN,NaN,NaN,NaN,NaN,NaN,NaN,NaN,NaN,NaN,NaN,NaN,NaN,NaN,NaN,NaN,NaN,NaN,NaN,NaN,NaN,NaN,NaN,NaN,NaN,NaN,NaN,NaN,NaN,NaN,NaN,NaN,NaN,NaN,NaN,NaN,NaN,NaN,NaN,NaN,NaN,NaN,NaN,NaN,NaN,NaN,NaN,NaN,NaN,NaN,NaN,NaN,NaN,NaN,NaN,NaN,NaN,NaN,NaN,NaN,NaN,NaN,NaN,NaN,NaN,NaN,NaN,NaN,NaN,NaN,NaN,NaN,NaN,NaN,NaN,NaN,NaN,NaN,NaN,NaN,NaN,NaN,NaN,NaN,NaN,NaN,NaN,NaN,NaN,NaN,NaN,NaN,NaN,NaN,NaN,NaN,NaN,NaN,NaN,NaN,NaN,NaN,NaN,NaN,NaN,NaN,NaN,NaN,NaN,NaN,NaN,NaN,NaN,NaN,NaN,NaN,NaN,NaN,NaN,NaN,NaN,NaN
NaN,NaN,NaN,NaN,NaN,NaN,NaN,NaN,NaN,NaN,NaN,NaN,NaN,NaN,NaN,NaN,NaN,NaN,NaN,NaN,NaN,NaN,NaN,NaN,NaN,NaN,NaN,NaN,NaN,NaN,NaN,NaN,NaN,NaN,NaN,NaN,NaN,NaN,NaN,NaN,NaN,NaN,NaN,NaN,NaN,NaN,NaN,NaN,NaN,NaN,NaN,NaN,NaN,NaN,NaN,NaN,NaN,NaN,NaN,NaN,NaN,NaN,NaN,NaN,NaN,NaN,NaN,NaN,NaN,NaN,NaN,NaN,NaN,NaN,NaN,NaN,NaN,NaN,NaN,NaN,NaN,NaN,NaN,NaN,NaN,NaN,NaN,NaN,NaN,NaN,NaN,NaN,NaN,NaN,NaN,NaN,NaN,NaN,NaN,NaN,NaN,NaN,NaN,NaN,NaN,NaN,NaN,NaN,NaN,NaN,NaN,NaN,NaN,NaN,NaN,NaN,NaN,NaN,NaN,NaN,NaN,NaN,NaN,NaN,NaN,NaN,NaN,NaN,NaN,NaN,NaN,NaN,NaN,NaN,NaN,NaN,NaN,NaN,NaN,NaN,NaN,NaN,NaN,NaN,NaN,NaN,NaN,NaN,NaN,NaN,NaN,NaN,NaN,NaN,NaN,NaN,NaN,NaN,NaN,NaN,NaN,NaN,NaN,NaN,NaN,NaN,NaN,NaN,NaN,NaN,NaN,NaN,NaN,NaN,NaN,NaN,NaN,NaN,NaN,NaN,NaN,NaN,NaN,NaN,NaN,NaN,NaN,NaN,NaN,NaN,NaN,NaN,NaN,NaN,NaN,NaN,NaN,NaN,NaN,NaN,NaN,NaN,NaN,NaN,NaN,NaN,NaN,NaN,NaN,NaN,NaN,NaN,NaN,NaN,NaN,NaN,NaN,NaN,NaN,NaN,NaN,NaN,NaN,NaN,NaN,NaN,NaN,NaN,NaN,NaN,NaN,NaN,NaN,NaN,NaN,NaN,NaN,NaN,NaN,NaN,NaN,NaN,NaN,NaN,NaN
NaN,NaN,NaN,NaN,NaN,NaN,NaN,NaN,NaN,NaN,NaN,NaN,NaN,NaN,NaN,NaN,NaN,NaN,NaN,NaN,NaN,NaN,NaN,NaN,NaN,NaN,NaN,NaN,NaN,NaN,NaN,NaN,NaN,NaN,NaN,NaN,NaN,NaN,NaN,NaN,NaN,NaN,NaN,NaN,NaN,NaN,NaN,NaN,NaN,NaN,NaN,NaN,NaN,NaN,NaN,NaN,NaN,NaN,NaN,NaN,NaN,NaN,NaN,NaN,NaN,NaN,NaN,NaN,NaN,NaN,NaN,NaN,NaN,NaN,NaN,NaN,NaN,NaN,NaN,NaN,NaN,NaN,NaN,NaN,NaN,NaN,NaN,NaN,NaN,NaN,NaN,NaN,NaN,NaN,NaN,NaN,NaN,NaN,NaN,NaN,NaN,NaN,NaN,NaN,NaN,NaN,NaN,NaN,NaN,NaN,NaN,NaN,NaN,NaN,NaN,NaN,NaN,NaN,NaN,NaN,NaN,NaN,NaN,NaN,NaN,NaN,NaN,NaN,NaN,NaN,NaN,NaN,NaN,NaN,NaN,NaN,NaN,NaN,NaN,NaN,NaN,NaN,NaN,NaN,NaN,NaN,NaN,NaN,NaN,NaN,NaN,NaN,NaN,NaN,NaN,NaN,NaN,NaN,NaN,NaN,NaN,NaN,NaN,NaN,NaN,NaN,NaN,NaN,NaN,NaN,NaN,NaN,NaN,NaN,NaN,NaN,NaN,NaN,NaN,NaN,NaN,NaN,NaN,NaN,NaN,NaN,NaN,NaN,NaN,NaN,NaN,NaN,NaN,NaN,NaN,NaN,NaN,NaN,NaN,NaN,NaN,NaN,NaN,NaN,NaN,NaN,NaN,NaN,NaN,NaN,NaN,NaN,NaN,NaN,NaN,NaN,NaN,NaN,NaN,NaN,NaN,NaN,NaN,NaN,NaN,NaN,NaN,NaN,NaN,NaN,NaN,NaN,NaN,NaN,NaN,NaN,NaN,NaN,NaN,NaN,NaN,NaN,NaN,NaN,NaN
NaN,NaN,NaN,NaN,NaN,NaN,NaN,NaN,NaN,NaN,NaN,NaN,NaN,NaN,NaN,NaN,NaN,NaN,NaN,NaN,NaN,NaN,NaN,NaN,NaN,NaN,NaN,NaN,NaN,NaN,NaN,NaN,NaN,NaN,NaN,NaN,NaN,NaN,NaN,NaN,NaN,NaN,NaN,NaN,NaN,NaN,NaN,NaN,NaN,NaN,NaN,NaN,NaN,NaN,NaN,NaN,NaN,NaN,NaN,NaN,NaN,NaN,NaN,NaN,NaN,NaN,NaN,NaN,NaN,NaN,NaN,NaN,NaN,NaN,NaN,NaN,NaN,NaN,NaN,NaN,NaN,NaN,NaN,NaN,NaN,NaN,NaN,NaN,NaN,NaN,NaN,NaN,NaN,NaN,NaN,NaN,NaN,NaN,NaN,NaN,NaN,NaN,NaN,NaN,NaN,NaN,NaN,NaN,NaN,NaN,NaN,NaN,NaN,NaN,NaN,NaN,NaN,NaN,NaN,NaN,NaN,NaN,NaN,NaN,NaN,NaN,NaN,NaN,NaN,NaN,NaN,NaN,NaN,NaN,NaN,NaN,NaN,NaN,NaN,NaN,NaN,NaN,NaN,NaN,NaN,NaN,NaN,NaN,NaN,NaN,NaN,NaN,NaN,NaN,NaN,NaN,NaN,NaN,NaN,NaN,NaN,NaN,NaN,NaN,NaN,NaN,NaN,NaN,NaN,NaN,NaN,NaN,NaN,NaN,NaN,NaN,NaN,NaN,NaN,NaN,NaN,NaN,NaN,NaN,NaN,NaN,NaN,NaN,NaN,NaN,NaN,NaN,NaN,NaN,NaN,NaN,NaN,NaN,NaN,NaN,NaN,NaN,NaN,NaN,NaN,NaN,NaN,NaN,NaN,NaN,NaN,NaN,NaN,NaN,NaN,NaN,NaN,NaN,NaN,NaN,NaN,NaN,NaN,NaN,NaN,NaN,NaN,NaN,NaN,NaN,NaN,NaN,NaN,NaN,NaN,NaN,NaN,NaN,NaN,NaN,NaN,NaN,NaN,NaN,NaN
NaN,NaN,NaN,NaN,NaN,NaN,NaN,NaN,NaN,NaN,NaN,NaN,NaN,NaN,NaN,NaN,NaN,NaN,NaN,NaN,NaN,NaN,NaN,NaN,NaN,NaN,NaN,NaN,NaN,NaN,NaN,NaN,NaN,NaN,NaN,NaN,NaN,NaN,NaN,NaN,NaN,NaN,NaN,NaN,NaN,NaN,NaN,NaN,NaN,NaN,NaN,NaN,NaN,NaN,NaN,NaN,NaN,NaN,NaN,NaN,NaN,NaN,NaN,NaN,NaN,NaN,NaN,NaN,NaN,NaN,NaN,NaN,NaN,NaN,NaN,NaN,NaN,NaN,NaN,NaN,NaN,NaN,NaN,NaN,NaN,NaN,NaN,NaN,NaN,NaN,NaN,NaN,NaN,NaN,NaN,NaN,NaN,NaN,NaN,NaN,NaN,NaN,NaN,NaN,NaN,NaN,NaN,NaN,NaN,NaN,NaN,NaN,NaN,NaN,NaN,NaN,NaN,NaN,NaN,NaN,NaN,NaN,NaN,NaN,NaN,NaN,NaN,NaN,NaN,NaN,NaN,NaN,NaN,NaN,NaN,NaN,NaN,NaN,NaN,NaN,NaN,NaN,NaN,NaN,NaN,NaN,NaN,NaN,NaN,NaN,NaN,NaN,NaN,NaN,NaN,NaN,NaN,NaN,NaN,NaN,NaN,NaN,NaN,NaN,NaN,NaN,NaN,NaN,NaN,NaN,NaN,NaN,NaN,NaN,NaN,NaN,NaN,NaN,NaN,NaN,NaN,NaN,NaN,NaN,NaN,NaN,NaN,NaN,NaN,NaN,NaN,NaN,NaN,NaN,NaN,NaN,NaN,NaN,NaN,NaN,NaN,NaN,NaN,NaN,NaN,NaN,NaN,NaN,NaN,NaN,NaN,NaN,NaN,NaN,NaN,NaN,NaN,NaN,NaN,NaN,NaN,NaN,NaN,NaN,NaN,NaN,NaN,NaN,NaN,NaN,NaN,NaN,NaN,NaN,NaN,NaN,NaN,NaN,NaN,NaN,NaN,NaN,NaN,NaN,NaN
NaN,NaN,NaN,NaN,NaN,NaN,NaN,NaN,NaN,NaN,NaN,NaN,NaN,NaN,NaN,NaN,NaN,NaN,NaN,NaN,NaN,NaN,NaN,NaN,NaN,NaN,NaN,NaN,NaN,NaN,NaN,NaN,NaN,NaN,NaN,NaN,NaN,NaN,NaN,NaN,NaN,NaN,NaN,NaN,NaN,NaN,NaN,NaN,NaN,NaN,NaN,NaN,NaN,NaN,NaN,NaN,NaN,NaN,NaN,NaN,NaN,NaN,NaN,NaN,NaN,NaN,NaN,NaN,NaN,NaN,NaN,NaN,NaN,NaN,NaN,NaN,NaN,NaN,NaN,NaN,NaN,NaN,NaN,NaN,NaN,NaN,NaN,NaN,NaN,NaN,NaN,NaN,NaN,NaN,NaN,NaN,NaN,NaN,NaN,NaN,NaN,NaN,NaN,NaN,NaN,NaN,NaN,NaN,NaN,NaN,NaN,NaN,NaN,NaN,NaN,NaN,NaN,NaN,NaN,NaN,NaN,NaN,NaN,NaN,NaN,NaN,NaN,NaN,NaN,NaN,NaN,NaN,NaN,NaN,NaN,NaN,NaN,NaN,NaN,NaN,NaN,NaN,NaN,NaN,NaN,NaN,NaN,NaN,NaN,NaN,NaN,NaN,NaN,NaN,NaN,NaN,NaN,NaN,NaN,NaN,NaN,NaN,NaN,NaN,NaN,NaN,NaN,NaN,NaN,NaN,NaN,NaN,NaN,NaN,NaN,NaN,NaN,NaN,NaN,NaN,NaN,NaN,NaN,NaN,NaN,NaN,NaN,NaN,NaN,NaN,NaN,NaN,NaN,NaN,NaN,NaN,NaN,NaN,NaN,NaN,NaN,NaN,NaN,NaN,NaN,NaN,NaN,NaN,NaN,NaN,NaN,NaN,NaN,NaN,NaN,NaN,NaN,NaN,NaN,NaN,NaN,NaN,NaN,NaN,NaN,NaN,NaN,NaN,NaN,NaN,NaN,NaN,NaN,NaN,NaN,NaN,NaN,NaN,NaN,NaN,NaN,NaN,NaN,NaN,NaN
NaN,NaN,NaN,NaN,NaN,NaN,NaN,NaN,NaN,NaN,NaN,NaN,NaN,NaN,NaN,NaN,NaN,NaN,NaN,NaN,NaN,NaN,NaN,NaN,NaN,NaN,NaN,NaN,NaN,NaN,NaN,NaN,NaN,NaN,NaN,NaN,NaN,NaN,NaN,NaN,NaN,NaN,NaN,NaN,NaN,NaN,NaN,NaN,NaN,NaN,NaN,NaN,NaN,NaN,NaN,NaN,NaN,NaN,NaN,NaN,NaN,NaN,NaN,NaN,NaN,NaN,NaN,NaN,NaN,NaN,NaN,NaN,NaN,NaN,NaN,NaN,NaN,NaN,NaN,NaN,NaN,NaN,NaN,NaN,NaN,NaN,NaN,NaN,NaN,NaN,NaN,NaN,NaN,NaN,NaN,NaN,NaN,NaN,NaN,NaN,NaN,NaN,NaN,NaN,NaN,NaN,NaN,NaN,NaN,NaN,NaN,NaN,NaN,NaN,NaN,NaN,NaN,NaN,NaN,NaN,NaN,NaN,NaN,NaN,NaN,NaN,NaN,NaN,NaN,NaN,NaN,NaN,NaN,NaN,NaN,NaN,NaN,NaN,NaN,NaN,NaN,NaN,NaN,NaN,NaN,NaN,NaN,NaN,NaN,NaN,NaN,NaN,NaN,NaN,NaN,NaN,NaN,NaN,NaN,NaN,NaN,NaN,NaN,NaN,NaN,NaN,NaN,NaN,NaN,NaN,NaN,NaN,NaN,NaN,NaN,NaN,NaN,NaN,NaN,NaN,NaN,NaN,NaN,NaN,NaN,NaN,NaN,NaN,NaN,NaN,NaN,NaN,NaN,NaN,NaN,NaN,NaN,NaN,NaN,NaN,NaN,NaN,NaN,NaN,NaN,NaN,NaN,NaN,NaN,NaN,NaN,NaN,NaN,NaN,NaN,NaN,NaN,NaN,NaN,NaN,NaN,NaN,NaN,NaN,NaN,NaN,NaN,NaN,NaN,NaN,NaN,NaN,NaN,NaN,NaN,NaN,NaN,NaN,NaN,NaN,NaN,NaN,NaN,NaN,NaN
NaN,NaN,NaN,NaN,NaN,NaN,NaN,NaN,NaN,NaN,NaN,NaN,NaN,NaN,NaN,NaN,NaN,NaN,NaN,NaN,NaN,NaN,NaN,NaN,NaN,NaN,NaN,NaN,NaN,NaN,NaN,NaN,NaN,NaN,NaN,NaN,NaN,NaN,NaN,NaN,NaN,NaN,NaN,NaN,NaN,NaN,NaN,NaN,NaN,NaN,NaN,NaN,NaN,NaN,NaN,NaN,NaN,NaN,NaN,NaN,NaN,NaN,NaN,NaN,NaN,NaN,NaN,NaN,NaN,NaN,NaN,NaN,NaN,NaN,NaN,NaN,NaN,NaN,NaN,NaN,NaN,NaN,NaN,NaN,NaN,NaN,NaN,NaN,NaN,NaN,NaN,NaN,NaN,NaN,NaN,NaN,NaN,NaN,NaN,NaN,NaN,NaN,NaN,NaN,NaN,NaN,NaN,NaN,NaN,NaN,NaN,NaN,NaN,NaN,NaN,NaN,NaN,NaN,NaN,NaN,NaN,NaN,NaN,NaN,NaN,NaN,NaN,NaN,NaN,NaN,NaN,NaN,NaN,NaN,NaN,NaN,NaN,NaN,NaN,NaN,NaN,NaN,NaN,NaN,NaN,NaN,NaN,NaN,NaN,NaN,NaN,NaN,NaN,NaN,NaN,NaN,NaN,NaN,NaN,NaN,NaN,NaN,NaN,NaN,NaN,NaN,NaN,NaN,NaN,NaN,NaN,NaN,NaN,NaN,NaN,NaN,NaN,NaN,NaN,NaN,NaN,NaN,NaN,NaN,NaN,NaN,NaN,NaN,NaN,NaN,NaN,NaN,NaN,NaN,NaN,NaN,NaN,NaN,NaN,NaN,NaN,NaN,NaN,NaN,NaN,NaN,NaN,NaN,NaN,NaN,NaN,NaN,NaN,NaN,NaN,NaN,NaN,NaN,NaN,NaN,NaN,NaN,NaN,NaN,NaN,NaN,NaN,NaN,NaN,NaN,NaN,NaN,NaN,NaN,NaN,NaN,NaN,NaN,NaN,NaN,NaN,NaN,NaN,NaN,NaN
NaN,NaN,NaN,NaN,NaN,NaN,NaN,NaN,NaN,NaN,NaN,NaN,NaN,NaN,NaN,NaN,NaN,NaN,NaN,NaN,NaN,NaN,NaN,NaN,NaN,NaN,NaN,NaN,NaN,NaN,NaN,NaN,NaN,NaN,NaN,NaN,NaN,NaN,NaN,NaN,NaN,NaN,NaN,NaN,NaN,NaN,NaN,NaN,NaN,NaN,NaN,NaN,NaN,NaN,NaN,NaN,NaN,NaN,NaN,NaN,NaN,NaN,NaN,NaN,NaN,NaN,NaN,NaN,NaN,NaN,NaN,NaN,NaN,NaN,NaN,NaN,NaN,NaN,NaN,NaN,NaN,NaN,NaN,NaN,NaN,NaN,NaN,NaN,NaN,NaN,NaN,NaN,NaN,NaN,NaN,NaN,NaN,NaN,NaN,NaN,NaN,NaN,NaN,NaN,NaN,NaN,NaN,NaN,NaN,NaN,NaN,NaN,NaN,NaN,NaN,NaN,NaN,NaN,NaN,NaN,NaN,NaN,NaN,NaN,NaN,NaN,NaN,NaN,NaN,NaN,NaN,NaN,NaN,NaN,NaN,NaN,NaN,NaN,NaN,NaN,NaN,NaN,NaN,NaN,NaN,NaN,NaN,NaN,NaN,NaN,NaN,NaN,NaN,NaN,NaN,NaN,NaN,NaN,NaN,NaN,NaN,NaN,NaN,NaN,NaN,NaN,NaN,NaN,NaN,NaN,NaN,NaN,NaN,NaN,NaN,NaN,NaN,NaN,NaN,NaN,NaN,NaN,NaN,NaN,NaN,NaN,NaN,NaN,NaN,NaN,NaN,NaN,NaN,NaN,NaN,NaN,NaN,NaN,NaN,NaN,NaN,NaN,NaN,NaN,NaN,NaN,NaN,NaN,NaN,NaN,NaN,NaN,NaN,NaN,NaN,NaN,NaN,NaN,NaN,NaN,NaN,NaN,NaN,NaN,NaN,NaN,NaN,NaN,NaN,NaN,NaN,NaN,NaN,NaN,NaN,NaN,NaN,NaN,NaN,NaN,NaN,NaN,NaN,NaN,NaN
NaN,NaN,NaN,NaN,NaN,NaN,NaN,NaN,NaN,NaN,NaN,NaN,NaN,NaN,NaN,NaN,NaN,NaN,NaN,NaN,NaN,NaN,NaN,NaN,NaN,NaN,NaN,NaN,NaN,NaN,NaN,NaN,NaN,NaN,NaN,NaN,NaN,NaN,NaN,NaN,NaN,NaN,NaN,NaN,NaN,NaN,NaN,NaN,NaN,NaN,NaN,NaN,NaN,NaN,NaN,NaN,NaN,NaN,NaN,NaN,NaN,NaN,NaN,NaN,NaN,NaN,NaN,NaN,NaN,NaN,NaN,NaN,NaN,NaN,NaN,NaN,NaN,NaN,NaN,NaN,NaN,NaN,NaN,NaN,NaN,NaN,NaN,NaN,NaN,NaN,NaN,NaN,NaN,NaN,NaN,NaN,NaN,NaN,NaN,NaN,NaN,NaN,NaN,NaN,NaN,NaN,NaN,NaN,NaN,NaN,NaN,NaN,NaN,NaN,NaN,NaN,NaN,NaN,NaN,NaN,NaN,NaN,NaN,NaN,NaN,NaN,NaN,NaN,NaN,NaN,NaN,NaN,NaN,NaN,NaN,NaN,NaN,NaN,NaN,NaN,NaN,NaN,NaN,NaN,NaN,NaN,NaN,NaN,NaN,NaN,NaN,NaN,NaN,NaN,NaN,NaN,NaN,NaN,NaN,NaN,NaN,NaN,NaN,NaN,NaN,NaN,NaN,NaN,NaN,NaN,NaN,NaN,NaN,NaN,NaN,NaN,NaN,NaN,NaN,NaN,NaN,NaN,NaN,NaN,NaN,NaN,NaN,NaN,NaN,NaN,NaN,NaN,NaN,NaN,NaN,NaN,NaN,NaN,NaN,NaN,NaN,NaN,NaN,NaN,NaN,NaN,NaN,NaN,NaN,NaN,NaN,NaN,NaN,NaN,NaN,NaN,NaN,NaN,NaN,NaN,NaN,NaN,NaN,NaN,NaN,NaN,NaN,NaN,NaN,NaN,NaN,NaN,NaN,NaN,NaN,NaN,NaN,NaN,NaN,NaN,NaN,NaN,NaN,NaN,NaN
NaN,NaN,NaN,NaN,NaN,NaN,NaN,NaN,NaN,NaN,NaN,NaN,NaN,NaN,NaN,NaN,NaN,NaN,NaN,NaN,NaN,NaN,NaN,NaN,NaN,NaN,NaN,NaN,NaN,NaN,NaN,NaN,NaN,NaN,NaN,NaN,NaN,NaN,NaN,NaN,NaN,NaN,NaN,NaN,NaN,NaN,NaN,NaN,NaN,NaN,NaN,NaN,NaN,NaN,NaN,NaN,NaN,NaN,NaN,NaN,NaN,NaN,NaN,NaN,NaN,NaN,NaN,NaN,NaN,NaN,NaN,NaN,NaN,NaN,NaN,NaN,NaN,NaN,NaN,NaN,NaN,NaN,NaN,NaN,NaN,NaN,NaN,NaN,NaN,NaN,NaN,NaN,NaN,NaN,NaN,NaN,NaN,NaN,NaN,NaN,NaN,NaN,NaN,NaN,NaN,NaN,NaN,NaN,NaN,NaN,NaN,NaN,NaN,NaN,NaN,NaN,NaN,NaN,NaN,NaN,NaN,NaN,NaN,NaN,NaN,NaN,NaN,NaN,NaN,NaN,NaN,NaN,NaN,NaN,NaN,NaN,NaN,NaN,NaN,NaN,NaN,NaN,NaN,NaN,NaN,NaN,NaN,NaN,NaN,NaN,NaN,NaN,NaN,NaN,NaN,NaN,NaN,NaN,NaN,NaN,NaN,NaN,NaN,NaN,NaN,NaN,NaN,NaN,NaN,NaN,NaN,NaN,NaN,NaN,NaN,NaN,NaN,NaN,NaN,NaN,NaN,NaN,NaN,NaN,NaN,NaN,NaN,NaN,NaN,NaN,NaN,NaN,NaN,NaN,NaN,NaN,NaN,NaN,NaN,NaN,NaN,NaN,NaN,NaN,NaN,NaN,NaN,NaN,NaN,NaN,NaN,NaN,NaN,NaN,NaN,NaN,NaN,NaN,NaN,NaN,NaN,NaN,NaN,NaN,NaN,NaN,NaN,NaN,NaN,NaN,NaN,NaN,NaN,NaN,NaN,NaN,NaN,NaN,NaN,NaN,NaN,NaN,NaN,NaN,NaN
NaN,NaN,NaN,NaN,NaN,NaN,NaN,NaN,NaN,NaN,NaN,NaN,NaN,NaN,NaN,NaN,NaN,NaN,NaN,NaN,NaN,NaN,NaN,NaN,NaN,NaN,NaN,NaN,NaN,NaN,NaN,NaN,NaN,NaN,NaN,NaN,NaN,NaN,NaN,NaN,NaN,NaN,NaN,NaN,NaN,NaN,NaN,NaN,NaN,NaN,NaN,NaN,NaN,NaN,NaN,NaN,NaN,NaN,NaN,NaN,NaN,NaN,NaN,NaN,NaN,NaN,NaN,NaN,NaN,NaN,NaN,NaN,NaN,NaN,NaN,NaN,NaN,NaN,NaN,NaN,NaN,NaN,NaN,NaN,NaN,NaN,NaN,NaN,NaN,NaN,NaN,NaN,NaN,NaN,NaN,NaN,NaN,NaN,NaN,NaN,NaN,NaN,NaN,NaN,NaN,NaN,NaN,NaN,NaN,NaN,NaN,NaN,NaN,NaN,NaN,NaN,NaN,NaN,NaN,NaN,NaN,NaN,NaN,NaN,NaN,NaN,NaN,NaN,NaN,NaN,NaN,NaN,NaN,NaN,NaN,NaN,NaN,NaN,NaN,NaN,NaN,NaN,NaN,NaN,NaN,NaN,NaN,NaN,NaN,NaN,NaN,NaN,NaN,NaN,NaN,NaN,NaN,NaN,NaN,NaN,NaN,NaN,NaN,NaN,NaN,NaN,NaN,NaN,NaN,NaN,NaN,NaN,NaN,NaN,NaN,NaN,NaN,NaN,NaN,NaN,NaN,NaN,NaN,NaN,NaN,NaN,NaN,NaN,NaN,NaN,NaN,NaN,NaN,NaN,NaN,NaN,NaN,NaN,NaN,NaN,NaN,NaN,NaN,NaN,NaN,NaN,NaN,NaN,NaN,NaN,NaN,NaN,NaN,NaN,NaN,NaN,NaN,NaN,NaN,NaN,NaN,NaN,NaN,NaN,NaN,NaN,NaN,NaN,NaN,NaN,NaN,NaN,NaN,NaN,NaN,NaN,NaN,NaN,NaN,NaN,NaN,NaN,NaN,NaN,NaN
NaN,NaN,NaN,NaN,NaN,NaN,NaN,NaN,NaN,NaN,NaN,NaN,NaN,NaN,NaN,NaN,NaN,NaN,NaN,NaN,NaN,NaN,NaN,NaN,NaN,NaN,NaN,NaN,NaN,NaN,NaN,NaN,NaN,NaN,NaN,NaN,NaN,NaN,NaN,NaN,NaN,NaN,NaN,NaN,NaN,NaN,NaN,NaN,NaN,NaN,NaN,NaN,NaN,NaN,NaN,NaN,NaN,NaN,NaN,NaN,NaN,NaN,NaN,NaN,NaN,NaN,NaN,NaN,NaN,NaN,NaN,NaN,NaN,NaN,NaN,NaN,NaN,NaN,NaN,NaN,NaN,NaN,NaN,NaN,NaN,NaN,NaN,NaN,NaN,NaN,NaN,NaN,NaN,NaN,NaN,NaN,NaN,NaN,NaN,NaN,NaN,NaN,NaN,NaN,NaN,NaN,NaN,NaN,NaN,NaN,NaN,NaN,NaN,NaN,NaN,NaN,NaN,NaN,NaN,NaN,NaN,NaN,NaN,NaN,NaN,NaN,NaN,NaN,NaN,NaN,NaN,NaN,NaN,NaN,NaN,NaN,NaN,NaN,NaN,NaN,NaN,NaN,NaN,NaN,NaN,NaN,NaN,NaN,NaN,NaN,NaN,NaN,NaN,NaN,NaN,NaN,NaN,NaN,NaN,NaN,NaN,NaN,NaN,NaN,NaN,NaN,NaN,NaN,NaN,NaN,NaN,NaN,NaN,NaN,NaN,NaN,NaN,NaN,NaN,NaN,NaN,NaN,NaN,NaN,NaN,NaN,NaN,NaN,NaN,NaN,NaN,NaN,NaN,NaN,NaN,NaN,NaN,NaN,NaN,NaN,NaN,NaN,NaN,NaN,NaN,NaN,NaN,NaN,NaN,NaN,NaN,NaN,NaN,NaN,NaN,NaN,NaN,NaN,NaN,NaN,NaN,NaN,NaN,NaN,NaN,NaN,NaN,NaN,NaN,NaN,NaN,NaN,NaN,NaN,NaN,NaN,NaN,NaN,NaN,NaN,NaN,NaN,NaN,NaN,NaN
NaN,NaN,NaN,NaN,NaN,NaN,NaN,NaN,NaN,NaN,NaN,NaN,NaN,NaN,NaN,NaN,NaN,NaN,NaN,NaN,NaN,NaN,NaN,NaN,NaN,NaN,NaN,NaN,NaN,NaN,NaN,NaN,NaN,NaN,NaN,NaN,NaN,NaN,NaN,NaN,NaN,NaN,NaN,NaN,NaN,NaN,NaN,NaN,NaN,NaN,NaN,NaN,NaN,NaN,NaN,NaN,NaN,NaN,NaN,NaN,NaN,NaN,NaN,NaN,NaN,NaN,NaN,NaN,NaN,NaN,NaN,NaN,NaN,NaN,NaN,NaN,NaN,NaN,NaN,NaN,NaN,NaN,NaN,NaN,NaN,NaN,NaN,NaN,NaN,NaN,NaN,NaN,NaN,NaN,NaN,NaN,NaN,NaN,NaN,NaN,NaN,NaN,NaN,NaN,NaN,NaN,NaN,NaN,NaN,NaN,NaN,NaN,NaN,NaN,NaN,NaN,NaN,NaN,NaN,NaN,NaN,NaN,NaN,NaN,NaN,NaN,NaN,NaN,NaN,NaN,NaN,NaN,NaN,NaN,NaN,NaN,NaN,NaN,NaN,NaN,NaN,NaN,NaN,NaN,NaN,NaN,NaN,NaN,NaN,NaN,NaN,NaN,NaN,NaN,NaN,NaN,NaN,NaN,NaN,NaN,NaN,NaN,NaN,NaN,NaN,NaN,NaN,NaN,NaN,NaN,NaN,NaN,NaN,NaN,NaN,NaN,NaN,NaN,NaN,NaN,NaN,NaN,NaN,NaN,NaN,NaN,NaN,NaN,NaN,NaN,NaN,NaN,NaN,NaN,NaN,NaN,NaN,NaN,NaN,NaN,NaN,NaN,NaN,NaN,NaN,NaN,NaN,NaN,NaN,NaN,NaN,NaN,NaN,NaN,NaN,NaN,NaN,NaN,NaN,NaN,NaN,NaN,NaN,NaN,NaN,NaN,NaN,NaN,NaN,NaN,NaN,NaN,NaN,NaN,NaN,NaN,NaN,NaN,NaN,NaN,NaN,NaN,NaN,NaN,NaN
NaN,NaN,NaN,NaN,NaN,NaN,NaN,NaN,NaN,NaN,NaN,NaN,NaN,NaN,NaN,NaN,NaN,NaN,NaN,NaN,NaN,NaN,NaN,NaN,NaN,NaN,NaN,NaN,NaN,NaN,NaN,NaN,NaN,NaN,NaN,NaN,NaN,NaN,NaN,NaN,NaN,NaN,NaN,NaN,NaN,NaN,NaN,NaN,NaN,NaN,NaN,NaN,NaN,NaN,NaN,NaN,NaN,NaN,NaN,NaN,NaN,NaN,NaN,NaN,NaN,NaN,NaN,NaN,NaN,NaN,NaN,NaN,NaN,NaN,NaN,NaN,NaN,NaN,NaN,NaN,NaN,NaN,NaN,NaN,NaN,NaN,NaN,NaN,NaN,NaN,NaN,NaN,NaN,NaN,NaN,NaN,NaN,NaN,NaN,NaN,NaN,NaN,NaN,NaN,NaN,NaN,NaN,NaN,NaN,NaN,NaN,NaN,NaN,NaN,NaN,NaN,NaN,NaN,NaN,NaN,NaN,NaN,NaN,NaN,NaN,NaN,NaN,NaN,NaN,NaN,NaN,NaN,NaN,NaN,NaN,NaN,NaN,NaN,NaN,NaN,NaN,NaN,NaN,NaN,NaN,NaN,NaN,NaN,NaN,NaN,NaN,NaN,NaN,NaN,NaN,NaN,NaN,NaN,NaN,NaN,NaN,NaN,NaN,NaN,NaN,NaN,NaN,NaN,NaN,NaN,NaN,NaN,NaN,NaN,NaN,NaN,NaN,NaN,NaN,NaN,NaN,NaN,NaN,NaN,NaN,NaN,NaN,NaN,NaN,NaN,NaN,NaN,NaN,NaN,NaN,NaN,NaN,NaN,NaN,NaN,NaN,NaN,NaN,NaN,NaN,NaN,NaN,NaN,NaN,NaN,NaN,NaN,NaN,NaN,NaN,NaN,NaN,NaN,NaN,NaN,NaN,NaN,NaN,NaN,NaN,NaN,NaN,NaN,NaN,NaN,NaN,NaN,NaN,NaN,NaN,NaN,NaN,NaN,NaN,NaN,NaN,NaN,NaN,NaN,NaN
NaN,NaN,NaN,NaN,NaN,NaN,NaN,NaN,NaN,NaN,NaN,NaN,NaN,NaN,NaN,NaN,NaN,NaN,NaN,NaN,NaN,NaN,NaN,NaN,NaN,NaN,NaN,NaN,NaN,NaN,NaN,NaN,NaN,NaN,NaN,NaN,NaN,NaN,NaN,NaN,NaN,NaN,NaN,NaN,NaN,NaN,NaN,NaN,NaN,NaN,NaN,NaN,NaN,NaN,NaN,NaN,NaN,NaN,NaN,NaN,NaN,NaN,NaN,NaN,NaN,NaN,NaN,NaN,NaN,NaN,NaN,NaN,NaN,NaN,NaN,NaN,NaN,NaN,NaN,NaN,NaN,NaN,NaN,NaN,NaN,NaN,NaN,NaN,NaN,NaN,NaN,NaN,NaN,NaN,NaN,NaN,NaN,NaN,NaN,NaN,NaN,NaN,NaN,NaN,NaN,NaN,NaN,NaN,NaN,NaN,NaN,NaN,NaN,NaN,NaN,NaN,NaN,NaN,NaN,NaN,NaN,NaN,NaN,NaN,NaN,NaN,NaN,NaN,NaN,NaN,NaN,NaN,NaN,NaN,NaN,NaN,NaN,NaN,NaN,NaN,NaN,NaN,NaN,NaN,NaN,NaN,NaN,NaN,NaN,NaN,NaN,NaN,NaN,NaN,NaN,NaN,NaN,NaN,NaN,NaN,NaN,NaN,NaN,NaN,NaN,NaN,NaN,NaN,NaN,NaN,NaN,NaN,NaN,NaN,NaN,NaN,NaN,NaN,NaN,NaN,NaN,NaN,NaN,NaN,NaN,NaN,NaN,NaN,NaN,NaN,NaN,NaN,NaN,NaN,NaN,NaN,NaN,NaN,NaN,NaN,NaN,NaN,NaN,NaN,NaN,NaN,NaN,NaN,NaN,NaN,NaN,NaN,NaN,NaN,NaN,NaN,NaN,NaN,NaN,NaN,NaN,NaN,NaN,NaN,NaN,NaN,NaN,NaN,NaN,NaN,NaN,NaN,NaN,NaN,NaN,NaN,NaN,NaN,NaN,NaN,NaN,NaN,NaN,NaN,NaN
NaN,NaN,NaN,NaN,NaN,NaN,NaN,NaN,NaN,NaN,NaN,NaN,NaN,NaN,NaN,NaN,NaN,NaN,NaN,NaN,NaN,NaN,NaN,NaN,NaN,NaN,NaN,NaN,NaN,NaN,NaN,NaN,NaN,NaN,NaN,NaN,NaN,NaN,NaN,NaN,NaN,NaN,NaN,NaN,NaN,NaN,NaN,NaN,NaN,NaN,NaN,NaN,NaN,NaN,NaN,NaN,NaN,NaN,NaN,NaN,NaN,NaN,NaN,NaN,NaN,NaN,NaN,NaN,NaN,NaN,NaN,NaN,NaN,NaN,NaN,NaN,NaN,NaN,NaN,NaN,NaN,NaN,NaN,NaN,NaN,NaN,NaN,NaN,NaN,NaN,NaN,NaN,NaN,NaN,NaN,NaN,NaN,NaN,NaN,NaN,NaN,NaN,NaN,NaN,NaN,NaN,NaN,NaN,NaN,NaN,NaN,NaN,NaN,NaN,NaN,NaN,NaN,NaN,NaN,NaN,NaN,NaN,NaN,NaN,NaN,NaN,NaN,NaN,NaN,NaN,NaN,NaN,NaN,NaN,NaN,NaN,NaN,NaN,NaN,NaN,NaN,NaN,NaN,NaN,NaN,NaN,NaN,NaN,NaN,NaN,NaN,NaN,NaN,NaN,NaN,NaN,NaN,NaN,NaN,NaN,NaN,NaN,NaN,NaN,NaN,NaN,NaN,NaN,NaN,NaN,NaN,NaN,NaN,NaN,NaN,NaN,NaN,NaN,NaN,NaN,NaN,NaN,NaN,NaN,NaN,NaN,NaN,NaN,NaN,NaN,NaN,NaN,NaN,NaN,NaN,NaN,NaN,NaN,NaN,NaN,NaN,NaN,NaN,NaN,NaN,NaN,NaN,NaN,NaN,NaN,NaN,NaN,NaN,NaN,NaN,NaN,NaN,NaN,NaN,NaN,NaN,NaN,NaN,NaN,NaN,NaN,NaN,NaN,NaN,NaN,NaN,NaN,NaN,NaN,NaN,NaN,NaN,NaN,NaN,NaN,NaN,NaN,NaN,NaN,NaN
NaN,NaN,NaN,NaN,NaN,NaN,NaN,NaN,NaN,NaN,NaN,NaN,NaN,NaN,NaN,NaN,NaN,NaN,NaN,NaN,NaN,NaN,NaN,NaN,NaN,NaN,NaN,NaN,NaN,NaN,NaN,NaN,NaN,NaN,NaN,NaN,NaN,NaN,NaN,NaN,NaN,NaN,NaN,NaN,NaN,NaN,NaN,NaN,NaN,NaN,NaN,NaN,NaN,NaN,NaN,NaN,NaN,NaN,NaN,NaN,NaN,NaN,NaN,NaN,NaN,NaN,NaN,NaN,NaN,NaN,NaN,NaN,NaN,NaN,NaN,NaN,NaN,NaN,NaN,NaN,NaN,NaN,NaN,NaN,NaN,NaN,NaN,NaN,NaN,NaN,NaN,NaN,NaN,NaN,NaN,NaN,NaN,NaN,NaN,NaN,NaN,NaN,NaN,NaN,NaN,NaN,NaN,NaN,NaN,NaN,NaN,NaN,NaN,NaN,NaN,NaN,NaN,NaN,NaN,NaN,NaN,NaN,NaN,NaN,NaN,NaN,NaN,NaN,NaN,NaN,NaN,NaN,NaN,NaN,NaN,NaN,NaN,NaN,NaN,NaN,NaN,NaN,NaN,NaN,NaN,NaN,NaN,NaN,NaN,NaN,NaN,NaN,NaN,NaN,NaN,NaN,NaN,NaN,NaN,NaN,NaN,NaN,NaN,NaN,NaN,NaN,NaN,NaN,NaN,NaN,NaN,NaN,NaN,NaN,NaN,NaN,NaN,NaN,NaN,NaN,NaN,NaN,NaN,NaN,NaN,NaN,NaN,NaN,NaN,NaN,NaN,NaN,NaN,NaN,NaN,NaN,NaN,NaN,NaN,NaN,NaN,NaN,NaN,NaN,NaN,NaN,NaN,NaN,NaN,NaN,NaN,NaN,NaN,NaN,NaN,NaN,NaN,NaN,NaN,NaN,NaN,NaN,NaN,NaN,NaN,NaN,NaN,NaN,NaN,NaN,NaN,NaN,NaN,NaN,NaN,NaN,NaN,NaN,NaN,NaN,NaN,NaN,NaN,NaN,NaN
NaN,NaN,NaN,NaN,NaN,NaN,NaN,NaN,NaN,NaN,NaN,NaN,NaN,NaN,NaN,NaN,NaN,NaN,NaN,NaN,NaN,NaN,NaN,NaN,NaN,NaN,NaN,NaN,NaN,NaN,NaN,NaN,NaN,NaN,NaN,NaN,NaN,NaN,NaN,NaN,NaN,NaN,NaN,NaN,NaN,NaN,NaN,NaN,NaN,NaN,NaN,NaN,NaN,NaN,NaN,NaN,NaN,NaN,NaN,NaN,NaN,NaN,NaN,NaN,NaN,NaN,NaN,NaN,NaN,NaN,NaN,NaN,NaN,NaN,NaN,NaN,NaN,NaN,NaN,NaN,NaN,NaN,NaN,NaN,NaN,NaN,NaN,NaN,NaN,NaN,NaN,NaN,NaN,NaN,NaN,NaN,NaN,NaN,NaN,NaN,NaN,NaN,NaN,NaN,NaN,NaN,NaN,NaN,NaN,NaN,NaN,NaN,NaN,NaN,NaN,NaN,NaN,NaN,NaN,NaN,NaN,NaN,NaN,NaN,NaN,NaN,NaN,NaN,NaN,NaN,NaN,NaN,NaN,NaN,NaN,NaN,NaN,NaN,NaN,NaN,NaN,NaN,NaN,NaN,NaN,NaN,NaN,NaN,NaN,NaN,NaN,NaN,NaN,NaN,NaN,NaN,NaN,NaN,NaN,NaN,NaN,NaN,NaN,NaN,NaN,NaN,NaN,NaN,NaN,NaN,NaN,NaN,NaN,NaN,NaN,NaN,NaN,NaN,NaN,NaN,NaN,NaN,NaN,NaN,NaN,NaN,NaN,NaN,NaN,NaN,NaN,NaN,NaN,NaN,NaN,NaN,NaN,NaN,NaN,NaN,NaN,NaN,NaN,NaN,NaN,NaN,NaN,NaN,NaN,NaN,NaN,NaN,NaN,NaN,NaN,NaN,NaN,NaN,NaN,NaN,NaN,NaN,NaN,NaN,NaN,NaN,NaN,NaN,NaN,NaN,NaN,NaN,NaN,NaN,NaN,NaN,NaN,NaN,NaN,NaN,NaN,NaN,NaN,NaN,NaN
NaN,NaN,NaN,NaN,NaN,NaN,NaN,NaN,NaN,NaN,NaN,NaN,NaN,NaN,NaN,NaN,NaN,NaN,NaN,NaN,NaN,NaN,NaN,NaN,NaN,NaN,NaN,NaN,NaN,NaN,NaN,NaN,NaN,NaN,NaN,NaN,NaN,NaN,NaN,NaN,NaN,NaN,NaN,NaN,NaN,NaN,NaN,NaN,NaN,NaN,NaN,NaN,NaN,NaN,NaN,NaN,NaN,NaN,NaN,NaN,NaN,NaN,NaN,NaN,NaN,NaN,NaN,NaN,NaN,NaN,NaN,NaN,NaN,NaN,NaN,NaN,NaN,NaN,NaN,NaN,NaN,NaN,NaN,NaN,NaN,NaN,NaN,NaN,NaN,NaN,NaN,NaN,NaN,NaN,NaN,NaN,NaN,NaN,NaN,NaN,NaN,NaN,NaN,NaN,NaN,NaN,NaN,NaN,NaN,NaN,NaN,NaN,NaN,NaN,NaN,NaN,NaN,NaN,NaN,NaN,NaN,NaN,NaN,NaN,NaN,NaN,NaN,NaN,NaN,NaN,NaN,NaN,NaN,NaN,NaN,NaN,NaN,NaN,NaN,NaN,NaN,NaN,NaN,NaN,NaN,NaN,NaN,NaN,NaN,NaN,NaN,NaN,NaN,NaN,NaN,NaN,NaN,NaN,NaN,NaN,NaN,NaN,NaN,NaN,NaN,NaN,NaN,NaN,NaN,NaN,NaN,NaN,NaN,NaN,NaN,NaN,NaN,NaN,NaN,NaN,NaN,NaN,NaN,NaN,NaN,NaN,NaN,NaN,NaN,NaN,NaN,NaN,NaN,NaN,NaN,NaN,NaN,NaN,NaN,NaN,NaN,NaN,NaN,NaN,NaN,NaN,NaN,NaN,NaN,NaN,NaN,NaN,NaN,NaN,NaN,NaN,NaN,NaN,NaN,NaN,NaN,NaN,NaN,NaN,NaN,NaN,NaN,NaN,NaN,NaN,NaN,NaN,NaN,NaN,NaN,NaN,NaN,NaN,NaN,NaN,NaN,NaN,NaN,NaN,NaN
NaN,NaN,NaN,NaN,NaN,NaN,NaN,NaN,NaN,NaN,NaN,NaN,NaN,NaN,NaN,NaN,NaN,NaN,NaN,NaN,NaN,NaN,NaN,NaN,NaN,NaN,NaN,NaN,NaN,NaN,NaN,NaN,NaN,NaN,NaN,NaN,NaN,NaN,NaN,NaN,NaN,NaN,NaN,NaN,NaN,NaN,NaN,NaN,NaN,NaN,NaN,NaN,NaN,NaN,NaN,NaN,NaN,NaN,NaN,NaN,NaN,NaN,NaN,NaN,NaN,NaN,NaN,NaN,NaN,NaN,NaN,NaN,NaN,NaN,NaN,NaN,NaN,NaN,NaN,NaN,NaN,NaN,NaN,NaN,NaN,NaN,NaN,NaN,NaN,NaN,NaN,NaN,NaN,NaN,NaN,NaN,NaN,NaN,NaN,NaN,NaN,NaN,NaN,NaN,NaN,NaN,NaN,NaN,NaN,NaN,NaN,NaN,NaN,NaN,NaN,NaN,NaN,NaN,NaN,NaN,NaN,NaN,NaN,NaN,NaN,NaN,NaN,NaN,NaN,NaN,NaN,NaN,NaN,NaN,NaN,NaN,NaN,NaN,NaN,NaN,NaN,NaN,NaN,NaN,NaN,NaN,NaN,NaN,NaN,NaN,NaN,NaN,NaN,NaN,NaN,NaN,NaN,NaN,NaN,NaN,NaN,NaN,NaN,NaN,NaN,NaN,NaN,NaN,NaN,NaN,NaN,NaN,NaN,NaN,NaN,NaN,NaN,NaN,NaN,NaN,NaN,NaN,NaN,NaN,NaN,NaN,NaN,NaN,NaN,NaN,NaN,NaN,NaN,NaN,NaN,NaN,NaN,NaN,NaN,NaN,NaN,NaN,NaN,NaN,NaN,NaN,NaN,NaN,NaN,NaN,NaN,NaN,NaN,NaN,NaN,NaN,NaN,NaN,NaN,NaN,NaN,NaN,NaN,NaN,NaN,NaN,NaN,NaN,NaN,NaN,NaN,NaN,NaN,NaN,NaN,NaN,NaN,NaN,NaN,NaN,NaN,NaN,NaN,NaN,NaN
NaN,NaN,NaN,NaN,NaN,NaN,NaN,NaN,NaN,NaN,NaN,NaN,NaN,NaN,NaN,NaN,NaN,NaN,NaN,NaN,NaN,NaN,NaN,NaN,NaN,NaN,NaN,NaN,NaN,NaN,NaN,NaN,NaN,NaN,NaN,NaN,NaN,NaN,NaN,NaN,NaN,NaN,NaN,NaN,NaN,NaN,NaN,NaN,NaN,NaN,NaN,NaN,NaN,NaN,NaN,NaN,NaN,NaN,NaN,NaN,NaN,NaN,NaN,NaN,NaN,NaN,NaN,NaN,NaN,NaN,NaN,NaN,NaN,NaN,NaN,NaN,NaN,NaN,NaN,NaN,NaN,NaN,NaN,NaN,NaN,NaN,NaN,NaN,NaN,NaN,NaN,NaN,NaN,NaN,NaN,NaN,NaN,NaN,NaN,NaN,NaN,NaN,NaN,NaN,NaN,NaN,NaN,NaN,NaN,NaN,NaN,NaN,NaN,NaN,NaN,NaN,NaN,NaN,NaN,NaN,NaN,NaN,NaN,NaN,NaN,NaN,NaN,NaN,NaN,NaN,NaN,NaN,NaN,NaN,NaN,NaN,NaN,NaN,NaN,NaN,NaN,NaN,NaN,NaN,NaN,NaN,NaN,NaN,NaN,NaN,NaN,NaN,NaN,NaN,NaN,NaN,NaN,NaN,NaN,NaN,NaN,NaN,NaN,NaN,NaN,NaN,NaN,NaN,NaN,NaN,NaN,NaN,NaN,NaN,NaN,NaN,NaN,NaN,NaN,NaN,NaN,NaN,NaN,NaN,NaN,NaN,NaN,NaN,NaN,NaN,NaN,NaN,NaN,NaN,NaN,NaN,NaN,NaN,NaN,NaN,NaN,NaN,NaN,NaN,NaN,NaN,NaN,NaN,NaN,NaN,NaN,NaN,NaN,NaN,NaN,NaN,NaN,NaN,NaN,NaN,NaN,NaN,NaN,NaN,NaN,NaN,NaN,NaN,NaN,NaN,NaN,NaN,NaN,NaN,NaN,NaN,NaN,NaN,NaN,NaN,NaN,NaN,NaN,NaN,NaN
NaN,NaN,NaN,NaN,NaN,NaN,NaN,NaN,NaN,NaN,NaN,NaN,NaN,NaN,NaN,NaN,NaN,NaN,NaN,NaN,NaN,NaN,NaN,NaN,NaN,NaN,NaN,NaN,NaN,NaN,NaN,NaN,NaN,NaN,NaN,NaN,NaN,NaN,NaN,NaN,NaN,NaN,NaN,NaN,NaN,NaN,NaN,NaN,NaN,NaN,NaN,NaN,NaN,NaN,NaN,NaN,NaN,NaN,NaN,NaN,NaN,NaN,NaN,NaN,NaN,NaN,NaN,NaN,NaN,NaN,NaN,NaN,NaN,NaN,NaN,NaN,NaN,NaN,NaN,NaN,NaN,NaN,NaN,NaN,NaN,NaN,NaN,NaN,NaN,NaN,NaN,NaN,NaN,NaN,NaN,NaN,NaN,NaN,NaN,NaN,NaN,NaN,NaN,NaN,NaN,NaN,NaN,NaN,NaN,NaN,NaN,NaN,NaN,NaN,NaN,NaN,NaN,NaN,NaN,NaN,NaN,NaN,NaN,NaN,NaN,NaN,NaN,NaN,NaN,NaN,NaN,NaN,NaN,NaN,NaN,NaN,NaN,NaN,NaN,NaN,NaN,NaN,NaN,NaN,NaN,NaN,NaN,NaN,NaN,NaN,NaN,NaN,NaN,NaN,NaN,NaN,NaN,NaN,NaN,NaN,NaN,NaN,NaN,NaN,NaN,NaN,NaN,NaN,NaN,NaN,NaN,NaN,NaN,NaN,NaN,NaN,NaN,NaN,NaN,NaN,NaN,NaN,NaN,NaN,NaN,NaN,NaN,NaN,NaN,NaN,NaN,NaN,NaN,NaN,NaN,NaN,NaN,NaN,NaN,NaN,NaN,NaN,NaN,NaN,NaN,NaN,NaN,NaN,NaN,NaN,NaN,NaN,NaN,NaN,NaN,NaN,NaN,NaN,NaN,NaN,NaN,NaN,NaN,NaN,NaN,NaN,NaN,NaN,NaN,NaN,NaN,NaN,NaN,NaN,NaN,NaN,NaN,NaN,NaN,NaN,NaN,NaN,NaN,NaN,NaN
NaN,NaN,NaN,NaN,NaN,NaN,NaN,NaN,NaN,NaN,NaN,NaN,NaN,NaN,NaN,NaN,NaN,NaN,NaN,NaN,NaN,NaN,NaN,NaN,NaN,NaN,NaN,NaN,NaN,NaN,NaN,NaN,NaN,NaN,NaN,NaN,NaN,NaN,NaN,NaN,NaN,NaN,NaN,NaN,NaN,NaN,NaN,NaN,NaN,NaN,NaN,NaN,NaN,NaN,NaN,NaN,NaN,NaN,NaN,NaN,NaN,NaN,NaN,NaN,NaN,NaN,NaN,NaN,NaN,NaN,NaN,NaN,NaN,NaN,NaN,NaN,NaN,NaN,NaN,NaN,NaN,NaN,NaN,NaN,NaN,NaN,NaN,NaN,NaN,NaN,NaN,NaN,NaN,NaN,NaN,NaN,NaN,NaN,NaN,NaN,NaN,NaN,NaN,NaN,NaN,NaN,NaN,NaN,NaN,NaN,NaN,NaN,NaN,NaN,NaN,NaN,NaN,NaN,NaN,NaN,NaN,NaN,NaN,NaN,NaN,NaN,NaN,NaN,NaN,NaN,NaN,NaN,NaN,NaN,NaN,NaN,NaN,NaN,NaN,NaN,NaN,NaN,NaN,NaN,NaN,NaN,NaN,NaN,NaN,NaN,NaN,NaN,NaN,NaN,NaN,NaN,NaN,NaN,NaN,NaN,NaN,NaN,NaN,NaN,NaN,NaN,NaN,NaN,NaN,NaN,NaN,NaN,NaN,NaN,NaN,NaN,NaN,NaN,NaN,NaN,NaN,NaN,NaN,NaN,NaN,NaN,NaN,NaN,NaN,NaN,NaN,NaN,NaN,NaN,NaN,NaN,NaN,NaN,NaN,NaN,NaN,NaN,NaN,NaN,NaN,NaN,NaN,NaN,NaN,NaN,NaN,NaN,NaN,NaN,NaN,NaN,NaN,NaN,NaN,NaN,NaN,NaN,NaN,NaN,NaN,NaN,NaN,NaN,NaN,NaN,NaN,NaN,NaN,NaN,NaN,NaN,NaN,NaN,NaN,NaN,NaN,NaN,NaN,NaN,NaN
NaN,NaN,NaN,NaN,NaN,NaN,NaN,NaN,NaN,NaN,NaN,NaN,NaN,NaN,NaN,NaN,NaN,NaN,NaN,NaN,NaN,NaN,NaN,NaN,NaN,NaN,NaN,NaN,NaN,NaN,NaN,NaN,NaN,NaN,NaN,NaN,NaN,NaN,NaN,NaN,NaN,NaN,NaN,NaN,NaN,NaN,NaN,NaN,NaN,NaN,NaN,NaN,NaN,NaN,NaN,NaN,NaN,NaN,NaN,NaN,NaN,NaN,NaN,NaN,NaN,NaN,NaN,NaN,NaN,NaN,NaN,NaN,NaN,NaN,NaN,NaN,NaN,NaN,NaN,NaN,NaN,NaN,NaN,NaN,NaN,NaN,NaN,NaN,NaN,NaN,NaN,NaN,NaN,NaN,NaN,NaN,NaN,NaN,NaN,NaN,NaN,NaN,NaN,NaN,NaN,NaN,NaN,NaN,NaN,NaN,NaN,NaN,NaN,NaN,NaN,NaN,NaN,NaN,NaN,NaN,NaN,NaN,NaN,NaN,NaN,NaN,NaN,NaN,NaN,NaN,NaN,NaN,NaN,NaN,NaN,NaN,NaN,NaN,NaN,NaN,NaN,NaN,NaN,NaN,NaN,NaN,NaN,NaN,NaN,NaN,NaN,NaN,NaN,NaN,NaN,NaN,NaN,NaN,NaN,NaN,NaN,NaN,NaN,NaN,NaN,NaN,NaN,NaN,NaN,NaN,NaN,NaN,NaN,NaN,NaN,NaN,NaN,NaN,NaN,NaN,NaN,NaN,NaN,NaN,NaN,NaN,NaN,NaN,NaN,NaN,NaN,NaN,NaN,NaN,NaN,NaN,NaN,NaN,NaN,NaN,NaN,NaN,NaN,NaN,NaN,NaN,NaN,NaN,NaN,NaN,NaN,NaN,NaN,NaN,NaN,NaN,NaN,NaN,NaN,NaN,NaN,NaN,NaN,NaN,NaN,NaN,NaN,NaN,NaN,NaN,NaN,NaN,NaN,NaN,NaN,NaN,NaN,NaN,NaN,NaN,NaN,NaN,NaN,NaN,NaN
NaN,NaN,NaN,NaN,NaN,NaN,NaN,NaN,NaN,NaN,NaN,NaN,NaN,NaN,NaN,NaN,NaN,NaN,NaN,NaN,NaN,NaN,NaN,NaN,NaN,NaN,NaN,NaN,NaN,NaN,NaN,NaN,NaN,NaN,NaN,NaN,NaN,NaN,NaN,NaN,NaN,NaN,NaN,NaN,NaN,NaN,NaN,NaN,NaN,NaN,NaN,NaN,NaN,NaN,NaN,NaN,NaN,NaN,NaN,NaN,NaN,NaN,NaN,NaN,NaN,NaN,NaN,NaN,NaN,NaN,NaN,NaN,NaN,NaN,NaN,NaN,NaN,NaN,NaN,NaN,NaN,NaN,NaN,NaN,NaN,NaN,NaN,NaN,NaN,NaN,NaN,NaN,NaN,NaN,NaN,NaN,NaN,NaN,NaN,NaN,NaN,NaN,NaN,NaN,NaN,NaN,NaN,NaN,NaN,NaN,NaN,NaN,NaN,NaN,NaN,NaN,NaN,NaN,NaN,NaN,NaN,NaN,NaN,NaN,NaN,NaN,NaN,NaN,NaN,NaN,NaN,NaN,NaN,NaN,NaN,NaN,NaN,NaN,NaN,NaN,NaN,NaN,NaN,NaN,NaN,NaN,NaN,NaN,NaN,NaN,NaN,NaN,NaN,NaN,NaN,NaN,NaN,NaN,NaN,NaN,NaN,NaN,NaN,NaN,NaN,NaN,NaN,NaN,NaN,NaN,NaN,NaN,NaN,NaN,NaN,NaN,NaN,NaN,NaN,NaN,NaN,NaN,NaN,NaN,NaN,NaN,NaN,NaN,NaN,NaN,NaN,NaN,NaN,NaN,NaN,NaN,NaN,NaN,NaN,NaN,NaN,NaN,NaN,NaN,NaN,NaN,NaN,NaN,NaN,NaN,NaN,NaN,NaN,NaN,NaN,NaN,NaN,NaN,NaN,NaN,NaN,NaN,NaN,NaN,NaN,NaN,NaN,NaN,NaN,NaN,NaN,NaN,NaN,NaN,NaN,NaN,NaN,NaN,NaN,NaN,NaN,NaN,NaN,NaN,NaN
NaN,NaN,NaN,NaN,NaN,NaN,NaN,NaN,NaN,NaN,NaN,NaN,NaN,NaN,NaN,NaN,NaN,NaN,NaN,NaN,NaN,NaN,NaN,NaN,NaN,NaN,NaN,NaN,NaN,NaN,NaN,NaN,NaN,NaN,NaN,NaN,NaN,NaN,NaN,NaN,NaN,NaN,NaN,NaN,NaN,NaN,NaN,NaN,NaN,NaN,NaN,NaN,NaN,NaN,NaN,NaN,NaN,NaN,NaN,NaN,NaN,NaN,NaN,NaN,NaN,NaN,NaN,NaN,NaN,NaN,NaN,NaN,NaN,NaN,NaN,NaN,NaN,NaN,NaN,NaN,NaN,NaN,NaN,NaN,NaN,NaN,NaN,NaN,NaN,NaN,NaN,NaN,NaN,NaN,NaN,NaN,NaN,NaN,NaN,NaN,NaN,NaN,NaN,NaN,NaN,NaN,NaN,NaN,NaN,NaN,NaN,NaN,NaN,NaN,NaN,NaN,NaN,NaN,NaN,NaN,NaN,NaN,NaN,NaN,NaN,NaN,NaN,NaN,NaN,NaN,NaN,NaN,NaN,NaN,NaN,NaN,NaN,NaN,NaN,NaN,NaN,NaN,NaN,NaN,NaN,NaN,NaN,NaN,NaN,NaN,NaN,NaN,NaN,NaN,NaN,NaN,NaN,NaN,NaN,NaN,NaN,NaN,NaN,NaN,NaN,NaN,NaN,NaN,NaN,NaN,NaN,NaN,NaN,NaN,NaN,NaN,NaN,NaN,NaN,NaN,NaN,NaN,NaN,NaN,NaN,NaN,NaN,NaN,NaN,NaN,NaN,NaN,NaN,NaN,NaN,NaN,NaN,NaN,NaN,NaN,NaN,NaN,NaN,NaN,NaN,NaN,NaN,NaN,NaN,NaN,NaN,NaN,NaN,NaN,NaN,NaN,NaN,NaN,NaN,NaN,NaN,NaN,NaN,NaN,NaN,NaN,NaN,NaN,NaN,NaN,NaN,NaN,NaN,NaN,NaN,NaN,NaN,NaN,NaN,NaN,NaN,NaN,NaN,NaN,NaN
NaN,NaN,NaN,NaN,NaN,NaN,NaN,NaN,NaN,NaN,NaN,NaN,NaN,NaN,NaN,NaN,NaN,NaN,NaN,NaN,NaN,NaN,NaN,NaN,NaN,NaN,NaN,NaN,NaN,NaN,NaN,NaN,NaN,NaN,NaN,NaN,NaN,NaN,NaN,NaN,NaN,NaN,NaN,NaN,NaN,NaN,NaN,NaN,NaN,NaN,NaN,NaN,NaN,NaN,NaN,NaN,NaN,NaN,NaN,NaN,NaN,NaN,NaN,NaN,NaN,NaN,NaN,NaN,NaN,NaN,NaN,NaN,NaN,NaN,NaN,NaN,NaN,NaN,NaN,NaN,NaN,NaN,NaN,NaN,NaN,NaN,NaN,NaN,NaN,NaN,NaN,NaN,NaN,NaN,NaN,NaN,NaN,NaN,NaN,NaN,NaN,NaN,NaN,NaN,NaN,NaN,NaN,NaN,NaN,NaN,NaN,NaN,NaN,NaN,NaN,NaN,NaN,NaN,NaN,NaN,NaN,NaN,NaN,NaN,NaN,NaN,NaN,NaN,NaN,NaN,NaN,NaN,NaN,NaN,NaN,NaN,NaN,NaN,NaN,NaN,NaN,NaN,NaN,NaN,NaN,NaN,NaN,NaN,NaN,NaN,NaN,NaN,NaN,NaN,NaN,NaN,NaN,NaN,NaN,NaN,NaN,NaN,NaN,NaN,NaN,NaN,NaN,NaN,NaN,NaN,NaN,NaN,NaN,NaN,NaN,NaN,NaN,NaN,NaN,NaN,NaN,NaN,NaN,NaN,NaN,NaN,NaN,NaN,NaN,NaN,NaN,NaN,NaN,NaN,NaN,NaN,NaN,NaN,NaN,NaN,NaN,NaN,NaN,NaN,NaN,NaN,NaN,NaN,NaN,NaN,NaN,NaN,NaN,NaN,NaN,NaN,NaN,NaN,NaN,NaN,NaN,NaN,NaN,NaN,NaN,NaN,NaN,NaN,NaN,NaN,NaN,NaN,NaN,NaN,NaN,NaN,NaN,NaN,NaN,NaN,NaN,NaN,NaN,NaN,NaN
NaN,NaN,NaN,NaN,NaN,NaN,NaN,NaN,NaN,NaN,NaN,NaN,NaN,NaN,NaN,NaN,NaN,NaN,NaN,NaN,NaN,NaN,NaN,NaN,NaN,NaN,NaN,NaN,NaN,NaN,NaN,NaN,NaN,NaN,NaN,NaN,NaN,NaN,NaN,NaN,NaN,NaN,NaN,NaN,NaN,NaN,NaN,NaN,NaN,NaN,NaN,NaN,NaN,NaN,NaN,NaN,NaN,NaN,NaN,NaN,NaN,NaN,NaN,NaN,NaN,NaN,NaN,NaN,NaN,NaN,NaN,NaN,NaN,NaN,NaN,NaN,NaN,NaN,NaN,NaN,NaN,NaN,NaN,NaN,NaN,NaN,NaN,NaN,NaN,NaN,NaN,NaN,NaN,NaN,NaN,NaN,NaN,NaN,NaN,NaN,NaN,NaN,NaN,NaN,NaN,NaN,NaN,NaN,NaN,NaN,NaN,NaN,NaN,NaN,NaN,NaN,NaN,NaN,NaN,NaN,NaN,NaN,NaN,NaN,NaN,NaN,NaN,NaN,NaN,NaN,NaN,NaN,NaN,NaN,NaN,NaN,NaN,NaN,NaN,NaN,NaN,NaN,NaN,NaN,NaN,NaN,NaN,NaN,NaN,NaN,NaN,NaN,NaN,NaN,NaN,NaN,NaN,NaN,NaN,NaN,NaN,NaN,NaN,NaN,NaN,NaN,NaN,NaN,NaN,NaN,NaN,NaN,NaN,NaN,NaN,NaN,NaN,NaN,NaN,NaN,NaN,NaN,NaN,NaN,NaN,NaN,NaN,NaN,NaN,NaN,NaN,NaN,NaN,NaN,NaN,NaN,NaN,NaN,NaN,NaN,NaN,NaN,NaN,NaN,NaN,NaN,NaN,NaN,NaN,NaN,NaN,NaN,NaN,NaN,NaN,NaN,NaN,NaN,NaN,NaN,NaN,NaN,NaN,NaN,NaN,NaN,NaN,NaN,NaN,NaN,NaN,NaN,NaN,NaN,NaN,NaN,NaN,NaN,NaN,NaN,NaN,NaN,NaN,NaN,NaN
NaN,NaN,NaN,NaN,NaN,NaN,NaN,NaN,NaN,NaN,NaN,NaN,NaN,NaN,NaN,NaN,NaN,NaN,NaN,NaN,NaN,NaN,NaN,NaN,NaN,NaN,NaN,NaN,NaN,NaN,NaN,NaN,NaN,NaN,NaN,NaN,NaN,NaN,NaN,NaN,NaN,NaN,NaN,NaN,NaN,NaN,NaN,NaN,NaN,NaN,NaN,NaN,NaN,NaN,NaN,NaN,NaN,NaN,NaN,NaN,NaN,NaN,NaN,NaN,NaN,NaN,NaN,NaN,NaN,NaN,NaN,NaN,NaN,NaN,NaN,NaN,NaN,NaN,NaN,NaN,NaN,NaN,NaN,NaN,NaN,NaN,NaN,NaN,NaN,NaN,NaN,NaN,NaN,NaN,NaN,NaN,NaN,NaN,NaN,NaN,NaN,NaN,NaN,NaN,NaN,NaN,NaN,NaN,NaN,NaN,NaN,NaN,NaN,NaN,NaN,NaN,NaN,NaN,NaN,NaN,NaN,NaN,NaN,NaN,NaN,NaN,NaN,NaN,NaN,NaN,NaN,NaN,NaN,NaN,NaN,NaN,NaN,NaN,NaN,NaN,NaN,NaN,NaN,NaN,NaN,NaN,NaN,NaN,NaN,NaN,NaN,NaN,NaN,NaN,NaN,NaN,NaN,NaN,NaN,NaN,NaN,NaN,NaN,NaN,NaN,NaN,NaN,NaN,NaN,NaN,NaN,NaN,NaN,NaN,NaN,NaN,NaN,NaN,NaN,NaN,NaN,NaN,NaN,NaN,NaN,NaN,NaN,NaN,NaN,NaN,NaN,NaN,NaN,NaN,NaN,NaN,NaN,NaN,NaN,NaN,NaN,NaN,NaN,NaN,NaN,NaN,NaN,NaN,NaN,NaN,NaN,NaN,NaN,NaN,NaN,NaN,NaN,NaN,NaN,NaN,NaN,NaN,NaN,NaN,NaN,NaN,NaN,NaN,NaN,NaN,NaN,NaN,NaN,NaN,NaN,NaN,NaN,NaN,NaN,NaN,NaN,NaN,NaN,NaN,NaN
